match_id,match_name,match_date,stage_number,stage_name,stage_uuid,shooter_name,shooter_rank_combined,shooter_percent_combined,shooter_rank_division,shooter_percent_division,division,class,member_number,power_factor,categories,stage_points,stage_points_combined,hit_factor,time,A,B,C,D,M,NPM,NS,Proc,Apen,detail_APEN,detail_Times
01b19908-0e40-429a-aa0f-a38d24ee13d3,BAPS USPSA August,2018-08-18,1,Red,11986FB4-B1DA-45B4-9144-6CC56CE8F694,Wade Pruetz,1,100.00,1,100.00,PCC,M,,MINOR,,145.0000,145.0000,9.0391,14.05,22,,5,2,,,,,,,
01b19908-0e40-429a-aa0f-a38d24ee13d3,BAPS USPSA August,2018-08-18,1,Red,11986FB4-B1DA-45B4-9144-6CC56CE8F694,Corey Slifko,2,97.97,1,100.00,Limited,A,A82935,MAJOR,,145.0000,142.0500,8.8552,15.81,24,,5,,,,,,,,
01b19908-0e40-429a-aa0f-a38d24ee13d3,BAPS USPSA August,2018-08-18,1,Red,11986FB4-B1DA-45B4-9144-6CC56CE8F694,Carey Pardue,3,95.21,2,95.21,PCC,A,A56016,MINOR,,138.0476,138.0476,8.6057,14.99,22,,6,1,,,,,,,
01b19908-0e40-429a-aa0f-a38d24ee13d3,BAPS USPSA August,2018-08-18,1,Red,11986FB4-B1DA-45B4-9144-6CC56CE8F694,Gerrit Milks,4,93.89,3,93.89,PCC,B,A67608,MINOR,,136.1371,136.1371,8.4866,16.85,28,,1,,,,,,,,
01b19908-0e40-429a-aa0f-a38d24ee13d3,BAPS USPSA August,2018-08-18,1,Red,11986FB4-B1DA-45B4-9144-6CC56CE8F694,Bob Zweck,5,85.01,1,100.00,Open,B,A94853,MAJOR,,145.0000,123.2575,7.6837,17.96,22,,7,,,,,,,,
01b19908-0e40-429a-aa0f-a38d24ee13d3,BAPS USPSA August,2018-08-18,1,Red,11986FB4-B1DA-45B4-9144-6CC56CE8F694,Robert Hollier,6,83.93,4,83.93,PCC,C,FY24941,MINOR,Senior,121.6934,121.6934,7.5862,18.85,28,,1,,,,,,,,
01b19908-0e40-429a-aa0f-a38d24ee13d3,BAPS USPSA August,2018-08-18,1,Red,11986FB4-B1DA-45B4-9144-6CC56CE8F694,Alex Goben,7,81.63,1,100.00,Carry Optics,B,A86498,MINOR,,145.0000,118.3584,7.3783,19.11,27,,2,,,,,,,,
01b19908-0e40-429a-aa0f-a38d24ee13d3,BAPS USPSA August,2018-08-18,1,Red,11986FB4-B1DA-45B4-9144-6CC56CE8F694,Roman Gwiscz,8,81.55,2,95.93,Open,B,A56629,MAJOR,,139.1009,118.2429,7.3711,19.40,27,,,,,,,,,,
01b19908-0e40-429a-aa0f-a38d24ee13d3,BAPS USPSA August,2018-08-18,1,Red,11986FB4-B1DA-45B4-9144-6CC56CE8F694,Dave Campbell,9,79.74,3,93.81,Open,M,TY26527,MAJOR,Senior,136.0173,115.6217,7.2077,18.73,21,,7,1,,,,,,,
01b19908-0e40-429a-aa0f-a38d24ee13d3,BAPS USPSA August,2018-08-18,1,Red,11986FB4-B1DA-45B4-9144-6CC56CE8F694,Albert Calderon,10,77.76,4,91.47,Open,B,A74722,MAJOR,,132.6338,112.7455,7.0284,19.35,22,,6,1,,,,,,,
01b19908-0e40-429a-aa0f-a38d24ee13d3,BAPS USPSA August,2018-08-18,1,Red,11986FB4-B1DA-45B4-9144-6CC56CE8F694,Randy Goodney,11,73.59,5,86.58,Open,C,A94852,MINOR,,125.5344,106.7107,6.6522,18.49,22,,3,4,,,,,,,
01b19908-0e40-429a-aa0f-a38d24ee13d3,BAPS USPSA August,2018-08-18,1,Red,11986FB4-B1DA-45B4-9144-6CC56CE8F694,Eddie Jimenea,12,73.01,6,85.89,Open,M,A14869,MAJOR,,124.5343,105.8605,6.5992,20.76,23,,5,1,,,,,,,
01b19908-0e40-429a-aa0f-a38d24ee13d3,BAPS USPSA August,2018-08-18,1,Red,11986FB4-B1DA-45B4-9144-6CC56CE8F694,John Nixon,13,71.51,7,84.13,Open,A,A40007,MAJOR,,121.9886,103.6966,6.4643,20.42,26,,3,,,,1,,,,
01b19908-0e40-429a-aa0f-a38d24ee13d3,BAPS USPSA August,2018-08-18,1,Red,11986FB4-B1DA-45B4-9144-6CC56CE8F694,Jon Baguio,14,70.72,2,86.63,Carry Optics,D,PENDING,MINOR,,125.6170,102.5368,6.3920,21.12,24,,5,,,,,,,,
01b19908-0e40-429a-aa0f-a38d24ee13d3,BAPS USPSA August,2018-08-18,1,Red,11986FB4-B1DA-45B4-9144-6CC56CE8F694,Henry Moreno,15,70.31,8,82.72,Open,B,XXXXXX,MAJOR,,119.9392,101.9545,6.3557,21.87,23,,6,,,,,,,,
01b19908-0e40-429a-aa0f-a38d24ee13d3,BAPS USPSA August,2018-08-18,1,Red,11986FB4-B1DA-45B4-9144-6CC56CE8F694,Marlon Poralan,16,69.57,3,85.23,Carry Optics,D,PEN,MINOR,,123.5810,100.8749,6.2884,21.15,24,,4,1,,,,,,,
01b19908-0e40-429a-aa0f-a38d24ee13d3,BAPS USPSA August,2018-08-18,1,Red,11986FB4-B1DA-45B4-9144-6CC56CE8F694,Paul Van  wyk,17,69.23,5,69.23,PCC,,,MINOR,,100.3888,100.3888,6.2581,15.50,23,,4,,2,,1,,,,
01b19908-0e40-429a-aa0f-a38d24ee13d3,BAPS USPSA August,2018-08-18,1,Red,11986FB4-B1DA-45B4-9144-6CC56CE8F694,Gary Owens,18,68.96,9,81.13,Open,C,FY101331,MAJOR,,117.6388,99.9990,6.2338,23.10,28,,1,,,,,,,,
01b19908-0e40-429a-aa0f-a38d24ee13d3,BAPS USPSA August,2018-08-18,1,Red,11986FB4-B1DA-45B4-9144-6CC56CE8F694,Mike Junco,19,68.77,1,100.00,Production,A,A107182,MINOR,,145.0000,99.7103,6.2158,20.11,20,,8,1,,,,,,,
01b19908-0e40-429a-aa0f-a38d24ee13d3,BAPS USPSA August,2018-08-18,1,Red,11986FB4-B1DA-45B4-9144-6CC56CE8F694,Doug Dillon,20,68.21,2,69.63,Limited,B,A71359,MINOR,Law Enforcement,100.9655,98.9114,6.1660,21.57,23,,6,,,,,,,,
01b19908-0e40-429a-aa0f-a38d24ee13d3,BAPS USPSA August,2018-08-18,1,Red,11986FB4-B1DA-45B4-9144-6CC56CE8F694,JAY-R DELOS-SANTOS,21,68.01,4,83.31,Carry Optics,C,A70297,MINOR,,120.8042,98.6082,6.1471,20.66,25,,4,,,,1,,,,
01b19908-0e40-429a-aa0f-a38d24ee13d3,BAPS USPSA August,2018-08-18,1,Red,11986FB4-B1DA-45B4-9144-6CC56CE8F694,Andrew Tacquard,22,67.82,3,69.23,Limited,U,L4517,MAJOR,Military,100.3810,98.3387,6.1303,23.49,28,,1,,,,,,,,
01b19908-0e40-429a-aa0f-a38d24ee13d3,BAPS USPSA August,2018-08-18,1,Red,11986FB4-B1DA-45B4-9144-6CC56CE8F694,Scott Ragsdale,23,67.54,2,98.22,Production,U,A91297,MINOR,,142.4200,97.9361,6.1052,22.44,25,,4,,,,,,,,
01b19908-0e40-429a-aa0f-a38d24ee13d3,BAPS USPSA August,2018-08-18,1,Red,11986FB4-B1DA-45B4-9144-6CC56CE8F694,Jerry McClain,24,66.65,4,68.04,Limited,B,,MAJOR,,98.6518,96.6447,6.0247,21.08,23,,5,1,,,1,,,,
01b19908-0e40-429a-aa0f-a38d24ee13d3,BAPS USPSA August,2018-08-18,1,Red,11986FB4-B1DA-45B4-9144-6CC56CE8F694,David Chow,25,66.40,3,96.56,Production,,A100573,MINOR,,140.0079,96.2774,6.0018,22.16,24,,4,1,,,,,,,
01b19908-0e40-429a-aa0f-a38d24ee13d3,BAPS USPSA August,2018-08-18,1,Red,11986FB4-B1DA-45B4-9144-6CC56CE8F694,Jimmy Romero,26,65.44,6,65.44,PCC,D,A80274,MINOR,,94.8914,94.8914,5.9154,23.16,25,,4,,,,,,,,
01b19908-0e40-429a-aa0f-a38d24ee13d3,BAPS USPSA August,2018-08-18,1,Red,11986FB4-B1DA-45B4-9144-6CC56CE8F694,Eric Castillo,27,63.62,5,64.94,Limited,,A87497,MINOR,,94.1619,92.2462,5.7505,20.52,22,,5,,1,,,,,,
01b19908-0e40-429a-aa0f-a38d24ee13d3,BAPS USPSA August,2018-08-18,1,Red,11986FB4-B1DA-45B4-9144-6CC56CE8F694,Danny Naramore,28,63.52,10,74.72,Open,B,PEN,MINOR,,108.3466,92.1002,5.7414,22.12,20,,9,,,,,,,,
01b19908-0e40-429a-aa0f-a38d24ee13d3,BAPS USPSA August,2018-08-18,1,Red,11986FB4-B1DA-45B4-9144-6CC56CE8F694,Juliann Milks,29,62.70,7,62.70,PCC,,A110188,MINOR,,90.9083,90.9083,5.6671,22.41,21,,7,1,,,,,,,
01b19908-0e40-429a-aa0f-a38d24ee13d3,BAPS USPSA August,2018-08-18,1,Red,11986FB4-B1DA-45B4-9144-6CC56CE8F694,Jacob Robbins,30,62.55,4,90.96,Production,B,TY100679,MINOR,,131.8852,90.6918,5.6536,24.94,27,,2,,,,,,,,
01b19908-0e40-429a-aa0f-a38d24ee13d3,BAPS USPSA August,2018-08-18,1,Red,11986FB4-B1DA-45B4-9144-6CC56CE8F694,Eric Prehn,31,62.48,8,62.48,PCC,,TY93797,MINOR,,90.5955,90.5955,5.6476,23.55,24,,4,1,,,,,,,
01b19908-0e40-429a-aa0f-a38d24ee13d3,BAPS USPSA August,2018-08-18,1,Red,11986FB4-B1DA-45B4-9144-6CC56CE8F694,Jay Bennett,32,62.28,9,62.28,PCC,A,A77156,MINOR,,90.3100,90.3100,5.6298,24.69,27,,1,1,,,,,,,
01b19908-0e40-429a-aa0f-a38d24ee13d3,BAPS USPSA August,2018-08-18,1,Red,11986FB4-B1DA-45B4-9144-6CC56CE8F694,Dave Eickhoff,33,61.49,5,75.33,Carry Optics,C,TY5063,MINOR,,109.2231,89.1550,5.5578,24.29,25,,3,1,,,,,,,
01b19908-0e40-429a-aa0f-a38d24ee13d3,BAPS USPSA August,2018-08-18,1,Red,11986FB4-B1DA-45B4-9144-6CC56CE8F694,Tony Phan,34,61.01,6,62.27,Limited,A,FY11963,MINOR,,90.2975,88.4604,5.5145,20.31,24,,4,,1,,1,,,,
01b19908-0e40-429a-aa0f-a38d24ee13d3,BAPS USPSA August,2018-08-18,1,Red,11986FB4-B1DA-45B4-9144-6CC56CE8F694,Mick Sambasile,35,60.98,11,71.74,Open,none,TY47665,MAJOR,,104.0195,88.4219,5.5121,25.58,25,,4,,,,,,,,
01b19908-0e40-429a-aa0f-a38d24ee13d3,BAPS USPSA August,2018-08-18,1,Red,11986FB4-B1DA-45B4-9144-6CC56CE8F694,Brandon Hill,36,60.36,1,100.00,Revolver,M,TY80518,MINOR,,145.0000,87.5204,5.4559,26.21,28,,1,,,,,,,,
01b19908-0e40-429a-aa0f-a38d24ee13d3,BAPS USPSA August,2018-08-18,1,Red,11986FB4-B1DA-45B4-9144-6CC56CE8F694,John Austria,37,60.09,5,87.38,Production,B,FY82746,MINOR,,126.6971,87.1242,5.4312,20.99,22,,4,2,1,,,,,,
01b19908-0e40-429a-aa0f-a38d24ee13d3,BAPS USPSA August,2018-08-18,1,Red,11986FB4-B1DA-45B4-9144-6CC56CE8F694,Anthony Smallwood,38,58.77,12,69.14,Open,U,7878,MAJOR,Senior,100.2566,85.2233,5.3127,26.54,25,,4,,,,,,,,
01b19908-0e40-429a-aa0f-a38d24ee13d3,BAPS USPSA August,2018-08-18,1,Red,11986FB4-B1DA-45B4-9144-6CC56CE8F694,Tyler Jones,39,58.67,10,58.67,PCC,,,MINOR,,85.0741,85.0741,5.3034,23.57,19,,10,,,,,,,,
01b19908-0e40-429a-aa0f-a38d24ee13d3,BAPS USPSA August,2018-08-18,1,Red,11986FB4-B1DA-45B4-9144-6CC56CE8F694,Gary Wu,40,58.47,6,85.03,Production,B,L2998,MINOR,,123.2983,84.7869,5.2855,25.92,25,,4,,,,,,,,
01b19908-0e40-429a-aa0f-a38d24ee13d3,BAPS USPSA August,2018-08-18,1,Red,11986FB4-B1DA-45B4-9144-6CC56CE8F694,John Grimm,41,58.09,7,59.30,Limited,A,FY26952,MAJOR,,85.9812,84.2319,5.2509,25.71,21,,7,1,,,,,,,
01b19908-0e40-429a-aa0f-a38d24ee13d3,BAPS USPSA August,2018-08-18,1,Red,11986FB4-B1DA-45B4-9144-6CC56CE8F694,Matt Lem,42,58.02,7,84.38,Production,A,TY34763,MINOR,,122.3512,84.1356,5.2449,20.21,23,,3,2,1,,1,,,,
01b19908-0e40-429a-aa0f-a38d24ee13d3,BAPS USPSA August,2018-08-18,1,Red,11986FB4-B1DA-45B4-9144-6CC56CE8F694,Duane Mendoza,43,56.12,6,68.75,Carry Optics,U,TY98162,MINOR,,99.6898,81.3733,5.0727,25.43,21,,8,,,,,,,,
01b19908-0e40-429a-aa0f-a38d24ee13d3,BAPS USPSA August,2018-08-18,1,Red,11986FB4-B1DA-45B4-9144-6CC56CE8F694,Deryle Lowery,44,55.89,8,81.28,Production,B,L2881,MINOR,,117.8536,81.0429,5.0521,25.93,22,,7,,,,,,,,
01b19908-0e40-429a-aa0f-a38d24ee13d3,BAPS USPSA August,2018-08-18,1,Red,11986FB4-B1DA-45B4-9144-6CC56CE8F694,Paul Felker,45,55.78,7,68.34,Carry Optics,B,A107123,MINOR,,99.0865,80.8808,5.0420,23.80,24,,3,1,1,,,,,,
01b19908-0e40-429a-aa0f-a38d24ee13d3,BAPS USPSA August,2018-08-18,1,Red,11986FB4-B1DA-45B4-9144-6CC56CE8F694,Jeff Reeves,46,55.78,13,65.62,Open,U,A113620,MINOR,,95.1425,80.8760,5.0417,26.38,23,,5,,,,,,,,
01b19908-0e40-429a-aa0f-a38d24ee13d3,BAPS USPSA August,2018-08-18,1,Red,11986FB4-B1DA-45B4-9144-6CC56CE8F694,Richard Dillow,47,55.69,8,56.84,Limited,C,FY57446,MAJOR,Senior; Super Senior,82.4246,80.7477,5.0337,28.21,26,,3,,,,,,,,
01b19908-0e40-429a-aa0f-a38d24ee13d3,BAPS USPSA August,2018-08-18,1,Red,11986FB4-B1DA-45B4-9144-6CC56CE8F694,Michael Pontious,48,54.86,9,55.99,Limited,C,TY94575,MAJOR,,81.1916,79.5398,4.9584,27.63,23,,4,1,,,,,,,
01b19908-0e40-429a-aa0f-a38d24ee13d3,BAPS USPSA August,2018-08-18,1,Red,11986FB4-B1DA-45B4-9144-6CC56CE8F694,Robert Bui,49,53.88,9,78.35,Production,,A103016,MINOR,,113.6033,78.1201,4.8699,26.90,24,,3,2,,,,,,,
01b19908-0e40-429a-aa0f-a38d24ee13d3,BAPS USPSA August,2018-08-18,1,Red,11986FB4-B1DA-45B4-9144-6CC56CE8F694,Jim Duncan,50,53.24,10,77.42,Production,B,TY33325,MINOR,Senior,112.2550,77.1929,4.8121,28.47,26,,2,1,,,,,,,
01b19908-0e40-429a-aa0f-a38d24ee13d3,BAPS USPSA August,2018-08-18,1,Red,11986FB4-B1DA-45B4-9144-6CC56CE8F694,Davis Moore,51,52.61,11,52.61,PCC,U,A112940,MINOR,,76.2834,76.2834,4.7554,29.23,26,,3,,,,,,,,
01b19908-0e40-429a-aa0f-a38d24ee13d3,BAPS USPSA August,2018-08-18,1,Red,11986FB4-B1DA-45B4-9144-6CC56CE8F694,William Chan,52,52.12,10,53.20,Limited,D,TY97870,MINOR,,77.1438,75.5743,4.7112,17.83,20,,4,2,3,,,,,,
01b19908-0e40-429a-aa0f-a38d24ee13d3,BAPS USPSA August,2018-08-18,1,Red,11986FB4-B1DA-45B4-9144-6CC56CE8F694,Covan Master,53,51.88,12,51.88,PCC,U,A111536,MINOR,,75.2198,75.2198,4.6891,28.79,24,,5,,,,,,,,
01b19908-0e40-429a-aa0f-a38d24ee13d3,BAPS USPSA August,2018-08-18,1,Red,11986FB4-B1DA-45B4-9144-6CC56CE8F694,Johnny Taylor,54,51.29,13,51.29,PCC,none,TY83964,MINOR,,74.3680,74.3680,4.6360,29.12,24,,5,,,,,,,,
01b19908-0e40-429a-aa0f-a38d24ee13d3,BAPS USPSA August,2018-08-18,1,Red,11986FB4-B1DA-45B4-9144-6CC56CE8F694,Steve Deardorff,55,50.43,11,73.33,Production,B,TY16844,MINOR,,106.3344,73.1216,4.5583,28.30,22,,6,1,,,,,,,
01b19908-0e40-429a-aa0f-a38d24ee13d3,BAPS USPSA August,2018-08-18,1,Red,11986FB4-B1DA-45B4-9144-6CC56CE8F694,JW Aguirre,56,48.70,2,80.68,Revolver,C,A87708,MINOR,Junior,116.9828,70.6095,4.4017,30.67,24,,5,,,,,,,,
01b19908-0e40-429a-aa0f-a38d24ee13d3,BAPS USPSA August,2018-08-18,1,Red,11986FB4-B1DA-45B4-9144-6CC56CE8F694,Michael Henss,57,48.59,11,49.60,Limited,C,A59966,MINOR,,71.9236,70.4603,4.3924,27.32,24,,3,1,1,,,,,,
01b19908-0e40-429a-aa0f-a38d24ee13d3,BAPS USPSA August,2018-08-18,1,Red,11986FB4-B1DA-45B4-9144-6CC56CE8F694,Michael Whitley,58,47.08,12,68.47,Production,U,A111091,MINOR,,99.2825,68.2723,4.2560,31.25,23,,6,,,,,,,,
01b19908-0e40-429a-aa0f-a38d24ee13d3,BAPS USPSA August,2018-08-18,1,Red,11986FB4-B1DA-45B4-9144-6CC56CE8F694,Jay Olmstead,59,46.94,14,46.94,PCC,B,L3738,MINOR,Super Senior,68.0686,68.0686,4.2433,33.70,28,,1,,,,,,,,
01b19908-0e40-429a-aa0f-a38d24ee13d3,BAPS USPSA August,2018-08-18,1,Red,11986FB4-B1DA-45B4-9144-6CC56CE8F694,Bill Kinstley,60,45.68,12,46.63,Limited,C,A104836,MAJOR,,67.6155,66.2398,4.1293,33.42,24,,4,1,,,,,,,
01b19908-0e40-429a-aa0f-a38d24ee13d3,BAPS USPSA August,2018-08-18,1,Red,11986FB4-B1DA-45B4-9144-6CC56CE8F694,Ricky Wiley,61,44.19,8,54.14,Carry Optics,U,A91320,MINOR,,78.4988,64.0758,3.9944,35.80,28,,1,,,,,,,,
01b19908-0e40-429a-aa0f-a38d24ee13d3,BAPS USPSA August,2018-08-18,1,Red,11986FB4-B1DA-45B4-9144-6CC56CE8F694,Tom Donahue,62,42.08,9,51.55,Carry Optics,U,TY69009,MINOR,,74.7453,61.0119,3.8034,36.02,26,,2,1,,,,,,,
01b19908-0e40-429a-aa0f-a38d24ee13d3,BAPS USPSA August,2018-08-18,1,Red,11986FB4-B1DA-45B4-9144-6CC56CE8F694,Emanuel Alcoseba,63,40.77,13,41.62,Limited,C,,MAJOR,,60.3468,59.1190,3.6854,34.46,21,,8,,,,1,,,,
01b19908-0e40-429a-aa0f-a38d24ee13d3,BAPS USPSA August,2018-08-18,1,Red,11986FB4-B1DA-45B4-9144-6CC56CE8F694,Jerry Bedro,64,39.96,14,40.79,Limited,,A98263,MAJOR,,59.1482,57.9448,3.6122,31.56,22,,6,,1,,1,,,,
01b19908-0e40-429a-aa0f-a38d24ee13d3,BAPS USPSA August,2018-08-18,1,Red,11986FB4-B1DA-45B4-9144-6CC56CE8F694,Steve McNamara,65,39.54,15,40.37,Limited,C,,MAJOR,,58.5309,57.3401,3.5745,34.97,23,,5,,1,,,,,,
01b19908-0e40-429a-aa0f-a38d24ee13d3,BAPS USPSA August,2018-08-18,1,Red,11986FB4-B1DA-45B4-9144-6CC56CE8F694,Pat Byrne,66,39.49,13,57.43,Production,B,FY93921,MINOR,,83.2704,57.2615,3.5696,38.94,26,,3,,,,,,,,
01b19908-0e40-429a-aa0f-a38d24ee13d3,BAPS USPSA August,2018-08-18,1,Red,11986FB4-B1DA-45B4-9144-6CC56CE8F694,Ralph Burbe,67,39.11,10,47.91,Carry Optics,U,A83904,MINOR,,69.4667,56.7032,3.5348,28.29,20,,6,2,1,,1,,,,
01b19908-0e40-429a-aa0f-a38d24ee13d3,BAPS USPSA August,2018-08-18,1,Red,11986FB4-B1DA-45B4-9144-6CC56CE8F694,Jeff Taschner,68,38.53,16,39.33,Limited,U,A113659,MINOR,,57.0293,55.8691,3.4828,26.99,23,,3,,3,,,,,,
01b19908-0e40-429a-aa0f-a38d24ee13d3,BAPS USPSA August,2018-08-18,1,Red,11986FB4-B1DA-45B4-9144-6CC56CE8F694,Rob Moore,69,38.43,15,38.43,PCC,U,,MINOR,,55.7199,55.7199,3.4735,38.29,23,,6,,,,,,,,
01b19908-0e40-429a-aa0f-a38d24ee13d3,BAPS USPSA August,2018-08-18,1,Red,11986FB4-B1DA-45B4-9144-6CC56CE8F694,Mickey Gallaway,70,37.44,17,38.22,Limited,B,FY556,MAJOR,Super Senior,55.4197,54.2922,3.3845,31.91,20,,7,,2,,,,,,
01b19908-0e40-429a-aa0f-a38d24ee13d3,BAPS USPSA August,2018-08-18,1,Red,11986FB4-B1DA-45B4-9144-6CC56CE8F694,Jeffrey Polk,71,35.33,14,51.38,Production,C,A104167,MINOR,,74.4968,51.2283,3.1935,36.95,23,,4,1,1,,,,,,
01b19908-0e40-429a-aa0f-a38d24ee13d3,BAPS USPSA August,2018-08-18,1,Red,11986FB4-B1DA-45B4-9144-6CC56CE8F694,Ryan Alicaya,72,32.06,18,32.73,Limited,D,A106355,MAJOR,,47.4535,46.4880,2.8980,27.26,19,,6,,4,,,,,,
01b19908-0e40-429a-aa0f-a38d24ee13d3,BAPS USPSA August,2018-08-18,1,Red,11986FB4-B1DA-45B4-9144-6CC56CE8F694,Jim Dieckow,73,27.83,16,27.83,PCC,,,MINOR,,40.3602,40.3602,2.5160,46.90,22,,6,,1,,,,,,
01b19908-0e40-429a-aa0f-a38d24ee13d3,BAPS USPSA August,2018-08-18,1,Red,11986FB4-B1DA-45B4-9144-6CC56CE8F694,Herman Waddy,74,27.42,15,39.88,Production,C,A101165,MINOR,,57.8246,39.7635,2.4788,44.78,25,,2,,2,,,,,,
01b19908-0e40-429a-aa0f-a38d24ee13d3,BAPS USPSA August,2018-08-18,1,Red,11986FB4-B1DA-45B4-9144-6CC56CE8F694,Kevin Fontenot,75,22.71,16,33.02,Production,U,A112054,MINOR,,47.8823,32.9266,2.0526,52.13,23,,4,,2,,,,,,
01b19908-0e40-429a-aa0f-a38d24ee13d3,BAPS USPSA August,2018-08-18,1,Red,11986FB4-B1DA-45B4-9144-6CC56CE8F694,Michael Martin,76,21.19,1,100.00,Single Stack,,8551,MAJOR,,145.0000,30.7322,1.9158,65.77,16,,9,3,,,,,,,
01b19908-0e40-429a-aa0f-a38d24ee13d3,BAPS USPSA August,2018-08-18,1,Red,11986FB4-B1DA-45B4-9144-6CC56CE8F694,Albert Molina,77,19.21,17,27.94,Production,D,A107586,MINOR,,40.5085,27.8559,1.7365,58.74,19,,9,,1,,1,,,,
01b19908-0e40-429a-aa0f-a38d24ee13d3,BAPS USPSA August,2018-08-18,1,Red,11986FB4-B1DA-45B4-9144-6CC56CE8F694,Travis Richard,78,18.96,18,27.57,Production,,,MINOR,,39.9766,27.4902,1.7137,41.43,18,,5,,4,,,,,,
01b19908-0e40-429a-aa0f-a38d24ee13d3,BAPS USPSA August,2018-08-18,1,Red,11986FB4-B1DA-45B4-9144-6CC56CE8F694,Shane Jones,79,15.09,19,21.95,Production,,TY101533,MINOR,,31.8259,21.8853,1.3643,71.10,20,,5,2,2,,,,,,
01b19908-0e40-429a-aa0f-a38d24ee13d3,BAPS USPSA August,2018-08-18,1,Red,11986FB4-B1DA-45B4-9144-6CC56CE8F694,Ron Potier,80,11.21,19,11.44,Limited,U,TY113089,MINOR,,16.5891,16.2516,1.0131,71.07,19,,5,2,3,,1,,,,
01b19908-0e40-429a-aa0f-a38d24ee13d3,BAPS USPSA August,2018-08-18,2,Orange,7BFEED1C-1A84-40F2-AB2F-DE89B93F1E4E,Wade Pruetz,1,100.00,1,100.00,PCC,M,,MINOR,,120.0000,120.0000,9.7473,11.08,19,,4,1,,,,,,,
01b19908-0e40-429a-aa0f-a38d24ee13d3,BAPS USPSA August,2018-08-18,2,Orange,7BFEED1C-1A84-40F2-AB2F-DE89B93F1E4E,Carey Pardue,2,86.34,2,86.34,PCC,A,A56016,MINOR,,103.6078,103.6078,8.4158,12.12,16,,7,1,,,,,,,
01b19908-0e40-429a-aa0f-a38d24ee13d3,BAPS USPSA August,2018-08-18,2,Orange,7BFEED1C-1A84-40F2-AB2F-DE89B93F1E4E,Gerrit Milks,3,80.26,3,80.26,PCC,B,A67608,MINOR,,96.3147,96.3147,7.8234,12.91,21,,2,,1,,,,,,
01b19908-0e40-429a-aa0f-a38d24ee13d3,BAPS USPSA August,2018-08-18,2,Orange,7BFEED1C-1A84-40F2-AB2F-DE89B93F1E4E,Roman Gwiscz,4,76.59,1,100.00,Open,B,A56629,MAJOR,,120.0000,91.9098,7.4656,15.27,18,,6,,,,,,,,
01b19908-0e40-429a-aa0f-a38d24ee13d3,BAPS USPSA August,2018-08-18,2,Orange,7BFEED1C-1A84-40F2-AB2F-DE89B93F1E4E,Bob Zweck,5,75.92,2,99.13,Open,B,A94853,MAJOR,,118.9520,91.1071,7.4004,15.81,23,,,1,,,,,,,
01b19908-0e40-429a-aa0f-a38d24ee13d3,BAPS USPSA August,2018-08-18,2,Orange,7BFEED1C-1A84-40F2-AB2F-DE89B93F1E4E,Paul Van  wyk,6,73.56,4,73.56,PCC,,,MINOR,,88.2768,88.2768,7.1705,10.32,14,,8,,2,,,,,,
01b19908-0e40-429a-aa0f-a38d24ee13d3,BAPS USPSA August,2018-08-18,2,Orange,7BFEED1C-1A84-40F2-AB2F-DE89B93F1E4E,Robert Hollier,7,72.02,5,72.02,PCC,C,FY24941,MINOR,Senior,86.4227,86.4227,7.0199,15.10,17,,7,,,,,,,,
01b19908-0e40-429a-aa0f-a38d24ee13d3,BAPS USPSA August,2018-08-18,2,Orange,7BFEED1C-1A84-40F2-AB2F-DE89B93F1E4E,Jay Bennett,8,71.76,6,71.76,PCC,A,A77156,MINOR,,86.1125,86.1125,6.9947,16.87,23,,1,,,,,,,,
01b19908-0e40-429a-aa0f-a38d24ee13d3,BAPS USPSA August,2018-08-18,2,Orange,7BFEED1C-1A84-40F2-AB2F-DE89B93F1E4E,Covan Master,9,70.97,7,70.97,PCC,U,A111536,MINOR,,85.1620,85.1620,6.9175,16.48,21,,3,,,,,,,,
01b19908-0e40-429a-aa0f-a38d24ee13d3,BAPS USPSA August,2018-08-18,2,Orange,7BFEED1C-1A84-40F2-AB2F-DE89B93F1E4E,John Nixon,10,70.48,3,92.02,Open,A,A40007,MAJOR,,110.4297,84.5797,6.8702,17.03,21,,3,,,,,,,,
01b19908-0e40-429a-aa0f-a38d24ee13d3,BAPS USPSA August,2018-08-18,2,Orange,7BFEED1C-1A84-40F2-AB2F-DE89B93F1E4E,Albert Calderon,11,67.43,4,88.03,Open,B,A74722,MAJOR,,105.6397,80.9110,6.5722,17.65,20,,4,,,,,,,,
01b19908-0e40-429a-aa0f-a38d24ee13d3,BAPS USPSA August,2018-08-18,2,Orange,7BFEED1C-1A84-40F2-AB2F-DE89B93F1E4E,Mike Junco,12,66.58,1,100.00,Production,A,A107182,MINOR,,120.0000,79.8990,6.4900,18.49,24,,,,,,,,,,
01b19908-0e40-429a-aa0f-a38d24ee13d3,BAPS USPSA August,2018-08-18,2,Orange,7BFEED1C-1A84-40F2-AB2F-DE89B93F1E4E,Anthony Smallwood,13,66.23,5,86.47,Open,U,7878,MAJOR,Senior,103.7607,79.4719,6.4553,17.66,18,,6,,,,,,,,
01b19908-0e40-429a-aa0f-a38d24ee13d3,BAPS USPSA August,2018-08-18,2,Orange,7BFEED1C-1A84-40F2-AB2F-DE89B93F1E4E,JW Aguirre,14,64.70,1,100.00,Revolver,C,A87708,MINOR,Junior,120.0000,77.6449,6.3069,16.49,17,,6,1,,,,,,,
01b19908-0e40-429a-aa0f-a38d24ee13d3,BAPS USPSA August,2018-08-18,2,Orange,7BFEED1C-1A84-40F2-AB2F-DE89B93F1E4E,Davis Moore,15,64.39,8,64.39,PCC,U,A112940,MINOR,,77.2632,77.2632,6.2759,16.89,17,,7,,,,,,,,
01b19908-0e40-429a-aa0f-a38d24ee13d3,BAPS USPSA August,2018-08-18,2,Orange,7BFEED1C-1A84-40F2-AB2F-DE89B93F1E4E,Alex Goben,16,63.05,1,100.00,Carry Optics,B,A86498,MINOR,,120.0000,75.6554,6.1453,16.11,20,,3,,1,,,,,,
01b19908-0e40-429a-aa0f-a38d24ee13d3,BAPS USPSA August,2018-08-18,2,Orange,7BFEED1C-1A84-40F2-AB2F-DE89B93F1E4E,Randy Goodney,17,62.70,6,81.86,Open,C,A94852,MINOR,,98.2346,75.2393,6.1115,14.89,17,,5,1,1,,,,,,
01b19908-0e40-429a-aa0f-a38d24ee13d3,BAPS USPSA August,2018-08-18,2,Orange,7BFEED1C-1A84-40F2-AB2F-DE89B93F1E4E,Jimmy Romero,18,62.47,9,62.47,PCC,D,A80274,MINOR,,74.9598,74.9598,6.0888,19.38,23,,1,,,,,,,,
01b19908-0e40-429a-aa0f-a38d24ee13d3,BAPS USPSA August,2018-08-18,2,Orange,7BFEED1C-1A84-40F2-AB2F-DE89B93F1E4E,Eric Prehn,19,61.65,10,61.65,PCC,,TY93797,MINOR,,73.9848,73.9848,6.0096,16.64,14,,10,,,,,,,,
01b19908-0e40-429a-aa0f-a38d24ee13d3,BAPS USPSA August,2018-08-18,2,Orange,7BFEED1C-1A84-40F2-AB2F-DE89B93F1E4E,Gary Wu,20,61.25,2,91.99,Production,B,L2998,MINOR,,110.3871,73.4985,5.9701,18.76,20,,4,,,,,,,,
01b19908-0e40-429a-aa0f-a38d24ee13d3,BAPS USPSA August,2018-08-18,2,Orange,7BFEED1C-1A84-40F2-AB2F-DE89B93F1E4E,Henry Moreno,21,60.99,7,79.63,Open,B,XXXXXX,MAJOR,,95.5615,73.1920,5.9452,14.97,11,,10,2,1,,,,,,
01b19908-0e40-429a-aa0f-a38d24ee13d3,BAPS USPSA August,2018-08-18,2,Orange,7BFEED1C-1A84-40F2-AB2F-DE89B93F1E4E,Dave Campbell,22,58.73,8,76.69,Open,M,TY26527,MAJOR,Senior,92.0221,70.4811,5.7250,16.07,12,,10,1,1,,,,,,
01b19908-0e40-429a-aa0f-a38d24ee13d3,BAPS USPSA August,2018-08-18,2,Orange,7BFEED1C-1A84-40F2-AB2F-DE89B93F1E4E,Jerry McClain,23,58.50,1,100.00,Limited,B,,MAJOR,,120.0000,70.2041,5.7025,17.01,17,,5,1,1,,,,,,
01b19908-0e40-429a-aa0f-a38d24ee13d3,BAPS USPSA August,2018-08-18,2,Orange,7BFEED1C-1A84-40F2-AB2F-DE89B93F1E4E,Duane Mendoza,24,58.46,2,92.73,Carry Optics,U,TY98162,MINOR,,111.2772,70.1560,5.6986,18.25,17,,6,1,,,,,,,
01b19908-0e40-429a-aa0f-a38d24ee13d3,BAPS USPSA August,2018-08-18,2,Orange,7BFEED1C-1A84-40F2-AB2F-DE89B93F1E4E,Scott Ragsdale,25,58.12,3,87.29,Production,U,A91297,MINOR,,104.7532,69.7473,5.6654,18.71,19,,3,2,,,,,,,
01b19908-0e40-429a-aa0f-a38d24ee13d3,BAPS USPSA August,2018-08-18,2,Orange,7BFEED1C-1A84-40F2-AB2F-DE89B93F1E4E,Gary Owens,26,57.33,9,74.86,Open,C,FY101331,MAJOR,,89.8264,68.7994,5.5884,15.21,17,,5,,2,,,,,,
01b19908-0e40-429a-aa0f-a38d24ee13d3,BAPS USPSA August,2018-08-18,2,Orange,7BFEED1C-1A84-40F2-AB2F-DE89B93F1E4E,John Austria,27,57.13,4,85.81,Production,B,FY82746,MINOR,,102.9689,68.5593,5.5689,16.70,17,,6,,1,,,,,,
01b19908-0e40-429a-aa0f-a38d24ee13d3,BAPS USPSA August,2018-08-18,2,Orange,7BFEED1C-1A84-40F2-AB2F-DE89B93F1E4E,Eddie Jimenea,28,56.93,10,74.33,Open,M,A14869,MAJOR,,89.1979,68.3180,5.5493,17.66,18,,4,1,1,,,,,,
01b19908-0e40-429a-aa0f-a38d24ee13d3,BAPS USPSA August,2018-08-18,2,Orange,7BFEED1C-1A84-40F2-AB2F-DE89B93F1E4E,Jon Baguio,29,56.68,3,89.91,Carry Optics,D,PENDING,MINOR,,107.8912,68.0213,5.5252,18.28,21,,2,,1,,,,,,
01b19908-0e40-429a-aa0f-a38d24ee13d3,BAPS USPSA August,2018-08-18,2,Orange,7BFEED1C-1A84-40F2-AB2F-DE89B93F1E4E,Juliann Milks,30,56.58,11,56.58,PCC,,A110188,MINOR,,67.8945,67.8945,5.5149,17.77,15,,7,2,,,,,,,
01b19908-0e40-429a-aa0f-a38d24ee13d3,BAPS USPSA August,2018-08-18,2,Orange,7BFEED1C-1A84-40F2-AB2F-DE89B93F1E4E,Ricky Wiley,31,55.43,4,87.92,Carry Optics,U,A91320,MINOR,,105.4992,66.5132,5.4027,19.99,18,,6,,,,,,,,
01b19908-0e40-429a-aa0f-a38d24ee13d3,BAPS USPSA August,2018-08-18,2,Orange,7BFEED1C-1A84-40F2-AB2F-DE89B93F1E4E,Johnny Taylor,32,55.18,12,55.18,PCC,none,TY83964,MINOR,,66.2190,66.2190,5.3788,17.29,18,,4,1,1,,,,,,
01b19908-0e40-429a-aa0f-a38d24ee13d3,BAPS USPSA August,2018-08-18,2,Orange,7BFEED1C-1A84-40F2-AB2F-DE89B93F1E4E,Tony Phan,33,55.17,2,94.30,Limited,A,FY11963,MINOR,,113.1609,66.2029,5.3775,19.34,17,,6,1,,,,,,,
01b19908-0e40-429a-aa0f-a38d24ee13d3,BAPS USPSA August,2018-08-18,2,Orange,7BFEED1C-1A84-40F2-AB2F-DE89B93F1E4E,Doug Dillon,34,55.10,3,94.19,Limited,B,A71359,MINOR,Law Enforcement,113.0241,66.1229,5.3710,21.97,23,,1,,,,,,,,
01b19908-0e40-429a-aa0f-a38d24ee13d3,BAPS USPSA August,2018-08-18,2,Orange,7BFEED1C-1A84-40F2-AB2F-DE89B93F1E4E,Mick Sambasile,35,54.93,11,71.72,Open,none,TY47665,MAJOR,,86.0684,65.9210,5.3546,21.29,18,,6,,,,,,,,
01b19908-0e40-429a-aa0f-a38d24ee13d3,BAPS USPSA August,2018-08-18,2,Orange,7BFEED1C-1A84-40F2-AB2F-DE89B93F1E4E,Tyler Jones,36,52.81,13,52.81,PCC,,,MINOR,,63.3726,63.3726,5.1476,14.57,11,,9,3,1,,,,,,
01b19908-0e40-429a-aa0f-a38d24ee13d3,BAPS USPSA August,2018-08-18,2,Orange,7BFEED1C-1A84-40F2-AB2F-DE89B93F1E4E,JAY-R DELOS-SANTOS,37,52.73,5,83.64,Carry Optics,C,A70297,MINOR,,100.3655,63.2766,5.1398,22.18,21,,3,,,,,,,,
01b19908-0e40-429a-aa0f-a38d24ee13d3,BAPS USPSA August,2018-08-18,2,Orange,7BFEED1C-1A84-40F2-AB2F-DE89B93F1E4E,Rob Moore,38,51.62,14,51.62,PCC,U,,MINOR,,61.9421,61.9421,5.0314,19.08,14,,8,2,,,,,,,
01b19908-0e40-429a-aa0f-a38d24ee13d3,BAPS USPSA August,2018-08-18,2,Orange,7BFEED1C-1A84-40F2-AB2F-DE89B93F1E4E,Corey Slifko,39,51.47,4,87.97,Limited,A,A82935,MAJOR,,105.5684,61.7611,5.0167,17.94,14,,6,3,1,,,,,,
01b19908-0e40-429a-aa0f-a38d24ee13d3,BAPS USPSA August,2018-08-18,2,Orange,7BFEED1C-1A84-40F2-AB2F-DE89B93F1E4E,Michael Pontious,40,50.91,5,87.02,Limited,C,TY94575,MAJOR,,104.4237,61.0914,4.9623,22.57,18,,5,1,,,,,,,
01b19908-0e40-429a-aa0f-a38d24ee13d3,BAPS USPSA August,2018-08-18,2,Orange,7BFEED1C-1A84-40F2-AB2F-DE89B93F1E4E,Jeff Reeves,41,50.62,12,66.09,Open,U,A113620,MINOR,,79.3029,60.7393,4.9337,18.85,17,,6,,1,,,,,,
01b19908-0e40-429a-aa0f-a38d24ee13d3,BAPS USPSA August,2018-08-18,2,Orange,7BFEED1C-1A84-40F2-AB2F-DE89B93F1E4E,Andrew Tacquard,42,50.58,6,86.46,Limited,U,L4517,MAJOR,Military,103.7503,60.6974,4.9303,20.08,17,,6,,1,,,,,,
01b19908-0e40-429a-aa0f-a38d24ee13d3,BAPS USPSA August,2018-08-18,2,Orange,7BFEED1C-1A84-40F2-AB2F-DE89B93F1E4E,Marlon Poralan,43,50.39,6,79.92,Carry Optics,D,PEN,MINOR,,95.9094,60.4672,4.9116,20.36,16,,6,2,,,,,,,
01b19908-0e40-429a-aa0f-a38d24ee13d3,BAPS USPSA August,2018-08-18,2,Orange,7BFEED1C-1A84-40F2-AB2F-DE89B93F1E4E,Matt Lem,44,50.28,5,75.51,Production,A,TY34763,MINOR,,90.6176,60.3355,4.9009,18.16,15,,8,,1,,,,,,
01b19908-0e40-429a-aa0f-a38d24ee13d3,BAPS USPSA August,2018-08-18,2,Orange,7BFEED1C-1A84-40F2-AB2F-DE89B93F1E4E,Eric Castillo,45,49.25,7,84.19,Limited,,A87497,MINOR,,101.0252,59.1031,4.8008,19.58,15,,5,4,,,,,,,
01b19908-0e40-429a-aa0f-a38d24ee13d3,BAPS USPSA August,2018-08-18,2,Orange,7BFEED1C-1A84-40F2-AB2F-DE89B93F1E4E,Michael Henss,46,48.99,8,83.73,Limited,C,A59966,MINOR,,100.4780,58.7830,4.7748,22.20,19,,3,2,,,,,,,
01b19908-0e40-429a-aa0f-a38d24ee13d3,BAPS USPSA August,2018-08-18,2,Orange,7BFEED1C-1A84-40F2-AB2F-DE89B93F1E4E,Pat Byrne,47,48.56,6,72.94,Production,B,FY93921,MINOR,,87.5260,58.2771,4.7337,23.66,20,,4,,,,,,,,
01b19908-0e40-429a-aa0f-a38d24ee13d3,BAPS USPSA August,2018-08-18,2,Orange,7BFEED1C-1A84-40F2-AB2F-DE89B93F1E4E,Paul Felker,48,47.80,7,75.82,Carry Optics,B,A107123,MINOR,,90.9866,57.3636,4.6595,16.74,16,,6,,2,,,,,,
01b19908-0e40-429a-aa0f-a38d24ee13d3,BAPS USPSA August,2018-08-18,2,Orange,7BFEED1C-1A84-40F2-AB2F-DE89B93F1E4E,Brandon Hill,49,47.58,2,73.53,Revolver,M,TY80518,MINOR,,88.2405,57.0952,4.6377,24.15,20,,4,,,,,,,,
01b19908-0e40-429a-aa0f-a38d24ee13d3,BAPS USPSA August,2018-08-18,2,Orange,7BFEED1C-1A84-40F2-AB2F-DE89B93F1E4E,Jay Olmstead,50,46.89,15,46.89,PCC,B,L3738,MINOR,Super Senior,56.2679,56.2679,4.5705,25.38,22,,2,,,,,,,,
01b19908-0e40-429a-aa0f-a38d24ee13d3,BAPS USPSA August,2018-08-18,2,Orange,7BFEED1C-1A84-40F2-AB2F-DE89B93F1E4E,John Grimm,51,46.00,9,78.63,Limited,A,FY26952,MAJOR,,94.3544,55.2005,4.4838,19.18,18,,4,,2,,,,,,
01b19908-0e40-429a-aa0f-a38d24ee13d3,BAPS USPSA August,2018-08-18,2,Orange,7BFEED1C-1A84-40F2-AB2F-DE89B93F1E4E,Danny Naramore,52,44.89,13,58.62,Open,B,PEN,MINOR,,70.3386,53.8734,4.3760,18.51,13,,8,2,1,,,,,,
01b19908-0e40-429a-aa0f-a38d24ee13d3,BAPS USPSA August,2018-08-18,2,Orange,7BFEED1C-1A84-40F2-AB2F-DE89B93F1E4E,Jacob Robbins,53,43.90,7,65.93,Production,B,TY100679,MINOR,,79.1131,52.6755,4.2787,24.54,23,,,,1,,,,,,
01b19908-0e40-429a-aa0f-a38d24ee13d3,BAPS USPSA August,2018-08-18,2,Orange,7BFEED1C-1A84-40F2-AB2F-DE89B93F1E4E,Bill Kinstley,54,43.73,10,74.75,Limited,C,A104836,MAJOR,,89.6975,52.4761,4.2625,26.51,21,,1,2,,,,,,,
01b19908-0e40-429a-aa0f-a38d24ee13d3,BAPS USPSA August,2018-08-18,2,Orange,7BFEED1C-1A84-40F2-AB2F-DE89B93F1E4E,Deryle Lowery,55,42.73,8,64.17,Production,B,L2881,MINOR,,77.0089,51.2745,4.1649,23.29,20,,2,1,1,,,,,,
01b19908-0e40-429a-aa0f-a38d24ee13d3,BAPS USPSA August,2018-08-18,2,Orange,7BFEED1C-1A84-40F2-AB2F-DE89B93F1E4E,Richard Dillow,56,39.95,11,68.28,Limited,C,FY57446,MAJOR,Senior; Super Senior,81.9409,47.9382,3.8939,23.37,17,,2,4,1,,,,,,
01b19908-0e40-429a-aa0f-a38d24ee13d3,BAPS USPSA August,2018-08-18,2,Orange,7BFEED1C-1A84-40F2-AB2F-DE89B93F1E4E,Jerry Bedro,57,39.77,12,67.98,Limited,,A98263,MAJOR,,81.5705,47.7215,3.8763,25.54,19,,3,1,1,,,,,,
01b19908-0e40-429a-aa0f-a38d24ee13d3,BAPS USPSA August,2018-08-18,2,Orange,7BFEED1C-1A84-40F2-AB2F-DE89B93F1E4E,Michael Whitley,58,39.55,9,59.40,Production,U,A111091,MINOR,,71.2826,47.4618,3.8552,21.27,18,,4,,2,,,,,,
01b19908-0e40-429a-aa0f-a38d24ee13d3,BAPS USPSA August,2018-08-18,2,Orange,7BFEED1C-1A84-40F2-AB2F-DE89B93F1E4E,Ryan Alicaya,59,39.26,13,67.10,Limited,D,A106355,MAJOR,,80.5226,47.1084,3.8265,19.60,11,,9,2,2,,,,,,
01b19908-0e40-429a-aa0f-a38d24ee13d3,BAPS USPSA August,2018-08-18,2,Orange,7BFEED1C-1A84-40F2-AB2F-DE89B93F1E4E,Ralph Burbe,60,38.97,8,61.81,Carry Optics,U,A83904,MINOR,,74.1757,46.7650,3.7986,21.85,15,,5,3,1,,,,,,
01b19908-0e40-429a-aa0f-a38d24ee13d3,BAPS USPSA August,2018-08-18,2,Orange,7BFEED1C-1A84-40F2-AB2F-DE89B93F1E4E,Emanuel Alcoseba,61,37.67,14,64.39,Limited,C,,MAJOR,,77.2735,45.2076,3.6721,23.42,12,,7,4,1,,,,,,
01b19908-0e40-429a-aa0f-a38d24ee13d3,BAPS USPSA August,2018-08-18,2,Orange,7BFEED1C-1A84-40F2-AB2F-DE89B93F1E4E,Dave Eickhoff,62,36.72,9,58.25,Carry Optics,C,TY5063,MINOR,,69.8954,44.0664,3.5794,22.35,17,,5,,2,,,,,,
01b19908-0e40-429a-aa0f-a38d24ee13d3,BAPS USPSA August,2018-08-18,2,Orange,7BFEED1C-1A84-40F2-AB2F-DE89B93F1E4E,Jim Duncan,63,34.81,10,52.28,Production,B,TY33325,MINOR,Senior,62.7347,41.7703,3.3929,21.81,15,,6,1,2,,,,,,
01b19908-0e40-429a-aa0f-a38d24ee13d3,BAPS USPSA August,2018-08-18,2,Orange,7BFEED1C-1A84-40F2-AB2F-DE89B93F1E4E,Jim Dieckow,64,32.17,16,32.17,PCC,,,MINOR,,38.6002,38.6002,3.1354,27.11,15,,6,2,1,,,,,,
01b19908-0e40-429a-aa0f-a38d24ee13d3,BAPS USPSA August,2018-08-18,2,Orange,7BFEED1C-1A84-40F2-AB2F-DE89B93F1E4E,Mickey Gallaway,65,30.95,15,52.90,Limited,B,FY556,MAJOR,Super Senior,63.4858,37.1414,3.0169,36.13,17,,5,2,,,,,,,
01b19908-0e40-429a-aa0f-a38d24ee13d3,BAPS USPSA August,2018-08-18,2,Orange,7BFEED1C-1A84-40F2-AB2F-DE89B93F1E4E,Robert Bui,66,27.89,11,41.89,Production,,A103016,MINOR,,50.2724,33.4727,2.7189,21.70,13,,8,,3,,,,,,
01b19908-0e40-429a-aa0f-a38d24ee13d3,BAPS USPSA August,2018-08-18,2,Orange,7BFEED1C-1A84-40F2-AB2F-DE89B93F1E4E,Kevin Fontenot,67,27.89,12,41.89,Production,U,A112054,MINOR,,50.2632,33.4665,2.7184,32.74,15,,8,,1,,,,,,
01b19908-0e40-429a-aa0f-a38d24ee13d3,BAPS USPSA August,2018-08-18,2,Orange,7BFEED1C-1A84-40F2-AB2F-DE89B93F1E4E,Tom Donahue,68,26.50,10,42.03,Carry Optics,U,TY69009,MINOR,,50.4307,31.7947,2.5826,29.04,13,,5,5,1,,,,,,
01b19908-0e40-429a-aa0f-a38d24ee13d3,BAPS USPSA August,2018-08-18,2,Orange,7BFEED1C-1A84-40F2-AB2F-DE89B93F1E4E,Jeffrey Polk,69,26.39,13,39.63,Production,C,A104167,MINOR,,47.5618,31.6678,2.5723,24.88,12,,7,3,2,,,,,,
01b19908-0e40-429a-aa0f-a38d24ee13d3,BAPS USPSA August,2018-08-18,2,Orange,7BFEED1C-1A84-40F2-AB2F-DE89B93F1E4E,Shane Jones,70,26.12,14,39.22,Production,,TY101533,MINOR,,47.0700,31.3404,2.5457,27.89,12,,5,6,1,,,,,,
01b19908-0e40-429a-aa0f-a38d24ee13d3,BAPS USPSA August,2018-08-18,2,Orange,7BFEED1C-1A84-40F2-AB2F-DE89B93F1E4E,Steve McNamara,71,25.27,16,43.19,Limited,C,,MAJOR,,51.8278,30.3210,2.4629,27.61,16,,4,1,3,,,,,,
01b19908-0e40-429a-aa0f-a38d24ee13d3,BAPS USPSA August,2018-08-18,2,Orange,7BFEED1C-1A84-40F2-AB2F-DE89B93F1E4E,David Chow,72,25.12,15,37.73,Production,,A100573,MINOR,,45.2709,30.1425,2.4484,20.83,12,,6,3,3,,,,,,
01b19908-0e40-429a-aa0f-a38d24ee13d3,BAPS USPSA August,2018-08-18,2,Orange,7BFEED1C-1A84-40F2-AB2F-DE89B93F1E4E,Steve Deardorff,73,23.60,16,35.44,Production,B,TY16844,MINOR,,42.5288,28.3168,2.3001,18.26,12,,7,1,4,,,,,,
01b19908-0e40-429a-aa0f-a38d24ee13d3,BAPS USPSA August,2018-08-18,2,Orange,7BFEED1C-1A84-40F2-AB2F-DE89B93F1E4E,Herman Waddy,74,23.53,17,35.34,Production,C,A101165,MINOR,,42.4123,28.2392,2.2938,24.85,13,,7,1,3,,,,,,
01b19908-0e40-429a-aa0f-a38d24ee13d3,BAPS USPSA August,2018-08-18,2,Orange,7BFEED1C-1A84-40F2-AB2F-DE89B93F1E4E,Jeff Taschner,75,23.45,17,40.09,Limited,U,A113659,MINOR,,48.1052,28.1432,2.2860,20.56,10,,8,3,3,,,,,,
01b19908-0e40-429a-aa0f-a38d24ee13d3,BAPS USPSA August,2018-08-18,2,Orange,7BFEED1C-1A84-40F2-AB2F-DE89B93F1E4E,Albert Molina,76,23.02,18,34.58,Production,D,A107586,MINOR,,41.4915,27.6261,2.2440,28.52,13,,5,4,2,,,,,,
01b19908-0e40-429a-aa0f-a38d24ee13d3,BAPS USPSA August,2018-08-18,2,Orange,7BFEED1C-1A84-40F2-AB2F-DE89B93F1E4E,Ron Potier,77,13.60,18,23.25,Limited,U,TY113089,MINOR,,27.9057,16.3258,1.3261,36.95,13,,3,5,3,,,,,,
01b19908-0e40-429a-aa0f-a38d24ee13d3,BAPS USPSA August,2018-08-18,2,Orange,7BFEED1C-1A84-40F2-AB2F-DE89B93F1E4E,Michael Martin,78,4.25,1,100.00,Single Stack,,8551,MAJOR,,120.0000,5.0943,0.4138,43.50,10,,6,2,6,,,,,,
01b19908-0e40-429a-aa0f-a38d24ee13d3,BAPS USPSA August,2018-08-18,2,Orange,7BFEED1C-1A84-40F2-AB2F-DE89B93F1E4E,Travis Richard,79,3.41,19,5.12,Production,,,MINOR,,6.1387,4.0873,0.3320,36.15,11,,5,2,6,,,,,,
01b19908-0e40-429a-aa0f-a38d24ee13d3,BAPS USPSA August,2018-08-18,2,Orange,7BFEED1C-1A84-40F2-AB2F-DE89B93F1E4E,William Chan,80,1.63,19,2.78,Limited,D,TY97870,MINOR,,3.3333,1.9501,0.1584,12.63,8,,6,4,6,,,,,,
01b19908-0e40-429a-aa0f-a38d24ee13d3,BAPS USPSA August,2018-08-18,3,Yellow,DC9910DE-6633-4BCF-B812-8B5400F9BC99,Paul Van  wyk,1,100.00,1,100.00,PCC,,,MINOR,,100.0000,100.0000,9.8765,9.72,18,,2,,,,,,,,
01b19908-0e40-429a-aa0f-a38d24ee13d3,BAPS USPSA August,2018-08-18,3,Yellow,DC9910DE-6633-4BCF-B812-8B5400F9BC99,Wade Pruetz,2,97.45,2,97.45,PCC,M,,MINOR,,97.4495,97.4495,9.6246,10.39,20,,,,,,,,,,
01b19908-0e40-429a-aa0f-a38d24ee13d3,BAPS USPSA August,2018-08-18,3,Yellow,DC9910DE-6633-4BCF-B812-8B5400F9BC99,Bob Zweck,3,72.53,1,100.00,Open,B,A94853,MAJOR,,100.0000,72.5308,7.1635,13.82,19,,1,,,,,,,,
01b19908-0e40-429a-aa0f-a38d24ee13d3,BAPS USPSA August,2018-08-18,3,Yellow,DC9910DE-6633-4BCF-B812-8B5400F9BC99,Carey Pardue,4,69.77,3,69.77,PCC,A,A56016,MINOR,,69.7747,69.7747,6.8913,13.06,16,,3,1,,,,,,,
01b19908-0e40-429a-aa0f-a38d24ee13d3,BAPS USPSA August,2018-08-18,3,Yellow,DC9910DE-6633-4BCF-B812-8B5400F9BC99,Alex Goben,5,69.62,1,100.00,Carry Optics,B,A86498,MINOR,,100.0000,69.6239,6.8764,13.67,17,,3,,,,,,,,
01b19908-0e40-429a-aa0f-a38d24ee13d3,BAPS USPSA August,2018-08-18,3,Yellow,DC9910DE-6633-4BCF-B812-8B5400F9BC99,Randy Goodney,6,67.41,2,92.94,Open,C,A94852,MINOR,,92.9350,67.4065,6.6574,14.42,18,,2,,,,,,,,
01b19908-0e40-429a-aa0f-a38d24ee13d3,BAPS USPSA August,2018-08-18,3,Yellow,DC9910DE-6633-4BCF-B812-8B5400F9BC99,Albert Calderon,7,67.36,3,92.87,Open,B,A74722,MAJOR,,92.8708,67.3599,6.6528,14.43,16,,4,,,,,,,,
01b19908-0e40-429a-aa0f-a38d24ee13d3,BAPS USPSA August,2018-08-18,3,Yellow,DC9910DE-6633-4BCF-B812-8B5400F9BC99,Roman Gwiscz,8,66.69,4,91.95,Open,B,A56629,MAJOR,,91.9495,66.6916,6.5868,15.03,19,,1,,,,,,,,
01b19908-0e40-429a-aa0f-a38d24ee13d3,BAPS USPSA August,2018-08-18,3,Yellow,DC9910DE-6633-4BCF-B812-8B5400F9BC99,Henry Moreno,9,65.52,5,90.34,Open,B,XXXXXX,MAJOR,,90.3385,65.5232,6.4714,14.68,15,,5,,,,,,,,
01b19908-0e40-429a-aa0f-a38d24ee13d3,BAPS USPSA August,2018-08-18,3,Yellow,DC9910DE-6633-4BCF-B812-8B5400F9BC99,Eddie Jimenea,10,65.32,6,90.06,Open,M,A14869,MAJOR,,90.0621,65.3227,6.4516,15.19,18,,2,,,,,,,,
01b19908-0e40-429a-aa0f-a38d24ee13d3,BAPS USPSA August,2018-08-18,3,Yellow,DC9910DE-6633-4BCF-B812-8B5400F9BC99,Jay Bennett,11,65.32,4,65.32,PCC,A,A77156,MINOR,,65.3227,65.3227,6.4516,15.50,20,,,,,,,,,,
01b19908-0e40-429a-aa0f-a38d24ee13d3,BAPS USPSA August,2018-08-18,3,Yellow,DC9910DE-6633-4BCF-B812-8B5400F9BC99,JW Aguirre,12,64.44,1,100.00,Revolver,C,A87708,MINOR,Junior,100.0000,64.4388,6.3643,14.77,17,,3,,,,,,,,
01b19908-0e40-429a-aa0f-a38d24ee13d3,BAPS USPSA August,2018-08-18,3,Yellow,DC9910DE-6633-4BCF-B812-8B5400F9BC99,Gerrit Milks,13,64.02,5,64.02,PCC,B,A67608,MINOR,,64.0227,64.0227,6.3232,12.81,17,,2,,1,,,,,,
01b19908-0e40-429a-aa0f-a38d24ee13d3,BAPS USPSA August,2018-08-18,3,Yellow,DC9910DE-6633-4BCF-B812-8B5400F9BC99,Tony Phan,14,63.33,1,100.00,Limited,A,FY11963,MINOR,,100.0000,63.3251,6.2543,14.39,15,,5,,,,,,,,
01b19908-0e40-429a-aa0f-a38d24ee13d3,BAPS USPSA August,2018-08-18,3,Yellow,DC9910DE-6633-4BCF-B812-8B5400F9BC99,Covan Master,15,62.04,6,62.04,PCC,U,A111536,MINOR,,62.0412,62.0412,6.1275,16.32,20,,,,,,,,,,
01b19908-0e40-429a-aa0f-a38d24ee13d3,BAPS USPSA August,2018-08-18,3,Yellow,DC9910DE-6633-4BCF-B812-8B5400F9BC99,Gary Wu,16,61.70,1,100.00,Production,B,L2998,MINOR,,100.0000,61.6959,6.0934,14.77,16,,3,1,,,,,,,
01b19908-0e40-429a-aa0f-a38d24ee13d3,BAPS USPSA August,2018-08-18,3,Yellow,DC9910DE-6633-4BCF-B812-8B5400F9BC99,Eric Castillo,17,61.40,2,96.96,Limited,,A87497,MINOR,,96.9637,61.4023,6.0644,15.83,18,,2,,,,,,,,
01b19908-0e40-429a-aa0f-a38d24ee13d3,BAPS USPSA August,2018-08-18,3,Yellow,DC9910DE-6633-4BCF-B812-8B5400F9BC99,Scott Ragsdale,18,60.56,2,98.16,Production,U,A91297,MINOR,,98.1603,60.5609,5.9813,16.05,18,,2,,,,,,,,
01b19908-0e40-429a-aa0f-a38d24ee13d3,BAPS USPSA August,2018-08-18,3,Yellow,DC9910DE-6633-4BCF-B812-8B5400F9BC99,Gary Owens,19,60.14,7,82.92,Open,C,FY101331,MAJOR,,82.9204,60.1428,5.9400,16.33,19,,,1,,,,,,,
01b19908-0e40-429a-aa0f-a38d24ee13d3,BAPS USPSA August,2018-08-18,3,Yellow,DC9910DE-6633-4BCF-B812-8B5400F9BC99,Johnny Taylor,20,59.82,7,59.82,PCC,none,TY83964,MINOR,,59.8157,59.8157,5.9077,16.25,18,,2,,,,,,,,
01b19908-0e40-429a-aa0f-a38d24ee13d3,BAPS USPSA August,2018-08-18,3,Yellow,DC9910DE-6633-4BCF-B812-8B5400F9BC99,Doug Dillon,21,59.56,3,94.05,Limited,B,A71359,MINOR,Law Enforcement,94.0537,59.5596,5.8824,17.00,20,,,,,,,,,,
01b19908-0e40-429a-aa0f-a38d24ee13d3,BAPS USPSA August,2018-08-18,3,Yellow,DC9910DE-6633-4BCF-B812-8B5400F9BC99,Dave Campbell,22,59.23,8,81.66,Open,M,TY26527,MAJOR,Senior,81.6556,59.2254,5.8494,16.07,14,,6,,,,,,,,
01b19908-0e40-429a-aa0f-a38d24ee13d3,BAPS USPSA August,2018-08-18,3,Yellow,DC9910DE-6633-4BCF-B812-8B5400F9BC99,Mike Junco,23,58.35,3,94.58,Production,A,A107182,MINOR,,94.5827,58.3537,5.7633,16.31,17,,3,,,,,,,,
01b19908-0e40-429a-aa0f-a38d24ee13d3,BAPS USPSA August,2018-08-18,3,Yellow,DC9910DE-6633-4BCF-B812-8B5400F9BC99,Robert Hollier,24,57.86,8,57.86,PCC,C,FY24941,MINOR,Senior,57.8575,57.8575,5.7143,15.40,19,,1,,,,1,,,,
01b19908-0e40-429a-aa0f-a38d24ee13d3,BAPS USPSA August,2018-08-18,3,Yellow,DC9910DE-6633-4BCF-B812-8B5400F9BC99,Brandon Hill,25,57.56,2,89.33,Revolver,M,TY80518,MINOR,,89.3264,57.5609,5.6850,17.59,20,,,,,,,,,,
01b19908-0e40-429a-aa0f-a38d24ee13d3,BAPS USPSA August,2018-08-18,3,Yellow,DC9910DE-6633-4BCF-B812-8B5400F9BC99,David Chow,26,56.71,4,91.92,Production,,A100573,MINOR,,91.9175,56.7094,5.6009,17.14,18,,2,,,,,,,,
01b19908-0e40-429a-aa0f-a38d24ee13d3,BAPS USPSA August,2018-08-18,3,Yellow,DC9910DE-6633-4BCF-B812-8B5400F9BC99,Mick Sambasile,27,55.09,9,75.96,Open,none,TY47665,MAJOR,,75.9601,55.0944,5.4414,18.01,18,,2,,,,,,,,
01b19908-0e40-429a-aa0f-a38d24ee13d3,BAPS USPSA August,2018-08-18,3,Yellow,DC9910DE-6633-4BCF-B812-8B5400F9BC99,Jon Baguio,28,53.93,2,77.45,Carry Optics,D,PENDING,MINOR,,77.4548,53.9270,5.3261,18.40,19,,1,,,,,,,,
01b19908-0e40-429a-aa0f-a38d24ee13d3,BAPS USPSA August,2018-08-18,3,Yellow,DC9910DE-6633-4BCF-B812-8B5400F9BC99,John Nixon,29,53.17,10,73.30,Open,A,A40007,MAJOR,,73.3008,53.1656,5.2509,17.14,14,,4,2,,,,,,,
01b19908-0e40-429a-aa0f-a38d24ee13d3,BAPS USPSA August,2018-08-18,3,Yellow,DC9910DE-6633-4BCF-B812-8B5400F9BC99,Danny Naramore,30,52.78,11,72.77,Open,B,PEN,MINOR,,72.7689,52.7798,5.2128,18.80,19,,1,,,,,,,,
01b19908-0e40-429a-aa0f-a38d24ee13d3,BAPS USPSA August,2018-08-18,3,Yellow,DC9910DE-6633-4BCF-B812-8B5400F9BC99,Duane Mendoza,31,52.37,3,75.22,Carry Optics,U,TY98162,MINOR,,75.2196,52.3708,5.1724,18.56,18,,2,,,,,,,,
01b19908-0e40-429a-aa0f-a38d24ee13d3,BAPS USPSA August,2018-08-18,3,Yellow,DC9910DE-6633-4BCF-B812-8B5400F9BC99,Steve Deardorff,32,52.36,5,84.87,Production,B,TY16844,MINOR,,84.8672,52.3596,5.1713,16.05,18,,1,,1,,,,,,
01b19908-0e40-429a-aa0f-a38d24ee13d3,BAPS USPSA August,2018-08-18,3,Yellow,DC9910DE-6633-4BCF-B812-8B5400F9BC99,Pat Byrne,33,51.63,6,83.68,Production,B,FY93921,MINOR,,83.6791,51.6266,5.0989,19.22,19,,1,,,,,,,,
01b19908-0e40-429a-aa0f-a38d24ee13d3,BAPS USPSA August,2018-08-18,3,Yellow,DC9910DE-6633-4BCF-B812-8B5400F9BC99,Jacob Robbins,34,51.29,7,83.14,Production,B,TY100679,MINOR,,83.1375,51.2925,5.0659,19.74,20,,,,,,,,,,
01b19908-0e40-429a-aa0f-a38d24ee13d3,BAPS USPSA August,2018-08-18,3,Yellow,DC9910DE-6633-4BCF-B812-8B5400F9BC99,John Austria,35,48.41,8,78.47,Production,B,FY82746,MINOR,,78.4734,48.4149,4.7817,19.24,16,,4,,,,,,,,
01b19908-0e40-429a-aa0f-a38d24ee13d3,BAPS USPSA August,2018-08-18,3,Yellow,DC9910DE-6633-4BCF-B812-8B5400F9BC99,Deryle Lowery,36,47.36,9,76.76,Production,B,L2881,MINOR,,76.7585,47.3569,4.6772,19.67,16,,4,,,,,,,,
01b19908-0e40-429a-aa0f-a38d24ee13d3,BAPS USPSA August,2018-08-18,3,Yellow,DC9910DE-6633-4BCF-B812-8B5400F9BC99,Rob Moore,37,46.43,9,46.43,PCC,U,,MINOR,,46.4274,46.4274,4.5854,20.50,17,,3,,,,,,,,
01b19908-0e40-429a-aa0f-a38d24ee13d3,BAPS USPSA August,2018-08-18,3,Yellow,DC9910DE-6633-4BCF-B812-8B5400F9BC99,Juliann Milks,38,46.21,10,46.21,PCC,,A110188,MINOR,,46.2097,46.2097,4.5639,19.72,15,,5,,,,,,,,
01b19908-0e40-429a-aa0f-a38d24ee13d3,BAPS USPSA August,2018-08-18,3,Yellow,DC9910DE-6633-4BCF-B812-8B5400F9BC99,Paul Felker,39,46.18,4,66.33,Carry Optics,B,A107123,MINOR,,66.3269,46.1793,4.5609,20.61,17,,3,,,,,,,,
01b19908-0e40-429a-aa0f-a38d24ee13d3,BAPS USPSA August,2018-08-18,3,Yellow,DC9910DE-6633-4BCF-B812-8B5400F9BC99,Jimmy Romero,40,45.78,11,45.78,PCC,D,A80274,MINOR,,45.7844,45.7844,4.5219,21.23,18,,2,,,,,,,,
01b19908-0e40-429a-aa0f-a38d24ee13d3,BAPS USPSA August,2018-08-18,3,Yellow,DC9910DE-6633-4BCF-B812-8B5400F9BC99,Marlon Poralan,41,45.32,5,65.09,Carry Optics,D,PEN,MINOR,,65.0893,45.3177,4.4758,16.31,14,,4,1,1,,,,,,
01b19908-0e40-429a-aa0f-a38d24ee13d3,BAPS USPSA August,2018-08-18,3,Yellow,DC9910DE-6633-4BCF-B812-8B5400F9BC99,JAY-R DELOS-SANTOS,42,45.24,6,64.97,Carry Optics,C,A70297,MINOR,,64.9715,45.2357,4.4677,18.13,17,,2,,1,,,,,,
01b19908-0e40-429a-aa0f-a38d24ee13d3,BAPS USPSA August,2018-08-18,3,Yellow,DC9910DE-6633-4BCF-B812-8B5400F9BC99,Dave Eickhoff,43,44.85,7,64.42,Carry Optics,C,TY5063,MINOR,,64.4203,44.8519,4.4298,21.22,17,,3,,,,,,,,
01b19908-0e40-429a-aa0f-a38d24ee13d3,BAPS USPSA August,2018-08-18,3,Yellow,DC9910DE-6633-4BCF-B812-8B5400F9BC99,Davis Moore,44,44.55,12,44.55,PCC,U,A112940,MINOR,,44.5461,44.5461,4.3996,21.82,18,,2,,,,,,,,
01b19908-0e40-429a-aa0f-a38d24ee13d3,BAPS USPSA August,2018-08-18,3,Yellow,DC9910DE-6633-4BCF-B812-8B5400F9BC99,Emanuel Alcoseba,45,44.49,4,70.25,Limited,C,,MAJOR,,70.2493,44.4854,4.3936,21.85,16,,4,,,,,,,,
01b19908-0e40-429a-aa0f-a38d24ee13d3,BAPS USPSA August,2018-08-18,3,Yellow,DC9910DE-6633-4BCF-B812-8B5400F9BC99,Jerry Bedro,46,44.26,5,69.89,Limited,,A98263,MAJOR,,69.8927,44.2596,4.3713,22.19,17,,3,,,,,,,,
01b19908-0e40-429a-aa0f-a38d24ee13d3,BAPS USPSA August,2018-08-18,3,Yellow,DC9910DE-6633-4BCF-B812-8B5400F9BC99,John Grimm,47,43.64,6,68.92,Limited,A,FY26952,MAJOR,,68.9174,43.6420,4.3103,17.40,11,,7,1,1,,,,,,
01b19908-0e40-429a-aa0f-a38d24ee13d3,BAPS USPSA August,2018-08-18,3,Yellow,DC9910DE-6633-4BCF-B812-8B5400F9BC99,Jay Olmstead,48,43.53,13,43.53,PCC,B,L3738,MINOR,Super Senior,43.5296,43.5296,4.2992,23.26,20,,,,,,,,,,
01b19908-0e40-429a-aa0f-a38d24ee13d3,BAPS USPSA August,2018-08-18,3,Yellow,DC9910DE-6633-4BCF-B812-8B5400F9BC99,Jeffrey Polk,49,43.52,10,70.53,Production,C,A104167,MINOR,,70.5321,43.5154,4.2978,16.52,15,,1,3,1,,,,,,
01b19908-0e40-429a-aa0f-a38d24ee13d3,BAPS USPSA August,2018-08-18,3,Yellow,DC9910DE-6633-4BCF-B812-8B5400F9BC99,Jerry McClain,50,42.30,7,66.80,Limited,B,,MAJOR,,66.8020,42.3024,4.1780,22.02,14,,5,1,,,,,,,
01b19908-0e40-429a-aa0f-a38d24ee13d3,BAPS USPSA August,2018-08-18,3,Yellow,DC9910DE-6633-4BCF-B812-8B5400F9BC99,Herman Waddy,51,41.17,11,66.72,Production,C,A101165,MINOR,,66.7230,41.1654,4.0657,23.12,17,,3,,,,,,,,
01b19908-0e40-429a-aa0f-a38d24ee13d3,BAPS USPSA August,2018-08-18,3,Yellow,DC9910DE-6633-4BCF-B812-8B5400F9BC99,Michael Whitley,52,41.06,12,66.55,Production,U,A111091,MINOR,,66.5540,41.0611,4.0554,19.48,17,,1,1,1,,,,,,
01b19908-0e40-429a-aa0f-a38d24ee13d3,BAPS USPSA August,2018-08-18,3,Yellow,DC9910DE-6633-4BCF-B812-8B5400F9BC99,Jim Duncan,53,40.66,13,65.90,Production,B,TY33325,MINOR,Senior,65.8992,40.6571,4.0155,20.67,18,,1,,1,,,,,,
01b19908-0e40-429a-aa0f-a38d24ee13d3,BAPS USPSA August,2018-08-18,3,Yellow,DC9910DE-6633-4BCF-B812-8B5400F9BC99,Michael Henss,54,40.48,8,63.93,Limited,C,A59966,MINOR,,63.9288,40.4830,3.9983,23.51,17,,3,,,,,,,,
01b19908-0e40-429a-aa0f-a38d24ee13d3,BAPS USPSA August,2018-08-18,3,Yellow,DC9910DE-6633-4BCF-B812-8B5400F9BC99,Andrew Tacquard,55,40.48,9,63.92,Limited,U,L4517,MAJOR,Military,63.9240,40.4799,3.9980,20.51,16,,3,,1,,,,,,
01b19908-0e40-429a-aa0f-a38d24ee13d3,BAPS USPSA August,2018-08-18,3,Yellow,DC9910DE-6633-4BCF-B812-8B5400F9BC99,Steve McNamara,56,40.32,10,63.67,Limited,C,,MAJOR,,63.6698,40.3189,3.9821,20.09,14,,5,,1,,,,,,
01b19908-0e40-429a-aa0f-a38d24ee13d3,BAPS USPSA August,2018-08-18,3,Yellow,DC9910DE-6633-4BCF-B812-8B5400F9BC99,Ryan Alicaya,57,40.24,11,63.54,Limited,D,A106355,MAJOR,,63.5387,40.2359,3.9739,15.35,11,,6,1,2,,,,,,
01b19908-0e40-429a-aa0f-a38d24ee13d3,BAPS USPSA August,2018-08-18,3,Yellow,DC9910DE-6633-4BCF-B812-8B5400F9BC99,Ricky Wiley,58,39.86,8,57.24,Carry Optics,U,A91320,MINOR,,57.2436,39.8552,3.9363,21.34,17,,3,,,,1,,,,
01b19908-0e40-429a-aa0f-a38d24ee13d3,BAPS USPSA August,2018-08-18,3,Yellow,DC9910DE-6633-4BCF-B812-8B5400F9BC99,Jeff Reeves,59,39.83,12,54.92,Open,U,A113620,MINOR,,54.9159,39.8309,3.9339,20.59,18,,,1,1,,,,,,
01b19908-0e40-429a-aa0f-a38d24ee13d3,BAPS USPSA August,2018-08-18,3,Yellow,DC9910DE-6633-4BCF-B812-8B5400F9BC99,Matt Lem,60,39.20,14,63.54,Production,A,TY34763,MINOR,,63.5442,39.2042,3.8720,19.37,14,,5,,1,,,,,,
01b19908-0e40-429a-aa0f-a38d24ee13d3,BAPS USPSA August,2018-08-18,3,Yellow,DC9910DE-6633-4BCF-B812-8B5400F9BC99,Anthony Smallwood,61,37.13,13,51.19,Open,U,7878,MAJOR,Senior,51.1873,37.1265,3.6668,19.09,16,,2,1,1,,1,,,,
01b19908-0e40-429a-aa0f-a38d24ee13d3,BAPS USPSA August,2018-08-18,3,Yellow,DC9910DE-6633-4BCF-B812-8B5400F9BC99,Ralph Burbe,62,36.57,9,52.53,Carry Optics,U,A83904,MINOR,,52.5289,36.5727,3.6121,25.47,16,,4,,,,,,,,
01b19908-0e40-429a-aa0f-a38d24ee13d3,BAPS USPSA August,2018-08-18,3,Yellow,DC9910DE-6633-4BCF-B812-8B5400F9BC99,Corey Slifko,63,36.04,12,56.92,Limited,A,A82935,MAJOR,,56.9192,36.0441,3.5599,15.45,13,,5,,2,,1,,,,
01b19908-0e40-429a-aa0f-a38d24ee13d3,BAPS USPSA August,2018-08-18,3,Yellow,DC9910DE-6633-4BCF-B812-8B5400F9BC99,Jeff Taschner,64,35.05,13,55.36,Limited,U,A113659,MINOR,,55.3571,35.0549,3.4622,24.84,14,,5,1,,,,,,,
01b19908-0e40-429a-aa0f-a38d24ee13d3,BAPS USPSA August,2018-08-18,3,Yellow,DC9910DE-6633-4BCF-B812-8B5400F9BC99,Richard Dillow,65,34.86,14,55.05,Limited,C,FY57446,MAJOR,Senior; Super Senior,55.0533,34.8626,3.4432,27.30,14,,6,,,,,,,,
01b19908-0e40-429a-aa0f-a38d24ee13d3,BAPS USPSA August,2018-08-18,3,Yellow,DC9910DE-6633-4BCF-B812-8B5400F9BC99,Michael Pontious,66,34.79,15,54.94,Limited,C,TY94575,MAJOR,,54.9430,34.7927,3.4363,20.08,13,,6,,1,,1,,,,
01b19908-0e40-429a-aa0f-a38d24ee13d3,BAPS USPSA August,2018-08-18,3,Yellow,DC9910DE-6633-4BCF-B812-8B5400F9BC99,Mickey Gallaway,67,34.19,16,53.98,Limited,B,FY556,MAJOR,Super Senior,53.9837,34.1852,3.3763,28.73,17,,3,,,,,,,,
01b19908-0e40-429a-aa0f-a38d24ee13d3,BAPS USPSA August,2018-08-18,3,Yellow,DC9910DE-6633-4BCF-B812-8B5400F9BC99,Robert Bui,68,34.13,15,55.33,Production,,A103016,MINOR,,55.3271,34.1346,3.3713,22.84,15,,4,,1,,,,,,
01b19908-0e40-429a-aa0f-a38d24ee13d3,BAPS USPSA August,2018-08-18,3,Yellow,DC9910DE-6633-4BCF-B812-8B5400F9BC99,Shane Jones,69,33.76,16,54.72,Production,,TY101533,MINOR,,54.7248,33.7630,3.3346,26.99,17,,1,2,,,,,,,
01b19908-0e40-429a-aa0f-a38d24ee13d3,BAPS USPSA August,2018-08-18,3,Yellow,DC9910DE-6633-4BCF-B812-8B5400F9BC99,Tom Donahue,70,33.63,10,48.30,Carry Optics,U,TY69009,MINOR,,48.3000,33.6283,3.3213,24.99,18,,1,,1,,,,,,
01b19908-0e40-429a-aa0f-a38d24ee13d3,BAPS USPSA August,2018-08-18,3,Yellow,DC9910DE-6633-4BCF-B812-8B5400F9BC99,Michael Martin,71,30.53,1,100.00,Single Stack,,8551,MAJOR,,100.0000,30.5311,3.0154,32.50,18,,2,,,,,,,,
01b19908-0e40-429a-aa0f-a38d24ee13d3,BAPS USPSA August,2018-08-18,3,Yellow,DC9910DE-6633-4BCF-B812-8B5400F9BC99,Tyler Jones,72,29.44,14,29.44,PCC,,,MINOR,,29.4386,29.4386,2.9075,22.70,18,,2,,,,3,,,,
01b19908-0e40-429a-aa0f-a38d24ee13d3,BAPS USPSA August,2018-08-18,3,Yellow,DC9910DE-6633-4BCF-B812-8B5400F9BC99,William Chan,73,28.86,17,45.58,Limited,D,TY97870,MINOR,,45.5766,28.8614,2.8505,12.98,14,,2,1,3,,1,,,,
01b19908-0e40-429a-aa0f-a38d24ee13d3,BAPS USPSA August,2018-08-18,3,Yellow,DC9910DE-6633-4BCF-B812-8B5400F9BC99,Jim Dieckow,74,28.85,15,28.85,PCC,,,MINOR,,28.8473,28.8473,2.8491,24.92,17,,2,,1,,1,,,,
01b19908-0e40-429a-aa0f-a38d24ee13d3,BAPS USPSA August,2018-08-18,3,Yellow,DC9910DE-6633-4BCF-B812-8B5400F9BC99,Bill Kinstley,75,28.82,18,45.51,Limited,C,A104836,MAJOR,,45.5079,28.8179,2.8462,23.54,15,,3,,2,,,,,,
01b19908-0e40-429a-aa0f-a38d24ee13d3,BAPS USPSA August,2018-08-18,3,Yellow,DC9910DE-6633-4BCF-B812-8B5400F9BC99,Kevin Fontenot,76,24.12,17,39.10,Production,U,A112054,MINOR,,39.0980,24.1219,2.3824,32.32,15,,4,,1,,,,,,
01b19908-0e40-429a-aa0f-a38d24ee13d3,BAPS USPSA August,2018-08-18,3,Yellow,DC9910DE-6633-4BCF-B812-8B5400F9BC99,Ron Potier,77,22.56,19,35.63,Limited,U,TY113089,MINOR,,35.6283,22.5616,2.2283,43.98,19,,1,,,,,,,,
01b19908-0e40-429a-aa0f-a38d24ee13d3,BAPS USPSA August,2018-08-18,3,Yellow,DC9910DE-6633-4BCF-B812-8B5400F9BC99,Travis Richard,78,16.24,18,26.32,Production,,,MINOR,,26.3219,16.2396,1.6039,28.68,12,,5,1,2,,1,,,,
01b19908-0e40-429a-aa0f-a38d24ee13d3,BAPS USPSA August,2018-08-18,3,Yellow,DC9910DE-6633-4BCF-B812-8B5400F9BC99,Eric Prehn,79,14.87,16,14.87,PCC,,TY93797,MINOR,,14.8656,14.8656,1.4682,62.66,16,,4,,,,,,,,
01b19908-0e40-429a-aa0f-a38d24ee13d3,BAPS USPSA August,2018-08-18,3,Yellow,DC9910DE-6633-4BCF-B812-8B5400F9BC99,Albert Molina,80,8.47,19,13.73,Production,D,A107586,MINOR,,13.7329,8.4726,0.8368,31.07,14,,2,,4,,1,,,,
01b19908-0e40-429a-aa0f-a38d24ee13d3,BAPS USPSA August,2018-08-18,4,Blue,444A173F-15EB-4014-8D00-71600B20838C,Paul Van  wyk,1,100.00,1,100.00,PCC,,,MINOR,,170.0000,170.0000,7.5527,20.39,27,,6,1,,,,,,,
01b19908-0e40-429a-aa0f-a38d24ee13d3,BAPS USPSA August,2018-08-18,4,Blue,444A173F-15EB-4014-8D00-71600B20838C,Carey Pardue,2,99.97,2,99.97,PCC,A,A56016,MINOR,,169.9527,169.9527,7.5506,21.72,32,,1,1,,,,,,,
01b19908-0e40-429a-aa0f-a38d24ee13d3,BAPS USPSA August,2018-08-18,4,Blue,444A173F-15EB-4014-8D00-71600B20838C,Robert Hollier,3,84.19,3,84.19,PCC,C,FY24941,MINOR,Senior,143.1271,143.1271,6.3588,26.42,33,,1,,,,,,,,
01b19908-0e40-429a-aa0f-a38d24ee13d3,BAPS USPSA August,2018-08-18,4,Blue,444A173F-15EB-4014-8D00-71600B20838C,Wade Pruetz,4,83.83,4,83.83,PCC,M,,MINOR,,142.5059,142.5059,6.3312,24.64,27,,7,,,,,,,,
01b19908-0e40-429a-aa0f-a38d24ee13d3,BAPS USPSA August,2018-08-18,4,Blue,444A173F-15EB-4014-8D00-71600B20838C,JW Aguirre,5,82.02,1,100.00,Revolver,C,A87708,MINOR,Junior,170.0000,139.4334,6.1947,24.86,28,,3,2,,,,,,,
01b19908-0e40-429a-aa0f-a38d24ee13d3,BAPS USPSA August,2018-08-18,4,Blue,444A173F-15EB-4014-8D00-71600B20838C,Alex Goben,6,80.04,1,100.00,Carry Optics,B,A86498,MINOR,,170.0000,136.0707,6.0453,27.79,33,,1,,,,,,,,
01b19908-0e40-429a-aa0f-a38d24ee13d3,BAPS USPSA August,2018-08-18,4,Blue,444A173F-15EB-4014-8D00-71600B20838C,Gerrit Milks,7,76.50,5,76.50,PCC,B,A67608,MINOR,,130.0564,130.0564,5.7781,25.96,26,,4,2,,,,,,,
01b19908-0e40-429a-aa0f-a38d24ee13d3,BAPS USPSA August,2018-08-18,4,Blue,444A173F-15EB-4014-8D00-71600B20838C,Jerry McClain,8,74.97,1,100.00,Limited,B,,MAJOR,,170.0000,127.4499,5.6623,29.14,29,,5,,,,,,,,
01b19908-0e40-429a-aa0f-a38d24ee13d3,BAPS USPSA August,2018-08-18,4,Blue,444A173F-15EB-4014-8D00-71600B20838C,John Nixon,9,71.88,1,100.00,Open,A,A40007,MAJOR,,170.0000,122.2009,5.4291,30.76,31,,3,,,,,,,,
01b19908-0e40-429a-aa0f-a38d24ee13d3,BAPS USPSA August,2018-08-18,4,Blue,444A173F-15EB-4014-8D00-71600B20838C,Bob Zweck,10,71.14,2,98.96,Open,B,A94853,MAJOR,,168.2371,120.9337,5.3728,30.71,29,,5,,,,,,,,
01b19908-0e40-429a-aa0f-a38d24ee13d3,BAPS USPSA August,2018-08-18,4,Blue,444A173F-15EB-4014-8D00-71600B20838C,Jay Bennett,11,69.08,6,69.08,PCC,A,A77156,MINOR,,117.4359,117.4359,5.2174,31.05,30,,4,,,,,,,,
01b19908-0e40-429a-aa0f-a38d24ee13d3,BAPS USPSA August,2018-08-18,4,Blue,444A173F-15EB-4014-8D00-71600B20838C,Tony Phan,12,68.39,2,91.22,Limited,A,FY11963,MINOR,,155.0725,116.2587,5.1651,30.59,28,,6,,,,,,,,
01b19908-0e40-429a-aa0f-a38d24ee13d3,BAPS USPSA August,2018-08-18,4,Blue,444A173F-15EB-4014-8D00-71600B20838C,Ricky Wiley,13,67.50,2,84.33,Carry Optics,U,A91320,MINOR,,143.3610,114.7484,5.0980,30.60,27,,7,,,,,,,,
01b19908-0e40-429a-aa0f-a38d24ee13d3,BAPS USPSA August,2018-08-18,4,Blue,444A173F-15EB-4014-8D00-71600B20838C,Eddie Jimenea,14,65.19,3,90.69,Open,M,A14869,MAJOR,,154.1777,110.8274,4.9238,31.48,25,,6,3,,,,,,,
01b19908-0e40-429a-aa0f-a38d24ee13d3,BAPS USPSA August,2018-08-18,4,Blue,444A173F-15EB-4014-8D00-71600B20838C,Mike Junco,15,64.57,1,100.00,Production,A,A107182,MINOR,,170.0000,109.7650,4.8766,33.22,30,,4,,,,,,,,
01b19908-0e40-429a-aa0f-a38d24ee13d3,BAPS USPSA August,2018-08-18,4,Blue,444A173F-15EB-4014-8D00-71600B20838C,Duane Mendoza,16,64.01,3,79.98,Carry Optics,U,TY98162,MINOR,,135.9595,108.8241,4.8348,32.68,29,,4,1,,,,,,,
01b19908-0e40-429a-aa0f-a38d24ee13d3,BAPS USPSA August,2018-08-18,4,Blue,444A173F-15EB-4014-8D00-71600B20838C,Jon Baguio,17,63.83,4,79.74,Carry Optics,D,PENDING,MINOR,,135.5630,108.5068,4.8207,33.19,29,,5,,,,,,,,
01b19908-0e40-429a-aa0f-a38d24ee13d3,BAPS USPSA August,2018-08-18,4,Blue,444A173F-15EB-4014-8D00-71600B20838C,Juliann Milks,18,63.07,7,63.07,PCC,,A110188,MINOR,,107.2148,107.2148,4.7633,33.59,29,,5,,,,,,,,
01b19908-0e40-429a-aa0f-a38d24ee13d3,BAPS USPSA August,2018-08-18,4,Blue,444A173F-15EB-4014-8D00-71600B20838C,Tyler Jones,19,62.57,8,62.57,PCC,,,MINOR,,106.3707,106.3707,4.7258,33.01,28,,5,1,,,,,,,
01b19908-0e40-429a-aa0f-a38d24ee13d3,BAPS USPSA August,2018-08-18,4,Blue,444A173F-15EB-4014-8D00-71600B20838C,Albert Calderon,20,62.54,4,87.00,Open,B,A74722,MAJOR,,147.9057,106.3189,4.7235,34.72,28,,6,,,,,,,,
01b19908-0e40-429a-aa0f-a38d24ee13d3,BAPS USPSA August,2018-08-18,4,Blue,444A173F-15EB-4014-8D00-71600B20838C,Gary Owens,21,62.36,5,86.75,Open,C,FY101331,MAJOR,,147.4705,106.0061,4.7096,34.61,27,,7,,,,,,,,
01b19908-0e40-429a-aa0f-a38d24ee13d3,BAPS USPSA August,2018-08-18,4,Blue,444A173F-15EB-4014-8D00-71600B20838C,Davis Moore,22,61.63,9,61.63,PCC,U,A112940,MINOR,,104.7771,104.7771,4.6550,36.09,33,,1,,,,,,,,
01b19908-0e40-429a-aa0f-a38d24ee13d3,BAPS USPSA August,2018-08-18,4,Blue,444A173F-15EB-4014-8D00-71600B20838C,Dave Campbell,23,61.55,6,85.62,Open,M,TY26527,MAJOR,Senior,145.5541,104.6285,4.6484,33.56,22,,11,1,,,,,,,
01b19908-0e40-429a-aa0f-a38d24ee13d3,BAPS USPSA August,2018-08-18,4,Blue,444A173F-15EB-4014-8D00-71600B20838C,Doug Dillon,24,60.64,3,80.89,Limited,B,A71359,MINOR,Law Enforcement,137.5120,103.0935,4.5802,34.06,27,,7,,,,,,,,
01b19908-0e40-429a-aa0f-a38d24ee13d3,BAPS USPSA August,2018-08-18,4,Blue,444A173F-15EB-4014-8D00-71600B20838C,Corey Slifko,25,59.98,4,80.00,Limited,A,A82935,MAJOR,,136.0078,101.9658,4.5301,35.54,27,,6,1,,,,,,,
01b19908-0e40-429a-aa0f-a38d24ee13d3,BAPS USPSA August,2018-08-18,4,Blue,444A173F-15EB-4014-8D00-71600B20838C,Randy Goodney,26,59.81,7,83.21,Open,C,A94852,MINOR,,141.4522,101.6799,4.5174,30.77,26,,5,1,1,,,,,,
01b19908-0e40-429a-aa0f-a38d24ee13d3,BAPS USPSA August,2018-08-18,4,Blue,444A173F-15EB-4014-8D00-71600B20838C,Covan Master,27,59.05,10,59.05,PCC,U,A111536,MINOR,,100.3857,100.3857,4.4599,30.27,33,,,,1,,2,,,,
01b19908-0e40-429a-aa0f-a38d24ee13d3,BAPS USPSA August,2018-08-18,4,Blue,444A173F-15EB-4014-8D00-71600B20838C,Jacob Robbins,28,58.72,2,90.94,Production,B,TY100679,MINOR,,154.5987,99.8207,4.4348,36.98,32,,1,1,,,,,,,
01b19908-0e40-429a-aa0f-a38d24ee13d3,BAPS USPSA August,2018-08-18,4,Blue,444A173F-15EB-4014-8D00-71600B20838C,JAY-R DELOS-SANTOS,29,57.25,5,71.53,Carry Optics,C,A70297,MINOR,,121.5953,97.3268,4.3240,34.69,30,,3,1,,,1,,,,
01b19908-0e40-429a-aa0f-a38d24ee13d3,BAPS USPSA August,2018-08-18,4,Blue,444A173F-15EB-4014-8D00-71600B20838C,Gary Wu,30,56.65,3,87.74,Production,B,L2998,MINOR,,149.1535,96.3049,4.2786,32.02,25,,7,1,1,,,,,,
01b19908-0e40-429a-aa0f-a38d24ee13d3,BAPS USPSA August,2018-08-18,4,Blue,444A173F-15EB-4014-8D00-71600B20838C,John Grimm,31,56.54,5,75.41,Limited,A,FY26952,MAJOR,,128.2018,96.1136,4.2701,37.47,26,,6,1,,,,,,,
01b19908-0e40-429a-aa0f-a38d24ee13d3,BAPS USPSA August,2018-08-18,4,Blue,444A173F-15EB-4014-8D00-71600B20838C,Johnny Taylor,32,56.14,11,56.14,PCC,none,TY83964,MINOR,,95.4338,95.4338,4.2399,38.68,31,,3,,,,,,,,
01b19908-0e40-429a-aa0f-a38d24ee13d3,BAPS USPSA August,2018-08-18,4,Blue,444A173F-15EB-4014-8D00-71600B20838C,Scott Ragsdale,33,56.11,4,86.90,Production,U,A91297,MINOR,,147.7382,95.3911,4.2380,35.63,31,,2,,1,,,,,,
01b19908-0e40-429a-aa0f-a38d24ee13d3,BAPS USPSA August,2018-08-18,4,Blue,444A173F-15EB-4014-8D00-71600B20838C,Jimmy Romero,34,55.75,12,55.75,PCC,D,A80274,MINOR,,94.7721,94.7721,4.2105,38.95,31,,3,,,,,,,,
01b19908-0e40-429a-aa0f-a38d24ee13d3,BAPS USPSA August,2018-08-18,4,Blue,444A173F-15EB-4014-8D00-71600B20838C,Marlon Poralan,35,54.72,6,68.36,Carry Optics,D,PEN,MINOR,,116.2157,93.0209,4.1327,36.78,26,,7,1,,,,,,,
01b19908-0e40-429a-aa0f-a38d24ee13d3,BAPS USPSA August,2018-08-18,4,Blue,444A173F-15EB-4014-8D00-71600B20838C,Michael Henss,36,54.25,6,72.36,Limited,C,A59966,MINOR,,123.0138,92.2241,4.0973,39.05,29,,5,,,,,,,,
01b19908-0e40-429a-aa0f-a38d24ee13d3,BAPS USPSA August,2018-08-18,4,Blue,444A173F-15EB-4014-8D00-71600B20838C,Dave Eickhoff,37,54.01,7,67.48,Carry Optics,C,TY5063,MINOR,,114.7169,91.8212,4.0794,37.26,27,,5,2,,,,,,,
01b19908-0e40-429a-aa0f-a38d24ee13d3,BAPS USPSA August,2018-08-18,4,Blue,444A173F-15EB-4014-8D00-71600B20838C,Deryle Lowery,38,53.77,5,83.28,Production,B,L2881,MINOR,,141.5818,91.4160,4.0614,38.41,28,,5,1,,,,,,,
01b19908-0e40-429a-aa0f-a38d24ee13d3,BAPS USPSA August,2018-08-18,4,Blue,444A173F-15EB-4014-8D00-71600B20838C,Roman Gwiscz,39,53.70,8,74.70,Open,B,A56629,MAJOR,,126.9920,91.2855,4.0556,34.52,24,,6,3,1,,,,,,
01b19908-0e40-429a-aa0f-a38d24ee13d3,BAPS USPSA August,2018-08-18,4,Blue,444A173F-15EB-4014-8D00-71600B20838C,Jeff Reeves,40,52.98,9,73.70,Open,U,A113620,MINOR,,125.2917,90.0633,4.0013,31.74,21,,10,2,1,,,,,,
01b19908-0e40-429a-aa0f-a38d24ee13d3,BAPS USPSA August,2018-08-18,4,Blue,444A173F-15EB-4014-8D00-71600B20838C,Mick Sambasile,41,52.48,10,73.01,Open,none,TY47665,MAJOR,,124.1174,89.2192,3.9638,40.87,26,,8,,,,,,,,
01b19908-0e40-429a-aa0f-a38d24ee13d3,BAPS USPSA August,2018-08-18,4,Blue,444A173F-15EB-4014-8D00-71600B20838C,Brandon Hill,42,51.66,2,62.98,Revolver,M,TY80518,MINOR,,107.0681,87.8169,3.9015,43.06,33,,1,,,,,,,,
01b19908-0e40-429a-aa0f-a38d24ee13d3,BAPS USPSA August,2018-08-18,4,Blue,444A173F-15EB-4014-8D00-71600B20838C,Steve Deardorff,43,51.46,6,79.70,Production,B,TY16844,MINOR,,135.4883,87.4816,3.8866,38.08,24,,9,1,,,,,,,
01b19908-0e40-429a-aa0f-a38d24ee13d3,BAPS USPSA August,2018-08-18,4,Blue,444A173F-15EB-4014-8D00-71600B20838C,Jerry Bedro,44,50.43,7,67.27,Limited,,A98263,MAJOR,,114.3551,85.7327,3.8089,43.32,31,,2,1,,,,,,,
01b19908-0e40-429a-aa0f-a38d24ee13d3,BAPS USPSA August,2018-08-18,4,Blue,444A173F-15EB-4014-8D00-71600B20838C,Eric Prehn,45,50.31,13,50.31,PCC,,TY93797,MINOR,,85.5188,85.5188,3.7994,40.27,32,,1,,1,,,,,,
01b19908-0e40-429a-aa0f-a38d24ee13d3,BAPS USPSA August,2018-08-18,4,Blue,444A173F-15EB-4014-8D00-71600B20838C,Jay Olmstead,46,50.13,14,50.13,PCC,B,L3738,MINOR,Super Senior,85.2285,85.2285,3.7865,43.84,32,,2,,,,,,,,
01b19908-0e40-429a-aa0f-a38d24ee13d3,BAPS USPSA August,2018-08-18,4,Blue,444A173F-15EB-4014-8D00-71600B20838C,Andrew Tacquard,47,49.73,8,66.33,Limited,U,L4517,MAJOR,Military,112.7639,84.5397,3.7559,40.47,30,,3,,1,,,,,,
01b19908-0e40-429a-aa0f-a38d24ee13d3,BAPS USPSA August,2018-08-18,4,Blue,444A173F-15EB-4014-8D00-71600B20838C,Danny Naramore,48,49.38,11,68.69,Open,B,PEN,MINOR,,116.7746,83.9410,3.7293,36.20,29,,3,1,1,,1,,,,
01b19908-0e40-429a-aa0f-a38d24ee13d3,BAPS USPSA August,2018-08-18,4,Blue,444A173F-15EB-4014-8D00-71600B20838C,Eric Castillo,49,48.89,9,65.22,Limited,,A87497,MINOR,,110.8664,83.1172,3.6927,37.10,24,,9,,1,,,,,,
01b19908-0e40-429a-aa0f-a38d24ee13d3,BAPS USPSA August,2018-08-18,4,Blue,444A173F-15EB-4014-8D00-71600B20838C,Paul Felker,50,47.41,8,59.23,Carry Optics,B,A107123,MINOR,,100.6873,80.5917,3.5805,31.56,26,,4,1,3,,,,,,
01b19908-0e40-429a-aa0f-a38d24ee13d3,BAPS USPSA August,2018-08-18,4,Blue,444A173F-15EB-4014-8D00-71600B20838C,Pat Byrne,51,46.23,7,71.60,Production,B,FY93921,MINOR,,121.7219,78.5930,3.4917,45.25,29,,3,1,,,,,,,
01b19908-0e40-429a-aa0f-a38d24ee13d3,BAPS USPSA August,2018-08-18,4,Blue,444A173F-15EB-4014-8D00-71600B20838C,Michael Pontious,52,44.91,10,59.90,Limited,C,TY94575,MAJOR,,101.8325,76.3444,3.3918,42.75,23,,6,,1,,,,,,
01b19908-0e40-429a-aa0f-a38d24ee13d3,BAPS USPSA August,2018-08-18,4,Blue,444A173F-15EB-4014-8D00-71600B20838C,Henry Moreno,53,44.17,12,61.45,Open,B,XXXXXX,MAJOR,,104.4593,75.0884,3.3360,38.07,23,,6,4,1,,1,,,,
01b19908-0e40-429a-aa0f-a38d24ee13d3,BAPS USPSA August,2018-08-18,4,Blue,444A173F-15EB-4014-8D00-71600B20838C,Michael Whitley,54,43.01,8,66.61,Production,U,A111091,MINOR,,113.2369,73.1144,3.2483,38.79,25,,7,,2,,,,,,
01b19908-0e40-429a-aa0f-a38d24ee13d3,BAPS USPSA August,2018-08-18,4,Blue,444A173F-15EB-4014-8D00-71600B20838C,Rob Moore,55,41.95,15,41.95,PCC,U,,MINOR,,71.3069,71.3069,3.1680,47.98,31,,2,1,,,1,,,,
01b19908-0e40-429a-aa0f-a38d24ee13d3,BAPS USPSA August,2018-08-18,4,Blue,444A173F-15EB-4014-8D00-71600B20838C,Herman Waddy,56,41.85,9,64.82,Production,C,A101165,MINOR,,110.1901,71.1471,3.1609,48.72,27,,6,1,,,,,,,
01b19908-0e40-429a-aa0f-a38d24ee13d3,BAPS USPSA August,2018-08-18,4,Blue,444A173F-15EB-4014-8D00-71600B20838C,Mickey Gallaway,57,40.76,11,54.37,Limited,B,FY556,MAJOR,Super Senior,92.4232,69.2902,3.0784,51.65,23,,10,,,,,,,,
01b19908-0e40-429a-aa0f-a38d24ee13d3,BAPS USPSA August,2018-08-18,4,Blue,444A173F-15EB-4014-8D00-71600B20838C,Emanuel Alcoseba,58,40.37,12,53.85,Limited,C,,MAJOR,,91.5465,68.6329,3.0492,43.29,24,,7,2,1,,1,,,,
01b19908-0e40-429a-aa0f-a38d24ee13d3,BAPS USPSA August,2018-08-18,4,Blue,444A173F-15EB-4014-8D00-71600B20838C,David Chow,59,40.09,10,62.08,Production,,A100573,MINOR,,105.5397,68.1445,3.0275,42.94,27,,5,,2,,,,,,
01b19908-0e40-429a-aa0f-a38d24ee13d3,BAPS USPSA August,2018-08-18,4,Blue,444A173F-15EB-4014-8D00-71600B20838C,Jim Duncan,60,38.87,11,60.20,Production,B,TY33325,MINOR,Senior,102.3430,66.0805,2.9358,49.39,29,,3,1,1,,,,,,
01b19908-0e40-429a-aa0f-a38d24ee13d3,BAPS USPSA August,2018-08-18,4,Blue,444A173F-15EB-4014-8D00-71600B20838C,John Austria,61,37.36,12,57.86,Production,B,FY82746,MINOR,,98.3585,63.5078,2.8215,43.24,23,,9,,2,,,,,,
01b19908-0e40-429a-aa0f-a38d24ee13d3,BAPS USPSA August,2018-08-18,4,Blue,444A173F-15EB-4014-8D00-71600B20838C,Jim Dieckow,62,37.12,16,37.12,PCC,,,MINOR,,63.0958,63.0958,2.8032,48.16,28,,5,,1,,1,,,,
01b19908-0e40-429a-aa0f-a38d24ee13d3,BAPS USPSA August,2018-08-18,4,Blue,444A173F-15EB-4014-8D00-71600B20838C,Robert Bui,63,37.07,13,57.42,Production,,A103016,MINOR,,97.6125,63.0261,2.8001,43.57,26,,3,3,2,,,,,,
01b19908-0e40-429a-aa0f-a38d24ee13d3,BAPS USPSA August,2018-08-18,4,Blue,444A173F-15EB-4014-8D00-71600B20838C,Anthony Smallwood,64,34.76,13,48.36,Open,U,7878,MAJOR,Senior,82.2085,59.0938,2.6254,55.61,28,,3,2,1,,,,,,
01b19908-0e40-429a-aa0f-a38d24ee13d3,BAPS USPSA August,2018-08-18,4,Blue,444A173F-15EB-4014-8D00-71600B20838C,Ralph Burbe,65,34.40,9,42.98,Carry Optics,U,A83904,MINOR,,73.0612,58.4794,2.5981,52.73,25,,7,1,1,,,,,,
01b19908-0e40-429a-aa0f-a38d24ee13d3,BAPS USPSA August,2018-08-18,4,Blue,444A173F-15EB-4014-8D00-71600B20838C,Jeffrey Polk,66,34.38,14,53.25,Production,C,A104167,MINOR,,90.5254,58.4501,2.5968,44.67,23,,6,3,2,,,,,,
01b19908-0e40-429a-aa0f-a38d24ee13d3,BAPS USPSA August,2018-08-18,4,Blue,444A173F-15EB-4014-8D00-71600B20838C,Ryan Alicaya,67,34.13,13,45.53,Limited,D,A106355,MAJOR,,77.3966,58.0247,2.5779,37.24,20,,8,2,4,,,,,,
01b19908-0e40-429a-aa0f-a38d24ee13d3,BAPS USPSA August,2018-08-18,4,Blue,444A173F-15EB-4014-8D00-71600B20838C,Jeff Taschner,68,31.41,14,41.90,Limited,U,A113659,MINOR,,71.2329,53.4037,2.3726,42.57,21,,8,2,3,,,,,,
01b19908-0e40-429a-aa0f-a38d24ee13d3,BAPS USPSA August,2018-08-18,4,Blue,444A173F-15EB-4014-8D00-71600B20838C,Tom Donahue,69,31.34,10,39.15,Carry Optics,U,TY69009,MINOR,,66.5540,53.2709,2.3667,65.07,31,,3,,,,1,,,,
01b19908-0e40-429a-aa0f-a38d24ee13d3,BAPS USPSA August,2018-08-18,4,Blue,444A173F-15EB-4014-8D00-71600B20838C,Steve McNamara,70,28.15,15,37.54,Limited,C,,MAJOR,,63.8262,47.8508,2.1259,58.80,23,,5,3,2,,,,,,
01b19908-0e40-429a-aa0f-a38d24ee13d3,BAPS USPSA August,2018-08-18,4,Blue,444A173F-15EB-4014-8D00-71600B20838C,Richard Dillow,71,25.23,16,33.66,Limited,C,FY57446,MAJOR,Senior; Super Senior,57.2181,42.8967,1.9058,74.51,24,,7,2,1,,,,,,
01b19908-0e40-429a-aa0f-a38d24ee13d3,BAPS USPSA August,2018-08-18,4,Blue,444A173F-15EB-4014-8D00-71600B20838C,Matt Lem,72,24.52,15,37.98,Production,A,TY34763,MINOR,,64.5579,41.6835,1.8519,21.06,21,,4,2,7,,,1,,,
01b19908-0e40-429a-aa0f-a38d24ee13d3,BAPS USPSA August,2018-08-18,4,Blue,444A173F-15EB-4014-8D00-71600B20838C,Bill Kinstley,73,23.80,17,31.74,Limited,C,A104836,MAJOR,,53.9636,40.4568,1.7974,55.08,21,,8,1,4,,,,,,
01b19908-0e40-429a-aa0f-a38d24ee13d3,BAPS USPSA August,2018-08-18,4,Blue,444A173F-15EB-4014-8D00-71600B20838C,William Chan,74,19.06,18,25.43,Limited,D,TY97870,MINOR,,43.2303,32.4100,1.4399,34.03,15,,10,4,5,,1,,,,
01b19908-0e40-429a-aa0f-a38d24ee13d3,BAPS USPSA August,2018-08-18,4,Blue,444A173F-15EB-4014-8D00-71600B20838C,Shane Jones,75,14.34,16,22.21,Production,,TY101533,MINOR,,37.7572,24.3790,1.0831,95.10,25,,6,,3,,1,,,,
01b19908-0e40-429a-aa0f-a38d24ee13d3,BAPS USPSA August,2018-08-18,4,Blue,444A173F-15EB-4014-8D00-71600B20838C,Ron Potier,76,13.83,19,18.45,Limited,U,TY113089,MINOR,,31.3682,23.5169,1.0448,82.31,21,,5,3,4,,,,,,
01b19908-0e40-429a-aa0f-a38d24ee13d3,BAPS USPSA August,2018-08-18,4,Blue,444A173F-15EB-4014-8D00-71600B20838C,Kevin Fontenot,77,11.77,17,18.22,Production,U,A112054,MINOR,,30.9769,20.0011,0.8886,70.90,23,,5,,5,,,2,,,
01b19908-0e40-429a-aa0f-a38d24ee13d3,BAPS USPSA August,2018-08-18,4,Blue,444A173F-15EB-4014-8D00-71600B20838C,Michael Martin,78,10.76,1,100.00,Single Stack,,8551,MAJOR,,170.0000,18.2882,0.8125,65.23,17,,8,3,6,,,1,,,
01b19908-0e40-429a-aa0f-a38d24ee13d3,BAPS USPSA August,2018-08-18,4,Blue,444A173F-15EB-4014-8D00-71600B20838C,Albert Molina,79,1.12,18,1.74,Production,D,A107586,MINOR,,2.9562,1.9087,0.0848,70.74,20,,5,1,8,,3,,,,
01b19908-0e40-429a-aa0f-a38d24ee13d3,BAPS USPSA August,2018-08-18,4,Blue,444A173F-15EB-4014-8D00-71600B20838C,Travis Richard,80,0.00,19,0.00,Production,,,MINOR,,0.0000,0.0000,0.0000,88.82,14,,4,3,12,,,,,,
01b19908-0e40-429a-aa0f-a38d24ee13d3,BAPS USPSA August,2018-08-18,5,Green,2578527C-EFF6-4497-8854-69C0AFFAABDA,Wade Pruetz,1,100.00,1,100.00,PCC,M,,MINOR,,70.0000,70.0000,9.6022,7.29,14,,,,,,,,,,
01b19908-0e40-429a-aa0f-a38d24ee13d3,BAPS USPSA August,2018-08-18,5,Green,2578527C-EFF6-4497-8854-69C0AFFAABDA,Paul Van  wyk,2,89.46,2,89.46,PCC,,,MINOR,,62.6254,62.6254,8.5906,7.45,12,,1,1,,,,,,,
01b19908-0e40-429a-aa0f-a38d24ee13d3,BAPS USPSA August,2018-08-18,5,Green,2578527C-EFF6-4497-8854-69C0AFFAABDA,Alex Goben,3,81.78,1,100.00,Carry Optics,B,A86498,MINOR,,70.0000,57.2425,7.8522,8.66,13,,1,,,,,,,,
01b19908-0e40-429a-aa0f-a38d24ee13d3,BAPS USPSA August,2018-08-18,5,Green,2578527C-EFF6-4497-8854-69C0AFFAABDA,Corey Slifko,4,79.83,1,100.00,Limited,A,A82935,MAJOR,,70.0000,55.8844,7.6659,8.74,13,,,1,,,,,,,
01b19908-0e40-429a-aa0f-a38d24ee13d3,BAPS USPSA August,2018-08-18,5,Green,2578527C-EFF6-4497-8854-69C0AFFAABDA,Dave Campbell,5,76.64,1,100.00,Open,M,TY26527,MAJOR,Senior,70.0000,53.6493,7.3593,9.24,12,,2,,,,,,,,
01b19908-0e40-429a-aa0f-a38d24ee13d3,BAPS USPSA August,2018-08-18,5,Green,2578527C-EFF6-4497-8854-69C0AFFAABDA,Eddie Jimenea,6,73.10,2,95.38,Open,M,A14869,MAJOR,,66.7660,51.1707,7.0193,9.83,13,,1,,,,,,,,
01b19908-0e40-429a-aa0f-a38d24ee13d3,BAPS USPSA August,2018-08-18,5,Green,2578527C-EFF6-4497-8854-69C0AFFAABDA,Randy Goodney,7,70.98,3,92.62,Open,C,A94852,MINOR,,64.8323,49.6886,6.8160,10.27,14,,,,,,,,,,
01b19908-0e40-429a-aa0f-a38d24ee13d3,BAPS USPSA August,2018-08-18,5,Green,2578527C-EFF6-4497-8854-69C0AFFAABDA,Tony Phan,8,70.21,2,87.94,Limited,A,FY11963,MINOR,,61.5599,49.1462,6.7416,9.79,12,,1,,,,,,,,
01b19908-0e40-429a-aa0f-a38d24ee13d3,BAPS USPSA August,2018-08-18,5,Green,2578527C-EFF6-4497-8854-69C0AFFAABDA,Bob Zweck,9,68.67,4,89.59,Open,B,A94853,MAJOR,,62.7149,48.0659,6.5934,10.01,10,,4,,,,,,,,
01b19908-0e40-429a-aa0f-a38d24ee13d3,BAPS USPSA August,2018-08-18,5,Green,2578527C-EFF6-4497-8854-69C0AFFAABDA,Johnny Taylor,10,67.83,3,67.83,PCC,none,TY83964,MINOR,,47.4827,47.4827,6.5134,10.44,13,,1,,,,,,,,
01b19908-0e40-429a-aa0f-a38d24ee13d3,BAPS USPSA August,2018-08-18,5,Green,2578527C-EFF6-4497-8854-69C0AFFAABDA,JAY-R DELOS-SANTOS,11,67.44,2,82.48,Carry Optics,C,A70297,MINOR,,57.7334,47.2115,6.4762,10.50,13,,1,,,,,,,,
01b19908-0e40-429a-aa0f-a38d24ee13d3,BAPS USPSA August,2018-08-18,5,Green,2578527C-EFF6-4497-8854-69C0AFFAABDA,John Nixon,12,67.06,5,87.50,Open,A,A40007,MAJOR,,61.2530,46.9454,6.4397,10.87,14,,,,,,,,,,
01b19908-0e40-429a-aa0f-a38d24ee13d3,BAPS USPSA August,2018-08-18,5,Green,2578527C-EFF6-4497-8854-69C0AFFAABDA,Danny Naramore,13,66.67,6,86.99,Open,B,PEN,MINOR,,60.8906,46.6676,6.4016,10.31,12,,2,,,,,,,,
01b19908-0e40-429a-aa0f-a38d24ee13d3,BAPS USPSA August,2018-08-18,5,Green,2578527C-EFF6-4497-8854-69C0AFFAABDA,Albert Calderon,14,65.77,7,85.82,Open,B,A74722,MAJOR,,60.0745,46.0422,6.3158,10.45,10,,4,,,,,,,,
01b19908-0e40-429a-aa0f-a38d24ee13d3,BAPS USPSA August,2018-08-18,5,Green,2578527C-EFF6-4497-8854-69C0AFFAABDA,Eric Prehn,15,64.34,4,64.34,PCC,,TY93797,MINOR,,45.0398,45.0398,6.1783,11.33,14,,,,,,,,,,
01b19908-0e40-429a-aa0f-a38d24ee13d3,BAPS USPSA August,2018-08-18,5,Green,2578527C-EFF6-4497-8854-69C0AFFAABDA,Brandon Hill,16,63.40,1,100.00,Revolver,M,TY80518,MINOR,,70.0000,44.3793,6.0877,11.17,13,,1,,,,,,,,
01b19908-0e40-429a-aa0f-a38d24ee13d3,BAPS USPSA August,2018-08-18,5,Green,2578527C-EFF6-4497-8854-69C0AFFAABDA,Jay Bennett,17,63.34,5,63.34,PCC,A,A77156,MINOR,,44.3399,44.3399,6.0823,11.18,13,,1,,,,,,,,
01b19908-0e40-429a-aa0f-a38d24ee13d3,BAPS USPSA August,2018-08-18,5,Green,2578527C-EFF6-4497-8854-69C0AFFAABDA,Michael Henss,18,61.90,3,77.54,Limited,C,A59966,MINOR,,54.2776,43.3325,5.9441,11.44,13,,1,,,,,,,,
01b19908-0e40-429a-aa0f-a38d24ee13d3,BAPS USPSA August,2018-08-18,5,Green,2578527C-EFF6-4497-8854-69C0AFFAABDA,Matt Lem,19,61.53,1,100.00,Production,A,TY34763,MINOR,,70.0000,43.0744,5.9087,11.17,12,,2,,,,,,,,
01b19908-0e40-429a-aa0f-a38d24ee13d3,BAPS USPSA August,2018-08-18,5,Green,2578527C-EFF6-4497-8854-69C0AFFAABDA,Paul Felker,20,61.53,3,75.24,Carry Optics,B,A107123,MINOR,,52.6672,43.0686,5.9079,11.51,13,,1,,,,,,,,
01b19908-0e40-429a-aa0f-a38d24ee13d3,BAPS USPSA August,2018-08-18,5,Green,2578527C-EFF6-4497-8854-69C0AFFAABDA,Marlon Poralan,21,61.26,4,74.91,Carry Optics,D,PEN,MINOR,,52.4398,42.8827,5.8824,11.56,13,,1,,,,,,,,
01b19908-0e40-429a-aa0f-a38d24ee13d3,BAPS USPSA August,2018-08-18,5,Green,2578527C-EFF6-4497-8854-69C0AFFAABDA,Ricky Wiley,22,61.10,5,74.71,Carry Optics,U,A91320,MINOR,,52.2999,42.7682,5.8667,11.25,13,,,1,,,,,,,
01b19908-0e40-429a-aa0f-a38d24ee13d3,BAPS USPSA August,2018-08-18,5,Green,2578527C-EFF6-4497-8854-69C0AFFAABDA,Tyler Jones,23,60.79,6,60.79,PCC,,,MINOR,,42.5510,42.5510,5.8369,11.65,13,,1,,,,,,,,
01b19908-0e40-429a-aa0f-a38d24ee13d3,BAPS USPSA August,2018-08-18,5,Green,2578527C-EFF6-4497-8854-69C0AFFAABDA,Eric Castillo,24,59.73,4,74.82,Limited,,A87497,MINOR,,52.3719,41.8110,5.7354,10.81,10,,4,,,,,,,,
01b19908-0e40-429a-aa0f-a38d24ee13d3,BAPS USPSA August,2018-08-18,5,Green,2578527C-EFF6-4497-8854-69C0AFFAABDA,Mike Junco,25,58.40,2,94.90,Production,A,A107182,MINOR,,66.4317,40.8787,5.6075,11.77,12,,2,,,,,,,,
01b19908-0e40-429a-aa0f-a38d24ee13d3,BAPS USPSA August,2018-08-18,5,Green,2578527C-EFF6-4497-8854-69C0AFFAABDA,Gary Wu,26,57.96,3,94.19,Production,B,L2998,MINOR,,65.9306,40.5703,5.5652,11.50,11,,3,,,,,,,,
01b19908-0e40-429a-aa0f-a38d24ee13d3,BAPS USPSA August,2018-08-18,5,Green,2578527C-EFF6-4497-8854-69C0AFFAABDA,Anthony Smallwood,27,57.95,8,75.62,Open,U,7878,MAJOR,Senior,52.9311,40.5674,5.5648,12.04,13,,,1,,,,,,,
01b19908-0e40-429a-aa0f-a38d24ee13d3,BAPS USPSA August,2018-08-18,5,Green,2578527C-EFF6-4497-8854-69C0AFFAABDA,Henry Moreno,28,57.46,9,74.98,Open,B,XXXXXX,MAJOR,,52.4841,40.2247,5.5178,11.78,9,,5,,,,,,,,
01b19908-0e40-429a-aa0f-a38d24ee13d3,BAPS USPSA August,2018-08-18,5,Green,2578527C-EFF6-4497-8854-69C0AFFAABDA,Deryle Lowery,29,57.34,4,93.19,Production,B,L2881,MINOR,,65.2304,40.1394,5.5061,12.35,13,,1,,,,,,,,
01b19908-0e40-429a-aa0f-a38d24ee13d3,BAPS USPSA August,2018-08-18,5,Green,2578527C-EFF6-4497-8854-69C0AFFAABDA,Jon Baguio,30,57.25,6,70.01,Carry Optics,D,PENDING,MINOR,,49.0059,40.0746,5.4972,12.37,13,,1,,,,,,,,
01b19908-0e40-429a-aa0f-a38d24ee13d3,BAPS USPSA August,2018-08-18,5,Green,2578527C-EFF6-4497-8854-69C0AFFAABDA,Doug Dillon,31,55.20,5,69.14,Limited,B,A71359,MINOR,Law Enforcement,48.3971,38.6377,5.3001,12.83,13,,1,,,,,,,,
01b19908-0e40-429a-aa0f-a38d24ee13d3,BAPS USPSA August,2018-08-18,5,Green,2578527C-EFF6-4497-8854-69C0AFFAABDA,Duane Mendoza,32,54.72,7,66.92,Carry Optics,U,TY98162,MINOR,,46.8450,38.3075,5.2548,12.56,12,,2,,,,,,,,
01b19908-0e40-429a-aa0f-a38d24ee13d3,BAPS USPSA August,2018-08-18,5,Green,2578527C-EFF6-4497-8854-69C0AFFAABDA,Jerry McClain,33,54.29,6,68.01,Limited,B,,MAJOR,,47.6045,38.0049,5.2133,12.66,10,,4,,,,,,,,
01b19908-0e40-429a-aa0f-a38d24ee13d3,BAPS USPSA August,2018-08-18,5,Green,2578527C-EFF6-4497-8854-69C0AFFAABDA,Steve McNamara,34,53.80,7,67.39,Limited,C,,MAJOR,,47.1707,37.6587,5.1658,12.97,11,,2,,,,,,,,
01b19908-0e40-429a-aa0f-a38d24ee13d3,BAPS USPSA August,2018-08-18,5,Green,2578527C-EFF6-4497-8854-69C0AFFAABDA,Jeffrey Polk,35,53.45,5,86.86,Production,C,A104167,MINOR,,60.7997,37.4130,5.1321,13.25,13,,1,,,,,,,,
01b19908-0e40-429a-aa0f-a38d24ee13d3,BAPS USPSA August,2018-08-18,5,Green,2578527C-EFF6-4497-8854-69C0AFFAABDA,Scott Ragsdale,36,53.06,6,86.22,Production,U,A91297,MINOR,,60.3542,37.1389,5.0945,12.17,10,,4,,,,,,,,
01b19908-0e40-429a-aa0f-a38d24ee13d3,BAPS USPSA August,2018-08-18,5,Green,2578527C-EFF6-4497-8854-69C0AFFAABDA,Jimmy Romero,37,52.86,7,52.86,PCC,D,A80274,MINOR,,37.0047,37.0047,5.0761,13.79,14,,,,,,,,,,
01b19908-0e40-429a-aa0f-a38d24ee13d3,BAPS USPSA August,2018-08-18,5,Green,2578527C-EFF6-4497-8854-69C0AFFAABDA,Gary Owens,38,52.85,10,68.95,Open,C,FY101331,MAJOR,,48.2684,36.9938,5.0746,13.40,12,,2,,,,,,,,
01b19908-0e40-429a-aa0f-a38d24ee13d3,BAPS USPSA August,2018-08-18,5,Green,2578527C-EFF6-4497-8854-69C0AFFAABDA,Dave Eickhoff,39,52.50,8,64.20,Carry Optics,C,TY5063,MINOR,,44.9372,36.7474,5.0408,13.49,13,,1,,,,,,,,
01b19908-0e40-429a-aa0f-a38d24ee13d3,BAPS USPSA August,2018-08-18,5,Green,2578527C-EFF6-4497-8854-69C0AFFAABDA,Mick Sambasile,40,52.03,11,67.89,Open,none,TY47665,MAJOR,,47.5218,36.4215,4.9961,12.81,10,,3,1,,,,,,,
01b19908-0e40-429a-aa0f-a38d24ee13d3,BAPS USPSA August,2018-08-18,5,Green,2578527C-EFF6-4497-8854-69C0AFFAABDA,Jim Duncan,41,51.68,7,83.98,Production,B,TY33325,MINOR,Senior,58.7892,36.1759,4.9624,13.30,13,,,1,,,,,,,
01b19908-0e40-429a-aa0f-a38d24ee13d3,BAPS USPSA August,2018-08-18,5,Green,2578527C-EFF6-4497-8854-69C0AFFAABDA,Davis Moore,42,51.56,8,51.56,PCC,U,A112940,MINOR,,36.0891,36.0891,4.9505,14.14,14,,,,,,,,,,
01b19908-0e40-429a-aa0f-a38d24ee13d3,BAPS USPSA August,2018-08-18,5,Green,2578527C-EFF6-4497-8854-69C0AFFAABDA,Jacob Robbins,43,51.35,8,83.45,Production,B,TY100679,MINOR,,58.4184,35.9477,4.9311,13.79,13,,1,,,,,,,,
01b19908-0e40-429a-aa0f-a38d24ee13d3,BAPS USPSA August,2018-08-18,5,Green,2578527C-EFF6-4497-8854-69C0AFFAABDA,Juliann Milks,44,51.19,9,51.19,PCC,,A110188,MINOR,,35.8340,35.8340,4.9155,13.02,11,,3,,,,,,,,
01b19908-0e40-429a-aa0f-a38d24ee13d3,BAPS USPSA August,2018-08-18,5,Green,2578527C-EFF6-4497-8854-69C0AFFAABDA,Michael Pontious,45,50.73,8,63.54,Limited,C,TY94575,MAJOR,,44.4770,35.5081,4.8708,10.06,7,,5,,1,,,,,,
01b19908-0e40-429a-aa0f-a38d24ee13d3,BAPS USPSA August,2018-08-18,5,Green,2578527C-EFF6-4497-8854-69C0AFFAABDA,Robert Bui,46,50.35,9,81.83,Production,,A103016,MINOR,,57.2776,35.2457,4.8348,12.41,10,,3,1,,,,,,,
01b19908-0e40-429a-aa0f-a38d24ee13d3,BAPS USPSA August,2018-08-18,5,Green,2578527C-EFF6-4497-8854-69C0AFFAABDA,Pat Byrne,47,48.37,10,78.61,Production,B,FY93921,MINOR,,55.0243,33.8591,4.6446,14.21,12,,2,,,,,,,,
01b19908-0e40-429a-aa0f-a38d24ee13d3,BAPS USPSA August,2018-08-18,5,Green,2578527C-EFF6-4497-8854-69C0AFFAABDA,Rob Moore,48,47.93,10,47.93,PCC,U,,MINOR,,33.5500,33.5500,4.6022,15.21,14,,,,,,,,,,
01b19908-0e40-429a-aa0f-a38d24ee13d3,BAPS USPSA August,2018-08-18,5,Green,2578527C-EFF6-4497-8854-69C0AFFAABDA,David Chow,49,47.55,11,77.28,Production,,A100573,MINOR,,54.0955,33.2876,4.5662,13.14,11,,,2,,,,,,,
01b19908-0e40-429a-aa0f-a38d24ee13d3,BAPS USPSA August,2018-08-18,5,Green,2578527C-EFF6-4497-8854-69C0AFFAABDA,Andrew Tacquard,50,47.55,9,59.57,Limited,U,L4517,MAJOR,Military,41.6956,33.2876,4.5662,15.33,14,,,,,,,,,,
01b19908-0e40-429a-aa0f-a38d24ee13d3,BAPS USPSA August,2018-08-18,5,Green,2578527C-EFF6-4497-8854-69C0AFFAABDA,Gerrit Milks,51,47.45,11,47.45,PCC,B,A67608,MINOR,,33.2118,33.2118,4.5558,8.78,12,,,,2,,,,,,
01b19908-0e40-429a-aa0f-a38d24ee13d3,BAPS USPSA August,2018-08-18,5,Green,2578527C-EFF6-4497-8854-69C0AFFAABDA,William Chan,52,46.48,10,58.22,Limited,D,TY97870,MINOR,,40.7569,32.5382,4.4634,10.53,9,,4,,1,,,,,,
01b19908-0e40-429a-aa0f-a38d24ee13d3,BAPS USPSA August,2018-08-18,5,Green,2578527C-EFF6-4497-8854-69C0AFFAABDA,Robert Hollier,53,45.22,12,45.22,PCC,C,FY24941,MINOR,Senior,31.6561,31.6561,4.3424,16.12,14,,,,,,,,,,
01b19908-0e40-429a-aa0f-a38d24ee13d3,BAPS USPSA August,2018-08-18,5,Green,2578527C-EFF6-4497-8854-69C0AFFAABDA,John Grimm,54,44.67,11,55.96,Limited,A,FY26952,MAJOR,,39.1689,31.2704,4.2895,14.92,8,,6,,,,,,,,
01b19908-0e40-429a-aa0f-a38d24ee13d3,BAPS USPSA August,2018-08-18,5,Green,2578527C-EFF6-4497-8854-69C0AFFAABDA,Michael Whitley,55,44.59,12,72.47,Production,U,A111091,MINOR,,50.7298,31.2165,4.2821,11.91,11,,1,,1,,,,,,
01b19908-0e40-429a-aa0f-a38d24ee13d3,BAPS USPSA August,2018-08-18,5,Green,2578527C-EFF6-4497-8854-69C0AFFAABDA,Covan Master,56,44.56,13,44.56,PCC,U,A111536,MINOR,,31.1917,31.1917,4.2787,16.36,14,,,,,,,,,,
01b19908-0e40-429a-aa0f-a38d24ee13d3,BAPS USPSA August,2018-08-18,5,Green,2578527C-EFF6-4497-8854-69C0AFFAABDA,Jeff Reeves,57,42.88,12,55.95,Open,U,A113620,MINOR,,39.1628,30.0151,4.1173,16.03,12,,2,,,,,,,,
01b19908-0e40-429a-aa0f-a38d24ee13d3,BAPS USPSA August,2018-08-18,5,Green,2578527C-EFF6-4497-8854-69C0AFFAABDA,Mickey Gallaway,58,42.53,12,53.28,Limited,B,FY556,MAJOR,Super Senior,37.2933,29.7731,4.0841,16.65,12,,2,,,,,,,,
01b19908-0e40-429a-aa0f-a38d24ee13d3,BAPS USPSA August,2018-08-18,5,Green,2578527C-EFF6-4497-8854-69C0AFFAABDA,Roman Gwiscz,59,39.83,13,51.97,Open,B,A56629,MAJOR,,36.3806,27.8828,3.8248,18.04,13,,1,,,,,,,,
01b19908-0e40-429a-aa0f-a38d24ee13d3,BAPS USPSA August,2018-08-18,5,Green,2578527C-EFF6-4497-8854-69C0AFFAABDA,JW Aguirre,60,39.53,2,62.35,Revolver,C,A87708,MINOR,Junior,43.6429,27.6692,3.7955,12.91,11,,1,1,1,,,,,,
01b19908-0e40-429a-aa0f-a38d24ee13d3,BAPS USPSA August,2018-08-18,5,Green,2578527C-EFF6-4497-8854-69C0AFFAABDA,Shane Jones,61,39.50,13,64.20,Production,,TY101533,MINOR,,44.9366,27.6517,3.7931,17.40,12,,2,,,,,,,,
01b19908-0e40-429a-aa0f-a38d24ee13d3,BAPS USPSA August,2018-08-18,5,Green,2578527C-EFF6-4497-8854-69C0AFFAABDA,Emanuel Alcoseba,62,36.65,13,45.90,Limited,C,,MAJOR,,32.1323,25.6528,3.5189,19.04,11,,3,,,,,,,,
01b19908-0e40-429a-aa0f-a38d24ee13d3,BAPS USPSA August,2018-08-18,5,Green,2578527C-EFF6-4497-8854-69C0AFFAABDA,Ralph Burbe,63,36.21,9,44.29,Carry Optics,U,A83904,MINOR,,31.0000,25.3502,3.4774,20.13,14,,,,,,,,,,
01b19908-0e40-429a-aa0f-a38d24ee13d3,BAPS USPSA August,2018-08-18,5,Green,2578527C-EFF6-4497-8854-69C0AFFAABDA,Steve Deardorff,64,35.09,14,57.02,Production,B,TY16844,MINOR,,39.9171,24.5629,3.3694,15.73,12,,1,,1,,,,,,
01b19908-0e40-429a-aa0f-a38d24ee13d3,BAPS USPSA August,2018-08-18,5,Green,2578527C-EFF6-4497-8854-69C0AFFAABDA,Jeff Taschner,65,33.18,14,41.56,Limited,U,A113659,MINOR,,29.0897,23.2237,3.1857,20.09,11,,2,,,,,,,,
01b19908-0e40-429a-aa0f-a38d24ee13d3,BAPS USPSA August,2018-08-18,5,Green,2578527C-EFF6-4497-8854-69C0AFFAABDA,Herman Waddy,66,32.75,15,53.22,Production,C,A101165,MINOR,,37.2551,22.9249,3.1447,14.31,8,,5,,1,,,,,,
01b19908-0e40-429a-aa0f-a38d24ee13d3,BAPS USPSA August,2018-08-18,5,Green,2578527C-EFF6-4497-8854-69C0AFFAABDA,John Austria,67,32.29,16,52.47,Production,B,FY82746,MINOR,,36.7279,22.6004,3.1002,13.87,12,,1,,1,,1,,,,
01b19908-0e40-429a-aa0f-a38d24ee13d3,BAPS USPSA August,2018-08-18,5,Green,2578527C-EFF6-4497-8854-69C0AFFAABDA,Richard Dillow,68,32.06,15,40.16,Limited,C,FY57446,MAJOR,Senior; Super Senior,28.1127,22.4437,3.0787,16.89,10,,3,,1,,,,,,
01b19908-0e40-429a-aa0f-a38d24ee13d3,BAPS USPSA August,2018-08-18,5,Green,2578527C-EFF6-4497-8854-69C0AFFAABDA,Jay Olmstead,69,31.56,14,31.56,PCC,B,L3738,MINOR,Super Senior,22.0909,22.0909,3.0303,18.15,13,,,,1,,,,,,
01b19908-0e40-429a-aa0f-a38d24ee13d3,BAPS USPSA August,2018-08-18,5,Green,2578527C-EFF6-4497-8854-69C0AFFAABDA,Jerry Bedro,70,27.68,16,34.67,Limited,,A98263,MAJOR,,24.2693,19.3754,2.6578,15.05,12,,,,2,,,,,,
01b19908-0e40-429a-aa0f-a38d24ee13d3,BAPS USPSA August,2018-08-18,5,Green,2578527C-EFF6-4497-8854-69C0AFFAABDA,Bill Kinstley,71,27.39,17,34.31,Limited,C,A104836,MAJOR,,24.0173,19.1741,2.6302,19.01,8,,5,,1,,,,,,
01b19908-0e40-429a-aa0f-a38d24ee13d3,BAPS USPSA August,2018-08-18,5,Green,2578527C-EFF6-4497-8854-69C0AFFAABDA,Kevin Fontenot,72,26.99,17,43.86,Production,U,A112054,MINOR,,30.7025,18.8928,2.5916,22.38,13,,1,,,,1,,,,
01b19908-0e40-429a-aa0f-a38d24ee13d3,BAPS USPSA August,2018-08-18,5,Green,2578527C-EFF6-4497-8854-69C0AFFAABDA,Ron Potier,73,22.66,18,28.38,Limited,U,TY113089,MINOR,,19.8652,15.8594,2.1755,27.58,10,,3,1,,,,,,,
01b19908-0e40-429a-aa0f-a38d24ee13d3,BAPS USPSA August,2018-08-18,5,Green,2578527C-EFF6-4497-8854-69C0AFFAABDA,Jim Dieckow,74,22.60,15,22.60,PCC,,,MINOR,,15.8178,15.8178,2.1698,31.34,13,,1,,,,,,,,
01b19908-0e40-429a-aa0f-a38d24ee13d3,BAPS USPSA August,2018-08-18,5,Green,2578527C-EFF6-4497-8854-69C0AFFAABDA,Carey Pardue,75,22.01,16,22.01,PCC,A,A56016,MINOR,,15.4081,15.4081,2.1136,7.57,10,,2,,2,,,2,,,
01b19908-0e40-429a-aa0f-a38d24ee13d3,BAPS USPSA August,2018-08-18,5,Green,2578527C-EFF6-4497-8854-69C0AFFAABDA,Tom Donahue,76,20.65,10,25.25,Carry Optics,U,TY69009,MINOR,,17.6770,14.4553,1.9829,18.66,9,,4,,1,,,1,,,
01b19908-0e40-429a-aa0f-a38d24ee13d3,BAPS USPSA August,2018-08-18,5,Green,2578527C-EFF6-4497-8854-69C0AFFAABDA,Travis Richard,77,17.50,18,28.44,Production,,,MINOR,,19.9064,12.2494,1.6803,23.21,10,,3,,1,,1,,,,
01b19908-0e40-429a-aa0f-a38d24ee13d3,BAPS USPSA August,2018-08-18,5,Green,2578527C-EFF6-4497-8854-69C0AFFAABDA,Albert Molina,78,10.11,19,16.43,Production,D,A107586,MINOR,,11.5022,7.0779,0.9709,36.05,8,,5,,1,,1,,,,
01b19908-0e40-429a-aa0f-a38d24ee13d3,BAPS USPSA August,2018-08-18,5,Green,2578527C-EFF6-4497-8854-69C0AFFAABDA,Ryan Alicaya,79,7.76,19,9.72,Limited,D,A106355,MAJOR,,6.8047,5.4325,0.7452,20.13,9,,2,1,2,,2,,,,
01b19908-0e40-429a-aa0f-a38d24ee13d3,BAPS USPSA August,2018-08-18,5,Green,2578527C-EFF6-4497-8854-69C0AFFAABDA,Michael Martin,80,0.00,1,0.00,Single Stack,,8551,MAJOR,,0.0000,0.0000,0.0000,31.26,6,,,,8,,8,,,,
01b19908-0e40-429a-aa0f-a38d24ee13d3,BAPS USPSA August,2018-08-18,6,Cm 99-07,7775BADC-F230-4D4C-B449-F566FAB24EEE,Wade Pruetz,1,100.00,1,100.00,PCC,M,,MINOR,,90.0000,90.0000,6.9647,,14,,2,1,1,,,,,,"[2.93, 3.92, 2.77]"
01b19908-0e40-429a-aa0f-a38d24ee13d3,BAPS USPSA August,2018-08-18,6,Cm 99-07,7775BADC-F230-4D4C-B449-F566FAB24EEE,Paul Van  wyk,2,95.72,2,95.72,PCC,,,MINOR,,86.1492,86.1492,6.6667,,15,,3,,,,,,,,"[3.88, 5.08, 3.64]"
01b19908-0e40-429a-aa0f-a38d24ee13d3,BAPS USPSA August,2018-08-18,6,Cm 99-07,7775BADC-F230-4D4C-B449-F566FAB24EEE,Paul Felker,3,91.53,1,100.00,Carry Optics,B,A107123,MINOR,,90.0000,82.3810,6.3751,,16,,2,,,,,,,,"[4.60, 4.86, 4.03]"
01b19908-0e40-429a-aa0f-a38d24ee13d3,BAPS USPSA August,2018-08-18,6,Cm 99-07,7775BADC-F230-4D4C-B449-F566FAB24EEE,Dave Campbell,4,89.10,1,100.00,Open,M,TY26527,MAJOR,Senior,90.0000,80.1920,6.2057,,12,,5,,1,,,,,,"[3.83, 3.93, 3.52]"
01b19908-0e40-429a-aa0f-a38d24ee13d3,BAPS USPSA August,2018-08-18,6,Cm 99-07,7775BADC-F230-4D4C-B449-F566FAB24EEE,JW Aguirre,5,84.46,1,100.00,Revolver,C,A87708,MINOR,Junior,90.0000,76.0142,5.8824,,13,,4,,,,,,,,"[4.36, 4.83, 4.41]"
01b19908-0e40-429a-aa0f-a38d24ee13d3,BAPS USPSA August,2018-08-18,6,Cm 99-07,7775BADC-F230-4D4C-B449-F566FAB24EEE,Jay Bennett,6,81.99,3,81.99,PCC,A,A77156,MINOR,,73.7941,73.7941,5.7106,,17,,1,,,,,,,,"[4.28, 4.77, 6.36]"
01b19908-0e40-429a-aa0f-a38d24ee13d3,BAPS USPSA August,2018-08-18,6,Cm 99-07,7775BADC-F230-4D4C-B449-F566FAB24EEE,Alex Goben,7,81.55,2,89.09,Carry Optics,B,A86498,MINOR,,80.1799,73.3922,5.6795,,16,,1,1,,,,,,,"[4.35, 4.73, 5.71]"
01b19908-0e40-429a-aa0f-a38d24ee13d3,BAPS USPSA August,2018-08-18,6,Cm 99-07,7775BADC-F230-4D4C-B449-F566FAB24EEE,Matt Lem,8,80.20,1,100.00,Production,A,TY34763,MINOR,,90.0000,72.1801,5.5857,,9,,9,,,,,,,,"[4.24, 4.40, 4.25]"
01b19908-0e40-429a-aa0f-a38d24ee13d3,BAPS USPSA August,2018-08-18,6,Cm 99-07,7775BADC-F230-4D4C-B449-F566FAB24EEE,Brandon Hill,9,80.09,2,94.82,Revolver,M,TY80518,MINOR,,85.3381,72.0768,5.5777,,15,,3,,,,,,,,"[4.81, 5.52, 4.73]"
01b19908-0e40-429a-aa0f-a38d24ee13d3,BAPS USPSA August,2018-08-18,6,Cm 99-07,7775BADC-F230-4D4C-B449-F566FAB24EEE,Davis Moore,10,73.20,4,73.20,PCC,U,A112940,MINOR,,65.8844,65.8844,5.0985,,17,,1,,,,,,,,"[6.25, 6.91, 4.10]"
01b19908-0e40-429a-aa0f-a38d24ee13d3,BAPS USPSA August,2018-08-18,6,Cm 99-07,7775BADC-F230-4D4C-B449-F566FAB24EEE,Johnny Taylor,11,72.92,5,72.92,PCC,none,TY83964,MINOR,,65.6311,65.6311,5.0789,,11,,6,1,,,,,,,"[4.75, 6.09, 3.73]"
01b19908-0e40-429a-aa0f-a38d24ee13d3,BAPS USPSA August,2018-08-18,6,Cm 99-07,7775BADC-F230-4D4C-B449-F566FAB24EEE,Jon Baguio,12,72.82,3,79.55,Carry Optics,D,PENDING,MINOR,,71.5965,65.5355,5.0715,,13,,4,1,,,,,,,"[5.09, 5.05, 5.24]"
01b19908-0e40-429a-aa0f-a38d24ee13d3,BAPS USPSA August,2018-08-18,6,Cm 99-07,7775BADC-F230-4D4C-B449-F566FAB24EEE,Tony Phan,13,72.62,1,100.00,Limited,A,FY11963,MINOR,,90.0000,65.3623,5.0581,,15,,3,,,,1,,,,"[4.80, 4.93, 4.90]"
01b19908-0e40-429a-aa0f-a38d24ee13d3,BAPS USPSA August,2018-08-18,6,Cm 99-07,7775BADC-F230-4D4C-B449-F566FAB24EEE,Covan Master,14,72.52,6,72.52,PCC,U,A111536,MINOR,,65.2641,65.2641,5.0505,,18,,,,,,,,,,"[5.29, 7.48, 5.05]"
01b19908-0e40-429a-aa0f-a38d24ee13d3,BAPS USPSA August,2018-08-18,6,Cm 99-07,7775BADC-F230-4D4C-B449-F566FAB24EEE,Bob Zweck,15,72.20,2,81.03,Open,B,A94853,MAJOR,,72.9244,64.9772,5.0283,,15,,1,1,1,,,,,,"[4.43, 5.05, 4.64]"
01b19908-0e40-429a-aa0f-a38d24ee13d3,BAPS USPSA August,2018-08-18,6,Cm 99-07,7775BADC-F230-4D4C-B449-F566FAB24EEE,Mike Junco,16,72.08,2,89.88,Production,A,A107182,MINOR,,80.8916,64.8752,5.0204,,11,,6,1,,,,,,,"[4.79, 5.07, 4.88]"
01b19908-0e40-429a-aa0f-a38d24ee13d3,BAPS USPSA August,2018-08-18,6,Cm 99-07,7775BADC-F230-4D4C-B449-F566FAB24EEE,Carey Pardue,17,72.05,7,72.05,PCC,A,A56016,MINOR,,64.8429,64.8429,5.0179,,8,,10,,,,,,,,"[4.07, 6.12, 3.76]"
01b19908-0e40-429a-aa0f-a38d24ee13d3,BAPS USPSA August,2018-08-18,6,Cm 99-07,7775BADC-F230-4D4C-B449-F566FAB24EEE,Roman Gwiscz,18,71.74,3,80.52,Open,B,A56629,MAJOR,,72.4661,64.5689,4.9967,,14,,4,,,,,1,,,"[5.38, 5.10, 4.73]"
01b19908-0e40-429a-aa0f-a38d24ee13d3,BAPS USPSA August,2018-08-18,6,Cm 99-07,7775BADC-F230-4D4C-B449-F566FAB24EEE,William Chan,19,70.93,2,97.66,Limited,D,TY97870,MINOR,,87.8968,63.8349,4.9399,,10,,8,,,,,,,,"[5.85, 4.76, 4.37]"
01b19908-0e40-429a-aa0f-a38d24ee13d3,BAPS USPSA August,2018-08-18,6,Cm 99-07,7775BADC-F230-4D4C-B449-F566FAB24EEE,Ricky Wiley,20,70.11,4,76.60,Carry Optics,U,A91320,MINOR,,68.9368,63.1009,4.8831,,15,,2,,1,,,,,,"[5.18, 4.97, 4.39]"
01b19908-0e40-429a-aa0f-a38d24ee13d3,BAPS USPSA August,2018-08-18,6,Cm 99-07,7775BADC-F230-4D4C-B449-F566FAB24EEE,John Nixon,21,68.49,4,76.87,Open,A,A40007,MAJOR,,69.1841,61.6446,4.7704,,12,,4,2,,,,,,,"[5.42, 5.40, 5.95]"
01b19908-0e40-429a-aa0f-a38d24ee13d3,BAPS USPSA August,2018-08-18,6,Cm 99-07,7775BADC-F230-4D4C-B449-F566FAB24EEE,Eric Castillo,22,66.26,3,91.23,Limited,,A87497,MINOR,,82.1069,59.6300,4.6145,,12,,5,1,,,,,,,"[6.01, 5.23, 5.23]"
01b19908-0e40-429a-aa0f-a38d24ee13d3,BAPS USPSA August,2018-08-18,6,Cm 99-07,7775BADC-F230-4D4C-B449-F566FAB24EEE,Dave Eickhoff,23,66.09,5,72.20,Carry Optics,C,TY5063,MINOR,,64.9825,59.4814,4.6030,,13,,5,,,,,,,,"[5.47, 6.66, 5.25]"
01b19908-0e40-429a-aa0f-a38d24ee13d3,BAPS USPSA August,2018-08-18,6,Cm 99-07,7775BADC-F230-4D4C-B449-F566FAB24EEE,Duane Mendoza,24,64.53,6,70.50,Carry Optics,U,TY98162,MINOR,,63.4494,58.0780,4.4944,,12,,3,3,,,,,,,"[6.74, 5.05, 4.23]"
01b19908-0e40-429a-aa0f-a38d24ee13d3,BAPS USPSA August,2018-08-18,6,Cm 99-07,7775BADC-F230-4D4C-B449-F566FAB24EEE,Robert Hollier,25,63.98,8,63.98,PCC,C,FY24941,MINOR,Senior,57.5844,57.5844,4.4562,,15,,3,,,,,,,,"[5.50, 7.54, 5.81]"
01b19908-0e40-429a-aa0f-a38d24ee13d3,BAPS USPSA August,2018-08-18,6,Cm 99-07,7775BADC-F230-4D4C-B449-F566FAB24EEE,Danny Naramore,26,63.96,5,71.79,Open,B,PEN,MINOR,,64.6085,57.5676,4.4549,,11,,7,,,,,,,,"[7.84, 4.99, 4.23]"
01b19908-0e40-429a-aa0f-a38d24ee13d3,BAPS USPSA August,2018-08-18,6,Cm 99-07,7775BADC-F230-4D4C-B449-F566FAB24EEE,Deryle Lowery,27,63.11,3,78.69,Production,B,L2881,MINOR,,70.8244,56.8013,4.3956,,14,,3,1,,,,,,,"[5.72, 6.35, 6.13]"
01b19908-0e40-429a-aa0f-a38d24ee13d3,BAPS USPSA August,2018-08-18,6,Cm 99-07,7775BADC-F230-4D4C-B449-F566FAB24EEE,Pat Byrne,28,62.39,4,77.80,Production,B,FY93921,MINOR,,70.0156,56.1526,4.3454,,13,,4,1,,,,,,,"[6.45, 5.86, 5.64]"
01b19908-0e40-429a-aa0f-a38d24ee13d3,BAPS USPSA August,2018-08-18,6,Cm 99-07,7775BADC-F230-4D4C-B449-F566FAB24EEE,Eric Prehn,29,62.27,9,62.27,PCC,,TY93797,MINOR,,56.0428,56.0428,4.3369,,16,,2,,,,,,,,"[5.09, 9.77, 4.97]"
01b19908-0e40-429a-aa0f-a38d24ee13d3,BAPS USPSA August,2018-08-18,6,Cm 99-07,7775BADC-F230-4D4C-B449-F566FAB24EEE,Steve McNamara,30,61.27,4,84.36,Limited,C,,MAJOR,,75.9255,55.1408,4.2671,,13,,5,,,,,,,,"[6.95, 6.77, 6.20]"
01b19908-0e40-429a-aa0f-a38d24ee13d3,BAPS USPSA August,2018-08-18,6,Cm 99-07,7775BADC-F230-4D4C-B449-F566FAB24EEE,Gary Owens,31,60.03,6,67.37,Open,C,FY101331,MAJOR,,60.6318,54.0243,4.1807,,14,,3,,1,,1,,,,"[5.83, 4.72, 4.28]"
01b19908-0e40-429a-aa0f-a38d24ee13d3,BAPS USPSA August,2018-08-18,6,Cm 99-07,7775BADC-F230-4D4C-B449-F566FAB24EEE,Henry Moreno,32,59.50,7,66.78,Open,B,XXXXXX,MAJOR,,60.0996,53.5500,4.1440,,13,,4,,1,,1,,,,"[5.46, 4.73, 4.53]"
01b19908-0e40-429a-aa0f-a38d24ee13d3,BAPS USPSA August,2018-08-18,6,Cm 99-07,7775BADC-F230-4D4C-B449-F566FAB24EEE,Juliann Milks,33,58.97,10,58.97,PCC,,A110188,MINOR,,53.0771,53.0771,4.1074,,12,,6,,,,,,,,"[5.66, 8.22, 5.11]"
01b19908-0e40-429a-aa0f-a38d24ee13d3,BAPS USPSA August,2018-08-18,6,Cm 99-07,7775BADC-F230-4D4C-B449-F566FAB24EEE,Gerrit Milks,34,57.99,11,57.99,PCC,B,A67608,MINOR,,52.1880,52.1880,4.0386,,13,,2,,1,,,,,,"[6.32, 4.04, 6.23]"
01b19908-0e40-429a-aa0f-a38d24ee13d3,BAPS USPSA August,2018-08-18,6,Cm 99-07,7775BADC-F230-4D4C-B449-F566FAB24EEE,John Austria,35,57.98,5,72.30,Production,B,FY82746,MINOR,,65.0658,52.1829,4.0382,,12,,5,,1,,1,,,,"[4.65, 5.02, 3.95]"
01b19908-0e40-429a-aa0f-a38d24ee13d3,BAPS USPSA August,2018-08-18,6,Cm 99-07,7775BADC-F230-4D4C-B449-F566FAB24EEE,Albert Calderon,36,57.89,8,64.97,Open,B,A74722,MAJOR,,58.4724,52.1002,4.0318,,13,,3,,1,,,,,,"[6.18, 5.95, 5.48]"
01b19908-0e40-429a-aa0f-a38d24ee13d3,BAPS USPSA August,2018-08-18,6,Cm 99-07,7775BADC-F230-4D4C-B449-F566FAB24EEE,Michael Whitley,37,56.19,6,70.06,Production,U,A111091,MINOR,,63.0582,50.5727,3.9136,,13,,3,,1,,,,,,"[5.54, 6.43, 5.15]"
01b19908-0e40-429a-aa0f-a38d24ee13d3,BAPS USPSA August,2018-08-18,6,Cm 99-07,7775BADC-F230-4D4C-B449-F566FAB24EEE,Jerry McClain,38,54.42,5,74.94,Limited,B,,MAJOR,,67.4417,48.9794,3.7903,,12,,5,,1,,1,,,,"[5.34, 5.72, 4.77]"
01b19908-0e40-429a-aa0f-a38d24ee13d3,BAPS USPSA August,2018-08-18,6,Cm 99-07,7775BADC-F230-4D4C-B449-F566FAB24EEE,Anthony Smallwood,39,50.63,9,56.82,Open,U,7878,MAJOR,Senior,51.1369,45.5641,3.5260,,13,,4,,1,,1,,,,"[5.66, 6.21, 5.43]"
01b19908-0e40-429a-aa0f-a38d24ee13d3,BAPS USPSA August,2018-08-18,6,Cm 99-07,7775BADC-F230-4D4C-B449-F566FAB24EEE,Jacob Robbins,40,50.49,7,62.96,Production,B,TY100679,MINOR,,56.6631,45.4439,3.5167,,12,,3,,,,,,,,"[5.76, 6.00, 10.42]"
01b19908-0e40-429a-aa0f-a38d24ee13d3,BAPS USPSA August,2018-08-18,6,Cm 99-07,7775BADC-F230-4D4C-B449-F566FAB24EEE,Jeff Reeves,41,49.61,10,55.68,Open,U,A113620,MINOR,,50.1101,44.6492,3.4552,,14,,3,,1,,,,,,"[6.71, 7.35, 5.91]"
01b19908-0e40-429a-aa0f-a38d24ee13d3,BAPS USPSA August,2018-08-18,6,Cm 99-07,7775BADC-F230-4D4C-B449-F566FAB24EEE,Eddie Jimenea,42,49.33,11,55.37,Open,M,A14869,MAJOR,,49.8287,44.3985,3.4358,,13,,,,2,,,,,,"[5.79, 5.51, 5.29]"
01b19908-0e40-429a-aa0f-a38d24ee13d3,BAPS USPSA August,2018-08-18,6,Cm 99-07,7775BADC-F230-4D4C-B449-F566FAB24EEE,Marlon Poralan,43,46.66,7,50.98,Carry Optics,D,PEN,MINOR,,45.8802,41.9962,3.2499,,10,,7,,1,,,,,,"[6.87, 6.38, 5.52]"
01b19908-0e40-429a-aa0f-a38d24ee13d3,BAPS USPSA August,2018-08-18,6,Cm 99-07,7775BADC-F230-4D4C-B449-F566FAB24EEE,David Chow,44,46.08,8,57.45,Production,,A100573,MINOR,,51.7085,41.4703,3.2092,,14,,2,,2,,,,,,"[5.21, 6.68, 5.56]"
01b19908-0e40-429a-aa0f-a38d24ee13d3,BAPS USPSA August,2018-08-18,6,Cm 99-07,7775BADC-F230-4D4C-B449-F566FAB24EEE,Andrew Tacquard,45,45.70,6,62.92,Limited,U,L4517,MAJOR,Military,56.6323,41.1291,3.1828,,14,,3,,1,,1,,,,"[5.85, 7.98, 5.65]"
01b19908-0e40-429a-aa0f-a38d24ee13d3,BAPS USPSA August,2018-08-18,6,Cm 99-07,7775BADC-F230-4D4C-B449-F566FAB24EEE,Doug Dillon,46,43.12,7,59.38,Limited,B,A71359,MINOR,Law Enforcement,53.4420,38.8122,3.0035,,12,,3,2,1,,1,,,,"[5.45, 6.03, 5.50]"
01b19908-0e40-429a-aa0f-a38d24ee13d3,BAPS USPSA August,2018-08-18,6,Cm 99-07,7775BADC-F230-4D4C-B449-F566FAB24EEE,Scott Ragsdale,47,42.60,9,53.11,Production,U,A91297,MINOR,,47.8012,38.3366,2.9667,,8,,6,3,1,,1,,,,"[5.15, 4.37, 4.30]"
01b19908-0e40-429a-aa0f-a38d24ee13d3,BAPS USPSA August,2018-08-18,6,Cm 99-07,7775BADC-F230-4D4C-B449-F566FAB24EEE,Jay Olmstead,48,42.42,12,42.42,PCC,B,L3738,MINOR,Super Senior,38.1764,38.1764,2.9543,,16,,2,,,,,,,,"[9.70, 10.49, 8.92]"
01b19908-0e40-429a-aa0f-a38d24ee13d3,BAPS USPSA August,2018-08-18,6,Cm 99-07,7775BADC-F230-4D4C-B449-F566FAB24EEE,Gary Wu,49,42.31,10,52.76,Production,B,L2998,MINOR,,47.4805,38.0795,2.9468,,10,,5,1,2,,,,,,"[4.86, 5.85, 4.90]"
01b19908-0e40-429a-aa0f-a38d24ee13d3,BAPS USPSA August,2018-08-18,6,Cm 99-07,7775BADC-F230-4D4C-B449-F566FAB24EEE,Jim Duncan,50,41.00,11,51.13,Production,B,TY33325,MINOR,Senior,46.0127,36.9022,2.8557,,13,,4,,1,,1,,,,"[5.55, 7.55, 6.86]"
01b19908-0e40-429a-aa0f-a38d24ee13d3,BAPS USPSA August,2018-08-18,6,Cm 99-07,7775BADC-F230-4D4C-B449-F566FAB24EEE,Jeffrey Polk,51,40.71,12,50.76,Production,C,A104167,MINOR,,45.6808,36.6360,2.8351,,8,,8,1,1,,,,,,"[5.62, 7.29, 6.49]"
01b19908-0e40-429a-aa0f-a38d24ee13d3,BAPS USPSA August,2018-08-18,6,Cm 99-07,7775BADC-F230-4D4C-B449-F566FAB24EEE,Randy Goodney,52,40.59,12,45.55,Open,C,A94852,MINOR,,40.9980,36.5301,2.8269,,11,,5,,2,,1,,,,"[5.01, 5.10, 4.04]"
01b19908-0e40-429a-aa0f-a38d24ee13d3,BAPS USPSA August,2018-08-18,6,Cm 99-07,7775BADC-F230-4D4C-B449-F566FAB24EEE,Kevin Fontenot,53,35.44,13,44.19,Production,U,A112054,MINOR,,39.7755,31.9000,2.4686,,8,,8,1,1,,,,,,"[6.73, 8.32, 7.23]"
01b19908-0e40-429a-aa0f-a38d24ee13d3,BAPS USPSA August,2018-08-18,6,Cm 99-07,7775BADC-F230-4D4C-B449-F566FAB24EEE,Jimmy Romero,54,35.38,13,35.38,PCC,D,A80274,MINOR,,31.8380,31.8380,2.4638,,12,,6,,,,,1,,,"[9.00, 10.04, 8.56]"
01b19908-0e40-429a-aa0f-a38d24ee13d3,BAPS USPSA August,2018-08-18,6,Cm 99-07,7775BADC-F230-4D4C-B449-F566FAB24EEE,Herman Waddy,55,34.88,14,43.49,Production,C,A101165,MINOR,,39.1423,31.3922,2.4293,,8,,8,1,1,,,,,,"[7.83, 7.74, 7.07]"
01b19908-0e40-429a-aa0f-a38d24ee13d3,BAPS USPSA August,2018-08-18,6,Cm 99-07,7775BADC-F230-4D4C-B449-F566FAB24EEE,Mickey Gallaway,56,34.44,8,47.42,Limited,B,FY556,MAJOR,Super Senior,42.6753,30.9929,2.3984,,13,,3,1,1,,1,,,,"[7.82, 8.60, 8.18]"
01b19908-0e40-429a-aa0f-a38d24ee13d3,BAPS USPSA August,2018-08-18,6,Cm 99-07,7775BADC-F230-4D4C-B449-F566FAB24EEE,Mick Sambasile,57,33.66,13,37.77,Open,none,TY47665,MAJOR,,33.9975,30.2925,2.3442,,7,,9,,2,,1,,,,"[5.86, 6.01, 5.62]"
01b19908-0e40-429a-aa0f-a38d24ee13d3,BAPS USPSA August,2018-08-18,6,Cm 99-07,7775BADC-F230-4D4C-B449-F566FAB24EEE,Rob Moore,58,33.23,14,33.23,PCC,U,,MINOR,,29.9100,29.9100,2.3146,,17,,1,,,,,,,,"[20.24, 11.16, 6.62]"
01b19908-0e40-429a-aa0f-a38d24ee13d3,BAPS USPSA August,2018-08-18,6,Cm 99-07,7775BADC-F230-4D4C-B449-F566FAB24EEE,Tyler Jones,59,33.14,15,33.14,PCC,,,MINOR,,29.8260,29.8260,2.3081,,11,,5,,2,,1,,,,"[6.39, 6.41, 4.53]"
01b19908-0e40-429a-aa0f-a38d24ee13d3,BAPS USPSA August,2018-08-18,6,Cm 99-07,7775BADC-F230-4D4C-B449-F566FAB24EEE,Corey Slifko,60,32.37,9,44.57,Limited,A,A82935,MAJOR,,40.1131,29.1321,2.2544,,6,,9,1,2,,2,,,,"[3.86, 4.57, 3.99]"
01b19908-0e40-429a-aa0f-a38d24ee13d3,BAPS USPSA August,2018-08-18,6,Cm 99-07,7775BADC-F230-4D4C-B449-F566FAB24EEE,Michael Pontious,61,32.09,10,44.19,Limited,C,TY94575,MAJOR,,39.7679,28.8814,2.2350,,9,,5,,3,,,,,,"[5.36, 6.12, 5.97]"
01b19908-0e40-429a-aa0f-a38d24ee13d3,BAPS USPSA August,2018-08-18,6,Cm 99-07,7775BADC-F230-4D4C-B449-F566FAB24EEE,Steve Deardorff,62,30.57,15,38.11,Production,B,TY16844,MINOR,,34.3021,27.5103,2.1289,,10,,6,,2,,1,,,,"[4.75, 5.89, 7.21]"
01b19908-0e40-429a-aa0f-a38d24ee13d3,BAPS USPSA August,2018-08-18,6,Cm 99-07,7775BADC-F230-4D4C-B449-F566FAB24EEE,Ron Potier,63,26.36,11,36.30,Limited,U,TY113089,MINOR,,32.6720,23.7279,1.8362,,7,,8,3,,,1,,,,"[9.35, 10.54, 8.43]"
01b19908-0e40-429a-aa0f-a38d24ee13d3,BAPS USPSA August,2018-08-18,6,Cm 99-07,7775BADC-F230-4D4C-B449-F566FAB24EEE,Richard Dillow,64,26.14,12,35.99,Limited,C,FY57446,MAJOR,Senior; Super Senior,32.3926,23.5251,1.8205,,11,,4,1,2,,1,,,,"[7.31, 8.90, 7.41]"
01b19908-0e40-429a-aa0f-a38d24ee13d3,BAPS USPSA August,2018-08-18,6,Cm 99-07,7775BADC-F230-4D4C-B449-F566FAB24EEE,Emanuel Alcoseba,65,21.87,13,30.12,Limited,C,,MAJOR,,27.1044,19.6846,1.5233,,9,,5,1,2,,2,,,,"[6.69, 6.94, 6.72]"
01b19908-0e40-429a-aa0f-a38d24ee13d3,BAPS USPSA August,2018-08-18,6,Cm 99-07,7775BADC-F230-4D4C-B449-F566FAB24EEE,Michael Henss,66,18.63,14,25.65,Limited,C,A59966,MINOR,,23.0850,16.7654,1.2974,,11,,3,1,3,,1,,,,"[6.38, 6.85, 6.04]"
01b19908-0e40-429a-aa0f-a38d24ee13d3,BAPS USPSA August,2018-08-18,6,Cm 99-07,7775BADC-F230-4D4C-B449-F566FAB24EEE,John Grimm,67,18.07,15,24.88,Limited,A,FY26952,MAJOR,,22.3946,16.2640,1.2586,,6,,8,,4,,,,,,"[5.69, 6.85, 4.94]"
01b19908-0e40-429a-aa0f-a38d24ee13d3,BAPS USPSA August,2018-08-18,6,Cm 99-07,7775BADC-F230-4D4C-B449-F566FAB24EEE,Jim Dieckow,68,17.19,16,17.19,PCC,,,MINOR,,15.4667,15.4667,1.1969,,10,,6,,2,,1,,,,"[11.22, 10.48, 10.05]"
01b19908-0e40-429a-aa0f-a38d24ee13d3,BAPS USPSA August,2018-08-18,6,Cm 99-07,7775BADC-F230-4D4C-B449-F566FAB24EEE,Michael Martin,69,16.69,1,100.00,Single Stack,,8551,MAJOR,,90.0000,15.0196,1.1623,,8,,7,,3,,1,,,,"[7.85, 9.64, 6.60]"
01b19908-0e40-429a-aa0f-a38d24ee13d3,BAPS USPSA August,2018-08-18,6,Cm 99-07,7775BADC-F230-4D4C-B449-F566FAB24EEE,JAY-R DELOS-SANTOS,70,15.13,8,16.53,Carry Optics,C,A70297,MINOR,,14.8741,13.6149,1.0536,,13,,3,,2,,1,1,,,"[21.69, 5.54, 5.04]"
01b19908-0e40-429a-aa0f-a38d24ee13d3,BAPS USPSA August,2018-08-18,6,Cm 99-07,7775BADC-F230-4D4C-B449-F566FAB24EEE,Robert Bui,71,14.34,16,17.88,Production,,A103016,MINOR,,16.0932,12.9068,0.9988,,7,,7,,4,,,,,,"[5.28, 5.52, 5.22]"
01b19908-0e40-429a-aa0f-a38d24ee13d3,BAPS USPSA August,2018-08-18,6,Cm 99-07,7775BADC-F230-4D4C-B449-F566FAB24EEE,Jeff Taschner,72,14.32,16,19.71,Limited,U,A113659,MINOR,,17.7416,12.8848,0.9971,,6,,9,,3,,1,,,,"[5.39, 6.85, 4.81]"
01b19908-0e40-429a-aa0f-a38d24ee13d3,BAPS USPSA August,2018-08-18,6,Cm 99-07,7775BADC-F230-4D4C-B449-F566FAB24EEE,Tom Donahue,73,9.51,9,10.38,Carry Optics,U,TY69009,MINOR,,9.3457,8.5546,0.6620,,8,,4,3,3,,1,,,,"[7.02, 9.65, 5.99]"
01b19908-0e40-429a-aa0f-a38d24ee13d3,BAPS USPSA August,2018-08-18,6,Cm 99-07,7775BADC-F230-4D4C-B449-F566FAB24EEE,Jerry Bedro,74,8.81,17,12.13,Limited,,A98263,MAJOR,,10.9215,7.9317,0.6138,,8,,5,2,3,,2,,,2,"[5.89, 6.14, 7.52]"
01b19908-0e40-429a-aa0f-a38d24ee13d3,BAPS USPSA August,2018-08-18,6,Cm 99-07,7775BADC-F230-4D4C-B449-F566FAB24EEE,Bill Kinstley,75,7.38,18,10.16,Limited,C,A104836,MAJOR,,9.1457,6.6421,0.5140,,8,,6,1,3,,2,,,,"[12.05, 9.60, 9.48]"
01b19908-0e40-429a-aa0f-a38d24ee13d3,BAPS USPSA August,2018-08-18,6,Cm 99-07,7775BADC-F230-4D4C-B449-F566FAB24EEE,Ryan Alicaya,76,2.45,19,3.37,Limited,D,A106355,MAJOR,,3.0302,2.2007,0.1703,,11,,2,,5,,1,,,,"[5.79, 7.21, 4.62]"
01b19908-0e40-429a-aa0f-a38d24ee13d3,BAPS USPSA August,2018-08-18,6,Cm 99-07,7775BADC-F230-4D4C-B449-F566FAB24EEE,Shane Jones,77,0.00,17,0.00,Production,,TY101533,MINOR,,0.0000,0.0000,0.0000,,6,,6,1,5,,1,,,,"[6.74, 7.78, 6.37]"
01b19908-0e40-429a-aa0f-a38d24ee13d3,BAPS USPSA August,2018-08-18,6,Cm 99-07,7775BADC-F230-4D4C-B449-F566FAB24EEE,Travis Richard,78,0.00,18,0.00,Production,,,MINOR,,0.0000,0.0000,0.0000,,4,,7,1,6,,3,,,,"[8.31, 7.46, 8.48]"
01b19908-0e40-429a-aa0f-a38d24ee13d3,BAPS USPSA August,2018-08-18,6,Cm 99-07,7775BADC-F230-4D4C-B449-F566FAB24EEE,Albert Molina,79,0.00,19,0.00,Production,D,A107586,MINOR,,0.0000,0.0000,0.0000,,6,,4,2,6,,,,,,"[8.35, 8.41, 8.34]"
01b19908-0e40-429a-aa0f-a38d24ee13d3,BAPS USPSA August,2018-08-18,6,Cm 99-07,7775BADC-F230-4D4C-B449-F566FAB24EEE,Ralph Burbe,80,0.00,10,0.00,Carry Optics,U,A83904,MINOR,,0.0000,0.0000,0.0000,,9,,4,,5,,1,1,,,"[7.14, 11.33, 7.43]"
