match_id,match_name,match_date,stage_number,stage_name,stage_uuid,shooter_name,shooter_rank_combined,shooter_percent_combined,shooter_rank_division,shooter_percent_division,division,class,member_number,power_factor,categories,stage_points,stage_points_combined,hit_factor,time,A,B,C,D,M,NPM,NS,Proc,Apen
062a54d0-fc99-4e71-a90a-f27126f8cea9,Wallis Orchard Practical Shooters May 2021 Club Match,2021-05-16,1,Someone Is Always Willing To Pay,226d2336-393c-47e1-8429-9e9e4b058edd,Jan Pacleb,1,100.00,1,100.00,Open,A,A79326,MAJOR,,40.0000,40.0000,7.7079,4.93,6,,2,,,,,,
062a54d0-fc99-4e71-a90a-f27126f8cea9,Wallis Orchard Practical Shooters May 2021 Club Match,2021-05-16,1,Someone Is Always Willing To Pay,226d2336-393c-47e1-8429-9e9e4b058edd,Albert Montanez,2,95.83,2,95.83,Open,M,TY101554,MAJOR,,38.3316,38.3316,7.3864,5.28,7,,1,,,,,,
062a54d0-fc99-4e71-a90a-f27126f8cea9,Wallis Orchard Practical Shooters May 2021 Club Match,2021-05-16,1,Someone Is Always Willing To Pay,226d2336-393c-47e1-8429-9e9e4b058edd,Gil Yolo,3,95.39,3,95.39,Open,A,A100714,MAJOR,,38.1577,38.1577,7.3529,4.76,3,,5,,,,,,
062a54d0-fc99-4e71-a90a-f27126f8cea9,Wallis Orchard Practical Shooters May 2021 Club Match,2021-05-16,1,Someone Is Always Willing To Pay,226d2336-393c-47e1-8429-9e9e4b058edd,Jim Havens,4,88.35,1,100.00,Carry Optics,A,a114636,MINOR,,40.0000,35.3404,6.8100,5.58,7,,1,,,,,,
062a54d0-fc99-4e71-a90a-f27126f8cea9,Wallis Orchard Practical Shooters May 2021 Club Match,2021-05-16,1,Someone Is Always Willing To Pay,226d2336-393c-47e1-8429-9e9e4b058edd,Ryan Alicaya,5,85.87,4,85.87,Open,D,,MAJOR,,34.3492,34.3492,6.6190,5.59,5,,,,,,,,
062a54d0-fc99-4e71-a90a-f27126f8cea9,Wallis Orchard Practical Shooters May 2021 Club Match,2021-05-16,1,Someone Is Always Willing To Pay,226d2336-393c-47e1-8429-9e9e4b058edd,Derik Satsky,6,81.60,2,92.35,Carry Optics,A,FY119794,MINOR,,36.9416,32.6382,6.2893,6.36,8,,,,,,,,
062a54d0-fc99-4e71-a90a-f27126f8cea9,Wallis Orchard Practical Shooters May 2021 Club Match,2021-05-16,1,Someone Is Always Willing To Pay,226d2336-393c-47e1-8429-9e9e4b058edd,Justin Corona,7,79.52,5,79.52,Open,B,L4452,MAJOR,,31.8094,31.8094,6.1296,5.71,5,,2,1,,,,,
062a54d0-fc99-4e71-a90a-f27126f8cea9,Wallis Orchard Practical Shooters May 2021 Club Match,2021-05-16,1,Someone Is Always Willing To Pay,226d2336-393c-47e1-8429-9e9e4b058edd,Kevin Baker,8,78.63,1,100.00,Production,C,A95439,MINOR,,40.0000,31.4514,6.0606,5.61,6,,1,1,,,,,
062a54d0-fc99-4e71-a90a-f27126f8cea9,Wallis Orchard Practical Shooters May 2021 Club Match,2021-05-16,1,Someone Is Always Willing To Pay,226d2336-393c-47e1-8429-9e9e4b058edd,Jon Baguio,9,76.05,3,86.08,Carry Optics,X,,MINOR,,34.4323,30.4213,5.8621,5.80,5,,3,,,,,,
062a54d0-fc99-4e71-a90a-f27126f8cea9,Wallis Orchard Practical Shooters May 2021 Club Match,2021-05-16,1,Someone Is Always Willing To Pay,226d2336-393c-47e1-8429-9e9e4b058edd,Janice Pacleb,10,75.38,6,75.38,Open,B,Ty75597,MAJOR,Lady,30.1530,30.1530,5.8104,6.54,6,,2,,,,,,
062a54d0-fc99-4e71-a90a-f27126f8cea9,Wallis Orchard Practical Shooters May 2021 Club Match,2021-05-16,1,Someone Is Always Willing To Pay,226d2336-393c-47e1-8429-9e9e4b058edd,Mengyu Yue,11,74.92,1,100.00,PCC,B,TY109190,MINOR,,40.0000,29.9698,5.7751,6.58,7,,1,,,,,,
062a54d0-fc99-4e71-a90a-f27126f8cea9,Wallis Orchard Practical Shooters May 2021 Club Match,2021-05-16,1,Someone Is Always Willing To Pay,226d2336-393c-47e1-8429-9e9e4b058edd,Yi Shu,12,74.47,4,84.29,Carry Optics,D,TY109249,MINOR,,33.7163,29.7887,5.7402,6.62,7,,1,,,,,,
062a54d0-fc99-4e71-a90a-f27126f8cea9,Wallis Orchard Practical Shooters May 2021 Club Match,2021-05-16,1,Someone Is Always Willing To Pay,226d2336-393c-47e1-8429-9e9e4b058edd,Rudy Pineda,13,74.39,5,84.19,Carry Optics,B,A131323,MINOR,,33.6775,29.7544,5.7336,5.93,5,,3,,,,,,
062a54d0-fc99-4e71-a90a-f27126f8cea9,Wallis Orchard Practical Shooters May 2021 Club Match,2021-05-16,1,Someone Is Always Willing To Pay,226d2336-393c-47e1-8429-9e9e4b058edd,Matthew Gonzalez,14,73.89,6,83.63,Carry Optics,B,A119810,MINOR,,33.4514,29.5546,5.6951,5.97,5,,3,,,,,,
062a54d0-fc99-4e71-a90a-f27126f8cea9,Wallis Orchard Practical Shooters May 2021 Club Match,2021-05-16,1,Someone Is Always Willing To Pay,226d2336-393c-47e1-8429-9e9e4b058edd,Bryan Faustino,15,71.97,2,96.06,PCC,D,,MINOR,,38.4229,28.7881,5.5474,6.85,7,,1,,,,,,
062a54d0-fc99-4e71-a90a-f27126f8cea9,Wallis Orchard Practical Shooters May 2021 Club Match,2021-05-16,1,Someone Is Always Willing To Pay,226d2336-393c-47e1-8429-9e9e4b058edd,Tim Yang,16,71.14,7,80.52,Carry Optics,B,A123783,MINOR,,32.2079,28.4560,5.4834,6.93,7,,1,,,,,,
062a54d0-fc99-4e71-a90a-f27126f8cea9,Wallis Orchard Practical Shooters May 2021 Club Match,2021-05-16,1,Someone Is Always Willing To Pay,226d2336-393c-47e1-8429-9e9e4b058edd,John Brunkhorst,17,70.89,8,80.24,Carry Optics,B,A116144,MINOR,,32.0969,28.3579,5.4645,5.49,5,,1,2,,,,,
062a54d0-fc99-4e71-a90a-f27126f8cea9,Wallis Orchard Practical Shooters May 2021 Club Match,2021-05-16,1,Someone Is Always Willing To Pay,226d2336-393c-47e1-8429-9e9e4b058edd,James Tonkinson,18,69.08,9,78.19,Carry Optics,A,A123944,MINOR,,31.2746,27.6314,5.3245,6.01,4,,4,,,,,,
062a54d0-fc99-4e71-a90a-f27126f8cea9,Wallis Orchard Practical Shooters May 2021 Club Match,2021-05-16,1,Someone Is Always Willing To Pay,226d2336-393c-47e1-8429-9e9e4b058edd,Ross Apffel,19,68.48,1,100.00,Limited,A,L4428,MAJOR,,40.0000,27.3932,5.2786,6.82,4,,4,,,,,,
062a54d0-fc99-4e71-a90a-f27126f8cea9,Wallis Orchard Practical Shooters May 2021 Club Match,2021-05-16,1,Someone Is Always Willing To Pay,226d2336-393c-47e1-8429-9e9e4b058edd,Garrick Gonzalez,20,67.69,10,76.61,Carry Optics,B,A119804,MINOR,,30.6455,27.0756,5.2174,6.90,6,,2,,,,,,
062a54d0-fc99-4e71-a90a-f27126f8cea9,Wallis Orchard Practical Shooters May 2021 Club Match,2021-05-16,1,Someone Is Always Willing To Pay,226d2336-393c-47e1-8429-9e9e4b058edd,Antonio Tormis,21,63.99,11,72.43,Carry Optics,C,A124958,MINOR,,28.9703,25.5956,4.9322,8.11,8,,,,,,,,
062a54d0-fc99-4e71-a90a-f27126f8cea9,Wallis Orchard Practical Shooters May 2021 Club Match,2021-05-16,1,Someone Is Always Willing To Pay,226d2336-393c-47e1-8429-9e9e4b058edd,Marlon Poralan,22,61.32,3,81.84,PCC,D,TY 76330,MINOR,Law Enforcement,32.7364,24.5276,4.7264,8.04,7,,1,,,,,,
062a54d0-fc99-4e71-a90a-f27126f8cea9,Wallis Orchard Practical Shooters May 2021 Club Match,2021-05-16,1,Someone Is Always Willing To Pay,226d2336-393c-47e1-8429-9e9e4b058edd,Hopper Po,23,58.34,12,66.04,Carry Optics,U,A132909,MINOR,,26.4141,23.3371,4.4970,8.45,7,,1,,,,,,
062a54d0-fc99-4e71-a90a-f27126f8cea9,Wallis Orchard Practical Shooters May 2021 Club Match,2021-05-16,1,Someone Is Always Willing To Pay,226d2336-393c-47e1-8429-9e9e4b058edd,Doug Joder,24,57.81,4,77.16,PCC,U,A115020,MINOR,,30.8642,23.1248,4.4561,7.63,5,,3,,,,,,
062a54d0-fc99-4e71-a90a-f27126f8cea9,Wallis Orchard Practical Shooters May 2021 Club Match,2021-05-16,1,Someone Is Always Willing To Pay,226d2336-393c-47e1-8429-9e9e4b058edd,Jun Wu,25,56.61,1,100.00,Single Stack,U,TY104927,MINOR,,40.0000,22.6448,4.3636,8.25,6,,2,,,,,,
062a54d0-fc99-4e71-a90a-f27126f8cea9,Wallis Orchard Practical Shooters May 2021 Club Match,2021-05-16,1,Someone Is Always Willing To Pay,226d2336-393c-47e1-8429-9e9e4b058edd,Pat Byrne,26,54.12,2,95.60,Single Stack,B,Fu93921,MAJOR,Super Senior,38.2382,21.6474,4.1714,8.87,5,,3,,,,,,
062a54d0-fc99-4e71-a90a-f27126f8cea9,Wallis Orchard Practical Shooters May 2021 Club Match,2021-05-16,1,Someone Is Always Willing To Pay,226d2336-393c-47e1-8429-9e9e4b058edd,Norman Oducado,27,51.84,13,58.68,Carry Optics,U,A103491,MINOR,,23.4714,20.7372,3.9960,10.01,8,,,,,,,,
062a54d0-fc99-4e71-a90a-f27126f8cea9,Wallis Orchard Practical Shooters May 2021 Club Match,2021-05-16,1,Someone Is Always Willing To Pay,226d2336-393c-47e1-8429-9e9e4b058edd,Emman Alcoseba,28,49.90,3,88.14,Single Stack,C,TY67519,MINOR,Senior,35.2571,19.9598,3.8462,9.36,6,,2,,,,,,
062a54d0-fc99-4e71-a90a-f27126f8cea9,Wallis Orchard Practical Shooters May 2021 Club Match,2021-05-16,1,Someone Is Always Willing To Pay,226d2336-393c-47e1-8429-9e9e4b058edd,Dale Hamm,29,48.70,4,86.03,Single Stack,C,TY97196,MAJOR,Senior,34.4110,19.4808,3.7539,9.59,6,,1,1,,,,,
062a54d0-fc99-4e71-a90a-f27126f8cea9,Wallis Orchard Practical Shooters May 2021 Club Match,2021-05-16,1,Someone Is Always Willing To Pay,226d2336-393c-47e1-8429-9e9e4b058edd,Nathaniel Lovan,30,47.56,14,53.83,Carry Optics,U,A118114,MINOR,,21.5330,19.0246,3.6660,9.82,6,,2,,,,,,
062a54d0-fc99-4e71-a90a-f27126f8cea9,Wallis Orchard Practical Shooters May 2021 Club Match,2021-05-16,1,Someone Is Always Willing To Pay,226d2336-393c-47e1-8429-9e9e4b058edd,Parish Saculles,31,47.18,2,68.89,Limited,,,MINOR,Law Enforcement,27.5558,18.8710,3.6364,7.70,3,,4,1,,,,,
062a54d0-fc99-4e71-a90a-f27126f8cea9,Wallis Orchard Practical Shooters May 2021 Club Match,2021-05-16,1,Someone Is Always Willing To Pay,226d2336-393c-47e1-8429-9e9e4b058edd,Ridong Wen,32,45.02,15,50.96,Carry Optics,U,A99651,MINOR,,20.3836,18.0091,3.4703,10.95,7,,1,,,,,,
062a54d0-fc99-4e71-a90a-f27126f8cea9,Wallis Orchard Practical Shooters May 2021 Club Match,2021-05-16,1,Someone Is Always Willing To Pay,226d2336-393c-47e1-8429-9e9e4b058edd,Charity Taylor,33,44.98,7,44.98,Open,U,,MAJOR,,17.9930,17.9930,3.4672,10.96,6,,2,,,,,,
062a54d0-fc99-4e71-a90a-f27126f8cea9,Wallis Orchard Practical Shooters May 2021 Club Match,2021-05-16,1,Someone Is Always Willing To Pay,226d2336-393c-47e1-8429-9e9e4b058edd,gerrit milks,34,44.47,5,59.35,PCC,A,a67608,MINOR,Super Senior,23.7412,17.7880,3.4277,6.71,6,,1,,1,,,,
062a54d0-fc99-4e71-a90a-f27126f8cea9,Wallis Orchard Practical Shooters May 2021 Club Match,2021-05-16,1,Someone Is Always Willing To Pay,226d2336-393c-47e1-8429-9e9e4b058edd,nick milks,35,40.41,6,53.94,PCC,U,a109961,MAJOR,,21.5754,16.1652,3.1150,12.52,7,,1,,,,,,
062a54d0-fc99-4e71-a90a-f27126f8cea9,Wallis Orchard Practical Shooters May 2021 Club Match,2021-05-16,1,Someone Is Always Willing To Pay,226d2336-393c-47e1-8429-9e9e4b058edd,Jack Liu,36,36.93,16,41.80,Carry Optics,U,Ty130790,MINOR,,16.7195,14.7719,2.8465,8.08,6,,1,,1,,,,
062a54d0-fc99-4e71-a90a-f27126f8cea9,Wallis Orchard Practical Shooters May 2021 Club Match,2021-05-16,1,Someone Is Always Willing To Pay,226d2336-393c-47e1-8429-9e9e4b058edd,Page Brunkhorst,37,33.80,5,59.71,Single Stack,C,L4903,MINOR,Senior,23.8839,13.5212,2.6055,8.06,5,,2,,1,,,,
062a54d0-fc99-4e71-a90a-f27126f8cea9,Wallis Orchard Practical Shooters May 2021 Club Match,2021-05-16,1,Someone Is Always Willing To Pay,226d2336-393c-47e1-8429-9e9e4b058edd,Jeannie Marrone,38,32.99,3,48.18,Limited,U,A133357,MINOR,Lady; Senior,19.2703,13.1968,2.5430,13.37,5,,3,,,,,,
062a54d0-fc99-4e71-a90a-f27126f8cea9,Wallis Orchard Practical Shooters May 2021 Club Match,2021-05-16,1,Someone Is Always Willing To Pay,226d2336-393c-47e1-8429-9e9e4b058edd,Andrew McWilliams,39,21.52,4,31.42,Limited,U,A133773,MAJOR,,12.5700,8.6083,1.6588,8.44,6,,1,,1,,1,,
062a54d0-fc99-4e71-a90a-f27126f8cea9,Wallis Orchard Practical Shooters May 2021 Club Match,2021-05-16,1,Someone Is Always Willing To Pay,226d2336-393c-47e1-8429-9e9e4b058edd,young david,40,19.26,17,21.80,Carry Optics,U,ty130791,MINOR,,8.7207,7.7048,1.4847,11.45,4,,2,1,1,,,,
062a54d0-fc99-4e71-a90a-f27126f8cea9,Wallis Orchard Practical Shooters May 2021 Club Match,2021-05-16,1,Someone Is Always Willing To Pay,226d2336-393c-47e1-8429-9e9e4b058edd,Eric Wu,41,19.03,18,21.54,Carry Optics,U,,MINOR,,8.6150,7.6114,1.4667,7.50,5,,2,,1,,1,,
062a54d0-fc99-4e71-a90a-f27126f8cea9,Wallis Orchard Practical Shooters May 2021 Club Match,2021-05-16,1,Someone Is Always Willing To Pay,226d2336-393c-47e1-8429-9e9e4b058edd,Christian Morales,42,16.76,8,16.76,Open,C,A57907,MAJOR,,6.7027,6.7027,1.2916,14.71,3,,3,1,1,,,,
062a54d0-fc99-4e71-a90a-f27126f8cea9,Wallis Orchard Practical Shooters May 2021 Club Match,2021-05-16,1,Someone Is Always Willing To Pay,226d2336-393c-47e1-8429-9e9e4b058edd,Leofredo Echavez,43,15.39,5,22.47,Limited,U,,MINOR,Senior,8.9895,6.1563,1.1863,14.33,3,,4,,1,,,,
062a54d0-fc99-4e71-a90a-f27126f8cea9,Wallis Orchard Practical Shooters May 2021 Club Match,2021-05-16,1,Someone Is Always Willing To Pay,226d2336-393c-47e1-8429-9e9e4b058edd,Ralph Migrino,44,14.87,7,19.85,PCC,U,A132627,MINOR,Military,7.9410,5.9497,1.1465,7.85,4,,3,,1,,1,,
062a54d0-fc99-4e71-a90a-f27126f8cea9,Wallis Orchard Practical Shooters May 2021 Club Match,2021-05-16,1,Someone Is Always Willing To Pay,226d2336-393c-47e1-8429-9e9e4b058edd,Bryan Echavez,45,14.16,6,20.68,Limited,U,,MINOR,Junior,8.2719,5.6648,1.0916,21.07,6,,1,,1,,,,
062a54d0-fc99-4e71-a90a-f27126f8cea9,Wallis Orchard Practical Shooters May 2021 Club Match,2021-05-16,1,Someone Is Always Willing To Pay,226d2336-393c-47e1-8429-9e9e4b058edd,Gary Wu,46,9.51,2,12.10,Production,B,L2998,MINOR,,4.8385,3.8044,0.7331,6.82,4,,1,2,1,,1,,
062a54d0-fc99-4e71-a90a-f27126f8cea9,Wallis Orchard Practical Shooters May 2021 Club Match,2021-05-16,1,Someone Is Always Willing To Pay,226d2336-393c-47e1-8429-9e9e4b058edd,Charles Davis,47,0.00,9,0.00,Open,B,TY73740,MAJOR,Senior,0.0000,0.0000,,,,,,,,,,,
062a54d0-fc99-4e71-a90a-f27126f8cea9,Wallis Orchard Practical Shooters May 2021 Club Match,2021-05-16,1,Someone Is Always Willing To Pay,226d2336-393c-47e1-8429-9e9e4b058edd,Tom Donahue,48,0.00,10,0.00,Open,C,Ty69009,MAJOR,Super Senior,0.0000,0.0000,,,,,,,,,,,
062a54d0-fc99-4e71-a90a-f27126f8cea9,Wallis Orchard Practical Shooters May 2021 Club Match,2021-05-16,1,Someone Is Always Willing To Pay,226d2336-393c-47e1-8429-9e9e4b058edd,Danny Garza,49,0.00,7,0.00,Limited,D,TY75480,MINOR,,0.0000,0.0000,,,,,,,,,,,
062a54d0-fc99-4e71-a90a-f27126f8cea9,Wallis Orchard Practical Shooters May 2021 Club Match,2021-05-16,1,Someone Is Always Willing To Pay,226d2336-393c-47e1-8429-9e9e4b058edd,Rommel Mercado,50,0.00,8,0.00,PCC,A,Ty70687,MINOR,Foreign,0.0000,0.0000,,,,,,,,,,,
062a54d0-fc99-4e71-a90a-f27126f8cea9,Wallis Orchard Practical Shooters May 2021 Club Match,2021-05-16,1,Someone Is Always Willing To Pay,226d2336-393c-47e1-8429-9e9e4b058edd,Wade Pruetz,51,0.00,11,0.00,Open,A,Ty79055,MAJOR,,0.0000,0.0000,,,,,,,,,,,
062a54d0-fc99-4e71-a90a-f27126f8cea9,Wallis Orchard Practical Shooters May 2021 Club Match,2021-05-16,1,Someone Is Always Willing To Pay,226d2336-393c-47e1-8429-9e9e4b058edd,Joseph Reyes,52,0.00,9,0.00,PCC,C,A127665,MINOR,Super Senior,0.0000,0.0000,,,,,,,,,,,
062a54d0-fc99-4e71-a90a-f27126f8cea9,Wallis Orchard Practical Shooters May 2021 Club Match,2021-05-16,1,Someone Is Always Willing To Pay,226d2336-393c-47e1-8429-9e9e4b058edd,Anthony Smallwood,53,0.00,10,0.00,PCC,B,TY94508,MINOR,Senior,0.0000,0.0000,,,,,,,,,,,
062a54d0-fc99-4e71-a90a-f27126f8cea9,Wallis Orchard Practical Shooters May 2021 Club Match,2021-05-16,1,Someone Is Always Willing To Pay,226d2336-393c-47e1-8429-9e9e4b058edd,Chris Snow,54,0.00,12,0.00,Open,A,A107262,MAJOR,,0.0000,0.0000,,,,,,,,,,,
062a54d0-fc99-4e71-a90a-f27126f8cea9,Wallis Orchard Practical Shooters May 2021 Club Match,2021-05-16,1,Someone Is Always Willing To Pay,226d2336-393c-47e1-8429-9e9e4b058edd,Andrew Whitley,55,0.00,13,0.00,Open,B,TY-106649,MAJOR,,0.0000,0.0000,,,,,,,,,,,
062a54d0-fc99-4e71-a90a-f27126f8cea9,Wallis Orchard Practical Shooters May 2021 Club Match,2021-05-16,1,Someone Is Always Willing To Pay,226d2336-393c-47e1-8429-9e9e4b058edd,Michael Whitley,56,0.00,14,0.00,Open,B,A111091,MAJOR,,0.0000,0.0000,,,,,,,,,,,
062a54d0-fc99-4e71-a90a-f27126f8cea9,Wallis Orchard Practical Shooters May 2021 Club Match,2021-05-16,1,Someone Is Always Willing To Pay,226d2336-393c-47e1-8429-9e9e4b058edd,randy callison,57,0.00,11,0.00,PCC,A,A14418,MINOR,Senior,0.0000,0.0000,,,,,,,,,,,
062a54d0-fc99-4e71-a90a-f27126f8cea9,Wallis Orchard Practical Shooters May 2021 Club Match,2021-05-16,1,Someone Is Always Willing To Pay,226d2336-393c-47e1-8429-9e9e4b058edd,Carlos Escandon,58,0.00,6,0.00,Single Stack,B,L2590,MAJOR,Senior,0.0000,0.0000,0.0000,5.47,4,,1,,3,,,,
062a54d0-fc99-4e71-a90a-f27126f8cea9,Wallis Orchard Practical Shooters May 2021 Club Match,2021-05-16,1,Someone Is Always Willing To Pay,226d2336-393c-47e1-8429-9e9e4b058edd,Arnold Gee,59,0.00,15,0.00,Open,B,TY103519,MAJOR,Senior,0.0000,0.0000,0.0000,6.86,3,,3,,2,,1,,
062a54d0-fc99-4e71-a90a-f27126f8cea9,Wallis Orchard Practical Shooters May 2021 Club Match,2021-05-16,1,Someone Is Always Willing To Pay,226d2336-393c-47e1-8429-9e9e4b058edd,John Austria,60,0.00,19,0.00,Carry Optics,B,Fy82746,MINOR,Junior,0.0000,0.0000,0.0000,10.55,8,,,,,,4,,
062a54d0-fc99-4e71-a90a-f27126f8cea9,Wallis Orchard Practical Shooters May 2021 Club Match,2021-05-16,2,Stage 2,fbad925f-3b8e-4521-9957-9fdd4a3b26aa,Chris Snow,1,100.00,1,100.00,Open,A,A107262,MAJOR,,120.0000,120.0000,5.6338,19.17,14,,9,1,,,,,
062a54d0-fc99-4e71-a90a-f27126f8cea9,Wallis Orchard Practical Shooters May 2021 Club Match,2021-05-16,2,Stage 2,fbad925f-3b8e-4521-9957-9fdd4a3b26aa,Michael Whitley,2,93.15,2,93.15,Open,B,A111091,MAJOR,,111.7825,111.7825,5.2480,20.77,17,,5,2,,,,,
062a54d0-fc99-4e71-a90a-f27126f8cea9,Wallis Orchard Practical Shooters May 2021 Club Match,2021-05-16,2,Stage 2,fbad925f-3b8e-4521-9957-9fdd4a3b26aa,Jan Pacleb,3,89.81,3,89.81,Open,A,A79326,MAJOR,,107.7738,107.7738,5.0598,18.38,13,,9,1,1,,,,
062a54d0-fc99-4e71-a90a-f27126f8cea9,Wallis Orchard Practical Shooters May 2021 Club Match,2021-05-16,2,Stage 2,fbad925f-3b8e-4521-9957-9fdd4a3b26aa,Albert Montanez,4,85.31,4,85.31,Open,M,TY101554,MAJOR,,102.3679,102.3679,4.8060,22.68,15,,8,1,,,,,
062a54d0-fc99-4e71-a90a-f27126f8cea9,Wallis Orchard Practical Shooters May 2021 Club Match,2021-05-16,2,Stage 2,fbad925f-3b8e-4521-9957-9fdd4a3b26aa,Ryan Alicaya,5,85.12,5,85.12,Open,D,,MAJOR,,102.1485,102.1485,4.7957,22.52,14,,9,1,,,,,
062a54d0-fc99-4e71-a90a-f27126f8cea9,Wallis Orchard Practical Shooters May 2021 Club Match,2021-05-16,2,Stage 2,fbad925f-3b8e-4521-9957-9fdd4a3b26aa,Ross Apffel,6,81.84,1,100.00,Limited,A,L4428,MAJOR,,120.0000,98.2101,4.6108,23.64,17,,5,2,,,,,
062a54d0-fc99-4e71-a90a-f27126f8cea9,Wallis Orchard Practical Shooters May 2021 Club Match,2021-05-16,2,Stage 2,fbad925f-3b8e-4521-9957-9fdd4a3b26aa,John Brunkhorst,7,77.51,1,100.00,Carry Optics,B,A116144,MINOR,,120.0000,93.0129,4.3668,25.19,20,,3,1,,,,,
062a54d0-fc99-4e71-a90a-f27126f8cea9,Wallis Orchard Practical Shooters May 2021 Club Match,2021-05-16,2,Stage 2,fbad925f-3b8e-4521-9957-9fdd4a3b26aa,Janice Pacleb,8,75.82,6,75.82,Open,B,Ty75597,MAJOR,Lady,90.9787,90.9787,4.2713,26.69,18,,6,,,,,,
062a54d0-fc99-4e71-a90a-f27126f8cea9,Wallis Orchard Practical Shooters May 2021 Club Match,2021-05-16,2,Stage 2,fbad925f-3b8e-4521-9957-9fdd4a3b26aa,Mengyu Yue,9,75.55,1,100.00,PCC,B,TY109190,MINOR,,120.0000,90.6592,4.2563,22.79,19,,4,,1,,,,
062a54d0-fc99-4e71-a90a-f27126f8cea9,Wallis Orchard Practical Shooters May 2021 Club Match,2021-05-16,2,Stage 2,fbad925f-3b8e-4521-9957-9fdd4a3b26aa,Yi Shu,10,74.76,2,96.46,Carry Optics,D,TY109249,MINOR,,115.7488,89.7178,4.2121,26.59,20,,4,,,,,,
062a54d0-fc99-4e71-a90a-f27126f8cea9,Wallis Orchard Practical Shooters May 2021 Club Match,2021-05-16,2,Stage 2,fbad925f-3b8e-4521-9957-9fdd4a3b26aa,randy callison,11,73.49,2,97.27,PCC,A,A14418,MINOR,Senior,116.7239,88.1842,4.1401,25.12,19,,2,3,,,,,
062a54d0-fc99-4e71-a90a-f27126f8cea9,Wallis Orchard Practical Shooters May 2021 Club Match,2021-05-16,2,Stage 2,fbad925f-3b8e-4521-9957-9fdd4a3b26aa,Andrew McWilliams,12,69.68,2,85.14,Limited,U,A133773,MAJOR,,102.1723,83.6196,3.9258,28.02,18,,4,2,,,,,
062a54d0-fc99-4e71-a90a-f27126f8cea9,Wallis Orchard Practical Shooters May 2021 Club Match,2021-05-16,2,Stage 2,fbad925f-3b8e-4521-9957-9fdd4a3b26aa,Arnold Gee,13,69.24,7,69.24,Open,B,TY103519,MAJOR,Senior,83.0850,83.0850,3.9007,25.38,19,,3,1,1,,,,
062a54d0-fc99-4e71-a90a-f27126f8cea9,Wallis Orchard Practical Shooters May 2021 Club Match,2021-05-16,2,Stage 2,fbad925f-3b8e-4521-9957-9fdd4a3b26aa,Bryan Faustino,14,68.57,3,90.77,PCC,D,,MINOR,,108.9200,82.2883,3.8633,26.92,16,,8,,,,,,
062a54d0-fc99-4e71-a90a-f27126f8cea9,Wallis Orchard Practical Shooters May 2021 Club Match,2021-05-16,2,Stage 2,fbad925f-3b8e-4521-9957-9fdd4a3b26aa,John Austria,15,68.36,3,88.20,Carry Optics,B,Fy82746,MINOR,Junior,105.8395,82.0370,3.8515,28.56,19,,5,,,,,,
062a54d0-fc99-4e71-a90a-f27126f8cea9,Wallis Orchard Practical Shooters May 2021 Club Match,2021-05-16,2,Stage 2,fbad925f-3b8e-4521-9957-9fdd4a3b26aa,Rudy Pineda,16,67.30,4,86.83,Carry Optics,B,A131323,MINOR,,104.1990,80.7654,3.7918,26.90,16,,7,1,,,,,
062a54d0-fc99-4e71-a90a-f27126f8cea9,Wallis Orchard Practical Shooters May 2021 Club Match,2021-05-16,2,Stage 2,fbad925f-3b8e-4521-9957-9fdd4a3b26aa,Justin Corona,17,65.61,8,65.61,Open,B,L4452,MAJOR,,78.7334,78.7334,3.6964,25.43,12,,11,,1,,,,
062a54d0-fc99-4e71-a90a-f27126f8cea9,Wallis Orchard Practical Shooters May 2021 Club Match,2021-05-16,2,Stage 2,fbad925f-3b8e-4521-9957-9fdd4a3b26aa,Tim Yang,18,64.57,5,83.30,Carry Optics,B,A123783,MINOR,,99.9588,77.4788,3.6375,30.79,20,,4,,,,,,
062a54d0-fc99-4e71-a90a-f27126f8cea9,Wallis Orchard Practical Shooters May 2021 Club Match,2021-05-16,2,Stage 2,fbad925f-3b8e-4521-9957-9fdd4a3b26aa,Jim Havens,19,64.48,6,83.18,Carry Optics,A,a114636,MINOR,,99.8214,77.3723,3.6325,28.08,17,,5,2,,,,,
062a54d0-fc99-4e71-a90a-f27126f8cea9,Wallis Orchard Practical Shooters May 2021 Club Match,2021-05-16,2,Stage 2,fbad925f-3b8e-4521-9957-9fdd4a3b26aa,Matthew Gonzalez,20,64.36,7,83.03,Carry Optics,B,A119810,MINOR,,99.6373,77.2296,3.6258,27.58,15,,8,1,,,,,
062a54d0-fc99-4e71-a90a-f27126f8cea9,Wallis Orchard Practical Shooters May 2021 Club Match,2021-05-16,2,Stage 2,fbad925f-3b8e-4521-9957-9fdd4a3b26aa,James Tonkinson,21,64.17,8,82.79,Carry Optics,A,A123944,MINOR,,99.3515,77.0081,3.6154,25.17,16,,7,,1,,,,
062a54d0-fc99-4e71-a90a-f27126f8cea9,Wallis Orchard Practical Shooters May 2021 Club Match,2021-05-16,2,Stage 2,fbad925f-3b8e-4521-9957-9fdd4a3b26aa,Pat Byrne,22,60.82,1,100.00,Single Stack,B,Fu93921,MAJOR,Super Senior,120.0000,72.9887,3.4267,33.56,19,,5,,,,,,
062a54d0-fc99-4e71-a90a-f27126f8cea9,Wallis Orchard Practical Shooters May 2021 Club Match,2021-05-16,2,Stage 2,fbad925f-3b8e-4521-9957-9fdd4a3b26aa,Carlos Escandon,23,59.57,2,97.94,Single Stack,B,L2590,MAJOR,Senior,117.5277,71.4850,3.3561,33.67,17,,7,,,,,,
062a54d0-fc99-4e71-a90a-f27126f8cea9,Wallis Orchard Practical Shooters May 2021 Club Match,2021-05-16,2,Stage 2,fbad925f-3b8e-4521-9957-9fdd4a3b26aa,Andrew Whitley,24,54.50,9,54.50,Open,B,TY-106649,MAJOR,,65.4059,65.4059,3.0707,27.03,15,,7,,2,,,,
062a54d0-fc99-4e71-a90a-f27126f8cea9,Wallis Orchard Practical Shooters May 2021 Club Match,2021-05-16,2,Stage 2,fbad925f-3b8e-4521-9957-9fdd4a3b26aa,Gary Wu,25,54.04,1,100.00,Production,B,L2998,MINOR,,120.0000,64.8479,3.0445,34.16,17,,6,1,,,,,
062a54d0-fc99-4e71-a90a-f27126f8cea9,Wallis Orchard Practical Shooters May 2021 Club Match,2021-05-16,2,Stage 2,fbad925f-3b8e-4521-9957-9fdd4a3b26aa,Charity Taylor,26,51.47,10,51.47,Open,U,,MAJOR,,61.7636,61.7636,2.8997,38.28,15,,9,,,,,,
062a54d0-fc99-4e71-a90a-f27126f8cea9,Wallis Orchard Practical Shooters May 2021 Club Match,2021-05-16,2,Stage 2,fbad925f-3b8e-4521-9957-9fdd4a3b26aa,nick milks,27,50.27,4,66.54,PCC,U,a109961,MAJOR,,79.8468,60.3238,2.8321,39.90,17,,7,,,,,,
062a54d0-fc99-4e71-a90a-f27126f8cea9,Wallis Orchard Practical Shooters May 2021 Club Match,2021-05-16,2,Stage 2,fbad925f-3b8e-4521-9957-9fdd4a3b26aa,gerrit milks,28,50.22,5,66.47,PCC,A,a67608,MINOR,Super Senior,79.7622,60.2599,2.8291,34.64,13,,11,,,,,,
062a54d0-fc99-4e71-a90a-f27126f8cea9,Wallis Orchard Practical Shooters May 2021 Club Match,2021-05-16,2,Stage 2,fbad925f-3b8e-4521-9957-9fdd4a3b26aa,Derik Satsky,29,49.90,9,64.38,Carry Optics,A,FY119794,MINOR,,77.2520,59.8786,2.8112,24.90,17,,5,,2,,,1,
062a54d0-fc99-4e71-a90a-f27126f8cea9,Wallis Orchard Practical Shooters May 2021 Club Match,2021-05-16,2,Stage 2,fbad925f-3b8e-4521-9957-9fdd4a3b26aa,Doug Joder,30,47.33,6,62.65,PCC,U,A115020,MINOR,,75.1836,56.8007,2.6667,33.75,12,,9,3,,,,,
062a54d0-fc99-4e71-a90a-f27126f8cea9,Wallis Orchard Practical Shooters May 2021 Club Match,2021-05-16,2,Stage 2,fbad925f-3b8e-4521-9957-9fdd4a3b26aa,Ridong Wen,31,45.84,10,59.14,Carry Optics,U,A99651,MINOR,,70.9646,55.0051,2.5824,25.17,16,,5,,3,,,,
062a54d0-fc99-4e71-a90a-f27126f8cea9,Wallis Orchard Practical Shooters May 2021 Club Match,2021-05-16,2,Stage 2,fbad925f-3b8e-4521-9957-9fdd4a3b26aa,Jun Wu,32,40.85,3,67.16,Single Stack,U,TY104927,MINOR,,80.5965,49.0220,2.3015,38.67,15,,8,,1,,,,
062a54d0-fc99-4e71-a90a-f27126f8cea9,Wallis Orchard Practical Shooters May 2021 Club Match,2021-05-16,2,Stage 2,fbad925f-3b8e-4521-9957-9fdd4a3b26aa,Kevin Baker,33,38.85,2,71.89,Production,C,A95439,MINOR,,86.2684,46.6193,2.1887,32.44,8,,13,2,1,,,,
062a54d0-fc99-4e71-a90a-f27126f8cea9,Wallis Orchard Practical Shooters May 2021 Club Match,2021-05-16,2,Stage 2,fbad925f-3b8e-4521-9957-9fdd4a3b26aa,Emman Alcoseba,34,36.73,4,60.39,Single Stack,C,TY67519,MINOR,Senior,72.4721,44.0804,2.0695,36.24,11,,9,3,1,,,,
062a54d0-fc99-4e71-a90a-f27126f8cea9,Wallis Orchard Practical Shooters May 2021 Club Match,2021-05-16,2,Stage 2,fbad925f-3b8e-4521-9957-9fdd4a3b26aa,Page Brunkhorst,35,36.61,5,60.19,Single Stack,C,L4903,MINOR,Senior,72.2339,43.9355,2.0627,38.30,13,,7,3,1,,,,
062a54d0-fc99-4e71-a90a-f27126f8cea9,Wallis Orchard Practical Shooters May 2021 Club Match,2021-05-16,2,Stage 2,fbad925f-3b8e-4521-9957-9fdd4a3b26aa,Garrick Gonzalez,36,35.76,11,46.14,Carry Optics,B,A119804,MINOR,,55.3641,42.9131,2.0147,31.27,15,,6,,3,,,,
062a54d0-fc99-4e71-a90a-f27126f8cea9,Wallis Orchard Practical Shooters May 2021 Club Match,2021-05-16,2,Stage 2,fbad925f-3b8e-4521-9957-9fdd4a3b26aa,Gil Yolo,37,33.43,11,33.43,Open,A,A100714,MAJOR,,40.1101,40.1101,1.8831,20.71,11,,8,1,4,,,1,
062a54d0-fc99-4e71-a90a-f27126f8cea9,Wallis Orchard Practical Shooters May 2021 Club Match,2021-05-16,2,Stage 2,fbad925f-3b8e-4521-9957-9fdd4a3b26aa,Eric Wu,38,27.84,12,35.92,Carry Optics,U,,MINOR,,43.1025,33.4091,1.5685,52.28,18,,3,3,,,2,,
062a54d0-fc99-4e71-a90a-f27126f8cea9,Wallis Orchard Practical Shooters May 2021 Club Match,2021-05-16,2,Stage 2,fbad925f-3b8e-4521-9957-9fdd4a3b26aa,Dale Hamm,39,23.88,6,39.26,Single Stack,C,TY97196,MAJOR,Senior,47.1077,28.6528,1.3452,50.55,10,,7,5,2,,,,
062a54d0-fc99-4e71-a90a-f27126f8cea9,Wallis Orchard Practical Shooters May 2021 Club Match,2021-05-16,2,Stage 2,fbad925f-3b8e-4521-9957-9fdd4a3b26aa,Jeannie Marrone,40,18.07,3,22.08,Limited,U,A133357,MINOR,Lady; Senior,26.4969,21.6855,1.0181,54.02,13,,6,2,3,,,,
062a54d0-fc99-4e71-a90a-f27126f8cea9,Wallis Orchard Practical Shooters May 2021 Club Match,2021-05-16,2,Stage 2,fbad925f-3b8e-4521-9957-9fdd4a3b26aa,Jack Liu,41,15.84,13,20.43,Carry Optics,U,Ty130790,MINOR,,24.5205,19.0060,0.8923,48.19,12,,7,2,3,,1,,
062a54d0-fc99-4e71-a90a-f27126f8cea9,Wallis Orchard Practical Shooters May 2021 Club Match,2021-05-16,2,Stage 2,fbad925f-3b8e-4521-9957-9fdd4a3b26aa,Antonio Tormis,42,13.31,14,17.17,Carry Optics,C,A124958,MINOR,,20.6018,15.9686,0.7497,30.68,10,,7,2,5,,,,
062a54d0-fc99-4e71-a90a-f27126f8cea9,Wallis Orchard Practical Shooters May 2021 Club Match,2021-05-16,2,Stage 2,fbad925f-3b8e-4521-9957-9fdd4a3b26aa,Nathaniel Lovan,43,12.54,15,16.18,Carry Optics,U,A118114,MINOR,,19.4174,15.0506,0.7066,49.53,14,,5,,5,,,,
062a54d0-fc99-4e71-a90a-f27126f8cea9,Wallis Orchard Practical Shooters May 2021 Club Match,2021-05-16,2,Stage 2,fbad925f-3b8e-4521-9957-9fdd4a3b26aa,Jon Baguio,44,0.00,16,0.00,Carry Optics,X,,MINOR,,0.0000,0.0000,,,,,,,,,,,
062a54d0-fc99-4e71-a90a-f27126f8cea9,Wallis Orchard Practical Shooters May 2021 Club Match,2021-05-16,2,Stage 2,fbad925f-3b8e-4521-9957-9fdd4a3b26aa,Charles Davis,45,0.00,12,0.00,Open,B,TY73740,MAJOR,Senior,0.0000,0.0000,,,,,,,,,,,
062a54d0-fc99-4e71-a90a-f27126f8cea9,Wallis Orchard Practical Shooters May 2021 Club Match,2021-05-16,2,Stage 2,fbad925f-3b8e-4521-9957-9fdd4a3b26aa,Tom Donahue,46,0.00,13,0.00,Open,C,Ty69009,MAJOR,Super Senior,0.0000,0.0000,,,,,,,,,,,
062a54d0-fc99-4e71-a90a-f27126f8cea9,Wallis Orchard Practical Shooters May 2021 Club Match,2021-05-16,2,Stage 2,fbad925f-3b8e-4521-9957-9fdd4a3b26aa,Bryan Echavez,47,0.00,4,0.00,Limited,U,,MINOR,Junior,0.0000,0.0000,,,,,,,,,,,
062a54d0-fc99-4e71-a90a-f27126f8cea9,Wallis Orchard Practical Shooters May 2021 Club Match,2021-05-16,2,Stage 2,fbad925f-3b8e-4521-9957-9fdd4a3b26aa,Leofredo Echavez,48,0.00,5,0.00,Limited,U,,MINOR,Senior,0.0000,0.0000,,,,,,,,,,,
062a54d0-fc99-4e71-a90a-f27126f8cea9,Wallis Orchard Practical Shooters May 2021 Club Match,2021-05-16,2,Stage 2,fbad925f-3b8e-4521-9957-9fdd4a3b26aa,Danny Garza,49,0.00,6,0.00,Limited,D,TY75480,MINOR,,0.0000,0.0000,,,,,,,,,,,
062a54d0-fc99-4e71-a90a-f27126f8cea9,Wallis Orchard Practical Shooters May 2021 Club Match,2021-05-16,2,Stage 2,fbad925f-3b8e-4521-9957-9fdd4a3b26aa,Rommel Mercado,50,0.00,7,0.00,PCC,A,Ty70687,MINOR,Foreign,0.0000,0.0000,,,,,,,,,,,
062a54d0-fc99-4e71-a90a-f27126f8cea9,Wallis Orchard Practical Shooters May 2021 Club Match,2021-05-16,2,Stage 2,fbad925f-3b8e-4521-9957-9fdd4a3b26aa,Ralph Migrino,51,0.00,8,0.00,PCC,U,A132627,MINOR,Military,0.0000,0.0000,,,,,,,,,,,
062a54d0-fc99-4e71-a90a-f27126f8cea9,Wallis Orchard Practical Shooters May 2021 Club Match,2021-05-16,2,Stage 2,fbad925f-3b8e-4521-9957-9fdd4a3b26aa,Christian Morales,52,0.00,14,0.00,Open,C,A57907,MAJOR,,0.0000,0.0000,,,,,,,,,,,
062a54d0-fc99-4e71-a90a-f27126f8cea9,Wallis Orchard Practical Shooters May 2021 Club Match,2021-05-16,2,Stage 2,fbad925f-3b8e-4521-9957-9fdd4a3b26aa,Norman Oducado,53,0.00,17,0.00,Carry Optics,U,A103491,MINOR,,0.0000,0.0000,,,,,,,,,,,
062a54d0-fc99-4e71-a90a-f27126f8cea9,Wallis Orchard Practical Shooters May 2021 Club Match,2021-05-16,2,Stage 2,fbad925f-3b8e-4521-9957-9fdd4a3b26aa,Hopper Po,54,0.00,18,0.00,Carry Optics,U,A132909,MINOR,,0.0000,0.0000,,,,,,,,,,,
062a54d0-fc99-4e71-a90a-f27126f8cea9,Wallis Orchard Practical Shooters May 2021 Club Match,2021-05-16,2,Stage 2,fbad925f-3b8e-4521-9957-9fdd4a3b26aa,Marlon Poralan,55,0.00,9,0.00,PCC,D,TY 76330,MINOR,Law Enforcement,0.0000,0.0000,,,,,,,,,,,
062a54d0-fc99-4e71-a90a-f27126f8cea9,Wallis Orchard Practical Shooters May 2021 Club Match,2021-05-16,2,Stage 2,fbad925f-3b8e-4521-9957-9fdd4a3b26aa,Wade Pruetz,56,0.00,15,0.00,Open,A,Ty79055,MAJOR,,0.0000,0.0000,,,,,,,,,,,
062a54d0-fc99-4e71-a90a-f27126f8cea9,Wallis Orchard Practical Shooters May 2021 Club Match,2021-05-16,2,Stage 2,fbad925f-3b8e-4521-9957-9fdd4a3b26aa,Joseph Reyes,57,0.00,10,0.00,PCC,C,A127665,MINOR,Super Senior,0.0000,0.0000,,,,,,,,,,,
062a54d0-fc99-4e71-a90a-f27126f8cea9,Wallis Orchard Practical Shooters May 2021 Club Match,2021-05-16,2,Stage 2,fbad925f-3b8e-4521-9957-9fdd4a3b26aa,Parish Saculles,58,0.00,7,0.00,Limited,,,MINOR,Law Enforcement,0.0000,0.0000,,,,,,,,,,,
062a54d0-fc99-4e71-a90a-f27126f8cea9,Wallis Orchard Practical Shooters May 2021 Club Match,2021-05-16,2,Stage 2,fbad925f-3b8e-4521-9957-9fdd4a3b26aa,Anthony Smallwood,59,0.00,11,0.00,PCC,B,TY94508,MINOR,Senior,0.0000,0.0000,,,,,,,,,,,
062a54d0-fc99-4e71-a90a-f27126f8cea9,Wallis Orchard Practical Shooters May 2021 Club Match,2021-05-16,2,Stage 2,fbad925f-3b8e-4521-9957-9fdd4a3b26aa,young david,60,0.00,19,0.00,Carry Optics,U,ty130791,MINOR,,0.0000,0.0000,,,,,,,,,,,
062a54d0-fc99-4e71-a90a-f27126f8cea9,Wallis Orchard Practical Shooters May 2021 Club Match,2021-05-16,3,Stage 3,143a1cd3-3d47-42c5-8711-d482778dc04f,Albert Montanez,1,100.00,1,100.00,Open,M,TY101554,MAJOR,,140.0000,140.0000,6.5756,19.77,18,,10,,,,,,
062a54d0-fc99-4e71-a90a-f27126f8cea9,Wallis Orchard Practical Shooters May 2021 Club Match,2021-05-16,3,Stage 3,143a1cd3-3d47-42c5-8711-d482778dc04f,Jan Pacleb,2,89.94,2,89.94,Open,A,A79326,MAJOR,,125.9140,125.9140,5.9140,20.46,15,,10,3,,,,,
062a54d0-fc99-4e71-a90a-f27126f8cea9,Wallis Orchard Practical Shooters May 2021 Club Match,2021-05-16,3,Stage 3,143a1cd3-3d47-42c5-8711-d482778dc04f,Andrew Whitley,3,83.32,3,83.32,Open,B,TY-106649,MAJOR,,116.6503,116.6503,5.4789,23.91,19,,9,,,,,,
062a54d0-fc99-4e71-a90a-f27126f8cea9,Wallis Orchard Practical Shooters May 2021 Club Match,2021-05-16,3,Stage 3,143a1cd3-3d47-42c5-8711-d482778dc04f,Mengyu Yue,4,78.55,1,100.00,PCC,B,TY109190,MINOR,,140.0000,109.9693,5.1651,23.62,19,,9,,,,,,
062a54d0-fc99-4e71-a90a-f27126f8cea9,Wallis Orchard Practical Shooters May 2021 Club Match,2021-05-16,3,Stage 3,143a1cd3-3d47-42c5-8711-d482778dc04f,Derik Satsky,5,75.21,1,100.00,Carry Optics,A,FY119794,MINOR,,140.0000,105.2938,4.9455,23.86,17,,11,,,,,,
062a54d0-fc99-4e71-a90a-f27126f8cea9,Wallis Orchard Practical Shooters May 2021 Club Match,2021-05-16,3,Stage 3,143a1cd3-3d47-42c5-8711-d482778dc04f,Rudy Pineda,6,71.97,2,95.69,Carry Optics,B,A131323,MINOR,,133.9674,100.7567,4.7324,25.78,19,,9,,,,,,
062a54d0-fc99-4e71-a90a-f27126f8cea9,Wallis Orchard Practical Shooters May 2021 Club Match,2021-05-16,3,Stage 3,143a1cd3-3d47-42c5-8711-d482778dc04f,Ridong Wen,7,68.76,3,91.43,Carry Optics,U,A99651,MINOR,,127.9972,96.2665,4.5215,26.54,20,,6,2,,,,,
062a54d0-fc99-4e71-a90a-f27126f8cea9,Wallis Orchard Practical Shooters May 2021 Club Match,2021-05-16,3,Stage 3,143a1cd3-3d47-42c5-8711-d482778dc04f,Matthew Gonzalez,8,66.41,4,88.30,Carry Optics,B,A119810,MINOR,,123.6178,92.9728,4.3668,25.19,14,,13,1,,,,,
062a54d0-fc99-4e71-a90a-f27126f8cea9,Wallis Orchard Practical Shooters May 2021 Club Match,2021-05-16,3,Stage 3,143a1cd3-3d47-42c5-8711-d482778dc04f,Ross Apffel,9,65.88,1,100.00,Limited,A,L4428,MAJOR,,140.0000,92.2298,4.3319,27.24,16,,12,,,,1,,
062a54d0-fc99-4e71-a90a-f27126f8cea9,Wallis Orchard Practical Shooters May 2021 Club Match,2021-05-16,3,Stage 3,143a1cd3-3d47-42c5-8711-d482778dc04f,Garrick Gonzalez,10,64.67,5,85.98,Carry Optics,B,A119804,MINOR,,120.3765,90.5350,4.2523,27.75,19,,7,2,,,,,
062a54d0-fc99-4e71-a90a-f27126f8cea9,Wallis Orchard Practical Shooters May 2021 Club Match,2021-05-16,3,Stage 3,143a1cd3-3d47-42c5-8711-d482778dc04f,Yi Shu,11,64.30,6,85.50,Carry Optics,D,TY109249,MINOR,,119.6943,90.0219,4.2282,29.80,22,,5,1,,,,,
062a54d0-fc99-4e71-a90a-f27126f8cea9,Wallis Orchard Practical Shooters May 2021 Club Match,2021-05-16,3,Stage 3,143a1cd3-3d47-42c5-8711-d482778dc04f,Justin Corona,12,64.22,4,64.22,Open,B,L4452,MAJOR,,89.9091,89.9091,4.2229,22.97,19,,8,,1,,2,,
062a54d0-fc99-4e71-a90a-f27126f8cea9,Wallis Orchard Practical Shooters May 2021 Club Match,2021-05-16,3,Stage 3,143a1cd3-3d47-42c5-8711-d482778dc04f,Kevin Baker,13,60.88,1,100.00,Production,C,A95439,MINOR,,140.0000,85.2251,4.0029,27.98,18,,6,4,,,,,
062a54d0-fc99-4e71-a90a-f27126f8cea9,Wallis Orchard Practical Shooters May 2021 Club Match,2021-05-16,3,Stage 3,143a1cd3-3d47-42c5-8711-d482778dc04f,Janice Pacleb,14,60.56,5,60.56,Open,B,Ty75597,MAJOR,Lady,84.7801,84.7801,3.9820,28.88,17,,10,,1,,,,
062a54d0-fc99-4e71-a90a-f27126f8cea9,Wallis Orchard Practical Shooters May 2021 Club Match,2021-05-16,3,Stage 3,143a1cd3-3d47-42c5-8711-d482778dc04f,Chris Snow,15,59.54,6,59.54,Open,A,A107262,MAJOR,,83.3579,83.3579,3.9152,21.71,15,,9,2,2,,,1,
062a54d0-fc99-4e71-a90a-f27126f8cea9,Wallis Orchard Practical Shooters May 2021 Club Match,2021-05-16,3,Stage 3,143a1cd3-3d47-42c5-8711-d482778dc04f,Arnold Gee,16,57.73,7,57.73,Open,B,TY103519,MAJOR,Senior,80.8264,80.8264,3.7963,33.19,16,,11,1,,,,,
062a54d0-fc99-4e71-a90a-f27126f8cea9,Wallis Orchard Practical Shooters May 2021 Club Match,2021-05-16,3,Stage 3,143a1cd3-3d47-42c5-8711-d482778dc04f,nick milks,17,54.28,2,69.11,PCC,U,a109961,MAJOR,,96.7486,75.9955,3.5694,34.74,14,,13,1,,,,,
062a54d0-fc99-4e71-a90a-f27126f8cea9,Wallis Orchard Practical Shooters May 2021 Club Match,2021-05-16,3,Stage 3,143a1cd3-3d47-42c5-8711-d482778dc04f,randy callison,18,52.95,3,67.41,PCC,A,A14418,MINOR,Senior,94.3769,74.1326,3.4819,30.73,19,,7,1,1,,,,
062a54d0-fc99-4e71-a90a-f27126f8cea9,Wallis Orchard Practical Shooters May 2021 Club Match,2021-05-16,3,Stage 3,143a1cd3-3d47-42c5-8711-d482778dc04f,Gary Wu,19,52.66,2,86.50,Production,B,L2998,MINOR,,121.1067,73.7238,3.4627,33.50,17,,10,1,,,,,
062a54d0-fc99-4e71-a90a-f27126f8cea9,Wallis Orchard Practical Shooters May 2021 Club Match,2021-05-16,3,Stage 3,143a1cd3-3d47-42c5-8711-d482778dc04f,Michael Whitley,20,52.31,8,52.31,Open,B,A111091,MAJOR,,73.2405,73.2405,3.4400,20.93,16,,7,2,3,,,1,
062a54d0-fc99-4e71-a90a-f27126f8cea9,Wallis Orchard Practical Shooters May 2021 Club Match,2021-05-16,3,Stage 3,143a1cd3-3d47-42c5-8711-d482778dc04f,John Austria,21,50.39,7,67.00,Carry Optics,B,Fy82746,MINOR,Junior,93.8004,70.5472,3.3135,31.99,17,,10,1,,,1,,
062a54d0-fc99-4e71-a90a-f27126f8cea9,Wallis Orchard Practical Shooters May 2021 Club Match,2021-05-16,3,Stage 3,143a1cd3-3d47-42c5-8711-d482778dc04f,Pat Byrne,22,50.38,1,100.00,Single Stack,B,Fu93921,MAJOR,Super Senior,140.0000,70.5301,3.3127,35.62,20,,7,,1,,,,
062a54d0-fc99-4e71-a90a-f27126f8cea9,Wallis Orchard Practical Shooters May 2021 Club Match,2021-05-16,3,Stage 3,143a1cd3-3d47-42c5-8711-d482778dc04f,Jim Havens,23,50.06,8,66.56,Carry Optics,A,a114636,MINOR,,93.1805,70.0809,3.2916,27.95,22,,4,,2,,,1,
062a54d0-fc99-4e71-a90a-f27126f8cea9,Wallis Orchard Practical Shooters May 2021 Club Match,2021-05-16,3,Stage 3,143a1cd3-3d47-42c5-8711-d482778dc04f,Tim Yang,24,45.58,9,60.61,Carry Optics,B,A123783,MINOR,,84.8521,63.8171,2.9974,26.69,16,,10,,2,,,1,
062a54d0-fc99-4e71-a90a-f27126f8cea9,Wallis Orchard Practical Shooters May 2021 Club Match,2021-05-16,3,Stage 3,143a1cd3-3d47-42c5-8711-d482778dc04f,James Tonkinson,25,41.19,10,54.77,Carry Optics,A,A123944,MINOR,,76.6737,57.6662,2.7085,28.06,20,,5,1,2,,1,1,
062a54d0-fc99-4e71-a90a-f27126f8cea9,Wallis Orchard Practical Shooters May 2021 Club Match,2021-05-16,3,Stage 3,143a1cd3-3d47-42c5-8711-d482778dc04f,gerrit milks,26,39.14,4,49.82,PCC,A,a67608,MINOR,Super Senior,69.7547,54.7920,2.5735,32.64,18,,8,,2,,,1,
062a54d0-fc99-4e71-a90a-f27126f8cea9,Wallis Orchard Practical Shooters May 2021 Club Match,2021-05-16,3,Stage 3,143a1cd3-3d47-42c5-8711-d482778dc04f,Jack Liu,27,35.32,11,46.96,Carry Optics,U,Ty130790,MINOR,,65.7438,49.4458,2.3224,36.60,13,,13,1,1,,1,,
062a54d0-fc99-4e71-a90a-f27126f8cea9,Wallis Orchard Practical Shooters May 2021 Club Match,2021-05-16,3,Stage 3,143a1cd3-3d47-42c5-8711-d482778dc04f,Andrew McWilliams,28,34.02,2,51.64,Limited,U,A133773,MAJOR,,72.2898,47.6233,2.2368,33.53,15,,10,,3,,1,,
062a54d0-fc99-4e71-a90a-f27126f8cea9,Wallis Orchard Practical Shooters May 2021 Club Match,2021-05-16,3,Stage 3,143a1cd3-3d47-42c5-8711-d482778dc04f,Charity Taylor,29,33.94,9,33.94,Open,U,,MAJOR,,47.5190,47.5190,2.2319,48.39,12,,14,1,1,,,,
062a54d0-fc99-4e71-a90a-f27126f8cea9,Wallis Orchard Practical Shooters May 2021 Club Match,2021-05-16,3,Stage 3,143a1cd3-3d47-42c5-8711-d482778dc04f,young david,30,33.89,12,45.06,Carry Optics,U,ty130791,MINOR,,63.0828,47.4445,2.2284,50.26,15,,12,1,,,,,
062a54d0-fc99-4e71-a90a-f27126f8cea9,Wallis Orchard Practical Shooters May 2021 Club Match,2021-05-16,3,Stage 3,143a1cd3-3d47-42c5-8711-d482778dc04f,Nathaniel Lovan,31,27.42,13,36.46,Carry Optics,U,A118114,MINOR,,51.0460,38.3916,1.8032,56.01,16,,10,1,1,,,,
062a54d0-fc99-4e71-a90a-f27126f8cea9,Wallis Orchard Practical Shooters May 2021 Club Match,2021-05-16,3,Stage 3,143a1cd3-3d47-42c5-8711-d482778dc04f,Eric Wu,32,24.38,14,32.42,Carry Optics,U,,MINOR,,45.3871,34.1356,1.6033,36.80,18,,6,1,3,,2,,
062a54d0-fc99-4e71-a90a-f27126f8cea9,Wallis Orchard Practical Shooters May 2021 Club Match,2021-05-16,3,Stage 3,143a1cd3-3d47-42c5-8711-d482778dc04f,Jeannie Marrone,33,21.21,3,32.20,Limited,U,A133357,MINOR,Lady; Senior,45.0744,29.6943,1.3947,52.34,19,,6,,3,,,1,
062a54d0-fc99-4e71-a90a-f27126f8cea9,Wallis Orchard Practical Shooters May 2021 Club Match,2021-05-16,3,Stage 3,143a1cd3-3d47-42c5-8711-d482778dc04f,Emman Alcoseba,34,0.00,2,0.00,Single Stack,C,TY67519,MINOR,Senior,0.0000,0.0000,,,,,,,,,,,
062a54d0-fc99-4e71-a90a-f27126f8cea9,Wallis Orchard Practical Shooters May 2021 Club Match,2021-05-16,3,Stage 3,143a1cd3-3d47-42c5-8711-d482778dc04f,Ryan Alicaya,35,0.00,10,0.00,Open,D,,MAJOR,,0.0000,0.0000,,,,,,,,,,,
062a54d0-fc99-4e71-a90a-f27126f8cea9,Wallis Orchard Practical Shooters May 2021 Club Match,2021-05-16,3,Stage 3,143a1cd3-3d47-42c5-8711-d482778dc04f,Jon Baguio,36,0.00,15,0.00,Carry Optics,X,,MINOR,,0.0000,0.0000,,,,,,,,,,,
062a54d0-fc99-4e71-a90a-f27126f8cea9,Wallis Orchard Practical Shooters May 2021 Club Match,2021-05-16,3,Stage 3,143a1cd3-3d47-42c5-8711-d482778dc04f,John Brunkhorst,37,0.00,16,0.00,Carry Optics,B,A116144,MINOR,,0.0000,0.0000,,,,,,,,,,,
062a54d0-fc99-4e71-a90a-f27126f8cea9,Wallis Orchard Practical Shooters May 2021 Club Match,2021-05-16,3,Stage 3,143a1cd3-3d47-42c5-8711-d482778dc04f,Page Brunkhorst,38,0.00,3,0.00,Single Stack,C,L4903,MINOR,Senior,0.0000,0.0000,,,,,,,,,,,
062a54d0-fc99-4e71-a90a-f27126f8cea9,Wallis Orchard Practical Shooters May 2021 Club Match,2021-05-16,3,Stage 3,143a1cd3-3d47-42c5-8711-d482778dc04f,Charles Davis,39,0.00,11,0.00,Open,B,TY73740,MAJOR,Senior,0.0000,0.0000,,,,,,,,,,,
062a54d0-fc99-4e71-a90a-f27126f8cea9,Wallis Orchard Practical Shooters May 2021 Club Match,2021-05-16,3,Stage 3,143a1cd3-3d47-42c5-8711-d482778dc04f,Tom Donahue,40,0.00,12,0.00,Open,C,Ty69009,MAJOR,Super Senior,0.0000,0.0000,,,,,,,,,,,
062a54d0-fc99-4e71-a90a-f27126f8cea9,Wallis Orchard Practical Shooters May 2021 Club Match,2021-05-16,3,Stage 3,143a1cd3-3d47-42c5-8711-d482778dc04f,Bryan Echavez,41,0.00,4,0.00,Limited,U,,MINOR,Junior,0.0000,0.0000,,,,,,,,,,,
062a54d0-fc99-4e71-a90a-f27126f8cea9,Wallis Orchard Practical Shooters May 2021 Club Match,2021-05-16,3,Stage 3,143a1cd3-3d47-42c5-8711-d482778dc04f,Leofredo Echavez,42,0.00,5,0.00,Limited,U,,MINOR,Senior,0.0000,0.0000,,,,,,,,,,,
062a54d0-fc99-4e71-a90a-f27126f8cea9,Wallis Orchard Practical Shooters May 2021 Club Match,2021-05-16,3,Stage 3,143a1cd3-3d47-42c5-8711-d482778dc04f,Carlos Escandon,43,0.00,4,0.00,Single Stack,B,L2590,MAJOR,Senior,0.0000,0.0000,,,,,,,,,,,
062a54d0-fc99-4e71-a90a-f27126f8cea9,Wallis Orchard Practical Shooters May 2021 Club Match,2021-05-16,3,Stage 3,143a1cd3-3d47-42c5-8711-d482778dc04f,Bryan Faustino,44,0.00,5,0.00,PCC,D,,MINOR,,0.0000,0.0000,,,,,,,,,,,
062a54d0-fc99-4e71-a90a-f27126f8cea9,Wallis Orchard Practical Shooters May 2021 Club Match,2021-05-16,3,Stage 3,143a1cd3-3d47-42c5-8711-d482778dc04f,Danny Garza,45,0.00,6,0.00,Limited,D,TY75480,MINOR,,0.0000,0.0000,,,,,,,,,,,
062a54d0-fc99-4e71-a90a-f27126f8cea9,Wallis Orchard Practical Shooters May 2021 Club Match,2021-05-16,3,Stage 3,143a1cd3-3d47-42c5-8711-d482778dc04f,Dale Hamm,46,0.00,5,0.00,Single Stack,C,TY97196,MAJOR,Senior,0.0000,0.0000,,,,,,,,,,,
062a54d0-fc99-4e71-a90a-f27126f8cea9,Wallis Orchard Practical Shooters May 2021 Club Match,2021-05-16,3,Stage 3,143a1cd3-3d47-42c5-8711-d482778dc04f,Doug Joder,47,0.00,6,0.00,PCC,U,A115020,MINOR,,0.0000,0.0000,,,,,,,,,,,
062a54d0-fc99-4e71-a90a-f27126f8cea9,Wallis Orchard Practical Shooters May 2021 Club Match,2021-05-16,3,Stage 3,143a1cd3-3d47-42c5-8711-d482778dc04f,Rommel Mercado,48,0.00,7,0.00,PCC,A,Ty70687,MINOR,Foreign,0.0000,0.0000,,,,,,,,,,,
062a54d0-fc99-4e71-a90a-f27126f8cea9,Wallis Orchard Practical Shooters May 2021 Club Match,2021-05-16,3,Stage 3,143a1cd3-3d47-42c5-8711-d482778dc04f,Ralph Migrino,49,0.00,8,0.00,PCC,U,A132627,MINOR,Military,0.0000,0.0000,,,,,,,,,,,
062a54d0-fc99-4e71-a90a-f27126f8cea9,Wallis Orchard Practical Shooters May 2021 Club Match,2021-05-16,3,Stage 3,143a1cd3-3d47-42c5-8711-d482778dc04f,Christian Morales,50,0.00,13,0.00,Open,C,A57907,MAJOR,,0.0000,0.0000,,,,,,,,,,,
062a54d0-fc99-4e71-a90a-f27126f8cea9,Wallis Orchard Practical Shooters May 2021 Club Match,2021-05-16,3,Stage 3,143a1cd3-3d47-42c5-8711-d482778dc04f,Norman Oducado,51,0.00,17,0.00,Carry Optics,U,A103491,MINOR,,0.0000,0.0000,,,,,,,,,,,
062a54d0-fc99-4e71-a90a-f27126f8cea9,Wallis Orchard Practical Shooters May 2021 Club Match,2021-05-16,3,Stage 3,143a1cd3-3d47-42c5-8711-d482778dc04f,Hopper Po,52,0.00,18,0.00,Carry Optics,U,A132909,MINOR,,0.0000,0.0000,,,,,,,,,,,
062a54d0-fc99-4e71-a90a-f27126f8cea9,Wallis Orchard Practical Shooters May 2021 Club Match,2021-05-16,3,Stage 3,143a1cd3-3d47-42c5-8711-d482778dc04f,Marlon Poralan,53,0.00,9,0.00,PCC,D,TY 76330,MINOR,Law Enforcement,0.0000,0.0000,,,,,,,,,,,
062a54d0-fc99-4e71-a90a-f27126f8cea9,Wallis Orchard Practical Shooters May 2021 Club Match,2021-05-16,3,Stage 3,143a1cd3-3d47-42c5-8711-d482778dc04f,Wade Pruetz,54,0.00,14,0.00,Open,A,Ty79055,MAJOR,,0.0000,0.0000,,,,,,,,,,,
062a54d0-fc99-4e71-a90a-f27126f8cea9,Wallis Orchard Practical Shooters May 2021 Club Match,2021-05-16,3,Stage 3,143a1cd3-3d47-42c5-8711-d482778dc04f,Joseph Reyes,55,0.00,10,0.00,PCC,C,A127665,MINOR,Super Senior,0.0000,0.0000,,,,,,,,,,,
062a54d0-fc99-4e71-a90a-f27126f8cea9,Wallis Orchard Practical Shooters May 2021 Club Match,2021-05-16,3,Stage 3,143a1cd3-3d47-42c5-8711-d482778dc04f,Parish Saculles,56,0.00,7,0.00,Limited,,,MINOR,Law Enforcement,0.0000,0.0000,,,,,,,,,,,
062a54d0-fc99-4e71-a90a-f27126f8cea9,Wallis Orchard Practical Shooters May 2021 Club Match,2021-05-16,3,Stage 3,143a1cd3-3d47-42c5-8711-d482778dc04f,Anthony Smallwood,57,0.00,11,0.00,PCC,B,TY94508,MINOR,Senior,0.0000,0.0000,,,,,,,,,,,
062a54d0-fc99-4e71-a90a-f27126f8cea9,Wallis Orchard Practical Shooters May 2021 Club Match,2021-05-16,3,Stage 3,143a1cd3-3d47-42c5-8711-d482778dc04f,Antonio Tormis,58,0.00,19,0.00,Carry Optics,C,A124958,MINOR,,0.0000,0.0000,,,,,,,,,,,
062a54d0-fc99-4e71-a90a-f27126f8cea9,Wallis Orchard Practical Shooters May 2021 Club Match,2021-05-16,3,Stage 3,143a1cd3-3d47-42c5-8711-d482778dc04f,Jun Wu,59,0.00,6,0.00,Single Stack,U,TY104927,MINOR,,0.0000,0.0000,,,,,,,,,,,
062a54d0-fc99-4e71-a90a-f27126f8cea9,Wallis Orchard Practical Shooters May 2021 Club Match,2021-05-16,3,Stage 3,143a1cd3-3d47-42c5-8711-d482778dc04f,Gil Yolo,60,0.00,15,0.00,Open,A,A100714,MAJOR,,0.0000,0.0000,,,,,,,,,,,
062a54d0-fc99-4e71-a90a-f27126f8cea9,Wallis Orchard Practical Shooters May 2021 Club Match,2021-05-16,4,Stage 4,f3db8ae0-a5ab-4ab9-8679-f6b3643a0a2b,Chris Snow,1,100.00,1,100.00,Open,A,A107262,MAJOR,,110.0000,110.0000,8.1281,12.18,13,,8,1,,,,,
062a54d0-fc99-4e71-a90a-f27126f8cea9,Wallis Orchard Practical Shooters May 2021 Club Match,2021-05-16,4,Stage 4,f3db8ae0-a5ab-4ab9-8679-f6b3643a0a2b,Jim Havens,2,91.06,1,100.00,Carry Optics,A,a114636,MINOR,,110.0000,100.1708,7.4018,13.24,17,,4,1,,,,,
062a54d0-fc99-4e71-a90a-f27126f8cea9,Wallis Orchard Practical Shooters May 2021 Club Match,2021-05-16,4,Stage 4,f3db8ae0-a5ab-4ab9-8679-f6b3643a0a2b,Mengyu Yue,3,89.61,1,100.00,PCC,B,TY109190,MINOR,,110.0000,98.5738,7.2838,13.18,15,,7,,,,,,
062a54d0-fc99-4e71-a90a-f27126f8cea9,Wallis Orchard Practical Shooters May 2021 Club Match,2021-05-16,4,Stage 4,f3db8ae0-a5ab-4ab9-8679-f6b3643a0a2b,Ridong Wen,4,82.55,2,90.65,Carry Optics,U,A99651,MINOR,,99.7145,90.8044,6.7097,15.50,19,,3,,,,,,
062a54d0-fc99-4e71-a90a-f27126f8cea9,Wallis Orchard Practical Shooters May 2021 Club Match,2021-05-16,4,Stage 4,f3db8ae0-a5ab-4ab9-8679-f6b3643a0a2b,Derik Satsky,5,81.73,3,89.75,Carry Optics,A,FY119794,MINOR,,98.7248,89.9031,6.6431,14.15,14,,8,,,,,,
062a54d0-fc99-4e71-a90a-f27126f8cea9,Wallis Orchard Practical Shooters May 2021 Club Match,2021-05-16,4,Stage 4,f3db8ae0-a5ab-4ab9-8679-f6b3643a0a2b,Yi Shu,6,78.00,4,85.66,Carry Optics,D,TY109249,MINOR,,94.2218,85.8025,6.3401,17.35,22,,,,,,,,
062a54d0-fc99-4e71-a90a-f27126f8cea9,Wallis Orchard Practical Shooters May 2021 Club Match,2021-05-16,4,Stage 4,f3db8ae0-a5ab-4ab9-8679-f6b3643a0a2b,Ross Apffel,7,77.92,1,100.00,Limited,A,L4428,MAJOR,,110.0000,85.7145,6.3336,14.21,18,,2,1,1,,,,
062a54d0-fc99-4e71-a90a-f27126f8cea9,Wallis Orchard Practical Shooters May 2021 Club Match,2021-05-16,4,Stage 4,f3db8ae0-a5ab-4ab9-8679-f6b3643a0a2b,randy callison,8,75.57,2,84.33,PCC,A,A14418,MINOR,Senior,92.7611,83.1256,6.1423,13.35,13,,9,,,,1,,
062a54d0-fc99-4e71-a90a-f27126f8cea9,Wallis Orchard Practical Shooters May 2021 Club Match,2021-05-16,4,Stage 4,f3db8ae0-a5ab-4ab9-8679-f6b3643a0a2b,Jon Baguio,9,71.97,5,79.04,Carry Optics,X,,MINOR,,86.9398,79.1711,5.8501,16.41,15,,7,,,,,,
062a54d0-fc99-4e71-a90a-f27126f8cea9,Wallis Orchard Practical Shooters May 2021 Club Match,2021-05-16,4,Stage 4,f3db8ae0-a5ab-4ab9-8679-f6b3643a0a2b,Andrew Whitley,10,70.12,2,70.12,Open,B,TY-106649,MAJOR,,77.1290,77.1290,5.6992,17.02,13,,7,2,,,,,
062a54d0-fc99-4e71-a90a-f27126f8cea9,Wallis Orchard Practical Shooters May 2021 Club Match,2021-05-16,4,Stage 4,f3db8ae0-a5ab-4ab9-8679-f6b3643a0a2b,Pat Byrne,11,69.38,1,100.00,Single Stack,B,Fu93921,MAJOR,Super Senior,110.0000,76.3156,5.6391,18.62,17,,5,,,,,,
062a54d0-fc99-4e71-a90a-f27126f8cea9,Wallis Orchard Practical Shooters May 2021 Club Match,2021-05-16,4,Stage 4,f3db8ae0-a5ab-4ab9-8679-f6b3643a0a2b,Garrick Gonzalez,12,68.99,6,75.76,Carry Optics,B,A119804,MINOR,,83.3345,75.8880,5.6075,16.05,18,,3,1,,,1,,
062a54d0-fc99-4e71-a90a-f27126f8cea9,Wallis Orchard Practical Shooters May 2021 Club Match,2021-05-16,4,Stage 4,f3db8ae0-a5ab-4ab9-8679-f6b3643a0a2b,James Tonkinson,13,68.10,7,74.78,Carry Optics,A,A123944,MINOR,,82.2555,74.9055,5.5349,18.79,19,,3,,,,,,
062a54d0-fc99-4e71-a90a-f27126f8cea9,Wallis Orchard Practical Shooters May 2021 Club Match,2021-05-16,4,Stage 4,f3db8ae0-a5ab-4ab9-8679-f6b3643a0a2b,Matthew Gonzalez,14,67.13,8,73.72,Carry Optics,B,A119810,MINOR,,81.0919,73.8458,5.4566,17.96,16,,6,,,,,,
062a54d0-fc99-4e71-a90a-f27126f8cea9,Wallis Orchard Practical Shooters May 2021 Club Match,2021-05-16,4,Stage 4,f3db8ae0-a5ab-4ab9-8679-f6b3643a0a2b,Michael Whitley,15,65.78,3,65.78,Open,B,A111091,MAJOR,,72.3598,72.3598,5.3468,13.84,12,,8,1,1,,1,,
062a54d0-fc99-4e71-a90a-f27126f8cea9,Wallis Orchard Practical Shooters May 2021 Club Match,2021-05-16,4,Stage 4,f3db8ae0-a5ab-4ab9-8679-f6b3643a0a2b,gerrit milks,16,65.34,3,72.91,PCC,A,a67608,MINOR,Super Senior,80.2007,71.8699,5.3106,19.96,20,,2,,,,,,
062a54d0-fc99-4e71-a90a-f27126f8cea9,Wallis Orchard Practical Shooters May 2021 Club Match,2021-05-16,4,Stage 4,f3db8ae0-a5ab-4ab9-8679-f6b3643a0a2b,Rudy Pineda,17,65.07,9,71.45,Carry Optics,B,A131323,MINOR,,78.5967,71.5736,5.2887,18.53,21,,1,,,,1,,
062a54d0-fc99-4e71-a90a-f27126f8cea9,Wallis Orchard Practical Shooters May 2021 Club Match,2021-05-16,4,Stage 4,f3db8ae0-a5ab-4ab9-8679-f6b3643a0a2b,Andrew McWilliams,18,63.93,2,82.04,Limited,U,A133773,MAJOR,,90.2477,70.3231,5.1963,17.32,14,,7,1,,,1,,
062a54d0-fc99-4e71-a90a-f27126f8cea9,Wallis Orchard Practical Shooters May 2021 Club Match,2021-05-16,4,Stage 4,f3db8ae0-a5ab-4ab9-8679-f6b3643a0a2b,Marlon Poralan,19,63.66,4,71.04,PCC,D,TY 76330,MINOR,Law Enforcement,78.1393,70.0226,5.1741,20.10,19,,3,,,,,,
062a54d0-fc99-4e71-a90a-f27126f8cea9,Wallis Orchard Practical Shooters May 2021 Club Match,2021-05-16,4,Stage 4,f3db8ae0-a5ab-4ab9-8679-f6b3643a0a2b,Tim Yang,20,61.62,10,67.67,Carry Optics,B,A123783,MINOR,,74.4341,67.7829,5.0086,17.37,18,,2,1,1,,,,
062a54d0-fc99-4e71-a90a-f27126f8cea9,Wallis Orchard Practical Shooters May 2021 Club Match,2021-05-16,4,Stage 4,f3db8ae0-a5ab-4ab9-8679-f6b3643a0a2b,Gary Wu,21,56.11,1,100.00,Production,B,L2998,MINOR,,110.0000,61.7240,4.5609,20.61,14,,8,,,,,,
062a54d0-fc99-4e71-a90a-f27126f8cea9,Wallis Orchard Practical Shooters May 2021 Club Match,2021-05-16,4,Stage 4,f3db8ae0-a5ab-4ab9-8679-f6b3643a0a2b,Norman Oducado,22,55.58,11,61.03,Carry Optics,U,A103491,MINOR,,67.1327,61.1340,4.5173,22.58,18,,4,,,,,,
062a54d0-fc99-4e71-a90a-f27126f8cea9,Wallis Orchard Practical Shooters May 2021 Club Match,2021-05-16,4,Stage 4,f3db8ae0-a5ab-4ab9-8679-f6b3643a0a2b,Hopper Po,23,52.29,12,57.42,Carry Optics,U,A132909,MINOR,,63.1663,57.5219,4.2504,17.41,12,,7,3,,,1,,
062a54d0-fc99-4e71-a90a-f27126f8cea9,Wallis Orchard Practical Shooters May 2021 Club Match,2021-05-16,4,Stage 4,f3db8ae0-a5ab-4ab9-8679-f6b3643a0a2b,Kevin Baker,24,51.29,2,91.40,Production,C,A95439,MINOR,,100.5409,56.4163,4.1687,20.87,17,,4,,1,,,,
062a54d0-fc99-4e71-a90a-f27126f8cea9,Wallis Orchard Practical Shooters May 2021 Club Match,2021-05-16,4,Stage 4,f3db8ae0-a5ab-4ab9-8679-f6b3643a0a2b,Jack Liu,25,51.00,13,56.01,Carry Optics,U,Ty130790,MINOR,,61.6088,56.1036,4.1456,21.71,12,,10,,,,,,
062a54d0-fc99-4e71-a90a-f27126f8cea9,Wallis Orchard Practical Shooters May 2021 Club Match,2021-05-16,4,Stage 4,f3db8ae0-a5ab-4ab9-8679-f6b3643a0a2b,Christian Morales,26,47.27,4,47.27,Open,C,A57907,MAJOR,,51.9922,51.9922,3.8418,26.55,16,,5,1,,,,,
062a54d0-fc99-4e71-a90a-f27126f8cea9,Wallis Orchard Practical Shooters May 2021 Club Match,2021-05-16,4,Stage 4,f3db8ae0-a5ab-4ab9-8679-f6b3643a0a2b,Leofredo Echavez,27,40.59,3,52.09,Limited,U,,MINOR,Senior,57.2977,44.6477,3.2991,27.28,14,,6,2,,,,,
062a54d0-fc99-4e71-a90a-f27126f8cea9,Wallis Orchard Practical Shooters May 2021 Club Match,2021-05-16,4,Stage 4,f3db8ae0-a5ab-4ab9-8679-f6b3643a0a2b,Nathaniel Lovan,28,40.31,14,44.27,Carry Optics,U,A118114,MINOR,,48.6959,44.3446,3.2767,25.33,17,,2,2,1,,,,
062a54d0-fc99-4e71-a90a-f27126f8cea9,Wallis Orchard Practical Shooters May 2021 Club Match,2021-05-16,4,Stage 4,f3db8ae0-a5ab-4ab9-8679-f6b3643a0a2b,Parish Saculles,29,38.67,4,49.62,Limited,,,MINOR,Law Enforcement,54.5832,42.5324,3.1428,29.91,16,,4,2,,,,,
062a54d0-fc99-4e71-a90a-f27126f8cea9,Wallis Orchard Practical Shooters May 2021 Club Match,2021-05-16,4,Stage 4,f3db8ae0-a5ab-4ab9-8679-f6b3643a0a2b,young david,30,37.11,15,40.75,Carry Optics,U,ty130791,MINOR,,44.8215,40.8164,3.0160,31.83,15,,7,,,,,,
062a54d0-fc99-4e71-a90a-f27126f8cea9,Wallis Orchard Practical Shooters May 2021 Club Match,2021-05-16,4,Stage 4,f3db8ae0-a5ab-4ab9-8679-f6b3643a0a2b,Jeannie Marrone,31,32.70,5,41.97,Limited,U,A133357,MINOR,Lady; Senior,46.1651,35.9729,2.6581,32.73,17,,4,,1,,,,
062a54d0-fc99-4e71-a90a-f27126f8cea9,Wallis Orchard Practical Shooters May 2021 Club Match,2021-05-16,4,Stage 4,f3db8ae0-a5ab-4ab9-8679-f6b3643a0a2b,Ralph Migrino,32,28.54,5,31.85,PCC,U,A132627,MINOR,Military,35.0367,31.3973,2.3200,16.81,17,,1,1,3,,1,1,
062a54d0-fc99-4e71-a90a-f27126f8cea9,Wallis Orchard Practical Shooters May 2021 Club Match,2021-05-16,4,Stage 4,f3db8ae0-a5ab-4ab9-8679-f6b3643a0a2b,Eric Wu,33,10.83,16,11.89,Carry Optics,U,,MINOR,,13.0838,11.9147,0.8804,19.31,11,,7,1,3,,3,,
062a54d0-fc99-4e71-a90a-f27126f8cea9,Wallis Orchard Practical Shooters May 2021 Club Match,2021-05-16,4,Stage 4,f3db8ae0-a5ab-4ab9-8679-f6b3643a0a2b,Bryan Echavez,34,5.60,6,7.19,Limited,U,,MINOR,Junior,7.9110,6.1644,0.4555,28.54,12,,4,1,5,,1,,
062a54d0-fc99-4e71-a90a-f27126f8cea9,Wallis Orchard Practical Shooters May 2021 Club Match,2021-05-16,4,Stage 4,f3db8ae0-a5ab-4ab9-8679-f6b3643a0a2b,Emman Alcoseba,35,0.00,2,0.00,Single Stack,C,TY67519,MINOR,Senior,0.0000,0.0000,,,,,,,,,,,
062a54d0-fc99-4e71-a90a-f27126f8cea9,Wallis Orchard Practical Shooters May 2021 Club Match,2021-05-16,4,Stage 4,f3db8ae0-a5ab-4ab9-8679-f6b3643a0a2b,Ryan Alicaya,36,0.00,5,0.00,Open,D,,MAJOR,,0.0000,0.0000,,,,,,,,,,,
062a54d0-fc99-4e71-a90a-f27126f8cea9,Wallis Orchard Practical Shooters May 2021 Club Match,2021-05-16,4,Stage 4,f3db8ae0-a5ab-4ab9-8679-f6b3643a0a2b,John Austria,37,0.00,17,0.00,Carry Optics,B,Fy82746,MINOR,Junior,0.0000,0.0000,,,,,,,,,,,
062a54d0-fc99-4e71-a90a-f27126f8cea9,Wallis Orchard Practical Shooters May 2021 Club Match,2021-05-16,4,Stage 4,f3db8ae0-a5ab-4ab9-8679-f6b3643a0a2b,John Brunkhorst,38,0.00,18,0.00,Carry Optics,B,A116144,MINOR,,0.0000,0.0000,,,,,,,,,,,
062a54d0-fc99-4e71-a90a-f27126f8cea9,Wallis Orchard Practical Shooters May 2021 Club Match,2021-05-16,4,Stage 4,f3db8ae0-a5ab-4ab9-8679-f6b3643a0a2b,Page Brunkhorst,39,0.00,3,0.00,Single Stack,C,L4903,MINOR,Senior,0.0000,0.0000,,,,,,,,,,,
062a54d0-fc99-4e71-a90a-f27126f8cea9,Wallis Orchard Practical Shooters May 2021 Club Match,2021-05-16,4,Stage 4,f3db8ae0-a5ab-4ab9-8679-f6b3643a0a2b,Justin Corona,40,0.00,6,0.00,Open,B,L4452,MAJOR,,0.0000,0.0000,,,,,,,,,,,
062a54d0-fc99-4e71-a90a-f27126f8cea9,Wallis Orchard Practical Shooters May 2021 Club Match,2021-05-16,4,Stage 4,f3db8ae0-a5ab-4ab9-8679-f6b3643a0a2b,Charles Davis,41,0.00,7,0.00,Open,B,TY73740,MAJOR,Senior,0.0000,0.0000,,,,,,,,,,,
062a54d0-fc99-4e71-a90a-f27126f8cea9,Wallis Orchard Practical Shooters May 2021 Club Match,2021-05-16,4,Stage 4,f3db8ae0-a5ab-4ab9-8679-f6b3643a0a2b,Tom Donahue,42,0.00,8,0.00,Open,C,Ty69009,MAJOR,Super Senior,0.0000,0.0000,,,,,,,,,,,
062a54d0-fc99-4e71-a90a-f27126f8cea9,Wallis Orchard Practical Shooters May 2021 Club Match,2021-05-16,4,Stage 4,f3db8ae0-a5ab-4ab9-8679-f6b3643a0a2b,Carlos Escandon,43,0.00,4,0.00,Single Stack,B,L2590,MAJOR,Senior,0.0000,0.0000,,,,,,,,,,,
062a54d0-fc99-4e71-a90a-f27126f8cea9,Wallis Orchard Practical Shooters May 2021 Club Match,2021-05-16,4,Stage 4,f3db8ae0-a5ab-4ab9-8679-f6b3643a0a2b,Bryan Faustino,44,0.00,6,0.00,PCC,D,,MINOR,,0.0000,0.0000,,,,,,,,,,,
062a54d0-fc99-4e71-a90a-f27126f8cea9,Wallis Orchard Practical Shooters May 2021 Club Match,2021-05-16,4,Stage 4,f3db8ae0-a5ab-4ab9-8679-f6b3643a0a2b,Danny Garza,45,0.00,7,0.00,Limited,D,TY75480,MINOR,,0.0000,0.0000,,,,,,,,,,,
062a54d0-fc99-4e71-a90a-f27126f8cea9,Wallis Orchard Practical Shooters May 2021 Club Match,2021-05-16,4,Stage 4,f3db8ae0-a5ab-4ab9-8679-f6b3643a0a2b,Arnold Gee,46,0.00,9,0.00,Open,B,TY103519,MAJOR,Senior,0.0000,0.0000,,,,,,,,,,,
062a54d0-fc99-4e71-a90a-f27126f8cea9,Wallis Orchard Practical Shooters May 2021 Club Match,2021-05-16,4,Stage 4,f3db8ae0-a5ab-4ab9-8679-f6b3643a0a2b,Dale Hamm,47,0.00,5,0.00,Single Stack,C,TY97196,MAJOR,Senior,0.0000,0.0000,,,,,,,,,,,
062a54d0-fc99-4e71-a90a-f27126f8cea9,Wallis Orchard Practical Shooters May 2021 Club Match,2021-05-16,4,Stage 4,f3db8ae0-a5ab-4ab9-8679-f6b3643a0a2b,Doug Joder,48,0.00,7,0.00,PCC,U,A115020,MINOR,,0.0000,0.0000,,,,,,,,,,,
062a54d0-fc99-4e71-a90a-f27126f8cea9,Wallis Orchard Practical Shooters May 2021 Club Match,2021-05-16,4,Stage 4,f3db8ae0-a5ab-4ab9-8679-f6b3643a0a2b,Rommel Mercado,49,0.00,8,0.00,PCC,A,Ty70687,MINOR,Foreign,0.0000,0.0000,,,,,,,,,,,
062a54d0-fc99-4e71-a90a-f27126f8cea9,Wallis Orchard Practical Shooters May 2021 Club Match,2021-05-16,4,Stage 4,f3db8ae0-a5ab-4ab9-8679-f6b3643a0a2b,Albert Montanez,50,0.00,10,0.00,Open,M,TY101554,MAJOR,,0.0000,0.0000,,,,,,,,,,,
062a54d0-fc99-4e71-a90a-f27126f8cea9,Wallis Orchard Practical Shooters May 2021 Club Match,2021-05-16,4,Stage 4,f3db8ae0-a5ab-4ab9-8679-f6b3643a0a2b,Jan Pacleb,51,0.00,11,0.00,Open,A,A79326,MAJOR,,0.0000,0.0000,,,,,,,,,,,
062a54d0-fc99-4e71-a90a-f27126f8cea9,Wallis Orchard Practical Shooters May 2021 Club Match,2021-05-16,4,Stage 4,f3db8ae0-a5ab-4ab9-8679-f6b3643a0a2b,Janice Pacleb,52,0.00,12,0.00,Open,B,Ty75597,MAJOR,Lady,0.0000,0.0000,,,,,,,,,,,
062a54d0-fc99-4e71-a90a-f27126f8cea9,Wallis Orchard Practical Shooters May 2021 Club Match,2021-05-16,4,Stage 4,f3db8ae0-a5ab-4ab9-8679-f6b3643a0a2b,Wade Pruetz,53,0.00,13,0.00,Open,A,Ty79055,MAJOR,,0.0000,0.0000,,,,,,,,,,,
062a54d0-fc99-4e71-a90a-f27126f8cea9,Wallis Orchard Practical Shooters May 2021 Club Match,2021-05-16,4,Stage 4,f3db8ae0-a5ab-4ab9-8679-f6b3643a0a2b,Joseph Reyes,54,0.00,9,0.00,PCC,C,A127665,MINOR,Super Senior,0.0000,0.0000,,,,,,,,,,,
062a54d0-fc99-4e71-a90a-f27126f8cea9,Wallis Orchard Practical Shooters May 2021 Club Match,2021-05-16,4,Stage 4,f3db8ae0-a5ab-4ab9-8679-f6b3643a0a2b,Anthony Smallwood,55,0.00,10,0.00,PCC,B,TY94508,MINOR,Senior,0.0000,0.0000,,,,,,,,,,,
062a54d0-fc99-4e71-a90a-f27126f8cea9,Wallis Orchard Practical Shooters May 2021 Club Match,2021-05-16,4,Stage 4,f3db8ae0-a5ab-4ab9-8679-f6b3643a0a2b,Charity Taylor,56,0.00,14,0.00,Open,U,,MAJOR,,0.0000,0.0000,,,,,,,,,,,
062a54d0-fc99-4e71-a90a-f27126f8cea9,Wallis Orchard Practical Shooters May 2021 Club Match,2021-05-16,4,Stage 4,f3db8ae0-a5ab-4ab9-8679-f6b3643a0a2b,Antonio Tormis,57,0.00,19,0.00,Carry Optics,C,A124958,MINOR,,0.0000,0.0000,,,,,,,,,,,
062a54d0-fc99-4e71-a90a-f27126f8cea9,Wallis Orchard Practical Shooters May 2021 Club Match,2021-05-16,4,Stage 4,f3db8ae0-a5ab-4ab9-8679-f6b3643a0a2b,Jun Wu,58,0.00,6,0.00,Single Stack,U,TY104927,MINOR,,0.0000,0.0000,,,,,,,,,,,
062a54d0-fc99-4e71-a90a-f27126f8cea9,Wallis Orchard Practical Shooters May 2021 Club Match,2021-05-16,4,Stage 4,f3db8ae0-a5ab-4ab9-8679-f6b3643a0a2b,Gil Yolo,59,0.00,15,0.00,Open,A,A100714,MAJOR,,0.0000,0.0000,,,,,,,,,,,
062a54d0-fc99-4e71-a90a-f27126f8cea9,Wallis Orchard Practical Shooters May 2021 Club Match,2021-05-16,4,Stage 4,f3db8ae0-a5ab-4ab9-8679-f6b3643a0a2b,nick milks,60,0.00,11,0.00,PCC,U,a109961,MAJOR,,0.0000,0.0000,,,,,,,,,,,
062a54d0-fc99-4e71-a90a-f27126f8cea9,Wallis Orchard Practical Shooters May 2021 Club Match,2021-05-16,5,Stage 5,0155787e-575a-4893-80b6-2bdeb984a952,Andrew Whitley,1,100.00,1,100.00,Open,B,TY-106649,MAJOR,,130.0000,130.0000,7.6115,15.24,14,,11,1,,,,,
062a54d0-fc99-4e71-a90a-f27126f8cea9,Wallis Orchard Practical Shooters May 2021 Club Match,2021-05-16,5,Stage 5,0155787e-575a-4893-80b6-2bdeb984a952,Ralph Migrino,2,90.41,1,100.00,PCC,U,A132627,MINOR,Military,130.0000,117.5320,6.8815,18.31,24,,2,,,,,,
062a54d0-fc99-4e71-a90a-f27126f8cea9,Wallis Orchard Practical Shooters May 2021 Club Match,2021-05-16,5,Stage 5,0155787e-575a-4893-80b6-2bdeb984a952,Ross Apffel,3,85.84,1,100.00,Limited,A,L4428,MAJOR,,130.0000,111.5901,6.5336,16.53,18,,7,,1,,,,
062a54d0-fc99-4e71-a90a-f27126f8cea9,Wallis Orchard Practical Shooters May 2021 Club Match,2021-05-16,5,Stage 5,0155787e-575a-4893-80b6-2bdeb984a952,Ridong Wen,4,84.67,1,100.00,Carry Optics,U,A99651,MINOR,,130.0000,110.0734,6.4448,18.93,22,,4,,,,,,
062a54d0-fc99-4e71-a90a-f27126f8cea9,Wallis Orchard Practical Shooters May 2021 Club Match,2021-05-16,5,Stage 5,0155787e-575a-4893-80b6-2bdeb984a952,John Brunkhorst,5,82.93,2,97.95,Carry Optics,B,A116144,MINOR,,127.3313,107.8138,6.3125,19.01,22,,3,1,,,,,
062a54d0-fc99-4e71-a90a-f27126f8cea9,Wallis Orchard Practical Shooters May 2021 Club Match,2021-05-16,5,Stage 5,0155787e-575a-4893-80b6-2bdeb984a952,Chris Snow,6,80.77,2,80.77,Open,A,A107262,MAJOR,,105.0026,105.0026,6.1479,12.85,15,,8,1,2,,1,,
062a54d0-fc99-4e71-a90a-f27126f8cea9,Wallis Orchard Practical Shooters May 2021 Club Match,2021-05-16,5,Stage 5,0155787e-575a-4893-80b6-2bdeb984a952,Garrick Gonzalez,7,80.72,3,95.33,Carry Optics,B,A119804,MINOR,,123.9345,104.9377,6.1441,18.88,20,,5,1,,,,,
062a54d0-fc99-4e71-a90a-f27126f8cea9,Wallis Orchard Practical Shooters May 2021 Club Match,2021-05-16,5,Stage 5,0155787e-575a-4893-80b6-2bdeb984a952,Andrew McWilliams,8,78.34,2,91.26,Limited,U,A133773,MAJOR,,118.6427,101.8412,5.9628,18.28,19,,6,,1,,,,
062a54d0-fc99-4e71-a90a-f27126f8cea9,Wallis Orchard Practical Shooters May 2021 Club Match,2021-05-16,5,Stage 5,0155787e-575a-4893-80b6-2bdeb984a952,Tim Yang,9,78.00,4,92.12,Carry Optics,B,A123783,MINOR,,119.7510,101.3954,5.9367,20.55,23,,2,1,,,,,
062a54d0-fc99-4e71-a90a-f27126f8cea9,Wallis Orchard Practical Shooters May 2021 Club Match,2021-05-16,5,Stage 5,0155787e-575a-4893-80b6-2bdeb984a952,Gary Wu,10,73.84,1,100.00,Production,B,L2998,MINOR,,130.0000,95.9966,5.6206,21.35,21,,5,,,,,,
062a54d0-fc99-4e71-a90a-f27126f8cea9,Wallis Orchard Practical Shooters May 2021 Club Match,2021-05-16,5,Stage 5,0155787e-575a-4893-80b6-2bdeb984a952,Pat Byrne,11,71.16,1,100.00,Single Stack,B,Fu93921,MAJOR,Super Senior,130.0000,92.5038,5.4161,22.71,19,,7,,,,,,
062a54d0-fc99-4e71-a90a-f27126f8cea9,Wallis Orchard Practical Shooters May 2021 Club Match,2021-05-16,5,Stage 5,0155787e-575a-4893-80b6-2bdeb984a952,Derik Satsky,12,69.61,5,82.21,Carry Optics,A,FY119794,MINOR,,106.8676,90.4868,5.2980,15.10,19,,5,,2,,1,,
062a54d0-fc99-4e71-a90a-f27126f8cea9,Wallis Orchard Practical Shooters May 2021 Club Match,2021-05-16,5,Stage 5,0155787e-575a-4893-80b6-2bdeb984a952,Jim Havens,13,67.11,6,79.26,Carry Optics,A,a114636,MINOR,,103.0431,87.2485,5.1084,19.38,22,,3,,1,,1,,
062a54d0-fc99-4e71-a90a-f27126f8cea9,Wallis Orchard Practical Shooters May 2021 Club Match,2021-05-16,5,Stage 5,0155787e-575a-4893-80b6-2bdeb984a952,Marlon Poralan,14,65.02,2,71.91,PCC,D,TY 76330,MINOR,Law Enforcement,93.4889,84.5226,4.9488,23.44,21,,3,2,,,,,
062a54d0-fc99-4e71-a90a-f27126f8cea9,Wallis Orchard Practical Shooters May 2021 Club Match,2021-05-16,5,Stage 5,0155787e-575a-4893-80b6-2bdeb984a952,Jon Baguio,15,64.62,7,76.32,Carry Optics,X,,MINOR,,99.2206,84.0120,4.9189,19.72,21,,4,,1,,1,,
062a54d0-fc99-4e71-a90a-f27126f8cea9,Wallis Orchard Practical Shooters May 2021 Club Match,2021-05-16,5,Stage 5,0155787e-575a-4893-80b6-2bdeb984a952,James Tonkinson,16,64.39,8,76.05,Carry Optics,A,A123944,MINOR,,98.8616,83.7079,4.9011,23.26,23,,3,,,,1,,
062a54d0-fc99-4e71-a90a-f27126f8cea9,Wallis Orchard Practical Shooters May 2021 Club Match,2021-05-16,5,Stage 5,0155787e-575a-4893-80b6-2bdeb984a952,Carlos Escandon,17,63.53,2,89.28,Single Stack,B,L2590,MAJOR,Senior,116.0689,82.5909,4.8357,21.30,13,,12,,1,,,,
062a54d0-fc99-4e71-a90a-f27126f8cea9,Wallis Orchard Practical Shooters May 2021 Club Match,2021-05-16,5,Stage 5,0155787e-575a-4893-80b6-2bdeb984a952,Doug Joder,18,63.10,3,69.79,PCC,U,A115020,MINOR,,90.7289,82.0273,4.8027,23.32,17,,9,,,,,,
062a54d0-fc99-4e71-a90a-f27126f8cea9,Wallis Orchard Practical Shooters May 2021 Club Match,2021-05-16,5,Stage 5,0155787e-575a-4893-80b6-2bdeb984a952,Rudy Pineda,19,60.99,9,72.03,Carry Optics,B,A131323,MINOR,,93.6412,79.2878,4.6423,26.28,22,,4,,,,,,
062a54d0-fc99-4e71-a90a-f27126f8cea9,Wallis Orchard Practical Shooters May 2021 Club Match,2021-05-16,5,Stage 5,0155787e-575a-4893-80b6-2bdeb984a952,Gil Yolo,20,60.78,3,60.78,Open,A,A100714,MAJOR,,79.0077,79.0077,4.6259,14.70,16,,6,2,2,,2,,
062a54d0-fc99-4e71-a90a-f27126f8cea9,Wallis Orchard Practical Shooters May 2021 Club Match,2021-05-16,5,Stage 5,0155787e-575a-4893-80b6-2bdeb984a952,Yi Shu,21,59.72,10,70.53,Carry Optics,D,TY109249,MINOR,,91.6886,77.6345,4.5455,22.22,18,,7,,1,,,,
062a54d0-fc99-4e71-a90a-f27126f8cea9,Wallis Orchard Practical Shooters May 2021 Club Match,2021-05-16,5,Stage 5,0155787e-575a-4893-80b6-2bdeb984a952,randy callison,22,58.70,4,64.92,PCC,A,A14418,MINOR,Senior,84.3985,76.3040,4.4676,16.34,15,,9,1,1,,2,,
062a54d0-fc99-4e71-a90a-f27126f8cea9,Wallis Orchard Practical Shooters May 2021 Club Match,2021-05-16,5,Stage 5,0155787e-575a-4893-80b6-2bdeb984a952,Hopper Po,23,54.72,11,64.62,Carry Optics,U,A132909,MINOR,,84.0115,71.1341,4.1649,24.25,18,,7,,1,,,,
062a54d0-fc99-4e71-a90a-f27126f8cea9,Wallis Orchard Practical Shooters May 2021 Club Match,2021-05-16,5,Stage 5,0155787e-575a-4893-80b6-2bdeb984a952,Michael Whitley,24,53.25,4,53.25,Open,B,A111091,MAJOR,,69.2263,69.2263,4.0532,15.05,19,,4,,3,,2,,
062a54d0-fc99-4e71-a90a-f27126f8cea9,Wallis Orchard Practical Shooters May 2021 Club Match,2021-05-16,5,Stage 5,0155787e-575a-4893-80b6-2bdeb984a952,Mengyu Yue,25,53.12,5,58.76,PCC,B,TY109190,MINOR,,76.3867,69.0606,4.0435,16.57,20,,2,1,3,,1,,
062a54d0-fc99-4e71-a90a-f27126f8cea9,Wallis Orchard Practical Shooters May 2021 Club Match,2021-05-16,5,Stage 5,0155787e-575a-4893-80b6-2bdeb984a952,Kevin Baker,26,52.69,2,71.35,Production,C,A95439,MINOR,,92.7527,68.4919,4.0102,19.70,12,,8,5,1,,,,
062a54d0-fc99-4e71-a90a-f27126f8cea9,Wallis Orchard Practical Shooters May 2021 Club Match,2021-05-16,5,Stage 5,0155787e-575a-4893-80b6-2bdeb984a952,Eric Wu,27,49.27,12,58.19,Carry Optics,U,,MINOR,,75.6424,64.0478,3.7500,20.80,14,,9,1,2,,,,
062a54d0-fc99-4e71-a90a-f27126f8cea9,Wallis Orchard Practical Shooters May 2021 Club Match,2021-05-16,5,Stage 5,0155787e-575a-4893-80b6-2bdeb984a952,Matthew Gonzalez,28,47.07,13,55.59,Carry Optics,B,A119810,MINOR,,72.2677,61.1904,3.5827,18.98,15,,7,2,2,,,1,
062a54d0-fc99-4e71-a90a-f27126f8cea9,Wallis Orchard Practical Shooters May 2021 Club Match,2021-05-16,5,Stage 5,0155787e-575a-4893-80b6-2bdeb984a952,young david,29,44.58,14,52.65,Carry Optics,U,ty130791,MINOR,,68.4392,57.9488,3.3929,33.01,17,,9,,,,,,
062a54d0-fc99-4e71-a90a-f27126f8cea9,Wallis Orchard Practical Shooters May 2021 Club Match,2021-05-16,5,Stage 5,0155787e-575a-4893-80b6-2bdeb984a952,Christian Morales,30,44.32,5,44.32,Open,C,A57907,MAJOR,,57.6123,57.6123,3.3732,27.57,19,,4,1,2,,,,
062a54d0-fc99-4e71-a90a-f27126f8cea9,Wallis Orchard Practical Shooters May 2021 Club Match,2021-05-16,5,Stage 5,0155787e-575a-4893-80b6-2bdeb984a952,Jun Wu,31,43.51,3,61.15,Single Stack,U,TY104927,MINOR,,79.4987,56.5687,3.3121,31.40,18,,8,,,,1,,
062a54d0-fc99-4e71-a90a-f27126f8cea9,Wallis Orchard Practical Shooters May 2021 Club Match,2021-05-16,5,Stage 5,0155787e-575a-4893-80b6-2bdeb984a952,Norman Oducado,32,42.56,15,50.26,Carry Optics,U,A103491,MINOR,,65.3409,55.3254,3.2393,19.14,19,,2,1,4,,,,
062a54d0-fc99-4e71-a90a-f27126f8cea9,Wallis Orchard Practical Shooters May 2021 Club Match,2021-05-16,5,Stage 5,0155787e-575a-4893-80b6-2bdeb984a952,Emman Alcoseba,33,39.77,4,55.89,Single Stack,C,TY67519,MINOR,Senior,72.6532,51.6977,3.0269,27.09,17,,5,2,2,,,,
062a54d0-fc99-4e71-a90a-f27126f8cea9,Wallis Orchard Practical Shooters May 2021 Club Match,2021-05-16,5,Stage 5,0155787e-575a-4893-80b6-2bdeb984a952,Page Brunkhorst,34,38.13,5,53.59,Single Stack,C,L4903,MINOR,Senior,69.6673,49.5730,2.9025,33.42,16,,9,,1,,,,
062a54d0-fc99-4e71-a90a-f27126f8cea9,Wallis Orchard Practical Shooters May 2021 Club Match,2021-05-16,5,Stage 5,0155787e-575a-4893-80b6-2bdeb984a952,Jack Liu,35,35.72,16,42.19,Carry Optics,U,Ty130790,MINOR,,54.8438,46.4372,2.7189,21.70,17,,4,2,3,,,1,
062a54d0-fc99-4e71-a90a-f27126f8cea9,Wallis Orchard Practical Shooters May 2021 Club Match,2021-05-16,5,Stage 5,0155787e-575a-4893-80b6-2bdeb984a952,Dale Hamm,36,34.63,6,48.66,Single Stack,C,TY97196,MAJOR,Senior,63.2610,45.0145,2.6356,33.01,15,,7,2,2,,,,
062a54d0-fc99-4e71-a90a-f27126f8cea9,Wallis Orchard Practical Shooters May 2021 Club Match,2021-05-16,5,Stage 5,0155787e-575a-4893-80b6-2bdeb984a952,Parish Saculles,37,29.31,3,34.15,Limited,,,MINOR,Law Enforcement,44.3885,38.1025,2.2309,38.55,18,,5,1,2,,,,
062a54d0-fc99-4e71-a90a-f27126f8cea9,Wallis Orchard Practical Shooters May 2021 Club Match,2021-05-16,5,Stage 5,0155787e-575a-4893-80b6-2bdeb984a952,Bryan Echavez,38,23.14,4,26.96,Limited,U,,MINOR,Junior,35.0448,30.0820,1.7613,30.66,14,,8,,4,,,,
062a54d0-fc99-4e71-a90a-f27126f8cea9,Wallis Orchard Practical Shooters May 2021 Club Match,2021-05-16,5,Stage 5,0155787e-575a-4893-80b6-2bdeb984a952,Nathaniel Lovan,39,18.82,17,22.23,Carry Optics,U,A118114,MINOR,,28.9014,24.4714,1.4328,23.73,13,,5,4,4,,1,,
062a54d0-fc99-4e71-a90a-f27126f8cea9,Wallis Orchard Practical Shooters May 2021 Club Match,2021-05-16,5,Stage 5,0155787e-575a-4893-80b6-2bdeb984a952,Jeannie Marrone,40,15.72,5,18.31,Limited,U,A133357,MINOR,Lady; Senior,23.8089,20.4372,1.1966,35.10,18,,4,,4,,,2,
062a54d0-fc99-4e71-a90a-f27126f8cea9,Wallis Orchard Practical Shooters May 2021 Club Match,2021-05-16,5,Stage 5,0155787e-575a-4893-80b6-2bdeb984a952,Leofredo Echavez,41,0.19,6,0.22,Limited,U,,MINOR,Senior,0.2885,0.2477,0.0145,3374.00,12,,9,2,3,,1,,
062a54d0-fc99-4e71-a90a-f27126f8cea9,Wallis Orchard Practical Shooters May 2021 Club Match,2021-05-16,5,Stage 5,0155787e-575a-4893-80b6-2bdeb984a952,Ryan Alicaya,42,0.00,6,0.00,Open,D,,MAJOR,,0.0000,0.0000,,,,,,,,,,,
062a54d0-fc99-4e71-a90a-f27126f8cea9,Wallis Orchard Practical Shooters May 2021 Club Match,2021-05-16,5,Stage 5,0155787e-575a-4893-80b6-2bdeb984a952,John Austria,43,0.00,18,0.00,Carry Optics,B,Fy82746,MINOR,Junior,0.0000,0.0000,,,,,,,,,,,
062a54d0-fc99-4e71-a90a-f27126f8cea9,Wallis Orchard Practical Shooters May 2021 Club Match,2021-05-16,5,Stage 5,0155787e-575a-4893-80b6-2bdeb984a952,Justin Corona,44,0.00,7,0.00,Open,B,L4452,MAJOR,,0.0000,0.0000,,,,,,,,,,,
062a54d0-fc99-4e71-a90a-f27126f8cea9,Wallis Orchard Practical Shooters May 2021 Club Match,2021-05-16,5,Stage 5,0155787e-575a-4893-80b6-2bdeb984a952,Charles Davis,45,0.00,8,0.00,Open,B,TY73740,MAJOR,Senior,0.0000,0.0000,,,,,,,,,,,
062a54d0-fc99-4e71-a90a-f27126f8cea9,Wallis Orchard Practical Shooters May 2021 Club Match,2021-05-16,5,Stage 5,0155787e-575a-4893-80b6-2bdeb984a952,Tom Donahue,46,0.00,9,0.00,Open,C,Ty69009,MAJOR,Super Senior,0.0000,0.0000,,,,,,,,,,,
062a54d0-fc99-4e71-a90a-f27126f8cea9,Wallis Orchard Practical Shooters May 2021 Club Match,2021-05-16,5,Stage 5,0155787e-575a-4893-80b6-2bdeb984a952,Bryan Faustino,47,0.00,6,0.00,PCC,D,,MINOR,,0.0000,0.0000,,,,,,,,,,,
062a54d0-fc99-4e71-a90a-f27126f8cea9,Wallis Orchard Practical Shooters May 2021 Club Match,2021-05-16,5,Stage 5,0155787e-575a-4893-80b6-2bdeb984a952,Danny Garza,48,0.00,7,0.00,Limited,D,TY75480,MINOR,,0.0000,0.0000,,,,,,,,,,,
062a54d0-fc99-4e71-a90a-f27126f8cea9,Wallis Orchard Practical Shooters May 2021 Club Match,2021-05-16,5,Stage 5,0155787e-575a-4893-80b6-2bdeb984a952,Arnold Gee,49,0.00,10,0.00,Open,B,TY103519,MAJOR,Senior,0.0000,0.0000,,,,,,,,,,,
062a54d0-fc99-4e71-a90a-f27126f8cea9,Wallis Orchard Practical Shooters May 2021 Club Match,2021-05-16,5,Stage 5,0155787e-575a-4893-80b6-2bdeb984a952,Rommel Mercado,50,0.00,7,0.00,PCC,A,Ty70687,MINOR,Foreign,0.0000,0.0000,,,,,,,,,,,
062a54d0-fc99-4e71-a90a-f27126f8cea9,Wallis Orchard Practical Shooters May 2021 Club Match,2021-05-16,5,Stage 5,0155787e-575a-4893-80b6-2bdeb984a952,Albert Montanez,51,0.00,11,0.00,Open,M,TY101554,MAJOR,,0.0000,0.0000,,,,,,,,,,,
062a54d0-fc99-4e71-a90a-f27126f8cea9,Wallis Orchard Practical Shooters May 2021 Club Match,2021-05-16,5,Stage 5,0155787e-575a-4893-80b6-2bdeb984a952,Jan Pacleb,52,0.00,12,0.00,Open,A,A79326,MAJOR,,0.0000,0.0000,,,,,,,,,,,
062a54d0-fc99-4e71-a90a-f27126f8cea9,Wallis Orchard Practical Shooters May 2021 Club Match,2021-05-16,5,Stage 5,0155787e-575a-4893-80b6-2bdeb984a952,Janice Pacleb,53,0.00,13,0.00,Open,B,Ty75597,MAJOR,Lady,0.0000,0.0000,,,,,,,,,,,
062a54d0-fc99-4e71-a90a-f27126f8cea9,Wallis Orchard Practical Shooters May 2021 Club Match,2021-05-16,5,Stage 5,0155787e-575a-4893-80b6-2bdeb984a952,Wade Pruetz,54,0.00,14,0.00,Open,A,Ty79055,MAJOR,,0.0000,0.0000,,,,,,,,,,,
062a54d0-fc99-4e71-a90a-f27126f8cea9,Wallis Orchard Practical Shooters May 2021 Club Match,2021-05-16,5,Stage 5,0155787e-575a-4893-80b6-2bdeb984a952,Joseph Reyes,55,0.00,8,0.00,PCC,C,A127665,MINOR,Super Senior,0.0000,0.0000,,,,,,,,,,,
062a54d0-fc99-4e71-a90a-f27126f8cea9,Wallis Orchard Practical Shooters May 2021 Club Match,2021-05-16,5,Stage 5,0155787e-575a-4893-80b6-2bdeb984a952,Anthony Smallwood,56,0.00,9,0.00,PCC,B,TY94508,MINOR,Senior,0.0000,0.0000,,,,,,,,,,,
062a54d0-fc99-4e71-a90a-f27126f8cea9,Wallis Orchard Practical Shooters May 2021 Club Match,2021-05-16,5,Stage 5,0155787e-575a-4893-80b6-2bdeb984a952,Charity Taylor,57,0.00,15,0.00,Open,U,,MAJOR,,0.0000,0.0000,,,,,,,,,,,
062a54d0-fc99-4e71-a90a-f27126f8cea9,Wallis Orchard Practical Shooters May 2021 Club Match,2021-05-16,5,Stage 5,0155787e-575a-4893-80b6-2bdeb984a952,Antonio Tormis,58,0.00,19,0.00,Carry Optics,C,A124958,MINOR,,0.0000,0.0000,,,,,,,,,,,
062a54d0-fc99-4e71-a90a-f27126f8cea9,Wallis Orchard Practical Shooters May 2021 Club Match,2021-05-16,5,Stage 5,0155787e-575a-4893-80b6-2bdeb984a952,gerrit milks,59,0.00,10,0.00,PCC,A,a67608,MINOR,Super Senior,0.0000,0.0000,,,,,,,,,,,
062a54d0-fc99-4e71-a90a-f27126f8cea9,Wallis Orchard Practical Shooters May 2021 Club Match,2021-05-16,5,Stage 5,0155787e-575a-4893-80b6-2bdeb984a952,nick milks,60,0.00,11,0.00,PCC,U,a109961,MAJOR,,0.0000,0.0000,,,,,,,,,,,
062a54d0-fc99-4e71-a90a-f27126f8cea9,Wallis Orchard Practical Shooters May 2021 Club Match,2021-05-16,6,Stage 6,c932ce08-1b06-4190-a4a5-d6d6166dd4b0,Chris Snow,1,100.00,1,100.00,Open,A,A107262,MAJOR,,110.0000,110.0000,8.1890,12.70,18,,3,1,,,,,
062a54d0-fc99-4e71-a90a-f27126f8cea9,Wallis Orchard Practical Shooters May 2021 Club Match,2021-05-16,6,Stage 6,c932ce08-1b06-4190-a4a5-d6d6166dd4b0,Jan Pacleb,2,88.86,2,88.86,Open,A,A79326,MAJOR,,97.7454,97.7454,7.2767,13.88,17,,3,2,,,,,
062a54d0-fc99-4e71-a90a-f27126f8cea9,Wallis Orchard Practical Shooters May 2021 Club Match,2021-05-16,6,Stage 6,c932ce08-1b06-4190-a4a5-d6d6166dd4b0,Albert Montanez,3,84.84,3,84.84,Open,M,TY101554,MAJOR,,93.3220,93.3220,6.9474,14.25,21,,1,,,,1,,
062a54d0-fc99-4e71-a90a-f27126f8cea9,Wallis Orchard Practical Shooters May 2021 Club Match,2021-05-16,6,Stage 6,c932ce08-1b06-4190-a4a5-d6d6166dd4b0,Gil Yolo,4,82.21,4,82.21,Open,A,A100714,MAJOR,,90.4300,90.4300,6.7321,14.26,18,,4,,,,1,,
062a54d0-fc99-4e71-a90a-f27126f8cea9,Wallis Orchard Practical Shooters May 2021 Club Match,2021-05-16,6,Stage 6,c932ce08-1b06-4190-a4a5-d6d6166dd4b0,Ross Apffel,5,78.49,1,100.00,Limited,A,L4428,MAJOR,,110.0000,86.3344,6.4272,15.87,16,,5,1,,,,,
062a54d0-fc99-4e71-a90a-f27126f8cea9,Wallis Orchard Practical Shooters May 2021 Club Match,2021-05-16,6,Stage 6,c932ce08-1b06-4190-a4a5-d6d6166dd4b0,Ralph Migrino,6,74.05,1,100.00,PCC,U,A132627,MINOR,Military,110.0000,81.4556,6.0640,17.81,21,,1,,,,,,
062a54d0-fc99-4e71-a90a-f27126f8cea9,Wallis Orchard Practical Shooters May 2021 Club Match,2021-05-16,6,Stage 6,c932ce08-1b06-4190-a4a5-d6d6166dd4b0,Arnold Gee,7,70.70,5,70.70,Open,B,TY103519,MAJOR,Senior,77.7724,77.7724,5.7898,17.79,15,,7,,,,,,
062a54d0-fc99-4e71-a90a-f27126f8cea9,Wallis Orchard Practical Shooters May 2021 Club Match,2021-05-16,6,Stage 6,c932ce08-1b06-4190-a4a5-d6d6166dd4b0,Ryan Alicaya,8,69.87,6,69.87,Open,D,,MAJOR,,76.8563,76.8563,5.7216,15.73,16,,5,,1,,,,
062a54d0-fc99-4e71-a90a-f27126f8cea9,Wallis Orchard Practical Shooters May 2021 Club Match,2021-05-16,6,Stage 6,c932ce08-1b06-4190-a4a5-d6d6166dd4b0,Derik Satsky,9,69.76,1,100.00,Carry Optics,A,FY119794,MINOR,,110.0000,76.7327,5.7124,14.88,16,,5,,1,,,,
062a54d0-fc99-4e71-a90a-f27126f8cea9,Wallis Orchard Practical Shooters May 2021 Club Match,2021-05-16,6,Stage 6,c932ce08-1b06-4190-a4a5-d6d6166dd4b0,randy callison,10,65.37,2,88.28,PCC,A,A14418,MINOR,Senior,97.1044,71.9063,5.3531,17.56,19,,3,,,,1,,
062a54d0-fc99-4e71-a90a-f27126f8cea9,Wallis Orchard Practical Shooters May 2021 Club Match,2021-05-16,6,Stage 6,c932ce08-1b06-4190-a4a5-d6d6166dd4b0,Justin Corona,11,64.67,7,64.67,Open,B,L4452,MAJOR,,71.1340,71.1340,5.2956,19.45,15,,7,,,,,,
062a54d0-fc99-4e71-a90a-f27126f8cea9,Wallis Orchard Practical Shooters May 2021 Club Match,2021-05-16,6,Stage 6,c932ce08-1b06-4190-a4a5-d6d6166dd4b0,Gary Wu,12,63.83,1,100.00,Production,B,L2998,MINOR,,110.0000,70.2098,5.2268,20.28,20,,2,,,,,,
062a54d0-fc99-4e71-a90a-f27126f8cea9,Wallis Orchard Practical Shooters May 2021 Club Match,2021-05-16,6,Stage 6,c932ce08-1b06-4190-a4a5-d6d6166dd4b0,Janice Pacleb,13,63.14,8,63.14,Open,B,Ty75597,MAJOR,Lady,69.4508,69.4508,5.1703,16.44,15,,4,2,1,,,,
062a54d0-fc99-4e71-a90a-f27126f8cea9,Wallis Orchard Practical Shooters May 2021 Club Match,2021-05-16,6,Stage 6,c932ce08-1b06-4190-a4a5-d6d6166dd4b0,John Austria,14,62.61,2,89.75,Carry Optics,B,Fy82746,MINOR,Junior,98.7235,68.8665,5.1268,17.75,19,,2,,1,,,,
062a54d0-fc99-4e71-a90a-f27126f8cea9,Wallis Orchard Practical Shooters May 2021 Club Match,2021-05-16,6,Stage 6,c932ce08-1b06-4190-a4a5-d6d6166dd4b0,Jon Baguio,15,61.27,3,87.84,Carry Optics,X,,MINOR,,96.6226,67.4010,5.0177,16.94,16,,5,,1,,,,
062a54d0-fc99-4e71-a90a-f27126f8cea9,Wallis Orchard Practical Shooters May 2021 Club Match,2021-05-16,6,Stage 6,c932ce08-1b06-4190-a4a5-d6d6166dd4b0,Yi Shu,16,60.89,4,87.29,Carry Optics,D,TY109249,MINOR,,96.0199,66.9806,4.9864,18.45,18,,4,,,,1,,
062a54d0-fc99-4e71-a90a-f27126f8cea9,Wallis Orchard Practical Shooters May 2021 Club Match,2021-05-16,6,Stage 6,c932ce08-1b06-4190-a4a5-d6d6166dd4b0,Andrew McWilliams,17,60.60,2,77.21,Limited,U,A133773,MAJOR,,84.9269,66.6555,4.9622,18.54,18,,3,,1,,,,
062a54d0-fc99-4e71-a90a-f27126f8cea9,Wallis Orchard Practical Shooters May 2021 Club Match,2021-05-16,6,Stage 6,c932ce08-1b06-4190-a4a5-d6d6166dd4b0,Jim Havens,18,60.15,5,86.23,Carry Optics,A,a114636,MINOR,,94.8491,66.1639,4.9256,19.49,15,,7,,,,,,
062a54d0-fc99-4e71-a90a-f27126f8cea9,Wallis Orchard Practical Shooters May 2021 Club Match,2021-05-16,6,Stage 6,c932ce08-1b06-4190-a4a5-d6d6166dd4b0,Andrew Whitley,19,59.96,9,59.96,Open,B,TY-106649,MAJOR,,65.9557,65.9557,4.9101,14.46,13,,6,1,2,,,,
062a54d0-fc99-4e71-a90a-f27126f8cea9,Wallis Orchard Practical Shooters May 2021 Club Match,2021-05-16,6,Stage 6,c932ce08-1b06-4190-a4a5-d6d6166dd4b0,Garrick Gonzalez,20,59.24,6,84.92,Carry Optics,B,A119804,MINOR,,93.4126,65.1618,4.8510,17.11,16,,4,1,1,,,,
062a54d0-fc99-4e71-a90a-f27126f8cea9,Wallis Orchard Practical Shooters May 2021 Club Match,2021-05-16,6,Stage 6,c932ce08-1b06-4190-a4a5-d6d6166dd4b0,Michael Whitley,21,59.06,10,59.06,Open,B,A111091,MAJOR,,64.9643,64.9643,4.8363,13.44,15,,5,,2,,1,,
062a54d0-fc99-4e71-a90a-f27126f8cea9,Wallis Orchard Practical Shooters May 2021 Club Match,2021-05-16,6,Stage 6,c932ce08-1b06-4190-a4a5-d6d6166dd4b0,John Brunkhorst,22,57.90,7,83.01,Carry Optics,B,A116144,MINOR,,91.3059,63.6923,4.7416,21.09,17,,5,,,,,,
062a54d0-fc99-4e71-a90a-f27126f8cea9,Wallis Orchard Practical Shooters May 2021 Club Match,2021-05-16,6,Stage 6,c932ce08-1b06-4190-a4a5-d6d6166dd4b0,Ridong Wen,23,56.11,8,80.44,Carry Optics,U,A99651,MINOR,,88.4810,61.7217,4.5949,20.24,20,,1,,1,,,,
062a54d0-fc99-4e71-a90a-f27126f8cea9,Wallis Orchard Practical Shooters May 2021 Club Match,2021-05-16,6,Stage 6,c932ce08-1b06-4190-a4a5-d6d6166dd4b0,Marlon Poralan,24,53.58,3,72.35,PCC,D,TY 76330,MINOR,Law Enforcement,79.5904,58.9371,4.3876,21.88,15,,7,,,,,,
062a54d0-fc99-4e71-a90a-f27126f8cea9,Wallis Orchard Practical Shooters May 2021 Club Match,2021-05-16,6,Stage 6,c932ce08-1b06-4190-a4a5-d6d6166dd4b0,Pat Byrne,25,53.23,1,100.00,Single Stack,B,Fu93921,MAJOR,Super Senior,110.0000,58.5476,4.3586,24.32,18,,4,,,,,,
062a54d0-fc99-4e71-a90a-f27126f8cea9,Wallis Orchard Practical Shooters May 2021 Club Match,2021-05-16,6,Stage 6,c932ce08-1b06-4190-a4a5-d6d6166dd4b0,Doug Joder,26,52.72,4,71.19,PCC,U,A115020,MINOR,,78.3133,57.9915,4.3172,22.70,17,,4,1,,,,,
062a54d0-fc99-4e71-a90a-f27126f8cea9,Wallis Orchard Practical Shooters May 2021 Club Match,2021-05-16,6,Stage 6,c932ce08-1b06-4190-a4a5-d6d6166dd4b0,Charity Taylor,27,51.55,11,51.55,Open,U,,MAJOR,,56.7059,56.7059,4.2215,25.82,21,,1,,,,,,
062a54d0-fc99-4e71-a90a-f27126f8cea9,Wallis Orchard Practical Shooters May 2021 Club Match,2021-05-16,6,Stage 6,c932ce08-1b06-4190-a4a5-d6d6166dd4b0,Emman Alcoseba,28,51.01,2,95.84,Single Stack,C,TY67519,MINOR,Senior,105.4244,56.1122,4.1773,23.46,16,,6,,,,,,
062a54d0-fc99-4e71-a90a-f27126f8cea9,Wallis Orchard Practical Shooters May 2021 Club Match,2021-05-16,6,Stage 6,c932ce08-1b06-4190-a4a5-d6d6166dd4b0,Bryan Faustino,29,49.23,5,66.48,PCC,D,,MINOR,,73.1235,54.1484,4.0311,20.59,16,,4,1,1,,,,
062a54d0-fc99-4e71-a90a-f27126f8cea9,Wallis Orchard Practical Shooters May 2021 Club Match,2021-05-16,6,Stage 6,c932ce08-1b06-4190-a4a5-d6d6166dd4b0,Page Brunkhorst,30,49.10,3,92.25,Single Stack,C,L4903,MINOR,Senior,101.4798,54.0127,4.0210,22.88,14,,7,1,,,,,
062a54d0-fc99-4e71-a90a-f27126f8cea9,Wallis Orchard Practical Shooters May 2021 Club Match,2021-05-16,6,Stage 6,c932ce08-1b06-4190-a4a5-d6d6166dd4b0,Hopper Po,31,46.35,9,66.44,Carry Optics,U,A132909,MINOR,,73.0875,50.9836,3.7955,25.82,16,,6,,,,,,
062a54d0-fc99-4e71-a90a-f27126f8cea9,Wallis Orchard Practical Shooters May 2021 Club Match,2021-05-16,6,Stage 6,c932ce08-1b06-4190-a4a5-d6d6166dd4b0,Jack Liu,32,42.24,10,60.56,Carry Optics,U,Ty130790,MINOR,,66.6116,46.4662,3.4592,28.33,16,,6,,,,,,
062a54d0-fc99-4e71-a90a-f27126f8cea9,Wallis Orchard Practical Shooters May 2021 Club Match,2021-05-16,6,Stage 6,c932ce08-1b06-4190-a4a5-d6d6166dd4b0,Carlos Escandon,33,41.80,4,78.53,Single Stack,B,L2590,MAJOR,Senior,86.3828,45.9773,3.4228,25.71,14,,7,,1,,,,
062a54d0-fc99-4e71-a90a-f27126f8cea9,Wallis Orchard Practical Shooters May 2021 Club Match,2021-05-16,6,Stage 6,c932ce08-1b06-4190-a4a5-d6d6166dd4b0,Mengyu Yue,34,39.95,6,53.95,PCC,B,TY109190,MINOR,,59.3463,43.9463,3.2716,16.20,14,,4,1,3,,,,
062a54d0-fc99-4e71-a90a-f27126f8cea9,Wallis Orchard Practical Shooters May 2021 Club Match,2021-05-16,6,Stage 6,c932ce08-1b06-4190-a4a5-d6d6166dd4b0,Parish Saculles,35,36.21,3,46.14,Limited,,,MINOR,Law Enforcement,50.7538,39.8345,2.9655,26.64,13,,8,,1,,,,
062a54d0-fc99-4e71-a90a-f27126f8cea9,Wallis Orchard Practical Shooters May 2021 Club Match,2021-05-16,6,Stage 6,c932ce08-1b06-4190-a4a5-d6d6166dd4b0,Norman Oducado,36,35.64,11,51.09,Carry Optics,U,A103491,MINOR,,56.2035,39.2059,2.9187,22.27,16,,5,,1,,2,,
062a54d0-fc99-4e71-a90a-f27126f8cea9,Wallis Orchard Practical Shooters May 2021 Club Match,2021-05-16,6,Stage 6,c932ce08-1b06-4190-a4a5-d6d6166dd4b0,Antonio Tormis,37,30.03,12,43.05,Carry Optics,C,A124958,MINOR,,47.3591,33.0363,2.4594,21.55,18,,1,,3,,,1,
062a54d0-fc99-4e71-a90a-f27126f8cea9,Wallis Orchard Practical Shooters May 2021 Club Match,2021-05-16,6,Stage 6,c932ce08-1b06-4190-a4a5-d6d6166dd4b0,Jun Wu,38,29.62,5,55.65,Single Stack,U,TY104927,MINOR,,61.2109,32.5796,2.4254,25.15,17,,2,,3,,,,
062a54d0-fc99-4e71-a90a-f27126f8cea9,Wallis Orchard Practical Shooters May 2021 Club Match,2021-05-16,6,Stage 6,c932ce08-1b06-4190-a4a5-d6d6166dd4b0,young david,39,28.30,13,40.57,Carry Optics,U,ty130791,MINOR,,44.6324,31.1342,2.3178,35.81,15,,6,,1,,,,
062a54d0-fc99-4e71-a90a-f27126f8cea9,Wallis Orchard Practical Shooters May 2021 Club Match,2021-05-16,6,Stage 6,c932ce08-1b06-4190-a4a5-d6d6166dd4b0,Leofredo Echavez,40,28.22,4,35.96,Limited,U,,MINOR,Senior,39.5505,31.0415,2.3109,33.32,14,,5,2,1,,,,
062a54d0-fc99-4e71-a90a-f27126f8cea9,Wallis Orchard Practical Shooters May 2021 Club Match,2021-05-16,6,Stage 6,c932ce08-1b06-4190-a4a5-d6d6166dd4b0,Christian Morales,41,27.48,12,27.48,Open,C,A57907,MAJOR,,30.2329,30.2329,2.2507,22.66,15,,4,,3,,1,,
062a54d0-fc99-4e71-a90a-f27126f8cea9,Wallis Orchard Practical Shooters May 2021 Club Match,2021-05-16,6,Stage 6,c932ce08-1b06-4190-a4a5-d6d6166dd4b0,Dale Hamm,42,25.73,6,48.34,Single Stack,C,TY97196,MAJOR,Senior,53.1753,28.3026,2.1070,36.07,16,,4,,2,,,,
062a54d0-fc99-4e71-a90a-f27126f8cea9,Wallis Orchard Practical Shooters May 2021 Club Match,2021-05-16,6,Stage 6,c932ce08-1b06-4190-a4a5-d6d6166dd4b0,Kevin Baker,43,14.96,2,23.43,Production,C,A95439,MINOR,,25.7743,16.4510,1.2247,21.23,8,,8,2,4,,,,
062a54d0-fc99-4e71-a90a-f27126f8cea9,Wallis Orchard Practical Shooters May 2021 Club Match,2021-05-16,6,Stage 6,c932ce08-1b06-4190-a4a5-d6d6166dd4b0,Matthew Gonzalez,44,13.68,14,19.61,Carry Optics,B,A119810,MINOR,,21.5748,15.0499,1.1204,21.42,15,,3,,4,,,2,
062a54d0-fc99-4e71-a90a-f27126f8cea9,Wallis Orchard Practical Shooters May 2021 Club Match,2021-05-16,6,Stage 6,c932ce08-1b06-4190-a4a5-d6d6166dd4b0,Jeannie Marrone,45,12.44,5,15.85,Limited,U,A133357,MINOR,Lady; Senior,17.4382,13.6865,1.0189,53.00,18,,1,1,2,,2,,
062a54d0-fc99-4e71-a90a-f27126f8cea9,Wallis Orchard Practical Shooters May 2021 Club Match,2021-05-16,6,Stage 6,c932ce08-1b06-4190-a4a5-d6d6166dd4b0,Charles Davis,46,0.00,13,0.00,Open,B,TY73740,MAJOR,Senior,0.0000,0.0000,,,,,,,,,,,
062a54d0-fc99-4e71-a90a-f27126f8cea9,Wallis Orchard Practical Shooters May 2021 Club Match,2021-05-16,6,Stage 6,c932ce08-1b06-4190-a4a5-d6d6166dd4b0,Tom Donahue,47,0.00,14,0.00,Open,C,Ty69009,MAJOR,Super Senior,0.0000,0.0000,,,,,,,,,,,
062a54d0-fc99-4e71-a90a-f27126f8cea9,Wallis Orchard Practical Shooters May 2021 Club Match,2021-05-16,6,Stage 6,c932ce08-1b06-4190-a4a5-d6d6166dd4b0,Danny Garza,48,0.00,6,0.00,Limited,D,TY75480,MINOR,,0.0000,0.0000,,,,,,,,,,,
062a54d0-fc99-4e71-a90a-f27126f8cea9,Wallis Orchard Practical Shooters May 2021 Club Match,2021-05-16,6,Stage 6,c932ce08-1b06-4190-a4a5-d6d6166dd4b0,Nathaniel Lovan,49,0.00,15,0.00,Carry Optics,U,A118114,MINOR,,0.0000,0.0000,,,,,,,,,,,
062a54d0-fc99-4e71-a90a-f27126f8cea9,Wallis Orchard Practical Shooters May 2021 Club Match,2021-05-16,6,Stage 6,c932ce08-1b06-4190-a4a5-d6d6166dd4b0,Rommel Mercado,50,0.00,7,0.00,PCC,A,Ty70687,MINOR,Foreign,0.0000,0.0000,,,,,,,,,,,
062a54d0-fc99-4e71-a90a-f27126f8cea9,Wallis Orchard Practical Shooters May 2021 Club Match,2021-05-16,6,Stage 6,c932ce08-1b06-4190-a4a5-d6d6166dd4b0,Rudy Pineda,51,0.00,16,0.00,Carry Optics,B,A131323,MINOR,,0.0000,0.0000,,,,,,,,,,,
062a54d0-fc99-4e71-a90a-f27126f8cea9,Wallis Orchard Practical Shooters May 2021 Club Match,2021-05-16,6,Stage 6,c932ce08-1b06-4190-a4a5-d6d6166dd4b0,Wade Pruetz,52,0.00,15,0.00,Open,A,Ty79055,MAJOR,,0.0000,0.0000,,,,,,,,,,,
062a54d0-fc99-4e71-a90a-f27126f8cea9,Wallis Orchard Practical Shooters May 2021 Club Match,2021-05-16,6,Stage 6,c932ce08-1b06-4190-a4a5-d6d6166dd4b0,Joseph Reyes,53,0.00,8,0.00,PCC,C,A127665,MINOR,Super Senior,0.0000,0.0000,,,,,,,,,,,
062a54d0-fc99-4e71-a90a-f27126f8cea9,Wallis Orchard Practical Shooters May 2021 Club Match,2021-05-16,6,Stage 6,c932ce08-1b06-4190-a4a5-d6d6166dd4b0,Anthony Smallwood,54,0.00,9,0.00,PCC,B,TY94508,MINOR,Senior,0.0000,0.0000,,,,,,,,,,,
062a54d0-fc99-4e71-a90a-f27126f8cea9,Wallis Orchard Practical Shooters May 2021 Club Match,2021-05-16,6,Stage 6,c932ce08-1b06-4190-a4a5-d6d6166dd4b0,James Tonkinson,55,0.00,17,0.00,Carry Optics,A,A123944,MINOR,,0.0000,0.0000,,,,,,,,,,,
062a54d0-fc99-4e71-a90a-f27126f8cea9,Wallis Orchard Practical Shooters May 2021 Club Match,2021-05-16,6,Stage 6,c932ce08-1b06-4190-a4a5-d6d6166dd4b0,Tim Yang,56,0.00,18,0.00,Carry Optics,B,A123783,MINOR,,0.0000,0.0000,,,,,,,,,,,
062a54d0-fc99-4e71-a90a-f27126f8cea9,Wallis Orchard Practical Shooters May 2021 Club Match,2021-05-16,6,Stage 6,c932ce08-1b06-4190-a4a5-d6d6166dd4b0,gerrit milks,57,0.00,10,0.00,PCC,A,a67608,MINOR,Super Senior,0.0000,0.0000,,,,,,,,,,,
062a54d0-fc99-4e71-a90a-f27126f8cea9,Wallis Orchard Practical Shooters May 2021 Club Match,2021-05-16,6,Stage 6,c932ce08-1b06-4190-a4a5-d6d6166dd4b0,nick milks,58,0.00,11,0.00,PCC,U,a109961,MAJOR,,0.0000,0.0000,,,,,,,,,,,
062a54d0-fc99-4e71-a90a-f27126f8cea9,Wallis Orchard Practical Shooters May 2021 Club Match,2021-05-16,6,Stage 6,c932ce08-1b06-4190-a4a5-d6d6166dd4b0,Eric Wu,59,0.00,19,0.00,Carry Optics,U,,MINOR,,0.0000,0.0000,0.0000,19.54,11,,4,1,6,,,2,
062a54d0-fc99-4e71-a90a-f27126f8cea9,Wallis Orchard Practical Shooters May 2021 Club Match,2021-05-16,6,Stage 6,c932ce08-1b06-4190-a4a5-d6d6166dd4b0,Bryan Echavez,60,0.00,7,0.00,Limited,U,,MINOR,Junior,0.0000,0.0000,0.0000,27.77,7,,3,3,9,,,,
062a54d0-fc99-4e71-a90a-f27126f8cea9,Wallis Orchard Practical Shooters May 2021 Club Match,2021-05-16,7,Stage 7,b1fa77ae-fa26-4a3f-ae5e-f4130f94ffa4,Jan Pacleb,1,100.00,1,100.00,Open,A,A79326,MAJOR,,110.0000,110.0000,8.5859,11.88,16,,5,1,,,,,
062a54d0-fc99-4e71-a90a-f27126f8cea9,Wallis Orchard Practical Shooters May 2021 Club Match,2021-05-16,7,Stage 7,b1fa77ae-fa26-4a3f-ae5e-f4130f94ffa4,Michael Whitley,2,72.96,2,72.96,Open,B,A111091,MAJOR,,80.2602,80.2602,6.2646,17.08,19,,3,,,,,,
062a54d0-fc99-4e71-a90a-f27126f8cea9,Wallis Orchard Practical Shooters May 2021 Club Match,2021-05-16,7,Stage 7,b1fa77ae-fa26-4a3f-ae5e-f4130f94ffa4,Ryan Alicaya,3,71.61,3,71.61,Open,D,,MAJOR,,78.7728,78.7728,6.1485,17.24,18,,4,,,,,,
062a54d0-fc99-4e71-a90a-f27126f8cea9,Wallis Orchard Practical Shooters May 2021 Club Match,2021-05-16,7,Stage 7,b1fa77ae-fa26-4a3f-ae5e-f4130f94ffa4,Matthew Gonzalez,4,69.10,1,100.00,Carry Optics,B,A119810,MINOR,,110.0000,76.0131,5.9331,18.54,22,,,,,,,,
062a54d0-fc99-4e71-a90a-f27126f8cea9,Wallis Orchard Practical Shooters May 2021 Club Match,2021-05-16,7,Stage 7,b1fa77ae-fa26-4a3f-ae5e-f4130f94ffa4,Ralph Migrino,5,68.67,1,100.00,PCC,U,A132627,MINOR,Military,110.0000,75.5340,5.8957,17.64,19,,3,,,,,,
062a54d0-fc99-4e71-a90a-f27126f8cea9,Wallis Orchard Practical Shooters May 2021 Club Match,2021-05-16,7,Stage 7,b1fa77ae-fa26-4a3f-ae5e-f4130f94ffa4,Andrew Whitley,6,68.06,4,68.06,Open,B,TY-106649,MAJOR,,74.8690,74.8690,5.8438,18.31,19,,3,,,,,,
062a54d0-fc99-4e71-a90a-f27126f8cea9,Wallis Orchard Practical Shooters May 2021 Club Match,2021-05-16,7,Stage 7,b1fa77ae-fa26-4a3f-ae5e-f4130f94ffa4,Gil Yolo,7,65.93,5,65.93,Open,A,A100714,MAJOR,,72.5194,72.5194,5.6604,13.25,15,,5,,2,,,,
062a54d0-fc99-4e71-a90a-f27126f8cea9,Wallis Orchard Practical Shooters May 2021 Club Match,2021-05-16,7,Stage 7,b1fa77ae-fa26-4a3f-ae5e-f4130f94ffa4,gerrit milks,8,64.97,2,94.62,PCC,A,a67608,MINOR,Super Senior,104.0818,71.4701,5.5785,19.36,21,,1,,,,,,
062a54d0-fc99-4e71-a90a-f27126f8cea9,Wallis Orchard Practical Shooters May 2021 Club Match,2021-05-16,7,Stage 7,b1fa77ae-fa26-4a3f-ae5e-f4130f94ffa4,John Brunkhorst,9,64.24,2,92.97,Carry Optics,B,A116144,MINOR,,102.2632,70.6668,5.5158,19.58,21,,1,,,,,,
062a54d0-fc99-4e71-a90a-f27126f8cea9,Wallis Orchard Practical Shooters May 2021 Club Match,2021-05-16,7,Stage 7,b1fa77ae-fa26-4a3f-ae5e-f4130f94ffa4,Ridong Wen,10,63.66,3,92.12,Carry Optics,U,A99651,MINOR,,101.3325,70.0236,5.4656,19.76,21,,1,,,,,,
062a54d0-fc99-4e71-a90a-f27126f8cea9,Wallis Orchard Practical Shooters May 2021 Club Match,2021-05-16,7,Stage 7,b1fa77ae-fa26-4a3f-ae5e-f4130f94ffa4,Ross Apffel,11,63.21,1,100.00,Limited,A,L4428,MAJOR,,110.0000,69.5304,5.4271,19.90,20,,2,,,,,,
062a54d0-fc99-4e71-a90a-f27126f8cea9,Wallis Orchard Practical Shooters May 2021 Club Match,2021-05-16,7,Stage 7,b1fa77ae-fa26-4a3f-ae5e-f4130f94ffa4,Andrew McWilliams,12,63.02,2,99.70,Limited,U,A133773,MAJOR,,109.6716,69.3228,5.4109,19.59,20,,1,1,,,,,
062a54d0-fc99-4e71-a90a-f27126f8cea9,Wallis Orchard Practical Shooters May 2021 Club Match,2021-05-16,7,Stage 7,b1fa77ae-fa26-4a3f-ae5e-f4130f94ffa4,Chris Snow,13,62.79,6,62.79,Open,A,A107262,MAJOR,,69.0743,69.0743,5.3915,15.58,18,,3,1,,,2,,
062a54d0-fc99-4e71-a90a-f27126f8cea9,Wallis Orchard Practical Shooters May 2021 Club Match,2021-05-16,7,Stage 7,b1fa77ae-fa26-4a3f-ae5e-f4130f94ffa4,Jon Baguio,14,61.86,4,89.52,Carry Optics,X,,MINOR,,98.4755,68.0494,5.3115,19.58,19,,3,,,,,,
062a54d0-fc99-4e71-a90a-f27126f8cea9,Wallis Orchard Practical Shooters May 2021 Club Match,2021-05-16,7,Stage 7,b1fa77ae-fa26-4a3f-ae5e-f4130f94ffa4,James Tonkinson,15,60.46,5,87.49,Carry Optics,A,A123944,MINOR,,96.2414,66.5055,5.1910,20.42,20,,2,,,,,,
062a54d0-fc99-4e71-a90a-f27126f8cea9,Wallis Orchard Practical Shooters May 2021 Club Match,2021-05-16,7,Stage 7,b1fa77ae-fa26-4a3f-ae5e-f4130f94ffa4,Bryan Faustino,16,59.71,3,86.96,PCC,D,,MINOR,,95.6523,65.6818,5.1267,17.36,18,,3,,1,,,,
062a54d0-fc99-4e71-a90a-f27126f8cea9,Wallis Orchard Practical Shooters May 2021 Club Match,2021-05-16,7,Stage 7,b1fa77ae-fa26-4a3f-ae5e-f4130f94ffa4,Rudy Pineda,17,59.43,6,86.01,Carry Optics,B,A131323,MINOR,,94.6099,65.3781,5.1030,20.38,19,,3,,,,,,
062a54d0-fc99-4e71-a90a-f27126f8cea9,Wallis Orchard Practical Shooters May 2021 Club Match,2021-05-16,7,Stage 7,b1fa77ae-fa26-4a3f-ae5e-f4130f94ffa4,Norman Oducado,18,56.71,7,82.07,Carry Optics,U,A103491,MINOR,,90.2771,62.3840,4.8693,22.18,21,,1,,,,,,
062a54d0-fc99-4e71-a90a-f27126f8cea9,Wallis Orchard Practical Shooters May 2021 Club Match,2021-05-16,7,Stage 7,b1fa77ae-fa26-4a3f-ae5e-f4130f94ffa4,Yi Shu,19,56.63,8,81.95,Carry Optics,D,TY109249,MINOR,,90.1436,62.2918,4.8621,21.39,19,,3,,,,,,
062a54d0-fc99-4e71-a90a-f27126f8cea9,Wallis Orchard Practical Shooters May 2021 Club Match,2021-05-16,7,Stage 7,b1fa77ae-fa26-4a3f-ae5e-f4130f94ffa4,Justin Corona,20,56.41,7,56.41,Open,B,L4452,MAJOR,,62.0471,62.0471,4.8430,18.79,17,,4,,1,,,,
062a54d0-fc99-4e71-a90a-f27126f8cea9,Wallis Orchard Practical Shooters May 2021 Club Match,2021-05-16,7,Stage 7,b1fa77ae-fa26-4a3f-ae5e-f4130f94ffa4,Jim Havens,21,53.77,9,77.82,Carry Optics,A,a114636,MINOR,,85.5976,59.1504,4.6169,19.71,19,,2,,1,,,,
062a54d0-fc99-4e71-a90a-f27126f8cea9,Wallis Orchard Practical Shooters May 2021 Club Match,2021-05-16,7,Stage 7,b1fa77ae-fa26-4a3f-ae5e-f4130f94ffa4,Albert Montanez,22,53.39,8,53.39,Open,M,TY101554,MAJOR,,58.7276,58.7276,4.5839,14.18,17,,2,1,2,,,1,
062a54d0-fc99-4e71-a90a-f27126f8cea9,Wallis Orchard Practical Shooters May 2021 Club Match,2021-05-16,7,Stage 7,b1fa77ae-fa26-4a3f-ae5e-f4130f94ffa4,Hopper Po,23,53.17,10,76.94,Carry Optics,U,A132909,MINOR,,84.6298,58.4816,4.5647,23.66,21,,1,,,,,,
062a54d0-fc99-4e71-a90a-f27126f8cea9,Wallis Orchard Practical Shooters May 2021 Club Match,2021-05-16,7,Stage 7,b1fa77ae-fa26-4a3f-ae5e-f4130f94ffa4,Janice Pacleb,24,51.62,9,51.62,Open,B,Ty75597,MAJOR,Lady,56.7827,56.7827,4.4321,18.05,16,,5,,1,,1,,
062a54d0-fc99-4e71-a90a-f27126f8cea9,Wallis Orchard Practical Shooters May 2021 Club Match,2021-05-16,7,Stage 7,b1fa77ae-fa26-4a3f-ae5e-f4130f94ffa4,Gary Wu,25,50.71,1,100.00,Production,B,L2998,MINOR,,110.0000,55.7822,4.3540,21.13,15,,5,2,,,,,
062a54d0-fc99-4e71-a90a-f27126f8cea9,Wallis Orchard Practical Shooters May 2021 Club Match,2021-05-16,7,Stage 7,b1fa77ae-fa26-4a3f-ae5e-f4130f94ffa4,Jack Liu,26,49.62,11,71.81,Carry Optics,U,Ty130790,MINOR,,78.9936,54.5868,4.2607,23.94,19,,2,1,,,,,
062a54d0-fc99-4e71-a90a-f27126f8cea9,Wallis Orchard Practical Shooters May 2021 Club Match,2021-05-16,7,Stage 7,b1fa77ae-fa26-4a3f-ae5e-f4130f94ffa4,Jun Wu,27,49.21,1,100.00,Single Stack,U,TY104927,MINOR,,110.0000,54.1346,4.2254,24.14,18,,4,,,,,,
062a54d0-fc99-4e71-a90a-f27126f8cea9,Wallis Orchard Practical Shooters May 2021 Club Match,2021-05-16,7,Stage 7,b1fa77ae-fa26-4a3f-ae5e-f4130f94ffa4,Doug Joder,28,49.10,4,71.50,PCC,U,A115020,MINOR,,78.6477,54.0052,4.2153,19.69,15,,6,,1,,,,
062a54d0-fc99-4e71-a90a-f27126f8cea9,Wallis Orchard Practical Shooters May 2021 Club Match,2021-05-16,7,Stage 7,b1fa77ae-fa26-4a3f-ae5e-f4130f94ffa4,Pat Byrne,29,48.57,2,98.69,Single Stack,B,Fu93921,MAJOR,Super Senior,108.5552,53.4235,4.1699,25.66,19,,3,,,,,,
062a54d0-fc99-4e71-a90a-f27126f8cea9,Wallis Orchard Practical Shooters May 2021 Club Match,2021-05-16,7,Stage 7,b1fa77ae-fa26-4a3f-ae5e-f4130f94ffa4,Garrick Gonzalez,30,47.73,12,69.08,Carry Optics,B,A119804,MINOR,,75.9846,52.5075,4.0984,26.84,22,,,,,,,,
062a54d0-fc99-4e71-a90a-f27126f8cea9,Wallis Orchard Practical Shooters May 2021 Club Match,2021-05-16,7,Stage 7,b1fa77ae-fa26-4a3f-ae5e-f4130f94ffa4,Eric Wu,31,47.35,13,68.52,Carry Optics,U,,MINOR,,75.3727,52.0847,4.0654,20.17,16,,3,3,,,1,,
062a54d0-fc99-4e71-a90a-f27126f8cea9,Wallis Orchard Practical Shooters May 2021 Club Match,2021-05-16,7,Stage 7,b1fa77ae-fa26-4a3f-ae5e-f4130f94ffa4,Charity Taylor,32,44.20,10,44.20,Open,U,,MAJOR,,48.6179,48.6179,3.7948,28.46,20,,2,,,,,,
062a54d0-fc99-4e71-a90a-f27126f8cea9,Wallis Orchard Practical Shooters May 2021 Club Match,2021-05-16,7,Stage 7,b1fa77ae-fa26-4a3f-ae5e-f4130f94ffa4,nick milks,33,44.01,5,64.10,PCC,U,a109961,MAJOR,,70.5055,48.4141,3.7789,28.58,20,,2,,,,,,
062a54d0-fc99-4e71-a90a-f27126f8cea9,Wallis Orchard Practical Shooters May 2021 Club Match,2021-05-16,7,Stage 7,b1fa77ae-fa26-4a3f-ae5e-f4130f94ffa4,Marlon Poralan,34,41.76,6,60.81,PCC,D,TY 76330,MINOR,Law Enforcement,66.8915,45.9325,3.5852,25.94,20,,1,,1,,,,
062a54d0-fc99-4e71-a90a-f27126f8cea9,Wallis Orchard Practical Shooters May 2021 Club Match,2021-05-16,7,Stage 7,b1fa77ae-fa26-4a3f-ae5e-f4130f94ffa4,Emman Alcoseba,35,38.98,3,79.21,Single Stack,C,TY67519,MINOR,Senior,87.1274,42.8782,3.3468,24.80,15,,6,,1,,,,
062a54d0-fc99-4e71-a90a-f27126f8cea9,Wallis Orchard Practical Shooters May 2021 Club Match,2021-05-16,7,Stage 7,b1fa77ae-fa26-4a3f-ae5e-f4130f94ffa4,Arnold Gee,36,38.90,11,38.90,Open,B,TY103519,MAJOR,Senior,42.7937,42.7937,3.3402,19.46,15,,5,,2,,,1,
062a54d0-fc99-4e71-a90a-f27126f8cea9,Wallis Orchard Practical Shooters May 2021 Club Match,2021-05-16,7,Stage 7,b1fa77ae-fa26-4a3f-ae5e-f4130f94ffa4,Antonio Tormis,37,37.25,14,53.91,Carry Optics,C,A124958,MINOR,,59.3022,40.9795,3.1986,22.51,16,,4,,2,,,,
062a54d0-fc99-4e71-a90a-f27126f8cea9,Wallis Orchard Practical Shooters May 2021 Club Match,2021-05-16,7,Stage 7,b1fa77ae-fa26-4a3f-ae5e-f4130f94ffa4,young david,38,35.56,15,51.46,Carry Optics,U,ty130791,MINOR,,56.6028,39.1141,3.0530,32.10,16,,6,,,,,,
062a54d0-fc99-4e71-a90a-f27126f8cea9,Wallis Orchard Practical Shooters May 2021 Club Match,2021-05-16,7,Stage 7,b1fa77ae-fa26-4a3f-ae5e-f4130f94ffa4,Carlos Escandon,39,35.22,4,71.56,Single Stack,B,L2590,MAJOR,Senior,78.7161,38.7387,3.0237,27.45,19,,2,,1,,1,,
062a54d0-fc99-4e71-a90a-f27126f8cea9,Wallis Orchard Practical Shooters May 2021 Club Match,2021-05-16,7,Stage 7,b1fa77ae-fa26-4a3f-ae5e-f4130f94ffa4,Page Brunkhorst,40,33.61,5,68.29,Single Stack,C,L4903,MINOR,Senior,75.1209,36.9694,2.8856,28.07,14,,7,,1,,,,
062a54d0-fc99-4e71-a90a-f27126f8cea9,Wallis Orchard Practical Shooters May 2021 Club Match,2021-05-16,7,Stage 7,b1fa77ae-fa26-4a3f-ae5e-f4130f94ffa4,Nathaniel Lovan,41,32.75,16,47.40,Carry Optics,U,A118114,MINOR,,52.1383,36.0291,2.8122,33.07,20,,1,,1,,,,
062a54d0-fc99-4e71-a90a-f27126f8cea9,Wallis Orchard Practical Shooters May 2021 Club Match,2021-05-16,7,Stage 7,b1fa77ae-fa26-4a3f-ae5e-f4130f94ffa4,Jeannie Marrone,42,32.21,3,50.95,Limited,U,A133357,MINOR,Lady; Senior,56.0469,35.4269,2.7652,37.61,20,,1,1,,,,,
062a54d0-fc99-4e71-a90a-f27126f8cea9,Wallis Orchard Practical Shooters May 2021 Club Match,2021-05-16,7,Stage 7,b1fa77ae-fa26-4a3f-ae5e-f4130f94ffa4,John Austria,43,31.54,17,45.64,Carry Optics,B,Fy82746,MINOR,Junior,50.2009,34.6902,2.7077,21.42,19,,1,,2,,2,,
062a54d0-fc99-4e71-a90a-f27126f8cea9,Wallis Orchard Practical Shooters May 2021 Club Match,2021-05-16,7,Stage 7,b1fa77ae-fa26-4a3f-ae5e-f4130f94ffa4,Bryan Echavez,44,30.53,4,48.30,Limited,U,,MINOR,Junior,53.1302,33.5833,2.6213,33.19,17,,4,,1,,,,
062a54d0-fc99-4e71-a90a-f27126f8cea9,Wallis Orchard Practical Shooters May 2021 Club Match,2021-05-16,7,Stage 7,b1fa77ae-fa26-4a3f-ae5e-f4130f94ffa4,Christian Morales,45,30.03,12,30.03,Open,C,A57907,MAJOR,,33.0311,33.0311,2.5782,29.09,17,,2,1,2,,,,
062a54d0-fc99-4e71-a90a-f27126f8cea9,Wallis Orchard Practical Shooters May 2021 Club Match,2021-05-16,7,Stage 7,b1fa77ae-fa26-4a3f-ae5e-f4130f94ffa4,randy callison,46,23.26,7,33.88,PCC,A,A14418,MINOR,Senior,37.2668,25.5901,1.9974,15.52,13,,5,1,3,,1,1,
062a54d0-fc99-4e71-a90a-f27126f8cea9,Wallis Orchard Practical Shooters May 2021 Club Match,2021-05-16,7,Stage 7,b1fa77ae-fa26-4a3f-ae5e-f4130f94ffa4,Dale Hamm,47,22.34,6,45.40,Single Stack,C,TY97196,MAJOR,Senior,49.9392,24.5767,1.9183,44.31,21,,,,1,,1,,
062a54d0-fc99-4e71-a90a-f27126f8cea9,Wallis Orchard Practical Shooters May 2021 Club Match,2021-05-16,7,Stage 7,b1fa77ae-fa26-4a3f-ae5e-f4130f94ffa4,Parish Saculles,48,22.02,5,34.83,Limited,,,MINOR,Law Enforcement,38.3118,24.2167,1.8902,50.26,21,,,,1,,,,
062a54d0-fc99-4e71-a90a-f27126f8cea9,Wallis Orchard Practical Shooters May 2021 Club Match,2021-05-16,7,Stage 7,b1fa77ae-fa26-4a3f-ae5e-f4130f94ffa4,Leofredo Echavez,49,21.22,6,33.58,Limited,U,,MINOR,Senior,36.9356,23.3468,1.8223,31.28,15,,4,,3,,,,
062a54d0-fc99-4e71-a90a-f27126f8cea9,Wallis Orchard Practical Shooters May 2021 Club Match,2021-05-16,7,Stage 7,b1fa77ae-fa26-4a3f-ae5e-f4130f94ffa4,Derik Satsky,50,3.99,18,5.77,Carry Optics,A,FY119794,MINOR,,6.3444,4.3842,0.3422,14.61,15,,,,7,,,,
062a54d0-fc99-4e71-a90a-f27126f8cea9,Wallis Orchard Practical Shooters May 2021 Club Match,2021-05-16,7,Stage 7,b1fa77ae-fa26-4a3f-ae5e-f4130f94ffa4,Kevin Baker,51,0.00,2,0.00,Production,C,A95439,MINOR,,0.0000,0.0000,,,,,,,,,,,
062a54d0-fc99-4e71-a90a-f27126f8cea9,Wallis Orchard Practical Shooters May 2021 Club Match,2021-05-16,7,Stage 7,b1fa77ae-fa26-4a3f-ae5e-f4130f94ffa4,Charles Davis,52,0.00,13,0.00,Open,B,TY73740,MAJOR,Senior,0.0000,0.0000,,,,,,,,,,,
062a54d0-fc99-4e71-a90a-f27126f8cea9,Wallis Orchard Practical Shooters May 2021 Club Match,2021-05-16,7,Stage 7,b1fa77ae-fa26-4a3f-ae5e-f4130f94ffa4,Tom Donahue,53,0.00,14,0.00,Open,C,Ty69009,MAJOR,Super Senior,0.0000,0.0000,,,,,,,,,,,
062a54d0-fc99-4e71-a90a-f27126f8cea9,Wallis Orchard Practical Shooters May 2021 Club Match,2021-05-16,7,Stage 7,b1fa77ae-fa26-4a3f-ae5e-f4130f94ffa4,Danny Garza,54,0.00,7,0.00,Limited,D,TY75480,MINOR,,0.0000,0.0000,,,,,,,,,,,
062a54d0-fc99-4e71-a90a-f27126f8cea9,Wallis Orchard Practical Shooters May 2021 Club Match,2021-05-16,7,Stage 7,b1fa77ae-fa26-4a3f-ae5e-f4130f94ffa4,Rommel Mercado,55,0.00,8,0.00,PCC,A,Ty70687,MINOR,Foreign,0.0000,0.0000,,,,,,,,,,,
062a54d0-fc99-4e71-a90a-f27126f8cea9,Wallis Orchard Practical Shooters May 2021 Club Match,2021-05-16,7,Stage 7,b1fa77ae-fa26-4a3f-ae5e-f4130f94ffa4,Wade Pruetz,56,0.00,15,0.00,Open,A,Ty79055,MAJOR,,0.0000,0.0000,,,,,,,,,,,
062a54d0-fc99-4e71-a90a-f27126f8cea9,Wallis Orchard Practical Shooters May 2021 Club Match,2021-05-16,7,Stage 7,b1fa77ae-fa26-4a3f-ae5e-f4130f94ffa4,Joseph Reyes,57,0.00,9,0.00,PCC,C,A127665,MINOR,Super Senior,0.0000,0.0000,,,,,,,,,,,
062a54d0-fc99-4e71-a90a-f27126f8cea9,Wallis Orchard Practical Shooters May 2021 Club Match,2021-05-16,7,Stage 7,b1fa77ae-fa26-4a3f-ae5e-f4130f94ffa4,Anthony Smallwood,58,0.00,10,0.00,PCC,B,TY94508,MINOR,Senior,0.0000,0.0000,,,,,,,,,,,
062a54d0-fc99-4e71-a90a-f27126f8cea9,Wallis Orchard Practical Shooters May 2021 Club Match,2021-05-16,7,Stage 7,b1fa77ae-fa26-4a3f-ae5e-f4130f94ffa4,Tim Yang,59,0.00,19,0.00,Carry Optics,B,A123783,MINOR,,0.0000,0.0000,,,,,,,,,,,
062a54d0-fc99-4e71-a90a-f27126f8cea9,Wallis Orchard Practical Shooters May 2021 Club Match,2021-05-16,7,Stage 7,b1fa77ae-fa26-4a3f-ae5e-f4130f94ffa4,Mengyu Yue,60,0.00,11,0.00,PCC,B,TY109190,MINOR,,0.0000,0.0000,,,,,,,,,,,
