match_id,match_name,match_date,stage_number,stage_name,stage_uuid,shooter_name,shooter_rank_combined,shooter_percent_combined,shooter_rank_division,shooter_percent_division,division,class,member_number,power_factor,categories,stage_points,stage_points_combined,hit_factor,time,A,B,C,D,M,NPM,NS,Proc,Apen
09165b6e-478c-49fc-b502-ad93c73c4c7c,GPS USPSA February 2022,2022-02-27,1,Bay 4: What Is With You People,b84472da-5633-486f-b74a-cf9f8de0528b,Gil Yolo,1,100.00,1,100.00,Open,M,L5228,MAJOR,,60.0000,60.0000,6.6514,8.72,10,,2,,,,,,
09165b6e-478c-49fc-b502-ad93c73c4c7c,GPS USPSA February 2022,2022-02-27,1,Bay 4: What Is With You People,b84472da-5633-486f-b74a-cf9f8de0528b,Mengyu Yue,2,94.49,1,100.00,PCC,A,TY109190,MINOR,,60.0000,56.6957,6.2851,8.91,10,,2,,,,,,
09165b6e-478c-49fc-b502-ad93c73c4c7c,GPS USPSA February 2022,2022-02-27,1,Bay 4: What Is With You People,b84472da-5633-486f-b74a-cf9f8de0528b,Vinh Lam,3,94.42,1,100.00,Limited,M,TY101025,MAJOR,,60.0000,56.6515,6.2802,8.28,4,,8,,,,,,
09165b6e-478c-49fc-b502-ad93c73c4c7c,GPS USPSA February 2022,2022-02-27,1,Bay 4: What Is With You People,b84472da-5633-486f-b74a-cf9f8de0528b,Mike Whitesides,4,93.12,2,93.12,Open,A,TY81358,MAJOR,,55.8712,55.8712,6.1937,8.88,9,,2,1,,,,,
09165b6e-478c-49fc-b502-ad93c73c4c7c,GPS USPSA February 2022,2022-02-27,1,Bay 4: What Is With You People,b84472da-5633-486f-b74a-cf9f8de0528b,Scott Reeh,5,80.83,1,100.00,Carry Optics,A,A91497,MINOR,,60.0000,48.4978,5.3763,9.30,7,,5,,,,,,
09165b6e-478c-49fc-b502-ad93c73c4c7c,GPS USPSA February 2022,2022-02-27,1,Bay 4: What Is With You People,b84472da-5633-486f-b74a-cf9f8de0528b,Derek Rabuck,6,77.10,2,81.59,PCC,B,Ty91331,MINOR,,48.9558,46.2597,5.1282,8.97,5,,7,,,,,,
09165b6e-478c-49fc-b502-ad93c73c4c7c,GPS USPSA February 2022,2022-02-27,1,Bay 4: What Is With You People,b84472da-5633-486f-b74a-cf9f8de0528b,Henry Wong,7,74.57,2,92.26,Carry Optics,U,0,MINOR,,55.3552,44.7434,4.9601,11.29,10,,2,,,,,,
09165b6e-478c-49fc-b502-ad93c73c4c7c,GPS USPSA February 2022,2022-02-27,1,Bay 4: What Is With You People,b84472da-5633-486f-b74a-cf9f8de0528b,Don Sanders,8,73.69,2,78.04,Limited,A,FY46389,MAJOR,Senior,46.8243,44.2111,4.9011,11.63,9,,3,,,,,,
09165b6e-478c-49fc-b502-ad93c73c4c7c,GPS USPSA February 2022,2022-02-27,1,Bay 4: What Is With You People,b84472da-5633-486f-b74a-cf9f8de0528b,Garrick Gonzalez,9,71.03,3,87.87,Carry Optics,B,A119804,MINOR,,52.7247,42.6172,4.7244,11.43,9,,3,,,,,,
09165b6e-478c-49fc-b502-ad93c73c4c7c,GPS USPSA February 2022,2022-02-27,1,Bay 4: What Is With You People,b84472da-5633-486f-b74a-cf9f8de0528b,Dale Fike,10,66.82,3,66.82,Open,U,TY113427,MINOR,Senior,40.0914,40.0914,4.4444,10.80,7,,4,1,,,,,
09165b6e-478c-49fc-b502-ad93c73c4c7c,GPS USPSA February 2022,2022-02-27,1,Bay 4: What Is With You People,b84472da-5633-486f-b74a-cf9f8de0528b,Jason Wells,11,65.31,1,100.00,Single Stack,A,L5218,MAJOR,,60.0000,39.1848,4.3439,11.05,4,,6,2,,,,,
09165b6e-478c-49fc-b502-ad93c73c4c7c,GPS USPSA February 2022,2022-02-27,1,Bay 4: What Is With You People,b84472da-5633-486f-b74a-cf9f8de0528b,Lan Nguyen,12,59.97,4,59.97,Open,A,Ty81359,MAJOR,,35.9798,35.9798,3.9886,10.53,8,,3,,1,,,,
09165b6e-478c-49fc-b502-ad93c73c4c7c,GPS USPSA February 2022,2022-02-27,1,Bay 4: What Is With You People,b84472da-5633-486f-b74a-cf9f8de0528b,Kevin Bunurai,13,56.91,4,70.40,Carry Optics,M,TY105111,MINOR,,42.2421,34.1441,3.7851,8.19,5,,5,1,1,,,,
09165b6e-478c-49fc-b502-ad93c73c4c7c,GPS USPSA February 2022,2022-02-27,1,Bay 4: What Is With You People,b84472da-5633-486f-b74a-cf9f8de0528b,John Austria,14,55.86,5,55.86,Open,B,FY82746,MAJOR,,33.5190,33.5190,3.7158,15.34,9,,3,,,,,,
09165b6e-478c-49fc-b502-ad93c73c4c7c,GPS USPSA February 2022,2022-02-27,1,Bay 4: What Is With You People,b84472da-5633-486f-b74a-cf9f8de0528b,Jun Wu,15,55.28,3,58.51,PCC,B,TY104927,MINOR,,35.1030,33.1699,3.6771,12.51,5,,7,,,,,,
09165b6e-478c-49fc-b502-ad93c73c4c7c,GPS USPSA February 2022,2022-02-27,1,Bay 4: What Is With You People,b84472da-5633-486f-b74a-cf9f8de0528b,Doug Joder,16,55.19,4,58.41,PCC,B,A115020,MINOR,,35.0467,33.1166,3.6712,12.53,6,,5,1,,,,,
09165b6e-478c-49fc-b502-ad93c73c4c7c,GPS USPSA February 2022,2022-02-27,1,Bay 4: What Is With You People,b84472da-5633-486f-b74a-cf9f8de0528b,James Tonkinson,17,53.41,5,66.07,Carry Optics,A,A123944,MINOR,,39.6429,32.0432,3.5522,9.29,6,,4,1,1,,,,
09165b6e-478c-49fc-b502-ad93c73c4c7c,GPS USPSA February 2022,2022-02-27,1,Bay 4: What Is With You People,b84472da-5633-486f-b74a-cf9f8de0528b,Marlon Poralan,18,51.29,6,51.29,Open,D,TY76330,MAJOR,Law Enforcement,30.7722,30.7722,3.4113,10.26,5,,4,2,1,,,,
09165b6e-478c-49fc-b502-ad93c73c4c7c,GPS USPSA February 2022,2022-02-27,1,Bay 4: What Is With You People,b84472da-5633-486f-b74a-cf9f8de0528b,Parish Saculles,19,50.64,3,53.64,Limited,U,0,MINOR,,32.1811,30.3852,3.3684,14.25,7,,4,1,,,,,
09165b6e-478c-49fc-b502-ad93c73c4c7c,GPS USPSA February 2022,2022-02-27,1,Bay 4: What Is With You People,b84472da-5633-486f-b74a-cf9f8de0528b,Angela Rabuck,20,46.58,4,49.33,Limited,C,Ty91275,MAJOR,Lady,29.5968,27.9451,3.0979,16.14,6,,4,2,,,,,
09165b6e-478c-49fc-b502-ad93c73c4c7c,GPS USPSA February 2022,2022-02-27,1,Bay 4: What Is With You People,b84472da-5633-486f-b74a-cf9f8de0528b,Travis McKenzie,21,46.42,6,57.43,Carry Optics,U,A139201,MINOR,,34.4579,27.8522,3.0876,10.04,5,,5,1,1,,,,
09165b6e-478c-49fc-b502-ad93c73c4c7c,GPS USPSA February 2022,2022-02-27,1,Bay 4: What Is With You People,b84472da-5633-486f-b74a-cf9f8de0528b,Arnold Gee,22,44.98,7,55.64,Carry Optics,C,TY103519,MINOR,Senior,33.3854,26.9853,2.9915,11.70,6,,5,,1,,,,
09165b6e-478c-49fc-b502-ad93c73c4c7c,GPS USPSA February 2022,2022-02-27,1,Bay 4: What Is With You People,b84472da-5633-486f-b74a-cf9f8de0528b,Monie Perry,23,41.04,8,50.78,Carry Optics,X,0,MINOR,Military,30.4670,24.6264,2.7300,16.85,5,,7,,,,,,
09165b6e-478c-49fc-b502-ad93c73c4c7c,GPS USPSA February 2022,2022-02-27,1,Bay 4: What Is With You People,b84472da-5633-486f-b74a-cf9f8de0528b,Roman Gwiscz,24,40.75,9,50.41,Carry Optics,A,L4670,MINOR,,30.2461,24.4478,2.7102,14.39,8,,3,,1,,,,
09165b6e-478c-49fc-b502-ad93c73c4c7c,GPS USPSA February 2022,2022-02-27,1,Bay 4: What Is With You People,b84472da-5633-486f-b74a-cf9f8de0528b,Robert Bui,25,38.96,10,48.20,Carry Optics,B,A103016,MINOR,,28.9180,23.3743,2.5912,10.42,5,,3,3,1,,,,
09165b6e-478c-49fc-b502-ad93c73c4c7c,GPS USPSA February 2022,2022-02-27,1,Bay 4: What Is With You People,b84472da-5633-486f-b74a-cf9f8de0528b,Khoa Nguyen,26,37.78,1,100.00,Production,A,A117224,MINOR,Law Enforcement,60.0000,22.6698,2.5131,9.55,7,,3,,2,,,,
09165b6e-478c-49fc-b502-ad93c73c4c7c,GPS USPSA February 2022,2022-02-27,1,Bay 4: What Is With You People,b84472da-5633-486f-b74a-cf9f8de0528b,Steven McNamara,27,37.44,7,37.44,Open,B,A75212,MAJOR,Senior,22.4650,22.4650,2.4904,10.44,6,,4,,2,,,,
09165b6e-478c-49fc-b502-ad93c73c4c7c,GPS USPSA February 2022,2022-02-27,1,Bay 4: What Is With You People,b84472da-5633-486f-b74a-cf9f8de0528b,Marchoni Aquino,28,37.23,5,39.40,PCC,D,A124540,MINOR,,23.6416,22.3397,2.4765,20.19,7,,5,,,,,,
09165b6e-478c-49fc-b502-ad93c73c4c7c,GPS USPSA February 2022,2022-02-27,1,Bay 4: What Is With You People,b84472da-5633-486f-b74a-cf9f8de0528b,Khoi Nguyen,29,36.71,8,36.71,Open,A,TY101030,MAJOR,,22.0239,22.0239,2.4415,9.83,6,,3,1,2,,,,
09165b6e-478c-49fc-b502-ad93c73c4c7c,GPS USPSA February 2022,2022-02-27,1,Bay 4: What Is With You People,b84472da-5633-486f-b74a-cf9f8de0528b,Robert Losin,30,36.52,6,38.65,PCC,U,A139237,MINOR,Senior,23.1891,21.9121,2.4291,19.76,6,,6,,,,,,
09165b6e-478c-49fc-b502-ad93c73c4c7c,GPS USPSA February 2022,2022-02-27,1,Bay 4: What Is With You People,b84472da-5633-486f-b74a-cf9f8de0528b,Ian Pre,31,34.20,11,42.32,Carry Optics,U,0,MINOR,,25.3903,20.5229,2.2751,19.34,5,,6,1,,,,,
09165b6e-478c-49fc-b502-ad93c73c4c7c,GPS USPSA February 2022,2022-02-27,1,Bay 4: What Is With You People,b84472da-5633-486f-b74a-cf9f8de0528b,Page Brunkhorst,32,32.17,2,85.13,Production,C,L4903,MINOR,Senior,51.0803,19.2997,2.1395,21.50,6,,5,1,,,,,
09165b6e-478c-49fc-b502-ad93c73c4c7c,GPS USPSA February 2022,2022-02-27,1,Bay 4: What Is With You People,b84472da-5633-486f-b74a-cf9f8de0528b,Zachary Ralston,33,31.89,12,39.45,Carry Optics,B,A123081,MINOR,,23.6694,19.1319,2.1209,9.43,5,,5,,2,,,,
09165b6e-478c-49fc-b502-ad93c73c4c7c,GPS USPSA February 2022,2022-02-27,1,Bay 4: What Is With You People,b84472da-5633-486f-b74a-cf9f8de0528b,Ramil Villanueva,34,31.73,13,39.25,Carry Optics,D,A110261,MINOR,Junior,23.5523,19.0372,2.1104,12.32,8,,2,,2,,,,
09165b6e-478c-49fc-b502-ad93c73c4c7c,GPS USPSA February 2022,2022-02-27,1,Bay 4: What Is With You People,b84472da-5633-486f-b74a-cf9f8de0528b,JC Reinel Aguinaldo,35,31.64,14,39.15,Carry Optics,U,0,MINOR,Junior,23.4875,18.9849,2.1046,15.68,5,,6,,1,,,,
09165b6e-478c-49fc-b502-ad93c73c4c7c,GPS USPSA February 2022,2022-02-27,1,Bay 4: What Is With You People,b84472da-5633-486f-b74a-cf9f8de0528b,Manny Nerona,36,30.53,15,37.77,Carry Optics,U,A69445,MINOR,,22.6606,18.3164,2.0305,11.82,8,,1,1,2,,,,
09165b6e-478c-49fc-b502-ad93c73c4c7c,GPS USPSA February 2022,2022-02-27,1,Bay 4: What Is With You People,b84472da-5633-486f-b74a-cf9f8de0528b,Devin Yolo,37,30.24,16,37.41,Carry Optics,C,A112987,MINOR,,22.4463,18.1432,2.0113,12.43,3,,6,2,1,,,,
09165b6e-478c-49fc-b502-ad93c73c4c7c,GPS USPSA February 2022,2022-02-27,1,Bay 4: What Is With You People,b84472da-5633-486f-b74a-cf9f8de0528b,Edsel Esquivel,38,29.97,17,37.08,Carry Optics,U,A137879,MINOR,Junior,22.2488,17.9836,1.9936,28.09,10,,2,,,,,,
09165b6e-478c-49fc-b502-ad93c73c4c7c,GPS USPSA February 2022,2022-02-27,1,Bay 4: What Is With You People,b84472da-5633-486f-b74a-cf9f8de0528b,Carlos Escandon,39,29.55,18,36.55,Carry Optics,U,L2590,MINOR,Super Senior,21.9318,17.7274,1.9652,13.23,8,,2,,2,,,,
09165b6e-478c-49fc-b502-ad93c73c4c7c,GPS USPSA February 2022,2022-02-27,1,Bay 4: What Is With You People,b84472da-5633-486f-b74a-cf9f8de0528b,JR Roberts,40,28.54,5,30.23,Limited,C,TY102739,MAJOR,,18.1380,17.1257,1.8985,22.65,9,,2,,1,,,,
09165b6e-478c-49fc-b502-ad93c73c4c7c,GPS USPSA February 2022,2022-02-27,1,Bay 4: What Is With You People,b84472da-5633-486f-b74a-cf9f8de0528b,Gennady Khokhorin,41,27.34,3,72.35,Production,C,A123884,MINOR,Senior,43.4093,16.4014,1.8182,13.20,7,,3,,2,,,,
09165b6e-478c-49fc-b502-ad93c73c4c7c,GPS USPSA February 2022,2022-02-27,1,Bay 4: What Is With You People,b84472da-5633-486f-b74a-cf9f8de0528b,Jack Liu,42,26.52,7,28.06,PCC,C,Ty130790,MINOR,,16.8370,15.9097,1.7637,11.34,5,,5,,2,,,,
09165b6e-478c-49fc-b502-ad93c73c4c7c,GPS USPSA February 2022,2022-02-27,1,Bay 4: What Is With You People,b84472da-5633-486f-b74a-cf9f8de0528b,John Christian (JC) Onia,43,25.83,19,31.96,Carry Optics,U,0,MINOR,Junior,19.1753,15.4993,1.7182,20.37,7,,3,1,1,,,,
09165b6e-478c-49fc-b502-ad93c73c4c7c,GPS USPSA February 2022,2022-02-27,1,Bay 4: What Is With You People,b84472da-5633-486f-b74a-cf9f8de0528b,John Brunkhorst,44,24.63,20,30.47,Carry Optics,B,A116144,MINOR,,18.2802,14.7758,1.6380,12.21,6,,3,1,2,,,,
09165b6e-478c-49fc-b502-ad93c73c4c7c,GPS USPSA February 2022,2022-02-27,1,Bay 4: What Is With You People,b84472da-5633-486f-b74a-cf9f8de0528b,Jimmy Durham,45,24.51,9,24.51,Open,C,TY135611,MAJOR,,14.7073,14.7073,1.6304,16.56,7,,3,,2,,,,
09165b6e-478c-49fc-b502-ad93c73c4c7c,GPS USPSA February 2022,2022-02-27,1,Bay 4: What Is With You People,b84472da-5633-486f-b74a-cf9f8de0528b,Drew Yang,46,23.86,4,63.16,Production,U,A138478,MINOR,,37.8966,14.3185,1.5873,20.79,7,,2,2,1,,,,
09165b6e-478c-49fc-b502-ad93c73c4c7c,GPS USPSA February 2022,2022-02-27,1,Bay 4: What Is With You People,b84472da-5633-486f-b74a-cf9f8de0528b,Jake Mansfield,47,23.54,21,29.12,Carry Optics,B,A101123,MINOR,,17.4722,14.1227,1.5656,10.22,4,,5,1,2,,,,
09165b6e-478c-49fc-b502-ad93c73c4c7c,GPS USPSA February 2022,2022-02-27,1,Bay 4: What Is With You People,b84472da-5633-486f-b74a-cf9f8de0528b,Albert Culanag,48,23.54,22,29.12,Carry Optics,U,A137938,MINOR,,17.4711,14.1218,1.5655,21.08,5,,6,,1,,,,
09165b6e-478c-49fc-b502-ad93c73c4c7c,GPS USPSA February 2022,2022-02-27,1,Bay 4: What Is With You People,b84472da-5633-486f-b74a-cf9f8de0528b,Lawrence Fu,49,22.39,23,27.70,Carry Optics,U,0,MINOR,,16.6174,13.4318,1.4890,20.82,9,,2,,1,,,1,
09165b6e-478c-49fc-b502-ad93c73c4c7c,GPS USPSA February 2022,2022-02-27,1,Bay 4: What Is With You People,b84472da-5633-486f-b74a-cf9f8de0528b,JOSE ONIA,50,16.29,24,20.16,Carry Optics,D,A134359,MINOR,Senior,12.0942,9.7757,1.0837,10.15,7,,2,,3,,,,
09165b6e-478c-49fc-b502-ad93c73c4c7c,GPS USPSA February 2022,2022-02-27,1,Bay 4: What Is With You People,b84472da-5633-486f-b74a-cf9f8de0528b,Abrahan Figueroa,51,16.11,10,16.11,Open,C,TY54053,MAJOR,Senior,9.6647,9.6647,1.0714,11.20,6,,3,,3,,,,
09165b6e-478c-49fc-b502-ad93c73c4c7c,GPS USPSA February 2022,2022-02-27,1,Bay 4: What Is With You People,b84472da-5633-486f-b74a-cf9f8de0528b,Matthew Gonzalez,52,14.47,25,17.90,Carry Optics,B,A119810,MINOR,,10.7427,8.6833,0.9626,9.35,6,,3,,3,,,,
09165b6e-478c-49fc-b502-ad93c73c4c7c,GPS USPSA February 2022,2022-02-27,1,Bay 4: What Is With You People,b84472da-5633-486f-b74a-cf9f8de0528b,Rodwick Gates,53,10.32,6,10.93,Limited,U,A135944,MINOR,,6.5597,6.1936,0.6866,16.02,7,,2,,3,,,,
09165b6e-478c-49fc-b502-ad93c73c4c7c,GPS USPSA February 2022,2022-02-27,1,Bay 4: What Is With You People,b84472da-5633-486f-b74a-cf9f8de0528b,Bihan Wang,54,9.43,5,24.95,Production,U,A139731,MINOR,,14.9696,5.6560,0.6270,28.71,6,,2,2,2,,,,
09165b6e-478c-49fc-b502-ad93c73c4c7c,GPS USPSA February 2022,2022-02-27,1,Bay 4: What Is With You People,b84472da-5633-486f-b74a-cf9f8de0528b,Haydn Brown,55,8.87,7,9.39,Limited,U,A62956,MAJOR,,5.6339,5.3195,0.5897,11.87,3,,5,1,3,,,,
09165b6e-478c-49fc-b502-ad93c73c4c7c,GPS USPSA February 2022,2022-02-27,1,Bay 4: What Is With You People,b84472da-5633-486f-b74a-cf9f8de0528b,Antonio Tormis,56,7.55,26,9.34,Carry Optics,B,A124958,MINOR,,5.6024,4.5284,0.5020,9.96,5,,3,1,3,,,,
09165b6e-478c-49fc-b502-ad93c73c4c7c,GPS USPSA February 2022,2022-02-27,1,Bay 4: What Is With You People,b84472da-5633-486f-b74a-cf9f8de0528b,Wei Zhang,57,6.02,8,6.37,Limited,U,,MINOR,,3.8244,3.6110,0.4003,24.98,7,,1,2,2,,,1,
09165b6e-478c-49fc-b502-ad93c73c4c7c,GPS USPSA February 2022,2022-02-27,1,Bay 4: What Is With You People,b84472da-5633-486f-b74a-cf9f8de0528b,CHAN WILLIAM,58,1.45,11,1.45,Open,U,TY97870,MINOR,,0.8723,0.8723,0.0967,10.34,3,,5,1,3,,,,
09165b6e-478c-49fc-b502-ad93c73c4c7c,GPS USPSA February 2022,2022-02-27,1,Bay 4: What Is With You People,b84472da-5633-486f-b74a-cf9f8de0528b,Pat Byrne,59,0.00,2,0.00,Single Stack,B,Fy93921,MAJOR,Super Senior,0.0000,0.0000,,,,,,,,,,,
09165b6e-478c-49fc-b502-ad93c73c4c7c,GPS USPSA February 2022,2022-02-27,1,Bay 4: What Is With You People,b84472da-5633-486f-b74a-cf9f8de0528b,Mike Kahl,60,0.00,27,0.00,Carry Optics,B,TY70984,MINOR,Super Senior,0.0000,0.0000,,,,,,,,,,,
09165b6e-478c-49fc-b502-ad93c73c4c7c,GPS USPSA February 2022,2022-02-27,1,Bay 4: What Is With You People,b84472da-5633-486f-b74a-cf9f8de0528b,Albert Montanez,61,0.00,12,0.00,Open,M,TY101554,MAJOR,,0.0000,0.0000,0.0000,10.40,4,,2,2,4,,,,
09165b6e-478c-49fc-b502-ad93c73c4c7c,GPS USPSA February 2022,2022-02-27,1,Bay 4: What Is With You People,b84472da-5633-486f-b74a-cf9f8de0528b,Cliff Pinsent,62,0.00,28,0.00,Carry Optics,C,TY99321,MINOR,Super Senior,0.0000,0.0000,0.0000,12.96,4,,4,,4,,,,
09165b6e-478c-49fc-b502-ad93c73c4c7c,GPS USPSA February 2022,2022-02-27,1,Bay 4: What Is With You People,b84472da-5633-486f-b74a-cf9f8de0528b,Jonathan Backof,63,0.00,3,0.00,Single Stack,B,A116878,MAJOR,,0.0000,0.0000,0.0000,13.05,5,,2,1,4,,,,
09165b6e-478c-49fc-b502-ad93c73c4c7c,GPS USPSA February 2022,2022-02-27,1,Bay 4: What Is With You People,b84472da-5633-486f-b74a-cf9f8de0528b,Wilbert Abcede,64,0.00,6,0.00,Production,U,0,MINOR,Junior,0.0000,0.0000,0.0000,13.15,3,,4,,5,,,,
09165b6e-478c-49fc-b502-ad93c73c4c7c,GPS USPSA February 2022,2022-02-27,1,Bay 4: What Is With You People,b84472da-5633-486f-b74a-cf9f8de0528b,lin shi,65,0.00,29,0.00,Carry Optics,U,TY138430,MINOR,Junior,0.0000,0.0000,0.0000,13.74,2,,5,2,3,,,1,
09165b6e-478c-49fc-b502-ad93c73c4c7c,GPS USPSA February 2022,2022-02-27,1,Bay 4: What Is With You People,b84472da-5633-486f-b74a-cf9f8de0528b,Max Li,66,0.00,7,0.00,Production,X,0,MINOR,,0.0000,0.0000,0.0000,17.81,4,,2,2,4,,,1,
09165b6e-478c-49fc-b502-ad93c73c4c7c,GPS USPSA February 2022,2022-02-27,1,Bay 4: What Is With You People,b84472da-5633-486f-b74a-cf9f8de0528b,Steve Thai,67,0.00,13,0.00,Open,U,0,MINOR,,0.0000,0.0000,0.0000,17.95,3,,4,1,4,,,,
09165b6e-478c-49fc-b502-ad93c73c4c7c,GPS USPSA February 2022,2022-02-27,1,Bay 4: What Is With You People,b84472da-5633-486f-b74a-cf9f8de0528b,Eric wei,68,0.00,9,0.00,Limited,X,0,MINOR,Junior,0.0000,0.0000,0.0000,23.05,1,,3,,8,,,,
09165b6e-478c-49fc-b502-ad93c73c4c7c,GPS USPSA February 2022,2022-02-27,1,Bay 4: What Is With You People,b84472da-5633-486f-b74a-cf9f8de0528b,Demmie James Soriano,69,0.00,10,0.00,Limited,U,0,MINOR,Senior,0.0000,0.0000,0.0000,41.12,1,,2,1,8,,,2,
09165b6e-478c-49fc-b502-ad93c73c4c7c,GPS USPSA February 2022,2022-02-27,1,Bay 4: What Is With You People,b84472da-5633-486f-b74a-cf9f8de0528b,Vincent Sclider,70,0.00,11,0.00,Limited,U,0,MINOR,,0.0000,0.0000,0.0000,60.97,5,,3,,4,,,,
09165b6e-478c-49fc-b502-ad93c73c4c7c,GPS USPSA February 2022,2022-02-27,2,Bay 5,9ad12956-aa52-4a78-90a5-2d4ce8141b15,Gil Yolo,1,100.00,1,100.00,Open,M,L5228,MAJOR,,125.0000,125.0000,8.7121,13.20,17,,7,1,,,,,
09165b6e-478c-49fc-b502-ad93c73c4c7c,GPS USPSA February 2022,2022-02-27,2,Bay 5,9ad12956-aa52-4a78-90a5-2d4ce8141b15,Vinh Lam,2,86.01,1,100.00,Limited,M,TY101025,MAJOR,,125.0000,107.5157,7.4935,15.48,18,,6,1,,,,,
09165b6e-478c-49fc-b502-ad93c73c4c7c,GPS USPSA February 2022,2022-02-27,2,Bay 5,9ad12956-aa52-4a78-90a5-2d4ce8141b15,Zachary Ralston,3,78.53,1,100.00,Carry Optics,B,A123081,MINOR,,125.0000,98.1566,6.8412,16.81,20,,5,,,,,,
09165b6e-478c-49fc-b502-ad93c73c4c7c,GPS USPSA February 2022,2022-02-27,2,Bay 5,9ad12956-aa52-4a78-90a5-2d4ce8141b15,Lan Nguyen,4,77.37,2,77.37,Open,A,Ty81359,MAJOR,,96.7089,96.7089,6.7403,17.21,16,,9,,,,,,
09165b6e-478c-49fc-b502-ad93c73c4c7c,GPS USPSA February 2022,2022-02-27,2,Bay 5,9ad12956-aa52-4a78-90a5-2d4ce8141b15,Derek Rabuck,5,76.61,1,100.00,PCC,B,Ty91331,MINOR,,125.0000,95.7591,6.6741,17.83,22,,3,,,,,,
09165b6e-478c-49fc-b502-ad93c73c4c7c,GPS USPSA February 2022,2022-02-27,2,Bay 5,9ad12956-aa52-4a78-90a5-2d4ce8141b15,Kevin Bunurai,6,72.62,2,92.48,Carry Optics,M,TY105111,MINOR,,115.6011,90.7760,6.3268,16.28,19,,6,,,,1,,
09165b6e-478c-49fc-b502-ad93c73c4c7c,GPS USPSA February 2022,2022-02-27,2,Bay 5,9ad12956-aa52-4a78-90a5-2d4ce8141b15,Scott Reeh,7,70.12,3,89.29,Carry Optics,A,A91497,MINOR,,111.6178,87.6482,6.1088,19.48,22,,3,,,,,,
09165b6e-478c-49fc-b502-ad93c73c4c7c,GPS USPSA February 2022,2022-02-27,2,Bay 5,9ad12956-aa52-4a78-90a5-2d4ce8141b15,Steven McNamara,8,70.07,3,70.07,Open,B,A75212,MAJOR,Senior,87.5865,87.5865,6.1045,19.33,18,,7,,,,,,
09165b6e-478c-49fc-b502-ad93c73c4c7c,GPS USPSA February 2022,2022-02-27,2,Bay 5,9ad12956-aa52-4a78-90a5-2d4ce8141b15,Matthew Gonzalez,9,69.07,4,87.96,Carry Optics,B,A119810,MINOR,,109.9442,86.3339,6.0172,17.45,18,,4,3,,,,,
09165b6e-478c-49fc-b502-ad93c73c4c7c,GPS USPSA February 2022,2022-02-27,2,Bay 5,9ad12956-aa52-4a78-90a5-2d4ce8141b15,Devin Yolo,10,67.72,5,86.25,Carry Optics,C,A112987,MINOR,,107.8064,84.6552,5.9002,19.83,21,,4,,,,,,
09165b6e-478c-49fc-b502-ad93c73c4c7c,GPS USPSA February 2022,2022-02-27,2,Bay 5,9ad12956-aa52-4a78-90a5-2d4ce8141b15,Khoi Nguyen,11,65.15,4,65.15,Open,A,TY101030,MAJOR,,81.4313,81.4313,5.6755,16.21,16,,8,,1,,1,,
09165b6e-478c-49fc-b502-ad93c73c4c7c,GPS USPSA February 2022,2022-02-27,2,Bay 5,9ad12956-aa52-4a78-90a5-2d4ce8141b15,Jake Mansfield,12,64.37,6,81.97,Carry Optics,B,A101123,MINOR,,102.4674,80.4628,5.6080,19.08,18,,5,2,,,,,
09165b6e-478c-49fc-b502-ad93c73c4c7c,GPS USPSA February 2022,2022-02-27,2,Bay 5,9ad12956-aa52-4a78-90a5-2d4ce8141b15,Henry Wong,13,63.55,7,80.93,Carry Optics,U,0,MINOR,,101.1610,79.4369,5.5365,20.41,19,,6,,,,,,
09165b6e-478c-49fc-b502-ad93c73c4c7c,GPS USPSA February 2022,2022-02-27,2,Bay 5,9ad12956-aa52-4a78-90a5-2d4ce8141b15,Jason Wells,14,63.45,1,100.00,Single Stack,A,L5218,MAJOR,,125.0000,79.3178,5.5282,18.27,17,,6,1,1,,,,
09165b6e-478c-49fc-b502-ad93c73c4c7c,GPS USPSA February 2022,2022-02-27,2,Bay 5,9ad12956-aa52-4a78-90a5-2d4ce8141b15,Arnold Gee,15,63.24,8,80.53,Carry Optics,C,TY103519,MINOR,Senior,100.6676,79.0495,5.5095,20.51,19,,6,,,,,,
09165b6e-478c-49fc-b502-ad93c73c4c7c,GPS USPSA February 2022,2022-02-27,2,Bay 5,9ad12956-aa52-4a78-90a5-2d4ce8141b15,Don Sanders,16,62.69,2,72.89,Limited,A,FY46389,MAJOR,Senior,91.1123,78.3680,5.4620,19.59,15,,6,4,,,,,
09165b6e-478c-49fc-b502-ad93c73c4c7c,GPS USPSA February 2022,2022-02-27,2,Bay 5,9ad12956-aa52-4a78-90a5-2d4ce8141b15,Carlos Escandon,17,61.44,9,78.25,Carry Optics,U,L2590,MINOR,Super Senior,97.8063,76.8027,5.3529,21.11,19,,6,,,,,,
09165b6e-478c-49fc-b502-ad93c73c4c7c,GPS USPSA February 2022,2022-02-27,2,Bay 5,9ad12956-aa52-4a78-90a5-2d4ce8141b15,Doug Joder,18,61.30,2,80.02,PCC,B,A115020,MINOR,,100.0228,76.6248,5.3405,20.41,17,,8,,,,,,
09165b6e-478c-49fc-b502-ad93c73c4c7c,GPS USPSA February 2022,2022-02-27,2,Bay 5,9ad12956-aa52-4a78-90a5-2d4ce8141b15,James Tonkinson,19,60.58,10,77.15,Carry Optics,A,A123944,MINOR,,96.4414,75.7309,5.2782,21.03,18,,7,,,,,,
09165b6e-478c-49fc-b502-ad93c73c4c7c,GPS USPSA February 2022,2022-02-27,2,Bay 5,9ad12956-aa52-4a78-90a5-2d4ce8141b15,Antonio Tormis,20,60.22,11,76.68,Carry Optics,B,A124958,MINOR,,95.8549,75.2703,5.2461,18.49,14,,8,3,,,,,
09165b6e-478c-49fc-b502-ad93c73c4c7c,GPS USPSA February 2022,2022-02-27,2,Bay 5,9ad12956-aa52-4a78-90a5-2d4ce8141b15,Robert Bui,21,59.07,12,75.23,Carry Optics,B,A103016,MINOR,,94.0314,73.8384,5.1463,18.46,14,,7,4,,,,,
09165b6e-478c-49fc-b502-ad93c73c4c7c,GPS USPSA February 2022,2022-02-27,2,Bay 5,9ad12956-aa52-4a78-90a5-2d4ce8141b15,Dale Fike,22,58.76,5,58.76,Open,U,TY113427,MINOR,Senior,73.4539,73.4539,5.1195,20.51,15,,10,,,,,,
09165b6e-478c-49fc-b502-ad93c73c4c7c,GPS USPSA February 2022,2022-02-27,2,Bay 5,9ad12956-aa52-4a78-90a5-2d4ce8141b15,Marlon Poralan,23,58.43,6,58.43,Open,D,TY76330,MAJOR,Law Enforcement,73.0407,73.0407,5.0907,22.59,17,,7,1,,,,,
09165b6e-478c-49fc-b502-ad93c73c4c7c,GPS USPSA February 2022,2022-02-27,2,Bay 5,9ad12956-aa52-4a78-90a5-2d4ce8141b15,Roman Gwiscz,24,58.00,13,73.86,Carry Optics,A,L4670,MINOR,,92.3285,72.5012,5.0531,19.79,19,,5,,1,,,,
09165b6e-478c-49fc-b502-ad93c73c4c7c,GPS USPSA February 2022,2022-02-27,2,Bay 5,9ad12956-aa52-4a78-90a5-2d4ce8141b15,Manny Nerona,25,57.56,14,73.30,Carry Optics,U,A69445,MINOR,,91.6250,71.9488,5.0146,20.54,15,,9,1,,,,,
09165b6e-478c-49fc-b502-ad93c73c4c7c,GPS USPSA February 2022,2022-02-27,2,Bay 5,9ad12956-aa52-4a78-90a5-2d4ce8141b15,JC Reinel Aguinaldo,26,56.97,15,72.54,Carry Optics,U,0,MINOR,Junior,90.6804,71.2070,4.9629,21.56,16,,9,,,,,,
09165b6e-478c-49fc-b502-ad93c73c4c7c,GPS USPSA February 2022,2022-02-27,2,Bay 5,9ad12956-aa52-4a78-90a5-2d4ce8141b15,Mengyu Yue,27,56.57,3,73.85,PCC,A,TY109190,MINOR,,92.3121,70.7177,4.9288,18.26,14,,10,,1,,,,
09165b6e-478c-49fc-b502-ad93c73c4c7c,GPS USPSA February 2022,2022-02-27,2,Bay 5,9ad12956-aa52-4a78-90a5-2d4ce8141b15,Jonathan Backof,28,56.34,2,88.80,Single Stack,B,A116878,MAJOR,,110.9945,70.4308,4.9088,23.02,17,,6,2,,,,,
09165b6e-478c-49fc-b502-ad93c73c4c7c,GPS USPSA February 2022,2022-02-27,2,Bay 5,9ad12956-aa52-4a78-90a5-2d4ce8141b15,Marchoni Aquino,29,55.04,4,71.85,PCC,D,A124540,MINOR,,89.8099,68.8009,4.7952,21.48,15,,9,1,,,,,
09165b6e-478c-49fc-b502-ad93c73c4c7c,GPS USPSA February 2022,2022-02-27,2,Bay 5,9ad12956-aa52-4a78-90a5-2d4ce8141b15,Albert Montanez,30,54.50,7,54.50,Open,M,TY101554,MAJOR,,68.1236,68.1236,4.7480,13.69,15,,3,4,3,,,,
09165b6e-478c-49fc-b502-ad93c73c4c7c,GPS USPSA February 2022,2022-02-27,2,Bay 5,9ad12956-aa52-4a78-90a5-2d4ce8141b15,CHAN WILLIAM,31,53.25,8,53.25,Open,U,TY97870,MINOR,,66.5683,66.5683,4.6396,22.20,15,,9,1,,,,,
09165b6e-478c-49fc-b502-ad93c73c4c7c,GPS USPSA February 2022,2022-02-27,2,Bay 5,9ad12956-aa52-4a78-90a5-2d4ce8141b15,John Brunkhorst,32,50.57,16,64.39,Carry Optics,B,A116144,MINOR,,80.4921,63.2066,4.4053,22.70,19,,5,,1,,,,
09165b6e-478c-49fc-b502-ad93c73c4c7c,GPS USPSA February 2022,2022-02-27,2,Bay 5,9ad12956-aa52-4a78-90a5-2d4ce8141b15,Abrahan Figueroa,33,49.99,9,49.99,Open,C,TY54053,MAJOR,Senior,62.4821,62.4821,4.3548,24.80,14,,8,3,,,,,
09165b6e-478c-49fc-b502-ad93c73c4c7c,GPS USPSA February 2022,2022-02-27,2,Bay 5,9ad12956-aa52-4a78-90a5-2d4ce8141b15,Haydn Brown,34,49.89,3,58.00,Limited,U,A62956,MAJOR,,72.4995,62.3587,4.3462,26.00,17,,6,2,,,,,
09165b6e-478c-49fc-b502-ad93c73c4c7c,GPS USPSA February 2022,2022-02-27,2,Bay 5,9ad12956-aa52-4a78-90a5-2d4ce8141b15,Travis McKenzie,35,48.52,17,61.79,Carry Optics,U,A139201,MINOR,,77.2361,60.6498,4.2271,24.84,16,,8,1,,,,,
09165b6e-478c-49fc-b502-ad93c73c4c7c,GPS USPSA February 2022,2022-02-27,2,Bay 5,9ad12956-aa52-4a78-90a5-2d4ce8141b15,Garrick Gonzalez,36,47.97,18,61.09,Carry Optics,B,A119804,MINOR,,76.3682,59.9683,4.1796,19.38,17,,5,1,2,,,,
09165b6e-478c-49fc-b502-ad93c73c4c7c,GPS USPSA February 2022,2022-02-27,2,Bay 5,9ad12956-aa52-4a78-90a5-2d4ce8141b15,JOSE ONIA,37,46.47,19,59.18,Carry Optics,D,A134359,MINOR,Senior,73.9764,58.0902,4.0487,25.44,17,,5,3,,,,,
09165b6e-478c-49fc-b502-ad93c73c4c7c,GPS USPSA February 2022,2022-02-27,2,Bay 5,9ad12956-aa52-4a78-90a5-2d4ce8141b15,Jack Liu,38,46.34,5,60.50,PCC,C,Ty130790,MINOR,,75.6207,57.9309,4.0376,21.30,12,,12,,1,,,,
09165b6e-478c-49fc-b502-ad93c73c4c7c,GPS USPSA February 2022,2022-02-27,2,Bay 5,9ad12956-aa52-4a78-90a5-2d4ce8141b15,Ian Pre,39,45.48,20,57.92,Carry Optics,U,0,MINOR,,72.3941,56.8477,3.9621,28.52,19,,6,,,,,,
09165b6e-478c-49fc-b502-ad93c73c4c7c,GPS USPSA February 2022,2022-02-27,2,Bay 5,9ad12956-aa52-4a78-90a5-2d4ce8141b15,John Austria,40,44.95,10,44.95,Open,B,FY82746,MAJOR,,56.1905,56.1905,3.9163,26.30,17,,7,,1,,,,
09165b6e-478c-49fc-b502-ad93c73c4c7c,GPS USPSA February 2022,2022-02-27,2,Bay 5,9ad12956-aa52-4a78-90a5-2d4ce8141b15,Jun Wu,41,44.70,6,58.35,PCC,B,TY104927,MINOR,,72.9405,55.8777,3.8945,24.65,17,,7,,1,,,,
09165b6e-478c-49fc-b502-ad93c73c4c7c,GPS USPSA February 2022,2022-02-27,2,Bay 5,9ad12956-aa52-4a78-90a5-2d4ce8141b15,Mike Kahl,42,44.47,21,56.63,Carry Optics,B,TY70984,MINOR,Super Senior,70.7898,55.5879,3.8743,28.65,19,,5,1,,,,,
09165b6e-478c-49fc-b502-ad93c73c4c7c,GPS USPSA February 2022,2022-02-27,2,Bay 5,9ad12956-aa52-4a78-90a5-2d4ce8141b15,Gennady Khokhorin,43,44.43,1,100.00,Production,C,A123884,MINOR,Senior,125.0000,55.5363,3.8707,28.16,18,,6,1,,,,,
09165b6e-478c-49fc-b502-ad93c73c4c7c,GPS USPSA February 2022,2022-02-27,2,Bay 5,9ad12956-aa52-4a78-90a5-2d4ce8141b15,Ramil Villanueva,44,43.72,22,55.68,Carry Optics,D,A110261,MINOR,Junior,69.5967,54.6510,3.8090,17.59,11,,10,2,2,,,,
09165b6e-478c-49fc-b502-ad93c73c4c7c,GPS USPSA February 2022,2022-02-27,2,Bay 5,9ad12956-aa52-4a78-90a5-2d4ce8141b15,Page Brunkhorst,45,43.43,2,97.75,Production,C,L4903,MINOR,Senior,122.1872,54.2866,3.7836,28.28,19,,3,3,,,,,
09165b6e-478c-49fc-b502-ad93c73c4c7c,GPS USPSA February 2022,2022-02-27,2,Bay 5,9ad12956-aa52-4a78-90a5-2d4ce8141b15,Robert Losin,46,41.80,7,54.56,PCC,U,A139237,MINOR,Senior,68.1983,52.2449,3.6413,33.23,23,,2,,,,,,
09165b6e-478c-49fc-b502-ad93c73c4c7c,GPS USPSA February 2022,2022-02-27,2,Bay 5,9ad12956-aa52-4a78-90a5-2d4ce8141b15,Angela Rabuck,47,40.79,4,47.43,Limited,C,Ty91275,MAJOR,Lady,59.2847,50.9923,3.5540,28.70,16,,7,2,,,1,,
09165b6e-478c-49fc-b502-ad93c73c4c7c,GPS USPSA February 2022,2022-02-27,2,Bay 5,9ad12956-aa52-4a78-90a5-2d4ce8141b15,JR Roberts,48,39.60,5,46.04,Limited,C,TY102739,MAJOR,,57.5549,49.5044,3.4503,33.91,19,,5,1,,,,,
09165b6e-478c-49fc-b502-ad93c73c4c7c,GPS USPSA February 2022,2022-02-27,2,Bay 5,9ad12956-aa52-4a78-90a5-2d4ce8141b15,Mike Whitesides,49,38.91,11,38.91,Open,A,TY81358,MAJOR,,48.6364,48.6364,3.3898,17.11,12,,9,1,3,,,1,
09165b6e-478c-49fc-b502-ad93c73c4c7c,GPS USPSA February 2022,2022-02-27,2,Bay 5,9ad12956-aa52-4a78-90a5-2d4ce8141b15,Cliff Pinsent,50,38.12,23,48.54,Carry Optics,C,TY99321,MINOR,Super Senior,60.6783,47.6478,3.3209,29.51,18,,6,,1,,,,
09165b6e-478c-49fc-b502-ad93c73c4c7c,GPS USPSA February 2022,2022-02-27,2,Bay 5,9ad12956-aa52-4a78-90a5-2d4ce8141b15,Wei Zhang,51,37.28,6,43.35,Limited,U,,MINOR,,54.1820,46.6033,3.2481,34.79,20,,4,1,,,,,
09165b6e-478c-49fc-b502-ad93c73c4c7c,GPS USPSA February 2022,2022-02-27,2,Bay 5,9ad12956-aa52-4a78-90a5-2d4ce8141b15,Edsel Esquivel,52,36.83,24,46.90,Carry Optics,U,A137879,MINOR,Junior,58.6228,46.0337,3.2084,33.35,18,,5,2,,,,,
09165b6e-478c-49fc-b502-ad93c73c4c7c,GPS USPSA February 2022,2022-02-27,2,Bay 5,9ad12956-aa52-4a78-90a5-2d4ce8141b15,Jimmy Durham,53,34.55,12,34.55,Open,C,TY135611,MAJOR,,43.1856,43.1856,3.0099,28.24,13,,10,,2,,,,
09165b6e-478c-49fc-b502-ad93c73c4c7c,GPS USPSA February 2022,2022-02-27,2,Bay 5,9ad12956-aa52-4a78-90a5-2d4ce8141b15,Khoa Nguyen,54,34.40,3,77.44,Production,A,A117224,MINOR,Law Enforcement,96.7945,43.0048,2.9973,29.36,14,,9,1,1,,,,
09165b6e-478c-49fc-b502-ad93c73c4c7c,GPS USPSA February 2022,2022-02-27,2,Bay 5,9ad12956-aa52-4a78-90a5-2d4ce8141b15,Vincent Sclider,55,33.08,7,38.46,Limited,U,0,MINOR,,48.0783,41.3534,2.8822,39.90,20,,5,,,,,,
09165b6e-478c-49fc-b502-ad93c73c4c7c,GPS USPSA February 2022,2022-02-27,2,Bay 5,9ad12956-aa52-4a78-90a5-2d4ce8141b15,Parish Saculles,56,32.73,8,38.05,Limited,U,0,MINOR,,47.5612,40.9086,2.8512,23.85,9,,9,6,1,,,,
09165b6e-478c-49fc-b502-ad93c73c4c7c,GPS USPSA February 2022,2022-02-27,2,Bay 5,9ad12956-aa52-4a78-90a5-2d4ce8141b15,John Christian (JC) Onia,57,31.77,25,40.46,Carry Optics,U,0,MINOR,Junior,50.5796,39.7177,2.7682,26.01,14,,6,4,1,,1,,
09165b6e-478c-49fc-b502-ad93c73c4c7c,GPS USPSA February 2022,2022-02-27,2,Bay 5,9ad12956-aa52-4a78-90a5-2d4ce8141b15,Drew Yang,58,31.50,4,70.90,Production,U,A138478,MINOR,,88.6209,39.3734,2.7442,30.61,16,,8,,1,,1,,
09165b6e-478c-49fc-b502-ad93c73c4c7c,GPS USPSA February 2022,2022-02-27,2,Bay 5,9ad12956-aa52-4a78-90a5-2d4ce8141b15,Monie Perry,59,30.30,26,38.59,Carry Optics,X,0,MINOR,Military,48.2390,37.8798,2.6401,27.65,17,,6,,2,,,1,
09165b6e-478c-49fc-b502-ad93c73c4c7c,GPS USPSA February 2022,2022-02-27,2,Bay 5,9ad12956-aa52-4a78-90a5-2d4ce8141b15,Rodwick Gates,60,29.10,9,33.83,Limited,U,A135944,MINOR,,42.2917,36.3761,2.5353,34.71,15,,7,2,1,,,,
09165b6e-478c-49fc-b502-ad93c73c4c7c,GPS USPSA February 2022,2022-02-27,2,Bay 5,9ad12956-aa52-4a78-90a5-2d4ce8141b15,Lawrence Fu,61,28.23,27,35.94,Carry Optics,U,0,MINOR,,44.9300,35.2814,2.4590,30.50,15,,6,2,2,,,,
09165b6e-478c-49fc-b502-ad93c73c4c7c,GPS USPSA February 2022,2022-02-27,2,Bay 5,9ad12956-aa52-4a78-90a5-2d4ce8141b15,Albert Culanag,62,25.68,28,32.70,Carry Optics,U,A137938,MINOR,,40.8792,32.1005,2.2373,33.97,9,,13,2,1,,,,
09165b6e-478c-49fc-b502-ad93c73c4c7c,GPS USPSA February 2022,2022-02-27,2,Bay 5,9ad12956-aa52-4a78-90a5-2d4ce8141b15,Bihan Wang,63,25.25,5,56.83,Production,U,A139731,MINOR,,71.0401,31.5624,2.1998,44.55,20,,2,2,1,,,,
09165b6e-478c-49fc-b502-ad93c73c4c7c,GPS USPSA February 2022,2022-02-27,2,Bay 5,9ad12956-aa52-4a78-90a5-2d4ce8141b15,Wilbert Abcede,64,23.47,6,52.82,Production,U,0,MINOR,Junior,66.0216,29.3328,2.0444,28.37,13,,7,2,3,,,,
09165b6e-478c-49fc-b502-ad93c73c4c7c,GPS USPSA February 2022,2022-02-27,2,Bay 5,9ad12956-aa52-4a78-90a5-2d4ce8141b15,Demmie James Soriano,65,18.82,10,21.88,Limited,U,0,MINOR,Senior,27.3454,23.5204,1.6393,29.28,14,,5,3,3,,1,,
09165b6e-478c-49fc-b502-ad93c73c4c7c,GPS USPSA February 2022,2022-02-27,2,Bay 5,9ad12956-aa52-4a78-90a5-2d4ce8141b15,Max Li,66,15.75,7,35.46,Production,X,0,MINOR,,44.3201,19.6910,1.3724,43.72,14,,6,2,3,,,,
09165b6e-478c-49fc-b502-ad93c73c4c7c,GPS USPSA February 2022,2022-02-27,2,Bay 5,9ad12956-aa52-4a78-90a5-2d4ce8141b15,Steve Thai,67,15.52,13,15.52,Open,U,0,MINOR,,19.3969,19.3969,1.3519,52.52,16,,7,,2,,1,,
09165b6e-478c-49fc-b502-ad93c73c4c7c,GPS USPSA February 2022,2022-02-27,2,Bay 5,9ad12956-aa52-4a78-90a5-2d4ce8141b15,lin shi,68,14.77,29,18.81,Carry Optics,U,TY138430,MINOR,Junior,23.5174,18.4671,1.2871,25.64,9,,8,4,4,,,,
09165b6e-478c-49fc-b502-ad93c73c4c7c,GPS USPSA February 2022,2022-02-27,2,Bay 5,9ad12956-aa52-4a78-90a5-2d4ce8141b15,Eric wei,69,2.84,11,3.30,Limited,X,0,MINOR,Junior,4.1302,3.5525,0.2476,48.47,7,,7,6,5,,,,
09165b6e-478c-49fc-b502-ad93c73c4c7c,GPS USPSA February 2022,2022-02-27,2,Bay 5,9ad12956-aa52-4a78-90a5-2d4ce8141b15,Pat Byrne,70,0.00,3,0.00,Single Stack,B,Fy93921,MAJOR,Super Senior,0.0000,0.0000,,,,,,,,,,,
09165b6e-478c-49fc-b502-ad93c73c4c7c,GPS USPSA February 2022,2022-02-27,3,Bay 6,8fe2792b-c06a-4e40-9fce-8501690a6737,Gil Yolo,1,100.00,1,100.00,Open,M,L5228,MAJOR,,130.0000,130.0000,11.2558,10.75,19,,6,1,,,,,
09165b6e-478c-49fc-b502-ad93c73c4c7c,GPS USPSA February 2022,2022-02-27,3,Bay 6,8fe2792b-c06a-4e40-9fce-8501690a6737,Mike Whitesides,2,79.53,2,79.53,Open,A,TY81358,MAJOR,,103.3920,103.3920,8.9520,13.74,21,,4,1,,,,,
09165b6e-478c-49fc-b502-ad93c73c4c7c,GPS USPSA February 2022,2022-02-27,3,Bay 6,8fe2792b-c06a-4e40-9fce-8501690a6737,Albert Montanez,3,77.07,3,77.07,Open,M,TY101554,MAJOR,,100.1916,100.1916,8.6749,14.64,23,,3,,,,,,
09165b6e-478c-49fc-b502-ad93c73c4c7c,GPS USPSA February 2022,2022-02-27,3,Bay 6,8fe2792b-c06a-4e40-9fce-8501690a6737,Vinh Lam,4,75.80,1,100.00,Limited,M,TY101025,MAJOR,,130.0000,98.5354,8.5315,14.30,20,,5,1,,,,,
09165b6e-478c-49fc-b502-ad93c73c4c7c,GPS USPSA February 2022,2022-02-27,3,Bay 6,8fe2792b-c06a-4e40-9fce-8501690a6737,Kevin Bunurai,5,72.13,1,100.00,Carry Optics,M,TY105111,MINOR,,130.0000,93.7666,8.1186,15.52,24,,2,,,,,,
09165b6e-478c-49fc-b502-ad93c73c4c7c,GPS USPSA February 2022,2022-02-27,3,Bay 6,8fe2792b-c06a-4e40-9fce-8501690a6737,Devin Yolo,6,67.94,2,94.20,Carry Optics,C,A112987,MINOR,,122.4549,88.3244,7.6474,15.43,21,,4,1,,,,,
09165b6e-478c-49fc-b502-ad93c73c4c7c,GPS USPSA February 2022,2022-02-27,3,Bay 6,8fe2792b-c06a-4e40-9fce-8501690a6737,Steven McNamara,7,66.04,4,66.04,Open,B,A75212,MAJOR,Senior,85.8505,85.8505,7.4332,17.22,24,,2,,,,,,
09165b6e-478c-49fc-b502-ad93c73c4c7c,GPS USPSA February 2022,2022-02-27,3,Bay 6,8fe2792b-c06a-4e40-9fce-8501690a6737,Khoi Nguyen,8,65.81,5,65.81,Open,A,TY101030,MAJOR,,85.5525,85.5525,7.4074,16.47,20,,5,1,,,,,
09165b6e-478c-49fc-b502-ad93c73c4c7c,GPS USPSA February 2022,2022-02-27,3,Bay 6,8fe2792b-c06a-4e40-9fce-8501690a6737,Mengyu Yue,9,64.98,1,100.00,PCC,A,TY109190,MINOR,,130.0000,84.4715,7.3138,15.04,18,,6,2,,,,,
09165b6e-478c-49fc-b502-ad93c73c4c7c,GPS USPSA February 2022,2022-02-27,3,Bay 6,8fe2792b-c06a-4e40-9fce-8501690a6737,CHAN WILLIAM,10,62.48,6,62.48,Open,U,TY97870,MINOR,,81.2249,81.2249,7.0327,16.21,19,,6,1,,,,,
09165b6e-478c-49fc-b502-ad93c73c4c7c,GPS USPSA February 2022,2022-02-27,3,Bay 6,8fe2792b-c06a-4e40-9fce-8501690a6737,Scott Reeh,11,61.77,3,85.64,Carry Optics,A,A91497,MINOR,,111.3309,80.3009,6.9527,18.41,25,,1,,,,,,
09165b6e-478c-49fc-b502-ad93c73c4c7c,GPS USPSA February 2022,2022-02-27,3,Bay 6,8fe2792b-c06a-4e40-9fce-8501690a6737,Derek Rabuck,12,61.71,2,94.97,PCC,B,Ty91331,MINOR,,123.4625,80.2235,6.9460,18.14,24,,2,,,,,,
09165b6e-478c-49fc-b502-ad93c73c4c7c,GPS USPSA February 2022,2022-02-27,3,Bay 6,8fe2792b-c06a-4e40-9fce-8501690a6737,Marlon Poralan,13,61.56,7,61.56,Open,D,TY76330,MAJOR,Law Enforcement,80.0341,80.0341,6.9296,17.75,19,,7,,,,,,
09165b6e-478c-49fc-b502-ad93c73c4c7c,GPS USPSA February 2022,2022-02-27,3,Bay 6,8fe2792b-c06a-4e40-9fce-8501690a6737,Lan Nguyen,14,60.56,8,60.56,Open,A,Ty81359,MAJOR,,78.7313,78.7313,6.8168,16.43,22,,3,,1,,,,
09165b6e-478c-49fc-b502-ad93c73c4c7c,GPS USPSA February 2022,2022-02-27,3,Bay 6,8fe2792b-c06a-4e40-9fce-8501690a6737,Don Sanders,15,60.11,2,79.30,Limited,A,FY46389,MAJOR,Senior,103.0934,78.1411,6.7657,18.18,21,,4,1,,,,,
09165b6e-478c-49fc-b502-ad93c73c4c7c,GPS USPSA February 2022,2022-02-27,3,Bay 6,8fe2792b-c06a-4e40-9fce-8501690a6737,Zachary Ralston,16,59.55,4,82.56,Carry Optics,B,A123081,MINOR,,107.3277,77.4135,6.7027,18.50,23,,3,,,,,,
09165b6e-478c-49fc-b502-ad93c73c4c7c,GPS USPSA February 2022,2022-02-27,3,Bay 6,8fe2792b-c06a-4e40-9fce-8501690a6737,Roman Gwiscz,17,58.93,5,81.71,Carry Optics,A,L4670,MINOR,,106.2197,76.6143,6.6335,18.09,22,,3,1,,,,,
09165b6e-478c-49fc-b502-ad93c73c4c7c,GPS USPSA February 2022,2022-02-27,3,Bay 6,8fe2792b-c06a-4e40-9fce-8501690a6737,Matthew Gonzalez,18,58.78,6,81.50,Carry Optics,B,A119810,MINOR,,105.9459,76.4168,6.6164,17.23,19,,6,1,,,,,
09165b6e-478c-49fc-b502-ad93c73c4c7c,GPS USPSA February 2022,2022-02-27,3,Bay 6,8fe2792b-c06a-4e40-9fce-8501690a6737,Antonio Tormis,19,58.78,7,81.50,Carry Optics,B,A124958,MINOR,,105.9459,76.4168,6.6164,17.23,19,,6,1,,,,,
09165b6e-478c-49fc-b502-ad93c73c4c7c,GPS USPSA February 2022,2022-02-27,3,Bay 6,8fe2792b-c06a-4e40-9fce-8501690a6737,Henry Wong,20,57.68,8,79.97,Carry Optics,U,0,MINOR,,103.9555,74.9812,6.4921,19.10,23,,3,,,,,,
09165b6e-478c-49fc-b502-ad93c73c4c7c,GPS USPSA February 2022,2022-02-27,3,Bay 6,8fe2792b-c06a-4e40-9fce-8501690a6737,John Brunkhorst,21,57.44,9,79.63,Carry Optics,B,A116144,MINOR,,103.5199,74.6670,6.4649,19.49,24,,2,,,,,,
09165b6e-478c-49fc-b502-ad93c73c4c7c,GPS USPSA February 2022,2022-02-27,3,Bay 6,8fe2792b-c06a-4e40-9fce-8501690a6737,Jun Wu,22,56.09,3,86.32,PCC,B,TY104927,MINOR,,112.2218,72.9196,6.3136,19.64,23,,3,,,,,,
09165b6e-478c-49fc-b502-ad93c73c4c7c,GPS USPSA February 2022,2022-02-27,3,Bay 6,8fe2792b-c06a-4e40-9fce-8501690a6737,Doug Joder,23,55.78,4,85.85,PCC,B,A115020,MINOR,,111.6068,72.5199,6.2790,19.43,22,,4,,,,,,
09165b6e-478c-49fc-b502-ad93c73c4c7c,GPS USPSA February 2022,2022-02-27,3,Bay 6,8fe2792b-c06a-4e40-9fce-8501690a6737,James Tonkinson,24,54.70,10,75.83,Carry Optics,A,A123944,MINOR,,98.5817,71.1051,6.1565,17.38,22,,2,1,1,,,,
09165b6e-478c-49fc-b502-ad93c73c4c7c,GPS USPSA February 2022,2022-02-27,3,Bay 6,8fe2792b-c06a-4e40-9fce-8501690a6737,Garrick Gonzalez,25,54.42,11,75.45,Carry Optics,B,A119804,MINOR,,98.0885,70.7494,6.1257,18.61,19,,6,1,,,,,
09165b6e-478c-49fc-b502-ad93c73c4c7c,GPS USPSA February 2022,2022-02-27,3,Bay 6,8fe2792b-c06a-4e40-9fce-8501690a6737,Arnold Gee,26,54.05,12,74.94,Carry Optics,C,TY103519,MINOR,Senior,97.4159,70.2643,6.0837,18.41,17,,9,,,,,,
09165b6e-478c-49fc-b502-ad93c73c4c7c,GPS USPSA February 2022,2022-02-27,3,Bay 6,8fe2792b-c06a-4e40-9fce-8501690a6737,Robert Bui,27,54.04,13,74.93,Carry Optics,B,A103016,MINOR,,97.4047,70.2562,6.0830,17.59,21,,4,,1,,,,
09165b6e-478c-49fc-b502-ad93c73c4c7c,GPS USPSA February 2022,2022-02-27,3,Bay 6,8fe2792b-c06a-4e40-9fce-8501690a6737,Manny Nerona,28,52.63,14,72.96,Carry Optics,U,A69445,MINOR,,94.8539,68.4164,5.9237,19.92,20,,6,,,,,,
09165b6e-478c-49fc-b502-ad93c73c4c7c,GPS USPSA February 2022,2022-02-27,3,Bay 6,8fe2792b-c06a-4e40-9fce-8501690a6737,Dale Fike,29,52.01,9,52.01,Open,U,TY113427,MINOR,Senior,67.6079,67.6079,5.8537,20.50,21,,5,,,,,,
09165b6e-478c-49fc-b502-ad93c73c4c7c,GPS USPSA February 2022,2022-02-27,3,Bay 6,8fe2792b-c06a-4e40-9fce-8501690a6737,Travis McKenzie,30,51.76,15,71.76,Carry Optics,U,A139201,MINOR,,93.2911,67.2891,5.8261,21.97,25,,1,,,,,,
09165b6e-478c-49fc-b502-ad93c73c4c7c,GPS USPSA February 2022,2022-02-27,3,Bay 6,8fe2792b-c06a-4e40-9fce-8501690a6737,Haydn Brown,31,51.67,3,68.17,Limited,U,A62956,MAJOR,,88.6161,67.1679,5.8156,21.15,21,,4,1,,,,,
09165b6e-478c-49fc-b502-ad93c73c4c7c,GPS USPSA February 2022,2022-02-27,3,Bay 6,8fe2792b-c06a-4e40-9fce-8501690a6737,Jake Mansfield,32,51.03,16,70.75,Carry Optics,B,A101123,MINOR,,91.9748,66.3398,5.7439,21.24,22,,4,,,,,,
09165b6e-478c-49fc-b502-ad93c73c4c7c,GPS USPSA February 2022,2022-02-27,3,Bay 6,8fe2792b-c06a-4e40-9fce-8501690a6737,Jack Liu,33,51.00,5,78.48,PCC,C,Ty130790,MINOR,,102.0299,66.2970,5.7402,19.86,18,,8,,,,,,
09165b6e-478c-49fc-b502-ad93c73c4c7c,GPS USPSA February 2022,2022-02-27,3,Bay 6,8fe2792b-c06a-4e40-9fce-8501690a6737,JC Reinel Aguinaldo,34,48.95,17,67.87,Carry Optics,U,0,MINOR,Junior,88.2311,63.6395,5.5101,23.23,25,,1,,,,,,
09165b6e-478c-49fc-b502-ad93c73c4c7c,GPS USPSA February 2022,2022-02-27,3,Bay 6,8fe2792b-c06a-4e40-9fce-8501690a6737,Khoa Nguyen,35,48.43,1,100.00,Production,A,A117224,MINOR,Law Enforcement,130.0000,62.9557,5.4509,20.18,16,,10,,,,,,
09165b6e-478c-49fc-b502-ad93c73c4c7c,GPS USPSA February 2022,2022-02-27,3,Bay 6,8fe2792b-c06a-4e40-9fce-8501690a6737,Gennady Khokhorin,36,46.27,2,95.55,Production,C,A123884,MINOR,Senior,124.2142,60.1538,5.2083,23.04,22,,3,1,,,,,
09165b6e-478c-49fc-b502-ad93c73c4c7c,GPS USPSA February 2022,2022-02-27,3,Bay 6,8fe2792b-c06a-4e40-9fce-8501690a6737,Ian Pre,37,45.94,18,63.69,Carry Optics,U,0,MINOR,,82.7996,59.7218,5.1709,22.82,20,,6,,,,,,
09165b6e-478c-49fc-b502-ad93c73c4c7c,GPS USPSA February 2022,2022-02-27,3,Bay 6,8fe2792b-c06a-4e40-9fce-8501690a6737,Jason Wells,38,45.67,1,100.00,Single Stack,A,L5218,MAJOR,,130.0000,59.3696,5.1404,18.87,21,,3,,2,,,,
09165b6e-478c-49fc-b502-ad93c73c4c7c,GPS USPSA February 2022,2022-02-27,3,Bay 6,8fe2792b-c06a-4e40-9fce-8501690a6737,Edsel Esquivel,39,45.56,19,63.17,Carry Optics,U,A137879,MINOR,Junior,82.1159,59.2287,5.1282,23.79,22,,4,,,,,,
09165b6e-478c-49fc-b502-ad93c73c4c7c,GPS USPSA February 2022,2022-02-27,3,Bay 6,8fe2792b-c06a-4e40-9fce-8501690a6737,Marchoni Aquino,40,45.37,6,69.82,PCC,D,A124540,MINOR,,90.7714,58.9815,5.1068,21.54,18,,6,2,,,,,
09165b6e-478c-49fc-b502-ad93c73c4c7c,GPS USPSA February 2022,2022-02-27,3,Bay 6,8fe2792b-c06a-4e40-9fce-8501690a6737,Carlos Escandon,41,44.58,20,61.80,Carry Optics,U,L2590,MINOR,Super Senior,80.3401,57.9478,5.0173,23.12,19,,7,,,,,,
09165b6e-478c-49fc-b502-ad93c73c4c7c,GPS USPSA February 2022,2022-02-27,3,Bay 6,8fe2792b-c06a-4e40-9fce-8501690a6737,Monie Perry,42,43.95,21,60.93,Carry Optics,X,0,MINOR,Military,79.2144,57.1359,4.9470,25.47,24,,2,,,,,,
09165b6e-478c-49fc-b502-ad93c73c4c7c,GPS USPSA February 2022,2022-02-27,3,Bay 6,8fe2792b-c06a-4e40-9fce-8501690a6737,Jonathan Backof,43,43.70,2,95.69,Single Stack,B,A116878,MAJOR,,124.3932,56.8090,4.9187,25.21,20,,6,,,,,,
09165b6e-478c-49fc-b502-ad93c73c4c7c,GPS USPSA February 2022,2022-02-27,3,Bay 6,8fe2792b-c06a-4e40-9fce-8501690a6737,Angela Rabuck,44,40.74,4,53.75,Limited,C,Ty91275,MAJOR,Lady,69.8722,52.9607,4.5855,27.26,21,,5,,,,,,
09165b6e-478c-49fc-b502-ad93c73c4c7c,GPS USPSA February 2022,2022-02-27,3,Bay 6,8fe2792b-c06a-4e40-9fce-8501690a6737,Jimmy Durham,45,39.50,10,39.50,Open,C,TY135611,MAJOR,,51.3507,51.3507,4.4461,26.54,18,,6,2,,,,,
09165b6e-478c-49fc-b502-ad93c73c4c7c,GPS USPSA February 2022,2022-02-27,3,Bay 6,8fe2792b-c06a-4e40-9fce-8501690a6737,Rodwick Gates,46,38.13,5,50.31,Limited,U,A135944,MINOR,,65.3969,49.5686,4.2918,25.63,20,,2,4,,,,,
09165b6e-478c-49fc-b502-ad93c73c4c7c,GPS USPSA February 2022,2022-02-27,3,Bay 6,8fe2792b-c06a-4e40-9fce-8501690a6737,Drew Yang,47,37.71,3,77.88,Production,U,A138478,MINOR,,101.2425,49.0292,4.2451,29.21,24,,1,1,,,,,
09165b6e-478c-49fc-b502-ad93c73c4c7c,GPS USPSA February 2022,2022-02-27,3,Bay 6,8fe2792b-c06a-4e40-9fce-8501690a6737,Robert Losin,48,37.38,7,57.52,PCC,U,A139237,MINOR,Senior,74.7778,48.5892,4.2070,29.95,24,,2,,,,,,
09165b6e-478c-49fc-b502-ad93c73c4c7c,GPS USPSA February 2022,2022-02-27,3,Bay 6,8fe2792b-c06a-4e40-9fce-8501690a6737,JOSE ONIA,49,37.15,22,51.51,Carry Optics,D,A134359,MINOR,Senior,66.9631,48.2993,4.1819,24.63,19,,6,,1,,,,
09165b6e-478c-49fc-b502-ad93c73c4c7c,GPS USPSA February 2022,2022-02-27,3,Bay 6,8fe2792b-c06a-4e40-9fce-8501690a6737,Cliff Pinsent,50,36.18,23,50.17,Carry Optics,C,TY99321,MINOR,Super Senior,65.2178,47.0404,4.0729,27.99,18,,8,,,,,,
09165b6e-478c-49fc-b502-ad93c73c4c7c,GPS USPSA February 2022,2022-02-27,3,Bay 6,8fe2792b-c06a-4e40-9fce-8501690a6737,Ramil Villanueva,51,35.70,24,49.50,Carry Optics,D,A110261,MINOR,Junior,64.3467,46.4121,4.0185,21.65,13,,10,2,1,,,,
09165b6e-478c-49fc-b502-ad93c73c4c7c,GPS USPSA February 2022,2022-02-27,3,Bay 6,8fe2792b-c06a-4e40-9fce-8501690a6737,Albert Culanag,52,34.43,25,47.73,Carry Optics,U,A137938,MINOR,,62.0553,44.7593,3.8754,28.90,17,,9,,,,,,
09165b6e-478c-49fc-b502-ad93c73c4c7c,GPS USPSA February 2022,2022-02-27,3,Bay 6,8fe2792b-c06a-4e40-9fce-8501690a6737,Demmie James Soriano,53,33.48,6,44.17,Limited,U,0,MINOR,Senior,57.4216,43.5235,3.7684,29.19,17,,8,1,,,,,
09165b6e-478c-49fc-b502-ad93c73c4c7c,GPS USPSA February 2022,2022-02-27,3,Bay 6,8fe2792b-c06a-4e40-9fce-8501690a6737,JR Roberts,54,33.01,7,43.55,Limited,C,TY102739,MAJOR,,56.6201,42.9160,3.7158,33.64,21,,5,,,,,,
09165b6e-478c-49fc-b502-ad93c73c4c7c,GPS USPSA February 2022,2022-02-27,3,Bay 6,8fe2792b-c06a-4e40-9fce-8501690a6737,Mike Kahl,55,31.42,26,43.56,Carry Optics,B,TY70984,MINOR,Super Senior,56.6286,40.8452,3.5365,36.76,26,,,,,,,,
09165b6e-478c-49fc-b502-ad93c73c4c7c,GPS USPSA February 2022,2022-02-27,3,Bay 6,8fe2792b-c06a-4e40-9fce-8501690a6737,Page Brunkhorst,56,30.17,4,62.30,Production,C,L4903,MINOR,Senior,80.9850,39.2190,3.3957,31.51,21,,4,,1,,,,
09165b6e-478c-49fc-b502-ad93c73c4c7c,GPS USPSA February 2022,2022-02-27,3,Bay 6,8fe2792b-c06a-4e40-9fce-8501690a6737,lin shi,57,29.64,27,41.09,Carry Optics,U,TY138430,MINOR,Junior,53.4213,38.5318,3.3362,34.77,20,,5,1,,,,,
09165b6e-478c-49fc-b502-ad93c73c4c7c,GPS USPSA February 2022,2022-02-27,3,Bay 6,8fe2792b-c06a-4e40-9fce-8501690a6737,John Austria,58,28.33,11,28.33,Open,B,FY82746,MAJOR,,36.8236,36.8236,3.1883,39.52,22,,4,,,,,,
09165b6e-478c-49fc-b502-ad93c73c4c7c,GPS USPSA February 2022,2022-02-27,3,Bay 6,8fe2792b-c06a-4e40-9fce-8501690a6737,Lawrence Fu,59,27.88,28,38.66,Carry Optics,U,0,MINOR,,50.2524,36.2461,3.1383,37.60,21,,4,1,,,,,
09165b6e-478c-49fc-b502-ad93c73c4c7c,GPS USPSA February 2022,2022-02-27,3,Bay 6,8fe2792b-c06a-4e40-9fce-8501690a6737,Wei Zhang,60,27.63,8,36.46,Limited,U,,MINOR,,47.3967,35.9250,3.1105,36.65,19,,6,1,,,,,
09165b6e-478c-49fc-b502-ad93c73c4c7c,GPS USPSA February 2022,2022-02-27,3,Bay 6,8fe2792b-c06a-4e40-9fce-8501690a6737,Parish Saculles,61,23.13,9,30.51,Limited,U,0,MINOR,,39.6682,30.0671,2.6033,24.20,14,,7,2,3,,,,
09165b6e-478c-49fc-b502-ad93c73c4c7c,GPS USPSA February 2022,2022-02-27,3,Bay 6,8fe2792b-c06a-4e40-9fce-8501690a6737,Abrahan Figueroa,62,22.47,12,22.47,Open,C,TY54053,MAJOR,Senior,29.2136,29.2136,2.5294,45.07,16,,7,3,,,,,
09165b6e-478c-49fc-b502-ad93c73c4c7c,GPS USPSA February 2022,2022-02-27,3,Bay 6,8fe2792b-c06a-4e40-9fce-8501690a6737,Steve Thai,63,22.25,13,22.25,Open,U,0,MINOR,,28.9225,28.9225,2.5042,41.93,22,,1,2,1,,,,
09165b6e-478c-49fc-b502-ad93c73c4c7c,GPS USPSA February 2022,2022-02-27,3,Bay 6,8fe2792b-c06a-4e40-9fce-8501690a6737,John Christian (JC) Onia,64,21.33,29,29.57,Carry Optics,U,0,MINOR,Junior,38.4367,27.7237,2.4004,36.66,18,,6,,2,,,,
09165b6e-478c-49fc-b502-ad93c73c4c7c,GPS USPSA February 2022,2022-02-27,3,Bay 6,8fe2792b-c06a-4e40-9fce-8501690a6737,Bihan Wang,65,21.13,5,43.63,Production,U,A139731,MINOR,,56.7183,27.4673,2.3782,43.31,20,,4,1,1,,,,
09165b6e-478c-49fc-b502-ad93c73c4c7c,GPS USPSA February 2022,2022-02-27,3,Bay 6,8fe2792b-c06a-4e40-9fce-8501690a6737,Wilbert Abcede,66,19.42,6,40.09,Production,U,0,MINOR,Junior,52.1226,25.2417,2.1855,35.69,14,,9,1,2,,,,
09165b6e-478c-49fc-b502-ad93c73c4c7c,GPS USPSA February 2022,2022-02-27,3,Bay 6,8fe2792b-c06a-4e40-9fce-8501690a6737,Vincent Sclider,67,17.77,10,23.45,Limited,U,0,MINOR,,30.4844,23.1061,2.0006,61.98,23,,3,,,,,,
09165b6e-478c-49fc-b502-ad93c73c4c7c,GPS USPSA February 2022,2022-02-27,3,Bay 6,8fe2792b-c06a-4e40-9fce-8501690a6737,Eric wei,68,13.10,11,17.29,Limited,X,0,MINOR,Junior,22.4710,17.0322,1.4747,46.11,12,,8,4,2,,,,
09165b6e-478c-49fc-b502-ad93c73c4c7c,GPS USPSA February 2022,2022-02-27,3,Bay 6,8fe2792b-c06a-4e40-9fce-8501690a6737,Max Li,69,12.02,7,24.82,Production,X,0,MINOR,,32.2633,15.6243,1.3528,36.96,14,,6,2,4,,,,
09165b6e-478c-49fc-b502-ad93c73c4c7c,GPS USPSA February 2022,2022-02-27,3,Bay 6,8fe2792b-c06a-4e40-9fce-8501690a6737,Pat Byrne,70,0.00,3,0.00,Single Stack,B,Fy93921,MAJOR,Super Senior,0.0000,0.0000,,,,,,,,,,,
09165b6e-478c-49fc-b502-ad93c73c4c7c,GPS USPSA February 2022,2022-02-27,4,Bay 7,01daef35-eed0-48e0-b885-0d9f57a9c557,Antonio Tormis,1,100.00,1,100.00,Carry Optics,B,A124958,MINOR,,110.0000,110.0000,9.2105,10.64,16,,6,,,,,,
09165b6e-478c-49fc-b502-ad93c73c4c7c,GPS USPSA February 2022,2022-02-27,4,Bay 7,01daef35-eed0-48e0-b885-0d9f57a9c557,Vinh Lam,2,99.47,1,100.00,Limited,M,TY101025,MAJOR,,110.0000,109.4160,9.1616,11.57,20,,1,1,,,,,
09165b6e-478c-49fc-b502-ad93c73c4c7c,GPS USPSA February 2022,2022-02-27,4,Bay 7,01daef35-eed0-48e0-b885-0d9f57a9c557,Zachary Ralston,3,97.61,2,97.61,Carry Optics,B,A123081,MINOR,,107.3750,107.3750,8.9907,11.79,20,,2,,,,,,
09165b6e-478c-49fc-b502-ad93c73c4c7c,GPS USPSA February 2022,2022-02-27,4,Bay 7,01daef35-eed0-48e0-b885-0d9f57a9c557,Gil Yolo,4,92.73,1,100.00,Open,M,L5228,MAJOR,,110.0000,101.9995,8.5406,12.06,15,,7,,,,,,
09165b6e-478c-49fc-b502-ad93c73c4c7c,GPS USPSA February 2022,2022-02-27,4,Bay 7,01daef35-eed0-48e0-b885-0d9f57a9c557,JOSE ONIA,5,92.08,3,92.08,Carry Optics,D,A134359,MINOR,Senior,101.2889,101.2889,8.4811,12.97,22,,,,,,,,
09165b6e-478c-49fc-b502-ad93c73c4c7c,GPS USPSA February 2022,2022-02-27,4,Bay 7,01daef35-eed0-48e0-b885-0d9f57a9c557,Albert Montanez,6,90.39,2,97.48,Open,M,TY101554,MAJOR,,107.2309,99.4317,8.3256,10.81,18,,2,1,1,,,,
09165b6e-478c-49fc-b502-ad93c73c4c7c,GPS USPSA February 2022,2022-02-27,4,Bay 7,01daef35-eed0-48e0-b885-0d9f57a9c557,Devin Yolo,7,89.40,4,89.40,Carry Optics,C,A112987,MINOR,,98.3425,98.3425,8.2344,12.63,19,,3,,,,,,
09165b6e-478c-49fc-b502-ad93c73c4c7c,GPS USPSA February 2022,2022-02-27,4,Bay 7,01daef35-eed0-48e0-b885-0d9f57a9c557,Steven McNamara,8,88.76,3,95.73,Open,B,A75212,MAJOR,Senior,105.2989,97.6403,8.1756,13.21,20,,2,,,,,,
09165b6e-478c-49fc-b502-ad93c73c4c7c,GPS USPSA February 2022,2022-02-27,4,Bay 7,01daef35-eed0-48e0-b885-0d9f57a9c557,Derek Rabuck,9,85.64,1,100.00,PCC,B,Ty91331,MINOR,,110.0000,94.2055,7.8880,11.79,20,,1,,1,,,,
09165b6e-478c-49fc-b502-ad93c73c4c7c,GPS USPSA February 2022,2022-02-27,4,Bay 7,01daef35-eed0-48e0-b885-0d9f57a9c557,Mengyu Yue,10,83.19,2,97.14,PCC,A,TY109190,MINOR,,106.8512,91.5088,7.6622,12.79,17,,4,1,,,,,
09165b6e-478c-49fc-b502-ad93c73c4c7c,GPS USPSA February 2022,2022-02-27,4,Bay 7,01daef35-eed0-48e0-b885-0d9f57a9c557,Lan Nguyen,11,83.09,4,89.61,Open,A,Ty81359,MAJOR,,98.5693,91.4001,7.6531,13.72,17,,5,,,,,,
09165b6e-478c-49fc-b502-ad93c73c4c7c,GPS USPSA February 2022,2022-02-27,4,Bay 7,01daef35-eed0-48e0-b885-0d9f57a9c557,Henry Wong,12,80.76,5,80.76,Carry Optics,U,0,MINOR,,88.8384,88.8384,7.4386,14.25,20,,2,,,,,,
09165b6e-478c-49fc-b502-ad93c73c4c7c,GPS USPSA February 2022,2022-02-27,4,Bay 7,01daef35-eed0-48e0-b885-0d9f57a9c557,Manny Nerona,13,80.02,6,80.02,Carry Optics,U,A69445,MINOR,,88.0179,88.0179,7.3699,13.84,19,,2,1,,,,,
09165b6e-478c-49fc-b502-ad93c73c4c7c,GPS USPSA February 2022,2022-02-27,4,Bay 7,01daef35-eed0-48e0-b885-0d9f57a9c557,Don Sanders,14,77.71,2,78.13,Limited,A,FY46389,MAJOR,Senior,85.9423,85.4860,7.1579,14.25,16,,5,1,,,,,
09165b6e-478c-49fc-b502-ad93c73c4c7c,GPS USPSA February 2022,2022-02-27,4,Bay 7,01daef35-eed0-48e0-b885-0d9f57a9c557,Kevin Bunurai,15,77.36,7,77.36,Carry Optics,M,TY105111,MINOR,,85.0967,85.0967,7.1253,12.21,17,,4,,1,,,,
09165b6e-478c-49fc-b502-ad93c73c4c7c,GPS USPSA February 2022,2022-02-27,4,Bay 7,01daef35-eed0-48e0-b885-0d9f57a9c557,James Tonkinson,16,77.13,8,77.13,Carry Optics,A,A123944,MINOR,,84.8399,84.8399,7.1038,14.64,19,,3,,,,,,
09165b6e-478c-49fc-b502-ad93c73c4c7c,GPS USPSA February 2022,2022-02-27,4,Bay 7,01daef35-eed0-48e0-b885-0d9f57a9c557,Marlon Poralan,17,76.62,5,82.63,Open,D,TY76330,MAJOR,Law Enforcement,90.8956,84.2846,7.0573,15.02,20,,1,1,,,,,
09165b6e-478c-49fc-b502-ad93c73c4c7c,GPS USPSA February 2022,2022-02-27,4,Bay 7,01daef35-eed0-48e0-b885-0d9f57a9c557,Mike Whitesides,18,75.43,6,81.35,Open,A,TY81358,MAJOR,,89.4840,82.9756,6.9477,12.81,15,,6,,1,,,,
09165b6e-478c-49fc-b502-ad93c73c4c7c,GPS USPSA February 2022,2022-02-27,4,Bay 7,01daef35-eed0-48e0-b885-0d9f57a9c557,Khoi Nguyen,19,75.37,7,81.29,Open,A,TY101030,MAJOR,,89.4157,82.9123,6.9424,13.54,20,,1,,1,,,,
09165b6e-478c-49fc-b502-ad93c73c4c7c,GPS USPSA February 2022,2022-02-27,4,Bay 7,01daef35-eed0-48e0-b885-0d9f57a9c557,Jun Wu,20,75.18,3,87.78,PCC,B,TY104927,MINOR,,96.5582,82.6938,6.9241,15.02,19,,3,,,,,,
09165b6e-478c-49fc-b502-ad93c73c4c7c,GPS USPSA February 2022,2022-02-27,4,Bay 7,01daef35-eed0-48e0-b885-0d9f57a9c557,Scott Reeh,21,73.56,9,73.56,Carry Optics,A,A91497,MINOR,,80.9214,80.9214,6.7757,12.84,18,,2,1,1,,,,
09165b6e-478c-49fc-b502-ad93c73c4c7c,GPS USPSA February 2022,2022-02-27,4,Bay 7,01daef35-eed0-48e0-b885-0d9f57a9c557,Carlos Escandon,22,72.74,10,72.74,Carry Optics,U,L2590,MINOR,Super Senior,80.0150,80.0150,6.6998,16.12,21,,1,,,,,,
09165b6e-478c-49fc-b502-ad93c73c4c7c,GPS USPSA February 2022,2022-02-27,4,Bay 7,01daef35-eed0-48e0-b885-0d9f57a9c557,Arnold Gee,23,71.43,11,71.43,Carry Optics,C,TY103519,MINOR,Senior,78.5711,78.5711,6.5789,16.72,22,,,,,,,,
09165b6e-478c-49fc-b502-ad93c73c4c7c,GPS USPSA February 2022,2022-02-27,4,Bay 7,01daef35-eed0-48e0-b885-0d9f57a9c557,Jake Mansfield,24,68.89,12,68.89,Carry Optics,B,A101123,MINOR,,75.7800,75.7800,6.3452,15.76,17,,5,,,,,,
09165b6e-478c-49fc-b502-ad93c73c4c7c,GPS USPSA February 2022,2022-02-27,4,Bay 7,01daef35-eed0-48e0-b885-0d9f57a9c557,Travis McKenzie,25,68.81,13,68.81,Carry Optics,U,A139201,MINOR,,75.6893,75.6893,6.3376,16.41,19,,3,,,,,,
09165b6e-478c-49fc-b502-ad93c73c4c7c,GPS USPSA February 2022,2022-02-27,4,Bay 7,01daef35-eed0-48e0-b885-0d9f57a9c557,Ramil Villanueva,26,68.66,14,68.66,Carry Optics,D,A110261,MINOR,Junior,75.5221,75.5221,6.3236,16.13,19,,2,1,,,,,
09165b6e-478c-49fc-b502-ad93c73c4c7c,GPS USPSA February 2022,2022-02-27,4,Bay 7,01daef35-eed0-48e0-b885-0d9f57a9c557,Doug Joder,27,68.21,4,79.64,PCC,B,A115020,MINOR,,87.6053,75.0264,6.2821,15.60,16,,6,,,,,,
09165b6e-478c-49fc-b502-ad93c73c4c7c,GPS USPSA February 2022,2022-02-27,4,Bay 7,01daef35-eed0-48e0-b885-0d9f57a9c557,John Brunkhorst,28,68.13,15,68.13,Carry Optics,B,A116144,MINOR,,74.9464,74.9464,6.2754,17.21,21,,1,,,,,,
09165b6e-478c-49fc-b502-ad93c73c4c7c,GPS USPSA February 2022,2022-02-27,4,Bay 7,01daef35-eed0-48e0-b885-0d9f57a9c557,Ian Pre,29,66.26,16,66.26,Carry Optics,U,0,MINOR,,72.8815,72.8815,6.1025,17.37,20,,2,,,,,,
09165b6e-478c-49fc-b502-ad93c73c4c7c,GPS USPSA February 2022,2022-02-27,4,Bay 7,01daef35-eed0-48e0-b885-0d9f57a9c557,Khoa Nguyen,30,64.35,1,100.00,Production,A,A117224,MINOR,Law Enforcement,110.0000,70.7831,5.9268,17.21,19,,2,1,,,,,
09165b6e-478c-49fc-b502-ad93c73c4c7c,GPS USPSA February 2022,2022-02-27,4,Bay 7,01daef35-eed0-48e0-b885-0d9f57a9c557,Robert Bui,31,63.01,17,63.01,Carry Optics,B,A103016,MINOR,,69.3118,69.3118,5.8036,15.68,19,,2,,1,,,,
09165b6e-478c-49fc-b502-ad93c73c4c7c,GPS USPSA February 2022,2022-02-27,4,Bay 7,01daef35-eed0-48e0-b885-0d9f57a9c557,Jason Wells,32,62.04,1,100.00,Single Stack,A,L5218,MAJOR,,110.0000,68.2453,5.7143,16.45,20,,1,,1,,,,
09165b6e-478c-49fc-b502-ad93c73c4c7c,GPS USPSA February 2022,2022-02-27,4,Bay 7,01daef35-eed0-48e0-b885-0d9f57a9c557,John Austria,33,60.95,8,65.73,Open,B,FY82746,MAJOR,,72.3038,67.0450,5.6138,16.21,19,,1,1,1,,,,
09165b6e-478c-49fc-b502-ad93c73c4c7c,GPS USPSA February 2022,2022-02-27,4,Bay 7,01daef35-eed0-48e0-b885-0d9f57a9c557,Matthew Gonzalez,34,60.86,18,60.86,Carry Optics,B,A119810,MINOR,,66.9423,66.9423,5.6052,16.77,15,,6,1,,,,,
09165b6e-478c-49fc-b502-ad93c73c4c7c,GPS USPSA February 2022,2022-02-27,4,Bay 7,01daef35-eed0-48e0-b885-0d9f57a9c557,JC Reinel Aguinaldo,35,60.77,19,60.77,Carry Optics,U,0,MINOR,Junior,66.8491,66.8491,5.5974,18.58,19,,3,,,,,,
09165b6e-478c-49fc-b502-ad93c73c4c7c,GPS USPSA February 2022,2022-02-27,4,Bay 7,01daef35-eed0-48e0-b885-0d9f57a9c557,Jimmy Durham,36,58.49,9,63.08,Open,C,TY135611,MAJOR,,69.3879,64.3411,5.3874,19.49,19,,2,1,,,,,
09165b6e-478c-49fc-b502-ad93c73c4c7c,GPS USPSA February 2022,2022-02-27,4,Bay 7,01daef35-eed0-48e0-b885-0d9f57a9c557,Jonathan Backof,37,57.93,2,93.37,Single Stack,B,A116878,MAJOR,,102.7062,63.7201,5.3354,19.68,19,,2,1,,,,,
09165b6e-478c-49fc-b502-ad93c73c4c7c,GPS USPSA February 2022,2022-02-27,4,Bay 7,01daef35-eed0-48e0-b885-0d9f57a9c557,Marchoni Aquino,38,57.58,5,67.23,PCC,D,A124540,MINOR,,73.9572,63.3379,5.3034,19.61,19,,3,,,,,,
09165b6e-478c-49fc-b502-ad93c73c4c7c,GPS USPSA February 2022,2022-02-27,4,Bay 7,01daef35-eed0-48e0-b885-0d9f57a9c557,Cliff Pinsent,39,57.58,20,57.58,Carry Optics,C,TY99321,MINOR,Super Senior,63.3379,63.3379,5.3034,19.61,19,,3,,,,,,
09165b6e-478c-49fc-b502-ad93c73c4c7c,GPS USPSA February 2022,2022-02-27,4,Bay 7,01daef35-eed0-48e0-b885-0d9f57a9c557,CHAN WILLIAM,40,57.10,10,61.58,Open,U,TY97870,MINOR,,67.7341,62.8077,5.2590,12.55,13,,7,,2,,,,
09165b6e-478c-49fc-b502-ad93c73c4c7c,GPS USPSA February 2022,2022-02-27,4,Bay 7,01daef35-eed0-48e0-b885-0d9f57a9c557,Albert Culanag,41,56.33,21,56.33,Carry Optics,U,A137938,MINOR,,61.9585,61.9585,5.1879,18.89,17,,4,1,,,,,
09165b6e-478c-49fc-b502-ad93c73c4c7c,GPS USPSA February 2022,2022-02-27,4,Bay 7,01daef35-eed0-48e0-b885-0d9f57a9c557,Roman Gwiscz,42,55.52,22,55.52,Carry Optics,A,L4670,MINOR,,61.0688,61.0688,5.1134,20.73,20,,2,,,,,,
09165b6e-478c-49fc-b502-ad93c73c4c7c,GPS USPSA February 2022,2022-02-27,4,Bay 7,01daef35-eed0-48e0-b885-0d9f57a9c557,Edsel Esquivel,43,53.85,23,53.85,Carry Optics,U,A137879,MINOR,Junior,59.2296,59.2296,4.9594,22.18,22,,,,,,,,
09165b6e-478c-49fc-b502-ad93c73c4c7c,GPS USPSA February 2022,2022-02-27,4,Bay 7,01daef35-eed0-48e0-b885-0d9f57a9c557,Angela Rabuck,44,51.39,3,51.66,Limited,C,Ty91275,MAJOR,Lady,56.8298,56.5281,4.7332,21.55,14,,8,,,,,,
09165b6e-478c-49fc-b502-ad93c73c4c7c,GPS USPSA February 2022,2022-02-27,4,Bay 7,01daef35-eed0-48e0-b885-0d9f57a9c557,Gennady Khokhorin,45,50.92,2,79.13,Production,C,A123884,MINOR,Senior,87.0397,56.0086,4.6897,21.75,18,,4,,,,,,
09165b6e-478c-49fc-b502-ad93c73c4c7c,GPS USPSA February 2022,2022-02-27,4,Bay 7,01daef35-eed0-48e0-b885-0d9f57a9c557,Monie Perry,46,49.35,24,49.35,Carry Optics,X,0,MINOR,Military,54.2864,54.2864,4.5455,24.20,22,,,,,,,,
09165b6e-478c-49fc-b502-ad93c73c4c7c,GPS USPSA February 2022,2022-02-27,4,Bay 7,01daef35-eed0-48e0-b885-0d9f57a9c557,Parish Saculles,47,49.22,4,49.48,Limited,U,0,MINOR,,54.4333,54.1443,4.5336,19.19,18,,2,1,1,,,,
09165b6e-478c-49fc-b502-ad93c73c4c7c,GPS USPSA February 2022,2022-02-27,4,Bay 7,01daef35-eed0-48e0-b885-0d9f57a9c557,Drew Yang,48,45.01,3,69.94,Production,U,A138478,MINOR,,76.9358,49.5069,4.1453,21.47,18,,3,,1,,,,
09165b6e-478c-49fc-b502-ad93c73c4c7c,GPS USPSA February 2022,2022-02-27,4,Bay 7,01daef35-eed0-48e0-b885-0d9f57a9c557,Garrick Gonzalez,49,44.44,25,44.44,Carry Optics,B,A119804,MINOR,,48.8811,48.8811,4.0929,18.08,17,,3,,2,,,,
09165b6e-478c-49fc-b502-ad93c73c4c7c,GPS USPSA February 2022,2022-02-27,4,Bay 7,01daef35-eed0-48e0-b885-0d9f57a9c557,Jack Liu,50,40.84,6,47.69,PCC,C,Ty130790,MINOR,,52.4550,44.9232,3.7615,28.18,20,,2,,,,,,
09165b6e-478c-49fc-b502-ad93c73c4c7c,GPS USPSA February 2022,2022-02-27,4,Bay 7,01daef35-eed0-48e0-b885-0d9f57a9c557,Haydn Brown,51,39.59,5,39.80,Limited,U,A62956,MAJOR,,43.7810,43.5486,3.6464,29.07,18,,4,,,,,,
09165b6e-478c-49fc-b502-ad93c73c4c7c,GPS USPSA February 2022,2022-02-27,4,Bay 7,01daef35-eed0-48e0-b885-0d9f57a9c557,JR Roberts,52,39.46,6,39.68,Limited,C,TY102739,MAJOR,,43.6429,43.4112,3.6349,24.76,16,,5,,1,,,,
09165b6e-478c-49fc-b502-ad93c73c4c7c,GPS USPSA February 2022,2022-02-27,4,Bay 7,01daef35-eed0-48e0-b885-0d9f57a9c557,Demmie James Soriano,53,39.05,7,39.26,Limited,U,0,MINOR,Senior,43.1831,42.9538,3.5966,28.36,19,,2,1,,,,,
09165b6e-478c-49fc-b502-ad93c73c4c7c,GPS USPSA February 2022,2022-02-27,4,Bay 7,01daef35-eed0-48e0-b885-0d9f57a9c557,Abrahan Figueroa,54,38.94,11,41.99,Open,C,TY54053,MAJOR,Senior,46.1929,42.8332,3.5865,28.44,16,,5,1,,,,,
09165b6e-478c-49fc-b502-ad93c73c4c7c,GPS USPSA February 2022,2022-02-27,4,Bay 7,01daef35-eed0-48e0-b885-0d9f57a9c557,Rodwick Gates,55,38.78,8,38.98,Limited,U,A135944,MINOR,,42.8805,42.6528,3.5714,25.48,19,,2,,1,,,,
09165b6e-478c-49fc-b502-ad93c73c4c7c,GPS USPSA February 2022,2022-02-27,4,Bay 7,01daef35-eed0-48e0-b885-0d9f57a9c557,Wei Zhang,56,38.66,9,38.87,Limited,U,,MINOR,,42.7532,42.5262,3.5608,26.96,15,,7,,,,,,
09165b6e-478c-49fc-b502-ad93c73c4c7c,GPS USPSA February 2022,2022-02-27,4,Bay 7,01daef35-eed0-48e0-b885-0d9f57a9c557,lin shi,57,37.64,26,37.64,Carry Optics,U,TY138430,MINOR,Junior,41.4012,41.4012,3.4666,24.52,16,,5,,1,,,,
09165b6e-478c-49fc-b502-ad93c73c4c7c,GPS USPSA February 2022,2022-02-27,4,Bay 7,01daef35-eed0-48e0-b885-0d9f57a9c557,Dale Fike,58,37.55,12,40.50,Open,U,TY113427,MINOR,Senior,44.5507,41.3105,3.4590,28.91,17,,5,,,,,,
09165b6e-478c-49fc-b502-ad93c73c4c7c,GPS USPSA February 2022,2022-02-27,4,Bay 7,01daef35-eed0-48e0-b885-0d9f57a9c557,Robert Losin,59,37.06,7,43.27,PCC,U,A139237,MINOR,Senior,47.6007,40.7659,3.4134,26.66,19,,2,,1,,,,
09165b6e-478c-49fc-b502-ad93c73c4c7c,GPS USPSA February 2022,2022-02-27,4,Bay 7,01daef35-eed0-48e0-b885-0d9f57a9c557,Lawrence Fu,60,36.20,27,36.20,Carry Optics,U,0,MINOR,,39.8224,39.8224,3.3344,30.59,18,,4,,,,,,
09165b6e-478c-49fc-b502-ad93c73c4c7c,GPS USPSA February 2022,2022-02-27,4,Bay 7,01daef35-eed0-48e0-b885-0d9f57a9c557,Page Brunkhorst,61,35.57,4,55.27,Production,C,L4903,MINOR,Senior,60.7999,39.1237,3.2759,23.20,18,,2,,2,,,,
09165b6e-478c-49fc-b502-ad93c73c4c7c,GPS USPSA February 2022,2022-02-27,4,Bay 7,01daef35-eed0-48e0-b885-0d9f57a9c557,Wilbert Abcede,62,33.92,5,52.71,Production,U,0,MINOR,Junior,57.9788,37.3084,3.1239,27.21,17,,3,1,1,,,,
09165b6e-478c-49fc-b502-ad93c73c4c7c,GPS USPSA February 2022,2022-02-27,4,Bay 7,01daef35-eed0-48e0-b885-0d9f57a9c557,Bihan Wang,63,32.69,6,50.80,Production,U,A139731,MINOR,,55.8834,35.9600,3.0110,34.54,19,,3,,,,,,
09165b6e-478c-49fc-b502-ad93c73c4c7c,GPS USPSA February 2022,2022-02-27,4,Bay 7,01daef35-eed0-48e0-b885-0d9f57a9c557,Steve Thai,64,31.32,13,33.78,Open,U,0,MINOR,,37.1565,34.4540,2.8849,36.05,20,,1,1,,,,,
09165b6e-478c-49fc-b502-ad93c73c4c7c,GPS USPSA February 2022,2022-02-27,4,Bay 7,01daef35-eed0-48e0-b885-0d9f57a9c557,Max Li,65,30.82,7,47.89,Production,X,0,MINOR,,52.6819,33.8999,2.8385,26.07,17,,3,,2,,,,
09165b6e-478c-49fc-b502-ad93c73c4c7c,GPS USPSA February 2022,2022-02-27,4,Bay 7,01daef35-eed0-48e0-b885-0d9f57a9c557,John Christian (JC) Onia,66,30.15,28,30.15,Carry Optics,U,0,MINOR,Junior,33.1606,33.1606,2.7766,23.05,14,,4,2,2,,,,
09165b6e-478c-49fc-b502-ad93c73c4c7c,GPS USPSA February 2022,2022-02-27,4,Bay 7,01daef35-eed0-48e0-b885-0d9f57a9c557,Vincent Sclider,67,25.56,10,25.70,Limited,U,0,MINOR,,28.2696,28.1195,2.3545,38.65,19,,2,,1,,,,
09165b6e-478c-49fc-b502-ad93c73c4c7c,GPS USPSA February 2022,2022-02-27,4,Bay 7,01daef35-eed0-48e0-b885-0d9f57a9c557,Eric wei,68,16.50,11,16.59,Limited,X,0,MINOR,Junior,18.2501,18.1532,1.5200,40.79,13,,5,2,2,,,,
09165b6e-478c-49fc-b502-ad93c73c4c7c,GPS USPSA February 2022,2022-02-27,4,Bay 7,01daef35-eed0-48e0-b885-0d9f57a9c557,Pat Byrne,69,0.00,3,0.00,Single Stack,B,Fy93921,MAJOR,Super Senior,0.0000,0.0000,,,,,,,,,,,
09165b6e-478c-49fc-b502-ad93c73c4c7c,GPS USPSA February 2022,2022-02-27,4,Bay 7,01daef35-eed0-48e0-b885-0d9f57a9c557,Mike Kahl,70,0.00,29,0.00,Carry Optics,B,TY70984,MINOR,Super Senior,0.0000,0.0000,0.0000,2.06,5,,,,17,,,8,
09165b6e-478c-49fc-b502-ad93c73c4c7c,GPS USPSA February 2022,2022-02-27,5,Bay 8,350af98c-8b29-4b4e-a238-a3993d706fce,Gil Yolo,1,100.00,1,100.00,Open,M,L5228,MAJOR,,120.0000,120.0000,8.5841,11.30,15,,8,,1,,,,
09165b6e-478c-49fc-b502-ad93c73c4c7c,GPS USPSA February 2022,2022-02-27,5,Bay 8,350af98c-8b29-4b4e-a238-a3993d706fce,Khoi Nguyen,2,96.64,2,96.64,Open,A,TY101030,MAJOR,,115.9670,115.9670,8.2956,13.26,16,,7,1,,,,,
09165b6e-478c-49fc-b502-ad93c73c4c7c,GPS USPSA February 2022,2022-02-27,5,Bay 8,350af98c-8b29-4b4e-a238-a3993d706fce,Vinh Lam,3,95.37,1,100.00,Limited,M,TY101025,MAJOR,,120.0000,114.4390,8.1863,14.17,20,,4,,,,,,
09165b6e-478c-49fc-b502-ad93c73c4c7c,GPS USPSA February 2022,2022-02-27,5,Bay 8,350af98c-8b29-4b4e-a238-a3993d706fce,Mike Whitesides,4,95.03,3,95.03,Open,A,TY81358,MAJOR,,114.0308,114.0308,8.1571,13.24,16,,6,2,,,,,
09165b6e-478c-49fc-b502-ad93c73c4c7c,GPS USPSA February 2022,2022-02-27,5,Bay 8,350af98c-8b29-4b4e-a238-a3993d706fce,Steven McNamara,5,84.66,4,84.66,Open,B,A75212,MAJOR,Senior,101.5892,101.5892,7.2671,16.10,21,,3,,,,,,
09165b6e-478c-49fc-b502-ad93c73c4c7c,GPS USPSA February 2022,2022-02-27,5,Bay 8,350af98c-8b29-4b4e-a238-a3993d706fce,Derek Rabuck,6,83.85,1,100.00,PCC,B,Ty91331,MINOR,,120.0000,100.6218,7.1979,15.56,21,,2,1,,,,,
09165b6e-478c-49fc-b502-ad93c73c4c7c,GPS USPSA February 2022,2022-02-27,5,Bay 8,350af98c-8b29-4b4e-a238-a3993d706fce,Zachary Ralston,7,79.39,1,100.00,Carry Optics,B,A123081,MINOR,,120.0000,95.2720,6.8152,15.26,17,,6,1,,,,,
09165b6e-478c-49fc-b502-ad93c73c4c7c,GPS USPSA February 2022,2022-02-27,5,Bay 8,350af98c-8b29-4b4e-a238-a3993d706fce,Kevin Bunurai,8,78.11,2,98.38,Carry Optics,M,TY105111,MINOR,,118.0614,93.7328,6.7051,13.87,17,,6,,1,,,,
09165b6e-478c-49fc-b502-ad93c73c4c7c,GPS USPSA February 2022,2022-02-27,5,Bay 8,350af98c-8b29-4b4e-a238-a3993d706fce,Henry Wong,9,76.94,3,96.91,Carry Optics,U,0,MINOR,,116.2883,92.3251,6.6044,16.05,17,,7,,,,,,
09165b6e-478c-49fc-b502-ad93c73c4c7c,GPS USPSA February 2022,2022-02-27,5,Bay 8,350af98c-8b29-4b4e-a238-a3993d706fce,Devin Yolo,10,75.87,4,95.56,Carry Optics,C,A112987,MINOR,,114.6737,91.0432,6.5127,16.89,19,,5,,,,,,
09165b6e-478c-49fc-b502-ad93c73c4c7c,GPS USPSA February 2022,2022-02-27,5,Bay 8,350af98c-8b29-4b4e-a238-a3993d706fce,James Tonkinson,11,75.25,5,94.78,Carry Optics,A,A123944,MINOR,,113.7334,90.2967,6.4593,16.72,19,,4,1,,,,,
09165b6e-478c-49fc-b502-ad93c73c4c7c,GPS USPSA February 2022,2022-02-27,5,Bay 8,350af98c-8b29-4b4e-a238-a3993d706fce,JOSE ONIA,12,73.84,6,93.01,Carry Optics,D,A134359,MINOR,Senior,111.6117,88.6122,6.3388,18.30,22,,2,,,,,,
09165b6e-478c-49fc-b502-ad93c73c4c7c,GPS USPSA February 2022,2022-02-27,5,Bay 8,350af98c-8b29-4b4e-a238-a3993d706fce,Jun Wu,13,73.70,2,87.90,PCC,B,TY104927,MINOR,,105.4791,88.4458,6.3269,17.07,18,,6,,,,,,
09165b6e-478c-49fc-b502-ad93c73c4c7c,GPS USPSA February 2022,2022-02-27,5,Bay 8,350af98c-8b29-4b4e-a238-a3993d706fce,John Brunkhorst,14,73.69,7,92.81,Carry Optics,B,A116144,MINOR,,111.3775,88.4263,6.3255,17.39,19,,5,,,,,,
09165b6e-478c-49fc-b502-ad93c73c4c7c,GPS USPSA February 2022,2022-02-27,5,Bay 8,350af98c-8b29-4b4e-a238-a3993d706fce,Jason Wells,15,73.06,1,100.00,Single Stack,A,L5218,MAJOR,,120.0000,87.6728,6.2716,17.38,15,,8,1,,,,,
09165b6e-478c-49fc-b502-ad93c73c4c7c,GPS USPSA February 2022,2022-02-27,5,Bay 8,350af98c-8b29-4b4e-a238-a3993d706fce,Arnold Gee,16,72.69,8,91.55,Carry Optics,C,TY103519,MINOR,Senior,109.8650,87.2255,6.2396,17.95,20,,4,,,,,,
09165b6e-478c-49fc-b502-ad93c73c4c7c,GPS USPSA February 2022,2022-02-27,5,Bay 8,350af98c-8b29-4b4e-a238-a3993d706fce,Jake Mansfield,17,70.60,9,88.93,Carry Optics,B,A101123,MINOR,,106.7132,84.7232,6.0606,16.83,16,,7,1,,,,,
09165b6e-478c-49fc-b502-ad93c73c4c7c,GPS USPSA February 2022,2022-02-27,5,Bay 8,350af98c-8b29-4b4e-a238-a3993d706fce,Scott Reeh,18,68.07,10,85.73,Carry Optics,A,A91497,MINOR,,102.8818,81.6812,5.8430,16.43,14,,8,2,,,,,
09165b6e-478c-49fc-b502-ad93c73c4c7c,GPS USPSA February 2022,2022-02-27,5,Bay 8,350af98c-8b29-4b4e-a238-a3993d706fce,Matthew Gonzalez,19,67.67,11,85.23,Carry Optics,B,A119810,MINOR,,102.2814,81.2046,5.8089,16.01,18,,4,1,1,,,,
09165b6e-478c-49fc-b502-ad93c73c4c7c,GPS USPSA February 2022,2022-02-27,5,Bay 8,350af98c-8b29-4b4e-a238-a3993d706fce,Marlon Poralan,20,67.52,5,67.52,Open,D,TY76330,MAJOR,Law Enforcement,81.0284,81.0284,5.7963,18.46,13,,10,1,,,,,
09165b6e-478c-49fc-b502-ad93c73c4c7c,GPS USPSA February 2022,2022-02-27,5,Bay 8,350af98c-8b29-4b4e-a238-a3993d706fce,Lan Nguyen,21,67.17,6,67.17,Open,A,Ty81359,MAJOR,,80.6034,80.6034,5.7659,17.17,17,,6,,1,,,,
09165b6e-478c-49fc-b502-ad93c73c4c7c,GPS USPSA February 2022,2022-02-27,5,Bay 8,350af98c-8b29-4b4e-a238-a3993d706fce,Albert Montanez,22,66.14,7,66.14,Open,M,TY101554,MAJOR,,79.3677,79.3677,5.6775,13.21,11,,9,2,2,,,,
09165b6e-478c-49fc-b502-ad93c73c4c7c,GPS USPSA February 2022,2022-02-27,5,Bay 8,350af98c-8b29-4b4e-a238-a3993d706fce,CHAN WILLIAM,23,64.89,8,64.89,Open,U,TY97870,MINOR,,77.8719,77.8719,5.5705,14.90,14,,7,2,1,,,,
09165b6e-478c-49fc-b502-ad93c73c4c7c,GPS USPSA February 2022,2022-02-27,5,Bay 8,350af98c-8b29-4b4e-a238-a3993d706fce,Travis McKenzie,24,64.26,12,80.94,Carry Optics,U,A139201,MINOR,,97.1329,77.1170,5.5165,18.49,16,,7,1,,,,,
09165b6e-478c-49fc-b502-ad93c73c4c7c,GPS USPSA February 2022,2022-02-27,5,Bay 8,350af98c-8b29-4b4e-a238-a3993d706fce,Khoa Nguyen,25,63.20,1,100.00,Production,A,A117224,MINOR,Law Enforcement,120.0000,75.8393,5.4251,19.17,17,,6,1,,,,,
09165b6e-478c-49fc-b502-ad93c73c4c7c,GPS USPSA February 2022,2022-02-27,5,Bay 8,350af98c-8b29-4b4e-a238-a3993d706fce,Garrick Gonzalez,26,62.94,13,79.27,Carry Optics,B,A119804,MINOR,,95.1256,75.5234,5.4025,18.88,16,,7,1,,,,,
09165b6e-478c-49fc-b502-ad93c73c4c7c,GPS USPSA February 2022,2022-02-27,5,Bay 8,350af98c-8b29-4b4e-a238-a3993d706fce,Roman Gwiscz,27,62.44,14,78.64,Carry Optics,A,L4670,MINOR,,94.3738,74.9264,5.3598,20.15,19,,4,1,,,,,
09165b6e-478c-49fc-b502-ad93c73c4c7c,GPS USPSA February 2022,2022-02-27,5,Bay 8,350af98c-8b29-4b4e-a238-a3993d706fce,Carlos Escandon,28,61.15,15,77.02,Carry Optics,U,L2590,MINOR,Super Senior,92.4246,73.3789,5.2491,18.67,16,,5,3,,,,,
09165b6e-478c-49fc-b502-ad93c73c4c7c,GPS USPSA February 2022,2022-02-27,5,Bay 8,350af98c-8b29-4b4e-a238-a3993d706fce,Manny Nerona,29,60.82,16,76.61,Carry Optics,U,A69445,MINOR,,91.9280,72.9847,5.2209,17.43,17,,5,1,1,,,,
09165b6e-478c-49fc-b502-ad93c73c4c7c,GPS USPSA February 2022,2022-02-27,5,Bay 8,350af98c-8b29-4b4e-a238-a3993d706fce,Doug Joder,30,59.28,3,70.69,PCC,B,A115020,MINOR,,84.8331,71.1338,5.0885,18.08,16,,7,1,,,1,,
09165b6e-478c-49fc-b502-ad93c73c4c7c,GPS USPSA February 2022,2022-02-27,5,Bay 8,350af98c-8b29-4b4e-a238-a3993d706fce,Jack Liu,31,58.88,4,70.22,PCC,C,Ty130790,MINOR,,84.2662,70.6585,5.0545,20.18,15,,9,,,,,,
09165b6e-478c-49fc-b502-ad93c73c4c7c,GPS USPSA February 2022,2022-02-27,5,Bay 8,350af98c-8b29-4b4e-a238-a3993d706fce,Dale Fike,32,57.27,9,57.27,Open,U,TY113427,MINOR,Senior,68.7182,68.7182,4.9157,20.75,17,,5,2,,,,,
09165b6e-478c-49fc-b502-ad93c73c4c7c,GPS USPSA February 2022,2022-02-27,5,Bay 8,350af98c-8b29-4b4e-a238-a3993d706fce,Mengyu Yue,33,56.58,5,67.47,PCC,A,TY109190,MINOR,,80.9669,67.8920,4.8566,17.09,14,,7,2,1,,,,
09165b6e-478c-49fc-b502-ad93c73c4c7c,GPS USPSA February 2022,2022-02-27,5,Bay 8,350af98c-8b29-4b4e-a238-a3993d706fce,John Austria,34,56.45,10,56.45,Open,B,FY82746,MAJOR,,67.7383,67.7383,4.8456,23.32,17,,7,,,,,,
09165b6e-478c-49fc-b502-ad93c73c4c7c,GPS USPSA February 2022,2022-02-27,5,Bay 8,350af98c-8b29-4b4e-a238-a3993d706fce,Parish Saculles,35,55.75,2,58.46,Limited,U,0,MINOR,,70.1504,66.8995,4.7856,22.15,19,,3,2,,,,,
09165b6e-478c-49fc-b502-ad93c73c4c7c,GPS USPSA February 2022,2022-02-27,5,Bay 8,350af98c-8b29-4b4e-a238-a3993d706fce,Ian Pre,36,55.21,17,69.54,Carry Optics,U,0,MINOR,,83.4447,66.2495,4.7391,18.78,16,,6,1,1,,,,
09165b6e-478c-49fc-b502-ad93c73c4c7c,GPS USPSA February 2022,2022-02-27,5,Bay 8,350af98c-8b29-4b4e-a238-a3993d706fce,Gennady Khokhorin,37,55.08,2,87.16,Production,C,A123884,MINOR,Senior,104.5872,66.0985,4.7283,24.11,21,,3,,,,,,
09165b6e-478c-49fc-b502-ad93c73c4c7c,GPS USPSA February 2022,2022-02-27,5,Bay 8,350af98c-8b29-4b4e-a238-a3993d706fce,Cliff Pinsent,38,54.92,18,69.17,Carry Optics,C,TY99321,MINOR,Super Senior,83.0045,65.9000,4.7141,22.91,18,,6,,,,,,
09165b6e-478c-49fc-b502-ad93c73c4c7c,GPS USPSA February 2022,2022-02-27,5,Bay 8,350af98c-8b29-4b4e-a238-a3993d706fce,Jimmy Durham,39,54.85,11,54.85,Open,C,TY135611,MAJOR,,65.8189,65.8189,4.7083,24.00,21,,1,2,,,,,
09165b6e-478c-49fc-b502-ad93c73c4c7c,GPS USPSA February 2022,2022-02-27,5,Bay 8,350af98c-8b29-4b4e-a238-a3993d706fce,Monie Perry,40,53.25,19,67.08,Carry Optics,X,0,MINOR,Military,80.4918,63.9051,4.5714,24.50,21,,2,1,,,,,
09165b6e-478c-49fc-b502-ad93c73c4c7c,GPS USPSA February 2022,2022-02-27,5,Bay 8,350af98c-8b29-4b4e-a238-a3993d706fce,JC Reinel Aguinaldo,41,53.23,20,67.04,Carry Optics,U,0,MINOR,Junior,80.4513,63.8730,4.5691,24.95,21,,3,,,,,,
09165b6e-478c-49fc-b502-ad93c73c4c7c,GPS USPSA February 2022,2022-02-27,5,Bay 8,350af98c-8b29-4b4e-a238-a3993d706fce,Jonathan Backof,42,52.27,2,71.55,Single Stack,B,A116878,MAJOR,,85.8575,62.7281,4.4872,21.84,18,,4,1,1,,,,
09165b6e-478c-49fc-b502-ad93c73c4c7c,GPS USPSA February 2022,2022-02-27,5,Bay 8,350af98c-8b29-4b4e-a238-a3993d706fce,Don Sanders,43,51.02,3,53.49,Limited,A,FY46389,MAJOR,Senior,64.1931,61.2183,4.3792,18.04,13,,8,1,2,,,,
09165b6e-478c-49fc-b502-ad93c73c4c7c,GPS USPSA February 2022,2022-02-27,5,Bay 8,350af98c-8b29-4b4e-a238-a3993d706fce,Robert Bui,44,50.43,21,63.52,Carry Optics,B,A103016,MINOR,,76.2273,60.5193,4.3292,18.71,17,,5,1,1,,,1,
09165b6e-478c-49fc-b502-ad93c73c4c7c,GPS USPSA February 2022,2022-02-27,5,Bay 8,350af98c-8b29-4b4e-a238-a3993d706fce,Pat Byrne,45,50.22,3,68.73,Single Stack,B,Fy93921,MAJOR,Super Senior,82.4804,60.2607,4.3107,22.27,16,,6,1,1,,,,
09165b6e-478c-49fc-b502-ad93c73c4c7c,GPS USPSA February 2022,2022-02-27,5,Bay 8,350af98c-8b29-4b4e-a238-a3993d706fce,Ramil Villanueva,46,49.91,22,62.86,Carry Optics,D,A110261,MINOR,Junior,75.4349,59.8903,4.2842,18.44,13,,7,3,1,,,,
09165b6e-478c-49fc-b502-ad93c73c4c7c,GPS USPSA February 2022,2022-02-27,5,Bay 8,350af98c-8b29-4b4e-a238-a3993d706fce,Lawrence Fu,47,47.66,23,60.03,Carry Optics,U,0,MINOR,,72.0349,57.1909,4.0911,25.91,19,,3,2,,,,,
09165b6e-478c-49fc-b502-ad93c73c4c7c,GPS USPSA February 2022,2022-02-27,5,Bay 8,350af98c-8b29-4b4e-a238-a3993d706fce,Haydn Brown,48,46.45,4,48.71,Limited,U,A62956,MAJOR,,58.4469,55.7384,3.9872,28.09,16,,8,,,,,,
09165b6e-478c-49fc-b502-ad93c73c4c7c,GPS USPSA February 2022,2022-02-27,5,Bay 8,350af98c-8b29-4b4e-a238-a3993d706fce,Rodwick Gates,49,43.91,5,46.05,Limited,U,A135944,MINOR,,55.2587,52.6979,3.7697,29.18,20,,3,1,,,,,
09165b6e-478c-49fc-b502-ad93c73c4c7c,GPS USPSA February 2022,2022-02-27,5,Bay 8,350af98c-8b29-4b4e-a238-a3993d706fce,Page Brunkhorst,50,43.53,3,68.87,Production,C,L4903,MINOR,Senior,82.6447,52.2310,3.7363,27.30,16,,7,1,,,,,
09165b6e-478c-49fc-b502-ad93c73c4c7c,GPS USPSA February 2022,2022-02-27,5,Bay 8,350af98c-8b29-4b4e-a238-a3993d706fce,Angela Rabuck,51,43.29,6,45.39,Limited,C,Ty91275,MAJOR,Lady,54.4715,51.9472,3.7160,30.14,18,,5,1,,,,,
09165b6e-478c-49fc-b502-ad93c73c4c7c,GPS USPSA February 2022,2022-02-27,5,Bay 8,350af98c-8b29-4b4e-a238-a3993d706fce,Antonio Tormis,52,42.93,24,54.07,Carry Optics,B,A124958,MINOR,,64.8844,51.5138,3.6850,13.84,12,,6,3,3,,,,
09165b6e-478c-49fc-b502-ad93c73c4c7c,GPS USPSA February 2022,2022-02-27,5,Bay 8,350af98c-8b29-4b4e-a238-a3993d706fce,Drew Yang,53,42.82,4,67.76,Production,U,A138478,MINOR,,81.3109,51.3880,3.6760,29.38,19,,4,1,,,,,
09165b6e-478c-49fc-b502-ad93c73c4c7c,GPS USPSA February 2022,2022-02-27,5,Bay 8,350af98c-8b29-4b4e-a238-a3993d706fce,Marchoni Aquino,54,42.29,6,50.44,PCC,D,A124540,MINOR,,60.5260,50.7520,3.6305,30.85,20,,4,,,,,,
09165b6e-478c-49fc-b502-ad93c73c4c7c,GPS USPSA February 2022,2022-02-27,5,Bay 8,350af98c-8b29-4b4e-a238-a3993d706fce,Edsel Esquivel,55,41.10,25,51.77,Carry Optics,U,A137879,MINOR,Junior,62.1235,49.3219,3.5282,28.91,17,,5,2,,,,,
09165b6e-478c-49fc-b502-ad93c73c4c7c,GPS USPSA February 2022,2022-02-27,5,Bay 8,350af98c-8b29-4b4e-a238-a3993d706fce,JR Roberts,56,40.39,7,42.35,Limited,C,TY102739,MAJOR,,50.8215,48.4664,3.4670,33.17,19,,5,,,,,,
09165b6e-478c-49fc-b502-ad93c73c4c7c,GPS USPSA February 2022,2022-02-27,5,Bay 8,350af98c-8b29-4b4e-a238-a3993d706fce,John Christian (JC) Onia,57,37.72,26,47.51,Carry Optics,U,0,MINOR,Junior,57.0155,45.2665,3.2381,26.25,14,,8,1,1,,,,
09165b6e-478c-49fc-b502-ad93c73c4c7c,GPS USPSA February 2022,2022-02-27,5,Bay 8,350af98c-8b29-4b4e-a238-a3993d706fce,Demmie James Soriano,58,34.09,8,35.75,Limited,U,0,MINOR,Senior,42.9014,40.9133,2.9267,30.41,17,,4,2,1,,,,
09165b6e-478c-49fc-b502-ad93c73c4c7c,GPS USPSA February 2022,2022-02-27,5,Bay 8,350af98c-8b29-4b4e-a238-a3993d706fce,Robert Losin,59,33.71,7,40.20,PCC,U,A139237,MINOR,Senior,48.2407,40.4506,2.8936,40.78,23,,1,,,,,,
09165b6e-478c-49fc-b502-ad93c73c4c7c,GPS USPSA February 2022,2022-02-27,5,Bay 8,350af98c-8b29-4b4e-a238-a3993d706fce,Albert Culanag,60,30.58,27,38.52,Carry Optics,U,A137938,MINOR,,46.2237,36.6985,2.6252,28.95,17,,3,2,2,,,,
09165b6e-478c-49fc-b502-ad93c73c4c7c,GPS USPSA February 2022,2022-02-27,5,Bay 8,350af98c-8b29-4b4e-a238-a3993d706fce,lin shi,61,29.54,28,37.21,Carry Optics,U,TY138430,MINOR,Junior,44.6514,35.4502,2.5359,32.73,18,,4,1,1,,1,,
09165b6e-478c-49fc-b502-ad93c73c4c7c,GPS USPSA February 2022,2022-02-27,5,Bay 8,350af98c-8b29-4b4e-a238-a3993d706fce,Wilbert Abcede,62,28.17,5,44.57,Production,U,0,MINOR,Junior,53.4892,33.8048,2.4182,28.12,11,,11,,2,,,,
09165b6e-478c-49fc-b502-ad93c73c4c7c,GPS USPSA February 2022,2022-02-27,5,Bay 8,350af98c-8b29-4b4e-a238-a3993d706fce,Steve Thai,63,27.23,12,27.23,Open,U,0,MINOR,,32.6809,32.6809,2.3378,38.07,16,,6,1,1,,,,
09165b6e-478c-49fc-b502-ad93c73c4c7c,GPS USPSA February 2022,2022-02-27,5,Bay 8,350af98c-8b29-4b4e-a238-a3993d706fce,Abrahan Figueroa,64,18.63,13,18.63,Open,C,TY54053,MAJOR,Senior,22.3585,22.3585,1.5994,52.52,18,,3,1,2,,,,
09165b6e-478c-49fc-b502-ad93c73c4c7c,GPS USPSA February 2022,2022-02-27,5,Bay 8,350af98c-8b29-4b4e-a238-a3993d706fce,Max Li,65,18.57,6,29.38,Production,X,0,MINOR,,35.2605,22.2845,1.5941,39.52,12,,6,5,1,,1,,
09165b6e-478c-49fc-b502-ad93c73c4c7c,GPS USPSA February 2022,2022-02-27,5,Bay 8,350af98c-8b29-4b4e-a238-a3993d706fce,Vincent Sclider,66,17.64,9,18.50,Limited,U,0,MINOR,,22.2005,21.1717,1.5145,50.18,16,,5,1,2,,,,
09165b6e-478c-49fc-b502-ad93c73c4c7c,GPS USPSA February 2022,2022-02-27,5,Bay 8,350af98c-8b29-4b4e-a238-a3993d706fce,Eric wei,67,15.12,10,15.86,Limited,X,0,MINOR,Junior,19.0313,18.1494,1.2983,34.66,9,,9,3,3,,,,
09165b6e-478c-49fc-b502-ad93c73c4c7c,GPS USPSA February 2022,2022-02-27,5,Bay 8,350af98c-8b29-4b4e-a238-a3993d706fce,Bihan Wang,68,8.67,7,13.72,Production,U,A139731,MINOR,,16.4613,10.4034,0.7442,86.00,14,,8,,2,,1,,
09165b6e-478c-49fc-b502-ad93c73c4c7c,GPS USPSA February 2022,2022-02-27,5,Bay 8,350af98c-8b29-4b4e-a238-a3993d706fce,Wei Zhang,69,8.14,11,8.53,Limited,U,,MINOR,,10.2376,9.7632,0.6984,30.07,10,,6,3,5,,,,
09165b6e-478c-49fc-b502-ad93c73c4c7c,GPS USPSA February 2022,2022-02-27,5,Bay 8,350af98c-8b29-4b4e-a238-a3993d706fce,Mike Kahl,70,0.00,29,0.00,Carry Optics,B,TY70984,MINOR,Super Senior,0.0000,0.0000,,,,,,,,,,,
09165b6e-478c-49fc-b502-ad93c73c4c7c,GPS USPSA February 2022,2022-02-27,6,Bay 9,40b6f038-b194-40aa-9037-9c62036d9931,Kevin Bunurai,1,100.00,1,100.00,Carry Optics,M,TY105111,MINOR,,120.0000,120.0000,7.9705,13.55,18,,6,,,,,,
09165b6e-478c-49fc-b502-ad93c73c4c7c,GPS USPSA February 2022,2022-02-27,6,Bay 9,40b6f038-b194-40aa-9037-9c62036d9931,Albert Montanez,2,94.06,1,100.00,Open,M,TY101554,MAJOR,,120.0000,112.8682,7.4968,15.74,22,,2,,,,,,
09165b6e-478c-49fc-b502-ad93c73c4c7c,GPS USPSA February 2022,2022-02-27,6,Bay 9,40b6f038-b194-40aa-9037-9c62036d9931,Khoi Nguyen,3,92.25,2,98.08,Open,A,TY101030,MAJOR,,117.6966,110.7017,7.3529,14.96,18,,4,2,,,,,
09165b6e-478c-49fc-b502-ad93c73c4c7c,GPS USPSA February 2022,2022-02-27,6,Bay 9,40b6f038-b194-40aa-9037-9c62036d9931,Derek Rabuck,4,88.51,1,100.00,PCC,B,Ty91331,MINOR,,120.0000,106.2091,7.0545,16.16,21,,3,,,,,,
09165b6e-478c-49fc-b502-ad93c73c4c7c,GPS USPSA February 2022,2022-02-27,6,Bay 9,40b6f038-b194-40aa-9037-9c62036d9931,Gil Yolo,5,87.19,3,92.70,Open,M,L5228,MAJOR,,111.2363,104.6253,6.9493,14.39,20,,2,1,1,,,,
09165b6e-478c-49fc-b502-ad93c73c4c7c,GPS USPSA February 2022,2022-02-27,6,Bay 9,40b6f038-b194-40aa-9037-9c62036d9931,Scott Reeh,6,85.75,2,85.75,Carry Optics,A,A91497,MINOR,,102.8969,102.8969,6.8345,16.68,21,,3,,,,,,
09165b6e-478c-49fc-b502-ad93c73c4c7c,GPS USPSA February 2022,2022-02-27,6,Bay 9,40b6f038-b194-40aa-9037-9c62036d9931,CHAN WILLIAM,7,83.31,4,88.58,Open,U,TY97870,MINOR,,106.2950,99.9777,6.6406,15.36,15,,9,,,,,,
09165b6e-478c-49fc-b502-ad93c73c4c7c,GPS USPSA February 2022,2022-02-27,6,Bay 9,40b6f038-b194-40aa-9037-9c62036d9931,Lan Nguyen,8,82.55,5,87.77,Open,A,Ty81359,MAJOR,,105.3201,99.0608,6.5797,17.63,20,,4,,,,,,
09165b6e-478c-49fc-b502-ad93c73c4c7c,GPS USPSA February 2022,2022-02-27,6,Bay 9,40b6f038-b194-40aa-9037-9c62036d9931,Zachary Ralston,9,81.27,3,81.27,Carry Optics,B,A123081,MINOR,,97.5191,97.5191,6.4773,17.60,21,,3,,,,,,
09165b6e-478c-49fc-b502-ad93c73c4c7c,GPS USPSA February 2022,2022-02-27,6,Bay 9,40b6f038-b194-40aa-9037-9c62036d9931,Mike Whitesides,10,78.85,6,83.83,Open,A,TY81358,MAJOR,,100.5997,94.6209,6.2848,17.98,19,,4,1,,,,,
09165b6e-478c-49fc-b502-ad93c73c4c7c,GPS USPSA February 2022,2022-02-27,6,Bay 9,40b6f038-b194-40aa-9037-9c62036d9931,Henry Wong,11,77.53,4,77.53,Carry Optics,U,0,MINOR,,93.0401,93.0401,6.1798,17.80,19,,5,,,,,,
09165b6e-478c-49fc-b502-ad93c73c4c7c,GPS USPSA February 2022,2022-02-27,6,Bay 9,40b6f038-b194-40aa-9037-9c62036d9931,Vinh Lam,12,77.25,1,100.00,Limited,M,TY101025,MAJOR,,120.0000,92.6983,6.1571,14.13,17,,5,1,1,,1,,
09165b6e-478c-49fc-b502-ad93c73c4c7c,GPS USPSA February 2022,2022-02-27,6,Bay 9,40b6f038-b194-40aa-9037-9c62036d9931,Mengyu Yue,13,76.81,2,86.79,PCC,A,TY109190,MINOR,,104.1446,92.1759,6.1224,15.19,17,,6,,1,,,,
09165b6e-478c-49fc-b502-ad93c73c4c7c,GPS USPSA February 2022,2022-02-27,6,Bay 9,40b6f038-b194-40aa-9037-9c62036d9931,Devin Yolo,14,76.44,5,76.44,Carry Optics,C,A112987,MINOR,,91.7272,91.7272,6.0926,17.07,16,,8,,,,,,
09165b6e-478c-49fc-b502-ad93c73c4c7c,GPS USPSA February 2022,2022-02-27,6,Bay 9,40b6f038-b194-40aa-9037-9c62036d9931,John Brunkhorst,15,75.64,6,75.64,Carry Optics,B,A116144,MINOR,,90.7697,90.7697,6.0290,17.25,16,,8,,,,,,
09165b6e-478c-49fc-b502-ad93c73c4c7c,GPS USPSA February 2022,2022-02-27,6,Bay 9,40b6f038-b194-40aa-9037-9c62036d9931,Garrick Gonzalez,16,75.29,7,75.29,Carry Optics,B,A119804,MINOR,,90.3497,90.3497,6.0011,18.33,20,,3,1,,,,,
09165b6e-478c-49fc-b502-ad93c73c4c7c,GPS USPSA February 2022,2022-02-27,6,Bay 9,40b6f038-b194-40aa-9037-9c62036d9931,Manny Nerona,17,75.27,8,75.27,Carry Optics,U,A69445,MINOR,,90.3180,90.3180,5.9990,19.67,23,,1,,,,,,
09165b6e-478c-49fc-b502-ad93c73c4c7c,GPS USPSA February 2022,2022-02-27,6,Bay 9,40b6f038-b194-40aa-9037-9c62036d9931,Steven McNamara,18,74.03,7,78.71,Open,B,A75212,MAJOR,Senior,94.4499,88.8366,5.9006,19.32,18,,6,,,,,,
09165b6e-478c-49fc-b502-ad93c73c4c7c,GPS USPSA February 2022,2022-02-27,6,Bay 9,40b6f038-b194-40aa-9037-9c62036d9931,Marlon Poralan,19,73.91,8,78.58,Open,D,TY76330,MAJOR,Law Enforcement,94.3010,88.6966,5.8913,19.69,20,,4,,,,,,
09165b6e-478c-49fc-b502-ad93c73c4c7c,GPS USPSA February 2022,2022-02-27,6,Bay 9,40b6f038-b194-40aa-9037-9c62036d9931,Jun Wu,20,72.13,3,81.49,PCC,B,TY104927,MINOR,,97.7912,86.5527,5.7489,19.83,21,,3,,,,,,
09165b6e-478c-49fc-b502-ad93c73c4c7c,GPS USPSA February 2022,2022-02-27,6,Bay 9,40b6f038-b194-40aa-9037-9c62036d9931,JC Reinel Aguinaldo,21,71.12,9,71.12,Carry Optics,U,0,MINOR,Junior,85.3467,85.3467,5.6688,20.11,21,,3,,,,,,
09165b6e-478c-49fc-b502-ad93c73c4c7c,GPS USPSA February 2022,2022-02-27,6,Bay 9,40b6f038-b194-40aa-9037-9c62036d9931,JOSE ONIA,22,68.91,10,68.91,Carry Optics,D,A134359,MINOR,Senior,82.6879,82.6879,5.4922,19.30,18,,5,1,,,,,
09165b6e-478c-49fc-b502-ad93c73c4c7c,GPS USPSA February 2022,2022-02-27,6,Bay 9,40b6f038-b194-40aa-9037-9c62036d9931,Abrahan Figueroa,23,68.17,9,72.47,Open,C,TY54053,MAJOR,Senior,86.9699,81.8011,5.4333,21.35,20,,4,,,,,,
09165b6e-478c-49fc-b502-ad93c73c4c7c,GPS USPSA February 2022,2022-02-27,6,Bay 9,40b6f038-b194-40aa-9037-9c62036d9931,Jason Wells,24,67.60,1,100.00,Single Stack,A,L5218,MAJOR,,120.0000,81.1176,5.3879,18.56,18,,5,,1,,,,
09165b6e-478c-49fc-b502-ad93c73c4c7c,GPS USPSA February 2022,2022-02-27,6,Bay 9,40b6f038-b194-40aa-9037-9c62036d9931,Doug Joder,25,65.36,4,73.85,PCC,B,A115020,MINOR,,88.6226,78.4377,5.2099,19.77,22,,1,,1,,,,
09165b6e-478c-49fc-b502-ad93c73c4c7c,GPS USPSA February 2022,2022-02-27,6,Bay 9,40b6f038-b194-40aa-9037-9c62036d9931,Antonio Tormis,26,64.14,11,64.14,Carry Optics,B,A124958,MINOR,,76.9668,76.9668,5.1122,19.17,14,,9,1,,,,,
09165b6e-478c-49fc-b502-ad93c73c4c7c,GPS USPSA February 2022,2022-02-27,6,Bay 9,40b6f038-b194-40aa-9037-9c62036d9931,Pat Byrne,27,64.11,2,94.83,Single Stack,B,Fy93921,MAJOR,Super Senior,113.7994,76.9262,5.1095,23.29,23,,1,,,,,,
09165b6e-478c-49fc-b502-ad93c73c4c7c,GPS USPSA February 2022,2022-02-27,6,Bay 9,40b6f038-b194-40aa-9037-9c62036d9931,Khoa Nguyen,28,62.16,1,100.00,Production,A,A117224,MINOR,Law Enforcement,120.0000,74.5865,4.9541,21.80,18,,6,,,,,,
09165b6e-478c-49fc-b502-ad93c73c4c7c,GPS USPSA February 2022,2022-02-27,6,Bay 9,40b6f038-b194-40aa-9037-9c62036d9931,Jake Mansfield,29,61.48,12,61.48,Carry Optics,B,A101123,MINOR,,73.7766,73.7766,4.9003,17.55,20,,2,,2,,,,
09165b6e-478c-49fc-b502-ad93c73c4c7c,GPS USPSA February 2022,2022-02-27,6,Bay 9,40b6f038-b194-40aa-9037-9c62036d9931,Travis McKenzie,30,61.15,13,61.15,Carry Optics,U,A139201,MINOR,,73.3776,73.3776,4.8738,22.98,21,,2,1,,,,,
09165b6e-478c-49fc-b502-ad93c73c4c7c,GPS USPSA February 2022,2022-02-27,6,Bay 9,40b6f038-b194-40aa-9037-9c62036d9931,Dale Fike,31,59.08,10,62.81,Open,U,TY113427,MINOR,Senior,75.3714,70.8919,4.7087,20.60,19,,4,,1,,,,
09165b6e-478c-49fc-b502-ad93c73c4c7c,GPS USPSA February 2022,2022-02-27,6,Bay 9,40b6f038-b194-40aa-9037-9c62036d9931,Ian Pre,32,58.08,14,58.08,Carry Optics,U,0,MINOR,,69.7010,69.7010,4.6296,23.76,20,,3,1,,,,,
09165b6e-478c-49fc-b502-ad93c73c4c7c,GPS USPSA February 2022,2022-02-27,6,Bay 9,40b6f038-b194-40aa-9037-9c62036d9931,James Tonkinson,33,57.39,15,57.39,Carry Optics,A,A123944,MINOR,,68.8669,68.8669,4.5742,20.55,17,,6,1,,,,1,
09165b6e-478c-49fc-b502-ad93c73c4c7c,GPS USPSA February 2022,2022-02-27,6,Bay 9,40b6f038-b194-40aa-9037-9c62036d9931,Arnold Gee,34,57.19,16,57.19,Carry Optics,C,TY103519,MINOR,Senior,68.6306,68.6306,4.5585,20.84,18,,5,,1,,,,
09165b6e-478c-49fc-b502-ad93c73c4c7c,GPS USPSA February 2022,2022-02-27,6,Bay 9,40b6f038-b194-40aa-9037-9c62036d9931,Marchoni Aquino,35,56.72,5,64.08,PCC,D,A124540,MINOR,,76.9007,68.0630,4.5208,22.12,15,,8,1,,,,,
09165b6e-478c-49fc-b502-ad93c73c4c7c,GPS USPSA February 2022,2022-02-27,6,Bay 9,40b6f038-b194-40aa-9037-9c62036d9931,John Austria,36,56.07,11,59.61,Open,B,FY82746,MAJOR,,71.5297,67.2786,4.4687,18.35,14,,7,2,1,,1,,
09165b6e-478c-49fc-b502-ad93c73c4c7c,GPS USPSA February 2022,2022-02-27,6,Bay 9,40b6f038-b194-40aa-9037-9c62036d9931,Jack Liu,37,54.73,6,61.83,PCC,C,Ty130790,MINOR,,74.2011,65.6737,4.3621,21.32,18,,4,1,1,,,,
09165b6e-478c-49fc-b502-ad93c73c4c7c,GPS USPSA February 2022,2022-02-27,6,Bay 9,40b6f038-b194-40aa-9037-9c62036d9931,Jonathan Backof,38,54.71,3,80.94,Single Stack,B,A116878,MAJOR,,97.1288,65.6571,4.3610,23.16,19,,4,,1,,,,
09165b6e-478c-49fc-b502-ad93c73c4c7c,GPS USPSA February 2022,2022-02-27,6,Bay 9,40b6f038-b194-40aa-9037-9c62036d9931,Ramil Villanueva,39,53.37,17,53.37,Carry Optics,D,A110261,MINOR,Junior,64.0492,64.0492,4.2542,19.51,14,,7,2,1,,,,
09165b6e-478c-49fc-b502-ad93c73c4c7c,GPS USPSA February 2022,2022-02-27,6,Bay 9,40b6f038-b194-40aa-9037-9c62036d9931,Angela Rabuck,40,53.06,2,68.68,Limited,C,Ty91275,MAJOR,Lady,82.4219,63.6698,4.2290,26.72,19,,4,1,,,,,
09165b6e-478c-49fc-b502-ad93c73c4c7c,GPS USPSA February 2022,2022-02-27,6,Bay 9,40b6f038-b194-40aa-9037-9c62036d9931,Lawrence Fu,41,51.42,18,51.42,Carry Optics,U,0,MINOR,,61.7080,61.7080,4.0987,26.35,20,,2,2,,,,,
09165b6e-478c-49fc-b502-ad93c73c4c7c,GPS USPSA February 2022,2022-02-27,6,Bay 9,40b6f038-b194-40aa-9037-9c62036d9931,Haydn Brown,42,50.25,3,65.04,Limited,U,A62956,MAJOR,,78.0523,60.2943,4.0048,25.22,19,,4,,1,,,,
09165b6e-478c-49fc-b502-ad93c73c4c7c,GPS USPSA February 2022,2022-02-27,6,Bay 9,40b6f038-b194-40aa-9037-9c62036d9931,Monie Perry,43,49.23,19,49.23,Carry Optics,X,0,MINOR,Military,59.0809,59.0809,3.9242,29.56,22,,2,,,,,,
09165b6e-478c-49fc-b502-ad93c73c4c7c,GPS USPSA February 2022,2022-02-27,6,Bay 9,40b6f038-b194-40aa-9037-9c62036d9931,Carlos Escandon,44,49.16,20,49.16,Carry Optics,U,L2590,MINOR,Super Senior,58.9890,58.9890,3.9181,22.46,21,,1,,2,,,,
09165b6e-478c-49fc-b502-ad93c73c4c7c,GPS USPSA February 2022,2022-02-27,6,Bay 9,40b6f038-b194-40aa-9037-9c62036d9931,Matthew Gonzalez,45,49.11,21,49.11,Carry Optics,B,A119810,MINOR,,58.9288,58.9288,3.9141,20.95,18,,4,,2,,,,
09165b6e-478c-49fc-b502-ad93c73c4c7c,GPS USPSA February 2022,2022-02-27,6,Bay 9,40b6f038-b194-40aa-9037-9c62036d9931,Don Sanders,46,48.01,4,62.15,Limited,A,FY46389,MAJOR,Senior,74.5754,57.6084,3.8264,17.51,15,,5,1,3,,,,
09165b6e-478c-49fc-b502-ad93c73c4c7c,GPS USPSA February 2022,2022-02-27,6,Bay 9,40b6f038-b194-40aa-9037-9c62036d9931,Page Brunkhorst,47,47.67,2,76.69,Production,C,L4903,MINOR,Senior,92.0280,57.2004,3.7993,27.90,18,,5,1,,,,,
09165b6e-478c-49fc-b502-ad93c73c4c7c,GPS USPSA February 2022,2022-02-27,6,Bay 9,40b6f038-b194-40aa-9037-9c62036d9931,Drew Yang,48,47.00,3,75.61,Production,U,A138478,MINOR,,90.7370,56.3980,3.7460,31.50,23,,1,,,,,,
09165b6e-478c-49fc-b502-ad93c73c4c7c,GPS USPSA February 2022,2022-02-27,6,Bay 9,40b6f038-b194-40aa-9037-9c62036d9931,Cliff Pinsent,49,46.06,22,46.06,Carry Optics,C,TY99321,MINOR,Super Senior,55.2763,55.2763,3.6715,26.42,19,,4,,1,,,,
09165b6e-478c-49fc-b502-ad93c73c4c7c,GPS USPSA February 2022,2022-02-27,6,Bay 9,40b6f038-b194-40aa-9037-9c62036d9931,Edsel Esquivel,50,45.73,23,45.73,Carry Optics,U,A137879,MINOR,Junior,54.8713,54.8713,3.6446,30.73,20,,4,,,,,,
09165b6e-478c-49fc-b502-ad93c73c4c7c,GPS USPSA February 2022,2022-02-27,6,Bay 9,40b6f038-b194-40aa-9037-9c62036d9931,JR Roberts,51,45.61,5,59.04,Limited,C,TY102739,MAJOR,,70.8489,54.7298,3.6352,31.91,20,,4,,,,,,
09165b6e-478c-49fc-b502-ad93c73c4c7c,GPS USPSA February 2022,2022-02-27,6,Bay 9,40b6f038-b194-40aa-9037-9c62036d9931,Robert Losin,52,42.48,7,48.00,PCC,U,A139237,MINOR,Senior,57.5973,50.9780,3.3860,35.44,24,,,,,,,,
09165b6e-478c-49fc-b502-ad93c73c4c7c,GPS USPSA February 2022,2022-02-27,6,Bay 9,40b6f038-b194-40aa-9037-9c62036d9931,Roman Gwiscz,53,41.70,24,41.70,Carry Optics,A,L4670,MINOR,,50.0385,50.0385,3.3236,17.15,17,,4,,3,,,1,
09165b6e-478c-49fc-b502-ad93c73c4c7c,GPS USPSA February 2022,2022-02-27,6,Bay 9,40b6f038-b194-40aa-9037-9c62036d9931,Gennady Khokhorin,54,40.90,4,65.80,Production,C,A123884,MINOR,Senior,78.9552,49.0750,3.2596,24.85,21,,2,,1,,2,,
09165b6e-478c-49fc-b502-ad93c73c4c7c,GPS USPSA February 2022,2022-02-27,6,Bay 9,40b6f038-b194-40aa-9037-9c62036d9931,Albert Culanag,55,40.26,25,40.26,Carry Optics,U,A137938,MINOR,,48.3116,48.3116,3.2089,34.28,20,,3,1,,,,,
09165b6e-478c-49fc-b502-ad93c73c4c7c,GPS USPSA February 2022,2022-02-27,6,Bay 9,40b6f038-b194-40aa-9037-9c62036d9931,Bihan Wang,56,39.29,5,63.22,Production,U,A139731,MINOR,,75.8644,47.1539,3.1320,35.76,21,,2,1,,,,,
09165b6e-478c-49fc-b502-ad93c73c4c7c,GPS USPSA February 2022,2022-02-27,6,Bay 9,40b6f038-b194-40aa-9037-9c62036d9931,Rodwick Gates,57,35.60,6,46.08,Limited,U,A135944,MINOR,,55.3001,42.7185,2.8374,28.90,18,,4,,2,,,,
09165b6e-478c-49fc-b502-ad93c73c4c7c,GPS USPSA February 2022,2022-02-27,6,Bay 9,40b6f038-b194-40aa-9037-9c62036d9931,Robert Bui,58,33.75,26,33.75,Carry Optics,B,A103016,MINOR,,40.5024,40.5024,2.6902,34.57,17,,6,,1,,,,
09165b6e-478c-49fc-b502-ad93c73c4c7c,GPS USPSA February 2022,2022-02-27,6,Bay 9,40b6f038-b194-40aa-9037-9c62036d9931,Vincent Sclider,59,32.77,7,42.43,Limited,U,0,MINOR,,50.9129,39.3295,2.6123,43.64,21,,3,,,,,,
09165b6e-478c-49fc-b502-ad93c73c4c7c,GPS USPSA February 2022,2022-02-27,6,Bay 9,40b6f038-b194-40aa-9037-9c62036d9931,Jimmy Durham,60,32.74,12,34.81,Open,C,TY135611,MAJOR,,41.7682,39.2859,2.6094,26.06,16,,4,1,3,,,,
09165b6e-478c-49fc-b502-ad93c73c4c7c,GPS USPSA February 2022,2022-02-27,6,Bay 9,40b6f038-b194-40aa-9037-9c62036d9931,John Christian (JC) Onia,61,31.99,27,31.99,Carry Optics,U,0,MINOR,Junior,38.3886,38.3886,2.5498,32.16,19,,2,1,2,,,,
09165b6e-478c-49fc-b502-ad93c73c4c7c,GPS USPSA February 2022,2022-02-27,6,Bay 9,40b6f038-b194-40aa-9037-9c62036d9931,lin shi,62,31.37,28,31.37,Carry Optics,U,TY138430,MINOR,Junior,37.6388,37.6388,2.5000,30.40,17,,3,2,2,,,,
09165b6e-478c-49fc-b502-ad93c73c4c7c,GPS USPSA February 2022,2022-02-27,6,Bay 9,40b6f038-b194-40aa-9037-9c62036d9931,Parish Saculles,63,30.52,8,39.51,Limited,U,0,MINOR,,47.4165,36.6286,2.4329,23.84,19,,1,,4,,,,
09165b6e-478c-49fc-b502-ad93c73c4c7c,GPS USPSA February 2022,2022-02-27,6,Bay 9,40b6f038-b194-40aa-9037-9c62036d9931,Demmie James Soriano,64,25.47,9,32.97,Limited,U,0,MINOR,Senior,39.5641,30.5627,2.0300,32.02,16,,5,,3,,,,
09165b6e-478c-49fc-b502-ad93c73c4c7c,GPS USPSA February 2022,2022-02-27,6,Bay 9,40b6f038-b194-40aa-9037-9c62036d9931,Steve Thai,65,22.18,13,23.58,Open,U,0,MINOR,,28.2921,26.6106,1.7675,44.13,21,,1,,2,,,1,
09165b6e-478c-49fc-b502-ad93c73c4c7c,GPS USPSA February 2022,2022-02-27,6,Bay 9,40b6f038-b194-40aa-9037-9c62036d9931,Max Li,66,19.05,6,30.65,Production,X,0,MINOR,,36.7841,22.8633,1.5186,34.90,16,,4,1,3,,1,,
09165b6e-478c-49fc-b502-ad93c73c4c7c,GPS USPSA February 2022,2022-02-27,6,Bay 9,40b6f038-b194-40aa-9037-9c62036d9931,Eric wei,67,8.87,10,11.48,Limited,X,0,MINOR,Junior,13.7812,10.6458,0.7071,39.60,9,,6,5,4,,,,
09165b6e-478c-49fc-b502-ad93c73c4c7c,GPS USPSA February 2022,2022-02-27,6,Bay 9,40b6f038-b194-40aa-9037-9c62036d9931,Wei Zhang,68,6.71,11,8.69,Limited,U,,MINOR,,10.4250,8.0532,0.5349,31.78,12,,5,2,5,,,1,
09165b6e-478c-49fc-b502-ad93c73c4c7c,GPS USPSA February 2022,2022-02-27,6,Bay 9,40b6f038-b194-40aa-9037-9c62036d9931,Mike Kahl,69,0.00,29,0.00,Carry Optics,B,TY70984,MINOR,Super Senior,0.0000,0.0000,,,,,,,,,,,
09165b6e-478c-49fc-b502-ad93c73c4c7c,GPS USPSA February 2022,2022-02-27,6,Bay 9,40b6f038-b194-40aa-9037-9c62036d9931,Wilbert Abcede,70,0.00,7,0.00,Production,U,0,MINOR,Junior,0.0000,0.0000,0.0000,28.99,14,,2,,8,,,,
09165b6e-478c-49fc-b502-ad93c73c4c7c,GPS USPSA February 2022,2022-02-27,7,Bay 10,2843b708-8064-4c71-9629-f450f885dd5b,Gil Yolo,1,100.00,1,100.00,Open,M,L5228,MAJOR,,105.0000,105.0000,8.7329,11.68,18,,3,,,,,,
09165b6e-478c-49fc-b502-ad93c73c4c7c,GPS USPSA February 2022,2022-02-27,7,Bay 10,2843b708-8064-4c71-9629-f450f885dd5b,Mike Whitesides,2,83.16,2,83.16,Open,A,TY81358,MAJOR,,87.3170,87.3170,7.2622,13.77,16,,5,,,,,,
09165b6e-478c-49fc-b502-ad93c73c4c7c,GPS USPSA February 2022,2022-02-27,7,Bay 10,2843b708-8064-4c71-9629-f450f885dd5b,Vinh Lam,3,79.36,1,100.00,Limited,M,TY101025,MAJOR,,105.0000,83.3228,6.9300,14.43,16,,5,,,,,,
09165b6e-478c-49fc-b502-ad93c73c4c7c,GPS USPSA February 2022,2022-02-27,7,Bay 10,2843b708-8064-4c71-9629-f450f885dd5b,Kevin Bunurai,4,78.33,1,100.00,Carry Optics,M,TY105111,MINOR,,105.0000,82.2479,6.8406,14.18,17,,4,,,,,,
09165b6e-478c-49fc-b502-ad93c73c4c7c,GPS USPSA February 2022,2022-02-27,7,Bay 10,2843b708-8064-4c71-9629-f450f885dd5b,CHAN WILLIAM,5,76.76,3,76.76,Open,U,TY97870,MINOR,,80.5995,80.5995,6.7035,14.47,17,,4,,,,,,
09165b6e-478c-49fc-b502-ad93c73c4c7c,GPS USPSA February 2022,2022-02-27,7,Bay 10,2843b708-8064-4c71-9629-f450f885dd5b,Zachary Ralston,6,76.34,2,97.46,Carry Optics,B,A123081,MINOR,,102.3307,80.1570,6.6667,15.15,19,,2,,,,,,
09165b6e-478c-49fc-b502-ad93c73c4c7c,GPS USPSA February 2022,2022-02-27,7,Bay 10,2843b708-8064-4c71-9629-f450f885dd5b,Devin Yolo,7,75.77,3,96.73,Carry Optics,C,A112987,MINOR,,101.5617,79.5547,6.6166,14.66,17,,4,,,,,,
09165b6e-478c-49fc-b502-ad93c73c4c7c,GPS USPSA February 2022,2022-02-27,7,Bay 10,2843b708-8064-4c71-9629-f450f885dd5b,Mengyu Yue,8,74.83,1,100.00,PCC,A,TY109190,MINOR,,105.0000,78.5699,6.5347,15.15,18,,3,,,,,,
09165b6e-478c-49fc-b502-ad93c73c4c7c,GPS USPSA February 2022,2022-02-27,7,Bay 10,2843b708-8064-4c71-9629-f450f885dd5b,Scott Reeh,9,74.52,4,95.13,Carry Optics,A,A91497,MINOR,,99.8901,78.2453,6.5077,15.52,19,,2,,,,,,
09165b6e-478c-49fc-b502-ad93c73c4c7c,GPS USPSA February 2022,2022-02-27,7,Bay 10,2843b708-8064-4c71-9629-f450f885dd5b,JOSE ONIA,10,74.32,5,94.88,Carry Optics,D,A134359,MINOR,Senior,99.6215,78.0349,6.4902,15.87,20,,1,,,,,,
09165b6e-478c-49fc-b502-ad93c73c4c7c,GPS USPSA February 2022,2022-02-27,7,Bay 10,2843b708-8064-4c71-9629-f450f885dd5b,John Austria,11,72.38,4,72.38,Open,B,FY82746,MAJOR,,76.0017,76.0017,6.3211,15.82,16,,5,,,,,,
09165b6e-478c-49fc-b502-ad93c73c4c7c,GPS USPSA February 2022,2022-02-27,7,Bay 10,2843b708-8064-4c71-9629-f450f885dd5b,Derek Rabuck,12,70.98,2,94.85,PCC,B,Ty91331,MINOR,,99.5947,74.5252,6.1983,16.94,21,,,,,,,,
09165b6e-478c-49fc-b502-ad93c73c4c7c,GPS USPSA February 2022,2022-02-27,7,Bay 10,2843b708-8064-4c71-9629-f450f885dd5b,Khoi Nguyen,13,68.71,5,68.71,Open,A,TY101030,MAJOR,,72.1410,72.1410,6.0000,17.00,18,,3,,,,,,
09165b6e-478c-49fc-b502-ad93c73c4c7c,GPS USPSA February 2022,2022-02-27,7,Bay 10,2843b708-8064-4c71-9629-f450f885dd5b,Garrick Gonzalez,14,67.63,6,86.34,Carry Optics,B,A119804,MINOR,,90.6605,71.0156,5.9064,17.10,19,,2,,,,,,
09165b6e-478c-49fc-b502-ad93c73c4c7c,GPS USPSA February 2022,2022-02-27,7,Bay 10,2843b708-8064-4c71-9629-f450f885dd5b,Roman Gwiscz,15,66.78,7,85.26,Carry Optics,A,L4670,MINOR,,89.5215,70.1234,5.8322,15.26,13,,8,,,,,,
09165b6e-478c-49fc-b502-ad93c73c4c7c,GPS USPSA February 2022,2022-02-27,7,Bay 10,2843b708-8064-4c71-9629-f450f885dd5b,Jun Wu,16,66.35,3,88.67,PCC,B,TY104927,MINOR,,93.1064,69.6702,5.7945,16.74,18,,2,1,,,,,
09165b6e-478c-49fc-b502-ad93c73c4c7c,GPS USPSA February 2022,2022-02-27,7,Bay 10,2843b708-8064-4c71-9629-f450f885dd5b,Travis McKenzie,17,65.34,8,83.42,Carry Optics,U,A139201,MINOR,,87.5906,68.6109,5.7064,18.05,20,,1,,,,,,
09165b6e-478c-49fc-b502-ad93c73c4c7c,GPS USPSA February 2022,2022-02-27,7,Bay 10,2843b708-8064-4c71-9629-f450f885dd5b,Jason Wells,18,65.27,1,100.00,Single Stack,A,L5218,MAJOR,,105.0000,68.5351,5.7001,18.07,19,,2,,,,,,
09165b6e-478c-49fc-b502-ad93c73c4c7c,GPS USPSA February 2022,2022-02-27,7,Bay 10,2843b708-8064-4c71-9629-f450f885dd5b,Steven McNamara,19,65.14,6,65.14,Open,B,A75212,MAJOR,Senior,68.3993,68.3993,5.6888,17.93,18,,3,,,,,,
09165b6e-478c-49fc-b502-ad93c73c4c7c,GPS USPSA February 2022,2022-02-27,7,Bay 10,2843b708-8064-4c71-9629-f450f885dd5b,Henry Wong,20,64.65,9,82.54,Carry Optics,U,0,MINOR,,86.6650,67.8859,5.6461,17.18,17,,4,,,,,,
09165b6e-478c-49fc-b502-ad93c73c4c7c,GPS USPSA February 2022,2022-02-27,7,Bay 10,2843b708-8064-4c71-9629-f450f885dd5b,Albert Montanez,21,64.49,7,64.49,Open,M,TY101554,MAJOR,,67.7187,67.7187,5.6322,17.40,16,,4,1,,,,,
09165b6e-478c-49fc-b502-ad93c73c4c7c,GPS USPSA February 2022,2022-02-27,7,Bay 10,2843b708-8064-4c71-9629-f450f885dd5b,Marlon Poralan,22,64.21,8,64.21,Open,D,TY76330,MAJOR,Law Enforcement,67.4218,67.4218,5.6075,18.19,18,,3,,,,,,
09165b6e-478c-49fc-b502-ad93c73c4c7c,GPS USPSA February 2022,2022-02-27,7,Bay 10,2843b708-8064-4c71-9629-f450f885dd5b,Arnold Gee,23,62.92,10,80.33,Carry Optics,C,TY103519,MINOR,Senior,84.3472,66.0703,5.4951,18.38,19,,2,,,,,,
09165b6e-478c-49fc-b502-ad93c73c4c7c,GPS USPSA February 2022,2022-02-27,7,Bay 10,2843b708-8064-4c71-9629-f450f885dd5b,John Brunkhorst,24,62.74,11,80.09,Carry Optics,B,A116144,MINOR,,84.0955,65.8731,5.4787,18.07,18,,3,,,,,,
09165b6e-478c-49fc-b502-ad93c73c4c7c,GPS USPSA February 2022,2022-02-27,7,Bay 10,2843b708-8064-4c71-9629-f450f885dd5b,JC Reinel Aguinaldo,25,62.44,12,79.71,Carry Optics,U,0,MINOR,Junior,83.6949,65.5593,5.4526,18.89,20,,1,,,,,,
09165b6e-478c-49fc-b502-ad93c73c4c7c,GPS USPSA February 2022,2022-02-27,7,Bay 10,2843b708-8064-4c71-9629-f450f885dd5b,James Tonkinson,26,61.75,13,78.83,Carry Optics,A,A123944,MINOR,,82.7677,64.8331,5.3922,18.36,18,,3,,,,,,
09165b6e-478c-49fc-b502-ad93c73c4c7c,GPS USPSA February 2022,2022-02-27,7,Bay 10,2843b708-8064-4c71-9629-f450f885dd5b,Don Sanders,27,59.36,2,74.81,Limited,A,FY46389,MAJOR,Senior,78.5455,62.3298,5.1840,19.29,16,,5,,,,,,
09165b6e-478c-49fc-b502-ad93c73c4c7c,GPS USPSA February 2022,2022-02-27,7,Bay 10,2843b708-8064-4c71-9629-f450f885dd5b,Manny Nerona,28,58.33,14,74.46,Carry Optics,U,A69445,MINOR,,78.1874,61.2453,5.0938,18.65,17,,3,1,,,,,
09165b6e-478c-49fc-b502-ad93c73c4c7c,GPS USPSA February 2022,2022-02-27,7,Bay 10,2843b708-8064-4c71-9629-f450f885dd5b,Doug Joder,29,58.22,4,77.81,PCC,B,A115020,MINOR,,81.7013,61.1359,5.0847,19.47,18,,3,,,,,,
09165b6e-478c-49fc-b502-ad93c73c4c7c,GPS USPSA February 2022,2022-02-27,7,Bay 10,2843b708-8064-4c71-9629-f450f885dd5b,Lan Nguyen,30,56.60,9,56.60,Open,A,Ty81359,MAJOR,,59.4261,59.4261,4.9425,17.40,16,,4,,1,,,,
09165b6e-478c-49fc-b502-ad93c73c4c7c,GPS USPSA February 2022,2022-02-27,7,Bay 10,2843b708-8064-4c71-9629-f450f885dd5b,Robert Bui,31,55.89,15,71.35,Carry Optics,B,A103016,MINOR,,74.9195,58.6855,4.8809,17.21,17,,3,,1,,,,
09165b6e-478c-49fc-b502-ad93c73c4c7c,GPS USPSA February 2022,2022-02-27,7,Bay 10,2843b708-8064-4c71-9629-f450f885dd5b,Carlos Escandon,32,55.58,16,70.96,Carry Optics,U,L2590,MINOR,Super Senior,74.5051,58.3609,4.8539,19.16,15,,6,,,,,,
09165b6e-478c-49fc-b502-ad93c73c4c7c,GPS USPSA February 2022,2022-02-27,7,Bay 10,2843b708-8064-4c71-9629-f450f885dd5b,Jonathan Backof,33,54.09,2,82.87,Single Stack,B,A116878,MAJOR,,87.0140,56.7954,4.7237,21.17,16,,5,,,,,,
09165b6e-478c-49fc-b502-ad93c73c4c7c,GPS USPSA February 2022,2022-02-27,7,Bay 10,2843b708-8064-4c71-9629-f450f885dd5b,Khoa Nguyen,34,52.39,1,100.00,Production,A,A117224,MINOR,Law Enforcement,105.0000,55.0099,4.5752,19.89,15,,5,1,,,,,
09165b6e-478c-49fc-b502-ad93c73c4c7c,GPS USPSA February 2022,2022-02-27,7,Bay 10,2843b708-8064-4c71-9629-f450f885dd5b,Matthew Gonzalez,35,51.33,17,65.53,Carry Optics,B,A119810,MINOR,,68.8027,53.8941,4.4824,21.64,17,,4,,,,,,
09165b6e-478c-49fc-b502-ad93c73c4c7c,GPS USPSA February 2022,2022-02-27,7,Bay 10,2843b708-8064-4c71-9629-f450f885dd5b,Jake Mansfield,36,50.32,18,64.24,Carry Optics,B,A101123,MINOR,,67.4474,52.8324,4.3941,21.62,16,,5,,,,,,
09165b6e-478c-49fc-b502-ad93c73c4c7c,GPS USPSA February 2022,2022-02-27,7,Bay 10,2843b708-8064-4c71-9629-f450f885dd5b,Dale Fike,37,49.44,10,49.44,Open,U,TY113427,MINOR,Senior,51.9090,51.9090,4.3173,19.92,18,,2,,1,,,,
09165b6e-478c-49fc-b502-ad93c73c4c7c,GPS USPSA February 2022,2022-02-27,7,Bay 10,2843b708-8064-4c71-9629-f450f885dd5b,Antonio Tormis,38,49.16,19,62.76,Carry Optics,B,A124958,MINOR,,65.9017,51.6217,4.2934,16.77,11,,9,,1,,,,
09165b6e-478c-49fc-b502-ad93c73c4c7c,GPS USPSA February 2022,2022-02-27,7,Bay 10,2843b708-8064-4c71-9629-f450f885dd5b,Marchoni Aquino,39,48.37,5,64.64,PCC,D,A124540,MINOR,,67.8731,50.7885,4.2241,22.49,16,,5,,,,,,
09165b6e-478c-49fc-b502-ad93c73c4c7c,GPS USPSA February 2022,2022-02-27,7,Bay 10,2843b708-8064-4c71-9629-f450f885dd5b,Haydn Brown,40,48.09,3,60.60,Limited,U,A62956,MAJOR,,63.6258,50.4903,4.1993,24.29,18,,3,,,,,,
09165b6e-478c-49fc-b502-ad93c73c4c7c,GPS USPSA February 2022,2022-02-27,7,Bay 10,2843b708-8064-4c71-9629-f450f885dd5b,Edsel Esquivel,41,47.22,20,60.29,Carry Optics,U,A137879,MINOR,Junior,63.3030,49.5861,4.1241,24.49,19,,2,,,,,,
09165b6e-478c-49fc-b502-ad93c73c4c7c,GPS USPSA February 2022,2022-02-27,7,Bay 10,2843b708-8064-4c71-9629-f450f885dd5b,Ramil Villanueva,42,45.93,21,58.64,Carry Optics,D,A110261,MINOR,Junior,61.5685,48.2275,4.0111,21.69,12,,9,,,,,,
09165b6e-478c-49fc-b502-ad93c73c4c7c,GPS USPSA February 2022,2022-02-27,7,Bay 10,2843b708-8064-4c71-9629-f450f885dd5b,Jimmy Durham,43,44.73,11,44.73,Open,C,TY135611,MAJOR,,46.9710,46.9710,3.9066,24.83,15,,5,1,,,,,
09165b6e-478c-49fc-b502-ad93c73c4c7c,GPS USPSA February 2022,2022-02-27,7,Bay 10,2843b708-8064-4c71-9629-f450f885dd5b,Parish Saculles,44,43.60,4,54.95,Limited,U,0,MINOR,,57.6939,45.7831,3.8078,27.05,20,,1,,,,,,
09165b6e-478c-49fc-b502-ad93c73c4c7c,GPS USPSA February 2022,2022-02-27,7,Bay 10,2843b708-8064-4c71-9629-f450f885dd5b,Drew Yang,45,43.33,2,82.71,Production,U,A138478,MINOR,,86.8490,45.5005,3.7843,22.99,13,,7,1,,,,,
09165b6e-478c-49fc-b502-ad93c73c4c7c,GPS USPSA February 2022,2022-02-27,7,Bay 10,2843b708-8064-4c71-9629-f450f885dd5b,Gennady Khokhorin,46,42.61,3,81.34,Production,C,A123884,MINOR,Senior,85.4054,44.7442,3.7214,27.14,19,,2,,,,,,
09165b6e-478c-49fc-b502-ad93c73c4c7c,GPS USPSA February 2022,2022-02-27,7,Bay 10,2843b708-8064-4c71-9629-f450f885dd5b,Page Brunkhorst,47,42.34,4,80.82,Production,C,L4903,MINOR,Senior,84.8661,44.4617,3.6979,25.69,16,,5,,,,,,
09165b6e-478c-49fc-b502-ad93c73c4c7c,GPS USPSA February 2022,2022-02-27,7,Bay 10,2843b708-8064-4c71-9629-f450f885dd5b,Monie Perry,48,41.15,22,52.54,Carry Optics,X,0,MINOR,Military,55.1647,43.2112,3.5939,28.66,20,,1,,,,,,
09165b6e-478c-49fc-b502-ad93c73c4c7c,GPS USPSA February 2022,2022-02-27,7,Bay 10,2843b708-8064-4c71-9629-f450f885dd5b,Abrahan Figueroa,49,39.35,12,39.35,Open,C,TY54053,MAJOR,Senior,41.3175,41.3175,3.4364,29.10,16,,5,,,,,,
09165b6e-478c-49fc-b502-ad93c73c4c7c,GPS USPSA February 2022,2022-02-27,7,Bay 10,2843b708-8064-4c71-9629-f450f885dd5b,Angela Rabuck,50,39.07,5,49.23,Limited,C,Ty91275,MAJOR,Lady,51.6939,41.0218,3.4118,29.31,16,,5,,,,,,
09165b6e-478c-49fc-b502-ad93c73c4c7c,GPS USPSA February 2022,2022-02-27,7,Bay 10,2843b708-8064-4c71-9629-f450f885dd5b,JR Roberts,51,37.80,6,47.64,Limited,C,TY102739,MAJOR,,50.0212,39.6944,3.3014,30.29,16,,5,,,,,,
09165b6e-478c-49fc-b502-ad93c73c4c7c,GPS USPSA February 2022,2022-02-27,7,Bay 10,2843b708-8064-4c71-9629-f450f885dd5b,Cliff Pinsent,52,36.41,23,46.49,Carry Optics,C,TY99321,MINOR,Super Senior,48.8115,38.2347,3.1800,32.39,20,,1,,,,,,
09165b6e-478c-49fc-b502-ad93c73c4c7c,GPS USPSA February 2022,2022-02-27,7,Bay 10,2843b708-8064-4c71-9629-f450f885dd5b,Albert Culanag,53,35.00,24,44.69,Carry Optics,U,A137938,MINOR,,46.9220,36.7546,3.0569,33.04,19,,2,,,,,,
09165b6e-478c-49fc-b502-ad93c73c4c7c,GPS USPSA February 2022,2022-02-27,7,Bay 10,2843b708-8064-4c71-9629-f450f885dd5b,Robert Losin,54,34.44,6,46.03,PCC,U,A139237,MINOR,Senior,48.3279,36.1631,3.0077,34.91,21,,,,,,,,
09165b6e-478c-49fc-b502-ad93c73c4c7c,GPS USPSA February 2022,2022-02-27,7,Bay 10,2843b708-8064-4c71-9629-f450f885dd5b,Ian Pre,55,34.33,25,43.82,Carry Optics,U,0,MINOR,,46.0133,36.0428,2.9977,34.36,20,,1,,,,,,
09165b6e-478c-49fc-b502-ad93c73c4c7c,GPS USPSA February 2022,2022-02-27,7,Bay 10,2843b708-8064-4c71-9629-f450f885dd5b,Vincent Sclider,56,33.40,7,42.09,Limited,U,0,MINOR,,44.1924,35.0689,2.9167,36.00,21,,,,,,,,
09165b6e-478c-49fc-b502-ad93c73c4c7c,GPS USPSA February 2022,2022-02-27,7,Bay 10,2843b708-8064-4c71-9629-f450f885dd5b,John Christian (JC) Onia,57,30.57,26,39.03,Carry Optics,U,0,MINOR,Junior,40.9817,32.1015,2.6699,37.08,18,,3,,,,,,
09165b6e-478c-49fc-b502-ad93c73c4c7c,GPS USPSA February 2022,2022-02-27,7,Bay 10,2843b708-8064-4c71-9629-f450f885dd5b,Wei Zhang,58,30.15,8,37.99,Limited,U,,MINOR,,39.8939,31.6579,2.6330,37.60,18,,3,,,,,,
09165b6e-478c-49fc-b502-ad93c73c4c7c,GPS USPSA February 2022,2022-02-27,7,Bay 10,2843b708-8064-4c71-9629-f450f885dd5b,Lawrence Fu,59,26.04,27,33.25,Carry Optics,U,0,MINOR,,34.9079,27.3438,2.2742,30.78,12,,6,2,1,,,,
09165b6e-478c-49fc-b502-ad93c73c4c7c,GPS USPSA February 2022,2022-02-27,7,Bay 10,2843b708-8064-4c71-9629-f450f885dd5b,lin shi,60,24.33,28,31.07,Carry Optics,U,TY138430,MINOR,Junior,32.6193,25.5511,2.1251,25.41,15,,3,,3,,,,
09165b6e-478c-49fc-b502-ad93c73c4c7c,GPS USPSA February 2022,2022-02-27,7,Bay 10,2843b708-8064-4c71-9629-f450f885dd5b,Max Li,61,23.32,5,44.52,Production,X,0,MINOR,,46.7442,24.4895,2.0368,45.66,16,,4,1,,,,,
09165b6e-478c-49fc-b502-ad93c73c4c7c,GPS USPSA February 2022,2022-02-27,7,Bay 10,2843b708-8064-4c71-9629-f450f885dd5b,Demmie James Soriano,62,22.97,9,28.94,Limited,U,0,MINOR,Senior,30.3879,24.1143,2.0056,46.37,16,,4,1,,,,,
09165b6e-478c-49fc-b502-ad93c73c4c7c,GPS USPSA February 2022,2022-02-27,7,Bay 10,2843b708-8064-4c71-9629-f450f885dd5b,Jack Liu,63,22.86,7,30.55,PCC,C,Ty130790,MINOR,,32.0815,24.0061,1.9966,35.06,10,,10,,1,,,,
09165b6e-478c-49fc-b502-ad93c73c4c7c,GPS USPSA February 2022,2022-02-27,7,Bay 10,2843b708-8064-4c71-9629-f450f885dd5b,Bihan Wang,64,22.26,6,42.48,Production,U,A139731,MINOR,,44.6076,23.3701,1.9437,44.76,15,,3,3,,,,,
09165b6e-478c-49fc-b502-ad93c73c4c7c,GPS USPSA February 2022,2022-02-27,7,Bay 10,2843b708-8064-4c71-9629-f450f885dd5b,Wilbert Abcede,65,20.73,7,39.57,Production,U,0,MINOR,Junior,41.5506,21.7685,1.8105,35.35,10,,7,3,1,,,,
09165b6e-478c-49fc-b502-ad93c73c4c7c,GPS USPSA February 2022,2022-02-27,7,Bay 10,2843b708-8064-4c71-9629-f450f885dd5b,Eric wei,66,15.06,10,18.98,Limited,X,0,MINOR,Junior,19.9333,15.8181,1.3156,61.57,12,,6,3,,,,,
09165b6e-478c-49fc-b502-ad93c73c4c7c,GPS USPSA February 2022,2022-02-27,7,Bay 10,2843b708-8064-4c71-9629-f450f885dd5b,Rodwick Gates,67,14.47,11,18.24,Limited,U,A135944,MINOR,,19.1485,15.1953,1.2638,24.53,11,,5,1,4,,,,
09165b6e-478c-49fc-b502-ad93c73c4c7c,GPS USPSA February 2022,2022-02-27,7,Bay 10,2843b708-8064-4c71-9629-f450f885dd5b,Steve Thai,68,13.80,13,13.80,Open,U,0,MINOR,,14.4883,14.4883,1.2050,62.24,19,,,,2,,,,
09165b6e-478c-49fc-b502-ad93c73c4c7c,GPS USPSA February 2022,2022-02-27,7,Bay 10,2843b708-8064-4c71-9629-f450f885dd5b,Pat Byrne,69,0.00,3,0.00,Single Stack,B,Fy93921,MAJOR,Super Senior,0.0000,0.0000,,,,,,,,,,,
09165b6e-478c-49fc-b502-ad93c73c4c7c,GPS USPSA February 2022,2022-02-27,7,Bay 10,2843b708-8064-4c71-9629-f450f885dd5b,Mike Kahl,70,0.00,29,0.00,Carry Optics,B,TY70984,MINOR,Super Senior,0.0000,0.0000,,,,,,,,,,,
