match_id,match_name,match_date,stage_number,stage_name,stage_uuid,shooter_name,shooter_rank_combined,shooter_percent_combined,shooter_rank_division,shooter_percent_division,division,class,member_number,power_factor,categories,stage_points,stage_points_combined,hit_factor,time,A,B,C,D,M,NPM,NS,Proc,Apen
16536875-f516-41f6-8e37-a92cd19a93e9,Wallis Orchard Practical Shooters June 2022,2022-06-19,1,HI-Way Robbery,dac2f156-a79e-4fc4-9f1e-192951e95361,Kevin Bunurai,1,100.00,1,100.00,Carry Optics,M,TY105111,MINOR,,60.0000,60.0000,8.0321,7.47,12,,,,,,,,
16536875-f516-41f6-8e37-a92cd19a93e9,Wallis Orchard Practical Shooters June 2022,2022-06-19,1,HI-Way Robbery,dac2f156-a79e-4fc4-9f1e-192951e95361,Andrew Whitley,2,98.67,1,100.00,Open,A,TY106649,MAJOR,,60.0000,59.2007,7.9251,6.94,7,,5,,,,,,
16536875-f516-41f6-8e37-a92cd19a93e9,Wallis Orchard Practical Shooters June 2022,2022-06-19,1,HI-Way Robbery,dac2f156-a79e-4fc4-9f1e-192951e95361,Edwin Garcia,3,97.27,2,97.27,Carry Optics,U,TY38396,MINOR,,58.3596,58.3596,7.8125,7.68,12,,,,,,,,
16536875-f516-41f6-8e37-a92cd19a93e9,Wallis Orchard Practical Shooters June 2022,2022-06-19,1,HI-Way Robbery,dac2f156-a79e-4fc4-9f1e-192951e95361,Duane Mendoza,4,95.77,3,95.77,Carry Optics,B,x,MINOR,,57.4617,57.4617,7.6923,7.54,11,,1,,,,,,
16536875-f516-41f6-8e37-a92cd19a93e9,Wallis Orchard Practical Shooters June 2022,2022-06-19,1,HI-Way Robbery,dac2f156-a79e-4fc4-9f1e-192951e95361,Craig Bellamy,5,93.05,4,93.05,Carry Optics,U,TY54824,MINOR,Law Enforcement,55.8325,55.8325,7.4742,7.76,11,,1,,,,,,
16536875-f516-41f6-8e37-a92cd19a93e9,Wallis Orchard Practical Shooters June 2022,2022-06-19,1,HI-Way Robbery,dac2f156-a79e-4fc4-9f1e-192951e95361,Roman Gwiscz,6,90.49,5,90.49,Carry Optics,A,L4670,MINOR,,54.2936,54.2936,7.2682,7.98,11,,1,,,,,,
16536875-f516-41f6-8e37-a92cd19a93e9,Wallis Orchard Practical Shooters June 2022,2022-06-19,1,HI-Way Robbery,dac2f156-a79e-4fc4-9f1e-192951e95361,Wade Pruetz,7,90.15,2,91.37,Open,A,TY79055,MAJOR,Senior,54.8200,54.0897,7.2409,8.01,10,,2,,,,,,
16536875-f516-41f6-8e37-a92cd19a93e9,Wallis Orchard Practical Shooters June 2022,2022-06-19,1,HI-Way Robbery,dac2f156-a79e-4fc4-9f1e-192951e95361,Paul Felker,8,89.73,6,89.73,Carry Optics,M,TY107123,MINOR,,53.8380,53.8380,7.2072,6.66,8,,2,2,,,,,
16536875-f516-41f6-8e37-a92cd19a93e9,Wallis Orchard Practical Shooters June 2022,2022-06-19,1,HI-Way Robbery,dac2f156-a79e-4fc4-9f1e-192951e95361,Khoa Nguyen,9,87.20,1,100.00,Production,A,A117224,MINOR,Law Enforcement,60.0000,52.3193,7.0039,7.71,9,,3,,,,,,
16536875-f516-41f6-8e37-a92cd19a93e9,Wallis Orchard Practical Shooters June 2022,2022-06-19,1,HI-Way Robbery,dac2f156-a79e-4fc4-9f1e-192951e95361,Justin Corona,10,86.18,3,87.34,Open,B,L4452,MINOR,,52.4064,51.7083,6.9221,8.09,10,,2,,,,,,
16536875-f516-41f6-8e37-a92cd19a93e9,Wallis Orchard Practical Shooters June 2022,2022-06-19,1,HI-Way Robbery,dac2f156-a79e-4fc4-9f1e-192951e95361,Matthew Michna,11,85.05,7,85.05,Carry Optics,B,A128405,MINOR,,51.0322,51.0322,6.8316,8.49,11,,1,,,,,,
16536875-f516-41f6-8e37-a92cd19a93e9,Wallis Orchard Practical Shooters June 2022,2022-06-19,1,HI-Way Robbery,dac2f156-a79e-4fc4-9f1e-192951e95361,Mike Junco,12,83.70,8,83.70,Carry Optics,M,FY34819,MINOR,Foreign; Law Enforcement,50.2187,50.2187,6.7227,8.33,11,,,1,,,,,
16536875-f516-41f6-8e37-a92cd19a93e9,Wallis Orchard Practical Shooters June 2022,2022-06-19,1,HI-Way Robbery,dac2f156-a79e-4fc4-9f1e-192951e95361,Scott Reeh,13,82.90,9,82.90,Carry Optics,A,A91497,MINOR,,49.7429,49.7429,6.6590,8.71,11,,1,,,,,,
16536875-f516-41f6-8e37-a92cd19a93e9,Wallis Orchard Practical Shooters June 2022,2022-06-19,1,HI-Way Robbery,dac2f156-a79e-4fc4-9f1e-192951e95361,Francis X. Hummel,14,82.72,2,94.86,Production,B,TY123776,MINOR,,56.9151,49.6294,6.6438,8.73,11,,1,,,,,,
16536875-f516-41f6-8e37-a92cd19a93e9,Wallis Orchard Practical Shooters June 2022,2022-06-19,1,HI-Way Robbery,dac2f156-a79e-4fc4-9f1e-192951e95361,Matt Lem,15,82.27,3,94.35,Production,A,FY34763,MINOR,,56.6076,49.3612,6.6079,9.08,12,,,,,,,,
16536875-f516-41f6-8e37-a92cd19a93e9,Wallis Orchard Practical Shooters June 2022,2022-06-19,1,HI-Way Robbery,dac2f156-a79e-4fc4-9f1e-192951e95361,randy callison,16,82.26,1,100.00,PCC,A,A14418,MINOR,Senior,60.0000,49.3575,6.6074,7.87,8,,4,,,,,,
16536875-f516-41f6-8e37-a92cd19a93e9,Wallis Orchard Practical Shooters June 2022,2022-06-19,1,HI-Way Robbery,dac2f156-a79e-4fc4-9f1e-192951e95361,Jim Havens,17,81.83,10,81.83,Carry Optics,G,Ty114636,MINOR,Senior,49.0990,49.0990,6.5728,8.52,10,,2,,,,,,
16536875-f516-41f6-8e37-a92cd19a93e9,Wallis Orchard Practical Shooters June 2022,2022-06-19,1,HI-Way Robbery,dac2f156-a79e-4fc4-9f1e-192951e95361,CARLOS NIEVES,18,81.26,2,98.78,PCC,C,A120418,MINOR,,59.2681,48.7554,6.5268,8.58,10,,2,,,,,,
16536875-f516-41f6-8e37-a92cd19a93e9,Wallis Orchard Practical Shooters June 2022,2022-06-19,1,HI-Way Robbery,dac2f156-a79e-4fc4-9f1e-192951e95361,Doug Joder,19,81.10,3,98.58,PCC,B,A115020,MINOR,,59.1510,48.6590,6.5139,8.29,9,,3,,,,,,
16536875-f516-41f6-8e37-a92cd19a93e9,Wallis Orchard Practical Shooters June 2022,2022-06-19,1,HI-Way Robbery,dac2f156-a79e-4fc4-9f1e-192951e95361,Janice Pacleb,20,80.79,4,81.88,Open,B,Ty75597,MAJOR,Lady,49.1275,48.4730,6.4890,8.63,10,,1,1,,,,,
16536875-f516-41f6-8e37-a92cd19a93e9,Wallis Orchard Practical Shooters June 2022,2022-06-19,1,HI-Way Robbery,dac2f156-a79e-4fc4-9f1e-192951e95361,Pat Byrne,21,78.75,1,100.00,Single Stack,B,Fy93921,MINOR,Super Senior,60.0000,47.2479,6.3250,9.17,11,,1,,,,,,
16536875-f516-41f6-8e37-a92cd19a93e9,Wallis Orchard Practical Shooters June 2022,2022-06-19,1,HI-Way Robbery,dac2f156-a79e-4fc4-9f1e-192951e95361,Travis McKenzie,22,78.66,11,78.66,Carry Optics,B,TY139201,MINOR,,47.1964,47.1964,6.3181,9.18,11,,1,,,,,,
16536875-f516-41f6-8e37-a92cd19a93e9,Wallis Orchard Practical Shooters June 2022,2022-06-19,1,HI-Way Robbery,dac2f156-a79e-4fc4-9f1e-192951e95361,Elisabeth Steiger,23,77.99,4,94.80,PCC,C,A136514,MINOR,Lady,56.8817,46.7922,6.2640,8.94,10,,2,,,,,,
16536875-f516-41f6-8e37-a92cd19a93e9,Wallis Orchard Practical Shooters June 2022,2022-06-19,1,HI-Way Robbery,dac2f156-a79e-4fc4-9f1e-192951e95361,Luke Rogers,24,75.85,12,75.85,Carry Optics,B,A133534,MINOR,,45.5104,45.5104,6.0924,9.52,11,,1,,,,,,
16536875-f516-41f6-8e37-a92cd19a93e9,Wallis Orchard Practical Shooters June 2022,2022-06-19,1,HI-Way Robbery,dac2f156-a79e-4fc4-9f1e-192951e95361,Marc Demeza,25,75.22,13,75.22,Carry Optics,U,A70759,MINOR,,45.1317,45.1317,6.0417,9.60,11,,1,,,,,,
16536875-f516-41f6-8e37-a92cd19a93e9,Wallis Orchard Practical Shooters June 2022,2022-06-19,1,HI-Way Robbery,dac2f156-a79e-4fc4-9f1e-192951e95361,James Tonkinson,26,73.61,14,73.61,Carry Optics,A,A123944,MINOR,,44.1650,44.1650,5.9123,9.81,11,,1,,,,,,
16536875-f516-41f6-8e37-a92cd19a93e9,Wallis Orchard Practical Shooters June 2022,2022-06-19,1,HI-Way Robbery,dac2f156-a79e-4fc4-9f1e-192951e95361,Jimmy Durham,27,72.40,5,88.01,PCC,U,TY135611,MINOR,,52.8062,43.4397,5.8152,9.63,10,,2,,,,,,
16536875-f516-41f6-8e37-a92cd19a93e9,Wallis Orchard Practical Shooters June 2022,2022-06-19,1,HI-Way Robbery,dac2f156-a79e-4fc4-9f1e-192951e95361,Gary Wu,28,71.31,15,71.31,Carry Optics,B,L2998,MINOR,Senior,42.7876,42.7876,5.7279,8.38,11,,1,,,,1,,
16536875-f516-41f6-8e37-a92cd19a93e9,Wallis Orchard Practical Shooters June 2022,2022-06-19,1,HI-Way Robbery,dac2f156-a79e-4fc4-9f1e-192951e95361,Christopher Ham,29,70.64,6,85.87,PCC,U,A135936,MINOR,,51.5222,42.3834,5.6738,9.87,10,,2,,,,,,
16536875-f516-41f6-8e37-a92cd19a93e9,Wallis Orchard Practical Shooters June 2022,2022-06-19,1,HI-Way Robbery,dac2f156-a79e-4fc4-9f1e-192951e95361,Garry Newton,30,70.26,7,85.41,PCC,M,A79434,MINOR,Super Senior,51.2453,42.1556,5.6433,8.86,12,,,,,,1,,
16536875-f516-41f6-8e37-a92cd19a93e9,Wallis Orchard Practical Shooters June 2022,2022-06-19,1,HI-Way Robbery,dac2f156-a79e-4fc4-9f1e-192951e95361,Marlon Poralan,31,69.89,5,70.83,Open,D,Ty1234,MAJOR,Law Enforcement,42.5007,41.9345,5.6137,10.51,11,,1,,,,,,
16536875-f516-41f6-8e37-a92cd19a93e9,Wallis Orchard Practical Shooters June 2022,2022-06-19,1,HI-Way Robbery,dac2f156-a79e-4fc4-9f1e-192951e95361,Berrhett Foss,32,69.54,6,70.48,Open,U,,MINOR,,42.2864,41.7231,5.5854,9.31,8,,4,,,,,,
16536875-f516-41f6-8e37-a92cd19a93e9,Wallis Orchard Practical Shooters June 2022,2022-06-19,1,HI-Way Robbery,dac2f156-a79e-4fc4-9f1e-192951e95361,Robbie Boettcher,33,68.72,16,68.72,Carry Optics,U,A139912,MINOR,,41.2331,41.2331,5.5198,10.87,12,,,,,,,,
16536875-f516-41f6-8e37-a92cd19a93e9,Wallis Orchard Practical Shooters June 2022,2022-06-19,1,HI-Way Robbery,dac2f156-a79e-4fc4-9f1e-192951e95361,Daniel Alexander,34,68.25,7,69.17,Open,U,A139889,MINOR,,41.5036,40.9507,5.4820,10.58,11,,1,,,,,,
16536875-f516-41f6-8e37-a92cd19a93e9,Wallis Orchard Practical Shooters June 2022,2022-06-19,1,HI-Way Robbery,dac2f156-a79e-4fc4-9f1e-192951e95361,Brett Dempsey,35,68.02,17,68.02,Carry Optics,C,TY114367,MINOR,,40.8117,40.8117,5.4634,10.25,10,,2,,,,,,
16536875-f516-41f6-8e37-a92cd19a93e9,Wallis Orchard Practical Shooters June 2022,2022-06-19,1,HI-Way Robbery,dac2f156-a79e-4fc4-9f1e-192951e95361,Anthony Fong,36,67.49,18,67.49,Carry Optics,U,A142224,MINOR,,40.4920,40.4920,5.4206,10.70,11,,1,,,,,,
16536875-f516-41f6-8e37-a92cd19a93e9,Wallis Orchard Practical Shooters June 2022,2022-06-19,1,HI-Way Robbery,dac2f156-a79e-4fc4-9f1e-192951e95361,Pete Kirchner,37,65.86,19,65.86,Carry Optics,A,TY105743,MINOR,,39.5187,39.5187,5.2903,7.75,10,,,1,1,,,,
16536875-f516-41f6-8e37-a92cd19a93e9,Wallis Orchard Practical Shooters June 2022,2022-06-19,1,HI-Way Robbery,dac2f156-a79e-4fc4-9f1e-192951e95361,Joseph White,38,63.85,4,73.22,Production,C,A135489,MINOR,Law Enforcement,43.9315,38.3078,5.1282,11.31,11,,1,,,,,,
16536875-f516-41f6-8e37-a92cd19a93e9,Wallis Orchard Practical Shooters June 2022,2022-06-19,1,HI-Way Robbery,dac2f156-a79e-4fc4-9f1e-192951e95361,Hopper Po,39,62.98,20,62.98,Carry Optics,U,A132909,MINOR,,37.7864,37.7864,5.0584,10.28,8,,4,,,,,,
16536875-f516-41f6-8e37-a92cd19a93e9,Wallis Orchard Practical Shooters June 2022,2022-06-19,1,HI-Way Robbery,dac2f156-a79e-4fc4-9f1e-192951e95361,Arnold Gee,40,62.73,21,62.73,Carry Optics,B,Ty103519,MINOR,Senior,37.6362,37.6362,5.0383,9.13,11,,,1,,,1,,
16536875-f516-41f6-8e37-a92cd19a93e9,Wallis Orchard Practical Shooters June 2022,2022-06-19,1,HI-Way Robbery,dac2f156-a79e-4fc4-9f1e-192951e95361,Ross Apffel,41,60.77,5,69.69,Production,A,L4428,MINOR,,41.8164,36.4634,4.8813,7.58,8,,2,1,1,,,,
16536875-f516-41f6-8e37-a92cd19a93e9,Wallis Orchard Practical Shooters June 2022,2022-06-19,1,HI-Way Robbery,dac2f156-a79e-4fc4-9f1e-192951e95361,Pocholo Dimayuga,42,59.24,1,100.00,Limited,C,A106236,MAJOR,,60.0000,35.5416,4.7579,11.98,9,,3,,,,,,
16536875-f516-41f6-8e37-a92cd19a93e9,Wallis Orchard Practical Shooters June 2022,2022-06-19,1,HI-Way Robbery,dac2f156-a79e-4fc4-9f1e-192951e95361,Virak Meas,43,57.52,22,57.52,Carry Optics,U,,MINOR,,34.5100,34.5100,4.6198,10.39,6,,6,,,,,,
16536875-f516-41f6-8e37-a92cd19a93e9,Wallis Orchard Practical Shooters June 2022,2022-06-19,1,HI-Way Robbery,dac2f156-a79e-4fc4-9f1e-192951e95361,Bill Kinstley,44,57.34,2,96.80,Limited,,A104836,MAJOR,,58.0819,34.4054,4.6058,12.81,11,,1,,,,,,
16536875-f516-41f6-8e37-a92cd19a93e9,Wallis Orchard Practical Shooters June 2022,2022-06-19,1,HI-Way Robbery,dac2f156-a79e-4fc4-9f1e-192951e95361,Norman Oducado,45,56.68,3,95.69,Limited,C,A103491,MINOR,,57.4136,34.0095,4.5528,12.30,10,,2,,,,,,
16536875-f516-41f6-8e37-a92cd19a93e9,Wallis Orchard Practical Shooters June 2022,2022-06-19,1,HI-Way Robbery,dac2f156-a79e-4fc4-9f1e-192951e95361,Anthony Duke III,46,56.38,23,56.38,Carry Optics,U,,MINOR,,33.8265,33.8265,4.5283,10.60,11,,1,,,,1,,
16536875-f516-41f6-8e37-a92cd19a93e9,Wallis Orchard Practical Shooters June 2022,2022-06-19,1,HI-Way Robbery,dac2f156-a79e-4fc4-9f1e-192951e95361,Michael Pontious,47,54.20,24,54.20,Carry Optics,C,Fy94575,MINOR,Senior,32.5185,32.5185,4.3532,8.04,11,,,,1,,1,,
16536875-f516-41f6-8e37-a92cd19a93e9,Wallis Orchard Practical Shooters June 2022,2022-06-19,1,HI-Way Robbery,dac2f156-a79e-4fc4-9f1e-192951e95361,Joseph Tran,48,53.01,8,53.72,Open,U,A129933,MINOR,,32.2330,31.8036,4.2575,9.63,10,,,1,1,,,,
16536875-f516-41f6-8e37-a92cd19a93e9,Wallis Orchard Practical Shooters June 2022,2022-06-19,1,HI-Way Robbery,dac2f156-a79e-4fc4-9f1e-192951e95361,Antonio Tormis,49,52.52,25,52.52,Carry Optics,B,,MINOR,,31.5145,31.5145,4.2188,12.80,9,,3,,,,,,
16536875-f516-41f6-8e37-a92cd19a93e9,Wallis Orchard Practical Shooters June 2022,2022-06-19,1,HI-Way Robbery,dac2f156-a79e-4fc4-9f1e-192951e95361,Boyd Nabas,50,48.29,26,48.29,Carry Optics,U,0,MINOR,Junior,28.9725,28.9725,3.8785,15.47,12,,,,,,,,
16536875-f516-41f6-8e37-a92cd19a93e9,Wallis Orchard Practical Shooters June 2022,2022-06-19,1,HI-Way Robbery,dac2f156-a79e-4fc4-9f1e-192951e95361,Duane Bellamy,51,47.70,27,47.70,Carry Optics,C,A133284,MINOR,,28.6177,28.6177,3.8310,10.18,8,,3,,1,,,,
16536875-f516-41f6-8e37-a92cd19a93e9,Wallis Orchard Practical Shooters June 2022,2022-06-19,1,HI-Way Robbery,dac2f156-a79e-4fc4-9f1e-192951e95361,Drew Yang,52,46.52,6,53.35,Production,C,A138478,MINOR,,32.0127,27.9147,3.7369,13.38,8,,3,1,,,,,
16536875-f516-41f6-8e37-a92cd19a93e9,Wallis Orchard Practical Shooters June 2022,2022-06-19,1,HI-Way Robbery,dac2f156-a79e-4fc4-9f1e-192951e95361,David Light,53,46.26,7,53.05,Production,U,A142681,MINOR,,31.8303,27.7556,3.7156,15.61,11,,1,,,,,,
16536875-f516-41f6-8e37-a92cd19a93e9,Wallis Orchard Practical Shooters June 2022,2022-06-19,1,HI-Way Robbery,dac2f156-a79e-4fc4-9f1e-192951e95361,Rodwick Gates,54,45.53,4,76.86,Limited,D,A135944,MINOR,,46.1145,27.3164,3.6568,14.22,8,,4,,,,,,
16536875-f516-41f6-8e37-a92cd19a93e9,Wallis Orchard Practical Shooters June 2022,2022-06-19,1,HI-Way Robbery,dac2f156-a79e-4fc4-9f1e-192951e95361,Robert Bui,55,44.01,28,44.01,Carry Optics,B,A103016,MINOR,,26.4050,26.4050,3.5348,8.77,9,,2,,1,,1,,
16536875-f516-41f6-8e37-a92cd19a93e9,Wallis Orchard Practical Shooters June 2022,2022-06-19,1,HI-Way Robbery,dac2f156-a79e-4fc4-9f1e-192951e95361,Anthony Smallwood,56,43.88,8,53.34,PCC,B,TY94508,MINOR,Senior,32.0068,26.3296,3.5247,9.93,11,,,,1,,1,,
16536875-f516-41f6-8e37-a92cd19a93e9,Wallis Orchard Practical Shooters June 2022,2022-06-19,1,HI-Way Robbery,dac2f156-a79e-4fc4-9f1e-192951e95361,Ozge Cumberland,57,43.52,29,43.52,Carry Optics,D,TY135611,MINOR,Lady,26.1107,26.1107,3.4954,13.16,10,,2,,,,1,,
16536875-f516-41f6-8e37-a92cd19a93e9,Wallis Orchard Practical Shooters June 2022,2022-06-19,1,HI-Way Robbery,dac2f156-a79e-4fc4-9f1e-192951e95361,Matthew Gonzalez,58,43.27,30,43.27,Carry Optics,B,A119810,MINOR,,25.9636,25.9636,3.4757,10.07,7,,3,1,1,,,,
16536875-f516-41f6-8e37-a92cd19a93e9,Wallis Orchard Practical Shooters June 2022,2022-06-19,1,HI-Way Robbery,dac2f156-a79e-4fc4-9f1e-192951e95361,Miguel Gonzalez,59,41.13,8,47.17,Production,U,A142148,MINOR,,28.3025,24.6795,3.3038,12.41,10,,,1,1,,,,
16536875-f516-41f6-8e37-a92cd19a93e9,Wallis Orchard Practical Shooters June 2022,2022-06-19,1,HI-Way Robbery,dac2f156-a79e-4fc4-9f1e-192951e95361,John Hanna,60,40.34,31,40.34,Carry Optics,D,a138989,MINOR,,24.2059,24.2059,3.2404,15.43,12,,,,,,1,,
16536875-f516-41f6-8e37-a92cd19a93e9,Wallis Orchard Practical Shooters June 2022,2022-06-19,1,HI-Way Robbery,dac2f156-a79e-4fc4-9f1e-192951e95361,Parish Saculles,61,39.85,5,67.27,Limited,U,L5316,MINOR,,40.3615,23.9086,3.2006,12.81,10,,,1,1,,,,
16536875-f516-41f6-8e37-a92cd19a93e9,Wallis Orchard Practical Shooters June 2022,2022-06-19,1,HI-Way Robbery,dac2f156-a79e-4fc4-9f1e-192951e95361,LUIS GONZALEZ,62,39.41,9,45.19,Production,U,A141805,MINOR,,27.1143,23.6434,3.1651,11.69,8,,2,1,1,,,,
16536875-f516-41f6-8e37-a92cd19a93e9,Wallis Orchard Practical Shooters June 2022,2022-06-19,1,HI-Way Robbery,dac2f156-a79e-4fc4-9f1e-192951e95361,Zackary Becker,63,37.15,6,62.71,Limited,U,,MINOR,,37.6263,22.2883,2.9837,11.06,10,,1,,1,,1,,
16536875-f516-41f6-8e37-a92cd19a93e9,Wallis Orchard Practical Shooters June 2022,2022-06-19,1,HI-Way Robbery,dac2f156-a79e-4fc4-9f1e-192951e95361,Laif Nilson,64,36.44,7,61.51,Limited,U,,MINOR,,36.9087,21.8633,2.9268,20.50,12,,,,,,,,
16536875-f516-41f6-8e37-a92cd19a93e9,Wallis Orchard Practical Shooters June 2022,2022-06-19,1,HI-Way Robbery,dac2f156-a79e-4fc4-9f1e-192951e95361,Ramil Villanueva,65,36.07,32,36.07,Carry Optics,D,A110261,MINOR,Junior,21.6407,21.6407,2.8970,9.32,8,,2,1,1,,1,,
16536875-f516-41f6-8e37-a92cd19a93e9,Wallis Orchard Practical Shooters June 2022,2022-06-19,1,HI-Way Robbery,dac2f156-a79e-4fc4-9f1e-192951e95361,Richard Elms,66,34.77,1,100.00,Revolver,B,A44556,MINOR,Senior,60.0000,20.8630,2.7929,14.68,9,,2,,1,,,,
16536875-f516-41f6-8e37-a92cd19a93e9,Wallis Orchard Practical Shooters June 2022,2022-06-19,1,HI-Way Robbery,dac2f156-a79e-4fc4-9f1e-192951e95361,"Jeff Maxwell, Jr.",67,34.77,2,44.15,Single Stack,C,L4489,MAJOR,Senior,26.4901,20.8600,2.7925,20.77,10,,2,,,,,,
16536875-f516-41f6-8e37-a92cd19a93e9,Wallis Orchard Practical Shooters June 2022,2022-06-19,1,HI-Way Robbery,dac2f156-a79e-4fc4-9f1e-192951e95361,Hunter Tisher,68,34.60,33,34.60,Carry Optics,U,A142529,MINOR,,20.7600,20.7600,2.7791,21.59,12,,,,,,,,
16536875-f516-41f6-8e37-a92cd19a93e9,Wallis Orchard Practical Shooters June 2022,2022-06-19,1,HI-Way Robbery,dac2f156-a79e-4fc4-9f1e-192951e95361,Sonny Somera,69,34.01,34,34.01,Carry Optics,U,A118611,MINOR,,20.4036,20.4036,2.7314,19.77,9,,3,,,,,,
16536875-f516-41f6-8e37-a92cd19a93e9,Wallis Orchard Practical Shooters June 2022,2022-06-19,1,HI-Way Robbery,dac2f156-a79e-4fc4-9f1e-192951e95361,Sam Honeycutt,70,32.55,35,32.55,Carry Optics,U,A141838,MINOR,,19.5296,19.5296,2.6144,15.30,12,,,,,,2,,
16536875-f516-41f6-8e37-a92cd19a93e9,Wallis Orchard Practical Shooters June 2022,2022-06-19,1,HI-Way Robbery,dac2f156-a79e-4fc4-9f1e-192951e95361,Danielle Dysart,71,31.37,36,31.37,Carry Optics,U,A137402,MINOR,Lady,18.8230,18.8230,2.5198,13.89,8,,1,2,1,,,,
16536875-f516-41f6-8e37-a92cd19a93e9,Wallis Orchard Practical Shooters June 2022,2022-06-19,1,HI-Way Robbery,dac2f156-a79e-4fc4-9f1e-192951e95361,Monie Perry,72,28.11,37,28.11,Carry Optics,X,,MINOR,,16.8681,16.8681,2.2581,15.50,11,,,,1,,1,,
16536875-f516-41f6-8e37-a92cd19a93e9,Wallis Orchard Practical Shooters June 2022,2022-06-19,1,HI-Way Robbery,dac2f156-a79e-4fc4-9f1e-192951e95361,Lalang de la Cruz,73,22.09,38,22.09,Carry Optics,U,,MINOR,Lady,13.2511,13.2511,1.7739,19.73,11,,,,1,,1,,
16536875-f516-41f6-8e37-a92cd19a93e9,Wallis Orchard Practical Shooters June 2022,2022-06-19,1,HI-Way Robbery,dac2f156-a79e-4fc4-9f1e-192951e95361,Tess Jackson,74,14.36,39,14.36,Carry Optics,U,A139318,MINOR,Lady,8.6137,8.6137,1.1531,25.15,8,,3,,1,,1,,
16536875-f516-41f6-8e37-a92cd19a93e9,Wallis Orchard Practical Shooters June 2022,2022-06-19,1,HI-Way Robbery,dac2f156-a79e-4fc4-9f1e-192951e95361,Les Bolden,75,14.32,40,14.32,Carry Optics,U,A139316,MINOR,,8.5905,8.5905,1.1500,20.00,10,,1,,1,,2,,
16536875-f516-41f6-8e37-a92cd19a93e9,Wallis Orchard Practical Shooters June 2022,2022-06-19,2,Bay 2- Big bay,bf779521-825f-4bec-b3b5-3a452aa5307b,Kevin Bunurai,1,100.00,1,100.00,Carry Optics,M,TY105111,MINOR,,140.0000,140.0000,8.2592,15.74,23,,5,,,,,,
16536875-f516-41f6-8e37-a92cd19a93e9,Wallis Orchard Practical Shooters June 2022,2022-06-19,2,Bay 2- Big bay,bf779521-825f-4bec-b3b5-3a452aa5307b,Paul Felker,2,96.62,2,96.62,Carry Optics,M,TY107123,MINOR,,135.2623,135.2623,7.9797,15.79,21,,7,,,,,,
16536875-f516-41f6-8e37-a92cd19a93e9,Wallis Orchard Practical Shooters June 2022,2022-06-19,2,Bay 2- Big bay,bf779521-825f-4bec-b3b5-3a452aa5307b,Edwin Garcia,3,95.31,3,95.31,Carry Optics,U,TY38396,MINOR,,133.4383,133.4383,7.8721,16.26,22,,6,,,,,,
16536875-f516-41f6-8e37-a92cd19a93e9,Wallis Orchard Practical Shooters June 2022,2022-06-19,2,Bay 2- Big bay,bf779521-825f-4bec-b3b5-3a452aa5307b,Craig Bellamy,4,92.87,4,92.87,Carry Optics,U,TY54824,MINOR,Law Enforcement,130.0126,130.0126,7.6700,17.21,25,,2,1,,,,,
16536875-f516-41f6-8e37-a92cd19a93e9,Wallis Orchard Practical Shooters June 2022,2022-06-19,2,Bay 2- Big bay,bf779521-825f-4bec-b3b5-3a452aa5307b,Pete Kirchner,5,91.30,5,91.30,Carry Optics,A,TY105743,MINOR,,127.8158,127.8158,7.5404,16.71,21,,7,,,,,,
16536875-f516-41f6-8e37-a92cd19a93e9,Wallis Orchard Practical Shooters June 2022,2022-06-19,2,Bay 2- Big bay,bf779521-825f-4bec-b3b5-3a452aa5307b,Scott Reeh,6,89.28,6,89.28,Carry Optics,A,A91497,MINOR,,124.9918,124.9918,7.3738,17.63,23,,5,,,,,,
16536875-f516-41f6-8e37-a92cd19a93e9,Wallis Orchard Practical Shooters June 2022,2022-06-19,2,Bay 2- Big bay,bf779521-825f-4bec-b3b5-3a452aa5307b,Roman Gwiscz,7,89.15,7,89.15,Carry Optics,A,L4670,MINOR,,124.8155,124.8155,7.3634,16.84,20,,8,,,,,,
16536875-f516-41f6-8e37-a92cd19a93e9,Wallis Orchard Practical Shooters June 2022,2022-06-19,2,Bay 2- Big bay,bf779521-825f-4bec-b3b5-3a452aa5307b,Andrew Whitley,8,88.20,1,100.00,Open,A,TY106649,MAJOR,,140.0000,123.4831,7.2848,15.10,16,,9,2,1,,,,
16536875-f516-41f6-8e37-a92cd19a93e9,Wallis Orchard Practical Shooters June 2022,2022-06-19,2,Bay 2- Big bay,bf779521-825f-4bec-b3b5-3a452aa5307b,Duane Mendoza,9,87.69,8,87.69,Carry Optics,B,x,MINOR,,122.7695,122.7695,7.2427,15.74,16,,11,1,,,,,
16536875-f516-41f6-8e37-a92cd19a93e9,Wallis Orchard Practical Shooters June 2022,2022-06-19,2,Bay 2- Big bay,bf779521-825f-4bec-b3b5-3a452aa5307b,Jim Havens,10,84.57,9,84.57,Carry Optics,G,Ty114636,MINOR,Senior,118.3996,118.3996,6.9849,17.18,19,,8,1,,,,,
16536875-f516-41f6-8e37-a92cd19a93e9,Wallis Orchard Practical Shooters June 2022,2022-06-19,2,Bay 2- Big bay,bf779521-825f-4bec-b3b5-3a452aa5307b,Robert Bui,11,82.80,10,82.80,Carry Optics,B,A103016,MINOR,,115.9197,115.9197,6.8386,17.84,19,,9,,,,,,
16536875-f516-41f6-8e37-a92cd19a93e9,Wallis Orchard Practical Shooters June 2022,2022-06-19,2,Bay 2- Big bay,bf779521-825f-4bec-b3b5-3a452aa5307b,Mike Junco,12,79.85,11,79.85,Carry Optics,M,FY34819,MINOR,Foreign; Law Enforcement,111.7854,111.7854,6.5947,17.59,16,,12,,,,,,
16536875-f516-41f6-8e37-a92cd19a93e9,Wallis Orchard Practical Shooters June 2022,2022-06-19,2,Bay 2- Big bay,bf779521-825f-4bec-b3b5-3a452aa5307b,Janice Pacleb,13,79.18,2,89.77,Open,B,Ty75597,MAJOR,Lady,125.6806,110.8531,6.5397,15.75,13,,10,4,1,,,,
16536875-f516-41f6-8e37-a92cd19a93e9,Wallis Orchard Practical Shooters June 2022,2022-06-19,2,Bay 2- Big bay,bf779521-825f-4bec-b3b5-3a452aa5307b,Pat Byrne,14,78.54,1,100.00,Single Stack,B,Fy93921,MINOR,Super Senior,140.0000,109.9598,6.4870,20.04,23,,5,,,,,,
16536875-f516-41f6-8e37-a92cd19a93e9,Wallis Orchard Practical Shooters June 2022,2022-06-19,2,Bay 2- Big bay,bf779521-825f-4bec-b3b5-3a452aa5307b,Matthew Gonzalez,15,78.09,12,78.09,Carry Optics,B,A119810,MINOR,,109.3258,109.3258,6.4496,15.66,18,,6,3,1,,,,
16536875-f516-41f6-8e37-a92cd19a93e9,Wallis Orchard Practical Shooters June 2022,2022-06-19,2,Bay 2- Big bay,bf779521-825f-4bec-b3b5-3a452aa5307b,Travis McKenzie,16,77.52,13,77.52,Carry Optics,B,TY139201,MINOR,,108.5292,108.5292,6.4026,18.43,18,,9,1,,,,,
16536875-f516-41f6-8e37-a92cd19a93e9,Wallis Orchard Practical Shooters June 2022,2022-06-19,2,Bay 2- Big bay,bf779521-825f-4bec-b3b5-3a452aa5307b,Arnold Gee,17,76.85,14,76.85,Carry Optics,B,Ty103519,MINOR,Senior,107.5952,107.5952,6.3475,18.59,19,,7,2,,,,,
16536875-f516-41f6-8e37-a92cd19a93e9,Wallis Orchard Practical Shooters June 2022,2022-06-19,2,Bay 2- Big bay,bf779521-825f-4bec-b3b5-3a452aa5307b,Gary Wu,18,75.31,15,75.31,Carry Optics,B,L2998,MINOR,Senior,105.4272,105.4272,6.2196,18.49,22,,5,,1,,,,
16536875-f516-41f6-8e37-a92cd19a93e9,Wallis Orchard Practical Shooters June 2022,2022-06-19,2,Bay 2- Big bay,bf779521-825f-4bec-b3b5-3a452aa5307b,Marlon Poralan,19,74.52,3,84.49,Open,D,Ty1234,MAJOR,Law Enforcement,118.2816,104.3271,6.1547,19.01,23,,2,2,1,,,,
16536875-f516-41f6-8e37-a92cd19a93e9,Wallis Orchard Practical Shooters June 2022,2022-06-19,2,Bay 2- Big bay,bf779521-825f-4bec-b3b5-3a452aa5307b,Ross Apffel,20,74.46,1,100.00,Production,A,L4428,MINOR,,140.0000,104.2406,6.1496,18.05,20,,7,,1,,,,
16536875-f516-41f6-8e37-a92cd19a93e9,Wallis Orchard Practical Shooters June 2022,2022-06-19,2,Bay 2- Big bay,bf779521-825f-4bec-b3b5-3a452aa5307b,Wade Pruetz,21,72.53,4,82.23,Open,A,TY79055,MAJOR,Senior,115.1203,101.5386,5.9902,16.36,14,,11,2,1,,1,,
16536875-f516-41f6-8e37-a92cd19a93e9,Wallis Orchard Practical Shooters June 2022,2022-06-19,2,Bay 2- Big bay,bf779521-825f-4bec-b3b5-3a452aa5307b,Khoa Nguyen,22,71.82,2,96.46,Production,A,A117224,MINOR,Law Enforcement,135.0416,100.5487,5.9318,20.23,19,,8,1,,,,,
16536875-f516-41f6-8e37-a92cd19a93e9,Wallis Orchard Practical Shooters June 2022,2022-06-19,2,Bay 2- Big bay,bf779521-825f-4bec-b3b5-3a452aa5307b,Garry Newton,23,71.29,1,100.00,PCC,M,A79434,MINOR,Super Senior,140.0000,99.8029,5.8878,21.74,22,,6,,,,,,
16536875-f516-41f6-8e37-a92cd19a93e9,Wallis Orchard Practical Shooters June 2022,2022-06-19,2,Bay 2- Big bay,bf779521-825f-4bec-b3b5-3a452aa5307b,randy callison,24,71.16,2,99.81,PCC,A,A14418,MINOR,Senior,139.7408,99.6181,5.8769,21.44,22,,5,1,,,,,
16536875-f516-41f6-8e37-a92cd19a93e9,Wallis Orchard Practical Shooters June 2022,2022-06-19,2,Bay 2- Big bay,bf779521-825f-4bec-b3b5-3a452aa5307b,Marc Demeza,25,70.74,16,70.74,Carry Optics,U,A70759,MINOR,,99.0316,99.0316,5.8423,20.54,19,,8,1,,,,,
16536875-f516-41f6-8e37-a92cd19a93e9,Wallis Orchard Practical Shooters June 2022,2022-06-19,2,Bay 2- Big bay,bf779521-825f-4bec-b3b5-3a452aa5307b,CARLOS NIEVES,26,70.32,3,98.65,PCC,C,A120418,MINOR,,138.1049,98.4519,5.8081,19.80,22,,5,,1,,,,
16536875-f516-41f6-8e37-a92cd19a93e9,Wallis Orchard Practical Shooters June 2022,2022-06-19,2,Bay 2- Big bay,bf779521-825f-4bec-b3b5-3a452aa5307b,Doug Joder,27,69.46,4,97.43,PCC,B,A115020,MINOR,,136.4024,97.2382,5.7365,20.57,18,,9,1,,,,,
16536875-f516-41f6-8e37-a92cd19a93e9,Wallis Orchard Practical Shooters June 2022,2022-06-19,2,Bay 2- Big bay,bf779521-825f-4bec-b3b5-3a452aa5307b,Luke Rogers,28,67.61,17,67.61,Carry Optics,B,A133534,MINOR,,94.6566,94.6566,5.5842,23.28,23,,5,,,,,,
16536875-f516-41f6-8e37-a92cd19a93e9,Wallis Orchard Practical Shooters June 2022,2022-06-19,2,Bay 2- Big bay,bf779521-825f-4bec-b3b5-3a452aa5307b,Berrhett Foss,29,67.24,5,76.23,Open,U,,MINOR,,106.7200,94.1295,5.5531,22.69,21,,7,,,,,,
16536875-f516-41f6-8e37-a92cd19a93e9,Wallis Orchard Practical Shooters June 2022,2022-06-19,2,Bay 2- Big bay,bf779521-825f-4bec-b3b5-3a452aa5307b,Justin Corona,30,66.39,6,75.27,Open,B,L4452,MINOR,,105.3728,92.9412,5.4830,19.15,17,,10,,1,,,,
16536875-f516-41f6-8e37-a92cd19a93e9,Wallis Orchard Practical Shooters June 2022,2022-06-19,2,Bay 2- Big bay,bf779521-825f-4bec-b3b5-3a452aa5307b,Pocholo Dimayuga,31,66.36,1,100.00,Limited,C,A106236,MAJOR,,140.0000,92.9022,5.4807,21.53,20,,7,,1,,,,
16536875-f516-41f6-8e37-a92cd19a93e9,Wallis Orchard Practical Shooters June 2022,2022-06-19,2,Bay 2- Big bay,bf779521-825f-4bec-b3b5-3a452aa5307b,Francis X. Hummel,32,65.85,3,88.44,Production,B,TY123776,MINOR,,123.8113,92.1869,5.4385,20.41,25,,2,,1,,1,,
16536875-f516-41f6-8e37-a92cd19a93e9,Wallis Orchard Practical Shooters June 2022,2022-06-19,2,Bay 2- Big bay,bf779521-825f-4bec-b3b5-3a452aa5307b,Matt Lem,33,65.74,4,88.30,Production,A,FY34763,MINOR,,123.6155,92.0411,5.4299,19.89,16,,8,4,,,,,
16536875-f516-41f6-8e37-a92cd19a93e9,Wallis Orchard Practical Shooters June 2022,2022-06-19,2,Bay 2- Big bay,bf779521-825f-4bec-b3b5-3a452aa5307b,Duane Bellamy,34,65.50,18,65.50,Carry Optics,C,A133284,MINOR,,91.7038,91.7038,5.4100,23.66,23,,4,1,,,,,
16536875-f516-41f6-8e37-a92cd19a93e9,Wallis Orchard Practical Shooters June 2022,2022-06-19,2,Bay 2- Big bay,bf779521-825f-4bec-b3b5-3a452aa5307b,Norman Oducado,35,63.47,2,95.65,Limited,C,A103491,MINOR,,133.9077,88.8595,5.2422,17.55,18,,7,1,2,,,,
16536875-f516-41f6-8e37-a92cd19a93e9,Wallis Orchard Practical Shooters June 2022,2022-06-19,2,Bay 2- Big bay,bf779521-825f-4bec-b3b5-3a452aa5307b,Daniel Alexander,36,63.31,7,71.78,Open,U,A139889,MINOR,,100.4876,88.6323,5.2288,26.01,26,,2,,,,,,
16536875-f516-41f6-8e37-a92cd19a93e9,Wallis Orchard Practical Shooters June 2022,2022-06-19,2,Bay 2- Big bay,bf779521-825f-4bec-b3b5-3a452aa5307b,James Tonkinson,37,62.98,19,62.98,Carry Optics,A,A123944,MINOR,,88.1780,88.1780,5.2020,19.80,18,,7,2,1,,,,
16536875-f516-41f6-8e37-a92cd19a93e9,Wallis Orchard Practical Shooters June 2022,2022-06-19,2,Bay 2- Big bay,bf779521-825f-4bec-b3b5-3a452aa5307b,Jimmy Durham,38,62.38,5,87.51,PCC,U,TY135611,MINOR,,122.5137,87.3373,5.1524,23.29,18,,10,,,,,,
16536875-f516-41f6-8e37-a92cd19a93e9,Wallis Orchard Practical Shooters June 2022,2022-06-19,2,Bay 2- Big bay,bf779521-825f-4bec-b3b5-3a452aa5307b,Parish Saculles,39,60.78,3,91.59,Limited,U,L5316,MINOR,,128.2267,85.0896,5.0198,22.71,17,,9,2,,,,,
16536875-f516-41f6-8e37-a92cd19a93e9,Wallis Orchard Practical Shooters June 2022,2022-06-19,2,Bay 2- Big bay,bf779521-825f-4bec-b3b5-3a452aa5307b,Drew Yang,40,59.63,5,80.09,Production,C,A138478,MINOR,,112.1211,83.4827,4.9250,25.99,22,,6,,,,,,
16536875-f516-41f6-8e37-a92cd19a93e9,Wallis Orchard Practical Shooters June 2022,2022-06-19,2,Bay 2- Big bay,bf779521-825f-4bec-b3b5-3a452aa5307b,Joseph Tran,41,56.83,8,64.43,Open,U,A129933,MINOR,,90.1982,79.5569,4.6934,26.42,20,,8,,,,,,
16536875-f516-41f6-8e37-a92cd19a93e9,Wallis Orchard Practical Shooters June 2022,2022-06-19,2,Bay 2- Big bay,bf779521-825f-4bec-b3b5-3a452aa5307b,Ramil Villanueva,42,56.17,20,56.17,Carry Optics,D,A110261,MINOR,Junior,78.6381,78.6381,4.6392,21.34,15,,11,1,1,,,,
16536875-f516-41f6-8e37-a92cd19a93e9,Wallis Orchard Practical Shooters June 2022,2022-06-19,2,Bay 2- Big bay,bf779521-825f-4bec-b3b5-3a452aa5307b,Elisabeth Steiger,43,55.12,6,77.32,PCC,C,A136514,MINOR,Lady,108.2516,77.1702,4.5526,25.48,17,,10,1,,,,,
16536875-f516-41f6-8e37-a92cd19a93e9,Wallis Orchard Practical Shooters June 2022,2022-06-19,2,Bay 2- Big bay,bf779521-825f-4bec-b3b5-3a452aa5307b,Matthew Michna,44,53.91,21,53.91,Carry Optics,B,A128405,MINOR,,75.4734,75.4734,4.4525,16.62,11,,12,3,2,,,,
16536875-f516-41f6-8e37-a92cd19a93e9,Wallis Orchard Practical Shooters June 2022,2022-06-19,2,Bay 2- Big bay,bf779521-825f-4bec-b3b5-3a452aa5307b,Anthony Fong,45,53.38,22,53.38,Carry Optics,U,A142224,MINOR,,74.7377,74.7377,4.4091,27.67,20,,7,1,,,,,
16536875-f516-41f6-8e37-a92cd19a93e9,Wallis Orchard Practical Shooters June 2022,2022-06-19,2,Bay 2- Big bay,bf779521-825f-4bec-b3b5-3a452aa5307b,Brett Dempsey,46,51.78,23,51.78,Carry Optics,C,TY114367,MINOR,,72.4918,72.4918,4.2766,29.93,22,,6,,,,,,
16536875-f516-41f6-8e37-a92cd19a93e9,Wallis Orchard Practical Shooters June 2022,2022-06-19,2,Bay 2- Big bay,bf779521-825f-4bec-b3b5-3a452aa5307b,Boyd Nabas,47,51.19,24,51.19,Carry Optics,U,0,MINOR,Junior,71.6612,71.6612,4.2276,24.60,12,,14,2,,,,,
16536875-f516-41f6-8e37-a92cd19a93e9,Wallis Orchard Practical Shooters June 2022,2022-06-19,2,Bay 2- Big bay,bf779521-825f-4bec-b3b5-3a452aa5307b,Zackary Becker,48,50.45,4,76.02,Limited,U,,MINOR,,106.4349,70.6289,4.1667,28.56,24,,3,,1,,,,
16536875-f516-41f6-8e37-a92cd19a93e9,Wallis Orchard Practical Shooters June 2022,2022-06-19,2,Bay 2- Big bay,bf779521-825f-4bec-b3b5-3a452aa5307b,Michael Pontious,49,50.08,25,50.08,Carry Optics,C,Fy94575,MINOR,Senior,70.1102,70.1102,4.1361,25.87,20,,5,2,1,,,,
16536875-f516-41f6-8e37-a92cd19a93e9,Wallis Orchard Practical Shooters June 2022,2022-06-19,2,Bay 2- Big bay,bf779521-825f-4bec-b3b5-3a452aa5307b,Antonio Tormis,50,50.06,26,50.06,Carry Optics,B,,MINOR,,70.0848,70.0848,4.1346,20.80,15,,10,1,2,,,,
16536875-f516-41f6-8e37-a92cd19a93e9,Wallis Orchard Practical Shooters June 2022,2022-06-19,2,Bay 2- Big bay,bf779521-825f-4bec-b3b5-3a452aa5307b,Richard Elms,51,46.75,1,100.00,Revolver,B,A44556,MINOR,Senior,140.0000,65.4470,3.8610,33.67,23,,5,,,,,,
16536875-f516-41f6-8e37-a92cd19a93e9,Wallis Orchard Practical Shooters June 2022,2022-06-19,2,Bay 2- Big bay,bf779521-825f-4bec-b3b5-3a452aa5307b,Hopper Po,52,45.54,27,45.54,Carry Optics,U,A132909,MINOR,,63.7570,63.7570,3.7613,23.13,12,,11,4,1,,,,
16536875-f516-41f6-8e37-a92cd19a93e9,Wallis Orchard Practical Shooters June 2022,2022-06-19,2,Bay 2- Big bay,bf779521-825f-4bec-b3b5-3a452aa5307b,Miguel Gonzalez,53,43.63,6,58.59,Production,U,A142148,MINOR,,82.0271,61.0754,3.6031,36.08,23,,5,,,,,,
16536875-f516-41f6-8e37-a92cd19a93e9,Wallis Orchard Practical Shooters June 2022,2022-06-19,2,Bay 2- Big bay,bf779521-825f-4bec-b3b5-3a452aa5307b,Joseph White,54,43.29,7,58.14,Production,C,A135489,MINOR,Law Enforcement,81.3965,60.6059,3.5754,27.13,18,,9,,1,,1,,
16536875-f516-41f6-8e37-a92cd19a93e9,Wallis Orchard Practical Shooters June 2022,2022-06-19,2,Bay 2- Big bay,bf779521-825f-4bec-b3b5-3a452aa5307b,Hunter Tisher,55,42.71,28,42.71,Carry Optics,U,A142529,MINOR,,59.7905,59.7905,3.5273,28.35,22,,3,1,2,,,,
16536875-f516-41f6-8e37-a92cd19a93e9,Wallis Orchard Practical Shooters June 2022,2022-06-19,2,Bay 2- Big bay,bf779521-825f-4bec-b3b5-3a452aa5307b,Robbie Boettcher,56,41.97,29,41.97,Carry Optics,U,A139912,MINOR,,58.7515,58.7515,3.4660,31.16,20,,5,3,,,1,,
16536875-f516-41f6-8e37-a92cd19a93e9,Wallis Orchard Practical Shooters June 2022,2022-06-19,2,Bay 2- Big bay,bf779521-825f-4bec-b3b5-3a452aa5307b,Christopher Ham,57,41.77,7,58.59,PCC,U,A135936,MINOR,,82.0269,58.4752,3.4497,24.35,16,,7,3,2,,,,
16536875-f516-41f6-8e37-a92cd19a93e9,Wallis Orchard Practical Shooters June 2022,2022-06-19,2,Bay 2- Big bay,bf779521-825f-4bec-b3b5-3a452aa5307b,"Jeff Maxwell, Jr.",58,40.78,2,51.93,Single Stack,C,L4489,MAJOR,Senior,72.6955,57.0971,3.3684,37.11,17,,9,2,,,,,
16536875-f516-41f6-8e37-a92cd19a93e9,Wallis Orchard Practical Shooters June 2022,2022-06-19,2,Bay 2- Big bay,bf779521-825f-4bec-b3b5-3a452aa5307b,Virak Meas,59,38.75,30,38.75,Carry Optics,U,,MINOR,,54.2493,54.2493,3.2004,21.56,13,,11,1,3,,,,
16536875-f516-41f6-8e37-a92cd19a93e9,Wallis Orchard Practical Shooters June 2022,2022-06-19,2,Bay 2- Big bay,bf779521-825f-4bec-b3b5-3a452aa5307b,David Light,60,38.05,8,51.11,Production,U,A142681,MINOR,,71.5526,53.2763,3.1430,29.59,18,,7,2,1,,1,,
16536875-f516-41f6-8e37-a92cd19a93e9,Wallis Orchard Practical Shooters June 2022,2022-06-19,2,Bay 2- Big bay,bf779521-825f-4bec-b3b5-3a452aa5307b,Monie Perry,61,37.16,31,37.16,Carry Optics,X,,MINOR,,52.0305,52.0305,3.0695,37.14,20,,8,,,,1,,
16536875-f516-41f6-8e37-a92cd19a93e9,Wallis Orchard Practical Shooters June 2022,2022-06-19,2,Bay 2- Big bay,bf779521-825f-4bec-b3b5-3a452aa5307b,John Hanna,62,36.75,32,36.75,Carry Optics,D,a138989,MINOR,,51.4474,51.4474,3.0351,31.63,19,,7,,2,,,,
16536875-f516-41f6-8e37-a92cd19a93e9,Wallis Orchard Practical Shooters June 2022,2022-06-19,2,Bay 2- Big bay,bf779521-825f-4bec-b3b5-3a452aa5307b,Bill Kinstley,63,36.45,5,54.92,Limited,,A104836,MAJOR,,76.8931,51.0253,3.0102,28.57,14,,10,3,1,,2,,
16536875-f516-41f6-8e37-a92cd19a93e9,Wallis Orchard Practical Shooters June 2022,2022-06-19,2,Bay 2- Big bay,bf779521-825f-4bec-b3b5-3a452aa5307b,LUIS GONZALEZ,64,34.07,9,45.76,Production,U,A141805,MINOR,,64.0695,47.7046,2.8143,22.03,11,,11,4,2,,1,,
16536875-f516-41f6-8e37-a92cd19a93e9,Wallis Orchard Practical Shooters June 2022,2022-06-19,2,Bay 2- Big bay,bf779521-825f-4bec-b3b5-3a452aa5307b,Lalang de la Cruz,65,32.02,33,32.02,Carry Optics,U,,MINOR,Lady,44.8213,44.8213,2.6442,37.44,15,,11,1,1,,,,
16536875-f516-41f6-8e37-a92cd19a93e9,Wallis Orchard Practical Shooters June 2022,2022-06-19,2,Bay 2- Big bay,bf779521-825f-4bec-b3b5-3a452aa5307b,Sam Honeycutt,66,30.92,34,30.92,Carry Optics,U,A141838,MINOR,,43.2940,43.2940,2.5541,36.02,13,,11,4,,,1,,
16536875-f516-41f6-8e37-a92cd19a93e9,Wallis Orchard Practical Shooters June 2022,2022-06-19,2,Bay 2- Big bay,bf779521-825f-4bec-b3b5-3a452aa5307b,Rodwick Gates,67,29.91,6,45.08,Limited,D,A135944,MINOR,,63.1095,41.8786,2.4706,33.19,15,,8,3,2,,,,
16536875-f516-41f6-8e37-a92cd19a93e9,Wallis Orchard Practical Shooters June 2022,2022-06-19,2,Bay 2- Big bay,bf779521-825f-4bec-b3b5-3a452aa5307b,Anthony Duke III,68,28.11,35,28.11,Carry Optics,U,,MINOR,,39.3547,39.3547,2.3217,29.72,17,,8,,3,,,1,
16536875-f516-41f6-8e37-a92cd19a93e9,Wallis Orchard Practical Shooters June 2022,2022-06-19,2,Bay 2- Big bay,bf779521-825f-4bec-b3b5-3a452aa5307b,Tess Jackson,69,27.14,36,27.14,Carry Optics,U,A139318,MINOR,Lady,37.9935,37.9935,2.2414,58.00,23,,5,,,,,,
16536875-f516-41f6-8e37-a92cd19a93e9,Wallis Orchard Practical Shooters June 2022,2022-06-19,2,Bay 2- Big bay,bf779521-825f-4bec-b3b5-3a452aa5307b,Ozge Cumberland,70,26.66,37,26.66,Carry Optics,D,TY135611,MINOR,Lady,37.3273,37.3273,2.2021,35.42,17,,7,2,2,,1,,
16536875-f516-41f6-8e37-a92cd19a93e9,Wallis Orchard Practical Shooters June 2022,2022-06-19,2,Bay 2- Big bay,bf779521-825f-4bec-b3b5-3a452aa5307b,Laif Nilson,71,23.41,7,35.28,Limited,U,,MINOR,,49.3897,32.7744,1.9335,42.41,18,,7,1,2,,1,,
16536875-f516-41f6-8e37-a92cd19a93e9,Wallis Orchard Practical Shooters June 2022,2022-06-19,2,Bay 2- Big bay,bf779521-825f-4bec-b3b5-3a452aa5307b,Sonny Somera,72,22.15,38,22.15,Carry Optics,U,A118611,MINOR,,31.0098,31.0098,1.8294,43.73,15,,7,4,2,,,,
16536875-f516-41f6-8e37-a92cd19a93e9,Wallis Orchard Practical Shooters June 2022,2022-06-19,2,Bay 2- Big bay,bf779521-825f-4bec-b3b5-3a452aa5307b,Anthony Smallwood,73,19.80,8,27.78,PCC,B,TY94508,MINOR,Senior,38.8913,27.7247,1.6356,78.26,22,,6,,,,,,
16536875-f516-41f6-8e37-a92cd19a93e9,Wallis Orchard Practical Shooters June 2022,2022-06-19,2,Bay 2- Big bay,bf779521-825f-4bec-b3b5-3a452aa5307b,Danielle Dysart,74,10.11,39,10.11,Carry Optics,U,A137402,MINOR,Lady,14.1573,14.1573,0.8352,40.71,14,,7,3,4,,2,,
16536875-f516-41f6-8e37-a92cd19a93e9,Wallis Orchard Practical Shooters June 2022,2022-06-19,2,Bay 2- Big bay,bf779521-825f-4bec-b3b5-3a452aa5307b,Les Bolden,75,0.00,40,0.00,Carry Optics,U,A139316,MINOR,,0.0000,0.0000,0.0000,39.40,15,,3,1,9,,,3,
16536875-f516-41f6-8e37-a92cd19a93e9,Wallis Orchard Practical Shooters June 2022,2022-06-19,3,Bay 3,d0fdc5dd-e8ad-4f07-973f-aeede2cf2f0c,Kevin Bunurai,1,100.00,1,100.00,Carry Optics,M,TY105111,MINOR,,145.0000,145.0000,7.5902,18.84,28,,1,,,,,,
16536875-f516-41f6-8e37-a92cd19a93e9,Wallis Orchard Practical Shooters June 2022,2022-06-19,3,Bay 3,d0fdc5dd-e8ad-4f07-973f-aeede2cf2f0c,Wade Pruetz,2,91.95,1,100.00,Open,A,TY79055,MAJOR,Senior,145.0000,133.3258,6.9791,19.63,21,,8,,,,,,
16536875-f516-41f6-8e37-a92cd19a93e9,Wallis Orchard Practical Shooters June 2022,2022-06-19,3,Bay 3,d0fdc5dd-e8ad-4f07-973f-aeede2cf2f0c,Andrew Whitley,3,90.32,2,98.23,Open,A,TY106649,MAJOR,,142.4362,130.9684,6.8557,19.40,21,,6,2,,,,,
16536875-f516-41f6-8e37-a92cd19a93e9,Wallis Orchard Practical Shooters June 2022,2022-06-19,3,Bay 3,d0fdc5dd-e8ad-4f07-973f-aeede2cf2f0c,Duane Mendoza,4,88.51,2,88.51,Carry Optics,B,x,MINOR,,128.3359,128.3359,6.7179,19.50,22,,7,,,,,,
16536875-f516-41f6-8e37-a92cd19a93e9,Wallis Orchard Practical Shooters June 2022,2022-06-19,3,Bay 3,d0fdc5dd-e8ad-4f07-973f-aeede2cf2f0c,Mike Junco,5,87.92,3,87.92,Carry Optics,M,FY34819,MINOR,Foreign; Law Enforcement,127.4839,127.4839,6.6733,20.23,24,,5,,,,,,
16536875-f516-41f6-8e37-a92cd19a93e9,Wallis Orchard Practical Shooters June 2022,2022-06-19,3,Bay 3,d0fdc5dd-e8ad-4f07-973f-aeede2cf2f0c,Paul Felker,6,87.29,4,87.29,Carry Optics,M,TY107123,MINOR,,126.5689,126.5689,6.6254,20.98,26,,3,,,,,,
16536875-f516-41f6-8e37-a92cd19a93e9,Wallis Orchard Practical Shooters June 2022,2022-06-19,3,Bay 3,d0fdc5dd-e8ad-4f07-973f-aeede2cf2f0c,Craig Bellamy,7,84.57,5,84.57,Carry Optics,U,TY54824,MINOR,Law Enforcement,122.6240,122.6240,6.4189,20.72,25,,2,2,,,,,
16536875-f516-41f6-8e37-a92cd19a93e9,Wallis Orchard Practical Shooters June 2022,2022-06-19,3,Bay 3,d0fdc5dd-e8ad-4f07-973f-aeede2cf2f0c,Pete Kirchner,8,80.70,6,80.70,Carry Optics,A,TY105743,MINOR,,117.0171,117.0171,6.1254,21.06,22,,6,1,,,,,
16536875-f516-41f6-8e37-a92cd19a93e9,Wallis Orchard Practical Shooters June 2022,2022-06-19,3,Bay 3,d0fdc5dd-e8ad-4f07-973f-aeede2cf2f0c,Matthew Michna,9,78.20,7,78.20,Carry Optics,B,A128405,MINOR,,113.3874,113.3874,5.9354,21.06,21,,6,2,,,,,
16536875-f516-41f6-8e37-a92cd19a93e9,Wallis Orchard Practical Shooters June 2022,2022-06-19,3,Bay 3,d0fdc5dd-e8ad-4f07-973f-aeede2cf2f0c,Edwin Garcia,10,77.23,8,77.23,Carry Optics,U,TY38396,MINOR,,111.9833,111.9833,5.8619,20.13,22,,6,,1,,,,
16536875-f516-41f6-8e37-a92cd19a93e9,Wallis Orchard Practical Shooters June 2022,2022-06-19,3,Bay 3,d0fdc5dd-e8ad-4f07-973f-aeede2cf2f0c,Roman Gwiscz,11,77.18,9,77.18,Carry Optics,A,L4670,MINOR,,111.9069,111.9069,5.8579,21.68,20,,9,,,,,,
16536875-f516-41f6-8e37-a92cd19a93e9,Wallis Orchard Practical Shooters June 2022,2022-06-19,3,Bay 3,d0fdc5dd-e8ad-4f07-973f-aeede2cf2f0c,Gary Wu,12,76.71,10,76.71,Carry Optics,B,L2998,MINOR,Senior,111.2287,111.2287,5.8224,23.53,25,,4,,,,,,
16536875-f516-41f6-8e37-a92cd19a93e9,Wallis Orchard Practical Shooters June 2022,2022-06-19,3,Bay 3,d0fdc5dd-e8ad-4f07-973f-aeede2cf2f0c,Matthew Gonzalez,13,76.35,11,76.35,Carry Optics,B,A119810,MINOR,,110.7033,110.7033,5.7949,19.50,18,,6,5,,,,,
16536875-f516-41f6-8e37-a92cd19a93e9,Wallis Orchard Practical Shooters June 2022,2022-06-19,3,Bay 3,d0fdc5dd-e8ad-4f07-973f-aeede2cf2f0c,Norman Oducado,14,75.57,1,100.00,Limited,C,A103491,MINOR,,145.0000,109.5705,5.7356,22.84,23,,5,1,,,,,
16536875-f516-41f6-8e37-a92cd19a93e9,Wallis Orchard Practical Shooters June 2022,2022-06-19,3,Bay 3,d0fdc5dd-e8ad-4f07-973f-aeede2cf2f0c,Garry Newton,15,74.25,1,100.00,PCC,M,A79434,MINOR,Super Senior,145.0000,107.6601,5.6356,23.60,23,,6,,,,,,
16536875-f516-41f6-8e37-a92cd19a93e9,Wallis Orchard Practical Shooters June 2022,2022-06-19,3,Bay 3,d0fdc5dd-e8ad-4f07-973f-aeede2cf2f0c,Francis X. Hummel,16,73.50,1,100.00,Production,B,TY123776,MINOR,,145.0000,106.5693,5.5785,24.20,24,,5,,,,,,
16536875-f516-41f6-8e37-a92cd19a93e9,Wallis Orchard Practical Shooters June 2022,2022-06-19,3,Bay 3,d0fdc5dd-e8ad-4f07-973f-aeede2cf2f0c,Luke Rogers,17,73.32,12,73.32,Carry Optics,B,A133534,MINOR,,106.3114,106.3114,5.5650,23.54,22,,7,,,,,,
16536875-f516-41f6-8e37-a92cd19a93e9,Wallis Orchard Practical Shooters June 2022,2022-06-19,3,Bay 3,d0fdc5dd-e8ad-4f07-973f-aeede2cf2f0c,Ross Apffel,18,72.77,2,99.02,Production,A,L4428,MINOR,,143.5730,105.5205,5.5236,22.63,20,,8,1,,,,,
16536875-f516-41f6-8e37-a92cd19a93e9,Wallis Orchard Practical Shooters June 2022,2022-06-19,3,Bay 3,d0fdc5dd-e8ad-4f07-973f-aeede2cf2f0c,Scott Reeh,19,72.76,13,72.76,Carry Optics,A,A91497,MINOR,,105.5053,105.5053,5.5228,23.72,22,,7,,,,,,
16536875-f516-41f6-8e37-a92cd19a93e9,Wallis Orchard Practical Shooters June 2022,2022-06-19,3,Bay 3,d0fdc5dd-e8ad-4f07-973f-aeede2cf2f0c,Janice Pacleb,20,71.78,3,78.06,Open,B,Ty75597,MAJOR,Lady,113.1935,104.0801,5.4482,20.19,16,,8,4,1,,,,
16536875-f516-41f6-8e37-a92cd19a93e9,Wallis Orchard Practical Shooters June 2022,2022-06-19,3,Bay 3,d0fdc5dd-e8ad-4f07-973f-aeede2cf2f0c,Doug Joder,21,71.14,2,95.82,PCC,B,A115020,MINOR,,138.9330,103.1555,5.3998,24.26,23,,5,1,,,,,
16536875-f516-41f6-8e37-a92cd19a93e9,Wallis Orchard Practical Shooters June 2022,2022-06-19,3,Bay 3,d0fdc5dd-e8ad-4f07-973f-aeede2cf2f0c,Justin Corona,22,70.60,4,76.78,Open,B,L4452,MINOR,,111.3382,102.3742,5.3589,20.90,22,,3,3,1,,,,
16536875-f516-41f6-8e37-a92cd19a93e9,Wallis Orchard Practical Shooters June 2022,2022-06-19,3,Bay 3,d0fdc5dd-e8ad-4f07-973f-aeede2cf2f0c,Arnold Gee,23,64.72,14,64.72,Carry Optics,B,Ty103519,MINOR,Senior,93.8502,93.8502,4.9127,24.63,19,,8,2,,,,,
16536875-f516-41f6-8e37-a92cd19a93e9,Wallis Orchard Practical Shooters June 2022,2022-06-19,3,Bay 3,d0fdc5dd-e8ad-4f07-973f-aeede2cf2f0c,Travis McKenzie,24,64.57,15,64.57,Carry Optics,B,TY139201,MINOR,,93.6267,93.6267,4.9010,21.22,17,,9,2,1,,,,
16536875-f516-41f6-8e37-a92cd19a93e9,Wallis Orchard Practical Shooters June 2022,2022-06-19,3,Bay 3,d0fdc5dd-e8ad-4f07-973f-aeede2cf2f0c,Michael Pontious,25,64.00,16,64.00,Carry Optics,C,Fy94575,MINOR,Senior,92.8071,92.8071,4.8581,25.73,19,,10,,,,,,
16536875-f516-41f6-8e37-a92cd19a93e9,Wallis Orchard Practical Shooters June 2022,2022-06-19,3,Bay 3,d0fdc5dd-e8ad-4f07-973f-aeede2cf2f0c,Marc Demeza,26,63.12,17,63.12,Carry Optics,U,A70759,MINOR,,91.5272,91.5272,4.7911,27.76,28,,1,,,,1,,
16536875-f516-41f6-8e37-a92cd19a93e9,Wallis Orchard Practical Shooters June 2022,2022-06-19,3,Bay 3,d0fdc5dd-e8ad-4f07-973f-aeede2cf2f0c,Berrhett Foss,27,61.65,5,67.05,Open,U,,MINOR,,97.2207,89.3933,4.6794,23.08,22,,6,,1,,1,,
16536875-f516-41f6-8e37-a92cd19a93e9,Wallis Orchard Practical Shooters June 2022,2022-06-19,3,Bay 3,d0fdc5dd-e8ad-4f07-973f-aeede2cf2f0c,Khoa Nguyen,28,59.89,3,81.48,Production,A,A117224,MINOR,Law Enforcement,118.1496,86.8353,4.5455,25.52,22,,5,1,1,,,,
16536875-f516-41f6-8e37-a92cd19a93e9,Wallis Orchard Practical Shooters June 2022,2022-06-19,3,Bay 3,d0fdc5dd-e8ad-4f07-973f-aeede2cf2f0c,Brett Dempsey,29,59.15,18,59.15,Carry Optics,C,TY114367,MINOR,,85.7636,85.7636,4.4894,29.18,22,,7,,,,,,
16536875-f516-41f6-8e37-a92cd19a93e9,Wallis Orchard Practical Shooters June 2022,2022-06-19,3,Bay 3,d0fdc5dd-e8ad-4f07-973f-aeede2cf2f0c,Anthony Smallwood,30,58.20,3,78.39,PCC,B,TY94508,MINOR,Senior,113.6591,84.3901,4.4175,30.56,24,,5,,,,,,
16536875-f516-41f6-8e37-a92cd19a93e9,Wallis Orchard Practical Shooters June 2022,2022-06-19,3,Bay 3,d0fdc5dd-e8ad-4f07-973f-aeede2cf2f0c,Joseph Tran,31,58.19,6,63.28,Open,U,A129933,MINOR,,91.7586,84.3710,4.4165,27.85,20,,7,2,,,,,
16536875-f516-41f6-8e37-a92cd19a93e9,Wallis Orchard Practical Shooters June 2022,2022-06-19,3,Bay 3,d0fdc5dd-e8ad-4f07-973f-aeede2cf2f0c,CARLOS NIEVES,32,57.12,4,76.94,PCC,C,A120418,MINOR,,111.5571,82.8293,4.3358,28.83,20,,8,1,,,,,
16536875-f516-41f6-8e37-a92cd19a93e9,Wallis Orchard Practical Shooters June 2022,2022-06-19,3,Bay 3,d0fdc5dd-e8ad-4f07-973f-aeede2cf2f0c,Matt Lem,33,56.80,4,77.29,Production,A,FY34763,MINOR,,112.0647,82.3632,4.3114,25.05,19,,7,2,1,,,,
16536875-f516-41f6-8e37-a92cd19a93e9,Wallis Orchard Practical Shooters June 2022,2022-06-19,3,Bay 3,d0fdc5dd-e8ad-4f07-973f-aeede2cf2f0c,Robert Bui,34,55.69,19,55.69,Carry Optics,B,A103016,MINOR,,80.7470,80.7470,4.2268,28.39,23,,5,,1,,,,
16536875-f516-41f6-8e37-a92cd19a93e9,Wallis Orchard Practical Shooters June 2022,2022-06-19,3,Bay 3,d0fdc5dd-e8ad-4f07-973f-aeede2cf2f0c,Christopher Ham,35,54.20,5,72.99,PCC,U,A135936,MINOR,,105.8400,78.5845,4.1136,33.79,26,,3,,,,,,
16536875-f516-41f6-8e37-a92cd19a93e9,Wallis Orchard Practical Shooters June 2022,2022-06-19,3,Bay 3,d0fdc5dd-e8ad-4f07-973f-aeede2cf2f0c,Jim Havens,36,54.19,20,54.19,Carry Optics,G,Ty114636,MINOR,Senior,78.5768,78.5768,4.1132,18.72,19,,7,1,2,,1,1,
16536875-f516-41f6-8e37-a92cd19a93e9,Wallis Orchard Practical Shooters June 2022,2022-06-19,3,Bay 3,d0fdc5dd-e8ad-4f07-973f-aeede2cf2f0c,James Tonkinson,37,53.95,21,53.95,Carry Optics,A,A123944,MINOR,,78.2292,78.2292,4.0950,24.42,17,,7,4,1,,,,
16536875-f516-41f6-8e37-a92cd19a93e9,Wallis Orchard Practical Shooters June 2022,2022-06-19,3,Bay 3,d0fdc5dd-e8ad-4f07-973f-aeede2cf2f0c,Bill Kinstley,38,52.81,2,69.89,Limited,,A104836,MAJOR,,101.3352,76.5748,4.0084,33.43,20,,8,1,,,,,
16536875-f516-41f6-8e37-a92cd19a93e9,Wallis Orchard Practical Shooters June 2022,2022-06-19,3,Bay 3,d0fdc5dd-e8ad-4f07-973f-aeede2cf2f0c,Marlon Poralan,39,52.35,7,56.93,Open,D,Ty1234,MAJOR,Law Enforcement,82.5547,75.9081,3.9735,27.18,20,,6,2,1,,1,,
16536875-f516-41f6-8e37-a92cd19a93e9,Wallis Orchard Practical Shooters June 2022,2022-06-19,3,Bay 3,d0fdc5dd-e8ad-4f07-973f-aeede2cf2f0c,Pocholo Dimayuga,40,51.38,3,68.00,Limited,C,A106236,MAJOR,,98.5998,74.5078,3.9002,25.64,18,,6,3,2,,,,
16536875-f516-41f6-8e37-a92cd19a93e9,Wallis Orchard Practical Shooters June 2022,2022-06-19,3,Bay 3,d0fdc5dd-e8ad-4f07-973f-aeede2cf2f0c,Anthony Fong,41,50.91,22,50.91,Carry Optics,U,A142224,MINOR,,73.8162,73.8162,3.8640,34.42,23,,6,,,,,,
16536875-f516-41f6-8e37-a92cd19a93e9,Wallis Orchard Practical Shooters June 2022,2022-06-19,3,Bay 3,d0fdc5dd-e8ad-4f07-973f-aeede2cf2f0c,Boyd Nabas,42,49.32,23,49.32,Carry Optics,U,0,MINOR,Junior,71.5200,71.5200,3.7438,32.32,17,,12,,,,,,
16536875-f516-41f6-8e37-a92cd19a93e9,Wallis Orchard Practical Shooters June 2022,2022-06-19,3,Bay 3,d0fdc5dd-e8ad-4f07-973f-aeede2cf2f0c,Robbie Boettcher,43,48.18,24,48.18,Carry Optics,U,A139912,MINOR,,69.8618,69.8618,3.6570,30.90,26,,1,,2,,,,
16536875-f516-41f6-8e37-a92cd19a93e9,Wallis Orchard Practical Shooters June 2022,2022-06-19,3,Bay 3,d0fdc5dd-e8ad-4f07-973f-aeede2cf2f0c,Daniel Alexander,44,47.42,8,51.57,Open,U,A139889,MINOR,,74.7760,68.7557,3.5991,29.73,23,,4,,2,,,,
16536875-f516-41f6-8e37-a92cd19a93e9,Wallis Orchard Practical Shooters June 2022,2022-06-19,3,Bay 3,d0fdc5dd-e8ad-4f07-973f-aeede2cf2f0c,Zackary Becker,45,46.58,4,61.64,Limited,U,,MINOR,,89.3799,67.5407,3.5355,34.79,24,,4,1,,,1,,
16536875-f516-41f6-8e37-a92cd19a93e9,Wallis Orchard Practical Shooters June 2022,2022-06-19,3,Bay 3,d0fdc5dd-e8ad-4f07-973f-aeede2cf2f0c,Duane Bellamy,46,46.52,25,46.52,Carry Optics,C,A133284,MINOR,,67.4567,67.4567,3.5311,27.47,23,,4,,2,,,1,
16536875-f516-41f6-8e37-a92cd19a93e9,Wallis Orchard Practical Shooters June 2022,2022-06-19,3,Bay 3,d0fdc5dd-e8ad-4f07-973f-aeede2cf2f0c,Pat Byrne,47,46.09,1,100.00,Single Stack,B,Fy93921,MINOR,Super Senior,145.0000,66.8339,3.4985,27.44,17,,10,1,1,,1,,
16536875-f516-41f6-8e37-a92cd19a93e9,Wallis Orchard Practical Shooters June 2022,2022-06-19,3,Bay 3,d0fdc5dd-e8ad-4f07-973f-aeede2cf2f0c,Joseph White,48,46.00,5,62.59,Production,C,A135489,MINOR,Law Enforcement,90.7507,66.6982,3.4914,30.36,17,,10,1,1,,,,
16536875-f516-41f6-8e37-a92cd19a93e9,Wallis Orchard Practical Shooters June 2022,2022-06-19,3,Bay 3,d0fdc5dd-e8ad-4f07-973f-aeede2cf2f0c,Drew Yang,49,44.74,6,60.87,Production,C,A138478,MINOR,,88.2684,64.8739,3.3959,33.57,22,,4,2,1,,,,
16536875-f516-41f6-8e37-a92cd19a93e9,Wallis Orchard Practical Shooters June 2022,2022-06-19,3,Bay 3,d0fdc5dd-e8ad-4f07-973f-aeede2cf2f0c,Parish Saculles,50,44.28,5,58.59,Limited,U,L5316,MINOR,,84.9609,64.2014,3.3607,27.97,17,,4,7,1,,,,
16536875-f516-41f6-8e37-a92cd19a93e9,Wallis Orchard Practical Shooters June 2022,2022-06-19,3,Bay 3,d0fdc5dd-e8ad-4f07-973f-aeede2cf2f0c,Antonio Tormis,51,42.25,26,42.25,Carry Optics,B,,MINOR,,61.2575,61.2575,3.2066,21.83,13,,11,2,3,,,,
16536875-f516-41f6-8e37-a92cd19a93e9,Wallis Orchard Practical Shooters June 2022,2022-06-19,3,Bay 3,d0fdc5dd-e8ad-4f07-973f-aeede2cf2f0c,Richard Elms,52,40.69,1,100.00,Revolver,B,A44556,MINOR,Senior,145.0000,59.0033,3.0886,39.50,24,,4,,1,,,,
16536875-f516-41f6-8e37-a92cd19a93e9,Wallis Orchard Practical Shooters June 2022,2022-06-19,3,Bay 3,d0fdc5dd-e8ad-4f07-973f-aeede2cf2f0c,Anthony Duke III,53,37.09,27,37.09,Carry Optics,U,,MINOR,,53.7842,53.7842,2.8154,28.77,20,,7,,2,,1,1,
16536875-f516-41f6-8e37-a92cd19a93e9,Wallis Orchard Practical Shooters June 2022,2022-06-19,3,Bay 3,d0fdc5dd-e8ad-4f07-973f-aeede2cf2f0c,Hunter Tisher,54,35.95,28,35.95,Carry Optics,U,A142529,MINOR,,52.1337,52.1337,2.7290,35.91,19,,7,2,1,,1,,
16536875-f516-41f6-8e37-a92cd19a93e9,Wallis Orchard Practical Shooters June 2022,2022-06-19,3,Bay 3,d0fdc5dd-e8ad-4f07-973f-aeede2cf2f0c,LUIS GONZALEZ,55,33.75,7,45.92,Production,U,A141805,MINOR,,66.5828,48.9357,2.5616,30.84,13,,10,4,2,,,,
16536875-f516-41f6-8e37-a92cd19a93e9,Wallis Orchard Practical Shooters June 2022,2022-06-19,3,Bay 3,d0fdc5dd-e8ad-4f07-973f-aeede2cf2f0c,"Jeff Maxwell, Jr.",56,33.54,2,72.76,Single Stack,C,L4489,MAJOR,Senior,105.5058,48.6301,2.5456,34.57,18,,6,2,3,,,,
16536875-f516-41f6-8e37-a92cd19a93e9,Wallis Orchard Practical Shooters June 2022,2022-06-19,3,Bay 3,d0fdc5dd-e8ad-4f07-973f-aeede2cf2f0c,Elisabeth Steiger,57,30.59,6,41.20,PCC,C,A136514,MINOR,Lady,59.7357,44.3528,2.3217,29.72,18,,5,4,2,,2,,
16536875-f516-41f6-8e37-a92cd19a93e9,Wallis Orchard Practical Shooters June 2022,2022-06-19,3,Bay 3,d0fdc5dd-e8ad-4f07-973f-aeede2cf2f0c,Virak Meas,58,29.27,29,29.27,Carry Optics,U,,MINOR,,42.4405,42.4405,2.2216,35.56,14,,8,5,2,,,,
16536875-f516-41f6-8e37-a92cd19a93e9,Wallis Orchard Practical Shooters June 2022,2022-06-19,3,Bay 3,d0fdc5dd-e8ad-4f07-973f-aeede2cf2f0c,Ozge Cumberland,59,27.41,30,27.41,Carry Optics,D,TY135611,MINOR,Lady,39.7488,39.7488,2.0807,39.41,18,,7,1,3,,,,
16536875-f516-41f6-8e37-a92cd19a93e9,Wallis Orchard Practical Shooters June 2022,2022-06-19,3,Bay 3,d0fdc5dd-e8ad-4f07-973f-aeede2cf2f0c,Ramil Villanueva,60,24.98,31,24.98,Carry Optics,D,A110261,MINOR,Junior,36.2242,36.2242,1.8962,37.97,15,,8,3,3,,,,
16536875-f516-41f6-8e37-a92cd19a93e9,Wallis Orchard Practical Shooters June 2022,2022-06-19,3,Bay 3,d0fdc5dd-e8ad-4f07-973f-aeede2cf2f0c,Sam Honeycutt,61,24.11,32,24.11,Carry Optics,U,A141838,MINOR,,34.9653,34.9653,1.8303,54.09,16,,13,,,,2,,
16536875-f516-41f6-8e37-a92cd19a93e9,Wallis Orchard Practical Shooters June 2022,2022-06-19,3,Bay 3,d0fdc5dd-e8ad-4f07-973f-aeede2cf2f0c,David Light,62,23.83,8,32.43,Production,U,A142681,MINOR,,47.0233,34.5603,1.8091,38.14,13,,10,4,2,,1,,
16536875-f516-41f6-8e37-a92cd19a93e9,Wallis Orchard Practical Shooters June 2022,2022-06-19,3,Bay 3,d0fdc5dd-e8ad-4f07-973f-aeede2cf2f0c,randy callison,63,23.02,7,31.00,PCC,A,A14418,MINOR,Senior,44.9516,33.3759,1.7471,24.04,15,,8,3,3,,2,1,
16536875-f516-41f6-8e37-a92cd19a93e9,Wallis Orchard Practical Shooters June 2022,2022-06-19,3,Bay 3,d0fdc5dd-e8ad-4f07-973f-aeede2cf2f0c,Monie Perry,64,22.57,33,22.57,Carry Optics,X,,MINOR,,32.7321,32.7321,1.7134,46.69,19,,8,1,1,,3,,
16536875-f516-41f6-8e37-a92cd19a93e9,Wallis Orchard Practical Shooters June 2022,2022-06-19,3,Bay 3,d0fdc5dd-e8ad-4f07-973f-aeede2cf2f0c,Miguel Gonzalez,65,22.46,9,30.56,Production,U,A142148,MINOR,,44.3149,32.5697,1.7049,45.75,17,,7,2,3,,,,
16536875-f516-41f6-8e37-a92cd19a93e9,Wallis Orchard Practical Shooters June 2022,2022-06-19,3,Bay 3,d0fdc5dd-e8ad-4f07-973f-aeede2cf2f0c,Rodwick Gates,66,22.03,6,29.15,Limited,D,A135944,MINOR,,42.2744,31.9450,1.6722,44.85,11,,12,4,2,,,,
16536875-f516-41f6-8e37-a92cd19a93e9,Wallis Orchard Practical Shooters June 2022,2022-06-19,3,Bay 3,d0fdc5dd-e8ad-4f07-973f-aeede2cf2f0c,Lalang de la Cruz,67,21.43,34,21.43,Carry Optics,U,,MINOR,Lady,31.0701,31.0701,1.6264,60.87,19,,8,,2,,,,
16536875-f516-41f6-8e37-a92cd19a93e9,Wallis Orchard Practical Shooters June 2022,2022-06-19,3,Bay 3,d0fdc5dd-e8ad-4f07-973f-aeede2cf2f0c,John Hanna,68,19.21,35,19.21,Carry Optics,D,a138989,MINOR,,27.8549,27.8549,1.4581,52.81,21,,3,3,2,,2,,
16536875-f516-41f6-8e37-a92cd19a93e9,Wallis Orchard Practical Shooters June 2022,2022-06-19,3,Bay 3,d0fdc5dd-e8ad-4f07-973f-aeede2cf2f0c,Hopper Po,69,19.15,36,19.15,Carry Optics,U,A132909,MINOR,,27.7613,27.7613,1.4532,44.04,17,,5,4,3,,1,,
16536875-f516-41f6-8e37-a92cd19a93e9,Wallis Orchard Practical Shooters June 2022,2022-06-19,3,Bay 3,d0fdc5dd-e8ad-4f07-973f-aeede2cf2f0c,Tess Jackson,70,18.80,37,18.80,Carry Optics,U,A139318,MINOR,Lady,27.2589,27.2589,1.4269,77.09,20,,6,2,1,,,,
16536875-f516-41f6-8e37-a92cd19a93e9,Wallis Orchard Practical Shooters June 2022,2022-06-19,3,Bay 3,d0fdc5dd-e8ad-4f07-973f-aeede2cf2f0c,Jimmy Durham,71,18.24,8,24.57,PCC,U,TY135611,MINOR,,35.6274,26.4527,1.3847,26.72,19,,3,3,4,,1,2,
16536875-f516-41f6-8e37-a92cd19a93e9,Wallis Orchard Practical Shooters June 2022,2022-06-19,3,Bay 3,d0fdc5dd-e8ad-4f07-973f-aeede2cf2f0c,Laif Nilson,72,16.60,7,21.97,Limited,U,,MINOR,,31.8562,24.0724,1.2601,48.41,19,,5,1,4,,1,,
16536875-f516-41f6-8e37-a92cd19a93e9,Wallis Orchard Practical Shooters June 2022,2022-06-19,3,Bay 3,d0fdc5dd-e8ad-4f07-973f-aeede2cf2f0c,Sonny Somera,73,12.93,38,12.93,Carry Optics,U,A118611,MINOR,,18.7425,18.7425,0.9811,54.02,17,,4,6,2,,3,,
16536875-f516-41f6-8e37-a92cd19a93e9,Wallis Orchard Practical Shooters June 2022,2022-06-19,3,Bay 3,d0fdc5dd-e8ad-4f07-973f-aeede2cf2f0c,Les Bolden,74,12.62,39,12.62,Carry Optics,U,A139316,MINOR,,18.3012,18.3012,0.9580,65.76,20,,4,1,4,,,1,
16536875-f516-41f6-8e37-a92cd19a93e9,Wallis Orchard Practical Shooters June 2022,2022-06-19,3,Bay 3,d0fdc5dd-e8ad-4f07-973f-aeede2cf2f0c,Danielle Dysart,75,1.33,40,1.33,Carry Optics,U,A137402,MINOR,Lady,1.9256,1.9256,0.1008,69.46,8,,10,7,4,,3,,
16536875-f516-41f6-8e37-a92cd19a93e9,Wallis Orchard Practical Shooters June 2022,2022-06-19,4,Bay 4,33d6342a-bec6-4606-86ff-c5778b6a2c15,Andrew Whitley,1,100.00,1,100.00,Open,A,TY106649,MAJOR,,160.0000,160.0000,8.0690,17.97,19,,12,1,,,,,
16536875-f516-41f6-8e37-a92cd19a93e9,Wallis Orchard Practical Shooters June 2022,2022-06-19,4,Bay 4,33d6342a-bec6-4606-86ff-c5778b6a2c15,Edwin Garcia,2,98.21,1,100.00,Carry Optics,U,TY38396,MINOR,,160.0000,157.1307,7.9243,16.91,21,,9,2,,,,,
16536875-f516-41f6-8e37-a92cd19a93e9,Wallis Orchard Practical Shooters June 2022,2022-06-19,4,Bay 4,33d6342a-bec6-4606-86ff-c5778b6a2c15,Matthew Michna,3,95.99,2,97.74,Carry Optics,B,A128405,MINOR,,156.3878,153.5833,7.7454,18.85,25,,7,,,,,,
16536875-f516-41f6-8e37-a92cd19a93e9,Wallis Orchard Practical Shooters June 2022,2022-06-19,4,Bay 4,33d6342a-bec6-4606-86ff-c5778b6a2c15,Wade Pruetz,4,94.42,2,94.42,Open,A,TY79055,MAJOR,Senior,151.0670,151.0670,7.6185,18.77,19,,11,2,,,,,
16536875-f516-41f6-8e37-a92cd19a93e9,Wallis Orchard Practical Shooters June 2022,2022-06-19,4,Bay 4,33d6342a-bec6-4606-86ff-c5778b6a2c15,Mike Junco,5,93.04,3,94.74,Carry Optics,M,FY34819,MINOR,Foreign; Law Enforcement,151.5803,148.8621,7.5073,17.05,16,,16,,,,,,
16536875-f516-41f6-8e37-a92cd19a93e9,Wallis Orchard Practical Shooters June 2022,2022-06-19,4,Bay 4,33d6342a-bec6-4606-86ff-c5778b6a2c15,Jim Havens,6,93.04,4,94.74,Carry Optics,G,Ty114636,MINOR,Senior,151.5783,148.8601,7.5072,20.78,30,,2,,,,,,
16536875-f516-41f6-8e37-a92cd19a93e9,Wallis Orchard Practical Shooters June 2022,2022-06-19,4,Bay 4,33d6342a-bec6-4606-86ff-c5778b6a2c15,Kevin Bunurai,7,92.24,5,93.92,Carry Optics,M,TY105111,MINOR,,150.2780,147.5831,7.4428,18.81,23,,8,1,,,,,
16536875-f516-41f6-8e37-a92cd19a93e9,Wallis Orchard Practical Shooters June 2022,2022-06-19,4,Bay 4,33d6342a-bec6-4606-86ff-c5778b6a2c15,Craig Bellamy,8,91.61,6,93.28,Carry Optics,U,TY54824,MINOR,Law Enforcement,149.2483,146.5718,7.3918,18.94,22,,10,,,,,,
16536875-f516-41f6-8e37-a92cd19a93e9,Wallis Orchard Practical Shooters June 2022,2022-06-19,4,Bay 4,33d6342a-bec6-4606-86ff-c5778b6a2c15,Paul Felker,9,90.44,7,92.09,Carry Optics,M,TY107123,MINOR,,147.3463,144.7039,7.2976,17.54,16,,16,,,,,,
16536875-f516-41f6-8e37-a92cd19a93e9,Wallis Orchard Practical Shooters June 2022,2022-06-19,4,Bay 4,33d6342a-bec6-4606-86ff-c5778b6a2c15,Duane Mendoza,10,89.17,8,90.80,Carry Optics,B,x,MINOR,,145.2747,142.6695,7.1950,19.18,21,,11,,,,,,
16536875-f516-41f6-8e37-a92cd19a93e9,Wallis Orchard Practical Shooters June 2022,2022-06-19,4,Bay 4,33d6342a-bec6-4606-86ff-c5778b6a2c15,Scott Reeh,11,87.65,9,89.25,Carry Optics,A,A91497,MINOR,,142.7972,140.2365,7.0723,19.23,21,,10,1,,,,,
16536875-f516-41f6-8e37-a92cd19a93e9,Wallis Orchard Practical Shooters June 2022,2022-06-19,4,Bay 4,33d6342a-bec6-4606-86ff-c5778b6a2c15,Pete Kirchner,12,83.70,10,85.23,Carry Optics,A,TY105743,MINOR,,136.3603,133.9150,6.7535,20.73,23,,8,1,,,,,
16536875-f516-41f6-8e37-a92cd19a93e9,Wallis Orchard Practical Shooters June 2022,2022-06-19,4,Bay 4,33d6342a-bec6-4606-86ff-c5778b6a2c15,Robert Bui,13,81.94,11,83.43,Carry Optics,B,A103016,MINOR,,133.4952,131.1013,6.6116,21.78,24,,8,,,,,,
16536875-f516-41f6-8e37-a92cd19a93e9,Wallis Orchard Practical Shooters June 2022,2022-06-19,4,Bay 4,33d6342a-bec6-4606-86ff-c5778b6a2c15,Gary Wu,14,81.73,12,83.22,Carry Optics,B,L2998,MINOR,Senior,133.1499,130.7622,6.5945,20.32,20,,11,1,,,,,
16536875-f516-41f6-8e37-a92cd19a93e9,Wallis Orchard Practical Shooters June 2022,2022-06-19,4,Bay 4,33d6342a-bec6-4606-86ff-c5778b6a2c15,Justin Corona,15,81.46,3,81.46,Open,B,L4452,MINOR,,130.3359,130.3359,6.5730,17.80,17,,14,,1,,,,
16536875-f516-41f6-8e37-a92cd19a93e9,Wallis Orchard Practical Shooters June 2022,2022-06-19,4,Bay 4,33d6342a-bec6-4606-86ff-c5778b6a2c15,Travis McKenzie,16,80.76,13,82.23,Carry Optics,B,TY139201,MINOR,,131.5750,129.2155,6.5165,20.87,20,,12,,,,,,
16536875-f516-41f6-8e37-a92cd19a93e9,Wallis Orchard Practical Shooters June 2022,2022-06-19,4,Bay 4,33d6342a-bec6-4606-86ff-c5778b6a2c15,Norman Oducado,17,80.42,1,100.00,Limited,C,A103491,MINOR,,160.0000,128.6643,6.4887,19.11,15,,16,1,,,,,
16536875-f516-41f6-8e37-a92cd19a93e9,Wallis Orchard Practical Shooters June 2022,2022-06-19,4,Bay 4,33d6342a-bec6-4606-86ff-c5778b6a2c15,Matt Lem,18,79.53,1,100.00,Production,A,FY34763,MINOR,,160.0000,127.2445,6.4171,20.57,19,,12,1,,,,,
16536875-f516-41f6-8e37-a92cd19a93e9,Wallis Orchard Practical Shooters June 2022,2022-06-19,4,Bay 4,33d6342a-bec6-4606-86ff-c5778b6a2c15,Berrhett Foss,19,78.70,4,78.70,Open,U,,MINOR,,125.9259,125.9259,6.3506,22.36,25,,5,2,,,,,
16536875-f516-41f6-8e37-a92cd19a93e9,Wallis Orchard Practical Shooters June 2022,2022-06-19,4,Bay 4,33d6342a-bec6-4606-86ff-c5778b6a2c15,Marlon Poralan,20,78.32,5,78.32,Open,D,Ty1234,MAJOR,Law Enforcement,125.3171,125.3171,6.3199,20.57,20,,9,2,1,,,,
16536875-f516-41f6-8e37-a92cd19a93e9,Wallis Orchard Practical Shooters June 2022,2022-06-19,4,Bay 4,33d6342a-bec6-4606-86ff-c5778b6a2c15,Michael Pontious,21,77.70,14,79.12,Carry Optics,C,Fy94575,MINOR,Senior,126.5899,124.3197,6.2696,22.33,23,,8,1,,,,,
16536875-f516-41f6-8e37-a92cd19a93e9,Wallis Orchard Practical Shooters June 2022,2022-06-19,4,Bay 4,33d6342a-bec6-4606-86ff-c5778b6a2c15,Roman Gwiscz,22,76.74,15,78.14,Carry Optics,A,L4670,MINOR,,125.0271,122.7850,6.1922,21.64,24,,8,,,,,1,
16536875-f516-41f6-8e37-a92cd19a93e9,Wallis Orchard Practical Shooters June 2022,2022-06-19,4,Bay 4,33d6342a-bec6-4606-86ff-c5778b6a2c15,James Tonkinson,23,76.47,16,77.87,Carry Optics,A,A123944,MINOR,,124.5909,122.3567,6.1706,22.04,20,,12,,,,,,
16536875-f516-41f6-8e37-a92cd19a93e9,Wallis Orchard Practical Shooters June 2022,2022-06-19,4,Bay 4,33d6342a-bec6-4606-86ff-c5778b6a2c15,Ross Apffel,24,75.72,2,95.21,Production,A,L4428,MINOR,,152.3380,121.1511,6.1098,20.95,18,,12,2,,,,,
16536875-f516-41f6-8e37-a92cd19a93e9,Wallis Orchard Practical Shooters June 2022,2022-06-19,4,Bay 4,33d6342a-bec6-4606-86ff-c5778b6a2c15,Anthony Fong,25,75.14,17,76.51,Carry Optics,U,A142224,MINOR,,122.4204,120.2251,6.0631,24.08,25,,7,,,,,,
16536875-f516-41f6-8e37-a92cd19a93e9,Wallis Orchard Practical Shooters June 2022,2022-06-19,4,Bay 4,33d6342a-bec6-4606-86ff-c5778b6a2c15,Francis X. Hummel,26,72.09,3,90.64,Production,B,TY123776,MINOR,,145.0275,115.3372,5.8166,22.35,24,,6,2,,,,1,
16536875-f516-41f6-8e37-a92cd19a93e9,Wallis Orchard Practical Shooters June 2022,2022-06-19,4,Bay 4,33d6342a-bec6-4606-86ff-c5778b6a2c15,Janice Pacleb,27,71.20,6,71.20,Open,B,Ty75597,MAJOR,Lady,113.9175,113.9175,5.7450,21.41,13,,16,2,1,,,,
16536875-f516-41f6-8e37-a92cd19a93e9,Wallis Orchard Practical Shooters June 2022,2022-06-19,4,Bay 4,33d6342a-bec6-4606-86ff-c5778b6a2c15,Luke Rogers,28,70.59,18,71.88,Carry Optics,B,A133534,MINOR,,115.0022,112.9399,5.6957,24.58,23,,8,1,,,,,
16536875-f516-41f6-8e37-a92cd19a93e9,Wallis Orchard Practical Shooters June 2022,2022-06-19,4,Bay 4,33d6342a-bec6-4606-86ff-c5778b6a2c15,Marc Demeza,29,69.72,19,71.00,Carry Optics,U,A70759,MINOR,,113.5949,111.5578,5.6260,25.24,24,,7,1,,,,,
16536875-f516-41f6-8e37-a92cd19a93e9,Wallis Orchard Practical Shooters June 2022,2022-06-19,4,Bay 4,33d6342a-bec6-4606-86ff-c5778b6a2c15,Arnold Gee,30,69.18,20,70.44,Carry Optics,B,Ty103519,MINOR,Senior,112.7085,110.6873,5.5821,20.96,17,,14,,1,,,,
16536875-f516-41f6-8e37-a92cd19a93e9,Wallis Orchard Practical Shooters June 2022,2022-06-19,4,Bay 4,33d6342a-bec6-4606-86ff-c5778b6a2c15,Khoa Nguyen,31,68.97,4,86.72,Production,A,A117224,MINOR,Law Enforcement,138.7593,110.3522,5.5652,23.00,17,,14,1,,,,,
16536875-f516-41f6-8e37-a92cd19a93e9,Wallis Orchard Practical Shooters June 2022,2022-06-19,4,Bay 4,33d6342a-bec6-4606-86ff-c5778b6a2c15,Zackary Becker,32,68.62,2,85.33,Limited,U,,MINOR,,136.5352,109.7950,5.5371,27.09,27,,5,,,,,,
16536875-f516-41f6-8e37-a92cd19a93e9,Wallis Orchard Practical Shooters June 2022,2022-06-19,4,Bay 4,33d6342a-bec6-4606-86ff-c5778b6a2c15,David Light,33,67.86,5,85.33,Production,U,A142681,MINOR,,136.5202,108.5716,5.4754,27.03,26,,6,,,,,,
16536875-f516-41f6-8e37-a92cd19a93e9,Wallis Orchard Practical Shooters June 2022,2022-06-19,4,Bay 4,33d6342a-bec6-4606-86ff-c5778b6a2c15,Doug Joder,34,67.67,1,100.00,PCC,B,A115020,MINOR,,160.0000,108.2761,5.4605,24.54,19,,13,,,,,,
16536875-f516-41f6-8e37-a92cd19a93e9,Wallis Orchard Practical Shooters June 2022,2022-06-19,4,Bay 4,33d6342a-bec6-4606-86ff-c5778b6a2c15,CARLOS NIEVES,35,66.58,2,98.38,PCC,C,A120418,MINOR,,157.4156,106.5272,5.3723,21.22,22,,8,,2,,,,
16536875-f516-41f6-8e37-a92cd19a93e9,Wallis Orchard Practical Shooters June 2022,2022-06-19,4,Bay 4,33d6342a-bec6-4606-86ff-c5778b6a2c15,Pocholo Dimayuga,36,66.46,3,82.65,Limited,C,A106236,MAJOR,,132.2323,106.3349,5.3626,22.75,22,,8,,2,,,,
16536875-f516-41f6-8e37-a92cd19a93e9,Wallis Orchard Practical Shooters June 2022,2022-06-19,4,Bay 4,33d6342a-bec6-4606-86ff-c5778b6a2c15,Joseph Tran,37,64.50,7,64.50,Open,U,A129933,MINOR,,103.1999,103.1999,5.2045,24.21,16,,15,1,,,,,
16536875-f516-41f6-8e37-a92cd19a93e9,Wallis Orchard Practical Shooters June 2022,2022-06-19,4,Bay 4,33d6342a-bec6-4606-86ff-c5778b6a2c15,Anthony Duke III,38,63.73,21,64.89,Carry Optics,U,,MINOR,,103.8285,101.9665,5.1423,29.17,27,,5,,,,,,
16536875-f516-41f6-8e37-a92cd19a93e9,Wallis Orchard Practical Shooters June 2022,2022-06-19,4,Bay 4,33d6342a-bec6-4606-86ff-c5778b6a2c15,Pat Byrne,39,62.78,1,100.00,Single Stack,B,Fy93921,MINOR,Super Senior,160.0000,100.4516,5.0659,24.28,22,,7,2,1,,,,
16536875-f516-41f6-8e37-a92cd19a93e9,Wallis Orchard Practical Shooters June 2022,2022-06-19,4,Bay 4,33d6342a-bec6-4606-86ff-c5778b6a2c15,Christopher Ham,40,62.68,3,92.62,PCC,U,A135936,MINOR,,148.1916,100.2850,5.0575,26.10,20,,10,2,,,,,
16536875-f516-41f6-8e37-a92cd19a93e9,Wallis Orchard Practical Shooters June 2022,2022-06-19,4,Bay 4,33d6342a-bec6-4606-86ff-c5778b6a2c15,Matthew Gonzalez,41,61.86,22,62.99,Carry Optics,B,A119810,MINOR,,100.7877,98.9803,4.9917,18.03,14,,12,4,2,,,,
16536875-f516-41f6-8e37-a92cd19a93e9,Wallis Orchard Practical Shooters June 2022,2022-06-19,4,Bay 4,33d6342a-bec6-4606-86ff-c5778b6a2c15,Hunter Tisher,42,61.12,23,62.24,Carry Optics,U,A142529,MINOR,,99.5843,97.7985,4.9321,27.98,21,,11,,,,,,
16536875-f516-41f6-8e37-a92cd19a93e9,Wallis Orchard Practical Shooters June 2022,2022-06-19,4,Bay 4,33d6342a-bec6-4606-86ff-c5778b6a2c15,LUIS GONZALEZ,43,59.81,6,75.20,Production,U,A141805,MINOR,,120.3260,95.6927,4.8259,29.01,23,,8,1,,,,,
16536875-f516-41f6-8e37-a92cd19a93e9,Wallis Orchard Practical Shooters June 2022,2022-06-19,4,Bay 4,33d6342a-bec6-4606-86ff-c5778b6a2c15,Brett Dempsey,44,59.60,24,60.69,Carry Optics,C,TY114367,MINOR,,97.1008,95.3595,4.8091,28.28,21,,10,1,,,,,
16536875-f516-41f6-8e37-a92cd19a93e9,Wallis Orchard Practical Shooters June 2022,2022-06-19,4,Bay 4,33d6342a-bec6-4606-86ff-c5778b6a2c15,Joseph White,45,58.53,7,73.60,Production,C,A135489,MINOR,Law Enforcement,117.7604,93.6522,4.7230,28.16,25,,6,,1,,,,
16536875-f516-41f6-8e37-a92cd19a93e9,Wallis Orchard Practical Shooters June 2022,2022-06-19,4,Bay 4,33d6342a-bec6-4606-86ff-c5778b6a2c15,Duane Bellamy,46,58.44,25,59.51,Carry Optics,C,A133284,MINOR,,95.2150,93.5075,4.7157,28.84,20,,12,,,,,,
16536875-f516-41f6-8e37-a92cd19a93e9,Wallis Orchard Practical Shooters June 2022,2022-06-19,4,Bay 4,33d6342a-bec6-4606-86ff-c5778b6a2c15,Boyd Nabas,47,57.47,26,58.51,Carry Optics,U,0,MINOR,Junior,93.6239,91.9450,4.6369,29.33,22,,8,2,,,,,
16536875-f516-41f6-8e37-a92cd19a93e9,Wallis Orchard Practical Shooters June 2022,2022-06-19,4,Bay 4,33d6342a-bec6-4606-86ff-c5778b6a2c15,Jimmy Durham,48,56.78,4,83.90,PCC,U,TY135611,MINOR,,134.2353,90.8405,4.5812,29.25,21,,9,2,,,,,
16536875-f516-41f6-8e37-a92cd19a93e9,Wallis Orchard Practical Shooters June 2022,2022-06-19,4,Bay 4,33d6342a-bec6-4606-86ff-c5778b6a2c15,Anthony Smallwood,49,54.12,5,79.97,PCC,B,TY94508,MINOR,Senior,127.9473,86.5852,4.3666,20.84,22,,7,,3,,,1,
16536875-f516-41f6-8e37-a92cd19a93e9,Wallis Orchard Practical Shooters June 2022,2022-06-19,4,Bay 4,33d6342a-bec6-4606-86ff-c5778b6a2c15,Drew Yang,50,53.00,8,66.64,Production,C,A138478,MINOR,,106.6201,84.7927,4.2762,25.49,16,,12,3,1,,,,
16536875-f516-41f6-8e37-a92cd19a93e9,Wallis Orchard Practical Shooters June 2022,2022-06-19,4,Bay 4,33d6342a-bec6-4606-86ff-c5778b6a2c15,Robbie Boettcher,51,52.23,27,53.19,Carry Optics,U,A139912,MINOR,,85.1013,83.5752,4.2148,32.03,26,,5,,1,,,,
16536875-f516-41f6-8e37-a92cd19a93e9,Wallis Orchard Practical Shooters June 2022,2022-06-19,4,Bay 4,33d6342a-bec6-4606-86ff-c5778b6a2c15,Daniel Alexander,52,52.22,8,52.22,Open,U,A139889,MINOR,,83.5534,83.5534,4.2137,26.58,26,,4,,2,,,1,
16536875-f516-41f6-8e37-a92cd19a93e9,Wallis Orchard Practical Shooters June 2022,2022-06-19,4,Bay 4,33d6342a-bec6-4606-86ff-c5778b6a2c15,Monie Perry,53,50.49,28,51.41,Carry Optics,X,,MINOR,,82.2564,80.7813,4.0739,36.82,28,,3,1,,,,,
16536875-f516-41f6-8e37-a92cd19a93e9,Wallis Orchard Practical Shooters June 2022,2022-06-19,4,Bay 4,33d6342a-bec6-4606-86ff-c5778b6a2c15,John Hanna,54,49.36,29,50.26,Carry Optics,D,a138989,MINOR,,80.4149,78.9729,3.9827,34.65,21,,11,,,,,,
16536875-f516-41f6-8e37-a92cd19a93e9,Wallis Orchard Practical Shooters June 2022,2022-06-19,4,Bay 4,33d6342a-bec6-4606-86ff-c5778b6a2c15,Richard Elms,55,48.40,1,100.00,Revolver,B,A44556,MINOR,Senior,160.0000,77.4401,3.9054,36.36,24,,7,1,,,,,
16536875-f516-41f6-8e37-a92cd19a93e9,Wallis Orchard Practical Shooters June 2022,2022-06-19,4,Bay 4,33d6342a-bec6-4606-86ff-c5778b6a2c15,Ozge Cumberland,56,46.77,30,47.62,Carry Optics,D,TY135611,MINOR,Lady,76.1930,74.8266,3.7736,32.33,17,,11,4,,,,,
16536875-f516-41f6-8e37-a92cd19a93e9,Wallis Orchard Practical Shooters June 2022,2022-06-19,4,Bay 4,33d6342a-bec6-4606-86ff-c5778b6a2c15,Ramil Villanueva,57,46.60,31,47.45,Carry Optics,D,A110261,MINOR,Junior,75.9265,74.5649,3.7604,37.23,22,,10,,,,,,
16536875-f516-41f6-8e37-a92cd19a93e9,Wallis Orchard Practical Shooters June 2022,2022-06-19,4,Bay 4,33d6342a-bec6-4606-86ff-c5778b6a2c15,Bill Kinstley,58,45.07,4,56.04,Limited,,A104836,MAJOR,,89.6673,72.1061,3.6364,26.95,12,,16,2,2,,,1,
16536875-f516-41f6-8e37-a92cd19a93e9,Wallis Orchard Practical Shooters June 2022,2022-06-19,4,Bay 4,33d6342a-bec6-4606-86ff-c5778b6a2c15,Elisabeth Steiger,59,44.99,6,66.48,PCC,C,A136514,MINOR,Lady,106.3697,71.9831,3.6302,26.72,20,,9,,3,,,,
16536875-f516-41f6-8e37-a92cd19a93e9,Wallis Orchard Practical Shooters June 2022,2022-06-19,4,Bay 4,33d6342a-bec6-4606-86ff-c5778b6a2c15,Garry Newton,60,43.85,7,64.79,PCC,M,A79434,MINOR,Super Senior,103.6682,70.1549,3.5380,19.22,22,,6,,4,,,2,
16536875-f516-41f6-8e37-a92cd19a93e9,Wallis Orchard Practical Shooters June 2022,2022-06-19,4,Bay 4,33d6342a-bec6-4606-86ff-c5778b6a2c15,Virak Meas,61,42.16,32,42.93,Carry Optics,U,,MINOR,,68.6819,67.4502,3.4016,33.22,16,,14,1,1,,,,
16536875-f516-41f6-8e37-a92cd19a93e9,Wallis Orchard Practical Shooters June 2022,2022-06-19,4,Bay 4,33d6342a-bec6-4606-86ff-c5778b6a2c15,"Jeff Maxwell, Jr.",62,41.90,2,66.74,Single Stack,C,L4489,MAJOR,Senior,106.7783,67.0378,3.3808,33.72,14,,10,7,1,,,,
16536875-f516-41f6-8e37-a92cd19a93e9,Wallis Orchard Practical Shooters June 2022,2022-06-19,4,Bay 4,33d6342a-bec6-4606-86ff-c5778b6a2c15,Laif Nilson,63,35.56,5,44.22,Limited,U,,MINOR,,70.7593,56.9012,2.8696,39.03,22,,7,1,2,,,,
16536875-f516-41f6-8e37-a92cd19a93e9,Wallis Orchard Practical Shooters June 2022,2022-06-19,4,Bay 4,33d6342a-bec6-4606-86ff-c5778b6a2c15,randy callison,64,33.58,8,49.61,PCC,A,A14418,MINOR,Senior,79.3832,53.7207,2.7092,20.67,17,,10,1,4,,,2,
16536875-f516-41f6-8e37-a92cd19a93e9,Wallis Orchard Practical Shooters June 2022,2022-06-19,4,Bay 4,33d6342a-bec6-4606-86ff-c5778b6a2c15,Tess Jackson,65,32.30,33,32.89,Carry Optics,U,A139318,MINOR,Lady,52.6260,51.6822,2.6064,52.18,22,,8,2,,,,,
16536875-f516-41f6-8e37-a92cd19a93e9,Wallis Orchard Practical Shooters June 2022,2022-06-19,4,Bay 4,33d6342a-bec6-4606-86ff-c5778b6a2c15,Les Bolden,66,29.38,34,29.92,Carry Optics,U,A139316,MINOR,,47.8730,47.0145,2.3710,40.49,15,,13,2,2,,,,
16536875-f516-41f6-8e37-a92cd19a93e9,Wallis Orchard Practical Shooters June 2022,2022-06-19,4,Bay 4,33d6342a-bec6-4606-86ff-c5778b6a2c15,Sonny Somera,67,28.77,35,29.29,Carry Optics,U,A118611,MINOR,,46.8675,46.0270,2.3212,47.82,20,,5,6,1,,,,
16536875-f516-41f6-8e37-a92cd19a93e9,Wallis Orchard Practical Shooters June 2022,2022-06-19,4,Bay 4,33d6342a-bec6-4606-86ff-c5778b6a2c15,Hopper Po,68,27.58,36,28.08,Carry Optics,U,A132909,MINOR,,44.9271,44.1215,2.2251,23.37,9,,14,5,4,,,,
16536875-f516-41f6-8e37-a92cd19a93e9,Wallis Orchard Practical Shooters June 2022,2022-06-19,4,Bay 4,33d6342a-bec6-4606-86ff-c5778b6a2c15,Danielle Dysart,69,26.90,37,27.39,Carry Optics,U,A137402,MINOR,Lady,43.8186,43.0328,2.1702,29.49,13,,12,3,4,,,,
16536875-f516-41f6-8e37-a92cd19a93e9,Wallis Orchard Practical Shooters June 2022,2022-06-19,4,Bay 4,33d6342a-bec6-4606-86ff-c5778b6a2c15,Rodwick Gates,70,23.69,6,29.46,Limited,D,A135944,MINOR,,47.1342,37.9031,1.9115,26.68,13,,11,3,5,,,,
16536875-f516-41f6-8e37-a92cd19a93e9,Wallis Orchard Practical Shooters June 2022,2022-06-19,4,Bay 4,33d6342a-bec6-4606-86ff-c5778b6a2c15,Lalang de la Cruz,71,23.34,38,23.76,Carry Optics,U,,MINOR,Lady,38.0238,37.3419,1.8832,57.35,21,,7,2,2,,,,
16536875-f516-41f6-8e37-a92cd19a93e9,Wallis Orchard Practical Shooters June 2022,2022-06-19,4,Bay 4,33d6342a-bec6-4606-86ff-c5778b6a2c15,Miguel Gonzalez,72,22.23,9,27.95,Production,U,A142148,MINOR,,44.7280,35.5712,1.7939,32.89,15,,11,1,5,,,,
16536875-f516-41f6-8e37-a92cd19a93e9,Wallis Orchard Practical Shooters June 2022,2022-06-19,4,Bay 4,33d6342a-bec6-4606-86ff-c5778b6a2c15,Sam Honeycutt,73,20.09,39,20.45,Carry Optics,U,A141838,MINOR,,32.7277,32.1408,1.6209,28.38,17,,6,3,6,,,,
16536875-f516-41f6-8e37-a92cd19a93e9,Wallis Orchard Practical Shooters June 2022,2022-06-19,4,Bay 4,33d6342a-bec6-4606-86ff-c5778b6a2c15,Parish Saculles,74,0.00,7,0.00,Limited,U,L5316,MINOR,,0.0000,0.0000,,,,,,,,,,,
16536875-f516-41f6-8e37-a92cd19a93e9,Wallis Orchard Practical Shooters June 2022,2022-06-19,4,Bay 4,33d6342a-bec6-4606-86ff-c5778b6a2c15,Antonio Tormis,75,0.00,40,0.00,Carry Optics,B,,MINOR,,0.0000,0.0000,,,,,,,,,,,
16536875-f516-41f6-8e37-a92cd19a93e9,Wallis Orchard Practical Shooters June 2022,2022-06-19,5,Bay 5,32883272-fdd4-42e8-97a4-693c39a51f7b,Paul Felker,1,100.00,1,100.00,Carry Optics,M,TY107123,MINOR,,140.0000,140.0000,7.8481,15.80,20,,8,,,,,,
16536875-f516-41f6-8e37-a92cd19a93e9,Wallis Orchard Practical Shooters June 2022,2022-06-19,5,Bay 5,32883272-fdd4-42e8-97a4-693c39a51f7b,Kevin Bunurai,2,96.94,2,96.94,Carry Optics,M,TY105111,MINOR,,135.7187,135.7187,7.6081,17.35,25,,2,1,,,,,
16536875-f516-41f6-8e37-a92cd19a93e9,Wallis Orchard Practical Shooters June 2022,2022-06-19,5,Bay 5,32883272-fdd4-42e8-97a4-693c39a51f7b,Mike Junco,3,92.49,3,92.49,Carry Optics,M,FY34819,MINOR,Foreign; Law Enforcement,129.4823,129.4823,7.2585,17.91,23,,5,,,,,,
16536875-f516-41f6-8e37-a92cd19a93e9,Wallis Orchard Practical Shooters June 2022,2022-06-19,5,Bay 5,32883272-fdd4-42e8-97a4-693c39a51f7b,Duane Mendoza,4,92.02,4,92.02,Carry Optics,B,x,MINOR,,128.8294,128.8294,7.2219,17.17,20,,8,,,,,,
16536875-f516-41f6-8e37-a92cd19a93e9,Wallis Orchard Practical Shooters June 2022,2022-06-19,5,Bay 5,32883272-fdd4-42e8-97a4-693c39a51f7b,Jim Havens,5,90.53,5,90.53,Carry Optics,G,Ty114636,MINOR,Senior,126.7351,126.7351,7.1045,16.75,24,,3,,1,,,,
16536875-f516-41f6-8e37-a92cd19a93e9,Wallis Orchard Practical Shooters June 2022,2022-06-19,5,Bay 5,32883272-fdd4-42e8-97a4-693c39a51f7b,Roman Gwiscz,6,87.97,6,87.97,Carry Optics,A,L4670,MINOR,,123.1567,123.1567,6.9039,18.83,24,,3,1,,,,,
16536875-f516-41f6-8e37-a92cd19a93e9,Wallis Orchard Practical Shooters June 2022,2022-06-19,5,Bay 5,32883272-fdd4-42e8-97a4-693c39a51f7b,Pete Kirchner,7,87.55,7,87.55,Carry Optics,A,TY105743,MINOR,,122.5698,122.5698,6.8710,18.92,23,,5,,,,,,
16536875-f516-41f6-8e37-a92cd19a93e9,Wallis Orchard Practical Shooters June 2022,2022-06-19,5,Bay 5,32883272-fdd4-42e8-97a4-693c39a51f7b,Andrew Whitley,8,86.82,1,100.00,Open,A,TY106649,MAJOR,,140.0000,121.5548,6.8141,16.73,16,,11,,1,,,,
16536875-f516-41f6-8e37-a92cd19a93e9,Wallis Orchard Practical Shooters June 2022,2022-06-19,5,Bay 5,32883272-fdd4-42e8-97a4-693c39a51f7b,Garry Newton,9,84.66,1,100.00,PCC,M,A79434,MINOR,Super Senior,140.0000,118.5186,6.6439,20.47,26,,2,,,,,,
16536875-f516-41f6-8e37-a92cd19a93e9,Wallis Orchard Practical Shooters June 2022,2022-06-19,5,Bay 5,32883272-fdd4-42e8-97a4-693c39a51f7b,Gary Wu,10,84.09,8,84.09,Carry Optics,B,L2998,MINOR,Senior,117.7230,117.7230,6.5993,18.79,20,,8,,,,,,
16536875-f516-41f6-8e37-a92cd19a93e9,Wallis Orchard Practical Shooters June 2022,2022-06-19,5,Bay 5,32883272-fdd4-42e8-97a4-693c39a51f7b,Anthony Smallwood,11,82.40,2,97.34,PCC,B,TY94508,MINOR,Senior,136.2724,115.3630,6.4670,21.03,26,,2,,,,,,
16536875-f516-41f6-8e37-a92cd19a93e9,Wallis Orchard Practical Shooters June 2022,2022-06-19,5,Bay 5,32883272-fdd4-42e8-97a4-693c39a51f7b,Edwin Garcia,12,81.25,9,81.25,Carry Optics,U,TY38396,MINOR,,113.7486,113.7486,6.3765,19.76,21,,7,,,,,,
16536875-f516-41f6-8e37-a92cd19a93e9,Wallis Orchard Practical Shooters June 2022,2022-06-19,5,Bay 5,32883272-fdd4-42e8-97a4-693c39a51f7b,Arnold Gee,13,80.16,10,80.16,Carry Optics,B,Ty103519,MINOR,Senior,112.2269,112.2269,6.2912,19.71,20,,8,,,,,,
16536875-f516-41f6-8e37-a92cd19a93e9,Wallis Orchard Practical Shooters June 2022,2022-06-19,5,Bay 5,32883272-fdd4-42e8-97a4-693c39a51f7b,Robert Bui,14,78.95,11,78.95,Carry Optics,B,A103016,MINOR,,110.5287,110.5287,6.1960,19.69,19,,9,,,,,,
16536875-f516-41f6-8e37-a92cd19a93e9,Wallis Orchard Practical Shooters June 2022,2022-06-19,5,Bay 5,32883272-fdd4-42e8-97a4-693c39a51f7b,Janice Pacleb,15,78.45,2,90.36,Open,B,Ty75597,MAJOR,Lady,126.4995,109.8330,6.1570,19.49,22,,5,,1,,,,
16536875-f516-41f6-8e37-a92cd19a93e9,Wallis Orchard Practical Shooters June 2022,2022-06-19,5,Bay 5,32883272-fdd4-42e8-97a4-693c39a51f7b,Marlon Poralan,16,78.17,3,90.03,Open,D,Ty1234,MAJOR,Law Enforcement,126.0475,109.4405,6.1350,21.19,20,,7,1,,,,,
16536875-f516-41f6-8e37-a92cd19a93e9,Wallis Orchard Practical Shooters June 2022,2022-06-19,5,Bay 5,32883272-fdd4-42e8-97a4-693c39a51f7b,James Tonkinson,17,72.81,12,72.81,Carry Optics,A,A123944,MINOR,,101.9358,101.9358,5.7143,21.70,21,,6,1,,,,,
16536875-f516-41f6-8e37-a92cd19a93e9,Wallis Orchard Practical Shooters June 2022,2022-06-19,5,Bay 5,32883272-fdd4-42e8-97a4-693c39a51f7b,Scott Reeh,18,71.48,13,71.48,Carry Optics,A,A91497,MINOR,,100.0680,100.0680,5.6096,17.47,21,,4,1,2,,,,
16536875-f516-41f6-8e37-a92cd19a93e9,Wallis Orchard Practical Shooters June 2022,2022-06-19,5,Bay 5,32883272-fdd4-42e8-97a4-693c39a51f7b,randy callison,19,71.44,3,84.39,PCC,A,A14418,MINOR,Senior,118.1505,100.0217,5.6070,18.37,16,,11,,1,,,,
16536875-f516-41f6-8e37-a92cd19a93e9,Wallis Orchard Practical Shooters June 2022,2022-06-19,5,Bay 5,32883272-fdd4-42e8-97a4-693c39a51f7b,Matthew Gonzalez,20,68.88,14,68.88,Carry Optics,B,A119810,MINOR,,96.4254,96.4254,5.4054,15.91,15,,10,1,2,,,,
16536875-f516-41f6-8e37-a92cd19a93e9,Wallis Orchard Practical Shooters June 2022,2022-06-19,5,Bay 5,32883272-fdd4-42e8-97a4-693c39a51f7b,Norman Oducado,21,68.69,1,100.00,Limited,C,A103491,MINOR,,140.0000,96.1703,5.3911,22.63,19,,9,,,,,,
16536875-f516-41f6-8e37-a92cd19a93e9,Wallis Orchard Practical Shooters June 2022,2022-06-19,5,Bay 5,32883272-fdd4-42e8-97a4-693c39a51f7b,Craig Bellamy,22,68.61,15,68.61,Carry Optics,U,TY54824,MINOR,Law Enforcement,96.0472,96.0472,5.3842,17.83,19,,7,,2,,,,
16536875-f516-41f6-8e37-a92cd19a93e9,Wallis Orchard Practical Shooters June 2022,2022-06-19,5,Bay 5,32883272-fdd4-42e8-97a4-693c39a51f7b,Matthew Michna,23,67.89,16,67.89,Carry Optics,B,A128405,MINOR,,95.0500,95.0500,5.3283,18.58,15,,11,1,1,,,,
16536875-f516-41f6-8e37-a92cd19a93e9,Wallis Orchard Practical Shooters June 2022,2022-06-19,5,Bay 5,32883272-fdd4-42e8-97a4-693c39a51f7b,Ross Apffel,24,67.79,1,100.00,Production,A,L4428,MINOR,,140.0000,94.9055,5.3202,19.36,17,,9,1,1,,,,
16536875-f516-41f6-8e37-a92cd19a93e9,Wallis Orchard Practical Shooters June 2022,2022-06-19,5,Bay 5,32883272-fdd4-42e8-97a4-693c39a51f7b,Khoa Nguyen,25,66.68,2,98.36,Production,A,A117224,MINOR,Law Enforcement,137.7001,93.3464,5.2328,22.55,19,,7,2,,,,,
16536875-f516-41f6-8e37-a92cd19a93e9,Wallis Orchard Practical Shooters June 2022,2022-06-19,5,Bay 5,32883272-fdd4-42e8-97a4-693c39a51f7b,Daniel Alexander,26,65.05,4,74.92,Open,U,A139889,MINOR,,104.8813,91.0631,5.1048,26.25,25,,3,,,,,,
16536875-f516-41f6-8e37-a92cd19a93e9,Wallis Orchard Practical Shooters June 2022,2022-06-19,5,Bay 5,32883272-fdd4-42e8-97a4-693c39a51f7b,Justin Corona,27,64.46,5,74.24,Open,B,L4452,MINOR,,103.9383,90.2443,5.0589,20.36,17,,9,1,1,,,,
16536875-f516-41f6-8e37-a92cd19a93e9,Wallis Orchard Practical Shooters June 2022,2022-06-19,5,Bay 5,32883272-fdd4-42e8-97a4-693c39a51f7b,Marc Demeza,28,64.23,17,64.23,Carry Optics,U,A70759,MINOR,,89.9196,89.9196,5.0407,25.79,23,,5,,,,,,
16536875-f516-41f6-8e37-a92cd19a93e9,Wallis Orchard Practical Shooters June 2022,2022-06-19,5,Bay 5,32883272-fdd4-42e8-97a4-693c39a51f7b,Wade Pruetz,29,62.84,6,72.37,Open,A,TY79055,MAJOR,Senior,101.3187,87.9698,4.9314,26.97,23,,4,1,,,,,
16536875-f516-41f6-8e37-a92cd19a93e9,Wallis Orchard Practical Shooters June 2022,2022-06-19,5,Bay 5,32883272-fdd4-42e8-97a4-693c39a51f7b,CARLOS NIEVES,30,62.31,4,73.60,PCC,C,A120418,MINOR,,103.0419,87.2313,4.8900,20.45,21,,5,,2,,,,
16536875-f516-41f6-8e37-a92cd19a93e9,Wallis Orchard Practical Shooters June 2022,2022-06-19,5,Bay 5,32883272-fdd4-42e8-97a4-693c39a51f7b,Doug Joder,31,61.59,5,72.75,PCC,B,A115020,MINOR,,101.8534,86.2252,4.8336,25.24,20,,7,1,,,,,
16536875-f516-41f6-8e37-a92cd19a93e9,Wallis Orchard Practical Shooters June 2022,2022-06-19,5,Bay 5,32883272-fdd4-42e8-97a4-693c39a51f7b,Pocholo Dimayuga,32,61.23,2,89.13,Limited,C,A106236,MAJOR,,124.7849,85.7186,4.8052,23.10,17,,8,2,1,,,,
16536875-f516-41f6-8e37-a92cd19a93e9,Wallis Orchard Practical Shooters June 2022,2022-06-19,5,Bay 5,32883272-fdd4-42e8-97a4-693c39a51f7b,Jimmy Durham,33,60.39,6,71.34,PCC,U,TY135611,MINOR,,99.8727,84.5484,4.7396,21.31,17,,8,2,1,,,,
16536875-f516-41f6-8e37-a92cd19a93e9,Wallis Orchard Practical Shooters June 2022,2022-06-19,5,Bay 5,32883272-fdd4-42e8-97a4-693c39a51f7b,Elisabeth Steiger,34,57.35,7,67.74,PCC,C,A136514,MINOR,Lady,94.8365,80.2849,4.5006,25.33,17,,9,2,,,,,
16536875-f516-41f6-8e37-a92cd19a93e9,Wallis Orchard Practical Shooters June 2022,2022-06-19,5,Bay 5,32883272-fdd4-42e8-97a4-693c39a51f7b,LUIS GONZALEZ,35,56.74,3,83.70,Production,U,A141805,MINOR,,117.1798,79.4358,4.4530,26.05,17,,10,1,,,,,
16536875-f516-41f6-8e37-a92cd19a93e9,Wallis Orchard Practical Shooters June 2022,2022-06-19,5,Bay 5,32883272-fdd4-42e8-97a4-693c39a51f7b,Drew Yang,36,56.37,4,83.16,Production,C,A138478,MINOR,,116.4219,78.9220,4.4242,28.48,21,,7,,,,,,
16536875-f516-41f6-8e37-a92cd19a93e9,Wallis Orchard Practical Shooters June 2022,2022-06-19,5,Bay 5,32883272-fdd4-42e8-97a4-693c39a51f7b,Christopher Ham,37,55.98,8,66.13,PCC,U,A135936,MINOR,,92.5754,78.3708,4.3933,28.68,21,,7,,,,,,
16536875-f516-41f6-8e37-a92cd19a93e9,Wallis Orchard Practical Shooters June 2022,2022-06-19,5,Bay 5,32883272-fdd4-42e8-97a4-693c39a51f7b,Anthony Fong,38,55.97,18,55.97,Carry Optics,U,A142224,MINOR,,78.3530,78.3530,4.3923,26.41,18,,8,2,,,,,
16536875-f516-41f6-8e37-a92cd19a93e9,Wallis Orchard Practical Shooters June 2022,2022-06-19,5,Bay 5,32883272-fdd4-42e8-97a4-693c39a51f7b,Ramil Villanueva,39,55.88,19,55.88,Carry Optics,D,A110261,MINOR,Junior,78.2281,78.2281,4.3853,25.54,16,,10,2,,,,,
16536875-f516-41f6-8e37-a92cd19a93e9,Wallis Orchard Practical Shooters June 2022,2022-06-19,5,Bay 5,32883272-fdd4-42e8-97a4-693c39a51f7b,Francis X. Hummel,40,53.87,5,79.47,Production,B,TY123776,MINOR,,111.2616,75.4239,4.2281,20.34,15,,10,1,2,,,,
16536875-f516-41f6-8e37-a92cd19a93e9,Wallis Orchard Practical Shooters June 2022,2022-06-19,5,Bay 5,32883272-fdd4-42e8-97a4-693c39a51f7b,Luke Rogers,41,53.11,20,53.11,Carry Optics,B,A133534,MINOR,,74.3607,74.3607,4.1685,23.03,24,,2,,2,,,1,
16536875-f516-41f6-8e37-a92cd19a93e9,Wallis Orchard Practical Shooters June 2022,2022-06-19,5,Bay 5,32883272-fdd4-42e8-97a4-693c39a51f7b,Bill Kinstley,42,51.08,3,74.36,Limited,,A104836,MAJOR,,104.0982,71.5083,4.0086,27.94,18,,7,2,1,,,,
16536875-f516-41f6-8e37-a92cd19a93e9,Wallis Orchard Practical Shooters June 2022,2022-06-19,5,Bay 5,32883272-fdd4-42e8-97a4-693c39a51f7b,Boyd Nabas,43,50.43,21,50.43,Carry Optics,U,0,MINOR,Junior,70.5967,70.5967,3.9575,27.29,14,,12,2,,,,,
16536875-f516-41f6-8e37-a92cd19a93e9,Wallis Orchard Practical Shooters June 2022,2022-06-19,5,Bay 5,32883272-fdd4-42e8-97a4-693c39a51f7b,Travis McKenzie,44,48.76,22,48.76,Carry Optics,B,TY139201,MINOR,,68.2580,68.2580,3.8264,31.10,24,,3,,1,,,,
16536875-f516-41f6-8e37-a92cd19a93e9,Wallis Orchard Practical Shooters June 2022,2022-06-19,5,Bay 5,32883272-fdd4-42e8-97a4-693c39a51f7b,Zackary Becker,45,48.39,4,70.45,Limited,U,,MINOR,,98.6266,67.7496,3.7979,32.65,21,,6,1,,,,,
16536875-f516-41f6-8e37-a92cd19a93e9,Wallis Orchard Practical Shooters June 2022,2022-06-19,5,Bay 5,32883272-fdd4-42e8-97a4-693c39a51f7b,Richard Elms,46,46.97,1,100.00,Revolver,B,A44556,MINOR,Senior,140.0000,65.7553,3.6861,35.81,24,,4,,,,,,
16536875-f516-41f6-8e37-a92cd19a93e9,Wallis Orchard Practical Shooters June 2022,2022-06-19,5,Bay 5,32883272-fdd4-42e8-97a4-693c39a51f7b,Robbie Boettcher,47,46.57,23,46.57,Carry Optics,U,A139912,MINOR,,65.2023,65.2023,3.6551,32.01,23,,4,,1,,,,
16536875-f516-41f6-8e37-a92cd19a93e9,Wallis Orchard Practical Shooters June 2022,2022-06-19,5,Bay 5,32883272-fdd4-42e8-97a4-693c39a51f7b,Brett Dempsey,48,46.25,24,46.25,Carry Optics,C,TY114367,MINOR,,64.7492,64.7492,3.6297,30.03,19,,8,,1,,,,
16536875-f516-41f6-8e37-a92cd19a93e9,Wallis Orchard Practical Shooters June 2022,2022-06-19,5,Bay 5,32883272-fdd4-42e8-97a4-693c39a51f7b,Pat Byrne,49,45.61,1,100.00,Single Stack,B,Fy93921,MINOR,Super Senior,140.0000,63.8519,3.5794,22.35,14,,9,3,2,,,,
16536875-f516-41f6-8e37-a92cd19a93e9,Wallis Orchard Practical Shooters June 2022,2022-06-19,5,Bay 5,32883272-fdd4-42e8-97a4-693c39a51f7b,Michael Pontious,50,42.40,25,42.40,Carry Optics,C,Fy94575,MINOR,Senior,59.3583,59.3583,3.3275,22.84,14,,7,5,2,,,,
16536875-f516-41f6-8e37-a92cd19a93e9,Wallis Orchard Practical Shooters June 2022,2022-06-19,5,Bay 5,32883272-fdd4-42e8-97a4-693c39a51f7b,Berrhett Foss,51,42.35,7,48.78,Open,U,,MINOR,,68.2875,59.2905,3.3237,20.76,17,,8,,3,,,1,
16536875-f516-41f6-8e37-a92cd19a93e9,Wallis Orchard Practical Shooters June 2022,2022-06-19,5,Bay 5,32883272-fdd4-42e8-97a4-693c39a51f7b,Duane Bellamy,52,41.87,26,41.87,Carry Optics,C,A133284,MINOR,,58.6216,58.6216,3.2862,28.30,14,,10,3,1,,,,
16536875-f516-41f6-8e37-a92cd19a93e9,Wallis Orchard Practical Shooters June 2022,2022-06-19,5,Bay 5,32883272-fdd4-42e8-97a4-693c39a51f7b,David Light,53,40.80,6,60.19,Production,U,A142681,MINOR,,84.2653,57.1231,3.2022,28.73,18,,7,1,2,,,,
16536875-f516-41f6-8e37-a92cd19a93e9,Wallis Orchard Practical Shooters June 2022,2022-06-19,5,Bay 5,32883272-fdd4-42e8-97a4-693c39a51f7b,Monie Perry,54,39.32,27,39.32,Carry Optics,X,,MINOR,,55.0485,55.0485,3.0859,37.59,17,,10,1,,,,,
16536875-f516-41f6-8e37-a92cd19a93e9,Wallis Orchard Practical Shooters June 2022,2022-06-19,5,Bay 5,32883272-fdd4-42e8-97a4-693c39a51f7b,Matt Lem,55,39.21,7,57.83,Production,A,FY34763,MINOR,,80.9680,54.8879,3.0769,26.65,17,,9,,2,,,1,
16536875-f516-41f6-8e37-a92cd19a93e9,Wallis Orchard Practical Shooters June 2022,2022-06-19,5,Bay 5,32883272-fdd4-42e8-97a4-693c39a51f7b,Joseph Tran,56,38.23,8,44.03,Open,U,A129933,MINOR,,61.6451,53.5233,3.0004,27.33,17,,9,,2,,,1,
16536875-f516-41f6-8e37-a92cd19a93e9,Wallis Orchard Practical Shooters June 2022,2022-06-19,5,Bay 5,32883272-fdd4-42e8-97a4-693c39a51f7b,"Jeff Maxwell, Jr.",57,37.76,2,82.80,Single Stack,C,L4489,MAJOR,Senior,115.9183,52.8686,2.9637,37.79,16,,10,1,1,,,,
16536875-f516-41f6-8e37-a92cd19a93e9,Wallis Orchard Practical Shooters June 2022,2022-06-19,5,Bay 5,32883272-fdd4-42e8-97a4-693c39a51f7b,Miguel Gonzalez,58,36.70,8,54.14,Production,U,A142148,MINOR,,75.7998,51.3844,2.8805,37.84,19,,8,,1,,,,
16536875-f516-41f6-8e37-a92cd19a93e9,Wallis Orchard Practical Shooters June 2022,2022-06-19,5,Bay 5,32883272-fdd4-42e8-97a4-693c39a51f7b,John Hanna,59,36.04,28,36.04,Carry Optics,D,a138989,MINOR,,50.4497,50.4497,2.8281,40.31,17,,9,2,,,,,
16536875-f516-41f6-8e37-a92cd19a93e9,Wallis Orchard Practical Shooters June 2022,2022-06-19,5,Bay 5,32883272-fdd4-42e8-97a4-693c39a51f7b,Anthony Duke III,60,34.45,29,34.45,Carry Optics,U,,MINOR,,48.2287,48.2287,2.7036,28.85,16,,9,1,2,,,1,
16536875-f516-41f6-8e37-a92cd19a93e9,Wallis Orchard Practical Shooters June 2022,2022-06-19,5,Bay 5,32883272-fdd4-42e8-97a4-693c39a51f7b,Laif Nilson,61,33.98,5,49.46,Limited,U,,MINOR,,69.2430,47.5651,2.6664,43.13,23,,3,1,1,,,,
16536875-f516-41f6-8e37-a92cd19a93e9,Wallis Orchard Practical Shooters June 2022,2022-06-19,5,Bay 5,32883272-fdd4-42e8-97a4-693c39a51f7b,Hunter Tisher,62,33.66,30,33.66,Carry Optics,U,A142529,MINOR,,47.1192,47.1192,2.6414,29.53,17,,7,2,2,,,1,
16536875-f516-41f6-8e37-a92cd19a93e9,Wallis Orchard Practical Shooters June 2022,2022-06-19,5,Bay 5,32883272-fdd4-42e8-97a4-693c39a51f7b,Ozge Cumberland,63,31.42,31,31.42,Carry Optics,D,TY135611,MINOR,Lady,43.9920,43.9920,2.4661,36.09,13,,10,4,1,,,,
16536875-f516-41f6-8e37-a92cd19a93e9,Wallis Orchard Practical Shooters June 2022,2022-06-19,5,Bay 5,32883272-fdd4-42e8-97a4-693c39a51f7b,Joseph White,64,29.25,9,43.15,Production,C,A135489,MINOR,Law Enforcement,60.4056,40.9488,2.2955,33.98,23,,1,,4,,,,
16536875-f516-41f6-8e37-a92cd19a93e9,Wallis Orchard Practical Shooters June 2022,2022-06-19,5,Bay 5,32883272-fdd4-42e8-97a4-693c39a51f7b,Virak Meas,65,26.47,32,26.47,Carry Optics,U,,MINOR,,37.0599,37.0599,2.0775,32.25,16,,9,,3,,,1,
16536875-f516-41f6-8e37-a92cd19a93e9,Wallis Orchard Practical Shooters June 2022,2022-06-19,5,Bay 5,32883272-fdd4-42e8-97a4-693c39a51f7b,Rodwick Gates,66,26.24,6,38.20,Limited,D,A135944,MINOR,,53.4774,36.7353,2.0593,32.05,17,,7,,4,,,,
16536875-f516-41f6-8e37-a92cd19a93e9,Wallis Orchard Practical Shooters June 2022,2022-06-19,5,Bay 5,32883272-fdd4-42e8-97a4-693c39a51f7b,Hopper Po,67,23.98,33,23.98,Carry Optics,U,A132909,MINOR,,33.5671,33.5671,1.8817,22.32,10,,9,5,4,,,,
16536875-f516-41f6-8e37-a92cd19a93e9,Wallis Orchard Practical Shooters June 2022,2022-06-19,5,Bay 5,32883272-fdd4-42e8-97a4-693c39a51f7b,Les Bolden,68,21.72,34,21.72,Carry Optics,U,A139316,MINOR,,30.4097,30.4097,1.7047,48.69,19,,6,,3,,,,
16536875-f516-41f6-8e37-a92cd19a93e9,Wallis Orchard Practical Shooters June 2022,2022-06-19,5,Bay 5,32883272-fdd4-42e8-97a4-693c39a51f7b,Sam Honeycutt,69,19.30,35,19.30,Carry Optics,U,A141838,MINOR,,27.0203,27.0203,1.5147,33.01,12,,9,3,4,,,,
16536875-f516-41f6-8e37-a92cd19a93e9,Wallis Orchard Practical Shooters June 2022,2022-06-19,5,Bay 5,32883272-fdd4-42e8-97a4-693c39a51f7b,Lalang de la Cruz,70,15.28,36,15.28,Carry Optics,U,,MINOR,Lady,21.3850,21.3850,1.1988,45.88,11,,8,6,3,,,,
16536875-f516-41f6-8e37-a92cd19a93e9,Wallis Orchard Practical Shooters June 2022,2022-06-19,5,Bay 5,32883272-fdd4-42e8-97a4-693c39a51f7b,Sonny Somera,71,13.68,37,13.68,Carry Optics,U,A118611,MINOR,,19.1552,19.1552,1.0738,37.25,8,,12,4,4,,,,
16536875-f516-41f6-8e37-a92cd19a93e9,Wallis Orchard Practical Shooters June 2022,2022-06-19,5,Bay 5,32883272-fdd4-42e8-97a4-693c39a51f7b,Tess Jackson,72,11.96,38,11.96,Carry Optics,U,A139318,MINOR,Lady,16.7434,16.7434,0.9386,53.27,11,,11,2,4,,,,
16536875-f516-41f6-8e37-a92cd19a93e9,Wallis Orchard Practical Shooters June 2022,2022-06-19,5,Bay 5,32883272-fdd4-42e8-97a4-693c39a51f7b,Danielle Dysart,73,3.87,39,3.87,Carry Optics,U,A137402,MINOR,Lady,5.4176,5.4176,0.3037,36.22,11,,8,2,7,,,,
16536875-f516-41f6-8e37-a92cd19a93e9,Wallis Orchard Practical Shooters June 2022,2022-06-19,5,Bay 5,32883272-fdd4-42e8-97a4-693c39a51f7b,Parish Saculles,74,0.00,7,0.00,Limited,U,L5316,MINOR,,0.0000,0.0000,,,,,,,,,,,
16536875-f516-41f6-8e37-a92cd19a93e9,Wallis Orchard Practical Shooters June 2022,2022-06-19,5,Bay 5,32883272-fdd4-42e8-97a4-693c39a51f7b,Antonio Tormis,75,0.00,40,0.00,Carry Optics,B,,MINOR,,0.0000,0.0000,,,,,,,,,,,
16536875-f516-41f6-8e37-a92cd19a93e9,Wallis Orchard Practical Shooters June 2022,2022-06-19,6,Bay 6,a6d3ac1a-7bc3-454c-8352-15b1752a419d,Paul Felker,1,100.00,1,100.00,Carry Optics,M,TY107123,MINOR,,160.0000,160.0000,11.5858,13.81,32,,,,,,,,
16536875-f516-41f6-8e37-a92cd19a93e9,Wallis Orchard Practical Shooters June 2022,2022-06-19,6,Bay 6,a6d3ac1a-7bc3-454c-8352-15b1752a419d,Wade Pruetz,2,93.53,1,100.00,Open,A,TY79055,MAJOR,Senior,160.0000,149.6411,10.8357,14.12,25,,7,,,,,,
16536875-f516-41f6-8e37-a92cd19a93e9,Wallis Orchard Practical Shooters June 2022,2022-06-19,6,Bay 6,a6d3ac1a-7bc3-454c-8352-15b1752a419d,Andrew Whitley,3,93.48,2,99.96,Open,A,TY106649,MAJOR,,159.9291,149.5748,10.8309,13.48,20,,11,1,,,,,
16536875-f516-41f6-8e37-a92cd19a93e9,Wallis Orchard Practical Shooters June 2022,2022-06-19,6,Bay 6,a6d3ac1a-7bc3-454c-8352-15b1752a419d,Kevin Bunurai,4,92.99,2,92.99,Carry Optics,M,TY105111,MINOR,,148.7821,148.7821,10.7735,14.48,30,,2,,,,,,
16536875-f516-41f6-8e37-a92cd19a93e9,Wallis Orchard Practical Shooters June 2022,2022-06-19,6,Bay 6,a6d3ac1a-7bc3-454c-8352-15b1752a419d,Pete Kirchner,5,87.81,3,87.81,Carry Optics,A,TY105743,MINOR,,140.5016,140.5016,10.1739,15.53,31,,1,,,,,,
16536875-f516-41f6-8e37-a92cd19a93e9,Wallis Orchard Practical Shooters June 2022,2022-06-19,6,Bay 6,a6d3ac1a-7bc3-454c-8352-15b1752a419d,Mike Junco,6,87.33,4,87.33,Carry Optics,M,FY34819,MINOR,Foreign; Law Enforcement,139.7338,139.7338,10.1183,15.22,29,,3,,,,,,
16536875-f516-41f6-8e37-a92cd19a93e9,Wallis Orchard Practical Shooters June 2022,2022-06-19,6,Bay 6,a6d3ac1a-7bc3-454c-8352-15b1752a419d,Duane Mendoza,7,86.59,5,86.59,Carry Optics,B,x,MINOR,,138.5379,138.5379,10.0317,15.75,31,,1,,,,,,
16536875-f516-41f6-8e37-a92cd19a93e9,Wallis Orchard Practical Shooters June 2022,2022-06-19,6,Bay 6,a6d3ac1a-7bc3-454c-8352-15b1752a419d,Scott Reeh,8,84.15,6,84.15,Carry Optics,A,A91497,MINOR,,134.6434,134.6434,9.7497,15.18,27,,4,1,,,,,
16536875-f516-41f6-8e37-a92cd19a93e9,Wallis Orchard Practical Shooters June 2022,2022-06-19,6,Bay 6,a6d3ac1a-7bc3-454c-8352-15b1752a419d,Travis McKenzie,9,83.97,7,83.97,Carry Optics,B,TY139201,MINOR,,134.3493,134.3493,9.7284,15.83,29,,3,,,,,,
16536875-f516-41f6-8e37-a92cd19a93e9,Wallis Orchard Practical Shooters June 2022,2022-06-19,6,Bay 6,a6d3ac1a-7bc3-454c-8352-15b1752a419d,Robert Bui,10,83.87,8,83.87,Carry Optics,B,A103016,MINOR,,134.1932,134.1932,9.7171,16.26,31,,1,,,,,,
16536875-f516-41f6-8e37-a92cd19a93e9,Wallis Orchard Practical Shooters June 2022,2022-06-19,6,Bay 6,a6d3ac1a-7bc3-454c-8352-15b1752a419d,Jim Havens,11,83.25,9,83.25,Carry Optics,G,Ty114636,MINOR,Senior,133.1934,133.1934,9.6447,15.76,28,,4,,,,,,
16536875-f516-41f6-8e37-a92cd19a93e9,Wallis Orchard Practical Shooters June 2022,2022-06-19,6,Bay 6,a6d3ac1a-7bc3-454c-8352-15b1752a419d,Matthew Gonzalez,12,82.88,10,82.88,Carry Optics,B,A119810,MINOR,,132.6037,132.6037,9.6020,15.83,29,,2,1,,,,,
16536875-f516-41f6-8e37-a92cd19a93e9,Wallis Orchard Practical Shooters June 2022,2022-06-19,6,Bay 6,a6d3ac1a-7bc3-454c-8352-15b1752a419d,Edwin Garcia,13,82.77,11,82.77,Carry Optics,U,TY38396,MINOR,,132.4366,132.4366,9.5899,15.85,28,,4,,,,,,
16536875-f516-41f6-8e37-a92cd19a93e9,Wallis Orchard Practical Shooters June 2022,2022-06-19,6,Bay 6,a6d3ac1a-7bc3-454c-8352-15b1752a419d,Garry Newton,14,79.25,1,100.00,PCC,M,A79434,MINOR,Super Senior,160.0000,126.8021,9.1819,16.99,30,,2,,,,,,
16536875-f516-41f6-8e37-a92cd19a93e9,Wallis Orchard Practical Shooters June 2022,2022-06-19,6,Bay 6,a6d3ac1a-7bc3-454c-8352-15b1752a419d,Justin Corona,15,78.36,3,83.79,Open,B,L4452,MINOR,,134.0620,125.3825,9.0791,15.42,23,,8,1,,,,,
16536875-f516-41f6-8e37-a92cd19a93e9,Wallis Orchard Practical Shooters June 2022,2022-06-19,6,Bay 6,a6d3ac1a-7bc3-454c-8352-15b1752a419d,Janice Pacleb,16,78.19,4,83.61,Open,B,Ty75597,MAJOR,Lady,133.7711,125.1104,9.0594,17.33,29,,3,,,,,,
16536875-f516-41f6-8e37-a92cd19a93e9,Wallis Orchard Practical Shooters June 2022,2022-06-19,6,Bay 6,a6d3ac1a-7bc3-454c-8352-15b1752a419d,Roman Gwiscz,17,78.18,12,78.18,Carry Optics,A,L4670,MINOR,,125.0842,125.0842,9.0575,16.34,27,,4,1,,,,,
16536875-f516-41f6-8e37-a92cd19a93e9,Wallis Orchard Practical Shooters June 2022,2022-06-19,6,Bay 6,a6d3ac1a-7bc3-454c-8352-15b1752a419d,Arnold Gee,18,77.56,13,77.56,Carry Optics,B,Ty103519,MINOR,Senior,124.0954,124.0954,8.9859,15.58,22,,10,,,,,,
16536875-f516-41f6-8e37-a92cd19a93e9,Wallis Orchard Practical Shooters June 2022,2022-06-19,6,Bay 6,a6d3ac1a-7bc3-454c-8352-15b1752a419d,Matthew Michna,19,73.33,14,73.33,Carry Optics,B,A128405,MINOR,,117.3243,117.3243,8.4956,16.95,25,,6,1,,,,,
16536875-f516-41f6-8e37-a92cd19a93e9,Wallis Orchard Practical Shooters June 2022,2022-06-19,6,Bay 6,a6d3ac1a-7bc3-454c-8352-15b1752a419d,James Tonkinson,20,71.49,15,71.49,Carry Optics,A,A123944,MINOR,,114.3842,114.3842,8.2827,18.11,27,,5,,,,,,
16536875-f516-41f6-8e37-a92cd19a93e9,Wallis Orchard Practical Shooters June 2022,2022-06-19,6,Bay 6,a6d3ac1a-7bc3-454c-8352-15b1752a419d,Norman Oducado,21,69.75,1,100.00,Limited,C,A103491,MINOR,,160.0000,111.5959,8.0808,18.81,28,,4,,,,,,
16536875-f516-41f6-8e37-a92cd19a93e9,Wallis Orchard Practical Shooters June 2022,2022-06-19,6,Bay 6,a6d3ac1a-7bc3-454c-8352-15b1752a419d,Craig Bellamy,22,69.65,16,69.65,Carry Optics,U,TY54824,MINOR,Law Enforcement,111.4468,111.4468,8.0700,17.72,30,,1,,1,,,,
16536875-f516-41f6-8e37-a92cd19a93e9,Wallis Orchard Practical Shooters June 2022,2022-06-19,6,Bay 6,a6d3ac1a-7bc3-454c-8352-15b1752a419d,Gary Wu,23,69.58,17,69.58,Carry Optics,B,L2998,MINOR,Senior,111.3252,111.3252,8.0612,19.60,31,,1,,,,,,
16536875-f516-41f6-8e37-a92cd19a93e9,Wallis Orchard Practical Shooters June 2022,2022-06-19,6,Bay 6,a6d3ac1a-7bc3-454c-8352-15b1752a419d,Daniel Alexander,24,68.54,5,73.28,Open,U,A139889,MINOR,,117.2480,109.6570,7.9404,20.15,32,,,,,,,,
16536875-f516-41f6-8e37-a92cd19a93e9,Wallis Orchard Practical Shooters June 2022,2022-06-19,6,Bay 6,a6d3ac1a-7bc3-454c-8352-15b1752a419d,Doug Joder,25,67.83,2,85.59,PCC,B,A115020,MINOR,,136.9459,108.5315,7.8589,19.85,30,,2,,,,,,
16536875-f516-41f6-8e37-a92cd19a93e9,Wallis Orchard Practical Shooters June 2022,2022-06-19,6,Bay 6,a6d3ac1a-7bc3-454c-8352-15b1752a419d,Joseph Tran,26,66.80,6,71.42,Open,U,A129933,MINOR,,114.2785,106.8798,7.7393,19.64,28,,4,,,,,,
16536875-f516-41f6-8e37-a92cd19a93e9,Wallis Orchard Practical Shooters June 2022,2022-06-19,6,Bay 6,a6d3ac1a-7bc3-454c-8352-15b1752a419d,Marlon Poralan,27,65.73,7,70.28,Open,D,Ty1234,MAJOR,Law Enforcement,112.4461,105.1660,7.6152,19.96,26,,5,1,,,,,
16536875-f516-41f6-8e37-a92cd19a93e9,Wallis Orchard Practical Shooters June 2022,2022-06-19,6,Bay 6,a6d3ac1a-7bc3-454c-8352-15b1752a419d,Zackary Becker,28,64.60,2,92.61,Limited,U,,MINOR,,148.1833,103.3541,7.4840,20.31,28,,4,,,,,,
16536875-f516-41f6-8e37-a92cd19a93e9,Wallis Orchard Practical Shooters June 2022,2022-06-19,6,Bay 6,a6d3ac1a-7bc3-454c-8352-15b1752a419d,Francis X. Hummel,29,64.26,1,100.00,Production,B,TY123776,MINOR,,160.0000,102.8183,7.4452,19.61,25,,7,,,,,,
16536875-f516-41f6-8e37-a92cd19a93e9,Wallis Orchard Practical Shooters June 2022,2022-06-19,6,Bay 6,a6d3ac1a-7bc3-454c-8352-15b1752a419d,Berrhett Foss,30,64.21,8,68.66,Open,U,,MINOR,,109.8502,102.7382,7.4394,18.55,22,,9,1,,,,,
16536875-f516-41f6-8e37-a92cd19a93e9,Wallis Orchard Practical Shooters June 2022,2022-06-19,6,Bay 6,a6d3ac1a-7bc3-454c-8352-15b1752a419d,CARLOS NIEVES,31,63.81,3,80.52,PCC,C,A120418,MINOR,,128.8309,102.1002,7.3932,20.83,30,,1,1,,,,,
16536875-f516-41f6-8e37-a92cd19a93e9,Wallis Orchard Practical Shooters June 2022,2022-06-19,6,Bay 6,a6d3ac1a-7bc3-454c-8352-15b1752a419d,Jimmy Durham,32,62.05,4,78.29,PCC,U,TY135611,MINOR,,125.2691,99.2774,7.1888,18.64,19,,13,,,,,,
16536875-f516-41f6-8e37-a92cd19a93e9,Wallis Orchard Practical Shooters June 2022,2022-06-19,6,Bay 6,a6d3ac1a-7bc3-454c-8352-15b1752a419d,Anthony Duke III,33,61.54,18,61.54,Carry Optics,U,,MINOR,,98.4585,98.4585,7.1295,21.32,28,,4,,,,,,
16536875-f516-41f6-8e37-a92cd19a93e9,Wallis Orchard Practical Shooters June 2022,2022-06-19,6,Bay 6,a6d3ac1a-7bc3-454c-8352-15b1752a419d,Luke Rogers,34,60.96,19,60.96,Carry Optics,B,A133534,MINOR,,97.5318,97.5318,7.0624,19.54,23,,7,2,,,,,
16536875-f516-41f6-8e37-a92cd19a93e9,Wallis Orchard Practical Shooters June 2022,2022-06-19,6,Bay 6,a6d3ac1a-7bc3-454c-8352-15b1752a419d,Ross Apffel,35,60.17,2,93.63,Production,A,L4428,MINOR,,149.8157,96.2737,6.9713,21.23,26,,6,,,,,,
16536875-f516-41f6-8e37-a92cd19a93e9,Wallis Orchard Practical Shooters June 2022,2022-06-19,6,Bay 6,a6d3ac1a-7bc3-454c-8352-15b1752a419d,Pat Byrne,36,59.55,1,100.00,Single Stack,B,Fy93921,MINOR,Super Senior,160.0000,95.2835,6.8996,22.61,30,,2,,,,,,
16536875-f516-41f6-8e37-a92cd19a93e9,Wallis Orchard Practical Shooters June 2022,2022-06-19,6,Bay 6,a6d3ac1a-7bc3-454c-8352-15b1752a419d,Michael Pontious,37,59.03,20,59.03,Carry Optics,C,Fy94575,MINOR,Senior,94.4522,94.4522,6.8394,19.30,21,,8,3,,,,,
16536875-f516-41f6-8e37-a92cd19a93e9,Wallis Orchard Practical Shooters June 2022,2022-06-19,6,Bay 6,a6d3ac1a-7bc3-454c-8352-15b1752a419d,Khoa Nguyen,38,58.97,3,91.76,Production,A,A117224,MINOR,Law Enforcement,146.8178,94.3472,6.8318,23.42,32,,,,,,,,
16536875-f516-41f6-8e37-a92cd19a93e9,Wallis Orchard Practical Shooters June 2022,2022-06-19,6,Bay 6,a6d3ac1a-7bc3-454c-8352-15b1752a419d,Anthony Fong,39,58.12,21,58.12,Carry Optics,U,A142224,MINOR,,92.9966,92.9966,6.7340,20.79,23,,8,1,,,,,
16536875-f516-41f6-8e37-a92cd19a93e9,Wallis Orchard Practical Shooters June 2022,2022-06-19,6,Bay 6,a6d3ac1a-7bc3-454c-8352-15b1752a419d,Marc Demeza,40,57.79,22,57.79,Carry Optics,U,A70759,MINOR,,92.4718,92.4718,6.6960,22.70,28,,4,,,,,,
16536875-f516-41f6-8e37-a92cd19a93e9,Wallis Orchard Practical Shooters June 2022,2022-06-19,6,Bay 6,a6d3ac1a-7bc3-454c-8352-15b1752a419d,Ramil Villanueva,41,54.46,23,54.46,Carry Optics,D,A110261,MINOR,Junior,87.1370,87.1370,6.3097,24.09,28,,4,,,,,,
16536875-f516-41f6-8e37-a92cd19a93e9,Wallis Orchard Practical Shooters June 2022,2022-06-19,6,Bay 6,a6d3ac1a-7bc3-454c-8352-15b1752a419d,Elisabeth Steiger,42,53.62,5,67.66,PCC,C,A136514,MINOR,Lady,108.2599,85.7974,6.2127,25.11,30,,2,,,,,,
16536875-f516-41f6-8e37-a92cd19a93e9,Wallis Orchard Practical Shooters June 2022,2022-06-19,6,Bay 6,a6d3ac1a-7bc3-454c-8352-15b1752a419d,Brett Dempsey,43,53.38,24,53.38,Carry Optics,C,TY114367,MINOR,,85.4108,85.4108,6.1847,24.90,29,,3,,,,,,
16536875-f516-41f6-8e37-a92cd19a93e9,Wallis Orchard Practical Shooters June 2022,2022-06-19,6,Bay 6,a6d3ac1a-7bc3-454c-8352-15b1752a419d,Duane Bellamy,44,53.02,25,53.02,Carry Optics,C,A133284,MINOR,,84.8266,84.8266,6.1424,21.49,21,,8,3,,,,,
16536875-f516-41f6-8e37-a92cd19a93e9,Wallis Orchard Practical Shooters June 2022,2022-06-19,6,Bay 6,a6d3ac1a-7bc3-454c-8352-15b1752a419d,Boyd Nabas,45,52.93,26,52.93,Carry Optics,U,0,MINOR,Junior,84.6954,84.6954,6.1329,23.48,24,,8,,,,,,
16536875-f516-41f6-8e37-a92cd19a93e9,Wallis Orchard Practical Shooters June 2022,2022-06-19,6,Bay 6,a6d3ac1a-7bc3-454c-8352-15b1752a419d,Bill Kinstley,46,52.62,3,75.45,Limited,,A104836,MAJOR,,120.7128,84.1941,6.0966,25.26,30,,,2,,,,,
16536875-f516-41f6-8e37-a92cd19a93e9,Wallis Orchard Practical Shooters June 2022,2022-06-19,6,Bay 6,a6d3ac1a-7bc3-454c-8352-15b1752a419d,Virak Meas,47,52.60,27,52.60,Carry Optics,U,,MINOR,,84.1568,84.1568,6.0939,23.63,25,,6,1,,,,,
16536875-f516-41f6-8e37-a92cd19a93e9,Wallis Orchard Practical Shooters June 2022,2022-06-19,6,Bay 6,a6d3ac1a-7bc3-454c-8352-15b1752a419d,Pocholo Dimayuga,48,52.33,4,75.03,Limited,C,A106236,MAJOR,,120.0515,83.7328,6.0632,23.42,18,,12,2,,,,,
16536875-f516-41f6-8e37-a92cd19a93e9,Wallis Orchard Practical Shooters June 2022,2022-06-19,6,Bay 6,a6d3ac1a-7bc3-454c-8352-15b1752a419d,Anthony Smallwood,49,49.84,6,62.89,PCC,B,TY94508,MINOR,Senior,100.6206,79.7431,5.7743,26.67,30,,1,1,,,,,
16536875-f516-41f6-8e37-a92cd19a93e9,Wallis Orchard Practical Shooters June 2022,2022-06-19,6,Bay 6,a6d3ac1a-7bc3-454c-8352-15b1752a419d,Robbie Boettcher,50,47.58,28,47.58,Carry Optics,U,A139912,MINOR,,76.1221,76.1221,5.5121,25.58,29,,2,,1,,,,
16536875-f516-41f6-8e37-a92cd19a93e9,Wallis Orchard Practical Shooters June 2022,2022-06-19,6,Bay 6,a6d3ac1a-7bc3-454c-8352-15b1752a419d,Miguel Gonzalez,51,47.12,4,73.33,Production,U,A142148,MINOR,,117.3287,75.3971,5.4596,28.94,31,,1,,,,,,
16536875-f516-41f6-8e37-a92cd19a93e9,Wallis Orchard Practical Shooters June 2022,2022-06-19,6,Bay 6,a6d3ac1a-7bc3-454c-8352-15b1752a419d,LUIS GONZALEZ,52,46.83,5,72.88,Production,U,A141805,MINOR,,116.6088,74.9345,5.4261,26.17,24,,7,1,,,,,
16536875-f516-41f6-8e37-a92cd19a93e9,Wallis Orchard Practical Shooters June 2022,2022-06-19,6,Bay 6,a6d3ac1a-7bc3-454c-8352-15b1752a419d,Drew Yang,53,46.74,6,72.73,Production,C,A138478,MINOR,,116.3746,74.7840,5.4152,27.70,27,,5,,,,,,
16536875-f516-41f6-8e37-a92cd19a93e9,Wallis Orchard Practical Shooters June 2022,2022-06-19,6,Bay 6,a6d3ac1a-7bc3-454c-8352-15b1752a419d,Christopher Ham,54,43.25,7,54.58,PCC,U,A135936,MINOR,,87.3231,69.2047,5.0112,31.13,30,,2,,,,,,
16536875-f516-41f6-8e37-a92cd19a93e9,Wallis Orchard Practical Shooters June 2022,2022-06-19,6,Bay 6,a6d3ac1a-7bc3-454c-8352-15b1752a419d,Richard Elms,55,43.09,1,100.00,Revolver,B,A44556,MINOR,Senior,160.0000,68.9368,4.9918,30.45,28,,4,,,,,,
16536875-f516-41f6-8e37-a92cd19a93e9,Wallis Orchard Practical Shooters June 2022,2022-06-19,6,Bay 6,a6d3ac1a-7bc3-454c-8352-15b1752a419d,Parish Saculles,56,39.68,5,56.89,Limited,U,L5316,MINOR,,91.0266,63.4888,4.5973,30.67,29,,2,,1,,,,
16536875-f516-41f6-8e37-a92cd19a93e9,Wallis Orchard Practical Shooters June 2022,2022-06-19,6,Bay 6,a6d3ac1a-7bc3-454c-8352-15b1752a419d,Matt Lem,57,39.44,7,61.38,Production,A,FY34763,MINOR,,98.2002,63.1048,4.5695,15.10,24,,3,,5,,,1,
16536875-f516-41f6-8e37-a92cd19a93e9,Wallis Orchard Practical Shooters June 2022,2022-06-19,6,Bay 6,a6d3ac1a-7bc3-454c-8352-15b1752a419d,Hunter Tisher,58,39.05,29,39.05,Carry Optics,U,A142529,MINOR,,62.4820,62.4820,4.5244,34.48,30,,2,,,,,,
16536875-f516-41f6-8e37-a92cd19a93e9,Wallis Orchard Practical Shooters June 2022,2022-06-19,6,Bay 6,a6d3ac1a-7bc3-454c-8352-15b1752a419d,Joseph White,59,38.35,8,59.68,Production,C,A135489,MINOR,Law Enforcement,95.4838,61.3593,4.4431,34.21,28,,4,,,,,,
16536875-f516-41f6-8e37-a92cd19a93e9,Wallis Orchard Practical Shooters June 2022,2022-06-19,6,Bay 6,a6d3ac1a-7bc3-454c-8352-15b1752a419d,Ozge Cumberland,60,37.60,30,37.60,Carry Optics,D,TY135611,MINOR,Lady,60.1536,60.1536,4.3558,27.32,20,,9,2,1,,,,
16536875-f516-41f6-8e37-a92cd19a93e9,Wallis Orchard Practical Shooters June 2022,2022-06-19,6,Bay 6,a6d3ac1a-7bc3-454c-8352-15b1752a419d,Lalang de la Cruz,61,34.53,31,34.53,Carry Optics,U,,MINOR,Lady,55.2400,55.2400,4.0000,35.00,23,,8,1,,,,,
16536875-f516-41f6-8e37-a92cd19a93e9,Wallis Orchard Practical Shooters June 2022,2022-06-19,6,Bay 6,a6d3ac1a-7bc3-454c-8352-15b1752a419d,John Hanna,62,33.66,32,33.66,Carry Optics,D,a138989,MINOR,,53.8494,53.8494,3.8993,40.52,31,,1,,,,,,
16536875-f516-41f6-8e37-a92cd19a93e9,Wallis Orchard Practical Shooters June 2022,2022-06-19,6,Bay 6,a6d3ac1a-7bc3-454c-8352-15b1752a419d,Monie Perry,63,33.60,33,33.60,Carry Optics,X,,MINOR,,53.7651,53.7651,3.8932,40.07,30,,2,,,,,,
16536875-f516-41f6-8e37-a92cd19a93e9,Wallis Orchard Practical Shooters June 2022,2022-06-19,6,Bay 6,a6d3ac1a-7bc3-454c-8352-15b1752a419d,Laif Nilson,64,31.05,6,44.52,Limited,U,,MINOR,,71.2286,49.6801,3.5974,43.92,31,,1,,,,,,
16536875-f516-41f6-8e37-a92cd19a93e9,Wallis Orchard Practical Shooters June 2022,2022-06-19,6,Bay 6,a6d3ac1a-7bc3-454c-8352-15b1752a419d,Sam Honeycutt,65,30.09,34,30.09,Carry Optics,U,A141838,MINOR,,48.1445,48.1445,3.4862,26.39,12,,17,1,2,,,,
16536875-f516-41f6-8e37-a92cd19a93e9,Wallis Orchard Practical Shooters June 2022,2022-06-19,6,Bay 6,a6d3ac1a-7bc3-454c-8352-15b1752a419d,Sonny Somera,66,30.03,35,30.03,Carry Optics,U,A118611,MINOR,,48.0478,48.0478,3.4792,35.64,18,,10,4,,,,,
16536875-f516-41f6-8e37-a92cd19a93e9,Wallis Orchard Practical Shooters June 2022,2022-06-19,6,Bay 6,a6d3ac1a-7bc3-454c-8352-15b1752a419d,David Light,67,28.70,9,44.66,Production,U,A142681,MINOR,,71.4511,45.9155,3.3248,46.92,30,,2,,,,,,
16536875-f516-41f6-8e37-a92cd19a93e9,Wallis Orchard Practical Shooters June 2022,2022-06-19,6,Bay 6,a6d3ac1a-7bc3-454c-8352-15b1752a419d,"Jeff Maxwell, Jr.",68,28.42,2,47.72,Single Stack,C,L4489,MAJOR,Senior,76.3592,45.4736,3.2928,41.91,26,,4,1,1,,,,
16536875-f516-41f6-8e37-a92cd19a93e9,Wallis Orchard Practical Shooters June 2022,2022-06-19,6,Bay 6,a6d3ac1a-7bc3-454c-8352-15b1752a419d,Danielle Dysart,69,25.05,36,25.05,Carry Optics,U,A137402,MINOR,Lady,40.0822,40.0822,2.9024,26.53,14,,11,4,3,,,,
16536875-f516-41f6-8e37-a92cd19a93e9,Wallis Orchard Practical Shooters June 2022,2022-06-19,6,Bay 6,a6d3ac1a-7bc3-454c-8352-15b1752a419d,Tess Jackson,70,24.29,37,24.29,Carry Optics,U,A139318,MINOR,Lady,38.8627,38.8627,2.8141,50.46,24,,7,1,,,,,
16536875-f516-41f6-8e37-a92cd19a93e9,Wallis Orchard Practical Shooters June 2022,2022-06-19,6,Bay 6,a6d3ac1a-7bc3-454c-8352-15b1752a419d,Hopper Po,71,19.44,38,19.44,Carry Optics,U,A132909,MINOR,,31.1043,31.1043,2.2523,42.18,20,,8,1,3,,,,
16536875-f516-41f6-8e37-a92cd19a93e9,Wallis Orchard Practical Shooters June 2022,2022-06-19,6,Bay 6,a6d3ac1a-7bc3-454c-8352-15b1752a419d,Rodwick Gates,72,19.41,7,27.83,Limited,D,A135944,MINOR,,44.5203,31.0518,2.2485,50.70,23,,6,1,2,,,,
16536875-f516-41f6-8e37-a92cd19a93e9,Wallis Orchard Practical Shooters June 2022,2022-06-19,6,Bay 6,a6d3ac1a-7bc3-454c-8352-15b1752a419d,Antonio Tormis,73,0.00,39,0.00,Carry Optics,B,,MINOR,,0.0000,0.0000,,,,,,,,,,,
16536875-f516-41f6-8e37-a92cd19a93e9,Wallis Orchard Practical Shooters June 2022,2022-06-19,6,Bay 6,a6d3ac1a-7bc3-454c-8352-15b1752a419d,randy callison,74,0.00,8,0.00,PCC,A,A14418,MINOR,Senior,0.0000,0.0000,,,,,,,,,,,
16536875-f516-41f6-8e37-a92cd19a93e9,Wallis Orchard Practical Shooters June 2022,2022-06-19,6,Bay 6,a6d3ac1a-7bc3-454c-8352-15b1752a419d,Les Bolden,75,0.00,40,0.00,Carry Optics,U,A139316,MINOR,,0.0000,0.0000,0.0000,42.64,19,,4,1,8,,,6,
16536875-f516-41f6-8e37-a92cd19a93e9,Wallis Orchard Practical Shooters June 2022,2022-06-19,7,Bay 7,4b1de064-d277-49f4-9124-e3bdab3d37a9,Wade Pruetz,1,100.00,1,100.00,Open,A,TY79055,MAJOR,Senior,160.0000,160.0000,8.6632,17.43,23,,9,,,,,,
16536875-f516-41f6-8e37-a92cd19a93e9,Wallis Orchard Practical Shooters June 2022,2022-06-19,7,Bay 7,4b1de064-d277-49f4-9124-e3bdab3d37a9,Duane Mendoza,2,96.73,1,100.00,Carry Optics,B,x,MINOR,,160.0000,154.7604,8.3795,16.23,21,,10,1,,,,,
16536875-f516-41f6-8e37-a92cd19a93e9,Wallis Orchard Practical Shooters June 2022,2022-06-19,7,Bay 7,4b1de064-d277-49f4-9124-e3bdab3d37a9,Kevin Bunurai,3,90.64,2,93.70,Carry Optics,M,TY105111,MINOR,,149.9259,145.0162,7.8519,17.83,27,,5,,,,1,,
16536875-f516-41f6-8e37-a92cd19a93e9,Wallis Orchard Practical Shooters June 2022,2022-06-19,7,Bay 7,4b1de064-d277-49f4-9124-e3bdab3d37a9,Mike Junco,4,90.09,3,93.14,Carry Optics,M,FY34819,MINOR,Foreign; Law Enforcement,149.0170,144.1370,7.8043,17.17,19,,13,,,,,,
16536875-f516-41f6-8e37-a92cd19a93e9,Wallis Orchard Practical Shooters June 2022,2022-06-19,7,Bay 7,4b1de064-d277-49f4-9124-e3bdab3d37a9,Andrew Whitley,5,89.54,2,89.54,Open,A,TY106649,MAJOR,,143.2672,143.2672,7.7572,17.79,20,,12,,,,1,,
16536875-f516-41f6-8e37-a92cd19a93e9,Wallis Orchard Practical Shooters June 2022,2022-06-19,7,Bay 7,4b1de064-d277-49f4-9124-e3bdab3d37a9,Janice Pacleb,6,88.98,3,88.98,Open,B,Ty75597,MAJOR,Lady,142.3751,142.3751,7.7089,18.55,17,,14,1,,,,,
16536875-f516-41f6-8e37-a92cd19a93e9,Wallis Orchard Practical Shooters June 2022,2022-06-19,7,Bay 7,4b1de064-d277-49f4-9124-e3bdab3d37a9,Matthew Gonzalez,7,87.75,4,90.72,Carry Optics,B,A119810,MINOR,,145.1542,140.4008,7.6020,17.89,21,,10,1,,,,,
16536875-f516-41f6-8e37-a92cd19a93e9,Wallis Orchard Practical Shooters June 2022,2022-06-19,7,Bay 7,4b1de064-d277-49f4-9124-e3bdab3d37a9,Scott Reeh,8,87.23,5,90.18,Carry Optics,A,A91497,MINOR,,144.2912,139.5660,7.5568,17.60,25,,6,,1,,,,
16536875-f516-41f6-8e37-a92cd19a93e9,Wallis Orchard Practical Shooters June 2022,2022-06-19,7,Bay 7,4b1de064-d277-49f4-9124-e3bdab3d37a9,Jim Havens,9,86.87,6,89.81,Carry Optics,G,Ty114636,MINOR,Senior,143.6974,138.9916,7.5257,17.54,23,,9,,,,1,,
16536875-f516-41f6-8e37-a92cd19a93e9,Wallis Orchard Practical Shooters June 2022,2022-06-19,7,Bay 7,4b1de064-d277-49f4-9124-e3bdab3d37a9,Pete Kirchner,10,79.83,7,82.53,Carry Optics,A,TY105743,MINOR,,132.0442,127.7200,6.9154,21.98,28,,4,,,,,,
16536875-f516-41f6-8e37-a92cd19a93e9,Wallis Orchard Practical Shooters June 2022,2022-06-19,7,Bay 7,4b1de064-d277-49f4-9124-e3bdab3d37a9,Garry Newton,11,79.76,1,100.00,PCC,M,A79434,MINOR,Super Senior,160.0000,127.6092,6.9094,21.42,26,,6,,,,,,
16536875-f516-41f6-8e37-a92cd19a93e9,Wallis Orchard Practical Shooters June 2022,2022-06-19,7,Bay 7,4b1de064-d277-49f4-9124-e3bdab3d37a9,Norman Oducado,12,78.32,1,100.00,Limited,C,A103491,MINOR,,160.0000,125.3061,6.7847,20.34,21,,11,,,,,,
16536875-f516-41f6-8e37-a92cd19a93e9,Wallis Orchard Practical Shooters June 2022,2022-06-19,7,Bay 7,4b1de064-d277-49f4-9124-e3bdab3d37a9,Doug Joder,13,78.09,2,97.91,PCC,B,A115020,MINOR,,156.6585,124.9441,6.7651,20.99,24,,7,1,,,,,
16536875-f516-41f6-8e37-a92cd19a93e9,Wallis Orchard Practical Shooters June 2022,2022-06-19,7,Bay 7,4b1de064-d277-49f4-9124-e3bdab3d37a9,CARLOS NIEVES,14,75.54,3,94.71,PCC,C,A120418,MINOR,,151.5362,120.8588,6.5439,20.63,27,,3,1,1,,,,
16536875-f516-41f6-8e37-a92cd19a93e9,Wallis Orchard Practical Shooters June 2022,2022-06-19,7,Bay 7,4b1de064-d277-49f4-9124-e3bdab3d37a9,Michael Pontious,15,74.40,8,76.92,Carry Optics,C,Fy94575,MINOR,Senior,123.0756,119.0452,6.4457,21.72,24,,6,2,,,,,
16536875-f516-41f6-8e37-a92cd19a93e9,Wallis Orchard Practical Shooters June 2022,2022-06-19,7,Bay 7,4b1de064-d277-49f4-9124-e3bdab3d37a9,Roman Gwiscz,16,74.08,9,76.59,Carry Optics,A,L4670,MINOR,,122.5391,118.5262,6.4176,20.88,20,,11,1,,,,,
16536875-f516-41f6-8e37-a92cd19a93e9,Wallis Orchard Practical Shooters June 2022,2022-06-19,7,Bay 7,4b1de064-d277-49f4-9124-e3bdab3d37a9,Luke Rogers,17,73.83,10,76.33,Carry Optics,B,A133534,MINOR,,122.1247,118.1254,6.3959,23.14,26,,6,,,,,,
16536875-f516-41f6-8e37-a92cd19a93e9,Wallis Orchard Practical Shooters June 2022,2022-06-19,7,Bay 7,4b1de064-d277-49f4-9124-e3bdab3d37a9,Gary Wu,18,73.39,11,75.87,Carry Optics,B,L2998,MINOR,Senior,121.3991,117.4236,6.3579,22.02,24,,6,2,,,,,
16536875-f516-41f6-8e37-a92cd19a93e9,Wallis Orchard Practical Shooters June 2022,2022-06-19,7,Bay 7,4b1de064-d277-49f4-9124-e3bdab3d37a9,Khoa Nguyen,19,71.98,1,100.00,Production,A,A117224,MINOR,Law Enforcement,160.0000,115.1704,6.2359,22.13,21,,11,,,,,,
16536875-f516-41f6-8e37-a92cd19a93e9,Wallis Orchard Practical Shooters June 2022,2022-06-19,7,Bay 7,4b1de064-d277-49f4-9124-e3bdab3d37a9,Paul Felker,20,70.84,12,73.24,Carry Optics,M,TY107123,MINOR,,117.1850,113.3475,6.1372,16.62,17,,12,1,2,,,,
16536875-f516-41f6-8e37-a92cd19a93e9,Wallis Orchard Practical Shooters June 2022,2022-06-19,7,Bay 7,4b1de064-d277-49f4-9124-e3bdab3d37a9,Francis X. Hummel,21,69.99,2,97.23,Production,B,TY123776,MINOR,,155.5714,111.9826,6.0633,22.76,24,,5,3,,,,,
16536875-f516-41f6-8e37-a92cd19a93e9,Wallis Orchard Practical Shooters June 2022,2022-06-19,7,Bay 7,4b1de064-d277-49f4-9124-e3bdab3d37a9,Craig Bellamy,22,69.60,13,71.96,Carry Optics,U,TY54824,MINOR,Law Enforcement,115.1305,111.3602,6.0296,19.57,18,,12,2,,,1,,
16536875-f516-41f6-8e37-a92cd19a93e9,Wallis Orchard Practical Shooters June 2022,2022-06-19,7,Bay 7,4b1de064-d277-49f4-9124-e3bdab3d37a9,Berrhett Foss,23,68.13,4,68.13,Open,U,,MINOR,,109.0128,109.0128,5.9025,23.38,21,,11,,,,,,
16536875-f516-41f6-8e37-a92cd19a93e9,Wallis Orchard Practical Shooters June 2022,2022-06-19,7,Bay 7,4b1de064-d277-49f4-9124-e3bdab3d37a9,Robert Bui,24,67.45,14,69.73,Carry Optics,B,A103016,MINOR,,111.5675,107.9139,5.8430,22.42,24,,7,,1,,,,
16536875-f516-41f6-8e37-a92cd19a93e9,Wallis Orchard Practical Shooters June 2022,2022-06-19,7,Bay 7,4b1de064-d277-49f4-9124-e3bdab3d37a9,James Tonkinson,25,67.18,15,69.45,Carry Optics,A,A123944,MINOR,,111.1245,107.4855,5.8198,19.76,19,,9,3,1,,,,
16536875-f516-41f6-8e37-a92cd19a93e9,Wallis Orchard Practical Shooters June 2022,2022-06-19,7,Bay 7,4b1de064-d277-49f4-9124-e3bdab3d37a9,Ramil Villanueva,26,65.23,16,67.43,Carry Optics,D,A110261,MINOR,Junior,107.8957,104.3624,5.6507,23.36,22,,6,4,,,,,
16536875-f516-41f6-8e37-a92cd19a93e9,Wallis Orchard Practical Shooters June 2022,2022-06-19,7,Bay 7,4b1de064-d277-49f4-9124-e3bdab3d37a9,Marc Demeza,27,65.21,17,67.41,Carry Optics,U,A70759,MINOR,,107.8613,104.3291,5.6489,26.20,26,,6,,,,,,
16536875-f516-41f6-8e37-a92cd19a93e9,Wallis Orchard Practical Shooters June 2022,2022-06-19,7,Bay 7,4b1de064-d277-49f4-9124-e3bdab3d37a9,Edwin Garcia,28,64.48,18,66.66,Carry Optics,U,TY38396,MINOR,,106.6565,103.1637,5.5858,22.02,21,,9,1,1,,,,
16536875-f516-41f6-8e37-a92cd19a93e9,Wallis Orchard Practical Shooters June 2022,2022-06-19,7,Bay 7,4b1de064-d277-49f4-9124-e3bdab3d37a9,Joseph Tran,29,63.00,5,63.00,Open,U,A129933,MINOR,,100.7960,100.7960,5.4576,23.82,23,,8,1,,,1,,
16536875-f516-41f6-8e37-a92cd19a93e9,Wallis Orchard Practical Shooters June 2022,2022-06-19,7,Bay 7,4b1de064-d277-49f4-9124-e3bdab3d37a9,Anthony Duke III,30,62.71,19,64.83,Carry Optics,U,,MINOR,,103.7351,100.3380,5.4328,27.61,27,,5,,,,,,
16536875-f516-41f6-8e37-a92cd19a93e9,Wallis Orchard Practical Shooters June 2022,2022-06-19,7,Bay 7,4b1de064-d277-49f4-9124-e3bdab3d37a9,Jimmy Durham,31,61.05,4,76.55,PCC,U,TY135611,MINOR,,122.4836,97.6877,5.2893,24.20,17,,14,1,,,,,
16536875-f516-41f6-8e37-a92cd19a93e9,Wallis Orchard Practical Shooters June 2022,2022-06-19,7,Bay 7,4b1de064-d277-49f4-9124-e3bdab3d37a9,Ross Apffel,32,59.95,3,83.28,Production,A,L4428,MINOR,,133.2517,95.9165,5.1934,18.87,15,,14,1,2,,,,
16536875-f516-41f6-8e37-a92cd19a93e9,Wallis Orchard Practical Shooters June 2022,2022-06-19,7,Bay 7,4b1de064-d277-49f4-9124-e3bdab3d37a9,Duane Bellamy,33,59.75,20,61.78,Carry Optics,C,A133284,MINOR,,98.8412,95.6044,5.1765,25.50,19,,12,1,,,,,
16536875-f516-41f6-8e37-a92cd19a93e9,Wallis Orchard Practical Shooters June 2022,2022-06-19,7,Bay 7,4b1de064-d277-49f4-9124-e3bdab3d37a9,Pat Byrne,34,57.81,1,100.00,Single Stack,B,Fy93921,MINOR,Super Senior,160.0000,92.4887,5.0078,25.56,18,,12,2,,,,,
16536875-f516-41f6-8e37-a92cd19a93e9,Wallis Orchard Practical Shooters June 2022,2022-06-19,7,Bay 7,4b1de064-d277-49f4-9124-e3bdab3d37a9,LUIS GONZALEZ,35,57.10,4,79.33,Production,U,A141805,MINOR,,126.9296,91.3658,4.9470,25.47,17,,13,2,,,,,
16536875-f516-41f6-8e37-a92cd19a93e9,Wallis Orchard Practical Shooters June 2022,2022-06-19,7,Bay 7,4b1de064-d277-49f4-9124-e3bdab3d37a9,Travis McKenzie,36,55.91,21,57.80,Carry Optics,B,TY139201,MINOR,,92.4790,89.4505,4.8433,28.08,22,,8,2,,,,,
16536875-f516-41f6-8e37-a92cd19a93e9,Wallis Orchard Practical Shooters June 2022,2022-06-19,7,Bay 7,4b1de064-d277-49f4-9124-e3bdab3d37a9,Parish Saculles,37,55.67,2,71.08,Limited,U,L5316,MINOR,,113.7335,89.0719,4.8228,27.37,19,,12,1,,,,,
16536875-f516-41f6-8e37-a92cd19a93e9,Wallis Orchard Practical Shooters June 2022,2022-06-19,7,Bay 7,4b1de064-d277-49f4-9124-e3bdab3d37a9,Elisabeth Steiger,38,52.03,5,65.23,PCC,C,A136514,MINOR,Lady,104.3703,83.2413,4.5071,27.29,21,,9,1,1,,,,
16536875-f516-41f6-8e37-a92cd19a93e9,Wallis Orchard Practical Shooters June 2022,2022-06-19,7,Bay 7,4b1de064-d277-49f4-9124-e3bdab3d37a9,Bill Kinstley,39,51.57,3,65.85,Limited,,A104836,MAJOR,,105.3523,82.5081,4.4674,32.01,17,,14,1,,,,,
16536875-f516-41f6-8e37-a92cd19a93e9,Wallis Orchard Practical Shooters June 2022,2022-06-19,7,Bay 7,4b1de064-d277-49f4-9124-e3bdab3d37a9,Brett Dempsey,40,49.83,22,51.52,Carry Optics,C,TY114367,MINOR,,82.4316,79.7322,4.3171,26.87,23,,7,,2,,,,
16536875-f516-41f6-8e37-a92cd19a93e9,Wallis Orchard Practical Shooters June 2022,2022-06-19,7,Bay 7,4b1de064-d277-49f4-9124-e3bdab3d37a9,Arnold Gee,41,49.71,23,51.39,Carry Optics,B,Ty103519,MINOR,Senior,82.2235,79.5309,4.3062,20.90,21,,8,1,2,,2,,
16536875-f516-41f6-8e37-a92cd19a93e9,Wallis Orchard Practical Shooters June 2022,2022-06-19,7,Bay 7,4b1de064-d277-49f4-9124-e3bdab3d37a9,Marlon Poralan,42,49.62,6,49.62,Open,D,Ty1234,MAJOR,Law Enforcement,79.3905,79.3905,4.2986,22.10,13,,13,4,2,,1,,
16536875-f516-41f6-8e37-a92cd19a93e9,Wallis Orchard Practical Shooters June 2022,2022-06-19,7,Bay 7,4b1de064-d277-49f4-9124-e3bdab3d37a9,Matt Lem,43,47.30,5,65.71,Production,A,FY34763,MINOR,,105.1357,75.6783,4.0976,22.94,19,,9,2,2,,1,,
16536875-f516-41f6-8e37-a92cd19a93e9,Wallis Orchard Practical Shooters June 2022,2022-06-19,7,Bay 7,4b1de064-d277-49f4-9124-e3bdab3d37a9,Anthony Fong,44,45.80,24,47.35,Carry Optics,U,A142224,MINOR,,75.7601,73.2792,3.9677,28.48,24,,3,4,1,,1,,
16536875-f516-41f6-8e37-a92cd19a93e9,Wallis Orchard Practical Shooters June 2022,2022-06-19,7,Bay 7,4b1de064-d277-49f4-9124-e3bdab3d37a9,Joseph White,45,45.53,6,63.25,Production,C,A135489,MINOR,Law Enforcement,101.2024,72.8470,3.9443,30.17,18,,13,,1,,,,
16536875-f516-41f6-8e37-a92cd19a93e9,Wallis Orchard Practical Shooters June 2022,2022-06-19,7,Bay 7,4b1de064-d277-49f4-9124-e3bdab3d37a9,Rodwick Gates,46,44.30,4,56.57,Limited,D,A135944,MINOR,,90.5095,70.8837,3.8380,32.83,18,,11,3,,,,,
16536875-f516-41f6-8e37-a92cd19a93e9,Wallis Orchard Practical Shooters June 2022,2022-06-19,7,Bay 7,4b1de064-d277-49f4-9124-e3bdab3d37a9,Daniel Alexander,47,42.07,7,42.07,Open,U,A139889,MINOR,,67.3100,67.3100,3.6445,26.89,24,,6,,2,,2,,
16536875-f516-41f6-8e37-a92cd19a93e9,Wallis Orchard Practical Shooters June 2022,2022-06-19,7,Bay 7,4b1de064-d277-49f4-9124-e3bdab3d37a9,Richard Elms,48,41.05,1,100.00,Revolver,B,A44556,MINOR,Senior,160.0000,65.6829,3.5564,42.74,28,,4,,,,,,
16536875-f516-41f6-8e37-a92cd19a93e9,Wallis Orchard Practical Shooters June 2022,2022-06-19,7,Bay 7,4b1de064-d277-49f4-9124-e3bdab3d37a9,Laif Nilson,49,39.14,5,49.97,Limited,U,,MINOR,,79.9587,62.6207,3.3906,41.88,23,,9,,,,,,
16536875-f516-41f6-8e37-a92cd19a93e9,Wallis Orchard Practical Shooters June 2022,2022-06-19,7,Bay 7,4b1de064-d277-49f4-9124-e3bdab3d37a9,Boyd Nabas,50,38.85,25,40.16,Carry Optics,U,0,MINOR,Junior,64.2578,62.1535,3.3653,36.55,21,,9,1,1,,,,
16536875-f516-41f6-8e37-a92cd19a93e9,Wallis Orchard Practical Shooters June 2022,2022-06-19,7,Bay 7,4b1de064-d277-49f4-9124-e3bdab3d37a9,Matthew Michna,51,37.40,26,38.67,Carry Optics,B,A128405,MINOR,,61.8729,59.8467,3.2404,15.43,17,,7,4,4,,,2,
16536875-f516-41f6-8e37-a92cd19a93e9,Wallis Orchard Practical Shooters June 2022,2022-06-19,7,Bay 7,4b1de064-d277-49f4-9124-e3bdab3d37a9,"Jeff Maxwell, Jr.",52,37.26,2,64.45,Single Stack,C,L4489,MAJOR,Senior,103.1223,59.6103,3.2276,35.63,13,,17,1,1,,1,,
16536875-f516-41f6-8e37-a92cd19a93e9,Wallis Orchard Practical Shooters June 2022,2022-06-19,7,Bay 7,4b1de064-d277-49f4-9124-e3bdab3d37a9,Antonio Tormis,53,36.66,27,37.91,Carry Optics,B,,MINOR,,60.6490,58.6628,3.1763,18.26,12,,16,,4,,1,,
16536875-f516-41f6-8e37-a92cd19a93e9,Wallis Orchard Practical Shooters June 2022,2022-06-19,7,Bay 7,4b1de064-d277-49f4-9124-e3bdab3d37a9,Christopher Ham,54,35.08,6,43.98,PCC,U,A135936,MINOR,,70.3737,56.1271,3.0390,24.35,25,,3,,4,,,2,
16536875-f516-41f6-8e37-a92cd19a93e9,Wallis Orchard Practical Shooters June 2022,2022-06-19,7,Bay 7,4b1de064-d277-49f4-9124-e3bdab3d37a9,John Hanna,55,32.94,28,34.05,Carry Optics,D,a138989,MINOR,,54.4815,52.6974,2.8533,37.15,24,,5,1,2,,1,,
16536875-f516-41f6-8e37-a92cd19a93e9,Wallis Orchard Practical Shooters June 2022,2022-06-19,7,Bay 7,4b1de064-d277-49f4-9124-e3bdab3d37a9,Drew Yang,56,32.48,7,45.12,Production,C,A138478,MINOR,,72.1885,51.9623,2.8135,32.70,18,,10,2,2,,1,,
16536875-f516-41f6-8e37-a92cd19a93e9,Wallis Orchard Practical Shooters June 2022,2022-06-19,7,Bay 7,4b1de064-d277-49f4-9124-e3bdab3d37a9,Ozge Cumberland,57,31.58,29,32.65,Carry Optics,D,TY135611,MINOR,Lady,52.2341,50.5236,2.7356,29.61,15,,11,3,3,,,,
16536875-f516-41f6-8e37-a92cd19a93e9,Wallis Orchard Practical Shooters June 2022,2022-06-19,7,Bay 7,4b1de064-d277-49f4-9124-e3bdab3d37a9,Robbie Boettcher,58,30.95,30,32.00,Carry Optics,U,A139912,MINOR,,51.1954,49.5189,2.6812,27.60,26,,1,1,4,,,2,
16536875-f516-41f6-8e37-a92cd19a93e9,Wallis Orchard Practical Shooters June 2022,2022-06-19,7,Bay 7,4b1de064-d277-49f4-9124-e3bdab3d37a9,Anthony Smallwood,59,30.88,7,38.72,PCC,B,TY94508,MINOR,Senior,61.9585,49.4155,2.6756,20.93,16,,12,,4,,,2,
16536875-f516-41f6-8e37-a92cd19a93e9,Wallis Orchard Practical Shooters June 2022,2022-06-19,7,Bay 7,4b1de064-d277-49f4-9124-e3bdab3d37a9,Pocholo Dimayuga,60,29.83,6,38.09,Limited,C,A106236,MAJOR,,60.9513,47.7348,2.5846,21.28,11,,14,2,5,,1,,
16536875-f516-41f6-8e37-a92cd19a93e9,Wallis Orchard Practical Shooters June 2022,2022-06-19,7,Bay 7,4b1de064-d277-49f4-9124-e3bdab3d37a9,Hunter Tisher,61,29.44,31,30.44,Carry Optics,U,A142529,MINOR,,48.7017,47.1068,2.5506,51.36,25,,5,1,1,,,,
16536875-f516-41f6-8e37-a92cd19a93e9,Wallis Orchard Practical Shooters June 2022,2022-06-19,7,Bay 7,4b1de064-d277-49f4-9124-e3bdab3d37a9,Monie Perry,62,28.90,32,29.87,Carry Optics,X,,MINOR,,47.7986,46.2333,2.5033,37.55,24,,4,2,2,,2,,
16536875-f516-41f6-8e37-a92cd19a93e9,Wallis Orchard Practical Shooters June 2022,2022-06-19,7,Bay 7,4b1de064-d277-49f4-9124-e3bdab3d37a9,Hopper Po,63,23.56,33,24.35,Carry Optics,U,A132909,MINOR,,38.9675,37.6914,2.0408,20.09,16,,10,1,5,,,2,
16536875-f516-41f6-8e37-a92cd19a93e9,Wallis Orchard Practical Shooters June 2022,2022-06-19,7,Bay 7,4b1de064-d277-49f4-9124-e3bdab3d37a9,Tess Jackson,64,23.48,34,24.28,Carry Optics,U,A139318,MINOR,Lady,38.8415,37.5695,2.0342,64.40,26,,3,2,1,,,,
16536875-f516-41f6-8e37-a92cd19a93e9,Wallis Orchard Practical Shooters June 2022,2022-06-19,7,Bay 7,4b1de064-d277-49f4-9124-e3bdab3d37a9,Danielle Dysart,65,20.34,35,21.03,Carry Optics,U,A137402,MINOR,Lady,33.6516,32.5496,1.7624,30.64,11,,11,6,4,,,,
16536875-f516-41f6-8e37-a92cd19a93e9,Wallis Orchard Practical Shooters June 2022,2022-06-19,7,Bay 7,4b1de064-d277-49f4-9124-e3bdab3d37a9,Miguel Gonzalez,66,15.21,8,21.13,Production,U,A142148,MINOR,,33.8017,24.3310,1.3174,33.40,15,,8,5,4,,,2,
16536875-f516-41f6-8e37-a92cd19a93e9,Wallis Orchard Practical Shooters June 2022,2022-06-19,7,Bay 7,4b1de064-d277-49f4-9124-e3bdab3d37a9,Virak Meas,67,11.76,36,12.16,Carry Optics,U,,MINOR,,19.4532,18.8161,1.0188,25.52,15,,10,1,6,,,2,
16536875-f516-41f6-8e37-a92cd19a93e9,Wallis Orchard Practical Shooters June 2022,2022-06-19,7,Bay 7,4b1de064-d277-49f4-9124-e3bdab3d37a9,Les Bolden,68,10.63,37,10.99,Carry Optics,U,A139316,MINOR,,17.5877,17.0117,0.9211,44.51,15,,11,3,3,,4,,
16536875-f516-41f6-8e37-a92cd19a93e9,Wallis Orchard Practical Shooters June 2022,2022-06-19,7,Bay 7,4b1de064-d277-49f4-9124-e3bdab3d37a9,Sonny Somera,69,9.92,38,10.26,Carry Optics,U,A118611,MINOR,,16.4172,15.8796,0.8598,50.01,11,,11,5,5,,,,
16536875-f516-41f6-8e37-a92cd19a93e9,Wallis Orchard Practical Shooters June 2022,2022-06-19,7,Bay 7,4b1de064-d277-49f4-9124-e3bdab3d37a9,Zackary Becker,70,8.91,7,11.38,Limited,U,,MINOR,,18.2057,14.2580,0.7720,31.09,14,,11,1,6,,2,,
16536875-f516-41f6-8e37-a92cd19a93e9,Wallis Orchard Practical Shooters June 2022,2022-06-19,7,Bay 7,4b1de064-d277-49f4-9124-e3bdab3d37a9,Lalang de la Cruz,71,8.91,39,9.21,Carry Optics,U,,MINOR,Lady,14.7312,14.2488,0.7715,31.11,12,,10,4,6,,1,,
16536875-f516-41f6-8e37-a92cd19a93e9,Wallis Orchard Practical Shooters June 2022,2022-06-19,7,Bay 7,4b1de064-d277-49f4-9124-e3bdab3d37a9,Sam Honeycutt,72,8.77,40,9.07,Carry Optics,U,A141838,MINOR,,14.5135,14.0382,0.7601,42.10,18,,7,1,6,,,2,
16536875-f516-41f6-8e37-a92cd19a93e9,Wallis Orchard Practical Shooters June 2022,2022-06-19,7,Bay 7,4b1de064-d277-49f4-9124-e3bdab3d37a9,randy callison,73,0.00,8,0.00,PCC,A,A14418,MINOR,Senior,0.0000,0.0000,,,,,,,,,,,
16536875-f516-41f6-8e37-a92cd19a93e9,Wallis Orchard Practical Shooters June 2022,2022-06-19,7,Bay 7,4b1de064-d277-49f4-9124-e3bdab3d37a9,David Light,74,0.00,9,0.00,Production,U,A142681,MINOR,,0.0000,0.0000,0.0000,31.36,11,,10,1,10,,3,,
16536875-f516-41f6-8e37-a92cd19a93e9,Wallis Orchard Practical Shooters June 2022,2022-06-19,7,Bay 7,4b1de064-d277-49f4-9124-e3bdab3d37a9,Justin Corona,75,0.00,8,0.00,Open,B,L4452,MINOR,,0.0000,0.0000,0.0000,62.26,15,,8,1,8,,2,,
