match_id,match_name,match_date,stage_number,stage_name,stage_uuid,shooter_name,shooter_rank_combined,shooter_percent_combined,shooter_rank_division,shooter_percent_division,division,class,member_number,power_factor,categories,stage_points,stage_points_combined,hit_factor,time,A,B,C,D,M,NPM,NS,Proc,Apen,detail_APEN,detail_MaxTime
17960905-6e7b-4339-a565-c9350b00b0a1,Wallis Orchard Practical Shooters November 2020 Club Match,2020-11-15,1,Stage 1,3A73C944-5A31-4D11-877D-4D59D46FB969,Albert Montanez,1,100.00,1,100.00,Open,M,TY101554,MAJOR,,120.0000,120.0000,8.1361,13.52,14,0,10,0,0,0,0,0,,,
17960905-6e7b-4339-a565-c9350b00b0a1,Wallis Orchard Practical Shooters November 2020 Club Match,2020-11-15,1,Stage 1,3A73C944-5A31-4D11-877D-4D59D46FB969,Jerry Bedro,2,94.08,1,100.00,PCC,B,A98263,MINOR,,120.0000,112.8909,7.6541,14.11,18,0,6,0,0,0,0,0,,,
17960905-6e7b-4339-a565-c9350b00b0a1,Wallis Orchard Practical Shooters November 2020 Club Match,2020-11-15,1,Stage 1,3A73C944-5A31-4D11-877D-4D59D46FB969,Wade Pruetz,3,92.56,2,92.56,Open,A,TY79055,MAJOR,,111.0768,111.0768,7.5311,15.27,19,0,5,0,0,0,0,0,,,
17960905-6e7b-4339-a565-c9350b00b0a1,Wallis Orchard Practical Shooters November 2020 Club Match,2020-11-15,1,Stage 1,3A73C944-5A31-4D11-877D-4D59D46FB969,Justin Corona,4,89.87,3,89.87,Open,B,L4452,MAJOR,,107.8497,107.8497,7.3123,15.18,17,0,6,1,0,0,0,0,,,
17960905-6e7b-4339-a565-c9350b00b0a1,Wallis Orchard Practical Shooters November 2020 Club Match,2020-11-15,1,Stage 1,3A73C944-5A31-4D11-877D-4D59D46FB969,CHAN WILLIAM,5,85.93,1,100.00,Carry Optics,C,,MINOR,,120.0000,103.1123,6.9911,14.59,16,0,7,1,0,0,0,0,,,
17960905-6e7b-4339-a565-c9350b00b0a1,Wallis Orchard Practical Shooters November 2020 Club Match,2020-11-15,1,Stage 1,3A73C944-5A31-4D11-877D-4D59D46FB969,Bobby Ivester,6,82.34,4,82.34,Open,M,A101336,MAJOR,,98.8070,98.8070,6.6992,14.33,16,0,6,1,1,0,0,0,,,
17960905-6e7b-4339-a565-c9350b00b0a1,Wallis Orchard Practical Shooters November 2020 Club Match,2020-11-15,1,Stage 1,3A73C944-5A31-4D11-877D-4D59D46FB969,Vinh Lam,7,79.16,1,100.00,Limited,A,TY101025,MAJOR,,120.0000,94.9885,6.4403,17.08,16,0,7,1,0,0,0,0,,,
17960905-6e7b-4339-a565-c9350b00b0a1,Wallis Orchard Practical Shooters November 2020 Club Match,2020-11-15,1,Stage 1,3A73C944-5A31-4D11-877D-4D59D46FB969,Chris Snow,8,77.82,5,77.82,Open,B,TY107262,MAJOR,,93.3897,93.3897,6.3319,18.32,20,0,4,0,0,0,0,0,,,
17960905-6e7b-4339-a565-c9350b00b0a1,Wallis Orchard Practical Shooters November 2020 Club Match,2020-11-15,1,Stage 1,3A73C944-5A31-4D11-877D-4D59D46FB969,Michael Whitley,9,77.44,6,77.44,Open,B,A111091,MAJOR,,92.9325,92.9325,6.3009,18.41,20,0,4,0,0,0,0,0,,,
17960905-6e7b-4339-a565-c9350b00b0a1,Wallis Orchard Practical Shooters November 2020 Club Match,2020-11-15,1,Stage 1,3A73C944-5A31-4D11-877D-4D59D46FB969,Mike Junco,10,75.07,2,87.36,Carry Optics,A,FY34819,MINOR,,104.8367,90.0830,6.1077,18.01,19,0,5,0,0,0,0,0,,,
17960905-6e7b-4339-a565-c9350b00b0a1,Wallis Orchard Practical Shooters November 2020 Club Match,2020-11-15,1,Stage 1,3A73C944-5A31-4D11-877D-4D59D46FB969,Matt Lem,11,74.18,3,86.33,Carry Optics,A,FY34763,MINOR,,103.5974,89.0181,6.0355,16.90,16,0,7,1,0,0,0,0,,,
17960905-6e7b-4339-a565-c9350b00b0a1,Wallis Orchard Practical Shooters November 2020 Club Match,2020-11-15,1,Stage 1,3A73C944-5A31-4D11-877D-4D59D46FB969,Chev Jacot,12,73.24,7,73.24,Open,B,A72378,MAJOR,,87.8868,87.8868,5.9588,18.46,16,0,7,1,0,0,0,0,,,
17960905-6e7b-4339-a565-c9350b00b0a1,Wallis Orchard Practical Shooters November 2020 Club Match,2020-11-15,1,Stage 1,3A73C944-5A31-4D11-877D-4D59D46FB969,Ryan Alicaya,13,72.82,2,77.41,PCC,D,,MINOR,,92.8930,87.3898,5.9251,17.89,17,0,7,0,0,0,0,0,,,
17960905-6e7b-4339-a565-c9350b00b0a1,Wallis Orchard Practical Shooters November 2020 Club Match,2020-11-15,1,Stage 1,3A73C944-5A31-4D11-877D-4D59D46FB969,Jon Marino,14,72.53,8,72.53,Open,B,A93310,MINOR,,87.0329,87.0329,5.9009,18.98,21,0,2,1,0,0,0,0,,,
17960905-6e7b-4339-a565-c9350b00b0a1,Wallis Orchard Practical Shooters November 2020 Club Match,2020-11-15,1,Stage 1,3A73C944-5A31-4D11-877D-4D59D46FB969,Mike Mansilla,15,72.26,2,91.29,Limited,A,A42337,MAJOR,,109.5471,86.7143,5.8793,19.22,17,0,7,0,0,0,0,0,,,
17960905-6e7b-4339-a565-c9350b00b0a1,Wallis Orchard Practical Shooters November 2020 Club Match,2020-11-15,1,Stage 1,3A73C944-5A31-4D11-877D-4D59D46FB969,Brandon Foss,16,72.08,4,83.89,Carry Optics,A,FY92765,MINOR,,100.6691,86.5019,5.8649,16.88,20,0,3,0,1,0,0,0,,,
17960905-6e7b-4339-a565-c9350b00b0a1,Wallis Orchard Practical Shooters November 2020 Club Match,2020-11-15,1,Stage 1,3A73C944-5A31-4D11-877D-4D59D46FB969,Jon Baguio,17,69.21,5,80.54,Carry Optics,C,,MINOR,,96.6509,83.0491,5.6308,18.47,16,0,8,0,0,0,0,0,,,
17960905-6e7b-4339-a565-c9350b00b0a1,Wallis Orchard Practical Shooters November 2020 Club Match,2020-11-15,1,Stage 1,3A73C944-5A31-4D11-877D-4D59D46FB969,Roman Gwiscz,18,69.14,6,80.46,Carry Optics,A,L4670,MINOR,,96.5513,82.9636,5.6250,19.20,19,0,4,1,0,0,0,0,,,
17960905-6e7b-4339-a565-c9350b00b0a1,Wallis Orchard Practical Shooters November 2020 Club Match,2020-11-15,1,Stage 1,3A73C944-5A31-4D11-877D-4D59D46FB969,Tim Yang,19,69.11,7,80.42,Carry Optics,B,A123783,MINOR,,96.5084,82.9267,5.6225,19.92,20,0,4,0,0,0,0,0,,,
17960905-6e7b-4339-a565-c9350b00b0a1,Wallis Orchard Practical Shooters November 2020 Club Match,2020-11-15,1,Stage 1,3A73C944-5A31-4D11-877D-4D59D46FB969,Duane Mendoza,20,68.76,8,80.02,Carry Optics,B,TY98262,MINOR,,96.0261,82.5123,5.5944,17.16,14,0,8,2,0,0,0,0,,,
17960905-6e7b-4339-a565-c9350b00b0a1,Wallis Orchard Practical Shooters November 2020 Club Match,2020-11-15,1,Stage 1,3A73C944-5A31-4D11-877D-4D59D46FB969,Pete Kirchner,21,66.53,9,77.43,Carry Optics,A,TY105743,MINOR,,92.9141,79.8383,5.4131,17.55,19,0,3,1,1,0,0,0,,,
17960905-6e7b-4339-a565-c9350b00b0a1,Wallis Orchard Practical Shooters November 2020 Club Match,2020-11-15,1,Stage 1,3A73C944-5A31-4D11-877D-4D59D46FB969,Matthew Gonzalez,22,65.89,10,76.69,Carry Optics,D,A119810,MINOR,,92.0233,79.0728,5.3612,22.01,23,0,1,0,0,0,0,0,,,
17960905-6e7b-4339-a565-c9350b00b0a1,Wallis Orchard Practical Shooters November 2020 Club Match,2020-11-15,1,Stage 1,3A73C944-5A31-4D11-877D-4D59D46FB969,Derek Rabuck,23,64.88,9,64.88,Open,U,TY91331,MAJOR,Lady,77.8516,77.8516,5.2784,17.24,19,0,4,0,1,0,1,0,,,
17960905-6e7b-4339-a565-c9350b00b0a1,Wallis Orchard Practical Shooters November 2020 Club Match,2020-11-15,1,Stage 1,3A73C944-5A31-4D11-877D-4D59D46FB969,Waldo Samano,24,64.69,11,75.28,Carry Optics,A,TY87973,MINOR,,90.3411,77.6274,5.2632,18.05,19,0,3,1,1,0,0,0,,,
17960905-6e7b-4339-a565-c9350b00b0a1,Wallis Orchard Practical Shooters November 2020 Club Match,2020-11-15,1,Stage 1,3A73C944-5A31-4D11-877D-4D59D46FB969,Pat Byrne,25,64.31,1,100.00,Single Stack,B,FY93921,MAJOR,Super Senior,120.0000,77.1760,5.2326,22.36,21,0,3,0,0,0,0,0,,,
17960905-6e7b-4339-a565-c9350b00b0a1,Wallis Orchard Practical Shooters November 2020 Club Match,2020-11-15,1,Stage 1,3A73C944-5A31-4D11-877D-4D59D46FB969,Chandler Bassett,26,63.03,12,73.35,Carry Optics,B,TY112550,MINOR,,88.0239,75.6362,5.1282,19.50,15,0,8,1,0,0,0,0,,,
17960905-6e7b-4339-a565-c9350b00b0a1,Wallis Orchard Practical Shooters November 2020 Club Match,2020-11-15,1,Stage 1,3A73C944-5A31-4D11-877D-4D59D46FB969,Daniel Duong,27,62.10,13,72.27,Carry Optics,B,A112386,MINOR,,86.7297,74.5242,5.0528,21.77,19,0,5,0,0,0,0,0,,,
17960905-6e7b-4339-a565-c9350b00b0a1,Wallis Orchard Practical Shooters November 2020 Club Match,2020-11-15,1,Stage 1,3A73C944-5A31-4D11-877D-4D59D46FB969,Rommel Mercado,28,61.57,3,65.45,PCC,B,TY70687,MINOR,,78.5399,73.8870,5.0096,20.76,17,0,6,1,0,0,0,0,,,
17960905-6e7b-4339-a565-c9350b00b0a1,Wallis Orchard Practical Shooters November 2020 Club Match,2020-11-15,1,Stage 1,3A73C944-5A31-4D11-877D-4D59D46FB969,Jeffrey Polk,29,60.08,14,69.92,Carry Optics,C,TY104167,MINOR,,83.9095,72.1009,4.8885,23.32,21,0,3,0,0,0,0,0,,,
17960905-6e7b-4339-a565-c9350b00b0a1,Wallis Orchard Practical Shooters November 2020 Club Match,2020-11-15,1,Stage 1,3A73C944-5A31-4D11-877D-4D59D46FB969,Chris Nagala,30,57.47,15,66.88,Carry Optics,C,TY97712,MINOR,,80.2535,68.9593,4.6755,24.81,22,0,2,0,0,0,0,0,,,
17960905-6e7b-4339-a565-c9350b00b0a1,Wallis Orchard Practical Shooters November 2020 Club Match,2020-11-15,1,Stage 1,3A73C944-5A31-4D11-877D-4D59D46FB969,Austria John,31,57.31,16,66.69,Carry Optics,B,FY82746,MINOR,,80.0320,68.7691,4.6626,18.23,14,0,8,1,1,0,0,0,,,
17960905-6e7b-4339-a565-c9350b00b0a1,Wallis Orchard Practical Shooters November 2020 Club Match,2020-11-15,1,Stage 1,3A73C944-5A31-4D11-877D-4D59D46FB969,James Tonkinson,32,56.77,17,66.06,Carry Optics,B,A123944,MINOR,,79.2768,68.1201,4.6186,24.25,20,0,4,0,0,0,0,0,,,
17960905-6e7b-4339-a565-c9350b00b0a1,Wallis Orchard Practical Shooters November 2020 Club Match,2020-11-15,1,Stage 1,3A73C944-5A31-4D11-877D-4D59D46FB969,Andrew Whitley,33,56.51,10,56.51,Open,B,TY106649,MAJOR,,67.8119,67.8119,4.5977,23.49,22,0,2,0,0,0,1,0,,,
17960905-6e7b-4339-a565-c9350b00b0a1,Wallis Orchard Practical Shooters November 2020 Club Match,2020-11-15,1,Stage 1,3A73C944-5A31-4D11-877D-4D59D46FB969,Gary Wu,34,55.94,1,100.00,Production,B,L2998,MINOR,,120.0000,67.1245,4.5511,24.17,19,0,5,0,0,0,0,0,,,
17960905-6e7b-4339-a565-c9350b00b0a1,Wallis Orchard Practical Shooters November 2020 Club Match,2020-11-15,1,Stage 1,3A73C944-5A31-4D11-877D-4D59D46FB969,Ashley Sullivan,35,55.22,1,100.00,Limited 10,C,TY92392,MAJOR,Lady,120.0000,66.2588,4.4924,23.15,22,0,1,0,1,0,0,0,,,
17960905-6e7b-4339-a565-c9350b00b0a1,Wallis Orchard Practical Shooters November 2020 Club Match,2020-11-15,1,Stage 1,3A73C944-5A31-4D11-877D-4D59D46FB969,Eric Wu,36,55.07,2,98.44,Production,C,,MINOR,,118.1332,66.0803,4.4803,22.32,16,0,6,2,0,0,0,0,,,
17960905-6e7b-4339-a565-c9350b00b0a1,Wallis Orchard Practical Shooters November 2020 Club Match,2020-11-15,1,Stage 1,3A73C944-5A31-4D11-877D-4D59D46FB969,Rolan Ocampo,37,54.86,2,85.31,Single Stack,,,MINOR,,102.3667,65.8355,4.4637,16.13,18,0,4,0,2,0,1,0,,,
17960905-6e7b-4339-a565-c9350b00b0a1,Wallis Orchard Practical Shooters November 2020 Club Match,2020-11-15,1,Stage 1,3A73C944-5A31-4D11-877D-4D59D46FB969,Mitchell Ivey,38,54.80,18,63.78,Carry Optics,C,A116953,MINOR,,76.5304,65.7603,4.4586,21.98,15,0,7,2,0,0,0,0,,,
17960905-6e7b-4339-a565-c9350b00b0a1,Wallis Orchard Practical Shooters November 2020 Club Match,2020-11-15,1,Stage 1,3A73C944-5A31-4D11-877D-4D59D46FB969,Paul Felker,39,53.53,19,62.30,Carry Optics,M,TY107123,MINOR,,74.7573,64.2367,4.3553,17.45,20,0,2,0,2,0,0,1,,,
17960905-6e7b-4339-a565-c9350b00b0a1,Wallis Orchard Practical Shooters November 2020 Club Match,2020-11-15,1,Stage 1,3A73C944-5A31-4D11-877D-4D59D46FB969,Bill Kinstley,40,53.11,3,67.10,Limited,B,A104836,MAJOR,,80.5155,63.7337,4.3212,27.77,24,0,0,0,0,0,0,0,,,
17960905-6e7b-4339-a565-c9350b00b0a1,Wallis Orchard Practical Shooters November 2020 Club Match,2020-11-15,1,Stage 1,3A73C944-5A31-4D11-877D-4D59D46FB969,Eric Mccampbell,41,52.90,4,56.24,PCC,C,A14332,MINOR,Senior,67.4823,63.4845,4.3043,23.00,20,0,3,0,1,0,0,0,,,
17960905-6e7b-4339-a565-c9350b00b0a1,Wallis Orchard Practical Shooters November 2020 Club Match,2020-11-15,1,Stage 1,3A73C944-5A31-4D11-877D-4D59D46FB969,Garrick Gonzalez,42,52.65,20,61.27,Carry Optics,B,A119804,MINOR,,73.5232,63.1762,4.2834,18.21,16,0,6,0,2,0,0,0,,,
17960905-6e7b-4339-a565-c9350b00b0a1,Wallis Orchard Practical Shooters November 2020 Club Match,2020-11-15,1,Stage 1,3A73C944-5A31-4D11-877D-4D59D46FB969,Ridong Wen,43,47.31,21,55.06,Carry Optics,U,A99651,MINOR,,66.0737,56.7751,3.8494,23.64,16,0,7,0,1,0,0,0,,,
17960905-6e7b-4339-a565-c9350b00b0a1,Wallis Orchard Practical Shooters November 2020 Club Match,2020-11-15,1,Stage 1,3A73C944-5A31-4D11-877D-4D59D46FB969,Billy Banks,44,47.17,22,54.90,Carry Optics,U,A49856,MINOR,Law Enforcement,65.8746,56.6040,3.8378,27.62,22,0,2,0,0,0,1,0,,,
17960905-6e7b-4339-a565-c9350b00b0a1,Wallis Orchard Practical Shooters November 2020 Club Match,2020-11-15,1,Stage 1,3A73C944-5A31-4D11-877D-4D59D46FB969,Steven McNamara,45,46.95,11,46.95,Open,B,A75212,MAJOR,Senior,56.3459,56.3459,3.8203,19.37,16,0,6,0,2,0,0,1,,,
17960905-6e7b-4339-a565-c9350b00b0a1,Wallis Orchard Practical Shooters November 2020 Club Match,2020-11-15,1,Stage 1,3A73C944-5A31-4D11-877D-4D59D46FB969,Emman Alcoseba,46,46.27,4,58.45,Limited,C,TY67519,MAJOR,Senior,70.1427,55.5229,3.7645,24.97,14,0,8,1,1,0,0,0,,,
17960905-6e7b-4339-a565-c9350b00b0a1,Wallis Orchard Practical Shooters November 2020 Club Match,2020-11-15,1,Stage 1,3A73C944-5A31-4D11-877D-4D59D46FB969,Nicholas Hauser,47,46.10,23,53.65,Carry Optics,C,A127395,MINOR,,64.3830,55.3223,3.7509,26.66,15,0,8,1,0,0,0,0,,,
17960905-6e7b-4339-a565-c9350b00b0a1,Wallis Orchard Practical Shooters November 2020 Club Match,2020-11-15,1,Stage 1,3A73C944-5A31-4D11-877D-4D59D46FB969,Antonio Tormis,48,45.97,24,53.50,Carry Optics,C,A124958,MINOR,,64.1993,55.1645,3.7402,30.48,21,0,3,0,0,0,0,0,,,
17960905-6e7b-4339-a565-c9350b00b0a1,Wallis Orchard Practical Shooters November 2020 Club Match,2020-11-15,1,Stage 1,3A73C944-5A31-4D11-877D-4D59D46FB969,Jim Havens,49,44.40,25,51.68,Carry Optics,A,A114636,MINOR,,62.0126,53.2855,3.6128,21.59,21,0,1,0,2,0,0,1,,,
17960905-6e7b-4339-a565-c9350b00b0a1,Wallis Orchard Practical Shooters November 2020 Club Match,2020-11-15,1,Stage 1,3A73C944-5A31-4D11-877D-4D59D46FB969,Benjamin Michael,50,43.23,3,67.22,Single Stack,C,A115982,MAJOR,,80.6605,51.8755,3.5172,27.01,13,0,10,0,1,0,0,0,,,
17960905-6e7b-4339-a565-c9350b00b0a1,Wallis Orchard Practical Shooters November 2020 Club Match,2020-11-15,1,Stage 1,3A73C944-5A31-4D11-877D-4D59D46FB969,Mick Sambasile,51,40.63,12,40.63,Open,C,TY47665,MAJOR,Super Senior,48.7575,48.7575,3.3058,30.25,18,0,5,0,1,0,0,0,,,
17960905-6e7b-4339-a565-c9350b00b0a1,Wallis Orchard Practical Shooters November 2020 Club Match,2020-11-15,1,Stage 1,3A73C944-5A31-4D11-877D-4D59D46FB969,Jun Wu,52,40.46,26,47.09,Carry Optics,U,,MINOR,,56.5027,48.5510,3.2918,31.29,22,0,1,0,1,0,0,0,,,
17960905-6e7b-4339-a565-c9350b00b0a1,Wallis Orchard Practical Shooters November 2020 Club Match,2020-11-15,1,Stage 1,3A73C944-5A31-4D11-877D-4D59D46FB969,shangyang huang,53,40.17,27,46.75,Carry Optics,C,A111209,MINOR,,56.0993,48.2044,3.2683,20.50,17,0,4,0,3,0,0,0,,,
17960905-6e7b-4339-a565-c9350b00b0a1,Wallis Orchard Practical Shooters November 2020 Club Match,2020-11-15,1,Stage 1,3A73C944-5A31-4D11-877D-4D59D46FB969,Dale Hamm,54,39.58,4,61.54,Single Stack,D,TY97196,MAJOR,Senior,73.8470,47.4935,3.2201,28.26,11,0,11,1,1,0,0,0,,,
17960905-6e7b-4339-a565-c9350b00b0a1,Wallis Orchard Practical Shooters November 2020 Club Match,2020-11-15,1,Stage 1,3A73C944-5A31-4D11-877D-4D59D46FB969,Ross Apffel,55,34.89,5,54.24,Single Stack,A,L4428,MAJOR,,65.0935,41.8638,2.8384,41.22,21,0,3,0,0,0,0,0,,,
17960905-6e7b-4339-a565-c9350b00b0a1,Wallis Orchard Practical Shooters November 2020 Club Match,2020-11-15,1,Stage 1,3A73C944-5A31-4D11-877D-4D59D46FB969,Mengyu Yue,56,34.55,5,36.73,PCC,U,TY109190,MINOR,,44.0768,41.4656,2.8114,30.59,20,0,2,0,2,0,0,0,,,
17960905-6e7b-4339-a565-c9350b00b0a1,Wallis Orchard Practical Shooters November 2020 Club Match,2020-11-15,1,Stage 1,3A73C944-5A31-4D11-877D-4D59D46FB969,Marlon Poralan,57,33.50,6,35.61,PCC,U,TY76330,MINOR,Law Enforcement,42.7269,40.1957,2.7253,22.75,10,0,10,2,2,0,0,0,,,
17960905-6e7b-4339-a565-c9350b00b0a1,Wallis Orchard Practical Shooters November 2020 Club Match,2020-11-15,1,Stage 1,3A73C944-5A31-4D11-877D-4D59D46FB969,Jason Wilson,58,31.13,2,56.38,Limited 10,U,A94696,MAJOR,,67.6556,37.3565,2.5328,22.90,14,0,7,0,3,0,0,1,,,
17960905-6e7b-4339-a565-c9350b00b0a1,Wallis Orchard Practical Shooters November 2020 Club Match,2020-11-15,1,Stage 1,3A73C944-5A31-4D11-877D-4D59D46FB969,Angela Rabuck,59,30.26,28,35.21,Carry Optics,U,TY91275,MINOR,Lady,42.2577,36.3108,2.4619,30.87,17,0,3,2,2,0,0,0,,,
17960905-6e7b-4339-a565-c9350b00b0a1,Wallis Orchard Practical Shooters November 2020 Club Match,2020-11-15,1,Stage 1,3A73C944-5A31-4D11-877D-4D59D46FB969,Ralph Migrino,60,29.46,29,34.29,Carry Optics,U,,MINOR,Military,41.1489,35.3580,2.3973,20.44,9,0,11,1,3,0,0,0,,,
17960905-6e7b-4339-a565-c9350b00b0a1,Wallis Orchard Practical Shooters November 2020 Club Match,2020-11-15,1,Stage 1,3A73C944-5A31-4D11-877D-4D59D46FB969,Glenn Cunningham,61,29.26,7,31.11,PCC,C,A78280,MINOR,Super Senior,37.3290,35.1176,2.3810,31.92,20,0,2,0,2,0,1,0,,,
17960905-6e7b-4339-a565-c9350b00b0a1,Wallis Orchard Practical Shooters November 2020 Club Match,2020-11-15,1,Stage 1,3A73C944-5A31-4D11-877D-4D59D46FB969,Richard Dillow,62,21.57,5,27.25,Limited,C,FY57446,MAJOR,Super Senior,32.7022,25.8861,1.7551,48.43,17,0,5,0,2,0,0,0,,,
17960905-6e7b-4339-a565-c9350b00b0a1,Wallis Orchard Practical Shooters November 2020 Club Match,2020-11-15,1,Stage 1,3A73C944-5A31-4D11-877D-4D59D46FB969,Gary Brisco,63,16.91,8,17.98,PCC,D,FY73704,MINOR,Senior,21.5743,20.2962,1.3761,37.06,14,0,7,0,3,0,0,1,,,
17960905-6e7b-4339-a565-c9350b00b0a1,Wallis Orchard Practical Shooters November 2020 Club Match,2020-11-15,1,Stage 1,3A73C944-5A31-4D11-877D-4D59D46FB969,Adrianne Ramos,64,16.17,3,28.90,Production,U,,MINOR,,34.6835,19.4009,1.3154,31.17,7,0,11,3,3,0,0,0,,,
17960905-6e7b-4339-a565-c9350b00b0a1,Wallis Orchard Practical Shooters November 2020 Club Match,2020-11-15,1,Stage 1,3A73C944-5A31-4D11-877D-4D59D46FB969,Wilson Maguigad,65,13.51,13,13.51,Open,D,TY97451,MINOR,Senior,16.2122,16.2122,1.0992,31.84,17,0,3,1,3,0,2,1,,,
17960905-6e7b-4339-a565-c9350b00b0a1,Wallis Orchard Practical Shooters November 2020 Club Match,2020-11-15,1,Stage 1,3A73C944-5A31-4D11-877D-4D59D46FB969,Boyd Nabas,66,11.88,30,13.83,Carry Optics,U,,MINOR,Junior,16.5931,14.2579,0.9667,27.93,15,0,4,0,5,0,1,0,,,
17960905-6e7b-4339-a565-c9350b00b0a1,Wallis Orchard Practical Shooters November 2020 Club Match,2020-11-15,1,Stage 1,3A73C944-5A31-4D11-877D-4D59D46FB969,Norman Oducado,67,0.00,6,0.00,Limited,C,A103491,MINOR,,0.0000,0.0000,,,,,×0.31,×0.62,×2.33,,×1.55,,,,18.63
17960905-6e7b-4339-a565-c9350b00b0a1,Wallis Orchard Practical Shooters November 2020 Club Match,2020-11-15,1,Stage 1,3A73C944-5A31-4D11-877D-4D59D46FB969,Kim Tran,68,0.00,14,0.00,Open,B,TY99963,MAJOR,Lady,0.0000,0.0000,,,,,×0.12,×0.37,×1.84,,×1.23,,,,14.75
17960905-6e7b-4339-a565-c9350b00b0a1,Wallis Orchard Practical Shooters November 2020 Club Match,2020-11-15,1,Stage 1,3A73C944-5A31-4D11-877D-4D59D46FB969,randy callison,69,0.00,9,0.00,PCC,A,A14418,MINOR,Senior,0.0000,0.0000,,,,,×0.26,×0.52,×1.96,,×1.31,,,,15.68
17960905-6e7b-4339-a565-c9350b00b0a1,Wallis Orchard Practical Shooters November 2020 Club Match,2020-11-15,1,Stage 1,3A73C944-5A31-4D11-877D-4D59D46FB969,Kevin Baker,70,0.00,4,0.00,Production,C,A95439,MINOR,,0.0000,0.0000,0.0000,21.14,12,0,5,1,6,0,0,2,,,
17960905-6e7b-4339-a565-c9350b00b0a1,Wallis Orchard Practical Shooters November 2020 Club Match,2020-11-15,2,Stage 2,FC1C6885-3702-4CDB-B626-7E5D08DA1285,Albert Montanez,1,100.00,1,100.00,Open,M,TY101554,MAJOR,,160.0000,160.0000,7.0024,20.85,20,0,11,1,0,0,0,0,,,
17960905-6e7b-4339-a565-c9350b00b0a1,Wallis Orchard Practical Shooters November 2020 Club Match,2020-11-15,2,Stage 2,FC1C6885-3702-4CDB-B626-7E5D08DA1285,Bobby Ivester,2,95.97,2,95.97,Open,M,A101336,MAJOR,,153.5542,153.5542,6.7203,21.13,18,0,12,2,0,0,0,0,,,
17960905-6e7b-4339-a565-c9350b00b0a1,Wallis Orchard Practical Shooters November 2020 Club Match,2020-11-15,2,Stage 2,FC1C6885-3702-4CDB-B626-7E5D08DA1285,Brandon Foss,3,88.77,1,100.00,Carry Optics,A,FY92765,MINOR,,160.0000,142.0290,6.2159,23.81,26,0,6,0,0,0,0,0,,,
17960905-6e7b-4339-a565-c9350b00b0a1,Wallis Orchard Practical Shooters November 2020 Club Match,2020-11-15,2,Stage 2,FC1C6885-3702-4CDB-B626-7E5D08DA1285,Paul Felker,4,86.23,2,97.14,Carry Optics,M,TY107123,MINOR,,155.4311,137.9733,6.0384,24.51,27,0,4,1,0,0,0,0,,,
17960905-6e7b-4339-a565-c9350b00b0a1,Wallis Orchard Practical Shooters November 2020 Club Match,2020-11-15,2,Stage 2,FC1C6885-3702-4CDB-B626-7E5D08DA1285,Andrew Whitley,5,85.16,3,85.16,Open,B,TY106649,MAJOR,,136.2527,136.2527,5.9631,25.49,24,0,8,0,0,0,0,0,,,
17960905-6e7b-4339-a565-c9350b00b0a1,Wallis Orchard Practical Shooters November 2020 Club Match,2020-11-15,2,Stage 2,FC1C6885-3702-4CDB-B626-7E5D08DA1285,Wade Pruetz,6,82.43,4,82.43,Open,A,TY79055,MAJOR,,131.8908,131.8908,5.7722,25.64,22,0,9,1,0,0,0,0,,,
17960905-6e7b-4339-a565-c9350b00b0a1,Wallis Orchard Practical Shooters November 2020 Club Match,2020-11-15,2,Stage 2,FC1C6885-3702-4CDB-B626-7E5D08DA1285,Waldo Samano,7,79.87,3,89.97,Carry Optics,A,TY87973,MINOR,,143.9586,127.7893,5.5927,23.96,24,0,8,0,0,0,1,0,,,
17960905-6e7b-4339-a565-c9350b00b0a1,Wallis Orchard Practical Shooters November 2020 Club Match,2020-11-15,2,Stage 2,FC1C6885-3702-4CDB-B626-7E5D08DA1285,Ryan Alicaya,8,78.10,1,100.00,PCC,D,,MINOR,,160.0000,124.9629,5.4690,26.33,24,0,8,0,0,0,0,0,,,
17960905-6e7b-4339-a565-c9350b00b0a1,Wallis Orchard Practical Shooters November 2020 Club Match,2020-11-15,2,Stage 2,FC1C6885-3702-4CDB-B626-7E5D08DA1285,Justin Corona,9,77.04,5,77.04,Open,B,L4452,MAJOR,,123.2629,123.2629,5.3946,27.62,23,0,8,1,0,0,0,0,,,
17960905-6e7b-4339-a565-c9350b00b0a1,Wallis Orchard Practical Shooters November 2020 Club Match,2020-11-15,2,Stage 2,FC1C6885-3702-4CDB-B626-7E5D08DA1285,Vinh Lam,10,76.63,1,100.00,Limited,A,TY101025,MAJOR,,160.0000,122.6071,5.3659,26.65,19,0,11,2,0,0,0,0,,,
17960905-6e7b-4339-a565-c9350b00b0a1,Wallis Orchard Practical Shooters November 2020 Club Match,2020-11-15,2,Stage 2,FC1C6885-3702-4CDB-B626-7E5D08DA1285,Chris Snow,11,76.14,6,76.14,Open,B,TY107262,MAJOR,,121.8302,121.8302,5.3319,28.32,23,0,9,0,0,0,0,0,,,
17960905-6e7b-4339-a565-c9350b00b0a1,Wallis Orchard Practical Shooters November 2020 Club Match,2020-11-15,2,Stage 2,FC1C6885-3702-4CDB-B626-7E5D08DA1285,Michael Whitley,12,73.21,7,73.21,Open,B,A111091,MAJOR,,117.1324,117.1324,5.1263,27.31,26,0,5,0,1,0,0,0,,,
17960905-6e7b-4339-a565-c9350b00b0a1,Wallis Orchard Practical Shooters November 2020 Club Match,2020-11-15,2,Stage 2,FC1C6885-3702-4CDB-B626-7E5D08DA1285,Jon Marino,13,72.08,8,72.08,Open,B,A93310,MINOR,,115.3273,115.3273,5.0473,28.53,24,0,8,0,0,0,0,0,,,
17960905-6e7b-4339-a565-c9350b00b0a1,Wallis Orchard Practical Shooters November 2020 Club Match,2020-11-15,2,Stage 2,FC1C6885-3702-4CDB-B626-7E5D08DA1285,Derek Rabuck,14,71.92,9,71.92,Open,U,TY91331,MAJOR,Lady,115.0737,115.0737,5.0362,26.21,22,0,7,2,1,0,0,0,,,
17960905-6e7b-4339-a565-c9350b00b0a1,Wallis Orchard Practical Shooters November 2020 Club Match,2020-11-15,2,Stage 2,FC1C6885-3702-4CDB-B626-7E5D08DA1285,Mike Junco,15,71.73,4,80.81,Carry Optics,A,FY34819,MINOR,,129.2891,114.7675,5.0228,26.28,22,0,6,4,0,0,0,0,,,
17960905-6e7b-4339-a565-c9350b00b0a1,Wallis Orchard Practical Shooters November 2020 Club Match,2020-11-15,2,Stage 2,FC1C6885-3702-4CDB-B626-7E5D08DA1285,Eric Mccampbell,16,68.68,2,87.93,PCC,C,A14332,MINOR,Senior,140.6912,109.8823,4.8090,30.36,25,0,7,0,0,0,0,0,,,
17960905-6e7b-4339-a565-c9350b00b0a1,Wallis Orchard Practical Shooters November 2020 Club Match,2020-11-15,2,Stage 2,FC1C6885-3702-4CDB-B626-7E5D08DA1285,Rommel Mercado,17,68.56,3,87.79,PCC,B,TY70687,MINOR,,140.4600,109.7018,4.8011,30.41,26,0,5,1,0,0,0,0,,,
17960905-6e7b-4339-a565-c9350b00b0a1,Wallis Orchard Practical Shooters November 2020 Club Match,2020-11-15,2,Stage 2,FC1C6885-3702-4CDB-B626-7E5D08DA1285,Roman Gwiscz,18,68.38,5,77.03,Carry Optics,A,L4670,MINOR,,123.2452,109.4025,4.7880,27.36,26,0,3,2,1,0,0,0,,,
17960905-6e7b-4339-a565-c9350b00b0a1,Wallis Orchard Practical Shooters November 2020 Club Match,2020-11-15,2,Stage 2,FC1C6885-3702-4CDB-B626-7E5D08DA1285,Chandler Bassett,19,67.11,6,75.60,Carry Optics,B,TY112550,MINOR,,120.9672,107.3803,4.6995,27.45,28,0,3,0,1,0,1,0,,,
17960905-6e7b-4339-a565-c9350b00b0a1,Wallis Orchard Practical Shooters November 2020 Club Match,2020-11-15,2,Stage 2,FC1C6885-3702-4CDB-B626-7E5D08DA1285,Pete Kirchner,20,66.89,7,75.36,Carry Optics,A,TY105743,MINOR,,120.5708,107.0284,4.6841,27.54,23,0,8,0,1,0,0,0,,,
17960905-6e7b-4339-a565-c9350b00b0a1,Wallis Orchard Practical Shooters November 2020 Club Match,2020-11-15,2,Stage 2,FC1C6885-3702-4CDB-B626-7E5D08DA1285,Tim Yang,21,66.46,8,74.86,Carry Optics,B,A123783,MINOR,,119.7831,106.3293,4.6535,29.87,28,0,3,0,1,0,0,0,,,
17960905-6e7b-4339-a565-c9350b00b0a1,Wallis Orchard Practical Shooters November 2020 Club Match,2020-11-15,2,Stage 2,FC1C6885-3702-4CDB-B626-7E5D08DA1285,Chev Jacot,22,64.85,10,64.85,Open,B,A72378,MAJOR,,103.7564,103.7564,4.5409,30.17,23,0,8,0,1,0,0,0,,,
17960905-6e7b-4339-a565-c9350b00b0a1,Wallis Orchard Practical Shooters November 2020 Club Match,2020-11-15,2,Stage 2,FC1C6885-3702-4CDB-B626-7E5D08DA1285,Austria John,23,63.86,9,71.94,Carry Optics,B,FY82746,MINOR,,115.1061,102.1775,4.4718,28.40,22,0,9,0,1,0,0,0,,,
17960905-6e7b-4339-a565-c9350b00b0a1,Wallis Orchard Practical Shooters November 2020 Club Match,2020-11-15,2,Stage 2,FC1C6885-3702-4CDB-B626-7E5D08DA1285,Mengyu Yue,24,63.60,4,81.44,PCC,U,TY109190,MINOR,,130.2995,101.7663,4.4538,33.23,27,0,4,1,0,0,0,0,,,
17960905-6e7b-4339-a565-c9350b00b0a1,Wallis Orchard Practical Shooters November 2020 Club Match,2020-11-15,2,Stage 2,FC1C6885-3702-4CDB-B626-7E5D08DA1285,Daniel Duong,25,63.02,10,71.00,Carry Optics,B,A112386,MINOR,,113.5951,100.8363,4.4131,33.99,27,0,5,0,0,0,0,0,,,
17960905-6e7b-4339-a565-c9350b00b0a1,Wallis Orchard Practical Shooters November 2020 Club Match,2020-11-15,2,Stage 2,FC1C6885-3702-4CDB-B626-7E5D08DA1285,Duane Mendoza,26,62.81,11,70.76,Carry Optics,B,TY98262,MINOR,,113.2142,100.4981,4.3983,28.42,22,0,8,1,1,0,0,0,,,
17960905-6e7b-4339-a565-c9350b00b0a1,Wallis Orchard Practical Shooters November 2020 Club Match,2020-11-15,2,Stage 2,FC1C6885-3702-4CDB-B626-7E5D08DA1285,Rolan Ocampo,27,62.13,1,100.00,Single Stack,,,MINOR,,160.0000,99.4082,4.3506,30.80,20,0,11,1,0,0,0,0,,,
17960905-6e7b-4339-a565-c9350b00b0a1,Wallis Orchard Practical Shooters November 2020 Club Match,2020-11-15,2,Stage 2,FC1C6885-3702-4CDB-B626-7E5D08DA1285,Steven McNamara,28,61.77,11,61.77,Open,B,A75212,MAJOR,Senior,98.8393,98.8393,4.3257,31.44,24,0,6,1,1,0,0,0,,,
17960905-6e7b-4339-a565-c9350b00b0a1,Wallis Orchard Practical Shooters November 2020 Club Match,2020-11-15,2,Stage 2,FC1C6885-3702-4CDB-B626-7E5D08DA1285,shangyang huang,29,60.95,12,68.66,Carry Optics,C,A111209,MINOR,,109.8576,97.5186,4.2679,33.74,24,0,8,0,0,0,0,0,,,
17960905-6e7b-4339-a565-c9350b00b0a1,Wallis Orchard Practical Shooters November 2020 Club Match,2020-11-15,2,Stage 2,FC1C6885-3702-4CDB-B626-7E5D08DA1285,Nicholas Hauser,30,59.90,13,67.47,Carry Optics,C,A127395,MINOR,,107.9580,95.8323,4.1941,33.38,22,0,10,0,0,0,0,0,,,
17960905-6e7b-4339-a565-c9350b00b0a1,Wallis Orchard Practical Shooters November 2020 Club Match,2020-11-15,2,Stage 2,FC1C6885-3702-4CDB-B626-7E5D08DA1285,Ridong Wen,31,59.89,14,67.46,Carry Optics,U,A99651,MINOR,,107.9425,95.8186,4.1935,35.77,27,0,5,0,0,0,0,0,,,
17960905-6e7b-4339-a565-c9350b00b0a1,Wallis Orchard Practical Shooters November 2020 Club Match,2020-11-15,2,Stage 2,FC1C6885-3702-4CDB-B626-7E5D08DA1285,Ross Apffel,32,59.83,2,96.30,Single Stack,A,L4428,MAJOR,,154.0753,95.7272,4.1895,31.03,28,0,2,1,1,0,1,0,,,
17960905-6e7b-4339-a565-c9350b00b0a1,Wallis Orchard Practical Shooters November 2020 Club Match,2020-11-15,2,Stage 2,FC1C6885-3702-4CDB-B626-7E5D08DA1285,Ashley Sullivan,33,56.98,1,100.00,Limited 10,C,TY92392,MAJOR,Lady,160.0000,91.1619,3.9897,34.84,25,0,6,0,1,0,0,0,,,
17960905-6e7b-4339-a565-c9350b00b0a1,Wallis Orchard Practical Shooters November 2020 Club Match,2020-11-15,2,Stage 2,FC1C6885-3702-4CDB-B626-7E5D08DA1285,Jerry Bedro,34,56.74,5,72.65,PCC,B,A98263,MINOR,,116.2333,90.7803,3.9730,26.68,19,0,10,1,2,0,0,0,,,
17960905-6e7b-4339-a565-c9350b00b0a1,Wallis Orchard Practical Shooters November 2020 Club Match,2020-11-15,2,Stage 2,FC1C6885-3702-4CDB-B626-7E5D08DA1285,Chris Nagala,35,56.61,15,63.77,Carry Optics,C,TY97712,MINOR,,102.0351,90.5747,3.9640,38.85,29,0,3,0,0,0,0,0,,,
17960905-6e7b-4339-a565-c9350b00b0a1,Wallis Orchard Practical Shooters November 2020 Club Match,2020-11-15,2,Stage 2,FC1C6885-3702-4CDB-B626-7E5D08DA1285,Matt Lem,36,56.41,16,63.55,Carry Optics,A,FY34763,MINOR,,101.6722,90.2525,3.9499,25.57,22,0,7,0,3,0,0,0,,,
17960905-6e7b-4339-a565-c9350b00b0a1,Wallis Orchard Practical Shooters November 2020 Club Match,2020-11-15,2,Stage 2,FC1C6885-3702-4CDB-B626-7E5D08DA1285,Pat Byrne,37,55.96,3,90.07,Single Stack,B,FY93921,MAJOR,Super Senior,144.1089,89.5350,3.9185,38.28,24,0,7,1,0,0,0,0,,,
17960905-6e7b-4339-a565-c9350b00b0a1,Wallis Orchard Practical Shooters November 2020 Club Match,2020-11-15,2,Stage 2,FC1C6885-3702-4CDB-B626-7E5D08DA1285,Jeffrey Polk,38,55.73,17,62.78,Carry Optics,C,TY104167,MINOR,,100.4495,89.1671,3.9024,28.70,23,0,5,2,2,0,0,0,,,
17960905-6e7b-4339-a565-c9350b00b0a1,Wallis Orchard Practical Shooters November 2020 Club Match,2020-11-15,2,Stage 2,FC1C6885-3702-4CDB-B626-7E5D08DA1285,Jason Wilson,39,55.62,2,97.62,Limited 10,U,A94696,MAJOR,,156.1942,88.9935,3.8948,40.31,29,0,3,0,0,0,0,0,,,
17960905-6e7b-4339-a565-c9350b00b0a1,Wallis Orchard Practical Shooters November 2020 Club Match,2020-11-15,2,Stage 2,FC1C6885-3702-4CDB-B626-7E5D08DA1285,James Tonkinson,40,54.98,18,61.93,Carry Optics,B,A123944,MINOR,,99.0955,87.9653,3.8498,31.43,21,0,8,2,1,0,0,0,,,
17960905-6e7b-4339-a565-c9350b00b0a1,Wallis Orchard Practical Shooters November 2020 Club Match,2020-11-15,2,Stage 2,FC1C6885-3702-4CDB-B626-7E5D08DA1285,Gary Wu,41,54.74,1,100.00,Production,B,L2998,MINOR,,160.0000,87.5905,3.8334,39.13,27,0,5,0,0,0,0,0,,,
17960905-6e7b-4339-a565-c9350b00b0a1,Wallis Orchard Practical Shooters November 2020 Club Match,2020-11-15,2,Stage 2,FC1C6885-3702-4CDB-B626-7E5D08DA1285,Marlon Poralan,42,54.40,6,69.66,PCC,U,TY76330,MINOR,Law Enforcement,111.4500,87.0444,3.8095,37.80,25,0,6,1,0,0,0,0,,,
17960905-6e7b-4339-a565-c9350b00b0a1,Wallis Orchard Practical Shooters November 2020 Club Match,2020-11-15,2,Stage 2,FC1C6885-3702-4CDB-B626-7E5D08DA1285,Angela Rabuck,43,51.49,19,58.01,Carry Optics,U,TY91275,MINOR,Lady,92.8149,82.3900,3.6058,40.49,30,0,2,0,0,0,1,0,,,
17960905-6e7b-4339-a565-c9350b00b0a1,Wallis Orchard Practical Shooters November 2020 Club Match,2020-11-15,2,Stage 2,FC1C6885-3702-4CDB-B626-7E5D08DA1285,Mike Mansilla,44,51.48,2,67.18,Limited,A,A42337,MAJOR,,107.4817,82.3626,3.6046,36.62,20,0,10,1,1,0,0,0,,,
17960905-6e7b-4339-a565-c9350b00b0a1,Wallis Orchard Practical Shooters November 2020 Club Match,2020-11-15,2,Stage 2,FC1C6885-3702-4CDB-B626-7E5D08DA1285,Kim Tran,45,51.24,12,51.24,Open,B,TY99963,MAJOR,Lady,81.9788,81.9788,3.5878,28.43,16,0,13,0,3,0,0,0,,,
17960905-6e7b-4339-a565-c9350b00b0a1,Wallis Orchard Practical Shooters November 2020 Club Match,2020-11-15,2,Stage 2,FC1C6885-3702-4CDB-B626-7E5D08DA1285,Matthew Gonzalez,46,49.72,20,56.01,Carry Optics,D,A119810,MINOR,,89.6128,79.5476,3.4814,38.49,24,0,8,0,0,0,1,0,,,
17960905-6e7b-4339-a565-c9350b00b0a1,Wallis Orchard Practical Shooters November 2020 Club Match,2020-11-15,2,Stage 2,FC1C6885-3702-4CDB-B626-7E5D08DA1285,Billy Banks,47,49.52,21,55.79,Carry Optics,U,A49856,MINOR,Law Enforcement,89.2601,79.2345,3.4677,42.68,31,0,1,0,0,0,1,0,,,
17960905-6e7b-4339-a565-c9350b00b0a1,Wallis Orchard Practical Shooters November 2020 Club Match,2020-11-15,2,Stage 2,FC1C6885-3702-4CDB-B626-7E5D08DA1285,Garrick Gonzalez,48,47.76,22,53.80,Carry Optics,B,A119804,MINOR,,86.0838,76.4149,3.3443,39.47,20,0,10,2,0,0,0,0,,,
17960905-6e7b-4339-a565-c9350b00b0a1,Wallis Orchard Practical Shooters November 2020 Club Match,2020-11-15,2,Stage 2,FC1C6885-3702-4CDB-B626-7E5D08DA1285,Mitchell Ivey,49,47.39,23,53.39,Carry Optics,C,A116953,MINOR,,85.4171,75.8231,3.3184,44.60,26,0,6,0,0,0,0,0,,,
17960905-6e7b-4339-a565-c9350b00b0a1,Wallis Orchard Practical Shooters November 2020 Club Match,2020-11-15,2,Stage 2,FC1C6885-3702-4CDB-B626-7E5D08DA1285,Mick Sambasile,50,46.14,13,46.14,Open,C,TY47665,MAJOR,Super Senior,73.8170,73.8170,3.2306,47.36,25,0,7,0,0,0,0,0,,,
17960905-6e7b-4339-a565-c9350b00b0a1,Wallis Orchard Practical Shooters November 2020 Club Match,2020-11-15,2,Stage 2,FC1C6885-3702-4CDB-B626-7E5D08DA1285,Jun Wu,51,45.32,24,51.06,Carry Optics,U,,MINOR,,81.6950,72.5191,3.1738,40.96,28,0,3,1,0,0,2,0,,,
17960905-6e7b-4339-a565-c9350b00b0a1,Wallis Orchard Practical Shooters November 2020 Club Match,2020-11-15,2,Stage 2,FC1C6885-3702-4CDB-B626-7E5D08DA1285,Richard Dillow,52,45.25,3,59.05,Limited,C,FY57446,MAJOR,Super Senior,94.4870,72.4049,3.1688,41.34,21,0,8,2,1,0,0,0,,,
17960905-6e7b-4339-a565-c9350b00b0a1,Wallis Orchard Practical Shooters November 2020 Club Match,2020-11-15,2,Stage 2,FC1C6885-3702-4CDB-B626-7E5D08DA1285,Jon Baguio,53,44.72,25,50.38,Carry Optics,C,,MINOR,,80.6088,71.5549,3.1316,28.42,23,0,4,2,3,0,1,0,,,
17960905-6e7b-4339-a565-c9350b00b0a1,Wallis Orchard Practical Shooters November 2020 Club Match,2020-11-15,2,Stage 2,FC1C6885-3702-4CDB-B626-7E5D08DA1285,Benjamin Michael,54,43.25,4,69.62,Single Stack,C,A115982,MAJOR,,111.3888,69.2060,3.0288,40.61,17,0,10,4,1,0,0,0,,,
17960905-6e7b-4339-a565-c9350b00b0a1,Wallis Orchard Practical Shooters November 2020 Club Match,2020-11-15,2,Stage 2,FC1C6885-3702-4CDB-B626-7E5D08DA1285,Bill Kinstley,55,43.09,4,56.24,Limited,B,A104836,MAJOR,,89.9786,68.9501,3.0176,38.11,25,0,5,0,2,0,0,1,,,
17960905-6e7b-4339-a565-c9350b00b0a1,Wallis Orchard Practical Shooters November 2020 Club Match,2020-11-15,2,Stage 2,FC1C6885-3702-4CDB-B626-7E5D08DA1285,randy callison,56,38.73,7,49.58,PCC,A,A14418,MINOR,Senior,79.3330,61.9605,2.7117,42.04,22,0,8,0,2,0,0,0,,,
17960905-6e7b-4339-a565-c9350b00b0a1,Wallis Orchard Practical Shooters November 2020 Club Match,2020-11-15,2,Stage 2,FC1C6885-3702-4CDB-B626-7E5D08DA1285,Eric Wu,57,38.12,2,69.62,Production,C,,MINOR,,111.3998,60.9848,2.6690,40.09,17,0,9,5,1,0,0,0,,,
17960905-6e7b-4339-a565-c9350b00b0a1,Wallis Orchard Practical Shooters November 2020 Club Match,2020-11-15,2,Stage 2,FC1C6885-3702-4CDB-B626-7E5D08DA1285,Emman Alcoseba,58,37.92,5,49.49,Limited,C,TY67519,MAJOR,Senior,79.1785,60.6741,2.6554,46.32,23,0,7,0,2,0,0,0,,,
17960905-6e7b-4339-a565-c9350b00b0a1,Wallis Orchard Practical Shooters November 2020 Club Match,2020-11-15,2,Stage 2,FC1C6885-3702-4CDB-B626-7E5D08DA1285,Glenn Cunningham,59,37.19,8,47.62,PCC,C,A78280,MINOR,Super Senior,76.1909,59.5065,2.6043,41.47,29,0,1,0,2,0,1,1,,,
17960905-6e7b-4339-a565-c9350b00b0a1,Wallis Orchard Practical Shooters November 2020 Club Match,2020-11-15,2,Stage 2,FC1C6885-3702-4CDB-B626-7E5D08DA1285,Gary Brisco,60,36.56,9,46.81,PCC,D,FY73704,MINOR,Senior,74.9036,58.5011,2.5603,53.51,28,0,2,1,1,0,0,0,,,
17960905-6e7b-4339-a565-c9350b00b0a1,Wallis Orchard Practical Shooters November 2020 Club Match,2020-11-15,2,Stage 2,FC1C6885-3702-4CDB-B626-7E5D08DA1285,Ralph Migrino,61,33.32,26,37.53,Carry Optics,U,,MINOR,Military,60.0550,53.3097,2.3331,37.29,17,0,10,2,3,0,0,0,,,
17960905-6e7b-4339-a565-c9350b00b0a1,Wallis Orchard Practical Shooters November 2020 Club Match,2020-11-15,2,Stage 2,FC1C6885-3702-4CDB-B626-7E5D08DA1285,CHAN WILLIAM,62,32.35,27,36.45,Carry Optics,C,,MINOR,,58.3150,51.7651,2.2655,25.16,19,0,7,1,5,0,1,0,,,
17960905-6e7b-4339-a565-c9350b00b0a1,Wallis Orchard Practical Shooters November 2020 Club Match,2020-11-15,2,Stage 2,FC1C6885-3702-4CDB-B626-7E5D08DA1285,Antonio Tormis,63,31.44,28,35.42,Carry Optics,C,A124958,MINOR,,56.6702,50.3050,2.2016,43.15,20,0,8,1,3,0,0,0,,,
17960905-6e7b-4339-a565-c9350b00b0a1,Wallis Orchard Practical Shooters November 2020 Club Match,2020-11-15,2,Stage 2,FC1C6885-3702-4CDB-B626-7E5D08DA1285,Kevin Baker,64,31.01,3,56.65,Production,C,A95439,MINOR,,90.6349,49.6173,2.1715,54.80,24,0,6,1,1,0,1,0,,,
17960905-6e7b-4339-a565-c9350b00b0a1,Wallis Orchard Practical Shooters November 2020 Club Match,2020-11-15,2,Stage 2,FC1C6885-3702-4CDB-B626-7E5D08DA1285,Dale Hamm,65,22.55,5,36.29,Single Stack,D,TY97196,MAJOR,Senior,58.0628,36.0745,1.5788,57.64,15,0,9,5,3,0,0,0,,,
17960905-6e7b-4339-a565-c9350b00b0a1,Wallis Orchard Practical Shooters November 2020 Club Match,2020-11-15,2,Stage 2,FC1C6885-3702-4CDB-B626-7E5D08DA1285,Boyd Nabas,66,14.62,29,16.47,Carry Optics,U,,MINOR,Junior,26.3479,23.3886,1.0236,61.55,19,0,5,3,5,0,0,0,,,
17960905-6e7b-4339-a565-c9350b00b0a1,Wallis Orchard Practical Shooters November 2020 Club Match,2020-11-15,2,Stage 2,FC1C6885-3702-4CDB-B626-7E5D08DA1285,Jim Havens,67,0.00,30,0.00,Carry Optics,A,A114636,MINOR,,0.0000,0.0000,,,,,×0.32,×0.64,×2.41,,×1.61,,,,25.74
17960905-6e7b-4339-a565-c9350b00b0a1,Wallis Orchard Practical Shooters November 2020 Club Match,2020-11-15,2,Stage 2,FC1C6885-3702-4CDB-B626-7E5D08DA1285,Norman Oducado,68,0.00,6,0.00,Limited,C,A103491,MINOR,,0.0000,0.0000,,,,,×0.37,×0.75,×2.80,,×1.86,,,,29.82
17960905-6e7b-4339-a565-c9350b00b0a1,Wallis Orchard Practical Shooters November 2020 Club Match,2020-11-15,2,Stage 2,FC1C6885-3702-4CDB-B626-7E5D08DA1285,Wilson Maguigad,69,0.00,14,0.00,Open,D,TY97451,MINOR,Senior,0.0000,0.0000,0.0000,65.14,12,0,7,1,12,0,4,0,,4,
17960905-6e7b-4339-a565-c9350b00b0a1,Wallis Orchard Practical Shooters November 2020 Club Match,2020-11-15,2,Stage 2,FC1C6885-3702-4CDB-B626-7E5D08DA1285,Adrianne Ramos,70,0.00,4,0.00,Production,U,,MINOR,,0.0000,0.0000,0.0000,77.80,9,0,7,2,14,0,0,0,,,
17960905-6e7b-4339-a565-c9350b00b0a1,Wallis Orchard Practical Shooters November 2020 Club Match,2020-11-15,3,Stage 3,463D9E22-E524-4ED1-A5E4-0718188800CA,Brandon Foss,1,100.00,1,100.00,Carry Optics,A,FY92765,MINOR,,130.0000,130.0000,5.8541,20.84,22,0,4,0,0,0,0,0,,,
17960905-6e7b-4339-a565-c9350b00b0a1,Wallis Orchard Practical Shooters November 2020 Club Match,2020-11-15,3,Stage 3,463D9E22-E524-4ED1-A5E4-0718188800CA,Paul Felker,2,92.37,2,92.37,Carry Optics,M,TY107123,MINOR,,120.0869,120.0869,5.4077,24.04,26,0,0,0,0,0,0,0,,,
17960905-6e7b-4339-a565-c9350b00b0a1,Wallis Orchard Practical Shooters November 2020 Club Match,2020-11-15,3,Stage 3,463D9E22-E524-4ED1-A5E4-0718188800CA,Waldo Samano,3,90.10,3,90.10,Carry Optics,A,TY87973,MINOR,,117.1290,117.1290,5.2745,23.13,22,0,4,0,0,0,0,0,,,
17960905-6e7b-4339-a565-c9350b00b0a1,Wallis Orchard Practical Shooters November 2020 Club Match,2020-11-15,3,Stage 3,463D9E22-E524-4ED1-A5E4-0718188800CA,Bobby Ivester,4,89.58,1,100.00,Open,M,A101336,MAJOR,,130.0000,116.4539,5.2441,22.12,14,0,11,1,0,0,0,0,,,
17960905-6e7b-4339-a565-c9350b00b0a1,Wallis Orchard Practical Shooters November 2020 Club Match,2020-11-15,3,Stage 3,463D9E22-E524-4ED1-A5E4-0718188800CA,Albert Montanez,5,88.78,2,99.10,Open,M,TY101554,MAJOR,,128.8324,115.4080,5.1970,17.51,15,0,9,0,2,0,0,0,,,
17960905-6e7b-4339-a565-c9350b00b0a1,Wallis Orchard Practical Shooters November 2020 Club Match,2020-11-15,3,Stage 3,463D9E22-E524-4ED1-A5E4-0718188800CA,Vinh Lam,6,88.60,1,100.00,Limited,A,TY101025,MAJOR,,130.0000,115.1748,5.1865,23.33,19,0,6,1,0,0,0,0,,,
17960905-6e7b-4339-a565-c9350b00b0a1,Wallis Orchard Practical Shooters November 2020 Club Match,2020-11-15,3,Stage 3,463D9E22-E524-4ED1-A5E4-0718188800CA,Chev Jacot,7,86.25,3,96.28,Open,B,A72378,MAJOR,,125.1610,112.1192,5.0489,24.56,20,0,6,0,0,0,0,0,,,
17960905-6e7b-4339-a565-c9350b00b0a1,Wallis Orchard Practical Shooters November 2020 Club Match,2020-11-15,3,Stage 3,463D9E22-E524-4ED1-A5E4-0718188800CA,Ryan Alicaya,8,81.71,1,100.00,PCC,D,,MINOR,,130.0000,106.2167,4.7831,24.67,20,0,6,0,0,0,0,0,,,
17960905-6e7b-4339-a565-c9350b00b0a1,Wallis Orchard Practical Shooters November 2020 Club Match,2020-11-15,3,Stage 3,463D9E22-E524-4ED1-A5E4-0718188800CA,Jerry Bedro,9,81.12,2,99.29,PCC,B,A98263,MINOR,,129.0759,105.4616,4.7491,26.11,23,0,3,0,0,0,0,0,,,
17960905-6e7b-4339-a565-c9350b00b0a1,Wallis Orchard Practical Shooters November 2020 Club Match,2020-11-15,3,Stage 3,463D9E22-E524-4ED1-A5E4-0718188800CA,Jon Marino,10,80.96,4,90.37,Open,B,A93310,MINOR,,117.4861,105.2440,4.7393,27.43,26,0,0,0,0,0,0,0,,,
17960905-6e7b-4339-a565-c9350b00b0a1,Wallis Orchard Practical Shooters November 2020 Club Match,2020-11-15,3,Stage 3,463D9E22-E524-4ED1-A5E4-0718188800CA,Matt Lem,11,80.79,4,80.79,Carry Optics,A,FY34763,MINOR,,105.0264,105.0264,4.7295,24.95,20,0,6,0,0,0,0,0,,,
17960905-6e7b-4339-a565-c9350b00b0a1,Wallis Orchard Practical Shooters November 2020 Club Match,2020-11-15,3,Stage 3,463D9E22-E524-4ED1-A5E4-0718188800CA,Ross Apffel,12,80.68,1,100.00,Single Stack,A,L4428,MAJOR,,130.0000,104.8798,4.7229,26.89,23,0,3,0,0,0,0,0,,,
17960905-6e7b-4339-a565-c9350b00b0a1,Wallis Orchard Practical Shooters November 2020 Club Match,2020-11-15,3,Stage 3,463D9E22-E524-4ED1-A5E4-0718188800CA,Justin Corona,13,79.51,5,88.76,Open,B,L4452,MAJOR,,115.3864,103.3631,4.6546,27.07,22,0,4,0,0,0,0,0,,,
17960905-6e7b-4339-a565-c9350b00b0a1,Wallis Orchard Practical Shooters November 2020 Club Match,2020-11-15,3,Stage 3,463D9E22-E524-4ED1-A5E4-0718188800CA,CHAN WILLIAM,14,79.25,5,79.25,Carry Optics,C,,MINOR,,103.0300,103.0300,4.6396,22.20,19,0,6,0,1,0,0,0,,,
17960905-6e7b-4339-a565-c9350b00b0a1,Wallis Orchard Practical Shooters November 2020 Club Match,2020-11-15,3,Stage 3,463D9E22-E524-4ED1-A5E4-0718188800CA,Jon Baguio,15,78.83,6,78.83,Carry Optics,C,,MINOR,,102.4793,102.4793,4.6148,25.57,20,0,6,0,0,0,0,0,,,
17960905-6e7b-4339-a565-c9350b00b0a1,Wallis Orchard Practical Shooters November 2020 Club Match,2020-11-15,3,Stage 3,463D9E22-E524-4ED1-A5E4-0718188800CA,Michael Whitley,16,78.28,6,87.38,Open,B,A111091,MAJOR,,113.5966,101.7598,4.5824,27.06,20,0,6,0,0,0,0,0,,,
17960905-6e7b-4339-a565-c9350b00b0a1,Wallis Orchard Practical Shooters November 2020 Club Match,2020-11-15,3,Stage 3,463D9E22-E524-4ED1-A5E4-0718188800CA,Andrew Whitley,17,77.26,7,86.25,Open,B,TY106649,MAJOR,,112.1191,100.4363,4.5228,26.09,24,0,2,0,0,0,1,0,,,
17960905-6e7b-4339-a565-c9350b00b0a1,Wallis Orchard Practical Shooters November 2020 Club Match,2020-11-15,3,Stage 3,463D9E22-E524-4ED1-A5E4-0718188800CA,Chris Snow,18,76.43,8,85.31,Open,B,TY107262,MAJOR,,110.9094,99.3526,4.4740,28.61,24,0,2,0,0,0,0,0,,,
17960905-6e7b-4339-a565-c9350b00b0a1,Wallis Orchard Practical Shooters November 2020 Club Match,2020-11-15,3,Stage 3,463D9E22-E524-4ED1-A5E4-0718188800CA,shangyang huang,19,74.83,7,74.83,Carry Optics,C,A111209,MINOR,,97.2807,97.2807,4.3807,26.48,19,0,7,0,0,0,0,0,,,
17960905-6e7b-4339-a565-c9350b00b0a1,Wallis Orchard Practical Shooters November 2020 Club Match,2020-11-15,3,Stage 3,463D9E22-E524-4ED1-A5E4-0718188800CA,Roman Gwiscz,20,74.79,8,74.79,Carry Optics,A,L4670,MINOR,,97.2208,97.2208,4.3780,27.41,21,0,5,0,0,0,0,0,,,
17960905-6e7b-4339-a565-c9350b00b0a1,Wallis Orchard Practical Shooters November 2020 Club Match,2020-11-15,3,Stage 3,463D9E22-E524-4ED1-A5E4-0718188800CA,Tim Yang,21,73.89,9,73.89,Carry Optics,B,A123783,MINOR,,96.0616,96.0616,4.3258,29.59,25,0,1,0,0,0,0,0,,,
17960905-6e7b-4339-a565-c9350b00b0a1,Wallis Orchard Practical Shooters November 2020 Club Match,2020-11-15,3,Stage 3,463D9E22-E524-4ED1-A5E4-0718188800CA,Eric Mccampbell,22,72.64,3,88.90,PCC,C,A14332,MINOR,Senior,115.5761,94.4316,4.2524,28.69,22,0,4,0,0,0,0,0,,,
17960905-6e7b-4339-a565-c9350b00b0a1,Wallis Orchard Practical Shooters November 2020 Club Match,2020-11-15,3,Stage 3,463D9E22-E524-4ED1-A5E4-0718188800CA,Ridong Wen,23,72.14,10,72.14,Carry Optics,U,A99651,MINOR,,93.7787,93.7787,4.2230,30.31,25,0,1,0,0,0,0,0,,,
17960905-6e7b-4339-a565-c9350b00b0a1,Wallis Orchard Practical Shooters November 2020 Club Match,2020-11-15,3,Stage 3,463D9E22-E524-4ED1-A5E4-0718188800CA,Derek Rabuck,24,70.82,9,79.06,Open,U,TY91331,MAJOR,Lady,102.7734,92.0644,4.1458,27.98,22,0,4,0,0,0,1,0,,,
17960905-6e7b-4339-a565-c9350b00b0a1,Wallis Orchard Practical Shooters November 2020 Club Match,2020-11-15,3,Stage 3,463D9E22-E524-4ED1-A5E4-0718188800CA,Rommel Mercado,25,70.52,4,86.31,PCC,B,TY70687,MINOR,,112.1977,91.6713,4.1281,28.10,19,0,7,0,0,0,0,0,,,
17960905-6e7b-4339-a565-c9350b00b0a1,Wallis Orchard Practical Shooters November 2020 Club Match,2020-11-15,3,Stage 3,463D9E22-E524-4ED1-A5E4-0718188800CA,Chandler Bassett,26,69.79,11,69.79,Carry Optics,B,TY112550,MINOR,,90.7275,90.7275,4.0856,25.70,20,0,5,0,1,0,0,0,,,
17960905-6e7b-4339-a565-c9350b00b0a1,Wallis Orchard Practical Shooters November 2020 Club Match,2020-11-15,3,Stage 3,463D9E22-E524-4ED1-A5E4-0718188800CA,Wade Pruetz,27,68.67,10,76.66,Open,A,TY79055,MAJOR,,99.6573,89.2730,4.0201,21.89,22,0,2,0,2,0,0,1,,,
17960905-6e7b-4339-a565-c9350b00b0a1,Wallis Orchard Practical Shooters November 2020 Club Match,2020-11-15,3,Stage 3,463D9E22-E524-4ED1-A5E4-0718188800CA,Steven McNamara,28,68.64,11,76.62,Open,B,A75212,MAJOR,Senior,99.6053,89.2264,4.0180,31.11,21,0,5,0,0,0,0,0,,,
17960905-6e7b-4339-a565-c9350b00b0a1,Wallis Orchard Practical Shooters November 2020 Club Match,2020-11-15,3,Stage 3,463D9E22-E524-4ED1-A5E4-0718188800CA,Mike Mansilla,29,66.49,2,75.05,Limited,A,A42337,MAJOR,,97.5608,86.4350,3.8923,27.49,17,0,8,0,1,0,0,0,,,
17960905-6e7b-4339-a565-c9350b00b0a1,Wallis Orchard Practical Shooters November 2020 Club Match,2020-11-15,3,Stage 3,463D9E22-E524-4ED1-A5E4-0718188800CA,James Tonkinson,30,65.48,12,65.48,Carry Optics,B,A123944,MINOR,,85.1270,85.1270,3.8334,30.26,20,0,5,1,0,0,0,0,,,
17960905-6e7b-4339-a565-c9350b00b0a1,Wallis Orchard Practical Shooters November 2020 Club Match,2020-11-15,3,Stage 3,463D9E22-E524-4ED1-A5E4-0718188800CA,Austria John,31,64.63,13,64.63,Carry Optics,B,FY82746,MINOR,,84.0145,84.0145,3.7833,23.26,19,0,4,1,2,0,0,0,,,
17960905-6e7b-4339-a565-c9350b00b0a1,Wallis Orchard Practical Shooters November 2020 Club Match,2020-11-15,3,Stage 3,463D9E22-E524-4ED1-A5E4-0718188800CA,Pete Kirchner,32,64.07,14,64.07,Carry Optics,A,TY105743,MINOR,,83.2927,83.2927,3.7508,33.06,23,0,3,0,0,0,0,0,,,
17960905-6e7b-4339-a565-c9350b00b0a1,Wallis Orchard Practical Shooters November 2020 Club Match,2020-11-15,3,Stage 3,463D9E22-E524-4ED1-A5E4-0718188800CA,Duane Mendoza,33,62.02,15,62.02,Carry Optics,B,TY98262,MINOR,,80.6235,80.6235,3.6306,28.37,19,0,6,0,1,0,0,0,,,
17960905-6e7b-4339-a565-c9350b00b0a1,Wallis Orchard Practical Shooters November 2020 Club Match,2020-11-15,3,Stage 3,463D9E22-E524-4ED1-A5E4-0718188800CA,Mengyu Yue,34,60.90,5,74.53,PCC,U,TY109190,MINOR,,96.8905,79.1645,3.5649,27.49,23,0,1,0,2,0,0,0,,,
17960905-6e7b-4339-a565-c9350b00b0a1,Wallis Orchard Practical Shooters November 2020 Club Match,2020-11-15,3,Stage 3,463D9E22-E524-4ED1-A5E4-0718188800CA,Matthew Gonzalez,35,60.79,16,60.79,Carry Optics,D,A119810,MINOR,,79.0291,79.0291,3.5588,31.19,23,0,2,0,1,0,0,0,,,
17960905-6e7b-4339-a565-c9350b00b0a1,Wallis Orchard Practical Shooters November 2020 Club Match,2020-11-15,3,Stage 3,463D9E22-E524-4ED1-A5E4-0718188800CA,Eric Wu,36,60.78,1,100.00,Production,C,,MINOR,,130.0000,79.0135,3.5581,32.04,18,0,8,0,0,0,0,0,,,
17960905-6e7b-4339-a565-c9350b00b0a1,Wallis Orchard Practical Shooters November 2020 Club Match,2020-11-15,3,Stage 3,463D9E22-E524-4ED1-A5E4-0718188800CA,Chris Nagala,37,60.61,17,60.61,Carry Optics,C,TY97712,MINOR,,78.7892,78.7892,3.5480,36.64,26,0,0,0,0,0,0,0,,,
17960905-6e7b-4339-a565-c9350b00b0a1,Wallis Orchard Practical Shooters November 2020 Club Match,2020-11-15,3,Stage 3,463D9E22-E524-4ED1-A5E4-0718188800CA,Glenn Cunningham,38,59.77,6,73.15,PCC,C,A78280,MINOR,Super Senior,95.0967,77.6989,3.4989,35.44,23,0,3,0,0,0,0,0,,,
17960905-6e7b-4339-a565-c9350b00b0a1,Wallis Orchard Practical Shooters November 2020 Club Match,2020-11-15,3,Stage 3,463D9E22-E524-4ED1-A5E4-0718188800CA,randy callison,39,58.96,7,72.16,PCC,A,A14418,MINOR,Senior,93.8057,76.6441,3.4514,32.74,24,0,1,0,1,0,0,0,,,
17960905-6e7b-4339-a565-c9350b00b0a1,Wallis Orchard Practical Shooters November 2020 Club Match,2020-11-15,3,Stage 3,463D9E22-E524-4ED1-A5E4-0718188800CA,Marlon Poralan,40,58.35,8,71.41,PCC,U,TY76330,MINOR,Law Enforcement,92.8354,75.8513,3.4157,30.74,20,0,5,0,1,0,0,0,,,
17960905-6e7b-4339-a565-c9350b00b0a1,Wallis Orchard Practical Shooters November 2020 Club Match,2020-11-15,3,Stage 3,463D9E22-E524-4ED1-A5E4-0718188800CA,Ralph Migrino,41,56.97,18,56.97,Carry Optics,U,,MINOR,Military,74.0659,74.0659,3.3353,34.78,20,0,5,1,0,0,0,0,,,
17960905-6e7b-4339-a565-c9350b00b0a1,Wallis Orchard Practical Shooters November 2020 Club Match,2020-11-15,3,Stage 3,463D9E22-E524-4ED1-A5E4-0718188800CA,Rolan Ocampo,42,55.81,2,69.18,Single Stack,,,MINOR,,89.9367,72.5580,3.2674,34.89,18,0,8,0,0,0,0,0,,,
17960905-6e7b-4339-a565-c9350b00b0a1,Wallis Orchard Practical Shooters November 2020 Club Match,2020-11-15,3,Stage 3,463D9E22-E524-4ED1-A5E4-0718188800CA,Ashley Sullivan,43,54.64,1,100.00,Limited 10,C,TY92392,MAJOR,Lady,130.0000,71.0258,3.1984,34.08,19,0,6,0,1,0,0,0,,,
17960905-6e7b-4339-a565-c9350b00b0a1,Wallis Orchard Practical Shooters November 2020 Club Match,2020-11-15,3,Stage 3,463D9E22-E524-4ED1-A5E4-0718188800CA,Mitchell Ivey,44,52.48,19,52.48,Carry Optics,C,A116953,MINOR,,68.2211,68.2211,3.0721,34.83,21,0,4,0,1,0,0,0,,,
17960905-6e7b-4339-a565-c9350b00b0a1,Wallis Orchard Practical Shooters November 2020 Club Match,2020-11-15,3,Stage 3,463D9E22-E524-4ED1-A5E4-0718188800CA,Nicholas Hauser,45,51.27,20,51.27,Carry Optics,C,A127395,MINOR,,66.6466,66.6466,3.0012,34.32,19,0,6,0,1,0,0,0,,,
17960905-6e7b-4339-a565-c9350b00b0a1,Wallis Orchard Practical Shooters November 2020 Club Match,2020-11-15,3,Stage 3,463D9E22-E524-4ED1-A5E4-0718188800CA,Jun Wu,46,51.19,21,51.19,Carry Optics,U,,MINOR,,66.5489,66.5489,2.9968,34.37,24,0,1,0,1,0,1,0,,,
17960905-6e7b-4339-a565-c9350b00b0a1,Wallis Orchard Practical Shooters November 2020 Club Match,2020-11-15,3,Stage 3,463D9E22-E524-4ED1-A5E4-0718188800CA,Bill Kinstley,47,50.88,3,57.43,Limited,B,A104836,MAJOR,,74.6588,66.1448,2.9786,32.23,20,0,4,0,2,0,0,0,,,
17960905-6e7b-4339-a565-c9350b00b0a1,Wallis Orchard Practical Shooters November 2020 Club Match,2020-11-15,3,Stage 3,463D9E22-E524-4ED1-A5E4-0718188800CA,Pat Byrne,48,50.84,3,63.01,Single Stack,B,FY93921,MAJOR,Super Senior,81.9158,66.0870,2.9760,37.97,23,0,2,0,1,0,0,0,,,
17960905-6e7b-4339-a565-c9350b00b0a1,Wallis Orchard Practical Shooters November 2020 Club Match,2020-11-15,3,Stage 3,463D9E22-E524-4ED1-A5E4-0718188800CA,Mike Junco,49,49.58,22,49.58,Carry Optics,A,FY34819,MINOR,,64.4593,64.4593,2.9027,24.46,16,0,7,0,3,0,0,0,,,
17960905-6e7b-4339-a565-c9350b00b0a1,Wallis Orchard Practical Shooters November 2020 Club Match,2020-11-15,3,Stage 3,463D9E22-E524-4ED1-A5E4-0718188800CA,Daniel Duong,50,48.94,23,48.94,Carry Optics,B,A112386,MINOR,,63.6265,63.6265,2.8652,39.09,22,0,4,0,0,0,0,1,,,
17960905-6e7b-4339-a565-c9350b00b0a1,Wallis Orchard Practical Shooters November 2020 Club Match,2020-11-15,3,Stage 3,463D9E22-E524-4ED1-A5E4-0718188800CA,Antonio Tormis,51,47.74,24,47.74,Carry Optics,C,A124958,MINOR,,62.0676,62.0676,2.7950,35.42,17,0,8,0,1,0,0,0,,,
17960905-6e7b-4339-a565-c9350b00b0a1,Wallis Orchard Practical Shooters November 2020 Club Match,2020-11-15,3,Stage 3,463D9E22-E524-4ED1-A5E4-0718188800CA,Emman Alcoseba,52,47.21,4,53.29,Limited,C,TY67519,MAJOR,Senior,69.2774,61.3770,2.7639,40.16,21,0,4,0,1,0,0,0,,,
17960905-6e7b-4339-a565-c9350b00b0a1,Wallis Orchard Practical Shooters November 2020 Club Match,2020-11-15,3,Stage 3,463D9E22-E524-4ED1-A5E4-0718188800CA,Gary Wu,53,46.47,2,76.45,Production,B,L2998,MINOR,,99.3862,60.4066,2.7202,37.13,18,0,7,0,1,0,0,0,,,
17960905-6e7b-4339-a565-c9350b00b0a1,Wallis Orchard Practical Shooters November 2020 Club Match,2020-11-15,3,Stage 3,463D9E22-E524-4ED1-A5E4-0718188800CA,Benjamin Michael,54,44.81,4,55.55,Single Stack,C,A115982,MAJOR,,72.2103,58.2569,2.6234,48.41,23,0,3,0,0,0,0,0,,,
17960905-6e7b-4339-a565-c9350b00b0a1,Wallis Orchard Practical Shooters November 2020 Club Match,2020-11-15,3,Stage 3,463D9E22-E524-4ED1-A5E4-0718188800CA,Jason Wilson,55,44.76,2,81.92,Limited 10,U,A94696,MAJOR,,106.4989,58.1859,2.6202,41.60,21,0,3,1,1,0,0,0,,,
17960905-6e7b-4339-a565-c9350b00b0a1,Wallis Orchard Practical Shooters November 2020 Club Match,2020-11-15,3,Stage 3,463D9E22-E524-4ED1-A5E4-0718188800CA,Angela Rabuck,56,44.11,25,44.11,Carry Optics,U,TY91275,MINOR,Lady,57.3420,57.3420,2.5822,36.79,20,0,5,0,1,0,1,0,,,
17960905-6e7b-4339-a565-c9350b00b0a1,Wallis Orchard Practical Shooters November 2020 Club Match,2020-11-15,3,Stage 3,463D9E22-E524-4ED1-A5E4-0718188800CA,Mick Sambasile,57,43.72,12,48.81,Open,C,TY47665,MAJOR,Super Senior,63.4469,56.8357,2.5594,48.84,21,0,5,0,0,0,0,0,,,
17960905-6e7b-4339-a565-c9350b00b0a1,Wallis Orchard Practical Shooters November 2020 Club Match,2020-11-15,3,Stage 3,463D9E22-E524-4ED1-A5E4-0718188800CA,Dale Hamm,58,40.60,5,50.32,Single Stack,D,TY97196,MAJOR,Senior,65.4170,52.7763,2.3766,49.65,16,0,9,1,0,0,0,0,,,
17960905-6e7b-4339-a565-c9350b00b0a1,Wallis Orchard Practical Shooters November 2020 Club Match,2020-11-15,3,Stage 3,463D9E22-E524-4ED1-A5E4-0718188800CA,Billy Banks,59,40.42,26,40.42,Carry Optics,U,A49856,MINOR,Law Enforcement,52.5454,52.5454,2.3662,46.91,23,0,2,0,1,0,0,0,,,
17960905-6e7b-4339-a565-c9350b00b0a1,Wallis Orchard Practical Shooters November 2020 Club Match,2020-11-15,3,Stage 3,463D9E22-E524-4ED1-A5E4-0718188800CA,Kim Tran,60,39.90,13,44.54,Open,B,TY99963,MAJOR,Lady,57.8965,51.8637,2.3355,23.55,19,0,2,1,4,0,0,1,,,
17960905-6e7b-4339-a565-c9350b00b0a1,Wallis Orchard Practical Shooters November 2020 Club Match,2020-11-15,3,Stage 3,463D9E22-E524-4ED1-A5E4-0718188800CA,Gary Brisco,61,37.66,9,46.09,PCC,D,FY73704,MINOR,Senior,59.9162,48.9546,2.2045,48.99,18,0,5,3,0,0,0,0,,,
17960905-6e7b-4339-a565-c9350b00b0a1,Wallis Orchard Practical Shooters November 2020 Club Match,2020-11-15,3,Stage 3,463D9E22-E524-4ED1-A5E4-0718188800CA,Richard Dillow,62,30.84,5,34.81,Limited,C,FY57446,MAJOR,Super Senior,45.2500,40.0897,1.8053,69.24,21,0,5,0,0,0,0,0,,,
17960905-6e7b-4339-a565-c9350b00b0a1,Wallis Orchard Practical Shooters November 2020 Club Match,2020-11-15,3,Stage 3,463D9E22-E524-4ED1-A5E4-0718188800CA,Jeffrey Polk,63,26.74,27,26.74,Carry Optics,C,TY104167,MINOR,,34.7579,34.7579,1.5652,29.39,20,0,2,0,4,0,0,2,,,
17960905-6e7b-4339-a565-c9350b00b0a1,Wallis Orchard Practical Shooters November 2020 Club Match,2020-11-15,3,Stage 3,463D9E22-E524-4ED1-A5E4-0718188800CA,Kevin Baker,64,25.95,3,42.69,Production,C,A95439,MINOR,,55.5024,33.7341,1.5191,38.84,16,0,6,1,3,0,0,1,,,
17960905-6e7b-4339-a565-c9350b00b0a1,Wallis Orchard Practical Shooters November 2020 Club Match,2020-11-15,3,Stage 3,463D9E22-E524-4ED1-A5E4-0718188800CA,Garrick Gonzalez,65,22.99,28,22.99,Carry Optics,B,A119804,MINOR,,29.8857,29.8857,1.3458,28.98,14,0,6,1,5,0,0,0,,,
17960905-6e7b-4339-a565-c9350b00b0a1,Wallis Orchard Practical Shooters November 2020 Club Match,2020-11-15,3,Stage 3,463D9E22-E524-4ED1-A5E4-0718188800CA,Boyd Nabas,66,22.90,29,22.90,Carry Optics,U,,MINOR,Junior,29.7680,29.7680,1.3405,42.52,16,0,5,2,3,0,1,0,,,
17960905-6e7b-4339-a565-c9350b00b0a1,Wallis Orchard Practical Shooters November 2020 Club Match,2020-11-15,3,Stage 3,463D9E22-E524-4ED1-A5E4-0718188800CA,Wilson Maguigad,67,15.23,14,17.00,Open,D,TY97451,MINOR,Senior,22.1001,19.7972,0.8915,40.38,15,0,7,0,4,0,0,2,,,
17960905-6e7b-4339-a565-c9350b00b0a1,Wallis Orchard Practical Shooters November 2020 Club Match,2020-11-15,3,Stage 3,463D9E22-E524-4ED1-A5E4-0718188800CA,Adrianne Ramos,68,7.72,4,12.70,Production,U,,MINOR,,16.5108,10.0352,0.4519,86.30,13,0,8,0,5,0,0,0,,,
17960905-6e7b-4339-a565-c9350b00b0a1,Wallis Orchard Practical Shooters November 2020 Club Match,2020-11-15,3,Stage 3,463D9E22-E524-4ED1-A5E4-0718188800CA,Jim Havens,69,0.00,30,0.00,Carry Optics,A,A114636,MINOR,,0.0000,0.0000,,,,,×0.34,×0.68,×2.56,,×1.71,,,,22.21
17960905-6e7b-4339-a565-c9350b00b0a1,Wallis Orchard Practical Shooters November 2020 Club Match,2020-11-15,3,Stage 3,463D9E22-E524-4ED1-A5E4-0718188800CA,Norman Oducado,70,0.00,6,0.00,Limited,C,A103491,MINOR,,0.0000,0.0000,,,,,×0.39,×0.77,×2.89,,×1.93,,,,25.07
17960905-6e7b-4339-a565-c9350b00b0a1,Wallis Orchard Practical Shooters November 2020 Club Match,2020-11-15,4,Stage 4,921D54D6-B574-45F2-A317-9A277DFAE686,Bobby Ivester,1,100.00,1,100.00,Open,M,A101336,MAJOR,,60.0000,60.0000,11.1828,4.65,8,,2,2,0,0,0,0,,,
17960905-6e7b-4339-a565-c9350b00b0a1,Wallis Orchard Practical Shooters November 2020 Club Match,2020-11-15,4,Stage 4,921D54D6-B574-45F2-A317-9A277DFAE686,Albert Montanez,2,99.98,2,99.98,Open,M,TY101554,MAJOR,,59.9855,59.9855,11.1801,4.83,6,,6,0,0,0,0,0,,,
17960905-6e7b-4339-a565-c9350b00b0a1,Wallis Orchard Practical Shooters November 2020 Club Match,2020-11-15,4,Stage 4,921D54D6-B574-45F2-A317-9A277DFAE686,Ryan Alicaya,3,98.10,1,100.00,PCC,D,,MINOR,,60.0000,58.8609,10.9705,4.74,8,,4,0,0,0,0,0,,,
17960905-6e7b-4339-a565-c9350b00b0a1,Wallis Orchard Practical Shooters November 2020 Club Match,2020-11-15,4,Stage 4,921D54D6-B574-45F2-A317-9A277DFAE686,Vinh Lam,4,92.75,1,100.00,Limited,A,TY101025,MAJOR,,60.0000,55.6487,10.3718,5.11,5,,7,0,0,0,0,0,,,
17960905-6e7b-4339-a565-c9350b00b0a1,Wallis Orchard Practical Shooters November 2020 Club Match,2020-11-15,4,Stage 4,921D54D6-B574-45F2-A317-9A277DFAE686,Mike Junco,5,91.72,1,100.00,Carry Optics,A,FY34819,MINOR,,60.0000,55.0295,10.2564,5.07,8,,4,0,0,0,0,0,,,
17960905-6e7b-4339-a565-c9350b00b0a1,Wallis Orchard Practical Shooters November 2020 Club Match,2020-11-15,4,Stage 4,921D54D6-B574-45F2-A317-9A277DFAE686,Chris Snow,6,86.39,3,86.39,Open,B,TY107262,MAJOR,,51.8350,51.8350,9.6610,5.90,9,,3,0,0,0,0,0,,,
17960905-6e7b-4339-a565-c9350b00b0a1,Wallis Orchard Practical Shooters November 2020 Club Match,2020-11-15,4,Stage 4,921D54D6-B574-45F2-A317-9A277DFAE686,Rommel Mercado,7,85.02,2,86.67,PCC,B,TY70687,MINOR,,51.9991,51.0119,9.5076,5.89,10,,0,0,0,0,0,0,,,
17960905-6e7b-4339-a565-c9350b00b0a1,Wallis Orchard Practical Shooters November 2020 Club Match,2020-11-15,4,Stage 4,921D54D6-B574-45F2-A317-9A277DFAE686,Paul Felker,8,83.89,2,91.46,Carry Optics,M,TY107123,MINOR,,54.8783,50.3321,9.3809,5.33,8,,3,1,0,0,0,0,,,
17960905-6e7b-4339-a565-c9350b00b0a1,Wallis Orchard Practical Shooters November 2020 Club Match,2020-11-15,4,Stage 4,921D54D6-B574-45F2-A317-9A277DFAE686,Derek Rabuck,9,83.79,4,83.79,Open,U,TY91331,MAJOR,Lady,50.2720,50.2720,9.3697,5.87,7,,5,0,0,0,0,0,,,
17960905-6e7b-4339-a565-c9350b00b0a1,Wallis Orchard Practical Shooters November 2020 Club Match,2020-11-15,4,Stage 4,921D54D6-B574-45F2-A317-9A277DFAE686,Matt Lem,10,82.60,3,90.06,Carry Optics,A,FY34763,MINOR,,54.0359,49.5595,9.2369,4.98,10,,2,0,0,0,1,0,,,
17960905-6e7b-4339-a565-c9350b00b0a1,Wallis Orchard Practical Shooters November 2020 Club Match,2020-11-15,4,Stage 4,921D54D6-B574-45F2-A317-9A277DFAE686,Gary Wu,11,79.79,1,100.00,Production,B,L2998,MINOR,,60.0000,47.8758,8.9231,6.50,11,,1,0,0,0,0,0,,,
17960905-6e7b-4339-a565-c9350b00b0a1,Wallis Orchard Practical Shooters November 2020 Club Match,2020-11-15,4,Stage 4,921D54D6-B574-45F2-A317-9A277DFAE686,Chandler Bassett,12,79.55,4,86.74,Carry Optics,B,TY112550,MINOR,,52.0428,47.7315,8.8962,6.07,9,,3,0,0,0,0,0,,,
17960905-6e7b-4339-a565-c9350b00b0a1,Wallis Orchard Practical Shooters November 2020 Club Match,2020-11-15,4,Stage 4,921D54D6-B574-45F2-A317-9A277DFAE686,Brandon Foss,13,78.80,5,85.92,Carry Optics,A,FY92765,MINOR,,51.5520,47.2814,8.8123,5.22,6,,5,1,0,0,0,0,,,
17960905-6e7b-4339-a565-c9350b00b0a1,Wallis Orchard Practical Shooters November 2020 Club Match,2020-11-15,4,Stage 4,921D54D6-B574-45F2-A317-9A277DFAE686,Wade Pruetz,14,78.70,5,78.70,Open,A,TY79055,MAJOR,,47.2218,47.2218,8.8012,6.59,10,,2,0,0,0,0,0,,,
17960905-6e7b-4339-a565-c9350b00b0a1,Wallis Orchard Practical Shooters November 2020 Club Match,2020-11-15,4,Stage 4,921D54D6-B574-45F2-A317-9A277DFAE686,Duane Mendoza,15,78.20,6,85.27,Carry Optics,B,TY98262,MINOR,,51.1595,46.9213,8.7452,5.26,6,,5,1,0,0,0,0,,,
17960905-6e7b-4339-a565-c9350b00b0a1,Wallis Orchard Practical Shooters November 2020 Club Match,2020-11-15,4,Stage 4,921D54D6-B574-45F2-A317-9A277DFAE686,shangyang huang,16,78.05,7,85.10,Carry Optics,C,A111209,MINOR,,51.0629,46.8328,8.7287,5.27,6,,5,1,0,0,0,0,,,
17960905-6e7b-4339-a565-c9350b00b0a1,Wallis Orchard Practical Shooters November 2020 Club Match,2020-11-15,4,Stage 4,921D54D6-B574-45F2-A317-9A277DFAE686,Austria John,17,77.90,8,84.94,Carry Optics,B,FY82746,MINOR,,50.9617,46.7400,8.7114,5.51,7,,4,1,0,0,0,0,,,
17960905-6e7b-4339-a565-c9350b00b0a1,Wallis Orchard Practical Shooters November 2020 Club Match,2020-11-15,4,Stage 4,921D54D6-B574-45F2-A317-9A277DFAE686,Ross Apffel,18,77.82,1,100.00,Single Stack,A,L4428,MAJOR,,60.0000,46.6901,8.7021,6.78,11,,1,0,0,0,0,0,,,
17960905-6e7b-4339-a565-c9350b00b0a1,Wallis Orchard Practical Shooters November 2020 Club Match,2020-11-15,4,Stage 4,921D54D6-B574-45F2-A317-9A277DFAE686,Garrick Gonzalez,19,77.37,9,84.36,Carry Optics,B,A119804,MINOR,,50.6154,46.4224,8.6522,6.01,8,,4,0,0,0,0,0,,,
17960905-6e7b-4339-a565-c9350b00b0a1,Wallis Orchard Practical Shooters November 2020 Club Match,2020-11-15,4,Stage 4,921D54D6-B574-45F2-A317-9A277DFAE686,Ridong Wen,20,77.11,10,84.08,Carry Optics,U,A99651,MINOR,,50.4475,46.2684,8.6235,6.03,9,,2,1,0,0,0,0,,,
17960905-6e7b-4339-a565-c9350b00b0a1,Wallis Orchard Practical Shooters November 2020 Club Match,2020-11-15,4,Stage 4,921D54D6-B574-45F2-A317-9A277DFAE686,Mike Mansilla,21,73.50,2,79.25,Limited,A,A42337,MAJOR,,47.5474,44.0992,8.2192,6.57,6,,6,0,0,0,0,0,,,
17960905-6e7b-4339-a565-c9350b00b0a1,Wallis Orchard Practical Shooters November 2020 Club Match,2020-11-15,4,Stage 4,921D54D6-B574-45F2-A317-9A277DFAE686,Waldo Samano,22,72.46,11,79.00,Carry Optics,A,TY87973,MINOR,,47.4014,43.4746,8.1028,5.06,9,,2,0,1,0,0,0,,,
17960905-6e7b-4339-a565-c9350b00b0a1,Wallis Orchard Practical Shooters November 2020 Club Match,2020-11-15,4,Stage 4,921D54D6-B574-45F2-A317-9A277DFAE686,Mitchell Ivey,23,71.41,12,77.86,Carry Optics,C,A116953,MINOR,,46.7187,42.8485,7.9861,5.76,6,,5,1,0,0,0,0,,,
17960905-6e7b-4339-a565-c9350b00b0a1,Wallis Orchard Practical Shooters November 2020 Club Match,2020-11-15,4,Stage 4,921D54D6-B574-45F2-A317-9A277DFAE686,James Tonkinson,24,70.97,13,77.38,Carry Optics,B,A123944,MINOR,,46.4286,42.5824,7.9365,6.30,7,,5,0,0,0,0,0,,,
17960905-6e7b-4339-a565-c9350b00b0a1,Wallis Orchard Practical Shooters November 2020 Club Match,2020-11-15,4,Stage 4,921D54D6-B574-45F2-A317-9A277DFAE686,Matthew Gonzalez,25,70.25,14,76.60,Carry Optics,D,A119810,MINOR,,45.9576,42.1504,7.8560,6.11,7,,4,1,0,0,0,0,,,
17960905-6e7b-4339-a565-c9350b00b0a1,Wallis Orchard Practical Shooters November 2020 Club Match,2020-11-15,4,Stage 4,921D54D6-B574-45F2-A317-9A277DFAE686,Jeffrey Polk,26,70.08,15,76.41,Carry Optics,C,TY104167,MINOR,,45.8488,42.0506,7.8374,6.89,9,,3,0,0,0,0,0,,,
17960905-6e7b-4339-a565-c9350b00b0a1,Wallis Orchard Practical Shooters November 2020 Club Match,2020-11-15,4,Stage 4,921D54D6-B574-45F2-A317-9A277DFAE686,Andrew Whitley,27,69.74,6,69.74,Open,B,TY106649,MAJOR,,41.8446,41.8446,7.7990,5.77,7,,5,0,0,0,1,0,,,
17960905-6e7b-4339-a565-c9350b00b0a1,Wallis Orchard Practical Shooters November 2020 Club Match,2020-11-15,4,Stage 4,921D54D6-B574-45F2-A317-9A277DFAE686,Tim Yang,28,67.78,16,73.91,Carry Optics,B,A123783,MINOR,,44.3442,40.6707,7.5802,6.86,8,,4,0,0,0,0,0,,,
17960905-6e7b-4339-a565-c9350b00b0a1,Wallis Orchard Practical Shooters November 2020 Club Match,2020-11-15,4,Stage 4,921D54D6-B574-45F2-A317-9A277DFAE686,Kim Tran,29,66.29,7,66.29,Open,B,TY99963,MAJOR,Lady,39.7714,39.7714,7.4126,7.15,7,,4,1,0,0,0,0,,,
17960905-6e7b-4339-a565-c9350b00b0a1,Wallis Orchard Practical Shooters November 2020 Club Match,2020-11-15,4,Stage 4,921D54D6-B574-45F2-A317-9A277DFAE686,Pat Byrne,30,64.90,2,83.41,Single Stack,B,FY93921,MAJOR,Super Senior,50.0438,38.9425,7.2581,7.44,6,,6,0,0,0,0,0,,,
17960905-6e7b-4339-a565-c9350b00b0a1,Wallis Orchard Practical Shooters November 2020 Club Match,2020-11-15,4,Stage 4,921D54D6-B574-45F2-A317-9A277DFAE686,Jon Marino,31,62.72,8,62.72,Open,B,A93310,MINOR,,37.6349,37.6349,7.0144,5.56,8,,3,0,1,0,0,0,,,
17960905-6e7b-4339-a565-c9350b00b0a1,Wallis Orchard Practical Shooters November 2020 Club Match,2020-11-15,4,Stage 4,921D54D6-B574-45F2-A317-9A277DFAE686,randy callison,32,62.50,3,63.71,PCC,A,A14418,MINOR,Senior,38.2254,37.4997,6.9892,5.58,8,,3,0,1,0,0,0,,,
17960905-6e7b-4339-a565-c9350b00b0a1,Wallis Orchard Practical Shooters November 2020 Club Match,2020-11-15,4,Stage 4,921D54D6-B574-45F2-A317-9A277DFAE686,Bill Kinstley,33,59.62,3,64.28,Limited,B,A104836,MAJOR,,38.5663,35.7694,6.6667,8.40,8,,2,0,0,0,0,0,,,
17960905-6e7b-4339-a565-c9350b00b0a1,Wallis Orchard Practical Shooters November 2020 Club Match,2020-11-15,4,Stage 4,921D54D6-B574-45F2-A317-9A277DFAE686,Jason Wilson,34,59.46,1,100.00,Limited 10,U,A94696,MAJOR,,60.0000,35.6739,6.6489,7.52,4,,7,1,0,0,0,0,,,
17960905-6e7b-4339-a565-c9350b00b0a1,Wallis Orchard Practical Shooters November 2020 Club Match,2020-11-15,4,Stage 4,921D54D6-B574-45F2-A317-9A277DFAE686,Chev Jacot,35,59.30,9,59.30,Open,B,A72378,MAJOR,,35.5821,35.5821,6.6318,5.73,8,,1,2,1,0,0,0,,,
17960905-6e7b-4339-a565-c9350b00b0a1,Wallis Orchard Practical Shooters November 2020 Club Match,2020-11-15,4,Stage 4,921D54D6-B574-45F2-A317-9A277DFAE686,Ralph Migrino,36,59.26,17,64.62,Carry Optics,U,,MINOR,Military,38.7692,35.5575,6.6272,8.45,10,,2,0,0,0,0,0,,,
17960905-6e7b-4339-a565-c9350b00b0a1,Wallis Orchard Practical Shooters November 2020 Club Match,2020-11-15,4,Stage 4,921D54D6-B574-45F2-A317-9A277DFAE686,Kevin Baker,37,58.68,2,73.54,Production,C,A95439,MINOR,,44.1217,35.2060,6.5617,7.62,7,,5,0,0,0,0,0,,,
17960905-6e7b-4339-a565-c9350b00b0a1,Wallis Orchard Practical Shooters November 2020 Club Match,2020-11-15,4,Stage 4,921D54D6-B574-45F2-A317-9A277DFAE686,Mick Sambasile,38,57.72,10,57.72,Open,C,TY47665,MAJOR,Super Senior,34.6341,34.6341,6.4551,9.14,11,,1,0,0,0,0,0,,,
17960905-6e7b-4339-a565-c9350b00b0a1,Wallis Orchard Practical Shooters November 2020 Club Match,2020-11-15,4,Stage 4,921D54D6-B574-45F2-A317-9A277DFAE686,Chris Nagala,39,57.30,18,62.47,Carry Optics,C,TY97712,MINOR,,37.4827,34.3776,6.4073,8.74,10,,2,0,0,0,0,0,,,
17960905-6e7b-4339-a565-c9350b00b0a1,Wallis Orchard Practical Shooters November 2020 Club Match,2020-11-15,4,Stage 4,921D54D6-B574-45F2-A317-9A277DFAE686,CHAN WILLIAM,40,57.14,19,62.30,Carry Optics,C,,MINOR,,37.3804,34.2837,6.3898,6.26,4,,6,2,0,0,0,0,,,
17960905-6e7b-4339-a565-c9350b00b0a1,Wallis Orchard Practical Shooters November 2020 Club Match,2020-11-15,4,Stage 4,921D54D6-B574-45F2-A317-9A277DFAE686,Ashley Sullivan,41,54.45,2,91.58,Limited 10,C,TY92392,MAJOR,Lady,54.9456,32.6687,6.0888,9.69,11,,1,0,0,0,0,0,,,
17960905-6e7b-4339-a565-c9350b00b0a1,Wallis Orchard Practical Shooters November 2020 Club Match,2020-11-15,4,Stage 4,921D54D6-B574-45F2-A317-9A277DFAE686,Rolan Ocampo,42,53.01,3,68.12,Single Stack,,,MINOR,,40.8743,31.8071,5.9282,6.41,6,,6,0,0,0,1,0,,,
17960905-6e7b-4339-a565-c9350b00b0a1,Wallis Orchard Practical Shooters November 2020 Club Match,2020-11-15,4,Stage 4,921D54D6-B574-45F2-A317-9A277DFAE686,Antonio Tormis,43,51.27,20,55.91,Carry Optics,C,A124958,MINOR,,33.5433,30.7646,5.7339,8.72,7,,5,0,0,0,0,0,,,
17960905-6e7b-4339-a565-c9350b00b0a1,Wallis Orchard Practical Shooters November 2020 Club Match,2020-11-15,4,Stage 4,921D54D6-B574-45F2-A317-9A277DFAE686,Boyd Nabas,44,50.50,21,55.06,Carry Optics,U,,MINOR,Junior,33.0356,30.2989,5.6471,8.50,7,,4,1,0,0,0,0,,,
17960905-6e7b-4339-a565-c9350b00b0a1,Wallis Orchard Practical Shooters November 2020 Club Match,2020-11-15,4,Stage 4,921D54D6-B574-45F2-A317-9A277DFAE686,Jon Baguio,45,50.44,22,55.00,Carry Optics,C,,MINOR,,32.9999,30.2661,5.6410,5.85,5,,6,0,1,0,0,0,,,
17960905-6e7b-4339-a565-c9350b00b0a1,Wallis Orchard Practical Shooters November 2020 Club Match,2020-11-15,4,Stage 4,921D54D6-B574-45F2-A317-9A277DFAE686,Michael Whitley,46,49.87,11,49.87,Open,B,A111091,MAJOR,,29.9222,29.9222,5.5769,5.20,7,,3,1,1,0,1,0,,,
17960905-6e7b-4339-a565-c9350b00b0a1,Wallis Orchard Practical Shooters November 2020 Club Match,2020-11-15,4,Stage 4,921D54D6-B574-45F2-A317-9A277DFAE686,Eric Wu,47,49.39,3,61.90,Production,C,,MINOR,,37.1414,29.6362,5.5236,8.69,6,,6,0,0,0,0,0,,,
17960905-6e7b-4339-a565-c9350b00b0a1,Wallis Orchard Practical Shooters November 2020 Club Match,2020-11-15,4,Stage 4,921D54D6-B574-45F2-A317-9A277DFAE686,Gary Brisco,48,49.24,4,50.19,PCC,D,FY73704,MINOR,Senior,30.1157,29.5439,5.5064,10.17,10,,2,0,0,0,0,0,,,
17960905-6e7b-4339-a565-c9350b00b0a1,Wallis Orchard Practical Shooters November 2020 Club Match,2020-11-15,4,Stage 4,921D54D6-B574-45F2-A317-9A277DFAE686,Jerry Bedro,49,48.55,5,49.49,PCC,B,A98263,MINOR,,29.6929,29.1292,5.4291,5.71,9,,2,0,1,0,1,0,,,
17960905-6e7b-4339-a565-c9350b00b0a1,Wallis Orchard Practical Shooters November 2020 Club Match,2020-11-15,4,Stage 4,921D54D6-B574-45F2-A317-9A277DFAE686,Benjamin Michael,50,48.19,4,61.93,Single Stack,C,A115982,MAJOR,,37.1579,28.9151,5.3892,10.02,6,,6,0,0,0,0,0,,,
17960905-6e7b-4339-a565-c9350b00b0a1,Wallis Orchard Practical Shooters November 2020 Club Match,2020-11-15,4,Stage 4,921D54D6-B574-45F2-A317-9A277DFAE686,Dale Hamm,51,48.02,5,61.71,Single Stack,D,TY97196,MAJOR,Senior,37.0242,28.8110,5.3698,9.87,7,,4,1,0,0,0,0,,,
17960905-6e7b-4339-a565-c9350b00b0a1,Wallis Orchard Practical Shooters November 2020 Club Match,2020-11-15,4,Stage 4,921D54D6-B574-45F2-A317-9A277DFAE686,Marlon Poralan,52,47.49,6,48.41,PCC,U,TY76330,MINOR,Law Enforcement,29.0464,28.4950,5.3109,7.72,9,,2,0,1,0,0,0,,,
17960905-6e7b-4339-a565-c9350b00b0a1,Wallis Orchard Practical Shooters November 2020 Club Match,2020-11-15,4,Stage 4,921D54D6-B574-45F2-A317-9A277DFAE686,Roman Gwiscz,53,44.07,23,48.05,Carry Optics,A,L4670,MINOR,,28.8318,26.4433,4.9285,6.29,4,,7,0,1,0,0,0,,,
17960905-6e7b-4339-a565-c9350b00b0a1,Wallis Orchard Practical Shooters November 2020 Club Match,2020-11-15,4,Stage 4,921D54D6-B574-45F2-A317-9A277DFAE686,Wilson Maguigad,54,43.50,12,43.50,Open,D,TY97451,MINOR,Senior,26.0994,26.0994,4.8644,10.69,8,,4,0,0,0,0,0,,,
17960905-6e7b-4339-a565-c9350b00b0a1,Wallis Orchard Practical Shooters November 2020 Club Match,2020-11-15,4,Stage 4,921D54D6-B574-45F2-A317-9A277DFAE686,Angela Rabuck,55,43.50,24,47.43,Carry Optics,U,TY91275,MINOR,Lady,28.4568,26.0994,4.8644,10.69,8,,4,0,0,0,0,0,,,
17960905-6e7b-4339-a565-c9350b00b0a1,Wallis Orchard Practical Shooters November 2020 Club Match,2020-11-15,4,Stage 4,921D54D6-B574-45F2-A317-9A277DFAE686,Nicholas Hauser,56,42.58,25,46.43,Carry Optics,C,A127395,MINOR,,27.8571,25.5494,4.7619,4.83,6,,4,1,1,0,0,1,,,
17960905-6e7b-4339-a565-c9350b00b0a1,Wallis Orchard Practical Shooters November 2020 Club Match,2020-11-15,4,Stage 4,921D54D6-B574-45F2-A317-9A277DFAE686,Justin Corona,57,42.58,13,42.58,Open,B,L4452,MAJOR,,25.5494,25.5494,4.7619,5.25,5,,4,2,1,0,1,0,,,
17960905-6e7b-4339-a565-c9350b00b0a1,Wallis Orchard Practical Shooters November 2020 Club Match,2020-11-15,4,Stage 4,921D54D6-B574-45F2-A317-9A277DFAE686,Eric Mccampbell,58,41.76,7,42.57,PCC,C,A14332,MINOR,Senior,25.5396,25.0547,4.6697,8.78,9,,2,0,1,0,0,0,,,
17960905-6e7b-4339-a565-c9350b00b0a1,Wallis Orchard Practical Shooters November 2020 Club Match,2020-11-15,4,Stage 4,921D54D6-B574-45F2-A317-9A277DFAE686,Steven McNamara,59,41.24,14,41.24,Open,B,A75212,MAJOR,Senior,24.7462,24.7462,4.6122,9.54,6,,6,0,0,0,1,0,,,
17960905-6e7b-4339-a565-c9350b00b0a1,Wallis Orchard Practical Shooters November 2020 Club Match,2020-11-15,4,Stage 4,921D54D6-B574-45F2-A317-9A277DFAE686,Richard Dillow,60,39.99,4,43.11,Limited,C,FY57446,MAJOR,Super Senior,25.8673,23.9913,4.4715,9.84,10,,1,0,1,0,0,0,,,
17960905-6e7b-4339-a565-c9350b00b0a1,Wallis Orchard Practical Shooters November 2020 Club Match,2020-11-15,4,Stage 4,921D54D6-B574-45F2-A317-9A277DFAE686,Daniel Duong,61,39.50,26,43.07,Carry Optics,B,A112386,MINOR,,25.8395,23.6989,4.4170,5.66,6,,5,0,1,0,1,0,,,
17960905-6e7b-4339-a565-c9350b00b0a1,Wallis Orchard Practical Shooters November 2020 Club Match,2020-11-15,4,Stage 4,921D54D6-B574-45F2-A317-9A277DFAE686,Mengyu Yue,62,39.27,8,40.03,PCC,U,TY109190,MINOR,,24.0180,23.5621,4.3915,7.97,11,,0,0,1,0,1,0,,,
17960905-6e7b-4339-a565-c9350b00b0a1,Wallis Orchard Practical Shooters November 2020 Club Match,2020-11-15,4,Stage 4,921D54D6-B574-45F2-A317-9A277DFAE686,Emman Alcoseba,63,30.46,5,32.84,Limited,C,TY67519,MAJOR,Senior,19.7063,18.2772,3.4065,17.32,11,,1,0,0,0,0,0,,,
17960905-6e7b-4339-a565-c9350b00b0a1,Wallis Orchard Practical Shooters November 2020 Club Match,2020-11-15,4,Stage 4,921D54D6-B574-45F2-A317-9A277DFAE686,Billy Banks,64,28.75,27,31.35,Carry Optics,U,A49856,MINOR,Law Enforcement,18.8084,17.2502,3.2151,9.02,8,,3,0,1,0,1,0,,,
17960905-6e7b-4339-a565-c9350b00b0a1,Wallis Orchard Practical Shooters November 2020 Club Match,2020-11-15,4,Stage 4,921D54D6-B574-45F2-A317-9A277DFAE686,Jun Wu,65,27.53,28,30.02,Carry Optics,U,,MINOR,,18.0098,16.5179,3.0786,18.84,11,,0,0,0,0,0,0,,,
17960905-6e7b-4339-a565-c9350b00b0a1,Wallis Orchard Practical Shooters November 2020 Club Match,2020-11-15,4,Stage 4,921D54D6-B574-45F2-A317-9A277DFAE686,Glenn Cunningham,66,25.82,9,26.32,PCC,C,A78280,MINOR,Super Senior,15.7896,15.4899,2.8870,20.09,11,,1,0,0,0,0,0,,,
17960905-6e7b-4339-a565-c9350b00b0a1,Wallis Orchard Practical Shooters November 2020 Club Match,2020-11-15,4,Stage 4,921D54D6-B574-45F2-A317-9A277DFAE686,Jim Havens,67,0.00,29,0.00,Carry Optics,A,A114636,MINOR,,0.0000,0.0000,,,,,×0.20,×0.39,×1.46,,×0.98,,,,5.85
17960905-6e7b-4339-a565-c9350b00b0a1,Wallis Orchard Practical Shooters November 2020 Club Match,2020-11-15,4,Stage 4,921D54D6-B574-45F2-A317-9A277DFAE686,Norman Oducado,68,0.00,6,0.00,Limited,C,A103491,MINOR,,0.0000,0.0000,,,,,×0.19,×0.39,×1.45,,×0.96,,,,5.78
17960905-6e7b-4339-a565-c9350b00b0a1,Wallis Orchard Practical Shooters November 2020 Club Match,2020-11-15,4,Stage 4,921D54D6-B574-45F2-A317-9A277DFAE686,Pete Kirchner,69,0.00,30,0.00,Carry Optics,A,TY105743,MINOR,,0.0000,0.0000,0.0000,5.09,3,,2,4,3,0,0,0,,,
17960905-6e7b-4339-a565-c9350b00b0a1,Wallis Orchard Practical Shooters November 2020 Club Match,2020-11-15,4,Stage 4,921D54D6-B574-45F2-A317-9A277DFAE686,Adrianne Ramos,70,0.00,4,0.00,Production,U,,MINOR,,0.0000,0.0000,0.0000,9.16,4,,2,1,5,0,0,0,,,
17960905-6e7b-4339-a565-c9350b00b0a1,Wallis Orchard Practical Shooters November 2020 Club Match,2020-11-15,5,Stage 5,3B3F6B78-1ADF-4CBA-B57E-513469865C44,Wade Pruetz,1,100.00,1,100.00,Open,A,TY79055,MAJOR,,140.0000,140.0000,7.6880,17.82,25,0,3,0,0,0,0,0,,,
17960905-6e7b-4339-a565-c9350b00b0a1,Wallis Orchard Practical Shooters November 2020 Club Match,2020-11-15,5,Stage 5,3B3F6B78-1ADF-4CBA-B57E-513469865C44,Bobby Ivester,2,99.27,2,99.27,Open,M,A101336,MAJOR,,138.9784,138.9784,7.6319,17.82,24,0,4,0,0,0,0,0,,,
17960905-6e7b-4339-a565-c9350b00b0a1,Wallis Orchard Practical Shooters November 2020 Club Match,2020-11-15,5,Stage 5,3B3F6B78-1ADF-4CBA-B57E-513469865C44,Vinh Lam,3,92.86,1,100.00,Limited,A,TY101025,MAJOR,,140.0000,130.0026,7.1390,18.63,21,0,7,0,0,0,0,0,,,
17960905-6e7b-4339-a565-c9350b00b0a1,Wallis Orchard Practical Shooters November 2020 Club Match,2020-11-15,5,Stage 5,3B3F6B78-1ADF-4CBA-B57E-513469865C44,Justin Corona,4,89.87,3,89.87,Open,B,L4452,MAJOR,,125.8197,125.8197,6.9093,18.96,23,0,3,2,0,0,0,0,,,
17960905-6e7b-4339-a565-c9350b00b0a1,Wallis Orchard Practical Shooters November 2020 Club Match,2020-11-15,5,Stage 5,3B3F6B78-1ADF-4CBA-B57E-513469865C44,Waldo Samano,5,87.08,1,100.00,Carry Optics,A,TY87973,MINOR,,140.0000,121.9100,6.6946,19.12,22,0,6,0,0,0,0,0,,,
17960905-6e7b-4339-a565-c9350b00b0a1,Wallis Orchard Practical Shooters November 2020 Club Match,2020-11-15,5,Stage 5,3B3F6B78-1ADF-4CBA-B57E-513469865C44,Chris Snow,6,86.47,4,86.47,Open,B,TY107262,MAJOR,,121.0523,121.0523,6.6475,20.91,27,0,1,0,0,0,0,0,,,
17960905-6e7b-4339-a565-c9350b00b0a1,Wallis Orchard Practical Shooters November 2020 Club Match,2020-11-15,5,Stage 5,3B3F6B78-1ADF-4CBA-B57E-513469865C44,Albert Montanez,7,86.30,5,86.30,Open,M,TY101554,MAJOR,,120.8174,120.8174,6.6346,18.69,22,0,6,0,0,0,1,0,,,
17960905-6e7b-4339-a565-c9350b00b0a1,Wallis Orchard Practical Shooters November 2020 Club Match,2020-11-15,5,Stage 5,3B3F6B78-1ADF-4CBA-B57E-513469865C44,Brandon Foss,8,85.31,2,97.97,Carry Optics,A,FY92765,MINOR,,137.1643,119.4407,6.5590,20.43,25,0,3,0,0,0,0,0,,,
17960905-6e7b-4339-a565-c9350b00b0a1,Wallis Orchard Practical Shooters November 2020 Club Match,2020-11-15,5,Stage 5,3B3F6B78-1ADF-4CBA-B57E-513469865C44,Jerry Bedro,9,85.00,1,100.00,PCC,B,A98263,MINOR,,140.0000,118.9982,6.5347,20.20,24,0,4,0,0,0,0,0,,,
17960905-6e7b-4339-a565-c9350b00b0a1,Wallis Orchard Practical Shooters November 2020 Club Match,2020-11-15,5,Stage 5,3B3F6B78-1ADF-4CBA-B57E-513469865C44,Ryan Alicaya,10,84.45,2,99.36,PCC,D,,MINOR,,139.1045,118.2370,6.4929,20.33,24,0,4,0,0,0,0,0,,,
17960905-6e7b-4339-a565-c9350b00b0a1,Wallis Orchard Practical Shooters November 2020 Club Match,2020-11-15,5,Stage 5,3B3F6B78-1ADF-4CBA-B57E-513469865C44,Chandler Bassett,11,82.47,3,94.70,Carry Optics,B,TY112550,MINOR,,132.5866,115.4545,6.3401,20.82,24,0,4,0,0,0,0,0,,,
17960905-6e7b-4339-a565-c9350b00b0a1,Wallis Orchard Practical Shooters November 2020 Club Match,2020-11-15,5,Stage 5,3B3F6B78-1ADF-4CBA-B57E-513469865C44,Paul Felker,12,81.74,4,93.87,Carry Optics,M,TY107123,MINOR,,131.4197,114.4383,6.2843,20.05,22,0,5,1,0,0,0,0,,,
17960905-6e7b-4339-a565-c9350b00b0a1,Wallis Orchard Practical Shooters November 2020 Club Match,2020-11-15,5,Stage 5,3B3F6B78-1ADF-4CBA-B57E-513469865C44,Mike Junco,13,80.44,5,92.38,Carry Optics,A,FY34819,MINOR,,129.3347,112.6228,6.1846,21.99,26,0,2,0,0,0,0,0,,,
17960905-6e7b-4339-a565-c9350b00b0a1,Wallis Orchard Practical Shooters November 2020 Club Match,2020-11-15,5,Stage 5,3B3F6B78-1ADF-4CBA-B57E-513469865C44,Andrew Whitley,14,79.87,6,79.87,Open,B,TY106649,MAJOR,,111.8234,111.8234,6.1407,22.31,25,0,3,0,0,0,0,0,,,
17960905-6e7b-4339-a565-c9350b00b0a1,Wallis Orchard Practical Shooters November 2020 Club Match,2020-11-15,5,Stage 5,3B3F6B78-1ADF-4CBA-B57E-513469865C44,Steven McNamara,15,79.53,7,79.53,Open,B,A75212,MAJOR,Senior,111.3390,111.3390,6.1141,22.08,23,0,5,0,0,0,0,0,,,
17960905-6e7b-4339-a565-c9350b00b0a1,Wallis Orchard Practical Shooters November 2020 Club Match,2020-11-15,5,Stage 5,3B3F6B78-1ADF-4CBA-B57E-513469865C44,shangyang huang,16,78.72,6,90.40,Carry Optics,C,A111209,MINOR,,126.5554,110.2027,6.0517,20.49,21,0,6,1,0,0,0,0,,,
17960905-6e7b-4339-a565-c9350b00b0a1,Wallis Orchard Practical Shooters November 2020 Club Match,2020-11-15,5,Stage 5,3B3F6B78-1ADF-4CBA-B57E-513469865C44,Rolan Ocampo,17,78.61,1,100.00,Single Stack,,,MINOR,,140.0000,110.0515,6.0434,21.18,22,0,6,0,0,0,0,0,,,
17960905-6e7b-4339-a565-c9350b00b0a1,Wallis Orchard Practical Shooters November 2020 Club Match,2020-11-15,5,Stage 5,3B3F6B78-1ADF-4CBA-B57E-513469865C44,CHAN WILLIAM,18,78.30,7,89.91,Carry Optics,C,,MINOR,,125.8800,109.6145,6.0194,20.60,20,0,8,0,0,0,0,0,,,
17960905-6e7b-4339-a565-c9350b00b0a1,Wallis Orchard Practical Shooters November 2020 Club Match,2020-11-15,5,Stage 5,3B3F6B78-1ADF-4CBA-B57E-513469865C44,Derek Rabuck,19,78.29,8,78.29,Open,U,TY91331,MAJOR,Lady,109.6126,109.6126,6.0193,22.76,25,0,3,0,0,0,0,0,,,
17960905-6e7b-4339-a565-c9350b00b0a1,Wallis Orchard Practical Shooters November 2020 Club Match,2020-11-15,5,Stage 5,3B3F6B78-1ADF-4CBA-B57E-513469865C44,Chev Jacot,20,78.15,9,78.15,Open,B,A72378,MAJOR,,109.4142,109.4142,6.0084,21.47,19,0,8,1,0,0,0,0,,,
17960905-6e7b-4339-a565-c9350b00b0a1,Wallis Orchard Practical Shooters November 2020 Club Match,2020-11-15,5,Stage 5,3B3F6B78-1ADF-4CBA-B57E-513469865C44,Jon Marino,21,77.69,10,77.69,Open,B,A93310,MINOR,,108.7677,108.7677,5.9729,21.43,23,0,4,1,0,0,0,0,,,
17960905-6e7b-4339-a565-c9350b00b0a1,Wallis Orchard Practical Shooters November 2020 Club Match,2020-11-15,5,Stage 5,3B3F6B78-1ADF-4CBA-B57E-513469865C44,Roman Gwiscz,22,76.68,8,88.06,Carry Optics,A,L4670,MINOR,,123.2847,107.3546,5.8953,22.73,25,0,3,0,0,0,0,0,,,
17960905-6e7b-4339-a565-c9350b00b0a1,Wallis Orchard Practical Shooters November 2020 Club Match,2020-11-15,5,Stage 5,3B3F6B78-1ADF-4CBA-B57E-513469865C44,Ridong Wen,23,75.58,9,86.79,Carry Optics,U,A99651,MINOR,,121.5072,105.8067,5.8103,22.03,22,0,6,0,0,0,0,0,,,
17960905-6e7b-4339-a565-c9350b00b0a1,Wallis Orchard Practical Shooters November 2020 Club Match,2020-11-15,5,Stage 5,3B3F6B78-1ADF-4CBA-B57E-513469865C44,Rommel Mercado,24,73.41,3,86.37,PCC,B,TY70687,MINOR,,120.9176,102.7784,5.6440,20.73,23,0,4,0,1,0,0,0,,,
17960905-6e7b-4339-a565-c9350b00b0a1,Wallis Orchard Practical Shooters November 2020 Club Match,2020-11-15,5,Stage 5,3B3F6B78-1ADF-4CBA-B57E-513469865C44,Mike Mansilla,25,72.60,2,78.18,Limited,A,A42337,MAJOR,,109.4545,101.6384,5.5814,23.65,20,0,8,0,0,0,0,0,,,
17960905-6e7b-4339-a565-c9350b00b0a1,Wallis Orchard Practical Shooters November 2020 Club Match,2020-11-15,5,Stage 5,3B3F6B78-1ADF-4CBA-B57E-513469865C44,Michael Whitley,26,72.20,11,72.20,Open,B,A111091,MAJOR,,101.0775,101.0775,5.5506,22.34,22,0,6,0,0,0,1,0,,,
17960905-6e7b-4339-a565-c9350b00b0a1,Wallis Orchard Practical Shooters November 2020 Club Match,2020-11-15,5,Stage 5,3B3F6B78-1ADF-4CBA-B57E-513469865C44,Matt Lem,27,69.64,10,79.97,Carry Optics,A,FY34763,MINOR,,111.9607,97.4938,5.3538,21.48,22,0,5,0,1,0,0,0,,,
17960905-6e7b-4339-a565-c9350b00b0a1,Wallis Orchard Practical Shooters November 2020 Club Match,2020-11-15,5,Stage 5,3B3F6B78-1ADF-4CBA-B57E-513469865C44,Eric Mccampbell,28,69.51,4,81.78,PCC,C,A14332,MINOR,Senior,114.4925,97.3171,5.3441,24.70,24,0,4,0,0,0,0,0,,,
17960905-6e7b-4339-a565-c9350b00b0a1,Wallis Orchard Practical Shooters November 2020 Club Match,2020-11-15,5,Stage 5,3B3F6B78-1ADF-4CBA-B57E-513469865C44,Nicholas Hauser,29,69.02,11,79.26,Carry Optics,C,A127395,MINOR,,110.9590,96.6215,5.3059,23.37,21,0,6,1,0,0,0,0,,,
17960905-6e7b-4339-a565-c9350b00b0a1,Wallis Orchard Practical Shooters November 2020 Club Match,2020-11-15,5,Stage 5,3B3F6B78-1ADF-4CBA-B57E-513469865C44,Duane Mendoza,30,68.61,12,78.79,Carry Optics,B,TY98262,MINOR,,110.3002,96.0479,5.2744,23.51,25,0,3,0,0,0,1,0,,,
17960905-6e7b-4339-a565-c9350b00b0a1,Wallis Orchard Practical Shooters November 2020 Club Match,2020-11-15,5,Stage 5,3B3F6B78-1ADF-4CBA-B57E-513469865C44,Jon Baguio,31,67.91,13,77.99,Carry Optics,C,,MINOR,,109.1877,95.0791,5.2212,22.60,22,0,6,0,0,0,1,0,,,
17960905-6e7b-4339-a565-c9350b00b0a1,Wallis Orchard Practical Shooters November 2020 Club Match,2020-11-15,5,Stage 5,3B3F6B78-1ADF-4CBA-B57E-513469865C44,Pete Kirchner,32,67.49,14,77.51,Carry Optics,A,TY105743,MINOR,,108.5081,94.4873,5.1887,23.32,25,0,2,0,1,0,0,0,,,
17960905-6e7b-4339-a565-c9350b00b0a1,Wallis Orchard Practical Shooters November 2020 Club Match,2020-11-15,5,Stage 5,3B3F6B78-1ADF-4CBA-B57E-513469865C44,Daniel Duong,33,67.42,15,77.42,Carry Optics,B,A112386,MINOR,,108.3868,94.3816,5.1829,26.24,26,0,2,0,0,0,0,0,,,
17960905-6e7b-4339-a565-c9350b00b0a1,Wallis Orchard Practical Shooters November 2020 Club Match,2020-11-15,5,Stage 5,3B3F6B78-1ADF-4CBA-B57E-513469865C44,Austria John,34,66.75,16,76.65,Carry Optics,B,FY82746,MINOR,,107.3119,93.4456,5.1315,23.19,24,0,3,0,1,0,0,0,,,
17960905-6e7b-4339-a565-c9350b00b0a1,Wallis Orchard Practical Shooters November 2020 Club Match,2020-11-15,5,Stage 5,3B3F6B78-1ADF-4CBA-B57E-513469865C44,Jim Havens,35,65.70,17,75.45,Carry Optics,A,A114636,MINOR,,105.6284,91.9797,5.0510,21.58,24,0,3,0,1,0,1,0,,,
17960905-6e7b-4339-a565-c9350b00b0a1,Wallis Orchard Practical Shooters November 2020 Club Match,2020-11-15,5,Stage 5,3B3F6B78-1ADF-4CBA-B57E-513469865C44,Bill Kinstley,36,65.16,3,70.17,Limited,B,A104836,MAJOR,,98.2412,91.2258,5.0096,25.95,20,0,7,1,0,0,0,0,,,
17960905-6e7b-4339-a565-c9350b00b0a1,Wallis Orchard Practical Shooters November 2020 Club Match,2020-11-15,5,Stage 5,3B3F6B78-1ADF-4CBA-B57E-513469865C44,Ralph Migrino,37,65.06,18,74.72,Carry Optics,U,,MINOR,Military,104.6058,91.0892,5.0021,24.19,25,0,2,0,1,0,0,0,,,
17960905-6e7b-4339-a565-c9350b00b0a1,Wallis Orchard Practical Shooters November 2020 Club Match,2020-11-15,5,Stage 5,3B3F6B78-1ADF-4CBA-B57E-513469865C44,Matthew Gonzalez,38,64.57,19,74.15,Carry Optics,D,A119810,MINOR,,103.8090,90.3954,4.9640,24.98,21,0,6,1,0,0,0,0,,,
17960905-6e7b-4339-a565-c9350b00b0a1,Wallis Orchard Practical Shooters November 2020 Club Match,2020-11-15,5,Stage 5,3B3F6B78-1ADF-4CBA-B57E-513469865C44,Antonio Tormis,39,63.21,20,72.59,Carry Optics,C,A124958,MINOR,,101.6237,88.4925,4.8595,26.34,22,0,6,0,0,0,0,0,,,
17960905-6e7b-4339-a565-c9350b00b0a1,Wallis Orchard Practical Shooters November 2020 Club Match,2020-11-15,5,Stage 5,3B3F6B78-1ADF-4CBA-B57E-513469865C44,Jeffrey Polk,40,60.53,21,69.52,Carry Optics,C,TY104167,MINOR,,97.3220,84.7466,4.6538,26.86,27,0,0,0,1,0,0,0,,,
17960905-6e7b-4339-a565-c9350b00b0a1,Wallis Orchard Practical Shooters November 2020 Club Match,2020-11-15,5,Stage 5,3B3F6B78-1ADF-4CBA-B57E-513469865C44,Pat Byrne,41,60.17,2,76.55,Single Stack,B,FY93921,MAJOR,Super Senior,107.1672,84.2422,4.6261,28.75,21,0,7,0,0,0,0,0,,,
17960905-6e7b-4339-a565-c9350b00b0a1,Wallis Orchard Practical Shooters November 2020 Club Match,2020-11-15,5,Stage 5,3B3F6B78-1ADF-4CBA-B57E-513469865C44,Chris Nagala,42,58.77,22,67.49,Carry Optics,C,TY97712,MINOR,,94.4800,82.2719,4.5179,29.66,25,0,3,0,0,0,0,0,,,
17960905-6e7b-4339-a565-c9350b00b0a1,Wallis Orchard Practical Shooters November 2020 Club Match,2020-11-15,5,Stage 5,3B3F6B78-1ADF-4CBA-B57E-513469865C44,James Tonkinson,43,57.96,23,66.56,Carry Optics,B,A123944,MINOR,,93.1814,81.1410,4.4558,25.36,21,0,6,0,1,0,0,0,,,
17960905-6e7b-4339-a565-c9350b00b0a1,Wallis Orchard Practical Shooters November 2020 Club Match,2020-11-15,5,Stage 5,3B3F6B78-1ADF-4CBA-B57E-513469865C44,Ross Apffel,44,56.76,3,72.20,Single Stack,A,L4428,MAJOR,,101.0838,79.4602,4.3635,27.73,23,0,4,0,1,0,0,0,,,
17960905-6e7b-4339-a565-c9350b00b0a1,Wallis Orchard Practical Shooters November 2020 Club Match,2020-11-15,5,Stage 5,3B3F6B78-1ADF-4CBA-B57E-513469865C44,Tim Yang,45,56.74,24,65.16,Carry Optics,B,A123783,MINOR,,91.2177,79.4311,4.3619,21.55,23,0,3,0,2,0,0,1,,,
17960905-6e7b-4339-a565-c9350b00b0a1,Wallis Orchard Practical Shooters November 2020 Club Match,2020-11-15,5,Stage 5,3B3F6B78-1ADF-4CBA-B57E-513469865C44,Ashley Sullivan,46,56.01,1,100.00,Limited 10,C,TY92392,MAJOR,Lady,140.0000,78.4076,4.3057,27.87,22,0,5,0,1,0,0,0,,,
17960905-6e7b-4339-a565-c9350b00b0a1,Wallis Orchard Practical Shooters November 2020 Club Match,2020-11-15,5,Stage 5,3B3F6B78-1ADF-4CBA-B57E-513469865C44,Emman Alcoseba,47,55.07,4,59.31,Limited,C,TY67519,MAJOR,Senior,83.0273,77.0983,4.2338,31.65,22,0,6,0,0,0,0,0,,,
17960905-6e7b-4339-a565-c9350b00b0a1,Wallis Orchard Practical Shooters November 2020 Club Match,2020-11-15,5,Stage 5,3B3F6B78-1ADF-4CBA-B57E-513469865C44,Jun Wu,48,53.51,25,61.46,Carry Optics,U,,MINOR,,86.0377,74.9204,4.1142,32.57,25,0,3,0,0,0,0,0,,,
17960905-6e7b-4339-a565-c9350b00b0a1,Wallis Orchard Practical Shooters November 2020 Club Match,2020-11-15,5,Stage 5,3B3F6B78-1ADF-4CBA-B57E-513469865C44,randy callison,49,51.63,5,60.74,PCC,A,A14418,MINOR,Senior,85.0429,72.2854,3.9695,24.94,20,0,6,1,1,0,1,0,,,
17960905-6e7b-4339-a565-c9350b00b0a1,Wallis Orchard Practical Shooters November 2020 Club Match,2020-11-15,5,Stage 5,3B3F6B78-1ADF-4CBA-B57E-513469865C44,Garrick Gonzalez,50,51.05,26,58.63,Carry Optics,B,A119804,MINOR,,82.0790,71.4732,3.9249,23.44,17,0,9,0,2,0,0,0,,,
17960905-6e7b-4339-a565-c9350b00b0a1,Wallis Orchard Practical Shooters November 2020 Club Match,2020-11-15,5,Stage 5,3B3F6B78-1ADF-4CBA-B57E-513469865C44,Eric Wu,51,49.48,1,100.00,Production,C,,MINOR,,140.0000,69.2661,3.8037,24.45,13,0,12,2,1,0,0,0,,,
17960905-6e7b-4339-a565-c9350b00b0a1,Wallis Orchard Practical Shooters November 2020 Club Match,2020-11-15,5,Stage 5,3B3F6B78-1ADF-4CBA-B57E-513469865C44,Gary Wu,52,48.37,2,97.76,Production,B,L2998,MINOR,,136.8604,67.7128,3.7184,25.28,18,0,8,0,2,0,0,0,,,
17960905-6e7b-4339-a565-c9350b00b0a1,Wallis Orchard Practical Shooters November 2020 Club Match,2020-11-15,5,Stage 5,3B3F6B78-1ADF-4CBA-B57E-513469865C44,Billy Banks,53,46.38,27,53.26,Carry Optics,U,A49856,MINOR,Law Enforcement,74.5652,64.9303,3.5656,36.46,28,0,0,0,0,0,1,0,,,
17960905-6e7b-4339-a565-c9350b00b0a1,Wallis Orchard Practical Shooters November 2020 Club Match,2020-11-15,5,Stage 5,3B3F6B78-1ADF-4CBA-B57E-513469865C44,Jason Wilson,54,46.20,2,82.50,Limited 10,U,A94696,MAJOR,,115.4967,64.6844,3.5521,33.22,22,0,4,1,1,0,0,0,,,
17960905-6e7b-4339-a565-c9350b00b0a1,Wallis Orchard Practical Shooters November 2020 Club Match,2020-11-15,5,Stage 5,3B3F6B78-1ADF-4CBA-B57E-513469865C44,Kevin Baker,55,45.64,3,92.25,Production,C,A95439,MINOR,,129.1458,63.8959,3.5088,36.48,22,0,6,0,0,0,0,0,,,
17960905-6e7b-4339-a565-c9350b00b0a1,Wallis Orchard Practical Shooters November 2020 Club Match,2020-11-15,5,Stage 5,3B3F6B78-1ADF-4CBA-B57E-513469865C44,Mengyu Yue,56,45.02,6,52.97,PCC,U,TY109190,MINOR,,74.1531,63.0291,3.4612,26.58,22,0,4,0,2,0,0,1,,,
17960905-6e7b-4339-a565-c9350b00b0a1,Wallis Orchard Practical Shooters November 2020 Club Match,2020-11-15,5,Stage 5,3B3F6B78-1ADF-4CBA-B57E-513469865C44,Richard Dillow,57,44.59,5,48.02,Limited,C,FY57446,MAJOR,Super Senior,67.2251,62.4246,3.4280,39.09,26,0,0,2,0,0,0,0,,,
17960905-6e7b-4339-a565-c9350b00b0a1,Wallis Orchard Practical Shooters November 2020 Club Match,2020-11-15,5,Stage 5,3B3F6B78-1ADF-4CBA-B57E-513469865C44,Angela Rabuck,58,43.59,28,50.06,Carry Optics,U,TY91275,MINOR,Lady,70.0795,61.0242,3.3511,37.60,21,0,7,0,0,0,0,0,,,
17960905-6e7b-4339-a565-c9350b00b0a1,Wallis Orchard Practical Shooters November 2020 Club Match,2020-11-15,5,Stage 5,3B3F6B78-1ADF-4CBA-B57E-513469865C44,Mick Sambasile,59,41.36,12,41.36,Open,C,TY47665,MAJOR,Super Senior,57.9030,57.9030,3.1797,31.45,20,0,4,2,2,0,0,0,,,
17960905-6e7b-4339-a565-c9350b00b0a1,Wallis Orchard Practical Shooters November 2020 Club Match,2020-11-15,5,Stage 5,3B3F6B78-1ADF-4CBA-B57E-513469865C44,Marlon Poralan,60,41.22,7,48.49,PCC,U,TY76330,MINOR,Law Enforcement,67.8929,57.7081,3.1690,28.40,21,0,5,0,2,0,1,0,,,
17960905-6e7b-4339-a565-c9350b00b0a1,Wallis Orchard Practical Shooters November 2020 Club Match,2020-11-15,5,Stage 5,3B3F6B78-1ADF-4CBA-B57E-513469865C44,Boyd Nabas,61,37.55,29,43.12,Carry Optics,U,,MINOR,Junior,60.3678,52.5674,2.8867,31.87,24,0,0,2,2,0,1,0,,,
17960905-6e7b-4339-a565-c9350b00b0a1,Wallis Orchard Practical Shooters November 2020 Club Match,2020-11-15,5,Stage 5,3B3F6B78-1ADF-4CBA-B57E-513469865C44,Mitchell Ivey,62,34.63,30,39.77,Carry Optics,C,A116953,MINOR,,55.6813,48.4865,2.6626,29.67,22,0,3,0,3,0,1,0,,,
17960905-6e7b-4339-a565-c9350b00b0a1,Wallis Orchard Practical Shooters November 2020 Club Match,2020-11-15,5,Stage 5,3B3F6B78-1ADF-4CBA-B57E-513469865C44,Glenn Cunningham,63,32.51,8,38.25,PCC,C,A78280,MINOR,Super Senior,53.5452,45.5127,2.4993,34.41,25,0,0,1,2,0,1,1,,,
17960905-6e7b-4339-a565-c9350b00b0a1,Wallis Orchard Practical Shooters November 2020 Club Match,2020-11-15,5,Stage 5,3B3F6B78-1ADF-4CBA-B57E-513469865C44,Benjamin Michael,64,31.01,4,39.44,Single Stack,C,A115982,MAJOR,,55.2202,43.4076,2.3837,44.05,17,0,10,0,1,0,1,0,,,
17960905-6e7b-4339-a565-c9350b00b0a1,Wallis Orchard Practical Shooters November 2020 Club Match,2020-11-15,5,Stage 5,3B3F6B78-1ADF-4CBA-B57E-513469865C44,Wilson Maguigad,65,30.57,13,30.57,Open,D,TY97451,MINOR,Senior,42.8012,42.8012,2.3504,36.59,20,0,5,1,2,0,1,0,,,
17960905-6e7b-4339-a565-c9350b00b0a1,Wallis Orchard Practical Shooters November 2020 Club Match,2020-11-15,5,Stage 5,3B3F6B78-1ADF-4CBA-B57E-513469865C44,Dale Hamm,66,22.04,5,28.04,Single Stack,D,TY97196,MAJOR,Senior,39.2567,30.8590,1.6946,47.80,13,0,11,1,3,0,0,0,,,
17960905-6e7b-4339-a565-c9350b00b0a1,Wallis Orchard Practical Shooters November 2020 Club Match,2020-11-15,5,Stage 5,3B3F6B78-1ADF-4CBA-B57E-513469865C44,Gary Brisco,67,19.50,9,22.94,PCC,D,FY73704,MINOR,Senior,32.1211,27.3025,1.4993,33.35,19,0,5,0,4,0,0,2,,,
17960905-6e7b-4339-a565-c9350b00b0a1,Wallis Orchard Practical Shooters November 2020 Club Match,2020-11-15,5,Stage 5,3B3F6B78-1ADF-4CBA-B57E-513469865C44,Adrianne Ramos,68,7.31,4,14.78,Production,U,,MINOR,,20.6851,10.2341,0.5620,74.73,10,0,9,5,4,0,0,0,,,
17960905-6e7b-4339-a565-c9350b00b0a1,Wallis Orchard Practical Shooters November 2020 Club Match,2020-11-15,5,Stage 5,3B3F6B78-1ADF-4CBA-B57E-513469865C44,Norman Oducado,69,0.00,6,0.00,Limited,C,A103491,MINOR,,0.0000,0.0000,,,,,×0.28,×0.56,×2.10,,×1.40,,,,19.61
17960905-6e7b-4339-a565-c9350b00b0a1,Wallis Orchard Practical Shooters November 2020 Club Match,2020-11-15,5,Stage 5,3B3F6B78-1ADF-4CBA-B57E-513469865C44,Kim Tran,70,0.00,14,0.00,Open,B,TY99963,MAJOR,Lady,0.0000,0.0000,,,,,×0.13,×0.39,×1.95,,×1.30,,,,18.21
17960905-6e7b-4339-a565-c9350b00b0a1,Wallis Orchard Practical Shooters November 2020 Club Match,2020-11-15,6,Stage 6,DAAC9C13-38C8-46FF-B4EF-910611887E39,Bobby Ivester,1,100.00,1,100.00,Open,M,A101336,MAJOR,,155.0000,155.0000,6.7859,21.81,24,0,7,0,0,0,0,0,,,
17960905-6e7b-4339-a565-c9350b00b0a1,Wallis Orchard Practical Shooters November 2020 Club Match,2020-11-15,6,Stage 6,DAAC9C13-38C8-46FF-B4EF-910611887E39,Albert Montanez,2,94.87,2,94.87,Open,M,TY101554,MAJOR,,147.0534,147.0534,6.4380,21.28,17,0,12,2,0,0,0,0,,,
17960905-6e7b-4339-a565-c9350b00b0a1,Wallis Orchard Practical Shooters November 2020 Club Match,2020-11-15,6,Stage 6,DAAC9C13-38C8-46FF-B4EF-910611887E39,Wade Pruetz,3,85.11,3,85.11,Open,A,TY79055,MAJOR,,131.9164,131.9164,5.7753,25.28,22,0,9,0,0,0,0,0,,,
17960905-6e7b-4339-a565-c9350b00b0a1,Wallis Orchard Practical Shooters November 2020 Club Match,2020-11-15,6,Stage 6,DAAC9C13-38C8-46FF-B4EF-910611887E39,Michael Whitley,4,81.19,4,81.19,Open,B,A111091,MAJOR,,125.8474,125.8474,5.5096,25.41,26,0,5,0,0,0,1,0,,,
17960905-6e7b-4339-a565-c9350b00b0a1,Wallis Orchard Practical Shooters November 2020 Club Match,2020-11-15,6,Stage 6,DAAC9C13-38C8-46FF-B4EF-910611887E39,Ryan Alicaya,5,79.24,1,100.00,PCC,D,,MINOR,,155.0000,122.8232,5.3772,23.99,21,0,7,3,0,0,0,0,,,
17960905-6e7b-4339-a565-c9350b00b0a1,Wallis Orchard Practical Shooters November 2020 Club Match,2020-11-15,6,Stage 6,DAAC9C13-38C8-46FF-B4EF-910611887E39,Duane Mendoza,6,79.20,1,100.00,Carry Optics,B,TY98262,MINOR,,155.0000,122.7593,5.3744,26.98,26,0,5,0,0,0,0,0,,,
17960905-6e7b-4339-a565-c9350b00b0a1,Wallis Orchard Practical Shooters November 2020 Club Match,2020-11-15,6,Stage 6,DAAC9C13-38C8-46FF-B4EF-910611887E39,Jerry Bedro,7,78.22,2,98.71,PCC,B,A98263,MINOR,,153.0082,121.2449,5.3081,26.94,25,0,6,0,0,0,0,0,,,
17960905-6e7b-4339-a565-c9350b00b0a1,Wallis Orchard Practical Shooters November 2020 Club Match,2020-11-15,6,Stage 6,DAAC9C13-38C8-46FF-B4EF-910611887E39,Paul Felker,8,77.44,2,97.78,Carry Optics,M,TY107123,MINOR,,151.5593,120.0343,5.2551,26.26,29,0,1,0,1,0,0,0,,,
17960905-6e7b-4339-a565-c9350b00b0a1,Wallis Orchard Practical Shooters November 2020 Club Match,2020-11-15,6,Stage 6,DAAC9C13-38C8-46FF-B4EF-910611887E39,Brandon Foss,9,77.29,3,97.59,Carry Optics,A,FY92765,MINOR,,151.2623,119.7990,5.2448,25.74,21,0,10,0,0,0,0,0,,,
17960905-6e7b-4339-a565-c9350b00b0a1,Wallis Orchard Practical Shooters November 2020 Club Match,2020-11-15,6,Stage 6,DAAC9C13-38C8-46FF-B4EF-910611887E39,Roman Gwiscz,10,75.71,4,95.60,Carry Optics,A,L4670,MINOR,,148.1792,117.3572,5.1379,29.00,28,0,3,0,0,0,0,0,,,
17960905-6e7b-4339-a565-c9350b00b0a1,Wallis Orchard Practical Shooters November 2020 Club Match,2020-11-15,6,Stage 6,DAAC9C13-38C8-46FF-B4EF-910611887E39,Mike Junco,11,75.45,5,95.26,Carry Optics,A,FY34819,MINOR,,147.6601,116.9461,5.1199,27.93,27,0,2,2,0,0,0,0,,,
17960905-6e7b-4339-a565-c9350b00b0a1,Wallis Orchard Practical Shooters November 2020 Club Match,2020-11-15,6,Stage 6,DAAC9C13-38C8-46FF-B4EF-910611887E39,Chev Jacot,12,74.68,5,74.68,Open,B,A72378,MAJOR,,115.7515,115.7515,5.0676,29.60,26,0,5,0,0,0,0,0,,,
17960905-6e7b-4339-a565-c9350b00b0a1,Wallis Orchard Practical Shooters November 2020 Club Match,2020-11-15,6,Stage 6,DAAC9C13-38C8-46FF-B4EF-910611887E39,Rolan Ocampo,13,71.47,1,100.00,Single Stack,,,MINOR,,155.0000,110.7720,4.8496,28.25,22,0,9,0,0,0,0,0,,,
17960905-6e7b-4339-a565-c9350b00b0a1,Wallis Orchard Practical Shooters November 2020 Club Match,2020-11-15,6,Stage 6,DAAC9C13-38C8-46FF-B4EF-910611887E39,Waldo Samano,14,71.45,6,90.22,Carry Optics,A,TY87973,MINOR,,139.8386,110.7515,4.8487,27.43,21,0,9,1,0,0,0,0,,,
17960905-6e7b-4339-a565-c9350b00b0a1,Wallis Orchard Practical Shooters November 2020 Club Match,2020-11-15,6,Stage 6,DAAC9C13-38C8-46FF-B4EF-910611887E39,Vinh Lam,15,70.97,1,100.00,Limited,A,TY101025,MAJOR,,155.0000,110.0046,4.8160,25.54,15,0,14,1,1,0,0,0,,,
17960905-6e7b-4339-a565-c9350b00b0a1,Wallis Orchard Practical Shooters November 2020 Club Match,2020-11-15,6,Stage 6,DAAC9C13-38C8-46FF-B4EF-910611887E39,Derek Rabuck,16,70.08,6,70.08,Open,U,TY91331,MAJOR,Lady,108.6227,108.6227,4.7555,29.86,20,0,10,1,0,0,0,0,,,
17960905-6e7b-4339-a565-c9350b00b0a1,Wallis Orchard Practical Shooters November 2020 Club Match,2020-11-15,6,Stage 6,DAAC9C13-38C8-46FF-B4EF-910611887E39,Pete Kirchner,17,68.62,7,86.64,Carry Optics,A,TY105743,MINOR,,134.2897,106.3568,4.6563,32.00,28,0,3,0,0,0,0,0,,,
17960905-6e7b-4339-a565-c9350b00b0a1,Wallis Orchard Practical Shooters November 2020 Club Match,2020-11-15,6,Stage 6,DAAC9C13-38C8-46FF-B4EF-910611887E39,Tim Yang,18,68.47,8,86.45,Carry Optics,B,A123783,MINOR,,133.9984,106.1261,4.6462,32.50,29,0,2,0,0,0,0,0,,,
17960905-6e7b-4339-a565-c9350b00b0a1,Wallis Orchard Practical Shooters November 2020 Club Match,2020-11-15,6,Stage 6,DAAC9C13-38C8-46FF-B4EF-910611887E39,Austria John,19,68.46,9,86.44,Carry Optics,B,FY82746,MINOR,,133.9811,106.1124,4.6456,29.06,22,0,8,1,0,0,0,0,,,
17960905-6e7b-4339-a565-c9350b00b0a1,Wallis Orchard Practical Shooters November 2020 Club Match,2020-11-15,6,Stage 6,DAAC9C13-38C8-46FF-B4EF-910611887E39,Mitchell Ivey,20,67.40,10,85.11,Carry Optics,C,A116953,MINOR,,131.9132,104.4746,4.5739,30.39,25,0,4,2,0,0,0,0,,,
17960905-6e7b-4339-a565-c9350b00b0a1,Wallis Orchard Practical Shooters November 2020 Club Match,2020-11-15,6,Stage 6,DAAC9C13-38C8-46FF-B4EF-910611887E39,Chris Snow,21,67.06,7,67.06,Open,B,TY107262,MAJOR,,103.9402,103.9402,4.5505,27.25,14,0,16,0,1,0,0,0,,,
17960905-6e7b-4339-a565-c9350b00b0a1,Wallis Orchard Practical Shooters November 2020 Club Match,2020-11-15,6,Stage 6,DAAC9C13-38C8-46FF-B4EF-910611887E39,Rommel Mercado,22,66.92,3,84.45,PCC,B,TY70687,MINOR,,130.8904,103.7186,4.5408,29.29,21,0,9,1,0,0,0,0,,,
17960905-6e7b-4339-a565-c9350b00b0a1,Wallis Orchard Practical Shooters November 2020 Club Match,2020-11-15,6,Stage 6,DAAC9C13-38C8-46FF-B4EF-910611887E39,Jon Baguio,23,66.89,11,84.46,Carry Optics,C,,MINOR,,130.9125,103.6820,4.5392,28.86,21,0,8,2,0,0,0,0,,,
17960905-6e7b-4339-a565-c9350b00b0a1,Wallis Orchard Practical Shooters November 2020 Club Match,2020-11-15,6,Stage 6,DAAC9C13-38C8-46FF-B4EF-910611887E39,Eric Mccampbell,24,65.73,4,82.95,PCC,C,A14332,MINOR,Senior,128.5671,101.8776,4.4602,32.51,26,0,5,0,0,0,0,0,,,
17960905-6e7b-4339-a565-c9350b00b0a1,Wallis Orchard Practical Shooters November 2020 Club Match,2020-11-15,6,Stage 6,DAAC9C13-38C8-46FF-B4EF-910611887E39,Chandler Bassett,25,64.95,12,82.01,Carry Optics,B,TY112550,MINOR,,127.1084,100.6693,4.4073,26.32,20,0,8,2,1,0,0,0,,,
17960905-6e7b-4339-a565-c9350b00b0a1,Wallis Orchard Practical Shooters November 2020 Club Match,2020-11-15,6,Stage 6,DAAC9C13-38C8-46FF-B4EF-910611887E39,Steven McNamara,26,64.89,8,64.89,Open,B,A75212,MAJOR,Senior,100.5802,100.5802,4.4034,29.75,21,0,9,0,1,0,0,0,,,
17960905-6e7b-4339-a565-c9350b00b0a1,Wallis Orchard Practical Shooters November 2020 Club Match,2020-11-15,6,Stage 6,DAAC9C13-38C8-46FF-B4EF-910611887E39,Jeffrey Polk,27,64.74,13,81.74,Carry Optics,C,TY104167,MINOR,,126.7018,100.3472,4.3932,32.55,26,0,4,1,0,0,0,0,,,
17960905-6e7b-4339-a565-c9350b00b0a1,Wallis Orchard Practical Shooters November 2020 Club Match,2020-11-15,6,Stage 6,DAAC9C13-38C8-46FF-B4EF-910611887E39,Justin Corona,28,63.35,9,63.35,Open,B,L4452,MAJOR,,98.1910,98.1910,4.2988,28.38,22,0,8,0,1,0,1,0,,,
17960905-6e7b-4339-a565-c9350b00b0a1,Wallis Orchard Practical Shooters November 2020 Club Match,2020-11-15,6,Stage 6,DAAC9C13-38C8-46FF-B4EF-910611887E39,Andrew Whitley,29,61.36,10,61.36,Open,B,TY106649,MAJOR,,95.1119,95.1119,4.1640,30.74,22,0,6,2,1,0,0,0,,,
17960905-6e7b-4339-a565-c9350b00b0a1,Wallis Orchard Practical Shooters November 2020 Club Match,2020-11-15,6,Stage 6,DAAC9C13-38C8-46FF-B4EF-910611887E39,Chris Nagala,30,60.92,14,76.93,Carry Optics,C,TY97712,MINOR,,119.2350,94.4335,4.1343,36.04,28,0,3,0,0,0,0,0,,,
17960905-6e7b-4339-a565-c9350b00b0a1,Wallis Orchard Practical Shooters November 2020 Club Match,2020-11-15,6,Stage 6,DAAC9C13-38C8-46FF-B4EF-910611887E39,Mike Mansilla,31,60.17,2,84.78,Limited,A,A42337,MAJOR,,131.4024,93.2572,4.0828,35.27,20,0,11,0,0,0,0,0,,,
17960905-6e7b-4339-a565-c9350b00b0a1,Wallis Orchard Practical Shooters November 2020 Club Match,2020-11-15,6,Stage 6,DAAC9C13-38C8-46FF-B4EF-910611887E39,Marlon Poralan,32,57.91,5,73.08,PCC,U,TY76330,MINOR,Law Enforcement,113.2723,89.7579,3.9296,31.81,21,0,5,5,0,0,0,0,,,
17960905-6e7b-4339-a565-c9350b00b0a1,Wallis Orchard Practical Shooters November 2020 Club Match,2020-11-15,6,Stage 6,DAAC9C13-38C8-46FF-B4EF-910611887E39,Ross Apffel,33,57.81,2,80.89,Single Stack,A,L4428,MAJOR,,125.3718,89.5980,3.9226,36.71,24,0,5,2,0,0,0,0,,,
17960905-6e7b-4339-a565-c9350b00b0a1,Wallis Orchard Practical Shooters November 2020 Club Match,2020-11-15,6,Stage 6,DAAC9C13-38C8-46FF-B4EF-910611887E39,Matt Lem,34,57.70,15,72.85,Carry Optics,A,FY34763,MINOR,,112.9160,89.4290,3.9152,27.84,22,0,6,1,2,0,0,0,,,
17960905-6e7b-4339-a565-c9350b00b0a1,Wallis Orchard Practical Shooters November 2020 Club Match,2020-11-15,6,Stage 6,DAAC9C13-38C8-46FF-B4EF-910611887E39,Ridong Wen,35,55.44,16,70.00,Carry Optics,U,A99651,MINOR,,108.4948,85.9274,3.7619,32.43,21,0,9,0,1,0,0,0,,,
17960905-6e7b-4339-a565-c9350b00b0a1,Wallis Orchard Practical Shooters November 2020 Club Match,2020-11-15,6,Stage 6,DAAC9C13-38C8-46FF-B4EF-910611887E39,Jon Marino,36,54.84,11,54.84,Open,B,A93310,MINOR,,85.0091,85.0091,3.7217,30.90,24,0,5,0,2,0,0,0,,,
17960905-6e7b-4339-a565-c9350b00b0a1,Wallis Orchard Practical Shooters November 2020 Club Match,2020-11-15,6,Stage 6,DAAC9C13-38C8-46FF-B4EF-910611887E39,James Tonkinson,37,51.98,17,65.63,Carry Optics,B,A123944,MINOR,,101.7260,80.5665,3.5272,32.32,19,0,9,2,1,0,0,0,,,
17960905-6e7b-4339-a565-c9350b00b0a1,Wallis Orchard Practical Shooters November 2020 Club Match,2020-11-15,6,Stage 6,DAAC9C13-38C8-46FF-B4EF-910611887E39,Jun Wu,38,50.79,18,64.13,Carry Optics,U,,MINOR,,99.4043,78.7277,3.4467,43.23,28,0,3,0,0,0,0,0,,,
17960905-6e7b-4339-a565-c9350b00b0a1,Wallis Orchard Practical Shooters November 2020 Club Match,2020-11-15,6,Stage 6,DAAC9C13-38C8-46FF-B4EF-910611887E39,Mengyu Yue,39,49.64,6,62.65,PCC,U,TY109190,MINOR,,97.1013,76.9438,3.3686,36.81,22,0,8,0,1,0,0,0,,,
17960905-6e7b-4339-a565-c9350b00b0a1,Wallis Orchard Practical Shooters November 2020 Club Match,2020-11-15,6,Stage 6,DAAC9C13-38C8-46FF-B4EF-910611887E39,Antonio Tormis,40,49.51,19,62.51,Carry Optics,C,A124958,MINOR,,96.8894,76.7360,3.3595,41.97,25,0,5,1,0,0,0,0,,,
17960905-6e7b-4339-a565-c9350b00b0a1,Wallis Orchard Practical Shooters November 2020 Club Match,2020-11-15,6,Stage 6,DAAC9C13-38C8-46FF-B4EF-910611887E39,shangyang huang,41,49.18,20,62.10,Carry Optics,C,A111209,MINOR,,96.2520,76.2312,3.3374,32.96,16,0,13,1,1,0,0,0,,,
17960905-6e7b-4339-a565-c9350b00b0a1,Wallis Orchard Practical Shooters November 2020 Club Match,2020-11-15,6,Stage 6,DAAC9C13-38C8-46FF-B4EF-910611887E39,Pat Byrne,42,48.93,3,68.46,Single Stack,B,FY93921,MAJOR,Super Senior,106.1182,75.8383,3.3202,43.07,21,0,9,1,0,0,0,0,,,
17960905-6e7b-4339-a565-c9350b00b0a1,Wallis Orchard Practical Shooters November 2020 Club Match,2020-11-15,6,Stage 6,DAAC9C13-38C8-46FF-B4EF-910611887E39,Nicholas Hauser,43,48.90,21,61.74,Carry Optics,C,A127395,MINOR,,95.7012,75.7949,3.3183,31.04,19,0,9,1,2,0,0,0,,,
17960905-6e7b-4339-a565-c9350b00b0a1,Wallis Orchard Practical Shooters November 2020 Club Match,2020-11-15,6,Stage 6,DAAC9C13-38C8-46FF-B4EF-910611887E39,Ashley Sullivan,44,48.06,1,100.00,Limited 10,C,TY92392,MAJOR,Lady,155.0000,74.4975,3.2615,33.42,23,0,6,0,2,0,1,0,,,
17960905-6e7b-4339-a565-c9350b00b0a1,Wallis Orchard Practical Shooters November 2020 Club Match,2020-11-15,6,Stage 6,DAAC9C13-38C8-46FF-B4EF-910611887E39,Gary Wu,45,47.03,1,100.00,Production,B,L2998,MINOR,,155.0000,72.8986,3.1915,40.42,18,0,13,0,0,0,0,0,,,
17960905-6e7b-4339-a565-c9350b00b0a1,Wallis Orchard Practical Shooters November 2020 Club Match,2020-11-15,6,Stage 6,DAAC9C13-38C8-46FF-B4EF-910611887E39,Mick Sambasile,46,46.64,12,46.64,Open,C,TY47665,MAJOR,Super Senior,72.2956,72.2956,3.1651,46.76,24,0,7,0,0,0,0,0,,,
17960905-6e7b-4339-a565-c9350b00b0a1,Wallis Orchard Practical Shooters November 2020 Club Match,2020-11-15,6,Stage 6,DAAC9C13-38C8-46FF-B4EF-910611887E39,Daniel Duong,47,44.85,22,56.63,Carry Optics,B,A112386,MINOR,,87.7730,69.5158,3.0434,37.13,24,0,4,1,2,0,0,0,,,
17960905-6e7b-4339-a565-c9350b00b0a1,Wallis Orchard Practical Shooters November 2020 Club Match,2020-11-15,6,Stage 6,DAAC9C13-38C8-46FF-B4EF-910611887E39,Bill Kinstley,48,43.95,3,61.92,Limited,B,A104836,MAJOR,,95.9835,68.1201,2.9823,42.92,20,0,9,1,1,0,0,0,,,
17960905-6e7b-4339-a565-c9350b00b0a1,Wallis Orchard Practical Shooters November 2020 Club Match,2020-11-15,6,Stage 6,DAAC9C13-38C8-46FF-B4EF-910611887E39,Ralph Migrino,49,41.15,23,51.95,Carry Optics,U,,MINOR,Military,80.5254,63.7757,2.7921,38.68,20,0,9,1,1,0,1,0,,,
17960905-6e7b-4339-a565-c9350b00b0a1,Wallis Orchard Practical Shooters November 2020 Club Match,2020-11-15,6,Stage 6,DAAC9C13-38C8-46FF-B4EF-910611887E39,Garrick Gonzalez,50,40.55,24,51.20,Carry Optics,B,A119804,MINOR,,79.3631,62.8552,2.7518,37.43,20,0,7,2,2,0,0,0,,,
17960905-6e7b-4339-a565-c9350b00b0a1,Wallis Orchard Practical Shooters November 2020 Club Match,2020-11-15,6,Stage 6,DAAC9C13-38C8-46FF-B4EF-910611887E39,Glenn Cunningham,51,39.95,7,50.41,PCC,C,A78280,MINOR,Super Senior,78.1370,61.9164,2.7107,50.91,29,0,1,0,1,0,0,0,,,
17960905-6e7b-4339-a565-c9350b00b0a1,Wallis Orchard Practical Shooters November 2020 Club Match,2020-11-15,6,Stage 6,DAAC9C13-38C8-46FF-B4EF-910611887E39,Norman Oducado,52,38.42,4,54.13,Limited,C,A103491,MINOR,,83.9079,59.5500,2.6071,32.22,16,0,11,1,3,0,0,0,,,
17960905-6e7b-4339-a565-c9350b00b0a1,Wallis Orchard Practical Shooters November 2020 Club Match,2020-11-15,6,Stage 6,DAAC9C13-38C8-46FF-B4EF-910611887E39,Gary Brisco,53,37.89,8,47.82,PCC,D,FY73704,MINOR,Senior,74.1159,58.7300,2.5712,54.06,23,0,8,0,0,0,0,0,,,
17960905-6e7b-4339-a565-c9350b00b0a1,Wallis Orchard Practical Shooters November 2020 Club Match,2020-11-15,6,Stage 6,DAAC9C13-38C8-46FF-B4EF-910611887E39,Billy Banks,54,36.29,25,45.82,Carry Optics,U,A49856,MINOR,Law Enforcement,71.0282,56.2540,2.4628,41.01,23,0,5,1,2,0,1,0,,,
17960905-6e7b-4339-a565-c9350b00b0a1,Wallis Orchard Practical Shooters November 2020 Club Match,2020-11-15,6,Stage 6,DAAC9C13-38C8-46FF-B4EF-910611887E39,Benjamin Michael,55,32.60,4,45.62,Single Stack,C,A115982,MAJOR,,70.7082,50.5322,2.2123,66.90,24,0,7,0,0,0,0,0,,,
17960905-6e7b-4339-a565-c9350b00b0a1,Wallis Orchard Practical Shooters November 2020 Club Match,2020-11-15,6,Stage 6,DAAC9C13-38C8-46FF-B4EF-910611887E39,Richard Dillow,56,32.47,5,45.76,Limited,C,FY57446,MAJOR,Super Senior,70.9247,50.3358,2.2037,46.74,21,0,6,2,2,0,0,1,,,
17960905-6e7b-4339-a565-c9350b00b0a1,Wallis Orchard Practical Shooters November 2020 Club Match,2020-11-15,6,Stage 6,DAAC9C13-38C8-46FF-B4EF-910611887E39,Jason Wilson,57,31.46,2,65.46,Limited 10,U,A94696,MAJOR,,101.4593,48.7643,2.1349,41.22,20,0,7,0,4,0,0,0,,,
17960905-6e7b-4339-a565-c9350b00b0a1,Wallis Orchard Practical Shooters November 2020 Club Match,2020-11-15,6,Stage 6,DAAC9C13-38C8-46FF-B4EF-910611887E39,Angela Rabuck,58,29.08,26,36.72,Carry Optics,U,TY91275,MINOR,Lady,56.9195,45.0799,1.9736,64.35,23,0,7,1,0,0,1,0,,,
17960905-6e7b-4339-a565-c9350b00b0a1,Wallis Orchard Practical Shooters November 2020 Club Match,2020-11-15,6,Stage 6,DAAC9C13-38C8-46FF-B4EF-910611887E39,Emman Alcoseba,59,28.90,6,40.72,Limited,C,TY67519,MAJOR,Senior,63.1168,44.7944,1.9611,59.66,21,0,7,2,1,0,1,0,,,
17960905-6e7b-4339-a565-c9350b00b0a1,Wallis Orchard Practical Shooters November 2020 Club Match,2020-11-15,6,Stage 6,DAAC9C13-38C8-46FF-B4EF-910611887E39,Eric Wu,60,24.59,2,52.28,Production,C,,MINOR,,81.0332,38.1110,1.6685,35.96,18,0,6,2,5,0,0,0,,,
17960905-6e7b-4339-a565-c9350b00b0a1,Wallis Orchard Practical Shooters November 2020 Club Match,2020-11-15,6,Stage 6,DAAC9C13-38C8-46FF-B4EF-910611887E39,Dale Hamm,61,22.55,5,31.56,Single Stack,D,TY97196,MAJOR,Senior,48.9137,34.9566,1.5304,61.42,18,0,7,3,3,0,0,0,,,
17960905-6e7b-4339-a565-c9350b00b0a1,Wallis Orchard Practical Shooters November 2020 Club Match,2020-11-15,6,Stage 6,DAAC9C13-38C8-46FF-B4EF-910611887E39,Boyd Nabas,62,21.90,27,27.65,Carry Optics,U,,MINOR,Junior,42.8598,33.9447,1.4861,84.11,22,0,8,1,0,0,1,0,,,
17960905-6e7b-4339-a565-c9350b00b0a1,Wallis Orchard Practical Shooters November 2020 Club Match,2020-11-15,6,Stage 6,DAAC9C13-38C8-46FF-B4EF-910611887E39,Kevin Baker,63,20.17,3,42.89,Production,C,A95439,MINOR,,66.4827,31.2677,1.3689,40.91,20,0,5,1,5,0,1,0,,,
17960905-6e7b-4339-a565-c9350b00b0a1,Wallis Orchard Practical Shooters November 2020 Club Match,2020-11-15,6,Stage 6,DAAC9C13-38C8-46FF-B4EF-910611887E39,Matthew Gonzalez,64,16.93,28,21.37,Carry Optics,D,A119810,MINOR,,33.1290,26.2380,1.1487,48.75,17,0,10,1,3,0,3,0,,,
17960905-6e7b-4339-a565-c9350b00b0a1,Wallis Orchard Practical Shooters November 2020 Club Match,2020-11-15,6,Stage 6,DAAC9C13-38C8-46FF-B4EF-910611887E39,Wilson Maguigad,65,10.66,13,10.66,Open,D,TY97451,MINOR,Senior,16.5304,16.5304,0.7237,105.01,18,0,8,2,3,0,0,1,,,
17960905-6e7b-4339-a565-c9350b00b0a1,Wallis Orchard Practical Shooters November 2020 Club Match,2020-11-15,6,Stage 6,DAAC9C13-38C8-46FF-B4EF-910611887E39,Jim Havens,66,0.00,29,0.00,Carry Optics,A,A114636,MINOR,,0.0000,0.0000,,,,,×0.37,×0.74,×2.79,,×1.86,,,,28.84
17960905-6e7b-4339-a565-c9350b00b0a1,Wallis Orchard Practical Shooters November 2020 Club Match,2020-11-15,6,Stage 6,DAAC9C13-38C8-46FF-B4EF-910611887E39,Kim Tran,67,0.00,14,0.00,Open,B,TY99963,MAJOR,Lady,0.0000,0.0000,,,,,×0.15,×0.44,×2.21,,×1.47,,,,22.84
17960905-6e7b-4339-a565-c9350b00b0a1,Wallis Orchard Practical Shooters November 2020 Club Match,2020-11-15,6,Stage 6,DAAC9C13-38C8-46FF-B4EF-910611887E39,CHAN WILLIAM,68,0.00,30,0.00,Carry Optics,C,,MINOR,,0.0000,0.0000,,,,,×0.37,×0.74,×2.79,,×1.86,,,,28.84
17960905-6e7b-4339-a565-c9350b00b0a1,Wallis Orchard Practical Shooters November 2020 Club Match,2020-11-15,6,Stage 6,DAAC9C13-38C8-46FF-B4EF-910611887E39,randy callison,69,0.00,9,0.00,PCC,A,A14418,MINOR,Senior,0.0000,0.0000,0.0000,30.09,17,0,3,0,11,0,0,5,,,
17960905-6e7b-4339-a565-c9350b00b0a1,Wallis Orchard Practical Shooters November 2020 Club Match,2020-11-15,6,Stage 6,DAAC9C13-38C8-46FF-B4EF-910611887E39,Adrianne Ramos,70,0.00,4,0.00,Production,U,,MINOR,,0.0000,0.0000,0.0000,200.00,12,0,7,1,11,0,0,0,,,
17960905-6e7b-4339-a565-c9350b00b0a1,Wallis Orchard Practical Shooters November 2020 Club Match,2020-11-15,7,Stage 7,68B8DBBA-5048-42DC-9751-3468BC5302DC,Albert Montanez,1,100.00,1,100.00,Open,M,TY101554,MAJOR,,100.0000,100.0000,9.3093,9.99,13,0,7,0,0,0,0,0,,,
17960905-6e7b-4339-a565-c9350b00b0a1,Wallis Orchard Practical Shooters November 2020 Club Match,2020-11-15,7,Stage 7,68B8DBBA-5048-42DC-9751-3468BC5302DC,Brandon Foss,2,94.35,1,100.00,Carry Optics,A,FY92765,MINOR,,100.0000,94.3487,8.7832,10.93,19,0,0,1,0,0,0,0,,,
17960905-6e7b-4339-a565-c9350b00b0a1,Wallis Orchard Practical Shooters November 2020 Club Match,2020-11-15,7,Stage 7,68B8DBBA-5048-42DC-9751-3468BC5302DC,Rolan Ocampo,3,92.38,1,100.00,Single Stack,,,MINOR,,100.0000,92.3829,8.6002,10.93,17,0,3,0,0,0,0,0,,,
17960905-6e7b-4339-a565-c9350b00b0a1,Wallis Orchard Practical Shooters November 2020 Club Match,2020-11-15,7,Stage 7,68B8DBBA-5048-42DC-9751-3468BC5302DC,Duane Mendoza,4,91.92,2,97.43,Carry Optics,B,TY98262,MINOR,,97.4269,91.9210,8.5572,10.05,13,0,7,0,0,0,0,0,,,
17960905-6e7b-4339-a565-c9350b00b0a1,Wallis Orchard Practical Shooters November 2020 Club Match,2020-11-15,7,Stage 7,68B8DBBA-5048-42DC-9751-3468BC5302DC,Tim Yang,5,88.73,3,94.04,Carry Optics,B,A123783,MINOR,,94.0443,88.7296,8.2601,11.38,18,0,1,1,0,0,0,0,,,
17960905-6e7b-4339-a565-c9350b00b0a1,Wallis Orchard Practical Shooters November 2020 Club Match,2020-11-15,7,Stage 7,68B8DBBA-5048-42DC-9751-3468BC5302DC,Waldo Samano,6,82.93,4,87.89,Carry Optics,A,TY87973,MINOR,,87.8939,82.9268,7.7199,11.14,15,0,3,2,0,0,0,0,,,
17960905-6e7b-4339-a565-c9350b00b0a1,Wallis Orchard Practical Shooters November 2020 Club Match,2020-11-15,7,Stage 7,68B8DBBA-5048-42DC-9751-3468BC5302DC,Justin Corona,7,80.20,2,80.20,Open,B,L4452,MAJOR,,80.1951,80.1951,7.4656,10.18,12,0,6,1,1,0,0,0,,,
17960905-6e7b-4339-a565-c9350b00b0a1,Wallis Orchard Practical Shooters November 2020 Club Match,2020-11-15,7,Stage 7,68B8DBBA-5048-42DC-9751-3468BC5302DC,Michael Whitley,8,79.38,3,79.38,Open,B,A111091,MAJOR,,79.3787,79.3787,7.3896,12.45,14,0,5,1,0,0,0,0,,,
17960905-6e7b-4339-a565-c9350b00b0a1,Wallis Orchard Practical Shooters November 2020 Club Match,2020-11-15,7,Stage 7,68B8DBBA-5048-42DC-9751-3468BC5302DC,Mengyu Yue,9,79.30,1,100.00,PCC,U,TY109190,MINOR,,100.0000,79.2970,7.3820,11.65,18,0,2,0,0,0,1,0,,,
17960905-6e7b-4339-a565-c9350b00b0a1,Wallis Orchard Practical Shooters November 2020 Club Match,2020-11-15,7,Stage 7,68B8DBBA-5048-42DC-9751-3468BC5302DC,Roman Gwiscz,10,79.09,5,83.83,Carry Optics,A,L4670,MINOR,,83.8305,79.0930,7.3630,11.68,13,0,7,0,0,0,0,0,,,
17960905-6e7b-4339-a565-c9350b00b0a1,Wallis Orchard Practical Shooters November 2020 Club Match,2020-11-15,7,Stage 7,68B8DBBA-5048-42DC-9751-3468BC5302DC,Jerry Bedro,11,78.79,2,99.36,PCC,B,A98263,MINOR,,99.3565,78.7868,7.3345,11.18,12,0,7,1,0,0,0,0,,,
17960905-6e7b-4339-a565-c9350b00b0a1,Wallis Orchard Practical Shooters November 2020 Club Match,2020-11-15,7,Stage 7,68B8DBBA-5048-42DC-9751-3468BC5302DC,Chris Snow,12,78.64,4,78.64,Open,B,TY107262,MAJOR,,78.6396,78.6396,7.3208,13.25,17,0,3,0,0,0,0,0,,,
17960905-6e7b-4339-a565-c9350b00b0a1,Wallis Orchard Practical Shooters November 2020 Club Match,2020-11-15,7,Stage 7,68B8DBBA-5048-42DC-9751-3468BC5302DC,Chev Jacot,13,75.00,5,75.00,Open,B,A72378,MAJOR,,75.0024,75.0024,6.9822,12.89,12,0,7,1,0,0,0,0,,,
17960905-6e7b-4339-a565-c9350b00b0a1,Wallis Orchard Practical Shooters November 2020 Club Match,2020-11-15,7,Stage 7,68B8DBBA-5048-42DC-9751-3468BC5302DC,Paul Felker,14,74.70,6,79.17,Carry Optics,M,TY107123,MINOR,,79.1727,74.6984,6.9539,13.23,16,0,4,0,0,0,0,0,,,
17960905-6e7b-4339-a565-c9350b00b0a1,Wallis Orchard Practical Shooters November 2020 Club Match,2020-11-15,7,Stage 7,68B8DBBA-5048-42DC-9751-3468BC5302DC,Ross Apffel,15,74.30,2,80.43,Single Stack,A,L4428,MAJOR,,80.4272,74.3010,6.9169,13.59,14,0,6,0,0,0,0,0,,,
17960905-6e7b-4339-a565-c9350b00b0a1,Wallis Orchard Practical Shooters November 2020 Club Match,2020-11-15,7,Stage 7,68B8DBBA-5048-42DC-9751-3468BC5302DC,Matt Lem,16,73.56,7,77.97,Carry Optics,A,FY34763,MINOR,,77.9693,73.5630,6.8482,12.85,16,0,2,2,0,0,0,0,,,
17960905-6e7b-4339-a565-c9350b00b0a1,Wallis Orchard Practical Shooters November 2020 Club Match,2020-11-15,7,Stage 7,68B8DBBA-5048-42DC-9751-3468BC5302DC,Vinh Lam,17,73.24,1,100.00,Limited,A,TY101025,MAJOR,,100.0000,73.2407,6.8182,11.00,15,0,5,0,0,0,0,2,,,
17960905-6e7b-4339-a565-c9350b00b0a1,Wallis Orchard Practical Shooters November 2020 Club Match,2020-11-15,7,Stage 7,68B8DBBA-5048-42DC-9751-3468BC5302DC,Bobby Ivester,18,70.92,6,70.92,Open,M,A101336,MAJOR,,70.9151,70.9151,6.6017,13.33,12,0,6,2,0,0,0,0,,,
17960905-6e7b-4339-a565-c9350b00b0a1,Wallis Orchard Practical Shooters November 2020 Club Match,2020-11-15,7,Stage 7,68B8DBBA-5048-42DC-9751-3468BC5302DC,Ralph Migrino,19,69.02,8,73.16,Carry Optics,U,,MINOR,Military,73.1590,69.0245,6.4257,12.45,12,0,6,2,0,0,0,0,,,
17960905-6e7b-4339-a565-c9350b00b0a1,Wallis Orchard Practical Shooters November 2020 Club Match,2020-11-15,7,Stage 7,68B8DBBA-5048-42DC-9751-3468BC5302DC,Mike Junco,20,68.75,9,72.87,Carry Optics,A,FY34819,MINOR,,72.8664,68.7485,6.4000,13.75,14,0,6,0,0,0,0,0,,,
17960905-6e7b-4339-a565-c9350b00b0a1,Wallis Orchard Practical Shooters November 2020 Club Match,2020-11-15,7,Stage 7,68B8DBBA-5048-42DC-9751-3468BC5302DC,Ryan Alicaya,21,68.31,3,86.14,PCC,D,,MINOR,,86.1393,68.3059,6.3588,13.21,13,0,6,1,0,0,0,0,,,
17960905-6e7b-4339-a565-c9350b00b0a1,Wallis Orchard Practical Shooters November 2020 Club Match,2020-11-15,7,Stage 7,68B8DBBA-5048-42DC-9751-3468BC5302DC,Pete Kirchner,22,66.34,10,70.31,Carry Optics,A,TY105743,MINOR,,70.3092,66.3358,6.1754,14.25,15,0,4,1,0,0,0,0,,,
17960905-6e7b-4339-a565-c9350b00b0a1,Wallis Orchard Practical Shooters November 2020 Club Match,2020-11-15,7,Stage 7,68B8DBBA-5048-42DC-9751-3468BC5302DC,Steven McNamara,23,65.52,7,65.52,Open,B,A75212,MAJOR,Senior,65.5173,65.5173,6.0992,14.92,13,0,6,1,0,0,0,0,,,
17960905-6e7b-4339-a565-c9350b00b0a1,Wallis Orchard Practical Shooters November 2020 Club Match,2020-11-15,7,Stage 7,68B8DBBA-5048-42DC-9751-3468BC5302DC,Chandler Bassett,24,65.51,11,69.43,Carry Optics,B,TY112550,MINOR,,69.4348,65.5108,6.0986,11.97,13,0,6,0,1,0,0,0,,,
17960905-6e7b-4339-a565-c9350b00b0a1,Wallis Orchard Practical Shooters November 2020 Club Match,2020-11-15,7,Stage 7,68B8DBBA-5048-42DC-9751-3468BC5302DC,Austria John,25,62.97,12,66.74,Carry Optics,B,FY82746,MINOR,,66.7445,62.9725,5.8623,14.67,18,0,2,0,0,0,1,0,,,
17960905-6e7b-4339-a565-c9350b00b0a1,Wallis Orchard Practical Shooters November 2020 Club Match,2020-11-15,7,Stage 7,68B8DBBA-5048-42DC-9751-3468BC5302DC,Mike Mansilla,26,62.90,2,85.88,Limited,A,A42337,MAJOR,,85.8819,62.9005,5.8556,15.37,12,0,7,1,0,0,0,0,,,
17960905-6e7b-4339-a565-c9350b00b0a1,Wallis Orchard Practical Shooters November 2020 Club Match,2020-11-15,7,Stage 7,68B8DBBA-5048-42DC-9751-3468BC5302DC,Matthew Gonzalez,27,62.12,13,65.84,Carry Optics,D,A119810,MINOR,,65.8393,62.1185,5.7828,14.18,12,0,7,1,0,0,0,0,,,
17960905-6e7b-4339-a565-c9350b00b0a1,Wallis Orchard Practical Shooters November 2020 Club Match,2020-11-15,7,Stage 7,68B8DBBA-5048-42DC-9751-3468BC5302DC,Jon Baguio,28,61.53,14,65.21,Carry Optics,C,,MINOR,,65.2109,61.5256,5.7276,12.92,11,0,5,4,0,0,0,0,,,
17960905-6e7b-4339-a565-c9350b00b0a1,Wallis Orchard Practical Shooters November 2020 Club Match,2020-11-15,7,Stage 7,68B8DBBA-5048-42DC-9751-3468BC5302DC,Wade Pruetz,29,61.35,8,61.35,Open,A,TY79055,MAJOR,,61.3505,61.3505,5.7113,9.63,13,0,5,0,2,0,0,1,,,
17960905-6e7b-4339-a565-c9350b00b0a1,Wallis Orchard Practical Shooters November 2020 Club Match,2020-11-15,7,Stage 7,68B8DBBA-5048-42DC-9751-3468BC5302DC,Gary Wu,30,60.97,1,100.00,Production,B,L2998,MINOR,,100.0000,60.9659,5.6755,16.21,16,0,4,0,0,0,0,0,,,
17960905-6e7b-4339-a565-c9350b00b0a1,Wallis Orchard Practical Shooters November 2020 Club Match,2020-11-15,7,Stage 7,68B8DBBA-5048-42DC-9751-3468BC5302DC,Derek Rabuck,31,60.43,9,60.43,Open,U,TY91331,MAJOR,Lady,60.4342,60.4342,5.6260,12.62,9,0,7,4,0,0,1,0,,,
17960905-6e7b-4339-a565-c9350b00b0a1,Wallis Orchard Practical Shooters November 2020 Club Match,2020-11-15,7,Stage 7,68B8DBBA-5048-42DC-9751-3468BC5302DC,Eric Wu,32,60.07,2,98.52,Production,C,,MINOR,,98.5235,60.0657,5.5917,15.38,13,0,7,0,0,0,0,0,,,
17960905-6e7b-4339-a565-c9350b00b0a1,Wallis Orchard Practical Shooters November 2020 Club Match,2020-11-15,7,Stage 7,68B8DBBA-5048-42DC-9751-3468BC5302DC,Daniel Duong,33,59.58,15,63.14,Carry Optics,B,A112386,MINOR,,63.1444,59.5759,5.5461,17.67,19,0,1,0,0,0,0,0,,,
17960905-6e7b-4339-a565-c9350b00b0a1,Wallis Orchard Practical Shooters November 2020 Club Match,2020-11-15,7,Stage 7,68B8DBBA-5048-42DC-9751-3468BC5302DC,Rommel Mercado,34,58.36,4,73.59,PCC,B,TY70687,MINOR,,73.5939,58.3578,5.4327,15.83,14,0,5,1,0,0,0,0,,,
17960905-6e7b-4339-a565-c9350b00b0a1,Wallis Orchard Practical Shooters November 2020 Club Match,2020-11-15,7,Stage 7,68B8DBBA-5048-42DC-9751-3468BC5302DC,Jeffrey Polk,35,57.85,16,61.32,Carry Optics,C,TY104167,MINOR,,61.3171,57.8518,5.3856,16.34,14,0,6,0,0,0,0,0,,,
17960905-6e7b-4339-a565-c9350b00b0a1,Wallis Orchard Practical Shooters November 2020 Club Match,2020-11-15,7,Stage 7,68B8DBBA-5048-42DC-9751-3468BC5302DC,Ashley Sullivan,36,57.47,1,100.00,Limited 10,C,TY92392,MAJOR,Lady,100.0000,57.4694,5.3500,17.57,16,0,3,1,0,0,0,0,,,
17960905-6e7b-4339-a565-c9350b00b0a1,Wallis Orchard Practical Shooters November 2020 Club Match,2020-11-15,7,Stage 7,68B8DBBA-5048-42DC-9751-3468BC5302DC,Ridong Wen,37,57.42,17,60.86,Carry Optics,U,A99651,MINOR,,60.8628,57.4232,5.3457,14.03,15,0,3,1,1,0,0,0,,,
17960905-6e7b-4339-a565-c9350b00b0a1,Wallis Orchard Practical Shooters November 2020 Club Match,2020-11-15,7,Stage 7,68B8DBBA-5048-42DC-9751-3468BC5302DC,Chris Nagala,38,56.60,18,59.99,Carry Optics,C,TY97712,MINOR,,59.9861,56.5961,5.2687,18.98,20,0,0,0,0,0,0,0,,,
17960905-6e7b-4339-a565-c9350b00b0a1,Wallis Orchard Practical Shooters November 2020 Club Match,2020-11-15,7,Stage 7,68B8DBBA-5048-42DC-9751-3468BC5302DC,Jon Marino,39,56.54,10,56.54,Open,B,A93310,MINOR,,56.5370,56.5370,5.2632,15.96,12,0,8,0,0,0,0,0,,,
17960905-6e7b-4339-a565-c9350b00b0a1,Wallis Orchard Practical Shooters November 2020 Club Match,2020-11-15,7,Stage 7,68B8DBBA-5048-42DC-9751-3468BC5302DC,Mick Sambasile,40,54.44,11,54.44,Open,C,TY47665,MAJOR,Super Senior,54.4359,54.4359,5.0676,17.76,12,0,7,1,0,0,0,0,,,
17960905-6e7b-4339-a565-c9350b00b0a1,Wallis Orchard Practical Shooters November 2020 Club Match,2020-11-15,7,Stage 7,68B8DBBA-5048-42DC-9751-3468BC5302DC,Pat Byrne,41,54.33,3,58.81,Single Stack,B,FY93921,MAJOR,Super Senior,58.8068,54.3274,5.0575,17.40,12,0,6,2,0,0,0,0,,,
17960905-6e7b-4339-a565-c9350b00b0a1,Wallis Orchard Practical Shooters November 2020 Club Match,2020-11-15,7,Stage 7,68B8DBBA-5048-42DC-9751-3468BC5302DC,Glenn Cunningham,42,51.69,5,65.19,PCC,C,A78280,MINOR,Super Senior,65.1897,51.6935,4.8123,20.78,20,0,0,0,0,0,0,0,,,
17960905-6e7b-4339-a565-c9350b00b0a1,Wallis Orchard Practical Shooters November 2020 Club Match,2020-11-15,7,Stage 7,68B8DBBA-5048-42DC-9751-3468BC5302DC,Nicholas Hauser,43,51.59,19,54.68,Carry Optics,C,A127395,MINOR,,54.6839,51.5936,4.8030,16.24,14,0,6,0,0,0,1,0,,,
17960905-6e7b-4339-a565-c9350b00b0a1,Wallis Orchard Practical Shooters November 2020 Club Match,2020-11-15,7,Stage 7,68B8DBBA-5048-42DC-9751-3468BC5302DC,Billy Banks,44,48.00,20,50.88,Carry Optics,U,A49856,MINOR,Law Enforcement,50.8790,48.0036,4.4688,21.93,19,0,1,0,0,0,0,0,,,
17960905-6e7b-4339-a565-c9350b00b0a1,Wallis Orchard Practical Shooters November 2020 Club Match,2020-11-15,7,Stage 7,68B8DBBA-5048-42DC-9751-3468BC5302DC,Jun Wu,45,47.60,21,50.45,Carry Optics,U,,MINOR,,50.4520,47.6008,4.4313,20.31,15,0,5,0,0,0,0,0,,,
17960905-6e7b-4339-a565-c9350b00b0a1,Wallis Orchard Practical Shooters November 2020 Club Match,2020-11-15,7,Stage 7,68B8DBBA-5048-42DC-9751-3468BC5302DC,Marlon Poralan,46,47.46,6,59.85,PCC,U,TY76330,MINOR,Law Enforcement,59.8523,47.4611,4.4183,20.37,16,0,3,1,0,0,0,0,,,
17960905-6e7b-4339-a565-c9350b00b0a1,Wallis Orchard Practical Shooters November 2020 Club Match,2020-11-15,7,Stage 7,68B8DBBA-5048-42DC-9751-3468BC5302DC,Mitchell Ivey,47,46.88,22,49.69,Carry Optics,C,A116953,MINOR,,49.6892,46.8811,4.3643,15.81,12,0,6,1,1,0,0,0,,,
17960905-6e7b-4339-a565-c9350b00b0a1,Wallis Orchard Practical Shooters November 2020 Club Match,2020-11-15,7,Stage 7,68B8DBBA-5048-42DC-9751-3468BC5302DC,Benjamin Michael,48,43.80,4,47.41,Single Stack,C,A115982,MAJOR,,47.4129,43.8014,4.0776,20.11,12,0,3,5,0,0,0,0,,,
17960905-6e7b-4339-a565-c9350b00b0a1,Wallis Orchard Practical Shooters November 2020 Club Match,2020-11-15,7,Stage 7,68B8DBBA-5048-42DC-9751-3468BC5302DC,shangyang huang,49,43.31,23,45.90,Carry Optics,C,A111209,MINOR,,45.9024,43.3083,4.0317,15.13,17,0,2,0,1,0,2,0,,,
17960905-6e7b-4339-a565-c9350b00b0a1,Wallis Orchard Practical Shooters November 2020 Club Match,2020-11-15,7,Stage 7,68B8DBBA-5048-42DC-9751-3468BC5302DC,Jason Wilson,50,43.23,2,75.22,Limited 10,U,A94696,MAJOR,,75.2243,43.2310,4.0245,19.63,15,0,3,1,1,0,0,0,,,
17960905-6e7b-4339-a565-c9350b00b0a1,Wallis Orchard Practical Shooters November 2020 Club Match,2020-11-15,7,Stage 7,68B8DBBA-5048-42DC-9751-3468BC5302DC,Norman Oducado,51,42.50,3,58.02,Limited,C,A103491,MINOR,,58.0212,42.4951,3.9560,13.65,10,0,8,0,2,0,0,0,,,
17960905-6e7b-4339-a565-c9350b00b0a1,Wallis Orchard Practical Shooters November 2020 Club Match,2020-11-15,7,Stage 7,68B8DBBA-5048-42DC-9751-3468BC5302DC,Bill Kinstley,52,40.75,4,55.64,Limited,B,A104836,MAJOR,,55.6408,40.7517,3.7937,16.87,14,0,3,1,2,0,0,0,,,
17960905-6e7b-4339-a565-c9350b00b0a1,Wallis Orchard Practical Shooters November 2020 Club Match,2020-11-15,7,Stage 7,68B8DBBA-5048-42DC-9751-3468BC5302DC,Wilson Maguigad,53,39.66,12,39.66,Open,D,TY97451,MINOR,Senior,39.6593,39.6593,3.6920,22.21,11,0,9,0,0,0,0,0,,,
17960905-6e7b-4339-a565-c9350b00b0a1,Wallis Orchard Practical Shooters November 2020 Club Match,2020-11-15,7,Stage 7,68B8DBBA-5048-42DC-9751-3468BC5302DC,Emman Alcoseba,54,39.60,5,54.07,Limited,C,TY67519,MAJOR,Senior,54.0700,39.6013,3.6866,17.36,10,0,8,1,1,0,1,0,,,
17960905-6e7b-4339-a565-c9350b00b0a1,Wallis Orchard Practical Shooters November 2020 Club Match,2020-11-15,7,Stage 7,68B8DBBA-5048-42DC-9751-3468BC5302DC,Angela Rabuck,55,38.90,24,41.23,Carry Optics,U,TY91275,MINOR,Lady,41.2344,38.9041,3.6217,19.88,12,0,7,1,0,0,1,0,,,
17960905-6e7b-4339-a565-c9350b00b0a1,Wallis Orchard Practical Shooters November 2020 Club Match,2020-11-15,7,Stage 7,68B8DBBA-5048-42DC-9751-3468BC5302DC,Eric Mccampbell,56,38.56,7,48.63,PCC,C,A14332,MINOR,Senior,48.6305,38.5625,3.5899,25.07,16,0,3,1,0,0,0,0,,,
17960905-6e7b-4339-a565-c9350b00b0a1,Wallis Orchard Practical Shooters November 2020 Club Match,2020-11-15,7,Stage 7,68B8DBBA-5048-42DC-9751-3468BC5302DC,Kevin Baker,57,38.56,3,63.25,Production,C,A95439,MINOR,,63.2455,38.5582,3.5895,25.63,17,0,2,1,0,0,0,0,,,
17960905-6e7b-4339-a565-c9350b00b0a1,Wallis Orchard Practical Shooters November 2020 Club Match,2020-11-15,7,Stage 7,68B8DBBA-5048-42DC-9751-3468BC5302DC,Antonio Tormis,58,35.84,25,37.99,Carry Optics,C,A124958,MINOR,,37.9918,35.8448,3.3369,18.88,14,0,4,1,1,0,1,0,,,
17960905-6e7b-4339-a565-c9350b00b0a1,Wallis Orchard Practical Shooters November 2020 Club Match,2020-11-15,7,Stage 7,68B8DBBA-5048-42DC-9751-3468BC5302DC,James Tonkinson,59,31.85,26,33.76,Carry Optics,B,A123944,MINOR,,33.7576,31.8499,2.9650,14.84,6,0,11,1,2,0,0,0,,,
17960905-6e7b-4339-a565-c9350b00b0a1,Wallis Orchard Practical Shooters November 2020 Club Match,2020-11-15,7,Stage 7,68B8DBBA-5048-42DC-9751-3468BC5302DC,CHAN WILLIAM,60,31.81,27,33.72,Carry Optics,C,,MINOR,,33.7178,31.8123,2.9615,10.13,11,0,5,0,4,0,0,0,,,
17960905-6e7b-4339-a565-c9350b00b0a1,Wallis Orchard Practical Shooters November 2020 Club Match,2020-11-15,7,Stage 7,68B8DBBA-5048-42DC-9751-3468BC5302DC,Gary Brisco,61,31.38,8,39.58,PCC,D,FY73704,MINOR,Senior,39.5787,31.3847,2.9217,28.75,14,0,4,2,0,0,0,0,,,
17960905-6e7b-4339-a565-c9350b00b0a1,Wallis Orchard Practical Shooters November 2020 Club Match,2020-11-15,7,Stage 7,68B8DBBA-5048-42DC-9751-3468BC5302DC,Richard Dillow,62,30.15,6,41.16,Limited,C,FY57446,MAJOR,Super Senior,41.1604,30.1462,2.8064,34.92,18,0,2,0,0,0,0,0,,,
17960905-6e7b-4339-a565-c9350b00b0a1,Wallis Orchard Practical Shooters November 2020 Club Match,2020-11-15,7,Stage 7,68B8DBBA-5048-42DC-9751-3468BC5302DC,Jim Havens,63,27.32,28,28.96,Carry Optics,A,A114636,MINOR,,28.9587,27.3221,2.5435,23.59,15,0,5,0,0,0,3,0,,,
17960905-6e7b-4339-a565-c9350b00b0a1,Wallis Orchard Practical Shooters November 2020 Club Match,2020-11-15,7,Stage 7,68B8DBBA-5048-42DC-9751-3468BC5302DC,Andrew Whitley,64,26.71,13,26.71,Open,B,TY106649,MAJOR,,26.7066,26.7066,2.4862,14.48,12,0,6,1,1,0,4,0,,,
17960905-6e7b-4339-a565-c9350b00b0a1,Wallis Orchard Practical Shooters November 2020 Club Match,2020-11-15,7,Stage 7,68B8DBBA-5048-42DC-9751-3468BC5302DC,Boyd Nabas,65,21.19,29,22.46,Carry Optics,U,,MINOR,Junior,22.4576,21.1885,1.9725,21.80,12,0,3,4,1,0,2,0,,,
17960905-6e7b-4339-a565-c9350b00b0a1,Wallis Orchard Practical Shooters November 2020 Club Match,2020-11-15,7,Stage 7,68B8DBBA-5048-42DC-9751-3468BC5302DC,Dale Hamm,66,18.51,5,20.03,Single Stack,D,TY97196,MAJOR,Senior,20.0333,18.5073,1.7229,27.28,9,0,7,2,2,0,1,0,,,
17960905-6e7b-4339-a565-c9350b00b0a1,Wallis Orchard Practical Shooters November 2020 Club Match,2020-11-15,7,Stage 7,68B8DBBA-5048-42DC-9751-3468BC5302DC,Garrick Gonzalez,67,8.50,30,9.01,Carry Optics,B,A119804,MINOR,,9.0070,8.4980,0.7911,12.64,12,0,3,1,4,0,2,0,,,
17960905-6e7b-4339-a565-c9350b00b0a1,Wallis Orchard Practical Shooters November 2020 Club Match,2020-11-15,7,Stage 7,68B8DBBA-5048-42DC-9751-3468BC5302DC,Kim Tran,68,0.00,14,0.00,Open,B,TY99963,MAJOR,Lady,0.0000,0.0000,,,,,×0.11,×0.32,×1.61,,×1.07,,,,10.74
17960905-6e7b-4339-a565-c9350b00b0a1,Wallis Orchard Practical Shooters November 2020 Club Match,2020-11-15,7,Stage 7,68B8DBBA-5048-42DC-9751-3468BC5302DC,randy callison,69,0.00,9,0.00,PCC,A,A14418,MINOR,Senior,0.0000,0.0000,,,,,×0.27,×0.54,×2.03,,×1.35,,,,13.55
17960905-6e7b-4339-a565-c9350b00b0a1,Wallis Orchard Practical Shooters November 2020 Club Match,2020-11-15,7,Stage 7,68B8DBBA-5048-42DC-9751-3468BC5302DC,Adrianne Ramos,70,0.00,4,0.00,Production,U,,MINOR,,0.0000,0.0000,0.0000,21.40,4,0,4,3,9,0,0,0,,,
