match_id,match_name,match_date,stage_number,stage_name,stage_uuid,shooter_name,shooter_rank_combined,shooter_percent_combined,shooter_rank_division,shooter_percent_division,division,class,member_number,power_factor,categories,stage_points,stage_points_combined,hit_factor,time,A,B,C,D,M,NPM,NS,Proc,Apen
2170c5f9-ac27-4755-8693-f4d60a14c9c1,GPS USPSA Extra Saturday Second Chance Match,2022-04-30,1,Bay 4: Fluffy's Revenge 2,38e64ebf-f59d-4c99-8b05-843ee4be5a21,Derek Rabuck,1,100.00,1,100.00,PCC,B,Ty91331,MINOR,,40.0000,40.0000,12.2449,2.94,6,,2,,,,,,
2170c5f9-ac27-4755-8693-f4d60a14c9c1,GPS USPSA Extra Saturday Second Chance Match,2022-04-30,1,Bay 4: Fluffy's Revenge 2,38e64ebf-f59d-4c99-8b05-843ee4be5a21,Lan Nguyen,2,92.12,1,100.00,Open,A,Ty81359,MAJOR,,40.0000,36.8496,11.2805,3.28,5,,3,,,,,,
2170c5f9-ac27-4755-8693-f4d60a14c9c1,GPS USPSA Extra Saturday Second Chance Match,2022-04-30,1,Bay 4: Fluffy's Revenge 2,38e64ebf-f59d-4c99-8b05-843ee4be5a21,Jack Liu,3,91.01,2,91.01,PCC,C,Ty130790,MINOR,,36.4027,36.4027,11.1437,3.41,7,,1,,,,,,
2170c5f9-ac27-4755-8693-f4d60a14c9c1,GPS USPSA Extra Saturday Second Chance Match,2022-04-30,1,Bay 4: Fluffy's Revenge 2,38e64ebf-f59d-4c99-8b05-843ee4be5a21,Zvi Davidoff,4,87.42,2,94.89,Open,M,TY68524,MAJOR,,37.9565,34.9670,10.7042,3.55,6,,2,,,,,,
2170c5f9-ac27-4755-8693-f4d60a14c9c1,GPS USPSA Extra Saturday Second Chance Match,2022-04-30,1,Bay 4: Fluffy's Revenge 2,38e64ebf-f59d-4c99-8b05-843ee4be5a21,Brandon Foss,5,86.44,1,100.00,Carry Optics,M,L5142,MINOR,,40.0000,34.5777,10.5850,3.59,7,,1,,,,,,
2170c5f9-ac27-4755-8693-f4d60a14c9c1,GPS USPSA Extra Saturday Second Chance Match,2022-04-30,1,Bay 4: Fluffy's Revenge 2,38e64ebf-f59d-4c99-8b05-843ee4be5a21,Jorge Cahas,6,84.93,3,92.19,Open,B,F-44522,MAJOR,Senior,36.8778,33.9733,10.4000,3.75,7,,1,,,,,,
2170c5f9-ac27-4755-8693-f4d60a14c9c1,GPS USPSA Extra Saturday Second Chance Match,2022-04-30,1,Bay 4: Fluffy's Revenge 2,38e64ebf-f59d-4c99-8b05-843ee4be5a21,Ross Apffel,7,83.60,1,100.00,Limited,A,L4428,MAJOR,,40.0000,33.4382,10.2362,3.81,7,,1,,,,,,
2170c5f9-ac27-4755-8693-f4d60a14c9c1,GPS USPSA Extra Saturday Second Chance Match,2022-04-30,1,Bay 4: Fluffy's Revenge 2,38e64ebf-f59d-4c99-8b05-843ee4be5a21,Jason Wells2,8,81.88,1,100.00,Single Stack,A,L5218,MAJOR,,40.0000,32.7506,10.0257,3.89,7,,1,,,,,,
2170c5f9-ac27-4755-8693-f4d60a14c9c1,GPS USPSA Extra Saturday Second Chance Match,2022-04-30,1,Bay 4: Fluffy's Revenge 2,38e64ebf-f59d-4c99-8b05-843ee4be5a21,Kent Leslie,9,81.67,2,97.69,Limited,G,TY1808,MAJOR,Super Senior,39.0770,32.6667,10.0000,3.80,6,,2,,,,,,
2170c5f9-ac27-4755-8693-f4d60a14c9c1,GPS USPSA Extra Saturday Second Chance Match,2022-04-30,1,Bay 4: Fluffy's Revenge 2,38e64ebf-f59d-4c99-8b05-843ee4be5a21,Jim Havens,10,81.44,2,94.21,Carry Optics,G,TY114636,MINOR,,37.6846,32.5762,9.9723,3.61,6,,2,,,,,,
2170c5f9-ac27-4755-8693-f4d60a14c9c1,GPS USPSA Extra Saturday Second Chance Match,2022-04-30,1,Bay 4: Fluffy's Revenge 2,38e64ebf-f59d-4c99-8b05-843ee4be5a21,Mike Whitesides,11,80.79,4,87.70,Open,A,TY81358,MAJOR,,35.0800,32.3171,9.8930,3.74,5,,3,,,,,,
2170c5f9-ac27-4755-8693-f4d60a14c9c1,GPS USPSA Extra Saturday Second Chance Match,2022-04-30,1,Bay 4: Fluffy's Revenge 2,38e64ebf-f59d-4c99-8b05-843ee4be5a21,Elisabeth Steiger,12,80.33,3,80.33,PCC,C,A136514,MINOR,Lady,32.1313,32.1313,9.8361,3.66,6,,2,,,,,,
2170c5f9-ac27-4755-8693-f4d60a14c9c1,GPS USPSA Extra Saturday Second Chance Match,2022-04-30,1,Bay 4: Fluffy's Revenge 2,38e64ebf-f59d-4c99-8b05-843ee4be5a21,Travis McKenzie,13,79.67,3,92.17,Carry Optics,B,TY139201,MINOR,,36.8676,31.8699,9.7561,3.69,6,,2,,,,,,
2170c5f9-ac27-4755-8693-f4d60a14c9c1,GPS USPSA Extra Saturday Second Chance Match,2022-04-30,1,Bay 4: Fluffy's Revenge 2,38e64ebf-f59d-4c99-8b05-843ee4be5a21,Devin Yolo,14,79.03,4,91.43,Carry Optics,B,A112987,MINOR,,36.5702,31.6128,9.6774,3.72,6,,2,,,,,,
2170c5f9-ac27-4755-8693-f4d60a14c9c1,GPS USPSA Extra Saturday Second Chance Match,2022-04-30,1,Bay 4: Fluffy's Revenge 2,38e64ebf-f59d-4c99-8b05-843ee4be5a21,Ridong Wen,15,78.37,5,90.66,Carry Optics,B,A99651,MINOR,,36.2626,31.3469,9.5960,3.96,7,,1,,,,,,
2170c5f9-ac27-4755-8693-f4d60a14c9c1,GPS USPSA Extra Saturday Second Chance Match,2022-04-30,1,Bay 4: Fluffy's Revenge 2,38e64ebf-f59d-4c99-8b05-843ee4be5a21,John Austria,16,77.37,5,83.98,Open,B,Fy82746,MAJOR,Foreign,33.5932,30.9474,9.4737,3.80,6,,1,1,,,,,
2170c5f9-ac27-4755-8693-f4d60a14c9c1,GPS USPSA Extra Saturday Second Chance Match,2022-04-30,1,Bay 4: Fluffy's Revenge 2,38e64ebf-f59d-4c99-8b05-843ee4be5a21,Carlos Escandon,17,75.12,2,91.75,Single Stack,B,L2590,MAJOR,Super Senior,36.6981,30.0471,9.1981,4.24,7,,1,,,,,,
2170c5f9-ac27-4755-8693-f4d60a14c9c1,GPS USPSA Extra Saturday Second Chance Match,2022-04-30,1,Bay 4: Fluffy's Revenge 2,38e64ebf-f59d-4c99-8b05-843ee4be5a21,Mike Benitez,18,75.10,6,86.87,Carry Optics,U,A98298,MINOR,,34.7488,30.0383,9.1954,4.35,8,,,,,,,,
2170c5f9-ac27-4755-8693-f4d60a14c9c1,GPS USPSA Extra Saturday Second Chance Match,2022-04-30,1,Bay 4: Fluffy's Revenge 2,38e64ebf-f59d-4c99-8b05-843ee4be5a21,Chez Chike-Udenze,19,74.60,7,86.30,Carry Optics,B,A138598,MINOR,,34.5190,29.8397,9.1346,4.16,7,,1,,,,,,
2170c5f9-ac27-4755-8693-f4d60a14c9c1,GPS USPSA Extra Saturday Second Chance Match,2022-04-30,1,Bay 4: Fluffy's Revenge 2,38e64ebf-f59d-4c99-8b05-843ee4be5a21,Roman Gwiscz,20,73.50,8,85.03,Carry Optics,A,L4670,MINOR,,34.0104,29.4000,9.0000,4.00,6,,2,,,,,,
2170c5f9-ac27-4755-8693-f4d60a14c9c1,GPS USPSA Extra Saturday Second Chance Match,2022-04-30,1,Bay 4: Fluffy's Revenge 2,38e64ebf-f59d-4c99-8b05-843ee4be5a21,Christopher Ham,21,73.07,4,73.07,PCC,U,A135936,MINOR,,29.2282,29.2282,8.9474,3.80,5,,3,,,,,,
2170c5f9-ac27-4755-8693-f4d60a14c9c1,GPS USPSA Extra Saturday Second Chance Match,2022-04-30,1,Bay 4: Fluffy's Revenge 2,38e64ebf-f59d-4c99-8b05-843ee4be5a21,Steven McNamara,22,72.85,6,79.08,Open,B,A75212,MAJOR,Senior,31.6305,29.1393,8.9202,4.26,6,,2,,,,,,
2170c5f9-ac27-4755-8693-f4d60a14c9c1,GPS USPSA Extra Saturday Second Chance Match,2022-04-30,1,Bay 4: Fluffy's Revenge 2,38e64ebf-f59d-4c99-8b05-843ee4be5a21,Vinh Lam,23,71.10,3,85.06,Limited,M,TY101025,MAJOR,,34.0224,28.4412,8.7065,4.02,3,,5,,,,,,
2170c5f9-ac27-4755-8693-f4d60a14c9c1,GPS USPSA Extra Saturday Second Chance Match,2022-04-30,1,Bay 4: Fluffy's Revenge 2,38e64ebf-f59d-4c99-8b05-843ee4be5a21,Abrahan Figueroa,24,70.05,7,76.04,Open,C,TY54053,MAJOR,Senior,30.4167,28.0211,8.5779,4.43,6,,2,,,,,,
2170c5f9-ac27-4755-8693-f4d60a14c9c1,GPS USPSA Extra Saturday Second Chance Match,2022-04-30,1,Bay 4: Fluffy's Revenge 2,38e64ebf-f59d-4c99-8b05-843ee4be5a21,Wade Pruetz,25,69.74,5,69.74,PCC,M,TY79055,MINOR,,27.8950,27.8950,8.5393,4.45,7,,1,,,,,,
2170c5f9-ac27-4755-8693-f4d60a14c9c1,GPS USPSA Extra Saturday Second Chance Match,2022-04-30,1,Bay 4: Fluffy's Revenge 2,38e64ebf-f59d-4c99-8b05-843ee4be5a21,Corey Slifko,26,69.58,8,75.53,Open,A,82935,MAJOR,,30.2121,27.8326,8.5202,4.46,6,,2,,,,,,
2170c5f9-ac27-4755-8693-f4d60a14c9c1,GPS USPSA Extra Saturday Second Chance Match,2022-04-30,1,Bay 4: Fluffy's Revenge 2,38e64ebf-f59d-4c99-8b05-843ee4be5a21,Jun Wu,27,68.96,9,79.78,Carry Optics,B,TY104927,MINOR,,31.9108,27.5850,8.4444,4.50,7,,1,,,,,,
2170c5f9-ac27-4755-8693-f4d60a14c9c1,GPS USPSA Extra Saturday Second Chance Match,2022-04-30,1,Bay 4: Fluffy's Revenge 2,38e64ebf-f59d-4c99-8b05-843ee4be5a21,Matthew Michna,28,68.56,10,79.31,Carry Optics,C,A128405,MINOR,,31.7245,27.4240,8.3951,4.05,5,,3,,,,,,
2170c5f9-ac27-4755-8693-f4d60a14c9c1,GPS USPSA Extra Saturday Second Chance Match,2022-04-30,1,Bay 4: Fluffy's Revenge 2,38e64ebf-f59d-4c99-8b05-843ee4be5a21,Paul Felker,29,67.56,11,78.15,Carry Optics,M,TY107123,MINOR,,31.2612,27.0235,8.2725,4.11,5,,3,,,,,,
2170c5f9-ac27-4755-8693-f4d60a14c9c1,GPS USPSA Extra Saturday Second Chance Match,2022-04-30,1,Bay 4: Fluffy's Revenge 2,38e64ebf-f59d-4c99-8b05-843ee4be5a21,JOSE ONIA,30,67.35,12,77.92,Carry Optics,C,A134359,MINOR,,31.1664,26.9415,8.2474,3.88,4,,4,,,,,,
2170c5f9-ac27-4755-8693-f4d60a14c9c1,GPS USPSA Extra Saturday Second Chance Match,2022-04-30,1,Bay 4: Fluffy's Revenge 2,38e64ebf-f59d-4c99-8b05-843ee4be5a21,Adriel Taylor,31,66.62,9,72.31,Open,C,A104321,MAJOR,,28.9246,26.6465,8.1571,3.31,3,,1,4,,,,,
2170c5f9-ac27-4755-8693-f4d60a14c9c1,GPS USPSA Extra Saturday Second Chance Match,2022-04-30,1,Bay 4: Fluffy's Revenge 2,38e64ebf-f59d-4c99-8b05-843ee4be5a21,Page Brunkhorst,32,65.06,3,79.46,Single Stack,C,L4903,MAJOR,Senior,31.7843,26.0239,7.9665,4.77,6,,2,,,,,,
2170c5f9-ac27-4755-8693-f4d60a14c9c1,GPS USPSA Extra Saturday Second Chance Match,2022-04-30,1,Bay 4: Fluffy's Revenge 2,38e64ebf-f59d-4c99-8b05-843ee4be5a21,Jonathan Backof,33,64.15,4,78.35,Single Stack,B,A116878,MAJOR,,31.3419,25.6616,7.8556,4.71,5,,3,,,,,,
2170c5f9-ac27-4755-8693-f4d60a14c9c1,GPS USPSA Extra Saturday Second Chance Match,2022-04-30,1,Bay 4: Fluffy's Revenge 2,38e64ebf-f59d-4c99-8b05-843ee4be5a21,Michael Rominiyi,34,62.34,13,72.12,Carry Optics,B,A138602,MINOR,,28.8469,24.9364,7.6336,3.93,3,,5,,,,,,
2170c5f9-ac27-4755-8693-f4d60a14c9c1,GPS USPSA Extra Saturday Second Chance Match,2022-04-30,1,Bay 4: Fluffy's Revenge 2,38e64ebf-f59d-4c99-8b05-843ee4be5a21,Michael Pontious,35,60.49,10,65.67,Open,B,FY94575,MAJOR,Senior,26.2662,24.1975,7.4074,4.59,4,,3,1,,,,,
2170c5f9-ac27-4755-8693-f4d60a14c9c1,GPS USPSA Extra Saturday Second Chance Match,2022-04-30,1,Bay 4: Fluffy's Revenge 2,38e64ebf-f59d-4c99-8b05-843ee4be5a21,Gary Wu,36,58.11,14,67.23,Carry Optics,B,L2998,MINOR,Senior,26.8913,23.2459,7.1161,5.34,7,,1,,,,,,
2170c5f9-ac27-4755-8693-f4d60a14c9c1,GPS USPSA Extra Saturday Second Chance Match,2022-04-30,1,Bay 4: Fluffy's Revenge 2,38e64ebf-f59d-4c99-8b05-843ee4be5a21,John Brunkhorst,37,57.92,15,67.00,Carry Optics,B,A116144,MINOR,,26.8009,23.1678,7.0922,4.23,4,,3,1,,,,,
2170c5f9-ac27-4755-8693-f4d60a14c9c1,GPS USPSA Extra Saturday Second Chance Match,2022-04-30,1,Bay 4: Fluffy's Revenge 2,38e64ebf-f59d-4c99-8b05-843ee4be5a21,David Young,38,57.85,16,66.92,Carry Optics,C,Ty130791,MINOR,,26.7673,23.1388,7.0833,4.80,6,,1,1,,,,,
2170c5f9-ac27-4755-8693-f4d60a14c9c1,GPS USPSA Extra Saturday Second Chance Match,2022-04-30,1,Bay 4: Fluffy's Revenge 2,38e64ebf-f59d-4c99-8b05-843ee4be5a21,Pat Byrne,39,57.58,4,68.87,Limited,B,Fy93921,MAJOR,Super Senior,27.5497,23.0303,7.0501,5.39,6,,2,,,,,,
2170c5f9-ac27-4755-8693-f4d60a14c9c1,GPS USPSA Extra Saturday Second Chance Match,2022-04-30,1,Bay 4: Fluffy's Revenge 2,38e64ebf-f59d-4c99-8b05-843ee4be5a21,Brett Dempsey,40,57.21,17,66.18,Carry Optics,C,TY114367,MINOR,,26.4726,22.8840,7.0053,5.71,8,,,,,,,,
2170c5f9-ac27-4755-8693-f4d60a14c9c1,GPS USPSA Extra Saturday Second Chance Match,2022-04-30,1,Bay 4: Fluffy's Revenge 2,38e64ebf-f59d-4c99-8b05-843ee4be5a21,Alonzo Jackson,41,56.76,18,65.66,Carry Optics,D,ty138613,MINOR,,26.2628,22.7027,6.9498,5.18,7,,,1,,,,,
2170c5f9-ac27-4755-8693-f4d60a14c9c1,GPS USPSA Extra Saturday Second Chance Match,2022-04-30,1,Bay 4: Fluffy's Revenge 2,38e64ebf-f59d-4c99-8b05-843ee4be5a21,Sobe Mehkri,42,56.58,11,61.42,Open,U,A135105,MINOR,,24.5677,22.6328,6.9284,4.33,4,,3,1,,,,,
2170c5f9-ac27-4755-8693-f4d60a14c9c1,GPS USPSA Extra Saturday Second Chance Match,2022-04-30,1,Bay 4: Fluffy's Revenge 2,38e64ebf-f59d-4c99-8b05-843ee4be5a21,Robbie Boettcher,43,56.44,19,65.29,Carry Optics,U,A139912,MINOR,,26.1177,22.5772,6.9114,4.63,5,,2,1,,,,,
2170c5f9-ac27-4755-8693-f4d60a14c9c1,GPS USPSA Extra Saturday Second Chance Match,2022-04-30,1,Bay 4: Fluffy's Revenge 2,38e64ebf-f59d-4c99-8b05-843ee4be5a21,Patrick Yang,44,55.68,20,64.41,Carry Optics,C,L4392,MINOR,,25.7655,22.2728,6.8182,4.40,5,,1,2,,,,,
2170c5f9-ac27-4755-8693-f4d60a14c9c1,GPS USPSA Extra Saturday Second Chance Match,2022-04-30,1,Bay 4: Fluffy's Revenge 2,38e64ebf-f59d-4c99-8b05-843ee4be5a21,Eric Wu,45,55.02,21,63.64,Carry Optics,U,TY104740,MINOR,,25.4579,22.0069,6.7368,4.75,4,,4,,,,,,
2170c5f9-ac27-4755-8693-f4d60a14c9c1,GPS USPSA Extra Saturday Second Chance Match,2022-04-30,1,Bay 4: Fluffy's Revenge 2,38e64ebf-f59d-4c99-8b05-843ee4be5a21,Jarrett Grimes,46,54.34,22,62.86,Carry Optics,C,A140749,MINOR,,25.1435,21.7351,6.6536,5.11,5,,3,,,,,,
2170c5f9-ac27-4755-8693-f4d60a14c9c1,GPS USPSA Extra Saturday Second Chance Match,2022-04-30,1,Bay 4: Fluffy's Revenge 2,38e64ebf-f59d-4c99-8b05-843ee4be5a21,Antonio Tormis,47,54.17,23,62.67,Carry Optics,B,A124958,MINOR,,25.0675,21.6694,6.6335,6.03,8,,,,,,,,
2170c5f9-ac27-4755-8693-f4d60a14c9c1,GPS USPSA Extra Saturday Second Chance Match,2022-04-30,1,Bay 4: Fluffy's Revenge 2,38e64ebf-f59d-4c99-8b05-843ee4be5a21,Albert Montanez,48,51.83,12,56.26,Open,M,TY101554,MAJOR,,22.5043,20.7319,6.3465,5.83,7,,,1,,,,,
2170c5f9-ac27-4755-8693-f4d60a14c9c1,GPS USPSA Extra Saturday Second Chance Match,2022-04-30,1,Bay 4: Fluffy's Revenge 2,38e64ebf-f59d-4c99-8b05-843ee4be5a21,Khoa Nguyen,49,50.74,1,100.00,Production,A,A117224,MINOR,Law Enforcement,40.0000,20.2978,6.2136,5.15,4,,4,,,,,,
2170c5f9-ac27-4755-8693-f4d60a14c9c1,GPS USPSA Extra Saturday Second Chance Match,2022-04-30,1,Bay 4: Fluffy's Revenge 2,38e64ebf-f59d-4c99-8b05-843ee4be5a21,Ryan Alicaya,50,48.13,24,55.68,Carry Optics,D,A106355,MINOR,,22.2726,19.2534,5.8939,5.09,3,,5,,,,,,
2170c5f9-ac27-4755-8693-f4d60a14c9c1,GPS USPSA Extra Saturday Second Chance Match,2022-04-30,1,Bay 4: Fluffy's Revenge 2,38e64ebf-f59d-4c99-8b05-843ee4be5a21,Drew Yang,51,47.12,2,92.85,Production,C,A138478,MINOR,,37.1392,18.8461,5.7692,6.24,6,,2,,,,,,
2170c5f9-ac27-4755-8693-f4d60a14c9c1,GPS USPSA Extra Saturday Second Chance Match,2022-04-30,1,Bay 4: Fluffy's Revenge 2,38e64ebf-f59d-4c99-8b05-843ee4be5a21,Jeannie Marrone,52,46.48,13,50.45,Open,C,A133357,MAJOR,Lady; Super Senior,20.1803,18.5909,5.6911,6.15,5,,2,1,,,,,
2170c5f9-ac27-4755-8693-f4d60a14c9c1,GPS USPSA Extra Saturday Second Chance Match,2022-04-30,1,Bay 4: Fluffy's Revenge 2,38e64ebf-f59d-4c99-8b05-843ee4be5a21,Matthew Gonzalez,53,45.37,25,52.49,Carry Optics,B,A119810,MINOR,,20.9942,18.1483,5.5556,4.14,6,,1,,1,,,,
2170c5f9-ac27-4755-8693-f4d60a14c9c1,GPS USPSA Extra Saturday Second Chance Match,2022-04-30,1,Bay 4: Fluffy's Revenge 2,38e64ebf-f59d-4c99-8b05-843ee4be5a21,Stephanie Marie,54,43.79,26,50.66,Carry Optics,D,A139099,MINOR,Lady,20.2623,17.5155,5.3619,7.46,8,,,,,,,,
2170c5f9-ac27-4755-8693-f4d60a14c9c1,GPS USPSA Extra Saturday Second Chance Match,2022-04-30,1,Bay 4: Fluffy's Revenge 2,38e64ebf-f59d-4c99-8b05-843ee4be5a21,Gennady Khokhorin,55,42.77,3,84.29,Production,C,A123884,MINOR,Super Senior,33.7151,17.1085,5.2373,6.11,6,,,2,,,,,
2170c5f9-ac27-4755-8693-f4d60a14c9c1,GPS USPSA Extra Saturday Second Chance Match,2022-04-30,1,Bay 4: Fluffy's Revenge 2,38e64ebf-f59d-4c99-8b05-843ee4be5a21,Jimmy Durham,56,42.03,14,45.63,Open,C,TY135611,MAJOR,,18.2513,16.8139,5.1471,6.80,5,,2,1,,,,,
2170c5f9-ac27-4755-8693-f4d60a14c9c1,GPS USPSA Extra Saturday Second Chance Match,2022-04-30,1,Bay 4: Fluffy's Revenge 2,38e64ebf-f59d-4c99-8b05-843ee4be5a21,Miguel Gonzalez,57,39.08,4,77.02,Production,U,0,MINOR,,30.8092,15.6339,4.7859,7.94,7,,1,,,,,,
2170c5f9-ac27-4755-8693-f4d60a14c9c1,GPS USPSA Extra Saturday Second Chance Match,2022-04-30,1,Bay 4: Fluffy's Revenge 2,38e64ebf-f59d-4c99-8b05-843ee4be5a21,JR Roberts,58,36.95,5,44.20,Limited,C,TY102739,MAJOR,,17.6820,14.7813,4.5249,8.84,8,,,,,,,,
2170c5f9-ac27-4755-8693-f4d60a14c9c1,GPS USPSA Extra Saturday Second Chance Match,2022-04-30,1,Bay 4: Fluffy's Revenge 2,38e64ebf-f59d-4c99-8b05-843ee4be5a21,Anthony Fong,59,36.83,27,42.61,Carry Optics,U,0,MINOR,,17.0422,14.7320,4.5098,5.10,6,,1,,1,,,,
2170c5f9-ac27-4755-8693-f4d60a14c9c1,GPS USPSA Extra Saturday Second Chance Match,2022-04-30,1,Bay 4: Fluffy's Revenge 2,38e64ebf-f59d-4c99-8b05-843ee4be5a21,Pete Kirchner,60,36.25,28,41.93,Carry Optics,A,TY105743,MINOR,,16.7732,14.4994,4.4386,3.83,3,,4,,1,,,,
2170c5f9-ac27-4755-8693-f4d60a14c9c1,GPS USPSA Extra Saturday Second Chance Match,2022-04-30,1,Bay 4: Fluffy's Revenge 2,38e64ebf-f59d-4c99-8b05-843ee4be5a21,Terry Mu,61,36.15,6,43.24,Limited,U,TY104401,MAJOR,,17.2978,14.4602,4.4266,4.97,4,,3,,1,,,,
2170c5f9-ac27-4755-8693-f4d60a14c9c1,GPS USPSA Extra Saturday Second Chance Match,2022-04-30,1,Bay 4: Fluffy's Revenge 2,38e64ebf-f59d-4c99-8b05-843ee4be5a21,"Jeff Maxwell, Jr.",62,35.13,7,42.02,Limited,C,L4489,MAJOR,Senior,16.8074,14.0503,4.3011,8.37,4,,4,,,,,,
2170c5f9-ac27-4755-8693-f4d60a14c9c1,GPS USPSA Extra Saturday Second Chance Match,2022-04-30,1,Bay 4: Fluffy's Revenge 2,38e64ebf-f59d-4c99-8b05-843ee4be5a21,Danielle Dysart,63,35.00,8,41.87,Limited,U,A137402,MINOR,Lady,16.7472,14.0000,4.2857,5.60,2,,4,2,,,,,
2170c5f9-ac27-4755-8693-f4d60a14c9c1,GPS USPSA Extra Saturday Second Chance Match,2022-04-30,1,Bay 4: Fluffy's Revenge 2,38e64ebf-f59d-4c99-8b05-843ee4be5a21,Taylor Latham,64,33.19,5,40.53,Single Stack,B,TY39841,MAJOR,Senior,16.2127,13.2744,4.0636,5.66,5,,2,,1,,,,
2170c5f9-ac27-4755-8693-f4d60a14c9c1,GPS USPSA Extra Saturday Second Chance Match,2022-04-30,1,Bay 4: Fluffy's Revenge 2,38e64ebf-f59d-4c99-8b05-843ee4be5a21,Virak Meas,65,31.95,9,38.22,Limited,U,0,MINOR,Junior,15.2889,12.7808,3.9125,8.69,5,,3,,,,,,
2170c5f9-ac27-4755-8693-f4d60a14c9c1,GPS USPSA Extra Saturday Second Chance Match,2022-04-30,1,Bay 4: Fluffy's Revenge 2,38e64ebf-f59d-4c99-8b05-843ee4be5a21,Chad Smith,66,29.92,10,35.79,Limited,U,A141153,MINOR,,14.3170,11.9684,3.6638,9.28,5,,3,,,,,,
2170c5f9-ac27-4755-8693-f4d60a14c9c1,GPS USPSA Extra Saturday Second Chance Match,2022-04-30,1,Bay 4: Fluffy's Revenge 2,38e64ebf-f59d-4c99-8b05-843ee4be5a21,Steve Thai,67,26.51,15,28.77,Open,U,0,MINOR,Junior,11.5098,10.6033,3.2459,8.01,3,,3,2,,,,,
2170c5f9-ac27-4755-8693-f4d60a14c9c1,GPS USPSA Extra Saturday Second Chance Match,2022-04-30,1,Bay 4: Fluffy's Revenge 2,38e64ebf-f59d-4c99-8b05-843ee4be5a21,Gil Yolo,68,22.45,16,24.37,Open,M,L5228,MAJOR,,9.7481,8.9804,2.7491,2.91,4,,2,,2,,,,
2170c5f9-ac27-4755-8693-f4d60a14c9c1,GPS USPSA Extra Saturday Second Chance Match,2022-04-30,1,Bay 4: Fluffy's Revenge 2,38e64ebf-f59d-4c99-8b05-843ee4be5a21,Byron J Frank,69,21.55,29,24.93,Carry Optics,U,A139338,MINOR,,9.9726,8.6207,2.6390,10.61,4,,2,2,,,,,
2170c5f9-ac27-4755-8693-f4d60a14c9c1,GPS USPSA Extra Saturday Second Chance Match,2022-04-30,1,Bay 4: Fluffy's Revenge 2,38e64ebf-f59d-4c99-8b05-843ee4be5a21,Eric Paul Victorin,70,20.82,5,41.02,Production,D,A141595,MINOR,,16.4085,8.3264,2.5489,11.77,3,,5,,,,,,
2170c5f9-ac27-4755-8693-f4d60a14c9c1,GPS USPSA Extra Saturday Second Chance Match,2022-04-30,1,Bay 4: Fluffy's Revenge 2,38e64ebf-f59d-4c99-8b05-843ee4be5a21,Dale Hamm,71,20.42,6,24.94,Single Stack,C,TY97196,MAJOR,Senior,9.9744,8.1667,2.5000,6.40,2,,3,2,1,,,,
2170c5f9-ac27-4755-8693-f4d60a14c9c1,GPS USPSA Extra Saturday Second Chance Match,2022-04-30,1,Bay 4: Fluffy's Revenge 2,38e64ebf-f59d-4c99-8b05-843ee4be5a21,Jason Wells,72,16.63,7,20.31,Single Stack,A,L5218,MAJOR,,8.1239,6.6516,2.0362,4.42,5,,1,,2,,,,
2170c5f9-ac27-4755-8693-f4d60a14c9c1,GPS USPSA Extra Saturday Second Chance Match,2022-04-30,1,Bay 4: Fluffy's Revenge 2,38e64ebf-f59d-4c99-8b05-843ee4be5a21,Eric Mccampbell,73,15.45,8,18.86,Single Stack,C,A14332,MAJOR,Senior,7.5458,6.1782,1.8913,8.46,2,,3,2,1,,,,
2170c5f9-ac27-4755-8693-f4d60a14c9c1,GPS USPSA Extra Saturday Second Chance Match,2022-04-30,1,Bay 4: Fluffy's Revenge 2,38e64ebf-f59d-4c99-8b05-843ee4be5a21,Matthew Butler,74,14.84,6,29.24,Production,U,0,MINOR,,11.6950,5.9346,1.8167,12.11,2,,3,3,,,,,
2170c5f9-ac27-4755-8693-f4d60a14c9c1,GPS USPSA Extra Saturday Second Chance Match,2022-04-30,1,Bay 4: Fluffy's Revenge 2,38e64ebf-f59d-4c99-8b05-843ee4be5a21,William Chen,75,10.61,30,12.28,Carry Optics,U,0,MINOR,,4.9115,4.2457,1.2997,13.08,3,,4,,1,,,,
2170c5f9-ac27-4755-8693-f4d60a14c9c1,GPS USPSA Extra Saturday Second Chance Match,2022-04-30,1,Bay 4: Fluffy's Revenge 2,38e64ebf-f59d-4c99-8b05-843ee4be5a21,Marc Demeza,76,9.39,11,11.23,Limited,X,A70759,MINOR,,4.4915,3.7547,1.1494,5.22,4,,2,,2,,,,
2170c5f9-ac27-4755-8693-f4d60a14c9c1,GPS USPSA Extra Saturday Second Chance Match,2022-04-30,1,Bay 4: Fluffy's Revenge 2,38e64ebf-f59d-4c99-8b05-843ee4be5a21,Em Alco,77,0.00,12,0.00,Limited,C,TY67519,MINOR,Senior,0.0000,0.0000,,,,,,,,,,,
2170c5f9-ac27-4755-8693-f4d60a14c9c1,GPS USPSA Extra Saturday Second Chance Match,2022-04-30,1,Bay 4: Fluffy's Revenge 2,38e64ebf-f59d-4c99-8b05-843ee4be5a21,Yetta Jones,78,0.00,31,0.00,Carry Optics,U,A139120,MINOR,Lady,0.0000,0.0000,0.0000,6.35,3,,1,1,3,,,,
2170c5f9-ac27-4755-8693-f4d60a14c9c1,GPS USPSA Extra Saturday Second Chance Match,2022-04-30,2,Bay 5,e1a3423d-4b6e-4fdb-a4e4-2a8b83b223a6,Corey Slifko,1,100.00,1,100.00,Open,A,82935,MAJOR,,110.0000,110.0000,9.0909,11.22,16,,5,1,,,,,
2170c5f9-ac27-4755-8693-f4d60a14c9c1,GPS USPSA Extra Saturday Second Chance Match,2022-04-30,2,Bay 5,e1a3423d-4b6e-4fdb-a4e4-2a8b83b223a6,Gil Yolo,2,97.63,2,97.63,Open,M,L5228,MAJOR,,107.3900,107.3900,8.8752,11.38,15,,6,1,,,,,
2170c5f9-ac27-4755-8693-f4d60a14c9c1,GPS USPSA Extra Saturday Second Chance Match,2022-04-30,2,Bay 5,e1a3423d-4b6e-4fdb-a4e4-2a8b83b223a6,Mike Whitesides,3,91.30,3,91.30,Open,A,TY81358,MAJOR,,100.4349,100.4349,8.3004,12.65,17,,5,,,,,,
2170c5f9-ac27-4755-8693-f4d60a14c9c1,GPS USPSA Extra Saturday Second Chance Match,2022-04-30,2,Bay 5,e1a3423d-4b6e-4fdb-a4e4-2a8b83b223a6,Albert Montanez,4,90.19,4,90.19,Open,M,TY101554,MAJOR,,99.2104,99.2104,8.1992,13.05,19,,3,,,,,,
2170c5f9-ac27-4755-8693-f4d60a14c9c1,GPS USPSA Extra Saturday Second Chance Match,2022-04-30,2,Bay 5,e1a3423d-4b6e-4fdb-a4e4-2a8b83b223a6,Zvi Davidoff,5,87.79,5,87.79,Open,M,TY68524,MAJOR,,96.5726,96.5726,7.9812,12.78,16,,5,1,,,,,
2170c5f9-ac27-4755-8693-f4d60a14c9c1,GPS USPSA Extra Saturday Second Chance Match,2022-04-30,2,Bay 5,e1a3423d-4b6e-4fdb-a4e4-2a8b83b223a6,Jim Havens,6,84.94,1,100.00,Carry Optics,G,TY114636,MINOR,,110.0000,93.4290,7.7214,13.21,18,,4,,,,,,
2170c5f9-ac27-4755-8693-f4d60a14c9c1,GPS USPSA Extra Saturday Second Chance Match,2022-04-30,2,Bay 5,e1a3423d-4b6e-4fdb-a4e4-2a8b83b223a6,Jarrett Grimes,7,83.17,2,97.92,Carry Optics,C,A140749,MINOR,,107.7092,91.4834,7.5606,14.02,20,,2,,,,,,
2170c5f9-ac27-4755-8693-f4d60a14c9c1,GPS USPSA Extra Saturday Second Chance Match,2022-04-30,2,Bay 5,e1a3423d-4b6e-4fdb-a4e4-2a8b83b223a6,Vinh Lam,8,83.14,1,100.00,Limited,M,TY101025,MAJOR,,110.0000,91.4592,7.5586,11.51,13,,8,,1,,,,
2170c5f9-ac27-4755-8693-f4d60a14c9c1,GPS USPSA Extra Saturday Second Chance Match,2022-04-30,2,Bay 5,e1a3423d-4b6e-4fdb-a4e4-2a8b83b223a6,Paul Felker,9,82.83,3,97.52,Carry Optics,M,TY107123,MINOR,,107.2747,91.1143,7.5301,13.28,17,,5,,,,,,
2170c5f9-ac27-4755-8693-f4d60a14c9c1,GPS USPSA Extra Saturday Second Chance Match,2022-04-30,2,Bay 5,e1a3423d-4b6e-4fdb-a4e4-2a8b83b223a6,Jorge Cahas,10,81.86,6,81.86,Open,B,F-44522,MAJOR,Senior,90.0507,90.0507,7.4422,13.84,15,,7,,,,,,
2170c5f9-ac27-4755-8693-f4d60a14c9c1,GPS USPSA Extra Saturday Second Chance Match,2022-04-30,2,Bay 5,e1a3423d-4b6e-4fdb-a4e4-2a8b83b223a6,Devin Yolo,11,81.07,4,95.45,Carry Optics,B,A112987,MINOR,,104.9925,89.1759,7.3699,13.84,18,,4,,,,,,
2170c5f9-ac27-4755-8693-f4d60a14c9c1,GPS USPSA Extra Saturday Second Chance Match,2022-04-30,2,Bay 5,e1a3423d-4b6e-4fdb-a4e4-2a8b83b223a6,Wade Pruetz,12,80.37,1,100.00,PCC,M,TY79055,MINOR,,110.0000,88.4099,7.3066,13.96,18,,4,,,,,,
2170c5f9-ac27-4755-8693-f4d60a14c9c1,GPS USPSA Extra Saturday Second Chance Match,2022-04-30,2,Bay 5,e1a3423d-4b6e-4fdb-a4e4-2a8b83b223a6,Ryan Alicaya,13,78.68,5,92.64,Carry Optics,D,A106355,MINOR,,101.9011,86.5502,7.1529,14.26,18,,4,,,,,,
2170c5f9-ac27-4755-8693-f4d60a14c9c1,GPS USPSA Extra Saturday Second Chance Match,2022-04-30,2,Bay 5,e1a3423d-4b6e-4fdb-a4e4-2a8b83b223a6,Kent Leslie,14,75.73,2,91.09,Limited,G,TY1808,MAJOR,Super Senior,100.1942,83.3062,6.8848,14.67,13,,9,,,,,,
2170c5f9-ac27-4755-8693-f4d60a14c9c1,GPS USPSA Extra Saturday Second Chance Match,2022-04-30,2,Bay 5,e1a3423d-4b6e-4fdb-a4e4-2a8b83b223a6,Derek Rabuck,15,74.09,2,92.19,PCC,B,Ty91331,MINOR,,101.4067,81.5033,6.7358,15.44,19,,3,,,,,,
2170c5f9-ac27-4755-8693-f4d60a14c9c1,GPS USPSA Extra Saturday Second Chance Match,2022-04-30,2,Bay 5,e1a3423d-4b6e-4fdb-a4e4-2a8b83b223a6,Michael Pontious,16,72.84,7,72.84,Open,B,FY94575,MAJOR,Senior,80.1275,80.1275,6.6221,14.95,13,,8,1,,,,,
2170c5f9-ac27-4755-8693-f4d60a14c9c1,GPS USPSA Extra Saturday Second Chance Match,2022-04-30,2,Bay 5,e1a3423d-4b6e-4fdb-a4e4-2a8b83b223a6,Ross Apffel,17,72.42,3,87.10,Limited,A,L4428,MAJOR,,95.8138,79.6641,6.5838,13.67,16,,5,,1,,,,
2170c5f9-ac27-4755-8693-f4d60a14c9c1,GPS USPSA Extra Saturday Second Chance Match,2022-04-30,2,Bay 5,e1a3423d-4b6e-4fdb-a4e4-2a8b83b223a6,JOSE ONIA,18,72.22,6,85.03,Carry Optics,C,A134359,MINOR,,93.5358,79.4450,6.5657,15.84,20,,1,1,,,,,
2170c5f9-ac27-4755-8693-f4d60a14c9c1,GPS USPSA Extra Saturday Second Chance Match,2022-04-30,2,Bay 5,e1a3423d-4b6e-4fdb-a4e4-2a8b83b223a6,Adriel Taylor,19,70.70,8,70.70,Open,C,A104321,MAJOR,,77.7728,77.7728,6.4275,13.38,14,,6,1,1,,,,
2170c5f9-ac27-4755-8693-f4d60a14c9c1,GPS USPSA Extra Saturday Second Chance Match,2022-04-30,2,Bay 5,e1a3423d-4b6e-4fdb-a4e4-2a8b83b223a6,Abrahan Figueroa,20,70.46,9,70.46,Open,C,TY54053,MAJOR,Senior,77.5066,77.5066,6.4055,16.08,15,,7,,,,,,
2170c5f9-ac27-4755-8693-f4d60a14c9c1,GPS USPSA Extra Saturday Second Chance Match,2022-04-30,2,Bay 5,e1a3423d-4b6e-4fdb-a4e4-2a8b83b223a6,Gary Wu,21,70.37,7,82.85,Carry Optics,B,L2998,MINOR,Senior,91.1310,77.4026,6.3969,15.32,17,,4,1,,,,,
2170c5f9-ac27-4755-8693-f4d60a14c9c1,GPS USPSA Extra Saturday Second Chance Match,2022-04-30,2,Bay 5,e1a3423d-4b6e-4fdb-a4e4-2a8b83b223a6,Matthew Gonzalez,22,69.38,8,81.68,Carry Optics,B,A119810,MINOR,,89.8503,76.3148,6.3070,13.16,15,,6,,1,,,,
2170c5f9-ac27-4755-8693-f4d60a14c9c1,GPS USPSA Extra Saturday Second Chance Match,2022-04-30,2,Bay 5,e1a3423d-4b6e-4fdb-a4e4-2a8b83b223a6,John Austria,23,69.37,10,69.37,Open,B,Fy82746,MAJOR,Foreign,76.3063,76.3063,6.3063,16.65,17,,5,,,,,,
2170c5f9-ac27-4755-8693-f4d60a14c9c1,GPS USPSA Extra Saturday Second Chance Match,2022-04-30,2,Bay 5,e1a3423d-4b6e-4fdb-a4e4-2a8b83b223a6,Pete Kirchner,24,68.85,9,81.06,Carry Optics,A,TY105743,MINOR,,89.1636,75.7316,6.2588,14.22,18,,3,,1,,,,
2170c5f9-ac27-4755-8693-f4d60a14c9c1,GPS USPSA Extra Saturday Second Chance Match,2022-04-30,2,Bay 5,e1a3423d-4b6e-4fdb-a4e4-2a8b83b223a6,Jason Wells,25,66.94,1,100.00,Single Stack,A,L5218,MAJOR,,110.0000,73.6334,6.0854,17.09,18,,3,1,,,,,
2170c5f9-ac27-4755-8693-f4d60a14c9c1,GPS USPSA Extra Saturday Second Chance Match,2022-04-30,2,Bay 5,e1a3423d-4b6e-4fdb-a4e4-2a8b83b223a6,Jonathan Backof,26,66.32,2,99.07,Single Stack,B,A116878,MAJOR,,108.9805,72.9510,6.0290,17.25,18,,3,1,,,,,
2170c5f9-ac27-4755-8693-f4d60a14c9c1,GPS USPSA Extra Saturday Second Chance Match,2022-04-30,2,Bay 5,e1a3423d-4b6e-4fdb-a4e4-2a8b83b223a6,Khoa Nguyen,27,65.65,1,100.00,Production,A,A117224,MINOR,Law Enforcement,110.0000,72.2153,5.9682,15.08,14,,6,2,,,,,
2170c5f9-ac27-4755-8693-f4d60a14c9c1,GPS USPSA Extra Saturday Second Chance Match,2022-04-30,2,Bay 5,e1a3423d-4b6e-4fdb-a4e4-2a8b83b223a6,Ridong Wen,28,64.59,10,76.05,Carry Optics,B,A99651,MINOR,,83.6561,71.0537,5.8722,17.37,19,,2,1,,,,,
2170c5f9-ac27-4755-8693-f4d60a14c9c1,GPS USPSA Extra Saturday Second Chance Match,2022-04-30,2,Bay 5,e1a3423d-4b6e-4fdb-a4e4-2a8b83b223a6,Steven McNamara,29,64.30,11,64.30,Open,B,A75212,MAJOR,Senior,70.7246,70.7246,5.8450,15.74,18,,3,,1,,,,
2170c5f9-ac27-4755-8693-f4d60a14c9c1,GPS USPSA Extra Saturday Second Chance Match,2022-04-30,2,Bay 5,e1a3423d-4b6e-4fdb-a4e4-2a8b83b223a6,Pat Byrne,30,64.29,4,77.33,Limited,B,Fy93921,MAJOR,Super Senior,85.0606,70.7234,5.8449,17.28,15,,6,1,,,,,
2170c5f9-ac27-4755-8693-f4d60a14c9c1,GPS USPSA Extra Saturday Second Chance Match,2022-04-30,2,Bay 5,e1a3423d-4b6e-4fdb-a4e4-2a8b83b223a6,John Brunkhorst,31,63.25,11,74.47,Carry Optics,B,A116144,MINOR,,81.9180,69.5775,5.7502,15.13,17,,4,,1,,,,
2170c5f9-ac27-4755-8693-f4d60a14c9c1,GPS USPSA Extra Saturday Second Chance Match,2022-04-30,2,Bay 5,e1a3423d-4b6e-4fdb-a4e4-2a8b83b223a6,Jun Wu,32,62.86,12,74.01,Carry Optics,B,TY104927,MINOR,,81.4066,69.1431,5.7143,17.50,17,,5,,,,,,
2170c5f9-ac27-4755-8693-f4d60a14c9c1,GPS USPSA Extra Saturday Second Chance Match,2022-04-30,2,Bay 5,e1a3423d-4b6e-4fdb-a4e4-2a8b83b223a6,Carlos Escandon,33,62.63,3,93.56,Single Stack,B,L2590,MAJOR,Super Senior,102.9214,68.8950,5.6938,18.09,15,,7,,,,,,
2170c5f9-ac27-4755-8693-f4d60a14c9c1,GPS USPSA Extra Saturday Second Chance Match,2022-04-30,2,Bay 5,e1a3423d-4b6e-4fdb-a4e4-2a8b83b223a6,Roman Gwiscz,34,60.77,13,71.55,Carry Optics,A,L4670,MINOR,,78.7027,66.8465,5.5245,14.30,14,,6,1,1,,,,
2170c5f9-ac27-4755-8693-f4d60a14c9c1,GPS USPSA Extra Saturday Second Chance Match,2022-04-30,2,Bay 5,e1a3423d-4b6e-4fdb-a4e4-2a8b83b223a6,Jimmy Durham,35,58.34,12,58.34,Open,C,TY135611,MAJOR,,64.1712,64.1712,5.3034,19.61,16,,6,,,,,,
2170c5f9-ac27-4755-8693-f4d60a14c9c1,GPS USPSA Extra Saturday Second Chance Match,2022-04-30,2,Bay 5,e1a3423d-4b6e-4fdb-a4e4-2a8b83b223a6,Christopher Ham,36,56.16,3,69.87,PCC,U,A135936,MINOR,,76.8612,61.7754,5.1054,18.02,13,,9,,,,,,
2170c5f9-ac27-4755-8693-f4d60a14c9c1,GPS USPSA Extra Saturday Second Chance Match,2022-04-30,2,Bay 5,e1a3423d-4b6e-4fdb-a4e4-2a8b83b223a6,Antonio Tormis,37,55.34,14,65.16,Carry Optics,B,A124958,MINOR,,71.6737,60.8764,5.0311,16.10,14,,7,,1,,,,
2170c5f9-ac27-4755-8693-f4d60a14c9c1,GPS USPSA Extra Saturday Second Chance Match,2022-04-30,2,Bay 5,e1a3423d-4b6e-4fdb-a4e4-2a8b83b223a6,Travis McKenzie,38,55.03,15,64.79,Carry Optics,B,TY139201,MINOR,,71.2719,60.5352,5.0029,16.99,16,,5,,1,,,,
2170c5f9-ac27-4755-8693-f4d60a14c9c1,GPS USPSA Extra Saturday Second Chance Match,2022-04-30,2,Bay 5,e1a3423d-4b6e-4fdb-a4e4-2a8b83b223a6,Brandon Foss,39,54.92,16,64.67,Carry Optics,M,L5142,MINOR,,71.1323,60.4166,4.9931,14.42,16,,4,,2,,,,
2170c5f9-ac27-4755-8693-f4d60a14c9c1,GPS USPSA Extra Saturday Second Chance Match,2022-04-30,2,Bay 5,e1a3423d-4b6e-4fdb-a4e4-2a8b83b223a6,Patrick Yang,40,54.85,17,64.58,Carry Optics,C,L4392,MINOR,,71.0369,60.3355,4.9864,22.06,22,,,,,,,,
2170c5f9-ac27-4755-8693-f4d60a14c9c1,GPS USPSA Extra Saturday Second Chance Match,2022-04-30,2,Bay 5,e1a3423d-4b6e-4fdb-a4e4-2a8b83b223a6,Alonzo Jackson,41,54.30,18,63.93,Carry Optics,D,ty138613,MINOR,,70.3189,59.7257,4.9360,21.88,21,,1,,,,,,
2170c5f9-ac27-4755-8693-f4d60a14c9c1,GPS USPSA Extra Saturday Second Chance Match,2022-04-30,2,Bay 5,e1a3423d-4b6e-4fdb-a4e4-2a8b83b223a6,Chez Chike-Udenze,42,54.28,19,63.91,Carry Optics,B,A138598,MINOR,,70.3032,59.7123,4.9349,18.44,19,,2,,1,,,,
2170c5f9-ac27-4755-8693-f4d60a14c9c1,GPS USPSA Extra Saturday Second Chance Match,2022-04-30,2,Bay 5,e1a3423d-4b6e-4fdb-a4e4-2a8b83b223a6,Jack Liu,43,54.26,4,67.51,PCC,C,Ty130790,MINOR,,74.2657,59.6894,4.9330,16.42,16,,3,2,1,,,,
2170c5f9-ac27-4755-8693-f4d60a14c9c1,GPS USPSA Extra Saturday Second Chance Match,2022-04-30,2,Bay 5,e1a3423d-4b6e-4fdb-a4e4-2a8b83b223a6,Page Brunkhorst,44,53.98,4,80.64,Single Stack,C,L4903,MAJOR,Senior,88.7064,59.3796,4.9074,21.60,18,,4,,,,,,
2170c5f9-ac27-4755-8693-f4d60a14c9c1,GPS USPSA Extra Saturday Second Chance Match,2022-04-30,2,Bay 5,e1a3423d-4b6e-4fdb-a4e4-2a8b83b223a6,Taylor Latham,45,52.29,5,78.11,Single Stack,B,TY39841,MAJOR,Senior,85.9227,57.5162,4.7534,22.51,21,,,1,,,,,
2170c5f9-ac27-4755-8693-f4d60a14c9c1,GPS USPSA Extra Saturday Second Chance Match,2022-04-30,2,Bay 5,e1a3423d-4b6e-4fdb-a4e4-2a8b83b223a6,Robbie Boettcher,46,52.02,20,61.24,Carry Optics,U,A139912,MINOR,,67.3671,57.2185,4.7288,21.57,18,,4,,,,,,
2170c5f9-ac27-4755-8693-f4d60a14c9c1,GPS USPSA Extra Saturday Second Chance Match,2022-04-30,2,Bay 5,e1a3423d-4b6e-4fdb-a4e4-2a8b83b223a6,Matthew Michna,47,51.50,21,60.63,Carry Optics,C,A128405,MINOR,,66.6961,56.6486,4.6817,19.01,19,,1,1,1,,,,
2170c5f9-ac27-4755-8693-f4d60a14c9c1,GPS USPSA Extra Saturday Second Chance Match,2022-04-30,2,Bay 5,e1a3423d-4b6e-4fdb-a4e4-2a8b83b223a6,Eric Mccampbell,48,51.02,6,76.22,Single Stack,C,A14332,MAJOR,Senior,83.8458,56.1259,4.6385,21.99,16,,5,1,,,,,
2170c5f9-ac27-4755-8693-f4d60a14c9c1,GPS USPSA Extra Saturday Second Chance Match,2022-04-30,2,Bay 5,e1a3423d-4b6e-4fdb-a4e4-2a8b83b223a6,Lan Nguyen,49,50.67,13,50.67,Open,A,Ty81359,MAJOR,,55.7351,55.7351,4.6062,13.46,10,,6,4,2,,,,
2170c5f9-ac27-4755-8693-f4d60a14c9c1,GPS USPSA Extra Saturday Second Chance Match,2022-04-30,2,Bay 5,e1a3423d-4b6e-4fdb-a4e4-2a8b83b223a6,Terry Mu,50,50.50,5,60.74,Limited,U,TY104401,MAJOR,,66.8170,55.5548,4.5913,19.82,17,,4,,1,,,,
2170c5f9-ac27-4755-8693-f4d60a14c9c1,GPS USPSA Extra Saturday Second Chance Match,2022-04-30,2,Bay 5,e1a3423d-4b6e-4fdb-a4e4-2a8b83b223a6,Drew Yang,51,50.22,2,76.50,Production,C,A138478,MINOR,,84.1450,55.2414,4.5654,22.78,19,,3,,,,,,
2170c5f9-ac27-4755-8693-f4d60a14c9c1,GPS USPSA Extra Saturday Second Chance Match,2022-04-30,2,Bay 5,e1a3423d-4b6e-4fdb-a4e4-2a8b83b223a6,Jeannie Marrone,52,49.70,14,49.70,Open,C,A133357,MAJOR,Lady; Super Senior,54.6715,54.6715,4.5183,23.46,18,,4,,,,,,
2170c5f9-ac27-4755-8693-f4d60a14c9c1,GPS USPSA Extra Saturday Second Chance Match,2022-04-30,2,Bay 5,e1a3423d-4b6e-4fdb-a4e4-2a8b83b223a6,Anthony Fong,53,48.89,22,57.56,Carry Optics,U,0,MINOR,,63.3155,53.7773,4.4444,22.95,18,,4,,,,,,
2170c5f9-ac27-4755-8693-f4d60a14c9c1,GPS USPSA Extra Saturday Second Chance Match,2022-04-30,2,Bay 5,e1a3423d-4b6e-4fdb-a4e4-2a8b83b223a6,David Young,54,47.35,23,55.74,Carry Optics,C,Ty130791,MINOR,,61.3167,52.0797,4.3041,17.89,13,,7,1,1,,,,
2170c5f9-ac27-4755-8693-f4d60a14c9c1,GPS USPSA Extra Saturday Second Chance Match,2022-04-30,2,Bay 5,e1a3423d-4b6e-4fdb-a4e4-2a8b83b223a6,Sobe Mehkri,55,46.56,15,46.56,Open,U,A135105,MINOR,,51.2169,51.2169,4.2328,24.57,19,,3,,,,,,
2170c5f9-ac27-4755-8693-f4d60a14c9c1,GPS USPSA Extra Saturday Second Chance Match,2022-04-30,2,Bay 5,e1a3423d-4b6e-4fdb-a4e4-2a8b83b223a6,JR Roberts,56,43.67,6,52.52,Limited,C,TY102739,MAJOR,,57.7767,48.0383,3.9701,25.44,15,,6,1,,,,,
2170c5f9-ac27-4755-8693-f4d60a14c9c1,GPS USPSA Extra Saturday Second Chance Match,2022-04-30,2,Bay 5,e1a3423d-4b6e-4fdb-a4e4-2a8b83b223a6,Stephanie Marie,57,43.57,24,51.30,Carry Optics,D,A139099,MINOR,Lady,56.4317,47.9306,3.9612,25.75,19,,2,1,,,,,
2170c5f9-ac27-4755-8693-f4d60a14c9c1,GPS USPSA Extra Saturday Second Chance Match,2022-04-30,2,Bay 5,e1a3423d-4b6e-4fdb-a4e4-2a8b83b223a6,Brett Dempsey,58,42.93,25,50.55,Carry Optics,C,TY114367,MINOR,,55.6026,47.2263,3.9030,24.34,21,,,,1,,,,
2170c5f9-ac27-4755-8693-f4d60a14c9c1,GPS USPSA Extra Saturday Second Chance Match,2022-04-30,2,Bay 5,e1a3423d-4b6e-4fdb-a4e4-2a8b83b223a6,Michael Rominiyi,59,41.65,26,49.04,Carry Optics,B,A138602,MINOR,,53.9387,45.8131,3.7862,17.96,19,,1,,2,,,1,
2170c5f9-ac27-4755-8693-f4d60a14c9c1,GPS USPSA Extra Saturday Second Chance Match,2022-04-30,2,Bay 5,e1a3423d-4b6e-4fdb-a4e4-2a8b83b223a6,Dale Hamm,60,41.13,7,61.45,Single Stack,C,TY97196,MAJOR,Senior,67.5936,45.2468,3.7394,27.01,17,,3,2,,,,,
2170c5f9-ac27-4755-8693-f4d60a14c9c1,GPS USPSA Extra Saturday Second Chance Match,2022-04-30,2,Bay 5,e1a3423d-4b6e-4fdb-a4e4-2a8b83b223a6,Mike Benitez,61,39.62,27,46.65,Carry Optics,U,A98298,MINOR,,51.3117,43.5818,3.6018,15.27,15,,3,1,3,,,,
2170c5f9-ac27-4755-8693-f4d60a14c9c1,GPS USPSA Extra Saturday Second Chance Match,2022-04-30,2,Bay 5,e1a3423d-4b6e-4fdb-a4e4-2a8b83b223a6,Elisabeth Steiger,62,39.51,5,49.15,PCC,C,A136514,MINOR,Lady,54.0696,43.4572,3.5915,26.73,16,,5,1,,,,,
2170c5f9-ac27-4755-8693-f4d60a14c9c1,GPS USPSA Extra Saturday Second Chance Match,2022-04-30,2,Bay 5,e1a3423d-4b6e-4fdb-a4e4-2a8b83b223a6,Miguel Gonzalez,63,35.55,3,54.16,Production,U,0,MINOR,,59.5709,39.1084,3.2321,30.94,17,,5,,,,,,
2170c5f9-ac27-4755-8693-f4d60a14c9c1,GPS USPSA Extra Saturday Second Chance Match,2022-04-30,2,Bay 5,e1a3423d-4b6e-4fdb-a4e4-2a8b83b223a6,Eric Wu,64,34.93,28,41.12,Carry Optics,U,TY104740,MINOR,,45.2343,38.4200,3.1752,25.51,16,,3,2,1,,,,
2170c5f9-ac27-4755-8693-f4d60a14c9c1,GPS USPSA Extra Saturday Second Chance Match,2022-04-30,2,Bay 5,e1a3423d-4b6e-4fdb-a4e4-2a8b83b223a6,Gennady Khokhorin,65,34.83,4,53.05,Production,C,A123884,MINOR,Super Senior,58.3526,38.3086,3.1660,22.11,16,,3,1,2,,,,
2170c5f9-ac27-4755-8693-f4d60a14c9c1,GPS USPSA Extra Saturday Second Chance Match,2022-04-30,2,Bay 5,e1a3423d-4b6e-4fdb-a4e4-2a8b83b223a6,William Chen,66,34.54,29,40.67,Carry Optics,U,0,MINOR,,44.7342,37.9952,3.1401,28.98,19,,2,,1,,,,
2170c5f9-ac27-4755-8693-f4d60a14c9c1,GPS USPSA Extra Saturday Second Chance Match,2022-04-30,2,Bay 5,e1a3423d-4b6e-4fdb-a4e4-2a8b83b223a6,"Jeff Maxwell, Jr.",67,32.68,7,39.31,Limited,C,L4489,MAJOR,Senior,43.2368,35.9491,2.9710,28.61,13,,7,1,1,,,,
2170c5f9-ac27-4755-8693-f4d60a14c9c1,GPS USPSA Extra Saturday Second Chance Match,2022-04-30,2,Bay 5,e1a3423d-4b6e-4fdb-a4e4-2a8b83b223a6,Steve Thai,68,30.86,16,30.86,Open,U,0,MINOR,Junior,33.9502,33.9502,2.8058,35.64,18,,3,1,,,,,
2170c5f9-ac27-4755-8693-f4d60a14c9c1,GPS USPSA Extra Saturday Second Chance Match,2022-04-30,2,Bay 5,e1a3423d-4b6e-4fdb-a4e4-2a8b83b223a6,Chad Smith,69,28.94,8,34.80,Limited,U,A141153,MINOR,,38.2830,31.8303,2.6306,26.61,16,,3,1,2,,,,
2170c5f9-ac27-4755-8693-f4d60a14c9c1,GPS USPSA Extra Saturday Second Chance Match,2022-04-30,2,Bay 5,e1a3423d-4b6e-4fdb-a4e4-2a8b83b223a6,Marc Demeza,70,26.69,9,32.11,Limited,X,A70759,MINOR,,35.3171,29.3643,2.4268,28.02,15,,4,1,2,,,,
2170c5f9-ac27-4755-8693-f4d60a14c9c1,GPS USPSA Extra Saturday Second Chance Match,2022-04-30,2,Bay 5,e1a3423d-4b6e-4fdb-a4e4-2a8b83b223a6,Eric Paul Victorin,71,25.87,5,39.41,Production,D,A141595,MINOR,,43.3461,28.4568,2.3518,31.89,14,,4,3,1,,,,
2170c5f9-ac27-4755-8693-f4d60a14c9c1,GPS USPSA Extra Saturday Second Chance Match,2022-04-30,2,Bay 5,e1a3423d-4b6e-4fdb-a4e4-2a8b83b223a6,Yetta Jones,72,22.89,30,26.95,Carry Optics,U,A139120,MINOR,Lady,29.6448,25.1789,2.0809,25.95,10,,7,3,2,,,,
2170c5f9-ac27-4755-8693-f4d60a14c9c1,GPS USPSA Extra Saturday Second Chance Match,2022-04-30,2,Bay 5,e1a3423d-4b6e-4fdb-a4e4-2a8b83b223a6,Matthew Butler,73,21.44,6,32.66,Production,U,0,MINOR,,35.9257,23.5853,1.9492,33.86,13,,7,,2,,,,
2170c5f9-ac27-4755-8693-f4d60a14c9c1,GPS USPSA Extra Saturday Second Chance Match,2022-04-30,2,Bay 5,e1a3423d-4b6e-4fdb-a4e4-2a8b83b223a6,Danielle Dysart,74,18.71,10,22.51,Limited,U,A137402,MINOR,Lady,24.7560,20.5833,1.7011,24.69,14,,4,,4,,,,
2170c5f9-ac27-4755-8693-f4d60a14c9c1,GPS USPSA Extra Saturday Second Chance Match,2022-04-30,2,Bay 5,e1a3423d-4b6e-4fdb-a4e4-2a8b83b223a6,Byron J Frank,75,7.81,31,9.19,Carry Optics,U,A139338,MINOR,,10.1133,8.5898,0.7099,32.40,13,,2,2,5,,,,
2170c5f9-ac27-4755-8693-f4d60a14c9c1,GPS USPSA Extra Saturday Second Chance Match,2022-04-30,2,Bay 5,e1a3423d-4b6e-4fdb-a4e4-2a8b83b223a6,Virak Meas,76,5.80,11,6.97,Limited,U,0,MINOR,Junior,7.6709,6.3779,0.5271,18.97,9,,8,1,4,,,2,
2170c5f9-ac27-4755-8693-f4d60a14c9c1,GPS USPSA Extra Saturday Second Chance Match,2022-04-30,2,Bay 5,e1a3423d-4b6e-4fdb-a4e4-2a8b83b223a6,Em Alco,77,0.00,12,0.00,Limited,C,TY67519,MINOR,Senior,0.0000,0.0000,,,,,,,,,,,
2170c5f9-ac27-4755-8693-f4d60a14c9c1,GPS USPSA Extra Saturday Second Chance Match,2022-04-30,2,Bay 5,e1a3423d-4b6e-4fdb-a4e4-2a8b83b223a6,Jason Wells2,78,0.00,8,0.00,Single Stack,A,L5218,MAJOR,,0.0000,0.0000,,,,,,,,,,,
2170c5f9-ac27-4755-8693-f4d60a14c9c1,GPS USPSA Extra Saturday Second Chance Match,2022-04-30,3,Bay 6,8e1baff6-f8df-4f31-892f-de602f93fbe9,Gil Yolo,1,100.00,1,100.00,Open,M,L5228,MAJOR,,100.0000,100.0000,9.6742,10.13,18,,2,,,,,,
2170c5f9-ac27-4755-8693-f4d60a14c9c1,GPS USPSA Extra Saturday Second Chance Match,2022-04-30,3,Bay 6,8e1baff6-f8df-4f31-892f-de602f93fbe9,Albert Montanez,2,97.73,2,97.73,Open,M,TY101554,MAJOR,,97.7259,97.7259,9.4542,10.26,17,,3,,,,,,
2170c5f9-ac27-4755-8693-f4d60a14c9c1,GPS USPSA Extra Saturday Second Chance Match,2022-04-30,3,Bay 6,8e1baff6-f8df-4f31-892f-de602f93fbe9,Corey Slifko,3,96.97,3,96.97,Open,A,82935,MAJOR,,96.9693,96.9693,9.3810,10.34,17,,3,,,,,,
2170c5f9-ac27-4755-8693-f4d60a14c9c1,GPS USPSA Extra Saturday Second Chance Match,2022-04-30,3,Bay 6,8e1baff6-f8df-4f31-892f-de602f93fbe9,Zvi Davidoff,4,94.34,4,94.34,Open,M,TY68524,MAJOR,,94.3396,94.3396,9.1266,10.19,15,,4,1,,,,,
2170c5f9-ac27-4755-8693-f4d60a14c9c1,GPS USPSA Extra Saturday Second Chance Match,2022-04-30,3,Bay 6,8e1baff6-f8df-4f31-892f-de602f93fbe9,Paul Felker,5,86.99,1,100.00,Carry Optics,M,TY107123,MINOR,,100.0000,86.9881,8.4154,11.17,17,,3,,,,,,
2170c5f9-ac27-4755-8693-f4d60a14c9c1,GPS USPSA Extra Saturday Second Chance Match,2022-04-30,3,Bay 6,8e1baff6-f8df-4f31-892f-de602f93fbe9,Jorge Cahas,6,83.86,5,83.86,Open,B,F-44522,MAJOR,Senior,83.8581,83.8581,8.1126,12.08,18,,2,,,,,,
2170c5f9-ac27-4755-8693-f4d60a14c9c1,GPS USPSA Extra Saturday Second Chance Match,2022-04-30,3,Bay 6,8e1baff6-f8df-4f31-892f-de602f93fbe9,Lan Nguyen,7,82.94,6,82.94,Open,A,Ty81359,MAJOR,,82.9443,82.9443,8.0242,11.59,15,,4,1,,,,,
2170c5f9-ac27-4755-8693-f4d60a14c9c1,GPS USPSA Extra Saturday Second Chance Match,2022-04-30,3,Bay 6,8e1baff6-f8df-4f31-892f-de602f93fbe9,Mike Whitesides,8,81.58,7,81.58,Open,A,TY81358,MAJOR,,81.5799,81.5799,7.8922,10.39,16,,3,,1,,,,
2170c5f9-ac27-4755-8693-f4d60a14c9c1,GPS USPSA Extra Saturday Second Chance Match,2022-04-30,3,Bay 6,8e1baff6-f8df-4f31-892f-de602f93fbe9,Wade Pruetz,9,80.97,1,100.00,PCC,M,TY79055,MINOR,,100.0000,80.9710,7.8333,12.00,17,,3,,,,,,
2170c5f9-ac27-4755-8693-f4d60a14c9c1,GPS USPSA Extra Saturday Second Chance Match,2022-04-30,3,Bay 6,8e1baff6-f8df-4f31-892f-de602f93fbe9,Brandon Foss,10,80.50,2,92.55,Carry Optics,M,L5142,MINOR,,92.5470,80.5048,7.7882,12.84,20,,,,,,,,
2170c5f9-ac27-4755-8693-f4d60a14c9c1,GPS USPSA Extra Saturday Second Chance Match,2022-04-30,3,Bay 6,8e1baff6-f8df-4f31-892f-de602f93fbe9,JOSE ONIA,11,78.93,3,90.74,Carry Optics,C,A134359,MINOR,,90.7396,78.9326,7.6361,12.31,17,,3,,,,,,
2170c5f9-ac27-4755-8693-f4d60a14c9c1,GPS USPSA Extra Saturday Second Chance Match,2022-04-30,3,Bay 6,8e1baff6-f8df-4f31-892f-de602f93fbe9,John Brunkhorst,12,78.76,4,90.54,Carry Optics,B,A116144,MINOR,,90.5364,78.7559,7.6190,12.60,18,,2,,,,,,
2170c5f9-ac27-4755-8693-f4d60a14c9c1,GPS USPSA Extra Saturday Second Chance Match,2022-04-30,3,Bay 6,8e1baff6-f8df-4f31-892f-de602f93fbe9,Ryan Alicaya,13,78.39,5,90.12,Carry Optics,D,A106355,MINOR,,90.1181,78.3920,7.5838,11.34,15,,3,2,,,,,
2170c5f9-ac27-4755-8693-f4d60a14c9c1,GPS USPSA Extra Saturday Second Chance Match,2022-04-30,3,Bay 6,8e1baff6-f8df-4f31-892f-de602f93fbe9,Khoa Nguyen,14,77.13,1,100.00,Production,A,A117224,MINOR,Law Enforcement,100.0000,77.1278,7.4615,12.33,16,,4,,,,,,
2170c5f9-ac27-4755-8693-f4d60a14c9c1,GPS USPSA Extra Saturday Second Chance Match,2022-04-30,3,Bay 6,8e1baff6-f8df-4f31-892f-de602f93fbe9,Jim Havens,15,76.06,6,87.44,Carry Optics,G,TY114636,MINOR,,87.4373,76.0600,7.3582,11.28,18,,1,,1,,,,
2170c5f9-ac27-4755-8693-f4d60a14c9c1,GPS USPSA Extra Saturday Second Chance Match,2022-04-30,3,Bay 6,8e1baff6-f8df-4f31-892f-de602f93fbe9,Derek Rabuck,16,75.18,2,92.84,PCC,B,Ty91331,MINOR,,92.8434,75.1762,7.2727,12.10,16,,2,2,,,,,
2170c5f9-ac27-4755-8693-f4d60a14c9c1,GPS USPSA Extra Saturday Second Chance Match,2022-04-30,3,Bay 6,8e1baff6-f8df-4f31-892f-de602f93fbe9,Travis McKenzie,17,74.40,7,85.53,Carry Optics,B,TY139201,MINOR,,85.5277,74.3989,7.1975,13.06,18,,1,1,,,,,
2170c5f9-ac27-4755-8693-f4d60a14c9c1,GPS USPSA Extra Saturday Second Chance Match,2022-04-30,3,Bay 6,8e1baff6-f8df-4f31-892f-de602f93fbe9,Abrahan Figueroa,18,73.23,8,73.23,Open,C,TY54053,MAJOR,Senior,73.2288,73.2288,7.0843,13.41,15,,5,,,,,,
2170c5f9-ac27-4755-8693-f4d60a14c9c1,GPS USPSA Extra Saturday Second Chance Match,2022-04-30,3,Bay 6,8e1baff6-f8df-4f31-892f-de602f93fbe9,Ridong Wen,19,73.14,8,84.08,Carry Optics,B,A99651,MINOR,,84.0780,73.1378,7.0755,12.72,16,,3,1,,,,,
2170c5f9-ac27-4755-8693-f4d60a14c9c1,GPS USPSA Extra Saturday Second Chance Match,2022-04-30,3,Bay 6,8e1baff6-f8df-4f31-892f-de602f93fbe9,Jason Wells,20,72.69,1,100.00,Single Stack,A,L5218,MAJOR,,100.0000,72.6861,7.0318,13.51,17,,2,1,,,,,
2170c5f9-ac27-4755-8693-f4d60a14c9c1,GPS USPSA Extra Saturday Second Chance Match,2022-04-30,3,Bay 6,8e1baff6-f8df-4f31-892f-de602f93fbe9,Matthew Gonzalez,21,70.95,9,81.56,Carry Optics,B,A119810,MINOR,,81.5600,70.9475,6.8636,11.51,16,,3,,1,,,,
2170c5f9-ac27-4755-8693-f4d60a14c9c1,GPS USPSA Extra Saturday Second Chance Match,2022-04-30,3,Bay 6,8e1baff6-f8df-4f31-892f-de602f93fbe9,Matthew Michna,22,70.30,10,80.81,Carry Optics,C,A128405,MINOR,,80.8137,70.2983,6.8008,14.41,19,,1,,,,,,
2170c5f9-ac27-4755-8693-f4d60a14c9c1,GPS USPSA Extra Saturday Second Chance Match,2022-04-30,3,Bay 6,8e1baff6-f8df-4f31-892f-de602f93fbe9,Vinh Lam,23,70.29,1,100.00,Limited,M,TY101025,MAJOR,,100.0000,70.2932,6.8003,13.97,17,,2,1,,,,,
2170c5f9-ac27-4755-8693-f4d60a14c9c1,GPS USPSA Extra Saturday Second Chance Match,2022-04-30,3,Bay 6,8e1baff6-f8df-4f31-892f-de602f93fbe9,Adriel Taylor,24,69.71,9,69.71,Open,C,A104321,MAJOR,,69.7071,69.7071,6.7436,11.27,14,,3,2,1,,,,
2170c5f9-ac27-4755-8693-f4d60a14c9c1,GPS USPSA Extra Saturday Second Chance Match,2022-04-30,3,Bay 6,8e1baff6-f8df-4f31-892f-de602f93fbe9,Steven McNamara,25,69.05,10,69.05,Open,B,A75212,MAJOR,Senior,69.0538,69.0538,6.6804,14.52,17,,3,,,,,,
2170c5f9-ac27-4755-8693-f4d60a14c9c1,GPS USPSA Extra Saturday Second Chance Match,2022-04-30,3,Bay 6,8e1baff6-f8df-4f31-892f-de602f93fbe9,Roman Gwiscz,26,68.75,11,79.03,Carry Optics,A,L4670,MINOR,,79.0337,68.7499,6.6510,12.78,19,,,,1,,,,
2170c5f9-ac27-4755-8693-f4d60a14c9c1,GPS USPSA Extra Saturday Second Chance Match,2022-04-30,3,Bay 6,8e1baff6-f8df-4f31-892f-de602f93fbe9,Antonio Tormis,27,68.15,12,78.35,Carry Optics,B,A124958,MINOR,,78.3492,68.1545,6.5934,14.56,18,,2,,,,,,
2170c5f9-ac27-4755-8693-f4d60a14c9c1,GPS USPSA Extra Saturday Second Chance Match,2022-04-30,3,Bay 6,8e1baff6-f8df-4f31-892f-de602f93fbe9,Ross Apffel,28,67.14,2,95.51,Limited,A,L4428,MAJOR,,95.5149,67.1404,6.4953,14.78,16,,4,,,,,,
2170c5f9-ac27-4755-8693-f4d60a14c9c1,GPS USPSA Extra Saturday Second Chance Match,2022-04-30,3,Bay 6,8e1baff6-f8df-4f31-892f-de602f93fbe9,Pat Byrne,29,65.68,3,93.43,Limited,B,Fy93921,MAJOR,Super Senior,93.4312,65.6757,6.3536,14.48,12,,8,,,,,,
2170c5f9-ac27-4755-8693-f4d60a14c9c1,GPS USPSA Extra Saturday Second Chance Match,2022-04-30,3,Bay 6,8e1baff6-f8df-4f31-892f-de602f93fbe9,Kent Leslie,30,65.11,4,92.63,Limited,G,TY1808,MAJOR,Super Senior,92.6312,65.1134,6.2992,15.24,16,,4,,,,,,
2170c5f9-ac27-4755-8693-f4d60a14c9c1,GPS USPSA Extra Saturday Second Chance Match,2022-04-30,3,Bay 6,8e1baff6-f8df-4f31-892f-de602f93fbe9,Gary Wu,31,64.34,13,73.97,Carry Optics,B,L2998,MINOR,Senior,73.9680,64.3433,6.2247,12.37,16,,2,1,1,,,,
2170c5f9-ac27-4755-8693-f4d60a14c9c1,GPS USPSA Extra Saturday Second Chance Match,2022-04-30,3,Bay 6,8e1baff6-f8df-4f31-892f-de602f93fbe9,Jonathan Backof,32,64.06,2,88.13,Single Stack,B,A116878,MAJOR,,88.1282,64.0570,6.1970,15.33,17,,2,1,,,,,
2170c5f9-ac27-4755-8693-f4d60a14c9c1,GPS USPSA Extra Saturday Second Chance Match,2022-04-30,3,Bay 6,8e1baff6-f8df-4f31-892f-de602f93fbe9,Alonzo Jackson,33,63.17,14,72.61,Carry Optics,D,ty138613,MINOR,,72.6145,63.1659,6.1108,15.71,18,,2,,,,,,
2170c5f9-ac27-4755-8693-f4d60a14c9c1,GPS USPSA Extra Saturday Second Chance Match,2022-04-30,3,Bay 6,8e1baff6-f8df-4f31-892f-de602f93fbe9,Jun Wu,34,62.53,15,71.88,Carry Optics,B,TY104927,MINOR,,71.8813,62.5282,6.0491,15.87,19,,,1,,,,,
2170c5f9-ac27-4755-8693-f4d60a14c9c1,GPS USPSA Extra Saturday Second Chance Match,2022-04-30,3,Bay 6,8e1baff6-f8df-4f31-892f-de602f93fbe9,Carlos Escandon,35,62.33,3,85.75,Single Stack,B,L2590,MAJOR,Super Senior,85.7462,62.3256,6.0295,15.59,16,,3,1,,,,,
2170c5f9-ac27-4755-8693-f4d60a14c9c1,GPS USPSA Extra Saturday Second Chance Match,2022-04-30,3,Bay 6,8e1baff6-f8df-4f31-892f-de602f93fbe9,Michael Pontious,36,62.20,11,62.20,Open,B,FY94575,MAJOR,Senior,62.2036,62.2036,6.0177,11.30,16,,2,,2,,,,
2170c5f9-ac27-4755-8693-f4d60a14c9c1,GPS USPSA Extra Saturday Second Chance Match,2022-04-30,3,Bay 6,8e1baff6-f8df-4f31-892f-de602f93fbe9,Anthony Fong,37,60.99,16,70.11,Carry Optics,U,0,MINOR,,70.1107,60.9880,5.9001,16.61,19,,1,,,,,,
2170c5f9-ac27-4755-8693-f4d60a14c9c1,GPS USPSA Extra Saturday Second Chance Match,2022-04-30,3,Bay 6,8e1baff6-f8df-4f31-892f-de602f93fbe9,Devin Yolo,38,60.90,17,70.01,Carry Optics,B,A112987,MINOR,,70.0074,60.8981,5.8914,13.07,15,,4,,1,,,,
2170c5f9-ac27-4755-8693-f4d60a14c9c1,GPS USPSA Extra Saturday Second Chance Match,2022-04-30,3,Bay 6,8e1baff6-f8df-4f31-892f-de602f93fbe9,Brett Dempsey,39,60.15,18,69.15,Carry Optics,C,TY114367,MINOR,,69.1530,60.1548,5.8195,16.84,19,,1,,,,,,
2170c5f9-ac27-4755-8693-f4d60a14c9c1,GPS USPSA Extra Saturday Second Chance Match,2022-04-30,3,Bay 6,8e1baff6-f8df-4f31-892f-de602f93fbe9,Jack Liu,40,60.15,3,74.29,PCC,C,Ty130790,MINOR,,74.2867,60.1507,5.8191,15.81,16,,4,,,,,,
2170c5f9-ac27-4755-8693-f4d60a14c9c1,GPS USPSA Extra Saturday Second Chance Match,2022-04-30,3,Bay 6,8e1baff6-f8df-4f31-892f-de602f93fbe9,Patrick Yang,41,59.44,19,68.33,Carry Optics,C,L4392,MINOR,,68.3319,59.4406,5.7504,17.39,20,,,,,,,,
2170c5f9-ac27-4755-8693-f4d60a14c9c1,GPS USPSA Extra Saturday Second Chance Match,2022-04-30,3,Bay 6,8e1baff6-f8df-4f31-892f-de602f93fbe9,Robbie Boettcher,42,59.10,20,67.94,Carry Optics,U,A139912,MINOR,,67.9445,59.1036,5.7178,16.44,17,,3,,,,,,
2170c5f9-ac27-4755-8693-f4d60a14c9c1,GPS USPSA Extra Saturday Second Chance Match,2022-04-30,3,Bay 6,8e1baff6-f8df-4f31-892f-de602f93fbe9,Christopher Ham,43,58.14,4,71.81,PCC,U,A135936,MINOR,,71.8088,58.1443,5.6250,14.40,17,,2,,1,,,,
2170c5f9-ac27-4755-8693-f4d60a14c9c1,GPS USPSA Extra Saturday Second Chance Match,2022-04-30,3,Bay 6,8e1baff6-f8df-4f31-892f-de602f93fbe9,Eric Wu,44,56.64,21,65.11,Carry Optics,U,TY104740,MINOR,,65.1128,56.6403,5.4795,15.33,14,,4,2,,,,,
2170c5f9-ac27-4755-8693-f4d60a14c9c1,GPS USPSA Extra Saturday Second Chance Match,2022-04-30,3,Bay 6,8e1baff6-f8df-4f31-892f-de602f93fbe9,Drew Yang,45,56.15,2,72.81,Production,C,A138478,MINOR,,72.8057,56.1535,5.4324,18.04,19,,1,,,,,,
2170c5f9-ac27-4755-8693-f4d60a14c9c1,GPS USPSA Extra Saturday Second Chance Match,2022-04-30,3,Bay 6,8e1baff6-f8df-4f31-892f-de602f93fbe9,Pete Kirchner,46,56.07,22,64.46,Carry Optics,A,TY105743,MINOR,,64.4568,56.0698,5.4243,11.43,15,,2,1,2,,,,
2170c5f9-ac27-4755-8693-f4d60a14c9c1,GPS USPSA Extra Saturday Second Chance Match,2022-04-30,3,Bay 6,8e1baff6-f8df-4f31-892f-de602f93fbe9,Jarrett Grimes,47,55.60,23,63.92,Carry Optics,C,A140749,MINOR,,63.9185,55.6015,5.3790,12.27,16,,2,,2,,,,
2170c5f9-ac27-4755-8693-f4d60a14c9c1,GPS USPSA Extra Saturday Second Chance Match,2022-04-30,3,Bay 6,8e1baff6-f8df-4f31-892f-de602f93fbe9,Eric Mccampbell,48,52.48,4,72.20,Single Stack,C,A14332,MAJOR,Senior,72.1992,52.4788,5.0769,19.50,19,,1,,,,,,
2170c5f9-ac27-4755-8693-f4d60a14c9c1,GPS USPSA Extra Saturday Second Chance Match,2022-04-30,3,Bay 6,8e1baff6-f8df-4f31-892f-de602f93fbe9,Elisabeth Steiger,49,51.71,5,63.86,PCC,C,A136514,MINOR,Lady,63.8633,51.7107,5.0026,19.19,18,,2,,,,,,
2170c5f9-ac27-4755-8693-f4d60a14c9c1,GPS USPSA Extra Saturday Second Chance Match,2022-04-30,3,Bay 6,8e1baff6-f8df-4f31-892f-de602f93fbe9,Terry Mu,50,51.65,5,73.48,Limited,U,TY104401,MAJOR,,73.4806,51.6518,4.9969,16.21,17,,1,1,1,,,,
2170c5f9-ac27-4755-8693-f4d60a14c9c1,GPS USPSA Extra Saturday Second Chance Match,2022-04-30,3,Bay 6,8e1baff6-f8df-4f31-892f-de602f93fbe9,Jeannie Marrone,51,50.96,12,50.96,Open,C,A133357,MAJOR,Lady; Super Senior,50.9603,50.9603,4.9300,17.85,14,,3,3,,,,,
2170c5f9-ac27-4755-8693-f4d60a14c9c1,GPS USPSA Extra Saturday Second Chance Match,2022-04-30,3,Bay 6,8e1baff6-f8df-4f31-892f-de602f93fbe9,Michael Rominiyi,52,50.88,24,58.49,Carry Optics,B,A138602,MINOR,,58.4892,50.8786,4.9221,12.19,15,,5,,,,,3,
2170c5f9-ac27-4755-8693-f4d60a14c9c1,GPS USPSA Extra Saturday Second Chance Match,2022-04-30,3,Bay 6,8e1baff6-f8df-4f31-892f-de602f93fbe9,Chez Chike-Udenze,53,50.80,25,58.40,Carry Optics,B,A138598,MINOR,,58.3989,50.8001,4.9145,18.72,16,,4,,,,,,
2170c5f9-ac27-4755-8693-f4d60a14c9c1,GPS USPSA Extra Saturday Second Chance Match,2022-04-30,3,Bay 6,8e1baff6-f8df-4f31-892f-de602f93fbe9,JR Roberts,54,50.55,6,71.92,Limited,C,TY102739,MAJOR,,71.9189,50.5541,4.8907,19.22,16,,3,1,,,,,
2170c5f9-ac27-4755-8693-f4d60a14c9c1,GPS USPSA Extra Saturday Second Chance Match,2022-04-30,3,Bay 6,8e1baff6-f8df-4f31-892f-de602f93fbe9,Page Brunkhorst,55,50.34,5,69.25,Single Stack,C,L4903,MAJOR,Senior,69.2525,50.3370,4.8697,20.33,19,,1,,,,,,
2170c5f9-ac27-4755-8693-f4d60a14c9c1,GPS USPSA Extra Saturday Second Chance Match,2022-04-30,3,Bay 6,8e1baff6-f8df-4f31-892f-de602f93fbe9,David Young,56,48.68,26,55.96,Carry Optics,C,Ty130791,MINOR,,55.9617,48.6800,4.7094,19.96,17,,3,,,,,,
2170c5f9-ac27-4755-8693-f4d60a14c9c1,GPS USPSA Extra Saturday Second Chance Match,2022-04-30,3,Bay 6,8e1baff6-f8df-4f31-892f-de602f93fbe9,Gennady Khokhorin,57,48.06,3,62.32,Production,C,A123884,MINOR,Super Senior,62.3172,48.0639,4.6498,16.99,16,,3,,1,,,,
2170c5f9-ac27-4755-8693-f4d60a14c9c1,GPS USPSA Extra Saturday Second Chance Match,2022-04-30,3,Bay 6,8e1baff6-f8df-4f31-892f-de602f93fbe9,Virak Meas,58,48.01,7,68.29,Limited,U,0,MINOR,Junior,68.2926,48.0050,4.6441,19.81,16,,4,,,,,,
2170c5f9-ac27-4755-8693-f4d60a14c9c1,GPS USPSA Extra Saturday Second Chance Match,2022-04-30,3,Bay 6,8e1baff6-f8df-4f31-892f-de602f93fbe9,Taylor Latham,59,47.86,6,65.84,Single Stack,B,TY39841,MAJOR,Senior,65.8381,47.8551,4.6296,20.52,17,,2,1,,,,,
2170c5f9-ac27-4755-8693-f4d60a14c9c1,GPS USPSA Extra Saturday Second Chance Match,2022-04-30,3,Bay 6,8e1baff6-f8df-4f31-892f-de602f93fbe9,Jimmy Durham,60,47.54,13,47.54,Open,C,TY135611,MAJOR,,47.5388,47.5388,4.5990,17.83,16,,3,,1,,,,
2170c5f9-ac27-4755-8693-f4d60a14c9c1,GPS USPSA Extra Saturday Second Chance Match,2022-04-30,3,Bay 6,8e1baff6-f8df-4f31-892f-de602f93fbe9,Sobe Mehkri,61,47.15,14,47.15,Open,U,A135105,MINOR,,47.1522,47.1522,4.5616,19.73,15,,5,,,,,,
2170c5f9-ac27-4755-8693-f4d60a14c9c1,GPS USPSA Extra Saturday Second Chance Match,2022-04-30,3,Bay 6,8e1baff6-f8df-4f31-892f-de602f93fbe9,Mike Benitez,62,44.05,27,50.64,Carry Optics,U,A98298,MINOR,,50.6357,44.0471,4.2612,18.07,16,,2,1,1,,,,
2170c5f9-ac27-4755-8693-f4d60a14c9c1,GPS USPSA Extra Saturday Second Chance Match,2022-04-30,3,Bay 6,8e1baff6-f8df-4f31-892f-de602f93fbe9,Em Alco,63,44.05,8,62.66,Limited,C,TY67519,MINOR,Senior,62.6605,44.0460,4.2611,22.06,17,,3,,,,,,
2170c5f9-ac27-4755-8693-f4d60a14c9c1,GPS USPSA Extra Saturday Second Chance Match,2022-04-30,3,Bay 6,8e1baff6-f8df-4f31-892f-de602f93fbe9,Stephanie Marie,64,43.87,28,50.43,Carry Optics,D,A139099,MINOR,Lady,50.4349,43.8724,4.2443,23.09,19,,1,,,,,,
2170c5f9-ac27-4755-8693-f4d60a14c9c1,GPS USPSA Extra Saturday Second Chance Match,2022-04-30,3,Bay 6,8e1baff6-f8df-4f31-892f-de602f93fbe9,"Jeff Maxwell, Jr.",65,43.68,9,62.14,Limited,C,L4489,MAJOR,Senior,62.1443,43.6832,4.2260,22.48,17,,2,1,,,,,
2170c5f9-ac27-4755-8693-f4d60a14c9c1,GPS USPSA Extra Saturday Second Chance Match,2022-04-30,3,Bay 6,8e1baff6-f8df-4f31-892f-de602f93fbe9,Dale Hamm,66,35.43,7,48.74,Single Stack,C,TY97196,MAJOR,Senior,48.7443,35.4303,3.4276,23.34,14,,5,,1,,,,
2170c5f9-ac27-4755-8693-f4d60a14c9c1,GPS USPSA Extra Saturday Second Chance Match,2022-04-30,3,Bay 6,8e1baff6-f8df-4f31-892f-de602f93fbe9,John Austria,67,33.43,15,33.43,Open,B,Fy82746,MAJOR,Foreign,33.4333,33.4333,3.2344,29.99,17,,3,,,,,,
2170c5f9-ac27-4755-8693-f4d60a14c9c1,GPS USPSA Extra Saturday Second Chance Match,2022-04-30,3,Bay 6,8e1baff6-f8df-4f31-892f-de602f93fbe9,Matthew Butler,68,31.66,4,41.05,Production,U,0,MINOR,,41.0494,31.6605,3.0629,30.69,17,,3,,,,,,
2170c5f9-ac27-4755-8693-f4d60a14c9c1,GPS USPSA Extra Saturday Second Chance Match,2022-04-30,3,Bay 6,8e1baff6-f8df-4f31-892f-de602f93fbe9,Steve Thai,69,31.40,16,31.40,Open,U,0,MINOR,Junior,31.4041,31.4041,3.0381,30.94,18,,1,1,,,,,
2170c5f9-ac27-4755-8693-f4d60a14c9c1,GPS USPSA Extra Saturday Second Chance Match,2022-04-30,3,Bay 6,8e1baff6-f8df-4f31-892f-de602f93fbe9,William Chen,70,31.25,29,35.93,Carry Optics,U,0,MINOR,,35.9258,31.2512,3.0233,26.13,17,,1,1,1,,,,
2170c5f9-ac27-4755-8693-f4d60a14c9c1,GPS USPSA Extra Saturday Second Chance Match,2022-04-30,3,Bay 6,8e1baff6-f8df-4f31-892f-de602f93fbe9,Chad Smith,71,30.94,10,44.01,Limited,U,A141153,MINOR,,44.0142,30.9390,2.9931,33.41,20,,,,,,,,
2170c5f9-ac27-4755-8693-f4d60a14c9c1,GPS USPSA Extra Saturday Second Chance Match,2022-04-30,3,Bay 6,8e1baff6-f8df-4f31-892f-de602f93fbe9,Miguel Gonzalez,72,30.08,5,39.00,Production,U,0,MINOR,,38.9962,30.0769,2.9097,23.37,17,,1,,2,,,,
2170c5f9-ac27-4755-8693-f4d60a14c9c1,GPS USPSA Extra Saturday Second Chance Match,2022-04-30,3,Bay 6,8e1baff6-f8df-4f31-892f-de602f93fbe9,Yetta Jones,73,27.88,30,32.05,Carry Optics,U,A139120,MINOR,Lady,32.0531,27.8824,2.6974,30.40,12,,7,1,,,,,
2170c5f9-ac27-4755-8693-f4d60a14c9c1,GPS USPSA Extra Saturday Second Chance Match,2022-04-30,3,Bay 6,8e1baff6-f8df-4f31-892f-de602f93fbe9,Eric Paul Victorin,74,27.47,6,35.62,Production,D,A141595,MINOR,,35.6202,27.4731,2.6578,33.11,15,,4,1,,,,,
2170c5f9-ac27-4755-8693-f4d60a14c9c1,GPS USPSA Extra Saturday Second Chance Match,2022-04-30,3,Bay 6,8e1baff6-f8df-4f31-892f-de602f93fbe9,Byron J Frank,75,19.09,31,21.95,Carry Optics,U,A139338,MINOR,,21.9479,19.0920,1.8470,26.53,14,,3,,3,,,,
2170c5f9-ac27-4755-8693-f4d60a14c9c1,GPS USPSA Extra Saturday Second Chance Match,2022-04-30,3,Bay 6,8e1baff6-f8df-4f31-892f-de602f93fbe9,Danielle Dysart,76,18.55,11,26.39,Limited,U,A137402,MINOR,Lady,26.3915,18.5514,1.7947,23.96,11,,6,,3,,,,
2170c5f9-ac27-4755-8693-f4d60a14c9c1,GPS USPSA Extra Saturday Second Chance Match,2022-04-30,3,Bay 6,8e1baff6-f8df-4f31-892f-de602f93fbe9,Jason Wells2,77,0.00,8,0.00,Single Stack,A,L5218,MAJOR,,0.0000,0.0000,,,,,,,,,,,
2170c5f9-ac27-4755-8693-f4d60a14c9c1,GPS USPSA Extra Saturday Second Chance Match,2022-04-30,3,Bay 6,8e1baff6-f8df-4f31-892f-de602f93fbe9,Marc Demeza,78,0.00,12,0.00,Limited,X,A70759,MINOR,,0.0000,0.0000,0.0000,14.79,9,,1,,10,,,5,
2170c5f9-ac27-4755-8693-f4d60a14c9c1,GPS USPSA Extra Saturday Second Chance Match,2022-04-30,4,Bay 7,d7b2e3e6-8134-4b07-9cff-a897a49ac568,Albert Montanez,1,100.00,1,100.00,Open,M,TY101554,MAJOR,,110.0000,110.0000,7.1193,15.17,20,,2,,,,,,
2170c5f9-ac27-4755-8693-f4d60a14c9c1,GPS USPSA Extra Saturday Second Chance Match,2022-04-30,4,Bay 7,d7b2e3e6-8134-4b07-9cff-a897a49ac568,Gil Yolo,2,93.57,2,93.57,Open,M,L5228,MAJOR,,102.9250,102.9250,6.6614,12.76,21,,,,1,,,1,
2170c5f9-ac27-4755-8693-f4d60a14c9c1,GPS USPSA Extra Saturday Second Chance Match,2022-04-30,4,Bay 7,d7b2e3e6-8134-4b07-9cff-a897a49ac568,Corey Slifko,3,92.68,3,92.68,Open,A,82935,MAJOR,,101.9439,101.9439,6.5979,14.55,14,,5,3,,,,,
2170c5f9-ac27-4755-8693-f4d60a14c9c1,GPS USPSA Extra Saturday Second Chance Match,2022-04-30,4,Bay 7,d7b2e3e6-8134-4b07-9cff-a897a49ac568,Lan Nguyen,4,92.51,4,92.51,Open,A,Ty81359,MAJOR,,101.7662,101.7662,6.5864,15.79,16,,6,,,,,,
2170c5f9-ac27-4755-8693-f4d60a14c9c1,GPS USPSA Extra Saturday Second Chance Match,2022-04-30,4,Bay 7,d7b2e3e6-8134-4b07-9cff-a897a49ac568,Mike Whitesides,5,88.62,5,88.62,Open,A,TY81358,MAJOR,,97.4863,97.4863,6.3094,14.74,19,,2,,1,,,,
2170c5f9-ac27-4755-8693-f4d60a14c9c1,GPS USPSA Extra Saturday Second Chance Match,2022-04-30,4,Bay 7,d7b2e3e6-8134-4b07-9cff-a897a49ac568,Derek Rabuck,6,85.08,1,100.00,PCC,B,Ty91331,MINOR,,110.0000,93.5880,6.0571,17.50,20,,2,,,,,,
2170c5f9-ac27-4755-8693-f4d60a14c9c1,GPS USPSA Extra Saturday Second Chance Match,2022-04-30,4,Bay 7,d7b2e3e6-8134-4b07-9cff-a897a49ac568,Zvi Davidoff,7,83.60,6,83.60,Open,M,TY68524,MAJOR,,91.9579,91.9579,5.9516,15.29,19,,1,1,1,,,,
2170c5f9-ac27-4755-8693-f4d60a14c9c1,GPS USPSA Extra Saturday Second Chance Match,2022-04-30,4,Bay 7,d7b2e3e6-8134-4b07-9cff-a897a49ac568,Vinh Lam,8,80.29,1,100.00,Limited,M,TY101025,MAJOR,,110.0000,88.3177,5.7160,16.27,19,,2,,1,,,,
2170c5f9-ac27-4755-8693-f4d60a14c9c1,GPS USPSA Extra Saturday Second Chance Match,2022-04-30,4,Bay 7,d7b2e3e6-8134-4b07-9cff-a897a49ac568,Ross Apffel,9,77.94,2,97.07,Limited,A,L4428,MAJOR,,106.7824,85.7343,5.5488,16.40,17,,4,,1,,,,
2170c5f9-ac27-4755-8693-f4d60a14c9c1,GPS USPSA Extra Saturday Second Chance Match,2022-04-30,4,Bay 7,d7b2e3e6-8134-4b07-9cff-a897a49ac568,Paul Felker,10,77.47,1,100.00,Carry Optics,M,TY107123,MINOR,,110.0000,85.2151,5.5152,16.50,20,,,1,1,,,,
2170c5f9-ac27-4755-8693-f4d60a14c9c1,GPS USPSA Extra Saturday Second Chance Match,2022-04-30,4,Bay 7,d7b2e3e6-8134-4b07-9cff-a897a49ac568,Jorge Cahas,11,76.34,7,76.34,Open,B,F-44522,MAJOR,Senior,83.9729,83.9729,5.4348,17.48,21,,,,1,,,,
2170c5f9-ac27-4755-8693-f4d60a14c9c1,GPS USPSA Extra Saturday Second Chance Match,2022-04-30,4,Bay 7,d7b2e3e6-8134-4b07-9cff-a897a49ac568,Jack Liu,12,75.76,2,89.05,PCC,C,Ty130790,MINOR,,97.9523,83.3378,5.3937,16.13,17,,4,,1,,,,
2170c5f9-ac27-4755-8693-f4d60a14c9c1,GPS USPSA Extra Saturday Second Chance Match,2022-04-30,4,Bay 7,d7b2e3e6-8134-4b07-9cff-a897a49ac568,Wade Pruetz,13,74.14,3,87.14,PCC,M,TY79055,MINOR,,95.8548,81.5532,5.2782,14.02,17,,3,,2,,,,
2170c5f9-ac27-4755-8693-f4d60a14c9c1,GPS USPSA Extra Saturday Second Chance Match,2022-04-30,4,Bay 7,d7b2e3e6-8134-4b07-9cff-a897a49ac568,Roman Gwiscz,14,73.73,2,95.18,Carry Optics,A,L4670,MINOR,,104.6967,81.1067,5.2493,19.05,17,,5,,,,,,
2170c5f9-ac27-4755-8693-f4d60a14c9c1,GPS USPSA Extra Saturday Second Chance Match,2022-04-30,4,Bay 7,d7b2e3e6-8134-4b07-9cff-a897a49ac568,Matthew Gonzalez,15,73.11,3,94.37,Carry Optics,B,A119810,MINOR,,103.8071,80.4176,5.2047,17.10,18,,3,,1,,,,
2170c5f9-ac27-4755-8693-f4d60a14c9c1,GPS USPSA Extra Saturday Second Chance Match,2022-04-30,4,Bay 7,d7b2e3e6-8134-4b07-9cff-a897a49ac568,Travis McKenzie,16,71.45,4,92.23,Carry Optics,B,TY139201,MINOR,,101.4496,78.5913,5.0865,19.66,17,,5,,,,,,
2170c5f9-ac27-4755-8693-f4d60a14c9c1,GPS USPSA Extra Saturday Second Chance Match,2022-04-30,4,Bay 7,d7b2e3e6-8134-4b07-9cff-a897a49ac568,Michael Pontious,17,70.51,8,70.51,Open,B,FY94575,MAJOR,Senior,77.5638,77.5638,5.0200,17.53,16,,4,1,1,,,,
2170c5f9-ac27-4755-8693-f4d60a14c9c1,GPS USPSA Extra Saturday Second Chance Match,2022-04-30,4,Bay 7,d7b2e3e6-8134-4b07-9cff-a897a49ac568,Ridong Wen,18,70.42,5,90.90,Carry Optics,B,A99651,MINOR,,99.9937,77.4634,5.0135,18.55,20,,1,,1,,,,
2170c5f9-ac27-4755-8693-f4d60a14c9c1,GPS USPSA Extra Saturday Second Chance Match,2022-04-30,4,Bay 7,d7b2e3e6-8134-4b07-9cff-a897a49ac568,John Austria,19,69.90,9,69.90,Open,B,Fy82746,MAJOR,Foreign,76.8886,76.8886,4.9763,21.10,17,,5,,,,,,
2170c5f9-ac27-4755-8693-f4d60a14c9c1,GPS USPSA Extra Saturday Second Chance Match,2022-04-30,4,Bay 7,d7b2e3e6-8134-4b07-9cff-a897a49ac568,JOSE ONIA,20,67.09,6,86.61,Carry Optics,C,A134359,MINOR,,95.2687,73.8030,4.7766,19.47,20,,1,,1,,,,
2170c5f9-ac27-4755-8693-f4d60a14c9c1,GPS USPSA Extra Saturday Second Chance Match,2022-04-30,4,Bay 7,d7b2e3e6-8134-4b07-9cff-a897a49ac568,Brandon Foss,21,67.04,7,86.54,Carry Optics,M,L5142,MINOR,,95.1889,73.7412,4.7726,17.81,17,,3,1,1,,,,
2170c5f9-ac27-4755-8693-f4d60a14c9c1,GPS USPSA Extra Saturday Second Chance Match,2022-04-30,4,Bay 7,d7b2e3e6-8134-4b07-9cff-a897a49ac568,Matthew Michna,22,66.49,8,85.83,Carry Optics,C,A128405,MINOR,,94.4131,73.1402,4.7337,21.97,19,,3,,,,,,
2170c5f9-ac27-4755-8693-f4d60a14c9c1,GPS USPSA Extra Saturday Second Chance Match,2022-04-30,4,Bay 7,d7b2e3e6-8134-4b07-9cff-a897a49ac568,Kent Leslie,23,63.98,3,79.69,Limited,G,TY1808,MAJOR,Super Senior,87.6594,70.3807,4.5551,23.49,19,,3,,,,,,
2170c5f9-ac27-4755-8693-f4d60a14c9c1,GPS USPSA Extra Saturday Second Chance Match,2022-04-30,4,Bay 7,d7b2e3e6-8134-4b07-9cff-a897a49ac568,Adriel Taylor,24,63.57,10,63.57,Open,C,A104321,MAJOR,,69.9310,69.9310,4.5260,16.35,14,,6,,2,,,,
2170c5f9-ac27-4755-8693-f4d60a14c9c1,GPS USPSA Extra Saturday Second Chance Match,2022-04-30,4,Bay 7,d7b2e3e6-8134-4b07-9cff-a897a49ac568,Sobe Mehkri,25,63.52,11,63.52,Open,U,A135105,MINOR,,69.8677,69.8677,4.5219,21.23,16,,5,1,,,,,
2170c5f9-ac27-4755-8693-f4d60a14c9c1,GPS USPSA Extra Saturday Second Chance Match,2022-04-30,4,Bay 7,d7b2e3e6-8134-4b07-9cff-a897a49ac568,Steven McNamara,26,62.85,12,62.85,Open,B,A75212,MAJOR,Senior,69.1322,69.1322,4.4743,17.88,20,,,,2,,,,
2170c5f9-ac27-4755-8693-f4d60a14c9c1,GPS USPSA Extra Saturday Second Chance Match,2022-04-30,4,Bay 7,d7b2e3e6-8134-4b07-9cff-a897a49ac568,Eric Mccampbell,27,62.46,1,100.00,Single Stack,C,A14332,MAJOR,Senior,110.0000,68.7011,4.4464,22.94,16,,5,1,,,,,
2170c5f9-ac27-4755-8693-f4d60a14c9c1,GPS USPSA Extra Saturday Second Chance Match,2022-04-30,4,Bay 7,d7b2e3e6-8134-4b07-9cff-a897a49ac568,Khoa Nguyen,28,62.21,1,100.00,Production,A,A117224,MINOR,Law Enforcement,110.0000,68.4277,4.4287,22.58,17,,5,,,,,,
2170c5f9-ac27-4755-8693-f4d60a14c9c1,GPS USPSA Extra Saturday Second Chance Match,2022-04-30,4,Bay 7,d7b2e3e6-8134-4b07-9cff-a897a49ac568,Carlos Escandon,29,61.87,2,99.06,Single Stack,B,L2590,MAJOR,Super Senior,108.9659,68.0553,4.4046,24.52,20,,2,,,,,,
2170c5f9-ac27-4755-8693-f4d60a14c9c1,GPS USPSA Extra Saturday Second Chance Match,2022-04-30,4,Bay 7,d7b2e3e6-8134-4b07-9cff-a897a49ac568,Antonio Tormis,30,61.66,9,79.59,Carry Optics,B,A124958,MINOR,,87.5540,67.8266,4.3898,20.73,19,,2,,1,,,,
2170c5f9-ac27-4755-8693-f4d60a14c9c1,GPS USPSA Extra Saturday Second Chance Match,2022-04-30,4,Bay 7,d7b2e3e6-8134-4b07-9cff-a897a49ac568,Patrick Yang,31,60.84,10,78.53,Carry Optics,C,L4392,MINOR,,86.3853,66.9212,4.3312,23.55,18,,4,,,,,,
2170c5f9-ac27-4755-8693-f4d60a14c9c1,GPS USPSA Extra Saturday Second Chance Match,2022-04-30,4,Bay 7,d7b2e3e6-8134-4b07-9cff-a897a49ac568,Gary Wu,32,60.30,11,77.84,Carry Optics,B,L2998,MINOR,Senior,85.6214,66.3294,4.2929,19.80,17,,3,1,1,,,,
2170c5f9-ac27-4755-8693-f4d60a14c9c1,GPS USPSA Extra Saturday Second Chance Match,2022-04-30,4,Bay 7,d7b2e3e6-8134-4b07-9cff-a897a49ac568,Jimmy Durham,33,59.86,13,59.86,Open,C,TY135611,MAJOR,,65.8412,65.8412,4.2613,25.11,19,,3,,,,,,
2170c5f9-ac27-4755-8693-f4d60a14c9c1,GPS USPSA Extra Saturday Second Chance Match,2022-04-30,4,Bay 7,d7b2e3e6-8134-4b07-9cff-a897a49ac568,Abrahan Figueroa,34,59.35,14,59.35,Open,C,TY54053,MAJOR,Senior,65.2865,65.2865,4.2254,17.75,17,,2,1,2,,,,
2170c5f9-ac27-4755-8693-f4d60a14c9c1,GPS USPSA Extra Saturday Second Chance Match,2022-04-30,4,Bay 7,d7b2e3e6-8134-4b07-9cff-a897a49ac568,John Brunkhorst,35,59.35,12,76.61,Carry Optics,B,A116144,MINOR,,84.2751,65.2865,4.2254,22.01,20,,1,,1,,,,
2170c5f9-ac27-4755-8693-f4d60a14c9c1,GPS USPSA Extra Saturday Second Chance Match,2022-04-30,4,Bay 7,d7b2e3e6-8134-4b07-9cff-a897a49ac568,Pete Kirchner,36,58.21,13,75.14,Carry Optics,A,TY105743,MINOR,,82.6496,64.0272,4.1439,18.34,18,,2,,2,,,,
2170c5f9-ac27-4755-8693-f4d60a14c9c1,GPS USPSA Extra Saturday Second Chance Match,2022-04-30,4,Bay 7,d7b2e3e6-8134-4b07-9cff-a897a49ac568,Terry Mu,37,57.83,4,72.03,Limited,U,TY104401,MAJOR,,79.2304,63.6131,4.1171,20.16,15,,3,3,1,,,,
2170c5f9-ac27-4755-8693-f4d60a14c9c1,GPS USPSA Extra Saturday Second Chance Match,2022-04-30,4,Bay 7,d7b2e3e6-8134-4b07-9cff-a897a49ac568,Mike Benitez,38,57.78,14,74.58,Carry Optics,U,A98298,MINOR,,82.0433,63.5575,4.1135,21.15,17,,4,,1,,,,
2170c5f9-ac27-4755-8693-f4d60a14c9c1,GPS USPSA Extra Saturday Second Chance Match,2022-04-30,4,Bay 7,d7b2e3e6-8134-4b07-9cff-a897a49ac568,Ryan Alicaya,39,57.24,15,73.89,Carry Optics,D,A106355,MINOR,,81.2774,62.9642,4.0751,21.84,19,,1,1,1,,,,
2170c5f9-ac27-4755-8693-f4d60a14c9c1,GPS USPSA Extra Saturday Second Chance Match,2022-04-30,4,Bay 7,d7b2e3e6-8134-4b07-9cff-a897a49ac568,Devin Yolo,40,55.92,16,72.19,Carry Optics,B,A112987,MINOR,,79.4065,61.5149,3.9813,17.08,14,,6,,2,,,,
2170c5f9-ac27-4755-8693-f4d60a14c9c1,GPS USPSA Extra Saturday Second Chance Match,2022-04-30,4,Bay 7,d7b2e3e6-8134-4b07-9cff-a897a49ac568,Jason Wells,41,55.76,3,89.29,Single Stack,A,L5218,MAJOR,,98.2143,61.3403,3.9700,22.67,16,,5,,1,,,,
2170c5f9-ac27-4755-8693-f4d60a14c9c1,GPS USPSA Extra Saturday Second Chance Match,2022-04-30,4,Bay 7,d7b2e3e6-8134-4b07-9cff-a897a49ac568,Alonzo Jackson,42,55.75,17,71.97,Carry Optics,D,ty138613,MINOR,,79.1672,61.3295,3.9693,23.43,20,,1,,1,,,,
2170c5f9-ac27-4755-8693-f4d60a14c9c1,GPS USPSA Extra Saturday Second Chance Match,2022-04-30,4,Bay 7,d7b2e3e6-8134-4b07-9cff-a897a49ac568,Jim Havens,43,55.68,18,71.88,Carry Optics,G,TY114636,MINOR,,79.0655,61.2507,3.9642,15.64,17,,2,1,2,,,1,
2170c5f9-ac27-4755-8693-f4d60a14c9c1,GPS USPSA Extra Saturday Second Chance Match,2022-04-30,4,Bay 7,d7b2e3e6-8134-4b07-9cff-a897a49ac568,Jun Wu,44,54.64,19,70.54,Carry Optics,B,TY104927,MINOR,,77.5916,60.1089,3.8903,24.42,21,,,,1,,,,
2170c5f9-ac27-4755-8693-f4d60a14c9c1,GPS USPSA Extra Saturday Second Chance Match,2022-04-30,4,Bay 7,d7b2e3e6-8134-4b07-9cff-a897a49ac568,Brett Dempsey,45,54.53,20,70.39,Carry Optics,C,TY114367,MINOR,,77.4260,59.9806,3.8820,25.76,18,,3,1,,,,,
2170c5f9-ac27-4755-8693-f4d60a14c9c1,GPS USPSA Extra Saturday Second Chance Match,2022-04-30,4,Bay 7,d7b2e3e6-8134-4b07-9cff-a897a49ac568,Jonathan Backof,46,54.14,4,86.68,Single Stack,B,A116878,MAJOR,,95.3495,59.5511,3.8542,23.87,18,,3,,1,,,,
2170c5f9-ac27-4755-8693-f4d60a14c9c1,GPS USPSA Extra Saturday Second Chance Match,2022-04-30,4,Bay 7,d7b2e3e6-8134-4b07-9cff-a897a49ac568,Jarrett Grimes,47,53.96,21,69.65,Carry Optics,C,A140749,MINOR,,76.6143,59.3518,3.8413,23.69,19,,2,,1,,,,
2170c5f9-ac27-4755-8693-f4d60a14c9c1,GPS USPSA Extra Saturday Second Chance Match,2022-04-30,4,Bay 7,d7b2e3e6-8134-4b07-9cff-a897a49ac568,Gennady Khokhorin,48,53.31,2,85.69,Production,C,A123884,MINOR,Super Senior,94.2627,58.6379,3.7951,26.35,18,,3,1,,,,,
2170c5f9-ac27-4755-8693-f4d60a14c9c1,GPS USPSA Extra Saturday Second Chance Match,2022-04-30,4,Bay 7,d7b2e3e6-8134-4b07-9cff-a897a49ac568,Eric Wu,49,50.10,22,64.67,Carry Optics,U,TY104740,MINOR,,71.1414,55.1120,3.5669,23.83,16,,5,,1,,,,
2170c5f9-ac27-4755-8693-f4d60a14c9c1,GPS USPSA Extra Saturday Second Chance Match,2022-04-30,4,Bay 7,d7b2e3e6-8134-4b07-9cff-a897a49ac568,Chez Chike-Udenze,50,49.24,23,63.56,Carry Optics,B,A138598,MINOR,,69.9168,54.1633,3.5055,26.53,20,,1,,1,,,,
2170c5f9-ac27-4755-8693-f4d60a14c9c1,GPS USPSA Extra Saturday Second Chance Match,2022-04-30,4,Bay 7,d7b2e3e6-8134-4b07-9cff-a897a49ac568,Pat Byrne,51,49.05,5,61.09,Limited,B,Fy93921,MAJOR,Super Senior,67.2028,53.9563,3.4921,22.05,17,,3,,2,,,,
2170c5f9-ac27-4755-8693-f4d60a14c9c1,GPS USPSA Extra Saturday Second Chance Match,2022-04-30,4,Bay 7,d7b2e3e6-8134-4b07-9cff-a897a49ac568,Page Brunkhorst,52,48.05,5,76.93,Single Stack,C,L4903,MAJOR,Senior,84.6201,52.8500,3.4205,30.99,18,,4,,,,,,
2170c5f9-ac27-4755-8693-f4d60a14c9c1,GPS USPSA Extra Saturday Second Chance Match,2022-04-30,4,Bay 7,d7b2e3e6-8134-4b07-9cff-a897a49ac568,Jeannie Marrone,53,47.02,15,47.02,Open,C,A133357,MAJOR,Lady; Super Senior,51.7190,51.7190,3.3473,26.29,16,,4,1,1,,,,
2170c5f9-ac27-4755-8693-f4d60a14c9c1,GPS USPSA Extra Saturday Second Chance Match,2022-04-30,4,Bay 7,d7b2e3e6-8134-4b07-9cff-a897a49ac568,Robbie Boettcher,54,44.73,24,57.74,Carry Optics,U,A139912,MINOR,,63.5185,49.2067,3.1847,29.83,21,,,,1,,,,
2170c5f9-ac27-4755-8693-f4d60a14c9c1,GPS USPSA Extra Saturday Second Chance Match,2022-04-30,4,Bay 7,d7b2e3e6-8134-4b07-9cff-a897a49ac568,Drew Yang,55,44.25,3,71.14,Production,C,A138478,MINOR,,78.2496,48.6767,3.1504,29.52,20,,1,,1,,,,
2170c5f9-ac27-4755-8693-f4d60a14c9c1,GPS USPSA Extra Saturday Second Chance Match,2022-04-30,4,Bay 7,d7b2e3e6-8134-4b07-9cff-a897a49ac568,Taylor Latham,56,42.43,6,67.94,Single Stack,B,TY39841,MAJOR,Senior,74.7344,46.6758,3.0209,25.82,18,,2,,2,,,,
2170c5f9-ac27-4755-8693-f4d60a14c9c1,GPS USPSA Extra Saturday Second Chance Match,2022-04-30,4,Bay 7,d7b2e3e6-8134-4b07-9cff-a897a49ac568,Anthony Fong,57,41.82,25,53.98,Carry Optics,U,0,MINOR,,59.3779,45.9990,2.9771,26.20,19,,1,,2,,,,
2170c5f9-ac27-4755-8693-f4d60a14c9c1,GPS USPSA Extra Saturday Second Chance Match,2022-04-30,4,Bay 7,d7b2e3e6-8134-4b07-9cff-a897a49ac568,JR Roberts,58,38.49,6,47.94,Limited,C,TY102739,MAJOR,,52.7388,42.3433,2.7405,36.49,16,,4,2,,,,,
2170c5f9-ac27-4755-8693-f4d60a14c9c1,GPS USPSA Extra Saturday Second Chance Match,2022-04-30,4,Bay 7,d7b2e3e6-8134-4b07-9cff-a897a49ac568,David Young,59,36.54,26,47.17,Carry Optics,C,Ty130791,MINOR,,51.8906,40.1988,2.6017,21.14,14,,5,,3,,,,
2170c5f9-ac27-4755-8693-f4d60a14c9c1,GPS USPSA Extra Saturday Second Chance Match,2022-04-30,4,Bay 7,d7b2e3e6-8134-4b07-9cff-a897a49ac568,Michael Rominiyi,60,33.00,27,42.60,Carry Optics,B,A138602,MINOR,,46.8605,36.3020,2.3495,24.26,15,,4,,3,,,,
2170c5f9-ac27-4755-8693-f4d60a14c9c1,GPS USPSA Extra Saturday Second Chance Match,2022-04-30,4,Bay 7,d7b2e3e6-8134-4b07-9cff-a897a49ac568,William Chen,61,31.61,28,40.81,Carry Optics,U,0,MINOR,,44.8860,34.7724,2.2505,36.88,16,,4,1,1,,,,
2170c5f9-ac27-4755-8693-f4d60a14c9c1,GPS USPSA Extra Saturday Second Chance Match,2022-04-30,4,Bay 7,d7b2e3e6-8134-4b07-9cff-a897a49ac568,"Jeff Maxwell, Jr.",62,31.59,7,39.35,Limited,C,L4489,MAJOR,Senior,43.2803,34.7492,2.2490,31.57,15,,3,2,2,,,,
2170c5f9-ac27-4755-8693-f4d60a14c9c1,GPS USPSA Extra Saturday Second Chance Match,2022-04-30,4,Bay 7,d7b2e3e6-8134-4b07-9cff-a897a49ac568,Steve Thai,63,31.56,16,31.56,Open,U,0,MINOR,Junior,34.7137,34.7137,2.2467,46.29,19,,3,,,,,,
2170c5f9-ac27-4755-8693-f4d60a14c9c1,GPS USPSA Extra Saturday Second Chance Match,2022-04-30,4,Bay 7,d7b2e3e6-8134-4b07-9cff-a897a49ac568,Elisabeth Steiger,64,28.27,4,33.23,PCC,C,A136514,MINOR,Lady,36.5498,31.0966,2.0126,25.34,17,,2,,3,,,1,
2170c5f9-ac27-4755-8693-f4d60a14c9c1,GPS USPSA Extra Saturday Second Chance Match,2022-04-30,4,Bay 7,d7b2e3e6-8134-4b07-9cff-a897a49ac568,Stephanie Marie,65,28.00,29,36.14,Carry Optics,D,A139099,MINOR,Lady,39.7541,30.7968,1.9932,35.12,17,,1,2,2,,,,
2170c5f9-ac27-4755-8693-f4d60a14c9c1,GPS USPSA Extra Saturday Second Chance Match,2022-04-30,4,Bay 7,d7b2e3e6-8134-4b07-9cff-a897a49ac568,Dale Hamm,66,26.50,7,42.42,Single Stack,C,TY97196,MAJOR,Senior,46.6654,29.1451,1.8863,40.82,17,,3,,2,,,,
2170c5f9-ac27-4755-8693-f4d60a14c9c1,GPS USPSA Extra Saturday Second Chance Match,2022-04-30,4,Bay 7,d7b2e3e6-8134-4b07-9cff-a897a49ac568,Chad Smith,67,20.83,8,25.94,Limited,U,A141153,MINOR,,28.5373,22.9122,1.4829,51.25,18,,2,,2,,,,
2170c5f9-ac27-4755-8693-f4d60a14c9c1,GPS USPSA Extra Saturday Second Chance Match,2022-04-30,4,Bay 7,d7b2e3e6-8134-4b07-9cff-a897a49ac568,Em Alco,68,20.66,9,25.73,Limited,C,TY67519,MINOR,Senior,28.3063,22.7268,1.4709,51.67,18,,2,,2,,,,
2170c5f9-ac27-4755-8693-f4d60a14c9c1,GPS USPSA Extra Saturday Second Chance Match,2022-04-30,4,Bay 7,d7b2e3e6-8134-4b07-9cff-a897a49ac568,Miguel Gonzalez,69,19.86,4,31.92,Production,U,0,MINOR,,35.1159,21.8446,1.4138,31.83,15,,3,1,3,,,1,
2170c5f9-ac27-4755-8693-f4d60a14c9c1,GPS USPSA Extra Saturday Second Chance Match,2022-04-30,4,Bay 7,d7b2e3e6-8134-4b07-9cff-a897a49ac568,Byron J Frank,70,18.41,30,23.77,Carry Optics,U,A139338,MINOR,,26.1418,20.2516,1.3107,33.57,11,,5,4,2,,,1,
2170c5f9-ac27-4755-8693-f4d60a14c9c1,GPS USPSA Extra Saturday Second Chance Match,2022-04-30,4,Bay 7,d7b2e3e6-8134-4b07-9cff-a897a49ac568,Eric Paul Victorin,71,17.80,5,28.62,Production,D,A141595,MINOR,,31.4797,19.5825,1.2674,40.24,14,,3,2,3,,,,
2170c5f9-ac27-4755-8693-f4d60a14c9c1,GPS USPSA Extra Saturday Second Chance Match,2022-04-30,4,Bay 7,d7b2e3e6-8134-4b07-9cff-a897a49ac568,Virak Meas,72,16.98,10,21.15,Limited,U,0,MINOR,Junior,23.2682,18.6818,1.2091,33.91,11,,4,4,3,,,,
2170c5f9-ac27-4755-8693-f4d60a14c9c1,GPS USPSA Extra Saturday Second Chance Match,2022-04-30,4,Bay 7,d7b2e3e6-8134-4b07-9cff-a897a49ac568,Yetta Jones,73,14.98,31,19.34,Carry Optics,U,A139120,MINOR,Lady,21.2752,16.4815,1.0667,30.00,14,,4,,4,,,1,
2170c5f9-ac27-4755-8693-f4d60a14c9c1,GPS USPSA Extra Saturday Second Chance Match,2022-04-30,4,Bay 7,d7b2e3e6-8134-4b07-9cff-a897a49ac568,Matthew Butler,74,4.34,6,6.98,Production,U,0,MINOR,,7.6799,4.7774,0.3092,35.57,11,,5,1,5,,,1,
2170c5f9-ac27-4755-8693-f4d60a14c9c1,GPS USPSA Extra Saturday Second Chance Match,2022-04-30,4,Bay 7,d7b2e3e6-8134-4b07-9cff-a897a49ac568,Marc Demeza,75,0.00,11,0.00,Limited,X,A70759,MINOR,,0.0000,0.0000,,,,,,,,,,,
2170c5f9-ac27-4755-8693-f4d60a14c9c1,GPS USPSA Extra Saturday Second Chance Match,2022-04-30,4,Bay 7,d7b2e3e6-8134-4b07-9cff-a897a49ac568,Christopher Ham,76,0.00,5,0.00,PCC,U,A135936,MINOR,,0.0000,0.0000,,,,,,,,,,,
2170c5f9-ac27-4755-8693-f4d60a14c9c1,GPS USPSA Extra Saturday Second Chance Match,2022-04-30,4,Bay 7,d7b2e3e6-8134-4b07-9cff-a897a49ac568,Jason Wells2,77,0.00,8,0.00,Single Stack,A,L5218,MAJOR,,0.0000,0.0000,,,,,,,,,,,
2170c5f9-ac27-4755-8693-f4d60a14c9c1,GPS USPSA Extra Saturday Second Chance Match,2022-04-30,4,Bay 7,d7b2e3e6-8134-4b07-9cff-a897a49ac568,Danielle Dysart,78,0.00,12,0.00,Limited,U,A137402,MINOR,Lady,0.0000,0.0000,0.0000,22.90,7,,6,2,7,,,2,
2170c5f9-ac27-4755-8693-f4d60a14c9c1,GPS USPSA Extra Saturday Second Chance Match,2022-04-30,5,Bay 8,dd3331e3-8224-4be0-9ff0-ba7535e09ac9,Gil Yolo,1,100.00,1,100.00,Open,M,L5228,MAJOR,,135.0000,135.0000,7.0946,17.76,22,,3,2,,,,,
2170c5f9-ac27-4755-8693-f4d60a14c9c1,GPS USPSA Extra Saturday Second Chance Match,2022-04-30,5,Bay 8,dd3331e3-8224-4be0-9ff0-ba7535e09ac9,Adriel Taylor,2,95.44,2,95.44,Open,C,A104321,MAJOR,,128.8500,128.8500,6.7714,18.46,17,,10,,,,,,
2170c5f9-ac27-4755-8693-f4d60a14c9c1,GPS USPSA Extra Saturday Second Chance Match,2022-04-30,5,Bay 8,dd3331e3-8224-4be0-9ff0-ba7535e09ac9,Zvi Davidoff,3,92.04,3,92.04,Open,M,TY68524,MAJOR,,124.2565,124.2565,6.5300,18.53,19,,5,3,,,,,
2170c5f9-ac27-4755-8693-f4d60a14c9c1,GPS USPSA Extra Saturday Second Chance Match,2022-04-30,5,Bay 8,dd3331e3-8224-4be0-9ff0-ba7535e09ac9,Albert Montanez,4,91.58,4,91.58,Open,M,TY101554,MAJOR,,123.6380,123.6380,6.4975,19.70,20,,7,,,,,,
2170c5f9-ac27-4755-8693-f4d60a14c9c1,GPS USPSA Extra Saturday Second Chance Match,2022-04-30,5,Bay 8,dd3331e3-8224-4be0-9ff0-ba7535e09ac9,Mike Whitesides,5,90.04,5,90.04,Open,A,TY81358,MAJOR,,121.5601,121.5601,6.3883,19.88,21,,5,1,,,,,
2170c5f9-ac27-4755-8693-f4d60a14c9c1,GPS USPSA Extra Saturday Second Chance Match,2022-04-30,5,Bay 8,dd3331e3-8224-4be0-9ff0-ba7535e09ac9,Brandon Foss,6,88.87,1,100.00,Carry Optics,M,L5142,MINOR,,135.0000,119.9751,6.3050,20.46,25,,1,1,,,,,
2170c5f9-ac27-4755-8693-f4d60a14c9c1,GPS USPSA Extra Saturday Second Chance Match,2022-04-30,5,Bay 8,dd3331e3-8224-4be0-9ff0-ba7535e09ac9,Paul Felker,7,88.64,2,99.74,Carry Optics,M,TY107123,MINOR,,134.6424,119.6573,6.2883,19.56,21,,6,,,,,,
2170c5f9-ac27-4755-8693-f4d60a14c9c1,GPS USPSA Extra Saturday Second Chance Match,2022-04-30,5,Bay 8,dd3331e3-8224-4be0-9ff0-ba7535e09ac9,Corey Slifko,8,88.41,6,88.41,Open,A,82935,MAJOR,,119.3490,119.3490,6.2721,19.77,18,,8,1,,,,,
2170c5f9-ac27-4755-8693-f4d60a14c9c1,GPS USPSA Extra Saturday Second Chance Match,2022-04-30,5,Bay 8,dd3331e3-8224-4be0-9ff0-ba7535e09ac9,Lan Nguyen,9,87.67,7,87.67,Open,A,Ty81359,MAJOR,,118.3557,118.3557,6.2199,20.74,21,,6,,,,,,
2170c5f9-ac27-4755-8693-f4d60a14c9c1,GPS USPSA Extra Saturday Second Chance Match,2022-04-30,5,Bay 8,dd3331e3-8224-4be0-9ff0-ba7535e09ac9,Vinh Lam,10,87.30,1,100.00,Limited,M,TY101025,MAJOR,,135.0000,117.8496,6.1933,18.73,22,,4,,1,,,,
2170c5f9-ac27-4755-8693-f4d60a14c9c1,GPS USPSA Extra Saturday Second Chance Match,2022-04-30,5,Bay 8,dd3331e3-8224-4be0-9ff0-ba7535e09ac9,Ross Apffel,11,87.10,2,99.78,Limited,A,L4428,MAJOR,,134.6992,117.5870,6.1795,20.39,18,,9,,,,,,
2170c5f9-ac27-4755-8693-f4d60a14c9c1,GPS USPSA Extra Saturday Second Chance Match,2022-04-30,5,Bay 8,dd3331e3-8224-4be0-9ff0-ba7535e09ac9,JOSE ONIA,12,83.78,3,94.27,Carry Optics,C,A134359,MINOR,,127.2683,113.1038,5.9439,21.03,22,,5,,,,,,
2170c5f9-ac27-4755-8693-f4d60a14c9c1,GPS USPSA Extra Saturday Second Chance Match,2022-04-30,5,Bay 8,dd3331e3-8224-4be0-9ff0-ba7535e09ac9,John Brunkhorst,13,82.84,4,93.21,Carry Optics,B,A116144,MINOR,,125.8337,111.8289,5.8769,21.61,23,,4,,,,,,
2170c5f9-ac27-4755-8693-f4d60a14c9c1,GPS USPSA Extra Saturday Second Chance Match,2022-04-30,5,Bay 8,dd3331e3-8224-4be0-9ff0-ba7535e09ac9,Pete Kirchner,14,81.88,5,92.14,Carry Optics,A,TY105743,MINOR,,124.3863,110.5426,5.8093,22.55,25,,2,,,,,,
2170c5f9-ac27-4755-8693-f4d60a14c9c1,GPS USPSA Extra Saturday Second Chance Match,2022-04-30,5,Bay 8,dd3331e3-8224-4be0-9ff0-ba7535e09ac9,Travis McKenzie,15,78.52,6,88.35,Carry Optics,B,TY139201,MINOR,,119.2775,106.0024,5.5707,22.08,22,,4,1,,,,,
2170c5f9-ac27-4755-8693-f4d60a14c9c1,GPS USPSA Extra Saturday Second Chance Match,2022-04-30,5,Bay 8,dd3331e3-8224-4be0-9ff0-ba7535e09ac9,Matthew Gonzalez,16,77.85,7,87.61,Carry Optics,B,A119810,MINOR,,118.2669,105.1042,5.5235,20.82,18,,8,1,,,,,
2170c5f9-ac27-4755-8693-f4d60a14c9c1,GPS USPSA Extra Saturday Second Chance Match,2022-04-30,5,Bay 8,dd3331e3-8224-4be0-9ff0-ba7535e09ac9,Derek Rabuck,17,76.23,1,100.00,PCC,B,Ty91331,MINOR,,135.0000,102.9083,5.4081,19.97,21,,4,1,1,,,,
2170c5f9-ac27-4755-8693-f4d60a14c9c1,GPS USPSA Extra Saturday Second Chance Match,2022-04-30,5,Bay 8,dd3331e3-8224-4be0-9ff0-ba7535e09ac9,Jorge Cahas,18,75.81,8,75.81,Open,B,F-44522,MAJOR,Senior,102.3489,102.3489,5.3787,23.24,19,,7,1,,,,,
2170c5f9-ac27-4755-8693-f4d60a14c9c1,GPS USPSA Extra Saturday Second Chance Match,2022-04-30,5,Bay 8,dd3331e3-8224-4be0-9ff0-ba7535e09ac9,Kent Leslie,19,75.36,3,86.32,Limited,G,TY1808,MAJOR,Super Senior,116.5351,101.7305,5.3462,22.82,20,,4,3,,,,,
2170c5f9-ac27-4755-8693-f4d60a14c9c1,GPS USPSA Extra Saturday Second Chance Match,2022-04-30,5,Bay 8,dd3331e3-8224-4be0-9ff0-ba7535e09ac9,Devin Yolo,20,74.19,8,83.48,Carry Optics,B,A112987,MINOR,,112.6934,100.1511,5.2632,22.61,19,,8,,,,,,
2170c5f9-ac27-4755-8693-f4d60a14c9c1,GPS USPSA Extra Saturday Second Chance Match,2022-04-30,5,Bay 8,dd3331e3-8224-4be0-9ff0-ba7535e09ac9,Antonio Tormis,21,72.58,9,81.67,Carry Optics,B,A124958,MINOR,,110.2546,97.9837,5.1493,23.11,20,,6,1,,,,,
2170c5f9-ac27-4755-8693-f4d60a14c9c1,GPS USPSA Extra Saturday Second Chance Match,2022-04-30,5,Bay 8,dd3331e3-8224-4be0-9ff0-ba7535e09ac9,Jarrett Grimes,22,72.11,10,81.14,Carry Optics,C,A140749,MINOR,,109.5352,97.3444,5.1157,22.48,19,,6,2,,,,,
2170c5f9-ac27-4755-8693-f4d60a14c9c1,GPS USPSA Extra Saturday Second Chance Match,2022-04-30,5,Bay 8,dd3331e3-8224-4be0-9ff0-ba7535e09ac9,Pat Byrne,23,71.42,4,81.81,Limited,B,Fy93921,MAJOR,Super Senior,110.4448,96.4139,5.0668,25.46,21,,6,,,,,,
2170c5f9-ac27-4755-8693-f4d60a14c9c1,GPS USPSA Extra Saturday Second Chance Match,2022-04-30,5,Bay 8,dd3331e3-8224-4be0-9ff0-ba7535e09ac9,Ryan Alicaya,24,68.55,11,77.14,Carry Optics,D,A106355,MINOR,,104.1331,92.5435,4.8634,18.30,17,,8,,2,,,,
2170c5f9-ac27-4755-8693-f4d60a14c9c1,GPS USPSA Extra Saturday Second Chance Match,2022-04-30,5,Bay 8,dd3331e3-8224-4be0-9ff0-ba7535e09ac9,Steven McNamara,25,68.12,9,68.12,Open,B,A75212,MAJOR,Senior,91.9631,91.9631,4.8329,24.83,16,,9,2,,,,,
2170c5f9-ac27-4755-8693-f4d60a14c9c1,GPS USPSA Extra Saturday Second Chance Match,2022-04-30,5,Bay 8,dd3331e3-8224-4be0-9ff0-ba7535e09ac9,Jim Havens,26,67.45,12,75.90,Carry Optics,G,TY114636,MINOR,,102.4630,91.0593,4.7854,20.27,21,,4,,2,,,,
2170c5f9-ac27-4755-8693-f4d60a14c9c1,GPS USPSA Extra Saturday Second Chance Match,2022-04-30,5,Bay 8,dd3331e3-8224-4be0-9ff0-ba7535e09ac9,Jack Liu,27,66.93,2,87.81,PCC,C,Ty130790,MINOR,,118.5372,90.3590,4.7486,25.06,20,,6,1,,,,,
2170c5f9-ac27-4755-8693-f4d60a14c9c1,GPS USPSA Extra Saturday Second Chance Match,2022-04-30,5,Bay 8,dd3331e3-8224-4be0-9ff0-ba7535e09ac9,Gary Wu,28,65.89,13,74.14,Carry Optics,B,L2998,MINOR,Senior,100.0863,88.9471,4.6744,25.03,19,,7,1,,,,,
2170c5f9-ac27-4755-8693-f4d60a14c9c1,GPS USPSA Extra Saturday Second Chance Match,2022-04-30,5,Bay 8,dd3331e3-8224-4be0-9ff0-ba7535e09ac9,Michael Pontious,29,65.87,10,65.87,Open,B,FY94575,MAJOR,Senior,88.9262,88.9262,4.6733,24.18,21,,4,1,1,,,,
2170c5f9-ac27-4755-8693-f4d60a14c9c1,GPS USPSA Extra Saturday Second Chance Match,2022-04-30,5,Bay 8,dd3331e3-8224-4be0-9ff0-ba7535e09ac9,Roman Gwiscz,30,64.51,14,72.58,Carry Optics,A,L4670,MINOR,,97.9879,87.0823,4.5764,26.44,21,,5,1,,,,,
2170c5f9-ac27-4755-8693-f4d60a14c9c1,GPS USPSA Extra Saturday Second Chance Match,2022-04-30,5,Bay 8,dd3331e3-8224-4be0-9ff0-ba7535e09ac9,Matthew Michna,31,64.16,15,72.20,Carry Optics,C,A128405,MINOR,,97.4698,86.6218,4.5522,27.02,23,,2,2,,,,,
2170c5f9-ac27-4755-8693-f4d60a14c9c1,GPS USPSA Extra Saturday Second Chance Match,2022-04-30,5,Bay 8,dd3331e3-8224-4be0-9ff0-ba7535e09ac9,Alonzo Jackson,32,63.57,16,71.53,Carry Optics,D,ty138613,MINOR,,96.5619,85.8150,4.5098,25.50,18,,8,1,,,,,
2170c5f9-ac27-4755-8693-f4d60a14c9c1,GPS USPSA Extra Saturday Second Chance Match,2022-04-30,5,Bay 8,dd3331e3-8224-4be0-9ff0-ba7535e09ac9,Marc Demeza,33,63.51,5,72.75,Limited,X,A70759,MINOR,,98.2098,85.7332,4.5055,27.30,22,,4,1,,,,,
2170c5f9-ac27-4755-8693-f4d60a14c9c1,GPS USPSA Extra Saturday Second Chance Match,2022-04-30,5,Bay 8,dd3331e3-8224-4be0-9ff0-ba7535e09ac9,Jonathan Backof,34,63.08,1,100.00,Single Stack,B,A116878,MAJOR,,135.0000,85.1528,4.4750,29.05,22,,5,,,,,,
2170c5f9-ac27-4755-8693-f4d60a14c9c1,GPS USPSA Extra Saturday Second Chance Match,2022-04-30,5,Bay 8,dd3331e3-8224-4be0-9ff0-ba7535e09ac9,Khoa Nguyen,35,61.79,1,100.00,Production,A,A117224,MINOR,Law Enforcement,135.0000,83.4174,4.3838,24.18,19,,7,,1,,,,
2170c5f9-ac27-4755-8693-f4d60a14c9c1,GPS USPSA Extra Saturday Second Chance Match,2022-04-30,5,Bay 8,dd3331e3-8224-4be0-9ff0-ba7535e09ac9,Mike Benitez,36,60.58,17,68.17,Carry Optics,U,A98298,MINOR,,92.0312,81.7885,4.2982,26.29,19,,5,3,,,,,
2170c5f9-ac27-4755-8693-f4d60a14c9c1,GPS USPSA Extra Saturday Second Chance Match,2022-04-30,5,Bay 8,dd3331e3-8224-4be0-9ff0-ba7535e09ac9,Patrick Yang,37,59.54,18,66.99,Carry Optics,C,L4392,MINOR,,90.4382,80.3728,4.2238,27.70,20,,5,2,,,,,
2170c5f9-ac27-4755-8693-f4d60a14c9c1,GPS USPSA Extra Saturday Second Chance Match,2022-04-30,5,Bay 8,dd3331e3-8224-4be0-9ff0-ba7535e09ac9,Taylor Latham,38,59.26,2,93.95,Single Stack,B,TY39841,MAJOR,Senior,126.8366,80.0037,4.2044,30.92,22,,5,,,,,,
2170c5f9-ac27-4755-8693-f4d60a14c9c1,GPS USPSA Extra Saturday Second Chance Match,2022-04-30,5,Bay 8,dd3331e3-8224-4be0-9ff0-ba7535e09ac9,Eric Mccampbell,39,58.06,3,92.05,Single Stack,C,A14332,MAJOR,Senior,124.2664,78.3824,4.1192,29.86,17,,9,1,,,,,
2170c5f9-ac27-4755-8693-f4d60a14c9c1,GPS USPSA Extra Saturday Second Chance Match,2022-04-30,5,Bay 8,dd3331e3-8224-4be0-9ff0-ba7535e09ac9,Michael Rominiyi,40,55.71,19,62.69,Carry Optics,B,A138602,MINOR,,84.6335,75.2142,3.9527,24.54,22,,2,1,2,,,,
2170c5f9-ac27-4755-8693-f4d60a14c9c1,GPS USPSA Extra Saturday Second Chance Match,2022-04-30,5,Bay 8,dd3331e3-8224-4be0-9ff0-ba7535e09ac9,Carlos Escandon,41,55.28,4,87.63,Single Stack,B,L2590,MAJOR,Super Senior,118.3053,74.6224,3.9216,32.64,20,,7,,,,,,
2170c5f9-ac27-4755-8693-f4d60a14c9c1,GPS USPSA Extra Saturday Second Chance Match,2022-04-30,5,Bay 8,dd3331e3-8224-4be0-9ff0-ba7535e09ac9,Elisabeth Steiger,42,51.98,3,68.19,PCC,C,A136514,MINOR,Lady,92.0544,70.1716,3.6877,30.10,16,,10,1,,,,,
2170c5f9-ac27-4755-8693-f4d60a14c9c1,GPS USPSA Extra Saturday Second Chance Match,2022-04-30,5,Bay 8,dd3331e3-8224-4be0-9ff0-ba7535e09ac9,Gennady Khokhorin,43,51.04,2,82.61,Production,C,A123884,MINOR,Super Senior,111.5187,68.9081,3.6213,31.48,23,,3,,1,,,,
2170c5f9-ac27-4755-8693-f4d60a14c9c1,GPS USPSA Extra Saturday Second Chance Match,2022-04-30,5,Bay 8,dd3331e3-8224-4be0-9ff0-ba7535e09ac9,Page Brunkhorst,44,50.39,5,79.89,Single Stack,C,L4903,MAJOR,Senior,107.8461,68.0252,3.5749,31.05,19,,6,1,1,,,,
2170c5f9-ac27-4755-8693-f4d60a14c9c1,GPS USPSA Extra Saturday Second Chance Match,2022-04-30,5,Bay 8,dd3331e3-8224-4be0-9ff0-ba7535e09ac9,Robbie Boettcher,45,50.33,20,56.63,Carry Optics,U,A139912,MINOR,,76.4479,67.9396,3.5704,36.13,25,,1,1,,,,,
2170c5f9-ac27-4755-8693-f4d60a14c9c1,GPS USPSA Extra Saturday Second Chance Match,2022-04-30,5,Bay 8,dd3331e3-8224-4be0-9ff0-ba7535e09ac9,Stephanie Marie,46,50.09,21,56.36,Carry Optics,D,A139099,MINOR,Lady,76.0882,67.6199,3.5536,34.05,21,,5,1,,,,,
2170c5f9-ac27-4755-8693-f4d60a14c9c1,GPS USPSA Extra Saturday Second Chance Match,2022-04-30,5,Bay 8,dd3331e3-8224-4be0-9ff0-ba7535e09ac9,Jun Wu,47,50.01,22,56.27,Carry Optics,B,TY104927,MINOR,,75.9640,67.5095,3.5478,25.65,20,,3,2,2,,,,
2170c5f9-ac27-4755-8693-f4d60a14c9c1,GPS USPSA Extra Saturday Second Chance Match,2022-04-30,5,Bay 8,dd3331e3-8224-4be0-9ff0-ba7535e09ac9,David Young,48,49.00,23,55.14,Carry Optics,C,Ty130791,MINOR,,74.4374,66.1528,3.4765,29.34,18,,7,1,1,,,,
2170c5f9-ac27-4755-8693-f4d60a14c9c1,GPS USPSA Extra Saturday Second Chance Match,2022-04-30,5,Bay 8,dd3331e3-8224-4be0-9ff0-ba7535e09ac9,"Jeff Maxwell, Jr.",49,48.14,6,55.14,Limited,C,L4489,MAJOR,Senior,74.4393,64.9825,3.4150,36.31,20,,5,2,,,,,
2170c5f9-ac27-4755-8693-f4d60a14c9c1,GPS USPSA Extra Saturday Second Chance Match,2022-04-30,5,Bay 8,dd3331e3-8224-4be0-9ff0-ba7535e09ac9,Ridong Wen,50,47.03,24,52.92,Carry Optics,B,A99651,MINOR,,71.4397,63.4888,3.3365,20.98,21,,5,,1,,,4,
2170c5f9-ac27-4755-8693-f4d60a14c9c1,GPS USPSA Extra Saturday Second Chance Match,2022-04-30,5,Bay 8,dd3331e3-8224-4be0-9ff0-ba7535e09ac9,Terry Mu,51,46.40,7,53.16,Limited,U,TY104401,MAJOR,,71.7625,62.6458,3.2922,34.02,18,,8,,1,,,,
2170c5f9-ac27-4755-8693-f4d60a14c9c1,GPS USPSA Extra Saturday Second Chance Match,2022-04-30,5,Bay 8,dd3331e3-8224-4be0-9ff0-ba7535e09ac9,Brett Dempsey,52,46.21,25,52.00,Carry Optics,C,TY114367,MINOR,,70.2021,62.3889,3.2787,31.11,18,,7,1,1,,,,
2170c5f9-ac27-4755-8693-f4d60a14c9c1,GPS USPSA Extra Saturday Second Chance Match,2022-04-30,5,Bay 8,dd3331e3-8224-4be0-9ff0-ba7535e09ac9,Chez Chike-Udenze,53,44.69,26,50.29,Carry Optics,B,A138598,MINOR,,67.8918,60.3357,3.1708,25.23,20,,3,1,3,,,,
2170c5f9-ac27-4755-8693-f4d60a14c9c1,GPS USPSA Extra Saturday Second Chance Match,2022-04-30,5,Bay 8,dd3331e3-8224-4be0-9ff0-ba7535e09ac9,JR Roberts,54,43.72,8,50.09,Limited,C,TY102739,MAJOR,,67.6188,59.0285,3.1021,39.65,19,,6,2,,,,,
2170c5f9-ac27-4755-8693-f4d60a14c9c1,GPS USPSA Extra Saturday Second Chance Match,2022-04-30,5,Bay 8,dd3331e3-8224-4be0-9ff0-ba7535e09ac9,Anthony Fong,55,43.33,27,48.76,Carry Optics,U,0,MINOR,,65.8213,58.4957,3.0741,32.53,17,,8,1,1,,,,
2170c5f9-ac27-4755-8693-f4d60a14c9c1,GPS USPSA Extra Saturday Second Chance Match,2022-04-30,5,Bay 8,dd3331e3-8224-4be0-9ff0-ba7535e09ac9,Jimmy Durham,56,42.76,11,42.76,Open,C,TY135611,MAJOR,,57.7212,57.7212,3.0334,29.34,15,,7,3,2,,,,
2170c5f9-ac27-4755-8693-f4d60a14c9c1,GPS USPSA Extra Saturday Second Chance Match,2022-04-30,5,Bay 8,dd3331e3-8224-4be0-9ff0-ba7535e09ac9,Sobe Mehkri,57,42.47,12,42.47,Open,U,A135105,MINOR,,57.3311,57.3311,3.0129,29.54,18,,6,1,2,,,,
2170c5f9-ac27-4755-8693-f4d60a14c9c1,GPS USPSA Extra Saturday Second Chance Match,2022-04-30,5,Bay 8,dd3331e3-8224-4be0-9ff0-ba7535e09ac9,Dale Hamm,58,42.37,6,67.17,Single Stack,C,TY97196,MAJOR,Senior,90.6838,57.1998,3.0060,39.92,18,,6,3,,,,,
2170c5f9-ac27-4755-8693-f4d60a14c9c1,GPS USPSA Extra Saturday Second Chance Match,2022-04-30,5,Bay 8,dd3331e3-8224-4be0-9ff0-ba7535e09ac9,Christopher Ham,59,40.82,4,53.55,PCC,U,A135936,MINOR,,72.2916,55.1067,2.8960,39.02,17,,9,1,,,,,
2170c5f9-ac27-4755-8693-f4d60a14c9c1,GPS USPSA Extra Saturday Second Chance Match,2022-04-30,5,Bay 8,dd3331e3-8224-4be0-9ff0-ba7535e09ac9,John Austria,60,40.24,13,40.24,Open,B,Fy82746,MAJOR,Foreign,54.3265,54.3265,2.8550,39.23,20,,5,1,1,,,,
2170c5f9-ac27-4755-8693-f4d60a14c9c1,GPS USPSA Extra Saturday Second Chance Match,2022-04-30,5,Bay 8,dd3331e3-8224-4be0-9ff0-ba7535e09ac9,Jeannie Marrone,61,40.01,14,40.01,Open,C,A133357,MAJOR,Lady; Super Senior,54.0107,54.0107,2.8384,36.64,20,,6,,1,,,1,
2170c5f9-ac27-4755-8693-f4d60a14c9c1,GPS USPSA Extra Saturday Second Chance Match,2022-04-30,5,Bay 8,dd3331e3-8224-4be0-9ff0-ba7535e09ac9,Drew Yang,62,38.00,3,61.50,Production,C,A138478,MINOR,,83.0239,51.3010,2.6960,32.27,24,,2,1,,,,4,
2170c5f9-ac27-4755-8693-f4d60a14c9c1,GPS USPSA Extra Saturday Second Chance Match,2022-04-30,5,Bay 8,dd3331e3-8224-4be0-9ff0-ba7535e09ac9,Em Alco,63,37.53,9,42.99,Limited,C,TY67519,MINOR,Senior,58.0409,50.6673,2.6627,40.56,21,,4,1,1,,,,
2170c5f9-ac27-4755-8693-f4d60a14c9c1,GPS USPSA Extra Saturday Second Chance Match,2022-04-30,5,Bay 8,dd3331e3-8224-4be0-9ff0-ba7535e09ac9,Danielle Dysart,64,37.28,10,42.71,Limited,U,A137402,MINOR,Lady,57.6550,50.3305,2.6450,39.32,19,,6,1,1,,,,
2170c5f9-ac27-4755-8693-f4d60a14c9c1,GPS USPSA Extra Saturday Second Chance Match,2022-04-30,5,Bay 8,dd3331e3-8224-4be0-9ff0-ba7535e09ac9,Wade Pruetz,65,35.57,5,46.67,PCC,M,TY79055,MINOR,,63.0005,48.0243,2.5238,50.32,23,,4,,,,,,
2170c5f9-ac27-4755-8693-f4d60a14c9c1,GPS USPSA Extra Saturday Second Chance Match,2022-04-30,5,Bay 8,dd3331e3-8224-4be0-9ff0-ba7535e09ac9,Abrahan Figueroa,66,34.51,15,34.51,Open,C,TY54053,MAJOR,Senior,46.5895,46.5895,2.4484,33.90,19,,3,3,2,,,1,
2170c5f9-ac27-4755-8693-f4d60a14c9c1,GPS USPSA Extra Saturday Second Chance Match,2022-04-30,5,Bay 8,dd3331e3-8224-4be0-9ff0-ba7535e09ac9,Eric Wu,67,32.41,28,36.47,Carry Optics,U,TY104740,MINOR,,49.2381,43.7581,2.2996,29.57,15,,7,2,3,,,,
2170c5f9-ac27-4755-8693-f4d60a14c9c1,GPS USPSA Extra Saturday Second Chance Match,2022-04-30,5,Bay 8,dd3331e3-8224-4be0-9ff0-ba7535e09ac9,Chad Smith,68,31.99,11,36.65,Limited,U,A141153,MINOR,,49.4765,43.1910,2.2698,45.82,19,,6,1,1,,,,
2170c5f9-ac27-4755-8693-f4d60a14c9c1,GPS USPSA Extra Saturday Second Chance Match,2022-04-30,5,Bay 8,dd3331e3-8224-4be0-9ff0-ba7535e09ac9,William Chen,69,31.98,29,35.99,Carry Optics,U,0,MINOR,,48.5807,43.1739,2.2689,47.16,19,,7,1,,,,1,
2170c5f9-ac27-4755-8693-f4d60a14c9c1,GPS USPSA Extra Saturday Second Chance Match,2022-04-30,5,Bay 8,dd3331e3-8224-4be0-9ff0-ba7535e09ac9,Yetta Jones,70,30.68,30,34.52,Carry Optics,U,A139120,MINOR,Lady,46.6044,41.4176,2.1766,39.97,8,,14,5,,,,,
2170c5f9-ac27-4755-8693-f4d60a14c9c1,GPS USPSA Extra Saturday Second Chance Match,2022-04-30,5,Bay 8,dd3331e3-8224-4be0-9ff0-ba7535e09ac9,Virak Meas,71,28.73,12,32.91,Limited,U,0,MINOR,Junior,44.4238,38.7802,2.0380,36.31,18,,4,2,3,,,,
2170c5f9-ac27-4755-8693-f4d60a14c9c1,GPS USPSA Extra Saturday Second Chance Match,2022-04-30,5,Bay 8,dd3331e3-8224-4be0-9ff0-ba7535e09ac9,Steve Thai,72,25.61,16,25.61,Open,U,0,MINOR,Junior,34.5787,34.5787,1.8172,55.03,18,,6,2,1,,,,
2170c5f9-ac27-4755-8693-f4d60a14c9c1,GPS USPSA Extra Saturday Second Chance Match,2022-04-30,5,Bay 8,dd3331e3-8224-4be0-9ff0-ba7535e09ac9,Miguel Gonzalez,73,23.84,4,38.57,Production,U,0,MINOR,,52.0747,32.1773,1.6910,30.16,14,,6,3,4,,,,
2170c5f9-ac27-4755-8693-f4d60a14c9c1,GPS USPSA Extra Saturday Second Chance Match,2022-04-30,5,Bay 8,dd3331e3-8224-4be0-9ff0-ba7535e09ac9,Matthew Butler,74,17.28,5,27.96,Production,U,0,MINOR,,37.7518,23.3271,1.2259,61.18,15,,5,5,2,,,,
2170c5f9-ac27-4755-8693-f4d60a14c9c1,GPS USPSA Extra Saturday Second Chance Match,2022-04-30,5,Bay 8,dd3331e3-8224-4be0-9ff0-ba7535e09ac9,Byron J Frank,75,17.03,31,19.16,Carry Optics,U,A139338,MINOR,,25.8673,22.9884,1.2081,55.46,17,,7,1,2,,,2,
2170c5f9-ac27-4755-8693-f4d60a14c9c1,GPS USPSA Extra Saturday Second Chance Match,2022-04-30,5,Bay 8,dd3331e3-8224-4be0-9ff0-ba7535e09ac9,Eric Paul Victorin,76,16.21,6,26.24,Production,D,A141595,MINOR,,35.4237,21.8885,1.1503,39.99,16,,5,1,5,,,,
2170c5f9-ac27-4755-8693-f4d60a14c9c1,GPS USPSA Extra Saturday Second Chance Match,2022-04-30,5,Bay 8,dd3331e3-8224-4be0-9ff0-ba7535e09ac9,Jason Wells2,77,0.00,7,0.00,Single Stack,A,L5218,MAJOR,,0.0000,0.0000,,,,,,,,,,,
2170c5f9-ac27-4755-8693-f4d60a14c9c1,GPS USPSA Extra Saturday Second Chance Match,2022-04-30,5,Bay 8,dd3331e3-8224-4be0-9ff0-ba7535e09ac9,Jason Wells,78,0.00,8,0.00,Single Stack,A,L5218,MAJOR,,0.0000,0.0000,0.0000,14.18,4,,,,23,,,11,
2170c5f9-ac27-4755-8693-f4d60a14c9c1,GPS USPSA Extra Saturday Second Chance Match,2022-04-30,6,Bay 9,8725bcad-263b-4c38-926f-448af0b1902f,Zvi Davidoff,1,100.00,1,100.00,Open,M,TY68524,MAJOR,,120.0000,120.0000,7.1340,16.12,19,,5,,,,,,
2170c5f9-ac27-4755-8693-f4d60a14c9c1,GPS USPSA Extra Saturday Second Chance Match,2022-04-30,6,Bay 9,8725bcad-263b-4c38-926f-448af0b1902f,Mike Whitesides,2,96.30,2,96.30,Open,A,TY81358,MAJOR,,115.5627,115.5627,6.8702,17.03,21,,3,,,,,,
2170c5f9-ac27-4755-8693-f4d60a14c9c1,GPS USPSA Extra Saturday Second Chance Match,2022-04-30,6,Bay 9,8725bcad-263b-4c38-926f-448af0b1902f,Corey Slifko,3,94.95,3,94.95,Open,A,82935,MAJOR,,113.9378,113.9378,6.7736,16.83,18,,6,,,,,,
2170c5f9-ac27-4755-8693-f4d60a14c9c1,GPS USPSA Extra Saturday Second Chance Match,2022-04-30,6,Bay 9,8725bcad-263b-4c38-926f-448af0b1902f,Wade Pruetz,4,90.18,1,100.00,PCC,M,TY79055,MINOR,,120.0000,108.2153,6.4334,17.72,21,,3,,,,,,
2170c5f9-ac27-4755-8693-f4d60a14c9c1,GPS USPSA Extra Saturday Second Chance Match,2022-04-30,6,Bay 9,8725bcad-263b-4c38-926f-448af0b1902f,Albert Montanez,5,87.56,4,87.56,Open,M,TY101554,MAJOR,,105.0732,105.0732,6.2466,18.57,20,,4,,,,,,
2170c5f9-ac27-4755-8693-f4d60a14c9c1,GPS USPSA Extra Saturday Second Chance Match,2022-04-30,6,Bay 9,8725bcad-263b-4c38-926f-448af0b1902f,Lan Nguyen,6,83.31,5,83.31,Open,A,Ty81359,MAJOR,,99.9697,99.9697,5.9432,19.35,19,,5,,,,,,
2170c5f9-ac27-4755-8693-f4d60a14c9c1,GPS USPSA Extra Saturday Second Chance Match,2022-04-30,6,Bay 9,8725bcad-263b-4c38-926f-448af0b1902f,Ridong Wen,7,80.18,1,100.00,Carry Optics,B,A99651,MINOR,,120.0000,96.2170,5.7201,19.58,21,,2,1,,,,,
2170c5f9-ac27-4755-8693-f4d60a14c9c1,GPS USPSA Extra Saturday Second Chance Match,2022-04-30,6,Bay 9,8725bcad-263b-4c38-926f-448af0b1902f,Ryan Alicaya,8,79.25,2,98.84,Carry Optics,D,A106355,MINOR,,118.6112,95.1034,5.6539,17.51,20,,3,,1,,,,
2170c5f9-ac27-4755-8693-f4d60a14c9c1,GPS USPSA Extra Saturday Second Chance Match,2022-04-30,6,Bay 9,8725bcad-263b-4c38-926f-448af0b1902f,Gil Yolo,9,78.75,6,78.75,Open,M,L5228,MAJOR,,94.4996,94.4996,5.6180,17.80,18,,5,,1,,,,
2170c5f9-ac27-4755-8693-f4d60a14c9c1,GPS USPSA Extra Saturday Second Chance Match,2022-04-30,6,Bay 9,8725bcad-263b-4c38-926f-448af0b1902f,Jorge Cahas,10,76.84,7,76.84,Open,B,F-44522,MAJOR,Senior,92.2035,92.2035,5.4815,20.25,17,,6,1,,,,,
2170c5f9-ac27-4755-8693-f4d60a14c9c1,GPS USPSA Extra Saturday Second Chance Match,2022-04-30,6,Bay 9,8725bcad-263b-4c38-926f-448af0b1902f,Jim Havens,11,76.23,3,95.08,Carry Optics,G,TY114636,MINOR,,114.0903,91.4786,5.4384,18.02,19,,4,1,,,,1,
2170c5f9-ac27-4755-8693-f4d60a14c9c1,GPS USPSA Extra Saturday Second Chance Match,2022-04-30,6,Bay 9,8725bcad-263b-4c38-926f-448af0b1902f,Steven McNamara,12,72.05,8,72.05,Open,B,A75212,MAJOR,Senior,86.4626,86.4626,5.1402,21.40,14,,10,,,,,,
2170c5f9-ac27-4755-8693-f4d60a14c9c1,GPS USPSA Extra Saturday Second Chance Match,2022-04-30,6,Bay 9,8725bcad-263b-4c38-926f-448af0b1902f,Pete Kirchner,13,71.65,4,89.37,Carry Optics,A,TY105743,MINOR,,107.2387,85.9849,5.1118,21.91,20,,4,,,,,,
2170c5f9-ac27-4755-8693-f4d60a14c9c1,GPS USPSA Extra Saturday Second Chance Match,2022-04-30,6,Bay 9,8725bcad-263b-4c38-926f-448af0b1902f,John Brunkhorst,14,71.57,5,89.26,Carry Optics,B,A116144,MINOR,,107.1107,85.8823,5.1057,19.39,20,,3,,1,,,,
2170c5f9-ac27-4755-8693-f4d60a14c9c1,GPS USPSA Extra Saturday Second Chance Match,2022-04-30,6,Bay 9,8725bcad-263b-4c38-926f-448af0b1902f,Pat Byrne,15,70.97,1,100.00,Limited,B,Fy93921,MAJOR,Super Senior,120.0000,85.1690,5.0633,22.91,20,,4,,,,,,
2170c5f9-ac27-4755-8693-f4d60a14c9c1,GPS USPSA Extra Saturday Second Chance Match,2022-04-30,6,Bay 9,8725bcad-263b-4c38-926f-448af0b1902f,Vinh Lam,16,70.88,2,99.87,Limited,M,TY101025,MAJOR,,119.8460,85.0597,5.0568,19.38,16,,7,,1,,,,
2170c5f9-ac27-4755-8693-f4d60a14c9c1,GPS USPSA Extra Saturday Second Chance Match,2022-04-30,6,Bay 9,8725bcad-263b-4c38-926f-448af0b1902f,Roman Gwiscz,17,70.61,6,88.07,Carry Optics,A,L4670,MINOR,,105.6821,84.7368,5.0376,22.63,21,,3,,,,,,
2170c5f9-ac27-4755-8693-f4d60a14c9c1,GPS USPSA Extra Saturday Second Chance Match,2022-04-30,6,Bay 9,8725bcad-263b-4c38-926f-448af0b1902f,Devin Yolo,18,68.85,7,85.87,Carry Optics,B,A112987,MINOR,,103.0388,82.6173,4.9116,20.36,15,,8,1,,,,,
2170c5f9-ac27-4755-8693-f4d60a14c9c1,GPS USPSA Extra Saturday Second Chance Match,2022-04-30,6,Bay 9,8725bcad-263b-4c38-926f-448af0b1902f,Michael Rominiyi,19,68.62,8,85.58,Carry Optics,B,A138602,MINOR,,102.6989,82.3448,4.8954,22.47,19,,5,,,,,,
2170c5f9-ac27-4755-8693-f4d60a14c9c1,GPS USPSA Extra Saturday Second Chance Match,2022-04-30,6,Bay 9,8725bcad-263b-4c38-926f-448af0b1902f,Matthew Michna,20,68.38,9,85.28,Carry Optics,C,A128405,MINOR,,102.3339,82.0521,4.8780,22.14,19,,4,1,,,,,
2170c5f9-ac27-4755-8693-f4d60a14c9c1,GPS USPSA Extra Saturday Second Chance Match,2022-04-30,6,Bay 9,8725bcad-263b-4c38-926f-448af0b1902f,Paul Felker,21,67.08,10,83.66,Carry Optics,M,TY107123,MINOR,,100.3913,80.4945,4.7854,20.27,19,,4,,1,,,,
2170c5f9-ac27-4755-8693-f4d60a14c9c1,GPS USPSA Extra Saturday Second Chance Match,2022-04-30,6,Bay 9,8725bcad-263b-4c38-926f-448af0b1902f,Brandon Foss,22,66.62,11,83.09,Carry Optics,M,L5142,MINOR,,99.7094,79.9479,4.7529,21.25,21,,2,,1,,,,
2170c5f9-ac27-4755-8693-f4d60a14c9c1,GPS USPSA Extra Saturday Second Chance Match,2022-04-30,6,Bay 9,8725bcad-263b-4c38-926f-448af0b1902f,Patrick Yang,23,65.12,12,81.21,Carry Optics,C,L4392,MINOR,,97.4542,78.1396,4.6454,24.11,21,,2,1,,,,,
2170c5f9-ac27-4755-8693-f4d60a14c9c1,GPS USPSA Extra Saturday Second Chance Match,2022-04-30,6,Bay 9,8725bcad-263b-4c38-926f-448af0b1902f,Taylor Latham,24,63.89,1,100.00,Single Stack,B,TY39841,MAJOR,Senior,120.0000,76.6627,4.5576,26.11,23,,1,,,,,,
2170c5f9-ac27-4755-8693-f4d60a14c9c1,GPS USPSA Extra Saturday Second Chance Match,2022-04-30,6,Bay 9,8725bcad-263b-4c38-926f-448af0b1902f,Michael Pontious,25,63.69,9,63.69,Open,B,FY94575,MAJOR,Senior,76.4222,76.4222,4.5433,20.91,17,,4,2,1,,,,
2170c5f9-ac27-4755-8693-f4d60a14c9c1,GPS USPSA Extra Saturday Second Chance Match,2022-04-30,6,Bay 9,8725bcad-263b-4c38-926f-448af0b1902f,Jun Wu,26,61.55,13,76.77,Carry Optics,B,TY104927,MINOR,,92.1215,73.8638,4.3912,25.05,20,,3,1,,,,,
2170c5f9-ac27-4755-8693-f4d60a14c9c1,GPS USPSA Extra Saturday Second Chance Match,2022-04-30,6,Bay 9,8725bcad-263b-4c38-926f-448af0b1902f,Derek Rabuck,27,61.49,2,68.19,PCC,B,Ty91331,MINOR,,81.8255,73.7897,4.3868,21.20,17,,6,,1,,,,
2170c5f9-ac27-4755-8693-f4d60a14c9c1,GPS USPSA Extra Saturday Second Chance Match,2022-04-30,6,Bay 9,8725bcad-263b-4c38-926f-448af0b1902f,Adriel Taylor,28,60.94,10,60.94,Open,C,A104321,MAJOR,,73.1337,73.1337,4.3478,21.62,12,,11,,1,,,,
2170c5f9-ac27-4755-8693-f4d60a14c9c1,GPS USPSA Extra Saturday Second Chance Match,2022-04-30,6,Bay 9,8725bcad-263b-4c38-926f-448af0b1902f,Eric Wu,29,59.65,14,74.39,Carry Optics,U,TY104740,MINOR,,89.2705,71.5778,4.2553,21.15,10,,13,1,,,,,
2170c5f9-ac27-4755-8693-f4d60a14c9c1,GPS USPSA Extra Saturday Second Chance Match,2022-04-30,6,Bay 9,8725bcad-263b-4c38-926f-448af0b1902f,Ross Apffel,30,59.31,3,83.57,Limited,A,L4428,MAJOR,,100.2840,71.1758,4.2314,18.67,13,,8,1,2,,,,
2170c5f9-ac27-4755-8693-f4d60a14c9c1,GPS USPSA Extra Saturday Second Chance Match,2022-04-30,6,Bay 9,8725bcad-263b-4c38-926f-448af0b1902f,Jack Liu,31,59.30,3,65.76,PCC,C,Ty130790,MINOR,,78.9119,71.1623,4.2306,21.51,18,,3,2,1,,,,
2170c5f9-ac27-4755-8693-f4d60a14c9c1,GPS USPSA Extra Saturday Second Chance Match,2022-04-30,6,Bay 9,8725bcad-263b-4c38-926f-448af0b1902f,Travis McKenzie,32,58.89,15,73.44,Carry Optics,B,TY139201,MINOR,,88.1292,70.6627,4.2009,20.71,16,,5,2,1,,,,
2170c5f9-ac27-4755-8693-f4d60a14c9c1,GPS USPSA Extra Saturday Second Chance Match,2022-04-30,6,Bay 9,8725bcad-263b-4c38-926f-448af0b1902f,Gary Wu,33,58.80,16,73.34,Carry Optics,B,L2998,MINOR,Senior,88.0034,70.5618,4.1949,22.17,17,,6,,1,,,,
2170c5f9-ac27-4755-8693-f4d60a14c9c1,GPS USPSA Extra Saturday Second Chance Match,2022-04-30,6,Bay 9,8725bcad-263b-4c38-926f-448af0b1902f,JOSE ONIA,34,57.88,17,72.18,Carry Optics,C,A134359,MINOR,,86.6188,69.4516,4.1289,22.04,17,,5,1,1,,,,
2170c5f9-ac27-4755-8693-f4d60a14c9c1,GPS USPSA Extra Saturday Second Chance Match,2022-04-30,6,Bay 9,8725bcad-263b-4c38-926f-448af0b1902f,Christopher Ham,35,57.12,4,63.34,PCC,U,A135936,MINOR,,76.0058,68.5416,4.0748,24.05,13,,11,,,,,,
2170c5f9-ac27-4755-8693-f4d60a14c9c1,GPS USPSA Extra Saturday Second Chance Match,2022-04-30,6,Bay 9,8725bcad-263b-4c38-926f-448af0b1902f,Chez Chike-Udenze,36,56.92,18,70.99,Carry Optics,B,A138598,MINOR,,85.1922,68.3078,4.0609,17.73,18,,4,,2,,,1,
2170c5f9-ac27-4755-8693-f4d60a14c9c1,GPS USPSA Extra Saturday Second Chance Match,2022-04-30,6,Bay 9,8725bcad-263b-4c38-926f-448af0b1902f,Jason Wells,37,56.49,2,88.43,Single Stack,A,L5218,MAJOR,,106.1164,67.7931,4.0303,25.06,19,,4,,1,,,,
2170c5f9-ac27-4755-8693-f4d60a14c9c1,GPS USPSA Extra Saturday Second Chance Match,2022-04-30,6,Bay 9,8725bcad-263b-4c38-926f-448af0b1902f,Jonathan Backof,38,56.36,3,88.23,Single Stack,B,A116878,MAJOR,,105.8715,67.6367,4.0210,28.60,19,,5,,,,,,
2170c5f9-ac27-4755-8693-f4d60a14c9c1,GPS USPSA Extra Saturday Second Chance Match,2022-04-30,6,Bay 9,8725bcad-263b-4c38-926f-448af0b1902f,Jimmy Durham,39,55.63,11,55.63,Open,C,TY135611,MAJOR,,66.7502,66.7502,3.9683,28.98,19,,5,,,,,,
2170c5f9-ac27-4755-8693-f4d60a14c9c1,GPS USPSA Extra Saturday Second Chance Match,2022-04-30,6,Bay 9,8725bcad-263b-4c38-926f-448af0b1902f,Matthew Gonzalez,40,54.93,19,68.51,Carry Optics,B,A119810,MINOR,,82.2153,65.9209,3.9190,23.22,16,,7,,1,,,,
2170c5f9-ac27-4755-8693-f4d60a14c9c1,GPS USPSA Extra Saturday Second Chance Match,2022-04-30,6,Bay 9,8725bcad-263b-4c38-926f-448af0b1902f,Jeannie Marrone,41,54.26,12,54.26,Open,C,A133357,MAJOR,Lady; Super Senior,65.1169,65.1169,3.8712,29.19,19,,4,1,,,,,
2170c5f9-ac27-4755-8693-f4d60a14c9c1,GPS USPSA Extra Saturday Second Chance Match,2022-04-30,6,Bay 9,8725bcad-263b-4c38-926f-448af0b1902f,Khoa Nguyen,42,53.34,1,100.00,Production,A,A117224,MINOR,Law Enforcement,120.0000,64.0135,3.8056,21.81,13,,9,1,1,,,,
2170c5f9-ac27-4755-8693-f4d60a14c9c1,GPS USPSA Extra Saturday Second Chance Match,2022-04-30,6,Bay 9,8725bcad-263b-4c38-926f-448af0b1902f,Carlos Escandon,43,52.33,4,81.91,Single Stack,B,L2590,MAJOR,Super Senior,98.2965,62.7973,3.7333,26.25,18,,4,1,1,,,,
2170c5f9-ac27-4755-8693-f4d60a14c9c1,GPS USPSA Extra Saturday Second Chance Match,2022-04-30,6,Bay 9,8725bcad-263b-4c38-926f-448af0b1902f,Abrahan Figueroa,44,51.90,13,51.90,Open,C,TY54053,MAJOR,Senior,62.2742,62.2742,3.7022,25.39,18,,2,3,1,,,,
2170c5f9-ac27-4755-8693-f4d60a14c9c1,GPS USPSA Extra Saturday Second Chance Match,2022-04-30,6,Bay 9,8725bcad-263b-4c38-926f-448af0b1902f,JR Roberts,45,49.49,4,69.73,Limited,C,TY102739,MAJOR,,83.6727,59.3860,3.5305,32.29,20,,3,1,,,,,
2170c5f9-ac27-4755-8693-f4d60a14c9c1,GPS USPSA Extra Saturday Second Chance Match,2022-04-30,6,Bay 9,8725bcad-263b-4c38-926f-448af0b1902f,Antonio Tormis,46,49.10,20,61.24,Carry Optics,B,A124958,MINOR,,73.4840,58.9201,3.5028,23.41,18,,4,,2,,,,
2170c5f9-ac27-4755-8693-f4d60a14c9c1,GPS USPSA Extra Saturday Second Chance Match,2022-04-30,6,Bay 9,8725bcad-263b-4c38-926f-448af0b1902f,Alonzo Jackson,47,47.65,21,59.43,Carry Optics,D,ty138613,MINOR,,71.3127,57.1791,3.3993,32.36,19,,5,,,,,,
2170c5f9-ac27-4755-8693-f4d60a14c9c1,GPS USPSA Extra Saturday Second Chance Match,2022-04-30,6,Bay 9,8725bcad-263b-4c38-926f-448af0b1902f,Elisabeth Steiger,48,47.27,5,52.42,PCC,C,A136514,MINOR,Lady,62.9005,56.7233,3.3722,30.84,17,,6,1,,,,,
2170c5f9-ac27-4755-8693-f4d60a14c9c1,GPS USPSA Extra Saturday Second Chance Match,2022-04-30,6,Bay 9,8725bcad-263b-4c38-926f-448af0b1902f,Kent Leslie,49,46.84,5,66.00,Limited,G,TY1808,MAJOR,Super Senior,79.1958,56.2086,3.3416,32.32,16,,6,2,,,,,
2170c5f9-ac27-4755-8693-f4d60a14c9c1,GPS USPSA Extra Saturday Second Chance Match,2022-04-30,6,Bay 9,8725bcad-263b-4c38-926f-448af0b1902f,Mike Benitez,50,46.50,22,57.99,Carry Optics,U,A98298,MINOR,,69.5862,55.7948,3.3170,24.42,13,,8,2,1,,,,
2170c5f9-ac27-4755-8693-f4d60a14c9c1,GPS USPSA Extra Saturday Second Chance Match,2022-04-30,6,Bay 9,8725bcad-263b-4c38-926f-448af0b1902f,Eric Mccampbell,51,44.65,5,69.90,Single Stack,C,A14332,MAJOR,Senior,83.8757,53.5845,3.1856,30.45,17,,5,1,1,,,,
2170c5f9-ac27-4755-8693-f4d60a14c9c1,GPS USPSA Extra Saturday Second Chance Match,2022-04-30,6,Bay 9,8725bcad-263b-4c38-926f-448af0b1902f,Em Alco,52,44.64,6,62.89,Limited,C,TY67519,MINOR,Senior,75.4678,53.5627,3.1843,31.09,20,,3,,1,,,,
2170c5f9-ac27-4755-8693-f4d60a14c9c1,GPS USPSA Extra Saturday Second Chance Match,2022-04-30,6,Bay 9,8725bcad-263b-4c38-926f-448af0b1902f,Anthony Fong,53,44.49,23,55.49,Carry Optics,U,0,MINOR,,66.5862,53.3894,3.1740,27.41,15,,7,1,1,,,,
2170c5f9-ac27-4755-8693-f4d60a14c9c1,GPS USPSA Extra Saturday Second Chance Match,2022-04-30,6,Bay 9,8725bcad-263b-4c38-926f-448af0b1902f,"Jeff Maxwell, Jr.",54,44.09,7,62.12,Limited,C,L4489,MAJOR,Senior,74.5482,52.9100,3.1455,30.52,14,,9,,1,,,,
2170c5f9-ac27-4755-8693-f4d60a14c9c1,GPS USPSA Extra Saturday Second Chance Match,2022-04-30,6,Bay 9,8725bcad-263b-4c38-926f-448af0b1902f,John Austria,55,43.82,14,43.82,Open,B,Fy82746,MAJOR,Foreign,52.5820,52.5820,3.1260,32.31,19,,4,,1,,,,
2170c5f9-ac27-4755-8693-f4d60a14c9c1,GPS USPSA Extra Saturday Second Chance Match,2022-04-30,6,Bay 9,8725bcad-263b-4c38-926f-448af0b1902f,Marc Demeza,56,43.40,8,61.15,Limited,X,A70759,MINOR,,73.3798,52.0807,3.0962,23.90,15,,6,1,2,,,,
2170c5f9-ac27-4755-8693-f4d60a14c9c1,GPS USPSA Extra Saturday Second Chance Match,2022-04-30,6,Bay 9,8725bcad-263b-4c38-926f-448af0b1902f,Robbie Boettcher,57,42.69,24,53.24,Carry Optics,U,A139912,MINOR,,63.8905,51.2279,3.0455,31.85,20,,2,1,1,,,,
2170c5f9-ac27-4755-8693-f4d60a14c9c1,GPS USPSA Extra Saturday Second Chance Match,2022-04-30,6,Bay 9,8725bcad-263b-4c38-926f-448af0b1902f,Sobe Mehkri,58,38.10,15,38.10,Open,U,A135105,MINOR,,45.7258,45.7258,2.7184,30.90,19,,3,,2,,,,
2170c5f9-ac27-4755-8693-f4d60a14c9c1,GPS USPSA Extra Saturday Second Chance Match,2022-04-30,6,Bay 9,8725bcad-263b-4c38-926f-448af0b1902f,David Young,59,37.86,25,47.22,Carry Optics,C,Ty130791,MINOR,,56.6612,45.4315,2.7009,29.99,13,,8,2,1,,,,
2170c5f9-ac27-4755-8693-f4d60a14c9c1,GPS USPSA Extra Saturday Second Chance Match,2022-04-30,6,Bay 9,8725bcad-263b-4c38-926f-448af0b1902f,William Chen,60,37.38,26,46.62,Carry Optics,U,0,MINOR,,55.9438,44.8562,2.6667,36.75,16,,5,3,,,,,
2170c5f9-ac27-4755-8693-f4d60a14c9c1,GPS USPSA Extra Saturday Second Chance Match,2022-04-30,6,Bay 9,8725bcad-263b-4c38-926f-448af0b1902f,Gennady Khokhorin,61,35.72,2,66.96,Production,C,A123884,MINOR,Super Senior,80.3511,42.8629,2.5482,32.18,18,,4,,2,,,,
2170c5f9-ac27-4755-8693-f4d60a14c9c1,GPS USPSA Extra Saturday Second Chance Match,2022-04-30,6,Bay 9,8725bcad-263b-4c38-926f-448af0b1902f,Stephanie Marie,62,35.68,27,44.50,Carry Optics,D,A139099,MINOR,Lady,53.3949,42.8124,2.5452,36.54,18,,4,1,1,,,,
2170c5f9-ac27-4755-8693-f4d60a14c9c1,GPS USPSA Extra Saturday Second Chance Match,2022-04-30,6,Bay 9,8725bcad-263b-4c38-926f-448af0b1902f,Terry Mu,63,35.24,9,49.65,Limited,U,TY104401,MAJOR,,59.5746,42.2826,2.5137,25.46,12,,8,1,3,,,,
2170c5f9-ac27-4755-8693-f4d60a14c9c1,GPS USPSA Extra Saturday Second Chance Match,2022-04-30,6,Bay 9,8725bcad-263b-4c38-926f-448af0b1902f,Dale Hamm,64,33.69,6,52.74,Single Stack,C,TY97196,MAJOR,Senior,63.2886,40.4323,2.4037,36.61,10,,11,2,1,,,,
2170c5f9-ac27-4755-8693-f4d60a14c9c1,GPS USPSA Extra Saturday Second Chance Match,2022-04-30,6,Bay 9,8725bcad-263b-4c38-926f-448af0b1902f,Brett Dempsey,65,32.63,28,40.70,Carry Optics,C,TY114367,MINOR,,48.8362,39.1573,2.3279,29.64,18,,3,,3,,,,
2170c5f9-ac27-4755-8693-f4d60a14c9c1,GPS USPSA Extra Saturday Second Chance Match,2022-04-30,6,Bay 9,8725bcad-263b-4c38-926f-448af0b1902f,Jarrett Grimes,66,28.31,29,35.31,Carry Optics,C,A140749,MINOR,,42.3727,33.9748,2.0198,27.23,16,,5,,3,,,1,
2170c5f9-ac27-4755-8693-f4d60a14c9c1,GPS USPSA Extra Saturday Second Chance Match,2022-04-30,6,Bay 9,8725bcad-263b-4c38-926f-448af0b1902f,Miguel Gonzalez,67,26.53,3,49.73,Production,U,0,MINOR,,59.6721,31.8318,1.8924,40.16,16,,5,1,2,,,,
2170c5f9-ac27-4755-8693-f4d60a14c9c1,GPS USPSA Extra Saturday Second Chance Match,2022-04-30,6,Bay 9,8725bcad-263b-4c38-926f-448af0b1902f,Byron J Frank,68,24.95,30,31.12,Carry Optics,U,A139338,MINOR,,37.3420,29.9411,1.7800,40.45,14,,7,1,2,,,,
2170c5f9-ac27-4755-8693-f4d60a14c9c1,GPS USPSA Extra Saturday Second Chance Match,2022-04-30,6,Bay 9,8725bcad-263b-4c38-926f-448af0b1902f,Danielle Dysart,69,21.94,10,30.91,Limited,U,A137402,MINOR,Lady,37.0952,26.3280,1.5652,46.00,13,,9,,2,,,,
2170c5f9-ac27-4755-8693-f4d60a14c9c1,GPS USPSA Extra Saturday Second Chance Match,2022-04-30,6,Bay 9,8725bcad-263b-4c38-926f-448af0b1902f,Steve Thai,70,21.52,16,21.52,Open,U,0,MINOR,Junior,25.8200,25.8200,1.5350,52.77,14,,6,3,1,,,,
2170c5f9-ac27-4755-8693-f4d60a14c9c1,GPS USPSA Extra Saturday Second Chance Match,2022-04-30,6,Bay 9,8725bcad-263b-4c38-926f-448af0b1902f,Page Brunkhorst,71,12.20,7,19.09,Single Stack,C,L4903,MAJOR,Senior,22.9068,14.6341,0.8700,108.05,16,,5,2,1,,,,
2170c5f9-ac27-4755-8693-f4d60a14c9c1,GPS USPSA Extra Saturday Second Chance Match,2022-04-30,6,Bay 9,8725bcad-263b-4c38-926f-448af0b1902f,Matthew Butler,72,9.53,4,17.86,Production,U,0,MINOR,,21.4295,11.4315,0.6796,50.03,10,,7,3,4,,,,
2170c5f9-ac27-4755-8693-f4d60a14c9c1,GPS USPSA Extra Saturday Second Chance Match,2022-04-30,6,Bay 9,8725bcad-263b-4c38-926f-448af0b1902f,Eric Paul Victorin,73,9.11,5,17.08,Production,D,A141595,MINOR,,20.4961,10.9336,0.6500,38.46,12,,4,3,5,,,,
2170c5f9-ac27-4755-8693-f4d60a14c9c1,GPS USPSA Extra Saturday Second Chance Match,2022-04-30,6,Bay 9,8725bcad-263b-4c38-926f-448af0b1902f,Chad Smith,74,6.98,11,9.84,Limited,U,A141153,MINOR,,11.8026,8.3768,0.4980,40.16,18,,,,6,,,1,
2170c5f9-ac27-4755-8693-f4d60a14c9c1,GPS USPSA Extra Saturday Second Chance Match,2022-04-30,6,Bay 9,8725bcad-263b-4c38-926f-448af0b1902f,Drew Yang,75,4.23,6,7.94,Production,C,A138478,MINOR,,9.5260,5.0816,0.3021,26.48,10,,5,3,6,,,,
2170c5f9-ac27-4755-8693-f4d60a14c9c1,GPS USPSA Extra Saturday Second Chance Match,2022-04-30,6,Bay 9,8725bcad-263b-4c38-926f-448af0b1902f,Jason Wells2,76,0.00,8,0.00,Single Stack,A,L5218,MAJOR,,0.0000,0.0000,,,,,,,,,,,
2170c5f9-ac27-4755-8693-f4d60a14c9c1,GPS USPSA Extra Saturday Second Chance Match,2022-04-30,6,Bay 9,8725bcad-263b-4c38-926f-448af0b1902f,Virak Meas,77,0.00,12,0.00,Limited,U,0,MINOR,Junior,0.0000,0.0000,0.0000,30.49,8,,6,4,6,,,1,
2170c5f9-ac27-4755-8693-f4d60a14c9c1,GPS USPSA Extra Saturday Second Chance Match,2022-04-30,6,Bay 9,8725bcad-263b-4c38-926f-448af0b1902f,Yetta Jones,78,0.00,31,0.00,Carry Optics,U,A139120,MINOR,Lady,0.0000,0.0000,0.0000,39.93,10,,4,2,8,,,,
2170c5f9-ac27-4755-8693-f4d60a14c9c1,GPS USPSA Extra Saturday Second Chance Match,2022-04-30,7,Bay 10,ecaadd36-b10f-4618-ba60-3b5a4bf3bd7e,Gil Yolo,1,100.00,1,100.00,Open,M,L5228,MAJOR,,140.0000,140.0000,9.4092,13.71,19,,8,1,,,,,
2170c5f9-ac27-4755-8693-f4d60a14c9c1,GPS USPSA Extra Saturday Second Chance Match,2022-04-30,7,Bay 10,ecaadd36-b10f-4618-ba60-3b5a4bf3bd7e,Albert Montanez,2,97.85,2,97.85,Open,M,TY101554,MAJOR,,136.9885,136.9885,9.2068,14.12,22,,4,2,,,,,
2170c5f9-ac27-4755-8693-f4d60a14c9c1,GPS USPSA Extra Saturday Second Chance Match,2022-04-30,7,Bay 10,ecaadd36-b10f-4618-ba60-3b5a4bf3bd7e,Wade Pruetz,3,97.56,1,100.00,PCC,M,TY79055,MINOR,,140.0000,136.5808,9.1794,14.38,24,,4,,,,,,
2170c5f9-ac27-4755-8693-f4d60a14c9c1,GPS USPSA Extra Saturday Second Chance Match,2022-04-30,7,Bay 10,ecaadd36-b10f-4618-ba60-3b5a4bf3bd7e,Corey Slifko,4,92.99,3,92.99,Open,A,82935,MAJOR,,130.1798,130.1798,8.7492,15.43,23,,5,,,,,,
2170c5f9-ac27-4755-8693-f4d60a14c9c1,GPS USPSA Extra Saturday Second Chance Match,2022-04-30,7,Bay 10,ecaadd36-b10f-4618-ba60-3b5a4bf3bd7e,Vinh Lam,5,87.37,1,100.00,Limited,M,TY101025,MAJOR,,140.0000,122.3207,8.2210,14.84,16,,9,3,,,,,
2170c5f9-ac27-4755-8693-f4d60a14c9c1,GPS USPSA Extra Saturday Second Chance Match,2022-04-30,7,Bay 10,ecaadd36-b10f-4618-ba60-3b5a4bf3bd7e,Ryan Alicaya,6,86.48,1,100.00,Carry Optics,D,A106355,MINOR,,140.0000,121.0753,8.1373,15.73,23,,4,1,,,,,
2170c5f9-ac27-4755-8693-f4d60a14c9c1,GPS USPSA Extra Saturday Second Chance Match,2022-04-30,7,Bay 10,ecaadd36-b10f-4618-ba60-3b5a4bf3bd7e,Ross Apffel,7,85.08,2,97.37,Limited,A,L4428,MAJOR,,136.3199,119.1053,8.0049,16.24,18,,10,,,,,,
2170c5f9-ac27-4755-8693-f4d60a14c9c1,GPS USPSA Extra Saturday Second Chance Match,2022-04-30,7,Bay 10,ecaadd36-b10f-4618-ba60-3b5a4bf3bd7e,Jim Havens,8,84.14,2,97.30,Carry Optics,G,TY114636,MINOR,,136.2132,117.8005,7.9172,16.42,23,,5,,,,,,
2170c5f9-ac27-4755-8693-f4d60a14c9c1,GPS USPSA Extra Saturday Second Chance Match,2022-04-30,7,Bay 10,ecaadd36-b10f-4618-ba60-3b5a4bf3bd7e,Zvi Davidoff,9,83.59,4,83.59,Open,M,TY68524,MAJOR,,117.0267,117.0267,7.8652,15.13,21,,6,,1,,,,
2170c5f9-ac27-4755-8693-f4d60a14c9c1,GPS USPSA Extra Saturday Second Chance Match,2022-04-30,7,Bay 10,ecaadd36-b10f-4618-ba60-3b5a4bf3bd7e,Jorge Cahas,10,83.59,5,83.59,Open,B,F-44522,MAJOR,Senior,117.0267,117.0267,7.8652,16.91,23,,4,1,,,,,
2170c5f9-ac27-4755-8693-f4d60a14c9c1,GPS USPSA Extra Saturday Second Chance Match,2022-04-30,7,Bay 10,ecaadd36-b10f-4618-ba60-3b5a4bf3bd7e,Lan Nguyen,11,83.26,6,83.26,Open,A,Ty81359,MAJOR,,116.5685,116.5685,7.8344,15.70,15,,11,2,,,,,
2170c5f9-ac27-4755-8693-f4d60a14c9c1,GPS USPSA Extra Saturday Second Chance Match,2022-04-30,7,Bay 10,ecaadd36-b10f-4618-ba60-3b5a4bf3bd7e,JOSE ONIA,12,81.94,3,94.75,Carry Optics,C,A134359,MINOR,,132.6536,114.7220,7.7103,17.12,24,,4,,,,,,
2170c5f9-ac27-4755-8693-f4d60a14c9c1,GPS USPSA Extra Saturday Second Chance Match,2022-04-30,7,Bay 10,ecaadd36-b10f-4618-ba60-3b5a4bf3bd7e,Mike Whitesides,13,81.23,7,81.23,Open,A,TY81358,MAJOR,,113.7251,113.7251,7.6433,17.27,20,,8,,,,,,
2170c5f9-ac27-4755-8693-f4d60a14c9c1,GPS USPSA Extra Saturday Second Chance Match,2022-04-30,7,Bay 10,ecaadd36-b10f-4618-ba60-3b5a4bf3bd7e,Brandon Foss,14,78.77,4,91.08,Carry Optics,M,L5142,MINOR,,127.5145,110.2776,7.4116,17.81,25,,2,1,,,,,
2170c5f9-ac27-4755-8693-f4d60a14c9c1,GPS USPSA Extra Saturday Second Chance Match,2022-04-30,7,Bay 10,ecaadd36-b10f-4618-ba60-3b5a4bf3bd7e,Paul Felker,15,78.45,5,90.71,Carry Optics,M,TY107123,MINOR,,126.9949,109.8283,7.3814,17.07,21,,7,,,,,,
2170c5f9-ac27-4755-8693-f4d60a14c9c1,GPS USPSA Extra Saturday Second Chance Match,2022-04-30,7,Bay 10,ecaadd36-b10f-4618-ba60-3b5a4bf3bd7e,Steven McNamara,16,74.50,8,74.50,Open,B,A75212,MAJOR,Senior,104.3007,104.3007,7.0099,18.26,18,,9,1,,,,,
2170c5f9-ac27-4755-8693-f4d60a14c9c1,GPS USPSA Extra Saturday Second Chance Match,2022-04-30,7,Bay 10,ecaadd36-b10f-4618-ba60-3b5a4bf3bd7e,Jason Wells,17,74.30,1,100.00,Single Stack,A,L5218,MAJOR,,140.0000,104.0150,6.9907,18.31,18,,9,1,,,,,
2170c5f9-ac27-4755-8693-f4d60a14c9c1,GPS USPSA Extra Saturday Second Chance Match,2022-04-30,7,Bay 10,ecaadd36-b10f-4618-ba60-3b5a4bf3bd7e,Kent Leslie,18,74.08,3,84.79,Limited,G,TY1808,MAJOR,Super Senior,118.6994,103.7100,6.9702,17.79,16,,10,2,,,,,
2170c5f9-ac27-4755-8693-f4d60a14c9c1,GPS USPSA Extra Saturday Second Chance Match,2022-04-30,7,Bay 10,ecaadd36-b10f-4618-ba60-3b5a4bf3bd7e,Gary Wu,19,73.59,6,85.09,Carry Optics,B,L2998,MINOR,Senior,119.1324,103.0285,6.9244,17.33,18,,10,,,,,,
2170c5f9-ac27-4755-8693-f4d60a14c9c1,GPS USPSA Extra Saturday Second Chance Match,2022-04-30,7,Bay 10,ecaadd36-b10f-4618-ba60-3b5a4bf3bd7e,John Austria,20,73.41,9,73.41,Open,B,Fy82746,MAJOR,Foreign,102.7741,102.7741,6.9073,16.07,17,,8,2,1,,,,
2170c5f9-ac27-4755-8693-f4d60a14c9c1,GPS USPSA Extra Saturday Second Chance Match,2022-04-30,7,Bay 10,ecaadd36-b10f-4618-ba60-3b5a4bf3bd7e,Ridong Wen,21,71.34,7,82.49,Carry Optics,B,A99651,MINOR,,115.4919,99.8801,6.7128,18.77,22,,5,1,,,,,
2170c5f9-ac27-4755-8693-f4d60a14c9c1,GPS USPSA Extra Saturday Second Chance Match,2022-04-30,7,Bay 10,ecaadd36-b10f-4618-ba60-3b5a4bf3bd7e,Adriel Taylor,22,71.29,10,71.29,Open,C,A104321,MAJOR,,99.8042,99.8042,6.7077,16.25,17,,7,3,1,,,,
2170c5f9-ac27-4755-8693-f4d60a14c9c1,GPS USPSA Extra Saturday Second Chance Match,2022-04-30,7,Bay 10,ecaadd36-b10f-4618-ba60-3b5a4bf3bd7e,Khoa Nguyen,23,71.09,1,100.00,Production,A,A117224,MINOR,Law Enforcement,140.0000,99.5200,6.6886,18.24,20,,7,1,,,,,
2170c5f9-ac27-4755-8693-f4d60a14c9c1,GPS USPSA Extra Saturday Second Chance Match,2022-04-30,7,Bay 10,ecaadd36-b10f-4618-ba60-3b5a4bf3bd7e,Devin Yolo,24,69.93,8,80.86,Carry Optics,B,A112987,MINOR,,113.2002,97.8982,6.5796,19.15,21,,7,,,,,,
2170c5f9-ac27-4755-8693-f4d60a14c9c1,GPS USPSA Extra Saturday Second Chance Match,2022-04-30,7,Bay 10,ecaadd36-b10f-4618-ba60-3b5a4bf3bd7e,Pete Kirchner,25,68.27,9,78.94,Carry Optics,A,TY105743,MINOR,,110.5145,95.5756,6.4235,18.37,20,,5,3,,,,,
2170c5f9-ac27-4755-8693-f4d60a14c9c1,GPS USPSA Extra Saturday Second Chance Match,2022-04-30,7,Bay 10,ecaadd36-b10f-4618-ba60-3b5a4bf3bd7e,Roman Gwiscz,26,67.79,10,78.38,Carry Optics,A,L4670,MINOR,,109.7386,94.9046,6.3784,18.50,18,,9,1,,,,,
2170c5f9-ac27-4755-8693-f4d60a14c9c1,GPS USPSA Extra Saturday Second Chance Match,2022-04-30,7,Bay 10,ecaadd36-b10f-4618-ba60-3b5a4bf3bd7e,Antonio Tormis,27,66.31,11,76.67,Carry Optics,B,A124958,MINOR,,107.3420,92.8319,6.2391,17.15,19,,7,1,1,,,,
2170c5f9-ac27-4755-8693-f4d60a14c9c1,GPS USPSA Extra Saturday Second Chance Match,2022-04-30,7,Bay 10,ecaadd36-b10f-4618-ba60-3b5a4bf3bd7e,Chez Chike-Udenze,28,62.45,12,72.21,Carry Optics,B,A138598,MINOR,,101.0984,87.4323,5.8762,19.06,18,,6,4,,,,,
2170c5f9-ac27-4755-8693-f4d60a14c9c1,GPS USPSA Extra Saturday Second Chance Match,2022-04-30,7,Bay 10,ecaadd36-b10f-4618-ba60-3b5a4bf3bd7e,Jarrett Grimes,29,61.49,13,71.10,Carry Optics,C,A140749,MINOR,,99.5397,86.0843,5.7856,18.84,20,,6,1,1,,,,
2170c5f9-ac27-4755-8693-f4d60a14c9c1,GPS USPSA Extra Saturday Second Chance Match,2022-04-30,7,Bay 10,ecaadd36-b10f-4618-ba60-3b5a4bf3bd7e,Marc Demeza,30,61.37,4,70.23,Limited,X,A70759,MINOR,,98.3287,85.9117,5.7740,20.09,18,,8,2,,,,,
2170c5f9-ac27-4755-8693-f4d60a14c9c1,GPS USPSA Extra Saturday Second Chance Match,2022-04-30,7,Bay 10,ecaadd36-b10f-4618-ba60-3b5a4bf3bd7e,Carlos Escandon,31,61.30,2,82.50,Single Stack,B,L2590,MAJOR,Super Senior,115.5035,85.8149,5.7675,22.54,20,,7,1,,,,,
2170c5f9-ac27-4755-8693-f4d60a14c9c1,GPS USPSA Extra Saturday Second Chance Match,2022-04-30,7,Bay 10,ecaadd36-b10f-4618-ba60-3b5a4bf3bd7e,Derek Rabuck,32,61.09,2,62.62,PCC,B,Ty91331,MINOR,,87.6689,85.5278,5.7482,21.92,23,,3,2,,,,,
2170c5f9-ac27-4755-8693-f4d60a14c9c1,GPS USPSA Extra Saturday Second Chance Match,2022-04-30,7,Bay 10,ecaadd36-b10f-4618-ba60-3b5a4bf3bd7e,Matthew Gonzalez,33,60.05,14,69.43,Carry Optics,B,A119810,MINOR,,97.2067,84.0667,5.6500,18.23,18,,7,2,1,,,,
2170c5f9-ac27-4755-8693-f4d60a14c9c1,GPS USPSA Extra Saturday Second Chance Match,2022-04-30,7,Bay 10,ecaadd36-b10f-4618-ba60-3b5a4bf3bd7e,Michael Rominiyi,34,59.77,15,69.11,Carry Optics,B,A138602,MINOR,,96.7576,83.6783,5.6239,22.76,22,,6,,,,,,
2170c5f9-ac27-4755-8693-f4d60a14c9c1,GPS USPSA Extra Saturday Second Chance Match,2022-04-30,7,Bay 10,ecaadd36-b10f-4618-ba60-3b5a4bf3bd7e,Jun Wu,35,59.72,16,69.06,Carry Optics,B,TY104927,MINOR,,96.6837,83.6143,5.6196,20.82,24,,2,1,1,,,,
2170c5f9-ac27-4755-8693-f4d60a14c9c1,GPS USPSA Extra Saturday Second Chance Match,2022-04-30,7,Bay 10,ecaadd36-b10f-4618-ba60-3b5a4bf3bd7e,Michael Pontious,36,57.71,11,57.71,Open,B,FY94575,MAJOR,Senior,80.7873,80.7873,5.4296,18.97,21,,4,1,2,,,,
2170c5f9-ac27-4755-8693-f4d60a14c9c1,GPS USPSA Extra Saturday Second Chance Match,2022-04-30,7,Bay 10,ecaadd36-b10f-4618-ba60-3b5a4bf3bd7e,Jonathan Backof,37,55.69,3,74.95,Single Stack,B,A116878,MAJOR,,104.9354,77.9633,5.2398,22.52,20,,7,,1,,,,
2170c5f9-ac27-4755-8693-f4d60a14c9c1,GPS USPSA Extra Saturday Second Chance Match,2022-04-30,7,Bay 10,ecaadd36-b10f-4618-ba60-3b5a4bf3bd7e,Jimmy Durham,38,53.39,12,53.39,Open,C,TY135611,MAJOR,,74.7405,74.7405,5.0232,25.88,22,,4,2,,,,,
2170c5f9-ac27-4755-8693-f4d60a14c9c1,GPS USPSA Extra Saturday Second Chance Match,2022-04-30,7,Bay 10,ecaadd36-b10f-4618-ba60-3b5a4bf3bd7e,John Brunkhorst,39,52.58,17,60.80,Carry Optics,B,A116144,MINOR,,85.1255,73.6186,4.9478,25.87,22,,6,,,,,,
2170c5f9-ac27-4755-8693-f4d60a14c9c1,GPS USPSA Extra Saturday Second Chance Match,2022-04-30,7,Bay 10,ecaadd36-b10f-4618-ba60-3b5a4bf3bd7e,Patrick Yang,40,52.46,18,60.66,Carry Optics,C,L4392,MINOR,,84.9242,73.4445,4.9361,22.69,16,,10,2,,,,,
2170c5f9-ac27-4755-8693-f4d60a14c9c1,GPS USPSA Extra Saturday Second Chance Match,2022-04-30,7,Bay 10,ecaadd36-b10f-4618-ba60-3b5a4bf3bd7e,Anthony Fong,41,52.28,19,60.45,Carry Optics,U,0,MINOR,,84.6249,73.1856,4.9187,23.99,22,,6,,,,1,,
2170c5f9-ac27-4755-8693-f4d60a14c9c1,GPS USPSA Extra Saturday Second Chance Match,2022-04-30,7,Bay 10,ecaadd36-b10f-4618-ba60-3b5a4bf3bd7e,Matthew Michna,42,51.83,20,59.93,Carry Optics,C,A128405,MINOR,,83.9074,72.5651,4.8770,22.35,20,,6,1,1,,,,
2170c5f9-ac27-4755-8693-f4d60a14c9c1,GPS USPSA Extra Saturday Second Chance Match,2022-04-30,7,Bay 10,ecaadd36-b10f-4618-ba60-3b5a4bf3bd7e,Taylor Latham,43,50.20,4,67.57,Single Stack,B,TY39841,MAJOR,Senior,94.5977,70.2827,4.7236,28.58,23,,5,,,,,,
2170c5f9-ac27-4755-8693-f4d60a14c9c1,GPS USPSA Extra Saturday Second Chance Match,2022-04-30,7,Bay 10,ecaadd36-b10f-4618-ba60-3b5a4bf3bd7e,Abrahan Figueroa,44,50.10,13,50.10,Open,C,TY54053,MAJOR,Senior,70.1339,70.1339,4.7136,27.58,20,,7,1,,,,,
2170c5f9-ac27-4755-8693-f4d60a14c9c1,GPS USPSA Extra Saturday Second Chance Match,2022-04-30,7,Bay 10,ecaadd36-b10f-4618-ba60-3b5a4bf3bd7e,Jeannie Marrone,45,50.05,14,50.05,Open,C,A133357,MAJOR,Lady; Super Senior,70.0670,70.0670,4.7091,28.88,24,,4,,,,,,
2170c5f9-ac27-4755-8693-f4d60a14c9c1,GPS USPSA Extra Saturday Second Chance Match,2022-04-30,7,Bay 10,ecaadd36-b10f-4618-ba60-3b5a4bf3bd7e,Brett Dempsey,46,49.70,21,57.47,Carry Optics,C,TY114367,MINOR,,80.4545,69.5789,4.6763,27.80,23,,5,,,,,,
2170c5f9-ac27-4755-8693-f4d60a14c9c1,GPS USPSA Extra Saturday Second Chance Match,2022-04-30,7,Bay 10,ecaadd36-b10f-4618-ba60-3b5a4bf3bd7e,Eric Mccampbell,47,49.53,5,66.66,Single Stack,C,A14332,MAJOR,Senior,93.3300,69.3409,4.6603,28.11,21,,6,1,,,,,
2170c5f9-ac27-4755-8693-f4d60a14c9c1,GPS USPSA Extra Saturday Second Chance Match,2022-04-30,7,Bay 10,ecaadd36-b10f-4618-ba60-3b5a4bf3bd7e,Gennady Khokhorin,48,48.80,2,68.65,Production,C,A123884,MINOR,Super Senior,96.1116,68.3216,4.5918,25.48,23,,4,,1,,,,
2170c5f9-ac27-4755-8693-f4d60a14c9c1,GPS USPSA Extra Saturday Second Chance Match,2022-04-30,7,Bay 10,ecaadd36-b10f-4618-ba60-3b5a4bf3bd7e,Mike Benitez,49,48.80,22,56.43,Carry Optics,U,A98298,MINOR,,79.0007,68.3216,4.5918,27.44,22,,5,1,,,,,
2170c5f9-ac27-4755-8693-f4d60a14c9c1,GPS USPSA Extra Saturday Second Chance Match,2022-04-30,7,Bay 10,ecaadd36-b10f-4618-ba60-3b5a4bf3bd7e,Terry Mu,50,48.27,5,55.24,Limited,U,TY104401,MAJOR,,77.3380,67.5717,4.5414,22.68,19,,7,,2,,,,
2170c5f9-ac27-4755-8693-f4d60a14c9c1,GPS USPSA Extra Saturday Second Chance Match,2022-04-30,7,Bay 10,ecaadd36-b10f-4618-ba60-3b5a4bf3bd7e,Stephanie Marie,51,46.85,23,54.17,Carry Optics,D,A139099,MINOR,Lady,75.8384,65.5869,4.4080,27.45,25,,2,,1,,,,
2170c5f9-ac27-4755-8693-f4d60a14c9c1,GPS USPSA Extra Saturday Second Chance Match,2022-04-30,7,Bay 10,ecaadd36-b10f-4618-ba60-3b5a4bf3bd7e,JR Roberts,52,46.41,6,53.11,Limited,C,TY102739,MAJOR,,74.3596,64.9694,4.3665,30.23,20,,8,,,,,,
2170c5f9-ac27-4755-8693-f4d60a14c9c1,GPS USPSA Extra Saturday Second Chance Match,2022-04-30,7,Bay 10,ecaadd36-b10f-4618-ba60-3b5a4bf3bd7e,Page Brunkhorst,53,46.24,6,62.24,Single Stack,C,L4903,MAJOR,Senior,87.1318,64.7358,4.3508,29.42,20,,6,2,,,,,
2170c5f9-ac27-4755-8693-f4d60a14c9c1,GPS USPSA Extra Saturday Second Chance Match,2022-04-30,7,Bay 10,ecaadd36-b10f-4618-ba60-3b5a4bf3bd7e,"Jeff Maxwell, Jr.",54,45.00,7,51.50,Limited,C,L4489,MAJOR,Senior,72.1066,63.0009,4.2342,30.23,16,,12,,,,,,
2170c5f9-ac27-4755-8693-f4d60a14c9c1,GPS USPSA Extra Saturday Second Chance Match,2022-04-30,7,Bay 10,ecaadd36-b10f-4618-ba60-3b5a4bf3bd7e,Alonzo Jackson,55,44.70,24,51.69,Carry Optics,D,ty138613,MINOR,,72.3596,62.5783,4.2058,26.63,22,,3,3,,,1,,
2170c5f9-ac27-4755-8693-f4d60a14c9c1,GPS USPSA Extra Saturday Second Chance Match,2022-04-30,7,Bay 10,ecaadd36-b10f-4618-ba60-3b5a4bf3bd7e,Travis McKenzie,56,44.70,25,51.68,Carry Optics,B,TY139201,MINOR,,72.3562,62.5754,4.2056,21.40,17,,8,1,2,,,,
2170c5f9-ac27-4755-8693-f4d60a14c9c1,GPS USPSA Extra Saturday Second Chance Match,2022-04-30,7,Bay 10,ecaadd36-b10f-4618-ba60-3b5a4bf3bd7e,Christopher Ham,57,42.37,3,43.43,PCC,U,A135936,MINOR,,60.8079,59.3228,3.9870,21.57,20,,5,1,2,,1,,
2170c5f9-ac27-4755-8693-f4d60a14c9c1,GPS USPSA Extra Saturday Second Chance Match,2022-04-30,7,Bay 10,ecaadd36-b10f-4618-ba60-3b5a4bf3bd7e,Eric Wu,58,42.35,26,48.97,Carry Optics,U,TY104740,MINOR,,68.5539,59.2871,3.9846,20.83,14,,10,3,1,,1,,
2170c5f9-ac27-4755-8693-f4d60a14c9c1,GPS USPSA Extra Saturday Second Chance Match,2022-04-30,7,Bay 10,ecaadd36-b10f-4618-ba60-3b5a4bf3bd7e,Robbie Boettcher,59,42.28,27,48.89,Carry Optics,U,A139912,MINOR,,68.4507,59.1978,3.9786,29.91,24,,3,,1,,,,
2170c5f9-ac27-4755-8693-f4d60a14c9c1,GPS USPSA Extra Saturday Second Chance Match,2022-04-30,7,Bay 10,ecaadd36-b10f-4618-ba60-3b5a4bf3bd7e,Em Alco,60,41.49,8,47.49,Limited,C,TY67519,MINOR,Senior,66.4885,58.0923,3.9043,28.43,20,,7,,1,,,,
2170c5f9-ac27-4755-8693-f4d60a14c9c1,GPS USPSA Extra Saturday Second Chance Match,2022-04-30,7,Bay 10,ecaadd36-b10f-4618-ba60-3b5a4bf3bd7e,Pat Byrne,61,40.46,9,46.31,Limited,B,Fy93921,MAJOR,Super Senior,64.8332,56.6460,3.8071,31.52,24,,2,1,1,,,,
2170c5f9-ac27-4755-8693-f4d60a14c9c1,GPS USPSA Extra Saturday Second Chance Match,2022-04-30,7,Bay 10,ecaadd36-b10f-4618-ba60-3b5a4bf3bd7e,Drew Yang,62,39.04,3,54.92,Production,C,A138478,MINOR,,76.8926,54.6597,3.6736,23.41,16,,8,2,2,,,,
2170c5f9-ac27-4755-8693-f4d60a14c9c1,GPS USPSA Extra Saturday Second Chance Match,2022-04-30,7,Bay 10,ecaadd36-b10f-4618-ba60-3b5a4bf3bd7e,Jack Liu,63,35.53,4,36.42,PCC,C,Ty130790,MINOR,,50.9905,49.7451,3.3433,16.75,13,,10,1,4,,,,
2170c5f9-ac27-4755-8693-f4d60a14c9c1,GPS USPSA Extra Saturday Second Chance Match,2022-04-30,7,Bay 10,ecaadd36-b10f-4618-ba60-3b5a4bf3bd7e,Chad Smith,64,34.03,10,38.95,Limited,U,A141153,MINOR,,54.5303,47.6442,3.2021,34.04,19,,8,,1,,,,
2170c5f9-ac27-4755-8693-f4d60a14c9c1,GPS USPSA Extra Saturday Second Chance Match,2022-04-30,7,Bay 10,ecaadd36-b10f-4618-ba60-3b5a4bf3bd7e,Elisabeth Steiger,65,32.20,5,33.00,PCC,C,A136514,MINOR,Lady,46.2030,45.0746,3.0294,32.68,20,,6,1,1,,1,,
2170c5f9-ac27-4755-8693-f4d60a14c9c1,GPS USPSA Extra Saturday Second Chance Match,2022-04-30,7,Bay 10,ecaadd36-b10f-4618-ba60-3b5a4bf3bd7e,David Young,66,31.88,28,36.86,Carry Optics,C,Ty130791,MINOR,,51.6004,44.6253,2.9992,38.01,16,,11,1,,,,,
2170c5f9-ac27-4755-8693-f4d60a14c9c1,GPS USPSA Extra Saturday Second Chance Match,2022-04-30,7,Bay 10,ecaadd36-b10f-4618-ba60-3b5a4bf3bd7e,Sobe Mehkri,67,30.07,15,30.07,Open,U,A135105,MINOR,,42.0914,42.0914,2.8289,22.27,19,,6,,3,,,2,
2170c5f9-ac27-4755-8693-f4d60a14c9c1,GPS USPSA Extra Saturday Second Chance Match,2022-04-30,7,Bay 10,ecaadd36-b10f-4618-ba60-3b5a4bf3bd7e,Dale Hamm,68,29.70,7,39.98,Single Stack,C,TY97196,MAJOR,Senior,55.9724,41.5855,2.7949,35.78,18,,7,1,2,,,,
2170c5f9-ac27-4755-8693-f4d60a14c9c1,GPS USPSA Extra Saturday Second Chance Match,2022-04-30,7,Bay 10,ecaadd36-b10f-4618-ba60-3b5a4bf3bd7e,Miguel Gonzalez,69,25.63,4,36.06,Production,U,0,MINOR,,50.4775,35.8823,2.4116,30.27,20,,4,1,3,,,1,
2170c5f9-ac27-4755-8693-f4d60a14c9c1,GPS USPSA Extra Saturday Second Chance Match,2022-04-30,7,Bay 10,ecaadd36-b10f-4618-ba60-3b5a4bf3bd7e,William Chen,70,22.63,29,26.16,Carry Optics,U,0,MINOR,,36.6306,31.6790,2.1291,57.30,20,,7,1,,,,,
2170c5f9-ac27-4755-8693-f4d60a14c9c1,GPS USPSA Extra Saturday Second Chance Match,2022-04-30,7,Bay 10,ecaadd36-b10f-4618-ba60-3b5a4bf3bd7e,Steve Thai,71,20.65,16,20.65,Open,U,0,MINOR,Junior,28.9115,28.9115,1.9431,35.51,19,,4,2,3,,,1,
2170c5f9-ac27-4755-8693-f4d60a14c9c1,GPS USPSA Extra Saturday Second Chance Match,2022-04-30,7,Bay 10,ecaadd36-b10f-4618-ba60-3b5a4bf3bd7e,Byron J Frank,72,19.95,30,23.07,Carry Optics,U,A139338,MINOR,,32.2950,27.9295,1.8771,42.62,16,,10,,2,,1,,
2170c5f9-ac27-4755-8693-f4d60a14c9c1,GPS USPSA Extra Saturday Second Chance Match,2022-04-30,7,Bay 10,ecaadd36-b10f-4618-ba60-3b5a4bf3bd7e,Matthew Butler,73,18.37,5,25.84,Production,U,0,MINOR,,36.1816,25.7199,1.7286,53.80,13,,12,2,1,,,,
2170c5f9-ac27-4755-8693-f4d60a14c9c1,GPS USPSA Extra Saturday Second Chance Match,2022-04-30,7,Bay 10,ecaadd36-b10f-4618-ba60-3b5a4bf3bd7e,Danielle Dysart,74,14.26,11,16.33,Limited,U,A137402,MINOR,Lady,22.8571,19.9707,1.3422,63.33,21,,3,1,3,,,,
2170c5f9-ac27-4755-8693-f4d60a14c9c1,GPS USPSA Extra Saturday Second Chance Match,2022-04-30,7,Bay 10,ecaadd36-b10f-4618-ba60-3b5a4bf3bd7e,Eric Paul Victorin,75,3.58,6,5.03,Production,D,A141595,MINOR,,7.0433,5.0068,0.3365,35.66,15,,5,2,6,,,2,
2170c5f9-ac27-4755-8693-f4d60a14c9c1,GPS USPSA Extra Saturday Second Chance Match,2022-04-30,7,Bay 10,ecaadd36-b10f-4618-ba60-3b5a4bf3bd7e,Virak Meas,76,3.05,12,3.49,Limited,U,0,MINOR,Junior,4.8841,4.2673,0.2868,38.36,12,,6,3,7,,,,
2170c5f9-ac27-4755-8693-f4d60a14c9c1,GPS USPSA Extra Saturday Second Chance Match,2022-04-30,7,Bay 10,ecaadd36-b10f-4618-ba60-3b5a4bf3bd7e,Jason Wells2,77,0.00,8,0.00,Single Stack,A,L5218,MAJOR,,0.0000,0.0000,,,,,,,,,,,
2170c5f9-ac27-4755-8693-f4d60a14c9c1,GPS USPSA Extra Saturday Second Chance Match,2022-04-30,7,Bay 10,ecaadd36-b10f-4618-ba60-3b5a4bf3bd7e,Yetta Jones,78,0.00,31,0.00,Carry Optics,U,A139120,MINOR,Lady,0.0000,0.0000,0.0000,23.33,6,,12,4,6,,1,,
