match_id,match_name,match_date,stage_number,stage_name,stage_uuid,shooter_name,shooter_rank_combined,shooter_percent_combined,shooter_rank_division,shooter_percent_division,division,class,member_number,power_factor,categories,stage_points,stage_points_combined,hit_factor,time,A,B,C,D,M,NPM,NS,Proc,Apen
2c827641-7121-4f91-b9b6-8d643d7a16cc,GPS USPSA November 2025,2025-11-23,1,Bay 4,21dad69d-4fc2-4524-b7ae-0fa8f8a52aa9,Michael Hanover,1,100.00,1,100.00,Limited Optics,M,TY146302,MINOR,,120.0000,120.0000,7.8091,13.83,18,,6,,,,,,
2c827641-7121-4f91-b9b6-8d643d7a16cc,GPS USPSA November 2025,2025-11-23,1,Bay 4,21dad69d-4fc2-4524-b7ae-0fa8f8a52aa9,Anthony Fong,2,99.19,2,99.19,Limited Optics,M,A142224,MINOR,,119.0227,119.0227,7.7455,14.46,20,,4,,,,,,
2c827641-7121-4f91-b9b6-8d643d7a16cc,GPS USPSA November 2025,2025-11-23,1,Bay 4,21dad69d-4fc2-4524-b7ae-0fa8f8a52aa9,Vinh Lam,3,97.44,3,97.44,Limited Optics,M,Ty101025,MINOR,,116.9328,116.9328,7.6095,13.93,17,,7,,,,,,
2c827641-7121-4f91-b9b6-8d643d7a16cc,GPS USPSA November 2025,2025-11-23,1,Bay 4,21dad69d-4fc2-4524-b7ae-0fa8f8a52aa9,Paul Felker,4,96.86,4,96.86,Limited Optics,A,Ty107123,MINOR,,116.2352,116.2352,7.5641,15.60,23,,1,,,,,,
2c827641-7121-4f91-b9b6-8d643d7a16cc,GPS USPSA November 2025,2025-11-23,1,Bay 4,21dad69d-4fc2-4524-b7ae-0fa8f8a52aa9,Adam Bandiera,5,89.56,5,89.56,Limited Optics,A,A148375,MINOR,,107.4731,107.4731,6.9939,16.30,21,,3,,,,,,
2c827641-7121-4f91-b9b6-8d643d7a16cc,GPS USPSA November 2025,2025-11-23,1,Bay 4,21dad69d-4fc2-4524-b7ae-0fa8f8a52aa9,Will Goglas,6,86.76,1,100.00,Open,B,A154790,MAJOR,,120.0000,104.1078,6.7749,14.17,14,,9,,1,,,,
2c827641-7121-4f91-b9b6-8d643d7a16cc,GPS USPSA November 2025,2025-11-23,1,Bay 4,21dad69d-4fc2-4524-b7ae-0fa8f8a52aa9,Heath Helgeson,7,86.55,6,86.55,Limited Optics,A,A149129,MINOR,,103.8542,103.8542,6.7584,15.98,18,,6,,,,,,
2c827641-7121-4f91-b9b6-8d643d7a16cc,GPS USPSA November 2025,2025-11-23,1,Bay 4,21dad69d-4fc2-4524-b7ae-0fa8f8a52aa9,Ryan Jaw,8,85.59,7,85.59,Limited Optics,U,Ty142907,MINOR,,102.7033,102.7033,6.6835,15.86,19,,3,2,,,,,
2c827641-7121-4f91-b9b6-8d643d7a16cc,GPS USPSA November 2025,2025-11-23,1,Bay 4,21dad69d-4fc2-4524-b7ae-0fa8f8a52aa9,Jacob Tullis,9,85.48,8,85.48,Limited Optics,M,A140523,MINOR,,102.5742,102.5742,6.6751,15.73,23,,,,1,,,,
2c827641-7121-4f91-b9b6-8d643d7a16cc,GPS USPSA November 2025,2025-11-23,1,Bay 4,21dad69d-4fc2-4524-b7ae-0fa8f8a52aa9,Adriel Taylor,10,85.03,9,85.03,Limited Optics,C,A104321,MINOR,,102.0410,102.0410,6.6404,17.77,23,,1,,,,,,
2c827641-7121-4f91-b9b6-8d643d7a16cc,GPS USPSA November 2025,2025-11-23,1,Bay 4,21dad69d-4fc2-4524-b7ae-0fa8f8a52aa9,Kevin Bunurai,11,84.37,10,84.37,Limited Optics,U,TY105111,MINOR,,101.2434,101.2434,6.5885,17.91,23,,1,,,,,,
2c827641-7121-4f91-b9b6-8d643d7a16cc,GPS USPSA November 2025,2025-11-23,1,Bay 4,21dad69d-4fc2-4524-b7ae-0fa8f8a52aa9,Zvi Davidoff,12,84.31,2,97.18,Open,X,0,MAJOR,,116.6116,101.1681,6.5836,16.86,19,,3,2,,,,,
2c827641-7121-4f91-b9b6-8d643d7a16cc,GPS USPSA November 2025,2025-11-23,1,Bay 4,21dad69d-4fc2-4524-b7ae-0fa8f8a52aa9,Wade Pruetz,13,82.15,11,82.15,Limited Optics,U,TY79055,MINOR,Senior,98.5819,98.5819,6.4153,17.77,21,,3,,,,,,
2c827641-7121-4f91-b9b6-8d643d7a16cc,GPS USPSA November 2025,2025-11-23,1,Bay 4,21dad69d-4fc2-4524-b7ae-0fa8f8a52aa9,Roman Gwiscz,14,79.95,12,79.95,Limited Optics,B,L4670,MINOR,,95.9388,95.9388,6.2433,18.58,22,,2,,,,,,
2c827641-7121-4f91-b9b6-8d643d7a16cc,GPS USPSA November 2025,2025-11-23,1,Bay 4,21dad69d-4fc2-4524-b7ae-0fa8f8a52aa9,Colin Kerrigan,15,79.76,1,100.00,Carry Optics,M,A142731,MINOR,,120.0000,95.7160,6.2288,17.66,20,,3,1,,,,,
2c827641-7121-4f91-b9b6-8d643d7a16cc,GPS USPSA November 2025,2025-11-23,1,Bay 4,21dad69d-4fc2-4524-b7ae-0fa8f8a52aa9,Jon Baguio,16,78.34,3,90.30,Open,C,X,MAJOR,,108.3629,94.0119,6.1179,17.98,16,,7,1,,,,,
2c827641-7121-4f91-b9b6-8d643d7a16cc,GPS USPSA November 2025,2025-11-23,1,Bay 4,21dad69d-4fc2-4524-b7ae-0fa8f8a52aa9,Zachary Ralston,17,77.44,13,77.44,Limited Optics,A,A123081,MINOR,,92.9285,92.9285,6.0474,16.04,19,,4,,1,,,,
2c827641-7121-4f91-b9b6-8d643d7a16cc,GPS USPSA November 2025,2025-11-23,1,Bay 4,21dad69d-4fc2-4524-b7ae-0fa8f8a52aa9,John Ren,18,76.95,2,96.47,Carry Optics,B,A168570,MINOR,,115.7674,92.3400,6.0091,17.64,19,,3,2,,,,,
2c827641-7121-4f91-b9b6-8d643d7a16cc,GPS USPSA November 2025,2025-11-23,1,Bay 4,21dad69d-4fc2-4524-b7ae-0fa8f8a52aa9,Ulrick Fong,19,75.04,1,100.00,PCC,B,A170351,MINOR,Senior,120.0000,90.0488,5.8600,18.43,20,,2,2,,,,,
2c827641-7121-4f91-b9b6-8d643d7a16cc,GPS USPSA November 2025,2025-11-23,1,Bay 4,21dad69d-4fc2-4524-b7ae-0fa8f8a52aa9,Gil Yolo,20,74.83,1,100.00,Single Stack,A,L5228,MAJOR,,120.0000,89.7998,5.8438,19.85,20,,4,,,,,,
2c827641-7121-4f91-b9b6-8d643d7a16cc,GPS USPSA November 2025,2025-11-23,1,Bay 4,21dad69d-4fc2-4524-b7ae-0fa8f8a52aa9,Paul Beavers,21,72.84,1,100.00,Limited 10,X,220,MAJOR,,120.0000,87.4042,5.6879,20.57,21,,3,,,,,,
2c827641-7121-4f91-b9b6-8d643d7a16cc,GPS USPSA November 2025,2025-11-23,1,Bay 4,21dad69d-4fc2-4524-b7ae-0fa8f8a52aa9,James Wong,22,72.67,3,91.11,Carry Optics,B,A162844,MINOR,,109.3309,87.2060,5.6750,16.74,18,,5,,1,,,,
2c827641-7121-4f91-b9b6-8d643d7a16cc,GPS USPSA November 2025,2025-11-23,1,Bay 4,21dad69d-4fc2-4524-b7ae-0fa8f8a52aa9,Don Sanders,23,71.18,14,71.18,Limited Optics,B,FY46389,MINOR,Senior,85.4157,85.4157,5.5585,19.07,17,,7,,,,,,
2c827641-7121-4f91-b9b6-8d643d7a16cc,GPS USPSA November 2025,2025-11-23,1,Bay 4,21dad69d-4fc2-4524-b7ae-0fa8f8a52aa9,David Zhang,24,70.64,15,70.64,Limited Optics,A,FY140383,MINOR,,84.7703,84.7703,5.5165,19.94,19,,5,,,,,,
2c827641-7121-4f91-b9b6-8d643d7a16cc,GPS USPSA November 2025,2025-11-23,1,Bay 4,21dad69d-4fc2-4524-b7ae-0fa8f8a52aa9,Carreno Yulmer,25,69.73,16,69.73,Limited Optics,B,A157204,MINOR,,83.6716,83.6716,5.4450,19.10,16,,8,,,,,,
2c827641-7121-4f91-b9b6-8d643d7a16cc,GPS USPSA November 2025,2025-11-23,1,Bay 4,21dad69d-4fc2-4524-b7ae-0fa8f8a52aa9,Yihao Zuo,26,68.52,17,68.52,Limited Optics,C,A165414,MINOR,,82.2241,82.2241,5.3508,19.81,18,,5,1,,,,,
2c827641-7121-4f91-b9b6-8d643d7a16cc,GPS USPSA November 2025,2025-11-23,1,Bay 4,21dad69d-4fc2-4524-b7ae-0fa8f8a52aa9,Jason Wells,27,68.44,2,91.46,Single Stack,A,L5218,MINOR,,109.7532,82.1319,5.3448,17.40,17,,6,,1,,,,
2c827641-7121-4f91-b9b6-8d643d7a16cc,GPS USPSA November 2025,2025-11-23,1,Bay 4,21dad69d-4fc2-4524-b7ae-0fa8f8a52aa9,Harlan Chen,28,68.24,18,68.24,Limited Optics,B,A163292,MINOR,,81.8891,81.8891,5.3290,18.39,14,,9,1,,,,,
2c827641-7121-4f91-b9b6-8d643d7a16cc,GPS USPSA November 2025,2025-11-23,1,Bay 4,21dad69d-4fc2-4524-b7ae-0fa8f8a52aa9,Abrahan Figueroa,29,68.06,19,68.06,Limited Optics,C,TY 54053,MINOR,Senior,81.6739,81.6739,5.3150,20.32,18,,6,,,,,,
2c827641-7121-4f91-b9b6-8d643d7a16cc,GPS USPSA November 2025,2025-11-23,1,Bay 4,21dad69d-4fc2-4524-b7ae-0fa8f8a52aa9,Pocholo Dimayuga,30,67.40,1,100.00,Limited,B,A106236,MAJOR,,120.0000,80.8780,5.2632,19.19,9,,13,2,,,,,
2c827641-7121-4f91-b9b6-8d643d7a16cc,GPS USPSA November 2025,2025-11-23,1,Bay 4,21dad69d-4fc2-4524-b7ae-0fa8f8a52aa9,Andre Wijaya,31,67.14,4,84.18,Carry Optics,B,A172696,MINOR,,101.0101,80.5691,5.2431,20.98,20,,3,1,,,,,
2c827641-7121-4f91-b9b6-8d643d7a16cc,GPS USPSA November 2025,2025-11-23,1,Bay 4,21dad69d-4fc2-4524-b7ae-0fa8f8a52aa9,NeaL NaNDiN,32,66.47,4,76.62,Open,C,Fy71894,MAJOR,,91.9382,79.7623,5.1906,21.77,17,,7,,,,,,
2c827641-7121-4f91-b9b6-8d643d7a16cc,GPS USPSA November 2025,2025-11-23,1,Bay 4,21dad69d-4fc2-4524-b7ae-0fa8f8a52aa9,Raul Lorenzana,33,66.25,5,83.05,Carry Optics,D,A161461,MINOR,,99.6654,79.4965,5.1733,20.49,18,,5,1,,,,,
2c827641-7121-4f91-b9b6-8d643d7a16cc,GPS USPSA November 2025,2025-11-23,1,Bay 4,21dad69d-4fc2-4524-b7ae-0fa8f8a52aa9,Shawn Prosen,34,65.65,6,82.31,Carry Optics,B,A165388,MINOR,,98.7696,78.7819,5.1268,18.14,18,,4,1,1,,,,
2c827641-7121-4f91-b9b6-8d643d7a16cc,GPS USPSA November 2025,2025-11-23,1,Bay 4,21dad69d-4fc2-4524-b7ae-0fa8f8a52aa9,Michael Pontious,35,63.65,20,63.65,Limited Optics,B,A94575,MINOR,Super Senior,76.3817,76.3817,4.9706,22.13,20,,3,1,,,,,
2c827641-7121-4f91-b9b6-8d643d7a16cc,GPS USPSA November 2025,2025-11-23,1,Bay 4,21dad69d-4fc2-4524-b7ae-0fa8f8a52aa9,Jay-R delos-Santos,36,63.30,3,84.59,Single Stack,C,A70297,MAJOR,Senior,101.5024,75.9575,4.9430,23.67,21,,3,,,,,,
2c827641-7121-4f91-b9b6-8d643d7a16cc,GPS USPSA November 2025,2025-11-23,1,Bay 4,21dad69d-4fc2-4524-b7ae-0fa8f8a52aa9,Yanlin Xiang,37,62.89,21,62.89,Limited Optics,B,A164967,MINOR,,75.4673,75.4673,4.9111,23.62,22,,2,,,,,,
2c827641-7121-4f91-b9b6-8d643d7a16cc,GPS USPSA November 2025,2025-11-23,1,Bay 4,21dad69d-4fc2-4524-b7ae-0fa8f8a52aa9,Ross Winningham,38,62.36,5,71.88,Open,U,A159283,MINOR,,86.2560,74.8327,4.8698,20.74,21,,2,,1,,,,
2c827641-7121-4f91-b9b6-8d643d7a16cc,GPS USPSA November 2025,2025-11-23,1,Bay 4,21dad69d-4fc2-4524-b7ae-0fa8f8a52aa9,Gary Wu,39,61.87,22,61.87,Limited Optics,B,L2998,MINOR,Senior,74.2488,74.2488,4.8318,23.18,20,,4,,,,,,
2c827641-7121-4f91-b9b6-8d643d7a16cc,GPS USPSA November 2025,2025-11-23,1,Bay 4,21dad69d-4fc2-4524-b7ae-0fa8f8a52aa9,Roger Feng,40,60.32,7,75.62,Carry Optics,A,A157776,MINOR,,90.7417,72.3786,4.7101,16.56,17,,4,1,2,,,,
2c827641-7121-4f91-b9b6-8d643d7a16cc,GPS USPSA November 2025,2025-11-23,1,Bay 4,21dad69d-4fc2-4524-b7ae-0fa8f8a52aa9,John Brunkhorst,41,59.44,4,79.43,Single Stack,U,L6310,MAJOR,,95.3113,71.3245,4.6415,24.13,18,,5,1,,,,,
2c827641-7121-4f91-b9b6-8d643d7a16cc,GPS USPSA November 2025,2025-11-23,1,Bay 4,21dad69d-4fc2-4524-b7ae-0fa8f8a52aa9,Ignacio Caoagas jr,42,58.23,23,58.23,Limited Optics,U,A170038,MINOR,,69.8785,69.8785,4.5474,22.87,17,,6,1,,,,,
2c827641-7121-4f91-b9b6-8d643d7a16cc,GPS USPSA November 2025,2025-11-23,1,Bay 4,21dad69d-4fc2-4524-b7ae-0fa8f8a52aa9,Taylor Latham,43,57.67,5,77.07,Single Stack,B,TY39841,MINOR,Super Senior,92.4837,69.2085,4.5038,23.98,18,,6,,,,,,
2c827641-7121-4f91-b9b6-8d643d7a16cc,GPS USPSA November 2025,2025-11-23,1,Bay 4,21dad69d-4fc2-4524-b7ae-0fa8f8a52aa9,Steven McNamara,44,54.37,24,54.37,Limited Optics,B,A75212,MINOR,Senior,65.2439,65.2439,4.2458,17.90,20,,2,,2,,,1,
2c827641-7121-4f91-b9b6-8d643d7a16cc,GPS USPSA November 2025,2025-11-23,1,Bay 4,21dad69d-4fc2-4524-b7ae-0fa8f8a52aa9,Khoa Nguyen,45,53.58,6,71.60,Single Stack,A,A117224,MAJOR,Law Enforcement,85.9146,64.2927,4.1839,26.53,15,,9,,,,,,
2c827641-7121-4f91-b9b6-8d643d7a16cc,GPS USPSA November 2025,2025-11-23,1,Bay 4,21dad69d-4fc2-4524-b7ae-0fa8f8a52aa9,Jeannie Marrone,46,52.83,6,60.90,Open,C,TY133357,MAJOR,Lady; Super Senior,73.0798,63.4014,4.1259,28.60,22,,2,,,,,,
2c827641-7121-4f91-b9b6-8d643d7a16cc,GPS USPSA November 2025,2025-11-23,1,Bay 4,21dad69d-4fc2-4524-b7ae-0fa8f8a52aa9,Gabriel Nguyen,47,52.59,8,65.94,Carry Optics,B,A163845,MINOR,,79.1228,63.1110,4.1070,16.07,16,,5,1,2,,,1,
2c827641-7121-4f91-b9b6-8d643d7a16cc,GPS USPSA November 2025,2025-11-23,1,Bay 4,21dad69d-4fc2-4524-b7ae-0fa8f8a52aa9,Matthew Gonzalez,48,50.38,9,63.16,Carry Optics,B,A119810,MINOR,,75.7899,60.4525,3.9340,23.64,18,,4,1,1,,,,
2c827641-7121-4f91-b9b6-8d643d7a16cc,GPS USPSA November 2025,2025-11-23,1,Bay 4,21dad69d-4fc2-4524-b7ae-0fa8f8a52aa9,Markho Babasoro,49,50.10,25,50.10,Limited Optics,U,A174757,MINOR,,60.1222,60.1222,3.9125,23.77,18,,4,1,1,,,,
2c827641-7121-4f91-b9b6-8d643d7a16cc,GPS USPSA November 2025,2025-11-23,1,Bay 4,21dad69d-4fc2-4524-b7ae-0fa8f8a52aa9,FRANCIS NGUYEN,50,49.89,26,49.89,Limited Optics,U,A169979,MINOR,,59.8702,59.8702,3.8961,18.48,14,,7,1,2,,,,
2c827641-7121-4f91-b9b6-8d643d7a16cc,GPS USPSA November 2025,2025-11-23,1,Bay 4,21dad69d-4fc2-4524-b7ae-0fa8f8a52aa9,Cliff Pinsent,51,48.74,10,61.10,Carry Optics,B,FY99321,MINOR,Distinguished Senior,73.3258,58.4871,3.8061,27.85,17,,7,,,,,,
2c827641-7121-4f91-b9b6-8d643d7a16cc,GPS USPSA November 2025,2025-11-23,1,Bay 4,21dad69d-4fc2-4524-b7ae-0fa8f8a52aa9,Tommy Teas,52,48.71,7,65.09,Single Stack,B,FY2227,MAJOR,Senior,78.1136,58.4549,3.8040,27.34,12,,10,2,,,,,
2c827641-7121-4f91-b9b6-8d643d7a16cc,GPS USPSA November 2025,2025-11-23,1,Bay 4,21dad69d-4fc2-4524-b7ae-0fa8f8a52aa9,Carlos Escandon,53,48.20,8,64.41,Single Stack,A,L2590,MAJOR,Super Senior,77.2922,57.8402,3.7640,29.49,17,,6,1,,,,,
2c827641-7121-4f91-b9b6-8d643d7a16cc,GPS USPSA November 2025,2025-11-23,1,Bay 4,21dad69d-4fc2-4524-b7ae-0fa8f8a52aa9,Jose Lopez,54,48.13,11,60.34,Carry Optics,U,A173303,MINOR,,72.4127,57.7588,3.7587,30.33,21,,3,,,,,,
2c827641-7121-4f91-b9b6-8d643d7a16cc,GPS USPSA November 2025,2025-11-23,1,Bay 4,21dad69d-4fc2-4524-b7ae-0fa8f8a52aa9,Garrick Gonzalez,55,47.24,27,47.24,Limited Optics,C,A119804,MINOR,,56.6892,56.6892,3.6891,22.77,19,,3,,2,,,,
2c827641-7121-4f91-b9b6-8d643d7a16cc,GPS USPSA November 2025,2025-11-23,1,Bay 4,21dad69d-4fc2-4524-b7ae-0fa8f8a52aa9,Ivan Velazquez,56,46.52,1,100.00,Production,B,A108486,MINOR,,120.0000,55.8241,3.6328,20.37,17,,2,3,2,,,,
2c827641-7121-4f91-b9b6-8d643d7a16cc,GPS USPSA November 2025,2025-11-23,1,Bay 4,21dad69d-4fc2-4524-b7ae-0fa8f8a52aa9,Mark Guzman,57,45.67,12,57.26,Carry Optics,C,A158822,MINOR,Senior,68.7099,54.8053,3.5665,29.16,16,,8,,,,,,
2c827641-7121-4f91-b9b6-8d643d7a16cc,GPS USPSA November 2025,2025-11-23,1,Bay 4,21dad69d-4fc2-4524-b7ae-0fa8f8a52aa9,Pat Byrne,58,44.57,9,59.56,Single Stack,B,ty93921,MINOR,Distinguished Senior,71.4686,53.4822,3.4804,29.02,21,,2,,1,,,,
2c827641-7121-4f91-b9b6-8d643d7a16cc,GPS USPSA November 2025,2025-11-23,1,Bay 4,21dad69d-4fc2-4524-b7ae-0fa8f8a52aa9,Doug Joder,59,44.46,2,59.24,PCC,B,TY115020,MINOR,,71.0908,53.3470,3.4716,23.62,18,,4,,2,,,,
2c827641-7121-4f91-b9b6-8d643d7a16cc,GPS USPSA November 2025,2025-11-23,1,Bay 4,21dad69d-4fc2-4524-b7ae-0fa8f8a52aa9,Orion Darley,60,43.00,28,43.00,Limited Optics,U,A174939,MINOR,,51.6013,51.6013,3.3580,35.14,23,,1,,,,,,
2c827641-7121-4f91-b9b6-8d643d7a16cc,GPS USPSA November 2025,2025-11-23,1,Bay 4,21dad69d-4fc2-4524-b7ae-0fa8f8a52aa9,Eric Wu,61,42.85,29,42.85,Limited Optics,B,FY104740,MINOR,,51.4200,51.4200,3.3462,23.31,17,,4,1,2,,,,
2c827641-7121-4f91-b9b6-8d643d7a16cc,GPS USPSA November 2025,2025-11-23,1,Bay 4,21dad69d-4fc2-4524-b7ae-0fa8f8a52aa9,Dale Hamm,62,41.26,10,55.14,Single Stack,C,TY97196,MAJOR,Super Senior,66.1665,49.5145,3.2222,35.38,18,,6,,,,,,
2c827641-7121-4f91-b9b6-8d643d7a16cc,GPS USPSA November 2025,2025-11-23,1,Bay 4,21dad69d-4fc2-4524-b7ae-0fa8f8a52aa9,Travis Swingle,63,40.43,13,50.69,Carry Optics,U,A174147,MINOR,,60.8303,48.5203,3.1575,28.82,16,,7,,1,,,,
2c827641-7121-4f91-b9b6-8d643d7a16cc,GPS USPSA November 2025,2025-11-23,1,Bay 4,21dad69d-4fc2-4524-b7ae-0fa8f8a52aa9,Stormtrooper Qian,64,39.94,30,39.94,Limited Optics,B,A150939,MINOR,,47.9226,47.9226,3.1186,19.56,14,,7,,3,,,,
2c827641-7121-4f91-b9b6-8d643d7a16cc,GPS USPSA November 2025,2025-11-23,1,Bay 4,21dad69d-4fc2-4524-b7ae-0fa8f8a52aa9,Coder Wang,65,39.20,3,52.24,PCC,B,A170259,MINOR,,62.6867,47.0405,3.0612,27.44,9,,12,3,,,,,
2c827641-7121-4f91-b9b6-8d643d7a16cc,GPS USPSA November 2025,2025-11-23,1,Bay 4,21dad69d-4fc2-4524-b7ae-0fa8f8a52aa9,Luke Kwan,66,37.97,7,43.77,Open,C,A152338,MINOR,,52.5245,45.5684,2.9654,24.28,18,,4,,2,,,1,
2c827641-7121-4f91-b9b6-8d643d7a16cc,GPS USPSA November 2025,2025-11-23,1,Bay 4,21dad69d-4fc2-4524-b7ae-0fa8f8a52aa9,Alexandria Farrar,67,37.68,14,47.23,Carry Optics,U,A165859,MINOR,Lady; Law Enforcement; Military,56.6806,45.2103,2.9421,31.61,17,,6,,1,,,,
2c827641-7121-4f91-b9b6-8d643d7a16cc,GPS USPSA November 2025,2025-11-23,1,Bay 4,21dad69d-4fc2-4524-b7ae-0fa8f8a52aa9,Rudy Widiaman,68,37.65,31,37.65,Limited Optics,C,A55535,MINOR,,45.1750,45.1750,2.9398,21.43,15,,6,,3,,,,
2c827641-7121-4f91-b9b6-8d643d7a16cc,GPS USPSA November 2025,2025-11-23,1,Bay 4,21dad69d-4fc2-4524-b7ae-0fa8f8a52aa9,Kevin Baker,69,37.05,32,37.05,Limited Optics,C,,MINOR,,44.4604,44.4604,2.8933,27.65,18,,3,1,2,,,,
2c827641-7121-4f91-b9b6-8d643d7a16cc,GPS USPSA November 2025,2025-11-23,1,Bay 4,21dad69d-4fc2-4524-b7ae-0fa8f8a52aa9,"Ross ""Riff Raff"" Pimentel",70,36.54,33,36.54,Limited Optics,C,A157753,MINOR,Senior,43.8519,43.8519,2.8537,32.94,13,,9,2,,,,,
2c827641-7121-4f91-b9b6-8d643d7a16cc,GPS USPSA November 2025,2025-11-23,1,Bay 4,21dad69d-4fc2-4524-b7ae-0fa8f8a52aa9,Dan Schreiber,71,36.11,11,48.25,Single Stack,U,A147899,MAJOR,Super Senior,57.9014,43.3294,2.8197,40.43,20,,3,1,,,,,
2c827641-7121-4f91-b9b6-8d643d7a16cc,GPS USPSA November 2025,2025-11-23,1,Bay 4,21dad69d-4fc2-4524-b7ae-0fa8f8a52aa9,Sonny Somera,72,33.76,34,33.76,Limited Optics,D,A118611,MINOR,,40.5127,40.5127,2.6364,37.93,15,,8,1,,,,,
2c827641-7121-4f91-b9b6-8d643d7a16cc,GPS USPSA November 2025,2025-11-23,1,Bay 4,21dad69d-4fc2-4524-b7ae-0fa8f8a52aa9,Rick Russek,73,31.89,35,31.89,Limited Optics,D,A166874,MINOR,Senior,38.2631,38.2631,2.4900,34.94,15,,7,1,1,,,,
2c827641-7121-4f91-b9b6-8d643d7a16cc,GPS USPSA November 2025,2025-11-23,1,Bay 4,21dad69d-4fc2-4524-b7ae-0fa8f8a52aa9,Ryan Winningham,74,29.48,36,29.48,Limited Optics,U,NA,MINOR,,35.3757,35.3757,2.3021,28.67,15,,7,,2,,1,,
2c827641-7121-4f91-b9b6-8d643d7a16cc,GPS USPSA November 2025,2025-11-23,1,Bay 4,21dad69d-4fc2-4524-b7ae-0fa8f8a52aa9,Garth Plyler,75,27.39,2,58.89,Production,U,A174944,MINOR,,70.6628,32.8724,2.1392,38.80,17,,6,,1,,1,,
2c827641-7121-4f91-b9b6-8d643d7a16cc,GPS USPSA November 2025,2025-11-23,1,Bay 4,21dad69d-4fc2-4524-b7ae-0fa8f8a52aa9,Christian Morales,76,27.20,37,27.20,Limited Optics,U,A57907,MINOR,Senior,32.6342,32.6342,2.1237,32.02,13,,7,2,2,,,,
2c827641-7121-4f91-b9b6-8d643d7a16cc,GPS USPSA November 2025,2025-11-23,1,Bay 4,21dad69d-4fc2-4524-b7ae-0fa8f8a52aa9,ian loyd,77,9.06,15,11.35,Carry Optics,U,A148072,MINOR,,13.6245,10.8673,0.7072,38.18,15,,4,,5,,1,,
2c827641-7121-4f91-b9b6-8d643d7a16cc,GPS USPSA November 2025,2025-11-23,1,Bay 4,21dad69d-4fc2-4524-b7ae-0fa8f8a52aa9,Charles Davis,78,0.00,38,0.00,Limited Optics,C,TY73740,MINOR,Super Senior,0.0000,0.0000,,,,,,,,,,,
2c827641-7121-4f91-b9b6-8d643d7a16cc,GPS USPSA November 2025,2025-11-23,1,Bay 4,21dad69d-4fc2-4524-b7ae-0fa8f8a52aa9,Eric Mccampbell,79,0.00,12,0.00,Single Stack,C,A14332,MAJOR,Senior,0.0000,0.0000,,,,,,,,,,,
2c827641-7121-4f91-b9b6-8d643d7a16cc,GPS USPSA November 2025,2025-11-23,1,Bay 4,21dad69d-4fc2-4524-b7ae-0fa8f8a52aa9,Ahmed Hamouda,80,0.00,8,0.00,Open,U,N/A,MINOR,,0.0000,0.0000,0.0000,5.11,6,,2,,16,,,12,
2c827641-7121-4f91-b9b6-8d643d7a16cc,GPS USPSA November 2025,2025-11-23,2,Bay 5,c9452dcb-c296-4fcd-86bf-57d93348fb9f,Michael Hanover,1,100.00,1,100.00,Limited Optics,M,TY146302,MINOR,,120.0000,120.0000,8.5496,13.10,20,,4,,,,,,
2c827641-7121-4f91-b9b6-8d643d7a16cc,GPS USPSA November 2025,2025-11-23,2,Bay 5,c9452dcb-c296-4fcd-86bf-57d93348fb9f,Anthony Fong,2,99.09,2,99.09,Limited Optics,M,A142224,MINOR,,118.9108,118.9108,8.4720,13.22,20,,4,,,,,,
2c827641-7121-4f91-b9b6-8d643d7a16cc,GPS USPSA November 2025,2025-11-23,2,Bay 5,c9452dcb-c296-4fcd-86bf-57d93348fb9f,Will Goglas,3,98.81,1,100.00,Open,B,A154790,MAJOR,,120.0000,118.5698,8.4477,13.85,21,,3,,,,,,
2c827641-7121-4f91-b9b6-8d643d7a16cc,GPS USPSA November 2025,2025-11-23,2,Bay 5,c9452dcb-c296-4fcd-86bf-57d93348fb9f,Adam Bandiera,4,92.93,3,92.93,Limited Optics,A,A148375,MINOR,,111.5168,111.5168,7.9452,14.60,22,,2,,,,,,
2c827641-7121-4f91-b9b6-8d643d7a16cc,GPS USPSA November 2025,2025-11-23,2,Bay 5,c9452dcb-c296-4fcd-86bf-57d93348fb9f,Kevin Bunurai,5,92.65,4,92.65,Limited Optics,U,TY105111,MINOR,,111.1743,111.1743,7.9208,15.15,24,,,,,,,,
2c827641-7121-4f91-b9b6-8d643d7a16cc,GPS USPSA November 2025,2025-11-23,2,Bay 5,c9452dcb-c296-4fcd-86bf-57d93348fb9f,Colin Kerrigan,6,91.70,1,100.00,Carry Optics,M,A142731,MINOR,,120.0000,110.0459,7.8404,14.54,21,,3,,,,,,
2c827641-7121-4f91-b9b6-8d643d7a16cc,GPS USPSA November 2025,2025-11-23,2,Bay 5,c9452dcb-c296-4fcd-86bf-57d93348fb9f,Jacob Tullis,7,88.75,5,88.75,Limited Optics,M,A140523,MINOR,,106.5046,106.5046,7.5881,14.76,20,,4,,,,,,
2c827641-7121-4f91-b9b6-8d643d7a16cc,GPS USPSA November 2025,2025-11-23,2,Bay 5,c9452dcb-c296-4fcd-86bf-57d93348fb9f,Zachary Ralston,8,85.97,6,85.97,Limited Optics,A,A123081,MINOR,,103.1641,103.1641,7.3501,15.51,21,,3,,,,,,
2c827641-7121-4f91-b9b6-8d643d7a16cc,GPS USPSA November 2025,2025-11-23,2,Bay 5,c9452dcb-c296-4fcd-86bf-57d93348fb9f,Ryan Jaw,9,84.37,7,84.37,Limited Optics,U,Ty142907,MINOR,,101.2412,101.2412,7.2131,15.25,19,,5,,,,,,
2c827641-7121-4f91-b9b6-8d643d7a16cc,GPS USPSA November 2025,2025-11-23,2,Bay 5,c9452dcb-c296-4fcd-86bf-57d93348fb9f,Zvi Davidoff,10,84.02,2,85.03,Open,X,0,MAJOR,,102.0420,100.8258,7.1835,14.06,19,,4,,1,,,,
2c827641-7121-4f91-b9b6-8d643d7a16cc,GPS USPSA November 2025,2025-11-23,2,Bay 5,c9452dcb-c296-4fcd-86bf-57d93348fb9f,FRANCIS NGUYEN,11,83.38,8,83.38,Limited Optics,U,A169979,MINOR,,100.0608,100.0608,7.1290,15.43,20,,3,1,,,,,
2c827641-7121-4f91-b9b6-8d643d7a16cc,GPS USPSA November 2025,2025-11-23,2,Bay 5,c9452dcb-c296-4fcd-86bf-57d93348fb9f,Adriel Taylor,12,83.19,9,83.19,Limited Optics,C,A104321,MINOR,,99.8320,99.8320,7.1127,16.59,23,,1,,,,,,
2c827641-7121-4f91-b9b6-8d643d7a16cc,GPS USPSA November 2025,2025-11-23,2,Bay 5,c9452dcb-c296-4fcd-86bf-57d93348fb9f,Vinh Lam,13,82.04,10,82.04,Limited Optics,M,Ty101025,MINOR,,98.4425,98.4425,7.0137,13.83,19,,4,,1,,,,
2c827641-7121-4f91-b9b6-8d643d7a16cc,GPS USPSA November 2025,2025-11-23,2,Bay 5,c9452dcb-c296-4fcd-86bf-57d93348fb9f,James Wong,14,80.61,2,87.90,Carry Optics,B,A162844,MINOR,,105.4859,96.7358,6.8921,15.38,17,,7,,,,,,
2c827641-7121-4f91-b9b6-8d643d7a16cc,GPS USPSA November 2025,2025-11-23,2,Bay 5,c9452dcb-c296-4fcd-86bf-57d93348fb9f,Jon Baguio,15,78.95,3,79.90,Open,C,X,MAJOR,,95.8784,94.7357,6.7496,16.89,18,,6,,,,,,
2c827641-7121-4f91-b9b6-8d643d7a16cc,GPS USPSA November 2025,2025-11-23,2,Bay 5,c9452dcb-c296-4fcd-86bf-57d93348fb9f,David Zhang,16,77.98,11,77.98,Limited Optics,A,FY140383,MINOR,,93.5721,93.5721,6.6667,17.10,21,,3,,,,,,
2c827641-7121-4f91-b9b6-8d643d7a16cc,GPS USPSA November 2025,2025-11-23,2,Bay 5,c9452dcb-c296-4fcd-86bf-57d93348fb9f,Roger Feng,17,76.37,3,83.28,Carry Optics,A,A157776,MINOR,,99.9378,91.6478,6.5296,16.54,18,,6,,,,,,
2c827641-7121-4f91-b9b6-8d643d7a16cc,GPS USPSA November 2025,2025-11-23,2,Bay 5,c9452dcb-c296-4fcd-86bf-57d93348fb9f,Paul Felker,18,75.91,12,75.91,Limited Optics,A,Ty107123,MINOR,,91.0906,91.0906,6.4899,14.33,17,,6,,1,,,,
2c827641-7121-4f91-b9b6-8d643d7a16cc,GPS USPSA November 2025,2025-11-23,2,Bay 5,c9452dcb-c296-4fcd-86bf-57d93348fb9f,Stormtrooper Qian,19,75.86,13,75.86,Limited Optics,B,A150939,MINOR,,91.0330,91.0330,6.4858,16.96,19,,5,,,,,,
2c827641-7121-4f91-b9b6-8d643d7a16cc,GPS USPSA November 2025,2025-11-23,2,Bay 5,c9452dcb-c296-4fcd-86bf-57d93348fb9f,Yanlin Xiang,20,75.75,14,75.75,Limited Optics,B,A164967,MINOR,,90.9011,90.9011,6.4764,18.22,23,,1,,,,,,
2c827641-7121-4f91-b9b6-8d643d7a16cc,GPS USPSA November 2025,2025-11-23,2,Bay 5,c9452dcb-c296-4fcd-86bf-57d93348fb9f,Gil Yolo,21,75.66,1,100.00,Single Stack,A,L5228,MAJOR,,120.0000,90.7902,6.4685,17.16,17,,6,1,,,,,
2c827641-7121-4f91-b9b6-8d643d7a16cc,GPS USPSA November 2025,2025-11-23,2,Bay 5,c9452dcb-c296-4fcd-86bf-57d93348fb9f,Gabriel Nguyen,22,75.31,4,82.12,Carry Optics,B,A163845,MINOR,,98.5496,90.3748,6.4389,15.22,15,,7,2,,,,,
2c827641-7121-4f91-b9b6-8d643d7a16cc,GPS USPSA November 2025,2025-11-23,2,Bay 5,c9452dcb-c296-4fcd-86bf-57d93348fb9f,Heath Helgeson,23,75.14,15,75.14,Limited Optics,A,A149129,MINOR,,90.1628,90.1628,6.4238,15.10,19,,4,,1,,,,
2c827641-7121-4f91-b9b6-8d643d7a16cc,GPS USPSA November 2025,2025-11-23,2,Bay 5,c9452dcb-c296-4fcd-86bf-57d93348fb9f,Ross Winningham,24,75.13,4,76.03,Open,U,A159283,MINOR,,91.2419,90.1544,6.4232,15.88,15,,9,,,,,,
2c827641-7121-4f91-b9b6-8d643d7a16cc,GPS USPSA November 2025,2025-11-23,2,Bay 5,c9452dcb-c296-4fcd-86bf-57d93348fb9f,NeaL NaNDiN,25,73.46,5,74.34,Open,C,Fy71894,MAJOR,,89.2106,88.1473,6.2802,18.63,21,,3,,,,,,
2c827641-7121-4f91-b9b6-8d643d7a16cc,GPS USPSA November 2025,2025-11-23,2,Bay 5,c9452dcb-c296-4fcd-86bf-57d93348fb9f,Rudy Widiaman,26,73.14,16,73.14,Limited Optics,C,A55535,MINOR,,87.7725,87.7725,6.2535,17.91,20,,4,,,,,,
2c827641-7121-4f91-b9b6-8d643d7a16cc,GPS USPSA November 2025,2025-11-23,2,Bay 5,c9452dcb-c296-4fcd-86bf-57d93348fb9f,Michael Pontious,27,72.92,17,72.92,Limited Optics,B,A94575,MINOR,Super Senior,87.5087,87.5087,6.2347,16.36,15,,9,,,,,,
2c827641-7121-4f91-b9b6-8d643d7a16cc,GPS USPSA November 2025,2025-11-23,2,Bay 5,c9452dcb-c296-4fcd-86bf-57d93348fb9f,Shawn Prosen,28,72.27,5,78.80,Carry Optics,B,A165388,MINOR,,94.5641,86.7198,6.1785,17.48,18,,6,,,,,,
2c827641-7121-4f91-b9b6-8d643d7a16cc,GPS USPSA November 2025,2025-11-23,2,Bay 5,c9452dcb-c296-4fcd-86bf-57d93348fb9f,Carreno Yulmer,29,72.10,18,72.10,Limited Optics,B,A157204,MINOR,,86.5163,86.5163,6.1640,18.17,20,,4,,,,,,
2c827641-7121-4f91-b9b6-8d643d7a16cc,GPS USPSA November 2025,2025-11-23,2,Bay 5,c9452dcb-c296-4fcd-86bf-57d93348fb9f,Paul Beavers,30,71.66,1,100.00,Limited 10,X,220,MAJOR,,120.0000,85.9956,6.1269,18.28,16,,8,,,,,,
2c827641-7121-4f91-b9b6-8d643d7a16cc,GPS USPSA November 2025,2025-11-23,2,Bay 5,c9452dcb-c296-4fcd-86bf-57d93348fb9f,Yihao Zuo,31,71.20,19,71.20,Limited Optics,C,A165414,MINOR,,85.4356,85.4356,6.0870,18.40,21,,2,1,,,,,
2c827641-7121-4f91-b9b6-8d643d7a16cc,GPS USPSA November 2025,2025-11-23,2,Bay 5,c9452dcb-c296-4fcd-86bf-57d93348fb9f,Wade Pruetz,32,70.12,20,70.12,Limited Optics,U,TY79055,MINOR,Senior,84.1485,84.1485,5.9953,17.18,22,,1,,1,,,,
2c827641-7121-4f91-b9b6-8d643d7a16cc,GPS USPSA November 2025,2025-11-23,2,Bay 5,c9452dcb-c296-4fcd-86bf-57d93348fb9f,Khoa Nguyen,33,68.84,2,90.99,Single Stack,A,A117224,MAJOR,Law Enforcement,109.1827,82.6060,5.8854,19.20,17,,7,,,,,,
2c827641-7121-4f91-b9b6-8d643d7a16cc,GPS USPSA November 2025,2025-11-23,2,Bay 5,c9452dcb-c296-4fcd-86bf-57d93348fb9f,John Ren,34,67.82,6,73.96,Carry Optics,B,A168570,MINOR,,88.7496,81.3877,5.7986,19.66,21,,3,,,,,,
2c827641-7121-4f91-b9b6-8d643d7a16cc,GPS USPSA November 2025,2025-11-23,2,Bay 5,c9452dcb-c296-4fcd-86bf-57d93348fb9f,Doug Joder,35,65.32,1,100.00,PCC,B,TY115020,MINOR,,120.0000,78.3868,5.5848,18.98,18,,5,1,,,,,
2c827641-7121-4f91-b9b6-8d643d7a16cc,GPS USPSA November 2025,2025-11-23,2,Bay 5,c9452dcb-c296-4fcd-86bf-57d93348fb9f,Ivan Velazquez,36,64.76,1,100.00,Production,B,A108486,MINOR,,120.0000,77.7061,5.5363,20.23,20,,4,,,,,,
2c827641-7121-4f91-b9b6-8d643d7a16cc,GPS USPSA November 2025,2025-11-23,2,Bay 5,c9452dcb-c296-4fcd-86bf-57d93348fb9f,Pat Byrne,37,64.43,3,85.15,Single Stack,B,ty93921,MINOR,Distinguished Senior,102.1832,77.3103,5.5081,21.06,22,,2,,,,,,
2c827641-7121-4f91-b9b6-8d643d7a16cc,GPS USPSA November 2025,2025-11-23,2,Bay 5,c9452dcb-c296-4fcd-86bf-57d93348fb9f,Gary Wu,38,64.06,21,64.06,Limited Optics,B,L2998,MINOR,Senior,76.8752,76.8752,5.4771,17.71,19,,4,,1,,,,
2c827641-7121-4f91-b9b6-8d643d7a16cc,GPS USPSA November 2025,2025-11-23,2,Bay 5,c9452dcb-c296-4fcd-86bf-57d93348fb9f,"Ross ""Riff Raff"" Pimentel",39,63.00,22,63.00,Limited Optics,C,A157753,MINOR,Senior,75.5993,75.5993,5.3862,19.68,18,,5,1,,,,,
2c827641-7121-4f91-b9b6-8d643d7a16cc,GPS USPSA November 2025,2025-11-23,2,Bay 5,c9452dcb-c296-4fcd-86bf-57d93348fb9f,Pocholo Dimayuga,40,61.86,1,100.00,Limited,B,A106236,MAJOR,,120.0000,74.2308,5.2887,18.53,16,,7,,1,,,,
2c827641-7121-4f91-b9b6-8d643d7a16cc,GPS USPSA November 2025,2025-11-23,2,Bay 5,c9452dcb-c296-4fcd-86bf-57d93348fb9f,Steven McNamara,41,61.13,23,61.13,Limited Optics,B,A75212,MINOR,Senior,73.3522,73.3522,5.2261,19.90,17,,6,1,,,,,
2c827641-7121-4f91-b9b6-8d643d7a16cc,GPS USPSA November 2025,2025-11-23,2,Bay 5,c9452dcb-c296-4fcd-86bf-57d93348fb9f,Coder Wang,42,60.13,2,92.06,PCC,B,A170259,MINOR,,110.4663,72.1592,5.1411,19.84,16,,7,1,,,,,
2c827641-7121-4f91-b9b6-8d643d7a16cc,GPS USPSA November 2025,2025-11-23,2,Bay 5,c9452dcb-c296-4fcd-86bf-57d93348fb9f,Jay-R delos-Santos,43,59.73,4,78.95,Single Stack,C,A70297,MAJOR,Senior,94.7348,71.6749,5.1066,22.52,21,,2,1,,,,,
2c827641-7121-4f91-b9b6-8d643d7a16cc,GPS USPSA November 2025,2025-11-23,2,Bay 5,c9452dcb-c296-4fcd-86bf-57d93348fb9f,John Brunkhorst,44,59.61,5,78.79,Single Stack,U,L6310,MAJOR,,94.5511,71.5360,5.0967,21.19,16,,6,2,,,,,
2c827641-7121-4f91-b9b6-8d643d7a16cc,GPS USPSA November 2025,2025-11-23,2,Bay 5,c9452dcb-c296-4fcd-86bf-57d93348fb9f,Markho Babasoro,45,58.27,24,58.27,Limited Optics,U,A174757,MINOR,,69.9247,69.9247,4.9819,22.08,19,,5,,,,,,
2c827641-7121-4f91-b9b6-8d643d7a16cc,GPS USPSA November 2025,2025-11-23,2,Bay 5,c9452dcb-c296-4fcd-86bf-57d93348fb9f,Ignacio Caoagas jr,46,58.06,25,58.06,Limited Optics,U,A170038,MINOR,,69.6706,69.6706,4.9638,19.34,15,,6,3,,,,,
2c827641-7121-4f91-b9b6-8d643d7a16cc,GPS USPSA November 2025,2025-11-23,2,Bay 5,c9452dcb-c296-4fcd-86bf-57d93348fb9f,Cliff Pinsent,47,57.24,7,62.42,Carry Optics,B,FY99321,MINOR,Distinguished Senior,74.9013,68.6881,4.8938,21.66,18,,5,1,,,,,
2c827641-7121-4f91-b9b6-8d643d7a16cc,GPS USPSA November 2025,2025-11-23,2,Bay 5,c9452dcb-c296-4fcd-86bf-57d93348fb9f,Matthew Gonzalez,48,57.01,8,62.17,Carry Optics,B,A119810,MINOR,,74.6013,68.4130,4.8742,19.08,17,,6,,1,,,,
2c827641-7121-4f91-b9b6-8d643d7a16cc,GPS USPSA November 2025,2025-11-23,2,Bay 5,c9452dcb-c296-4fcd-86bf-57d93348fb9f,Jose Lopez,49,55.18,9,60.17,Carry Optics,U,A173303,MINOR,,72.2075,66.2178,4.7178,23.74,20,,4,,,,,,
2c827641-7121-4f91-b9b6-8d643d7a16cc,GPS USPSA November 2025,2025-11-23,2,Bay 5,c9452dcb-c296-4fcd-86bf-57d93348fb9f,Garrick Gonzalez,50,54.62,26,54.62,Limited Optics,C,A119804,MINOR,,65.5427,65.5427,4.6697,17.56,19,,2,1,2,,,,
2c827641-7121-4f91-b9b6-8d643d7a16cc,GPS USPSA November 2025,2025-11-23,2,Bay 5,c9452dcb-c296-4fcd-86bf-57d93348fb9f,Alexandria Farrar,51,54.27,10,59.18,Carry Optics,U,A165859,MINOR,Lady; Law Enforcement; Military,71.0168,65.1259,4.6400,25.00,22,,2,,,,,,
2c827641-7121-4f91-b9b6-8d643d7a16cc,GPS USPSA November 2025,2025-11-23,2,Bay 5,c9452dcb-c296-4fcd-86bf-57d93348fb9f,Ulrick Fong,52,52.94,3,81.04,PCC,B,A170351,MINOR,Senior,97.2497,63.5258,4.5260,16.35,19,,3,,2,,,1,
2c827641-7121-4f91-b9b6-8d643d7a16cc,GPS USPSA November 2025,2025-11-23,2,Bay 5,c9452dcb-c296-4fcd-86bf-57d93348fb9f,Jeannie Marrone,53,51.12,6,51.73,Open,C,TY133357,MAJOR,Lady; Super Senior,62.0818,61.3418,4.3704,27.00,22,,2,,,,,,
2c827641-7121-4f91-b9b6-8d643d7a16cc,GPS USPSA November 2025,2025-11-23,2,Bay 5,c9452dcb-c296-4fcd-86bf-57d93348fb9f,Kevin Baker,54,50.93,27,50.93,Limited Optics,C,,MINOR,,61.1201,61.1201,4.3546,25.72,20,,4,,,,,,
2c827641-7121-4f91-b9b6-8d643d7a16cc,GPS USPSA November 2025,2025-11-23,2,Bay 5,c9452dcb-c296-4fcd-86bf-57d93348fb9f,Abrahan Figueroa,55,50.68,28,50.68,Limited Optics,C,TY 54053,MINOR,Senior,60.8197,60.8197,4.3332,20.77,10,,13,1,,,,,
2c827641-7121-4f91-b9b6-8d643d7a16cc,GPS USPSA November 2025,2025-11-23,2,Bay 5,c9452dcb-c296-4fcd-86bf-57d93348fb9f,Eric Wu,56,50.53,29,50.53,Limited Optics,B,FY104740,MINOR,,60.6316,60.6316,4.3198,20.14,14,,9,,1,,,,
2c827641-7121-4f91-b9b6-8d643d7a16cc,GPS USPSA November 2025,2025-11-23,2,Bay 5,c9452dcb-c296-4fcd-86bf-57d93348fb9f,Don Sanders,57,49.93,30,49.93,Limited Optics,B,FY46389,MINOR,Senior,59.9172,59.9172,4.2689,20.38,15,,7,1,1,,,,
2c827641-7121-4f91-b9b6-8d643d7a16cc,GPS USPSA November 2025,2025-11-23,2,Bay 5,c9452dcb-c296-4fcd-86bf-57d93348fb9f,Ryan Winningham,58,49.61,31,49.61,Limited Optics,U,NA,MINOR,,59.5270,59.5270,4.2411,26.88,21,,3,,,,,,
2c827641-7121-4f91-b9b6-8d643d7a16cc,GPS USPSA November 2025,2025-11-23,2,Bay 5,c9452dcb-c296-4fcd-86bf-57d93348fb9f,Carlos Escandon,59,48.18,6,63.68,Single Stack,A,L2590,MAJOR,Super Senior,76.4171,57.8160,4.1192,22.82,14,,8,1,1,,,,
2c827641-7121-4f91-b9b6-8d643d7a16cc,GPS USPSA November 2025,2025-11-23,2,Bay 5,c9452dcb-c296-4fcd-86bf-57d93348fb9f,Jason Wells,60,47.69,7,63.03,Single Stack,A,L5218,MINOR,,75.6379,57.2265,4.0772,27.47,21,,2,1,,,,,
2c827641-7121-4f91-b9b6-8d643d7a16cc,GPS USPSA November 2025,2025-11-23,2,Bay 5,c9452dcb-c296-4fcd-86bf-57d93348fb9f,Harlan Chen,61,47.17,32,47.17,Limited Optics,B,A163292,MINOR,,56.6062,56.6062,4.0330,23.06,17,,6,,1,,,,
2c827641-7121-4f91-b9b6-8d643d7a16cc,GPS USPSA November 2025,2025-11-23,2,Bay 5,c9452dcb-c296-4fcd-86bf-57d93348fb9f,Andre Wijaya,62,46.50,11,50.71,Carry Optics,B,A172696,MINOR,,60.8494,55.8019,3.9757,18.11,18,,4,,2,,1,,
2c827641-7121-4f91-b9b6-8d643d7a16cc,GPS USPSA November 2025,2025-11-23,2,Bay 5,c9452dcb-c296-4fcd-86bf-57d93348fb9f,Travis Swingle,63,45.87,12,50.02,Carry Optics,U,A174147,MINOR,,60.0214,55.0426,3.9216,22.95,14,,10,,,,1,,
2c827641-7121-4f91-b9b6-8d643d7a16cc,GPS USPSA November 2025,2025-11-23,2,Bay 5,c9452dcb-c296-4fcd-86bf-57d93348fb9f,Dale Hamm,64,45.78,8,60.51,Single Stack,C,TY97196,MAJOR,Super Senior,72.6103,54.9359,3.9140,28.36,15,,9,,,,,,
2c827641-7121-4f91-b9b6-8d643d7a16cc,GPS USPSA November 2025,2025-11-23,2,Bay 5,c9452dcb-c296-4fcd-86bf-57d93348fb9f,Taylor Latham,65,44.46,9,58.76,Single Stack,B,TY39841,MINOR,Super Senior,70.5103,53.3471,3.8008,22.89,15,,7,1,1,,,,
2c827641-7121-4f91-b9b6-8d643d7a16cc,GPS USPSA November 2025,2025-11-23,2,Bay 5,c9452dcb-c296-4fcd-86bf-57d93348fb9f,Roman Gwiscz,66,44.27,33,44.27,Limited Optics,B,L4670,MINOR,,53.1211,53.1211,3.7847,30.65,22,,2,,,,,,
2c827641-7121-4f91-b9b6-8d643d7a16cc,GPS USPSA November 2025,2025-11-23,2,Bay 5,c9452dcb-c296-4fcd-86bf-57d93348fb9f,Orion Darley,67,41.89,34,41.89,Limited Optics,U,A174939,MINOR,,50.2732,50.2732,3.5818,27.64,20,,3,,1,,,,
2c827641-7121-4f91-b9b6-8d643d7a16cc,GPS USPSA November 2025,2025-11-23,2,Bay 5,c9452dcb-c296-4fcd-86bf-57d93348fb9f,Luke Kwan,68,41.53,7,42.03,Open,C,A152338,MINOR,,50.4407,49.8395,3.5509,27.88,20,,3,,1,,,,
2c827641-7121-4f91-b9b6-8d643d7a16cc,GPS USPSA November 2025,2025-11-23,2,Bay 5,c9452dcb-c296-4fcd-86bf-57d93348fb9f,Mark Guzman,69,41.24,13,44.97,Carry Optics,C,A158822,MINOR,Senior,53.9605,49.4844,3.5256,28.08,20,,3,,1,,,,
2c827641-7121-4f91-b9b6-8d643d7a16cc,GPS USPSA November 2025,2025-11-23,2,Bay 5,c9452dcb-c296-4fcd-86bf-57d93348fb9f,Christian Morales,70,40.77,35,40.77,Limited Optics,U,A57907,MINOR,Senior,48.9188,48.9188,3.4853,26.11,16,,7,,1,,,,
2c827641-7121-4f91-b9b6-8d643d7a16cc,GPS USPSA November 2025,2025-11-23,2,Bay 5,c9452dcb-c296-4fcd-86bf-57d93348fb9f,Dan Schreiber,71,40.50,10,53.53,Single Stack,U,A147899,MAJOR,Super Senior,64.2362,48.6002,3.4626,28.88,18,,5,,1,,,,
2c827641-7121-4f91-b9b6-8d643d7a16cc,GPS USPSA November 2025,2025-11-23,2,Bay 5,c9452dcb-c296-4fcd-86bf-57d93348fb9f,Sonny Somera,72,39.69,36,39.69,Limited Optics,D,A118611,MINOR,,47.6233,47.6233,3.3930,31.83,18,,6,,,,,,
2c827641-7121-4f91-b9b6-8d643d7a16cc,GPS USPSA November 2025,2025-11-23,2,Bay 5,c9452dcb-c296-4fcd-86bf-57d93348fb9f,Tommy Teas,73,39.65,11,52.40,Single Stack,B,FY2227,MAJOR,Senior,62.8857,47.5784,3.3898,33.63,18,,6,,,,,,
2c827641-7121-4f91-b9b6-8d643d7a16cc,GPS USPSA November 2025,2025-11-23,2,Bay 5,c9452dcb-c296-4fcd-86bf-57d93348fb9f,Rick Russek,74,36.00,37,36.00,Limited Optics,D,A166874,MINOR,Senior,43.1978,43.1978,3.0777,37.69,22,,2,,,,,,
2c827641-7121-4f91-b9b6-8d643d7a16cc,GPS USPSA November 2025,2025-11-23,2,Bay 5,c9452dcb-c296-4fcd-86bf-57d93348fb9f,ian loyd,75,35.92,14,39.17,Carry Optics,U,A148072,MINOR,,47.0073,43.1080,3.0713,24.42,15,,6,2,1,,1,,
2c827641-7121-4f91-b9b6-8d643d7a16cc,GPS USPSA November 2025,2025-11-23,2,Bay 5,c9452dcb-c296-4fcd-86bf-57d93348fb9f,Raul Lorenzana,76,31.99,15,34.88,Carry Optics,D,A161461,MINOR,,41.8601,38.3878,2.7350,40.95,21,,2,1,,,,,
2c827641-7121-4f91-b9b6-8d643d7a16cc,GPS USPSA November 2025,2025-11-23,2,Bay 5,c9452dcb-c296-4fcd-86bf-57d93348fb9f,Garth Plyler,77,14.55,2,22.47,Production,U,A174944,MINOR,,26.9595,17.4577,1.2438,28.14,15,,3,1,5,,,,
2c827641-7121-4f91-b9b6-8d643d7a16cc,GPS USPSA November 2025,2025-11-23,2,Bay 5,c9452dcb-c296-4fcd-86bf-57d93348fb9f,Ahmed Hamouda,78,5.03,8,5.09,Open,U,N/A,MINOR,,6.1110,6.0382,0.4302,32.54,16,,1,1,6,,1,,
2c827641-7121-4f91-b9b6-8d643d7a16cc,GPS USPSA November 2025,2025-11-23,2,Bay 5,c9452dcb-c296-4fcd-86bf-57d93348fb9f,Charles Davis,79,0.00,38,0.00,Limited Optics,C,TY73740,MINOR,Super Senior,0.0000,0.0000,,,,,,,,,,,
2c827641-7121-4f91-b9b6-8d643d7a16cc,GPS USPSA November 2025,2025-11-23,2,Bay 5,c9452dcb-c296-4fcd-86bf-57d93348fb9f,Eric Mccampbell,80,0.00,12,0.00,Single Stack,C,A14332,MAJOR,Senior,0.0000,0.0000,,,,,,,,,,,
2c827641-7121-4f91-b9b6-8d643d7a16cc,GPS USPSA November 2025,2025-11-23,3,Bay 6,03f59c29-df67-48c3-b8f5-2cd9b1644c4d,Anthony Fong,1,100.00,1,100.00,Limited Optics,M,A142224,MINOR,,120.0000,120.0000,9.9390,11.47,21,,3,,,,,,
2c827641-7121-4f91-b9b6-8d643d7a16cc,GPS USPSA November 2025,2025-11-23,3,Bay 6,03f59c29-df67-48c3-b8f5-2cd9b1644c4d,Zvi Davidoff,2,97.31,1,100.00,Open,X,0,MAJOR,,120.0000,116.7775,9.6721,12.20,22,,2,,,,,,
2c827641-7121-4f91-b9b6-8d643d7a16cc,GPS USPSA November 2025,2025-11-23,3,Bay 6,03f59c29-df67-48c3-b8f5-2cd9b1644c4d,Michael Hanover,3,96.63,2,96.63,Limited Optics,M,TY146302,MINOR,,115.9553,115.9553,9.6040,11.87,21,,3,,,,,,
2c827641-7121-4f91-b9b6-8d643d7a16cc,GPS USPSA November 2025,2025-11-23,3,Bay 6,03f59c29-df67-48c3-b8f5-2cd9b1644c4d,Jacob Tullis,4,95.74,3,95.74,Limited Optics,M,A140523,MINOR,,114.8856,114.8856,9.5154,11.35,18,,6,,,,,,
2c827641-7121-4f91-b9b6-8d643d7a16cc,GPS USPSA November 2025,2025-11-23,3,Bay 6,03f59c29-df67-48c3-b8f5-2cd9b1644c4d,Will Goglas,5,95.58,2,98.22,Open,B,A154790,MAJOR,,117.8648,114.6997,9.5000,12.00,18,,6,,,,,,
2c827641-7121-4f91-b9b6-8d643d7a16cc,GPS USPSA November 2025,2025-11-23,3,Bay 6,03f59c29-df67-48c3-b8f5-2cd9b1644c4d,Zachary Ralston,6,91.02,4,91.02,Limited Optics,A,A123081,MINOR,,109.2279,109.2279,9.0468,12.38,20,,4,,,,,,
2c827641-7121-4f91-b9b6-8d643d7a16cc,GPS USPSA November 2025,2025-11-23,3,Bay 6,03f59c29-df67-48c3-b8f5-2cd9b1644c4d,Adam Bandiera,7,90.90,5,90.90,Limited Optics,A,A148375,MINOR,,109.0770,109.0770,9.0343,12.84,22,,2,,,,,,
2c827641-7121-4f91-b9b6-8d643d7a16cc,GPS USPSA November 2025,2025-11-23,3,Bay 6,03f59c29-df67-48c3-b8f5-2cd9b1644c4d,Ross Winningham,8,88.69,3,91.13,Open,U,A159283,MINOR,,109.3612,106.4244,8.8146,13.16,22,,2,,,,,,
2c827641-7121-4f91-b9b6-8d643d7a16cc,GPS USPSA November 2025,2025-11-23,3,Bay 6,03f59c29-df67-48c3-b8f5-2cd9b1644c4d,Colin Kerrigan,9,88.10,1,100.00,Carry Optics,M,A142731,MINOR,,120.0000,105.7145,8.7558,13.02,21,,3,,,,,,
2c827641-7121-4f91-b9b6-8d643d7a16cc,GPS USPSA November 2025,2025-11-23,3,Bay 6,03f59c29-df67-48c3-b8f5-2cd9b1644c4d,Roger Feng,10,83.25,2,94.50,Carry Optics,A,A157776,MINOR,,113.3955,99.8962,8.2739,14.02,22,,2,,,,,,
2c827641-7121-4f91-b9b6-8d643d7a16cc,GPS USPSA November 2025,2025-11-23,3,Bay 6,03f59c29-df67-48c3-b8f5-2cd9b1644c4d,Ryan Jaw,11,83.04,6,83.04,Limited Optics,U,Ty142907,MINOR,,99.6499,99.6499,8.2535,13.57,21,,2,1,,,,,
2c827641-7121-4f91-b9b6-8d643d7a16cc,GPS USPSA November 2025,2025-11-23,3,Bay 6,03f59c29-df67-48c3-b8f5-2cd9b1644c4d,David Zhang,12,81.58,7,81.58,Limited Optics,A,FY140383,MINOR,,97.8944,97.8944,8.1081,14.06,21,,3,,,,,,
2c827641-7121-4f91-b9b6-8d643d7a16cc,GPS USPSA November 2025,2025-11-23,3,Bay 6,03f59c29-df67-48c3-b8f5-2cd9b1644c4d,Heath Helgeson,13,81.56,8,81.56,Limited Optics,A,A149129,MINOR,,97.8702,97.8702,8.1061,13.57,19,,5,,,,,,
2c827641-7121-4f91-b9b6-8d643d7a16cc,GPS USPSA November 2025,2025-11-23,3,Bay 6,03f59c29-df67-48c3-b8f5-2cd9b1644c4d,Shawn Prosen,14,78.71,3,89.35,Carry Optics,B,A165388,MINOR,,107.2144,94.4510,7.8229,13.55,18,,5,1,,,,,
2c827641-7121-4f91-b9b6-8d643d7a16cc,GPS USPSA November 2025,2025-11-23,3,Bay 6,03f59c29-df67-48c3-b8f5-2cd9b1644c4d,Gil Yolo,15,78.62,1,100.00,Single Stack,A,L5228,MAJOR,,120.0000,94.3387,7.8136,14.59,18,,6,,,,,,
2c827641-7121-4f91-b9b6-8d643d7a16cc,GPS USPSA November 2025,2025-11-23,3,Bay 6,03f59c29-df67-48c3-b8f5-2cd9b1644c4d,Vinh Lam,16,77.80,9,77.80,Limited Optics,M,Ty101025,MINOR,,93.3583,93.3583,7.7324,11.51,20,,3,,1,,1,,
2c827641-7121-4f91-b9b6-8d643d7a16cc,GPS USPSA November 2025,2025-11-23,3,Bay 6,03f59c29-df67-48c3-b8f5-2cd9b1644c4d,NeaL NaNDiN,17,77.18,4,79.31,Open,C,Fy71894,MAJOR,,95.1665,92.6109,7.6705,14.08,16,,6,2,,,,,
2c827641-7121-4f91-b9b6-8d643d7a16cc,GPS USPSA November 2025,2025-11-23,3,Bay 6,03f59c29-df67-48c3-b8f5-2cd9b1644c4d,Harlan Chen,18,75.64,10,75.64,Limited Optics,B,A163292,MINOR,,90.7661,90.7661,7.5177,14.10,17,,7,,,,,,
2c827641-7121-4f91-b9b6-8d643d7a16cc,GPS USPSA November 2025,2025-11-23,3,Bay 6,03f59c29-df67-48c3-b8f5-2cd9b1644c4d,Jason Wells,19,75.63,2,96.20,Single Stack,A,L5218,MINOR,,115.4418,90.7552,7.5168,14.90,20,,4,,,,,,
2c827641-7121-4f91-b9b6-8d643d7a16cc,GPS USPSA November 2025,2025-11-23,3,Bay 6,03f59c29-df67-48c3-b8f5-2cd9b1644c4d,Paul Beavers,20,75.62,1,100.00,Limited 10,X,220,MAJOR,,120.0000,90.7443,7.5159,15.70,22,,2,,,,,,
2c827641-7121-4f91-b9b6-8d643d7a16cc,GPS USPSA November 2025,2025-11-23,3,Bay 6,03f59c29-df67-48c3-b8f5-2cd9b1644c4d,Jon Baguio,21,75.26,5,77.33,Open,C,X,MAJOR,,92.8005,90.3085,7.4798,14.84,15,,9,,,,,,
2c827641-7121-4f91-b9b6-8d643d7a16cc,GPS USPSA November 2025,2025-11-23,3,Bay 6,03f59c29-df67-48c3-b8f5-2cd9b1644c4d,Andre Wijaya,22,74.43,4,84.49,Carry Optics,B,A172696,MINOR,,101.3856,89.3160,7.3976,15.14,21,,2,1,,,,,
2c827641-7121-4f91-b9b6-8d643d7a16cc,GPS USPSA November 2025,2025-11-23,3,Bay 6,03f59c29-df67-48c3-b8f5-2cd9b1644c4d,Ulrick Fong,23,74.04,1,100.00,PCC,B,A170351,MINOR,Senior,120.0000,88.8464,7.3587,15.22,20,,4,,,,,,
2c827641-7121-4f91-b9b6-8d643d7a16cc,GPS USPSA November 2025,2025-11-23,3,Bay 6,03f59c29-df67-48c3-b8f5-2cd9b1644c4d,Kevin Bunurai,24,72.74,11,72.74,Limited Optics,U,TY105111,MINOR,,87.2901,87.2901,7.2298,13.14,23,,,,1,,1,,
2c827641-7121-4f91-b9b6-8d643d7a16cc,GPS USPSA November 2025,2025-11-23,3,Bay 6,03f59c29-df67-48c3-b8f5-2cd9b1644c4d,Roman Gwiscz,25,72.10,12,72.10,Limited Optics,B,L4670,MINOR,,86.5210,86.5210,7.1661,15.35,20,,3,1,,,,,
2c827641-7121-4f91-b9b6-8d643d7a16cc,GPS USPSA November 2025,2025-11-23,3,Bay 6,03f59c29-df67-48c3-b8f5-2cd9b1644c4d,Khoa Nguyen,26,71.82,3,91.36,Single Stack,A,A117224,MAJOR,Law Enforcement,109.6319,86.1877,7.1385,16.25,20,,4,,,,,,
2c827641-7121-4f91-b9b6-8d643d7a16cc,GPS USPSA November 2025,2025-11-23,3,Bay 6,03f59c29-df67-48c3-b8f5-2cd9b1644c4d,Adriel Taylor,27,71.48,13,71.48,Limited Optics,C,A104321,MINOR,,85.7736,85.7736,7.1042,16.61,23,,1,,,,,,
2c827641-7121-4f91-b9b6-8d643d7a16cc,GPS USPSA November 2025,2025-11-23,3,Bay 6,03f59c29-df67-48c3-b8f5-2cd9b1644c4d,Carreno Yulmer,28,71.37,14,71.37,Limited Optics,B,A157204,MINOR,,85.6396,85.6396,7.0931,15.79,20,,4,,,,,,
2c827641-7121-4f91-b9b6-8d643d7a16cc,GPS USPSA November 2025,2025-11-23,3,Bay 6,03f59c29-df67-48c3-b8f5-2cd9b1644c4d,Paul Felker,29,70.99,15,70.99,Limited Optics,A,Ty107123,MINOR,,85.1893,85.1893,7.0558,15.59,19,,5,,,,,,
2c827641-7121-4f91-b9b6-8d643d7a16cc,GPS USPSA November 2025,2025-11-23,3,Bay 6,03f59c29-df67-48c3-b8f5-2cd9b1644c4d,Eric Wu,30,70.54,16,70.54,Limited Optics,B,FY104740,MINOR,,84.6496,84.6496,7.0111,16.26,21,,3,,,,,,
2c827641-7121-4f91-b9b6-8d643d7a16cc,GPS USPSA November 2025,2025-11-23,3,Bay 6,03f59c29-df67-48c3-b8f5-2cd9b1644c4d,Ivan Velazquez,31,68.72,1,100.00,Production,B,A108486,MINOR,,120.0000,82.4679,6.8304,16.69,21,,3,,,,,,
2c827641-7121-4f91-b9b6-8d643d7a16cc,GPS USPSA November 2025,2025-11-23,3,Bay 6,03f59c29-df67-48c3-b8f5-2cd9b1644c4d,Yanlin Xiang,32,68.49,17,68.49,Limited Optics,B,A164967,MINOR,,82.1914,82.1914,6.8075,17.04,22,,2,,,,,,
2c827641-7121-4f91-b9b6-8d643d7a16cc,GPS USPSA November 2025,2025-11-23,3,Bay 6,03f59c29-df67-48c3-b8f5-2cd9b1644c4d,Steven McNamara,33,68.44,18,68.44,Limited Optics,B,A75212,MINOR,Senior,82.1334,82.1334,6.8027,17.64,24,,,,,,,,
2c827641-7121-4f91-b9b6-8d643d7a16cc,GPS USPSA November 2025,2025-11-23,3,Bay 6,03f59c29-df67-48c3-b8f5-2cd9b1644c4d,Matthew Gonzalez,34,68.00,5,77.19,Carry Optics,B,A119810,MINOR,,92.6252,81.5986,6.7584,15.98,19,,4,1,,,,,
2c827641-7121-4f91-b9b6-8d643d7a16cc,GPS USPSA November 2025,2025-11-23,3,Bay 6,03f59c29-df67-48c3-b8f5-2cd9b1644c4d,Doug Joder,35,67.84,2,91.62,PCC,B,TY115020,MINOR,,109.9499,81.4054,6.7424,14.09,18,,5,,1,,,,
2c827641-7121-4f91-b9b6-8d643d7a16cc,GPS USPSA November 2025,2025-11-23,3,Bay 6,03f59c29-df67-48c3-b8f5-2cd9b1644c4d,Yihao Zuo,36,67.73,19,67.73,Limited Optics,C,A165414,MINOR,,81.2726,81.2726,6.7314,15.45,16,,8,,,,,,
2c827641-7121-4f91-b9b6-8d643d7a16cc,GPS USPSA November 2025,2025-11-23,3,Bay 6,03f59c29-df67-48c3-b8f5-2cd9b1644c4d,James Wong,37,67.65,6,76.79,Carry Optics,B,A162844,MINOR,,92.1442,81.1748,6.7233,14.13,18,,5,,1,,,,
2c827641-7121-4f91-b9b6-8d643d7a16cc,GPS USPSA November 2025,2025-11-23,3,Bay 6,03f59c29-df67-48c3-b8f5-2cd9b1644c4d,Abrahan Figueroa,38,67.56,20,67.56,Limited Optics,C,TY 54053,MINOR,Senior,81.0733,81.0733,6.7149,15.19,15,,9,,,,,,
2c827641-7121-4f91-b9b6-8d643d7a16cc,GPS USPSA November 2025,2025-11-23,3,Bay 6,03f59c29-df67-48c3-b8f5-2cd9b1644c4d,Raul Lorenzana,39,67.19,7,76.27,Carry Optics,D,A161461,MINOR,,91.5288,80.6327,6.6784,17.07,21,,3,,,,,,
2c827641-7121-4f91-b9b6-8d643d7a16cc,GPS USPSA November 2025,2025-11-23,3,Bay 6,03f59c29-df67-48c3-b8f5-2cd9b1644c4d,Tommy Teas,40,67.00,4,85.22,Single Stack,B,FY2227,MAJOR,Senior,102.2632,80.3948,6.6587,16.67,15,,9,,,,,,
2c827641-7121-4f91-b9b6-8d643d7a16cc,GPS USPSA November 2025,2025-11-23,3,Bay 6,03f59c29-df67-48c3-b8f5-2cd9b1644c4d,FRANCIS NGUYEN,41,66.71,21,66.71,Limited Optics,U,A169979,MINOR,,80.0543,80.0543,6.6305,16.59,19,,5,,,,,,
2c827641-7121-4f91-b9b6-8d643d7a16cc,GPS USPSA November 2025,2025-11-23,3,Bay 6,03f59c29-df67-48c3-b8f5-2cd9b1644c4d,Rudy Widiaman,42,63.70,22,63.70,Limited Optics,C,A55535,MINOR,,76.4419,76.4419,6.3313,17.69,20,,4,,,,,,
2c827641-7121-4f91-b9b6-8d643d7a16cc,GPS USPSA November 2025,2025-11-23,3,Bay 6,03f59c29-df67-48c3-b8f5-2cd9b1644c4d,Gabriel Nguyen,43,63.20,8,71.74,Carry Optics,B,A163845,MINOR,,86.0933,75.8442,6.2818,11.78,14,,8,,2,,,,
2c827641-7121-4f91-b9b6-8d643d7a16cc,GPS USPSA November 2025,2025-11-23,3,Bay 6,03f59c29-df67-48c3-b8f5-2cd9b1644c4d,Garrick Gonzalez,44,63.10,23,63.10,Limited Optics,C,A119804,MINOR,,75.7151,75.7151,6.2711,14.83,17,,6,,1,,,,
2c827641-7121-4f91-b9b6-8d643d7a16cc,GPS USPSA November 2025,2025-11-23,3,Bay 6,03f59c29-df67-48c3-b8f5-2cd9b1644c4d,Wade Pruetz,45,62.61,24,62.61,Limited Optics,U,TY79055,MINOR,Senior,75.1379,75.1379,6.2233,16.39,20,,4,,,,1,,
2c827641-7121-4f91-b9b6-8d643d7a16cc,GPS USPSA November 2025,2025-11-23,3,Bay 6,03f59c29-df67-48c3-b8f5-2cd9b1644c4d,Gary Wu,46,62.59,25,62.59,Limited Optics,B,L2998,MINOR,Senior,75.1065,75.1065,6.2207,17.04,18,,5,1,,,,,
2c827641-7121-4f91-b9b6-8d643d7a16cc,GPS USPSA November 2025,2025-11-23,3,Bay 6,03f59c29-df67-48c3-b8f5-2cd9b1644c4d,Carlos Escandon,47,61.60,5,78.36,Single Stack,A,L2590,MAJOR,Super Senior,94.0268,73.9197,6.1224,19.11,21,,3,,,,,,
2c827641-7121-4f91-b9b6-8d643d7a16cc,GPS USPSA November 2025,2025-11-23,3,Bay 6,03f59c29-df67-48c3-b8f5-2cd9b1644c4d,Pocholo Dimayuga,48,60.55,1,100.00,Limited,B,A106236,MAJOR,,120.0000,72.6653,6.0185,19.44,21,,3,,,,,,
2c827641-7121-4f91-b9b6-8d643d7a16cc,GPS USPSA November 2025,2025-11-23,3,Bay 6,03f59c29-df67-48c3-b8f5-2cd9b1644c4d,"Ross ""Riff Raff"" Pimentel",49,58.07,26,58.07,Limited Optics,C,A157753,MINOR,Senior,69.6843,69.6843,5.7716,16.46,18,,5,,1,,,,
2c827641-7121-4f91-b9b6-8d643d7a16cc,GPS USPSA November 2025,2025-11-23,3,Bay 6,03f59c29-df67-48c3-b8f5-2cd9b1644c4d,Jay-R delos-Santos,50,58.06,6,73.85,Single Stack,C,A70297,MAJOR,Senior,88.6178,69.6674,5.7702,19.41,16,,8,,,,,,
2c827641-7121-4f91-b9b6-8d643d7a16cc,GPS USPSA November 2025,2025-11-23,3,Bay 6,03f59c29-df67-48c3-b8f5-2cd9b1644c4d,Jose Lopez,51,56.03,9,63.60,Carry Optics,U,A173303,MINOR,,76.3202,67.2345,5.5687,21.19,23,,1,,,,,,
2c827641-7121-4f91-b9b6-8d643d7a16cc,GPS USPSA November 2025,2025-11-23,3,Bay 6,03f59c29-df67-48c3-b8f5-2cd9b1644c4d,Luke Kwan,52,55.02,6,56.54,Open,C,A152338,MINOR,,67.8455,66.0235,5.4684,19.75,18,,6,,,,,,
2c827641-7121-4f91-b9b6-8d643d7a16cc,GPS USPSA November 2025,2025-11-23,3,Bay 6,03f59c29-df67-48c3-b8f5-2cd9b1644c4d,Markho Babasoro,53,54.44,27,54.44,Limited Optics,U,A174757,MINOR,,65.3221,65.3221,5.4103,22.18,24,,,,,,,,
2c827641-7121-4f91-b9b6-8d643d7a16cc,GPS USPSA November 2025,2025-11-23,3,Bay 6,03f59c29-df67-48c3-b8f5-2cd9b1644c4d,Jeannie Marrone,54,54.09,7,55.59,Open,C,TY133357,MAJOR,Lady; Super Senior,66.7028,64.9116,5.3763,22.32,24,,,,,,,,
2c827641-7121-4f91-b9b6-8d643d7a16cc,GPS USPSA November 2025,2025-11-23,3,Bay 6,03f59c29-df67-48c3-b8f5-2cd9b1644c4d,Ignacio Caoagas jr,55,53.89,28,53.89,Limited Optics,U,A170038,MINOR,,64.6689,64.6689,5.3562,19.79,18,,5,1,,,,,
2c827641-7121-4f91-b9b6-8d643d7a16cc,GPS USPSA November 2025,2025-11-23,3,Bay 6,03f59c29-df67-48c3-b8f5-2cd9b1644c4d,John Ren,56,52.52,10,59.61,Carry Optics,B,A168570,MINOR,,71.5343,63.0184,5.2195,16.86,21,,1,,2,,,,
2c827641-7121-4f91-b9b6-8d643d7a16cc,GPS USPSA November 2025,2025-11-23,3,Bay 6,03f59c29-df67-48c3-b8f5-2cd9b1644c4d,Cliff Pinsent,57,52.40,11,59.48,Carry Optics,B,FY99321,MINOR,Distinguished Senior,71.3753,62.8784,5.2079,21.89,21,,3,,,,,,
2c827641-7121-4f91-b9b6-8d643d7a16cc,GPS USPSA November 2025,2025-11-23,3,Bay 6,03f59c29-df67-48c3-b8f5-2cd9b1644c4d,Travis Swingle,58,51.81,12,58.81,Carry Optics,U,A174147,MINOR,,70.5736,62.1720,5.1494,21.75,20,,4,,,,,,
2c827641-7121-4f91-b9b6-8d643d7a16cc,GPS USPSA November 2025,2025-11-23,3,Bay 6,03f59c29-df67-48c3-b8f5-2cd9b1644c4d,Kevin Baker,59,51.72,29,51.72,Limited Optics,C,,MINOR,,62.0610,62.0610,5.1402,21.40,19,,5,,,,,,
2c827641-7121-4f91-b9b6-8d643d7a16cc,GPS USPSA November 2025,2025-11-23,3,Bay 6,03f59c29-df67-48c3-b8f5-2cd9b1644c4d,Coder Wang,60,51.07,3,68.98,PCC,B,A170259,MINOR,,82.7771,61.2871,5.0761,17.73,14,,10,,,,1,,
2c827641-7121-4f91-b9b6-8d643d7a16cc,GPS USPSA November 2025,2025-11-23,3,Bay 6,03f59c29-df67-48c3-b8f5-2cd9b1644c4d,Pat Byrne,61,50.36,7,64.06,Single Stack,B,ty93921,MINOR,Distinguished Senior,76.8690,60.4310,5.0052,19.38,19,,4,,1,,,,
2c827641-7121-4f91-b9b6-8d643d7a16cc,GPS USPSA November 2025,2025-11-23,3,Bay 6,03f59c29-df67-48c3-b8f5-2cd9b1644c4d,Stormtrooper Qian,62,50.07,30,50.07,Limited Optics,B,A150939,MINOR,,60.0785,60.0785,4.9760,16.68,17,,6,,1,,1,,
2c827641-7121-4f91-b9b6-8d643d7a16cc,GPS USPSA November 2025,2025-11-23,3,Bay 6,03f59c29-df67-48c3-b8f5-2cd9b1644c4d,Taylor Latham,63,49.07,8,62.41,Single Stack,B,TY39841,MINOR,Super Senior,74.8956,58.8796,4.8767,18.66,16,,7,,1,,,,
2c827641-7121-4f91-b9b6-8d643d7a16cc,GPS USPSA November 2025,2025-11-23,3,Bay 6,03f59c29-df67-48c3-b8f5-2cd9b1644c4d,Don Sanders,64,48.79,31,48.79,Limited Optics,B,FY46389,MINOR,Senior,58.5439,58.5439,4.8489,15.88,14,,9,,1,,1,,
2c827641-7121-4f91-b9b6-8d643d7a16cc,GPS USPSA November 2025,2025-11-23,3,Bay 6,03f59c29-df67-48c3-b8f5-2cd9b1644c4d,Ryan Winningham,65,47.30,32,47.30,Limited Optics,U,NA,MINOR,,56.7546,56.7546,4.7007,22.55,17,,7,,,,,,
2c827641-7121-4f91-b9b6-8d643d7a16cc,GPS USPSA November 2025,2025-11-23,3,Bay 6,03f59c29-df67-48c3-b8f5-2cd9b1644c4d,Mark Guzman,66,46.92,13,53.26,Carry Optics,C,A158822,MINOR,Senior,63.9101,56.3018,4.6632,23.16,18,,6,,,,,,
2c827641-7121-4f91-b9b6-8d643d7a16cc,GPS USPSA November 2025,2025-11-23,3,Bay 6,03f59c29-df67-48c3-b8f5-2cd9b1644c4d,John Brunkhorst,67,46.85,9,59.59,Single Stack,U,L6310,MAJOR,,71.5061,56.2149,4.6560,19.33,18,,5,,1,,1,,
2c827641-7121-4f91-b9b6-8d643d7a16cc,GPS USPSA November 2025,2025-11-23,3,Bay 6,03f59c29-df67-48c3-b8f5-2cd9b1644c4d,Alexandria Farrar,68,44.82,14,50.88,Carry Optics,U,A165859,MINOR,Lady; Law Enforcement; Military,61.0567,53.7881,4.4550,23.12,22,,1,,1,,,,
2c827641-7121-4f91-b9b6-8d643d7a16cc,GPS USPSA November 2025,2025-11-23,3,Bay 6,03f59c29-df67-48c3-b8f5-2cd9b1644c4d,Michael Pontious,69,44.53,33,44.53,Limited Optics,B,A94575,MINOR,Super Senior,53.4380,53.4380,4.4260,14.46,14,,8,,2,,1,,
2c827641-7121-4f91-b9b6-8d643d7a16cc,GPS USPSA November 2025,2025-11-23,3,Bay 6,03f59c29-df67-48c3-b8f5-2cd9b1644c4d,Rick Russek,70,42.43,34,42.43,Limited Optics,D,A166874,MINOR,Senior,50.9182,50.9182,4.2173,27.98,23,,1,,,,,,
2c827641-7121-4f91-b9b6-8d643d7a16cc,GPS USPSA November 2025,2025-11-23,3,Bay 6,03f59c29-df67-48c3-b8f5-2cd9b1644c4d,Sonny Somera,71,41.31,35,41.31,Limited Optics,D,A118611,MINOR,,49.5720,49.5720,4.1058,28.74,23,,1,,,,,,
2c827641-7121-4f91-b9b6-8d643d7a16cc,GPS USPSA November 2025,2025-11-23,3,Bay 6,03f59c29-df67-48c3-b8f5-2cd9b1644c4d,Ahmed Hamouda,72,40.59,8,41.71,Open,U,N/A,MINOR,,50.0578,48.7136,4.0347,23.05,19,,2,2,1,,,,
2c827641-7121-4f91-b9b6-8d643d7a16cc,GPS USPSA November 2025,2025-11-23,3,Bay 6,03f59c29-df67-48c3-b8f5-2cd9b1644c4d,Dale Hamm,73,39.14,10,49.79,Single Stack,C,TY97196,MAJOR,Super Senior,59.7512,46.9737,3.8906,25.96,19,,4,,1,,,,
2c827641-7121-4f91-b9b6-8d643d7a16cc,GPS USPSA November 2025,2025-11-23,3,Bay 6,03f59c29-df67-48c3-b8f5-2cd9b1644c4d,Orion Darley,74,38.78,36,38.78,Limited Optics,U,A174939,MINOR,,46.5331,46.5331,3.8541,24.13,17,,6,,1,,,,
2c827641-7121-4f91-b9b6-8d643d7a16cc,GPS USPSA November 2025,2025-11-23,3,Bay 6,03f59c29-df67-48c3-b8f5-2cd9b1644c4d,Dan Schreiber,75,38.78,11,49.32,Single Stack,U,A147899,MAJOR,Super Senior,59.1891,46.5318,3.8540,24.39,18,,2,3,1,,,,
2c827641-7121-4f91-b9b6-8d643d7a16cc,GPS USPSA November 2025,2025-11-23,3,Bay 6,03f59c29-df67-48c3-b8f5-2cd9b1644c4d,Garth Plyler,76,35.64,2,51.87,Production,U,A174944,MINOR,,62.2382,42.7721,3.5426,28.51,21,,2,,1,,,,
2c827641-7121-4f91-b9b6-8d643d7a16cc,GPS USPSA November 2025,2025-11-23,3,Bay 6,03f59c29-df67-48c3-b8f5-2cd9b1644c4d,Christian Morales,77,29.27,37,29.27,Limited Optics,U,A57907,MINOR,Senior,35.1295,35.1295,2.9096,19.59,13,,7,1,3,,,,
2c827641-7121-4f91-b9b6-8d643d7a16cc,GPS USPSA November 2025,2025-11-23,3,Bay 6,03f59c29-df67-48c3-b8f5-2cd9b1644c4d,ian loyd,78,21.22,15,24.09,Carry Optics,U,A148072,MINOR,,28.9070,25.4657,2.1092,16.12,14,,4,2,4,,1,,
2c827641-7121-4f91-b9b6-8d643d7a16cc,GPS USPSA November 2025,2025-11-23,3,Bay 6,03f59c29-df67-48c3-b8f5-2cd9b1644c4d,Charles Davis,79,0.00,38,0.00,Limited Optics,C,TY73740,MINOR,Super Senior,0.0000,0.0000,,,,,,,,,,,
2c827641-7121-4f91-b9b6-8d643d7a16cc,GPS USPSA November 2025,2025-11-23,3,Bay 6,03f59c29-df67-48c3-b8f5-2cd9b1644c4d,Eric Mccampbell,80,0.00,12,0.00,Single Stack,C,A14332,MAJOR,Senior,0.0000,0.0000,,,,,,,,,,,
2c827641-7121-4f91-b9b6-8d643d7a16cc,GPS USPSA November 2025,2025-11-23,4,Bay 7,07997220-2ffc-47ab-9431-da22dc58d821,Vinh Lam,1,100.00,1,100.00,Limited Optics,M,Ty101025,MINOR,,110.0000,110.0000,6.7430,15.72,20,,2,,,,,,
2c827641-7121-4f91-b9b6-8d643d7a16cc,GPS USPSA November 2025,2025-11-23,4,Bay 7,07997220-2ffc-47ab-9431-da22dc58d821,Adam Bandiera,2,92.52,2,92.52,Limited Optics,A,A148375,MINOR,,101.7749,101.7749,6.2388,16.67,19,,3,,,,,,
2c827641-7121-4f91-b9b6-8d643d7a16cc,GPS USPSA November 2025,2025-11-23,4,Bay 7,07997220-2ffc-47ab-9431-da22dc58d821,Anthony Fong,3,82.24,3,82.24,Limited Optics,M,A142224,MINOR,,90.4600,90.4600,5.5452,16.05,18,,3,,1,,,,
2c827641-7121-4f91-b9b6-8d643d7a16cc,GPS USPSA November 2025,2025-11-23,4,Bay 7,07997220-2ffc-47ab-9431-da22dc58d821,Heath Helgeson,4,81.51,4,81.51,Limited Optics,A,A149129,MINOR,,89.6607,89.6607,5.4962,19.65,21,,1,,,,,,
2c827641-7121-4f91-b9b6-8d643d7a16cc,GPS USPSA November 2025,2025-11-23,4,Bay 7,07997220-2ffc-47ab-9431-da22dc58d821,Michael Hanover,5,81.43,5,81.43,Limited Optics,M,TY146302,MINOR,,89.5759,89.5759,5.4910,15.48,16,,5,,1,,,,
2c827641-7121-4f91-b9b6-8d643d7a16cc,GPS USPSA November 2025,2025-11-23,4,Bay 7,07997220-2ffc-47ab-9431-da22dc58d821,Jon Baguio,6,80.31,1,100.00,Open,C,X,MAJOR,,110.0000,88.3393,5.4152,19.39,19,,2,1,,,,,
2c827641-7121-4f91-b9b6-8d643d7a16cc,GPS USPSA November 2025,2025-11-23,4,Bay 7,07997220-2ffc-47ab-9431-da22dc58d821,Ross Winningham,7,79.96,2,99.56,Open,U,A159283,MINOR,,109.5165,87.9511,5.3914,19.29,20,,1,1,,,,,
2c827641-7121-4f91-b9b6-8d643d7a16cc,GPS USPSA November 2025,2025-11-23,4,Bay 7,07997220-2ffc-47ab-9431-da22dc58d821,Ulrick Fong,8,79.01,1,100.00,PCC,B,A170351,MINOR,Senior,110.0000,86.9152,5.3279,19.52,19,,3,,,,,,
2c827641-7121-4f91-b9b6-8d643d7a16cc,GPS USPSA November 2025,2025-11-23,4,Bay 7,07997220-2ffc-47ab-9431-da22dc58d821,Adriel Taylor,9,78.21,6,78.21,Limited Optics,C,A104321,MINOR,,86.0326,86.0326,5.2738,19.72,19,,3,,,,,,
2c827641-7121-4f91-b9b6-8d643d7a16cc,GPS USPSA November 2025,2025-11-23,4,Bay 7,07997220-2ffc-47ab-9431-da22dc58d821,Kevin Bunurai,10,77.16,7,77.16,Limited Optics,U,TY105111,MINOR,,84.8760,84.8760,5.2029,19.22,17,,5,,,,,,
2c827641-7121-4f91-b9b6-8d643d7a16cc,GPS USPSA November 2025,2025-11-23,4,Bay 7,07997220-2ffc-47ab-9431-da22dc58d821,Paul Felker,11,76.09,8,76.09,Limited Optics,A,Ty107123,MINOR,,83.7031,83.7031,5.1310,18.32,14,,8,,,,,,
2c827641-7121-4f91-b9b6-8d643d7a16cc,GPS USPSA November 2025,2025-11-23,4,Bay 7,07997220-2ffc-47ab-9431-da22dc58d821,Ivan Velazquez,12,73.80,1,100.00,Production,B,A108486,MINOR,,110.0000,81.1827,4.9765,21.30,20,,2,,,,,,
2c827641-7121-4f91-b9b6-8d643d7a16cc,GPS USPSA November 2025,2025-11-23,4,Bay 7,07997220-2ffc-47ab-9431-da22dc58d821,Rudy Widiaman,13,73.76,9,73.76,Limited Optics,C,A55535,MINOR,,81.1370,81.1370,4.9737,20.91,19,,3,,,,,,
2c827641-7121-4f91-b9b6-8d643d7a16cc,GPS USPSA November 2025,2025-11-23,4,Bay 7,07997220-2ffc-47ab-9431-da22dc58d821,Roger Feng,14,73.42,1,100.00,Carry Optics,A,A157776,MINOR,,110.0000,80.7586,4.9505,20.20,17,,5,,,,,,
2c827641-7121-4f91-b9b6-8d643d7a16cc,GPS USPSA November 2025,2025-11-23,4,Bay 7,07997220-2ffc-47ab-9431-da22dc58d821,Yihao Zuo,15,72.45,10,72.45,Limited Optics,C,A165414,MINOR,,79.6933,79.6933,4.8852,20.47,17,,5,,,,,,
2c827641-7121-4f91-b9b6-8d643d7a16cc,GPS USPSA November 2025,2025-11-23,4,Bay 7,07997220-2ffc-47ab-9431-da22dc58d821,Gil Yolo,16,71.77,1,100.00,Single Stack,A,L5228,MAJOR,,110.0000,78.9478,4.8395,21.49,18,,3,1,,,,,
2c827641-7121-4f91-b9b6-8d643d7a16cc,GPS USPSA November 2025,2025-11-23,4,Bay 7,07997220-2ffc-47ab-9431-da22dc58d821,Ryan Jaw,17,71.59,11,71.59,Limited Optics,U,Ty142907,MINOR,,78.7537,78.7537,4.8276,18.85,19,,2,,1,,,,
2c827641-7121-4f91-b9b6-8d643d7a16cc,GPS USPSA November 2025,2025-11-23,4,Bay 7,07997220-2ffc-47ab-9431-da22dc58d821,Carreno Yulmer,18,71.14,12,71.14,Limited Optics,B,A157204,MINOR,,78.2529,78.2529,4.7969,20.43,16,,6,,,,,,
2c827641-7121-4f91-b9b6-8d643d7a16cc,GPS USPSA November 2025,2025-11-23,4,Bay 7,07997220-2ffc-47ab-9431-da22dc58d821,Gabriel Nguyen,19,71.07,2,96.80,Carry Optics,B,A163845,MINOR,,106.4826,78.1762,4.7922,20.45,17,,4,1,,,,,
2c827641-7121-4f91-b9b6-8d643d7a16cc,GPS USPSA November 2025,2025-11-23,4,Bay 7,07997220-2ffc-47ab-9431-da22dc58d821,Will Goglas,20,70.07,3,87.25,Open,B,A154790,MAJOR,,95.9758,77.0767,4.7248,21.80,15,,7,,,,,,
2c827641-7121-4f91-b9b6-8d643d7a16cc,GPS USPSA November 2025,2025-11-23,4,Bay 7,07997220-2ffc-47ab-9431-da22dc58d821,Khoa Nguyen,21,68.90,2,96.00,Single Stack,A,A117224,MAJOR,Law Enforcement,105.6018,75.7912,4.6460,22.60,19,,2,1,,,,,
2c827641-7121-4f91-b9b6-8d643d7a16cc,GPS USPSA November 2025,2025-11-23,4,Bay 7,07997220-2ffc-47ab-9431-da22dc58d821,Jacob Tullis,22,68.85,13,68.85,Limited Optics,M,A140523,MINOR,,75.7374,75.7374,4.6427,19.17,18,,3,,1,,,,
2c827641-7121-4f91-b9b6-8d643d7a16cc,GPS USPSA November 2025,2025-11-23,4,Bay 7,07997220-2ffc-47ab-9431-da22dc58d821,Matthew Gonzalez,23,67.41,3,91.82,Carry Optics,B,A119810,MINOR,,101.0009,74.1517,4.5455,22.44,19,,2,1,,,,,
2c827641-7121-4f91-b9b6-8d643d7a16cc,GPS USPSA November 2025,2025-11-23,4,Bay 7,07997220-2ffc-47ab-9431-da22dc58d821,John Ren,24,66.99,4,91.25,Carry Optics,B,A168570,MINOR,,100.3743,73.6917,4.5173,22.58,18,,4,,,,,,
2c827641-7121-4f91-b9b6-8d643d7a16cc,GPS USPSA November 2025,2025-11-23,4,Bay 7,07997220-2ffc-47ab-9431-da22dc58d821,Garrick Gonzalez,25,66.90,14,66.90,Limited Optics,C,A119804,MINOR,,73.5938,73.5938,4.5113,21.28,15,,7,,,,,,
2c827641-7121-4f91-b9b6-8d643d7a16cc,GPS USPSA November 2025,2025-11-23,4,Bay 7,07997220-2ffc-47ab-9431-da22dc58d821,Steven McNamara,26,66.71,15,66.71,Limited Optics,B,A75212,MINOR,Senior,73.3817,73.3817,4.4983,23.12,20,,1,1,,,,,
2c827641-7121-4f91-b9b6-8d643d7a16cc,GPS USPSA November 2025,2025-11-23,4,Bay 7,07997220-2ffc-47ab-9431-da22dc58d821,Raul Lorenzana,27,66.58,5,90.68,Carry Optics,D,A161461,MINOR,,99.7499,73.2333,4.4892,19.38,17,,4,,1,,,,
2c827641-7121-4f91-b9b6-8d643d7a16cc,GPS USPSA November 2025,2025-11-23,4,Bay 7,07997220-2ffc-47ab-9431-da22dc58d821,NeaL NaNDiN,28,66.36,4,82.63,Open,C,Fy71894,MAJOR,,90.8934,72.9951,4.4746,19.89,15,,6,,1,,,,
2c827641-7121-4f91-b9b6-8d643d7a16cc,GPS USPSA November 2025,2025-11-23,4,Bay 7,07997220-2ffc-47ab-9431-da22dc58d821,David Zhang,29,65.10,16,65.10,Limited Optics,A,FY140383,MINOR,,71.6117,71.6117,4.3898,20.73,19,,2,,1,,,,
2c827641-7121-4f91-b9b6-8d643d7a16cc,GPS USPSA November 2025,2025-11-23,4,Bay 7,07997220-2ffc-47ab-9431-da22dc58d821,Zachary Ralston,30,63.67,17,63.67,Limited Optics,A,A123081,MINOR,,70.0392,70.0392,4.2934,22.36,15,,7,,,,,,
2c827641-7121-4f91-b9b6-8d643d7a16cc,GPS USPSA November 2025,2025-11-23,4,Bay 7,07997220-2ffc-47ab-9431-da22dc58d821,Andre Wijaya,31,62.56,6,85.22,Carry Optics,B,A172696,MINOR,,93.7372,68.8189,4.2186,20.86,12,,9,1,,,,,
2c827641-7121-4f91-b9b6-8d643d7a16cc,GPS USPSA November 2025,2025-11-23,4,Bay 7,07997220-2ffc-47ab-9431-da22dc58d821,FRANCIS NGUYEN,32,61.73,18,61.73,Limited Optics,U,A169979,MINOR,,67.9005,67.9005,4.1623,18.98,14,,6,1,1,,,,
2c827641-7121-4f91-b9b6-8d643d7a16cc,GPS USPSA November 2025,2025-11-23,4,Bay 7,07997220-2ffc-47ab-9431-da22dc58d821,Zvi Davidoff,33,61.46,5,76.53,Open,X,0,MAJOR,,84.1880,67.6101,4.1445,16.89,14,,4,2,2,,,,
2c827641-7121-4f91-b9b6-8d643d7a16cc,GPS USPSA November 2025,2025-11-23,4,Bay 7,07997220-2ffc-47ab-9431-da22dc58d821,Yanlin Xiang,34,60.17,19,60.17,Limited Optics,B,A164967,MINOR,,66.1843,66.1843,4.0571,22.43,19,,2,,1,,,,
2c827641-7121-4f91-b9b6-8d643d7a16cc,GPS USPSA November 2025,2025-11-23,4,Bay 7,07997220-2ffc-47ab-9431-da22dc58d821,Colin Kerrigan,35,59.32,7,80.80,Carry Optics,M,A142731,MINOR,,88.8799,65.2529,4.0000,27.00,21,,1,,,,,,
2c827641-7121-4f91-b9b6-8d643d7a16cc,GPS USPSA November 2025,2025-11-23,4,Bay 7,07997220-2ffc-47ab-9431-da22dc58d821,Paul Beavers,36,59.21,1,100.00,Limited 10,X,220,MAJOR,,110.0000,65.1305,3.9925,26.55,18,,4,,,,,,
2c827641-7121-4f91-b9b6-8d643d7a16cc,GPS USPSA November 2025,2025-11-23,4,Bay 7,07997220-2ffc-47ab-9431-da22dc58d821,Doug Joder,37,58.18,2,73.64,PCC,B,TY115020,MINOR,,80.9985,64.0000,3.9232,24.47,16,,5,1,,,,,
2c827641-7121-4f91-b9b6-8d643d7a16cc,GPS USPSA November 2025,2025-11-23,4,Bay 7,07997220-2ffc-47ab-9431-da22dc58d821,Jason Wells,38,58.09,3,80.94,Single Stack,A,L5218,MINOR,,89.0365,63.9021,3.9172,22.21,17,,4,,1,,,,
2c827641-7121-4f91-b9b6-8d643d7a16cc,GPS USPSA November 2025,2025-11-23,4,Bay 7,07997220-2ffc-47ab-9431-da22dc58d821,Ignacio Caoagas jr,39,57.54,20,57.54,Limited Optics,U,A170038,MINOR,,63.2904,63.2904,3.8797,25.26,17,,4,1,,,,,
2c827641-7121-4f91-b9b6-8d643d7a16cc,GPS USPSA November 2025,2025-11-23,4,Bay 7,07997220-2ffc-47ab-9431-da22dc58d821,Pocholo Dimayuga,40,57.44,1,100.00,Limited,B,A106236,MAJOR,,110.0000,63.1794,3.8729,22.98,15,,6,,1,,,,
2c827641-7121-4f91-b9b6-8d643d7a16cc,GPS USPSA November 2025,2025-11-23,4,Bay 7,07997220-2ffc-47ab-9431-da22dc58d821,Tommy Teas,41,56.34,4,78.51,Single Stack,B,FY2227,MAJOR,Senior,86.3566,61.9788,3.7993,27.90,18,,4,,,,,,
2c827641-7121-4f91-b9b6-8d643d7a16cc,GPS USPSA November 2025,2025-11-23,4,Bay 7,07997220-2ffc-47ab-9431-da22dc58d821,Abrahan Figueroa,42,56.33,21,56.33,Limited Optics,C,TY 54053,MINOR,Senior,61.9592,61.9592,3.7981,20.80,13,,8,,1,,,,
2c827641-7121-4f91-b9b6-8d643d7a16cc,GPS USPSA November 2025,2025-11-23,4,Bay 7,07997220-2ffc-47ab-9431-da22dc58d821,Michael Pontious,43,55.95,22,55.95,Limited Optics,B,A94575,MINOR,Super Senior,61.5449,61.5449,3.7727,22.53,17,,3,1,1,,,,
2c827641-7121-4f91-b9b6-8d643d7a16cc,GPS USPSA November 2025,2025-11-23,4,Bay 7,07997220-2ffc-47ab-9431-da22dc58d821,Taylor Latham,44,55.29,5,77.03,Single Stack,B,TY39841,MINOR,Super Senior,84.7360,60.8157,3.7280,24.41,19,,2,,1,,,,
2c827641-7121-4f91-b9b6-8d643d7a16cc,GPS USPSA November 2025,2025-11-23,4,Bay 7,07997220-2ffc-47ab-9431-da22dc58d821,Alexandria Farrar,45,55.12,8,75.08,Carry Optics,U,A165859,MINOR,Lady; Law Enforcement; Military,82.5894,60.6346,3.7169,27.98,19,,3,,,,,,
2c827641-7121-4f91-b9b6-8d643d7a16cc,GPS USPSA November 2025,2025-11-23,4,Bay 7,07997220-2ffc-47ab-9431-da22dc58d821,Stormtrooper Qian,46,53.90,23,53.90,Limited Optics,B,A150939,MINOR,,59.2920,59.2920,3.6346,20.36,17,,3,,2,,,,
2c827641-7121-4f91-b9b6-8d643d7a16cc,GPS USPSA November 2025,2025-11-23,4,Bay 7,07997220-2ffc-47ab-9431-da22dc58d821,Pat Byrne,47,53.85,6,75.03,Single Stack,B,ty93921,MINOR,Distinguished Senior,82.5358,59.2365,3.6312,28.09,18,,4,,,,,,
2c827641-7121-4f91-b9b6-8d643d7a16cc,GPS USPSA November 2025,2025-11-23,4,Bay 7,07997220-2ffc-47ab-9431-da22dc58d821,Shawn Prosen,48,53.84,9,73.34,Carry Optics,B,A165388,MINOR,,80.6741,59.2284,3.6307,22.31,14,,7,,1,,,,
2c827641-7121-4f91-b9b6-8d643d7a16cc,GPS USPSA November 2025,2025-11-23,4,Bay 7,07997220-2ffc-47ab-9431-da22dc58d821,"Ross ""Riff Raff"" Pimentel",49,53.77,24,53.77,Limited Optics,C,A157753,MINOR,Senior,59.1485,59.1485,3.6258,27.58,18,,3,1,,,,,
2c827641-7121-4f91-b9b6-8d643d7a16cc,GPS USPSA November 2025,2025-11-23,4,Bay 7,07997220-2ffc-47ab-9431-da22dc58d821,Luke Kwan,50,52.18,6,64.98,Open,C,A152338,MINOR,,71.4760,57.4013,3.5187,26.43,20,,1,,1,,,,
2c827641-7121-4f91-b9b6-8d643d7a16cc,GPS USPSA November 2025,2025-11-23,4,Bay 7,07997220-2ffc-47ab-9431-da22dc58d821,Markho Babasoro,51,51.65,25,51.65,Limited Optics,U,A174757,MINOR,,56.8157,56.8157,3.4828,24.98,17,,4,,1,,,,
2c827641-7121-4f91-b9b6-8d643d7a16cc,GPS USPSA November 2025,2025-11-23,4,Bay 7,07997220-2ffc-47ab-9431-da22dc58d821,Gary Wu,52,51.33,26,51.33,Limited Optics,B,L2998,MINOR,Senior,56.4633,56.4633,3.4612,21.38,17,,3,,2,,,,
2c827641-7121-4f91-b9b6-8d643d7a16cc,GPS USPSA November 2025,2025-11-23,4,Bay 7,07997220-2ffc-47ab-9431-da22dc58d821,Orion Darley,53,51.23,27,51.23,Limited Optics,U,A174939,MINOR,,56.3524,56.3524,3.4544,28.37,16,,6,,,,,,
2c827641-7121-4f91-b9b6-8d643d7a16cc,GPS USPSA November 2025,2025-11-23,4,Bay 7,07997220-2ffc-47ab-9431-da22dc58d821,John Brunkhorst,54,50.79,7,70.77,Single Stack,U,L6310,MAJOR,,77.8467,55.8711,3.4249,26.57,17,,4,,1,,,,
2c827641-7121-4f91-b9b6-8d643d7a16cc,GPS USPSA November 2025,2025-11-23,4,Bay 7,07997220-2ffc-47ab-9431-da22dc58d821,Carlos Escandon,55,50.09,8,69.79,Single Stack,A,L2590,MAJOR,Super Senior,76.7670,55.0962,3.3774,28.72,19,,3,,,,1,,
2c827641-7121-4f91-b9b6-8d643d7a16cc,GPS USPSA November 2025,2025-11-23,4,Bay 7,07997220-2ffc-47ab-9431-da22dc58d821,Sonny Somera,56,49.70,28,49.70,Limited Optics,D,A118611,MINOR,,54.6688,54.6688,3.3512,29.84,17,,5,,,,,,
2c827641-7121-4f91-b9b6-8d643d7a16cc,GPS USPSA November 2025,2025-11-23,4,Bay 7,07997220-2ffc-47ab-9431-da22dc58d821,Don Sanders,57,48.94,29,48.94,Limited Optics,B,FY46389,MINOR,Senior,53.8320,53.8320,3.2999,23.94,13,,8,,1,,,,
2c827641-7121-4f91-b9b6-8d643d7a16cc,GPS USPSA November 2025,2025-11-23,4,Bay 7,07997220-2ffc-47ab-9431-da22dc58d821,Roman Gwiscz,58,48.04,30,48.04,Limited Optics,B,L4670,MINOR,,52.8434,52.8434,3.2393,19.14,16,,4,,2,,,1,
2c827641-7121-4f91-b9b6-8d643d7a16cc,GPS USPSA November 2025,2025-11-23,4,Bay 7,07997220-2ffc-47ab-9431-da22dc58d821,Kevin Baker,59,47.73,31,47.73,Limited Optics,C,,MINOR,,52.4976,52.4976,3.2181,25.17,16,,3,2,1,,,,
2c827641-7121-4f91-b9b6-8d643d7a16cc,GPS USPSA November 2025,2025-11-23,4,Bay 7,07997220-2ffc-47ab-9431-da22dc58d821,Jeannie Marrone,60,45.75,7,56.97,Open,C,TY133357,MAJOR,Lady; Super Senior,62.6621,50.3230,3.0848,33.39,15,,7,,,,,,
2c827641-7121-4f91-b9b6-8d643d7a16cc,GPS USPSA November 2025,2025-11-23,4,Bay 7,07997220-2ffc-47ab-9431-da22dc58d821,James Wong,61,45.38,10,61.81,Carry Optics,B,A162844,MINOR,,67.9865,49.9135,3.0597,20.59,13,,5,3,1,,1,,
2c827641-7121-4f91-b9b6-8d643d7a16cc,GPS USPSA November 2025,2025-11-23,4,Bay 7,07997220-2ffc-47ab-9431-da22dc58d821,Mark Guzman,62,44.31,11,60.35,Carry Optics,C,A158822,MINOR,Senior,66.3888,48.7406,2.9878,32.80,16,,6,,,,,,
2c827641-7121-4f91-b9b6-8d643d7a16cc,GPS USPSA November 2025,2025-11-23,4,Bay 7,07997220-2ffc-47ab-9431-da22dc58d821,Jay-R delos-Santos,63,41.59,9,57.95,Single Stack,C,A70297,MAJOR,Senior,63.7429,45.7488,2.8044,28.17,17,,3,1,1,,1,,
2c827641-7121-4f91-b9b6-8d643d7a16cc,GPS USPSA November 2025,2025-11-23,4,Bay 7,07997220-2ffc-47ab-9431-da22dc58d821,Dan Schreiber,64,40.51,10,56.45,Single Stack,U,A147899,MAJOR,Super Senior,62.0905,44.5628,2.7317,39.17,19,,3,,,,,,
2c827641-7121-4f91-b9b6-8d643d7a16cc,GPS USPSA November 2025,2025-11-23,4,Bay 7,07997220-2ffc-47ab-9431-da22dc58d821,Wade Pruetz,65,38.21,32,38.21,Limited Optics,U,TY79055,MINOR,Senior,42.0277,42.0277,2.5763,20.96,17,,3,,2,,1,1,
2c827641-7121-4f91-b9b6-8d643d7a16cc,GPS USPSA November 2025,2025-11-23,4,Bay 7,07997220-2ffc-47ab-9431-da22dc58d821,Jose Lopez,66,37.62,12,51.24,Carry Optics,U,A173303,MINOR,,56.3610,41.3785,2.5365,28.78,15,,6,,1,,1,,
2c827641-7121-4f91-b9b6-8d643d7a16cc,GPS USPSA November 2025,2025-11-23,4,Bay 7,07997220-2ffc-47ab-9431-da22dc58d821,Christian Morales,67,36.81,33,36.81,Limited Optics,U,A57907,MINOR,Senior,40.4861,40.4861,2.4818,30.22,14,,4,3,1,,,,
2c827641-7121-4f91-b9b6-8d643d7a16cc,GPS USPSA November 2025,2025-11-23,4,Bay 7,07997220-2ffc-47ab-9431-da22dc58d821,Dale Hamm,68,35.31,11,49.20,Single Stack,C,TY97196,MAJOR,Super Senior,54.1192,38.8418,2.3810,37.38,15,,6,,1,,,,
2c827641-7121-4f91-b9b6-8d643d7a16cc,GPS USPSA November 2025,2025-11-23,4,Bay 7,07997220-2ffc-47ab-9431-da22dc58d821,Garth Plyler,69,35.14,2,47.61,Production,U,A174944,MINOR,,52.3752,38.6542,2.3695,33.34,14,,6,1,1,,,,
2c827641-7121-4f91-b9b6-8d643d7a16cc,GPS USPSA November 2025,2025-11-23,4,Bay 7,07997220-2ffc-47ab-9431-da22dc58d821,Coder Wang,70,33.42,3,42.29,PCC,B,A170259,MINOR,,46.5217,36.7586,2.2533,22.19,13,,4,3,2,,,1,
2c827641-7121-4f91-b9b6-8d643d7a16cc,GPS USPSA November 2025,2025-11-23,4,Bay 7,07997220-2ffc-47ab-9431-da22dc58d821,Cliff Pinsent,71,32.70,13,44.54,Carry Optics,B,FY99321,MINOR,Distinguished Senior,48.9973,35.9723,2.2051,27.21,11,,8,1,2,,,,
2c827641-7121-4f91-b9b6-8d643d7a16cc,GPS USPSA November 2025,2025-11-23,4,Bay 7,07997220-2ffc-47ab-9431-da22dc58d821,Travis Swingle,72,30.70,14,41.82,Carry Optics,U,A174147,MINOR,,45.9998,33.7716,2.0702,33.33,19,,1,1,1,,2,,
2c827641-7121-4f91-b9b6-8d643d7a16cc,GPS USPSA November 2025,2025-11-23,4,Bay 7,07997220-2ffc-47ab-9431-da22dc58d821,Eric Wu,73,28.94,34,28.94,Limited Optics,B,FY104740,MINOR,,31.8303,31.8303,1.9512,20.50,14,,3,1,4,,,,
2c827641-7121-4f91-b9b6-8d643d7a16cc,GPS USPSA November 2025,2025-11-23,4,Bay 7,07997220-2ffc-47ab-9431-da22dc58d821,Harlan Chen,74,28.38,35,28.38,Limited Optics,B,A163292,MINOR,,31.2137,31.2137,1.9134,19.86,12,,6,,4,,,,
2c827641-7121-4f91-b9b6-8d643d7a16cc,GPS USPSA November 2025,2025-11-23,4,Bay 7,07997220-2ffc-47ab-9431-da22dc58d821,Ryan Winningham,75,25.14,36,25.14,Limited Optics,U,NA,MINOR,,27.6591,27.6591,1.6955,30.67,14,,3,3,2,,,1,
2c827641-7121-4f91-b9b6-8d643d7a16cc,GPS USPSA November 2025,2025-11-23,4,Bay 7,07997220-2ffc-47ab-9431-da22dc58d821,Rick Russek,76,23.10,37,23.10,Limited Optics,D,A166874,MINOR,Senior,25.4111,25.4111,1.5577,39.16,17,,2,,3,,,,
2c827641-7121-4f91-b9b6-8d643d7a16cc,GPS USPSA November 2025,2025-11-23,4,Bay 7,07997220-2ffc-47ab-9431-da22dc58d821,Ahmed Hamouda,77,5.64,8,7.03,Open,U,N/A,MINOR,,7.7292,6.2072,0.3805,47.31,12,,6,,4,,,2,
2c827641-7121-4f91-b9b6-8d643d7a16cc,GPS USPSA November 2025,2025-11-23,4,Bay 7,07997220-2ffc-47ab-9431-da22dc58d821,Charles Davis,78,0.00,38,0.00,Limited Optics,C,TY73740,MINOR,Super Senior,0.0000,0.0000,,,,,,,,,,,
2c827641-7121-4f91-b9b6-8d643d7a16cc,GPS USPSA November 2025,2025-11-23,4,Bay 7,07997220-2ffc-47ab-9431-da22dc58d821,Eric Mccampbell,79,0.00,12,0.00,Single Stack,C,A14332,MAJOR,Senior,0.0000,0.0000,,,,,,,,,,,
2c827641-7121-4f91-b9b6-8d643d7a16cc,GPS USPSA November 2025,2025-11-23,4,Bay 7,07997220-2ffc-47ab-9431-da22dc58d821,ian loyd,80,0.00,15,0.00,Carry Optics,U,A148072,MINOR,,0.0000,0.0000,0.0000,27.83,10,,6,,6,,1,2,
2c827641-7121-4f91-b9b6-8d643d7a16cc,GPS USPSA November 2025,2025-11-23,5,Bay 8,0d301dd3-d7e9-49c5-93c4-7f49ea00d3b9,Vinh Lam,1,100.00,1,100.00,Limited Optics,M,Ty101025,MINOR,,135.0000,135.0000,7.7016,16.49,23,,4,,,,,,
2c827641-7121-4f91-b9b6-8d643d7a16cc,GPS USPSA November 2025,2025-11-23,5,Bay 8,0d301dd3-d7e9-49c5-93c4-7f49ea00d3b9,Colin Kerrigan,2,98.97,1,100.00,Carry Optics,M,A142731,MINOR,,135.0000,133.6047,7.6220,16.40,22,,5,,,,,,
2c827641-7121-4f91-b9b6-8d643d7a16cc,GPS USPSA November 2025,2025-11-23,5,Bay 8,0d301dd3-d7e9-49c5-93c4-7f49ea00d3b9,Ryan Jaw,3,97.10,2,97.10,Limited Optics,U,Ty142907,MINOR,,131.0858,131.0858,7.4783,17.25,24,,3,,,,,,
2c827641-7121-4f91-b9b6-8d643d7a16cc,GPS USPSA November 2025,2025-11-23,5,Bay 8,0d301dd3-d7e9-49c5-93c4-7f49ea00d3b9,Will Goglas,4,94.71,1,100.00,Open,B,A154790,MAJOR,,135.0000,127.8553,7.2940,17.96,23,,4,,,,,,
2c827641-7121-4f91-b9b6-8d643d7a16cc,GPS USPSA November 2025,2025-11-23,5,Bay 8,0d301dd3-d7e9-49c5-93c4-7f49ea00d3b9,Zvi Davidoff,5,93.64,2,98.87,Open,X,0,MAJOR,,133.4786,126.4144,7.2118,17.61,19,,8,,,,,,
2c827641-7121-4f91-b9b6-8d643d7a16cc,GPS USPSA November 2025,2025-11-23,5,Bay 8,0d301dd3-d7e9-49c5-93c4-7f49ea00d3b9,Jacob Tullis,6,91.58,3,91.58,Limited Optics,M,A140523,MINOR,,123.6308,123.6308,7.0530,18.29,24,,3,,,,,,
2c827641-7121-4f91-b9b6-8d643d7a16cc,GPS USPSA November 2025,2025-11-23,5,Bay 8,0d301dd3-d7e9-49c5-93c4-7f49ea00d3b9,Michael Hanover,7,90.69,4,90.69,Limited Optics,M,TY146302,MINOR,,122.4336,122.4336,6.9847,17.61,21,,6,,,,,,
2c827641-7121-4f91-b9b6-8d643d7a16cc,GPS USPSA November 2025,2025-11-23,5,Bay 8,0d301dd3-d7e9-49c5-93c4-7f49ea00d3b9,Paul Felker,8,87.65,5,87.65,Limited Optics,A,Ty107123,MINOR,,118.3336,118.3336,6.7508,18.22,21,,6,,,,,,
2c827641-7121-4f91-b9b6-8d643d7a16cc,GPS USPSA November 2025,2025-11-23,5,Bay 8,0d301dd3-d7e9-49c5-93c4-7f49ea00d3b9,Kevin Bunurai,9,86.65,6,86.65,Limited Optics,U,TY105111,MINOR,,116.9839,116.9839,6.6738,18.73,23,,3,1,,,,,
2c827641-7121-4f91-b9b6-8d643d7a16cc,GPS USPSA November 2025,2025-11-23,5,Bay 8,0d301dd3-d7e9-49c5-93c4-7f49ea00d3b9,Zachary Ralston,10,86.56,7,86.56,Limited Optics,A,A123081,MINOR,,116.8594,116.8594,6.6667,16.35,20,,6,1,,,1,,
2c827641-7121-4f91-b9b6-8d643d7a16cc,GPS USPSA November 2025,2025-11-23,5,Bay 8,0d301dd3-d7e9-49c5-93c4-7f49ea00d3b9,Adriel Taylor,11,86.19,8,86.19,Limited Optics,C,A104321,MINOR,,116.3546,116.3546,6.6379,18.53,21,,6,,,,,,
2c827641-7121-4f91-b9b6-8d643d7a16cc,GPS USPSA November 2025,2025-11-23,5,Bay 8,0d301dd3-d7e9-49c5-93c4-7f49ea00d3b9,Ross Winningham,12,84.64,3,89.37,Open,U,A159283,MINOR,,120.6431,114.2581,6.5183,18.87,22,,4,1,,,,,
2c827641-7121-4f91-b9b6-8d643d7a16cc,GPS USPSA November 2025,2025-11-23,5,Bay 8,0d301dd3-d7e9-49c5-93c4-7f49ea00d3b9,Heath Helgeson,13,83.31,9,83.31,Limited Optics,A,A149129,MINOR,,112.4684,112.4684,6.4162,17.30,16,,10,1,,,,,
2c827641-7121-4f91-b9b6-8d643d7a16cc,GPS USPSA November 2025,2025-11-23,5,Bay 8,0d301dd3-d7e9-49c5-93c4-7f49ea00d3b9,Don Sanders,14,80.14,10,80.14,Limited Optics,B,FY46389,MINOR,Senior,108.1914,108.1914,6.1722,19.28,19,,8,,,,,,
2c827641-7121-4f91-b9b6-8d643d7a16cc,GPS USPSA November 2025,2025-11-23,5,Bay 8,0d301dd3-d7e9-49c5-93c4-7f49ea00d3b9,Wade Pruetz,15,79.02,11,79.02,Limited Optics,U,TY79055,MINOR,Senior,106.6822,106.6822,6.0861,20.21,21,,6,,,,,,
2c827641-7121-4f91-b9b6-8d643d7a16cc,GPS USPSA November 2025,2025-11-23,5,Bay 8,0d301dd3-d7e9-49c5-93c4-7f49ea00d3b9,Pocholo Dimayuga,16,78.38,1,100.00,Limited,B,A106236,MAJOR,,135.0000,105.8128,6.0365,21.37,21,,6,,,,,,
2c827641-7121-4f91-b9b6-8d643d7a16cc,GPS USPSA November 2025,2025-11-23,5,Bay 8,0d301dd3-d7e9-49c5-93c4-7f49ea00d3b9,Khoa Nguyen,17,76.31,1,100.00,Single Stack,A,A117224,MAJOR,Law Enforcement,135.0000,103.0152,5.8769,21.61,19,,8,,,,,,
2c827641-7121-4f91-b9b6-8d643d7a16cc,GPS USPSA November 2025,2025-11-23,5,Bay 8,0d301dd3-d7e9-49c5-93c4-7f49ea00d3b9,Roger Feng,18,75.61,2,76.39,Carry Optics,A,A157776,MINOR,,103.1328,102.0668,5.8228,19.75,18,,8,1,,,,,
2c827641-7121-4f91-b9b6-8d643d7a16cc,GPS USPSA November 2025,2025-11-23,5,Bay 8,0d301dd3-d7e9-49c5-93c4-7f49ea00d3b9,Ivan Velazquez,19,74.32,1,100.00,Production,B,A108486,MINOR,,135.0000,100.3297,5.7237,21.14,20,,7,,,,,,
2c827641-7121-4f91-b9b6-8d643d7a16cc,GPS USPSA November 2025,2025-11-23,5,Bay 8,0d301dd3-d7e9-49c5-93c4-7f49ea00d3b9,Gabriel Nguyen,20,74.16,3,74.93,Carry Optics,B,A163845,MINOR,,101.1561,100.1106,5.7112,18.56,19,,7,,1,,,,
2c827641-7121-4f91-b9b6-8d643d7a16cc,GPS USPSA November 2025,2025-11-23,5,Bay 8,0d301dd3-d7e9-49c5-93c4-7f49ea00d3b9,Paul Beavers,21,74.10,1,100.00,Limited 10,X,220,MAJOR,,135.0000,100.0335,5.7068,22.78,22,,5,,,,,,
2c827641-7121-4f91-b9b6-8d643d7a16cc,GPS USPSA November 2025,2025-11-23,5,Bay 8,0d301dd3-d7e9-49c5-93c4-7f49ea00d3b9,Anthony Fong,22,74.01,12,74.01,Limited Optics,M,A142224,MINOR,,99.9090,99.9090,5.6997,21.58,21,,6,,,,,,
2c827641-7121-4f91-b9b6-8d643d7a16cc,GPS USPSA November 2025,2025-11-23,5,Bay 8,0d301dd3-d7e9-49c5-93c4-7f49ea00d3b9,Jon Baguio,23,72.74,4,76.80,Open,C,X,MAJOR,,103.6820,98.1947,5.6019,21.60,17,,8,2,,,,,
2c827641-7121-4f91-b9b6-8d643d7a16cc,GPS USPSA November 2025,2025-11-23,5,Bay 8,0d301dd3-d7e9-49c5-93c4-7f49ea00d3b9,Rudy Widiaman,24,72.38,13,72.38,Limited Optics,C,A55535,MINOR,,97.7074,97.7074,5.5741,20.99,20,,5,2,,,,,
2c827641-7121-4f91-b9b6-8d643d7a16cc,GPS USPSA November 2025,2025-11-23,5,Bay 8,0d301dd3-d7e9-49c5-93c4-7f49ea00d3b9,Yanlin Xiang,25,71.64,14,71.64,Limited Optics,B,A164967,MINOR,,96.7170,96.7170,5.5176,20.48,17,,9,1,,,,,
2c827641-7121-4f91-b9b6-8d643d7a16cc,GPS USPSA November 2025,2025-11-23,5,Bay 8,0d301dd3-d7e9-49c5-93c4-7f49ea00d3b9,Stormtrooper Qian,26,71.01,15,71.01,Limited Optics,B,A150939,MINOR,,95.8616,95.8616,5.4688,21.76,19,,8,,,,,,
2c827641-7121-4f91-b9b6-8d643d7a16cc,GPS USPSA November 2025,2025-11-23,5,Bay 8,0d301dd3-d7e9-49c5-93c4-7f49ea00d3b9,Andre Wijaya,27,70.95,4,71.69,Carry Optics,B,A172696,MINOR,,96.7831,95.7828,5.4643,24.34,26,,1,,,,,,
2c827641-7121-4f91-b9b6-8d643d7a16cc,GPS USPSA November 2025,2025-11-23,5,Bay 8,0d301dd3-d7e9-49c5-93c4-7f49ea00d3b9,David Zhang,28,67.62,16,67.62,Limited Optics,A,FY140383,MINOR,,91.2866,91.2866,5.2078,20.93,20,,6,1,,,1,,
2c827641-7121-4f91-b9b6-8d643d7a16cc,GPS USPSA November 2025,2025-11-23,5,Bay 8,0d301dd3-d7e9-49c5-93c4-7f49ea00d3b9,Garrick Gonzalez,29,67.19,17,67.19,Limited Optics,C,A119804,MINOR,,90.7117,90.7117,5.1750,19.71,17,,9,,1,,,,
2c827641-7121-4f91-b9b6-8d643d7a16cc,GPS USPSA November 2025,2025-11-23,5,Bay 8,0d301dd3-d7e9-49c5-93c4-7f49ea00d3b9,Doug Joder,30,67.15,1,100.00,PCC,B,TY115020,MINOR,,135.0000,90.6538,5.1717,23.01,19,,8,,,,,,
2c827641-7121-4f91-b9b6-8d643d7a16cc,GPS USPSA November 2025,2025-11-23,5,Bay 8,0d301dd3-d7e9-49c5-93c4-7f49ea00d3b9,Abrahan Figueroa,31,66.24,18,66.24,Limited Optics,C,TY 54053,MINOR,Senior,89.4251,89.4251,5.1016,22.15,17,,9,1,,,,,
2c827641-7121-4f91-b9b6-8d643d7a16cc,GPS USPSA November 2025,2025-11-23,5,Bay 8,0d301dd3-d7e9-49c5-93c4-7f49ea00d3b9,Gil Yolo,32,66.01,2,86.51,Single Stack,A,L5228,MAJOR,,116.7861,89.1165,5.0840,22.03,18,,8,,1,,,,
2c827641-7121-4f91-b9b6-8d643d7a16cc,GPS USPSA November 2025,2025-11-23,5,Bay 8,0d301dd3-d7e9-49c5-93c4-7f49ea00d3b9,Adam Bandiera,33,65.91,19,65.91,Limited Optics,A,A148375,MINOR,,88.9781,88.9781,5.0761,17.73,18,,6,2,1,,1,,
2c827641-7121-4f91-b9b6-8d643d7a16cc,GPS USPSA November 2025,2025-11-23,5,Bay 8,0d301dd3-d7e9-49c5-93c4-7f49ea00d3b9,Gary Wu,34,65.17,20,65.17,Limited Optics,B,L2998,MINOR,Senior,87.9772,87.9772,5.0190,23.71,20,,6,1,,,,,
2c827641-7121-4f91-b9b6-8d643d7a16cc,GPS USPSA November 2025,2025-11-23,5,Bay 8,0d301dd3-d7e9-49c5-93c4-7f49ea00d3b9,Steven McNamara,35,65.11,21,65.11,Limited Optics,B,A75212,MINOR,Senior,87.8948,87.8948,5.0143,24.53,21,,6,,,,,,
2c827641-7121-4f91-b9b6-8d643d7a16cc,GPS USPSA November 2025,2025-11-23,5,Bay 8,0d301dd3-d7e9-49c5-93c4-7f49ea00d3b9,Carreno Yulmer,36,64.80,22,64.80,Limited Optics,B,A157204,MINOR,,87.4864,87.4864,4.9910,22.24,16,,10,1,,,,,
2c827641-7121-4f91-b9b6-8d643d7a16cc,GPS USPSA November 2025,2025-11-23,5,Bay 8,0d301dd3-d7e9-49c5-93c4-7f49ea00d3b9,John Ren,37,63.99,5,64.66,Carry Optics,B,A168570,MINOR,,87.2895,86.3873,4.9283,22.32,21,,5,,1,,,,
2c827641-7121-4f91-b9b6-8d643d7a16cc,GPS USPSA November 2025,2025-11-23,5,Bay 8,0d301dd3-d7e9-49c5-93c4-7f49ea00d3b9,Carlos Escandon,38,63.21,3,82.83,Single Stack,A,L2590,MAJOR,Super Senior,111.8197,85.3268,4.8678,26.09,21,,5,1,,,,,
2c827641-7121-4f91-b9b6-8d643d7a16cc,GPS USPSA November 2025,2025-11-23,5,Bay 8,0d301dd3-d7e9-49c5-93c4-7f49ea00d3b9,Tommy Teas,39,62.86,4,82.38,Single Stack,B,FY2227,MAJOR,Senior,111.2109,84.8623,4.8413,25.20,14,,13,,,,,,
2c827641-7121-4f91-b9b6-8d643d7a16cc,GPS USPSA November 2025,2025-11-23,5,Bay 8,0d301dd3-d7e9-49c5-93c4-7f49ea00d3b9,Shawn Prosen,40,62.76,6,63.41,Carry Optics,B,A165388,MINOR,,85.6051,84.7203,4.8332,23.38,21,,6,,,,1,,
2c827641-7121-4f91-b9b6-8d643d7a16cc,GPS USPSA November 2025,2025-11-23,5,Bay 8,0d301dd3-d7e9-49c5-93c4-7f49ea00d3b9,Jay-R delos-Santos,41,61.83,5,81.03,Single Stack,C,A70297,MAJOR,Senior,109.3870,83.4705,4.7619,27.30,22,,5,,,,,,
2c827641-7121-4f91-b9b6-8d643d7a16cc,GPS USPSA November 2025,2025-11-23,5,Bay 8,0d301dd3-d7e9-49c5-93c4-7f49ea00d3b9,James Wong,42,61.54,7,62.18,Carry Optics,B,A162844,MINOR,,83.9473,83.0796,4.7396,19.20,18,,7,,2,,,,
2c827641-7121-4f91-b9b6-8d643d7a16cc,GPS USPSA November 2025,2025-11-23,5,Bay 8,0d301dd3-d7e9-49c5-93c4-7f49ea00d3b9,Pat Byrne,43,61.39,6,80.45,Single Stack,B,ty93921,MINOR,Distinguished Senior,108.6129,82.8798,4.7282,26.86,23,,4,,,,,,
2c827641-7121-4f91-b9b6-8d643d7a16cc,GPS USPSA November 2025,2025-11-23,5,Bay 8,0d301dd3-d7e9-49c5-93c4-7f49ea00d3b9,Roman Gwiscz,44,61.09,23,61.09,Limited Optics,B,L4670,MINOR,,82.4696,82.4696,4.7048,20.83,16,,9,1,1,,,,
2c827641-7121-4f91-b9b6-8d643d7a16cc,GPS USPSA November 2025,2025-11-23,5,Bay 8,0d301dd3-d7e9-49c5-93c4-7f49ea00d3b9,Taylor Latham,45,60.95,7,79.88,Single Stack,B,TY39841,MINOR,Super Senior,107.8341,82.2856,4.6943,25.35,19,,8,,,,,,
2c827641-7121-4f91-b9b6-8d643d7a16cc,GPS USPSA November 2025,2025-11-23,5,Bay 8,0d301dd3-d7e9-49c5-93c4-7f49ea00d3b9,Markho Babasoro,46,60.27,24,60.27,Limited Optics,U,A174757,MINOR,,81.3583,81.3583,4.6414,23.70,21,,5,,1,,,,
2c827641-7121-4f91-b9b6-8d643d7a16cc,GPS USPSA November 2025,2025-11-23,5,Bay 8,0d301dd3-d7e9-49c5-93c4-7f49ea00d3b9,Michael Pontious,47,59.40,25,59.40,Limited Optics,B,A94575,MINOR,Super Senior,80.1926,80.1926,4.5749,24.70,21,,6,,,,1,,
2c827641-7121-4f91-b9b6-8d643d7a16cc,GPS USPSA November 2025,2025-11-23,5,Bay 8,0d301dd3-d7e9-49c5-93c4-7f49ea00d3b9,FRANCIS NGUYEN,48,58.68,26,58.68,Limited Optics,U,A169979,MINOR,,79.2180,79.2180,4.5193,22.57,22,,4,,1,,1,,
2c827641-7121-4f91-b9b6-8d643d7a16cc,GPS USPSA November 2025,2025-11-23,5,Bay 8,0d301dd3-d7e9-49c5-93c4-7f49ea00d3b9,Matthew Gonzalez,49,57.88,8,58.49,Carry Optics,B,A119810,MINOR,,78.9578,78.1417,4.4579,28.04,22,,5,,,,,,
2c827641-7121-4f91-b9b6-8d643d7a16cc,GPS USPSA November 2025,2025-11-23,5,Bay 8,0d301dd3-d7e9-49c5-93c4-7f49ea00d3b9,John Brunkhorst,50,57.43,8,75.26,Single Stack,U,L6310,MAJOR,,101.6020,77.5300,4.4230,24.87,16,,10,,1,,,,
2c827641-7121-4f91-b9b6-8d643d7a16cc,GPS USPSA November 2025,2025-11-23,5,Bay 8,0d301dd3-d7e9-49c5-93c4-7f49ea00d3b9,Cliff Pinsent,51,56.78,9,57.37,Carry Optics,B,FY99321,MINOR,Distinguished Senior,77.4470,76.6465,4.3726,28.13,22,,4,1,,,,,
2c827641-7121-4f91-b9b6-8d643d7a16cc,GPS USPSA November 2025,2025-11-23,5,Bay 8,0d301dd3-d7e9-49c5-93c4-7f49ea00d3b9,Ignacio Caoagas jr,52,56.02,27,56.02,Limited Optics,U,A170038,MINOR,,75.6264,75.6264,4.3144,23.41,12,,13,2,,,,,
2c827641-7121-4f91-b9b6-8d643d7a16cc,GPS USPSA November 2025,2025-11-23,5,Bay 8,0d301dd3-d7e9-49c5-93c4-7f49ea00d3b9,Jose Lopez,53,54.14,10,54.70,Carry Optics,U,A173303,MINOR,,73.8497,73.0864,4.1695,29.02,21,,5,1,,,,,
2c827641-7121-4f91-b9b6-8d643d7a16cc,GPS USPSA November 2025,2025-11-23,5,Bay 8,0d301dd3-d7e9-49c5-93c4-7f49ea00d3b9,Jason Wells,54,53.14,9,69.64,Single Stack,A,L5218,MINOR,,94.0100,71.7367,4.0925,26.39,21,,4,1,1,,,,
2c827641-7121-4f91-b9b6-8d643d7a16cc,GPS USPSA November 2025,2025-11-23,5,Bay 8,0d301dd3-d7e9-49c5-93c4-7f49ea00d3b9,Jeannie Marrone,55,53.10,5,56.07,Open,C,TY133357,MAJOR,Lady; Super Senior,75.6900,71.6841,4.0895,31.30,20,,7,,,,,,
2c827641-7121-4f91-b9b6-8d643d7a16cc,GPS USPSA November 2025,2025-11-23,5,Bay 8,0d301dd3-d7e9-49c5-93c4-7f49ea00d3b9,NeaL NaNDiN,56,50.94,6,53.79,Open,C,Fy71894,MAJOR,,72.6139,68.7708,3.9233,33.39,23,,4,,,,,,
2c827641-7121-4f91-b9b6-8d643d7a16cc,GPS USPSA November 2025,2025-11-23,5,Bay 8,0d301dd3-d7e9-49c5-93c4-7f49ea00d3b9,Alexandria Farrar,57,48.81,11,49.32,Carry Optics,U,A165859,MINOR,Lady; Law Enforcement; Military,66.5808,65.8926,3.7591,30.06,18,,7,2,,,,,
2c827641-7121-4f91-b9b6-8d643d7a16cc,GPS USPSA November 2025,2025-11-23,5,Bay 8,0d301dd3-d7e9-49c5-93c4-7f49ea00d3b9,Travis Swingle,58,48.50,12,49.01,Carry Optics,U,A174147,MINOR,,66.1645,65.4807,3.7356,31.32,19,,7,1,,,,,
2c827641-7121-4f91-b9b6-8d643d7a16cc,GPS USPSA November 2025,2025-11-23,5,Bay 8,0d301dd3-d7e9-49c5-93c4-7f49ea00d3b9,Luke Kwan,59,48.02,7,50.70,Open,C,A152338,MINOR,,68.4458,64.8233,3.6981,33.26,21,,6,,,,,,
2c827641-7121-4f91-b9b6-8d643d7a16cc,GPS USPSA November 2025,2025-11-23,5,Bay 8,0d301dd3-d7e9-49c5-93c4-7f49ea00d3b9,Eric Wu,60,44.83,28,44.83,Limited Optics,B,FY104740,MINOR,,60.5218,60.5218,3.4527,30.99,16,,8,3,,,,,
2c827641-7121-4f91-b9b6-8d643d7a16cc,GPS USPSA November 2025,2025-11-23,5,Bay 8,0d301dd3-d7e9-49c5-93c4-7f49ea00d3b9,Dale Hamm,61,44.59,10,58.44,Single Stack,C,TY97196,MAJOR,Super Senior,78.8926,60.2010,3.4344,37.27,20,,7,,,,,,
2c827641-7121-4f91-b9b6-8d643d7a16cc,GPS USPSA November 2025,2025-11-23,5,Bay 8,0d301dd3-d7e9-49c5-93c4-7f49ea00d3b9,Coder Wang,62,44.48,2,66.23,PCC,B,A170259,MINOR,,89.4153,60.0432,3.4254,28.61,15,,11,,1,,,,
2c827641-7121-4f91-b9b6-8d643d7a16cc,GPS USPSA November 2025,2025-11-23,5,Bay 8,0d301dd3-d7e9-49c5-93c4-7f49ea00d3b9,Ulrick Fong,63,44.34,3,66.02,PCC,B,A170351,MINOR,Senior,89.1334,59.8539,3.4146,24.60,13,,13,,1,,1,,
2c827641-7121-4f91-b9b6-8d643d7a16cc,GPS USPSA November 2025,2025-11-23,5,Bay 8,0d301dd3-d7e9-49c5-93c4-7f49ea00d3b9,Christian Morales,64,44.07,29,44.07,Limited Optics,U,A57907,MINOR,Senior,59.4981,59.4981,3.3943,34.47,19,,7,1,,,,,
2c827641-7121-4f91-b9b6-8d643d7a16cc,GPS USPSA November 2025,2025-11-23,5,Bay 8,0d301dd3-d7e9-49c5-93c4-7f49ea00d3b9,Yihao Zuo,65,43.26,30,43.26,Limited Optics,C,A165414,MINOR,,58.4060,58.4060,3.3320,24.31,15,,8,2,2,,,,
2c827641-7121-4f91-b9b6-8d643d7a16cc,GPS USPSA November 2025,2025-11-23,5,Bay 8,0d301dd3-d7e9-49c5-93c4-7f49ea00d3b9,Raul Lorenzana,66,42.36,13,42.81,Carry Optics,D,A161461,MINOR,,57.7886,57.1913,3.2627,29.73,13,,14,,,,1,,
2c827641-7121-4f91-b9b6-8d643d7a16cc,GPS USPSA November 2025,2025-11-23,5,Bay 8,0d301dd3-d7e9-49c5-93c4-7f49ea00d3b9,Sonny Somera,67,41.37,31,41.37,Limited Optics,D,A118611,MINOR,,55.8468,55.8468,3.1860,34.84,15,,12,,,,,,
2c827641-7121-4f91-b9b6-8d643d7a16cc,GPS USPSA November 2025,2025-11-23,5,Bay 8,0d301dd3-d7e9-49c5-93c4-7f49ea00d3b9,Orion Darley,68,40.07,32,40.07,Limited Optics,U,A174939,MINOR,,54.1010,54.1010,3.0864,29.16,21,,5,,1,,2,,
2c827641-7121-4f91-b9b6-8d643d7a16cc,GPS USPSA November 2025,2025-11-23,5,Bay 8,0d301dd3-d7e9-49c5-93c4-7f49ea00d3b9,Ahmed Hamouda,69,39.29,8,41.48,Open,U,N/A,MINOR,,56.0045,53.0405,3.0259,34.37,18,,8,,1,,,,
2c827641-7121-4f91-b9b6-8d643d7a16cc,GPS USPSA November 2025,2025-11-23,5,Bay 8,0d301dd3-d7e9-49c5-93c4-7f49ea00d3b9,Dan Schreiber,70,39.22,11,51.39,Single Stack,U,A147899,MAJOR,Super Senior,69.3779,52.9406,3.0202,39.07,24,,2,,1,,,,
2c827641-7121-4f91-b9b6-8d643d7a16cc,GPS USPSA November 2025,2025-11-23,5,Bay 8,0d301dd3-d7e9-49c5-93c4-7f49ea00d3b9,"Ross ""Riff Raff"" Pimentel",71,38.72,33,38.72,Limited Optics,C,A157753,MINOR,Senior,52.2727,52.2727,2.9821,25.15,16,,8,1,2,,,1,
2c827641-7121-4f91-b9b6-8d643d7a16cc,GPS USPSA November 2025,2025-11-23,5,Bay 8,0d301dd3-d7e9-49c5-93c4-7f49ea00d3b9,Garth Plyler,72,38.09,2,51.25,Production,U,A174944,MINOR,,69.1829,51.4156,2.9332,36.82,25,,1,,1,,1,,
2c827641-7121-4f91-b9b6-8d643d7a16cc,GPS USPSA November 2025,2025-11-23,5,Bay 8,0d301dd3-d7e9-49c5-93c4-7f49ea00d3b9,Ryan Winningham,73,37.86,34,37.86,Limited Optics,U,NA,MINOR,,51.1141,51.1141,2.9160,31.55,14,,10,2,1,,,,
2c827641-7121-4f91-b9b6-8d643d7a16cc,GPS USPSA November 2025,2025-11-23,5,Bay 8,0d301dd3-d7e9-49c5-93c4-7f49ea00d3b9,Kevin Baker,74,37.49,35,37.49,Limited Optics,C,,MINOR,,50.6162,50.6162,2.8876,29.09,11,,12,3,1,,,,
2c827641-7121-4f91-b9b6-8d643d7a16cc,GPS USPSA November 2025,2025-11-23,5,Bay 8,0d301dd3-d7e9-49c5-93c4-7f49ea00d3b9,Rick Russek,75,34.77,36,34.77,Limited Optics,D,A166874,MINOR,Senior,46.9369,46.9369,2.6777,42.20,17,,9,1,,,,,
2c827641-7121-4f91-b9b6-8d643d7a16cc,GPS USPSA November 2025,2025-11-23,5,Bay 8,0d301dd3-d7e9-49c5-93c4-7f49ea00d3b9,Mark Guzman,76,30.95,14,31.27,Carry Optics,C,A158822,MINOR,Senior,42.2198,41.7835,2.3837,34.40,13,,12,1,1,,1,,
2c827641-7121-4f91-b9b6-8d643d7a16cc,GPS USPSA November 2025,2025-11-23,5,Bay 8,0d301dd3-d7e9-49c5-93c4-7f49ea00d3b9,ian loyd,77,1.95,15,1.97,Carry Optics,U,A148072,MINOR,,2.6621,2.6346,0.1503,39.91,12,,8,2,5,,3,,
2c827641-7121-4f91-b9b6-8d643d7a16cc,GPS USPSA November 2025,2025-11-23,5,Bay 8,0d301dd3-d7e9-49c5-93c4-7f49ea00d3b9,Charles Davis,78,0.00,37,0.00,Limited Optics,C,TY73740,MINOR,Super Senior,0.0000,0.0000,,,,,,,,,,,
2c827641-7121-4f91-b9b6-8d643d7a16cc,GPS USPSA November 2025,2025-11-23,5,Bay 8,0d301dd3-d7e9-49c5-93c4-7f49ea00d3b9,Eric Mccampbell,79,0.00,12,0.00,Single Stack,C,A14332,MAJOR,Senior,0.0000,0.0000,,,,,,,,,,,
2c827641-7121-4f91-b9b6-8d643d7a16cc,GPS USPSA November 2025,2025-11-23,5,Bay 8,0d301dd3-d7e9-49c5-93c4-7f49ea00d3b9,Harlan Chen,80,0.00,38,0.00,Limited Optics,B,A163292,MINOR,,0.0000,0.0000,0.0000,14.36,12,,5,,10,,,5,
2c827641-7121-4f91-b9b6-8d643d7a16cc,GPS USPSA November 2025,2025-11-23,6,Bay 9,1783561c-ff54-4d35-a910-3c236e9ae309,Anthony Fong,1,100.00,1,100.00,Limited Optics,M,A142224,MINOR,,120.0000,120.0000,6.7560,17.17,23,,,1,,,,,
2c827641-7121-4f91-b9b6-8d643d7a16cc,GPS USPSA November 2025,2025-11-23,6,Bay 9,1783561c-ff54-4d35-a910-3c236e9ae309,Vinh Lam,2,99.07,2,99.07,Limited Optics,M,Ty101025,MINOR,,118.8792,118.8792,6.6929,15.24,15,,9,,,,,,
2c827641-7121-4f91-b9b6-8d643d7a16cc,GPS USPSA November 2025,2025-11-23,6,Bay 9,1783561c-ff54-4d35-a910-3c236e9ae309,Jacob Tullis,3,97.61,3,97.61,Limited Optics,M,A140523,MINOR,,117.1350,117.1350,6.5947,16.68,19,,5,,,,,,
2c827641-7121-4f91-b9b6-8d643d7a16cc,GPS USPSA November 2025,2025-11-23,6,Bay 9,1783561c-ff54-4d35-a910-3c236e9ae309,James Wong,4,89.27,1,100.00,Carry Optics,B,A162844,MINOR,,120.0000,107.1261,6.0312,18.57,20,,4,,,,,,
2c827641-7121-4f91-b9b6-8d643d7a16cc,GPS USPSA November 2025,2025-11-23,6,Bay 9,1783561c-ff54-4d35-a910-3c236e9ae309,Kevin Bunurai,5,88.62,4,88.62,Limited Optics,U,TY105111,MINOR,,106.3481,106.3481,5.9874,19.04,21,,3,,,,,,
2c827641-7121-4f91-b9b6-8d643d7a16cc,GPS USPSA November 2025,2025-11-23,6,Bay 9,1783561c-ff54-4d35-a910-3c236e9ae309,Roger Feng,6,88.49,2,99.13,Carry Optics,A,A157776,MINOR,,118.9534,106.1918,5.9786,17.73,17,,7,,,,,,
2c827641-7121-4f91-b9b6-8d643d7a16cc,GPS USPSA November 2025,2025-11-23,6,Bay 9,1783561c-ff54-4d35-a910-3c236e9ae309,Adam Bandiera,7,87.76,5,87.76,Limited Optics,A,A148375,MINOR,,105.3126,105.3126,5.9291,18.89,20,,4,,,,,,
2c827641-7121-4f91-b9b6-8d643d7a16cc,GPS USPSA November 2025,2025-11-23,6,Bay 9,1783561c-ff54-4d35-a910-3c236e9ae309,Adriel Taylor,8,86.44,6,86.44,Limited Optics,C,A104321,MINOR,,103.7336,103.7336,5.8402,18.15,17,,7,,,,,,
2c827641-7121-4f91-b9b6-8d643d7a16cc,GPS USPSA November 2025,2025-11-23,6,Bay 9,1783561c-ff54-4d35-a910-3c236e9ae309,Will Goglas,9,85.92,1,100.00,Open,B,A154790,MAJOR,,120.0000,103.0995,5.8045,19.64,18,,6,,,,,,
2c827641-7121-4f91-b9b6-8d643d7a16cc,GPS USPSA November 2025,2025-11-23,6,Bay 9,1783561c-ff54-4d35-a910-3c236e9ae309,John Ren,10,85.89,3,96.21,Carry Optics,B,A168570,MINOR,,115.4536,103.0675,5.8027,20.68,24,,,,,,,,
2c827641-7121-4f91-b9b6-8d643d7a16cc,GPS USPSA November 2025,2025-11-23,6,Bay 9,1783561c-ff54-4d35-a910-3c236e9ae309,Colin Kerrigan,11,85.59,4,95.88,Carry Optics,M,A142731,MINOR,,115.0557,102.7123,5.7827,17.12,20,,3,,1,,,,
2c827641-7121-4f91-b9b6-8d643d7a16cc,GPS USPSA November 2025,2025-11-23,6,Bay 9,1783561c-ff54-4d35-a910-3c236e9ae309,Heath Helgeson,12,85.23,7,85.23,Limited Optics,A,A149129,MINOR,,102.2771,102.2771,5.7582,20.84,24,,,,,,,,
2c827641-7121-4f91-b9b6-8d643d7a16cc,GPS USPSA November 2025,2025-11-23,6,Bay 9,1783561c-ff54-4d35-a910-3c236e9ae309,Ross Winningham,13,84.32,2,98.14,Open,U,A159283,MINOR,,117.7672,101.1812,5.6965,19.31,19,,5,,,,,,
2c827641-7121-4f91-b9b6-8d643d7a16cc,GPS USPSA November 2025,2025-11-23,6,Bay 9,1783561c-ff54-4d35-a910-3c236e9ae309,Michael Hanover,14,83.25,8,83.25,Limited Optics,M,TY146302,MINOR,,99.8970,99.8970,5.6242,16.18,16,,7,,1,,,,
2c827641-7121-4f91-b9b6-8d643d7a16cc,GPS USPSA November 2025,2025-11-23,6,Bay 9,1783561c-ff54-4d35-a910-3c236e9ae309,Gil Yolo,15,79.95,1,100.00,Single Stack,A,L5228,MAJOR,,120.0000,95.9414,5.4015,20.92,19,,4,1,,,,,
2c827641-7121-4f91-b9b6-8d643d7a16cc,GPS USPSA November 2025,2025-11-23,6,Bay 9,1783561c-ff54-4d35-a910-3c236e9ae309,Gabriel Nguyen,16,79.19,5,88.70,Carry Optics,B,A163845,MINOR,,106.4425,95.0231,5.3498,19.44,16,,8,,,,,,
2c827641-7121-4f91-b9b6-8d643d7a16cc,GPS USPSA November 2025,2025-11-23,6,Bay 9,1783561c-ff54-4d35-a910-3c236e9ae309,Pocholo Dimayuga,17,78.96,1,100.00,Limited,B,A106236,MAJOR,,120.0000,94.7531,5.3346,21.37,18,,6,,,,,,
2c827641-7121-4f91-b9b6-8d643d7a16cc,GPS USPSA November 2025,2025-11-23,6,Bay 9,1783561c-ff54-4d35-a910-3c236e9ae309,Paul Felker,18,77.82,9,77.82,Limited Optics,A,Ty107123,MINOR,,93.3783,93.3783,5.2572,17.69,18,,4,1,1,,,,
2c827641-7121-4f91-b9b6-8d643d7a16cc,GPS USPSA November 2025,2025-11-23,6,Bay 9,1783561c-ff54-4d35-a910-3c236e9ae309,Eric Wu,19,77.19,10,77.19,Limited Optics,B,FY104740,MINOR,,92.6234,92.6234,5.2147,19.56,15,,9,,,,,,
2c827641-7121-4f91-b9b6-8d643d7a16cc,GPS USPSA November 2025,2025-11-23,6,Bay 9,1783561c-ff54-4d35-a910-3c236e9ae309,Ryan Jaw,20,76.41,11,76.41,Limited Optics,U,Ty142907,MINOR,,91.6945,91.6945,5.1624,22.47,22,,2,,,,,,
2c827641-7121-4f91-b9b6-8d643d7a16cc,GPS USPSA November 2025,2025-11-23,6,Bay 9,1783561c-ff54-4d35-a910-3c236e9ae309,Khoa Nguyen,21,74.27,2,92.89,Single Stack,A,A117224,MAJOR,Law Enforcement,111.4713,89.1226,5.0176,22.72,20,,3,1,,,,,
2c827641-7121-4f91-b9b6-8d643d7a16cc,GPS USPSA November 2025,2025-11-23,6,Bay 9,1783561c-ff54-4d35-a910-3c236e9ae309,Shawn Prosen,22,73.63,6,82.48,Carry Optics,B,A165388,MINOR,,98.9793,88.3606,4.9747,21.71,18,,6,,,,,,
2c827641-7121-4f91-b9b6-8d643d7a16cc,GPS USPSA November 2025,2025-11-23,6,Bay 9,1783561c-ff54-4d35-a910-3c236e9ae309,Michael Pontious,23,73.52,12,73.52,Limited Optics,B,A94575,MINOR,Super Senior,88.2274,88.2274,4.9672,21.34,17,,7,,,,,,
2c827641-7121-4f91-b9b6-8d643d7a16cc,GPS USPSA November 2025,2025-11-23,6,Bay 9,1783561c-ff54-4d35-a910-3c236e9ae309,Yihao Zuo,24,72.11,13,72.11,Limited Optics,C,A165414,MINOR,,86.5293,86.5293,4.8716,22.58,19,,5,,,,,,
2c827641-7121-4f91-b9b6-8d643d7a16cc,GPS USPSA November 2025,2025-11-23,6,Bay 9,1783561c-ff54-4d35-a910-3c236e9ae309,NeaL NaNDiN,25,71.90,3,83.68,Open,C,Fy71894,MAJOR,,100.4180,86.2753,4.8573,23.47,20,,3,1,,,,,
2c827641-7121-4f91-b9b6-8d643d7a16cc,GPS USPSA November 2025,2025-11-23,6,Bay 9,1783561c-ff54-4d35-a910-3c236e9ae309,Doug Joder,26,71.45,1,100.00,PCC,B,TY115020,MINOR,,120.0000,85.7371,4.8270,21.96,18,,5,1,,,,,
2c827641-7121-4f91-b9b6-8d643d7a16cc,GPS USPSA November 2025,2025-11-23,6,Bay 9,1783561c-ff54-4d35-a910-3c236e9ae309,Paul Beavers,27,71.03,1,100.00,Limited 10,X,220,MAJOR,,120.0000,85.2398,4.7990,24.38,21,,3,,,,,,
2c827641-7121-4f91-b9b6-8d643d7a16cc,GPS USPSA November 2025,2025-11-23,6,Bay 9,1783561c-ff54-4d35-a910-3c236e9ae309,Ivan Velazquez,28,70.42,1,100.00,Production,B,A108486,MINOR,,120.0000,84.5044,4.7576,22.28,18,,5,1,,,,,
2c827641-7121-4f91-b9b6-8d643d7a16cc,GPS USPSA November 2025,2025-11-23,6,Bay 9,1783561c-ff54-4d35-a910-3c236e9ae309,Andre Wijaya,29,69.61,7,77.97,Carry Optics,B,A172696,MINOR,,93.5655,83.5275,4.7026,21.69,16,,7,1,,,,,
2c827641-7121-4f91-b9b6-8d643d7a16cc,GPS USPSA November 2025,2025-11-23,6,Bay 9,1783561c-ff54-4d35-a910-3c236e9ae309,Jason Wells,30,69.23,3,86.59,Single Stack,A,L5218,MINOR,,103.9022,83.0710,4.6769,23.52,20,,3,1,,,,,
2c827641-7121-4f91-b9b6-8d643d7a16cc,GPS USPSA November 2025,2025-11-23,6,Bay 9,1783561c-ff54-4d35-a910-3c236e9ae309,David Zhang,31,68.83,14,68.83,Limited Optics,A,FY140383,MINOR,,82.5933,82.5933,4.6500,19.57,17,,5,1,1,,,,
2c827641-7121-4f91-b9b6-8d643d7a16cc,GPS USPSA November 2025,2025-11-23,6,Bay 9,1783561c-ff54-4d35-a910-3c236e9ae309,Zachary Ralston,32,68.58,15,68.58,Limited Optics,A,A123081,MINOR,,82.2913,82.2913,4.6330,21.80,21,,2,,1,,,,
2c827641-7121-4f91-b9b6-8d643d7a16cc,GPS USPSA November 2025,2025-11-23,6,Bay 9,1783561c-ff54-4d35-a910-3c236e9ae309,Zvi Davidoff,33,68.37,4,79.58,Open,X,0,MAJOR,,95.4997,82.0497,4.6194,22.73,19,,5,,,,1,,
2c827641-7121-4f91-b9b6-8d643d7a16cc,GPS USPSA November 2025,2025-11-23,6,Bay 9,1783561c-ff54-4d35-a910-3c236e9ae309,Ulrick Fong,34,67.93,2,95.08,PCC,B,A170351,MINOR,Senior,114.0907,81.5151,4.5893,21.79,14,,10,,,,,,
2c827641-7121-4f91-b9b6-8d643d7a16cc,GPS USPSA November 2025,2025-11-23,6,Bay 9,1783561c-ff54-4d35-a910-3c236e9ae309,John Brunkhorst,35,67.72,4,84.70,Single Stack,U,L6310,MAJOR,,101.6429,81.2647,4.5752,24.48,16,,8,,,,,,
2c827641-7121-4f91-b9b6-8d643d7a16cc,GPS USPSA November 2025,2025-11-23,6,Bay 9,1783561c-ff54-4d35-a910-3c236e9ae309,Roman Gwiscz,36,67.55,16,67.55,Limited Optics,B,L4670,MINOR,,81.0604,81.0604,4.5637,19.94,16,,7,,1,,,,
2c827641-7121-4f91-b9b6-8d643d7a16cc,GPS USPSA November 2025,2025-11-23,6,Bay 9,1783561c-ff54-4d35-a910-3c236e9ae309,Abrahan Figueroa,37,67.05,17,67.05,Limited Optics,C,TY 54053,MINOR,Senior,80.4600,80.4600,4.5299,23.40,17,,7,,,,,,
2c827641-7121-4f91-b9b6-8d643d7a16cc,GPS USPSA November 2025,2025-11-23,6,Bay 9,1783561c-ff54-4d35-a910-3c236e9ae309,Jon Baguio,38,66.79,5,77.74,Open,C,X,MAJOR,,93.2918,80.1528,4.5126,22.16,20,,2,1,1,,,,
2c827641-7121-4f91-b9b6-8d643d7a16cc,GPS USPSA November 2025,2025-11-23,6,Bay 9,1783561c-ff54-4d35-a910-3c236e9ae309,Steven McNamara,39,65.99,18,65.99,Limited Optics,B,A75212,MINOR,Senior,79.1829,79.1829,4.4580,22.88,15,,9,,,,,,
2c827641-7121-4f91-b9b6-8d643d7a16cc,GPS USPSA November 2025,2025-11-23,6,Bay 9,1783561c-ff54-4d35-a910-3c236e9ae309,Ignacio Caoagas jr,40,65.76,19,65.76,Limited Optics,U,A170038,MINOR,,78.9076,78.9076,4.4425,22.51,16,,6,2,,,,,
2c827641-7121-4f91-b9b6-8d643d7a16cc,GPS USPSA November 2025,2025-11-23,6,Bay 9,1783561c-ff54-4d35-a910-3c236e9ae309,Markho Babasoro,41,65.48,20,65.48,Limited Optics,U,A174757,MINOR,,78.5719,78.5719,4.4236,23.51,16,,8,,,,,,
2c827641-7121-4f91-b9b6-8d643d7a16cc,GPS USPSA November 2025,2025-11-23,6,Bay 9,1783561c-ff54-4d35-a910-3c236e9ae309,Harlan Chen,42,64.87,21,64.87,Limited Optics,B,A163292,MINOR,,77.8437,77.8437,4.3826,23.73,16,,8,,,,,,
2c827641-7121-4f91-b9b6-8d643d7a16cc,GPS USPSA November 2025,2025-11-23,6,Bay 9,1783561c-ff54-4d35-a910-3c236e9ae309,Kevin Baker,43,64.47,22,64.47,Limited Optics,C,,MINOR,,77.3641,77.3641,4.3556,22.50,15,,7,2,,,,,
2c827641-7121-4f91-b9b6-8d643d7a16cc,GPS USPSA November 2025,2025-11-23,6,Bay 9,1783561c-ff54-4d35-a910-3c236e9ae309,Jay-R delos-Santos,44,64.28,5,80.40,Single Stack,C,A70297,MAJOR,Senior,96.4843,77.1403,4.3430,26.94,21,,3,,,,,,
2c827641-7121-4f91-b9b6-8d643d7a16cc,GPS USPSA November 2025,2025-11-23,6,Bay 9,1783561c-ff54-4d35-a910-3c236e9ae309,Travis Swingle,45,63.94,8,71.63,Carry Optics,U,A174147,MINOR,,85.9530,76.7318,4.3200,25.00,18,,6,,,,,,
2c827641-7121-4f91-b9b6-8d643d7a16cc,GPS USPSA November 2025,2025-11-23,6,Bay 9,1783561c-ff54-4d35-a910-3c236e9ae309,Pat Byrne,46,62.46,6,78.12,Single Stack,B,ty93921,MINOR,Distinguished Senior,93.7451,74.9503,4.2197,27.49,22,,2,,,,,,
2c827641-7121-4f91-b9b6-8d643d7a16cc,GPS USPSA November 2025,2025-11-23,6,Bay 9,1783561c-ff54-4d35-a910-3c236e9ae309,Gary Wu,47,62.34,23,62.34,Limited Optics,B,L2998,MINOR,Senior,74.8135,74.8135,4.2120,22.08,18,,4,1,1,,,,
2c827641-7121-4f91-b9b6-8d643d7a16cc,GPS USPSA November 2025,2025-11-23,6,Bay 9,1783561c-ff54-4d35-a910-3c236e9ae309,Tommy Teas,48,61.86,7,77.37,Single Stack,B,FY2227,MAJOR,Senior,92.8498,74.2345,4.1794,26.08,13,,11,,,,,,
2c827641-7121-4f91-b9b6-8d643d7a16cc,GPS USPSA November 2025,2025-11-23,6,Bay 9,1783561c-ff54-4d35-a910-3c236e9ae309,Stormtrooper Qian,49,59.55,24,59.55,Limited Optics,B,A150939,MINOR,,71.4600,71.4600,4.0232,25.85,17,,6,1,,,,,
2c827641-7121-4f91-b9b6-8d643d7a16cc,GPS USPSA November 2025,2025-11-23,6,Bay 9,1783561c-ff54-4d35-a910-3c236e9ae309,Luke Kwan,50,59.19,6,68.89,Open,C,A152338,MINOR,,82.6655,71.0231,3.9986,28.01,20,,4,,,,,,
2c827641-7121-4f91-b9b6-8d643d7a16cc,GPS USPSA November 2025,2025-11-23,6,Bay 9,1783561c-ff54-4d35-a910-3c236e9ae309,Garrick Gonzalez,51,59.01,25,59.01,Limited Optics,C,A119804,MINOR,,70.8064,70.8064,3.9864,20.57,18,,4,,2,,,,
2c827641-7121-4f91-b9b6-8d643d7a16cc,GPS USPSA November 2025,2025-11-23,6,Bay 9,1783561c-ff54-4d35-a910-3c236e9ae309,"Ross ""Riff Raff"" Pimentel",52,58.23,26,58.23,Limited Optics,C,A157753,MINOR,Senior,69.8757,69.8757,3.9340,23.64,18,,4,1,1,,,,
2c827641-7121-4f91-b9b6-8d643d7a16cc,GPS USPSA November 2025,2025-11-23,6,Bay 9,1783561c-ff54-4d35-a910-3c236e9ae309,FRANCIS NGUYEN,53,56.07,27,56.07,Limited Optics,U,A169979,MINOR,,67.2806,67.2806,3.7879,18.48,17,,5,,2,,1,,
2c827641-7121-4f91-b9b6-8d643d7a16cc,GPS USPSA November 2025,2025-11-23,6,Bay 9,1783561c-ff54-4d35-a910-3c236e9ae309,Raul Lorenzana,54,54.56,9,61.12,Carry Optics,D,A161461,MINOR,,73.3406,65.4725,3.6861,25.23,18,,4,1,1,,,,
2c827641-7121-4f91-b9b6-8d643d7a16cc,GPS USPSA November 2025,2025-11-23,6,Bay 9,1783561c-ff54-4d35-a910-3c236e9ae309,Alexandria Farrar,55,53.84,10,60.31,Carry Optics,U,A165859,MINOR,Lady; Law Enforcement; Military,72.3756,64.6110,3.6376,29.69,18,,6,,,,,,
2c827641-7121-4f91-b9b6-8d643d7a16cc,GPS USPSA November 2025,2025-11-23,6,Bay 9,1783561c-ff54-4d35-a910-3c236e9ae309,Rudy Widiaman,56,53.11,28,53.11,Limited Optics,C,A55535,MINOR,,63.7371,63.7371,3.5884,23.13,17,,6,,1,,1,,
2c827641-7121-4f91-b9b6-8d643d7a16cc,GPS USPSA November 2025,2025-11-23,6,Bay 9,1783561c-ff54-4d35-a910-3c236e9ae309,Coder Wang,57,52.20,3,73.06,PCC,B,A170259,MINOR,,87.6718,62.6394,3.5266,25.52,14,,10,,,,1,,
2c827641-7121-4f91-b9b6-8d643d7a16cc,GPS USPSA November 2025,2025-11-23,6,Bay 9,1783561c-ff54-4d35-a910-3c236e9ae309,Ahmed Hamouda,58,51.69,7,60.16,Open,U,N/A,MINOR,,72.1943,62.0266,3.4921,31.50,21,,1,2,,,,,
2c827641-7121-4f91-b9b6-8d643d7a16cc,GPS USPSA November 2025,2025-11-23,6,Bay 9,1783561c-ff54-4d35-a910-3c236e9ae309,Carreno Yulmer,59,51.40,29,51.40,Limited Optics,B,A157204,MINOR,,61.6785,61.6785,3.4725,22.75,15,,8,,1,,1,,
2c827641-7121-4f91-b9b6-8d643d7a16cc,GPS USPSA November 2025,2025-11-23,6,Bay 9,1783561c-ff54-4d35-a910-3c236e9ae309,Mark Guzman,60,51.38,11,57.56,Carry Optics,C,A158822,MINOR,Senior,69.0708,61.6607,3.4715,28.23,16,,5,3,,,,,
2c827641-7121-4f91-b9b6-8d643d7a16cc,GPS USPSA November 2025,2025-11-23,6,Bay 9,1783561c-ff54-4d35-a910-3c236e9ae309,Don Sanders,61,50.99,30,50.99,Limited Optics,B,FY46389,MINOR,Senior,61.1829,61.1829,3.4446,28.45,16,,5,3,,,,,
2c827641-7121-4f91-b9b6-8d643d7a16cc,GPS USPSA November 2025,2025-11-23,6,Bay 9,1783561c-ff54-4d35-a910-3c236e9ae309,Jose Lopez,62,50.95,12,57.07,Carry Optics,U,A173303,MINOR,,68.4879,61.1403,3.4422,34.28,23,,1,,,,,,
2c827641-7121-4f91-b9b6-8d643d7a16cc,GPS USPSA November 2025,2025-11-23,6,Bay 9,1783561c-ff54-4d35-a910-3c236e9ae309,Jeannie Marrone,63,48.71,8,56.69,Open,C,TY133357,MAJOR,Lady; Super Senior,68.0327,58.4512,3.2908,35.25,20,,4,,,,,,
2c827641-7121-4f91-b9b6-8d643d7a16cc,GPS USPSA November 2025,2025-11-23,6,Bay 9,1783561c-ff54-4d35-a910-3c236e9ae309,Matthew Gonzalez,64,48.07,13,53.85,Carry Optics,B,A119810,MINOR,,64.6180,57.6856,3.2477,28.02,16,,7,,1,,,,
2c827641-7121-4f91-b9b6-8d643d7a16cc,GPS USPSA November 2025,2025-11-23,6,Bay 9,1783561c-ff54-4d35-a910-3c236e9ae309,Dan Schreiber,65,47.91,8,59.92,Single Stack,U,A147899,MAJOR,Super Senior,71.9067,57.4902,3.2367,35.53,19,,5,,,,,,
2c827641-7121-4f91-b9b6-8d643d7a16cc,GPS USPSA November 2025,2025-11-23,6,Bay 9,1783561c-ff54-4d35-a910-3c236e9ae309,Taylor Latham,66,46.77,9,58.50,Single Stack,B,TY39841,MINOR,Super Senior,70.2005,56.1261,3.1599,26.90,14,,8,1,1,,,,
2c827641-7121-4f91-b9b6-8d643d7a16cc,GPS USPSA November 2025,2025-11-23,6,Bay 9,1783561c-ff54-4d35-a910-3c236e9ae309,Cliff Pinsent,67,46.76,14,52.38,Carry Optics,B,FY99321,MINOR,Distinguished Senior,62.8611,56.1172,3.1594,28.17,15,,8,,1,,,,
2c827641-7121-4f91-b9b6-8d643d7a16cc,GPS USPSA November 2025,2025-11-23,6,Bay 9,1783561c-ff54-4d35-a910-3c236e9ae309,Orion Darley,68,44.84,31,44.84,Limited Optics,U,A174939,MINOR,,53.8099,53.8099,3.0295,36.31,19,,5,,,,,,
2c827641-7121-4f91-b9b6-8d643d7a16cc,GPS USPSA November 2025,2025-11-23,6,Bay 9,1783561c-ff54-4d35-a910-3c236e9ae309,Carlos Escandon,69,42.54,10,53.21,Single Stack,A,L2590,MAJOR,Super Senior,63.8512,51.0497,2.8741,30.27,19,,3,,2,,,,
2c827641-7121-4f91-b9b6-8d643d7a16cc,GPS USPSA November 2025,2025-11-23,6,Bay 9,1783561c-ff54-4d35-a910-3c236e9ae309,Christian Morales,70,42.38,32,42.38,Limited Optics,U,A57907,MINOR,Senior,50.8615,50.8615,2.8635,31.43,17,,4,3,,,1,,
2c827641-7121-4f91-b9b6-8d643d7a16cc,GPS USPSA November 2025,2025-11-23,6,Bay 9,1783561c-ff54-4d35-a910-3c236e9ae309,Ryan Winningham,71,42.25,33,42.25,Limited Optics,U,NA,MINOR,,50.7034,50.7034,2.8546,33.63,18,,5,1,,,1,,
2c827641-7121-4f91-b9b6-8d643d7a16cc,GPS USPSA November 2025,2025-11-23,6,Bay 9,1783561c-ff54-4d35-a910-3c236e9ae309,Dale Hamm,72,41.88,11,52.38,Single Stack,C,TY97196,MAJOR,Super Senior,62.8537,50.2522,2.8292,38.88,16,,7,1,,,,,
2c827641-7121-4f91-b9b6-8d643d7a16cc,GPS USPSA November 2025,2025-11-23,6,Bay 9,1783561c-ff54-4d35-a910-3c236e9ae309,Yanlin Xiang,73,41.37,34,41.37,Limited Optics,B,A164967,MINOR,,49.6430,49.6430,2.7949,21.11,18,,3,,3,,,1,
2c827641-7121-4f91-b9b6-8d643d7a16cc,GPS USPSA November 2025,2025-11-23,6,Bay 9,1783561c-ff54-4d35-a910-3c236e9ae309,Rick Russek,74,41.03,35,41.03,Limited Optics,D,A166874,MINOR,Senior,49.2416,49.2416,2.7723,35.35,14,,9,1,,,,,
2c827641-7121-4f91-b9b6-8d643d7a16cc,GPS USPSA November 2025,2025-11-23,6,Bay 9,1783561c-ff54-4d35-a910-3c236e9ae309,Garth Plyler,75,36.02,2,51.14,Production,U,A174944,MINOR,,61.3721,43.2185,2.4332,33.70,18,,4,,2,,,,
2c827641-7121-4f91-b9b6-8d643d7a16cc,GPS USPSA November 2025,2025-11-23,6,Bay 9,1783561c-ff54-4d35-a910-3c236e9ae309,Sonny Somera,76,35.58,36,35.58,Limited Optics,D,A118611,MINOR,,42.6963,42.6963,2.4038,33.28,12,,9,3,,,1,,
2c827641-7121-4f91-b9b6-8d643d7a16cc,GPS USPSA November 2025,2025-11-23,6,Bay 9,1783561c-ff54-4d35-a910-3c236e9ae309,Wade Pruetz,77,29.19,37,29.19,Limited Optics,U,TY79055,MINOR,Senior,35.0302,35.0302,1.9722,17.24,17,,3,,4,,,2,
2c827641-7121-4f91-b9b6-8d643d7a16cc,GPS USPSA November 2025,2025-11-23,6,Bay 9,1783561c-ff54-4d35-a910-3c236e9ae309,ian loyd,78,11.78,15,13.20,Carry Optics,U,A148072,MINOR,,15.8357,14.1368,0.7959,42.72,13,,6,1,4,,1,,
2c827641-7121-4f91-b9b6-8d643d7a16cc,GPS USPSA November 2025,2025-11-23,6,Bay 9,1783561c-ff54-4d35-a910-3c236e9ae309,Charles Davis,79,0.00,38,0.00,Limited Optics,C,TY73740,MINOR,Super Senior,0.0000,0.0000,,,,,,,,,,,
2c827641-7121-4f91-b9b6-8d643d7a16cc,GPS USPSA November 2025,2025-11-23,6,Bay 9,1783561c-ff54-4d35-a910-3c236e9ae309,Eric Mccampbell,80,0.00,12,0.00,Single Stack,C,A14332,MAJOR,Senior,0.0000,0.0000,,,,,,,,,,,
2c827641-7121-4f91-b9b6-8d643d7a16cc,GPS USPSA November 2025,2025-11-23,7,Bay 10: Deja Vu All Over Again,28dd1464-7a7e-4fde-a72e-f88078b2de40,Vinh Lam,1,100.00,1,100.00,Limited Optics,M,Ty101025,MINOR,,60.0000,60.0000,10.1010,5.94,12,,,,,,,,
2c827641-7121-4f91-b9b6-8d643d7a16cc,GPS USPSA November 2025,2025-11-23,7,Bay 10: Deja Vu All Over Again,28dd1464-7a7e-4fde-a72e-f88078b2de40,Jacob Tullis,2,97.61,2,97.61,Limited Optics,M,A140523,MINOR,,58.5637,58.5637,9.8592,5.68,10,,2,,,,,,
2c827641-7121-4f91-b9b6-8d643d7a16cc,GPS USPSA November 2025,2025-11-23,7,Bay 10: Deja Vu All Over Again,28dd1464-7a7e-4fde-a72e-f88078b2de40,Anthony Fong,3,95.86,3,95.86,Limited Optics,M,A142224,MINOR,,57.5159,57.5159,9.6828,5.99,11,,1,,,,,,
2c827641-7121-4f91-b9b6-8d643d7a16cc,GPS USPSA November 2025,2025-11-23,7,Bay 10: Deja Vu All Over Again,28dd1464-7a7e-4fde-a72e-f88078b2de40,Adam Bandiera,4,91.14,4,91.14,Limited Optics,A,A148375,MINOR,,54.6855,54.6855,9.2063,6.30,11,,1,,,,,,
2c827641-7121-4f91-b9b6-8d643d7a16cc,GPS USPSA November 2025,2025-11-23,7,Bay 10: Deja Vu All Over Again,28dd1464-7a7e-4fde-a72e-f88078b2de40,Kevin Bunurai,5,91.03,5,91.03,Limited Optics,U,TY105111,MINOR,,54.6207,54.6207,9.1954,6.09,10,,2,,,,,,
2c827641-7121-4f91-b9b6-8d643d7a16cc,GPS USPSA November 2025,2025-11-23,7,Bay 10: Deja Vu All Over Again,28dd1464-7a7e-4fde-a72e-f88078b2de40,Shawn Prosen,6,85.32,1,100.00,Carry Optics,B,A165388,MINOR,,60.0000,51.1916,8.6181,6.73,11,,1,,,,,,
2c827641-7121-4f91-b9b6-8d643d7a16cc,GPS USPSA November 2025,2025-11-23,7,Bay 10: Deja Vu All Over Again,28dd1464-7a7e-4fde-a72e-f88078b2de40,Colin Kerrigan,7,84.82,2,99.41,Carry Optics,M,A142731,MINOR,,59.6456,50.8892,8.5672,6.77,11,,1,,,,,,
2c827641-7121-4f91-b9b6-8d643d7a16cc,GPS USPSA November 2025,2025-11-23,7,Bay 10: Deja Vu All Over Again,28dd1464-7a7e-4fde-a72e-f88078b2de40,Ross Winningham,8,82.74,1,100.00,Open,U,A159283,MINOR,,60.0000,49.6424,8.3573,6.94,11,,1,,,,,,
2c827641-7121-4f91-b9b6-8d643d7a16cc,GPS USPSA November 2025,2025-11-23,7,Bay 10: Deja Vu All Over Again,28dd1464-7a7e-4fde-a72e-f88078b2de40,Roger Feng,9,80.93,3,94.86,Carry Optics,A,A157776,MINOR,,56.9165,48.5607,8.1752,6.85,10,,2,,,,,,
2c827641-7121-4f91-b9b6-8d643d7a16cc,GPS USPSA November 2025,2025-11-23,7,Bay 10: Deja Vu All Over Again,28dd1464-7a7e-4fde-a72e-f88078b2de40,Michael Pontious,10,79.31,6,79.31,Limited Optics,B,A94575,MINOR,Super Senior,47.5878,47.5878,8.0114,6.99,10,,2,,,,,,
2c827641-7121-4f91-b9b6-8d643d7a16cc,GPS USPSA November 2025,2025-11-23,7,Bay 10: Deja Vu All Over Again,28dd1464-7a7e-4fde-a72e-f88078b2de40,Gabriel Nguyen,11,78.23,4,91.69,Carry Optics,B,A163845,MINOR,,55.0138,46.9373,7.9019,7.34,11,,1,,,,,,
2c827641-7121-4f91-b9b6-8d643d7a16cc,GPS USPSA November 2025,2025-11-23,7,Bay 10: Deja Vu All Over Again,28dd1464-7a7e-4fde-a72e-f88078b2de40,Will Goglas,12,77.98,2,94.26,Open,B,A154790,MAJOR,,56.5532,46.7906,7.8772,7.49,11,,1,,,,,,
2c827641-7121-4f91-b9b6-8d643d7a16cc,GPS USPSA November 2025,2025-11-23,7,Bay 10: Deja Vu All Over Again,28dd1464-7a7e-4fde-a72e-f88078b2de40,John Ren,13,77.97,5,91.39,Carry Optics,B,A168570,MINOR,,54.8348,46.7847,7.8762,7.11,10,,2,,,,,,
2c827641-7121-4f91-b9b6-8d643d7a16cc,GPS USPSA November 2025,2025-11-23,7,Bay 10: Deja Vu All Over Again,28dd1464-7a7e-4fde-a72e-f88078b2de40,Paul Felker,14,77.48,7,77.48,Limited Optics,A,Ty107123,MINOR,,46.4871,46.4871,7.8261,6.90,9,,3,,,,,,
2c827641-7121-4f91-b9b6-8d643d7a16cc,GPS USPSA November 2025,2025-11-23,7,Bay 10: Deja Vu All Over Again,28dd1464-7a7e-4fde-a72e-f88078b2de40,Matthew Gonzalez,15,77.04,6,90.30,Carry Optics,B,A119810,MINOR,,54.1797,46.2257,7.7821,7.71,12,,,,,,,,
2c827641-7121-4f91-b9b6-8d643d7a16cc,GPS USPSA November 2025,2025-11-23,7,Bay 10: Deja Vu All Over Again,28dd1464-7a7e-4fde-a72e-f88078b2de40,Zachary Ralston,16,74.92,8,74.92,Limited Optics,A,A123081,MINOR,,44.9516,44.9516,7.5676,7.40,10,,2,,,,,,
2c827641-7121-4f91-b9b6-8d643d7a16cc,GPS USPSA November 2025,2025-11-23,7,Bay 10: Deja Vu All Over Again,28dd1464-7a7e-4fde-a72e-f88078b2de40,Ryan Jaw,17,73.63,9,73.63,Limited Optics,U,Ty142907,MINOR,,44.1752,44.1752,7.4369,7.53,10,,2,,,,,,
2c827641-7121-4f91-b9b6-8d643d7a16cc,GPS USPSA November 2025,2025-11-23,7,Bay 10: Deja Vu All Over Again,28dd1464-7a7e-4fde-a72e-f88078b2de40,Pocholo Dimayuga,18,72.53,1,100.00,Limited,B,A106236,MAJOR,,60.0000,43.5195,7.3265,7.78,9,,3,,,,,,
2c827641-7121-4f91-b9b6-8d643d7a16cc,GPS USPSA November 2025,2025-11-23,7,Bay 10: Deja Vu All Over Again,28dd1464-7a7e-4fde-a72e-f88078b2de40,Wade Pruetz,19,72.35,10,72.35,Limited Optics,U,TY79055,MINOR,Senior,43.4108,43.4108,7.3082,8.21,12,,,,,,,,
2c827641-7121-4f91-b9b6-8d643d7a16cc,GPS USPSA November 2025,2025-11-23,7,Bay 10: Deja Vu All Over Again,28dd1464-7a7e-4fde-a72e-f88078b2de40,Ivan Velazquez,20,72.24,1,100.00,Production,B,A108486,MINOR,,60.0000,43.3460,7.2973,7.40,9,,3,,,,,,
2c827641-7121-4f91-b9b6-8d643d7a16cc,GPS USPSA November 2025,2025-11-23,7,Bay 10: Deja Vu All Over Again,28dd1464-7a7e-4fde-a72e-f88078b2de40,Ulrick Fong,21,72.14,1,100.00,PCC,B,A170351,MINOR,Senior,60.0000,43.2813,7.2864,7.96,11,,1,,,,,,
2c827641-7121-4f91-b9b6-8d643d7a16cc,GPS USPSA November 2025,2025-11-23,7,Bay 10: Deja Vu All Over Again,28dd1464-7a7e-4fde-a72e-f88078b2de40,Steven McNamara,22,71.48,11,71.48,Limited Optics,B,A75212,MINOR,Senior,42.8880,42.8880,7.2202,8.31,12,,,,,,,,
2c827641-7121-4f91-b9b6-8d643d7a16cc,GPS USPSA November 2025,2025-11-23,7,Bay 10: Deja Vu All Over Again,28dd1464-7a7e-4fde-a72e-f88078b2de40,Carreno Yulmer,23,71.15,12,71.15,Limited Optics,B,A157204,MINOR,,42.6914,42.6914,7.1871,8.07,11,,1,,,,,,
2c827641-7121-4f91-b9b6-8d643d7a16cc,GPS USPSA November 2025,2025-11-23,7,Bay 10: Deja Vu All Over Again,28dd1464-7a7e-4fde-a72e-f88078b2de40,Doug Joder,24,70.91,2,98.30,PCC,B,TY115020,MINOR,,58.9797,42.5453,7.1625,7.26,8,,4,,,,,,
2c827641-7121-4f91-b9b6-8d643d7a16cc,GPS USPSA November 2025,2025-11-23,7,Bay 10: Deja Vu All Over Again,28dd1464-7a7e-4fde-a72e-f88078b2de40,Carlos Escandon,25,69.47,1,100.00,Single Stack,A,L2590,MAJOR,Super Senior,60.0000,41.6840,7.0175,8.55,12,,,,,,,,
2c827641-7121-4f91-b9b6-8d643d7a16cc,GPS USPSA November 2025,2025-11-23,7,Bay 10: Deja Vu All Over Again,28dd1464-7a7e-4fde-a72e-f88078b2de40,Adriel Taylor,26,67.42,13,67.42,Limited Optics,C,A104321,MINOR,,40.4491,40.4491,6.8096,7.93,9,,3,,,,,,
2c827641-7121-4f91-b9b6-8d643d7a16cc,GPS USPSA November 2025,2025-11-23,7,Bay 10: Deja Vu All Over Again,28dd1464-7a7e-4fde-a72e-f88078b2de40,Jason Wells,27,67.25,2,96.79,Single Stack,A,L5218,MINOR,,58.0762,40.3475,6.7925,7.95,9,,3,,,,,,
2c827641-7121-4f91-b9b6-8d643d7a16cc,GPS USPSA November 2025,2025-11-23,7,Bay 10: Deja Vu All Over Again,28dd1464-7a7e-4fde-a72e-f88078b2de40,"Ross ""Riff Raff"" Pimentel",28,65.45,14,65.45,Limited Optics,C,A157753,MINOR,Senior,39.2729,39.2729,6.6116,8.47,10,,2,,,,,,
2c827641-7121-4f91-b9b6-8d643d7a16cc,GPS USPSA November 2025,2025-11-23,7,Bay 10: Deja Vu All Over Again,28dd1464-7a7e-4fde-a72e-f88078b2de40,Michael Hanover,29,65.23,15,65.23,Limited Optics,M,TY146302,MINOR,,39.1363,39.1363,6.5886,6.83,11,,,,1,,,,
2c827641-7121-4f91-b9b6-8d643d7a16cc,GPS USPSA November 2025,2025-11-23,7,Bay 10: Deja Vu All Over Again,28dd1464-7a7e-4fde-a72e-f88078b2de40,Abrahan Figueroa,30,64.80,16,64.80,Limited Optics,C,TY 54053,MINOR,Senior,38.8803,38.8803,6.5455,8.25,9,,3,,,,,,
2c827641-7121-4f91-b9b6-8d643d7a16cc,GPS USPSA November 2025,2025-11-23,7,Bay 10: Deja Vu All Over Again,28dd1464-7a7e-4fde-a72e-f88078b2de40,Khoa Nguyen,31,64.74,3,93.19,Single Stack,A,A117224,MAJOR,Law Enforcement,55.9156,38.8465,6.5398,8.41,7,,5,,,,,,
2c827641-7121-4f91-b9b6-8d643d7a16cc,GPS USPSA November 2025,2025-11-23,7,Bay 10: Deja Vu All Over Again,28dd1464-7a7e-4fde-a72e-f88078b2de40,Harlan Chen,32,64.41,17,64.41,Limited Optics,B,A163292,MINOR,,38.6457,38.6457,6.5060,8.30,10,,1,1,,,,,
2c827641-7121-4f91-b9b6-8d643d7a16cc,GPS USPSA November 2025,2025-11-23,7,Bay 10: Deja Vu All Over Again,28dd1464-7a7e-4fde-a72e-f88078b2de40,James Wong,33,62.51,7,73.27,Carry Optics,B,A162844,MINOR,,43.9600,37.5064,6.3142,6.81,10,,1,,1,,,,
2c827641-7121-4f91-b9b6-8d643d7a16cc,GPS USPSA November 2025,2025-11-23,7,Bay 10: Deja Vu All Over Again,28dd1464-7a7e-4fde-a72e-f88078b2de40,Gary Wu,34,62.40,18,62.40,Limited Optics,B,L2998,MINOR,Senior,37.4399,37.4399,6.3030,8.25,9,,2,1,,,,,
2c827641-7121-4f91-b9b6-8d643d7a16cc,GPS USPSA November 2025,2025-11-23,7,Bay 10: Deja Vu All Over Again,28dd1464-7a7e-4fde-a72e-f88078b2de40,David Zhang,35,62.20,19,62.20,Limited Optics,A,FY140383,MINOR,,37.3193,37.3193,6.2827,7.64,7,,4,1,,,,,
2c827641-7121-4f91-b9b6-8d643d7a16cc,GPS USPSA November 2025,2025-11-23,7,Bay 10: Deja Vu All Over Again,28dd1464-7a7e-4fde-a72e-f88078b2de40,FRANCIS NGUYEN,36,61.78,20,61.78,Limited Optics,U,A169979,MINOR,,37.0686,37.0686,6.2405,6.57,9,,2,,1,,,,
2c827641-7121-4f91-b9b6-8d643d7a16cc,GPS USPSA November 2025,2025-11-23,7,Bay 10: Deja Vu All Over Again,28dd1464-7a7e-4fde-a72e-f88078b2de40,Roman Gwiscz,37,60.74,21,60.74,Limited Optics,B,L4670,MINOR,,36.4419,36.4419,6.1350,9.78,12,,,,,,,,
2c827641-7121-4f91-b9b6-8d643d7a16cc,GPS USPSA November 2025,2025-11-23,7,Bay 10: Deja Vu All Over Again,28dd1464-7a7e-4fde-a72e-f88078b2de40,Yihao Zuo,38,60.61,22,60.61,Limited Optics,C,A165414,MINOR,,36.3671,36.3671,6.1224,8.82,9,,3,,,,,,
2c827641-7121-4f91-b9b6-8d643d7a16cc,GPS USPSA November 2025,2025-11-23,7,Bay 10: Deja Vu All Over Again,28dd1464-7a7e-4fde-a72e-f88078b2de40,Kevin Baker,39,60.52,23,60.52,Limited Optics,C,,MINOR,,36.3142,36.3142,6.1135,9.16,10,,2,,,,,,
2c827641-7121-4f91-b9b6-8d643d7a16cc,GPS USPSA November 2025,2025-11-23,7,Bay 10: Deja Vu All Over Again,28dd1464-7a7e-4fde-a72e-f88078b2de40,Yanlin Xiang,40,58.43,24,58.43,Limited Optics,B,A164967,MINOR,,35.0555,35.0555,5.9016,9.15,9,,3,,,,,,
2c827641-7121-4f91-b9b6-8d643d7a16cc,GPS USPSA November 2025,2025-11-23,7,Bay 10: Deja Vu All Over Again,28dd1464-7a7e-4fde-a72e-f88078b2de40,Stormtrooper Qian,41,57.78,25,57.78,Limited Optics,B,A150939,MINOR,,34.6694,34.6694,5.8366,7.71,11,,,,1,,,,
2c827641-7121-4f91-b9b6-8d643d7a16cc,GPS USPSA November 2025,2025-11-23,7,Bay 10: Deja Vu All Over Again,28dd1464-7a7e-4fde-a72e-f88078b2de40,Garrick Gonzalez,42,57.12,26,57.12,Limited Optics,C,A119804,MINOR,,34.2691,34.2691,5.7692,7.80,11,,,,1,,,,
2c827641-7121-4f91-b9b6-8d643d7a16cc,GPS USPSA November 2025,2025-11-23,7,Bay 10: Deja Vu All Over Again,28dd1464-7a7e-4fde-a72e-f88078b2de40,Tommy Teas,43,56.68,4,81.59,Single Stack,B,FY2227,MAJOR,Senior,48.9542,34.0101,5.7256,10.13,10,,2,,,,,,
2c827641-7121-4f91-b9b6-8d643d7a16cc,GPS USPSA November 2025,2025-11-23,7,Bay 10: Deja Vu All Over Again,28dd1464-7a7e-4fde-a72e-f88078b2de40,NeaL NaNDiN,44,56.47,3,68.25,Open,C,Fy71894,MAJOR,,40.9503,33.8812,5.7039,8.24,9,,3,,,,1,,
2c827641-7121-4f91-b9b6-8d643d7a16cc,GPS USPSA November 2025,2025-11-23,7,Bay 10: Deja Vu All Over Again,28dd1464-7a7e-4fde-a72e-f88078b2de40,Pat Byrne,45,54.43,5,78.34,Single Stack,B,ty93921,MINOR,Distinguished Senior,47.0048,32.6558,5.4976,10.55,11,,1,,,,,,
2c827641-7121-4f91-b9b6-8d643d7a16cc,GPS USPSA November 2025,2025-11-23,7,Bay 10: Deja Vu All Over Again,28dd1464-7a7e-4fde-a72e-f88078b2de40,Raul Lorenzana,46,53.98,8,63.27,Carry Optics,D,A161461,MINOR,,37.9615,32.3885,5.4526,9.17,12,,,,,,1,,
2c827641-7121-4f91-b9b6-8d643d7a16cc,GPS USPSA November 2025,2025-11-23,7,Bay 10: Deja Vu All Over Again,28dd1464-7a7e-4fde-a72e-f88078b2de40,Travis Swingle,47,53.89,9,63.16,Carry Optics,U,A174147,MINOR,,37.8981,32.3344,5.4435,9.92,9,,3,,,,,,
2c827641-7121-4f91-b9b6-8d643d7a16cc,GPS USPSA November 2025,2025-11-23,7,Bay 10: Deja Vu All Over Again,28dd1464-7a7e-4fde-a72e-f88078b2de40,Zvi Davidoff,48,53.47,4,64.63,Open,X,0,MAJOR,,38.7771,32.0832,5.4012,6.48,11,,,,1,,1,,
2c827641-7121-4f91-b9b6-8d643d7a16cc,GPS USPSA November 2025,2025-11-23,7,Bay 10: Deja Vu All Over Again,28dd1464-7a7e-4fde-a72e-f88078b2de40,Luke Kwan,49,53.09,5,64.17,Open,C,A152338,MINOR,,38.4993,31.8533,5.3625,10.07,10,,1,1,,,,,
2c827641-7121-4f91-b9b6-8d643d7a16cc,GPS USPSA November 2025,2025-11-23,7,Bay 10: Deja Vu All Over Again,28dd1464-7a7e-4fde-a72e-f88078b2de40,John Brunkhorst,50,52.99,6,76.27,Single Stack,U,L6310,MAJOR,,45.7607,31.7915,5.3521,10.65,9,,3,,,,,,
2c827641-7121-4f91-b9b6-8d643d7a16cc,GPS USPSA November 2025,2025-11-23,7,Bay 10: Deja Vu All Over Again,28dd1464-7a7e-4fde-a72e-f88078b2de40,Cliff Pinsent,51,52.30,10,61.30,Carry Optics,B,FY99321,MINOR,Distinguished Senior,36.7807,31.3811,5.2830,10.60,10,,2,,,,,,
2c827641-7121-4f91-b9b6-8d643d7a16cc,GPS USPSA November 2025,2025-11-23,7,Bay 10: Deja Vu All Over Again,28dd1464-7a7e-4fde-a72e-f88078b2de40,Coder Wang,52,52.22,3,72.39,PCC,B,A170259,MINOR,,43.4313,31.3294,5.2743,9.48,7,,5,,,,,,
2c827641-7121-4f91-b9b6-8d643d7a16cc,GPS USPSA November 2025,2025-11-23,7,Bay 10: Deja Vu All Over Again,28dd1464-7a7e-4fde-a72e-f88078b2de40,Ryan Winningham,53,50.96,27,50.96,Limited Optics,U,NA,MINOR,,30.5780,30.5780,5.1478,10.49,9,,3,,,,,,
2c827641-7121-4f91-b9b6-8d643d7a16cc,GPS USPSA November 2025,2025-11-23,7,Bay 10: Deja Vu All Over Again,28dd1464-7a7e-4fde-a72e-f88078b2de40,Ignacio Caoagas jr,54,50.90,28,50.90,Limited Optics,U,A170038,MINOR,,30.5423,30.5423,5.1418,11.28,11,,1,,,,,,
2c827641-7121-4f91-b9b6-8d643d7a16cc,GPS USPSA November 2025,2025-11-23,7,Bay 10: Deja Vu All Over Again,28dd1464-7a7e-4fde-a72e-f88078b2de40,Eric Wu,55,50.50,29,50.50,Limited Optics,B,FY104740,MINOR,,30.3000,30.3000,5.1010,9.41,7,,4,1,,,,,
2c827641-7121-4f91-b9b6-8d643d7a16cc,GPS USPSA November 2025,2025-11-23,7,Bay 10: Deja Vu All Over Again,28dd1464-7a7e-4fde-a72e-f88078b2de40,Heath Helgeson,56,50.39,30,50.39,Limited Optics,A,A149129,MINOR,,30.2364,30.2364,5.0903,6.09,7,,1,3,1,,,,
2c827641-7121-4f91-b9b6-8d643d7a16cc,GPS USPSA November 2025,2025-11-23,7,Bay 10: Deja Vu All Over Again,28dd1464-7a7e-4fde-a72e-f88078b2de40,Rick Russek,57,49.54,31,49.54,Limited Optics,D,A166874,MINOR,Senior,29.7256,29.7256,5.0043,11.59,11,,1,,,,,,
2c827641-7121-4f91-b9b6-8d643d7a16cc,GPS USPSA November 2025,2025-11-23,7,Bay 10: Deja Vu All Over Again,28dd1464-7a7e-4fde-a72e-f88078b2de40,Gil Yolo,58,48.49,7,69.79,Single Stack,A,L5228,MAJOR,,41.8747,29.0918,4.8976,11.23,9,,2,1,,,,,
2c827641-7121-4f91-b9b6-8d643d7a16cc,GPS USPSA November 2025,2025-11-23,7,Bay 10: Deja Vu All Over Again,28dd1464-7a7e-4fde-a72e-f88078b2de40,Jose Lopez,59,47.90,11,56.15,Carry Optics,U,A173303,MINOR,,33.6875,28.7419,4.8387,12.40,12,,,,,,,,
2c827641-7121-4f91-b9b6-8d643d7a16cc,GPS USPSA November 2025,2025-11-23,7,Bay 10: Deja Vu All Over Again,28dd1464-7a7e-4fde-a72e-f88078b2de40,Paul Beavers,60,47.81,1,100.00,Limited 10,X,220,MAJOR,,60.0000,28.6861,4.8293,12.01,10,,2,,,,,,
2c827641-7121-4f91-b9b6-8d643d7a16cc,GPS USPSA November 2025,2025-11-23,7,Bay 10: Deja Vu All Over Again,28dd1464-7a7e-4fde-a72e-f88078b2de40,ian loyd,61,47.44,12,55.60,Carry Optics,U,A148072,MINOR,,33.3589,28.4615,4.7915,11.27,10,,1,1,,,,,
2c827641-7121-4f91-b9b6-8d643d7a16cc,GPS USPSA November 2025,2025-11-23,7,Bay 10: Deja Vu All Over Again,28dd1464-7a7e-4fde-a72e-f88078b2de40,Jeannie Marrone,62,47.29,6,57.16,Open,C,TY133357,MAJOR,Lady; Super Senior,34.2965,28.3760,4.7771,12.56,12,,,,,,,,
2c827641-7121-4f91-b9b6-8d643d7a16cc,GPS USPSA November 2025,2025-11-23,7,Bay 10: Deja Vu All Over Again,28dd1464-7a7e-4fde-a72e-f88078b2de40,Alexandria Farrar,63,47.07,13,55.16,Carry Optics,U,A165859,MINOR,Lady; Law Enforcement; Military,33.0985,28.2394,4.7541,12.20,11,,1,,,,,,
2c827641-7121-4f91-b9b6-8d643d7a16cc,GPS USPSA November 2025,2025-11-23,7,Bay 10: Deja Vu All Over Again,28dd1464-7a7e-4fde-a72e-f88078b2de40,Andre Wijaya,64,46.29,14,54.26,Carry Optics,B,A172696,MINOR,,32.5540,27.7749,4.6759,9.41,9,,3,,,,1,,
2c827641-7121-4f91-b9b6-8d643d7a16cc,GPS USPSA November 2025,2025-11-23,7,Bay 10: Deja Vu All Over Again,28dd1464-7a7e-4fde-a72e-f88078b2de40,Jay-R delos-Santos,65,45.29,8,65.19,Single Stack,C,A70297,MAJOR,Senior,39.1131,27.1732,4.5746,12.46,9,,3,,,,,,
2c827641-7121-4f91-b9b6-8d643d7a16cc,GPS USPSA November 2025,2025-11-23,7,Bay 10: Deja Vu All Over Again,28dd1464-7a7e-4fde-a72e-f88078b2de40,Rudy Widiaman,66,44.80,32,44.80,Limited Optics,C,A55535,MINOR,,26.8779,26.8779,4.5249,8.84,8,,3,1,,,1,,
2c827641-7121-4f91-b9b6-8d643d7a16cc,GPS USPSA November 2025,2025-11-23,7,Bay 10: Deja Vu All Over Again,28dd1464-7a7e-4fde-a72e-f88078b2de40,Garth Plyler,67,42.80,2,59.25,Production,U,A174944,MINOR,,35.5471,25.6804,4.3233,10.64,10,,2,,,,1,,
2c827641-7121-4f91-b9b6-8d643d7a16cc,GPS USPSA November 2025,2025-11-23,7,Bay 10: Deja Vu All Over Again,28dd1464-7a7e-4fde-a72e-f88078b2de40,Sonny Somera,68,42.58,33,42.58,Limited Optics,D,A118611,MINOR,,25.5486,25.5486,4.3011,13.02,10,,2,,,,,,
2c827641-7121-4f91-b9b6-8d643d7a16cc,GPS USPSA November 2025,2025-11-23,7,Bay 10: Deja Vu All Over Again,28dd1464-7a7e-4fde-a72e-f88078b2de40,Dale Hamm,69,40.55,9,58.37,Single Stack,C,TY97196,MAJOR,Super Senior,35.0210,24.3303,4.0960,14.16,10,,2,,,,,,
2c827641-7121-4f91-b9b6-8d643d7a16cc,GPS USPSA November 2025,2025-11-23,7,Bay 10: Deja Vu All Over Again,28dd1464-7a7e-4fde-a72e-f88078b2de40,Orion Darley,70,39.40,34,39.40,Limited Optics,U,A174939,MINOR,,23.6418,23.6418,3.9801,14.07,10,,2,,,,,,
2c827641-7121-4f91-b9b6-8d643d7a16cc,GPS USPSA November 2025,2025-11-23,7,Bay 10: Deja Vu All Over Again,28dd1464-7a7e-4fde-a72e-f88078b2de40,Christian Morales,71,37.52,35,37.52,Limited Optics,U,A57907,MINOR,Senior,22.5132,22.5132,3.7901,10.29,8,,3,,1,,,,
2c827641-7121-4f91-b9b6-8d643d7a16cc,GPS USPSA November 2025,2025-11-23,7,Bay 10: Deja Vu All Over Again,28dd1464-7a7e-4fde-a72e-f88078b2de40,Mark Guzman,72,34.93,15,40.94,Carry Optics,C,A158822,MINOR,Senior,24.5657,20.9593,3.5285,12.47,9,,3,,,,1,,
2c827641-7121-4f91-b9b6-8d643d7a16cc,GPS USPSA November 2025,2025-11-23,7,Bay 10: Deja Vu All Over Again,28dd1464-7a7e-4fde-a72e-f88078b2de40,Taylor Latham,73,34.07,10,49.04,Single Stack,B,TY39841,MINOR,Super Senior,29.4267,20.4437,3.4417,15.69,9,,3,,,,,,
2c827641-7121-4f91-b9b6-8d643d7a16cc,GPS USPSA November 2025,2025-11-23,7,Bay 10: Deja Vu All Over Again,28dd1464-7a7e-4fde-a72e-f88078b2de40,Jon Baguio,74,30.39,7,36.73,Open,C,X,MAJOR,,22.0385,18.2340,3.0697,8.47,8,,1,1,2,,,,
2c827641-7121-4f91-b9b6-8d643d7a16cc,GPS USPSA November 2025,2025-11-23,7,Bay 10: Deja Vu All Over Again,28dd1464-7a7e-4fde-a72e-f88078b2de40,Markho Babasoro,75,25.52,36,25.52,Limited Optics,U,A174757,MINOR,,15.3121,15.3121,2.5778,11.25,8,,3,,1,,1,,
2c827641-7121-4f91-b9b6-8d643d7a16cc,GPS USPSA November 2025,2025-11-23,7,Bay 10: Deja Vu All Over Again,28dd1464-7a7e-4fde-a72e-f88078b2de40,Dan Schreiber,76,18.90,11,27.20,Single Stack,U,A147899,MAJOR,Super Senior,16.3221,11.3395,1.9090,17.81,10,,1,,1,,1,,
2c827641-7121-4f91-b9b6-8d643d7a16cc,GPS USPSA November 2025,2025-11-23,7,Bay 10: Deja Vu All Over Again,28dd1464-7a7e-4fde-a72e-f88078b2de40,Ahmed Hamouda,77,4.65,8,5.62,Open,U,N/A,MINOR,,3.3707,2.7888,0.4695,10.65,8,,1,2,1,,2,1,
2c827641-7121-4f91-b9b6-8d643d7a16cc,GPS USPSA November 2025,2025-11-23,7,Bay 10: Deja Vu All Over Again,28dd1464-7a7e-4fde-a72e-f88078b2de40,Charles Davis,78,0.00,37,0.00,Limited Optics,C,TY73740,MINOR,Super Senior,0.0000,0.0000,,,,,,,,,,,
2c827641-7121-4f91-b9b6-8d643d7a16cc,GPS USPSA November 2025,2025-11-23,7,Bay 10: Deja Vu All Over Again,28dd1464-7a7e-4fde-a72e-f88078b2de40,Eric Mccampbell,79,0.00,12,0.00,Single Stack,C,A14332,MAJOR,Senior,0.0000,0.0000,,,,,,,,,,,
2c827641-7121-4f91-b9b6-8d643d7a16cc,GPS USPSA November 2025,2025-11-23,7,Bay 10: Deja Vu All Over Again,28dd1464-7a7e-4fde-a72e-f88078b2de40,Don Sanders,80,0.00,38,0.00,Limited Optics,B,FY46389,MINOR,Senior,0.0000,0.0000,0.0000,6.64,1,,,,11,,,,
