match_id,match_name,match_date,stage_number,stage_name,stage_uuid,shooter_name,shooter_rank_combined,shooter_percent_combined,shooter_rank_division,shooter_percent_division,division,class,member_number,power_factor,categories,stage_points,stage_points_combined,hit_factor,time,A,B,C,D,M,NPM,NS,Proc,Apen
3297d09a-dc38-46b4-91af-cb98d72805bc,Wallis Orchard MAY USPSA Match,2025-05-18,1,Cm 23 02,cc79872c-284a-49ef-a7cd-b58626758191,Chez Chike-Udenze,1,100.00,1,100.00,Open,M,A138598,MAJOR,,60.0000,60.0000,10.3757,5.59,10,,2,,,,,,
3297d09a-dc38-46b4-91af-cb98d72805bc,Wallis Orchard MAY USPSA Match,2025-05-18,1,Cm 23 02,cc79872c-284a-49ef-a7cd-b58626758191,Vinh Lam,2,98.57,1,100.00,Limited Optics,A,Ty101025,MINOR,,60.0000,59.1418,10.2273,5.28,9,,3,,,,,,
3297d09a-dc38-46b4-91af-cb98d72805bc,Wallis Orchard MAY USPSA Match,2025-05-18,1,Cm 23 02,cc79872c-284a-49ef-a7cd-b58626758191,Michael Hanover,3,94.75,2,94.75,Open,A,A146302,MAJOR,,56.8472,56.8472,9.8305,5.90,10,,2,,,,,,
3297d09a-dc38-46b4-91af-cb98d72805bc,Wallis Orchard MAY USPSA Match,2025-05-18,1,Cm 23 02,cc79872c-284a-49ef-a7cd-b58626758191,Tony Vale,4,93.94,2,95.31,Limited Optics,U,A153735,MINOR,,57.1840,56.3661,9.7473,5.54,9,,3,,,,,,
3297d09a-dc38-46b4-91af-cb98d72805bc,Wallis Orchard MAY USPSA Match,2025-05-18,1,Cm 23 02,cc79872c-284a-49ef-a7cd-b58626758191,Travis McKenzie,5,93.86,3,93.86,Open,A,L6340,MAJOR,,56.3187,56.3187,9.7391,5.75,8,,4,,,,,,
3297d09a-dc38-46b4-91af-cb98d72805bc,Wallis Orchard MAY USPSA Match,2025-05-18,1,Cm 23 02,cc79872c-284a-49ef-a7cd-b58626758191,Phyl Santos,6,91.95,1,100.00,Carry Optics,B,A155981,MINOR,,60.0000,55.1708,9.5406,5.66,9,,3,,,,,,
3297d09a-dc38-46b4-91af-cb98d72805bc,Wallis Orchard MAY USPSA Match,2025-05-18,1,Cm 23 02,cc79872c-284a-49ef-a7cd-b58626758191,Moe Zahra,7,89.52,1,100.00,PCC,U,A129744,MINOR,Military,60.0000,53.7095,9.2879,6.46,12,,,,,,,,
3297d09a-dc38-46b4-91af-cb98d72805bc,Wallis Orchard MAY USPSA Match,2025-05-18,1,Cm 23 02,cc79872c-284a-49ef-a7cd-b58626758191,Tyler Kenny,8,89.36,2,97.18,Carry Optics,A,A148691,MINOR,,58.3077,53.6147,9.2715,6.04,10,,2,,,,,,
3297d09a-dc38-46b4-91af-cb98d72805bc,Wallis Orchard MAY USPSA Match,2025-05-18,1,Cm 23 02,cc79872c-284a-49ef-a7cd-b58626758191,Bobby Ivester,9,88.86,4,88.86,Open,M,A101336,MAJOR,,53.3163,53.3163,9.2199,5.64,6,,5,1,,,,,
3297d09a-dc38-46b4-91af-cb98d72805bc,Wallis Orchard MAY USPSA Match,2025-05-18,1,Cm 23 02,cc79872c-284a-49ef-a7cd-b58626758191,Michael Kiesewetter,10,88.48,3,96.22,Carry Optics,M,TY118153,MINOR,,57.7341,53.0873,9.1803,6.10,10,,2,,,,,,
3297d09a-dc38-46b4-91af-cb98d72805bc,Wallis Orchard MAY USPSA Match,2025-05-18,1,Cm 23 02,cc79872c-284a-49ef-a7cd-b58626758191,Angelo Guadalquiver,11,87.32,5,87.32,Open,B,A145293,MAJOR,,52.3940,52.3940,9.0604,5.96,6,,6,,,,,,
3297d09a-dc38-46b4-91af-cb98d72805bc,Wallis Orchard MAY USPSA Match,2025-05-18,1,Cm 23 02,cc79872c-284a-49ef-a7cd-b58626758191,Brandon Foss,12,86.36,4,93.91,Carry Optics,M,L5142,MINOR,,56.3487,51.8134,8.9600,6.25,10,,2,,,,,,
3297d09a-dc38-46b4-91af-cb98d72805bc,Wallis Orchard MAY USPSA Match,2025-05-18,1,Cm 23 02,cc79872c-284a-49ef-a7cd-b58626758191,Zachary Ralston,13,85.96,3,87.21,Limited Optics,A,A123081,MINOR,,52.3270,51.5786,8.9194,5.83,8,,4,,,,,,
3297d09a-dc38-46b4-91af-cb98d72805bc,Wallis Orchard MAY USPSA Match,2025-05-18,1,Cm 23 02,cc79872c-284a-49ef-a7cd-b58626758191,Olayemi Bakare,14,85.74,6,85.74,Open,U,A105300,MAJOR,,51.4444,51.4444,8.8962,6.07,8,,3,1,,,,,
3297d09a-dc38-46b4-91af-cb98d72805bc,Wallis Orchard MAY USPSA Match,2025-05-18,1,Cm 23 02,cc79872c-284a-49ef-a7cd-b58626758191,Roger Feng,15,85.60,5,93.09,Carry Optics,A,A157776,MINOR,,55.8556,51.3600,8.8816,6.08,9,,3,,,,,,
3297d09a-dc38-46b4-91af-cb98d72805bc,Wallis Orchard MAY USPSA Match,2025-05-18,1,Cm 23 02,cc79872c-284a-49ef-a7cd-b58626758191,Eric Huh,16,85.34,6,92.81,Carry Optics,A,A143520,MINOR,,55.6883,51.2062,8.8550,6.55,11,,1,,,,,,
3297d09a-dc38-46b4-91af-cb98d72805bc,Wallis Orchard MAY USPSA Match,2025-05-18,1,Cm 23 02,cc79872c-284a-49ef-a7cd-b58626758191,Mike Junco,17,84.90,4,86.13,Limited Optics,M,TY34819,MINOR,Senior; Law Enforcement,51.6799,50.9408,8.8091,6.13,9,,3,,,,,,
3297d09a-dc38-46b4-91af-cb98d72805bc,Wallis Orchard MAY USPSA Match,2025-05-18,1,Cm 23 02,cc79872c-284a-49ef-a7cd-b58626758191,Marco Yue,18,84.07,5,85.29,Limited Optics,B,L5762,MINOR,,51.1730,50.4411,8.7227,6.42,10,,2,,,,,,
3297d09a-dc38-46b4-91af-cb98d72805bc,Wallis Orchard MAY USPSA Match,2025-05-18,1,Cm 23 02,cc79872c-284a-49ef-a7cd-b58626758191,Matthew Lem,19,83.94,6,85.16,Limited Optics,A,A34763,MINOR,Senior; Law Enforcement,51.0968,50.3660,8.7097,6.20,9,,3,,,,,,
3297d09a-dc38-46b4-91af-cb98d72805bc,Wallis Orchard MAY USPSA Match,2025-05-18,1,Cm 23 02,cc79872c-284a-49ef-a7cd-b58626758191,Jose Onia,20,83.55,7,90.86,Carry Optics,A,A134359,MINOR,Senior,54.5167,50.1289,8.6687,6.46,10,,2,,,,,,
3297d09a-dc38-46b4-91af-cb98d72805bc,Wallis Orchard MAY USPSA Match,2025-05-18,1,Cm 23 02,cc79872c-284a-49ef-a7cd-b58626758191,Jason Wells,21,82.98,8,90.24,Carry Optics,A,L5218,MINOR,,54.1431,49.7854,8.6093,6.04,8,,4,,,,,,
3297d09a-dc38-46b4-91af-cb98d72805bc,Wallis Orchard MAY USPSA Match,2025-05-18,1,Cm 23 02,cc79872c-284a-49ef-a7cd-b58626758191,Anthony Giuliano,22,82.09,9,89.27,Carry Optics,A,A152263,MINOR,Law Enforcement,53.5620,49.2510,8.5169,6.81,11,,1,,,,,,
3297d09a-dc38-46b4-91af-cb98d72805bc,Wallis Orchard MAY USPSA Match,2025-05-18,1,Cm 23 02,cc79872c-284a-49ef-a7cd-b58626758191,Marc Demeza,23,81.90,7,83.09,Limited Optics,U,TY142892,MINOR,,49.8530,49.1400,8.4977,6.59,10,,2,,,,,,
3297d09a-dc38-46b4-91af-cb98d72805bc,Wallis Orchard MAY USPSA Match,2025-05-18,1,Cm 23 02,cc79872c-284a-49ef-a7cd-b58626758191,Jorge Cahas,24,81.25,7,81.25,Open,B,F-44522,MAJOR,Senior,48.7497,48.7497,8.4302,6.88,10,,2,,,,,,
3297d09a-dc38-46b4-91af-cb98d72805bc,Wallis Orchard MAY USPSA Match,2025-05-18,1,Cm 23 02,cc79872c-284a-49ef-a7cd-b58626758191,scott Reeh,25,79.97,2,89.34,PCC,M,,MINOR,,53.6026,47.9829,8.2976,6.99,11,,1,,,,,,
3297d09a-dc38-46b4-91af-cb98d72805bc,Wallis Orchard MAY USPSA Match,2025-05-18,1,Cm 23 02,cc79872c-284a-49ef-a7cd-b58626758191,Adriel Taylor,26,79.96,8,79.96,Open,B,A104321,MAJOR,,47.9788,47.9788,8.2969,6.87,9,,3,,,,,,
3297d09a-dc38-46b4-91af-cb98d72805bc,Wallis Orchard MAY USPSA Match,2025-05-18,1,Cm 23 02,cc79872c-284a-49ef-a7cd-b58626758191,Christian Canizales,27,79.65,10,86.62,Carry Optics,A,TY150265,MINOR,,51.9747,47.7915,8.2645,6.05,7,,5,,,,,,
3297d09a-dc38-46b4-91af-cb98d72805bc,Wallis Orchard MAY USPSA Match,2025-05-18,1,Cm 23 02,cc79872c-284a-49ef-a7cd-b58626758191,Daniel Duong,28,78.86,11,85.76,Carry Optics,B,A112386,MINOR,Law Enforcement,51.4546,47.3132,8.1818,6.60,9,,3,,,,,,
3297d09a-dc38-46b4-91af-cb98d72805bc,Wallis Orchard MAY USPSA Match,2025-05-18,1,Cm 23 02,cc79872c-284a-49ef-a7cd-b58626758191,Amber Chike-Udenze,29,78.62,3,87.83,PCC,B,A138974,MINOR,Lady,52.6976,47.1727,8.1575,7.11,11,,1,,,,,,
3297d09a-dc38-46b4-91af-cb98d72805bc,Wallis Orchard MAY USPSA Match,2025-05-18,1,Cm 23 02,cc79872c-284a-49ef-a7cd-b58626758191,Andrew Whitley,30,78.19,9,78.19,Open,A,,MAJOR,,46.9131,46.9131,8.1126,6.04,5,,5,2,,,,,
3297d09a-dc38-46b4-91af-cb98d72805bc,Wallis Orchard MAY USPSA Match,2025-05-18,1,Cm 23 02,cc79872c-284a-49ef-a7cd-b58626758191,Yihao Zuo,31,77.59,10,77.59,Open,U,A165414,MAJOR,,46.5557,46.5557,8.0508,7.08,9,,3,,,,,,
3297d09a-dc38-46b4-91af-cb98d72805bc,Wallis Orchard MAY USPSA Match,2025-05-18,1,Cm 23 02,cc79872c-284a-49ef-a7cd-b58626758191,Heath Helgeson,32,77.49,8,78.62,Limited Optics,B,A149129,MINOR,,47.1690,46.4944,8.0402,5.97,6,,6,,,,,,
3297d09a-dc38-46b4-91af-cb98d72805bc,Wallis Orchard MAY USPSA Match,2025-05-18,1,Cm 23 02,cc79872c-284a-49ef-a7cd-b58626758191,Phillip Nguyen,33,76.87,9,77.98,Limited Optics,A,TY152423,MINOR,,46.7895,46.1203,7.9755,6.52,8,,4,,,,,,
3297d09a-dc38-46b4-91af-cb98d72805bc,Wallis Orchard MAY USPSA Match,2025-05-18,1,Cm 23 02,cc79872c-284a-49ef-a7cd-b58626758191,Lee Cardwell,34,76.40,12,83.08,Carry Optics,B,A155173,MINOR,,49.8510,45.8386,7.9268,6.56,8,,4,,,,,,
3297d09a-dc38-46b4-91af-cb98d72805bc,Wallis Orchard MAY USPSA Match,2025-05-18,1,Cm 23 02,cc79872c-284a-49ef-a7cd-b58626758191,Hugh Fullerton,35,75.85,10,76.95,Limited Optics,B,A140572,MINOR,,46.1688,45.5084,7.8697,7.37,11,,1,,,,,,
3297d09a-dc38-46b4-91af-cb98d72805bc,Wallis Orchard MAY USPSA Match,2025-05-18,1,Cm 23 02,cc79872c-284a-49ef-a7cd-b58626758191,Christopher Boatcallie,36,75.54,11,76.64,Limited Optics,U,A104118,MINOR,,45.9816,45.3240,7.8378,7.40,11,,1,,,,,,
3297d09a-dc38-46b4-91af-cb98d72805bc,Wallis Orchard MAY USPSA Match,2025-05-18,1,Cm 23 02,cc79872c-284a-49ef-a7cd-b58626758191,Gabriel Nguyen,37,74.75,13,81.30,Carry Optics,B,A163845,MINOR,,48.7781,44.8521,7.7562,7.22,10,,2,,,,,,
3297d09a-dc38-46b4-91af-cb98d72805bc,Wallis Orchard MAY USPSA Match,2025-05-18,1,Cm 23 02,cc79872c-284a-49ef-a7cd-b58626758191,John Ren,38,74.46,14,80.97,Carry Optics,U,A168570,MINOR,,48.5837,44.6734,7.7253,6.99,9,,3,,,,,,
3297d09a-dc38-46b4-91af-cb98d72805bc,Wallis Orchard MAY USPSA Match,2025-05-18,1,Cm 23 02,cc79872c-284a-49ef-a7cd-b58626758191,Cliff Pinsent,39,74.34,11,74.34,Open,B,FY99321,MAJOR,Distinguished Senior,44.6052,44.6052,7.7135,7.26,8,,4,,,,,,
3297d09a-dc38-46b4-91af-cb98d72805bc,Wallis Orchard MAY USPSA Match,2025-05-18,1,Cm 23 02,cc79872c-284a-49ef-a7cd-b58626758191,Stormtrooper Qian,40,74.04,12,75.11,Limited Optics,B,A150939,MINOR,,45.0682,44.4236,7.6821,7.55,11,,1,,,,,,
3297d09a-dc38-46b4-91af-cb98d72805bc,Wallis Orchard MAY USPSA Match,2025-05-18,1,Cm 23 02,cc79872c-284a-49ef-a7cd-b58626758191,Steven McNamara,41,74.03,12,74.03,Open,B,A75212,MAJOR,Senior,44.4207,44.4207,7.6816,7.16,7,,5,,,,,,
3297d09a-dc38-46b4-91af-cb98d72805bc,Wallis Orchard MAY USPSA Match,2025-05-18,1,Cm 23 02,cc79872c-284a-49ef-a7cd-b58626758191,Yanlin Xiang,42,72.50,13,73.56,Limited Optics,C,A164967,MINOR,,44.1331,43.5018,7.5227,7.71,11,,1,,,,,,
3297d09a-dc38-46b4-91af-cb98d72805bc,Wallis Orchard MAY USPSA Match,2025-05-18,1,Cm 23 02,cc79872c-284a-49ef-a7cd-b58626758191,Zvi Davidoff,43,72.00,13,72.00,Open,U,,MAJOR,,43.1988,43.1988,7.4703,5.89,6,,6,,,,1,,
3297d09a-dc38-46b4-91af-cb98d72805bc,Wallis Orchard MAY USPSA Match,2025-05-18,1,Cm 23 02,cc79872c-284a-49ef-a7cd-b58626758191,FRANCIS NGUYEN,44,71.52,15,77.78,Carry Optics,U,0,MINOR,,46.6669,42.9108,7.4205,5.66,4,,7,1,,,,,
3297d09a-dc38-46b4-91af-cb98d72805bc,Wallis Orchard MAY USPSA Match,2025-05-18,1,Cm 23 02,cc79872c-284a-49ef-a7cd-b58626758191,Don Sanders,45,70.52,14,70.52,Open,B,FY46389,MAJOR,Senior,42.3129,42.3129,7.3171,7.38,6,,6,,,,,,
3297d09a-dc38-46b4-91af-cb98d72805bc,Wallis Orchard MAY USPSA Match,2025-05-18,1,Cm 23 02,cc79872c-284a-49ef-a7cd-b58626758191,Arnold Gee,46,70.37,15,70.37,Open,B,A103519,MAJOR,Senior,42.2210,42.2210,7.3012,7.67,8,,4,,,,,,
3297d09a-dc38-46b4-91af-cb98d72805bc,Wallis Orchard MAY USPSA Match,2025-05-18,1,Cm 23 02,cc79872c-284a-49ef-a7cd-b58626758191,Travis Tippit,47,70.35,16,76.51,Carry Optics,U,,MINOR,Law Enforcement,45.9047,42.2100,7.2993,6.85,7,,5,,,,,,
3297d09a-dc38-46b4-91af-cb98d72805bc,Wallis Orchard MAY USPSA Match,2025-05-18,1,Cm 23 02,cc79872c-284a-49ef-a7cd-b58626758191,Khoa Nguyen,48,70.20,14,71.22,Limited Optics,A,A117224,MINOR,Law Enforcement,42.7315,42.1203,7.2838,6.59,7,,4,1,,,,,
3297d09a-dc38-46b4-91af-cb98d72805bc,Wallis Orchard MAY USPSA Match,2025-05-18,1,Cm 23 02,cc79872c-284a-49ef-a7cd-b58626758191,Gennady Khokhorin,49,67.33,1,100.00,Production,B,A123884,MINOR,Super Senior,60.0000,40.3971,6.9858,7.73,9,,3,,,,,,
3297d09a-dc38-46b4-91af-cb98d72805bc,Wallis Orchard MAY USPSA Match,2025-05-18,1,Cm 23 02,cc79872c-284a-49ef-a7cd-b58626758191,Dale Fike,50,67.12,4,74.98,PCC,B,A113427,MINOR,Senior,44.9863,40.2699,6.9638,7.18,7,,5,,,,,,
3297d09a-dc38-46b4-91af-cb98d72805bc,Wallis Orchard MAY USPSA Match,2025-05-18,1,Cm 23 02,cc79872c-284a-49ef-a7cd-b58626758191,Anthony Fong,51,66.88,15,67.85,Limited Optics,M,A142224,MINOR,,40.7116,40.1293,6.9395,5.62,8,,3,,1,,,,
3297d09a-dc38-46b4-91af-cb98d72805bc,Wallis Orchard MAY USPSA Match,2025-05-18,1,Cm 23 02,cc79872c-284a-49ef-a7cd-b58626758191,David Zhang,52,65.17,16,66.12,Limited Optics,B,FY140383,MINOR,,39.6703,39.1029,6.7620,7.69,8,,4,,,,,,
3297d09a-dc38-46b4-91af-cb98d72805bc,Wallis Orchard MAY USPSA Match,2025-05-18,1,Cm 23 02,cc79872c-284a-49ef-a7cd-b58626758191,Gary Wu,53,64.52,17,70.17,Carry Optics,B,L2998,MINOR,Senior,42.1018,38.7131,6.6946,7.17,6,,6,,,,,,
3297d09a-dc38-46b4-91af-cb98d72805bc,Wallis Orchard MAY USPSA Match,2025-05-18,1,Cm 23 02,cc79872c-284a-49ef-a7cd-b58626758191,Jennifer Kleiber-Boatcallie,54,63.96,5,71.45,PCC,B,A142192,MINOR,Lady,42.8700,38.3754,6.6362,8.74,11,,1,,,,,,
3297d09a-dc38-46b4-91af-cb98d72805bc,Wallis Orchard MAY USPSA Match,2025-05-18,1,Cm 23 02,cc79872c-284a-49ef-a7cd-b58626758191,michael womack,55,63.45,17,64.37,Limited Optics,U,A166212,MINOR,,38.6225,38.0701,6.5834,8.81,11,,1,,,,,,
3297d09a-dc38-46b4-91af-cb98d72805bc,Wallis Orchard MAY USPSA Match,2025-05-18,1,Cm 23 02,cc79872c-284a-49ef-a7cd-b58626758191,A Graham,56,62.92,18,68.43,Carry Optics,U,,MINOR,Law Enforcement,41.0584,37.7538,6.5287,6.28,9,,2,,1,,,,
3297d09a-dc38-46b4-91af-cb98d72805bc,Wallis Orchard MAY USPSA Match,2025-05-18,1,Cm 23 02,cc79872c-284a-49ef-a7cd-b58626758191,Carlos Payan,57,62.33,18,63.23,Limited Optics,U,TY169123,MINOR,,37.9402,37.3976,6.4671,8.35,9,,3,,,,,,
3297d09a-dc38-46b4-91af-cb98d72805bc,Wallis Orchard MAY USPSA Match,2025-05-18,1,Cm 23 02,cc79872c-284a-49ef-a7cd-b58626758191,Albert Legislador,58,62.09,16,62.09,Open,C,TY91787,MAJOR,Senior,37.2536,37.2536,6.4422,6.83,10,,1,,1,,,,
3297d09a-dc38-46b4-91af-cb98d72805bc,Wallis Orchard MAY USPSA Match,2025-05-18,1,Cm 23 02,cc79872c-284a-49ef-a7cd-b58626758191,Dan Schreiber,59,60.64,19,61.52,Limited Optics,,147899,MINOR,Super Senior,36.9136,36.3856,6.2921,8.90,11,,,1,,,,,
3297d09a-dc38-46b4-91af-cb98d72805bc,Wallis Orchard MAY USPSA Match,2025-05-18,1,Cm 23 02,cc79872c-284a-49ef-a7cd-b58626758191,Keith Bowman Jr,60,60.45,17,60.45,Open,C,A157830,MINOR,,36.2682,36.2682,6.2718,8.61,9,,3,,,,,,
3297d09a-dc38-46b4-91af-cb98d72805bc,Wallis Orchard MAY USPSA Match,2025-05-18,1,Cm 23 02,cc79872c-284a-49ef-a7cd-b58626758191,Jim Havens,61,60.16,20,61.04,Limited Optics,M,,MINOR,Senior,36.6226,36.0988,6.2425,8.33,9,,2,1,,,,,
3297d09a-dc38-46b4-91af-cb98d72805bc,Wallis Orchard MAY USPSA Match,2025-05-18,1,Cm 23 02,cc79872c-284a-49ef-a7cd-b58626758191,Yulmer Carreno,62,57.92,21,58.76,Limited Optics,B,A157204,MINOR,,35.2562,34.7520,6.0096,8.32,12,,,,,,1,,
3297d09a-dc38-46b4-91af-cb98d72805bc,Wallis Orchard MAY USPSA Match,2025-05-18,1,Cm 23 02,cc79872c-284a-49ef-a7cd-b58626758191,Robert Gomez,63,57.89,22,58.73,Limited Optics,U,A163660,MINOR,,35.2392,34.7352,6.0067,8.99,9,,3,,,,,,
3297d09a-dc38-46b4-91af-cb98d72805bc,Wallis Orchard MAY USPSA Match,2025-05-18,1,Cm 23 02,cc79872c-284a-49ef-a7cd-b58626758191,Edwin Buchwalter,64,57.61,19,62.65,Carry Optics,B,TY102903,MINOR,,37.5926,34.5669,5.9776,8.03,6,,6,,,,,,
3297d09a-dc38-46b4-91af-cb98d72805bc,Wallis Orchard MAY USPSA Match,2025-05-18,1,Cm 23 02,cc79872c-284a-49ef-a7cd-b58626758191,Robbie Boettcher,65,55.71,1,100.00,Limited 10,U,L5829,MINOR,,60.0000,33.4260,5.7803,8.65,7,,5,,,,,,
3297d09a-dc38-46b4-91af-cb98d72805bc,Wallis Orchard MAY USPSA Match,2025-05-18,1,Cm 23 02,cc79872c-284a-49ef-a7cd-b58626758191,Larry Shaw,66,54.96,23,55.76,Limited Optics,C,A153831,MINOR,,33.4540,32.9755,5.7024,7.19,9,,2,,1,,,,
3297d09a-dc38-46b4-91af-cb98d72805bc,Wallis Orchard MAY USPSA Match,2025-05-18,1,Cm 23 02,cc79872c-284a-49ef-a7cd-b58626758191,Abe Valdez,67,54.16,20,58.90,Carry Optics,B,A148541,MINOR,,35.3412,32.4967,5.6196,6.94,8,,3,,1,,,,
3297d09a-dc38-46b4-91af-cb98d72805bc,Wallis Orchard MAY USPSA Match,2025-05-18,1,Cm 23 02,cc79872c-284a-49ef-a7cd-b58626758191,ChAN WILLIAM,68,54.09,24,54.87,Limited Optics,U,0,MINOR,,32.9248,32.4539,5.6122,5.88,5,,6,,1,,,,
3297d09a-dc38-46b4-91af-cb98d72805bc,Wallis Orchard MAY USPSA Match,2025-05-18,1,Cm 23 02,cc79872c-284a-49ef-a7cd-b58626758191,Hieu Truong,69,53.91,25,54.69,Limited Optics,U,,MINOR,,32.8128,32.3435,5.5931,10.37,11,,1,,,,,,
3297d09a-dc38-46b4-91af-cb98d72805bc,Wallis Orchard MAY USPSA Match,2025-05-18,1,Cm 23 02,cc79872c-284a-49ef-a7cd-b58626758191,Andy Chen,70,53.54,26,54.32,Limited Optics,A,A86721,MINOR,,32.5928,32.1266,5.5556,5.94,7,,2,2,1,,,,
3297d09a-dc38-46b4-91af-cb98d72805bc,Wallis Orchard MAY USPSA Match,2025-05-18,1,Cm 23 02,cc79872c-284a-49ef-a7cd-b58626758191,Kyle Sims,71,51.45,21,55.95,Carry Optics,U,A168977,MINOR,,33.5708,30.8689,5.3381,11.24,12,,,,,,,,
3297d09a-dc38-46b4-91af-cb98d72805bc,Wallis Orchard MAY USPSA Match,2025-05-18,1,Cm 23 02,cc79872c-284a-49ef-a7cd-b58626758191,"Jeff Maxwell, Jr.",72,47.22,22,51.35,Carry Optics,B,L4489,MINOR,Senior,30.8119,28.3320,4.8994,11.43,10,,2,,,,,,
3297d09a-dc38-46b4-91af-cb98d72805bc,Wallis Orchard MAY USPSA Match,2025-05-18,1,Cm 23 02,cc79872c-284a-49ef-a7cd-b58626758191,Darcy Okeefe,73,46.85,23,50.95,Carry Optics,B,,MINOR,,30.5710,28.1105,4.8611,7.20,7,,3,1,1,,,,
3297d09a-dc38-46b4-91af-cb98d72805bc,Wallis Orchard MAY USPSA Match,2025-05-18,1,Cm 23 02,cc79872c-284a-49ef-a7cd-b58626758191,Shawn Prosen,74,44.94,24,48.87,Carry Optics,B,A165388,MINOR,,29.3214,26.9615,4.6624,6.22,8,,3,,1,,1,,
3297d09a-dc38-46b4-91af-cb98d72805bc,Wallis Orchard MAY USPSA Match,2025-05-18,1,Cm 23 02,cc79872c-284a-49ef-a7cd-b58626758191,Andrew Quintana,75,42.92,27,43.54,Limited Optics,U,,MINOR,,26.1265,25.7529,4.4534,7.41,5,,6,,1,,,,
3297d09a-dc38-46b4-91af-cb98d72805bc,Wallis Orchard MAY USPSA Match,2025-05-18,1,Cm 23 02,cc79872c-284a-49ef-a7cd-b58626758191,Kevin Thurston,76,39.38,28,39.95,Limited Optics,U,A160319,MINOR,Senior,23.9729,23.6300,4.0863,8.81,7,,3,2,,,1,,
3297d09a-dc38-46b4-91af-cb98d72805bc,Wallis Orchard MAY USPSA Match,2025-05-18,1,Cm 23 02,cc79872c-284a-49ef-a7cd-b58626758191,Harlan Chen,77,18.72,29,19.00,Limited Optics,U,A163292,MINOR,,11.3971,11.2341,1.9427,9.78,8,,3,,1,,2,,
3297d09a-dc38-46b4-91af-cb98d72805bc,Wallis Orchard MAY USPSA Match,2025-05-18,1,Cm 23 02,cc79872c-284a-49ef-a7cd-b58626758191,Michael Chang,78,0.00,25,0.00,Carry Optics,M,,MINOR,,0.0000,0.0000,,,,,,,,,,,
3297d09a-dc38-46b4-91af-cb98d72805bc,Wallis Orchard MAY USPSA Match,2025-05-18,2,Tk 20,e4324874-c035-4234-95c5-5f5b31bf0552,Travis McKenzie,1,100.00,1,100.00,Open,A,L6340,MAJOR,,110.0000,110.0000,9.8095,10.50,17,,4,1,,,,,
3297d09a-dc38-46b4-91af-cb98d72805bc,Wallis Orchard MAY USPSA Match,2025-05-18,2,Tk 20,e4324874-c035-4234-95c5-5f5b31bf0552,Olayemi Bakare,2,98.68,2,98.68,Open,U,A105300,MAJOR,,108.5534,108.5534,9.6805,10.64,15,,7,,,,,,
3297d09a-dc38-46b4-91af-cb98d72805bc,Wallis Orchard MAY USPSA Match,2025-05-18,2,Tk 20,e4324874-c035-4234-95c5-5f5b31bf0552,Bobby Ivester,3,96.67,3,96.67,Open,M,A101336,MAJOR,,106.3365,106.3365,9.4828,10.44,13,,8,1,,,,,
3297d09a-dc38-46b4-91af-cb98d72805bc,Wallis Orchard MAY USPSA Match,2025-05-18,2,Tk 20,e4324874-c035-4234-95c5-5f5b31bf0552,Anthony Fong,4,92.84,1,100.00,Limited Optics,M,A142224,MINOR,,110.0000,102.1202,9.1068,11.42,19,,3,,,,,,
3297d09a-dc38-46b4-91af-cb98d72805bc,Wallis Orchard MAY USPSA Match,2025-05-18,2,Tk 20,e4324874-c035-4234-95c5-5f5b31bf0552,Zachary Ralston,5,88.65,2,95.49,Limited Optics,A,A123081,MINOR,,105.0344,97.5103,8.6957,11.96,19,,3,,,,,,
3297d09a-dc38-46b4-91af-cb98d72805bc,Wallis Orchard MAY USPSA Match,2025-05-18,2,Tk 20,e4324874-c035-4234-95c5-5f5b31bf0552,Michael Hanover,6,87.95,4,87.95,Open,A,A146302,MAJOR,,96.7489,96.7489,8.6278,12.17,17,,5,,,,,,
3297d09a-dc38-46b4-91af-cb98d72805bc,Wallis Orchard MAY USPSA Match,2025-05-18,2,Tk 20,e4324874-c035-4234-95c5-5f5b31bf0552,Vinh Lam,7,87.13,3,93.85,Limited Optics,A,Ty101025,MINOR,,103.2382,95.8428,8.5470,11.70,17,,5,,,,,,
3297d09a-dc38-46b4-91af-cb98d72805bc,Wallis Orchard MAY USPSA Match,2025-05-18,2,Tk 20,e4324874-c035-4234-95c5-5f5b31bf0552,Jose Onia,8,87.09,1,100.00,Carry Optics,A,A134359,MINOR,Senior,110.0000,95.7946,8.5427,11.94,18,,4,,,,,,
3297d09a-dc38-46b4-91af-cb98d72805bc,Wallis Orchard MAY USPSA Match,2025-05-18,2,Tk 20,e4324874-c035-4234-95c5-5f5b31bf0552,Chez Chike-Udenze,9,83.84,5,83.84,Open,M,A138598,MAJOR,,92.2242,92.2242,8.2243,10.70,14,,6,2,,,1,,
3297d09a-dc38-46b4-91af-cb98d72805bc,Wallis Orchard MAY USPSA Match,2025-05-18,2,Tk 20,e4324874-c035-4234-95c5-5f5b31bf0552,Phillip Nguyen,10,82.68,4,89.06,Limited Optics,A,TY152423,MINOR,,97.9634,90.9458,8.1103,12.33,17,,5,,,,,,
3297d09a-dc38-46b4-91af-cb98d72805bc,Wallis Orchard MAY USPSA Match,2025-05-18,2,Tk 20,e4324874-c035-4234-95c5-5f5b31bf0552,Jim Havens,11,82.36,5,88.72,Limited Optics,M,,MINOR,Senior,97.5865,90.5960,8.0791,12.13,16,,6,,,,,,
3297d09a-dc38-46b4-91af-cb98d72805bc,Wallis Orchard MAY USPSA Match,2025-05-18,2,Tk 20,e4324874-c035-4234-95c5-5f5b31bf0552,Andrew Whitley,12,82.19,6,82.19,Open,A,,MAJOR,,90.4042,90.4042,8.0620,12.90,16,,6,,,,,,
3297d09a-dc38-46b4-91af-cb98d72805bc,Wallis Orchard MAY USPSA Match,2025-05-18,2,Tk 20,e4324874-c035-4234-95c5-5f5b31bf0552,Andy Chen,13,81.62,6,87.92,Limited Optics,A,A86721,MINOR,,96.7084,89.7807,8.0064,12.49,18,,3,1,,,,,
3297d09a-dc38-46b4-91af-cb98d72805bc,Wallis Orchard MAY USPSA Match,2025-05-18,2,Tk 20,e4324874-c035-4234-95c5-5f5b31bf0552,ChAN WILLIAM,14,78.63,7,84.70,Limited Optics,U,0,MINOR,,93.1705,86.4963,7.7135,10.89,11,,9,2,,,,,
3297d09a-dc38-46b4-91af-cb98d72805bc,Wallis Orchard MAY USPSA Match,2025-05-18,2,Tk 20,e4324874-c035-4234-95c5-5f5b31bf0552,Roger Feng,15,78.00,2,89.56,Carry Optics,A,A157776,MINOR,,98.5193,85.7965,7.6511,13.07,17,,5,,,,,,
3297d09a-dc38-46b4-91af-cb98d72805bc,Wallis Orchard MAY USPSA Match,2025-05-18,2,Tk 20,e4324874-c035-4234-95c5-5f5b31bf0552,Christian Canizales,16,77.16,3,88.60,Carry Optics,A,TY150265,MINOR,,97.4634,84.8770,7.5691,13.74,19,,3,,,,,,
3297d09a-dc38-46b4-91af-cb98d72805bc,Wallis Orchard MAY USPSA Match,2025-05-18,2,Tk 20,e4324874-c035-4234-95c5-5f5b31bf0552,Lee Cardwell,17,77.15,4,88.59,Carry Optics,B,A155173,MINOR,,97.4441,84.8602,7.5676,12.95,17,,4,1,,,,,
3297d09a-dc38-46b4-91af-cb98d72805bc,Wallis Orchard MAY USPSA Match,2025-05-18,2,Tk 20,e4324874-c035-4234-95c5-5f5b31bf0552,Zvi Davidoff,18,75.84,7,75.84,Open,U,,MAJOR,,83.4271,83.4271,7.4398,13.71,16,,5,1,,,,,
3297d09a-dc38-46b4-91af-cb98d72805bc,Wallis Orchard MAY USPSA Match,2025-05-18,2,Tk 20,e4324874-c035-4234-95c5-5f5b31bf0552,Tony Vale,19,75.78,8,81.63,Limited Optics,U,A153735,MINOR,,89.7956,83.3632,7.4341,12.51,20,,1,,1,,,,
3297d09a-dc38-46b4-91af-cb98d72805bc,Wallis Orchard MAY USPSA Match,2025-05-18,2,Tk 20,e4324874-c035-4234-95c5-5f5b31bf0552,Anthony Giuliano,20,74.73,5,85.81,Carry Optics,A,A152263,MINOR,Law Enforcement,94.3924,82.2026,7.3306,14.46,20,,2,,,,,,
3297d09a-dc38-46b4-91af-cb98d72805bc,Wallis Orchard MAY USPSA Match,2025-05-18,2,Tk 20,e4324874-c035-4234-95c5-5f5b31bf0552,Jason Wells,21,74.14,6,85.13,Carry Optics,A,L5218,MINOR,,93.6469,81.5533,7.2727,13.75,17,,5,,,,,,
3297d09a-dc38-46b4-91af-cb98d72805bc,Wallis Orchard MAY USPSA Match,2025-05-18,2,Tk 20,e4324874-c035-4234-95c5-5f5b31bf0552,scott Reeh,22,73.47,1,100.00,PCC,M,,MINOR,,110.0000,80.8188,7.2072,13.32,15,,7,,,,,,
3297d09a-dc38-46b4-91af-cb98d72805bc,Wallis Orchard MAY USPSA Match,2025-05-18,2,Tk 20,e4324874-c035-4234-95c5-5f5b31bf0552,Stormtrooper Qian,23,73.07,9,78.70,Limited Optics,B,A150939,MINOR,,86.5754,80.3736,7.1675,14.51,19,,3,,,,,,
3297d09a-dc38-46b4-91af-cb98d72805bc,Wallis Orchard MAY USPSA Match,2025-05-18,2,Tk 20,e4324874-c035-4234-95c5-5f5b31bf0552,Angelo Guadalquiver,24,72.82,8,72.82,Open,B,A145293,MAJOR,,80.0978,80.0978,7.1429,15.12,20,,2,,,,,,
3297d09a-dc38-46b4-91af-cb98d72805bc,Wallis Orchard MAY USPSA Match,2025-05-18,2,Tk 20,e4324874-c035-4234-95c5-5f5b31bf0552,Tyler Kenny,25,71.23,7,81.79,Carry Optics,A,A148691,MINOR,,89.9745,78.3552,6.9875,15.17,20,,2,,,,,,
3297d09a-dc38-46b4-91af-cb98d72805bc,Wallis Orchard MAY USPSA Match,2025-05-18,2,Tk 20,e4324874-c035-4234-95c5-5f5b31bf0552,Jorge Cahas,26,70.71,9,70.71,Open,B,F-44522,MAJOR,Senior,77.7777,77.7777,6.9360,14.85,15,,7,,,,,,
3297d09a-dc38-46b4-91af-cb98d72805bc,Wallis Orchard MAY USPSA Match,2025-05-18,2,Tk 20,e4324874-c035-4234-95c5-5f5b31bf0552,Brandon Foss,27,67.19,8,77.15,Carry Optics,M,L5142,MINOR,,84.8677,73.9078,6.5909,13.20,17,,4,,1,,,,
3297d09a-dc38-46b4-91af-cb98d72805bc,Wallis Orchard MAY USPSA Match,2025-05-18,2,Tk 20,e4324874-c035-4234-95c5-5f5b31bf0552,Albert Legislador,28,66.75,10,66.75,Open,C,TY91787,MAJOR,Senior,73.4268,73.4268,6.5480,15.73,15,,7,,,,,,
3297d09a-dc38-46b4-91af-cb98d72805bc,Wallis Orchard MAY USPSA Match,2025-05-18,2,Tk 20,e4324874-c035-4234-95c5-5f5b31bf0552,Abe Valdez,29,65.86,9,75.63,Carry Optics,B,A148541,MINOR,,83.1886,72.4456,6.4605,14.55,15,,6,1,,,,,
3297d09a-dc38-46b4-91af-cb98d72805bc,Wallis Orchard MAY USPSA Match,2025-05-18,2,Tk 20,e4324874-c035-4234-95c5-5f5b31bf0552,Matthew Lem,30,64.66,10,69.65,Limited Optics,A,A34763,MINOR,Senior; Law Enforcement,76.6140,71.1257,6.3428,14.82,14,,8,,,,,,
3297d09a-dc38-46b4-91af-cb98d72805bc,Wallis Orchard MAY USPSA Match,2025-05-18,2,Tk 20,e4324874-c035-4234-95c5-5f5b31bf0552,Marco Yue,31,64.52,11,69.50,Limited Optics,B,L5762,MINOR,,76.4485,70.9721,6.3291,15.80,17,,5,,,,,,
3297d09a-dc38-46b4-91af-cb98d72805bc,Wallis Orchard MAY USPSA Match,2025-05-18,2,Tk 20,e4324874-c035-4234-95c5-5f5b31bf0552,Arnold Gee,32,63.21,11,63.21,Open,B,A103519,MAJOR,Senior,69.5312,69.5312,6.2006,16.45,14,,8,,,,,,
3297d09a-dc38-46b4-91af-cb98d72805bc,Wallis Orchard MAY USPSA Match,2025-05-18,2,Tk 20,e4324874-c035-4234-95c5-5f5b31bf0552,Steven McNamara,33,62.91,12,62.91,Open,B,A75212,MAJOR,Senior,69.1959,69.1959,6.1707,17.34,19,,3,,,,,,
3297d09a-dc38-46b4-91af-cb98d72805bc,Wallis Orchard MAY USPSA Match,2025-05-18,2,Tk 20,e4324874-c035-4234-95c5-5f5b31bf0552,Mike Junco,34,62.40,12,67.21,Limited Optics,M,TY34819,MINOR,Senior; Law Enforcement,73.9337,68.6374,6.1209,13.56,16,,4,1,1,,,,
3297d09a-dc38-46b4-91af-cb98d72805bc,Wallis Orchard MAY USPSA Match,2025-05-18,2,Tk 20,e4324874-c035-4234-95c5-5f5b31bf0552,Khoa Nguyen,35,62.26,13,67.06,Limited Optics,A,A117224,MINOR,Law Enforcement,73.7706,68.4861,6.1074,13.59,15,,6,,1,,,,
3297d09a-dc38-46b4-91af-cb98d72805bc,Wallis Orchard MAY USPSA Match,2025-05-18,2,Tk 20,e4324874-c035-4234-95c5-5f5b31bf0552,A Graham,36,61.91,10,71.09,Carry Optics,U,,MINOR,Law Enforcement,78.2041,68.1048,6.0734,14.16,12,,8,2,,,,,
3297d09a-dc38-46b4-91af-cb98d72805bc,Wallis Orchard MAY USPSA Match,2025-05-18,2,Tk 20,e4324874-c035-4234-95c5-5f5b31bf0552,Michael Kiesewetter,37,61.64,11,70.78,Carry Optics,M,TY118153,MINOR,,77.8629,67.8076,6.0469,11.08,13,,7,1,1,,1,,
3297d09a-dc38-46b4-91af-cb98d72805bc,Wallis Orchard MAY USPSA Match,2025-05-18,2,Tk 20,e4324874-c035-4234-95c5-5f5b31bf0552,Dale Fike,38,61.63,2,83.88,PCC,B,A113427,MINOR,Senior,92.2726,67.7942,6.0457,16.21,16,,6,,,,,,
3297d09a-dc38-46b4-91af-cb98d72805bc,Wallis Orchard MAY USPSA Match,2025-05-18,2,Tk 20,e4324874-c035-4234-95c5-5f5b31bf0552,David Zhang,39,61.57,14,66.32,Limited Optics,B,FY140383,MINOR,,72.9504,67.7247,6.0395,17.22,19,,3,,,,,,
3297d09a-dc38-46b4-91af-cb98d72805bc,Wallis Orchard MAY USPSA Match,2025-05-18,2,Tk 20,e4324874-c035-4234-95c5-5f5b31bf0552,Heath Helgeson,40,61.47,15,66.21,Limited Optics,B,A149129,MINOR,,72.8333,67.6159,6.0298,14.76,18,,3,,1,,,,
3297d09a-dc38-46b4-91af-cb98d72805bc,Wallis Orchard MAY USPSA Match,2025-05-18,2,Tk 20,e4324874-c035-4234-95c5-5f5b31bf0552,Yulmer Carreno,41,61.43,16,66.17,Limited Optics,B,A157204,MINOR,,72.7898,67.5755,6.0262,17.59,20,,2,,,,,,
3297d09a-dc38-46b4-91af-cb98d72805bc,Wallis Orchard MAY USPSA Match,2025-05-18,2,Tk 20,e4324874-c035-4234-95c5-5f5b31bf0552,Adriel Taylor,42,61.08,13,61.08,Open,B,A104321,MAJOR,,67.1920,67.1920,5.9920,15.02,16,,5,,1,,,,
3297d09a-dc38-46b4-91af-cb98d72805bc,Wallis Orchard MAY USPSA Match,2025-05-18,2,Tk 20,e4324874-c035-4234-95c5-5f5b31bf0552,Cliff Pinsent,43,61.01,14,61.01,Open,B,FY99321,MAJOR,Distinguished Senior,67.1057,67.1057,5.9843,17.88,19,,3,,,,,,
3297d09a-dc38-46b4-91af-cb98d72805bc,Wallis Orchard MAY USPSA Match,2025-05-18,2,Tk 20,e4324874-c035-4234-95c5-5f5b31bf0552,Andrew Quintana,44,60.62,17,65.30,Limited Optics,U,,MINOR,,71.8283,66.6829,5.9466,16.48,17,,4,1,,,,,
3297d09a-dc38-46b4-91af-cb98d72805bc,Wallis Orchard MAY USPSA Match,2025-05-18,2,Tk 20,e4324874-c035-4234-95c5-5f5b31bf0552,Gennady Khokhorin,45,58.10,1,100.00,Production,B,A123884,MINOR,Super Senior,110.0000,63.9053,5.6989,18.60,20,,2,,,,,,
3297d09a-dc38-46b4-91af-cb98d72805bc,Wallis Orchard MAY USPSA Match,2025-05-18,2,Tk 20,e4324874-c035-4234-95c5-5f5b31bf0552,Darcy Okeefe,46,57.82,12,66.40,Carry Optics,B,,MINOR,,73.0355,63.6036,5.6720,16.22,14,,7,1,,,,,
3297d09a-dc38-46b4-91af-cb98d72805bc,Wallis Orchard MAY USPSA Match,2025-05-18,2,Tk 20,e4324874-c035-4234-95c5-5f5b31bf0552,Travis Tippit,47,56.48,13,64.85,Carry Optics,U,,MINOR,Law Enforcement,71.3383,62.1257,5.5402,18.05,17,,5,,,,,,
3297d09a-dc38-46b4-91af-cb98d72805bc,Wallis Orchard MAY USPSA Match,2025-05-18,2,Tk 20,e4324874-c035-4234-95c5-5f5b31bf0552,Marc Demeza,48,56.17,18,60.50,Limited Optics,U,TY142892,MINOR,,66.5547,61.7870,5.5100,17.06,14,,8,,,,,,
3297d09a-dc38-46b4-91af-cb98d72805bc,Wallis Orchard MAY USPSA Match,2025-05-18,2,Tk 20,e4324874-c035-4234-95c5-5f5b31bf0552,Amber Chike-Udenze,49,55.45,3,75.48,PCC,B,A138974,MINOR,Lady,83.0250,60.9998,5.4398,17.28,15,,6,1,,,,,
3297d09a-dc38-46b4-91af-cb98d72805bc,Wallis Orchard MAY USPSA Match,2025-05-18,2,Tk 20,e4324874-c035-4234-95c5-5f5b31bf0552,Robbie Boettcher,50,54.82,1,100.00,Limited 10,U,L5829,MINOR,,110.0000,60.3012,5.3775,19.34,19,,3,,,,,,
3297d09a-dc38-46b4-91af-cb98d72805bc,Wallis Orchard MAY USPSA Match,2025-05-18,2,Tk 20,e4324874-c035-4234-95c5-5f5b31bf0552,Yanlin Xiang,51,54.72,19,58.94,Limited Optics,C,A164967,MINOR,,64.8370,60.1925,5.3678,20.12,21,,1,,,,,,
3297d09a-dc38-46b4-91af-cb98d72805bc,Wallis Orchard MAY USPSA Match,2025-05-18,2,Tk 20,e4324874-c035-4234-95c5-5f5b31bf0552,Shawn Prosen,52,54.16,14,62.19,Carry Optics,B,A165388,MINOR,,68.4089,59.5746,5.3127,14.87,14,,6,1,1,,,,
3297d09a-dc38-46b4-91af-cb98d72805bc,Wallis Orchard MAY USPSA Match,2025-05-18,2,Tk 20,e4324874-c035-4234-95c5-5f5b31bf0552,Keith Bowman Jr,53,54.08,15,54.08,Open,C,A157830,MINOR,,59.4871,59.4871,5.3049,16.40,17,,4,,1,,,,
3297d09a-dc38-46b4-91af-cb98d72805bc,Wallis Orchard MAY USPSA Match,2025-05-18,2,Tk 20,e4324874-c035-4234-95c5-5f5b31bf0552,Gary Wu,54,52.65,15,60.46,Carry Optics,B,L2998,MINOR,Senior,66.5019,57.9139,5.1646,17.62,19,,2,,1,,,,
3297d09a-dc38-46b4-91af-cb98d72805bc,Wallis Orchard MAY USPSA Match,2025-05-18,2,Tk 20,e4324874-c035-4234-95c5-5f5b31bf0552,Yihao Zuo,55,52.58,16,52.58,Open,U,A165414,MAJOR,,57.8331,57.8331,5.1574,14.93,17,,3,,2,,,,
3297d09a-dc38-46b4-91af-cb98d72805bc,Wallis Orchard MAY USPSA Match,2025-05-18,2,Tk 20,e4324874-c035-4234-95c5-5f5b31bf0552,Gabriel Nguyen,56,52.22,16,59.96,Carry Optics,B,A163845,MINOR,,65.9560,57.4384,5.1222,17.18,12,,9,1,,,,,
3297d09a-dc38-46b4-91af-cb98d72805bc,Wallis Orchard MAY USPSA Match,2025-05-18,2,Tk 20,e4324874-c035-4234-95c5-5f5b31bf0552,Daniel Duong,57,51.83,17,59.52,Carry Optics,B,A112386,MINOR,Law Enforcement,65.4731,57.0179,5.0847,17.11,17,,4,,1,,,,
3297d09a-dc38-46b4-91af-cb98d72805bc,Wallis Orchard MAY USPSA Match,2025-05-18,2,Tk 20,e4324874-c035-4234-95c5-5f5b31bf0552,Eric Huh,58,51.16,18,58.75,Carry Optics,A,A143520,MINOR,,64.6207,56.2755,5.0185,13.55,19,,1,,2,,1,,
3297d09a-dc38-46b4-91af-cb98d72805bc,Wallis Orchard MAY USPSA Match,2025-05-18,2,Tk 20,e4324874-c035-4234-95c5-5f5b31bf0552,Kevin Thurston,59,51.16,20,55.10,Limited Optics,U,A160319,MINOR,Senior,60.6155,56.2733,5.0183,19.13,15,,7,,,,,,
3297d09a-dc38-46b4-91af-cb98d72805bc,Wallis Orchard MAY USPSA Match,2025-05-18,2,Tk 20,e4324874-c035-4234-95c5-5f5b31bf0552,Don Sanders,60,50.67,17,50.67,Open,B,FY46389,MAJOR,Senior,55.7418,55.7418,4.9709,15.49,15,,5,1,1,,1,,
3297d09a-dc38-46b4-91af-cb98d72805bc,Wallis Orchard MAY USPSA Match,2025-05-18,2,Tk 20,e4324874-c035-4234-95c5-5f5b31bf0552,FRANCIS NGUYEN,61,50.49,19,57.98,Carry Optics,U,0,MINOR,,63.7773,55.5411,4.9530,15.95,13,,8,,1,,,,
3297d09a-dc38-46b4-91af-cb98d72805bc,Wallis Orchard MAY USPSA Match,2025-05-18,2,Tk 20,e4324874-c035-4234-95c5-5f5b31bf0552,John Ren,62,49.44,20,56.77,Carry Optics,U,A168570,MINOR,,62.4510,54.3861,4.8500,15.67,12,,8,2,,,1,,
3297d09a-dc38-46b4-91af-cb98d72805bc,Wallis Orchard MAY USPSA Match,2025-05-18,2,Tk 20,e4324874-c035-4234-95c5-5f5b31bf0552,Moe Zahra,63,47.28,4,64.35,PCC,U,A129744,MINOR,Military,70.7845,52.0065,4.6378,19.19,18,,3,,1,,,,
3297d09a-dc38-46b4-91af-cb98d72805bc,Wallis Orchard MAY USPSA Match,2025-05-18,2,Tk 20,e4324874-c035-4234-95c5-5f5b31bf0552,Edwin Buchwalter,64,46.67,21,53.59,Carry Optics,B,TY102903,MINOR,,58.9473,51.3348,4.5779,16.82,13,,7,1,1,,,,
3297d09a-dc38-46b4-91af-cb98d72805bc,Wallis Orchard MAY USPSA Match,2025-05-18,2,Tk 20,e4324874-c035-4234-95c5-5f5b31bf0552,Dan Schreiber,65,46.51,21,50.10,Limited Optics,,147899,MINOR,Super Senior,55.1087,51.1610,4.5624,24.11,22,,,,,,,,
3297d09a-dc38-46b4-91af-cb98d72805bc,Wallis Orchard MAY USPSA Match,2025-05-18,2,Tk 20,e4324874-c035-4234-95c5-5f5b31bf0552,michael womack,66,46.30,22,49.87,Limited Optics,U,A166212,MINOR,,54.8563,50.9267,4.5415,22.90,19,,3,,,,,,
3297d09a-dc38-46b4-91af-cb98d72805bc,Wallis Orchard MAY USPSA Match,2025-05-18,2,Tk 20,e4324874-c035-4234-95c5-5f5b31bf0552,Phyl Santos,67,44.91,22,51.57,Carry Optics,B,A155981,MINOR,,56.7287,49.4027,4.4056,16.57,12,,7,2,1,,,,
3297d09a-dc38-46b4-91af-cb98d72805bc,Wallis Orchard MAY USPSA Match,2025-05-18,2,Tk 20,e4324874-c035-4234-95c5-5f5b31bf0552,Hieu Truong,68,44.89,23,48.35,Limited Optics,U,,MINOR,,53.1870,49.3769,4.4033,22.71,17,,5,,,,,,
3297d09a-dc38-46b4-91af-cb98d72805bc,Wallis Orchard MAY USPSA Match,2025-05-18,2,Tk 20,e4324874-c035-4234-95c5-5f5b31bf0552,Jennifer Kleiber-Boatcallie,69,44.48,5,60.54,PCC,B,A142192,MINOR,Lady,66.5904,48.9250,4.3630,22.92,17,,5,,,,,,
3297d09a-dc38-46b4-91af-cb98d72805bc,Wallis Orchard MAY USPSA Match,2025-05-18,2,Tk 20,e4324874-c035-4234-95c5-5f5b31bf0552,Larry Shaw,70,40.43,24,43.55,Limited Optics,C,A153831,MINOR,,47.9049,44.4732,3.9660,14.12,14,,5,1,2,,,1,
3297d09a-dc38-46b4-91af-cb98d72805bc,Wallis Orchard MAY USPSA Match,2025-05-18,2,Tk 20,e4324874-c035-4234-95c5-5f5b31bf0552,Harlan Chen,71,37.30,25,40.18,Limited Optics,U,A163292,MINOR,,44.1979,41.0318,3.6591,23.23,16,,5,,1,,,,
3297d09a-dc38-46b4-91af-cb98d72805bc,Wallis Orchard MAY USPSA Match,2025-05-18,2,Tk 20,e4324874-c035-4234-95c5-5f5b31bf0552,Christopher Boatcallie,72,37.07,26,39.93,Limited Optics,U,A104118,MINOR,,43.9237,40.7772,3.6364,17.60,17,,3,,2,,,1,
3297d09a-dc38-46b4-91af-cb98d72805bc,Wallis Orchard MAY USPSA Match,2025-05-18,2,Tk 20,e4324874-c035-4234-95c5-5f5b31bf0552,Kyle Sims,73,35.75,23,41.05,Carry Optics,U,A168977,MINOR,,45.1540,39.3228,3.5067,25.95,19,,2,,1,,,,
3297d09a-dc38-46b4-91af-cb98d72805bc,Wallis Orchard MAY USPSA Match,2025-05-18,2,Tk 20,e4324874-c035-4234-95c5-5f5b31bf0552,Carlos Payan,74,32.67,27,35.19,Limited Optics,U,TY169123,MINOR,,38.7068,35.9340,3.2045,19.66,12,,7,2,1,,1,,
3297d09a-dc38-46b4-91af-cb98d72805bc,Wallis Orchard MAY USPSA Match,2025-05-18,2,Tk 20,e4324874-c035-4234-95c5-5f5b31bf0552,"Jeff Maxwell, Jr.",75,30.32,24,34.82,Carry Optics,B,L4489,MINOR,Senior,38.2985,33.3527,2.9743,24.88,17,,3,,2,,,,
3297d09a-dc38-46b4-91af-cb98d72805bc,Wallis Orchard MAY USPSA Match,2025-05-18,2,Tk 20,e4324874-c035-4234-95c5-5f5b31bf0552,Hugh Fullerton,76,27.21,28,29.30,Limited Optics,B,A140572,MINOR,,32.2349,29.9258,2.6687,32.60,17,,4,,1,,,,
3297d09a-dc38-46b4-91af-cb98d72805bc,Wallis Orchard MAY USPSA Match,2025-05-18,2,Tk 20,e4324874-c035-4234-95c5-5f5b31bf0552,Robert Gomez,77,17.69,29,19.06,Limited Optics,U,A163660,MINOR,,20.9617,19.4601,1.7354,18.44,15,,2,1,4,,,1,
3297d09a-dc38-46b4-91af-cb98d72805bc,Wallis Orchard MAY USPSA Match,2025-05-18,2,Tk 20,e4324874-c035-4234-95c5-5f5b31bf0552,Michael Chang,78,0.00,25,0.00,Carry Optics,M,,MINOR,,0.0000,0.0000,,,,,,,,,,,
3297d09a-dc38-46b4-91af-cb98d72805bc,Wallis Orchard MAY USPSA Match,2025-05-18,3,Tk 75,b260a19f-23d1-40c7-b9eb-d11277e16909,Michael Hanover,1,100.00,1,100.00,Open,A,A146302,MAJOR,,130.0000,130.0000,7.2303,17.15,20,,6,,,,,,
3297d09a-dc38-46b4-91af-cb98d72805bc,Wallis Orchard MAY USPSA Match,2025-05-18,3,Tk 75,b260a19f-23d1-40c7-b9eb-d11277e16909,Olayemi Bakare,2,81.15,2,81.15,Open,U,A105300,MAJOR,,105.4988,105.4988,5.8676,19.94,15,,10,1,,,,,
3297d09a-dc38-46b4-91af-cb98d72805bc,Wallis Orchard MAY USPSA Match,2025-05-18,3,Tk 75,b260a19f-23d1-40c7-b9eb-d11277e16909,Travis McKenzie,3,77.94,3,77.94,Open,A,L6340,MAJOR,,101.3203,101.3203,5.6352,19.52,12,,11,3,,,,,
3297d09a-dc38-46b4-91af-cb98d72805bc,Wallis Orchard MAY USPSA Match,2025-05-18,3,Tk 75,b260a19f-23d1-40c7-b9eb-d11277e16909,Brandon Foss,4,77.88,1,100.00,Carry Optics,M,L5142,MINOR,,130.0000,101.2484,5.6312,21.31,21,,5,,,,,,
3297d09a-dc38-46b4-91af-cb98d72805bc,Wallis Orchard MAY USPSA Match,2025-05-18,3,Tk 75,b260a19f-23d1-40c7-b9eb-d11277e16909,Bobby Ivester,5,74.99,4,74.99,Open,M,A101336,MAJOR,,97.4870,97.4870,5.4220,19.55,16,,9,,1,,,,
3297d09a-dc38-46b4-91af-cb98d72805bc,Wallis Orchard MAY USPSA Match,2025-05-18,3,Tk 75,b260a19f-23d1-40c7-b9eb-d11277e16909,Anthony Fong,6,74.12,1,100.00,Limited Optics,M,A142224,MINOR,,130.0000,96.3524,5.3589,19.78,17,,6,3,,,,,
3297d09a-dc38-46b4-91af-cb98d72805bc,Wallis Orchard MAY USPSA Match,2025-05-18,3,Tk 75,b260a19f-23d1-40c7-b9eb-d11277e16909,Andy Chen,7,73.25,2,98.83,Limited Optics,A,A86721,MINOR,,128.4790,95.2251,5.2962,22.28,21,,4,1,,,,,
3297d09a-dc38-46b4-91af-cb98d72805bc,Wallis Orchard MAY USPSA Match,2025-05-18,3,Tk 75,b260a19f-23d1-40c7-b9eb-d11277e16909,Adriel Taylor,8,71.83,5,71.83,Open,B,A104321,MAJOR,,93.3732,93.3732,5.1932,24.07,21,,5,,,,,,
3297d09a-dc38-46b4-91af-cb98d72805bc,Wallis Orchard MAY USPSA Match,2025-05-18,3,Tk 75,b260a19f-23d1-40c7-b9eb-d11277e16909,Zachary Ralston,9,71.27,3,96.15,Limited Optics,A,A123081,MINOR,,124.9979,92.6450,5.1527,20.96,17,,7,2,,,,,
3297d09a-dc38-46b4-91af-cb98d72805bc,Wallis Orchard MAY USPSA Match,2025-05-18,3,Tk 75,b260a19f-23d1-40c7-b9eb-d11277e16909,Jose Onia,10,69.89,2,89.74,Carry Optics,A,A134359,MINOR,Senior,116.6565,90.8560,5.0532,22.56,18,,8,,,,,,
3297d09a-dc38-46b4-91af-cb98d72805bc,Wallis Orchard MAY USPSA Match,2025-05-18,3,Tk 75,b260a19f-23d1-40c7-b9eb-d11277e16909,Jorge Cahas,11,69.40,6,69.40,Open,B,F-44522,MAJOR,Senior,90.2249,90.2249,5.0181,24.91,21,,5,,,,,,
3297d09a-dc38-46b4-91af-cb98d72805bc,Wallis Orchard MAY USPSA Match,2025-05-18,3,Tk 75,b260a19f-23d1-40c7-b9eb-d11277e16909,Michael Kiesewetter,12,67.66,3,86.87,Carry Optics,M,TY118153,MINOR,,112.9305,87.9540,4.8918,21.26,14,,11,1,,,,,
3297d09a-dc38-46b4-91af-cb98d72805bc,Wallis Orchard MAY USPSA Match,2025-05-18,3,Tk 75,b260a19f-23d1-40c7-b9eb-d11277e16909,Jim Havens,13,67.39,4,90.92,Limited Optics,M,,MINOR,Senior,118.2006,87.6070,4.8725,21.96,22,,2,1,1,,,,
3297d09a-dc38-46b4-91af-cb98d72805bc,Wallis Orchard MAY USPSA Match,2025-05-18,3,Tk 75,b260a19f-23d1-40c7-b9eb-d11277e16909,Khoa Nguyen,14,65.66,5,88.59,Limited Optics,A,A117224,MINOR,Law Enforcement,115.1682,85.3595,4.7475,23.17,18,,6,2,,,,,
3297d09a-dc38-46b4-91af-cb98d72805bc,Wallis Orchard MAY USPSA Match,2025-05-18,3,Tk 75,b260a19f-23d1-40c7-b9eb-d11277e16909,Christian Canizales,15,65.55,4,84.17,Carry Optics,A,TY150265,MINOR,,109.4191,85.2193,4.7397,23.63,19,,5,2,,,,,
3297d09a-dc38-46b4-91af-cb98d72805bc,Wallis Orchard MAY USPSA Match,2025-05-18,3,Tk 75,b260a19f-23d1-40c7-b9eb-d11277e16909,Heath Helgeson,16,64.89,6,87.55,Limited Optics,B,A149129,MINOR,,113.8170,84.3580,4.6918,21.74,13,,12,1,,,,,
3297d09a-dc38-46b4-91af-cb98d72805bc,Wallis Orchard MAY USPSA Match,2025-05-18,3,Tk 75,b260a19f-23d1-40c7-b9eb-d11277e16909,Mike Junco,17,63.82,7,86.10,Limited Optics,M,TY34819,MINOR,Senior; Law Enforcement,111.9321,82.9610,4.6141,23.84,17,,8,1,,,,,
3297d09a-dc38-46b4-91af-cb98d72805bc,Wallis Orchard MAY USPSA Match,2025-05-18,3,Tk 75,b260a19f-23d1-40c7-b9eb-d11277e16909,Steven McNamara,18,61.79,7,61.79,Open,B,A75212,MAJOR,Senior,80.3306,80.3306,4.4678,25.74,15,,9,2,,,,,
3297d09a-dc38-46b4-91af-cb98d72805bc,Wallis Orchard MAY USPSA Match,2025-05-18,3,Tk 75,b260a19f-23d1-40c7-b9eb-d11277e16909,Tony Vale,19,61.76,8,83.33,Limited Optics,U,A153735,MINOR,,108.3248,80.2874,4.4654,23.29,14,,11,1,,,,,
3297d09a-dc38-46b4-91af-cb98d72805bc,Wallis Orchard MAY USPSA Match,2025-05-18,3,Tk 75,b260a19f-23d1-40c7-b9eb-d11277e16909,Dale Fike,20,61.37,1,100.00,PCC,B,A113427,MINOR,Senior,130.0000,79.7804,4.4372,21.41,16,,8,1,1,,,,
3297d09a-dc38-46b4-91af-cb98d72805bc,Wallis Orchard MAY USPSA Match,2025-05-18,3,Tk 75,b260a19f-23d1-40c7-b9eb-d11277e16909,Don Sanders,21,60.96,8,60.96,Open,B,FY46389,MAJOR,Senior,79.2500,79.2500,4.4077,25.41,12,,12,2,,,,,
3297d09a-dc38-46b4-91af-cb98d72805bc,Wallis Orchard MAY USPSA Match,2025-05-18,3,Tk 75,b260a19f-23d1-40c7-b9eb-d11277e16909,Eric Huh,22,60.41,5,77.56,Carry Optics,A,A143520,MINOR,,100.8336,78.5326,4.3678,26.10,19,,6,1,,,,,
3297d09a-dc38-46b4-91af-cb98d72805bc,Wallis Orchard MAY USPSA Match,2025-05-18,3,Tk 75,b260a19f-23d1-40c7-b9eb-d11277e16909,Albert Legislador,23,59.76,9,59.76,Open,C,TY91787,MAJOR,Senior,77.6911,77.6911,4.3210,27.54,17,,8,1,,,,,
3297d09a-dc38-46b4-91af-cb98d72805bc,Wallis Orchard MAY USPSA Match,2025-05-18,3,Tk 75,b260a19f-23d1-40c7-b9eb-d11277e16909,Roger Feng,24,59.54,6,76.44,Carry Optics,A,A157776,MINOR,,99.3746,77.3962,4.3046,21.14,17,,4,4,1,,,,
3297d09a-dc38-46b4-91af-cb98d72805bc,Wallis Orchard MAY USPSA Match,2025-05-18,3,Tk 75,b260a19f-23d1-40c7-b9eb-d11277e16909,Lee Cardwell,25,58.96,7,75.71,Carry Optics,B,A155173,MINOR,,98.4188,76.6519,4.2632,21.58,12,,9,5,,,,,
3297d09a-dc38-46b4-91af-cb98d72805bc,Wallis Orchard MAY USPSA Match,2025-05-18,3,Tk 75,b260a19f-23d1-40c7-b9eb-d11277e16909,Matthew Lem,26,58.83,9,79.38,Limited Optics,A,A34763,MINOR,Senior; Law Enforcement,103.1893,76.4811,4.2537,25.86,18,,6,2,,,,,
3297d09a-dc38-46b4-91af-cb98d72805bc,Wallis Orchard MAY USPSA Match,2025-05-18,3,Tk 75,b260a19f-23d1-40c7-b9eb-d11277e16909,Darcy Okeefe,27,57.92,8,74.37,Carry Optics,B,,MINOR,,96.6758,75.2944,4.1877,27.70,20,,5,1,,,,,
3297d09a-dc38-46b4-91af-cb98d72805bc,Wallis Orchard MAY USPSA Match,2025-05-18,3,Tk 75,b260a19f-23d1-40c7-b9eb-d11277e16909,Phillip Nguyen,28,57.51,10,77.59,Limited Optics,A,TY152423,MINOR,,100.8701,74.7622,4.1581,24.29,18,,7,,1,,,,
3297d09a-dc38-46b4-91af-cb98d72805bc,Wallis Orchard MAY USPSA Match,2025-05-18,3,Tk 75,b260a19f-23d1-40c7-b9eb-d11277e16909,Yihao Zuo,29,57.12,10,57.12,Open,U,A165414,MAJOR,,74.2569,74.2569,4.1300,29.54,20,,5,1,,,,,
3297d09a-dc38-46b4-91af-cb98d72805bc,Wallis Orchard MAY USPSA Match,2025-05-18,3,Tk 75,b260a19f-23d1-40c7-b9eb-d11277e16909,Abe Valdez,30,56.78,9,72.91,Carry Optics,B,A148541,MINOR,,94.7805,73.8182,4.1056,23.87,15,,6,5,,,,,
3297d09a-dc38-46b4-91af-cb98d72805bc,Wallis Orchard MAY USPSA Match,2025-05-18,3,Tk 75,b260a19f-23d1-40c7-b9eb-d11277e16909,Jason Wells,31,56.13,10,72.07,Carry Optics,A,L5218,MINOR,,93.6909,72.9696,4.0584,24.64,13,,11,2,,,,,
3297d09a-dc38-46b4-91af-cb98d72805bc,Wallis Orchard MAY USPSA Match,2025-05-18,3,Tk 75,b260a19f-23d1-40c7-b9eb-d11277e16909,Stormtrooper Qian,32,56.03,11,75.59,Limited Optics,B,A150939,MINOR,,98.2672,72.8329,4.0508,25.18,14,,10,2,,,,,
3297d09a-dc38-46b4-91af-cb98d72805bc,Wallis Orchard MAY USPSA Match,2025-05-18,3,Tk 75,b260a19f-23d1-40c7-b9eb-d11277e16909,Moe Zahra,33,55.07,2,89.74,PCC,U,A129744,MINOR,Military,116.6637,71.5959,3.9820,26.62,19,,7,,,,1,,
3297d09a-dc38-46b4-91af-cb98d72805bc,Wallis Orchard MAY USPSA Match,2025-05-18,3,Tk 75,b260a19f-23d1-40c7-b9eb-d11277e16909,Tyler Kenny,34,55.03,11,70.66,Carry Optics,A,A148691,MINOR,,91.8556,71.5402,3.9789,24.63,12,,12,2,,,,,
3297d09a-dc38-46b4-91af-cb98d72805bc,Wallis Orchard MAY USPSA Match,2025-05-18,3,Tk 75,b260a19f-23d1-40c7-b9eb-d11277e16909,Andrew Whitley,35,54.85,11,54.85,Open,A,,MAJOR,,71.3046,71.3046,3.9658,22.19,12,,11,2,1,,1,,
3297d09a-dc38-46b4-91af-cb98d72805bc,Wallis Orchard MAY USPSA Match,2025-05-18,3,Tk 75,b260a19f-23d1-40c7-b9eb-d11277e16909,Hugh Fullerton,36,54.68,12,73.78,Limited Optics,B,A140572,MINOR,,95.9092,71.0853,3.9536,29.34,20,,5,1,,,,,
3297d09a-dc38-46b4-91af-cb98d72805bc,Wallis Orchard MAY USPSA Match,2025-05-18,3,Tk 75,b260a19f-23d1-40c7-b9eb-d11277e16909,Zvi Davidoff,37,54.34,12,54.34,Open,U,,MAJOR,,70.6376,70.6376,3.9287,21.89,14,,8,2,2,,,,
3297d09a-dc38-46b4-91af-cb98d72805bc,Wallis Orchard MAY USPSA Match,2025-05-18,3,Tk 75,b260a19f-23d1-40c7-b9eb-d11277e16909,FRANCIS NGUYEN,38,54.08,12,69.44,Carry Optics,U,0,MINOR,,90.2673,70.3032,3.9101,24.04,13,,8,5,,,,,
3297d09a-dc38-46b4-91af-cb98d72805bc,Wallis Orchard MAY USPSA Match,2025-05-18,3,Tk 75,b260a19f-23d1-40c7-b9eb-d11277e16909,Daniel Duong,39,53.76,13,69.03,Carry Optics,B,A112386,MINOR,Law Enforcement,89.7409,69.8932,3.8873,30.87,21,,5,,,,,,
3297d09a-dc38-46b4-91af-cb98d72805bc,Wallis Orchard MAY USPSA Match,2025-05-18,3,Tk 75,b260a19f-23d1-40c7-b9eb-d11277e16909,Larry Shaw,40,53.17,13,71.74,Limited Optics,C,A153831,MINOR,,93.2650,69.1255,3.8446,25.23,17,,7,1,1,,,,
3297d09a-dc38-46b4-91af-cb98d72805bc,Wallis Orchard MAY USPSA Match,2025-05-18,3,Tk 75,b260a19f-23d1-40c7-b9eb-d11277e16909,Yulmer Carreno,41,52.10,14,70.30,Limited Optics,B,A157204,MINOR,,91.3850,67.7320,3.7671,26.28,18,,6,1,1,,,,
3297d09a-dc38-46b4-91af-cb98d72805bc,Wallis Orchard MAY USPSA Match,2025-05-18,3,Tk 75,b260a19f-23d1-40c7-b9eb-d11277e16909,Marc Demeza,42,51.68,15,69.73,Limited Optics,U,TY142892,MINOR,,90.6451,67.1837,3.7366,32.65,22,,4,,,,,,
3297d09a-dc38-46b4-91af-cb98d72805bc,Wallis Orchard MAY USPSA Match,2025-05-18,3,Tk 75,b260a19f-23d1-40c7-b9eb-d11277e16909,Christopher Boatcallie,43,51.34,16,69.27,Limited Optics,U,A104118,MINOR,,90.0483,66.7414,3.7120,26.94,15,,7,4,,,,,
3297d09a-dc38-46b4-91af-cb98d72805bc,Wallis Orchard MAY USPSA Match,2025-05-18,3,Tk 75,b260a19f-23d1-40c7-b9eb-d11277e16909,Anthony Giuliano,44,51.15,14,65.68,Carry Optics,A,A152263,MINOR,Law Enforcement,85.3823,66.4986,3.6985,21.36,12,,8,5,1,,,,
3297d09a-dc38-46b4-91af-cb98d72805bc,Wallis Orchard MAY USPSA Match,2025-05-18,3,Tk 75,b260a19f-23d1-40c7-b9eb-d11277e16909,Yanlin Xiang,45,50.71,17,68.42,Limited Optics,C,A164967,MINOR,,88.9494,65.9269,3.6667,30.00,18,,6,2,,,,,
3297d09a-dc38-46b4-91af-cb98d72805bc,Wallis Orchard MAY USPSA Match,2025-05-18,3,Tk 75,b260a19f-23d1-40c7-b9eb-d11277e16909,David Zhang,46,50.06,18,67.54,Limited Optics,B,FY140383,MINOR,,87.8020,65.0764,3.6194,26.80,17,,7,1,1,,,,
3297d09a-dc38-46b4-91af-cb98d72805bc,Wallis Orchard MAY USPSA Match,2025-05-18,3,Tk 75,b260a19f-23d1-40c7-b9eb-d11277e16909,John Ren,47,49.74,15,63.86,Carry Optics,U,A168570,MINOR,,83.0184,64.6575,3.5961,21.69,18,,6,,2,,,1,
3297d09a-dc38-46b4-91af-cb98d72805bc,Wallis Orchard MAY USPSA Match,2025-05-18,3,Tk 75,b260a19f-23d1-40c7-b9eb-d11277e16909,Angelo Guadalquiver,48,49.35,13,49.35,Open,B,A145293,MAJOR,,64.1522,64.1522,3.5680,21.02,11,,12,1,2,,,1,
3297d09a-dc38-46b4-91af-cb98d72805bc,Wallis Orchard MAY USPSA Match,2025-05-18,3,Tk 75,b260a19f-23d1-40c7-b9eb-d11277e16909,Amber Chike-Udenze,49,49.19,3,80.16,PCC,B,A138974,MINOR,Lady,104.2033,63.9491,3.5567,26.71,16,,8,1,1,,,,
3297d09a-dc38-46b4-91af-cb98d72805bc,Wallis Orchard MAY USPSA Match,2025-05-18,3,Tk 75,b260a19f-23d1-40c7-b9eb-d11277e16909,Gabriel Nguyen,50,47.92,16,61.53,Carry Optics,B,A163845,MINOR,,79.9872,62.2967,3.4648,29.15,19,,5,1,1,,,,
3297d09a-dc38-46b4-91af-cb98d72805bc,Wallis Orchard MAY USPSA Match,2025-05-18,3,Tk 75,b260a19f-23d1-40c7-b9eb-d11277e16909,Robbie Boettcher,51,47.78,1,100.00,Limited 10,U,L5829,MINOR,,130.0000,62.1097,3.4544,33.58,19,,7,,,,,,
3297d09a-dc38-46b4-91af-cb98d72805bc,Wallis Orchard MAY USPSA Match,2025-05-18,3,Tk 75,b260a19f-23d1-40c7-b9eb-d11277e16909,"Jeff Maxwell, Jr.",52,47.26,17,60.68,Carry Optics,B,L4489,MINOR,Senior,78.8814,61.4355,3.4169,36.29,23,,3,,,,,,
3297d09a-dc38-46b4-91af-cb98d72805bc,Wallis Orchard MAY USPSA Match,2025-05-18,3,Tk 75,b260a19f-23d1-40c7-b9eb-d11277e16909,Jennifer Kleiber-Boatcallie,53,47.16,4,76.85,PCC,B,A142192,MINOR,Lady,99.8995,61.3078,3.4098,34.02,21,,3,2,,,,,
3297d09a-dc38-46b4-91af-cb98d72805bc,Wallis Orchard MAY USPSA Match,2025-05-18,3,Tk 75,b260a19f-23d1-40c7-b9eb-d11277e16909,Chez Chike-Udenze,54,46.45,14,46.45,Open,M,A138598,MAJOR,,60.3819,60.3819,3.3583,30.67,15,,9,1,1,,,,
3297d09a-dc38-46b4-91af-cb98d72805bc,Wallis Orchard MAY USPSA Match,2025-05-18,3,Tk 75,b260a19f-23d1-40c7-b9eb-d11277e16909,Harlan Chen,55,46.18,19,62.30,Limited Optics,U,A163292,MINOR,,80.9901,60.0277,3.3386,31.75,16,,8,2,,,,,
3297d09a-dc38-46b4-91af-cb98d72805bc,Wallis Orchard MAY USPSA Match,2025-05-18,3,Tk 75,b260a19f-23d1-40c7-b9eb-d11277e16909,Travis Tippit,56,45.91,18,58.95,Carry Optics,U,,MINOR,Law Enforcement,76.6329,59.6842,3.3195,33.74,17,,9,,,,,,
3297d09a-dc38-46b4-91af-cb98d72805bc,Wallis Orchard MAY USPSA Match,2025-05-18,3,Tk 75,b260a19f-23d1-40c7-b9eb-d11277e16909,Gennady Khokhorin,57,45.39,1,100.00,Production,B,A123884,MINOR,Super Senior,130.0000,59.0046,3.2817,32.30,15,,10,1,,,,,
3297d09a-dc38-46b4-91af-cb98d72805bc,Wallis Orchard MAY USPSA Match,2025-05-18,3,Tk 75,b260a19f-23d1-40c7-b9eb-d11277e16909,Marco Yue,58,44.29,20,59.76,Limited Optics,B,L5762,MINOR,,77.6909,57.5824,3.2026,24.98,17,,4,3,2,,,,
3297d09a-dc38-46b4-91af-cb98d72805bc,Wallis Orchard MAY USPSA Match,2025-05-18,3,Tk 75,b260a19f-23d1-40c7-b9eb-d11277e16909,Gary Wu,59,44.00,19,56.49,Carry Optics,B,L2998,MINOR,Senior,73.4424,57.1994,3.1813,26.09,13,,8,4,1,,,,
3297d09a-dc38-46b4-91af-cb98d72805bc,Wallis Orchard MAY USPSA Match,2025-05-18,3,Tk 75,b260a19f-23d1-40c7-b9eb-d11277e16909,Vinh Lam,60,42.95,21,57.95,Limited Optics,A,Ty101025,MINOR,,75.3378,55.8383,3.1056,17.71,15,,6,2,3,,1,,
3297d09a-dc38-46b4-91af-cb98d72805bc,Wallis Orchard MAY USPSA Match,2025-05-18,3,Tk 75,b260a19f-23d1-40c7-b9eb-d11277e16909,Andrew Quintana,61,42.91,22,57.90,Limited Optics,U,,MINOR,,75.2651,55.7844,3.1026,25.14,14,,9,1,2,,,,
3297d09a-dc38-46b4-91af-cb98d72805bc,Wallis Orchard MAY USPSA Match,2025-05-18,3,Tk 75,b260a19f-23d1-40c7-b9eb-d11277e16909,Dan Schreiber,62,37.65,23,50.79,Limited Optics,,147899,MINOR,Super Senior,66.0322,48.9413,2.7220,43.35,21,,4,1,,,,,
3297d09a-dc38-46b4-91af-cb98d72805bc,Wallis Orchard MAY USPSA Match,2025-05-18,3,Tk 75,b260a19f-23d1-40c7-b9eb-d11277e16909,Phyl Santos,63,34.51,20,44.32,Carry Optics,B,A155981,MINOR,,57.6103,44.8688,2.4955,22.04,11,,9,3,3,,,,
3297d09a-dc38-46b4-91af-cb98d72805bc,Wallis Orchard MAY USPSA Match,2025-05-18,3,Tk 75,b260a19f-23d1-40c7-b9eb-d11277e16909,Keith Bowman Jr,64,33.51,15,33.51,Open,C,A157830,MINOR,,43.5689,43.5689,2.4232,29.30,11,,6,8,1,,,,
3297d09a-dc38-46b4-91af-cb98d72805bc,Wallis Orchard MAY USPSA Match,2025-05-18,3,Tk 75,b260a19f-23d1-40c7-b9eb-d11277e16909,Kevin Thurston,65,31.04,24,41.88,Limited Optics,U,A160319,MINOR,Senior,54.4487,40.3559,2.2445,32.97,14,,7,3,2,,,,
3297d09a-dc38-46b4-91af-cb98d72805bc,Wallis Orchard MAY USPSA Match,2025-05-18,3,Tk 75,b260a19f-23d1-40c7-b9eb-d11277e16909,Kyle Sims,66,30.17,21,38.74,Carry Optics,U,A168977,MINOR,,50.3660,39.2267,2.1817,38.96,16,,3,6,1,,,,
3297d09a-dc38-46b4-91af-cb98d72805bc,Wallis Orchard MAY USPSA Match,2025-05-18,3,Tk 75,b260a19f-23d1-40c7-b9eb-d11277e16909,Arnold Gee,67,28.67,16,28.67,Open,B,A103519,MAJOR,Senior,37.2669,37.2669,2.0727,27.50,11,,10,1,4,,,,
3297d09a-dc38-46b4-91af-cb98d72805bc,Wallis Orchard MAY USPSA Match,2025-05-18,3,Tk 75,b260a19f-23d1-40c7-b9eb-d11277e16909,Michael Chang,68,27.67,22,35.53,Carry Optics,M,,MINOR,,46.1875,35.9724,2.0007,27.99,13,,5,6,2,,1,,
3297d09a-dc38-46b4-91af-cb98d72805bc,Wallis Orchard MAY USPSA Match,2025-05-18,3,Tk 75,b260a19f-23d1-40c7-b9eb-d11277e16909,Robert Gomez,69,26.57,25,35.85,Limited Optics,U,A163660,MINOR,,46.6107,34.5466,1.9214,35.39,12,,8,4,2,,,,
3297d09a-dc38-46b4-91af-cb98d72805bc,Wallis Orchard MAY USPSA Match,2025-05-18,3,Tk 75,b260a19f-23d1-40c7-b9eb-d11277e16909,michael womack,70,25.75,26,34.74,Limited Optics,U,A166212,MINOR,,45.1576,33.4696,1.8615,26.86,9,,10,5,2,,,1,
3297d09a-dc38-46b4-91af-cb98d72805bc,Wallis Orchard MAY USPSA Match,2025-05-18,3,Tk 75,b260a19f-23d1-40c7-b9eb-d11277e16909,Cliff Pinsent,71,25.57,17,25.57,Open,B,FY99321,MAJOR,Distinguished Senior,33.2394,33.2394,1.8487,29.21,12,,7,3,4,,,,
3297d09a-dc38-46b4-91af-cb98d72805bc,Wallis Orchard MAY USPSA Match,2025-05-18,3,Tk 75,b260a19f-23d1-40c7-b9eb-d11277e16909,Shawn Prosen,72,24.91,23,31.99,Carry Optics,B,A165388,MINOR,,41.5865,32.3890,1.8014,20.54,8,,11,4,3,,,1,
3297d09a-dc38-46b4-91af-cb98d72805bc,Wallis Orchard MAY USPSA Match,2025-05-18,3,Tk 75,b260a19f-23d1-40c7-b9eb-d11277e16909,Edwin Buchwalter,73,23.77,24,30.52,Carry Optics,B,TY102903,MINOR,,39.6750,30.9002,1.7186,25.02,10,,10,3,3,,1,,
3297d09a-dc38-46b4-91af-cb98d72805bc,Wallis Orchard MAY USPSA Match,2025-05-18,3,Tk 75,b260a19f-23d1-40c7-b9eb-d11277e16909,ChAN WILLIAM,74,16.12,27,21.75,Limited Optics,U,0,MINOR,,28.2784,20.9592,1.1657,19.73,6,,14,1,5,,,,
3297d09a-dc38-46b4-91af-cb98d72805bc,Wallis Orchard MAY USPSA Match,2025-05-18,3,Tk 75,b260a19f-23d1-40c7-b9eb-d11277e16909,Carlos Payan,75,15.63,28,21.08,Limited Optics,U,TY169123,MINOR,,27.4075,20.3137,1.1298,34.52,8,,7,8,3,,,,
3297d09a-dc38-46b4-91af-cb98d72805bc,Wallis Orchard MAY USPSA Match,2025-05-18,3,Tk 75,b260a19f-23d1-40c7-b9eb-d11277e16909,A Graham,76,12.91,25,16.57,Carry Optics,U,,MINOR,Law Enforcement,21.5412,16.7770,0.9331,31.08,9,,10,4,3,,2,,
3297d09a-dc38-46b4-91af-cb98d72805bc,Wallis Orchard MAY USPSA Match,2025-05-18,3,Tk 75,b260a19f-23d1-40c7-b9eb-d11277e16909,scott Reeh,77,0.00,5,0.00,PCC,M,,MINOR,,0.0000,0.0000,,,,,,,,,,,
3297d09a-dc38-46b4-91af-cb98d72805bc,Wallis Orchard MAY USPSA Match,2025-05-18,3,Tk 75,b260a19f-23d1-40c7-b9eb-d11277e16909,Hieu Truong,78,0.00,29,0.00,Limited Optics,U,,MINOR,,0.0000,0.0000,0.0000,34.39,7,,9,4,6,,1,,
3297d09a-dc38-46b4-91af-cb98d72805bc,Wallis Orchard MAY USPSA Match,2025-05-18,4,JC 76,5def4106-144a-4899-9443-41498a574fe9,Michael Hanover,1,100.00,1,100.00,Open,A,A146302,MAJOR,,150.0000,150.0000,6.6543,21.64,24,,6,,,,,,
3297d09a-dc38-46b4-91af-cb98d72805bc,Wallis Orchard MAY USPSA Match,2025-05-18,4,JC 76,5def4106-144a-4899-9443-41498a574fe9,Michael Kiesewetter,2,99.08,1,100.00,Carry Optics,M,TY118153,MINOR,,150.0000,148.6272,6.5934,20.93,24,,6,,,,,,
3297d09a-dc38-46b4-91af-cb98d72805bc,Wallis Orchard MAY USPSA Match,2025-05-18,4,JC 76,5def4106-144a-4899-9443-41498a574fe9,Chez Chike-Udenze,3,97.40,2,97.40,Open,M,A138598,MAJOR,,146.1048,146.1048,6.4815,21.60,20,,10,,,,,,
3297d09a-dc38-46b4-91af-cb98d72805bc,Wallis Orchard MAY USPSA Match,2025-05-18,4,JC 76,5def4106-144a-4899-9443-41498a574fe9,Bobby Ivester,4,93.84,3,93.84,Open,M,A101336,MAJOR,,140.7646,140.7646,6.2446,23.06,24,,6,,,,,,
3297d09a-dc38-46b4-91af-cb98d72805bc,Wallis Orchard MAY USPSA Match,2025-05-18,4,JC 76,5def4106-144a-4899-9443-41498a574fe9,Zachary Ralston,5,90.61,1,100.00,Limited Optics,A,A123081,MINOR,,150.0000,135.9204,6.0297,21.56,21,,8,1,,,,,
3297d09a-dc38-46b4-91af-cb98d72805bc,Wallis Orchard MAY USPSA Match,2025-05-18,4,JC 76,5def4106-144a-4899-9443-41498a574fe9,Andrew Whitley,6,87.31,4,87.31,Open,A,,MAJOR,,130.9679,130.9679,5.8100,23.58,17,,13,,,,,,
3297d09a-dc38-46b4-91af-cb98d72805bc,Wallis Orchard MAY USPSA Match,2025-05-18,4,JC 76,5def4106-144a-4899-9443-41498a574fe9,Roger Feng,7,86.85,2,87.65,Carry Optics,A,A157776,MINOR,,131.4792,130.2759,5.7793,22.84,21,,9,,,,,,
3297d09a-dc38-46b4-91af-cb98d72805bc,Wallis Orchard MAY USPSA Match,2025-05-18,4,JC 76,5def4106-144a-4899-9443-41498a574fe9,Christian Canizales,8,86.35,3,87.14,Carry Optics,A,TY150265,MINOR,,130.7148,129.5185,5.7457,23.67,23,,7,,,,,,
3297d09a-dc38-46b4-91af-cb98d72805bc,Wallis Orchard MAY USPSA Match,2025-05-18,4,JC 76,5def4106-144a-4899-9443-41498a574fe9,Phillip Nguyen,9,82.63,2,91.19,Limited Optics,A,TY152423,MINOR,,136.7879,123.9484,5.4986,24.37,23,,6,1,,,,,
3297d09a-dc38-46b4-91af-cb98d72805bc,Wallis Orchard MAY USPSA Match,2025-05-18,4,JC 76,5def4106-144a-4899-9443-41498a574fe9,Anthony Fong,10,82.61,3,91.16,Limited Optics,M,A142224,MINOR,,136.7431,123.9078,5.4968,23.65,20,,10,,,,,,
3297d09a-dc38-46b4-91af-cb98d72805bc,Wallis Orchard MAY USPSA Match,2025-05-18,4,JC 76,5def4106-144a-4899-9443-41498a574fe9,Jorge Cahas,11,81.39,5,81.39,Open,B,F-44522,MAJOR,Senior,122.0797,122.0797,5.4157,26.22,24,,5,1,,,,,
3297d09a-dc38-46b4-91af-cb98d72805bc,Wallis Orchard MAY USPSA Match,2025-05-18,4,JC 76,5def4106-144a-4899-9443-41498a574fe9,Vinh Lam,12,81.37,4,89.80,Limited Optics,A,Ty101025,MINOR,,134.6982,122.0549,5.4146,20.50,19,,8,2,1,,,,
3297d09a-dc38-46b4-91af-cb98d72805bc,Wallis Orchard MAY USPSA Match,2025-05-18,4,JC 76,5def4106-144a-4899-9443-41498a574fe9,Jose Onia,13,81.33,4,82.08,Carry Optics,A,A134359,MINOR,Senior,123.1254,121.9986,5.4121,24.39,21,,9,,,,,,
3297d09a-dc38-46b4-91af-cb98d72805bc,Wallis Orchard MAY USPSA Match,2025-05-18,4,JC 76,5def4106-144a-4899-9443-41498a574fe9,Jason Wells,14,79.44,5,80.18,Carry Optics,A,L5218,MINOR,,120.2634,119.1628,5.2863,24.97,22,,7,1,,,,,
3297d09a-dc38-46b4-91af-cb98d72805bc,Wallis Orchard MAY USPSA Match,2025-05-18,4,JC 76,5def4106-144a-4899-9443-41498a574fe9,Steven McNamara,15,79.21,6,79.21,Open,B,A75212,MAJOR,Senior,118.8179,118.8179,5.2710,26.75,21,,9,,,,,,
3297d09a-dc38-46b4-91af-cb98d72805bc,Wallis Orchard MAY USPSA Match,2025-05-18,4,JC 76,5def4106-144a-4899-9443-41498a574fe9,Lee Cardwell,16,78.82,6,79.55,Carry Optics,B,A155173,MINOR,,119.3261,118.2341,5.2451,23.26,16,,14,,,,,,
3297d09a-dc38-46b4-91af-cb98d72805bc,Wallis Orchard MAY USPSA Match,2025-05-18,4,JC 76,5def4106-144a-4899-9443-41498a574fe9,Eric Huh,17,78.10,7,78.82,Carry Optics,A,A143520,MINOR,,118.2296,117.1476,5.1969,25.40,23,,5,2,,,,,
3297d09a-dc38-46b4-91af-cb98d72805bc,Wallis Orchard MAY USPSA Match,2025-05-18,4,JC 76,5def4106-144a-4899-9443-41498a574fe9,Jim Havens,18,77.52,5,85.55,Limited Optics,M,,MINOR,Senior,128.3198,116.2752,5.1582,23.07,21,,8,,1,,,,
3297d09a-dc38-46b4-91af-cb98d72805bc,Wallis Orchard MAY USPSA Match,2025-05-18,4,JC 76,5def4106-144a-4899-9443-41498a574fe9,Olayemi Bakare,19,76.89,7,76.89,Open,U,A105300,MAJOR,,115.3397,115.3397,5.1167,22.28,16,,9,4,1,,,,
3297d09a-dc38-46b4-91af-cb98d72805bc,Wallis Orchard MAY USPSA Match,2025-05-18,4,JC 76,5def4106-144a-4899-9443-41498a574fe9,Marco Yue,20,76.42,6,84.34,Limited Optics,B,L5762,MINOR,,126.5088,114.6341,5.0854,26.35,23,,6,1,,,,,
3297d09a-dc38-46b4-91af-cb98d72805bc,Wallis Orchard MAY USPSA Match,2025-05-18,4,JC 76,5def4106-144a-4899-9443-41498a574fe9,Abe Valdez,21,76.05,8,76.75,Carry Optics,B,A148541,MINOR,,115.1288,114.0751,5.0606,23.91,22,,7,,1,,,,
3297d09a-dc38-46b4-91af-cb98d72805bc,Wallis Orchard MAY USPSA Match,2025-05-18,4,JC 76,5def4106-144a-4899-9443-41498a574fe9,Adriel Taylor,22,75.19,8,75.19,Open,B,A104321,MAJOR,,112.7902,112.7902,5.0036,27.98,22,,7,1,,,,,
3297d09a-dc38-46b4-91af-cb98d72805bc,Wallis Orchard MAY USPSA Match,2025-05-18,4,JC 76,5def4106-144a-4899-9443-41498a574fe9,Tony Vale,23,73.18,7,80.76,Limited Optics,U,A153735,MINOR,,121.1428,109.7719,4.8697,23.41,15,,12,3,,,,,
3297d09a-dc38-46b4-91af-cb98d72805bc,Wallis Orchard MAY USPSA Match,2025-05-18,4,JC 76,5def4106-144a-4899-9443-41498a574fe9,FRANCIS NGUYEN,24,72.97,9,73.65,Carry Optics,U,0,MINOR,,110.4718,109.4608,4.8559,25.33,23,,6,,1,,,,
3297d09a-dc38-46b4-91af-cb98d72805bc,Wallis Orchard MAY USPSA Match,2025-05-18,4,JC 76,5def4106-144a-4899-9443-41498a574fe9,Tyler Kenny,25,71.62,10,72.28,Carry Optics,A,A148691,MINOR,,108.4175,107.4253,4.7656,25.81,24,,4,1,1,,,,
3297d09a-dc38-46b4-91af-cb98d72805bc,Wallis Orchard MAY USPSA Match,2025-05-18,4,JC 76,5def4106-144a-4899-9443-41498a574fe9,Gary Wu,26,71.61,11,72.27,Carry Optics,B,L2998,MINOR,Senior,108.4107,107.4185,4.7653,27.70,22,,7,1,,,,,
3297d09a-dc38-46b4-91af-cb98d72805bc,Wallis Orchard MAY USPSA Match,2025-05-18,4,JC 76,5def4106-144a-4899-9443-41498a574fe9,Mike Junco,27,71.47,8,78.87,Limited Optics,M,TY34819,MINOR,Senior; Law Enforcement,118.3119,107.2066,4.7559,23.97,25,,3,,2,,,,
3297d09a-dc38-46b4-91af-cb98d72805bc,Wallis Orchard MAY USPSA Match,2025-05-18,4,JC 76,5def4106-144a-4899-9443-41498a574fe9,Darcy Okeefe,28,70.59,12,71.24,Carry Optics,B,,MINOR,,106.8614,105.8834,4.6972,25.76,22,,7,,1,,,,
3297d09a-dc38-46b4-91af-cb98d72805bc,Wallis Orchard MAY USPSA Match,2025-05-18,4,JC 76,5def4106-144a-4899-9443-41498a574fe9,Travis McKenzie,29,70.32,9,70.32,Open,A,L6340,MAJOR,,105.4867,105.4867,4.6796,23.72,19,,9,,2,,,,
3297d09a-dc38-46b4-91af-cb98d72805bc,Wallis Orchard MAY USPSA Match,2025-05-18,4,JC 76,5def4106-144a-4899-9443-41498a574fe9,Heath Helgeson,30,70.07,9,77.33,Limited Optics,B,A149129,MINOR,,116.0008,105.1125,4.6630,23.59,23,,5,,2,,,,
3297d09a-dc38-46b4-91af-cb98d72805bc,Wallis Orchard MAY USPSA Match,2025-05-18,4,JC 76,5def4106-144a-4899-9443-41498a574fe9,Brandon Foss,31,70.07,13,70.72,Carry Optics,M,L5142,MINOR,,106.0743,105.1035,4.6626,26.38,25,,2,2,1,,,,
3297d09a-dc38-46b4-91af-cb98d72805bc,Wallis Orchard MAY USPSA Match,2025-05-18,4,JC 76,5def4106-144a-4899-9443-41498a574fe9,John Ren,32,70.00,14,70.65,Carry Optics,U,A168570,MINOR,,105.9764,105.0065,4.6583,26.19,19,,8,3,,,,,
3297d09a-dc38-46b4-91af-cb98d72805bc,Wallis Orchard MAY USPSA Match,2025-05-18,4,JC 76,5def4106-144a-4899-9443-41498a574fe9,Albert Legislador,33,69.56,10,69.56,Open,C,TY91787,MAJOR,Senior,104.3393,104.3393,4.6287,31.11,24,,6,,,,,,
3297d09a-dc38-46b4-91af-cb98d72805bc,Wallis Orchard MAY USPSA Match,2025-05-18,4,JC 76,5def4106-144a-4899-9443-41498a574fe9,Angelo Guadalquiver,34,68.70,11,68.70,Open,B,A145293,MAJOR,,103.0477,103.0477,4.5714,24.50,20,,8,,2,,,,
3297d09a-dc38-46b4-91af-cb98d72805bc,Wallis Orchard MAY USPSA Match,2025-05-18,4,JC 76,5def4106-144a-4899-9443-41498a574fe9,Khoa Nguyen,35,67.99,10,75.03,Limited Optics,A,A117224,MINOR,Law Enforcement,112.5479,101.9837,4.5242,25.64,17,,9,4,,,,,
3297d09a-dc38-46b4-91af-cb98d72805bc,Wallis Orchard MAY USPSA Match,2025-05-18,4,JC 76,5def4106-144a-4899-9443-41498a574fe9,Christopher Boatcallie,36,66.98,11,73.92,Limited Optics,U,A104118,MINOR,,110.8762,100.4689,4.4570,28.27,23,,7,,,,1,,
3297d09a-dc38-46b4-91af-cb98d72805bc,Wallis Orchard MAY USPSA Match,2025-05-18,4,JC 76,5def4106-144a-4899-9443-41498a574fe9,Shawn Prosen,37,66.43,15,67.04,Carry Optics,B,A165388,MINOR,,100.5619,99.6416,4.4203,25.79,17,,8,5,,,,,
3297d09a-dc38-46b4-91af-cb98d72805bc,Wallis Orchard MAY USPSA Match,2025-05-18,4,JC 76,5def4106-144a-4899-9443-41498a574fe9,Larry Shaw,38,66.08,12,72.92,Limited Optics,C,A153831,MINOR,,109.3860,99.1186,4.3971,30.02,22,,7,1,,,,,
3297d09a-dc38-46b4-91af-cb98d72805bc,Wallis Orchard MAY USPSA Match,2025-05-18,4,JC 76,5def4106-144a-4899-9443-41498a574fe9,Yulmer Carreno,39,66.00,13,72.84,Limited Optics,B,A157204,MINOR,,109.2592,99.0037,4.3920,30.51,23,,6,1,,,,,
3297d09a-dc38-46b4-91af-cb98d72805bc,Wallis Orchard MAY USPSA Match,2025-05-18,4,JC 76,5def4106-144a-4899-9443-41498a574fe9,Anthony Giuliano,40,65.34,16,65.94,Carry Optics,A,A152263,MINOR,Law Enforcement,98.9125,98.0073,4.3478,24.15,19,,10,,1,,1,,
3297d09a-dc38-46b4-91af-cb98d72805bc,Wallis Orchard MAY USPSA Match,2025-05-18,4,JC 76,5def4106-144a-4899-9443-41498a574fe9,Arnold Gee,41,64.82,12,64.82,Open,B,A103519,MAJOR,Senior,97.2364,97.2364,4.3136,29.21,22,,6,1,1,,,,
3297d09a-dc38-46b4-91af-cb98d72805bc,Wallis Orchard MAY USPSA Match,2025-05-18,4,JC 76,5def4106-144a-4899-9443-41498a574fe9,Andy Chen,42,64.39,14,71.06,Limited Optics,A,A86721,MINOR,,106.5874,96.5827,4.2846,24.74,21,,7,,2,,,,
3297d09a-dc38-46b4-91af-cb98d72805bc,Wallis Orchard MAY USPSA Match,2025-05-18,4,JC 76,5def4106-144a-4899-9443-41498a574fe9,David Zhang,43,64.30,15,70.96,Limited Optics,B,FY140383,MINOR,,106.4431,96.4519,4.2788,30.85,22,,7,1,,,,,
3297d09a-dc38-46b4-91af-cb98d72805bc,Wallis Orchard MAY USPSA Match,2025-05-18,4,JC 76,5def4106-144a-4899-9443-41498a574fe9,Dale Fike,44,64.02,1,100.00,PCC,B,A113427,MINOR,Senior,150.0000,96.0304,4.2601,26.76,18,,11,1,,,1,,
3297d09a-dc38-46b4-91af-cb98d72805bc,Wallis Orchard MAY USPSA Match,2025-05-18,4,JC 76,5def4106-144a-4899-9443-41498a574fe9,Cliff Pinsent,45,64.00,13,64.00,Open,B,FY99321,MAJOR,Distinguished Senior,95.9943,95.9943,4.2585,33.58,25,,4,1,,,,,
3297d09a-dc38-46b4-91af-cb98d72805bc,Wallis Orchard MAY USPSA Match,2025-05-18,4,JC 76,5def4106-144a-4899-9443-41498a574fe9,Travis Tippit,46,62.78,17,63.36,Carry Optics,U,,MINOR,Law Enforcement,95.0359,94.1662,4.1774,31.12,21,,8,1,,,,,
3297d09a-dc38-46b4-91af-cb98d72805bc,Wallis Orchard MAY USPSA Match,2025-05-18,4,JC 76,5def4106-144a-4899-9443-41498a574fe9,Amber Chike-Udenze,47,62.02,2,96.88,PCC,B,A138974,MINOR,Lady,145.3205,93.0346,4.1272,29.56,17,,12,1,,,,,
3297d09a-dc38-46b4-91af-cb98d72805bc,Wallis Orchard MAY USPSA Match,2025-05-18,4,JC 76,5def4106-144a-4899-9443-41498a574fe9,Stormtrooper Qian,48,61.16,16,67.50,Limited Optics,B,A150939,MINOR,,101.2513,91.7474,4.0701,31.94,21,,8,1,,,,,
3297d09a-dc38-46b4-91af-cb98d72805bc,Wallis Orchard MAY USPSA Match,2025-05-18,4,JC 76,5def4106-144a-4899-9443-41498a574fe9,Yihao Zuo,49,60.99,14,60.99,Open,U,A165414,MAJOR,,91.4814,91.4814,4.0583,31.54,22,,7,,1,,,,
3297d09a-dc38-46b4-91af-cb98d72805bc,Wallis Orchard MAY USPSA Match,2025-05-18,4,JC 76,5def4106-144a-4899-9443-41498a574fe9,Moe Zahra,50,59.60,3,93.09,PCC,U,A129744,MINOR,Military,139.6376,89.3963,3.9658,29.25,20,,8,2,,,1,,
3297d09a-dc38-46b4-91af-cb98d72805bc,Wallis Orchard MAY USPSA Match,2025-05-18,4,JC 76,5def4106-144a-4899-9443-41498a574fe9,Zvi Davidoff,51,58.69,15,58.69,Open,U,,MAJOR,,88.0371,88.0371,3.9055,31.75,16,,13,1,,,1,,
3297d09a-dc38-46b4-91af-cb98d72805bc,Wallis Orchard MAY USPSA Match,2025-05-18,4,JC 76,5def4106-144a-4899-9443-41498a574fe9,"Jeff Maxwell, Jr.",52,58.01,18,58.55,Carry Optics,B,L4489,MINOR,Senior,87.8219,87.0182,3.8603,35.23,23,,7,,,,,,
3297d09a-dc38-46b4-91af-cb98d72805bc,Wallis Orchard MAY USPSA Match,2025-05-18,4,JC 76,5def4106-144a-4899-9443-41498a574fe9,Phyl Santos,53,55.96,19,56.48,Carry Optics,B,A155981,MINOR,,84.7211,83.9457,3.7240,25.51,12,,14,3,1,,,,
3297d09a-dc38-46b4-91af-cb98d72805bc,Wallis Orchard MAY USPSA Match,2025-05-18,4,JC 76,5def4106-144a-4899-9443-41498a574fe9,Harlan Chen,54,54.45,17,60.09,Limited Optics,U,A163292,MINOR,,90.1338,81.6735,3.6232,35.88,25,,5,,,,1,,
3297d09a-dc38-46b4-91af-cb98d72805bc,Wallis Orchard MAY USPSA Match,2025-05-18,4,JC 76,5def4106-144a-4899-9443-41498a574fe9,Marc Demeza,55,54.21,18,59.82,Limited Optics,U,TY142892,MINOR,,89.7333,81.3106,3.6071,28.00,16,,9,4,1,,,,
3297d09a-dc38-46b4-91af-cb98d72805bc,Wallis Orchard MAY USPSA Match,2025-05-18,4,JC 76,5def4106-144a-4899-9443-41498a574fe9,Gennady Khokhorin,56,52.32,1,100.00,Production,B,A123884,MINOR,Super Senior,150.0000,78.4838,3.4817,33.03,19,,10,,1,,,,
3297d09a-dc38-46b4-91af-cb98d72805bc,Wallis Orchard MAY USPSA Match,2025-05-18,4,JC 76,5def4106-144a-4899-9443-41498a574fe9,Robbie Boettcher,57,51.31,1,100.00,Limited 10,U,L5829,MINOR,,150.0000,76.9600,3.4141,34.27,21,,7,1,1,,,,
3297d09a-dc38-46b4-91af-cb98d72805bc,Wallis Orchard MAY USPSA Match,2025-05-18,4,JC 76,5def4106-144a-4899-9443-41498a574fe9,Edwin Buchwalter,58,50.60,20,51.07,Carry Optics,B,TY102903,MINOR,,76.6062,75.9051,3.3673,32.37,19,,7,3,1,,,,
3297d09a-dc38-46b4-91af-cb98d72805bc,Wallis Orchard MAY USPSA Match,2025-05-18,4,JC 76,5def4106-144a-4899-9443-41498a574fe9,Robert Gomez,59,50.29,19,55.50,Limited Optics,U,A163660,MINOR,,83.2454,75.4317,3.3463,33.47,16,,14,,,,1,,
3297d09a-dc38-46b4-91af-cb98d72805bc,Wallis Orchard MAY USPSA Match,2025-05-18,4,JC 76,5def4106-144a-4899-9443-41498a574fe9,Yanlin Xiang,60,49.31,20,54.42,Limited Optics,C,A164967,MINOR,,81.6284,73.9665,3.2813,37.18,22,,7,1,,,1,,
3297d09a-dc38-46b4-91af-cb98d72805bc,Wallis Orchard MAY USPSA Match,2025-05-18,4,JC 76,5def4106-144a-4899-9443-41498a574fe9,Jennifer Kleiber-Boatcallie,61,48.78,4,76.20,PCC,B,A142192,MINOR,Lady,114.2931,73.1707,3.2460,43.13,25,,5,,,,,,
3297d09a-dc38-46b4-91af-cb98d72805bc,Wallis Orchard MAY USPSA Match,2025-05-18,4,JC 76,5def4106-144a-4899-9443-41498a574fe9,Daniel Duong,62,48.66,21,49.11,Carry Optics,B,A112386,MINOR,Law Enforcement,73.6577,72.9836,3.2377,27.18,18,,9,1,2,,1,,
3297d09a-dc38-46b4-91af-cb98d72805bc,Wallis Orchard MAY USPSA Match,2025-05-18,4,JC 76,5def4106-144a-4899-9443-41498a574fe9,Hieu Truong,63,48.01,21,52.99,Limited Optics,U,,MINOR,,79.4791,72.0188,3.1949,43.82,25,,5,,,,,,
3297d09a-dc38-46b4-91af-cb98d72805bc,Wallis Orchard MAY USPSA Match,2025-05-18,4,JC 76,5def4106-144a-4899-9443-41498a574fe9,Hugh Fullerton,64,47.24,22,52.13,Limited Optics,B,A140572,MINOR,,78.1979,70.8579,3.1434,35.63,24,,4,,2,,,,
3297d09a-dc38-46b4-91af-cb98d72805bc,Wallis Orchard MAY USPSA Match,2025-05-18,4,JC 76,5def4106-144a-4899-9443-41498a574fe9,Matthew Lem,65,45.61,23,50.34,Limited Optics,A,A34763,MINOR,Senior; Law Enforcement,75.5087,68.4212,3.0353,24.05,17,,9,1,3,,1,,
3297d09a-dc38-46b4-91af-cb98d72805bc,Wallis Orchard MAY USPSA Match,2025-05-18,4,JC 76,5def4106-144a-4899-9443-41498a574fe9,Dan Schreiber,66,45.49,24,50.20,Limited Optics,,147899,MINOR,Super Senior,75.3047,68.2363,3.0271,46.91,26,,4,,,,,,
3297d09a-dc38-46b4-91af-cb98d72805bc,Wallis Orchard MAY USPSA Match,2025-05-18,4,JC 76,5def4106-144a-4899-9443-41498a574fe9,Don Sanders,67,42.74,16,42.74,Open,B,FY46389,MAJOR,Senior,64.1112,64.1112,2.8441,30.59,13,,11,4,2,,1,,
3297d09a-dc38-46b4-91af-cb98d72805bc,Wallis Orchard MAY USPSA Match,2025-05-18,4,JC 76,5def4106-144a-4899-9443-41498a574fe9,Keith Bowman Jr,68,42.28,17,42.28,Open,C,A157830,MINOR,,63.4146,63.4146,2.8132,34.48,16,,12,1,1,,1,,
3297d09a-dc38-46b4-91af-cb98d72805bc,Wallis Orchard MAY USPSA Match,2025-05-18,4,JC 76,5def4106-144a-4899-9443-41498a574fe9,A Graham,69,40.79,22,41.17,Carry Optics,U,,MINOR,Law Enforcement,61.7527,61.1875,2.7144,27.63,13,,13,1,3,,,,
3297d09a-dc38-46b4-91af-cb98d72805bc,Wallis Orchard MAY USPSA Match,2025-05-18,4,JC 76,5def4106-144a-4899-9443-41498a574fe9,Kyle Sims,70,38.90,23,39.26,Carry Optics,U,A168977,MINOR,,58.8862,58.3472,2.5884,47.52,23,,6,,1,,,,
3297d09a-dc38-46b4-91af-cb98d72805bc,Wallis Orchard MAY USPSA Match,2025-05-18,4,JC 76,5def4106-144a-4899-9443-41498a574fe9,Kevin Thurston,71,33.48,25,36.95,Limited Optics,U,A160319,MINOR,Senior,55.4256,50.2232,2.2280,45.78,20,,7,1,2,,,,
3297d09a-dc38-46b4-91af-cb98d72805bc,Wallis Orchard MAY USPSA Match,2025-05-18,4,JC 76,5def4106-144a-4899-9443-41498a574fe9,ChAN WILLIAM,72,32.97,26,36.39,Limited Optics,U,0,MINOR,,54.5823,49.4590,2.1941,20.51,14,,7,4,5,,,,
3297d09a-dc38-46b4-91af-cb98d72805bc,Wallis Orchard MAY USPSA Match,2025-05-18,4,JC 76,5def4106-144a-4899-9443-41498a574fe9,Carlos Payan,73,25.41,27,28.04,Limited Optics,U,TY169123,MINOR,,42.0643,38.1160,1.6909,33.71,11,,8,8,3,,,,
3297d09a-dc38-46b4-91af-cb98d72805bc,Wallis Orchard MAY USPSA Match,2025-05-18,4,JC 76,5def4106-144a-4899-9443-41498a574fe9,Andrew Quintana,74,22.43,28,24.75,Limited Optics,U,,MINOR,,37.1287,33.6437,1.4925,30.15,13,,9,3,5,,,,
3297d09a-dc38-46b4-91af-cb98d72805bc,Wallis Orchard MAY USPSA Match,2025-05-18,4,JC 76,5def4106-144a-4899-9443-41498a574fe9,michael womack,75,19.83,29,21.88,Limited Optics,U,A166212,MINOR,,32.8225,29.7417,1.3194,29.56,9,,14,2,5,,,,
3297d09a-dc38-46b4-91af-cb98d72805bc,Wallis Orchard MAY USPSA Match,2025-05-18,4,JC 76,5def4106-144a-4899-9443-41498a574fe9,Michael Chang,76,10.50,24,10.60,Carry Optics,M,,MINOR,,15.8932,15.7477,0.6986,30.06,9,,15,1,5,,2,,
3297d09a-dc38-46b4-91af-cb98d72805bc,Wallis Orchard MAY USPSA Match,2025-05-18,4,JC 76,5def4106-144a-4899-9443-41498a574fe9,scott Reeh,77,0.00,5,0.00,PCC,M,,MINOR,,0.0000,0.0000,,,,,,,,,,,
3297d09a-dc38-46b4-91af-cb98d72805bc,Wallis Orchard MAY USPSA Match,2025-05-18,4,JC 76,5def4106-144a-4899-9443-41498a574fe9,Gabriel Nguyen,78,0.00,25,0.00,Carry Optics,B,A163845,MINOR,,0.0000,0.0000,0.0000,25.66,10,,7,4,9,,,,
3297d09a-dc38-46b4-91af-cb98d72805bc,Wallis Orchard MAY USPSA Match,2025-05-18,5,JC 77,04cb6f5e-30c3-4033-8dac-ecb1e68a9887,Michael Hanover,1,100.00,1,100.00,Open,A,A146302,MAJOR,,130.0000,130.0000,8.0709,15.24,19,,7,,,,,,
3297d09a-dc38-46b4-91af-cb98d72805bc,Wallis Orchard MAY USPSA Match,2025-05-18,5,JC 77,04cb6f5e-30c3-4033-8dac-ecb1e68a9887,Bobby Ivester,2,98.51,2,98.51,Open,M,A101336,MAJOR,,128.0671,128.0671,7.9509,15.47,19,,7,,,,,,
3297d09a-dc38-46b4-91af-cb98d72805bc,Wallis Orchard MAY USPSA Match,2025-05-18,5,JC 77,04cb6f5e-30c3-4033-8dac-ecb1e68a9887,Olayemi Bakare,3,96.87,3,96.87,Open,U,A105300,MAJOR,,125.9329,125.9329,7.8184,15.86,20,,6,,,,,,
3297d09a-dc38-46b4-91af-cb98d72805bc,Wallis Orchard MAY USPSA Match,2025-05-18,5,JC 77,04cb6f5e-30c3-4033-8dac-ecb1e68a9887,Vinh Lam,4,95.92,1,100.00,Limited Optics,A,Ty101025,MINOR,,130.0000,124.7007,7.7419,15.50,22,,3,1,,,,,
3297d09a-dc38-46b4-91af-cb98d72805bc,Wallis Orchard MAY USPSA Match,2025-05-18,5,JC 77,04cb6f5e-30c3-4033-8dac-ecb1e68a9887,Anthony Giuliano,5,95.31,1,100.00,Carry Optics,A,A152263,MINOR,Law Enforcement,130.0000,123.9018,7.6923,16.38,24,,2,,,,,,
3297d09a-dc38-46b4-91af-cb98d72805bc,Wallis Orchard MAY USPSA Match,2025-05-18,5,JC 77,04cb6f5e-30c3-4033-8dac-ecb1e68a9887,Anthony Fong,6,95.18,2,99.22,Limited Optics,M,A142224,MINOR,,128.9925,123.7343,7.6819,14.84,20,,4,2,,,,,
3297d09a-dc38-46b4-91af-cb98d72805bc,Wallis Orchard MAY USPSA Match,2025-05-18,5,JC 77,04cb6f5e-30c3-4033-8dac-ecb1e68a9887,Andy Chen,7,94.99,3,99.02,Limited Optics,A,A86721,MINOR,,128.7322,123.4846,7.6664,14.87,19,,6,1,,,,,
3297d09a-dc38-46b4-91af-cb98d72805bc,Wallis Orchard MAY USPSA Match,2025-05-18,5,JC 77,04cb6f5e-30c3-4033-8dac-ecb1e68a9887,Travis McKenzie,8,93.05,4,93.05,Open,A,L6340,MAJOR,,120.9671,120.9671,7.5101,14.78,17,,9,,,,1,,
3297d09a-dc38-46b4-91af-cb98d72805bc,Wallis Orchard MAY USPSA Match,2025-05-18,5,JC 77,04cb6f5e-30c3-4033-8dac-ecb1e68a9887,Andrew Whitley,9,89.56,5,89.56,Open,A,,MAJOR,,116.4264,116.4264,7.2282,16.74,17,,9,,,,,,
3297d09a-dc38-46b4-91af-cb98d72805bc,Wallis Orchard MAY USPSA Match,2025-05-18,5,JC 77,04cb6f5e-30c3-4033-8dac-ecb1e68a9887,Jim Havens,10,88.22,4,91.97,Limited Optics,M,,MINOR,Senior,119.5656,114.6917,7.1205,16.01,18,,8,,,,,,
3297d09a-dc38-46b4-91af-cb98d72805bc,Wallis Orchard MAY USPSA Match,2025-05-18,5,JC 77,04cb6f5e-30c3-4033-8dac-ecb1e68a9887,Brandon Foss,11,87.44,2,91.75,Carry Optics,M,L5142,MINOR,,119.2702,113.6753,7.0574,16.72,20,,6,,,,,,
3297d09a-dc38-46b4-91af-cb98d72805bc,Wallis Orchard MAY USPSA Match,2025-05-18,5,JC 77,04cb6f5e-30c3-4033-8dac-ecb1e68a9887,Chez Chike-Udenze,12,86.41,6,86.41,Open,M,A138598,MAJOR,,112.3336,112.3336,6.9741,17.78,20,,6,,,,,,
3297d09a-dc38-46b4-91af-cb98d72805bc,Wallis Orchard MAY USPSA Match,2025-05-18,5,JC 77,04cb6f5e-30c3-4033-8dac-ecb1e68a9887,Zachary Ralston,13,86.29,5,89.95,Limited Optics,A,A123081,MINOR,,116.9377,112.1709,6.9640,16.37,18,,8,,,,,,
3297d09a-dc38-46b4-91af-cb98d72805bc,Wallis Orchard MAY USPSA Match,2025-05-18,5,JC 77,04cb6f5e-30c3-4033-8dac-ecb1e68a9887,Christian Canizales,14,84.77,3,88.94,Carry Optics,A,TY150265,MINOR,,115.6215,110.1977,6.8415,17.54,21,,5,,,,,,
3297d09a-dc38-46b4-91af-cb98d72805bc,Wallis Orchard MAY USPSA Match,2025-05-18,5,JC 77,04cb6f5e-30c3-4033-8dac-ecb1e68a9887,Marco Yue,15,83.93,6,87.50,Limited Optics,B,L5762,MINOR,,113.7439,109.1073,6.7738,17.42,20,,6,,,,,,
3297d09a-dc38-46b4-91af-cb98d72805bc,Wallis Orchard MAY USPSA Match,2025-05-18,5,JC 77,04cb6f5e-30c3-4033-8dac-ecb1e68a9887,Tony Vale,16,83.31,7,86.85,Limited Optics,U,A153735,MINOR,,112.9010,108.2987,6.7236,17.55,20,,6,,,,,,
3297d09a-dc38-46b4-91af-cb98d72805bc,Wallis Orchard MAY USPSA Match,2025-05-18,5,JC 77,04cb6f5e-30c3-4033-8dac-ecb1e68a9887,Mike Junco,17,83.01,8,86.53,Limited Optics,M,TY34819,MINOR,Senior; Law Enforcement,112.4946,107.9089,6.6994,16.27,22,,3,,1,,,,
3297d09a-dc38-46b4-91af-cb98d72805bc,Wallis Orchard MAY USPSA Match,2025-05-18,5,JC 77,04cb6f5e-30c3-4033-8dac-ecb1e68a9887,Roger Feng,18,82.95,4,87.03,Carry Optics,A,A157776,MINOR,,113.1389,107.8316,6.6946,16.73,19,,5,2,,,,,
3297d09a-dc38-46b4-91af-cb98d72805bc,Wallis Orchard MAY USPSA Match,2025-05-18,5,JC 77,04cb6f5e-30c3-4033-8dac-ecb1e68a9887,Michael Kiesewetter,19,82.45,5,86.51,Carry Optics,M,TY118153,MINOR,,112.4629,107.1873,6.6546,16.53,17,,8,1,,,,,
3297d09a-dc38-46b4-91af-cb98d72805bc,Wallis Orchard MAY USPSA Match,2025-05-18,5,JC 77,04cb6f5e-30c3-4033-8dac-ecb1e68a9887,Zvi Davidoff,20,82.20,7,82.20,Open,U,,MAJOR,,106.8652,106.8652,6.6346,18.69,20,,6,,,,,,
3297d09a-dc38-46b4-91af-cb98d72805bc,Wallis Orchard MAY USPSA Match,2025-05-18,5,JC 77,04cb6f5e-30c3-4033-8dac-ecb1e68a9887,Adriel Taylor,21,82.17,8,82.17,Open,B,A104321,MAJOR,,106.8168,106.8168,6.6316,19.00,22,,4,,,,,,
3297d09a-dc38-46b4-91af-cb98d72805bc,Wallis Orchard MAY USPSA Match,2025-05-18,5,JC 77,04cb6f5e-30c3-4033-8dac-ecb1e68a9887,Tyler Kenny,22,81.10,6,85.09,Carry Optics,A,A148691,MINOR,,110.6123,105.4236,6.5451,18.64,22,,4,,,,,,
3297d09a-dc38-46b4-91af-cb98d72805bc,Wallis Orchard MAY USPSA Match,2025-05-18,5,JC 77,04cb6f5e-30c3-4033-8dac-ecb1e68a9887,Darcy Okeefe,23,80.63,7,84.60,Carry Optics,B,,MINOR,,109.9785,104.8195,6.5076,18.44,22,,3,1,,,,,
3297d09a-dc38-46b4-91af-cb98d72805bc,Wallis Orchard MAY USPSA Match,2025-05-18,5,JC 77,04cb6f5e-30c3-4033-8dac-ecb1e68a9887,Jorge Cahas,24,78.31,9,78.31,Open,B,F-44522,MAJOR,Senior,101.8026,101.8026,6.3203,18.67,18,,6,2,,,,,
3297d09a-dc38-46b4-91af-cb98d72805bc,Wallis Orchard MAY USPSA Match,2025-05-18,5,JC 77,04cb6f5e-30c3-4033-8dac-ecb1e68a9887,Angelo Guadalquiver,25,77.33,10,77.33,Open,B,A145293,MAJOR,,100.5237,100.5237,6.2409,20.51,24,,2,,,,,,
3297d09a-dc38-46b4-91af-cb98d72805bc,Wallis Orchard MAY USPSA Match,2025-05-18,5,JC 77,04cb6f5e-30c3-4033-8dac-ecb1e68a9887,Lee Cardwell,26,75.21,8,78.91,Carry Optics,B,A155173,MINOR,,102.5848,97.7726,6.0701,19.11,20,,5,1,,,,,
3297d09a-dc38-46b4-91af-cb98d72805bc,Wallis Orchard MAY USPSA Match,2025-05-18,5,JC 77,04cb6f5e-30c3-4033-8dac-ecb1e68a9887,Gary Wu,27,75.02,9,78.71,Carry Optics,B,L2998,MINOR,Senior,102.3195,97.5197,6.0544,19.49,21,,4,1,,,,,
3297d09a-dc38-46b4-91af-cb98d72805bc,Wallis Orchard MAY USPSA Match,2025-05-18,5,JC 77,04cb6f5e-30c3-4033-8dac-ecb1e68a9887,Moe Zahra,28,72.99,1,100.00,PCC,U,A129744,MINOR,Military,130.0000,94.8862,5.8909,20.71,22,,4,,,,,,
3297d09a-dc38-46b4-91af-cb98d72805bc,Wallis Orchard MAY USPSA Match,2025-05-18,5,JC 77,04cb6f5e-30c3-4033-8dac-ecb1e68a9887,Marc Demeza,29,72.64,9,75.73,Limited Optics,U,TY142892,MINOR,,98.4483,94.4352,5.8629,21.15,23,,3,,,,,,
3297d09a-dc38-46b4-91af-cb98d72805bc,Wallis Orchard MAY USPSA Match,2025-05-18,5,JC 77,04cb6f5e-30c3-4033-8dac-ecb1e68a9887,Jose Onia,30,71.15,10,74.65,Carry Optics,A,A134359,MINOR,Senior,97.0500,92.4975,5.7426,20.20,20,,5,1,,,,,
3297d09a-dc38-46b4-91af-cb98d72805bc,Wallis Orchard MAY USPSA Match,2025-05-18,5,JC 77,04cb6f5e-30c3-4033-8dac-ecb1e68a9887,Daniel Duong,31,70.33,11,73.79,Carry Optics,B,A112386,MINOR,Law Enforcement,95.9313,91.4312,5.6764,21.14,22,,3,1,,,,,
3297d09a-dc38-46b4-91af-cb98d72805bc,Wallis Orchard MAY USPSA Match,2025-05-18,5,JC 77,04cb6f5e-30c3-4033-8dac-ecb1e68a9887,Phillip Nguyen,32,70.32,10,73.31,Limited Optics,A,TY152423,MINOR,,95.3049,91.4199,5.6757,18.50,20,,5,,1,,,,
3297d09a-dc38-46b4-91af-cb98d72805bc,Wallis Orchard MAY USPSA Match,2025-05-18,5,JC 77,04cb6f5e-30c3-4033-8dac-ecb1e68a9887,Matthew Lem,33,70.28,11,73.27,Limited Optics,A,A34763,MINOR,Senior; Law Enforcement,95.2528,91.3700,5.6726,18.51,21,,3,1,1,,,,
3297d09a-dc38-46b4-91af-cb98d72805bc,Wallis Orchard MAY USPSA Match,2025-05-18,5,JC 77,04cb6f5e-30c3-4033-8dac-ecb1e68a9887,Heath Helgeson,34,70.10,12,73.08,Limited Optics,B,A149129,MINOR,,95.0026,91.1300,5.6577,21.21,22,,3,1,,,,,
3297d09a-dc38-46b4-91af-cb98d72805bc,Wallis Orchard MAY USPSA Match,2025-05-18,5,JC 77,04cb6f5e-30c3-4033-8dac-ecb1e68a9887,Dale Fike,35,69.98,2,95.88,PCC,B,A113427,MINOR,Senior,124.6397,90.9737,5.6480,19.83,17,,9,,,,,,
3297d09a-dc38-46b4-91af-cb98d72805bc,Wallis Orchard MAY USPSA Match,2025-05-18,5,JC 77,04cb6f5e-30c3-4033-8dac-ecb1e68a9887,Stormtrooper Qian,36,69.71,13,72.68,Limited Optics,B,A150939,MINOR,,94.4804,90.6291,5.6266,19.55,16,,10,,,,,,
3297d09a-dc38-46b4-91af-cb98d72805bc,Wallis Orchard MAY USPSA Match,2025-05-18,5,JC 77,04cb6f5e-30c3-4033-8dac-ecb1e68a9887,Jason Wells,37,68.37,12,71.73,Carry Optics,A,L5218,MINOR,,93.2543,88.8798,5.5180,19.21,14,,12,,,,,,
3297d09a-dc38-46b4-91af-cb98d72805bc,Wallis Orchard MAY USPSA Match,2025-05-18,5,JC 77,04cb6f5e-30c3-4033-8dac-ecb1e68a9887,Don Sanders,38,67.99,11,67.99,Open,B,FY46389,MAJOR,Senior,88.3885,88.3885,5.4875,20.41,12,,12,2,,,,,
3297d09a-dc38-46b4-91af-cb98d72805bc,Wallis Orchard MAY USPSA Match,2025-05-18,5,JC 77,04cb6f5e-30c3-4033-8dac-ecb1e68a9887,Shawn Prosen,39,67.42,13,70.74,Carry Optics,B,A165388,MINOR,,91.9614,87.6476,5.4415,20.95,19,,6,1,,,,,
3297d09a-dc38-46b4-91af-cb98d72805bc,Wallis Orchard MAY USPSA Match,2025-05-18,5,JC 77,04cb6f5e-30c3-4033-8dac-ecb1e68a9887,Arnold Gee,40,67.06,12,67.06,Open,B,A103519,MAJOR,Senior,87.1805,87.1805,5.4125,22.91,20,,6,,,,,,
3297d09a-dc38-46b4-91af-cb98d72805bc,Wallis Orchard MAY USPSA Match,2025-05-18,5,JC 77,04cb6f5e-30c3-4033-8dac-ecb1e68a9887,David Zhang,41,67.00,14,69.85,Limited Optics,B,FY140383,MINOR,,90.8081,87.1064,5.4079,21.82,20,,6,,,,,,
3297d09a-dc38-46b4-91af-cb98d72805bc,Wallis Orchard MAY USPSA Match,2025-05-18,5,JC 77,04cb6f5e-30c3-4033-8dac-ecb1e68a9887,Yulmer Carreno,42,65.80,15,68.59,Limited Optics,B,A157204,MINOR,,89.1726,85.5375,5.3105,22.22,20,,6,,,,,,
3297d09a-dc38-46b4-91af-cb98d72805bc,Wallis Orchard MAY USPSA Match,2025-05-18,5,JC 77,04cb6f5e-30c3-4033-8dac-ecb1e68a9887,Yihao Zuo,43,65.32,13,65.32,Open,U,A165414,MAJOR,,84.9174,84.9174,5.2720,23.71,21,,5,,,,,,
3297d09a-dc38-46b4-91af-cb98d72805bc,Wallis Orchard MAY USPSA Match,2025-05-18,5,JC 77,04cb6f5e-30c3-4033-8dac-ecb1e68a9887,A Graham,44,65.12,14,68.33,Carry Optics,U,,MINOR,Law Enforcement,88.8248,84.6581,5.2559,21.69,18,,8,,,,,,
3297d09a-dc38-46b4-91af-cb98d72805bc,Wallis Orchard MAY USPSA Match,2025-05-18,5,JC 77,04cb6f5e-30c3-4033-8dac-ecb1e68a9887,Larry Shaw,45,64.07,16,66.79,Limited Optics,C,A153831,MINOR,,86.8251,83.2858,5.1707,19.92,19,,6,,1,,,,
3297d09a-dc38-46b4-91af-cb98d72805bc,Wallis Orchard MAY USPSA Match,2025-05-18,5,JC 77,04cb6f5e-30c3-4033-8dac-ecb1e68a9887,Robert Gomez,46,63.17,17,65.85,Limited Optics,U,A163660,MINOR,,85.6110,82.1212,5.0984,22.36,19,,6,1,,,,,
3297d09a-dc38-46b4-91af-cb98d72805bc,Wallis Orchard MAY USPSA Match,2025-05-18,5,JC 77,04cb6f5e-30c3-4033-8dac-ecb1e68a9887,Yanlin Xiang,47,62.48,18,65.14,Limited Optics,C,A164967,MINOR,,84.6774,81.2256,5.0428,22.21,18,,7,1,,,,,
3297d09a-dc38-46b4-91af-cb98d72805bc,Wallis Orchard MAY USPSA Match,2025-05-18,5,JC 77,04cb6f5e-30c3-4033-8dac-ecb1e68a9887,Khoa Nguyen,48,62.29,19,64.94,Limited Optics,A,A117224,MINOR,Law Enforcement,84.4171,80.9760,5.0273,18.30,17,,9,,,,2,,
3297d09a-dc38-46b4-91af-cb98d72805bc,Wallis Orchard MAY USPSA Match,2025-05-18,5,JC 77,04cb6f5e-30c3-4033-8dac-ecb1e68a9887,Travis Tippit,49,61.80,15,64.84,Carry Optics,U,,MINOR,Law Enforcement,84.2888,80.3349,4.9875,24.06,21,,5,,,,,,
3297d09a-dc38-46b4-91af-cb98d72805bc,Wallis Orchard MAY USPSA Match,2025-05-18,5,JC 77,04cb6f5e-30c3-4033-8dac-ecb1e68a9887,Edwin Buchwalter,50,61.76,16,64.80,Carry Optics,B,TY102903,MINOR,,84.2364,80.2850,4.9844,22.47,17,,9,,,,,,
3297d09a-dc38-46b4-91af-cb98d72805bc,Wallis Orchard MAY USPSA Match,2025-05-18,5,JC 77,04cb6f5e-30c3-4033-8dac-ecb1e68a9887,Christopher Boatcallie,51,61.23,20,63.83,Limited Optics,U,A104118,MINOR,,82.9764,79.5940,4.9415,23.07,18,,8,,,,,,
3297d09a-dc38-46b4-91af-cb98d72805bc,Wallis Orchard MAY USPSA Match,2025-05-18,5,JC 77,04cb6f5e-30c3-4033-8dac-ecb1e68a9887,Steven McNamara,52,60.77,14,60.77,Open,B,A75212,MAJOR,Senior,78.9964,78.9964,4.9044,20.39,20,,5,,1,,1,,
3297d09a-dc38-46b4-91af-cb98d72805bc,Wallis Orchard MAY USPSA Match,2025-05-18,5,JC 77,04cb6f5e-30c3-4033-8dac-ecb1e68a9887,Albert Legislador,53,60.14,15,60.14,Open,C,TY91787,MAJOR,Senior,78.1781,78.1781,4.8536,25.96,22,,4,,,,,,
3297d09a-dc38-46b4-91af-cb98d72805bc,Wallis Orchard MAY USPSA Match,2025-05-18,5,JC 77,04cb6f5e-30c3-4033-8dac-ecb1e68a9887,Robbie Boettcher,54,59.95,1,100.00,Limited 10,U,L5829,MINOR,,130.0000,77.9381,4.8387,26.04,24,,2,,,,,,
3297d09a-dc38-46b4-91af-cb98d72805bc,Wallis Orchard MAY USPSA Match,2025-05-18,5,JC 77,04cb6f5e-30c3-4033-8dac-ecb1e68a9887,Hugh Fullerton,55,59.33,21,61.85,Limited Optics,B,A140572,MINOR,,80.4073,77.1296,4.7885,25.06,21,,5,,,,,,
3297d09a-dc38-46b4-91af-cb98d72805bc,Wallis Orchard MAY USPSA Match,2025-05-18,5,JC 77,04cb6f5e-30c3-4033-8dac-ecb1e68a9887,Eric Huh,56,59.24,17,62.15,Carry Optics,A,A143520,MINOR,,80.8007,77.0104,4.7811,19.87,17,,6,2,1,,,,
3297d09a-dc38-46b4-91af-cb98d72805bc,Wallis Orchard MAY USPSA Match,2025-05-18,5,JC 77,04cb6f5e-30c3-4033-8dac-ecb1e68a9887,Cliff Pinsent,57,57.26,16,57.26,Open,B,FY99321,MAJOR,Distinguished Senior,74.4332,74.4332,4.6211,24.02,21,,4,,1,,,,
3297d09a-dc38-46b4-91af-cb98d72805bc,Wallis Orchard MAY USPSA Match,2025-05-18,5,JC 77,04cb6f5e-30c3-4033-8dac-ecb1e68a9887,Gabriel Nguyen,58,56.72,18,59.51,Carry Optics,B,A163845,MINOR,,77.3598,73.7309,4.5775,19.88,13,,12,,1,,,,
3297d09a-dc38-46b4-91af-cb98d72805bc,Wallis Orchard MAY USPSA Match,2025-05-18,5,JC 77,04cb6f5e-30c3-4033-8dac-ecb1e68a9887,FRANCIS NGUYEN,59,56.61,19,59.39,Carry Optics,U,0,MINOR,,77.2128,73.5908,4.5688,17.51,15,,8,1,2,,,,
3297d09a-dc38-46b4-91af-cb98d72805bc,Wallis Orchard MAY USPSA Match,2025-05-18,5,JC 77,04cb6f5e-30c3-4033-8dac-ecb1e68a9887,Abe Valdez,60,56.08,20,58.84,Carry Optics,B,A148541,MINOR,,76.4878,72.8998,4.5259,18.56,21,,3,,2,,,1,
3297d09a-dc38-46b4-91af-cb98d72805bc,Wallis Orchard MAY USPSA Match,2025-05-18,5,JC 77,04cb6f5e-30c3-4033-8dac-ecb1e68a9887,Michael Chang,61,55.26,21,57.98,Carry Optics,M,,MINOR,,75.3758,71.8399,4.4601,25.56,18,,8,,,,,,
3297d09a-dc38-46b4-91af-cb98d72805bc,Wallis Orchard MAY USPSA Match,2025-05-18,5,JC 77,04cb6f5e-30c3-4033-8dac-ecb1e68a9887,Amber Chike-Udenze,62,54.24,3,74.31,PCC,B,A138974,MINOR,Lady,96.5980,70.5063,4.3773,22.16,17,,7,1,1,,,,
3297d09a-dc38-46b4-91af-cb98d72805bc,Wallis Orchard MAY USPSA Match,2025-05-18,5,JC 77,04cb6f5e-30c3-4033-8dac-ecb1e68a9887,Gennady Khokhorin,63,53.16,1,100.00,Production,B,A123884,MINOR,Super Senior,130.0000,69.1130,4.2908,25.17,18,,5,3,,,,,
3297d09a-dc38-46b4-91af-cb98d72805bc,Wallis Orchard MAY USPSA Match,2025-05-18,5,JC 77,04cb6f5e-30c3-4033-8dac-ecb1e68a9887,Kevin Thurston,64,50.52,22,52.66,Limited Optics,U,A160319,MINOR,Senior,68.4633,65.6725,4.0772,27.47,19,,5,2,,,,,
3297d09a-dc38-46b4-91af-cb98d72805bc,Wallis Orchard MAY USPSA Match,2025-05-18,5,JC 77,04cb6f5e-30c3-4033-8dac-ecb1e68a9887,Phyl Santos,65,49.05,22,51.46,Carry Optics,B,A155981,MINOR,,66.9004,63.7622,3.9586,16.42,14,,8,1,3,,,,
3297d09a-dc38-46b4-91af-cb98d72805bc,Wallis Orchard MAY USPSA Match,2025-05-18,5,JC 77,04cb6f5e-30c3-4033-8dac-ecb1e68a9887,michael womack,66,48.64,23,50.70,Limited Optics,U,A166212,MINOR,,65.9126,63.2258,3.9253,26.24,20,,4,1,1,,,,
3297d09a-dc38-46b4-91af-cb98d72805bc,Wallis Orchard MAY USPSA Match,2025-05-18,5,JC 77,04cb6f5e-30c3-4033-8dac-ecb1e68a9887,ChAN WILLIAM,67,48.00,24,50.04,Limited Optics,U,0,MINOR,,65.0579,62.4059,3.8744,14.97,10,,12,2,2,,1,,
3297d09a-dc38-46b4-91af-cb98d72805bc,Wallis Orchard MAY USPSA Match,2025-05-18,5,JC 77,04cb6f5e-30c3-4033-8dac-ecb1e68a9887,Dan Schreiber,68,47.66,25,49.68,Limited Optics,,147899,MINOR,Super Senior,64.5844,61.9517,3.8462,32.76,24,,2,,,,,,
3297d09a-dc38-46b4-91af-cb98d72805bc,Wallis Orchard MAY USPSA Match,2025-05-18,5,JC 77,04cb6f5e-30c3-4033-8dac-ecb1e68a9887,Jennifer Kleiber-Boatcallie,69,47.36,4,64.88,PCC,B,A142192,MINOR,Lady,84.3459,61.5635,3.8221,31.92,22,,4,,,,,,
3297d09a-dc38-46b4-91af-cb98d72805bc,Wallis Orchard MAY USPSA Match,2025-05-18,5,JC 77,04cb6f5e-30c3-4033-8dac-ecb1e68a9887,"Jeff Maxwell, Jr.",70,44.27,23,46.45,Carry Optics,B,L4489,MINOR,Senior,60.3787,57.5464,3.5727,27.71,18,,6,1,1,,,,
3297d09a-dc38-46b4-91af-cb98d72805bc,Wallis Orchard MAY USPSA Match,2025-05-18,5,JC 77,04cb6f5e-30c3-4033-8dac-ecb1e68a9887,Andrew Quintana,71,43.11,26,44.94,Limited Optics,U,,MINOR,,58.4202,56.0387,3.4791,21.27,14,,7,3,2,,,,
3297d09a-dc38-46b4-91af-cb98d72805bc,Wallis Orchard MAY USPSA Match,2025-05-18,5,JC 77,04cb6f5e-30c3-4033-8dac-ecb1e68a9887,Hieu Truong,72,42.31,27,44.11,Limited Optics,U,,MINOR,,57.3438,55.0063,3.4150,28.99,20,,2,3,1,,,,
3297d09a-dc38-46b4-91af-cb98d72805bc,Wallis Orchard MAY USPSA Match,2025-05-18,5,JC 77,04cb6f5e-30c3-4033-8dac-ecb1e68a9887,Carlos Payan,73,42.04,28,43.83,Limited Optics,U,TY169123,MINOR,,56.9727,54.6503,3.3929,27.41,17,,5,3,1,,,,
3297d09a-dc38-46b4-91af-cb98d72805bc,Wallis Orchard MAY USPSA Match,2025-05-18,5,JC 77,04cb6f5e-30c3-4033-8dac-ecb1e68a9887,Harlan Chen,74,35.66,29,37.17,Limited Optics,U,A163292,MINOR,,48.3216,46.3518,2.8777,26.41,17,,7,,2,,,1,
3297d09a-dc38-46b4-91af-cb98d72805bc,Wallis Orchard MAY USPSA Match,2025-05-18,5,JC 77,04cb6f5e-30c3-4033-8dac-ecb1e68a9887,Keith Bowman Jr,75,35.60,17,35.60,Open,C,A157830,MINOR,,46.2826,46.2826,2.8734,31.67,20,,3,2,1,,1,,
3297d09a-dc38-46b4-91af-cb98d72805bc,Wallis Orchard MAY USPSA Match,2025-05-18,5,JC 77,04cb6f5e-30c3-4033-8dac-ecb1e68a9887,John Ren,76,29.84,24,31.31,Carry Optics,U,A168570,MINOR,,40.7003,38.7911,2.4083,18.27,12,,7,3,4,,,,
3297d09a-dc38-46b4-91af-cb98d72805bc,Wallis Orchard MAY USPSA Match,2025-05-18,5,JC 77,04cb6f5e-30c3-4033-8dac-ecb1e68a9887,Kyle Sims,77,29.61,25,31.07,Carry Optics,U,A168977,MINOR,,40.3877,38.4931,2.3898,35.15,16,,8,,2,,,,
3297d09a-dc38-46b4-91af-cb98d72805bc,Wallis Orchard MAY USPSA Match,2025-05-18,5,JC 77,04cb6f5e-30c3-4033-8dac-ecb1e68a9887,scott Reeh,78,0.00,5,0.00,PCC,M,,MINOR,,0.0000,0.0000,,,,,,,,,,,
3297d09a-dc38-46b4-91af-cb98d72805bc,Wallis Orchard MAY USPSA Match,2025-05-18,6,Tk 19,b6a863b5-0df5-41d4-b78c-4b747341feeb,Zvi Davidoff,1,100.00,1,100.00,Open,U,,MAJOR,,110.0000,110.0000,13.0381,8.13,18,,4,,,,,,
3297d09a-dc38-46b4-91af-cb98d72805bc,Wallis Orchard MAY USPSA Match,2025-05-18,6,Tk 19,b6a863b5-0df5-41d4-b78c-4b747341feeb,Michael Hanover,2,98.10,2,98.10,Open,A,A146302,MAJOR,,107.9127,107.9127,12.7907,8.60,22,,,,,,,,
3297d09a-dc38-46b4-91af-cb98d72805bc,Wallis Orchard MAY USPSA Match,2025-05-18,6,Tk 19,b6a863b5-0df5-41d4-b78c-4b747341feeb,Olayemi Bakare,3,97.82,3,97.82,Open,U,A105300,MAJOR,,107.5972,107.5972,12.7533,8.39,19,,3,,,,,,
3297d09a-dc38-46b4-91af-cb98d72805bc,Wallis Orchard MAY USPSA Match,2025-05-18,6,Tk 19,b6a863b5-0df5-41d4-b78c-4b747341feeb,Jim Havens,4,93.33,1,100.00,Limited Optics,M,,MINOR,Senior,110.0000,102.6600,12.1681,9.04,22,,,,,,,,
3297d09a-dc38-46b4-91af-cb98d72805bc,Wallis Orchard MAY USPSA Match,2025-05-18,6,Tk 19,b6a863b5-0df5-41d4-b78c-4b747341feeb,Roger Feng,5,91.27,1,100.00,Carry Optics,A,A157776,MINOR,,110.0000,100.3922,11.8993,8.74,19,,3,,,,,,
3297d09a-dc38-46b4-91af-cb98d72805bc,Wallis Orchard MAY USPSA Match,2025-05-18,6,Tk 19,b6a863b5-0df5-41d4-b78c-4b747341feeb,Bobby Ivester,6,90.78,4,90.78,Open,M,A101336,MAJOR,,99.8606,99.8606,11.8363,9.04,19,,3,,,,,,
3297d09a-dc38-46b4-91af-cb98d72805bc,Wallis Orchard MAY USPSA Match,2025-05-18,6,Tk 19,b6a863b5-0df5-41d4-b78c-4b747341feeb,Andy Chen,7,89.42,2,95.82,Limited Optics,A,A86721,MINOR,,105.3995,98.3665,11.6592,8.92,19,,3,,,,,,
3297d09a-dc38-46b4-91af-cb98d72805bc,Wallis Orchard MAY USPSA Match,2025-05-18,6,Tk 19,b6a863b5-0df5-41d4-b78c-4b747341feeb,Michael Kiesewetter,8,88.43,2,96.90,Carry Optics,M,TY118153,MINOR,,106.5852,97.2756,11.5299,9.02,19,,3,,,,,,
3297d09a-dc38-46b4-91af-cb98d72805bc,Wallis Orchard MAY USPSA Match,2025-05-18,6,Tk 19,b6a863b5-0df5-41d4-b78c-4b747341feeb,Tony Vale,9,85.80,3,91.94,Limited Optics,U,A153735,MINOR,,101.1326,94.3843,11.1872,8.76,16,,6,,,,,,
3297d09a-dc38-46b4-91af-cb98d72805bc,Wallis Orchard MAY USPSA Match,2025-05-18,6,Tk 19,b6a863b5-0df5-41d4-b78c-4b747341feeb,Anthony Giuliano,10,85.65,3,93.85,Carry Optics,A,A152263,MINOR,Law Enforcement,103.2351,94.2181,11.1675,9.85,22,,,,,,,,
3297d09a-dc38-46b4-91af-cb98d72805bc,Wallis Orchard MAY USPSA Match,2025-05-18,6,Tk 19,b6a863b5-0df5-41d4-b78c-4b747341feeb,scott Reeh,11,85.22,1,100.00,PCC,M,,MINOR,,110.0000,93.7423,11.1111,9.54,20,,2,,,,,,
3297d09a-dc38-46b4-91af-cb98d72805bc,Wallis Orchard MAY USPSA Match,2025-05-18,6,Tk 19,b6a863b5-0df5-41d4-b78c-4b747341feeb,Phillip Nguyen,12,84.12,4,90.13,Limited Optics,A,TY152423,MINOR,,99.1483,92.5324,10.9677,9.30,19,,2,1,,,,,
3297d09a-dc38-46b4-91af-cb98d72805bc,Wallis Orchard MAY USPSA Match,2025-05-18,6,Tk 19,b6a863b5-0df5-41d4-b78c-4b747341feeb,Lee Cardwell,13,83.92,4,91.96,Carry Optics,B,A155173,MINOR,,101.1523,92.3173,10.9422,9.87,21,,1,,,,,,
3297d09a-dc38-46b4-91af-cb98d72805bc,Wallis Orchard MAY USPSA Match,2025-05-18,6,Tk 19,b6a863b5-0df5-41d4-b78c-4b747341feeb,Christian Canizales,14,82.65,5,90.56,Carry Optics,A,TY150265,MINOR,,99.6150,90.9142,10.7759,9.28,17,,5,,,,,,
3297d09a-dc38-46b4-91af-cb98d72805bc,Wallis Orchard MAY USPSA Match,2025-05-18,6,Tk 19,b6a863b5-0df5-41d4-b78c-4b747341feeb,Brandon Foss,15,81.39,6,89.18,Carry Optics,M,L5142,MINOR,,98.1017,89.5331,10.6122,9.80,20,,1,1,,,,,
3297d09a-dc38-46b4-91af-cb98d72805bc,Wallis Orchard MAY USPSA Match,2025-05-18,6,Tk 19,b6a863b5-0df5-41d4-b78c-4b747341feeb,Shawn Prosen,16,80.32,7,88.01,Carry Optics,B,A165388,MINOR,,96.8085,88.3528,10.4723,9.74,18,,4,,,,,,
3297d09a-dc38-46b4-91af-cb98d72805bc,Wallis Orchard MAY USPSA Match,2025-05-18,6,Tk 19,b6a863b5-0df5-41d4-b78c-4b747341feeb,Khoa Nguyen,17,79.45,5,85.13,Limited Optics,A,A117224,MINOR,Law Enforcement,93.6421,87.3936,10.3586,10.04,19,,3,,,,,,
3297d09a-dc38-46b4-91af-cb98d72805bc,Wallis Orchard MAY USPSA Match,2025-05-18,6,Tk 19,b6a863b5-0df5-41d4-b78c-4b747341feeb,Chez Chike-Udenze,18,79.16,5,79.16,Open,M,A138598,MAJOR,,87.0789,87.0789,10.3213,10.27,18,,4,,,,,,
3297d09a-dc38-46b4-91af-cb98d72805bc,Wallis Orchard MAY USPSA Match,2025-05-18,6,Tk 19,b6a863b5-0df5-41d4-b78c-4b747341feeb,Andrew Whitley,19,78.55,6,78.55,Open,A,,MAJOR,,86.4014,86.4014,10.2410,9.96,16,,5,1,,,,,
3297d09a-dc38-46b4-91af-cb98d72805bc,Wallis Orchard MAY USPSA Match,2025-05-18,6,Tk 19,b6a863b5-0df5-41d4-b78c-4b747341feeb,Mike Junco,20,77.47,6,83.01,Limited Optics,M,TY34819,MINOR,Senior; Law Enforcement,91.3134,85.2202,10.1010,10.89,22,,,,,,,,
3297d09a-dc38-46b4-91af-cb98d72805bc,Wallis Orchard MAY USPSA Match,2025-05-18,6,Tk 19,b6a863b5-0df5-41d4-b78c-4b747341feeb,Stormtrooper Qian,21,76.91,7,82.41,Limited Optics,B,A150939,MINOR,,90.6525,84.6035,10.0279,10.77,21,,1,,,,,,
3297d09a-dc38-46b4-91af-cb98d72805bc,Wallis Orchard MAY USPSA Match,2025-05-18,6,Tk 19,b6a863b5-0df5-41d4-b78c-4b747341feeb,Vinh Lam,22,76.35,8,81.81,Limited Optics,A,Ty101025,MINOR,,89.9917,83.9868,9.9548,11.05,22,,,,,,,,
3297d09a-dc38-46b4-91af-cb98d72805bc,Wallis Orchard MAY USPSA Match,2025-05-18,6,Tk 19,b6a863b5-0df5-41d4-b78c-4b747341feeb,Eric Huh,23,75.14,8,82.33,Carry Optics,A,A143520,MINOR,,90.5631,82.6529,9.7967,10.82,20,,2,,,,,,
3297d09a-dc38-46b4-91af-cb98d72805bc,Wallis Orchard MAY USPSA Match,2025-05-18,6,Tk 19,b6a863b5-0df5-41d4-b78c-4b747341feeb,Abe Valdez,24,73.11,9,80.11,Carry Optics,B,A148541,MINOR,,88.1180,80.4214,9.5322,11.33,21,,1,,,,,,
3297d09a-dc38-46b4-91af-cb98d72805bc,Wallis Orchard MAY USPSA Match,2025-05-18,6,Tk 19,b6a863b5-0df5-41d4-b78c-4b747341feeb,Albert Legislador,25,73.08,7,73.08,Open,C,TY91787,MAJOR,Senior,80.3859,80.3859,9.5280,11.23,19,,3,,,,,,
3297d09a-dc38-46b4-91af-cb98d72805bc,Wallis Orchard MAY USPSA Match,2025-05-18,6,Tk 19,b6a863b5-0df5-41d4-b78c-4b747341feeb,Jose Onia,26,71.25,10,78.07,Carry Optics,A,A134359,MINOR,Senior,85.8809,78.3797,9.2902,9.58,18,,3,,1,,,,
3297d09a-dc38-46b4-91af-cb98d72805bc,Wallis Orchard MAY USPSA Match,2025-05-18,6,Tk 19,b6a863b5-0df5-41d4-b78c-4b747341feeb,Moe Zahra,27,70.94,2,83.25,PCC,U,A129744,MINOR,Military,91.5711,78.0371,9.2496,11.46,20,,2,,,,,,
3297d09a-dc38-46b4-91af-cb98d72805bc,Wallis Orchard MAY USPSA Match,2025-05-18,6,Tk 19,b6a863b5-0df5-41d4-b78c-4b747341feeb,FRANCIS NGUYEN,28,70.73,11,77.50,Carry Optics,U,0,MINOR,,85.2467,77.8009,9.2216,8.35,13,,7,1,1,,,,
3297d09a-dc38-46b4-91af-cb98d72805bc,Wallis Orchard MAY USPSA Match,2025-05-18,6,Tk 19,b6a863b5-0df5-41d4-b78c-4b747341feeb,Robert Gomez,29,68.75,9,73.66,Limited Optics,U,A163660,MINOR,,81.0267,75.6200,8.9631,11.38,18,,4,,,,,,
3297d09a-dc38-46b4-91af-cb98d72805bc,Wallis Orchard MAY USPSA Match,2025-05-18,6,Tk 19,b6a863b5-0df5-41d4-b78c-4b747341feeb,Marco Yue,30,67.98,10,72.84,Limited Optics,B,L5762,MINOR,,80.1254,74.7788,8.8634,9.59,16,,5,,1,,,,
3297d09a-dc38-46b4-91af-cb98d72805bc,Wallis Orchard MAY USPSA Match,2025-05-18,6,Tk 19,b6a863b5-0df5-41d4-b78c-4b747341feeb,Yanlin Xiang,31,67.52,11,72.34,Limited Optics,C,A164967,MINOR,,79.5776,74.2676,8.8028,11.36,17,,5,,,,,,
3297d09a-dc38-46b4-91af-cb98d72805bc,Wallis Orchard MAY USPSA Match,2025-05-18,6,Tk 19,b6a863b5-0df5-41d4-b78c-4b747341feeb,Matthew Lem,32,67.32,12,72.13,Limited Optics,A,A34763,MINOR,Senior; Law Enforcement,79.3453,74.0507,8.7771,10.14,18,,3,,1,,,,
3297d09a-dc38-46b4-91af-cb98d72805bc,Wallis Orchard MAY USPSA Match,2025-05-18,6,Tk 19,b6a863b5-0df5-41d4-b78c-4b747341feeb,Adriel Taylor,33,66.13,8,66.13,Open,B,A104321,MAJOR,,72.7473,72.7473,8.6226,8.93,17,,3,,2,,,,
3297d09a-dc38-46b4-91af-cb98d72805bc,Wallis Orchard MAY USPSA Match,2025-05-18,6,Tk 19,b6a863b5-0df5-41d4-b78c-4b747341feeb,Gary Wu,34,65.36,12,71.62,Carry Optics,B,L2998,MINOR,Senior,78.7813,71.9002,8.5222,11.03,17,,2,3,,,,,
3297d09a-dc38-46b4-91af-cb98d72805bc,Wallis Orchard MAY USPSA Match,2025-05-18,6,Tk 19,b6a863b5-0df5-41d4-b78c-4b747341feeb,Dale Fike,35,64.18,3,75.31,PCC,B,A113427,MINOR,Senior,82.8453,70.6009,8.3682,11.95,17,,5,,,,,,
3297d09a-dc38-46b4-91af-cb98d72805bc,Wallis Orchard MAY USPSA Match,2025-05-18,6,Tk 19,b6a863b5-0df5-41d4-b78c-4b747341feeb,Jason Wells,36,63.39,13,69.45,Carry Optics,A,L5218,MINOR,,76.3990,69.7260,8.2645,13.31,22,,,,,,,,
3297d09a-dc38-46b4-91af-cb98d72805bc,Wallis Orchard MAY USPSA Match,2025-05-18,6,Tk 19,b6a863b5-0df5-41d4-b78c-4b747341feeb,Cliff Pinsent,37,63.18,9,63.18,Open,B,FY99321,MAJOR,Distinguished Senior,69.5025,69.5025,8.2380,13.11,20,,2,,,,,,
3297d09a-dc38-46b4-91af-cb98d72805bc,Wallis Orchard MAY USPSA Match,2025-05-18,6,Tk 19,b6a863b5-0df5-41d4-b78c-4b747341feeb,Zachary Ralston,38,63.02,13,67.52,Limited Optics,A,A123081,MINOR,,74.2747,69.3185,8.2162,9.25,18,,2,,2,,,,
3297d09a-dc38-46b4-91af-cb98d72805bc,Wallis Orchard MAY USPSA Match,2025-05-18,6,Tk 19,b6a863b5-0df5-41d4-b78c-4b747341feeb,Gabriel Nguyen,39,62.29,14,68.25,Carry Optics,B,A163845,MINOR,,75.0753,68.5179,8.1213,10.22,15,,6,,1,,,,
3297d09a-dc38-46b4-91af-cb98d72805bc,Wallis Orchard MAY USPSA Match,2025-05-18,6,Tk 19,b6a863b5-0df5-41d4-b78c-4b747341feeb,Jorge Cahas,40,62.13,10,62.13,Open,B,F-44522,MAJOR,Senior,68.3449,68.3449,8.1008,11.11,16,,5,,1,,,,
3297d09a-dc38-46b4-91af-cb98d72805bc,Wallis Orchard MAY USPSA Match,2025-05-18,6,Tk 19,b6a863b5-0df5-41d4-b78c-4b747341feeb,Edwin Buchwalter,41,61.99,15,67.92,Carry Optics,B,TY102903,MINOR,,74.7157,68.1897,8.0824,12.62,19,,2,1,,,,,
3297d09a-dc38-46b4-91af-cb98d72805bc,Wallis Orchard MAY USPSA Match,2025-05-18,6,Tk 19,b6a863b5-0df5-41d4-b78c-4b747341feeb,Arnold Gee,42,60.87,11,60.87,Open,B,A103519,MAJOR,Senior,66.9588,66.9588,7.9365,13.23,19,,2,1,,,,,
3297d09a-dc38-46b4-91af-cb98d72805bc,Wallis Orchard MAY USPSA Match,2025-05-18,6,Tk 19,b6a863b5-0df5-41d4-b78c-4b747341feeb,Anthony Fong,43,59.77,14,64.05,Limited Optics,M,A142224,MINOR,,70.4526,65.7515,7.7934,10.65,15,,6,,1,,,,
3297d09a-dc38-46b4-91af-cb98d72805bc,Wallis Orchard MAY USPSA Match,2025-05-18,6,Tk 19,b6a863b5-0df5-41d4-b78c-4b747341feeb,Steven McNamara,44,59.71,12,59.71,Open,B,A75212,MAJOR,Senior,65.6865,65.6865,7.7857,14.00,21,,1,,,,,,
3297d09a-dc38-46b4-91af-cb98d72805bc,Wallis Orchard MAY USPSA Match,2025-05-18,6,Tk 19,b6a863b5-0df5-41d4-b78c-4b747341feeb,Travis Tippit,45,59.65,16,65.36,Carry Optics,U,,MINOR,Law Enforcement,71.8925,65.6131,7.7770,13.63,20,,2,,,,,,
3297d09a-dc38-46b4-91af-cb98d72805bc,Wallis Orchard MAY USPSA Match,2025-05-18,6,Tk 19,b6a863b5-0df5-41d4-b78c-4b747341feeb,Tyler Kenny,46,59.62,17,65.32,Carry Optics,A,A148691,MINOR,,71.8564,65.5802,7.7731,9.52,17,,3,,2,,,,
3297d09a-dc38-46b4-91af-cb98d72805bc,Wallis Orchard MAY USPSA Match,2025-05-18,6,Tk 19,b6a863b5-0df5-41d4-b78c-4b747341feeb,Travis McKenzie,47,57.56,13,57.56,Open,A,L6340,MAJOR,,63.3200,63.3200,7.5052,14.39,20,,2,,,,,,
3297d09a-dc38-46b4-91af-cb98d72805bc,Wallis Orchard MAY USPSA Match,2025-05-18,6,Tk 19,b6a863b5-0df5-41d4-b78c-4b747341feeb,Yulmer Carreno,48,57.47,15,61.58,Limited Optics,B,A157204,MINOR,,67.7351,63.2153,7.4928,13.88,19,,3,,,,,,
3297d09a-dc38-46b4-91af-cb98d72805bc,Wallis Orchard MAY USPSA Match,2025-05-18,6,Tk 19,b6a863b5-0df5-41d4-b78c-4b747341feeb,John Ren,49,57.44,18,62.94,Carry Optics,U,A168570,MINOR,,69.2301,63.1833,7.4890,13.62,18,,4,,,,,,
3297d09a-dc38-46b4-91af-cb98d72805bc,Wallis Orchard MAY USPSA Match,2025-05-18,6,Tk 19,b6a863b5-0df5-41d4-b78c-4b747341feeb,A Graham,50,56.90,19,62.34,Carry Optics,U,,MINOR,Law Enforcement,68.5775,62.5876,7.4184,10.11,17,,3,1,1,,1,,
3297d09a-dc38-46b4-91af-cb98d72805bc,Wallis Orchard MAY USPSA Match,2025-05-18,6,Tk 19,b6a863b5-0df5-41d4-b78c-4b747341feeb,Jennifer Kleiber-Boatcallie,51,56.51,4,66.31,PCC,B,A142192,MINOR,Lady,72.9403,62.1599,7.3677,14.93,22,,,,,,,,
3297d09a-dc38-46b4-91af-cb98d72805bc,Wallis Orchard MAY USPSA Match,2025-05-18,6,Tk 19,b6a863b5-0df5-41d4-b78c-4b747341feeb,Darcy Okeefe,52,56.24,20,61.62,Carry Optics,B,,MINOR,,67.7862,61.8655,7.3328,12.41,19,,2,,1,,,,
3297d09a-dc38-46b4-91af-cb98d72805bc,Wallis Orchard MAY USPSA Match,2025-05-18,6,Tk 19,b6a863b5-0df5-41d4-b78c-4b747341feeb,Phyl Santos,53,54.62,21,59.84,Carry Optics,B,A155981,MINOR,,65.8292,60.0794,7.1211,9.83,15,,5,,2,,,,
3297d09a-dc38-46b4-91af-cb98d72805bc,Wallis Orchard MAY USPSA Match,2025-05-18,6,Tk 19,b6a863b5-0df5-41d4-b78c-4b747341feeb,Keith Bowman Jr,54,54.13,14,54.13,Open,C,A157830,MINOR,,59.5411,59.5411,7.0573,15.02,20,,2,,,,,,
3297d09a-dc38-46b4-91af-cb98d72805bc,Wallis Orchard MAY USPSA Match,2025-05-18,6,Tk 19,b6a863b5-0df5-41d4-b78c-4b747341feeb,Kevin Thurston,55,53.93,16,57.78,Limited Optics,U,A160319,MINOR,Senior,63.5632,59.3218,7.0313,15.36,21,,1,,,,,,
3297d09a-dc38-46b4-91af-cb98d72805bc,Wallis Orchard MAY USPSA Match,2025-05-18,6,Tk 19,b6a863b5-0df5-41d4-b78c-4b747341feeb,Harlan Chen,56,53.81,17,57.66,Limited Optics,U,A163292,MINOR,,63.4258,59.1935,7.0161,12.40,17,,4,,1,,,,
3297d09a-dc38-46b4-91af-cb98d72805bc,Wallis Orchard MAY USPSA Match,2025-05-18,6,Tk 19,b6a863b5-0df5-41d4-b78c-4b747341feeb,David Zhang,57,53.51,18,57.34,Limited Optics,B,FY140383,MINOR,,63.0696,58.8611,6.9767,11.61,15,,5,1,1,,,,
3297d09a-dc38-46b4-91af-cb98d72805bc,Wallis Orchard MAY USPSA Match,2025-05-18,6,Tk 19,b6a863b5-0df5-41d4-b78c-4b747341feeb,Don Sanders,58,53.06,15,53.06,Open,B,FY46389,MAJOR,Senior,58.3709,58.3709,6.9186,15.61,20,,2,,,,,,
3297d09a-dc38-46b4-91af-cb98d72805bc,Wallis Orchard MAY USPSA Match,2025-05-18,6,Tk 19,b6a863b5-0df5-41d4-b78c-4b747341feeb,Michael Chang,59,52.90,22,57.96,Carry Optics,M,,MINOR,,63.7538,58.1853,6.8966,15.66,21,,1,,,,,,
3297d09a-dc38-46b4-91af-cb98d72805bc,Wallis Orchard MAY USPSA Match,2025-05-18,6,Tk 19,b6a863b5-0df5-41d4-b78c-4b747341feeb,Carlos Payan,60,52.44,19,56.19,Limited Optics,U,TY169123,MINOR,,61.8121,57.6875,6.8376,15.21,19,,3,,,,,,
3297d09a-dc38-46b4-91af-cb98d72805bc,Wallis Orchard MAY USPSA Match,2025-05-18,6,Tk 19,b6a863b5-0df5-41d4-b78c-4b747341feeb,michael womack,61,52.37,20,56.12,Limited Optics,U,A166212,MINOR,,61.7308,57.6116,6.8286,15.23,19,,3,,,,,,
3297d09a-dc38-46b4-91af-cb98d72805bc,Wallis Orchard MAY USPSA Match,2025-05-18,6,Tk 19,b6a863b5-0df5-41d4-b78c-4b747341feeb,Angelo Guadalquiver,62,49.34,16,49.34,Open,B,A145293,MAJOR,,54.2774,54.2774,6.4334,8.86,13,,5,1,3,,,,
3297d09a-dc38-46b4-91af-cb98d72805bc,Wallis Orchard MAY USPSA Match,2025-05-18,6,Tk 19,b6a863b5-0df5-41d4-b78c-4b747341feeb,Daniel Duong,63,48.67,23,53.32,Carry Optics,B,A112386,MINOR,Law Enforcement,58.6566,53.5333,6.3452,15.76,17,,5,,,,,,
3297d09a-dc38-46b4-91af-cb98d72805bc,Wallis Orchard MAY USPSA Match,2025-05-18,6,Tk 19,b6a863b5-0df5-41d4-b78c-4b747341feeb,Hugh Fullerton,64,47.50,21,50.90,Limited Optics,B,A140572,MINOR,,55.9858,52.2500,6.1931,10.98,15,,4,1,2,,,,
3297d09a-dc38-46b4-91af-cb98d72805bc,Wallis Orchard MAY USPSA Match,2025-05-18,6,Tk 19,b6a863b5-0df5-41d4-b78c-4b747341feeb,Yihao Zuo,65,47.36,17,47.36,Open,U,A165414,MAJOR,,52.0931,52.0931,6.1745,14.90,18,,3,,1,,,,
3297d09a-dc38-46b4-91af-cb98d72805bc,Wallis Orchard MAY USPSA Match,2025-05-18,6,Tk 19,b6a863b5-0df5-41d4-b78c-4b747341feeb,ChAN WILLIAM,66,47.03,22,50.39,Limited Optics,U,0,MINOR,,55.4308,51.7320,6.1317,13.21,19,,2,,1,,1,,
3297d09a-dc38-46b4-91af-cb98d72805bc,Wallis Orchard MAY USPSA Match,2025-05-18,6,Tk 19,b6a863b5-0df5-41d4-b78c-4b747341feeb,Larry Shaw,67,46.54,23,49.86,Limited Optics,C,A153831,MINOR,,54.8495,51.1895,6.0674,13.35,15,,5,1,1,,,,
3297d09a-dc38-46b4-91af-cb98d72805bc,Wallis Orchard MAY USPSA Match,2025-05-18,6,Tk 19,b6a863b5-0df5-41d4-b78c-4b747341feeb,Andrew Quintana,68,46.25,24,49.56,Limited Optics,U,,MINOR,,54.5132,50.8757,6.0302,17.91,21,,1,,,,,,
3297d09a-dc38-46b4-91af-cb98d72805bc,Wallis Orchard MAY USPSA Match,2025-05-18,6,Tk 19,b6a863b5-0df5-41d4-b78c-4b747341feeb,Dan Schreiber,69,46.13,25,49.43,Limited Optics,,147899,MINOR,Super Senior,54.3713,50.7432,6.0145,13.80,16,,4,1,1,,,,
3297d09a-dc38-46b4-91af-cb98d72805bc,Wallis Orchard MAY USPSA Match,2025-05-18,6,Tk 19,b6a863b5-0df5-41d4-b78c-4b747341feeb,Christopher Boatcallie,70,44.64,26,47.83,Limited Optics,U,A104118,MINOR,,52.6112,49.1006,5.8198,17.87,19,,3,,,,,,
3297d09a-dc38-46b4-91af-cb98d72805bc,Wallis Orchard MAY USPSA Match,2025-05-18,6,Tk 19,b6a863b5-0df5-41d4-b78c-4b747341feeb,Robbie Boettcher,71,43.72,1,100.00,Limited 10,U,L5829,MINOR,,110.0000,48.0957,5.7007,16.84,17,,3,2,,,,,
3297d09a-dc38-46b4-91af-cb98d72805bc,Wallis Orchard MAY USPSA Match,2025-05-18,6,Tk 19,b6a863b5-0df5-41d4-b78c-4b747341feeb,Marc Demeza,72,43.55,27,46.66,Limited Optics,U,TY142892,MINOR,,51.3311,47.9059,5.6782,12.68,16,,4,,2,,,,
3297d09a-dc38-46b4-91af-cb98d72805bc,Wallis Orchard MAY USPSA Match,2025-05-18,6,Tk 19,b6a863b5-0df5-41d4-b78c-4b747341feeb,Gennady Khokhorin,73,43.47,1,100.00,Production,B,A123884,MINOR,Super Senior,110.0000,47.8148,5.6674,13.41,18,,2,,2,,,,
3297d09a-dc38-46b4-91af-cb98d72805bc,Wallis Orchard MAY USPSA Match,2025-05-18,6,Tk 19,b6a863b5-0df5-41d4-b78c-4b747341feeb,Heath Helgeson,74,41.76,28,44.74,Limited Optics,B,A149129,MINOR,,49.2166,45.9325,5.4443,15.98,18,,2,1,1,,,,
3297d09a-dc38-46b4-91af-cb98d72805bc,Wallis Orchard MAY USPSA Match,2025-05-18,6,Tk 19,b6a863b5-0df5-41d4-b78c-4b747341feeb,"Jeff Maxwell, Jr.",75,41.70,24,45.69,Carry Optics,B,L4489,MINOR,Senior,50.2572,45.8676,5.4366,12.14,18,,2,,2,,1,,
3297d09a-dc38-46b4-91af-cb98d72805bc,Wallis Orchard MAY USPSA Match,2025-05-18,6,Tk 19,b6a863b5-0df5-41d4-b78c-4b747341feeb,Amber Chike-Udenze,76,38.56,5,45.24,PCC,B,A138974,MINOR,Lady,49.7683,42.4127,5.0271,20.29,18,,4,,,,,,
3297d09a-dc38-46b4-91af-cb98d72805bc,Wallis Orchard MAY USPSA Match,2025-05-18,6,Tk 19,b6a863b5-0df5-41d4-b78c-4b747341feeb,Hieu Truong,77,34.24,29,36.69,Limited Optics,U,,MINOR,,40.3574,37.6645,4.4643,24.64,22,,,,,,,,
3297d09a-dc38-46b4-91af-cb98d72805bc,Wallis Orchard MAY USPSA Match,2025-05-18,6,Tk 19,b6a863b5-0df5-41d4-b78c-4b747341feeb,Kyle Sims,78,30.01,25,32.88,Carry Optics,U,A168977,MINOR,,36.1699,33.0107,3.9127,24.28,21,,,,1,,,,
3297d09a-dc38-46b4-91af-cb98d72805bc,Wallis Orchard MAY USPSA Match,2025-05-18,7,Tk 21,c94756fc-21b3-4b8e-a2b4-fbec7e5a911b,Travis McKenzie,1,100.00,1,100.00,Open,A,L6340,MAJOR,,130.0000,130.0000,17.3611,7.20,21,,5,,,,,,
3297d09a-dc38-46b4-91af-cb98d72805bc,Wallis Orchard MAY USPSA Match,2025-05-18,7,Tk 21,c94756fc-21b3-4b8e-a2b4-fbec7e5a911b,Chez Chike-Udenze,2,99.56,2,99.56,Open,M,A138598,MAJOR,,129.4227,129.4227,17.2840,7.29,22,,4,,,,,,
3297d09a-dc38-46b4-91af-cb98d72805bc,Wallis Orchard MAY USPSA Match,2025-05-18,7,Tk 21,c94756fc-21b3-4b8e-a2b4-fbec7e5a911b,Bobby Ivester,3,98.47,3,98.47,Open,M,A101336,MAJOR,,128.0172,128.0172,17.0963,7.37,22,,4,,,,,,
3297d09a-dc38-46b4-91af-cb98d72805bc,Wallis Orchard MAY USPSA Match,2025-05-18,7,Tk 21,c94756fc-21b3-4b8e-a2b4-fbec7e5a911b,Andrew Whitley,4,92.04,4,92.04,Open,A,,MAJOR,,119.6583,119.6583,15.9800,8.01,24,,2,,,,,,
3297d09a-dc38-46b4-91af-cb98d72805bc,Wallis Orchard MAY USPSA Match,2025-05-18,7,Tk 21,c94756fc-21b3-4b8e-a2b4-fbec7e5a911b,Michael Hanover,5,91.88,5,91.88,Open,A,A146302,MAJOR,,119.4404,119.4404,15.9509,8.15,26,,,,,,,,
3297d09a-dc38-46b4-91af-cb98d72805bc,Wallis Orchard MAY USPSA Match,2025-05-18,7,Tk 21,c94756fc-21b3-4b8e-a2b4-fbec7e5a911b,Zvi Davidoff,6,90.38,6,90.38,Open,U,,MAJOR,,117.4958,117.4958,15.6912,8.03,22,,4,,,,,,
3297d09a-dc38-46b4-91af-cb98d72805bc,Wallis Orchard MAY USPSA Match,2025-05-18,7,Tk 21,c94756fc-21b3-4b8e-a2b4-fbec7e5a911b,scott Reeh,7,86.92,1,100.00,PCC,M,,MINOR,,130.0000,112.9925,15.0898,8.35,24,,2,,,,,,
3297d09a-dc38-46b4-91af-cb98d72805bc,Wallis Orchard MAY USPSA Match,2025-05-18,7,Tk 21,c94756fc-21b3-4b8e-a2b4-fbec7e5a911b,Michael Kiesewetter,8,83.88,1,100.00,Carry Optics,M,TY118153,MINOR,,130.0000,109.0486,14.5631,8.24,21,,5,,,,,,
3297d09a-dc38-46b4-91af-cb98d72805bc,Wallis Orchard MAY USPSA Match,2025-05-18,7,Tk 21,c94756fc-21b3-4b8e-a2b4-fbec7e5a911b,Angelo Guadalquiver,9,79.75,7,79.75,Open,B,A145293,MAJOR,,103.6804,103.6804,13.8462,7.80,18,,7,,1,,,,
3297d09a-dc38-46b4-91af-cb98d72805bc,Wallis Orchard MAY USPSA Match,2025-05-18,7,Tk 21,c94756fc-21b3-4b8e-a2b4-fbec7e5a911b,Vinh Lam,10,79.18,1,100.00,Limited Optics,A,Ty101025,MINOR,,130.0000,102.9279,13.7457,8.73,22,,3,1,,,,,
3297d09a-dc38-46b4-91af-cb98d72805bc,Wallis Orchard MAY USPSA Match,2025-05-18,7,Tk 21,c94756fc-21b3-4b8e-a2b4-fbec7e5a911b,Don Sanders,11,75.00,8,75.00,Open,B,FY46389,MAJOR,Senior,97.4961,97.4961,13.0203,9.37,20,,5,1,,,,,
3297d09a-dc38-46b4-91af-cb98d72805bc,Wallis Orchard MAY USPSA Match,2025-05-18,7,Tk 21,c94756fc-21b3-4b8e-a2b4-fbec7e5a911b,Olayemi Bakare,12,74.25,9,74.25,Open,U,A105300,MAJOR,,96.5219,96.5219,12.8902,9.93,24,,2,,,,,,
3297d09a-dc38-46b4-91af-cb98d72805bc,Wallis Orchard MAY USPSA Match,2025-05-18,7,Tk 21,c94756fc-21b3-4b8e-a2b4-fbec7e5a911b,Adriel Taylor,13,73.28,10,73.28,Open,B,A104321,MAJOR,,95.2594,95.2594,12.7216,9.59,20,,5,1,,,,,
3297d09a-dc38-46b4-91af-cb98d72805bc,Wallis Orchard MAY USPSA Match,2025-05-18,7,Tk 21,c94756fc-21b3-4b8e-a2b4-fbec7e5a911b,Albert Legislador,14,71.93,11,71.93,Open,C,TY91787,MAJOR,Senior,93.5072,93.5072,12.4876,10.09,22,,4,,,,,,
3297d09a-dc38-46b4-91af-cb98d72805bc,Wallis Orchard MAY USPSA Match,2025-05-18,7,Tk 21,c94756fc-21b3-4b8e-a2b4-fbec7e5a911b,Heath Helgeson,15,70.15,2,88.61,Limited Optics,B,A149129,MINOR,,115.1877,91.2002,12.1795,9.36,18,,8,,,,,,
3297d09a-dc38-46b4-91af-cb98d72805bc,Wallis Orchard MAY USPSA Match,2025-05-18,7,Tk 21,c94756fc-21b3-4b8e-a2b4-fbec7e5a911b,Yihao Zuo,16,69.33,12,69.33,Open,U,A165414,MAJOR,,90.1264,90.1264,12.0361,9.97,16,,10,,,,,,
3297d09a-dc38-46b4-91af-cb98d72805bc,Wallis Orchard MAY USPSA Match,2025-05-18,7,Tk 21,c94756fc-21b3-4b8e-a2b4-fbec7e5a911b,Daniel Duong,17,68.76,2,81.97,Carry Optics,B,A112386,MINOR,Law Enforcement,106.5612,89.3873,11.9374,10.22,22,,4,,,,,,
3297d09a-dc38-46b4-91af-cb98d72805bc,Wallis Orchard MAY USPSA Match,2025-05-18,7,Tk 21,c94756fc-21b3-4b8e-a2b4-fbec7e5a911b,Jose Onia,18,68.72,3,81.93,Carry Optics,A,A134359,MINOR,Senior,106.5059,89.3409,11.9312,9.89,21,,4,1,,,,,
3297d09a-dc38-46b4-91af-cb98d72805bc,Wallis Orchard MAY USPSA Match,2025-05-18,7,Tk 21,c94756fc-21b3-4b8e-a2b4-fbec7e5a911b,Steven McNamara,19,68.39,13,68.39,Open,B,A75212,MAJOR,Senior,88.9111,88.9111,11.8738,10.78,24,,2,,,,,,
3297d09a-dc38-46b4-91af-cb98d72805bc,Wallis Orchard MAY USPSA Match,2025-05-18,7,Tk 21,c94756fc-21b3-4b8e-a2b4-fbec7e5a911b,Eric Huh,20,67.32,4,80.25,Carry Optics,A,A143520,MINOR,,104.3269,87.5131,11.6871,10.61,23,,3,,,,,,
3297d09a-dc38-46b4-91af-cb98d72805bc,Wallis Orchard MAY USPSA Match,2025-05-18,7,Tk 21,c94756fc-21b3-4b8e-a2b4-fbec7e5a911b,Matthew Lem,21,66.55,3,84.05,Limited Optics,A,A34763,MINOR,Senior; Law Enforcement,109.2701,86.5149,11.5538,10.04,19,,7,,,,,,
3297d09a-dc38-46b4-91af-cb98d72805bc,Wallis Orchard MAY USPSA Match,2025-05-18,7,Tk 21,c94756fc-21b3-4b8e-a2b4-fbec7e5a911b,Amber Chike-Udenze,22,66.36,2,76.35,PCC,B,A138974,MINOR,Lady,99.2570,86.2715,11.5213,8.94,19,,6,,1,,,,
3297d09a-dc38-46b4-91af-cb98d72805bc,Wallis Orchard MAY USPSA Match,2025-05-18,7,Tk 21,c94756fc-21b3-4b8e-a2b4-fbec7e5a911b,Tony Vale,23,65.67,4,82.94,Limited Optics,U,A153735,MINOR,,107.8174,85.3648,11.4002,8.07,21,,2,1,2,,,,
3297d09a-dc38-46b4-91af-cb98d72805bc,Wallis Orchard MAY USPSA Match,2025-05-18,7,Tk 21,c94756fc-21b3-4b8e-a2b4-fbec7e5a911b,Phillip Nguyen,24,65.43,5,82.64,Limited Optics,A,TY152423,MINOR,,107.4316,85.0592,11.3594,10.74,22,,4,,,,,,
3297d09a-dc38-46b4-91af-cb98d72805bc,Wallis Orchard MAY USPSA Match,2025-05-18,7,Tk 21,c94756fc-21b3-4b8e-a2b4-fbec7e5a911b,Jorge Cahas,25,65.05,14,65.05,Open,B,F-44522,MAJOR,Senior,84.5650,84.5650,11.2934,10.36,15,,10,1,,,,,
3297d09a-dc38-46b4-91af-cb98d72805bc,Wallis Orchard MAY USPSA Match,2025-05-18,7,Tk 21,c94756fc-21b3-4b8e-a2b4-fbec7e5a911b,Christian Canizales,26,64.14,5,76.46,Carry Optics,A,TY150265,MINOR,,99.4038,83.3834,11.1356,9.07,19,,5,1,1,,,,
3297d09a-dc38-46b4-91af-cb98d72805bc,Wallis Orchard MAY USPSA Match,2025-05-18,7,Tk 21,c94756fc-21b3-4b8e-a2b4-fbec7e5a911b,Anthony Giuliano,27,63.70,6,75.93,Carry Optics,A,A152263,MINOR,Law Enforcement,98.7129,82.8039,11.0582,10.49,21,,3,2,,,,,
3297d09a-dc38-46b4-91af-cb98d72805bc,Wallis Orchard MAY USPSA Match,2025-05-18,7,Tk 21,c94756fc-21b3-4b8e-a2b4-fbec7e5a911b,Mike Junco,28,63.31,6,79.96,Limited Optics,M,TY34819,MINOR,Senior; Law Enforcement,103.9474,82.3007,10.9910,11.10,22,,4,,,,,,
3297d09a-dc38-46b4-91af-cb98d72805bc,Wallis Orchard MAY USPSA Match,2025-05-18,7,Tk 21,c94756fc-21b3-4b8e-a2b4-fbec7e5a911b,Dale Fike,29,62.84,3,72.29,PCC,B,A113427,MINOR,Senior,93.9829,81.6874,10.9091,10.45,18,,8,,,,,,
3297d09a-dc38-46b4-91af-cb98d72805bc,Wallis Orchard MAY USPSA Match,2025-05-18,7,Tk 21,c94756fc-21b3-4b8e-a2b4-fbec7e5a911b,Khoa Nguyen,30,60.80,7,76.79,Limited Optics,A,A117224,MINOR,Law Enforcement,99.8249,79.0366,10.5551,10.99,19,,7,,,,,,
3297d09a-dc38-46b4-91af-cb98d72805bc,Wallis Orchard MAY USPSA Match,2025-05-18,7,Tk 21,c94756fc-21b3-4b8e-a2b4-fbec7e5a911b,Darcy Okeefe,31,60.73,7,72.40,Carry Optics,B,,MINOR,,94.1246,78.9550,10.5442,11.76,23,,3,,,,,,
3297d09a-dc38-46b4-91af-cb98d72805bc,Wallis Orchard MAY USPSA Match,2025-05-18,7,Tk 21,c94756fc-21b3-4b8e-a2b4-fbec7e5a911b,David Zhang,32,60.63,8,76.58,Limited Optics,B,FY140383,MINOR,,99.5525,78.8210,10.5263,11.59,22,,4,,,,,,
3297d09a-dc38-46b4-91af-cb98d72805bc,Wallis Orchard MAY USPSA Match,2025-05-18,7,Tk 21,c94756fc-21b3-4b8e-a2b4-fbec7e5a911b,Marc Demeza,33,60.24,9,76.08,Limited Optics,U,TY142892,MINOR,,98.9018,78.3058,10.4575,12.24,25,,1,,,,,,
3297d09a-dc38-46b4-91af-cb98d72805bc,Wallis Orchard MAY USPSA Match,2025-05-18,7,Tk 21,c94756fc-21b3-4b8e-a2b4-fbec7e5a911b,Jim Havens,34,59.12,10,74.67,Limited Optics,M,,MINOR,Senior,97.0737,76.8584,10.2642,9.84,19,,5,1,1,,,,
3297d09a-dc38-46b4-91af-cb98d72805bc,Wallis Orchard MAY USPSA Match,2025-05-18,7,Tk 21,c94756fc-21b3-4b8e-a2b4-fbec7e5a911b,Roger Feng,35,58.14,8,69.31,Carry Optics,A,A157776,MINOR,,90.1014,75.5802,10.0935,10.70,16,,9,1,,,,,
3297d09a-dc38-46b4-91af-cb98d72805bc,Wallis Orchard MAY USPSA Match,2025-05-18,7,Tk 21,c94756fc-21b3-4b8e-a2b4-fbec7e5a911b,Jennifer Kleiber-Boatcallie,36,57.51,4,66.17,PCC,B,A142192,MINOR,Lady,86.0165,74.7632,9.9844,12.82,25,,1,,,,,,
3297d09a-dc38-46b4-91af-cb98d72805bc,Wallis Orchard MAY USPSA Match,2025-05-18,7,Tk 21,c94756fc-21b3-4b8e-a2b4-fbec7e5a911b,Andy Chen,37,57.10,11,72.12,Limited Optics,A,A86721,MINOR,,93.7560,74.2316,9.9134,10.39,19,,6,,1,,,,
3297d09a-dc38-46b4-91af-cb98d72805bc,Wallis Orchard MAY USPSA Match,2025-05-18,7,Tk 21,c94756fc-21b3-4b8e-a2b4-fbec7e5a911b,Phyl Santos,38,57.04,9,67.99,Carry Optics,B,A155981,MINOR,,88.3928,74.1470,9.9021,9.19,16,,6,3,1,,,,
3297d09a-dc38-46b4-91af-cb98d72805bc,Wallis Orchard MAY USPSA Match,2025-05-18,7,Tk 21,c94756fc-21b3-4b8e-a2b4-fbec7e5a911b,Marco Yue,39,56.62,12,71.52,Limited Optics,B,L5762,MINOR,,92.9720,73.6108,9.8305,11.80,20,,5,1,,,,,
3297d09a-dc38-46b4-91af-cb98d72805bc,Wallis Orchard MAY USPSA Match,2025-05-18,7,Tk 21,c94756fc-21b3-4b8e-a2b4-fbec7e5a911b,Anthony Fong,40,55.89,13,70.59,Limited Optics,M,A142224,MINOR,,91.7662,72.6561,9.7030,10.10,23,,1,,2,,,,
3297d09a-dc38-46b4-91af-cb98d72805bc,Wallis Orchard MAY USPSA Match,2025-05-18,7,Tk 21,c94756fc-21b3-4b8e-a2b4-fbec7e5a911b,Moe Zahra,41,55.76,5,64.15,PCC,U,A129744,MINOR,Military,83.4001,72.4891,9.6807,9.71,22,,1,1,2,,,,
3297d09a-dc38-46b4-91af-cb98d72805bc,Wallis Orchard MAY USPSA Match,2025-05-18,7,Tk 21,c94756fc-21b3-4b8e-a2b4-fbec7e5a911b,Yanlin Xiang,42,55.44,14,70.03,Limited Optics,C,A164967,MINOR,,91.0351,72.0773,9.6257,13.09,24,,2,,,,,,
3297d09a-dc38-46b4-91af-cb98d72805bc,Wallis Orchard MAY USPSA Match,2025-05-18,7,Tk 21,c94756fc-21b3-4b8e-a2b4-fbec7e5a911b,Zachary Ralston,43,54.77,15,69.17,Limited Optics,A,A123081,MINOR,,89.9238,71.1974,9.5082,12.20,19,,7,,,,,,
3297d09a-dc38-46b4-91af-cb98d72805bc,Wallis Orchard MAY USPSA Match,2025-05-18,7,Tk 21,c94756fc-21b3-4b8e-a2b4-fbec7e5a911b,John Ren,44,54.74,10,65.25,Carry Optics,U,A168570,MINOR,,84.8275,71.1563,9.5027,11.26,21,,4,,1,,,,
3297d09a-dc38-46b4-91af-cb98d72805bc,Wallis Orchard MAY USPSA Match,2025-05-18,7,Tk 21,c94756fc-21b3-4b8e-a2b4-fbec7e5a911b,Arnold Gee,45,54.38,15,54.38,Open,B,A103519,MAJOR,Senior,70.6950,70.6950,9.4411,13.24,21,,5,,,,,,
3297d09a-dc38-46b4-91af-cb98d72805bc,Wallis Orchard MAY USPSA Match,2025-05-18,7,Tk 21,c94756fc-21b3-4b8e-a2b4-fbec7e5a911b,Harlan Chen,46,52.44,16,66.24,Limited Optics,U,A163292,MINOR,,86.1096,68.1775,9.1049,12.96,20,,6,,,,,,
3297d09a-dc38-46b4-91af-cb98d72805bc,Wallis Orchard MAY USPSA Match,2025-05-18,7,Tk 21,c94756fc-21b3-4b8e-a2b4-fbec7e5a911b,A Graham,47,52.36,11,62.42,Carry Optics,U,,MINOR,Law Enforcement,81.1515,68.0727,9.0909,11.77,21,,4,,1,,,,
3297d09a-dc38-46b4-91af-cb98d72805bc,Wallis Orchard MAY USPSA Match,2025-05-18,7,Tk 21,c94756fc-21b3-4b8e-a2b4-fbec7e5a911b,Cliff Pinsent,48,50.91,16,50.91,Open,B,FY99321,MAJOR,Distinguished Senior,66.1782,66.1782,8.8379,14.37,23,,3,,,,,,
3297d09a-dc38-46b4-91af-cb98d72805bc,Wallis Orchard MAY USPSA Match,2025-05-18,7,Tk 21,c94756fc-21b3-4b8e-a2b4-fbec7e5a911b,Larry Shaw,49,50.84,17,64.21,Limited Optics,C,A153831,MINOR,,83.4700,66.0876,8.8258,12.69,19,,5,2,,,,,
3297d09a-dc38-46b4-91af-cb98d72805bc,Wallis Orchard MAY USPSA Match,2025-05-18,7,Tk 21,c94756fc-21b3-4b8e-a2b4-fbec7e5a911b,Hugh Fullerton,50,49.12,18,62.04,Limited Optics,B,A140572,MINOR,,80.6517,63.8562,8.5278,12.43,17,,6,3,,,,,
3297d09a-dc38-46b4-91af-cb98d72805bc,Wallis Orchard MAY USPSA Match,2025-05-18,7,Tk 21,c94756fc-21b3-4b8e-a2b4-fbec7e5a911b,Robert Gomez,51,48.77,19,61.60,Limited Optics,U,A163660,MINOR,,80.0833,63.4062,8.4677,14.88,24,,2,,,,,,
3297d09a-dc38-46b4-91af-cb98d72805bc,Wallis Orchard MAY USPSA Match,2025-05-18,7,Tk 21,c94756fc-21b3-4b8e-a2b4-fbec7e5a911b,Andrew Quintana,52,48.67,20,61.47,Limited Optics,U,,MINOR,,79.9046,63.2647,8.4488,14.44,22,,4,,,,,,
3297d09a-dc38-46b4-91af-cb98d72805bc,Wallis Orchard MAY USPSA Match,2025-05-18,7,Tk 21,c94756fc-21b3-4b8e-a2b4-fbec7e5a911b,Stormtrooper Qian,53,48.00,21,60.62,Limited Optics,B,A150939,MINOR,,78.8122,62.3998,8.3333,14.88,23,,3,,,,,,
3297d09a-dc38-46b4-91af-cb98d72805bc,Wallis Orchard MAY USPSA Match,2025-05-18,7,Tk 21,c94756fc-21b3-4b8e-a2b4-fbec7e5a911b,Edwin Buchwalter,54,47.40,12,56.51,Carry Optics,B,TY102903,MINOR,,73.4594,61.6203,8.2292,13.61,18,,7,1,,,,,
3297d09a-dc38-46b4-91af-cb98d72805bc,Wallis Orchard MAY USPSA Match,2025-05-18,7,Tk 21,c94756fc-21b3-4b8e-a2b4-fbec7e5a911b,"Jeff Maxwell, Jr.",55,46.63,13,55.59,Carry Optics,B,L4489,MINOR,Senior,72.2605,60.6146,8.0949,14.33,19,,7,,,,,,
3297d09a-dc38-46b4-91af-cb98d72805bc,Wallis Orchard MAY USPSA Match,2025-05-18,7,Tk 21,c94756fc-21b3-4b8e-a2b4-fbec7e5a911b,Shawn Prosen,56,45.19,14,53.87,Carry Optics,B,A165388,MINOR,,70.0369,58.7494,7.8458,14.53,18,,8,,,,,,
3297d09a-dc38-46b4-91af-cb98d72805bc,Wallis Orchard MAY USPSA Match,2025-05-18,7,Tk 21,c94756fc-21b3-4b8e-a2b4-fbec7e5a911b,Abe Valdez,57,44.93,15,53.56,Carry Optics,B,A148541,MINOR,,69.6325,58.4102,7.8005,15.64,22,,4,,,,,,
3297d09a-dc38-46b4-91af-cb98d72805bc,Wallis Orchard MAY USPSA Match,2025-05-18,7,Tk 21,c94756fc-21b3-4b8e-a2b4-fbec7e5a911b,Gary Wu,58,44.18,16,52.67,Carry Optics,B,L2998,MINOR,Senior,68.4720,57.4367,7.6705,14.08,15,,11,,,,,,
3297d09a-dc38-46b4-91af-cb98d72805bc,Wallis Orchard MAY USPSA Match,2025-05-18,7,Tk 21,c94756fc-21b3-4b8e-a2b4-fbec7e5a911b,Brandon Foss,59,44.03,17,52.49,Carry Optics,M,L5142,MINOR,,68.2355,57.2383,7.6440,9.55,19,,2,2,3,,,,
3297d09a-dc38-46b4-91af-cb98d72805bc,Wallis Orchard MAY USPSA Match,2025-05-18,7,Tk 21,c94756fc-21b3-4b8e-a2b4-fbec7e5a911b,Jason Wells,60,43.96,18,52.40,Carry Optics,A,L5218,MINOR,,68.1212,57.1425,7.6312,12.58,22,,2,,2,,,,
3297d09a-dc38-46b4-91af-cb98d72805bc,Wallis Orchard MAY USPSA Match,2025-05-18,7,Tk 21,c94756fc-21b3-4b8e-a2b4-fbec7e5a911b,Gennady Khokhorin,61,43.13,1,100.00,Production,B,A123884,MINOR,Super Senior,130.0000,56.0649,7.4873,15.76,20,,6,,,,,,
3297d09a-dc38-46b4-91af-cb98d72805bc,Wallis Orchard MAY USPSA Match,2025-05-18,7,Tk 21,c94756fc-21b3-4b8e-a2b4-fbec7e5a911b,Tyler Kenny,62,42.02,19,50.10,Carry Optics,A,A148691,MINOR,,65.1281,54.6317,7.2959,14.94,23,,1,1,1,,,,
3297d09a-dc38-46b4-91af-cb98d72805bc,Wallis Orchard MAY USPSA Match,2025-05-18,7,Tk 21,c94756fc-21b3-4b8e-a2b4-fbec7e5a911b,Keith Bowman Jr,63,40.60,17,40.60,Open,C,A157830,MINOR,,52.7740,52.7740,7.0478,12.77,19,,5,,2,,,,
3297d09a-dc38-46b4-91af-cb98d72805bc,Wallis Orchard MAY USPSA Match,2025-05-18,7,Tk 21,c94756fc-21b3-4b8e-a2b4-fbec7e5a911b,Gabriel Nguyen,64,39.95,20,47.62,Carry Optics,B,A163845,MINOR,,61.9109,51.9331,6.9355,12.40,19,,3,2,2,,,,
3297d09a-dc38-46b4-91af-cb98d72805bc,Wallis Orchard MAY USPSA Match,2025-05-18,7,Tk 21,c94756fc-21b3-4b8e-a2b4-fbec7e5a911b,Lee Cardwell,65,39.15,21,46.67,Carry Optics,B,A155173,MINOR,,60.6719,50.8937,6.7967,15.89,16,,9,1,,,,,
3297d09a-dc38-46b4-91af-cb98d72805bc,Wallis Orchard MAY USPSA Match,2025-05-18,7,Tk 21,c94756fc-21b3-4b8e-a2b4-fbec7e5a911b,Kyle Sims,66,38.79,22,46.24,Carry Optics,U,A168977,MINOR,,60.1122,50.4242,6.7340,17.82,21,,5,,,,,,
3297d09a-dc38-46b4-91af-cb98d72805bc,Wallis Orchard MAY USPSA Match,2025-05-18,7,Tk 21,c94756fc-21b3-4b8e-a2b4-fbec7e5a911b,Christopher Boatcallie,67,38.06,22,48.07,Limited Optics,U,A104118,MINOR,,62.4848,49.4725,6.6069,17.86,20,,6,,,,,,
3297d09a-dc38-46b4-91af-cb98d72805bc,Wallis Orchard MAY USPSA Match,2025-05-18,7,Tk 21,c94756fc-21b3-4b8e-a2b4-fbec7e5a911b,Dan Schreiber,68,36.90,23,46.61,Limited Optics,,147899,MINOR,Super Senior,60.5923,47.9741,6.4068,18.73,21,,5,,,,,,
3297d09a-dc38-46b4-91af-cb98d72805bc,Wallis Orchard MAY USPSA Match,2025-05-18,7,Tk 21,c94756fc-21b3-4b8e-a2b4-fbec7e5a911b,michael womack,69,35.71,24,45.11,Limited Optics,U,A166212,MINOR,,58.6365,46.4256,6.2000,20.00,23,,3,,,,,,
3297d09a-dc38-46b4-91af-cb98d72805bc,Wallis Orchard MAY USPSA Match,2025-05-18,7,Tk 21,c94756fc-21b3-4b8e-a2b4-fbec7e5a911b,Travis Tippit,70,31.73,23,37.82,Carry Optics,U,,MINOR,Law Enforcement,49.1672,41.2432,5.5079,13.98,20,,2,1,3,,,,
3297d09a-dc38-46b4-91af-cb98d72805bc,Wallis Orchard MAY USPSA Match,2025-05-18,7,Tk 21,c94756fc-21b3-4b8e-a2b4-fbec7e5a911b,ChAN WILLIAM,71,29.23,25,36.91,Limited Optics,U,0,MINOR,,47.9874,37.9941,5.0740,9.46,13,,7,2,4,,,,
3297d09a-dc38-46b4-91af-cb98d72805bc,Wallis Orchard MAY USPSA Match,2025-05-18,7,Tk 21,c94756fc-21b3-4b8e-a2b4-fbec7e5a911b,Carlos Payan,72,27.39,26,34.59,Limited Optics,U,TY169123,MINOR,,44.9657,35.6017,4.7545,25.66,22,,4,,,,,,
3297d09a-dc38-46b4-91af-cb98d72805bc,Wallis Orchard MAY USPSA Match,2025-05-18,7,Tk 21,c94756fc-21b3-4b8e-a2b4-fbec7e5a911b,Kevin Thurston,73,25.70,27,32.46,Limited Optics,U,A160319,MINOR,Senior,42.2041,33.4152,4.4625,24.65,17,,8,1,,,,,
3297d09a-dc38-46b4-91af-cb98d72805bc,Wallis Orchard MAY USPSA Match,2025-05-18,7,Tk 21,c94756fc-21b3-4b8e-a2b4-fbec7e5a911b,Hieu Truong,74,21.45,28,27.10,Limited Optics,U,,MINOR,,35.2245,27.8891,3.7245,33.83,24,,2,,,,,,
3297d09a-dc38-46b4-91af-cb98d72805bc,Wallis Orchard MAY USPSA Match,2025-05-18,7,Tk 21,c94756fc-21b3-4b8e-a2b4-fbec7e5a911b,FRANCIS NGUYEN,75,18.37,24,21.90,Carry Optics,U,0,MINOR,,28.4707,23.8822,3.1894,15.05,13,,7,2,4,,,,
3297d09a-dc38-46b4-91af-cb98d72805bc,Wallis Orchard MAY USPSA Match,2025-05-18,7,Tk 21,c94756fc-21b3-4b8e-a2b4-fbec7e5a911b,Michael Chang,76,14.58,25,17.38,Carry Optics,M,,MINOR,,22.5943,18.9529,2.5311,22.52,10,,12,1,3,,,,
3297d09a-dc38-46b4-91af-cb98d72805bc,Wallis Orchard MAY USPSA Match,2025-05-18,7,Tk 21,c94756fc-21b3-4b8e-a2b4-fbec7e5a911b,Robbie Boettcher,77,2.17,1,100.00,Limited 10,U,L5829,MINOR,,130.0000,2.8275,0.3776,42.37,19,,,1,6,,,2,
3297d09a-dc38-46b4-91af-cb98d72805bc,Wallis Orchard MAY USPSA Match,2025-05-18,7,Tk 21,c94756fc-21b3-4b8e-a2b4-fbec7e5a911b,Yulmer Carreno,78,0.00,29,0.00,Limited Optics,B,A157204,MINOR,,0.0000,0.0000,,,,,,,,,,,
