match_id,match_name,match_date,stage_number,stage_name,stage_uuid,shooter_name,shooter_rank_combined,shooter_percent_combined,shooter_rank_division,shooter_percent_division,division,class,member_number,power_factor,categories,stage_points,stage_points_combined,hit_factor,time,A,B,C,D,M,NPM,NS,Proc,Apen,detail_MaxTime,detail_Times
356a42c1-7566-4dc8-a116-e2a6e28af842,Thunder Tactical Shooters USPSA Match 09MAY2026,2026-05-09,1,Stage 1 Too Easy,ebe7e3ad-cc09-4eff-8bb1-c9f631bb47c6,Ryan Jaw,1,100.00,1,100.00,Open,U,Ty142907,MAJOR,,110.0000,110.0000,9.9804,10.22,14,0,8,0,0,0,0,0,,,
356a42c1-7566-4dc8-a116-e2a6e28af842,Thunder Tactical Shooters USPSA Match 09MAY2026,2026-05-09,1,Stage 1 Too Easy,ebe7e3ad-cc09-4eff-8bb1-c9f631bb47c6,Anthony Giuliano,2,91.64,1,100.00,Carry Optics,M,A152263,MINOR,Law Enforcement,110.0000,100.8014,9.1458,11.59,20,0,2,0,0,0,0,0,,,
356a42c1-7566-4dc8-a116-e2a6e28af842,Thunder Tactical Shooters USPSA Match 09MAY2026,2026-05-09,1,Stage 1 Too Easy,ebe7e3ad-cc09-4eff-8bb1-c9f631bb47c6,Robert Strong,3,91.35,1,100.00,PCC,M,TY135331,MINOR,,110.0000,100.4817,9.1168,10.53,15,0,7,0,0,0,0,0,,,
356a42c1-7566-4dc8-a116-e2a6e28af842,Thunder Tactical Shooters USPSA Match 09MAY2026,2026-05-09,1,Stage 1 Too Easy,ebe7e3ad-cc09-4eff-8bb1-c9f631bb47c6,Andre Wijaya,4,90.67,2,90.67,Open,B,A175473,MAJOR,,99.7389,99.7389,9.0494,10.94,13,0,8,1,0,0,0,0,,,
356a42c1-7566-4dc8-a116-e2a6e28af842,Thunder Tactical Shooters USPSA Match 09MAY2026,2026-05-09,1,Stage 1 Too Easy,ebe7e3ad-cc09-4eff-8bb1-c9f631bb47c6,FRANCIS NGUYEN,5,88.27,1,100.00,Limited Optics,B,A169979,MINOR,,110.0000,97.0970,8.8097,10.67,15,0,6,1,0,0,0,0,,,
356a42c1-7566-4dc8-a116-e2a6e28af842,Thunder Tactical Shooters USPSA Match 09MAY2026,2026-05-09,1,Stage 1 Too Easy,ebe7e3ad-cc09-4eff-8bb1-c9f631bb47c6,Olayemi Bakare,6,87.74,3,87.74,Open,A,A105300,MAJOR,,96.5173,96.5173,8.7571,10.62,19,0,2,0,1,0,0,0,,,
356a42c1-7566-4dc8-a116-e2a6e28af842,Thunder Tactical Shooters USPSA Match 09MAY2026,2026-05-09,1,Stage 1 Too Easy,ebe7e3ad-cc09-4eff-8bb1-c9f631bb47c6,Jorge Cahas,7,85.79,4,85.79,Open,B,F-44522,MAJOR,Senior,94.3659,94.3659,8.5619,12.03,17,0,4,1,0,0,0,0,,,
356a42c1-7566-4dc8-a116-e2a6e28af842,Thunder Tactical Shooters USPSA Match 09MAY2026,2026-05-09,1,Stage 1 Too Easy,ebe7e3ad-cc09-4eff-8bb1-c9f631bb47c6,Tyler Denmon,8,85.67,5,85.67,Open,B,U,MINOR,,94.2336,94.2336,8.5499,11.93,18,0,4,0,0,0,0,0,,,
356a42c1-7566-4dc8-a116-e2a6e28af842,Thunder Tactical Shooters USPSA Match 09MAY2026,2026-05-09,1,Stage 1 Too Easy,ebe7e3ad-cc09-4eff-8bb1-c9f631bb47c6,Adriel Taylor,9,85.13,2,96.44,Limited Optics,U,X,MINOR,,106.0856,93.6417,8.4962,11.77,18,0,3,1,0,0,0,0,,,
356a42c1-7566-4dc8-a116-e2a6e28af842,Thunder Tactical Shooters USPSA Match 09MAY2026,2026-05-09,1,Stage 1 Too Easy,ebe7e3ad-cc09-4eff-8bb1-c9f631bb47c6,Garrett Pressler,10,84.97,6,84.97,Open,U,A165603,MINOR,Junior,93.4632,93.4632,8.4800,12.50,20,0,2,0,0,0,0,0,,,
356a42c1-7566-4dc8-a116-e2a6e28af842,Thunder Tactical Shooters USPSA Match 09MAY2026,2026-05-09,1,Stage 1 Too Easy,ebe7e3ad-cc09-4eff-8bb1-c9f631bb47c6,Phillip Nguyen,11,83.91,3,95.06,Limited Optics,M,TY152423,MINOR,,104.5647,92.2993,8.3744,10.15,16,0,5,0,1,0,0,0,,,
356a42c1-7566-4dc8-a116-e2a6e28af842,Thunder Tactical Shooters USPSA Match 09MAY2026,2026-05-09,1,Stage 1 Too Easy,ebe7e3ad-cc09-4eff-8bb1-c9f631bb47c6,Paul Torre,12,82.29,2,90.08,PCC,U,Ty88028,MINOR,Law Enforcement,99.0903,90.5160,8.2126,12.42,18,0,4,0,0,0,0,0,,,
356a42c1-7566-4dc8-a116-e2a6e28af842,Thunder Tactical Shooters USPSA Match 09MAY2026,2026-05-09,1,Stage 1 Too Easy,ebe7e3ad-cc09-4eff-8bb1-c9f631bb47c6,Drew Yang,13,81.70,2,89.15,Carry Optics,A,FY138478,MINOR,,98.0688,89.8679,8.1538,13.00,20,0,2,0,0,0,0,0,,,
356a42c1-7566-4dc8-a116-e2a6e28af842,Thunder Tactical Shooters USPSA Match 09MAY2026,2026-05-09,1,Stage 1 Too Easy,ebe7e3ad-cc09-4eff-8bb1-c9f631bb47c6,Saunders Arnold,14,80.97,3,88.64,PCC,U,L5609,MINOR,,97.5000,89.0634,8.0808,11.88,16,0,5,1,0,0,0,0,,,
356a42c1-7566-4dc8-a116-e2a6e28af842,Thunder Tactical Shooters USPSA Match 09MAY2026,2026-05-09,1,Stage 1 Too Easy,ebe7e3ad-cc09-4eff-8bb1-c9f631bb47c6,Jim Havens,15,79.78,4,90.38,Limited Optics,M,a114636,MINOR,Senior,99.4217,87.7595,7.9625,12.81,18,0,4,0,0,0,0,0,,,
356a42c1-7566-4dc8-a116-e2a6e28af842,Thunder Tactical Shooters USPSA Match 09MAY2026,2026-05-09,1,Stage 1 Too Easy,ebe7e3ad-cc09-4eff-8bb1-c9f631bb47c6,Anthony Fong,16,79.70,7,79.70,Open,M,A142224,MINOR,,87.6713,87.6713,7.9545,12.32,16,0,6,0,0,0,0,0,,,
356a42c1-7566-4dc8-a116-e2a6e28af842,Thunder Tactical Shooters USPSA Match 09MAY2026,2026-05-09,1,Stage 1 Too Easy,ebe7e3ad-cc09-4eff-8bb1-c9f631bb47c6,Alex Goben,17,78.49,3,85.66,Carry Optics,A,L5929,MINOR,,94.2237,86.3443,7.8341,13.02,18,0,4,0,0,0,0,0,,,
356a42c1-7566-4dc8-a116-e2a6e28af842,Thunder Tactical Shooters USPSA Match 09MAY2026,2026-05-09,1,Stage 1 Too Easy,ebe7e3ad-cc09-4eff-8bb1-c9f631bb47c6,Charles Spears,18,77.47,4,84.54,Carry Optics,B,A164017,MINOR,,92.9909,85.2146,7.7316,13.71,21,0,0,1,0,0,0,0,,,
356a42c1-7566-4dc8-a116-e2a6e28af842,Thunder Tactical Shooters USPSA Match 09MAY2026,2026-05-09,1,Stage 1 Too Easy,ebe7e3ad-cc09-4eff-8bb1-c9f631bb47c6,Cade Horton,19,76.95,5,87.18,Limited Optics,U,A168751,MINOR,,95.8980,84.6492,7.6803,12.76,16,0,6,0,0,0,0,0,,,
356a42c1-7566-4dc8-a116-e2a6e28af842,Thunder Tactical Shooters USPSA Match 09MAY2026,2026-05-09,1,Stage 1 Too Easy,ebe7e3ad-cc09-4eff-8bb1-c9f631bb47c6,Will Goglas,20,76.49,8,76.49,Open,A,A154790,MAJOR,,84.1411,84.1411,7.6342,11.92,17,0,4,0,1,0,0,0,,,
356a42c1-7566-4dc8-a116-e2a6e28af842,Thunder Tactical Shooters USPSA Match 09MAY2026,2026-05-09,1,Stage 1 Too Easy,ebe7e3ad-cc09-4eff-8bb1-c9f631bb47c6,Joshua Blume,21,75.68,5,82.58,Carry Optics,A,A148746,MINOR,,90.8392,83.2429,7.5527,13.77,19,0,3,0,0,0,0,0,,,
356a42c1-7566-4dc8-a116-e2a6e28af842,Thunder Tactical Shooters USPSA Match 09MAY2026,2026-05-09,1,Stage 1 Too Easy,ebe7e3ad-cc09-4eff-8bb1-c9f631bb47c6,Dan Ausmus,22,74.84,9,74.84,Open,U,L6447,MINOR,,82.3192,82.3192,7.4689,12.05,14,0,6,2,0,0,0,0,,,
356a42c1-7566-4dc8-a116-e2a6e28af842,Thunder Tactical Shooters USPSA Match 09MAY2026,2026-05-09,1,Stage 1 Too Easy,ebe7e3ad-cc09-4eff-8bb1-c9f631bb47c6,Seth Dickens,23,74.16,6,80.93,Carry Optics,C,A165855,MINOR,,89.0230,81.5786,7.4017,12.97,16,0,5,1,0,0,0,0,,,
356a42c1-7566-4dc8-a116-e2a6e28af842,Thunder Tactical Shooters USPSA Match 09MAY2026,2026-05-09,1,Stage 1 Too Easy,ebe7e3ad-cc09-4eff-8bb1-c9f631bb47c6,Phyl Santos,24,72.43,6,82.06,Limited Optics,A,Bhhh,MINOR,,90.2618,79.6741,7.2289,12.45,13,0,8,1,0,0,0,0,,,
356a42c1-7566-4dc8-a116-e2a6e28af842,Thunder Tactical Shooters USPSA Match 09MAY2026,2026-05-09,1,Stage 1 Too Easy,ebe7e3ad-cc09-4eff-8bb1-c9f631bb47c6,james rogers,25,72.33,7,78.93,Carry Optics,A,A101402,MINOR,Law Enforcement,86.8220,79.5616,7.2187,14.13,19,0,2,1,0,0,0,0,,,
356a42c1-7566-4dc8-a116-e2a6e28af842,Thunder Tactical Shooters USPSA Match 09MAY2026,2026-05-09,1,Stage 1 Too Easy,ebe7e3ad-cc09-4eff-8bb1-c9f631bb47c6,Travis Edwards,26,71.82,7,81.36,Limited Optics,B,A107004,MINOR,,89.4951,78.9973,7.1675,14.51,19,0,3,0,0,0,0,0,,,
356a42c1-7566-4dc8-a116-e2a6e28af842,Thunder Tactical Shooters USPSA Match 09MAY2026,2026-05-09,1,Stage 1 Too Easy,ebe7e3ad-cc09-4eff-8bb1-c9f631bb47c6,John Osmena,27,71.15,10,71.15,Open,C,a158206,MINOR,,78.2655,78.2655,7.1011,11.97,16,0,5,0,1,0,0,0,,,
356a42c1-7566-4dc8-a116-e2a6e28af842,Thunder Tactical Shooters USPSA Match 09MAY2026,2026-05-09,1,Stage 1 Too Easy,ebe7e3ad-cc09-4eff-8bb1-c9f631bb47c6,Napoleon Lewis,28,70.95,11,70.95,Open,U,A154149,MINOR,Senior; Military,78.0418,78.0418,7.0808,14.97,20,0,2,0,0,0,0,0,,,
356a42c1-7566-4dc8-a116-e2a6e28af842,Thunder Tactical Shooters USPSA Match 09MAY2026,2026-05-09,1,Stage 1 Too Easy,ebe7e3ad-cc09-4eff-8bb1-c9f631bb47c6,Glen Kruger,29,70.61,8,77.05,Carry Optics,U,A171162,MINOR,Senior,84.7593,77.6714,7.0472,14.19,17,0,5,0,0,0,0,0,,,
356a42c1-7566-4dc8-a116-e2a6e28af842,Thunder Tactical Shooters USPSA Match 09MAY2026,2026-05-09,1,Stage 1 Too Easy,ebe7e3ad-cc09-4eff-8bb1-c9f631bb47c6,David Zhang,30,69.00,8,78.17,Limited Optics,A,FY140383,MINOR,,85.9852,75.8992,6.8864,13.65,15,0,6,1,0,0,0,0,,,
356a42c1-7566-4dc8-a116-e2a6e28af842,Thunder Tactical Shooters USPSA Match 09MAY2026,2026-05-09,1,Stage 1 Too Easy,ebe7e3ad-cc09-4eff-8bb1-c9f631bb47c6,Joseph White,31,68.80,9,75.08,Carry Optics,M,A135489,MINOR,Law Enforcement,82.5920,75.6853,6.8670,13.98,17,0,3,2,0,0,0,0,,,
356a42c1-7566-4dc8-a116-e2a6e28af842,Thunder Tactical Shooters USPSA Match 09MAY2026,2026-05-09,1,Stage 1 Too Easy,ebe7e3ad-cc09-4eff-8bb1-c9f631bb47c6,Phil Truong,32,68.75,12,68.75,Open,B,FY128600,MINOR,,75.6280,75.6280,6.8618,10.93,11,0,10,0,1,0,0,0,,,
356a42c1-7566-4dc8-a116-e2a6e28af842,Thunder Tactical Shooters USPSA Match 09MAY2026,2026-05-09,1,Stage 1 Too Easy,ebe7e3ad-cc09-4eff-8bb1-c9f631bb47c6,Byron McGowen,33,68.66,13,68.66,Open,D,A159731,MAJOR,Military,75.5288,75.5288,6.8528,15.76,20,0,2,0,0,0,0,0,,,
356a42c1-7566-4dc8-a116-e2a6e28af842,Thunder Tactical Shooters USPSA Match 09MAY2026,2026-05-09,1,Stage 1 Too Easy,ebe7e3ad-cc09-4eff-8bb1-c9f631bb47c6,Coder Wang,34,68.28,4,74.75,PCC,B,A170259,MINOR,,82.2249,75.1100,6.8148,13.50,13,0,9,0,0,0,0,0,,,
356a42c1-7566-4dc8-a116-e2a6e28af842,Thunder Tactical Shooters USPSA Match 09MAY2026,2026-05-09,1,Stage 1 Too Easy,ebe7e3ad-cc09-4eff-8bb1-c9f631bb47c6,Ulrick Fong,35,66.09,5,72.36,PCC,A,A170351,MINOR,Senior,79.5910,72.7040,6.5965,14.25,15,0,6,1,0,0,0,0,,,
356a42c1-7566-4dc8-a116-e2a6e28af842,Thunder Tactical Shooters USPSA Match 09MAY2026,2026-05-09,1,Stage 1 Too Easy,ebe7e3ad-cc09-4eff-8bb1-c9f631bb47c6,Steven McNamara,36,65.37,9,74.06,Limited Optics,B,A75212,MINOR,Senior,81.4665,71.9104,6.5245,15.94,19,0,3,0,0,0,0,0,,,
356a42c1-7566-4dc8-a116-e2a6e28af842,Thunder Tactical Shooters USPSA Match 09MAY2026,2026-05-09,1,Stage 1 Too Easy,ebe7e3ad-cc09-4eff-8bb1-c9f631bb47c6,Jesse Rincon,37,65.29,10,71.25,Carry Optics,U,A177758,MINOR,,78.3740,71.8201,6.5163,15.96,19,0,3,0,0,0,0,0,,,
356a42c1-7566-4dc8-a116-e2a6e28af842,Thunder Tactical Shooters USPSA Match 09MAY2026,2026-05-09,1,Stage 1 Too Easy,ebe7e3ad-cc09-4eff-8bb1-c9f631bb47c6,Harlan Chen,38,64.73,10,73.33,Limited Optics,B,A163292,MINOR,,80.6623,71.2007,6.4601,15.17,16,0,6,0,0,0,0,0,,,
356a42c1-7566-4dc8-a116-e2a6e28af842,Thunder Tactical Shooters USPSA Match 09MAY2026,2026-05-09,1,Stage 1 Too Easy,ebe7e3ad-cc09-4eff-8bb1-c9f631bb47c6,Zachary Deason,39,63.79,11,72.27,Limited Optics,U,A172975,MINOR,,79.4974,70.1723,6.3668,14.45,15,0,5,2,0,0,0,0,,,
356a42c1-7566-4dc8-a116-e2a6e28af842,Thunder Tactical Shooters USPSA Match 09MAY2026,2026-05-09,1,Stage 1 Too Easy,ebe7e3ad-cc09-4eff-8bb1-c9f631bb47c6,Manny Nerona,40,62.71,12,71.04,Limited Optics,B,A69445,MINOR,,78.1489,68.9820,6.2588,14.22,19,0,1,1,1,0,0,0,,,
356a42c1-7566-4dc8-a116-e2a6e28af842,Thunder Tactical Shooters USPSA Match 09MAY2026,2026-05-09,1,Stage 1 Too Easy,ebe7e3ad-cc09-4eff-8bb1-c9f631bb47c6,Luke Brazil,41,62.37,11,68.07,Carry Optics,B,A176225,MINOR,,74.8728,68.6117,6.2252,15.10,16,0,4,2,0,0,0,0,,,
356a42c1-7566-4dc8-a116-e2a6e28af842,Thunder Tactical Shooters USPSA Match 09MAY2026,2026-05-09,1,Stage 1 Too Easy,ebe7e3ad-cc09-4eff-8bb1-c9f631bb47c6,Yul Kwan,42,61.54,14,61.54,Open,C,A156984,MAJOR,Senior,67.6991,67.6991,6.1424,17.42,19,0,3,0,0,0,0,0,,,
356a42c1-7566-4dc8-a116-e2a6e28af842,Thunder Tactical Shooters USPSA Match 09MAY2026,2026-05-09,1,Stage 1 Too Easy,ebe7e3ad-cc09-4eff-8bb1-c9f631bb47c6,James Berry,43,60.44,12,65.96,Carry Optics,U,A174774,MINOR,,72.5552,66.4878,6.0325,17.24,20,0,1,1,0,0,0,0,,,
356a42c1-7566-4dc8-a116-e2a6e28af842,Thunder Tactical Shooters USPSA Match 09MAY2026,2026-05-09,1,Stage 1 Too Easy,ebe7e3ad-cc09-4eff-8bb1-c9f631bb47c6,Daniell Gianelloni,44,60.09,15,60.09,Open,U,FY134287,MINOR,Law Enforcement,66.1043,66.1043,5.9977,17.34,19,0,3,0,0,0,0,0,,,
356a42c1-7566-4dc8-a116-e2a6e28af842,Thunder Tactical Shooters USPSA Match 09MAY2026,2026-05-09,1,Stage 1 Too Easy,ebe7e3ad-cc09-4eff-8bb1-c9f631bb47c6,Jose Onia,45,59.44,13,67.34,Limited Optics,M,A134359,MINOR,,74.0771,65.3879,5.9327,17.53,19,0,3,0,0,0,0,0,,,
356a42c1-7566-4dc8-a116-e2a6e28af842,Thunder Tactical Shooters USPSA Match 09MAY2026,2026-05-09,1,Stage 1 Too Easy,ebe7e3ad-cc09-4eff-8bb1-c9f631bb47c6,Mark Tutt,46,58.94,16,58.94,Open,U,A175310,MINOR,Military,64.8335,64.8335,5.8824,11.90,15,0,5,0,2,0,0,0,,,
356a42c1-7566-4dc8-a116-e2a6e28af842,Thunder Tactical Shooters USPSA Match 09MAY2026,2026-05-09,1,Stage 1 Too Easy,ebe7e3ad-cc09-4eff-8bb1-c9f631bb47c6,Joseph Wilkie,47,58.32,13,63.64,Carry Optics,C,A166735,MINOR,,70.0078,64.1534,5.8207,17.18,17,0,5,0,0,0,0,0,,,
356a42c1-7566-4dc8-a116-e2a6e28af842,Thunder Tactical Shooters USPSA Match 09MAY2026,2026-05-09,1,Stage 1 Too Easy,ebe7e3ad-cc09-4eff-8bb1-c9f631bb47c6,Waltz Noguerra,48,58.16,14,63.47,Carry Optics,C,A137731,MINOR,Senior,69.8117,63.9738,5.8044,15.85,16,0,3,3,0,0,0,0,,,
356a42c1-7566-4dc8-a116-e2a6e28af842,Thunder Tactical Shooters USPSA Match 09MAY2026,2026-05-09,1,Stage 1 Too Easy,ebe7e3ad-cc09-4eff-8bb1-c9f631bb47c6,chris bulkley,49,57.13,15,62.35,Carry Optics,B,A159469,MINOR,,68.5801,62.8452,5.7020,18.59,20,0,2,0,0,0,0,0,,,
356a42c1-7566-4dc8-a116-e2a6e28af842,Thunder Tactical Shooters USPSA Match 09MAY2026,2026-05-09,1,Stage 1 Too Easy,ebe7e3ad-cc09-4eff-8bb1-c9f631bb47c6,Matthew Lem,50,57.06,17,57.06,Open,U,A34763,MINOR,Senior; Law Enforcement,62.7614,62.7614,5.6944,17.21,16,0,6,0,0,0,0,0,,,
356a42c1-7566-4dc8-a116-e2a6e28af842,Thunder Tactical Shooters USPSA Match 09MAY2026,2026-05-09,1,Stage 1 Too Easy,ebe7e3ad-cc09-4eff-8bb1-c9f631bb47c6,Mike Junco,51,56.90,18,56.90,Open,U,TY34819,MINOR,Senior; Law Enforcement,62.5950,62.5950,5.6793,17.96,18,0,4,0,0,0,0,0,,,
356a42c1-7566-4dc8-a116-e2a6e28af842,Thunder Tactical Shooters USPSA Match 09MAY2026,2026-05-09,1,Stage 1 Too Easy,ebe7e3ad-cc09-4eff-8bb1-c9f631bb47c6,Michael Pontious,52,56.59,14,64.11,Limited Optics,B,A94575,MINOR,Super Senior,70.5173,62.2456,5.6476,13.28,14,0,4,3,1,0,0,0,,,
356a42c1-7566-4dc8-a116-e2a6e28af842,Thunder Tactical Shooters USPSA Match 09MAY2026,2026-05-09,1,Stage 1 Too Easy,ebe7e3ad-cc09-4eff-8bb1-c9f631bb47c6,Chris Oatman,53,55.99,16,61.10,Carry Optics,C,A169819,MINOR,,67.2090,61.5887,5.5880,15.39,13,0,6,3,0,0,0,0,,,
356a42c1-7566-4dc8-a116-e2a6e28af842,Thunder Tactical Shooters USPSA Match 09MAY2026,2026-05-09,1,Stage 1 Too Easy,ebe7e3ad-cc09-4eff-8bb1-c9f631bb47c6,John Ren,54,53.90,17,58.82,Carry Optics,A,A168570,MINOR,,64.7013,59.2907,5.3795,13.57,16,0,4,1,1,0,1,0,,,
356a42c1-7566-4dc8-a116-e2a6e28af842,Thunder Tactical Shooters USPSA Match 09MAY2026,2026-05-09,1,Stage 1 Too Easy,ebe7e3ad-cc09-4eff-8bb1-c9f631bb47c6,Tommy Teas,55,53.63,1,100.00,Limited,B,FY2227,MAJOR,Super Senior,110.0000,58.9887,5.3521,17.75,13,0,6,3,0,0,0,0,,,
356a42c1-7566-4dc8-a116-e2a6e28af842,Thunder Tactical Shooters USPSA Match 09MAY2026,2026-05-09,1,Stage 1 Too Easy,ebe7e3ad-cc09-4eff-8bb1-c9f631bb47c6,Taylor Latham,56,53.17,2,99.14,Limited,B,TY39841,MINOR,Super Senior,109.0546,58.4817,5.3061,19.60,19,0,3,0,0,0,0,0,,,
356a42c1-7566-4dc8-a116-e2a6e28af842,Thunder Tactical Shooters USPSA Match 09MAY2026,2026-05-09,1,Stage 1 Too Easy,ebe7e3ad-cc09-4eff-8bb1-c9f631bb47c6,Ivan Velazquez,57,53.13,18,57.98,Carry Optics,A,A108486,MINOR,,63.7812,58.4476,5.3030,14.52,14,0,5,2,1,0,0,0,,,
356a42c1-7566-4dc8-a116-e2a6e28af842,Thunder Tactical Shooters USPSA Match 09MAY2026,2026-05-09,1,Stage 1 Too Easy,ebe7e3ad-cc09-4eff-8bb1-c9f631bb47c6,Chris Ballard,58,52.92,15,59.96,Limited Optics,D,A178189,MINOR,,65.9511,58.2150,5.2819,19.69,20,0,1,1,0,0,0,0,,,
356a42c1-7566-4dc8-a116-e2a6e28af842,Thunder Tactical Shooters USPSA Match 09MAY2026,2026-05-09,1,Stage 1 Too Easy,ebe7e3ad-cc09-4eff-8bb1-c9f631bb47c6,Joseph Pinkley,59,52.36,19,52.36,Open,U,Na,MINOR,,57.6000,57.6000,5.2261,19.90,19,0,3,0,0,0,0,0,,,
356a42c1-7566-4dc8-a116-e2a6e28af842,Thunder Tactical Shooters USPSA Match 09MAY2026,2026-05-09,1,Stage 1 Too Easy,ebe7e3ad-cc09-4eff-8bb1-c9f631bb47c6,Andrew Malcolm,60,52.29,19,57.06,Carry Optics,B,A169439,MINOR,,62.7625,57.5140,5.2183,18.78,17,0,4,1,0,0,0,0,,,
356a42c1-7566-4dc8-a116-e2a6e28af842,Thunder Tactical Shooters USPSA Match 09MAY2026,2026-05-09,1,Stage 1 Too Easy,ebe7e3ad-cc09-4eff-8bb1-c9f631bb47c6,Josh Vickers,61,52.13,3,97.21,Limited,U,A168865,MINOR,,106.9335,57.3443,5.2029,19.22,18,0,3,1,0,0,0,0,,,
356a42c1-7566-4dc8-a116-e2a6e28af842,Thunder Tactical Shooters USPSA Match 09MAY2026,2026-05-09,1,Stage 1 Too Easy,ebe7e3ad-cc09-4eff-8bb1-c9f631bb47c6,Sean Finnerty,62,50.66,20,55.28,Carry Optics,C,A166724,MINOR,,60.8092,55.7241,5.0559,20.57,19,0,3,0,0,0,0,0,,,
356a42c1-7566-4dc8-a116-e2a6e28af842,Thunder Tactical Shooters USPSA Match 09MAY2026,2026-05-09,1,Stage 1 Too Easy,ebe7e3ad-cc09-4eff-8bb1-c9f631bb47c6,Bryant Moorefield,63,50.21,16,56.88,Limited Optics,U,A176823,MINOR,,62.5698,55.2304,5.0111,17.96,15,0,4,3,0,0,0,0,,,
356a42c1-7566-4dc8-a116-e2a6e28af842,Thunder Tactical Shooters USPSA Match 09MAY2026,2026-05-09,1,Stage 1 Too Easy,ebe7e3ad-cc09-4eff-8bb1-c9f631bb47c6,Thomas Pinney,64,48.50,6,53.09,PCC,U,1234,MINOR,Super Senior,58.4001,53.3468,4.8402,21.90,20,0,2,0,0,0,0,0,,,
356a42c1-7566-4dc8-a116-e2a6e28af842,Thunder Tactical Shooters USPSA Match 09MAY2026,2026-05-09,1,Stage 1 Too Easy,ebe7e3ad-cc09-4eff-8bb1-c9f631bb47c6,Eric Mccampbell,65,48.41,4,90.27,Limited,B,A14332,MAJOR,Senior,99.2921,53.2465,4.8311,21.32,15,0,7,0,0,0,0,0,,,
356a42c1-7566-4dc8-a116-e2a6e28af842,Thunder Tactical Shooters USPSA Match 09MAY2026,2026-05-09,1,Stage 1 Too Easy,ebe7e3ad-cc09-4eff-8bb1-c9f631bb47c6,reid little,66,47.07,20,47.07,Open,U,A182187,MINOR,,51.7762,51.7762,4.6977,22.99,21,0,1,0,0,0,0,0,,,
356a42c1-7566-4dc8-a116-e2a6e28af842,Thunder Tactical Shooters USPSA Match 09MAY2026,2026-05-09,1,Stage 1 Too Easy,ebe7e3ad-cc09-4eff-8bb1-c9f631bb47c6,Joseph Reyes,67,44.40,21,48.46,Carry Optics,C,A127665,MINOR,Super Senior,53.3005,48.8433,4.4316,20.76,14,0,7,1,0,0,0,0,,,
356a42c1-7566-4dc8-a116-e2a6e28af842,Thunder Tactical Shooters USPSA Match 09MAY2026,2026-05-09,1,Stage 1 Too Easy,ebe7e3ad-cc09-4eff-8bb1-c9f631bb47c6,Jerry Bedro,68,44.01,17,49.86,Limited Optics,B,A98263,MINOR,,54.8470,48.4135,4.3926,18.44,16,0,3,2,1,0,0,0,,,
356a42c1-7566-4dc8-a116-e2a6e28af842,Thunder Tactical Shooters USPSA Match 09MAY2026,2026-05-09,1,Stage 1 Too Easy,ebe7e3ad-cc09-4eff-8bb1-c9f631bb47c6,Patrick Gilbert,69,43.56,1,100.00,Production,U,A153729,MINOR,,110.0000,47.9197,4.3478,17.71,17,0,4,0,1,0,1,0,,,
356a42c1-7566-4dc8-a116-e2a6e28af842,Thunder Tactical Shooters USPSA Match 09MAY2026,2026-05-09,1,Stage 1 Too Easy,ebe7e3ad-cc09-4eff-8bb1-c9f631bb47c6,Bruce Lamb,70,42.80,21,42.80,Open,A,L-997,MINOR,Super Senior,47.0788,47.0788,4.2715,17.09,12,0,7,2,1,0,0,0,,,
356a42c1-7566-4dc8-a116-e2a6e28af842,Thunder Tactical Shooters USPSA Match 09MAY2026,2026-05-09,1,Stage 1 Too Easy,ebe7e3ad-cc09-4eff-8bb1-c9f631bb47c6,Brett Hadley,71,39.84,22,39.84,Open,U,A179130,MINOR,,43.8230,43.8230,3.9761,25.15,18,0,3,1,0,0,0,0,,,
356a42c1-7566-4dc8-a116-e2a6e28af842,Thunder Tactical Shooters USPSA Match 09MAY2026,2026-05-09,1,Stage 1 Too Easy,ebe7e3ad-cc09-4eff-8bb1-c9f631bb47c6,Todd Liscano,72,39.39,22,42.99,Carry Optics,U,A172140,MINOR,,47.2856,43.3314,3.9315,15.77,13,0,5,2,2,0,0,0,,,
356a42c1-7566-4dc8-a116-e2a6e28af842,Thunder Tactical Shooters USPSA Match 09MAY2026,2026-05-09,1,Stage 1 Too Easy,ebe7e3ad-cc09-4eff-8bb1-c9f631bb47c6,Xingzheng Sun,73,39.21,23,42.79,Carry Optics,U,A182524,MINOR,Junior,47.0655,43.1297,3.9132,23.51,13,0,9,0,0,0,0,0,,,
356a42c1-7566-4dc8-a116-e2a6e28af842,Thunder Tactical Shooters USPSA Match 09MAY2026,2026-05-09,1,Stage 1 Too Easy,ebe7e3ad-cc09-4eff-8bb1-c9f631bb47c6,henry pham,74,38.64,24,42.17,Carry Optics,C,A171802,MINOR,,46.3848,42.5059,3.8566,18.41,19,0,2,0,1,0,2,0,,,
356a42c1-7566-4dc8-a116-e2a6e28af842,Thunder Tactical Shooters USPSA Match 09MAY2026,2026-05-09,1,Stage 1 Too Easy,ebe7e3ad-cc09-4eff-8bb1-c9f631bb47c6,Dale Hamm,75,38.14,5,71.13,Limited,C,TY97196,MAJOR,Super Senior,78.2399,41.9570,3.8068,28.37,20,0,2,0,0,0,0,0,,,
356a42c1-7566-4dc8-a116-e2a6e28af842,Thunder Tactical Shooters USPSA Match 09MAY2026,2026-05-09,1,Stage 1 Too Easy,ebe7e3ad-cc09-4eff-8bb1-c9f631bb47c6,Tony Sullivan,76,36.81,18,41.70,Limited Optics,U,A176593,MINOR,,45.8694,40.4890,3.6736,23.41,16,0,5,1,0,0,1,0,,,
356a42c1-7566-4dc8-a116-e2a6e28af842,Thunder Tactical Shooters USPSA Match 09MAY2026,2026-05-09,1,Stage 1 Too Easy,ebe7e3ad-cc09-4eff-8bb1-c9f631bb47c6,Eric Cooper,77,36.61,1,100.00,Single Stack,C,A57512,MINOR,Super Senior,110.0000,40.2685,3.6536,27.37,18,0,3,1,0,0,0,0,,,
356a42c1-7566-4dc8-a116-e2a6e28af842,Thunder Tactical Shooters USPSA Match 09MAY2026,2026-05-09,1,Stage 1 Too Easy,ebe7e3ad-cc09-4eff-8bb1-c9f631bb47c6,John Thomas,78,35.71,2,81.96,Production,U,na,MINOR,,90.1596,39.2766,3.5636,22.73,16,0,3,2,1,0,0,0,,,
356a42c1-7566-4dc8-a116-e2a6e28af842,Thunder Tactical Shooters USPSA Match 09MAY2026,2026-05-09,1,Stage 1 Too Easy,ebe7e3ad-cc09-4eff-8bb1-c9f631bb47c6,Justin Wilkie,79,34.50,23,34.50,Open,D,A172037,MINOR,,37.9540,37.9540,3.4436,29.62,18,0,4,0,0,0,0,0,,,
356a42c1-7566-4dc8-a116-e2a6e28af842,Thunder Tactical Shooters USPSA Match 09MAY2026,2026-05-09,1,Stage 1 Too Easy,ebe7e3ad-cc09-4eff-8bb1-c9f631bb47c6,Bob Purcell,80,34.09,19,38.62,Limited Optics,U,TY111994,MINOR,Super Senior,42.4807,37.4977,3.4022,23.22,14,0,6,1,1,0,0,0,,,
356a42c1-7566-4dc8-a116-e2a6e28af842,Thunder Tactical Shooters USPSA Match 09MAY2026,2026-05-09,1,Stage 1 Too Easy,ebe7e3ad-cc09-4eff-8bb1-c9f631bb47c6,Merle Aber,81,33.57,25,36.63,Carry Optics,U,A182176,MINOR,,40.2929,36.9235,3.3501,29.85,17,0,5,0,0,0,0,0,,,
356a42c1-7566-4dc8-a116-e2a6e28af842,Thunder Tactical Shooters USPSA Match 09MAY2026,2026-05-09,1,Stage 1 Too Easy,ebe7e3ad-cc09-4eff-8bb1-c9f631bb47c6,Grant Tucek,82,33.54,26,36.61,Carry Optics,U,A162865,MINOR,,40.2665,36.8992,3.3479,27.48,14,0,7,1,0,0,0,0,,,
356a42c1-7566-4dc8-a116-e2a6e28af842,Thunder Tactical Shooters USPSA Match 09MAY2026,2026-05-09,1,Stage 1 Too Easy,ebe7e3ad-cc09-4eff-8bb1-c9f631bb47c6,Ron Plesko,83,32.48,27,35.44,Carry Optics,D,TY138017,MINOR,Super Senior,38.9867,35.7265,3.2415,30.85,17,0,5,0,0,0,0,0,,,
356a42c1-7566-4dc8-a116-e2a6e28af842,Thunder Tactical Shooters USPSA Match 09MAY2026,2026-05-09,1,Stage 1 Too Easy,ebe7e3ad-cc09-4eff-8bb1-c9f631bb47c6,Garth Plyler,84,30.52,3,70.06,Production,U,a174944,MINOR,,77.0693,33.5740,3.0462,19.04,14,0,6,0,2,0,1,0,,,
356a42c1-7566-4dc8-a116-e2a6e28af842,Thunder Tactical Shooters USPSA Match 09MAY2026,2026-05-09,1,Stage 1 Too Easy,ebe7e3ad-cc09-4eff-8bb1-c9f631bb47c6,Theo Judice,85,30.09,20,34.09,Limited Optics,U,A174771,MINOR,,37.4962,33.0979,3.0030,33.30,19,0,1,2,0,0,0,0,,,
356a42c1-7566-4dc8-a116-e2a6e28af842,Thunder Tactical Shooters USPSA Match 09MAY2026,2026-05-09,1,Stage 1 Too Easy,ebe7e3ad-cc09-4eff-8bb1-c9f631bb47c6,Christian Fling,86,29.85,21,33.82,Limited Optics,U,A179677,MINOR,Law Enforcement,37.1977,32.8345,2.9791,34.91,19,0,3,0,0,0,0,0,,,
356a42c1-7566-4dc8-a116-e2a6e28af842,Thunder Tactical Shooters USPSA Match 09MAY2026,2026-05-09,1,Stage 1 Too Easy,ebe7e3ad-cc09-4eff-8bb1-c9f631bb47c6,Kyle Poole,87,19.36,6,36.11,Limited,U,A182134,MINOR,,39.7222,21.3015,1.9327,30.01,12,0,5,3,2,0,0,0,,,
356a42c1-7566-4dc8-a116-e2a6e28af842,Thunder Tactical Shooters USPSA Match 09MAY2026,2026-05-09,1,Stage 1 Too Easy,ebe7e3ad-cc09-4eff-8bb1-c9f631bb47c6,Noah Wilkie,88,9.87,7,18.40,Limited,U,A182163,MINOR,,20.2382,10.8530,0.9847,34.53,8,0,6,6,2,0,1,0,,,
356a42c1-7566-4dc8-a116-e2a6e28af842,Thunder Tactical Shooters USPSA Match 09MAY2026,2026-05-09,1,Stage 1 Too Easy,ebe7e3ad-cc09-4eff-8bb1-c9f631bb47c6,peter nguyen,89,9.02,22,10.22,Limited Optics,U,A143545,MINOR,,11.2401,9.9216,0.9002,25.55,12,0,4,1,5,0,0,0,,,
356a42c1-7566-4dc8-a116-e2a6e28af842,Thunder Tactical Shooters USPSA Match 09MAY2026,2026-05-09,1,Stage 1 Too Easy,ebe7e3ad-cc09-4eff-8bb1-c9f631bb47c6,Kit Bong Morales,90,6.00,23,6.79,Limited Optics,D,A57907,MINOR,Senior,7.4730,6.5964,0.5985,18.38,9,0,4,4,5,0,0,0,,,
356a42c1-7566-4dc8-a116-e2a6e28af842,Thunder Tactical Shooters USPSA Match 09MAY2026,2026-05-09,1,Stage 1 Too Easy,ebe7e3ad-cc09-4eff-8bb1-c9f631bb47c6,Kevin Baker,91,0.00,24,0.00,Limited Optics,C,A95439,MINOR,Senior,0.0000,0.0000,,,,,×0.23 (worst),×0.45 (worst),×1.70 (worst),,×1.14 (worst),,,12.49 (worst),
356a42c1-7566-4dc8-a116-e2a6e28af842,Thunder Tactical Shooters USPSA Match 09MAY2026,2026-05-09,1,Stage 1 Too Easy,ebe7e3ad-cc09-4eff-8bb1-c9f631bb47c6,Luke Crawford,92,0.00,7,0.00,PCC,U,A166717,MINOR,Law Enforcement,0.0000,0.0000,,,,,×0.22 (worst),×0.44 (worst),×1.65 (worst),,×1.10 (worst),,,12.07 (worst),
356a42c1-7566-4dc8-a116-e2a6e28af842,Thunder Tactical Shooters USPSA Match 09MAY2026,2026-05-09,1,Stage 1 Too Easy,ebe7e3ad-cc09-4eff-8bb1-c9f631bb47c6,Jeno Fredericks,93,0.00,24,0.00,Open,U,A177910,MINOR,,0.0000,0.0000,,,,,×0.20 (worst),×0.40 (worst),×1.50 (worst),,×1.00 (worst),,,11.02 (worst),
356a42c1-7566-4dc8-a116-e2a6e28af842,Thunder Tactical Shooters USPSA Match 09MAY2026,2026-05-09,1,Stage 1 Too Easy,ebe7e3ad-cc09-4eff-8bb1-c9f631bb47c6,TJ Middleton,94,0.00,8,0.00,PCC,C,TY171913,MINOR,,0.0000,0.0000,,,,,×0.22 (worst),×0.44 (worst),×1.65 (worst),,×1.10 (worst),,,12.07 (worst),
356a42c1-7566-4dc8-a116-e2a6e28af842,Thunder Tactical Shooters USPSA Match 09MAY2026,2026-05-09,1,Stage 1 Too Easy,ebe7e3ad-cc09-4eff-8bb1-c9f631bb47c6,Angel Velazquez,95,0.00,28,0.00,Carry Optics,X,A115894,MINOR,,0.0000,0.0000,,,,,×0.22 (worst),×0.44 (worst),×1.64 (worst),,×1.09 (worst),,,12.03 (worst),
356a42c1-7566-4dc8-a116-e2a6e28af842,Thunder Tactical Shooters USPSA Match 09MAY2026,2026-05-09,1,Stage 1 Too Easy,ebe7e3ad-cc09-4eff-8bb1-c9f631bb47c6,ian loyd,96,0.00,29,0.00,Carry Optics,U,A148072,MINOR,,0.0000,0.0000,,,,,×0.22 (worst),×0.44 (worst),×1.64 (worst),,×1.09 (worst),,,12.03 (worst),
356a42c1-7566-4dc8-a116-e2a6e28af842,Thunder Tactical Shooters USPSA Match 09MAY2026,2026-05-09,2,Stage 2 Devils Hole Defense,bec0f30d-9997-4a5f-932f-6790abe04237,Will Goglas,1,100.00,1,100.00,Open,A,A154790,MAJOR,,150.0000,150.0000,11.5262,12.58,25,0,5,0,0,0,0,0,,,
356a42c1-7566-4dc8-a116-e2a6e28af842,Thunder Tactical Shooters USPSA Match 09MAY2026,2026-05-09,2,Stage 2 Devils Hole Defense,bec0f30d-9997-4a5f-932f-6790abe04237,Ryan Jaw,2,96.25,2,96.25,Open,U,Ty142907,MAJOR,,144.3819,144.3819,11.0945,13.34,28,0,2,0,0,0,0,0,,,
356a42c1-7566-4dc8-a116-e2a6e28af842,Thunder Tactical Shooters USPSA Match 09MAY2026,2026-05-09,2,Stage 2 Devils Hole Defense,bec0f30d-9997-4a5f-932f-6790abe04237,Cade Horton,3,91.78,1,100.00,Limited Optics,U,A168751,MINOR,,150.0000,137.6733,10.5790,13.99,29,0,1,0,0,0,0,0,,,
356a42c1-7566-4dc8-a116-e2a6e28af842,Thunder Tactical Shooters USPSA Match 09MAY2026,2026-05-09,2,Stage 2 Devils Hole Defense,bec0f30d-9997-4a5f-932f-6790abe04237,Robert Strong,4,88.50,1,100.00,PCC,M,TY135331,MINOR,,150.0000,132.7554,10.2011,13.92,26,0,4,0,0,0,0,0,,,
356a42c1-7566-4dc8-a116-e2a6e28af842,Thunder Tactical Shooters USPSA Match 09MAY2026,2026-05-09,2,Stage 2 Devils Hole Defense,bec0f30d-9997-4a5f-932f-6790abe04237,Dan Ausmus,5,87.84,3,87.84,Open,U,L6447,MINOR,,131.7611,131.7611,10.1247,13.63,24,0,6,0,0,0,0,0,,,
356a42c1-7566-4dc8-a116-e2a6e28af842,Thunder Tactical Shooters USPSA Match 09MAY2026,2026-05-09,2,Stage 2 Devils Hole Defense,bec0f30d-9997-4a5f-932f-6790abe04237,Olayemi Bakare,6,87.35,4,87.35,Open,A,A105300,MAJOR,,131.0180,131.0180,10.0676,13.31,28,0,1,0,1,0,0,0,,,
356a42c1-7566-4dc8-a116-e2a6e28af842,Thunder Tactical Shooters USPSA Match 09MAY2026,2026-05-09,2,Stage 2 Devils Hole Defense,bec0f30d-9997-4a5f-932f-6790abe04237,Ivan Velazquez,7,80.84,1,100.00,Carry Optics,A,A108486,MINOR,,150.0000,121.2629,9.3180,14.81,26,0,2,2,0,0,0,0,,,
356a42c1-7566-4dc8-a116-e2a6e28af842,Thunder Tactical Shooters USPSA Match 09MAY2026,2026-05-09,2,Stage 2 Devils Hole Defense,bec0f30d-9997-4a5f-932f-6790abe04237,Phillip Nguyen,8,80.16,2,87.34,Limited Optics,M,TY152423,MINOR,,131.0086,120.2426,9.2396,12.23,23,0,6,0,1,0,1,0,,,
356a42c1-7566-4dc8-a116-e2a6e28af842,Thunder Tactical Shooters USPSA Match 09MAY2026,2026-05-09,2,Stage 2 Devils Hole Defense,bec0f30d-9997-4a5f-932f-6790abe04237,Glen Kruger,9,80.02,2,98.98,Carry Optics,U,A171162,MINOR,Senior,148.4707,120.0265,9.2230,15.83,28,0,2,0,0,0,0,0,,,
356a42c1-7566-4dc8-a116-e2a6e28af842,Thunder Tactical Shooters USPSA Match 09MAY2026,2026-05-09,2,Stage 2 Devils Hole Defense,bec0f30d-9997-4a5f-932f-6790abe04237,FRANCIS NGUYEN,10,79.59,3,86.72,Limited Optics,B,A169979,MINOR,,130.0742,119.3850,9.1737,14.28,27,0,2,0,1,0,0,0,,,
356a42c1-7566-4dc8-a116-e2a6e28af842,Thunder Tactical Shooters USPSA Match 09MAY2026,2026-05-09,2,Stage 2 Devils Hole Defense,bec0f30d-9997-4a5f-932f-6790abe04237,Jorge Cahas,11,79.33,5,79.33,Open,B,F-44522,MAJOR,Senior,118.9880,118.9880,9.1432,15.64,25,0,4,1,0,0,0,0,,,
356a42c1-7566-4dc8-a116-e2a6e28af842,Thunder Tactical Shooters USPSA Match 09MAY2026,2026-05-09,2,Stage 2 Devils Hole Defense,bec0f30d-9997-4a5f-932f-6790abe04237,Anthony Fong,12,79.26,6,79.26,Open,M,A142224,MINOR,,118.8943,118.8943,9.1360,14.12,26,0,3,0,1,0,0,0,,,
356a42c1-7566-4dc8-a116-e2a6e28af842,Thunder Tactical Shooters USPSA Match 09MAY2026,2026-05-09,2,Stage 2 Devils Hole Defense,bec0f30d-9997-4a5f-932f-6790abe04237,james rogers,13,77.28,3,95.60,Carry Optics,A,A101402,MINOR,Law Enforcement,143.3983,115.9259,8.9079,16.39,28,0,2,0,0,0,0,0,,,
356a42c1-7566-4dc8-a116-e2a6e28af842,Thunder Tactical Shooters USPSA Match 09MAY2026,2026-05-09,2,Stage 2 Devils Hole Defense,bec0f30d-9997-4a5f-932f-6790abe04237,Ulrick Fong,14,77.21,2,87.24,PCC,A,A170351,MINOR,Senior,130.8624,115.8179,8.8996,16.63,29,0,1,0,0,0,0,0,,,
356a42c1-7566-4dc8-a116-e2a6e28af842,Thunder Tactical Shooters USPSA Match 09MAY2026,2026-05-09,2,Stage 2 Devils Hole Defense,bec0f30d-9997-4a5f-932f-6790abe04237,Garrett Pressler,15,77.16,7,77.16,Open,U,A165603,MINOR,Junior,115.7359,115.7359,8.8933,15.18,29,0,0,0,1,0,0,0,,,
356a42c1-7566-4dc8-a116-e2a6e28af842,Thunder Tactical Shooters USPSA Match 09MAY2026,2026-05-09,2,Stage 2 Devils Hole Defense,bec0f30d-9997-4a5f-932f-6790abe04237,Andre Wijaya,16,76.25,8,76.25,Open,B,A175473,MAJOR,,114.3811,114.3811,8.7892,16.27,27,0,1,2,0,0,0,0,,,
356a42c1-7566-4dc8-a116-e2a6e28af842,Thunder Tactical Shooters USPSA Match 09MAY2026,2026-05-09,2,Stage 2 Devils Hole Defense,bec0f30d-9997-4a5f-932f-6790abe04237,Phil Truong,17,75.62,9,75.62,Open,B,FY128600,MINOR,,113.4311,113.4311,8.7162,14.80,26,0,3,0,1,0,0,0,,,
356a42c1-7566-4dc8-a116-e2a6e28af842,Thunder Tactical Shooters USPSA Match 09MAY2026,2026-05-09,2,Stage 2 Devils Hole Defense,bec0f30d-9997-4a5f-932f-6790abe04237,Seth Dickens,18,75.35,4,93.21,Carry Optics,C,A165855,MINOR,,139.8149,113.0290,8.6853,16.81,29,0,0,1,0,0,0,0,,,
356a42c1-7566-4dc8-a116-e2a6e28af842,Thunder Tactical Shooters USPSA Match 09MAY2026,2026-05-09,2,Stage 2 Devils Hole Defense,bec0f30d-9997-4a5f-932f-6790abe04237,Saunders Arnold,19,75.16,3,84.93,PCC,U,L5609,MINOR,,127.3892,112.7440,8.6634,16.16,27,0,1,2,0,0,0,0,,,
356a42c1-7566-4dc8-a116-e2a6e28af842,Thunder Tactical Shooters USPSA Match 09MAY2026,2026-05-09,2,Stage 2 Devils Hole Defense,bec0f30d-9997-4a5f-932f-6790abe04237,Jerry Bedro,20,74.39,4,81.05,Limited Optics,B,A98263,MINOR,,121.5810,111.5897,8.5747,17.26,29,0,1,0,0,0,0,0,,,
356a42c1-7566-4dc8-a116-e2a6e28af842,Thunder Tactical Shooters USPSA Match 09MAY2026,2026-05-09,2,Stage 2 Devils Hole Defense,bec0f30d-9997-4a5f-932f-6790abe04237,Drew Yang,21,73.86,5,91.36,Carry Optics,A,FY138478,MINOR,,137.0460,110.7906,8.5133,16.21,25,0,4,1,0,0,0,0,,,
356a42c1-7566-4dc8-a116-e2a6e28af842,Thunder Tactical Shooters USPSA Match 09MAY2026,2026-05-09,2,Stage 2 Devils Hole Defense,bec0f30d-9997-4a5f-932f-6790abe04237,Paul Torre,22,72.26,4,81.64,PCC,U,Ty88028,MINOR,Law Enforcement,122.4662,108.3870,8.3286,17.53,28,0,2,0,0,0,0,0,,,
356a42c1-7566-4dc8-a116-e2a6e28af842,Thunder Tactical Shooters USPSA Match 09MAY2026,2026-05-09,2,Stage 2 Devils Hole Defense,bec0f30d-9997-4a5f-932f-6790abe04237,Luke Brazil,23,72.13,6,89.22,Carry Optics,B,A176225,MINOR,,133.8265,108.1879,8.3133,16.60,24,0,6,0,0,0,0,0,,,
356a42c1-7566-4dc8-a116-e2a6e28af842,Thunder Tactical Shooters USPSA Match 09MAY2026,2026-05-09,2,Stage 2 Devils Hole Defense,bec0f30d-9997-4a5f-932f-6790abe04237,David Zhang,24,70.36,5,76.66,Limited Optics,A,FY140383,MINOR,,114.9877,105.5383,8.1097,17.51,26,0,4,0,0,0,0,0,,,
356a42c1-7566-4dc8-a116-e2a6e28af842,Thunder Tactical Shooters USPSA Match 09MAY2026,2026-05-09,2,Stage 2 Devils Hole Defense,bec0f30d-9997-4a5f-932f-6790abe04237,John Ren,25,69.89,7,86.46,Carry Optics,A,A168570,MINOR,,129.6829,104.8381,8.0559,18.62,30,0,0,0,0,0,0,0,,,
356a42c1-7566-4dc8-a116-e2a6e28af842,Thunder Tactical Shooters USPSA Match 09MAY2026,2026-05-09,2,Stage 2 Devils Hole Defense,bec0f30d-9997-4a5f-932f-6790abe04237,Mike Junco,26,68.95,10,68.95,Open,U,TY34819,MINOR,Senior; Law Enforcement,103.4300,103.4300,7.9477,18.37,28,0,2,0,0,0,0,0,,,
356a42c1-7566-4dc8-a116-e2a6e28af842,Thunder Tactical Shooters USPSA Match 09MAY2026,2026-05-09,2,Stage 2 Devils Hole Defense,bec0f30d-9997-4a5f-932f-6790abe04237,Daniell Gianelloni,27,68.73,11,68.73,Open,U,FY134287,MINOR,Law Enforcement,103.0943,103.0943,7.9219,17.42,24,0,6,0,0,0,0,0,,,
356a42c1-7566-4dc8-a116-e2a6e28af842,Thunder Tactical Shooters USPSA Match 09MAY2026,2026-05-09,2,Stage 2 Devils Hole Defense,bec0f30d-9997-4a5f-932f-6790abe04237,henry pham,28,67.59,8,83.61,Carry Optics,C,A171802,MINOR,,125.4137,101.3868,7.7907,17.20,23,0,6,1,0,0,0,0,,,
356a42c1-7566-4dc8-a116-e2a6e28af842,Thunder Tactical Shooters USPSA Match 09MAY2026,2026-05-09,2,Stage 2 Devils Hole Defense,bec0f30d-9997-4a5f-932f-6790abe04237,Joseph White,29,66.78,9,82.60,Carry Optics,M,A135489,MINOR,Law Enforcement,123.9005,100.1635,7.6967,17.67,23,0,7,0,0,0,0,0,,,
356a42c1-7566-4dc8-a116-e2a6e28af842,Thunder Tactical Shooters USPSA Match 09MAY2026,2026-05-09,2,Stage 2 Devils Hole Defense,bec0f30d-9997-4a5f-932f-6790abe04237,Jose Onia,30,66.60,6,72.56,Limited Optics,M,A134359,MINOR,,108.8468,99.9020,7.6766,19.54,30,0,0,0,0,0,0,0,,,
356a42c1-7566-4dc8-a116-e2a6e28af842,Thunder Tactical Shooters USPSA Match 09MAY2026,2026-05-09,2,Stage 2 Devils Hole Defense,bec0f30d-9997-4a5f-932f-6790abe04237,Steven McNamara,31,65.39,7,71.25,Limited Optics,B,A75212,MINOR,Senior,106.8702,98.0878,7.5372,18.84,26,0,4,0,0,0,0,0,,,
356a42c1-7566-4dc8-a116-e2a6e28af842,Thunder Tactical Shooters USPSA Match 09MAY2026,2026-05-09,2,Stage 2 Devils Hole Defense,bec0f30d-9997-4a5f-932f-6790abe04237,Manny Nerona,32,64.07,8,69.80,Limited Optics,B,A69445,MINOR,,104.7065,96.1019,7.3846,19.50,27,0,3,0,0,0,0,0,,,
356a42c1-7566-4dc8-a116-e2a6e28af842,Thunder Tactical Shooters USPSA Match 09MAY2026,2026-05-09,2,Stage 2 Devils Hole Defense,bec0f30d-9997-4a5f-932f-6790abe04237,Anthony Giuliano,33,60.58,10,74.94,Carry Optics,M,A152263,MINOR,Law Enforcement,112.4082,90.8730,6.9828,19.19,22,0,8,0,0,0,0,0,,,
356a42c1-7566-4dc8-a116-e2a6e28af842,Thunder Tactical Shooters USPSA Match 09MAY2026,2026-05-09,2,Stage 2 Devils Hole Defense,bec0f30d-9997-4a5f-932f-6790abe04237,Joseph Wilkie,34,59.65,11,73.79,Carry Optics,C,A166735,MINOR,,110.6825,89.4779,6.8756,19.78,23,0,7,0,0,0,0,0,,,
356a42c1-7566-4dc8-a116-e2a6e28af842,Thunder Tactical Shooters USPSA Match 09MAY2026,2026-05-09,2,Stage 2 Devils Hole Defense,bec0f30d-9997-4a5f-932f-6790abe04237,Adriel Taylor,35,59.15,9,64.45,Limited Optics,U,X,MINOR,,96.6755,88.7309,6.8182,18.04,23,0,6,0,1,0,0,0,,,
356a42c1-7566-4dc8-a116-e2a6e28af842,Thunder Tactical Shooters USPSA Match 09MAY2026,2026-05-09,2,Stage 2 Devils Hole Defense,bec0f30d-9997-4a5f-932f-6790abe04237,Travis Edwards,36,59.05,10,64.34,Limited Optics,B,A107004,MINOR,,96.5025,88.5721,6.8060,18.66,25,0,4,0,1,0,0,0,,,
356a42c1-7566-4dc8-a116-e2a6e28af842,Thunder Tactical Shooters USPSA Match 09MAY2026,2026-05-09,2,Stage 2 Devils Hole Defense,bec0f30d-9997-4a5f-932f-6790abe04237,Napoleon Lewis,37,58.82,12,58.82,Open,U,A154149,MINOR,Senior; Military,88.2299,88.2299,6.7797,20.65,25,0,5,0,0,0,0,0,,,
356a42c1-7566-4dc8-a116-e2a6e28af842,Thunder Tactical Shooters USPSA Match 09MAY2026,2026-05-09,2,Stage 2 Devils Hole Defense,bec0f30d-9997-4a5f-932f-6790abe04237,Josh Vickers,38,58.80,1,100.00,Limited,U,A168865,MINOR,,150.0000,88.1947,6.7770,19.33,27,0,2,0,1,0,0,0,,,
356a42c1-7566-4dc8-a116-e2a6e28af842,Thunder Tactical Shooters USPSA Match 09MAY2026,2026-05-09,2,Stage 2 Devils Hole Defense,bec0f30d-9997-4a5f-932f-6790abe04237,Matthew Lem,39,58.69,13,58.69,Open,U,A34763,MINOR,Senior; Law Enforcement,88.0347,88.0347,6.7647,20.40,24,0,6,0,0,0,0,0,,,
356a42c1-7566-4dc8-a116-e2a6e28af842,Thunder Tactical Shooters USPSA Match 09MAY2026,2026-05-09,2,Stage 2 Devils Hole Defense,bec0f30d-9997-4a5f-932f-6790abe04237,Coder Wang,40,58.68,5,66.30,PCC,B,A170259,MINOR,,99.4540,88.0203,6.7636,17.89,22,0,7,0,1,0,0,0,,,
356a42c1-7566-4dc8-a116-e2a6e28af842,Thunder Tactical Shooters USPSA Match 09MAY2026,2026-05-09,2,Stage 2 Devils Hole Defense,bec0f30d-9997-4a5f-932f-6790abe04237,Joshua Blume,41,58.33,12,72.16,Carry Optics,A,A148746,MINOR,,108.2373,87.5011,6.7237,16.36,23,0,5,0,2,0,0,0,,,
356a42c1-7566-4dc8-a116-e2a6e28af842,Thunder Tactical Shooters USPSA Match 09MAY2026,2026-05-09,2,Stage 2 Devils Hole Defense,bec0f30d-9997-4a5f-932f-6790abe04237,Bryant Moorefield,42,58.25,11,63.47,Limited Optics,U,A176823,MINOR,,95.1995,87.3762,6.7141,19.66,22,0,7,1,0,0,0,0,,,
356a42c1-7566-4dc8-a116-e2a6e28af842,Thunder Tactical Shooters USPSA Match 09MAY2026,2026-05-09,2,Stage 2 Devils Hole Defense,bec0f30d-9997-4a5f-932f-6790abe04237,Sean Finnerty,43,56.43,13,69.81,Carry Optics,C,A166724,MINOR,,104.7135,84.6524,6.5048,23.06,30,0,0,0,0,0,0,0,,,
356a42c1-7566-4dc8-a116-e2a6e28af842,Thunder Tactical Shooters USPSA Match 09MAY2026,2026-05-09,2,Stage 2 Devils Hole Defense,bec0f30d-9997-4a5f-932f-6790abe04237,Taylor Latham,44,56.25,2,95.68,Limited,B,TY39841,MINOR,Super Senior,143.5148,84.3817,6.4840,21.90,26,0,4,0,0,0,0,0,,,
356a42c1-7566-4dc8-a116-e2a6e28af842,Thunder Tactical Shooters USPSA Match 09MAY2026,2026-05-09,2,Stage 2 Devils Hole Defense,bec0f30d-9997-4a5f-932f-6790abe04237,Patrick Gilbert,45,55.63,1,100.00,Production,U,A153729,MINOR,,150.0000,83.4460,6.4121,21.21,23,0,7,0,0,0,0,0,,,
356a42c1-7566-4dc8-a116-e2a6e28af842,Thunder Tactical Shooters USPSA Match 09MAY2026,2026-05-09,2,Stage 2 Devils Hole Defense,bec0f30d-9997-4a5f-932f-6790abe04237,chris bulkley,46,55.25,14,68.35,Carry Optics,B,A159469,MINOR,,102.5193,82.8786,6.3685,20.57,27,0,2,0,1,0,0,0,,,
356a42c1-7566-4dc8-a116-e2a6e28af842,Thunder Tactical Shooters USPSA Match 09MAY2026,2026-05-09,2,Stage 2 Devils Hole Defense,bec0f30d-9997-4a5f-932f-6790abe04237,Alex Goben,47,54.56,15,67.49,Carry Optics,A,L5929,MINOR,,101.2283,81.8349,6.2883,19.56,28,0,1,0,1,0,1,0,,,
356a42c1-7566-4dc8-a116-e2a6e28af842,Thunder Tactical Shooters USPSA Match 09MAY2026,2026-05-09,2,Stage 2 Devils Hole Defense,bec0f30d-9997-4a5f-932f-6790abe04237,Eric Mccampbell,48,53.21,3,90.50,Limited,B,A14332,MAJOR,Senior,135.7437,79.8125,6.1329,23.48,26,0,3,1,0,0,0,0,,,
356a42c1-7566-4dc8-a116-e2a6e28af842,Thunder Tactical Shooters USPSA Match 09MAY2026,2026-05-09,2,Stage 2 Devils Hole Defense,bec0f30d-9997-4a5f-932f-6790abe04237,reid little,49,52.57,14,52.57,Open,U,A182187,MINOR,,78.8521,78.8521,6.0591,19.64,21,0,8,0,1,0,0,0,,,
356a42c1-7566-4dc8-a116-e2a6e28af842,Thunder Tactical Shooters USPSA Match 09MAY2026,2026-05-09,2,Stage 2 Devils Hole Defense,bec0f30d-9997-4a5f-932f-6790abe04237,Joseph Pinkley,50,52.38,15,52.38,Open,U,Na,MINOR,,78.5762,78.5762,6.0379,20.04,27,0,2,0,1,0,1,0,,,
356a42c1-7566-4dc8-a116-e2a6e28af842,Thunder Tactical Shooters USPSA Match 09MAY2026,2026-05-09,2,Stage 2 Devils Hole Defense,bec0f30d-9997-4a5f-932f-6790abe04237,Phyl Santos,51,52.25,12,56.92,Limited Optics,A,Bhhh,MINOR,,85.3861,78.3693,6.0220,17.27,20,0,8,0,2,0,0,0,,,
356a42c1-7566-4dc8-a116-e2a6e28af842,Thunder Tactical Shooters USPSA Match 09MAY2026,2026-05-09,2,Stage 2 Devils Hole Defense,bec0f30d-9997-4a5f-932f-6790abe04237,Michael Pontious,52,51.61,13,56.23,Limited Optics,B,A94575,MINOR,Super Senior,84.3454,77.4141,5.9486,18.66,19,0,8,2,1,0,0,0,,,
356a42c1-7566-4dc8-a116-e2a6e28af842,Thunder Tactical Shooters USPSA Match 09MAY2026,2026-05-09,2,Stage 2 Devils Hole Defense,bec0f30d-9997-4a5f-932f-6790abe04237,John Osmena,53,49.02,16,49.02,Open,C,a158206,MINOR,,73.5281,73.5281,5.6500,21.77,23,0,6,0,1,0,0,0,,,
356a42c1-7566-4dc8-a116-e2a6e28af842,Thunder Tactical Shooters USPSA Match 09MAY2026,2026-05-09,2,Stage 2 Devils Hole Defense,bec0f30d-9997-4a5f-932f-6790abe04237,Yul Kwan,54,48.42,17,48.42,Open,C,A156984,MAJOR,Senior,72.6237,72.6237,5.5805,26.70,29,0,1,0,0,0,0,0,,,
356a42c1-7566-4dc8-a116-e2a6e28af842,Thunder Tactical Shooters USPSA Match 09MAY2026,2026-05-09,2,Stage 2 Devils Hole Defense,bec0f30d-9997-4a5f-932f-6790abe04237,Tyler Denmon,55,48.20,18,48.20,Open,B,U,MINOR,,72.2996,72.2996,5.5556,18.36,24,0,4,0,2,0,0,1,,,
356a42c1-7566-4dc8-a116-e2a6e28af842,Thunder Tactical Shooters USPSA Match 09MAY2026,2026-05-09,2,Stage 2 Devils Hole Defense,bec0f30d-9997-4a5f-932f-6790abe04237,Christian Fling,56,48.16,14,52.47,Limited Optics,U,A179677,MINOR,Law Enforcement,78.7064,72.2385,5.5509,23.96,28,0,1,0,1,0,0,0,,,
356a42c1-7566-4dc8-a116-e2a6e28af842,Thunder Tactical Shooters USPSA Match 09MAY2026,2026-05-09,2,Stage 2 Devils Hole Defense,bec0f30d-9997-4a5f-932f-6790abe04237,Charles Spears,57,47.47,16,58.73,Carry Optics,B,A164017,MINOR,,88.0876,71.2117,5.4720,16.63,20,0,7,0,3,0,0,0,,,
356a42c1-7566-4dc8-a116-e2a6e28af842,Thunder Tactical Shooters USPSA Match 09MAY2026,2026-05-09,2,Stage 2 Devils Hole Defense,bec0f30d-9997-4a5f-932f-6790abe04237,Zachary Deason,58,45.21,15,49.25,Limited Optics,U,A172975,MINOR,,73.8813,67.8099,5.2106,14.01,19,0,5,3,3,0,0,1,,,
356a42c1-7566-4dc8-a116-e2a6e28af842,Thunder Tactical Shooters USPSA Match 09MAY2026,2026-05-09,2,Stage 2 Devils Hole Defense,bec0f30d-9997-4a5f-932f-6790abe04237,Joseph Reyes,59,44.71,17,55.31,Carry Optics,C,A127665,MINOR,Super Senior,82.9652,67.0707,5.1538,25.03,26,0,3,0,1,0,0,0,,,
356a42c1-7566-4dc8-a116-e2a6e28af842,Thunder Tactical Shooters USPSA Match 09MAY2026,2026-05-09,2,Stage 2 Devils Hole Defense,bec0f30d-9997-4a5f-932f-6790abe04237,Grant Tucek,60,44.19,18,54.67,Carry Optics,U,A162865,MINOR,,81.9977,66.2885,5.0937,24.54,24,0,5,0,1,0,0,0,,,
356a42c1-7566-4dc8-a116-e2a6e28af842,Thunder Tactical Shooters USPSA Match 09MAY2026,2026-05-09,2,Stage 2 Devils Hole Defense,bec0f30d-9997-4a5f-932f-6790abe04237,Andrew Malcolm,61,44.12,19,54.58,Carry Optics,B,A169439,MINOR,,81.8641,66.1805,5.0854,25.76,27,0,2,0,1,0,0,0,,,
356a42c1-7566-4dc8-a116-e2a6e28af842,Thunder Tactical Shooters USPSA Match 09MAY2026,2026-05-09,2,Stage 2 Devils Hole Defense,bec0f30d-9997-4a5f-932f-6790abe04237,peter nguyen,62,43.04,16,46.89,Limited Optics,U,A143545,MINOR,,70.3408,64.5603,4.9609,29.43,28,0,2,0,0,0,0,0,,,
356a42c1-7566-4dc8-a116-e2a6e28af842,Thunder Tactical Shooters USPSA Match 09MAY2026,2026-05-09,2,Stage 2 Devils Hole Defense,bec0f30d-9997-4a5f-932f-6790abe04237,Dale Hamm,63,40.78,4,69.36,Limited,C,TY97196,MAJOR,Super Senior,104.0416,61.1728,4.7006,31.06,26,0,4,0,0,0,0,0,,,
356a42c1-7566-4dc8-a116-e2a6e28af842,Thunder Tactical Shooters USPSA Match 09MAY2026,2026-05-09,2,Stage 2 Devils Hole Defense,bec0f30d-9997-4a5f-932f-6790abe04237,Byron McGowen,64,39.96,19,39.96,Open,D,A159731,MAJOR,Military,59.9391,59.9391,4.6058,22.58,26,0,1,0,3,0,0,0,,,
356a42c1-7566-4dc8-a116-e2a6e28af842,Thunder Tactical Shooters USPSA Match 09MAY2026,2026-05-09,2,Stage 2 Devils Hole Defense,bec0f30d-9997-4a5f-932f-6790abe04237,Waltz Noguerra,65,39.80,20,49.24,Carry Optics,C,A137731,MINOR,Senior,73.8571,59.7074,4.5880,21.36,22,0,6,0,2,0,1,0,,,
356a42c1-7566-4dc8-a116-e2a6e28af842,Thunder Tactical Shooters USPSA Match 09MAY2026,2026-05-09,2,Stage 2 Devils Hole Defense,bec0f30d-9997-4a5f-932f-6790abe04237,Tommy Teas,66,39.35,5,66.93,Limited,B,FY2227,MAJOR,Super Senior,100.4006,59.0320,4.5361,19.40,12,0,14,1,3,0,0,0,,,
356a42c1-7566-4dc8-a116-e2a6e28af842,Thunder Tactical Shooters USPSA Match 09MAY2026,2026-05-09,2,Stage 2 Devils Hole Defense,bec0f30d-9997-4a5f-932f-6790abe04237,Jesse Rincon,67,38.68,21,47.84,Carry Optics,U,A177758,MINOR,,71.7659,58.0170,4.4581,26.02,26,0,2,0,2,0,0,0,,,
356a42c1-7566-4dc8-a116-e2a6e28af842,Thunder Tactical Shooters USPSA Match 09MAY2026,2026-05-09,2,Stage 2 Devils Hole Defense,bec0f30d-9997-4a5f-932f-6790abe04237,James Berry,68,37.76,22,46.70,Carry Optics,U,A174774,MINOR,,70.0563,56.6349,4.3519,21.37,21,0,6,0,3,0,0,0,,,
356a42c1-7566-4dc8-a116-e2a6e28af842,Thunder Tactical Shooters USPSA Match 09MAY2026,2026-05-09,2,Stage 2 Devils Hole Defense,bec0f30d-9997-4a5f-932f-6790abe04237,Xingzheng Sun,69,36.69,23,45.38,Carry Optics,U,A182524,MINOR,Junior,68.0731,55.0316,4.2287,25.54,23,0,4,1,2,0,0,0,,,
356a42c1-7566-4dc8-a116-e2a6e28af842,Thunder Tactical Shooters USPSA Match 09MAY2026,2026-05-09,2,Stage 2 Devils Hole Defense,bec0f30d-9997-4a5f-932f-6790abe04237,Bob Purcell,70,34.12,17,37.18,Limited Optics,U,TY111994,MINOR,Super Senior,55.7633,51.1808,3.9328,27.97,23,0,5,0,2,0,0,0,,,
356a42c1-7566-4dc8-a116-e2a6e28af842,Thunder Tactical Shooters USPSA Match 09MAY2026,2026-05-09,2,Stage 2 Devils Hole Defense,bec0f30d-9997-4a5f-932f-6790abe04237,Kit Bong Morales,71,33.85,18,36.88,Limited Optics,D,A57907,MINOR,Senior,55.3223,50.7761,3.9017,20.76,17,0,8,2,3,0,0,0,,,
356a42c1-7566-4dc8-a116-e2a6e28af842,Thunder Tactical Shooters USPSA Match 09MAY2026,2026-05-09,2,Stage 2 Devils Hole Defense,bec0f30d-9997-4a5f-932f-6790abe04237,Merle Aber,72,32.63,24,40.36,Carry Optics,U,A182176,MINOR,,60.5393,48.9411,3.7607,33.77,26,0,2,1,1,0,0,0,,,
356a42c1-7566-4dc8-a116-e2a6e28af842,Thunder Tactical Shooters USPSA Match 09MAY2026,2026-05-09,2,Stage 2 Devils Hole Defense,bec0f30d-9997-4a5f-932f-6790abe04237,Eric Cooper,73,32.10,1,100.00,Single Stack,C,A57512,MINOR,Super Senior,150.0000,48.1460,3.6996,36.49,29,0,0,0,1,0,0,0,,,
356a42c1-7566-4dc8-a116-e2a6e28af842,Thunder Tactical Shooters USPSA Match 09MAY2026,2026-05-09,2,Stage 2 Devils Hole Defense,bec0f30d-9997-4a5f-932f-6790abe04237,John Thomas,74,31.96,2,57.46,Production,U,na,MINOR,,86.1855,47.9456,3.6842,24.70,21,0,5,1,3,0,0,0,,,
356a42c1-7566-4dc8-a116-e2a6e28af842,Thunder Tactical Shooters USPSA Match 09MAY2026,2026-05-09,2,Stage 2 Devils Hole Defense,bec0f30d-9997-4a5f-932f-6790abe04237,Chris Oatman,75,31.95,25,39.52,Carry Optics,C,A169819,MINOR,,59.2853,47.9273,3.6828,23.08,22,0,5,0,3,0,1,0,,,
356a42c1-7566-4dc8-a116-e2a6e28af842,Thunder Tactical Shooters USPSA Match 09MAY2026,2026-05-09,2,Stage 2 Devils Hole Defense,bec0f30d-9997-4a5f-932f-6790abe04237,Tony Sullivan,76,31.68,19,34.52,Limited Optics,U,A176593,MINOR,,51.7762,47.5213,3.6516,29.85,26,0,3,0,1,0,2,0,,,
356a42c1-7566-4dc8-a116-e2a6e28af842,Thunder Tactical Shooters USPSA Match 09MAY2026,2026-05-09,2,Stage 2 Devils Hole Defense,bec0f30d-9997-4a5f-932f-6790abe04237,Brett Hadley,77,31.60,20,31.60,Open,U,A179130,MINOR,,47.4068,47.4068,3.6428,39.53,28,0,1,1,0,0,0,0,,,
356a42c1-7566-4dc8-a116-e2a6e28af842,Thunder Tactical Shooters USPSA Match 09MAY2026,2026-05-09,2,Stage 2 Devils Hole Defense,bec0f30d-9997-4a5f-932f-6790abe04237,Thomas Pinney,78,30.66,6,34.64,PCC,U,1234,MINOR,Super Senior,51.9635,45.9896,3.5339,39.05,29,0,1,0,0,0,1,0,,,
356a42c1-7566-4dc8-a116-e2a6e28af842,Thunder Tactical Shooters USPSA Match 09MAY2026,2026-05-09,2,Stage 2 Devils Hole Defense,bec0f30d-9997-4a5f-932f-6790abe04237,Bruce Lamb,79,30.10,21,30.10,Open,A,L-997,MINOR,Super Senior,45.1567,45.1567,3.4699,20.75,18,0,7,1,4,0,0,0,,,
356a42c1-7566-4dc8-a116-e2a6e28af842,Thunder Tactical Shooters USPSA Match 09MAY2026,2026-05-09,2,Stage 2 Devils Hole Defense,bec0f30d-9997-4a5f-932f-6790abe04237,Ron Plesko,80,29.96,26,37.06,Carry Optics,D,TY138017,MINOR,Super Senior,55.5972,44.9459,3.4537,37.93,27,0,2,0,1,0,0,0,,,
356a42c1-7566-4dc8-a116-e2a6e28af842,Thunder Tactical Shooters USPSA Match 09MAY2026,2026-05-09,2,Stage 2 Devils Hole Defense,bec0f30d-9997-4a5f-932f-6790abe04237,Todd Liscano,81,28.86,27,35.70,Carry Optics,U,A172140,MINOR,,53.5448,43.2866,3.3262,18.64,17,0,9,0,4,0,1,0,,,
356a42c1-7566-4dc8-a116-e2a6e28af842,Thunder Tactical Shooters USPSA Match 09MAY2026,2026-05-09,2,Stage 2 Devils Hole Defense,bec0f30d-9997-4a5f-932f-6790abe04237,Kyle Poole,82,27.07,6,46.04,Limited,U,A182134,MINOR,,69.0571,40.6031,3.1200,25.00,21,0,4,1,4,0,0,0,,,
356a42c1-7566-4dc8-a116-e2a6e28af842,Thunder Tactical Shooters USPSA Match 09MAY2026,2026-05-09,2,Stage 2 Devils Hole Defense,bec0f30d-9997-4a5f-932f-6790abe04237,Justin Wilkie,83,26.07,22,26.07,Open,D,A172037,MINOR,,39.1118,39.1118,3.0054,31.61,22,0,5,0,3,0,0,0,,,
356a42c1-7566-4dc8-a116-e2a6e28af842,Thunder Tactical Shooters USPSA Match 09MAY2026,2026-05-09,2,Stage 2 Devils Hole Defense,bec0f30d-9997-4a5f-932f-6790abe04237,Mark Tutt,84,25.45,23,25.45,Open,U,A175310,MINOR,Military,38.1683,38.1683,2.9329,28.30,16,0,11,0,3,0,0,0,,,
356a42c1-7566-4dc8-a116-e2a6e28af842,Thunder Tactical Shooters USPSA Match 09MAY2026,2026-05-09,2,Stage 2 Devils Hole Defense,bec0f30d-9997-4a5f-932f-6790abe04237,Theo Judice,85,24.56,20,26.76,Limited Optics,U,A174771,MINOR,,40.1394,36.8408,2.8309,28.26,26,0,0,0,4,0,0,1,,,
356a42c1-7566-4dc8-a116-e2a6e28af842,Thunder Tactical Shooters USPSA Match 09MAY2026,2026-05-09,2,Stage 2 Devils Hole Defense,bec0f30d-9997-4a5f-932f-6790abe04237,Garth Plyler,86,23.12,3,41.56,Production,U,a174944,MINOR,,62.3407,34.6806,2.6649,22.14,17,0,8,0,5,0,0,0,,,
356a42c1-7566-4dc8-a116-e2a6e28af842,Thunder Tactical Shooters USPSA Match 09MAY2026,2026-05-09,2,Stage 2 Devils Hole Defense,bec0f30d-9997-4a5f-932f-6790abe04237,Noah Wilkie,87,22.75,7,38.70,Limited,U,A182163,MINOR,,58.0434,34.1275,2.6224,31.65,22,0,4,1,3,0,1,0,,,
356a42c1-7566-4dc8-a116-e2a6e28af842,Thunder Tactical Shooters USPSA Match 09MAY2026,2026-05-09,2,Stage 2 Devils Hole Defense,bec0f30d-9997-4a5f-932f-6790abe04237,Kevin Baker,88,0.00,21,0.00,Limited Optics,C,A95439,MINOR,Senior,0.0000,0.0000,,,,,×0.19 (worst),×0.38 (worst),×1.42 (worst),,×0.95 (worst),,,14.18 (worst),
356a42c1-7566-4dc8-a116-e2a6e28af842,Thunder Tactical Shooters USPSA Match 09MAY2026,2026-05-09,2,Stage 2 Devils Hole Defense,bec0f30d-9997-4a5f-932f-6790abe04237,Harlan Chen,89,0.00,22,0.00,Limited Optics,B,A163292,MINOR,,0.0000,0.0000,,,,,×0.19 (worst),×0.38 (worst),×1.42 (worst),,×0.95 (worst),,,14.18 (worst),
356a42c1-7566-4dc8-a116-e2a6e28af842,Thunder Tactical Shooters USPSA Match 09MAY2026,2026-05-09,2,Stage 2 Devils Hole Defense,bec0f30d-9997-4a5f-932f-6790abe04237,Luke Crawford,90,0.00,7,0.00,PCC,U,A166717,MINOR,Law Enforcement,0.0000,0.0000,,,,,×0.20 (worst),×0.39 (worst),×1.47 (worst),,×0.98 (worst),,,14.70 (worst),
356a42c1-7566-4dc8-a116-e2a6e28af842,Thunder Tactical Shooters USPSA Match 09MAY2026,2026-05-09,2,Stage 2 Devils Hole Defense,bec0f30d-9997-4a5f-932f-6790abe04237,Jeno Fredericks,91,0.00,24,0.00,Open,U,A177910,MINOR,,0.0000,0.0000,,,,,×0.17 (worst),×0.35 (worst),×1.30 (worst),,×0.87 (worst),,,13.01 (worst),
356a42c1-7566-4dc8-a116-e2a6e28af842,Thunder Tactical Shooters USPSA Match 09MAY2026,2026-05-09,2,Stage 2 Devils Hole Defense,bec0f30d-9997-4a5f-932f-6790abe04237,TJ Middleton,92,0.00,8,0.00,PCC,C,TY171913,MINOR,,0.0000,0.0000,,,,,×0.20 (worst),×0.39 (worst),×1.47 (worst),,×0.98 (worst),,,14.70 (worst),
356a42c1-7566-4dc8-a116-e2a6e28af842,Thunder Tactical Shooters USPSA Match 09MAY2026,2026-05-09,2,Stage 2 Devils Hole Defense,bec0f30d-9997-4a5f-932f-6790abe04237,Angel Velazquez,93,0.00,28,0.00,Carry Optics,X,A115894,MINOR,,0.0000,0.0000,,,,,×0.21 (worst),×0.43 (worst),×1.61 (worst),,×1.07 (worst),,,16.10 (worst),
356a42c1-7566-4dc8-a116-e2a6e28af842,Thunder Tactical Shooters USPSA Match 09MAY2026,2026-05-09,2,Stage 2 Devils Hole Defense,bec0f30d-9997-4a5f-932f-6790abe04237,ian loyd,94,0.00,29,0.00,Carry Optics,U,A148072,MINOR,,0.0000,0.0000,,,,,×0.21 (worst),×0.43 (worst),×1.61 (worst),,×1.07 (worst),,,16.10 (worst),
356a42c1-7566-4dc8-a116-e2a6e28af842,Thunder Tactical Shooters USPSA Match 09MAY2026,2026-05-09,2,Stage 2 Devils Hole Defense,bec0f30d-9997-4a5f-932f-6790abe04237,Jim Havens,95,0.00,23,0.00,Limited Optics,M,a114636,MINOR,Senior,0.0000,0.0000,0.0000,14.56,18,0,3,0,9,0,0,2,,,
356a42c1-7566-4dc8-a116-e2a6e28af842,Thunder Tactical Shooters USPSA Match 09MAY2026,2026-05-09,2,Stage 2 Devils Hole Defense,bec0f30d-9997-4a5f-932f-6790abe04237,Chris Ballard,96,0.00,24,0.00,Limited Optics,D,A178189,MINOR,,0.0000,0.0000,0.0000,23.14,19,0,0,1,10,0,0,0,,,
356a42c1-7566-4dc8-a116-e2a6e28af842,Thunder Tactical Shooters USPSA Match 09MAY2026,2026-05-09,3,Stage 3 Break Down,bf51d292-cab7-4885-ba9f-23eebb2ad1c8,Ryan Jaw,1,100.00,1,100.00,Open,U,Ty142907,MAJOR,,140.0000,140.0000,9.6750,13.54,23,0,3,2,0,0,0,0,,,
356a42c1-7566-4dc8-a116-e2a6e28af842,Thunder Tactical Shooters USPSA Match 09MAY2026,2026-05-09,3,Stage 3 Break Down,bf51d292-cab7-4885-ba9f-23eebb2ad1c8,Anthony Fong,2,95.52,2,95.52,Open,M,A142224,MINOR,,133.7329,133.7329,9.2419,13.85,22,0,6,0,0,0,0,0,,,
356a42c1-7566-4dc8-a116-e2a6e28af842,Thunder Tactical Shooters USPSA Match 09MAY2026,2026-05-09,3,Stage 3 Break Down,bf51d292-cab7-4885-ba9f-23eebb2ad1c8,Anthony Giuliano,3,93.25,1,100.00,Carry Optics,M,A152263,MINOR,Law Enforcement,140.0000,130.5437,9.0215,14.41,24,0,3,1,0,0,0,0,,,
356a42c1-7566-4dc8-a116-e2a6e28af842,Thunder Tactical Shooters USPSA Match 09MAY2026,2026-05-09,3,Stage 3 Break Down,bf51d292-cab7-4885-ba9f-23eebb2ad1c8,Robert Strong,4,93.05,1,100.00,PCC,M,TY135331,MINOR,,140.0000,130.2658,9.0023,13.33,23,0,5,0,0,0,1,0,,,
356a42c1-7566-4dc8-a116-e2a6e28af842,Thunder Tactical Shooters USPSA Match 09MAY2026,2026-05-09,3,Stage 3 Break Down,bf51d292-cab7-4885-ba9f-23eebb2ad1c8,Olayemi Bakare,5,92.60,3,92.60,Open,A,A105300,MAJOR,,129.6436,129.6436,8.9593,14.51,22,0,4,2,0,0,0,0,,,
356a42c1-7566-4dc8-a116-e2a6e28af842,Thunder Tactical Shooters USPSA Match 09MAY2026,2026-05-09,3,Stage 3 Break Down,bf51d292-cab7-4885-ba9f-23eebb2ad1c8,Ulrick Fong,6,91.12,2,97.92,PCC,A,A170351,MINOR,Senior,137.0934,127.5613,8.8154,14.52,22,0,6,0,0,0,0,0,,,
356a42c1-7566-4dc8-a116-e2a6e28af842,Thunder Tactical Shooters USPSA Match 09MAY2026,2026-05-09,3,Stage 3 Break Down,bf51d292-cab7-4885-ba9f-23eebb2ad1c8,Jose Onia,7,91.10,1,100.00,Limited Optics,M,A134359,MINOR,,140.0000,127.5411,8.8140,15.43,26,0,2,0,0,0,0,0,,,
356a42c1-7566-4dc8-a116-e2a6e28af842,Thunder Tactical Shooters USPSA Match 09MAY2026,2026-05-09,3,Stage 3 Break Down,bf51d292-cab7-4885-ba9f-23eebb2ad1c8,Joseph White,8,90.87,2,97.45,Carry Optics,M,A135489,MINOR,Law Enforcement,136.4261,127.2112,8.7912,15.47,26,0,2,0,0,0,0,0,,,
356a42c1-7566-4dc8-a116-e2a6e28af842,Thunder Tactical Shooters USPSA Match 09MAY2026,2026-05-09,3,Stage 3 Break Down,bf51d292-cab7-4885-ba9f-23eebb2ad1c8,Tyler Denmon,9,90.31,4,90.31,Open,B,U,MINOR,,126.4298,126.4298,8.7372,14.65,22,0,6,0,0,0,0,0,,,
356a42c1-7566-4dc8-a116-e2a6e28af842,Thunder Tactical Shooters USPSA Match 09MAY2026,2026-05-09,3,Stage 3 Break Down,bf51d292-cab7-4885-ba9f-23eebb2ad1c8,Garrett Pressler,10,87.48,5,87.48,Open,U,A165603,MINOR,Junior,122.4693,122.4693,8.4635,15.36,24,0,3,1,0,0,0,0,,,
356a42c1-7566-4dc8-a116-e2a6e28af842,Thunder Tactical Shooters USPSA Match 09MAY2026,2026-05-09,3,Stage 3 Break Down,bf51d292-cab7-4885-ba9f-23eebb2ad1c8,Will Goglas,11,86.19,6,86.19,Open,A,A154790,MAJOR,,120.6677,120.6677,8.3390,14.63,16,0,9,3,0,0,0,0,,,
356a42c1-7566-4dc8-a116-e2a6e28af842,Thunder Tactical Shooters USPSA Match 09MAY2026,2026-05-09,3,Stage 3 Break Down,bf51d292-cab7-4885-ba9f-23eebb2ad1c8,Dan Ausmus,12,85.93,7,85.93,Open,U,L6447,MINOR,,120.2987,120.2987,8.3135,12.63,22,0,5,0,1,0,1,0,,,
356a42c1-7566-4dc8-a116-e2a6e28af842,Thunder Tactical Shooters USPSA Match 09MAY2026,2026-05-09,3,Stage 3 Break Down,bf51d292-cab7-4885-ba9f-23eebb2ad1c8,Drew Yang,13,84.77,3,90.92,Carry Optics,A,FY138478,MINOR,,127.2811,118.6838,8.2019,15.85,23,0,5,0,0,0,0,0,,,
356a42c1-7566-4dc8-a116-e2a6e28af842,Thunder Tactical Shooters USPSA Match 09MAY2026,2026-05-09,3,Stage 3 Break Down,bf51d292-cab7-4885-ba9f-23eebb2ad1c8,Jim Havens,14,82.69,2,90.76,Limited Optics,M,a114636,MINOR,Senior,127.0706,115.7623,8.0000,15.25,20,0,7,1,0,0,0,0,,,
356a42c1-7566-4dc8-a116-e2a6e28af842,Thunder Tactical Shooters USPSA Match 09MAY2026,2026-05-09,3,Stage 3 Break Down,bf51d292-cab7-4885-ba9f-23eebb2ad1c8,Paul Torre,15,81.96,3,88.08,PCC,U,Ty88028,MINOR,Law Enforcement,123.3163,114.7421,7.9295,15.89,22,0,5,1,0,0,0,0,,,
356a42c1-7566-4dc8-a116-e2a6e28af842,Thunder Tactical Shooters USPSA Match 09MAY2026,2026-05-09,3,Stage 3 Break Down,bf51d292-cab7-4885-ba9f-23eebb2ad1c8,Phillip Nguyen,16,81.48,3,89.44,Limited Optics,M,TY152423,MINOR,,125.2106,114.0678,7.8829,13.32,18,0,8,1,1,0,0,0,,,
356a42c1-7566-4dc8-a116-e2a6e28af842,Thunder Tactical Shooters USPSA Match 09MAY2026,2026-05-09,3,Stage 3 Break Down,bf51d292-cab7-4885-ba9f-23eebb2ad1c8,Andre Wijaya,17,80.04,8,80.04,Open,B,A175473,MAJOR,,112.0622,112.0622,7.7443,16.27,18,0,8,2,0,0,0,0,,,
356a42c1-7566-4dc8-a116-e2a6e28af842,Thunder Tactical Shooters USPSA Match 09MAY2026,2026-05-09,3,Stage 3 Break Down,bf51d292-cab7-4885-ba9f-23eebb2ad1c8,Alex Goben,18,77.81,4,83.45,Carry Optics,A,L5929,MINOR,,116.8247,108.9337,7.5281,17.80,25,0,3,0,0,0,0,0,,,
356a42c1-7566-4dc8-a116-e2a6e28af842,Thunder Tactical Shooters USPSA Match 09MAY2026,2026-05-09,3,Stage 3 Break Down,bf51d292-cab7-4885-ba9f-23eebb2ad1c8,Phil Truong,19,77.25,9,77.25,Open,B,FY128600,MINOR,,108.1538,108.1538,7.4742,15.52,19,0,6,3,0,0,0,0,,,
356a42c1-7566-4dc8-a116-e2a6e28af842,Thunder Tactical Shooters USPSA Match 09MAY2026,2026-05-09,3,Stage 3 Break Down,bf51d292-cab7-4885-ba9f-23eebb2ad1c8,Ivan Velazquez,20,77.08,5,82.66,Carry Optics,A,A108486,MINOR,,115.7306,107.9136,7.4576,17.70,24,0,4,0,0,0,0,0,,,
356a42c1-7566-4dc8-a116-e2a6e28af842,Thunder Tactical Shooters USPSA Match 09MAY2026,2026-05-09,3,Stage 3 Break Down,bf51d292-cab7-4885-ba9f-23eebb2ad1c8,Seth Dickens,21,76.35,6,81.88,Carry Optics,C,A165855,MINOR,,114.6304,106.8876,7.3867,16.11,24,0,3,0,1,0,0,0,,,
356a42c1-7566-4dc8-a116-e2a6e28af842,Thunder Tactical Shooters USPSA Match 09MAY2026,2026-05-09,3,Stage 3 Break Down,bf51d292-cab7-4885-ba9f-23eebb2ad1c8,John Ren,22,75.88,7,81.38,Carry Optics,A,A168570,MINOR,,113.9289,106.2336,7.3415,17.98,24,0,4,0,0,0,0,0,,,
356a42c1-7566-4dc8-a116-e2a6e28af842,Thunder Tactical Shooters USPSA Match 09MAY2026,2026-05-09,3,Stage 3 Break Down,bf51d292-cab7-4885-ba9f-23eebb2ad1c8,Joshua Blume,23,75.17,8,80.62,Carry Optics,A,A148746,MINOR,,112.8613,105.2380,7.2727,17.05,20,0,8,0,0,0,0,0,,,
356a42c1-7566-4dc8-a116-e2a6e28af842,Thunder Tactical Shooters USPSA Match 09MAY2026,2026-05-09,3,Stage 3 Break Down,bf51d292-cab7-4885-ba9f-23eebb2ad1c8,Cade Horton,24,73.92,4,81.14,Limited Optics,U,A168751,MINOR,,113.5947,103.4857,7.1516,16.36,23,0,4,0,1,0,0,0,,,
356a42c1-7566-4dc8-a116-e2a6e28af842,Thunder Tactical Shooters USPSA Match 09MAY2026,2026-05-09,3,Stage 3 Break Down,bf51d292-cab7-4885-ba9f-23eebb2ad1c8,james rogers,25,72.31,9,77.55,Carry Optics,A,A101402,MINOR,Law Enforcement,108.5689,101.2356,6.9961,18.01,21,0,7,0,0,0,0,0,,,
356a42c1-7566-4dc8-a116-e2a6e28af842,Thunder Tactical Shooters USPSA Match 09MAY2026,2026-05-09,3,Stage 3 Break Down,bf51d292-cab7-4885-ba9f-23eebb2ad1c8,Steven McNamara,26,71.84,5,78.86,Limited Optics,B,A75212,MINOR,Senior,110.4084,100.5829,6.9510,18.99,24,0,4,0,0,0,0,0,,,
356a42c1-7566-4dc8-a116-e2a6e28af842,Thunder Tactical Shooters USPSA Match 09MAY2026,2026-05-09,3,Stage 3 Break Down,bf51d292-cab7-4885-ba9f-23eebb2ad1c8,Jorge Cahas,27,71.06,10,71.06,Open,B,F-44522,MAJOR,Senior,99.4832,99.4832,6.8750,19.20,20,0,8,0,0,0,0,0,,,
356a42c1-7566-4dc8-a116-e2a6e28af842,Thunder Tactical Shooters USPSA Match 09MAY2026,2026-05-09,3,Stage 3 Break Down,bf51d292-cab7-4885-ba9f-23eebb2ad1c8,John Osmena,28,70.84,11,70.84,Open,C,a158206,MINOR,,99.1764,99.1764,6.8538,15.32,18,0,8,1,1,0,0,0,,,
356a42c1-7566-4dc8-a116-e2a6e28af842,Thunder Tactical Shooters USPSA Match 09MAY2026,2026-05-09,3,Stage 3 Break Down,bf51d292-cab7-4885-ba9f-23eebb2ad1c8,Luke Brazil,29,69.68,10,74.73,Carry Optics,B,A176225,MINOR,,104.6194,97.5529,6.7416,17.80,19,0,8,1,0,0,0,0,,,
356a42c1-7566-4dc8-a116-e2a6e28af842,Thunder Tactical Shooters USPSA Match 09MAY2026,2026-05-09,3,Stage 3 Break Down,bf51d292-cab7-4885-ba9f-23eebb2ad1c8,Manny Nerona,30,69.22,6,75.98,Limited Optics,B,A69445,MINOR,,106.3755,96.9089,6.6971,19.71,24,0,4,0,0,0,0,0,,,
356a42c1-7566-4dc8-a116-e2a6e28af842,Thunder Tactical Shooters USPSA Match 09MAY2026,2026-05-09,3,Stage 3 Break Down,bf51d292-cab7-4885-ba9f-23eebb2ad1c8,Phyl Santos,31,68.86,7,75.59,Limited Optics,A,Bhhh,MINOR,,105.8244,96.4068,6.6624,15.76,18,0,8,1,1,0,0,0,,,
356a42c1-7566-4dc8-a116-e2a6e28af842,Thunder Tactical Shooters USPSA Match 09MAY2026,2026-05-09,3,Stage 3 Break Down,bf51d292-cab7-4885-ba9f-23eebb2ad1c8,Adriel Taylor,32,68.33,8,75.01,Limited Optics,U,X,MINOR,,105.0079,95.6630,6.6110,14.37,14,0,11,2,1,0,0,0,,,
356a42c1-7566-4dc8-a116-e2a6e28af842,Thunder Tactical Shooters USPSA Match 09MAY2026,2026-05-09,3,Stage 3 Break Down,bf51d292-cab7-4885-ba9f-23eebb2ad1c8,Mike Junco,33,67.77,12,67.77,Open,U,TY34819,MINOR,Senior; Law Enforcement,94.8730,94.8730,6.5564,17.54,22,0,5,0,1,0,0,0,,,
356a42c1-7566-4dc8-a116-e2a6e28af842,Thunder Tactical Shooters USPSA Match 09MAY2026,2026-05-09,3,Stage 3 Break Down,bf51d292-cab7-4885-ba9f-23eebb2ad1c8,Jerry Bedro,34,67.64,9,74.25,Limited Optics,B,A98263,MINOR,,103.9453,94.6950,6.5441,18.49,25,0,2,0,1,0,0,0,,,
356a42c1-7566-4dc8-a116-e2a6e28af842,Thunder Tactical Shooters USPSA Match 09MAY2026,2026-05-09,3,Stage 3 Break Down,bf51d292-cab7-4885-ba9f-23eebb2ad1c8,Saunders Arnold,35,65.42,4,70.31,PCC,U,L5609,MINOR,,98.4275,91.5839,6.3291,20.54,24,0,3,1,0,0,0,0,,,
356a42c1-7566-4dc8-a116-e2a6e28af842,Thunder Tactical Shooters USPSA Match 09MAY2026,2026-05-09,3,Stage 3 Break Down,bf51d292-cab7-4885-ba9f-23eebb2ad1c8,Matthew Lem,36,65.13,13,65.13,Open,U,A34763,MINOR,Senior; Law Enforcement,91.1845,91.1845,6.3015,20.63,23,0,5,0,0,0,0,0,,,
356a42c1-7566-4dc8-a116-e2a6e28af842,Thunder Tactical Shooters USPSA Match 09MAY2026,2026-05-09,3,Stage 3 Break Down,bf51d292-cab7-4885-ba9f-23eebb2ad1c8,Travis Edwards,37,64.88,10,71.21,Limited Optics,B,A107004,MINOR,,99.6980,90.8256,6.2767,21.03,24,0,4,0,0,0,0,0,,,
356a42c1-7566-4dc8-a116-e2a6e28af842,Thunder Tactical Shooters USPSA Match 09MAY2026,2026-05-09,3,Stage 3 Break Down,bf51d292-cab7-4885-ba9f-23eebb2ad1c8,chris bulkley,38,63.26,11,67.84,Carry Optics,B,A159469,MINOR,,94.9809,88.5654,6.1205,21.24,23,0,5,0,0,0,0,0,,,
356a42c1-7566-4dc8-a116-e2a6e28af842,Thunder Tactical Shooters USPSA Match 09MAY2026,2026-05-09,3,Stage 3 Break Down,bf51d292-cab7-4885-ba9f-23eebb2ad1c8,Sean Finnerty,39,62.97,12,67.54,Carry Optics,C,A166724,MINOR,,94.5495,88.1631,6.0927,22.65,27,0,1,0,0,0,0,0,,,
356a42c1-7566-4dc8-a116-e2a6e28af842,Thunder Tactical Shooters USPSA Match 09MAY2026,2026-05-09,3,Stage 3 Break Down,bf51d292-cab7-4885-ba9f-23eebb2ad1c8,David Zhang,40,62.77,11,68.90,Limited Optics,A,FY140383,MINOR,,96.4577,87.8737,6.0727,20.09,19,0,9,0,0,0,0,0,,,
356a42c1-7566-4dc8-a116-e2a6e28af842,Thunder Tactical Shooters USPSA Match 09MAY2026,2026-05-09,3,Stage 3 Break Down,bf51d292-cab7-4885-ba9f-23eebb2ad1c8,Zachary Deason,41,61.88,12,67.92,Limited Optics,U,A172975,MINOR,,95.0885,86.6264,5.9865,19.21,22,0,5,0,1,0,0,0,,,
356a42c1-7566-4dc8-a116-e2a6e28af842,Thunder Tactical Shooters USPSA Match 09MAY2026,2026-05-09,3,Stage 3 Break Down,bf51d292-cab7-4885-ba9f-23eebb2ad1c8,Kevin Baker,42,61.49,13,67.50,Limited Optics,C,A95439,MINOR,Senior,94.4992,86.0895,5.9494,20.17,19,0,8,1,0,0,0,0,,,
356a42c1-7566-4dc8-a116-e2a6e28af842,Thunder Tactical Shooters USPSA Match 09MAY2026,2026-05-09,3,Stage 3 Break Down,bf51d292-cab7-4885-ba9f-23eebb2ad1c8,Byron McGowen,43,61.37,14,61.37,Open,D,A159731,MAJOR,Military,85.9173,85.9173,5.9375,22.40,23,0,4,1,0,0,0,0,,,
356a42c1-7566-4dc8-a116-e2a6e28af842,Thunder Tactical Shooters USPSA Match 09MAY2026,2026-05-09,3,Stage 3 Break Down,bf51d292-cab7-4885-ba9f-23eebb2ad1c8,Taylor Latham,44,61.28,1,100.00,Limited,B,TY39841,MINOR,Super Senior,140.0000,85.7871,5.9285,22.94,26,0,2,0,0,0,0,0,,,
356a42c1-7566-4dc8-a116-e2a6e28af842,Thunder Tactical Shooters USPSA Match 09MAY2026,2026-05-09,3,Stage 3 Break Down,bf51d292-cab7-4885-ba9f-23eebb2ad1c8,Josh Vickers,45,59.88,2,97.71,Limited,U,A168865,MINOR,,136.8002,83.8264,5.7930,21.06,20,0,7,1,0,0,0,0,,,
356a42c1-7566-4dc8-a116-e2a6e28af842,Thunder Tactical Shooters USPSA Match 09MAY2026,2026-05-09,3,Stage 3 Break Down,bf51d292-cab7-4885-ba9f-23eebb2ad1c8,reid little,46,59.60,15,59.60,Open,U,A182187,MINOR,,83.4400,83.4400,5.7663,19.77,21,0,6,1,0,0,0,1,,,
356a42c1-7566-4dc8-a116-e2a6e28af842,Thunder Tactical Shooters USPSA Match 09MAY2026,2026-05-09,3,Stage 3 Break Down,bf51d292-cab7-4885-ba9f-23eebb2ad1c8,Michael Pontious,47,59.44,14,65.25,Limited Optics,B,A94575,MINOR,Super Senior,91.3479,83.2186,5.7510,17.91,16,0,11,0,1,0,0,0,,,
356a42c1-7566-4dc8-a116-e2a6e28af842,Thunder Tactical Shooters USPSA Match 09MAY2026,2026-05-09,3,Stage 3 Break Down,bf51d292-cab7-4885-ba9f-23eebb2ad1c8,Glen Kruger,48,59.38,13,63.68,Carry Optics,U,A171162,MINOR,Senior,89.1490,83.1274,5.7447,18.80,17,0,11,0,0,0,1,0,,,
356a42c1-7566-4dc8-a116-e2a6e28af842,Thunder Tactical Shooters USPSA Match 09MAY2026,2026-05-09,3,Stage 3 Break Down,bf51d292-cab7-4885-ba9f-23eebb2ad1c8,Daniell Gianelloni,49,59.01,16,59.01,Open,U,FY134287,MINOR,Law Enforcement,82.6152,82.6152,5.7093,23.12,24,0,4,0,0,0,0,0,,,
356a42c1-7566-4dc8-a116-e2a6e28af842,Thunder Tactical Shooters USPSA Match 09MAY2026,2026-05-09,3,Stage 3 Break Down,bf51d292-cab7-4885-ba9f-23eebb2ad1c8,Jesse Rincon,50,58.63,14,62.88,Carry Optics,U,A177758,MINOR,,88.0286,82.0827,5.6725,23.27,24,0,4,0,0,0,0,0,,,
356a42c1-7566-4dc8-a116-e2a6e28af842,Thunder Tactical Shooters USPSA Match 09MAY2026,2026-05-09,3,Stage 3 Break Down,bf51d292-cab7-4885-ba9f-23eebb2ad1c8,Harlan Chen,51,57.89,15,63.55,Limited Optics,B,A163292,MINOR,,88.9700,81.0524,5.6013,24.28,26,0,2,0,0,0,0,0,,,
356a42c1-7566-4dc8-a116-e2a6e28af842,Thunder Tactical Shooters USPSA Match 09MAY2026,2026-05-09,3,Stage 3 Break Down,bf51d292-cab7-4885-ba9f-23eebb2ad1c8,James Berry,52,57.65,15,61.83,Carry Optics,U,A174774,MINOR,,86.5574,80.7109,5.5777,22.59,22,0,5,1,0,0,0,0,,,
356a42c1-7566-4dc8-a116-e2a6e28af842,Thunder Tactical Shooters USPSA Match 09MAY2026,2026-05-09,3,Stage 3 Break Down,bf51d292-cab7-4885-ba9f-23eebb2ad1c8,Eric Mccampbell,53,57.14,3,93.25,Limited,B,A14332,MAJOR,Senior,130.5494,79.9961,5.5283,24.42,23,0,5,0,0,0,0,0,,,
356a42c1-7566-4dc8-a116-e2a6e28af842,Thunder Tactical Shooters USPSA Match 09MAY2026,2026-05-09,3,Stage 3 Break Down,bf51d292-cab7-4885-ba9f-23eebb2ad1c8,Bryant Moorefield,54,56.77,16,62.31,Limited Optics,U,A176823,MINOR,,87.2355,79.4722,5.4921,18.39,17,0,8,2,1,0,0,0,,,
356a42c1-7566-4dc8-a116-e2a6e28af842,Thunder Tactical Shooters USPSA Match 09MAY2026,2026-05-09,3,Stage 3 Break Down,bf51d292-cab7-4885-ba9f-23eebb2ad1c8,Coder Wang,55,54.51,5,58.58,PCC,B,A170259,MINOR,,82.0113,76.3090,5.2735,20.29,18,0,9,0,1,0,0,0,,,
356a42c1-7566-4dc8-a116-e2a6e28af842,Thunder Tactical Shooters USPSA Match 09MAY2026,2026-05-09,3,Stage 3 Break Down,bf51d292-cab7-4885-ba9f-23eebb2ad1c8,Napoleon Lewis,56,54.32,17,54.32,Open,U,A154149,MINOR,Senior; Military,76.0544,76.0544,5.2559,21.88,22,0,5,0,1,0,0,0,,,
356a42c1-7566-4dc8-a116-e2a6e28af842,Thunder Tactical Shooters USPSA Match 09MAY2026,2026-05-09,3,Stage 3 Break Down,bf51d292-cab7-4885-ba9f-23eebb2ad1c8,Waltz Noguerra,57,53.30,16,57.16,Carry Optics,C,A137731,MINOR,Senior,80.0180,74.6131,5.1563,19.20,17,0,7,3,1,0,0,0,,,
356a42c1-7566-4dc8-a116-e2a6e28af842,Thunder Tactical Shooters USPSA Match 09MAY2026,2026-05-09,3,Stage 3 Break Down,bf51d292-cab7-4885-ba9f-23eebb2ad1c8,FRANCIS NGUYEN,58,52.09,17,57.18,Limited Optics,B,A169979,MINOR,,80.0545,72.9302,5.0400,25.00,21,0,7,0,0,0,0,0,,,
356a42c1-7566-4dc8-a116-e2a6e28af842,Thunder Tactical Shooters USPSA Match 09MAY2026,2026-05-09,3,Stage 3 Break Down,bf51d292-cab7-4885-ba9f-23eebb2ad1c8,Tommy Teas,59,51.95,4,84.78,Limited,B,FY2227,MAJOR,Super Senior,118.6948,72.7320,5.0263,24.67,14,0,13,1,0,0,0,0,,,
356a42c1-7566-4dc8-a116-e2a6e28af842,Thunder Tactical Shooters USPSA Match 09MAY2026,2026-05-09,3,Stage 3 Break Down,bf51d292-cab7-4885-ba9f-23eebb2ad1c8,Andrew Malcolm,60,50.48,17,54.13,Carry Optics,B,A169439,MINOR,,75.7845,70.6656,4.8835,22.32,19,0,8,0,1,0,0,0,,,
356a42c1-7566-4dc8-a116-e2a6e28af842,Thunder Tactical Shooters USPSA Match 09MAY2026,2026-05-09,3,Stage 3 Break Down,bf51d292-cab7-4885-ba9f-23eebb2ad1c8,Mark Tutt,61,49.80,18,49.80,Open,U,A175310,MINOR,Military,69.7164,69.7164,4.8179,17.85,15,0,10,1,2,0,0,0,,,
356a42c1-7566-4dc8-a116-e2a6e28af842,Thunder Tactical Shooters USPSA Match 09MAY2026,2026-05-09,3,Stage 3 Break Down,bf51d292-cab7-4885-ba9f-23eebb2ad1c8,Joseph Wilkie,62,48.77,18,52.31,Carry Optics,C,A166735,MINOR,,73.2302,68.2838,4.7189,19.92,18,0,8,0,2,0,0,0,,,
356a42c1-7566-4dc8-a116-e2a6e28af842,Thunder Tactical Shooters USPSA Match 09MAY2026,2026-05-09,3,Stage 3 Break Down,bf51d292-cab7-4885-ba9f-23eebb2ad1c8,Charles Spears,63,48.73,19,52.26,Carry Optics,B,A164017,MINOR,,73.1572,68.2158,4.7142,16.97,16,0,10,0,2,0,1,0,,,
356a42c1-7566-4dc8-a116-e2a6e28af842,Thunder Tactical Shooters USPSA Match 09MAY2026,2026-05-09,3,Stage 3 Break Down,bf51d292-cab7-4885-ba9f-23eebb2ad1c8,Kit Bong Morales,64,46.60,18,51.15,Limited Optics,D,A57907,MINOR,Senior,71.6074,65.2349,4.5082,24.40,16,0,9,3,0,0,0,0,,,
356a42c1-7566-4dc8-a116-e2a6e28af842,Thunder Tactical Shooters USPSA Match 09MAY2026,2026-05-09,3,Stage 3 Break Down,bf51d292-cab7-4885-ba9f-23eebb2ad1c8,Theo Judice,65,45.94,19,50.42,Limited Optics,U,A174771,MINOR,,70.5941,64.3117,4.4444,24.30,19,0,7,2,0,0,0,1,,,
356a42c1-7566-4dc8-a116-e2a6e28af842,Thunder Tactical Shooters USPSA Match 09MAY2026,2026-05-09,3,Stage 3 Break Down,bf51d292-cab7-4885-ba9f-23eebb2ad1c8,Grant Tucek,66,44.82,20,48.06,Carry Optics,U,A162865,MINOR,,67.2866,62.7417,4.3359,29.06,21,0,7,0,0,0,0,0,,,
356a42c1-7566-4dc8-a116-e2a6e28af842,Thunder Tactical Shooters USPSA Match 09MAY2026,2026-05-09,3,Stage 3 Break Down,bf51d292-cab7-4885-ba9f-23eebb2ad1c8,Christian Fling,67,44.71,20,49.07,Limited Optics,U,A179677,MINOR,Law Enforcement,68.7039,62.5898,4.3254,29.13,21,0,7,0,0,0,0,0,,,
356a42c1-7566-4dc8-a116-e2a6e28af842,Thunder Tactical Shooters USPSA Match 09MAY2026,2026-05-09,3,Stage 3 Break Down,bf51d292-cab7-4885-ba9f-23eebb2ad1c8,Dale Hamm,68,44.50,5,72.62,Limited,C,TY97196,MAJOR,Super Senior,101.6709,62.3004,4.3054,27.64,21,0,6,0,1,0,0,0,,,
356a42c1-7566-4dc8-a116-e2a6e28af842,Thunder Tactical Shooters USPSA Match 09MAY2026,2026-05-09,3,Stage 3 Break Down,bf51d292-cab7-4885-ba9f-23eebb2ad1c8,Joseph Pinkley,69,44.47,19,44.47,Open,U,Na,MINOR,,62.2570,62.2570,4.3024,24.87,19,0,7,1,1,0,0,0,,,
356a42c1-7566-4dc8-a116-e2a6e28af842,Thunder Tactical Shooters USPSA Match 09MAY2026,2026-05-09,3,Stage 3 Break Down,bf51d292-cab7-4885-ba9f-23eebb2ad1c8,Xingzheng Sun,70,44.39,21,47.61,Carry Optics,U,A182524,MINOR,Junior,66.6503,62.1484,4.2949,27.94,24,0,3,1,0,0,1,0,,,
356a42c1-7566-4dc8-a116-e2a6e28af842,Thunder Tactical Shooters USPSA Match 09MAY2026,2026-05-09,3,Stage 3 Break Down,bf51d292-cab7-4885-ba9f-23eebb2ad1c8,henry pham,71,43.26,22,46.40,Carry Optics,C,A171802,MINOR,,64.9557,60.5683,4.1857,30.58,22,0,6,0,0,0,0,0,,,
356a42c1-7566-4dc8-a116-e2a6e28af842,Thunder Tactical Shooters USPSA Match 09MAY2026,2026-05-09,3,Stage 3 Break Down,bf51d292-cab7-4885-ba9f-23eebb2ad1c8,Tony Sullivan,72,41.59,21,45.65,Limited Optics,U,A176593,MINOR,,63.9133,58.2255,4.0238,28.58,23,0,3,1,1,0,0,0,,,
356a42c1-7566-4dc8-a116-e2a6e28af842,Thunder Tactical Shooters USPSA Match 09MAY2026,2026-05-09,3,Stage 3 Break Down,bf51d292-cab7-4885-ba9f-23eebb2ad1c8,Joseph Reyes,73,40.90,23,43.86,Carry Optics,C,A127665,MINOR,Super Senior,61.4035,57.2560,3.9568,33.36,24,0,4,0,0,0,0,0,,,
356a42c1-7566-4dc8-a116-e2a6e28af842,Thunder Tactical Shooters USPSA Match 09MAY2026,2026-05-09,3,Stage 3 Break Down,bf51d292-cab7-4885-ba9f-23eebb2ad1c8,Todd Liscano,74,40.90,24,43.86,Carry Optics,U,A172140,MINOR,,61.4004,57.2531,3.9566,18.45,15,0,9,1,3,0,0,0,,,
356a42c1-7566-4dc8-a116-e2a6e28af842,Thunder Tactical Shooters USPSA Match 09MAY2026,2026-05-09,3,Stage 3 Break Down,bf51d292-cab7-4885-ba9f-23eebb2ad1c8,peter nguyen,75,40.84,22,44.83,Limited Optics,U,A143545,MINOR,,62.7665,57.1808,3.9516,33.91,25,0,3,0,0,0,0,0,,,
356a42c1-7566-4dc8-a116-e2a6e28af842,Thunder Tactical Shooters USPSA Match 09MAY2026,2026-05-09,3,Stage 3 Break Down,bf51d292-cab7-4885-ba9f-23eebb2ad1c8,Garth Plyler,76,39.93,1,100.00,Production,U,a174944,MINOR,,140.0000,55.9002,3.8631,27.18,18,0,8,1,1,0,0,0,,,
356a42c1-7566-4dc8-a116-e2a6e28af842,Thunder Tactical Shooters USPSA Match 09MAY2026,2026-05-09,3,Stage 3 Break Down,bf51d292-cab7-4885-ba9f-23eebb2ad1c8,John Thomas,77,38.47,2,96.36,Production,U,na,MINOR,,134.9010,53.8642,3.7224,21.76,20,0,3,2,3,0,0,0,,,
356a42c1-7566-4dc8-a116-e2a6e28af842,Thunder Tactical Shooters USPSA Match 09MAY2026,2026-05-09,3,Stage 3 Break Down,bf51d292-cab7-4885-ba9f-23eebb2ad1c8,Brett Hadley,78,35.51,20,35.51,Open,U,A179130,MINOR,,49.7098,49.7098,3.4353,37.26,23,0,4,1,0,0,0,0,,,
356a42c1-7566-4dc8-a116-e2a6e28af842,Thunder Tactical Shooters USPSA Match 09MAY2026,2026-05-09,3,Stage 3 Break Down,bf51d292-cab7-4885-ba9f-23eebb2ad1c8,Eric Cooper,79,33.51,1,100.00,Single Stack,C,A57512,MINOR,Super Senior,140.0000,46.9199,3.2425,34.85,21,0,6,0,1,0,0,0,,,
356a42c1-7566-4dc8-a116-e2a6e28af842,Thunder Tactical Shooters USPSA Match 09MAY2026,2026-05-09,3,Stage 3 Break Down,bf51d292-cab7-4885-ba9f-23eebb2ad1c8,Thomas Pinney,80,33.44,6,35.93,PCC,U,1234,MINOR,Super Senior,50.3078,46.8099,3.2349,38.95,26,0,2,0,0,0,0,1,,,
356a42c1-7566-4dc8-a116-e2a6e28af842,Thunder Tactical Shooters USPSA Match 09MAY2026,2026-05-09,3,Stage 3 Break Down,bf51d292-cab7-4885-ba9f-23eebb2ad1c8,Bob Purcell,81,32.65,23,35.84,Limited Optics,U,TY111994,MINOR,Super Senior,50.1770,45.7116,3.1590,38.62,22,0,3,3,0,0,0,0,,,
356a42c1-7566-4dc8-a116-e2a6e28af842,Thunder Tactical Shooters USPSA Match 09MAY2026,2026-05-09,3,Stage 3 Break Down,bf51d292-cab7-4885-ba9f-23eebb2ad1c8,Chris Oatman,82,31.61,25,33.90,Carry Optics,C,A169819,MINOR,,47.4540,44.2487,3.0579,27.47,18,0,8,0,2,0,1,0,,,
356a42c1-7566-4dc8-a116-e2a6e28af842,Thunder Tactical Shooters USPSA Match 09MAY2026,2026-05-09,3,Stage 3 Break Down,bf51d292-cab7-4885-ba9f-23eebb2ad1c8,Justin Wilkie,83,30.70,21,30.70,Open,D,A172037,MINOR,,42.9854,42.9854,2.9706,34.00,20,0,7,0,1,0,1,0,,,
356a42c1-7566-4dc8-a116-e2a6e28af842,Thunder Tactical Shooters USPSA Match 09MAY2026,2026-05-09,3,Stage 3 Break Down,bf51d292-cab7-4885-ba9f-23eebb2ad1c8,Noah Wilkie,84,30.17,6,49.23,Limited,U,A182163,MINOR,,68.9243,42.2344,2.9187,35.29,16,0,11,0,1,0,0,0,,,
356a42c1-7566-4dc8-a116-e2a6e28af842,Thunder Tactical Shooters USPSA Match 09MAY2026,2026-05-09,3,Stage 3 Break Down,bf51d292-cab7-4885-ba9f-23eebb2ad1c8,Ron Plesko,85,29.37,26,31.50,Carry Optics,D,TY138017,MINOR,Super Senior,44.1020,41.1231,2.8419,41.17,23,0,4,0,1,0,0,0,,,
356a42c1-7566-4dc8-a116-e2a6e28af842,Thunder Tactical Shooters USPSA Match 09MAY2026,2026-05-09,3,Stage 3 Break Down,bf51d292-cab7-4885-ba9f-23eebb2ad1c8,Merle Aber,86,26.42,27,28.34,Carry Optics,U,A182176,MINOR,,39.6699,36.9904,2.5563,46.16,19,0,7,2,0,0,0,0,,,
356a42c1-7566-4dc8-a116-e2a6e28af842,Thunder Tactical Shooters USPSA Match 09MAY2026,2026-05-09,3,Stage 3 Break Down,bf51d292-cab7-4885-ba9f-23eebb2ad1c8,Patrick Gilbert,87,22.09,3,55.32,Production,U,A153729,MINOR,,77.4492,30.9244,2.1371,27.14,14,0,9,1,4,0,0,0,,,
356a42c1-7566-4dc8-a116-e2a6e28af842,Thunder Tactical Shooters USPSA Match 09MAY2026,2026-05-09,3,Stage 3 Break Down,bf51d292-cab7-4885-ba9f-23eebb2ad1c8,Yul Kwan,88,20.99,22,20.99,Open,C,A156984,MAJOR,Senior,29.3819,29.3819,2.0305,59.59,23,0,4,0,1,0,0,0,,,
356a42c1-7566-4dc8-a116-e2a6e28af842,Thunder Tactical Shooters USPSA Match 09MAY2026,2026-05-09,3,Stage 3 Break Down,bf51d292-cab7-4885-ba9f-23eebb2ad1c8,Kyle Poole,89,18.72,7,30.55,Limited,U,A182134,MINOR,,42.7639,26.2042,1.8109,24.85,13,0,10,0,5,0,0,0,,,
356a42c1-7566-4dc8-a116-e2a6e28af842,Thunder Tactical Shooters USPSA Match 09MAY2026,2026-05-09,3,Stage 3 Break Down,bf51d292-cab7-4885-ba9f-23eebb2ad1c8,Chris Ballard,90,13.16,24,14.44,Limited Optics,D,A178189,MINOR,,20.2185,18.4192,1.2729,32.21,21,0,2,0,5,0,0,2,,,
356a42c1-7566-4dc8-a116-e2a6e28af842,Thunder Tactical Shooters USPSA Match 09MAY2026,2026-05-09,3,Stage 3 Break Down,bf51d292-cab7-4885-ba9f-23eebb2ad1c8,Luke Crawford,91,0.00,7,0.00,PCC,U,A166717,MINOR,Law Enforcement,0.0000,0.0000,,,,,×0.22 (worst),×0.44 (worst),×1.67 (worst),,×1.11 (worst),,,15.55 (worst),
356a42c1-7566-4dc8-a116-e2a6e28af842,Thunder Tactical Shooters USPSA Match 09MAY2026,2026-05-09,3,Stage 3 Break Down,bf51d292-cab7-4885-ba9f-23eebb2ad1c8,Jeno Fredericks,92,0.00,23,0.00,Open,U,A177910,MINOR,,0.0000,0.0000,,,,,×0.21 (worst),×0.41 (worst),×1.55 (worst),,×1.03 (worst),,,14.47 (worst),
356a42c1-7566-4dc8-a116-e2a6e28af842,Thunder Tactical Shooters USPSA Match 09MAY2026,2026-05-09,3,Stage 3 Break Down,bf51d292-cab7-4885-ba9f-23eebb2ad1c8,Bruce Lamb,93,0.00,24,0.00,Open,A,L-997,MINOR,Super Senior,0.0000,0.0000,,,,,×0.21 (worst),×0.41 (worst),×1.55 (worst),,×1.03 (worst),,,14.47 (worst),
356a42c1-7566-4dc8-a116-e2a6e28af842,Thunder Tactical Shooters USPSA Match 09MAY2026,2026-05-09,3,Stage 3 Break Down,bf51d292-cab7-4885-ba9f-23eebb2ad1c8,TJ Middleton,94,0.00,8,0.00,PCC,C,TY171913,MINOR,,0.0000,0.0000,,,,,×0.22 (worst),×0.44 (worst),×1.67 (worst),,×1.11 (worst),,,15.55 (worst),
356a42c1-7566-4dc8-a116-e2a6e28af842,Thunder Tactical Shooters USPSA Match 09MAY2026,2026-05-09,3,Stage 3 Break Down,bf51d292-cab7-4885-ba9f-23eebb2ad1c8,Angel Velazquez,95,0.00,28,0.00,Carry Optics,X,A115894,MINOR,,0.0000,0.0000,,,,,×0.22 (worst),×0.44 (worst),×1.66 (worst),,×1.11 (worst),,,15.52 (worst),
356a42c1-7566-4dc8-a116-e2a6e28af842,Thunder Tactical Shooters USPSA Match 09MAY2026,2026-05-09,3,Stage 3 Break Down,bf51d292-cab7-4885-ba9f-23eebb2ad1c8,ian loyd,96,0.00,29,0.00,Carry Optics,U,A148072,MINOR,,0.0000,0.0000,,,,,×0.22 (worst),×0.44 (worst),×1.66 (worst),,×1.11 (worst),,,15.52 (worst),
356a42c1-7566-4dc8-a116-e2a6e28af842,Thunder Tactical Shooters USPSA Match 09MAY2026,2026-05-09,4,Steeler Standards,ab04ccc8-cdcd-4803-a92e-9a5adc0192c7,Ulrick Fong,1,100.00,1,100.00,PCC,A,A170351,MINOR,Senior,100.0000,100.0000,6.7433,,14,0,6,0,0,0,0,0,,,"[5.38, 4.91, 2.76]"
356a42c1-7566-4dc8-a116-e2a6e28af842,Thunder Tactical Shooters USPSA Match 09MAY2026,2026-05-09,4,Steeler Standards,ab04ccc8-cdcd-4803-a92e-9a5adc0192c7,Coder Wang,2,91.12,2,91.12,PCC,B,A170259,MINOR,,91.1186,91.1186,6.1444,,17,0,1,2,0,0,0,1,,,"[5.14, 5.60, 2.28]"
356a42c1-7566-4dc8-a116-e2a6e28af842,Thunder Tactical Shooters USPSA Match 09MAY2026,2026-05-09,4,Steeler Standards,ab04ccc8-cdcd-4803-a92e-9a5adc0192c7,Paul Torre,3,85.52,3,85.52,PCC,U,Ty88028,MINOR,Law Enforcement,85.5219,85.5219,5.7670,,20,0,0,0,0,0,0,0,,,"[6.73, 6.63, 3.98]"
356a42c1-7566-4dc8-a116-e2a6e28af842,Thunder Tactical Shooters USPSA Match 09MAY2026,2026-05-09,4,Steeler Standards,ab04ccc8-cdcd-4803-a92e-9a5adc0192c7,FRANCIS NGUYEN,4,82.23,1,100.00,Limited Optics,B,A169979,MINOR,,100.0000,82.2313,5.5451,,15,0,4,1,0,0,0,0,,,"[5.41, 6.00, 4.46]"
356a42c1-7566-4dc8-a116-e2a6e28af842,Thunder Tactical Shooters USPSA Match 09MAY2026,2026-05-09,4,Steeler Standards,ab04ccc8-cdcd-4803-a92e-9a5adc0192c7,Ryan Jaw,5,80.49,1,100.00,Open,U,Ty142907,MAJOR,,100.0000,80.4903,5.4277,,12,0,8,0,0,0,0,0,,,"[5.46, 6.14, 5.35]"
356a42c1-7566-4dc8-a116-e2a6e28af842,Thunder Tactical Shooters USPSA Match 09MAY2026,2026-05-09,4,Steeler Standards,ab04ccc8-cdcd-4803-a92e-9a5adc0192c7,Saunders Arnold,6,80.37,4,80.37,PCC,U,L5609,MINOR,,80.3672,80.3672,5.4194,,14,0,4,2,0,0,0,0,,,"[6.09, 5.79, 3.62]"
356a42c1-7566-4dc8-a116-e2a6e28af842,Thunder Tactical Shooters USPSA Match 09MAY2026,2026-05-09,4,Steeler Standards,ab04ccc8-cdcd-4803-a92e-9a5adc0192c7,Joshua Blume,7,79.87,1,100.00,Carry Optics,A,A148746,MINOR,,100.0000,79.8719,5.3860,,15,0,5,0,0,0,0,0,,,"[6.53, 6.29, 3.89]"
356a42c1-7566-4dc8-a116-e2a6e28af842,Thunder Tactical Shooters USPSA Match 09MAY2026,2026-05-09,4,Steeler Standards,ab04ccc8-cdcd-4803-a92e-9a5adc0192c7,Mike Junco,8,79.44,2,98.70,Open,U,TY34819,MINOR,Senior; Law Enforcement,98.6993,79.4433,5.3571,,15,0,5,0,0,0,0,0,,,"[6.55, 6.35, 3.90]"
356a42c1-7566-4dc8-a116-e2a6e28af842,Thunder Tactical Shooters USPSA Match 09MAY2026,2026-05-09,4,Steeler Standards,ab04ccc8-cdcd-4803-a92e-9a5adc0192c7,Ivan Velazquez,9,77.42,2,96.93,Carry Optics,A,A108486,MINOR,,96.9291,77.4191,5.2206,,12,0,8,0,0,0,0,0,,,"[6.07, 5.74, 4.28]"
356a42c1-7566-4dc8-a116-e2a6e28af842,Thunder Tactical Shooters USPSA Match 09MAY2026,2026-05-09,4,Steeler Standards,ab04ccc8-cdcd-4803-a92e-9a5adc0192c7,james rogers,10,76.88,3,96.26,Carry Optics,A,A101402,MINOR,Law Enforcement,96.2551,76.8808,5.1843,,16,0,3,1,0,0,0,0,,,"[6.12, 6.76, 4.48]"
356a42c1-7566-4dc8-a116-e2a6e28af842,Thunder Tactical Shooters USPSA Match 09MAY2026,2026-05-09,4,Steeler Standards,ab04ccc8-cdcd-4803-a92e-9a5adc0192c7,Anthony Fong,11,76.87,3,95.51,Open,M,A142224,MINOR,,95.5064,76.8733,5.1838,,14,0,5,1,0,0,0,0,,,"[5.93, 6.16, 4.50]"
356a42c1-7566-4dc8-a116-e2a6e28af842,Thunder Tactical Shooters USPSA Match 09MAY2026,2026-05-09,4,Steeler Standards,ab04ccc8-cdcd-4803-a92e-9a5adc0192c7,Jose Onia,12,76.27,2,92.75,Limited Optics,M,A134359,MINOR,,92.7522,76.2713,5.1432,,14,0,6,0,0,0,0,0,,,"[5.38, 5.73, 6.00]"
356a42c1-7566-4dc8-a116-e2a6e28af842,Thunder Tactical Shooters USPSA Match 09MAY2026,2026-05-09,4,Steeler Standards,ab04ccc8-cdcd-4803-a92e-9a5adc0192c7,Robert Strong,13,74.97,5,74.97,PCC,M,TY135331,MINOR,,74.9707,74.9707,5.0555,,13,0,5,2,0,0,0,0,,,"[7.33, 5.57, 3.32]"
356a42c1-7566-4dc8-a116-e2a6e28af842,Thunder Tactical Shooters USPSA Match 09MAY2026,2026-05-09,4,Steeler Standards,ab04ccc8-cdcd-4803-a92e-9a5adc0192c7,Anthony Giuliano,14,72.76,4,91.10,Carry Optics,M,A152263,MINOR,Law Enforcement,91.1010,72.7641,4.9067,,17,0,2,1,0,0,0,0,,,"[6.83, 7.17, 4.75]"
356a42c1-7566-4dc8-a116-e2a6e28af842,Thunder Tactical Shooters USPSA Match 09MAY2026,2026-05-09,4,Steeler Standards,ab04ccc8-cdcd-4803-a92e-9a5adc0192c7,Jesse Rincon,15,70.41,5,88.15,Carry Optics,U,A177758,MINOR,,88.1508,70.4077,4.7478,,18,0,2,0,0,0,0,0,,,"[7.42, 7.76, 5.04]"
356a42c1-7566-4dc8-a116-e2a6e28af842,Thunder Tactical Shooters USPSA Match 09MAY2026,2026-05-09,4,Steeler Standards,ab04ccc8-cdcd-4803-a92e-9a5adc0192c7,Steven McNamara,16,70.37,3,85.57,Limited Optics,B,A75212,MINOR,Senior,85.5728,70.3676,4.7451,,17,0,3,0,0,0,0,0,,,"[6.73, 8.23, 4.85]"
356a42c1-7566-4dc8-a116-e2a6e28af842,Thunder Tactical Shooters USPSA Match 09MAY2026,2026-05-09,4,Steeler Standards,ab04ccc8-cdcd-4803-a92e-9a5adc0192c7,Jorge Cahas,17,69.15,4,85.91,Open,B,F-44522,MAJOR,Senior,85.9148,69.1531,4.6632,,15,0,4,0,1,0,0,0,,,"[6.02, 6.67, 4.68]"
356a42c1-7566-4dc8-a116-e2a6e28af842,Thunder Tactical Shooters USPSA Match 09MAY2026,2026-05-09,4,Steeler Standards,ab04ccc8-cdcd-4803-a92e-9a5adc0192c7,Luke Brazil,18,68.87,6,86.22,Carry Optics,B,A176225,MINOR,,86.2198,68.8654,4.6438,,15,0,4,1,0,0,0,0,,,"[6.43, 7.67, 4.85]"
356a42c1-7566-4dc8-a116-e2a6e28af842,Thunder Tactical Shooters USPSA Match 09MAY2026,2026-05-09,4,Steeler Standards,ab04ccc8-cdcd-4803-a92e-9a5adc0192c7,Phillip Nguyen,19,68.36,4,83.13,Limited Optics,M,TY152423,MINOR,,83.1311,68.3597,4.6097,,15,0,3,1,1,0,0,0,,,"[5.46, 6.33, 4.48]"
356a42c1-7566-4dc8-a116-e2a6e28af842,Thunder Tactical Shooters USPSA Match 09MAY2026,2026-05-09,4,Steeler Standards,ab04ccc8-cdcd-4803-a92e-9a5adc0192c7,Thomas Pinney,20,67.34,6,67.34,PCC,U,1234,MINOR,Super Senior,67.3439,67.3439,4.5412,,18,0,2,0,0,0,0,0,,,"[9.23, 8.99, 2.92]"
356a42c1-7566-4dc8-a116-e2a6e28af842,Thunder Tactical Shooters USPSA Match 09MAY2026,2026-05-09,4,Steeler Standards,ab04ccc8-cdcd-4803-a92e-9a5adc0192c7,Michael Pontious,21,67.16,5,81.68,Limited Optics,B,A94575,MINOR,Super Senior,81.6775,67.1644,4.5291,,15,0,4,1,0,0,0,0,,,"[6.82, 7.06, 5.55]"
356a42c1-7566-4dc8-a116-e2a6e28af842,Thunder Tactical Shooters USPSA Match 09MAY2026,2026-05-09,4,Steeler Standards,ab04ccc8-cdcd-4803-a92e-9a5adc0192c7,Olayemi Bakare,22,66.27,5,82.33,Open,A,A105300,MAJOR,,82.3314,66.2687,4.4687,,12,0,7,1,0,0,0,0,,,"[5.89, 8.01, 6.24]"
356a42c1-7566-4dc8-a116-e2a6e28af842,Thunder Tactical Shooters USPSA Match 09MAY2026,2026-05-09,4,Steeler Standards,ab04ccc8-cdcd-4803-a92e-9a5adc0192c7,Drew Yang,23,66.01,7,82.65,Carry Optics,A,FY138478,MINOR,,82.6457,66.0107,4.4513,,14,0,5,1,0,0,0,0,,,"[5.90, 7.14, 6.28]"
356a42c1-7566-4dc8-a116-e2a6e28af842,Thunder Tactical Shooters USPSA Match 09MAY2026,2026-05-09,4,Steeler Standards,ab04ccc8-cdcd-4803-a92e-9a5adc0192c7,Taylor Latham,24,65.71,1,100.00,Limited,B,TY39841,MINOR,Super Senior,100.0000,65.7097,4.4310,,14,0,6,0,0,0,0,0,,,"[7.77, 7.55, 4.54]"
356a42c1-7566-4dc8-a116-e2a6e28af842,Thunder Tactical Shooters USPSA Match 09MAY2026,2026-05-09,4,Steeler Standards,ab04ccc8-cdcd-4803-a92e-9a5adc0192c7,Phyl Santos,25,65.10,6,79.16,Limited Optics,A,Bhhh,MINOR,,79.1636,65.0972,4.3897,,14,0,3,3,0,0,0,0,,,"[5.60, 6.07, 7.01]"
356a42c1-7566-4dc8-a116-e2a6e28af842,Thunder Tactical Shooters USPSA Match 09MAY2026,2026-05-09,4,Steeler Standards,ab04ccc8-cdcd-4803-a92e-9a5adc0192c7,Matthew Lem,26,64.78,6,80.49,Open,U,A34763,MINOR,Senior; Law Enforcement,80.4853,64.7828,4.3685,,16,0,4,0,0,0,0,0,,,"[7.29, 7.95, 5.82]"
356a42c1-7566-4dc8-a116-e2a6e28af842,Thunder Tactical Shooters USPSA Match 09MAY2026,2026-05-09,4,Steeler Standards,ab04ccc8-cdcd-4803-a92e-9a5adc0192c7,Waltz Noguerra,27,63.62,8,79.66,Carry Optics,C,A137731,MINOR,Senior,79.6565,63.6232,4.2903,,17,0,3,0,0,0,0,0,,,"[7.33, 8.73, 5.85]"
356a42c1-7566-4dc8-a116-e2a6e28af842,Thunder Tactical Shooters USPSA Match 09MAY2026,2026-05-09,4,Steeler Standards,ab04ccc8-cdcd-4803-a92e-9a5adc0192c7,John Ren,28,63.23,9,79.16,Carry Optics,A,A168570,MINOR,,79.1645,63.2302,4.2638,,14,0,5,1,0,0,0,0,,,"[6.78, 6.97, 6.42]"
356a42c1-7566-4dc8-a116-e2a6e28af842,Thunder Tactical Shooters USPSA Match 09MAY2026,2026-05-09,4,Steeler Standards,ab04ccc8-cdcd-4803-a92e-9a5adc0192c7,David Zhang,29,61.64,7,74.96,Limited Optics,A,FY140383,MINOR,,74.9635,61.6434,4.1568,,15,0,4,1,0,0,0,0,,,"[6.77, 8.20, 6.20]"
356a42c1-7566-4dc8-a116-e2a6e28af842,Thunder Tactical Shooters USPSA Match 09MAY2026,2026-05-09,4,Steeler Standards,ab04ccc8-cdcd-4803-a92e-9a5adc0192c7,Will Goglas,30,60.95,7,75.73,Open,A,A154790,MAJOR,,75.7282,60.9538,4.1103,,17,0,0,2,1,0,0,0,,,"[7.31, 6.79, 5.12]"
356a42c1-7566-4dc8-a116-e2a6e28af842,Thunder Tactical Shooters USPSA Match 09MAY2026,2026-05-09,4,Steeler Standards,ab04ccc8-cdcd-4803-a92e-9a5adc0192c7,henry pham,31,60.16,10,75.32,Carry Optics,C,A171802,MINOR,,75.3175,60.1575,4.0566,,15,0,3,2,0,0,0,0,,,"[7.72, 6.70, 6.78]"
356a42c1-7566-4dc8-a116-e2a6e28af842,Thunder Tactical Shooters USPSA Match 09MAY2026,2026-05-09,4,Steeler Standards,ab04ccc8-cdcd-4803-a92e-9a5adc0192c7,Seth Dickens,32,59.96,11,75.07,Carry Optics,C,A165855,MINOR,,75.0668,59.9573,4.0431,,16,0,3,1,0,0,0,0,,,"[7.15, 8.70, 6.41]"
356a42c1-7566-4dc8-a116-e2a6e28af842,Thunder Tactical Shooters USPSA Match 09MAY2026,2026-05-09,4,Steeler Standards,ab04ccc8-cdcd-4803-a92e-9a5adc0192c7,Daniell Gianelloni,33,59.77,8,74.26,Open,U,FY134287,MINOR,Law Enforcement,74.2561,59.7690,4.0304,,12,0,6,1,1,0,0,0,,,"[5.89, 6.57, 4.66]"
356a42c1-7566-4dc8-a116-e2a6e28af842,Thunder Tactical Shooters USPSA Match 09MAY2026,2026-05-09,4,Steeler Standards,ab04ccc8-cdcd-4803-a92e-9a5adc0192c7,Adriel Taylor,34,59.32,8,72.14,Limited Optics,U,X,MINOR,,72.1358,59.3181,4.0000,,11,0,7,1,1,0,0,0,,,"[6.02, 6.42, 4.31]"
356a42c1-7566-4dc8-a116-e2a6e28af842,Thunder Tactical Shooters USPSA Match 09MAY2026,2026-05-09,4,Steeler Standards,ab04ccc8-cdcd-4803-a92e-9a5adc0192c7,Garrett Pressler,35,58.54,9,72.73,Open,U,A165603,MINOR,Junior,72.7269,58.5381,3.9474,,12,0,6,1,1,0,0,0,,,"[6.18, 6.59, 4.71]"
356a42c1-7566-4dc8-a116-e2a6e28af842,Thunder Tactical Shooters USPSA Match 09MAY2026,2026-05-09,4,Steeler Standards,ab04ccc8-cdcd-4803-a92e-9a5adc0192c7,Travis Edwards,36,58.26,9,70.84,Limited Optics,B,A107004,MINOR,,70.8445,58.2563,3.9284,,16,0,3,0,1,0,0,0,,,"[6.88, 7.25, 5.98]"
356a42c1-7566-4dc8-a116-e2a6e28af842,Thunder Tactical Shooters USPSA Match 09MAY2026,2026-05-09,4,Steeler Standards,ab04ccc8-cdcd-4803-a92e-9a5adc0192c7,chris bulkley,37,56.70,12,70.99,Carry Optics,B,A159469,MINOR,,70.9877,56.6992,3.8234,,12,0,7,0,1,0,0,0,,,"[6.62, 7.19, 4.76]"
356a42c1-7566-4dc8-a116-e2a6e28af842,Thunder Tactical Shooters USPSA Match 09MAY2026,2026-05-09,4,Steeler Standards,ab04ccc8-cdcd-4803-a92e-9a5adc0192c7,Napoleon Lewis,38,56.07,10,69.66,Open,U,A154149,MINOR,Senior; Military,69.6612,56.0705,3.7810,,18,0,2,0,0,0,0,0,,,"[8.07, 9.52, 7.80]"
356a42c1-7566-4dc8-a116-e2a6e28af842,Thunder Tactical Shooters USPSA Match 09MAY2026,2026-05-09,4,Steeler Standards,ab04ccc8-cdcd-4803-a92e-9a5adc0192c7,Andrew Malcolm,39,54.74,13,68.54,Carry Optics,B,A169439,MINOR,,68.5351,54.7403,3.6913,,15,0,4,1,0,0,0,0,,,"[8.22, 8.62, 7.00]"
356a42c1-7566-4dc8-a116-e2a6e28af842,Thunder Tactical Shooters USPSA Match 09MAY2026,2026-05-09,4,Steeler Standards,ab04ccc8-cdcd-4803-a92e-9a5adc0192c7,Alex Goben,40,54.18,14,67.83,Carry Optics,A,L5929,MINOR,,67.8277,54.1753,3.6532,,13,0,3,3,1,0,0,0,,,"[5.90, 6.75, 5.69]"
356a42c1-7566-4dc8-a116-e2a6e28af842,Thunder Tactical Shooters USPSA Match 09MAY2026,2026-05-09,4,Steeler Standards,ab04ccc8-cdcd-4803-a92e-9a5adc0192c7,John Osmena,41,54.01,11,67.10,Open,C,a158206,MINOR,,67.1039,54.0121,3.6422,,16,0,3,0,1,0,0,0,,,"[6.83, 7.08, 7.78]"
356a42c1-7566-4dc8-a116-e2a6e28af842,Thunder Tactical Shooters USPSA Match 09MAY2026,2026-05-09,4,Steeler Standards,ab04ccc8-cdcd-4803-a92e-9a5adc0192c7,Patrick Gilbert,42,53.38,1,100.00,Production,U,A153729,MINOR,,100.0000,53.3774,3.5994,,12,0,5,3,0,0,0,0,,,"[7.43, 9.18, 5.06]"
356a42c1-7566-4dc8-a116-e2a6e28af842,Thunder Tactical Shooters USPSA Match 09MAY2026,2026-05-09,4,Steeler Standards,ab04ccc8-cdcd-4803-a92e-9a5adc0192c7,Todd Liscano,43,53.32,15,66.76,Carry Optics,U,A172140,MINOR,,66.7601,53.3226,3.5957,,10,0,7,3,0,0,0,0,,,"[7.32, 7.38, 5.88]"
356a42c1-7566-4dc8-a116-e2a6e28af842,Thunder Tactical Shooters USPSA Match 09MAY2026,2026-05-09,4,Steeler Standards,ab04ccc8-cdcd-4803-a92e-9a5adc0192c7,Christian Fling,44,52.75,10,64.15,Limited Optics,U,A179677,MINOR,Law Enforcement,64.1467,52.7487,3.5570,,16,0,3,0,1,0,0,0,,,"[7.95, 9.00, 5.26]"
356a42c1-7566-4dc8-a116-e2a6e28af842,Thunder Tactical Shooters USPSA Match 09MAY2026,2026-05-09,4,Steeler Standards,ab04ccc8-cdcd-4803-a92e-9a5adc0192c7,Eric Mccampbell,45,52.24,2,79.49,Limited,B,A14332,MAJOR,Senior,79.4945,52.2356,3.5224,,13,0,5,1,1,0,0,0,,,"[7.20, 7.90, 6.76]"
356a42c1-7566-4dc8-a116-e2a6e28af842,Thunder Tactical Shooters USPSA Match 09MAY2026,2026-05-09,4,Steeler Standards,ab04ccc8-cdcd-4803-a92e-9a5adc0192c7,Andre Wijaya,46,51.78,12,64.33,Open,B,A175473,MAJOR,,64.3293,51.7788,3.4916,,11,0,7,1,1,0,0,0,,,"[6.42, 7.21, 7.85]"
356a42c1-7566-4dc8-a116-e2a6e28af842,Thunder Tactical Shooters USPSA Match 09MAY2026,2026-05-09,4,Steeler Standards,ab04ccc8-cdcd-4803-a92e-9a5adc0192c7,Dan Ausmus,47,50.98,13,63.34,Open,U,L6447,MINOR,,63.3362,50.9795,3.4377,,12,0,5,1,2,0,0,0,,,"[7.35, 5.15, 3.79]"
356a42c1-7566-4dc8-a116-e2a6e28af842,Thunder Tactical Shooters USPSA Match 09MAY2026,2026-05-09,4,Steeler Standards,ab04ccc8-cdcd-4803-a92e-9a5adc0192c7,Merle Aber,48,50.40,16,63.10,Carry Optics,U,A182176,MINOR,,63.1043,50.4026,3.3988,,15,0,5,0,0,0,0,0,,,"[9.91, 9.89, 6.68]"
356a42c1-7566-4dc8-a116-e2a6e28af842,Thunder Tactical Shooters USPSA Match 09MAY2026,2026-05-09,4,Steeler Standards,ab04ccc8-cdcd-4803-a92e-9a5adc0192c7,Cade Horton,49,50.12,11,60.95,Limited Optics,U,A168751,MINOR,,60.9547,50.1238,3.3800,,12,0,6,0,2,0,0,0,,,"[5.62, 6.33, 5.21]"
356a42c1-7566-4dc8-a116-e2a6e28af842,Thunder Tactical Shooters USPSA Match 09MAY2026,2026-05-09,4,Steeler Standards,ab04ccc8-cdcd-4803-a92e-9a5adc0192c7,Jim Havens,50,49.41,12,60.08,Limited Optics,M,a114636,MINOR,Senior,60.0837,49.4076,3.3317,,12,0,6,1,1,0,0,0,,,"[5.53, 7.00, 8.18]"
356a42c1-7566-4dc8-a116-e2a6e28af842,Thunder Tactical Shooters USPSA Match 09MAY2026,2026-05-09,4,Steeler Standards,ab04ccc8-cdcd-4803-a92e-9a5adc0192c7,Bryant Moorefield,51,49.28,13,59.93,Limited Optics,U,A176823,MINOR,,59.9322,49.2830,3.3233,,15,0,4,1,0,0,0,0,,,"[9.87, 9.42, 7.19]"
356a42c1-7566-4dc8-a116-e2a6e28af842,Thunder Tactical Shooters USPSA Match 09MAY2026,2026-05-09,4,Steeler Standards,ab04ccc8-cdcd-4803-a92e-9a5adc0192c7,Kevin Baker,52,48.05,14,58.43,Limited Optics,C,A95439,MINOR,Senior,58.4318,48.0492,3.2401,,13,0,6,0,1,0,0,0,,,"[7.09, 8.50, 6.94]"
356a42c1-7566-4dc8-a116-e2a6e28af842,Thunder Tactical Shooters USPSA Match 09MAY2026,2026-05-09,4,Steeler Standards,ab04ccc8-cdcd-4803-a92e-9a5adc0192c7,Kit Bong Morales,53,48.04,15,58.42,Limited Optics,D,A57907,MINOR,Senior,58.4209,48.0403,3.2395,,13,0,6,1,0,0,0,0,,,"[8.85, 9.59, 7.49]"
356a42c1-7566-4dc8-a116-e2a6e28af842,Thunder Tactical Shooters USPSA Match 09MAY2026,2026-05-09,4,Steeler Standards,ab04ccc8-cdcd-4803-a92e-9a5adc0192c7,Byron McGowen,54,46.51,14,57.79,Open,D,A159731,MAJOR,Military,57.7869,46.5128,3.1365,,16,0,2,0,2,0,0,0,,,"[7.42, 7.80, 6.46]"
356a42c1-7566-4dc8-a116-e2a6e28af842,Thunder Tactical Shooters USPSA Match 09MAY2026,2026-05-09,4,Steeler Standards,ab04ccc8-cdcd-4803-a92e-9a5adc0192c7,Harlan Chen,55,46.41,16,56.44,Limited Optics,B,A163292,MINOR,,56.4372,46.4090,3.1295,,10,0,8,1,1,0,0,0,,,"[6.79, 7.97, 6.01]"
356a42c1-7566-4dc8-a116-e2a6e28af842,Thunder Tactical Shooters USPSA Match 09MAY2026,2026-05-09,4,Steeler Standards,ab04ccc8-cdcd-4803-a92e-9a5adc0192c7,Garth Plyler,56,46.06,2,86.30,Production,U,a174944,MINOR,,86.2977,46.0635,3.1062,,10,0,9,0,1,0,0,0,,,"[7.56, 7.76, 6.25]"
356a42c1-7566-4dc8-a116-e2a6e28af842,Thunder Tactical Shooters USPSA Match 09MAY2026,2026-05-09,4,Steeler Standards,ab04ccc8-cdcd-4803-a92e-9a5adc0192c7,reid little,57,45.37,15,56.36,Open,U,A182187,MINOR,,56.3646,45.3680,3.0593,,15,0,3,0,2,0,0,0,,,"[7.71, 7.79, 5.42]"
356a42c1-7566-4dc8-a116-e2a6e28af842,Thunder Tactical Shooters USPSA Match 09MAY2026,2026-05-09,4,Steeler Standards,ab04ccc8-cdcd-4803-a92e-9a5adc0192c7,Joseph Pinkley,58,45.31,16,56.30,Open,U,Na,MINOR,,56.2982,45.3146,3.0557,,13,0,6,0,1,0,0,0,,,"[7.92, 8.57, 7.40]"
356a42c1-7566-4dc8-a116-e2a6e28af842,Thunder Tactical Shooters USPSA Match 09MAY2026,2026-05-09,4,Steeler Standards,ab04ccc8-cdcd-4803-a92e-9a5adc0192c7,Chris Ballard,59,45.24,17,55.01,Limited Optics,D,A178189,MINOR,,55.0143,45.2390,3.0506,,13,0,5,2,0,0,0,0,,,"[9.71, 10.32, 6.85]"
356a42c1-7566-4dc8-a116-e2a6e28af842,Thunder Tactical Shooters USPSA Match 09MAY2026,2026-05-09,4,Steeler Standards,ab04ccc8-cdcd-4803-a92e-9a5adc0192c7,John Thomas,60,44.40,3,83.18,Production,U,na,MINOR,,83.1805,44.3996,2.9940,,11,0,6,2,1,0,0,0,,,"[7.88, 8.41, 5.42]"
356a42c1-7566-4dc8-a116-e2a6e28af842,Thunder Tactical Shooters USPSA Match 09MAY2026,2026-05-09,4,Steeler Standards,ab04ccc8-cdcd-4803-a92e-9a5adc0192c7,Chris Oatman,61,42.70,17,53.46,Carry Optics,C,A169819,MINOR,,53.4590,42.6987,2.8793,,14,0,6,0,0,0,0,1,,,"[9.08, 8.94, 9.07]"
356a42c1-7566-4dc8-a116-e2a6e28af842,Thunder Tactical Shooters USPSA Match 09MAY2026,2026-05-09,4,Steeler Standards,ab04ccc8-cdcd-4803-a92e-9a5adc0192c7,Yul Kwan,62,42.50,17,52.81,Open,C,A156984,MAJOR,Senior,52.8069,42.5044,2.8662,,12,0,7,1,0,0,0,0,,,"[10.89, 11.94, 8.57]"
356a42c1-7566-4dc8-a116-e2a6e28af842,Thunder Tactical Shooters USPSA Match 09MAY2026,2026-05-09,4,Steeler Standards,ab04ccc8-cdcd-4803-a92e-9a5adc0192c7,Eric Cooper,63,42.15,1,100.00,Single Stack,C,A57512,MINOR,Super Senior,100.0000,42.1470,2.8421,,17,0,2,1,0,0,0,0,,,"[11.04, 13.00, 8.33]"
356a42c1-7566-4dc8-a116-e2a6e28af842,Thunder Tactical Shooters USPSA Match 09MAY2026,2026-05-09,4,Steeler Standards,ab04ccc8-cdcd-4803-a92e-9a5adc0192c7,Glen Kruger,64,41.50,18,51.96,Carry Optics,U,A171162,MINOR,Senior,51.9625,41.5034,2.7987,,10,0,7,1,2,0,0,0,,,"[6.41, 7.09, 5.08]"
356a42c1-7566-4dc8-a116-e2a6e28af842,Thunder Tactical Shooters USPSA Match 09MAY2026,2026-05-09,4,Steeler Standards,ab04ccc8-cdcd-4803-a92e-9a5adc0192c7,Joseph Reyes,65,40.06,19,50.16,Carry Optics,C,A127665,MINOR,Super Senior,50.1597,40.0635,2.7016,,11,0,6,2,1,0,0,0,,,"[7.51, 8.05, 8.50]"
356a42c1-7566-4dc8-a116-e2a6e28af842,Thunder Tactical Shooters USPSA Match 09MAY2026,2026-05-09,4,Steeler Standards,ab04ccc8-cdcd-4803-a92e-9a5adc0192c7,Xingzheng Sun,66,39.48,20,49.43,Carry Optics,U,A182524,MINOR,Junior,49.4319,39.4822,2.6624,,14,0,5,0,1,0,0,0,,,"[9.82, 10.96, 7.39]"
356a42c1-7566-4dc8-a116-e2a6e28af842,Thunder Tactical Shooters USPSA Match 09MAY2026,2026-05-09,4,Steeler Standards,ab04ccc8-cdcd-4803-a92e-9a5adc0192c7,Mark Tutt,67,38.75,18,48.14,Open,U,A175310,MINOR,Military,48.1438,38.7511,2.6131,,11,0,7,1,1,0,0,0,,,"[8.40, 8.47, 8.77]"
356a42c1-7566-4dc8-a116-e2a6e28af842,Thunder Tactical Shooters USPSA Match 09MAY2026,2026-05-09,4,Steeler Standards,ab04ccc8-cdcd-4803-a92e-9a5adc0192c7,Sean Finnerty,68,38.71,21,48.46,Carry Optics,C,A166724,MINOR,,48.4608,38.7066,2.6101,,16,0,1,1,2,0,0,0,,,"[7.48, 10.01, 7.03]"
356a42c1-7566-4dc8-a116-e2a6e28af842,Thunder Tactical Shooters USPSA Match 09MAY2026,2026-05-09,4,Steeler Standards,ab04ccc8-cdcd-4803-a92e-9a5adc0192c7,Josh Vickers,69,38.01,3,57.84,Limited,U,A168865,MINOR,,57.8447,38.0096,2.5631,,9,0,9,1,1,0,0,0,,,"[8.88, 9.60, 6.10]"
356a42c1-7566-4dc8-a116-e2a6e28af842,Thunder Tactical Shooters USPSA Match 09MAY2026,2026-05-09,4,Steeler Standards,ab04ccc8-cdcd-4803-a92e-9a5adc0192c7,Justin Wilkie,70,36.03,19,44.76,Open,D,A172037,MINOR,,44.7593,36.0269,2.4294,,11,0,8,1,0,0,0,0,,,"[10.95, 12.74, 9.24]"
356a42c1-7566-4dc8-a116-e2a6e28af842,Thunder Tactical Shooters USPSA Match 09MAY2026,2026-05-09,4,Steeler Standards,ab04ccc8-cdcd-4803-a92e-9a5adc0192c7,Charles Spears,71,35.72,22,44.72,Carry Optics,B,A164017,MINOR,,44.7196,35.7184,2.4086,,11,0,6,1,2,0,0,0,,,"[7.56, 8.29, 6.57]"
356a42c1-7566-4dc8-a116-e2a6e28af842,Thunder Tactical Shooters USPSA Match 09MAY2026,2026-05-09,4,Steeler Standards,ab04ccc8-cdcd-4803-a92e-9a5adc0192c7,Grant Tucek,72,34.60,23,43.33,Carry Optics,U,A162865,MINOR,,43.3253,34.6047,2.3335,,14,0,4,0,2,0,0,0,,,"[9.53, 8.83, 8.21]"
356a42c1-7566-4dc8-a116-e2a6e28af842,Thunder Tactical Shooters USPSA Match 09MAY2026,2026-05-09,4,Steeler Standards,ab04ccc8-cdcd-4803-a92e-9a5adc0192c7,James Berry,73,33.67,24,42.16,Carry Optics,U,A174774,MINOR,,42.1612,33.6749,2.2708,,11,0,6,1,2,0,0,0,,,"[7.88, 9.45, 6.45]"
356a42c1-7566-4dc8-a116-e2a6e28af842,Thunder Tactical Shooters USPSA Match 09MAY2026,2026-05-09,4,Steeler Standards,ab04ccc8-cdcd-4803-a92e-9a5adc0192c7,Theo Judice,74,32.74,18,39.81,Limited Optics,U,A174771,MINOR,,39.8135,32.7392,2.2077,,15,0,3,0,2,0,0,0,,,"[10.51, 11.75, 6.73]"
356a42c1-7566-4dc8-a116-e2a6e28af842,Thunder Tactical Shooters USPSA Match 09MAY2026,2026-05-09,4,Steeler Standards,ab04ccc8-cdcd-4803-a92e-9a5adc0192c7,Joseph Wilkie,75,32.25,25,40.38,Carry Optics,C,A166735,MINOR,,40.3788,32.2513,2.1748,,12,0,4,2,2,0,0,0,,,"[8.71, 8.30, 7.82]"
356a42c1-7566-4dc8-a116-e2a6e28af842,Thunder Tactical Shooters USPSA Match 09MAY2026,2026-05-09,4,Steeler Standards,ab04ccc8-cdcd-4803-a92e-9a5adc0192c7,Bob Purcell,76,31.72,19,38.57,Limited Optics,U,TY111994,MINOR,Super Senior,38.5746,31.7204,2.1390,,12,0,6,2,0,0,0,0,,,"[11.39, 14.21, 11.80]"
356a42c1-7566-4dc8-a116-e2a6e28af842,Thunder Tactical Shooters USPSA Match 09MAY2026,2026-05-09,4,Steeler Standards,ab04ccc8-cdcd-4803-a92e-9a5adc0192c7,Ron Plesko,77,31.62,26,39.58,Carry Optics,D,TY138017,MINOR,Super Senior,39.5841,31.6166,2.1320,,14,0,4,2,0,0,0,0,,,"[13.39, 13.57, 12.44]"
356a42c1-7566-4dc8-a116-e2a6e28af842,Thunder Tactical Shooters USPSA Match 09MAY2026,2026-05-09,4,Steeler Standards,ab04ccc8-cdcd-4803-a92e-9a5adc0192c7,peter nguyen,78,30.86,20,37.52,Limited Optics,U,A143545,MINOR,,37.5232,30.8558,2.0807,,16,0,4,0,0,0,0,1,,,"[12.73, 16.67, 10.01]"
356a42c1-7566-4dc8-a116-e2a6e28af842,Thunder Tactical Shooters USPSA Match 09MAY2026,2026-05-09,4,Steeler Standards,ab04ccc8-cdcd-4803-a92e-9a5adc0192c7,Tyler Denmon,79,30.18,20,37.50,Open,B,U,MINOR,,37.5002,30.1840,2.0354,,10,0,4,4,2,0,0,0,,,"[5.93, 6.81, 9.86]"
356a42c1-7566-4dc8-a116-e2a6e28af842,Thunder Tactical Shooters USPSA Match 09MAY2026,2026-05-09,4,Steeler Standards,ab04ccc8-cdcd-4803-a92e-9a5adc0192c7,Dale Hamm,80,26.56,4,40.42,Limited,C,TY97196,MAJOR,Super Senior,40.4198,26.5597,1.7910,,12,0,4,2,2,0,0,0,,,"[9.05, 9.95, 14.50]"
356a42c1-7566-4dc8-a116-e2a6e28af842,Thunder Tactical Shooters USPSA Match 09MAY2026,2026-05-09,4,Steeler Standards,ab04ccc8-cdcd-4803-a92e-9a5adc0192c7,Joseph White,81,25.25,27,31.61,Carry Optics,M,A135489,MINOR,Law Enforcement,31.6134,25.2502,1.7027,,10,0,5,1,4,0,0,0,,,"[5.74, 4.63, 4.90]"
356a42c1-7566-4dc8-a116-e2a6e28af842,Thunder Tactical Shooters USPSA Match 09MAY2026,2026-05-09,4,Steeler Standards,ab04ccc8-cdcd-4803-a92e-9a5adc0192c7,Tommy Teas,82,19.71,5,30.00,Limited,B,FY2227,MAJOR,Super Senior,29.9955,19.7099,1.3291,,7,0,6,3,4,0,0,0,,,"[6.93, 6.61, 5.27]"
356a42c1-7566-4dc8-a116-e2a6e28af842,Thunder Tactical Shooters USPSA Match 09MAY2026,2026-05-09,4,Steeler Standards,ab04ccc8-cdcd-4803-a92e-9a5adc0192c7,Zachary Deason,83,17.54,21,21.33,Limited Optics,U,A172975,MINOR,,21.3342,17.5433,1.1830,,11,0,5,0,4,0,0,0,,,"[7.78, 9.04, 8.54]"
356a42c1-7566-4dc8-a116-e2a6e28af842,Thunder Tactical Shooters USPSA Match 09MAY2026,2026-05-09,4,Steeler Standards,ab04ccc8-cdcd-4803-a92e-9a5adc0192c7,Tony Sullivan,84,16.02,22,19.48,Limited Optics,U,A176593,MINOR,,19.4821,16.0203,1.0803,,14,0,5,1,0,0,0,4,,,"[12.48, 10.57, 19.53]"
356a42c1-7566-4dc8-a116-e2a6e28af842,Thunder Tactical Shooters USPSA Match 09MAY2026,2026-05-09,4,Steeler Standards,ab04ccc8-cdcd-4803-a92e-9a5adc0192c7,Brett Hadley,85,11.35,21,14.10,Open,U,A179130,MINOR,,14.0999,11.3490,0.7653,,4,0,9,4,3,0,0,0,,,"[9.86, 10.54, 7.04]"
356a42c1-7566-4dc8-a116-e2a6e28af842,Thunder Tactical Shooters USPSA Match 09MAY2026,2026-05-09,4,Steeler Standards,ab04ccc8-cdcd-4803-a92e-9a5adc0192c7,Jerry Bedro,86,0.00,23,0.00,Limited Optics,B,A98263,MINOR,,0.0000,0.0000,,,,,×0.36 (worst),×0.72 (worst),×2.71 (worst),,×1.80 (worst),,,18.03 (worst),
356a42c1-7566-4dc8-a116-e2a6e28af842,Thunder Tactical Shooters USPSA Match 09MAY2026,2026-05-09,4,Steeler Standards,ab04ccc8-cdcd-4803-a92e-9a5adc0192c7,Luke Crawford,87,0.00,7,0.00,PCC,U,A166717,MINOR,Law Enforcement,0.0000,0.0000,,,,,×0.30 (worst),×0.59 (worst),×2.22 (worst),,×1.48 (worst),,,14.83 (worst),
356a42c1-7566-4dc8-a116-e2a6e28af842,Thunder Tactical Shooters USPSA Match 09MAY2026,2026-05-09,4,Steeler Standards,ab04ccc8-cdcd-4803-a92e-9a5adc0192c7,Jeno Fredericks,88,0.00,22,0.00,Open,U,A177910,MINOR,,0.0000,0.0000,,,,,×0.37 (worst),×0.74 (worst),×2.76 (worst),,×1.84 (worst),,,18.42 (worst),
356a42c1-7566-4dc8-a116-e2a6e28af842,Thunder Tactical Shooters USPSA Match 09MAY2026,2026-05-09,4,Steeler Standards,ab04ccc8-cdcd-4803-a92e-9a5adc0192c7,Bruce Lamb,89,0.00,23,0.00,Open,A,L-997,MINOR,Super Senior,0.0000,0.0000,,,,,×0.37 (worst),×0.74 (worst),×2.76 (worst),,×1.84 (worst),,,18.42 (worst),
356a42c1-7566-4dc8-a116-e2a6e28af842,Thunder Tactical Shooters USPSA Match 09MAY2026,2026-05-09,4,Steeler Standards,ab04ccc8-cdcd-4803-a92e-9a5adc0192c7,TJ Middleton,90,0.00,8,0.00,PCC,C,TY171913,MINOR,,0.0000,0.0000,,,,,×0.30 (worst),×0.59 (worst),×2.22 (worst),,×1.48 (worst),,,14.83 (worst),
356a42c1-7566-4dc8-a116-e2a6e28af842,Thunder Tactical Shooters USPSA Match 09MAY2026,2026-05-09,4,Steeler Standards,ab04ccc8-cdcd-4803-a92e-9a5adc0192c7,Manny Nerona,91,0.00,24,0.00,Limited Optics,B,A69445,MINOR,,0.0000,0.0000,,,,,×0.36 (worst),×0.72 (worst),×2.71 (worst),,×1.80 (worst),,,18.03 (worst),
356a42c1-7566-4dc8-a116-e2a6e28af842,Thunder Tactical Shooters USPSA Match 09MAY2026,2026-05-09,4,Steeler Standards,ab04ccc8-cdcd-4803-a92e-9a5adc0192c7,Phil Truong,92,0.00,24,0.00,Open,B,FY128600,MINOR,,0.0000,0.0000,,,,,×0.37 (worst),×0.74 (worst),×2.76 (worst),,×1.84 (worst),,,18.42 (worst),
356a42c1-7566-4dc8-a116-e2a6e28af842,Thunder Tactical Shooters USPSA Match 09MAY2026,2026-05-09,4,Steeler Standards,ab04ccc8-cdcd-4803-a92e-9a5adc0192c7,Angel Velazquez,93,0.00,28,0.00,Carry Optics,X,A115894,MINOR,,0.0000,0.0000,,,,,×0.37 (worst),×0.74 (worst),×2.78 (worst),,×1.86 (worst),,,18.57 (worst),
356a42c1-7566-4dc8-a116-e2a6e28af842,Thunder Tactical Shooters USPSA Match 09MAY2026,2026-05-09,4,Steeler Standards,ab04ccc8-cdcd-4803-a92e-9a5adc0192c7,ian loyd,94,0.00,29,0.00,Carry Optics,U,A148072,MINOR,,0.0000,0.0000,,,,,×0.37 (worst),×0.74 (worst),×2.78 (worst),,×1.86 (worst),,,18.57 (worst),
356a42c1-7566-4dc8-a116-e2a6e28af842,Thunder Tactical Shooters USPSA Match 09MAY2026,2026-05-09,4,Steeler Standards,ab04ccc8-cdcd-4803-a92e-9a5adc0192c7,Noah Wilkie,95,0.00,6,0.00,Limited,U,A182163,MINOR,,0.0000,0.0000,0.0000,,11,0,3,1,5,0,0,2,,,"[16.87, 18.48, 8.75]"
356a42c1-7566-4dc8-a116-e2a6e28af842,Thunder Tactical Shooters USPSA Match 09MAY2026,2026-05-09,4,Steeler Standards,ab04ccc8-cdcd-4803-a92e-9a5adc0192c7,Kyle Poole,96,0.00,7,0.00,Limited,U,A182134,MINOR,,0.0000,0.0000,0.0000,,4,0,8,4,4,0,0,1,,,"[11.10, 13.73, 19.41]"
356a42c1-7566-4dc8-a116-e2a6e28af842,Thunder Tactical Shooters USPSA Match 09MAY2026,2026-05-09,5,Stage 5 Nakatomi Plaza Area 51,0a9b5224-bb7c-432c-9005-606ffdb03472,Ryan Jaw,1,100.00,1,100.00,Open,U,Ty142907,MAJOR,,150.0000,150.0000,8.2558,17.20,24,0,5,1,0,0,0,0,,,
356a42c1-7566-4dc8-a116-e2a6e28af842,Thunder Tactical Shooters USPSA Match 09MAY2026,2026-05-09,5,Stage 5 Nakatomi Plaza Area 51,0a9b5224-bb7c-432c-9005-606ffdb03472,Robert Strong,2,96.79,1,100.00,PCC,M,TY135331,MINOR,,150.0000,145.1888,7.9910,17.77,26,0,4,0,0,0,0,0,,,
356a42c1-7566-4dc8-a116-e2a6e28af842,Thunder Tactical Shooters USPSA Match 09MAY2026,2026-05-09,5,Stage 5 Nakatomi Plaza Area 51,0a9b5224-bb7c-432c-9005-606ffdb03472,Anthony Fong,3,96.41,2,96.41,Open,M,A142224,MINOR,,144.6092,144.6092,7.9591,17.59,25,0,5,0,0,0,0,0,,,
356a42c1-7566-4dc8-a116-e2a6e28af842,Thunder Tactical Shooters USPSA Match 09MAY2026,2026-05-09,5,Stage 5 Nakatomi Plaza Area 51,0a9b5224-bb7c-432c-9005-606ffdb03472,Jose Onia,4,93.23,1,100.00,Limited Optics,M,A134359,MINOR,,150.0000,139.8381,7.6965,18.19,25,0,5,0,0,0,0,0,,,
356a42c1-7566-4dc8-a116-e2a6e28af842,Thunder Tactical Shooters USPSA Match 09MAY2026,2026-05-09,5,Stage 5 Nakatomi Plaza Area 51,0a9b5224-bb7c-432c-9005-606ffdb03472,Alex Goben,5,88.73,1,100.00,Carry Optics,A,L5929,MINOR,,150.0000,133.0992,7.3256,19.93,28,0,2,0,0,0,0,0,,,
356a42c1-7566-4dc8-a116-e2a6e28af842,Thunder Tactical Shooters USPSA Match 09MAY2026,2026-05-09,5,Stage 5 Nakatomi Plaza Area 51,0a9b5224-bb7c-432c-9005-606ffdb03472,Olayemi Bakare,6,88.68,3,88.68,Open,A,A105300,MAJOR,,133.0138,133.0138,7.3209,19.26,25,0,3,2,0,0,0,0,,,
356a42c1-7566-4dc8-a116-e2a6e28af842,Thunder Tactical Shooters USPSA Match 09MAY2026,2026-05-09,5,Stage 5 Nakatomi Plaza Area 51,0a9b5224-bb7c-432c-9005-606ffdb03472,Phillip Nguyen,7,86.57,2,92.86,Limited Optics,M,TY152423,MINOR,,139.2867,129.8505,7.1468,17.91,19,0,11,0,0,0,0,0,,,
356a42c1-7566-4dc8-a116-e2a6e28af842,Thunder Tactical Shooters USPSA Match 09MAY2026,2026-05-09,5,Stage 5 Nakatomi Plaza Area 51,0a9b5224-bb7c-432c-9005-606ffdb03472,Seth Dickens,8,86.30,2,97.25,Carry Optics,C,A165855,MINOR,,145.8802,129.4435,7.1244,19.37,24,0,6,0,0,0,0,0,,,
356a42c1-7566-4dc8-a116-e2a6e28af842,Thunder Tactical Shooters USPSA Match 09MAY2026,2026-05-09,5,Stage 5 Nakatomi Plaza Area 51,0a9b5224-bb7c-432c-9005-606ffdb03472,Will Goglas,9,85.69,4,85.69,Open,A,A154790,MAJOR,,128.5296,128.5296,7.0741,17.67,21,0,7,1,1,0,0,0,,,
356a42c1-7566-4dc8-a116-e2a6e28af842,Thunder Tactical Shooters USPSA Match 09MAY2026,2026-05-09,5,Stage 5 Nakatomi Plaza Area 51,0a9b5224-bb7c-432c-9005-606ffdb03472,John Osmena,10,84.94,5,84.94,Open,C,a158206,MINOR,,127.4141,127.4141,7.0127,18.11,25,0,4,0,1,0,0,0,,,
356a42c1-7566-4dc8-a116-e2a6e28af842,Thunder Tactical Shooters USPSA Match 09MAY2026,2026-05-09,5,Stage 5 Nakatomi Plaza Area 51,0a9b5224-bb7c-432c-9005-606ffdb03472,Garrett Pressler,11,83.20,6,83.20,Open,U,A165603,MINOR,Junior,124.8032,124.8032,6.8690,18.78,26,0,3,0,1,0,0,0,,,
356a42c1-7566-4dc8-a116-e2a6e28af842,Thunder Tactical Shooters USPSA Match 09MAY2026,2026-05-09,5,Stage 5 Nakatomi Plaza Area 51,0a9b5224-bb7c-432c-9005-606ffdb03472,Paul Torre,12,82.60,2,85.34,PCC,U,Ty88028,MINOR,Law Enforcement,128.0078,123.9020,6.8194,18.33,24,0,5,0,1,0,0,0,,,
356a42c1-7566-4dc8-a116-e2a6e28af842,Thunder Tactical Shooters USPSA Match 09MAY2026,2026-05-09,5,Stage 5 Nakatomi Plaza Area 51,0a9b5224-bb7c-432c-9005-606ffdb03472,Adriel Taylor,13,81.14,3,87.04,Limited Optics,U,X,MINOR,,130.5613,121.7162,6.6991,18.51,17,0,13,0,0,0,0,0,,,
356a42c1-7566-4dc8-a116-e2a6e28af842,Thunder Tactical Shooters USPSA Match 09MAY2026,2026-05-09,5,Stage 5 Nakatomi Plaza Area 51,0a9b5224-bb7c-432c-9005-606ffdb03472,Ulrick Fong,14,81.06,3,83.75,PCC,A,A170351,MINOR,Senior,125.6257,121.5963,6.6925,20.62,24,0,6,0,0,0,0,0,,,
356a42c1-7566-4dc8-a116-e2a6e28af842,Thunder Tactical Shooters USPSA Match 09MAY2026,2026-05-09,5,Stage 5 Nakatomi Plaza Area 51,0a9b5224-bb7c-432c-9005-606ffdb03472,Joshua Blume,15,80.60,3,90.83,Carry Optics,A,A148746,MINOR,,136.2482,120.8968,6.6540,21.04,26,0,3,1,0,0,0,0,,,
356a42c1-7566-4dc8-a116-e2a6e28af842,Thunder Tactical Shooters USPSA Match 09MAY2026,2026-05-09,5,Stage 5 Nakatomi Plaza Area 51,0a9b5224-bb7c-432c-9005-606ffdb03472,Dan Ausmus,16,79.80,7,79.80,Open,U,L6447,MINOR,,119.6940,119.6940,6.5878,19.43,24,0,6,0,0,0,1,0,,,
356a42c1-7566-4dc8-a116-e2a6e28af842,Thunder Tactical Shooters USPSA Match 09MAY2026,2026-05-09,5,Stage 5 Nakatomi Plaza Area 51,0a9b5224-bb7c-432c-9005-606ffdb03472,Mike Junco,17,79.53,8,79.53,Open,U,TY34819,MINOR,Senior; Law Enforcement,119.2925,119.2925,6.5657,19.80,21,0,8,1,0,0,0,0,,,
356a42c1-7566-4dc8-a116-e2a6e28af842,Thunder Tactical Shooters USPSA Match 09MAY2026,2026-05-09,5,Stage 5 Nakatomi Plaza Area 51,0a9b5224-bb7c-432c-9005-606ffdb03472,Charles Spears,18,78.46,4,88.43,Carry Optics,B,A164017,MINOR,,132.6383,117.6936,6.4777,19.76,20,0,9,1,0,0,0,0,,,
356a42c1-7566-4dc8-a116-e2a6e28af842,Thunder Tactical Shooters USPSA Match 09MAY2026,2026-05-09,5,Stage 5 Nakatomi Plaza Area 51,0a9b5224-bb7c-432c-9005-606ffdb03472,Drew Yang,19,77.81,5,87.69,Carry Optics,A,FY138478,MINOR,,131.5367,116.7161,6.4239,19.77,25,0,4,0,1,0,0,0,,,
356a42c1-7566-4dc8-a116-e2a6e28af842,Thunder Tactical Shooters USPSA Match 09MAY2026,2026-05-09,5,Stage 5 Nakatomi Plaza Area 51,0a9b5224-bb7c-432c-9005-606ffdb03472,Anthony Giuliano,20,77.75,6,87.62,Carry Optics,M,A152263,MINOR,Law Enforcement,131.4281,116.6198,6.4186,18.54,22,0,6,1,1,0,0,0,,,
356a42c1-7566-4dc8-a116-e2a6e28af842,Thunder Tactical Shooters USPSA Match 09MAY2026,2026-05-09,5,Stage 5 Nakatomi Plaza Area 51,0a9b5224-bb7c-432c-9005-606ffdb03472,Daniell Gianelloni,21,77.03,9,77.03,Open,U,FY134287,MINOR,Law Enforcement,115.5406,115.5406,6.3592,22.33,26,0,4,0,0,0,0,0,,,
356a42c1-7566-4dc8-a116-e2a6e28af842,Thunder Tactical Shooters USPSA Match 09MAY2026,2026-05-09,5,Stage 5 Nakatomi Plaza Area 51,0a9b5224-bb7c-432c-9005-606ffdb03472,Andre Wijaya,22,76.27,10,76.27,Open,B,A175473,MAJOR,,114.4014,114.4014,6.2965,20.17,21,0,8,0,1,0,0,0,,,
356a42c1-7566-4dc8-a116-e2a6e28af842,Thunder Tactical Shooters USPSA Match 09MAY2026,2026-05-09,5,Stage 5 Nakatomi Plaza Area 51,0a9b5224-bb7c-432c-9005-606ffdb03472,Ivan Velazquez,23,76.14,7,85.81,Carry Optics,A,A108486,MINOR,,128.7191,114.2161,6.2863,18.93,22,0,6,1,1,0,0,0,,,
356a42c1-7566-4dc8-a116-e2a6e28af842,Thunder Tactical Shooters USPSA Match 09MAY2026,2026-05-09,5,Stage 5 Nakatomi Plaza Area 51,0a9b5224-bb7c-432c-9005-606ffdb03472,james rogers,24,73.69,8,83.04,Carry Optics,A,A101402,MINOR,Law Enforcement,124.5625,110.5278,6.0833,21.37,20,0,10,0,0,0,0,0,,,
356a42c1-7566-4dc8-a116-e2a6e28af842,Thunder Tactical Shooters USPSA Match 09MAY2026,2026-05-09,5,Stage 5 Nakatomi Plaza Area 51,0a9b5224-bb7c-432c-9005-606ffdb03472,Travis Edwards,25,72.27,4,77.52,Limited Optics,B,A107004,MINOR,,116.2795,108.4020,5.9663,23.13,24,0,6,0,0,0,0,0,,,
356a42c1-7566-4dc8-a116-e2a6e28af842,Thunder Tactical Shooters USPSA Match 09MAY2026,2026-05-09,5,Stage 5 Nakatomi Plaza Area 51,0a9b5224-bb7c-432c-9005-606ffdb03472,Steven McNamara,26,71.99,5,77.22,Limited Optics,B,A75212,MINOR,Senior,115.8293,107.9823,5.9432,23.22,25,0,4,1,0,0,0,0,,,
356a42c1-7566-4dc8-a116-e2a6e28af842,Thunder Tactical Shooters USPSA Match 09MAY2026,2026-05-09,5,Stage 5 Nakatomi Plaza Area 51,0a9b5224-bb7c-432c-9005-606ffdb03472,David Zhang,27,71.80,6,77.02,Limited Optics,A,FY140383,MINOR,,115.5291,107.7025,5.9278,23.28,24,0,6,0,0,0,0,0,,,
356a42c1-7566-4dc8-a116-e2a6e28af842,Thunder Tactical Shooters USPSA Match 09MAY2026,2026-05-09,5,Stage 5 Nakatomi Plaza Area 51,0a9b5224-bb7c-432c-9005-606ffdb03472,Byron McGowen,28,70.86,11,70.86,Open,D,A159731,MAJOR,Military,106.2853,106.2853,5.8498,25.30,28,0,2,0,0,0,0,0,,,
356a42c1-7566-4dc8-a116-e2a6e28af842,Thunder Tactical Shooters USPSA Match 09MAY2026,2026-05-09,5,Stage 5 Nakatomi Plaza Area 51,0a9b5224-bb7c-432c-9005-606ffdb03472,Joseph White,29,69.73,9,78.58,Carry Optics,M,A135489,MINOR,Law Enforcement,117.8688,104.5883,5.7564,22.41,26,0,3,0,1,0,0,0,,,
356a42c1-7566-4dc8-a116-e2a6e28af842,Thunder Tactical Shooters USPSA Match 09MAY2026,2026-05-09,5,Stage 5 Nakatomi Plaza Area 51,0a9b5224-bb7c-432c-9005-606ffdb03472,Kevin Baker,30,68.62,7,73.61,Limited Optics,C,A95439,MINOR,Senior,110.4171,102.9367,5.6655,22.24,19,0,10,1,0,0,0,0,,,
356a42c1-7566-4dc8-a116-e2a6e28af842,Thunder Tactical Shooters USPSA Match 09MAY2026,2026-05-09,5,Stage 5 Nakatomi Plaza Area 51,0a9b5224-bb7c-432c-9005-606ffdb03472,Saunders Arnold,31,68.58,4,70.85,PCC,U,L5609,MINOR,,106.2802,102.8713,5.6619,25.08,26,0,4,0,0,0,0,0,,,
356a42c1-7566-4dc8-a116-e2a6e28af842,Thunder Tactical Shooters USPSA Match 09MAY2026,2026-05-09,5,Stage 5 Nakatomi Plaza Area 51,0a9b5224-bb7c-432c-9005-606ffdb03472,Cade Horton,32,66.57,8,71.41,Limited Optics,U,A168751,MINOR,,107.1097,99.8534,5.4958,16.74,20,0,7,1,2,0,1,0,,,
356a42c1-7566-4dc8-a116-e2a6e28af842,Thunder Tactical Shooters USPSA Match 09MAY2026,2026-05-09,5,Stage 5 Nakatomi Plaza Area 51,0a9b5224-bb7c-432c-9005-606ffdb03472,Joseph Wilkie,33,66.27,10,74.68,Carry Optics,C,A166735,MINOR,,112.0270,99.4047,5.4711,23.03,20,0,8,2,0,0,0,0,,,
356a42c1-7566-4dc8-a116-e2a6e28af842,Thunder Tactical Shooters USPSA Match 09MAY2026,2026-05-09,5,Stage 5 Nakatomi Plaza Area 51,0a9b5224-bb7c-432c-9005-606ffdb03472,Jim Havens,34,64.69,9,69.39,Limited Optics,M,a114636,MINOR,Senior,104.0791,97.0281,5.3403,19.10,19,0,9,0,2,0,0,0,,,
356a42c1-7566-4dc8-a116-e2a6e28af842,Thunder Tactical Shooters USPSA Match 09MAY2026,2026-05-09,5,Stage 5 Nakatomi Plaza Area 51,0a9b5224-bb7c-432c-9005-606ffdb03472,Tyler Denmon,35,63.54,12,63.54,Open,B,U,MINOR,,95.3166,95.3166,5.2461,21.54,19,0,9,1,1,0,0,0,,,
356a42c1-7566-4dc8-a116-e2a6e28af842,Thunder Tactical Shooters USPSA Match 09MAY2026,2026-05-09,5,Stage 5 Nakatomi Plaza Area 51,0a9b5224-bb7c-432c-9005-606ffdb03472,Jorge Cahas,36,63.15,13,63.15,Open,B,F-44522,MAJOR,Senior,94.7298,94.7298,5.2138,24.55,22,0,7,0,1,0,0,0,,,
356a42c1-7566-4dc8-a116-e2a6e28af842,Thunder Tactical Shooters USPSA Match 09MAY2026,2026-05-09,5,Stage 5 Nakatomi Plaza Area 51,0a9b5224-bb7c-432c-9005-606ffdb03472,Napoleon Lewis,37,62.65,14,62.65,Open,U,A154149,MINOR,Senior; Military,93.9776,93.9776,5.1724,27.84,27,0,3,0,0,0,0,0,,,
356a42c1-7566-4dc8-a116-e2a6e28af842,Thunder Tactical Shooters USPSA Match 09MAY2026,2026-05-09,5,Stage 5 Nakatomi Plaza Area 51,0a9b5224-bb7c-432c-9005-606ffdb03472,Phyl Santos,38,62.52,10,67.07,Limited Optics,A,Bhhh,MINOR,,100.6022,93.7868,5.1619,19.76,19,0,9,0,2,0,0,0,,,
356a42c1-7566-4dc8-a116-e2a6e28af842,Thunder Tactical Shooters USPSA Match 09MAY2026,2026-05-09,5,Stage 5 Nakatomi Plaza Area 51,0a9b5224-bb7c-432c-9005-606ffdb03472,Luke Brazil,39,61.83,11,69.68,Carry Optics,B,A176225,MINOR,,104.5225,92.7457,5.1046,19.59,18,0,10,0,2,0,0,0,,,
356a42c1-7566-4dc8-a116-e2a6e28af842,Thunder Tactical Shooters USPSA Match 09MAY2026,2026-05-09,5,Stage 5 Nakatomi Plaza Area 51,0a9b5224-bb7c-432c-9005-606ffdb03472,Taylor Latham,40,61.53,1,100.00,Limited,B,TY39841,MINOR,Super Senior,150.0000,92.2951,5.0798,27.56,26,0,3,1,0,0,0,0,,,
356a42c1-7566-4dc8-a116-e2a6e28af842,Thunder Tactical Shooters USPSA Match 09MAY2026,2026-05-09,5,Stage 5 Nakatomi Plaza Area 51,0a9b5224-bb7c-432c-9005-606ffdb03472,FRANCIS NGUYEN,41,60.21,11,64.58,Limited Optics,B,A169979,MINOR,,96.8739,90.3111,4.9706,22.13,25,0,1,2,2,0,0,0,,,
356a42c1-7566-4dc8-a116-e2a6e28af842,Thunder Tactical Shooters USPSA Match 09MAY2026,2026-05-09,5,Stage 5 Nakatomi Plaza Area 51,0a9b5224-bb7c-432c-9005-606ffdb03472,henry pham,42,60.08,12,67.70,Carry Optics,C,A171802,MINOR,,101.5555,90.1130,4.9597,23.59,25,0,4,0,1,0,1,0,,,
356a42c1-7566-4dc8-a116-e2a6e28af842,Thunder Tactical Shooters USPSA Match 09MAY2026,2026-05-09,5,Stage 5 Nakatomi Plaza Area 51,0a9b5224-bb7c-432c-9005-606ffdb03472,chris bulkley,43,60.02,13,67.64,Carry Optics,B,A159469,MINOR,,101.4613,90.0294,4.9551,25.63,25,0,4,0,1,0,0,0,,,
356a42c1-7566-4dc8-a116-e2a6e28af842,Thunder Tactical Shooters USPSA Match 09MAY2026,2026-05-09,5,Stage 5 Nakatomi Plaza Area 51,0a9b5224-bb7c-432c-9005-606ffdb03472,Yul Kwan,44,59.25,15,59.25,Open,C,A156984,MAJOR,Senior,88.8739,88.8739,4.8915,25.35,20,0,8,1,1,0,0,0,,,
356a42c1-7566-4dc8-a116-e2a6e28af842,Thunder Tactical Shooters USPSA Match 09MAY2026,2026-05-09,5,Stage 5 Nakatomi Plaza Area 51,0a9b5224-bb7c-432c-9005-606ffdb03472,Michael Pontious,45,58.95,12,63.24,Limited Optics,B,A94575,MINOR,Super Senior,94.8568,88.4306,4.8671,22.19,22,0,6,0,2,0,0,0,,,
356a42c1-7566-4dc8-a116-e2a6e28af842,Thunder Tactical Shooters USPSA Match 09MAY2026,2026-05-09,5,Stage 5 Nakatomi Plaza Area 51,0a9b5224-bb7c-432c-9005-606ffdb03472,Coder Wang,46,58.54,5,60.48,PCC,B,A170259,MINOR,,90.7152,87.8055,4.8327,24.21,20,0,9,0,1,0,0,0,,,
356a42c1-7566-4dc8-a116-e2a6e28af842,Thunder Tactical Shooters USPSA Match 09MAY2026,2026-05-09,5,Stage 5 Nakatomi Plaza Area 51,0a9b5224-bb7c-432c-9005-606ffdb03472,Grant Tucek,47,57.64,14,64.96,Carry Optics,U,A162865,MINOR,,97.4378,86.4592,4.7586,29.00,24,0,6,0,0,0,0,0,,,
356a42c1-7566-4dc8-a116-e2a6e28af842,Thunder Tactical Shooters USPSA Match 09MAY2026,2026-05-09,5,Stage 5 Nakatomi Plaza Area 51,0a9b5224-bb7c-432c-9005-606ffdb03472,Sean Finnerty,48,57.24,15,64.51,Carry Optics,C,A166724,MINOR,,96.7579,85.8560,4.7254,31.32,29,0,1,0,0,0,0,0,,,
356a42c1-7566-4dc8-a116-e2a6e28af842,Thunder Tactical Shooters USPSA Match 09MAY2026,2026-05-09,5,Stage 5 Nakatomi Plaza Area 51,0a9b5224-bb7c-432c-9005-606ffdb03472,Jesse Rincon,49,55.21,16,62.23,Carry Optics,U,A177758,MINOR,,93.3384,82.8218,4.5584,28.08,21,0,7,2,0,0,0,0,,,
356a42c1-7566-4dc8-a116-e2a6e28af842,Thunder Tactical Shooters USPSA Match 09MAY2026,2026-05-09,5,Stage 5 Nakatomi Plaza Area 51,0a9b5224-bb7c-432c-9005-606ffdb03472,John Ren,50,54.54,17,61.47,Carry Optics,A,A168570,MINOR,,92.2041,81.8152,4.5030,23.54,21,0,7,0,2,0,0,0,,,
356a42c1-7566-4dc8-a116-e2a6e28af842,Thunder Tactical Shooters USPSA Match 09MAY2026,2026-05-09,5,Stage 5 Nakatomi Plaza Area 51,0a9b5224-bb7c-432c-9005-606ffdb03472,Bryant Moorefield,51,54.14,13,58.07,Limited Optics,U,A176823,MINOR,,87.1078,81.2065,4.4695,25.73,20,0,8,1,1,0,0,0,,,
356a42c1-7566-4dc8-a116-e2a6e28af842,Thunder Tactical Shooters USPSA Match 09MAY2026,2026-05-09,5,Stage 5 Nakatomi Plaza Area 51,0a9b5224-bb7c-432c-9005-606ffdb03472,Eric Mccampbell,52,52.88,2,85.95,Limited,B,A14332,MAJOR,Senior,128.9224,79.3260,4.3660,28.63,19,0,10,0,1,0,0,0,,,
356a42c1-7566-4dc8-a116-e2a6e28af842,Thunder Tactical Shooters USPSA Match 09MAY2026,2026-05-09,5,Stage 5 Nakatomi Plaza Area 51,0a9b5224-bb7c-432c-9005-606ffdb03472,Chris Ballard,53,52.48,14,56.29,Limited Optics,D,A178189,MINOR,,84.4338,78.7138,4.3323,27.93,23,0,5,1,1,0,0,0,,,
356a42c1-7566-4dc8-a116-e2a6e28af842,Thunder Tactical Shooters USPSA Match 09MAY2026,2026-05-09,5,Stage 5 Nakatomi Plaza Area 51,0a9b5224-bb7c-432c-9005-606ffdb03472,Phil Truong,54,51.81,16,51.81,Open,B,FY128600,MINOR,,77.7181,77.7181,4.2775,27.82,21,0,8,0,1,0,0,0,,,
356a42c1-7566-4dc8-a116-e2a6e28af842,Thunder Tactical Shooters USPSA Match 09MAY2026,2026-05-09,5,Stage 5 Nakatomi Plaza Area 51,0a9b5224-bb7c-432c-9005-606ffdb03472,Glen Kruger,55,49.79,18,56.11,Carry Optics,U,A171162,MINOR,Senior,84.1631,74.6802,4.1103,20.68,18,0,8,1,3,0,0,0,,,
356a42c1-7566-4dc8-a116-e2a6e28af842,Thunder Tactical Shooters USPSA Match 09MAY2026,2026-05-09,5,Stage 5 Nakatomi Plaza Area 51,0a9b5224-bb7c-432c-9005-606ffdb03472,Mark Tutt,56,49.18,17,49.18,Open,U,A175310,MINOR,Military,73.7700,73.7700,4.0602,26.60,22,0,6,0,2,0,0,0,,,
356a42c1-7566-4dc8-a116-e2a6e28af842,Thunder Tactical Shooters USPSA Match 09MAY2026,2026-05-09,5,Stage 5 Nakatomi Plaza Area 51,0a9b5224-bb7c-432c-9005-606ffdb03472,reid little,57,48.87,18,48.87,Open,U,A182187,MINOR,,73.3048,73.3048,4.0346,24.29,19,0,7,2,2,0,0,0,,,
356a42c1-7566-4dc8-a116-e2a6e28af842,Thunder Tactical Shooters USPSA Match 09MAY2026,2026-05-09,5,Stage 5 Nakatomi Plaza Area 51,0a9b5224-bb7c-432c-9005-606ffdb03472,Matthew Lem,58,48.83,19,48.83,Open,U,A34763,MINOR,Senior; Law Enforcement,73.2431,73.2431,4.0312,29.52,21,0,8,0,1,0,0,0,,,
356a42c1-7566-4dc8-a116-e2a6e28af842,Thunder Tactical Shooters USPSA Match 09MAY2026,2026-05-09,5,Stage 5 Nakatomi Plaza Area 51,0a9b5224-bb7c-432c-9005-606ffdb03472,Patrick Gilbert,59,48.48,1,100.00,Production,U,A153729,MINOR,,150.0000,72.7252,4.0027,29.23,21,0,7,1,1,0,0,0,,,
356a42c1-7566-4dc8-a116-e2a6e28af842,Thunder Tactical Shooters USPSA Match 09MAY2026,2026-05-09,5,Stage 5 Nakatomi Plaza Area 51,0a9b5224-bb7c-432c-9005-606ffdb03472,Xingzheng Sun,60,47.97,19,54.07,Carry Optics,U,A182524,MINOR,Junior,81.0998,71.9621,3.9607,29.54,21,0,7,1,1,0,0,0,,,
356a42c1-7566-4dc8-a116-e2a6e28af842,Thunder Tactical Shooters USPSA Match 09MAY2026,2026-05-09,5,Stage 5 Nakatomi Plaza Area 51,0a9b5224-bb7c-432c-9005-606ffdb03472,Waltz Noguerra,61,47.68,20,53.73,Carry Optics,C,A137731,MINOR,Senior,80.6002,71.5188,3.9363,23.88,17,0,9,2,2,0,0,0,,,
356a42c1-7566-4dc8-a116-e2a6e28af842,Thunder Tactical Shooters USPSA Match 09MAY2026,2026-05-09,5,Stage 5 Nakatomi Plaza Area 51,0a9b5224-bb7c-432c-9005-606ffdb03472,Joseph Pinkley,62,47.35,20,47.35,Open,U,Na,MINOR,,71.0192,71.0192,3.9088,27.63,22,0,6,0,2,0,0,0,,,
356a42c1-7566-4dc8-a116-e2a6e28af842,Thunder Tactical Shooters USPSA Match 09MAY2026,2026-05-09,5,Stage 5 Nakatomi Plaza Area 51,0a9b5224-bb7c-432c-9005-606ffdb03472,Todd Liscano,63,46.46,21,52.36,Carry Optics,U,A172140,MINOR,,78.5403,69.6910,3.8357,22.16,17,0,10,0,3,0,0,0,,,
356a42c1-7566-4dc8-a116-e2a6e28af842,Thunder Tactical Shooters USPSA Match 09MAY2026,2026-05-09,5,Stage 5 Nakatomi Plaza Area 51,0a9b5224-bb7c-432c-9005-606ffdb03472,James Berry,64,46.31,22,52.19,Carry Optics,U,A174774,MINOR,,78.2905,69.4693,3.8235,27.20,21,0,6,1,2,0,0,0,,,
356a42c1-7566-4dc8-a116-e2a6e28af842,Thunder Tactical Shooters USPSA Match 09MAY2026,2026-05-09,5,Stage 5 Nakatomi Plaza Area 51,0a9b5224-bb7c-432c-9005-606ffdb03472,Joseph Reyes,65,45.31,23,51.07,Carry Optics,C,A127665,MINOR,Super Senior,76.5992,67.9686,3.7409,28.87,22,0,6,0,2,0,0,0,,,
356a42c1-7566-4dc8-a116-e2a6e28af842,Thunder Tactical Shooters USPSA Match 09MAY2026,2026-05-09,5,Stage 5 Nakatomi Plaza Area 51,0a9b5224-bb7c-432c-9005-606ffdb03472,Christian Fling,66,44.94,15,48.21,Limited Optics,U,A179677,MINOR,Law Enforcement,72.3134,67.4144,3.7104,33.15,23,0,6,0,1,0,0,0,,,
356a42c1-7566-4dc8-a116-e2a6e28af842,Thunder Tactical Shooters USPSA Match 09MAY2026,2026-05-09,5,Stage 5 Nakatomi Plaza Area 51,0a9b5224-bb7c-432c-9005-606ffdb03472,Theo Judice,67,40.52,16,43.47,Limited Optics,U,A174771,MINOR,,65.2037,60.7864,3.3456,29.89,23,0,5,0,2,0,1,0,,,
356a42c1-7566-4dc8-a116-e2a6e28af842,Thunder Tactical Shooters USPSA Match 09MAY2026,2026-05-09,5,Stage 5 Nakatomi Plaza Area 51,0a9b5224-bb7c-432c-9005-606ffdb03472,Chris Oatman,68,40.30,24,45.42,Carry Optics,C,A169819,MINOR,,68.1282,60.4520,3.3272,32.76,18,0,9,2,1,0,0,0,,,
356a42c1-7566-4dc8-a116-e2a6e28af842,Thunder Tactical Shooters USPSA Match 09MAY2026,2026-05-09,5,Stage 5 Nakatomi Plaza Area 51,0a9b5224-bb7c-432c-9005-606ffdb03472,peter nguyen,69,40.25,17,43.17,Limited Optics,U,A143545,MINOR,,64.7613,60.3739,3.3229,35.21,21,0,7,1,1,0,0,0,,,
356a42c1-7566-4dc8-a116-e2a6e28af842,Thunder Tactical Shooters USPSA Match 09MAY2026,2026-05-09,5,Stage 5 Nakatomi Plaza Area 51,0a9b5224-bb7c-432c-9005-606ffdb03472,Harlan Chen,70,39.66,18,42.54,Limited Optics,B,A163292,MINOR,,63.8121,59.4891,3.2742,40.01,27,0,2,0,1,0,0,0,,,
356a42c1-7566-4dc8-a116-e2a6e28af842,Thunder Tactical Shooters USPSA Match 09MAY2026,2026-05-09,5,Stage 5 Nakatomi Plaza Area 51,0a9b5224-bb7c-432c-9005-606ffdb03472,Andrew Malcolm,71,38.57,25,43.46,Carry Optics,B,A169439,MINOR,,65.1940,57.8484,3.1839,23.87,19,0,7,0,4,0,0,0,,,
356a42c1-7566-4dc8-a116-e2a6e28af842,Thunder Tactical Shooters USPSA Match 09MAY2026,2026-05-09,5,Stage 5 Nakatomi Plaza Area 51,0a9b5224-bb7c-432c-9005-606ffdb03472,Garth Plyler,72,37.36,2,77.07,Production,U,a174944,MINOR,,115.5982,56.0461,3.0847,31.77,23,0,4,1,2,0,1,0,,,
356a42c1-7566-4dc8-a116-e2a6e28af842,Thunder Tactical Shooters USPSA Match 09MAY2026,2026-05-09,5,Stage 5 Nakatomi Plaza Area 51,0a9b5224-bb7c-432c-9005-606ffdb03472,Justin Wilkie,73,34.51,21,34.51,Open,D,A172037,MINOR,,51.7654,51.7654,2.8491,35.45,15,0,11,3,1,0,0,0,,,
356a42c1-7566-4dc8-a116-e2a6e28af842,Thunder Tactical Shooters USPSA Match 09MAY2026,2026-05-09,5,Stage 5 Nakatomi Plaza Area 51,0a9b5224-bb7c-432c-9005-606ffdb03472,John Thomas,74,33.34,3,68.76,Production,U,na,MINOR,,103.1416,50.0067,2.7523,31.61,18,0,9,0,3,0,0,0,,,
356a42c1-7566-4dc8-a116-e2a6e28af842,Thunder Tactical Shooters USPSA Match 09MAY2026,2026-05-09,5,Stage 5 Nakatomi Plaza Area 51,0a9b5224-bb7c-432c-9005-606ffdb03472,Tony Sullivan,75,32.79,19,35.18,Limited Optics,U,A176593,MINOR,,52.7655,49.1909,2.7074,39.89,23,0,4,1,2,0,0,0,,,
356a42c1-7566-4dc8-a116-e2a6e28af842,Thunder Tactical Shooters USPSA Match 09MAY2026,2026-05-09,5,Stage 5 Nakatomi Plaza Area 51,0a9b5224-bb7c-432c-9005-606ffdb03472,Ron Plesko,76,32.78,26,36.94,Carry Optics,D,TY138017,MINOR,Super Senior,55.4064,49.1636,2.7059,50.26,23,0,7,0,0,0,0,0,,,
356a42c1-7566-4dc8-a116-e2a6e28af842,Thunder Tactical Shooters USPSA Match 09MAY2026,2026-05-09,5,Stage 5 Nakatomi Plaza Area 51,0a9b5224-bb7c-432c-9005-606ffdb03472,Zachary Deason,77,32.47,20,34.82,Limited Optics,U,A172975,MINOR,,52.2374,48.6985,2.6803,25.37,15,0,11,0,4,0,0,0,,,
356a42c1-7566-4dc8-a116-e2a6e28af842,Thunder Tactical Shooters USPSA Match 09MAY2026,2026-05-09,5,Stage 5 Nakatomi Plaza Area 51,0a9b5224-bb7c-432c-9005-606ffdb03472,Dale Hamm,78,31.23,3,50.76,Limited,C,TY97196,MAJOR,Super Senior,76.1369,46.8471,2.5784,39.56,22,0,5,1,2,0,0,1,,,
356a42c1-7566-4dc8-a116-e2a6e28af842,Thunder Tactical Shooters USPSA Match 09MAY2026,2026-05-09,5,Stage 5 Nakatomi Plaza Area 51,0a9b5224-bb7c-432c-9005-606ffdb03472,Bob Purcell,79,28.57,21,30.65,Limited Optics,U,TY111994,MINOR,Super Senior,45.9676,42.8535,2.3586,39.43,21,0,6,0,3,0,0,0,,,
356a42c1-7566-4dc8-a116-e2a6e28af842,Thunder Tactical Shooters USPSA Match 09MAY2026,2026-05-09,5,Stage 5 Nakatomi Plaza Area 51,0a9b5224-bb7c-432c-9005-606ffdb03472,Brett Hadley,80,27.16,22,27.16,Open,U,A179130,MINOR,,40.7404,40.7404,2.2423,23.19,13,0,7,6,4,0,0,0,,,
356a42c1-7566-4dc8-a116-e2a6e28af842,Thunder Tactical Shooters USPSA Match 09MAY2026,2026-05-09,5,Stage 5 Nakatomi Plaza Area 51,0a9b5224-bb7c-432c-9005-606ffdb03472,Tommy Teas,81,27.10,4,44.05,Limited,B,FY2227,MAJOR,Super Senior,66.0735,40.6551,2.2376,47.82,17,0,9,3,1,0,1,0,,,
356a42c1-7566-4dc8-a116-e2a6e28af842,Thunder Tactical Shooters USPSA Match 09MAY2026,2026-05-09,5,Stage 5 Nakatomi Plaza Area 51,0a9b5224-bb7c-432c-9005-606ffdb03472,Noah Wilkie,82,26.29,5,42.72,Limited,U,A182163,MINOR,,64.0862,39.4323,2.1703,30.41,8,0,13,7,2,0,0,0,,,
356a42c1-7566-4dc8-a116-e2a6e28af842,Thunder Tactical Shooters USPSA Match 09MAY2026,2026-05-09,5,Stage 5 Nakatomi Plaza Area 51,0a9b5224-bb7c-432c-9005-606ffdb03472,Kyle Poole,83,19.23,6,31.25,Limited,U,A182134,MINOR,,46.8709,28.8397,1.5873,35.28,12,0,11,3,4,0,0,0,,,
356a42c1-7566-4dc8-a116-e2a6e28af842,Thunder Tactical Shooters USPSA Match 09MAY2026,2026-05-09,5,Stage 5 Nakatomi Plaza Area 51,0a9b5224-bb7c-432c-9005-606ffdb03472,Merle Aber,84,18.47,27,20.81,Carry Optics,U,A182176,MINOR,,31.2179,27.7005,1.5246,43.29,17,0,6,3,4,0,0,0,,,
356a42c1-7566-4dc8-a116-e2a6e28af842,Thunder Tactical Shooters USPSA Match 09MAY2026,2026-05-09,5,Stage 5 Nakatomi Plaza Area 51,0a9b5224-bb7c-432c-9005-606ffdb03472,Thomas Pinney,85,17.31,6,17.88,PCC,U,1234,MINOR,Super Senior,26.8220,25.9617,1.4289,50.39,22,0,4,0,4,0,0,1,,,
356a42c1-7566-4dc8-a116-e2a6e28af842,Thunder Tactical Shooters USPSA Match 09MAY2026,2026-05-09,5,Stage 5 Nakatomi Plaza Area 51,0a9b5224-bb7c-432c-9005-606ffdb03472,Josh Vickers,86,14.91,7,24.24,Limited,U,A168865,MINOR,,36.3587,22.3715,1.2313,26.80,15,0,9,1,5,0,2,0,,,
356a42c1-7566-4dc8-a116-e2a6e28af842,Thunder Tactical Shooters USPSA Match 09MAY2026,2026-05-09,5,Stage 5 Nakatomi Plaza Area 51,0a9b5224-bb7c-432c-9005-606ffdb03472,Eric Cooper,87,14.51,1,100.00,Single Stack,C,A57512,MINOR,Super Senior,150.0000,21.7701,1.1982,43.40,17,0,9,0,4,0,2,0,,,
356a42c1-7566-4dc8-a116-e2a6e28af842,Thunder Tactical Shooters USPSA Match 09MAY2026,2026-05-09,5,Stage 5 Nakatomi Plaza Area 51,0a9b5224-bb7c-432c-9005-606ffdb03472,Kit Bong Morales,88,14.40,22,15.45,Limited Optics,D,A57907,MINOR,Senior,23.1748,21.6048,1.1891,26.91,15,0,9,0,6,0,1,0,,,
356a42c1-7566-4dc8-a116-e2a6e28af842,Thunder Tactical Shooters USPSA Match 09MAY2026,2026-05-09,5,Stage 5 Nakatomi Plaza Area 51,0a9b5224-bb7c-432c-9005-606ffdb03472,Jerry Bedro,89,0.00,23,0.00,Limited Optics,B,A98263,MINOR,,0.0000,0.0000,,,,,×0.26 (worst),×0.52 (worst),×1.95 (worst),,×1.30 (worst),,,19.49 (worst),
356a42c1-7566-4dc8-a116-e2a6e28af842,Thunder Tactical Shooters USPSA Match 09MAY2026,2026-05-09,5,Stage 5 Nakatomi Plaza Area 51,0a9b5224-bb7c-432c-9005-606ffdb03472,Luke Crawford,90,0.00,7,0.00,PCC,U,A166717,MINOR,Law Enforcement,0.0000,0.0000,,,,,×0.25 (worst),×0.50 (worst),×1.88 (worst),,×1.25 (worst),,,18.77 (worst),
356a42c1-7566-4dc8-a116-e2a6e28af842,Thunder Tactical Shooters USPSA Match 09MAY2026,2026-05-09,5,Stage 5 Nakatomi Plaza Area 51,0a9b5224-bb7c-432c-9005-606ffdb03472,Jeno Fredericks,91,0.00,23,0.00,Open,U,A177910,MINOR,,0.0000,0.0000,,,,,×0.24 (worst),×0.48 (worst),×1.82 (worst),,×1.21 (worst),,,18.17 (worst),
356a42c1-7566-4dc8-a116-e2a6e28af842,Thunder Tactical Shooters USPSA Match 09MAY2026,2026-05-09,5,Stage 5 Nakatomi Plaza Area 51,0a9b5224-bb7c-432c-9005-606ffdb03472,Bruce Lamb,92,0.00,24,0.00,Open,A,L-997,MINOR,Super Senior,0.0000,0.0000,,,,,×0.24 (worst),×0.48 (worst),×1.82 (worst),,×1.21 (worst),,,18.17 (worst),
356a42c1-7566-4dc8-a116-e2a6e28af842,Thunder Tactical Shooters USPSA Match 09MAY2026,2026-05-09,5,Stage 5 Nakatomi Plaza Area 51,0a9b5224-bb7c-432c-9005-606ffdb03472,TJ Middleton,93,0.00,8,0.00,PCC,C,TY171913,MINOR,,0.0000,0.0000,,,,,×0.25 (worst),×0.50 (worst),×1.88 (worst),,×1.25 (worst),,,18.77 (worst),
356a42c1-7566-4dc8-a116-e2a6e28af842,Thunder Tactical Shooters USPSA Match 09MAY2026,2026-05-09,5,Stage 5 Nakatomi Plaza Area 51,0a9b5224-bb7c-432c-9005-606ffdb03472,Manny Nerona,94,0.00,24,0.00,Limited Optics,B,A69445,MINOR,,0.0000,0.0000,,,,,×0.26 (worst),×0.52 (worst),×1.95 (worst),,×1.30 (worst),,,19.49 (worst),
356a42c1-7566-4dc8-a116-e2a6e28af842,Thunder Tactical Shooters USPSA Match 09MAY2026,2026-05-09,5,Stage 5 Nakatomi Plaza Area 51,0a9b5224-bb7c-432c-9005-606ffdb03472,Angel Velazquez,95,0.00,28,0.00,Carry Optics,X,A115894,MINOR,,0.0000,0.0000,,,,,×0.27 (worst),×0.55 (worst),×2.05 (worst),,×1.37 (worst),,,20.48 (worst),
356a42c1-7566-4dc8-a116-e2a6e28af842,Thunder Tactical Shooters USPSA Match 09MAY2026,2026-05-09,5,Stage 5 Nakatomi Plaza Area 51,0a9b5224-bb7c-432c-9005-606ffdb03472,ian loyd,96,0.00,29,0.00,Carry Optics,U,A148072,MINOR,,0.0000,0.0000,,,,,×0.27 (worst),×0.55 (worst),×2.05 (worst),,×1.37 (worst),,,20.48 (worst),
356a42c1-7566-4dc8-a116-e2a6e28af842,Thunder Tactical Shooters USPSA Match 09MAY2026,2026-05-09,6,On The MOVE,cec743c7-4599-473e-9adf-0c27d8547166,Olayemi Bakare,1,100.00,1,100.00,Open,A,A105300,MAJOR,,160.0000,160.0000,8.3961,17.27,17,0,15,0,0,0,0,0,,,
356a42c1-7566-4dc8-a116-e2a6e28af842,Thunder Tactical Shooters USPSA Match 09MAY2026,2026-05-09,6,On The MOVE,cec743c7-4599-473e-9adf-0c27d8547166,Anthony Fong,2,98.70,2,98.70,Open,M,A142224,MINOR,,157.9152,157.9152,8.2867,17.86,27,0,4,1,0,0,0,0,,,
356a42c1-7566-4dc8-a116-e2a6e28af842,Thunder Tactical Shooters USPSA Match 09MAY2026,2026-05-09,6,On The MOVE,cec743c7-4599-473e-9adf-0c27d8547166,Will Goglas,3,97.79,3,97.79,Open,A,A154790,MAJOR,,156.4688,156.4688,8.2108,16.32,20,0,11,0,1,0,0,0,,,
356a42c1-7566-4dc8-a116-e2a6e28af842,Thunder Tactical Shooters USPSA Match 09MAY2026,2026-05-09,6,On The MOVE,cec743c7-4599-473e-9adf-0c27d8547166,Tyler Denmon,4,96.53,4,96.53,Open,B,U,MINOR,,154.4527,154.4527,8.1050,17.52,23,0,9,0,0,0,0,0,,,
356a42c1-7566-4dc8-a116-e2a6e28af842,Thunder Tactical Shooters USPSA Match 09MAY2026,2026-05-09,6,On The MOVE,cec743c7-4599-473e-9adf-0c27d8547166,Garrett Pressler,5,92.19,5,92.19,Open,U,A165603,MINOR,Junior,147.5085,147.5085,7.7406,19.12,26,0,6,0,0,0,0,0,,,
356a42c1-7566-4dc8-a116-e2a6e28af842,Thunder Tactical Shooters USPSA Match 09MAY2026,2026-05-09,6,On The MOVE,cec743c7-4599-473e-9adf-0c27d8547166,Phillip Nguyen,6,90.85,1,100.00,Limited Optics,M,TY152423,MINOR,,160.0000,145.3551,7.6276,17.83,25,0,7,0,0,0,1,0,,,
356a42c1-7566-4dc8-a116-e2a6e28af842,Thunder Tactical Shooters USPSA Match 09MAY2026,2026-05-09,6,On The MOVE,cec743c7-4599-473e-9adf-0c27d8547166,Anthony Giuliano,7,90.41,1,100.00,Carry Optics,M,A152263,MINOR,Law Enforcement,160.0000,144.6538,7.5908,18.18,21,0,11,0,0,0,0,0,,,
356a42c1-7566-4dc8-a116-e2a6e28af842,Thunder Tactical Shooters USPSA Match 09MAY2026,2026-05-09,6,On The MOVE,cec743c7-4599-473e-9adf-0c27d8547166,Ulrick Fong,8,89.72,1,100.00,PCC,A,A170351,MINOR,Senior,160.0000,143.5562,7.5332,18.85,23,0,9,0,0,0,0,0,,,
356a42c1-7566-4dc8-a116-e2a6e28af842,Thunder Tactical Shooters USPSA Match 09MAY2026,2026-05-09,6,On The MOVE,cec743c7-4599-473e-9adf-0c27d8547166,John Osmena,9,89.10,6,89.10,Open,C,a158206,MINOR,,142.5557,142.5557,7.4807,18.18,21,0,10,1,0,0,0,0,,,
356a42c1-7566-4dc8-a116-e2a6e28af842,Thunder Tactical Shooters USPSA Match 09MAY2026,2026-05-09,6,On The MOVE,cec743c7-4599-473e-9adf-0c27d8547166,Phil Truong,10,88.09,7,88.09,Open,B,FY128600,MINOR,,140.9378,140.9378,7.3958,19.20,23,0,9,0,0,0,0,0,,,
356a42c1-7566-4dc8-a116-e2a6e28af842,Thunder Tactical Shooters USPSA Match 09MAY2026,2026-05-09,6,On The MOVE,cec743c7-4599-473e-9adf-0c27d8547166,FRANCIS NGUYEN,11,87.54,2,96.36,Limited Optics,B,A169979,MINOR,,154.1790,140.0669,7.3501,20.68,28,0,4,0,0,0,0,0,,,
356a42c1-7566-4dc8-a116-e2a6e28af842,Thunder Tactical Shooters USPSA Match 09MAY2026,2026-05-09,6,On The MOVE,cec743c7-4599-473e-9adf-0c27d8547166,Robert Strong,12,87.33,2,97.34,PCC,M,TY135331,MINOR,,155.7394,139.7334,7.3326,17.32,22,0,9,0,1,0,0,0,,,
356a42c1-7566-4dc8-a116-e2a6e28af842,Thunder Tactical Shooters USPSA Match 09MAY2026,2026-05-09,6,On The MOVE,cec743c7-4599-473e-9adf-0c27d8547166,Glen Kruger,13,85.36,2,94.41,Carry Optics,U,A171162,MINOR,Senior,151.0608,136.5720,7.1667,20.93,27,0,5,0,0,0,0,0,,,
356a42c1-7566-4dc8-a116-e2a6e28af842,Thunder Tactical Shooters USPSA Match 09MAY2026,2026-05-09,6,On The MOVE,cec743c7-4599-473e-9adf-0c27d8547166,Drew Yang,14,84.29,3,93.23,Carry Optics,A,FY138478,MINOR,,149.1722,134.8645,7.0771,20.63,25,0,7,0,0,0,0,0,,,
356a42c1-7566-4dc8-a116-e2a6e28af842,Thunder Tactical Shooters USPSA Match 09MAY2026,2026-05-09,6,On The MOVE,cec743c7-4599-473e-9adf-0c27d8547166,Paul Torre,15,84.27,3,93.92,PCC,U,Ty88028,MINOR,Law Enforcement,150.2788,134.8340,7.0755,21.20,27,0,5,0,0,0,0,0,,,
356a42c1-7566-4dc8-a116-e2a6e28af842,Thunder Tactical Shooters USPSA Match 09MAY2026,2026-05-09,6,On The MOVE,cec743c7-4599-473e-9adf-0c27d8547166,Ryan Jaw,16,84.17,8,84.17,Open,U,Ty142907,MAJOR,,134.6721,134.6721,7.0670,18.82,19,0,12,0,1,0,0,0,,,
356a42c1-7566-4dc8-a116-e2a6e28af842,Thunder Tactical Shooters USPSA Match 09MAY2026,2026-05-09,6,On The MOVE,cec743c7-4599-473e-9adf-0c27d8547166,Alex Goben,17,83.17,4,92.00,Carry Optics,A,L5929,MINOR,,147.1929,133.0751,6.9832,21.48,27,0,5,0,0,0,0,0,,,
356a42c1-7566-4dc8-a116-e2a6e28af842,Thunder Tactical Shooters USPSA Match 09MAY2026,2026-05-09,6,On The MOVE,cec743c7-4599-473e-9adf-0c27d8547166,Seth Dickens,18,83.04,5,91.85,Carry Optics,C,A165855,MINOR,,146.9632,132.8674,6.9723,20.94,25,0,7,0,0,0,0,0,,,
356a42c1-7566-4dc8-a116-e2a6e28af842,Thunder Tactical Shooters USPSA Match 09MAY2026,2026-05-09,6,On The MOVE,cec743c7-4599-473e-9adf-0c27d8547166,Jose Onia,19,82.14,3,90.42,Limited Optics,M,A134359,MINOR,,144.6662,131.4248,6.8966,20.30,23,0,8,1,0,0,0,0,,,
356a42c1-7566-4dc8-a116-e2a6e28af842,Thunder Tactical Shooters USPSA Match 09MAY2026,2026-05-09,6,On The MOVE,cec743c7-4599-473e-9adf-0c27d8547166,Mike Junco,20,79.02,9,79.02,Open,U,TY34819,MINOR,Senior; Law Enforcement,126.4358,126.4358,6.6348,18.84,21,0,10,0,1,0,0,0,,,
356a42c1-7566-4dc8-a116-e2a6e28af842,Thunder Tactical Shooters USPSA Match 09MAY2026,2026-05-09,6,On The MOVE,cec743c7-4599-473e-9adf-0c27d8547166,Daniell Gianelloni,21,78.26,10,78.26,Open,U,FY134287,MINOR,Law Enforcement,125.2200,125.2200,6.5710,21.61,24,0,7,1,0,0,0,0,,,
356a42c1-7566-4dc8-a116-e2a6e28af842,Thunder Tactical Shooters USPSA Match 09MAY2026,2026-05-09,6,On The MOVE,cec743c7-4599-473e-9adf-0c27d8547166,Adriel Taylor,22,78.12,4,85.99,Limited Optics,U,X,MINOR,,137.5909,124.9971,6.5593,17.38,22,0,8,0,2,0,0,0,,,
356a42c1-7566-4dc8-a116-e2a6e28af842,Thunder Tactical Shooters USPSA Match 09MAY2026,2026-05-09,6,On The MOVE,cec743c7-4599-473e-9adf-0c27d8547166,Jorge Cahas,23,77.42,11,77.42,Open,B,F-44522,MAJOR,Senior,123.8785,123.8785,6.5006,23.69,26,0,6,0,0,0,0,0,,,
356a42c1-7566-4dc8-a116-e2a6e28af842,Thunder Tactical Shooters USPSA Match 09MAY2026,2026-05-09,6,On The MOVE,cec743c7-4599-473e-9adf-0c27d8547166,David Zhang,24,76.33,5,84.03,Limited Optics,A,FY140383,MINOR,,134.4402,122.1348,6.4091,22.78,25,0,7,0,0,0,0,0,,,
356a42c1-7566-4dc8-a116-e2a6e28af842,Thunder Tactical Shooters USPSA Match 09MAY2026,2026-05-09,6,On The MOVE,cec743c7-4599-473e-9adf-0c27d8547166,Steven McNamara,25,74.28,6,81.76,Limited Optics,B,A75212,MINOR,Senior,130.8197,118.8457,6.2365,23.09,24,0,8,0,0,0,0,0,,,
356a42c1-7566-4dc8-a116-e2a6e28af842,Thunder Tactical Shooters USPSA Match 09MAY2026,2026-05-09,6,On The MOVE,cec743c7-4599-473e-9adf-0c27d8547166,Luke Brazil,26,71.62,6,79.22,Carry Optics,B,A176225,MINOR,,126.7577,114.5999,6.0137,21.95,19,0,12,1,0,0,0,0,,,
356a42c1-7566-4dc8-a116-e2a6e28af842,Thunder Tactical Shooters USPSA Match 09MAY2026,2026-05-09,6,On The MOVE,cec743c7-4599-473e-9adf-0c27d8547166,henry pham,27,71.52,7,79.11,Carry Optics,C,A171802,MINOR,,126.5743,114.4341,6.0050,23.98,25,0,6,1,0,0,0,0,,,
356a42c1-7566-4dc8-a116-e2a6e28af842,Thunder Tactical Shooters USPSA Match 09MAY2026,2026-05-09,6,On The MOVE,cec743c7-4599-473e-9adf-0c27d8547166,Jim Havens,28,71.20,7,78.37,Limited Optics,M,a114636,MINOR,Senior,125.3930,113.9157,5.9778,23.42,27,0,5,0,0,0,1,0,,,
356a42c1-7566-4dc8-a116-e2a6e28af842,Thunder Tactical Shooters USPSA Match 09MAY2026,2026-05-09,6,On The MOVE,cec743c7-4599-473e-9adf-0c27d8547166,Saunders Arnold,29,70.51,4,78.59,PCC,U,L5609,MINOR,,125.7474,112.8238,5.9205,24.66,30,0,2,0,0,0,1,0,,,
356a42c1-7566-4dc8-a116-e2a6e28af842,Thunder Tactical Shooters USPSA Match 09MAY2026,2026-05-09,6,On The MOVE,cec743c7-4599-473e-9adf-0c27d8547166,Ivan Velazquez,30,70.40,8,77.87,Carry Optics,A,A108486,MINOR,,124.5845,112.6352,5.9106,20.81,20,0,11,0,1,0,0,0,,,
356a42c1-7566-4dc8-a116-e2a6e28af842,Thunder Tactical Shooters USPSA Match 09MAY2026,2026-05-09,6,On The MOVE,cec743c7-4599-473e-9adf-0c27d8547166,Bryant Moorefield,31,69.59,8,76.60,Limited Optics,U,A176823,MINOR,,122.5675,111.3488,5.8431,23.96,22,0,10,0,0,0,0,0,,,
356a42c1-7566-4dc8-a116-e2a6e28af842,Thunder Tactical Shooters USPSA Match 09MAY2026,2026-05-09,6,On The MOVE,cec743c7-4599-473e-9adf-0c27d8547166,Mark Tutt,32,69.51,12,69.51,Open,U,A175310,MINOR,Military,111.2174,111.2174,5.8362,22.96,20,0,11,1,0,0,0,0,,,
356a42c1-7566-4dc8-a116-e2a6e28af842,Thunder Tactical Shooters USPSA Match 09MAY2026,2026-05-09,6,On The MOVE,cec743c7-4599-473e-9adf-0c27d8547166,Michael Pontious,33,69.38,9,76.37,Limited Optics,B,A94575,MINOR,Super Senior,122.1920,111.0077,5.8252,22.66,19,0,12,1,0,0,0,0,,,
356a42c1-7566-4dc8-a116-e2a6e28af842,Thunder Tactical Shooters USPSA Match 09MAY2026,2026-05-09,6,On The MOVE,cec743c7-4599-473e-9adf-0c27d8547166,Coder Wang,34,68.98,5,76.88,PCC,B,A170259,MINOR,,123.0075,110.3655,5.7915,23.31,26,0,5,0,1,0,0,0,,,
356a42c1-7566-4dc8-a116-e2a6e28af842,Thunder Tactical Shooters USPSA Match 09MAY2026,2026-05-09,6,On The MOVE,cec743c7-4599-473e-9adf-0c27d8547166,james rogers,35,68.73,9,76.03,Carry Optics,A,A101402,MINOR,Law Enforcement,121.6420,109.9749,5.7710,22.18,16,0,16,0,0,0,0,0,,,
356a42c1-7566-4dc8-a116-e2a6e28af842,Thunder Tactical Shooters USPSA Match 09MAY2026,2026-05-09,6,On The MOVE,cec743c7-4599-473e-9adf-0c27d8547166,Byron McGowen,36,68.20,13,68.20,Open,D,A159731,MAJOR,Military,109.1154,109.1154,5.7259,27.07,27,0,5,0,0,0,0,0,,,
356a42c1-7566-4dc8-a116-e2a6e28af842,Thunder Tactical Shooters USPSA Match 09MAY2026,2026-05-09,6,On The MOVE,cec743c7-4599-473e-9adf-0c27d8547166,Joseph Wilkie,37,66.36,10,73.40,Carry Optics,C,A166735,MINOR,,117.4369,106.1731,5.5715,24.41,22,0,8,2,0,0,0,0,,,
356a42c1-7566-4dc8-a116-e2a6e28af842,Thunder Tactical Shooters USPSA Match 09MAY2026,2026-05-09,6,On The MOVE,cec743c7-4599-473e-9adf-0c27d8547166,chris bulkley,38,65.93,11,72.93,Carry Optics,B,A159469,MINOR,,116.6844,105.4928,5.5358,25.29,22,0,10,0,0,0,0,0,,,
356a42c1-7566-4dc8-a116-e2a6e28af842,Thunder Tactical Shooters USPSA Match 09MAY2026,2026-05-09,6,On The MOVE,cec743c7-4599-473e-9adf-0c27d8547166,Travis Edwards,39,65.52,10,72.12,Limited Optics,B,A107004,MINOR,,115.3936,104.8315,5.5011,23.45,23,0,8,0,1,0,0,0,,,
356a42c1-7566-4dc8-a116-e2a6e28af842,Thunder Tactical Shooters USPSA Match 09MAY2026,2026-05-09,6,On The MOVE,cec743c7-4599-473e-9adf-0c27d8547166,Joshua Blume,40,61.78,12,68.33,Carry Optics,A,A148746,MINOR,,109.3345,98.8478,5.1871,23.52,18,0,14,0,0,0,1,0,,,
356a42c1-7566-4dc8-a116-e2a6e28af842,Thunder Tactical Shooters USPSA Match 09MAY2026,2026-05-09,6,On The MOVE,cec743c7-4599-473e-9adf-0c27d8547166,Grant Tucek,41,61.75,13,68.31,Carry Optics,U,A162865,MINOR,,109.2881,98.8059,5.1849,28.93,27,0,5,0,0,0,0,0,,,
356a42c1-7566-4dc8-a116-e2a6e28af842,Thunder Tactical Shooters USPSA Match 09MAY2026,2026-05-09,6,On The MOVE,cec743c7-4599-473e-9adf-0c27d8547166,Napoleon Lewis,42,61.34,14,61.34,Open,U,A154149,MINOR,Senior; Military,98.1503,98.1503,5.1505,29.90,29,0,3,0,0,0,0,0,,,
356a42c1-7566-4dc8-a116-e2a6e28af842,Thunder Tactical Shooters USPSA Match 09MAY2026,2026-05-09,6,On The MOVE,cec743c7-4599-473e-9adf-0c27d8547166,Andre Wijaya,43,60.79,15,60.79,Open,B,A175473,MAJOR,,97.2566,97.2566,5.1036,19.79,19,0,8,2,3,0,0,0,,,
356a42c1-7566-4dc8-a116-e2a6e28af842,Thunder Tactical Shooters USPSA Match 09MAY2026,2026-05-09,6,On The MOVE,cec743c7-4599-473e-9adf-0c27d8547166,Harlan Chen,44,59.33,11,65.31,Limited Optics,B,A163292,MINOR,,104.4984,94.9336,4.9817,27.30,21,0,10,1,0,0,0,0,,,
356a42c1-7566-4dc8-a116-e2a6e28af842,Thunder Tactical Shooters USPSA Match 09MAY2026,2026-05-09,6,On The MOVE,cec743c7-4599-473e-9adf-0c27d8547166,Joseph Pinkley,45,59.11,16,59.11,Open,U,Na,MINOR,,94.5811,94.5811,4.9632,27.20,26,0,5,0,1,0,0,0,,,
356a42c1-7566-4dc8-a116-e2a6e28af842,Thunder Tactical Shooters USPSA Match 09MAY2026,2026-05-09,6,On The MOVE,cec743c7-4599-473e-9adf-0c27d8547166,Dan Ausmus,46,59.01,17,59.01,Open,U,L6447,MINOR,,94.4191,94.4191,4.9547,18.77,19,0,9,1,3,0,0,0,,,
356a42c1-7566-4dc8-a116-e2a6e28af842,Thunder Tactical Shooters USPSA Match 09MAY2026,2026-05-09,6,On The MOVE,cec743c7-4599-473e-9adf-0c27d8547166,Joseph White,47,58.66,14,64.88,Carry Optics,M,A135489,MINOR,Law Enforcement,103.8120,93.8550,4.9251,25.38,21,0,10,0,1,0,0,0,,,
356a42c1-7566-4dc8-a116-e2a6e28af842,Thunder Tactical Shooters USPSA Match 09MAY2026,2026-05-09,6,On The MOVE,cec743c7-4599-473e-9adf-0c27d8547166,Matthew Lem,48,58.48,18,58.48,Open,U,A34763,MINOR,Senior; Law Enforcement,93.5653,93.5653,4.9099,26.07,21,0,11,0,0,0,1,0,,,
356a42c1-7566-4dc8-a116-e2a6e28af842,Thunder Tactical Shooters USPSA Match 09MAY2026,2026-05-09,6,On The MOVE,cec743c7-4599-473e-9adf-0c27d8547166,Xingzheng Sun,49,57.60,15,63.71,Carry Optics,U,A182524,MINOR,Junior,101.9360,92.1590,4.8361,31.43,28,0,4,0,0,0,0,0,,,
356a42c1-7566-4dc8-a116-e2a6e28af842,Thunder Tactical Shooters USPSA Match 09MAY2026,2026-05-09,6,On The MOVE,cec743c7-4599-473e-9adf-0c27d8547166,Todd Liscano,50,57.19,16,63.26,Carry Optics,U,A172140,MINOR,,101.2109,91.5034,4.8017,23.95,21,0,10,0,1,0,1,0,,,
356a42c1-7566-4dc8-a116-e2a6e28af842,Thunder Tactical Shooters USPSA Match 09MAY2026,2026-05-09,6,On The MOVE,cec743c7-4599-473e-9adf-0c27d8547166,James Berry,51,57.10,17,63.16,Carry Optics,U,A174774,MINOR,,101.0592,91.3662,4.7945,27.74,25,0,6,0,1,0,0,0,,,
356a42c1-7566-4dc8-a116-e2a6e28af842,Thunder Tactical Shooters USPSA Match 09MAY2026,2026-05-09,6,On The MOVE,cec743c7-4599-473e-9adf-0c27d8547166,Taylor Latham,52,53.97,1,100.00,Limited,B,TY39841,MINOR,Super Senior,160.0000,86.3449,4.5310,28.25,16,0,16,0,0,0,0,0,,,
356a42c1-7566-4dc8-a116-e2a6e28af842,Thunder Tactical Shooters USPSA Match 09MAY2026,2026-05-09,6,On The MOVE,cec743c7-4599-473e-9adf-0c27d8547166,Sean Finnerty,53,52.70,18,58.29,Carry Optics,C,A166724,MINOR,,93.2666,84.3211,4.4248,36.16,32,0,0,0,0,0,0,0,,,
356a42c1-7566-4dc8-a116-e2a6e28af842,Thunder Tactical Shooters USPSA Match 09MAY2026,2026-05-09,6,On The MOVE,cec743c7-4599-473e-9adf-0c27d8547166,Waltz Noguerra,54,51.93,19,57.44,Carry Optics,C,A137731,MINOR,Senior,91.8986,83.0843,4.3599,28.90,17,0,13,2,0,0,0,0,,,
356a42c1-7566-4dc8-a116-e2a6e28af842,Thunder Tactical Shooters USPSA Match 09MAY2026,2026-05-09,6,On The MOVE,cec743c7-4599-473e-9adf-0c27d8547166,Chris Ballard,55,50.44,12,55.52,Limited Optics,D,A178189,MINOR,,88.8353,80.7041,4.2350,26.21,17,0,11,3,1,0,0,0,,,
356a42c1-7566-4dc8-a116-e2a6e28af842,Thunder Tactical Shooters USPSA Match 09MAY2026,2026-05-09,6,On The MOVE,cec743c7-4599-473e-9adf-0c27d8547166,Phyl Santos,56,49.47,13,54.45,Limited Optics,A,Bhhh,MINOR,,87.1194,79.1453,4.1532,18.54,16,0,12,1,3,0,1,0,,,
356a42c1-7566-4dc8-a116-e2a6e28af842,Thunder Tactical Shooters USPSA Match 09MAY2026,2026-05-09,6,On The MOVE,cec743c7-4599-473e-9adf-0c27d8547166,reid little,57,49.40,19,49.40,Open,U,A182187,MINOR,,79.0329,79.0329,4.1473,30.14,21,0,10,0,1,0,0,0,,,
356a42c1-7566-4dc8-a116-e2a6e28af842,Thunder Tactical Shooters USPSA Match 09MAY2026,2026-05-09,6,On The MOVE,cec743c7-4599-473e-9adf-0c27d8547166,Garth Plyler,58,48.92,1,100.00,Production,U,a174944,MINOR,,160.0000,78.2725,4.1074,25.32,19,0,9,2,2,0,0,0,,,
356a42c1-7566-4dc8-a116-e2a6e28af842,Thunder Tactical Shooters USPSA Match 09MAY2026,2026-05-09,6,On The MOVE,cec743c7-4599-473e-9adf-0c27d8547166,Jesse Rincon,59,48.89,20,54.07,Carry Optics,U,A177758,MINOR,,86.5153,78.2173,4.1045,26.80,25,0,5,0,2,0,1,0,,,
356a42c1-7566-4dc8-a116-e2a6e28af842,Thunder Tactical Shooters USPSA Match 09MAY2026,2026-05-09,6,On The MOVE,cec743c7-4599-473e-9adf-0c27d8547166,Bob Purcell,60,47.64,14,52.44,Limited Optics,U,TY111994,MINOR,Super Senior,83.9058,76.2259,4.0000,34.00,20,0,12,0,0,0,0,0,,,
356a42c1-7566-4dc8-a116-e2a6e28af842,Thunder Tactical Shooters USPSA Match 09MAY2026,2026-05-09,6,On The MOVE,cec743c7-4599-473e-9adf-0c27d8547166,Zachary Deason,61,47.44,15,52.22,Limited Optics,U,A172975,MINOR,,83.5597,75.9114,3.9835,26.61,18,0,12,0,2,0,0,0,,,
356a42c1-7566-4dc8-a116-e2a6e28af842,Thunder Tactical Shooters USPSA Match 09MAY2026,2026-05-09,6,On The MOVE,cec743c7-4599-473e-9adf-0c27d8547166,Justin Wilkie,62,46.69,20,46.69,Open,D,A172037,MINOR,,74.6994,74.6994,3.9199,35.97,29,0,2,0,1,0,0,0,,,
356a42c1-7566-4dc8-a116-e2a6e28af842,Thunder Tactical Shooters USPSA Match 09MAY2026,2026-05-09,6,On The MOVE,cec743c7-4599-473e-9adf-0c27d8547166,Kit Bong Morales,63,46.01,16,50.64,Limited Optics,D,A57907,MINOR,Senior,81.0299,73.6132,3.8629,29.77,18,0,11,2,1,0,0,0,,,
356a42c1-7566-4dc8-a116-e2a6e28af842,Thunder Tactical Shooters USPSA Match 09MAY2026,2026-05-09,6,On The MOVE,cec743c7-4599-473e-9adf-0c27d8547166,Yul Kwan,64,44.74,21,44.74,Open,C,A156984,MAJOR,Senior,71.5837,71.5837,3.7564,35.14,22,0,7,2,1,0,0,0,,,
356a42c1-7566-4dc8-a116-e2a6e28af842,Thunder Tactical Shooters USPSA Match 09MAY2026,2026-05-09,6,On The MOVE,cec743c7-4599-473e-9adf-0c27d8547166,Tony Sullivan,65,44.48,17,48.96,Limited Optics,U,A176593,MINOR,,78.3429,71.1721,3.7348,36.95,27,0,4,1,0,0,1,0,,,
356a42c1-7566-4dc8-a116-e2a6e28af842,Thunder Tactical Shooters USPSA Match 09MAY2026,2026-05-09,6,On The MOVE,cec743c7-4599-473e-9adf-0c27d8547166,Charles Spears,66,42.32,21,46.81,Carry Optics,B,A164017,MINOR,,74.8970,67.7133,3.5533,21.67,23,0,4,0,5,0,0,0,,,
356a42c1-7566-4dc8-a116-e2a6e28af842,Thunder Tactical Shooters USPSA Match 09MAY2026,2026-05-09,6,On The MOVE,cec743c7-4599-473e-9adf-0c27d8547166,John Ren,67,42.03,22,46.49,Carry Optics,A,A168570,MINOR,,74.3827,67.2484,3.5289,24.37,21,0,7,0,4,0,0,0,,,
356a42c1-7566-4dc8-a116-e2a6e28af842,Thunder Tactical Shooters USPSA Match 09MAY2026,2026-05-09,6,On The MOVE,cec743c7-4599-473e-9adf-0c27d8547166,Joseph Reyes,68,38.19,23,42.25,Carry Optics,C,A127665,MINOR,Super Senior,67.5934,61.1103,3.2068,38.98,26,0,5,0,1,0,1,0,,,
356a42c1-7566-4dc8-a116-e2a6e28af842,Thunder Tactical Shooters USPSA Match 09MAY2026,2026-05-09,6,On The MOVE,cec743c7-4599-473e-9adf-0c27d8547166,Andrew Malcolm,69,37.81,24,41.82,Carry Optics,B,A169439,MINOR,,66.9147,60.4967,3.1746,28.35,20,0,10,0,2,0,2,0,,,
356a42c1-7566-4dc8-a116-e2a6e28af842,Thunder Tactical Shooters USPSA Match 09MAY2026,2026-05-09,6,On The MOVE,cec743c7-4599-473e-9adf-0c27d8547166,Eric Cooper,70,35.57,1,100.00,Single Stack,C,A57512,MINOR,Super Senior,160.0000,56.9083,2.9863,48.22,25,0,6,1,0,0,0,0,,,
356a42c1-7566-4dc8-a116-e2a6e28af842,Thunder Tactical Shooters USPSA Match 09MAY2026,2026-05-09,6,On The MOVE,cec743c7-4599-473e-9adf-0c27d8547166,Chris Oatman,71,35.40,25,39.15,Carry Optics,C,A169819,MINOR,,62.6421,56.6339,2.9719,42.06,21,0,10,0,1,0,0,0,,,
356a42c1-7566-4dc8-a116-e2a6e28af842,Thunder Tactical Shooters USPSA Match 09MAY2026,2026-05-09,6,On The MOVE,cec743c7-4599-473e-9adf-0c27d8547166,Merle Aber,72,35.01,26,38.72,Carry Optics,U,A182176,MINOR,,61.9592,56.0165,2.9395,35.04,24,0,4,1,3,0,0,0,,,
356a42c1-7566-4dc8-a116-e2a6e28af842,Thunder Tactical Shooters USPSA Match 09MAY2026,2026-05-09,6,On The MOVE,cec743c7-4599-473e-9adf-0c27d8547166,peter nguyen,73,34.99,18,38.52,Limited Optics,U,A143545,MINOR,,61.6288,55.9879,2.9380,46.97,21,0,11,0,0,0,0,0,,,
356a42c1-7566-4dc8-a116-e2a6e28af842,Thunder Tactical Shooters USPSA Match 09MAY2026,2026-05-09,6,On The MOVE,cec743c7-4599-473e-9adf-0c27d8547166,Patrick Gilbert,74,33.67,2,68.83,Production,U,A153729,MINOR,,110.1232,53.8726,2.8270,29.36,18,0,11,0,3,0,0,1,,,
356a42c1-7566-4dc8-a116-e2a6e28af842,Thunder Tactical Shooters USPSA Match 09MAY2026,2026-05-09,6,On The MOVE,cec743c7-4599-473e-9adf-0c27d8547166,Tommy Teas,75,33.25,2,61.61,Limited,B,FY2227,MAJOR,Super Senior,98.5813,53.1999,2.7917,48.00,22,0,8,1,1,0,0,0,,,
356a42c1-7566-4dc8-a116-e2a6e28af842,Thunder Tactical Shooters USPSA Match 09MAY2026,2026-05-09,6,On The MOVE,cec743c7-4599-473e-9adf-0c27d8547166,Cade Horton,76,32.92,19,36.23,Limited Optics,U,A168751,MINOR,,57.9726,52.6664,2.7637,17.73,15,0,11,1,5,0,1,0,,,
356a42c1-7566-4dc8-a116-e2a6e28af842,Thunder Tactical Shooters USPSA Match 09MAY2026,2026-05-09,6,On The MOVE,cec743c7-4599-473e-9adf-0c27d8547166,Thomas Pinney,77,32.76,6,36.51,PCC,U,1234,MINOR,Super Senior,58.4187,52.4148,2.7505,51.99,30,0,1,0,1,0,0,0,,,
356a42c1-7566-4dc8-a116-e2a6e28af842,Thunder Tactical Shooters USPSA Match 09MAY2026,2026-05-09,6,On The MOVE,cec743c7-4599-473e-9adf-0c27d8547166,Brett Hadley,78,32.44,22,32.44,Open,U,A179130,MINOR,,51.9041,51.9041,2.7237,25.70,18,0,10,0,4,0,1,0,,,
356a42c1-7566-4dc8-a116-e2a6e28af842,Thunder Tactical Shooters USPSA Match 09MAY2026,2026-05-09,6,On The MOVE,cec743c7-4599-473e-9adf-0c27d8547166,Jerry Bedro,79,32.31,20,35.56,Limited Optics,B,A98263,MINOR,,56.8965,51.6888,2.7124,33.55,18,0,10,1,3,0,0,0,,,
356a42c1-7566-4dc8-a116-e2a6e28af842,Thunder Tactical Shooters USPSA Match 09MAY2026,2026-05-09,6,On The MOVE,cec743c7-4599-473e-9adf-0c27d8547166,Theo Judice,80,32.15,21,35.39,Limited Optics,U,A174771,MINOR,,56.6175,51.4353,2.6991,37.79,21,0,9,0,2,0,1,0,,,
356a42c1-7566-4dc8-a116-e2a6e28af842,Thunder Tactical Shooters USPSA Match 09MAY2026,2026-05-09,6,On The MOVE,cec743c7-4599-473e-9adf-0c27d8547166,Kevin Baker,81,30.12,22,33.15,Limited Optics,C,A95439,MINOR,Senior,53.0390,48.1843,2.5285,24.52,12,0,13,3,4,0,0,0,,,
356a42c1-7566-4dc8-a116-e2a6e28af842,Thunder Tactical Shooters USPSA Match 09MAY2026,2026-05-09,6,On The MOVE,cec743c7-4599-473e-9adf-0c27d8547166,Dale Hamm,82,30.06,3,55.70,Limited,C,TY97196,MAJOR,Super Senior,89.1247,48.0966,2.5239,37.64,21,0,7,1,3,0,1,0,,,
356a42c1-7566-4dc8-a116-e2a6e28af842,Thunder Tactical Shooters USPSA Match 09MAY2026,2026-05-09,6,On The MOVE,cec743c7-4599-473e-9adf-0c27d8547166,Ron Plesko,83,29.62,27,32.76,Carry Optics,D,TY138017,MINOR,Super Senior,52.4214,47.3934,2.4870,51.87,23,0,8,0,1,0,0,0,,,
356a42c1-7566-4dc8-a116-e2a6e28af842,Thunder Tactical Shooters USPSA Match 09MAY2026,2026-05-09,6,On The MOVE,cec743c7-4599-473e-9adf-0c27d8547166,John Thomas,84,29.16,3,59.62,Production,U,na,MINOR,,95.3869,46.6636,2.4487,27.77,13,0,14,1,4,0,0,0,,,
356a42c1-7566-4dc8-a116-e2a6e28af842,Thunder Tactical Shooters USPSA Match 09MAY2026,2026-05-09,6,On The MOVE,cec743c7-4599-473e-9adf-0c27d8547166,Eric Mccampbell,85,28.14,4,52.14,Limited,B,A14332,MAJOR,Senior,83.4253,45.0209,2.3625,29.63,20,0,7,1,4,0,1,1,,,
356a42c1-7566-4dc8-a116-e2a6e28af842,Thunder Tactical Shooters USPSA Match 09MAY2026,2026-05-09,6,On The MOVE,cec743c7-4599-473e-9adf-0c27d8547166,Kyle Poole,86,24.95,5,46.23,Limited,U,A182134,MINOR,,73.9687,39.9176,2.0947,36.76,18,0,8,3,3,0,1,0,,,
356a42c1-7566-4dc8-a116-e2a6e28af842,Thunder Tactical Shooters USPSA Match 09MAY2026,2026-05-09,6,On The MOVE,cec743c7-4599-473e-9adf-0c27d8547166,Josh Vickers,87,23.80,6,44.11,Limited,U,A168865,MINOR,,70.5681,38.0824,1.9984,24.52,20,0,6,1,5,0,2,0,,,
356a42c1-7566-4dc8-a116-e2a6e28af842,Thunder Tactical Shooters USPSA Match 09MAY2026,2026-05-09,6,On The MOVE,cec743c7-4599-473e-9adf-0c27d8547166,Noah Wilkie,88,4.88,7,9.04,Limited,U,A182163,MINOR,,14.4639,7.8055,0.4096,34.18,16,0,8,0,8,0,1,0,,,
356a42c1-7566-4dc8-a116-e2a6e28af842,Thunder Tactical Shooters USPSA Match 09MAY2026,2026-05-09,6,On The MOVE,cec743c7-4599-473e-9adf-0c27d8547166,Luke Crawford,89,0.00,7,0.00,PCC,U,A166717,MINOR,Law Enforcement,0.0000,0.0000,,,,,×0.27 (worst),×0.53 (worst),×1.99 (worst),,×1.33 (worst),,,21.24 (worst),
356a42c1-7566-4dc8-a116-e2a6e28af842,Thunder Tactical Shooters USPSA Match 09MAY2026,2026-05-09,6,On The MOVE,cec743c7-4599-473e-9adf-0c27d8547166,Jeno Fredericks,90,0.00,23,0.00,Open,U,A177910,MINOR,,0.0000,0.0000,,,,,×0.24 (worst),×0.48 (worst),×1.79 (worst),,×1.19 (worst),,,19.06 (worst),
356a42c1-7566-4dc8-a116-e2a6e28af842,Thunder Tactical Shooters USPSA Match 09MAY2026,2026-05-09,6,On The MOVE,cec743c7-4599-473e-9adf-0c27d8547166,Bruce Lamb,91,0.00,24,0.00,Open,A,L-997,MINOR,Super Senior,0.0000,0.0000,,,,,×0.24 (worst),×0.48 (worst),×1.79 (worst),,×1.19 (worst),,,19.06 (worst),
356a42c1-7566-4dc8-a116-e2a6e28af842,Thunder Tactical Shooters USPSA Match 09MAY2026,2026-05-09,6,On The MOVE,cec743c7-4599-473e-9adf-0c27d8547166,TJ Middleton,92,0.00,8,0.00,PCC,C,TY171913,MINOR,,0.0000,0.0000,,,,,×0.27 (worst),×0.53 (worst),×1.99 (worst),,×1.33 (worst),,,21.24 (worst),
356a42c1-7566-4dc8-a116-e2a6e28af842,Thunder Tactical Shooters USPSA Match 09MAY2026,2026-05-09,6,On The MOVE,cec743c7-4599-473e-9adf-0c27d8547166,Manny Nerona,93,0.00,23,0.00,Limited Optics,B,A69445,MINOR,,0.0000,0.0000,,,,,×0.26 (worst),×0.52 (worst),×1.97 (worst),,×1.31 (worst),,,20.98 (worst),
356a42c1-7566-4dc8-a116-e2a6e28af842,Thunder Tactical Shooters USPSA Match 09MAY2026,2026-05-09,6,On The MOVE,cec743c7-4599-473e-9adf-0c27d8547166,Angel Velazquez,94,0.00,28,0.00,Carry Optics,X,A115894,MINOR,,0.0000,0.0000,,,,,×0.26 (worst),×0.53 (worst),×1.98 (worst),,×1.32 (worst),,,21.08 (worst),
356a42c1-7566-4dc8-a116-e2a6e28af842,Thunder Tactical Shooters USPSA Match 09MAY2026,2026-05-09,6,On The MOVE,cec743c7-4599-473e-9adf-0c27d8547166,ian loyd,95,0.00,29,0.00,Carry Optics,U,A148072,MINOR,,0.0000,0.0000,,,,,×0.26 (worst),×0.53 (worst),×1.98 (worst),,×1.32 (worst),,,21.08 (worst),
356a42c1-7566-4dc8-a116-e2a6e28af842,Thunder Tactical Shooters USPSA Match 09MAY2026,2026-05-09,6,On The MOVE,cec743c7-4599-473e-9adf-0c27d8547166,Christian Fling,96,0.00,24,0.00,Limited Optics,U,A179677,MINOR,Law Enforcement,0.0000,0.0000,0.0000,28.53,18,0,6,1,7,0,3,1,,,
356a42c1-7566-4dc8-a116-e2a6e28af842,Thunder Tactical Shooters USPSA Match 09MAY2026,2026-05-09,7,Uneven Flow,45495a3f-fef9-4d78-afdf-7d8f5f28c6ed,Anthony Fong,1,100.00,1,100.00,Open,M,A142224,MINOR,,145.0000,145.0000,7.4015,18.78,26,0,3,0,0,0,0,0,,,
356a42c1-7566-4dc8-a116-e2a6e28af842,Thunder Tactical Shooters USPSA Match 09MAY2026,2026-05-09,7,Uneven Flow,45495a3f-fef9-4d78-afdf-7d8f5f28c6ed,Garrett Pressler,2,99.25,2,99.25,Open,U,A165603,MINOR,Junior,143.9088,143.9088,7.3458,18.65,25,0,4,0,0,0,0,0,,,
356a42c1-7566-4dc8-a116-e2a6e28af842,Thunder Tactical Shooters USPSA Match 09MAY2026,2026-05-09,7,Uneven Flow,45495a3f-fef9-4d78-afdf-7d8f5f28c6ed,Ryan Jaw,3,90.33,3,90.33,Open,U,Ty142907,MAJOR,,130.9790,130.9790,6.6858,20.94,24,0,5,0,0,0,0,0,,,
356a42c1-7566-4dc8-a116-e2a6e28af842,Thunder Tactical Shooters USPSA Match 09MAY2026,2026-05-09,7,Uneven Flow,45495a3f-fef9-4d78-afdf-7d8f5f28c6ed,Olayemi Bakare,4,87.85,4,87.85,Open,A,A105300,MAJOR,,127.3802,127.3802,6.5021,21.07,25,0,2,2,0,0,0,0,,,
356a42c1-7566-4dc8-a116-e2a6e28af842,Thunder Tactical Shooters USPSA Match 09MAY2026,2026-05-09,7,Uneven Flow,45495a3f-fef9-4d78-afdf-7d8f5f28c6ed,Jim Havens,5,85.73,1,100.00,Limited Optics,M,a114636,MINOR,Senior,145.0000,124.3143,6.3456,22.22,27,0,2,0,0,0,0,0,,,
356a42c1-7566-4dc8-a116-e2a6e28af842,Thunder Tactical Shooters USPSA Match 09MAY2026,2026-05-09,7,Uneven Flow,45495a3f-fef9-4d78-afdf-7d8f5f28c6ed,Joshua Blume,6,85.66,1,100.00,Carry Optics,A,A148746,MINOR,,145.0000,124.2085,6.3402,22.87,29,0,0,0,0,0,0,0,,,
356a42c1-7566-4dc8-a116-e2a6e28af842,Thunder Tactical Shooters USPSA Match 09MAY2026,2026-05-09,7,Uneven Flow,45495a3f-fef9-4d78-afdf-7d8f5f28c6ed,Anthony Giuliano,7,85.49,2,99.80,Carry Optics,M,A152263,MINOR,Law Enforcement,144.7050,123.9558,6.3273,21.02,23,0,6,0,0,0,0,0,,,
356a42c1-7566-4dc8-a116-e2a6e28af842,Thunder Tactical Shooters USPSA Match 09MAY2026,2026-05-09,7,Uneven Flow,45495a3f-fef9-4d78-afdf-7d8f5f28c6ed,Robert Strong,8,84.44,1,100.00,PCC,M,TY135331,MINOR,,145.0000,122.4414,6.2500,20.32,21,0,7,1,0,0,0,0,,,
356a42c1-7566-4dc8-a116-e2a6e28af842,Thunder Tactical Shooters USPSA Match 09MAY2026,2026-05-09,7,Uneven Flow,45495a3f-fef9-4d78-afdf-7d8f5f28c6ed,Seth Dickens,9,83.10,3,97.00,Carry Optics,C,A165855,MINOR,,140.6570,120.4882,6.1503,21.95,24,0,5,0,0,0,0,0,,,
356a42c1-7566-4dc8-a116-e2a6e28af842,Thunder Tactical Shooters USPSA Match 09MAY2026,2026-05-09,7,Uneven Flow,45495a3f-fef9-4d78-afdf-7d8f5f28c6ed,FRANCIS NGUYEN,10,82.75,2,96.51,Limited Optics,B,A169979,MINOR,,139.9455,119.9808,6.1244,21.39,23,0,5,1,0,0,0,0,,,
356a42c1-7566-4dc8-a116-e2a6e28af842,Thunder Tactical Shooters USPSA Match 09MAY2026,2026-05-09,7,Uneven Flow,45495a3f-fef9-4d78-afdf-7d8f5f28c6ed,Andre Wijaya,11,81.02,5,81.02,Open,B,A175473,MAJOR,,117.4850,117.4850,5.9970,20.01,18,0,10,0,1,0,0,0,,,
356a42c1-7566-4dc8-a116-e2a6e28af842,Thunder Tactical Shooters USPSA Match 09MAY2026,2026-05-09,7,Uneven Flow,45495a3f-fef9-4d78-afdf-7d8f5f28c6ed,Dan Ausmus,12,80.22,6,80.22,Open,U,L6447,MINOR,,116.3193,116.3193,5.9375,19.20,21,0,6,1,1,0,0,0,,,
356a42c1-7566-4dc8-a116-e2a6e28af842,Thunder Tactical Shooters USPSA Match 09MAY2026,2026-05-09,7,Uneven Flow,45495a3f-fef9-4d78-afdf-7d8f5f28c6ed,Jose Onia,13,79.61,3,92.86,Limited Optics,M,A134359,MINOR,,134.6487,115.4397,5.8926,22.91,24,0,5,0,0,0,0,0,,,
356a42c1-7566-4dc8-a116-e2a6e28af842,Thunder Tactical Shooters USPSA Match 09MAY2026,2026-05-09,7,Uneven Flow,45495a3f-fef9-4d78-afdf-7d8f5f28c6ed,Phillip Nguyen,14,79.48,4,92.70,Limited Optics,M,TY152423,MINOR,,134.4157,115.2399,5.8824,19.55,20,0,8,1,0,0,1,0,,,
356a42c1-7566-4dc8-a116-e2a6e28af842,Thunder Tactical Shooters USPSA Match 09MAY2026,2026-05-09,7,Uneven Flow,45495a3f-fef9-4d78-afdf-7d8f5f28c6ed,Alex Goben,15,78.79,4,91.98,Carry Optics,A,L5929,MINOR,,133.3775,114.2525,5.8320,24.52,28,0,1,0,0,0,0,0,,,
356a42c1-7566-4dc8-a116-e2a6e28af842,Thunder Tactical Shooters USPSA Match 09MAY2026,2026-05-09,7,Uneven Flow,45495a3f-fef9-4d78-afdf-7d8f5f28c6ed,Glen Kruger,16,78.71,5,91.88,Carry Optics,U,A171162,MINOR,Senior,133.2311,114.1271,5.8256,23.86,26,0,3,0,0,0,0,0,,,
356a42c1-7566-4dc8-a116-e2a6e28af842,Thunder Tactical Shooters USPSA Match 09MAY2026,2026-05-09,7,Uneven Flow,45495a3f-fef9-4d78-afdf-7d8f5f28c6ed,Phyl Santos,17,76.90,5,89.69,Limited Optics,A,Bhhh,MINOR,,130.0512,111.4981,5.6914,21.26,20,0,6,3,0,0,0,0,,,
356a42c1-7566-4dc8-a116-e2a6e28af842,Thunder Tactical Shooters USPSA Match 09MAY2026,2026-05-09,7,Uneven Flow,45495a3f-fef9-4d78-afdf-7d8f5f28c6ed,Mike Junco,18,76.54,7,76.54,Open,U,TY34819,MINOR,Senior; Law Enforcement,110.9868,110.9868,5.6653,22.77,21,0,8,0,0,0,0,0,,,
356a42c1-7566-4dc8-a116-e2a6e28af842,Thunder Tactical Shooters USPSA Match 09MAY2026,2026-05-09,7,Uneven Flow,45495a3f-fef9-4d78-afdf-7d8f5f28c6ed,james rogers,19,75.70,6,88.37,Carry Optics,A,A101402,MINOR,Law Enforcement,128.1426,109.7682,5.6031,23.38,22,0,7,0,0,0,0,0,,,
356a42c1-7566-4dc8-a116-e2a6e28af842,Thunder Tactical Shooters USPSA Match 09MAY2026,2026-05-09,7,Uneven Flow,45495a3f-fef9-4d78-afdf-7d8f5f28c6ed,Drew Yang,20,75.59,7,88.24,Carry Optics,A,FY138478,MINOR,,127.9505,109.6037,5.5947,22.70,22,0,5,2,0,0,0,0,,,
356a42c1-7566-4dc8-a116-e2a6e28af842,Thunder Tactical Shooters USPSA Match 09MAY2026,2026-05-09,7,Uneven Flow,45495a3f-fef9-4d78-afdf-7d8f5f28c6ed,Coder Wang,21,72.19,2,85.49,PCC,B,A170259,MINOR,,123.9553,104.6707,5.3429,23.77,21,0,7,1,0,0,0,0,,,
356a42c1-7566-4dc8-a116-e2a6e28af842,Thunder Tactical Shooters USPSA Match 09MAY2026,2026-05-09,7,Uneven Flow,45495a3f-fef9-4d78-afdf-7d8f5f28c6ed,Adriel Taylor,22,71.11,6,82.94,Limited Optics,U,X,MINOR,,120.2666,103.1094,5.2632,23.37,20,0,7,2,0,0,0,0,,,
356a42c1-7566-4dc8-a116-e2a6e28af842,Thunder Tactical Shooters USPSA Match 09MAY2026,2026-05-09,7,Uneven Flow,45495a3f-fef9-4d78-afdf-7d8f5f28c6ed,Charles Spears,23,68.99,8,80.54,Carry Optics,B,A164017,MINOR,,116.7785,100.0336,5.1062,22.13,15,0,12,2,0,0,0,0,,,
356a42c1-7566-4dc8-a116-e2a6e28af842,Thunder Tactical Shooters USPSA Match 09MAY2026,2026-05-09,7,Uneven Flow,45495a3f-fef9-4d78-afdf-7d8f5f28c6ed,John Osmena,24,67.33,8,67.33,Open,C,a158206,MINOR,,97.6220,97.6220,4.9831,23.68,22,0,6,0,1,0,0,0,,,
356a42c1-7566-4dc8-a116-e2a6e28af842,Thunder Tactical Shooters USPSA Match 09MAY2026,2026-05-09,7,Uneven Flow,45495a3f-fef9-4d78-afdf-7d8f5f28c6ed,Bryant Moorefield,25,66.73,7,77.83,Limited Optics,U,A176823,MINOR,,112.8517,96.7522,4.9387,26.93,23,0,6,0,0,0,0,0,,,
356a42c1-7566-4dc8-a116-e2a6e28af842,Thunder Tactical Shooters USPSA Match 09MAY2026,2026-05-09,7,Uneven Flow,45495a3f-fef9-4d78-afdf-7d8f5f28c6ed,Travis Edwards,26,66.61,8,77.69,Limited Optics,B,A107004,MINOR,,112.6551,96.5837,4.9301,25.76,21,0,7,1,0,0,0,0,,,
356a42c1-7566-4dc8-a116-e2a6e28af842,Thunder Tactical Shooters USPSA Match 09MAY2026,2026-05-09,7,Uneven Flow,45495a3f-fef9-4d78-afdf-7d8f5f28c6ed,Ulrick Fong,27,66.48,3,78.72,PCC,A,A170351,MINOR,Senior,114.1486,96.3898,4.9202,23.17,20,0,8,0,1,0,0,0,,,
356a42c1-7566-4dc8-a116-e2a6e28af842,Thunder Tactical Shooters USPSA Match 09MAY2026,2026-05-09,7,Uneven Flow,45495a3f-fef9-4d78-afdf-7d8f5f28c6ed,Paul Torre,28,65.89,4,78.03,PCC,U,Ty88028,MINOR,Law Enforcement,113.1464,95.5435,4.8770,22.76,25,0,2,0,2,0,0,0,,,
356a42c1-7566-4dc8-a116-e2a6e28af842,Thunder Tactical Shooters USPSA Match 09MAY2026,2026-05-09,7,Uneven Flow,45495a3f-fef9-4d78-afdf-7d8f5f28c6ed,Harlan Chen,29,65.79,9,76.74,Limited Optics,B,A163292,MINOR,,111.2681,95.3946,4.8694,25.26,19,0,9,1,0,0,0,0,,,
356a42c1-7566-4dc8-a116-e2a6e28af842,Thunder Tactical Shooters USPSA Match 09MAY2026,2026-05-09,7,Uneven Flow,45495a3f-fef9-4d78-afdf-7d8f5f28c6ed,Byron McGowen,30,64.05,9,64.05,Open,D,A159731,MAJOR,Military,92.8752,92.8752,4.7408,29.32,25,0,3,1,0,0,0,0,,,
356a42c1-7566-4dc8-a116-e2a6e28af842,Thunder Tactical Shooters USPSA Match 09MAY2026,2026-05-09,7,Uneven Flow,45495a3f-fef9-4d78-afdf-7d8f5f28c6ed,Jorge Cahas,31,63.95,10,63.95,Open,B,F-44522,MAJOR,Senior,92.7283,92.7283,4.7333,24.93,20,0,6,2,1,0,0,0,,,
356a42c1-7566-4dc8-a116-e2a6e28af842,Thunder Tactical Shooters USPSA Match 09MAY2026,2026-05-09,7,Uneven Flow,45495a3f-fef9-4d78-afdf-7d8f5f28c6ed,Manny Nerona,32,60.38,10,70.43,Limited Optics,B,A69445,MINOR,,102.1256,87.5564,4.4693,26.85,23,0,5,0,1,0,0,0,,,
356a42c1-7566-4dc8-a116-e2a6e28af842,Thunder Tactical Shooters USPSA Match 09MAY2026,2026-05-09,7,Uneven Flow,45495a3f-fef9-4d78-afdf-7d8f5f28c6ed,Andrew Malcolm,33,59.23,9,69.14,Carry Optics,B,A169439,MINOR,,100.2550,85.8794,4.3837,30.34,23,0,6,0,0,0,0,0,,,
356a42c1-7566-4dc8-a116-e2a6e28af842,Thunder Tactical Shooters USPSA Match 09MAY2026,2026-05-09,7,Uneven Flow,45495a3f-fef9-4d78-afdf-7d8f5f28c6ed,Ivan Velazquez,34,58.53,10,68.33,Carry Optics,A,A108486,MINOR,,99.0726,84.8666,4.3320,21.93,21,0,2,4,2,0,0,0,,,
356a42c1-7566-4dc8-a116-e2a6e28af842,Thunder Tactical Shooters USPSA Match 09MAY2026,2026-05-09,7,Uneven Flow,45495a3f-fef9-4d78-afdf-7d8f5f28c6ed,Matthew Lem,35,58.26,11,58.26,Open,U,A34763,MINOR,Senior; Law Enforcement,84.4748,84.4748,4.3120,25.51,18,0,10,0,1,0,0,0,,,
356a42c1-7566-4dc8-a116-e2a6e28af842,Thunder Tactical Shooters USPSA Match 09MAY2026,2026-05-09,7,Uneven Flow,45495a3f-fef9-4d78-afdf-7d8f5f28c6ed,Napoleon Lewis,36,57.45,12,57.45,Open,U,A154149,MINOR,Senior; Military,83.2993,83.2993,4.2520,31.75,24,0,5,0,0,0,0,0,,,
356a42c1-7566-4dc8-a116-e2a6e28af842,Thunder Tactical Shooters USPSA Match 09MAY2026,2026-05-09,7,Uneven Flow,45495a3f-fef9-4d78-afdf-7d8f5f28c6ed,Will Goglas,37,57.10,13,57.10,Open,A,A154790,MAJOR,,82.7880,82.7880,4.2259,27.45,18,0,8,2,1,0,0,0,,,
356a42c1-7566-4dc8-a116-e2a6e28af842,Thunder Tactical Shooters USPSA Match 09MAY2026,2026-05-09,7,Uneven Flow,45495a3f-fef9-4d78-afdf-7d8f5f28c6ed,chris bulkley,38,56.58,11,66.05,Carry Optics,B,A159469,MINOR,,95.7793,82.0455,4.1880,31.28,23,0,5,1,0,0,0,0,,,
356a42c1-7566-4dc8-a116-e2a6e28af842,Thunder Tactical Shooters USPSA Match 09MAY2026,2026-05-09,7,Uneven Flow,45495a3f-fef9-4d78-afdf-7d8f5f28c6ed,Joseph Pinkley,39,56.07,14,56.07,Open,U,Na,MINOR,,81.3011,81.3011,4.1500,25.06,16,0,11,1,1,0,0,0,,,
356a42c1-7566-4dc8-a116-e2a6e28af842,Thunder Tactical Shooters USPSA Match 09MAY2026,2026-05-09,7,Uneven Flow,45495a3f-fef9-4d78-afdf-7d8f5f28c6ed,Michael Pontious,40,55.84,11,65.13,Limited Optics,B,A94575,MINOR,Super Senior,94.4365,80.9641,4.1328,29.52,25,0,2,1,1,0,0,0,,,
356a42c1-7566-4dc8-a116-e2a6e28af842,Thunder Tactical Shooters USPSA Match 09MAY2026,2026-05-09,7,Uneven Flow,45495a3f-fef9-4d78-afdf-7d8f5f28c6ed,Taylor Latham,41,55.21,1,100.00,Limited,B,TY39841,MINOR,Super Senior,145.0000,80.0512,4.0862,31.57,21,0,8,0,0,0,0,0,,,
356a42c1-7566-4dc8-a116-e2a6e28af842,Thunder Tactical Shooters USPSA Match 09MAY2026,2026-05-09,7,Uneven Flow,45495a3f-fef9-4d78-afdf-7d8f5f28c6ed,henry pham,42,55.16,12,64.39,Carry Optics,C,A171802,MINOR,,93.3620,79.9748,4.0823,30.13,18,0,11,0,0,0,0,0,,,
356a42c1-7566-4dc8-a116-e2a6e28af842,Thunder Tactical Shooters USPSA Match 09MAY2026,2026-05-09,7,Uneven Flow,45495a3f-fef9-4d78-afdf-7d8f5f28c6ed,reid little,43,54.56,15,54.56,Open,U,A182187,MINOR,,79.1109,79.1109,4.0382,31.45,21,0,7,1,0,0,0,0,,,
356a42c1-7566-4dc8-a116-e2a6e28af842,Thunder Tactical Shooters USPSA Match 09MAY2026,2026-05-09,7,Uneven Flow,45495a3f-fef9-4d78-afdf-7d8f5f28c6ed,Daniell Gianelloni,44,52.88,16,52.88,Open,U,FY134287,MINOR,Law Enforcement,76.6718,76.6718,3.9137,32.45,20,0,9,0,0,0,0,0,,,
356a42c1-7566-4dc8-a116-e2a6e28af842,Thunder Tactical Shooters USPSA Match 09MAY2026,2026-05-09,7,Uneven Flow,45495a3f-fef9-4d78-afdf-7d8f5f28c6ed,Cade Horton,45,52.09,12,60.76,Limited Optics,U,A168751,MINOR,,88.1046,75.5356,3.8557,20.23,18,0,5,3,3,0,0,0,,,
356a42c1-7566-4dc8-a116-e2a6e28af842,Thunder Tactical Shooters USPSA Match 09MAY2026,2026-05-09,7,Uneven Flow,45495a3f-fef9-4d78-afdf-7d8f5f28c6ed,Waltz Noguerra,46,51.34,13,59.93,Carry Optics,C,A137731,MINOR,Senior,86.8989,74.4385,3.7997,28.95,19,0,8,1,1,0,0,0,,,
356a42c1-7566-4dc8-a116-e2a6e28af842,Thunder Tactical Shooters USPSA Match 09MAY2026,2026-05-09,7,Uneven Flow,45495a3f-fef9-4d78-afdf-7d8f5f28c6ed,Yul Kwan,47,51.10,17,51.10,Open,C,A156984,MAJOR,Senior,74.0996,74.0996,3.7824,31.99,21,0,6,1,1,0,0,0,,,
356a42c1-7566-4dc8-a116-e2a6e28af842,Thunder Tactical Shooters USPSA Match 09MAY2026,2026-05-09,7,Uneven Flow,45495a3f-fef9-4d78-afdf-7d8f5f28c6ed,Joseph White,48,49.85,14,58.20,Carry Optics,M,A135489,MINOR,Law Enforcement,84.3855,72.2855,3.6898,31.98,22,0,6,0,1,0,0,0,,,
356a42c1-7566-4dc8-a116-e2a6e28af842,Thunder Tactical Shooters USPSA Match 09MAY2026,2026-05-09,7,Uneven Flow,45495a3f-fef9-4d78-afdf-7d8f5f28c6ed,Steven McNamara,49,49.72,13,57.99,Limited Optics,B,A75212,MINOR,Senior,84.0829,72.0876,3.6797,24.73,20,0,7,0,2,0,0,1,,,
356a42c1-7566-4dc8-a116-e2a6e28af842,Thunder Tactical Shooters USPSA Match 09MAY2026,2026-05-09,7,Uneven Flow,45495a3f-fef9-4d78-afdf-7d8f5f28c6ed,Saunders Arnold,50,49.55,5,58.67,PCC,U,L5609,MINOR,,85.0767,71.8408,3.6671,38.45,27,0,2,0,0,0,0,0,,,
356a42c1-7566-4dc8-a116-e2a6e28af842,Thunder Tactical Shooters USPSA Match 09MAY2026,2026-05-09,7,Uneven Flow,45495a3f-fef9-4d78-afdf-7d8f5f28c6ed,Grant Tucek,51,48.70,15,56.85,Carry Optics,U,A162865,MINOR,,82.4324,70.6124,3.6044,32.46,17,0,10,2,0,0,0,0,,,
356a42c1-7566-4dc8-a116-e2a6e28af842,Thunder Tactical Shooters USPSA Match 09MAY2026,2026-05-09,7,Uneven Flow,45495a3f-fef9-4d78-afdf-7d8f5f28c6ed,Brett Hadley,52,48.25,18,48.25,Open,U,A179130,MINOR,,69.9660,69.9660,3.5714,27.72,20,0,6,1,2,0,0,0,,,
356a42c1-7566-4dc8-a116-e2a6e28af842,Thunder Tactical Shooters USPSA Match 09MAY2026,2026-05-09,7,Uneven Flow,45495a3f-fef9-4d78-afdf-7d8f5f28c6ed,Tommy Teas,53,48.14,2,87.19,Limited,B,FY2227,MAJOR,Super Senior,126.4270,69.7975,3.5628,28.91,17,0,9,1,2,0,0,0,,,
356a42c1-7566-4dc8-a116-e2a6e28af842,Thunder Tactical Shooters USPSA Match 09MAY2026,2026-05-09,7,Uneven Flow,45495a3f-fef9-4d78-afdf-7d8f5f28c6ed,Sean Finnerty,54,48.10,16,56.15,Carry Optics,C,A166724,MINOR,,81.4170,69.7426,3.5600,34.27,24,0,4,0,1,0,0,0,,,
356a42c1-7566-4dc8-a116-e2a6e28af842,Thunder Tactical Shooters USPSA Match 09MAY2026,2026-05-09,7,Uneven Flow,45495a3f-fef9-4d78-afdf-7d8f5f28c6ed,James Berry,55,47.17,17,55.07,Carry Optics,U,A174774,MINOR,,79.8481,68.3987,3.4914,30.36,17,0,10,1,1,0,0,0,,,
356a42c1-7566-4dc8-a116-e2a6e28af842,Thunder Tactical Shooters USPSA Match 09MAY2026,2026-05-09,7,Uneven Flow,45495a3f-fef9-4d78-afdf-7d8f5f28c6ed,Phil Truong,56,44.15,19,44.15,Open,B,FY128600,MINOR,,64.0163,64.0163,3.2677,23.87,20,0,6,0,3,0,0,1,,,
356a42c1-7566-4dc8-a116-e2a6e28af842,Thunder Tactical Shooters USPSA Match 09MAY2026,2026-05-09,7,Uneven Flow,45495a3f-fef9-4d78-afdf-7d8f5f28c6ed,Mark Tutt,57,42.79,20,42.79,Open,U,A175310,MINOR,Military,62.0435,62.0435,3.1670,23.05,14,0,10,3,2,0,1,0,,,
356a42c1-7566-4dc8-a116-e2a6e28af842,Thunder Tactical Shooters USPSA Match 09MAY2026,2026-05-09,7,Uneven Flow,45495a3f-fef9-4d78-afdf-7d8f5f28c6ed,Bob Purcell,58,42.04,14,49.04,Limited Optics,U,TY111994,MINOR,Super Senior,71.1061,60.9621,3.1118,40.17,19,0,10,0,0,0,0,0,,,
356a42c1-7566-4dc8-a116-e2a6e28af842,Thunder Tactical Shooters USPSA Match 09MAY2026,2026-05-09,7,Uneven Flow,45495a3f-fef9-4d78-afdf-7d8f5f28c6ed,Kit Bong Morales,59,41.74,15,48.69,Limited Optics,D,A57907,MINOR,Senior,70.6011,60.5291,3.0897,33.66,17,0,9,2,1,0,0,0,,,
356a42c1-7566-4dc8-a116-e2a6e28af842,Thunder Tactical Shooters USPSA Match 09MAY2026,2026-05-09,7,Uneven Flow,45495a3f-fef9-4d78-afdf-7d8f5f28c6ed,Jerry Bedro,60,40.53,16,47.27,Limited Optics,B,A98263,MINOR,,68.5423,58.7640,2.9996,26.67,17,0,8,1,3,0,0,0,,,
356a42c1-7566-4dc8-a116-e2a6e28af842,Thunder Tactical Shooters USPSA Match 09MAY2026,2026-05-09,7,Uneven Flow,45495a3f-fef9-4d78-afdf-7d8f5f28c6ed,Xingzheng Sun,61,39.79,18,46.45,Carry Optics,U,A182524,MINOR,Junior,67.3543,57.6963,2.9451,37.35,19,0,8,1,1,0,0,0,,,
356a42c1-7566-4dc8-a116-e2a6e28af842,Thunder Tactical Shooters USPSA Match 09MAY2026,2026-05-09,7,Uneven Flow,45495a3f-fef9-4d78-afdf-7d8f5f28c6ed,Christian Fling,62,39.78,17,46.40,Limited Optics,U,A179677,MINOR,Law Enforcement,67.2832,57.6846,2.9445,35.32,15,0,13,0,1,0,0,0,,,
356a42c1-7566-4dc8-a116-e2a6e28af842,Thunder Tactical Shooters USPSA Match 09MAY2026,2026-05-09,7,Uneven Flow,45495a3f-fef9-4d78-afdf-7d8f5f28c6ed,Eric Mccampbell,63,39.37,3,71.32,Limited,B,A14332,MAJOR,Senior,103.4148,57.0930,2.9143,40.49,18,0,9,1,1,0,0,0,,,
356a42c1-7566-4dc8-a116-e2a6e28af842,Thunder Tactical Shooters USPSA Match 09MAY2026,2026-05-09,7,Uneven Flow,45495a3f-fef9-4d78-afdf-7d8f5f28c6ed,Theo Judice,64,38.34,18,44.72,Limited Optics,U,A174771,MINOR,,64.8428,55.5923,2.8377,41.23,20,0,9,0,0,0,1,0,,,
356a42c1-7566-4dc8-a116-e2a6e28af842,Thunder Tactical Shooters USPSA Match 09MAY2026,2026-05-09,7,Uneven Flow,45495a3f-fef9-4d78-afdf-7d8f5f28c6ed,Zachary Deason,65,37.73,19,44.01,Limited Optics,U,A172975,MINOR,,63.8191,54.7147,2.7929,31.15,16,0,8,3,2,0,0,0,,,
356a42c1-7566-4dc8-a116-e2a6e28af842,Thunder Tactical Shooters USPSA Match 09MAY2026,2026-05-09,7,Uneven Flow,45495a3f-fef9-4d78-afdf-7d8f5f28c6ed,Noah Wilkie,66,37.02,4,67.05,Limited,U,A182163,MINOR,,97.2191,53.6724,2.7397,35.04,13,0,13,2,1,0,0,0,,,
356a42c1-7566-4dc8-a116-e2a6e28af842,Thunder Tactical Shooters USPSA Match 09MAY2026,2026-05-09,7,Uneven Flow,45495a3f-fef9-4d78-afdf-7d8f5f28c6ed,Dale Hamm,67,36.81,5,66.67,Limited,C,TY97196,MAJOR,Super Senior,96.6761,53.3727,2.7244,44.78,18,0,5,6,0,0,0,0,,,
356a42c1-7566-4dc8-a116-e2a6e28af842,Thunder Tactical Shooters USPSA Match 09MAY2026,2026-05-09,7,Uneven Flow,45495a3f-fef9-4d78-afdf-7d8f5f28c6ed,John Ren,68,36.40,19,42.49,Carry Optics,A,A168570,MINOR,,61.6070,52.7732,2.6938,45.29,25,0,2,1,1,0,0,0,,,
356a42c1-7566-4dc8-a116-e2a6e28af842,Thunder Tactical Shooters USPSA Match 09MAY2026,2026-05-09,7,Uneven Flow,45495a3f-fef9-4d78-afdf-7d8f5f28c6ed,Luke Brazil,69,35.79,20,41.78,Carry Optics,B,A176225,MINOR,,60.5825,51.8956,2.6490,22.65,19,0,5,0,5,0,0,0,,,
356a42c1-7566-4dc8-a116-e2a6e28af842,Thunder Tactical Shooters USPSA Match 09MAY2026,2026-05-09,7,Uneven Flow,45495a3f-fef9-4d78-afdf-7d8f5f28c6ed,David Zhang,70,35.18,20,41.03,Limited Optics,A,FY140383,MINOR,,59.4981,51.0101,2.6038,28.42,20,0,4,2,3,0,1,0,,,
356a42c1-7566-4dc8-a116-e2a6e28af842,Thunder Tactical Shooters USPSA Match 09MAY2026,2026-05-09,7,Uneven Flow,45495a3f-fef9-4d78-afdf-7d8f5f28c6ed,Josh Vickers,71,34.98,6,63.37,Limited,U,A168865,MINOR,,91.8856,50.7280,2.5894,32.44,18,0,8,0,3,0,0,0,,,
356a42c1-7566-4dc8-a116-e2a6e28af842,Thunder Tactical Shooters USPSA Match 09MAY2026,2026-05-09,7,Uneven Flow,45495a3f-fef9-4d78-afdf-7d8f5f28c6ed,Tyler Denmon,72,34.38,21,34.38,Open,B,U,MINOR,,49.8562,49.8562,2.5449,20.04,18,0,7,0,4,0,0,2,,,
356a42c1-7566-4dc8-a116-e2a6e28af842,Thunder Tactical Shooters USPSA Match 09MAY2026,2026-05-09,7,Uneven Flow,45495a3f-fef9-4d78-afdf-7d8f5f28c6ed,Justin Wilkie,73,32.35,22,32.35,Open,D,A172037,MINOR,,46.9097,46.9097,2.3945,35.08,18,0,8,0,3,0,0,0,,,
356a42c1-7566-4dc8-a116-e2a6e28af842,Thunder Tactical Shooters USPSA Match 09MAY2026,2026-05-09,7,Uneven Flow,45495a3f-fef9-4d78-afdf-7d8f5f28c6ed,Thomas Pinney,74,32.17,6,38.10,PCC,U,1234,MINOR,Super Senior,55.2485,46.6531,2.3814,53.33,25,0,4,0,0,0,1,0,,,
356a42c1-7566-4dc8-a116-e2a6e28af842,Thunder Tactical Shooters USPSA Match 09MAY2026,2026-05-09,7,Uneven Flow,45495a3f-fef9-4d78-afdf-7d8f5f28c6ed,Merle Aber,75,31.72,21,37.03,Carry Optics,U,A182176,MINOR,,53.6918,45.9929,2.3477,33.65,23,0,1,1,4,0,0,0,,,
356a42c1-7566-4dc8-a116-e2a6e28af842,Thunder Tactical Shooters USPSA Match 09MAY2026,2026-05-09,7,Uneven Flow,45495a3f-fef9-4d78-afdf-7d8f5f28c6ed,Ron Plesko,76,31.25,22,36.48,Carry Optics,D,TY138017,MINOR,Super Senior,52.8913,45.3072,2.3127,55.78,21,0,8,0,0,0,0,0,,,
356a42c1-7566-4dc8-a116-e2a6e28af842,Thunder Tactical Shooters USPSA Match 09MAY2026,2026-05-09,7,Uneven Flow,45495a3f-fef9-4d78-afdf-7d8f5f28c6ed,Tony Sullivan,77,30.05,21,35.05,Limited Optics,U,A176593,MINOR,,50.8195,43.5695,2.2240,37.32,18,0,7,2,2,0,0,1,,,
356a42c1-7566-4dc8-a116-e2a6e28af842,Thunder Tactical Shooters USPSA Match 09MAY2026,2026-05-09,7,Uneven Flow,45495a3f-fef9-4d78-afdf-7d8f5f28c6ed,Chris Ballard,78,29.86,22,34.83,Limited Optics,D,A178189,MINOR,,50.5064,43.3012,2.2103,28.05,20,0,4,0,5,0,0,0,,,
356a42c1-7566-4dc8-a116-e2a6e28af842,Thunder Tactical Shooters USPSA Match 09MAY2026,2026-05-09,7,Uneven Flow,45495a3f-fef9-4d78-afdf-7d8f5f28c6ed,Jesse Rincon,79,27.68,23,32.31,Carry Optics,U,A177758,MINOR,,46.8514,40.1334,2.0486,28.80,22,0,3,0,4,0,0,2,,,
356a42c1-7566-4dc8-a116-e2a6e28af842,Thunder Tactical Shooters USPSA Match 09MAY2026,2026-05-09,7,Uneven Flow,45495a3f-fef9-4d78-afdf-7d8f5f28c6ed,Patrick Gilbert,80,25.26,1,100.00,Production,U,A153729,MINOR,,145.0000,36.6325,1.8699,36.90,18,0,6,1,4,0,0,0,,,
356a42c1-7566-4dc8-a116-e2a6e28af842,Thunder Tactical Shooters USPSA Match 09MAY2026,2026-05-09,7,Uneven Flow,45495a3f-fef9-4d78-afdf-7d8f5f28c6ed,John Thomas,81,24.86,2,98.39,Production,U,na,MINOR,,142.6659,36.0428,1.8398,27.72,16,0,6,3,4,0,1,0,,,
356a42c1-7566-4dc8-a116-e2a6e28af842,Thunder Tactical Shooters USPSA Match 09MAY2026,2026-05-09,7,Uneven Flow,45495a3f-fef9-4d78-afdf-7d8f5f28c6ed,Eric Cooper,82,24.82,1,100.00,Single Stack,C,A57512,MINOR,Super Senior,145.0000,35.9821,1.8367,58.80,17,0,11,0,1,0,0,0,,,
356a42c1-7566-4dc8-a116-e2a6e28af842,Thunder Tactical Shooters USPSA Match 09MAY2026,2026-05-09,7,Uneven Flow,45495a3f-fef9-4d78-afdf-7d8f5f28c6ed,peter nguyen,83,24.63,23,28.73,Limited Optics,U,A143545,MINOR,,41.6587,35.7157,1.8231,33.46,23,0,2,0,4,0,0,2,,,
356a42c1-7566-4dc8-a116-e2a6e28af842,Thunder Tactical Shooters USPSA Match 09MAY2026,2026-05-09,7,Uneven Flow,45495a3f-fef9-4d78-afdf-7d8f5f28c6ed,Joseph Wilkie,84,22.67,24,26.46,Carry Optics,C,A166735,MINOR,,38.3666,32.8652,1.6776,27.42,16,0,8,2,3,0,3,0,,,
356a42c1-7566-4dc8-a116-e2a6e28af842,Thunder Tactical Shooters USPSA Match 09MAY2026,2026-05-09,7,Uneven Flow,45495a3f-fef9-4d78-afdf-7d8f5f28c6ed,Chris Oatman,85,20.10,25,23.46,Carry Optics,C,A169819,MINOR,,34.0168,29.1391,1.4874,37.65,16,0,8,2,3,0,2,0,,,
356a42c1-7566-4dc8-a116-e2a6e28af842,Thunder Tactical Shooters USPSA Match 09MAY2026,2026-05-09,7,Uneven Flow,45495a3f-fef9-4d78-afdf-7d8f5f28c6ed,Garth Plyler,86,17.25,3,68.27,Production,U,a174944,MINOR,,98.9930,25.0094,1.2766,28.20,17,0,7,0,5,0,0,2,,,
356a42c1-7566-4dc8-a116-e2a6e28af842,Thunder Tactical Shooters USPSA Match 09MAY2026,2026-05-09,7,Uneven Flow,45495a3f-fef9-4d78-afdf-7d8f5f28c6ed,Joseph Reyes,87,11.60,26,13.54,Carry Optics,C,A127665,MINOR,Super Senior,19.6384,16.8225,0.8587,36.10,18,0,3,2,6,0,1,0,,,
356a42c1-7566-4dc8-a116-e2a6e28af842,Thunder Tactical Shooters USPSA Match 09MAY2026,2026-05-09,7,Uneven Flow,45495a3f-fef9-4d78-afdf-7d8f5f28c6ed,Todd Liscano,88,1.64,27,1.92,Carry Optics,U,A172140,MINOR,,2.7787,2.3803,0.1215,24.70,14,0,7,2,6,0,1,2,,,
356a42c1-7566-4dc8-a116-e2a6e28af842,Thunder Tactical Shooters USPSA Match 09MAY2026,2026-05-09,7,Uneven Flow,45495a3f-fef9-4d78-afdf-7d8f5f28c6ed,Kyle Poole,89,0.41,7,0.75,Limited,U,A182134,MINOR,,1.0858,0.5995,0.0306,32.66,12,0,6,3,8,0,0,0,,,
356a42c1-7566-4dc8-a116-e2a6e28af842,Thunder Tactical Shooters USPSA Match 09MAY2026,2026-05-09,7,Uneven Flow,45495a3f-fef9-4d78-afdf-7d8f5f28c6ed,Kevin Baker,90,0.00,24,0.00,Limited Optics,C,A95439,MINOR,Senior,0.0000,0.0000,,,,,×0.32 (worst),×0.63 (worst),×2.36 (worst),,×1.58 (worst),,,22.85 (worst),
356a42c1-7566-4dc8-a116-e2a6e28af842,Thunder Tactical Shooters USPSA Match 09MAY2026,2026-05-09,7,Uneven Flow,45495a3f-fef9-4d78-afdf-7d8f5f28c6ed,Luke Crawford,91,0.00,7,0.00,PCC,U,A166717,MINOR,Law Enforcement,0.0000,0.0000,,,,,×0.32 (worst),×0.64 (worst),×2.40 (worst),,×1.60 (worst),,,23.20 (worst),
356a42c1-7566-4dc8-a116-e2a6e28af842,Thunder Tactical Shooters USPSA Match 09MAY2026,2026-05-09,7,Uneven Flow,45495a3f-fef9-4d78-afdf-7d8f5f28c6ed,Jeno Fredericks,92,0.00,23,0.00,Open,U,A177910,MINOR,,0.0000,0.0000,,,,,×0.27 (worst),×0.54 (worst),×2.03 (worst),,×1.35 (worst),,,19.59 (worst),
356a42c1-7566-4dc8-a116-e2a6e28af842,Thunder Tactical Shooters USPSA Match 09MAY2026,2026-05-09,7,Uneven Flow,45495a3f-fef9-4d78-afdf-7d8f5f28c6ed,Bruce Lamb,93,0.00,24,0.00,Open,A,L-997,MINOR,Super Senior,0.0000,0.0000,,,,,×0.27 (worst),×0.54 (worst),×2.03 (worst),,×1.35 (worst),,,19.59 (worst),
356a42c1-7566-4dc8-a116-e2a6e28af842,Thunder Tactical Shooters USPSA Match 09MAY2026,2026-05-09,7,Uneven Flow,45495a3f-fef9-4d78-afdf-7d8f5f28c6ed,TJ Middleton,94,0.00,8,0.00,PCC,C,TY171913,MINOR,,0.0000,0.0000,,,,,×0.32 (worst),×0.64 (worst),×2.40 (worst),,×1.60 (worst),,,23.20 (worst),
356a42c1-7566-4dc8-a116-e2a6e28af842,Thunder Tactical Shooters USPSA Match 09MAY2026,2026-05-09,7,Uneven Flow,45495a3f-fef9-4d78-afdf-7d8f5f28c6ed,Angel Velazquez,95,0.00,28,0.00,Carry Optics,X,A115894,MINOR,,0.0000,0.0000,,,,,×0.32 (worst),×0.63 (worst),×2.37 (worst),,×1.58 (worst),,,22.87 (worst),
356a42c1-7566-4dc8-a116-e2a6e28af842,Thunder Tactical Shooters USPSA Match 09MAY2026,2026-05-09,7,Uneven Flow,45495a3f-fef9-4d78-afdf-7d8f5f28c6ed,ian loyd,96,0.00,29,0.00,Carry Optics,U,A148072,MINOR,,0.0000,0.0000,,,,,×0.32 (worst),×0.63 (worst),×2.37 (worst),,×1.58 (worst),,,22.87 (worst),
