match_id,match_name,match_date,stage_number,stage_name,stage_uuid,shooter_name,shooter_rank_combined,shooter_percent_combined,shooter_rank_division,shooter_percent_division,division,class,member_number,power_factor,categories,stage_points,stage_points_combined,hit_factor,time,A,B,C,D,M,NPM,NS,Proc,Apen
3630a0b6-0b4e-4bd9-ad22-f46c4b3c42d8,GPS USPSA June 2024,2024-06-23,1,Bay 4,a635e9f7-1d2b-4684-a548-fc09a0152f90,Taylor Snodgrass,1,100.00,1,100.00,Open,U,A159149,MINOR,,120.0000,120.0000,7.6712,14.60,20,,4,,,,,,
3630a0b6-0b4e-4bd9-ad22-f46c4b3c42d8,GPS USPSA June 2024,2024-06-23,1,Bay 4,a635e9f7-1d2b-4684-a548-fc09a0152f90,Andy Chen,2,96.18,1,100.00,Limited Optics,A,A86721,MINOR,,120.0000,115.4151,7.3781,15.18,20,,4,,,,,,
3630a0b6-0b4e-4bd9-ad22-f46c4b3c42d8,GPS USPSA June 2024,2024-06-23,1,Bay 4,a635e9f7-1d2b-4684-a548-fc09a0152f90,Wade Pruetz,3,90.87,2,90.87,Open,A,Ty79055,MAJOR,Senior,109.0437,109.0437,6.9708,15.78,18,,4,2,,,,,
3630a0b6-0b4e-4bd9-ad22-f46c4b3c42d8,GPS USPSA June 2024,2024-06-23,1,Bay 4,a635e9f7-1d2b-4684-a548-fc09a0152f90,Christian Canizales,4,89.63,1,100.00,Carry Optics,A,TY150265,MINOR,,120.0000,107.5576,6.8758,16.58,21,,3,,,,,,
3630a0b6-0b4e-4bd9-ad22-f46c4b3c42d8,GPS USPSA June 2024,2024-06-23,1,Bay 4,a635e9f7-1d2b-4684-a548-fc09a0152f90,August Balagtas,5,87.81,3,87.81,Open,M,L3674,MAJOR,,105.3723,105.3723,6.7361,16.33,16,,7,1,,,,,
3630a0b6-0b4e-4bd9-ad22-f46c4b3c42d8,GPS USPSA June 2024,2024-06-23,1,Bay 4,a635e9f7-1d2b-4684-a548-fc09a0152f90,Steven McNamara,6,86.96,4,86.96,Open,B,A75212,MAJOR,Senior,104.3461,104.3461,6.6705,17.54,21,,3,,,,,,
3630a0b6-0b4e-4bd9-ad22-f46c4b3c42d8,GPS USPSA June 2024,2024-06-23,1,Bay 4,a635e9f7-1d2b-4684-a548-fc09a0152f90,Jose Onia,7,85.46,2,88.85,Limited Optics,C,0,MINOR,,106.6226,102.5488,6.5556,18.00,23,,1,,,,,,
3630a0b6-0b4e-4bd9-ad22-f46c4b3c42d8,GPS USPSA June 2024,2024-06-23,1,Bay 4,a635e9f7-1d2b-4684-a548-fc09a0152f90,Steve Cai,8,85.34,2,95.22,Carry Optics,M,A148273,MINOR,,114.2599,102.4127,6.5469,15.58,20,,4,,,,1,,
3630a0b6-0b4e-4bd9-ad22-f46c4b3c42d8,GPS USPSA June 2024,2024-06-23,1,Bay 4,a635e9f7-1d2b-4684-a548-fc09a0152f90,Ryan Alicaya,9,84.15,3,87.49,Limited Optics,D,0,MINOR,,104.9880,100.9766,6.4551,18.28,23,,1,,,,,,
3630a0b6-0b4e-4bd9-ad22-f46c4b3c42d8,GPS USPSA June 2024,2024-06-23,1,Bay 4,a635e9f7-1d2b-4684-a548-fc09a0152f90,Craig Bellamy,10,82.33,3,91.86,Carry Optics,M,TY54824,MINOR,Law Enforcement,110.2266,98.7976,6.3158,17.10,23,,1,,,,1,,
3630a0b6-0b4e-4bd9-ad22-f46c4b3c42d8,GPS USPSA June 2024,2024-06-23,1,Bay 4,a635e9f7-1d2b-4684-a548-fc09a0152f90,Matthew Lem,11,81.95,4,91.43,Carry Optics,M,A34763,MINOR,Senior; Law Enforcement,109.7135,98.3377,6.2864,17.18,23,,1,,,,1,,
3630a0b6-0b4e-4bd9-ad22-f46c4b3c42d8,GPS USPSA June 2024,2024-06-23,1,Bay 4,a635e9f7-1d2b-4684-a548-fc09a0152f90,Mike Junco,12,81.42,4,84.66,Limited Optics,A,TY34819,MINOR,Senior; Law Enforcement,101.5904,97.7088,6.2462,16.33,16,,7,1,,,,,
3630a0b6-0b4e-4bd9-ad22-f46c4b3c42d8,GPS USPSA June 2024,2024-06-23,1,Bay 4,a635e9f7-1d2b-4684-a548-fc09a0152f90,Garrick Gonzalez,13,80.63,5,80.63,Open,U,A119804,MAJOR,,96.7515,96.7515,6.1850,18.27,17,,7,,,,,,
3630a0b6-0b4e-4bd9-ad22-f46c4b3c42d8,GPS USPSA June 2024,2024-06-23,1,Bay 4,a635e9f7-1d2b-4684-a548-fc09a0152f90,Matthew Gonzalez,14,80.09,5,89.35,Carry Optics,X,A119810,MINOR,,107.2230,96.1054,6.1437,18.23,20,,4,,,,,,
3630a0b6-0b4e-4bd9-ad22-f46c4b3c42d8,GPS USPSA June 2024,2024-06-23,1,Bay 4,a635e9f7-1d2b-4684-a548-fc09a0152f90,Khoa Nguyen,15,80.02,5,83.20,Limited Optics,A,A117224,MINOR,Law Enforcement,99.8371,96.0225,6.1384,17.92,19,,5,,,,,,
3630a0b6-0b4e-4bd9-ad22-f46c4b3c42d8,GPS USPSA June 2024,2024-06-23,1,Bay 4,a635e9f7-1d2b-4684-a548-fc09a0152f90,Travis McKenzie,16,79.51,6,82.66,Limited Optics,M,L6340,MINOR,,99.1979,95.4078,6.0991,15.74,17,,7,,,,1,,
3630a0b6-0b4e-4bd9-ad22-f46c4b3c42d8,GPS USPSA June 2024,2024-06-23,1,Bay 4,a635e9f7-1d2b-4684-a548-fc09a0152f90,Chez Chike-Udenze,17,78.61,6,78.61,Open,A,A138598,MAJOR,,94.3331,94.3331,6.0304,17.08,17,,7,,,,1,,
3630a0b6-0b4e-4bd9-ad22-f46c4b3c42d8,GPS USPSA June 2024,2024-06-23,1,Bay 4,a635e9f7-1d2b-4684-a548-fc09a0152f90,Khoi Nguyen,18,78.57,1,100.00,PCC,G,L6304,MINOR,,120.0000,94.2893,6.0276,13.77,18,,4,1,1,,1,,
3630a0b6-0b4e-4bd9-ad22-f46c4b3c42d8,GPS USPSA June 2024,2024-06-23,1,Bay 4,a635e9f7-1d2b-4684-a548-fc09a0152f90,Abe Valdez,19,77.72,6,86.71,Carry Optics,B,,MINOR,,104.0571,93.2678,5.9623,19.12,21,,3,,,,,,
3630a0b6-0b4e-4bd9-ad22-f46c4b3c42d8,GPS USPSA June 2024,2024-06-23,1,Bay 4,a635e9f7-1d2b-4684-a548-fc09a0152f90,Jun Wu,20,77.68,2,98.86,PCC,B,A104927,MINOR,,118.6303,93.2131,5.9588,18.46,20,,3,1,,,,,
3630a0b6-0b4e-4bd9-ad22-f46c4b3c42d8,GPS USPSA June 2024,2024-06-23,1,Bay 4,a635e9f7-1d2b-4684-a548-fc09a0152f90,Lee Cardwell,21,76.94,7,85.84,Carry Optics,B,A155173,MINOR,,103.0117,92.3308,5.9024,17.62,18,,4,2,,,,,
3630a0b6-0b4e-4bd9-ad22-f46c4b3c42d8,GPS USPSA June 2024,2024-06-23,1,Bay 4,a635e9f7-1d2b-4684-a548-fc09a0152f90,Tony Vale,22,76.81,8,85.69,Carry Optics,B,A153735,MINOR,,102.8302,92.1681,5.8920,18.33,23,,1,,,,1,,
3630a0b6-0b4e-4bd9-ad22-f46c4b3c42d8,GPS USPSA June 2024,2024-06-23,1,Bay 4,a635e9f7-1d2b-4684-a548-fc09a0152f90,Roger Feng,23,76.13,9,84.94,Carry Optics,B,A157776,MINOR,,101.9262,91.3578,5.8402,18.15,19,,3,2,,,,,
3630a0b6-0b4e-4bd9-ad22-f46c4b3c42d8,GPS USPSA June 2024,2024-06-23,1,Bay 4,a635e9f7-1d2b-4684-a548-fc09a0152f90,JC Aguinaldo,24,76.05,10,84.85,Carry Optics,C,0,MINOR,,101.8232,91.2655,5.8343,17.14,15,,8,1,,,,,
3630a0b6-0b4e-4bd9-ad22-f46c4b3c42d8,GPS USPSA June 2024,2024-06-23,1,Bay 4,a635e9f7-1d2b-4684-a548-fc09a0152f90,Brandon Foss,25,74.65,11,83.28,Carry Optics,M,L5142,MINOR,,99.9383,89.5761,5.7263,16.59,18,,5,,1,,,,
3630a0b6-0b4e-4bd9-ad22-f46c4b3c42d8,GPS USPSA June 2024,2024-06-23,1,Bay 4,a635e9f7-1d2b-4684-a548-fc09a0152f90,Joseph White,26,73.36,12,81.85,Carry Optics,B,A135489,MINOR,Law Enforcement,98.2210,88.0368,5.6279,19.19,18,,6,,,,,,
3630a0b6-0b4e-4bd9-ad22-f46c4b3c42d8,GPS USPSA June 2024,2024-06-23,1,Bay 4,a635e9f7-1d2b-4684-a548-fc09a0152f90,Gary Wu,27,72.28,13,80.64,Carry Optics,B,L2998,MINOR,Senior,96.7672,86.7338,5.5446,20.20,21,,2,1,,,,,
3630a0b6-0b4e-4bd9-ad22-f46c4b3c42d8,GPS USPSA June 2024,2024-06-23,1,Bay 4,a635e9f7-1d2b-4684-a548-fc09a0152f90,Tyler Kenny,28,71.52,14,79.79,Carry Optics,A,A148691,MINOR,,95.7532,85.8249,5.4865,19.32,19,,3,2,,,,,
3630a0b6-0b4e-4bd9-ad22-f46c4b3c42d8,GPS USPSA June 2024,2024-06-23,1,Bay 4,a635e9f7-1d2b-4684-a548-fc09a0152f90,Roman Gwiscz,29,70.73,15,78.91,Carry Optics,A,L4670,MINOR,,94.6956,84.8769,5.4259,17.14,17,,6,,1,,,,
3630a0b6-0b4e-4bd9-ad22-f46c4b3c42d8,GPS USPSA June 2024,2024-06-23,1,Bay 4,a635e9f7-1d2b-4684-a548-fc09a0152f90,Heath Helgeson,30,70.16,16,78.28,Carry Optics,B,A149129,MINOR,,93.9364,84.1965,5.3824,17.65,18,,5,,1,,,,
3630a0b6-0b4e-4bd9-ad22-f46c4b3c42d8,GPS USPSA June 2024,2024-06-23,1,Bay 4,a635e9f7-1d2b-4684-a548-fc09a0152f90,Jim Havens,31,69.48,7,72.24,Limited Optics,M,TY114636,MINOR,Senior,86.6825,83.3705,5.3296,14.26,15,,7,,2,,,,
3630a0b6-0b4e-4bd9-ad22-f46c4b3c42d8,GPS USPSA June 2024,2024-06-23,1,Bay 4,a635e9f7-1d2b-4684-a548-fc09a0152f90,Christopher Boatcallie,32,69.46,3,88.40,PCC,B,A104118,MINOR,,106.0741,83.3471,5.3281,17.83,18,,5,,1,,,,
3630a0b6-0b4e-4bd9-ad22-f46c4b3c42d8,GPS USPSA June 2024,2024-06-23,1,Bay 4,a635e9f7-1d2b-4684-a548-fc09a0152f90,George Zhou,33,68.24,4,86.85,PCC,C,A146179,MINOR,,104.2146,81.8860,5.2347,16.62,19,,4,,1,,1,,
3630a0b6-0b4e-4bd9-ad22-f46c4b3c42d8,GPS USPSA June 2024,2024-06-23,1,Bay 4,a635e9f7-1d2b-4684-a548-fc09a0152f90,Eric Huh,34,67.65,7,67.65,Open,U,A143520,MINOR,,81.1836,81.1836,5.1898,20.81,19,,4,1,,,,,
3630a0b6-0b4e-4bd9-ad22-f46c4b3c42d8,GPS USPSA June 2024,2024-06-23,1,Bay 4,a635e9f7-1d2b-4684-a548-fc09a0152f90,Michael Pontious,35,67.62,8,67.62,Open,B,fy94575,MAJOR,Senior,81.1430,81.1430,5.1872,22.17,19,,5,,,,,,
3630a0b6-0b4e-4bd9-ad22-f46c4b3c42d8,GPS USPSA June 2024,2024-06-23,1,Bay 4,a635e9f7-1d2b-4684-a548-fc09a0152f90,Parish Saculles,36,65.54,5,83.41,PCC,U,L5316,MINOR,,100.0976,78.6511,5.0279,19.69,20,,3,,1,,,,
3630a0b6-0b4e-4bd9-ad22-f46c4b3c42d8,GPS USPSA June 2024,2024-06-23,1,Bay 4,a635e9f7-1d2b-4684-a548-fc09a0152f90,Osmund Saddler,37,63.98,1,100.00,Limited,B,TY123776,MINOR,,120.0000,76.7755,4.9080,22.82,20,,4,,,,,,
3630a0b6-0b4e-4bd9-ad22-f46c4b3c42d8,GPS USPSA June 2024,2024-06-23,1,Bay 4,a635e9f7-1d2b-4684-a548-fc09a0152f90,Albert Legislador,38,63.77,17,71.15,Carry Optics,C,TY91787,MINOR,Senior,85.3812,76.5283,4.8922,24.12,23,,1,,,,,,
3630a0b6-0b4e-4bd9-ad22-f46c4b3c42d8,GPS USPSA June 2024,2024-06-23,1,Bay 4,a635e9f7-1d2b-4684-a548-fc09a0152f90,Gil Yolo,39,63.53,18,70.88,Carry Optics,M,L5228,MINOR,,85.0566,76.2374,4.8736,21.75,17,,7,,,,,,
3630a0b6-0b4e-4bd9-ad22-f46c4b3c42d8,GPS USPSA June 2024,2024-06-23,1,Bay 4,a635e9f7-1d2b-4684-a548-fc09a0152f90,Doug Joder,40,63.15,6,80.36,PCC,B,TY115020,MINOR,,96.4364,75.7743,4.8440,24.36,23,,1,,,,,,
3630a0b6-0b4e-4bd9-ad22-f46c4b3c42d8,GPS USPSA June 2024,2024-06-23,1,Bay 4,a635e9f7-1d2b-4684-a548-fc09a0152f90,Larry Shaw,41,62.43,8,64.91,Limited Optics,U,A153831,MINOR,,77.8965,74.9202,4.7894,24.22,22,,2,,,,,,
3630a0b6-0b4e-4bd9-ad22-f46c4b3c42d8,GPS USPSA June 2024,2024-06-23,1,Bay 4,a635e9f7-1d2b-4684-a548-fc09a0152f90,Hayden Adamson,42,61.43,9,63.87,Limited Optics,U,A142273,MINOR,,76.6425,73.7142,4.7123,22.07,21,,3,,,,1,,
3630a0b6-0b4e-4bd9-ad22-f46c4b3c42d8,GPS USPSA June 2024,2024-06-23,1,Bay 4,a635e9f7-1d2b-4684-a548-fc09a0152f90,Paul Felker,43,61.26,19,68.34,Carry Optics,M,Ty107123,MINOR,,82.0111,73.5077,4.6991,24.26,21,,3,,,,,,
3630a0b6-0b4e-4bd9-ad22-f46c4b3c42d8,GPS USPSA June 2024,2024-06-23,1,Bay 4,a635e9f7-1d2b-4684-a548-fc09a0152f90,Devin Yolo,44,61.18,7,77.86,PCC,B,A112987,MINOR,,93.4322,73.4138,4.6931,19.39,21,,2,,1,,1,,
3630a0b6-0b4e-4bd9-ad22-f46c4b3c42d8,GPS USPSA June 2024,2024-06-23,1,Bay 4,a635e9f7-1d2b-4684-a548-fc09a0152f90,Alex Nguyen,45,60.17,8,76.58,PCC,C,A151003,MINOR,,91.8993,72.2093,4.6161,21.23,13,,11,,,,,,
3630a0b6-0b4e-4bd9-ad22-f46c4b3c42d8,GPS USPSA June 2024,2024-06-23,1,Bay 4,a635e9f7-1d2b-4684-a548-fc09a0152f90,Waltz Noguerra,46,60.05,20,67.00,Carry Optics,C,A137731,MINOR,,80.3985,72.0623,4.6067,23.01,19,,3,2,,,,,
3630a0b6-0b4e-4bd9-ad22-f46c4b3c42d8,GPS USPSA June 2024,2024-06-23,1,Bay 4,a635e9f7-1d2b-4684-a548-fc09a0152f90,Jennifer Kleiber-Boatcallie,47,59.93,9,76.28,PCC,C,A142192,MINOR,Lady,91.5329,71.9215,4.5977,24.36,20,,4,,,,,,
3630a0b6-0b4e-4bd9-ad22-f46c4b3c42d8,GPS USPSA June 2024,2024-06-23,1,Bay 4,a635e9f7-1d2b-4684-a548-fc09a0152f90,Arnold Gee,48,59.78,10,62.16,Limited Optics,U,A103519,MINOR,Senior,74.5883,71.7385,4.5860,23.55,18,,6,,,,,,
3630a0b6-0b4e-4bd9-ad22-f46c4b3c42d8,GPS USPSA June 2024,2024-06-23,1,Bay 4,a635e9f7-1d2b-4684-a548-fc09a0152f90,Amber Chike-Udenze,49,58.97,21,65.79,Carry Optics,C,A138974,MINOR,Lady,78.9499,70.7639,4.5237,22.99,17,,6,1,,,,,
3630a0b6-0b4e-4bd9-ad22-f46c4b3c42d8,GPS USPSA June 2024,2024-06-23,1,Bay 4,a635e9f7-1d2b-4684-a548-fc09a0152f90,Mike Kahl,50,58.09,22,64.81,Carry Optics,A,A70984,MINOR,Distinguished Senior,77.7719,69.7080,4.4562,20.87,18,,4,1,1,,,,
3630a0b6-0b4e-4bd9-ad22-f46c4b3c42d8,GPS USPSA June 2024,2024-06-23,1,Bay 4,a635e9f7-1d2b-4684-a548-fc09a0152f90,Abrahan Figueroa,51,57.53,9,57.53,Open,C,TY54053,MAJOR,Senior,69.0338,69.0338,4.4131,22.66,18,,5,,1,,,,
3630a0b6-0b4e-4bd9-ad22-f46c4b3c42d8,GPS USPSA June 2024,2024-06-23,1,Bay 4,a635e9f7-1d2b-4684-a548-fc09a0152f90,Pocholo Dimayuga,52,57.28,11,59.55,Limited Optics,U,A106236,MINOR,,71.4656,68.7350,4.3940,20.71,16,,7,,1,,,,
3630a0b6-0b4e-4bd9-ad22-f46c4b3c42d8,GPS USPSA June 2024,2024-06-23,1,Bay 4,a635e9f7-1d2b-4684-a548-fc09a0152f90,David Zhang,53,56.92,12,59.18,Limited Optics,C,FY140383,MINOR,Foreign,71.0199,68.3064,4.3666,20.84,17,,5,1,1,,,,
3630a0b6-0b4e-4bd9-ad22-f46c4b3c42d8,GPS USPSA June 2024,2024-06-23,1,Bay 4,a635e9f7-1d2b-4684-a548-fc09a0152f90,Andrew Philip,54,53.39,13,55.51,Limited Optics,C,A153653,MINOR,,66.6090,64.0640,4.0954,22.22,17,,5,1,1,,,,
3630a0b6-0b4e-4bd9-ad22-f46c4b3c42d8,GPS USPSA June 2024,2024-06-23,1,Bay 4,a635e9f7-1d2b-4684-a548-fc09a0152f90,Pat Byrne,55,53.15,23,59.30,Carry Optics,B,Ty93921,MINOR,Super Senior,71.1609,63.7825,4.0774,24.28,20,,3,,1,,,,
3630a0b6-0b4e-4bd9-ad22-f46c4b3c42d8,GPS USPSA June 2024,2024-06-23,1,Bay 4,a635e9f7-1d2b-4684-a548-fc09a0152f90,Virak Meas,56,52.36,14,54.44,Limited Optics,U,O,MINOR,Senior,65.3339,62.8376,4.0170,21.16,16,,4,3,1,,,,
3630a0b6-0b4e-4bd9-ad22-f46c4b3c42d8,GPS USPSA June 2024,2024-06-23,1,Bay 4,a635e9f7-1d2b-4684-a548-fc09a0152f90,CHAN WILLIAM,57,52.25,15,54.32,Limited Optics,B,0,MINOR,,65.1875,62.6968,4.0080,14.97,14,,6,2,2,,1,,
3630a0b6-0b4e-4bd9-ad22-f46c4b3c42d8,GPS USPSA June 2024,2024-06-23,1,Bay 4,a635e9f7-1d2b-4684-a548-fc09a0152f90,Michael Qian,58,51.94,16,54.00,Limited Optics,C,A150939,MINOR,,64.7988,62.3230,3.9841,25.10,16,,6,2,,,,,
3630a0b6-0b4e-4bd9-ad22-f46c4b3c42d8,GPS USPSA June 2024,2024-06-23,1,Bay 4,a635e9f7-1d2b-4684-a548-fc09a0152f90,Sean Frederick,59,50.33,24,56.16,Carry Optics,C,A149482,MINOR,,67.3876,60.4005,3.8612,23.05,15,,8,,1,,,,
3630a0b6-0b4e-4bd9-ad22-f46c4b3c42d8,GPS USPSA June 2024,2024-06-23,1,Bay 4,a635e9f7-1d2b-4684-a548-fc09a0152f90,Carlos Escandon,60,50.10,17,52.09,Limited Optics,B,L2590,MINOR,Super Senior,62.5104,60.1220,3.8434,28.10,18,,6,,,,,,
3630a0b6-0b4e-4bd9-ad22-f46c4b3c42d8,GPS USPSA June 2024,2024-06-23,1,Bay 4,a635e9f7-1d2b-4684-a548-fc09a0152f90,Abraham Estrada,61,49.93,25,55.71,Carry Optics,U,a156169,MINOR,,66.8501,59.9187,3.8304,21.93,19,,3,,2,,,,
3630a0b6-0b4e-4bd9-ad22-f46c4b3c42d8,GPS USPSA June 2024,2024-06-23,1,Bay 4,a635e9f7-1d2b-4684-a548-fc09a0152f90,Yulmer Carreno,62,48.52,26,54.14,Carry Optics,U,A157204,MINOR,,64.9635,58.2277,3.7223,23.91,20,,3,,1,,1,,
3630a0b6-0b4e-4bd9-ad22-f46c4b3c42d8,GPS USPSA June 2024,2024-06-23,1,Bay 4,a635e9f7-1d2b-4684-a548-fc09a0152f90,Dean Harnboonzong,63,47.22,27,52.68,Carry Optics,U,A157835,MINOR,,63.2200,56.6649,3.6224,28.71,16,,8,,,,,,
3630a0b6-0b4e-4bd9-ad22-f46c4b3c42d8,GPS USPSA June 2024,2024-06-23,1,Bay 4,a635e9f7-1d2b-4684-a548-fc09a0152f90,Patrick Mccombs,64,44.45,28,49.60,Carry Optics,C,A157503,MINOR,,59.5148,53.3439,3.4101,21.70,16,,4,2,2,,,,
3630a0b6-0b4e-4bd9-ad22-f46c4b3c42d8,GPS USPSA June 2024,2024-06-23,1,Bay 4,a635e9f7-1d2b-4684-a548-fc09a0152f90,Dan Schreiber,65,43.78,18,45.52,Limited Optics,C,A147899,MINOR,Super Senior,54.6238,52.5368,3.3585,35.73,24,,,,,,,,
3630a0b6-0b4e-4bd9-ad22-f46c4b3c42d8,GPS USPSA June 2024,2024-06-23,1,Bay 4,a635e9f7-1d2b-4684-a548-fc09a0152f90,Benjamin Michael,66,41.09,29,45.84,Carry Optics,C,L5472,MINOR,,55.0138,49.3096,3.1522,29.82,17,,6,1,,,1,,
3630a0b6-0b4e-4bd9-ad22-f46c4b3c42d8,GPS USPSA June 2024,2024-06-23,1,Bay 4,a635e9f7-1d2b-4684-a548-fc09a0152f90,Robbie Boettcher,67,39.88,1,100.00,Single Stack,B,L5829,MAJOR,,120.0000,47.8611,3.0596,32.03,16,,7,,1,,,,
3630a0b6-0b4e-4bd9-ad22-f46c4b3c42d8,GPS USPSA June 2024,2024-06-23,1,Bay 4,a635e9f7-1d2b-4684-a548-fc09a0152f90,Marissa Maxim,68,39.20,30,43.74,Carry Optics,C,A150790,MINOR,Lady,52.4832,47.0414,3.0072,27.60,15,,5,3,1,,,,
3630a0b6-0b4e-4bd9-ad22-f46c4b3c42d8,GPS USPSA June 2024,2024-06-23,1,Bay 4,a635e9f7-1d2b-4684-a548-fc09a0152f90,Mike Benitez,69,37.48,19,38.97,Limited Optics,U,,MINOR,,46.7616,44.9750,2.8751,19.13,12,,8,1,3,,,,
3630a0b6-0b4e-4bd9-ad22-f46c4b3c42d8,GPS USPSA June 2024,2024-06-23,1,Bay 4,a635e9f7-1d2b-4684-a548-fc09a0152f90,Teddy Elarmo,70,35.70,20,37.12,Limited Optics,,A142885,MAJOR,,44.5383,42.8366,2.7384,31.04,17,,4,2,1,,1,,
3630a0b6-0b4e-4bd9-ad22-f46c4b3c42d8,GPS USPSA June 2024,2024-06-23,1,Bay 4,a635e9f7-1d2b-4684-a548-fc09a0152f90,sharif boatner,71,35.08,31,39.13,Carry Optics,U,A154865,MINOR,,46.9595,42.0904,2.6907,36.05,19,,4,,1,,,,
3630a0b6-0b4e-4bd9-ad22-f46c4b3c42d8,GPS USPSA June 2024,2024-06-23,1,Bay 4,a635e9f7-1d2b-4684-a548-fc09a0152f90,Marlon Poralan,72,34.14,10,34.14,Open,X,TY1234,MAJOR,Law Enforcement,40.9626,40.9626,2.6186,26.35,17,,3,1,3,,,,
3630a0b6-0b4e-4bd9-ad22-f46c4b3c42d8,GPS USPSA June 2024,2024-06-23,1,Bay 4,a635e9f7-1d2b-4684-a548-fc09a0152f90,Jason Wells,73,33.90,2,85.01,Single Stack,A,L5218,MAJOR,,102.0094,40.6857,2.6009,25.76,15,,4,3,2,,1,,
3630a0b6-0b4e-4bd9-ad22-f46c4b3c42d8,GPS USPSA June 2024,2024-06-23,1,Bay 4,a635e9f7-1d2b-4684-a548-fc09a0152f90,Sydney Holland,74,27.69,21,28.79,Limited Optics,U,,MAJOR,Lady,34.5504,33.2303,2.1243,44.72,17,,4,2,1,,,,
3630a0b6-0b4e-4bd9-ad22-f46c4b3c42d8,GPS USPSA June 2024,2024-06-23,1,Bay 4,a635e9f7-1d2b-4684-a548-fc09a0152f90,JR Roberts,75,25.92,3,64.98,Single Stack,C,TY102739,MAJOR,,77.9749,31.0997,1.9881,50.30,18,,4,2,,,1,,
3630a0b6-0b4e-4bd9-ad22-f46c4b3c42d8,GPS USPSA June 2024,2024-06-23,1,Bay 4,a635e9f7-1d2b-4684-a548-fc09a0152f90,Robin Chen,76,17.39,32,19.40,Carry Optics,C,A152878,MINOR,Lady; Law Enforcement,23.2782,20.8645,1.3338,27.74,13,,7,1,3,,2,,
3630a0b6-0b4e-4bd9-ad22-f46c4b3c42d8,GPS USPSA June 2024,2024-06-23,1,Bay 4,a635e9f7-1d2b-4684-a548-fc09a0152f90,Matthew Givens,77,16.12,4,40.42,Single Stack,C,Ty137686,MINOR,,48.5083,19.3472,1.2368,38.81,14,,6,,4,,,,
3630a0b6-0b4e-4bd9-ad22-f46c4b3c42d8,GPS USPSA June 2024,2024-06-23,2,Bay 5,92b81989-0e92-4e3e-89e4-e50e6e84efad,Chez Chike-Udenze,1,100.00,1,100.00,Open,A,A138598,MAJOR,,115.0000,115.0000,6.4095,17.63,21,,2,,,,,,
3630a0b6-0b4e-4bd9-ad22-f46c4b3c42d8,GPS USPSA June 2024,2024-06-23,2,Bay 5,92b81989-0e92-4e3e-89e4-e50e6e84efad,August Balagtas,2,99.69,2,99.69,Open,M,L3674,MAJOR,,114.6430,114.6430,6.3896,16.12,15,,6,2,,,,,
3630a0b6-0b4e-4bd9-ad22-f46c4b3c42d8,GPS USPSA June 2024,2024-06-23,2,Bay 5,92b81989-0e92-4e3e-89e4-e50e6e84efad,Craig Bellamy,3,97.02,1,100.00,Carry Optics,M,TY54824,MINOR,Law Enforcement,115.0000,111.5731,6.2185,17.85,21,,2,,,,,,
3630a0b6-0b4e-4bd9-ad22-f46c4b3c42d8,GPS USPSA June 2024,2024-06-23,2,Bay 5,92b81989-0e92-4e3e-89e4-e50e6e84efad,Khoa Nguyen,4,96.12,1,100.00,Limited Optics,A,A117224,MINOR,Law Enforcement,115.0000,110.5324,6.1605,16.07,15,,8,,,,,,
3630a0b6-0b4e-4bd9-ad22-f46c4b3c42d8,GPS USPSA June 2024,2024-06-23,2,Bay 5,92b81989-0e92-4e3e-89e4-e50e6e84efad,Tony Vale,5,95.82,2,98.77,Carry Optics,B,A153735,MINOR,,113.5834,110.1987,6.1419,16.77,17,,6,,,,,,
3630a0b6-0b4e-4bd9-ad22-f46c4b3c42d8,GPS USPSA June 2024,2024-06-23,2,Bay 5,92b81989-0e92-4e3e-89e4-e50e6e84efad,Gil Yolo,6,87.38,3,90.06,Carry Optics,M,L5228,MINOR,,103.5712,100.4848,5.6005,17.32,15,,7,1,,,,,
3630a0b6-0b4e-4bd9-ad22-f46c4b3c42d8,GPS USPSA June 2024,2024-06-23,2,Bay 5,92b81989-0e92-4e3e-89e4-e50e6e84efad,Brandon Foss,7,86.18,4,88.82,Carry Optics,M,L5142,MINOR,,102.1454,99.1015,5.5234,19.01,18,,5,,,,,,
3630a0b6-0b4e-4bd9-ad22-f46c4b3c42d8,GPS USPSA June 2024,2024-06-23,2,Bay 5,92b81989-0e92-4e3e-89e4-e50e6e84efad,Ryan Alicaya,8,85.27,2,88.72,Limited Optics,D,0,MINOR,,102.0243,98.0608,5.4654,18.48,16,,7,,,,,,
3630a0b6-0b4e-4bd9-ad22-f46c4b3c42d8,GPS USPSA June 2024,2024-06-23,2,Bay 5,92b81989-0e92-4e3e-89e4-e50e6e84efad,Taylor Snodgrass,9,84.60,3,84.60,Open,U,A159149,MINOR,,97.2875,97.2875,5.4223,20.84,22,,1,,,,,,
3630a0b6-0b4e-4bd9-ad22-f46c4b3c42d8,GPS USPSA June 2024,2024-06-23,2,Bay 5,92b81989-0e92-4e3e-89e4-e50e6e84efad,Paul Felker,10,83.51,5,86.08,Carry Optics,M,Ty107123,MINOR,,98.9886,96.0388,5.3527,19.99,19,,4,,,,,,
3630a0b6-0b4e-4bd9-ad22-f46c4b3c42d8,GPS USPSA June 2024,2024-06-23,2,Bay 5,92b81989-0e92-4e3e-89e4-e50e6e84efad,Garrick Gonzalez,11,81.42,4,81.42,Open,U,A119804,MAJOR,,93.6274,93.6274,5.2183,18.78,16,,7,,,,1,,
3630a0b6-0b4e-4bd9-ad22-f46c4b3c42d8,GPS USPSA June 2024,2024-06-23,2,Bay 5,92b81989-0e92-4e3e-89e4-e50e6e84efad,Jose Onia,12,80.34,3,83.59,Limited Optics,C,0,MINOR,,96.1292,92.3947,5.1496,20.39,18,,5,,,,,,
3630a0b6-0b4e-4bd9-ad22-f46c4b3c42d8,GPS USPSA June 2024,2024-06-23,2,Bay 5,92b81989-0e92-4e3e-89e4-e50e6e84efad,Jun Wu,13,79.41,1,100.00,PCC,B,A104927,MINOR,,115.0000,91.3272,5.0901,22.20,22,,1,,,,,,
3630a0b6-0b4e-4bd9-ad22-f46c4b3c42d8,GPS USPSA June 2024,2024-06-23,2,Bay 5,92b81989-0e92-4e3e-89e4-e50e6e84efad,Heath Helgeson,14,79.24,6,81.68,Carry Optics,B,A149129,MINOR,,93.9307,91.1316,5.0792,18.31,17,,6,,,,1,,
3630a0b6-0b4e-4bd9-ad22-f46c4b3c42d8,GPS USPSA June 2024,2024-06-23,2,Bay 5,92b81989-0e92-4e3e-89e4-e50e6e84efad,Christopher Boatcallie,15,78.81,2,99.24,PCC,B,A104118,MINOR,,114.1279,90.6346,5.0515,19.40,21,,1,,1,,,,
3630a0b6-0b4e-4bd9-ad22-f46c4b3c42d8,GPS USPSA June 2024,2024-06-23,2,Bay 5,92b81989-0e92-4e3e-89e4-e50e6e84efad,Tyler Kenny,16,78.38,7,80.78,Carry Optics,A,A148691,MINOR,,92.9006,90.1322,5.0235,21.30,19,,4,,,,,,
3630a0b6-0b4e-4bd9-ad22-f46c4b3c42d8,GPS USPSA June 2024,2024-06-23,2,Bay 5,92b81989-0e92-4e3e-89e4-e50e6e84efad,Gary Wu,17,77.22,8,79.59,Carry Optics,B,L2998,MINOR,Senior,91.5247,88.7973,4.9491,21.62,20,,2,1,,,,,
3630a0b6-0b4e-4bd9-ad22-f46c4b3c42d8,GPS USPSA June 2024,2024-06-23,2,Bay 5,92b81989-0e92-4e3e-89e4-e50e6e84efad,Matthew Lem,18,77.07,9,79.44,Carry Optics,M,A34763,MINOR,Senior; Law Enforcement,91.3583,88.6359,4.9401,20.04,16,,6,1,,,,,
3630a0b6-0b4e-4bd9-ad22-f46c4b3c42d8,GPS USPSA June 2024,2024-06-23,2,Bay 5,92b81989-0e92-4e3e-89e4-e50e6e84efad,Roman Gwiscz,19,76.87,10,79.24,Carry Optics,A,L4670,MINOR,,91.1216,88.4062,4.9273,21.31,18,,5,,,,,,
3630a0b6-0b4e-4bd9-ad22-f46c4b3c42d8,GPS USPSA June 2024,2024-06-23,2,Bay 5,92b81989-0e92-4e3e-89e4-e50e6e84efad,Mike Junco,20,76.49,4,79.58,Limited Optics,A,TY34819,MINOR,Senior; Law Enforcement,91.5165,87.9612,4.9025,17.95,17,,4,1,1,,,,
3630a0b6-0b4e-4bd9-ad22-f46c4b3c42d8,GPS USPSA June 2024,2024-06-23,2,Bay 5,92b81989-0e92-4e3e-89e4-e50e6e84efad,Travis McKenzie,21,76.37,5,79.45,Limited Optics,M,L6340,MINOR,,91.3709,87.8213,4.8947,19.00,13,,9,1,,,,,
3630a0b6-0b4e-4bd9-ad22-f46c4b3c42d8,GPS USPSA June 2024,2024-06-23,2,Bay 5,92b81989-0e92-4e3e-89e4-e50e6e84efad,Andy Chen,22,76.34,6,79.43,Limited Optics,A,A86721,MINOR,,91.3448,87.7962,4.8933,19.21,20,,1,1,1,,,,
3630a0b6-0b4e-4bd9-ad22-f46c4b3c42d8,GPS USPSA June 2024,2024-06-23,2,Bay 5,92b81989-0e92-4e3e-89e4-e50e6e84efad,Steven McNamara,23,75.19,5,75.19,Open,B,A75212,MAJOR,Senior,86.4684,86.4684,4.8193,19.92,18,,4,,1,,,,
3630a0b6-0b4e-4bd9-ad22-f46c4b3c42d8,GPS USPSA June 2024,2024-06-23,2,Bay 5,92b81989-0e92-4e3e-89e4-e50e6e84efad,Jim Havens,24,73.63,7,76.60,Limited Optics,M,TY114636,MINOR,Senior,88.0911,84.6689,4.7190,18.86,16,,6,1,,,1,,
3630a0b6-0b4e-4bd9-ad22-f46c4b3c42d8,GPS USPSA June 2024,2024-06-23,2,Bay 5,92b81989-0e92-4e3e-89e4-e50e6e84efad,Larry Shaw,25,72.61,8,75.55,Limited Optics,U,A153831,MINOR,,86.8777,83.5026,4.6540,24.71,23,,,,,,,,
3630a0b6-0b4e-4bd9-ad22-f46c4b3c42d8,GPS USPSA June 2024,2024-06-23,2,Bay 5,92b81989-0e92-4e3e-89e4-e50e6e84efad,George Zhou,26,71.39,3,89.90,PCC,C,A146179,MINOR,,103.3850,82.1031,4.5760,23.82,20,,3,,,,,,
3630a0b6-0b4e-4bd9-ad22-f46c4b3c42d8,GPS USPSA June 2024,2024-06-23,2,Bay 5,92b81989-0e92-4e3e-89e4-e50e6e84efad,Mike Kahl,27,69.30,11,71.43,Carry Optics,A,A70984,MINOR,Distinguished Senior,82.1413,79.6935,4.4417,24.09,19,,4,,,,,,
3630a0b6-0b4e-4bd9-ad22-f46c4b3c42d8,GPS USPSA June 2024,2024-06-23,2,Bay 5,92b81989-0e92-4e3e-89e4-e50e6e84efad,Arnold Gee,28,69.23,9,72.03,Limited Optics,U,A103519,MINOR,Senior,82.8325,79.6146,4.4373,21.86,16,,5,2,,,,,
3630a0b6-0b4e-4bd9-ad22-f46c4b3c42d8,GPS USPSA June 2024,2024-06-23,2,Bay 5,92b81989-0e92-4e3e-89e4-e50e6e84efad,Osmund Saddler,29,68.53,1,100.00,Limited,B,TY123776,MINOR,,115.0000,78.8125,4.3926,25.27,21,,2,,,,,,
3630a0b6-0b4e-4bd9-ad22-f46c4b3c42d8,GPS USPSA June 2024,2024-06-23,2,Bay 5,92b81989-0e92-4e3e-89e4-e50e6e84efad,Steve Cai,30,68.50,12,70.60,Carry Optics,M,A148273,MINOR,,81.1889,78.7695,4.3902,20.50,18,,3,1,1,,,,
3630a0b6-0b4e-4bd9-ad22-f46c4b3c42d8,GPS USPSA June 2024,2024-06-23,2,Bay 5,92b81989-0e92-4e3e-89e4-e50e6e84efad,Devin Yolo,31,66.89,4,84.23,PCC,B,A112987,MINOR,,96.8647,76.9250,4.2874,16.56,15,,5,1,2,,,,
3630a0b6-0b4e-4bd9-ad22-f46c4b3c42d8,GPS USPSA June 2024,2024-06-23,2,Bay 5,92b81989-0e92-4e3e-89e4-e50e6e84efad,Abrahan Figueroa,32,66.72,6,66.72,Open,C,TY54053,MAJOR,Senior,76.7295,76.7295,4.2765,23.15,13,,7,3,,,,,
3630a0b6-0b4e-4bd9-ad22-f46c4b3c42d8,GPS USPSA June 2024,2024-06-23,2,Bay 5,92b81989-0e92-4e3e-89e4-e50e6e84efad,Joseph White,33,64.10,13,66.07,Carry Optics,B,A135489,MINOR,Law Enforcement,75.9849,73.7206,4.1088,18.01,19,,3,,1,,2,,
3630a0b6-0b4e-4bd9-ad22-f46c4b3c42d8,GPS USPSA June 2024,2024-06-23,2,Bay 5,92b81989-0e92-4e3e-89e4-e50e6e84efad,Doug Joder,34,63.58,5,80.06,PCC,B,TY115020,MINOR,,92.0637,73.1123,4.0749,27.24,21,,2,,,,,,
3630a0b6-0b4e-4bd9-ad22-f46c4b3c42d8,GPS USPSA June 2024,2024-06-23,2,Bay 5,92b81989-0e92-4e3e-89e4-e50e6e84efad,JC Aguinaldo,35,63.25,14,65.19,Carry Optics,C,0,MINOR,,74.9733,72.7391,4.0541,20.72,14,,8,,1,,,,
3630a0b6-0b4e-4bd9-ad22-f46c4b3c42d8,GPS USPSA June 2024,2024-06-23,2,Bay 5,92b81989-0e92-4e3e-89e4-e50e6e84efad,Abraham Estrada,36,60.60,15,62.46,Carry Optics,U,a156169,MINOR,,71.8258,69.6854,3.8839,25.49,16,,6,1,,,,,
3630a0b6-0b4e-4bd9-ad22-f46c4b3c42d8,GPS USPSA June 2024,2024-06-23,2,Bay 5,92b81989-0e92-4e3e-89e4-e50e6e84efad,Dean Harnboonzong,37,59.72,16,61.56,Carry Optics,U,A157835,MINOR,,70.7920,68.6824,3.8280,23.25,11,,11,1,,,,,
3630a0b6-0b4e-4bd9-ad22-f46c4b3c42d8,GPS USPSA June 2024,2024-06-23,2,Bay 5,92b81989-0e92-4e3e-89e4-e50e6e84efad,Parish Saculles,38,58.88,6,74.14,PCC,U,L5316,MINOR,,85.2565,67.7064,3.7736,22.26,15,,6,1,1,,,,
3630a0b6-0b4e-4bd9-ad22-f46c4b3c42d8,GPS USPSA June 2024,2024-06-23,2,Bay 5,92b81989-0e92-4e3e-89e4-e50e6e84efad,Abe Valdez,39,58.61,17,60.41,Carry Optics,B,,MINOR,,69.4716,67.4014,3.7566,24.49,18,,4,,1,,,,
3630a0b6-0b4e-4bd9-ad22-f46c4b3c42d8,GPS USPSA June 2024,2024-06-23,2,Bay 5,92b81989-0e92-4e3e-89e4-e50e6e84efad,Christian Canizales,40,56.14,18,57.86,Carry Optics,A,TY150265,MINOR,,66.5441,64.5611,3.5983,18.62,18,,2,1,2,,1,,
3630a0b6-0b4e-4bd9-ad22-f46c4b3c42d8,GPS USPSA June 2024,2024-06-23,2,Bay 5,92b81989-0e92-4e3e-89e4-e50e6e84efad,Virak Meas,41,55.51,10,57.76,Limited Optics,U,O,MINOR,Senior,66.4202,63.8398,3.5581,24.17,16,,5,1,1,,,,
3630a0b6-0b4e-4bd9-ad22-f46c4b3c42d8,GPS USPSA June 2024,2024-06-23,2,Bay 5,92b81989-0e92-4e3e-89e4-e50e6e84efad,Roger Feng,42,54.76,19,56.44,Carry Optics,B,A157776,MINOR,,64.9038,62.9697,3.5096,20.23,16,,3,2,2,,,,
3630a0b6-0b4e-4bd9-ad22-f46c4b3c42d8,GPS USPSA June 2024,2024-06-23,2,Bay 5,92b81989-0e92-4e3e-89e4-e50e6e84efad,Pat Byrne,43,54.15,20,55.81,Carry Optics,B,Ty93921,MINOR,Super Senior,64.1844,62.2717,3.4707,27.66,20,,2,,1,,,,
3630a0b6-0b4e-4bd9-ad22-f46c4b3c42d8,GPS USPSA June 2024,2024-06-23,2,Bay 5,92b81989-0e92-4e3e-89e4-e50e6e84efad,CHAN WILLIAM,44,54.00,11,56.18,Limited Optics,B,0,MINOR,,64.6094,62.0995,3.4611,18.78,14,,4,3,2,,,,
3630a0b6-0b4e-4bd9-ad22-f46c4b3c42d8,GPS USPSA June 2024,2024-06-23,2,Bay 5,92b81989-0e92-4e3e-89e4-e50e6e84efad,Michael Qian,45,53.66,12,55.83,Limited Optics,C,A150939,MINOR,,64.2025,61.7083,3.4393,27.04,18,,4,1,,,1,,
3630a0b6-0b4e-4bd9-ad22-f46c4b3c42d8,GPS USPSA June 2024,2024-06-23,2,Bay 5,92b81989-0e92-4e3e-89e4-e50e6e84efad,David Zhang,46,53.28,13,55.44,Limited Optics,C,FY140383,MINOR,Foreign,63.7526,61.2759,3.4152,24.01,15,,5,2,1,,,,
3630a0b6-0b4e-4bd9-ad22-f46c4b3c42d8,GPS USPSA June 2024,2024-06-23,2,Bay 5,92b81989-0e92-4e3e-89e4-e50e6e84efad,Amber Chike-Udenze,47,53.27,21,54.91,Carry Optics,C,A138974,MINOR,Lady,63.1469,61.2652,3.4146,24.60,16,,4,2,1,,,,
3630a0b6-0b4e-4bd9-ad22-f46c4b3c42d8,GPS USPSA June 2024,2024-06-23,2,Bay 5,92b81989-0e92-4e3e-89e4-e50e6e84efad,Lee Cardwell,48,53.23,22,54.87,Carry Optics,B,A155173,MINOR,,63.0951,61.2149,3.4118,20.81,16,,3,2,2,,,,
3630a0b6-0b4e-4bd9-ad22-f46c4b3c42d8,GPS USPSA June 2024,2024-06-23,2,Bay 5,92b81989-0e92-4e3e-89e4-e50e6e84efad,Dan Schreiber,49,52.42,14,54.54,Limited Optics,C,A147899,MINOR,Super Senior,62.7240,60.2873,3.3601,33.63,22,,1,,,,,,
3630a0b6-0b4e-4bd9-ad22-f46c4b3c42d8,GPS USPSA June 2024,2024-06-23,2,Bay 5,92b81989-0e92-4e3e-89e4-e50e6e84efad,Patrick Mccombs,50,51.98,23,53.58,Carry Optics,C,A157503,MINOR,,61.6175,59.7813,3.3319,22.51,16,,5,,2,,,,
3630a0b6-0b4e-4bd9-ad22-f46c4b3c42d8,GPS USPSA June 2024,2024-06-23,2,Bay 5,92b81989-0e92-4e3e-89e4-e50e6e84efad,Robin Chen,51,51.41,24,52.99,Carry Optics,C,A152878,MINOR,Lady; Law Enforcement,60.9425,59.1265,3.2954,25.49,15,,6,1,1,,,,
3630a0b6-0b4e-4bd9-ad22-f46c4b3c42d8,GPS USPSA June 2024,2024-06-23,2,Bay 5,92b81989-0e92-4e3e-89e4-e50e6e84efad,Carlos Escandon,52,50.81,15,52.86,Limited Optics,B,L2590,MINOR,Super Senior,60.7882,58.4267,3.2564,29.48,20,,2,,1,,,,
3630a0b6-0b4e-4bd9-ad22-f46c4b3c42d8,GPS USPSA June 2024,2024-06-23,2,Bay 5,92b81989-0e92-4e3e-89e4-e50e6e84efad,Jennifer Kleiber-Boatcallie,53,50.63,7,63.76,PCC,C,A142192,MINOR,Lady,73.3207,58.2276,3.2453,26.50,16,,5,1,1,,,,
3630a0b6-0b4e-4bd9-ad22-f46c4b3c42d8,GPS USPSA June 2024,2024-06-23,2,Bay 5,92b81989-0e92-4e3e-89e4-e50e6e84efad,Michael Pontious,54,50.63,7,50.63,Open,B,fy94575,MAJOR,Senior,58.2222,58.2222,3.2450,25.27,18,,3,,2,,,,
3630a0b6-0b4e-4bd9-ad22-f46c4b3c42d8,GPS USPSA June 2024,2024-06-23,2,Bay 5,92b81989-0e92-4e3e-89e4-e50e6e84efad,Matthew Gonzalez,55,50.14,25,51.68,Carry Optics,X,A119810,MINOR,,59.4335,57.6624,3.2138,21.47,14,,6,1,2,,,,
3630a0b6-0b4e-4bd9-ad22-f46c4b3c42d8,GPS USPSA June 2024,2024-06-23,2,Bay 5,92b81989-0e92-4e3e-89e4-e50e6e84efad,Teddy Elarmo,56,48.74,16,50.71,Limited Optics,,A142885,MAJOR,,58.3167,56.0512,3.1240,30.73,16,,6,1,,,1,,
3630a0b6-0b4e-4bd9-ad22-f46c4b3c42d8,GPS USPSA June 2024,2024-06-23,2,Bay 5,92b81989-0e92-4e3e-89e4-e50e6e84efad,Benjamin Michael,57,47.14,26,48.59,Carry Optics,C,L5472,MINOR,,55.8754,54.2103,3.0214,30.78,17,,6,,,,1,,
3630a0b6-0b4e-4bd9-ad22-f46c4b3c42d8,GPS USPSA June 2024,2024-06-23,2,Bay 5,92b81989-0e92-4e3e-89e4-e50e6e84efad,Wade Pruetz,58,46.82,8,46.82,Open,A,Ty79055,MAJOR,Senior,53.8407,53.8407,3.0008,35.99,16,,7,,,,,,
3630a0b6-0b4e-4bd9-ad22-f46c4b3c42d8,GPS USPSA June 2024,2024-06-23,2,Bay 5,92b81989-0e92-4e3e-89e4-e50e6e84efad,Jason Wells,59,45.89,1,100.00,Single Stack,A,L5218,MAJOR,,115.0000,52.7714,2.9412,23.46,17,,3,1,2,,1,,
3630a0b6-0b4e-4bd9-ad22-f46c4b3c42d8,GPS USPSA June 2024,2024-06-23,2,Bay 5,92b81989-0e92-4e3e-89e4-e50e6e84efad,Hayden Adamson,60,45.74,17,47.59,Limited Optics,U,A142273,MINOR,,54.7232,52.5973,2.9315,24.22,14,,7,,2,,,,
3630a0b6-0b4e-4bd9-ad22-f46c4b3c42d8,GPS USPSA June 2024,2024-06-23,2,Bay 5,92b81989-0e92-4e3e-89e4-e50e6e84efad,Khoi Nguyen,61,45.48,8,57.27,PCC,G,L6304,MINOR,,65.8650,52.3067,2.9153,14.75,16,,4,1,2,,3,,
3630a0b6-0b4e-4bd9-ad22-f46c4b3c42d8,GPS USPSA June 2024,2024-06-23,2,Bay 5,92b81989-0e92-4e3e-89e4-e50e6e84efad,Albert Legislador,62,41.82,27,43.11,Carry Optics,C,TY91787,MINOR,Senior,49.5747,48.0974,2.6807,20.89,18,,2,,3,,,1,
3630a0b6-0b4e-4bd9-ad22-f46c4b3c42d8,GPS USPSA June 2024,2024-06-23,2,Bay 5,92b81989-0e92-4e3e-89e4-e50e6e84efad,Sydney Holland,63,41.51,18,43.18,Limited Optics,U,,MAJOR,Lady,49.6625,47.7332,2.6604,38.34,16,,4,3,,,,,
3630a0b6-0b4e-4bd9-ad22-f46c4b3c42d8,GPS USPSA June 2024,2024-06-23,2,Bay 5,92b81989-0e92-4e3e-89e4-e50e6e84efad,Yulmer Carreno,64,41.23,28,42.50,Carry Optics,U,A157204,MINOR,,48.8701,47.4138,2.6426,28.76,16,,5,1,1,,1,,
3630a0b6-0b4e-4bd9-ad22-f46c4b3c42d8,GPS USPSA June 2024,2024-06-23,2,Bay 5,92b81989-0e92-4e3e-89e4-e50e6e84efad,Eric Huh,65,39.40,9,39.40,Open,U,A143520,MINOR,,45.3128,45.3128,2.5255,20.59,16,,4,,3,,,1,
3630a0b6-0b4e-4bd9-ad22-f46c4b3c42d8,GPS USPSA June 2024,2024-06-23,2,Bay 5,92b81989-0e92-4e3e-89e4-e50e6e84efad,Mike Benitez,66,37.42,19,38.94,Limited Optics,U,,MINOR,,44.7754,43.0360,2.3986,17.51,12,,7,1,3,,,1,
3630a0b6-0b4e-4bd9-ad22-f46c4b3c42d8,GPS USPSA June 2024,2024-06-23,2,Bay 5,92b81989-0e92-4e3e-89e4-e50e6e84efad,Pocholo Dimayuga,67,36.05,20,37.51,Limited Optics,U,A106236,MINOR,,43.1346,41.4589,2.3107,23.37,17,,3,,3,,1,,
3630a0b6-0b4e-4bd9-ad22-f46c4b3c42d8,GPS USPSA June 2024,2024-06-23,2,Bay 5,92b81989-0e92-4e3e-89e4-e50e6e84efad,Marlon Poralan,68,35.07,10,35.07,Open,X,TY1234,MAJOR,Law Enforcement,40.3267,40.3267,2.2476,25.36,13,,4,3,3,,,,
3630a0b6-0b4e-4bd9-ad22-f46c4b3c42d8,GPS USPSA June 2024,2024-06-23,2,Bay 5,92b81989-0e92-4e3e-89e4-e50e6e84efad,Sean Frederick,69,29.51,29,30.41,Carry Optics,C,A149482,MINOR,,34.9762,33.9339,1.8913,25.38,11,,7,2,3,,,,
3630a0b6-0b4e-4bd9-ad22-f46c4b3c42d8,GPS USPSA June 2024,2024-06-23,2,Bay 5,92b81989-0e92-4e3e-89e4-e50e6e84efad,Robbie Boettcher,70,25.83,2,56.28,Single Stack,B,L5829,MAJOR,,64.7217,29.6996,1.6553,35.04,12,,6,2,3,,,,
3630a0b6-0b4e-4bd9-ad22-f46c4b3c42d8,GPS USPSA June 2024,2024-06-23,2,Bay 5,92b81989-0e92-4e3e-89e4-e50e6e84efad,sharif boatner,71,25.82,30,26.62,Carry Optics,U,A154865,MINOR,,30.6100,29.6978,1.6552,29.00,15,,4,1,3,,1,,
3630a0b6-0b4e-4bd9-ad22-f46c4b3c42d8,GPS USPSA June 2024,2024-06-23,2,Bay 5,92b81989-0e92-4e3e-89e4-e50e6e84efad,JR Roberts,72,25.32,3,55.19,Single Stack,C,TY102739,MAJOR,,63.4666,29.1236,1.6232,40.66,16,,3,2,2,,1,,
3630a0b6-0b4e-4bd9-ad22-f46c4b3c42d8,GPS USPSA June 2024,2024-06-23,2,Bay 5,92b81989-0e92-4e3e-89e4-e50e6e84efad,Waltz Noguerra,73,25.27,31,26.05,Carry Optics,C,A137731,MINOR,,29.9534,29.0608,1.6197,25.93,13,,5,2,3,,1,,
3630a0b6-0b4e-4bd9-ad22-f46c4b3c42d8,GPS USPSA June 2024,2024-06-23,2,Bay 5,92b81989-0e92-4e3e-89e4-e50e6e84efad,Andrew Philip,74,24.34,21,25.32,Limited Optics,C,A153653,MINOR,,29.1210,27.9897,1.5600,25.00,13,,4,2,4,,,,
3630a0b6-0b4e-4bd9-ad22-f46c4b3c42d8,GPS USPSA June 2024,2024-06-23,2,Bay 5,92b81989-0e92-4e3e-89e4-e50e6e84efad,Matthew Givens,75,23.63,4,51.49,Single Stack,C,Ty137686,MINOR,,59.2087,27.1697,1.5143,34.34,13,,5,2,3,,,,
3630a0b6-0b4e-4bd9-ad22-f46c4b3c42d8,GPS USPSA June 2024,2024-06-23,2,Bay 5,92b81989-0e92-4e3e-89e4-e50e6e84efad,Alex Nguyen,76,22.32,9,28.11,PCC,C,A151003,MINOR,,32.3281,25.6734,1.4309,61.50,17,,4,1,1,,,,
3630a0b6-0b4e-4bd9-ad22-f46c4b3c42d8,GPS USPSA June 2024,2024-06-23,2,Bay 5,92b81989-0e92-4e3e-89e4-e50e6e84efad,Marissa Maxim,77,20.52,32,21.15,Carry Optics,C,A150790,MINOR,Lady,24.3241,23.5993,1.3153,25.85,11,,5,4,3,,1,,
3630a0b6-0b4e-4bd9-ad22-f46c4b3c42d8,GPS USPSA June 2024,2024-06-23,3,Bay 6,22291783-acc8-461c-b1b4-832fa121b281,Craig Bellamy,1,100.00,1,100.00,Carry Optics,M,TY54824,MINOR,Law Enforcement,105.0000,105.0000,7.3333,13.50,19,,1,1,,,,,
3630a0b6-0b4e-4bd9-ad22-f46c4b3c42d8,GPS USPSA June 2024,2024-06-23,3,Bay 6,22291783-acc8-461c-b1b4-832fa121b281,Chez Chike-Udenze,2,95.40,1,100.00,Open,A,A138598,MAJOR,,105.0000,100.1690,6.9959,14.58,18,,3,,,,,,
3630a0b6-0b4e-4bd9-ad22-f46c4b3c42d8,GPS USPSA June 2024,2024-06-23,3,Bay 6,22291783-acc8-461c-b1b4-832fa121b281,Gil Yolo,3,91.62,2,91.62,Carry Optics,M,L5228,MINOR,,96.1971,96.1971,6.7185,14.14,16,,5,,,,,,
3630a0b6-0b4e-4bd9-ad22-f46c4b3c42d8,GPS USPSA June 2024,2024-06-23,3,Bay 6,22291783-acc8-461c-b1b4-832fa121b281,Jim Havens,4,86.79,1,100.00,Limited Optics,M,TY114636,MINOR,Senior,105.0000,91.1328,6.3648,15.24,17,,4,,,,,,
3630a0b6-0b4e-4bd9-ad22-f46c4b3c42d8,GPS USPSA June 2024,2024-06-23,3,Bay 6,22291783-acc8-461c-b1b4-832fa121b281,Jose Onia,5,82.97,2,95.59,Limited Optics,C,0,MINOR,,100.3726,87.1165,6.0843,16.60,19,,2,,,,,,
3630a0b6-0b4e-4bd9-ad22-f46c4b3c42d8,GPS USPSA June 2024,2024-06-23,3,Bay 6,22291783-acc8-461c-b1b4-832fa121b281,Matthew Lem,6,82.38,3,82.38,Carry Optics,M,A34763,MINOR,Senior; Law Enforcement,86.5023,86.5023,6.0414,17.38,21,,,,,,,,
3630a0b6-0b4e-4bd9-ad22-f46c4b3c42d8,GPS USPSA June 2024,2024-06-23,3,Bay 6,22291783-acc8-461c-b1b4-832fa121b281,Brandon Foss,7,81.25,4,81.25,Carry Optics,M,L5142,MINOR,,85.3110,85.3110,5.9582,16.28,17,,4,,,,,,
3630a0b6-0b4e-4bd9-ad22-f46c4b3c42d8,GPS USPSA June 2024,2024-06-23,3,Bay 6,22291783-acc8-461c-b1b4-832fa121b281,Taylor Snodgrass,8,80.80,2,84.70,Open,U,A159149,MINOR,,88.9346,84.8428,5.9255,16.37,17,,4,,,,,,
3630a0b6-0b4e-4bd9-ad22-f46c4b3c42d8,GPS USPSA June 2024,2024-06-23,3,Bay 6,22291783-acc8-461c-b1b4-832fa121b281,Wade Pruetz,9,80.12,3,83.98,Open,A,Ty79055,MAJOR,Senior,88.1796,84.1226,5.8752,16.34,14,,6,1,,,,,
3630a0b6-0b4e-4bd9-ad22-f46c4b3c42d8,GPS USPSA June 2024,2024-06-23,3,Bay 6,22291783-acc8-461c-b1b4-832fa121b281,Andy Chen,10,79.55,3,91.66,Limited Optics,A,A86721,MINOR,,96.2401,83.5298,5.8338,16.97,18,,3,,,,,,
3630a0b6-0b4e-4bd9-ad22-f46c4b3c42d8,GPS USPSA June 2024,2024-06-23,3,Bay 6,22291783-acc8-461c-b1b4-832fa121b281,August Balagtas,11,78.90,4,82.71,Open,M,L3674,MAJOR,,86.8424,82.8468,5.7861,17.11,15,,6,,,,,,
3630a0b6-0b4e-4bd9-ad22-f46c4b3c42d8,GPS USPSA June 2024,2024-06-23,3,Bay 6,22291783-acc8-461c-b1b4-832fa121b281,Tony Vale,12,78.51,5,78.51,Carry Optics,B,A153735,MINOR,,82.4387,82.4387,5.7576,16.50,16,,5,,,,,,
3630a0b6-0b4e-4bd9-ad22-f46c4b3c42d8,GPS USPSA June 2024,2024-06-23,3,Bay 6,22291783-acc8-461c-b1b4-832fa121b281,Paul Felker,13,77.19,6,77.19,Carry Optics,M,Ty107123,MINOR,,81.0470,81.0470,5.6604,16.43,15,,6,,,,,,
3630a0b6-0b4e-4bd9-ad22-f46c4b3c42d8,GPS USPSA June 2024,2024-06-23,3,Bay 6,22291783-acc8-461c-b1b4-832fa121b281,Devin Yolo,14,76.70,1,100.00,PCC,B,A112987,MINOR,,105.0000,80.5344,5.6246,16.89,16,,5,,,,,,
3630a0b6-0b4e-4bd9-ad22-f46c4b3c42d8,GPS USPSA June 2024,2024-06-23,3,Bay 6,22291783-acc8-461c-b1b4-832fa121b281,Steven McNamara,15,73.54,5,77.08,Open,B,A75212,MAJOR,Senior,80.9379,77.2140,5.3927,19.10,19,,2,,,,,,
3630a0b6-0b4e-4bd9-ad22-f46c4b3c42d8,GPS USPSA June 2024,2024-06-23,3,Bay 6,22291783-acc8-461c-b1b4-832fa121b281,Steve Cai,16,73.53,7,73.53,Carry Optics,M,A148273,MINOR,,77.2097,77.2097,5.3924,18.73,19,,2,,,,,,
3630a0b6-0b4e-4bd9-ad22-f46c4b3c42d8,GPS USPSA June 2024,2024-06-23,3,Bay 6,22291783-acc8-461c-b1b4-832fa121b281,Khoi Nguyen,17,73.13,2,95.35,PCC,G,L6304,MINOR,,100.1165,76.7888,5.3630,15.29,16,,4,,1,,,,
3630a0b6-0b4e-4bd9-ad22-f46c4b3c42d8,GPS USPSA June 2024,2024-06-23,3,Bay 6,22291783-acc8-461c-b1b4-832fa121b281,Christian Canizales,18,71.86,8,71.86,Carry Optics,A,TY150265,MINOR,,75.4486,75.4486,5.2694,16.89,14,,6,1,,,,,
3630a0b6-0b4e-4bd9-ad22-f46c4b3c42d8,GPS USPSA June 2024,2024-06-23,3,Bay 6,22291783-acc8-461c-b1b4-832fa121b281,Travis McKenzie,19,71.69,4,82.60,Limited Optics,M,L6340,MINOR,,86.7263,75.2725,5.2571,17.31,15,,5,1,,,,,
3630a0b6-0b4e-4bd9-ad22-f46c4b3c42d8,GPS USPSA June 2024,2024-06-23,3,Bay 6,22291783-acc8-461c-b1b4-832fa121b281,Ryan Alicaya,20,71.39,5,82.25,Limited Optics,D,0,MINOR,,86.3667,74.9603,5.2353,18.91,18,,3,,,,,,
3630a0b6-0b4e-4bd9-ad22-f46c4b3c42d8,GPS USPSA June 2024,2024-06-23,3,Bay 6,22291783-acc8-461c-b1b4-832fa121b281,Abe Valdez,21,69.95,9,69.95,Carry Optics,B,,MINOR,,73.4454,73.4454,5.1295,19.30,18,,3,,,,,,
3630a0b6-0b4e-4bd9-ad22-f46c4b3c42d8,GPS USPSA June 2024,2024-06-23,3,Bay 6,22291783-acc8-461c-b1b4-832fa121b281,Roman Gwiscz,22,69.88,10,69.88,Carry Optics,A,L4670,MINOR,,73.3710,73.3710,5.1243,19.71,19,,2,,,,,,
3630a0b6-0b4e-4bd9-ad22-f46c4b3c42d8,GPS USPSA June 2024,2024-06-23,3,Bay 6,22291783-acc8-461c-b1b4-832fa121b281,Christopher Boatcallie,23,69.20,3,90.22,PCC,B,A104118,MINOR,,94.7270,72.6551,5.0743,19.51,19,,1,1,,,,,
3630a0b6-0b4e-4bd9-ad22-f46c4b3c42d8,GPS USPSA June 2024,2024-06-23,3,Bay 6,22291783-acc8-461c-b1b4-832fa121b281,Parish Saculles,24,69.20,4,90.22,PCC,U,L5316,MINOR,,94.7270,72.6551,5.0743,19.51,19,,1,1,,,,,
3630a0b6-0b4e-4bd9-ad22-f46c4b3c42d8,GPS USPSA June 2024,2024-06-23,3,Bay 6,22291783-acc8-461c-b1b4-832fa121b281,Mike Junco,25,67.90,6,78.23,Limited Optics,A,TY34819,MINOR,Senior; Law Enforcement,82.1434,71.2948,4.9793,16.87,17,,3,,1,,,,
3630a0b6-0b4e-4bd9-ad22-f46c4b3c42d8,GPS USPSA June 2024,2024-06-23,3,Bay 6,22291783-acc8-461c-b1b4-832fa121b281,JC Aguinaldo,26,64.61,11,64.61,Carry Optics,C,0,MINOR,,67.8427,67.8427,4.7382,20.05,16,,5,,,,,,
3630a0b6-0b4e-4bd9-ad22-f46c4b3c42d8,GPS USPSA June 2024,2024-06-23,3,Bay 6,22291783-acc8-461c-b1b4-832fa121b281,Michael Qian,27,63.91,7,73.63,Limited Optics,C,A150939,MINOR,,77.3164,67.1053,4.6867,20.27,16,,5,,,,,,
3630a0b6-0b4e-4bd9-ad22-f46c4b3c42d8,GPS USPSA June 2024,2024-06-23,3,Bay 6,22291783-acc8-461c-b1b4-832fa121b281,Lee Cardwell,28,63.76,12,63.76,Carry Optics,B,A155173,MINOR,,66.9478,66.9478,4.6757,19.89,16,,4,1,,,,,
3630a0b6-0b4e-4bd9-ad22-f46c4b3c42d8,GPS USPSA June 2024,2024-06-23,3,Bay 6,22291783-acc8-461c-b1b4-832fa121b281,Eric Huh,29,63.35,6,66.40,Open,U,A143520,MINOR,,69.7248,66.5168,4.6456,20.88,19,,,2,,,,,
3630a0b6-0b4e-4bd9-ad22-f46c4b3c42d8,GPS USPSA June 2024,2024-06-23,3,Bay 6,22291783-acc8-461c-b1b4-832fa121b281,Pocholo Dimayuga,30,62.45,8,71.96,Limited Optics,U,A106236,MINOR,,75.5529,65.5747,4.5798,19.87,16,,3,2,,,,,
3630a0b6-0b4e-4bd9-ad22-f46c4b3c42d8,GPS USPSA June 2024,2024-06-23,3,Bay 6,22291783-acc8-461c-b1b4-832fa121b281,Doug Joder,31,62.01,5,80.85,PCC,B,TY115020,MINOR,,84.8927,65.1122,4.5475,22.65,20,,1,,,,,,
3630a0b6-0b4e-4bd9-ad22-f46c4b3c42d8,GPS USPSA June 2024,2024-06-23,3,Bay 6,22291783-acc8-461c-b1b4-832fa121b281,Michael Pontious,32,61.92,7,64.90,Open,B,fy94575,MAJOR,Senior,68.1474,65.0120,4.5405,18.50,14,,6,,1,,,,
3630a0b6-0b4e-4bd9-ad22-f46c4b3c42d8,GPS USPSA June 2024,2024-06-23,3,Bay 6,22291783-acc8-461c-b1b4-832fa121b281,Tyler Kenny,33,61.58,13,61.58,Carry Optics,A,A148691,MINOR,,64.6583,64.6583,4.5158,19.93,20,,,,1,,,,
3630a0b6-0b4e-4bd9-ad22-f46c4b3c42d8,GPS USPSA June 2024,2024-06-23,3,Bay 6,22291783-acc8-461c-b1b4-832fa121b281,Joseph White,34,61.36,14,61.36,Carry Optics,B,A135489,MINOR,Law Enforcement,64.4321,64.4321,4.5000,22.00,18,,3,,,,,,
3630a0b6-0b4e-4bd9-ad22-f46c4b3c42d8,GPS USPSA June 2024,2024-06-23,3,Bay 6,22291783-acc8-461c-b1b4-832fa121b281,Patrick Mccombs,35,61.02,15,61.02,Carry Optics,C,A157503,MINOR,,64.0670,64.0670,4.4745,19.22,18,,2,,1,,,,
3630a0b6-0b4e-4bd9-ad22-f46c4b3c42d8,GPS USPSA June 2024,2024-06-23,3,Bay 6,22291783-acc8-461c-b1b4-832fa121b281,Mike Kahl,36,60.11,16,60.11,Carry Optics,A,A70984,MINOR,Distinguished Senior,63.1120,63.1120,4.4078,22.46,18,,3,,,,,,
3630a0b6-0b4e-4bd9-ad22-f46c4b3c42d8,GPS USPSA June 2024,2024-06-23,3,Bay 6,22291783-acc8-461c-b1b4-832fa121b281,Pat Byrne,37,59.26,17,59.26,Carry Optics,B,Ty93921,MINOR,Super Senior,62.2257,62.2257,4.3459,22.32,17,,4,,,,,,
3630a0b6-0b4e-4bd9-ad22-f46c4b3c42d8,GPS USPSA June 2024,2024-06-23,3,Bay 6,22291783-acc8-461c-b1b4-832fa121b281,Dean Harnboonzong,38,58.99,18,58.99,Carry Optics,U,A157835,MINOR,,61.9407,61.9407,4.3260,21.96,17,,3,1,,,,,
3630a0b6-0b4e-4bd9-ad22-f46c4b3c42d8,GPS USPSA June 2024,2024-06-23,3,Bay 6,22291783-acc8-461c-b1b4-832fa121b281,Gary Wu,39,58.74,19,58.74,Carry Optics,B,L2998,MINOR,Senior,61.6730,61.6730,4.3073,22.52,17,,4,,,,,,
3630a0b6-0b4e-4bd9-ad22-f46c4b3c42d8,GPS USPSA June 2024,2024-06-23,3,Bay 6,22291783-acc8-461c-b1b4-832fa121b281,Matthew Gonzalez,40,56.93,20,56.93,Carry Optics,X,A119810,MINOR,,59.7730,59.7730,4.1746,21.08,19,,1,,1,,,,
3630a0b6-0b4e-4bd9-ad22-f46c4b3c42d8,GPS USPSA June 2024,2024-06-23,3,Bay 6,22291783-acc8-461c-b1b4-832fa121b281,Alex Nguyen,41,56.74,6,73.97,PCC,C,A151003,MINOR,,77.6701,59.5725,4.1606,20.67,18,,2,,1,,,,
3630a0b6-0b4e-4bd9-ad22-f46c4b3c42d8,GPS USPSA June 2024,2024-06-23,3,Bay 6,22291783-acc8-461c-b1b4-832fa121b281,Khoa Nguyen,42,56.43,9,65.02,Limited Optics,A,A117224,MINOR,Law Enforcement,68.2711,59.2546,4.1384,16.19,15,,4,,2,,,,
3630a0b6-0b4e-4bd9-ad22-f46c4b3c42d8,GPS USPSA June 2024,2024-06-23,3,Bay 6,22291783-acc8-461c-b1b4-832fa121b281,Larry Shaw,43,56.13,10,64.67,Limited Optics,U,A153831,MINOR,,67.9082,58.9396,4.1164,24.05,18,,3,,,,,,
3630a0b6-0b4e-4bd9-ad22-f46c4b3c42d8,GPS USPSA June 2024,2024-06-23,3,Bay 6,22291783-acc8-461c-b1b4-832fa121b281,Jun Wu,44,56.11,7,73.15,PCC,B,A104927,MINOR,,76.8076,58.9110,4.1144,19.93,16,,4,,1,,,,
3630a0b6-0b4e-4bd9-ad22-f46c4b3c42d8,GPS USPSA June 2024,2024-06-23,3,Bay 6,22291783-acc8-461c-b1b4-832fa121b281,Benjamin Michael,45,55.82,21,55.82,Carry Optics,C,L5472,MINOR,,58.6089,58.6089,4.0933,22.72,15,,6,,,,,,
3630a0b6-0b4e-4bd9-ad22-f46c4b3c42d8,GPS USPSA June 2024,2024-06-23,3,Bay 6,22291783-acc8-461c-b1b4-832fa121b281,Jason Wells,46,55.45,1,100.00,Single Stack,A,L5218,MAJOR,,105.0000,58.2209,4.0662,21.15,16,,4,,1,,,,
3630a0b6-0b4e-4bd9-ad22-f46c4b3c42d8,GPS USPSA June 2024,2024-06-23,3,Bay 6,22291783-acc8-461c-b1b4-832fa121b281,Roger Feng,47,51.48,22,51.48,Carry Optics,B,A157776,MINOR,,54.0542,54.0542,3.7752,23.31,19,,1,,1,,,,
3630a0b6-0b4e-4bd9-ad22-f46c4b3c42d8,GPS USPSA June 2024,2024-06-23,3,Bay 6,22291783-acc8-461c-b1b4-832fa121b281,CHAN WILLIAM,48,50.69,11,58.40,Limited Optics,B,0,MINOR,,61.3226,53.2238,3.7172,16.41,13,,5,1,2,,,,
3630a0b6-0b4e-4bd9-ad22-f46c4b3c42d8,GPS USPSA June 2024,2024-06-23,3,Bay 6,22291783-acc8-461c-b1b4-832fa121b281,Jennifer Kleiber-Boatcallie,49,50.42,8,65.73,PCC,C,A142192,MINOR,Lady,69.0193,52.9374,3.6972,22.72,17,,3,,1,,,,
3630a0b6-0b4e-4bd9-ad22-f46c4b3c42d8,GPS USPSA June 2024,2024-06-23,3,Bay 6,22291783-acc8-461c-b1b4-832fa121b281,Carlos Escandon,50,49.85,12,57.44,Limited Optics,B,L2590,MINOR,Super Senior,60.3097,52.3446,3.6558,27.08,18,,3,,,,,,
3630a0b6-0b4e-4bd9-ad22-f46c4b3c42d8,GPS USPSA June 2024,2024-06-23,3,Bay 6,22291783-acc8-461c-b1b4-832fa121b281,Abrahan Figueroa,51,48.81,8,51.16,Open,C,TY54053,MAJOR,Senior,53.7195,51.2479,3.5792,22.91,12,,8,,1,,,,
3630a0b6-0b4e-4bd9-ad22-f46c4b3c42d8,GPS USPSA June 2024,2024-06-23,3,Bay 6,22291783-acc8-461c-b1b4-832fa121b281,Mike Benitez,52,48.72,13,56.14,Limited Optics,U,,MINOR,,58.9421,51.1577,3.5729,23.79,13,,6,2,,,,,
3630a0b6-0b4e-4bd9-ad22-f46c4b3c42d8,GPS USPSA June 2024,2024-06-23,3,Bay 6,22291783-acc8-461c-b1b4-832fa121b281,Albert Legislador,53,47.09,23,47.09,Carry Optics,C,TY91787,MINOR,Senior,49.4438,49.4438,3.4532,21.14,18,,1,,2,,,,
3630a0b6-0b4e-4bd9-ad22-f46c4b3c42d8,GPS USPSA June 2024,2024-06-23,3,Bay 6,22291783-acc8-461c-b1b4-832fa121b281,Sean Frederick,54,45.94,24,45.94,Carry Optics,C,A149482,MINOR,,48.2353,48.2353,3.3688,22.56,14,,5,1,1,,,,
3630a0b6-0b4e-4bd9-ad22-f46c4b3c42d8,GPS USPSA June 2024,2024-06-23,3,Bay 6,22291783-acc8-461c-b1b4-832fa121b281,Hayden Adamson,55,45.65,14,52.59,Limited Optics,U,A142273,MINOR,,55.2237,47.9303,3.3475,18.82,14,,4,1,2,,,,
3630a0b6-0b4e-4bd9-ad22-f46c4b3c42d8,GPS USPSA June 2024,2024-06-23,3,Bay 6,22291783-acc8-461c-b1b4-832fa121b281,Osmund Saddler,56,44.89,1,100.00,Limited,B,TY123776,MINOR,,105.0000,47.1299,3.2916,21.57,17,,2,,2,,,,
3630a0b6-0b4e-4bd9-ad22-f46c4b3c42d8,GPS USPSA June 2024,2024-06-23,3,Bay 6,22291783-acc8-461c-b1b4-832fa121b281,sharif boatner,57,44.69,25,44.69,Carry Optics,U,A154865,MINOR,,46.9223,46.9223,3.2771,31.43,20,,1,,,,,,
3630a0b6-0b4e-4bd9-ad22-f46c4b3c42d8,GPS USPSA June 2024,2024-06-23,3,Bay 6,22291783-acc8-461c-b1b4-832fa121b281,Amber Chike-Udenze,58,44.53,26,44.53,Carry Optics,C,A138974,MINOR,Lady,46.7605,46.7605,3.2658,26.64,14,,5,2,,,,,
3630a0b6-0b4e-4bd9-ad22-f46c4b3c42d8,GPS USPSA June 2024,2024-06-23,3,Bay 6,22291783-acc8-461c-b1b4-832fa121b281,Garrick Gonzalez,59,44.04,9,46.16,Open,U,A119804,MAJOR,,48.4724,46.2422,3.2296,17.03,15,,2,1,3,,,,
3630a0b6-0b4e-4bd9-ad22-f46c4b3c42d8,GPS USPSA June 2024,2024-06-23,3,Bay 6,22291783-acc8-461c-b1b4-832fa121b281,Sydney Holland,60,43.88,15,50.55,Limited Optics,U,,MAJOR,Lady,53.0823,46.0718,3.2177,32.01,19,,2,,,,,,
3630a0b6-0b4e-4bd9-ad22-f46c4b3c42d8,GPS USPSA June 2024,2024-06-23,3,Bay 6,22291783-acc8-461c-b1b4-832fa121b281,Teddy Elarmo,61,42.98,16,49.52,Limited Optics,,A142885,MAJOR,,51.9919,45.1254,3.1516,28.24,19,,1,,1,,,,
3630a0b6-0b4e-4bd9-ad22-f46c4b3c42d8,GPS USPSA June 2024,2024-06-23,3,Bay 6,22291783-acc8-461c-b1b4-832fa121b281,Marlon Poralan,62,42.56,10,44.61,Open,X,TY1234,MAJOR,Law Enforcement,46.8394,44.6844,3.1208,22.43,14,,5,,2,,,,
3630a0b6-0b4e-4bd9-ad22-f46c4b3c42d8,GPS USPSA June 2024,2024-06-23,3,Bay 6,22291783-acc8-461c-b1b4-832fa121b281,Yulmer Carreno,63,41.25,27,41.25,Carry Optics,U,A157204,MINOR,,43.3113,43.3113,3.0249,22.48,15,,4,1,1,,1,,
3630a0b6-0b4e-4bd9-ad22-f46c4b3c42d8,GPS USPSA June 2024,2024-06-23,3,Bay 6,22291783-acc8-461c-b1b4-832fa121b281,Robbie Boettcher,64,39.89,2,71.94,Single Stack,B,L5829,MAJOR,,75.5364,41.8837,2.9252,29.40,18,,1,1,1,,,,
3630a0b6-0b4e-4bd9-ad22-f46c4b3c42d8,GPS USPSA June 2024,2024-06-23,3,Bay 6,22291783-acc8-461c-b1b4-832fa121b281,Arnold Gee,65,39.50,17,45.51,Limited Optics,U,A103519,MINOR,Senior,47.7835,41.4728,2.8965,21.06,12,,7,,2,,,,
3630a0b6-0b4e-4bd9-ad22-f46c4b3c42d8,GPS USPSA June 2024,2024-06-23,3,Bay 6,22291783-acc8-461c-b1b4-832fa121b281,Dan Schreiber,66,38.51,18,44.37,Limited Optics,C,A147899,MINOR,Super Senior,46.5924,40.4390,2.8243,32.22,19,,2,,,,1,,
3630a0b6-0b4e-4bd9-ad22-f46c4b3c42d8,GPS USPSA June 2024,2024-06-23,3,Bay 6,22291783-acc8-461c-b1b4-832fa121b281,Andrew Philip,67,37.43,19,43.12,Limited Optics,C,A153653,MINOR,,45.2809,39.3007,2.7448,24.41,15,,4,,2,,,,
3630a0b6-0b4e-4bd9-ad22-f46c4b3c42d8,GPS USPSA June 2024,2024-06-23,3,Bay 6,22291783-acc8-461c-b1b4-832fa121b281,Abraham Estrada,68,35.85,28,35.85,Carry Optics,U,a156169,MINOR,,37.6412,37.6412,2.6289,29.67,16,,2,2,1,,,,
3630a0b6-0b4e-4bd9-ad22-f46c4b3c42d8,GPS USPSA June 2024,2024-06-23,3,Bay 6,22291783-acc8-461c-b1b4-832fa121b281,Matthew Givens,69,33.91,3,61.15,Single Stack,C,Ty137686,MINOR,,64.2054,35.6009,2.4864,32.98,16,,4,,1,,,,
3630a0b6-0b4e-4bd9-ad22-f46c4b3c42d8,GPS USPSA June 2024,2024-06-23,3,Bay 6,22291783-acc8-461c-b1b4-832fa121b281,JR Roberts,70,30.62,4,55.21,Single Stack,C,TY102739,MAJOR,,57.9744,32.1459,2.2451,37.86,15,,5,,1,,,,
3630a0b6-0b4e-4bd9-ad22-f46c4b3c42d8,GPS USPSA June 2024,2024-06-23,3,Bay 6,22291783-acc8-461c-b1b4-832fa121b281,Virak Meas,71,30.56,20,35.21,Limited Optics,U,O,MINOR,Senior,36.9697,32.0872,2.2410,30.79,16,,3,,2,,,,
3630a0b6-0b4e-4bd9-ad22-f46c4b3c42d8,GPS USPSA June 2024,2024-06-23,3,Bay 6,22291783-acc8-461c-b1b4-832fa121b281,David Zhang,72,30.44,21,35.08,Limited Optics,C,FY140383,MINOR,Foreign,36.8312,31.9669,2.2326,21.50,12,,6,,3,,,,
3630a0b6-0b4e-4bd9-ad22-f46c4b3c42d8,GPS USPSA June 2024,2024-06-23,3,Bay 6,22291783-acc8-461c-b1b4-832fa121b281,Marissa Maxim,73,29.03,29,29.03,Carry Optics,C,A150790,MINOR,Lady,30.4764,30.4764,2.1285,26.78,10,,9,,2,,,,
3630a0b6-0b4e-4bd9-ad22-f46c4b3c42d8,GPS USPSA June 2024,2024-06-23,3,Bay 6,22291783-acc8-461c-b1b4-832fa121b281,Robin Chen,74,26.28,30,26.28,Carry Optics,C,A152878,MINOR,Lady; Law Enforcement,27.5984,27.5984,1.9275,25.94,14,,3,1,3,,,,
3630a0b6-0b4e-4bd9-ad22-f46c4b3c42d8,GPS USPSA June 2024,2024-06-23,3,Bay 6,22291783-acc8-461c-b1b4-832fa121b281,George Zhou,75,17.03,9,22.21,PCC,C,A146179,MINOR,,23.3201,17.8864,1.2492,32.82,15,,2,,4,,,,
3630a0b6-0b4e-4bd9-ad22-f46c4b3c42d8,GPS USPSA June 2024,2024-06-23,3,Bay 6,22291783-acc8-461c-b1b4-832fa121b281,Waltz Noguerra,76,0.00,31,0.00,Carry Optics,C,A137731,MINOR,,0.0000,0.0000,0.0000,1.76,4,,,,17,,,,
3630a0b6-0b4e-4bd9-ad22-f46c4b3c42d8,GPS USPSA June 2024,2024-06-23,3,Bay 6,22291783-acc8-461c-b1b4-832fa121b281,Heath Helgeson,77,0.00,32,0.00,Carry Optics,B,A149129,MINOR,,0.0000,0.0000,0.0000,14.95,9,,4,2,6,,,,
3630a0b6-0b4e-4bd9-ad22-f46c4b3c42d8,GPS USPSA June 2024,2024-06-23,4,Bay 7,69e5c53a-5f93-4eda-9c5e-60dfde5d9fcc,Khoi Nguyen,1,100.00,1,100.00,PCC,G,L6304,MINOR,,110.0000,110.0000,6.7505,15.11,18,,4,,,,,,
3630a0b6-0b4e-4bd9-ad22-f46c4b3c42d8,GPS USPSA June 2024,2024-06-23,4,Bay 7,69e5c53a-5f93-4eda-9c5e-60dfde5d9fcc,Jose Onia,2,93.73,1,100.00,Limited Optics,C,0,MINOR,,110.0000,103.1072,6.3275,16.12,18,,4,,,,,,
3630a0b6-0b4e-4bd9-ad22-f46c4b3c42d8,GPS USPSA June 2024,2024-06-23,4,Bay 7,69e5c53a-5f93-4eda-9c5e-60dfde5d9fcc,Brandon Foss,3,90.80,1,100.00,Carry Optics,M,L5142,MINOR,,110.0000,99.8791,6.1294,17.62,21,,1,,,,,,
3630a0b6-0b4e-4bd9-ad22-f46c4b3c42d8,GPS USPSA June 2024,2024-06-23,4,Bay 7,69e5c53a-5f93-4eda-9c5e-60dfde5d9fcc,Paul Felker,4,90.78,2,99.98,Carry Optics,M,Ty107123,MINOR,,109.9767,99.8579,6.1281,17.95,22,,,,,,,,
3630a0b6-0b4e-4bd9-ad22-f46c4b3c42d8,GPS USPSA June 2024,2024-06-23,4,Bay 7,69e5c53a-5f93-4eda-9c5e-60dfde5d9fcc,Ryan Alicaya,5,90.31,2,96.34,Limited Optics,D,0,MINOR,,105.9772,99.3365,6.0961,17.06,19,,3,,,,,,
3630a0b6-0b4e-4bd9-ad22-f46c4b3c42d8,GPS USPSA June 2024,2024-06-23,4,Bay 7,69e5c53a-5f93-4eda-9c5e-60dfde5d9fcc,August Balagtas,6,89.83,1,100.00,Open,M,L3674,MAJOR,,110.0000,98.8134,6.0640,17.81,20,,2,,,,,,
3630a0b6-0b4e-4bd9-ad22-f46c4b3c42d8,GPS USPSA June 2024,2024-06-23,4,Bay 7,69e5c53a-5f93-4eda-9c5e-60dfde5d9fcc,Andy Chen,7,89.08,3,95.04,Limited Optics,A,A86721,MINOR,,104.5395,97.9889,6.0134,17.96,21,,1,,,,,,
3630a0b6-0b4e-4bd9-ad22-f46c4b3c42d8,GPS USPSA June 2024,2024-06-23,4,Bay 7,69e5c53a-5f93-4eda-9c5e-60dfde5d9fcc,Devin Yolo,8,87.80,2,87.80,PCC,B,A112987,MINOR,,96.5777,96.5777,5.9268,17.21,19,,2,1,,,,,
3630a0b6-0b4e-4bd9-ad22-f46c4b3c42d8,GPS USPSA June 2024,2024-06-23,4,Bay 7,69e5c53a-5f93-4eda-9c5e-60dfde5d9fcc,Mike Junco,9,87.72,4,93.59,Limited Optics,A,TY34819,MINOR,Senior; Law Enforcement,102.9471,96.4963,5.9218,17.90,20,,2,,,,,,
3630a0b6-0b4e-4bd9-ad22-f46c4b3c42d8,GPS USPSA June 2024,2024-06-23,4,Bay 7,69e5c53a-5f93-4eda-9c5e-60dfde5d9fcc,Chez Chike-Udenze,10,85.13,2,94.76,Open,A,A138598,MAJOR,,104.2406,93.6397,5.7465,18.62,19,,3,,,,,,
3630a0b6-0b4e-4bd9-ad22-f46c4b3c42d8,GPS USPSA June 2024,2024-06-23,4,Bay 7,69e5c53a-5f93-4eda-9c5e-60dfde5d9fcc,Craig Bellamy,11,84.62,3,93.20,Carry Optics,M,TY54824,MINOR,Law Enforcement,102.5182,93.0857,5.7125,15.58,18,,3,,1,,,,
3630a0b6-0b4e-4bd9-ad22-f46c4b3c42d8,GPS USPSA June 2024,2024-06-23,4,Bay 7,69e5c53a-5f93-4eda-9c5e-60dfde5d9fcc,Steve Cai,12,84.04,4,92.55,Carry Optics,M,A148273,MINOR,,101.8093,92.4420,5.6730,17.98,19,,2,1,,,,,
3630a0b6-0b4e-4bd9-ad22-f46c4b3c42d8,GPS USPSA June 2024,2024-06-23,4,Bay 7,69e5c53a-5f93-4eda-9c5e-60dfde5d9fcc,Eric Huh,13,83.54,3,93.00,Open,U,A143520,MINOR,,102.3033,91.8994,5.6397,19.15,21,,1,,,,,,
3630a0b6-0b4e-4bd9-ad22-f46c4b3c42d8,GPS USPSA June 2024,2024-06-23,4,Bay 7,69e5c53a-5f93-4eda-9c5e-60dfde5d9fcc,Matthew Gonzalez,14,82.34,5,90.68,Carry Optics,X,A119810,MINOR,,99.7527,90.5746,5.5584,19.43,21,,1,,,,,,
3630a0b6-0b4e-4bd9-ad22-f46c4b3c42d8,GPS USPSA June 2024,2024-06-23,4,Bay 7,69e5c53a-5f93-4eda-9c5e-60dfde5d9fcc,Christian Canizales,15,81.85,6,90.15,Carry Optics,A,TY150265,MINOR,,99.1622,90.0385,5.5255,18.46,18,,4,,,,,,
3630a0b6-0b4e-4bd9-ad22-f46c4b3c42d8,GPS USPSA June 2024,2024-06-23,4,Bay 7,69e5c53a-5f93-4eda-9c5e-60dfde5d9fcc,JC Aguinaldo,16,79.54,7,87.60,Carry Optics,C,0,MINOR,,96.3554,87.4900,5.3691,17.88,17,,3,2,,,,,
3630a0b6-0b4e-4bd9-ad22-f46c4b3c42d8,GPS USPSA June 2024,2024-06-23,4,Bay 7,69e5c53a-5f93-4eda-9c5e-60dfde5d9fcc,Taylor Snodgrass,17,77.16,4,85.90,Open,U,A159149,MINOR,,94.4868,84.8779,5.2088,20.35,21,,,1,,,,,
3630a0b6-0b4e-4bd9-ad22-f46c4b3c42d8,GPS USPSA June 2024,2024-06-23,4,Bay 7,69e5c53a-5f93-4eda-9c5e-60dfde5d9fcc,Khoa Nguyen,18,77.15,5,82.30,Limited Optics,A,A117224,MINOR,Law Enforcement,90.5347,84.8616,5.2078,19.97,19,,3,,,,,,
3630a0b6-0b4e-4bd9-ad22-f46c4b3c42d8,GPS USPSA June 2024,2024-06-23,4,Bay 7,69e5c53a-5f93-4eda-9c5e-60dfde5d9fcc,Wade Pruetz,19,76.92,5,85.63,Open,A,Ty79055,MAJOR,Senior,94.1875,84.6090,5.1923,20.80,20,,2,,,,,,
3630a0b6-0b4e-4bd9-ad22-f46c4b3c42d8,GPS USPSA June 2024,2024-06-23,4,Bay 7,69e5c53a-5f93-4eda-9c5e-60dfde5d9fcc,Joseph White,20,76.62,8,84.39,Carry Optics,B,A135489,MINOR,Law Enforcement,92.8254,84.2847,5.1724,16.82,17,,4,,1,,,,
3630a0b6-0b4e-4bd9-ad22-f46c4b3c42d8,GPS USPSA June 2024,2024-06-23,4,Bay 7,69e5c53a-5f93-4eda-9c5e-60dfde5d9fcc,Arnold Gee,21,76.04,6,81.13,Limited Optics,U,A103519,MINOR,Senior,89.2378,83.6460,5.1332,20.65,20,,2,,,,,,
3630a0b6-0b4e-4bd9-ad22-f46c4b3c42d8,GPS USPSA June 2024,2024-06-23,4,Bay 7,69e5c53a-5f93-4eda-9c5e-60dfde5d9fcc,Mike Benitez,22,75.45,7,80.49,Limited Optics,U,,MINOR,,88.5389,82.9909,5.0930,20.42,19,,3,,,,,,
3630a0b6-0b4e-4bd9-ad22-f46c4b3c42d8,GPS USPSA June 2024,2024-06-23,4,Bay 7,69e5c53a-5f93-4eda-9c5e-60dfde5d9fcc,Alex Nguyen,23,73.31,3,73.31,PCC,C,A151003,MINOR,,80.6379,80.6379,4.9486,21.42,20,,2,,,,,,
3630a0b6-0b4e-4bd9-ad22-f46c4b3c42d8,GPS USPSA June 2024,2024-06-23,4,Bay 7,69e5c53a-5f93-4eda-9c5e-60dfde5d9fcc,Travis McKenzie,24,72.48,8,77.32,Limited Optics,M,L6340,MINOR,,85.0568,79.7270,4.8927,20.03,21,,1,,,,1,,
3630a0b6-0b4e-4bd9-ad22-f46c4b3c42d8,GPS USPSA June 2024,2024-06-23,4,Bay 7,69e5c53a-5f93-4eda-9c5e-60dfde5d9fcc,Jun Wu,25,72.39,4,72.39,PCC,B,A104927,MINOR,,79.6341,79.6341,4.8870,21.69,20,,2,,,,,,
3630a0b6-0b4e-4bd9-ad22-f46c4b3c42d8,GPS USPSA June 2024,2024-06-23,4,Bay 7,69e5c53a-5f93-4eda-9c5e-60dfde5d9fcc,Matthew Lem,26,72.08,9,79.38,Carry Optics,M,A34763,MINOR,Senior; Law Enforcement,87.3213,79.2870,4.8657,19.73,18,,1,3,,,,,
3630a0b6-0b4e-4bd9-ad22-f46c4b3c42d8,GPS USPSA June 2024,2024-06-23,4,Bay 7,69e5c53a-5f93-4eda-9c5e-60dfde5d9fcc,Christopher Boatcallie,27,71.55,5,71.55,PCC,B,A104118,MINOR,,78.7069,78.7069,4.8301,22.36,21,,1,,,,,,
3630a0b6-0b4e-4bd9-ad22-f46c4b3c42d8,GPS USPSA June 2024,2024-06-23,4,Bay 7,69e5c53a-5f93-4eda-9c5e-60dfde5d9fcc,Michael Pontious,28,71.39,6,79.47,Open,B,fy94575,MAJOR,Senior,87.4213,78.5309,4.8193,22.41,20,,2,,,,,,
3630a0b6-0b4e-4bd9-ad22-f46c4b3c42d8,GPS USPSA June 2024,2024-06-23,4,Bay 7,69e5c53a-5f93-4eda-9c5e-60dfde5d9fcc,Tony Vale,29,71.05,10,78.25,Carry Optics,B,A153735,MINOR,,86.0758,78.1561,4.7963,19.39,20,,1,,1,,,,
3630a0b6-0b4e-4bd9-ad22-f46c4b3c42d8,GPS USPSA June 2024,2024-06-23,4,Bay 7,69e5c53a-5f93-4eda-9c5e-60dfde5d9fcc,Roman Gwiscz,30,69.68,11,76.74,Carry Optics,A,L4670,MINOR,,84.4122,76.6456,4.7036,20.41,20,,2,,,,1,,
3630a0b6-0b4e-4bd9-ad22-f46c4b3c42d8,GPS USPSA June 2024,2024-06-23,4,Bay 7,69e5c53a-5f93-4eda-9c5e-60dfde5d9fcc,Osmund Saddler,31,69.26,1,100.00,Limited,B,TY123776,MINOR,,110.0000,76.1812,4.6751,21.39,18,,3,1,,,,,
3630a0b6-0b4e-4bd9-ad22-f46c4b3c42d8,GPS USPSA June 2024,2024-06-23,4,Bay 7,69e5c53a-5f93-4eda-9c5e-60dfde5d9fcc,Abrahan Figueroa,32,68.96,7,76.77,Open,C,TY54053,MAJOR,Senior,84.4446,75.8569,4.6552,23.20,20,,2,,,,,,
3630a0b6-0b4e-4bd9-ad22-f46c4b3c42d8,GPS USPSA June 2024,2024-06-23,4,Bay 7,69e5c53a-5f93-4eda-9c5e-60dfde5d9fcc,Jim Havens,33,68.42,9,73.00,Limited Optics,M,TY114636,MINOR,Senior,80.2952,75.2638,4.6188,17.97,20,,1,,1,,1,,
3630a0b6-0b4e-4bd9-ad22-f46c4b3c42d8,GPS USPSA June 2024,2024-06-23,4,Bay 7,69e5c53a-5f93-4eda-9c5e-60dfde5d9fcc,Roger Feng,34,67.98,12,74.86,Carry Optics,B,A157776,MINOR,,82.3501,74.7733,4.5887,23.10,20,,2,,,,,,
3630a0b6-0b4e-4bd9-ad22-f46c4b3c42d8,GPS USPSA June 2024,2024-06-23,4,Bay 7,69e5c53a-5f93-4eda-9c5e-60dfde5d9fcc,Abe Valdez,35,66.95,13,73.73,Carry Optics,B,,MINOR,,81.1047,73.6424,4.5193,24.34,22,,,,,,,,
3630a0b6-0b4e-4bd9-ad22-f46c4b3c42d8,GPS USPSA June 2024,2024-06-23,4,Bay 7,69e5c53a-5f93-4eda-9c5e-60dfde5d9fcc,Sean Frederick,36,66.65,14,73.40,Carry Optics,C,A149482,MINOR,,80.7440,73.3149,4.4992,23.56,20,,2,,,,,,
3630a0b6-0b4e-4bd9-ad22-f46c4b3c42d8,GPS USPSA June 2024,2024-06-23,4,Bay 7,69e5c53a-5f93-4eda-9c5e-60dfde5d9fcc,Michael Qian,37,65.39,10,69.76,Limited Optics,C,A150939,MINOR,,76.7401,71.9314,4.4143,23.56,19,,3,,,,,,
3630a0b6-0b4e-4bd9-ad22-f46c4b3c42d8,GPS USPSA June 2024,2024-06-23,4,Bay 7,69e5c53a-5f93-4eda-9c5e-60dfde5d9fcc,Doug Joder,38,63.04,6,63.04,PCC,B,TY115020,MINOR,,69.3405,69.3405,4.2553,24.91,20,,2,,,,,,
3630a0b6-0b4e-4bd9-ad22-f46c4b3c42d8,GPS USPSA June 2024,2024-06-23,4,Bay 7,69e5c53a-5f93-4eda-9c5e-60dfde5d9fcc,Parish Saculles,39,62.91,7,62.91,PCC,U,L5316,MINOR,,69.1987,69.1987,4.2466,24.49,19,,3,,,,,,
3630a0b6-0b4e-4bd9-ad22-f46c4b3c42d8,GPS USPSA June 2024,2024-06-23,4,Bay 7,69e5c53a-5f93-4eda-9c5e-60dfde5d9fcc,Pocholo Dimayuga,40,62.41,11,66.58,Limited Optics,U,A106236,MINOR,,73.2424,68.6528,4.2131,24.21,18,,4,,,,,,
3630a0b6-0b4e-4bd9-ad22-f46c4b3c42d8,GPS USPSA June 2024,2024-06-23,4,Bay 7,69e5c53a-5f93-4eda-9c5e-60dfde5d9fcc,Albert Legislador,41,61.90,15,68.17,Carry Optics,C,TY91787,MINOR,Senior,74.9904,68.0907,4.1786,24.41,19,,2,1,,,,,
3630a0b6-0b4e-4bd9-ad22-f46c4b3c42d8,GPS USPSA June 2024,2024-06-23,4,Bay 7,69e5c53a-5f93-4eda-9c5e-60dfde5d9fcc,Garrick Gonzalez,42,61.52,8,68.49,Open,U,A119804,MAJOR,,75.3348,67.6735,4.1530,18.30,16,,4,,2,,,,
3630a0b6-0b4e-4bd9-ad22-f46c4b3c42d8,GPS USPSA June 2024,2024-06-23,4,Bay 7,69e5c53a-5f93-4eda-9c5e-60dfde5d9fcc,Hayden Adamson,43,61.51,12,65.62,Limited Optics,U,A142273,MINOR,,72.1871,67.6637,4.1524,20.47,16,,5,,1,,,,
3630a0b6-0b4e-4bd9-ad22-f46c4b3c42d8,GPS USPSA June 2024,2024-06-23,4,Bay 7,69e5c53a-5f93-4eda-9c5e-60dfde5d9fcc,Gil Yolo,44,61.08,16,67.26,Carry Optics,M,L5228,MINOR,,73.9908,67.1830,4.1229,24.74,19,,2,1,,,,,
3630a0b6-0b4e-4bd9-ad22-f46c4b3c42d8,GPS USPSA June 2024,2024-06-23,4,Bay 7,69e5c53a-5f93-4eda-9c5e-60dfde5d9fcc,Steven McNamara,45,60.93,9,67.83,Open,B,A75212,MAJOR,Senior,74.6128,67.0250,4.1132,18.72,17,,3,,2,,,,
3630a0b6-0b4e-4bd9-ad22-f46c4b3c42d8,GPS USPSA June 2024,2024-06-23,4,Bay 7,69e5c53a-5f93-4eda-9c5e-60dfde5d9fcc,Carlos Escandon,46,59.21,13,63.17,Limited Optics,B,L2590,MINOR,Super Senior,69.4873,65.1331,3.9971,27.52,22,,,,,,,,
3630a0b6-0b4e-4bd9-ad22-f46c4b3c42d8,GPS USPSA June 2024,2024-06-23,4,Bay 7,69e5c53a-5f93-4eda-9c5e-60dfde5d9fcc,Amber Chike-Udenze,47,57.78,17,63.63,Carry Optics,C,A138974,MINOR,Lady,69.9941,63.5541,3.9002,25.64,18,,3,1,,,,,
3630a0b6-0b4e-4bd9-ad22-f46c4b3c42d8,GPS USPSA June 2024,2024-06-23,4,Bay 7,69e5c53a-5f93-4eda-9c5e-60dfde5d9fcc,Abraham Estrada,48,57.49,18,63.31,Carry Optics,U,a156169,MINOR,,69.6424,63.2347,3.8806,26.80,20,,1,1,,,,,
3630a0b6-0b4e-4bd9-ad22-f46c4b3c42d8,GPS USPSA June 2024,2024-06-23,4,Bay 7,69e5c53a-5f93-4eda-9c5e-60dfde5d9fcc,Dean Harnboonzong,49,56.15,19,61.84,Carry Optics,U,A157835,MINOR,,68.0254,61.7665,3.7905,23.48,19,,1,1,1,,,,
3630a0b6-0b4e-4bd9-ad22-f46c4b3c42d8,GPS USPSA June 2024,2024-06-23,4,Bay 7,69e5c53a-5f93-4eda-9c5e-60dfde5d9fcc,Gary Wu,50,54.92,20,60.48,Carry Optics,B,L2998,MINOR,Senior,66.5323,60.4108,3.7073,20.50,18,,2,,2,,,,
3630a0b6-0b4e-4bd9-ad22-f46c4b3c42d8,GPS USPSA June 2024,2024-06-23,4,Bay 7,69e5c53a-5f93-4eda-9c5e-60dfde5d9fcc,Yulmer Carreno,51,54.06,21,59.53,Carry Optics,U,A157204,MINOR,,65.4860,59.4608,3.6490,24.39,18,,3,,1,,,,
3630a0b6-0b4e-4bd9-ad22-f46c4b3c42d8,GPS USPSA June 2024,2024-06-23,4,Bay 7,69e5c53a-5f93-4eda-9c5e-60dfde5d9fcc,Pat Byrne,52,51.63,22,56.86,Carry Optics,B,Ty93921,MINOR,Super Senior,62.5428,56.7884,3.4850,24.39,17,,3,1,1,,,,
3630a0b6-0b4e-4bd9-ad22-f46c4b3c42d8,GPS USPSA June 2024,2024-06-23,4,Bay 7,69e5c53a-5f93-4eda-9c5e-60dfde5d9fcc,Patrick Mccombs,53,50.82,23,55.96,Carry Optics,C,A157503,MINOR,,61.5612,55.8970,3.4303,23.03,13,,8,,1,,,,
3630a0b6-0b4e-4bd9-ad22-f46c4b3c42d8,GPS USPSA June 2024,2024-06-23,4,Bay 7,69e5c53a-5f93-4eda-9c5e-60dfde5d9fcc,Jennifer Kleiber-Boatcallie,54,50.36,8,50.36,PCC,C,A142192,MINOR,Lady,55.3968,55.3968,3.3996,31.18,20,,2,,,,,,
3630a0b6-0b4e-4bd9-ad22-f46c4b3c42d8,GPS USPSA June 2024,2024-06-23,4,Bay 7,69e5c53a-5f93-4eda-9c5e-60dfde5d9fcc,Mike Kahl,55,49.26,24,54.25,Carry Optics,A,A70984,MINOR,Distinguished Senior,59.6714,54.1812,3.3250,24.06,20,,,,2,,,,
3630a0b6-0b4e-4bd9-ad22-f46c4b3c42d8,GPS USPSA June 2024,2024-06-23,4,Bay 7,69e5c53a-5f93-4eda-9c5e-60dfde5d9fcc,Tyler Kenny,56,48.48,25,53.40,Carry Optics,A,A148691,MINOR,,58.7364,53.3322,3.2729,22.61,17,,3,,2,,,,
3630a0b6-0b4e-4bd9-ad22-f46c4b3c42d8,GPS USPSA June 2024,2024-06-23,4,Bay 7,69e5c53a-5f93-4eda-9c5e-60dfde5d9fcc,Robbie Boettcher,57,47.59,1,100.00,Single Stack,B,L5829,MAJOR,,110.0000,52.3447,3.2123,28.64,18,,3,,1,,,,
3630a0b6-0b4e-4bd9-ad22-f46c4b3c42d8,GPS USPSA June 2024,2024-06-23,4,Bay 7,69e5c53a-5f93-4eda-9c5e-60dfde5d9fcc,Teddy Elarmo,58,47.09,14,50.24,Limited Optics,,A142885,MAJOR,,55.2616,51.7988,3.1788,34.29,21,,1,,,,,,
3630a0b6-0b4e-4bd9-ad22-f46c4b3c42d8,GPS USPSA June 2024,2024-06-23,4,Bay 7,69e5c53a-5f93-4eda-9c5e-60dfde5d9fcc,CHAN WILLIAM,59,46.85,15,49.99,Limited Optics,B,0,MINOR,,54.9852,51.5397,3.1629,14.86,16,,2,1,3,,1,,
3630a0b6-0b4e-4bd9-ad22-f46c4b3c42d8,GPS USPSA June 2024,2024-06-23,4,Bay 7,69e5c53a-5f93-4eda-9c5e-60dfde5d9fcc,Andrew Philip,60,46.58,16,49.69,Limited Optics,C,A153653,MINOR,,54.6636,51.2383,3.1444,28.94,19,,2,,1,,,,
3630a0b6-0b4e-4bd9-ad22-f46c4b3c42d8,GPS USPSA June 2024,2024-06-23,4,Bay 7,69e5c53a-5f93-4eda-9c5e-60dfde5d9fcc,David Zhang,61,46.04,17,49.12,Limited Optics,C,FY140383,MINOR,Foreign,54.0291,50.6435,3.1079,23.81,17,,3,,2,,,,
3630a0b6-0b4e-4bd9-ad22-f46c4b3c42d8,GPS USPSA June 2024,2024-06-23,4,Bay 7,69e5c53a-5f93-4eda-9c5e-60dfde5d9fcc,Jason Wells,62,44.98,2,94.52,Single Stack,A,L5218,MAJOR,,103.9697,49.4751,3.0362,30.63,19,,2,,1,,,,
3630a0b6-0b4e-4bd9-ad22-f46c4b3c42d8,GPS USPSA June 2024,2024-06-23,4,Bay 7,69e5c53a-5f93-4eda-9c5e-60dfde5d9fcc,George Zhou,63,44.46,9,44.46,PCC,C,A146179,MINOR,,48.9032,48.9032,3.0011,35.32,20,,2,,,,,,
3630a0b6-0b4e-4bd9-ad22-f46c4b3c42d8,GPS USPSA June 2024,2024-06-23,4,Bay 7,69e5c53a-5f93-4eda-9c5e-60dfde5d9fcc,Lee Cardwell,64,44.42,26,48.92,Carry Optics,B,A155173,MINOR,,53.8084,48.8576,2.9983,18.01,17,,3,,2,,1,1,
3630a0b6-0b4e-4bd9-ad22-f46c4b3c42d8,GPS USPSA June 2024,2024-06-23,4,Bay 7,69e5c53a-5f93-4eda-9c5e-60dfde5d9fcc,Dan Schreiber,65,42.17,18,44.98,Limited Optics,C,A147899,MINOR,Super Senior,49.4831,46.3823,2.8464,37.24,20,,2,,,,,,
3630a0b6-0b4e-4bd9-ad22-f46c4b3c42d8,GPS USPSA June 2024,2024-06-23,4,Bay 7,69e5c53a-5f93-4eda-9c5e-60dfde5d9fcc,Sydney Holland,66,41.90,19,44.70,Limited Optics,U,,MAJOR,Lady,49.1753,46.0939,2.8287,37.12,17,,5,,,,,,
3630a0b6-0b4e-4bd9-ad22-f46c4b3c42d8,GPS USPSA June 2024,2024-06-23,4,Bay 7,69e5c53a-5f93-4eda-9c5e-60dfde5d9fcc,Matthew Givens,67,40.67,3,85.47,Single Stack,C,Ty137686,MINOR,,94.0152,44.7382,2.7455,30.96,16,,5,,1,,,,
3630a0b6-0b4e-4bd9-ad22-f46c4b3c42d8,GPS USPSA June 2024,2024-06-23,4,Bay 7,69e5c53a-5f93-4eda-9c5e-60dfde5d9fcc,Marissa Maxim,68,36.72,27,40.45,Carry Optics,C,A150790,MINOR,Lady,44.4907,40.3972,2.4791,31.06,14,,5,2,1,,,,
3630a0b6-0b4e-4bd9-ad22-f46c4b3c42d8,GPS USPSA June 2024,2024-06-23,4,Bay 7,69e5c53a-5f93-4eda-9c5e-60dfde5d9fcc,Robin Chen,69,36.62,28,40.33,Carry Optics,C,A152878,MINOR,Lady; Law Enforcement,44.3596,40.2782,2.4718,32.77,19,,2,,1,,1,,
3630a0b6-0b4e-4bd9-ad22-f46c4b3c42d8,GPS USPSA June 2024,2024-06-23,4,Bay 7,69e5c53a-5f93-4eda-9c5e-60dfde5d9fcc,Marlon Poralan,70,36.47,10,40.60,Open,X,TY1234,MAJOR,Law Enforcement,44.6621,40.1201,2.4621,29.65,19,,2,,1,,2,,
3630a0b6-0b4e-4bd9-ad22-f46c4b3c42d8,GPS USPSA June 2024,2024-06-23,4,Bay 7,69e5c53a-5f93-4eda-9c5e-60dfde5d9fcc,sharif boatner,71,33.91,29,37.35,Carry Optics,U,A154865,MINOR,,41.0844,37.3043,2.2893,37.13,21,,,,1,,,1,
3630a0b6-0b4e-4bd9-ad22-f46c4b3c42d8,GPS USPSA June 2024,2024-06-23,4,Bay 7,69e5c53a-5f93-4eda-9c5e-60dfde5d9fcc,Waltz Noguerra,72,33.75,30,37.17,Carry Optics,C,A137731,MINOR,,40.8870,37.1251,2.2783,32.48,17,,3,,2,,,,
3630a0b6-0b4e-4bd9-ad22-f46c4b3c42d8,GPS USPSA June 2024,2024-06-23,4,Bay 7,69e5c53a-5f93-4eda-9c5e-60dfde5d9fcc,Larry Shaw,73,33.48,20,35.72,Limited Optics,U,A153831,MINOR,,39.2906,36.8285,2.2601,21.68,16,,3,,3,,,1,
3630a0b6-0b4e-4bd9-ad22-f46c4b3c42d8,GPS USPSA June 2024,2024-06-23,4,Bay 7,69e5c53a-5f93-4eda-9c5e-60dfde5d9fcc,Virak Meas,74,31.35,21,33.45,Limited Optics,U,O,MINOR,Senior,36.7924,34.4869,2.1164,20.79,16,,1,1,4,,,,
3630a0b6-0b4e-4bd9-ad22-f46c4b3c42d8,GPS USPSA June 2024,2024-06-23,4,Bay 7,69e5c53a-5f93-4eda-9c5e-60dfde5d9fcc,Benjamin Michael,75,29.18,31,32.14,Carry Optics,C,L5472,MINOR,,35.3524,32.0997,1.9699,25.89,17,,2,,3,,,1,
3630a0b6-0b4e-4bd9-ad22-f46c4b3c42d8,GPS USPSA June 2024,2024-06-23,4,Bay 7,69e5c53a-5f93-4eda-9c5e-60dfde5d9fcc,JR Roberts,76,25.44,4,53.45,Single Stack,C,TY102739,MAJOR,,58.7959,27.9787,1.7170,43.68,15,,5,,2,,,,
3630a0b6-0b4e-4bd9-ad22-f46c4b3c42d8,GPS USPSA June 2024,2024-06-23,4,Bay 7,69e5c53a-5f93-4eda-9c5e-60dfde5d9fcc,Heath Helgeson,77,0.00,32,0.00,Carry Optics,B,A149129,MINOR,,0.0000,0.0000,,,,,,,,,,,
3630a0b6-0b4e-4bd9-ad22-f46c4b3c42d8,GPS USPSA June 2024,2024-06-23,5,Bay 8,7684b344-e50d-46d3-a869-9173deb78844,Andy Chen,1,100.00,1,100.00,Limited Optics,A,A86721,MINOR,,125.0000,125.0000,6.2566,19.02,23,,1,1,,,,,
3630a0b6-0b4e-4bd9-ad22-f46c4b3c42d8,GPS USPSA June 2024,2024-06-23,5,Bay 8,7684b344-e50d-46d3-a869-9173deb78844,Brandon Foss,2,93.64,1,100.00,Carry Optics,M,L5142,MINOR,,125.0000,117.0524,5.8588,19.97,22,,2,1,,,,,
3630a0b6-0b4e-4bd9-ad22-f46c4b3c42d8,GPS USPSA June 2024,2024-06-23,5,Bay 8,7684b344-e50d-46d3-a869-9173deb78844,Travis McKenzie,3,91.45,2,91.45,Limited Optics,M,L6340,MINOR,,114.3093,114.3093,5.7215,19.75,19,,6,,,,,,
3630a0b6-0b4e-4bd9-ad22-f46c4b3c42d8,GPS USPSA June 2024,2024-06-23,5,Bay 8,7684b344-e50d-46d3-a869-9173deb78844,Paul Felker,4,90.08,2,96.19,Carry Optics,M,Ty107123,MINOR,,120.2422,112.5971,5.6358,21.47,23,,2,,,,,,
3630a0b6-0b4e-4bd9-ad22-f46c4b3c42d8,GPS USPSA June 2024,2024-06-23,5,Bay 8,7684b344-e50d-46d3-a869-9173deb78844,Steve Cai,5,87.92,3,93.89,Carry Optics,M,A148273,MINOR,,117.3598,109.8979,5.5007,21.27,21,,4,,,,,,
3630a0b6-0b4e-4bd9-ad22-f46c4b3c42d8,GPS USPSA June 2024,2024-06-23,5,Bay 8,7684b344-e50d-46d3-a869-9173deb78844,Chez Chike-Udenze,6,86.29,1,100.00,Open,A,A138598,MAJOR,,125.0000,107.8601,5.3987,20.19,21,,3,1,,,1,,
3630a0b6-0b4e-4bd9-ad22-f46c4b3c42d8,GPS USPSA June 2024,2024-06-23,5,Bay 8,7684b344-e50d-46d3-a869-9173deb78844,Eric Huh,7,85.70,2,99.32,Open,U,A143520,MINOR,,124.1456,107.1229,5.3618,22.94,24,,1,,,,,,
3630a0b6-0b4e-4bd9-ad22-f46c4b3c42d8,GPS USPSA June 2024,2024-06-23,5,Bay 8,7684b344-e50d-46d3-a869-9173deb78844,Christopher Boatcallie,8,85.12,1,100.00,PCC,B,A104118,MINOR,,125.0000,106.3956,5.3254,21.97,22,,2,1,,,,,
3630a0b6-0b4e-4bd9-ad22-f46c4b3c42d8,GPS USPSA June 2024,2024-06-23,5,Bay 8,7684b344-e50d-46d3-a869-9173deb78844,Jose Onia,9,84.95,3,84.95,Limited Optics,C,0,MINOR,,106.1899,106.1899,5.3151,21.26,19,,6,,,,,,
3630a0b6-0b4e-4bd9-ad22-f46c4b3c42d8,GPS USPSA June 2024,2024-06-23,5,Bay 8,7684b344-e50d-46d3-a869-9173deb78844,Garrick Gonzalez,10,83.90,3,97.24,Open,U,A119804,MAJOR,,121.5478,104.8812,5.2496,19.43,16,,8,,1,,,,
3630a0b6-0b4e-4bd9-ad22-f46c4b3c42d8,GPS USPSA June 2024,2024-06-23,5,Bay 8,7684b344-e50d-46d3-a869-9173deb78844,Matthew Lem,11,83.26,4,88.91,Carry Optics,M,A34763,MINOR,Senior; Law Enforcement,111.1426,104.0761,5.2093,22.46,21,,4,,,,,,
3630a0b6-0b4e-4bd9-ad22-f46c4b3c42d8,GPS USPSA June 2024,2024-06-23,5,Bay 8,7684b344-e50d-46d3-a869-9173deb78844,Joseph White,12,80.80,5,86.29,Carry Optics,B,A135489,MINOR,Law Enforcement,107.8591,101.0013,5.0554,20.77,18,,4,3,,,,,
3630a0b6-0b4e-4bd9-ad22-f46c4b3c42d8,GPS USPSA June 2024,2024-06-23,5,Bay 8,7684b344-e50d-46d3-a869-9173deb78844,JC Aguinaldo,13,80.42,6,85.88,Carry Optics,C,0,MINOR,,107.3535,100.5278,5.0317,22.06,20,,3,2,,,,,
3630a0b6-0b4e-4bd9-ad22-f46c4b3c42d8,GPS USPSA June 2024,2024-06-23,5,Bay 8,7684b344-e50d-46d3-a869-9173deb78844,Christian Canizales,14,79.95,7,85.38,Carry Optics,A,TY150265,MINOR,,106.7241,99.9385,5.0022,22.99,20,,5,,,,,,
3630a0b6-0b4e-4bd9-ad22-f46c4b3c42d8,GPS USPSA June 2024,2024-06-23,5,Bay 8,7684b344-e50d-46d3-a869-9173deb78844,August Balagtas,15,78.97,4,91.51,Open,M,L3674,MAJOR,,114.3933,98.7078,4.9406,21.05,20,,3,1,1,,,,
3630a0b6-0b4e-4bd9-ad22-f46c4b3c42d8,GPS USPSA June 2024,2024-06-23,5,Bay 8,7684b344-e50d-46d3-a869-9173deb78844,Ryan Alicaya,16,78.87,4,78.87,Limited Optics,D,0,MINOR,,98.5859,98.5859,4.9345,22.90,19,,6,,,,,,
3630a0b6-0b4e-4bd9-ad22-f46c4b3c42d8,GPS USPSA June 2024,2024-06-23,5,Bay 8,7684b344-e50d-46d3-a869-9173deb78844,Khoa Nguyen,17,77.02,5,77.02,Limited Optics,A,A117224,MINOR,Law Enforcement,96.2723,96.2723,4.8187,22.62,17,,8,,,,,,
3630a0b6-0b4e-4bd9-ad22-f46c4b3c42d8,GPS USPSA June 2024,2024-06-23,5,Bay 8,7684b344-e50d-46d3-a869-9173deb78844,Taylor Snodgrass,18,76.81,5,89.01,Open,U,A159149,MINOR,,111.2652,96.0086,4.8055,21.85,21,,3,1,,,1,,
3630a0b6-0b4e-4bd9-ad22-f46c4b3c42d8,GPS USPSA June 2024,2024-06-23,5,Bay 8,7684b344-e50d-46d3-a869-9173deb78844,Jun Wu,19,76.38,2,89.74,PCC,B,A104927,MINOR,,112.1700,95.4752,4.7788,25.32,23,,2,,,,,,
3630a0b6-0b4e-4bd9-ad22-f46c4b3c42d8,GPS USPSA June 2024,2024-06-23,5,Bay 8,7684b344-e50d-46d3-a869-9173deb78844,CHAN WILLIAM,20,76.30,6,76.30,Limited Optics,B,0,MINOR,,95.3793,95.3793,4.7740,19.69,17,,6,1,1,,,,
3630a0b6-0b4e-4bd9-ad22-f46c4b3c42d8,GPS USPSA June 2024,2024-06-23,5,Bay 8,7684b344-e50d-46d3-a869-9173deb78844,Tony Vale,21,75.89,8,81.04,Carry Optics,B,A153735,MINOR,,101.2985,94.8578,4.7479,23.80,19,,6,,,,,,
3630a0b6-0b4e-4bd9-ad22-f46c4b3c42d8,GPS USPSA June 2024,2024-06-23,5,Bay 8,7684b344-e50d-46d3-a869-9173deb78844,Hayden Adamson,22,75.33,7,75.33,Limited Optics,U,A142273,MINOR,,94.1626,94.1626,4.7131,24.40,21,,3,1,,,,,
3630a0b6-0b4e-4bd9-ad22-f46c4b3c42d8,GPS USPSA June 2024,2024-06-23,5,Bay 8,7684b344-e50d-46d3-a869-9173deb78844,Wade Pruetz,23,74.05,6,85.82,Open,A,Ty79055,MAJOR,Senior,107.2712,92.5623,4.6330,21.80,19,,3,2,1,,,,
3630a0b6-0b4e-4bd9-ad22-f46c4b3c42d8,GPS USPSA June 2024,2024-06-23,5,Bay 8,7684b344-e50d-46d3-a869-9173deb78844,Abe Valdez,24,73.69,9,78.69,Carry Optics,B,,MINOR,,98.3649,92.1107,4.6104,24.51,19,,6,,,,,,
3630a0b6-0b4e-4bd9-ad22-f46c4b3c42d8,GPS USPSA June 2024,2024-06-23,5,Bay 8,7684b344-e50d-46d3-a869-9173deb78844,Mike Junco,25,72.59,8,72.59,Limited Optics,A,TY34819,MINOR,Senior; Law Enforcement,90.7362,90.7362,4.5416,23.34,23,,,1,1,,,,
3630a0b6-0b4e-4bd9-ad22-f46c4b3c42d8,GPS USPSA June 2024,2024-06-23,5,Bay 8,7684b344-e50d-46d3-a869-9173deb78844,Osmund Saddler,26,72.32,1,100.00,Limited,B,TY123776,MINOR,,125.0000,90.3985,4.5247,26.30,22,,3,,,,,,
3630a0b6-0b4e-4bd9-ad22-f46c4b3c42d8,GPS USPSA June 2024,2024-06-23,5,Bay 8,7684b344-e50d-46d3-a869-9173deb78844,Patrick Mccombs,27,71.61,10,76.48,Carry Optics,C,A157503,MINOR,,95.5955,89.5175,4.4806,25.22,19,,6,,,,,,
3630a0b6-0b4e-4bd9-ad22-f46c4b3c42d8,GPS USPSA June 2024,2024-06-23,5,Bay 8,7684b344-e50d-46d3-a869-9173deb78844,Tyler Kenny,28,71.16,11,75.99,Carry Optics,A,A148691,MINOR,,94.9832,88.9441,4.4519,23.81,22,,2,,1,,,,
3630a0b6-0b4e-4bd9-ad22-f46c4b3c42d8,GPS USPSA June 2024,2024-06-23,5,Bay 8,7684b344-e50d-46d3-a869-9173deb78844,Albert Legislador,29,70.20,12,74.96,Carry Optics,C,TY91787,MINOR,Senior,93.7031,87.7453,4.3919,26.64,21,,4,,,,,,
3630a0b6-0b4e-4bd9-ad22-f46c4b3c42d8,GPS USPSA June 2024,2024-06-23,5,Bay 8,7684b344-e50d-46d3-a869-9173deb78844,Pocholo Dimayuga,30,69.65,9,69.65,Limited Optics,U,A106236,MINOR,,87.0661,87.0661,4.3579,25.93,20,,4,1,,,,,
3630a0b6-0b4e-4bd9-ad22-f46c4b3c42d8,GPS USPSA June 2024,2024-06-23,5,Bay 8,7684b344-e50d-46d3-a869-9173deb78844,Matthew Gonzalez,31,69.34,13,74.05,Carry Optics,X,A119810,MINOR,,92.5616,86.6765,4.3384,23.05,19,,5,,1,,,,
3630a0b6-0b4e-4bd9-ad22-f46c4b3c42d8,GPS USPSA June 2024,2024-06-23,5,Bay 8,7684b344-e50d-46d3-a869-9173deb78844,Gil Yolo,32,69.31,14,74.01,Carry Optics,M,L5228,MINOR,,92.5168,86.6345,4.3363,22.60,19,,4,1,1,,,,
3630a0b6-0b4e-4bd9-ad22-f46c4b3c42d8,GPS USPSA June 2024,2024-06-23,5,Bay 8,7684b344-e50d-46d3-a869-9173deb78844,Arnold Gee,33,68.98,10,68.98,Limited Optics,U,A103519,MINOR,Senior,86.2249,86.2249,4.3158,27.11,21,,4,,,,,,
3630a0b6-0b4e-4bd9-ad22-f46c4b3c42d8,GPS USPSA June 2024,2024-06-23,5,Bay 8,7684b344-e50d-46d3-a869-9173deb78844,Jim Havens,34,68.94,11,68.94,Limited Optics,M,TY114636,MINOR,Senior,86.1810,86.1810,4.3136,24.11,21,,3,,1,,,,
3630a0b6-0b4e-4bd9-ad22-f46c4b3c42d8,GPS USPSA June 2024,2024-06-23,5,Bay 8,7684b344-e50d-46d3-a869-9173deb78844,Devin Yolo,35,68.38,3,80.34,PCC,B,A112987,MINOR,,100.4220,85.4757,4.2783,23.14,17,,8,,,,1,,
3630a0b6-0b4e-4bd9-ad22-f46c4b3c42d8,GPS USPSA June 2024,2024-06-23,5,Bay 8,7684b344-e50d-46d3-a869-9173deb78844,Parish Saculles,36,68.17,4,80.10,PCC,U,L5316,MINOR,,100.1192,85.2180,4.2654,27.43,22,,2,1,,,,,
3630a0b6-0b4e-4bd9-ad22-f46c4b3c42d8,GPS USPSA June 2024,2024-06-23,5,Bay 8,7684b344-e50d-46d3-a869-9173deb78844,Khoi Nguyen,37,66.88,5,78.58,PCC,G,L6304,MINOR,,98.2203,83.6017,4.1845,23.42,19,,4,1,1,,,,
3630a0b6-0b4e-4bd9-ad22-f46c4b3c42d8,GPS USPSA June 2024,2024-06-23,5,Bay 8,7684b344-e50d-46d3-a869-9173deb78844,Pat Byrne,38,65.72,15,70.19,Carry Optics,B,Ty93921,MINOR,Super Senior,87.7313,82.1532,4.1120,28.94,22,,3,,,,,,
3630a0b6-0b4e-4bd9-ad22-f46c4b3c42d8,GPS USPSA June 2024,2024-06-23,5,Bay 8,7684b344-e50d-46d3-a869-9173deb78844,Mike Kahl,39,65.42,16,69.86,Carry Optics,A,A70984,MINOR,Distinguished Senior,87.3238,81.7716,4.0929,25.41,21,,3,,1,,,,
3630a0b6-0b4e-4bd9-ad22-f46c4b3c42d8,GPS USPSA June 2024,2024-06-23,5,Bay 8,7684b344-e50d-46d3-a869-9173deb78844,Abrahan Figueroa,40,64.81,7,75.10,Open,C,TY54053,MAJOR,Senior,93.8791,81.0065,4.0546,26.39,21,,3,,1,,,,
3630a0b6-0b4e-4bd9-ad22-f46c4b3c42d8,GPS USPSA June 2024,2024-06-23,5,Bay 8,7684b344-e50d-46d3-a869-9173deb78844,Alex Nguyen,41,64.80,6,76.13,PCC,C,A151003,MINOR,,95.1595,80.9965,4.0541,25.90,18,,4,3,,,,,
3630a0b6-0b4e-4bd9-ad22-f46c4b3c42d8,GPS USPSA June 2024,2024-06-23,5,Bay 8,7684b344-e50d-46d3-a869-9173deb78844,Doug Joder,42,62.82,7,73.80,PCC,B,TY115020,MINOR,,92.2489,78.5191,3.9301,29.77,21,,4,,,,,,
3630a0b6-0b4e-4bd9-ad22-f46c4b3c42d8,GPS USPSA June 2024,2024-06-23,5,Bay 8,7684b344-e50d-46d3-a869-9173deb78844,Sean Frederick,43,62.33,17,66.56,Carry Optics,C,A149482,MINOR,,83.2039,77.9137,3.8998,27.95,19,,4,2,,,,,
3630a0b6-0b4e-4bd9-ad22-f46c4b3c42d8,GPS USPSA June 2024,2024-06-23,5,Bay 8,7684b344-e50d-46d3-a869-9173deb78844,Craig Bellamy,44,61.92,18,66.12,Carry Optics,M,TY54824,MINOR,Law Enforcement,82.6534,77.3983,3.8740,19.36,18,,5,,2,,1,,
3630a0b6-0b4e-4bd9-ad22-f46c4b3c42d8,GPS USPSA June 2024,2024-06-23,5,Bay 8,7684b344-e50d-46d3-a869-9173deb78844,Steven McNamara,45,61.70,8,71.51,Open,B,A75212,MAJOR,Senior,89.3849,77.1286,3.8605,24.09,21,,2,,2,,,,
3630a0b6-0b4e-4bd9-ad22-f46c4b3c42d8,GPS USPSA June 2024,2024-06-23,5,Bay 8,7684b344-e50d-46d3-a869-9173deb78844,Gary Wu,46,61.54,19,65.72,Carry Optics,B,L2998,MINOR,Senior,82.1542,76.9308,3.8506,25.97,20,,3,1,1,,,,
3630a0b6-0b4e-4bd9-ad22-f46c4b3c42d8,GPS USPSA June 2024,2024-06-23,5,Bay 8,7684b344-e50d-46d3-a869-9173deb78844,Michael Qian,47,59.94,12,59.94,Limited Optics,C,A150939,MINOR,,74.9289,74.9289,3.7504,28.53,18,,5,2,,,,,
3630a0b6-0b4e-4bd9-ad22-f46c4b3c42d8,GPS USPSA June 2024,2024-06-23,5,Bay 8,7684b344-e50d-46d3-a869-9173deb78844,Carlos Escandon,48,59.31,13,59.31,Limited Optics,B,L2590,MINOR,Super Senior,74.1377,74.1377,3.7108,31.53,21,,4,,,,,,
3630a0b6-0b4e-4bd9-ad22-f46c4b3c42d8,GPS USPSA June 2024,2024-06-23,5,Bay 8,7684b344-e50d-46d3-a869-9173deb78844,Larry Shaw,49,57.37,14,57.37,Limited Optics,U,A153831,MINOR,,71.7163,71.7163,3.5896,31.48,19,,6,,,,,,
3630a0b6-0b4e-4bd9-ad22-f46c4b3c42d8,GPS USPSA June 2024,2024-06-23,5,Bay 8,7684b344-e50d-46d3-a869-9173deb78844,Jason Wells,50,57.32,1,100.00,Single Stack,A,L5218,MAJOR,,125.0000,71.6463,3.5861,29.28,19,,5,,1,,,,
3630a0b6-0b4e-4bd9-ad22-f46c4b3c42d8,GPS USPSA June 2024,2024-06-23,5,Bay 8,7684b344-e50d-46d3-a869-9173deb78844,Waltz Noguerra,51,57.16,20,61.04,Carry Optics,C,A137731,MINOR,,76.3062,71.4545,3.5765,27.96,19,,5,,1,,,,
3630a0b6-0b4e-4bd9-ad22-f46c4b3c42d8,GPS USPSA June 2024,2024-06-23,5,Bay 8,7684b344-e50d-46d3-a869-9173deb78844,Michael Pontious,52,57.13,9,66.20,Open,B,fy94575,MAJOR,Senior,82.7560,71.4086,3.5742,25.74,20,,3,,2,,,,
3630a0b6-0b4e-4bd9-ad22-f46c4b3c42d8,GPS USPSA June 2024,2024-06-23,5,Bay 8,7684b344-e50d-46d3-a869-9173deb78844,Mike Benitez,53,55.11,15,55.11,Limited Optics,U,,MINOR,,68.8932,68.8932,3.4483,25.23,17,,7,1,,,2,,
3630a0b6-0b4e-4bd9-ad22-f46c4b3c42d8,GPS USPSA June 2024,2024-06-23,5,Bay 8,7684b344-e50d-46d3-a869-9173deb78844,Amber Chike-Udenze,54,54.85,21,58.58,Carry Optics,C,A138974,MINOR,Lady,73.2211,68.5656,3.4319,27.39,18,,4,2,1,,,,
3630a0b6-0b4e-4bd9-ad22-f46c4b3c42d8,GPS USPSA June 2024,2024-06-23,5,Bay 8,7684b344-e50d-46d3-a869-9173deb78844,Jennifer Kleiber-Boatcallie,55,54.64,8,64.19,PCC,C,A142192,MINOR,Lady,80.2405,68.2979,3.4185,30.13,20,,4,1,,,1,,
3630a0b6-0b4e-4bd9-ad22-f46c4b3c42d8,GPS USPSA June 2024,2024-06-23,5,Bay 8,7684b344-e50d-46d3-a869-9173deb78844,Roger Feng,56,54.02,22,57.69,Carry Optics,B,A157776,MINOR,,72.1116,67.5267,3.3799,35.80,23,,2,,,,,,
3630a0b6-0b4e-4bd9-ad22-f46c4b3c42d8,GPS USPSA June 2024,2024-06-23,5,Bay 8,7684b344-e50d-46d3-a869-9173deb78844,Roman Gwiscz,57,53.45,23,57.08,Carry Optics,A,L4670,MINOR,,71.3478,66.8114,3.3441,24.82,18,,4,1,2,,,,
3630a0b6-0b4e-4bd9-ad22-f46c4b3c42d8,GPS USPSA June 2024,2024-06-23,5,Bay 8,7684b344-e50d-46d3-a869-9173deb78844,Marlon Poralan,58,53.31,10,61.78,Open,X,TY1234,MAJOR,Law Enforcement,77.2292,66.6396,3.3355,30.88,19,,4,1,1,,,,
3630a0b6-0b4e-4bd9-ad22-f46c4b3c42d8,GPS USPSA June 2024,2024-06-23,5,Bay 8,7684b344-e50d-46d3-a869-9173deb78844,David Zhang,59,53.07,16,53.07,Limited Optics,C,FY140383,MINOR,Foreign,66.3320,66.3320,3.3201,27.71,15,,9,,1,,,,
3630a0b6-0b4e-4bd9-ad22-f46c4b3c42d8,GPS USPSA June 2024,2024-06-23,5,Bay 8,7684b344-e50d-46d3-a869-9173deb78844,Dean Harnboonzong,60,52.46,24,56.03,Carry Optics,U,A157835,MINOR,,70.0314,65.5787,3.2824,26.81,15,,7,2,1,,,,
3630a0b6-0b4e-4bd9-ad22-f46c4b3c42d8,GPS USPSA June 2024,2024-06-23,5,Bay 8,7684b344-e50d-46d3-a869-9173deb78844,Yulmer Carreno,61,48.33,25,51.61,Carry Optics,U,A157204,MINOR,,64.5098,60.4082,3.0236,36.05,17,,8,,,,,,
3630a0b6-0b4e-4bd9-ad22-f46c4b3c42d8,GPS USPSA June 2024,2024-06-23,5,Bay 8,7684b344-e50d-46d3-a869-9173deb78844,Lee Cardwell,62,46.93,26,50.12,Carry Optics,B,A155173,MINOR,,62.6451,58.6621,2.9362,23.50,15,,8,,2,,,1,
3630a0b6-0b4e-4bd9-ad22-f46c4b3c42d8,GPS USPSA June 2024,2024-06-23,5,Bay 8,7684b344-e50d-46d3-a869-9173deb78844,Robbie Boettcher,63,45.40,2,79.21,Single Stack,B,L5829,MAJOR,,99.0073,56.7481,2.8404,35.91,18,,5,1,1,,,,
3630a0b6-0b4e-4bd9-ad22-f46c4b3c42d8,GPS USPSA June 2024,2024-06-23,5,Bay 8,7684b344-e50d-46d3-a869-9173deb78844,George Zhou,64,42.35,9,49.76,PCC,C,A146179,MINOR,,62.1949,52.9381,2.6497,44.91,22,,3,,,,,,
3630a0b6-0b4e-4bd9-ad22-f46c4b3c42d8,GPS USPSA June 2024,2024-06-23,5,Bay 8,7684b344-e50d-46d3-a869-9173deb78844,Robin Chen,65,42.34,27,45.21,Carry Optics,C,A152878,MINOR,Lady; Law Enforcement,56.5175,52.9241,2.6490,33.22,14,,9,1,1,,,,
3630a0b6-0b4e-4bd9-ad22-f46c4b3c42d8,GPS USPSA June 2024,2024-06-23,5,Bay 8,7684b344-e50d-46d3-a869-9173deb78844,sharif boatner,66,42.14,28,45.00,Carry Optics,U,A154865,MINOR,,56.2530,52.6764,2.6366,42.10,20,,3,2,,,,,
3630a0b6-0b4e-4bd9-ad22-f46c4b3c42d8,GPS USPSA June 2024,2024-06-23,5,Bay 8,7684b344-e50d-46d3-a869-9173deb78844,Dan Schreiber,67,40.41,17,40.41,Limited Optics,C,A147899,MINOR,Super Senior,50.5147,50.5147,2.5284,39.55,20,,3,1,1,,,,
3630a0b6-0b4e-4bd9-ad22-f46c4b3c42d8,GPS USPSA June 2024,2024-06-23,5,Bay 8,7684b344-e50d-46d3-a869-9173deb78844,Benjamin Michael,68,39.85,29,42.55,Carry Optics,C,L5472,MINOR,,53.1935,49.8114,2.4932,33.29,18,,4,1,2,,,,
3630a0b6-0b4e-4bd9-ad22-f46c4b3c42d8,GPS USPSA June 2024,2024-06-23,5,Bay 8,7684b344-e50d-46d3-a869-9173deb78844,Abraham Estrada,69,39.50,30,42.18,Carry Optics,U,a156169,MINOR,,52.7305,49.3779,2.4715,31.56,20,,2,2,1,,1,1,
3630a0b6-0b4e-4bd9-ad22-f46c4b3c42d8,GPS USPSA June 2024,2024-06-23,5,Bay 8,7684b344-e50d-46d3-a869-9173deb78844,Marissa Maxim,70,38.38,31,40.99,Carry Optics,C,A150790,MINOR,Lady,51.2370,47.9793,2.4015,37.06,13,,11,1,,,1,,
3630a0b6-0b4e-4bd9-ad22-f46c4b3c42d8,GPS USPSA June 2024,2024-06-23,5,Bay 8,7684b344-e50d-46d3-a869-9173deb78844,Teddy Elarmo,71,37.29,18,37.29,Limited Optics,,A142885,MAJOR,,46.6148,46.6148,2.3332,39.43,20,,3,,2,,,,
3630a0b6-0b4e-4bd9-ad22-f46c4b3c42d8,GPS USPSA June 2024,2024-06-23,5,Bay 8,7684b344-e50d-46d3-a869-9173deb78844,JR Roberts,72,35.66,3,62.22,Single Stack,C,TY102739,MAJOR,,77.7725,44.5769,2.2312,47.06,13,,8,4,,,,,
3630a0b6-0b4e-4bd9-ad22-f46c4b3c42d8,GPS USPSA June 2024,2024-06-23,5,Bay 8,7684b344-e50d-46d3-a869-9173deb78844,Virak Meas,73,34.98,19,34.98,Limited Optics,U,O,MINOR,Senior,43.7198,43.7198,2.1883,24.22,16,,4,1,4,,,,
3630a0b6-0b4e-4bd9-ad22-f46c4b3c42d8,GPS USPSA June 2024,2024-06-23,5,Bay 8,7684b344-e50d-46d3-a869-9173deb78844,Sydney Holland,74,24.87,20,24.87,Limited Optics,U,,MAJOR,Lady,31.0852,31.0852,1.5559,49.49,19,,2,2,2,,1,,
3630a0b6-0b4e-4bd9-ad22-f46c4b3c42d8,GPS USPSA June 2024,2024-06-23,5,Bay 8,7684b344-e50d-46d3-a869-9173deb78844,Andrew Philip,75,22.93,21,22.93,Limited Optics,C,A153653,MINOR,,28.6617,28.6617,1.4346,30.67,21,,3,,1,,,6,
3630a0b6-0b4e-4bd9-ad22-f46c4b3c42d8,GPS USPSA June 2024,2024-06-23,5,Bay 8,7684b344-e50d-46d3-a869-9173deb78844,Matthew Givens,76,19.62,4,34.23,Single Stack,C,Ty137686,MINOR,,42.7867,24.5241,1.2275,33.40,14,,7,,4,,,1,
3630a0b6-0b4e-4bd9-ad22-f46c4b3c42d8,GPS USPSA June 2024,2024-06-23,5,Bay 8,7684b344-e50d-46d3-a869-9173deb78844,Heath Helgeson,77,0.00,32,0.00,Carry Optics,B,A149129,MINOR,,0.0000,0.0000,0.0000,17.41,8,,8,1,8,,1,,
3630a0b6-0b4e-4bd9-ad22-f46c4b3c42d8,GPS USPSA June 2024,2024-06-23,6,Bay 9,cd2b4e91-8389-428b-a610-e54541adfbc8,Chez Chike-Udenze,1,100.00,1,100.00,Open,A,A138598,MAJOR,,130.0000,130.0000,6.1442,20.67,23,,3,,,,,,
3630a0b6-0b4e-4bd9-ad22-f46c4b3c42d8,GPS USPSA June 2024,2024-06-23,6,Bay 9,cd2b4e91-8389-428b-a610-e54541adfbc8,Andy Chen,2,96.79,1,100.00,Limited Optics,A,A86721,MINOR,,130.0000,125.8318,5.9472,20.85,23,,3,,,,,,
3630a0b6-0b4e-4bd9-ad22-f46c4b3c42d8,GPS USPSA June 2024,2024-06-23,6,Bay 9,cd2b4e91-8389-428b-a610-e54541adfbc8,Brandon Foss,3,93.62,1,100.00,Carry Optics,M,L5142,MINOR,,130.0000,121.7018,5.7520,21.21,22,,4,,,,,,
3630a0b6-0b4e-4bd9-ad22-f46c4b3c42d8,GPS USPSA June 2024,2024-06-23,6,Bay 9,cd2b4e91-8389-428b-a610-e54541adfbc8,Christopher Boatcallie,4,90.92,1,100.00,PCC,B,A104118,MINOR,,130.0000,118.1916,5.5861,21.84,22,,4,,,,,,
3630a0b6-0b4e-4bd9-ad22-f46c4b3c42d8,GPS USPSA June 2024,2024-06-23,6,Bay 9,cd2b4e91-8389-428b-a610-e54541adfbc8,Steve Cai,5,90.78,2,96.97,Carry Optics,M,A148273,MINOR,,126.0675,118.0202,5.5780,22.23,23,,3,,,,,,
3630a0b6-0b4e-4bd9-ad22-f46c4b3c42d8,GPS USPSA June 2024,2024-06-23,6,Bay 9,cd2b4e91-8389-428b-a610-e54541adfbc8,August Balagtas,6,86.68,2,86.68,Open,M,L3674,MAJOR,,112.6820,112.6820,5.3257,22.72,19,,6,1,,,,,
3630a0b6-0b4e-4bd9-ad22-f46c4b3c42d8,GPS USPSA June 2024,2024-06-23,6,Bay 9,cd2b4e91-8389-428b-a610-e54541adfbc8,Gil Yolo,7,86.57,3,92.47,Carry Optics,M,L5228,MINOR,,120.2161,112.5424,5.3191,22.56,21,,5,,,,,,
3630a0b6-0b4e-4bd9-ad22-f46c4b3c42d8,GPS USPSA June 2024,2024-06-23,6,Bay 9,cd2b4e91-8389-428b-a610-e54541adfbc8,Craig Bellamy,8,83.72,4,89.43,Carry Optics,M,TY54824,MINOR,Law Enforcement,116.2564,108.8355,5.1439,21.19,23,,1,1,1,,,,
3630a0b6-0b4e-4bd9-ad22-f46c4b3c42d8,GPS USPSA June 2024,2024-06-23,6,Bay 9,cd2b4e91-8389-428b-a610-e54541adfbc8,Wade Pruetz,9,83.62,3,83.62,Open,A,Ty79055,MAJOR,Senior,108.7107,108.7107,5.1380,21.02,18,,7,,1,,,,
3630a0b6-0b4e-4bd9-ad22-f46c4b3c42d8,GPS USPSA June 2024,2024-06-23,6,Bay 9,cd2b4e91-8389-428b-a610-e54541adfbc8,Jose Onia,10,81.14,2,83.83,Limited Optics,C,0,MINOR,,108.9825,105.4883,4.9857,24.47,22,,4,,,,,,
3630a0b6-0b4e-4bd9-ad22-f46c4b3c42d8,GPS USPSA June 2024,2024-06-23,6,Bay 9,cd2b4e91-8389-428b-a610-e54541adfbc8,Khoi Nguyen,11,80.98,2,89.07,PCC,G,L6304,MINOR,,115.7901,105.2725,4.9755,24.52,22,,4,,,,,,
3630a0b6-0b4e-4bd9-ad22-f46c4b3c42d8,GPS USPSA June 2024,2024-06-23,6,Bay 9,cd2b4e91-8389-428b-a610-e54541adfbc8,Ryan Alicaya,12,80.86,3,83.54,Limited Optics,D,0,MINOR,,108.6066,105.1243,4.9685,25.36,24,,2,,,,,,
3630a0b6-0b4e-4bd9-ad22-f46c4b3c42d8,GPS USPSA June 2024,2024-06-23,6,Bay 9,cd2b4e91-8389-428b-a610-e54541adfbc8,Christian Canizales,13,80.62,5,86.11,Carry Optics,A,TY150265,MINOR,,111.9487,104.8027,4.9533,24.63,22,,4,,,,,,
3630a0b6-0b4e-4bd9-ad22-f46c4b3c42d8,GPS USPSA June 2024,2024-06-23,6,Bay 9,cd2b4e91-8389-428b-a610-e54541adfbc8,Jim Havens,14,79.95,4,82.60,Limited Optics,M,TY114636,MINOR,Senior,107.3781,103.9353,4.9123,25.65,24,,2,,,,,,
3630a0b6-0b4e-4bd9-ad22-f46c4b3c42d8,GPS USPSA June 2024,2024-06-23,6,Bay 9,cd2b4e91-8389-428b-a610-e54541adfbc8,Taylor Snodgrass,15,79.42,4,79.42,Open,U,A159149,MINOR,,103.2497,103.2497,4.8799,26.23,25,,1,,,,,,
3630a0b6-0b4e-4bd9-ad22-f46c4b3c42d8,GPS USPSA June 2024,2024-06-23,6,Bay 9,cd2b4e91-8389-428b-a610-e54541adfbc8,Mike Junco,16,77.57,5,80.14,Limited Optics,A,TY34819,MINOR,Senior; Law Enforcement,104.1867,100.8462,4.7663,21.61,19,,6,,1,,,,
3630a0b6-0b4e-4bd9-ad22-f46c4b3c42d8,GPS USPSA June 2024,2024-06-23,6,Bay 9,cd2b4e91-8389-428b-a610-e54541adfbc8,Sean Frederick,17,77.04,6,82.30,Carry Optics,C,A149482,MINOR,,106.9856,100.1564,4.7337,27.04,25,,1,,,,,,
3630a0b6-0b4e-4bd9-ad22-f46c4b3c42d8,GPS USPSA June 2024,2024-06-23,6,Bay 9,cd2b4e91-8389-428b-a610-e54541adfbc8,Travis McKenzie,18,76.47,6,79.01,Limited Optics,M,L6340,MINOR,,102.7090,99.4159,4.6987,26.39,23,,3,,,,,,
3630a0b6-0b4e-4bd9-ad22-f46c4b3c42d8,GPS USPSA June 2024,2024-06-23,6,Bay 9,cd2b4e91-8389-428b-a610-e54541adfbc8,Tyler Kenny,19,76.30,7,81.50,Carry Optics,A,A148691,MINOR,,105.9550,99.1916,4.6881,25.17,21,,4,1,,,,,
3630a0b6-0b4e-4bd9-ad22-f46c4b3c42d8,GPS USPSA June 2024,2024-06-23,6,Bay 9,cd2b4e91-8389-428b-a610-e54541adfbc8,Garrick Gonzalez,20,75.76,5,75.76,Open,U,A119804,MAJOR,,98.4849,98.4849,4.6547,26.64,22,,3,1,,,,,
3630a0b6-0b4e-4bd9-ad22-f46c4b3c42d8,GPS USPSA June 2024,2024-06-23,6,Bay 9,cd2b4e91-8389-428b-a610-e54541adfbc8,Khoa Nguyen,21,75.49,7,77.99,Limited Optics,A,A117224,MINOR,Law Enforcement,101.3843,98.1337,4.6381,23.07,21,,4,,1,,,,
3630a0b6-0b4e-4bd9-ad22-f46c4b3c42d8,GPS USPSA June 2024,2024-06-23,6,Bay 9,cd2b4e91-8389-428b-a610-e54541adfbc8,Paul Felker,22,75.26,8,80.39,Carry Optics,M,Ty107123,MINOR,,104.5130,97.8417,4.6243,25.95,21,,5,,,,,,
3630a0b6-0b4e-4bd9-ad22-f46c4b3c42d8,GPS USPSA June 2024,2024-06-23,6,Bay 9,cd2b4e91-8389-428b-a610-e54541adfbc8,Eric Huh,23,74.84,6,74.84,Open,U,A143520,MINOR,,97.2895,97.2895,4.5982,23.27,21,,4,,1,,,,
3630a0b6-0b4e-4bd9-ad22-f46c4b3c42d8,GPS USPSA June 2024,2024-06-23,6,Bay 9,cd2b4e91-8389-428b-a610-e54541adfbc8,Michael Pontious,24,74.35,7,74.35,Open,B,fy94575,MAJOR,Senior,96.6611,96.6611,4.5685,27.58,24,,1,1,,,,,
3630a0b6-0b4e-4bd9-ad22-f46c4b3c42d8,GPS USPSA June 2024,2024-06-23,6,Bay 9,cd2b4e91-8389-428b-a610-e54541adfbc8,Steven McNamara,25,73.87,8,73.87,Open,B,A75212,MAJOR,Senior,96.0348,96.0348,4.5389,27.54,23,,2,1,,,,,
3630a0b6-0b4e-4bd9-ad22-f46c4b3c42d8,GPS USPSA June 2024,2024-06-23,6,Bay 9,cd2b4e91-8389-428b-a610-e54541adfbc8,Matthew Gonzalez,26,72.26,9,77.19,Carry Optics,X,A119810,MINOR,,100.3454,93.9401,4.4399,24.55,22,,3,,1,,,,
3630a0b6-0b4e-4bd9-ad22-f46c4b3c42d8,GPS USPSA June 2024,2024-06-23,6,Bay 9,cd2b4e91-8389-428b-a610-e54541adfbc8,Osmund Saddler,27,71.54,1,100.00,Limited,B,TY123776,MINOR,,130.0000,93.0028,4.3956,27.30,21,,5,,,,,,
3630a0b6-0b4e-4bd9-ad22-f46c4b3c42d8,GPS USPSA June 2024,2024-06-23,6,Bay 9,cd2b4e91-8389-428b-a610-e54541adfbc8,Jun Wu,28,71.33,3,78.46,PCC,B,A104927,MINOR,,101.9921,92.7278,4.3826,28.75,24,,2,,,,,,
3630a0b6-0b4e-4bd9-ad22-f46c4b3c42d8,GPS USPSA June 2024,2024-06-23,6,Bay 9,cd2b4e91-8389-428b-a610-e54541adfbc8,Joseph White,29,69.24,10,73.96,Carry Optics,B,A135489,MINOR,Law Enforcement,96.1530,90.0153,4.2544,23.74,19,,5,1,1,,,,
3630a0b6-0b4e-4bd9-ad22-f46c4b3c42d8,GPS USPSA June 2024,2024-06-23,6,Bay 9,cd2b4e91-8389-428b-a610-e54541adfbc8,JC Aguinaldo,30,68.91,11,73.61,Carry Optics,C,0,MINOR,,95.6897,89.5816,4.2339,27.87,20,,6,,,,,,
3630a0b6-0b4e-4bd9-ad22-f46c4b3c42d8,GPS USPSA June 2024,2024-06-23,6,Bay 9,cd2b4e91-8389-428b-a610-e54541adfbc8,Mike Kahl,31,68.48,12,73.15,Carry Optics,A,A70984,MINOR,Distinguished Senior,95.0975,89.0272,4.2077,29.47,23,,3,,,,,,
3630a0b6-0b4e-4bd9-ad22-f46c4b3c42d8,GPS USPSA June 2024,2024-06-23,6,Bay 9,cd2b4e91-8389-428b-a610-e54541adfbc8,Abe Valdez,32,68.38,13,73.05,Carry Optics,B,,MINOR,,94.9619,88.9003,4.2017,26.18,22,,3,1,,,1,,
3630a0b6-0b4e-4bd9-ad22-f46c4b3c42d8,GPS USPSA June 2024,2024-06-23,6,Bay 9,cd2b4e91-8389-428b-a610-e54541adfbc8,Albert Legislador,33,67.54,14,72.14,Carry Optics,C,TY91787,MINOR,Senior,93.7822,87.7958,4.1495,26.75,23,,2,,1,,,,
3630a0b6-0b4e-4bd9-ad22-f46c4b3c42d8,GPS USPSA June 2024,2024-06-23,6,Bay 9,cd2b4e91-8389-428b-a610-e54541adfbc8,Pat Byrne,34,66.77,15,71.32,Carry Optics,B,Ty93921,MINOR,Super Senior,92.7131,86.7950,4.1022,29.74,22,,4,,,,,,
3630a0b6-0b4e-4bd9-ad22-f46c4b3c42d8,GPS USPSA June 2024,2024-06-23,6,Bay 9,cd2b4e91-8389-428b-a610-e54541adfbc8,Roman Gwiscz,35,66.00,16,70.50,Carry Optics,A,L4670,MINOR,,91.6486,85.7985,4.0551,26.88,22,,3,,1,,,,
3630a0b6-0b4e-4bd9-ad22-f46c4b3c42d8,GPS USPSA June 2024,2024-06-23,6,Bay 9,cd2b4e91-8389-428b-a610-e54541adfbc8,Arnold Gee,36,65.91,8,68.09,Limited Optics,U,A103519,MINOR,Senior,88.5203,85.6821,4.0496,27.41,23,,2,,1,,,,
3630a0b6-0b4e-4bd9-ad22-f46c4b3c42d8,GPS USPSA June 2024,2024-06-23,6,Bay 9,cd2b4e91-8389-428b-a610-e54541adfbc8,Matthew Lem,37,65.73,17,70.21,Carry Optics,M,A34763,MINOR,Senior; Law Enforcement,91.2712,85.4451,4.0384,25.01,18,,7,,1,,,,
3630a0b6-0b4e-4bd9-ad22-f46c4b3c42d8,GPS USPSA June 2024,2024-06-23,6,Bay 9,cd2b4e91-8389-428b-a610-e54541adfbc8,David Zhang,38,64.86,9,67.01,Limited Optics,C,FY140383,MINOR,Foreign,87.1104,84.3174,3.9851,26.85,22,,2,1,1,,,,
3630a0b6-0b4e-4bd9-ad22-f46c4b3c42d8,GPS USPSA June 2024,2024-06-23,6,Bay 9,cd2b4e91-8389-428b-a610-e54541adfbc8,Benjamin Michael,39,62.64,18,66.91,Carry Optics,C,L5472,MINOR,,86.9816,81.4293,3.8486,31.70,23,,2,1,,,,,
3630a0b6-0b4e-4bd9-ad22-f46c4b3c42d8,GPS USPSA June 2024,2024-06-23,6,Bay 9,cd2b4e91-8389-428b-a610-e54541adfbc8,Roger Feng,40,61.97,19,66.20,Carry Optics,B,A157776,MINOR,,86.0595,80.5661,3.8078,27.05,20,,4,1,1,,,,
3630a0b6-0b4e-4bd9-ad22-f46c4b3c42d8,GPS USPSA June 2024,2024-06-23,6,Bay 9,cd2b4e91-8389-428b-a610-e54541adfbc8,Mike Benitez,41,61.76,10,63.81,Limited Optics,U,,MINOR,,82.9484,80.2889,3.7947,27.67,21,,3,1,1,,,,
3630a0b6-0b4e-4bd9-ad22-f46c4b3c42d8,GPS USPSA June 2024,2024-06-23,6,Bay 9,cd2b4e91-8389-428b-a610-e54541adfbc8,Dean Harnboonzong,42,61.59,20,65.79,Carry Optics,U,A157835,MINOR,,85.5216,80.0625,3.7840,27.22,19,,6,,1,,,,
3630a0b6-0b4e-4bd9-ad22-f46c4b3c42d8,GPS USPSA June 2024,2024-06-23,6,Bay 9,cd2b4e91-8389-428b-a610-e54541adfbc8,Heath Helgeson,43,61.34,21,65.52,Carry Optics,B,A149129,MINOR,,85.1803,79.7430,3.7689,32.37,22,,4,,,,,,
3630a0b6-0b4e-4bd9-ad22-f46c4b3c42d8,GPS USPSA June 2024,2024-06-23,6,Bay 9,cd2b4e91-8389-428b-a610-e54541adfbc8,Lee Cardwell,44,56.88,22,60.76,Carry Optics,B,A155173,MINOR,,78.9854,73.9436,3.4948,32.62,20,,4,2,,,,,
3630a0b6-0b4e-4bd9-ad22-f46c4b3c42d8,GPS USPSA June 2024,2024-06-23,6,Bay 9,cd2b4e91-8389-428b-a610-e54541adfbc8,CHAN WILLIAM,45,56.80,11,58.68,Limited Optics,B,0,MINOR,,76.2902,73.8441,3.4901,20.63,13,,8,3,2,,,,
3630a0b6-0b4e-4bd9-ad22-f46c4b3c42d8,GPS USPSA June 2024,2024-06-23,6,Bay 9,cd2b4e91-8389-428b-a610-e54541adfbc8,Carlos Escandon,46,56.69,12,58.57,Limited Optics,B,L2590,MINOR,Super Senior,76.1372,73.6960,3.4831,35.60,23,,3,,,,,,
3630a0b6-0b4e-4bd9-ad22-f46c4b3c42d8,GPS USPSA June 2024,2024-06-23,6,Bay 9,cd2b4e91-8389-428b-a610-e54541adfbc8,Tony Vale,47,56.17,23,60.00,Carry Optics,B,A153735,MINOR,,78.0045,73.0253,3.4514,22.02,14,,8,2,2,,,,
3630a0b6-0b4e-4bd9-ad22-f46c4b3c42d8,GPS USPSA June 2024,2024-06-23,6,Bay 9,cd2b4e91-8389-428b-a610-e54541adfbc8,Abraham Estrada,48,55.57,24,59.36,Carry Optics,U,a156169,MINOR,,77.1728,72.2467,3.4146,30.75,20,,5,,1,,,,
3630a0b6-0b4e-4bd9-ad22-f46c4b3c42d8,GPS USPSA June 2024,2024-06-23,6,Bay 9,cd2b4e91-8389-428b-a610-e54541adfbc8,Devin Yolo,49,55.41,4,60.95,PCC,B,A112987,MINOR,,79.2297,72.0330,3.4045,29.96,13,,12,1,,,,,
3630a0b6-0b4e-4bd9-ad22-f46c4b3c42d8,GPS USPSA June 2024,2024-06-23,6,Bay 9,cd2b4e91-8389-428b-a610-e54541adfbc8,Marlon Poralan,50,54.82,9,54.82,Open,X,TY1234,MAJOR,Law Enforcement,71.2607,71.2607,3.3680,32.66,20,,5,,1,,,,
3630a0b6-0b4e-4bd9-ad22-f46c4b3c42d8,GPS USPSA June 2024,2024-06-23,6,Bay 9,cd2b4e91-8389-428b-a610-e54541adfbc8,Jason Wells,51,54.04,1,100.00,Single Stack,A,L5218,MAJOR,,130.0000,70.2536,3.3204,33.43,21,,4,,1,,,,
3630a0b6-0b4e-4bd9-ad22-f46c4b3c42d8,GPS USPSA June 2024,2024-06-23,6,Bay 9,cd2b4e91-8389-428b-a610-e54541adfbc8,Pocholo Dimayuga,52,53.48,13,55.25,Limited Optics,U,A106236,MINOR,,71.8288,69.5257,3.2860,26.78,19,,4,1,2,,,,
3630a0b6-0b4e-4bd9-ad22-f46c4b3c42d8,GPS USPSA June 2024,2024-06-23,6,Bay 9,cd2b4e91-8389-428b-a610-e54541adfbc8,Larry Shaw,53,52.28,14,54.01,Limited Optics,U,A153831,MINOR,,70.2156,67.9643,3.2122,30.82,18,,6,1,1,,,,
3630a0b6-0b4e-4bd9-ad22-f46c4b3c42d8,GPS USPSA June 2024,2024-06-23,6,Bay 9,cd2b4e91-8389-428b-a610-e54541adfbc8,Parish Saculles,54,49.11,5,54.02,PCC,U,L5316,MINOR,,70.2234,63.8448,3.0175,28.50,22,,2,,2,,,1,
3630a0b6-0b4e-4bd9-ad22-f46c4b3c42d8,GPS USPSA June 2024,2024-06-23,6,Bay 9,cd2b4e91-8389-428b-a610-e54541adfbc8,Jennifer Kleiber-Boatcallie,55,48.12,6,52.92,PCC,C,A142192,MINOR,Lady,68.7992,62.5499,2.9563,36.87,23,,1,1,1,,,,
3630a0b6-0b4e-4bd9-ad22-f46c4b3c42d8,GPS USPSA June 2024,2024-06-23,6,Bay 9,cd2b4e91-8389-428b-a610-e54541adfbc8,Matthew Givens,56,46.07,2,85.24,Single Stack,C,Ty137686,MINOR,,110.8156,59.8861,2.8304,36.39,20,,4,1,1,,,,
3630a0b6-0b4e-4bd9-ad22-f46c4b3c42d8,GPS USPSA June 2024,2024-06-23,6,Bay 9,cd2b4e91-8389-428b-a610-e54541adfbc8,Amber Chike-Udenze,57,45.44,25,48.54,Carry Optics,C,A138974,MINOR,Lady,63.1015,59.0736,2.7920,39.04,22,,3,,1,,,,
3630a0b6-0b4e-4bd9-ad22-f46c4b3c42d8,GPS USPSA June 2024,2024-06-23,6,Bay 9,cd2b4e91-8389-428b-a610-e54541adfbc8,Patrick Mccombs,58,45.23,26,48.31,Carry Optics,C,A157503,MINOR,,62.8077,58.7985,2.7790,22.67,17,,6,,3,,,1,
3630a0b6-0b4e-4bd9-ad22-f46c4b3c42d8,GPS USPSA June 2024,2024-06-23,6,Bay 9,cd2b4e91-8389-428b-a610-e54541adfbc8,Waltz Noguerra,59,44.52,27,47.56,Carry Optics,C,A137731,MINOR,,61.8246,57.8782,2.7355,32.17,19,,4,1,2,,,,
3630a0b6-0b4e-4bd9-ad22-f46c4b3c42d8,GPS USPSA June 2024,2024-06-23,6,Bay 9,cd2b4e91-8389-428b-a610-e54541adfbc8,Robin Chen,60,44.33,28,47.35,Carry Optics,C,A152878,MINOR,Lady; Law Enforcement,61.5534,57.6243,2.7235,36.35,18,,6,1,1,,,,
3630a0b6-0b4e-4bd9-ad22-f46c4b3c42d8,GPS USPSA June 2024,2024-06-23,6,Bay 9,cd2b4e91-8389-428b-a610-e54541adfbc8,Yulmer Carreno,61,43.81,29,46.80,Carry Optics,U,A157204,MINOR,,60.8414,56.9578,2.6920,32.69,18,,6,,2,,,,
3630a0b6-0b4e-4bd9-ad22-f46c4b3c42d8,GPS USPSA June 2024,2024-06-23,6,Bay 9,cd2b4e91-8389-428b-a610-e54541adfbc8,Michael Qian,62,43.81,15,45.26,Limited Optics,C,A150939,MINOR,,58.8379,56.9514,2.6917,27.12,22,,1,,3,,,1,
3630a0b6-0b4e-4bd9-ad22-f46c4b3c42d8,GPS USPSA June 2024,2024-06-23,6,Bay 9,cd2b4e91-8389-428b-a610-e54541adfbc8,Abrahan Figueroa,63,42.60,10,42.60,Open,C,TY54053,MAJOR,Senior,55.3752,55.3752,2.6172,27.51,16,,4,3,3,,,,
3630a0b6-0b4e-4bd9-ad22-f46c4b3c42d8,GPS USPSA June 2024,2024-06-23,6,Bay 9,cd2b4e91-8389-428b-a610-e54541adfbc8,Virak Meas,64,41.25,16,42.62,Limited Optics,U,O,MINOR,Senior,55.4061,53.6296,2.5347,28.80,17,,6,,3,,,,
3630a0b6-0b4e-4bd9-ad22-f46c4b3c42d8,GPS USPSA June 2024,2024-06-23,6,Bay 9,cd2b4e91-8389-428b-a610-e54541adfbc8,Dan Schreiber,65,40.50,17,41.84,Limited Optics,C,A147899,MINOR,Super Senior,54.3896,52.6457,2.4882,38.18,20,,5,,1,,,1,
3630a0b6-0b4e-4bd9-ad22-f46c4b3c42d8,GPS USPSA June 2024,2024-06-23,6,Bay 9,cd2b4e91-8389-428b-a610-e54541adfbc8,Gary Wu,66,40.45,30,43.21,Carry Optics,B,L2998,MINOR,Senior,56.1721,52.5865,2.4854,25.75,19,,3,,4,,,,
3630a0b6-0b4e-4bd9-ad22-f46c4b3c42d8,GPS USPSA June 2024,2024-06-23,6,Bay 9,cd2b4e91-8389-428b-a610-e54541adfbc8,Teddy Elarmo,67,40.15,18,41.48,Limited Optics,,A142885,MAJOR,,53.9197,52.1908,2.4667,50.27,22,,3,1,,,,,
3630a0b6-0b4e-4bd9-ad22-f46c4b3c42d8,GPS USPSA June 2024,2024-06-23,6,Bay 9,cd2b4e91-8389-428b-a610-e54541adfbc8,Sydney Holland,68,37.52,19,38.76,Limited Optics,U,,MAJOR,Lady,50.3851,48.7696,2.3050,56.40,26,,,,,,,,
3630a0b6-0b4e-4bd9-ad22-f46c4b3c42d8,GPS USPSA June 2024,2024-06-23,6,Bay 9,cd2b4e91-8389-428b-a610-e54541adfbc8,Marissa Maxim,69,37.10,31,39.62,Carry Optics,C,A150790,MINOR,Lady,51.5118,48.2237,2.2792,38.61,19,,4,1,2,,,,
3630a0b6-0b4e-4bd9-ad22-f46c4b3c42d8,GPS USPSA June 2024,2024-06-23,6,Bay 9,cd2b4e91-8389-428b-a610-e54541adfbc8,Andrew Philip,70,36.50,20,37.71,Limited Optics,C,A153653,MINOR,,49.0211,47.4493,2.2426,31.66,21,,2,,3,,,1,
3630a0b6-0b4e-4bd9-ad22-f46c4b3c42d8,GPS USPSA June 2024,2024-06-23,6,Bay 9,cd2b4e91-8389-428b-a610-e54541adfbc8,JR Roberts,71,35.89,3,66.41,Single Stack,C,TY102739,MAJOR,,86.3378,46.6580,2.2052,54.87,19,,6,1,,,,,
3630a0b6-0b4e-4bd9-ad22-f46c4b3c42d8,GPS USPSA June 2024,2024-06-23,6,Bay 9,cd2b4e91-8389-428b-a610-e54541adfbc8,Alex Nguyen,72,33.87,7,37.25,PCC,C,A151003,MINOR,,48.4268,44.0280,2.0809,33.64,16,,6,2,2,,,1,
3630a0b6-0b4e-4bd9-ad22-f46c4b3c42d8,GPS USPSA June 2024,2024-06-23,6,Bay 9,cd2b4e91-8389-428b-a610-e54541adfbc8,Hayden Adamson,73,32.62,21,33.70,Limited Optics,U,A142273,MINOR,,43.8099,42.4052,2.0042,28.44,16,,5,2,3,,,1,
3630a0b6-0b4e-4bd9-ad22-f46c4b3c42d8,GPS USPSA June 2024,2024-06-23,6,Bay 9,cd2b4e91-8389-428b-a610-e54541adfbc8,Doug Joder,74,30.96,8,34.05,PCC,B,TY115020,MINOR,,44.2634,40.2428,1.9020,27.34,18,,4,,4,,,1,
3630a0b6-0b4e-4bd9-ad22-f46c4b3c42d8,GPS USPSA June 2024,2024-06-23,6,Bay 9,cd2b4e91-8389-428b-a610-e54541adfbc8,George Zhou,75,28.75,9,31.63,PCC,C,A146179,MINOR,,41.1147,37.3801,1.7667,27.17,16,,6,,4,,,1,
3630a0b6-0b4e-4bd9-ad22-f46c4b3c42d8,GPS USPSA June 2024,2024-06-23,6,Bay 9,cd2b4e91-8389-428b-a610-e54541adfbc8,sharif boatner,76,19.64,32,20.98,Carry Optics,U,A154865,MINOR,,27.2769,25.5358,1.2069,34.80,18,,4,,4,,,2,
3630a0b6-0b4e-4bd9-ad22-f46c4b3c42d8,GPS USPSA June 2024,2024-06-23,6,Bay 9,cd2b4e91-8389-428b-a610-e54541adfbc8,Robbie Boettcher,77,19.02,4,35.19,Single Stack,B,L5829,MAJOR,,45.7451,24.7212,1.1684,29.10,18,,3,1,4,,1,2,
3630a0b6-0b4e-4bd9-ad22-f46c4b3c42d8,GPS USPSA June 2024,2024-06-23,7,Bay 10: Deja Vu All Over Again,f23648af-5862-44a6-8135-6d7847da1720,Brandon Foss,1,100.00,1,100.00,Carry Optics,M,L5142,MINOR,,60.0000,60.0000,9.8139,5.91,11,,1,,,,,,
3630a0b6-0b4e-4bd9-ad22-f46c4b3c42d8,GPS USPSA June 2024,2024-06-23,7,Bay 10: Deja Vu All Over Again,f23648af-5862-44a6-8135-6d7847da1720,Khoi Nguyen,2,97.98,1,100.00,PCC,G,L6304,MINOR,,60.0000,58.7864,9.6154,6.24,12,,,,,,,,
3630a0b6-0b4e-4bd9-ad22-f46c4b3c42d8,GPS USPSA June 2024,2024-06-23,7,Bay 10: Deja Vu All Over Again,f23648af-5862-44a6-8135-6d7847da1720,Garrick Gonzalez,3,96.73,1,100.00,Open,U,A119804,MAJOR,,60.0000,58.0356,9.4926,6.11,10,,2,,,,,,
3630a0b6-0b4e-4bd9-ad22-f46c4b3c42d8,GPS USPSA June 2024,2024-06-23,7,Bay 10: Deja Vu All Over Again,f23648af-5862-44a6-8135-6d7847da1720,Travis McKenzie,4,94.56,1,100.00,Limited Optics,M,L6340,MINOR,,60.0000,56.7359,9.2800,6.25,11,,1,,,,,,
3630a0b6-0b4e-4bd9-ad22-f46c4b3c42d8,GPS USPSA June 2024,2024-06-23,7,Bay 10: Deja Vu All Over Again,f23648af-5862-44a6-8135-6d7847da1720,Jose Onia,5,94.56,2,100.00,Limited Optics,C,0,MINOR,,60.0000,56.7359,9.2800,6.25,11,,1,,,,,,
3630a0b6-0b4e-4bd9-ad22-f46c4b3c42d8,GPS USPSA June 2024,2024-06-23,7,Bay 10: Deja Vu All Over Again,f23648af-5862-44a6-8135-6d7847da1720,August Balagtas,6,90.09,2,93.14,Open,M,L3674,MAJOR,,55.8846,54.0550,8.8415,6.56,10,,2,,,,,,
3630a0b6-0b4e-4bd9-ad22-f46c4b3c42d8,GPS USPSA June 2024,2024-06-23,7,Bay 10: Deja Vu All Over Again,f23648af-5862-44a6-8135-6d7847da1720,Chez Chike-Udenze,7,89.38,3,92.41,Open,A,A138598,MAJOR,,55.4447,53.6294,8.7719,6.84,12,,,,,,,,
3630a0b6-0b4e-4bd9-ad22-f46c4b3c42d8,GPS USPSA June 2024,2024-06-23,7,Bay 10: Deja Vu All Over Again,f23648af-5862-44a6-8135-6d7847da1720,Jim Havens,8,89.05,3,94.18,Limited Optics,M,TY114636,MINOR,Senior,56.5054,53.4314,8.7395,5.95,8,,4,,,,,,
3630a0b6-0b4e-4bd9-ad22-f46c4b3c42d8,GPS USPSA June 2024,2024-06-23,7,Bay 10: Deja Vu All Over Again,f23648af-5862-44a6-8135-6d7847da1720,Taylor Snodgrass,9,88.75,4,91.75,Open,U,A159149,MINOR,,55.0515,53.2492,8.7097,6.20,9,,3,,,,,,
3630a0b6-0b4e-4bd9-ad22-f46c4b3c42d8,GPS USPSA June 2024,2024-06-23,7,Bay 10: Deja Vu All Over Again,f23648af-5862-44a6-8135-6d7847da1720,CHAN WILLIAM,10,85.97,4,90.92,Limited Optics,B,0,MINOR,,54.5528,51.5850,8.4375,6.40,10,,1,1,,,,,
3630a0b6-0b4e-4bd9-ad22-f46c4b3c42d8,GPS USPSA June 2024,2024-06-23,7,Bay 10: Deja Vu All Over Again,f23648af-5862-44a6-8135-6d7847da1720,Joseph White,11,83.50,2,83.50,Carry Optics,B,A135489,MINOR,Law Enforcement,50.0975,50.0975,8.1942,6.59,9,,3,,,,,,
3630a0b6-0b4e-4bd9-ad22-f46c4b3c42d8,GPS USPSA June 2024,2024-06-23,7,Bay 10: Deja Vu All Over Again,f23648af-5862-44a6-8135-6d7847da1720,George Zhou,12,81.41,2,83.09,PCC,C,A146179,MINOR,,49.8532,48.8448,7.9893,7.51,12,,,,,,,,
3630a0b6-0b4e-4bd9-ad22-f46c4b3c42d8,GPS USPSA June 2024,2024-06-23,7,Bay 10: Deja Vu All Over Again,f23648af-5862-44a6-8135-6d7847da1720,Matthew Gonzalez,13,80.55,3,80.55,Carry Optics,X,A119810,MINOR,,48.3300,48.3300,7.9051,7.59,12,,,,,,,,
3630a0b6-0b4e-4bd9-ad22-f46c4b3c42d8,GPS USPSA June 2024,2024-06-23,7,Bay 10: Deja Vu All Over Again,f23648af-5862-44a6-8135-6d7847da1720,Christopher Boatcallie,14,78.92,3,80.55,PCC,B,A104118,MINOR,,48.3318,47.3543,7.7455,7.23,10,,2,,,,,,
3630a0b6-0b4e-4bd9-ad22-f46c4b3c42d8,GPS USPSA June 2024,2024-06-23,7,Bay 10: Deja Vu All Over Again,f23648af-5862-44a6-8135-6d7847da1720,Mike Junco,15,77.21,5,81.66,Limited Optics,A,TY34819,MINOR,Senior; Law Enforcement,48.9944,46.3290,7.5778,7.39,10,,2,,,,,,
3630a0b6-0b4e-4bd9-ad22-f46c4b3c42d8,GPS USPSA June 2024,2024-06-23,7,Bay 10: Deja Vu All Over Again,f23648af-5862-44a6-8135-6d7847da1720,Craig Bellamy,16,75.37,4,75.37,Carry Optics,M,TY54824,MINOR,Law Enforcement,45.2199,45.2199,7.3964,6.76,8,,3,1,,,,,
3630a0b6-0b4e-4bd9-ad22-f46c4b3c42d8,GPS USPSA June 2024,2024-06-23,7,Bay 10: Deja Vu All Over Again,f23648af-5862-44a6-8135-6d7847da1720,Tyler Kenny,17,75.08,5,75.08,Carry Optics,A,A148691,MINOR,,45.0488,45.0488,7.3684,7.60,10,,2,,,,,,
3630a0b6-0b4e-4bd9-ad22-f46c4b3c42d8,GPS USPSA June 2024,2024-06-23,7,Bay 10: Deja Vu All Over Again,f23648af-5862-44a6-8135-6d7847da1720,Patrick Mccombs,18,74.49,6,74.49,Carry Optics,C,A157503,MINOR,,44.6960,44.6960,7.3107,7.66,10,,2,,,,,,
3630a0b6-0b4e-4bd9-ad22-f46c4b3c42d8,GPS USPSA June 2024,2024-06-23,7,Bay 10: Deja Vu All Over Again,f23648af-5862-44a6-8135-6d7847da1720,Parish Saculles,19,74.34,4,75.87,PCC,U,L5316,MINOR,,45.5245,44.6037,7.2956,7.95,11,,1,,,,,,
3630a0b6-0b4e-4bd9-ad22-f46c4b3c42d8,GPS USPSA June 2024,2024-06-23,7,Bay 10: Deja Vu All Over Again,f23648af-5862-44a6-8135-6d7847da1720,Christian Canizales,20,74.30,7,74.30,Carry Optics,A,TY150265,MINOR,,44.5798,44.5798,7.2917,7.68,10,,2,,,,,,
3630a0b6-0b4e-4bd9-ad22-f46c4b3c42d8,GPS USPSA June 2024,2024-06-23,7,Bay 10: Deja Vu All Over Again,f23648af-5862-44a6-8135-6d7847da1720,Devin Yolo,21,74.01,5,75.54,PCC,B,A112987,MINOR,,45.3229,44.4062,7.2633,7.71,10,,2,,,,,,
3630a0b6-0b4e-4bd9-ad22-f46c4b3c42d8,GPS USPSA June 2024,2024-06-23,7,Bay 10: Deja Vu All Over Again,f23648af-5862-44a6-8135-6d7847da1720,JC Aguinaldo,22,73.72,8,73.72,Carry Optics,C,0,MINOR,,44.2338,44.2338,7.2351,7.74,10,,2,,,,,,
3630a0b6-0b4e-4bd9-ad22-f46c4b3c42d8,GPS USPSA June 2024,2024-06-23,7,Bay 10: Deja Vu All Over Again,f23648af-5862-44a6-8135-6d7847da1720,Andy Chen,23,73.66,6,77.90,Limited Optics,A,A86721,MINOR,,46.7386,44.1959,7.2289,7.47,9,,3,,,,,,
3630a0b6-0b4e-4bd9-ad22-f46c4b3c42d8,GPS USPSA June 2024,2024-06-23,7,Bay 10: Deja Vu All Over Again,f23648af-5862-44a6-8135-6d7847da1720,Dean Harnboonzong,24,72.59,9,72.59,Carry Optics,U,A157835,MINOR,,43.5546,43.5546,7.1240,7.58,9,,3,,,,,,
3630a0b6-0b4e-4bd9-ad22-f46c4b3c42d8,GPS USPSA June 2024,2024-06-23,7,Bay 10: Deja Vu All Over Again,f23648af-5862-44a6-8135-6d7847da1720,Khoa Nguyen,25,72.46,7,76.63,Limited Optics,A,A117224,MINOR,Law Enforcement,45.9769,43.4757,7.1111,6.75,6,,6,,,,,,
3630a0b6-0b4e-4bd9-ad22-f46c4b3c42d8,GPS USPSA June 2024,2024-06-23,7,Bay 10: Deja Vu All Over Again,f23648af-5862-44a6-8135-6d7847da1720,Hayden Adamson,26,71.27,8,75.38,Limited Optics,U,A142273,MINOR,,45.2250,42.7647,6.9948,7.72,9,,3,,,,,,
3630a0b6-0b4e-4bd9-ad22-f46c4b3c42d8,GPS USPSA June 2024,2024-06-23,7,Bay 10: Deja Vu All Over Again,f23648af-5862-44a6-8135-6d7847da1720,Roman Gwiscz,27,71.03,10,71.03,Carry Optics,A,L4670,MINOR,,42.6161,42.6161,6.9705,7.46,9,,2,1,,,,,
3630a0b6-0b4e-4bd9-ad22-f46c4b3c42d8,GPS USPSA June 2024,2024-06-23,7,Bay 10: Deja Vu All Over Again,f23648af-5862-44a6-8135-6d7847da1720,Carlos Escandon,28,69.99,9,74.02,Limited Optics,B,L2590,MINOR,Super Senior,44.4129,41.9968,6.8692,7.57,9,,2,1,,,,,
3630a0b6-0b4e-4bd9-ad22-f46c4b3c42d8,GPS USPSA June 2024,2024-06-23,7,Bay 10: Deja Vu All Over Again,f23648af-5862-44a6-8135-6d7847da1720,Eric Huh,29,69.84,5,72.21,Open,U,A143520,MINOR,,43.3241,41.9057,6.8543,8.17,10,,2,,,,,,
3630a0b6-0b4e-4bd9-ad22-f46c4b3c42d8,GPS USPSA June 2024,2024-06-23,7,Bay 10: Deja Vu All Over Again,f23648af-5862-44a6-8135-6d7847da1720,Ryan Alicaya,30,68.95,10,72.92,Limited Optics,D,0,MINOR,,43.7515,41.3713,6.7669,7.98,9,,3,,,,,,
3630a0b6-0b4e-4bd9-ad22-f46c4b3c42d8,GPS USPSA June 2024,2024-06-23,7,Bay 10: Deja Vu All Over Again,f23648af-5862-44a6-8135-6d7847da1720,Alex Nguyen,31,67.78,6,69.18,PCC,C,A151003,MINOR,,41.5078,40.6682,6.6519,9.02,12,,,,,,,,
3630a0b6-0b4e-4bd9-ad22-f46c4b3c42d8,GPS USPSA June 2024,2024-06-23,7,Bay 10: Deja Vu All Over Again,f23648af-5862-44a6-8135-6d7847da1720,Abraham Estrada,32,67.58,11,67.58,Carry Optics,U,a156169,MINOR,,40.5509,40.5509,6.6327,7.84,8,,4,,,,,,
3630a0b6-0b4e-4bd9-ad22-f46c4b3c42d8,GPS USPSA June 2024,2024-06-23,7,Bay 10: Deja Vu All Over Again,f23648af-5862-44a6-8135-6d7847da1720,Roger Feng,33,67.50,12,67.50,Carry Optics,B,A157776,MINOR,,40.4989,40.4989,6.6242,7.85,9,,2,1,,,,,
3630a0b6-0b4e-4bd9-ad22-f46c4b3c42d8,GPS USPSA June 2024,2024-06-23,7,Bay 10: Deja Vu All Over Again,f23648af-5862-44a6-8135-6d7847da1720,Abe Valdez,34,67.37,13,67.37,Carry Optics,B,,MINOR,,40.4219,40.4219,6.6116,8.47,10,,2,,,,,,
3630a0b6-0b4e-4bd9-ad22-f46c4b3c42d8,GPS USPSA June 2024,2024-06-23,7,Bay 10: Deja Vu All Over Again,f23648af-5862-44a6-8135-6d7847da1720,Paul Felker,35,67.01,14,67.01,Carry Optics,M,Ty107123,MINOR,,40.2042,40.2042,6.5760,8.82,11,,1,,,,,,
3630a0b6-0b4e-4bd9-ad22-f46c4b3c42d8,GPS USPSA June 2024,2024-06-23,7,Bay 10: Deja Vu All Over Again,f23648af-5862-44a6-8135-6d7847da1720,Michael Pontious,36,66.09,6,68.32,Open,B,fy94575,MAJOR,Senior,40.9949,39.6527,6.4858,8.48,7,,5,,,,,,
3630a0b6-0b4e-4bd9-ad22-f46c4b3c42d8,GPS USPSA June 2024,2024-06-23,7,Bay 10: Deja Vu All Over Again,f23648af-5862-44a6-8135-6d7847da1720,Virak Meas,37,65.90,11,69.70,Limited Optics,U,O,MINOR,Senior,41.8170,39.5421,6.4677,8.04,9,,2,1,,,,,
3630a0b6-0b4e-4bd9-ad22-f46c4b3c42d8,GPS USPSA June 2024,2024-06-23,7,Bay 10: Deja Vu All Over Again,f23648af-5862-44a6-8135-6d7847da1720,Marlon Poralan,38,65.89,7,68.12,Open,X,TY1234,MAJOR,Law Enforcement,40.8729,39.5347,6.4665,8.66,8,,4,,,,,,
3630a0b6-0b4e-4bd9-ad22-f46c4b3c42d8,GPS USPSA June 2024,2024-06-23,7,Bay 10: Deja Vu All Over Again,f23648af-5862-44a6-8135-6d7847da1720,Sean Frederick,39,65.59,15,65.59,Carry Optics,C,A149482,MINOR,,39.3532,39.3532,6.4368,8.70,10,,2,,,,,,
3630a0b6-0b4e-4bd9-ad22-f46c4b3c42d8,GPS USPSA June 2024,2024-06-23,7,Bay 10: Deja Vu All Over Again,f23648af-5862-44a6-8135-6d7847da1720,Mike Benitez,40,65.45,12,69.21,Limited Optics,U,,MINOR,,41.5280,39.2688,6.4230,9.03,11,,1,,,,,,
3630a0b6-0b4e-4bd9-ad22-f46c4b3c42d8,GPS USPSA June 2024,2024-06-23,7,Bay 10: Deja Vu All Over Again,f23648af-5862-44a6-8135-6d7847da1720,Gil Yolo,41,64.56,16,64.56,Carry Optics,M,L5228,MINOR,,38.7375,38.7375,6.3361,7.26,7,,3,2,,,,,
3630a0b6-0b4e-4bd9-ad22-f46c4b3c42d8,GPS USPSA June 2024,2024-06-23,7,Bay 10: Deja Vu All Over Again,f23648af-5862-44a6-8135-6d7847da1720,Lee Cardwell,42,64.21,17,64.21,Carry Optics,B,A155173,MINOR,,38.5235,38.5235,6.3011,8.57,10,,1,1,,,,,
3630a0b6-0b4e-4bd9-ad22-f46c4b3c42d8,GPS USPSA June 2024,2024-06-23,7,Bay 10: Deja Vu All Over Again,f23648af-5862-44a6-8135-6d7847da1720,Matthew Lem,43,64.15,18,64.15,Carry Optics,M,A34763,MINOR,Senior; Law Enforcement,38.4887,38.4887,6.2954,8.26,9,,2,1,,,,,
3630a0b6-0b4e-4bd9-ad22-f46c4b3c42d8,GPS USPSA June 2024,2024-06-23,7,Bay 10: Deja Vu All Over Again,f23648af-5862-44a6-8135-6d7847da1720,David Zhang,44,64.15,13,67.84,Limited Optics,C,FY140383,MINOR,Foreign,40.7030,38.4887,6.2954,8.26,8,,4,,,,,,
3630a0b6-0b4e-4bd9-ad22-f46c4b3c42d8,GPS USPSA June 2024,2024-06-23,7,Bay 10: Deja Vu All Over Again,f23648af-5862-44a6-8135-6d7847da1720,Doug Joder,45,63.40,7,64.71,PCC,B,TY115020,MINOR,,38.8265,38.0411,6.2222,9.00,10,,2,,,,,,
3630a0b6-0b4e-4bd9-ad22-f46c4b3c42d8,GPS USPSA June 2024,2024-06-23,7,Bay 10: Deja Vu All Over Again,f23648af-5862-44a6-8135-6d7847da1720,Waltz Noguerra,46,62.98,19,62.98,Carry Optics,C,A137731,MINOR,,37.7893,37.7893,6.1810,9.06,10,,2,,,,,,
3630a0b6-0b4e-4bd9-ad22-f46c4b3c42d8,GPS USPSA June 2024,2024-06-23,7,Bay 10: Deja Vu All Over Again,f23648af-5862-44a6-8135-6d7847da1720,Abrahan Figueroa,47,62.66,8,64.78,Open,C,TY54053,MAJOR,Senior,38.8654,37.5930,6.1489,9.27,9,,3,,,,,,
3630a0b6-0b4e-4bd9-ad22-f46c4b3c42d8,GPS USPSA June 2024,2024-06-23,7,Bay 10: Deja Vu All Over Again,f23648af-5862-44a6-8135-6d7847da1720,Arnold Gee,48,61.69,14,65.24,Limited Optics,U,A103519,MINOR,Senior,39.1429,37.0134,6.0541,9.25,10,,2,,,,,,
3630a0b6-0b4e-4bd9-ad22-f46c4b3c42d8,GPS USPSA June 2024,2024-06-23,7,Bay 10: Deja Vu All Over Again,f23648af-5862-44a6-8135-6d7847da1720,Pat Byrne,49,61.31,20,61.31,Carry Optics,B,Ty93921,MINOR,Super Senior,36.7842,36.7842,6.0166,9.64,11,,1,,,,,,
3630a0b6-0b4e-4bd9-ad22-f46c4b3c42d8,GPS USPSA June 2024,2024-06-23,7,Bay 10: Deja Vu All Over Again,f23648af-5862-44a6-8135-6d7847da1720,Pocholo Dimayuga,50,61.05,15,64.57,Limited Optics,U,A106236,MINOR,,38.7394,36.6319,5.9917,9.68,11,,1,,,,,,
3630a0b6-0b4e-4bd9-ad22-f46c4b3c42d8,GPS USPSA June 2024,2024-06-23,7,Bay 10: Deja Vu All Over Again,f23648af-5862-44a6-8135-6d7847da1720,Steven McNamara,51,61.03,9,63.10,Open,B,A75212,MAJOR,Senior,37.8598,36.6203,5.9898,9.85,11,,1,,,,,,
3630a0b6-0b4e-4bd9-ad22-f46c4b3c42d8,GPS USPSA June 2024,2024-06-23,7,Bay 10: Deja Vu All Over Again,f23648af-5862-44a6-8135-6d7847da1720,Gary Wu,52,59.40,21,59.40,Carry Optics,B,L2998,MINOR,Senior,35.6409,35.6409,5.8296,8.92,8,,4,,,,,,
3630a0b6-0b4e-4bd9-ad22-f46c4b3c42d8,GPS USPSA June 2024,2024-06-23,7,Bay 10: Deja Vu All Over Again,f23648af-5862-44a6-8135-6d7847da1720,Jennifer Kleiber-Boatcallie,53,59.30,8,60.52,PCC,C,A142192,MINOR,Lady,36.3142,35.5797,5.8196,10.31,12,,,,,,,,
3630a0b6-0b4e-4bd9-ad22-f46c4b3c42d8,GPS USPSA June 2024,2024-06-23,7,Bay 10: Deja Vu All Over Again,f23648af-5862-44a6-8135-6d7847da1720,Wade Pruetz,54,59.22,10,61.22,Open,A,Ty79055,MAJOR,Senior,36.7335,35.5308,5.8116,9.98,10,,2,,,,,,
3630a0b6-0b4e-4bd9-ad22-f46c4b3c42d8,GPS USPSA June 2024,2024-06-23,7,Bay 10: Deja Vu All Over Again,f23648af-5862-44a6-8135-6d7847da1720,Michael Qian,55,59.07,16,62.47,Limited Optics,C,A150939,MINOR,,37.4813,35.4422,5.7971,10.35,12,,,,,,,,
3630a0b6-0b4e-4bd9-ad22-f46c4b3c42d8,GPS USPSA June 2024,2024-06-23,7,Bay 10: Deja Vu All Over Again,f23648af-5862-44a6-8135-6d7847da1720,Osmund Saddler,56,58.85,1,100.00,Limited,B,TY123776,MINOR,,60.0000,35.3095,5.7754,9.35,9,,3,,,,,,
3630a0b6-0b4e-4bd9-ad22-f46c4b3c42d8,GPS USPSA June 2024,2024-06-23,7,Bay 10: Deja Vu All Over Again,f23648af-5862-44a6-8135-6d7847da1720,Matthew Givens,57,57.52,1,100.00,Single Stack,C,Ty137686,MINOR,,60.0000,34.5135,5.6452,9.92,10,,2,,,,,,
3630a0b6-0b4e-4bd9-ad22-f46c4b3c42d8,GPS USPSA June 2024,2024-06-23,7,Bay 10: Deja Vu All Over Again,f23648af-5862-44a6-8135-6d7847da1720,Jun Wu,58,57.26,9,58.44,PCC,B,A104927,MINOR,,35.0650,34.3558,5.6194,7.83,9,,3,,,,,1,
3630a0b6-0b4e-4bd9-ad22-f46c4b3c42d8,GPS USPSA June 2024,2024-06-23,7,Bay 10: Deja Vu All Over Again,f23648af-5862-44a6-8135-6d7847da1720,Marissa Maxim,59,55.97,22,55.97,Carry Optics,C,A150790,MINOR,Lady,33.5793,33.5793,5.4924,10.56,11,,1,,,,,,
3630a0b6-0b4e-4bd9-ad22-f46c4b3c42d8,GPS USPSA June 2024,2024-06-23,7,Bay 10: Deja Vu All Over Again,f23648af-5862-44a6-8135-6d7847da1720,Andrew Philip,60,53.78,17,56.87,Limited Optics,C,A153653,MINOR,,34.1218,32.2655,5.2775,10.99,11,,1,,,,,,
3630a0b6-0b4e-4bd9-ad22-f46c4b3c42d8,GPS USPSA June 2024,2024-06-23,7,Bay 10: Deja Vu All Over Again,f23648af-5862-44a6-8135-6d7847da1720,Amber Chike-Udenze,61,53.53,23,53.53,Carry Optics,C,A138974,MINOR,Lady,32.1193,32.1193,5.2536,11.04,11,,1,,,,,,
3630a0b6-0b4e-4bd9-ad22-f46c4b3c42d8,GPS USPSA June 2024,2024-06-23,7,Bay 10: Deja Vu All Over Again,f23648af-5862-44a6-8135-6d7847da1720,Yulmer Carreno,62,53.48,24,53.48,Carry Optics,U,A157204,MINOR,,32.0875,32.0875,5.2484,10.67,10,,2,,,,,,
3630a0b6-0b4e-4bd9-ad22-f46c4b3c42d8,GPS USPSA June 2024,2024-06-23,7,Bay 10: Deja Vu All Over Again,f23648af-5862-44a6-8135-6d7847da1720,Benjamin Michael,63,50.86,25,50.86,Carry Optics,C,L5472,MINOR,,30.5145,30.5145,4.9911,11.22,10,,2,,,,,,
3630a0b6-0b4e-4bd9-ad22-f46c4b3c42d8,GPS USPSA June 2024,2024-06-23,7,Bay 10: Deja Vu All Over Again,f23648af-5862-44a6-8135-6d7847da1720,Mike Kahl,64,49.68,26,49.68,Carry Optics,A,A70984,MINOR,Distinguished Senior,29.8065,29.8065,4.8753,8.82,10,,1,,1,,,,
3630a0b6-0b4e-4bd9-ad22-f46c4b3c42d8,GPS USPSA June 2024,2024-06-23,7,Bay 10: Deja Vu All Over Again,f23648af-5862-44a6-8135-6d7847da1720,Robin Chen,65,49.53,27,49.53,Carry Optics,C,A152878,MINOR,Lady; Law Enforcement,29.7197,29.7197,4.8611,11.52,10,,2,,,,,,
3630a0b6-0b4e-4bd9-ad22-f46c4b3c42d8,GPS USPSA June 2024,2024-06-23,7,Bay 10: Deja Vu All Over Again,f23648af-5862-44a6-8135-6d7847da1720,JR Roberts,66,48.80,2,84.84,Single Stack,C,TY102739,MAJOR,,50.9041,29.2813,4.7894,12.11,10,,2,,,,,,
3630a0b6-0b4e-4bd9-ad22-f46c4b3c42d8,GPS USPSA June 2024,2024-06-23,7,Bay 10: Deja Vu All Over Again,f23648af-5862-44a6-8135-6d7847da1720,Teddy Elarmo,67,48.45,18,51.23,Limited Optics,,A142885,MAJOR,,30.7397,29.0673,4.7544,12.62,12,,,,,,,,
3630a0b6-0b4e-4bd9-ad22-f46c4b3c42d8,GPS USPSA June 2024,2024-06-23,7,Bay 10: Deja Vu All Over Again,f23648af-5862-44a6-8135-6d7847da1720,Larry Shaw,68,47.68,19,50.43,Limited Optics,U,A153831,MINOR,,30.2560,28.6100,4.6796,9.83,10,,2,,,,1,,
3630a0b6-0b4e-4bd9-ad22-f46c4b3c42d8,GPS USPSA June 2024,2024-06-23,7,Bay 10: Deja Vu All Over Again,f23648af-5862-44a6-8135-6d7847da1720,Tony Vale,69,43.34,28,43.34,Carry Optics,B,A153735,MINOR,,26.0013,26.0013,4.2529,8.70,7,,4,,1,,,,
3630a0b6-0b4e-4bd9-ad22-f46c4b3c42d8,GPS USPSA June 2024,2024-06-23,7,Bay 10: Deja Vu All Over Again,f23648af-5862-44a6-8135-6d7847da1720,Jason Wells,70,41.46,3,72.08,Single Stack,A,L5218,MAJOR,,43.2484,24.8776,4.0691,8.11,9,,2,,1,,1,,
3630a0b6-0b4e-4bd9-ad22-f46c4b3c42d8,GPS USPSA June 2024,2024-06-23,7,Bay 10: Deja Vu All Over Again,f23648af-5862-44a6-8135-6d7847da1720,Sydney Holland,71,39.47,20,41.74,Limited Optics,U,,MAJOR,Lady,25.0468,23.6842,3.8739,15.23,11,,1,,,,,,
3630a0b6-0b4e-4bd9-ad22-f46c4b3c42d8,GPS USPSA June 2024,2024-06-23,7,Bay 10: Deja Vu All Over Again,f23648af-5862-44a6-8135-6d7847da1720,Albert Legislador,72,39.47,29,39.47,Carry Optics,C,TY91787,MINOR,Senior,23.6799,23.6799,3.8732,8.52,10,,1,,1,,1,,
3630a0b6-0b4e-4bd9-ad22-f46c4b3c42d8,GPS USPSA June 2024,2024-06-23,7,Bay 10: Deja Vu All Over Again,f23648af-5862-44a6-8135-6d7847da1720,Dan Schreiber,73,36.59,21,38.69,Limited Optics,C,A147899,MINOR,Super Senior,23.2157,21.9527,3.5907,16.71,12,,,,,,,,
3630a0b6-0b4e-4bd9-ad22-f46c4b3c42d8,GPS USPSA June 2024,2024-06-23,7,Bay 10: Deja Vu All Over Again,f23648af-5862-44a6-8135-6d7847da1720,Steve Cai,74,32.07,30,32.07,Carry Optics,M,A148273,MINOR,,19.2394,19.2394,3.1469,5.72,9,,1,,2,,1,,
3630a0b6-0b4e-4bd9-ad22-f46c4b3c42d8,GPS USPSA June 2024,2024-06-23,7,Bay 10: Deja Vu All Over Again,f23648af-5862-44a6-8135-6d7847da1720,Robbie Boettcher,75,31.28,4,54.38,Single Stack,B,L5829,MAJOR,,32.6263,18.7675,3.0697,19.22,11,,1,,,,,,
3630a0b6-0b4e-4bd9-ad22-f46c4b3c42d8,GPS USPSA June 2024,2024-06-23,7,Bay 10: Deja Vu All Over Again,f23648af-5862-44a6-8135-6d7847da1720,sharif boatner,76,30.25,31,30.25,Carry Optics,U,A154865,MINOR,,18.1524,18.1524,2.9691,16.84,12,,,,,,1,,
3630a0b6-0b4e-4bd9-ad22-f46c4b3c42d8,GPS USPSA June 2024,2024-06-23,7,Bay 10: Deja Vu All Over Again,f23648af-5862-44a6-8135-6d7847da1720,Heath Helgeson,77,0.00,32,0.00,Carry Optics,B,A149129,MINOR,,0.0000,0.0000,0.0000,0.01,,,,,12,,,4,
