match_id,match_name,match_date,stage_number,stage_name,stage_uuid,shooter_name,shooter_rank_combined,shooter_percent_combined,shooter_rank_division,shooter_percent_division,division,class,member_number,power_factor,categories,stage_points,stage_points_combined,hit_factor,time,A,B,C,D,M,NPM,NS,Proc,Apen,detail_Times
3e88b01c-8b7f-4eba-a18c-cae45223b4b4,Baps USPSA April 2025,2025-04-19,1,Red,2977a172-5092-40dc-9583-4e161bdc5136,Andrew Whitley,1,100.00,1,100.00,Open,A,TY106649,MAJOR,,120.0000,120.0000,9.5506,12.46,23,,1,,,,,,,
3e88b01c-8b7f-4eba-a18c-cae45223b4b4,Baps USPSA April 2025,2025-04-19,1,Red,2977a172-5092-40dc-9583-4e161bdc5136,Matthew Michna,2,94.81,1,100.00,Carry Optics,M,A128405,MINOR,,120.0000,113.7704,9.0548,12.59,21,,3,,,,,,,
3e88b01c-8b7f-4eba-a18c-cae45223b4b4,Baps USPSA April 2025,2025-04-19,1,Red,2977a172-5092-40dc-9583-4e161bdc5136,craig Bellamy,3,94.28,2,99.45,Carry Optics,M,Ty54824,MINOR,Law,119.3360,113.1410,9.0047,12.66,21,,3,,,,,,,
3e88b01c-8b7f-4eba-a18c-cae45223b4b4,Baps USPSA April 2025,2025-04-19,1,Red,2977a172-5092-40dc-9583-4e161bdc5136,Matthew Lem,4,93.18,1,100.00,Limited Optics,A,A34763,MINOR,Senior; Law,120.0000,111.8116,8.8989,13.26,23,,1,,,,,,,
3e88b01c-8b7f-4eba-a18c-cae45223b4b4,Baps USPSA April 2025,2025-04-19,1,Red,2977a172-5092-40dc-9583-4e161bdc5136,jon Baguio,5,93.11,2,93.11,Open,,,MAJOR,,111.7299,111.7299,8.8924,12.82,18,,6,,,,,,,
3e88b01c-8b7f-4eba-a18c-cae45223b4b4,Baps USPSA April 2025,2025-04-19,1,Red,2977a172-5092-40dc-9583-4e161bdc5136,Paul Felker,6,91.65,2,98.36,Limited Optics,A,TY1087123,MINOR,,118.0339,109.9797,8.7531,12.11,17,,7,,,,,,,
3e88b01c-8b7f-4eba-a18c-cae45223b4b4,Baps USPSA April 2025,2025-04-19,1,Red,2977a172-5092-40dc-9583-4e161bdc5136,phyl Santos,7,89.45,3,94.34,Carry Optics,B,A155981,MINOR,,113.2133,107.3361,8.5427,11.94,17,,5,2,,,,,,
3e88b01c-8b7f-4eba-a18c-cae45223b4b4,Baps USPSA April 2025,2025-04-19,1,Red,2977a172-5092-40dc-9583-4e161bdc5136,Phillip Nguyen,8,89.22,3,95.75,Limited Optics,,,MINOR,,114.9027,107.0622,8.5209,12.44,17,,7,,,,,,,
3e88b01c-8b7f-4eba-a18c-cae45223b4b4,Baps USPSA April 2025,2025-04-19,1,Red,2977a172-5092-40dc-9583-4e161bdc5136,Ryan Jaw,9,87.66,3,87.66,Open,U,TY142907,MAJOR,,105.1976,105.1976,8.3725,12.78,15,,7,2,,,,,,
3e88b01c-8b7f-4eba-a18c-cae45223b4b4,Baps USPSA April 2025,2025-04-19,1,Red,2977a172-5092-40dc-9583-4e161bdc5136,jack Liu,10,87.04,1,100.00,PCC,A,L6156,MINOR,Law,120.0000,104.4450,8.3126,12.03,16,,6,2,,,,,,
3e88b01c-8b7f-4eba-a18c-cae45223b4b4,Baps USPSA April 2025,2025-04-19,1,Red,2977a172-5092-40dc-9583-4e161bdc5136,Dywne Mendoza,11,86.62,1,100.00,Production,,,MINOR,,120.0000,103.9461,8.2729,13.78,21,,3,,,,,,,
3e88b01c-8b7f-4eba-a18c-cae45223b4b4,Baps USPSA April 2025,2025-04-19,1,Red,2977a172-5092-40dc-9583-4e161bdc5136,Zachary Ralston,12,86.27,4,92.59,Limited Optics,A,A123081,MINOR,,111.1108,103.5290,8.2397,13.35,19,,5,,,,,,,
3e88b01c-8b7f-4eba-a18c-cae45223b4b4,Baps USPSA April 2025,2025-04-19,1,Red,2977a172-5092-40dc-9583-4e161bdc5136,Kyle Post,13,85.93,2,99.20,Production,M,A74846,MINOR,Law,119.0398,103.1144,8.2067,13.16,19,,4,1,,,,,,
3e88b01c-8b7f-4eba-a18c-cae45223b4b4,Baps USPSA April 2025,2025-04-19,1,Red,2977a172-5092-40dc-9583-4e161bdc5136,Jerry McClain,14,85.35,5,91.60,Limited Optics,C,A48726,MINOR,Law,109.9255,102.4246,8.1518,14.23,22,,2,,,,,,,
3e88b01c-8b7f-4eba-a18c-cae45223b4b4,Baps USPSA April 2025,2025-04-19,1,Red,2977a172-5092-40dc-9583-4e161bdc5136,august Balagtas,15,85.05,4,85.05,Open,M,L3674,MAJOR,,102.0577,102.0577,8.1226,13.05,20,,1,1,,2,,,,
3e88b01c-8b7f-4eba-a18c-cae45223b4b4,Baps USPSA April 2025,2025-04-19,1,Red,2977a172-5092-40dc-9583-4e161bdc5136,paul Torre,16,83.83,4,88.42,Carry Optics,B,A88028,MINOR,Law,106.0993,100.5914,8.0059,13.49,19,,4,1,,,,,,
3e88b01c-8b7f-4eba-a18c-cae45223b4b4,Baps USPSA April 2025,2025-04-19,1,Red,2977a172-5092-40dc-9583-4e161bdc5136,Marlon Cute Poralan,17,83.74,5,83.74,Open,,,MAJOR,,100.4821,100.4821,7.9972,14.38,21,,2,1,,,,,,
3e88b01c-8b7f-4eba-a18c-cae45223b4b4,Baps USPSA April 2025,2025-04-19,1,Red,2977a172-5092-40dc-9583-4e161bdc5136,Phan Tony,18,83.35,5,87.92,Carry Optics,A,TY11963,MINOR,Law,105.5029,100.0260,7.9609,14.32,21,,3,,,,,,,
3e88b01c-8b7f-4eba-a18c-cae45223b4b4,Baps USPSA April 2025,2025-04-19,1,Red,2977a172-5092-40dc-9583-4e161bdc5136,Daniel Alexander,19,82.77,6,88.84,Limited Optics,,,MINOR,,106.6042,99.3299,7.9055,12.27,19,,4,,1,,,,,
3e88b01c-8b7f-4eba-a18c-cae45223b4b4,Baps USPSA April 2025,2025-04-19,1,Red,2977a172-5092-40dc-9583-4e161bdc5136,David Zhang,20,81.20,6,81.20,Open,C,FY140383,MAJOR,,97.4364,97.4364,7.7548,13.54,17,,4,2,,1,,,,
3e88b01c-8b7f-4eba-a18c-cae45223b4b4,Baps USPSA April 2025,2025-04-19,1,Red,2977a172-5092-40dc-9583-4e161bdc5136,Top Dollar,21,79.53,3,91.82,Production,A,,MINOR,,110.1785,95.4386,7.5958,14.35,20,,3,,,1,,,,
3e88b01c-8b7f-4eba-a18c-cae45223b4b4,Baps USPSA April 2025,2025-04-19,1,Red,2977a172-5092-40dc-9583-4e161bdc5136,Ashley Krenek,22,79.32,6,83.67,Carry Optics,B,TY92392,MINOR,Lady,100.3993,95.1873,7.5758,14.52,19,,5,,,,,,,
3e88b01c-8b7f-4eba-a18c-cae45223b4b4,Baps USPSA April 2025,2025-04-19,1,Red,2977a172-5092-40dc-9583-4e161bdc5136,Steven McNamara,23,77.13,7,77.13,Open,B,A75212,MAJOR,Senior,92.5525,92.5525,7.3661,13.44,19,,,2,,3,,,,
3e88b01c-8b7f-4eba-a18c-cae45223b4b4,Baps USPSA April 2025,2025-04-19,1,Red,2977a172-5092-40dc-9583-4e161bdc5136,Mike Junco,24,76.41,7,82.00,Limited Optics,M,A34819,MINOR,Senior; Law,98.4054,91.6906,7.2975,12.47,17,,5,1,1,,,,,
3e88b01c-8b7f-4eba-a18c-cae45223b4b4,Baps USPSA April 2025,2025-04-19,1,Red,2977a172-5092-40dc-9583-4e161bdc5136,Chris Nagala,25,75.12,8,80.62,Limited Optics,B,TY97712,MINOR,,96.7441,90.1426,7.1743,15.89,21,,3,,,,,,,
3e88b01c-8b7f-4eba-a18c-cae45223b4b4,Baps USPSA April 2025,2025-04-19,1,Red,2977a172-5092-40dc-9583-4e161bdc5136,Zuo Yihao,26,74.93,8,74.93,Open,U,A165414,MAJOR,,89.9190,89.9190,7.1565,15.65,16,,8,,,,,,,
3e88b01c-8b7f-4eba-a18c-cae45223b4b4,Baps USPSA April 2025,2025-04-19,1,Red,2977a172-5092-40dc-9583-4e161bdc5136,yanlin Xiang,27,73.54,9,78.93,Limited Optics,C,A164967,MINOR,,94.7160,88.2529,7.0239,13.81,14,,9,,,1,,,,
3e88b01c-8b7f-4eba-a18c-cae45223b4b4,Baps USPSA April 2025,2025-04-19,1,Red,2977a172-5092-40dc-9583-4e161bdc5136,Berrhett Foss,28,73.12,7,77.13,Carry Optics,B,A143624,MINOR,,92.5525,87.7478,6.9837,13.46,13,,9,2,,,,,,
3e88b01c-8b7f-4eba-a18c-cae45223b4b4,Baps USPSA April 2025,2025-04-19,1,Red,2977a172-5092-40dc-9583-4e161bdc5136,Bellamy Karys,29,72.84,10,78.17,Limited Optics,B,TY130774,MINOR,Lady; Junior,93.8071,87.4060,6.9565,14.95,16,,8,,,,,,,
3e88b01c-8b7f-4eba-a18c-cae45223b4b4,Baps USPSA April 2025,2025-04-19,1,Red,2977a172-5092-40dc-9583-4e161bdc5136,Paul Piretti,30,72.41,11,77.71,Limited Optics,,A149477,MINOR,,93.2515,86.8884,6.9153,14.75,15,,9,,,,,,,
3e88b01c-8b7f-4eba-a18c-cae45223b4b4,Baps USPSA April 2025,2025-04-19,1,Red,2977a172-5092-40dc-9583-4e161bdc5136,James Rogers,31,71.95,8,75.88,Carry Optics,C,A101402,MINOR,Law,91.0615,86.3343,6.8712,14.99,18,,4,1,,1,,,,
3e88b01c-8b7f-4eba-a18c-cae45223b4b4,Baps USPSA April 2025,2025-04-19,1,Red,2977a172-5092-40dc-9583-4e161bdc5136,Chuck Schumann,32,71.32,9,71.32,Open,U,1585,MINOR,,85.5791,85.5791,6.8111,16.15,19,,5,,,,,,,
3e88b01c-8b7f-4eba-a18c-cae45223b4b4,Baps USPSA April 2025,2025-04-19,1,Red,2977a172-5092-40dc-9583-4e161bdc5136,michael Pontious,33,68.80,12,73.84,Limited Optics,B,94575,MINOR,Senior,88.6033,82.5573,6.5706,17.35,21,,3,,,,,,,
3e88b01c-8b7f-4eba-a18c-cae45223b4b4,Baps USPSA April 2025,2025-04-19,1,Red,2977a172-5092-40dc-9583-4e161bdc5136,Randy Goodney,34,68.07,13,73.05,Limited Optics,A,A94852,MINOR,,87.6648,81.6828,6.5010,15.69,17,,5,2,,,,,,
3e88b01c-8b7f-4eba-a18c-cae45223b4b4,Baps USPSA April 2025,2025-04-19,1,Red,2977a172-5092-40dc-9583-4e161bdc5136,Chris Gaines,35,67.53,9,71.23,Carry Optics,U,A168156,MINOR,,85.4716,81.0345,6.4494,14.73,14,,8,1,,1,,,,
3e88b01c-8b7f-4eba-a18c-cae45223b4b4,Baps USPSA April 2025,2025-04-19,1,Red,2977a172-5092-40dc-9583-4e161bdc5136,Q Nguyen,36,65.16,10,65.16,Open,,TY99688,MAJOR,Senior,78.1899,78.1899,6.2230,16.23,9,,13,2,,,,,,
3e88b01c-8b7f-4eba-a18c-cae45223b4b4,Baps USPSA April 2025,2025-04-19,1,Red,2977a172-5092-40dc-9583-4e161bdc5136,jason Debord,37,64.91,10,68.46,Carry Optics,U,9229,MINOR,,82.1531,77.8883,6.1990,18.39,21,,3,,,,,,,
3e88b01c-8b7f-4eba-a18c-cae45223b4b4,Baps USPSA April 2025,2025-04-19,1,Red,2977a172-5092-40dc-9583-4e161bdc5136,Robert Hollier,38,64.68,14,69.42,Limited Optics,U,TY24941,MINOR,Super Senior,83.3038,77.6194,6.1776,18.13,20,,4,,,,,,,
3e88b01c-8b7f-4eba-a18c-cae45223b4b4,Baps USPSA April 2025,2025-04-19,1,Red,2977a172-5092-40dc-9583-4e161bdc5136,Dave Campbell,39,64.23,11,64.23,Open,U,,MAJOR,Distinguished Senior,77.0703,77.0703,6.1339,17.77,17,,5,2,,,,,,
3e88b01c-8b7f-4eba-a18c-cae45223b4b4,Baps USPSA April 2025,2025-04-19,1,Red,2977a172-5092-40dc-9583-4e161bdc5136,Glenn Cunningham,40,61.24,2,70.37,PCC,C,A78280,MINOR,Distinguished Senior,84.4386,73.4932,5.8492,19.49,21,,3,,,,,,,
3e88b01c-8b7f-4eba-a18c-cae45223b4b4,Baps USPSA April 2025,2025-04-19,1,Red,2977a172-5092-40dc-9583-4e161bdc5136,Joe Dalson-Peacock,41,61.17,11,64.52,Carry Optics,,,MINOR,,77.4206,73.4015,5.8419,17.46,15,,9,,,,,,,
3e88b01c-8b7f-4eba-a18c-cae45223b4b4,Baps USPSA April 2025,2025-04-19,1,Red,2977a172-5092-40dc-9583-4e161bdc5136,nick bolo,42,61.07,12,61.07,Open,B,,MAJOR,Senior; Super Senior,73.2808,73.2808,5.8323,16.46,16,,6,1,1,,,,,
3e88b01c-8b7f-4eba-a18c-cae45223b4b4,Baps USPSA April 2025,2025-04-19,1,Red,2977a172-5092-40dc-9583-4e161bdc5136,cliff Pinsent,43,60.73,13,60.73,Open,B,FY99321,MAJOR,Distinguished Senior,72.8763,72.8763,5.8001,19.31,18,,5,1,,,,,,
3e88b01c-8b7f-4eba-a18c-cae45223b4b4,Baps USPSA April 2025,2025-04-19,1,Red,2977a172-5092-40dc-9583-4e161bdc5136,Seth Davis,44,60.25,12,63.55,Carry Optics,U,A167963,MINOR,,76.2636,72.3046,5.7546,18.42,17,,7,,,,,,,
3e88b01c-8b7f-4eba-a18c-cae45223b4b4,Baps USPSA April 2025,2025-04-19,1,Red,2977a172-5092-40dc-9583-4e161bdc5136,Andy Chen,45,59.87,15,64.26,Limited Optics,A,A86721,MINOR,,77.1075,71.8460,5.7181,15.04,15,,7,,1,1,,,,
3e88b01c-8b7f-4eba-a18c-cae45223b4b4,Baps USPSA April 2025,2025-04-19,1,Red,2977a172-5092-40dc-9583-4e161bdc5136,Yetta Jones,46,58.84,13,62.06,Carry Optics,C,TY139120,MINOR,Lady,74.4706,70.6046,5.6193,17.44,15,,7,2,,,,,,
3e88b01c-8b7f-4eba-a18c-cae45223b4b4,Baps USPSA April 2025,2025-04-19,1,Red,2977a172-5092-40dc-9583-4e161bdc5136,rene Zalamea,47,58.65,14,61.86,Carry Optics,C,A66891,MINOR,Senior,74.2307,70.3771,5.6012,20.71,22,,2,,,,,,,
3e88b01c-8b7f-4eba-a18c-cae45223b4b4,Baps USPSA April 2025,2025-04-19,1,Red,2977a172-5092-40dc-9583-4e161bdc5136,Abelardo Nerida,48,58.20,1,100.00,Limited,U,,MAJOR,Senior,120.0000,69.8369,5.5582,21.23,22,,2,,,,,,,
3e88b01c-8b7f-4eba-a18c-cae45223b4b4,Baps USPSA April 2025,2025-04-19,1,Red,2977a172-5092-40dc-9583-4e161bdc5136,Brian Whelihan,49,57.96,16,62.21,Limited Optics,U,40226,MINOR,,74.6465,69.5529,5.5356,19.51,19,,4,1,,,,,,
3e88b01c-8b7f-4eba-a18c-cae45223b4b4,Baps USPSA April 2025,2025-04-19,1,Red,2977a172-5092-40dc-9583-4e161bdc5136,Lee Smithheart,50,57.44,17,61.65,Limited Optics,C,TY111315,MINOR,Senior,73.9817,68.9335,5.4863,20.05,20,,3,1,,,,,,
3e88b01c-8b7f-4eba-a18c-cae45223b4b4,Baps USPSA April 2025,2025-04-19,1,Red,2977a172-5092-40dc-9583-4e161bdc5136,Andrew Philip,51,56.82,18,60.98,Limited Optics,C,A153653,MINOR,,73.1740,68.1808,5.4264,16.77,17,,5,1,1,,,,,
3e88b01c-8b7f-4eba-a18c-cae45223b4b4,Baps USPSA April 2025,2025-04-19,1,Red,2977a172-5092-40dc-9583-4e161bdc5136,Richard Dillow,52,56.04,14,56.04,Open,C,TY57446,MAJOR,,67.2473,67.2473,5.3521,21.30,20,,3,1,,,,,,
3e88b01c-8b7f-4eba-a18c-cae45223b4b4,Baps USPSA April 2025,2025-04-19,1,Red,2977a172-5092-40dc-9583-4e161bdc5136,bob Lyday,53,55.92,19,60.01,Limited Optics,C,A160925,MINOR,Super Senior,72.0129,67.0990,5.3403,19.10,16,,7,1,,,,,,
3e88b01c-8b7f-4eba-a18c-cae45223b4b4,Baps USPSA April 2025,2025-04-19,1,Red,2977a172-5092-40dc-9583-4e161bdc5136,Steve Nguyen,54,53.95,15,56.90,Carry Optics,,,MINOR,,68.2842,64.7394,5.1525,19.02,14,,9,1,,,,,,
3e88b01c-8b7f-4eba-a18c-cae45223b4b4,Baps USPSA April 2025,2025-04-19,1,Red,2977a172-5092-40dc-9583-4e161bdc5136,Nate Miranda,55,53.91,16,56.86,Carry Optics,U,,MINOR,,68.2325,64.6904,5.1486,18.84,14,,9,,,1,,,,
3e88b01c-8b7f-4eba-a18c-cae45223b4b4,Baps USPSA April 2025,2025-04-19,1,Red,2977a172-5092-40dc-9583-4e161bdc5136,Kicker Cardenas,56,53.44,20,57.35,Limited Optics,U,A156703,MINOR,,68.8224,64.1262,5.1037,18.81,13,,10,1,,,,,,
3e88b01c-8b7f-4eba-a18c-cae45223b4b4,Baps USPSA April 2025,2025-04-19,1,Red,2977a172-5092-40dc-9583-4e161bdc5136,Charles Schumann,57,53.23,4,61.45,Production,U,,MINOR,,73.7429,63.8775,5.0839,19.67,15,,8,1,,,,,,
3e88b01c-8b7f-4eba-a18c-cae45223b4b4,Baps USPSA April 2025,2025-04-19,1,Red,2977a172-5092-40dc-9583-4e161bdc5136,Jim Duncan,58,52.28,21,56.11,Limited Optics,,,MINOR,,67.3324,62.7378,4.9932,22.03,22,,,,,2,,,,
3e88b01c-8b7f-4eba-a18c-cae45223b4b4,Baps USPSA April 2025,2025-04-19,1,Red,2977a172-5092-40dc-9583-4e161bdc5136,Jason Armstrong,59,50.27,22,53.95,Limited Optics,C,A106377,MINOR,Senior,64.7365,60.3191,4.8007,23.33,21,,2,1,,,,,,
3e88b01c-8b7f-4eba-a18c-cae45223b4b4,Baps USPSA April 2025,2025-04-19,1,Red,2977a172-5092-40dc-9583-4e161bdc5136,Giao Le,60,49.16,17,51.85,Carry Optics,,,MINOR,,62.2185,58.9885,4.6948,23.43,20,,3,1,,,,,,
3e88b01c-8b7f-4eba-a18c-cae45223b4b4,Baps USPSA April 2025,2025-04-19,1,Red,2977a172-5092-40dc-9583-4e161bdc5136,John Burris,61,48.57,23,52.12,Limited Optics,U,,MINOR,,62.5493,58.2812,4.6385,21.99,16,,7,1,,,,,,
3e88b01c-8b7f-4eba-a18c-cae45223b4b4,Baps USPSA April 2025,2025-04-19,1,Red,2977a172-5092-40dc-9583-4e161bdc5136,Ralph Burbe,62,48.37,18,51.02,Carry Optics,U,,MINOR,,61.2232,58.0449,4.6197,21.43,21,,1,1,1,,,,,
3e88b01c-8b7f-4eba-a18c-cae45223b4b4,Baps USPSA April 2025,2025-04-19,1,Red,2977a172-5092-40dc-9583-4e161bdc5136,Viet Nguyen,63,47.46,3,54.52,PCC,,,MINOR,,65.4279,56.9468,4.5323,24.27,19,,5,,,,,,,
3e88b01c-8b7f-4eba-a18c-cae45223b4b4,Baps USPSA April 2025,2025-04-19,1,Red,2977a172-5092-40dc-9583-4e161bdc5136,Byron Frank,64,46.62,19,49.18,Carry Optics,C,A139338,MINOR,Super Senior,59.0114,55.9479,4.4528,24.03,19,,4,,,1,,,,
3e88b01c-8b7f-4eba-a18c-cae45223b4b4,Baps USPSA April 2025,2025-04-19,1,Red,2977a172-5092-40dc-9583-4e161bdc5136,ross Pimentel,65,46.60,24,50.01,Limited Optics,C,A157753,MINOR,Senior,60.0128,55.9177,4.4504,14.83,12,,8,2,2,,,,,
3e88b01c-8b7f-4eba-a18c-cae45223b4b4,Baps USPSA April 2025,2025-04-19,1,Red,2977a172-5092-40dc-9583-4e161bdc5136,Casey Lawrence,66,46.47,25,49.87,Limited Optics,U,,MINOR,,59.8483,55.7645,4.4382,25.01,21,,2,,,1,,,,
3e88b01c-8b7f-4eba-a18c-cae45223b4b4,Baps USPSA April 2025,2025-04-19,1,Red,2977a172-5092-40dc-9583-4e161bdc5136,Gerrit Milks,67,45.12,4,51.85,PCC,,,MINOR,,62.2145,54.1499,4.3097,25.06,21,,1,,,2,,,,
3e88b01c-8b7f-4eba-a18c-cae45223b4b4,Baps USPSA April 2025,2025-04-19,1,Red,2977a172-5092-40dc-9583-4e161bdc5136,Gene Marsh,68,45.07,20,47.54,Carry Optics,U,TY 140365,MINOR,Super Senior,57.0433,54.0820,4.3043,26.95,22,,2,,,,,,,
3e88b01c-8b7f-4eba-a18c-cae45223b4b4,Baps USPSA April 2025,2025-04-19,1,Red,2977a172-5092-40dc-9583-4e161bdc5136,Jerry Dueitt,69,44.54,26,47.80,Limited Optics,B,Ty108354,MINOR,,57.3657,53.4513,4.2541,17.16,13,,5,3,1,2,,,,
3e88b01c-8b7f-4eba-a18c-cae45223b4b4,Baps USPSA April 2025,2025-04-19,1,Red,2977a172-5092-40dc-9583-4e161bdc5136,Adam Post,70,44.35,27,47.60,Limited Optics,U,A83655,MINOR,,57.1217,53.2239,4.2360,26.44,20,,4,,,,,,,
3e88b01c-8b7f-4eba-a18c-cae45223b4b4,Baps USPSA April 2025,2025-04-19,1,Red,2977a172-5092-40dc-9583-4e161bdc5136,thomas Zhang,71,38.43,15,38.43,Open,U,A145116,MINOR,,46.1161,46.1161,3.6703,16.62,14,,7,,3,,,,,
3e88b01c-8b7f-4eba-a18c-cae45223b4b4,Baps USPSA April 2025,2025-04-19,1,Red,2977a172-5092-40dc-9583-4e161bdc5136,Lawney Morales,72,35.99,5,41.55,Production,,,MINOR,,49.8543,43.1847,3.4370,27.64,18,,5,,1,,,,,
3e88b01c-8b7f-4eba-a18c-cae45223b4b4,Baps USPSA April 2025,2025-04-19,1,Red,2977a172-5092-40dc-9583-4e161bdc5136,Canh Le,73,32.37,28,34.74,Limited Optics,,,MINOR,,41.6856,38.8411,3.0913,27.82,17,,3,2,1,1,,,,
3e88b01c-8b7f-4eba-a18c-cae45223b4b4,Baps USPSA April 2025,2025-04-19,1,Red,2977a172-5092-40dc-9583-4e161bdc5136,Anthony Kurek Jr,74,30.82,21,32.50,Carry Optics,,FY154490,MINOR,,39.0038,36.9790,2.9431,29.90,11,,10,3,,,,,,
3e88b01c-8b7f-4eba-a18c-cae45223b4b4,Baps USPSA April 2025,2025-04-19,1,Red,2977a172-5092-40dc-9583-4e161bdc5136,Michael Sookngan,75,30.75,22,32.43,Carry Optics,,A166135,MINOR,,38.9151,36.8949,2.9364,24.86,10,,11,,1,2,,,,
3e88b01c-8b7f-4eba-a18c-cae45223b4b4,Baps USPSA April 2025,2025-04-19,1,Red,2977a172-5092-40dc-9583-4e161bdc5136,John Stokes,76,29.65,2,50.95,Limited,U,,MINOR,Super Senior,61.1356,35.5793,2.8317,38.14,19,,4,1,,,,,,
3e88b01c-8b7f-4eba-a18c-cae45223b4b4,Baps USPSA April 2025,2025-04-19,1,Red,2977a172-5092-40dc-9583-4e161bdc5136,Alice Davis,77,23.52,23,24.81,Carry Optics,U,TY 137979,MINOR,Lady; Super Senior,29.7721,28.2265,2.2465,32.05,14,,7,1,1,1,,1,,
3e88b01c-8b7f-4eba-a18c-cae45223b4b4,Baps USPSA April 2025,2025-04-19,1,Red,2977a172-5092-40dc-9583-4e161bdc5136,Adam Bandiera,78,0.00,29,0.00,Limited Optics,A,A148375,MINOR,,0.0000,0.0000,,,,,,,,,,,,
3e88b01c-8b7f-4eba-a18c-cae45223b4b4,Baps USPSA April 2025,2025-04-19,1,Red,2977a172-5092-40dc-9583-4e161bdc5136,Meas Virak,79,0.00,16,0.00,Open,,,MINOR,,0.0000,0.0000,0.0000,8.01,9,,6,2,7,,,,,
3e88b01c-8b7f-4eba-a18c-cae45223b4b4,Baps USPSA April 2025,2025-04-19,2,Orange,8080b70e-81c1-461c-af99-435aa80f8d2f,Ryan Jaw,1,100.00,1,100.00,Open,U,TY142907,MAJOR,,150.0000,150.0000,7.2308,19.50,23,,6,1,,,,,,
3e88b01c-8b7f-4eba-a18c-cae45223b4b4,Baps USPSA April 2025,2025-04-19,2,Orange,8080b70e-81c1-461c-af99-435aa80f8d2f,Andrew Whitley,2,99.19,2,99.19,Open,A,TY106649,MAJOR,,148.7864,148.7864,7.1723,19.38,21,,8,1,,,,,,
3e88b01c-8b7f-4eba-a18c-cae45223b4b4,Baps USPSA April 2025,2025-04-19,2,Orange,8080b70e-81c1-461c-af99-435aa80f8d2f,jon Baguio,3,93.41,3,93.41,Open,,,MAJOR,,140.1131,140.1131,6.7542,21.32,26,,3,1,,,,,,
3e88b01c-8b7f-4eba-a18c-cae45223b4b4,Baps USPSA April 2025,2025-04-19,2,Orange,8080b70e-81c1-461c-af99-435aa80f8d2f,Andy Chen,4,93.28,1,100.00,Limited Optics,A,A86721,MINOR,,150.0000,139.9223,6.7450,19.57,21,,9,,,,,,,
3e88b01c-8b7f-4eba-a18c-cae45223b4b4,Baps USPSA April 2025,2025-04-19,2,Orange,8080b70e-81c1-461c-af99-435aa80f8d2f,craig Bellamy,5,92.99,1,100.00,Carry Optics,M,Ty54824,MINOR,Law,150.0000,139.4783,6.7236,18.74,19,,10,1,,,,,,
3e88b01c-8b7f-4eba-a18c-cae45223b4b4,Baps USPSA April 2025,2025-04-19,2,Orange,8080b70e-81c1-461c-af99-435aa80f8d2f,jack Liu,6,92.44,1,100.00,PCC,A,L6156,MINOR,Law,150.0000,138.6652,6.6844,18.85,21,,6,3,,,,,,
3e88b01c-8b7f-4eba-a18c-cae45223b4b4,Baps USPSA April 2025,2025-04-19,2,Orange,8080b70e-81c1-461c-af99-435aa80f8d2f,Paul Felker,7,90.83,2,97.37,Limited Optics,A,TY1087123,MINOR,,146.0593,136.2463,6.5678,18.88,19,,9,2,,,,,,
3e88b01c-8b7f-4eba-a18c-cae45223b4b4,Baps USPSA April 2025,2025-04-19,2,Orange,8080b70e-81c1-461c-af99-435aa80f8d2f,Zachary Ralston,8,90.45,3,96.97,Limited Optics,A,A123081,MINOR,,145.4544,135.6821,6.5406,19.57,19,,11,,,,,,,
3e88b01c-8b7f-4eba-a18c-cae45223b4b4,Baps USPSA April 2025,2025-04-19,2,Orange,8080b70e-81c1-461c-af99-435aa80f8d2f,Steven McNamara,9,90.29,4,90.29,Open,B,A75212,MAJOR,Senior,135.4331,135.4331,6.5286,22.21,25,,5,,,,,,,
3e88b01c-8b7f-4eba-a18c-cae45223b4b4,Baps USPSA April 2025,2025-04-19,2,Orange,8080b70e-81c1-461c-af99-435aa80f8d2f,Dywne Mendoza,10,88.37,1,100.00,Production,,,MINOR,,150.0000,132.5476,6.3895,19.72,19,,10,1,,,,,,
3e88b01c-8b7f-4eba-a18c-cae45223b4b4,Baps USPSA April 2025,2025-04-19,2,Orange,8080b70e-81c1-461c-af99-435aa80f8d2f,august Balagtas,11,88.06,5,88.06,Open,M,L3674,MAJOR,,132.0850,132.0850,6.3672,20.26,15,,12,3,,,,,,
3e88b01c-8b7f-4eba-a18c-cae45223b4b4,Baps USPSA April 2025,2025-04-19,2,Orange,8080b70e-81c1-461c-af99-435aa80f8d2f,Phillip Nguyen,12,86.54,4,92.77,Limited Optics,,,MINOR,,139.1520,129.8031,6.2572,17.42,18,,9,2,1,,,,,
3e88b01c-8b7f-4eba-a18c-cae45223b4b4,Baps USPSA April 2025,2025-04-19,2,Orange,8080b70e-81c1-461c-af99-435aa80f8d2f,Mike Junco,13,84.76,5,90.87,Limited Optics,M,A34819,MINOR,Senior; Law,136.2987,127.1415,6.1289,19.09,20,,9,,1,,,,,
3e88b01c-8b7f-4eba-a18c-cae45223b4b4,Baps USPSA April 2025,2025-04-19,2,Orange,8080b70e-81c1-461c-af99-435aa80f8d2f,Berrhett Foss,14,84.59,2,90.97,Carry Optics,B,A143624,MINOR,,136.4537,126.8822,6.1164,20.11,23,,6,,1,,,,,
3e88b01c-8b7f-4eba-a18c-cae45223b4b4,Baps USPSA April 2025,2025-04-19,2,Orange,8080b70e-81c1-461c-af99-435aa80f8d2f,Kyle Post,15,84.51,2,95.64,Production,M,A74846,MINOR,Law,143.4643,126.7723,6.1111,21.60,21,,9,,,,,,,
3e88b01c-8b7f-4eba-a18c-cae45223b4b4,Baps USPSA April 2025,2025-04-19,2,Orange,8080b70e-81c1-461c-af99-435aa80f8d2f,James Rogers,16,84.29,3,90.65,Carry Optics,C,A101402,MINOR,Law,135.9696,126.4321,6.0947,21.33,20,,10,,,,,,,
3e88b01c-8b7f-4eba-a18c-cae45223b4b4,Baps USPSA April 2025,2025-04-19,2,Orange,8080b70e-81c1-461c-af99-435aa80f8d2f,Marlon Cute Poralan,17,82.98,6,82.98,Open,,,MAJOR,,124.4676,124.4676,6.0000,23.00,20,,9,1,,,,,,
3e88b01c-8b7f-4eba-a18c-cae45223b4b4,Baps USPSA April 2025,2025-04-19,2,Orange,8080b70e-81c1-461c-af99-435aa80f8d2f,Matthew Lem,18,77.95,6,83.56,Limited Optics,A,A34763,MINOR,Senior; Law,125.3440,116.9227,5.6363,22.71,20,,9,1,,,,,,
3e88b01c-8b7f-4eba-a18c-cae45223b4b4,Baps USPSA April 2025,2025-04-19,2,Orange,8080b70e-81c1-461c-af99-435aa80f8d2f,Phan Tony,19,76.62,4,82.40,Carry Optics,A,TY11963,MINOR,Law,123.6034,114.9333,5.5404,22.02,17,,12,1,,,,,,
3e88b01c-8b7f-4eba-a18c-cae45223b4b4,Baps USPSA April 2025,2025-04-19,2,Orange,8080b70e-81c1-461c-af99-435aa80f8d2f,paul Torre,20,76.41,5,82.17,Carry Optics,B,A88028,MINOR,Law,123.2576,114.6118,5.5249,19.91,11,,18,1,,,,,,
3e88b01c-8b7f-4eba-a18c-cae45223b4b4,Baps USPSA April 2025,2025-04-19,2,Orange,8080b70e-81c1-461c-af99-435aa80f8d2f,Ashley Krenek,21,74.57,6,80.20,Carry Optics,B,TY92392,MINOR,Lady,120.2972,111.8590,5.3922,22.44,22,,7,,1,,,,,
3e88b01c-8b7f-4eba-a18c-cae45223b4b4,Baps USPSA April 2025,2025-04-19,2,Orange,8080b70e-81c1-461c-af99-435aa80f8d2f,Gerrit Milks,22,73.52,2,79.53,PCC,,,MINOR,,119.2904,110.2762,5.3159,25.96,24,,6,,,,,,,
3e88b01c-8b7f-4eba-a18c-cae45223b4b4,Baps USPSA April 2025,2025-04-19,2,Orange,8080b70e-81c1-461c-af99-435aa80f8d2f,Top Dollar,23,73.33,3,82.99,Production,A,,MINOR,,124.4792,109.9961,5.3024,24.14,19,,11,,,,,,,
3e88b01c-8b7f-4eba-a18c-cae45223b4b4,Baps USPSA April 2025,2025-04-19,2,Orange,8080b70e-81c1-461c-af99-435aa80f8d2f,Randy Goodney,24,72.89,7,78.14,Limited Optics,A,A94852,MINOR,,117.2090,109.3344,5.2705,21.63,15,,12,3,,,,,,
3e88b01c-8b7f-4eba-a18c-cae45223b4b4,Baps USPSA April 2025,2025-04-19,2,Orange,8080b70e-81c1-461c-af99-435aa80f8d2f,Brian Whelihan,25,71.31,8,76.45,Limited Optics,U,40226,MINOR,,114.6738,106.9695,5.1565,22.69,20,,9,,1,,,,,
3e88b01c-8b7f-4eba-a18c-cae45223b4b4,Baps USPSA April 2025,2025-04-19,2,Orange,8080b70e-81c1-461c-af99-435aa80f8d2f,phyl Santos,26,71.28,7,76.66,Carry Optics,B,A155981,MINOR,,114.9875,106.9218,5.1542,21.73,14,,13,3,,,,,,
3e88b01c-8b7f-4eba-a18c-cae45223b4b4,Baps USPSA April 2025,2025-04-19,2,Orange,8080b70e-81c1-461c-af99-435aa80f8d2f,Chris Nagala,27,71.18,9,76.31,Limited Optics,B,TY97712,MINOR,,114.4648,106.7745,5.1471,24.48,20,,8,2,,,,,,
3e88b01c-8b7f-4eba-a18c-cae45223b4b4,Baps USPSA April 2025,2025-04-19,2,Orange,8080b70e-81c1-461c-af99-435aa80f8d2f,Daniel Alexander,28,70.43,10,75.50,Limited Optics,,,MINOR,,113.2572,105.6481,5.0928,27.49,25,,5,,,,,,,
3e88b01c-8b7f-4eba-a18c-cae45223b4b4,Baps USPSA April 2025,2025-04-19,2,Orange,8080b70e-81c1-461c-af99-435aa80f8d2f,Jerry Dueitt,29,69.94,11,74.98,Limited Optics,B,Ty108354,MINOR,,112.4678,104.9116,5.0573,25.31,20,,9,1,,,,,,
3e88b01c-8b7f-4eba-a18c-cae45223b4b4,Baps USPSA April 2025,2025-04-19,2,Orange,8080b70e-81c1-461c-af99-435aa80f8d2f,Jerry McClain,30,69.23,12,74.21,Limited Optics,C,A48726,MINOR,Law,111.3225,103.8433,5.0058,25.97,20,,10,,,,,,,
3e88b01c-8b7f-4eba-a18c-cae45223b4b4,Baps USPSA April 2025,2025-04-19,2,Orange,8080b70e-81c1-461c-af99-435aa80f8d2f,yanlin Xiang,31,68.43,13,73.36,Limited Optics,C,A164967,MINOR,,110.0393,102.6463,4.9481,25.06,18,,11,1,,,,,,
3e88b01c-8b7f-4eba-a18c-cae45223b4b4,Baps USPSA April 2025,2025-04-19,2,Orange,8080b70e-81c1-461c-af99-435aa80f8d2f,Matthew Michna,32,68.30,8,73.45,Carry Optics,M,A128405,MINOR,,110.1709,102.4430,4.9383,18.63,20,,7,1,2,,,1,,
3e88b01c-8b7f-4eba-a18c-cae45223b4b4,Baps USPSA April 2025,2025-04-19,2,Orange,8080b70e-81c1-461c-af99-435aa80f8d2f,Robert Hollier,33,64.81,14,69.48,Limited Optics,U,TY24941,MINOR,Super Senior,104.2194,97.2175,4.6864,29.02,24,,5,1,,,,,,
3e88b01c-8b7f-4eba-a18c-cae45223b4b4,Baps USPSA April 2025,2025-04-19,2,Orange,8080b70e-81c1-461c-af99-435aa80f8d2f,Jim Duncan,34,64.16,15,68.78,Limited Optics,,,MINOR,,103.1764,96.2445,4.6395,28.02,20,,10,,,,,,,
3e88b01c-8b7f-4eba-a18c-cae45223b4b4,Baps USPSA April 2025,2025-04-19,2,Orange,8080b70e-81c1-461c-af99-435aa80f8d2f,Glenn Cunningham,35,63.39,3,68.57,PCC,C,A78280,MINOR,Distinguished Senior,102.8619,95.0891,4.5838,29.67,23,,7,,,,,,,
3e88b01c-8b7f-4eba-a18c-cae45223b4b4,Baps USPSA April 2025,2025-04-19,2,Orange,8080b70e-81c1-461c-af99-435aa80f8d2f,Bellamy Karys,36,62.86,16,67.39,Limited Optics,B,TY130774,MINOR,Lady; Junior,101.0860,94.2945,4.5455,24.64,18,,5,7,,,,,,
3e88b01c-8b7f-4eba-a18c-cae45223b4b4,Baps USPSA April 2025,2025-04-19,2,Orange,8080b70e-81c1-461c-af99-435aa80f8d2f,cliff Pinsent,37,62.70,7,62.70,Open,B,FY99321,MAJOR,Distinguished Senior,94.0477,94.0477,4.5336,26.91,20,,7,2,1,,,,,
3e88b01c-8b7f-4eba-a18c-cae45223b4b4,Baps USPSA April 2025,2025-04-19,2,Orange,8080b70e-81c1-461c-af99-435aa80f8d2f,Paul Piretti,38,61.86,17,66.31,Limited Optics,,A149477,MINOR,,99.4692,92.7864,4.4728,25.04,14,,13,3,,,,,,
3e88b01c-8b7f-4eba-a18c-cae45223b4b4,Baps USPSA April 2025,2025-04-19,2,Orange,8080b70e-81c1-461c-af99-435aa80f8d2f,Chris Gaines,39,61.76,9,66.42,Carry Optics,U,A168156,MINOR,,99.6297,92.6412,4.4658,23.96,17,,10,2,1,,,,,
3e88b01c-8b7f-4eba-a18c-cae45223b4b4,Baps USPSA April 2025,2025-04-19,2,Orange,8080b70e-81c1-461c-af99-435aa80f8d2f,David Zhang,40,59.93,8,59.93,Open,C,FY140383,MAJOR,,89.8905,89.8905,4.3332,26.77,14,,13,2,1,,,,,
3e88b01c-8b7f-4eba-a18c-cae45223b4b4,Baps USPSA April 2025,2025-04-19,2,Orange,8080b70e-81c1-461c-af99-435aa80f8d2f,Chuck Schumann,41,59.62,9,59.62,Open,U,1585,MINOR,,89.4237,89.4237,4.3107,25.75,18,,10,1,1,,,,,
3e88b01c-8b7f-4eba-a18c-cae45223b4b4,Baps USPSA April 2025,2025-04-19,2,Orange,8080b70e-81c1-461c-af99-435aa80f8d2f,Dave Campbell,42,59.33,10,59.33,Open,U,,MAJOR,Distinguished Senior,88.9964,88.9964,4.2901,29.37,16,,9,5,,,,,,
3e88b01c-8b7f-4eba-a18c-cae45223b4b4,Baps USPSA April 2025,2025-04-19,2,Orange,8080b70e-81c1-461c-af99-435aa80f8d2f,Lee Smithheart,43,57.31,18,61.44,Limited Optics,C,TY111315,MINOR,Senior,92.1527,85.9614,4.1438,32.82,23,,7,,,,,,,
3e88b01c-8b7f-4eba-a18c-cae45223b4b4,Baps USPSA April 2025,2025-04-19,2,Orange,8080b70e-81c1-461c-af99-435aa80f8d2f,Abelardo Nerida,44,57.06,1,100.00,Limited,U,,MAJOR,Senior,150.0000,85.5963,4.1262,32.96,26,,4,,,,1,,,
3e88b01c-8b7f-4eba-a18c-cae45223b4b4,Baps USPSA April 2025,2025-04-19,2,Orange,8080b70e-81c1-461c-af99-435aa80f8d2f,Seth Davis,45,56.19,10,60.43,Carry Optics,U,A167963,MINOR,,90.6479,84.2894,4.0632,31.01,19,,10,1,,,,,,
3e88b01c-8b7f-4eba-a18c-cae45223b4b4,Baps USPSA April 2025,2025-04-19,2,Orange,8080b70e-81c1-461c-af99-435aa80f8d2f,Andrew Philip,46,55.14,19,59.12,Limited Optics,C,A153653,MINOR,,88.6746,82.7170,3.9874,25.33,16,,9,4,1,,,,,
3e88b01c-8b7f-4eba-a18c-cae45223b4b4,Baps USPSA April 2025,2025-04-19,2,Orange,8080b70e-81c1-461c-af99-435aa80f8d2f,Ralph Burbe,47,54.78,11,58.91,Carry Optics,U,,MINOR,,88.3611,82.1631,3.9607,30.55,23,,5,1,1,,,,,
3e88b01c-8b7f-4eba-a18c-cae45223b4b4,Baps USPSA April 2025,2025-04-19,2,Orange,8080b70e-81c1-461c-af99-435aa80f8d2f,nick bolo,48,53.45,11,53.45,Open,B,,MAJOR,Senior; Super Senior,80.1799,80.1799,3.8651,24.32,16,,11,,3,,,,,
3e88b01c-8b7f-4eba-a18c-cae45223b4b4,Baps USPSA April 2025,2025-04-19,2,Orange,8080b70e-81c1-461c-af99-435aa80f8d2f,Yetta Jones,49,52.46,12,56.41,Carry Optics,C,TY139120,MINOR,Lady,84.6221,78.6863,3.7931,34.80,22,,7,1,,,,,,
3e88b01c-8b7f-4eba-a18c-cae45223b4b4,Baps USPSA April 2025,2025-04-19,2,Orange,8080b70e-81c1-461c-af99-435aa80f8d2f,Joe Dalson-Peacock,50,51.92,13,55.84,Carry Optics,,,MINOR,,83.7542,77.8793,3.7542,30.10,19,,9,1,1,,,,,
3e88b01c-8b7f-4eba-a18c-cae45223b4b4,Baps USPSA April 2025,2025-04-19,2,Orange,8080b70e-81c1-461c-af99-435aa80f8d2f,ross Pimentel,51,50.94,20,54.61,Limited Optics,C,A157753,MINOR,Senior,81.9140,76.4106,3.6834,27.42,13,,15,1,1,,,,,
3e88b01c-8b7f-4eba-a18c-cae45223b4b4,Baps USPSA April 2025,2025-04-19,2,Orange,8080b70e-81c1-461c-af99-435aa80f8d2f,michael Pontious,52,50.48,21,54.11,Limited Optics,B,94575,MINOR,Senior,81.1712,75.7178,3.6500,37.26,25,,3,2,,,,,,
3e88b01c-8b7f-4eba-a18c-cae45223b4b4,Baps USPSA April 2025,2025-04-19,2,Orange,8080b70e-81c1-461c-af99-435aa80f8d2f,Canh Le,53,49.28,22,52.83,Limited Optics,,,MINOR,,79.2476,73.9234,3.5635,35.92,19,,11,,,,,,,
3e88b01c-8b7f-4eba-a18c-cae45223b4b4,Baps USPSA April 2025,2025-04-19,2,Orange,8080b70e-81c1-461c-af99-435aa80f8d2f,bob Lyday,54,46.67,23,50.03,Limited Optics,C,A160925,MINOR,Super Senior,75.0400,69.9985,3.3743,31.71,18,,8,3,1,,,,,
3e88b01c-8b7f-4eba-a18c-cae45223b4b4,Baps USPSA April 2025,2025-04-19,2,Orange,8080b70e-81c1-461c-af99-435aa80f8d2f,jason Debord,55,44.10,14,47.43,Carry Optics,U,9229,MINOR,,71.1382,66.1483,3.1887,34.81,19,,8,2,1,,,,,
3e88b01c-8b7f-4eba-a18c-cae45223b4b4,Baps USPSA April 2025,2025-04-19,2,Orange,8080b70e-81c1-461c-af99-435aa80f8d2f,Charles Schumann,56,43.34,4,49.05,Production,U,,MINOR,,73.5762,65.0156,3.1341,37.97,22,,6,1,1,,,,,
3e88b01c-8b7f-4eba-a18c-cae45223b4b4,Baps USPSA April 2025,2025-04-19,2,Orange,8080b70e-81c1-461c-af99-435aa80f8d2f,Zuo Yihao,57,42.64,12,42.64,Open,U,A165414,MAJOR,,63.9618,63.9618,3.0833,24.00,14,,10,2,4,,,,,
3e88b01c-8b7f-4eba-a18c-cae45223b4b4,Baps USPSA April 2025,2025-04-19,2,Orange,8080b70e-81c1-461c-af99-435aa80f8d2f,Nate Miranda,58,42.44,15,45.64,Carry Optics,U,,MINOR,,68.4611,63.6589,3.0687,35.52,18,,9,2,1,,,,,
3e88b01c-8b7f-4eba-a18c-cae45223b4b4,Baps USPSA April 2025,2025-04-19,2,Orange,8080b70e-81c1-461c-af99-435aa80f8d2f,Byron Frank,59,42.42,16,45.62,Carry Optics,C,A139338,MINOR,Super Senior,68.4343,63.6340,3.0675,34.23,17,,9,3,1,,,,,
3e88b01c-8b7f-4eba-a18c-cae45223b4b4,Baps USPSA April 2025,2025-04-19,2,Orange,8080b70e-81c1-461c-af99-435aa80f8d2f,Richard Dillow,60,41.73,13,41.73,Open,C,TY57446,MAJOR,,62.5927,62.5927,3.0173,42.09,21,,8,,1,,,,,
3e88b01c-8b7f-4eba-a18c-cae45223b4b4,Baps USPSA April 2025,2025-04-19,2,Orange,8080b70e-81c1-461c-af99-435aa80f8d2f,Casey Lawrence,61,40.39,24,43.30,Limited Optics,U,,MINOR,,64.9459,60.5825,2.9204,42.46,19,,9,2,,,,,,
3e88b01c-8b7f-4eba-a18c-cae45223b4b4,Baps USPSA April 2025,2025-04-19,2,Orange,8080b70e-81c1-461c-af99-435aa80f8d2f,Anthony Kurek Jr,62,39.68,17,42.67,Carry Optics,,FY154490,MINOR,,64.0081,59.5183,2.8691,31.02,11,,13,5,1,,,,,
3e88b01c-8b7f-4eba-a18c-cae45223b4b4,Baps USPSA April 2025,2025-04-19,2,Orange,8080b70e-81c1-461c-af99-435aa80f8d2f,Q Nguyen,63,38.88,14,38.88,Open,,TY99688,MAJOR,Senior,58.3213,58.3213,2.8114,25.61,12,,12,2,4,,,,,
3e88b01c-8b7f-4eba-a18c-cae45223b4b4,Baps USPSA April 2025,2025-04-19,2,Orange,8080b70e-81c1-461c-af99-435aa80f8d2f,Giao Le,64,37.73,18,40.57,Carry Optics,,,MINOR,,60.8603,56.5912,2.7280,35.19,21,,7,,2,,,1,,
3e88b01c-8b7f-4eba-a18c-cae45223b4b4,Baps USPSA April 2025,2025-04-19,2,Orange,8080b70e-81c1-461c-af99-435aa80f8d2f,Meas Virak,65,37.26,15,37.26,Open,,,MINOR,,55.8901,55.8901,2.6942,22.27,16,,5,5,4,,,,,
3e88b01c-8b7f-4eba-a18c-cae45223b4b4,Baps USPSA April 2025,2025-04-19,2,Orange,8080b70e-81c1-461c-af99-435aa80f8d2f,Adam Post,66,36.19,25,38.79,Limited Optics,U,A83655,MINOR,,58.1898,54.2803,2.6166,42.04,13,,14,3,,,,,,
3e88b01c-8b7f-4eba-a18c-cae45223b4b4,Baps USPSA April 2025,2025-04-19,2,Orange,8080b70e-81c1-461c-af99-435aa80f8d2f,thomas Zhang,67,33.86,16,33.86,Open,U,A145116,MINOR,,50.7931,50.7931,2.4485,28.18,12,,12,3,3,,,,,
3e88b01c-8b7f-4eba-a18c-cae45223b4b4,Baps USPSA April 2025,2025-04-19,2,Orange,8080b70e-81c1-461c-af99-435aa80f8d2f,Lawney Morales,68,32.30,5,36.55,Production,,,MINOR,,54.8282,48.4490,2.3355,53.95,19,,10,1,,,,,,
3e88b01c-8b7f-4eba-a18c-cae45223b4b4,Baps USPSA April 2025,2025-04-19,2,Orange,8080b70e-81c1-461c-af99-435aa80f8d2f,Gene Marsh,69,30.71,19,33.03,Carry Optics,U,TY 140365,MINOR,Super Senior,49.5404,46.0654,2.2206,41.43,21,,5,2,2,,,1,,
3e88b01c-8b7f-4eba-a18c-cae45223b4b4,Baps USPSA April 2025,2025-04-19,2,Orange,8080b70e-81c1-461c-af99-435aa80f8d2f,Steve Nguyen,70,30.58,20,32.89,Carry Optics,,,MINOR,,49.3374,45.8767,2.2115,57.88,20,,9,1,,,,,,
3e88b01c-8b7f-4eba-a18c-cae45223b4b4,Baps USPSA April 2025,2025-04-19,2,Orange,8080b70e-81c1-461c-af99-435aa80f8d2f,Jason Armstrong,71,27.70,26,29.70,Limited Optics,C,A106377,MINOR,Senior,44.5441,41.5514,2.0030,39.94,16,,9,3,2,,,1,,
3e88b01c-8b7f-4eba-a18c-cae45223b4b4,Baps USPSA April 2025,2025-04-19,2,Orange,8080b70e-81c1-461c-af99-435aa80f8d2f,John Burris,72,27.68,27,29.67,Limited Optics,U,,MINOR,,44.5085,41.5182,2.0014,43.47,11,,12,6,1,,,,,
3e88b01c-8b7f-4eba-a18c-cae45223b4b4,Baps USPSA April 2025,2025-04-19,2,Orange,8080b70e-81c1-461c-af99-435aa80f8d2f,rene Zalamea,73,23.68,21,25.47,Carry Optics,C,A66891,MINOR,Senior,38.2072,35.5272,1.7126,34.45,18,,6,1,5,,,,,
3e88b01c-8b7f-4eba-a18c-cae45223b4b4,Baps USPSA April 2025,2025-04-19,2,Orange,8080b70e-81c1-461c-af99-435aa80f8d2f,Kicker Cardenas,74,22.66,28,24.29,Limited Optics,U,A156703,MINOR,,36.4403,33.9921,1.6386,46.99,15,,10,2,3,,,,,
3e88b01c-8b7f-4eba-a18c-cae45223b4b4,Baps USPSA April 2025,2025-04-19,2,Orange,8080b70e-81c1-461c-af99-435aa80f8d2f,John Stokes,75,21.87,2,38.32,Limited,U,,MINOR,Super Senior,57.4851,32.8034,1.5813,68.93,17,,11,1,1,,,,,
3e88b01c-8b7f-4eba-a18c-cae45223b4b4,Baps USPSA April 2025,2025-04-19,2,Orange,8080b70e-81c1-461c-af99-435aa80f8d2f,Alice Davis,76,20.57,22,22.12,Carry Optics,U,TY 137979,MINOR,Lady; Super Senior,33.1764,30.8493,1.4871,68.59,20,,7,1,2,,,,,
3e88b01c-8b7f-4eba-a18c-cae45223b4b4,Baps USPSA April 2025,2025-04-19,2,Orange,8080b70e-81c1-461c-af99-435aa80f8d2f,Michael Sookngan,77,10.20,23,10.97,Carry Optics,,A166135,MINOR,,16.4532,15.2991,0.7375,77.29,10,,10,7,3,,,,,
3e88b01c-8b7f-4eba-a18c-cae45223b4b4,Baps USPSA April 2025,2025-04-19,2,Orange,8080b70e-81c1-461c-af99-435aa80f8d2f,Adam Bandiera,78,0.00,29,0.00,Limited Optics,A,A148375,MINOR,,0.0000,0.0000,,,,,,,,,,,,
3e88b01c-8b7f-4eba-a18c-cae45223b4b4,Baps USPSA April 2025,2025-04-19,2,Orange,8080b70e-81c1-461c-af99-435aa80f8d2f,Viet Nguyen,79,0.00,4,0.00,PCC,,,MINOR,,0.0000,0.0000,0.0000,26.08,10,,9,3,8,,,,,
3e88b01c-8b7f-4eba-a18c-cae45223b4b4,Baps USPSA April 2025,2025-04-19,3,Yellow,f8184295-0eac-4d1e-a221-10eee7d71899,Paul Felker,1,100.00,1,100.00,Limited Optics,A,TY1087123,MINOR,,130.0000,130.0000,10.4348,11.50,22,,3,1,,,,,,
3e88b01c-8b7f-4eba-a18c-cae45223b4b4,Baps USPSA April 2025,2025-04-19,3,Yellow,f8184295-0eac-4d1e-a221-10eee7d71899,jack Liu,2,94.83,1,100.00,PCC,A,L6156,MINOR,Law,130.0000,123.2850,9.8958,11.52,18,,8,,,,,,,
3e88b01c-8b7f-4eba-a18c-cae45223b4b4,Baps USPSA April 2025,2025-04-19,3,Yellow,f8184295-0eac-4d1e-a221-10eee7d71899,craig Bellamy,3,94.53,1,100.00,Carry Optics,M,Ty54824,MINOR,Law,130.0000,122.8875,9.8639,11.76,21,,3,2,,,,,,
3e88b01c-8b7f-4eba-a18c-cae45223b4b4,Baps USPSA April 2025,2025-04-19,3,Yellow,f8184295-0eac-4d1e-a221-10eee7d71899,Matthew Michna,4,93.01,2,98.39,Carry Optics,M,A128405,MINOR,,127.9111,120.9129,9.7054,11.54,17,,9,,,,,,,
3e88b01c-8b7f-4eba-a18c-cae45223b4b4,Baps USPSA April 2025,2025-04-19,3,Yellow,f8184295-0eac-4d1e-a221-10eee7d71899,jon Baguio,5,85.35,1,100.00,Open,,,MAJOR,,130.0000,110.9537,8.9060,14.26,23,,3,,,,,,,
3e88b01c-8b7f-4eba-a18c-cae45223b4b4,Baps USPSA April 2025,2025-04-19,3,Yellow,f8184295-0eac-4d1e-a221-10eee7d71899,Andrew Whitley,6,84.54,2,99.05,Open,A,TY106649,MAJOR,,128.7651,109.8998,8.8214,13.83,20,,5,1,,,,,,
3e88b01c-8b7f-4eba-a18c-cae45223b4b4,Baps USPSA April 2025,2025-04-19,3,Yellow,f8184295-0eac-4d1e-a221-10eee7d71899,Andy Chen,7,83.70,2,83.70,Limited Optics,A,A86721,MINOR,,108.8146,108.8146,8.7343,13.51,20,,6,,,,,,,
3e88b01c-8b7f-4eba-a18c-cae45223b4b4,Baps USPSA April 2025,2025-04-19,3,Yellow,f8184295-0eac-4d1e-a221-10eee7d71899,paul Torre,8,83.62,3,88.46,Carry Optics,B,A88028,MINOR,Law,115.0006,108.7087,8.7258,14.44,24,,2,,,,,,,
3e88b01c-8b7f-4eba-a18c-cae45223b4b4,Baps USPSA April 2025,2025-04-19,3,Yellow,f8184295-0eac-4d1e-a221-10eee7d71899,Mike Junco,9,82.90,3,82.90,Limited Optics,M,A34819,MINOR,Senior; Law,107.7644,107.7644,8.6500,12.37,21,,4,,1,,,,,
3e88b01c-8b7f-4eba-a18c-cae45223b4b4,Baps USPSA April 2025,2025-04-19,3,Yellow,f8184295-0eac-4d1e-a221-10eee7d71899,James Rogers,10,82.26,4,87.02,Carry Optics,C,A101402,MINOR,Law,113.1278,106.9384,8.5837,13.98,22,,3,1,,,,,,
3e88b01c-8b7f-4eba-a18c-cae45223b4b4,Baps USPSA April 2025,2025-04-19,3,Yellow,f8184295-0eac-4d1e-a221-10eee7d71899,Kyle Post,11,81.65,1,100.00,Production,M,A74846,MINOR,Law,130.0000,106.1436,8.5199,13.85,21,,4,1,,,,,,
3e88b01c-8b7f-4eba-a18c-cae45223b4b4,Baps USPSA April 2025,2025-04-19,3,Yellow,f8184295-0eac-4d1e-a221-10eee7d71899,Daniel Alexander,12,77.40,4,77.40,Limited Optics,,,MINOR,,100.6221,100.6221,8.0767,14.61,20,,6,,,,,,,
3e88b01c-8b7f-4eba-a18c-cae45223b4b4,Baps USPSA April 2025,2025-04-19,3,Yellow,f8184295-0eac-4d1e-a221-10eee7d71899,Dywne Mendoza,13,77.38,2,94.77,Production,,,MINOR,,123.1978,100.5897,8.0741,15.11,23,,2,1,,,,,,
3e88b01c-8b7f-4eba-a18c-cae45223b4b4,Baps USPSA April 2025,2025-04-19,3,Yellow,f8184295-0eac-4d1e-a221-10eee7d71899,Brian Whelihan,14,76.82,5,76.82,Limited Optics,U,40226,MINOR,,99.8609,99.8609,8.0156,12.85,21,,2,2,1,,,,,
3e88b01c-8b7f-4eba-a18c-cae45223b4b4,Baps USPSA April 2025,2025-04-19,3,Yellow,f8184295-0eac-4d1e-a221-10eee7d71899,Steven McNamara,15,76.11,3,89.17,Open,B,A75212,MAJOR,Senior,115.9227,98.9389,7.9416,15.74,21,,5,,,,,,,
3e88b01c-8b7f-4eba-a18c-cae45223b4b4,Baps USPSA April 2025,2025-04-19,3,Yellow,f8184295-0eac-4d1e-a221-10eee7d71899,Berrhett Foss,16,75.40,5,79.77,Carry Optics,B,A143624,MINOR,,103.6953,98.0220,7.8680,15.76,23,,3,,,,,,,
3e88b01c-8b7f-4eba-a18c-cae45223b4b4,Baps USPSA April 2025,2025-04-19,3,Yellow,f8184295-0eac-4d1e-a221-10eee7d71899,Matthew Lem,17,74.76,6,74.76,Limited Optics,A,A34763,MINOR,Senior; Law,97.1861,97.1861,7.8009,14.87,19,,7,,,,,,,
3e88b01c-8b7f-4eba-a18c-cae45223b4b4,Baps USPSA April 2025,2025-04-19,3,Yellow,f8184295-0eac-4d1e-a221-10eee7d71899,Gerrit Milks,18,73.40,2,77.40,PCC,,,MINOR,,100.6154,95.4182,7.6590,16.19,23,,3,,,,,,,
3e88b01c-8b7f-4eba-a18c-cae45223b4b4,Baps USPSA April 2025,2025-04-19,3,Yellow,f8184295-0eac-4d1e-a221-10eee7d71899,Ryan Jaw,19,71.91,4,84.25,Open,U,TY142907,MAJOR,,109.5264,93.4797,7.5034,14.66,22,,2,1,1,,,,,
3e88b01c-8b7f-4eba-a18c-cae45223b4b4,Baps USPSA April 2025,2025-04-19,3,Yellow,f8184295-0eac-4d1e-a221-10eee7d71899,yanlin Xiang,20,71.66,7,71.66,Limited Optics,C,A164967,MINOR,,93.1608,93.1608,7.4778,15.78,22,,2,2,,,,,,
3e88b01c-8b7f-4eba-a18c-cae45223b4b4,Baps USPSA April 2025,2025-04-19,3,Yellow,f8184295-0eac-4d1e-a221-10eee7d71899,Phillip Nguyen,21,71.30,8,71.30,Limited Optics,,,MINOR,,92.6849,92.6849,7.4396,16.13,21,,5,,,,,,,
3e88b01c-8b7f-4eba-a18c-cae45223b4b4,Baps USPSA April 2025,2025-04-19,3,Yellow,f8184295-0eac-4d1e-a221-10eee7d71899,Dave Campbell,22,70.57,5,82.68,Open,U,,MAJOR,Distinguished Senior,107.4901,91.7418,7.3639,16.16,19,,5,2,,,,,,
3e88b01c-8b7f-4eba-a18c-cae45223b4b4,Baps USPSA April 2025,2025-04-19,3,Yellow,f8184295-0eac-4d1e-a221-10eee7d71899,phyl Santos,23,69.86,6,73.90,Carry Optics,B,A155981,MINOR,,96.0723,90.8161,7.2896,15.09,17,,8,1,,,,,,
3e88b01c-8b7f-4eba-a18c-cae45223b4b4,Baps USPSA April 2025,2025-04-19,3,Yellow,f8184295-0eac-4d1e-a221-10eee7d71899,Chris Nagala,24,69.43,9,69.43,Limited Optics,B,TY97712,MINOR,,90.2655,90.2655,7.2454,15.32,23,,2,,1,,,,,
3e88b01c-8b7f-4eba-a18c-cae45223b4b4,Baps USPSA April 2025,2025-04-19,3,Yellow,f8184295-0eac-4d1e-a221-10eee7d71899,Phan Tony,25,69.30,7,73.31,Carry Optics,A,TY11963,MINOR,Law,95.3079,90.0935,7.2316,13.69,18,,6,1,1,,,,,
3e88b01c-8b7f-4eba-a18c-cae45223b4b4,Baps USPSA April 2025,2025-04-19,3,Yellow,f8184295-0eac-4d1e-a221-10eee7d71899,august Balagtas,26,68.11,6,79.80,Open,M,L3674,MAJOR,,103.7446,88.5450,7.1073,14.07,20,,5,,1,,,1,,
3e88b01c-8b7f-4eba-a18c-cae45223b4b4,Baps USPSA April 2025,2025-04-19,3,Yellow,f8184295-0eac-4d1e-a221-10eee7d71899,Top Dollar,27,66.55,3,81.51,Production,A,,MINOR,,105.9604,86.5155,6.9444,17.28,21,,5,,,,,,,
3e88b01c-8b7f-4eba-a18c-cae45223b4b4,Baps USPSA April 2025,2025-04-19,3,Yellow,f8184295-0eac-4d1e-a221-10eee7d71899,nick bolo,28,66.40,7,77.79,Open,B,,MAJOR,Senior; Super Senior,101.1332,86.3162,6.9284,17.32,20,,4,2,,,,,,
3e88b01c-8b7f-4eba-a18c-cae45223b4b4,Baps USPSA April 2025,2025-04-19,3,Yellow,f8184295-0eac-4d1e-a221-10eee7d71899,Zachary Ralston,29,65.22,10,65.22,Limited Optics,A,A123081,MINOR,,84.7863,84.7863,6.8056,16.31,23,,2,,1,,,,,
3e88b01c-8b7f-4eba-a18c-cae45223b4b4,Baps USPSA April 2025,2025-04-19,3,Yellow,f8184295-0eac-4d1e-a221-10eee7d71899,Chuck Schumann,30,64.93,8,76.08,Open,U,1585,MINOR,,98.9057,84.4150,6.7758,17.71,21,,5,,,,,,,
3e88b01c-8b7f-4eba-a18c-cae45223b4b4,Baps USPSA April 2025,2025-04-19,3,Yellow,f8184295-0eac-4d1e-a221-10eee7d71899,Jerry McClain,31,63.41,11,63.41,Limited Optics,C,A48726,MINOR,Law,82.4391,82.4391,6.6172,17.53,19,,7,,,,,,,
3e88b01c-8b7f-4eba-a18c-cae45223b4b4,Baps USPSA April 2025,2025-04-19,3,Yellow,f8184295-0eac-4d1e-a221-10eee7d71899,Marlon Cute Poralan,32,60.76,9,71.18,Open,,,MAJOR,,92.5400,78.9820,6.3397,16.72,20,,3,2,1,,,,,
3e88b01c-8b7f-4eba-a18c-cae45223b4b4,Baps USPSA April 2025,2025-04-19,3,Yellow,f8184295-0eac-4d1e-a221-10eee7d71899,cliff Pinsent,33,60.57,10,70.96,Open,B,FY99321,MAJOR,Distinguished Senior,92.2510,78.7353,6.3199,20.57,26,,,,,,,,,
3e88b01c-8b7f-4eba-a18c-cae45223b4b4,Baps USPSA April 2025,2025-04-19,3,Yellow,f8184295-0eac-4d1e-a221-10eee7d71899,David Zhang,34,60.30,11,70.65,Open,C,FY140383,MAJOR,,91.8510,78.3939,6.2925,17.64,21,,4,,1,,,,,
3e88b01c-8b7f-4eba-a18c-cae45223b4b4,Baps USPSA April 2025,2025-04-19,3,Yellow,f8184295-0eac-4d1e-a221-10eee7d71899,Jim Duncan,35,59.04,12,59.04,Limited Optics,,,MINOR,,76.7569,76.7569,6.1611,21.10,26,,,,,,,,,
3e88b01c-8b7f-4eba-a18c-cae45223b4b4,Baps USPSA April 2025,2025-04-19,3,Yellow,f8184295-0eac-4d1e-a221-10eee7d71899,Joe Dalson-Peacock,36,58.44,8,61.82,Carry Optics,,,MINOR,,80.3625,75.9658,6.0976,18.04,18,,6,2,,,,,,
3e88b01c-8b7f-4eba-a18c-cae45223b4b4,Baps USPSA April 2025,2025-04-19,3,Yellow,f8184295-0eac-4d1e-a221-10eee7d71899,Yetta Jones,37,57.54,9,60.87,Carry Optics,C,TY139120,MINOR,Lady,79.1303,74.8010,6.0041,19.32,20,,5,1,,,,,,
3e88b01c-8b7f-4eba-a18c-cae45223b4b4,Baps USPSA April 2025,2025-04-19,3,Yellow,f8184295-0eac-4d1e-a221-10eee7d71899,Seth Davis,38,57.28,10,60.59,Carry Optics,U,A167963,MINOR,,78.7731,74.4633,5.9770,21.75,26,,,,,,,,,
3e88b01c-8b7f-4eba-a18c-cae45223b4b4,Baps USPSA April 2025,2025-04-19,3,Yellow,f8184295-0eac-4d1e-a221-10eee7d71899,Glenn Cunningham,39,57.04,3,60.15,PCC,C,A78280,MINOR,Distinguished Senior,78.1960,74.1569,5.9524,20.16,21,,5,,,,,,,
3e88b01c-8b7f-4eba-a18c-cae45223b4b4,Baps USPSA April 2025,2025-04-19,3,Yellow,f8184295-0eac-4d1e-a221-10eee7d71899,Andrew Philip,40,56.43,13,56.43,Limited Optics,C,A153653,MINOR,,73.3570,73.3570,5.8882,20.04,20,,6,,,,,,,
3e88b01c-8b7f-4eba-a18c-cae45223b4b4,Baps USPSA April 2025,2025-04-19,3,Yellow,f8184295-0eac-4d1e-a221-10eee7d71899,rene Zalamea,41,55.60,11,58.82,Carry Optics,C,A66891,MINOR,Senior,76.4601,72.2769,5.8015,19.65,20,,4,2,,,,,,
3e88b01c-8b7f-4eba-a18c-cae45223b4b4,Baps USPSA April 2025,2025-04-19,3,Yellow,f8184295-0eac-4d1e-a221-10eee7d71899,Meas Virak,42,55.47,12,64.99,Open,,,MINOR,,84.4839,72.1062,5.7878,15.55,20,,3,1,2,,,,,
3e88b01c-8b7f-4eba-a18c-cae45223b4b4,Baps USPSA April 2025,2025-04-19,3,Yellow,f8184295-0eac-4d1e-a221-10eee7d71899,Robert Hollier,43,55.37,14,55.37,Limited Optics,U,TY24941,MINOR,Super Senior,71.9866,71.9866,5.7782,21.46,23,,3,,,,,,,
3e88b01c-8b7f-4eba-a18c-cae45223b4b4,Baps USPSA April 2025,2025-04-19,3,Yellow,f8184295-0eac-4d1e-a221-10eee7d71899,Zuo Yihao,44,54.59,13,63.96,Open,U,A165414,MAJOR,,83.1512,70.9688,5.6965,20.89,19,,5,2,,,,,,
3e88b01c-8b7f-4eba-a18c-cae45223b4b4,Baps USPSA April 2025,2025-04-19,3,Yellow,f8184295-0eac-4d1e-a221-10eee7d71899,Gene Marsh,45,53.31,12,56.40,Carry Optics,U,TY 140365,MINOR,Super Senior,73.3168,69.3056,5.5630,22.29,23,,3,,,,,,,
3e88b01c-8b7f-4eba-a18c-cae45223b4b4,Baps USPSA April 2025,2025-04-19,3,Yellow,f8184295-0eac-4d1e-a221-10eee7d71899,Jason Armstrong,46,52.68,15,52.68,Limited Optics,C,A106377,MINOR,Senior,68.4784,68.4784,5.4966,20.74,18,,8,,,,,,,
3e88b01c-8b7f-4eba-a18c-cae45223b4b4,Baps USPSA April 2025,2025-04-19,3,Yellow,f8184295-0eac-4d1e-a221-10eee7d71899,michael Pontious,47,52.56,16,52.56,Limited Optics,B,94575,MINOR,Senior,68.3338,68.3338,5.4850,17.32,17,,6,2,1,,,,,
3e88b01c-8b7f-4eba-a18c-cae45223b4b4,Baps USPSA April 2025,2025-04-19,3,Yellow,f8184295-0eac-4d1e-a221-10eee7d71899,Bellamy Karys,48,52.44,17,52.44,Limited Optics,B,TY130774,MINOR,Lady; Junior,68.1769,68.1769,5.4724,17.36,16,,8,1,1,,,,,
3e88b01c-8b7f-4eba-a18c-cae45223b4b4,Baps USPSA April 2025,2025-04-19,3,Yellow,f8184295-0eac-4d1e-a221-10eee7d71899,Abelardo Nerida,49,51.51,1,100.00,Limited,U,,MAJOR,Senior,130.0000,66.9572,5.3745,23.63,23,,3,,,,,,,
3e88b01c-8b7f-4eba-a18c-cae45223b4b4,Baps USPSA April 2025,2025-04-19,3,Yellow,f8184295-0eac-4d1e-a221-10eee7d71899,Q Nguyen,50,51.50,14,60.34,Open,,TY99688,MAJOR,Senior,78.4364,66.9447,5.3735,18.61,14,,9,2,1,,,,,
3e88b01c-8b7f-4eba-a18c-cae45223b4b4,Baps USPSA April 2025,2025-04-19,3,Yellow,f8184295-0eac-4d1e-a221-10eee7d71899,Randy Goodney,51,51.06,18,51.06,Limited Optics,A,A94852,MINOR,,66.3816,66.3816,5.3283,18.58,18,,6,1,1,,,,,
3e88b01c-8b7f-4eba-a18c-cae45223b4b4,Baps USPSA April 2025,2025-04-19,3,Yellow,f8184295-0eac-4d1e-a221-10eee7d71899,Lee Smithheart,52,51.06,19,51.06,Limited Optics,C,TY111315,MINOR,Senior,66.3742,66.3742,5.3277,23.65,24,,2,,,,,,,
3e88b01c-8b7f-4eba-a18c-cae45223b4b4,Baps USPSA April 2025,2025-04-19,3,Yellow,f8184295-0eac-4d1e-a221-10eee7d71899,Casey Lawrence,53,50.86,20,50.86,Limited Optics,U,,MINOR,,66.1212,66.1212,5.3074,22.61,22,,3,1,,,,,,
3e88b01c-8b7f-4eba-a18c-cae45223b4b4,Baps USPSA April 2025,2025-04-19,3,Yellow,f8184295-0eac-4d1e-a221-10eee7d71899,Giao Le,54,50.57,13,53.49,Carry Optics,,,MINOR,,69.5396,65.7350,5.2764,23.88,24,,2,,,,,,,
3e88b01c-8b7f-4eba-a18c-cae45223b4b4,Baps USPSA April 2025,2025-04-19,3,Yellow,f8184295-0eac-4d1e-a221-10eee7d71899,Paul Piretti,55,47.16,21,47.16,Limited Optics,,A149477,MINOR,,61.3036,61.3036,4.9207,18.29,20,,3,1,2,,,,,
3e88b01c-8b7f-4eba-a18c-cae45223b4b4,Baps USPSA April 2025,2025-04-19,3,Yellow,f8184295-0eac-4d1e-a221-10eee7d71899,Jerry Dueitt,56,46.85,22,46.85,Limited Optics,B,Ty108354,MINOR,,60.9099,60.9099,4.8891,22.09,16,,9,1,,,,,,
3e88b01c-8b7f-4eba-a18c-cae45223b4b4,Baps USPSA April 2025,2025-04-19,3,Yellow,f8184295-0eac-4d1e-a221-10eee7d71899,thomas Zhang,57,46.85,15,54.89,Open,U,A145116,MINOR,,71.3628,60.9074,4.8889,20.25,19,,4,2,1,,,,,
3e88b01c-8b7f-4eba-a18c-cae45223b4b4,Baps USPSA April 2025,2025-04-19,3,Yellow,f8184295-0eac-4d1e-a221-10eee7d71899,jason Debord,58,45.75,14,48.39,Carry Optics,U,9229,MINOR,,62.9130,59.4710,4.7736,20.32,19,,3,3,1,,,,,
3e88b01c-8b7f-4eba-a18c-cae45223b4b4,Baps USPSA April 2025,2025-04-19,3,Yellow,f8184295-0eac-4d1e-a221-10eee7d71899,Kicker Cardenas,59,45.51,23,45.51,Limited Optics,U,A156703,MINOR,,59.1608,59.1608,4.7487,21.69,19,,6,,1,,,,,
3e88b01c-8b7f-4eba-a18c-cae45223b4b4,Baps USPSA April 2025,2025-04-19,3,Yellow,f8184295-0eac-4d1e-a221-10eee7d71899,Canh Le,60,45.32,24,45.32,Limited Optics,,,MINOR,,58.9116,58.9116,4.7287,25.80,23,,2,1,,,,,,
3e88b01c-8b7f-4eba-a18c-cae45223b4b4,Baps USPSA April 2025,2025-04-19,3,Yellow,f8184295-0eac-4d1e-a221-10eee7d71899,Viet Nguyen,61,44.58,4,47.01,PCC,,,MINOR,,61.1167,57.9598,4.6523,20.85,17,,7,1,1,,,,,
3e88b01c-8b7f-4eba-a18c-cae45223b4b4,Baps USPSA April 2025,2025-04-19,3,Yellow,f8184295-0eac-4d1e-a221-10eee7d71899,Charles Schumann,62,44.16,4,54.09,Production,U,,MINOR,,70.3183,57.4141,4.6085,22.35,19,,6,,1,,,,,
3e88b01c-8b7f-4eba-a18c-cae45223b4b4,Baps USPSA April 2025,2025-04-19,3,Yellow,f8184295-0eac-4d1e-a221-10eee7d71899,Chris Gaines,63,44.09,15,46.64,Carry Optics,U,A168156,MINOR,,60.6317,57.3145,4.6005,20.65,16,,8,1,1,,,,,
3e88b01c-8b7f-4eba-a18c-cae45223b4b4,Baps USPSA April 2025,2025-04-19,3,Yellow,f8184295-0eac-4d1e-a221-10eee7d71899,Steve Nguyen,64,44.00,16,46.55,Carry Optics,,,MINOR,,60.5144,57.2036,4.5916,26.57,22,,4,,,,,,,
3e88b01c-8b7f-4eba-a18c-cae45223b4b4,Baps USPSA April 2025,2025-04-19,3,Yellow,f8184295-0eac-4d1e-a221-10eee7d71899,Ralph Burbe,65,43.12,17,45.62,Carry Optics,U,,MINOR,,59.3072,56.0624,4.5000,22.00,22,,3,,1,,,1,,
3e88b01c-8b7f-4eba-a18c-cae45223b4b4,Baps USPSA April 2025,2025-04-19,3,Yellow,f8184295-0eac-4d1e-a221-10eee7d71899,John Burris,66,42.70,25,42.70,Limited Optics,U,,MINOR,,55.5117,55.5117,4.4558,27.38,22,,4,,,,,,,
3e88b01c-8b7f-4eba-a18c-cae45223b4b4,Baps USPSA April 2025,2025-04-19,3,Yellow,f8184295-0eac-4d1e-a221-10eee7d71899,Adam Post,67,42.23,26,42.23,Limited Optics,U,A83655,MINOR,,54.8976,54.8976,4.4065,28.14,23,,3,,,,,,,
3e88b01c-8b7f-4eba-a18c-cae45223b4b4,Baps USPSA April 2025,2025-04-19,3,Yellow,f8184295-0eac-4d1e-a221-10eee7d71899,Anthony Kurek Jr,68,41.60,18,44.00,Carry Optics,,FY154490,MINOR,,57.2037,54.0741,4.3404,23.50,16,,6,4,,,,,,
3e88b01c-8b7f-4eba-a18c-cae45223b4b4,Baps USPSA April 2025,2025-04-19,3,Yellow,f8184295-0eac-4d1e-a221-10eee7d71899,ross Pimentel,69,40.75,27,40.75,Limited Optics,C,A157753,MINOR,Senior,52.9777,52.9777,4.2524,21.87,16,,7,2,1,,,,,
3e88b01c-8b7f-4eba-a18c-cae45223b4b4,Baps USPSA April 2025,2025-04-19,3,Yellow,f8184295-0eac-4d1e-a221-10eee7d71899,bob Lyday,70,40.01,28,40.01,Limited Optics,C,A160925,MINOR,Super Senior,52.0085,52.0085,4.1746,26.35,18,,6,2,,,,,,
3e88b01c-8b7f-4eba-a18c-cae45223b4b4,Baps USPSA April 2025,2025-04-19,3,Yellow,f8184295-0eac-4d1e-a221-10eee7d71899,Ashley Krenek,71,38.11,19,40.32,Carry Optics,B,TY92392,MINOR,Lady,52.4130,49.5455,3.9769,31.18,23,,3,,,,,,,
3e88b01c-8b7f-4eba-a18c-cae45223b4b4,Baps USPSA April 2025,2025-04-19,3,Yellow,f8184295-0eac-4d1e-a221-10eee7d71899,Richard Dillow,72,32.95,16,38.61,Open,C,TY57446,MAJOR,,50.1944,42.8404,3.4387,32.57,22,,3,,1,,,,,
3e88b01c-8b7f-4eba-a18c-cae45223b4b4,Baps USPSA April 2025,2025-04-19,3,Yellow,f8184295-0eac-4d1e-a221-10eee7d71899,Nate Miranda,73,32.16,20,34.02,Carry Optics,U,,MINOR,,44.2221,41.8026,3.3554,22.65,18,,5,1,2,,,1,,
3e88b01c-8b7f-4eba-a18c-cae45223b4b4,Baps USPSA April 2025,2025-04-19,3,Yellow,f8184295-0eac-4d1e-a221-10eee7d71899,Byron Frank,74,31.99,21,33.84,Carry Optics,C,A139338,MINOR,Super Senior,43.9927,41.5858,3.3380,35.95,21,,5,,,,,,,
3e88b01c-8b7f-4eba-a18c-cae45223b4b4,Baps USPSA April 2025,2025-04-19,3,Yellow,f8184295-0eac-4d1e-a221-10eee7d71899,Alice Davis,75,27.52,22,29.11,Carry Optics,U,TY 137979,MINOR,Lady; Super Senior,37.8446,35.7740,2.8715,43.88,24,,2,,,,,,,
3e88b01c-8b7f-4eba-a18c-cae45223b4b4,Baps USPSA April 2025,2025-04-19,3,Yellow,f8184295-0eac-4d1e-a221-10eee7d71899,Michael Sookngan,76,25.70,23,27.19,Carry Optics,,A166135,MINOR,,35.3471,33.4132,2.6820,23.49,13,,9,1,3,,,,,
3e88b01c-8b7f-4eba-a18c-cae45223b4b4,Baps USPSA April 2025,2025-04-19,3,Yellow,f8184295-0eac-4d1e-a221-10eee7d71899,John Stokes,77,23.96,2,46.53,Limited,U,,MINOR,Super Senior,60.4853,31.1533,2.5006,44.39,23,,2,,1,,,,,
3e88b01c-8b7f-4eba-a18c-cae45223b4b4,Baps USPSA April 2025,2025-04-19,3,Yellow,f8184295-0eac-4d1e-a221-10eee7d71899,Lawney Morales,78,16.44,5,20.14,Production,,,MINOR,,26.1804,21.3760,1.7158,47.79,16,,7,1,2,,,,,
3e88b01c-8b7f-4eba-a18c-cae45223b4b4,Baps USPSA April 2025,2025-04-19,3,Yellow,f8184295-0eac-4d1e-a221-10eee7d71899,Adam Bandiera,79,0.00,29,0.00,Limited Optics,A,A148375,MINOR,,0.0000,0.0000,,,,,,,,,,,,
3e88b01c-8b7f-4eba-a18c-cae45223b4b4,Baps USPSA April 2025,2025-04-19,4,Green,77a50a7d-12b4-4ce1-984b-382410ede3ba,Mike Junco,1,100.00,1,100.00,Limited Optics,M,A34819,MINOR,Senior; Law,160.0000,160.0000,8.6331,18.07,30,,2,,,,,,,
3e88b01c-8b7f-4eba-a18c-cae45223b4b4,Baps USPSA April 2025,2025-04-19,4,Green,77a50a7d-12b4-4ce1-984b-382410ede3ba,Matthew Michna,2,98.08,1,100.00,Carry Optics,M,A128405,MINOR,,160.0000,156.9272,8.4673,18.66,31,,1,,,,,,,
3e88b01c-8b7f-4eba-a18c-cae45223b4b4,Baps USPSA April 2025,2025-04-19,4,Green,77a50a7d-12b4-4ce1-984b-382410ede3ba,Ryan Jaw,3,91.22,1,100.00,Open,U,TY142907,MAJOR,,160.0000,145.9480,7.8749,18.54,22,,8,2,,,,,,
3e88b01c-8b7f-4eba-a18c-cae45223b4b4,Baps USPSA April 2025,2025-04-19,4,Green,77a50a7d-12b4-4ce1-984b-382410ede3ba,Berrhett Foss,4,90.99,2,92.77,Carry Optics,B,A143624,MINOR,,148.4298,145.5792,7.8550,19.86,30,,2,,,,,,,
3e88b01c-8b7f-4eba-a18c-cae45223b4b4,Baps USPSA April 2025,2025-04-19,4,Green,77a50a7d-12b4-4ce1-984b-382410ede3ba,Andy Chen,5,90.75,2,90.75,Limited Optics,A,A86721,MINOR,,145.2049,145.2049,7.8348,18.89,26,,6,,,,,,,
3e88b01c-8b7f-4eba-a18c-cae45223b4b4,Baps USPSA April 2025,2025-04-19,4,Green,77a50a7d-12b4-4ce1-984b-382410ede3ba,craig Bellamy,6,90.36,3,92.13,Carry Optics,M,Ty54824,MINOR,Law,147.4094,144.5784,7.8010,17.69,23,,7,2,,,,,,
3e88b01c-8b7f-4eba-a18c-cae45223b4b4,Baps USPSA April 2025,2025-04-19,4,Green,77a50a7d-12b4-4ce1-984b-382410ede3ba,august Balagtas,7,89.65,2,98.28,Open,M,L3674,MAJOR,,157.2510,143.4405,7.7396,19.51,23,,9,,,,,,,
3e88b01c-8b7f-4eba-a18c-cae45223b4b4,Baps USPSA April 2025,2025-04-19,4,Green,77a50a7d-12b4-4ce1-984b-382410ede3ba,Dywne Mendoza,8,88.74,1,100.00,Production,,,MINOR,,160.0000,141.9819,7.6609,19.58,27,,5,,,,,,,
3e88b01c-8b7f-4eba-a18c-cae45223b4b4,Baps USPSA April 2025,2025-04-19,4,Green,77a50a7d-12b4-4ce1-984b-382410ede3ba,Andrew Whitley,9,87.21,3,95.61,Open,A,TY106649,MAJOR,,152.9741,139.5392,7.5291,19.79,23,,8,1,,,,,,
3e88b01c-8b7f-4eba-a18c-cae45223b4b4,Baps USPSA April 2025,2025-04-19,4,Green,77a50a7d-12b4-4ce1-984b-382410ede3ba,Top Dollar,10,85.12,2,95.92,Production,A,,MINOR,,153.4775,136.1940,7.3486,20.14,26,,6,,,,,,,
3e88b01c-8b7f-4eba-a18c-cae45223b4b4,Baps USPSA April 2025,2025-04-19,4,Green,77a50a7d-12b4-4ce1-984b-382410ede3ba,Steven McNamara,11,83.87,4,91.94,Open,B,A75212,MAJOR,Senior,147.1043,134.1849,7.2402,21.27,26,,6,,,,,,,
3e88b01c-8b7f-4eba-a18c-cae45223b4b4,Baps USPSA April 2025,2025-04-19,4,Green,77a50a7d-12b4-4ce1-984b-382410ede3ba,Q Nguyen,12,82.62,5,90.57,Open,,TY99688,MAJOR,Senior,144.9161,132.1889,7.1325,20.61,21,,10,1,,,,,,
3e88b01c-8b7f-4eba-a18c-cae45223b4b4,Baps USPSA April 2025,2025-04-19,4,Green,77a50a7d-12b4-4ce1-984b-382410ede3ba,Matthew Lem,13,82.25,3,82.25,Limited Optics,A,A34763,MINOR,Senior; Law,131.5977,131.5977,7.1006,20.28,24,,8,,,,,,,
3e88b01c-8b7f-4eba-a18c-cae45223b4b4,Baps USPSA April 2025,2025-04-19,4,Green,77a50a7d-12b4-4ce1-984b-382410ede3ba,Paul Felker,14,81.35,4,81.35,Limited Optics,A,TY1087123,MINOR,,130.1539,130.1539,7.0227,20.22,24,,7,1,,,,,,
3e88b01c-8b7f-4eba-a18c-cae45223b4b4,Baps USPSA April 2025,2025-04-19,4,Green,77a50a7d-12b4-4ce1-984b-382410ede3ba,Zachary Ralston,15,80.93,5,80.93,Limited Optics,A,A123081,MINOR,,129.4830,129.4830,6.9865,21.47,27,,5,,,,,,,
3e88b01c-8b7f-4eba-a18c-cae45223b4b4,Baps USPSA April 2025,2025-04-19,4,Green,77a50a7d-12b4-4ce1-984b-382410ede3ba,phyl Santos,16,80.64,4,82.22,Carry Optics,B,A155981,MINOR,,131.5498,129.0234,6.9617,20.11,23,,8,1,,,,,,
3e88b01c-8b7f-4eba-a18c-cae45223b4b4,Baps USPSA April 2025,2025-04-19,4,Green,77a50a7d-12b4-4ce1-984b-382410ede3ba,Phan Tony,17,80.61,5,82.19,Carry Optics,A,TY11963,MINOR,Law,131.5026,128.9771,6.9592,19.83,23,,7,2,,,,,,
3e88b01c-8b7f-4eba-a18c-cae45223b4b4,Baps USPSA April 2025,2025-04-19,4,Green,77a50a7d-12b4-4ce1-984b-382410ede3ba,David Zhang,18,79.76,6,87.43,Open,C,FY140383,MAJOR,,139.8956,127.6093,6.8854,21.64,27,,2,3,,,,,,
3e88b01c-8b7f-4eba-a18c-cae45223b4b4,Baps USPSA April 2025,2025-04-19,4,Green,77a50a7d-12b4-4ce1-984b-382410ede3ba,James Rogers,19,78.48,6,80.01,Carry Optics,C,A101402,MINOR,Law,128.0200,125.5614,6.7749,21.55,25,,7,,,,,,,
3e88b01c-8b7f-4eba-a18c-cae45223b4b4,Baps USPSA April 2025,2025-04-19,4,Green,77a50a7d-12b4-4ce1-984b-382410ede3ba,Bellamy Karys,20,76.13,6,76.13,Limited Optics,B,TY130774,MINOR,Lady; Junior,121.8158,121.8158,6.5728,21.30,24,,6,2,,,,,,
3e88b01c-8b7f-4eba-a18c-cae45223b4b4,Baps USPSA April 2025,2025-04-19,4,Green,77a50a7d-12b4-4ce1-984b-382410ede3ba,jack Liu,21,75.74,1,100.00,PCC,A,L6156,MINOR,Law,160.0000,121.1764,6.5383,22.33,25,,7,,,,,,,
3e88b01c-8b7f-4eba-a18c-cae45223b4b4,Baps USPSA April 2025,2025-04-19,4,Green,77a50a7d-12b4-4ce1-984b-382410ede3ba,jon Baguio,22,73.67,7,80.76,Open,,,MAJOR,,129.2166,117.8682,6.3598,21.07,20,,11,,1,,,,,
3e88b01c-8b7f-4eba-a18c-cae45223b4b4,Baps USPSA April 2025,2025-04-19,4,Green,77a50a7d-12b4-4ce1-984b-382410ede3ba,Phillip Nguyen,23,73.04,7,73.04,Limited Optics,,,MINOR,,116.8693,116.8693,6.3059,23.47,26,,6,,,,,,,
3e88b01c-8b7f-4eba-a18c-cae45223b4b4,Baps USPSA April 2025,2025-04-19,4,Green,77a50a7d-12b4-4ce1-984b-382410ede3ba,Jerry McClain,24,72.56,8,72.56,Limited Optics,C,A48726,MINOR,Law,116.0890,116.0890,6.2638,22.67,24,,7,1,,,,,,
3e88b01c-8b7f-4eba-a18c-cae45223b4b4,Baps USPSA April 2025,2025-04-19,4,Green,77a50a7d-12b4-4ce1-984b-382410ede3ba,Randy Goodney,25,71.51,9,71.51,Limited Optics,A,A94852,MINOR,,114.4136,114.4136,6.1734,23.65,25,,7,,,,,,,
3e88b01c-8b7f-4eba-a18c-cae45223b4b4,Baps USPSA April 2025,2025-04-19,4,Green,77a50a7d-12b4-4ce1-984b-382410ede3ba,Marlon Cute Poralan,26,71.06,8,77.90,Open,,,MAJOR,,124.6390,113.6926,6.1345,23.80,22,,8,2,,,,,,
3e88b01c-8b7f-4eba-a18c-cae45223b4b4,Baps USPSA April 2025,2025-04-19,4,Green,77a50a7d-12b4-4ce1-984b-382410ede3ba,Paul Piretti,27,70.42,10,70.42,Limited Optics,,A149477,MINOR,,112.6696,112.6696,6.0793,22.70,22,,9,1,,,,,,
3e88b01c-8b7f-4eba-a18c-cae45223b4b4,Baps USPSA April 2025,2025-04-19,4,Green,77a50a7d-12b4-4ce1-984b-382410ede3ba,Zuo Yihao,28,70.35,9,77.13,Open,U,A165414,MAJOR,,123.4058,112.5677,6.0738,23.05,26,,5,,1,,,,,
3e88b01c-8b7f-4eba-a18c-cae45223b4b4,Baps USPSA April 2025,2025-04-19,4,Green,77a50a7d-12b4-4ce1-984b-382410ede3ba,Andrew Philip,29,69.27,11,69.27,Limited Optics,C,A153653,MINOR,,110.8330,110.8330,5.9802,22.24,26,,4,1,1,,,,,
3e88b01c-8b7f-4eba-a18c-cae45223b4b4,Baps USPSA April 2025,2025-04-19,4,Green,77a50a7d-12b4-4ce1-984b-382410ede3ba,Daniel Alexander,30,68.22,12,68.22,Limited Optics,,,MINOR,,109.1446,109.1446,5.8891,26.15,29,,3,,,,,,,
3e88b01c-8b7f-4eba-a18c-cae45223b4b4,Baps USPSA April 2025,2025-04-19,4,Green,77a50a7d-12b4-4ce1-984b-382410ede3ba,Chris Nagala,31,68.14,13,68.14,Limited Optics,B,TY97712,MINOR,,109.0204,109.0204,5.8824,26.18,29,,3,,,,,,,
3e88b01c-8b7f-4eba-a18c-cae45223b4b4,Baps USPSA April 2025,2025-04-19,4,Green,77a50a7d-12b4-4ce1-984b-382410ede3ba,michael Pontious,32,67.64,14,67.64,Limited Optics,B,94575,MINOR,Senior,108.2235,108.2235,5.8394,24.66,26,,4,2,,,,,,
3e88b01c-8b7f-4eba-a18c-cae45223b4b4,Baps USPSA April 2025,2025-04-19,4,Green,77a50a7d-12b4-4ce1-984b-382410ede3ba,Jim Duncan,33,67.32,15,67.32,Limited Optics,,,MINOR,,107.7119,107.7119,5.8118,27.53,32,,,,,,,,,
3e88b01c-8b7f-4eba-a18c-cae45223b4b4,Baps USPSA April 2025,2025-04-19,4,Green,77a50a7d-12b4-4ce1-984b-382410ede3ba,Brian Whelihan,34,65.87,16,65.87,Limited Optics,U,40226,MINOR,,105.3990,105.3990,5.6870,21.98,23,,6,2,1,,,,,
3e88b01c-8b7f-4eba-a18c-cae45223b4b4,Baps USPSA April 2025,2025-04-19,4,Green,77a50a7d-12b4-4ce1-984b-382410ede3ba,paul Torre,35,65.70,7,66.98,Carry Optics,B,A88028,MINOR,Law,107.1756,105.1173,5.6718,18.16,28,,1,,3,,,1,,
3e88b01c-8b7f-4eba-a18c-cae45223b4b4,Baps USPSA April 2025,2025-04-19,4,Green,77a50a7d-12b4-4ce1-984b-382410ede3ba,nick bolo,36,65.44,10,71.74,Open,B,,MAJOR,Senior; Super Senior,114.7849,104.7040,5.6495,24.25,25,,5,1,1,,,,,
3e88b01c-8b7f-4eba-a18c-cae45223b4b4,Baps USPSA April 2025,2025-04-19,4,Green,77a50a7d-12b4-4ce1-984b-382410ede3ba,Ashley Krenek,37,65.44,8,66.72,Carry Optics,B,TY92392,MINOR,Lady,106.7486,104.6984,5.6492,20.18,27,,3,,2,,,1,,
3e88b01c-8b7f-4eba-a18c-cae45223b4b4,Baps USPSA April 2025,2025-04-19,4,Green,77a50a7d-12b4-4ce1-984b-382410ede3ba,Gerrit Milks,38,64.77,2,85.52,PCC,,,MINOR,,136.8356,103.6328,5.5917,23.07,23,,8,,1,,,,,
3e88b01c-8b7f-4eba-a18c-cae45223b4b4,Baps USPSA April 2025,2025-04-19,4,Green,77a50a7d-12b4-4ce1-984b-382410ede3ba,Nate Miranda,39,63.91,9,65.16,Carry Optics,U,,MINOR,,104.2542,102.2520,5.5172,27.55,28,,4,,,,,,,
3e88b01c-8b7f-4eba-a18c-cae45223b4b4,Baps USPSA April 2025,2025-04-19,4,Green,77a50a7d-12b4-4ce1-984b-382410ede3ba,Yetta Jones,40,63.88,10,65.13,Carry Optics,C,TY139120,MINOR,Lady,104.2070,102.2057,5.5147,27.20,27,,5,,,,,,,
3e88b01c-8b7f-4eba-a18c-cae45223b4b4,Baps USPSA April 2025,2025-04-19,4,Green,77a50a7d-12b4-4ce1-984b-382410ede3ba,Meas Virak,41,63.46,11,69.57,Open,,,MINOR,,111.3187,101.5422,5.4789,23.91,24,,7,,1,,,,,
3e88b01c-8b7f-4eba-a18c-cae45223b4b4,Baps USPSA April 2025,2025-04-19,4,Green,77a50a7d-12b4-4ce1-984b-382410ede3ba,Abelardo Nerida,42,63.36,1,100.00,Limited,U,,MAJOR,Senior,160.0000,101.3698,5.4696,29.07,31,,1,,,,,,,
3e88b01c-8b7f-4eba-a18c-cae45223b4b4,Baps USPSA April 2025,2025-04-19,4,Green,77a50a7d-12b4-4ce1-984b-382410ede3ba,Kyle Post,43,62.82,3,70.79,Production,M,A74846,MINOR,Law,113.2608,100.5062,5.4230,23.05,22,,8,1,1,,,,,
3e88b01c-8b7f-4eba-a18c-cae45223b4b4,Baps USPSA April 2025,2025-04-19,4,Green,77a50a7d-12b4-4ce1-984b-382410ede3ba,yanlin Xiang,44,62.64,17,62.64,Limited Optics,C,A164967,MINOR,,100.2263,100.2263,5.4079,21.45,23,,7,,2,,,,,
3e88b01c-8b7f-4eba-a18c-cae45223b4b4,Baps USPSA April 2025,2025-04-19,4,Green,77a50a7d-12b4-4ce1-984b-382410ede3ba,cliff Pinsent,45,60.49,12,66.31,Open,B,FY99321,MAJOR,Distinguished Senior,106.0951,96.7773,5.2218,29.30,25,,7,,,,,,,
3e88b01c-8b7f-4eba-a18c-cae45223b4b4,Baps USPSA April 2025,2025-04-19,4,Green,77a50a7d-12b4-4ce1-984b-382410ede3ba,Dave Campbell,46,58.87,13,64.54,Open,U,,MAJOR,Distinguished Senior,103.2628,94.1937,5.0824,28.53,23,,6,3,,,,,,
3e88b01c-8b7f-4eba-a18c-cae45223b4b4,Baps USPSA April 2025,2025-04-19,4,Green,77a50a7d-12b4-4ce1-984b-382410ede3ba,Chris Gaines,47,56.47,11,57.58,Carry Optics,U,A168156,MINOR,,92.1267,90.3573,4.8754,27.28,30,,1,,1,,,1,,
3e88b01c-8b7f-4eba-a18c-cae45223b4b4,Baps USPSA April 2025,2025-04-19,4,Green,77a50a7d-12b4-4ce1-984b-382410ede3ba,rene Zalamea,48,53.63,12,54.68,Carry Optics,C,A66891,MINOR,Senior,87.4820,85.8019,4.6296,30.24,25,,4,3,,,,,,
3e88b01c-8b7f-4eba-a18c-cae45223b4b4,Baps USPSA April 2025,2025-04-19,4,Green,77a50a7d-12b4-4ce1-984b-382410ede3ba,Glenn Cunningham,49,53.06,3,70.06,PCC,C,A78280,MINOR,Distinguished Senior,112.0976,84.8974,4.5808,24.45,26,,4,,2,,,1,,
3e88b01c-8b7f-4eba-a18c-cae45223b4b4,Baps USPSA April 2025,2025-04-19,4,Green,77a50a7d-12b4-4ce1-984b-382410ede3ba,Canh Le,50,51.28,18,51.28,Limited Optics,,,MINOR,,82.0544,82.0544,4.4274,33.88,28,,3,1,,,,,,
3e88b01c-8b7f-4eba-a18c-cae45223b4b4,Baps USPSA April 2025,2025-04-19,4,Green,77a50a7d-12b4-4ce1-984b-382410ede3ba,Joe Dalson-Peacock,51,51.23,13,52.23,Carry Optics,,,MINOR,,83.5667,81.9618,4.4224,30.30,21,,9,2,,,,,,
3e88b01c-8b7f-4eba-a18c-cae45223b4b4,Baps USPSA April 2025,2025-04-19,4,Green,77a50a7d-12b4-4ce1-984b-382410ede3ba,Jason Armstrong,52,50.19,19,50.19,Limited Optics,C,A106377,MINOR,Senior,80.3012,80.3012,4.3328,34.62,27,,5,,,,,,,
3e88b01c-8b7f-4eba-a18c-cae45223b4b4,Baps USPSA April 2025,2025-04-19,4,Green,77a50a7d-12b4-4ce1-984b-382410ede3ba,jason Debord,53,49.72,14,50.69,Carry Optics,U,9229,MINOR,,81.1045,79.5469,4.2921,35.88,29,,3,,,,,,,
3e88b01c-8b7f-4eba-a18c-cae45223b4b4,Baps USPSA April 2025,2025-04-19,4,Green,77a50a7d-12b4-4ce1-984b-382410ede3ba,Kicker Cardenas,54,48.76,20,48.76,Limited Optics,U,A156703,MINOR,,78.0123,78.0123,4.2093,35.16,26,,6,,,,,,,
3e88b01c-8b7f-4eba-a18c-cae45223b4b4,Baps USPSA April 2025,2025-04-19,4,Green,77a50a7d-12b4-4ce1-984b-382410ede3ba,thomas Zhang,55,48.57,14,53.25,Open,U,A145116,MINOR,,85.2024,77.7195,4.1935,27.90,19,,10,2,1,,,,,
3e88b01c-8b7f-4eba-a18c-cae45223b4b4,Baps USPSA April 2025,2025-04-19,4,Green,77a50a7d-12b4-4ce1-984b-382410ede3ba,Chuck Schumann,56,48.02,15,52.65,Open,U,1585,MINOR,,84.2332,76.8354,4.1458,27.98,28,,2,,2,,,1,,
3e88b01c-8b7f-4eba-a18c-cae45223b4b4,Baps USPSA April 2025,2025-04-19,4,Green,77a50a7d-12b4-4ce1-984b-382410ede3ba,Robert Hollier,57,46.93,21,46.93,Limited Optics,U,TY24941,MINOR,Super Senior,75.0840,75.0840,4.0513,34.31,28,,3,,1,,,,,
3e88b01c-8b7f-4eba-a18c-cae45223b4b4,Baps USPSA April 2025,2025-04-19,4,Green,77a50a7d-12b4-4ce1-984b-382410ede3ba,Adam Post,58,45.24,22,45.24,Limited Optics,U,A83655,MINOR,,72.3893,72.3893,3.9059,39.94,30,,2,,,,,,,
3e88b01c-8b7f-4eba-a18c-cae45223b4b4,Baps USPSA April 2025,2025-04-19,4,Green,77a50a7d-12b4-4ce1-984b-382410ede3ba,Casey Lawrence,59,45.13,23,45.13,Limited Optics,U,,MINOR,,72.2151,72.2151,3.8965,29.77,28,,2,,2,,,1,,
3e88b01c-8b7f-4eba-a18c-cae45223b4b4,Baps USPSA April 2025,2025-04-19,4,Green,77a50a7d-12b4-4ce1-984b-382410ede3ba,ross Pimentel,60,44.96,24,44.96,Limited Optics,C,A157753,MINOR,Senior,71.9334,71.9334,3.8813,26.28,21,,4,5,2,,,,,
3e88b01c-8b7f-4eba-a18c-cae45223b4b4,Baps USPSA April 2025,2025-04-19,4,Green,77a50a7d-12b4-4ce1-984b-382410ede3ba,John Burris,61,43.30,25,43.30,Limited Optics,U,,MINOR,,69.2831,69.2831,3.7383,26.75,23,,4,3,2,,,1,,
3e88b01c-8b7f-4eba-a18c-cae45223b4b4,Baps USPSA April 2025,2025-04-19,4,Green,77a50a7d-12b4-4ce1-984b-382410ede3ba,Seth Davis,62,41.85,15,42.67,Carry Optics,U,A167963,MINOR,,68.2758,66.9646,3.6132,38.47,28,,3,,1,,,,,
3e88b01c-8b7f-4eba-a18c-cae45223b4b4,Baps USPSA April 2025,2025-04-19,4,Green,77a50a7d-12b4-4ce1-984b-382410ede3ba,Ralph Burbe,63,41.02,16,41.83,Carry Optics,U,,MINOR,,66.9210,65.6358,3.5415,32.19,27,,3,,2,,,1,,
3e88b01c-8b7f-4eba-a18c-cae45223b4b4,Baps USPSA April 2025,2025-04-19,4,Green,77a50a7d-12b4-4ce1-984b-382410ede3ba,Byron Frank,64,41.00,17,41.80,Carry Optics,C,A139338,MINOR,Super Senior,66.8813,65.5968,3.5394,42.38,28,,3,1,,,,,,
3e88b01c-8b7f-4eba-a18c-cae45223b4b4,Baps USPSA April 2025,2025-04-19,4,Green,77a50a7d-12b4-4ce1-984b-382410ede3ba,Viet Nguyen,65,39.86,4,52.63,PCC,,,MINOR,,84.2127,63.7787,3.4413,24.70,17,,9,3,3,,,,,
3e88b01c-8b7f-4eba-a18c-cae45223b4b4,Baps USPSA April 2025,2025-04-19,4,Green,77a50a7d-12b4-4ce1-984b-382410ede3ba,Giao Le,66,38.21,18,38.96,Carry Optics,,,MINOR,,62.3405,61.1433,3.2991,40.92,27,,3,1,1,,,,,
3e88b01c-8b7f-4eba-a18c-cae45223b4b4,Baps USPSA April 2025,2025-04-19,4,Green,77a50a7d-12b4-4ce1-984b-382410ede3ba,Steve Nguyen,67,37.33,19,38.06,Carry Optics,,,MINOR,,60.9006,59.7310,3.2229,44.68,24,,8,,,,,,,
3e88b01c-8b7f-4eba-a18c-cae45223b4b4,Baps USPSA April 2025,2025-04-19,4,Green,77a50a7d-12b4-4ce1-984b-382410ede3ba,Gene Marsh,68,37.08,20,37.81,Carry Optics,U,TY 140365,MINOR,Super Senior,60.4925,59.3307,3.2013,44.67,30,,1,,1,,,,,
3e88b01c-8b7f-4eba-a18c-cae45223b4b4,Baps USPSA April 2025,2025-04-19,4,Green,77a50a7d-12b4-4ce1-984b-382410ede3ba,Jerry Dueitt,69,33.88,26,33.88,Limited Optics,B,Ty108354,MINOR,,54.2044,54.2044,2.9247,32.14,27,,3,,2,,1,2,,
3e88b01c-8b7f-4eba-a18c-cae45223b4b4,Baps USPSA April 2025,2025-04-19,4,Green,77a50a7d-12b4-4ce1-984b-382410ede3ba,Anthony Kurek Jr,70,32.86,21,33.51,Carry Optics,,FY154490,MINOR,,53.6105,52.5809,2.8371,37.01,13,,16,2,1,,,,,
3e88b01c-8b7f-4eba-a18c-cae45223b4b4,Baps USPSA April 2025,2025-04-19,4,Green,77a50a7d-12b4-4ce1-984b-382410ede3ba,Lee Smithheart,71,32.61,27,32.61,Limited Optics,C,TY111315,MINOR,Senior,52.1806,52.1806,2.8155,30.90,20,,9,,3,,,1,,
3e88b01c-8b7f-4eba-a18c-cae45223b4b4,Baps USPSA April 2025,2025-04-19,4,Green,77a50a7d-12b4-4ce1-984b-382410ede3ba,Richard Dillow,72,32.30,16,35.41,Open,C,TY57446,MAJOR,,56.6580,51.6820,2.7886,54.15,23,,9,,,,,,,
3e88b01c-8b7f-4eba-a18c-cae45223b4b4,Baps USPSA April 2025,2025-04-19,4,Green,77a50a7d-12b4-4ce1-984b-382410ede3ba,Lawney Morales,73,29.64,4,33.40,Production,,,MINOR,,53.4392,47.4212,2.5587,47.29,23,,4,4,1,,,,,
3e88b01c-8b7f-4eba-a18c-cae45223b4b4,Baps USPSA April 2025,2025-04-19,4,Green,77a50a7d-12b4-4ce1-984b-382410ede3ba,John Stokes,74,28.38,2,44.79,Limited,U,,MINOR,Super Senior,71.6601,45.4011,2.4497,59.60,26,,5,1,,,,,,
3e88b01c-8b7f-4eba-a18c-cae45223b4b4,Baps USPSA April 2025,2025-04-19,4,Green,77a50a7d-12b4-4ce1-984b-382410ede3ba,Charles Schumann,75,27.64,5,31.15,Production,U,,MINOR,,49.8364,44.2242,2.3862,59.51,29,,2,1,,,1,,,
3e88b01c-8b7f-4eba-a18c-cae45223b4b4,Baps USPSA April 2025,2025-04-19,4,Green,77a50a7d-12b4-4ce1-984b-382410ede3ba,Alice Davis,76,23.99,22,24.46,Carry Optics,U,TY 137979,MINOR,Lady; Super Senior,39.1397,38.3881,2.0713,76.28,31,,1,,,,,,,
3e88b01c-8b7f-4eba-a18c-cae45223b4b4,Baps USPSA April 2025,2025-04-19,4,Green,77a50a7d-12b4-4ce1-984b-382410ede3ba,bob Lyday,77,19.80,28,19.80,Limited Optics,C,A160925,MINOR,Super Senior,31.6809,31.6809,1.7094,35.10,20,,6,2,4,,,2,,
3e88b01c-8b7f-4eba-a18c-cae45223b4b4,Baps USPSA April 2025,2025-04-19,4,Green,77a50a7d-12b4-4ce1-984b-382410ede3ba,Michael Sookngan,78,12.83,23,13.08,Carry Optics,,A166135,MINOR,,20.9332,20.5312,1.1078,49.65,15,,9,3,5,,,,,
3e88b01c-8b7f-4eba-a18c-cae45223b4b4,Baps USPSA April 2025,2025-04-19,4,Green,77a50a7d-12b4-4ce1-984b-382410ede3ba,Adam Bandiera,79,0.00,29,0.00,Limited Optics,A,A148375,MINOR,,0.0000,0.0000,0.0000,16.62,12,,4,,16,,,,,
3e88b01c-8b7f-4eba-a18c-cae45223b4b4,Baps USPSA April 2025,2025-04-19,5,Blue,2cc83ce2-9a77-4177-b2ef-7813551c9aa7,Mike Junco,1,100.00,1,100.00,Limited Optics,M,A34819,MINOR,Senior; Law,75.0000,75.0000,7.3728,9.63,13,,2,,,,,,,
3e88b01c-8b7f-4eba-a18c-cae45223b4b4,Baps USPSA April 2025,2025-04-19,5,Blue,2cc83ce2-9a77-4177-b2ef-7813551c9aa7,Kyle Post,2,97.65,1,100.00,Production,M,A74846,MINOR,Law,75.0000,73.2340,7.1992,10.14,14,,1,,,,,,,
3e88b01c-8b7f-4eba-a18c-cae45223b4b4,Baps USPSA April 2025,2025-04-19,5,Blue,2cc83ce2-9a77-4177-b2ef-7813551c9aa7,craig Bellamy,3,95.92,1,100.00,Carry Optics,M,Ty54824,MINOR,Law,75.0000,71.9371,7.0717,10.04,13,,2,,,,,,,
3e88b01c-8b7f-4eba-a18c-cae45223b4b4,Baps USPSA April 2025,2025-04-19,5,Blue,2cc83ce2-9a77-4177-b2ef-7813551c9aa7,Andrew Whitley,4,95.79,1,100.00,Open,A,TY106649,MAJOR,,75.0000,71.8394,7.0621,10.62,15,,,,,,,,,
3e88b01c-8b7f-4eba-a18c-cae45223b4b4,Baps USPSA April 2025,2025-04-19,5,Blue,2cc83ce2-9a77-4177-b2ef-7813551c9aa7,paul Torre,5,93.15,2,97.11,Carry Optics,B,A88028,MINOR,Law,72.8333,69.8588,6.8674,10.63,14,,1,,,,,,,
3e88b01c-8b7f-4eba-a18c-cae45223b4b4,Baps USPSA April 2025,2025-04-19,5,Blue,2cc83ce2-9a77-4177-b2ef-7813551c9aa7,jack Liu,6,92.48,1,100.00,PCC,A,L6156,MINOR,Law,75.0000,69.3583,6.8182,10.12,12,,3,,,,,,,
3e88b01c-8b7f-4eba-a18c-cae45223b4b4,Baps USPSA April 2025,2025-04-19,5,Blue,2cc83ce2-9a77-4177-b2ef-7813551c9aa7,Chuck Schumann,7,87.16,2,90.99,Open,U,1585,MINOR,,68.2456,65.3697,6.4261,11.36,14,,1,,,,,,,
3e88b01c-8b7f-4eba-a18c-cae45223b4b4,Baps USPSA April 2025,2025-04-19,5,Blue,2cc83ce2-9a77-4177-b2ef-7813551c9aa7,Matthew Michna,8,86.57,3,90.26,Carry Optics,M,A128405,MINOR,,67.6959,64.9312,6.3830,11.75,15,,,,,,,,,
3e88b01c-8b7f-4eba-a18c-cae45223b4b4,Baps USPSA April 2025,2025-04-19,5,Blue,2cc83ce2-9a77-4177-b2ef-7813551c9aa7,Paul Felker,9,83.66,2,83.66,Limited Optics,A,TY1087123,MINOR,,62.7421,62.7421,6.1678,12.16,15,,,,,,,,,
3e88b01c-8b7f-4eba-a18c-cae45223b4b4,Baps USPSA April 2025,2025-04-19,5,Blue,2cc83ce2-9a77-4177-b2ef-7813551c9aa7,Chris Gaines,10,83.18,4,86.72,Carry Optics,U,A168156,MINOR,,65.0392,62.3830,6.1325,12.23,15,,,,,,,,,
3e88b01c-8b7f-4eba-a18c-cae45223b4b4,Baps USPSA April 2025,2025-04-19,5,Blue,2cc83ce2-9a77-4177-b2ef-7813551c9aa7,Phan Tony,11,82.17,5,85.67,Carry Optics,A,TY11963,MINOR,Law,64.2490,61.6252,6.0580,11.72,13,,2,,,,,,,
3e88b01c-8b7f-4eba-a18c-cae45223b4b4,Baps USPSA April 2025,2025-04-19,5,Blue,2cc83ce2-9a77-4177-b2ef-7813551c9aa7,Top Dollar,12,80.37,2,82.30,Production,A,,MINOR,,61.7287,60.2753,5.9253,12.32,14,,1,,,,,,,
3e88b01c-8b7f-4eba-a18c-cae45223b4b4,Baps USPSA April 2025,2025-04-19,5,Blue,2cc83ce2-9a77-4177-b2ef-7813551c9aa7,Adam Bandiera,13,79.72,3,79.72,Limited Optics,A,A148375,MINOR,,59.7900,59.7900,5.8776,12.42,14,,1,,,,,,,
3e88b01c-8b7f-4eba-a18c-cae45223b4b4,Baps USPSA April 2025,2025-04-19,5,Blue,2cc83ce2-9a77-4177-b2ef-7813551c9aa7,Gerrit Milks,14,79.22,2,85.67,PCC,,,MINOR,,64.2519,59.4187,5.8411,12.84,15,,,,,,,,,
3e88b01c-8b7f-4eba-a18c-cae45223b4b4,Baps USPSA April 2025,2025-04-19,5,Blue,2cc83ce2-9a77-4177-b2ef-7813551c9aa7,Jerry McClain,15,78.27,4,78.27,Limited Optics,C,A48726,MINOR,Law,58.7036,58.7036,5.7708,12.65,14,,1,,,,,,,
3e88b01c-8b7f-4eba-a18c-cae45223b4b4,Baps USPSA April 2025,2025-04-19,5,Blue,2cc83ce2-9a77-4177-b2ef-7813551c9aa7,Zachary Ralston,16,75.35,5,75.35,Limited Optics,A,A123081,MINOR,,56.5145,56.5145,5.5556,13.14,14,,1,,,,,,,
3e88b01c-8b7f-4eba-a18c-cae45223b4b4,Baps USPSA April 2025,2025-04-19,5,Blue,2cc83ce2-9a77-4177-b2ef-7813551c9aa7,James Rogers,17,74.42,6,77.59,Carry Optics,C,A101402,MINOR,Law,58.1922,55.8156,5.4869,12.94,13,,2,,,,,,,
3e88b01c-8b7f-4eba-a18c-cae45223b4b4,Baps USPSA April 2025,2025-04-19,5,Blue,2cc83ce2-9a77-4177-b2ef-7813551c9aa7,august Balagtas,18,74.07,3,77.33,Open,M,L3674,MAJOR,,57.9994,55.5552,5.4613,13.55,14,,1,,,,,,,
3e88b01c-8b7f-4eba-a18c-cae45223b4b4,Baps USPSA April 2025,2025-04-19,5,Blue,2cc83ce2-9a77-4177-b2ef-7813551c9aa7,Randy Goodney,19,74.06,6,74.06,Limited Optics,A,A94852,MINOR,,55.5420,55.5420,5.4600,13.37,14,,1,,,,,,,
3e88b01c-8b7f-4eba-a18c-cae45223b4b4,Baps USPSA April 2025,2025-04-19,5,Blue,2cc83ce2-9a77-4177-b2ef-7813551c9aa7,Paul Piretti,20,72.27,7,72.27,Limited Optics,,A149477,MINOR,,54.2043,54.2043,5.3285,13.70,14,,1,,,,,,,
3e88b01c-8b7f-4eba-a18c-cae45223b4b4,Baps USPSA April 2025,2025-04-19,5,Blue,2cc83ce2-9a77-4177-b2ef-7813551c9aa7,Steven McNamara,21,71.74,4,74.90,Open,B,A75212,MAJOR,Senior,56.1749,53.8076,5.2895,13.99,14,,1,,,,,,,
3e88b01c-8b7f-4eba-a18c-cae45223b4b4,Baps USPSA April 2025,2025-04-19,5,Blue,2cc83ce2-9a77-4177-b2ef-7813551c9aa7,Glenn Cunningham,22,71.64,3,77.46,PCC,C,A78280,MINOR,Distinguished Senior,58.0985,53.7282,5.2817,14.20,15,,,,,,,,,
3e88b01c-8b7f-4eba-a18c-cae45223b4b4,Baps USPSA April 2025,2025-04-19,5,Blue,2cc83ce2-9a77-4177-b2ef-7813551c9aa7,Brian Whelihan,23,71.54,8,71.54,Limited Optics,U,40226,MINOR,,53.6530,53.6530,5.2743,14.22,15,,,,,,,,,
3e88b01c-8b7f-4eba-a18c-cae45223b4b4,Baps USPSA April 2025,2025-04-19,5,Blue,2cc83ce2-9a77-4177-b2ef-7813551c9aa7,Phillip Nguyen,24,71.28,9,71.28,Limited Optics,,,MINOR,,53.4627,53.4627,5.2556,13.89,14,,1,,,,,,,
3e88b01c-8b7f-4eba-a18c-cae45223b4b4,Baps USPSA April 2025,2025-04-19,5,Blue,2cc83ce2-9a77-4177-b2ef-7813551c9aa7,jason Debord,25,70.88,7,73.89,Carry Optics,U,9229,MINOR,,55.4198,53.1565,5.2255,13.97,14,,1,,,,,,,
3e88b01c-8b7f-4eba-a18c-cae45223b4b4,Baps USPSA April 2025,2025-04-19,5,Blue,2cc83ce2-9a77-4177-b2ef-7813551c9aa7,Daniel Alexander,26,69.63,10,69.63,Limited Optics,,,MINOR,,52.2207,52.2207,5.1335,14.61,15,,,,,,,,,
3e88b01c-8b7f-4eba-a18c-cae45223b4b4,Baps USPSA April 2025,2025-04-19,5,Blue,2cc83ce2-9a77-4177-b2ef-7813551c9aa7,Robert Hollier,27,69.48,11,69.48,Limited Optics,U,TY24941,MINOR,Super Senior,52.1118,52.1118,5.1228,14.25,14,,1,,,,,,,
3e88b01c-8b7f-4eba-a18c-cae45223b4b4,Baps USPSA April 2025,2025-04-19,5,Blue,2cc83ce2-9a77-4177-b2ef-7813551c9aa7,Chris Nagala,28,69.08,12,69.08,Limited Optics,B,TY97712,MINOR,,51.8117,51.8117,5.0933,13.94,13,,2,,,,,,,
3e88b01c-8b7f-4eba-a18c-cae45223b4b4,Baps USPSA April 2025,2025-04-19,5,Blue,2cc83ce2-9a77-4177-b2ef-7813551c9aa7,phyl Santos,29,68.35,8,71.26,Carry Optics,B,A155981,MINOR,,53.4419,51.2594,5.0390,14.09,13,,2,,,,,,,
3e88b01c-8b7f-4eba-a18c-cae45223b4b4,Baps USPSA April 2025,2025-04-19,5,Blue,2cc83ce2-9a77-4177-b2ef-7813551c9aa7,Matthew Lem,30,68.31,13,68.31,Limited Optics,A,A34763,MINOR,Senior; Law,51.2339,51.2339,5.0365,13.70,13,,1,1,,,,,,
3e88b01c-8b7f-4eba-a18c-cae45223b4b4,Baps USPSA April 2025,2025-04-19,5,Blue,2cc83ce2-9a77-4177-b2ef-7813551c9aa7,jon Baguio,31,66.65,5,69.58,Open,,,MAJOR,,52.1838,49.9847,4.9137,15.06,14,,1,,,,,,,
3e88b01c-8b7f-4eba-a18c-cae45223b4b4,Baps USPSA April 2025,2025-04-19,5,Blue,2cc83ce2-9a77-4177-b2ef-7813551c9aa7,Ashley Krenek,32,66.63,9,69.47,Carry Optics,B,TY92392,MINOR,Lady,52.1003,49.9725,4.9125,14.86,14,,1,,,,,,,
3e88b01c-8b7f-4eba-a18c-cae45223b4b4,Baps USPSA April 2025,2025-04-19,5,Blue,2cc83ce2-9a77-4177-b2ef-7813551c9aa7,michael Pontious,33,66.59,14,66.59,Limited Optics,B,94575,MINOR,Senior,49.9390,49.9390,4.9092,14.87,14,,1,,,,,,,
3e88b01c-8b7f-4eba-a18c-cae45223b4b4,Baps USPSA April 2025,2025-04-19,5,Blue,2cc83ce2-9a77-4177-b2ef-7813551c9aa7,Lee Smithheart,34,65.33,15,65.33,Limited Optics,C,TY111315,MINOR,Senior,49.0011,49.0011,4.8170,15.57,15,,,,,,,,,
3e88b01c-8b7f-4eba-a18c-cae45223b4b4,Baps USPSA April 2025,2025-04-19,5,Blue,2cc83ce2-9a77-4177-b2ef-7813551c9aa7,Casey Lawrence,35,65.31,16,65.31,Limited Optics,U,,MINOR,,48.9838,48.9838,4.8153,15.16,14,,1,,,,,,,
3e88b01c-8b7f-4eba-a18c-cae45223b4b4,Baps USPSA April 2025,2025-04-19,5,Blue,2cc83ce2-9a77-4177-b2ef-7813551c9aa7,Jerry Dueitt,36,64.79,17,64.79,Limited Optics,B,Ty108354,MINOR,,48.5952,48.5952,4.7771,15.70,15,,,,,,,,,
3e88b01c-8b7f-4eba-a18c-cae45223b4b4,Baps USPSA April 2025,2025-04-19,5,Blue,2cc83ce2-9a77-4177-b2ef-7813551c9aa7,David Zhang,37,63.18,6,65.96,Open,C,FY140383,MAJOR,,49.4725,47.3877,4.6584,16.10,15,,,,,,,,,
3e88b01c-8b7f-4eba-a18c-cae45223b4b4,Baps USPSA April 2025,2025-04-19,5,Blue,2cc83ce2-9a77-4177-b2ef-7813551c9aa7,Dave Campbell,38,62.91,7,65.67,Open,U,,MAJOR,Distinguished Senior,49.2548,47.1792,4.6379,15.74,13,,2,,,,,,,
3e88b01c-8b7f-4eba-a18c-cae45223b4b4,Baps USPSA April 2025,2025-04-19,5,Blue,2cc83ce2-9a77-4177-b2ef-7813551c9aa7,Marlon Cute Poralan,39,62.85,8,65.61,Open,,,MAJOR,,49.2102,47.1364,4.6337,15.97,14,,1,,,,,,,
3e88b01c-8b7f-4eba-a18c-cae45223b4b4,Baps USPSA April 2025,2025-04-19,5,Blue,2cc83ce2-9a77-4177-b2ef-7813551c9aa7,Jim Duncan,40,62.52,18,62.52,Limited Optics,,,MINOR,,46.8923,46.8923,4.6097,16.27,15,,,,,,,,,
3e88b01c-8b7f-4eba-a18c-cae45223b4b4,Baps USPSA April 2025,2025-04-19,5,Blue,2cc83ce2-9a77-4177-b2ef-7813551c9aa7,Andrew Philip,41,62.10,19,62.10,Limited Optics,C,A153653,MINOR,,46.5780,46.5780,4.5788,16.38,15,,,,,,,,,
3e88b01c-8b7f-4eba-a18c-cae45223b4b4,Baps USPSA April 2025,2025-04-19,5,Blue,2cc83ce2-9a77-4177-b2ef-7813551c9aa7,Seth Davis,42,61.10,10,63.70,Carry Optics,U,A167963,MINOR,,47.7732,45.8221,4.5045,16.65,15,,,,,,,,,
3e88b01c-8b7f-4eba-a18c-cae45223b4b4,Baps USPSA April 2025,2025-04-19,5,Blue,2cc83ce2-9a77-4177-b2ef-7813551c9aa7,Berrhett Foss,43,60.51,11,63.09,Carry Optics,B,A143624,MINOR,,47.3182,45.3857,4.4616,16.81,15,,,,,,,,,
3e88b01c-8b7f-4eba-a18c-cae45223b4b4,Baps USPSA April 2025,2025-04-19,5,Blue,2cc83ce2-9a77-4177-b2ef-7813551c9aa7,cliff Pinsent,44,58.83,9,61.42,Open,B,FY99321,MAJOR,Distinguished Senior,46.0646,44.1233,4.3375,16.83,13,,2,,,,,,,
3e88b01c-8b7f-4eba-a18c-cae45223b4b4,Baps USPSA April 2025,2025-04-19,5,Blue,2cc83ce2-9a77-4177-b2ef-7813551c9aa7,Meas Virak,45,58.00,10,60.56,Open,,,MINOR,,45.4167,43.5028,4.2765,17.07,14,,1,,,,,,,
3e88b01c-8b7f-4eba-a18c-cae45223b4b4,Baps USPSA April 2025,2025-04-19,5,Blue,2cc83ce2-9a77-4177-b2ef-7813551c9aa7,Zuo Yihao,46,57.44,11,59.97,Open,U,A165414,MAJOR,,44.9792,43.0837,4.2353,17.00,14,,,1,,,,,,
3e88b01c-8b7f-4eba-a18c-cae45223b4b4,Baps USPSA April 2025,2025-04-19,5,Blue,2cc83ce2-9a77-4177-b2ef-7813551c9aa7,Q Nguyen,47,56.48,12,58.97,Open,,TY99688,MAJOR,Senior,44.2241,42.3604,4.1642,16.81,12,,2,1,,,,,,
3e88b01c-8b7f-4eba-a18c-cae45223b4b4,Baps USPSA April 2025,2025-04-19,5,Blue,2cc83ce2-9a77-4177-b2ef-7813551c9aa7,ross Pimentel,48,56.35,20,56.35,Limited Optics,C,A157753,MINOR,Senior,42.2648,42.2648,4.1548,17.57,14,,1,,,,,,,
3e88b01c-8b7f-4eba-a18c-cae45223b4b4,Baps USPSA April 2025,2025-04-19,5,Blue,2cc83ce2-9a77-4177-b2ef-7813551c9aa7,bob Lyday,49,56.32,21,56.32,Limited Optics,C,A160925,MINOR,Super Senior,42.2404,42.2404,4.1524,17.58,14,,1,,,,,,,
3e88b01c-8b7f-4eba-a18c-cae45223b4b4,Baps USPSA April 2025,2025-04-19,5,Blue,2cc83ce2-9a77-4177-b2ef-7813551c9aa7,Kicker Cardenas,50,55.74,22,55.74,Limited Optics,U,A156703,MINOR,,41.8050,41.8050,4.1096,18.25,15,,,,,,,,,
3e88b01c-8b7f-4eba-a18c-cae45223b4b4,Baps USPSA April 2025,2025-04-19,5,Blue,2cc83ce2-9a77-4177-b2ef-7813551c9aa7,Canh Le,51,53.49,23,53.49,Limited Optics,,,MINOR,,40.1184,40.1184,3.9438,18.51,14,,1,,,,,,,
3e88b01c-8b7f-4eba-a18c-cae45223b4b4,Baps USPSA April 2025,2025-04-19,5,Blue,2cc83ce2-9a77-4177-b2ef-7813551c9aa7,Giao Le,52,52.95,12,55.21,Carry Optics,,,MINOR,,41.4066,39.7156,3.9042,19.21,15,,,,,,,,,
3e88b01c-8b7f-4eba-a18c-cae45223b4b4,Baps USPSA April 2025,2025-04-19,5,Blue,2cc83ce2-9a77-4177-b2ef-7813551c9aa7,Viet Nguyen,53,51.98,4,56.21,PCC,,,MINOR,,42.1563,38.9852,3.8324,19.57,15,,,,,,,,,
3e88b01c-8b7f-4eba-a18c-cae45223b4b4,Baps USPSA April 2025,2025-04-19,5,Blue,2cc83ce2-9a77-4177-b2ef-7813551c9aa7,Anthony Kurek Jr,54,50.98,13,53.16,Carry Optics,,FY154490,MINOR,,39.8667,38.2385,3.7590,19.42,14,,1,,,,,,,
3e88b01c-8b7f-4eba-a18c-cae45223b4b4,Baps USPSA April 2025,2025-04-19,5,Blue,2cc83ce2-9a77-4177-b2ef-7813551c9aa7,Richard Dillow,55,50.43,13,52.65,Open,C,TY57446,MAJOR,,39.4897,37.8255,3.7184,20.17,15,,,,,,,,,
3e88b01c-8b7f-4eba-a18c-cae45223b4b4,Baps USPSA April 2025,2025-04-19,5,Blue,2cc83ce2-9a77-4177-b2ef-7813551c9aa7,Joe Dalson-Peacock,56,50.39,14,52.53,Carry Optics,,,MINOR,,39.4000,37.7909,3.7150,19.65,14,,1,,,,,,,
3e88b01c-8b7f-4eba-a18c-cae45223b4b4,Baps USPSA April 2025,2025-04-19,5,Blue,2cc83ce2-9a77-4177-b2ef-7813551c9aa7,Michael Sookngan,57,50.34,15,52.48,Carry Optics,,A166135,MINOR,,39.3597,37.7523,3.7112,19.67,14,,1,,,,,,,
3e88b01c-8b7f-4eba-a18c-cae45223b4b4,Baps USPSA April 2025,2025-04-19,5,Blue,2cc83ce2-9a77-4177-b2ef-7813551c9aa7,thomas Zhang,58,49.70,14,51.89,Open,U,A145116,MINOR,,38.9162,37.2762,3.6644,18.83,12,,3,,,,,,,
3e88b01c-8b7f-4eba-a18c-cae45223b4b4,Baps USPSA April 2025,2025-04-19,5,Blue,2cc83ce2-9a77-4177-b2ef-7813551c9aa7,Jason Armstrong,59,49.33,24,49.33,Limited Optics,C,A106377,MINOR,Senior,37.0005,37.0005,3.6373,20.07,14,,1,,,,,,,
3e88b01c-8b7f-4eba-a18c-cae45223b4b4,Baps USPSA April 2025,2025-04-19,5,Blue,2cc83ce2-9a77-4177-b2ef-7813551c9aa7,nick bolo,60,49.20,15,51.37,Open,B,,MAJOR,Senior; Super Senior,38.5243,36.9008,3.6275,20.40,14,,1,,,,,,,
3e88b01c-8b7f-4eba-a18c-cae45223b4b4,Baps USPSA April 2025,2025-04-19,5,Blue,2cc83ce2-9a77-4177-b2ef-7813551c9aa7,Dywne Mendoza,61,48.99,3,50.17,Production,,,MINOR,,37.6302,36.7442,3.6121,20.21,14,,1,,,,,,,
3e88b01c-8b7f-4eba-a18c-cae45223b4b4,Baps USPSA April 2025,2025-04-19,5,Blue,2cc83ce2-9a77-4177-b2ef-7813551c9aa7,Ralph Burbe,62,48.50,16,50.56,Carry Optics,U,,MINOR,,37.9226,36.3739,3.5757,16.78,14,,,,1,,,,,
3e88b01c-8b7f-4eba-a18c-cae45223b4b4,Baps USPSA April 2025,2025-04-19,5,Blue,2cc83ce2-9a77-4177-b2ef-7813551c9aa7,Bellamy Karys,63,48.37,25,48.37,Limited Optics,B,TY130774,MINOR,Lady; Junior,36.2742,36.2742,3.5659,19.35,12,,3,,,,,,,
3e88b01c-8b7f-4eba-a18c-cae45223b4b4,Baps USPSA April 2025,2025-04-19,5,Blue,2cc83ce2-9a77-4177-b2ef-7813551c9aa7,Steve Nguyen,64,46.68,17,48.67,Carry Optics,,,MINOR,,36.5004,35.0098,3.4416,20.63,13,,2,,,,,,,
3e88b01c-8b7f-4eba-a18c-cae45223b4b4,Baps USPSA April 2025,2025-04-19,5,Blue,2cc83ce2-9a77-4177-b2ef-7813551c9aa7,yanlin Xiang,65,46.66,26,46.66,Limited Optics,C,A164967,MINOR,,34.9955,34.9955,3.4402,21.22,14,,1,,,,,,,
3e88b01c-8b7f-4eba-a18c-cae45223b4b4,Baps USPSA April 2025,2025-04-19,5,Blue,2cc83ce2-9a77-4177-b2ef-7813551c9aa7,John Burris,66,45.78,27,45.78,Limited Optics,U,,MINOR,,34.3313,34.3313,3.3749,21.63,14,,1,,,,,,,
3e88b01c-8b7f-4eba-a18c-cae45223b4b4,Baps USPSA April 2025,2025-04-19,5,Blue,2cc83ce2-9a77-4177-b2ef-7813551c9aa7,Gene Marsh,67,44.46,18,46.35,Carry Optics,U,TY 140365,MINOR,Super Senior,34.7653,33.3455,3.2780,22.88,15,,,,,,,,,
3e88b01c-8b7f-4eba-a18c-cae45223b4b4,Baps USPSA April 2025,2025-04-19,5,Blue,2cc83ce2-9a77-4177-b2ef-7813551c9aa7,Adam Post,68,43.95,28,43.95,Limited Optics,U,A83655,MINOR,,32.9641,32.9641,3.2405,21.91,13,,2,,,,,,,
3e88b01c-8b7f-4eba-a18c-cae45223b4b4,Baps USPSA April 2025,2025-04-19,5,Blue,2cc83ce2-9a77-4177-b2ef-7813551c9aa7,Nate Miranda,69,41.40,19,43.17,Carry Optics,U,,MINOR,,32.3738,31.0516,3.0525,23.26,13,,2,,,,,,,
3e88b01c-8b7f-4eba-a18c-cae45223b4b4,Baps USPSA April 2025,2025-04-19,5,Blue,2cc83ce2-9a77-4177-b2ef-7813551c9aa7,rene Zalamea,70,40.84,20,42.58,Carry Optics,C,A66891,MINOR,Senior,31.9315,30.6274,3.0108,24.91,15,,,,,,,,,
3e88b01c-8b7f-4eba-a18c-cae45223b4b4,Baps USPSA April 2025,2025-04-19,5,Blue,2cc83ce2-9a77-4177-b2ef-7813551c9aa7,Byron Frank,71,40.63,21,42.35,Carry Optics,C,A139338,MINOR,Super Senior,31.7661,30.4688,2.9952,25.04,15,,,,,,,,,
3e88b01c-8b7f-4eba-a18c-cae45223b4b4,Baps USPSA April 2025,2025-04-19,5,Blue,2cc83ce2-9a77-4177-b2ef-7813551c9aa7,Abelardo Nerida,72,38.86,1,100.00,Limited,U,,MAJOR,Senior,75.0000,29.1423,2.8648,26.18,15,,,,,,,,,
3e88b01c-8b7f-4eba-a18c-cae45223b4b4,Baps USPSA April 2025,2025-04-19,5,Blue,2cc83ce2-9a77-4177-b2ef-7813551c9aa7,Lawney Morales,73,38.33,4,39.25,Production,,,MINOR,,29.4397,28.7465,2.8259,26.54,15,,,,,,,,,
3e88b01c-8b7f-4eba-a18c-cae45223b4b4,Baps USPSA April 2025,2025-04-19,5,Blue,2cc83ce2-9a77-4177-b2ef-7813551c9aa7,Charles Schumann,74,36.37,5,37.25,Production,U,,MINOR,,27.9344,27.2766,2.6814,27.97,15,,,,,,,,,
3e88b01c-8b7f-4eba-a18c-cae45223b4b4,Baps USPSA April 2025,2025-04-19,5,Blue,2cc83ce2-9a77-4177-b2ef-7813551c9aa7,Andy Chen,75,34.39,29,34.39,Limited Optics,A,A86721,MINOR,,25.7924,25.7924,2.5355,29.58,15,,,,,,,,,
3e88b01c-8b7f-4eba-a18c-cae45223b4b4,Baps USPSA April 2025,2025-04-19,5,Blue,2cc83ce2-9a77-4177-b2ef-7813551c9aa7,John Stokes,76,34.15,2,87.88,Limited,U,,MINOR,Super Senior,65.9104,25.6104,2.5176,29.79,15,,,,,,,,,
3e88b01c-8b7f-4eba-a18c-cae45223b4b4,Baps USPSA April 2025,2025-04-19,5,Blue,2cc83ce2-9a77-4177-b2ef-7813551c9aa7,Yetta Jones,77,29.97,22,31.24,Carry Optics,C,TY139120,MINOR,Lady,23.4321,22.4752,2.2094,33.04,14,,1,,,,,,,
3e88b01c-8b7f-4eba-a18c-cae45223b4b4,Baps USPSA April 2025,2025-04-19,5,Blue,2cc83ce2-9a77-4177-b2ef-7813551c9aa7,Alice Davis,78,27.45,23,28.62,Carry Optics,U,TY 137979,MINOR,Lady; Super Senior,21.4627,20.5861,2.0237,37.06,15,,,,,,,,,
3e88b01c-8b7f-4eba-a18c-cae45223b4b4,Baps USPSA April 2025,2025-04-19,5,Blue,2cc83ce2-9a77-4177-b2ef-7813551c9aa7,Ryan Jaw,79,0.00,16,0.00,Open,U,TY142907,MAJOR,,0.0000,0.0000,,,,,,,,,,,,
3e88b01c-8b7f-4eba-a18c-cae45223b4b4,Baps USPSA April 2025,2025-04-19,6,CM 08-02,135f40dd-d497-448b-a48d-d435cd82ad01,jack Liu,1,100.00,1,100.00,PCC,A,L6156,MINOR,Law,100.0000,100.0000,7.3132,,16,,4,,,,,,,"[5.33, 4.75, 2.50]"
3e88b01c-8b7f-4eba-a18c-cae45223b4b4,Baps USPSA April 2025,2025-04-19,6,CM 08-02,135f40dd-d497-448b-a48d-d435cd82ad01,Mike Junco,2,88.78,1,100.00,Limited Optics,M,A34819,MINOR,Senior; Law,100.0000,88.7792,6.4926,,17,,2,1,,,,,,"[5.31, 5.47, 3.39]"
3e88b01c-8b7f-4eba-a18c-cae45223b4b4,Baps USPSA April 2025,2025-04-19,6,CM 08-02,135f40dd-d497-448b-a48d-d435cd82ad01,Kyle Post,3,88.28,1,100.00,Production,M,A74846,MINOR,Law,100.0000,88.2815,6.4562,,15,,5,,,,,,,"[4.57, 5.52, 3.85]"
3e88b01c-8b7f-4eba-a18c-cae45223b4b4,Baps USPSA April 2025,2025-04-19,6,CM 08-02,135f40dd-d497-448b-a48d-d435cd82ad01,Matthew Michna,4,77.75,1,100.00,Carry Optics,M,A128405,MINOR,,100.0000,77.7498,5.6860,,16,,4,,,,,,,"[5.00, 5.94, 5.24]"
3e88b01c-8b7f-4eba-a18c-cae45223b4b4,Baps USPSA April 2025,2025-04-19,6,CM 08-02,135f40dd-d497-448b-a48d-d435cd82ad01,Zachary Ralston,5,75.88,2,85.47,Limited Optics,A,A123081,MINOR,,85.4712,75.8806,5.5493,,19,,1,,,,,,,"[5.87, 6.46, 5.33]"
3e88b01c-8b7f-4eba-a18c-cae45223b4b4,Baps USPSA April 2025,2025-04-19,6,CM 08-02,135f40dd-d497-448b-a48d-d435cd82ad01,paul Torre,6,75.83,2,97.54,Carry Optics,B,A88028,MINOR,Law,97.5361,75.8341,5.5459,,19,,,1,,,,,,"[6.04, 6.61, 4.66]"
3e88b01c-8b7f-4eba-a18c-cae45223b4b4,Baps USPSA April 2025,2025-04-19,6,CM 08-02,135f40dd-d497-448b-a48d-d435cd82ad01,Dave Campbell,7,75.57,1,100.00,Open,U,,MAJOR,Distinguished Senior,100.0000,75.5729,5.5268,,16,,4,,,,,,,"[5.95, 6.50, 4.92]"
3e88b01c-8b7f-4eba-a18c-cae45223b4b4,Baps USPSA April 2025,2025-04-19,6,CM 08-02,135f40dd-d497-448b-a48d-d435cd82ad01,Matthew Lem,8,72.44,3,81.60,Limited Optics,A,A34763,MINOR,Senior; Law,81.6006,72.4443,5.2980,,15,,4,1,,,,,,"[5.87, 6.52, 4.22]"
3e88b01c-8b7f-4eba-a18c-cae45223b4b4,Baps USPSA April 2025,2025-04-19,6,CM 08-02,135f40dd-d497-448b-a48d-d435cd82ad01,Phillip Nguyen,9,71.64,4,80.69,Limited Optics,,,MINOR,,80.6949,71.6403,5.2392,,16,,4,,,,,,,"[6.27, 6.44, 4.85]"
3e88b01c-8b7f-4eba-a18c-cae45223b4b4,Baps USPSA April 2025,2025-04-19,6,CM 08-02,135f40dd-d497-448b-a48d-d435cd82ad01,phyl Santos,10,70.40,3,90.54,Carry Optics,B,A155981,MINOR,,90.5434,70.3974,5.1483,,16,,4,,,,,,,"[6.98, 6.36, 4.53]"
3e88b01c-8b7f-4eba-a18c-cae45223b4b4,Baps USPSA April 2025,2025-04-19,6,CM 08-02,135f40dd-d497-448b-a48d-d435cd82ad01,Gerrit Milks,11,69.29,2,69.29,PCC,,,MINOR,,69.2911,69.2911,5.0674,,17,,3,,,,,,,"[7.25, 7.29, 4.01]"
3e88b01c-8b7f-4eba-a18c-cae45223b4b4,Baps USPSA April 2025,2025-04-19,6,CM 08-02,135f40dd-d497-448b-a48d-d435cd82ad01,Marlon Cute Poralan,12,68.85,2,91.10,Open,,,MAJOR,,91.0979,68.8454,5.0348,,14,,6,,,,,,,"[6.58, 7.06, 5.03]"
3e88b01c-8b7f-4eba-a18c-cae45223b4b4,Baps USPSA April 2025,2025-04-19,6,CM 08-02,135f40dd-d497-448b-a48d-d435cd82ad01,Steven McNamara,13,67.32,3,89.08,Open,B,A75212,MAJOR,Senior,89.0769,67.3180,4.9231,,16,,4,,,,,,,"[7.12, 7.36, 5.02]"
3e88b01c-8b7f-4eba-a18c-cae45223b4b4,Baps USPSA April 2025,2025-04-19,6,CM 08-02,135f40dd-d497-448b-a48d-d435cd82ad01,Top Dollar,14,66.92,2,75.81,Production,A,,MINOR,,75.8078,66.9242,4.8943,,16,,2,2,,,,,,"[6.66, 7.14, 4.18]"
3e88b01c-8b7f-4eba-a18c-cae45223b4b4,Baps USPSA April 2025,2025-04-19,6,CM 08-02,135f40dd-d497-448b-a48d-d435cd82ad01,James Rogers,15,66.11,4,85.02,Carry Optics,C,A101402,MINOR,Law,85.0246,66.1065,4.8345,,17,,2,1,,,,,,"[6.52, 7.59, 4.92]"
3e88b01c-8b7f-4eba-a18c-cae45223b4b4,Baps USPSA April 2025,2025-04-19,6,CM 08-02,135f40dd-d497-448b-a48d-d435cd82ad01,David Zhang,16,64.56,4,85.43,Open,C,FY140383,MAJOR,,85.4328,64.5641,4.7217,,17,,2,1,,,,,,"[7.27, 7.20, 5.65]"
3e88b01c-8b7f-4eba-a18c-cae45223b4b4,Baps USPSA April 2025,2025-04-19,6,CM 08-02,135f40dd-d497-448b-a48d-d435cd82ad01,Chuck Schumann,17,64.36,5,85.17,Open,U,1585,MINOR,,85.1686,64.3644,4.7071,,18,,1,1,,,,,,"[6.71, 8.29, 4.97]"
3e88b01c-8b7f-4eba-a18c-cae45223b4b4,Baps USPSA April 2025,2025-04-19,6,CM 08-02,135f40dd-d497-448b-a48d-d435cd82ad01,august Balagtas,18,64.28,6,85.05,Open,M,L3674,MAJOR,,85.0510,64.2756,4.7006,,11,,6,2,1,,,,,"[5.17, 6.20, 4.16]"
3e88b01c-8b7f-4eba-a18c-cae45223b4b4,Baps USPSA April 2025,2025-04-19,6,CM 08-02,135f40dd-d497-448b-a48d-d435cd82ad01,cliff Pinsent,19,63.38,7,83.86,Open,B,FY99321,MAJOR,Distinguished Senior,83.8605,63.3758,4.6348,,12,,8,,,,,,,"[6.47, 7.64, 5.74]"
3e88b01c-8b7f-4eba-a18c-cae45223b4b4,Baps USPSA April 2025,2025-04-19,6,CM 08-02,135f40dd-d497-448b-a48d-d435cd82ad01,craig Bellamy,20,62.33,5,80.17,Carry Optics,M,Ty54824,MINOR,Law,80.1724,62.3339,4.5586,,10,,7,2,1,,,,,"[5.30, 5.51, 3.01]"
3e88b01c-8b7f-4eba-a18c-cae45223b4b4,Baps USPSA April 2025,2025-04-19,6,CM 08-02,135f40dd-d497-448b-a48d-d435cd82ad01,jon Baguio,21,61.86,8,81.86,Open,,,MAJOR,,81.8611,61.8648,4.5243,,17,,3,,,,,,,"[6.65, 8.11, 6.68]"
3e88b01c-8b7f-4eba-a18c-cae45223b4b4,Baps USPSA April 2025,2025-04-19,6,CM 08-02,135f40dd-d497-448b-a48d-d435cd82ad01,Berrhett Foss,22,60.96,6,78.41,Carry Optics,B,A143624,MINOR,,78.4066,60.9610,4.4582,,16,,3,,1,,,,,"[6.91, 6.31, 4.50]"
3e88b01c-8b7f-4eba-a18c-cae45223b4b4,Baps USPSA April 2025,2025-04-19,6,CM 08-02,135f40dd-d497-448b-a48d-d435cd82ad01,Phan Tony,23,60.47,7,77.77,Carry Optics,A,TY11963,MINOR,Law,77.7717,60.4674,4.4221,,14,,6,,,,,,,"[6.28, 7.80, 5.82]"
3e88b01c-8b7f-4eba-a18c-cae45223b4b4,Baps USPSA April 2025,2025-04-19,6,CM 08-02,135f40dd-d497-448b-a48d-d435cd82ad01,Daniel Alexander,24,59.78,5,67.34,Limited Optics,,,MINOR,,67.3397,59.7837,4.3721,,17,,3,,,,,,,"[7.51, 7.75, 6.24]"
3e88b01c-8b7f-4eba-a18c-cae45223b4b4,Baps USPSA April 2025,2025-04-19,6,CM 08-02,135f40dd-d497-448b-a48d-d435cd82ad01,Andy Chen,25,58.24,6,65.60,Limited Optics,A,A86721,MINOR,,65.5962,58.2358,4.2589,,14,,5,,1,,,,,"[5.48, 5.81, 6.32]"
3e88b01c-8b7f-4eba-a18c-cae45223b4b4,Baps USPSA April 2025,2025-04-19,6,CM 08-02,135f40dd-d497-448b-a48d-d435cd82ad01,Jerry Dueitt,26,57.26,7,64.50,Limited Optics,B,Ty108354,MINOR,,64.4965,57.2595,4.1875,,17,,2,1,,,,,,"[8.08, 9.14, 4.75]"
3e88b01c-8b7f-4eba-a18c-cae45223b4b4,Baps USPSA April 2025,2025-04-19,6,CM 08-02,135f40dd-d497-448b-a48d-d435cd82ad01,Paul Piretti,27,57.05,8,64.26,Limited Optics,,A149477,MINOR,,64.2593,57.0489,4.1721,,18,,2,,,,,,,"[7.17, 8.02, 7.82]"
3e88b01c-8b7f-4eba-a18c-cae45223b4b4,Baps USPSA April 2025,2025-04-19,6,CM 08-02,135f40dd-d497-448b-a48d-d435cd82ad01,Dywne Mendoza,28,57.01,3,64.57,Production,,,MINOR,,64.5736,57.0065,4.1690,,14,,5,,1,,,,,"[5.81, 6.75, 5.43]"
3e88b01c-8b7f-4eba-a18c-cae45223b4b4,Baps USPSA April 2025,2025-04-19,6,CM 08-02,135f40dd-d497-448b-a48d-d435cd82ad01,Q Nguyen,29,56.95,9,75.36,Open,,TY99688,MAJOR,Senior,75.3564,56.9491,4.1648,,15,,5,,,,,,,"[7.72, 8.00, 7.09]"
3e88b01c-8b7f-4eba-a18c-cae45223b4b4,Baps USPSA April 2025,2025-04-19,6,CM 08-02,135f40dd-d497-448b-a48d-d435cd82ad01,Casey Lawrence,30,56.62,9,63.78,Limited Optics,U,,MINOR,,63.7772,56.6209,4.1408,,20,,,,,,,,,"[9.50, 8.30, 6.35]"
3e88b01c-8b7f-4eba-a18c-cae45223b4b4,Baps USPSA April 2025,2025-04-19,6,CM 08-02,135f40dd-d497-448b-a48d-d435cd82ad01,Chris Gaines,31,53.67,8,69.03,Carry Optics,U,A168156,MINOR,,69.0310,53.6714,3.9251,,14,,6,,,,,,,"[7.19, 7.88, 7.35]"
3e88b01c-8b7f-4eba-a18c-cae45223b4b4,Baps USPSA April 2025,2025-04-19,6,CM 08-02,135f40dd-d497-448b-a48d-d435cd82ad01,yanlin Xiang,32,52.94,10,59.63,Limited Optics,C,A164967,MINOR,,59.6263,52.9358,3.8713,,16,,2,1,1,,,,,"[7.11, 7.08, 5.70]"
3e88b01c-8b7f-4eba-a18c-cae45223b4b4,Baps USPSA April 2025,2025-04-19,6,CM 08-02,135f40dd-d497-448b-a48d-d435cd82ad01,Robert Hollier,33,51.38,11,57.87,Limited Optics,U,TY24941,MINOR,Super Senior,57.8705,51.3770,3.7573,,18,,2,,,,,,,"[8.80, 9.53, 7.22]"
3e88b01c-8b7f-4eba-a18c-cae45223b4b4,Baps USPSA April 2025,2025-04-19,6,CM 08-02,135f40dd-d497-448b-a48d-d435cd82ad01,michael Pontious,34,50.48,12,56.86,Limited Optics,B,94575,MINOR,Senior,56.8617,50.4813,3.6918,,13,,4,2,1,,,,,"[6.71, 7.06, 4.92]"
3e88b01c-8b7f-4eba-a18c-cae45223b4b4,Baps USPSA April 2025,2025-04-19,6,CM 08-02,135f40dd-d497-448b-a48d-d435cd82ad01,Andrew Philip,35,49.40,13,55.65,Limited Optics,C,A153653,MINOR,,55.6464,49.4025,3.6129,,12,,8,,,,,,,"[7.17, 9.22, 6.86]"
3e88b01c-8b7f-4eba-a18c-cae45223b4b4,Baps USPSA April 2025,2025-04-19,6,CM 08-02,135f40dd-d497-448b-a48d-d435cd82ad01,nick bolo,36,49.39,10,65.36,Open,B,,MAJOR,Senior; Super Senior,65.3579,49.3929,3.6122,,18,,2,,,,,,,"[8.46, 9.99, 8.68]"
3e88b01c-8b7f-4eba-a18c-cae45223b4b4,Baps USPSA April 2025,2025-04-19,6,CM 08-02,135f40dd-d497-448b-a48d-d435cd82ad01,Gene Marsh,37,49.02,9,63.05,Carry Optics,U,TY 140365,MINOR,Super Senior,63.0461,49.0182,3.5848,,18,,2,,,,,,,"[9.06, 10.63, 7.09]"
3e88b01c-8b7f-4eba-a18c-cae45223b4b4,Baps USPSA April 2025,2025-04-19,6,CM 08-02,135f40dd-d497-448b-a48d-d435cd82ad01,Brian Whelihan,38,48.45,14,54.58,Limited Optics,U,40226,MINOR,,54.5775,48.4535,3.5435,,15,,4,,1,,,,,"[7.06, 8.68, 5.99]"
3e88b01c-8b7f-4eba-a18c-cae45223b4b4,Baps USPSA April 2025,2025-04-19,6,CM 08-02,135f40dd-d497-448b-a48d-d435cd82ad01,Jerry McClain,39,48.14,15,54.22,Limited Optics,C,A48726,MINOR,Law,54.2202,48.1362,3.5203,,14,,5,1,,,,,,"[9.32, 9.41, 5.70]"
3e88b01c-8b7f-4eba-a18c-cae45223b4b4,Baps USPSA April 2025,2025-04-19,6,CM 08-02,135f40dd-d497-448b-a48d-d435cd82ad01,Andrew Whitley,40,48.10,11,63.64,Open,A,TY106649,MAJOR,,63.6426,48.0966,3.5174,,13,,6,,1,,,,,"[6.06, 6.49, 9.91]"
3e88b01c-8b7f-4eba-a18c-cae45223b4b4,Baps USPSA April 2025,2025-04-19,6,CM 08-02,135f40dd-d497-448b-a48d-d435cd82ad01,Viet Nguyen,41,47.01,3,47.01,PCC,,,MINOR,,47.0109,47.0109,3.4380,,16,,4,,,,,,,"[10.23, 8.32, 8.21]"
3e88b01c-8b7f-4eba-a18c-cae45223b4b4,Baps USPSA April 2025,2025-04-19,6,CM 08-02,135f40dd-d497-448b-a48d-d435cd82ad01,jason Debord,42,45.05,10,57.94,Carry Optics,U,9229,MINOR,,57.9423,45.0500,3.2946,,16,,2,2,,,,,,"[8.46, 10.55, 7.70]"
3e88b01c-8b7f-4eba-a18c-cae45223b4b4,Baps USPSA April 2025,2025-04-19,6,CM 08-02,135f40dd-d497-448b-a48d-d435cd82ad01,Zuo Yihao,43,44.80,12,59.28,Open,U,A165414,MAJOR,,59.2839,44.8025,3.2765,,11,,7,1,1,,,,,"[7.90, 9.25, 5.74]"
3e88b01c-8b7f-4eba-a18c-cae45223b4b4,Baps USPSA April 2025,2025-04-19,6,CM 08-02,135f40dd-d497-448b-a48d-d435cd82ad01,Chris Nagala,44,44.09,16,49.67,Limited Optics,B,TY97712,MINOR,,49.6658,44.0929,3.2246,,13,,7,,,,,,,"[8.08, 9.59, 9.00]"
3e88b01c-8b7f-4eba-a18c-cae45223b4b4,Baps USPSA April 2025,2025-04-19,6,CM 08-02,135f40dd-d497-448b-a48d-d435cd82ad01,thomas Zhang,45,44.02,13,58.25,Open,U,A145116,MINOR,,58.2507,44.0218,3.2194,,17,,2,,1,,,,,"[8.97, 9.39, 6.80]"
3e88b01c-8b7f-4eba-a18c-cae45223b4b4,Baps USPSA April 2025,2025-04-19,6,CM 08-02,135f40dd-d497-448b-a48d-d435cd82ad01,Seth Davis,46,43.26,11,55.63,Carry Optics,U,A167963,MINOR,,55.6349,43.2560,3.1634,,15,,5,,,,,,,"[9.60, 10.74, 8.11]"
3e88b01c-8b7f-4eba-a18c-cae45223b4b4,Baps USPSA April 2025,2025-04-19,6,CM 08-02,135f40dd-d497-448b-a48d-d435cd82ad01,Joe Dalson-Peacock,47,42.69,12,54.90,Carry Optics,,,MINOR,,54.9015,42.6858,3.1217,,14,,6,,,,,,,"[9.22, 10.38, 8.59]"
3e88b01c-8b7f-4eba-a18c-cae45223b4b4,Baps USPSA April 2025,2025-04-19,6,CM 08-02,135f40dd-d497-448b-a48d-d435cd82ad01,Adam Post,48,42.09,17,47.41,Limited Optics,U,A83655,MINOR,,47.4063,42.0869,3.0779,,18,,2,,,,,,,"[10.16, 11.57, 9.46]"
3e88b01c-8b7f-4eba-a18c-cae45223b4b4,Baps USPSA April 2025,2025-04-19,6,CM 08-02,135f40dd-d497-448b-a48d-d435cd82ad01,Byron Frank,49,41.46,13,53.33,Carry Optics,C,A139338,MINOR,Super Senior,53.3292,41.4634,3.0323,,17,,3,,,,,,,"[9.39, 10.72, 10.89]"
3e88b01c-8b7f-4eba-a18c-cae45223b4b4,Baps USPSA April 2025,2025-04-19,6,CM 08-02,135f40dd-d497-448b-a48d-d435cd82ad01,Lee Smithheart,50,41.42,18,46.66,Limited Optics,C,TY111315,MINOR,Senior,46.6562,41.4210,3.0292,,17,,2,,1,,,,,"[8.56, 10.83, 7.35]"
3e88b01c-8b7f-4eba-a18c-cae45223b4b4,Baps USPSA April 2025,2025-04-19,6,CM 08-02,135f40dd-d497-448b-a48d-d435cd82ad01,Ashley Krenek,51,40.51,14,52.10,Carry Optics,B,TY92392,MINOR,Lady,52.0981,40.5062,2.9623,,18,,,,2,,,,,"[7.04, 8.90, 7.69]"
3e88b01c-8b7f-4eba-a18c-cae45223b4b4,Baps USPSA April 2025,2025-04-19,6,CM 08-02,135f40dd-d497-448b-a48d-d435cd82ad01,Kicker Cardenas,52,40.14,19,45.21,Limited Optics,U,A156703,MINOR,,45.2146,40.1411,2.9356,,15,,4,,1,,,,,"[8.09, 9.35, 8.79]"
3e88b01c-8b7f-4eba-a18c-cae45223b4b4,Baps USPSA April 2025,2025-04-19,6,CM 08-02,135f40dd-d497-448b-a48d-d435cd82ad01,Richard Dillow,53,39.93,14,52.84,Open,C,TY57446,MAJOR,,52.8407,39.9333,2.9204,,15,,3,2,,,,,,"[9.95, 10.60, 10.61]"
3e88b01c-8b7f-4eba-a18c-cae45223b4b4,Baps USPSA April 2025,2025-04-19,6,CM 08-02,135f40dd-d497-448b-a48d-d435cd82ad01,bob Lyday,54,39.27,20,44.23,Limited Optics,C,A160925,MINOR,Super Senior,44.2319,39.2687,2.8718,,12,,8,,,,,,,"[9.69, 11.16, 8.40]"
3e88b01c-8b7f-4eba-a18c-cae45223b4b4,Baps USPSA April 2025,2025-04-19,6,CM 08-02,135f40dd-d497-448b-a48d-d435cd82ad01,Randy Goodney,55,38.73,21,43.63,Limited Optics,A,A94852,MINOR,,43.6281,38.7327,2.8326,,13,,3,2,2,,,,,"[6.78, 7.77, 5.22]"
3e88b01c-8b7f-4eba-a18c-cae45223b4b4,Baps USPSA April 2025,2025-04-19,6,CM 08-02,135f40dd-d497-448b-a48d-d435cd82ad01,Glenn Cunningham,56,36.84,4,36.84,PCC,C,A78280,MINOR,Distinguished Senior,36.8361,36.8361,2.6939,,18,,1,,1,,,,,"[14.80, 12.30, 3.71]"
3e88b01c-8b7f-4eba-a18c-cae45223b4b4,Baps USPSA April 2025,2025-04-19,6,CM 08-02,135f40dd-d497-448b-a48d-d435cd82ad01,Charles Schumann,57,36.35,4,41.18,Production,U,,MINOR,,41.1775,36.3521,2.6585,,10,,8,1,1,,,,,"[8.32, 8.50, 7.63]"
3e88b01c-8b7f-4eba-a18c-cae45223b4b4,Baps USPSA April 2025,2025-04-19,6,CM 08-02,135f40dd-d497-448b-a48d-d435cd82ad01,Giao Le,58,35.49,15,45.64,Carry Optics,,,MINOR,,45.6402,35.4852,2.5951,,13,,6,,1,,,,,"[10.63, 11.35, 6.15]"
3e88b01c-8b7f-4eba-a18c-cae45223b4b4,Baps USPSA April 2025,2025-04-19,6,CM 08-02,135f40dd-d497-448b-a48d-d435cd82ad01,Canh Le,59,35.28,22,39.74,Limited Optics,,,MINOR,,39.7437,35.2841,2.5804,,17,,2,,1,,,,,"[9.48, 13.31, 8.60]"
3e88b01c-8b7f-4eba-a18c-cae45223b4b4,Baps USPSA April 2025,2025-04-19,6,CM 08-02,135f40dd-d497-448b-a48d-d435cd82ad01,John Stokes,60,34.51,1,100.00,Limited,U,,MINOR,Super Senior,100.0000,34.5088,2.5237,,18,,2,,,,,,,"[14.74, 15.20, 8.10]"
3e88b01c-8b7f-4eba-a18c-cae45223b4b4,Baps USPSA April 2025,2025-04-19,6,CM 08-02,135f40dd-d497-448b-a48d-d435cd82ad01,John Burris,61,33.93,23,38.22,Limited Optics,U,,MINOR,,38.2158,33.9277,2.4812,,16,,3,,1,,,,,"[11.24, 12.85, 7.75]"
3e88b01c-8b7f-4eba-a18c-cae45223b4b4,Baps USPSA April 2025,2025-04-19,6,CM 08-02,135f40dd-d497-448b-a48d-d435cd82ad01,rene Zalamea,62,33.58,16,43.19,Carry Optics,C,A66891,MINOR,Senior,43.1903,33.5804,2.4558,,14,,5,,1,,,,,"[7.91, 10.67, 11.96]"
3e88b01c-8b7f-4eba-a18c-cae45223b4b4,Baps USPSA April 2025,2025-04-19,6,CM 08-02,135f40dd-d497-448b-a48d-d435cd82ad01,Lawney Morales,63,33.07,5,37.46,Production,,,MINOR,,37.4632,33.0731,2.4187,,13,,6,1,,,,,,"[15.69, 11.87, 7.17]"
3e88b01c-8b7f-4eba-a18c-cae45223b4b4,Baps USPSA April 2025,2025-04-19,6,CM 08-02,135f40dd-d497-448b-a48d-d435cd82ad01,Jim Duncan,64,32.61,24,36.73,Limited Optics,,,MINOR,,36.7341,32.6123,2.3850,,19,,,,1,,,,,"[10.73, 15.33, 9.58]"
3e88b01c-8b7f-4eba-a18c-cae45223b4b4,Baps USPSA April 2025,2025-04-19,6,CM 08-02,135f40dd-d497-448b-a48d-d435cd82ad01,Jason Armstrong,65,31.74,25,35.75,Limited Optics,C,A106377,MINOR,Senior,35.7546,31.7426,2.3214,,13,,6,1,,,,2,,"[10.47, 10.13, 6.97]"
3e88b01c-8b7f-4eba-a18c-cae45223b4b4,Baps USPSA April 2025,2025-04-19,6,CM 08-02,135f40dd-d497-448b-a48d-d435cd82ad01,Meas Virak,66,30.93,15,40.92,Open,,,MINOR,,40.9224,30.9263,2.2617,,11,,7,,2,,,,,"[11.27, 7.19, 6.30]"
3e88b01c-8b7f-4eba-a18c-cae45223b4b4,Baps USPSA April 2025,2025-04-19,6,CM 08-02,135f40dd-d497-448b-a48d-d435cd82ad01,Nate Miranda,67,30.54,17,39.27,Carry Optics,U,,MINOR,,39.2737,30.5352,2.2331,,10,,6,2,2,,,,,"[7.50, 8.37, 6.52]"
3e88b01c-8b7f-4eba-a18c-cae45223b4b4,Baps USPSA April 2025,2025-04-19,6,CM 08-02,135f40dd-d497-448b-a48d-d435cd82ad01,Yetta Jones,68,30.51,18,39.24,Carry Optics,C,TY139120,MINOR,Lady,39.2402,30.5092,2.2312,,15,,4,,1,,,,,"[10.20, 9.53, 14.78]"
3e88b01c-8b7f-4eba-a18c-cae45223b4b4,Baps USPSA April 2025,2025-04-19,6,CM 08-02,135f40dd-d497-448b-a48d-d435cd82ad01,Michael Sookngan,69,29.66,19,38.14,Carry Optics,,A166135,MINOR,,38.1428,29.6560,2.1688,,10,,8,1,1,,,,,"[8.53, 10.97, 10.47]"
3e88b01c-8b7f-4eba-a18c-cae45223b4b4,Baps USPSA April 2025,2025-04-19,6,CM 08-02,135f40dd-d497-448b-a48d-d435cd82ad01,Ralph Burbe,70,28.15,20,36.21,Carry Optics,U,,MINOR,,36.2117,28.1546,2.0590,,13,,5,,2,,,,,"[11.49, 8.77, 8.88]"
3e88b01c-8b7f-4eba-a18c-cae45223b4b4,Baps USPSA April 2025,2025-04-19,6,CM 08-02,135f40dd-d497-448b-a48d-d435cd82ad01,Bellamy Karys,71,27.19,26,30.63,Limited Optics,B,TY130774,MINOR,Lady; Junior,30.6287,27.1919,1.9886,,13,,6,1,,,,,,"[6.03, 30.48, 5.73]"
3e88b01c-8b7f-4eba-a18c-cae45223b4b4,Baps USPSA April 2025,2025-04-19,6,CM 08-02,135f40dd-d497-448b-a48d-d435cd82ad01,Steve Nguyen,72,26.16,21,33.64,Carry Optics,,,MINOR,,33.6423,26.1568,1.9129,,11,,6,2,1,,,,,"[9.96, 13.76, 10.26]"
3e88b01c-8b7f-4eba-a18c-cae45223b4b4,Baps USPSA April 2025,2025-04-19,6,CM 08-02,135f40dd-d497-448b-a48d-d435cd82ad01,Alice Davis,73,25.84,22,33.23,Carry Optics,U,TY 137979,MINOR,Lady; Super Senior,33.2325,25.8382,1.8896,,16,,2,1,1,,,,,"[12.49, 14.92, 13.34]"
3e88b01c-8b7f-4eba-a18c-cae45223b4b4,Baps USPSA April 2025,2025-04-19,6,CM 08-02,135f40dd-d497-448b-a48d-d435cd82ad01,ross Pimentel,74,25.51,27,28.73,Limited Optics,C,A157753,MINOR,Senior,28.7327,25.5087,1.8655,,11,,6,,3,,,,,"[7.07, 9.46, 6.52]"
3e88b01c-8b7f-4eba-a18c-cae45223b4b4,Baps USPSA April 2025,2025-04-19,6,CM 08-02,135f40dd-d497-448b-a48d-d435cd82ad01,Anthony Kurek Jr,75,25.27,23,32.50,Carry Optics,,FY154490,MINOR,,32.5009,25.2694,1.8480,,11,,6,1,2,,,,,"[10.00, 10.25, 8.97]"
3e88b01c-8b7f-4eba-a18c-cae45223b4b4,Baps USPSA April 2025,2025-04-19,6,CM 08-02,135f40dd-d497-448b-a48d-d435cd82ad01,Ryan Jaw,76,21.59,16,28.57,Open,U,TY142907,MAJOR,,28.5681,21.5897,1.5789,,10,,4,2,4,,,,,"[5.98, 6.74, 6.28]"
3e88b01c-8b7f-4eba-a18c-cae45223b4b4,Baps USPSA April 2025,2025-04-19,6,CM 08-02,135f40dd-d497-448b-a48d-d435cd82ad01,Paul Felker,77,13.69,28,15.42,Limited Optics,A,TY1087123,MINOR,,15.4176,13.6876,1.0010,,8,,6,2,4,,,,,"[10.24, 5.10, 4.64]"
3e88b01c-8b7f-4eba-a18c-cae45223b4b4,Baps USPSA April 2025,2025-04-19,6,CM 08-02,135f40dd-d497-448b-a48d-d435cd82ad01,Adam Bandiera,78,0.00,29,0.00,Limited Optics,A,A148375,MINOR,,0.0000,0.0000,,,,,,,,,,,,
3e88b01c-8b7f-4eba-a18c-cae45223b4b4,Baps USPSA April 2025,2025-04-19,6,CM 08-02,135f40dd-d497-448b-a48d-d435cd82ad01,Abelardo Nerida,79,0.00,2,0.00,Limited,U,,MAJOR,Senior,0.0000,0.0000,0.0000,,7,,4,,9,,,,,"[9.90, 10.84, 4.89]"
3e88b01c-8b7f-4eba-a18c-cae45223b4b4,Baps USPSA April 2025,2025-04-19,7,Indigo,eabb7a28-458d-4a68-a6e4-a14173e48c62,august Balagtas,1,100.00,1,100.00,Open,M,L3674,MAJOR,,90.0000,90.0000,10.7554,7.81,12,,6,,,,,,,
3e88b01c-8b7f-4eba-a18c-cae45223b4b4,Baps USPSA April 2025,2025-04-19,7,Indigo,eabb7a28-458d-4a68-a6e4-a14173e48c62,craig Bellamy,2,99.30,1,100.00,Carry Optics,M,Ty54824,MINOR,Law,90.0000,89.3657,10.6796,8.24,17,,1,,,,,,,
3e88b01c-8b7f-4eba-a18c-cae45223b4b4,Baps USPSA April 2025,2025-04-19,7,Indigo,eabb7a28-458d-4a68-a6e4-a14173e48c62,Mike Junco,3,98.12,1,100.00,Limited Optics,M,A34819,MINOR,Senior; Law,90.0000,88.3047,10.5528,7.96,15,,3,,,,,,,
3e88b01c-8b7f-4eba-a18c-cae45223b4b4,Baps USPSA April 2025,2025-04-19,7,Indigo,eabb7a28-458d-4a68-a6e4-a14173e48c62,Zachary Ralston,4,95.73,2,97.57,Limited Optics,A,A123081,MINOR,,87.8099,86.1558,10.2960,7.77,14,,3,1,,,,,,
3e88b01c-8b7f-4eba-a18c-cae45223b4b4,Baps USPSA April 2025,2025-04-19,7,Indigo,eabb7a28-458d-4a68-a6e4-a14173e48c62,Phillip Nguyen,5,95.30,3,97.13,Limited Optics,,,MINOR,,87.4176,85.7709,10.2500,8.00,14,,4,,,,,,,
3e88b01c-8b7f-4eba-a18c-cae45223b4b4,Baps USPSA April 2025,2025-04-19,7,Indigo,eabb7a28-458d-4a68-a6e4-a14173e48c62,Ryan Jaw,6,94.24,2,94.24,Open,U,TY142907,MAJOR,,84.8169,84.8169,10.1360,8.09,12,,5,1,,,,,,
3e88b01c-8b7f-4eba-a18c-cae45223b4b4,Baps USPSA April 2025,2025-04-19,7,Indigo,eabb7a28-458d-4a68-a6e4-a14173e48c62,Andy Chen,7,90.77,4,92.51,Limited Optics,A,A86721,MINOR,,83.2573,81.6890,9.7622,7.99,12,,6,,,,,,,
3e88b01c-8b7f-4eba-a18c-cae45223b4b4,Baps USPSA April 2025,2025-04-19,7,Indigo,eabb7a28-458d-4a68-a6e4-a14173e48c62,jack Liu,8,87.89,1,100.00,PCC,A,L6156,MINOR,Law,90.0000,79.0992,9.4527,8.04,11,,7,,,,,,,
3e88b01c-8b7f-4eba-a18c-cae45223b4b4,Baps USPSA April 2025,2025-04-19,7,Indigo,eabb7a28-458d-4a68-a6e4-a14173e48c62,Matthew Lem,9,87.38,5,89.05,Limited Optics,A,A34763,MINOR,Senior; Law,80.1478,78.6381,9.3976,8.30,12,,6,,,,,,,
3e88b01c-8b7f-4eba-a18c-cae45223b4b4,Baps USPSA April 2025,2025-04-19,7,Indigo,eabb7a28-458d-4a68-a6e4-a14173e48c62,Matthew Michna,10,86.93,2,87.55,Carry Optics,M,A128405,MINOR,,78.7959,78.2406,9.3501,8.77,14,,4,,,,,,,
3e88b01c-8b7f-4eba-a18c-cae45223b4b4,Baps USPSA April 2025,2025-04-19,7,Indigo,eabb7a28-458d-4a68-a6e4-a14173e48c62,paul Torre,11,84.82,3,85.42,Carry Optics,B,A88028,MINOR,Law,76.8804,76.3386,9.1228,8.55,13,,4,1,,,,,,
3e88b01c-8b7f-4eba-a18c-cae45223b4b4,Baps USPSA April 2025,2025-04-19,7,Indigo,eabb7a28-458d-4a68-a6e4-a14173e48c62,Dywne Mendoza,12,83.43,1,100.00,Production,,,MINOR,,90.0000,75.0834,8.9728,8.47,12,,5,1,,,,,,
3e88b01c-8b7f-4eba-a18c-cae45223b4b4,Baps USPSA April 2025,2025-04-19,7,Indigo,eabb7a28-458d-4a68-a6e4-a14173e48c62,jon Baguio,13,82.12,3,82.12,Open,,,MAJOR,,73.9119,73.9119,8.8328,9.51,14,,3,1,,,,,,
3e88b01c-8b7f-4eba-a18c-cae45223b4b4,Baps USPSA April 2025,2025-04-19,7,Indigo,eabb7a28-458d-4a68-a6e4-a14173e48c62,Daniel Alexander,14,81.11,6,82.66,Limited Optics,,,MINOR,,74.3979,72.9964,8.7234,9.40,15,,2,1,,,,,,
3e88b01c-8b7f-4eba-a18c-cae45223b4b4,Baps USPSA April 2025,2025-04-19,7,Indigo,eabb7a28-458d-4a68-a6e4-a14173e48c62,Paul Felker,15,78.99,7,80.51,Limited Optics,A,TY1087123,MINOR,,72.4585,71.0936,8.4960,8.71,11,,6,1,,,,,,
3e88b01c-8b7f-4eba-a18c-cae45223b4b4,Baps USPSA April 2025,2025-04-19,7,Indigo,eabb7a28-458d-4a68-a6e4-a14173e48c62,Gerrit Milks,16,78.65,2,89.48,PCC,,,MINOR,,80.5351,70.7806,8.4586,10.64,18,,,,,,,,,
3e88b01c-8b7f-4eba-a18c-cae45223b4b4,Baps USPSA April 2025,2025-04-19,7,Indigo,eabb7a28-458d-4a68-a6e4-a14173e48c62,Marlon Cute Poralan,17,76.57,4,76.57,Open,,,MAJOR,,68.9121,68.9121,8.2353,10.20,14,,3,1,,,,,,
3e88b01c-8b7f-4eba-a18c-cae45223b4b4,Baps USPSA April 2025,2025-04-19,7,Indigo,eabb7a28-458d-4a68-a6e4-a14173e48c62,James Rogers,18,75.67,4,76.21,Carry Optics,C,A101402,MINOR,Law,68.5846,68.1012,8.1384,9.83,13,,5,,,,,,,
3e88b01c-8b7f-4eba-a18c-cae45223b4b4,Baps USPSA April 2025,2025-04-19,7,Indigo,eabb7a28-458d-4a68-a6e4-a14173e48c62,Meas Virak,19,74.92,5,74.92,Open,,,MINOR,,67.4276,67.4276,8.0579,9.68,13,,4,1,,,,,,
3e88b01c-8b7f-4eba-a18c-cae45223b4b4,Baps USPSA April 2025,2025-04-19,7,Indigo,eabb7a28-458d-4a68-a6e4-a14173e48c62,cliff Pinsent,20,74.70,6,74.70,Open,B,FY99321,MAJOR,Distinguished Senior,67.2276,67.2276,8.0340,10.58,13,,5,,,,,,,
3e88b01c-8b7f-4eba-a18c-cae45223b4b4,Baps USPSA April 2025,2025-04-19,7,Indigo,eabb7a28-458d-4a68-a6e4-a14173e48c62,Brian Whelihan,21,74.23,8,75.65,Limited Optics,U,40226,MINOR,,68.0885,66.8059,7.9836,9.77,12,,6,,,,,,,
3e88b01c-8b7f-4eba-a18c-cae45223b4b4,Baps USPSA April 2025,2025-04-19,7,Indigo,eabb7a28-458d-4a68-a6e4-a14173e48c62,Q Nguyen,22,73.81,7,73.81,Open,,TY99688,MAJOR,Senior,66.4251,66.4251,7.9381,9.70,9,,7,2,,,,,,
3e88b01c-8b7f-4eba-a18c-cae45223b4b4,Baps USPSA April 2025,2025-04-19,7,Indigo,eabb7a28-458d-4a68-a6e4-a14173e48c62,Phan Tony,23,73.11,5,73.63,Carry Optics,A,TY11963,MINOR,Law,66.2629,65.7959,7.8629,9.92,13,,4,1,,,,,,
3e88b01c-8b7f-4eba-a18c-cae45223b4b4,Baps USPSA April 2025,2025-04-19,7,Indigo,eabb7a28-458d-4a68-a6e4-a14173e48c62,nick bolo,24,72.77,8,72.77,Open,B,,MAJOR,Senior; Super Senior,65.4946,65.4946,7.8269,10.86,13,,5,,,,,,,
3e88b01c-8b7f-4eba-a18c-cae45223b4b4,Baps USPSA April 2025,2025-04-19,7,Indigo,eabb7a28-458d-4a68-a6e4-a14173e48c62,Jerry McClain,25,71.31,9,72.68,Limited Optics,C,A48726,MINOR,Law,65.4156,64.1834,7.6702,10.43,14,,3,1,,,,,,
3e88b01c-8b7f-4eba-a18c-cae45223b4b4,Baps USPSA April 2025,2025-04-19,7,Indigo,eabb7a28-458d-4a68-a6e4-a14173e48c62,Chris Nagala,26,69.82,10,71.16,Limited Optics,B,TY97712,MINOR,,64.0425,62.8362,7.5092,10.92,14,,4,,,,,,,
3e88b01c-8b7f-4eba-a18c-cae45223b4b4,Baps USPSA April 2025,2025-04-19,7,Indigo,eabb7a28-458d-4a68-a6e4-a14173e48c62,Glenn Cunningham,27,69.30,3,78.85,PCC,C,A78280,MINOR,Distinguished Senior,70.9645,62.3692,7.4534,11.27,15,,3,,,,,,,
3e88b01c-8b7f-4eba-a18c-cae45223b4b4,Baps USPSA April 2025,2025-04-19,7,Indigo,eabb7a28-458d-4a68-a6e4-a14173e48c62,Jerry Dueitt,28,68.87,11,70.19,Limited Optics,B,Ty108354,MINOR,,63.1743,61.9843,7.4074,11.07,15,,2,1,,,,,,
3e88b01c-8b7f-4eba-a18c-cae45223b4b4,Baps USPSA April 2025,2025-04-19,7,Indigo,eabb7a28-458d-4a68-a6e4-a14173e48c62,yanlin Xiang,29,68.74,12,70.06,Limited Optics,C,A164967,MINOR,,63.0549,61.8672,7.3934,10.55,12,,6,,,,,,,
3e88b01c-8b7f-4eba-a18c-cae45223b4b4,Baps USPSA April 2025,2025-04-19,7,Indigo,eabb7a28-458d-4a68-a6e4-a14173e48c62,Viet Nguyen,30,68.39,4,77.81,PCC,,,MINOR,,70.0324,61.5500,7.3555,11.42,15,,3,,,,,,,
3e88b01c-8b7f-4eba-a18c-cae45223b4b4,Baps USPSA April 2025,2025-04-19,7,Indigo,eabb7a28-458d-4a68-a6e4-a14173e48c62,Chris Gaines,31,68.32,6,68.80,Carry Optics,U,A168156,MINOR,,61.9211,61.4847,7.3477,11.16,14,,4,,,,,,,
3e88b01c-8b7f-4eba-a18c-cae45223b4b4,Baps USPSA April 2025,2025-04-19,7,Indigo,eabb7a28-458d-4a68-a6e4-a14173e48c62,phyl Santos,32,68.21,7,68.69,Carry Optics,B,A155981,MINOR,,61.8217,61.3860,7.3359,10.36,12,,5,1,,,,,,
3e88b01c-8b7f-4eba-a18c-cae45223b4b4,Baps USPSA April 2025,2025-04-19,7,Indigo,eabb7a28-458d-4a68-a6e4-a14173e48c62,rene Zalamea,33,67.56,8,68.04,Carry Optics,C,A66891,MINOR,Senior,61.2335,60.8019,7.2661,11.01,13,,5,,,,,,,
3e88b01c-8b7f-4eba-a18c-cae45223b4b4,Baps USPSA April 2025,2025-04-19,7,Indigo,eabb7a28-458d-4a68-a6e4-a14173e48c62,Ashley Krenek,34,66.92,9,67.40,Carry Optics,B,TY92392,MINOR,Lady,60.6587,60.2312,7.1979,11.67,15,,3,,,,,,,
3e88b01c-8b7f-4eba-a18c-cae45223b4b4,Baps USPSA April 2025,2025-04-19,7,Indigo,eabb7a28-458d-4a68-a6e4-a14173e48c62,Steven McNamara,35,66.74,9,66.74,Open,B,A75212,MAJOR,Senior,60.0630,60.0630,7.1778,12.26,16,,2,,,,,,,
3e88b01c-8b7f-4eba-a18c-cae45223b4b4,Baps USPSA April 2025,2025-04-19,7,Indigo,eabb7a28-458d-4a68-a6e4-a14173e48c62,Yetta Jones,36,66.29,10,66.76,Carry Optics,C,TY139120,MINOR,Lady,60.0823,59.6589,7.1295,10.66,12,,5,1,,,,,,
3e88b01c-8b7f-4eba-a18c-cae45223b4b4,Baps USPSA April 2025,2025-04-19,7,Indigo,eabb7a28-458d-4a68-a6e4-a14173e48c62,Abelardo Nerida,37,65.23,1,100.00,Limited,U,,MAJOR,Senior,90.0000,58.7091,7.0160,11.26,11,,5,2,,,,,,
3e88b01c-8b7f-4eba-a18c-cae45223b4b4,Baps USPSA April 2025,2025-04-19,7,Indigo,eabb7a28-458d-4a68-a6e4-a14173e48c62,Joe Dalson-Peacock,38,64.92,11,65.38,Carry Optics,,,MINOR,,58.8435,58.4288,6.9825,12.03,15,,3,,,,,,,
3e88b01c-8b7f-4eba-a18c-cae45223b4b4,Baps USPSA April 2025,2025-04-19,7,Indigo,eabb7a28-458d-4a68-a6e4-a14173e48c62,Nate Miranda,39,64.51,12,64.97,Carry Optics,U,,MINOR,,58.4719,58.0598,6.9384,11.53,13,,5,,,,,,,
3e88b01c-8b7f-4eba-a18c-cae45223b4b4,Baps USPSA April 2025,2025-04-19,7,Indigo,eabb7a28-458d-4a68-a6e4-a14173e48c62,jason Debord,40,64.39,13,64.84,Carry Optics,U,9229,MINOR,,58.3589,57.9476,6.9250,12.13,15,,3,,,,,,,
3e88b01c-8b7f-4eba-a18c-cae45223b4b4,Baps USPSA April 2025,2025-04-19,7,Indigo,eabb7a28-458d-4a68-a6e4-a14173e48c62,Bellamy Karys,41,64.15,13,65.39,Limited Optics,B,TY130774,MINOR,Lady; Junior,58.8478,57.7393,6.9001,9.71,13,,4,,1,,,,,
3e88b01c-8b7f-4eba-a18c-cae45223b4b4,Baps USPSA April 2025,2025-04-19,7,Indigo,eabb7a28-458d-4a68-a6e4-a14173e48c62,Andrew Philip,42,63.47,14,64.69,Limited Optics,C,A153653,MINOR,,58.2209,57.1242,6.8266,10.84,10,,8,,,,,,,
3e88b01c-8b7f-4eba-a18c-cae45223b4b4,Baps USPSA April 2025,2025-04-19,7,Indigo,eabb7a28-458d-4a68-a6e4-a14173e48c62,Andrew Whitley,43,63.22,10,63.22,Open,A,TY106649,MAJOR,,56.9016,56.9016,6.8000,12.50,13,,5,,,,,,,
3e88b01c-8b7f-4eba-a18c-cae45223b4b4,Baps USPSA April 2025,2025-04-19,7,Indigo,eabb7a28-458d-4a68-a6e4-a14173e48c62,Paul Piretti,44,63.10,15,64.31,Limited Optics,,A149477,MINOR,,57.8824,56.7920,6.7869,9.43,5,,13,,,,,,,
3e88b01c-8b7f-4eba-a18c-cae45223b4b4,Baps USPSA April 2025,2025-04-19,7,Indigo,eabb7a28-458d-4a68-a6e4-a14173e48c62,Charles Schumann,45,62.92,2,75.42,Production,U,,MINOR,,67.8812,56.6305,6.7676,11.23,11,,7,,,,,,,
3e88b01c-8b7f-4eba-a18c-cae45223b4b4,Baps USPSA April 2025,2025-04-19,7,Indigo,eabb7a28-458d-4a68-a6e4-a14173e48c62,Lee Smithheart,46,62.24,16,63.44,Limited Optics,C,TY111315,MINOR,Senior,57.0952,56.0197,6.6946,11.95,14,,3,1,,,,,,
3e88b01c-8b7f-4eba-a18c-cae45223b4b4,Baps USPSA April 2025,2025-04-19,7,Indigo,eabb7a28-458d-4a68-a6e4-a14173e48c62,Jason Armstrong,47,58.48,17,59.60,Limited Optics,C,A106377,MINOR,Senior,53.6386,52.6282,6.2893,12.72,14,,3,1,,,,,,
3e88b01c-8b7f-4eba-a18c-cae45223b4b4,Baps USPSA April 2025,2025-04-19,7,Indigo,eabb7a28-458d-4a68-a6e4-a14173e48c62,Chuck Schumann,48,58.22,11,58.22,Open,U,1585,MINOR,,52.3939,52.3939,6.2613,11.02,14,,3,,1,,,,,
3e88b01c-8b7f-4eba-a18c-cae45223b4b4,Baps USPSA April 2025,2025-04-19,7,Indigo,eabb7a28-458d-4a68-a6e4-a14173e48c62,Top Dollar,49,58.11,3,69.65,Production,A,,MINOR,,62.6895,52.2993,6.2500,13.76,16,,2,,,,,,,
3e88b01c-8b7f-4eba-a18c-cae45223b4b4,Baps USPSA April 2025,2025-04-19,7,Indigo,eabb7a28-458d-4a68-a6e4-a14173e48c62,Kicker Cardenas,50,56.22,18,57.30,Limited Optics,U,A156703,MINOR,,51.5738,50.6023,6.0472,13.56,15,,2,1,,,,,,
3e88b01c-8b7f-4eba-a18c-cae45223b4b4,Baps USPSA April 2025,2025-04-19,7,Indigo,eabb7a28-458d-4a68-a6e4-a14173e48c62,Robert Hollier,51,56.00,19,57.08,Limited Optics,U,TY24941,MINOR,Super Senior,51.3691,50.4015,6.0232,12.95,12,,6,,,,,,,
3e88b01c-8b7f-4eba-a18c-cae45223b4b4,Baps USPSA April 2025,2025-04-19,7,Indigo,eabb7a28-458d-4a68-a6e4-a14173e48c62,David Zhang,52,55.90,12,55.90,Open,C,FY140383,MAJOR,,50.3111,50.3111,6.0124,14.47,15,,3,,,,,,,
3e88b01c-8b7f-4eba-a18c-cae45223b4b4,Baps USPSA April 2025,2025-04-19,7,Indigo,eabb7a28-458d-4a68-a6e4-a14173e48c62,Kyle Post,53,55.76,4,66.84,Production,M,A74846,MINOR,Law,60.1578,50.1873,5.9976,8.17,7,,7,3,1,,,,,
3e88b01c-8b7f-4eba-a18c-cae45223b4b4,Baps USPSA April 2025,2025-04-19,7,Indigo,eabb7a28-458d-4a68-a6e4-a14173e48c62,Randy Goodney,54,55.70,20,56.77,Limited Optics,A,A94852,MINOR,,51.0928,50.1304,5.9908,13.02,12,,6,,,,,,,
3e88b01c-8b7f-4eba-a18c-cae45223b4b4,Baps USPSA April 2025,2025-04-19,7,Indigo,eabb7a28-458d-4a68-a6e4-a14173e48c62,Canh Le,55,54.61,21,55.65,Limited Optics,,,MINOR,,50.0881,49.1446,5.8730,12.60,12,,4,2,,,,,,
3e88b01c-8b7f-4eba-a18c-cae45223b4b4,Baps USPSA April 2025,2025-04-19,7,Indigo,eabb7a28-458d-4a68-a6e4-a14173e48c62,bob Lyday,56,53.84,22,54.87,Limited Optics,C,A160925,MINOR,Super Senior,49.3854,48.4551,5.7906,13.47,13,,4,1,,,,,,
3e88b01c-8b7f-4eba-a18c-cae45223b4b4,Baps USPSA April 2025,2025-04-19,7,Indigo,eabb7a28-458d-4a68-a6e4-a14173e48c62,Gene Marsh,57,53.46,14,53.84,Carry Optics,U,TY 140365,MINOR,Super Senior,48.4552,48.1137,5.7498,12.87,11,,6,1,,,,,,
3e88b01c-8b7f-4eba-a18c-cae45223b4b4,Baps USPSA April 2025,2025-04-19,7,Indigo,eabb7a28-458d-4a68-a6e4-a14173e48c62,Adam Post,58,53.20,23,54.22,Limited Optics,U,A83655,MINOR,,48.7995,47.8802,5.7219,15.03,16,,2,,,,,,,
3e88b01c-8b7f-4eba-a18c-cae45223b4b4,Baps USPSA April 2025,2025-04-19,7,Indigo,eabb7a28-458d-4a68-a6e4-a14173e48c62,thomas Zhang,59,52.34,13,52.34,Open,U,A145116,MINOR,,47.1037,47.1037,5.6291,12.08,7,,11,,,,,,,
3e88b01c-8b7f-4eba-a18c-cae45223b4b4,Baps USPSA April 2025,2025-04-19,7,Indigo,eabb7a28-458d-4a68-a6e4-a14173e48c62,Lawney Morales,60,51.83,5,62.13,Production,,,MINOR,,55.9180,46.6501,5.5749,14.35,14,,3,1,,,,,,
3e88b01c-8b7f-4eba-a18c-cae45223b4b4,Baps USPSA April 2025,2025-04-19,7,Indigo,eabb7a28-458d-4a68-a6e4-a14173e48c62,Berrhett Foss,61,50.95,15,51.31,Carry Optics,B,A143624,MINOR,,46.1773,45.8519,5.4795,8.03,10,,4,2,2,,,,,
3e88b01c-8b7f-4eba-a18c-cae45223b4b4,Baps USPSA April 2025,2025-04-19,7,Indigo,eabb7a28-458d-4a68-a6e4-a14173e48c62,michael Pontious,62,50.48,24,51.44,Limited Optics,B,94575,MINOR,Senior,46.2997,45.4276,5.4288,12.71,15,,1,1,1,,,,,
3e88b01c-8b7f-4eba-a18c-cae45223b4b4,Baps USPSA April 2025,2025-04-19,7,Indigo,eabb7a28-458d-4a68-a6e4-a14173e48c62,ross Pimentel,63,50.08,25,51.04,Limited Optics,C,A157753,MINOR,Senior,45.9364,45.0711,5.3862,9.84,8,,7,2,1,,,,,
3e88b01c-8b7f-4eba-a18c-cae45223b4b4,Baps USPSA April 2025,2025-04-19,7,Indigo,eabb7a28-458d-4a68-a6e4-a14173e48c62,Richard Dillow,64,46.76,14,46.76,Open,C,TY57446,MAJOR,,42.0838,42.0838,5.0292,13.72,11,,6,,1,,,,,
3e88b01c-8b7f-4eba-a18c-cae45223b4b4,Baps USPSA April 2025,2025-04-19,7,Indigo,eabb7a28-458d-4a68-a6e4-a14173e48c62,Giao Le,65,45.63,16,45.95,Carry Optics,,,MINOR,,41.3544,41.0629,4.9072,15.08,12,,4,2,,,,,,
3e88b01c-8b7f-4eba-a18c-cae45223b4b4,Baps USPSA April 2025,2025-04-19,7,Indigo,eabb7a28-458d-4a68-a6e4-a14173e48c62,Dave Campbell,66,44.66,15,44.66,Open,U,,MAJOR,Distinguished Senior,40.1918,40.1918,4.8031,10.41,8,,7,1,2,,,,,
3e88b01c-8b7f-4eba-a18c-cae45223b4b4,Baps USPSA April 2025,2025-04-19,7,Indigo,eabb7a28-458d-4a68-a6e4-a14173e48c62,Anthony Kurek Jr,67,43.69,17,44.00,Carry Optics,,FY154490,MINOR,,39.5998,39.3207,4.6990,13.62,7,,9,2,,,,,,
3e88b01c-8b7f-4eba-a18c-cae45223b4b4,Baps USPSA April 2025,2025-04-19,7,Indigo,eabb7a28-458d-4a68-a6e4-a14173e48c62,Seth Davis,68,42.56,18,42.86,Carry Optics,U,A167963,MINOR,,38.5759,38.3040,4.5775,14.20,12,,5,,1,,,,,
3e88b01c-8b7f-4eba-a18c-cae45223b4b4,Baps USPSA April 2025,2025-04-19,7,Indigo,eabb7a28-458d-4a68-a6e4-a14173e48c62,Ralph Burbe,69,42.39,19,42.69,Carry Optics,U,,MINOR,,38.4225,38.1517,4.5593,16.45,17,,,,1,,,,,
3e88b01c-8b7f-4eba-a18c-cae45223b4b4,Baps USPSA April 2025,2025-04-19,7,Indigo,eabb7a28-458d-4a68-a6e4-a14173e48c62,Byron Frank,70,40.78,20,41.07,Carry Optics,C,A139338,MINOR,Super Senior,36.9621,36.7016,4.3860,18.24,13,,5,,,,,,,
3e88b01c-8b7f-4eba-a18c-cae45223b4b4,Baps USPSA April 2025,2025-04-19,7,Indigo,eabb7a28-458d-4a68-a6e4-a14173e48c62,John Stokes,71,35.50,2,54.42,Limited,U,,MINOR,Super Senior,48.9792,31.9503,3.8182,22.00,15,,3,,,,,,,
3e88b01c-8b7f-4eba-a18c-cae45223b4b4,Baps USPSA April 2025,2025-04-19,7,Indigo,eabb7a28-458d-4a68-a6e4-a14173e48c62,Alice Davis,72,28.73,21,28.93,Carry Optics,U,TY 137979,MINOR,Lady; Super Senior,26.0369,25.8534,3.0896,29.13,18,,,,,,,,,
3e88b01c-8b7f-4eba-a18c-cae45223b4b4,Baps USPSA April 2025,2025-04-19,7,Indigo,eabb7a28-458d-4a68-a6e4-a14173e48c62,Jim Duncan,73,27.42,26,27.95,Limited Optics,,,MINOR,,25.1515,24.6777,2.9491,29.84,17,,1,,,,,,,
3e88b01c-8b7f-4eba-a18c-cae45223b4b4,Baps USPSA April 2025,2025-04-19,7,Indigo,eabb7a28-458d-4a68-a6e4-a14173e48c62,Zuo Yihao,74,26.06,16,26.06,Open,U,A165414,MAJOR,,23.4552,23.4552,2.8030,12.13,6,,8,1,3,,,,,
3e88b01c-8b7f-4eba-a18c-cae45223b4b4,Baps USPSA April 2025,2025-04-19,7,Indigo,eabb7a28-458d-4a68-a6e4-a14173e48c62,John Burris,75,23.13,27,23.58,Limited Optics,U,,MINOR,,21.2190,20.8193,2.4880,12.46,1,,10,6,1,,,,,
3e88b01c-8b7f-4eba-a18c-cae45223b4b4,Baps USPSA April 2025,2025-04-19,7,Indigo,eabb7a28-458d-4a68-a6e4-a14173e48c62,Casey Lawrence,76,21.27,28,21.67,Limited Optics,U,,MINOR,,19.5073,19.1399,2.2873,10.93,10,,5,,3,,,1,,
3e88b01c-8b7f-4eba-a18c-cae45223b4b4,Baps USPSA April 2025,2025-04-19,7,Indigo,eabb7a28-458d-4a68-a6e4-a14173e48c62,Michael Sookngan,77,16.03,22,16.14,Carry Optics,,A166135,MINOR,,14.5295,14.4271,1.7241,13.34,5,,9,1,3,,,,,
3e88b01c-8b7f-4eba-a18c-cae45223b4b4,Baps USPSA April 2025,2025-04-19,7,Indigo,eabb7a28-458d-4a68-a6e4-a14173e48c62,Steve Nguyen,78,15.77,23,15.88,Carry Optics,,,MINOR,,14.2944,14.1936,1.6962,12.97,3,,7,6,2,,,,,
3e88b01c-8b7f-4eba-a18c-cae45223b4b4,Baps USPSA April 2025,2025-04-19,7,Indigo,eabb7a28-458d-4a68-a6e4-a14173e48c62,Adam Bandiera,79,0.00,29,0.00,Limited Optics,A,A148375,MINOR,,0.0000,0.0000,,,,,,,,,,,,
