match_id,match_name,match_date,stage_number,stage_name,stage_uuid,shooter_name,shooter_rank_combined,shooter_percent_combined,shooter_rank_division,shooter_percent_division,division,class,member_number,power_factor,categories,stage_points,stage_points_combined,hit_factor,time,A,B,C,D,M,NPM,NS,Proc,Apen,detail_Times
3e93ea37-79a8-457c-9c13-a1c21e759c6f,Thunder Tactical Shooters USPSA Match 8NOV2025 ,2025-11-08,1,Bay 1,bc66c104-de2a-4b99-8020-8fbc817d33ed,Chez Chike-Udenze,1,100.00,1,100.00,Open,D,A138598,MAJOR,,110.0000,110.0000,8.3268,12.73,18,,4,,,,,,,
3e93ea37-79a8-457c-9c13-a1c21e759c6f,Thunder Tactical Shooters USPSA Match 8NOV2025 ,2025-11-08,1,Bay 1,bc66c104-de2a-4b99-8020-8fbc817d33ed,Jacob Tullis,2,88.48,1,100.00,Limited Optics,M,A140523,MINOR,,110.0000,97.3286,7.3676,13.03,15,,7,,,,,,,
3e93ea37-79a8-457c-9c13-a1c21e759c6f,Thunder Tactical Shooters USPSA Match 8NOV2025 ,2025-11-08,1,Bay 1,bc66c104-de2a-4b99-8020-8fbc817d33ed,Craig Bellamy,3,85.60,1,100.00,Carry Optics,G,ty54824,MINOR,Law Enforcement,110.0000,94.1581,7.1276,14.03,18,,3,1,,,,,,
3e93ea37-79a8-457c-9c13-a1c21e759c6f,Thunder Tactical Shooters USPSA Match 8NOV2025 ,2025-11-08,1,Bay 1,bc66c104-de2a-4b99-8020-8fbc817d33ed,Anthony Fong,4,84.61,2,95.63,Limited Optics,M,A142224,MINOR,,105.1880,93.0709,7.0453,13.91,17,,4,1,,,,,,
3e93ea37-79a8-457c-9c13-a1c21e759c6f,Thunder Tactical Shooters USPSA Match 8NOV2025 ,2025-11-08,1,Bay 1,bc66c104-de2a-4b99-8020-8fbc817d33ed,Phillip Nguyen,5,80.36,3,90.82,Limited Optics,M,TY152423,MINOR,,99.9042,88.3958,6.6914,16.14,21,,1,,,,,,,
3e93ea37-79a8-457c-9c13-a1c21e759c6f,Thunder Tactical Shooters USPSA Match 8NOV2025 ,2025-11-08,1,Bay 1,bc66c104-de2a-4b99-8020-8fbc817d33ed,Paul Felker,6,79.00,4,89.28,Limited Optics,A,Ty107123,MINOR,,98.2126,86.8990,6.5781,15.81,19,,3,,,,,,,
3e93ea37-79a8-457c-9c13-a1c21e759c6f,Thunder Tactical Shooters USPSA Match 8NOV2025 ,2025-11-08,1,Bay 1,bc66c104-de2a-4b99-8020-8fbc817d33ed,Will Goglas,7,78.50,2,78.50,Open,B,A154790,MAJOR,,86.3482,86.3482,6.5364,13.31,15,,5,1,1,,,,,
3e93ea37-79a8-457c-9c13-a1c21e759c6f,Thunder Tactical Shooters USPSA Match 8NOV2025 ,2025-11-08,1,Bay 1,bc66c104-de2a-4b99-8020-8fbc817d33ed,Matthew Lem,8,78.24,5,88.42,Limited Optics,A,A34763,MINOR,Senior; Law Enforcement,97.2660,86.0615,6.5147,15.35,18,,3,1,,,,,,
3e93ea37-79a8-457c-9c13-a1c21e759c6f,Thunder Tactical Shooters USPSA Match 8NOV2025 ,2025-11-08,1,Bay 1,bc66c104-de2a-4b99-8020-8fbc817d33ed,Colin Kerrigan,9,76.77,2,89.68,Carry Optics,M,A142731,MINOR,,98.6491,84.4419,6.3921,16.27,19,,3,,,,,,,
3e93ea37-79a8-457c-9c13-a1c21e759c6f,Thunder Tactical Shooters USPSA Match 8NOV2025 ,2025-11-08,1,Bay 1,bc66c104-de2a-4b99-8020-8fbc817d33ed,Travis McKenzie,10,76.50,3,89.38,Carry Optics,M,L6340,MINOR,,98.3126,84.1539,6.3703,15.07,16,,5,1,,,,,,
3e93ea37-79a8-457c-9c13-a1c21e759c6f,Thunder Tactical Shooters USPSA Match 8NOV2025 ,2025-11-08,1,Bay 1,bc66c104-de2a-4b99-8020-8fbc817d33ed,Paul Torre,11,75.15,4,87.79,Carry Optics,B,TY88028,MINOR,Law Enforcement,96.5702,82.6625,6.2574,16.94,21,,,1,,,,,,
3e93ea37-79a8-457c-9c13-a1c21e759c6f,Thunder Tactical Shooters USPSA Match 8NOV2025 ,2025-11-08,1,Bay 1,bc66c104-de2a-4b99-8020-8fbc817d33ed,Tyler Denmon,12,73.51,6,83.08,Limited Optics,A,A156054,MINOR,,91.3880,80.8606,6.1210,14.54,18,,3,,1,,,,,
3e93ea37-79a8-457c-9c13-a1c21e759c6f,Thunder Tactical Shooters USPSA Match 8NOV2025 ,2025-11-08,1,Bay 1,bc66c104-de2a-4b99-8020-8fbc817d33ed,FRANCIS NGUYEN,13,73.35,7,82.90,Limited Optics,U,A169979,MINOR,,91.1909,80.6862,6.1078,16.70,18,,4,,,,,,,
3e93ea37-79a8-457c-9c13-a1c21e759c6f,Thunder Tactical Shooters USPSA Match 8NOV2025 ,2025-11-08,1,Bay 1,bc66c104-de2a-4b99-8020-8fbc817d33ed,Kenedy Nguyen,14,73.06,8,82.57,Limited Optics,C,A83862,MINOR,,90.8236,80.3612,6.0832,16.11,17,,4,1,,,,,,
3e93ea37-79a8-457c-9c13-a1c21e759c6f,Thunder Tactical Shooters USPSA Match 8NOV2025 ,2025-11-08,1,Bay 1,bc66c104-de2a-4b99-8020-8fbc817d33ed,Alex Goben,15,73.00,5,85.28,Carry Optics,A,L5929,MINOR,,93.8062,80.2965,6.0783,17.11,19,,3,,,,,,,
3e93ea37-79a8-457c-9c13-a1c21e759c6f,Thunder Tactical Shooters USPSA Match 8NOV2025 ,2025-11-08,1,Bay 1,bc66c104-de2a-4b99-8020-8fbc817d33ed,Jon Baguio,16,71.66,3,71.66,Open,C,X,MAJOR,,78.8222,78.8222,5.9667,17.43,16,,6,,,,,,,
3e93ea37-79a8-457c-9c13-a1c21e759c6f,Thunder Tactical Shooters USPSA Match 8NOV2025 ,2025-11-08,1,Bay 1,bc66c104-de2a-4b99-8020-8fbc817d33ed,Hugh “Skippy” Fullerton,17,71.22,9,80.49,Limited Optics,B,A140572,MINOR,,88.5393,78.3401,5.9302,17.20,19,,2,1,,,,,,
3e93ea37-79a8-457c-9c13-a1c21e759c6f,Thunder Tactical Shooters USPSA Match 8NOV2025 ,2025-11-08,1,Bay 1,bc66c104-de2a-4b99-8020-8fbc817d33ed,Ulrick Fong,18,68.27,1,100.00,PCC,B,A170351,MINOR,Senior,110.0000,75.1009,5.6850,17.59,17,,5,,,,,,,
3e93ea37-79a8-457c-9c13-a1c21e759c6f,Thunder Tactical Shooters USPSA Match 8NOV2025 ,2025-11-08,1,Bay 1,bc66c104-de2a-4b99-8020-8fbc817d33ed,John Ren,19,66.87,6,78.12,Carry Optics,B,A168570,MINOR,,85.9338,73.5579,5.5682,17.60,16,,6,,,,,,,
3e93ea37-79a8-457c-9c13-a1c21e759c6f,Thunder Tactical Shooters USPSA Match 8NOV2025 ,2025-11-08,1,Bay 1,bc66c104-de2a-4b99-8020-8fbc817d33ed,Zachary Ralston,20,66.56,1,100.00,Limited,A,A123081,MINOR,,110.0000,73.2144,5.5422,16.60,14,,7,1,,,,,,
3e93ea37-79a8-457c-9c13-a1c21e759c6f,Thunder Tactical Shooters USPSA Match 8NOV2025 ,2025-11-08,1,Bay 1,bc66c104-de2a-4b99-8020-8fbc817d33ed,Brandon Foss,21,66.53,7,77.72,Carry Optics,M,L5142,MINOR,,85.4971,73.1841,5.5399,17.69,16,,6,,,,,,,
3e93ea37-79a8-457c-9c13-a1c21e759c6f,Thunder Tactical Shooters USPSA Match 8NOV2025 ,2025-11-08,1,Bay 1,bc66c104-de2a-4b99-8020-8fbc817d33ed,Travis Edwards,22,65.79,10,74.35,Limited Optics,A,A107004,MINOR,,81.7878,72.3663,5.4780,19.35,20,,2,,,,,,,
3e93ea37-79a8-457c-9c13-a1c21e759c6f,Thunder Tactical Shooters USPSA Match 8NOV2025 ,2025-11-08,1,Bay 1,bc66c104-de2a-4b99-8020-8fbc817d33ed,Heath Helgeson,23,65.22,11,73.71,Limited Optics,A,A149129,MINOR,,81.0846,71.7441,5.4309,16.94,14,,7,1,,,,,,
3e93ea37-79a8-457c-9c13-a1c21e759c6f,Thunder Tactical Shooters USPSA Match 8NOV2025 ,2025-11-08,1,Bay 1,bc66c104-de2a-4b99-8020-8fbc817d33ed,Yanlin Xiang,24,64.78,12,73.21,Limited Optics,B,A164967,MINOR,,80.5337,71.2567,5.3940,18.91,18,,4,,,,,,,
3e93ea37-79a8-457c-9c13-a1c21e759c6f,Thunder Tactical Shooters USPSA Match 8NOV2025 ,2025-11-08,1,Bay 1,bc66c104-de2a-4b99-8020-8fbc817d33ed,Coder Wang,25,64.78,2,94.88,PCC,C,A170259,MINOR,,104.3636,71.2527,5.3937,18.54,17,,5,,,,,,,
3e93ea37-79a8-457c-9c13-a1c21e759c6f,Thunder Tactical Shooters USPSA Match 8NOV2025 ,2025-11-08,1,Bay 1,bc66c104-de2a-4b99-8020-8fbc817d33ed,Michael Pontious,26,64.69,13,73.11,Limited Optics,B,A94575,MINOR,Super Senior,80.4262,71.1616,5.3868,17.45,14,,8,,,,,,,
3e93ea37-79a8-457c-9c13-a1c21e759c6f,Thunder Tactical Shooters USPSA Match 8NOV2025 ,2025-11-08,1,Bay 1,bc66c104-de2a-4b99-8020-8fbc817d33ed,Shawn Prosen,27,64.68,8,75.56,Carry Optics,B,A165388,MINOR,,83.1158,71.1457,5.3856,15.04,14,,7,,1,,,,,
3e93ea37-79a8-457c-9c13-a1c21e759c6f,Thunder Tactical Shooters USPSA Match 8NOV2025 ,2025-11-08,1,Bay 1,bc66c104-de2a-4b99-8020-8fbc817d33ed,Ivan Velazquez,28,64.52,9,75.38,Carry Optics,A,A108486,MINOR,,82.9182,70.9766,5.3728,18.24,17,,4,1,,,,,,
3e93ea37-79a8-457c-9c13-a1c21e759c6f,Thunder Tactical Shooters USPSA Match 8NOV2025 ,2025-11-08,1,Bay 1,bc66c104-de2a-4b99-8020-8fbc817d33ed,Mike Junco,29,64.30,14,72.67,Limited Optics,M,FY34819,MINOR,Senior; Law Enforcement,79.9335,70.7256,5.3538,16.25,18,,2,1,1,,,,,
3e93ea37-79a8-457c-9c13-a1c21e759c6f,Thunder Tactical Shooters USPSA Match 8NOV2025 ,2025-11-08,1,Bay 1,bc66c104-de2a-4b99-8020-8fbc817d33ed,Harlan Chen,30,64.12,15,72.47,Limited Optics,C,A163292,MINOR,,79.7125,70.5301,5.3390,18.73,18,,3,1,,,,,,
3e93ea37-79a8-457c-9c13-a1c21e759c6f,Thunder Tactical Shooters USPSA Match 8NOV2025 ,2025-11-08,1,Bay 1,bc66c104-de2a-4b99-8020-8fbc817d33ed,Andre Wijaya,31,64.00,10,74.77,Carry Optics,U,A172696,MINOR,,82.2423,70.3980,5.3290,18.39,16,,6,,,,,,,
3e93ea37-79a8-457c-9c13-a1c21e759c6f,Thunder Tactical Shooters USPSA Match 8NOV2025 ,2025-11-08,1,Bay 1,bc66c104-de2a-4b99-8020-8fbc817d33ed,Manny Nerona,32,63.61,16,71.89,Limited Optics,B,A69445,MINOR,,79.0810,69.9713,5.2967,20.39,21,,1,,,,,,,
3e93ea37-79a8-457c-9c13-a1c21e759c6f,Thunder Tactical Shooters USPSA Match 8NOV2025 ,2025-11-08,1,Bay 1,bc66c104-de2a-4b99-8020-8fbc817d33ed,Robert Strong,33,62.21,4,62.21,Open,C,TY135331,MAJOR,,68.4336,68.4336,5.1803,19.69,16,,5,1,,,,,,
3e93ea37-79a8-457c-9c13-a1c21e759c6f,Thunder Tactical Shooters USPSA Match 8NOV2025 ,2025-11-08,1,Bay 1,bc66c104-de2a-4b99-8020-8fbc817d33ed,Amber Chike-Udenze,34,60.44,3,88.53,PCC,B,A138974,MINOR,Lady,97.3805,66.4851,5.0328,18.28,16,,3,3,,,,,,
3e93ea37-79a8-457c-9c13-a1c21e759c6f,Thunder Tactical Shooters USPSA Match 8NOV2025 ,2025-11-08,1,Bay 1,bc66c104-de2a-4b99-8020-8fbc817d33ed,Drew Yang,35,60.05,17,67.86,Limited Optics,C,FY138478,MINOR,,74.6512,66.0518,5.0000,17.00,16,,5,,1,,,,,
3e93ea37-79a8-457c-9c13-a1c21e759c6f,Thunder Tactical Shooters USPSA Match 8NOV2025 ,2025-11-08,1,Bay 1,bc66c104-de2a-4b99-8020-8fbc817d33ed,Adam Bandiera,36,59.38,11,69.37,Carry Optics,A,A148375,MINOR,,76.3052,65.3160,4.9443,20.63,18,,4,,,,,,,
3e93ea37-79a8-457c-9c13-a1c21e759c6f,Thunder Tactical Shooters USPSA Match 8NOV2025 ,2025-11-08,1,Bay 1,bc66c104-de2a-4b99-8020-8fbc817d33ed,Napoleon Lewis (LastActionHero),37,59.12,18,66.82,Limited Optics,C,A154149,MINOR,Senior; Military,73.4986,65.0319,4.9228,20.72,18,,4,,,,,,,
3e93ea37-79a8-457c-9c13-a1c21e759c6f,Thunder Tactical Shooters USPSA Match 8NOV2025 ,2025-11-08,1,Bay 1,bc66c104-de2a-4b99-8020-8fbc817d33ed,Albert Legislador,38,57.22,5,57.22,Open,C,TY91787,MAJOR,Senior,62.9368,62.9368,4.7642,20.99,14,,7,1,,,,,,
3e93ea37-79a8-457c-9c13-a1c21e759c6f,Thunder Tactical Shooters USPSA Match 8NOV2025 ,2025-11-08,1,Bay 1,bc66c104-de2a-4b99-8020-8fbc817d33ed,Phil Truong,39,57.12,6,57.12,Open,B,FY128600,MINOR,,62.8364,62.8364,4.7566,17.87,16,,5,,1,,,,,
3e93ea37-79a8-457c-9c13-a1c21e759c6f,Thunder Tactical Shooters USPSA Match 8NOV2025 ,2025-11-08,1,Bay 1,bc66c104-de2a-4b99-8020-8fbc817d33ed,chris bulkley,40,55.83,12,65.23,Carry Optics,B,A159469,MINOR,,71.7479,61.4149,4.6490,21.51,17,,5,,,,,,,
3e93ea37-79a8-457c-9c13-a1c21e759c6f,Thunder Tactical Shooters USPSA Match 8NOV2025 ,2025-11-08,1,Bay 1,bc66c104-de2a-4b99-8020-8fbc817d33ed,NeaL NaNDiN,41,55.83,7,55.83,Open,C,FY71894,MAJOR,,61.4083,61.4083,4.6485,17.21,12,,6,3,1,,,,,
3e93ea37-79a8-457c-9c13-a1c21e759c6f,Thunder Tactical Shooters USPSA Match 8NOV2025 ,2025-11-08,1,Bay 1,bc66c104-de2a-4b99-8020-8fbc817d33ed,Marcus Carrow,42,54.79,13,64.01,Carry Optics,B,A164691,MINOR,,70.4114,60.2709,4.5624,21.48,17,,4,1,,,,,,
3e93ea37-79a8-457c-9c13-a1c21e759c6f,Thunder Tactical Shooters USPSA Match 8NOV2025 ,2025-11-08,1,Bay 1,bc66c104-de2a-4b99-8020-8fbc817d33ed,Karys Bellamy,43,53.69,19,60.68,Limited Optics,B,ty130774,MINOR,Lady; Junior,66.7531,59.0635,4.4710,15.88,15,,5,1,1,,1,,,
3e93ea37-79a8-457c-9c13-a1c21e759c6f,Thunder Tactical Shooters USPSA Match 8NOV2025 ,2025-11-08,1,Bay 1,bc66c104-de2a-4b99-8020-8fbc817d33ed,Waltz Noguerra,44,52.26,14,61.05,Carry Optics,C,A137731,MINOR,Senior,67.1581,57.4862,4.3516,22.98,17,,5,,,,,,,
3e93ea37-79a8-457c-9c13-a1c21e759c6f,Thunder Tactical Shooters USPSA Match 8NOV2025 ,2025-11-08,1,Bay 1,bc66c104-de2a-4b99-8020-8fbc817d33ed,Stephanie Marie,45,52.14,15,60.91,Carry Optics,B,A139099,MINOR,Lady,66.9976,57.3488,4.3412,19.81,12,,8,2,,,,,,
3e93ea37-79a8-457c-9c13-a1c21e759c6f,Thunder Tactical Shooters USPSA Match 8NOV2025 ,2025-11-08,1,Bay 1,bc66c104-de2a-4b99-8020-8fbc817d33ed,Jerry Bedro,46,51.10,20,57.76,Limited Optics,B,A98263,MINOR,,63.5326,56.2140,4.2553,22.09,15,,6,1,,,,,,
3e93ea37-79a8-457c-9c13-a1c21e759c6f,Thunder Tactical Shooters USPSA Match 8NOV2025 ,2025-11-08,1,Bay 1,bc66c104-de2a-4b99-8020-8fbc817d33ed,Sean Finnerty,47,50.79,21,57.41,Limited Optics,U,A166724,MINOR,,63.1459,55.8719,4.2294,24.59,19,,3,,,,,,,
3e93ea37-79a8-457c-9c13-a1c21e759c6f,Thunder Tactical Shooters USPSA Match 8NOV2025 ,2025-11-08,1,Bay 1,bc66c104-de2a-4b99-8020-8fbc817d33ed,"Ross ""Riff Raff"" Pimentel",48,48.09,22,54.35,Limited Optics,C,A157753,MINOR,Senior,59.7822,52.8956,4.0041,19.73,13,,8,,1,,,,,
3e93ea37-79a8-457c-9c13-a1c21e759c6f,Thunder Tactical Shooters USPSA Match 8NOV2025 ,2025-11-08,1,Bay 1,bc66c104-de2a-4b99-8020-8fbc817d33ed,Virak Meas,49,46.72,23,52.80,Limited Optics,U,A155576,MINOR,Senior,58.0771,51.3870,3.8899,22.88,18,,3,,1,,,,,
3e93ea37-79a8-457c-9c13-a1c21e759c6f,Thunder Tactical Shooters USPSA Match 8NOV2025 ,2025-11-08,1,Bay 1,bc66c104-de2a-4b99-8020-8fbc817d33ed,Marlon Pors,50,45.76,24,51.71,Limited Optics,C,Ty1234,MINOR,Law Enforcement,56.8842,50.3315,3.8100,21.26,15,,5,1,1,,,,,
3e93ea37-79a8-457c-9c13-a1c21e759c6f,Thunder Tactical Shooters USPSA Match 8NOV2025 ,2025-11-08,1,Bay 1,bc66c104-de2a-4b99-8020-8fbc817d33ed,Gennady Khokhorin,51,45.09,1,100.00,Production,B,A123884,MINOR,Super Senior,110.0000,49.5970,3.7544,22.64,16,,5,,1,,,,,
3e93ea37-79a8-457c-9c13-a1c21e759c6f,Thunder Tactical Shooters USPSA Match 8NOV2025 ,2025-11-08,1,Bay 1,bc66c104-de2a-4b99-8020-8fbc817d33ed,Keith Bowman Jr,52,44.65,25,50.46,Limited Optics,C,A157830,MINOR,,55.5046,49.1108,3.7176,21.25,18,,3,,1,,1,,,
3e93ea37-79a8-457c-9c13-a1c21e759c6f,Thunder Tactical Shooters USPSA Match 8NOV2025 ,2025-11-08,1,Bay 1,bc66c104-de2a-4b99-8020-8fbc817d33ed,Jay Bennett,53,44.42,16,51.89,Carry Optics,A,A77156,MINOR,Super Senior,57.0788,48.8585,3.6985,21.36,13,,8,,1,,,,,
3e93ea37-79a8-457c-9c13-a1c21e759c6f,Thunder Tactical Shooters USPSA Match 8NOV2025 ,2025-11-08,1,Bay 1,bc66c104-de2a-4b99-8020-8fbc817d33ed,Gary Wu,54,44.34,26,50.11,Limited Optics,B,L2998,MINOR,Senior,55.1194,48.7700,3.6918,18.69,14,,6,1,1,,1,,,
3e93ea37-79a8-457c-9c13-a1c21e759c6f,Thunder Tactical Shooters USPSA Match 8NOV2025 ,2025-11-08,1,Bay 1,bc66c104-de2a-4b99-8020-8fbc817d33ed,Eugene Rivers III,55,44.10,17,51.52,Carry Optics,A,A162193,MINOR,,56.6745,48.5124,3.6723,28.32,20,,1,1,,,,,,
3e93ea37-79a8-457c-9c13-a1c21e759c6f,Thunder Tactical Shooters USPSA Match 8NOV2025 ,2025-11-08,1,Bay 1,bc66c104-de2a-4b99-8020-8fbc817d33ed,David Zhang,56,43.88,27,49.59,Limited Optics,B,FY140383,MINOR,,54.5536,48.2693,3.6539,18.61,14,,6,,2,,,,,
3e93ea37-79a8-457c-9c13-a1c21e759c6f,Thunder Tactical Shooters USPSA Match 8NOV2025 ,2025-11-08,1,Bay 1,bc66c104-de2a-4b99-8020-8fbc817d33ed,Rudy Widiaman,57,42.00,28,47.47,Limited Optics,X,X,MINOR,,52.2170,46.2019,3.4974,15.44,17,,3,,2,,,2,,
3e93ea37-79a8-457c-9c13-a1c21e759c6f,Thunder Tactical Shooters USPSA Match 8NOV2025 ,2025-11-08,1,Bay 1,bc66c104-de2a-4b99-8020-8fbc817d33ed,Michael Hanover,58,40.74,18,47.60,Carry Optics,A,TY146302,MINOR,,52.3563,44.8161,3.3925,19.16,14,,4,3,1,,1,,,
3e93ea37-79a8-457c-9c13-a1c21e759c6f,Thunder Tactical Shooters USPSA Match 8NOV2025 ,2025-11-08,1,Bay 1,bc66c104-de2a-4b99-8020-8fbc817d33ed,Fares Al-Salim,59,36.39,29,41.13,Limited Optics,C,A171235,MINOR,,45.2431,40.0313,3.0303,29.37,18,,3,,1,,,,,
3e93ea37-79a8-457c-9c13-a1c21e759c6f,Thunder Tactical Shooters USPSA Match 8NOV2025 ,2025-11-08,1,Bay 1,bc66c104-de2a-4b99-8020-8fbc817d33ed,ian loyd,60,33.29,19,38.90,Carry Optics,U,A148072,MINOR,,42.7864,36.6244,2.7724,36.07,17,,5,,,,,,,
3e93ea37-79a8-457c-9c13-a1c21e759c6f,Thunder Tactical Shooters USPSA Match 8NOV2025 ,2025-11-08,1,Bay 1,bc66c104-de2a-4b99-8020-8fbc817d33ed,Bob Purcell,61,32.50,30,36.73,Limited Optics,U,TY111994,MINOR,Super Senior,40.4027,35.7485,2.7061,32.15,17,,4,,1,,,,,
3e93ea37-79a8-457c-9c13-a1c21e759c6f,Thunder Tactical Shooters USPSA Match 8NOV2025 ,2025-11-08,1,Bay 1,bc66c104-de2a-4b99-8020-8fbc817d33ed,Valter Gonzalez,62,31.97,20,37.35,Carry Optics,U,A172969,MINOR,,41.0810,35.1646,2.6619,27.80,17,,3,,2,,,,,
3e93ea37-79a8-457c-9c13-a1c21e759c6f,Thunder Tactical Shooters USPSA Match 8NOV2025 ,2025-11-08,1,Bay 1,bc66c104-de2a-4b99-8020-8fbc817d33ed,Fred Ermac,63,29.69,31,33.56,Limited Optics,U,A106437,MINOR,,36.9120,32.6600,2.4723,31.55,16,,6,,,,2,,,
3e93ea37-79a8-457c-9c13-a1c21e759c6f,Thunder Tactical Shooters USPSA Match 8NOV2025 ,2025-11-08,1,Bay 1,bc66c104-de2a-4b99-8020-8fbc817d33ed,Marshall Quigley,64,29.37,1,100.00,Single Stack,C,A162329,MAJOR,,110.0000,32.3033,2.4453,27.40,13,,8,,1,,2,,,
3e93ea37-79a8-457c-9c13-a1c21e759c6f,Thunder Tactical Shooters USPSA Match 8NOV2025 ,2025-11-08,1,Bay 1,bc66c104-de2a-4b99-8020-8fbc817d33ed,GLENN McKinney,65,27.72,2,94.41,Single Stack,C,FY8311,MAJOR,Super Senior,103.8462,30.4961,2.3085,36.82,15,,4,2,1,,,,,
3e93ea37-79a8-457c-9c13-a1c21e759c6f,Thunder Tactical Shooters USPSA Match 8NOV2025 ,2025-11-08,1,Bay 1,bc66c104-de2a-4b99-8020-8fbc817d33ed,Eric Mccampbell,66,27.59,3,93.95,Single Stack,C,A14332,MAJOR,Senior,103.3468,30.3495,2.2974,32.21,8,,9,4,1,,,,,
3e93ea37-79a8-457c-9c13-a1c21e759c6f,Thunder Tactical Shooters USPSA Match 8NOV2025 ,2025-11-08,1,Bay 1,bc66c104-de2a-4b99-8020-8fbc817d33ed,henry pham,67,26.75,21,31.25,Carry Optics,U,A171802,MINOR,,34.3769,29.4261,2.2275,25.14,14,,5,1,2,,1,,,
3e93ea37-79a8-457c-9c13-a1c21e759c6f,Thunder Tactical Shooters USPSA Match 8NOV2025 ,2025-11-08,1,Bay 1,bc66c104-de2a-4b99-8020-8fbc817d33ed,Eric Wu,68,25.02,32,28.28,Limited Optics,B,FY104740,MINOR,,31.1042,27.5211,2.0833,40.32,11,,9,2,,,,,,
3e93ea37-79a8-457c-9c13-a1c21e759c6f,Thunder Tactical Shooters USPSA Match 8NOV2025 ,2025-11-08,1,Bay 1,bc66c104-de2a-4b99-8020-8fbc817d33ed,Emman Alcoseba,69,24.93,2,37.45,Limited,C,TY67519,MINOR,,41.1959,27.4194,2.0756,26.98,14,,5,1,2,,,1,,
3e93ea37-79a8-457c-9c13-a1c21e759c6f,Thunder Tactical Shooters USPSA Match 8NOV2025 ,2025-11-08,1,Bay 1,bc66c104-de2a-4b99-8020-8fbc817d33ed,Dan Ausmus,70,21.29,33,24.06,Limited Optics,U,L6447,MINOR,,26.4713,23.4220,1.7730,16.92,18,,,,4,,,2,,
3e93ea37-79a8-457c-9c13-a1c21e759c6f,Thunder Tactical Shooters USPSA Match 8NOV2025 ,2025-11-08,1,Bay 1,bc66c104-de2a-4b99-8020-8fbc817d33ed,Lee King,71,19.43,22,22.70,Carry Optics,C,A163654,MINOR,Super Senior,24.9721,21.3757,1.6181,46.35,12,,8,1,1,,,,,
3e93ea37-79a8-457c-9c13-a1c21e759c6f,Thunder Tactical Shooters USPSA Match 8NOV2025 ,2025-11-08,1,Bay 1,bc66c104-de2a-4b99-8020-8fbc817d33ed,Andrew Bowman,72,18.09,4,61.60,Single Stack,C,TY153695,MINOR,,67.7598,19.8988,1.5063,35.85,9,,9,2,2,,,,,
3e93ea37-79a8-457c-9c13-a1c21e759c6f,Thunder Tactical Shooters USPSA Match 8NOV2025 ,2025-11-08,1,Bay 1,bc66c104-de2a-4b99-8020-8fbc817d33ed,Jeremiah Hunt,73,13.60,5,46.30,Single Stack,U,a148592,MAJOR,,50.9267,14.9554,1.1321,34.45,9,,8,1,4,,,,,
3e93ea37-79a8-457c-9c13-a1c21e759c6f,Thunder Tactical Shooters USPSA Match 8NOV2025 ,2025-11-08,1,Bay 1,bc66c104-de2a-4b99-8020-8fbc817d33ed,Justin Ledet,74,13.56,23,15.84,Carry Optics,U,A166201,MINOR,,17.4207,14.9119,1.1288,51.38,11,,7,2,2,,,,,
3e93ea37-79a8-457c-9c13-a1c21e759c6f,Thunder Tactical Shooters USPSA Match 8NOV2025 ,2025-11-08,1,Bay 1,bc66c104-de2a-4b99-8020-8fbc817d33ed,Cole Bellamy,75,8.93,24,10.43,Carry Optics,D,ty148788,MINOR,Junior,11.4775,9.8245,0.7437,37.65,10,,5,3,4,,,,,
3e93ea37-79a8-457c-9c13-a1c21e759c6f,Thunder Tactical Shooters USPSA Match 8NOV2025 ,2025-11-08,1,Bay 1,bc66c104-de2a-4b99-8020-8fbc817d33ed,Michael McCoy,76,1.29,34,1.46,Limited Optics,C,A100138,MINOR,,1.6005,1.4162,0.1072,37.31,13,,3,,6,,,1,,
3e93ea37-79a8-457c-9c13-a1c21e759c6f,Thunder Tactical Shooters USPSA Match 8NOV2025 ,2025-11-08,1,Bay 1,bc66c104-de2a-4b99-8020-8fbc817d33ed,Olayemi Bakare,77,0.00,8,0.00,Open,A,A105300,MAJOR,,0.0000,0.0000,,,,,,,,,,,,
3e93ea37-79a8-457c-9c13-a1c21e759c6f,Thunder Tactical Shooters USPSA Match 8NOV2025 ,2025-11-08,1,Bay 1,bc66c104-de2a-4b99-8020-8fbc817d33ed,"Byron ""BigBDaShooter"" McGowen",78,0.00,9,0.00,Open,D,A159731,MAJOR,Military,0.0000,0.0000,,,,,,,,,,,,
3e93ea37-79a8-457c-9c13-a1c21e759c6f,Thunder Tactical Shooters USPSA Match 8NOV2025 ,2025-11-08,1,Bay 1,bc66c104-de2a-4b99-8020-8fbc817d33ed,Charles Morris,79,0.00,25,0.00,Carry Optics,C,A75102,MINOR,Super Senior,0.0000,0.0000,,,,,,,,,,,,
3e93ea37-79a8-457c-9c13-a1c21e759c6f,Thunder Tactical Shooters USPSA Match 8NOV2025 ,2025-11-08,1,Bay 1,bc66c104-de2a-4b99-8020-8fbc817d33ed,Thomas Zhang,80,0.00,10,0.00,Open,U,A145116,MINOR,Law Enforcement; Military,0.0000,0.0000,,,,,,,,,,,,
3e93ea37-79a8-457c-9c13-a1c21e759c6f,Thunder Tactical Shooters USPSA Match 8NOV2025 ,2025-11-08,2,Bay 2 ,0161df32-ca1a-4e07-ad6b-ac7015e93b28,Chez Chike-Udenze,1,100.00,1,100.00,Open,D,A138598,MAJOR,,140.0000,140.0000,7.8107,17.54,25,,3,,,,,,,
3e93ea37-79a8-457c-9c13-a1c21e759c6f,Thunder Tactical Shooters USPSA Match 8NOV2025 ,2025-11-08,2,Bay 2 ,0161df32-ca1a-4e07-ad6b-ac7015e93b28,Anthony Fong,2,92.63,1,100.00,Limited Optics,M,A142224,MINOR,,140.0000,129.6882,7.2354,18.52,25,,3,,,,,,,
3e93ea37-79a8-457c-9c13-a1c21e759c6f,Thunder Tactical Shooters USPSA Match 8NOV2025 ,2025-11-08,2,Bay 2 ,0161df32-ca1a-4e07-ad6b-ac7015e93b28,Jacob Tullis,3,90.70,2,97.91,Limited Optics,M,A140523,MINOR,,137.0802,126.9835,7.0845,18.35,23,,5,,,,,,,
3e93ea37-79a8-457c-9c13-a1c21e759c6f,Thunder Tactical Shooters USPSA Match 8NOV2025 ,2025-11-08,2,Bay 2 ,0161df32-ca1a-4e07-ad6b-ac7015e93b28,Paul Torre,4,87.52,1,100.00,Carry Optics,B,TY88028,MINOR,Law Enforcement,140.0000,122.5258,6.8358,19.31,25,,2,1,,,,,,
3e93ea37-79a8-457c-9c13-a1c21e759c6f,Thunder Tactical Shooters USPSA Match 8NOV2025 ,2025-11-08,2,Bay 2 ,0161df32-ca1a-4e07-ad6b-ac7015e93b28,Heath Helgeson,5,87.19,3,94.12,Limited Optics,A,A149129,MINOR,,131.7727,122.0669,6.8102,19.97,26,,2,,,,,,,
3e93ea37-79a8-457c-9c13-a1c21e759c6f,Thunder Tactical Shooters USPSA Match 8NOV2025 ,2025-11-08,2,Bay 2 ,0161df32-ca1a-4e07-ad6b-ac7015e93b28,Brandon Foss,6,86.97,2,99.37,Carry Optics,M,L5142,MINOR,,139.1193,121.7550,6.7928,20.61,28,,,,,,,,,
3e93ea37-79a8-457c-9c13-a1c21e759c6f,Thunder Tactical Shooters USPSA Match 8NOV2025 ,2025-11-08,2,Bay 2 ,0161df32-ca1a-4e07-ad6b-ac7015e93b28,Travis McKenzie,7,85.35,3,97.53,Carry Optics,M,L6340,MINOR,,136.5368,119.4948,6.6667,19.20,22,,6,,,,,,,
3e93ea37-79a8-457c-9c13-a1c21e759c6f,Thunder Tactical Shooters USPSA Match 8NOV2025 ,2025-11-08,2,Bay 2 ,0161df32-ca1a-4e07-ad6b-ac7015e93b28,Phillip Nguyen,8,82.11,4,88.64,Limited Optics,M,TY152423,MINOR,,124.0949,114.9546,6.4134,20.27,23,,5,,,,,,,
3e93ea37-79a8-457c-9c13-a1c21e759c6f,Thunder Tactical Shooters USPSA Match 8NOV2025 ,2025-11-08,2,Bay 2 ,0161df32-ca1a-4e07-ad6b-ac7015e93b28,Adam Bandiera,9,81.47,4,93.09,Carry Optics,A,A148375,MINOR,,130.3291,114.0620,6.3636,22.00,28,,,,,,,,,
3e93ea37-79a8-457c-9c13-a1c21e759c6f,Thunder Tactical Shooters USPSA Match 8NOV2025 ,2025-11-08,2,Bay 2 ,0161df32-ca1a-4e07-ad6b-ac7015e93b28,Zachary Ralston,10,80.75,1,100.00,Limited,A,A123081,MINOR,,140.0000,113.0511,6.3072,19.66,25,,3,,,,1,,,
3e93ea37-79a8-457c-9c13-a1c21e759c6f,Thunder Tactical Shooters USPSA Match 8NOV2025 ,2025-11-08,2,Bay 2 ,0161df32-ca1a-4e07-ad6b-ac7015e93b28,Drew Yang,11,79.21,5,85.50,Limited Optics,C,FY138478,MINOR,,119.7045,110.8876,6.1865,21.66,25,,3,,,,,,,
3e93ea37-79a8-457c-9c13-a1c21e759c6f,Thunder Tactical Shooters USPSA Match 8NOV2025 ,2025-11-08,2,Bay 2 ,0161df32-ca1a-4e07-ad6b-ac7015e93b28,Jay Bennett,12,78.88,5,90.13,Carry Optics,A,A77156,MINOR,Super Senior,126.1819,110.4324,6.1611,21.10,23,,5,,,,,,,
3e93ea37-79a8-457c-9c13-a1c21e759c6f,Thunder Tactical Shooters USPSA Match 8NOV2025 ,2025-11-08,2,Bay 2 ,0161df32-ca1a-4e07-ad6b-ac7015e93b28,Amber Chike-Udenze,13,77.24,1,100.00,PCC,B,A138974,MINOR,Lady,140.0000,108.1345,6.0329,21.88,24,,4,,,,,,,
3e93ea37-79a8-457c-9c13-a1c21e759c6f,Thunder Tactical Shooters USPSA Match 8NOV2025 ,2025-11-08,2,Bay 2 ,0161df32-ca1a-4e07-ad6b-ac7015e93b28,FRANCIS NGUYEN,14,77.19,6,83.33,Limited Optics,U,A169979,MINOR,,116.6647,108.0717,6.0294,20.40,26,,1,,1,,,,,
3e93ea37-79a8-457c-9c13-a1c21e759c6f,Thunder Tactical Shooters USPSA Match 8NOV2025 ,2025-11-08,2,Bay 2 ,0161df32-ca1a-4e07-ad6b-ac7015e93b28,John Ren,15,76.33,6,87.22,Carry Optics,B,A168570,MINOR,,122.1063,106.8655,5.9621,22.14,24,,4,,,,,,,
3e93ea37-79a8-457c-9c13-a1c21e759c6f,Thunder Tactical Shooters USPSA Match 8NOV2025 ,2025-11-08,2,Bay 2 ,0161df32-ca1a-4e07-ad6b-ac7015e93b28,Ulrick Fong,16,75.95,2,98.34,PCC,B,A170351,MINOR,Senior,137.6724,106.3367,5.9326,22.25,24,,4,,,,,,,
3e93ea37-79a8-457c-9c13-a1c21e759c6f,Thunder Tactical Shooters USPSA Match 8NOV2025 ,2025-11-08,2,Bay 2 ,0161df32-ca1a-4e07-ad6b-ac7015e93b28,Tyler Denmon,17,75.93,7,81.97,Limited Optics,A,A156054,MINOR,,114.7588,106.3062,5.9309,19.39,22,,5,,1,,,,,
3e93ea37-79a8-457c-9c13-a1c21e759c6f,Thunder Tactical Shooters USPSA Match 8NOV2025 ,2025-11-08,2,Bay 2 ,0161df32-ca1a-4e07-ad6b-ac7015e93b28,Karys Bellamy,18,75.89,8,81.92,Limited Optics,B,ty130774,MINOR,Lady; Junior,114.6872,106.2399,5.9272,23.62,28,,,,,,,,,
3e93ea37-79a8-457c-9c13-a1c21e759c6f,Thunder Tactical Shooters USPSA Match 8NOV2025 ,2025-11-08,2,Bay 2 ,0161df32-ca1a-4e07-ad6b-ac7015e93b28,Michael Hanover,19,73.93,7,84.47,Carry Optics,A,TY146302,MINOR,,118.2600,103.4993,5.7743,22.86,24,,4,,,,,,,
3e93ea37-79a8-457c-9c13-a1c21e759c6f,Thunder Tactical Shooters USPSA Match 8NOV2025 ,2025-11-08,2,Bay 2 ,0161df32-ca1a-4e07-ad6b-ac7015e93b28,Jon Baguio,20,73.32,2,73.32,Open,C,X,MAJOR,,102.6533,102.6533,5.7271,22.35,18,,9,1,,,,,,
3e93ea37-79a8-457c-9c13-a1c21e759c6f,Thunder Tactical Shooters USPSA Match 8NOV2025 ,2025-11-08,2,Bay 2 ,0161df32-ca1a-4e07-ad6b-ac7015e93b28,Mike Junco,21,71.55,9,77.24,Limited Optics,M,FY34819,MINOR,Senior; Law Enforcement,108.1317,100.1672,5.5884,18.61,23,,3,,2,,,,,
3e93ea37-79a8-457c-9c13-a1c21e759c6f,Thunder Tactical Shooters USPSA Match 8NOV2025 ,2025-11-08,2,Bay 2 ,0161df32-ca1a-4e07-ad6b-ac7015e93b28,Colin Kerrigan,22,71.52,8,81.73,Carry Optics,M,A142731,MINOR,,114.4159,100.1349,5.5866,23.27,28,,,,,,1,,,
3e93ea37-79a8-457c-9c13-a1c21e759c6f,Thunder Tactical Shooters USPSA Match 8NOV2025 ,2025-11-08,2,Bay 2 ,0161df32-ca1a-4e07-ad6b-ac7015e93b28,Andre Wijaya,23,70.98,9,81.10,Carry Optics,U,A172696,MINOR,,113.5455,99.3732,5.5441,24.17,25,,3,,,,,,,
3e93ea37-79a8-457c-9c13-a1c21e759c6f,Thunder Tactical Shooters USPSA Match 8NOV2025 ,2025-11-08,2,Bay 2 ,0161df32-ca1a-4e07-ad6b-ac7015e93b28,Travis Edwards,24,70.80,10,76.43,Limited Optics,A,A107004,MINOR,,107.0017,99.1204,5.5300,23.87,25,,2,1,,,,,,
3e93ea37-79a8-457c-9c13-a1c21e759c6f,Thunder Tactical Shooters USPSA Match 8NOV2025 ,2025-11-08,2,Bay 2 ,0161df32-ca1a-4e07-ad6b-ac7015e93b28,Will Goglas,25,69.07,3,69.07,Open,B,A154790,MAJOR,,96.6989,96.6989,5.3949,23.17,17,,9,2,,,,,,
3e93ea37-79a8-457c-9c13-a1c21e759c6f,Thunder Tactical Shooters USPSA Match 8NOV2025 ,2025-11-08,2,Bay 2 ,0161df32-ca1a-4e07-ad6b-ac7015e93b28,Albert Legislador,26,68.53,4,68.53,Open,C,TY91787,MAJOR,Senior,95.9443,95.9443,5.3528,24.66,20,,8,,,,,,,
3e93ea37-79a8-457c-9c13-a1c21e759c6f,Thunder Tactical Shooters USPSA Match 8NOV2025 ,2025-11-08,2,Bay 2 ,0161df32-ca1a-4e07-ad6b-ac7015e93b28,Kenedy Nguyen,27,67.02,11,72.35,Limited Optics,C,A83862,MINOR,,101.2898,93.8292,5.2348,20.44,23,,4,,1,,1,,,
3e93ea37-79a8-457c-9c13-a1c21e759c6f,Thunder Tactical Shooters USPSA Match 8NOV2025 ,2025-11-08,2,Bay 2 ,0161df32-ca1a-4e07-ad6b-ac7015e93b28,Stephanie Marie,28,66.83,10,76.37,Carry Optics,B,A139099,MINOR,Lady,106.9118,93.5675,5.2202,24.52,22,,6,,,,,,,
3e93ea37-79a8-457c-9c13-a1c21e759c6f,Thunder Tactical Shooters USPSA Match 8NOV2025 ,2025-11-08,2,Bay 2 ,0161df32-ca1a-4e07-ad6b-ac7015e93b28,henry pham,29,66.60,11,76.10,Carry Optics,U,A171802,MINOR,,106.5371,93.2395,5.2019,25.76,26,,1,1,,,,,,
3e93ea37-79a8-457c-9c13-a1c21e759c6f,Thunder Tactical Shooters USPSA Match 8NOV2025 ,2025-11-08,2,Bay 2 ,0161df32-ca1a-4e07-ad6b-ac7015e93b28,Harlan Chen,30,65.97,12,71.22,Limited Optics,C,A163292,MINOR,,99.7070,92.3630,5.1530,24.84,22,,6,,,,,,,
3e93ea37-79a8-457c-9c13-a1c21e759c6f,Thunder Tactical Shooters USPSA Match 8NOV2025 ,2025-11-08,2,Bay 2 ,0161df32-ca1a-4e07-ad6b-ac7015e93b28,NeaL NaNDiN,31,65.60,5,65.60,Open,C,FY71894,MAJOR,,91.8468,91.8468,5.1242,25.76,20,,8,,,,,,,
3e93ea37-79a8-457c-9c13-a1c21e759c6f,Thunder Tactical Shooters USPSA Match 8NOV2025 ,2025-11-08,2,Bay 2 ,0161df32-ca1a-4e07-ad6b-ac7015e93b28,Gennady Khokhorin,32,64.80,1,100.00,Production,B,A123884,MINOR,Super Senior,140.0000,90.7212,5.0614,26.87,26,,2,,,,,,,
3e93ea37-79a8-457c-9c13-a1c21e759c6f,Thunder Tactical Shooters USPSA Match 8NOV2025 ,2025-11-08,2,Bay 2 ,0161df32-ca1a-4e07-ad6b-ac7015e93b28,Manny Nerona,33,64.70,13,69.85,Limited Optics,B,A69445,MINOR,,97.7895,90.5868,5.0539,26.91,26,,2,,,,,,,
3e93ea37-79a8-457c-9c13-a1c21e759c6f,Thunder Tactical Shooters USPSA Match 8NOV2025 ,2025-11-08,2,Bay 2 ,0161df32-ca1a-4e07-ad6b-ac7015e93b28,Michael Pontious,34,64.64,14,69.78,Limited Optics,B,A94575,MINOR,Super Senior,97.6869,90.4918,5.0486,21.59,20,,6,1,1,,,,,
3e93ea37-79a8-457c-9c13-a1c21e759c6f,Thunder Tactical Shooters USPSA Match 8NOV2025 ,2025-11-08,2,Bay 2 ,0161df32-ca1a-4e07-ad6b-ac7015e93b28,David Zhang,35,62.99,15,68.00,Limited Optics,B,FY140383,MINOR,,95.1967,88.1849,4.9199,26.83,24,,4,,,,,,,
3e93ea37-79a8-457c-9c13-a1c21e759c6f,Thunder Tactical Shooters USPSA Match 8NOV2025 ,2025-11-08,2,Bay 2 ,0161df32-ca1a-4e07-ad6b-ac7015e93b28,Ivan Velazquez,36,62.89,12,71.85,Carry Optics,A,A108486,MINOR,,100.5957,88.0397,4.9118,23.82,23,,4,,1,,,,,
3e93ea37-79a8-457c-9c13-a1c21e759c6f,Thunder Tactical Shooters USPSA Match 8NOV2025 ,2025-11-08,2,Bay 2 ,0161df32-ca1a-4e07-ad6b-ac7015e93b28,Jerry Bedro,37,62.70,16,67.69,Limited Optics,B,A98263,MINOR,,94.7652,87.7852,4.8976,24.91,24,,4,,,,1,,,
3e93ea37-79a8-457c-9c13-a1c21e759c6f,Thunder Tactical Shooters USPSA Match 8NOV2025 ,2025-11-08,2,Bay 2 ,0161df32-ca1a-4e07-ad6b-ac7015e93b28,Coder Wang,38,62.24,3,80.58,PCC,C,A170259,MINOR,,112.8071,87.1310,4.8611,25.92,21,,7,,,,,,,
3e93ea37-79a8-457c-9c13-a1c21e759c6f,Thunder Tactical Shooters USPSA Match 8NOV2025 ,2025-11-08,2,Bay 2 ,0161df32-ca1a-4e07-ad6b-ac7015e93b28,"Ross ""Riff Raff"" Pimentel",39,60.63,17,65.45,Limited Optics,C,A157753,MINOR,Senior,91.6345,84.8851,4.7358,25.55,25,,2,,1,,,,,
3e93ea37-79a8-457c-9c13-a1c21e759c6f,Thunder Tactical Shooters USPSA Match 8NOV2025 ,2025-11-08,2,Bay 2 ,0161df32-ca1a-4e07-ad6b-ac7015e93b28,Eric Wu,40,59.61,18,64.35,Limited Optics,B,FY104740,MINOR,,90.0962,83.4601,4.6563,22.55,21,,2,4,1,,,,,
3e93ea37-79a8-457c-9c13-a1c21e759c6f,Thunder Tactical Shooters USPSA Match 8NOV2025 ,2025-11-08,2,Bay 2 ,0161df32-ca1a-4e07-ad6b-ac7015e93b28,Craig Bellamy,41,59.15,13,67.59,Carry Optics,G,ty54824,MINOR,Law Enforcement,94.6236,82.8131,4.6202,22.51,23,,2,3,,,2,,,
3e93ea37-79a8-457c-9c13-a1c21e759c6f,Thunder Tactical Shooters USPSA Match 8NOV2025 ,2025-11-08,2,Bay 2 ,0161df32-ca1a-4e07-ad6b-ac7015e93b28,chris bulkley,42,58.47,14,66.81,Carry Optics,B,A159469,MINOR,,93.5361,81.8613,4.5671,29.34,25,,3,,,,,,,
3e93ea37-79a8-457c-9c13-a1c21e759c6f,Thunder Tactical Shooters USPSA Match 8NOV2025 ,2025-11-08,2,Bay 2 ,0161df32-ca1a-4e07-ad6b-ac7015e93b28,Alex Goben,43,58.17,15,66.46,Carry Optics,A,L5929,MINOR,,93.0487,81.4347,4.5433,20.69,23,,3,,2,,,1,,
3e93ea37-79a8-457c-9c13-a1c21e759c6f,Thunder Tactical Shooters USPSA Match 8NOV2025 ,2025-11-08,2,Bay 2 ,0161df32-ca1a-4e07-ad6b-ac7015e93b28,Yanlin Xiang,44,57.86,19,62.46,Limited Optics,B,A164967,MINOR,,87.4434,81.0027,4.5192,27.66,27,,,,1,,,,,
3e93ea37-79a8-457c-9c13-a1c21e759c6f,Thunder Tactical Shooters USPSA Match 8NOV2025 ,2025-11-08,2,Bay 2 ,0161df32-ca1a-4e07-ad6b-ac7015e93b28,Hugh “Skippy” Fullerton,45,57.75,20,62.34,Limited Optics,B,A140572,MINOR,,87.2828,80.8540,4.5109,22.39,17,,8,2,1,,,,,
3e93ea37-79a8-457c-9c13-a1c21e759c6f,Thunder Tactical Shooters USPSA Match 8NOV2025 ,2025-11-08,2,Bay 2 ,0161df32-ca1a-4e07-ad6b-ac7015e93b28,Marlon Pors,46,56.00,21,60.45,Limited Optics,C,Ty1234,MINOR,Law Enforcement,84.6300,78.3966,4.3738,26.75,23,,4,,1,,,,,
3e93ea37-79a8-457c-9c13-a1c21e759c6f,Thunder Tactical Shooters USPSA Match 8NOV2025 ,2025-11-08,2,Bay 2 ,0161df32-ca1a-4e07-ad6b-ac7015e93b28,Eugene Rivers III,47,55.65,16,63.58,Carry Optics,A,A162193,MINOR,,89.0161,77.9054,4.3464,30.37,25,,2,1,,,,,,
3e93ea37-79a8-457c-9c13-a1c21e759c6f,Thunder Tactical Shooters USPSA Match 8NOV2025 ,2025-11-08,2,Bay 2 ,0161df32-ca1a-4e07-ad6b-ac7015e93b28,Gary Wu,48,55.31,22,59.71,Limited Optics,B,L2998,MINOR,Senior,83.5871,77.4304,4.3199,23.38,22,,3,2,1,,1,,,
3e93ea37-79a8-457c-9c13-a1c21e759c6f,Thunder Tactical Shooters USPSA Match 8NOV2025 ,2025-11-08,2,Bay 2 ,0161df32-ca1a-4e07-ad6b-ac7015e93b28,Napoleon Lewis (LastActionHero),49,54.70,23,59.05,Limited Optics,C,A154149,MINOR,Senior; Military,82.6719,76.5826,4.2726,29.49,26,,2,,,,1,,,
3e93ea37-79a8-457c-9c13-a1c21e759c6f,Thunder Tactical Shooters USPSA Match 8NOV2025 ,2025-11-08,2,Bay 2 ,0161df32-ca1a-4e07-ad6b-ac7015e93b28,Michael McCoy,50,54.66,24,59.01,Limited Optics,C,A100138,MINOR,,82.6138,76.5289,4.2696,23.89,22,,4,,2,,,,,
3e93ea37-79a8-457c-9c13-a1c21e759c6f,Thunder Tactical Shooters USPSA Match 8NOV2025 ,2025-11-08,2,Bay 2 ,0161df32-ca1a-4e07-ad6b-ac7015e93b28,Paul Felker,51,54.64,25,58.98,Limited Optics,A,Ty107123,MINOR,,82.5771,76.4948,4.2677,18.98,23,,2,,3,,,1,,
3e93ea37-79a8-457c-9c13-a1c21e759c6f,Thunder Tactical Shooters USPSA Match 8NOV2025 ,2025-11-08,2,Bay 2 ,0161df32-ca1a-4e07-ad6b-ac7015e93b28,Fares Al-Salim,52,53.19,26,57.42,Limited Optics,C,A171235,MINOR,,80.3828,74.4622,4.1543,30.33,22,,5,1,,,,,,
3e93ea37-79a8-457c-9c13-a1c21e759c6f,Thunder Tactical Shooters USPSA Match 8NOV2025 ,2025-11-08,2,Bay 2 ,0161df32-ca1a-4e07-ad6b-ac7015e93b28,Shawn Prosen,53,52.06,17,59.48,Carry Optics,B,A165388,MINOR,,83.2754,72.8813,4.0661,22.38,21,,5,1,1,,2,,,
3e93ea37-79a8-457c-9c13-a1c21e759c6f,Thunder Tactical Shooters USPSA Match 8NOV2025 ,2025-11-08,2,Bay 2 ,0161df32-ca1a-4e07-ad6b-ac7015e93b28,Keith Bowman Jr,54,51.71,27,55.82,Limited Optics,C,A157830,MINOR,,78.1461,72.3902,4.0387,28.97,23,,4,,1,,,,,
3e93ea37-79a8-457c-9c13-a1c21e759c6f,Thunder Tactical Shooters USPSA Match 8NOV2025 ,2025-11-08,2,Bay 2 ,0161df32-ca1a-4e07-ad6b-ac7015e93b28,Sean Finnerty,55,51.02,28,55.08,Limited Optics,U,A166724,MINOR,,77.1089,71.4294,3.9851,32.12,27,,1,,,,,1,,
3e93ea37-79a8-457c-9c13-a1c21e759c6f,Thunder Tactical Shooters USPSA Match 8NOV2025 ,2025-11-08,2,Bay 2 ,0161df32-ca1a-4e07-ad6b-ac7015e93b28,Fred Ermac,56,51.02,29,55.07,Limited Optics,U,A106437,MINOR,,77.1031,71.4241,3.9848,31.62,22,,5,1,,,,,,
3e93ea37-79a8-457c-9c13-a1c21e759c6f,Thunder Tactical Shooters USPSA Match 8NOV2025 ,2025-11-08,2,Bay 2 ,0161df32-ca1a-4e07-ad6b-ac7015e93b28,Waltz Noguerra,57,49.35,18,56.39,Carry Optics,C,A137731,MINOR,Senior,78.9479,69.0939,3.8548,26.72,19,,5,3,1,,,,,
3e93ea37-79a8-457c-9c13-a1c21e759c6f,Thunder Tactical Shooters USPSA Match 8NOV2025 ,2025-11-08,2,Bay 2 ,0161df32-ca1a-4e07-ad6b-ac7015e93b28,Robert Strong,58,49.31,6,49.31,Open,C,TY135331,MAJOR,,69.0402,69.0402,3.8518,27.26,21,,5,,2,,,,,
3e93ea37-79a8-457c-9c13-a1c21e759c6f,Thunder Tactical Shooters USPSA Match 8NOV2025 ,2025-11-08,2,Bay 2 ,0161df32-ca1a-4e07-ad6b-ac7015e93b28,Matthew Lem,59,49.14,30,53.05,Limited Optics,A,A34763,MINOR,Senior; Law Enforcement,74.2646,68.7946,3.8381,23.97,22,,4,,2,,1,,,
3e93ea37-79a8-457c-9c13-a1c21e759c6f,Thunder Tactical Shooters USPSA Match 8NOV2025 ,2025-11-08,2,Bay 2 ,0161df32-ca1a-4e07-ad6b-ac7015e93b28,Valter Gonzalez,60,48.75,19,55.70,Carry Optics,U,A172969,MINOR,,77.9792,68.2461,3.8075,36.77,28,,,,,,,,,
3e93ea37-79a8-457c-9c13-a1c21e759c6f,Thunder Tactical Shooters USPSA Match 8NOV2025 ,2025-11-08,2,Bay 2 ,0161df32-ca1a-4e07-ad6b-ac7015e93b28,Eric Mccampbell,61,48.00,1,100.00,Single Stack,C,A14332,MAJOR,Senior,140.0000,67.2011,3.7492,30.94,20,,6,1,1,,,,,
3e93ea37-79a8-457c-9c13-a1c21e759c6f,Thunder Tactical Shooters USPSA Match 8NOV2025 ,2025-11-08,2,Bay 2 ,0161df32-ca1a-4e07-ad6b-ac7015e93b28,Dan Ausmus,62,47.46,31,51.23,Limited Optics,U,L6447,MINOR,,71.7221,66.4394,3.7067,24.82,24,,4,,,,1,3,,
3e93ea37-79a8-457c-9c13-a1c21e759c6f,Thunder Tactical Shooters USPSA Match 8NOV2025 ,2025-11-08,2,Bay 2 ,0161df32-ca1a-4e07-ad6b-ac7015e93b28,Marcus Carrow,63,45.25,20,51.70,Carry Optics,B,A164691,MINOR,,72.3778,63.3439,3.5340,33.39,22,,6,,,,1,,,
3e93ea37-79a8-457c-9c13-a1c21e759c6f,Thunder Tactical Shooters USPSA Match 8NOV2025 ,2025-11-08,2,Bay 2 ,0161df32-ca1a-4e07-ad6b-ac7015e93b28,Virak Meas,64,41.70,32,45.02,Limited Optics,U,A155576,MINOR,Senior,63.0246,58.3825,3.2572,23.64,17,,7,1,3,,,,,
3e93ea37-79a8-457c-9c13-a1c21e759c6f,Thunder Tactical Shooters USPSA Match 8NOV2025 ,2025-11-08,2,Bay 2 ,0161df32-ca1a-4e07-ad6b-ac7015e93b28,Rudy Widiaman,65,40.29,33,43.50,Limited Optics,X,X,MINOR,,60.8961,56.4108,3.1472,39.40,21,,6,1,,,,,,
3e93ea37-79a8-457c-9c13-a1c21e759c6f,Thunder Tactical Shooters USPSA Match 8NOV2025 ,2025-11-08,2,Bay 2 ,0161df32-ca1a-4e07-ad6b-ac7015e93b28,Andrew Bowman,66,40.06,2,83.45,Single Stack,C,TY153695,MINOR,,116.8297,56.0792,3.1287,34.20,24,,2,1,1,,1,,,
3e93ea37-79a8-457c-9c13-a1c21e759c6f,Thunder Tactical Shooters USPSA Match 8NOV2025 ,2025-11-08,2,Bay 2 ,0161df32-ca1a-4e07-ad6b-ac7015e93b28,Bob Purcell,67,39.40,34,42.54,Limited Optics,U,TY111994,MINOR,Super Senior,59.5514,55.1651,3.0777,40.29,25,,3,,,,1,,,
3e93ea37-79a8-457c-9c13-a1c21e759c6f,Thunder Tactical Shooters USPSA Match 8NOV2025 ,2025-11-08,2,Bay 2 ,0161df32-ca1a-4e07-ad6b-ac7015e93b28,Emman Alcoseba,68,37.64,2,46.61,Limited,C,TY67519,MINOR,,65.2499,52.6898,2.9396,36.40,23,,4,,1,,1,,,
3e93ea37-79a8-457c-9c13-a1c21e759c6f,Thunder Tactical Shooters USPSA Match 8NOV2025 ,2025-11-08,2,Bay 2 ,0161df32-ca1a-4e07-ad6b-ac7015e93b28,GLENN McKinney,69,35.52,3,73.99,Single Stack,C,FY8311,MAJOR,Super Senior,103.5848,49.7215,2.7740,36.41,23,,4,,1,,2,,,
3e93ea37-79a8-457c-9c13-a1c21e759c6f,Thunder Tactical Shooters USPSA Match 8NOV2025 ,2025-11-08,2,Bay 2 ,0161df32-ca1a-4e07-ad6b-ac7015e93b28,Jeremiah Hunt,70,34.38,4,71.62,Single Stack,U,a148592,MAJOR,,100.2614,48.1263,2.6850,33.52,16,,10,,2,,1,,,
3e93ea37-79a8-457c-9c13-a1c21e759c6f,Thunder Tactical Shooters USPSA Match 8NOV2025 ,2025-11-08,2,Bay 2 ,0161df32-ca1a-4e07-ad6b-ac7015e93b28,"Byron ""BigBDaShooter"" McGowen",71,30.68,7,30.68,Open,D,A159731,MAJOR,Military,42.9588,42.9588,2.3967,51.32,25,,2,,1,,,,,
3e93ea37-79a8-457c-9c13-a1c21e759c6f,Thunder Tactical Shooters USPSA Match 8NOV2025 ,2025-11-08,2,Bay 2 ,0161df32-ca1a-4e07-ad6b-ac7015e93b28,ian loyd,72,27.82,21,31.79,Carry Optics,U,A148072,MINOR,,44.5080,38.9527,2.1732,29.91,16,,8,1,3,,,1,,
3e93ea37-79a8-457c-9c13-a1c21e759c6f,Thunder Tactical Shooters USPSA Match 8NOV2025 ,2025-11-08,2,Bay 2 ,0161df32-ca1a-4e07-ad6b-ac7015e93b28,Justin Ledet,73,23.75,22,27.13,Carry Optics,U,A166201,MINOR,,37.9850,33.2439,1.8547,58.23,22,,6,,,,2,,,
3e93ea37-79a8-457c-9c13-a1c21e759c6f,Thunder Tactical Shooters USPSA Match 8NOV2025 ,2025-11-08,2,Bay 2 ,0161df32-ca1a-4e07-ad6b-ac7015e93b28,Marshall Quigley,74,20.93,5,43.61,Single Stack,C,A162329,MAJOR,,61.0530,29.3060,1.6350,37.92,18,,4,3,3,,2,,,
3e93ea37-79a8-457c-9c13-a1c21e759c6f,Thunder Tactical Shooters USPSA Match 8NOV2025 ,2025-11-08,2,Bay 2 ,0161df32-ca1a-4e07-ad6b-ac7015e93b28,Lee King,75,19.36,23,22.12,Carry Optics,C,A163654,MINOR,Super Senior,30.9725,27.1067,1.5123,42.98,20,,5,,3,,1,1,,
3e93ea37-79a8-457c-9c13-a1c21e759c6f,Thunder Tactical Shooters USPSA Match 8NOV2025 ,2025-11-08,2,Bay 2 ,0161df32-ca1a-4e07-ad6b-ac7015e93b28,Charles Morris,76,16.33,24,18.66,Carry Optics,C,A75102,MINOR,Super Senior,26.1289,22.8676,1.2758,45.46,23,,1,,4,,,2,,
3e93ea37-79a8-457c-9c13-a1c21e759c6f,Thunder Tactical Shooters USPSA Match 8NOV2025 ,2025-11-08,2,Bay 2 ,0161df32-ca1a-4e07-ad6b-ac7015e93b28,Olayemi Bakare,77,0.00,8,0.00,Open,A,A105300,MAJOR,,0.0000,0.0000,,,,,,,,,,,,
3e93ea37-79a8-457c-9c13-a1c21e759c6f,Thunder Tactical Shooters USPSA Match 8NOV2025 ,2025-11-08,2,Bay 2 ,0161df32-ca1a-4e07-ad6b-ac7015e93b28,Thomas Zhang,78,0.00,9,0.00,Open,U,A145116,MINOR,Law Enforcement; Military,0.0000,0.0000,,,,,,,,,,,,
3e93ea37-79a8-457c-9c13-a1c21e759c6f,Thunder Tactical Shooters USPSA Match 8NOV2025 ,2025-11-08,2,Bay 2 ,0161df32-ca1a-4e07-ad6b-ac7015e93b28,Phil Truong,79,0.00,10,0.00,Open,B,FY128600,MINOR,,0.0000,0.0000,0.0000,7.92,9,,1,,18,,,9,,
3e93ea37-79a8-457c-9c13-a1c21e759c6f,Thunder Tactical Shooters USPSA Match 8NOV2025 ,2025-11-08,2,Bay 2 ,0161df32-ca1a-4e07-ad6b-ac7015e93b28,Cole Bellamy,80,0.00,25,0.00,Carry Optics,D,ty148788,MINOR,Junior,0.0000,0.0000,0.0000,71.14,9,,6,2,11,,3,,,
3e93ea37-79a8-457c-9c13-a1c21e759c6f,Thunder Tactical Shooters USPSA Match 8NOV2025 ,2025-11-08,3,Stage 3 Bay 3,859fb802-fb2a-4010-878b-98c2f3222651,Anthony Fong,1,100.00,1,100.00,Limited Optics,M,A142224,MINOR,,120.0000,120.0000,8.3778,13.13,19,,5,,,,,,,
3e93ea37-79a8-457c-9c13-a1c21e759c6f,Thunder Tactical Shooters USPSA Match 8NOV2025 ,2025-11-08,3,Stage 3 Bay 3,859fb802-fb2a-4010-878b-98c2f3222651,Karys Bellamy,2,99.03,2,99.03,Limited Optics,B,ty130774,MINOR,Lady; Junior,118.8412,118.8412,8.2969,13.74,22,,1,1,,,,,,
3e93ea37-79a8-457c-9c13-a1c21e759c6f,Thunder Tactical Shooters USPSA Match 8NOV2025 ,2025-11-08,3,Stage 3 Bay 3,859fb802-fb2a-4010-878b-98c2f3222651,Will Goglas,3,98.64,1,100.00,Open,B,A154790,MAJOR,,120.0000,118.3671,8.2638,13.19,13,,11,,,,,,,
3e93ea37-79a8-457c-9c13-a1c21e759c6f,Thunder Tactical Shooters USPSA Match 8NOV2025 ,2025-11-08,3,Stage 3 Bay 3,859fb802-fb2a-4010-878b-98c2f3222651,Craig Bellamy,4,96.95,1,100.00,Carry Optics,G,ty54824,MINOR,Law Enforcement,120.0000,116.3446,8.1226,13.05,18,,5,1,,,,,,
3e93ea37-79a8-457c-9c13-a1c21e759c6f,Thunder Tactical Shooters USPSA Match 8NOV2025 ,2025-11-08,3,Stage 3 Bay 3,859fb802-fb2a-4010-878b-98c2f3222651,Brandon Foss,5,93.58,2,96.52,Carry Optics,M,L5142,MINOR,,115.8294,112.3011,7.8403,14.03,19,,5,,,,,,,
3e93ea37-79a8-457c-9c13-a1c21e759c6f,Thunder Tactical Shooters USPSA Match 8NOV2025 ,2025-11-08,3,Stage 3 Bay 3,859fb802-fb2a-4010-878b-98c2f3222651,Chez Chike-Udenze,6,93.21,2,94.49,Open,D,A138598,MAJOR,,113.3900,111.8470,7.8086,11.91,15,,6,2,1,,,,,
3e93ea37-79a8-457c-9c13-a1c21e759c6f,Thunder Tactical Shooters USPSA Match 8NOV2025 ,2025-11-08,3,Stage 3 Bay 3,859fb802-fb2a-4010-878b-98c2f3222651,Jacob Tullis,7,92.80,3,92.80,Limited Optics,M,A140523,MINOR,,111.3586,111.3586,7.7745,10.29,17,,5,,2,,,,,
3e93ea37-79a8-457c-9c13-a1c21e759c6f,Thunder Tactical Shooters USPSA Match 8NOV2025 ,2025-11-08,3,Stage 3 Bay 3,859fb802-fb2a-4010-878b-98c2f3222651,Dan Ausmus,8,91.70,4,91.70,Limited Optics,U,L6447,MINOR,,110.0351,110.0351,7.6821,15.10,22,,2,,,,,,,
3e93ea37-79a8-457c-9c13-a1c21e759c6f,Thunder Tactical Shooters USPSA Match 8NOV2025 ,2025-11-08,3,Stage 3 Bay 3,859fb802-fb2a-4010-878b-98c2f3222651,Michael Hanover,9,89.63,3,92.45,Carry Optics,A,TY146302,MINOR,,110.9349,107.5557,7.5090,13.85,16,,8,,,,,,,
3e93ea37-79a8-457c-9c13-a1c21e759c6f,Thunder Tactical Shooters USPSA Match 8NOV2025 ,2025-11-08,3,Stage 3 Bay 3,859fb802-fb2a-4010-878b-98c2f3222651,Paul Torre,10,89.50,4,92.32,Carry Optics,B,TY88028,MINOR,Law Enforcement,110.7783,107.4039,7.4984,15.47,22,,2,,,,,,,
3e93ea37-79a8-457c-9c13-a1c21e759c6f,Thunder Tactical Shooters USPSA Match 8NOV2025 ,2025-11-08,3,Stage 3 Bay 3,859fb802-fb2a-4010-878b-98c2f3222651,Tyler Denmon,11,89.37,5,89.37,Limited Optics,A,A156054,MINOR,,107.2463,107.2463,7.4874,13.89,16,,8,,,,,,,
3e93ea37-79a8-457c-9c13-a1c21e759c6f,Thunder Tactical Shooters USPSA Match 8NOV2025 ,2025-11-08,3,Stage 3 Bay 3,859fb802-fb2a-4010-878b-98c2f3222651,NeaL NaNDiN,12,89.36,3,90.60,Open,C,FY71894,MAJOR,,108.7142,107.2348,7.4866,14.96,18,,,1,,,,,,
3e93ea37-79a8-457c-9c13-a1c21e759c6f,Thunder Tactical Shooters USPSA Match 8NOV2025 ,2025-11-08,3,Stage 3 Bay 3,859fb802-fb2a-4010-878b-98c2f3222651,Colin Kerrigan,13,88.97,5,91.76,Carry Optics,M,A142731,MINOR,,110.1135,106.7593,7.4534,14.49,19,,4,1,,,,,,
3e93ea37-79a8-457c-9c13-a1c21e759c6f,Thunder Tactical Shooters USPSA Match 8NOV2025 ,2025-11-08,3,Stage 3 Bay 3,859fb802-fb2a-4010-878b-98c2f3222651,Drew Yang,14,88.53,6,88.53,Limited Optics,C,FY138478,MINOR,,106.2408,106.2408,7.4172,15.10,21,,2,1,,,,,,
3e93ea37-79a8-457c-9c13-a1c21e759c6f,Thunder Tactical Shooters USPSA Match 8NOV2025 ,2025-11-08,3,Stage 3 Bay 3,859fb802-fb2a-4010-878b-98c2f3222651,Phillip Nguyen,15,88.52,7,88.52,Limited Optics,M,TY152423,MINOR,,106.2279,106.2279,7.4163,12.54,17,,6,,1,,,,,
3e93ea37-79a8-457c-9c13-a1c21e759c6f,Thunder Tactical Shooters USPSA Match 8NOV2025 ,2025-11-08,3,Stage 3 Bay 3,859fb802-fb2a-4010-878b-98c2f3222651,Ulrick Fong,16,85.67,1,100.00,PCC,B,A170351,MINOR,Senior,120.0000,102.8060,7.1774,14.49,17,,6,1,,,,,,
3e93ea37-79a8-457c-9c13-a1c21e759c6f,Thunder Tactical Shooters USPSA Match 8NOV2025 ,2025-11-08,3,Stage 3 Bay 3,859fb802-fb2a-4010-878b-98c2f3222651,Jon Baguio,17,85.26,4,86.44,Open,C,X,MAJOR,,103.7232,102.3118,7.1429,15.40,16,,7,1,,,,,,
3e93ea37-79a8-457c-9c13-a1c21e759c6f,Thunder Tactical Shooters USPSA Match 8NOV2025 ,2025-11-08,3,Stage 3 Bay 3,859fb802-fb2a-4010-878b-98c2f3222651,Ivan Velazquez,18,84.52,6,87.17,Carry Optics,A,A108486,MINOR,,104.6089,101.4223,7.0808,14.97,17,,7,,,,,,,
3e93ea37-79a8-457c-9c13-a1c21e759c6f,Thunder Tactical Shooters USPSA Match 8NOV2025 ,2025-11-08,3,Stage 3 Bay 3,859fb802-fb2a-4010-878b-98c2f3222651,FRANCIS NGUYEN,19,83.43,8,83.43,Limited Optics,U,A169979,MINOR,,100.1218,100.1218,6.9900,14.02,15,,7,2,,,,,,
3e93ea37-79a8-457c-9c13-a1c21e759c6f,Thunder Tactical Shooters USPSA Match 8NOV2025 ,2025-11-08,3,Stage 3 Bay 3,859fb802-fb2a-4010-878b-98c2f3222651,Eugene Rivers III,20,83.30,7,85.91,Carry Optics,A,A162193,MINOR,,103.0961,99.9556,6.9784,14.33,15,,8,1,,,,,,
3e93ea37-79a8-457c-9c13-a1c21e759c6f,Thunder Tactical Shooters USPSA Match 8NOV2025 ,2025-11-08,3,Stage 3 Bay 3,859fb802-fb2a-4010-878b-98c2f3222651,Shawn Prosen,21,83.01,8,85.61,Carry Optics,B,A165388,MINOR,,102.7371,99.6075,6.9541,14.38,15,,8,1,,,,,,
3e93ea37-79a8-457c-9c13-a1c21e759c6f,Thunder Tactical Shooters USPSA Match 8NOV2025 ,2025-11-08,3,Stage 3 Bay 3,859fb802-fb2a-4010-878b-98c2f3222651,John Ren,22,82.22,9,84.80,Carry Optics,B,A168570,MINOR,,101.7590,98.6593,6.8879,15.97,19,,5,,,,,,,
3e93ea37-79a8-457c-9c13-a1c21e759c6f,Thunder Tactical Shooters USPSA Match 8NOV2025 ,2025-11-08,3,Stage 3 Bay 3,859fb802-fb2a-4010-878b-98c2f3222651,Zachary Ralston,23,80.22,1,100.00,Limited,A,A123081,MINOR,,120.0000,96.2601,6.7204,14.88,15,,8,1,,,,,,
3e93ea37-79a8-457c-9c13-a1c21e759c6f,Thunder Tactical Shooters USPSA Match 8NOV2025 ,2025-11-08,3,Stage 3 Bay 3,859fb802-fb2a-4010-878b-98c2f3222651,Travis McKenzie,24,80.06,10,82.58,Carry Optics,M,L6340,MINOR,,99.0909,96.0725,6.7073,16.40,19,,5,,,,,,,
3e93ea37-79a8-457c-9c13-a1c21e759c6f,Thunder Tactical Shooters USPSA Match 8NOV2025 ,2025-11-08,3,Stage 3 Bay 3,859fb802-fb2a-4010-878b-98c2f3222651,Matthew Lem,25,79.01,9,79.01,Limited Optics,A,A34763,MINOR,Senior; Law Enforcement,94.8091,94.8091,6.6191,15.41,16,,7,1,,,,,,
3e93ea37-79a8-457c-9c13-a1c21e759c6f,Thunder Tactical Shooters USPSA Match 8NOV2025 ,2025-11-08,3,Stage 3 Bay 3,859fb802-fb2a-4010-878b-98c2f3222651,Alex Goben,26,78.75,11,81.22,Carry Optics,A,L5929,MINOR,,97.4673,94.4983,6.5974,16.37,19,,4,1,,,,,,
3e93ea37-79a8-457c-9c13-a1c21e759c6f,Thunder Tactical Shooters USPSA Match 8NOV2025 ,2025-11-08,3,Stage 3 Bay 3,859fb802-fb2a-4010-878b-98c2f3222651,Paul Felker,27,78.22,10,78.22,Limited Optics,A,Ty107123,MINOR,,93.8681,93.8681,6.5534,16.48,19,,4,1,,,,,,
3e93ea37-79a8-457c-9c13-a1c21e759c6f,Thunder Tactical Shooters USPSA Match 8NOV2025 ,2025-11-08,3,Stage 3 Bay 3,859fb802-fb2a-4010-878b-98c2f3222651,Travis Edwards,28,77.20,11,77.20,Limited Optics,A,A107004,MINOR,,92.6448,92.6448,6.4680,15.77,16,,7,1,,,,,,
3e93ea37-79a8-457c-9c13-a1c21e759c6f,Thunder Tactical Shooters USPSA Match 8NOV2025 ,2025-11-08,3,Stage 3 Bay 3,859fb802-fb2a-4010-878b-98c2f3222651,Manny Nerona,29,75.74,12,75.74,Limited Optics,B,A69445,MINOR,,90.8916,90.8916,6.3456,17.65,20,,4,,,,,,,
3e93ea37-79a8-457c-9c13-a1c21e759c6f,Thunder Tactical Shooters USPSA Match 8NOV2025 ,2025-11-08,3,Stage 3 Bay 3,859fb802-fb2a-4010-878b-98c2f3222651,Amber Chike-Udenze,30,73.66,2,85.98,PCC,B,A138974,MINOR,Lady,103.1772,88.3936,6.1712,15.07,19,,2,2,1,,,,,
3e93ea37-79a8-457c-9c13-a1c21e759c6f,Thunder Tactical Shooters USPSA Match 8NOV2025 ,2025-11-08,3,Stage 3 Bay 3,859fb802-fb2a-4010-878b-98c2f3222651,David Zhang,31,73.56,13,73.56,Limited Optics,B,FY140383,MINOR,,88.2776,88.2776,6.1631,16.55,15,,9,,,,,,,
3e93ea37-79a8-457c-9c13-a1c21e759c6f,Thunder Tactical Shooters USPSA Match 8NOV2025 ,2025-11-08,3,Stage 3 Bay 3,859fb802-fb2a-4010-878b-98c2f3222651,Adam Bandiera,32,73.23,12,75.53,Carry Optics,A,A148375,MINOR,,90.6360,87.8751,6.1350,16.30,14,,10,,,,,,,
3e93ea37-79a8-457c-9c13-a1c21e759c6f,Thunder Tactical Shooters USPSA Match 8NOV2025 ,2025-11-08,3,Stage 3 Bay 3,859fb802-fb2a-4010-878b-98c2f3222651,Marcus Carrow,33,71.81,13,74.06,Carry Optics,B,A164691,MINOR,,88.8765,86.1692,6.0159,17.62,17,,7,,,,,,,
3e93ea37-79a8-457c-9c13-a1c21e759c6f,Thunder Tactical Shooters USPSA Match 8NOV2025 ,2025-11-08,3,Stage 3 Bay 3,859fb802-fb2a-4010-878b-98c2f3222651,Mike Junco,34,70.72,14,70.72,Limited Optics,M,FY34819,MINOR,Senior; Law Enforcement,84.8629,84.8629,5.9247,12.49,15,,6,1,2,,,,,
3e93ea37-79a8-457c-9c13-a1c21e759c6f,Thunder Tactical Shooters USPSA Match 8NOV2025 ,2025-11-08,3,Stage 3 Bay 3,859fb802-fb2a-4010-878b-98c2f3222651,Coder Wang,35,70.64,3,82.45,PCC,C,A170259,MINOR,,98.9422,84.7655,5.9179,16.56,14,,9,1,,,,,,
3e93ea37-79a8-457c-9c13-a1c21e759c6f,Thunder Tactical Shooters USPSA Match 8NOV2025 ,2025-11-08,3,Stage 3 Bay 3,859fb802-fb2a-4010-878b-98c2f3222651,Heath Helgeson,36,68.28,15,68.28,Limited Optics,A,A149129,MINOR,,81.9322,81.9322,5.7201,14.86,13,,10,,1,,,,,
3e93ea37-79a8-457c-9c13-a1c21e759c6f,Thunder Tactical Shooters USPSA Match 8NOV2025 ,2025-11-08,3,Stage 3 Bay 3,859fb802-fb2a-4010-878b-98c2f3222651,Kenedy Nguyen,37,67.96,16,67.96,Limited Optics,C,A83862,MINOR,,81.5541,81.5541,5.6937,15.28,19,,4,,1,,1,,,
3e93ea37-79a8-457c-9c13-a1c21e759c6f,Thunder Tactical Shooters USPSA Match 8NOV2025 ,2025-11-08,3,Stage 3 Bay 3,859fb802-fb2a-4010-878b-98c2f3222651,Harlan Chen,38,67.88,17,67.88,Limited Optics,C,A163292,MINOR,,81.4610,81.4610,5.6872,16.88,14,,8,2,,,,,,
3e93ea37-79a8-457c-9c13-a1c21e759c6f,Thunder Tactical Shooters USPSA Match 8NOV2025 ,2025-11-08,3,Stage 3 Bay 3,859fb802-fb2a-4010-878b-98c2f3222651,chris bulkley,39,67.65,14,69.78,Carry Optics,B,A159469,MINOR,,83.7308,81.1803,5.6676,18.35,16,,8,,,,,,,
3e93ea37-79a8-457c-9c13-a1c21e759c6f,Thunder Tactical Shooters USPSA Match 8NOV2025 ,2025-11-08,3,Stage 3 Bay 3,859fb802-fb2a-4010-878b-98c2f3222651,Jerry Bedro,40,67.01,18,67.01,Limited Optics,B,A98263,MINOR,,80.4125,80.4125,5.6140,19.95,20,,4,,,,,,,
3e93ea37-79a8-457c-9c13-a1c21e759c6f,Thunder Tactical Shooters USPSA Match 8NOV2025 ,2025-11-08,3,Stage 3 Bay 3,859fb802-fb2a-4010-878b-98c2f3222651,Gennady Khokhorin,41,67.01,1,100.00,Production,B,A123884,MINOR,Super Senior,120.0000,80.4125,5.6140,19.95,20,,4,,,,,,,
3e93ea37-79a8-457c-9c13-a1c21e759c6f,Thunder Tactical Shooters USPSA Match 8NOV2025 ,2025-11-08,3,Stage 3 Bay 3,859fb802-fb2a-4010-878b-98c2f3222651,Eric Wu,42,66.63,19,66.63,Limited Optics,B,FY104740,MINOR,,79.9527,79.9527,5.5819,18.99,17,,7,,,,,,,
3e93ea37-79a8-457c-9c13-a1c21e759c6f,Thunder Tactical Shooters USPSA Match 8NOV2025 ,2025-11-08,3,Stage 3 Bay 3,859fb802-fb2a-4010-878b-98c2f3222651,Thomas Zhang,43,65.11,5,66.00,Open,U,A145116,MINOR,Law Enforcement; Military,79.2057,78.1279,5.4545,19.80,19,,4,1,,,,,,
3e93ea37-79a8-457c-9c13-a1c21e759c6f,Thunder Tactical Shooters USPSA Match 8NOV2025 ,2025-11-08,3,Stage 3 Bay 3,859fb802-fb2a-4010-878b-98c2f3222651,Stephanie Marie,44,64.34,15,66.36,Carry Optics,B,A139099,MINOR,Lady,79.6371,77.2112,5.3905,18.18,14,,9,1,,,,,,
3e93ea37-79a8-457c-9c13-a1c21e759c6f,Thunder Tactical Shooters USPSA Match 8NOV2025 ,2025-11-08,3,Stage 3 Bay 3,859fb802-fb2a-4010-878b-98c2f3222651,Yanlin Xiang,45,64.13,20,64.13,Limited Optics,B,A164967,MINOR,,76.9577,76.9577,5.3728,18.24,14,,9,1,,,,,,
3e93ea37-79a8-457c-9c13-a1c21e759c6f,Thunder Tactical Shooters USPSA Match 8NOV2025 ,2025-11-08,3,Stage 3 Bay 3,859fb802-fb2a-4010-878b-98c2f3222651,Albert Legislador,46,63.37,6,64.25,Open,C,TY91787,MAJOR,Senior,77.0972,76.0481,5.3093,20.53,15,,8,1,,,,,,
3e93ea37-79a8-457c-9c13-a1c21e759c6f,Thunder Tactical Shooters USPSA Match 8NOV2025 ,2025-11-08,3,Stage 3 Bay 3,859fb802-fb2a-4010-878b-98c2f3222651,Michael Pontious,47,62.12,21,62.12,Limited Optics,B,A94575,MINOR,Super Senior,74.5470,74.5470,5.2045,16.14,8,,14,2,,,,,,
3e93ea37-79a8-457c-9c13-a1c21e759c6f,Thunder Tactical Shooters USPSA Match 8NOV2025 ,2025-11-08,3,Stage 3 Bay 3,859fb802-fb2a-4010-878b-98c2f3222651,Sean Finnerty,48,62.01,22,62.01,Limited Optics,U,A166724,MINOR,,74.4081,74.4081,5.1948,22.33,23,,,1,,,,,,
3e93ea37-79a8-457c-9c13-a1c21e759c6f,Thunder Tactical Shooters USPSA Match 8NOV2025 ,2025-11-08,3,Stage 3 Bay 3,859fb802-fb2a-4010-878b-98c2f3222651,Marlon Pors,49,58.83,23,58.83,Limited Optics,C,Ty1234,MINOR,Law Enforcement,70.5937,70.5937,4.9285,18.87,17,,6,,1,,,,,
3e93ea37-79a8-457c-9c13-a1c21e759c6f,Thunder Tactical Shooters USPSA Match 8NOV2025 ,2025-11-08,3,Stage 3 Bay 3,859fb802-fb2a-4010-878b-98c2f3222651,Virak Meas,50,58.77,24,58.77,Limited Optics,U,A155576,MINOR,Senior,70.5235,70.5235,4.9236,17.67,16,,5,2,1,,,,,
3e93ea37-79a8-457c-9c13-a1c21e759c6f,Thunder Tactical Shooters USPSA Match 8NOV2025 ,2025-11-08,3,Stage 3 Bay 3,859fb802-fb2a-4010-878b-98c2f3222651,Fares Al-Salim,51,58.69,25,58.69,Limited Optics,C,A171235,MINOR,,70.4319,70.4319,4.9172,19.93,14,,9,1,,,,,,
3e93ea37-79a8-457c-9c13-a1c21e759c6f,Thunder Tactical Shooters USPSA Match 8NOV2025 ,2025-11-08,3,Stage 3 Bay 3,859fb802-fb2a-4010-878b-98c2f3222651,Jay Bennett,52,57.91,16,59.73,Carry Optics,A,A77156,MINOR,Super Senior,71.6711,69.4879,4.8513,19.17,17,,6,,1,,,,,
3e93ea37-79a8-457c-9c13-a1c21e759c6f,Thunder Tactical Shooters USPSA Match 8NOV2025 ,2025-11-08,3,Stage 3 Bay 3,859fb802-fb2a-4010-878b-98c2f3222651,Michael McCoy,53,56.87,26,56.87,Limited Optics,C,A100138,MINOR,,68.2446,68.2446,4.7645,18.68,15,,8,,1,,,,,
3e93ea37-79a8-457c-9c13-a1c21e759c6f,Thunder Tactical Shooters USPSA Match 8NOV2025 ,2025-11-08,3,Stage 3 Bay 3,859fb802-fb2a-4010-878b-98c2f3222651,Phil Truong,54,56.54,7,57.32,Open,B,FY128600,MINOR,,68.7882,67.8522,4.7371,19.21,16,,7,,1,,,,,
3e93ea37-79a8-457c-9c13-a1c21e759c6f,Thunder Tactical Shooters USPSA Match 8NOV2025 ,2025-11-08,3,Stage 3 Bay 3,859fb802-fb2a-4010-878b-98c2f3222651,Hugh “Skippy” Fullerton,55,56.22,27,56.22,Limited Optics,B,A140572,MINOR,,67.4654,67.4654,4.7101,16.56,16,,6,,2,,,,,
3e93ea37-79a8-457c-9c13-a1c21e759c6f,Thunder Tactical Shooters USPSA Match 8NOV2025 ,2025-11-08,3,Stage 3 Bay 3,859fb802-fb2a-4010-878b-98c2f3222651,Andre Wijaya,56,55.88,17,57.64,Carry Optics,U,A172696,MINOR,,69.1641,67.0572,4.6816,21.36,15,,8,1,,,,,,
3e93ea37-79a8-457c-9c13-a1c21e759c6f,Thunder Tactical Shooters USPSA Match 8NOV2025 ,2025-11-08,3,Stage 3 Bay 3,859fb802-fb2a-4010-878b-98c2f3222651,Rudy Widiaman,57,55.41,28,55.41,Limited Optics,X,X,MINOR,,66.4914,66.4914,4.6421,17.88,13,,9,1,1,,,,,
3e93ea37-79a8-457c-9c13-a1c21e759c6f,Thunder Tactical Shooters USPSA Match 8NOV2025 ,2025-11-08,3,Stage 3 Bay 3,859fb802-fb2a-4010-878b-98c2f3222651,henry pham,58,54.62,18,56.33,Carry Optics,U,A171802,MINOR,,67.6010,65.5418,4.5758,20.98,13,,10,1,,,,,,
3e93ea37-79a8-457c-9c13-a1c21e759c6f,Thunder Tactical Shooters USPSA Match 8NOV2025 ,2025-11-08,3,Stage 3 Bay 3,859fb802-fb2a-4010-878b-98c2f3222651,"Ross ""Riff Raff"" Pimentel",59,53.56,29,53.56,Limited Optics,C,A157753,MINOR,Senior,64.2770,64.2770,4.4875,22.73,16,,7,1,,,,,,
3e93ea37-79a8-457c-9c13-a1c21e759c6f,Thunder Tactical Shooters USPSA Match 8NOV2025 ,2025-11-08,3,Stage 3 Bay 3,859fb802-fb2a-4010-878b-98c2f3222651,Bob Purcell,60,53.31,30,53.31,Limited Optics,U,TY111994,MINOR,Super Senior,63.9705,63.9705,4.4661,24.63,20,,3,1,,,,,,
3e93ea37-79a8-457c-9c13-a1c21e759c6f,Thunder Tactical Shooters USPSA Match 8NOV2025 ,2025-11-08,3,Stage 3 Bay 3,859fb802-fb2a-4010-878b-98c2f3222651,Robert Strong,61,53.26,8,54.00,Open,C,TY135331,MAJOR,,64.7949,63.9132,4.4621,16.36,15,,7,,2,,1,,,
3e93ea37-79a8-457c-9c13-a1c21e759c6f,Thunder Tactical Shooters USPSA Match 8NOV2025 ,2025-11-08,3,Stage 3 Bay 3,859fb802-fb2a-4010-878b-98c2f3222651,Waltz Noguerra,62,52.07,19,53.71,Carry Optics,C,A137731,MINOR,Senior,64.4528,62.4894,4.3627,23.38,15,,9,,,,,,,
3e93ea37-79a8-457c-9c13-a1c21e759c6f,Thunder Tactical Shooters USPSA Match 8NOV2025 ,2025-11-08,3,Stage 3 Bay 3,859fb802-fb2a-4010-878b-98c2f3222651,Gary Wu,63,51.47,31,51.47,Limited Optics,B,L2998,MINOR,Senior,61.7618,61.7618,4.3119,16.93,13,,9,1,1,,1,,,
3e93ea37-79a8-457c-9c13-a1c21e759c6f,Thunder Tactical Shooters USPSA Match 8NOV2025 ,2025-11-08,3,Stage 3 Bay 3,859fb802-fb2a-4010-878b-98c2f3222651,"Byron ""BigBDaShooter"" McGowen",64,47.59,9,48.25,Open,D,A159731,MAJOR,Military,57.9017,57.1138,3.9874,28.59,20,,3,1,,,,,,
3e93ea37-79a8-457c-9c13-a1c21e759c6f,Thunder Tactical Shooters USPSA Match 8NOV2025 ,2025-11-08,3,Stage 3 Bay 3,859fb802-fb2a-4010-878b-98c2f3222651,Emman Alcoseba,65,45.50,2,56.72,Limited,C,TY67519,MINOR,,68.0692,54.6029,3.8121,29.38,20,,4,,,,,,,
3e93ea37-79a8-457c-9c13-a1c21e759c6f,Thunder Tactical Shooters USPSA Match 8NOV2025 ,2025-11-08,3,Stage 3 Bay 3,859fb802-fb2a-4010-878b-98c2f3222651,GLENN McKinney,66,43.66,1,100.00,Single Stack,C,FY8311,MAJOR,Super Senior,120.0000,52.3899,3.6576,24.88,15,,5,3,1,,,,,
3e93ea37-79a8-457c-9c13-a1c21e759c6f,Thunder Tactical Shooters USPSA Match 8NOV2025 ,2025-11-08,3,Stage 3 Bay 3,859fb802-fb2a-4010-878b-98c2f3222651,Andrew Bowman,67,43.58,2,99.82,Single Stack,C,TY153695,MINOR,,119.7867,52.2968,3.6511,19.72,14,,7,1,2,,,,,
3e93ea37-79a8-457c-9c13-a1c21e759c6f,Thunder Tactical Shooters USPSA Match 8NOV2025 ,2025-11-08,3,Stage 3 Bay 3,859fb802-fb2a-4010-878b-98c2f3222651,Fred Ermac,68,42.70,32,42.70,Limited Optics,U,A106437,MINOR,,51.2383,51.2383,3.5772,24.60,13,,11,,,,1,,,
3e93ea37-79a8-457c-9c13-a1c21e759c6f,Thunder Tactical Shooters USPSA Match 8NOV2025 ,2025-11-08,3,Stage 3 Bay 3,859fb802-fb2a-4010-878b-98c2f3222651,Napoleon Lewis (LastActionHero),69,42.47,33,42.47,Limited Optics,C,A154149,MINOR,Senior; Military,50.9676,50.9676,3.5583,24.45,14,,9,,1,,,,,
3e93ea37-79a8-457c-9c13-a1c21e759c6f,Thunder Tactical Shooters USPSA Match 8NOV2025 ,2025-11-08,3,Stage 3 Bay 3,859fb802-fb2a-4010-878b-98c2f3222651,Valter Gonzalez,70,39.86,20,41.12,Carry Optics,U,A172969,MINOR,,49.3409,47.8379,3.3398,31.14,16,,8,,,,,,,
3e93ea37-79a8-457c-9c13-a1c21e759c6f,Thunder Tactical Shooters USPSA Match 8NOV2025 ,2025-11-08,3,Stage 3 Bay 3,859fb802-fb2a-4010-878b-98c2f3222651,Keith Bowman Jr,71,39.02,34,39.02,Limited Optics,C,A157830,MINOR,,46.8223,46.8223,3.2689,20.19,15,,5,,2,,,1,,
3e93ea37-79a8-457c-9c13-a1c21e759c6f,Thunder Tactical Shooters USPSA Match 8NOV2025 ,2025-11-08,3,Stage 3 Bay 3,859fb802-fb2a-4010-878b-98c2f3222651,ian loyd,72,36.55,21,37.70,Carry Optics,U,A148072,MINOR,,45.2367,43.8588,3.0620,37.23,21,,3,,,,,,,
3e93ea37-79a8-457c-9c13-a1c21e759c6f,Thunder Tactical Shooters USPSA Match 8NOV2025 ,2025-11-08,3,Stage 3 Bay 3,859fb802-fb2a-4010-878b-98c2f3222651,Charles Morris,73,30.71,22,31.68,Carry Optics,C,A75102,MINOR,Super Senior,38.0125,36.8545,2.5730,34.59,20,,3,,1,,1,,,
3e93ea37-79a8-457c-9c13-a1c21e759c6f,Thunder Tactical Shooters USPSA Match 8NOV2025 ,2025-11-08,3,Stage 3 Bay 3,859fb802-fb2a-4010-878b-98c2f3222651,Eric Mccampbell,74,30.31,3,69.42,Single Stack,C,A14332,MAJOR,Senior,83.3038,36.3690,2.5391,35.84,11,,11,1,1,,,,,
3e93ea37-79a8-457c-9c13-a1c21e759c6f,Thunder Tactical Shooters USPSA Match 8NOV2025 ,2025-11-08,3,Stage 3 Bay 3,859fb802-fb2a-4010-878b-98c2f3222651,Marshall Quigley,75,28.52,4,65.32,Single Stack,C,A162329,MAJOR,,78.3825,34.2204,2.3891,26.37,13,,5,4,2,,,1,,
3e93ea37-79a8-457c-9c13-a1c21e759c6f,Thunder Tactical Shooters USPSA Match 8NOV2025 ,2025-11-08,3,Stage 3 Bay 3,859fb802-fb2a-4010-878b-98c2f3222651,Justin Ledet,76,27.05,23,27.90,Carry Optics,U,A166201,MINOR,,33.4799,32.4601,2.2662,27.80,7,,11,5,1,,,,,
3e93ea37-79a8-457c-9c13-a1c21e759c6f,Thunder Tactical Shooters USPSA Match 8NOV2025 ,2025-11-08,3,Stage 3 Bay 3,859fb802-fb2a-4010-878b-98c2f3222651,Lee King,77,26.63,24,27.47,Carry Optics,C,A163654,MINOR,Super Senior,32.9614,31.9573,2.2311,34.96,18,,2,2,2,,,,,
3e93ea37-79a8-457c-9c13-a1c21e759c6f,Thunder Tactical Shooters USPSA Match 8NOV2025 ,2025-11-08,3,Stage 3 Bay 3,859fb802-fb2a-4010-878b-98c2f3222651,Jeremiah Hunt,78,18.64,5,42.71,Single Stack,U,a148592,MAJOR,,51.2467,22.3734,1.5620,30.73,12,,5,2,4,,,,,
3e93ea37-79a8-457c-9c13-a1c21e759c6f,Thunder Tactical Shooters USPSA Match 8NOV2025 ,2025-11-08,3,Stage 3 Bay 3,859fb802-fb2a-4010-878b-98c2f3222651,Cole Bellamy,79,15.24,25,15.72,Carry Optics,D,ty148788,MINOR,Junior,18.8600,18.2855,1.2766,23.50,15,,5,,4,,,2,,
3e93ea37-79a8-457c-9c13-a1c21e759c6f,Thunder Tactical Shooters USPSA Match 8NOV2025 ,2025-11-08,3,Stage 3 Bay 3,859fb802-fb2a-4010-878b-98c2f3222651,Olayemi Bakare,80,0.00,10,0.00,Open,A,A105300,MAJOR,,0.0000,0.0000,,,,,,,,,,,,
3e93ea37-79a8-457c-9c13-a1c21e759c6f,Thunder Tactical Shooters USPSA Match 8NOV2025 ,2025-11-08,4,Bay 4 ,c988fd21-1b97-427f-914a-26d650df7fab,Olayemi Bakare,1,100.00,1,100.00,Open,A,A105300,MAJOR,,120.0000,120.0000,7.4247,14.95,15,,9,,,,,,,
3e93ea37-79a8-457c-9c13-a1c21e759c6f,Thunder Tactical Shooters USPSA Match 8NOV2025 ,2025-11-08,4,Bay 4 ,c988fd21-1b97-427f-914a-26d650df7fab,Craig Bellamy,2,92.83,1,100.00,Carry Optics,G,ty54824,MINOR,Law Enforcement,120.0000,111.3952,6.8923,16.25,20,,4,,,,,,,
3e93ea37-79a8-457c-9c13-a1c21e759c6f,Thunder Tactical Shooters USPSA Match 8NOV2025 ,2025-11-08,4,Bay 4 ,c988fd21-1b97-427f-914a-26d650df7fab,Brandon Foss,3,91.51,2,98.58,Carry Optics,M,L5142,MINOR,,118.2937,109.8113,6.7943,16.19,19,,5,,,,,,,
3e93ea37-79a8-457c-9c13-a1c21e759c6f,Thunder Tactical Shooters USPSA Match 8NOV2025 ,2025-11-08,4,Bay 4 ,c988fd21-1b97-427f-914a-26d650df7fab,Drew Yang,4,90.80,1,100.00,Limited Optics,C,FY138478,MINOR,,120.0000,108.9596,6.7416,17.80,24,,,,,,,,,
3e93ea37-79a8-457c-9c13-a1c21e759c6f,Thunder Tactical Shooters USPSA Match 8NOV2025 ,2025-11-08,4,Bay 4 ,c988fd21-1b97-427f-914a-26d650df7fab,Jacob Tullis,5,89.33,2,98.38,Limited Optics,M,A140523,MINOR,,118.0616,107.1995,6.6327,15.68,18,,4,2,,,,,,
3e93ea37-79a8-457c-9c13-a1c21e759c6f,Thunder Tactical Shooters USPSA Match 8NOV2025 ,2025-11-08,4,Bay 4 ,c988fd21-1b97-427f-914a-26d650df7fab,Mike Junco,6,86.78,3,95.58,Limited Optics,M,FY34819,MINOR,Senior; Law Enforcement,114.6938,104.1416,6.4435,15.83,17,,5,2,,,,,,
3e93ea37-79a8-457c-9c13-a1c21e759c6f,Thunder Tactical Shooters USPSA Match 8NOV2025 ,2025-11-08,4,Bay 4 ,c988fd21-1b97-427f-914a-26d650df7fab,Phillip Nguyen,7,85.25,4,93.89,Limited Optics,M,TY152423,MINOR,,112.6718,102.3055,6.3299,16.43,16,,8,,,,,,,
3e93ea37-79a8-457c-9c13-a1c21e759c6f,Thunder Tactical Shooters USPSA Match 8NOV2025 ,2025-11-08,4,Bay 4 ,c988fd21-1b97-427f-914a-26d650df7fab,Colin Kerrigan,8,85.08,3,91.65,Carry Optics,M,A142731,MINOR,,109.9836,102.0971,6.3170,16.78,17,,7,,,,,,,
3e93ea37-79a8-457c-9c13-a1c21e759c6f,Thunder Tactical Shooters USPSA Match 8NOV2025 ,2025-11-08,4,Bay 4 ,c988fd21-1b97-427f-914a-26d650df7fab,Zachary Ralston,9,84.08,1,100.00,Limited,A,A123081,MINOR,,120.0000,100.8946,6.2426,16.98,17,,7,,,,,,,
3e93ea37-79a8-457c-9c13-a1c21e759c6f,Thunder Tactical Shooters USPSA Match 8NOV2025 ,2025-11-08,4,Bay 4 ,c988fd21-1b97-427f-914a-26d650df7fab,Paul Felker,10,84.04,5,92.56,Limited Optics,A,Ty107123,MINOR,,111.0662,100.8477,6.2397,18.27,21,,3,,,,,,,
3e93ea37-79a8-457c-9c13-a1c21e759c6f,Thunder Tactical Shooters USPSA Match 8NOV2025 ,2025-11-08,4,Bay 4 ,c988fd21-1b97-427f-914a-26d650df7fab,Will Goglas,11,82.67,2,82.67,Open,B,A154790,MAJOR,,99.2008,99.2008,6.1378,17.27,14,,8,2,,,,,,
3e93ea37-79a8-457c-9c13-a1c21e759c6f,Thunder Tactical Shooters USPSA Match 8NOV2025 ,2025-11-08,4,Bay 4 ,c988fd21-1b97-427f-914a-26d650df7fab,Heath Helgeson,12,80.24,6,88.37,Limited Optics,A,A149129,MINOR,,106.0413,96.2851,5.9574,16.45,14,,9,1,,,,,,
3e93ea37-79a8-457c-9c13-a1c21e759c6f,Thunder Tactical Shooters USPSA Match 8NOV2025 ,2025-11-08,4,Bay 4 ,c988fd21-1b97-427f-914a-26d650df7fab,Chez Chike-Udenze,13,78.80,3,78.80,Open,D,A138598,MAJOR,,94.5557,94.5557,5.8504,16.58,13,,10,1,,,1,,,
3e93ea37-79a8-457c-9c13-a1c21e759c6f,Thunder Tactical Shooters USPSA Match 8NOV2025 ,2025-11-08,4,Bay 4 ,c988fd21-1b97-427f-914a-26d650df7fab,Travis Edwards,14,78.23,7,86.15,Limited Optics,A,A107004,MINOR,,103.3855,93.8737,5.8082,18.25,17,,7,,,,,,,
3e93ea37-79a8-457c-9c13-a1c21e759c6f,Thunder Tactical Shooters USPSA Match 8NOV2025 ,2025-11-08,4,Bay 4 ,c988fd21-1b97-427f-914a-26d650df7fab,Robert Strong,15,77.02,4,77.02,Open,C,TY135331,MAJOR,,92.4256,92.4256,5.7186,19.76,17,,7,,,,,,,
3e93ea37-79a8-457c-9c13-a1c21e759c6f,Thunder Tactical Shooters USPSA Match 8NOV2025 ,2025-11-08,4,Bay 4 ,c988fd21-1b97-427f-914a-26d650df7fab,NeaL NaNDiN,16,76.66,5,76.66,Open,C,FY71894,MAJOR,,91.9940,91.9940,5.6919,20.38,20,,4,,,,,,,
3e93ea37-79a8-457c-9c13-a1c21e759c6f,Thunder Tactical Shooters USPSA Match 8NOV2025 ,2025-11-08,4,Bay 4 ,c988fd21-1b97-427f-914a-26d650df7fab,Paul Torre,17,76.51,4,82.42,Carry Optics,B,TY88028,MINOR,Law Enforcement,98.9034,91.8114,5.6806,18.66,18,,5,1,,,,,,
3e93ea37-79a8-457c-9c13-a1c21e759c6f,Thunder Tactical Shooters USPSA Match 8NOV2025 ,2025-11-08,4,Bay 4 ,c988fd21-1b97-427f-914a-26d650df7fab,Jon Baguio,18,76.46,6,76.46,Open,C,X,MAJOR,,91.7548,91.7548,5.6771,19.20,17,,5,2,,,,,,
3e93ea37-79a8-457c-9c13-a1c21e759c6f,Thunder Tactical Shooters USPSA Match 8NOV2025 ,2025-11-08,4,Bay 4 ,c988fd21-1b97-427f-914a-26d650df7fab,Alex Goben,19,76.41,5,82.31,Carry Optics,A,L5929,MINOR,,98.7711,91.6886,5.6730,19.39,19,,5,,,,,,,
3e93ea37-79a8-457c-9c13-a1c21e759c6f,Thunder Tactical Shooters USPSA Match 8NOV2025 ,2025-11-08,4,Bay 4 ,c988fd21-1b97-427f-914a-26d650df7fab,Travis McKenzie,20,75.50,6,81.33,Carry Optics,M,L6340,MINOR,,97.5941,90.5960,5.6054,17.84,16,,6,2,,,,,,
3e93ea37-79a8-457c-9c13-a1c21e759c6f,Thunder Tactical Shooters USPSA Match 8NOV2025 ,2025-11-08,4,Bay 4 ,c988fd21-1b97-427f-914a-26d650df7fab,FRANCIS NGUYEN,21,75.10,8,82.71,Limited Optics,U,A169979,MINOR,,99.2524,90.1208,5.5760,19.01,17,,7,,,,,,,
3e93ea37-79a8-457c-9c13-a1c21e759c6f,Thunder Tactical Shooters USPSA Match 8NOV2025 ,2025-11-08,4,Bay 4 ,c988fd21-1b97-427f-914a-26d650df7fab,Shawn Prosen,22,74.27,7,80.01,Carry Optics,B,A165388,MINOR,,96.0080,89.1236,5.5143,18.86,17,,6,1,,,,,,
3e93ea37-79a8-457c-9c13-a1c21e759c6f,Thunder Tactical Shooters USPSA Match 8NOV2025 ,2025-11-08,4,Bay 4 ,c988fd21-1b97-427f-914a-26d650df7fab,Yanlin Xiang,23,73.31,9,80.74,Limited Optics,B,A164967,MINOR,,96.8832,87.9696,5.4429,20.21,19,,5,,,,,,,
3e93ea37-79a8-457c-9c13-a1c21e759c6f,Thunder Tactical Shooters USPSA Match 8NOV2025 ,2025-11-08,4,Bay 4 ,c988fd21-1b97-427f-914a-26d650df7fab,John Ren,24,72.61,8,78.21,Carry Optics,B,A168570,MINOR,,93.8578,87.1276,5.3908,18.55,15,,8,1,,,,,,
3e93ea37-79a8-457c-9c13-a1c21e759c6f,Thunder Tactical Shooters USPSA Match 8NOV2025 ,2025-11-08,4,Bay 4 ,c988fd21-1b97-427f-914a-26d650df7fab,Ulrick Fong,25,72.50,1,100.00,PCC,B,A170351,MINOR,Senior,120.0000,86.9950,5.3826,18.95,15,,9,,,,,,,
3e93ea37-79a8-457c-9c13-a1c21e759c6f,Thunder Tactical Shooters USPSA Match 8NOV2025 ,2025-11-08,4,Bay 4 ,c988fd21-1b97-427f-914a-26d650df7fab,Ivan Velazquez,26,72.30,9,77.88,Carry Optics,A,A108486,MINOR,,93.4556,86.7542,5.3677,18.63,15,,8,1,,,,,,
3e93ea37-79a8-457c-9c13-a1c21e759c6f,Thunder Tactical Shooters USPSA Match 8NOV2025 ,2025-11-08,4,Bay 4 ,c988fd21-1b97-427f-914a-26d650df7fab,Anthony Fong,27,72.27,10,79.59,Limited Optics,M,A142224,MINOR,,95.5073,86.7203,5.3656,19.01,16,,7,1,,,,,,
3e93ea37-79a8-457c-9c13-a1c21e759c6f,Thunder Tactical Shooters USPSA Match 8NOV2025 ,2025-11-08,4,Bay 4 ,c988fd21-1b97-427f-914a-26d650df7fab,Dan Ausmus,28,71.90,11,79.19,Limited Optics,U,L6447,MINOR,,95.0231,86.2807,5.3384,20.98,20,,4,,,,,,,
3e93ea37-79a8-457c-9c13-a1c21e759c6f,Thunder Tactical Shooters USPSA Match 8NOV2025 ,2025-11-08,4,Bay 4 ,c988fd21-1b97-427f-914a-26d650df7fab,Michael Hanover,29,70.98,10,76.47,Carry Optics,A,TY146302,MINOR,,91.7615,85.1816,5.2704,14.61,9,,14,,1,,,,,
3e93ea37-79a8-457c-9c13-a1c21e759c6f,Thunder Tactical Shooters USPSA Match 8NOV2025 ,2025-11-08,4,Bay 4 ,c988fd21-1b97-427f-914a-26d650df7fab,Eugene Rivers III,30,70.73,11,76.20,Carry Optics,A,A162193,MINOR,,91.4377,84.8810,5.2518,18.47,19,,4,,1,,,,,
3e93ea37-79a8-457c-9c13-a1c21e759c6f,Thunder Tactical Shooters USPSA Match 8NOV2025 ,2025-11-08,4,Bay 4 ,c988fd21-1b97-427f-914a-26d650df7fab,Michael Pontious,31,70.18,12,77.29,Limited Optics,B,A94575,MINOR,Super Senior,92.7447,84.2119,5.2104,19.96,17,,6,1,,,,,,
3e93ea37-79a8-457c-9c13-a1c21e759c6f,Thunder Tactical Shooters USPSA Match 8NOV2025 ,2025-11-08,4,Bay 4 ,c988fd21-1b97-427f-914a-26d650df7fab,Jerry Bedro,32,65.61,13,72.26,Limited Optics,B,A98263,MINOR,,86.7088,78.7313,4.8713,21.76,18,,5,1,,,,,,
3e93ea37-79a8-457c-9c13-a1c21e759c6f,Thunder Tactical Shooters USPSA Match 8NOV2025 ,2025-11-08,4,Bay 4 ,c988fd21-1b97-427f-914a-26d650df7fab,Albert Legislador,33,65.57,7,65.57,Open,C,TY91787,MAJOR,Senior,78.6795,78.6795,4.8681,21.98,15,,7,2,,,,,,
3e93ea37-79a8-457c-9c13-a1c21e759c6f,Thunder Tactical Shooters USPSA Match 8NOV2025 ,2025-11-08,4,Bay 4 ,c988fd21-1b97-427f-914a-26d650df7fab,Jay Bennett,34,65.39,12,70.45,Carry Optics,A,A77156,MINOR,Super Senior,84.5343,78.4727,4.8553,21.42,17,,6,1,,,,,,
3e93ea37-79a8-457c-9c13-a1c21e759c6f,Thunder Tactical Shooters USPSA Match 8NOV2025 ,2025-11-08,4,Bay 4 ,c988fd21-1b97-427f-914a-26d650df7fab,Gary Wu,35,64.33,14,70.85,Limited Optics,B,L2998,MINOR,Senior,85.0142,77.1926,4.7761,20.10,13,,10,1,,,,,,
3e93ea37-79a8-457c-9c13-a1c21e759c6f,Thunder Tactical Shooters USPSA Match 8NOV2025 ,2025-11-08,4,Bay 4 ,c988fd21-1b97-427f-914a-26d650df7fab,Kenedy Nguyen,36,64.29,15,70.81,Limited Optics,C,A83862,MINOR,,84.9715,77.1538,4.7737,20.11,14,,8,2,,,,,,
3e93ea37-79a8-457c-9c13-a1c21e759c6f,Thunder Tactical Shooters USPSA Match 8NOV2025 ,2025-11-08,4,Bay 4 ,c988fd21-1b97-427f-914a-26d650df7fab,Manny Nerona,37,63.80,16,70.27,Limited Optics,B,A69445,MINOR,,84.3236,76.5655,4.7373,23.22,19,,5,,,,,,,
3e93ea37-79a8-457c-9c13-a1c21e759c6f,Thunder Tactical Shooters USPSA Match 8NOV2025 ,2025-11-08,4,Bay 4 ,c988fd21-1b97-427f-914a-26d650df7fab,Tyler Denmon,38,63.66,17,70.11,Limited Optics,A,A156054,MINOR,,84.1331,76.3926,4.7266,21.58,16,,7,1,,,,,,
3e93ea37-79a8-457c-9c13-a1c21e759c6f,Thunder Tactical Shooters USPSA Match 8NOV2025 ,2025-11-08,4,Bay 4 ,c988fd21-1b97-427f-914a-26d650df7fab,Andre Wijaya,39,62.81,13,67.66,Carry Optics,U,A172696,MINOR,,81.1897,75.3679,4.6632,23.16,18,,6,,,,,,,
3e93ea37-79a8-457c-9c13-a1c21e759c6f,Thunder Tactical Shooters USPSA Match 8NOV2025 ,2025-11-08,4,Bay 4 ,c988fd21-1b97-427f-914a-26d650df7fab,David Zhang,40,62.35,18,68.67,Limited Optics,B,FY140383,MINOR,,82.4066,74.8248,4.6296,18.36,14,,8,1,1,,,,,
3e93ea37-79a8-457c-9c13-a1c21e759c6f,Thunder Tactical Shooters USPSA Match 8NOV2025 ,2025-11-08,4,Bay 4 ,c988fd21-1b97-427f-914a-26d650df7fab,Hugh “Skippy” Fullerton,41,61.16,19,67.36,Limited Optics,B,A140572,MINOR,,80.8313,73.3945,4.5411,20.92,19,,3,1,1,,,,,
3e93ea37-79a8-457c-9c13-a1c21e759c6f,Thunder Tactical Shooters USPSA Match 8NOV2025 ,2025-11-08,4,Bay 4 ,c988fd21-1b97-427f-914a-26d650df7fab,chris bulkley,42,59.46,14,64.05,Carry Optics,B,A159469,MINOR,,76.8649,71.3532,4.4148,24.01,17,,7,,,,,,,
3e93ea37-79a8-457c-9c13-a1c21e759c6f,Thunder Tactical Shooters USPSA Match 8NOV2025 ,2025-11-08,4,Bay 4 ,c988fd21-1b97-427f-914a-26d650df7fab,Harlan Chen,43,59.44,20,65.46,Limited Optics,C,A163292,MINOR,,78.5529,71.3257,4.4131,21.30,13,,9,2,,,,,,
3e93ea37-79a8-457c-9c13-a1c21e759c6f,Thunder Tactical Shooters USPSA Match 8NOV2025 ,2025-11-08,4,Bay 4 ,c988fd21-1b97-427f-914a-26d650df7fab,Sean Finnerty,44,59.26,21,65.27,Limited Optics,U,A166724,MINOR,,78.3232,71.1172,4.4002,24.09,18,,5,1,,,,,,
3e93ea37-79a8-457c-9c13-a1c21e759c6f,Thunder Tactical Shooters USPSA Match 8NOV2025 ,2025-11-08,4,Bay 4 ,c988fd21-1b97-427f-914a-26d650df7fab,Marcus Carrow,45,58.74,15,63.27,Carry Optics,B,A164691,MINOR,,75.9300,70.4853,4.3611,22.93,19,,5,,,,1,,,
3e93ea37-79a8-457c-9c13-a1c21e759c6f,Thunder Tactical Shooters USPSA Match 8NOV2025 ,2025-11-08,4,Bay 4 ,c988fd21-1b97-427f-914a-26d650df7fab,Marlon Pors,46,58.00,22,63.88,Limited Optics,C,Ty1234,MINOR,Law Enforcement,76.6572,69.6044,4.3066,23.22,15,,8,1,,,,,,
3e93ea37-79a8-457c-9c13-a1c21e759c6f,Thunder Tactical Shooters USPSA Match 8NOV2025 ,2025-11-08,4,Bay 4 ,c988fd21-1b97-427f-914a-26d650df7fab,Adam Bandiera,47,57.86,16,62.33,Carry Optics,A,A148375,MINOR,,74.8000,69.4363,4.2962,21.88,14,,7,3,,,,,,
3e93ea37-79a8-457c-9c13-a1c21e759c6f,Thunder Tactical Shooters USPSA Match 8NOV2025 ,2025-11-08,4,Bay 4 ,c988fd21-1b97-427f-914a-26d650df7fab,Stephanie Marie,48,57.46,17,61.90,Carry Optics,B,A139099,MINOR,Lady,74.2777,68.9515,4.2662,23.44,14,,10,,,,,,,
3e93ea37-79a8-457c-9c13-a1c21e759c6f,Thunder Tactical Shooters USPSA Match 8NOV2025 ,2025-11-08,4,Bay 4 ,c988fd21-1b97-427f-914a-26d650df7fab,Eric Wu,49,57.40,23,63.21,Limited Optics,B,FY104740,MINOR,,75.8562,68.8771,4.2616,20.18,18,,5,1,,,1,1,,
3e93ea37-79a8-457c-9c13-a1c21e759c6f,Thunder Tactical Shooters USPSA Match 8NOV2025 ,2025-11-08,4,Bay 4 ,c988fd21-1b97-427f-914a-26d650df7fab,henry pham,50,55.94,18,60.26,Carry Optics,U,A171802,MINOR,,72.3085,67.1235,4.1531,24.56,15,,9,,,,,,,
3e93ea37-79a8-457c-9c13-a1c21e759c6f,Thunder Tactical Shooters USPSA Match 8NOV2025 ,2025-11-08,4,Bay 4 ,c988fd21-1b97-427f-914a-26d650df7fab,Karys Bellamy,51,55.81,24,61.46,Limited Optics,B,ty130774,MINOR,Lady; Junior,73.7558,66.9700,4.1436,18.10,9,,13,1,1,,,,,
3e93ea37-79a8-457c-9c13-a1c21e759c6f,Thunder Tactical Shooters USPSA Match 8NOV2025 ,2025-11-08,4,Bay 4 ,c988fd21-1b97-427f-914a-26d650df7fab,Keith Bowman Jr,52,54.54,25,60.07,Limited Optics,C,A157830,MINOR,,72.0808,65.4491,4.0495,26.67,18,,6,,,,,,,
3e93ea37-79a8-457c-9c13-a1c21e759c6f,Thunder Tactical Shooters USPSA Match 8NOV2025 ,2025-11-08,4,Bay 4 ,c988fd21-1b97-427f-914a-26d650df7fab,"Ross ""Riff Raff"" Pimentel",53,54.52,26,60.04,Limited Optics,C,A157753,MINOR,Senior,72.0523,65.4232,4.0479,24.21,14,,9,1,,,,,,
3e93ea37-79a8-457c-9c13-a1c21e759c6f,Thunder Tactical Shooters USPSA Match 8NOV2025 ,2025-11-08,4,Bay 4 ,c988fd21-1b97-427f-914a-26d650df7fab,Rudy Widiaman,54,54.19,27,59.68,Limited Optics,X,X,MINOR,,71.6216,65.0321,4.0237,23.61,18,,5,,1,,,,,
3e93ea37-79a8-457c-9c13-a1c21e759c6f,Thunder Tactical Shooters USPSA Match 8NOV2025 ,2025-11-08,4,Bay 4 ,c988fd21-1b97-427f-914a-26d650df7fab,Gennady Khokhorin,55,52.06,1,100.00,Production,B,A123884,MINOR,Super Senior,120.0000,62.4688,3.8651,26.39,16,,7,1,,,,,,
3e93ea37-79a8-457c-9c13-a1c21e759c6f,Thunder Tactical Shooters USPSA Match 8NOV2025 ,2025-11-08,4,Bay 4 ,c988fd21-1b97-427f-914a-26d650df7fab,Michael McCoy,56,50.15,28,55.23,Limited Optics,C,A100138,MINOR,,66.2798,60.1818,3.7236,22.29,13,,9,1,1,,,,,
3e93ea37-79a8-457c-9c13-a1c21e759c6f,Thunder Tactical Shooters USPSA Match 8NOV2025 ,2025-11-08,4,Bay 4 ,c988fd21-1b97-427f-914a-26d650df7fab,Coder Wang,57,49.34,2,68.06,PCC,C,A170259,MINOR,,81.6676,59.2056,3.6632,21.02,13,,6,4,1,,,,,
3e93ea37-79a8-457c-9c13-a1c21e759c6f,Thunder Tactical Shooters USPSA Match 8NOV2025 ,2025-11-08,4,Bay 4 ,c988fd21-1b97-427f-914a-26d650df7fab,"Byron ""BigBDaShooter"" McGowen",58,48.23,8,48.23,Open,D,A159731,MAJOR,Military,57.8706,57.8706,3.5806,31.00,17,,6,1,,,,,,
3e93ea37-79a8-457c-9c13-a1c21e759c6f,Thunder Tactical Shooters USPSA Match 8NOV2025 ,2025-11-08,4,Bay 4 ,c988fd21-1b97-427f-914a-26d650df7fab,Andrew Bowman,59,48.10,1,100.00,Single Stack,C,TY153695,MINOR,,120.0000,57.7219,3.5714,23.24,14,,7,2,1,,,,,
3e93ea37-79a8-457c-9c13-a1c21e759c6f,Thunder Tactical Shooters USPSA Match 8NOV2025 ,2025-11-08,4,Bay 4 ,c988fd21-1b97-427f-914a-26d650df7fab,Bob Purcell,60,48.02,29,52.89,Limited Optics,U,TY111994,MINOR,Super Senior,63.4639,57.6250,3.5654,29.73,17,,7,,,,,,,
3e93ea37-79a8-457c-9c13-a1c21e759c6f,Thunder Tactical Shooters USPSA Match 8NOV2025 ,2025-11-08,4,Bay 4 ,c988fd21-1b97-427f-914a-26d650df7fab,Waltz Noguerra,61,46.20,19,49.77,Carry Optics,C,A137731,MINOR,Senior,59.7206,55.4382,3.4301,26.53,17,,5,1,1,,,,,
3e93ea37-79a8-457c-9c13-a1c21e759c6f,Thunder Tactical Shooters USPSA Match 8NOV2025 ,2025-11-08,4,Bay 4 ,c988fd21-1b97-427f-914a-26d650df7fab,Fred Ermac,62,45.76,30,50.39,Limited Optics,U,A106437,MINOR,,60.4717,54.9081,3.3973,27.08,15,,9,,,,1,,,
3e93ea37-79a8-457c-9c13-a1c21e759c6f,Thunder Tactical Shooters USPSA Match 8NOV2025 ,2025-11-08,4,Bay 4 ,c988fd21-1b97-427f-914a-26d650df7fab,Jeremiah Hunt,63,45.65,2,94.90,Single Stack,U,a148592,MAJOR,,113.8780,54.7772,3.3892,28.62,19,,1,4,,,1,,,
3e93ea37-79a8-457c-9c13-a1c21e759c6f,Thunder Tactical Shooters USPSA Match 8NOV2025 ,2025-11-08,4,Bay 4 ,c988fd21-1b97-427f-914a-26d650df7fab,Virak Meas,64,45.15,31,49.73,Limited Optics,U,A155576,MINOR,Senior,59.6743,54.1840,3.3525,20.88,14,,6,2,2,,,,,
3e93ea37-79a8-457c-9c13-a1c21e759c6f,Thunder Tactical Shooters USPSA Match 8NOV2025 ,2025-11-08,4,Bay 4 ,c988fd21-1b97-427f-914a-26d650df7fab,GLENN McKinney,65,44.89,3,93.33,Single Stack,C,FY8311,MAJOR,Super Senior,111.9998,53.8737,3.3333,29.40,16,,6,2,,,1,,,
3e93ea37-79a8-457c-9c13-a1c21e759c6f,Thunder Tactical Shooters USPSA Match 8NOV2025 ,2025-11-08,4,Bay 4 ,c988fd21-1b97-427f-914a-26d650df7fab,Thomas Zhang,66,40.55,9,40.55,Open,U,A145116,MINOR,Law Enforcement; Military,48.6565,48.6565,3.0105,27.57,15,,5,3,1,,,,,
3e93ea37-79a8-457c-9c13-a1c21e759c6f,Thunder Tactical Shooters USPSA Match 8NOV2025 ,2025-11-08,4,Bay 4 ,c988fd21-1b97-427f-914a-26d650df7fab,Lee King,67,39.83,20,42.91,Carry Optics,C,A163654,MINOR,Super Senior,51.4888,47.7967,2.9573,36.52,20,,2,2,,,,,,
3e93ea37-79a8-457c-9c13-a1c21e759c6f,Thunder Tactical Shooters USPSA Match 8NOV2025 ,2025-11-08,4,Bay 4 ,c988fd21-1b97-427f-914a-26d650df7fab,Napoleon Lewis (LastActionHero),68,39.59,32,43.60,Limited Optics,C,A154149,MINOR,Senior; Military,52.3193,47.5058,2.9393,30.96,16,,7,,1,,,,,
3e93ea37-79a8-457c-9c13-a1c21e759c6f,Thunder Tactical Shooters USPSA Match 8NOV2025 ,2025-11-08,4,Bay 4 ,c988fd21-1b97-427f-914a-26d650df7fab,Valter Gonzalez,69,37.66,21,40.57,Carry Optics,U,A172969,MINOR,,48.6891,45.1978,2.7965,41.48,22,,2,,,,,,,
3e93ea37-79a8-457c-9c13-a1c21e759c6f,Thunder Tactical Shooters USPSA Match 8NOV2025 ,2025-11-08,4,Bay 4 ,c988fd21-1b97-427f-914a-26d650df7fab,Amber Chike-Udenze,70,35.74,3,49.30,PCC,B,A138974,MINOR,Lady,59.1551,42.8850,2.6534,18.09,9,,10,3,2,,,1,,
3e93ea37-79a8-457c-9c13-a1c21e759c6f,Thunder Tactical Shooters USPSA Match 8NOV2025 ,2025-11-08,4,Bay 4 ,c988fd21-1b97-427f-914a-26d650df7fab,Marshall Quigley,71,32.48,4,67.53,Single Stack,C,A162329,MAJOR,,81.0371,38.9802,2.4118,27.78,9,,13,,2,,,1,,
3e93ea37-79a8-457c-9c13-a1c21e759c6f,Thunder Tactical Shooters USPSA Match 8NOV2025 ,2025-11-08,4,Bay 4 ,c988fd21-1b97-427f-914a-26d650df7fab,Fares Al-Salim,72,30.96,33,34.10,Limited Optics,C,A171235,MINOR,,40.9203,37.1554,2.2989,20.88,13,,7,2,2,,1,1,,
3e93ea37-79a8-457c-9c13-a1c21e759c6f,Thunder Tactical Shooters USPSA Match 8NOV2025 ,2025-11-08,4,Bay 4 ,c988fd21-1b97-427f-914a-26d650df7fab,Justin Ledet,73,30.93,22,33.32,Carry Optics,U,A166201,MINOR,,39.9803,37.1134,2.2963,36.58,10,,10,4,,,,,,
3e93ea37-79a8-457c-9c13-a1c21e759c6f,Thunder Tactical Shooters USPSA Match 8NOV2025 ,2025-11-08,4,Bay 4 ,c988fd21-1b97-427f-914a-26d650df7fab,ian loyd,74,30.56,23,32.92,Carry Optics,U,A148072,MINOR,,39.5032,36.6706,2.2689,29.97,17,,4,1,2,,,1,,
3e93ea37-79a8-457c-9c13-a1c21e759c6f,Thunder Tactical Shooters USPSA Match 8NOV2025 ,2025-11-08,4,Bay 4 ,c988fd21-1b97-427f-914a-26d650df7fab,Emman Alcoseba,75,30.39,2,36.15,Limited,C,TY67519,MINOR,,43.3800,36.4734,2.2567,34.12,16,,5,2,1,,1,,,
3e93ea37-79a8-457c-9c13-a1c21e759c6f,Thunder Tactical Shooters USPSA Match 8NOV2025 ,2025-11-08,4,Bay 4 ,c988fd21-1b97-427f-914a-26d650df7fab,Charles Morris,76,24.63,24,26.54,Carry Optics,C,A75102,MINOR,Super Senior,31.8442,29.5608,1.8290,40.46,19,,3,,2,,,1,,
3e93ea37-79a8-457c-9c13-a1c21e759c6f,Thunder Tactical Shooters USPSA Match 8NOV2025 ,2025-11-08,4,Bay 4 ,c988fd21-1b97-427f-914a-26d650df7fab,Cole Bellamy,77,14.90,25,16.05,Carry Optics,D,ty148788,MINOR,Junior,19.2615,17.8803,1.1063,25.31,12,,5,3,4,,,1,,
3e93ea37-79a8-457c-9c13-a1c21e759c6f,Thunder Tactical Shooters USPSA Match 8NOV2025 ,2025-11-08,4,Bay 4 ,c988fd21-1b97-427f-914a-26d650df7fab,Matthew Lem,78,11.24,34,12.38,Limited Optics,A,A34763,MINOR,Senior; Law Enforcement,14.8612,13.4939,0.8349,15.57,11,,5,3,5,,,1,,
3e93ea37-79a8-457c-9c13-a1c21e759c6f,Thunder Tactical Shooters USPSA Match 8NOV2025 ,2025-11-08,4,Bay 4 ,c988fd21-1b97-427f-914a-26d650df7fab,Eric Mccampbell,79,0.00,5,0.00,Single Stack,C,A14332,MAJOR,Senior,0.0000,0.0000,,,,,,,,,,,,
3e93ea37-79a8-457c-9c13-a1c21e759c6f,Thunder Tactical Shooters USPSA Match 8NOV2025 ,2025-11-08,4,Bay 4 ,c988fd21-1b97-427f-914a-26d650df7fab,Phil Truong,80,0.00,10,0.00,Open,B,FY128600,MINOR,,0.0000,0.0000,0.0000,12.47,6,,5,1,12,,,6,,
3e93ea37-79a8-457c-9c13-a1c21e759c6f,Thunder Tactical Shooters USPSA Match 8NOV2025 ,2025-11-08,5,Bay 5,4f1023d2-7b31-428e-900d-f525c24278a8,Will Goglas,1,100.00,1,100.00,Open,B,A154790,MAJOR,,120.0000,120.0000,7.5172,14.50,13,,11,,,,,,,
3e93ea37-79a8-457c-9c13-a1c21e759c6f,Thunder Tactical Shooters USPSA Match 8NOV2025 ,2025-11-08,5,Bay 5,4f1023d2-7b31-428e-900d-f525c24278a8,Adam Bandiera,2,99.68,1,100.00,Carry Optics,A,A148375,MINOR,,120.0000,119.6217,7.4935,15.48,22,,2,,,,,,,
3e93ea37-79a8-457c-9c13-a1c21e759c6f,Thunder Tactical Shooters USPSA Match 8NOV2025 ,2025-11-08,5,Bay 5,4f1023d2-7b31-428e-900d-f525c24278a8,Jacob Tullis,3,99.53,1,100.00,Limited Optics,M,A140523,MINOR,,120.0000,119.4317,7.4816,14.97,20,,4,,,,,,,
3e93ea37-79a8-457c-9c13-a1c21e759c6f,Thunder Tactical Shooters USPSA Match 8NOV2025 ,2025-11-08,5,Bay 5,4f1023d2-7b31-428e-900d-f525c24278a8,Mike Junco,4,98.41,2,98.87,Limited Optics,M,FY34819,MINOR,Senior; Law Enforcement,118.6495,118.0876,7.3974,14.87,19,,5,,,,,,,
3e93ea37-79a8-457c-9c13-a1c21e759c6f,Thunder Tactical Shooters USPSA Match 8NOV2025 ,2025-11-08,5,Bay 5,4f1023d2-7b31-428e-900d-f525c24278a8,Tyler Denmon,5,96.78,3,97.24,Limited Optics,A,A156054,MINOR,,116.6879,116.1353,7.2751,15.12,19,,5,,,,,,,
3e93ea37-79a8-457c-9c13-a1c21e759c6f,Thunder Tactical Shooters USPSA Match 8NOV2025 ,2025-11-08,5,Bay 5,4f1023d2-7b31-428e-900d-f525c24278a8,Olayemi Bakare,6,95.43,2,95.43,Open,A,A105300,MAJOR,,114.5198,114.5198,7.1739,13.80,19,,3,1,1,,,,,
3e93ea37-79a8-457c-9c13-a1c21e759c6f,Thunder Tactical Shooters USPSA Match 8NOV2025 ,2025-11-08,5,Bay 5,4f1023d2-7b31-428e-900d-f525c24278a8,Zachary Ralston,7,95.34,1,100.00,Limited,A,A123081,MINOR,,120.0000,114.4096,7.1670,14.79,17,,7,,,,,,,
3e93ea37-79a8-457c-9c13-a1c21e759c6f,Thunder Tactical Shooters USPSA Match 8NOV2025 ,2025-11-08,5,Bay 5,4f1023d2-7b31-428e-900d-f525c24278a8,Karys Bellamy,8,90.94,4,91.38,Limited Optics,B,ty130774,MINOR,Lady; Junior,109.6530,109.1337,6.8365,14.92,20,,4,,,,1,,,
3e93ea37-79a8-457c-9c13-a1c21e759c6f,Thunder Tactical Shooters USPSA Match 8NOV2025 ,2025-11-08,5,Bay 5,4f1023d2-7b31-428e-900d-f525c24278a8,Alex Goben,9,90.85,2,91.14,Carry Optics,A,L5929,MINOR,,109.3636,109.0188,6.8293,16.40,20,,4,,,,,,,
3e93ea37-79a8-457c-9c13-a1c21e759c6f,Thunder Tactical Shooters USPSA Match 8NOV2025 ,2025-11-08,5,Bay 5,4f1023d2-7b31-428e-900d-f525c24278a8,Shawn Prosen,10,90.72,3,91.01,Carry Optics,B,A165388,MINOR,,109.2098,108.8655,6.8197,15.25,18,,4,2,,,,,,
3e93ea37-79a8-457c-9c13-a1c21e759c6f,Thunder Tactical Shooters USPSA Match 8NOV2025 ,2025-11-08,5,Bay 5,4f1023d2-7b31-428e-900d-f525c24278a8,Chez Chike-Udenze,11,90.20,3,90.20,Open,D,A138598,MAJOR,,108.2446,108.2446,6.7808,14.60,19,,3,1,1,,,,,
3e93ea37-79a8-457c-9c13-a1c21e759c6f,Thunder Tactical Shooters USPSA Match 8NOV2025 ,2025-11-08,5,Bay 5,4f1023d2-7b31-428e-900d-f525c24278a8,Drew Yang,12,89.70,5,90.13,Limited Optics,C,FY138478,MINOR,,108.1533,107.6411,6.7430,15.72,17,,7,,,,,,,
3e93ea37-79a8-457c-9c13-a1c21e759c6f,Thunder Tactical Shooters USPSA Match 8NOV2025 ,2025-11-08,5,Bay 5,4f1023d2-7b31-428e-900d-f525c24278a8,Anthony Fong,13,89.35,6,89.77,Limited Optics,M,A142224,MINOR,,107.7267,107.2165,6.7164,16.08,19,,4,1,,,,,,
3e93ea37-79a8-457c-9c13-a1c21e759c6f,Thunder Tactical Shooters USPSA Match 8NOV2025 ,2025-11-08,5,Bay 5,4f1023d2-7b31-428e-900d-f525c24278a8,Michael Hanover,14,89.14,4,89.42,Carry Optics,A,TY146302,MINOR,,107.3042,106.9659,6.7007,13.73,11,,12,1,,,,,,
3e93ea37-79a8-457c-9c13-a1c21e759c6f,Thunder Tactical Shooters USPSA Match 8NOV2025 ,2025-11-08,5,Bay 5,4f1023d2-7b31-428e-900d-f525c24278a8,Brandon Foss,15,87.10,5,87.38,Carry Optics,M,L5142,MINOR,,104.8525,104.5219,6.5476,16.80,19,,5,,,,,,,
3e93ea37-79a8-457c-9c13-a1c21e759c6f,Thunder Tactical Shooters USPSA Match 8NOV2025 ,2025-11-08,5,Bay 5,4f1023d2-7b31-428e-900d-f525c24278a8,Colin Kerrigan,16,85.98,6,86.26,Carry Optics,M,A142731,MINOR,,103.5073,103.1810,6.4636,16.09,18,,4,2,,,,,,
3e93ea37-79a8-457c-9c13-a1c21e759c6f,Thunder Tactical Shooters USPSA Match 8NOV2025 ,2025-11-08,5,Bay 5,4f1023d2-7b31-428e-900d-f525c24278a8,Paul Felker,17,85.72,7,86.12,Limited Optics,A,Ty107123,MINOR,,103.3496,102.8601,6.4435,15.83,15,,9,,,,,,,
3e93ea37-79a8-457c-9c13-a1c21e759c6f,Thunder Tactical Shooters USPSA Match 8NOV2025 ,2025-11-08,5,Bay 5,4f1023d2-7b31-428e-900d-f525c24278a8,Rudy Widiaman,18,84.98,8,85.38,Limited Optics,X,X,MINOR,,102.4578,101.9725,6.3879,17.22,19,,5,,,,,,,
3e93ea37-79a8-457c-9c13-a1c21e759c6f,Thunder Tactical Shooters USPSA Match 8NOV2025 ,2025-11-08,5,Bay 5,4f1023d2-7b31-428e-900d-f525c24278a8,John Ren,19,84.52,7,84.78,Carry Optics,B,A168570,MINOR,,101.7394,101.4186,6.3532,15.74,14,,10,,,,,,,
3e93ea37-79a8-457c-9c13-a1c21e759c6f,Thunder Tactical Shooters USPSA Match 8NOV2025 ,2025-11-08,5,Bay 5,4f1023d2-7b31-428e-900d-f525c24278a8,Heath Helgeson,20,83.59,9,83.99,Limited Optics,A,A149129,MINOR,,100.7881,100.3108,6.2838,14.80,18,,4,1,1,,,,,
3e93ea37-79a8-457c-9c13-a1c21e759c6f,Thunder Tactical Shooters USPSA Match 8NOV2025 ,2025-11-08,5,Bay 5,4f1023d2-7b31-428e-900d-f525c24278a8,Craig Bellamy,21,83.14,8,83.41,Carry Optics,G,ty54824,MINOR,Law Enforcement,100.0867,99.7712,6.2500,12.48,16,,6,,2,,,,,
3e93ea37-79a8-457c-9c13-a1c21e759c6f,Thunder Tactical Shooters USPSA Match 8NOV2025 ,2025-11-08,5,Bay 5,4f1023d2-7b31-428e-900d-f525c24278a8,Dan Ausmus,22,82.71,10,83.11,Limited Optics,U,L6447,MINOR,,99.7263,99.2540,6.2176,19.30,24,,,,,,,,,
3e93ea37-79a8-457c-9c13-a1c21e759c6f,Thunder Tactical Shooters USPSA Match 8NOV2025 ,2025-11-08,5,Bay 5,4f1023d2-7b31-428e-900d-f525c24278a8,Yanlin Xiang,23,82.54,11,82.94,Limited Optics,B,A164967,MINOR,,99.5242,99.0528,6.2050,18.05,20,,4,,,,,,,
3e93ea37-79a8-457c-9c13-a1c21e759c6f,Thunder Tactical Shooters USPSA Match 8NOV2025 ,2025-11-08,5,Bay 5,4f1023d2-7b31-428e-900d-f525c24278a8,Manny Nerona,24,81.35,12,81.73,Limited Optics,B,A69445,MINOR,,98.0790,97.6145,6.1149,18.97,22,,2,,,,,,,
3e93ea37-79a8-457c-9c13-a1c21e759c6f,Thunder Tactical Shooters USPSA Match 8NOV2025 ,2025-11-08,5,Bay 5,4f1023d2-7b31-428e-900d-f525c24278a8,Michael McCoy,25,79.42,13,79.80,Limited Optics,C,A100138,MINOR,,95.7565,95.3030,5.9701,17.42,17,,6,1,,,,,,
3e93ea37-79a8-457c-9c13-a1c21e759c6f,Thunder Tactical Shooters USPSA Match 8NOV2025 ,2025-11-08,5,Bay 5,4f1023d2-7b31-428e-900d-f525c24278a8,Hugh “Skippy” Fullerton,26,78.03,14,78.40,Limited Optics,B,A140572,MINOR,,94.0772,93.6317,5.8654,17.39,17,,5,2,,,,,,
3e93ea37-79a8-457c-9c13-a1c21e759c6f,Thunder Tactical Shooters USPSA Match 8NOV2025 ,2025-11-08,5,Bay 5,4f1023d2-7b31-428e-900d-f525c24278a8,Albert Legislador,27,77.66,4,77.66,Open,C,TY91787,MAJOR,Senior,93.1975,93.1975,5.8382,18.67,13,,11,,,,,,,
3e93ea37-79a8-457c-9c13-a1c21e759c6f,Thunder Tactical Shooters USPSA Match 8NOV2025 ,2025-11-08,5,Bay 5,4f1023d2-7b31-428e-900d-f525c24278a8,David Zhang,28,77.38,15,77.75,Limited Optics,B,FY140383,MINOR,,93.2945,92.8527,5.8166,17.88,17,,6,1,,,,,,
3e93ea37-79a8-457c-9c13-a1c21e759c6f,Thunder Tactical Shooters USPSA Match 8NOV2025 ,2025-11-08,5,Bay 5,4f1023d2-7b31-428e-900d-f525c24278a8,Phillip Nguyen,29,77.37,16,77.74,Limited Optics,M,TY152423,MINOR,,93.2897,92.8479,5.8163,15.13,21,,1,,2,,,,,
3e93ea37-79a8-457c-9c13-a1c21e759c6f,Thunder Tactical Shooters USPSA Match 8NOV2025 ,2025-11-08,5,Bay 5,4f1023d2-7b31-428e-900d-f525c24278a8,Robert Strong,30,76.57,5,76.57,Open,C,TY135331,MAJOR,,91.8821,91.8821,5.7558,19.98,19,,5,,,,,,,
3e93ea37-79a8-457c-9c13-a1c21e759c6f,Thunder Tactical Shooters USPSA Match 8NOV2025 ,2025-11-08,5,Bay 5,4f1023d2-7b31-428e-900d-f525c24278a8,Ulrick Fong,31,75.76,1,100.00,PCC,B,A170351,MINOR,Senior,120.0000,90.9083,5.6948,17.56,16,,6,2,,,,,,
3e93ea37-79a8-457c-9c13-a1c21e759c6f,Thunder Tactical Shooters USPSA Match 8NOV2025 ,2025-11-08,5,Bay 5,4f1023d2-7b31-428e-900d-f525c24278a8,Ivan Velazquez,32,74.59,9,74.82,Carry Optics,A,A108486,MINOR,,89.7882,89.5051,5.6069,16.23,16,,7,,1,,,,,
3e93ea37-79a8-457c-9c13-a1c21e759c6f,Thunder Tactical Shooters USPSA Match 8NOV2025 ,2025-11-08,5,Bay 5,4f1023d2-7b31-428e-900d-f525c24278a8,Matthew Lem,33,74.14,17,74.49,Limited Optics,A,A34763,MINOR,Senior; Law Enforcement,89.3889,88.9656,5.5731,19.02,17,,7,,,,,,,
3e93ea37-79a8-457c-9c13-a1c21e759c6f,Thunder Tactical Shooters USPSA Match 8NOV2025 ,2025-11-08,5,Bay 5,4f1023d2-7b31-428e-900d-f525c24278a8,Virak Meas,34,73.14,18,73.49,Limited Optics,U,A155576,MINOR,Senior,88.1892,87.7715,5.4983,17.46,14,,8,2,,,,,,
3e93ea37-79a8-457c-9c13-a1c21e759c6f,Thunder Tactical Shooters USPSA Match 8NOV2025 ,2025-11-08,5,Bay 5,4f1023d2-7b31-428e-900d-f525c24278a8,Gennady Khokhorin,35,72.97,1,100.00,Production,B,A123884,MINOR,Super Senior,120.0000,87.5672,5.4855,18.23,15,,8,1,,,,,,
3e93ea37-79a8-457c-9c13-a1c21e759c6f,Thunder Tactical Shooters USPSA Match 8NOV2025 ,2025-11-08,5,Bay 5,4f1023d2-7b31-428e-900d-f525c24278a8,Jon Baguio,36,72.88,6,72.88,Open,C,X,MAJOR,,87.4586,87.4586,5.4787,18.07,17,,6,,1,,,,,
3e93ea37-79a8-457c-9c13-a1c21e759c6f,Thunder Tactical Shooters USPSA Match 8NOV2025 ,2025-11-08,5,Bay 5,4f1023d2-7b31-428e-900d-f525c24278a8,Eugene Rivers III,37,72.79,10,73.02,Carry Optics,A,A162193,MINOR,,87.6247,87.3485,5.4718,17.91,14,,9,1,,,,,,
3e93ea37-79a8-457c-9c13-a1c21e759c6f,Thunder Tactical Shooters USPSA Match 8NOV2025 ,2025-11-08,5,Bay 5,4f1023d2-7b31-428e-900d-f525c24278a8,Travis McKenzie,38,72.26,11,72.49,Carry Optics,M,L6340,MINOR,,86.9906,86.7163,5.4322,17.12,17,,6,,1,,,,,
3e93ea37-79a8-457c-9c13-a1c21e759c6f,Thunder Tactical Shooters USPSA Match 8NOV2025 ,2025-11-08,5,Bay 5,4f1023d2-7b31-428e-900d-f525c24278a8,Eric Wu,39,72.06,19,72.41,Limited Optics,B,FY104740,MINOR,,86.8868,86.4753,5.4171,18.46,15,,8,1,,,,,,
3e93ea37-79a8-457c-9c13-a1c21e759c6f,Thunder Tactical Shooters USPSA Match 8NOV2025 ,2025-11-08,5,Bay 5,4f1023d2-7b31-428e-900d-f525c24278a8,Sean Finnerty,40,71.98,20,72.32,Limited Optics,U,A166724,MINOR,,86.7825,86.3715,5.4106,20.70,20,,4,,,,,,,
3e93ea37-79a8-457c-9c13-a1c21e759c6f,Thunder Tactical Shooters USPSA Match 8NOV2025 ,2025-11-08,5,Bay 5,4f1023d2-7b31-428e-900d-f525c24278a8,Gary Wu,41,71.67,21,72.01,Limited Optics,B,L2998,MINOR,Senior,86.4104,86.0012,5.3874,16.52,16,,6,1,1,,,,,
3e93ea37-79a8-457c-9c13-a1c21e759c6f,Thunder Tactical Shooters USPSA Match 8NOV2025 ,2025-11-08,5,Bay 5,4f1023d2-7b31-428e-900d-f525c24278a8,Jeremiah Hunt,42,71.58,1,100.00,Single Stack,U,a148592,MAJOR,,120.0000,85.8942,5.3807,19.70,14,,8,2,,,,,,
3e93ea37-79a8-457c-9c13-a1c21e759c6f,Thunder Tactical Shooters USPSA Match 8NOV2025 ,2025-11-08,5,Bay 5,4f1023d2-7b31-428e-900d-f525c24278a8,Thomas Zhang,43,70.99,7,70.99,Open,U,A145116,MINOR,Law Enforcement; Military,85.1854,85.1854,5.3363,17.99,14,,8,2,,,,,,
3e93ea37-79a8-457c-9c13-a1c21e759c6f,Thunder Tactical Shooters USPSA Match 8NOV2025 ,2025-11-08,5,Bay 5,4f1023d2-7b31-428e-900d-f525c24278a8,chris bulkley,44,69.52,12,69.74,Carry Optics,B,A159469,MINOR,,83.6933,83.4295,5.2263,21.43,20,,4,,,,,,,
3e93ea37-79a8-457c-9c13-a1c21e759c6f,Thunder Tactical Shooters USPSA Match 8NOV2025 ,2025-11-08,5,Bay 5,4f1023d2-7b31-428e-900d-f525c24278a8,Travis Edwards,45,69.51,22,69.84,Limited Optics,A,A107004,MINOR,,83.8088,83.4119,5.2252,16.65,15,,7,1,1,,,,,
3e93ea37-79a8-457c-9c13-a1c21e759c6f,Thunder Tactical Shooters USPSA Match 8NOV2025 ,2025-11-08,5,Bay 5,4f1023d2-7b31-428e-900d-f525c24278a8,Andre Wijaya,46,69.34,13,69.56,Carry Optics,U,A172696,MINOR,,83.4723,83.2092,5.2125,17.65,16,,7,1,,,,1,,
3e93ea37-79a8-457c-9c13-a1c21e759c6f,Thunder Tactical Shooters USPSA Match 8NOV2025 ,2025-11-08,5,Bay 5,4f1023d2-7b31-428e-900d-f525c24278a8,Michael Pontious,47,68.36,23,68.68,Limited Optics,B,A94575,MINOR,Super Senior,82.4198,82.0295,5.1386,17.32,15,,8,,1,,,,,
3e93ea37-79a8-457c-9c13-a1c21e759c6f,Thunder Tactical Shooters USPSA Match 8NOV2025 ,2025-11-08,5,Bay 5,4f1023d2-7b31-428e-900d-f525c24278a8,Marcus Carrow,48,67.19,14,67.40,Carry Optics,B,A164691,MINOR,,80.8781,80.6231,5.0505,18.81,18,,5,,1,,,,,
3e93ea37-79a8-457c-9c13-a1c21e759c6f,Thunder Tactical Shooters USPSA Match 8NOV2025 ,2025-11-08,5,Bay 5,4f1023d2-7b31-428e-900d-f525c24278a8,Napoleon Lewis (LastActionHero),49,66.75,24,67.07,Limited Optics,C,A154149,MINOR,Senior; Military,80.4790,80.0979,5.0176,22.72,21,,3,,,,,,,
3e93ea37-79a8-457c-9c13-a1c21e759c6f,Thunder Tactical Shooters USPSA Match 8NOV2025 ,2025-11-08,5,Bay 5,4f1023d2-7b31-428e-900d-f525c24278a8,Fares Al-Salim,50,66.23,25,66.55,Limited Optics,C,A171235,MINOR,,79.8583,79.4801,4.9789,21.29,17,,7,,,,,,,
3e93ea37-79a8-457c-9c13-a1c21e759c6f,Thunder Tactical Shooters USPSA Match 8NOV2025 ,2025-11-08,5,Bay 5,4f1023d2-7b31-428e-900d-f525c24278a8,FRANCIS NGUYEN,51,66.19,26,66.51,Limited Optics,U,A169979,MINOR,,79.8070,79.4290,4.9757,16.48,15,,9,,,,,2,,
3e93ea37-79a8-457c-9c13-a1c21e759c6f,Thunder Tactical Shooters USPSA Match 8NOV2025 ,2025-11-08,5,Bay 5,4f1023d2-7b31-428e-900d-f525c24278a8,NeaL NaNDiN,52,66.10,8,66.10,Open,C,FY71894,MAJOR,,79.3253,79.3253,4.9692,22.74,17,,7,,,,,,,
3e93ea37-79a8-457c-9c13-a1c21e759c6f,Thunder Tactical Shooters USPSA Match 8NOV2025 ,2025-11-08,5,Bay 5,4f1023d2-7b31-428e-900d-f525c24278a8,Amber Chike-Udenze,53,63.70,2,84.08,PCC,B,A138974,MINOR,Lady,100.8963,76.4359,4.7882,16.29,16,,6,,2,,,,,
3e93ea37-79a8-457c-9c13-a1c21e759c6f,Thunder Tactical Shooters USPSA Match 8NOV2025 ,2025-11-08,5,Bay 5,4f1023d2-7b31-428e-900d-f525c24278a8,GLENN McKinney,54,62.93,2,87.92,Single Stack,C,FY8311,MAJOR,Super Senior,105.5082,75.5212,4.7309,23.04,17,,5,2,,,,,,
3e93ea37-79a8-457c-9c13-a1c21e759c6f,Thunder Tactical Shooters USPSA Match 8NOV2025 ,2025-11-08,5,Bay 5,4f1023d2-7b31-428e-900d-f525c24278a8,Coder Wang,55,61.53,3,81.22,PCC,C,A170259,MINOR,,97.4700,73.8403,4.6256,18.16,9,,12,3,,,,,,
3e93ea37-79a8-457c-9c13-a1c21e759c6f,Thunder Tactical Shooters USPSA Match 8NOV2025 ,2025-11-08,5,Bay 5,4f1023d2-7b31-428e-900d-f525c24278a8,Kenedy Nguyen,56,61.23,27,61.52,Limited Optics,C,A83862,MINOR,,73.8211,73.4715,4.6025,16.73,11,,10,2,1,,,,,
3e93ea37-79a8-457c-9c13-a1c21e759c6f,Thunder Tactical Shooters USPSA Match 8NOV2025 ,2025-11-08,5,Bay 5,4f1023d2-7b31-428e-900d-f525c24278a8,Marlon Pors,57,60.87,28,61.16,Limited Optics,C,Ty1234,MINOR,Law Enforcement,73.3880,73.0405,4.5755,21.20,20,,2,1,1,,,,,
3e93ea37-79a8-457c-9c13-a1c21e759c6f,Thunder Tactical Shooters USPSA Match 8NOV2025 ,2025-11-08,5,Bay 5,4f1023d2-7b31-428e-900d-f525c24278a8,Jerry Bedro,58,59.81,29,60.10,Limited Optics,B,A98263,MINOR,,72.1177,71.7762,4.4963,24.02,19,,4,1,,,,,,
3e93ea37-79a8-457c-9c13-a1c21e759c6f,Thunder Tactical Shooters USPSA Match 8NOV2025 ,2025-11-08,5,Bay 5,4f1023d2-7b31-428e-900d-f525c24278a8,Fred Ermac,59,59.22,30,59.50,Limited Optics,U,A106437,MINOR,,71.4056,71.0674,4.4519,23.81,18,,5,1,,,,,,
3e93ea37-79a8-457c-9c13-a1c21e759c6f,Thunder Tactical Shooters USPSA Match 8NOV2025 ,2025-11-08,5,Bay 5,4f1023d2-7b31-428e-900d-f525c24278a8,Keith Bowman Jr,60,58.33,31,58.61,Limited Optics,C,A157830,MINOR,,70.3261,69.9931,4.3846,18.93,13,,9,1,1,,,,,
3e93ea37-79a8-457c-9c13-a1c21e759c6f,Thunder Tactical Shooters USPSA Match 8NOV2025 ,2025-11-08,5,Bay 5,4f1023d2-7b31-428e-900d-f525c24278a8,Marshall Quigley,61,57.24,3,79.97,Single Stack,C,A162329,MAJOR,,95.9674,68.6921,4.3031,21.38,14,,7,2,1,,,,,
3e93ea37-79a8-457c-9c13-a1c21e759c6f,Thunder Tactical Shooters USPSA Match 8NOV2025 ,2025-11-08,5,Bay 5,4f1023d2-7b31-428e-900d-f525c24278a8,Stephanie Marie,62,55.43,15,55.60,Carry Optics,B,A139099,MINOR,Lady,66.7250,66.5147,4.1667,18.48,11,,10,2,1,,,,,
3e93ea37-79a8-457c-9c13-a1c21e759c6f,Thunder Tactical Shooters USPSA Match 8NOV2025 ,2025-11-08,5,Bay 5,4f1023d2-7b31-428e-900d-f525c24278a8,Andrew Bowman,63,51.39,4,71.79,Single Stack,C,TY153695,MINOR,,86.1479,61.6634,3.8628,23.04,17,,4,2,1,,,,,
3e93ea37-79a8-457c-9c13-a1c21e759c6f,Thunder Tactical Shooters USPSA Match 8NOV2025 ,2025-11-08,5,Bay 5,4f1023d2-7b31-428e-900d-f525c24278a8,Harlan Chen,64,50.39,32,50.63,Limited Optics,C,A163292,MINOR,,60.7555,60.4677,3.7879,19.80,11,,9,3,1,,,,,
3e93ea37-79a8-457c-9c13-a1c21e759c6f,Thunder Tactical Shooters USPSA Match 8NOV2025 ,2025-11-08,5,Bay 5,4f1023d2-7b31-428e-900d-f525c24278a8,"Ross ""Riff Raff"" Pimentel",65,49.32,33,49.55,Limited Optics,C,A157753,MINOR,Senior,59.4643,59.1827,3.7074,20.23,14,,8,1,1,,1,,,
3e93ea37-79a8-457c-9c13-a1c21e759c6f,Thunder Tactical Shooters USPSA Match 8NOV2025 ,2025-11-08,5,Bay 5,4f1023d2-7b31-428e-900d-f525c24278a8,Emman Alcoseba,66,48.69,2,51.07,Limited,C,TY67519,MINOR,,61.2825,58.4276,3.6601,23.77,17,,3,3,1,,,,,
3e93ea37-79a8-457c-9c13-a1c21e759c6f,Thunder Tactical Shooters USPSA Match 8NOV2025 ,2025-11-08,5,Bay 5,4f1023d2-7b31-428e-900d-f525c24278a8,Bob Purcell,67,48.28,34,48.51,Limited Optics,U,TY111994,MINOR,Super Senior,58.2068,57.9311,3.6290,29.76,18,,6,,,,,,,
3e93ea37-79a8-457c-9c13-a1c21e759c6f,Thunder Tactical Shooters USPSA Match 8NOV2025 ,2025-11-08,5,Bay 5,4f1023d2-7b31-428e-900d-f525c24278a8,ian loyd,68,45.11,16,45.25,Carry Optics,U,A148072,MINOR,,54.3015,54.1303,3.3909,32.44,19,,5,,,,,,,
3e93ea37-79a8-457c-9c13-a1c21e759c6f,Thunder Tactical Shooters USPSA Match 8NOV2025 ,2025-11-08,5,Bay 5,4f1023d2-7b31-428e-900d-f525c24278a8,Waltz Noguerra,69,44.44,17,44.59,Carry Optics,C,A137731,MINOR,Senior,53.5024,53.3337,3.3410,26.04,16,,5,2,1,,,,,
3e93ea37-79a8-457c-9c13-a1c21e759c6f,Thunder Tactical Shooters USPSA Match 8NOV2025 ,2025-11-08,5,Bay 5,4f1023d2-7b31-428e-900d-f525c24278a8,Paul Torre,70,44.09,18,44.23,Carry Optics,B,TY88028,MINOR,Law Enforcement,53.0812,52.9139,3.3147,28.66,19,,3,1,1,,,,,
3e93ea37-79a8-457c-9c13-a1c21e759c6f,Thunder Tactical Shooters USPSA Match 8NOV2025 ,2025-11-08,5,Bay 5,4f1023d2-7b31-428e-900d-f525c24278a8,"Byron ""BigBDaShooter"" McGowen",71,42.29,9,42.29,Open,D,A159731,MAJOR,Military,50.7508,50.7508,3.1792,31.14,17,,6,,1,,,,,
3e93ea37-79a8-457c-9c13-a1c21e759c6f,Thunder Tactical Shooters USPSA Match 8NOV2025 ,2025-11-08,5,Bay 5,4f1023d2-7b31-428e-900d-f525c24278a8,henry pham,72,39.71,19,39.84,Carry Optics,U,A171802,MINOR,,47.8030,47.6523,2.9851,19.43,16,,6,,2,,,2,,
3e93ea37-79a8-457c-9c13-a1c21e759c6f,Thunder Tactical Shooters USPSA Match 8NOV2025 ,2025-11-08,5,Bay 5,4f1023d2-7b31-428e-900d-f525c24278a8,Valter Gonzalez,73,38.14,20,38.26,Carry Optics,U,A172969,MINOR,,45.9134,45.7686,2.8671,28.60,19,,2,1,2,,,,,
3e93ea37-79a8-457c-9c13-a1c21e759c6f,Thunder Tactical Shooters USPSA Match 8NOV2025 ,2025-11-08,5,Bay 5,4f1023d2-7b31-428e-900d-f525c24278a8,Lee King,74,37.78,21,37.90,Carry Optics,C,A163654,MINOR,Super Senior,45.4826,45.3392,2.8402,33.80,14,,8,2,,,,,,
3e93ea37-79a8-457c-9c13-a1c21e759c6f,Thunder Tactical Shooters USPSA Match 8NOV2025 ,2025-11-08,5,Bay 5,4f1023d2-7b31-428e-900d-f525c24278a8,Jay Bennett,75,34.90,22,35.01,Carry Optics,A,A77156,MINOR,Super Senior,42.0124,41.8800,2.6235,29.35,11,,10,2,1,,,,,
3e93ea37-79a8-457c-9c13-a1c21e759c6f,Thunder Tactical Shooters USPSA Match 8NOV2025 ,2025-11-08,5,Bay 5,4f1023d2-7b31-428e-900d-f525c24278a8,Charles Morris,76,34.04,23,34.15,Carry Optics,C,A75102,MINOR,Super Senior,40.9763,40.8471,2.5588,34.00,20,,2,1,1,,1,,,
3e93ea37-79a8-457c-9c13-a1c21e759c6f,Thunder Tactical Shooters USPSA Match 8NOV2025 ,2025-11-08,5,Bay 5,4f1023d2-7b31-428e-900d-f525c24278a8,Justin Ledet,77,33.91,24,34.01,Carry Optics,U,A166201,MINOR,,40.8178,40.6891,2.5489,33.74,10,,11,3,,,,,,
3e93ea37-79a8-457c-9c13-a1c21e759c6f,Thunder Tactical Shooters USPSA Match 8NOV2025 ,2025-11-08,5,Bay 5,4f1023d2-7b31-428e-900d-f525c24278a8,Cole Bellamy,78,32.11,25,32.21,Carry Optics,D,ty148788,MINOR,Junior,38.6511,38.5292,2.4136,42.26,16,,7,1,,,,,,
3e93ea37-79a8-457c-9c13-a1c21e759c6f,Thunder Tactical Shooters USPSA Match 8NOV2025 ,2025-11-08,5,Bay 5,4f1023d2-7b31-428e-900d-f525c24278a8,Eric Mccampbell,79,0.00,5,0.00,Single Stack,C,A14332,MAJOR,Senior,0.0000,0.0000,,,,,,,,,,,,
3e93ea37-79a8-457c-9c13-a1c21e759c6f,Thunder Tactical Shooters USPSA Match 8NOV2025 ,2025-11-08,5,Bay 5,4f1023d2-7b31-428e-900d-f525c24278a8,Phil Truong,80,0.00,10,0.00,Open,B,FY128600,MINOR,,0.0000,0.0000,,,,,,,,,,,,
3e93ea37-79a8-457c-9c13-a1c21e759c6f,Thunder Tactical Shooters USPSA Match 8NOV2025 ,2025-11-08,6,Bay 6,b32852fb-c17c-4317-9e59-3a87390ee7c2,Colin Kerrigan,1,100.00,1,100.00,Carry Optics,M,A142731,MINOR,,130.0000,130.0000,9.8847,12.14,21,,5,,,,,,,
3e93ea37-79a8-457c-9c13-a1c21e759c6f,Thunder Tactical Shooters USPSA Match 8NOV2025 ,2025-11-08,6,Bay 6,b32852fb-c17c-4317-9e59-3a87390ee7c2,Brandon Foss,2,97.34,2,97.34,Carry Optics,M,L5142,MINOR,,126.5385,126.5385,9.6215,12.68,22,,4,,,,,,,
3e93ea37-79a8-457c-9c13-a1c21e759c6f,Thunder Tactical Shooters USPSA Match 8NOV2025 ,2025-11-08,6,Bay 6,b32852fb-c17c-4317-9e59-3a87390ee7c2,Anthony Fong,3,93.31,1,100.00,Limited Optics,M,A142224,MINOR,,130.0000,121.3068,9.2237,13.01,21,,5,,,,,,,
3e93ea37-79a8-457c-9c13-a1c21e759c6f,Thunder Tactical Shooters USPSA Match 8NOV2025 ,2025-11-08,6,Bay 6,b32852fb-c17c-4317-9e59-3a87390ee7c2,Mike Junco,4,93.15,2,99.82,Limited Optics,M,FY34819,MINOR,Senior; Law Enforcement,129.7717,121.0937,9.2075,13.25,22,,4,,,,,,,
3e93ea37-79a8-457c-9c13-a1c21e759c6f,Thunder Tactical Shooters USPSA Match 8NOV2025 ,2025-11-08,6,Bay 6,b32852fb-c17c-4317-9e59-3a87390ee7c2,Robert Strong,5,92.25,1,100.00,Open,C,TY135331,MAJOR,,130.0000,119.9272,9.1188,13.05,17,,8,1,,,,,,
3e93ea37-79a8-457c-9c13-a1c21e759c6f,Thunder Tactical Shooters USPSA Match 8NOV2025 ,2025-11-08,6,Bay 6,b32852fb-c17c-4317-9e59-3a87390ee7c2,Olayemi Bakare,6,92.10,2,99.84,Open,A,A105300,MAJOR,,129.7919,119.7351,9.1042,13.73,21,,5,,,,,,,
3e93ea37-79a8-457c-9c13-a1c21e759c6f,Thunder Tactical Shooters USPSA Match 8NOV2025 ,2025-11-08,6,Bay 6,b32852fb-c17c-4317-9e59-3a87390ee7c2,Chez Chike-Udenze,7,90.96,3,98.61,Open,D,A138598,MAJOR,,128.1866,118.2543,8.9916,11.90,17,,8,,1,,,,,
3e93ea37-79a8-457c-9c13-a1c21e759c6f,Thunder Tactical Shooters USPSA Match 8NOV2025 ,2025-11-08,6,Bay 6,b32852fb-c17c-4317-9e59-3a87390ee7c2,Heath Helgeson,8,89.79,3,96.22,Limited Optics,A,A149129,MINOR,,125.0896,116.7247,8.8753,13.07,19,,7,,,,,,,
3e93ea37-79a8-457c-9c13-a1c21e759c6f,Thunder Tactical Shooters USPSA Match 8NOV2025 ,2025-11-08,6,Bay 6,b32852fb-c17c-4317-9e59-3a87390ee7c2,Jacob Tullis,9,89.02,4,95.40,Limited Optics,M,A140523,MINOR,,124.0185,115.7252,8.7993,12.16,21,,4,,1,,,,,
3e93ea37-79a8-457c-9c13-a1c21e759c6f,Thunder Tactical Shooters USPSA Match 8NOV2025 ,2025-11-08,6,Bay 6,b32852fb-c17c-4317-9e59-3a87390ee7c2,Karys Bellamy,10,87.34,5,93.60,Limited Optics,B,ty130774,MINOR,Lady; Junior,121.6760,113.5394,8.6331,13.90,22,,3,1,,,,,,
3e93ea37-79a8-457c-9c13-a1c21e759c6f,Thunder Tactical Shooters USPSA Match 8NOV2025 ,2025-11-08,6,Bay 6,b32852fb-c17c-4317-9e59-3a87390ee7c2,Paul Torre,11,86.44,3,86.44,Carry Optics,B,TY88028,MINOR,Law Enforcement,112.3742,112.3742,8.5445,13.81,20,,6,,,,,,,
3e93ea37-79a8-457c-9c13-a1c21e759c6f,Thunder Tactical Shooters USPSA Match 8NOV2025 ,2025-11-08,6,Bay 6,b32852fb-c17c-4317-9e59-3a87390ee7c2,Phillip Nguyen,12,83.09,6,89.04,Limited Optics,M,TY152423,MINOR,,115.7537,108.0131,8.2129,13.15,18,,5,3,,,,,,
3e93ea37-79a8-457c-9c13-a1c21e759c6f,Thunder Tactical Shooters USPSA Match 8NOV2025 ,2025-11-08,6,Bay 6,b32852fb-c17c-4317-9e59-3a87390ee7c2,Matthew Lem,13,82.53,7,88.44,Limited Optics,A,A34763,MINOR,Senior; Law Enforcement,114.9757,107.2871,8.1577,14.71,21,,5,,,,,,,
3e93ea37-79a8-457c-9c13-a1c21e759c6f,Thunder Tactical Shooters USPSA Match 8NOV2025 ,2025-11-08,6,Bay 6,b32852fb-c17c-4317-9e59-3a87390ee7c2,Tyler Denmon,14,81.72,8,87.58,Limited Optics,A,A156054,MINOR,,113.8495,106.2363,8.0778,13.37,17,,7,2,,,,,,
3e93ea37-79a8-457c-9c13-a1c21e759c6f,Thunder Tactical Shooters USPSA Match 8NOV2025 ,2025-11-08,6,Bay 6,b32852fb-c17c-4317-9e59-3a87390ee7c2,Ulrick Fong,15,81.71,1,100.00,PCC,B,A170351,MINOR,Senior,130.0000,106.2218,8.0767,14.61,20,,6,,,,,,,
3e93ea37-79a8-457c-9c13-a1c21e759c6f,Thunder Tactical Shooters USPSA Match 8NOV2025 ,2025-11-08,6,Bay 6,b32852fb-c17c-4317-9e59-3a87390ee7c2,Ivan Velazquez,16,80.25,4,80.25,Carry Optics,A,A108486,MINOR,,104.3241,104.3241,7.9324,15.38,22,,4,,,,,,,
3e93ea37-79a8-457c-9c13-a1c21e759c6f,Thunder Tactical Shooters USPSA Match 8NOV2025 ,2025-11-08,6,Bay 6,b32852fb-c17c-4317-9e59-3a87390ee7c2,Shawn Prosen,17,79.40,5,79.40,Carry Optics,B,A165388,MINOR,,103.2180,103.2180,7.8483,15.29,21,,5,,,,,,,
3e93ea37-79a8-457c-9c13-a1c21e759c6f,Thunder Tactical Shooters USPSA Match 8NOV2025 ,2025-11-08,6,Bay 6,b32852fb-c17c-4317-9e59-3a87390ee7c2,Zachary Ralston,18,79.19,1,100.00,Limited,A,A123081,MINOR,,130.0000,102.9418,7.8273,14.82,20,,5,1,,,,,,
3e93ea37-79a8-457c-9c13-a1c21e759c6f,Thunder Tactical Shooters USPSA Match 8NOV2025 ,2025-11-08,6,Bay 6,b32852fb-c17c-4317-9e59-3a87390ee7c2,Drew Yang,19,77.50,9,83.05,Limited Optics,C,FY138478,MINOR,,107.9709,100.7508,7.6607,14.62,17,,9,,,,,,,
3e93ea37-79a8-457c-9c13-a1c21e759c6f,Thunder Tactical Shooters USPSA Match 8NOV2025 ,2025-11-08,6,Bay 6,b32852fb-c17c-4317-9e59-3a87390ee7c2,Phil Truong,20,76.85,4,83.31,Open,B,FY128600,MINOR,,108.3005,99.9091,7.5967,14.48,20,,2,4,,,,,,
3e93ea37-79a8-457c-9c13-a1c21e759c6f,Thunder Tactical Shooters USPSA Match 8NOV2025 ,2025-11-08,6,Bay 6,b32852fb-c17c-4317-9e59-3a87390ee7c2,Paul Felker,21,76.61,10,82.10,Limited Optics,A,Ty107123,MINOR,,106.7334,99.5960,7.5729,16.11,22,,4,,,,,,,
3e93ea37-79a8-457c-9c13-a1c21e759c6f,Thunder Tactical Shooters USPSA Match 8NOV2025 ,2025-11-08,6,Bay 6,b32852fb-c17c-4317-9e59-3a87390ee7c2,Craig Bellamy,22,76.49,6,76.49,Carry Optics,G,ty54824,MINOR,Law Enforcement,99.4316,99.4316,7.5604,12.83,19,,3,3,1,,,,,
3e93ea37-79a8-457c-9c13-a1c21e759c6f,Thunder Tactical Shooters USPSA Match 8NOV2025 ,2025-11-08,6,Bay 6,b32852fb-c17c-4317-9e59-3a87390ee7c2,Albert Legislador,23,75.72,5,82.08,Open,C,TY91787,MAJOR,Senior,106.7081,98.4400,7.4850,16.70,21,,5,,,,,,,
3e93ea37-79a8-457c-9c13-a1c21e759c6f,Thunder Tactical Shooters USPSA Match 8NOV2025 ,2025-11-08,6,Bay 6,b32852fb-c17c-4317-9e59-3a87390ee7c2,John Ren,24,75.49,7,75.49,Carry Optics,B,A168570,MINOR,,98.1349,98.1349,7.4618,16.35,22,,4,,,,,,,
3e93ea37-79a8-457c-9c13-a1c21e759c6f,Thunder Tactical Shooters USPSA Match 8NOV2025 ,2025-11-08,6,Bay 6,b32852fb-c17c-4317-9e59-3a87390ee7c2,Gary Wu,25,75.15,11,80.53,Limited Optics,B,L2998,MINOR,Senior,104.6940,97.6930,7.4282,14.27,15,,10,1,,,,,,
3e93ea37-79a8-457c-9c13-a1c21e759c6f,Thunder Tactical Shooters USPSA Match 8NOV2025 ,2025-11-08,6,Bay 6,b32852fb-c17c-4317-9e59-3a87390ee7c2,Michael Hanover,26,74.85,8,74.85,Carry Optics,A,TY146302,MINOR,,97.3103,97.3103,7.3991,13.38,18,,6,1,1,,,,,
3e93ea37-79a8-457c-9c13-a1c21e759c6f,Thunder Tactical Shooters USPSA Match 8NOV2025 ,2025-11-08,6,Bay 6,b32852fb-c17c-4317-9e59-3a87390ee7c2,Kenedy Nguyen,27,74.62,12,79.96,Limited Optics,C,A83862,MINOR,,103.9512,96.9999,7.3755,16.27,22,,3,1,,,,,,
3e93ea37-79a8-457c-9c13-a1c21e759c6f,Thunder Tactical Shooters USPSA Match 8NOV2025 ,2025-11-08,6,Bay 6,b32852fb-c17c-4317-9e59-3a87390ee7c2,Travis McKenzie,28,74.12,9,74.12,Carry Optics,M,L6340,MINOR,,96.3555,96.3555,7.3265,15.56,19,,6,1,,,,,,
3e93ea37-79a8-457c-9c13-a1c21e759c6f,Thunder Tactical Shooters USPSA Match 8NOV2025 ,2025-11-08,6,Bay 6,b32852fb-c17c-4317-9e59-3a87390ee7c2,Alex Goben,29,73.19,10,73.19,Carry Optics,A,L5929,MINOR,,95.1495,95.1495,7.2348,16.31,20,,6,,,,,,,
3e93ea37-79a8-457c-9c13-a1c21e759c6f,Thunder Tactical Shooters USPSA Match 8NOV2025 ,2025-11-08,6,Bay 6,b32852fb-c17c-4317-9e59-3a87390ee7c2,NeaL NaNDiN,30,71.00,6,76.97,Open,C,FY71894,MAJOR,,100.0590,92.3061,7.0186,16.10,13,,11,2,,,,,,
3e93ea37-79a8-457c-9c13-a1c21e759c6f,Thunder Tactical Shooters USPSA Match 8NOV2025 ,2025-11-08,6,Bay 6,b32852fb-c17c-4317-9e59-3a87390ee7c2,Eugene Rivers III,31,70.15,11,70.15,Carry Optics,A,A162193,MINOR,,91.1974,91.1974,6.9343,16.44,19,,6,1,,,,,,
3e93ea37-79a8-457c-9c13-a1c21e759c6f,Thunder Tactical Shooters USPSA Match 8NOV2025 ,2025-11-08,6,Bay 6,b32852fb-c17c-4317-9e59-3a87390ee7c2,David Zhang,32,69.90,13,74.91,Limited Optics,B,FY140383,MINOR,,97.3806,90.8686,6.9093,16.21,19,,5,2,,,,,,
3e93ea37-79a8-457c-9c13-a1c21e759c6f,Thunder Tactical Shooters USPSA Match 8NOV2025 ,2025-11-08,6,Bay 6,b32852fb-c17c-4317-9e59-3a87390ee7c2,Virak Meas,33,69.28,14,74.25,Limited Optics,U,A155576,MINOR,Senior,96.5236,90.0690,6.8485,17.23,21,,4,1,,,,,,
3e93ea37-79a8-457c-9c13-a1c21e759c6f,Thunder Tactical Shooters USPSA Match 8NOV2025 ,2025-11-08,6,Bay 6,b32852fb-c17c-4317-9e59-3a87390ee7c2,Jerry Bedro,34,69.11,15,74.06,Limited Optics,B,A98263,MINOR,,96.2756,89.8375,6.8309,17.86,22,,4,,,,,,,
3e93ea37-79a8-457c-9c13-a1c21e759c6f,Thunder Tactical Shooters USPSA Match 8NOV2025 ,2025-11-08,6,Bay 6,b32852fb-c17c-4317-9e59-3a87390ee7c2,Travis Edwards,35,69.06,16,74.00,Limited Optics,A,A107004,MINOR,,96.2051,89.7718,6.8259,17.58,22,,3,1,,,,,,
3e93ea37-79a8-457c-9c13-a1c21e759c6f,Thunder Tactical Shooters USPSA Match 8NOV2025 ,2025-11-08,6,Bay 6,b32852fb-c17c-4317-9e59-3a87390ee7c2,Manny Nerona,36,68.89,17,73.83,Limited Optics,B,A69445,MINOR,,95.9782,89.5600,6.8098,16.30,24,,,1,1,,,,,
3e93ea37-79a8-457c-9c13-a1c21e759c6f,Thunder Tactical Shooters USPSA Match 8NOV2025 ,2025-11-08,6,Bay 6,b32852fb-c17c-4317-9e59-3a87390ee7c2,Gennady Khokhorin,37,67.94,1,100.00,Production,B,A123884,MINOR,Super Senior,130.0000,88.3264,6.7160,17.57,21,,4,1,,,,,,
3e93ea37-79a8-457c-9c13-a1c21e759c6f,Thunder Tactical Shooters USPSA Match 8NOV2025 ,2025-11-08,6,Bay 6,b32852fb-c17c-4317-9e59-3a87390ee7c2,Yanlin Xiang,38,67.08,18,71.88,Limited Optics,B,A164967,MINOR,,93.4497,87.2006,6.6304,18.40,22,,4,,,,,,,
3e93ea37-79a8-457c-9c13-a1c21e759c6f,Thunder Tactical Shooters USPSA Match 8NOV2025 ,2025-11-08,6,Bay 6,b32852fb-c17c-4317-9e59-3a87390ee7c2,Rudy Widiaman,39,66.34,19,71.09,Limited Optics,X,X,MINOR,,92.4208,86.2406,6.5574,16.47,18,,5,3,,,,,,
3e93ea37-79a8-457c-9c13-a1c21e759c6f,Thunder Tactical Shooters USPSA Match 8NOV2025 ,2025-11-08,6,Bay 6,b32852fb-c17c-4317-9e59-3a87390ee7c2,Will Goglas,40,65.32,7,70.81,Open,B,A154790,MAJOR,,92.0541,84.9214,6.4571,17.50,15,,8,3,,,,,,
3e93ea37-79a8-457c-9c13-a1c21e759c6f,Thunder Tactical Shooters USPSA Match 8NOV2025 ,2025-11-08,6,Bay 6,b32852fb-c17c-4317-9e59-3a87390ee7c2,Adam Bandiera,41,65.11,12,65.11,Carry Optics,A,A148375,MINOR,,84.6439,84.6439,6.4360,14.45,16,,7,2,1,,,,,
3e93ea37-79a8-457c-9c13-a1c21e759c6f,Thunder Tactical Shooters USPSA Match 8NOV2025 ,2025-11-08,6,Bay 6,b32852fb-c17c-4317-9e59-3a87390ee7c2,Hugh “Skippy” Fullerton,42,62.72,20,67.22,Limited Optics,B,A140572,MINOR,,87.3808,81.5375,6.1998,17.42,16,,9,1,,,,,,
3e93ea37-79a8-457c-9c13-a1c21e759c6f,Thunder Tactical Shooters USPSA Match 8NOV2025 ,2025-11-08,6,Bay 6,b32852fb-c17c-4317-9e59-3a87390ee7c2,Jon Baguio,43,62.71,8,67.98,Open,C,X,MAJOR,,88.3760,81.5283,6.1991,15.97,13,,10,2,1,,,,,
3e93ea37-79a8-457c-9c13-a1c21e759c6f,Thunder Tactical Shooters USPSA Match 8NOV2025 ,2025-11-08,6,Bay 6,b32852fb-c17c-4317-9e59-3a87390ee7c2,Harlan Chen,44,61.11,21,65.49,Limited Optics,C,A163292,MINOR,,85.1328,79.4398,6.0403,17.88,16,,9,1,,,,,,
3e93ea37-79a8-457c-9c13-a1c21e759c6f,Thunder Tactical Shooters USPSA Match 8NOV2025 ,2025-11-08,6,Bay 6,b32852fb-c17c-4317-9e59-3a87390ee7c2,chris bulkley,45,61.04,13,61.04,Carry Optics,B,A159469,MINOR,,79.3583,79.3583,6.0341,20.55,23,,3,,,,,,,
3e93ea37-79a8-457c-9c13-a1c21e759c6f,Thunder Tactical Shooters USPSA Match 8NOV2025 ,2025-11-08,6,Bay 6,b32852fb-c17c-4317-9e59-3a87390ee7c2,Dan Ausmus,46,61.03,22,65.40,Limited Optics,U,L6447,MINOR,,85.0256,79.3399,6.0327,19.56,20,,6,,,,,,,
3e93ea37-79a8-457c-9c13-a1c21e759c6f,Thunder Tactical Shooters USPSA Match 8NOV2025 ,2025-11-08,6,Bay 6,b32852fb-c17c-4317-9e59-3a87390ee7c2,Stephanie Marie,47,60.01,14,60.01,Carry Optics,B,A139099,MINOR,Lady,78.0181,78.0181,5.9322,18.88,17,,9,,,,,,,
3e93ea37-79a8-457c-9c13-a1c21e759c6f,Thunder Tactical Shooters USPSA Match 8NOV2025 ,2025-11-08,6,Bay 6,b32852fb-c17c-4317-9e59-3a87390ee7c2,Michael Pontious,48,59.85,23,64.14,Limited Optics,B,A94575,MINOR,Super Senior,83.3809,77.8051,5.9160,15.72,16,,7,2,1,,,,,
3e93ea37-79a8-457c-9c13-a1c21e759c6f,Thunder Tactical Shooters USPSA Match 8NOV2025 ,2025-11-08,6,Bay 6,b32852fb-c17c-4317-9e59-3a87390ee7c2,Eric Wu,49,59.12,24,63.36,Limited Optics,B,FY104740,MINOR,,82.3633,76.8555,5.8438,19.85,19,,7,,,,,,,
3e93ea37-79a8-457c-9c13-a1c21e759c6f,Thunder Tactical Shooters USPSA Match 8NOV2025 ,2025-11-08,6,Bay 6,b32852fb-c17c-4317-9e59-3a87390ee7c2,henry pham,50,58.53,15,58.53,Carry Optics,U,A171802,MINOR,,76.0888,76.0888,5.7855,20.05,20,,5,1,,,,,,
3e93ea37-79a8-457c-9c13-a1c21e759c6f,Thunder Tactical Shooters USPSA Match 8NOV2025 ,2025-11-08,6,Bay 6,b32852fb-c17c-4317-9e59-3a87390ee7c2,Andre Wijaya,51,58.15,16,58.15,Carry Optics,U,A172696,MINOR,,75.5917,75.5917,5.7477,18.79,16,,9,1,,,,,,
3e93ea37-79a8-457c-9c13-a1c21e759c6f,Thunder Tactical Shooters USPSA Match 8NOV2025 ,2025-11-08,6,Bay 6,b32852fb-c17c-4317-9e59-3a87390ee7c2,Coder Wang,52,58.05,2,71.04,PCC,C,A170259,MINOR,,92.3522,75.4602,5.7377,19.52,18,,7,1,,,,,,
3e93ea37-79a8-457c-9c13-a1c21e759c6f,Thunder Tactical Shooters USPSA Match 8NOV2025 ,2025-11-08,6,Bay 6,b32852fb-c17c-4317-9e59-3a87390ee7c2,Amber Chike-Udenze,53,57.42,3,70.27,PCC,B,A138974,MINOR,Lady,91.3559,74.6461,5.6758,17.09,17,,7,1,1,,,,,
3e93ea37-79a8-457c-9c13-a1c21e759c6f,Thunder Tactical Shooters USPSA Match 8NOV2025 ,2025-11-08,6,Bay 6,b32852fb-c17c-4317-9e59-3a87390ee7c2,Marcus Carrow,54,57.29,17,57.29,Carry Optics,B,A164691,MINOR,,74.4804,74.4804,5.6632,20.13,18,,8,,,,,,,
3e93ea37-79a8-457c-9c13-a1c21e759c6f,Thunder Tactical Shooters USPSA Match 8NOV2025 ,2025-11-08,6,Bay 6,b32852fb-c17c-4317-9e59-3a87390ee7c2,"Ross ""Riff Raff"" Pimentel",55,56.64,25,60.70,Limited Optics,C,A157753,MINOR,Senior,78.9060,73.6294,5.5985,20.72,20,,5,1,,,,,,
3e93ea37-79a8-457c-9c13-a1c21e759c6f,Thunder Tactical Shooters USPSA Match 8NOV2025 ,2025-11-08,6,Bay 6,b32852fb-c17c-4317-9e59-3a87390ee7c2,Valter Gonzalez,56,55.42,18,55.42,Carry Optics,U,A172969,MINOR,,72.0486,72.0486,5.4783,23.00,24,,2,,,,,,,
3e93ea37-79a8-457c-9c13-a1c21e759c6f,Thunder Tactical Shooters USPSA Match 8NOV2025 ,2025-11-08,6,Bay 6,b32852fb-c17c-4317-9e59-3a87390ee7c2,Waltz Noguerra,57,55.34,19,55.34,Carry Optics,C,A137731,MINOR,Senior,71.9421,71.9421,5.4702,20.84,18,,8,,,,,,,
3e93ea37-79a8-457c-9c13-a1c21e759c6f,Thunder Tactical Shooters USPSA Match 8NOV2025 ,2025-11-08,6,Bay 6,b32852fb-c17c-4317-9e59-3a87390ee7c2,Michael McCoy,58,54.82,26,58.75,Limited Optics,C,A100138,MINOR,,76.3690,71.2622,5.4185,20.67,17,,9,,,,,,,
3e93ea37-79a8-457c-9c13-a1c21e759c6f,Thunder Tactical Shooters USPSA Match 8NOV2025 ,2025-11-08,6,Bay 6,b32852fb-c17c-4317-9e59-3a87390ee7c2,Marlon Pors,59,50.56,27,54.19,Limited Optics,C,Ty1234,MINOR,Law Enforcement,70.4410,65.7306,4.9979,24.01,22,,3,1,,,,,,
3e93ea37-79a8-457c-9c13-a1c21e759c6f,Thunder Tactical Shooters USPSA Match 8NOV2025 ,2025-11-08,6,Bay 6,b32852fb-c17c-4317-9e59-3a87390ee7c2,FRANCIS NGUYEN,60,49.98,28,53.56,Limited Optics,U,A169979,MINOR,,69.6278,64.9717,4.9402,19.23,15,,10,,1,,,,,
3e93ea37-79a8-457c-9c13-a1c21e759c6f,Thunder Tactical Shooters USPSA Match 8NOV2025 ,2025-11-08,6,Bay 6,b32852fb-c17c-4317-9e59-3a87390ee7c2,Napoleon Lewis (LastActionHero),61,47.68,29,51.10,Limited Optics,C,A154149,MINOR,Senior; Military,66.4242,61.9824,4.7129,23.34,16,,10,,,,,,,
3e93ea37-79a8-457c-9c13-a1c21e759c6f,Thunder Tactical Shooters USPSA Match 8NOV2025 ,2025-11-08,6,Bay 6,b32852fb-c17c-4317-9e59-3a87390ee7c2,Marshall Quigley,62,45.38,1,100.00,Single Stack,C,A162329,MAJOR,,130.0000,58.9996,4.4861,24.52,12,,11,3,,,,,,
3e93ea37-79a8-457c-9c13-a1c21e759c6f,Thunder Tactical Shooters USPSA Match 8NOV2025 ,2025-11-08,6,Bay 6,b32852fb-c17c-4317-9e59-3a87390ee7c2,Thomas Zhang,63,44.87,9,48.64,Open,U,A145116,MINOR,Law Enforcement; Military,63.2294,58.3301,4.4352,14.43,9,,12,3,2,,,,,
3e93ea37-79a8-457c-9c13-a1c21e759c6f,Thunder Tactical Shooters USPSA Match 8NOV2025 ,2025-11-08,6,Bay 6,b32852fb-c17c-4317-9e59-3a87390ee7c2,Fares Al-Salim,64,43.95,30,47.10,Limited Optics,C,A171235,MINOR,,61.2263,57.1320,4.3441,23.48,16,,6,4,,,,,,
3e93ea37-79a8-457c-9c13-a1c21e759c6f,Thunder Tactical Shooters USPSA Match 8NOV2025 ,2025-11-08,6,Bay 6,b32852fb-c17c-4317-9e59-3a87390ee7c2,Jeremiah Hunt,65,43.60,2,96.06,Single Stack,U,a148592,MAJOR,,124.8766,56.6744,4.3093,24.83,13,,8,5,,,,,,
3e93ea37-79a8-457c-9c13-a1c21e759c6f,Thunder Tactical Shooters USPSA Match 8NOV2025 ,2025-11-08,6,Bay 6,b32852fb-c17c-4317-9e59-3a87390ee7c2,Bob Purcell,66,43.27,31,46.37,Limited Optics,U,TY111994,MINOR,Super Senior,60.2848,56.2535,4.2773,28.99,24,,1,1,,,,,,
3e93ea37-79a8-457c-9c13-a1c21e759c6f,Thunder Tactical Shooters USPSA Match 8NOV2025 ,2025-11-08,6,Bay 6,b32852fb-c17c-4317-9e59-3a87390ee7c2,Jay Bennett,67,41.94,20,41.94,Carry Optics,A,A77156,MINOR,Super Senior,54.5280,54.5280,4.1461,24.36,19,,5,1,1,,,,,
3e93ea37-79a8-457c-9c13-a1c21e759c6f,Thunder Tactical Shooters USPSA Match 8NOV2025 ,2025-11-08,6,Bay 6,b32852fb-c17c-4317-9e59-3a87390ee7c2,Fred Ermac,68,41.55,32,44.52,Limited Optics,U,A106437,MINOR,,57.8789,54.0085,4.1066,27.76,18,,8,,,,,,,
3e93ea37-79a8-457c-9c13-a1c21e759c6f,Thunder Tactical Shooters USPSA Match 8NOV2025 ,2025-11-08,6,Bay 6,b32852fb-c17c-4317-9e59-3a87390ee7c2,Sean Finnerty,69,41.35,33,44.32,Limited Optics,U,A166724,MINOR,,57.6097,53.7573,4.0875,27.89,19,,6,1,,,,,,
3e93ea37-79a8-457c-9c13-a1c21e759c6f,Thunder Tactical Shooters USPSA Match 8NOV2025 ,2025-11-08,6,Bay 6,b32852fb-c17c-4317-9e59-3a87390ee7c2,Emman Alcoseba,70,40.40,2,51.02,Limited,C,TY67519,MINOR,,66.3229,52.5184,3.9933,30.05,21,,5,,,,,,,
3e93ea37-79a8-457c-9c13-a1c21e759c6f,Thunder Tactical Shooters USPSA Match 8NOV2025 ,2025-11-08,6,Bay 6,b32852fb-c17c-4317-9e59-3a87390ee7c2,Eric Mccampbell,71,37.84,3,83.39,Single Stack,C,A14332,MAJOR,Senior,108.4024,49.1976,3.7408,22.99,16,,5,3,2,,,,,
3e93ea37-79a8-457c-9c13-a1c21e759c6f,Thunder Tactical Shooters USPSA Match 8NOV2025 ,2025-11-08,6,Bay 6,b32852fb-c17c-4317-9e59-3a87390ee7c2,GLENN McKinney,72,37.60,4,82.85,Single Stack,C,FY8311,MAJOR,Super Senior,107.7011,48.8794,3.7166,28.79,17,,7,2,,,1,,,
3e93ea37-79a8-457c-9c13-a1c21e759c6f,Thunder Tactical Shooters USPSA Match 8NOV2025 ,2025-11-08,6,Bay 6,b32852fb-c17c-4317-9e59-3a87390ee7c2,Keith Bowman Jr,73,34.76,34,37.25,Limited Optics,C,A157830,MINOR,,48.4246,45.1864,3.4358,27.65,17,,6,2,1,,,,,
3e93ea37-79a8-457c-9c13-a1c21e759c6f,Thunder Tactical Shooters USPSA Match 8NOV2025 ,2025-11-08,6,Bay 6,b32852fb-c17c-4317-9e59-3a87390ee7c2,Andrew Bowman,74,29.12,5,64.17,Single Stack,C,TY153695,MINOR,,83.4259,37.8623,2.8789,23.62,14,,9,1,2,,,1,,
3e93ea37-79a8-457c-9c13-a1c21e759c6f,Thunder Tactical Shooters USPSA Match 8NOV2025 ,2025-11-08,6,Bay 6,b32852fb-c17c-4317-9e59-3a87390ee7c2,Lee King,75,28.39,21,28.39,Carry Optics,C,A163654,MINOR,Super Senior,36.9074,36.9074,2.8063,39.91,18,,7,1,,,,,,
3e93ea37-79a8-457c-9c13-a1c21e759c6f,Thunder Tactical Shooters USPSA Match 8NOV2025 ,2025-11-08,6,Bay 6,b32852fb-c17c-4317-9e59-3a87390ee7c2,ian loyd,76,27.98,22,27.98,Carry Optics,U,A148072,MINOR,,36.3748,36.3748,2.7658,27.84,19,,4,,3,,,,,
3e93ea37-79a8-457c-9c13-a1c21e759c6f,Thunder Tactical Shooters USPSA Match 8NOV2025 ,2025-11-08,6,Bay 6,b32852fb-c17c-4317-9e59-3a87390ee7c2,"Byron ""BigBDaShooter"" McGowen",77,20.81,10,22.56,Open,D,A159731,MAJOR,Military,29.3294,27.0569,2.0573,47.15,21,,3,,2,,,,,
3e93ea37-79a8-457c-9c13-a1c21e759c6f,Thunder Tactical Shooters USPSA Match 8NOV2025 ,2025-11-08,6,Bay 6,b32852fb-c17c-4317-9e59-3a87390ee7c2,Justin Ledet,78,17.23,23,17.23,Carry Optics,U,A166201,MINOR,,22.4012,22.4012,1.7033,32.29,9,,13,1,3,,,,,
3e93ea37-79a8-457c-9c13-a1c21e759c6f,Thunder Tactical Shooters USPSA Match 8NOV2025 ,2025-11-08,6,Bay 6,b32852fb-c17c-4317-9e59-3a87390ee7c2,Cole Bellamy,79,11.78,24,11.78,Carry Optics,D,ty148788,MINOR,Junior,15.3111,15.3111,1.1642,32.64,13,,7,2,4,,,1,,
3e93ea37-79a8-457c-9c13-a1c21e759c6f,Thunder Tactical Shooters USPSA Match 8NOV2025 ,2025-11-08,6,Bay 6,b32852fb-c17c-4317-9e59-3a87390ee7c2,Charles Morris,80,0.00,25,0.00,Carry Optics,C,A75102,MINOR,Super Senior,0.0000,0.0000,,,,,,,,,,,,
3e93ea37-79a8-457c-9c13-a1c21e759c6f,Thunder Tactical Shooters USPSA Match 8NOV2025 ,2025-11-08,7,The Thrill Of The Bill Drill,b690be47-ab5f-46fd-9438-45baf2caaf2a,Jacob Tullis,1,100.00,1,100.00,Limited Optics,M,A140523,MINOR,,90.0000,90.0000,9.2613,,16,,1,1,,,,,,"[1.99, 3.32, 3.76]"
3e93ea37-79a8-457c-9c13-a1c21e759c6f,Thunder Tactical Shooters USPSA Match 8NOV2025 ,2025-11-08,7,The Thrill Of The Bill Drill,b690be47-ab5f-46fd-9438-45baf2caaf2a,Mike Junco,2,98.27,2,98.27,Limited Optics,M,FY34819,MINOR,Senior; Law Enforcement,88.4451,88.4451,9.1013,,13,,5,,,,,,,"[1.99, 3.13, 3.67]"
3e93ea37-79a8-457c-9c13-a1c21e759c6f,Thunder Tactical Shooters USPSA Match 8NOV2025 ,2025-11-08,7,The Thrill Of The Bill Drill,b690be47-ab5f-46fd-9438-45baf2caaf2a,Phillip Nguyen,3,92.21,3,92.21,Limited Optics,M,TY152423,MINOR,,82.9925,82.9925,8.5402,,17,,,1,,,,,,"[2.24, 3.56, 4.27]"
3e93ea37-79a8-457c-9c13-a1c21e759c6f,Thunder Tactical Shooters USPSA Match 8NOV2025 ,2025-11-08,7,The Thrill Of The Bill Drill,b690be47-ab5f-46fd-9438-45baf2caaf2a,Olayemi Bakare,4,91.03,1,100.00,Open,A,A105300,MAJOR,,90.0000,81.9235,8.4302,,15,,3,,,,,,,"[2.45, 3.77, 4.10]"
3e93ea37-79a8-457c-9c13-a1c21e759c6f,Thunder Tactical Shooters USPSA Match 8NOV2025 ,2025-11-08,7,The Thrill Of The Bill Drill,b690be47-ab5f-46fd-9438-45baf2caaf2a,Coder Wang,5,90.35,1,100.00,PCC,C,A170259,MINOR,,90.0000,81.3122,8.3673,,14,,4,,,,,,,"[2.23, 3.61, 3.96]"
3e93ea37-79a8-457c-9c13-a1c21e759c6f,Thunder Tactical Shooters USPSA Match 8NOV2025 ,2025-11-08,7,The Thrill Of The Bill Drill,b690be47-ab5f-46fd-9438-45baf2caaf2a,Matthew Lem,6,89.53,4,89.53,Limited Optics,A,A34763,MINOR,Senior; Law Enforcement,80.5727,80.5727,8.2912,,14,,4,,,,,,,"[2.11, 3.66, 4.12]"
3e93ea37-79a8-457c-9c13-a1c21e759c6f,Thunder Tactical Shooters USPSA Match 8NOV2025 ,2025-11-08,7,The Thrill Of The Bill Drill,b690be47-ab5f-46fd-9438-45baf2caaf2a,Brandon Foss,7,87.25,1,100.00,Carry Optics,M,L5142,MINOR,,90.0000,78.5281,8.0808,,17,,1,,,,,,,"[2.22, 3.92, 4.75]"
3e93ea37-79a8-457c-9c13-a1c21e759c6f,Thunder Tactical Shooters USPSA Match 8NOV2025 ,2025-11-08,7,The Thrill Of The Bill Drill,b690be47-ab5f-46fd-9438-45baf2caaf2a,Anthony Fong,8,86.47,5,86.47,Limited Optics,M,A142224,MINOR,,77.8274,77.8274,8.0087,,10,,8,,,,,,,"[2.01, 3.34, 3.89]"
3e93ea37-79a8-457c-9c13-a1c21e759c6f,Thunder Tactical Shooters USPSA Match 8NOV2025 ,2025-11-08,7,The Thrill Of The Bill Drill,b690be47-ab5f-46fd-9438-45baf2caaf2a,Ulrick Fong,9,86.07,2,95.26,PCC,B,A170351,MINOR,Senior,85.7373,77.4610,7.9710,,17,,1,,,,,,,"[2.01, 4.81, 4.22]"
3e93ea37-79a8-457c-9c13-a1c21e759c6f,Thunder Tactical Shooters USPSA Match 8NOV2025 ,2025-11-08,7,The Thrill Of The Bill Drill,b690be47-ab5f-46fd-9438-45baf2caaf2a,Travis McKenzie,10,85.37,2,97.84,Carry Optics,M,L6340,MINOR,,88.0598,76.8352,7.9066,,17,,1,,,,,,,"[2.37, 4.15, 4.61]"
3e93ea37-79a8-457c-9c13-a1c21e759c6f,Thunder Tactical Shooters USPSA Match 8NOV2025 ,2025-11-08,7,The Thrill Of The Bill Drill,b690be47-ab5f-46fd-9438-45baf2caaf2a,Zachary Ralston,11,84.88,1,100.00,Limited,A,A123081,MINOR,,90.0000,76.3931,7.8611,,16,,2,,,,,,,"[2.09, 4.48, 4.37]"
3e93ea37-79a8-457c-9c13-a1c21e759c6f,Thunder Tactical Shooters USPSA Match 8NOV2025 ,2025-11-08,7,The Thrill Of The Bill Drill,b690be47-ab5f-46fd-9438-45baf2caaf2a,Colin Kerrigan,12,81.49,3,93.40,Carry Optics,M,A142731,MINOR,,84.0570,73.3426,7.5472,,13,,5,,,,,,,"[2.42, 3.58, 4.60]"
3e93ea37-79a8-457c-9c13-a1c21e759c6f,Thunder Tactical Shooters USPSA Match 8NOV2025 ,2025-11-08,7,The Thrill Of The Bill Drill,b690be47-ab5f-46fd-9438-45baf2caaf2a,Shawn Prosen,13,80.06,4,91.75,Carry Optics,B,A165388,MINOR,,82.5768,72.0511,7.4143,,13,,5,,,,,,,"[2.29, 3.73, 4.77]"
3e93ea37-79a8-457c-9c13-a1c21e759c6f,Thunder Tactical Shooters USPSA Match 8NOV2025 ,2025-11-08,7,The Thrill Of The Bill Drill,b690be47-ab5f-46fd-9438-45baf2caaf2a,Will Goglas,14,79.05,2,86.84,Open,B,A154790,MAJOR,,78.1594,71.1454,7.3211,,16,,2,,,,,,,"[2.58, 4.28, 5.16]"
3e93ea37-79a8-457c-9c13-a1c21e759c6f,Thunder Tactical Shooters USPSA Match 8NOV2025 ,2025-11-08,7,The Thrill Of The Bill Drill,b690be47-ab5f-46fd-9438-45baf2caaf2a,Eugene Rivers III,15,76.41,5,87.57,Carry Optics,A,A162193,MINOR,,78.8168,68.7704,7.0767,,15,,3,,,,,,,"[2.30, 4.46, 5.11]"
3e93ea37-79a8-457c-9c13-a1c21e759c6f,Thunder Tactical Shooters USPSA Match 8NOV2025 ,2025-11-08,7,The Thrill Of The Bill Drill,b690be47-ab5f-46fd-9438-45baf2caaf2a,Ivan Velazquez,16,74.85,6,85.79,Carry Optics,A,A108486,MINOR,,77.2097,67.3681,6.9324,,13,,5,,,,,,,"[2.55, 4.45, 4.54]"
3e93ea37-79a8-457c-9c13-a1c21e759c6f,Thunder Tactical Shooters USPSA Match 8NOV2025 ,2025-11-08,7,The Thrill Of The Bill Drill,b690be47-ab5f-46fd-9438-45baf2caaf2a,Chez Chike-Udenze,17,74.31,3,81.64,Open,D,A138598,MAJOR,,73.4737,66.8802,6.8822,,10,,6,1,1,,,,,"[2.03, 3.59, 3.97]"
3e93ea37-79a8-457c-9c13-a1c21e759c6f,Thunder Tactical Shooters USPSA Match 8NOV2025 ,2025-11-08,7,The Thrill Of The Bill Drill,b690be47-ab5f-46fd-9438-45baf2caaf2a,Kenedy Nguyen,18,73.49,6,73.49,Limited Optics,C,A83862,MINOR,,66.1388,66.1388,6.8059,,17,,1,,,,,,,"[2.70, 4.85, 5.38]"
3e93ea37-79a8-457c-9c13-a1c21e759c6f,Thunder Tactical Shooters USPSA Match 8NOV2025 ,2025-11-08,7,The Thrill Of The Bill Drill,b690be47-ab5f-46fd-9438-45baf2caaf2a,Drew Yang,19,72.81,7,72.81,Limited Optics,C,FY138478,MINOR,,65.5314,65.5314,6.7434,,14,,4,,,,,,,"[2.73, 4.12, 5.31]"
3e93ea37-79a8-457c-9c13-a1c21e759c6f,Thunder Tactical Shooters USPSA Match 8NOV2025 ,2025-11-08,7,The Thrill Of The Bill Drill,b690be47-ab5f-46fd-9438-45baf2caaf2a,Jay Bennett,20,72.79,7,83.43,Carry Optics,A,A77156,MINOR,Super Senior,75.0846,65.5139,6.7416,,13,,4,1,,,,,,"[2.53, 4.55, 4.49]"
3e93ea37-79a8-457c-9c13-a1c21e759c6f,Thunder Tactical Shooters USPSA Match 8NOV2025 ,2025-11-08,7,The Thrill Of The Bill Drill,b690be47-ab5f-46fd-9438-45baf2caaf2a,Paul Felker,21,70.75,8,70.75,Limited Optics,A,Ty107123,MINOR,,63.6743,63.6743,6.5523,,15,,3,,,,,,,"[4.72, 4.39, 3.71]"
3e93ea37-79a8-457c-9c13-a1c21e759c6f,Thunder Tactical Shooters USPSA Match 8NOV2025 ,2025-11-08,7,The Thrill Of The Bill Drill,b690be47-ab5f-46fd-9438-45baf2caaf2a,Phil Truong,22,70.34,4,77.28,Open,B,FY128600,MINOR,,69.5503,63.3089,6.5147,,13,,5,,,,,,,"[2.77, 4.12, 5.39]"
3e93ea37-79a8-457c-9c13-a1c21e759c6f,Thunder Tactical Shooters USPSA Match 8NOV2025 ,2025-11-08,7,The Thrill Of The Bill Drill,b690be47-ab5f-46fd-9438-45baf2caaf2a,Dan Ausmus,23,70.03,9,70.03,Limited Optics,U,L6447,MINOR,,63.0271,63.0271,6.4857,,16,,2,,,,,,,"[2.79, 5.00, 5.47]"
3e93ea37-79a8-457c-9c13-a1c21e759c6f,Thunder Tactical Shooters USPSA Match 8NOV2025 ,2025-11-08,7,The Thrill Of The Bill Drill,b690be47-ab5f-46fd-9438-45baf2caaf2a,Heath Helgeson,24,69.85,10,69.85,Limited Optics,A,A149129,MINOR,,62.8648,62.8648,6.4690,,10,,7,1,,,,,,"[2.45, 4.29, 4.39]"
3e93ea37-79a8-457c-9c13-a1c21e759c6f,Thunder Tactical Shooters USPSA Match 8NOV2025 ,2025-11-08,7,The Thrill Of The Bill Drill,b690be47-ab5f-46fd-9438-45baf2caaf2a,Alex Goben,25,69.72,8,79.90,Carry Optics,A,L5929,MINOR,,71.9116,62.7453,6.4567,,14,,4,,,,,,,"[2.61, 4.49, 5.60]"
3e93ea37-79a8-457c-9c13-a1c21e759c6f,Thunder Tactical Shooters USPSA Match 8NOV2025 ,2025-11-08,7,The Thrill Of The Bill Drill,b690be47-ab5f-46fd-9438-45baf2caaf2a,Robert Strong,26,69.72,5,76.59,Open,C,TY135331,MAJOR,,68.9300,62.7443,6.4566,,12,,6,,,,,,,"[2.54, 5.05, 5.42]"
3e93ea37-79a8-457c-9c13-a1c21e759c6f,Thunder Tactical Shooters USPSA Match 8NOV2025 ,2025-11-08,7,The Thrill Of The Bill Drill,b690be47-ab5f-46fd-9438-45baf2caaf2a,Adam Bandiera,27,69.61,9,79.78,Carry Optics,A,A148375,MINOR,,71.7980,62.6462,6.4465,,14,,4,,,,,,,"[2.37, 4.88, 5.47]"
3e93ea37-79a8-457c-9c13-a1c21e759c6f,Thunder Tactical Shooters USPSA Match 8NOV2025 ,2025-11-08,7,The Thrill Of The Bill Drill,b690be47-ab5f-46fd-9438-45baf2caaf2a,Yanlin Xiang,28,69.13,11,69.13,Limited Optics,B,A164967,MINOR,,62.2176,62.2176,6.4024,,15,,3,,,,,,,"[2.57, 5.34, 5.21]"
3e93ea37-79a8-457c-9c13-a1c21e759c6f,Thunder Tactical Shooters USPSA Match 8NOV2025 ,2025-11-08,7,The Thrill Of The Bill Drill,b690be47-ab5f-46fd-9438-45baf2caaf2a,Amber Chike-Udenze,29,69.05,3,76.43,PCC,B,A138974,MINOR,Lady,68.7846,62.1447,6.3949,,15,,1,2,,,,,,"[1.98, 4.52, 6.01]"
3e93ea37-79a8-457c-9c13-a1c21e759c6f,Thunder Tactical Shooters USPSA Match 8NOV2025 ,2025-11-08,7,The Thrill Of The Bill Drill,b690be47-ab5f-46fd-9438-45baf2caaf2a,henry pham,30,68.25,10,78.22,Carry Optics,U,A171802,MINOR,,70.3946,61.4217,6.3205,,15,,3,,,,,,,"[2.56, 4.81, 5.92]"
3e93ea37-79a8-457c-9c13-a1c21e759c6f,Thunder Tactical Shooters USPSA Match 8NOV2025 ,2025-11-08,7,The Thrill Of The Bill Drill,b690be47-ab5f-46fd-9438-45baf2caaf2a,John Ren,31,66.61,11,76.35,Carry Optics,B,A168570,MINOR,,68.7106,59.9524,6.1693,,16,,2,,,,,,,"[2.80, 5.99, 5.15]"
3e93ea37-79a8-457c-9c13-a1c21e759c6f,Thunder Tactical Shooters USPSA Match 8NOV2025 ,2025-11-08,7,The Thrill Of The Bill Drill,b690be47-ab5f-46fd-9438-45baf2caaf2a,Virak Meas,32,66.55,12,66.55,Limited Optics,U,A155576,MINOR,Senior,59.8989,59.8989,6.1638,,12,,5,1,,,,,,"[2.81, 4.68, 4.84]"
3e93ea37-79a8-457c-9c13-a1c21e759c6f,Thunder Tactical Shooters USPSA Match 8NOV2025 ,2025-11-08,7,The Thrill Of The Bill Drill,b690be47-ab5f-46fd-9438-45baf2caaf2a,Michael McCoy,33,65.25,13,65.25,Limited Optics,C,A100138,MINOR,,58.7221,58.7221,6.0427,,14,,4,,,,,,,"[2.90, 5.02, 5.65]"
3e93ea37-79a8-457c-9c13-a1c21e759c6f,Thunder Tactical Shooters USPSA Match 8NOV2025 ,2025-11-08,7,The Thrill Of The Bill Drill,b690be47-ab5f-46fd-9438-45baf2caaf2a,FRANCIS NGUYEN,34,65.25,14,65.25,Limited Optics,U,A169979,MINOR,,58.7211,58.7211,6.0426,,15,,2,,1,,,,,"[2.57, 4.07, 5.11]"
3e93ea37-79a8-457c-9c13-a1c21e759c6f,Thunder Tactical Shooters USPSA Match 8NOV2025 ,2025-11-08,7,The Thrill Of The Bill Drill,b690be47-ab5f-46fd-9438-45baf2caaf2a,Sean Finnerty,35,64.60,15,64.60,Limited Optics,U,A166724,MINOR,,58.1410,58.1410,5.9829,,16,,1,1,,,,,,"[2.76, 5.58, 5.70]"
3e93ea37-79a8-457c-9c13-a1c21e759c6f,Thunder Tactical Shooters USPSA Match 8NOV2025 ,2025-11-08,7,The Thrill Of The Bill Drill,b690be47-ab5f-46fd-9438-45baf2caaf2a,"Ross ""Riff Raff"" Pimentel",36,63.83,16,63.83,Limited Optics,C,A157753,MINOR,Senior,57.4452,57.4452,5.9113,,15,,3,,,,,,,"[3.39, 5.10, 5.72]"
3e93ea37-79a8-457c-9c13-a1c21e759c6f,Thunder Tactical Shooters USPSA Match 8NOV2025 ,2025-11-08,7,The Thrill Of The Bill Drill,b690be47-ab5f-46fd-9438-45baf2caaf2a,Andre Wijaya,37,63.56,12,72.85,Carry Optics,U,A172696,MINOR,,65.5610,57.2042,5.8865,,15,,3,,,,,,,"[2.99, 5.39, 5.89]"
3e93ea37-79a8-457c-9c13-a1c21e759c6f,Thunder Tactical Shooters USPSA Match 8NOV2025 ,2025-11-08,7,The Thrill Of The Bill Drill,b690be47-ab5f-46fd-9438-45baf2caaf2a,David Zhang,38,62.81,17,62.81,Limited Optics,B,FY140383,MINOR,,56.5278,56.5278,5.8169,,11,,3,4,,,,,,"[2.66, 4.37, 4.66]"
3e93ea37-79a8-457c-9c13-a1c21e759c6f,Thunder Tactical Shooters USPSA Match 8NOV2025 ,2025-11-08,7,The Thrill Of The Bill Drill,b690be47-ab5f-46fd-9438-45baf2caaf2a,Fares Al-Salim,39,62.00,18,62.00,Limited Optics,C,A171235,MINOR,,55.7961,55.7961,5.7416,,10,,7,1,,,,,,"[2.56, 4.64, 5.34]"
3e93ea37-79a8-457c-9c13-a1c21e759c6f,Thunder Tactical Shooters USPSA Match 8NOV2025 ,2025-11-08,7,The Thrill Of The Bill Drill,b690be47-ab5f-46fd-9438-45baf2caaf2a,Jon Baguio,40,61.78,6,67.87,Open,C,X,MAJOR,,61.0811,55.5998,5.7214,,17,,1,,,,,2,,"[2.57, 4.91, 4.58]"
3e93ea37-79a8-457c-9c13-a1c21e759c6f,Thunder Tactical Shooters USPSA Match 8NOV2025 ,2025-11-08,7,The Thrill Of The Bill Drill,b690be47-ab5f-46fd-9438-45baf2caaf2a,Manny Nerona,41,61.75,19,61.75,Limited Optics,B,A69445,MINOR,,55.5745,55.5745,5.7188,,10,,7,1,,,,,,"[2.76, 4.34, 5.49]"
3e93ea37-79a8-457c-9c13-a1c21e759c6f,Thunder Tactical Shooters USPSA Match 8NOV2025 ,2025-11-08,7,The Thrill Of The Bill Drill,b690be47-ab5f-46fd-9438-45baf2caaf2a,Harlan Chen,42,61.66,20,61.66,Limited Optics,C,A163292,MINOR,,55.4919,55.4919,5.7103,,14,,4,,,,,,,"[3.02, 5.20, 6.14]"
3e93ea37-79a8-457c-9c13-a1c21e759c6f,Thunder Tactical Shooters USPSA Match 8NOV2025 ,2025-11-08,7,The Thrill Of The Bill Drill,b690be47-ab5f-46fd-9438-45baf2caaf2a,Karys Bellamy,43,61.30,21,61.30,Limited Optics,B,ty130774,MINOR,Lady; Junior,55.1673,55.1673,5.6769,,12,,5,,1,,,,,"[2.82, 4.17, 4.46]"
3e93ea37-79a8-457c-9c13-a1c21e759c6f,Thunder Tactical Shooters USPSA Match 8NOV2025 ,2025-11-08,7,The Thrill Of The Bill Drill,b690be47-ab5f-46fd-9438-45baf2caaf2a,Eric Wu,44,61.18,22,61.18,Limited Optics,B,FY104740,MINOR,,55.0633,55.0633,5.6662,,10,,8,,,,,,,"[3.10, 4.40, 5.56]"
3e93ea37-79a8-457c-9c13-a1c21e759c6f,Thunder Tactical Shooters USPSA Match 8NOV2025 ,2025-11-08,7,The Thrill Of The Bill Drill,b690be47-ab5f-46fd-9438-45baf2caaf2a,Michael Pontious,45,61.12,23,61.12,Limited Optics,B,A94575,MINOR,Super Senior,55.0070,55.0070,5.6604,,13,,4,1,,,,,,"[3.59, 4.86, 5.33]"
3e93ea37-79a8-457c-9c13-a1c21e759c6f,Thunder Tactical Shooters USPSA Match 8NOV2025 ,2025-11-08,7,The Thrill Of The Bill Drill,b690be47-ab5f-46fd-9438-45baf2caaf2a,Napoleon Lewis (LastActionHero),46,60.49,24,60.49,Limited Optics,C,A154149,MINOR,Senior; Military,54.4453,54.4453,5.6026,,16,,2,,,,,,,"[2.74, 6.39, 6.22]"
3e93ea37-79a8-457c-9c13-a1c21e759c6f,Thunder Tactical Shooters USPSA Match 8NOV2025 ,2025-11-08,7,The Thrill Of The Bill Drill,b690be47-ab5f-46fd-9438-45baf2caaf2a,Keith Bowman Jr,47,60.07,25,60.07,Limited Optics,C,A157830,MINOR,,54.0634,54.0634,5.5633,,13,,5,,,,,,,"[3.40, 5.56, 5.42]"
3e93ea37-79a8-457c-9c13-a1c21e759c6f,Thunder Tactical Shooters USPSA Match 8NOV2025 ,2025-11-08,7,The Thrill Of The Bill Drill,b690be47-ab5f-46fd-9438-45baf2caaf2a,Marcus Carrow,48,60.03,13,68.81,Carry Optics,B,A164691,MINOR,,61.9246,54.0313,5.5600,,18,,,,,,,2,,"[2.47, 4.93, 5.19]"
3e93ea37-79a8-457c-9c13-a1c21e759c6f,Thunder Tactical Shooters USPSA Match 8NOV2025 ,2025-11-08,7,The Thrill Of The Bill Drill,b690be47-ab5f-46fd-9438-45baf2caaf2a,Albert Legislador,49,59.91,7,65.82,Open,C,TY91787,MAJOR,Senior,59.2352,53.9195,5.5485,,16,,2,,,,,,,"[2.76, 6.37, 6.73]"
3e93ea37-79a8-457c-9c13-a1c21e759c6f,Thunder Tactical Shooters USPSA Match 8NOV2025 ,2025-11-08,7,The Thrill Of The Bill Drill,b690be47-ab5f-46fd-9438-45baf2caaf2a,Thomas Zhang,50,59.89,8,65.80,Open,U,A145116,MINOR,Law Enforcement; Military,59.2192,53.9050,5.5470,,11,,5,2,,,,,,"[2.56, 5.15, 5.27]"
3e93ea37-79a8-457c-9c13-a1c21e759c6f,Thunder Tactical Shooters USPSA Match 8NOV2025 ,2025-11-08,7,The Thrill Of The Bill Drill,b690be47-ab5f-46fd-9438-45baf2caaf2a,Marlon Pors,51,59.42,26,59.42,Limited Optics,C,Ty1234,MINOR,Law Enforcement,53.4803,53.4803,5.5033,,11,,7,,,,,,,"[3.42, 4.88, 5.51]"
3e93ea37-79a8-457c-9c13-a1c21e759c6f,Thunder Tactical Shooters USPSA Match 8NOV2025 ,2025-11-08,7,The Thrill Of The Bill Drill,b690be47-ab5f-46fd-9438-45baf2caaf2a,Craig Bellamy,52,59.41,14,68.09,Carry Optics,G,ty54824,MINOR,Law Enforcement,61.2853,53.4735,5.5026,,12,,4,,2,,,,,"[1.90, 3.60, 3.95]"
3e93ea37-79a8-457c-9c13-a1c21e759c6f,Thunder Tactical Shooters USPSA Match 8NOV2025 ,2025-11-08,7,The Thrill Of The Bill Drill,b690be47-ab5f-46fd-9438-45baf2caaf2a,Paul Torre,53,59.28,15,67.94,Carry Optics,B,TY88028,MINOR,Law Enforcement,61.1472,53.3530,5.4902,,8,,10,,,,,,,"[2.79, 4.41, 5.55]"
3e93ea37-79a8-457c-9c13-a1c21e759c6f,Thunder Tactical Shooters USPSA Match 8NOV2025 ,2025-11-08,7,The Thrill Of The Bill Drill,b690be47-ab5f-46fd-9438-45baf2caaf2a,NeaL NaNDiN,54,59.19,9,65.03,Open,C,FY71894,MAJOR,,58.5274,53.2752,5.4822,,13,,4,1,,,,,,"[2.77, 6.71, 5.66]"
3e93ea37-79a8-457c-9c13-a1c21e759c6f,Thunder Tactical Shooters USPSA Match 8NOV2025 ,2025-11-08,7,The Thrill Of The Bill Drill,b690be47-ab5f-46fd-9438-45baf2caaf2a,GLENN McKinney,55,58.29,1,100.00,Single Stack,C,FY8311,MAJOR,Super Senior,90.0000,52.4619,5.3985,,12,,6,,,,,,,"[3.23, 5.75, 6.58]"
3e93ea37-79a8-457c-9c13-a1c21e759c6f,Thunder Tactical Shooters USPSA Match 8NOV2025 ,2025-11-08,7,The Thrill Of The Bill Drill,b690be47-ab5f-46fd-9438-45baf2caaf2a,Stephanie Marie,56,57.15,16,65.49,Carry Optics,B,A139099,MINOR,Lady,58.9453,51.4318,5.2925,,11,,7,,,,,,,"[2.99, 5.56, 5.81]"
3e93ea37-79a8-457c-9c13-a1c21e759c6f,Thunder Tactical Shooters USPSA Match 8NOV2025 ,2025-11-08,7,The Thrill Of The Bill Drill,b690be47-ab5f-46fd-9438-45baf2caaf2a,Marshall Quigley,57,56.55,2,97.01,Single Stack,C,A162329,MAJOR,,87.3109,50.8944,5.2372,,13,,5,,,,,,,"[3.61, 5.75, 6.87]"
3e93ea37-79a8-457c-9c13-a1c21e759c6f,Thunder Tactical Shooters USPSA Match 8NOV2025 ,2025-11-08,7,The Thrill Of The Bill Drill,b690be47-ab5f-46fd-9438-45baf2caaf2a,Emman Alcoseba,58,56.21,2,66.22,Limited,C,TY67519,MINOR,,59.5966,50.5863,5.2055,,12,,5,1,,,,,,"[3.40, 5.49, 5.71]"
3e93ea37-79a8-457c-9c13-a1c21e759c6f,Thunder Tactical Shooters USPSA Match 8NOV2025 ,2025-11-08,7,The Thrill Of The Bill Drill,b690be47-ab5f-46fd-9438-45baf2caaf2a,Michael Hanover,59,55.78,17,63.93,Carry Optics,A,TY146302,MINOR,,57.5375,50.2034,5.1661,,16,,1,1,,,,,,"[3.26, 4.36, 8.64]"
3e93ea37-79a8-457c-9c13-a1c21e759c6f,Thunder Tactical Shooters USPSA Match 8NOV2025 ,2025-11-08,7,The Thrill Of The Bill Drill,b690be47-ab5f-46fd-9438-45baf2caaf2a,Hugh “Skippy” Fullerton,60,55.72,27,55.72,Limited Optics,B,A140572,MINOR,,50.1519,50.1519,5.1608,,14,,3,,1,,,,,"[2.81, 4.81, 5.75]"
3e93ea37-79a8-457c-9c13-a1c21e759c6f,Thunder Tactical Shooters USPSA Match 8NOV2025 ,2025-11-08,7,The Thrill Of The Bill Drill,b690be47-ab5f-46fd-9438-45baf2caaf2a,Gennady Khokhorin,61,55.21,1,100.00,Production,B,A123884,MINOR,Super Senior,90.0000,49.6894,5.1132,,9,,8,1,,,,,,"[2.71, 4.96, 6.02]"
3e93ea37-79a8-457c-9c13-a1c21e759c6f,Thunder Tactical Shooters USPSA Match 8NOV2025 ,2025-11-08,7,The Thrill Of The Bill Drill,b690be47-ab5f-46fd-9438-45baf2caaf2a,chris bulkley,62,50.59,18,57.98,Carry Optics,B,A159469,MINOR,,52.1826,45.5311,4.6853,,13,,4,,1,,,,,"[2.76, 5.01, 6.53]"
3e93ea37-79a8-457c-9c13-a1c21e759c6f,Thunder Tactical Shooters USPSA Match 8NOV2025 ,2025-11-08,7,The Thrill Of The Bill Drill,b690be47-ab5f-46fd-9438-45baf2caaf2a,Tyler Denmon,63,50.13,28,50.13,Limited Optics,A,A156054,MINOR,,45.1190,45.1190,4.6429,,13,,3,1,1,,,,,"[1.97, 7.92, 4.11]"
3e93ea37-79a8-457c-9c13-a1c21e759c6f,Thunder Tactical Shooters USPSA Match 8NOV2025 ,2025-11-08,7,The Thrill Of The Bill Drill,b690be47-ab5f-46fd-9438-45baf2caaf2a,Eric Mccampbell,64,49.64,3,85.15,Single Stack,C,A14332,MAJOR,Senior,76.6363,44.6720,4.5969,,5,,7,6,,,,,,"[3.27, 5.26, 5.61]"
3e93ea37-79a8-457c-9c13-a1c21e759c6f,Thunder Tactical Shooters USPSA Match 8NOV2025 ,2025-11-08,7,The Thrill Of The Bill Drill,b690be47-ab5f-46fd-9438-45baf2caaf2a,Gary Wu,65,49.47,29,49.47,Limited Optics,B,L2998,MINOR,Senior,44.5195,44.5195,4.5812,,11,,4,3,,,,,,"[3.03, 6.56, 5.69]"
3e93ea37-79a8-457c-9c13-a1c21e759c6f,Thunder Tactical Shooters USPSA Match 8NOV2025 ,2025-11-08,7,The Thrill Of The Bill Drill,b690be47-ab5f-46fd-9438-45baf2caaf2a,Bob Purcell,66,48.59,30,48.59,Limited Optics,U,TY111994,MINOR,Super Senior,43.7274,43.7274,4.4997,,12,,5,1,,,,,,"[3.62, 6.23, 7.04]"
3e93ea37-79a8-457c-9c13-a1c21e759c6f,Thunder Tactical Shooters USPSA Match 8NOV2025 ,2025-11-08,7,The Thrill Of The Bill Drill,b690be47-ab5f-46fd-9438-45baf2caaf2a,"Byron ""BigBDaShooter"" McGowen",67,47.48,10,52.16,Open,D,A159731,MAJOR,Military,46.9441,42.7314,4.3972,,17,,1,,,,,,,"[3.03, 7.46, 9.75]"
3e93ea37-79a8-457c-9c13-a1c21e759c6f,Thunder Tactical Shooters USPSA Match 8NOV2025 ,2025-11-08,7,The Thrill Of The Bill Drill,b690be47-ab5f-46fd-9438-45baf2caaf2a,Andrew Bowman,68,47.36,4,81.24,Single Stack,C,TY153695,MINOR,,73.1203,42.6225,4.3860,,10,,6,2,,,,,,"[3.11, 5.74, 7.11]"
3e93ea37-79a8-457c-9c13-a1c21e759c6f,Thunder Tactical Shooters USPSA Match 8NOV2025 ,2025-11-08,7,The Thrill Of The Bill Drill,b690be47-ab5f-46fd-9438-45baf2caaf2a,Valter Gonzalez,69,46.95,19,53.80,Carry Optics,U,A172969,MINOR,,48.4237,42.2513,4.3478,,14,,4,,,,,,,"[4.20, 6.63, 8.03]"
3e93ea37-79a8-457c-9c13-a1c21e759c6f,Thunder Tactical Shooters USPSA Match 8NOV2025 ,2025-11-08,7,The Thrill Of The Bill Drill,b690be47-ab5f-46fd-9438-45baf2caaf2a,Waltz Noguerra,70,46.22,20,52.97,Carry Optics,C,A137731,MINOR,Senior,47.6708,41.5944,4.2802,,17,,1,,,,,,,"[3.83, 6.01, 10.72]"
3e93ea37-79a8-457c-9c13-a1c21e759c6f,Thunder Tactical Shooters USPSA Match 8NOV2025 ,2025-11-08,7,The Thrill Of The Bill Drill,b690be47-ab5f-46fd-9438-45baf2caaf2a,Rudy Widiaman,71,43.95,31,43.95,Limited Optics,X,X,MINOR,,39.5536,39.5536,4.0702,,10,,5,3,,,,1,,"[3.02, 4.92, 6.31]"
3e93ea37-79a8-457c-9c13-a1c21e759c6f,Thunder Tactical Shooters USPSA Match 8NOV2025 ,2025-11-08,7,The Thrill Of The Bill Drill,b690be47-ab5f-46fd-9438-45baf2caaf2a,Justin Ledet,72,43.71,21,50.10,Carry Optics,U,A166201,MINOR,,45.0858,39.3389,4.0481,,12,,4,2,,,,,,"[2.96, 5.74, 9.58]"
3e93ea37-79a8-457c-9c13-a1c21e759c6f,Thunder Tactical Shooters USPSA Match 8NOV2025 ,2025-11-08,7,The Thrill Of The Bill Drill,b690be47-ab5f-46fd-9438-45baf2caaf2a,Travis Edwards,73,39.79,32,39.79,Limited Optics,A,A107004,MINOR,,35.8113,35.8113,3.6851,,9,,6,1,2,,,,,"[2.60, 4.57, 4.77]"
3e93ea37-79a8-457c-9c13-a1c21e759c6f,Thunder Tactical Shooters USPSA Match 8NOV2025 ,2025-11-08,7,The Thrill Of The Bill Drill,b690be47-ab5f-46fd-9438-45baf2caaf2a,Lee King,74,39.59,22,45.38,Carry Optics,C,A163654,MINOR,Super Senior,40.8413,35.6354,3.6670,,10,,8,,,,,,,"[3.73, 7.29, 9.16]"
3e93ea37-79a8-457c-9c13-a1c21e759c6f,Thunder Tactical Shooters USPSA Match 8NOV2025 ,2025-11-08,7,The Thrill Of The Bill Drill,b690be47-ab5f-46fd-9438-45baf2caaf2a,Jeremiah Hunt,75,38.59,5,66.19,Single Stack,U,a148592,MAJOR,,59.5749,34.7268,3.5735,,5,,12,,1,,,,,"[4.23, 6.40, 7.00]"
3e93ea37-79a8-457c-9c13-a1c21e759c6f,Thunder Tactical Shooters USPSA Match 8NOV2025 ,2025-11-08,7,The Thrill Of The Bill Drill,b690be47-ab5f-46fd-9438-45baf2caaf2a,Cole Bellamy,76,37.02,23,42.42,Carry Optics,D,ty148788,MINOR,Junior,38.1805,33.3138,3.4281,,15,,2,1,,,,,,"[3.92, 5.88, 14.12]"
3e93ea37-79a8-457c-9c13-a1c21e759c6f,Thunder Tactical Shooters USPSA Match 8NOV2025 ,2025-11-08,7,The Thrill Of The Bill Drill,b690be47-ab5f-46fd-9438-45baf2caaf2a,Jerry Bedro,77,34.46,33,34.46,Limited Optics,B,A98263,MINOR,,31.0145,31.0145,3.1915,,12,,4,,2,,,1,,"[2.52, 4.94, 5.70]"
3e93ea37-79a8-457c-9c13-a1c21e759c6f,Thunder Tactical Shooters USPSA Match 8NOV2025 ,2025-11-08,7,The Thrill Of The Bill Drill,b690be47-ab5f-46fd-9438-45baf2caaf2a,Fred Ermac,78,32.27,34,32.27,Limited Optics,U,A106437,MINOR,,29.0389,29.0389,2.9882,,7,,9,1,1,,,1,,"[2.78, 4.95, 6.66]"
3e93ea37-79a8-457c-9c13-a1c21e759c6f,Thunder Tactical Shooters USPSA Match 8NOV2025 ,2025-11-08,7,The Thrill Of The Bill Drill,b690be47-ab5f-46fd-9438-45baf2caaf2a,ian loyd,79,17.87,24,20.48,Carry Optics,U,A148072,MINOR,,18.4304,16.0811,1.6548,,7,,7,2,2,,,1,,"[3.31, 6.27, 7.34]"
3e93ea37-79a8-457c-9c13-a1c21e759c6f,Thunder Tactical Shooters USPSA Match 8NOV2025 ,2025-11-08,7,The Thrill Of The Bill Drill,b690be47-ab5f-46fd-9438-45baf2caaf2a,Charles Morris,80,0.00,25,0.00,Carry Optics,C,A75102,MINOR,Super Senior,0.0000,0.0000,,,,,,,,,,,,
