match_id,match_name,match_date,stage_number,stage_name,stage_uuid,shooter_name,shooter_rank_combined,shooter_percent_combined,shooter_rank_division,shooter_percent_division,division,class,member_number,power_factor,categories,stage_points,stage_points_combined,hit_factor,time,A,B,C,D,M,NPM,NS,Proc,Apen
3f5c7156-96cb-4738-8351-2ea0e46dff5e,GPS USPSA August Extra Saturday 2024,2024-08-31,1,Bay 4,1a02024f-1242-4deb-8f53-994b68f627ce,Taylor Snodgrass,1,100.00,1,100.00,Limited Optics,A,A159149,MINOR,,120.0000,120.0000,9.6220,11.64,20,,4,,,,,,
3f5c7156-96cb-4738-8351-2ea0e46dff5e,GPS USPSA August Extra Saturday 2024,2024-08-31,1,Bay 4,1a02024f-1242-4deb-8f53-994b68f627ce,Chez Chike-Udenze,2,93.29,1,100.00,Open,M,A138598,MAJOR,,120.0000,111.9485,8.9764,12.70,18,,6,,,,,,
3f5c7156-96cb-4738-8351-2ea0e46dff5e,GPS USPSA August Extra Saturday 2024,2024-08-31,1,Bay 4,1a02024f-1242-4deb-8f53-994b68f627ce,Jay-R delos-Santos,3,92.45,1,100.00,PCC,B,A70297,MINOR,Senior,120.0000,110.9420,8.8957,13.04,22,,2,,,,,,
3f5c7156-96cb-4738-8351-2ea0e46dff5e,GPS USPSA August Extra Saturday 2024,2024-08-31,1,Bay 4,1a02024f-1242-4deb-8f53-994b68f627ce,Brandon Foss,4,91.93,1,100.00,Carry Optics,M,L5142,MINOR,,120.0000,110.3172,8.8456,13.34,23,,1,,,,,,
3f5c7156-96cb-4738-8351-2ea0e46dff5e,GPS USPSA August Extra Saturday 2024,2024-08-31,1,Bay 4,1a02024f-1242-4deb-8f53-994b68f627ce,Bobby Ivester,5,88.23,2,95.43,PCC,A,A101336,MINOR,Lady,114.5165,105.8724,8.4892,13.90,23,,1,,,,,,
3f5c7156-96cb-4738-8351-2ea0e46dff5e,GPS USPSA August Extra Saturday 2024,2024-08-31,1,Bay 4,1a02024f-1242-4deb-8f53-994b68f627ce,Craig Bellamy,6,87.37,1,100.00,Production,U,TY54824,MINOR,Law Enforcement,120.0000,104.8485,8.4071,13.56,21,,3,,,,,,
3f5c7156-96cb-4738-8351-2ea0e46dff5e,GPS USPSA August Extra Saturday 2024,2024-08-31,1,Bay 4,1a02024f-1242-4deb-8f53-994b68f627ce,Sheng Onia,7,86.88,2,86.88,Limited Optics,U,0,MINOR,Senior,104.2561,104.2561,8.3596,12.68,17,,7,,,,,,
3f5c7156-96cb-4738-8351-2ea0e46dff5e,GPS USPSA August Extra Saturday 2024,2024-08-31,1,Bay 4,1a02024f-1242-4deb-8f53-994b68f627ce,Richard Inzunza,8,86.80,2,93.04,Open,B,A135623,MAJOR,Senior,111.6474,104.1563,8.3516,13.65,18,,6,,,,,,
3f5c7156-96cb-4738-8351-2ea0e46dff5e,GPS USPSA August Extra Saturday 2024,2024-08-31,1,Bay 4,1a02024f-1242-4deb-8f53-994b68f627ce,Rolan Ocampo,9,86.41,3,86.41,Limited Optics,A,,MINOR,,103.6924,103.6924,8.3144,13.23,19,,5,,,,,,
3f5c7156-96cb-4738-8351-2ea0e46dff5e,GPS USPSA August Extra Saturday 2024,2024-08-31,1,Bay 4,1a02024f-1242-4deb-8f53-994b68f627ce,JC Aguinaldo,10,86.17,4,86.17,Limited Optics,U,0,MINOR,,103.3993,103.3993,8.2909,13.75,21,,3,,,,,,
3f5c7156-96cb-4738-8351-2ea0e46dff5e,GPS USPSA August Extra Saturday 2024,2024-08-31,1,Bay 4,1a02024f-1242-4deb-8f53-994b68f627ce,Khoa Nguyen,11,85.82,5,85.82,Limited Optics,A,A117224,MINOR,Law Enforcement,102.9827,102.9827,8.2575,14.29,23,,1,,,,,,
3f5c7156-96cb-4738-8351-2ea0e46dff5e,GPS USPSA August Extra Saturday 2024,2024-08-31,1,Bay 4,1a02024f-1242-4deb-8f53-994b68f627ce,Vinh Lam,12,85.64,1,100.00,Limited,M,Ty101025,MAJOR,,120.0000,102.7645,8.2400,12.50,21,,2,,1,,,,
3f5c7156-96cb-4738-8351-2ea0e46dff5e,GPS USPSA August Extra Saturday 2024,2024-08-31,1,Bay 4,1a02024f-1242-4deb-8f53-994b68f627ce,Berrhett Foss,13,85.02,2,92.48,Carry Optics,B,A143624,MINOR,,110.9772,102.0224,8.1805,14.18,22,,2,,,,,,
3f5c7156-96cb-4738-8351-2ea0e46dff5e,GPS USPSA August Extra Saturday 2024,2024-08-31,1,Bay 4,1a02024f-1242-4deb-8f53-994b68f627ce,Marco Yue,14,83.63,3,90.46,PCC,M,L5762,MINOR,,108.5500,100.3563,8.0469,12.80,22,,1,,1,,,,
3f5c7156-96cb-4738-8351-2ea0e46dff5e,GPS USPSA August Extra Saturday 2024,2024-08-31,1,Bay 4,1a02024f-1242-4deb-8f53-994b68f627ce,Michael Hanover,15,83.14,6,83.14,Limited Optics,A,A146302,MINOR,,99.7714,99.7714,8.0000,14.50,22,,2,,,,,,
3f5c7156-96cb-4738-8351-2ea0e46dff5e,GPS USPSA August Extra Saturday 2024,2024-08-31,1,Bay 4,1a02024f-1242-4deb-8f53-994b68f627ce,Jason Wells,16,82.97,7,82.97,Limited Optics,B,L5218,MINOR,,99.5581,99.5581,7.9829,14.03,20,,4,,,,,,
3f5c7156-96cb-4738-8351-2ea0e46dff5e,GPS USPSA August Extra Saturday 2024,2024-08-31,1,Bay 4,1a02024f-1242-4deb-8f53-994b68f627ce,CHAN WILLIAM,17,79.73,2,93.11,Limited,,,MAJOR,,111.7282,95.6807,7.6720,15.12,20,,4,,,,,,
3f5c7156-96cb-4738-8351-2ea0e46dff5e,GPS USPSA August Extra Saturday 2024,2024-08-31,1,Bay 4,1a02024f-1242-4deb-8f53-994b68f627ce,Karys Bellamy,18,78.41,8,78.41,Limited Optics,C,A130774,MINOR,Lady; Junior,94.0944,94.0944,7.5448,15.64,23,,1,,,,,,
3f5c7156-96cb-4738-8351-2ea0e46dff5e,GPS USPSA August Extra Saturday 2024,2024-08-31,1,Bay 4,1a02024f-1242-4deb-8f53-994b68f627ce,Travis McKenzie,19,77.24,9,77.24,Limited Optics,M,L6340,MINOR,,92.6926,92.6926,7.4324,13.32,20,,3,,1,,,,
3f5c7156-96cb-4738-8351-2ea0e46dff5e,GPS USPSA August Extra Saturday 2024,2024-08-31,1,Bay 4,1a02024f-1242-4deb-8f53-994b68f627ce,David Nelson,20,76.83,3,83.57,Carry Optics,A,A148511,MINOR,,100.2899,92.1975,7.3927,15.15,20,,4,,,,,,
3f5c7156-96cb-4738-8351-2ea0e46dff5e,GPS USPSA August Extra Saturday 2024,2024-08-31,1,Bay 4,1a02024f-1242-4deb-8f53-994b68f627ce,Rudy Widiaman,21,75.46,4,81.62,PCC,U,,MINOR,,97.9444,90.5512,7.2607,15.15,19,,5,,,,,,
3f5c7156-96cb-4738-8351-2ea0e46dff5e,GPS USPSA August Extra Saturday 2024,2024-08-31,1,Bay 4,1a02024f-1242-4deb-8f53-994b68f627ce,Zachary Ralston,22,74.55,4,81.09,Carry Optics,M,A123081,MINOR,,97.3135,89.4612,7.1733,14.08,21,,2,,1,,,,
3f5c7156-96cb-4738-8351-2ea0e46dff5e,GPS USPSA August Extra Saturday 2024,2024-08-31,1,Bay 4,1a02024f-1242-4deb-8f53-994b68f627ce,Tony Vale,23,74.24,5,80.75,Carry Optics,B,A153735,MINOR,,96.9011,89.0821,7.1429,14.84,17,,7,,,,,,
3f5c7156-96cb-4738-8351-2ea0e46dff5e,GPS USPSA August Extra Saturday 2024,2024-08-31,1,Bay 4,1a02024f-1242-4deb-8f53-994b68f627ce,George Zhou,24,72.93,6,79.33,Carry Optics,B,A146179,MINOR,,95.1999,87.5182,7.0175,15.96,20,,4,,,,,,
3f5c7156-96cb-4738-8351-2ea0e46dff5e,GPS USPSA August Extra Saturday 2024,2024-08-31,1,Bay 4,1a02024f-1242-4deb-8f53-994b68f627ce,David Zhang,25,72.47,3,77.68,Open,C,FY140383,MAJOR,,93.2124,86.9582,6.9726,16.78,21,,3,,,,,,
3f5c7156-96cb-4738-8351-2ea0e46dff5e,GPS USPSA August Extra Saturday 2024,2024-08-31,1,Bay 4,1a02024f-1242-4deb-8f53-994b68f627ce,Don Sanders,26,72.23,4,77.43,Open,B,FY46389,MAJOR,Senior,92.9143,86.6801,6.9503,16.69,20,,4,,,,,,
3f5c7156-96cb-4738-8351-2ea0e46dff5e,GPS USPSA August Extra Saturday 2024,2024-08-31,1,Bay 4,1a02024f-1242-4deb-8f53-994b68f627ce,Eric Wu,27,71.93,2,82.32,Production,C,,MINOR,,98.7851,86.3122,6.9208,17.05,23,,1,,,,,,
3f5c7156-96cb-4738-8351-2ea0e46dff5e,GPS USPSA August Extra Saturday 2024,2024-08-31,1,Bay 4,1a02024f-1242-4deb-8f53-994b68f627ce,Joseph White,28,71.72,7,78.01,Carry Optics,B,A135489,MINOR,Law Enforcement,93.6154,86.0615,6.9007,16.52,21,,3,,,,,,
3f5c7156-96cb-4738-8351-2ea0e46dff5e,GPS USPSA August Extra Saturday 2024,2024-08-31,1,Bay 4,1a02024f-1242-4deb-8f53-994b68f627ce,Devin Yolo,29,71.68,5,77.53,PCC,,,MINOR,,93.0328,86.0104,6.8966,15.95,20,,3,1,,,,,
3f5c7156-96cb-4738-8351-2ea0e46dff5e,GPS USPSA August Extra Saturday 2024,2024-08-31,1,Bay 4,1a02024f-1242-4deb-8f53-994b68f627ce,Ray Perez,30,71.43,8,77.70,Carry Optics,U,A162192,MINOR,Law Enforcement,93.2382,85.7148,6.8729,17.46,24,,,,,,,,
3f5c7156-96cb-4738-8351-2ea0e46dff5e,GPS USPSA August Extra Saturday 2024,2024-08-31,1,Bay 4,1a02024f-1242-4deb-8f53-994b68f627ce,Amber Chike-Udenze,31,71.42,6,77.25,PCC,U,A138974,MINOR,Lady,92.6956,85.6986,6.8716,16.59,21,,3,,,,,,
3f5c7156-96cb-4738-8351-2ea0e46dff5e,GPS USPSA August Extra Saturday 2024,2024-08-31,1,Bay 4,1a02024f-1242-4deb-8f53-994b68f627ce,Virak Meas,32,71.36,10,71.36,Limited Optics,U,O,MINOR,Senior,85.6375,85.6375,6.8667,15.00,22,,1,,1,,,,
3f5c7156-96cb-4738-8351-2ea0e46dff5e,GPS USPSA August Extra Saturday 2024,2024-08-31,1,Bay 4,1a02024f-1242-4deb-8f53-994b68f627ce,Doug Joder,33,69.89,7,75.59,PCC,B,TY115020,MINOR,,90.7126,83.8653,6.7246,17.25,22,,2,,,,,,
3f5c7156-96cb-4738-8351-2ea0e46dff5e,GPS USPSA August Extra Saturday 2024,2024-08-31,1,Bay 4,1a02024f-1242-4deb-8f53-994b68f627ce,Michael Martin,34,69.72,11,69.72,Limited Optics,B,TY147450,MINOR,Military,83.6633,83.6633,6.7084,17.59,23,,1,,,,,,
3f5c7156-96cb-4738-8351-2ea0e46dff5e,GPS USPSA August Extra Saturday 2024,2024-08-31,1,Bay 4,1a02024f-1242-4deb-8f53-994b68f627ce,Ross Apffel,35,68.88,9,74.93,Carry Optics,U,L4428,MINOR,,89.9118,82.6568,6.6277,15.39,20,,4,,,,1,,
3f5c7156-96cb-4738-8351-2ea0e46dff5e,GPS USPSA August Extra Saturday 2024,2024-08-31,1,Bay 4,1a02024f-1242-4deb-8f53-994b68f627ce,Jason Bright,36,68.59,10,74.61,Carry Optics,A,A93447,MINOR,Law Enforcement,89.5347,82.3101,6.5999,16.97,21,,2,1,,,,,
3f5c7156-96cb-4738-8351-2ea0e46dff5e,GPS USPSA August Extra Saturday 2024,2024-08-31,1,Bay 4,1a02024f-1242-4deb-8f53-994b68f627ce,Phyl Santos,37,68.27,11,74.27,Carry Optics,B,A155981,MINOR,,89.1196,81.9285,6.5693,15.07,20,,3,,1,,,,
3f5c7156-96cb-4738-8351-2ea0e46dff5e,GPS USPSA August Extra Saturday 2024,2024-08-31,1,Bay 4,1a02024f-1242-4deb-8f53-994b68f627ce,Brandon Hunt,38,67.39,12,67.39,Limited Optics,C,FY150701,MINOR,,80.8722,80.8722,6.4846,17.58,21,,3,,,,,,
3f5c7156-96cb-4738-8351-2ea0e46dff5e,GPS USPSA August Extra Saturday 2024,2024-08-31,1,Bay 4,1a02024f-1242-4deb-8f53-994b68f627ce,Jerry Bedro,39,67.35,8,72.85,PCC,B,A98263,MINOR,,87.4157,80.8173,6.4802,14.66,18,,5,,1,,,,
3f5c7156-96cb-4738-8351-2ea0e46dff5e,GPS USPSA August Extra Saturday 2024,2024-08-31,1,Bay 4,1a02024f-1242-4deb-8f53-994b68f627ce,Andrew Whitley,40,66.61,5,71.41,Open,A,TY106649,MAJOR,,85.6860,79.9368,6.4096,18.41,22,,2,,,,,,
3f5c7156-96cb-4738-8351-2ea0e46dff5e,GPS USPSA August Extra Saturday 2024,2024-08-31,1,Bay 4,1a02024f-1242-4deb-8f53-994b68f627ce,Jacob Scott,41,66.40,12,72.23,Carry Optics,M,148292,MINOR,,86.6736,79.6799,6.3890,17.53,20,,4,,,,,,
3f5c7156-96cb-4738-8351-2ea0e46dff5e,GPS USPSA August Extra Saturday 2024,2024-08-31,1,Bay 4,1a02024f-1242-4deb-8f53-994b68f627ce,Tyler Kenny,42,66.37,6,71.15,Open,U,A148691,MINOR,,85.3785,79.6500,6.3866,17.85,21,,3,,,,,,
3f5c7156-96cb-4738-8351-2ea0e46dff5e,GPS USPSA August Extra Saturday 2024,2024-08-31,1,Bay 4,1a02024f-1242-4deb-8f53-994b68f627ce,Travis Walton,43,65.99,13,71.78,Carry Optics,C,A159321,MINOR,,86.1337,79.1835,6.3492,18.90,24,,,,,,,,
3f5c7156-96cb-4738-8351-2ea0e46dff5e,GPS USPSA August Extra Saturday 2024,2024-08-31,1,Bay 4,1a02024f-1242-4deb-8f53-994b68f627ce,Matthew Givens,44,65.59,9,70.94,PCC,B,Ty137686,MINOR,,85.1333,78.7071,6.3110,17.43,20,,3,1,,,,,
3f5c7156-96cb-4738-8351-2ea0e46dff5e,GPS USPSA August Extra Saturday 2024,2024-08-31,1,Bay 4,1a02024f-1242-4deb-8f53-994b68f627ce,Carlos Escandon,45,65.10,13,65.10,Limited Optics,B,L2590,MINOR,Super Senior,78.1147,78.1147,6.2635,18.52,22,,2,,,,,,
3f5c7156-96cb-4738-8351-2ea0e46dff5e,GPS USPSA August Extra Saturday 2024,2024-08-31,1,Bay 4,1a02024f-1242-4deb-8f53-994b68f627ce,Mike Junco,46,64.87,14,64.87,Limited Optics,A,FY34819,MINOR,Senior; Law Enforcement,77.8441,77.8441,6.2418,15.22,18,,5,,1,,,,
3f5c7156-96cb-4738-8351-2ea0e46dff5e,GPS USPSA August Extra Saturday 2024,2024-08-31,1,Bay 4,1a02024f-1242-4deb-8f53-994b68f627ce,Kolton Cox,47,64.74,15,64.74,Limited Optics,B,A155275,MINOR,,77.6907,77.6907,6.2295,15.25,18,,5,,1,,,,
3f5c7156-96cb-4738-8351-2ea0e46dff5e,GPS USPSA August Extra Saturday 2024,2024-08-31,1,Bay 4,1a02024f-1242-4deb-8f53-994b68f627ce,james rogers,48,64.00,16,64.00,Limited Optics,U,A101402,MINOR,Law Enforcement,76.8040,76.8040,6.1584,17.05,23,,,,1,,,,
3f5c7156-96cb-4738-8351-2ea0e46dff5e,GPS USPSA August Extra Saturday 2024,2024-08-31,1,Bay 4,1a02024f-1242-4deb-8f53-994b68f627ce,Jack Liu,49,63.99,10,69.21,PCC,A,,MINOR,Law Enforcement,83.0559,76.7865,6.1570,14.78,16,,7,,1,,,,
3f5c7156-96cb-4738-8351-2ea0e46dff5e,GPS USPSA August Extra Saturday 2024,2024-08-31,1,Bay 4,1a02024f-1242-4deb-8f53-994b68f627ce,Alex Nguyen,50,63.67,11,68.86,PCC,C,A151003,MINOR,,82.6377,76.3999,6.1260,17.14,23,,,,1,,,,
3f5c7156-96cb-4738-8351-2ea0e46dff5e,GPS USPSA August Extra Saturday 2024,2024-08-31,1,Bay 4,1a02024f-1242-4deb-8f53-994b68f627ce,Jesse Harrington,51,63.13,14,68.67,Carry Optics,B,A153046,MINOR,,82.3989,75.7502,6.0739,15.97,20,,2,1,1,,,,
3f5c7156-96cb-4738-8351-2ea0e46dff5e,GPS USPSA August Extra Saturday 2024,2024-08-31,1,Bay 4,1a02024f-1242-4deb-8f53-994b68f627ce,Gilbert Goodman,52,62.99,15,68.52,Carry Optics,B,A145861,MINOR,,82.2185,75.5843,6.0606,19.14,22,,2,,,,,,
3f5c7156-96cb-4738-8351-2ea0e46dff5e,GPS USPSA August Extra Saturday 2024,2024-08-31,1,Bay 4,1a02024f-1242-4deb-8f53-994b68f627ce,Lee Cardwell,53,62.58,16,68.07,Carry Optics,B,A155173,MINOR,,81.6881,75.0967,6.0215,18.60,20,,4,,,,,,
3f5c7156-96cb-4738-8351-2ea0e46dff5e,GPS USPSA August Extra Saturday 2024,2024-08-31,1,Bay 4,1a02024f-1242-4deb-8f53-994b68f627ce,Matthew Lem,54,62.16,3,71.14,Production,A,A34763,MINOR,Senior; Law Enforcement,85.3721,74.5928,5.9811,19.06,21,,3,,,,,,
3f5c7156-96cb-4738-8351-2ea0e46dff5e,GPS USPSA August Extra Saturday 2024,2024-08-31,1,Bay 4,1a02024f-1242-4deb-8f53-994b68f627ce,Jun Wu,55,61.96,12,67.02,PCC,U,A104927,MINOR,,80.4240,74.3534,5.9619,16.27,19,,4,,1,,,,
3f5c7156-96cb-4738-8351-2ea0e46dff5e,GPS USPSA August Extra Saturday 2024,2024-08-31,1,Bay 4,1a02024f-1242-4deb-8f53-994b68f627ce,Arnold Gee,56,61.78,7,66.23,Open,B,,MAJOR,,79.4711,74.1388,5.9447,16.99,19,,4,,1,,,,
3f5c7156-96cb-4738-8351-2ea0e46dff5e,GPS USPSA August Extra Saturday 2024,2024-08-31,1,Bay 4,1a02024f-1242-4deb-8f53-994b68f627ce,Jeremiah Hunt,57,61.54,17,61.54,Limited Optics,C,A148592,MINOR,,73.8483,73.8483,5.9214,19.59,22,,2,,,,,,
3f5c7156-96cb-4738-8351-2ea0e46dff5e,GPS USPSA August Extra Saturday 2024,2024-08-31,1,Bay 4,1a02024f-1242-4deb-8f53-994b68f627ce,Roger Feng,58,60.00,17,65.27,Carry Optics,B,A157776,MINOR,,78.3183,71.9988,5.7731,15.07,19,,4,,1,,1,,
3f5c7156-96cb-4738-8351-2ea0e46dff5e,GPS USPSA August Extra Saturday 2024,2024-08-31,1,Bay 4,1a02024f-1242-4deb-8f53-994b68f627ce,Pat Byrne,59,55.68,18,60.56,Carry Optics,B,Ty93921,MINOR,Distinguished Senior,72.6748,66.8106,5.3571,17.36,17,,6,,1,,,,
3f5c7156-96cb-4738-8351-2ea0e46dff5e,GPS USPSA August Extra Saturday 2024,2024-08-31,1,Bay 4,1a02024f-1242-4deb-8f53-994b68f627ce,John Ren,60,54.87,3,64.07,Limited,C,,MINOR,,76.8816,65.8391,5.2792,19.70,18,,4,2,,,,,
3f5c7156-96cb-4738-8351-2ea0e46dff5e,GPS USPSA August Extra Saturday 2024,2024-08-31,1,Bay 4,1a02024f-1242-4deb-8f53-994b68f627ce,Yulmer Carreno,61,53.43,19,58.12,Carry Optics,U,A157204,MINOR,,69.7459,64.1181,5.1412,17.70,17,,5,1,1,,,,
3f5c7156-96cb-4738-8351-2ea0e46dff5e,GPS USPSA August Extra Saturday 2024,2024-08-31,1,Bay 4,1a02024f-1242-4deb-8f53-994b68f627ce,Teddy Elarmo,62,53.32,18,53.32,Limited Optics,U,A142885,MINOR,,63.9846,63.9846,5.1305,22.61,22,,2,,,,,,
3f5c7156-96cb-4738-8351-2ea0e46dff5e,GPS USPSA August Extra Saturday 2024,2024-08-31,1,Bay 4,1a02024f-1242-4deb-8f53-994b68f627ce,Jeannie Marrone,63,52.84,8,56.65,Open,C,TY133357,MAJOR,Lady; Super Senior,67.9742,63.4134,5.0847,23.01,21,,3,,,,,,
3f5c7156-96cb-4738-8351-2ea0e46dff5e,GPS USPSA August Extra Saturday 2024,2024-08-31,1,Bay 4,1a02024f-1242-4deb-8f53-994b68f627ce,Abrahan Figueroa,64,52.48,19,52.48,Limited Optics,U,TY54053,MINOR,Senior,62.9719,62.9719,5.0493,16.24,18,,4,,2,,,,
3f5c7156-96cb-4738-8351-2ea0e46dff5e,GPS USPSA August Extra Saturday 2024,2024-08-31,1,Bay 4,1a02024f-1242-4deb-8f53-994b68f627ce,Ian Doskocil,65,51.32,20,55.83,Carry Optics,U,,MINOR,Law Enforcement,66.9933,61.5876,4.9383,24.30,24,,,,,,,,
3f5c7156-96cb-4738-8351-2ea0e46dff5e,GPS USPSA August Extra Saturday 2024,2024-08-31,1,Bay 4,1a02024f-1242-4deb-8f53-994b68f627ce,Robin Chen,66,51.10,21,55.59,Carry Optics,C,A152878,MINOR,Lady; Law Enforcement,66.7084,61.3257,4.9173,23.59,22,,2,,,,,,
3f5c7156-96cb-4738-8351-2ea0e46dff5e,GPS USPSA August Extra Saturday 2024,2024-08-31,1,Bay 4,1a02024f-1242-4deb-8f53-994b68f627ce,Gary Wu,67,49.01,9,52.53,Open,B,L2998,MAJOR,Senior,63.0413,58.8115,4.7157,21.63,20,,3,,1,,,,
3f5c7156-96cb-4738-8351-2ea0e46dff5e,GPS USPSA August Extra Saturday 2024,2024-08-31,1,Bay 4,1a02024f-1242-4deb-8f53-994b68f627ce,Paul Torre,68,48.95,22,53.24,Carry Optics,C,A88028,MINOR,Law Enforcement,63.8935,58.7379,4.7098,23.78,20,,4,,,,,,
3f5c7156-96cb-4738-8351-2ea0e46dff5e,GPS USPSA August Extra Saturday 2024,2024-08-31,1,Bay 4,1a02024f-1242-4deb-8f53-994b68f627ce,Chris Totcky,69,47.83,20,47.83,Limited Optics,,A161312,MINOR,,57.3960,57.3960,4.6022,25.64,23,,1,,,,,,
3f5c7156-96cb-4738-8351-2ea0e46dff5e,GPS USPSA August Extra Saturday 2024,2024-08-31,1,Bay 4,1a02024f-1242-4deb-8f53-994b68f627ce,Dan Schreiber,70,47.36,21,47.36,Limited Optics,C,A147899,MINOR,Super Senior,56.8273,56.8273,4.5566,24.58,21,,2,1,,,,,
3f5c7156-96cb-4738-8351-2ea0e46dff5e,GPS USPSA August Extra Saturday 2024,2024-08-31,1,Bay 4,1a02024f-1242-4deb-8f53-994b68f627ce,Michael Pontious,71,46.66,23,50.76,Carry Optics,B,fy94575,MINOR,Senior,60.9089,55.9942,4.4898,22.05,20,,3,,1,,,,
3f5c7156-96cb-4738-8351-2ea0e46dff5e,GPS USPSA August Extra Saturday 2024,2024-08-31,1,Bay 4,1a02024f-1242-4deb-8f53-994b68f627ce,Pocholo Dimayuga,72,44.47,4,51.93,Limited,B,A106236,MAJOR,,62.3112,53.3615,4.2787,26.41,19,,4,1,,,,,
3f5c7156-96cb-4738-8351-2ea0e46dff5e,GPS USPSA August Extra Saturday 2024,2024-08-31,1,Bay 4,1a02024f-1242-4deb-8f53-994b68f627ce,TJ Balingit,73,42.23,1,100.00,Single Stack,U,A151010,MINOR,,120.0000,50.6776,4.0635,27.07,20,,3,1,,,,,
3f5c7156-96cb-4738-8351-2ea0e46dff5e,GPS USPSA August Extra Saturday 2024,2024-08-31,1,Bay 4,1a02024f-1242-4deb-8f53-994b68f627ce,Gil Yolo,74,41.83,24,45.50,Carry Optics,M,L5228,MINOR,,54.5980,50.1925,4.0246,14.66,14,,6,1,3,,,,
3f5c7156-96cb-4738-8351-2ea0e46dff5e,GPS USPSA August Extra Saturday 2024,2024-08-31,1,Bay 4,1a02024f-1242-4deb-8f53-994b68f627ce,Jonathan Benitez,75,41.76,25,45.42,Carry Optics,U,,MINOR,Law Enforcement,54.5098,50.1114,4.0181,19.91,17,,5,,2,,,,
3f5c7156-96cb-4738-8351-2ea0e46dff5e,GPS USPSA August Extra Saturday 2024,2024-08-31,1,Bay 4,1a02024f-1242-4deb-8f53-994b68f627ce,Manny Nerona,76,41.27,2,97.72,Single Stack,C,A69445,MAJOR,Super Senior,117.2684,49.5240,3.9710,26.19,22,,1,,1,,,,
3f5c7156-96cb-4738-8351-2ea0e46dff5e,GPS USPSA August Extra Saturday 2024,2024-08-31,1,Bay 4,1a02024f-1242-4deb-8f53-994b68f627ce,Danel Jenkins,77,35.37,26,38.47,Carry Optics,C,TY137797,MINOR,Senior; Law Enforcement,46.1653,42.4402,3.4030,24.39,17,,6,,1,,1,,
3f5c7156-96cb-4738-8351-2ea0e46dff5e,GPS USPSA August Extra Saturday 2024,2024-08-31,1,Bay 4,1a02024f-1242-4deb-8f53-994b68f627ce,George Byrd,78,20.17,3,47.75,Single Stack,D,A84906,MINOR,Distinguished Senior,57.2994,24.1983,1.9403,34.53,17,,4,,3,,,,
3f5c7156-96cb-4738-8351-2ea0e46dff5e,GPS USPSA August Extra Saturday 2024,2024-08-31,1,Bay 4,1a02024f-1242-4deb-8f53-994b68f627ce,Kexin Bai,79,0.00,10,0.00,Open,C,A155638,MAJOR,,0.0000,0.0000,,,,,,,,,,,
3f5c7156-96cb-4738-8351-2ea0e46dff5e,GPS USPSA August Extra Saturday 2024,2024-08-31,1,Bay 4,1a02024f-1242-4deb-8f53-994b68f627ce,joel broughton,80,0.00,4,0.00,Single Stack,B,A83418,MAJOR,Super Senior,0.0000,0.0000,,,,,,,,,,,
3f5c7156-96cb-4738-8351-2ea0e46dff5e,GPS USPSA August Extra Saturday 2024,2024-08-31,2,Bay 5,dcc7c152-c0bd-44b1-b221-b3efe2633ded,Travis McKenzie,1,100.00,1,100.00,Limited Optics,M,L6340,MINOR,,110.0000,110.0000,10.0000,10.80,21,,1,,,,,,
3f5c7156-96cb-4738-8351-2ea0e46dff5e,GPS USPSA August Extra Saturday 2024,2024-08-31,2,Bay 5,dcc7c152-c0bd-44b1-b221-b3efe2633ded,Marco Yue,2,95.41,1,100.00,PCC,M,L5762,MINOR,,110.0000,104.9510,9.5410,11.11,20,,2,,,,,,
3f5c7156-96cb-4738-8351-2ea0e46dff5e,GPS USPSA August Extra Saturday 2024,2024-08-31,2,Bay 5,dcc7c152-c0bd-44b1-b221-b3efe2633ded,Taylor Snodgrass,3,90.58,2,90.58,Limited Optics,A,A159149,MINOR,,99.6380,99.6380,9.0580,11.04,18,,3,1,,,,,
3f5c7156-96cb-4738-8351-2ea0e46dff5e,GPS USPSA August Extra Saturday 2024,2024-08-31,2,Bay 5,dcc7c152-c0bd-44b1-b221-b3efe2633ded,Chez Chike-Udenze,4,90.51,1,100.00,Open,M,A138598,MAJOR,,110.0000,99.5610,9.0510,11.38,17,,4,1,,,,,
3f5c7156-96cb-4738-8351-2ea0e46dff5e,GPS USPSA August Extra Saturday 2024,2024-08-31,2,Bay 5,dcc7c152-c0bd-44b1-b221-b3efe2633ded,Michael Hanover,5,88.24,3,88.24,Limited Optics,A,A146302,MINOR,,97.0585,97.0585,8.8235,12.24,21,,1,,,,,,
3f5c7156-96cb-4738-8351-2ea0e46dff5e,GPS USPSA August Extra Saturday 2024,2024-08-31,2,Bay 5,dcc7c152-c0bd-44b1-b221-b3efe2633ded,Vinh Lam,6,83.40,1,100.00,Limited,M,Ty101025,MAJOR,,110.0000,91.7400,8.3400,12.47,18,,3,1,,,,,
3f5c7156-96cb-4738-8351-2ea0e46dff5e,GPS USPSA August Extra Saturday 2024,2024-08-31,2,Bay 5,dcc7c152-c0bd-44b1-b221-b3efe2633ded,Jack Liu,7,82.94,2,86.92,PCC,A,,MINOR,Law Enforcement,95.6173,91.2285,8.2935,12.54,19,,3,,,,,,
3f5c7156-96cb-4738-8351-2ea0e46dff5e,GPS USPSA August Extra Saturday 2024,2024-08-31,2,Bay 5,dcc7c152-c0bd-44b1-b221-b3efe2633ded,Sheng Onia,8,82.80,4,82.80,Limited Optics,U,0,MINOR,Senior,91.0833,91.0833,8.2803,12.56,19,,3,,,,,,
3f5c7156-96cb-4738-8351-2ea0e46dff5e,GPS USPSA August Extra Saturday 2024,2024-08-31,2,Bay 5,dcc7c152-c0bd-44b1-b221-b3efe2633ded,Tony Vale,9,82.22,1,100.00,Carry Optics,B,A153735,MINOR,,110.0000,90.4365,8.2215,11.92,17,,4,1,,,,,
3f5c7156-96cb-4738-8351-2ea0e46dff5e,GPS USPSA August Extra Saturday 2024,2024-08-31,2,Bay 5,dcc7c152-c0bd-44b1-b221-b3efe2633ded,Jacob Scott,10,81.89,2,99.60,Carry Optics,M,148292,MINOR,,109.5652,90.0790,8.1890,12.70,19,,3,,,,,,
3f5c7156-96cb-4738-8351-2ea0e46dff5e,GPS USPSA August Extra Saturday 2024,2024-08-31,2,Bay 5,dcc7c152-c0bd-44b1-b221-b3efe2633ded,Brandon Foss,11,81.80,3,99.50,Carry Optics,M,L5142,MINOR,,109.4488,89.9833,8.1803,11.98,16,,6,,,,,,
3f5c7156-96cb-4738-8351-2ea0e46dff5e,GPS USPSA August Extra Saturday 2024,2024-08-31,2,Bay 5,dcc7c152-c0bd-44b1-b221-b3efe2633ded,Bobby Ivester,12,80.73,3,84.61,PCC,A,A101336,MINOR,Lady,93.0694,88.7975,8.0725,12.14,17,,4,1,,,,,
3f5c7156-96cb-4738-8351-2ea0e46dff5e,GPS USPSA August Extra Saturday 2024,2024-08-31,2,Bay 5,dcc7c152-c0bd-44b1-b221-b3efe2633ded,Khoa Nguyen,13,78.89,5,78.89,Limited Optics,A,A117224,MINOR,Law Enforcement,86.7746,86.7746,7.8886,12.93,19,,2,1,,,,,
3f5c7156-96cb-4738-8351-2ea0e46dff5e,GPS USPSA August Extra Saturday 2024,2024-08-31,2,Bay 5,dcc7c152-c0bd-44b1-b221-b3efe2633ded,Ross Apffel,14,78.76,4,95.80,Carry Optics,U,L4428,MINOR,,105.3827,86.6404,7.8764,12.95,18,,4,,,,,,
3f5c7156-96cb-4738-8351-2ea0e46dff5e,GPS USPSA August Extra Saturday 2024,2024-08-31,2,Bay 5,dcc7c152-c0bd-44b1-b221-b3efe2633ded,Jerry Bedro,15,78.74,4,82.53,PCC,B,A98263,MINOR,,90.7808,86.6140,7.8740,12.70,18,,3,1,,,,,
3f5c7156-96cb-4738-8351-2ea0e46dff5e,GPS USPSA August Extra Saturday 2024,2024-08-31,2,Bay 5,dcc7c152-c0bd-44b1-b221-b3efe2633ded,Gary Wu,16,77.32,2,85.43,Open,B,L2998,MAJOR,Senior,93.9734,85.0553,7.7323,13.45,18,,3,1,,,,,
3f5c7156-96cb-4738-8351-2ea0e46dff5e,GPS USPSA August Extra Saturday 2024,2024-08-31,2,Bay 5,dcc7c152-c0bd-44b1-b221-b3efe2633ded,Rolan Ocampo,17,76.81,6,76.81,Limited Optics,A,,MINOR,,84.4877,84.4877,7.6807,13.28,18,,4,,,,,,
3f5c7156-96cb-4738-8351-2ea0e46dff5e,GPS USPSA August Extra Saturday 2024,2024-08-31,2,Bay 5,dcc7c152-c0bd-44b1-b221-b3efe2633ded,Jason Wells,18,76.66,7,76.66,Limited Optics,B,L5218,MINOR,,84.3205,84.3205,7.6655,14.35,22,,,,,,,,
3f5c7156-96cb-4738-8351-2ea0e46dff5e,GPS USPSA August Extra Saturday 2024,2024-08-31,2,Bay 5,dcc7c152-c0bd-44b1-b221-b3efe2633ded,Don Sanders,19,75.51,3,83.43,Open,B,FY46389,MAJOR,Senior,91.7724,83.0632,7.5512,14.17,19,,3,,,,,,
3f5c7156-96cb-4738-8351-2ea0e46dff5e,GPS USPSA August Extra Saturday 2024,2024-08-31,2,Bay 5,dcc7c152-c0bd-44b1-b221-b3efe2633ded,JC Aguinaldo,20,75.50,8,75.50,Limited Optics,U,0,MINOR,,83.0489,83.0489,7.5499,14.04,20,,2,,,,,,
3f5c7156-96cb-4738-8351-2ea0e46dff5e,GPS USPSA August Extra Saturday 2024,2024-08-31,2,Bay 5,dcc7c152-c0bd-44b1-b221-b3efe2633ded,David Nelson,21,75.50,5,91.83,Carry Optics,A,A148511,MINOR,,101.0143,83.0489,7.5499,14.04,20,,2,,,,,,
3f5c7156-96cb-4738-8351-2ea0e46dff5e,GPS USPSA August Extra Saturday 2024,2024-08-31,2,Bay 5,dcc7c152-c0bd-44b1-b221-b3efe2633ded,Berrhett Foss,22,73.99,6,89.99,Carry Optics,B,A143624,MINOR,,98.9900,81.3846,7.3986,12.57,20,,1,,1,,,,
3f5c7156-96cb-4738-8351-2ea0e46dff5e,GPS USPSA August Extra Saturday 2024,2024-08-31,2,Bay 5,dcc7c152-c0bd-44b1-b221-b3efe2633ded,Doug Joder,23,73.14,5,76.65,PCC,B,TY115020,MINOR,,84.3199,80.4496,7.3136,14.22,19,,3,,,,,,
3f5c7156-96cb-4738-8351-2ea0e46dff5e,GPS USPSA August Extra Saturday 2024,2024-08-31,2,Bay 5,dcc7c152-c0bd-44b1-b221-b3efe2633ded,Phyl Santos,24,73.02,7,88.82,Carry Optics,B,A155981,MINOR,,97.7029,80.3264,7.3024,11.64,16,,5,,1,,,,
3f5c7156-96cb-4738-8351-2ea0e46dff5e,GPS USPSA August Extra Saturday 2024,2024-08-31,2,Bay 5,dcc7c152-c0bd-44b1-b221-b3efe2633ded,Matthew Givens,25,71.97,6,75.44,PCC,B,Ty137686,MINOR,,82.9813,79.1725,7.1975,13.06,19,,3,,,,1,,
3f5c7156-96cb-4738-8351-2ea0e46dff5e,GPS USPSA August Extra Saturday 2024,2024-08-31,2,Bay 5,dcc7c152-c0bd-44b1-b221-b3efe2633ded,Andrew Whitley,26,71.81,4,79.33,Open,A,TY106649,MAJOR,,87.2672,78.9855,7.1805,15.18,21,,1,,,,,,
3f5c7156-96cb-4738-8351-2ea0e46dff5e,GPS USPSA August Extra Saturday 2024,2024-08-31,2,Bay 5,dcc7c152-c0bd-44b1-b221-b3efe2633ded,Amber Chike-Udenze,27,71.14,7,74.56,PCC,U,A138974,MINOR,Lady,82.0198,78.2551,7.1141,14.90,20,,2,,,,,,
3f5c7156-96cb-4738-8351-2ea0e46dff5e,GPS USPSA August Extra Saturday 2024,2024-08-31,2,Bay 5,dcc7c152-c0bd-44b1-b221-b3efe2633ded,Mike Junco,28,70.77,9,70.77,Limited Optics,A,FY34819,MINOR,Senior; Law Enforcement,77.8481,77.8481,7.0771,14.13,17,,5,,,,,,
3f5c7156-96cb-4738-8351-2ea0e46dff5e,GPS USPSA August Extra Saturday 2024,2024-08-31,2,Bay 5,dcc7c152-c0bd-44b1-b221-b3efe2633ded,Joseph White,29,70.08,8,85.24,Carry Optics,B,A135489,MINOR,Law Enforcement,93.7652,77.0891,7.0081,14.84,19,,3,,,,,,
3f5c7156-96cb-4738-8351-2ea0e46dff5e,GPS USPSA August Extra Saturday 2024,2024-08-31,2,Bay 5,dcc7c152-c0bd-44b1-b221-b3efe2633ded,Gil Yolo,30,70.03,9,85.18,Carry Optics,M,L5228,MINOR,,93.6970,77.0330,7.0030,13.28,20,,1,,1,,,,
3f5c7156-96cb-4738-8351-2ea0e46dff5e,GPS USPSA August Extra Saturday 2024,2024-08-31,2,Bay 5,dcc7c152-c0bd-44b1-b221-b3efe2633ded,Kolton Cox,31,69.04,10,69.04,Limited Optics,B,A155275,MINOR,,75.9451,75.9451,6.9041,13.76,21,,,,1,,,,
3f5c7156-96cb-4738-8351-2ea0e46dff5e,GPS USPSA August Extra Saturday 2024,2024-08-31,2,Bay 5,dcc7c152-c0bd-44b1-b221-b3efe2633ded,Tyler Kenny,32,68.60,5,75.80,Open,U,A148691,MINOR,,83.3769,75.4644,6.8604,12.39,17,,3,1,1,,,,
3f5c7156-96cb-4738-8351-2ea0e46dff5e,GPS USPSA August Extra Saturday 2024,2024-08-31,2,Bay 5,dcc7c152-c0bd-44b1-b221-b3efe2633ded,Jeremiah Hunt,33,68.51,11,68.51,Limited Optics,C,A148592,MINOR,,75.3621,75.3621,6.8511,15.18,19,,3,,,,,,
3f5c7156-96cb-4738-8351-2ea0e46dff5e,GPS USPSA August Extra Saturday 2024,2024-08-31,2,Bay 5,dcc7c152-c0bd-44b1-b221-b3efe2633ded,Michael Martin,34,68.44,12,68.44,Limited Optics,B,TY147450,MINOR,Military,75.2851,75.2851,6.8441,15.78,21,,1,,,,,,
3f5c7156-96cb-4738-8351-2ea0e46dff5e,GPS USPSA August Extra Saturday 2024,2024-08-31,2,Bay 5,dcc7c152-c0bd-44b1-b221-b3efe2633ded,Craig Bellamy,35,67.71,1,100.00,Production,U,TY54824,MINOR,Law Enforcement,110.0000,74.4788,6.7708,13.44,19,,2,,1,,,,
3f5c7156-96cb-4738-8351-2ea0e46dff5e,GPS USPSA August Extra Saturday 2024,2024-08-31,2,Bay 5,dcc7c152-c0bd-44b1-b221-b3efe2633ded,james rogers,36,67.12,13,67.12,Limited Optics,U,A101402,MINOR,Law Enforcement,73.8342,73.8342,6.7122,16.09,21,,1,,,,,,
3f5c7156-96cb-4738-8351-2ea0e46dff5e,GPS USPSA August Extra Saturday 2024,2024-08-31,2,Bay 5,dcc7c152-c0bd-44b1-b221-b3efe2633ded,Eric Wu,37,65.31,2,96.46,Production,C,,MINOR,,106.1058,71.8421,6.5311,16.23,20,,2,,,,,,
3f5c7156-96cb-4738-8351-2ea0e46dff5e,GPS USPSA August Extra Saturday 2024,2024-08-31,2,Bay 5,dcc7c152-c0bd-44b1-b221-b3efe2633ded,Abrahan Figueroa,38,64.84,14,64.84,Limited Optics,U,TY54053,MINOR,Senior,71.3218,71.3218,6.4838,16.04,19,,3,,,,,,
3f5c7156-96cb-4738-8351-2ea0e46dff5e,GPS USPSA August Extra Saturday 2024,2024-08-31,2,Bay 5,dcc7c152-c0bd-44b1-b221-b3efe2633ded,Jason Bright,39,64.48,10,78.42,Carry Optics,A,A93447,MINOR,Law Enforcement,86.2673,70.9247,6.4477,16.44,20,,2,,,,,,
3f5c7156-96cb-4738-8351-2ea0e46dff5e,GPS USPSA August Extra Saturday 2024,2024-08-31,2,Bay 5,dcc7c152-c0bd-44b1-b221-b3efe2633ded,Richard Inzunza,40,64.38,6,71.12,Open,B,A135623,MAJOR,Senior,78.2372,70.8125,6.4375,16.00,17,,4,1,,,,,
3f5c7156-96cb-4738-8351-2ea0e46dff5e,GPS USPSA August Extra Saturday 2024,2024-08-31,2,Bay 5,dcc7c152-c0bd-44b1-b221-b3efe2633ded,Zachary Ralston,41,63.88,11,77.70,Carry Optics,M,A123081,MINOR,,85.4753,70.2735,6.3885,15.34,21,,1,,,,1,,
3f5c7156-96cb-4738-8351-2ea0e46dff5e,GPS USPSA August Extra Saturday 2024,2024-08-31,2,Bay 5,dcc7c152-c0bd-44b1-b221-b3efe2633ded,Matthew Lem,42,63.83,3,94.27,Production,A,A34763,MINOR,Senior; Law Enforcement,103.6997,70.2130,6.3830,14.57,20,,1,,1,,,,
3f5c7156-96cb-4738-8351-2ea0e46dff5e,GPS USPSA August Extra Saturday 2024,2024-08-31,2,Bay 5,dcc7c152-c0bd-44b1-b221-b3efe2633ded,Lee Cardwell,43,63.70,12,77.48,Carry Optics,B,A155173,MINOR,,85.2264,70.0689,6.3699,14.60,20,,1,,1,,,,
3f5c7156-96cb-4738-8351-2ea0e46dff5e,GPS USPSA August Extra Saturday 2024,2024-08-31,2,Bay 5,dcc7c152-c0bd-44b1-b221-b3efe2633ded,Jesse Harrington,44,63.60,13,77.35,Carry Optics,B,A153046,MINOR,,85.0886,69.9556,6.3596,13.68,17,,4,,1,,,,
3f5c7156-96cb-4738-8351-2ea0e46dff5e,GPS USPSA August Extra Saturday 2024,2024-08-31,2,Bay 5,dcc7c152-c0bd-44b1-b221-b3efe2633ded,Roger Feng,45,63.37,14,77.08,Carry Optics,B,A157776,MINOR,,84.7862,69.7070,6.3370,14.36,19,,2,,1,,,,
3f5c7156-96cb-4738-8351-2ea0e46dff5e,GPS USPSA August Extra Saturday 2024,2024-08-31,2,Bay 5,dcc7c152-c0bd-44b1-b221-b3efe2633ded,Gilbert Goodman,46,62.80,15,76.38,Carry Optics,B,A145861,MINOR,,84.0169,69.0745,6.2795,14.81,20,,1,,1,,,,
3f5c7156-96cb-4738-8351-2ea0e46dff5e,GPS USPSA August Extra Saturday 2024,2024-08-31,2,Bay 5,dcc7c152-c0bd-44b1-b221-b3efe2633ded,George Zhou,47,62.65,16,76.20,Carry Optics,B,A146179,MINOR,,83.8162,68.9095,6.2645,17.24,21,,1,,,,,,
3f5c7156-96cb-4738-8351-2ea0e46dff5e,GPS USPSA August Extra Saturday 2024,2024-08-31,2,Bay 5,dcc7c152-c0bd-44b1-b221-b3efe2633ded,Travis Walton,48,62.04,17,75.46,Carry Optics,C,A159321,MINOR,,83.0094,68.2462,6.2042,17.73,22,,,,,,,,
3f5c7156-96cb-4738-8351-2ea0e46dff5e,GPS USPSA August Extra Saturday 2024,2024-08-31,2,Bay 5,dcc7c152-c0bd-44b1-b221-b3efe2633ded,Ray Perez,49,61.94,18,75.34,Carry Optics,U,A162192,MINOR,Law Enforcement,82.8689,68.1307,6.1937,17.76,22,,,,,,,,
3f5c7156-96cb-4738-8351-2ea0e46dff5e,GPS USPSA August Extra Saturday 2024,2024-08-31,2,Bay 5,dcc7c152-c0bd-44b1-b221-b3efe2633ded,Jun Wu,50,61.70,8,64.67,PCC,U,A104927,MINOR,,71.1351,67.8700,6.1700,17.18,20,,2,,,,,,
3f5c7156-96cb-4738-8351-2ea0e46dff5e,GPS USPSA August Extra Saturday 2024,2024-08-31,2,Bay 5,dcc7c152-c0bd-44b1-b221-b3efe2633ded,Pocholo Dimayuga,51,60.38,2,72.40,Limited,B,A106236,MAJOR,,79.6432,66.4224,6.0384,17.72,19,,3,,,,,,
3f5c7156-96cb-4738-8351-2ea0e46dff5e,GPS USPSA August Extra Saturday 2024,2024-08-31,2,Bay 5,dcc7c152-c0bd-44b1-b221-b3efe2633ded,Karys Bellamy,52,60.26,15,60.26,Limited Optics,C,A130774,MINOR,Lady; Junior,66.2849,66.2849,6.0259,13.11,19,,1,1,1,,1,,
3f5c7156-96cb-4738-8351-2ea0e46dff5e,GPS USPSA August Extra Saturday 2024,2024-08-31,2,Bay 5,dcc7c152-c0bd-44b1-b221-b3efe2633ded,Ian Doskocil,53,60.01,19,72.99,Carry Optics,U,,MINOR,Law Enforcement,80.2920,66.0121,6.0011,18.33,22,,,,,,,,
3f5c7156-96cb-4738-8351-2ea0e46dff5e,GPS USPSA August Extra Saturday 2024,2024-08-31,2,Bay 5,dcc7c152-c0bd-44b1-b221-b3efe2633ded,Rudy Widiaman,54,59.85,9,62.73,PCC,U,,MINOR,,68.9999,65.8328,5.9848,18.38,22,,,,,,,,
3f5c7156-96cb-4738-8351-2ea0e46dff5e,GPS USPSA August Extra Saturday 2024,2024-08-31,2,Bay 5,dcc7c152-c0bd-44b1-b221-b3efe2633ded,Devin Yolo,55,58.76,10,61.58,PCC,,,MINOR,,67.7421,64.6327,5.8757,17.70,19,,3,,,,,,
3f5c7156-96cb-4738-8351-2ea0e46dff5e,GPS USPSA August Extra Saturday 2024,2024-08-31,2,Bay 5,dcc7c152-c0bd-44b1-b221-b3efe2633ded,David Zhang,56,58.71,7,64.87,Open,C,FY140383,MAJOR,,71.3572,64.5854,5.8714,16.18,21,,,,1,,,,
3f5c7156-96cb-4738-8351-2ea0e46dff5e,GPS USPSA August Extra Saturday 2024,2024-08-31,2,Bay 5,dcc7c152-c0bd-44b1-b221-b3efe2633ded,Carlos Escandon,57,56.22,16,56.22,Limited Optics,B,L2590,MINOR,Super Senior,61.8475,61.8475,5.6225,17.43,21,,1,,,,1,,
3f5c7156-96cb-4738-8351-2ea0e46dff5e,GPS USPSA August Extra Saturday 2024,2024-08-31,2,Bay 5,dcc7c152-c0bd-44b1-b221-b3efe2633ded,Arnold Gee,58,56.13,8,62.02,Open,B,,MAJOR,,68.2192,61.7452,5.6132,16.39,18,,3,,1,,,,
3f5c7156-96cb-4738-8351-2ea0e46dff5e,GPS USPSA August Extra Saturday 2024,2024-08-31,2,Bay 5,dcc7c152-c0bd-44b1-b221-b3efe2633ded,Pat Byrne,59,54.83,20,66.69,Carry Optics,B,Ty93921,MINOR,Distinguished Senior,73.3588,60.3119,5.4829,16.05,14,,5,3,,,,,
3f5c7156-96cb-4738-8351-2ea0e46dff5e,GPS USPSA August Extra Saturday 2024,2024-08-31,2,Bay 5,dcc7c152-c0bd-44b1-b221-b3efe2633ded,Paul Torre,60,54.17,21,65.89,Carry Optics,C,A88028,MINOR,Law Enforcement,72.4770,59.5870,5.4170,14.03,18,,2,,2,,,,
3f5c7156-96cb-4738-8351-2ea0e46dff5e,GPS USPSA August Extra Saturday 2024,2024-08-31,2,Bay 5,dcc7c152-c0bd-44b1-b221-b3efe2633ded,Kexin Bai,61,54.15,9,59.83,Open,C,A155638,MAJOR,,65.8092,59.5639,5.4149,14.22,17,,3,,2,,,,
3f5c7156-96cb-4738-8351-2ea0e46dff5e,GPS USPSA August Extra Saturday 2024,2024-08-31,2,Bay 5,dcc7c152-c0bd-44b1-b221-b3efe2633ded,Alex Nguyen,62,53.12,11,55.67,PCC,C,A151003,MINOR,,61.2373,58.4265,5.3115,19.58,19,,3,,,,,,
3f5c7156-96cb-4738-8351-2ea0e46dff5e,GPS USPSA August Extra Saturday 2024,2024-08-31,2,Bay 5,dcc7c152-c0bd-44b1-b221-b3efe2633ded,Brandon Hunt,63,52.57,17,52.57,Limited Optics,C,FY150701,MINOR,,57.8281,57.8281,5.2571,17.31,19,,2,,1,,,,
3f5c7156-96cb-4738-8351-2ea0e46dff5e,GPS USPSA August Extra Saturday 2024,2024-08-31,2,Bay 5,dcc7c152-c0bd-44b1-b221-b3efe2633ded,Jeannie Marrone,64,51.88,10,57.32,Open,C,TY133357,MAJOR,Lady; Super Senior,63.0565,57.0724,5.1884,20.43,18,,4,,,,,,
3f5c7156-96cb-4738-8351-2ea0e46dff5e,GPS USPSA August Extra Saturday 2024,2024-08-31,2,Bay 5,dcc7c152-c0bd-44b1-b221-b3efe2633ded,Jay-R delos-Santos,65,51.44,12,53.91,PCC,B,A70297,MINOR,Senior,59.3050,56.5829,5.1439,16.33,19,,3,,,,,2,
3f5c7156-96cb-4738-8351-2ea0e46dff5e,GPS USPSA August Extra Saturday 2024,2024-08-31,2,Bay 5,dcc7c152-c0bd-44b1-b221-b3efe2633ded,Michael Pontious,66,49.52,22,60.23,Carry Optics,B,fy94575,MINOR,Senior,66.2542,54.4709,4.9519,14.54,16,,4,,2,,,,
3f5c7156-96cb-4738-8351-2ea0e46dff5e,GPS USPSA August Extra Saturday 2024,2024-08-31,2,Bay 5,dcc7c152-c0bd-44b1-b221-b3efe2633ded,Chris Totcky,67,47.95,18,47.95,Limited Optics,,A161312,MINOR,,52.7461,52.7461,4.7951,22.94,22,,,,,,,,
3f5c7156-96cb-4738-8351-2ea0e46dff5e,GPS USPSA August Extra Saturday 2024,2024-08-31,2,Bay 5,dcc7c152-c0bd-44b1-b221-b3efe2633ded,Virak Meas,68,47.92,19,47.92,Limited Optics,U,O,MINOR,Senior,52.7065,52.7065,4.7915,22.54,21,,1,,,,,,
3f5c7156-96cb-4738-8351-2ea0e46dff5e,GPS USPSA August Extra Saturday 2024,2024-08-31,2,Bay 5,dcc7c152-c0bd-44b1-b221-b3efe2633ded,CHAN WILLIAM,69,47.27,3,56.68,Limited,,,MAJOR,,62.3439,51.9948,4.7268,16.29,17,,3,,2,,,,
3f5c7156-96cb-4738-8351-2ea0e46dff5e,GPS USPSA August Extra Saturday 2024,2024-08-31,2,Bay 5,dcc7c152-c0bd-44b1-b221-b3efe2633ded,John Ren,70,45.93,4,55.08,Limited,C,,MINOR,,60.5857,50.5285,4.5935,18.94,18,,2,1,1,,,,
3f5c7156-96cb-4738-8351-2ea0e46dff5e,GPS USPSA August Extra Saturday 2024,2024-08-31,2,Bay 5,dcc7c152-c0bd-44b1-b221-b3efe2633ded,TJ Balingit,71,45.36,1,100.00,Single Stack,U,A151010,MINOR,,110.0000,49.8927,4.5357,23.37,20,,2,,,,,,
3f5c7156-96cb-4738-8351-2ea0e46dff5e,GPS USPSA August Extra Saturday 2024,2024-08-31,2,Bay 5,dcc7c152-c0bd-44b1-b221-b3efe2633ded,Jonathan Benitez,72,45.18,23,54.96,Carry Optics,U,,MINOR,Law Enforcement,60.4528,49.7013,4.5183,23.46,20,,2,,,,,,
3f5c7156-96cb-4738-8351-2ea0e46dff5e,GPS USPSA August Extra Saturday 2024,2024-08-31,2,Bay 5,dcc7c152-c0bd-44b1-b221-b3efe2633ded,Robin Chen,73,43.87,24,53.36,Carry Optics,C,A152878,MINOR,Lady; Law Enforcement,58.7001,48.2603,4.3873,19.83,17,,4,,1,,,,
3f5c7156-96cb-4738-8351-2ea0e46dff5e,GPS USPSA August Extra Saturday 2024,2024-08-31,2,Bay 5,dcc7c152-c0bd-44b1-b221-b3efe2633ded,Danel Jenkins,74,41.14,25,50.04,Carry Optics,C,TY137797,MINOR,Senior; Law Enforcement,55.0475,45.2573,4.1143,26.25,21,,1,,,,,,
3f5c7156-96cb-4738-8351-2ea0e46dff5e,GPS USPSA August Extra Saturday 2024,2024-08-31,2,Bay 5,dcc7c152-c0bd-44b1-b221-b3efe2633ded,Teddy Elarmo,75,40.97,20,40.97,Limited Optics,U,A142885,MINOR,,45.0714,45.0714,4.0974,25.87,20,,2,,,,,,
3f5c7156-96cb-4738-8351-2ea0e46dff5e,GPS USPSA August Extra Saturday 2024,2024-08-31,2,Bay 5,dcc7c152-c0bd-44b1-b221-b3efe2633ded,Dan Schreiber,76,39.19,21,39.19,Limited Optics,C,A147899,MINOR,Super Senior,43.1068,43.1068,3.9188,28.07,22,,,,,,,,
3f5c7156-96cb-4738-8351-2ea0e46dff5e,GPS USPSA August Extra Saturday 2024,2024-08-31,2,Bay 5,dcc7c152-c0bd-44b1-b221-b3efe2633ded,Yulmer Carreno,77,35.34,26,42.99,Carry Optics,U,A157204,MINOR,,47.2874,38.8773,3.5343,14.43,13,,5,1,3,,,,
3f5c7156-96cb-4738-8351-2ea0e46dff5e,GPS USPSA August Extra Saturday 2024,2024-08-31,2,Bay 5,dcc7c152-c0bd-44b1-b221-b3efe2633ded,George Byrd,78,31.71,2,69.91,Single Stack,D,A84906,MINOR,Distinguished Senior,76.8984,34.8788,3.1708,33.43,20,,2,,,,,,
3f5c7156-96cb-4738-8351-2ea0e46dff5e,GPS USPSA August Extra Saturday 2024,2024-08-31,2,Bay 5,dcc7c152-c0bd-44b1-b221-b3efe2633ded,Manny Nerona,79,19.04,3,41.98,Single Stack,C,A69445,MAJOR,Super Senior,46.1759,20.9440,1.9040,49.37,20,,1,,1,,,,
3f5c7156-96cb-4738-8351-2ea0e46dff5e,GPS USPSA August Extra Saturday 2024,2024-08-31,2,Bay 5,dcc7c152-c0bd-44b1-b221-b3efe2633ded,joel broughton,80,0.00,4,0.00,Single Stack,B,A83418,MAJOR,Super Senior,0.0000,0.0000,,,,,,,,,,,
3f5c7156-96cb-4738-8351-2ea0e46dff5e,GPS USPSA August Extra Saturday 2024,2024-08-31,3,Bay 6,4ca28172-d599-4f79-ad3d-4523fe07e78f,Matthew Givens,1,100.00,1,100.00,PCC,B,Ty137686,MINOR,,110.0000,110.0000,9.0989,11.43,19,,3,,,,,,
3f5c7156-96cb-4738-8351-2ea0e46dff5e,GPS USPSA August Extra Saturday 2024,2024-08-31,3,Bay 6,4ca28172-d599-4f79-ad3d-4523fe07e78f,Marco Yue,2,95.00,2,95.00,PCC,M,L5762,MINOR,,104.5018,104.5018,8.6441,11.80,19,,2,1,,,,,
3f5c7156-96cb-4738-8351-2ea0e46dff5e,GPS USPSA August Extra Saturday 2024,2024-08-31,3,Bay 6,4ca28172-d599-4f79-ad3d-4523fe07e78f,Craig Bellamy,3,93.39,1,100.00,Production,U,TY54824,MINOR,Law Enforcement,110.0000,102.7258,8.4972,12.71,21,,1,,,,,,
3f5c7156-96cb-4738-8351-2ea0e46dff5e,GPS USPSA August Extra Saturday 2024,2024-08-31,3,Bay 6,4ca28172-d599-4f79-ad3d-4523fe07e78f,Travis McKenzie,4,93.15,1,100.00,Limited Optics,M,L6340,MINOR,,110.0000,102.4695,8.4760,12.27,19,,3,,,,,,
3f5c7156-96cb-4738-8351-2ea0e46dff5e,GPS USPSA August Extra Saturday 2024,2024-08-31,3,Bay 6,4ca28172-d599-4f79-ad3d-4523fe07e78f,Gil Yolo,5,93.05,1,100.00,Carry Optics,M,L5228,MINOR,,110.0000,102.3547,8.4665,12.52,20,,2,,,,,,
3f5c7156-96cb-4738-8351-2ea0e46dff5e,GPS USPSA August Extra Saturday 2024,2024-08-31,3,Bay 6,4ca28172-d599-4f79-ad3d-4523fe07e78f,Bobby Ivester,6,88.41,3,88.41,PCC,A,A101336,MINOR,Lady,97.2493,97.2493,8.0442,12.68,18,,4,,,,,,
3f5c7156-96cb-4738-8351-2ea0e46dff5e,GPS USPSA August Extra Saturday 2024,2024-08-31,3,Bay 6,4ca28172-d599-4f79-ad3d-4523fe07e78f,Vinh Lam,7,86.48,1,100.00,Limited,M,Ty101025,MAJOR,,110.0000,95.1325,7.8691,11.31,17,,3,1,1,,,,
3f5c7156-96cb-4738-8351-2ea0e46dff5e,GPS USPSA August Extra Saturday 2024,2024-08-31,3,Bay 6,4ca28172-d599-4f79-ad3d-4523fe07e78f,Brandon Foss,8,86.10,2,92.53,Carry Optics,M,L5142,MINOR,,101.7875,94.7130,7.8344,13.53,21,,,1,,,,,
3f5c7156-96cb-4738-8351-2ea0e46dff5e,GPS USPSA August Extra Saturday 2024,2024-08-31,3,Bay 6,4ca28172-d599-4f79-ad3d-4523fe07e78f,Khoa Nguyen,9,85.60,2,91.90,Limited Optics,A,A117224,MINOR,Law Enforcement,101.0855,94.1653,7.7891,12.71,18,,3,,,1,,,
3f5c7156-96cb-4738-8351-2ea0e46dff5e,GPS USPSA August Extra Saturday 2024,2024-08-31,3,Bay 6,4ca28172-d599-4f79-ad3d-4523fe07e78f,Karys Bellamy,10,82.41,3,88.46,Limited Optics,C,A130774,MINOR,Lady; Junior,97.3103,90.6485,7.4982,13.87,19,,3,,,,,,
3f5c7156-96cb-4738-8351-2ea0e46dff5e,GPS USPSA August Extra Saturday 2024,2024-08-31,3,Bay 6,4ca28172-d599-4f79-ad3d-4523fe07e78f,Ross Apffel,11,79.69,3,85.64,Carry Optics,U,L4428,MINOR,,94.2078,87.6600,7.2510,12.55,15,,5,1,,1,,,
3f5c7156-96cb-4738-8351-2ea0e46dff5e,GPS USPSA August Extra Saturday 2024,2024-08-31,3,Bay 6,4ca28172-d599-4f79-ad3d-4523fe07e78f,Jacob Scott,12,79.28,4,85.20,Carry Optics,M,148292,MINOR,,93.7231,87.2091,7.2137,11.09,16,,3,1,1,1,,,
3f5c7156-96cb-4738-8351-2ea0e46dff5e,GPS USPSA August Extra Saturday 2024,2024-08-31,3,Bay 6,4ca28172-d599-4f79-ad3d-4523fe07e78f,Doug Joder,13,78.56,4,78.56,PCC,B,TY115020,MINOR,,86.4136,86.4136,7.1479,14.27,18,,4,,,,,,
3f5c7156-96cb-4738-8351-2ea0e46dff5e,GPS USPSA August Extra Saturday 2024,2024-08-31,3,Bay 6,4ca28172-d599-4f79-ad3d-4523fe07e78f,Taylor Snodgrass,14,78.38,4,84.14,Limited Optics,A,A159149,MINOR,,92.5552,86.2190,7.1318,12.90,14,,7,1,,,,,
3f5c7156-96cb-4738-8351-2ea0e46dff5e,GPS USPSA August Extra Saturday 2024,2024-08-31,3,Bay 6,4ca28172-d599-4f79-ad3d-4523fe07e78f,Tony Vale,15,76.56,5,82.28,Carry Optics,B,A153735,MINOR,,90.5036,84.2134,6.9659,12.92,13,,8,1,,,,,
3f5c7156-96cb-4738-8351-2ea0e46dff5e,GPS USPSA August Extra Saturday 2024,2024-08-31,3,Bay 6,4ca28172-d599-4f79-ad3d-4523fe07e78f,Michael Hanover,16,76.30,5,81.91,Limited Optics,A,A146302,MINOR,,90.0998,83.9317,6.9426,14.98,19,,3,,,,,,
3f5c7156-96cb-4738-8351-2ea0e46dff5e,GPS USPSA August Extra Saturday 2024,2024-08-31,3,Bay 6,4ca28172-d599-4f79-ad3d-4523fe07e78f,Chez Chike-Udenze,17,75.83,1,100.00,Open,M,A138598,MAJOR,,110.0000,83.4130,6.8997,10.87,15,,4,2,1,,1,,
3f5c7156-96cb-4738-8351-2ea0e46dff5e,GPS USPSA August Extra Saturday 2024,2024-08-31,3,Bay 6,4ca28172-d599-4f79-ad3d-4523fe07e78f,Matthew Lem,18,75.46,2,80.80,Production,A,A34763,MINOR,Senior; Law Enforcement,88.8821,83.0044,6.8659,15.73,21,,1,,,,,,
3f5c7156-96cb-4738-8351-2ea0e46dff5e,GPS USPSA August Extra Saturday 2024,2024-08-31,3,Bay 6,4ca28172-d599-4f79-ad3d-4523fe07e78f,Roger Feng,19,75.42,6,81.06,Carry Optics,B,A157776,MINOR,,89.1628,82.9657,6.8627,13.26,15,,5,1,,1,,,
3f5c7156-96cb-4738-8351-2ea0e46dff5e,GPS USPSA August Extra Saturday 2024,2024-08-31,3,Bay 6,4ca28172-d599-4f79-ad3d-4523fe07e78f,Amber Chike-Udenze,20,74.40,5,74.40,PCC,U,A138974,MINOR,Lady,81.8414,81.8414,6.7697,13.59,14,,7,1,,,,,
3f5c7156-96cb-4738-8351-2ea0e46dff5e,GPS USPSA August Extra Saturday 2024,2024-08-31,3,Bay 6,4ca28172-d599-4f79-ad3d-4523fe07e78f,Gary Wu,21,73.96,2,97.54,Open,B,L2998,MAJOR,Senior,107.2945,81.3615,6.7300,12.63,15,,5,,1,1,,,
3f5c7156-96cb-4738-8351-2ea0e46dff5e,GPS USPSA August Extra Saturday 2024,2024-08-31,3,Bay 6,4ca28172-d599-4f79-ad3d-4523fe07e78f,Virak Meas,22,73.83,6,79.26,Limited Optics,U,O,MINOR,Senior,87.1850,81.2164,6.7180,14.29,16,,5,1,,,,,
3f5c7156-96cb-4738-8351-2ea0e46dff5e,GPS USPSA August Extra Saturday 2024,2024-08-31,3,Bay 6,4ca28172-d599-4f79-ad3d-4523fe07e78f,George Zhou,23,72.64,7,78.07,Carry Optics,B,A146179,MINOR,,85.8718,79.9035,6.6094,15.13,18,,3,1,,,,,
3f5c7156-96cb-4738-8351-2ea0e46dff5e,GPS USPSA August Extra Saturday 2024,2024-08-31,3,Bay 6,4ca28172-d599-4f79-ad3d-4523fe07e78f,JC Aguinaldo,24,72.55,7,77.89,Limited Optics,U,0,MINOR,,85.6757,79.8104,6.6017,13.33,14,,5,3,,,,,
3f5c7156-96cb-4738-8351-2ea0e46dff5e,GPS USPSA August Extra Saturday 2024,2024-08-31,3,Bay 6,4ca28172-d599-4f79-ad3d-4523fe07e78f,Jason Bright,25,72.50,8,77.91,Carry Optics,A,A93447,MINOR,Law Enforcement,85.7016,79.7451,6.5963,15.16,18,,3,1,,,,,
3f5c7156-96cb-4738-8351-2ea0e46dff5e,GPS USPSA August Extra Saturday 2024,2024-08-31,3,Bay 6,4ca28172-d599-4f79-ad3d-4523fe07e78f,Jason Wells,26,71.61,8,76.87,Limited Optics,B,L5218,MINOR,,84.5583,78.7695,6.5156,14.12,16,,4,,,2,,,
3f5c7156-96cb-4738-8351-2ea0e46dff5e,GPS USPSA August Extra Saturday 2024,2024-08-31,3,Bay 6,4ca28172-d599-4f79-ad3d-4523fe07e78f,Alex Nguyen,27,71.33,6,71.33,PCC,C,A151003,MINOR,,78.4588,78.4588,6.4899,14.33,16,,4,1,,1,,,
3f5c7156-96cb-4738-8351-2ea0e46dff5e,GPS USPSA August Extra Saturday 2024,2024-08-31,3,Bay 6,4ca28172-d599-4f79-ad3d-4523fe07e78f,Mike Junco,28,70.56,9,75.74,Limited Optics,A,FY34819,MINOR,Senior; Law Enforcement,83.3163,77.6126,6.4199,13.24,17,,3,1,1,,,,
3f5c7156-96cb-4738-8351-2ea0e46dff5e,GPS USPSA August Extra Saturday 2024,2024-08-31,3,Bay 6,4ca28172-d599-4f79-ad3d-4523fe07e78f,Phyl Santos,29,68.80,9,73.94,Carry Optics,B,A155981,MINOR,,81.3310,75.6783,6.2599,12.62,16,,3,,1,2,,,
3f5c7156-96cb-4738-8351-2ea0e46dff5e,GPS USPSA August Extra Saturday 2024,2024-08-31,3,Bay 6,4ca28172-d599-4f79-ad3d-4523fe07e78f,Jay-R delos-Santos,30,66.83,7,66.83,PCC,B,A70297,MINOR,Senior,73.5106,73.5106,6.0806,13.65,16,,4,1,1,,,,
3f5c7156-96cb-4738-8351-2ea0e46dff5e,GPS USPSA August Extra Saturday 2024,2024-08-31,3,Bay 6,4ca28172-d599-4f79-ad3d-4523fe07e78f,Devin Yolo,31,66.31,8,66.31,PCC,,,MINOR,,72.9376,72.9376,6.0332,13.26,15,,5,,1,1,,,
3f5c7156-96cb-4738-8351-2ea0e46dff5e,GPS USPSA August Extra Saturday 2024,2024-08-31,3,Bay 6,4ca28172-d599-4f79-ad3d-4523fe07e78f,Jack Liu,32,65.88,9,65.88,PCC,A,,MINOR,Law Enforcement,72.4685,72.4685,5.9944,14.18,16,,5,,1,,,,
3f5c7156-96cb-4738-8351-2ea0e46dff5e,GPS USPSA August Extra Saturday 2024,2024-08-31,3,Bay 6,4ca28172-d599-4f79-ad3d-4523fe07e78f,Andrew Whitley,33,65.43,3,86.29,Open,A,TY106649,MAJOR,,94.9150,71.9741,5.9535,10.75,16,,3,1,2,,,1,
3f5c7156-96cb-4738-8351-2ea0e46dff5e,GPS USPSA August Extra Saturday 2024,2024-08-31,3,Bay 6,4ca28172-d599-4f79-ad3d-4523fe07e78f,Arnold Gee,34,64.75,4,85.38,Open,B,,MAJOR,,93.9202,71.2197,5.8911,13.41,15,,2,3,1,1,,,
3f5c7156-96cb-4738-8351-2ea0e46dff5e,GPS USPSA August Extra Saturday 2024,2024-08-31,3,Bay 6,4ca28172-d599-4f79-ad3d-4523fe07e78f,Joseph White,35,64.74,10,69.57,Carry Optics,B,A135489,MINOR,Law Enforcement,76.5290,71.2100,5.8903,14.77,19,,,2,1,,,,
3f5c7156-96cb-4738-8351-2ea0e46dff5e,GPS USPSA August Extra Saturday 2024,2024-08-31,3,Bay 6,4ca28172-d599-4f79-ad3d-4523fe07e78f,Ray Perez,36,64.65,11,69.48,Carry Optics,U,A162192,MINOR,Law Enforcement,76.4264,71.1145,5.8824,17.34,18,,4,,,,,,
3f5c7156-96cb-4738-8351-2ea0e46dff5e,GPS USPSA August Extra Saturday 2024,2024-08-31,3,Bay 6,4ca28172-d599-4f79-ad3d-4523fe07e78f,Sheng Onia,37,64.16,10,68.88,Limited Optics,U,0,MINOR,Senior,75.7645,70.5778,5.8380,10.62,16,,4,,2,,,1,
3f5c7156-96cb-4738-8351-2ea0e46dff5e,GPS USPSA August Extra Saturday 2024,2024-08-31,3,Bay 6,4ca28172-d599-4f79-ad3d-4523fe07e78f,Brandon Hunt,38,63.50,11,68.16,Limited Optics,C,FY150701,MINOR,,74.9794,69.8464,5.7775,16.27,16,,4,2,,,,,
3f5c7156-96cb-4738-8351-2ea0e46dff5e,GPS USPSA August Extra Saturday 2024,2024-08-31,3,Bay 6,4ca28172-d599-4f79-ad3d-4523fe07e78f,Gilbert Goodman,39,62.66,12,67.35,Carry Optics,B,A145861,MINOR,,74.0800,68.9312,5.7018,15.96,15,,5,1,,1,,,
3f5c7156-96cb-4738-8351-2ea0e46dff5e,GPS USPSA August Extra Saturday 2024,2024-08-31,3,Bay 6,4ca28172-d599-4f79-ad3d-4523fe07e78f,Berrhett Foss,40,62.34,13,67.00,Carry Optics,B,A143624,MINOR,,73.7019,68.5794,5.6727,13.75,16,,2,2,1,1,,,
3f5c7156-96cb-4738-8351-2ea0e46dff5e,GPS USPSA August Extra Saturday 2024,2024-08-31,3,Bay 6,4ca28172-d599-4f79-ad3d-4523fe07e78f,Eric Wu,41,60.16,3,64.42,Production,C,,MINOR,,70.8608,66.1748,5.4738,16.99,17,,2,2,,1,,,
3f5c7156-96cb-4738-8351-2ea0e46dff5e,GPS USPSA August Extra Saturday 2024,2024-08-31,3,Bay 6,4ca28172-d599-4f79-ad3d-4523fe07e78f,Michael Pontious,42,57.92,14,62.24,Carry Optics,B,fy94575,MINOR,Senior,68.4660,63.7074,5.2697,16.13,17,,3,1,1,,,,
3f5c7156-96cb-4738-8351-2ea0e46dff5e,GPS USPSA August Extra Saturday 2024,2024-08-31,3,Bay 6,4ca28172-d599-4f79-ad3d-4523fe07e78f,Paul Torre,43,57.13,15,61.40,Carry Optics,C,A88028,MINOR,Law Enforcement,67.5422,62.8478,5.1986,13.85,14,,3,3,1,1,,,
3f5c7156-96cb-4738-8351-2ea0e46dff5e,GPS USPSA August Extra Saturday 2024,2024-08-31,3,Bay 6,4ca28172-d599-4f79-ad3d-4523fe07e78f,Kolton Cox,44,55.23,12,59.29,Limited Optics,B,A155275,MINOR,,65.2148,60.7503,5.0251,11.94,15,,5,,2,,,1,
3f5c7156-96cb-4738-8351-2ea0e46dff5e,GPS USPSA August Extra Saturday 2024,2024-08-31,3,Bay 6,4ca28172-d599-4f79-ad3d-4523fe07e78f,Zachary Ralston,45,55.18,16,59.30,Carry Optics,M,A123081,MINOR,,65.2334,60.6995,5.0209,11.95,15,,5,,2,,,1,
3f5c7156-96cb-4738-8351-2ea0e46dff5e,GPS USPSA August Extra Saturday 2024,2024-08-31,3,Bay 6,4ca28172-d599-4f79-ad3d-4523fe07e78f,james rogers,46,54.33,13,58.32,Limited Optics,U,A101402,MINOR,Law Enforcement,64.1520,59.7602,4.9432,17.60,18,,2,1,1,,,,
3f5c7156-96cb-4738-8351-2ea0e46dff5e,GPS USPSA August Extra Saturday 2024,2024-08-31,3,Bay 6,4ca28172-d599-4f79-ad3d-4523fe07e78f,David Zhang,47,52.97,5,69.86,Open,C,FY140383,MAJOR,,76.8439,58.2708,4.8200,17.22,15,,4,1,,2,1,,
3f5c7156-96cb-4738-8351-2ea0e46dff5e,GPS USPSA August Extra Saturday 2024,2024-08-31,3,Bay 6,4ca28172-d599-4f79-ad3d-4523fe07e78f,Teddy Elarmo,48,52.74,14,56.61,Limited Optics,U,A142885,MINOR,,62.2741,58.0109,4.7985,20.84,18,,3,1,,,,,
3f5c7156-96cb-4738-8351-2ea0e46dff5e,GPS USPSA August Extra Saturday 2024,2024-08-31,3,Bay 6,4ca28172-d599-4f79-ad3d-4523fe07e78f,Jun Wu,49,52.58,10,52.58,PCC,U,A104927,MINOR,,57.8356,57.8356,4.7840,12.96,17,,2,1,2,,,1,
3f5c7156-96cb-4738-8351-2ea0e46dff5e,GPS USPSA August Extra Saturday 2024,2024-08-31,3,Bay 6,4ca28172-d599-4f79-ad3d-4523fe07e78f,Yulmer Carreno,50,50.96,17,54.77,Carry Optics,U,A157204,MINOR,,60.2457,56.0584,4.6370,16.39,13,,7,,1,1,,,
3f5c7156-96cb-4738-8351-2ea0e46dff5e,GPS USPSA August Extra Saturday 2024,2024-08-31,3,Bay 6,4ca28172-d599-4f79-ad3d-4523fe07e78f,David Nelson,51,50.66,18,54.44,Carry Optics,A,A148511,MINOR,,59.8858,55.7235,4.6093,17.79,17,,2,1,1,1,,,
3f5c7156-96cb-4738-8351-2ea0e46dff5e,GPS USPSA August Extra Saturday 2024,2024-08-31,3,Bay 6,4ca28172-d599-4f79-ad3d-4523fe07e78f,Robin Chen,52,50.45,19,54.21,Carry Optics,C,A152878,MINOR,Lady; Law Enforcement,59.6350,55.4902,4.5900,16.34,13,,6,2,1,,,,
3f5c7156-96cb-4738-8351-2ea0e46dff5e,GPS USPSA August Extra Saturday 2024,2024-08-31,3,Bay 6,4ca28172-d599-4f79-ad3d-4523fe07e78f,Carlos Escandon,53,48.82,15,52.41,Limited Optics,B,L2590,MINOR,Super Senior,57.6501,53.7034,4.4422,19.81,15,,4,1,,2,,,
3f5c7156-96cb-4738-8351-2ea0e46dff5e,GPS USPSA August Extra Saturday 2024,2024-08-31,3,Bay 6,4ca28172-d599-4f79-ad3d-4523fe07e78f,Jeremiah Hunt,54,48.81,16,52.40,Limited Optics,C,A148592,MINOR,,57.6384,53.6925,4.4413,13.96,17,,2,1,2,,,1,
3f5c7156-96cb-4738-8351-2ea0e46dff5e,GPS USPSA August Extra Saturday 2024,2024-08-31,3,Bay 6,4ca28172-d599-4f79-ad3d-4523fe07e78f,Abrahan Figueroa,55,45.83,17,49.19,Limited Optics,U,TY54053,MINOR,Senior,54.1136,50.4091,4.1697,13.91,15,,4,1,2,,,1,
3f5c7156-96cb-4738-8351-2ea0e46dff5e,GPS USPSA August Extra Saturday 2024,2024-08-31,3,Bay 6,4ca28172-d599-4f79-ad3d-4523fe07e78f,Michael Martin,56,44.99,18,48.30,Limited Optics,B,TY147450,MINOR,Military,53.1260,49.4891,4.0936,13.68,14,,5,1,2,,,1,
3f5c7156-96cb-4738-8351-2ea0e46dff5e,GPS USPSA August Extra Saturday 2024,2024-08-31,3,Bay 6,4ca28172-d599-4f79-ad3d-4523fe07e78f,Tyler Kenny,57,43.89,6,57.88,Open,U,A148691,MINOR,,63.6641,48.2765,3.9933,18.03,16,,4,,2,,,,
3f5c7156-96cb-4738-8351-2ea0e46dff5e,GPS USPSA August Extra Saturday 2024,2024-08-31,3,Bay 6,4ca28172-d599-4f79-ad3d-4523fe07e78f,Danel Jenkins,58,41.72,20,44.84,Carry Optics,C,TY137797,MINOR,Senior; Law Enforcement,49.3230,45.8949,3.7963,21.60,17,,2,1,1,1,,,
3f5c7156-96cb-4738-8351-2ea0e46dff5e,GPS USPSA August Extra Saturday 2024,2024-08-31,3,Bay 6,4ca28172-d599-4f79-ad3d-4523fe07e78f,Rolan Ocampo,59,40.85,19,43.86,Limited Optics,A,,MINOR,,48.2424,44.9398,3.7173,19.10,13,,5,1,1,2,,,
3f5c7156-96cb-4738-8351-2ea0e46dff5e,GPS USPSA August Extra Saturday 2024,2024-08-31,3,Bay 6,4ca28172-d599-4f79-ad3d-4523fe07e78f,Lee Cardwell,60,40.41,21,43.43,Carry Optics,B,A155173,MINOR,,47.7743,44.4538,3.6771,12.51,11,,6,3,2,,,1,
3f5c7156-96cb-4738-8351-2ea0e46dff5e,GPS USPSA August Extra Saturday 2024,2024-08-31,3,Bay 6,4ca28172-d599-4f79-ad3d-4523fe07e78f,Ian Doskocil,61,40.38,22,43.40,Carry Optics,U,,MINOR,Law Enforcement,47.7366,44.4188,3.6742,16.33,16,,3,1,2,,,1,
3f5c7156-96cb-4738-8351-2ea0e46dff5e,GPS USPSA August Extra Saturday 2024,2024-08-31,3,Bay 6,4ca28172-d599-4f79-ad3d-4523fe07e78f,Jesse Harrington,62,40.12,23,43.11,Carry Optics,B,A153046,MINOR,,47.4248,44.1286,3.6502,13.15,15,,4,1,2,,1,1,
3f5c7156-96cb-4738-8351-2ea0e46dff5e,GPS USPSA August Extra Saturday 2024,2024-08-31,3,Bay 6,4ca28172-d599-4f79-ad3d-4523fe07e78f,Travis Walton,63,38.27,24,41.13,Carry Optics,C,A159321,MINOR,,45.2473,42.1025,3.4826,28.14,16,,6,,,,,,
3f5c7156-96cb-4738-8351-2ea0e46dff5e,GPS USPSA August Extra Saturday 2024,2024-08-31,3,Bay 6,4ca28172-d599-4f79-ad3d-4523fe07e78f,Dan Schreiber,64,38.15,20,40.95,Limited Optics,C,A147899,MINOR,Super Senior,45.0486,41.9646,3.4712,28.52,19,,1,1,,1,,,
3f5c7156-96cb-4738-8351-2ea0e46dff5e,GPS USPSA August Extra Saturday 2024,2024-08-31,3,Bay 6,4ca28172-d599-4f79-ad3d-4523fe07e78f,Manny Nerona,65,37.71,1,100.00,Single Stack,C,A69445,MAJOR,Super Senior,110.0000,41.4859,3.4316,22.73,12,,7,,1,2,,,
3f5c7156-96cb-4738-8351-2ea0e46dff5e,GPS USPSA August Extra Saturday 2024,2024-08-31,3,Bay 6,4ca28172-d599-4f79-ad3d-4523fe07e78f,John Ren,66,33.39,2,38.61,Limited,C,,MINOR,,42.4744,36.7336,3.0385,26.00,12,,5,4,,1,,,
3f5c7156-96cb-4738-8351-2ea0e46dff5e,GPS USPSA August Extra Saturday 2024,2024-08-31,3,Bay 6,4ca28172-d599-4f79-ad3d-4523fe07e78f,Jeannie Marrone,67,32.03,7,42.24,Open,C,TY133357,MAJOR,Lady; Super Senior,46.4587,35.2296,2.9141,19.56,15,,3,,2,2,,1,
3f5c7156-96cb-4738-8351-2ea0e46dff5e,GPS USPSA August Extra Saturday 2024,2024-08-31,3,Bay 6,4ca28172-d599-4f79-ad3d-4523fe07e78f,Chris Totcky,68,30.44,21,32.68,Limited Optics,,A161312,MINOR,,35.9499,33.4888,2.7701,25.27,20,,,,,2,2,1,
3f5c7156-96cb-4738-8351-2ea0e46dff5e,GPS USPSA August Extra Saturday 2024,2024-08-31,3,Bay 6,4ca28172-d599-4f79-ad3d-4523fe07e78f,George Byrd,69,29.78,2,78.95,Single Stack,D,A84906,MINOR,Distinguished Senior,86.8435,32.7525,2.7092,33.22,17,,5,,,,,1,
3f5c7156-96cb-4738-8351-2ea0e46dff5e,GPS USPSA August Extra Saturday 2024,2024-08-31,3,Bay 6,4ca28172-d599-4f79-ad3d-4523fe07e78f,Richard Inzunza,70,29.04,8,38.30,Open,B,A135623,MAJOR,Senior,42.1302,31.9474,2.6426,14.38,10,,2,5,3,2,,,
3f5c7156-96cb-4738-8351-2ea0e46dff5e,GPS USPSA August Extra Saturday 2024,2024-08-31,3,Bay 6,4ca28172-d599-4f79-ad3d-4523fe07e78f,Don Sanders,71,27.44,9,36.19,Open,B,FY46389,MAJOR,Senior,39.8090,30.1872,2.4970,16.82,10,,8,,3,1,1,,
3f5c7156-96cb-4738-8351-2ea0e46dff5e,GPS USPSA August Extra Saturday 2024,2024-08-31,3,Bay 6,4ca28172-d599-4f79-ad3d-4523fe07e78f,joel broughton,72,26.21,3,69.50,Single Stack,B,A83418,MAJOR,Super Senior,76.4512,28.8332,2.3850,23.48,10,,9,,3,,,,
3f5c7156-96cb-4738-8351-2ea0e46dff5e,GPS USPSA August Extra Saturday 2024,2024-08-31,3,Bay 6,4ca28172-d599-4f79-ad3d-4523fe07e78f,Pat Byrne,73,25.60,25,27.51,Carry Optics,B,Ty93921,MINOR,Distinguished Senior,30.2593,28.1562,2.3290,13.74,15,,2,1,4,,,1,
3f5c7156-96cb-4738-8351-2ea0e46dff5e,GPS USPSA August Extra Saturday 2024,2024-08-31,3,Bay 6,4ca28172-d599-4f79-ad3d-4523fe07e78f,TJ Balingit,74,24.46,4,64.85,Single Stack,U,A151010,MINOR,,71.3384,26.9049,2.2255,40.44,14,,6,2,,,,,
3f5c7156-96cb-4738-8351-2ea0e46dff5e,GPS USPSA August Extra Saturday 2024,2024-08-31,3,Bay 6,4ca28172-d599-4f79-ad3d-4523fe07e78f,Kexin Bai,75,24.39,10,32.17,Open,C,A155638,MAJOR,,35.3817,26.8299,2.2193,15.32,8,,6,5,3,,1,,
3f5c7156-96cb-4738-8351-2ea0e46dff5e,GPS USPSA August Extra Saturday 2024,2024-08-31,3,Bay 6,4ca28172-d599-4f79-ad3d-4523fe07e78f,Pocholo Dimayuga,76,22.05,3,25.49,Limited,B,A106236,MAJOR,,28.0441,24.2537,2.0062,19.44,9,,8,1,4,,,,
3f5c7156-96cb-4738-8351-2ea0e46dff5e,GPS USPSA August Extra Saturday 2024,2024-08-31,3,Bay 6,4ca28172-d599-4f79-ad3d-4523fe07e78f,CHAN WILLIAM,77,15.48,4,17.90,Limited,,,MAJOR,,19.6890,17.0279,1.4085,12.78,10,,4,1,5,2,,,
3f5c7156-96cb-4738-8351-2ea0e46dff5e,GPS USPSA August Extra Saturday 2024,2024-08-31,3,Bay 6,4ca28172-d599-4f79-ad3d-4523fe07e78f,Jonathan Benitez,78,6.62,26,7.11,Carry Optics,U,,MINOR,Law Enforcement,7.8227,7.2790,0.6021,18.27,7,,8,2,5,,,,
3f5c7156-96cb-4738-8351-2ea0e46dff5e,GPS USPSA August Extra Saturday 2024,2024-08-31,3,Bay 6,4ca28172-d599-4f79-ad3d-4523fe07e78f,Rudy Widiaman,79,4.87,11,4.87,PCC,U,,MINOR,,5.3556,5.3556,0.4430,18.06,10,,5,3,4,,1,1,
3f5c7156-96cb-4738-8351-2ea0e46dff5e,GPS USPSA August Extra Saturday 2024,2024-08-31,3,Bay 6,4ca28172-d599-4f79-ad3d-4523fe07e78f,Jerry Bedro,80,0.00,12,0.00,PCC,B,A98263,MINOR,,0.0000,0.0000,,,,,,,,,,,
3f5c7156-96cb-4738-8351-2ea0e46dff5e,GPS USPSA August Extra Saturday 2024,2024-08-31,4,Bay 7,00a853c4-65c5-43fb-aa58-640c8964d9c8,Jacob Scott,1,100.00,1,100.00,Carry Optics,M,148292,MINOR,,130.0000,130.0000,9.6749,12.61,22,,4,,,,,,
3f5c7156-96cb-4738-8351-2ea0e46dff5e,GPS USPSA August Extra Saturday 2024,2024-08-31,4,Bay 7,00a853c4-65c5-43fb-aa58-640c8964d9c8,Vinh Lam,2,96.61,1,100.00,Limited,M,Ty101025,MAJOR,,130.0000,125.5968,9.3472,13.48,22,,4,,,,,,
3f5c7156-96cb-4738-8351-2ea0e46dff5e,GPS USPSA August Extra Saturday 2024,2024-08-31,4,Bay 7,00a853c4-65c5-43fb-aa58-640c8964d9c8,Michael Hanover,3,93.09,1,100.00,Limited Optics,A,A146302,MINOR,,130.0000,121.0175,9.0064,13.99,24,,2,,,,,,
3f5c7156-96cb-4738-8351-2ea0e46dff5e,GPS USPSA August Extra Saturday 2024,2024-08-31,4,Bay 7,00a853c4-65c5-43fb-aa58-640c8964d9c8,Andrew Whitley,4,92.62,1,100.00,Open,A,TY106649,MAJOR,,130.0000,120.4021,8.9606,13.95,21,,5,,,,,,
3f5c7156-96cb-4738-8351-2ea0e46dff5e,GPS USPSA August Extra Saturday 2024,2024-08-31,4,Bay 7,00a853c4-65c5-43fb-aa58-640c8964d9c8,Chez Chike-Udenze,5,89.03,2,96.12,Open,M,A138598,MAJOR,,124.9585,115.7328,8.6131,13.70,16,,9,1,,,,,
3f5c7156-96cb-4738-8351-2ea0e46dff5e,GPS USPSA August Extra Saturday 2024,2024-08-31,4,Bay 7,00a853c4-65c5-43fb-aa58-640c8964d9c8,Gil Yolo,6,86.47,2,86.47,Carry Optics,M,L5228,MINOR,,112.4058,112.4058,8.3655,15.54,26,,,,,,,,
3f5c7156-96cb-4738-8351-2ea0e46dff5e,GPS USPSA August Extra Saturday 2024,2024-08-31,4,Bay 7,00a853c4-65c5-43fb-aa58-640c8964d9c8,Bobby Ivester,7,85.45,1,100.00,PCC,A,A101336,MINOR,Lady,130.0000,111.0809,8.2669,13.79,19,,6,1,,,,,
3f5c7156-96cb-4738-8351-2ea0e46dff5e,GPS USPSA August Extra Saturday 2024,2024-08-31,4,Bay 7,00a853c4-65c5-43fb-aa58-640c8964d9c8,Travis McKenzie,8,85.22,2,91.54,Limited Optics,M,L6340,MINOR,,119.0055,110.7826,8.2447,15.04,23,,3,,,,,,
3f5c7156-96cb-4738-8351-2ea0e46dff5e,GPS USPSA August Extra Saturday 2024,2024-08-31,4,Bay 7,00a853c4-65c5-43fb-aa58-640c8964d9c8,Jerry Bedro,9,83.56,2,97.80,PCC,B,A98263,MINOR,,127.1364,108.6341,8.0848,15.09,22,,4,,,,,,
3f5c7156-96cb-4738-8351-2ea0e46dff5e,GPS USPSA August Extra Saturday 2024,2024-08-31,4,Bay 7,00a853c4-65c5-43fb-aa58-640c8964d9c8,Sheng Onia,10,82.10,3,88.20,Limited Optics,U,0,MINOR,Senior,114.6550,106.7328,7.9433,14.10,17,,9,,,,,,
3f5c7156-96cb-4738-8351-2ea0e46dff5e,GPS USPSA August Extra Saturday 2024,2024-08-31,4,Bay 7,00a853c4-65c5-43fb-aa58-640c8964d9c8,Gilbert Goodman,11,81.90,3,81.90,Carry Optics,B,A145861,MINOR,,106.4640,106.4640,7.9233,15.65,23,,3,,,,,,
3f5c7156-96cb-4738-8351-2ea0e46dff5e,GPS USPSA August Extra Saturday 2024,2024-08-31,4,Bay 7,00a853c4-65c5-43fb-aa58-640c8964d9c8,Tyler Kenny,12,80.51,3,86.92,Open,U,A148691,MINOR,,113.0010,104.6581,7.7889,15.92,23,,3,,,,,,
3f5c7156-96cb-4738-8351-2ea0e46dff5e,GPS USPSA August Extra Saturday 2024,2024-08-31,4,Bay 7,00a853c4-65c5-43fb-aa58-640c8964d9c8,Khoa Nguyen,13,79.77,4,85.69,Limited Optics,A,A117224,MINOR,Law Enforcement,111.4016,103.7041,7.7179,15.03,19,,7,,,,,,
3f5c7156-96cb-4738-8351-2ea0e46dff5e,GPS USPSA August Extra Saturday 2024,2024-08-31,4,Bay 7,00a853c4-65c5-43fb-aa58-640c8964d9c8,Marco Yue,14,79.40,3,92.93,PCC,M,L5762,MINOR,,120.8038,103.2231,7.6821,15.10,20,,5,1,,,,,
3f5c7156-96cb-4738-8351-2ea0e46dff5e,GPS USPSA August Extra Saturday 2024,2024-08-31,4,Bay 7,00a853c4-65c5-43fb-aa58-640c8964d9c8,Zachary Ralston,15,79.25,4,79.25,Carry Optics,M,A123081,MINOR,,103.0242,103.0242,7.6673,15.39,20,,6,,,,,,
3f5c7156-96cb-4738-8351-2ea0e46dff5e,GPS USPSA August Extra Saturday 2024,2024-08-31,4,Bay 7,00a853c4-65c5-43fb-aa58-640c8964d9c8,Rolan Ocampo,16,78.96,5,84.82,Limited Optics,A,,MINOR,,110.2670,102.6480,7.6393,15.97,22,,4,,,,,,
3f5c7156-96cb-4738-8351-2ea0e46dff5e,GPS USPSA August Extra Saturday 2024,2024-08-31,4,Bay 7,00a853c4-65c5-43fb-aa58-640c8964d9c8,Taylor Snodgrass,17,78.82,6,84.67,Limited Optics,A,A159149,MINOR,,110.0664,102.4612,7.6254,14.95,18,,8,,,,,,
3f5c7156-96cb-4738-8351-2ea0e46dff5e,GPS USPSA August Extra Saturday 2024,2024-08-31,4,Bay 7,00a853c4-65c5-43fb-aa58-640c8964d9c8,Jason Bright,18,78.69,5,78.69,Carry Optics,A,A93447,MINOR,Law Enforcement,102.2986,102.2986,7.6133,16.55,24,,2,,,,,,
3f5c7156-96cb-4738-8351-2ea0e46dff5e,GPS USPSA August Extra Saturday 2024,2024-08-31,4,Bay 7,00a853c4-65c5-43fb-aa58-640c8964d9c8,Mike Junco,19,78.22,7,84.02,Limited Optics,A,FY34819,MINOR,Senior; Law Enforcement,109.2321,101.6846,7.5676,16.65,24,,2,,,,,,
3f5c7156-96cb-4738-8351-2ea0e46dff5e,GPS USPSA August Extra Saturday 2024,2024-08-31,4,Bay 7,00a853c4-65c5-43fb-aa58-640c8964d9c8,Ross Apffel,20,76.94,6,76.94,Carry Optics,U,L4428,MINOR,,100.0265,100.0265,7.4442,16.12,21,,5,,,,,,
3f5c7156-96cb-4738-8351-2ea0e46dff5e,GPS USPSA August Extra Saturday 2024,2024-08-31,4,Bay 7,00a853c4-65c5-43fb-aa58-640c8964d9c8,Jack Liu,21,76.87,4,89.96,PCC,A,,MINOR,Law Enforcement,116.9479,99.9284,7.4369,15.06,18,,7,1,,,,,
3f5c7156-96cb-4738-8351-2ea0e46dff5e,GPS USPSA August Extra Saturday 2024,2024-08-31,4,Bay 7,00a853c4-65c5-43fb-aa58-640c8964d9c8,Devin Yolo,22,76.29,5,89.28,PCC,,,MINOR,,116.0689,99.1773,7.3810,16.80,23,,3,,,,,,
3f5c7156-96cb-4738-8351-2ea0e46dff5e,GPS USPSA August Extra Saturday 2024,2024-08-31,4,Bay 7,00a853c4-65c5-43fb-aa58-640c8964d9c8,David Nelson,23,76.20,7,76.20,Carry Optics,A,A148511,MINOR,,99.0590,99.0590,7.3722,16.82,23,,3,,,,,,
3f5c7156-96cb-4738-8351-2ea0e46dff5e,GPS USPSA August Extra Saturday 2024,2024-08-31,4,Bay 7,00a853c4-65c5-43fb-aa58-640c8964d9c8,Matthew Givens,24,75.30,6,88.12,PCC,B,Ty137686,MINOR,,114.5561,97.8846,7.2848,15.10,17,,8,1,,,,,
3f5c7156-96cb-4738-8351-2ea0e46dff5e,GPS USPSA August Extra Saturday 2024,2024-08-31,4,Bay 7,00a853c4-65c5-43fb-aa58-640c8964d9c8,Roger Feng,25,75.24,8,75.24,Carry Optics,B,A157776,MINOR,,97.8134,97.8134,7.2795,16.21,20,,6,,,,,,
3f5c7156-96cb-4738-8351-2ea0e46dff5e,GPS USPSA August Extra Saturday 2024,2024-08-31,4,Bay 7,00a853c4-65c5-43fb-aa58-640c8964d9c8,Joseph White,26,71.96,9,71.96,Carry Optics,B,A135489,MINOR,Law Enforcement,93.5526,93.5526,6.9624,17.81,23,,3,,,,,,
3f5c7156-96cb-4738-8351-2ea0e46dff5e,GPS USPSA August Extra Saturday 2024,2024-08-31,4,Bay 7,00a853c4-65c5-43fb-aa58-640c8964d9c8,Kolton Cox,27,71.53,8,76.83,Limited Optics,B,A155275,MINOR,,99.8845,92.9829,6.9200,17.63,22,,4,,,,,,
3f5c7156-96cb-4738-8351-2ea0e46dff5e,GPS USPSA August Extra Saturday 2024,2024-08-31,4,Bay 7,00a853c4-65c5-43fb-aa58-640c8964d9c8,Jay-R delos-Santos,28,71.07,7,83.18,PCC,B,A70297,MINOR,Senior,108.1307,92.3943,6.8762,15.27,20,,5,,1,,,,
3f5c7156-96cb-4738-8351-2ea0e46dff5e,GPS USPSA August Extra Saturday 2024,2024-08-31,4,Bay 7,00a853c4-65c5-43fb-aa58-640c8964d9c8,JC Aguinaldo,29,70.99,9,76.26,Limited Optics,U,0,MINOR,,99.1412,92.2909,6.8685,17.18,20,,6,,,,,,
3f5c7156-96cb-4738-8351-2ea0e46dff5e,GPS USPSA August Extra Saturday 2024,2024-08-31,4,Bay 7,00a853c4-65c5-43fb-aa58-640c8964d9c8,Jesse Harrington,30,70.46,10,70.46,Carry Optics,B,A153046,MINOR,,91.5975,91.5975,6.8169,17.31,20,,6,,,,,,
3f5c7156-96cb-4738-8351-2ea0e46dff5e,GPS USPSA August Extra Saturday 2024,2024-08-31,4,Bay 7,00a853c4-65c5-43fb-aa58-640c8964d9c8,Brandon Hunt,31,69.59,10,74.76,Limited Optics,C,FY150701,MINOR,,97.1839,90.4688,6.7329,18.12,23,,2,1,,,,,
3f5c7156-96cb-4738-8351-2ea0e46dff5e,GPS USPSA August Extra Saturday 2024,2024-08-31,4,Bay 7,00a853c4-65c5-43fb-aa58-640c8964d9c8,Jason Wells,32,69.32,11,74.46,Limited Optics,B,L5218,MINOR,,96.7985,90.1101,6.7062,16.85,24,,1,,1,,,,
3f5c7156-96cb-4738-8351-2ea0e46dff5e,GPS USPSA August Extra Saturday 2024,2024-08-31,4,Bay 7,00a853c4-65c5-43fb-aa58-640c8964d9c8,John Ren,33,69.17,2,71.59,Limited,C,,MINOR,,93.0703,89.9179,6.6919,18.53,24,,1,1,,,,,
3f5c7156-96cb-4738-8351-2ea0e46dff5e,GPS USPSA August Extra Saturday 2024,2024-08-31,4,Bay 7,00a853c4-65c5-43fb-aa58-640c8964d9c8,Berrhett Foss,34,69.00,11,69.00,Carry Optics,B,A143624,MINOR,,89.7016,89.7016,6.6758,14.53,17,,7,1,1,,,,
3f5c7156-96cb-4738-8351-2ea0e46dff5e,GPS USPSA August Extra Saturday 2024,2024-08-31,4,Bay 7,00a853c4-65c5-43fb-aa58-640c8964d9c8,David Zhang,35,68.91,4,74.40,Open,C,FY140383,MAJOR,,96.7202,89.5793,6.6667,18.60,22,,3,1,,,,,
3f5c7156-96cb-4738-8351-2ea0e46dff5e,GPS USPSA August Extra Saturday 2024,2024-08-31,4,Bay 7,00a853c4-65c5-43fb-aa58-640c8964d9c8,Michael Martin,36,68.44,12,73.52,Limited Optics,B,TY147450,MINOR,Military,95.5702,88.9666,6.6211,19.03,24,,2,,,,,,
3f5c7156-96cb-4738-8351-2ea0e46dff5e,GPS USPSA August Extra Saturday 2024,2024-08-31,4,Bay 7,00a853c4-65c5-43fb-aa58-640c8964d9c8,Richard Inzunza,37,68.32,5,73.77,Open,B,A135623,MAJOR,Senior,95.8990,88.8188,6.6101,16.49,19,,6,,1,,,,
3f5c7156-96cb-4738-8351-2ea0e46dff5e,GPS USPSA August Extra Saturday 2024,2024-08-31,4,Bay 7,00a853c4-65c5-43fb-aa58-640c8964d9c8,Pocholo Dimayuga,38,67.96,3,70.35,Limited,B,A106236,MAJOR,,91.4487,88.3512,6.5753,18.25,16,,10,,,,,,
3f5c7156-96cb-4738-8351-2ea0e46dff5e,GPS USPSA August Extra Saturday 2024,2024-08-31,4,Bay 7,00a853c4-65c5-43fb-aa58-640c8964d9c8,Lee Cardwell,39,67.74,12,67.74,Carry Optics,B,A155173,MINOR,,88.0636,88.0636,6.5539,18.92,23,,3,,,,,,
3f5c7156-96cb-4738-8351-2ea0e46dff5e,GPS USPSA August Extra Saturday 2024,2024-08-31,4,Bay 7,00a853c4-65c5-43fb-aa58-640c8964d9c8,Craig Bellamy,40,66.49,1,100.00,Production,U,TY54824,MINOR,Law Enforcement,130.0000,86.4311,6.4324,15.08,18,,5,2,1,,,,
3f5c7156-96cb-4738-8351-2ea0e46dff5e,GPS USPSA August Extra Saturday 2024,2024-08-31,4,Bay 7,00a853c4-65c5-43fb-aa58-640c8964d9c8,Eric Wu,41,66.46,2,99.96,Production,C,,MINOR,,129.9475,86.3961,6.4298,17.73,18,,8,,,,,,
3f5c7156-96cb-4738-8351-2ea0e46dff5e,GPS USPSA August Extra Saturday 2024,2024-08-31,4,Bay 7,00a853c4-65c5-43fb-aa58-640c8964d9c8,Don Sanders,42,66.18,6,71.46,Open,B,FY46389,MAJOR,Senior,92.8930,86.0347,6.4029,19.21,21,,4,1,,,,,
3f5c7156-96cb-4738-8351-2ea0e46dff5e,GPS USPSA August Extra Saturday 2024,2024-08-31,4,Bay 7,00a853c4-65c5-43fb-aa58-640c8964d9c8,Abrahan Figueroa,43,65.94,13,70.83,Limited Optics,U,TY54053,MINOR,Senior,92.0814,85.7189,6.3794,17.87,20,,4,2,,,,,
3f5c7156-96cb-4738-8351-2ea0e46dff5e,GPS USPSA August Extra Saturday 2024,2024-08-31,4,Bay 7,00a853c4-65c5-43fb-aa58-640c8964d9c8,Doug Joder,44,65.58,8,76.74,PCC,B,TY115020,MINOR,,99.7680,85.2486,6.3444,19.86,24,,2,,,,,,
3f5c7156-96cb-4738-8351-2ea0e46dff5e,GPS USPSA August Extra Saturday 2024,2024-08-31,4,Bay 7,00a853c4-65c5-43fb-aa58-640c8964d9c8,Travis Walton,45,64.67,13,64.67,Carry Optics,C,A159321,MINOR,,84.0689,84.0689,6.2566,18.86,20,,6,,,,,,
3f5c7156-96cb-4738-8351-2ea0e46dff5e,GPS USPSA August Extra Saturday 2024,2024-08-31,4,Bay 7,00a853c4-65c5-43fb-aa58-640c8964d9c8,Phyl Santos,46,63.96,14,63.96,Carry Optics,B,A155981,MINOR,,83.1538,83.1538,6.1885,17.29,21,,4,,1,,,,
3f5c7156-96cb-4738-8351-2ea0e46dff5e,GPS USPSA August Extra Saturday 2024,2024-08-31,4,Bay 7,00a853c4-65c5-43fb-aa58-640c8964d9c8,Brandon Foss,47,63.62,15,63.62,Carry Optics,M,L5142,MINOR,,82.6997,82.6997,6.1547,17.71,22,,3,,1,,,,
3f5c7156-96cb-4738-8351-2ea0e46dff5e,GPS USPSA August Extra Saturday 2024,2024-08-31,4,Bay 7,00a853c4-65c5-43fb-aa58-640c8964d9c8,Karys Bellamy,48,62.70,14,67.36,Limited Optics,C,A130774,MINOR,Lady; Junior,87.5664,81.5159,6.0666,20.11,23,,2,1,,,,,
3f5c7156-96cb-4738-8351-2ea0e46dff5e,GPS USPSA August Extra Saturday 2024,2024-08-31,4,Bay 7,00a853c4-65c5-43fb-aa58-640c8964d9c8,Alex Nguyen,49,62.58,9,73.24,PCC,C,A151003,MINOR,,95.2061,81.3506,6.0543,19.16,19,,7,,,,,,
3f5c7156-96cb-4738-8351-2ea0e46dff5e,GPS USPSA August Extra Saturday 2024,2024-08-31,4,Bay 7,00a853c4-65c5-43fb-aa58-640c8964d9c8,George Zhou,50,62.17,16,62.17,Carry Optics,B,A146179,MINOR,,80.8172,80.8172,6.0146,16.46,18,,6,1,1,,,,
3f5c7156-96cb-4738-8351-2ea0e46dff5e,GPS USPSA August Extra Saturday 2024,2024-08-31,4,Bay 7,00a853c4-65c5-43fb-aa58-640c8964d9c8,Jeremiah Hunt,51,60.83,15,65.35,Limited Optics,C,A148592,MINOR,,84.9495,79.0798,5.8853,19.71,19,,7,,,,,,
3f5c7156-96cb-4738-8351-2ea0e46dff5e,GPS USPSA August Extra Saturday 2024,2024-08-31,4,Bay 7,00a853c4-65c5-43fb-aa58-640c8964d9c8,james rogers,52,60.71,16,65.22,Limited Optics,U,A101402,MINOR,Law Enforcement,84.7820,78.9239,5.8737,20.43,21,,5,,,,,,
3f5c7156-96cb-4738-8351-2ea0e46dff5e,GPS USPSA August Extra Saturday 2024,2024-08-31,4,Bay 7,00a853c4-65c5-43fb-aa58-640c8964d9c8,Amber Chike-Udenze,53,59.51,10,69.65,PCC,U,A138974,MINOR,Lady,90.5451,77.3679,5.7579,17.02,16,,4,6,,,,,
3f5c7156-96cb-4738-8351-2ea0e46dff5e,GPS USPSA August Extra Saturday 2024,2024-08-31,4,Bay 7,00a853c4-65c5-43fb-aa58-640c8964d9c8,Jun Wu,54,59.32,11,69.43,PCC,U,A104927,MINOR,,90.2526,77.1180,5.7393,20.56,20,,6,,,,,,
3f5c7156-96cb-4738-8351-2ea0e46dff5e,GPS USPSA August Extra Saturday 2024,2024-08-31,4,Bay 7,00a853c4-65c5-43fb-aa58-640c8964d9c8,Carlos Escandon,55,59.17,17,63.56,Limited Optics,B,L2590,MINOR,Super Senior,82.6314,76.9218,5.7247,22.01,24,,2,,,,,,
3f5c7156-96cb-4738-8351-2ea0e46dff5e,GPS USPSA August Extra Saturday 2024,2024-08-31,4,Bay 7,00a853c4-65c5-43fb-aa58-640c8964d9c8,Tony Vale,56,58.75,17,58.75,Carry Optics,B,A153735,MINOR,,76.3763,76.3763,5.6841,15.13,19,,3,2,2,,,,
3f5c7156-96cb-4738-8351-2ea0e46dff5e,GPS USPSA August Extra Saturday 2024,2024-08-31,4,Bay 7,00a853c4-65c5-43fb-aa58-640c8964d9c8,Ray Perez,57,58.70,18,58.70,Carry Optics,U,A162192,MINOR,Law Enforcement,76.3091,76.3091,5.6791,21.13,21,,5,,,,,,
3f5c7156-96cb-4738-8351-2ea0e46dff5e,GPS USPSA August Extra Saturday 2024,2024-08-31,4,Bay 7,00a853c4-65c5-43fb-aa58-640c8964d9c8,Jonathan Benitez,58,58.10,19,58.10,Carry Optics,U,,MINOR,Law Enforcement,75.5257,75.5257,5.6208,19.57,17,,8,1,,,,,
3f5c7156-96cb-4738-8351-2ea0e46dff5e,GPS USPSA August Extra Saturday 2024,2024-08-31,4,Bay 7,00a853c4-65c5-43fb-aa58-640c8964d9c8,Kexin Bai,59,57.94,7,62.56,Open,C,A155638,MAJOR,,81.3316,75.3269,5.6060,18.73,13,,7,6,,,,,
3f5c7156-96cb-4738-8351-2ea0e46dff5e,GPS USPSA August Extra Saturday 2024,2024-08-31,4,Bay 7,00a853c4-65c5-43fb-aa58-640c8964d9c8,Ian Doskocil,60,57.87,20,57.87,Carry Optics,U,,MINOR,Law Enforcement,75.2355,75.2355,5.5992,20.36,18,,8,,,,,,
3f5c7156-96cb-4738-8351-2ea0e46dff5e,GPS USPSA August Extra Saturday 2024,2024-08-31,4,Bay 7,00a853c4-65c5-43fb-aa58-640c8964d9c8,Michael Pontious,61,57.62,21,57.62,Carry Optics,B,fy94575,MINOR,Senior,74.9090,74.9090,5.5749,20.09,17,,9,,,,,,
3f5c7156-96cb-4738-8351-2ea0e46dff5e,GPS USPSA August Extra Saturday 2024,2024-08-31,4,Bay 7,00a853c4-65c5-43fb-aa58-640c8964d9c8,Pat Byrne,62,57.10,22,57.10,Carry Optics,B,Ty93921,MINOR,Distinguished Senior,74.2251,74.2251,5.5240,19.37,21,,4,,1,,,,
3f5c7156-96cb-4738-8351-2ea0e46dff5e,GPS USPSA August Extra Saturday 2024,2024-08-31,4,Bay 7,00a853c4-65c5-43fb-aa58-640c8964d9c8,Arnold Gee,63,55.93,8,60.39,Open,B,,MAJOR,,78.5084,72.7121,5.4114,22.36,17,,9,,,,,,
3f5c7156-96cb-4738-8351-2ea0e46dff5e,GPS USPSA August Extra Saturday 2024,2024-08-31,4,Bay 7,00a853c4-65c5-43fb-aa58-640c8964d9c8,Gary Wu,64,54.22,9,58.54,Open,B,L2998,MAJOR,Senior,76.0986,70.4802,5.2453,17.73,19,,4,1,2,,,,
3f5c7156-96cb-4738-8351-2ea0e46dff5e,GPS USPSA August Extra Saturday 2024,2024-08-31,4,Bay 7,00a853c4-65c5-43fb-aa58-640c8964d9c8,Rudy Widiaman,65,53.72,12,62.86,PCC,U,,MINOR,,81.7231,69.8299,5.1969,18.28,16,,8,1,1,,,,
3f5c7156-96cb-4738-8351-2ea0e46dff5e,GPS USPSA August Extra Saturday 2024,2024-08-31,4,Bay 7,00a853c4-65c5-43fb-aa58-640c8964d9c8,Yulmer Carreno,66,51.98,23,51.98,Carry Optics,U,A157204,MINOR,,67.5779,67.5779,5.0293,23.86,21,,5,,,,,,
3f5c7156-96cb-4738-8351-2ea0e46dff5e,GPS USPSA August Extra Saturday 2024,2024-08-31,4,Bay 7,00a853c4-65c5-43fb-aa58-640c8964d9c8,Manny Nerona,67,51.92,1,100.00,Single Stack,C,A69445,MAJOR,Super Senior,130.0000,67.4999,5.0235,25.48,24,,2,,,,,,
3f5c7156-96cb-4738-8351-2ea0e46dff5e,GPS USPSA August Extra Saturday 2024,2024-08-31,4,Bay 7,00a853c4-65c5-43fb-aa58-640c8964d9c8,CHAN WILLIAM,68,51.16,4,52.95,Limited,,,MAJOR,,68.8414,66.5096,4.9498,14.95,16,,5,2,3,,,,
3f5c7156-96cb-4738-8351-2ea0e46dff5e,GPS USPSA August Extra Saturday 2024,2024-08-31,4,Bay 7,00a853c4-65c5-43fb-aa58-640c8964d9c8,Robin Chen,69,50.91,24,50.91,Carry Optics,C,A152878,MINOR,Lady; Law Enforcement,66.1858,66.1858,4.9257,21.52,15,,10,1,,,,,
3f5c7156-96cb-4738-8351-2ea0e46dff5e,GPS USPSA August Extra Saturday 2024,2024-08-31,4,Bay 7,00a853c4-65c5-43fb-aa58-640c8964d9c8,Matthew Lem,70,49.57,3,74.55,Production,A,A34763,MINOR,Senior; Law Enforcement,96.9200,64.4377,4.7956,19.81,15,,10,,1,,,,
3f5c7156-96cb-4738-8351-2ea0e46dff5e,GPS USPSA August Extra Saturday 2024,2024-08-31,4,Bay 7,00a853c4-65c5-43fb-aa58-640c8964d9c8,Jeannie Marrone,71,48.52,10,52.39,Open,C,TY133357,MAJOR,Lady; Super Senior,68.1047,63.0765,4.6943,27.48,25,,1,,,,,,
3f5c7156-96cb-4738-8351-2ea0e46dff5e,GPS USPSA August Extra Saturday 2024,2024-08-31,4,Bay 7,00a853c4-65c5-43fb-aa58-640c8964d9c8,Teddy Elarmo,72,47.57,18,51.10,Limited Optics,U,A142885,MINOR,,66.4247,61.8350,4.6019,27.38,24,,2,,,,,,
3f5c7156-96cb-4738-8351-2ea0e46dff5e,GPS USPSA August Extra Saturday 2024,2024-08-31,4,Bay 7,00a853c4-65c5-43fb-aa58-640c8964d9c8,Danel Jenkins,73,44.99,25,44.99,Carry Optics,C,TY137797,MINOR,Senior; Law Enforcement,58.4838,58.4838,4.3525,28.03,22,,4,,,,,,
3f5c7156-96cb-4738-8351-2ea0e46dff5e,GPS USPSA August Extra Saturday 2024,2024-08-31,4,Bay 7,00a853c4-65c5-43fb-aa58-640c8964d9c8,Virak Meas,74,44.72,19,48.04,Limited Optics,U,O,MINOR,Senior,62.4553,58.1398,4.3269,20.80,20,,3,1,2,,,,
3f5c7156-96cb-4738-8351-2ea0e46dff5e,GPS USPSA August Extra Saturday 2024,2024-08-31,4,Bay 7,00a853c4-65c5-43fb-aa58-640c8964d9c8,Dan Schreiber,75,43.05,20,46.25,Limited Optics,C,A147899,MINOR,Super Senior,60.1227,55.9684,4.1653,30.25,24,,2,,,,,,
3f5c7156-96cb-4738-8351-2ea0e46dff5e,GPS USPSA August Extra Saturday 2024,2024-08-31,4,Bay 7,00a853c4-65c5-43fb-aa58-640c8964d9c8,Chris Totcky,76,39.58,21,42.52,Limited Optics,,A161312,MINOR,,55.2757,51.4563,3.8295,32.38,23,,3,,,,,,
3f5c7156-96cb-4738-8351-2ea0e46dff5e,GPS USPSA August Extra Saturday 2024,2024-08-31,4,Bay 7,00a853c4-65c5-43fb-aa58-640c8964d9c8,Paul Torre,77,36.93,26,36.93,Carry Optics,C,A88028,MINOR,Law Enforcement,48.0058,48.0058,3.5727,28.27,18,,7,,1,,,,
3f5c7156-96cb-4738-8351-2ea0e46dff5e,GPS USPSA August Extra Saturday 2024,2024-08-31,4,Bay 7,00a853c4-65c5-43fb-aa58-640c8964d9c8,TJ Balingit,78,28.24,2,54.39,Single Stack,U,A151010,MINOR,,70.7127,36.7161,2.7325,39.89,22,,3,,1,,,,
3f5c7156-96cb-4738-8351-2ea0e46dff5e,GPS USPSA August Extra Saturday 2024,2024-08-31,4,Bay 7,00a853c4-65c5-43fb-aa58-640c8964d9c8,George Byrd,79,20.73,3,39.93,Single Stack,D,A84906,MINOR,Distinguished Senior,51.9120,26.9543,2.0060,39.88,14,,10,,2,,,,
3f5c7156-96cb-4738-8351-2ea0e46dff5e,GPS USPSA August Extra Saturday 2024,2024-08-31,4,Bay 7,00a853c4-65c5-43fb-aa58-640c8964d9c8,joel broughton,80,0.00,4,0.00,Single Stack,B,A83418,MAJOR,Super Senior,0.0000,0.0000,,,,,,,,,,,
3f5c7156-96cb-4738-8351-2ea0e46dff5e,GPS USPSA August Extra Saturday 2024,2024-08-31,5,Bay 8,802ee7e3-eef2-4dec-b0c5-a0735b6733df,Chez Chike-Udenze,1,100.00,1,100.00,Open,M,A138598,MAJOR,,120.0000,120.0000,9.6088,11.76,19,,4,1,,,,,
3f5c7156-96cb-4738-8351-2ea0e46dff5e,GPS USPSA August Extra Saturday 2024,2024-08-31,5,Bay 8,802ee7e3-eef2-4dec-b0c5-a0735b6733df,Travis McKenzie,2,97.05,1,100.00,Limited Optics,M,L6340,MINOR,,120.0000,116.4632,9.3256,12.01,21,,2,1,,,,,
3f5c7156-96cb-4738-8351-2ea0e46dff5e,GPS USPSA August Extra Saturday 2024,2024-08-31,5,Bay 8,802ee7e3-eef2-4dec-b0c5-a0735b6733df,Vinh Lam,3,89.02,1,100.00,Limited,M,Ty101025,MAJOR,,120.0000,106.8283,8.5541,13.21,17,,7,,,,,,
3f5c7156-96cb-4738-8351-2ea0e46dff5e,GPS USPSA August Extra Saturday 2024,2024-08-31,5,Bay 8,802ee7e3-eef2-4dec-b0c5-a0735b6733df,Jacob Scott,4,88.30,1,100.00,Carry Optics,M,148292,MINOR,,120.0000,105.9629,8.4848,13.20,20,,4,,,,,,
3f5c7156-96cb-4738-8351-2ea0e46dff5e,GPS USPSA August Extra Saturday 2024,2024-08-31,5,Bay 8,802ee7e3-eef2-4dec-b0c5-a0735b6733df,Kolton Cox,5,86.79,2,89.42,Limited Optics,B,A155275,MINOR,,107.3098,104.1470,8.3394,13.67,21,,3,,,,,,
3f5c7156-96cb-4738-8351-2ea0e46dff5e,GPS USPSA August Extra Saturday 2024,2024-08-31,5,Bay 8,802ee7e3-eef2-4dec-b0c5-a0735b6733df,Andrew Whitley,6,86.08,2,86.08,Open,A,TY106649,MAJOR,,103.2953,103.2953,8.2712,13.42,17,,6,1,,,,,
3f5c7156-96cb-4738-8351-2ea0e46dff5e,GPS USPSA August Extra Saturday 2024,2024-08-31,5,Bay 8,802ee7e3-eef2-4dec-b0c5-a0735b6733df,Craig Bellamy,7,84.61,1,100.00,Production,U,TY54824,MINOR,Law Enforcement,120.0000,101.5332,8.1301,14.76,24,,,,,,,,
3f5c7156-96cb-4738-8351-2ea0e46dff5e,GPS USPSA August Extra Saturday 2024,2024-08-31,5,Bay 8,802ee7e3-eef2-4dec-b0c5-a0735b6733df,Brandon Foss,8,82.64,2,93.59,Carry Optics,M,L5142,MINOR,,112.3062,99.1691,7.9408,14.86,23,,1,,,,,,
3f5c7156-96cb-4738-8351-2ea0e46dff5e,GPS USPSA August Extra Saturday 2024,2024-08-31,5,Bay 8,802ee7e3-eef2-4dec-b0c5-a0735b6733df,Jack Liu,9,82.22,1,100.00,PCC,A,,MINOR,Law Enforcement,120.0000,98.6658,7.9005,13.67,20,,2,2,,,,,
3f5c7156-96cb-4738-8351-2ea0e46dff5e,GPS USPSA August Extra Saturday 2024,2024-08-31,5,Bay 8,802ee7e3-eef2-4dec-b0c5-a0735b6733df,Richard Inzunza,10,78.81,3,78.81,Open,B,A135623,MAJOR,Senior,94.5721,94.5721,7.5727,14.79,18,,5,1,,,,,
3f5c7156-96cb-4738-8351-2ea0e46dff5e,GPS USPSA August Extra Saturday 2024,2024-08-31,5,Bay 8,802ee7e3-eef2-4dec-b0c5-a0735b6733df,Devin Yolo,11,76.20,2,92.68,PCC,,,MINOR,,111.2132,91.4412,7.3220,14.75,18,,6,,,,,,
3f5c7156-96cb-4738-8351-2ea0e46dff5e,GPS USPSA August Extra Saturday 2024,2024-08-31,5,Bay 8,802ee7e3-eef2-4dec-b0c5-a0735b6733df,Marco Yue,12,74.73,3,90.88,PCC,M,L5762,MINOR,,109.0594,89.6703,7.1802,15.32,19,,5,,,,,,
3f5c7156-96cb-4738-8351-2ea0e46dff5e,GPS USPSA August Extra Saturday 2024,2024-08-31,5,Bay 8,802ee7e3-eef2-4dec-b0c5-a0735b6733df,David Nelson,13,74.62,3,84.50,Carry Optics,A,A148511,MINOR,,101.4020,89.5404,7.1698,15.90,21,,3,,,,,,
3f5c7156-96cb-4738-8351-2ea0e46dff5e,GPS USPSA August Extra Saturday 2024,2024-08-31,5,Bay 8,802ee7e3-eef2-4dec-b0c5-a0735b6733df,Sheng Onia,14,74.49,3,76.75,Limited Optics,U,0,MINOR,Senior,92.0987,89.3843,7.1573,14.81,17,,7,,,,,,
3f5c7156-96cb-4738-8351-2ea0e46dff5e,GPS USPSA August Extra Saturday 2024,2024-08-31,5,Bay 8,802ee7e3-eef2-4dec-b0c5-a0735b6733df,Zachary Ralston,15,74.48,4,84.34,Carry Optics,M,A123081,MINOR,,101.2139,89.3743,7.1565,15.65,20,,4,,,,,,
3f5c7156-96cb-4738-8351-2ea0e46dff5e,GPS USPSA August Extra Saturday 2024,2024-08-31,5,Bay 8,802ee7e3-eef2-4dec-b0c5-a0735b6733df,Taylor Snodgrass,16,73.96,4,76.21,Limited Optics,A,A159149,MINOR,,91.4463,88.7511,7.1066,13.79,15,,7,2,,,,,
3f5c7156-96cb-4738-8351-2ea0e46dff5e,GPS USPSA August Extra Saturday 2024,2024-08-31,5,Bay 8,802ee7e3-eef2-4dec-b0c5-a0735b6733df,Mike Junco,17,73.74,5,75.97,Limited Optics,A,FY34819,MINOR,Senior; Law Enforcement,91.1697,88.4826,7.0851,16.09,21,,3,,,,,,
3f5c7156-96cb-4738-8351-2ea0e46dff5e,GPS USPSA August Extra Saturday 2024,2024-08-31,5,Bay 8,802ee7e3-eef2-4dec-b0c5-a0735b6733df,Rudy Widiaman,18,71.95,4,87.51,PCC,U,,MINOR,,105.0101,86.3409,6.9136,16.20,21,,2,1,,,,,
3f5c7156-96cb-4738-8351-2ea0e46dff5e,GPS USPSA August Extra Saturday 2024,2024-08-31,5,Bay 8,802ee7e3-eef2-4dec-b0c5-a0735b6733df,Jerry Bedro,19,71.06,5,86.43,PCC,B,A98263,MINOR,,103.7129,85.2743,6.8282,13.62,18,,4,1,1,,,,
3f5c7156-96cb-4738-8351-2ea0e46dff5e,GPS USPSA August Extra Saturday 2024,2024-08-31,5,Bay 8,802ee7e3-eef2-4dec-b0c5-a0735b6733df,Gil Yolo,20,69.87,5,79.13,Carry Optics,M,L5228,MINOR,,94.9529,83.8456,6.7138,14.15,19,,3,1,1,,,,
3f5c7156-96cb-4738-8351-2ea0e46dff5e,GPS USPSA August Extra Saturday 2024,2024-08-31,5,Bay 8,802ee7e3-eef2-4dec-b0c5-a0735b6733df,Jesse Harrington,21,69.78,6,79.03,Carry Optics,B,A153046,MINOR,,94.8312,83.7382,6.7052,17.30,22,,2,,,,,,
3f5c7156-96cb-4738-8351-2ea0e46dff5e,GPS USPSA August Extra Saturday 2024,2024-08-31,5,Bay 8,802ee7e3-eef2-4dec-b0c5-a0735b6733df,Jason Bright,22,69.22,7,78.39,Carry Optics,A,A93447,MINOR,Law Enforcement,94.0661,83.0626,6.6511,17.14,21,,3,,,,,,
3f5c7156-96cb-4738-8351-2ea0e46dff5e,GPS USPSA August Extra Saturday 2024,2024-08-31,5,Bay 8,802ee7e3-eef2-4dec-b0c5-a0735b6733df,Tyler Kenny,23,69.03,4,69.03,Open,U,A148691,MINOR,,82.8328,82.8328,6.6327,15.68,17,,6,1,,,,,
3f5c7156-96cb-4738-8351-2ea0e46dff5e,GPS USPSA August Extra Saturday 2024,2024-08-31,5,Bay 8,802ee7e3-eef2-4dec-b0c5-a0735b6733df,Khoa Nguyen,24,68.28,6,70.35,Limited Optics,A,A117224,MINOR,Law Enforcement,84.4231,81.9349,6.5608,14.48,19,,3,1,1,,,,
3f5c7156-96cb-4738-8351-2ea0e46dff5e,GPS USPSA August Extra Saturday 2024,2024-08-31,5,Bay 8,802ee7e3-eef2-4dec-b0c5-a0735b6733df,Michael Martin,25,67.67,7,69.72,Limited Optics,B,TY147450,MINOR,Military,83.6690,81.2031,6.5022,17.84,22,,2,,,,,,
3f5c7156-96cb-4738-8351-2ea0e46dff5e,GPS USPSA August Extra Saturday 2024,2024-08-31,5,Bay 8,802ee7e3-eef2-4dec-b0c5-a0735b6733df,Tony Vale,26,67.21,8,76.11,Carry Optics,B,A153735,MINOR,,91.3379,80.6536,6.4582,14.71,18,,5,,1,,,,
3f5c7156-96cb-4738-8351-2ea0e46dff5e,GPS USPSA August Extra Saturday 2024,2024-08-31,5,Bay 8,802ee7e3-eef2-4dec-b0c5-a0735b6733df,Gary Wu,27,67.21,5,67.21,Open,B,L2998,MAJOR,Senior,80.6461,80.6461,6.4576,16.26,19,,5,,,,1,,
3f5c7156-96cb-4738-8351-2ea0e46dff5e,GPS USPSA August Extra Saturday 2024,2024-08-31,5,Bay 8,802ee7e3-eef2-4dec-b0c5-a0735b6733df,Ross Apffel,28,66.41,9,75.21,Carry Optics,U,L4428,MINOR,,90.2546,79.6969,6.3816,15.67,19,,5,,,,1,,
3f5c7156-96cb-4738-8351-2ea0e46dff5e,GPS USPSA August Extra Saturday 2024,2024-08-31,5,Bay 8,802ee7e3-eef2-4dec-b0c5-a0735b6733df,Jeremiah Hunt,29,65.08,8,67.06,Limited Optics,C,A148592,MINOR,,80.4701,78.0984,6.2536,17.59,19,,5,,,,,,
3f5c7156-96cb-4738-8351-2ea0e46dff5e,GPS USPSA August Extra Saturday 2024,2024-08-31,5,Bay 8,802ee7e3-eef2-4dec-b0c5-a0735b6733df,Roger Feng,30,63.80,10,72.25,Carry Optics,B,A157776,MINOR,,86.7005,76.5586,6.1303,15.66,17,,7,,,,1,,
3f5c7156-96cb-4738-8351-2ea0e46dff5e,GPS USPSA August Extra Saturday 2024,2024-08-31,5,Bay 8,802ee7e3-eef2-4dec-b0c5-a0735b6733df,Rolan Ocampo,31,63.32,9,65.24,Limited Optics,A,,MINOR,,78.2890,75.9816,6.0841,15.45,17,,6,1,,,1,,
3f5c7156-96cb-4738-8351-2ea0e46dff5e,GPS USPSA August Extra Saturday 2024,2024-08-31,5,Bay 8,802ee7e3-eef2-4dec-b0c5-a0735b6733df,Bobby Ivester,32,63.02,6,76.64,PCC,A,A101336,MINOR,Lady,91.9719,75.6207,6.0552,16.68,21,,2,,1,,,,
3f5c7156-96cb-4738-8351-2ea0e46dff5e,GPS USPSA August Extra Saturday 2024,2024-08-31,5,Bay 8,802ee7e3-eef2-4dec-b0c5-a0735b6733df,Ray Perez,33,62.27,11,70.52,Carry Optics,U,A162192,MINOR,Law Enforcement,84.6285,74.7290,5.9838,19.72,23,,1,,,,,,
3f5c7156-96cb-4738-8351-2ea0e46dff5e,GPS USPSA August Extra Saturday 2024,2024-08-31,5,Bay 8,802ee7e3-eef2-4dec-b0c5-a0735b6733df,Alex Nguyen,34,61.25,7,74.50,PCC,C,A151003,MINOR,,89.3974,73.5039,5.8857,17.50,22,,1,,1,,,,
3f5c7156-96cb-4738-8351-2ea0e46dff5e,GPS USPSA August Extra Saturday 2024,2024-08-31,5,Bay 8,802ee7e3-eef2-4dec-b0c5-a0735b6733df,james rogers,35,59.73,10,61.55,Limited Optics,U,A101402,MINOR,Law Enforcement,73.8573,71.6805,5.7397,20.21,22,,2,,,,,,
3f5c7156-96cb-4738-8351-2ea0e46dff5e,GPS USPSA August Extra Saturday 2024,2024-08-31,5,Bay 8,802ee7e3-eef2-4dec-b0c5-a0735b6733df,Phyl Santos,36,59.71,12,67.62,Carry Optics,B,A155981,MINOR,,81.1479,71.6556,5.7377,15.86,17,,5,1,1,,,,
3f5c7156-96cb-4738-8351-2ea0e46dff5e,GPS USPSA August Extra Saturday 2024,2024-08-31,5,Bay 8,802ee7e3-eef2-4dec-b0c5-a0735b6733df,Abrahan Figueroa,37,59.24,11,61.04,Limited Optics,U,TY54053,MINOR,Senior,73.2487,71.0898,5.6924,18.27,18,,4,2,,,,,
3f5c7156-96cb-4738-8351-2ea0e46dff5e,GPS USPSA August Extra Saturday 2024,2024-08-31,5,Bay 8,802ee7e3-eef2-4dec-b0c5-a0735b6733df,George Zhou,38,59.08,13,66.91,Carry Optics,B,A146179,MINOR,,80.2880,70.8963,5.6769,16.03,16,,7,,1,,,,
3f5c7156-96cb-4738-8351-2ea0e46dff5e,GPS USPSA August Extra Saturday 2024,2024-08-31,5,Bay 8,802ee7e3-eef2-4dec-b0c5-a0735b6733df,Joseph White,39,58.99,14,66.80,Carry Optics,B,A135489,MINOR,Law Enforcement,80.1593,70.7826,5.6678,17.82,21,,2,,1,,,,
3f5c7156-96cb-4738-8351-2ea0e46dff5e,GPS USPSA August Extra Saturday 2024,2024-08-31,5,Bay 8,802ee7e3-eef2-4dec-b0c5-a0735b6733df,Gilbert Goodman,40,58.97,15,66.78,Carry Optics,B,A145861,MINOR,,80.1339,70.7601,5.6660,20.12,21,,3,,,,,,
3f5c7156-96cb-4738-8351-2ea0e46dff5e,GPS USPSA August Extra Saturday 2024,2024-08-31,5,Bay 8,802ee7e3-eef2-4dec-b0c5-a0735b6733df,Karys Bellamy,41,56.77,12,58.49,Limited Optics,C,A130774,MINOR,Lady; Junior,70.1874,68.1188,5.4545,15.40,19,,3,,2,,,,
3f5c7156-96cb-4738-8351-2ea0e46dff5e,GPS USPSA August Extra Saturday 2024,2024-08-31,5,Bay 8,802ee7e3-eef2-4dec-b0c5-a0735b6733df,Michael Hanover,42,56.33,13,58.04,Limited Optics,A,A146302,MINOR,,69.6509,67.5980,5.4128,21.80,23,,1,,,,,,
3f5c7156-96cb-4738-8351-2ea0e46dff5e,GPS USPSA August Extra Saturday 2024,2024-08-31,5,Bay 8,802ee7e3-eef2-4dec-b0c5-a0735b6733df,Pocholo Dimayuga,43,55.52,2,62.36,Limited,B,A106236,MAJOR,,74.8371,66.6227,5.3347,19.12,20,,3,,1,,,,
3f5c7156-96cb-4738-8351-2ea0e46dff5e,GPS USPSA August Extra Saturday 2024,2024-08-31,5,Bay 8,802ee7e3-eef2-4dec-b0c5-a0735b6733df,Matthew Lem,44,55.37,2,65.44,Production,A,A34763,MINOR,Senior; Law Enforcement,78.5289,66.4441,5.3204,17.48,18,,4,1,1,,,,
3f5c7156-96cb-4738-8351-2ea0e46dff5e,GPS USPSA August Extra Saturday 2024,2024-08-31,5,Bay 8,802ee7e3-eef2-4dec-b0c5-a0735b6733df,Carlos Escandon,45,54.83,14,56.49,Limited Optics,B,L2590,MINOR,Super Senior,67.7889,65.7909,5.2681,21.26,20,,4,,,,,,
3f5c7156-96cb-4738-8351-2ea0e46dff5e,GPS USPSA August Extra Saturday 2024,2024-08-31,5,Bay 8,802ee7e3-eef2-4dec-b0c5-a0735b6733df,Matthew Givens,46,54.56,8,66.36,PCC,B,Ty137686,MINOR,,79.6324,65.4750,5.2428,18.12,18,,5,,1,,,,
3f5c7156-96cb-4738-8351-2ea0e46dff5e,GPS USPSA August Extra Saturday 2024,2024-08-31,5,Bay 8,802ee7e3-eef2-4dec-b0c5-a0735b6733df,Travis Walton,47,54.42,16,61.63,Carry Optics,C,A159321,MINOR,,73.9591,65.3076,5.2294,20.27,22,,2,,,,1,,
3f5c7156-96cb-4738-8351-2ea0e46dff5e,GPS USPSA August Extra Saturday 2024,2024-08-31,5,Bay 8,802ee7e3-eef2-4dec-b0c5-a0735b6733df,Amber Chike-Udenze,48,51.73,9,62.91,PCC,U,A138974,MINOR,Lady,75.4934,62.0719,4.9703,18.51,12,,10,2,,,,,
3f5c7156-96cb-4738-8351-2ea0e46dff5e,GPS USPSA August Extra Saturday 2024,2024-08-31,5,Bay 8,802ee7e3-eef2-4dec-b0c5-a0735b6733df,Kexin Bai,49,51.63,6,51.63,Open,C,A155638,MAJOR,,61.9607,61.9607,4.9614,18.14,12,,9,2,1,,,,
3f5c7156-96cb-4738-8351-2ea0e46dff5e,GPS USPSA August Extra Saturday 2024,2024-08-31,5,Bay 8,802ee7e3-eef2-4dec-b0c5-a0735b6733df,Doug Joder,50,51.35,10,62.45,PCC,B,TY115020,MINOR,,74.9391,61.6160,4.9338,16.62,18,,4,,2,,,,
3f5c7156-96cb-4738-8351-2ea0e46dff5e,GPS USPSA August Extra Saturday 2024,2024-08-31,5,Bay 8,802ee7e3-eef2-4dec-b0c5-a0735b6733df,JC Aguinaldo,51,50.66,15,52.19,Limited Optics,U,0,MINOR,,62.6328,60.7868,4.8674,23.01,20,,4,,,,,,
3f5c7156-96cb-4738-8351-2ea0e46dff5e,GPS USPSA August Extra Saturday 2024,2024-08-31,5,Bay 8,802ee7e3-eef2-4dec-b0c5-a0735b6733df,Teddy Elarmo,52,50.36,16,51.89,Limited Optics,U,A142885,MINOR,,62.2634,60.4284,4.8387,23.56,21,,3,,,,,,
3f5c7156-96cb-4738-8351-2ea0e46dff5e,GPS USPSA August Extra Saturday 2024,2024-08-31,5,Bay 8,802ee7e3-eef2-4dec-b0c5-a0735b6733df,Arnold Gee,53,49.89,7,49.89,Open,B,,MAJOR,,59.8714,59.8714,4.7941,17.73,17,,5,,2,,,,
3f5c7156-96cb-4738-8351-2ea0e46dff5e,GPS USPSA August Extra Saturday 2024,2024-08-31,5,Bay 8,802ee7e3-eef2-4dec-b0c5-a0735b6733df,Lee Cardwell,54,49.43,17,55.98,Carry Optics,B,A155173,MINOR,,67.1719,59.3144,4.7495,19.16,21,,2,,1,,1,,
3f5c7156-96cb-4738-8351-2ea0e46dff5e,GPS USPSA August Extra Saturday 2024,2024-08-31,5,Bay 8,802ee7e3-eef2-4dec-b0c5-a0735b6733df,Jeannie Marrone,55,48.56,8,48.56,Open,C,TY133357,MAJOR,Lady; Super Senior,58.2766,58.2766,4.6664,24.43,18,,6,,,,,,
3f5c7156-96cb-4738-8351-2ea0e46dff5e,GPS USPSA August Extra Saturday 2024,2024-08-31,5,Bay 8,802ee7e3-eef2-4dec-b0c5-a0735b6733df,Brandon Hunt,56,48.28,17,49.74,Limited Optics,C,FY150701,MINOR,,59.6899,57.9306,4.6387,20.48,18,,5,,1,,,,
3f5c7156-96cb-4738-8351-2ea0e46dff5e,GPS USPSA August Extra Saturday 2024,2024-08-31,5,Bay 8,802ee7e3-eef2-4dec-b0c5-a0735b6733df,Jun Wu,57,47.36,11,57.60,PCC,U,A104927,MINOR,,69.1171,56.8292,4.5505,18.02,18,,4,,2,,,,
3f5c7156-96cb-4738-8351-2ea0e46dff5e,GPS USPSA August Extra Saturday 2024,2024-08-31,5,Bay 8,802ee7e3-eef2-4dec-b0c5-a0735b6733df,Jay-R delos-Santos,58,47.04,12,57.21,PCC,B,A70297,MINOR,Senior,68.6508,56.4458,4.5198,23.01,17,,6,1,,,,,
3f5c7156-96cb-4738-8351-2ea0e46dff5e,GPS USPSA August Extra Saturday 2024,2024-08-31,5,Bay 8,802ee7e3-eef2-4dec-b0c5-a0735b6733df,Dan Schreiber,59,46.63,18,48.05,Limited Optics,C,A147899,MINOR,Super Senior,57.6542,55.9550,4.4805,25.89,23,,,1,,,,,
3f5c7156-96cb-4738-8351-2ea0e46dff5e,GPS USPSA August Extra Saturday 2024,2024-08-31,5,Bay 8,802ee7e3-eef2-4dec-b0c5-a0735b6733df,Don Sanders,60,46.62,9,46.62,Open,B,FY46389,MAJOR,Senior,55.9487,55.9487,4.4800,18.75,16,,6,,2,,,,
3f5c7156-96cb-4738-8351-2ea0e46dff5e,GPS USPSA August Extra Saturday 2024,2024-08-31,5,Bay 8,802ee7e3-eef2-4dec-b0c5-a0735b6733df,Jason Wells,61,45.66,19,47.05,Limited Optics,B,L5218,MINOR,,56.4601,54.7960,4.3877,20.74,21,,2,,1,,1,,
3f5c7156-96cb-4738-8351-2ea0e46dff5e,GPS USPSA August Extra Saturday 2024,2024-08-31,5,Bay 8,802ee7e3-eef2-4dec-b0c5-a0735b6733df,Michael Pontious,62,45.66,18,51.71,Carry Optics,B,fy94575,MINOR,Senior,62.0507,54.7923,4.3874,18.69,18,,4,,2,,,,
3f5c7156-96cb-4738-8351-2ea0e46dff5e,GPS USPSA August Extra Saturday 2024,2024-08-31,5,Bay 8,802ee7e3-eef2-4dec-b0c5-a0735b6733df,Manny Nerona,63,43.43,1,100.00,Single Stack,C,A69445,MAJOR,Super Senior,120.0000,52.1122,4.1728,20.37,17,,5,,2,,,,
3f5c7156-96cb-4738-8351-2ea0e46dff5e,GPS USPSA August Extra Saturday 2024,2024-08-31,5,Bay 8,802ee7e3-eef2-4dec-b0c5-a0735b6733df,Danel Jenkins,64,42.82,19,48.50,Carry Optics,C,TY137797,MINOR,Senior; Law Enforcement,58.1968,51.3891,4.1149,28.19,22,,2,,,,,,
3f5c7156-96cb-4738-8351-2ea0e46dff5e,GPS USPSA August Extra Saturday 2024,2024-08-31,5,Bay 8,802ee7e3-eef2-4dec-b0c5-a0735b6733df,Virak Meas,65,42.25,20,43.54,Limited Optics,U,O,MINOR,Senior,52.2433,50.7035,4.0600,16.01,17,,3,1,3,,,,
3f5c7156-96cb-4738-8351-2ea0e46dff5e,GPS USPSA August Extra Saturday 2024,2024-08-31,5,Bay 8,802ee7e3-eef2-4dec-b0c5-a0735b6733df,Eric Wu,66,40.17,3,47.47,Production,C,,MINOR,,56.9676,48.2008,3.8596,19.95,13,,6,4,1,,,,
3f5c7156-96cb-4738-8351-2ea0e46dff5e,GPS USPSA August Extra Saturday 2024,2024-08-31,5,Bay 8,802ee7e3-eef2-4dec-b0c5-a0735b6733df,Ian Doskocil,67,38.57,20,43.68,Carry Optics,U,,MINOR,Law Enforcement,52.4208,46.2888,3.7065,26.71,20,,3,,1,,,,
3f5c7156-96cb-4738-8351-2ea0e46dff5e,GPS USPSA August Extra Saturday 2024,2024-08-31,5,Bay 8,802ee7e3-eef2-4dec-b0c5-a0735b6733df,Berrhett Foss,68,37.76,21,42.76,Carry Optics,B,A143624,MINOR,,51.3177,45.3147,3.6285,16.26,18,,3,,3,,1,,
3f5c7156-96cb-4738-8351-2ea0e46dff5e,GPS USPSA August Extra Saturday 2024,2024-08-31,5,Bay 8,802ee7e3-eef2-4dec-b0c5-a0735b6733df,CHAN WILLIAM,69,37.35,3,41.95,Limited,,,MAJOR,,50.3408,44.8152,3.5885,16.72,16,,5,,3,,1,,
3f5c7156-96cb-4738-8351-2ea0e46dff5e,GPS USPSA August Extra Saturday 2024,2024-08-31,5,Bay 8,802ee7e3-eef2-4dec-b0c5-a0735b6733df,Chris Totcky,70,37.26,21,38.39,Limited Optics,,A161312,MINOR,,46.0719,44.7140,3.5804,27.93,20,,3,1,,,1,,
3f5c7156-96cb-4738-8351-2ea0e46dff5e,GPS USPSA August Extra Saturday 2024,2024-08-31,5,Bay 8,802ee7e3-eef2-4dec-b0c5-a0735b6733df,Robin Chen,71,35.20,22,39.86,Carry Optics,C,A152878,MINOR,Lady; Law Enforcement,47.8342,42.2388,3.3822,24.54,15,,5,3,1,,,,
3f5c7156-96cb-4738-8351-2ea0e46dff5e,GPS USPSA August Extra Saturday 2024,2024-08-31,5,Bay 8,802ee7e3-eef2-4dec-b0c5-a0735b6733df,TJ Balingit,72,34.91,2,80.38,Single Stack,U,A151010,MINOR,,96.4618,41.8904,3.3543,33.39,21,,2,1,,,,,
3f5c7156-96cb-4738-8351-2ea0e46dff5e,GPS USPSA August Extra Saturday 2024,2024-08-31,5,Bay 8,802ee7e3-eef2-4dec-b0c5-a0735b6733df,David Zhang,73,33.88,10,33.88,Open,C,FY140383,MAJOR,,40.6540,40.6540,3.2553,17.51,11,,10,1,2,,2,,
3f5c7156-96cb-4738-8351-2ea0e46dff5e,GPS USPSA August Extra Saturday 2024,2024-08-31,5,Bay 8,802ee7e3-eef2-4dec-b0c5-a0735b6733df,John Ren,74,27.82,4,31.26,Limited,C,,MINOR,,37.5062,33.3894,2.6736,23.19,16,,3,3,2,,1,,
3f5c7156-96cb-4738-8351-2ea0e46dff5e,GPS USPSA August Extra Saturday 2024,2024-08-31,5,Bay 8,802ee7e3-eef2-4dec-b0c5-a0735b6733df,George Byrd,75,25.70,3,59.17,Single Stack,D,A84906,MINOR,Distinguished Senior,71.0056,30.8355,2.4691,30.78,16,,5,1,2,,,,
3f5c7156-96cb-4738-8351-2ea0e46dff5e,GPS USPSA August Extra Saturday 2024,2024-08-31,5,Bay 8,802ee7e3-eef2-4dec-b0c5-a0735b6733df,Jonathan Benitez,76,25.12,23,28.45,Carry Optics,U,,MINOR,Law Enforcement,34.1382,30.1449,2.4138,20.30,13,,8,,3,,1,,
3f5c7156-96cb-4738-8351-2ea0e46dff5e,GPS USPSA August Extra Saturday 2024,2024-08-31,5,Bay 8,802ee7e3-eef2-4dec-b0c5-a0735b6733df,Paul Torre,77,20.62,24,23.35,Carry Optics,C,A88028,MINOR,Law Enforcement,28.0228,24.7448,1.9814,24.73,10,,9,2,3,,,,
3f5c7156-96cb-4738-8351-2ea0e46dff5e,GPS USPSA August Extra Saturday 2024,2024-08-31,5,Bay 8,802ee7e3-eef2-4dec-b0c5-a0735b6733df,Yulmer Carreno,78,19.97,25,22.62,Carry Optics,U,A157204,MINOR,,27.1445,23.9693,1.9193,20.32,14,,6,1,3,,2,,
3f5c7156-96cb-4738-8351-2ea0e46dff5e,GPS USPSA August Extra Saturday 2024,2024-08-31,5,Bay 8,802ee7e3-eef2-4dec-b0c5-a0735b6733df,Pat Byrne,79,16.64,26,18.84,Carry Optics,B,Ty93921,MINOR,Distinguished Senior,22.6103,19.9654,1.5987,18.14,14,,6,1,3,,2,1,
3f5c7156-96cb-4738-8351-2ea0e46dff5e,GPS USPSA August Extra Saturday 2024,2024-08-31,5,Bay 8,802ee7e3-eef2-4dec-b0c5-a0735b6733df,joel broughton,80,0.00,4,0.00,Single Stack,B,A83418,MAJOR,Super Senior,0.0000,0.0000,,,,,,,,,,,
3f5c7156-96cb-4738-8351-2ea0e46dff5e,GPS USPSA August Extra Saturday 2024,2024-08-31,6,Bay 9,52ff7963-602e-40ae-9343-b9f0feac4d64,Brandon Foss,1,100.00,1,100.00,Carry Optics,M,L5142,MINOR,,120.0000,120.0000,8.0933,14.58,23,,1,,,,,,
3f5c7156-96cb-4738-8351-2ea0e46dff5e,GPS USPSA August Extra Saturday 2024,2024-08-31,6,Bay 9,52ff7963-602e-40ae-9343-b9f0feac4d64,Jason Wells,2,97.26,1,100.00,Limited Optics,B,L5218,MINOR,,120.0000,116.7173,7.8719,14.99,23,,1,,,,,,
3f5c7156-96cb-4738-8351-2ea0e46dff5e,GPS USPSA August Extra Saturday 2024,2024-08-31,6,Bay 9,52ff7963-602e-40ae-9343-b9f0feac4d64,Sheng Onia,3,96.71,2,99.43,Limited Optics,U,0,MINOR,Senior,119.3201,116.0560,7.8273,14.82,22,,2,,,,,,
3f5c7156-96cb-4738-8351-2ea0e46dff5e,GPS USPSA August Extra Saturday 2024,2024-08-31,6,Bay 9,52ff7963-602e-40ae-9343-b9f0feac4d64,Chez Chike-Udenze,4,95.88,1,100.00,Open,M,A138598,MAJOR,,120.0000,115.0552,7.7598,14.82,21,,2,1,,,,,
3f5c7156-96cb-4738-8351-2ea0e46dff5e,GPS USPSA August Extra Saturday 2024,2024-08-31,6,Bay 9,52ff7963-602e-40ae-9343-b9f0feac4d64,Travis McKenzie,5,93.61,3,96.24,Limited Optics,M,L6340,MINOR,,115.4862,112.3270,7.5758,14.52,19,,5,,,,,,
3f5c7156-96cb-4738-8351-2ea0e46dff5e,GPS USPSA August Extra Saturday 2024,2024-08-31,6,Bay 9,52ff7963-602e-40ae-9343-b9f0feac4d64,Zachary Ralston,6,89.54,2,89.54,Carry Optics,M,A123081,MINOR,,107.4429,107.4429,7.2464,16.56,24,,,,,,,,
3f5c7156-96cb-4738-8351-2ea0e46dff5e,GPS USPSA August Extra Saturday 2024,2024-08-31,6,Bay 9,52ff7963-602e-40ae-9343-b9f0feac4d64,Gary Wu,7,89.00,2,92.82,Open,B,L2998,MAJOR,Senior,111.3879,106.7980,7.2029,16.66,24,,,,,,,,
3f5c7156-96cb-4738-8351-2ea0e46dff5e,GPS USPSA August Extra Saturday 2024,2024-08-31,6,Bay 9,52ff7963-602e-40ae-9343-b9f0feac4d64,Jerry Bedro,8,88.93,1,100.00,PCC,B,A98263,MINOR,,120.0000,106.7105,7.1970,15.84,21,,3,,,,,,
3f5c7156-96cb-4738-8351-2ea0e46dff5e,GPS USPSA August Extra Saturday 2024,2024-08-31,6,Bay 9,52ff7963-602e-40ae-9343-b9f0feac4d64,Taylor Snodgrass,9,88.77,4,91.27,Limited Optics,A,A159149,MINOR,,109.5182,106.5222,7.1843,13.78,20,,3,,1,,,,
3f5c7156-96cb-4738-8351-2ea0e46dff5e,GPS USPSA August Extra Saturday 2024,2024-08-31,6,Bay 9,52ff7963-602e-40ae-9343-b9f0feac4d64,Devin Yolo,10,88.55,2,99.58,PCC,,,MINOR,,119.4931,106.2597,7.1666,15.07,18,,6,,,,,,
3f5c7156-96cb-4738-8351-2ea0e46dff5e,GPS USPSA August Extra Saturday 2024,2024-08-31,6,Bay 9,52ff7963-602e-40ae-9343-b9f0feac4d64,Andrew Whitley,11,87.27,3,91.02,Open,A,TY106649,MAJOR,,109.2276,104.7266,7.0632,16.14,18,,6,,,,,,
3f5c7156-96cb-4738-8351-2ea0e46dff5e,GPS USPSA August Extra Saturday 2024,2024-08-31,6,Bay 9,52ff7963-602e-40ae-9343-b9f0feac4d64,Rolan Ocampo,12,86.98,5,89.43,Limited Optics,A,,MINOR,,107.3123,104.3767,7.0396,15.91,22,,,2,,,,,
3f5c7156-96cb-4738-8351-2ea0e46dff5e,GPS USPSA August Extra Saturday 2024,2024-08-31,6,Bay 9,52ff7963-602e-40ae-9343-b9f0feac4d64,Jacob Scott,13,86.97,3,86.97,Carry Optics,M,148292,MINOR,,104.3648,104.3648,7.0388,16.48,22,,2,,,,,,
3f5c7156-96cb-4738-8351-2ea0e46dff5e,GPS USPSA August Extra Saturday 2024,2024-08-31,6,Bay 9,52ff7963-602e-40ae-9343-b9f0feac4d64,Vinh Lam,14,86.72,1,100.00,Limited,M,Ty101025,MAJOR,,120.0000,104.0653,7.0186,16.10,17,,7,,,,,,
3f5c7156-96cb-4738-8351-2ea0e46dff5e,GPS USPSA August Extra Saturday 2024,2024-08-31,6,Bay 9,52ff7963-602e-40ae-9343-b9f0feac4d64,CHAN WILLIAM,15,85.11,2,98.14,Limited,,,MAJOR,,117.7654,102.1274,6.8879,15.97,16,,7,1,,,,,
3f5c7156-96cb-4738-8351-2ea0e46dff5e,GPS USPSA August Extra Saturday 2024,2024-08-31,6,Bay 9,52ff7963-602e-40ae-9343-b9f0feac4d64,Karys Bellamy,16,84.85,6,87.24,Limited Optics,C,A130774,MINOR,Lady; Junior,104.6888,101.8250,6.8675,16.60,21,,3,,,,,,
3f5c7156-96cb-4738-8351-2ea0e46dff5e,GPS USPSA August Extra Saturday 2024,2024-08-31,6,Bay 9,52ff7963-602e-40ae-9343-b9f0feac4d64,Khoa Nguyen,17,84.58,7,86.96,Limited Optics,A,A117224,MINOR,Law Enforcement,104.3474,101.4928,6.8451,16.07,20,,3,1,,,,,
3f5c7156-96cb-4738-8351-2ea0e46dff5e,GPS USPSA August Extra Saturday 2024,2024-08-31,6,Bay 9,52ff7963-602e-40ae-9343-b9f0feac4d64,Joseph White,18,83.94,4,83.94,Carry Optics,B,A135489,MINOR,Law Enforcement,100.7322,100.7322,6.7938,16.78,21,,3,,,,,,
3f5c7156-96cb-4738-8351-2ea0e46dff5e,GPS USPSA August Extra Saturday 2024,2024-08-31,6,Bay 9,52ff7963-602e-40ae-9343-b9f0feac4d64,Mike Junco,19,83.65,8,86.00,Limited Optics,A,FY34819,MINOR,Senior; Law Enforcement,103.2010,100.3778,6.7699,17.43,23,,1,,,,,,
3f5c7156-96cb-4738-8351-2ea0e46dff5e,GPS USPSA August Extra Saturday 2024,2024-08-31,6,Bay 9,52ff7963-602e-40ae-9343-b9f0feac4d64,Craig Bellamy,20,83.43,1,100.00,Production,U,TY54824,MINOR,Law Enforcement,120.0000,100.1213,6.7526,16.29,19,,5,,,,,,
3f5c7156-96cb-4738-8351-2ea0e46dff5e,GPS USPSA August Extra Saturday 2024,2024-08-31,6,Bay 9,52ff7963-602e-40ae-9343-b9f0feac4d64,JC Aguinaldo,21,82.23,9,84.54,Limited Optics,U,0,MINOR,,101.4525,98.6772,6.6552,17.43,22,,2,,,,,,
3f5c7156-96cb-4738-8351-2ea0e46dff5e,GPS USPSA August Extra Saturday 2024,2024-08-31,6,Bay 9,52ff7963-602e-40ae-9343-b9f0feac4d64,Berrhett Foss,22,82.10,5,82.10,Carry Optics,B,A143624,MINOR,,98.5185,98.5185,6.6445,18.06,24,,,,,,,,
3f5c7156-96cb-4738-8351-2ea0e46dff5e,GPS USPSA August Extra Saturday 2024,2024-08-31,6,Bay 9,52ff7963-602e-40ae-9343-b9f0feac4d64,Bobby Ivester,23,81.68,3,91.85,PCC,A,A101336,MINOR,Lady,110.2209,98.0144,6.6105,15.43,20,,4,,,,1,,
3f5c7156-96cb-4738-8351-2ea0e46dff5e,GPS USPSA August Extra Saturday 2024,2024-08-31,6,Bay 9,52ff7963-602e-40ae-9343-b9f0feac4d64,Phyl Santos,24,81.27,6,81.27,Carry Optics,B,A155981,MINOR,,97.5221,97.5221,6.5773,16.42,18,,6,,,,,,
3f5c7156-96cb-4738-8351-2ea0e46dff5e,GPS USPSA August Extra Saturday 2024,2024-08-31,6,Bay 9,52ff7963-602e-40ae-9343-b9f0feac4d64,Ross Apffel,25,80.22,7,80.22,Carry Optics,U,L4428,MINOR,,96.2693,96.2693,6.4928,17.25,21,,2,1,,,,,
3f5c7156-96cb-4738-8351-2ea0e46dff5e,GPS USPSA August Extra Saturday 2024,2024-08-31,6,Bay 9,52ff7963-602e-40ae-9343-b9f0feac4d64,Tony Vale,26,79.19,8,79.19,Carry Optics,B,A153735,MINOR,,95.0327,95.0327,6.4094,14.51,18,,4,1,1,,,,
3f5c7156-96cb-4738-8351-2ea0e46dff5e,GPS USPSA August Extra Saturday 2024,2024-08-31,6,Bay 9,52ff7963-602e-40ae-9343-b9f0feac4d64,Tyler Kenny,27,78.93,4,82.32,Open,U,A148691,MINOR,,98.7814,94.7109,6.3877,18.16,22,,2,,,,,,
3f5c7156-96cb-4738-8351-2ea0e46dff5e,GPS USPSA August Extra Saturday 2024,2024-08-31,6,Bay 9,52ff7963-602e-40ae-9343-b9f0feac4d64,Doug Joder,28,78.18,4,87.92,PCC,B,TY115020,MINOR,,105.5056,93.8213,6.3277,17.70,20,,4,,,,,,
3f5c7156-96cb-4738-8351-2ea0e46dff5e,GPS USPSA August Extra Saturday 2024,2024-08-31,6,Bay 9,52ff7963-602e-40ae-9343-b9f0feac4d64,Jesse Harrington,29,77.05,9,77.05,Carry Optics,B,A153046,MINOR,,92.4557,92.4557,6.2356,17.32,19,,4,1,,,,,
3f5c7156-96cb-4738-8351-2ea0e46dff5e,GPS USPSA August Extra Saturday 2024,2024-08-31,6,Bay 9,52ff7963-602e-40ae-9343-b9f0feac4d64,Michael Martin,30,76.82,10,78.98,Limited Optics,B,TY147450,MINOR,Military,94.7741,92.1814,6.2171,18.98,23,,1,,,,,,
3f5c7156-96cb-4738-8351-2ea0e46dff5e,GPS USPSA August Extra Saturday 2024,2024-08-31,6,Bay 9,52ff7963-602e-40ae-9343-b9f0feac4d64,Marco Yue,31,76.14,5,85.62,PCC,M,L5762,MINOR,,102.7461,91.3674,6.1622,18.50,21,,3,,,,,,
3f5c7156-96cb-4738-8351-2ea0e46dff5e,GPS USPSA August Extra Saturday 2024,2024-08-31,6,Bay 9,52ff7963-602e-40ae-9343-b9f0feac4d64,Lee Cardwell,32,74.54,10,74.54,Carry Optics,B,A155173,MINOR,,89.4473,89.4473,6.0327,19.56,23,,1,,,,,,
3f5c7156-96cb-4738-8351-2ea0e46dff5e,GPS USPSA August Extra Saturday 2024,2024-08-31,6,Bay 9,52ff7963-602e-40ae-9343-b9f0feac4d64,Gil Yolo,33,74.53,11,74.53,Carry Optics,M,L5228,MINOR,,89.4399,89.4399,6.0322,19.23,22,,2,,,,,,
3f5c7156-96cb-4738-8351-2ea0e46dff5e,GPS USPSA August Extra Saturday 2024,2024-08-31,6,Bay 9,52ff7963-602e-40ae-9343-b9f0feac4d64,Michael Hanover,34,74.06,11,76.14,Limited Optics,A,A146302,MINOR,,91.3685,88.8691,5.9937,15.85,19,,3,1,1,,,,
3f5c7156-96cb-4738-8351-2ea0e46dff5e,GPS USPSA August Extra Saturday 2024,2024-08-31,6,Bay 9,52ff7963-602e-40ae-9343-b9f0feac4d64,Richard Inzunza,35,73.97,5,77.15,Open,B,A135623,MAJOR,Senior,92.5849,88.7697,5.9870,16.87,19,,4,,1,,,,
3f5c7156-96cb-4738-8351-2ea0e46dff5e,GPS USPSA August Extra Saturday 2024,2024-08-31,6,Bay 9,52ff7963-602e-40ae-9343-b9f0feac4d64,Don Sanders,36,73.84,6,77.02,Open,B,FY46389,MAJOR,Senior,92.4194,88.6111,5.9763,19.41,20,,4,,,,,,
3f5c7156-96cb-4738-8351-2ea0e46dff5e,GPS USPSA August Extra Saturday 2024,2024-08-31,6,Bay 9,52ff7963-602e-40ae-9343-b9f0feac4d64,james rogers,37,73.80,12,75.88,Limited Optics,U,A101402,MINOR,Law Enforcement,91.0560,88.5651,5.9732,19.42,22,,2,,,,,,
3f5c7156-96cb-4738-8351-2ea0e46dff5e,GPS USPSA August Extra Saturday 2024,2024-08-31,6,Bay 9,52ff7963-602e-40ae-9343-b9f0feac4d64,Kolton Cox,38,73.75,13,75.82,Limited Optics,B,A155275,MINOR,,90.9859,88.4969,5.9686,19.77,23,,1,,,,,,
3f5c7156-96cb-4738-8351-2ea0e46dff5e,GPS USPSA August Extra Saturday 2024,2024-08-31,6,Bay 9,52ff7963-602e-40ae-9343-b9f0feac4d64,Pat Byrne,39,73.55,12,73.55,Carry Optics,B,Ty93921,MINOR,Distinguished Senior,88.2656,88.2656,5.9530,19.15,21,,3,,,,,,
3f5c7156-96cb-4738-8351-2ea0e46dff5e,GPS USPSA August Extra Saturday 2024,2024-08-31,6,Bay 9,52ff7963-602e-40ae-9343-b9f0feac4d64,Matthew Givens,40,73.19,6,82.31,PCC,B,Ty137686,MINOR,,98.7662,87.8282,5.9235,18.57,19,,5,,,,,,
3f5c7156-96cb-4738-8351-2ea0e46dff5e,GPS USPSA August Extra Saturday 2024,2024-08-31,6,Bay 9,52ff7963-602e-40ae-9343-b9f0feac4d64,Eric Wu,41,73.13,2,87.66,Production,C,,MINOR,,105.1862,87.7615,5.9190,19.26,21,,3,,,,,,
3f5c7156-96cb-4738-8351-2ea0e46dff5e,GPS USPSA August Extra Saturday 2024,2024-08-31,6,Bay 9,52ff7963-602e-40ae-9343-b9f0feac4d64,George Zhou,42,72.83,13,72.83,Carry Optics,B,A146179,MINOR,,87.4012,87.4012,5.8947,19.00,21,,2,1,,,,,
3f5c7156-96cb-4738-8351-2ea0e46dff5e,GPS USPSA August Extra Saturday 2024,2024-08-31,6,Bay 9,52ff7963-602e-40ae-9343-b9f0feac4d64,Jack Liu,43,72.80,7,81.87,PCC,A,,MINOR,Law Enforcement,98.2409,87.3612,5.8920,18.33,19,,4,1,,,,,
3f5c7156-96cb-4738-8351-2ea0e46dff5e,GPS USPSA August Extra Saturday 2024,2024-08-31,6,Bay 9,52ff7963-602e-40ae-9343-b9f0feac4d64,Pocholo Dimayuga,44,71.95,3,82.96,Limited,B,A106236,MAJOR,,99.5549,86.3351,5.8228,19.75,21,,2,1,,,,,
3f5c7156-96cb-4738-8351-2ea0e46dff5e,GPS USPSA August Extra Saturday 2024,2024-08-31,6,Bay 9,52ff7963-602e-40ae-9343-b9f0feac4d64,Arnold Gee,45,71.72,7,74.80,Open,B,,MAJOR,,89.7626,86.0638,5.8045,19.64,18,,6,,,,,,
3f5c7156-96cb-4738-8351-2ea0e46dff5e,GPS USPSA August Extra Saturday 2024,2024-08-31,6,Bay 9,52ff7963-602e-40ae-9343-b9f0feac4d64,Alex Nguyen,46,71.65,8,80.57,PCC,C,A151003,MINOR,,96.6853,85.9778,5.7987,17.59,17,,5,2,,,,,
3f5c7156-96cb-4738-8351-2ea0e46dff5e,GPS USPSA August Extra Saturday 2024,2024-08-31,6,Bay 9,52ff7963-602e-40ae-9343-b9f0feac4d64,David Nelson,47,71.41,14,71.41,Carry Optics,A,A148511,MINOR,,85.6887,85.6887,5.7792,19.38,21,,2,1,,,,,
3f5c7156-96cb-4738-8351-2ea0e46dff5e,GPS USPSA August Extra Saturday 2024,2024-08-31,6,Bay 9,52ff7963-602e-40ae-9343-b9f0feac4d64,Jay-R delos-Santos,48,70.91,9,79.74,PCC,B,A70297,MINOR,Senior,95.6915,85.0941,5.7391,17.25,20,,3,,1,,,,
3f5c7156-96cb-4738-8351-2ea0e46dff5e,GPS USPSA August Extra Saturday 2024,2024-08-31,6,Bay 9,52ff7963-602e-40ae-9343-b9f0feac4d64,Matthew Lem,49,70.05,3,83.96,Production,A,A34763,MINOR,Senior; Law Enforcement,100.7541,84.0636,5.6696,20.46,22,,2,,,,,,
3f5c7156-96cb-4738-8351-2ea0e46dff5e,GPS USPSA August Extra Saturday 2024,2024-08-31,6,Bay 9,52ff7963-602e-40ae-9343-b9f0feac4d64,Ray Perez,50,69.00,15,69.00,Carry Optics,U,A162192,MINOR,Law Enforcement,82.8018,82.8018,5.5845,21.13,23,,1,,,,,,
3f5c7156-96cb-4738-8351-2ea0e46dff5e,GPS USPSA August Extra Saturday 2024,2024-08-31,6,Bay 9,52ff7963-602e-40ae-9343-b9f0feac4d64,Kexin Bai,51,68.60,8,71.55,Open,C,A155638,MAJOR,,85.8641,82.3259,5.5524,17.47,17,,5,1,1,,,,
3f5c7156-96cb-4738-8351-2ea0e46dff5e,GPS USPSA August Extra Saturday 2024,2024-08-31,6,Bay 9,52ff7963-602e-40ae-9343-b9f0feac4d64,Carlos Escandon,52,68.47,14,70.40,Limited Optics,B,L2590,MINOR,Super Senior,84.4797,82.1687,5.5418,20.21,20,,4,,,,,,
3f5c7156-96cb-4738-8351-2ea0e46dff5e,GPS USPSA August Extra Saturday 2024,2024-08-31,6,Bay 9,52ff7963-602e-40ae-9343-b9f0feac4d64,Jun Wu,53,67.35,10,75.74,PCC,U,A104927,MINOR,,90.8895,80.8239,5.4511,21.28,22,,2,,,,,,
3f5c7156-96cb-4738-8351-2ea0e46dff5e,GPS USPSA August Extra Saturday 2024,2024-08-31,6,Bay 9,52ff7963-602e-40ae-9343-b9f0feac4d64,Rudy Widiaman,54,67.22,11,75.59,PCC,U,,MINOR,,90.7078,80.6623,5.4402,20.22,19,,5,,,,,,
3f5c7156-96cb-4738-8351-2ea0e46dff5e,GPS USPSA August Extra Saturday 2024,2024-08-31,6,Bay 9,52ff7963-602e-40ae-9343-b9f0feac4d64,David Zhang,55,67.13,9,70.02,Open,C,FY140383,MAJOR,,84.0192,80.5570,5.4331,19.51,20,,4,,,,1,,
3f5c7156-96cb-4738-8351-2ea0e46dff5e,GPS USPSA August Extra Saturday 2024,2024-08-31,6,Bay 9,52ff7963-602e-40ae-9343-b9f0feac4d64,Abrahan Figueroa,56,67.02,15,68.91,Limited Optics,U,TY54053,MINOR,Senior,82.6901,80.4280,5.4244,19.91,19,,4,1,,,,,
3f5c7156-96cb-4738-8351-2ea0e46dff5e,GPS USPSA August Extra Saturday 2024,2024-08-31,6,Bay 9,52ff7963-602e-40ae-9343-b9f0feac4d64,Gilbert Goodman,57,66.44,16,66.44,Carry Optics,B,A145861,MINOR,,79.7237,79.7237,5.3769,18.04,19,,4,,1,,,,
3f5c7156-96cb-4738-8351-2ea0e46dff5e,GPS USPSA August Extra Saturday 2024,2024-08-31,6,Bay 9,52ff7963-602e-40ae-9343-b9f0feac4d64,John Ren,58,66.40,4,76.57,Limited,C,,MINOR,,91.8867,79.6852,5.3743,20.84,20,,4,,,,,,
3f5c7156-96cb-4738-8351-2ea0e46dff5e,GPS USPSA August Extra Saturday 2024,2024-08-31,6,Bay 9,52ff7963-602e-40ae-9343-b9f0feac4d64,Jason Bright,59,66.09,17,66.09,Carry Optics,A,A93447,MINOR,Law Enforcement,79.3041,79.3041,5.3486,20.94,20,,4,,,,,,
3f5c7156-96cb-4738-8351-2ea0e46dff5e,GPS USPSA August Extra Saturday 2024,2024-08-31,6,Bay 9,52ff7963-602e-40ae-9343-b9f0feac4d64,Travis Walton,60,64.91,18,64.91,Carry Optics,C,A159321,MINOR,,77.8941,77.8941,5.2535,21.70,21,,3,,,,,,
3f5c7156-96cb-4738-8351-2ea0e46dff5e,GPS USPSA August Extra Saturday 2024,2024-08-31,6,Bay 9,52ff7963-602e-40ae-9343-b9f0feac4d64,Manny Nerona,61,64.19,1,100.00,Single Stack,C,A69445,MAJOR,Super Senior,120.0000,77.0237,5.1948,19.25,18,,5,,1,,,,
3f5c7156-96cb-4738-8351-2ea0e46dff5e,GPS USPSA August Extra Saturday 2024,2024-08-31,6,Bay 9,52ff7963-602e-40ae-9343-b9f0feac4d64,Ian Doskocil,62,62.24,19,62.24,Carry Optics,U,,MINOR,Law Enforcement,74.6825,74.6825,5.0369,23.03,22,,2,,,,,,
3f5c7156-96cb-4738-8351-2ea0e46dff5e,GPS USPSA August Extra Saturday 2024,2024-08-31,6,Bay 9,52ff7963-602e-40ae-9343-b9f0feac4d64,Roger Feng,63,60.92,20,60.92,Carry Optics,B,A157776,MINOR,,73.1094,73.1094,4.9308,23.12,21,,3,,,,,,
3f5c7156-96cb-4738-8351-2ea0e46dff5e,GPS USPSA August Extra Saturday 2024,2024-08-31,6,Bay 9,52ff7963-602e-40ae-9343-b9f0feac4d64,Michael Pontious,64,60.40,21,60.40,Carry Optics,B,fy94575,MINOR,Senior,72.4851,72.4851,4.8887,22.91,20,,4,,,,,,
3f5c7156-96cb-4738-8351-2ea0e46dff5e,GPS USPSA August Extra Saturday 2024,2024-08-31,6,Bay 9,52ff7963-602e-40ae-9343-b9f0feac4d64,Jonathan Benitez,65,60.07,22,60.07,Carry Optics,U,,MINOR,Law Enforcement,72.0863,72.0863,4.8618,20.98,17,,5,2,,,,,
3f5c7156-96cb-4738-8351-2ea0e46dff5e,GPS USPSA August Extra Saturday 2024,2024-08-31,6,Bay 9,52ff7963-602e-40ae-9343-b9f0feac4d64,Jeannie Marrone,66,59.79,10,62.36,Open,C,TY133357,MAJOR,Lady; Super Senior,74.8272,71.7438,4.8387,24.18,21,,3,,,,,,
3f5c7156-96cb-4738-8351-2ea0e46dff5e,GPS USPSA August Extra Saturday 2024,2024-08-31,6,Bay 9,52ff7963-602e-40ae-9343-b9f0feac4d64,Amber Chike-Udenze,67,57.96,12,65.18,PCC,U,A138974,MINOR,Lady,78.2109,69.5494,4.6907,19.40,16,,7,,1,,,,
3f5c7156-96cb-4738-8351-2ea0e46dff5e,GPS USPSA August Extra Saturday 2024,2024-08-31,6,Bay 9,52ff7963-602e-40ae-9343-b9f0feac4d64,Jeremiah Hunt,68,57.95,16,59.58,Limited Optics,C,A148592,MINOR,,71.4902,69.5346,4.6897,21.11,20,,3,,1,,,,
3f5c7156-96cb-4738-8351-2ea0e46dff5e,GPS USPSA August Extra Saturday 2024,2024-08-31,6,Bay 9,52ff7963-602e-40ae-9343-b9f0feac4d64,Virak Meas,69,57.44,17,59.05,Limited Optics,U,O,MINOR,Senior,70.8622,68.9237,4.6485,17.64,19,,2,1,2,,,,
3f5c7156-96cb-4738-8351-2ea0e46dff5e,GPS USPSA August Extra Saturday 2024,2024-08-31,6,Bay 9,52ff7963-602e-40ae-9343-b9f0feac4d64,TJ Balingit,70,52.79,2,82.25,Single Stack,U,A151010,MINOR,,98.6972,63.3502,4.2726,27.15,22,,2,,,,,,
3f5c7156-96cb-4738-8351-2ea0e46dff5e,GPS USPSA August Extra Saturday 2024,2024-08-31,6,Bay 9,52ff7963-602e-40ae-9343-b9f0feac4d64,Chris Totcky,71,51.67,18,53.13,Limited Optics,,A161312,MINOR,,63.7508,62.0068,4.1820,27.26,21,,3,,,,,,
3f5c7156-96cb-4738-8351-2ea0e46dff5e,GPS USPSA August Extra Saturday 2024,2024-08-31,6,Bay 9,52ff7963-602e-40ae-9343-b9f0feac4d64,Dan Schreiber,72,51.48,19,52.93,Limited Optics,C,A147899,MINOR,Super Senior,63.5176,61.7800,4.1667,27.84,22,,2,,,,,,
3f5c7156-96cb-4738-8351-2ea0e46dff5e,GPS USPSA August Extra Saturday 2024,2024-08-31,6,Bay 9,52ff7963-602e-40ae-9343-b9f0feac4d64,Brandon Hunt,73,50.02,20,51.42,Limited Optics,C,FY150701,MINOR,,61.7081,60.0200,4.0480,20.01,17,,5,1,1,,1,,
3f5c7156-96cb-4738-8351-2ea0e46dff5e,GPS USPSA August Extra Saturday 2024,2024-08-31,6,Bay 9,52ff7963-602e-40ae-9343-b9f0feac4d64,Danel Jenkins,74,45.48,23,45.48,Carry Optics,C,TY137797,MINOR,Senior; Law Enforcement,54.5785,54.5785,3.6810,30.97,21,,3,,,,,,
3f5c7156-96cb-4738-8351-2ea0e46dff5e,GPS USPSA August Extra Saturday 2024,2024-08-31,6,Bay 9,52ff7963-602e-40ae-9343-b9f0feac4d64,Teddy Elarmo,75,43.73,21,44.95,Limited Optics,U,A142885,MINOR,,53.9458,52.4701,3.5388,26.28,22,,1,,1,,1,,
3f5c7156-96cb-4738-8351-2ea0e46dff5e,GPS USPSA August Extra Saturday 2024,2024-08-31,6,Bay 9,52ff7963-602e-40ae-9343-b9f0feac4d64,George Byrd,76,35.13,3,54.73,Single Stack,D,A84906,MINOR,Distinguished Senior,65.6711,42.1519,2.8429,40.10,21,,3,,,,,,
3f5c7156-96cb-4738-8351-2ea0e46dff5e,GPS USPSA August Extra Saturday 2024,2024-08-31,6,Bay 9,52ff7963-602e-40ae-9343-b9f0feac4d64,Robin Chen,77,34.08,24,34.08,Carry Optics,C,A152878,MINOR,Lady; Law Enforcement,40.8931,40.8931,2.7580,22.48,15,,5,2,2,,,1,
3f5c7156-96cb-4738-8351-2ea0e46dff5e,GPS USPSA August Extra Saturday 2024,2024-08-31,6,Bay 9,52ff7963-602e-40ae-9343-b9f0feac4d64,Yulmer Carreno,78,30.26,25,30.26,Carry Optics,U,A157204,MINOR,,36.3130,36.3130,2.4491,26.54,16,,5,,3,,,,
3f5c7156-96cb-4738-8351-2ea0e46dff5e,GPS USPSA August Extra Saturday 2024,2024-08-31,6,Bay 9,52ff7963-602e-40ae-9343-b9f0feac4d64,Paul Torre,79,0.00,26,0.00,Carry Optics,C,A88028,MINOR,Law Enforcement,0.0000,0.0000,,,,,,,,,,,
3f5c7156-96cb-4738-8351-2ea0e46dff5e,GPS USPSA August Extra Saturday 2024,2024-08-31,6,Bay 9,52ff7963-602e-40ae-9343-b9f0feac4d64,joel broughton,80,0.00,4,0.00,Single Stack,B,A83418,MAJOR,Super Senior,0.0000,0.0000,,,,,,,,,,,
3f5c7156-96cb-4738-8351-2ea0e46dff5e,GPS USPSA August Extra Saturday 2024,2024-08-31,7,Bay 10: El Presidente,ca68c5dc-e020-41ae-b87d-31b565290bfe,Bobby Ivester,1,100.00,1,100.00,PCC,A,A101336,MINOR,Lady,60.0000,60.0000,10.2079,5.29,9,,3,,,,,,
3f5c7156-96cb-4738-8351-2ea0e46dff5e,GPS USPSA August Extra Saturday 2024,2024-08-31,7,Bay 10: El Presidente,ca68c5dc-e020-41ae-b87d-31b565290bfe,Vinh Lam,2,94.16,1,100.00,Limited,M,Ty101025,MAJOR,,60.0000,56.4962,9.6118,5.41,4,,8,,,,,,
3f5c7156-96cb-4738-8351-2ea0e46dff5e,GPS USPSA August Extra Saturday 2024,2024-08-31,7,Bay 10: El Presidente,ca68c5dc-e020-41ae-b87d-31b565290bfe,Jacob Scott,3,92.72,1,100.00,Carry Optics,M,148292,MINOR,,60.0000,55.6334,9.4650,4.86,6,,5,1,,,,,
3f5c7156-96cb-4738-8351-2ea0e46dff5e,GPS USPSA August Extra Saturday 2024,2024-08-31,7,Bay 10: El Presidente,ca68c5dc-e020-41ae-b87d-31b565290bfe,Gil Yolo,4,92.12,2,99.35,Carry Optics,M,L5228,MINOR,,59.6089,55.2707,9.4033,5.53,8,,4,,,,,,
3f5c7156-96cb-4738-8351-2ea0e46dff5e,GPS USPSA August Extra Saturday 2024,2024-08-31,7,Bay 10: El Presidente,ca68c5dc-e020-41ae-b87d-31b565290bfe,Zachary Ralston,5,89.53,3,96.55,Carry Optics,M,A123081,MINOR,,57.9322,53.7160,9.1388,5.69,9,,2,1,,,,,
3f5c7156-96cb-4738-8351-2ea0e46dff5e,GPS USPSA August Extra Saturday 2024,2024-08-31,7,Bay 10: El Presidente,ca68c5dc-e020-41ae-b87d-31b565290bfe,Sheng Onia,6,86.92,1,100.00,Limited Optics,U,0,MINOR,Senior,60.0000,52.1508,8.8725,5.41,7,,4,1,,,,,
3f5c7156-96cb-4738-8351-2ea0e46dff5e,GPS USPSA August Extra Saturday 2024,2024-08-31,7,Bay 10: El Presidente,ca68c5dc-e020-41ae-b87d-31b565290bfe,Richard Inzunza,7,86.26,1,100.00,Open,B,A135623,MAJOR,Senior,60.0000,51.7540,8.8050,6.36,8,,4,,,,,,
3f5c7156-96cb-4738-8351-2ea0e46dff5e,GPS USPSA August Extra Saturday 2024,2024-08-31,7,Bay 10: El Presidente,ca68c5dc-e020-41ae-b87d-31b565290bfe,Gary Wu,8,85.77,2,99.44,Open,B,L2998,MAJOR,Senior,59.6647,51.4648,8.7558,6.51,9,,3,,,,,,
3f5c7156-96cb-4738-8351-2ea0e46dff5e,GPS USPSA August Extra Saturday 2024,2024-08-31,7,Bay 10: El Presidente,ca68c5dc-e020-41ae-b87d-31b565290bfe,Rudy Widiaman,9,85.58,2,85.58,PCC,U,,MINOR,,51.3502,51.3502,8.7363,6.41,11,,,1,,,,,
3f5c7156-96cb-4738-8351-2ea0e46dff5e,GPS USPSA August Extra Saturday 2024,2024-08-31,7,Bay 10: El Presidente,ca68c5dc-e020-41ae-b87d-31b565290bfe,Travis McKenzie,10,84.42,2,97.13,Limited Optics,M,L6340,MINOR,,58.2762,50.6525,8.6176,5.57,6,,6,,,,,,
3f5c7156-96cb-4738-8351-2ea0e46dff5e,GPS USPSA August Extra Saturday 2024,2024-08-31,7,Bay 10: El Presidente,ca68c5dc-e020-41ae-b87d-31b565290bfe,Joseph White,11,84.01,4,90.61,Carry Optics,B,A135489,MINOR,Law Enforcement,54.3632,50.4068,8.5758,6.53,10,,2,,,,,,
3f5c7156-96cb-4738-8351-2ea0e46dff5e,GPS USPSA August Extra Saturday 2024,2024-08-31,7,Bay 10: El Presidente,ca68c5dc-e020-41ae-b87d-31b565290bfe,Brandon Foss,12,82.35,5,88.81,Carry Optics,M,L5142,MINOR,,53.2887,49.4106,8.4063,5.71,6,,6,,,,,,
3f5c7156-96cb-4738-8351-2ea0e46dff5e,GPS USPSA August Extra Saturday 2024,2024-08-31,7,Bay 10: El Presidente,ca68c5dc-e020-41ae-b87d-31b565290bfe,Michael Hanover,13,82.35,3,94.75,Limited Optics,A,A146302,MINOR,,56.8473,49.4106,8.4063,5.71,6,,6,,,,,,
3f5c7156-96cb-4738-8351-2ea0e46dff5e,GPS USPSA August Extra Saturday 2024,2024-08-31,7,Bay 10: El Presidente,ca68c5dc-e020-41ae-b87d-31b565290bfe,Khoa Nguyen,14,81.64,4,93.92,Limited Optics,A,A117224,MINOR,Law Enforcement,56.3537,48.9815,8.3333,6.00,7,,5,,,,,,
3f5c7156-96cb-4738-8351-2ea0e46dff5e,GPS USPSA August Extra Saturday 2024,2024-08-31,7,Bay 10: El Presidente,ca68c5dc-e020-41ae-b87d-31b565290bfe,Jason Bright,15,80.99,6,87.34,Carry Optics,A,A93447,MINOR,Law Enforcement,52.4063,48.5924,8.2671,6.29,8,,4,,,,,,
3f5c7156-96cb-4738-8351-2ea0e46dff5e,GPS USPSA August Extra Saturday 2024,2024-08-31,7,Bay 10: El Presidente,ca68c5dc-e020-41ae-b87d-31b565290bfe,Andrew Whitley,16,80.49,3,93.32,Open,A,TY106649,MAJOR,,55.9918,48.2967,8.2168,5.72,3,,7,2,,,,,
3f5c7156-96cb-4738-8351-2ea0e46dff5e,GPS USPSA August Extra Saturday 2024,2024-08-31,7,Bay 10: El Presidente,ca68c5dc-e020-41ae-b87d-31b565290bfe,Berrhett Foss,17,80.44,7,86.75,Carry Optics,B,A143624,MINOR,,52.0513,48.2632,8.2111,6.82,10,,2,,,,,,
3f5c7156-96cb-4738-8351-2ea0e46dff5e,GPS USPSA August Extra Saturday 2024,2024-08-31,7,Bay 10: El Presidente,ca68c5dc-e020-41ae-b87d-31b565290bfe,Amber Chike-Udenze,18,78.76,3,78.76,PCC,U,A138974,MINOR,Lady,47.2587,47.2587,8.0402,5.97,6,,6,,,,,,
3f5c7156-96cb-4738-8351-2ea0e46dff5e,GPS USPSA August Extra Saturday 2024,2024-08-31,7,Bay 10: El Presidente,ca68c5dc-e020-41ae-b87d-31b565290bfe,Jun Wu,19,76.53,4,76.53,PCC,U,A104927,MINOR,,45.9203,45.9203,7.8125,6.40,7,,5,,,,,,
3f5c7156-96cb-4738-8351-2ea0e46dff5e,GPS USPSA August Extra Saturday 2024,2024-08-31,7,Bay 10: El Presidente,ca68c5dc-e020-41ae-b87d-31b565290bfe,Roger Feng,20,76.46,8,82.46,Carry Optics,B,A157776,MINOR,,49.4764,45.8756,7.8049,6.15,7,,4,1,,,,,
3f5c7156-96cb-4738-8351-2ea0e46dff5e,GPS USPSA August Extra Saturday 2024,2024-08-31,7,Bay 10: El Presidente,ca68c5dc-e020-41ae-b87d-31b565290bfe,Don Sanders,21,75.94,4,88.04,Open,B,FY46389,MAJOR,Senior,52.8239,45.5641,7.7519,6.45,4,,7,1,,,,,
3f5c7156-96cb-4738-8351-2ea0e46dff5e,GPS USPSA August Extra Saturday 2024,2024-08-31,7,Bay 10: El Presidente,ca68c5dc-e020-41ae-b87d-31b565290bfe,Carlos Escandon,22,73.99,5,85.13,Limited Optics,B,L2590,MINOR,Super Senior,51.0762,44.3944,7.5529,6.62,7,,5,,,,,,
3f5c7156-96cb-4738-8351-2ea0e46dff5e,GPS USPSA August Extra Saturday 2024,2024-08-31,7,Bay 10: El Presidente,ca68c5dc-e020-41ae-b87d-31b565290bfe,Arnold Gee,23,72.61,5,84.18,Open,B,,MAJOR,,50.5083,43.5668,7.4121,7.96,11,,1,,,,,,
3f5c7156-96cb-4738-8351-2ea0e46dff5e,GPS USPSA August Extra Saturday 2024,2024-08-31,7,Bay 10: El Presidente,ca68c5dc-e020-41ae-b87d-31b565290bfe,Kolton Cox,24,72.22,6,83.09,Limited Optics,B,A155275,MINOR,,49.8516,43.3300,7.3718,6.24,7,,3,2,,,,,
3f5c7156-96cb-4738-8351-2ea0e46dff5e,GPS USPSA August Extra Saturday 2024,2024-08-31,7,Bay 10: El Presidente,ca68c5dc-e020-41ae-b87d-31b565290bfe,Karys Bellamy,25,71.65,7,82.43,Limited Optics,C,A130774,MINOR,Lady; Junior,49.4580,42.9879,7.3136,7.11,9,,2,1,,,,,
3f5c7156-96cb-4738-8351-2ea0e46dff5e,GPS USPSA August Extra Saturday 2024,2024-08-31,7,Bay 10: El Presidente,ca68c5dc-e020-41ae-b87d-31b565290bfe,George Zhou,26,70.58,9,76.12,Carry Optics,B,A146179,MINOR,,45.6710,42.3472,7.2046,6.94,7,,5,,,,,,
3f5c7156-96cb-4738-8351-2ea0e46dff5e,GPS USPSA August Extra Saturday 2024,2024-08-31,7,Bay 10: El Presidente,ca68c5dc-e020-41ae-b87d-31b565290bfe,Pocholo Dimayuga,27,70.54,2,74.92,Limited,B,A106236,MAJOR,,44.9516,42.3266,7.2011,7.36,7,,4,1,,,,,
3f5c7156-96cb-4738-8351-2ea0e46dff5e,GPS USPSA August Extra Saturday 2024,2024-08-31,7,Bay 10: El Presidente,ca68c5dc-e020-41ae-b87d-31b565290bfe,Mike Junco,28,69.58,8,80.05,Limited Optics,A,FY34819,MINOR,Senior; Law Enforcement,48.0291,41.7459,7.1023,7.04,8,,3,1,,,,,
3f5c7156-96cb-4738-8351-2ea0e46dff5e,GPS USPSA August Extra Saturday 2024,2024-08-31,7,Bay 10: El Presidente,ca68c5dc-e020-41ae-b87d-31b565290bfe,Matthew Lem,29,69.38,1,100.00,Production,A,A34763,MINOR,Senior; Law Enforcement,60.0000,41.6278,7.0822,7.06,8,,3,1,,,,,
3f5c7156-96cb-4738-8351-2ea0e46dff5e,GPS USPSA August Extra Saturday 2024,2024-08-31,7,Bay 10: El Presidente,ca68c5dc-e020-41ae-b87d-31b565290bfe,Taylor Snodgrass,30,69.28,9,79.71,Limited Optics,A,A159149,MINOR,,47.8269,41.5702,7.0724,6.08,10,,1,,1,,,,
3f5c7156-96cb-4738-8351-2ea0e46dff5e,GPS USPSA August Extra Saturday 2024,2024-08-31,7,Bay 10: El Presidente,ca68c5dc-e020-41ae-b87d-31b565290bfe,Gilbert Goodman,31,68.59,10,73.97,Carry Optics,B,A145861,MINOR,,44.3835,41.1534,7.0015,6.57,7,,3,2,,,,,
3f5c7156-96cb-4738-8351-2ea0e46dff5e,GPS USPSA August Extra Saturday 2024,2024-08-31,7,Bay 10: El Presidente,ca68c5dc-e020-41ae-b87d-31b565290bfe,Doug Joder,32,67.56,5,67.56,PCC,B,TY115020,MINOR,,40.5368,40.5368,6.8966,6.96,7,,4,1,,,,,
3f5c7156-96cb-4738-8351-2ea0e46dff5e,GPS USPSA August Extra Saturday 2024,2024-08-31,7,Bay 10: El Presidente,ca68c5dc-e020-41ae-b87d-31b565290bfe,Matthew Givens,33,67.39,6,67.39,PCC,B,Ty137686,MINOR,,40.4334,40.4334,6.8790,7.85,9,,3,,,,,,
3f5c7156-96cb-4738-8351-2ea0e46dff5e,GPS USPSA August Extra Saturday 2024,2024-08-31,7,Bay 10: El Presidente,ca68c5dc-e020-41ae-b87d-31b565290bfe,Alex Nguyen,34,67.37,7,67.37,PCC,C,A151003,MINOR,,40.4205,40.4205,6.8768,6.98,6,,6,,,,,,
3f5c7156-96cb-4738-8351-2ea0e46dff5e,GPS USPSA August Extra Saturday 2024,2024-08-31,7,Bay 10: El Presidente,ca68c5dc-e020-41ae-b87d-31b565290bfe,JC Aguinaldo,35,66.42,10,76.41,Limited Optics,U,0,MINOR,,45.8475,39.8497,6.7797,7.08,6,,6,,,,,,
3f5c7156-96cb-4738-8351-2ea0e46dff5e,GPS USPSA August Extra Saturday 2024,2024-08-31,7,Bay 10: El Presidente,ca68c5dc-e020-41ae-b87d-31b565290bfe,Rolan Ocampo,36,65.61,11,75.49,Limited Optics,A,,MINOR,,45.2937,39.3683,6.6978,6.42,10,,1,,1,,,,
3f5c7156-96cb-4738-8351-2ea0e46dff5e,GPS USPSA August Extra Saturday 2024,2024-08-31,7,Bay 10: El Presidente,ca68c5dc-e020-41ae-b87d-31b565290bfe,Marco Yue,37,64.75,8,64.75,PCC,M,L5762,MINOR,,38.8493,38.8493,6.6095,8.17,9,,3,,,,,,
3f5c7156-96cb-4738-8351-2ea0e46dff5e,GPS USPSA August Extra Saturday 2024,2024-08-31,7,Bay 10: El Presidente,ca68c5dc-e020-41ae-b87d-31b565290bfe,Virak Meas,38,64.39,12,74.08,Limited Optics,U,O,MINOR,Senior,44.4484,38.6336,6.5728,8.52,10,,2,,,,,,
3f5c7156-96cb-4738-8351-2ea0e46dff5e,GPS USPSA August Extra Saturday 2024,2024-08-31,7,Bay 10: El Presidente,ca68c5dc-e020-41ae-b87d-31b565290bfe,Eric Wu,39,62.83,2,90.57,Production,C,,MINOR,,54.3390,37.7002,6.4140,6.86,5,,6,1,,,,,
3f5c7156-96cb-4738-8351-2ea0e46dff5e,GPS USPSA August Extra Saturday 2024,2024-08-31,7,Bay 10: El Presidente,ca68c5dc-e020-41ae-b87d-31b565290bfe,Travis Walton,40,62.81,11,67.74,Carry Optics,C,A159321,MINOR,,40.6453,37.6873,6.4118,8.11,9,,2,1,,,,,
3f5c7156-96cb-4738-8351-2ea0e46dff5e,GPS USPSA August Extra Saturday 2024,2024-08-31,7,Bay 10: El Presidente,ca68c5dc-e020-41ae-b87d-31b565290bfe,Paul Torre,41,62.80,12,67.73,Carry Optics,C,A88028,MINOR,Law Enforcement,40.6358,37.6785,6.4103,6.24,5,,4,3,,,,,
3f5c7156-96cb-4738-8351-2ea0e46dff5e,GPS USPSA August Extra Saturday 2024,2024-08-31,7,Bay 10: El Presidente,ca68c5dc-e020-41ae-b87d-31b565290bfe,Tony Vale,42,62.74,13,67.67,Carry Optics,B,A153735,MINOR,,40.6003,37.6455,6.4047,6.87,6,,4,2,,,,,
3f5c7156-96cb-4738-8351-2ea0e46dff5e,GPS USPSA August Extra Saturday 2024,2024-08-31,7,Bay 10: El Presidente,ca68c5dc-e020-41ae-b87d-31b565290bfe,Chris Totcky,43,62.48,13,71.89,Limited Optics,,A161312,MINOR,,43.1317,37.4892,6.3781,8.78,10,,2,,,,,,
3f5c7156-96cb-4738-8351-2ea0e46dff5e,GPS USPSA August Extra Saturday 2024,2024-08-31,7,Bay 10: El Presidente,ca68c5dc-e020-41ae-b87d-31b565290bfe,Jerry Bedro,44,61.94,9,61.94,PCC,B,A98263,MINOR,,37.1665,37.1665,6.3232,8.54,10,,1,1,,,,,
3f5c7156-96cb-4738-8351-2ea0e46dff5e,GPS USPSA August Extra Saturday 2024,2024-08-31,7,Bay 10: El Presidente,ca68c5dc-e020-41ae-b87d-31b565290bfe,Michael Martin,45,61.63,14,70.90,Limited Optics,B,TY147450,MINOR,Military,42.5427,36.9772,6.2910,7.63,7,,4,1,,,,,
3f5c7156-96cb-4738-8351-2ea0e46dff5e,GPS USPSA August Extra Saturday 2024,2024-08-31,7,Bay 10: El Presidente,ca68c5dc-e020-41ae-b87d-31b565290bfe,Ray Perez,46,61.58,14,66.41,Carry Optics,U,A162192,MINOR,Law Enforcement,39.8460,36.9461,6.2857,7.00,6,,4,2,,,,,
3f5c7156-96cb-4738-8351-2ea0e46dff5e,GPS USPSA August Extra Saturday 2024,2024-08-31,7,Bay 10: El Presidente,ca68c5dc-e020-41ae-b87d-31b565290bfe,Devin Yolo,47,61.44,10,61.44,PCC,,,MINOR,,36.8644,36.8644,6.2718,8.61,9,,3,,,,,,
3f5c7156-96cb-4738-8351-2ea0e46dff5e,GPS USPSA August Extra Saturday 2024,2024-08-31,7,Bay 10: El Presidente,ca68c5dc-e020-41ae-b87d-31b565290bfe,Brandon Hunt,48,60.62,15,69.74,Limited Optics,C,FY150701,MINOR,,41.8468,36.3724,6.1881,8.08,9,,1,2,,,,,
3f5c7156-96cb-4738-8351-2ea0e46dff5e,GPS USPSA August Extra Saturday 2024,2024-08-31,7,Bay 10: El Presidente,ca68c5dc-e020-41ae-b87d-31b565290bfe,Chez Chike-Udenze,49,60.16,6,69.75,Open,M,A138598,MAJOR,,41.8501,36.0985,6.1415,7.49,6,,2,4,,,,,
3f5c7156-96cb-4738-8351-2ea0e46dff5e,GPS USPSA August Extra Saturday 2024,2024-08-31,7,Bay 10: El Presidente,ca68c5dc-e020-41ae-b87d-31b565290bfe,Jeannie Marrone,50,58.47,7,67.79,Open,C,TY133357,MAJOR,Lady; Super Senior,40.6712,35.0817,5.9685,8.88,5,,7,,,,,,
3f5c7156-96cb-4738-8351-2ea0e46dff5e,GPS USPSA August Extra Saturday 2024,2024-08-31,7,Bay 10: El Presidente,ca68c5dc-e020-41ae-b87d-31b565290bfe,Jack Liu,51,58.34,11,58.34,PCC,A,,MINOR,Law Enforcement,35.0011,35.0011,5.9548,4.87,5,,4,2,1,,,,
3f5c7156-96cb-4738-8351-2ea0e46dff5e,GPS USPSA August Extra Saturday 2024,2024-08-31,7,Bay 10: El Presidente,ca68c5dc-e020-41ae-b87d-31b565290bfe,james rogers,52,58.09,16,66.83,Limited Optics,U,A101402,MINOR,Law Enforcement,40.0967,34.8512,5.9293,8.77,9,,2,1,,,,,
3f5c7156-96cb-4738-8351-2ea0e46dff5e,GPS USPSA August Extra Saturday 2024,2024-08-31,7,Bay 10: El Presidente,ca68c5dc-e020-41ae-b87d-31b565290bfe,Pat Byrne,53,57.70,15,62.23,Carry Optics,B,Ty93921,MINOR,Distinguished Senior,37.3388,34.6214,5.8902,7.47,6,,4,2,,,,,
3f5c7156-96cb-4738-8351-2ea0e46dff5e,GPS USPSA August Extra Saturday 2024,2024-08-31,7,Bay 10: El Presidente,ca68c5dc-e020-41ae-b87d-31b565290bfe,Dan Schreiber,54,56.32,17,64.80,Limited Optics,C,A147899,MINOR,Super Senior,38.8808,33.7944,5.7495,9.74,10,,2,,,,,,
3f5c7156-96cb-4738-8351-2ea0e46dff5e,GPS USPSA August Extra Saturday 2024,2024-08-31,7,Bay 10: El Presidente,ca68c5dc-e020-41ae-b87d-31b565290bfe,Teddy Elarmo,55,55.98,18,64.40,Limited Optics,U,A142885,MINOR,,38.6428,33.5875,5.7143,10.50,12,,,,,,,,
3f5c7156-96cb-4738-8351-2ea0e46dff5e,GPS USPSA August Extra Saturday 2024,2024-08-31,7,Bay 10: El Presidente,ca68c5dc-e020-41ae-b87d-31b565290bfe,Craig Bellamy,56,55.52,3,80.02,Production,U,TY54824,MINOR,Law Enforcement,48.0130,33.3113,5.6673,5.47,6,,3,2,1,,,,
3f5c7156-96cb-4738-8351-2ea0e46dff5e,GPS USPSA August Extra Saturday 2024,2024-08-31,7,Bay 10: El Presidente,ca68c5dc-e020-41ae-b87d-31b565290bfe,Kexin Bai,57,55.38,8,64.21,Open,C,A155638,MAJOR,,38.5233,33.2290,5.6533,7.96,3,,6,3,,,,,
3f5c7156-96cb-4738-8351-2ea0e46dff5e,GPS USPSA August Extra Saturday 2024,2024-08-31,7,Bay 10: El Presidente,ca68c5dc-e020-41ae-b87d-31b565290bfe,Phyl Santos,58,54.12,16,58.36,Carry Optics,B,A155981,MINOR,,35.0181,32.4696,5.5241,7.06,8,,3,,1,,,,
3f5c7156-96cb-4738-8351-2ea0e46dff5e,GPS USPSA August Extra Saturday 2024,2024-08-31,7,Bay 10: El Presidente,ca68c5dc-e020-41ae-b87d-31b565290bfe,Ian Doskocil,59,53.60,17,57.81,Carry Optics,U,,MINOR,Law Enforcement,34.6859,32.1616,5.4717,10.60,11,,1,,,,,,
3f5c7156-96cb-4738-8351-2ea0e46dff5e,GPS USPSA August Extra Saturday 2024,2024-08-31,7,Bay 10: El Presidente,ca68c5dc-e020-41ae-b87d-31b565290bfe,CHAN WILLIAM,60,52.54,3,55.80,Limited,,,MAJOR,,33.4795,31.5244,5.3633,5.78,5,,2,4,1,,,,
3f5c7156-96cb-4738-8351-2ea0e46dff5e,GPS USPSA August Extra Saturday 2024,2024-08-31,7,Bay 10: El Presidente,ca68c5dc-e020-41ae-b87d-31b565290bfe,John Ren,61,51.63,4,54.84,Limited,C,,MINOR,,32.9014,30.9801,5.2707,7.02,7,,4,,1,,,,
3f5c7156-96cb-4738-8351-2ea0e46dff5e,GPS USPSA August Extra Saturday 2024,2024-08-31,7,Bay 10: El Presidente,ca68c5dc-e020-41ae-b87d-31b565290bfe,David Zhang,62,50.35,9,58.37,Open,C,FY140383,MAJOR,,35.0221,30.2090,5.1395,6.81,5,,4,2,1,,,,
3f5c7156-96cb-4738-8351-2ea0e46dff5e,GPS USPSA August Extra Saturday 2024,2024-08-31,7,Bay 10: El Presidente,ca68c5dc-e020-41ae-b87d-31b565290bfe,Michael Pontious,63,48.43,18,52.23,Carry Optics,B,fy94575,MINOR,Senior,31.3376,29.0569,4.9435,7.08,7,,3,1,1,,,,
3f5c7156-96cb-4738-8351-2ea0e46dff5e,GPS USPSA August Extra Saturday 2024,2024-08-31,7,Bay 10: El Presidente,ca68c5dc-e020-41ae-b87d-31b565290bfe,Tyler Kenny,64,47.84,10,55.47,Open,U,A148691,MINOR,,33.2790,28.7054,4.8837,8.60,8,,4,,,,,1,
3f5c7156-96cb-4738-8351-2ea0e46dff5e,GPS USPSA August Extra Saturday 2024,2024-08-31,7,Bay 10: El Presidente,ca68c5dc-e020-41ae-b87d-31b565290bfe,Manny Nerona,65,46.40,1,100.00,Single Stack,C,A69445,MAJOR,Super Senior,60.0000,27.8420,4.7368,7.60,4,,6,1,1,,,,
3f5c7156-96cb-4738-8351-2ea0e46dff5e,GPS USPSA August Extra Saturday 2024,2024-08-31,7,Bay 10: El Presidente,ca68c5dc-e020-41ae-b87d-31b565290bfe,David Nelson,66,45.97,19,49.58,Carry Optics,A,A148511,MINOR,,29.7471,27.5822,4.6926,6.18,6,,2,3,1,,,,
3f5c7156-96cb-4738-8351-2ea0e46dff5e,GPS USPSA August Extra Saturday 2024,2024-08-31,7,Bay 10: El Presidente,ca68c5dc-e020-41ae-b87d-31b565290bfe,Jason Wells,67,44.60,19,51.31,Limited Optics,B,L5218,MINOR,,30.7868,26.7593,4.5526,6.37,4,,6,1,1,,,,
3f5c7156-96cb-4738-8351-2ea0e46dff5e,GPS USPSA August Extra Saturday 2024,2024-08-31,7,Bay 10: El Presidente,ca68c5dc-e020-41ae-b87d-31b565290bfe,Lee Cardwell,68,44.08,20,47.54,Carry Optics,B,A155173,MINOR,,28.5261,26.4501,4.5000,6.00,6,,1,4,1,,,,
3f5c7156-96cb-4738-8351-2ea0e46dff5e,GPS USPSA August Extra Saturday 2024,2024-08-31,7,Bay 10: El Presidente,ca68c5dc-e020-41ae-b87d-31b565290bfe,George Byrd,69,40.61,2,87.52,Single Stack,D,A84906,MINOR,Distinguished Senior,52.5139,24.3682,4.1458,13.99,11,,1,,,,,,
3f5c7156-96cb-4738-8351-2ea0e46dff5e,GPS USPSA August Extra Saturday 2024,2024-08-31,7,Bay 10: El Presidente,ca68c5dc-e020-41ae-b87d-31b565290bfe,Abrahan Figueroa,70,40.36,20,46.43,Limited Optics,U,TY54053,MINOR,Senior,27.8607,24.2160,4.1199,8.01,7,,2,2,1,,,,
3f5c7156-96cb-4738-8351-2ea0e46dff5e,GPS USPSA August Extra Saturday 2024,2024-08-31,7,Bay 10: El Presidente,ca68c5dc-e020-41ae-b87d-31b565290bfe,Jay-R delos-Santos,71,36.92,12,36.92,PCC,B,A70297,MINOR,Senior,22.1505,22.1505,3.7685,14.86,10,,2,,,,,,
3f5c7156-96cb-4738-8351-2ea0e46dff5e,GPS USPSA August Extra Saturday 2024,2024-08-31,7,Bay 10: El Presidente,ca68c5dc-e020-41ae-b87d-31b565290bfe,Jeremiah Hunt,72,27.74,21,31.92,Limited Optics,C,A148592,MINOR,,19.1493,16.6442,2.8317,12.36,6,,5,,1,,,,
3f5c7156-96cb-4738-8351-2ea0e46dff5e,GPS USPSA August Extra Saturday 2024,2024-08-31,7,Bay 10: El Presidente,ca68c5dc-e020-41ae-b87d-31b565290bfe,Robin Chen,73,22.29,21,24.04,Carry Optics,C,A152878,MINOR,Lady; Law Enforcement,14.4216,13.3720,2.2750,10.11,3,,5,3,1,,,,
3f5c7156-96cb-4738-8351-2ea0e46dff5e,GPS USPSA August Extra Saturday 2024,2024-08-31,7,Bay 10: El Presidente,ca68c5dc-e020-41ae-b87d-31b565290bfe,Jesse Harrington,74,19.86,22,21.42,Carry Optics,B,A153046,MINOR,,12.8494,11.9143,2.0270,7.40,6,,5,,1,,,2,
3f5c7156-96cb-4738-8351-2ea0e46dff5e,GPS USPSA August Extra Saturday 2024,2024-08-31,7,Bay 10: El Presidente,ca68c5dc-e020-41ae-b87d-31b565290bfe,Jonathan Benitez,75,18.93,23,20.42,Carry Optics,U,,MINOR,Law Enforcement,12.2498,11.3583,1.9324,8.28,5,,3,2,2,,,,
3f5c7156-96cb-4738-8351-2ea0e46dff5e,GPS USPSA August Extra Saturday 2024,2024-08-31,7,Bay 10: El Presidente,ca68c5dc-e020-41ae-b87d-31b565290bfe,Ross Apffel,76,18.92,24,20.41,Carry Optics,U,L4428,MINOR,,12.2447,11.3536,1.9316,6.73,6,,4,1,1,,,2,
3f5c7156-96cb-4738-8351-2ea0e46dff5e,GPS USPSA August Extra Saturday 2024,2024-08-31,7,Bay 10: El Presidente,ca68c5dc-e020-41ae-b87d-31b565290bfe,Danel Jenkins,77,18.41,25,19.85,Carry Optics,C,TY137797,MINOR,Senior; Law Enforcement,11.9106,11.0438,1.8789,9.58,5,,4,1,2,,,,
3f5c7156-96cb-4738-8351-2ea0e46dff5e,GPS USPSA August Extra Saturday 2024,2024-08-31,7,Bay 10: El Presidente,ca68c5dc-e020-41ae-b87d-31b565290bfe,TJ Balingit,78,14.43,3,31.10,Single Stack,U,A151010,MINOR,,18.6620,8.6598,1.4733,10.86,5,,3,2,2,,,,
3f5c7156-96cb-4738-8351-2ea0e46dff5e,GPS USPSA August Extra Saturday 2024,2024-08-31,7,Bay 10: El Presidente,ca68c5dc-e020-41ae-b87d-31b565290bfe,Yulmer Carreno,79,5.09,26,5.49,Carry Optics,U,A157204,MINOR,,3.2957,3.0559,0.5199,11.54,5,,7,,,,,4,
3f5c7156-96cb-4738-8351-2ea0e46dff5e,GPS USPSA August Extra Saturday 2024,2024-08-31,7,Bay 10: El Presidente,ca68c5dc-e020-41ae-b87d-31b565290bfe,joel broughton,80,0.00,4,0.00,Single Stack,B,A83418,MAJOR,Super Senior,0.0000,0.0000,,,,,,,,,,,
