match_id,match_name,match_date,stage_number,stage_name,stage_uuid,shooter_name,shooter_rank_combined,shooter_percent_combined,shooter_rank_division,shooter_percent_division,division,class,member_number,power_factor,categories,stage_points,stage_points_combined,hit_factor,time,A,B,C,D,M,NPM,NS,Proc,Apen,detail_OTS
48770d02-25e9-4b1d-af53-cfe80f9ba77e,Wallis Orchard Practical Shooters August 2023 All Classifier Match,2023-08-20,1,8x3 Trigger Freeze,c4d478da-4421-4842-ae9d-d6b30803dbd2,Andy Chen,1,100.00,1,100.00,Open,U,A86721,MINOR,,120.0000,120.0000,14.6277,7.52,19,,5,,,,,,,
48770d02-25e9-4b1d-af53-cfe80f9ba77e,Wallis Orchard Practical Shooters August 2023 All Classifier Match,2023-08-20,1,8x3 Trigger Freeze,c4d478da-4421-4842-ae9d-d6b30803dbd2,Craig Bellamy,2,95.10,1,100.00,Carry Optics,M,TY54824,MINOR,Law Enforcement,120.0000,114.1188,13.9108,7.62,17,,7,,,,,,,
48770d02-25e9-4b1d-af53-cfe80f9ba77e,Wallis Orchard Practical Shooters August 2023 All Classifier Match,2023-08-20,1,8x3 Trigger Freeze,c4d478da-4421-4842-ae9d-d6b30803dbd2,Andrew Whitley,3,94.36,2,94.36,Open,A,TY-106649,MAJOR,,113.2271,113.2271,13.8021,7.68,14,,8,2,,,,,,
48770d02-25e9-4b1d-af53-cfe80f9ba77e,Wallis Orchard Practical Shooters August 2023 All Classifier Match,2023-08-20,1,8x3 Trigger Freeze,c4d478da-4421-4842-ae9d-d6b30803dbd2,Chez Chike-Udenze,4,94.10,1,100.00,Limited Optics,U,A138598,MINOR,,120.0000,112.9244,13.7652,7.41,16,,7,1,,,,,,
48770d02-25e9-4b1d-af53-cfe80f9ba77e,Wallis Orchard Practical Shooters August 2023 All Classifier Match,2023-08-20,1,8x3 Trigger Freeze,c4d478da-4421-4842-ae9d-d6b30803dbd2,Marco Yue,5,93.39,1,100.00,PCC,A,L5762,MINOR,,120.0000,112.0712,13.6612,7.32,14,,10,,,,,,,
48770d02-25e9-4b1d-af53-cfe80f9ba77e,Wallis Orchard Practical Shooters August 2023 All Classifier Match,2023-08-20,1,8x3 Trigger Freeze,c4d478da-4421-4842-ae9d-d6b30803dbd2,Brandon Foss,6,90.94,2,95.62,Carry Optics,M,L5142,MINOR,,114.7500,109.1261,13.3022,8.57,21,,3,,,,,,,
48770d02-25e9-4b1d-af53-cfe80f9ba77e,Wallis Orchard Practical Shooters August 2023 All Classifier Match,2023-08-20,1,8x3 Trigger Freeze,c4d478da-4421-4842-ae9d-d6b30803dbd2,Michael Whitley,7,86.21,3,90.65,Carry Optics,A,A111091,MINOR,,108.7840,103.4525,12.6106,9.04,21,,3,,,,,,,
48770d02-25e9-4b1d-af53-cfe80f9ba77e,Wallis Orchard Practical Shooters August 2023 All Classifier Match,2023-08-20,1,8x3 Trigger Freeze,c4d478da-4421-4842-ae9d-d6b30803dbd2,Gil Yolo,8,84.69,2,90.00,Limited Optics,U,L5228,MINOR,,107.9967,101.6288,12.3883,7.83,20,,2,1,1,,,,,
48770d02-25e9-4b1d-af53-cfe80f9ba77e,Wallis Orchard Practical Shooters August 2023 All Classifier Match,2023-08-20,1,8x3 Trigger Freeze,c4d478da-4421-4842-ae9d-d6b30803dbd2,Khoa Nguyen,9,82.91,3,88.11,Limited Optics,A,A117224,MINOR,Law Enforcement,105.7284,99.4942,12.1281,8.74,18,,5,1,,,,,,
48770d02-25e9-4b1d-af53-cfe80f9ba77e,Wallis Orchard Practical Shooters August 2023 All Classifier Match,2023-08-20,1,8x3 Trigger Freeze,c4d478da-4421-4842-ae9d-d6b30803dbd2,Hunter Andras,10,82.44,2,88.27,PCC,U,TY140415,MINOR,,105.9280,98.9290,12.0592,8.79,17,,7,,,,,,,
48770d02-25e9-4b1d-af53-cfe80f9ba77e,Wallis Orchard Practical Shooters August 2023 All Classifier Match,2023-08-20,1,8x3 Trigger Freeze,c4d478da-4421-4842-ae9d-d6b30803dbd2,Anthony Fong,11,81.29,4,86.38,Limited Optics,B,A142224,MINOR,,103.6579,97.5459,11.8906,8.41,16,,6,2,,,,,,
48770d02-25e9-4b1d-af53-cfe80f9ba77e,Wallis Orchard Practical Shooters August 2023 All Classifier Match,2023-08-20,1,8x3 Trigger Freeze,c4d478da-4421-4842-ae9d-d6b30803dbd2,Jim Havens,12,75.96,5,80.72,Limited Optics,M,TY114636,MINOR,Senior,96.8625,91.1512,11.1111,7.92,11,,10,3,,,,,,
48770d02-25e9-4b1d-af53-cfe80f9ba77e,Wallis Orchard Practical Shooters August 2023 All Classifier Match,2023-08-20,1,8x3 Trigger Freeze,c4d478da-4421-4842-ae9d-d6b30803dbd2,Gary Wu,13,74.76,3,74.76,Open,B,L2998,MAJOR,Senior,89.7139,89.7139,10.9359,9.51,12,,10,2,,,,,,
48770d02-25e9-4b1d-af53-cfe80f9ba77e,Wallis Orchard Practical Shooters August 2023 All Classifier Match,2023-08-20,1,8x3 Trigger Freeze,c4d478da-4421-4842-ae9d-d6b30803dbd2,Joseph White,14,73.94,4,77.75,Carry Optics,B,A135489,MINOR,Law Enforcement,93.3056,88.7327,10.8163,9.80,17,,7,,,,,,,
48770d02-25e9-4b1d-af53-cfe80f9ba77e,Wallis Orchard Practical Shooters August 2023 All Classifier Match,2023-08-20,1,8x3 Trigger Freeze,c4d478da-4421-4842-ae9d-d6b30803dbd2,Christian Canizales,15,73.22,5,77.00,Carry Optics,U,TY150265,MINOR,,92.3955,87.8673,10.7108,10.27,20,,3,1,,,,,,
48770d02-25e9-4b1d-af53-cfe80f9ba77e,Wallis Orchard Practical Shooters August 2023 All Classifier Match,2023-08-20,1,8x3 Trigger Freeze,c4d478da-4421-4842-ae9d-d6b30803dbd2,Hugh Fullerton,16,71.03,6,75.48,Limited Optics,U,A140572,MINOR,,90.5727,85.2323,10.3896,10.78,20,,4,,,,,,,
48770d02-25e9-4b1d-af53-cfe80f9ba77e,Wallis Orchard Practical Shooters August 2023 All Classifier Match,2023-08-20,1,8x3 Trigger Freeze,c4d478da-4421-4842-ae9d-d6b30803dbd2,Michael Hanover,17,70.59,7,75.01,Limited Optics,B,A146302,MINOR,,90.0096,84.7023,10.3250,10.46,18,,6,,,,,,,
48770d02-25e9-4b1d-af53-cfe80f9ba77e,Wallis Orchard Practical Shooters August 2023 All Classifier Match,2023-08-20,1,8x3 Trigger Freeze,c4d478da-4421-4842-ae9d-d6b30803dbd2,Doug Joder,18,70.32,3,75.29,PCC,B,TY115020,MINOR,,90.3496,84.3799,10.2857,10.50,18,,6,,,,,,,
48770d02-25e9-4b1d-af53-cfe80f9ba77e,Wallis Orchard Practical Shooters August 2023 All Classifier Match,2023-08-20,1,8x3 Trigger Freeze,c4d478da-4421-4842-ae9d-d6b30803dbd2,Tyler Kenny,19,69.67,8,74.04,Limited Optics,U,A148691,MINOR,,88.8423,83.6038,10.1911,9.42,13,,10,1,,,,,,
48770d02-25e9-4b1d-af53-cfe80f9ba77e,Wallis Orchard Practical Shooters August 2023 All Classifier Match,2023-08-20,1,8x3 Trigger Freeze,c4d478da-4421-4842-ae9d-d6b30803dbd2,Robert Layton,20,69.44,9,73.79,Limited Optics,U,TY143915,MINOR,Law Enforcement,88.5503,83.3290,10.1576,11.42,22,,2,,,,,,,
48770d02-25e9-4b1d-af53-cfe80f9ba77e,Wallis Orchard Practical Shooters August 2023 All Classifier Match,2023-08-20,1,8x3 Trigger Freeze,c4d478da-4421-4842-ae9d-d6b30803dbd2,Berrhett Foss,21,67.71,6,71.20,Carry Optics,U,A143624,MINOR,,85.4392,81.2519,9.9044,11.51,21,,3,,,,,,,
48770d02-25e9-4b1d-af53-cfe80f9ba77e,Wallis Orchard Practical Shooters August 2023 All Classifier Match,2023-08-20,1,8x3 Trigger Freeze,c4d478da-4421-4842-ae9d-d6b30803dbd2,Matthew Michna,22,66.86,7,70.31,Carry Optics,A,A128405,MINOR,,84.3661,80.2313,9.7800,8.18,17,,5,,2,,,,,
48770d02-25e9-4b1d-af53-cfe80f9ba77e,Wallis Orchard Practical Shooters August 2023 All Classifier Match,2023-08-20,1,8x3 Trigger Freeze,c4d478da-4421-4842-ae9d-d6b30803dbd2,Ashley Krenek,23,66.23,10,70.38,Limited Optics,U,TY92392,MINOR,Lady,84.4617,79.4815,9.6886,11.56,20,,4,,,,,,,
48770d02-25e9-4b1d-af53-cfe80f9ba77e,Wallis Orchard Practical Shooters August 2023 All Classifier Match,2023-08-20,1,8x3 Trigger Freeze,c4d478da-4421-4842-ae9d-d6b30803dbd2,Jonathan Warrender,24,65.40,11,69.50,Limited Optics,,Ty86145,MINOR,,83.4016,78.4840,9.5670,9.93,18,,5,,1,,,,,
48770d02-25e9-4b1d-af53-cfe80f9ba77e,Wallis Orchard Practical Shooters August 2023 All Classifier Match,2023-08-20,1,8x3 Trigger Freeze,c4d478da-4421-4842-ae9d-d6b30803dbd2,Carlos Escandon,25,65.25,1,100.00,Single Stack,A,L2590,MAJOR,Super Senior,120.0000,78.3035,9.5450,11.21,15,,7,2,,,,,,
48770d02-25e9-4b1d-af53-cfe80f9ba77e,Wallis Orchard Practical Shooters August 2023 All Classifier Match,2023-08-20,1,8x3 Trigger Freeze,c4d478da-4421-4842-ae9d-d6b30803dbd2,Wei Zhang,26,64.62,4,69.19,PCC,U,FY140383,MINOR,,83.0246,77.5389,9.4518,10.58,15,,8,1,,,,,,
48770d02-25e9-4b1d-af53-cfe80f9ba77e,Wallis Orchard Practical Shooters August 2023 All Classifier Match,2023-08-20,1,8x3 Trigger Freeze,c4d478da-4421-4842-ae9d-d6b30803dbd2,Abrahan Figueroa,27,64.02,8,67.31,Carry Optics,U,TY54053,MINOR,Senior,80.7775,76.8186,9.3640,11.32,22,,2,,,,1,,,
48770d02-25e9-4b1d-af53-cfe80f9ba77e,Wallis Orchard Practical Shooters August 2023 All Classifier Match,2023-08-20,1,8x3 Trigger Freeze,c4d478da-4421-4842-ae9d-d6b30803dbd2,Pat Byrne,28,63.77,12,67.76,Limited Optics,B,Fy93921,MINOR,Super Senior,81.3129,76.5184,9.3274,11.15,16,,8,,,,,,,
48770d02-25e9-4b1d-af53-cfe80f9ba77e,Wallis Orchard Practical Shooters August 2023 All Classifier Match,2023-08-20,1,8x3 Trigger Freeze,c4d478da-4421-4842-ae9d-d6b30803dbd2,Jun Wu,29,62.64,13,66.56,Limited Optics,U,ty104927,MINOR,,79.8771,75.1673,9.1627,12.66,22,,2,,,,,,,
48770d02-25e9-4b1d-af53-cfe80f9ba77e,Wallis Orchard Practical Shooters August 2023 All Classifier Match,2023-08-20,1,8x3 Trigger Freeze,c4d478da-4421-4842-ae9d-d6b30803dbd2,Kacie Tapanila,30,62.41,9,65.62,Carry Optics,U,A135389,MINOR,Lady,78.7469,74.8875,9.1286,12.05,20,,3,1,,,,,,
48770d02-25e9-4b1d-af53-cfe80f9ba77e,Wallis Orchard Practical Shooters August 2023 All Classifier Match,2023-08-20,1,8x3 Trigger Freeze,c4d478da-4421-4842-ae9d-d6b30803dbd2,Benjamin Michael,31,61.72,10,64.90,Carry Optics,C,L5472,MINOR,,77.8816,74.0647,9.0283,13.07,23,,1,,,,,,,
48770d02-25e9-4b1d-af53-cfe80f9ba77e,Wallis Orchard Practical Shooters August 2023 All Classifier Match,2023-08-20,1,8x3 Trigger Freeze,c4d478da-4421-4842-ae9d-d6b30803dbd2,Justin Walworth,32,61.58,5,65.94,PCC,U,a39547,MINOR,,79.1228,73.8949,9.0076,13.10,23,,1,,,,,,,
48770d02-25e9-4b1d-af53-cfe80f9ba77e,Wallis Orchard Practical Shooters August 2023 All Classifier Match,2023-08-20,1,8x3 Trigger Freeze,c4d478da-4421-4842-ae9d-d6b30803dbd2,Ryan Ngo,33,58.89,14,62.58,Limited Optics,C,TY132318,MINOR,,75.0928,70.6651,8.6139,12.77,20,,3,1,,,,,,
48770d02-25e9-4b1d-af53-cfe80f9ba77e,Wallis Orchard Practical Shooters August 2023 All Classifier Match,2023-08-20,1,8x3 Trigger Freeze,c4d478da-4421-4842-ae9d-d6b30803dbd2,Karys Bellamy,34,58.86,11,61.90,Carry Optics,C,TY130774,MINOR,Lady; Junior,74.2758,70.6356,8.6103,13.24,22,,1,1,,,,,,
48770d02-25e9-4b1d-af53-cfe80f9ba77e,Wallis Orchard Practical Shooters August 2023 All Classifier Match,2023-08-20,1,8x3 Trigger Freeze,c4d478da-4421-4842-ae9d-d6b30803dbd2,Jeremiah Hunt,35,58.37,15,62.03,Limited Optics,U,A148592,MINOR,,74.4373,70.0482,8.5387,11.36,19,,4,,1,,,,,
48770d02-25e9-4b1d-af53-cfe80f9ba77e,Wallis Orchard Practical Shooters August 2023 All Classifier Match,2023-08-20,1,8x3 Trigger Freeze,c4d478da-4421-4842-ae9d-d6b30803dbd2,Miguel Gonzalez,36,58.34,1,100.00,Limited,C,A142148,MINOR,,120.0000,70.0072,8.5337,12.89,20,,3,1,,,,,,
48770d02-25e9-4b1d-af53-cfe80f9ba77e,Wallis Orchard Practical Shooters August 2023 All Classifier Match,2023-08-20,1,8x3 Trigger Freeze,c4d478da-4421-4842-ae9d-d6b30803dbd2,Qingbang Cai,37,57.77,12,60.75,Carry Optics,A,A148273,MINOR,,72.8990,69.3263,8.4507,8.52,13,,9,,2,,,,,
48770d02-25e9-4b1d-af53-cfe80f9ba77e,Wallis Orchard Practical Shooters August 2023 All Classifier Match,2023-08-20,1,8x3 Trigger Freeze,c4d478da-4421-4842-ae9d-d6b30803dbd2,Gennady Khokhorin,38,57.40,1,100.00,Production,C,A123884,MINOR,Super Senior,120.0000,68.8759,8.3958,13.34,20,,4,,,,,,,
48770d02-25e9-4b1d-af53-cfe80f9ba77e,Wallis Orchard Practical Shooters August 2023 All Classifier Match,2023-08-20,1,8x3 Trigger Freeze,c4d478da-4421-4842-ae9d-d6b30803dbd2,jordan fleming,39,56.97,13,59.91,Carry Optics,U,A151651,MINOR,Junior,71.8863,68.3632,8.3333,13.44,20,,4,,,,,,,
48770d02-25e9-4b1d-af53-cfe80f9ba77e,Wallis Orchard Practical Shooters August 2023 All Classifier Match,2023-08-20,1,8x3 Trigger Freeze,c4d478da-4421-4842-ae9d-d6b30803dbd2,George Zhou,40,56.75,16,60.31,Limited Optics,U,A146179,MINOR,Senior,72.3677,68.1007,8.3013,13.01,19,,4,1,,,,,,
48770d02-25e9-4b1d-af53-cfe80f9ba77e,Wallis Orchard Practical Shooters August 2023 All Classifier Match,2023-08-20,1,8x3 Trigger Freeze,c4d478da-4421-4842-ae9d-d6b30803dbd2,Kristen Day,41,56.72,2,97.22,Limited,C,TY121933,MINOR,Lady,116.6617,68.0596,8.2963,13.50,20,,4,,,,,,,
48770d02-25e9-4b1d-af53-cfe80f9ba77e,Wallis Orchard Practical Shooters August 2023 All Classifier Match,2023-08-20,1,8x3 Trigger Freeze,c4d478da-4421-4842-ae9d-d6b30803dbd2,Jonathan Zook,42,56.19,14,59.09,Carry Optics,U,A151939,MINOR,,70.9020,67.4271,8.2192,13.87,21,,3,,,,,,,
48770d02-25e9-4b1d-af53-cfe80f9ba77e,Wallis Orchard Practical Shooters August 2023 All Classifier Match,2023-08-20,1,8x3 Trigger Freeze,c4d478da-4421-4842-ae9d-d6b30803dbd2,Jeff Maxwell,43,55.11,15,57.95,Carry Optics,C,L4489,MINOR,Senior,69.5356,66.1277,8.0608,13.15,22,,2,,,,1,,,
48770d02-25e9-4b1d-af53-cfe80f9ba77e,Wallis Orchard Practical Shooters August 2023 All Classifier Match,2023-08-20,1,8x3 Trigger Freeze,c4d478da-4421-4842-ae9d-d6b30803dbd2,Chris Nagala,44,54.61,17,58.03,Limited Optics,U,Ty97712,MINOR,,69.6382,65.5321,7.9882,13.52,18,,6,,,,,,,
48770d02-25e9-4b1d-af53-cfe80f9ba77e,Wallis Orchard Practical Shooters August 2023 All Classifier Match,2023-08-20,1,8x3 Trigger Freeze,c4d478da-4421-4842-ae9d-d6b30803dbd2,Duane Bellamy,45,54.19,16,56.98,Carry Optics,C,A133284,MINOR,,68.3797,65.0284,7.9268,11.48,17,,5,1,1,,,,,
48770d02-25e9-4b1d-af53-cfe80f9ba77e,Wallis Orchard Practical Shooters August 2023 All Classifier Match,2023-08-20,1,8x3 Trigger Freeze,c4d478da-4421-4842-ae9d-d6b30803dbd2,Jeannie Marrone,46,53.67,4,53.67,Open,C,Ty133357,MAJOR,Lady; Super Senior,64.4066,64.4066,7.8510,15.03,22,,2,,,,,,,
48770d02-25e9-4b1d-af53-cfe80f9ba77e,Wallis Orchard Practical Shooters August 2023 All Classifier Match,2023-08-20,1,8x3 Trigger Freeze,c4d478da-4421-4842-ae9d-d6b30803dbd2,Joseph Mondragon,47,52.31,6,56.02,PCC,U,A104549,MINOR,,67.2187,62.7773,7.6524,15.42,23,,1,,,,,,,
48770d02-25e9-4b1d-af53-cfe80f9ba77e,Wallis Orchard Practical Shooters August 2023 All Classifier Match,2023-08-20,1,8x3 Trigger Freeze,c4d478da-4421-4842-ae9d-d6b30803dbd2,Taylor Latham,48,51.99,3,89.12,Limited,B,TY39841,MAJOR,Senior,106.9435,62.3901,7.6052,12.36,14,,8,1,1,,,,,
48770d02-25e9-4b1d-af53-cfe80f9ba77e,Wallis Orchard Practical Shooters August 2023 All Classifier Match,2023-08-20,1,8x3 Trigger Freeze,c4d478da-4421-4842-ae9d-d6b30803dbd2,Michael Pontious,49,51.89,17,54.56,Carry Optics,B,Fy94575,MINOR,Senior,65.4717,62.2630,7.5897,9.75,15,,6,1,2,,,,,
48770d02-25e9-4b1d-af53-cfe80f9ba77e,Wallis Orchard Practical Shooters August 2023 All Classifier Match,2023-08-20,1,8x3 Trigger Freeze,c4d478da-4421-4842-ae9d-d6b30803dbd2,Art Nelson,50,51.12,18,53.76,Carry Optics,U,Ty116323,MINOR,,64.5073,61.3458,7.4779,14.71,20,,3,1,,,,,,
48770d02-25e9-4b1d-af53-cfe80f9ba77e,Wallis Orchard Practical Shooters August 2023 All Classifier Match,2023-08-20,1,8x3 Trigger Freeze,c4d478da-4421-4842-ae9d-d6b30803dbd2,Taylor Stansberry,51,48.92,5,48.92,Open,U,TY143801,MAJOR,,58.7092,58.7092,7.1565,15.65,16,,8,,,,,,,
48770d02-25e9-4b1d-af53-cfe80f9ba77e,Wallis Orchard Practical Shooters August 2023 All Classifier Match,2023-08-20,1,8x3 Trigger Freeze,c4d478da-4421-4842-ae9d-d6b30803dbd2,TRAIN YU,52,48.73,19,51.25,Carry Optics,U,A142824,MINOR,Foreign,61.4950,58.4811,7.1287,15.15,18,,6,,,,,,,
48770d02-25e9-4b1d-af53-cfe80f9ba77e,Wallis Orchard Practical Shooters August 2023 All Classifier Match,2023-08-20,1,8x3 Trigger Freeze,c4d478da-4421-4842-ae9d-d6b30803dbd2,Amber Chike-Udenze,53,47.20,20,49.64,Carry Optics,C,A138974,MINOR,Lady,59.5652,56.6460,6.9050,12.31,15,,6,2,1,,,,,
48770d02-25e9-4b1d-af53-cfe80f9ba77e,Wallis Orchard Practical Shooters August 2023 All Classifier Match,2023-08-20,1,8x3 Trigger Freeze,c4d478da-4421-4842-ae9d-d6b30803dbd2,Ray Pennington,54,45.89,18,48.77,Limited Optics,C,A107654,MINOR,Senior,58.5241,55.0733,6.7133,14.30,18,,5,1,,,1,,,
48770d02-25e9-4b1d-af53-cfe80f9ba77e,Wallis Orchard Practical Shooters August 2023 All Classifier Match,2023-08-20,1,8x3 Trigger Freeze,c4d478da-4421-4842-ae9d-d6b30803dbd2,Heath Helgeson,55,43.86,21,46.12,Carry Optics,C,A,MINOR,,55.3452,52.6327,6.4158,16.21,16,,8,,,,,,,
48770d02-25e9-4b1d-af53-cfe80f9ba77e,Wallis Orchard Practical Shooters August 2023 All Classifier Match,2023-08-20,1,8x3 Trigger Freeze,c4d478da-4421-4842-ae9d-d6b30803dbd2,Steven McKinney,56,43.82,22,46.08,Carry Optics,U,A104027,MINOR,,55.2917,52.5819,6.4096,18.41,23,,1,,,,,,,
48770d02-25e9-4b1d-af53-cfe80f9ba77e,Wallis Orchard Practical Shooters August 2023 All Classifier Match,2023-08-20,1,8x3 Trigger Freeze,c4d478da-4421-4842-ae9d-d6b30803dbd2,Brandon Hunt,57,42.91,23,45.12,Carry Optics,U,A150701,MINOR,,54.1470,51.4933,6.2769,16.25,20,,4,,,,,1,,
48770d02-25e9-4b1d-af53-cfe80f9ba77e,Wallis Orchard Practical Shooters August 2023 All Classifier Match,2023-08-20,1,8x3 Trigger Freeze,c4d478da-4421-4842-ae9d-d6b30803dbd2,Alan Orr,58,42.85,19,45.54,Limited Optics,U,A149462,MINOR,Senior,54.6482,51.4260,6.2687,13.40,19,,3,,2,,,,,
48770d02-25e9-4b1d-af53-cfe80f9ba77e,Wallis Orchard Practical Shooters August 2023 All Classifier Match,2023-08-20,1,8x3 Trigger Freeze,c4d478da-4421-4842-ae9d-d6b30803dbd2,Paul White,59,42.83,20,45.51,Limited Optics,U,A147201,MINOR,,54.6169,51.3965,6.2651,16.60,21,,3,,,,1,,,
48770d02-25e9-4b1d-af53-cfe80f9ba77e,Wallis Orchard Practical Shooters August 2023 All Classifier Match,2023-08-20,1,8x3 Trigger Freeze,c4d478da-4421-4842-ae9d-d6b30803dbd2,Andrew Reynolds,60,42.19,2,73.51,Production,U,A106874,MINOR,,88.2127,50.6311,6.1718,11.99,14,,8,,2,,,,,
48770d02-25e9-4b1d-af53-cfe80f9ba77e,Wallis Orchard Practical Shooters August 2023 All Classifier Match,2023-08-20,1,8x3 Trigger Freeze,c4d478da-4421-4842-ae9d-d6b30803dbd2,Jon Lee,61,42.08,21,44.71,Limited Optics,U,L5532,MINOR,,53.6562,50.4924,6.1549,14.46,16,,6,1,1,,,,,
48770d02-25e9-4b1d-af53-cfe80f9ba77e,Wallis Orchard Practical Shooters August 2023 All Classifier Match,2023-08-20,1,8x3 Trigger Freeze,c4d478da-4421-4842-ae9d-d6b30803dbd2,Karen Brusatori,62,42.00,6,42.00,Open,U,A149998,MINOR,Lady,50.4014,50.4014,6.1438,15.30,17,,6,1,,,1,,,
48770d02-25e9-4b1d-af53-cfe80f9ba77e,Wallis Orchard Practical Shooters August 2023 All Classifier Match,2023-08-20,1,8x3 Trigger Freeze,c4d478da-4421-4842-ae9d-d6b30803dbd2,Adrian De La Fuente,63,41.96,24,44.13,Carry Optics,U,A149404,MINOR,,52.9514,50.3562,6.1383,12.87,16,,6,1,1,,1,,,
48770d02-25e9-4b1d-af53-cfe80f9ba77e,Wallis Orchard Practical Shooters August 2023 All Classifier Match,2023-08-20,1,8x3 Trigger Freeze,c4d478da-4421-4842-ae9d-d6b30803dbd2,Joshua Day,64,41.63,4,71.36,Limited,U,TY152321,MINOR,,85.6299,49.9559,6.0895,13.63,12,,11,,1,,,,,
48770d02-25e9-4b1d-af53-cfe80f9ba77e,Wallis Orchard Practical Shooters August 2023 All Classifier Match,2023-08-20,1,8x3 Trigger Freeze,c4d478da-4421-4842-ae9d-d6b30803dbd2,Loren Brusatori,65,41.01,7,41.01,Open,U,A149999,MINOR,,49.2118,49.2118,5.9988,16.67,17,,4,3,,,,,,
48770d02-25e9-4b1d-af53-cfe80f9ba77e,Wallis Orchard Practical Shooters August 2023 All Classifier Match,2023-08-20,1,8x3 Trigger Freeze,c4d478da-4421-4842-ae9d-d6b30803dbd2,Jerry Bedro,66,40.04,22,42.55,Limited Optics,U,A98263,MINOR,,51.0636,48.0527,5.8575,16.56,19,,4,,1,,,,,
48770d02-25e9-4b1d-af53-cfe80f9ba77e,Wallis Orchard Practical Shooters August 2023 All Classifier Match,2023-08-20,1,8x3 Trigger Freeze,c4d478da-4421-4842-ae9d-d6b30803dbd2,Ivan Battle,67,40.03,25,42.09,Carry Optics,U,A151905,MINOR,,50.5127,48.0371,5.8556,19.81,22,,2,,,,,,,
48770d02-25e9-4b1d-af53-cfe80f9ba77e,Wallis Orchard Practical Shooters August 2023 All Classifier Match,2023-08-20,1,8x3 Trigger Freeze,c4d478da-4421-4842-ae9d-d6b30803dbd2,Robin Chen,68,38.41,26,40.39,Carry Optics,D,A152878,MINOR,Lady; Law Enforcement,48.4631,46.0879,5.6180,19.58,24,,,,,,1,,,
48770d02-25e9-4b1d-af53-cfe80f9ba77e,Wallis Orchard Practical Shooters August 2023 All Classifier Match,2023-08-20,1,8x3 Trigger Freeze,c4d478da-4421-4842-ae9d-d6b30803dbd2,Todd Ellison,69,38.00,27,39.96,Carry Optics,C,A137376,MINOR,,47.9472,45.5973,5.5582,20.87,22,,2,,,,,,,
48770d02-25e9-4b1d-af53-cfe80f9ba77e,Wallis Orchard Practical Shooters August 2023 All Classifier Match,2023-08-20,1,8x3 Trigger Freeze,c4d478da-4421-4842-ae9d-d6b30803dbd2,John Ren,70,35.22,5,60.37,Limited,U,A152674,MINOR,,72.4399,42.2609,5.1515,16.50,18,,5,,1,,1,,,
48770d02-25e9-4b1d-af53-cfe80f9ba77e,Wallis Orchard Practical Shooters August 2023 All Classifier Match,2023-08-20,1,8x3 Trigger Freeze,c4d478da-4421-4842-ae9d-d6b30803dbd2,Khai Nguyen,71,32.76,23,34.81,Limited Optics,U,A142353,MINOR,,41.7706,39.3076,4.7915,16.07,20,,2,1,1,,2,,,
48770d02-25e9-4b1d-af53-cfe80f9ba77e,Wallis Orchard Practical Shooters August 2023 All Classifier Match,2023-08-20,1,8x3 Trigger Freeze,c4d478da-4421-4842-ae9d-d6b30803dbd2,Dan Schreiber,72,30.42,24,32.33,Limited Optics,U,A147899,MAJOR,Senior,38.7944,36.5069,4.4501,23.37,22,,1,,1,,,,,
48770d02-25e9-4b1d-af53-cfe80f9ba77e,Wallis Orchard Practical Shooters August 2023 All Classifier Match,2023-08-20,1,8x3 Trigger Freeze,c4d478da-4421-4842-ae9d-d6b30803dbd2,Matthew Givens,73,15.80,25,16.79,Limited Optics,U,Ty137686,MINOR,,20.1456,18.9577,2.3109,19.04,13,,6,1,4,,,,,
48770d02-25e9-4b1d-af53-cfe80f9ba77e,Wallis Orchard Practical Shooters August 2023 All Classifier Match,2023-08-20,1,8x3 Trigger Freeze,c4d478da-4421-4842-ae9d-d6b30803dbd2,Edward Yu,74,8.47,28,8.90,Carry Optics,U,A148356,MINOR,Law Enforcement,10.6855,10.1618,1.2387,17.76,13,,5,2,4,,2,,,
48770d02-25e9-4b1d-af53-cfe80f9ba77e,Wallis Orchard Practical Shooters August 2023 All Classifier Match,2023-08-20,1,8x3 Trigger Freeze,c4d478da-4421-4842-ae9d-d6b30803dbd2,Kicker Cardenas,75,0.00,6,0.00,Limited,U,,MINOR,Lady,0.0000,0.0000,,,,,,,,,,,,
48770d02-25e9-4b1d-af53-cfe80f9ba77e,Wallis Orchard Practical Shooters August 2023 All Classifier Match,2023-08-20,1,8x3 Trigger Freeze,c4d478da-4421-4842-ae9d-d6b30803dbd2,Bob Klee,76,0.00,7,0.00,Limited,U,A135792,MINOR,Senior,0.0000,0.0000,,,,,,,,,,,,
48770d02-25e9-4b1d-af53-cfe80f9ba77e,Wallis Orchard Practical Shooters August 2023 All Classifier Match,2023-08-20,2,Righty Tighty,b32e2276-1d8e-4c8c-8164-8b6f96840d66,Andy Chen,1,100.00,1,100.00,Open,U,A86721,MINOR,,90.0000,90.0000,8.2111,10.23,15,,3,,,,,,,
48770d02-25e9-4b1d-af53-cfe80f9ba77e,Wallis Orchard Practical Shooters August 2023 All Classifier Match,2023-08-20,2,Righty Tighty,b32e2276-1d8e-4c8c-8164-8b6f96840d66,Hunter Andras,2,98.78,1,100.00,PCC,U,TY140415,MINOR,,90.0000,88.9006,8.1108,10.11,14,,4,,,,,,,
48770d02-25e9-4b1d-af53-cfe80f9ba77e,Wallis Orchard Practical Shooters August 2023 All Classifier Match,2023-08-20,2,Righty Tighty,b32e2276-1d8e-4c8c-8164-8b6f96840d66,Brandon Foss,3,94.22,1,100.00,Carry Optics,M,L5142,MINOR,,90.0000,84.8024,7.7369,10.34,14,,3,1,,,,,,
48770d02-25e9-4b1d-af53-cfe80f9ba77e,Wallis Orchard Practical Shooters August 2023 All Classifier Match,2023-08-20,2,Righty Tighty,b32e2276-1d8e-4c8c-8164-8b6f96840d66,Jim Havens,4,93.35,1,100.00,Limited Optics,M,TY114636,MINOR,Senior,90.0000,84.0132,7.6649,11.22,16,,2,,,,,,,
48770d02-25e9-4b1d-af53-cfe80f9ba77e,Wallis Orchard Practical Shooters August 2023 All Classifier Match,2023-08-20,2,Righty Tighty,b32e2276-1d8e-4c8c-8164-8b6f96840d66,Andrew Whitley,5,87.63,2,87.63,Open,A,TY-106649,MAJOR,,78.8693,78.8693,7.1956,10.84,10,,6,2,,,,,,
48770d02-25e9-4b1d-af53-cfe80f9ba77e,Wallis Orchard Practical Shooters August 2023 All Classifier Match,2023-08-20,2,Righty Tighty,b32e2276-1d8e-4c8c-8164-8b6f96840d66,Michael Hanover,6,87.07,2,93.27,Limited Optics,B,A146302,MINOR,,83.9436,78.3597,7.1491,11.47,14,,4,,,,,,,
48770d02-25e9-4b1d-af53-cfe80f9ba77e,Wallis Orchard Practical Shooters August 2023 All Classifier Match,2023-08-20,2,Righty Tighty,b32e2276-1d8e-4c8c-8164-8b6f96840d66,Wei Zhang,7,86.11,2,87.18,PCC,U,FY140383,MINOR,,78.4587,77.5003,7.0707,11.88,15,,3,,,,,,,
48770d02-25e9-4b1d-af53-cfe80f9ba77e,Wallis Orchard Practical Shooters August 2023 All Classifier Match,2023-08-20,2,Righty Tighty,b32e2276-1d8e-4c8c-8164-8b6f96840d66,Khoa Nguyen,8,85.04,3,91.10,Limited Optics,A,A117224,MINOR,Law Enforcement,81.9874,76.5336,6.9825,12.03,15,,3,,,,,,,
48770d02-25e9-4b1d-af53-cfe80f9ba77e,Wallis Orchard Practical Shooters August 2023 All Classifier Match,2023-08-20,2,Righty Tighty,b32e2276-1d8e-4c8c-8164-8b6f96840d66,Matthew Michna,9,84.92,2,90.12,Carry Optics,A,A128405,MINOR,,81.1116,76.4273,6.9728,11.76,14,,4,,,,,,,
48770d02-25e9-4b1d-af53-cfe80f9ba77e,Wallis Orchard Practical Shooters August 2023 All Classifier Match,2023-08-20,2,Righty Tighty,b32e2276-1d8e-4c8c-8164-8b6f96840d66,Anthony Fong,10,84.76,4,90.80,Limited Optics,B,A142224,MINOR,,81.7197,76.2837,6.9597,10.92,11,,7,,,,,,,
48770d02-25e9-4b1d-af53-cfe80f9ba77e,Wallis Orchard Practical Shooters August 2023 All Classifier Match,2023-08-20,2,Righty Tighty,b32e2276-1d8e-4c8c-8164-8b6f96840d66,Chez Chike-Udenze,11,81.06,5,86.83,Limited Optics,U,A138598,MINOR,,78.1490,72.9505,6.6556,12.02,13,,5,,,,,,,
48770d02-25e9-4b1d-af53-cfe80f9ba77e,Wallis Orchard Practical Shooters August 2023 All Classifier Match,2023-08-20,2,Righty Tighty,b32e2276-1d8e-4c8c-8164-8b6f96840d66,Carlos Escandon,12,79.43,1,100.00,Single Stack,A,L2590,MAJOR,Super Senior,90.0000,71.4829,6.5217,12.42,9,,9,,,,,,,
48770d02-25e9-4b1d-af53-cfe80f9ba77e,Wallis Orchard Practical Shooters August 2023 All Classifier Match,2023-08-20,2,Righty Tighty,b32e2276-1d8e-4c8c-8164-8b6f96840d66,Berrhett Foss,13,78.57,3,83.39,Carry Optics,U,A143624,MINOR,,75.0487,70.7145,6.4516,13.02,15,,3,,,,,,,
48770d02-25e9-4b1d-af53-cfe80f9ba77e,Wallis Orchard Practical Shooters August 2023 All Classifier Match,2023-08-20,2,Righty Tighty,b32e2276-1d8e-4c8c-8164-8b6f96840d66,Hugh Fullerton,14,77.18,6,82.68,Limited Optics,U,A140572,MINOR,,74.4139,69.4639,6.3375,13.57,16,,2,,,,,,,
48770d02-25e9-4b1d-af53-cfe80f9ba77e,Wallis Orchard Practical Shooters August 2023 All Classifier Match,2023-08-20,2,Righty Tighty,b32e2276-1d8e-4c8c-8164-8b6f96840d66,Craig Bellamy,15,75.39,4,80.01,Carry Optics,M,TY54824,MINOR,Law Enforcement,72.0114,67.8527,6.1905,12.60,13,,4,1,,,,,,
48770d02-25e9-4b1d-af53-cfe80f9ba77e,Wallis Orchard Practical Shooters August 2023 All Classifier Match,2023-08-20,2,Righty Tighty,b32e2276-1d8e-4c8c-8164-8b6f96840d66,Jonathan Warrender,16,74.69,7,80.02,Limited Optics,,Ty86145,MINOR,,72.0139,67.2235,6.1331,13.37,14,,4,,,,,,,
48770d02-25e9-4b1d-af53-cfe80f9ba77e,Wallis Orchard Practical Shooters August 2023 All Classifier Match,2023-08-20,2,Righty Tighty,b32e2276-1d8e-4c8c-8164-8b6f96840d66,Ashley Krenek,17,73.29,8,78.52,Limited Optics,U,TY92392,MINOR,Lady,70.6647,65.9641,6.0182,14.29,16,,2,,,,,,,
48770d02-25e9-4b1d-af53-cfe80f9ba77e,Wallis Orchard Practical Shooters August 2023 All Classifier Match,2023-08-20,2,Righty Tighty,b32e2276-1d8e-4c8c-8164-8b6f96840d66,Michael Whitley,18,72.76,5,77.22,Carry Optics,A,A111091,MINOR,,69.4999,65.4862,5.9746,13.39,13,,5,,,,,,,
48770d02-25e9-4b1d-af53-cfe80f9ba77e,Wallis Orchard Practical Shooters August 2023 All Classifier Match,2023-08-20,2,Righty Tighty,b32e2276-1d8e-4c8c-8164-8b6f96840d66,Robert Layton,19,72.71,9,77.89,Limited Optics,U,TY143915,MINOR,Law Enforcement,70.0999,65.4369,5.9701,14.74,17,,1,,,,,,,
48770d02-25e9-4b1d-af53-cfe80f9ba77e,Wallis Orchard Practical Shooters August 2023 All Classifier Match,2023-08-20,2,Righty Tighty,b32e2276-1d8e-4c8c-8164-8b6f96840d66,jordan fleming,20,69.78,6,74.05,Carry Optics,U,A151651,MINOR,Junior,66.6488,62.7997,5.7295,15.01,16,,2,,,,,,,
48770d02-25e9-4b1d-af53-cfe80f9ba77e,Wallis Orchard Practical Shooters August 2023 All Classifier Match,2023-08-20,2,Righty Tighty,b32e2276-1d8e-4c8c-8164-8b6f96840d66,Paul White,21,69.73,10,74.70,Limited Optics,U,A147201,MINOR,,67.2338,62.7614,5.7260,14.67,15,,3,,,,,,,
48770d02-25e9-4b1d-af53-cfe80f9ba77e,Wallis Orchard Practical Shooters August 2023 All Classifier Match,2023-08-20,2,Righty Tighty,b32e2276-1d8e-4c8c-8164-8b6f96840d66,George Zhou,22,69.64,11,74.60,Limited Optics,U,A146179,MINOR,Senior,67.1433,62.6770,5.7183,14.34,14,,4,,,,,,,
48770d02-25e9-4b1d-af53-cfe80f9ba77e,Wallis Orchard Practical Shooters August 2023 All Classifier Match,2023-08-20,2,Righty Tighty,b32e2276-1d8e-4c8c-8164-8b6f96840d66,Jerry Bedro,23,68.38,12,73.26,Limited Optics,U,A98263,MINOR,,65.9304,61.5447,5.6150,14.96,15,,3,,,,,,,
48770d02-25e9-4b1d-af53-cfe80f9ba77e,Wallis Orchard Practical Shooters August 2023 All Classifier Match,2023-08-20,2,Righty Tighty,b32e2276-1d8e-4c8c-8164-8b6f96840d66,Kristen Day,24,67.57,1,100.00,Limited,C,TY121933,MINOR,Lady,90.0000,60.8126,5.5482,15.14,15,,3,,,,,,,
48770d02-25e9-4b1d-af53-cfe80f9ba77e,Wallis Orchard Practical Shooters August 2023 All Classifier Match,2023-08-20,2,Righty Tighty,b32e2276-1d8e-4c8c-8164-8b6f96840d66,Chris Nagala,25,67.57,13,72.38,Limited Optics,U,Ty97712,MINOR,,65.1461,60.8126,5.5482,15.14,15,,3,,,,,,,
48770d02-25e9-4b1d-af53-cfe80f9ba77e,Wallis Orchard Practical Shooters August 2023 All Classifier Match,2023-08-20,2,Righty Tighty,b32e2276-1d8e-4c8c-8164-8b6f96840d66,Michael Pontious,26,66.97,7,71.07,Carry Optics,B,Fy94575,MINOR,Senior,63.9652,60.2711,5.4988,12.73,9,,8,1,,,,,,
48770d02-25e9-4b1d-af53-cfe80f9ba77e,Wallis Orchard Practical Shooters August 2023 All Classifier Match,2023-08-20,2,Righty Tighty,b32e2276-1d8e-4c8c-8164-8b6f96840d66,Ray Pennington,27,65.40,14,70.06,Limited Optics,C,A107654,MINOR,Senior,63.0537,58.8593,5.3700,15.27,15,,2,1,,,,,,
48770d02-25e9-4b1d-af53-cfe80f9ba77e,Wallis Orchard Practical Shooters August 2023 All Classifier Match,2023-08-20,2,Righty Tighty,b32e2276-1d8e-4c8c-8164-8b6f96840d66,Pat Byrne,28,65.15,15,69.80,Limited Optics,B,Fy93921,MINOR,Super Senior,62.8165,58.6379,5.3498,14.58,12,,6,,,,,,,
48770d02-25e9-4b1d-af53-cfe80f9ba77e,Wallis Orchard Practical Shooters August 2023 All Classifier Match,2023-08-20,2,Righty Tighty,b32e2276-1d8e-4c8c-8164-8b6f96840d66,Joshua Day,29,65.01,2,96.21,Limited,U,TY152321,MINOR,,86.5919,58.5097,5.3381,16.86,18,,,,,,,,,
48770d02-25e9-4b1d-af53-cfe80f9ba77e,Wallis Orchard Practical Shooters August 2023 All Classifier Match,2023-08-20,2,Righty Tighty,b32e2276-1d8e-4c8c-8164-8b6f96840d66,Jun Wu,30,64.60,16,69.20,Limited Optics,U,ty104927,MINOR,,62.2834,58.1403,5.3044,16.59,17,,1,,,,,,,
48770d02-25e9-4b1d-af53-cfe80f9ba77e,Wallis Orchard Practical Shooters August 2023 All Classifier Match,2023-08-20,2,Righty Tighty,b32e2276-1d8e-4c8c-8164-8b6f96840d66,Kacie Tapanila,31,64.30,8,68.25,Carry Optics,U,A135389,MINOR,Lady,61.4211,57.8740,5.2801,15.53,14,,4,,,,,,,
48770d02-25e9-4b1d-af53-cfe80f9ba77e,Wallis Orchard Practical Shooters August 2023 All Classifier Match,2023-08-20,2,Righty Tighty,b32e2276-1d8e-4c8c-8164-8b6f96840d66,Joseph Mondragon,32,64.10,3,64.89,PCC,U,A104549,MINOR,,58.4021,57.6887,5.2632,17.10,18,,,,,,,,,
48770d02-25e9-4b1d-af53-cfe80f9ba77e,Wallis Orchard Practical Shooters August 2023 All Classifier Match,2023-08-20,2,Righty Tighty,b32e2276-1d8e-4c8c-8164-8b6f96840d66,Justin Walworth,33,63.88,4,64.67,PCC,U,a39547,MINOR,,58.2002,57.4893,5.2450,14.49,16,,2,,,,1,,,
48770d02-25e9-4b1d-af53-cfe80f9ba77e,Wallis Orchard Practical Shooters August 2023 All Classifier Match,2023-08-20,2,Righty Tighty,b32e2276-1d8e-4c8c-8164-8b6f96840d66,Gil Yolo,34,63.72,17,68.26,Limited Optics,U,L5228,MINOR,,61.4333,57.3468,5.2320,10.13,12,,4,1,1,,1,,,
48770d02-25e9-4b1d-af53-cfe80f9ba77e,Wallis Orchard Practical Shooters August 2023 All Classifier Match,2023-08-20,2,Righty Tighty,b32e2276-1d8e-4c8c-8164-8b6f96840d66,Gennady Khokhorin,35,63.17,1,100.00,Production,C,A123884,MINOR,Super Senior,90.0000,56.8491,5.1866,15.81,14,,4,,,,,,,
48770d02-25e9-4b1d-af53-cfe80f9ba77e,Wallis Orchard Practical Shooters August 2023 All Classifier Match,2023-08-20,2,Righty Tighty,b32e2276-1d8e-4c8c-8164-8b6f96840d66,Abrahan Figueroa,36,62.99,9,66.85,Carry Optics,U,TY54053,MINOR,Senior,60.1683,56.6935,5.1724,13.92,15,,2,1,,,1,,,
48770d02-25e9-4b1d-af53-cfe80f9ba77e,Wallis Orchard Practical Shooters August 2023 All Classifier Match,2023-08-20,2,Righty Tighty,b32e2276-1d8e-4c8c-8164-8b6f96840d66,Art Nelson,37,62.49,10,66.33,Carry Optics,U,Ty116323,MINOR,,59.6925,56.2452,5.1315,15.59,13,,5,,,,,,,
48770d02-25e9-4b1d-af53-cfe80f9ba77e,Wallis Orchard Practical Shooters August 2023 All Classifier Match,2023-08-20,2,Righty Tighty,b32e2276-1d8e-4c8c-8164-8b6f96840d66,Ryan Ngo,38,61.60,18,65.99,Limited Optics,C,TY132318,MINOR,,59.3949,55.4440,5.0584,15.42,14,,2,2,,,,,,
48770d02-25e9-4b1d-af53-cfe80f9ba77e,Wallis Orchard Practical Shooters August 2023 All Classifier Match,2023-08-20,2,Righty Tighty,b32e2276-1d8e-4c8c-8164-8b6f96840d66,Joseph White,39,60.70,11,64.42,Carry Optics,B,A135489,MINOR,Law Enforcement,57.9814,54.6329,4.9844,16.05,14,,3,1,,,,,,
48770d02-25e9-4b1d-af53-cfe80f9ba77e,Wallis Orchard Practical Shooters August 2023 All Classifier Match,2023-08-20,2,Righty Tighty,b32e2276-1d8e-4c8c-8164-8b6f96840d66,Karen Brusatori,40,60.09,3,60.09,Open,U,A149998,MINOR,Lady,54.0805,54.0805,4.9340,17.43,16,,2,,,,,,,
48770d02-25e9-4b1d-af53-cfe80f9ba77e,Wallis Orchard Practical Shooters August 2023 All Classifier Match,2023-08-20,2,Righty Tighty,b32e2276-1d8e-4c8c-8164-8b6f96840d66,Heath Helgeson,41,60.01,12,63.69,Carry Optics,C,A,MINOR,,57.3195,54.0092,4.9275,13.80,7,,11,,,,,,,
48770d02-25e9-4b1d-af53-cfe80f9ba77e,Wallis Orchard Practical Shooters August 2023 All Classifier Match,2023-08-20,2,Righty Tighty,b32e2276-1d8e-4c8c-8164-8b6f96840d66,Jeannie Marrone,42,59.71,4,59.71,Open,C,Ty133357,MAJOR,Lady; Super Senior,53.7352,53.7352,4.9025,17.95,16,,2,,,,,,,
48770d02-25e9-4b1d-af53-cfe80f9ba77e,Wallis Orchard Practical Shooters August 2023 All Classifier Match,2023-08-20,2,Righty Tighty,b32e2276-1d8e-4c8c-8164-8b6f96840d66,Alan Orr,43,59.66,19,63.91,Limited Optics,U,A149462,MINOR,Senior,57.5162,53.6902,4.8984,16.74,14,,4,,,,,,,
48770d02-25e9-4b1d-af53-cfe80f9ba77e,Wallis Orchard Practical Shooters August 2023 All Classifier Match,2023-08-20,2,Righty Tighty,b32e2276-1d8e-4c8c-8164-8b6f96840d66,Benjamin Michael,44,59.53,13,63.18,Carry Optics,C,L5472,MINOR,,56.8600,53.5763,4.8880,14.73,13,,1,4,,,,,,
48770d02-25e9-4b1d-af53-cfe80f9ba77e,Wallis Orchard Practical Shooters August 2023 All Classifier Match,2023-08-20,2,Righty Tighty,b32e2276-1d8e-4c8c-8164-8b6f96840d66,Taylor Stansberry,45,59.32,5,59.32,Open,U,TY143801,MAJOR,,53.3910,53.3910,4.8711,13.96,12,,4,1,1,,,,,
48770d02-25e9-4b1d-af53-cfe80f9ba77e,Wallis Orchard Practical Shooters August 2023 All Classifier Match,2023-08-20,2,Righty Tighty,b32e2276-1d8e-4c8c-8164-8b6f96840d66,Doug Joder,46,58.85,5,59.58,PCC,B,TY115020,MINOR,,53.6185,52.9635,4.8321,12.21,9,,8,,1,,,,,
48770d02-25e9-4b1d-af53-cfe80f9ba77e,Wallis Orchard Practical Shooters August 2023 All Classifier Match,2023-08-20,2,Righty Tighty,b32e2276-1d8e-4c8c-8164-8b6f96840d66,Tyler Kenny,47,58.47,20,62.63,Limited Optics,U,A148691,MINOR,,56.3690,52.6194,4.8007,12.29,11,,4,2,1,,,,,
48770d02-25e9-4b1d-af53-cfe80f9ba77e,Wallis Orchard Practical Shooters August 2023 All Classifier Match,2023-08-20,2,Righty Tighty,b32e2276-1d8e-4c8c-8164-8b6f96840d66,Karys Bellamy,48,58.45,14,62.03,Carry Optics,C,TY130774,MINOR,Lady; Junior,55.8247,52.6007,4.7990,16.67,13,,5,,,,,,,
48770d02-25e9-4b1d-af53-cfe80f9ba77e,Wallis Orchard Practical Shooters August 2023 All Classifier Match,2023-08-20,2,Righty Tighty,b32e2276-1d8e-4c8c-8164-8b6f96840d66,Todd Ellison,49,56.88,15,60.37,Carry Optics,C,A137376,MINOR,,54.3322,51.1945,4.6707,16.70,12,,6,,,,,,,
48770d02-25e9-4b1d-af53-cfe80f9ba77e,Wallis Orchard Practical Shooters August 2023 All Classifier Match,2023-08-20,2,Righty Tighty,b32e2276-1d8e-4c8c-8164-8b6f96840d66,Jeff Maxwell,50,54.84,16,58.20,Carry Optics,C,L4489,MINOR,Senior,52.3814,49.3564,4.5030,18.21,14,,4,,,,,,,
48770d02-25e9-4b1d-af53-cfe80f9ba77e,Wallis Orchard Practical Shooters August 2023 All Classifier Match,2023-08-20,2,Righty Tighty,b32e2276-1d8e-4c8c-8164-8b6f96840d66,Duane Bellamy,51,53.31,17,56.58,Carry Optics,C,A133284,MINOR,,50.9204,47.9797,4.3774,20.56,18,,,,,,,,,
48770d02-25e9-4b1d-af53-cfe80f9ba77e,Wallis Orchard Practical Shooters August 2023 All Classifier Match,2023-08-20,2,Righty Tighty,b32e2276-1d8e-4c8c-8164-8b6f96840d66,Adrian De La Fuente,52,52.37,18,55.58,Carry Optics,U,A149404,MINOR,,50.0247,47.1357,4.3004,15.58,13,,4,,1,,,,,
48770d02-25e9-4b1d-af53-cfe80f9ba77e,Wallis Orchard Practical Shooters August 2023 All Classifier Match,2023-08-20,2,Righty Tighty,b32e2276-1d8e-4c8c-8164-8b6f96840d66,Brandon Hunt,53,51.18,19,54.31,Carry Optics,U,A150701,MINOR,,48.8824,46.0594,4.2022,17.61,12,,4,2,,,,,,
48770d02-25e9-4b1d-af53-cfe80f9ba77e,Wallis Orchard Practical Shooters August 2023 All Classifier Match,2023-08-20,2,Righty Tighty,b32e2276-1d8e-4c8c-8164-8b6f96840d66,Miguel Gonzalez,54,50.67,3,74.99,Limited,C,A142148,MINOR,,67.4943,45.6056,4.1608,14.18,10,,6,1,1,,,,,
48770d02-25e9-4b1d-af53-cfe80f9ba77e,Wallis Orchard Practical Shooters August 2023 All Classifier Match,2023-08-20,2,Righty Tighty,b32e2276-1d8e-4c8c-8164-8b6f96840d66,Steven McKinney,55,49.83,20,52.88,Carry Optics,U,A104027,MINOR,,47.5958,44.8471,4.0916,20.53,15,,3,,,,,,,
48770d02-25e9-4b1d-af53-cfe80f9ba77e,Wallis Orchard Practical Shooters August 2023 All Classifier Match,2023-08-20,2,Righty Tighty,b32e2276-1d8e-4c8c-8164-8b6f96840d66,Matthew Givens,56,49.74,21,53.28,Limited Optics,U,Ty137686,MINOR,,47.9525,44.7627,4.0839,17.63,15,,2,1,,,1,,,
48770d02-25e9-4b1d-af53-cfe80f9ba77e,Wallis Orchard Practical Shooters August 2023 All Classifier Match,2023-08-20,2,Righty Tighty,b32e2276-1d8e-4c8c-8164-8b6f96840d66,John Ren,57,49.71,4,73.57,Limited,U,A152674,MINOR,,66.2096,44.7375,4.0816,18.62,12,,5,1,,,,,,
48770d02-25e9-4b1d-af53-cfe80f9ba77e,Wallis Orchard Practical Shooters August 2023 All Classifier Match,2023-08-20,2,Righty Tighty,b32e2276-1d8e-4c8c-8164-8b6f96840d66,Loren Brusatori,58,49.71,6,49.71,Open,U,A149999,MINOR,,44.7375,44.7375,4.0816,19.11,13,,4,1,,,,,,
48770d02-25e9-4b1d-af53-cfe80f9ba77e,Wallis Orchard Practical Shooters August 2023 All Classifier Match,2023-08-20,2,Righty Tighty,b32e2276-1d8e-4c8c-8164-8b6f96840d66,Jonathan Zook,59,48.22,21,51.17,Carry Optics,U,A151939,MINOR,,46.0557,43.3959,3.9592,16.67,12,,5,1,,,1,,,
48770d02-25e9-4b1d-af53-cfe80f9ba77e,Wallis Orchard Practical Shooters August 2023 All Classifier Match,2023-08-20,2,Righty Tighty,b32e2276-1d8e-4c8c-8164-8b6f96840d66,Taylor Latham,60,47.78,5,70.71,Limited,B,TY39841,MAJOR,Senior,63.6352,42.9980,3.9229,15.04,11,,6,,1,,1,,,
48770d02-25e9-4b1d-af53-cfe80f9ba77e,Wallis Orchard Practical Shooters August 2023 All Classifier Match,2023-08-20,2,Righty Tighty,b32e2276-1d8e-4c8c-8164-8b6f96840d66,Jon Lee,61,46.99,22,50.34,Limited Optics,U,L5532,MINOR,,45.3035,42.2899,3.8583,15.81,11,,5,1,1,,,,,
48770d02-25e9-4b1d-af53-cfe80f9ba77e,Wallis Orchard Practical Shooters August 2023 All Classifier Match,2023-08-20,2,Righty Tighty,b32e2276-1d8e-4c8c-8164-8b6f96840d66,TRAIN YU,62,46.58,22,49.44,Carry Optics,U,A142824,MINOR,Foreign,44.4957,41.9261,3.8251,16.47,16,,1,,1,,1,,,
48770d02-25e9-4b1d-af53-cfe80f9ba77e,Wallis Orchard Practical Shooters August 2023 All Classifier Match,2023-08-20,2,Righty Tighty,b32e2276-1d8e-4c8c-8164-8b6f96840d66,Amber Chike-Udenze,63,45.68,23,48.48,Carry Optics,C,A138974,MINOR,Lady,43.6314,41.1117,3.7508,16.53,15,,2,1,,,2,,,
48770d02-25e9-4b1d-af53-cfe80f9ba77e,Wallis Orchard Practical Shooters August 2023 All Classifier Match,2023-08-20,2,Righty Tighty,b32e2276-1d8e-4c8c-8164-8b6f96840d66,Dan Schreiber,64,45.68,23,48.93,Limited Optics,U,A147899,MAJOR,Senior,44.0378,41.1084,3.7505,22.93,14,,4,,,,,,,
48770d02-25e9-4b1d-af53-cfe80f9ba77e,Wallis Orchard Practical Shooters August 2023 All Classifier Match,2023-08-20,2,Righty Tighty,b32e2276-1d8e-4c8c-8164-8b6f96840d66,Khai Nguyen,65,44.26,24,47.42,Limited Optics,U,A142353,MINOR,,42.6757,39.8369,3.6345,19.81,15,,2,1,,,1,,,
48770d02-25e9-4b1d-af53-cfe80f9ba77e,Wallis Orchard Practical Shooters August 2023 All Classifier Match,2023-08-20,2,Righty Tighty,b32e2276-1d8e-4c8c-8164-8b6f96840d66,Robin Chen,66,43.83,24,46.52,Carry Optics,D,A152878,MINOR,Lady; Law Enforcement,41.8656,39.4478,3.5990,19.45,18,,,,,,1,1,,
48770d02-25e9-4b1d-af53-cfe80f9ba77e,Wallis Orchard Practical Shooters August 2023 All Classifier Match,2023-08-20,2,Righty Tighty,b32e2276-1d8e-4c8c-8164-8b6f96840d66,Qingbang Cai,67,43.45,25,46.12,Carry Optics,A,A148273,MINOR,,41.5062,39.1091,3.5681,10.65,8,,5,3,2,,,,,
48770d02-25e9-4b1d-af53-cfe80f9ba77e,Wallis Orchard Practical Shooters August 2023 All Classifier Match,2023-08-20,2,Righty Tighty,b32e2276-1d8e-4c8c-8164-8b6f96840d66,Christian Canizales,68,42.22,26,44.81,Carry Optics,U,TY150265,MINOR,,40.3266,37.9977,3.4667,15.00,9,,9,,,,2,,,
48770d02-25e9-4b1d-af53-cfe80f9ba77e,Wallis Orchard Practical Shooters August 2023 All Classifier Match,2023-08-20,2,Righty Tighty,b32e2276-1d8e-4c8c-8164-8b6f96840d66,Gary Wu,69,38.48,7,38.48,Open,B,L2998,MAJOR,Senior,34.6317,34.6317,3.1596,12.66,8,,7,1,2,,1,,,
48770d02-25e9-4b1d-af53-cfe80f9ba77e,Wallis Orchard Practical Shooters August 2023 All Classifier Match,2023-08-20,2,Righty Tighty,b32e2276-1d8e-4c8c-8164-8b6f96840d66,Andrew Reynolds,70,37.94,2,60.06,Production,U,A106874,MINOR,,54.0510,34.1417,3.1149,15.41,12,,6,,,,,3,,
48770d02-25e9-4b1d-af53-cfe80f9ba77e,Wallis Orchard Practical Shooters August 2023 All Classifier Match,2023-08-20,2,Righty Tighty,b32e2276-1d8e-4c8c-8164-8b6f96840d66,Ivan Battle,71,22.21,27,23.57,Carry Optics,U,A151905,MINOR,,21.2143,19.9892,1.8237,19.74,14,,2,,2,,2,,,
48770d02-25e9-4b1d-af53-cfe80f9ba77e,Wallis Orchard Practical Shooters August 2023 All Classifier Match,2023-08-20,2,Righty Tighty,b32e2276-1d8e-4c8c-8164-8b6f96840d66,Jeremiah Hunt,72,16.53,25,17.71,Limited Optics,U,A148592,MINOR,,15.9395,14.8792,1.3575,13.26,13,,4,1,,,,6,,
48770d02-25e9-4b1d-af53-cfe80f9ba77e,Wallis Orchard Practical Shooters August 2023 All Classifier Match,2023-08-20,2,Righty Tighty,b32e2276-1d8e-4c8c-8164-8b6f96840d66,Edward Yu,73,0.61,28,0.65,Carry Optics,U,A148356,MINOR,Law Enforcement,0.5828,0.5491,0.0501,19.98,10,,3,2,3,,3,,,
48770d02-25e9-4b1d-af53-cfe80f9ba77e,Wallis Orchard Practical Shooters August 2023 All Classifier Match,2023-08-20,2,Righty Tighty,b32e2276-1d8e-4c8c-8164-8b6f96840d66,Kicker Cardenas,74,0.00,6,0.00,Limited,U,,MINOR,Lady,0.0000,0.0000,,,,,,,,,,,,
48770d02-25e9-4b1d-af53-cfe80f9ba77e,Wallis Orchard Practical Shooters August 2023 All Classifier Match,2023-08-20,2,Righty Tighty,b32e2276-1d8e-4c8c-8164-8b6f96840d66,Bob Klee,75,0.00,7,0.00,Limited,U,A135792,MINOR,Senior,0.0000,0.0000,,,,,,,,,,,,
48770d02-25e9-4b1d-af53-cfe80f9ba77e,Wallis Orchard Practical Shooters August 2023 All Classifier Match,2023-08-20,2,Righty Tighty,b32e2276-1d8e-4c8c-8164-8b6f96840d66,Marco Yue,76,0.00,6,0.00,PCC,A,L5762,MINOR,,0.0000,0.0000,,,,,,,,,,,,
48770d02-25e9-4b1d-af53-cfe80f9ba77e,Wallis Orchard Practical Shooters August 2023 All Classifier Match,2023-08-20,3,Lefty Loosey,0365371c-a4c1-4882-810e-835d6e84563e,Michael Hanover,1,100.00,1,100.00,Limited Optics,B,A146302,MINOR,,90.0000,90.0000,6.5235,12.57,14,,4,,,,,,,
48770d02-25e9-4b1d-af53-cfe80f9ba77e,Wallis Orchard Practical Shooters August 2023 All Classifier Match,2023-08-20,3,Lefty Loosey,0365371c-a4c1-4882-810e-835d6e84563e,Craig Bellamy,2,99.82,1,100.00,Carry Optics,M,TY54824,MINOR,Law Enforcement,90.0000,89.8358,6.5116,10.75,10,,6,2,,,,,,
48770d02-25e9-4b1d-af53-cfe80f9ba77e,Wallis Orchard Practical Shooters August 2023 All Classifier Match,2023-08-20,3,Lefty Loosey,0365371c-a4c1-4882-810e-835d6e84563e,Khoa Nguyen,3,99.60,2,99.60,Limited Optics,A,A117224,MINOR,Law Enforcement,89.6427,89.6427,6.4976,12.62,14,,4,,,,,,,
48770d02-25e9-4b1d-af53-cfe80f9ba77e,Wallis Orchard Practical Shooters August 2023 All Classifier Match,2023-08-20,3,Lefty Loosey,0365371c-a4c1-4882-810e-835d6e84563e,Anthony Fong,4,98.57,3,98.57,Limited Optics,B,A142224,MINOR,,88.7142,88.7142,6.4303,12.13,12,,6,,,,,,,
48770d02-25e9-4b1d-af53-cfe80f9ba77e,Wallis Orchard Practical Shooters August 2023 All Classifier Match,2023-08-20,3,Lefty Loosey,0365371c-a4c1-4882-810e-835d6e84563e,Justin Walworth,5,92.13,1,100.00,PCC,U,a39547,MINOR,,90.0000,82.9129,6.0098,14.31,16,,2,,,,,,,
48770d02-25e9-4b1d-af53-cfe80f9ba77e,Wallis Orchard Practical Shooters August 2023 All Classifier Match,2023-08-20,3,Lefty Loosey,0365371c-a4c1-4882-810e-835d6e84563e,Gil Yolo,6,90.31,4,90.31,Limited Optics,U,L5228,MINOR,,81.2766,81.2766,5.8912,13.24,12,,6,,,,,,,
48770d02-25e9-4b1d-af53-cfe80f9ba77e,Wallis Orchard Practical Shooters August 2023 All Classifier Match,2023-08-20,3,Lefty Loosey,0365371c-a4c1-4882-810e-835d6e84563e,Robert Layton,7,89.88,5,89.88,Limited Optics,U,TY143915,MINOR,Law Enforcement,80.8903,80.8903,5.8632,15.35,18,,,,,,,,,
48770d02-25e9-4b1d-af53-cfe80f9ba77e,Wallis Orchard Practical Shooters August 2023 All Classifier Match,2023-08-20,3,Lefty Loosey,0365371c-a4c1-4882-810e-835d6e84563e,Carlos Escandon,8,89.49,1,100.00,Single Stack,A,L2590,MAJOR,Super Senior,90.0000,80.5399,5.8378,13.19,7,,10,1,,,,,,
48770d02-25e9-4b1d-af53-cfe80f9ba77e,Wallis Orchard Practical Shooters August 2023 All Classifier Match,2023-08-20,3,Lefty Loosey,0365371c-a4c1-4882-810e-835d6e84563e,Brandon Foss,9,87.77,2,87.93,Carry Optics,M,L5142,MINOR,,79.1377,78.9933,5.7257,15.02,16,,2,,,,,,,
48770d02-25e9-4b1d-af53-cfe80f9ba77e,Wallis Orchard Practical Shooters August 2023 All Classifier Match,2023-08-20,3,Lefty Loosey,0365371c-a4c1-4882-810e-835d6e84563e,Chris Nagala,10,87.16,6,87.16,Limited Optics,U,Ty97712,MINOR,,78.4442,78.4442,5.6859,14.07,14,,3,1,,,,,,
48770d02-25e9-4b1d-af53-cfe80f9ba77e,Wallis Orchard Practical Shooters August 2023 All Classifier Match,2023-08-20,3,Lefty Loosey,0365371c-a4c1-4882-810e-835d6e84563e,Doug Joder,11,84.83,2,92.08,PCC,B,TY115020,MINOR,,82.8761,76.3500,5.5341,15.54,16,,2,,,,,,,
48770d02-25e9-4b1d-af53-cfe80f9ba77e,Wallis Orchard Practical Shooters August 2023 All Classifier Match,2023-08-20,3,Lefty Loosey,0365371c-a4c1-4882-810e-835d6e84563e,Gary Wu,12,82.39,1,100.00,Open,B,L2998,MAJOR,Senior,90.0000,74.1536,5.3749,15.07,11,,6,1,,,,,,
48770d02-25e9-4b1d-af53-cfe80f9ba77e,Wallis Orchard Practical Shooters August 2023 All Classifier Match,2023-08-20,3,Lefty Loosey,0365371c-a4c1-4882-810e-835d6e84563e,TRAIN YU,13,80.78,3,80.93,Carry Optics,U,A142824,MINOR,Foreign,72.8337,72.7009,5.2696,16.32,16,,2,,,,,,,
48770d02-25e9-4b1d-af53-cfe80f9ba77e,Wallis Orchard Practical Shooters August 2023 All Classifier Match,2023-08-20,3,Lefty Loosey,0365371c-a4c1-4882-810e-835d6e84563e,Ryan Ngo,14,80.44,7,80.44,Limited Optics,C,TY132318,MINOR,,72.3960,72.3960,5.2475,16.77,17,,1,,,,,,,
48770d02-25e9-4b1d-af53-cfe80f9ba77e,Wallis Orchard Practical Shooters August 2023 All Classifier Match,2023-08-20,3,Lefty Loosey,0365371c-a4c1-4882-810e-835d6e84563e,Kristen Day,15,79.61,1,100.00,Limited,C,TY121933,MINOR,Lady,90.0000,71.6468,5.1932,16.56,16,,2,,,,,,,
48770d02-25e9-4b1d-af53-cfe80f9ba77e,Wallis Orchard Practical Shooters August 2023 All Classifier Match,2023-08-20,3,Lefty Loosey,0365371c-a4c1-4882-810e-835d6e84563e,Jonathan Warrender,16,78.66,8,78.66,Limited Optics,,Ty86145,MINOR,,70.7983,70.7983,5.1317,14.81,11,,7,,,,,,,
48770d02-25e9-4b1d-af53-cfe80f9ba77e,Wallis Orchard Practical Shooters August 2023 All Classifier Match,2023-08-20,3,Lefty Loosey,0365371c-a4c1-4882-810e-835d6e84563e,Joseph White,17,77.41,4,77.55,Carry Optics,B,A135489,MINOR,Law Enforcement,69.7971,69.6698,5.0499,17.03,16,,2,,,,,,,
48770d02-25e9-4b1d-af53-cfe80f9ba77e,Wallis Orchard Practical Shooters August 2023 All Classifier Match,2023-08-20,3,Lefty Loosey,0365371c-a4c1-4882-810e-835d6e84563e,Jerry Bedro,18,75.98,9,75.98,Limited Optics,U,A98263,MINOR,,68.3826,68.3826,4.9566,16.14,13,,5,,,,,,,
48770d02-25e9-4b1d-af53-cfe80f9ba77e,Wallis Orchard Practical Shooters August 2023 All Classifier Match,2023-08-20,3,Lefty Loosey,0365371c-a4c1-4882-810e-835d6e84563e,Hunter Andras,19,75.56,3,82.02,PCC,U,TY140415,MINOR,,73.8144,68.0018,4.9290,11.97,14,,3,,1,,1,,,
48770d02-25e9-4b1d-af53-cfe80f9ba77e,Wallis Orchard Practical Shooters August 2023 All Classifier Match,2023-08-20,3,Lefty Loosey,0365371c-a4c1-4882-810e-835d6e84563e,Tyler Kenny,20,75.37,10,75.37,Limited Optics,U,A148691,MINOR,,67.8335,67.8335,4.9168,13.83,8,,9,1,,,,,,
48770d02-25e9-4b1d-af53-cfe80f9ba77e,Wallis Orchard Practical Shooters August 2023 All Classifier Match,2023-08-20,3,Lefty Loosey,0365371c-a4c1-4882-810e-835d6e84563e,Miguel Gonzalez,21,75.05,2,94.28,Limited,C,A142148,MINOR,,84.8494,67.5466,4.8960,16.34,13,,5,,,,,,,
48770d02-25e9-4b1d-af53-cfe80f9ba77e,Wallis Orchard Practical Shooters August 2023 All Classifier Match,2023-08-20,3,Lefty Loosey,0365371c-a4c1-4882-810e-835d6e84563e,Christian Canizales,22,74.57,5,74.71,Carry Optics,U,TY150265,MINOR,,67.2402,67.1175,4.8649,14.80,11,,5,2,,,,,,
48770d02-25e9-4b1d-af53-cfe80f9ba77e,Wallis Orchard Practical Shooters August 2023 All Classifier Match,2023-08-20,3,Lefty Loosey,0365371c-a4c1-4882-810e-835d6e84563e,Pat Byrne,23,73.42,11,73.42,Limited Optics,B,Fy93921,MINOR,Super Senior,66.0800,66.0800,4.7897,17.12,15,,2,1,,,,,,
48770d02-25e9-4b1d-af53-cfe80f9ba77e,Wallis Orchard Practical Shooters August 2023 All Classifier Match,2023-08-20,3,Lefty Loosey,0365371c-a4c1-4882-810e-835d6e84563e,Gennady Khokhorin,24,73.09,1,100.00,Production,C,A123884,MINOR,Super Senior,90.0000,65.7765,4.7677,16.36,12,,6,,,,,,,
48770d02-25e9-4b1d-af53-cfe80f9ba77e,Wallis Orchard Practical Shooters August 2023 All Classifier Match,2023-08-20,3,Lefty Loosey,0365371c-a4c1-4882-810e-835d6e84563e,Jun Wu,25,73.08,12,73.08,Limited Optics,U,ty104927,MINOR,,65.7724,65.7724,4.7674,17.20,15,,2,1,,,,,,
48770d02-25e9-4b1d-af53-cfe80f9ba77e,Wallis Orchard Practical Shooters August 2023 All Classifier Match,2023-08-20,3,Lefty Loosey,0365371c-a4c1-4882-810e-835d6e84563e,Andy Chen,26,71.88,2,87.24,Open,U,A86721,MINOR,,78.5116,64.6880,4.6888,11.73,9,,6,2,1,,,,,
48770d02-25e9-4b1d-af53-cfe80f9ba77e,Wallis Orchard Practical Shooters August 2023 All Classifier Match,2023-08-20,3,Lefty Loosey,0365371c-a4c1-4882-810e-835d6e84563e,Benjamin Michael,27,71.65,6,71.78,Carry Optics,C,L5472,MINOR,,64.6016,64.4838,4.6740,16.26,12,,5,1,,,,,,
48770d02-25e9-4b1d-af53-cfe80f9ba77e,Wallis Orchard Practical Shooters August 2023 All Classifier Match,2023-08-20,3,Lefty Loosey,0365371c-a4c1-4882-810e-835d6e84563e,Matthew Michna,28,71.62,7,71.75,Carry Optics,A,A128405,MINOR,,64.5754,64.4576,4.6721,12.20,13,,4,,1,,1,,,
48770d02-25e9-4b1d-af53-cfe80f9ba77e,Wallis Orchard Practical Shooters August 2023 All Classifier Match,2023-08-20,3,Lefty Loosey,0365371c-a4c1-4882-810e-835d6e84563e,Hugh Fullerton,29,70.95,13,70.95,Limited Optics,U,A140572,MINOR,,63.8561,63.8561,4.6285,16.42,11,,7,,,,,,,
48770d02-25e9-4b1d-af53-cfe80f9ba77e,Wallis Orchard Practical Shooters August 2023 All Classifier Match,2023-08-20,3,Lefty Loosey,0365371c-a4c1-4882-810e-835d6e84563e,Heath Helgeson,30,70.84,8,70.97,Carry Optics,C,A,MINOR,,63.8732,63.7567,4.6213,15.58,10,,7,1,,,,,,
48770d02-25e9-4b1d-af53-cfe80f9ba77e,Wallis Orchard Practical Shooters August 2023 All Classifier Match,2023-08-20,3,Lefty Loosey,0365371c-a4c1-4882-810e-835d6e84563e,Amber Chike-Udenze,31,70.46,9,70.59,Carry Optics,C,A138974,MINOR,Lady,63.5277,63.4118,4.5963,16.97,13,,4,1,,,,,,
48770d02-25e9-4b1d-af53-cfe80f9ba77e,Wallis Orchard Practical Shooters August 2023 All Classifier Match,2023-08-20,3,Lefty Loosey,0365371c-a4c1-4882-810e-835d6e84563e,Michael Whitley,32,69.75,10,69.88,Carry Optics,A,A111091,MINOR,,62.8933,62.7786,4.5504,18.46,16,,1,1,,,,,,
48770d02-25e9-4b1d-af53-cfe80f9ba77e,Wallis Orchard Practical Shooters August 2023 All Classifier Match,2023-08-20,3,Lefty Loosey,0365371c-a4c1-4882-810e-835d6e84563e,Brandon Hunt,33,68.35,11,68.47,Carry Optics,U,A150701,MINOR,,61.6245,61.5121,4.4586,18.84,15,,3,,,,,,,
48770d02-25e9-4b1d-af53-cfe80f9ba77e,Wallis Orchard Practical Shooters August 2023 All Classifier Match,2023-08-20,3,Lefty Loosey,0365371c-a4c1-4882-810e-835d6e84563e,Wei Zhang,34,68.32,4,74.16,PCC,U,FY140383,MINOR,,66.7475,61.4914,4.4571,17.50,12,,6,,,,,,,
48770d02-25e9-4b1d-af53-cfe80f9ba77e,Wallis Orchard Practical Shooters August 2023 All Classifier Match,2023-08-20,3,Lefty Loosey,0365371c-a4c1-4882-810e-835d6e84563e,Taylor Latham,35,68.31,3,85.80,Limited,B,TY39841,MAJOR,Senior,77.2241,61.4762,4.4560,19.30,16,,1,1,,,,,,
48770d02-25e9-4b1d-af53-cfe80f9ba77e,Wallis Orchard Practical Shooters August 2023 All Classifier Match,2023-08-20,3,Lefty Loosey,0365371c-a4c1-4882-810e-835d6e84563e,Qingbang Cai,36,67.52,12,67.65,Carry Optics,A,A148273,MINOR,,60.8823,60.7712,4.4049,12.94,8,,9,,1,,,,,
48770d02-25e9-4b1d-af53-cfe80f9ba77e,Wallis Orchard Practical Shooters August 2023 All Classifier Match,2023-08-20,3,Lefty Loosey,0365371c-a4c1-4882-810e-835d6e84563e,Ray Pennington,37,67.47,14,67.47,Limited Optics,C,A107654,MINOR,Senior,60.7243,60.7243,4.4015,18.63,14,,4,,,,,,,
48770d02-25e9-4b1d-af53-cfe80f9ba77e,Wallis Orchard Practical Shooters August 2023 All Classifier Match,2023-08-20,3,Lefty Loosey,0365371c-a4c1-4882-810e-835d6e84563e,Berrhett Foss,38,66.83,13,66.96,Carry Optics,U,A143624,MINOR,,60.2603,60.1504,4.3599,14.45,16,,1,,1,,1,,,
48770d02-25e9-4b1d-af53-cfe80f9ba77e,Wallis Orchard Practical Shooters August 2023 All Classifier Match,2023-08-20,3,Lefty Loosey,0365371c-a4c1-4882-810e-835d6e84563e,Taylor Stansberry,39,66.79,3,81.06,Open,U,TY143801,MAJOR,,72.9558,60.1104,4.3570,19.05,15,,1,2,,,,,,
48770d02-25e9-4b1d-af53-cfe80f9ba77e,Wallis Orchard Practical Shooters August 2023 All Classifier Match,2023-08-20,3,Lefty Loosey,0365371c-a4c1-4882-810e-835d6e84563e,Chez Chike-Udenze,40,66.69,15,66.69,Limited Optics,U,A138598,MINOR,,60.0166,60.0166,4.3502,18.39,13,,5,,,,,,,
48770d02-25e9-4b1d-af53-cfe80f9ba77e,Wallis Orchard Practical Shooters August 2023 All Classifier Match,2023-08-20,3,Lefty Loosey,0365371c-a4c1-4882-810e-835d6e84563e,Joseph Mondragon,41,66.33,5,72.00,PCC,U,A104549,MINOR,,64.7977,59.6951,4.3269,20.80,18,,,,,,,,,
48770d02-25e9-4b1d-af53-cfe80f9ba77e,Wallis Orchard Practical Shooters August 2023 All Classifier Match,2023-08-20,3,Lefty Loosey,0365371c-a4c1-4882-810e-835d6e84563e,Jim Havens,42,66.09,16,66.09,Limited Optics,M,TY114636,MINOR,Senior,59.4840,59.4840,4.3116,13.22,13,,4,,1,,1,,,
48770d02-25e9-4b1d-af53-cfe80f9ba77e,Wallis Orchard Practical Shooters August 2023 All Classifier Match,2023-08-20,3,Lefty Loosey,0365371c-a4c1-4882-810e-835d6e84563e,Ashley Krenek,43,65.55,17,65.55,Limited Optics,U,TY92392,MINOR,Lady,58.9929,58.9929,4.2760,20.58,17,,1,,,,,,,
48770d02-25e9-4b1d-af53-cfe80f9ba77e,Wallis Orchard Practical Shooters August 2023 All Classifier Match,2023-08-20,3,Lefty Loosey,0365371c-a4c1-4882-810e-835d6e84563e,Todd Ellison,44,65.33,14,65.45,Carry Optics,C,A137376,MINOR,,58.9044,58.7970,4.2618,19.71,15,,3,,,,,,,
48770d02-25e9-4b1d-af53-cfe80f9ba77e,Wallis Orchard Practical Shooters August 2023 All Classifier Match,2023-08-20,3,Lefty Loosey,0365371c-a4c1-4882-810e-835d6e84563e,Loren Brusatori,45,65.20,4,79.13,Open,U,A149999,MINOR,,71.2177,58.6783,4.2532,20.22,16,,2,,,,,,,
48770d02-25e9-4b1d-af53-cfe80f9ba77e,Wallis Orchard Practical Shooters August 2023 All Classifier Match,2023-08-20,3,Lefty Loosey,0365371c-a4c1-4882-810e-835d6e84563e,Jeff Maxwell,46,65.07,15,65.19,Carry Optics,C,L4489,MINOR,Senior,58.6736,58.5666,4.2451,20.73,17,,1,,,,,,,
48770d02-25e9-4b1d-af53-cfe80f9ba77e,Wallis Orchard Practical Shooters August 2023 All Classifier Match,2023-08-20,3,Lefty Loosey,0365371c-a4c1-4882-810e-835d6e84563e,Duane Bellamy,47,64.25,16,64.37,Carry Optics,C,A133284,MINOR,,57.9300,57.8243,4.1913,18.61,13,,4,1,,,,,,
48770d02-25e9-4b1d-af53-cfe80f9ba77e,Wallis Orchard Practical Shooters August 2023 All Classifier Match,2023-08-20,3,Lefty Loosey,0365371c-a4c1-4882-810e-835d6e84563e,Abrahan Figueroa,48,63.69,17,63.81,Carry Optics,U,TY54053,MINOR,Senior,57.4283,57.3235,4.1550,17.81,10,,8,,,,,,,
48770d02-25e9-4b1d-af53-cfe80f9ba77e,Wallis Orchard Practical Shooters August 2023 All Classifier Match,2023-08-20,3,Lefty Loosey,0365371c-a4c1-4882-810e-835d6e84563e,Karys Bellamy,49,63.41,18,63.52,Carry Optics,C,TY130774,MINOR,Lady; Junior,57.1712,57.0669,4.1364,17.89,10,,8,,,,,,,
48770d02-25e9-4b1d-af53-cfe80f9ba77e,Wallis Orchard Practical Shooters August 2023 All Classifier Match,2023-08-20,3,Lefty Loosey,0365371c-a4c1-4882-810e-835d6e84563e,jordan fleming,50,63.18,19,63.29,Carry Optics,U,A151651,MINOR,Junior,56.9653,56.8613,4.1215,18.44,16,,2,,,,1,,,
48770d02-25e9-4b1d-af53-cfe80f9ba77e,Wallis Orchard Practical Shooters August 2023 All Classifier Match,2023-08-20,3,Lefty Loosey,0365371c-a4c1-4882-810e-835d6e84563e,Michael Pontious,51,60.81,20,60.92,Carry Optics,B,Fy94575,MINOR,Senior,54.8271,54.7271,3.9668,16.89,13,,4,,1,,,,,
48770d02-25e9-4b1d-af53-cfe80f9ba77e,Wallis Orchard Practical Shooters August 2023 All Classifier Match,2023-08-20,3,Lefty Loosey,0365371c-a4c1-4882-810e-835d6e84563e,Art Nelson,52,59.22,21,59.33,Carry Optics,U,Ty116323,MINOR,,53.3938,53.2964,3.8631,18.12,14,,3,1,,,1,,,
48770d02-25e9-4b1d-af53-cfe80f9ba77e,Wallis Orchard Practical Shooters August 2023 All Classifier Match,2023-08-20,3,Lefty Loosey,0365371c-a4c1-4882-810e-835d6e84563e,Joshua Day,53,57.64,4,72.41,Limited,U,TY152321,MINOR,,65.1656,51.8768,3.7602,18.35,14,,3,,1,,,,,
48770d02-25e9-4b1d-af53-cfe80f9ba77e,Wallis Orchard Practical Shooters August 2023 All Classifier Match,2023-08-20,3,Lefty Loosey,0365371c-a4c1-4882-810e-835d6e84563e,Jeannie Marrone,54,56.77,5,68.91,Open,C,Ty133357,MAJOR,Lady; Super Senior,62.0166,51.0973,3.7037,20.79,15,,3,,,,1,,,
48770d02-25e9-4b1d-af53-cfe80f9ba77e,Wallis Orchard Practical Shooters August 2023 All Classifier Match,2023-08-20,3,Lefty Loosey,0365371c-a4c1-4882-810e-835d6e84563e,Paul White,55,56.06,18,56.06,Limited Optics,U,A147201,MINOR,,50.4585,50.4585,3.6574,20.78,13,,3,2,,,,,,
48770d02-25e9-4b1d-af53-cfe80f9ba77e,Wallis Orchard Practical Shooters August 2023 All Classifier Match,2023-08-20,3,Lefty Loosey,0365371c-a4c1-4882-810e-835d6e84563e,Kacie Tapanila,56,52.06,22,52.15,Carry Optics,U,A135389,MINOR,Lady,46.9392,46.8535,3.3961,21.79,10,,8,,,,,,,
48770d02-25e9-4b1d-af53-cfe80f9ba77e,Wallis Orchard Practical Shooters August 2023 All Classifier Match,2023-08-20,3,Lefty Loosey,0365371c-a4c1-4882-810e-835d6e84563e,Robin Chen,57,51.77,23,51.87,Carry Optics,D,A152878,MINOR,Lady; Law Enforcement,46.6821,46.5969,3.3775,21.91,15,,3,,,,1,,,
48770d02-25e9-4b1d-af53-cfe80f9ba77e,Wallis Orchard Practical Shooters August 2023 All Classifier Match,2023-08-20,3,Lefty Loosey,0365371c-a4c1-4882-810e-835d6e84563e,Jonathan Zook,58,48.77,24,48.86,Carry Optics,U,A151939,MINOR,,43.9731,43.8928,3.1815,16.03,10,,7,,1,,1,,,
48770d02-25e9-4b1d-af53-cfe80f9ba77e,Wallis Orchard Practical Shooters August 2023 All Classifier Match,2023-08-20,3,Lefty Loosey,0365371c-a4c1-4882-810e-835d6e84563e,Alan Orr,59,48.54,19,48.54,Limited Optics,U,A149462,MINOR,Senior,43.6873,43.6873,3.1666,21.79,14,,3,,1,,,,,
48770d02-25e9-4b1d-af53-cfe80f9ba77e,Wallis Orchard Practical Shooters August 2023 All Classifier Match,2023-08-20,3,Lefty Loosey,0365371c-a4c1-4882-810e-835d6e84563e,Andrew Reynolds,60,48.40,2,66.22,Production,U,A106874,MINOR,,59.5985,43.5576,3.1572,14.57,12,,5,1,,,,3,,
48770d02-25e9-4b1d-af53-cfe80f9ba77e,Wallis Orchard Practical Shooters August 2023 All Classifier Match,2023-08-20,3,Lefty Loosey,0365371c-a4c1-4882-810e-835d6e84563e,George Zhou,61,46.82,20,46.82,Limited Optics,U,A146179,MINOR,Senior,42.1393,42.1393,3.0544,22.59,14,,3,,1,,,,,
48770d02-25e9-4b1d-af53-cfe80f9ba77e,Wallis Orchard Practical Shooters August 2023 All Classifier Match,2023-08-20,3,Lefty Loosey,0365371c-a4c1-4882-810e-835d6e84563e,Khai Nguyen,62,43.36,21,43.36,Limited Optics,U,A142353,MINOR,,39.0283,39.0283,2.8289,21.21,13,,5,,,,2,,,
48770d02-25e9-4b1d-af53-cfe80f9ba77e,Wallis Orchard Practical Shooters August 2023 All Classifier Match,2023-08-20,3,Lefty Loosey,0365371c-a4c1-4882-810e-835d6e84563e,Jeremiah Hunt,63,43.12,22,43.12,Limited Optics,U,A148592,MINOR,,38.8117,38.8117,2.8132,18.84,11,,6,,1,,1,,,
48770d02-25e9-4b1d-af53-cfe80f9ba77e,Wallis Orchard Practical Shooters August 2023 All Classifier Match,2023-08-20,3,Lefty Loosey,0365371c-a4c1-4882-810e-835d6e84563e,Andrew Whitley,64,42.36,6,51.42,Open,A,TY-106649,MAJOR,,46.2751,38.1274,2.7636,23.52,9,,7,1,1,,,,,
48770d02-25e9-4b1d-af53-cfe80f9ba77e,Wallis Orchard Practical Shooters August 2023 All Classifier Match,2023-08-20,3,Lefty Loosey,0365371c-a4c1-4882-810e-835d6e84563e,Adrian De La Fuente,65,41.22,25,41.29,Carry Optics,U,A149404,MINOR,,37.1646,37.0968,2.6889,15.62,12,,4,,2,,1,,,
48770d02-25e9-4b1d-af53-cfe80f9ba77e,Wallis Orchard Practical Shooters August 2023 All Classifier Match,2023-08-20,3,Lefty Loosey,0365371c-a4c1-4882-810e-835d6e84563e,John Ren,66,41.07,5,51.60,Limited,U,A152674,MINOR,,46.4367,36.9671,2.6795,19.78,11,,6,,1,,1,,,
48770d02-25e9-4b1d-af53-cfe80f9ba77e,Wallis Orchard Practical Shooters August 2023 All Classifier Match,2023-08-20,3,Lefty Loosey,0365371c-a4c1-4882-810e-835d6e84563e,Matthew Givens,67,40.53,23,40.53,Limited Optics,U,Ty137686,MINOR,,36.4787,36.4787,2.6441,18.91,11,,5,,2,,,,,
48770d02-25e9-4b1d-af53-cfe80f9ba77e,Wallis Orchard Practical Shooters August 2023 All Classifier Match,2023-08-20,3,Lefty Loosey,0365371c-a4c1-4882-810e-835d6e84563e,Karen Brusatori,68,38.55,7,46.78,Open,U,A149998,MINOR,Lady,42.1040,34.6907,2.5145,25.85,12,,5,,1,,,,,
48770d02-25e9-4b1d-af53-cfe80f9ba77e,Wallis Orchard Practical Shooters August 2023 All Classifier Match,2023-08-20,3,Lefty Loosey,0365371c-a4c1-4882-810e-835d6e84563e,Dan Schreiber,69,34.62,24,34.62,Limited Optics,U,A147899,MAJOR,Senior,31.1589,31.1589,2.2585,28.78,17,,,,1,,1,,,
48770d02-25e9-4b1d-af53-cfe80f9ba77e,Wallis Orchard Practical Shooters August 2023 All Classifier Match,2023-08-20,3,Lefty Loosey,0365371c-a4c1-4882-810e-835d6e84563e,Edward Yu,70,31.87,26,31.93,Carry Optics,U,A148356,MINOR,Law Enforcement,28.7335,28.6811,2.0789,18.76,12,,3,,3,,,,,
48770d02-25e9-4b1d-af53-cfe80f9ba77e,Wallis Orchard Practical Shooters August 2023 All Classifier Match,2023-08-20,3,Lefty Loosey,0365371c-a4c1-4882-810e-835d6e84563e,Ivan Battle,71,15.87,27,15.90,Carry Optics,U,A151905,MINOR,,14.3094,14.2833,1.0353,16.42,8,,5,2,3,,1,,,
48770d02-25e9-4b1d-af53-cfe80f9ba77e,Wallis Orchard Practical Shooters August 2023 All Classifier Match,2023-08-20,3,Lefty Loosey,0365371c-a4c1-4882-810e-835d6e84563e,Steven McKinney,72,13.63,28,13.65,Carry Optics,U,A104027,MINOR,,12.2859,12.2635,0.8889,22.50,11,,5,,2,,3,,,
48770d02-25e9-4b1d-af53-cfe80f9ba77e,Wallis Orchard Practical Shooters August 2023 All Classifier Match,2023-08-20,3,Lefty Loosey,0365371c-a4c1-4882-810e-835d6e84563e,Jon Lee,73,8.52,25,8.52,Limited Optics,U,L5532,MINOR,,7.6721,7.6721,0.5561,19.78,5,,8,2,3,,1,,,
48770d02-25e9-4b1d-af53-cfe80f9ba77e,Wallis Orchard Practical Shooters August 2023 All Classifier Match,2023-08-20,3,Lefty Loosey,0365371c-a4c1-4882-810e-835d6e84563e,Kicker Cardenas,74,0.00,6,0.00,Limited,U,,MINOR,Lady,0.0000,0.0000,,,,,,,,,,,,
48770d02-25e9-4b1d-af53-cfe80f9ba77e,Wallis Orchard Practical Shooters August 2023 All Classifier Match,2023-08-20,3,Lefty Loosey,0365371c-a4c1-4882-810e-835d6e84563e,Bob Klee,75,0.00,7,0.00,Limited,U,A135792,MINOR,Senior,0.0000,0.0000,,,,,,,,,,,,
48770d02-25e9-4b1d-af53-cfe80f9ba77e,Wallis Orchard Practical Shooters August 2023 All Classifier Match,2023-08-20,3,Lefty Loosey,0365371c-a4c1-4882-810e-835d6e84563e,Marco Yue,76,0.00,6,0.00,PCC,A,L5762,MINOR,,0.0000,0.0000,,,,,,,,,,,,
48770d02-25e9-4b1d-af53-cfe80f9ba77e,Wallis Orchard Practical Shooters August 2023 All Classifier Match,2023-08-20,4,Calm Before the Storm,8d9e844a-434a-4c1f-a756-dc02ff600288,Craig Bellamy,1,100.00,1,100.00,Carry Optics,M,TY54824,MINOR,Law Enforcement,80.0000,80.0000,9.2643,7.34,10,,6,,,,,,,
48770d02-25e9-4b1d-af53-cfe80f9ba77e,Wallis Orchard Practical Shooters August 2023 All Classifier Match,2023-08-20,4,Calm Before the Storm,8d9e844a-434a-4c1f-a756-dc02ff600288,Chez Chike-Udenze,2,97.09,1,100.00,Limited Optics,U,A138598,MINOR,,80.0000,77.6719,8.9947,7.56,10,,6,,,,,,,
48770d02-25e9-4b1d-af53-cfe80f9ba77e,Wallis Orchard Practical Shooters August 2023 All Classifier Match,2023-08-20,4,Calm Before the Storm,8d9e844a-434a-4c1f-a756-dc02ff600288,Michael Whitley,3,88.59,2,88.59,Carry Optics,A,A111091,MINOR,,70.8725,70.8725,8.2073,9.26,14,,2,,,,,,,
48770d02-25e9-4b1d-af53-cfe80f9ba77e,Wallis Orchard Practical Shooters August 2023 All Classifier Match,2023-08-20,4,Calm Before the Storm,8d9e844a-434a-4c1f-a756-dc02ff600288,Hunter Andras,4,88.07,1,100.00,PCC,U,TY140415,MINOR,,80.0000,70.4537,8.1588,9.07,13,,3,,,,,,,
48770d02-25e9-4b1d-af53-cfe80f9ba77e,Wallis Orchard Practical Shooters August 2023 All Classifier Match,2023-08-20,4,Calm Before the Storm,8d9e844a-434a-4c1f-a756-dc02ff600288,Anthony Fong,5,86.90,2,89.51,Limited Optics,B,A142224,MINOR,,71.6048,69.5211,8.0508,9.44,14,,2,,,,,,,
48770d02-25e9-4b1d-af53-cfe80f9ba77e,Wallis Orchard Practical Shooters August 2023 All Classifier Match,2023-08-20,4,Calm Before the Storm,8d9e844a-434a-4c1f-a756-dc02ff600288,Michael Hanover,6,86.84,3,89.44,Limited Optics,B,A146302,MINOR,,71.5506,69.4684,8.0447,8.95,12,,4,,,,,,,
48770d02-25e9-4b1d-af53-cfe80f9ba77e,Wallis Orchard Practical Shooters August 2023 All Classifier Match,2023-08-20,4,Calm Before the Storm,8d9e844a-434a-4c1f-a756-dc02ff600288,Marco Yue,7,85.22,2,96.76,PCC,A,L5762,MINOR,,77.4104,68.1731,7.8947,7.22,11,,4,,1,,,,,
48770d02-25e9-4b1d-af53-cfe80f9ba77e,Wallis Orchard Practical Shooters August 2023 All Classifier Match,2023-08-20,4,Calm Before the Storm,8d9e844a-434a-4c1f-a756-dc02ff600288,Jonathan Warrender,8,85.13,4,87.68,Limited Optics,,Ty86145,MINOR,,70.1462,68.1049,7.8868,9.89,15,,1,,,,,,,
48770d02-25e9-4b1d-af53-cfe80f9ba77e,Wallis Orchard Practical Shooters August 2023 All Classifier Match,2023-08-20,4,Calm Before the Storm,8d9e844a-434a-4c1f-a756-dc02ff600288,Ryan Ngo,9,83.31,5,85.81,Limited Optics,C,TY132318,MINOR,,68.6493,66.6516,7.7185,8.81,10,,6,,,,,,,
48770d02-25e9-4b1d-af53-cfe80f9ba77e,Wallis Orchard Practical Shooters August 2023 All Classifier Match,2023-08-20,4,Calm Before the Storm,8d9e844a-434a-4c1f-a756-dc02ff600288,Gary Wu,10,82.50,1,100.00,Open,B,L2998,MAJOR,Senior,80.0000,65.9961,7.6426,9.29,7,,9,,,,,,,
48770d02-25e9-4b1d-af53-cfe80f9ba77e,Wallis Orchard Practical Shooters August 2023 All Classifier Match,2023-08-20,4,Calm Before the Storm,8d9e844a-434a-4c1f-a756-dc02ff600288,Michael Pontious,11,77.92,3,77.92,Carry Optics,B,Fy94575,MINOR,Senior,62.3356,62.3356,7.2187,9.42,10,,6,,,,,,,
48770d02-25e9-4b1d-af53-cfe80f9ba77e,Wallis Orchard Practical Shooters August 2023 All Classifier Match,2023-08-20,4,Calm Before the Storm,8d9e844a-434a-4c1f-a756-dc02ff600288,Qingbang Cai,12,73.09,4,73.09,Carry Optics,A,A148273,MINOR,,58.4739,58.4739,6.7715,8.27,6,,8,2,,,,,,
48770d02-25e9-4b1d-af53-cfe80f9ba77e,Wallis Orchard Practical Shooters August 2023 All Classifier Match,2023-08-20,4,Calm Before the Storm,8d9e844a-434a-4c1f-a756-dc02ff600288,jordan fleming,13,71.33,5,71.33,Carry Optics,U,A151651,MINOR,Junior,57.0655,57.0655,6.6084,10.29,10,,6,,,,,,,
48770d02-25e9-4b1d-af53-cfe80f9ba77e,Wallis Orchard Practical Shooters August 2023 All Classifier Match,2023-08-20,4,Calm Before the Storm,8d9e844a-434a-4c1f-a756-dc02ff600288,Gil Yolo,14,71.18,6,73.32,Limited Optics,U,L5228,MINOR,,58.6541,56.9472,6.5947,8.34,10,,5,,1,,,,,
48770d02-25e9-4b1d-af53-cfe80f9ba77e,Wallis Orchard Practical Shooters August 2023 All Classifier Match,2023-08-20,4,Calm Before the Storm,8d9e844a-434a-4c1f-a756-dc02ff600288,Khoa Nguyen,15,70.78,7,72.90,Limited Optics,A,A117224,MINOR,Law Enforcement,58.3223,56.6251,6.5574,8.54,5,,10,1,,,,,,
48770d02-25e9-4b1d-af53-cfe80f9ba77e,Wallis Orchard Practical Shooters August 2023 All Classifier Match,2023-08-20,4,Calm Before the Storm,8d9e844a-434a-4c1f-a756-dc02ff600288,Miguel Gonzalez,16,68.71,1,100.00,Limited,C,A142148,MINOR,,80.0000,54.9680,6.3655,9.74,7,,9,,,,,,,
48770d02-25e9-4b1d-af53-cfe80f9ba77e,Wallis Orchard Practical Shooters August 2023 All Classifier Match,2023-08-20,4,Calm Before the Storm,8d9e844a-434a-4c1f-a756-dc02ff600288,Kacie Tapanila,17,68.19,6,68.19,Carry Optics,U,A135389,MINOR,Lady,54.5552,54.5552,6.3177,11.08,11,,5,,,,,,,
48770d02-25e9-4b1d-af53-cfe80f9ba77e,Wallis Orchard Practical Shooters August 2023 All Classifier Match,2023-08-20,4,Calm Before the Storm,8d9e844a-434a-4c1f-a756-dc02ff600288,Joseph White,18,66.57,7,66.57,Carry Optics,B,A135489,MINOR,Law Enforcement,53.2573,53.2573,6.1674,11.35,11,,5,,,,,,,
48770d02-25e9-4b1d-af53-cfe80f9ba77e,Wallis Orchard Practical Shooters August 2023 All Classifier Match,2023-08-20,4,Calm Before the Storm,8d9e844a-434a-4c1f-a756-dc02ff600288,Art Nelson,19,66.07,8,66.07,Carry Optics,U,Ty116323,MINOR,,52.8532,52.8532,6.1206,11.11,10,,6,,,,,,,
48770d02-25e9-4b1d-af53-cfe80f9ba77e,Wallis Orchard Practical Shooters August 2023 All Classifier Match,2023-08-20,4,Calm Before the Storm,8d9e844a-434a-4c1f-a756-dc02ff600288,Joseph Mondragon,20,65.31,3,74.16,PCC,U,A104549,MINOR,,59.3293,52.2496,6.0507,12.23,13,,3,,,,,,,
48770d02-25e9-4b1d-af53-cfe80f9ba77e,Wallis Orchard Practical Shooters August 2023 All Classifier Match,2023-08-20,4,Calm Before the Storm,8d9e844a-434a-4c1f-a756-dc02ff600288,Tyler Kenny,21,64.69,8,66.63,Limited Optics,U,A148691,MINOR,,53.3016,51.7505,5.9929,8.51,8,,7,,1,,,,,
48770d02-25e9-4b1d-af53-cfe80f9ba77e,Wallis Orchard Practical Shooters August 2023 All Classifier Match,2023-08-20,4,Calm Before the Storm,8d9e844a-434a-4c1f-a756-dc02ff600288,Brandon Foss,22,63.86,9,63.86,Carry Optics,M,L5142,MINOR,,51.0907,51.0907,5.9165,8.62,8,,7,,1,,,,,
48770d02-25e9-4b1d-af53-cfe80f9ba77e,Wallis Orchard Practical Shooters August 2023 All Classifier Match,2023-08-20,4,Calm Before the Storm,8d9e844a-434a-4c1f-a756-dc02ff600288,Taylor Latham,23,63.74,2,92.77,Limited,B,TY39841,MAJOR,Senior,74.2151,50.9932,5.9052,12.87,12,,4,,,,,,,
48770d02-25e9-4b1d-af53-cfe80f9ba77e,Wallis Orchard Practical Shooters August 2023 All Classifier Match,2023-08-20,4,Calm Before the Storm,8d9e844a-434a-4c1f-a756-dc02ff600288,Kristen Day,24,63.38,3,92.24,Limited,C,TY121933,MINOR,Lady,73.7928,50.7030,5.8716,10.90,8,,8,,,,,,,
48770d02-25e9-4b1d-af53-cfe80f9ba77e,Wallis Orchard Practical Shooters August 2023 All Classifier Match,2023-08-20,4,Calm Before the Storm,8d9e844a-434a-4c1f-a756-dc02ff600288,Carlos Escandon,25,62.69,1,100.00,Single Stack,A,L2590,MAJOR,Super Senior,80.0000,50.1547,5.8081,11.88,7,,8,1,,,,,,
48770d02-25e9-4b1d-af53-cfe80f9ba77e,Wallis Orchard Practical Shooters August 2023 All Classifier Match,2023-08-20,4,Calm Before the Storm,8d9e844a-434a-4c1f-a756-dc02ff600288,Jim Havens,26,61.92,9,63.78,Limited Optics,M,TY114636,MINOR,Senior,51.0247,49.5398,5.7369,10.11,5,,11,,,,,,,
48770d02-25e9-4b1d-af53-cfe80f9ba77e,Wallis Orchard Practical Shooters August 2023 All Classifier Match,2023-08-20,4,Calm Before the Storm,8d9e844a-434a-4c1f-a756-dc02ff600288,Paul White,27,61.74,10,63.59,Limited Optics,U,A147201,MINOR,,50.8691,49.3887,5.7194,11.19,8,,8,,,,,,,
48770d02-25e9-4b1d-af53-cfe80f9ba77e,Wallis Orchard Practical Shooters August 2023 All Classifier Match,2023-08-20,4,Calm Before the Storm,8d9e844a-434a-4c1f-a756-dc02ff600288,Abrahan Figueroa,28,60.99,10,60.99,Carry Optics,U,TY54053,MINOR,Senior,48.7955,48.7955,5.6507,11.68,9,,7,,,,,,,
48770d02-25e9-4b1d-af53-cfe80f9ba77e,Wallis Orchard Practical Shooters August 2023 All Classifier Match,2023-08-20,4,Calm Before the Storm,8d9e844a-434a-4c1f-a756-dc02ff600288,Hugh Fullerton,29,59.77,11,61.56,Limited Optics,U,A140572,MINOR,,49.2512,47.8180,5.5375,12.28,10,,6,,,,,,,
48770d02-25e9-4b1d-af53-cfe80f9ba77e,Wallis Orchard Practical Shooters August 2023 All Classifier Match,2023-08-20,4,Calm Before the Storm,8d9e844a-434a-4c1f-a756-dc02ff600288,Ashley Krenek,30,59.17,12,60.94,Limited Optics,U,TY92392,MINOR,Lady,48.7523,47.3335,5.4814,14.23,15,,1,,,,,,,
48770d02-25e9-4b1d-af53-cfe80f9ba77e,Wallis Orchard Practical Shooters August 2023 All Classifier Match,2023-08-20,4,Calm Before the Storm,8d9e844a-434a-4c1f-a756-dc02ff600288,George Zhou,31,58.62,13,60.38,Limited Optics,U,A146179,MINOR,Senior,48.3013,46.8957,5.4307,10.68,7,,7,2,,,,,,
48770d02-25e9-4b1d-af53-cfe80f9ba77e,Wallis Orchard Practical Shooters August 2023 All Classifier Match,2023-08-20,4,Calm Before the Storm,8d9e844a-434a-4c1f-a756-dc02ff600288,Jerry Bedro,32,58.03,14,59.77,Limited Optics,U,A98263,MINOR,,47.8175,46.4260,5.3763,11.16,6,,10,,,,,,,
48770d02-25e9-4b1d-af53-cfe80f9ba77e,Wallis Orchard Practical Shooters August 2023 All Classifier Match,2023-08-20,4,Calm Before the Storm,8d9e844a-434a-4c1f-a756-dc02ff600288,Amber Chike-Udenze,33,57.24,11,57.24,Carry Optics,C,A138974,MINOR,Lady,45.7930,45.7930,5.3030,10.56,5,,10,1,,,,,,
48770d02-25e9-4b1d-af53-cfe80f9ba77e,Wallis Orchard Practical Shooters August 2023 All Classifier Match,2023-08-20,4,Calm Before the Storm,8d9e844a-434a-4c1f-a756-dc02ff600288,Matthew Givens,34,56.59,15,58.29,Limited Optics,U,Ty137686,MINOR,,46.6310,45.2740,5.2429,12.97,10,,6,,,,,,,
48770d02-25e9-4b1d-af53-cfe80f9ba77e,Wallis Orchard Practical Shooters August 2023 All Classifier Match,2023-08-20,4,Calm Before the Storm,8d9e844a-434a-4c1f-a756-dc02ff600288,Robert Layton,35,56.50,16,58.19,Limited Optics,U,TY143915,MINOR,Law Enforcement,46.5536,45.1989,5.2342,14.52,14,,2,,,,,,,
48770d02-25e9-4b1d-af53-cfe80f9ba77e,Wallis Orchard Practical Shooters August 2023 All Classifier Match,2023-08-20,4,Calm Before the Storm,8d9e844a-434a-4c1f-a756-dc02ff600288,Justin Walworth,36,54.90,4,62.34,PCC,U,a39547,MINOR,,49.8711,43.9200,5.0861,12.19,8,,7,1,,,,,,
48770d02-25e9-4b1d-af53-cfe80f9ba77e,Wallis Orchard Practical Shooters August 2023 All Classifier Match,2023-08-20,4,Calm Before the Storm,8d9e844a-434a-4c1f-a756-dc02ff600288,Todd Ellison,37,53.15,12,53.15,Carry Optics,C,A137376,MINOR,,42.5202,42.5202,4.9240,13.81,10,,6,,,,,,,
48770d02-25e9-4b1d-af53-cfe80f9ba77e,Wallis Orchard Practical Shooters August 2023 All Classifier Match,2023-08-20,4,Calm Before the Storm,8d9e844a-434a-4c1f-a756-dc02ff600288,Andy Chen,38,52.90,2,64.12,Open,U,A86721,MINOR,,51.2998,42.3199,4.9008,8.57,10,,4,,2,,,,,
48770d02-25e9-4b1d-af53-cfe80f9ba77e,Wallis Orchard Practical Shooters August 2023 All Classifier Match,2023-08-20,4,Calm Before the Storm,8d9e844a-434a-4c1f-a756-dc02ff600288,Khai Nguyen,39,52.77,17,54.36,Limited Optics,U,A142353,MINOR,,43.4852,42.2197,4.8892,13.09,9,,6,1,,,,,,
48770d02-25e9-4b1d-af53-cfe80f9ba77e,Wallis Orchard Practical Shooters August 2023 All Classifier Match,2023-08-20,4,Calm Before the Storm,8d9e844a-434a-4c1f-a756-dc02ff600288,Steven McKinney,40,52.76,13,52.76,Carry Optics,U,A104027,MINOR,,42.2093,42.2093,4.8880,14.73,12,,4,,,,,,,
48770d02-25e9-4b1d-af53-cfe80f9ba77e,Wallis Orchard Practical Shooters August 2023 All Classifier Match,2023-08-20,4,Calm Before the Storm,8d9e844a-434a-4c1f-a756-dc02ff600288,Andrew Reynolds,41,52.29,1,100.00,Production,U,A106874,MINOR,,80.0000,41.8294,4.8440,12.18,12,,3,,1,,,,,
48770d02-25e9-4b1d-af53-cfe80f9ba77e,Wallis Orchard Practical Shooters August 2023 All Classifier Match,2023-08-20,4,Calm Before the Storm,8d9e844a-434a-4c1f-a756-dc02ff600288,Heath Helgeson,42,52.20,14,52.20,Carry Optics,C,A,MINOR,,41.7594,41.7594,4.8359,11.58,4,,12,,,,,,,
48770d02-25e9-4b1d-af53-cfe80f9ba77e,Wallis Orchard Practical Shooters August 2023 All Classifier Match,2023-08-20,4,Calm Before the Storm,8d9e844a-434a-4c1f-a756-dc02ff600288,Jeannie Marrone,43,51.89,3,62.91,Open,C,Ty133357,MAJOR,Lady; Super Senior,50.3253,41.5159,4.8077,12.48,10,,5,,1,,,,,
48770d02-25e9-4b1d-af53-cfe80f9ba77e,Wallis Orchard Practical Shooters August 2023 All Classifier Match,2023-08-20,4,Calm Before the Storm,8d9e844a-434a-4c1f-a756-dc02ff600288,Duane Bellamy,44,51.15,15,51.15,Carry Optics,C,A133284,MINOR,,40.9192,40.9192,4.7386,12.24,10,,6,,,,1,,,
48770d02-25e9-4b1d-af53-cfe80f9ba77e,Wallis Orchard Practical Shooters August 2023 All Classifier Match,2023-08-20,4,Calm Before the Storm,8d9e844a-434a-4c1f-a756-dc02ff600288,Andrew Whitley,45,50.62,4,61.36,Open,A,TY-106649,MAJOR,,49.0880,40.4952,4.6895,7.89,7,,4,3,2,,,,,
48770d02-25e9-4b1d-af53-cfe80f9ba77e,Wallis Orchard Practical Shooters August 2023 All Classifier Match,2023-08-20,4,Calm Before the Storm,8d9e844a-434a-4c1f-a756-dc02ff600288,Jun Wu,46,50.47,18,51.99,Limited Optics,U,ty104927,MINOR,,41.5889,40.3787,4.6760,12.19,11,,4,,1,,,,,
48770d02-25e9-4b1d-af53-cfe80f9ba77e,Wallis Orchard Practical Shooters August 2023 All Classifier Match,2023-08-20,4,Calm Before the Storm,8d9e844a-434a-4c1f-a756-dc02ff600288,Berrhett Foss,47,50.19,16,50.19,Carry Optics,U,A143624,MINOR,,40.1481,40.1481,4.6493,12.26,11,,4,,1,,,,,
48770d02-25e9-4b1d-af53-cfe80f9ba77e,Wallis Orchard Practical Shooters August 2023 All Classifier Match,2023-08-20,4,Calm Before the Storm,8d9e844a-434a-4c1f-a756-dc02ff600288,Brandon Hunt,48,49.58,17,49.58,Carry Optics,U,A150701,MINOR,,39.6611,39.6611,4.5929,14.37,9,,7,,,,,,,
48770d02-25e9-4b1d-af53-cfe80f9ba77e,Wallis Orchard Practical Shooters August 2023 All Classifier Match,2023-08-20,4,Calm Before the Storm,8d9e844a-434a-4c1f-a756-dc02ff600288,Pat Byrne,49,47.13,19,48.54,Limited Optics,B,Fy93921,MINOR,Super Senior,38.8353,37.7052,4.3664,11.68,8,,7,,1,,,,,
48770d02-25e9-4b1d-af53-cfe80f9ba77e,Wallis Orchard Practical Shooters August 2023 All Classifier Match,2023-08-20,4,Calm Before the Storm,8d9e844a-434a-4c1f-a756-dc02ff600288,Matthew Michna,50,46.77,18,46.77,Carry Optics,A,A128405,MINOR,,37.4133,37.4133,4.3326,8.54,11,,4,,1,,,2,,
48770d02-25e9-4b1d-af53-cfe80f9ba77e,Wallis Orchard Practical Shooters August 2023 All Classifier Match,2023-08-20,4,Calm Before the Storm,8d9e844a-434a-4c1f-a756-dc02ff600288,Robin Chen,51,45.55,19,45.55,Carry Optics,D,A152878,MINOR,Lady; Law Enforcement,36.4401,36.4401,4.2199,15.64,14,,2,,,,,1,,
48770d02-25e9-4b1d-af53-cfe80f9ba77e,Wallis Orchard Practical Shooters August 2023 All Classifier Match,2023-08-20,4,Calm Before the Storm,8d9e844a-434a-4c1f-a756-dc02ff600288,TRAIN YU,52,45.12,20,45.12,Carry Optics,U,A142824,MINOR,Foreign,36.0981,36.0981,4.1803,15.31,8,,8,,,,,,,
48770d02-25e9-4b1d-af53-cfe80f9ba77e,Wallis Orchard Practical Shooters August 2023 All Classifier Match,2023-08-20,4,Calm Before the Storm,8d9e844a-434a-4c1f-a756-dc02ff600288,Loren Brusatori,53,44.06,5,53.41,Open,U,A149999,MINOR,,42.7247,35.2458,4.0816,15.19,9,,5,2,,,,,,
48770d02-25e9-4b1d-af53-cfe80f9ba77e,Wallis Orchard Practical Shooters August 2023 All Classifier Match,2023-08-20,4,Calm Before the Storm,8d9e844a-434a-4c1f-a756-dc02ff600288,Joshua Day,54,43.13,4,62.77,Limited,U,TY152321,MINOR,,50.2157,34.5032,3.9956,9.01,7,,7,,2,,,,,
48770d02-25e9-4b1d-af53-cfe80f9ba77e,Wallis Orchard Practical Shooters August 2023 All Classifier Match,2023-08-20,4,Calm Before the Storm,8d9e844a-434a-4c1f-a756-dc02ff600288,John Ren,55,42.81,5,62.31,Limited,U,A152674,MINOR,,49.8475,34.2502,3.9663,16.64,10,,5,1,,,,,,
48770d02-25e9-4b1d-af53-cfe80f9ba77e,Wallis Orchard Practical Shooters August 2023 All Classifier Match,2023-08-20,4,Calm Before the Storm,8d9e844a-434a-4c1f-a756-dc02ff600288,Ray Pennington,56,42.17,20,43.43,Limited Optics,C,A107654,MINOR,Senior,34.7431,33.7321,3.9063,11.52,6,,8,1,1,,,,,
48770d02-25e9-4b1d-af53-cfe80f9ba77e,Wallis Orchard Practical Shooters August 2023 All Classifier Match,2023-08-20,4,Calm Before the Storm,8d9e844a-434a-4c1f-a756-dc02ff600288,Alan Orr,57,41.31,21,42.55,Limited Optics,U,A149462,MINOR,Senior,34.0414,33.0507,3.8274,14.37,10,,5,,1,,,,,
48770d02-25e9-4b1d-af53-cfe80f9ba77e,Wallis Orchard Practical Shooters August 2023 All Classifier Match,2023-08-20,4,Calm Before the Storm,8d9e844a-434a-4c1f-a756-dc02ff600288,Dan Schreiber,58,39.61,22,40.79,Limited Optics,U,A147899,MAJOR,Senior,32.6352,31.6855,3.6693,20.44,11,,5,,,,,,,
48770d02-25e9-4b1d-af53-cfe80f9ba77e,Wallis Orchard Practical Shooters August 2023 All Classifier Match,2023-08-20,4,Calm Before the Storm,8d9e844a-434a-4c1f-a756-dc02ff600288,Gennady Khokhorin,59,38.46,2,73.55,Production,C,A123884,MINOR,Super Senior,58.8406,30.7658,3.5628,12.35,11,,3,,2,,,,,
48770d02-25e9-4b1d-af53-cfe80f9ba77e,Wallis Orchard Practical Shooters August 2023 All Classifier Match,2023-08-20,4,Calm Before the Storm,8d9e844a-434a-4c1f-a756-dc02ff600288,Christian Canizales,60,38.22,21,38.22,Carry Optics,U,TY150265,MINOR,,30.5741,30.5741,3.5406,11.58,9,,5,1,1,,1,,,
48770d02-25e9-4b1d-af53-cfe80f9ba77e,Wallis Orchard Practical Shooters August 2023 All Classifier Match,2023-08-20,4,Calm Before the Storm,8d9e844a-434a-4c1f-a756-dc02ff600288,Karen Brusatori,61,38.18,6,46.28,Open,U,A149998,MINOR,Lady,37.0251,30.5439,3.5371,19.79,11,,5,,,,,,,
48770d02-25e9-4b1d-af53-cfe80f9ba77e,Wallis Orchard Practical Shooters August 2023 All Classifier Match,2023-08-20,4,Calm Before the Storm,8d9e844a-434a-4c1f-a756-dc02ff600288,Karys Bellamy,62,35.40,22,35.40,Carry Optics,C,TY130774,MINOR,Lady; Junior,28.3238,28.3238,3.2800,12.50,8,,7,,1,,1,,,
48770d02-25e9-4b1d-af53-cfe80f9ba77e,Wallis Orchard Practical Shooters August 2023 All Classifier Match,2023-08-20,4,Calm Before the Storm,8d9e844a-434a-4c1f-a756-dc02ff600288,Jonathan Zook,63,32.69,23,32.69,Carry Optics,U,A151939,MINOR,,26.1494,26.1494,3.0282,14.20,10,,4,1,1,,1,,,
48770d02-25e9-4b1d-af53-cfe80f9ba77e,Wallis Orchard Practical Shooters August 2023 All Classifier Match,2023-08-20,4,Calm Before the Storm,8d9e844a-434a-4c1f-a756-dc02ff600288,Taylor Stansberry,64,29.59,7,35.87,Open,U,TY143801,MAJOR,,28.6970,23.6737,2.7415,23.71,11,,5,,,,,1,,
48770d02-25e9-4b1d-af53-cfe80f9ba77e,Wallis Orchard Practical Shooters August 2023 All Classifier Match,2023-08-20,4,Calm Before the Storm,8d9e844a-434a-4c1f-a756-dc02ff600288,Adrian De La Fuente,65,26.21,24,26.21,Carry Optics,U,A149404,MINOR,,20.9674,20.9674,2.4281,11.12,9,,4,,3,,,,,
48770d02-25e9-4b1d-af53-cfe80f9ba77e,Wallis Orchard Practical Shooters August 2023 All Classifier Match,2023-08-20,4,Calm Before the Storm,8d9e844a-434a-4c1f-a756-dc02ff600288,Wei Zhang,66,26.07,5,29.60,PCC,U,FY140383,MINOR,,23.6829,20.8568,2.4153,29.81,12,,4,,,,,,,
48770d02-25e9-4b1d-af53-cfe80f9ba77e,Wallis Orchard Practical Shooters August 2023 All Classifier Match,2023-08-20,4,Calm Before the Storm,8d9e844a-434a-4c1f-a756-dc02ff600288,Doug Joder,67,25.98,6,29.50,PCC,B,TY115020,MINOR,,23.6025,20.7860,2.4071,23.68,11,,4,,1,,,,,
48770d02-25e9-4b1d-af53-cfe80f9ba77e,Wallis Orchard Practical Shooters August 2023 All Classifier Match,2023-08-20,4,Calm Before the Storm,8d9e844a-434a-4c1f-a756-dc02ff600288,Jeff Maxwell,68,23.02,25,23.02,Carry Optics,C,L4489,MINOR,Senior,18.4122,18.4122,2.1322,14.07,9,,5,,2,,1,,,
48770d02-25e9-4b1d-af53-cfe80f9ba77e,Wallis Orchard Practical Shooters August 2023 All Classifier Match,2023-08-20,4,Calm Before the Storm,8d9e844a-434a-4c1f-a756-dc02ff600288,Chris Nagala,69,19.53,23,20.11,Limited Optics,U,Ty97712,MINOR,,16.0913,15.6230,1.8092,12.16,10,,4,,2,,,2,,
48770d02-25e9-4b1d-af53-cfe80f9ba77e,Wallis Orchard Practical Shooters August 2023 All Classifier Match,2023-08-20,4,Calm Before the Storm,8d9e844a-434a-4c1f-a756-dc02ff600288,Jon Lee,70,11.52,24,11.86,Limited Optics,U,L5532,MINOR,,9.4891,9.2130,1.0669,14.06,4,,8,1,3,,,,,
48770d02-25e9-4b1d-af53-cfe80f9ba77e,Wallis Orchard Practical Shooters August 2023 All Classifier Match,2023-08-20,4,Calm Before the Storm,8d9e844a-434a-4c1f-a756-dc02ff600288,Jeremiah Hunt,71,11.17,25,11.50,Limited Optics,U,A148592,MINOR,,9.2010,8.9332,1.0345,11.60,8,,4,,4,,,,,
48770d02-25e9-4b1d-af53-cfe80f9ba77e,Wallis Orchard Practical Shooters August 2023 All Classifier Match,2023-08-20,4,Calm Before the Storm,8d9e844a-434a-4c1f-a756-dc02ff600288,Benjamin Michael,72,8.20,26,8.20,Carry Optics,C,L5472,MINOR,,6.5620,6.5620,0.7599,13.16,7,,5,,4,,,,,
48770d02-25e9-4b1d-af53-cfe80f9ba77e,Wallis Orchard Practical Shooters August 2023 All Classifier Match,2023-08-20,4,Calm Before the Storm,8d9e844a-434a-4c1f-a756-dc02ff600288,Ivan Battle,73,7.57,27,7.57,Carry Optics,U,A151905,MINOR,,6.0559,6.0559,0.7013,17.11,8,,4,,4,,,,,
48770d02-25e9-4b1d-af53-cfe80f9ba77e,Wallis Orchard Practical Shooters August 2023 All Classifier Match,2023-08-20,4,Calm Before the Storm,8d9e844a-434a-4c1f-a756-dc02ff600288,Kicker Cardenas,74,0.00,6,0.00,Limited,U,,MINOR,Lady,0.0000,0.0000,,,,,,,,,,,,
48770d02-25e9-4b1d-af53-cfe80f9ba77e,Wallis Orchard Practical Shooters August 2023 All Classifier Match,2023-08-20,4,Calm Before the Storm,8d9e844a-434a-4c1f-a756-dc02ff600288,Bob Klee,75,0.00,7,0.00,Limited,U,A135792,MINOR,Senior,0.0000,0.0000,,,,,,,,,,,,
48770d02-25e9-4b1d-af53-cfe80f9ba77e,Wallis Orchard Practical Shooters August 2023 All Classifier Match,2023-08-20,4,Calm Before the Storm,8d9e844a-434a-4c1f-a756-dc02ff600288,Edward Yu,76,0.00,28,0.00,Carry Optics,U,A148356,MINOR,Law Enforcement,0.0000,0.0000,0.0000,15.71,6,,5,,5,,1,,,
48770d02-25e9-4b1d-af53-cfe80f9ba77e,Wallis Orchard Practical Shooters August 2023 All Classifier Match,2023-08-20,5,Win Some Lose Some,e66bfba7-d8da-4156-86df-ec441d5515a0,Hunter Andras,1,100.00,1,100.00,PCC,U,TY140415,MINOR,,92.0000,92.0000,92.0000,,14,,7,1,,2,,,,
48770d02-25e9-4b1d-af53-cfe80f9ba77e,Wallis Orchard Practical Shooters August 2023 All Classifier Match,2023-08-20,5,Win Some Lose Some,e66bfba7-d8da-4156-86df-ec441d5515a0,Khoa Nguyen,2,94.57,1,100.00,Limited Optics,A,A117224,MINOR,Law Enforcement,87.0000,87.0000,87.0000,,14,,5,2,,3,,,,
48770d02-25e9-4b1d-af53-cfe80f9ba77e,Wallis Orchard Practical Shooters August 2023 All Classifier Match,2023-08-20,5,Win Some Lose Some,e66bfba7-d8da-4156-86df-ec441d5515a0,Brandon Foss,3,90.22,1,100.00,Carry Optics,M,L5142,MINOR,,83.0000,83.0000,83.0000,,12,,7,2,,3,,,,
48770d02-25e9-4b1d-af53-cfe80f9ba77e,Wallis Orchard Practical Shooters August 2023 All Classifier Match,2023-08-20,5,Win Some Lose Some,e66bfba7-d8da-4156-86df-ec441d5515a0,Anthony Fong,4,88.04,2,93.10,Limited Optics,B,A142224,MINOR,,81.0000,81.0000,81.0000,,14,,3,2,,5,,,,
48770d02-25e9-4b1d-af53-cfe80f9ba77e,Wallis Orchard Practical Shooters August 2023 All Classifier Match,2023-08-20,5,Win Some Lose Some,e66bfba7-d8da-4156-86df-ec441d5515a0,Marco Yue,5,88.04,2,88.04,PCC,A,L5762,MINOR,,81.0000,81.0000,81.0000,,10,,9,4,,1,,,,
48770d02-25e9-4b1d-af53-cfe80f9ba77e,Wallis Orchard Practical Shooters August 2023 All Classifier Match,2023-08-20,5,Win Some Lose Some,e66bfba7-d8da-4156-86df-ec441d5515a0,Art Nelson,6,82.61,2,91.57,Carry Optics,U,Ty116323,MINOR,,76.0000,76.0000,76.0000,,14,,2,,,8,,,,
48770d02-25e9-4b1d-af53-cfe80f9ba77e,Wallis Orchard Practical Shooters August 2023 All Classifier Match,2023-08-20,5,Win Some Lose Some,e66bfba7-d8da-4156-86df-ec441d5515a0,Matthew Michna,7,80.43,3,89.16,Carry Optics,A,A128405,MINOR,,74.0000,74.0000,74.0000,,10,,8,,,6,,,,
48770d02-25e9-4b1d-af53-cfe80f9ba77e,Wallis Orchard Practical Shooters August 2023 All Classifier Match,2023-08-20,5,Win Some Lose Some,e66bfba7-d8da-4156-86df-ec441d5515a0,Michael Hanover,8,79.35,3,83.91,Limited Optics,B,A146302,MINOR,,73.0000,73.0000,73.0000,,10,,7,2,,5,,,,
48770d02-25e9-4b1d-af53-cfe80f9ba77e,Wallis Orchard Practical Shooters August 2023 All Classifier Match,2023-08-20,5,Win Some Lose Some,e66bfba7-d8da-4156-86df-ec441d5515a0,Jim Havens,9,79.35,4,83.91,Limited Optics,M,TY114636,MINOR,Senior,73.0000,73.0000,73.0000,,10,,7,2,,5,,,,
48770d02-25e9-4b1d-af53-cfe80f9ba77e,Wallis Orchard Practical Shooters August 2023 All Classifier Match,2023-08-20,5,Win Some Lose Some,e66bfba7-d8da-4156-86df-ec441d5515a0,Michael Whitley,10,79.35,4,87.95,Carry Optics,A,A111091,MINOR,,73.0000,73.0000,73.0000,,11,,6,,,7,,,,
48770d02-25e9-4b1d-af53-cfe80f9ba77e,Wallis Orchard Practical Shooters August 2023 All Classifier Match,2023-08-20,5,Win Some Lose Some,e66bfba7-d8da-4156-86df-ec441d5515a0,Karen Brusatori,11,78.26,1,100.00,Open,U,A149998,MINOR,Lady,72.0000,72.0000,72.0000,,12,,4,,,8,,,,
48770d02-25e9-4b1d-af53-cfe80f9ba77e,Wallis Orchard Practical Shooters August 2023 All Classifier Match,2023-08-20,5,Win Some Lose Some,e66bfba7-d8da-4156-86df-ec441d5515a0,Andy Chen,12,78.26,2,100.00,Open,U,A86721,MINOR,,72.0000,72.0000,72.0000,,11,,5,2,,6,,,,
48770d02-25e9-4b1d-af53-cfe80f9ba77e,Wallis Orchard Practical Shooters August 2023 All Classifier Match,2023-08-20,5,Win Some Lose Some,e66bfba7-d8da-4156-86df-ec441d5515a0,Gary Wu,13,78.26,3,100.00,Open,B,L2998,MAJOR,Senior,72.0000,72.0000,72.0000,,6,,9,3,,6,,,,
48770d02-25e9-4b1d-af53-cfe80f9ba77e,Wallis Orchard Practical Shooters August 2023 All Classifier Match,2023-08-20,5,Win Some Lose Some,e66bfba7-d8da-4156-86df-ec441d5515a0,Taylor Latham,14,77.17,1,100.00,Limited,B,TY39841,MAJOR,Senior,71.0000,71.0000,71.0000,,5,,10,3,,6,,,,
48770d02-25e9-4b1d-af53-cfe80f9ba77e,Wallis Orchard Practical Shooters August 2023 All Classifier Match,2023-08-20,5,Win Some Lose Some,e66bfba7-d8da-4156-86df-ec441d5515a0,Taylor Stansberry,15,77.17,4,98.61,Open,U,TY143801,MAJOR,,71.0000,71.0000,71.0000,,9,,6,1,,8,,,,
48770d02-25e9-4b1d-af53-cfe80f9ba77e,Wallis Orchard Practical Shooters August 2023 All Classifier Match,2023-08-20,5,Win Some Lose Some,e66bfba7-d8da-4156-86df-ec441d5515a0,Gil Yolo,16,76.09,5,80.46,Limited Optics,U,L5228,MINOR,,70.0000,70.0000,70.0000,,5,,14,3,,2,,,,
48770d02-25e9-4b1d-af53-cfe80f9ba77e,Wallis Orchard Practical Shooters August 2023 All Classifier Match,2023-08-20,5,Win Some Lose Some,e66bfba7-d8da-4156-86df-ec441d5515a0,Joseph Mondragon,17,75.00,3,75.00,PCC,U,A104549,MINOR,,69.0000,69.0000,69.0000,,12,,3,,,9,,,,
48770d02-25e9-4b1d-af53-cfe80f9ba77e,Wallis Orchard Practical Shooters August 2023 All Classifier Match,2023-08-20,5,Win Some Lose Some,e66bfba7-d8da-4156-86df-ec441d5515a0,Jeannie Marrone,18,73.91,5,94.44,Open,C,Ty133357,MAJOR,Lady; Super Senior,68.0000,68.0000,68.0000,,8,,6,2,,8,,,,
48770d02-25e9-4b1d-af53-cfe80f9ba77e,Wallis Orchard Practical Shooters August 2023 All Classifier Match,2023-08-20,5,Win Some Lose Some,e66bfba7-d8da-4156-86df-ec441d5515a0,Chris Nagala,19,73.91,6,78.16,Limited Optics,U,Ty97712,MINOR,,68.0000,68.0000,68.0000,,10,,6,,,8,,,,
48770d02-25e9-4b1d-af53-cfe80f9ba77e,Wallis Orchard Practical Shooters August 2023 All Classifier Match,2023-08-20,5,Win Some Lose Some,e66bfba7-d8da-4156-86df-ec441d5515a0,Khai Nguyen,20,73.91,7,78.16,Limited Optics,U,A142353,MINOR,,68.0000,68.0000,68.0000,,11,,4,1,,8,,,,
48770d02-25e9-4b1d-af53-cfe80f9ba77e,Wallis Orchard Practical Shooters August 2023 All Classifier Match,2023-08-20,5,Win Some Lose Some,e66bfba7-d8da-4156-86df-ec441d5515a0,Doug Joder,21,71.74,4,71.74,PCC,B,TY115020,MINOR,,66.0000,66.0000,66.0000,,11,,3,2,,8,,,,
48770d02-25e9-4b1d-af53-cfe80f9ba77e,Wallis Orchard Practical Shooters August 2023 All Classifier Match,2023-08-20,5,Win Some Lose Some,e66bfba7-d8da-4156-86df-ec441d5515a0,Jonathan Warrender,22,71.74,8,75.86,Limited Optics,,Ty86145,MINOR,,66.0000,66.0000,66.0000,,9,,7,,,8,,,,
48770d02-25e9-4b1d-af53-cfe80f9ba77e,Wallis Orchard Practical Shooters August 2023 All Classifier Match,2023-08-20,5,Win Some Lose Some,e66bfba7-d8da-4156-86df-ec441d5515a0,Berrhett Foss,23,69.57,5,77.11,Carry Optics,U,A143624,MINOR,,64.0000,64.0000,64.0000,,6,,11,1,,6,,,,
48770d02-25e9-4b1d-af53-cfe80f9ba77e,Wallis Orchard Practical Shooters August 2023 All Classifier Match,2023-08-20,5,Win Some Lose Some,e66bfba7-d8da-4156-86df-ec441d5515a0,Justin Walworth,24,69.57,5,69.57,PCC,U,a39547,MINOR,,64.0000,64.0000,64.0000,,6,,11,1,,6,,,,
48770d02-25e9-4b1d-af53-cfe80f9ba77e,Wallis Orchard Practical Shooters August 2023 All Classifier Match,2023-08-20,5,Win Some Lose Some,e66bfba7-d8da-4156-86df-ec441d5515a0,Andrew Whitley,25,69.57,6,88.89,Open,A,TY-106649,MAJOR,,64.0000,64.0000,64.0000,,6,,7,3,,8,,,,
48770d02-25e9-4b1d-af53-cfe80f9ba77e,Wallis Orchard Practical Shooters August 2023 All Classifier Match,2023-08-20,5,Win Some Lose Some,e66bfba7-d8da-4156-86df-ec441d5515a0,Ashley Krenek,26,68.48,9,72.41,Limited Optics,U,TY92392,MINOR,Lady,63.0000,63.0000,63.0000,,9,,6,,,9,,,,
48770d02-25e9-4b1d-af53-cfe80f9ba77e,Wallis Orchard Practical Shooters August 2023 All Classifier Match,2023-08-20,5,Win Some Lose Some,e66bfba7-d8da-4156-86df-ec441d5515a0,Robin Chen,27,67.39,6,74.70,Carry Optics,D,A152878,MINOR,Lady; Law Enforcement,62.0000,62.0000,62.0000,,10,,3,3,,8,,,,
48770d02-25e9-4b1d-af53-cfe80f9ba77e,Wallis Orchard Practical Shooters August 2023 All Classifier Match,2023-08-20,5,Win Some Lose Some,e66bfba7-d8da-4156-86df-ec441d5515a0,Robert Layton,28,67.39,10,71.26,Limited Optics,U,TY143915,MINOR,Law Enforcement,62.0000,62.0000,62.0000,,9,,5,2,,8,,,,
48770d02-25e9-4b1d-af53-cfe80f9ba77e,Wallis Orchard Practical Shooters August 2023 All Classifier Match,2023-08-20,5,Win Some Lose Some,e66bfba7-d8da-4156-86df-ec441d5515a0,Kacie Tapanila,29,67.39,7,74.70,Carry Optics,U,A135389,MINOR,Lady,62.0000,62.0000,62.0000,,9,,5,2,,8,,,,
48770d02-25e9-4b1d-af53-cfe80f9ba77e,Wallis Orchard Practical Shooters August 2023 All Classifier Match,2023-08-20,5,Win Some Lose Some,e66bfba7-d8da-4156-86df-ec441d5515a0,Craig Bellamy,30,66.30,8,73.49,Carry Optics,M,TY54824,MINOR,Law Enforcement,61.0000,61.0000,61.0000,,9,,6,8,,1,,1,,
48770d02-25e9-4b1d-af53-cfe80f9ba77e,Wallis Orchard Practical Shooters August 2023 All Classifier Match,2023-08-20,5,Win Some Lose Some,e66bfba7-d8da-4156-86df-ec441d5515a0,Christian Canizales,31,66.30,9,73.49,Carry Optics,U,TY150265,MINOR,,61.0000,61.0000,61.0000,,8,,7,,,9,,,,
48770d02-25e9-4b1d-af53-cfe80f9ba77e,Wallis Orchard Practical Shooters August 2023 All Classifier Match,2023-08-20,5,Win Some Lose Some,e66bfba7-d8da-4156-86df-ec441d5515a0,Pat Byrne,32,65.22,11,68.97,Limited Optics,B,Fy93921,MINOR,Super Senior,60.0000,60.0000,60.0000,,7,,8,1,,8,,,,
48770d02-25e9-4b1d-af53-cfe80f9ba77e,Wallis Orchard Practical Shooters August 2023 All Classifier Match,2023-08-20,5,Win Some Lose Some,e66bfba7-d8da-4156-86df-ec441d5515a0,Amber Chike-Udenze,33,65.22,10,72.29,Carry Optics,C,A138974,MINOR,Lady,60.0000,60.0000,60.0000,,8,,6,2,,8,,,,
48770d02-25e9-4b1d-af53-cfe80f9ba77e,Wallis Orchard Practical Shooters August 2023 All Classifier Match,2023-08-20,5,Win Some Lose Some,e66bfba7-d8da-4156-86df-ec441d5515a0,Carlos Escandon,34,65.22,1,100.00,Single Stack,A,L2590,MAJOR,Super Senior,60.0000,60.0000,60.0000,,6,,6,3,,9,,,,
48770d02-25e9-4b1d-af53-cfe80f9ba77e,Wallis Orchard Practical Shooters August 2023 All Classifier Match,2023-08-20,5,Win Some Lose Some,e66bfba7-d8da-4156-86df-ec441d5515a0,Gennady Khokhorin,35,65.22,1,100.00,Production,C,A123884,MINOR,Super Senior,60.0000,60.0000,60.0000,,7,,8,1,,8,,,,
48770d02-25e9-4b1d-af53-cfe80f9ba77e,Wallis Orchard Practical Shooters August 2023 All Classifier Match,2023-08-20,5,Win Some Lose Some,e66bfba7-d8da-4156-86df-ec441d5515a0,Jeff Maxwell,36,64.13,11,71.08,Carry Optics,C,L4489,MINOR,Senior,59.0000,59.0000,59.0000,,7,,8,,,9,,,,
48770d02-25e9-4b1d-af53-cfe80f9ba77e,Wallis Orchard Practical Shooters August 2023 All Classifier Match,2023-08-20,5,Win Some Lose Some,e66bfba7-d8da-4156-86df-ec441d5515a0,Andrew Reynolds,37,64.13,2,98.33,Production,U,A106874,MINOR,,59.0000,59.0000,59.0000,,10,,3,,,11,,,,
48770d02-25e9-4b1d-af53-cfe80f9ba77e,Wallis Orchard Practical Shooters August 2023 All Classifier Match,2023-08-20,5,Win Some Lose Some,e66bfba7-d8da-4156-86df-ec441d5515a0,TRAIN YU,38,64.13,12,71.08,Carry Optics,U,A142824,MINOR,Foreign,59.0000,59.0000,59.0000,,8,,6,1,,9,,,,
48770d02-25e9-4b1d-af53-cfe80f9ba77e,Wallis Orchard Practical Shooters August 2023 All Classifier Match,2023-08-20,5,Win Some Lose Some,e66bfba7-d8da-4156-86df-ec441d5515a0,Todd Ellison,39,63.04,13,69.88,Carry Optics,C,A137376,MINOR,,58.0000,58.0000,58.0000,,7,,7,2,,8,,,,
48770d02-25e9-4b1d-af53-cfe80f9ba77e,Wallis Orchard Practical Shooters August 2023 All Classifier Match,2023-08-20,5,Win Some Lose Some,e66bfba7-d8da-4156-86df-ec441d5515a0,Dan Schreiber,40,63.04,12,66.67,Limited Optics,U,A147899,MAJOR,Senior,58.0000,58.0000,58.0000,,8,,4,1,,11,,,,
48770d02-25e9-4b1d-af53-cfe80f9ba77e,Wallis Orchard Practical Shooters August 2023 All Classifier Match,2023-08-20,5,Win Some Lose Some,e66bfba7-d8da-4156-86df-ec441d5515a0,Michael Pontious,41,61.96,14,68.67,Carry Optics,B,Fy94575,MINOR,Senior,57.0000,57.0000,57.0000,,9,,3,3,,9,,,,
48770d02-25e9-4b1d-af53-cfe80f9ba77e,Wallis Orchard Practical Shooters August 2023 All Classifier Match,2023-08-20,5,Win Some Lose Some,e66bfba7-d8da-4156-86df-ec441d5515a0,Heath Helgeson,42,60.87,15,67.47,Carry Optics,C,A,MINOR,,56.0000,56.0000,56.0000,,6,,8,2,,8,,,,
48770d02-25e9-4b1d-af53-cfe80f9ba77e,Wallis Orchard Practical Shooters August 2023 All Classifier Match,2023-08-20,5,Win Some Lose Some,e66bfba7-d8da-4156-86df-ec441d5515a0,Jon Lee,43,60.87,13,64.37,Limited Optics,U,L5532,MINOR,,56.0000,56.0000,56.0000,,8,,4,4,,8,,,,
48770d02-25e9-4b1d-af53-cfe80f9ba77e,Wallis Orchard Practical Shooters August 2023 All Classifier Match,2023-08-20,5,Win Some Lose Some,e66bfba7-d8da-4156-86df-ec441d5515a0,Joseph White,44,60.87,16,67.47,Carry Optics,B,A135489,MINOR,Law Enforcement,56.0000,56.0000,56.0000,,6,,8,2,,8,,,,
48770d02-25e9-4b1d-af53-cfe80f9ba77e,Wallis Orchard Practical Shooters August 2023 All Classifier Match,2023-08-20,5,Win Some Lose Some,e66bfba7-d8da-4156-86df-ec441d5515a0,Wei Zhang,45,60.87,6,60.87,PCC,U,FY140383,MINOR,,56.0000,56.0000,56.0000,,4,,10,6,,4,,,,
48770d02-25e9-4b1d-af53-cfe80f9ba77e,Wallis Orchard Practical Shooters August 2023 All Classifier Match,2023-08-20,5,Win Some Lose Some,e66bfba7-d8da-4156-86df-ec441d5515a0,Karys Bellamy,46,59.78,17,66.27,Carry Optics,C,TY130774,MINOR,Lady; Junior,55.0000,55.0000,55.0000,,9,,3,1,,11,,,,
48770d02-25e9-4b1d-af53-cfe80f9ba77e,Wallis Orchard Practical Shooters August 2023 All Classifier Match,2023-08-20,5,Win Some Lose Some,e66bfba7-d8da-4156-86df-ec441d5515a0,Kristen Day,47,59.78,2,77.46,Limited,C,TY121933,MINOR,Lady,55.0000,55.0000,55.0000,,7,,6,2,,9,,,,
48770d02-25e9-4b1d-af53-cfe80f9ba77e,Wallis Orchard Practical Shooters August 2023 All Classifier Match,2023-08-20,5,Win Some Lose Some,e66bfba7-d8da-4156-86df-ec441d5515a0,Tyler Kenny,48,58.70,14,62.07,Limited Optics,U,A148691,MINOR,,54.0000,54.0000,54.0000,,8,,4,2,,10,,,,
48770d02-25e9-4b1d-af53-cfe80f9ba77e,Wallis Orchard Practical Shooters August 2023 All Classifier Match,2023-08-20,5,Win Some Lose Some,e66bfba7-d8da-4156-86df-ec441d5515a0,Loren Brusatori,49,57.61,7,73.61,Open,U,A149999,MINOR,,53.0000,53.0000,53.0000,,7,,5,3,,9,,,,
48770d02-25e9-4b1d-af53-cfe80f9ba77e,Wallis Orchard Practical Shooters August 2023 All Classifier Match,2023-08-20,5,Win Some Lose Some,e66bfba7-d8da-4156-86df-ec441d5515a0,Ray Pennington,50,57.61,15,60.92,Limited Optics,C,A107654,MINOR,Senior,53.0000,53.0000,53.0000,,6,,7,2,,9,,,,
48770d02-25e9-4b1d-af53-cfe80f9ba77e,Wallis Orchard Practical Shooters August 2023 All Classifier Match,2023-08-20,5,Win Some Lose Some,e66bfba7-d8da-4156-86df-ec441d5515a0,George Zhou,51,56.52,16,59.77,Limited Optics,U,A146179,MINOR,Senior,52.0000,52.0000,52.0000,,7,,5,2,,10,,,,
48770d02-25e9-4b1d-af53-cfe80f9ba77e,Wallis Orchard Practical Shooters August 2023 All Classifier Match,2023-08-20,5,Win Some Lose Some,e66bfba7-d8da-4156-86df-ec441d5515a0,Qingbang Cai,52,54.35,18,60.24,Carry Optics,A,A148273,MINOR,,50.0000,50.0000,50.0000,,6,,5,5,,8,,,,
48770d02-25e9-4b1d-af53-cfe80f9ba77e,Wallis Orchard Practical Shooters August 2023 All Classifier Match,2023-08-20,5,Win Some Lose Some,e66bfba7-d8da-4156-86df-ec441d5515a0,Adrian De La Fuente,53,54.35,19,60.24,Carry Optics,U,A149404,MINOR,,50.0000,50.0000,50.0000,,6,,6,2,,10,,,,
48770d02-25e9-4b1d-af53-cfe80f9ba77e,Wallis Orchard Practical Shooters August 2023 All Classifier Match,2023-08-20,5,Win Some Lose Some,e66bfba7-d8da-4156-86df-ec441d5515a0,Jun Wu,54,51.09,17,54.02,Limited Optics,U,ty104927,MINOR,,47.0000,47.0000,47.0000,,6,,4,5,,9,,,,
48770d02-25e9-4b1d-af53-cfe80f9ba77e,Wallis Orchard Practical Shooters August 2023 All Classifier Match,2023-08-20,5,Win Some Lose Some,e66bfba7-d8da-4156-86df-ec441d5515a0,Matthew Givens,55,50.00,18,52.87,Limited Optics,U,Ty137686,MINOR,,46.0000,46.0000,46.0000,,5,,6,3,,10,,,,
48770d02-25e9-4b1d-af53-cfe80f9ba77e,Wallis Orchard Practical Shooters August 2023 All Classifier Match,2023-08-20,5,Win Some Lose Some,e66bfba7-d8da-4156-86df-ec441d5515a0,John Ren,56,50.00,3,64.79,Limited,U,A152674,MINOR,,46.0000,46.0000,46.0000,,6,,5,1,,12,,,,
48770d02-25e9-4b1d-af53-cfe80f9ba77e,Wallis Orchard Practical Shooters August 2023 All Classifier Match,2023-08-20,5,Win Some Lose Some,e66bfba7-d8da-4156-86df-ec441d5515a0,Brandon Hunt,57,48.91,20,54.22,Carry Optics,U,A150701,MINOR,,45.0000,45.0000,45.0000,,3,,9,3,,9,,,,
48770d02-25e9-4b1d-af53-cfe80f9ba77e,Wallis Orchard Practical Shooters August 2023 All Classifier Match,2023-08-20,5,Win Some Lose Some,e66bfba7-d8da-4156-86df-ec441d5515a0,Paul White,58,48.91,19,51.72,Limited Optics,U,A147201,MINOR,,45.0000,45.0000,45.0000,,12,,7,4,,1,,4,,
48770d02-25e9-4b1d-af53-cfe80f9ba77e,Wallis Orchard Practical Shooters August 2023 All Classifier Match,2023-08-20,5,Win Some Lose Some,e66bfba7-d8da-4156-86df-ec441d5515a0,jordan fleming,59,48.91,21,54.22,Carry Optics,U,A151651,MINOR,Junior,45.0000,45.0000,45.0000,,7,,4,3,,10,,,,1
48770d02-25e9-4b1d-af53-cfe80f9ba77e,Wallis Orchard Practical Shooters August 2023 All Classifier Match,2023-08-20,5,Win Some Lose Some,e66bfba7-d8da-4156-86df-ec441d5515a0,Benjamin Michael,60,47.83,22,53.01,Carry Optics,C,L5472,MINOR,,44.0000,44.0000,44.0000,,3,,9,2,,10,,,,
48770d02-25e9-4b1d-af53-cfe80f9ba77e,Wallis Orchard Practical Shooters August 2023 All Classifier Match,2023-08-20,5,Win Some Lose Some,e66bfba7-d8da-4156-86df-ec441d5515a0,Duane Bellamy,61,46.74,23,51.81,Carry Optics,C,A133284,MINOR,,43.0000,43.0000,43.0000,,4,,6,5,,9,,,,
48770d02-25e9-4b1d-af53-cfe80f9ba77e,Wallis Orchard Practical Shooters August 2023 All Classifier Match,2023-08-20,5,Win Some Lose Some,e66bfba7-d8da-4156-86df-ec441d5515a0,Jeremiah Hunt,62,46.74,20,49.43,Limited Optics,U,A148592,MINOR,,43.0000,43.0000,43.0000,,6,,2,7,,9,,,,
48770d02-25e9-4b1d-af53-cfe80f9ba77e,Wallis Orchard Practical Shooters August 2023 All Classifier Match,2023-08-20,5,Win Some Lose Some,e66bfba7-d8da-4156-86df-ec441d5515a0,Miguel Gonzalez,63,45.65,4,59.15,Limited,C,A142148,MINOR,,42.0000,42.0000,42.0000,,4,,8,3,,9,,,,1
48770d02-25e9-4b1d-af53-cfe80f9ba77e,Wallis Orchard Practical Shooters August 2023 All Classifier Match,2023-08-20,5,Win Some Lose Some,e66bfba7-d8da-4156-86df-ec441d5515a0,Joshua Day,64,43.48,5,56.34,Limited,U,TY152321,MINOR,,40.0000,40.0000,40.0000,,4,,6,2,,12,,,,
48770d02-25e9-4b1d-af53-cfe80f9ba77e,Wallis Orchard Practical Shooters August 2023 All Classifier Match,2023-08-20,5,Win Some Lose Some,e66bfba7-d8da-4156-86df-ec441d5515a0,Alan Orr,65,42.39,21,44.83,Limited Optics,U,A149462,MINOR,Senior,39.0000,39.0000,39.0000,,3,,7,3,,11,,,,
48770d02-25e9-4b1d-af53-cfe80f9ba77e,Wallis Orchard Practical Shooters August 2023 All Classifier Match,2023-08-20,5,Win Some Lose Some,e66bfba7-d8da-4156-86df-ec441d5515a0,Chez Chike-Udenze,66,41.30,22,43.68,Limited Optics,U,A138598,MINOR,,38.0000,38.0000,38.0000,,2,,7,7,,8,,,,
48770d02-25e9-4b1d-af53-cfe80f9ba77e,Wallis Orchard Practical Shooters August 2023 All Classifier Match,2023-08-20,5,Win Some Lose Some,e66bfba7-d8da-4156-86df-ec441d5515a0,Hugh Fullerton,67,39.13,23,41.38,Limited Optics,U,A140572,MINOR,,36.0000,36.0000,36.0000,,3,,5,6,,10,,,,
48770d02-25e9-4b1d-af53-cfe80f9ba77e,Wallis Orchard Practical Shooters August 2023 All Classifier Match,2023-08-20,5,Win Some Lose Some,e66bfba7-d8da-4156-86df-ec441d5515a0,Ivan Battle,68,38.04,24,42.17,Carry Optics,U,A151905,MINOR,,35.0000,35.0000,35.0000,,4,,4,3,,13,,,,
48770d02-25e9-4b1d-af53-cfe80f9ba77e,Wallis Orchard Practical Shooters August 2023 All Classifier Match,2023-08-20,5,Win Some Lose Some,e66bfba7-d8da-4156-86df-ec441d5515a0,Steven McKinney,69,32.61,25,36.14,Carry Optics,U,A104027,MINOR,,30.0000,30.0000,30.0000,,2,,4,8,,10,,,,
48770d02-25e9-4b1d-af53-cfe80f9ba77e,Wallis Orchard Practical Shooters August 2023 All Classifier Match,2023-08-20,5,Win Some Lose Some,e66bfba7-d8da-4156-86df-ec441d5515a0,Jonathan Zook,70,31.52,26,34.94,Carry Optics,U,A151939,MINOR,,29.0000,29.0000,29.0000,,3,,3,5,,13,,,,
48770d02-25e9-4b1d-af53-cfe80f9ba77e,Wallis Orchard Practical Shooters August 2023 All Classifier Match,2023-08-20,5,Win Some Lose Some,e66bfba7-d8da-4156-86df-ec441d5515a0,Abrahan Figueroa,71,30.43,27,33.73,Carry Optics,U,TY54053,MINOR,Senior,28.0000,28.0000,28.0000,,1,,6,5,,12,,,,
48770d02-25e9-4b1d-af53-cfe80f9ba77e,Wallis Orchard Practical Shooters August 2023 All Classifier Match,2023-08-20,5,Win Some Lose Some,e66bfba7-d8da-4156-86df-ec441d5515a0,Ryan Ngo,72,27.17,24,28.74,Limited Optics,C,TY132318,MINOR,,25.0000,25.0000,25.0000,,2,,3,6,,13,,,,
48770d02-25e9-4b1d-af53-cfe80f9ba77e,Wallis Orchard Practical Shooters August 2023 All Classifier Match,2023-08-20,5,Win Some Lose Some,e66bfba7-d8da-4156-86df-ec441d5515a0,Edward Yu,73,21.74,28,24.10,Carry Optics,U,A148356,MINOR,Law Enforcement,20.0000,20.0000,20.0000,,4,,3,1,,16,,,,2
48770d02-25e9-4b1d-af53-cfe80f9ba77e,Wallis Orchard Practical Shooters August 2023 All Classifier Match,2023-08-20,5,Win Some Lose Some,e66bfba7-d8da-4156-86df-ec441d5515a0,Jerry Bedro,74,0.00,25,0.00,Limited Optics,U,A98263,MINOR,,0.0000,0.0000,0.0000,,,,,,,24,,,,
48770d02-25e9-4b1d-af53-cfe80f9ba77e,Wallis Orchard Practical Shooters August 2023 All Classifier Match,2023-08-20,5,Win Some Lose Some,e66bfba7-d8da-4156-86df-ec441d5515a0,Kicker Cardenas,75,0.00,6,0.00,Limited,U,,MINOR,Lady,0.0000,0.0000,,,,,,,,,,,,
48770d02-25e9-4b1d-af53-cfe80f9ba77e,Wallis Orchard Practical Shooters August 2023 All Classifier Match,2023-08-20,5,Win Some Lose Some,e66bfba7-d8da-4156-86df-ec441d5515a0,Bob Klee,76,0.00,7,0.00,Limited,U,A135792,MINOR,Senior,0.0000,0.0000,,,,,,,,,,,,
48770d02-25e9-4b1d-af53-cfe80f9ba77e,Wallis Orchard Practical Shooters August 2023 All Classifier Match,2023-08-20,6,Blues Don't Care,5efe2f63-2dd6-4941-8c47-088f3edd0a74,Marco Yue,1,100.00,1,100.00,PCC,A,L5762,MINOR,,35.0000,35.0000,13.9241,2.37,6,,1,,,,,,,
48770d02-25e9-4b1d-af53-cfe80f9ba77e,Wallis Orchard Practical Shooters August 2023 All Classifier Match,2023-08-20,6,Blues Don't Care,5efe2f63-2dd6-4941-8c47-088f3edd0a74,Chez Chike-Udenze,2,91.07,1,100.00,Limited Optics,U,A138598,MINOR,,35.0000,31.8758,12.6812,2.76,7,,,,,,,,,
48770d02-25e9-4b1d-af53-cfe80f9ba77e,Wallis Orchard Practical Shooters August 2023 All Classifier Match,2023-08-20,6,Blues Don't Care,5efe2f63-2dd6-4941-8c47-088f3edd0a74,Brandon Foss,3,78.31,1,100.00,Carry Optics,M,L5142,MINOR,,35.0000,27.4071,10.9034,3.21,7,,,,,,,,,
48770d02-25e9-4b1d-af53-cfe80f9ba77e,Wallis Orchard Practical Shooters August 2023 All Classifier Match,2023-08-20,6,Blues Don't Care,5efe2f63-2dd6-4941-8c47-088f3edd0a74,Andy Chen,4,70.84,1,100.00,Open,U,A86721,MINOR,,35.0000,24.7942,9.8639,2.94,4,,3,,,,,,,
48770d02-25e9-4b1d-af53-cfe80f9ba77e,Wallis Orchard Practical Shooters August 2023 All Classifier Match,2023-08-20,6,Blues Don't Care,5efe2f63-2dd6-4941-8c47-088f3edd0a74,Matthew Michna,5,70.01,2,89.41,Carry Optics,A,A128405,MINOR,,31.2924,24.5038,9.7484,3.18,6,,,1,,,,,,
48770d02-25e9-4b1d-af53-cfe80f9ba77e,Wallis Orchard Practical Shooters August 2023 All Classifier Match,2023-08-20,6,Blues Don't Care,5efe2f63-2dd6-4941-8c47-088f3edd0a74,Doug Joder,6,67.52,2,67.52,PCC,B,TY115020,MINOR,,23.6324,23.6324,9.4017,3.51,6,,1,,,,,,,
48770d02-25e9-4b1d-af53-cfe80f9ba77e,Wallis Orchard Practical Shooters August 2023 All Classifier Match,2023-08-20,6,Blues Don't Care,5efe2f63-2dd6-4941-8c47-088f3edd0a74,Anthony Fong,7,63.61,2,69.84,Limited Optics,B,A142224,MINOR,,24.4455,22.2634,8.8571,3.50,5,,2,,,,,,,
48770d02-25e9-4b1d-af53-cfe80f9ba77e,Wallis Orchard Practical Shooters August 2023 All Classifier Match,2023-08-20,6,Blues Don't Care,5efe2f63-2dd6-4941-8c47-088f3edd0a74,George Zhou,8,61.40,3,67.42,Limited Optics,U,A146179,MINOR,Senior,23.5957,21.4895,8.5492,3.86,6,,1,,,,,,,
48770d02-25e9-4b1d-af53-cfe80f9ba77e,Wallis Orchard Practical Shooters August 2023 All Classifier Match,2023-08-20,6,Blues Don't Care,5efe2f63-2dd6-4941-8c47-088f3edd0a74,Berrhett Foss,9,60.50,3,77.26,Carry Optics,U,A143624,MINOR,,27.0408,21.1745,8.4239,3.68,5,,2,,,,,,,
48770d02-25e9-4b1d-af53-cfe80f9ba77e,Wallis Orchard Practical Shooters August 2023 All Classifier Match,2023-08-20,6,Blues Don't Care,5efe2f63-2dd6-4941-8c47-088f3edd0a74,Karys Bellamy,10,58.46,4,74.65,Carry Optics,C,TY130774,MINOR,Lady; Junior,26.1279,20.4597,8.1395,4.30,7,,,,,,,,,
48770d02-25e9-4b1d-af53-cfe80f9ba77e,Wallis Orchard Practical Shooters August 2023 All Classifier Match,2023-08-20,6,Blues Don't Care,5efe2f63-2dd6-4941-8c47-088f3edd0a74,Joseph White,11,57.83,5,73.85,Carry Optics,B,A135489,MINOR,Law Enforcement,25.8467,20.2395,8.0519,3.85,5,,2,,,,,,,
48770d02-25e9-4b1d-af53-cfe80f9ba77e,Wallis Orchard Practical Shooters August 2023 All Classifier Match,2023-08-20,6,Blues Don't Care,5efe2f63-2dd6-4941-8c47-088f3edd0a74,Wei Zhang,12,57.69,3,57.69,PCC,U,FY140383,MINOR,,20.1925,20.1925,8.0332,3.61,4,,3,,,,,,,
48770d02-25e9-4b1d-af53-cfe80f9ba77e,Wallis Orchard Practical Shooters August 2023 All Classifier Match,2023-08-20,6,Blues Don't Care,5efe2f63-2dd6-4941-8c47-088f3edd0a74,Ray Pennington,13,56.14,4,61.64,Limited Optics,C,A107654,MINOR,Senior,21.5740,19.6483,7.8167,3.71,4,,3,,,,,,,
48770d02-25e9-4b1d-af53-cfe80f9ba77e,Wallis Orchard Practical Shooters August 2023 All Classifier Match,2023-08-20,6,Blues Don't Care,5efe2f63-2dd6-4941-8c47-088f3edd0a74,Pat Byrne,14,55.76,5,61.23,Limited Optics,B,Fy93921,MINOR,Super Senior,21.4305,19.5176,7.7647,4.25,6,,1,,,,,,,
48770d02-25e9-4b1d-af53-cfe80f9ba77e,Wallis Orchard Practical Shooters August 2023 All Classifier Match,2023-08-20,6,Blues Don't Care,5efe2f63-2dd6-4941-8c47-088f3edd0a74,Ashley Krenek,15,54.57,6,59.92,Limited Optics,U,TY92392,MINOR,Lady,20.9704,19.0985,7.5980,4.08,5,,2,,,,,,,
48770d02-25e9-4b1d-af53-cfe80f9ba77e,Wallis Orchard Practical Shooters August 2023 All Classifier Match,2023-08-20,6,Blues Don't Care,5efe2f63-2dd6-4941-8c47-088f3edd0a74,Ryan Ngo,16,53.91,7,59.19,Limited Optics,C,TY132318,MINOR,,20.7168,18.8675,7.5061,4.13,5,,2,,,,,,,
48770d02-25e9-4b1d-af53-cfe80f9ba77e,Wallis Orchard Practical Shooters August 2023 All Classifier Match,2023-08-20,6,Blues Don't Care,5efe2f63-2dd6-4941-8c47-088f3edd0a74,Joseph Mondragon,17,51.83,4,51.83,PCC,U,A104549,MINOR,,18.1396,18.1396,7.2165,4.85,7,,,,,,,,,
48770d02-25e9-4b1d-af53-cfe80f9ba77e,Wallis Orchard Practical Shooters August 2023 All Classifier Match,2023-08-20,6,Blues Don't Care,5efe2f63-2dd6-4941-8c47-088f3edd0a74,Kristen Day,18,51.43,1,100.00,Limited,C,TY121933,MINOR,Lady,35.0000,17.9988,7.1605,4.05,5,,1,1,,,,,,
48770d02-25e9-4b1d-af53-cfe80f9ba77e,Wallis Orchard Practical Shooters August 2023 All Classifier Match,2023-08-20,6,Blues Don't Care,5efe2f63-2dd6-4941-8c47-088f3edd0a74,Craig Bellamy,19,49.91,6,63.74,Carry Optics,M,TY54824,MINOR,Law Enforcement,22.3089,17.4692,6.9498,2.59,5,,1,,1,,,,,
48770d02-25e9-4b1d-af53-cfe80f9ba77e,Wallis Orchard Practical Shooters August 2023 All Classifier Match,2023-08-20,6,Blues Don't Care,5efe2f63-2dd6-4941-8c47-088f3edd0a74,jordan fleming,20,49.38,7,63.06,Carry Optics,U,A151651,MINOR,Junior,22.0727,17.2842,6.8762,5.09,7,,,,,,,,,
48770d02-25e9-4b1d-af53-cfe80f9ba77e,Wallis Orchard Practical Shooters August 2023 All Classifier Match,2023-08-20,6,Blues Don't Care,5efe2f63-2dd6-4941-8c47-088f3edd0a74,Jun Wu,21,49.26,8,54.08,Limited Optics,U,ty104927,MINOR,,18.9291,17.2395,6.8584,4.52,5,,2,,,,,,,
48770d02-25e9-4b1d-af53-cfe80f9ba77e,Wallis Orchard Practical Shooters August 2023 All Classifier Match,2023-08-20,6,Blues Don't Care,5efe2f63-2dd6-4941-8c47-088f3edd0a74,Michael Hanover,22,49.22,9,54.04,Limited Optics,B,A146302,MINOR,,18.9137,17.2254,6.8528,3.94,4,,2,1,,,,,,
48770d02-25e9-4b1d-af53-cfe80f9ba77e,Wallis Orchard Practical Shooters August 2023 All Classifier Match,2023-08-20,6,Blues Don't Care,5efe2f63-2dd6-4941-8c47-088f3edd0a74,Karen Brusatori,23,48.82,2,68.92,Open,U,A149998,MINOR,Lady,24.1220,17.0881,6.7982,4.56,5,,2,,,,,,,
48770d02-25e9-4b1d-af53-cfe80f9ba77e,Wallis Orchard Practical Shooters August 2023 All Classifier Match,2023-08-20,6,Blues Don't Care,5efe2f63-2dd6-4941-8c47-088f3edd0a74,Qingbang Cai,24,48.78,8,62.29,Carry Optics,A,A148273,MINOR,,21.8011,17.0716,6.7916,4.27,4,,3,,,,,,,
48770d02-25e9-4b1d-af53-cfe80f9ba77e,Wallis Orchard Practical Shooters August 2023 All Classifier Match,2023-08-20,6,Blues Don't Care,5efe2f63-2dd6-4941-8c47-088f3edd0a74,Jonathan Warrender,25,47.78,10,52.47,Limited Optics,,Ty86145,MINOR,,18.3628,16.7237,6.6532,4.96,6,,1,,,,,,,
48770d02-25e9-4b1d-af53-cfe80f9ba77e,Wallis Orchard Practical Shooters August 2023 All Classifier Match,2023-08-20,6,Blues Don't Care,5efe2f63-2dd6-4941-8c47-088f3edd0a74,Taylor Latham,26,47.58,2,92.53,Limited,B,TY39841,MAJOR,Senior,32.3840,16.6535,6.6253,4.83,4,,3,,,,,,,
48770d02-25e9-4b1d-af53-cfe80f9ba77e,Wallis Orchard Practical Shooters August 2023 All Classifier Match,2023-08-20,6,Blues Don't Care,5efe2f63-2dd6-4941-8c47-088f3edd0a74,Benjamin Michael,27,47.21,9,60.29,Carry Optics,C,L5472,MINOR,,21.1016,16.5238,6.5737,5.02,6,,1,,,,,,,
48770d02-25e9-4b1d-af53-cfe80f9ba77e,Wallis Orchard Practical Shooters August 2023 All Classifier Match,2023-08-20,6,Blues Don't Care,5efe2f63-2dd6-4941-8c47-088f3edd0a74,Taylor Stansberry,28,45.40,3,64.09,Open,U,TY143801,MAJOR,,22.4316,15.8907,6.3218,5.22,5,,2,,,,,,,
48770d02-25e9-4b1d-af53-cfe80f9ba77e,Wallis Orchard Practical Shooters August 2023 All Classifier Match,2023-08-20,6,Blues Don't Care,5efe2f63-2dd6-4941-8c47-088f3edd0a74,Hugh Fullerton,29,44.89,11,49.29,Limited Optics,U,A140572,MINOR,,17.2499,15.7102,6.2500,4.96,5,,2,,,,,,,
48770d02-25e9-4b1d-af53-cfe80f9ba77e,Wallis Orchard Practical Shooters August 2023 All Classifier Match,2023-08-20,6,Blues Don't Care,5efe2f63-2dd6-4941-8c47-088f3edd0a74,Jerry Bedro,30,43.94,12,48.25,Limited Optics,U,A98263,MINOR,,16.8881,15.3806,6.1189,5.72,7,,,,,,,,,
48770d02-25e9-4b1d-af53-cfe80f9ba77e,Wallis Orchard Practical Shooters August 2023 All Classifier Match,2023-08-20,6,Blues Don't Care,5efe2f63-2dd6-4941-8c47-088f3edd0a74,Chris Nagala,31,42.90,13,47.11,Limited Optics,U,Ty97712,MINOR,,16.4868,15.0152,5.9735,4.52,3,,4,,,,,,,
48770d02-25e9-4b1d-af53-cfe80f9ba77e,Wallis Orchard Practical Shooters August 2023 All Classifier Match,2023-08-20,6,Blues Don't Care,5efe2f63-2dd6-4941-8c47-088f3edd0a74,Tyler Kenny,32,41.85,14,45.95,Limited Optics,U,A148691,MINOR,,16.0838,14.6482,5.8275,4.29,3,,3,1,,,,,,
48770d02-25e9-4b1d-af53-cfe80f9ba77e,Wallis Orchard Practical Shooters August 2023 All Classifier Match,2023-08-20,6,Blues Don't Care,5efe2f63-2dd6-4941-8c47-088f3edd0a74,Gennady Khokhorin,33,40.85,1,100.00,Production,C,A123884,MINOR,Super Senior,35.0000,14.2978,5.6881,5.45,5,,2,,,,,,,
48770d02-25e9-4b1d-af53-cfe80f9ba77e,Wallis Orchard Practical Shooters August 2023 All Classifier Match,2023-08-20,6,Blues Don't Care,5efe2f63-2dd6-4941-8c47-088f3edd0a74,Robert Layton,34,40.48,15,44.45,Limited Optics,U,TY143915,MINOR,Law Enforcement,15.5564,14.1678,5.6364,5.50,5,,2,,,,,,,
48770d02-25e9-4b1d-af53-cfe80f9ba77e,Wallis Orchard Practical Shooters August 2023 All Classifier Match,2023-08-20,6,Blues Don't Care,5efe2f63-2dd6-4941-8c47-088f3edd0a74,Alan Orr,35,39.60,16,43.48,Limited Optics,U,A149462,MINOR,Senior,15.2167,13.8584,5.5133,5.26,4,,3,,,,,,,
48770d02-25e9-4b1d-af53-cfe80f9ba77e,Wallis Orchard Practical Shooters August 2023 All Classifier Match,2023-08-20,6,Blues Don't Care,5efe2f63-2dd6-4941-8c47-088f3edd0a74,Matthew Givens,36,39.30,17,43.16,Limited Optics,U,Ty137686,MINOR,,15.1043,13.7561,5.4726,6.03,6,,1,,,,,,,
48770d02-25e9-4b1d-af53-cfe80f9ba77e,Wallis Orchard Practical Shooters August 2023 All Classifier Match,2023-08-20,6,Blues Don't Care,5efe2f63-2dd6-4941-8c47-088f3edd0a74,Jeannie Marrone,37,39.15,4,55.26,Open,C,Ty133357,MAJOR,Lady; Super Senior,19.3421,13.7020,5.4511,5.32,3,,3,1,,,,,,
48770d02-25e9-4b1d-af53-cfe80f9ba77e,Wallis Orchard Practical Shooters August 2023 All Classifier Match,2023-08-20,6,Blues Don't Care,5efe2f63-2dd6-4941-8c47-088f3edd0a74,Christian Canizales,38,38.93,10,49.71,Carry Optics,U,TY150265,MINOR,,17.4002,13.6254,5.4206,5.35,4,,3,,,,,,,
48770d02-25e9-4b1d-af53-cfe80f9ba77e,Wallis Orchard Practical Shooters August 2023 All Classifier Match,2023-08-20,6,Blues Don't Care,5efe2f63-2dd6-4941-8c47-088f3edd0a74,Brandon Hunt,39,38.28,11,48.89,Carry Optics,U,A150701,MINOR,,17.1109,13.3989,5.3305,4.69,3,,3,1,,,,,,
48770d02-25e9-4b1d-af53-cfe80f9ba77e,Wallis Orchard Practical Shooters August 2023 All Classifier Match,2023-08-20,6,Blues Don't Care,5efe2f63-2dd6-4941-8c47-088f3edd0a74,Khai Nguyen,40,37.96,18,41.68,Limited Optics,U,A142353,MINOR,,14.5877,13.2855,5.2854,4.73,7,,,,,,1,,,
48770d02-25e9-4b1d-af53-cfe80f9ba77e,Wallis Orchard Practical Shooters August 2023 All Classifier Match,2023-08-20,6,Blues Don't Care,5efe2f63-2dd6-4941-8c47-088f3edd0a74,Dan Schreiber,41,37.13,19,40.77,Limited Optics,U,A147899,MAJOR,Senior,14.2689,12.9952,5.1699,6.77,7,,,,,,,,,
48770d02-25e9-4b1d-af53-cfe80f9ba77e,Wallis Orchard Practical Shooters August 2023 All Classifier Match,2023-08-20,6,Blues Don't Care,5efe2f63-2dd6-4941-8c47-088f3edd0a74,Jim Havens,42,36.74,20,40.34,Limited Optics,M,TY114636,MINOR,Senior,14.1176,12.8575,5.1151,3.91,6,,,,1,,,,,
48770d02-25e9-4b1d-af53-cfe80f9ba77e,Wallis Orchard Practical Shooters August 2023 All Classifier Match,2023-08-20,6,Blues Don't Care,5efe2f63-2dd6-4941-8c47-088f3edd0a74,Robin Chen,43,36.26,12,46.31,Carry Optics,D,A152878,MINOR,Lady; Law Enforcement,16.2070,12.6911,5.0489,6.14,5,,2,,,,,,,
48770d02-25e9-4b1d-af53-cfe80f9ba77e,Wallis Orchard Practical Shooters August 2023 All Classifier Match,2023-08-20,6,Blues Don't Care,5efe2f63-2dd6-4941-8c47-088f3edd0a74,Michael Pontious,44,35.80,13,45.71,Carry Optics,B,Fy94575,MINOR,Senior,16.0000,12.5289,4.9844,3.21,4,,2,,1,,,,,
48770d02-25e9-4b1d-af53-cfe80f9ba77e,Wallis Orchard Practical Shooters August 2023 All Classifier Match,2023-08-20,6,Blues Don't Care,5efe2f63-2dd6-4941-8c47-088f3edd0a74,TRAIN YU,45,33.92,14,43.32,Carry Optics,U,A142824,MINOR,Foreign,15.1612,11.8721,4.7231,6.14,4,,3,,,,,,,
48770d02-25e9-4b1d-af53-cfe80f9ba77e,Wallis Orchard Practical Shooters August 2023 All Classifier Match,2023-08-20,6,Blues Don't Care,5efe2f63-2dd6-4941-8c47-088f3edd0a74,Loren Brusatori,46,32.92,5,46.47,Open,U,A149999,MINOR,,16.2654,11.5225,4.5840,5.89,4,,2,1,,,,,,
48770d02-25e9-4b1d-af53-cfe80f9ba77e,Wallis Orchard Practical Shooters August 2023 All Classifier Match,2023-08-20,6,Blues Don't Care,5efe2f63-2dd6-4941-8c47-088f3edd0a74,Steven McKinney,47,32.54,15,41.56,Carry Optics,U,A104027,MINOR,,14.5455,11.3900,4.5313,6.40,4,,3,,,,,,,
48770d02-25e9-4b1d-af53-cfe80f9ba77e,Wallis Orchard Practical Shooters August 2023 All Classifier Match,2023-08-20,6,Blues Don't Care,5efe2f63-2dd6-4941-8c47-088f3edd0a74,Heath Helgeson,48,30.71,16,39.21,Carry Optics,C,A,MINOR,,13.7244,10.7470,4.2755,4.21,5,,1,,1,,,,,
48770d02-25e9-4b1d-af53-cfe80f9ba77e,Wallis Orchard Practical Shooters August 2023 All Classifier Match,2023-08-20,6,Blues Don't Care,5efe2f63-2dd6-4941-8c47-088f3edd0a74,Andrew Whitley,49,30.71,6,43.34,Open,A,TY-106649,MAJOR,,15.1707,10.7470,4.2755,4.21,4,,2,,1,,,,,
48770d02-25e9-4b1d-af53-cfe80f9ba77e,Wallis Orchard Practical Shooters August 2023 All Classifier Match,2023-08-20,6,Blues Don't Care,5efe2f63-2dd6-4941-8c47-088f3edd0a74,Joshua Day,50,29.92,3,58.19,Limited,U,TY152321,MINOR,,20.3665,10.4735,4.1667,4.32,5,,1,,1,,,,,
48770d02-25e9-4b1d-af53-cfe80f9ba77e,Wallis Orchard Practical Shooters August 2023 All Classifier Match,2023-08-20,6,Blues Don't Care,5efe2f63-2dd6-4941-8c47-088f3edd0a74,John Ren,51,28.00,4,54.44,Limited,U,A152674,MINOR,,19.0546,9.7989,3.8983,5.90,4,,,3,,,,,,
48770d02-25e9-4b1d-af53-cfe80f9ba77e,Wallis Orchard Practical Shooters August 2023 All Classifier Match,2023-08-20,6,Blues Don't Care,5efe2f63-2dd6-4941-8c47-088f3edd0a74,Jeff Maxwell,52,26.97,17,34.45,Carry Optics,C,L4489,MINOR,Senior,12.0565,9.4409,3.7559,4.26,4,,2,,1,,,,,
48770d02-25e9-4b1d-af53-cfe80f9ba77e,Wallis Orchard Practical Shooters August 2023 All Classifier Match,2023-08-20,6,Blues Don't Care,5efe2f63-2dd6-4941-8c47-088f3edd0a74,Khoa Nguyen,53,26.27,21,28.85,Limited Optics,A,A117224,MINOR,Law Enforcement,10.0974,9.1961,3.6585,3.28,3,,2,1,1,,,,,
48770d02-25e9-4b1d-af53-cfe80f9ba77e,Wallis Orchard Practical Shooters August 2023 All Classifier Match,2023-08-20,6,Blues Don't Care,5efe2f63-2dd6-4941-8c47-088f3edd0a74,Todd Ellison,54,24.95,18,31.86,Carry Optics,C,A137376,MINOR,,11.1500,8.7311,3.4735,5.47,5,,1,1,,,1,,,
48770d02-25e9-4b1d-af53-cfe80f9ba77e,Wallis Orchard Practical Shooters August 2023 All Classifier Match,2023-08-20,6,Blues Don't Care,5efe2f63-2dd6-4941-8c47-088f3edd0a74,Art Nelson,55,23.07,19,29.47,Carry Optics,U,Ty116323,MINOR,,10.3134,8.0760,3.2129,4.98,4,,2,,1,,,,,
48770d02-25e9-4b1d-af53-cfe80f9ba77e,Wallis Orchard Practical Shooters August 2023 All Classifier Match,2023-08-20,6,Blues Don't Care,5efe2f63-2dd6-4941-8c47-088f3edd0a74,Jon Lee,56,21.50,22,23.61,Limited Optics,U,L5532,MINOR,,8.2634,7.5258,2.9940,6.68,6,,,,1,,,,,
48770d02-25e9-4b1d-af53-cfe80f9ba77e,Wallis Orchard Practical Shooters August 2023 All Classifier Match,2023-08-20,6,Blues Don't Care,5efe2f63-2dd6-4941-8c47-088f3edd0a74,Kacie Tapanila,57,21.40,20,27.33,Carry Optics,U,A135389,MINOR,Lady,9.5642,7.4894,2.9795,5.37,4,,2,,1,,,,,
48770d02-25e9-4b1d-af53-cfe80f9ba77e,Wallis Orchard Practical Shooters August 2023 All Classifier Match,2023-08-20,6,Blues Don't Care,5efe2f63-2dd6-4941-8c47-088f3edd0a74,Paul White,58,20.77,23,22.80,Limited Optics,U,A147201,MINOR,,7.9808,7.2684,2.8916,4.15,2,,4,,1,,,,,
48770d02-25e9-4b1d-af53-cfe80f9ba77e,Wallis Orchard Practical Shooters August 2023 All Classifier Match,2023-08-20,6,Blues Don't Care,5efe2f63-2dd6-4941-8c47-088f3edd0a74,Edward Yu,59,20.58,21,26.28,Carry Optics,U,A148356,MINOR,Law Enforcement,9.1964,7.2013,2.8649,7.33,3,,1,3,,,,,,
48770d02-25e9-4b1d-af53-cfe80f9ba77e,Wallis Orchard Practical Shooters August 2023 All Classifier Match,2023-08-20,6,Blues Don't Care,5efe2f63-2dd6-4941-8c47-088f3edd0a74,Miguel Gonzalez,60,18.90,5,36.75,Limited,C,A142148,MINOR,,12.8631,6.6149,2.6316,4.56,3,,2,1,1,,,,,
48770d02-25e9-4b1d-af53-cfe80f9ba77e,Wallis Orchard Practical Shooters August 2023 All Classifier Match,2023-08-20,6,Blues Don't Care,5efe2f63-2dd6-4941-8c47-088f3edd0a74,Gary Wu,61,17.79,7,25.11,Open,B,L2998,MAJOR,Senior,8.7884,6.2258,2.4768,3.23,4,,2,,1,,1,,,
48770d02-25e9-4b1d-af53-cfe80f9ba77e,Wallis Orchard Practical Shooters August 2023 All Classifier Match,2023-08-20,6,Blues Don't Care,5efe2f63-2dd6-4941-8c47-088f3edd0a74,Hunter Andras,62,14.08,5,14.08,PCC,U,TY140415,MINOR,,4.9287,4.9287,1.9608,3.06,4,,2,,1,,1,,,
48770d02-25e9-4b1d-af53-cfe80f9ba77e,Wallis Orchard Practical Shooters August 2023 All Classifier Match,2023-08-20,6,Blues Don't Care,5efe2f63-2dd6-4941-8c47-088f3edd0a74,Michael Whitley,63,11.96,22,15.28,Carry Optics,A,A111091,MINOR,,5.3463,4.1864,1.6655,13.81,6,,1,,,,1,,,
48770d02-25e9-4b1d-af53-cfe80f9ba77e,Wallis Orchard Practical Shooters August 2023 All Classifier Match,2023-08-20,6,Blues Don't Care,5efe2f63-2dd6-4941-8c47-088f3edd0a74,Gil Yolo,64,10.08,24,11.07,Limited Optics,U,L5228,MINOR,,3.8736,3.5279,1.4035,2.85,4,,1,1,1,,1,,,
48770d02-25e9-4b1d-af53-cfe80f9ba77e,Wallis Orchard Practical Shooters August 2023 All Classifier Match,2023-08-20,6,Blues Don't Care,5efe2f63-2dd6-4941-8c47-088f3edd0a74,Justin Walworth,65,9.15,6,9.15,PCC,U,a39547,MINOR,,3.2021,3.2021,1.2739,4.71,4,,2,,1,,1,,,
48770d02-25e9-4b1d-af53-cfe80f9ba77e,Wallis Orchard Practical Shooters August 2023 All Classifier Match,2023-08-20,6,Blues Don't Care,5efe2f63-2dd6-4941-8c47-088f3edd0a74,Adrian De La Fuente,66,5.94,23,7.58,Carry Optics,U,A149404,MINOR,,2.6528,2.0773,0.8264,4.84,3,,3,,1,,1,,,
48770d02-25e9-4b1d-af53-cfe80f9ba77e,Wallis Orchard Practical Shooters August 2023 All Classifier Match,2023-08-20,6,Blues Don't Care,5efe2f63-2dd6-4941-8c47-088f3edd0a74,Andrew Reynolds,67,5.60,2,13.70,Production,U,A106874,MINOR,,4.7946,1.9586,0.7792,3.85,4,,1,,2,,,,,
48770d02-25e9-4b1d-af53-cfe80f9ba77e,Wallis Orchard Practical Shooters August 2023 All Classifier Match,2023-08-20,6,Blues Don't Care,5efe2f63-2dd6-4941-8c47-088f3edd0a74,Carlos Escandon,68,4.01,1,100.00,Single Stack,A,L2590,MAJOR,Super Senior,35.0000,1.4044,0.5587,3.58,2,,3,,2,,,,,
48770d02-25e9-4b1d-af53-cfe80f9ba77e,Wallis Orchard Practical Shooters August 2023 All Classifier Match,2023-08-20,6,Blues Don't Care,5efe2f63-2dd6-4941-8c47-088f3edd0a74,Kicker Cardenas,69,0.00,6,0.00,Limited,U,,MINOR,Lady,0.0000,0.0000,,,,,,,,,,,,
48770d02-25e9-4b1d-af53-cfe80f9ba77e,Wallis Orchard Practical Shooters August 2023 All Classifier Match,2023-08-20,6,Blues Don't Care,5efe2f63-2dd6-4941-8c47-088f3edd0a74,Bob Klee,70,0.00,7,0.00,Limited,U,A135792,MINOR,Senior,0.0000,0.0000,,,,,,,,,,,,
48770d02-25e9-4b1d-af53-cfe80f9ba77e,Wallis Orchard Practical Shooters August 2023 All Classifier Match,2023-08-20,6,Blues Don't Care,5efe2f63-2dd6-4941-8c47-088f3edd0a74,Jonathan Zook,71,0.00,24,0.00,Carry Optics,U,A151939,MINOR,,0.0000,0.0000,0.0000,4.63,1,,3,2,1,,1,,,
48770d02-25e9-4b1d-af53-cfe80f9ba77e,Wallis Orchard Practical Shooters August 2023 All Classifier Match,2023-08-20,6,Blues Don't Care,5efe2f63-2dd6-4941-8c47-088f3edd0a74,Jeremiah Hunt,72,0.00,25,0.00,Limited Optics,U,A148592,MINOR,,0.0000,0.0000,0.0000,5.01,2,,2,1,2,,1,,,
48770d02-25e9-4b1d-af53-cfe80f9ba77e,Wallis Orchard Practical Shooters August 2023 All Classifier Match,2023-08-20,6,Blues Don't Care,5efe2f63-2dd6-4941-8c47-088f3edd0a74,Duane Bellamy,73,0.00,25,0.00,Carry Optics,C,A133284,MINOR,,0.0000,0.0000,0.0000,5.11,1,,2,1,3,,2,,,
48770d02-25e9-4b1d-af53-cfe80f9ba77e,Wallis Orchard Practical Shooters August 2023 All Classifier Match,2023-08-20,6,Blues Don't Care,5efe2f63-2dd6-4941-8c47-088f3edd0a74,Abrahan Figueroa,74,0.00,26,0.00,Carry Optics,U,TY54053,MINOR,Senior,0.0000,0.0000,0.0000,5.26,2,,2,1,2,,1,,,
48770d02-25e9-4b1d-af53-cfe80f9ba77e,Wallis Orchard Practical Shooters August 2023 All Classifier Match,2023-08-20,6,Blues Don't Care,5efe2f63-2dd6-4941-8c47-088f3edd0a74,Amber Chike-Udenze,75,0.00,27,0.00,Carry Optics,C,A138974,MINOR,Lady,0.0000,0.0000,0.0000,5.58,4,,1,,2,,1,,,
48770d02-25e9-4b1d-af53-cfe80f9ba77e,Wallis Orchard Practical Shooters August 2023 All Classifier Match,2023-08-20,6,Blues Don't Care,5efe2f63-2dd6-4941-8c47-088f3edd0a74,Ivan Battle,76,0.00,28,0.00,Carry Optics,U,A151905,MINOR,,0.0000,0.0000,0.0000,7.34,1,,2,2,2,,1,,,
48770d02-25e9-4b1d-af53-cfe80f9ba77e,Wallis Orchard Practical Shooters August 2023 All Classifier Match,2023-08-20,7,Cross Road Blues,4eb91228-3a9b-4a28-bbec-7070dbc127ab,Brandon Foss,1,100.00,1,100.00,Carry Optics,M,L5142,MINOR,,70.0000,70.0000,8.2915,7.96,12,,2,,,,,,,
48770d02-25e9-4b1d-af53-cfe80f9ba77e,Wallis Orchard Practical Shooters August 2023 All Classifier Match,2023-08-20,7,Cross Road Blues,4eb91228-3a9b-4a28-bbec-7070dbc127ab,Craig Bellamy,2,97.95,2,97.95,Carry Optics,M,TY54824,MINOR,Law Enforcement,68.5673,68.5673,8.1218,7.88,11,,3,,,,,,,
48770d02-25e9-4b1d-af53-cfe80f9ba77e,Wallis Orchard Practical Shooters August 2023 All Classifier Match,2023-08-20,7,Cross Road Blues,4eb91228-3a9b-4a28-bbec-7070dbc127ab,Andrew Whitley,3,96.71,1,100.00,Open,A,TY-106649,MAJOR,,70.0000,67.6986,8.0189,8.48,12,,2,,,,,,,
48770d02-25e9-4b1d-af53-cfe80f9ba77e,Wallis Orchard Practical Shooters August 2023 All Classifier Match,2023-08-20,7,Cross Road Blues,4eb91228-3a9b-4a28-bbec-7070dbc127ab,Marco Yue,4,96.48,1,100.00,PCC,A,L5762,MINOR,,70.0000,67.5390,8.0000,8.00,11,,3,,,,,,,
48770d02-25e9-4b1d-af53-cfe80f9ba77e,Wallis Orchard Practical Shooters August 2023 All Classifier Match,2023-08-20,7,Cross Road Blues,4eb91228-3a9b-4a28-bbec-7070dbc127ab,Khoa Nguyen,5,95.53,1,100.00,Limited Optics,A,A117224,MINOR,Law Enforcement,70.0000,66.8704,7.9208,8.08,11,,3,,,,,,,
48770d02-25e9-4b1d-af53-cfe80f9ba77e,Wallis Orchard Practical Shooters August 2023 All Classifier Match,2023-08-20,7,Cross Road Blues,4eb91228-3a9b-4a28-bbec-7070dbc127ab,Andy Chen,6,92.91,2,96.06,Open,U,A86721,MINOR,,67.2450,65.0342,7.7033,7.01,8,,4,2,,,,,,
48770d02-25e9-4b1d-af53-cfe80f9ba77e,Wallis Orchard Practical Shooters August 2023 All Classifier Match,2023-08-20,7,Cross Road Blues,4eb91228-3a9b-4a28-bbec-7070dbc127ab,Gary Wu,7,88.08,3,91.08,Open,B,L2998,MAJOR,Senior,63.7541,61.6581,7.3034,8.90,9,,5,,,,,,,
48770d02-25e9-4b1d-af53-cfe80f9ba77e,Wallis Orchard Practical Shooters August 2023 All Classifier Match,2023-08-20,7,Cross Road Blues,4eb91228-3a9b-4a28-bbec-7070dbc127ab,Anthony Fong,8,87.43,2,91.52,Limited Optics,B,A142224,MINOR,,64.0674,61.2030,7.2495,9.38,13,,1,,,,,,,
48770d02-25e9-4b1d-af53-cfe80f9ba77e,Wallis Orchard Practical Shooters August 2023 All Classifier Match,2023-08-20,7,Cross Road Blues,4eb91228-3a9b-4a28-bbec-7070dbc127ab,Qingbang Cai,9,85.72,3,85.72,Carry Optics,A,A148273,MINOR,,60.0068,60.0068,7.1078,8.16,8,,6,,,,,,,
48770d02-25e9-4b1d-af53-cfe80f9ba77e,Wallis Orchard Practical Shooters August 2023 All Classifier Match,2023-08-20,7,Cross Road Blues,4eb91228-3a9b-4a28-bbec-7070dbc127ab,Matthew Michna,10,81.53,4,81.53,Carry Optics,A,A128405,MINOR,,57.0696,57.0696,6.7599,8.58,10,,2,2,,,,,,
48770d02-25e9-4b1d-af53-cfe80f9ba77e,Wallis Orchard Practical Shooters August 2023 All Classifier Match,2023-08-20,7,Cross Road Blues,4eb91228-3a9b-4a28-bbec-7070dbc127ab,Tyler Kenny,11,81.40,3,85.21,Limited Optics,U,A148691,MINOR,,59.6460,56.9793,6.7492,8.89,10,,3,1,,,,,,
48770d02-25e9-4b1d-af53-cfe80f9ba77e,Wallis Orchard Practical Shooters August 2023 All Classifier Match,2023-08-20,7,Cross Road Blues,4eb91228-3a9b-4a28-bbec-7070dbc127ab,Hunter Andras,12,81.17,2,84.12,PCC,U,TY140415,MINOR,,58.8858,56.8155,6.7298,9.51,11,,3,,,,,,,
48770d02-25e9-4b1d-af53-cfe80f9ba77e,Wallis Orchard Practical Shooters August 2023 All Classifier Match,2023-08-20,7,Cross Road Blues,4eb91228-3a9b-4a28-bbec-7070dbc127ab,Robert Layton,13,79.92,4,83.66,Limited Optics,U,TY143915,MINOR,Law Enforcement,58.5616,55.9434,6.6265,9.96,12,,2,,,,,,,
48770d02-25e9-4b1d-af53-cfe80f9ba77e,Wallis Orchard Practical Shooters August 2023 All Classifier Match,2023-08-20,7,Cross Road Blues,4eb91228-3a9b-4a28-bbec-7070dbc127ab,Chez Chike-Udenze,14,79.04,5,82.74,Limited Optics,U,A138598,MINOR,,57.9156,55.3263,6.5534,8.24,8,,4,2,,,,,,
48770d02-25e9-4b1d-af53-cfe80f9ba77e,Wallis Orchard Practical Shooters August 2023 All Classifier Match,2023-08-20,7,Cross Road Blues,4eb91228-3a9b-4a28-bbec-7070dbc127ab,Michael Hanover,15,78.16,6,81.81,Limited Optics,B,A146302,MINOR,,57.2705,54.7100,6.4804,8.95,8,,6,,,,,,,
48770d02-25e9-4b1d-af53-cfe80f9ba77e,Wallis Orchard Practical Shooters August 2023 All Classifier Match,2023-08-20,7,Cross Road Blues,4eb91228-3a9b-4a28-bbec-7070dbc127ab,Berrhett Foss,16,78.07,5,78.07,Carry Optics,U,A143624,MINOR,,54.6492,54.6492,6.4732,8.96,9,,4,1,,,,,,
48770d02-25e9-4b1d-af53-cfe80f9ba77e,Wallis Orchard Practical Shooters August 2023 All Classifier Match,2023-08-20,7,Cross Road Blues,4eb91228-3a9b-4a28-bbec-7070dbc127ab,Ashley Krenek,17,77.51,7,81.13,Limited Optics,U,TY92392,MINOR,Lady,56.7941,54.2550,6.4265,10.27,12,,2,,,,,,,
48770d02-25e9-4b1d-af53-cfe80f9ba77e,Wallis Orchard Practical Shooters August 2023 All Classifier Match,2023-08-20,7,Cross Road Blues,4eb91228-3a9b-4a28-bbec-7070dbc127ab,Doug Joder,18,75.68,3,78.44,PCC,B,TY115020,MINOR,,54.9089,52.9785,6.2753,9.88,10,,4,,,,,,,
48770d02-25e9-4b1d-af53-cfe80f9ba77e,Wallis Orchard Practical Shooters August 2023 All Classifier Match,2023-08-20,7,Cross Road Blues,4eb91228-3a9b-4a28-bbec-7070dbc127ab,Kristen Day,19,73.65,1,100.00,Limited,C,TY121933,MINOR,Lady,70.0000,51.5568,6.1069,10.48,11,,3,,,,,,,
48770d02-25e9-4b1d-af53-cfe80f9ba77e,Wallis Orchard Practical Shooters August 2023 All Classifier Match,2023-08-20,7,Cross Road Blues,4eb91228-3a9b-4a28-bbec-7070dbc127ab,Jonathan Warrender,20,72.71,8,76.12,Limited Optics,,Ty86145,MINOR,,53.2821,50.9000,6.0291,9.62,8,,6,,,,,,,
48770d02-25e9-4b1d-af53-cfe80f9ba77e,Wallis Orchard Practical Shooters August 2023 All Classifier Match,2023-08-20,7,Cross Road Blues,4eb91228-3a9b-4a28-bbec-7070dbc127ab,Taylor Stansberry,21,72.64,4,75.11,Open,U,TY143801,MAJOR,,52.5770,50.8485,6.0230,11.29,12,,2,,,,,,,
48770d02-25e9-4b1d-af53-cfe80f9ba77e,Wallis Orchard Practical Shooters August 2023 All Classifier Match,2023-08-20,7,Cross Road Blues,4eb91228-3a9b-4a28-bbec-7070dbc127ab,Wei Zhang,22,72.51,4,75.15,PCC,U,FY140383,MINOR,,52.6050,50.7556,6.0120,9.98,9,,5,,,,,,,
48770d02-25e9-4b1d-af53-cfe80f9ba77e,Wallis Orchard Practical Shooters August 2023 All Classifier Match,2023-08-20,7,Cross Road Blues,4eb91228-3a9b-4a28-bbec-7070dbc127ab,Heath Helgeson,23,69.92,6,69.92,Carry Optics,C,A,MINOR,,48.9413,48.9413,5.7971,10.35,10,,3,1,,,,,,
48770d02-25e9-4b1d-af53-cfe80f9ba77e,Wallis Orchard Practical Shooters August 2023 All Classifier Match,2023-08-20,7,Cross Road Blues,4eb91228-3a9b-4a28-bbec-7070dbc127ab,Jim Havens,24,69.14,9,72.37,Limited Optics,M,TY114636,MINOR,Senior,50.6609,48.3959,5.7325,7.85,10,,1,2,1,,,,,
48770d02-25e9-4b1d-af53-cfe80f9ba77e,Wallis Orchard Practical Shooters August 2023 All Classifier Match,2023-08-20,7,Cross Road Blues,4eb91228-3a9b-4a28-bbec-7070dbc127ab,Pat Byrne,25,68.04,10,71.22,Limited Optics,B,Fy93921,MINOR,Super Senior,49.8567,47.6277,5.6415,10.99,10,,4,,,,,,,
48770d02-25e9-4b1d-af53-cfe80f9ba77e,Wallis Orchard Practical Shooters August 2023 All Classifier Match,2023-08-20,7,Cross Road Blues,4eb91228-3a9b-4a28-bbec-7070dbc127ab,Justin Walworth,26,67.83,5,70.31,PCC,U,a39547,MINOR,,49.2144,47.4842,5.6245,12.09,13,,1,,,,,,,
48770d02-25e9-4b1d-af53-cfe80f9ba77e,Wallis Orchard Practical Shooters August 2023 All Classifier Match,2023-08-20,7,Cross Road Blues,4eb91228-3a9b-4a28-bbec-7070dbc127ab,Karys Bellamy,27,67.73,7,67.73,Carry Optics,C,TY130774,MINOR,Lady; Junior,47.4116,47.4116,5.6159,11.04,10,,4,,,,,,,
48770d02-25e9-4b1d-af53-cfe80f9ba77e,Wallis Orchard Practical Shooters August 2023 All Classifier Match,2023-08-20,7,Cross Road Blues,4eb91228-3a9b-4a28-bbec-7070dbc127ab,Christian Canizales,28,67.51,8,67.51,Carry Optics,U,TY150265,MINOR,,47.2554,47.2554,5.5974,9.29,11,,2,1,,,1,,,
48770d02-25e9-4b1d-af53-cfe80f9ba77e,Wallis Orchard Practical Shooters August 2023 All Classifier Match,2023-08-20,7,Cross Road Blues,4eb91228-3a9b-4a28-bbec-7070dbc127ab,Gennady Khokhorin,29,67.18,1,100.00,Production,C,A123884,MINOR,Super Senior,70.0000,47.0283,5.5705,11.13,10,,4,,,,,,,
48770d02-25e9-4b1d-af53-cfe80f9ba77e,Wallis Orchard Practical Shooters August 2023 All Classifier Match,2023-08-20,7,Cross Road Blues,4eb91228-3a9b-4a28-bbec-7070dbc127ab,Gil Yolo,30,66.83,11,69.96,Limited Optics,U,L5228,MINOR,,48.9703,46.7809,5.5412,7.76,7,,6,,1,,,,,
48770d02-25e9-4b1d-af53-cfe80f9ba77e,Wallis Orchard Practical Shooters August 2023 All Classifier Match,2023-08-20,7,Cross Road Blues,4eb91228-3a9b-4a28-bbec-7070dbc127ab,Alan Orr,31,65.96,12,69.04,Limited Optics,U,A149462,MINOR,Senior,48.3305,46.1697,5.4688,10.24,7,,7,,,,,,,
48770d02-25e9-4b1d-af53-cfe80f9ba77e,Wallis Orchard Practical Shooters August 2023 All Classifier Match,2023-08-20,7,Cross Road Blues,4eb91228-3a9b-4a28-bbec-7070dbc127ab,Jerry Bedro,32,65.43,13,68.49,Limited Optics,U,A98263,MINOR,,47.9434,45.7999,5.4250,11.06,10,,3,1,,,,,,
48770d02-25e9-4b1d-af53-cfe80f9ba77e,Wallis Orchard Practical Shooters August 2023 All Classifier Match,2023-08-20,7,Cross Road Blues,4eb91228-3a9b-4a28-bbec-7070dbc127ab,Michael Whitley,33,64.30,9,64.30,Carry Optics,A,A111091,MINOR,,45.0114,45.0114,5.3316,7.69,7,,5,1,1,,,,,
48770d02-25e9-4b1d-af53-cfe80f9ba77e,Wallis Orchard Practical Shooters August 2023 All Classifier Match,2023-08-20,7,Cross Road Blues,4eb91228-3a9b-4a28-bbec-7070dbc127ab,Hugh Fullerton,34,63.54,14,66.51,Limited Optics,U,A140572,MINOR,,46.5568,44.4753,5.2681,10.63,9,,3,2,,,,,,
48770d02-25e9-4b1d-af53-cfe80f9ba77e,Wallis Orchard Practical Shooters August 2023 All Classifier Match,2023-08-20,7,Cross Road Blues,4eb91228-3a9b-4a28-bbec-7070dbc127ab,Chris Nagala,35,63.26,15,66.22,Limited Optics,U,Ty97712,MINOR,,46.3509,44.2786,5.2448,11.44,10,,3,1,,,,,,
48770d02-25e9-4b1d-af53-cfe80f9ba77e,Wallis Orchard Practical Shooters August 2023 All Classifier Match,2023-08-20,7,Cross Road Blues,4eb91228-3a9b-4a28-bbec-7070dbc127ab,Jeff Maxwell,36,63.17,10,63.17,Carry Optics,C,L4489,MINOR,Senior,44.2220,44.2220,5.2381,12.60,12,,2,,,,,,,
48770d02-25e9-4b1d-af53-cfe80f9ba77e,Wallis Orchard Practical Shooters August 2023 All Classifier Match,2023-08-20,7,Cross Road Blues,4eb91228-3a9b-4a28-bbec-7070dbc127ab,Adrian De La Fuente,37,63.00,11,63.00,Carry Optics,U,A149404,MINOR,,44.1022,44.1022,5.2239,10.72,8,,5,1,,,,,,
48770d02-25e9-4b1d-af53-cfe80f9ba77e,Wallis Orchard Practical Shooters August 2023 All Classifier Match,2023-08-20,7,Cross Road Blues,4eb91228-3a9b-4a28-bbec-7070dbc127ab,Jun Wu,38,62.92,16,65.87,Limited Optics,U,ty104927,MINOR,,46.1087,44.0473,5.2174,12.65,12,,2,,,,,,,
48770d02-25e9-4b1d-af53-cfe80f9ba77e,Wallis Orchard Practical Shooters August 2023 All Classifier Match,2023-08-20,7,Cross Road Blues,4eb91228-3a9b-4a28-bbec-7070dbc127ab,Brandon Hunt,39,62.41,12,62.41,Carry Optics,U,A150701,MINOR,,43.6893,43.6893,5.1750,13.14,13,,1,,,,,,,
48770d02-25e9-4b1d-af53-cfe80f9ba77e,Wallis Orchard Practical Shooters August 2023 All Classifier Match,2023-08-20,7,Cross Road Blues,4eb91228-3a9b-4a28-bbec-7070dbc127ab,Khai Nguyen,40,62.17,17,65.08,Limited Optics,U,A142353,MINOR,,45.5537,43.5171,5.1546,13.58,14,,,,,,,,,
48770d02-25e9-4b1d-af53-cfe80f9ba77e,Wallis Orchard Practical Shooters August 2023 All Classifier Match,2023-08-20,7,Cross Road Blues,4eb91228-3a9b-4a28-bbec-7070dbc127ab,Joseph Mondragon,41,62.08,6,64.34,PCC,U,A104549,MINOR,,45.0371,43.4538,5.1471,13.60,14,,,,,,,,,
48770d02-25e9-4b1d-af53-cfe80f9ba77e,Wallis Orchard Practical Shooters August 2023 All Classifier Match,2023-08-20,7,Cross Road Blues,4eb91228-3a9b-4a28-bbec-7070dbc127ab,Taylor Latham,42,61.73,2,83.81,Limited,B,TY39841,MAJOR,Senior,58.6694,43.2115,5.1184,13.09,11,,3,,,,,,,
48770d02-25e9-4b1d-af53-cfe80f9ba77e,Wallis Orchard Practical Shooters August 2023 All Classifier Match,2023-08-20,7,Cross Road Blues,4eb91228-3a9b-4a28-bbec-7070dbc127ab,Miguel Gonzalez,43,61.27,3,83.18,Limited,C,A142148,MINOR,,58.2292,42.8873,5.0800,10.63,8,,4,2,,,,,,
48770d02-25e9-4b1d-af53-cfe80f9ba77e,Wallis Orchard Practical Shooters August 2023 All Classifier Match,2023-08-20,7,Cross Road Blues,4eb91228-3a9b-4a28-bbec-7070dbc127ab,Ray Pennington,44,60.75,18,63.60,Limited Optics,C,A107654,MINOR,Senior,44.5171,42.5268,5.0373,10.72,8,,4,2,,,,,,
48770d02-25e9-4b1d-af53-cfe80f9ba77e,Wallis Orchard Practical Shooters August 2023 All Classifier Match,2023-08-20,7,Cross Road Blues,4eb91228-3a9b-4a28-bbec-7070dbc127ab,Duane Bellamy,45,60.30,13,60.30,Carry Optics,C,A133284,MINOR,,42.2119,42.2119,5.0000,12.40,10,,4,,,,,,,
48770d02-25e9-4b1d-af53-cfe80f9ba77e,Wallis Orchard Practical Shooters August 2023 All Classifier Match,2023-08-20,7,Cross Road Blues,4eb91228-3a9b-4a28-bbec-7070dbc127ab,jordan fleming,46,59.18,14,59.18,Carry Optics,U,A151651,MINOR,Junior,41.4259,41.4259,4.9069,11.82,13,,1,,,,1,,,
48770d02-25e9-4b1d-af53-cfe80f9ba77e,Wallis Orchard Practical Shooters August 2023 All Classifier Match,2023-08-20,7,Cross Road Blues,4eb91228-3a9b-4a28-bbec-7070dbc127ab,Karen Brusatori,47,59.13,5,61.14,Open,U,A149998,MINOR,Lady,42.7984,41.3913,4.9028,11.83,8,,6,,,,,,,
48770d02-25e9-4b1d-af53-cfe80f9ba77e,Wallis Orchard Practical Shooters August 2023 All Classifier Match,2023-08-20,7,Cross Road Blues,4eb91228-3a9b-4a28-bbec-7070dbc127ab,Abrahan Figueroa,48,57.86,15,57.86,Carry Optics,U,TY54053,MINOR,Senior,40.5015,40.5015,4.7974,12.09,13,,1,,,,1,,,
48770d02-25e9-4b1d-af53-cfe80f9ba77e,Wallis Orchard Practical Shooters August 2023 All Classifier Match,2023-08-20,7,Cross Road Blues,4eb91228-3a9b-4a28-bbec-7070dbc127ab,Paul White,49,57.53,19,60.22,Limited Optics,U,A147201,MINOR,,42.1548,40.2702,4.7700,11.74,8,,5,1,,,,,,
48770d02-25e9-4b1d-af53-cfe80f9ba77e,Wallis Orchard Practical Shooters August 2023 All Classifier Match,2023-08-20,7,Cross Road Blues,4eb91228-3a9b-4a28-bbec-7070dbc127ab,Jeannie Marrone,50,56.20,6,58.11,Open,C,Ty133357,MAJOR,Lady; Super Senior,40.6745,39.3373,4.6595,13.95,11,,2,1,,,,,,
48770d02-25e9-4b1d-af53-cfe80f9ba77e,Wallis Orchard Practical Shooters August 2023 All Classifier Match,2023-08-20,7,Cross Road Blues,4eb91228-3a9b-4a28-bbec-7070dbc127ab,Robin Chen,51,55.22,16,55.22,Carry Optics,D,A152878,MINOR,Lady; Law Enforcement,38.6509,38.6509,4.5782,15.29,14,,,,,,,,,
48770d02-25e9-4b1d-af53-cfe80f9ba77e,Wallis Orchard Practical Shooters August 2023 All Classifier Match,2023-08-20,7,Cross Road Blues,4eb91228-3a9b-4a28-bbec-7070dbc127ab,Carlos Escandon,52,54.98,1,100.00,Single Stack,A,L2590,MAJOR,Super Senior,70.0000,38.4863,4.5587,10.31,7,,5,1,1,,,,,
48770d02-25e9-4b1d-af53-cfe80f9ba77e,Wallis Orchard Practical Shooters August 2023 All Classifier Match,2023-08-20,7,Cross Road Blues,4eb91228-3a9b-4a28-bbec-7070dbc127ab,Kacie Tapanila,53,54.70,17,54.70,Carry Optics,U,A135389,MINOR,Lady,38.2870,38.2870,4.5351,13.23,9,,5,,,,,,,
48770d02-25e9-4b1d-af53-cfe80f9ba77e,Wallis Orchard Practical Shooters August 2023 All Classifier Match,2023-08-20,7,Cross Road Blues,4eb91228-3a9b-4a28-bbec-7070dbc127ab,Todd Ellison,54,54.00,18,54.00,Carry Optics,C,A137376,MINOR,,37.8016,37.8016,4.4776,13.40,10,,3,1,,,,,,
48770d02-25e9-4b1d-af53-cfe80f9ba77e,Wallis Orchard Practical Shooters August 2023 All Classifier Match,2023-08-20,7,Cross Road Blues,4eb91228-3a9b-4a28-bbec-7070dbc127ab,Steven McKinney,55,53.60,19,53.60,Carry Optics,U,A104027,MINOR,,37.5213,37.5213,4.4444,13.50,9,,5,,,,,,,
48770d02-25e9-4b1d-af53-cfe80f9ba77e,Wallis Orchard Practical Shooters August 2023 All Classifier Match,2023-08-20,7,Cross Road Blues,4eb91228-3a9b-4a28-bbec-7070dbc127ab,Art Nelson,56,53.60,20,53.60,Carry Optics,U,Ty116323,MINOR,,37.5213,37.5213,4.4444,14.40,11,,3,,,,,,,
48770d02-25e9-4b1d-af53-cfe80f9ba77e,Wallis Orchard Practical Shooters August 2023 All Classifier Match,2023-08-20,7,Cross Road Blues,4eb91228-3a9b-4a28-bbec-7070dbc127ab,Loren Brusatori,57,52.92,7,54.72,Open,U,A149999,MINOR,,38.3063,37.0469,4.3882,11.85,5,,9,,,,,,,
48770d02-25e9-4b1d-af53-cfe80f9ba77e,Wallis Orchard Practical Shooters August 2023 All Classifier Match,2023-08-20,7,Cross Road Blues,4eb91228-3a9b-4a28-bbec-7070dbc127ab,John Ren,58,50.17,4,68.12,Limited,U,A152674,MINOR,,47.6838,35.1203,4.1600,12.50,6,,7,1,,,,,,
48770d02-25e9-4b1d-af53-cfe80f9ba77e,Wallis Orchard Practical Shooters August 2023 All Classifier Match,2023-08-20,7,Cross Road Blues,4eb91228-3a9b-4a28-bbec-7070dbc127ab,Jeremiah Hunt,59,50.16,20,52.51,Limited Optics,U,A148592,MINOR,,36.7587,35.1152,4.1594,11.54,9,,4,1,,,,1,,
48770d02-25e9-4b1d-af53-cfe80f9ba77e,Wallis Orchard Practical Shooters August 2023 All Classifier Match,2023-08-20,7,Cross Road Blues,4eb91228-3a9b-4a28-bbec-7070dbc127ab,Jon Lee,60,48.69,21,50.97,Limited Optics,U,L5532,MINOR,,35.6796,34.0844,4.0373,12.88,6,,7,1,,,,,,
48770d02-25e9-4b1d-af53-cfe80f9ba77e,Wallis Orchard Practical Shooters August 2023 All Classifier Match,2023-08-20,7,Cross Road Blues,4eb91228-3a9b-4a28-bbec-7070dbc127ab,Amber Chike-Udenze,61,45.16,21,45.16,Carry Optics,C,A138974,MINOR,Lady,31.6142,31.6142,3.7447,11.75,6,,3,5,,,,,,
48770d02-25e9-4b1d-af53-cfe80f9ba77e,Wallis Orchard Practical Shooters August 2023 All Classifier Match,2023-08-20,7,Cross Road Blues,4eb91228-3a9b-4a28-bbec-7070dbc127ab,Joseph White,62,44.81,22,44.81,Carry Optics,B,A135489,MINOR,Law Enforcement,31.3677,31.3677,3.7155,9.42,9,,3,1,1,,1,,,
48770d02-25e9-4b1d-af53-cfe80f9ba77e,Wallis Orchard Practical Shooters August 2023 All Classifier Match,2023-08-20,7,Cross Road Blues,4eb91228-3a9b-4a28-bbec-7070dbc127ab,Benjamin Michael,63,44.35,23,44.35,Carry Optics,C,L5472,MINOR,,31.0435,31.0435,3.6771,11.15,9,,1,3,1,,,,,
48770d02-25e9-4b1d-af53-cfe80f9ba77e,Wallis Orchard Practical Shooters August 2023 All Classifier Match,2023-08-20,7,Cross Road Blues,4eb91228-3a9b-4a28-bbec-7070dbc127ab,Andrew Reynolds,64,44.23,2,65.83,Production,U,A106874,MINOR,,46.0802,30.9582,3.6670,10.09,5,,7,1,1,,,,,
48770d02-25e9-4b1d-af53-cfe80f9ba77e,Wallis Orchard Practical Shooters August 2023 All Classifier Match,2023-08-20,7,Cross Road Blues,4eb91228-3a9b-4a28-bbec-7070dbc127ab,Dan Schreiber,65,43.50,22,45.54,Limited Optics,U,A147899,MAJOR,Senior,31.8759,30.4508,3.6069,19.13,13,,1,,,,,,,
48770d02-25e9-4b1d-af53-cfe80f9ba77e,Wallis Orchard Practical Shooters August 2023 All Classifier Match,2023-08-20,7,Cross Road Blues,4eb91228-3a9b-4a28-bbec-7070dbc127ab,Michael Pontious,66,43.28,24,43.28,Carry Optics,B,Fy94575,MINOR,Senior,30.2972,30.2972,3.5887,10.31,5,,7,1,1,,,,,
48770d02-25e9-4b1d-af53-cfe80f9ba77e,Wallis Orchard Practical Shooters August 2023 All Classifier Match,2023-08-20,7,Cross Road Blues,4eb91228-3a9b-4a28-bbec-7070dbc127ab,George Zhou,67,41.68,23,43.63,Limited Optics,U,A146179,MINOR,Senior,30.5441,29.1786,3.4562,8.68,8,,3,1,2,,,,,
48770d02-25e9-4b1d-af53-cfe80f9ba77e,Wallis Orchard Practical Shooters August 2023 All Classifier Match,2023-08-20,7,Cross Road Blues,4eb91228-3a9b-4a28-bbec-7070dbc127ab,TRAIN YU,68,38.30,25,38.30,Carry Optics,U,A142824,MINOR,Foreign,26.8130,26.8130,3.1760,11.65,9,,4,,1,,1,,,
48770d02-25e9-4b1d-af53-cfe80f9ba77e,Wallis Orchard Practical Shooters August 2023 All Classifier Match,2023-08-20,7,Cross Road Blues,4eb91228-3a9b-4a28-bbec-7070dbc127ab,Joshua Day,69,38.01,5,51.60,Limited,U,TY152321,MINOR,,36.1216,26.6045,3.1513,9.52,7,,5,,2,,,,,
48770d02-25e9-4b1d-af53-cfe80f9ba77e,Wallis Orchard Practical Shooters August 2023 All Classifier Match,2023-08-20,7,Cross Road Blues,4eb91228-3a9b-4a28-bbec-7070dbc127ab,Matthew Givens,70,34.73,24,36.35,Limited Optics,U,Ty137686,MINOR,,25.4458,24.3081,2.8793,18.06,9,,1,4,,,,,,
48770d02-25e9-4b1d-af53-cfe80f9ba77e,Wallis Orchard Practical Shooters August 2023 All Classifier Match,2023-08-20,7,Cross Road Blues,4eb91228-3a9b-4a28-bbec-7070dbc127ab,Ryan Ngo,71,27.62,25,28.91,Limited Optics,C,TY132318,MINOR,,20.2387,19.3339,2.2901,9.17,9,,2,,3,,,,,
48770d02-25e9-4b1d-af53-cfe80f9ba77e,Wallis Orchard Practical Shooters August 2023 All Classifier Match,2023-08-20,7,Cross Road Blues,4eb91228-3a9b-4a28-bbec-7070dbc127ab,Ivan Battle,72,7.04,26,7.04,Carry Optics,U,A151905,MINOR,,4.9312,4.9312,0.5841,17.12,8,,3,1,2,,2,,,
48770d02-25e9-4b1d-af53-cfe80f9ba77e,Wallis Orchard Practical Shooters August 2023 All Classifier Match,2023-08-20,7,Cross Road Blues,4eb91228-3a9b-4a28-bbec-7070dbc127ab,Kicker Cardenas,73,0.00,6,0.00,Limited,U,,MINOR,Lady,0.0000,0.0000,,,,,,,,,,,,
48770d02-25e9-4b1d-af53-cfe80f9ba77e,Wallis Orchard Practical Shooters August 2023 All Classifier Match,2023-08-20,7,Cross Road Blues,4eb91228-3a9b-4a28-bbec-7070dbc127ab,Bob Klee,74,0.00,7,0.00,Limited,U,A135792,MINOR,Senior,0.0000,0.0000,,,,,,,,,,,,
48770d02-25e9-4b1d-af53-cfe80f9ba77e,Wallis Orchard Practical Shooters August 2023 All Classifier Match,2023-08-20,7,Cross Road Blues,4eb91228-3a9b-4a28-bbec-7070dbc127ab,Jonathan Zook,75,0.00,27,0.00,Carry Optics,U,A151939,MINOR,,0.0000,0.0000,0.0000,10.65,6,,3,1,4,,1,,,
48770d02-25e9-4b1d-af53-cfe80f9ba77e,Wallis Orchard Practical Shooters August 2023 All Classifier Match,2023-08-20,7,Cross Road Blues,4eb91228-3a9b-4a28-bbec-7070dbc127ab,Edward Yu,76,0.00,28,0.00,Carry Optics,U,A148356,MINOR,Law Enforcement,0.0000,0.0000,0.0000,14.20,6,,4,2,2,,3,,,
