match_id,match_name,match_date,stage_number,stage_name,stage_uuid,shooter_name,shooter_rank_combined,shooter_percent_combined,shooter_rank_division,shooter_percent_division,division,class,member_number,power_factor,categories,stage_points,stage_points_combined,hit_factor,time,A,B,C,D,M,NPM,NS,Proc,Apen
65ecbe20-63e3-4d6c-b382-02faf68b3e22,Thunder Tactical Shooters USPSA Match 9AUG2025,2025-08-09,1,Stage 1 Bay 1 Sucker Punch,b56ddc29-9e3a-4d27-bd6b-61cb25201870,Albert Montanez,1,100.00,1,100.00,PCC,M,TY101554,MINOR,,95.0000,95.0000,8.9990,9.89,17,,1,1,,,,,
65ecbe20-63e3-4d6c-b382-02faf68b3e22,Thunder Tactical Shooters USPSA Match 9AUG2025,2025-08-09,1,Stage 1 Bay 1 Sucker Punch,b56ddc29-9e3a-4d27-bd6b-61cb25201870,Joseph White,2,94.81,1,100.00,Carry Optics,M,A135478,MINOR,Law Enforcement,95.0000,90.0668,8.5317,10.08,16,,2,,,1,,,
65ecbe20-63e3-4d6c-b382-02faf68b3e22,Thunder Tactical Shooters USPSA Match 9AUG2025,2025-08-09,1,Stage 1 Bay 1 Sucker Punch,b56ddc29-9e3a-4d27-bd6b-61cb25201870,Marco Yue,3,90.24,1,100.00,Limited Optics,B,L5762,MINOR,,95.0000,85.7249,8.1204,10.96,16,,3,,,,,,
65ecbe20-63e3-4d6c-b382-02faf68b3e22,Thunder Tactical Shooters USPSA Match 9AUG2025,2025-08-09,1,Stage 1 Bay 1 Sucker Punch,b56ddc29-9e3a-4d27-bd6b-61cb25201870,Albert Legislador,4,89.66,2,89.66,PCC,B,TY91787,MINOR,Senior,85.1812,85.1812,8.0689,11.03,16,,3,,,,,,
65ecbe20-63e3-4d6c-b382-02faf68b3e22,Thunder Tactical Shooters USPSA Match 9AUG2025,2025-08-09,1,Stage 1 Bay 1 Sucker Punch,b56ddc29-9e3a-4d27-bd6b-61cb25201870,Drew Yang,5,89.10,2,93.98,Carry Optics,B,FY138478,MINOR,,89.2800,84.6438,8.0180,11.10,17,,1,1,,,,,
65ecbe20-63e3-4d6c-b382-02faf68b3e22,Thunder Tactical Shooters USPSA Match 9AUG2025,2025-08-09,1,Stage 1 Bay 1 Sucker Punch,b56ddc29-9e3a-4d27-bd6b-61cb25201870,Daniell Gianelloni,6,88.61,3,93.47,Carry Optics,M,FY134287,MINOR,Law Enforcement,88.7934,84.1825,7.9743,10.91,15,,4,,,,,,
65ecbe20-63e3-4d6c-b382-02faf68b3e22,Thunder Tactical Shooters USPSA Match 9AUG2025,2025-08-09,1,Stage 1 Bay 1 Sucker Punch,b56ddc29-9e3a-4d27-bd6b-61cb25201870,Anthony Fong,7,88.54,2,98.12,Limited Optics,M,A142224,MINOR,,93.2147,84.1139,7.9678,11.17,16,,3,,,,,,
65ecbe20-63e3-4d6c-b382-02faf68b3e22,Thunder Tactical Shooters USPSA Match 9AUG2025,2025-08-09,1,Stage 1 Bay 1 Sucker Punch,b56ddc29-9e3a-4d27-bd6b-61cb25201870,Momoy Tuazon,8,88.28,3,97.83,Limited Optics,U,.,MINOR,,92.9351,83.8616,7.9439,10.70,15,,3,1,,,,,
65ecbe20-63e3-4d6c-b382-02faf68b3e22,Thunder Tactical Shooters USPSA Match 9AUG2025,2025-08-09,1,Stage 1 Bay 1 Sucker Punch,b56ddc29-9e3a-4d27-bd6b-61cb25201870,Olayemi Bakare,9,87.68,4,97.16,Limited Optics,A,A105300,MINOR,,92.3057,83.2936,7.8901,11.28,17,,1,1,,,,,
65ecbe20-63e3-4d6c-b382-02faf68b3e22,Thunder Tactical Shooters USPSA Match 9AUG2025,2025-08-09,1,Stage 1 Bay 1 Sucker Punch,b56ddc29-9e3a-4d27-bd6b-61cb25201870,Phillip Nguyen,10,87.29,5,96.73,Limited Optics,M,Ty152423,MINOR,,91.8951,82.9231,7.8550,9.93,13,,4,1,,1,,,
65ecbe20-63e3-4d6c-b382-02faf68b3e22,Thunder Tactical Shooters USPSA Match 9AUG2025,2025-08-09,1,Stage 1 Bay 1 Sucker Punch,b56ddc29-9e3a-4d27-bd6b-61cb25201870,Anthony Giuliano,11,86.17,4,90.89,Carry Optics,A,A152263,MINOR,Law Enforcement,86.3481,81.8643,7.7547,11.09,16,,2,,,1,,,
65ecbe20-63e3-4d6c-b382-02faf68b3e22,Thunder Tactical Shooters USPSA Match 9AUG2025,2025-08-09,1,Stage 1 Bay 1 Sucker Punch,b56ddc29-9e3a-4d27-bd6b-61cb25201870,Ivan Velazquez,12,85.92,5,90.62,Carry Optics,A,A108486,MINOR,,86.0898,81.6193,7.7315,11.77,17,,2,,,,,,
65ecbe20-63e3-4d6c-b382-02faf68b3e22,Thunder Tactical Shooters USPSA Match 9AUG2025,2025-08-09,1,Stage 1 Bay 1 Sucker Punch,b56ddc29-9e3a-4d27-bd6b-61cb25201870,Craig Bellamy,13,82.40,6,86.91,Carry Optics,G,TY54824,MINOR,Law Enforcement,82.5634,78.2760,7.4148,9.98,15,,3,,1,,,,
65ecbe20-63e3-4d6c-b382-02faf68b3e22,Thunder Tactical Shooters USPSA Match 9AUG2025,2025-08-09,1,Stage 1 Bay 1 Sucker Punch,b56ddc29-9e3a-4d27-bd6b-61cb25201870,Cholai Sioson,14,82.07,1,100.00,Open,U,A137810,MAJOR,,95.0000,77.9709,7.3859,12.05,15,,3,1,,,,,
65ecbe20-63e3-4d6c-b382-02faf68b3e22,Thunder Tactical Shooters USPSA Match 9AUG2025,2025-08-09,1,Stage 1 Bay 1 Sucker Punch,b56ddc29-9e3a-4d27-bd6b-61cb25201870,Shawn Prosen,15,81.90,7,86.39,Carry Optics,B,A165388,MINOR,,82.0679,77.8063,7.3703,10.99,14,,3,2,,,,,
65ecbe20-63e3-4d6c-b382-02faf68b3e22,Thunder Tactical Shooters USPSA Match 9AUG2025,2025-08-09,1,Stage 1 Bay 1 Sucker Punch,b56ddc29-9e3a-4d27-bd6b-61cb25201870,Ryan Morgan,16,81.77,2,99.62,Open,C,A147606,MINOR,,94.6437,77.6785,7.3582,11.28,15,,2,2,,,,,
65ecbe20-63e3-4d6c-b382-02faf68b3e22,Thunder Tactical Shooters USPSA Match 9AUG2025,2025-08-09,1,Stage 1 Bay 1 Sucker Punch,b56ddc29-9e3a-4d27-bd6b-61cb25201870,Jacob Bernal,17,80.93,6,89.68,Limited Optics,B,A160508,MINOR,,85.1998,76.8815,7.2827,12.77,18,,1,,,,,,
65ecbe20-63e3-4d6c-b382-02faf68b3e22,Thunder Tactical Shooters USPSA Match 9AUG2025,2025-08-09,1,Stage 1 Bay 1 Sucker Punch,b56ddc29-9e3a-4d27-bd6b-61cb25201870,Tyler Denmon,18,80.05,7,88.71,Limited Optics,A,A156054,MINOR,,84.2721,76.0443,7.2034,11.80,15,,3,1,,,,,
65ecbe20-63e3-4d6c-b382-02faf68b3e22,Thunder Tactical Shooters USPSA Match 9AUG2025,2025-08-09,1,Stage 1 Bay 1 Sucker Punch,b56ddc29-9e3a-4d27-bd6b-61cb25201870,Josh Munoz,19,79.72,8,84.09,Carry Optics,A,A163367,MINOR,,79.8832,75.7350,7.1741,11.43,14,,4,,,1,,,
65ecbe20-63e3-4d6c-b382-02faf68b3e22,Thunder Tactical Shooters USPSA Match 9AUG2025,2025-08-09,1,Stage 1 Bay 1 Sucker Punch,b56ddc29-9e3a-4d27-bd6b-61cb25201870,Roger Feng,20,78.41,9,82.70,Carry Optics,A,A157776,MINOR,,78.5648,74.4851,7.0557,11.48,14,,3,2,,,,,
65ecbe20-63e3-4d6c-b382-02faf68b3e22,Thunder Tactical Shooters USPSA Match 9AUG2025,2025-08-09,1,Stage 1 Bay 1 Sucker Punch,b56ddc29-9e3a-4d27-bd6b-61cb25201870,Seth Dickens,21,78.21,10,82.49,Carry Optics,C,A165855,MINOR,,78.3666,74.2972,7.0379,12.93,17,,2,,,,,,
65ecbe20-63e3-4d6c-b382-02faf68b3e22,Thunder Tactical Shooters USPSA Match 9AUG2025,2025-08-09,1,Stage 1 Bay 1 Sucker Punch,b56ddc29-9e3a-4d27-bd6b-61cb25201870,Manny Nerona,22,77.64,11,81.90,Carry Optics,B,A69445,MINOR,,77.8021,73.7620,6.9872,13.31,18,,1,,,,,,
65ecbe20-63e3-4d6c-b382-02faf68b3e22,Thunder Tactical Shooters USPSA Match 9AUG2025,2025-08-09,1,Stage 1 Bay 1 Sucker Punch,b56ddc29-9e3a-4d27-bd6b-61cb25201870,Derek Lowrance,23,77.27,8,85.63,Limited Optics,U,A169029,MINOR,,81.3438,73.4020,6.9531,12.80,17,,1,1,,,,,
65ecbe20-63e3-4d6c-b382-02faf68b3e22,Thunder Tactical Shooters USPSA Match 9AUG2025,2025-08-09,1,Stage 1 Bay 1 Sucker Punch,b56ddc29-9e3a-4d27-bd6b-61cb25201870,Will Goglas,24,77.11,3,93.95,Open,B,A154790,MAJOR,,89.2544,73.2553,6.9392,10.52,13,,4,1,1,,,,
65ecbe20-63e3-4d6c-b382-02faf68b3e22,Thunder Tactical Shooters USPSA Match 9AUG2025,2025-08-09,1,Stage 1 Bay 1 Sucker Punch,b56ddc29-9e3a-4d27-bd6b-61cb25201870,Karys Bellamy,25,77.10,9,85.44,Limited Optics,B,Ty130774,MINOR,Law Enforcement,81.1648,73.2405,6.9378,12.54,16,,2,1,,,,,
65ecbe20-63e3-4d6c-b382-02faf68b3e22,Thunder Tactical Shooters USPSA Match 9AUG2025,2025-08-09,1,Stage 1 Bay 1 Sucker Punch,b56ddc29-9e3a-4d27-bd6b-61cb25201870,Vadim Berezanskiy,26,75.44,10,83.61,Limited Optics,B,a95979,MINOR,,79.4252,71.6707,6.7891,12.52,16,,1,2,,,,,
65ecbe20-63e3-4d6c-b382-02faf68b3e22,Thunder Tactical Shooters USPSA Match 9AUG2025,2025-08-09,1,Stage 1 Bay 1 Sucker Punch,b56ddc29-9e3a-4d27-bd6b-61cb25201870,Yul Kwan,27,74.96,4,91.33,Open,C,A156984,MAJOR,Senior,86.7655,71.2125,6.7457,13.49,17,,1,1,,,,,
65ecbe20-63e3-4d6c-b382-02faf68b3e22,Thunder Tactical Shooters USPSA Match 9AUG2025,2025-08-09,1,Stage 1 Bay 1 Sucker Punch,b56ddc29-9e3a-4d27-bd6b-61cb25201870,james rogers,28,72.94,11,80.83,Limited Optics,B,A101402,MINOR,Law Enforcement,76.7918,69.2944,6.5640,12.34,13,,5,1,,,,,
65ecbe20-63e3-4d6c-b382-02faf68b3e22,Thunder Tactical Shooters USPSA Match 9AUG2025,2025-08-09,1,Stage 1 Bay 1 Sucker Punch,b56ddc29-9e3a-4d27-bd6b-61cb25201870,Jack Liu,29,72.90,3,72.90,PCC,M,L6156,MINOR,,69.2553,69.2553,6.5603,11.28,10,,8,,,1,,,
65ecbe20-63e3-4d6c-b382-02faf68b3e22,Thunder Tactical Shooters USPSA Match 9AUG2025,2025-08-09,1,Stage 1 Bay 1 Sucker Punch,b56ddc29-9e3a-4d27-bd6b-61cb25201870,Janice Pacleb,30,72.39,5,88.20,Open,B,Ty75597,MAJOR,Lady,83.7853,68.7665,6.5140,13.97,17,,1,1,,,,,
65ecbe20-63e3-4d6c-b382-02faf68b3e22,Thunder Tactical Shooters USPSA Match 9AUG2025,2025-08-09,1,Stage 1 Bay 1 Sucker Punch,b56ddc29-9e3a-4d27-bd6b-61cb25201870,James O'Flaherty,31,71.42,12,79.15,Limited Optics,B,FY100318,MINOR,Senior; Law Enforcement,75.1879,67.8470,6.4269,13.07,15,,3,,,1,,,
65ecbe20-63e3-4d6c-b382-02faf68b3e22,Thunder Tactical Shooters USPSA Match 9AUG2025,2025-08-09,1,Stage 1 Bay 1 Sucker Punch,b56ddc29-9e3a-4d27-bd6b-61cb25201870,John Ren,32,71.23,12,75.14,Carry Optics,B,A168570,MINOR,,71.3783,67.6718,6.4103,13.26,14,,5,,,,,,
65ecbe20-63e3-4d6c-b382-02faf68b3e22,Thunder Tactical Shooters USPSA Match 9AUG2025,2025-08-09,1,Stage 1 Bay 1 Sucker Punch,b56ddc29-9e3a-4d27-bd6b-61cb25201870,Pocholo Dimayuga,33,70.21,13,74.05,Carry Optics,B,A106236,MINOR,,70.3517,66.6985,6.3181,13.77,16,,2,1,,,,,
65ecbe20-63e3-4d6c-b382-02faf68b3e22,Thunder Tactical Shooters USPSA Match 9AUG2025,2025-08-09,1,Stage 1 Bay 1 Sucker Punch,b56ddc29-9e3a-4d27-bd6b-61cb25201870,Yihao Zuo,34,69.23,13,76.72,Limited Optics,C,A165414,MINOR,,72.8879,65.7716,6.2303,12.68,13,,4,2,,,,,
65ecbe20-63e3-4d6c-b382-02faf68b3e22,Thunder Tactical Shooters USPSA Match 9AUG2025,2025-08-09,1,Stage 1 Bay 1 Sucker Punch,b56ddc29-9e3a-4d27-bd6b-61cb25201870,Edwin Buchwalter,35,68.99,6,84.06,Open,B,TY102903,MINOR,,79.8546,65.5404,6.2084,13.53,15,,3,,,1,,,
65ecbe20-63e3-4d6c-b382-02faf68b3e22,Thunder Tactical Shooters USPSA Match 9AUG2025,2025-08-09,1,Stage 1 Bay 1 Sucker Punch,b56ddc29-9e3a-4d27-bd6b-61cb25201870,Ross Pimentel,36,68.09,14,71.82,Carry Optics,C,A157753,MINOR,Senior,68.2316,64.6885,6.1277,11.75,11,,5,2,,1,,,
65ecbe20-63e3-4d6c-b382-02faf68b3e22,Thunder Tactical Shooters USPSA Match 9AUG2025,2025-08-09,1,Stage 1 Bay 1 Sucker Punch,b56ddc29-9e3a-4d27-bd6b-61cb25201870,Sean Frederick,37,67.61,15,71.31,Carry Optics,B,A149482,MINOR,,67.7472,64.2292,6.0842,12.82,13,,4,1,,1,,,
65ecbe20-63e3-4d6c-b382-02faf68b3e22,Thunder Tactical Shooters USPSA Match 9AUG2025,2025-08-09,1,Stage 1 Bay 1 Sucker Punch,b56ddc29-9e3a-4d27-bd6b-61cb25201870,Shaun Ebersole,38,67.23,14,74.50,Limited Optics,U,A160600,MINOR,,70.7797,63.8693,6.0501,14.38,16,,2,1,,,,,
65ecbe20-63e3-4d6c-b382-02faf68b3e22,Thunder Tactical Shooters USPSA Match 9AUG2025,2025-08-09,1,Stage 1 Bay 1 Sucker Punch,b56ddc29-9e3a-4d27-bd6b-61cb25201870,Gennady Khokhorin,39,63.32,1,100.00,Production,B,A123884,MINOR,Super Senior,95.0000,60.1522,5.6980,14.04,13,,5,,,1,,,
65ecbe20-63e3-4d6c-b382-02faf68b3e22,Thunder Tactical Shooters USPSA Match 9AUG2025,2025-08-09,1,Stage 1 Bay 1 Sucker Punch,b56ddc29-9e3a-4d27-bd6b-61cb25201870,Ryan Stegint,40,62.70,15,69.49,Limited Optics,C,A167764,MINOR,,66.0124,59.5674,5.6426,12.76,14,,4,,1,,,,
65ecbe20-63e3-4d6c-b382-02faf68b3e22,Thunder Tactical Shooters USPSA Match 9AUG2025,2025-08-09,1,Stage 1 Bay 1 Sucker Punch,b56ddc29-9e3a-4d27-bd6b-61cb25201870,vox esguerra,41,61.00,16,67.60,Limited Optics,U,A79097,MINOR,,64.2213,57.9512,5.4895,10.93,10,,6,2,1,,,,
65ecbe20-63e3-4d6c-b382-02faf68b3e22,Thunder Tactical Shooters USPSA Match 9AUG2025,2025-08-09,1,Stage 1 Bay 1 Sucker Punch,b56ddc29-9e3a-4d27-bd6b-61cb25201870,Dale Fike,42,60.47,4,60.47,PCC,B,A113427,MINOR,Senior,57.4465,57.4465,5.4417,14.15,17,,,2,,,1,,
65ecbe20-63e3-4d6c-b382-02faf68b3e22,Thunder Tactical Shooters USPSA Match 9AUG2025,2025-08-09,1,Stage 1 Bay 1 Sucker Punch,b56ddc29-9e3a-4d27-bd6b-61cb25201870,Christopher Wilkerson,43,60.05,16,63.34,Carry Optics,U,A161474,MINOR,Law Enforcement,60.1699,57.0454,5.4037,16.10,15,,4,,,,,,
65ecbe20-63e3-4d6c-b382-02faf68b3e22,Thunder Tactical Shooters USPSA Match 9AUG2025,2025-08-09,1,Stage 1 Bay 1 Sucker Punch,b56ddc29-9e3a-4d27-bd6b-61cb25201870,Michael Henss,44,59.78,17,66.25,Limited Optics,C,A56644,MINOR,,62.9402,56.7952,5.3800,14.87,14,,3,1,,1,,,
65ecbe20-63e3-4d6c-b382-02faf68b3e22,Thunder Tactical Shooters USPSA Match 9AUG2025,2025-08-09,1,Stage 1 Bay 1 Sucker Punch,b56ddc29-9e3a-4d27-bd6b-61cb25201870,Jay Bennett,45,59.44,17,62.70,Carry Optics,A,A77156,MINOR,Super Senior,59.5642,56.4711,5.3493,15.89,15,,3,1,,,,,
65ecbe20-63e3-4d6c-b382-02faf68b3e22,Thunder Tactical Shooters USPSA Match 9AUG2025,2025-08-09,1,Stage 1 Bay 1 Sucker Punch,b56ddc29-9e3a-4d27-bd6b-61cb25201870,Harlan Chen,46,59.31,18,65.73,Limited Optics,C,A163292,MINOR,,62.4395,56.3434,5.3372,17.05,17,,2,,,,,,
65ecbe20-63e3-4d6c-b382-02faf68b3e22,Thunder Tactical Shooters USPSA Match 9AUG2025,2025-08-09,1,Stage 1 Bay 1 Sucker Punch,b56ddc29-9e3a-4d27-bd6b-61cb25201870,Cristian Torquemada,47,57.35,19,63.55,Limited Optics,U,A171091,MINOR,,60.3770,54.4822,5.1609,18.02,18,,1,,,,,,
65ecbe20-63e3-4d6c-b382-02faf68b3e22,Thunder Tactical Shooters USPSA Match 9AUG2025,2025-08-09,1,Stage 1 Bay 1 Sucker Punch,b56ddc29-9e3a-4d27-bd6b-61cb25201870,David Zhang,48,57.15,20,63.33,Limited Optics,B,FY140383,MINOR,,60.1664,54.2922,5.1429,15.75,14,,3,2,,,,,
65ecbe20-63e3-4d6c-b382-02faf68b3e22,Thunder Tactical Shooters USPSA Match 9AUG2025,2025-08-09,1,Stage 1 Bay 1 Sucker Punch,b56ddc29-9e3a-4d27-bd6b-61cb25201870,Robert Strong,49,55.74,7,67.92,Open,C,TY135331,MINOR,,64.5201,52.9547,5.0162,12.36,14,,4,,1,,1,,
65ecbe20-63e3-4d6c-b382-02faf68b3e22,Thunder Tactical Shooters USPSA Match 9AUG2025,2025-08-09,1,Stage 1 Bay 1 Sucker Punch,b56ddc29-9e3a-4d27-bd6b-61cb25201870,Josh Vickers,50,55.18,1,100.00,Limited,U,A168865,MINOR,,95.0000,52.4205,4.9656,13.09,13,,3,1,1,1,,,
65ecbe20-63e3-4d6c-b382-02faf68b3e22,Thunder Tactical Shooters USPSA Match 9AUG2025,2025-08-09,1,Stage 1 Bay 1 Sucker Punch,b56ddc29-9e3a-4d27-bd6b-61cb25201870,Ernie Morales,51,54.30,21,60.18,Limited Optics,B,A169705,MINOR,,57.1680,51.5865,4.8866,17.19,16,,1,1,,1,,,
65ecbe20-63e3-4d6c-b382-02faf68b3e22,Thunder Tactical Shooters USPSA Match 9AUG2025,2025-08-09,1,Stage 1 Bay 1 Sucker Punch,b56ddc29-9e3a-4d27-bd6b-61cb25201870,Kenedy Nguyen,52,54.02,8,65.82,Open,B,A83862,MAJOR,,62.5329,51.3236,4.8617,11.93,12,,4,1,2,,,,
65ecbe20-63e3-4d6c-b382-02faf68b3e22,Thunder Tactical Shooters USPSA Match 9AUG2025,2025-08-09,1,Stage 1 Bay 1 Sucker Punch,b56ddc29-9e3a-4d27-bd6b-61cb25201870,Phil Truong,53,52.74,18,55.63,Carry Optics,B,FY128600,MINOR,,52.8464,50.1022,4.7460,12.01,14,,2,1,2,,,,
65ecbe20-63e3-4d6c-b382-02faf68b3e22,Thunder Tactical Shooters USPSA Match 9AUG2025,2025-08-09,1,Stage 1 Bay 1 Sucker Punch,b56ddc29-9e3a-4d27-bd6b-61cb25201870,Daniel Harder,54,52.68,2,95.47,Limited,X,A171676,MINOR,Junior,90.6973,50.0463,4.7407,17.93,15,,3,1,,,,,
65ecbe20-63e3-4d6c-b382-02faf68b3e22,Thunder Tactical Shooters USPSA Match 9AUG2025,2025-08-09,1,Stage 1 Bay 1 Sucker Punch,b56ddc29-9e3a-4d27-bd6b-61cb25201870,Phyl Santos,55,50.80,22,56.30,Limited Optics,B,A155981,MINOR,,53.4863,48.2643,4.5719,12.03,13,,3,1,2,,,,
65ecbe20-63e3-4d6c-b382-02faf68b3e22,Thunder Tactical Shooters USPSA Match 9AUG2025,2025-08-09,1,Stage 1 Bay 1 Sucker Punch,b56ddc29-9e3a-4d27-bd6b-61cb25201870,Joseph Wilkie,56,50.31,19,53.06,Carry Optics,U,A166735,MINOR,,50.4112,47.7935,4.5273,15.02,12,,6,,1,,,,
65ecbe20-63e3-4d6c-b382-02faf68b3e22,Thunder Tactical Shooters USPSA Match 9AUG2025,2025-08-09,1,Stage 1 Bay 1 Sucker Punch,b56ddc29-9e3a-4d27-bd6b-61cb25201870,Bruce Lamb,57,49.83,5,49.83,PCC,U,L-997,MINOR,Super Senior,47.3364,47.3364,4.4840,16.28,14,,4,1,,,1,,
65ecbe20-63e3-4d6c-b382-02faf68b3e22,Thunder Tactical Shooters USPSA Match 9AUG2025,2025-08-09,1,Stage 1 Bay 1 Sucker Punch,b56ddc29-9e3a-4d27-bd6b-61cb25201870,Jim Wang,58,49.40,6,49.40,PCC,C,A170259,MINOR,,46.9310,46.9310,4.4456,18.67,13,,6,,,,,,
65ecbe20-63e3-4d6c-b382-02faf68b3e22,Thunder Tactical Shooters USPSA Match 9AUG2025,2025-08-09,1,Stage 1 Bay 1 Sucker Punch,b56ddc29-9e3a-4d27-bd6b-61cb25201870,Sean Finnerty,59,49.38,20,52.08,Carry Optics,C,A166724,MINOR,,49.4770,46.9078,4.4434,21.38,19,,,,,,,,
65ecbe20-63e3-4d6c-b382-02faf68b3e22,Thunder Tactical Shooters USPSA Match 9AUG2025,2025-08-09,1,Stage 1 Bay 1 Sucker Punch,b56ddc29-9e3a-4d27-bd6b-61cb25201870,Dale Hamm,60,48.78,9,59.43,Open,D,TY97196,MAJOR,Super Senior,56.4593,46.3388,4.3895,19.82,15,,2,2,,,,,
65ecbe20-63e3-4d6c-b382-02faf68b3e22,Thunder Tactical Shooters USPSA Match 9AUG2025,2025-08-09,1,Stage 1 Bay 1 Sucker Punch,b56ddc29-9e3a-4d27-bd6b-61cb25201870,james wood,61,47.80,23,52.97,Limited Optics,U,A162399,MINOR,Super Senior,50.3183,45.4055,4.3011,20.46,17,,1,,,1,,,
65ecbe20-63e3-4d6c-b382-02faf68b3e22,Thunder Tactical Shooters USPSA Match 9AUG2025,2025-08-09,1,Stage 1 Bay 1 Sucker Punch,b56ddc29-9e3a-4d27-bd6b-61cb25201870,Chadrick Smith,62,46.86,21,49.43,Carry Optics,D,A141153,MINOR,,46.9583,44.5198,4.2172,20.63,15,,4,,,,,,
65ecbe20-63e3-4d6c-b382-02faf68b3e22,Thunder Tactical Shooters USPSA Match 9AUG2025,2025-08-09,1,Stage 1 Bay 1 Sucker Punch,b56ddc29-9e3a-4d27-bd6b-61cb25201870,none Qian,63,46.76,24,51.82,Limited Optics,B,A150939,MINOR,,49.2279,44.4217,4.2079,20.20,16,,1,2,,,,,
65ecbe20-63e3-4d6c-b382-02faf68b3e22,Thunder Tactical Shooters USPSA Match 9AUG2025,2025-08-09,1,Stage 1 Bay 1 Sucker Punch,b56ddc29-9e3a-4d27-bd6b-61cb25201870,ian loyd,64,46.75,22,49.31,Carry Optics,U,A148072,MINOR,,46.8480,44.4153,4.2073,16.40,10,,5,4,,,,,
65ecbe20-63e3-4d6c-b382-02faf68b3e22,Thunder Tactical Shooters USPSA Match 9AUG2025,2025-08-09,1,Stage 1 Bay 1 Sucker Punch,b56ddc29-9e3a-4d27-bd6b-61cb25201870,Henry Pham,65,46.26,23,48.79,Carry Optics,U,A171802,MINOR,,46.3503,43.9434,4.1626,20.66,16,,2,,,1,,,
65ecbe20-63e3-4d6c-b382-02faf68b3e22,Thunder Tactical Shooters USPSA Match 9AUG2025,2025-08-09,1,Stage 1 Bay 1 Sucker Punch,b56ddc29-9e3a-4d27-bd6b-61cb25201870,Phillip Thane,66,46.19,24,48.72,Carry Optics,X,1234,MINOR,,46.2880,43.8843,4.1570,17.32,14,,4,,1,,,,
65ecbe20-63e3-4d6c-b382-02faf68b3e22,Thunder Tactical Shooters USPSA Match 9AUG2025,2025-08-09,1,Stage 1 Bay 1 Sucker Punch,b56ddc29-9e3a-4d27-bd6b-61cb25201870,Virak Meas,67,44.71,25,49.55,Limited Optics,U,O,MINOR,Senior,47.0706,42.4750,4.0235,11.93,12,,2,2,2,1,,,
65ecbe20-63e3-4d6c-b382-02faf68b3e22,Thunder Tactical Shooters USPSA Match 9AUG2025,2025-08-09,1,Stage 1 Bay 1 Sucker Punch,b56ddc29-9e3a-4d27-bd6b-61cb25201870,Rick Ramos,68,44.57,26,49.39,Limited Optics,U,.,MINOR,,46.9221,42.3409,4.0108,22.19,16,,3,,,,,,
65ecbe20-63e3-4d6c-b382-02faf68b3e22,Thunder Tactical Shooters USPSA Match 9AUG2025,2025-08-09,1,Stage 1 Bay 1 Sucker Punch,b56ddc29-9e3a-4d27-bd6b-61cb25201870,Jonathan W.,69,44.35,25,46.78,Carry Optics,U,N/A,MINOR,Senior,44.4418,42.1340,3.9912,22.80,17,,2,,,,,,
65ecbe20-63e3-4d6c-b382-02faf68b3e22,Thunder Tactical Shooters USPSA Match 9AUG2025,2025-08-09,1,Stage 1 Bay 1 Sucker Punch,b56ddc29-9e3a-4d27-bd6b-61cb25201870,Tristan Smith,70,43.29,26,45.66,Carry Optics,C,A160700,MINOR,,43.3751,41.1227,3.8954,18.74,10,,7,2,,,,,
65ecbe20-63e3-4d6c-b382-02faf68b3e22,Thunder Tactical Shooters USPSA Match 9AUG2025,2025-08-09,1,Stage 1 Bay 1 Sucker Punch,b56ddc29-9e3a-4d27-bd6b-61cb25201870,Ryan Liu,71,40.67,7,40.67,PCC,U,A155638,MINOR,Junior,38.6334,38.6334,3.6596,23.50,17,,,1,,1,,,
65ecbe20-63e3-4d6c-b382-02faf68b3e22,Thunder Tactical Shooters USPSA Match 9AUG2025,2025-08-09,1,Stage 1 Bay 1 Sucker Punch,b56ddc29-9e3a-4d27-bd6b-61cb25201870,Todd Liscano,72,39.27,27,41.42,Carry Optics,U,A172140,MINOR,,39.3509,37.3075,3.5340,15.28,14,,1,1,2,1,,,
65ecbe20-63e3-4d6c-b382-02faf68b3e22,Thunder Tactical Shooters USPSA Match 9AUG2025,2025-08-09,1,Stage 1 Bay 1 Sucker Punch,b56ddc29-9e3a-4d27-bd6b-61cb25201870,Dean Tamban,73,38.91,3,70.52,Limited,U,.,MINOR,,66.9894,36.9644,3.5015,16.85,15,,1,1,2,,,,
65ecbe20-63e3-4d6c-b382-02faf68b3e22,Thunder Tactical Shooters USPSA Match 9AUG2025,2025-08-09,1,Stage 1 Bay 1 Sucker Punch,b56ddc29-9e3a-4d27-bd6b-61cb25201870,Keishaun Smith,74,36.89,4,66.85,Limited,U,A153220,MINOR,Junior,63.5113,35.0452,3.3197,24.40,13,,5,1,,,,,
65ecbe20-63e3-4d6c-b382-02faf68b3e22,Thunder Tactical Shooters USPSA Match 9AUG2025,2025-08-09,1,Stage 1 Bay 1 Sucker Punch,b56ddc29-9e3a-4d27-bd6b-61cb25201870,Tom Dowdy,75,33.89,8,33.89,PCC,U,A156310,MINOR,Super Senior,32.1970,32.1970,3.0499,17.05,14,,4,,1,,2,,
65ecbe20-63e3-4d6c-b382-02faf68b3e22,Thunder Tactical Shooters USPSA Match 9AUG2025,2025-08-09,1,Stage 1 Bay 1 Sucker Punch,b56ddc29-9e3a-4d27-bd6b-61cb25201870,Jerry Bedro,76,33.58,10,40.92,Open,B,A98263,MAJOR,,38.8726,31.9045,3.0222,14.89,13,,2,1,3,,,,
65ecbe20-63e3-4d6c-b382-02faf68b3e22,Thunder Tactical Shooters USPSA Match 9AUG2025,2025-08-09,1,Stage 1 Bay 1 Sucker Punch,b56ddc29-9e3a-4d27-bd6b-61cb25201870,Ron Plesko,77,29.33,28,30.93,Carry Optics,U,TY138017,MINOR,Super Senior,29.3862,27.8603,2.6391,31.45,15,,2,2,,,,,
65ecbe20-63e3-4d6c-b382-02faf68b3e22,Thunder Tactical Shooters USPSA Match 9AUG2025,2025-08-09,1,Stage 1 Bay 1 Sucker Punch,b56ddc29-9e3a-4d27-bd6b-61cb25201870,Charity Taylor,78,27.17,11,33.10,Open,D,104508,MAJOR,Senior,31.4446,25.8080,2.4447,34.36,16,,1,,,2,,,
65ecbe20-63e3-4d6c-b382-02faf68b3e22,Thunder Tactical Shooters USPSA Match 9AUG2025,2025-08-09,1,Stage 1 Bay 1 Sucker Punch,b56ddc29-9e3a-4d27-bd6b-61cb25201870,Justin Wilkie,79,27.05,12,32.96,Open,U,A172037,MINOR,,31.3134,25.7004,2.4345,32.45,16,,3,,,,,1,
65ecbe20-63e3-4d6c-b382-02faf68b3e22,Thunder Tactical Shooters USPSA Match 9AUG2025,2025-08-09,1,Stage 1 Bay 1 Sucker Punch,b56ddc29-9e3a-4d27-bd6b-61cb25201870,John Mabute,80,22.51,27,24.95,Limited Optics,U,A169337,MINOR,,23.7032,21.3890,2.0261,15.30,13,,2,,4,,,,
65ecbe20-63e3-4d6c-b382-02faf68b3e22,Thunder Tactical Shooters USPSA Match 9AUG2025,2025-08-09,1,Stage 1 Bay 1 Sucker Punch,b56ddc29-9e3a-4d27-bd6b-61cb25201870,Sonny Somera,81,21.96,29,23.16,Carry Optics,D,A118611,MINOR,,22.0004,20.8580,1.9758,40.49,18,,,,1,,,,
65ecbe20-63e3-4d6c-b382-02faf68b3e22,Thunder Tactical Shooters USPSA Match 9AUG2025,2025-08-09,1,Stage 1 Bay 1 Sucker Punch,b56ddc29-9e3a-4d27-bd6b-61cb25201870,Fred Ermac,82,18.20,28,20.17,Limited Optics,U,a106437,MINOR,,19.1605,17.2898,1.6378,51.90,17,,,,,2,,,
65ecbe20-63e3-4d6c-b382-02faf68b3e22,Thunder Tactical Shooters USPSA Match 9AUG2025,2025-08-09,1,Stage 1 Bay 1 Sucker Punch,b56ddc29-9e3a-4d27-bd6b-61cb25201870,Christian Morales,83,17.66,2,27.89,Production,U,A57907,MINOR,Senior,26.4910,16.7736,1.5889,20.14,13,,2,1,3,,1,,
65ecbe20-63e3-4d6c-b382-02faf68b3e22,Thunder Tactical Shooters USPSA Match 9AUG2025,2025-08-09,1,Stage 1 Bay 1 Sucker Punch,b56ddc29-9e3a-4d27-bd6b-61cb25201870,Joseph Giron,84,17.47,29,19.35,Limited Optics,U,A83387,MINOR,Law Enforcement,18.3872,16.5920,1.5717,15.27,9,,6,1,3,,1,,
65ecbe20-63e3-4d6c-b382-02faf68b3e22,Thunder Tactical Shooters USPSA Match 9AUG2025,2025-08-09,1,Stage 1 Bay 1 Sucker Punch,b56ddc29-9e3a-4d27-bd6b-61cb25201870,Moe Zahra,85,7.43,9,7.43,PCC,B,A129744,MINOR,Military,7.0582,7.0582,0.6686,10.47,13,,,2,4,,,2,
65ecbe20-63e3-4d6c-b382-02faf68b3e22,Thunder Tactical Shooters USPSA Match 9AUG2025,2025-08-09,1,Stage 1 Bay 1 Sucker Punch,b56ddc29-9e3a-4d27-bd6b-61cb25201870,Antonios Panagopoulos,86,0.00,5,0.00,Limited,D,A167580,MINOR,,0.0000,0.0000,,,,,,,,,,,
65ecbe20-63e3-4d6c-b382-02faf68b3e22,Thunder Tactical Shooters USPSA Match 9AUG2025,2025-08-09,1,Stage 1 Bay 1 Sucker Punch,b56ddc29-9e3a-4d27-bd6b-61cb25201870,Jay-R delos-Santos,87,0.00,10,0.00,PCC,B,A70297,MINOR,Senior,0.0000,0.0000,0.0000,42.62,13,,1,,5,,,2,
65ecbe20-63e3-4d6c-b382-02faf68b3e22,Thunder Tactical Shooters USPSA Match 9AUG2025,2025-08-09,2,Stage 2 Bay 2 Through The Never,a2699e22-97d5-43b0-9cf7-bab937df051b,Craig Bellamy,1,100.00,1,100.00,Carry Optics,G,TY54824,MINOR,Law Enforcement,110.0000,110.0000,8.3851,12.88,21,,1,,,,,,
65ecbe20-63e3-4d6c-b382-02faf68b3e22,Thunder Tactical Shooters USPSA Match 9AUG2025,2025-08-09,2,Stage 2 Bay 2 Through The Never,a2699e22-97d5-43b0-9cf7-bab937df051b,Albert Montanez,2,95.26,1,100.00,PCC,M,TY101554,MINOR,,110.0000,104.7841,7.9875,12.77,18,,4,,,,,,
65ecbe20-63e3-4d6c-b382-02faf68b3e22,Thunder Tactical Shooters USPSA Match 9AUG2025,2025-08-09,2,Stage 2 Bay 2 Through The Never,a2699e22-97d5-43b0-9cf7-bab937df051b,Karys Bellamy,3,93.29,1,100.00,Limited Optics,B,Ty130774,MINOR,Law Enforcement,110.0000,102.6143,7.8221,13.04,18,,4,,,,,,
65ecbe20-63e3-4d6c-b382-02faf68b3e22,Thunder Tactical Shooters USPSA Match 9AUG2025,2025-08-09,2,Stage 2 Bay 2 Through The Never,a2699e22-97d5-43b0-9cf7-bab937df051b,Roger Feng,4,92.16,2,92.16,Carry Optics,A,A157776,MINOR,,101.3706,101.3706,7.7273,13.20,18,,4,,,,,,
65ecbe20-63e3-4d6c-b382-02faf68b3e22,Thunder Tactical Shooters USPSA Match 9AUG2025,2025-08-09,2,Stage 2 Bay 2 Through The Never,a2699e22-97d5-43b0-9cf7-bab937df051b,Cholai Sioson,5,89.04,1,100.00,Open,U,A137810,MAJOR,,110.0000,97.9402,7.4658,14.60,21,,1,,,,,,
65ecbe20-63e3-4d6c-b382-02faf68b3e22,Thunder Tactical Shooters USPSA Match 9AUG2025,2025-08-09,2,Stage 2 Bay 2 Through The Never,a2699e22-97d5-43b0-9cf7-bab937df051b,Phillip Nguyen,6,88.87,2,95.26,Limited Optics,M,Ty152423,MINOR,,104.7912,97.7552,7.4517,10.87,15,,5,1,1,,,,
65ecbe20-63e3-4d6c-b382-02faf68b3e22,Thunder Tactical Shooters USPSA Match 9AUG2025,2025-08-09,2,Stage 2 Bay 2 Through The Never,a2699e22-97d5-43b0-9cf7-bab937df051b,Olayemi Bakare,7,87.08,3,93.34,Limited Optics,A,A105300,MINOR,,102.6775,95.7835,7.3014,13.97,18,,4,,,,,,
65ecbe20-63e3-4d6c-b382-02faf68b3e22,Thunder Tactical Shooters USPSA Match 9AUG2025,2025-08-09,2,Stage 2 Bay 2 Through The Never,a2699e22-97d5-43b0-9cf7-bab937df051b,Will Goglas,8,86.78,2,97.46,Open,B,A154790,MAJOR,,107.2109,95.4568,7.2765,14.43,17,,5,,,,,,
65ecbe20-63e3-4d6c-b382-02faf68b3e22,Thunder Tactical Shooters USPSA Match 9AUG2025,2025-08-09,2,Stage 2 Bay 2 Through The Never,a2699e22-97d5-43b0-9cf7-bab937df051b,Joseph White,9,85.19,3,85.19,Carry Optics,M,A135478,MINOR,Law Enforcement,93.7042,93.7042,7.1429,14.00,17,,5,,,,,,
65ecbe20-63e3-4d6c-b382-02faf68b3e22,Thunder Tactical Shooters USPSA Match 9AUG2025,2025-08-09,2,Stage 2 Bay 2 Through The Never,a2699e22-97d5-43b0-9cf7-bab937df051b,Anthony Fong,10,84.82,4,90.93,Limited Optics,M,A142224,MINOR,,100.0183,93.3028,7.1123,11.67,16,,4,1,1,,,,
65ecbe20-63e3-4d6c-b382-02faf68b3e22,Thunder Tactical Shooters USPSA Match 9AUG2025,2025-08-09,2,Stage 2 Bay 2 Through The Never,a2699e22-97d5-43b0-9cf7-bab937df051b,Jack Liu,11,82.63,2,86.74,PCC,M,L6156,MINOR,,95.4187,90.8942,6.9287,15.01,19,,3,,,,,,
65ecbe20-63e3-4d6c-b382-02faf68b3e22,Thunder Tactical Shooters USPSA Match 9AUG2025,2025-08-09,2,Stage 2 Bay 2 Through The Never,a2699e22-97d5-43b0-9cf7-bab937df051b,David Zhang,12,82.30,5,88.23,Limited Optics,B,FY140383,MINOR,,97.0496,90.5334,6.9012,14.78,18,,4,,,,,,
65ecbe20-63e3-4d6c-b382-02faf68b3e22,Thunder Tactical Shooters USPSA Match 9AUG2025,2025-08-09,2,Stage 2 Bay 2 Through The Never,a2699e22-97d5-43b0-9cf7-bab937df051b,Shawn Prosen,13,81.12,4,81.12,Carry Optics,B,A165388,MINOR,,89.2295,89.2295,6.8018,15.29,19,,3,,,,,,
65ecbe20-63e3-4d6c-b382-02faf68b3e22,Thunder Tactical Shooters USPSA Match 9AUG2025,2025-08-09,2,Stage 2 Bay 2 Through The Never,a2699e22-97d5-43b0-9cf7-bab937df051b,Seth Dickens,14,80.72,5,80.72,Carry Optics,C,A165855,MINOR,,88.7966,88.7966,6.7688,15.66,20,,2,,,,,,
65ecbe20-63e3-4d6c-b382-02faf68b3e22,Thunder Tactical Shooters USPSA Match 9AUG2025,2025-08-09,2,Stage 2 Bay 2 Through The Never,a2699e22-97d5-43b0-9cf7-bab937df051b,Albert Legislador,15,80.45,3,84.46,PCC,B,TY91787,MINOR,Senior,92.9027,88.4975,6.7460,15.12,19,,2,1,,,,,
65ecbe20-63e3-4d6c-b382-02faf68b3e22,Thunder Tactical Shooters USPSA Match 9AUG2025,2025-08-09,2,Stage 2 Bay 2 Through The Never,a2699e22-97d5-43b0-9cf7-bab937df051b,Momoy Tuazon,16,80.05,6,85.81,Limited Optics,U,.,MINOR,,94.3946,88.0567,6.7124,13.11,13,,7,2,,,,,
65ecbe20-63e3-4d6c-b382-02faf68b3e22,Thunder Tactical Shooters USPSA Match 9AUG2025,2025-08-09,2,Stage 2 Bay 2 Through The Never,a2699e22-97d5-43b0-9cf7-bab937df051b,Josh Munoz,17,79.46,6,79.46,Carry Optics,A,A163367,MINOR,,87.4034,87.4034,6.6626,16.21,21,,1,,,,,,
65ecbe20-63e3-4d6c-b382-02faf68b3e22,Thunder Tactical Shooters USPSA Match 9AUG2025,2025-08-09,2,Stage 2 Bay 2 Through The Never,a2699e22-97d5-43b0-9cf7-bab937df051b,Jay Bennett,18,79.24,7,79.24,Carry Optics,A,A77156,MINOR,Super Senior,87.1607,87.1607,6.6441,14.75,16,,6,,,,,,
65ecbe20-63e3-4d6c-b382-02faf68b3e22,Thunder Tactical Shooters USPSA Match 9AUG2025,2025-08-09,2,Stage 2 Bay 2 Through The Never,a2699e22-97d5-43b0-9cf7-bab937df051b,Janice Pacleb,19,79.05,3,88.79,Open,B,Ty75597,MAJOR,Lady,97.6678,86.9600,6.6288,15.84,17,,5,,,,,,
65ecbe20-63e3-4d6c-b382-02faf68b3e22,Thunder Tactical Shooters USPSA Match 9AUG2025,2025-08-09,2,Stage 2 Bay 2 Through The Never,a2699e22-97d5-43b0-9cf7-bab937df051b,John Ren,20,78.71,8,78.71,Carry Optics,B,A168570,MINOR,,86.5848,86.5848,6.6002,16.06,20,,2,,,,,,
65ecbe20-63e3-4d6c-b382-02faf68b3e22,Thunder Tactical Shooters USPSA Match 9AUG2025,2025-08-09,2,Stage 2 Bay 2 Through The Never,a2699e22-97d5-43b0-9cf7-bab937df051b,Drew Yang,21,78.71,9,78.71,Carry Optics,B,FY138478,MINOR,,86.5848,86.5848,6.6002,16.06,20,,2,,,,,,
65ecbe20-63e3-4d6c-b382-02faf68b3e22,Thunder Tactical Shooters USPSA Match 9AUG2025,2025-08-09,2,Stage 2 Bay 2 Through The Never,a2699e22-97d5-43b0-9cf7-bab937df051b,Jacob Bernal,22,77.56,7,83.14,Limited Optics,B,A160508,MINOR,,91.4513,85.3110,6.5031,16.30,20,,2,,,,,,
65ecbe20-63e3-4d6c-b382-02faf68b3e22,Thunder Tactical Shooters USPSA Match 9AUG2025,2025-08-09,2,Stage 2 Bay 2 Through The Never,a2699e22-97d5-43b0-9cf7-bab937df051b,Tyler Denmon,23,77.26,8,82.83,Limited Optics,A,A156054,MINOR,,91.1081,84.9909,6.4787,16.67,21,,1,,,,,,
65ecbe20-63e3-4d6c-b382-02faf68b3e22,Thunder Tactical Shooters USPSA Match 9AUG2025,2025-08-09,2,Stage 2 Bay 2 Through The Never,a2699e22-97d5-43b0-9cf7-bab937df051b,Yihao Zuo,24,75.27,9,80.69,Limited Optics,C,A165414,MINOR,,88.7583,82.7988,6.3116,15.21,17,,3,2,,,,,
65ecbe20-63e3-4d6c-b382-02faf68b3e22,Thunder Tactical Shooters USPSA Match 9AUG2025,2025-08-09,2,Stage 2 Bay 2 Through The Never,a2699e22-97d5-43b0-9cf7-bab937df051b,Anthony Giuliano,25,74.42,10,74.42,Carry Optics,A,A152263,MINOR,Law Enforcement,81.8674,81.8674,6.2406,13.30,15,,6,,1,,,,
65ecbe20-63e3-4d6c-b382-02faf68b3e22,Thunder Tactical Shooters USPSA Match 9AUG2025,2025-08-09,2,Stage 2 Bay 2 Through The Never,a2699e22-97d5-43b0-9cf7-bab937df051b,Phil Truong,26,73.38,11,73.38,Carry Optics,B,FY128600,MINOR,,80.7129,80.7129,6.1526,12.84,18,,3,,1,,1,,
65ecbe20-63e3-4d6c-b382-02faf68b3e22,Thunder Tactical Shooters USPSA Match 9AUG2025,2025-08-09,2,Stage 2 Bay 2 Through The Never,a2699e22-97d5-43b0-9cf7-bab937df051b,Derek Lowrance,27,72.76,10,78.00,Limited Optics,U,A169029,MINOR,,85.8009,80.0400,6.1013,16.39,18,,3,1,,,,,
65ecbe20-63e3-4d6c-b382-02faf68b3e22,Thunder Tactical Shooters USPSA Match 9AUG2025,2025-08-09,2,Stage 2 Bay 2 Through The Never,a2699e22-97d5-43b0-9cf7-bab937df051b,Ivan Velazquez,28,72.54,12,72.54,Carry Optics,A,A108486,MINOR,,79.7907,79.7907,6.0823,16.77,18,,4,,,,,,
65ecbe20-63e3-4d6c-b382-02faf68b3e22,Thunder Tactical Shooters USPSA Match 9AUG2025,2025-08-09,2,Stage 2 Bay 2 Through The Never,a2699e22-97d5-43b0-9cf7-bab937df051b,Sean Frederick,29,72.20,13,72.20,Carry Optics,B,A149482,MINOR,,79.4247,79.4247,6.0544,14.70,18,,3,,1,,,,
65ecbe20-63e3-4d6c-b382-02faf68b3e22,Thunder Tactical Shooters USPSA Match 9AUG2025,2025-08-09,2,Stage 2 Bay 2 Through The Never,a2699e22-97d5-43b0-9cf7-bab937df051b,Marco Yue,30,72.11,11,77.30,Limited Optics,B,L5762,MINOR,,85.0345,79.3250,6.0468,17.53,20,,2,,,,,,
65ecbe20-63e3-4d6c-b382-02faf68b3e22,Thunder Tactical Shooters USPSA Match 9AUG2025,2025-08-09,2,Stage 2 Bay 2 Through The Never,a2699e22-97d5-43b0-9cf7-bab937df051b,Vadim Berezanskiy,31,71.99,12,77.17,Limited Optics,B,a95979,MINOR,,84.8882,79.1886,6.0364,17.56,20,,2,,,,,,
65ecbe20-63e3-4d6c-b382-02faf68b3e22,Thunder Tactical Shooters USPSA Match 9AUG2025,2025-08-09,2,Stage 2 Bay 2 Through The Never,a2699e22-97d5-43b0-9cf7-bab937df051b,Phyl Santos,32,71.63,13,76.79,Limited Optics,B,A155981,MINOR,,84.4635,78.7924,6.0062,12.82,13,,7,1,1,,,,
65ecbe20-63e3-4d6c-b382-02faf68b3e22,Thunder Tactical Shooters USPSA Match 9AUG2025,2025-08-09,2,Stage 2 Bay 2 Through The Never,a2699e22-97d5-43b0-9cf7-bab937df051b,Ryan Morgan,33,71.51,4,80.32,Open,C,A147606,MINOR,,88.3486,78.6625,5.9963,16.01,20,,2,,,,1,,
65ecbe20-63e3-4d6c-b382-02faf68b3e22,Thunder Tactical Shooters USPSA Match 9AUG2025,2025-08-09,2,Stage 2 Bay 2 Through The Never,a2699e22-97d5-43b0-9cf7-bab937df051b,Ross Pimentel,34,70.99,14,70.99,Carry Optics,C,A157753,MINOR,Senior,78.0866,78.0866,5.9524,16.80,18,,3,1,,,,,
65ecbe20-63e3-4d6c-b382-02faf68b3e22,Thunder Tactical Shooters USPSA Match 9AUG2025,2025-08-09,2,Stage 2 Bay 2 Through The Never,a2699e22-97d5-43b0-9cf7-bab937df051b,Kenedy Nguyen,35,69.45,5,78.00,Open,B,A83862,MAJOR,,85.8026,76.3956,5.8235,17.00,15,,5,2,,,,,
65ecbe20-63e3-4d6c-b382-02faf68b3e22,Thunder Tactical Shooters USPSA Match 9AUG2025,2025-08-09,2,Stage 2 Bay 2 Through The Never,a2699e22-97d5-43b0-9cf7-bab937df051b,James O'Flaherty,36,68.77,14,73.72,Limited Optics,B,FY100318,MINOR,Senior; Law Enforcement,81.0941,75.6492,5.7666,14.74,17,,3,1,1,,,,
65ecbe20-63e3-4d6c-b382-02faf68b3e22,Thunder Tactical Shooters USPSA Match 9AUG2025,2025-08-09,2,Stage 2 Bay 2 Through The Never,a2699e22-97d5-43b0-9cf7-bab937df051b,james rogers,37,68.40,15,73.32,Limited Optics,B,A101402,MINOR,Law Enforcement,80.6525,75.2373,5.7352,16.39,14,,8,,,,,,
65ecbe20-63e3-4d6c-b382-02faf68b3e22,Thunder Tactical Shooters USPSA Match 9AUG2025,2025-08-09,2,Stage 2 Bay 2 Through The Never,a2699e22-97d5-43b0-9cf7-bab937df051b,Joseph Giron,38,67.34,16,72.19,Limited Optics,U,A83387,MINOR,Law Enforcement,79.4051,74.0737,5.6465,17.71,18,,3,1,,,,,
65ecbe20-63e3-4d6c-b382-02faf68b3e22,Thunder Tactical Shooters USPSA Match 9AUG2025,2025-08-09,2,Stage 2 Bay 2 Through The Never,a2699e22-97d5-43b0-9cf7-bab937df051b,Robert Strong,39,67.22,6,75.50,Open,C,TY135331,MINOR,,83.0488,73.9438,5.6366,15.08,16,,5,,1,,,,
65ecbe20-63e3-4d6c-b382-02faf68b3e22,Thunder Tactical Shooters USPSA Match 9AUG2025,2025-08-09,2,Stage 2 Bay 2 Through The Never,a2699e22-97d5-43b0-9cf7-bab937df051b,Pocholo Dimayuga,40,66.75,15,66.75,Carry Optics,B,A106236,MINOR,,73.4217,73.4217,5.5968,14.83,15,,6,,1,,,,
65ecbe20-63e3-4d6c-b382-02faf68b3e22,Thunder Tactical Shooters USPSA Match 9AUG2025,2025-08-09,2,Stage 2 Bay 2 Through The Never,a2699e22-97d5-43b0-9cf7-bab937df051b,Virak Meas,41,66.26,17,71.02,Limited Optics,U,O,MINOR,Senior,78.1268,72.8812,5.5556,14.94,15,,6,,1,,,,
65ecbe20-63e3-4d6c-b382-02faf68b3e22,Thunder Tactical Shooters USPSA Match 9AUG2025,2025-08-09,2,Stage 2 Bay 2 Through The Never,a2699e22-97d5-43b0-9cf7-bab937df051b,none Qian,42,63.97,18,68.57,Limited Optics,B,A150939,MINOR,,75.4268,70.3624,5.3636,19.39,19,,3,,,,,,
65ecbe20-63e3-4d6c-b382-02faf68b3e22,Thunder Tactical Shooters USPSA Match 9AUG2025,2025-08-09,2,Stage 2 Bay 2 Through The Never,a2699e22-97d5-43b0-9cf7-bab937df051b,Dale Fike,43,63.49,4,66.65,PCC,B,A113427,MINOR,Senior,73.3182,69.8416,5.3239,15.59,16,,4,1,1,,,,
65ecbe20-63e3-4d6c-b382-02faf68b3e22,Thunder Tactical Shooters USPSA Match 9AUG2025,2025-08-09,2,Stage 2 Bay 2 Through The Never,a2699e22-97d5-43b0-9cf7-bab937df051b,Henry Pham,44,63.37,16,63.37,Carry Optics,U,A171802,MINOR,,69.7118,69.7118,5.3140,20.70,22,,,,,,,,
65ecbe20-63e3-4d6c-b382-02faf68b3e22,Thunder Tactical Shooters USPSA Match 9AUG2025,2025-08-09,2,Stage 2 Bay 2 Through The Never,a2699e22-97d5-43b0-9cf7-bab937df051b,Gennady Khokhorin,45,63.11,1,100.00,Production,B,A123884,MINOR,Super Senior,110.0000,69.4258,5.2922,18.14,16,,5,1,,,,,
65ecbe20-63e3-4d6c-b382-02faf68b3e22,Thunder Tactical Shooters USPSA Match 9AUG2025,2025-08-09,2,Stage 2 Bay 2 Through The Never,a2699e22-97d5-43b0-9cf7-bab937df051b,Yul Kwan,46,62.71,7,70.43,Open,C,A156984,MAJOR,Senior,77.4691,68.9758,5.2579,19.97,17,,5,,,,,,
65ecbe20-63e3-4d6c-b382-02faf68b3e22,Thunder Tactical Shooters USPSA Match 9AUG2025,2025-08-09,2,Stage 2 Bay 2 Through The Never,a2699e22-97d5-43b0-9cf7-bab937df051b,Edwin Buchwalter,47,59.63,8,66.97,Open,B,TY102903,MINOR,,73.6693,65.5925,5.0000,18.40,15,,5,2,,,,,
65ecbe20-63e3-4d6c-b382-02faf68b3e22,Thunder Tactical Shooters USPSA Match 9AUG2025,2025-08-09,2,Stage 2 Bay 2 Through The Never,a2699e22-97d5-43b0-9cf7-bab937df051b,Keishaun Smith,48,59.36,1,100.00,Limited,U,A153220,MINOR,Junior,110.0000,65.2987,4.9776,20.09,17,,5,,,,,,
65ecbe20-63e3-4d6c-b382-02faf68b3e22,Thunder Tactical Shooters USPSA Match 9AUG2025,2025-08-09,2,Stage 2 Bay 2 Through The Never,a2699e22-97d5-43b0-9cf7-bab937df051b,Michael Henss,49,58.75,19,62.98,Limited Optics,C,A56644,MINOR,,69.2744,64.6231,4.9261,20.30,17,,5,,,,,,
65ecbe20-63e3-4d6c-b382-02faf68b3e22,Thunder Tactical Shooters USPSA Match 9AUG2025,2025-08-09,2,Stage 2 Bay 2 Through The Never,a2699e22-97d5-43b0-9cf7-bab937df051b,Jim Wang,50,58.65,5,61.57,PCC,C,A170259,MINOR,,67.7283,64.5168,4.9180,18.30,13,,8,1,,,,,
65ecbe20-63e3-4d6c-b382-02faf68b3e22,Thunder Tactical Shooters USPSA Match 9AUG2025,2025-08-09,2,Stage 2 Bay 2 Through The Never,a2699e22-97d5-43b0-9cf7-bab937df051b,Sean Finnerty,51,56.98,17,56.98,Carry Optics,C,A166724,MINOR,,62.6737,62.6737,4.7775,21.35,19,,2,1,,,,,
65ecbe20-63e3-4d6c-b382-02faf68b3e22,Thunder Tactical Shooters USPSA Match 9AUG2025,2025-08-09,2,Stage 2 Bay 2 Through The Never,a2699e22-97d5-43b0-9cf7-bab937df051b,John Mabute,52,56.11,20,60.15,Limited Optics,U,A169337,MINOR,,66.1623,61.7200,4.7048,20.83,21,,1,,,,1,,
65ecbe20-63e3-4d6c-b382-02faf68b3e22,Thunder Tactical Shooters USPSA Match 9AUG2025,2025-08-09,2,Stage 2 Bay 2 Through The Never,a2699e22-97d5-43b0-9cf7-bab937df051b,Cristian Torquemada,53,56.11,21,60.15,Limited Optics,U,A171091,MINOR,,66.1609,61.7186,4.7047,19.98,19,,3,,,,1,,
65ecbe20-63e3-4d6c-b382-02faf68b3e22,Thunder Tactical Shooters USPSA Match 9AUG2025,2025-08-09,2,Stage 2 Bay 2 Through The Never,a2699e22-97d5-43b0-9cf7-bab937df051b,Tom Dowdy,54,55.95,6,58.74,PCC,U,A156310,MINOR,Super Senior,64.6132,61.5494,4.6918,21.74,18,,4,,,,,,
65ecbe20-63e3-4d6c-b382-02faf68b3e22,Thunder Tactical Shooters USPSA Match 9AUG2025,2025-08-09,2,Stage 2 Bay 2 Through The Never,a2699e22-97d5-43b0-9cf7-bab937df051b,Ryan Stegint,55,54.51,22,58.44,Limited Optics,C,A167764,MINOR,,64.2821,59.9660,4.5711,17.72,19,,2,,1,,1,,
65ecbe20-63e3-4d6c-b382-02faf68b3e22,Thunder Tactical Shooters USPSA Match 9AUG2025,2025-08-09,2,Stage 2 Bay 2 Through The Never,a2699e22-97d5-43b0-9cf7-bab937df051b,Fred Ermac,56,54.51,23,58.44,Limited Optics,U,a106437,MINOR,,64.2793,59.9634,4.5709,21.44,21,,1,,,,1,,
65ecbe20-63e3-4d6c-b382-02faf68b3e22,Thunder Tactical Shooters USPSA Match 9AUG2025,2025-08-09,2,Stage 2 Bay 2 Through The Never,a2699e22-97d5-43b0-9cf7-bab937df051b,Moe Zahra,57,54.45,7,57.16,PCC,B,A129744,MINOR,Military,62.8808,59.8991,4.5660,19.93,19,,2,,1,,,,
65ecbe20-63e3-4d6c-b382-02faf68b3e22,Thunder Tactical Shooters USPSA Match 9AUG2025,2025-08-09,2,Stage 2 Bay 2 Through The Never,a2699e22-97d5-43b0-9cf7-bab937df051b,Daniel Harder,58,53.73,2,90.52,Limited,X,A171676,MINOR,Junior,99.5715,59.1081,4.5057,21.75,16,,6,,,,,,
65ecbe20-63e3-4d6c-b382-02faf68b3e22,Thunder Tactical Shooters USPSA Match 9AUG2025,2025-08-09,2,Stage 2 Bay 2 Through The Never,a2699e22-97d5-43b0-9cf7-bab937df051b,Christian Morales,59,53.50,2,84.77,Production,U,A57907,MINOR,Senior,93.2491,58.8536,4.4863,22.29,17,,5,,,,,,
65ecbe20-63e3-4d6c-b382-02faf68b3e22,Thunder Tactical Shooters USPSA Match 9AUG2025,2025-08-09,2,Stage 2 Bay 2 Through The Never,a2699e22-97d5-43b0-9cf7-bab937df051b,Ernie Morales,60,53.30,24,57.13,Limited Optics,B,A169705,MINOR,,62.8449,58.6253,4.4689,17.23,14,,5,2,1,,,,
65ecbe20-63e3-4d6c-b382-02faf68b3e22,Thunder Tactical Shooters USPSA Match 9AUG2025,2025-08-09,2,Stage 2 Bay 2 Through The Never,a2699e22-97d5-43b0-9cf7-bab937df051b,Manny Nerona,61,53.23,18,53.23,Carry Optics,B,A69445,MINOR,,58.5571,58.5571,4.4637,16.13,16,,4,,2,,,,
65ecbe20-63e3-4d6c-b382-02faf68b3e22,Thunder Tactical Shooters USPSA Match 9AUG2025,2025-08-09,2,Stage 2 Bay 2 Through The Never,a2699e22-97d5-43b0-9cf7-bab937df051b,Harlan Chen,62,52.74,25,56.53,Limited Optics,C,A163292,MINOR,,62.1839,58.0087,4.4219,18.77,15,,6,,1,,,,
65ecbe20-63e3-4d6c-b382-02faf68b3e22,Thunder Tactical Shooters USPSA Match 9AUG2025,2025-08-09,2,Stage 2 Bay 2 Through The Never,a2699e22-97d5-43b0-9cf7-bab937df051b,Daniell Gianelloni,63,52.69,19,52.69,Carry Optics,M,FY134287,MINOR,Law Enforcement,57.9536,57.9536,4.4177,14.94,18,,2,,2,,,1,
65ecbe20-63e3-4d6c-b382-02faf68b3e22,Thunder Tactical Shooters USPSA Match 9AUG2025,2025-08-09,2,Stage 2 Bay 2 Through The Never,a2699e22-97d5-43b0-9cf7-bab937df051b,Christopher Wilkerson,64,50.62,20,50.62,Carry Optics,U,A161474,MINOR,Law Enforcement,55.6854,55.6854,4.2448,18.14,18,,2,1,1,,1,,
65ecbe20-63e3-4d6c-b382-02faf68b3e22,Thunder Tactical Shooters USPSA Match 9AUG2025,2025-08-09,2,Stage 2 Bay 2 Through The Never,a2699e22-97d5-43b0-9cf7-bab937df051b,Ryan Liu,65,49.52,8,51.98,PCC,U,A155638,MINOR,Junior,57.1821,54.4707,4.1522,26.01,21,,1,,,,,,
65ecbe20-63e3-4d6c-b382-02faf68b3e22,Thunder Tactical Shooters USPSA Match 9AUG2025,2025-08-09,2,Stage 2 Bay 2 Through The Never,a2699e22-97d5-43b0-9cf7-bab937df051b,Tristan Smith,66,47.75,21,47.75,Carry Optics,C,A160700,MINOR,,52.5226,52.5226,4.0037,21.48,11,,10,1,,,,,
65ecbe20-63e3-4d6c-b382-02faf68b3e22,Thunder Tactical Shooters USPSA Match 9AUG2025,2025-08-09,2,Stage 2 Bay 2 Through The Never,a2699e22-97d5-43b0-9cf7-bab937df051b,vox esguerra,67,47.59,26,51.02,Limited Optics,U,A79097,MINOR,,56.1187,52.3507,3.9906,17.04,14,,6,,2,,,,
65ecbe20-63e3-4d6c-b382-02faf68b3e22,Thunder Tactical Shooters USPSA Match 9AUG2025,2025-08-09,2,Stage 2 Bay 2 Through The Never,a2699e22-97d5-43b0-9cf7-bab937df051b,Todd Liscano,68,47.30,22,47.30,Carry Optics,U,A172140,MINOR,,52.0332,52.0332,3.9664,21.43,21,,,,1,,1,,
65ecbe20-63e3-4d6c-b382-02faf68b3e22,Thunder Tactical Shooters USPSA Match 9AUG2025,2025-08-09,2,Stage 2 Bay 2 Through The Never,a2699e22-97d5-43b0-9cf7-bab937df051b,Jay-R delos-Santos,69,46.70,9,49.02,PCC,B,A70297,MINOR,Senior,53.9224,51.3655,3.9155,26.05,18,,4,,,,,,
65ecbe20-63e3-4d6c-b382-02faf68b3e22,Thunder Tactical Shooters USPSA Match 9AUG2025,2025-08-09,2,Stage 2 Bay 2 Through The Never,a2699e22-97d5-43b0-9cf7-bab937df051b,Dale Hamm,70,46.46,9,52.18,Open,D,TY97196,MAJOR,Super Senior,57.3957,51.1031,3.8955,21.82,15,,4,2,1,,,,
65ecbe20-63e3-4d6c-b382-02faf68b3e22,Thunder Tactical Shooters USPSA Match 9AUG2025,2025-08-09,2,Stage 2 Bay 2 Through The Never,a2699e22-97d5-43b0-9cf7-bab937df051b,ian loyd,71,46.22,23,46.22,Carry Optics,U,A148072,MINOR,,50.8473,50.8473,3.8760,25.80,17,,5,,,,,,
65ecbe20-63e3-4d6c-b382-02faf68b3e22,Thunder Tactical Shooters USPSA Match 9AUG2025,2025-08-09,2,Stage 2 Bay 2 Through The Never,a2699e22-97d5-43b0-9cf7-bab937df051b,james wood,72,44.61,27,47.82,Limited Optics,U,A162399,MINOR,Super Senior,52.5974,49.0658,3.7402,24.33,20,,,1,1,,,,
65ecbe20-63e3-4d6c-b382-02faf68b3e22,Thunder Tactical Shooters USPSA Match 9AUG2025,2025-08-09,2,Stage 2 Bay 2 Through The Never,a2699e22-97d5-43b0-9cf7-bab937df051b,Chadrick Smith,73,43.06,24,43.06,Carry Optics,D,A141153,MINOR,,47.3657,47.3657,3.6106,21.88,15,,4,2,1,,,,
65ecbe20-63e3-4d6c-b382-02faf68b3e22,Thunder Tactical Shooters USPSA Match 9AUG2025,2025-08-09,2,Stage 2 Bay 2 Through The Never,a2699e22-97d5-43b0-9cf7-bab937df051b,Bruce Lamb,74,42.65,10,44.77,PCC,U,L-997,MINOR,Super Senior,49.2483,46.9131,3.5761,22.93,13,,9,,,,1,,
65ecbe20-63e3-4d6c-b382-02faf68b3e22,Thunder Tactical Shooters USPSA Match 9AUG2025,2025-08-09,2,Stage 2 Bay 2 Through The Never,a2699e22-97d5-43b0-9cf7-bab937df051b,Charity Taylor,75,41.31,10,46.39,Open,D,104508,MAJOR,Senior,51.0307,45.4360,3.4635,31.76,22,,,,,,,,
65ecbe20-63e3-4d6c-b382-02faf68b3e22,Thunder Tactical Shooters USPSA Match 9AUG2025,2025-08-09,2,Stage 2 Bay 2 Through The Never,a2699e22-97d5-43b0-9cf7-bab937df051b,Shaun Ebersole,76,40.60,28,43.52,Limited Optics,U,A160600,MINOR,,47.8765,44.6620,3.4045,14.98,17,,2,,3,,,1,
65ecbe20-63e3-4d6c-b382-02faf68b3e22,Thunder Tactical Shooters USPSA Match 9AUG2025,2025-08-09,2,Stage 2 Bay 2 Through The Never,a2699e22-97d5-43b0-9cf7-bab937df051b,Dean Tamban,77,40.43,3,68.10,Limited,U,.,MINOR,,74.9112,44.4691,3.3898,19.47,15,,3,2,2,,,,
65ecbe20-63e3-4d6c-b382-02faf68b3e22,Thunder Tactical Shooters USPSA Match 9AUG2025,2025-08-09,2,Stage 2 Bay 2 Through The Never,a2699e22-97d5-43b0-9cf7-bab937df051b,Josh Vickers,78,38.96,4,65.63,Limited,U,A168865,MINOR,,72.1974,42.8582,3.2670,19.59,13,,6,1,2,,,,
65ecbe20-63e3-4d6c-b382-02faf68b3e22,Thunder Tactical Shooters USPSA Match 9AUG2025,2025-08-09,2,Stage 2 Bay 2 Through The Never,a2699e22-97d5-43b0-9cf7-bab937df051b,Joseph Wilkie,79,32.93,25,32.93,Carry Optics,U,A166735,MINOR,,36.2189,36.2189,2.7609,21.37,10,,9,2,1,,1,,
65ecbe20-63e3-4d6c-b382-02faf68b3e22,Thunder Tactical Shooters USPSA Match 9AUG2025,2025-08-09,2,Stage 2 Bay 2 Through The Never,a2699e22-97d5-43b0-9cf7-bab937df051b,Jonathan W.,80,32.55,26,32.55,Carry Optics,U,N/A,MINOR,Senior,35.8030,35.8030,2.7292,28.58,19,,1,,2,,,,
65ecbe20-63e3-4d6c-b382-02faf68b3e22,Thunder Tactical Shooters USPSA Match 9AUG2025,2025-08-09,2,Stage 2 Bay 2 Through The Never,a2699e22-97d5-43b0-9cf7-bab937df051b,Rick Ramos,81,32.16,29,34.47,Limited Optics,U,.,MINOR,,37.9187,35.3727,2.6964,30.04,19,,2,,1,,1,,
65ecbe20-63e3-4d6c-b382-02faf68b3e22,Thunder Tactical Shooters USPSA Match 9AUG2025,2025-08-09,2,Stage 2 Bay 2 Through The Never,a2699e22-97d5-43b0-9cf7-bab937df051b,Justin Wilkie,82,31.45,11,35.32,Open,U,A172037,MINOR,,38.8561,34.5961,2.6372,32.61,12,,8,2,,,,,
65ecbe20-63e3-4d6c-b382-02faf68b3e22,Thunder Tactical Shooters USPSA Match 9AUG2025,2025-08-09,2,Stage 2 Bay 2 Through The Never,a2699e22-97d5-43b0-9cf7-bab937df051b,Ron Plesko,83,28.66,27,28.66,Carry Optics,U,TY138017,MINOR,Super Senior,31.5251,31.5251,2.4031,38.70,20,,1,,1,,,,
65ecbe20-63e3-4d6c-b382-02faf68b3e22,Thunder Tactical Shooters USPSA Match 9AUG2025,2025-08-09,2,Stage 2 Bay 2 Through The Never,a2699e22-97d5-43b0-9cf7-bab937df051b,Phillip Thane,84,27.61,28,27.61,Carry Optics,X,1234,MINOR,,30.3759,30.3759,2.3155,20.73,11,,7,2,2,,,1,
65ecbe20-63e3-4d6c-b382-02faf68b3e22,Thunder Tactical Shooters USPSA Match 9AUG2025,2025-08-09,2,Stage 2 Bay 2 Through The Never,a2699e22-97d5-43b0-9cf7-bab937df051b,Antonios Panagopoulos,85,25.58,5,43.10,Limited,D,A167580,MINOR,,47.4068,28.1418,2.1452,27.97,16,,3,1,2,,1,,
65ecbe20-63e3-4d6c-b382-02faf68b3e22,Thunder Tactical Shooters USPSA Match 9AUG2025,2025-08-09,2,Stage 2 Bay 2 Through The Never,a2699e22-97d5-43b0-9cf7-bab937df051b,Sonny Somera,86,20.64,29,20.64,Carry Optics,D,A118611,MINOR,,22.7068,22.7068,1.7309,43.33,12,,8,1,1,,,,
65ecbe20-63e3-4d6c-b382-02faf68b3e22,Thunder Tactical Shooters USPSA Match 9AUG2025,2025-08-09,2,Stage 2 Bay 2 Through The Never,a2699e22-97d5-43b0-9cf7-bab937df051b,Jerry Bedro,87,0.00,12,0.00,Open,B,A98263,MAJOR,,0.0000,0.0000,,,,,,,,,,,
65ecbe20-63e3-4d6c-b382-02faf68b3e22,Thunder Tactical Shooters USPSA Match 9AUG2025,2025-08-09,3,Stage 3 Bay 3 Blastoise,d7a78dd1-f112-4bb8-837d-870b93b4a8cc,Olayemi Bakare,1,100.00,1,100.00,Limited Optics,A,A105300,MINOR,,120.0000,120.0000,7.8983,14.94,23,,1,,,,,,
65ecbe20-63e3-4d6c-b382-02faf68b3e22,Thunder Tactical Shooters USPSA Match 9AUG2025,2025-08-09,3,Stage 3 Bay 3 Blastoise,d7a78dd1-f112-4bb8-837d-870b93b4a8cc,Cholai Sioson,2,92.40,1,100.00,Open,U,A137810,MAJOR,,120.0000,110.8750,7.2977,13.84,19,,4,,1,,,,
65ecbe20-63e3-4d6c-b382-02faf68b3e22,Thunder Tactical Shooters USPSA Match 9AUG2025,2025-08-09,3,Stage 3 Bay 3 Blastoise,d7a78dd1-f112-4bb8-837d-870b93b4a8cc,Anthony Giuliano,3,89.00,1,100.00,Carry Optics,A,A152263,MINOR,Law Enforcement,120.0000,106.7956,7.0292,15.08,17,,7,,,,,,
65ecbe20-63e3-4d6c-b382-02faf68b3e22,Thunder Tactical Shooters USPSA Match 9AUG2025,2025-08-09,3,Stage 3 Bay 3 Blastoise,d7a78dd1-f112-4bb8-837d-870b93b4a8cc,Karys Bellamy,4,88.29,2,88.29,Limited Optics,B,Ty130774,MINOR,Law Enforcement,105.9539,105.9539,6.9738,16.06,20,,4,,,,,,
65ecbe20-63e3-4d6c-b382-02faf68b3e22,Thunder Tactical Shooters USPSA Match 9AUG2025,2025-08-09,3,Stage 3 Bay 3 Blastoise,d7a78dd1-f112-4bb8-837d-870b93b4a8cc,Phillip Nguyen,5,86.13,3,86.13,Limited Optics,M,Ty152423,MINOR,,103.3620,103.3620,6.8032,13.67,17,,6,,1,,,,
65ecbe20-63e3-4d6c-b382-02faf68b3e22,Thunder Tactical Shooters USPSA Match 9AUG2025,2025-08-09,3,Stage 3 Bay 3 Blastoise,d7a78dd1-f112-4bb8-837d-870b93b4a8cc,Roger Feng,6,85.73,2,96.33,Carry Optics,A,A157776,MINOR,,115.6006,102.8804,6.7715,16.54,20,,4,,,,,,
65ecbe20-63e3-4d6c-b382-02faf68b3e22,Thunder Tactical Shooters USPSA Match 9AUG2025,2025-08-09,3,Stage 3 Bay 3 Blastoise,d7a78dd1-f112-4bb8-837d-870b93b4a8cc,Ryan Morgan,7,85.57,2,92.61,Open,C,A147606,MINOR,,111.1320,102.6813,6.7584,15.98,19,,4,1,,,,,
65ecbe20-63e3-4d6c-b382-02faf68b3e22,Thunder Tactical Shooters USPSA Match 9AUG2025,2025-08-09,3,Stage 3 Bay 3 Blastoise,d7a78dd1-f112-4bb8-837d-870b93b4a8cc,Kenedy Nguyen,8,85.18,3,92.19,Open,B,A83862,MAJOR,,110.6321,102.2195,6.7280,17.39,21,,3,,,,,,
65ecbe20-63e3-4d6c-b382-02faf68b3e22,Thunder Tactical Shooters USPSA Match 9AUG2025,2025-08-09,3,Stage 3 Bay 3 Blastoise,d7a78dd1-f112-4bb8-837d-870b93b4a8cc,Jack Liu,9,84.88,1,100.00,PCC,M,L6156,MINOR,,120.0000,101.8533,6.7039,16.11,18,,6,,,,,,
65ecbe20-63e3-4d6c-b382-02faf68b3e22,Thunder Tactical Shooters USPSA Match 9AUG2025,2025-08-09,3,Stage 3 Bay 3 Blastoise,d7a78dd1-f112-4bb8-837d-870b93b4a8cc,Dale Fike,10,84.19,2,99.19,PCC,B,A113427,MINOR,Senior,119.0334,101.0329,6.6499,15.94,18,,5,1,,,,,
65ecbe20-63e3-4d6c-b382-02faf68b3e22,Thunder Tactical Shooters USPSA Match 9AUG2025,2025-08-09,3,Stage 3 Bay 3 Blastoise,d7a78dd1-f112-4bb8-837d-870b93b4a8cc,Moe Zahra,11,84.18,3,99.18,PCC,B,A129744,MINOR,Military,119.0137,101.0162,6.6488,14.89,20,,3,,1,,,,
65ecbe20-63e3-4d6c-b382-02faf68b3e22,Thunder Tactical Shooters USPSA Match 9AUG2025,2025-08-09,3,Stage 3 Bay 3 Blastoise,d7a78dd1-f112-4bb8-837d-870b93b4a8cc,Momoy Tuazon,12,83.77,4,83.77,Limited Optics,U,.,MINOR,,100.5239,100.5239,6.6164,17.23,21,,3,,,,,,
65ecbe20-63e3-4d6c-b382-02faf68b3e22,Thunder Tactical Shooters USPSA Match 9AUG2025,2025-08-09,3,Stage 3 Bay 3 Blastoise,d7a78dd1-f112-4bb8-837d-870b93b4a8cc,Joseph White,13,83.38,3,93.69,Carry Optics,M,A135478,MINOR,Law Enforcement,112.4304,100.0590,6.5858,17.31,21,,3,,,,,,
65ecbe20-63e3-4d6c-b382-02faf68b3e22,Thunder Tactical Shooters USPSA Match 9AUG2025,2025-08-09,3,Stage 3 Bay 3 Blastoise,d7a78dd1-f112-4bb8-837d-870b93b4a8cc,Albert Montanez,14,81.58,4,96.12,PCC,M,TY101554,MINOR,,115.3406,97.8985,6.4436,16.14,18,,4,2,,,,,
65ecbe20-63e3-4d6c-b382-02faf68b3e22,Thunder Tactical Shooters USPSA Match 9AUG2025,2025-08-09,3,Stage 3 Bay 3 Blastoise,d7a78dd1-f112-4bb8-837d-870b93b4a8cc,Anthony Fong,15,80.63,5,80.63,Limited Optics,M,A142224,MINOR,,96.7515,96.7515,6.3681,14.29,16,,7,,1,,,,
65ecbe20-63e3-4d6c-b382-02faf68b3e22,Thunder Tactical Shooters USPSA Match 9AUG2025,2025-08-09,3,Stage 3 Bay 3 Blastoise,d7a78dd1-f112-4bb8-837d-870b93b4a8cc,Shawn Prosen,16,80.59,4,90.55,Carry Optics,B,A165388,MINOR,,108.6644,96.7074,6.3652,17.91,21,,3,,,,,,
65ecbe20-63e3-4d6c-b382-02faf68b3e22,Thunder Tactical Shooters USPSA Match 9AUG2025,2025-08-09,3,Stage 3 Bay 3 Blastoise,d7a78dd1-f112-4bb8-837d-870b93b4a8cc,Will Goglas,17,79.33,4,85.86,Open,B,A154790,MAJOR,,103.0368,95.2018,6.2661,15.48,15,,8,,1,,,,
65ecbe20-63e3-4d6c-b382-02faf68b3e22,Thunder Tactical Shooters USPSA Match 9AUG2025,2025-08-09,3,Stage 3 Bay 3 Blastoise,d7a78dd1-f112-4bb8-837d-870b93b4a8cc,Josh Munoz,18,78.40,5,88.10,Carry Optics,A,A163367,MINOR,,105.7162,94.0835,6.1925,16.31,21,,2,,1,,,,
65ecbe20-63e3-4d6c-b382-02faf68b3e22,Thunder Tactical Shooters USPSA Match 9AUG2025,2025-08-09,3,Stage 3 Bay 3 Blastoise,d7a78dd1-f112-4bb8-837d-870b93b4a8cc,Albert Legislador,19,78.06,5,91.97,PCC,B,TY91787,MINOR,Senior,110.3626,93.6733,6.1655,18.49,21,,3,,,,,,
65ecbe20-63e3-4d6c-b382-02faf68b3e22,Thunder Tactical Shooters USPSA Match 9AUG2025,2025-08-09,3,Stage 3 Bay 3 Blastoise,d7a78dd1-f112-4bb8-837d-870b93b4a8cc,Jacob Bernal,20,76.19,6,76.19,Limited Optics,B,A160508,MINOR,,91.4247,91.4247,6.0175,18.28,19,,5,,,,,,
65ecbe20-63e3-4d6c-b382-02faf68b3e22,Thunder Tactical Shooters USPSA Match 9AUG2025,2025-08-09,3,Stage 3 Bay 3 Blastoise,d7a78dd1-f112-4bb8-837d-870b93b4a8cc,Tyler Denmon,21,75.01,7,75.01,Limited Optics,A,A156054,MINOR,,90.0133,90.0133,5.9246,16.71,20,,3,,1,,,,
65ecbe20-63e3-4d6c-b382-02faf68b3e22,Thunder Tactical Shooters USPSA Match 9AUG2025,2025-08-09,3,Stage 3 Bay 3 Blastoise,d7a78dd1-f112-4bb8-837d-870b93b4a8cc,Pocholo Dimayuga,22,74.08,6,83.24,Carry Optics,B,A106236,MINOR,,99.8879,88.8966,5.8511,18.80,19,,5,,,,,,
65ecbe20-63e3-4d6c-b382-02faf68b3e22,Thunder Tactical Shooters USPSA Match 9AUG2025,2025-08-09,3,Stage 3 Bay 3 Blastoise,d7a78dd1-f112-4bb8-837d-870b93b4a8cc,Seth Dickens,23,73.91,7,83.05,Carry Optics,C,A165855,MINOR,,99.6608,88.6945,5.8378,18.50,20,,2,2,,,,,
65ecbe20-63e3-4d6c-b382-02faf68b3e22,Thunder Tactical Shooters USPSA Match 9AUG2025,2025-08-09,3,Stage 3 Bay 3 Blastoise,d7a78dd1-f112-4bb8-837d-870b93b4a8cc,Janice Pacleb,24,73.06,5,79.07,Open,B,Ty75597,MAJOR,Lady,94.8825,87.6675,5.7702,18.89,13,,11,,,,,,
65ecbe20-63e3-4d6c-b382-02faf68b3e22,Thunder Tactical Shooters USPSA Match 9AUG2025,2025-08-09,3,Stage 3 Bay 3 Blastoise,d7a78dd1-f112-4bb8-837d-870b93b4a8cc,none Qian,25,71.97,8,71.97,Limited Optics,B,A150939,MINOR,,86.3609,86.3609,5.6842,19.00,19,,4,1,,,,,
65ecbe20-63e3-4d6c-b382-02faf68b3e22,Thunder Tactical Shooters USPSA Match 9AUG2025,2025-08-09,3,Stage 3 Bay 3 Blastoise,d7a78dd1-f112-4bb8-837d-870b93b4a8cc,Daniell Gianelloni,26,71.79,8,80.66,Carry Optics,M,FY134287,MINOR,Law Enforcement,96.7979,86.1466,5.6701,17.46,21,,1,1,1,,,,
65ecbe20-63e3-4d6c-b382-02faf68b3e22,Thunder Tactical Shooters USPSA Match 9AUG2025,2025-08-09,3,Stage 3 Bay 3 Blastoise,d7a78dd1-f112-4bb8-837d-870b93b4a8cc,David Zhang,27,70.98,9,70.98,Limited Optics,B,FY140383,MINOR,,85.1804,85.1804,5.6065,19.62,20,,3,1,,,,,
65ecbe20-63e3-4d6c-b382-02faf68b3e22,Thunder Tactical Shooters USPSA Match 9AUG2025,2025-08-09,3,Stage 3 Bay 3 Blastoise,d7a78dd1-f112-4bb8-837d-870b93b4a8cc,John Ren,28,70.23,9,78.91,Carry Optics,B,A168570,MINOR,,94.6896,84.2703,5.5466,18.57,22,,1,,1,,,,
65ecbe20-63e3-4d6c-b382-02faf68b3e22,Thunder Tactical Shooters USPSA Match 9AUG2025,2025-08-09,3,Stage 3 Bay 3 Blastoise,d7a78dd1-f112-4bb8-837d-870b93b4a8cc,Edwin Buchwalter,29,70.16,6,75.94,Open,B,TY102903,MINOR,,91.1268,84.1974,5.5418,20.21,20,,4,,,,,,
65ecbe20-63e3-4d6c-b382-02faf68b3e22,Thunder Tactical Shooters USPSA Match 9AUG2025,2025-08-09,3,Stage 3 Bay 3 Blastoise,d7a78dd1-f112-4bb8-837d-870b93b4a8cc,Shaun Ebersole,30,68.85,10,68.85,Limited Optics,U,A160600,MINOR,,82.6249,82.6249,5.4383,21.33,22,,2,,,,,,
65ecbe20-63e3-4d6c-b382-02faf68b3e22,Thunder Tactical Shooters USPSA Match 9AUG2025,2025-08-09,3,Stage 3 Bay 3 Blastoise,d7a78dd1-f112-4bb8-837d-870b93b4a8cc,Vadim Berezanskiy,31,68.13,11,68.13,Limited Optics,B,a95979,MINOR,,81.7528,81.7528,5.3809,18.77,21,,2,,1,,,,
65ecbe20-63e3-4d6c-b382-02faf68b3e22,Thunder Tactical Shooters USPSA Match 9AUG2025,2025-08-09,3,Stage 3 Bay 3 Blastoise,d7a78dd1-f112-4bb8-837d-870b93b4a8cc,Robert Strong,32,67.44,7,72.99,Open,C,TY135331,MINOR,,87.5865,80.9263,5.3265,17.46,18,,4,1,1,,,,
65ecbe20-63e3-4d6c-b382-02faf68b3e22,Thunder Tactical Shooters USPSA Match 9AUG2025,2025-08-09,3,Stage 3 Bay 3 Blastoise,d7a78dd1-f112-4bb8-837d-870b93b4a8cc,Craig Bellamy,33,66.20,10,74.39,Carry Optics,G,TY54824,MINOR,Law Enforcement,89.2642,79.4419,5.2288,15.30,17,,5,,2,,,,
65ecbe20-63e3-4d6c-b382-02faf68b3e22,Thunder Tactical Shooters USPSA Match 9AUG2025,2025-08-09,3,Stage 3 Bay 3 Blastoise,d7a78dd1-f112-4bb8-837d-870b93b4a8cc,Christopher Wilkerson,34,65.92,11,74.07,Carry Optics,U,A161474,MINOR,Law Enforcement,88.8869,79.1061,5.2067,19.59,17,,5,2,,,,,
65ecbe20-63e3-4d6c-b382-02faf68b3e22,Thunder Tactical Shooters USPSA Match 9AUG2025,2025-08-09,3,Stage 3 Bay 3 Blastoise,d7a78dd1-f112-4bb8-837d-870b93b4a8cc,James O'Flaherty,35,61.36,12,61.36,Limited Optics,B,FY100318,MINOR,Senior; Law Enforcement,73.6320,73.6320,4.8464,23.11,20,,4,,,,,,
65ecbe20-63e3-4d6c-b382-02faf68b3e22,Thunder Tactical Shooters USPSA Match 9AUG2025,2025-08-09,3,Stage 3 Bay 3 Blastoise,d7a78dd1-f112-4bb8-837d-870b93b4a8cc,Harlan Chen,36,60.23,13,60.23,Limited Optics,C,A163292,MINOR,,72.2799,72.2799,4.7574,21.23,21,,2,,1,,,,
65ecbe20-63e3-4d6c-b382-02faf68b3e22,Thunder Tactical Shooters USPSA Match 9AUG2025,2025-08-09,3,Stage 3 Bay 3 Blastoise,d7a78dd1-f112-4bb8-837d-870b93b4a8cc,Manny Nerona,37,59.48,12,66.84,Carry Optics,B,A69445,MINOR,,80.2026,71.3774,4.6980,17.88,19,,3,,2,,,,
65ecbe20-63e3-4d6c-b382-02faf68b3e22,Thunder Tactical Shooters USPSA Match 9AUG2025,2025-08-09,3,Stage 3 Bay 3 Blastoise,d7a78dd1-f112-4bb8-837d-870b93b4a8cc,Michael Henss,38,58.82,14,58.82,Limited Optics,C,A56644,MINOR,,70.5782,70.5782,4.6454,24.11,20,,4,,,,,,
65ecbe20-63e3-4d6c-b382-02faf68b3e22,Thunder Tactical Shooters USPSA Match 9AUG2025,2025-08-09,3,Stage 3 Bay 3 Blastoise,d7a78dd1-f112-4bb8-837d-870b93b4a8cc,Phyl Santos,39,58.62,15,58.62,Limited Optics,B,A155981,MINOR,,70.3382,70.3382,4.6296,15.12,17,,5,,2,,1,,
65ecbe20-63e3-4d6c-b382-02faf68b3e22,Thunder Tactical Shooters USPSA Match 9AUG2025,2025-08-09,3,Stage 3 Bay 3 Blastoise,d7a78dd1-f112-4bb8-837d-870b93b4a8cc,Phil Truong,40,57.51,13,64.62,Carry Optics,B,FY128600,MINOR,,77.5479,69.0149,4.5425,15.19,18,,3,,3,,,,
65ecbe20-63e3-4d6c-b382-02faf68b3e22,Thunder Tactical Shooters USPSA Match 9AUG2025,2025-08-09,3,Stage 3 Bay 3 Blastoise,d7a78dd1-f112-4bb8-837d-870b93b4a8cc,Gennady Khokhorin,41,57.28,1,100.00,Production,B,A123884,MINOR,Super Senior,120.0000,68.7353,4.5241,23.43,18,,5,1,,,,,
65ecbe20-63e3-4d6c-b382-02faf68b3e22,Thunder Tactical Shooters USPSA Match 9AUG2025,2025-08-09,3,Stage 3 Bay 3 Blastoise,d7a78dd1-f112-4bb8-837d-870b93b4a8cc,Drew Yang,42,56.39,14,63.36,Carry Optics,B,FY138478,MINOR,,76.0371,67.6703,4.4540,20.88,17,,6,,1,,,,
65ecbe20-63e3-4d6c-b382-02faf68b3e22,Thunder Tactical Shooters USPSA Match 9AUG2025,2025-08-09,3,Stage 3 Bay 3 Blastoise,d7a78dd1-f112-4bb8-837d-870b93b4a8cc,Ernie Morales,43,56.28,16,56.28,Limited Optics,B,A169705,MINOR,,67.5411,67.5411,4.4455,20.47,16,,7,,1,,,,
65ecbe20-63e3-4d6c-b382-02faf68b3e22,Thunder Tactical Shooters USPSA Match 9AUG2025,2025-08-09,3,Stage 3 Bay 3 Blastoise,d7a78dd1-f112-4bb8-837d-870b93b4a8cc,Jay Bennett,44,56.02,15,62.94,Carry Optics,A,A77156,MINOR,Super Senior,75.5318,67.2205,4.4244,21.02,17,,6,,1,,,,
65ecbe20-63e3-4d6c-b382-02faf68b3e22,Thunder Tactical Shooters USPSA Match 9AUG2025,2025-08-09,3,Stage 3 Bay 3 Blastoise,d7a78dd1-f112-4bb8-837d-870b93b4a8cc,Ross Pimentel,45,55.23,16,62.06,Carry Optics,C,A157753,MINOR,Senior,74.4733,66.2786,4.3624,20.86,16,,7,,1,,,,
65ecbe20-63e3-4d6c-b382-02faf68b3e22,Thunder Tactical Shooters USPSA Match 9AUG2025,2025-08-09,3,Stage 3 Bay 3 Blastoise,d7a78dd1-f112-4bb8-837d-870b93b4a8cc,Chadrick Smith,46,54.99,17,61.79,Carry Optics,D,A141153,MINOR,,74.1507,65.9914,4.3435,20.03,15,,7,1,1,,,,
65ecbe20-63e3-4d6c-b382-02faf68b3e22,Thunder Tactical Shooters USPSA Match 9AUG2025,2025-08-09,3,Stage 3 Bay 3 Blastoise,d7a78dd1-f112-4bb8-837d-870b93b4a8cc,Ivan Velazquez,47,54.88,18,61.66,Carry Optics,A,A108486,MINOR,,73.9953,65.8532,4.3344,25.84,20,,4,,,,,,
65ecbe20-63e3-4d6c-b382-02faf68b3e22,Thunder Tactical Shooters USPSA Match 9AUG2025,2025-08-09,3,Stage 3 Bay 3 Blastoise,d7a78dd1-f112-4bb8-837d-870b93b4a8cc,Todd Liscano,48,54.26,19,60.97,Carry Optics,U,A172140,MINOR,,73.1639,65.1133,4.2857,26.60,21,,3,,,,,,
65ecbe20-63e3-4d6c-b382-02faf68b3e22,Thunder Tactical Shooters USPSA Match 9AUG2025,2025-08-09,3,Stage 3 Bay 3 Blastoise,d7a78dd1-f112-4bb8-837d-870b93b4a8cc,John Mabute,49,53.96,17,53.96,Limited Optics,U,A169337,MINOR,,64.7501,64.7501,4.2618,26.28,20,,4,,,,,,
65ecbe20-63e3-4d6c-b382-02faf68b3e22,Thunder Tactical Shooters USPSA Match 9AUG2025,2025-08-09,3,Stage 3 Bay 3 Blastoise,d7a78dd1-f112-4bb8-837d-870b93b4a8cc,Marco Yue,50,52.89,18,52.89,Limited Optics,B,L5762,MINOR,,63.4694,63.4694,4.1775,19.15,17,,5,,2,,,,
65ecbe20-63e3-4d6c-b382-02faf68b3e22,Thunder Tactical Shooters USPSA Match 9AUG2025,2025-08-09,3,Stage 3 Bay 3 Blastoise,d7a78dd1-f112-4bb8-837d-870b93b4a8cc,Bruce Lamb,51,52.75,6,62.15,PCC,U,L-997,MINOR,Super Senior,74.5840,63.3053,4.1667,25.44,17,,7,,,,,,
65ecbe20-63e3-4d6c-b382-02faf68b3e22,Thunder Tactical Shooters USPSA Match 9AUG2025,2025-08-09,3,Stage 3 Bay 3 Blastoise,d7a78dd1-f112-4bb8-837d-870b93b4a8cc,Tom Dowdy,52,51.89,7,61.13,PCC,U,A156310,MINOR,Super Senior,73.3561,62.2630,4.0981,27.33,20,,4,,,,,,
65ecbe20-63e3-4d6c-b382-02faf68b3e22,Thunder Tactical Shooters USPSA Match 9AUG2025,2025-08-09,3,Stage 3 Bay 3 Blastoise,d7a78dd1-f112-4bb8-837d-870b93b4a8cc,vox esguerra,53,48.50,19,48.50,Limited Optics,U,A79097,MINOR,,58.2049,58.2049,3.8310,20.36,16,,6,,2,,,,
65ecbe20-63e3-4d6c-b382-02faf68b3e22,Thunder Tactical Shooters USPSA Match 9AUG2025,2025-08-09,3,Stage 3 Bay 3 Blastoise,d7a78dd1-f112-4bb8-837d-870b93b4a8cc,Tristan Smith,54,48.25,20,54.22,Carry Optics,C,A160700,MINOR,,65.0600,57.9011,3.8110,25.19,13,,10,1,,,,,
65ecbe20-63e3-4d6c-b382-02faf68b3e22,Thunder Tactical Shooters USPSA Match 9AUG2025,2025-08-09,3,Stage 3 Bay 3 Blastoise,d7a78dd1-f112-4bb8-837d-870b93b4a8cc,Yihao Zuo,55,47.94,20,47.94,Limited Optics,C,A165414,MINOR,,57.5288,57.5288,3.7865,21.92,13,,9,1,1,,,,
65ecbe20-63e3-4d6c-b382-02faf68b3e22,Thunder Tactical Shooters USPSA Match 9AUG2025,2025-08-09,3,Stage 3 Bay 3 Blastoise,d7a78dd1-f112-4bb8-837d-870b93b4a8cc,james rogers,56,47.79,21,47.79,Limited Optics,B,A101402,MINOR,Law Enforcement,57.3480,57.3480,3.7746,19.34,20,,1,,3,,,,
65ecbe20-63e3-4d6c-b382-02faf68b3e22,Thunder Tactical Shooters USPSA Match 9AUG2025,2025-08-09,3,Stage 3 Bay 3 Blastoise,d7a78dd1-f112-4bb8-837d-870b93b4a8cc,Ryan Liu,57,46.85,8,55.19,PCC,U,A155638,MINOR,Junior,66.2337,56.2177,3.7002,31.35,23,,,1,,,,,
65ecbe20-63e3-4d6c-b382-02faf68b3e22,Thunder Tactical Shooters USPSA Match 9AUG2025,2025-08-09,3,Stage 3 Bay 3 Blastoise,d7a78dd1-f112-4bb8-837d-870b93b4a8cc,james wood,58,46.65,22,46.65,Limited Optics,U,A162399,MINOR,Super Senior,55.9852,55.9852,3.6849,31.48,22,,2,,,,,,
65ecbe20-63e3-4d6c-b382-02faf68b3e22,Thunder Tactical Shooters USPSA Match 9AUG2025,2025-08-09,3,Stage 3 Bay 3 Blastoise,d7a78dd1-f112-4bb8-837d-870b93b4a8cc,Joseph Giron,59,45.75,23,45.75,Limited Optics,U,A83387,MINOR,Law Enforcement,54.9004,54.9004,3.6135,24.63,15,,8,,1,,,,
65ecbe20-63e3-4d6c-b382-02faf68b3e22,Thunder Tactical Shooters USPSA Match 9AUG2025,2025-08-09,3,Stage 3 Bay 3 Blastoise,d7a78dd1-f112-4bb8-837d-870b93b4a8cc,Jim Wang,60,44.27,9,52.16,PCC,C,A170259,MINOR,,62.5874,53.1228,3.4965,20.02,17,,5,,2,,,1,
65ecbe20-63e3-4d6c-b382-02faf68b3e22,Thunder Tactical Shooters USPSA Match 9AUG2025,2025-08-09,3,Stage 3 Bay 3 Blastoise,d7a78dd1-f112-4bb8-837d-870b93b4a8cc,Ryan Stegint,61,43.95,24,43.95,Limited Optics,C,A167764,MINOR,,52.7400,52.7400,3.4713,22.47,17,,4,1,2,,,,
65ecbe20-63e3-4d6c-b382-02faf68b3e22,Thunder Tactical Shooters USPSA Match 9AUG2025,2025-08-09,3,Stage 3 Bay 3 Blastoise,d7a78dd1-f112-4bb8-837d-870b93b4a8cc,Yul Kwan,62,43.40,8,46.97,Open,C,A156984,MAJOR,Senior,56.3602,52.0745,3.4275,21.59,16,,6,,2,,,1,
65ecbe20-63e3-4d6c-b382-02faf68b3e22,Thunder Tactical Shooters USPSA Match 9AUG2025,2025-08-09,3,Stage 3 Bay 3 Blastoise,d7a78dd1-f112-4bb8-837d-870b93b4a8cc,Joseph Wilkie,63,42.33,21,47.56,Carry Optics,U,A166735,MINOR,,57.0739,50.7937,3.3432,20.34,17,,4,1,2,,1,,
65ecbe20-63e3-4d6c-b382-02faf68b3e22,Thunder Tactical Shooters USPSA Match 9AUG2025,2025-08-09,3,Stage 3 Bay 3 Blastoise,d7a78dd1-f112-4bb8-837d-870b93b4a8cc,Sean Finnerty,64,41.26,22,46.36,Carry Optics,C,A166724,MINOR,,55.6365,49.5145,3.2590,23.32,16,,5,1,2,,,,
65ecbe20-63e3-4d6c-b382-02faf68b3e22,Thunder Tactical Shooters USPSA Match 9AUG2025,2025-08-09,3,Stage 3 Bay 3 Blastoise,d7a78dd1-f112-4bb8-837d-870b93b4a8cc,Josh Vickers,65,39.79,1,100.00,Limited,U,A168865,MINOR,,120.0000,47.7460,3.1426,21.32,17,,4,,3,,,,
65ecbe20-63e3-4d6c-b382-02faf68b3e22,Thunder Tactical Shooters USPSA Match 9AUG2025,2025-08-09,3,Stage 3 Bay 3 Blastoise,d7a78dd1-f112-4bb8-837d-870b93b4a8cc,Jay-R delos-Santos,66,38.44,10,45.29,PCC,B,A70297,MINOR,Senior,54.3481,46.1294,3.0362,30.63,17,,6,,1,,,,
65ecbe20-63e3-4d6c-b382-02faf68b3e22,Thunder Tactical Shooters USPSA Match 9AUG2025,2025-08-09,3,Stage 3 Bay 3 Blastoise,d7a78dd1-f112-4bb8-837d-870b93b4a8cc,Dale Hamm,67,37.65,9,40.75,Open,D,TY97196,MAJOR,Super Senior,48.9014,45.1829,2.9739,33.29,17,,6,,1,,,,
65ecbe20-63e3-4d6c-b382-02faf68b3e22,Thunder Tactical Shooters USPSA Match 9AUG2025,2025-08-09,3,Stage 3 Bay 3 Blastoise,d7a78dd1-f112-4bb8-837d-870b93b4a8cc,Cristian Torquemada,68,36.73,25,36.73,Limited Optics,U,A171091,MINOR,,44.0738,44.0738,2.9009,24.82,18,,4,,2,,,1,
65ecbe20-63e3-4d6c-b382-02faf68b3e22,Thunder Tactical Shooters USPSA Match 9AUG2025,2025-08-09,3,Stage 3 Bay 3 Blastoise,d7a78dd1-f112-4bb8-837d-870b93b4a8cc,Derek Lowrance,69,35.26,26,35.26,Limited Optics,U,A169029,MINOR,,42.3099,42.3099,2.7848,19.75,16,,5,,3,,,1,
65ecbe20-63e3-4d6c-b382-02faf68b3e22,Thunder Tactical Shooters USPSA Match 9AUG2025,2025-08-09,3,Stage 3 Bay 3 Blastoise,d7a78dd1-f112-4bb8-837d-870b93b4a8cc,Jonathan W.,70,34.58,23,38.85,Carry Optics,U,N/A,MINOR,Senior,46.6210,41.4910,2.7309,35.52,19,,4,,1,,,,
65ecbe20-63e3-4d6c-b382-02faf68b3e22,Thunder Tactical Shooters USPSA Match 9AUG2025,2025-08-09,3,Stage 3 Bay 3 Blastoise,d7a78dd1-f112-4bb8-837d-870b93b4a8cc,Ron Plesko,71,34.57,24,38.84,Carry Optics,U,TY138017,MINOR,Super Senior,46.6124,41.4834,2.7304,41.02,21,,2,1,,,,,
65ecbe20-63e3-4d6c-b382-02faf68b3e22,Thunder Tactical Shooters USPSA Match 9AUG2025,2025-08-09,3,Stage 3 Bay 3 Blastoise,d7a78dd1-f112-4bb8-837d-870b93b4a8cc,Christian Morales,72,34.42,2,60.08,Production,U,A57907,MINOR,Senior,72.0992,41.2980,2.7182,20.97,12,,9,,3,,,,
65ecbe20-63e3-4d6c-b382-02faf68b3e22,Thunder Tactical Shooters USPSA Match 9AUG2025,2025-08-09,3,Stage 3 Bay 3 Blastoise,d7a78dd1-f112-4bb8-837d-870b93b4a8cc,Justin Wilkie,73,33.95,10,36.75,Open,U,A172037,MINOR,,44.0950,40.7419,2.6816,26.85,18,,4,,2,,,1,
65ecbe20-63e3-4d6c-b382-02faf68b3e22,Thunder Tactical Shooters USPSA Match 9AUG2025,2025-08-09,3,Stage 3 Bay 3 Blastoise,d7a78dd1-f112-4bb8-837d-870b93b4a8cc,Rick Ramos,74,33.79,27,33.79,Limited Optics,U,.,MINOR,,40.5429,40.5429,2.6685,42.72,21,,3,,,,,,
65ecbe20-63e3-4d6c-b382-02faf68b3e22,Thunder Tactical Shooters USPSA Match 9AUG2025,2025-08-09,3,Stage 3 Bay 3 Blastoise,d7a78dd1-f112-4bb8-837d-870b93b4a8cc,Fred Ermac,75,33.18,28,33.18,Limited Optics,U,a106437,MINOR,,39.8121,39.8121,2.6204,28.24,14,,8,,2,,,,
65ecbe20-63e3-4d6c-b382-02faf68b3e22,Thunder Tactical Shooters USPSA Match 9AUG2025,2025-08-09,3,Stage 3 Bay 3 Blastoise,d7a78dd1-f112-4bb8-837d-870b93b4a8cc,Henry Pham,76,30.90,25,34.72,Carry Optics,U,A171802,MINOR,,41.6651,37.0804,2.4406,30.32,19,,3,,2,,1,,
65ecbe20-63e3-4d6c-b382-02faf68b3e22,Thunder Tactical Shooters USPSA Match 9AUG2025,2025-08-09,3,Stage 3 Bay 3 Blastoise,d7a78dd1-f112-4bb8-837d-870b93b4a8cc,Sean Frederick,77,30.09,26,33.81,Carry Optics,B,A149482,MINOR,,40.5776,36.1126,2.3769,17.67,12,,6,4,2,,2,,
65ecbe20-63e3-4d6c-b382-02faf68b3e22,Thunder Tactical Shooters USPSA Match 9AUG2025,2025-08-09,3,Stage 3 Bay 3 Blastoise,d7a78dd1-f112-4bb8-837d-870b93b4a8cc,Virak Meas,78,26.94,29,26.94,Limited Optics,U,O,MINOR,Senior,32.3264,32.3264,2.1277,18.80,12,,6,2,4,,,,
65ecbe20-63e3-4d6c-b382-02faf68b3e22,Thunder Tactical Shooters USPSA Match 9AUG2025,2025-08-09,3,Stage 3 Bay 3 Blastoise,d7a78dd1-f112-4bb8-837d-870b93b4a8cc,Sonny Somera,79,26.89,27,30.22,Carry Optics,D,A118611,MINOR,,36.2619,32.2718,2.1241,35.78,17,,3,2,2,,,,
65ecbe20-63e3-4d6c-b382-02faf68b3e22,Thunder Tactical Shooters USPSA Match 9AUG2025,2025-08-09,3,Stage 3 Bay 3 Blastoise,d7a78dd1-f112-4bb8-837d-870b93b4a8cc,Daniel Harder,80,26.14,2,65.69,Limited,X,A171676,MINOR,Junior,78.8252,31.3632,2.0643,29.55,16,,3,2,3,,,,
65ecbe20-63e3-4d6c-b382-02faf68b3e22,Thunder Tactical Shooters USPSA Match 9AUG2025,2025-08-09,3,Stage 3 Bay 3 Blastoise,d7a78dd1-f112-4bb8-837d-870b93b4a8cc,Charity Taylor,81,22.93,11,24.82,Open,D,104508,MAJOR,Senior,29.7858,27.5209,1.8114,43.06,10,,12,,2,,,,
65ecbe20-63e3-4d6c-b382-02faf68b3e22,Thunder Tactical Shooters USPSA Match 9AUG2025,2025-08-09,3,Stage 3 Bay 3 Blastoise,d7a78dd1-f112-4bb8-837d-870b93b4a8cc,ian loyd,82,13.31,28,14.96,Carry Optics,U,A148072,MINOR,,17.9491,15.9741,1.0514,26.63,15,,4,1,4,,,2,
65ecbe20-63e3-4d6c-b382-02faf68b3e22,Thunder Tactical Shooters USPSA Match 9AUG2025,2025-08-09,3,Stage 3 Bay 3 Blastoise,d7a78dd1-f112-4bb8-837d-870b93b4a8cc,Jerry Bedro,83,0.00,12,0.00,Open,B,A98263,MAJOR,,0.0000,0.0000,,,,,,,,,,,
65ecbe20-63e3-4d6c-b382-02faf68b3e22,Thunder Tactical Shooters USPSA Match 9AUG2025,2025-08-09,3,Stage 3 Bay 3 Blastoise,d7a78dd1-f112-4bb8-837d-870b93b4a8cc,Phillip Thane,84,0.00,29,0.00,Carry Optics,X,1234,MINOR,,0.0000,0.0000,,,,,,,,,,,
65ecbe20-63e3-4d6c-b382-02faf68b3e22,Thunder Tactical Shooters USPSA Match 9AUG2025,2025-08-09,3,Stage 3 Bay 3 Blastoise,d7a78dd1-f112-4bb8-837d-870b93b4a8cc,Dean Tamban,85,0.00,3,0.00,Limited,U,.,MINOR,,0.0000,0.0000,0.0000,27.42,9,,8,1,6,,1,,
65ecbe20-63e3-4d6c-b382-02faf68b3e22,Thunder Tactical Shooters USPSA Match 9AUG2025,2025-08-09,3,Stage 3 Bay 3 Blastoise,d7a78dd1-f112-4bb8-837d-870b93b4a8cc,Keishaun Smith,86,0.00,4,0.00,Limited,U,A153220,MINOR,Junior,0.0000,0.0000,0.0000,29.48,8,,6,2,8,,,3,
65ecbe20-63e3-4d6c-b382-02faf68b3e22,Thunder Tactical Shooters USPSA Match 9AUG2025,2025-08-09,3,Stage 3 Bay 3 Blastoise,d7a78dd1-f112-4bb8-837d-870b93b4a8cc,Antonios Panagopoulos,87,0.00,5,0.00,Limited,D,A167580,MINOR,,0.0000,0.0000,0.0000,34.53,5,,7,2,10,,1,,
65ecbe20-63e3-4d6c-b382-02faf68b3e22,Thunder Tactical Shooters USPSA Match 9AUG2025,2025-08-09,4,Stage 4 Bay 4 Zapdos,36f58c58-1f14-4f1d-92ac-47cf563fbbd9,Craig Bellamy,1,100.00,1,100.00,Carry Optics,G,TY54824,MINOR,Law Enforcement,120.0000,120.0000,6.4045,17.80,21,,3,,,,,,
65ecbe20-63e3-4d6c-b382-02faf68b3e22,Thunder Tactical Shooters USPSA Match 9AUG2025,2025-08-09,4,Stage 4 Bay 4 Zapdos,36f58c58-1f14-4f1d-92ac-47cf563fbbd9,Cholai Sioson,2,96.31,1,100.00,Open,U,A137810,MAJOR,,120.0000,115.5744,6.1683,19.13,22,,2,,,,,,
65ecbe20-63e3-4d6c-b382-02faf68b3e22,Thunder Tactical Shooters USPSA Match 9AUG2025,2025-08-09,4,Stage 4 Bay 4 Zapdos,36f58c58-1f14-4f1d-92ac-47cf563fbbd9,Olayemi Bakare,3,94.87,1,100.00,Limited Optics,A,A105300,MINOR,,120.0000,113.8487,6.0762,19.42,23,,1,,,,,,
65ecbe20-63e3-4d6c-b382-02faf68b3e22,Thunder Tactical Shooters USPSA Match 9AUG2025,2025-08-09,4,Stage 4 Bay 4 Zapdos,36f58c58-1f14-4f1d-92ac-47cf563fbbd9,Jacob Bernal,4,93.92,2,98.99,Limited Optics,B,A160508,MINOR,,118.7913,112.7020,6.0150,19.95,24,,,,,,,,
65ecbe20-63e3-4d6c-b382-02faf68b3e22,Thunder Tactical Shooters USPSA Match 9AUG2025,2025-08-09,4,Stage 4 Bay 4 Zapdos,36f58c58-1f14-4f1d-92ac-47cf563fbbd9,Anthony Fong,5,89.14,3,93.96,Limited Optics,M,A142224,MINOR,,112.7520,106.9723,5.7092,16.99,19,,4,,1,,,,
65ecbe20-63e3-4d6c-b382-02faf68b3e22,Thunder Tactical Shooters USPSA Match 9AUG2025,2025-08-09,4,Stage 4 Bay 4 Zapdos,36f58c58-1f14-4f1d-92ac-47cf563fbbd9,Albert Montanez,6,88.65,1,100.00,PCC,M,TY101554,MINOR,,120.0000,106.3802,5.6776,18.67,18,,5,1,,,,,
65ecbe20-63e3-4d6c-b382-02faf68b3e22,Thunder Tactical Shooters USPSA Match 9AUG2025,2025-08-09,4,Stage 4 Bay 4 Zapdos,36f58c58-1f14-4f1d-92ac-47cf563fbbd9,Phyl Santos,7,84.66,4,89.24,Limited Optics,B,A155981,MINOR,,107.0860,101.5967,5.4223,19.18,18,,4,2,,,,,
65ecbe20-63e3-4d6c-b382-02faf68b3e22,Thunder Tactical Shooters USPSA Match 9AUG2025,2025-08-09,4,Stage 4 Bay 4 Zapdos,36f58c58-1f14-4f1d-92ac-47cf563fbbd9,Josh Munoz,8,84.32,2,84.32,Carry Optics,A,A163367,MINOR,,101.1864,101.1864,5.4004,21.48,22,,2,,,,,,
65ecbe20-63e3-4d6c-b382-02faf68b3e22,Thunder Tactical Shooters USPSA Match 9AUG2025,2025-08-09,4,Stage 4 Bay 4 Zapdos,36f58c58-1f14-4f1d-92ac-47cf563fbbd9,Daniell Gianelloni,9,83.91,3,83.91,Carry Optics,M,FY134287,MINOR,Law Enforcement,100.6861,100.6861,5.3737,20.47,19,,5,,,,,,
65ecbe20-63e3-4d6c-b382-02faf68b3e22,Thunder Tactical Shooters USPSA Match 9AUG2025,2025-08-09,4,Stage 4 Bay 4 Zapdos,36f58c58-1f14-4f1d-92ac-47cf563fbbd9,Ivan Velazquez,10,83.03,4,83.03,Carry Optics,A,A108486,MINOR,,99.6349,99.6349,5.3176,20.31,18,,6,,,,,,
65ecbe20-63e3-4d6c-b382-02faf68b3e22,Thunder Tactical Shooters USPSA Match 9AUG2025,2025-08-09,4,Stage 4 Bay 4 Zapdos,36f58c58-1f14-4f1d-92ac-47cf563fbbd9,Christopher Wilkerson,11,82.69,5,82.69,Carry Optics,U,A161474,MINOR,Law Enforcement,99.2321,99.2321,5.2961,20.77,20,,3,1,,,,,
65ecbe20-63e3-4d6c-b382-02faf68b3e22,Thunder Tactical Shooters USPSA Match 9AUG2025,2025-08-09,4,Stage 4 Bay 4 Zapdos,36f58c58-1f14-4f1d-92ac-47cf563fbbd9,Momoy Tuazon,12,82.68,5,87.15,Limited Optics,U,.,MINOR,,104.5779,99.2171,5.2953,19.64,17,,6,1,,,,,
65ecbe20-63e3-4d6c-b382-02faf68b3e22,Thunder Tactical Shooters USPSA Match 9AUG2025,2025-08-09,4,Stage 4 Bay 4 Zapdos,36f58c58-1f14-4f1d-92ac-47cf563fbbd9,Tyler Denmon,13,82.30,6,86.74,Limited Optics,A,A156054,MINOR,,104.0920,98.7562,5.2707,20.87,19,,5,,,,,,
65ecbe20-63e3-4d6c-b382-02faf68b3e22,Thunder Tactical Shooters USPSA Match 9AUG2025,2025-08-09,4,Stage 4 Bay 4 Zapdos,36f58c58-1f14-4f1d-92ac-47cf563fbbd9,Shawn Prosen,14,78.78,6,78.78,Carry Optics,B,A165388,MINOR,,94.5348,94.5348,5.0454,19.82,16,,6,2,,,,,
65ecbe20-63e3-4d6c-b382-02faf68b3e22,Thunder Tactical Shooters USPSA Match 9AUG2025,2025-08-09,4,Stage 4 Bay 4 Zapdos,36f58c58-1f14-4f1d-92ac-47cf563fbbd9,Drew Yang,15,77.70,7,77.70,Carry Optics,B,FY138478,MINOR,,93.2438,93.2438,4.9765,21.30,17,,7,,,,,,
65ecbe20-63e3-4d6c-b382-02faf68b3e22,Thunder Tactical Shooters USPSA Match 9AUG2025,2025-08-09,4,Stage 4 Bay 4 Zapdos,36f58c58-1f14-4f1d-92ac-47cf563fbbd9,Janice Pacleb,16,77.03,2,79.98,Open,B,Ty75597,MAJOR,Lady,95.9778,92.4381,4.9335,23.31,19,,5,,,,,,
65ecbe20-63e3-4d6c-b382-02faf68b3e22,Thunder Tactical Shooters USPSA Match 9AUG2025,2025-08-09,4,Stage 4 Bay 4 Zapdos,36f58c58-1f14-4f1d-92ac-47cf563fbbd9,Albert Legislador,17,76.87,2,86.71,PCC,B,TY91787,MINOR,Senior,104.0531,92.2433,4.9231,22.75,20,,4,,,,,,
65ecbe20-63e3-4d6c-b382-02faf68b3e22,Thunder Tactical Shooters USPSA Match 9AUG2025,2025-08-09,4,Stage 4 Bay 4 Zapdos,36f58c58-1f14-4f1d-92ac-47cf563fbbd9,Will Goglas,18,76.72,3,79.66,Open,B,A154790,MAJOR,,95.5907,92.0653,4.9136,18.52,15,,5,3,1,,,,
65ecbe20-63e3-4d6c-b382-02faf68b3e22,Thunder Tactical Shooters USPSA Match 9AUG2025,2025-08-09,4,Stage 4 Bay 4 Zapdos,36f58c58-1f14-4f1d-92ac-47cf563fbbd9,Marco Yue,19,76.22,7,80.34,Limited Optics,B,L5762,MINOR,,96.4116,91.4694,4.8818,19.46,18,,5,,1,,,,
65ecbe20-63e3-4d6c-b382-02faf68b3e22,Thunder Tactical Shooters USPSA Match 9AUG2025,2025-08-09,4,Stage 4 Bay 4 Zapdos,36f58c58-1f14-4f1d-92ac-47cf563fbbd9,Kenedy Nguyen,20,76.17,4,79.08,Open,B,A83862,MAJOR,,94.8981,91.3982,4.8780,19.27,14,,8,1,1,,,,
65ecbe20-63e3-4d6c-b382-02faf68b3e22,Thunder Tactical Shooters USPSA Match 9AUG2025,2025-08-09,4,Stage 4 Bay 4 Zapdos,36f58c58-1f14-4f1d-92ac-47cf563fbbd9,Robert Strong,21,75.42,5,78.31,Open,C,TY135331,MINOR,,93.9662,90.5007,4.8301,18.84,16,,7,,1,,,,
65ecbe20-63e3-4d6c-b382-02faf68b3e22,Thunder Tactical Shooters USPSA Match 9AUG2025,2025-08-09,4,Stage 4 Bay 4 Zapdos,36f58c58-1f14-4f1d-92ac-47cf563fbbd9,Phil Truong,22,72.60,8,72.60,Carry Optics,B,FY128600,MINOR,,87.1225,87.1225,4.6498,17.42,18,,3,2,1,,,1,
65ecbe20-63e3-4d6c-b382-02faf68b3e22,Thunder Tactical Shooters USPSA Match 9AUG2025,2025-08-09,4,Stage 4 Bay 4 Zapdos,36f58c58-1f14-4f1d-92ac-47cf563fbbd9,Derek Lowrance,23,72.59,8,76.51,Limited Optics,U,A169029,MINOR,,91.8120,87.1056,4.6489,20.65,13,,10,1,,,,,
65ecbe20-63e3-4d6c-b382-02faf68b3e22,Thunder Tactical Shooters USPSA Match 9AUG2025,2025-08-09,4,Stage 4 Bay 4 Zapdos,36f58c58-1f14-4f1d-92ac-47cf563fbbd9,Seth Dickens,24,72.37,9,72.37,Carry Optics,C,A165855,MINOR,,86.8433,86.8433,4.6349,22.87,18,,5,1,,,,,
65ecbe20-63e3-4d6c-b382-02faf68b3e22,Thunder Tactical Shooters USPSA Match 9AUG2025,2025-08-09,4,Stage 4 Bay 4 Zapdos,36f58c58-1f14-4f1d-92ac-47cf563fbbd9,Moe Zahra,25,71.73,3,80.91,PCC,B,A129744,MINOR,Military,97.0974,86.0770,4.5940,21.55,20,,3,,1,,,,
65ecbe20-63e3-4d6c-b382-02faf68b3e22,Thunder Tactical Shooters USPSA Match 9AUG2025,2025-08-09,4,Stage 4 Bay 4 Zapdos,36f58c58-1f14-4f1d-92ac-47cf563fbbd9,Sean Frederick,26,71.24,10,71.24,Carry Optics,B,A149482,MINOR,,85.4905,85.4905,4.5627,23.67,20,,2,2,,,,,
65ecbe20-63e3-4d6c-b382-02faf68b3e22,Thunder Tactical Shooters USPSA Match 9AUG2025,2025-08-09,4,Stage 4 Bay 4 Zapdos,36f58c58-1f14-4f1d-92ac-47cf563fbbd9,Roger Feng,27,69.96,11,69.96,Carry Optics,A,A157776,MINOR,,83.9522,83.9522,4.4806,20.31,16,,7,,1,,,,
65ecbe20-63e3-4d6c-b382-02faf68b3e22,Thunder Tactical Shooters USPSA Match 9AUG2025,2025-08-09,4,Stage 4 Bay 4 Zapdos,36f58c58-1f14-4f1d-92ac-47cf563fbbd9,Michael Henss,28,69.48,9,73.23,Limited Optics,C,A56644,MINOR,,87.8760,83.3714,4.4496,25.62,21,,3,,,,,,
65ecbe20-63e3-4d6c-b382-02faf68b3e22,Thunder Tactical Shooters USPSA Match 9AUG2025,2025-08-09,4,Stage 4 Bay 4 Zapdos,36f58c58-1f14-4f1d-92ac-47cf563fbbd9,james rogers,29,69.17,10,72.91,Limited Optics,B,A101402,MINOR,Law Enforcement,87.4869,83.0023,4.4299,24.38,18,,6,,,,,,
65ecbe20-63e3-4d6c-b382-02faf68b3e22,Thunder Tactical Shooters USPSA Match 9AUG2025,2025-08-09,4,Stage 4 Bay 4 Zapdos,36f58c58-1f14-4f1d-92ac-47cf563fbbd9,Jay Bennett,30,69.13,12,69.13,Carry Optics,A,A77156,MINOR,Super Senior,82.9610,82.9610,4.4277,23.94,17,,7,,,,,,
65ecbe20-63e3-4d6c-b382-02faf68b3e22,Thunder Tactical Shooters USPSA Match 9AUG2025,2025-08-09,4,Stage 4 Bay 4 Zapdos,36f58c58-1f14-4f1d-92ac-47cf563fbbd9,David Zhang,31,68.03,11,71.70,Limited Optics,B,FY140383,MINOR,,86.0452,81.6345,4.3569,23.87,18,,4,2,,,,,
65ecbe20-63e3-4d6c-b382-02faf68b3e22,Thunder Tactical Shooters USPSA Match 9AUG2025,2025-08-09,4,Stage 4 Bay 4 Zapdos,36f58c58-1f14-4f1d-92ac-47cf563fbbd9,Manny Nerona,32,67.74,13,67.74,Carry Optics,B,A69445,MINOR,,81.2897,81.2897,4.3385,23.28,21,,2,,1,,,,
65ecbe20-63e3-4d6c-b382-02faf68b3e22,Thunder Tactical Shooters USPSA Match 9AUG2025,2025-08-09,4,Stage 4 Bay 4 Zapdos,36f58c58-1f14-4f1d-92ac-47cf563fbbd9,Pocholo Dimayuga,33,67.37,14,67.37,Carry Optics,B,A106236,MINOR,,80.8438,80.8438,4.3147,23.64,16,,7,1,,,,,
65ecbe20-63e3-4d6c-b382-02faf68b3e22,Thunder Tactical Shooters USPSA Match 9AUG2025,2025-08-09,4,Stage 4 Bay 4 Zapdos,36f58c58-1f14-4f1d-92ac-47cf563fbbd9,Gennady Khokhorin,34,66.50,1,100.00,Production,B,A123884,MINOR,Super Senior,120.0000,79.7945,4.2587,24.89,18,,5,1,,,,,
65ecbe20-63e3-4d6c-b382-02faf68b3e22,Thunder Tactical Shooters USPSA Match 9AUG2025,2025-08-09,4,Stage 4 Bay 4 Zapdos,36f58c58-1f14-4f1d-92ac-47cf563fbbd9,Jack Liu,35,65.43,4,73.80,PCC,M,L6156,MINOR,,88.5628,78.5110,4.1902,21.24,16,,6,1,1,,,,
65ecbe20-63e3-4d6c-b382-02faf68b3e22,Thunder Tactical Shooters USPSA Match 9AUG2025,2025-08-09,4,Stage 4 Bay 4 Zapdos,36f58c58-1f14-4f1d-92ac-47cf563fbbd9,Joseph White,36,63.41,15,63.41,Carry Optics,M,A135478,MINOR,Law Enforcement,76.0884,76.0884,4.0609,19.70,17,,5,,2,,,,
65ecbe20-63e3-4d6c-b382-02faf68b3e22,Thunder Tactical Shooters USPSA Match 9AUG2025,2025-08-09,4,Stage 4 Bay 4 Zapdos,36f58c58-1f14-4f1d-92ac-47cf563fbbd9,Dale Fike,37,61.85,5,69.76,PCC,B,A113427,MINOR,Senior,83.7164,74.2147,3.9609,20.45,13,,8,2,1,,,,
65ecbe20-63e3-4d6c-b382-02faf68b3e22,Thunder Tactical Shooters USPSA Match 9AUG2025,2025-08-09,4,Stage 4 Bay 4 Zapdos,36f58c58-1f14-4f1d-92ac-47cf563fbbd9,Karys Bellamy,38,61.26,12,64.57,Limited Optics,B,Ty130774,MINOR,Law Enforcement,77.4879,73.5158,3.9236,19.37,15,,7,,2,,,,
65ecbe20-63e3-4d6c-b382-02faf68b3e22,Thunder Tactical Shooters USPSA Match 9AUG2025,2025-08-09,4,Stage 4 Bay 4 Zapdos,36f58c58-1f14-4f1d-92ac-47cf563fbbd9,Bruce Lamb,39,60.91,6,68.71,PCC,U,L-997,MINOR,Super Senior,82.4503,73.0924,3.9010,26.66,19,,2,3,,,,,
65ecbe20-63e3-4d6c-b382-02faf68b3e22,Thunder Tactical Shooters USPSA Match 9AUG2025,2025-08-09,4,Stage 4 Bay 4 Zapdos,36f58c58-1f14-4f1d-92ac-47cf563fbbd9,Jim Wang,40,60.66,7,68.43,PCC,C,A170259,MINOR,,82.1143,72.7944,3.8851,24.71,15,,6,3,,,,,
65ecbe20-63e3-4d6c-b382-02faf68b3e22,Thunder Tactical Shooters USPSA Match 9AUG2025,2025-08-09,4,Stage 4 Bay 4 Zapdos,36f58c58-1f14-4f1d-92ac-47cf563fbbd9,Edwin Buchwalter,41,60.27,6,62.58,Open,B,TY102903,MINOR,,75.0995,72.3298,3.8603,27.20,23,,,,1,,,,
65ecbe20-63e3-4d6c-b382-02faf68b3e22,Thunder Tactical Shooters USPSA Match 9AUG2025,2025-08-09,4,Stage 4 Bay 4 Zapdos,36f58c58-1f14-4f1d-92ac-47cf563fbbd9,John Ren,42,58.83,16,58.83,Carry Optics,B,A168570,MINOR,,70.6004,70.6004,3.7680,20.17,20,,2,,2,,1,,
65ecbe20-63e3-4d6c-b382-02faf68b3e22,Thunder Tactical Shooters USPSA Match 9AUG2025,2025-08-09,4,Stage 4 Bay 4 Zapdos,36f58c58-1f14-4f1d-92ac-47cf563fbbd9,Anthony Giuliano,43,57.83,17,57.83,Carry Optics,A,A152263,MINOR,Law Enforcement,69.3956,69.3956,3.7037,23.49,15,,7,1,1,,,,
65ecbe20-63e3-4d6c-b382-02faf68b3e22,Thunder Tactical Shooters USPSA Match 9AUG2025,2025-08-09,4,Stage 4 Bay 4 Zapdos,36f58c58-1f14-4f1d-92ac-47cf563fbbd9,Cristian Torquemada,44,56.94,13,60.01,Limited Optics,U,A171091,MINOR,,72.0174,68.3257,3.6466,26.60,19,,4,,1,,,,
65ecbe20-63e3-4d6c-b382-02faf68b3e22,Thunder Tactical Shooters USPSA Match 9AUG2025,2025-08-09,4,Stage 4 Bay 4 Zapdos,36f58c58-1f14-4f1d-92ac-47cf563fbbd9,Vadim Berezanskiy,45,56.77,14,59.83,Limited Optics,B,a95979,MINOR,,71.8001,68.1196,3.6356,23.38,18,,5,,1,,1,,
65ecbe20-63e3-4d6c-b382-02faf68b3e22,Thunder Tactical Shooters USPSA Match 9AUG2025,2025-08-09,4,Stage 4 Bay 4 Zapdos,36f58c58-1f14-4f1d-92ac-47cf563fbbd9,Ross Pimentel,46,55.96,18,55.96,Carry Optics,C,A157753,MINOR,Senior,67.1509,67.1509,3.5839,22.88,19,,2,1,2,,,,
65ecbe20-63e3-4d6c-b382-02faf68b3e22,Thunder Tactical Shooters USPSA Match 9AUG2025,2025-08-09,4,Stage 4 Bay 4 Zapdos,36f58c58-1f14-4f1d-92ac-47cf563fbbd9,James O'Flaherty,47,54.20,15,57.13,Limited Optics,B,FY100318,MINOR,Senior; Law Enforcement,68.5514,65.0374,3.4711,24.20,19,,3,,2,,,,
65ecbe20-63e3-4d6c-b382-02faf68b3e22,Thunder Tactical Shooters USPSA Match 9AUG2025,2025-08-09,4,Stage 4 Bay 4 Zapdos,36f58c58-1f14-4f1d-92ac-47cf563fbbd9,Chadrick Smith,48,53.84,19,53.84,Carry Optics,D,A141153,MINOR,,64.6102,64.6102,3.4483,27.84,13,,10,1,,,,,
65ecbe20-63e3-4d6c-b382-02faf68b3e22,Thunder Tactical Shooters USPSA Match 9AUG2025,2025-08-09,4,Stage 4 Bay 4 Zapdos,36f58c58-1f14-4f1d-92ac-47cf563fbbd9,none Qian,49,52.57,16,55.41,Limited Optics,B,A150939,MINOR,,66.4935,63.0850,3.3669,25.84,19,,4,,1,,1,,
65ecbe20-63e3-4d6c-b382-02faf68b3e22,Thunder Tactical Shooters USPSA Match 9AUG2025,2025-08-09,4,Stage 4 Bay 4 Zapdos,36f58c58-1f14-4f1d-92ac-47cf563fbbd9,Daniel Harder,50,50.56,1,100.00,Limited,X,A171676,MINOR,Junior,120.0000,60.6680,3.2379,29.34,18,,5,,1,,,,
65ecbe20-63e3-4d6c-b382-02faf68b3e22,Thunder Tactical Shooters USPSA Match 9AUG2025,2025-08-09,4,Stage 4 Bay 4 Zapdos,36f58c58-1f14-4f1d-92ac-47cf563fbbd9,Todd Liscano,51,48.73,20,48.73,Carry Optics,U,A172140,MINOR,,58.4814,58.4814,3.1212,24.99,16,,6,,2,,,,
65ecbe20-63e3-4d6c-b382-02faf68b3e22,Thunder Tactical Shooters USPSA Match 9AUG2025,2025-08-09,4,Stage 4 Bay 4 Zapdos,36f58c58-1f14-4f1d-92ac-47cf563fbbd9,Henry Pham,52,48.32,21,48.32,Carry Optics,U,A171802,MINOR,,57.9811,57.9811,3.0945,24.56,16,,5,1,2,,,,
65ecbe20-63e3-4d6c-b382-02faf68b3e22,Thunder Tactical Shooters USPSA Match 9AUG2025,2025-08-09,4,Stage 4 Bay 4 Zapdos,36f58c58-1f14-4f1d-92ac-47cf563fbbd9,Ryan Morgan,53,47.98,7,49.82,Open,C,A147606,MINOR,,59.7831,57.5783,3.0730,19.85,19,,2,,3,,1,,
65ecbe20-63e3-4d6c-b382-02faf68b3e22,Thunder Tactical Shooters USPSA Match 9AUG2025,2025-08-09,4,Stage 4 Bay 4 Zapdos,36f58c58-1f14-4f1d-92ac-47cf563fbbd9,Yihao Zuo,54,47.96,17,50.55,Limited Optics,C,A165414,MINOR,,60.6576,57.5483,3.0714,22.14,12,,9,1,2,,,,
65ecbe20-63e3-4d6c-b382-02faf68b3e22,Thunder Tactical Shooters USPSA Match 9AUG2025,2025-08-09,4,Stage 4 Bay 4 Zapdos,36f58c58-1f14-4f1d-92ac-47cf563fbbd9,Sean Finnerty,55,45.98,22,45.98,Carry Optics,C,A166724,MINOR,,55.1800,55.1800,2.9450,38.71,22,,1,1,,,,,
65ecbe20-63e3-4d6c-b382-02faf68b3e22,Thunder Tactical Shooters USPSA Match 9AUG2025,2025-08-09,4,Stage 4 Bay 4 Zapdos,36f58c58-1f14-4f1d-92ac-47cf563fbbd9,Phillip Nguyen,56,45.50,18,47.96,Limited Optics,M,Ty152423,MINOR,,57.5551,54.6047,2.9143,17.50,14,,7,,3,,,1,
65ecbe20-63e3-4d6c-b382-02faf68b3e22,Thunder Tactical Shooters USPSA Match 9AUG2025,2025-08-09,4,Stage 4 Bay 4 Zapdos,36f58c58-1f14-4f1d-92ac-47cf563fbbd9,Ryan Liu,57,45.05,8,50.82,PCC,U,A155638,MINOR,Junior,60.9807,54.0595,2.8852,32.58,14,,7,3,,,,,
65ecbe20-63e3-4d6c-b382-02faf68b3e22,Thunder Tactical Shooters USPSA Match 9AUG2025,2025-08-09,4,Stage 4 Bay 4 Zapdos,36f58c58-1f14-4f1d-92ac-47cf563fbbd9,Ernie Morales,58,44.61,19,47.02,Limited Optics,B,A169705,MINOR,,56.4254,53.5330,2.8571,26.25,11,,9,3,1,,,,
65ecbe20-63e3-4d6c-b382-02faf68b3e22,Thunder Tactical Shooters USPSA Match 9AUG2025,2025-08-09,4,Stage 4 Bay 4 Zapdos,36f58c58-1f14-4f1d-92ac-47cf563fbbd9,Harlan Chen,59,44.36,20,46.76,Limited Optics,C,A163292,MINOR,,56.1094,53.2332,2.8411,28.51,14,,6,3,1,,,,
65ecbe20-63e3-4d6c-b382-02faf68b3e22,Thunder Tactical Shooters USPSA Match 9AUG2025,2025-08-09,4,Stage 4 Bay 4 Zapdos,36f58c58-1f14-4f1d-92ac-47cf563fbbd9,Joseph Giron,60,43.68,21,46.04,Limited Optics,U,A83387,MINOR,Law Enforcement,55.2523,52.4200,2.7977,26.45,16,,4,2,2,,,,
65ecbe20-63e3-4d6c-b382-02faf68b3e22,Thunder Tactical Shooters USPSA Match 9AUG2025,2025-08-09,4,Stage 4 Bay 4 Zapdos,36f58c58-1f14-4f1d-92ac-47cf563fbbd9,John Mabute,61,43.19,22,45.53,Limited Optics,U,A169337,MINOR,,54.6341,51.8336,2.7664,22.05,19,,2,,3,,,1,
65ecbe20-63e3-4d6c-b382-02faf68b3e22,Thunder Tactical Shooters USPSA Match 9AUG2025,2025-08-09,4,Stage 4 Bay 4 Zapdos,36f58c58-1f14-4f1d-92ac-47cf563fbbd9,james wood,62,42.41,23,44.71,Limited Optics,U,A162399,MINOR,Super Senior,53.6467,50.8967,2.7164,37.55,21,,2,1,,,1,,
65ecbe20-63e3-4d6c-b382-02faf68b3e22,Thunder Tactical Shooters USPSA Match 9AUG2025,2025-08-09,4,Stage 4 Bay 4 Zapdos,36f58c58-1f14-4f1d-92ac-47cf563fbbd9,Tom Dowdy,63,38.90,9,43.88,PCC,U,A156310,MINOR,Super Senior,52.6511,46.6753,2.4911,44.96,21,,2,1,,,,,
65ecbe20-63e3-4d6c-b382-02faf68b3e22,Thunder Tactical Shooters USPSA Match 9AUG2025,2025-08-09,4,Stage 4 Bay 4 Zapdos,36f58c58-1f14-4f1d-92ac-47cf563fbbd9,Yul Kwan,64,38.71,8,40.19,Open,C,A156984,MAJOR,Senior,48.2331,46.4542,2.4793,26.62,14,,6,1,3,,,,
65ecbe20-63e3-4d6c-b382-02faf68b3e22,Thunder Tactical Shooters USPSA Match 9AUG2025,2025-08-09,4,Stage 4 Bay 4 Zapdos,36f58c58-1f14-4f1d-92ac-47cf563fbbd9,Tristan Smith,65,38.16,23,38.16,Carry Optics,C,A160700,MINOR,,45.7928,45.7928,2.4440,24.55,14,,6,2,2,,,1,
65ecbe20-63e3-4d6c-b382-02faf68b3e22,Thunder Tactical Shooters USPSA Match 9AUG2025,2025-08-09,4,Stage 4 Bay 4 Zapdos,36f58c58-1f14-4f1d-92ac-47cf563fbbd9,Ryan Stegint,66,37.68,24,39.71,Limited Optics,C,A167764,MINOR,,47.6568,45.2138,2.4131,28.18,13,,7,2,2,,,,
65ecbe20-63e3-4d6c-b382-02faf68b3e22,Thunder Tactical Shooters USPSA Match 9AUG2025,2025-08-09,4,Stage 4 Bay 4 Zapdos,36f58c58-1f14-4f1d-92ac-47cf563fbbd9,Charity Taylor,67,37.45,9,38.88,Open,D,104508,MAJOR,Senior,46.6573,44.9365,2.3983,47.95,21,,2,1,,,,,
65ecbe20-63e3-4d6c-b382-02faf68b3e22,Thunder Tactical Shooters USPSA Match 9AUG2025,2025-08-09,4,Stage 4 Bay 4 Zapdos,36f58c58-1f14-4f1d-92ac-47cf563fbbd9,ian loyd,68,37.21,24,37.21,Carry Optics,U,A148072,MINOR,,44.6536,44.6536,2.3832,31.89,17,,3,2,2,,,,
65ecbe20-63e3-4d6c-b382-02faf68b3e22,Thunder Tactical Shooters USPSA Match 9AUG2025,2025-08-09,4,Stage 4 Bay 4 Zapdos,36f58c58-1f14-4f1d-92ac-47cf563fbbd9,Shaun Ebersole,69,37.18,25,39.19,Limited Optics,U,A160600,MINOR,,47.0228,44.6124,2.3810,26.46,20,,1,,3,,,1,
65ecbe20-63e3-4d6c-b382-02faf68b3e22,Thunder Tactical Shooters USPSA Match 9AUG2025,2025-08-09,4,Stage 4 Bay 4 Zapdos,36f58c58-1f14-4f1d-92ac-47cf563fbbd9,Virak Meas,70,37.15,26,39.16,Limited Optics,U,O,MINOR,Senior,46.9912,44.5824,2.3794,30.26,16,,3,3,2,,,,
65ecbe20-63e3-4d6c-b382-02faf68b3e22,Thunder Tactical Shooters USPSA Match 9AUG2025,2025-08-09,4,Stage 4 Bay 4 Zapdos,36f58c58-1f14-4f1d-92ac-47cf563fbbd9,Joseph Wilkie,71,32.90,25,32.90,Carry Optics,U,A166735,MINOR,,39.4804,39.4804,2.1071,28.95,17,,1,3,3,,,,
65ecbe20-63e3-4d6c-b382-02faf68b3e22,Thunder Tactical Shooters USPSA Match 9AUG2025,2025-08-09,4,Stage 4 Bay 4 Zapdos,36f58c58-1f14-4f1d-92ac-47cf563fbbd9,Rick Ramos,72,31.07,27,32.75,Limited Optics,U,.,MINOR,,39.3009,37.2863,1.9900,32.16,16,,4,2,2,,,1,
65ecbe20-63e3-4d6c-b382-02faf68b3e22,Thunder Tactical Shooters USPSA Match 9AUG2025,2025-08-09,4,Stage 4 Bay 4 Zapdos,36f58c58-1f14-4f1d-92ac-47cf563fbbd9,Fred Ermac,73,30.98,28,32.66,Limited Optics,U,a106437,MINOR,,39.1883,37.1795,1.9843,53.42,18,,5,1,,,,,
65ecbe20-63e3-4d6c-b382-02faf68b3e22,Thunder Tactical Shooters USPSA Match 9AUG2025,2025-08-09,4,Stage 4 Bay 4 Zapdos,36f58c58-1f14-4f1d-92ac-47cf563fbbd9,Jonathan W.,74,28.42,26,28.42,Carry Optics,U,N/A,MINOR,Senior,34.1029,34.1029,1.8201,37.36,13,,7,2,2,,,,
65ecbe20-63e3-4d6c-b382-02faf68b3e22,Thunder Tactical Shooters USPSA Match 9AUG2025,2025-08-09,4,Stage 4 Bay 4 Zapdos,36f58c58-1f14-4f1d-92ac-47cf563fbbd9,vox esguerra,75,27.24,29,28.72,Limited Optics,U,A79097,MINOR,,34.4584,32.6920,1.7448,27.51,15,,4,1,4,,,,
65ecbe20-63e3-4d6c-b382-02faf68b3e22,Thunder Tactical Shooters USPSA Match 9AUG2025,2025-08-09,4,Stage 4 Bay 4 Zapdos,36f58c58-1f14-4f1d-92ac-47cf563fbbd9,Josh Vickers,76,22.66,2,44.82,Limited,U,A168865,MINOR,,53.7793,27.1890,1.4511,24.12,19,,,,5,,1,,
65ecbe20-63e3-4d6c-b382-02faf68b3e22,Thunder Tactical Shooters USPSA Match 9AUG2025,2025-08-09,4,Stage 4 Bay 4 Zapdos,36f58c58-1f14-4f1d-92ac-47cf563fbbd9,Sonny Somera,77,19.79,27,19.79,Carry Optics,D,A118611,MINOR,,23.7433,23.7433,1.2672,35.51,10,,7,4,3,,,,
65ecbe20-63e3-4d6c-b382-02faf68b3e22,Thunder Tactical Shooters USPSA Match 9AUG2025,2025-08-09,4,Stage 4 Bay 4 Zapdos,36f58c58-1f14-4f1d-92ac-47cf563fbbd9,Justin Wilkie,78,19.27,10,20.01,Open,U,A172037,MINOR,,24.0105,23.1250,1.2342,31.60,8,,8,5,3,,,,
65ecbe20-63e3-4d6c-b382-02faf68b3e22,Thunder Tactical Shooters USPSA Match 9AUG2025,2025-08-09,4,Stage 4 Bay 4 Zapdos,36f58c58-1f14-4f1d-92ac-47cf563fbbd9,Keishaun Smith,79,18.29,3,36.17,Limited,U,A153220,MINOR,Junior,43.4022,21.9427,1.1711,26.47,13,,5,1,5,,,,
65ecbe20-63e3-4d6c-b382-02faf68b3e22,Thunder Tactical Shooters USPSA Match 9AUG2025,2025-08-09,4,Stage 4 Bay 4 Zapdos,36f58c58-1f14-4f1d-92ac-47cf563fbbd9,Ron Plesko,80,16.25,28,16.25,Carry Optics,U,TY138017,MINOR,Super Senior,19.5013,19.5013,1.0408,48.04,20,,,,4,,1,,
65ecbe20-63e3-4d6c-b382-02faf68b3e22,Thunder Tactical Shooters USPSA Match 9AUG2025,2025-08-09,4,Stage 4 Bay 4 Zapdos,36f58c58-1f14-4f1d-92ac-47cf563fbbd9,Dean Tamban,81,12.78,4,25.28,Limited,U,.,MINOR,,30.3345,15.3361,0.8185,28.10,10,,7,2,5,,,,
65ecbe20-63e3-4d6c-b382-02faf68b3e22,Thunder Tactical Shooters USPSA Match 9AUG2025,2025-08-09,4,Stage 4 Bay 4 Zapdos,36f58c58-1f14-4f1d-92ac-47cf563fbbd9,Dale Hamm,82,6.39,11,6.63,Open,D,TY97196,MAJOR,Super Senior,7.9588,7.6652,0.4091,36.67,11,,7,1,5,,2,,
65ecbe20-63e3-4d6c-b382-02faf68b3e22,Thunder Tactical Shooters USPSA Match 9AUG2025,2025-08-09,4,Stage 4 Bay 4 Zapdos,36f58c58-1f14-4f1d-92ac-47cf563fbbd9,Jerry Bedro,83,0.00,12,0.00,Open,B,A98263,MAJOR,,0.0000,0.0000,,,,,,,,,,,
65ecbe20-63e3-4d6c-b382-02faf68b3e22,Thunder Tactical Shooters USPSA Match 9AUG2025,2025-08-09,4,Stage 4 Bay 4 Zapdos,36f58c58-1f14-4f1d-92ac-47cf563fbbd9,Phillip Thane,84,0.00,29,0.00,Carry Optics,X,1234,MINOR,,0.0000,0.0000,,,,,,,,,,,
65ecbe20-63e3-4d6c-b382-02faf68b3e22,Thunder Tactical Shooters USPSA Match 9AUG2025,2025-08-09,4,Stage 4 Bay 4 Zapdos,36f58c58-1f14-4f1d-92ac-47cf563fbbd9,Jay-R delos-Santos,85,0.00,10,0.00,PCC,B,A70297,MINOR,Senior,0.0000,0.0000,,,,,,,,,,,
65ecbe20-63e3-4d6c-b382-02faf68b3e22,Thunder Tactical Shooters USPSA Match 9AUG2025,2025-08-09,4,Stage 4 Bay 4 Zapdos,36f58c58-1f14-4f1d-92ac-47cf563fbbd9,Christian Morales,86,0.00,2,0.00,Production,U,A57907,MINOR,Senior,0.0000,0.0000,0.0000,27.33,6,,5,3,10,,,,
65ecbe20-63e3-4d6c-b382-02faf68b3e22,Thunder Tactical Shooters USPSA Match 9AUG2025,2025-08-09,4,Stage 4 Bay 4 Zapdos,36f58c58-1f14-4f1d-92ac-47cf563fbbd9,Antonios Panagopoulos,87,0.00,5,0.00,Limited,D,A167580,MINOR,,0.0000,0.0000,0.0000,37.39,13,,3,1,7,,2,,
65ecbe20-63e3-4d6c-b382-02faf68b3e22,Thunder Tactical Shooters USPSA Match 9AUG2025,2025-08-09,5,Stage 5 Bay 5 Literally Just For The Gram,ce672e6c-5493-4e98-813e-161ee9599ae3,Momoy Tuazon,1,100.00,1,100.00,Limited Optics,U,.,MINOR,,135.0000,135.0000,12.3468,10.61,25,,2,,,,,,
65ecbe20-63e3-4d6c-b382-02faf68b3e22,Thunder Tactical Shooters USPSA Match 9AUG2025,2025-08-09,5,Stage 5 Bay 5 Literally Just For The Gram,ce672e6c-5493-4e98-813e-161ee9599ae3,Cholai Sioson,2,89.92,1,100.00,Open,U,A137810,MAJOR,,135.0000,121.3883,11.1019,12.07,26,,1,,,,,,
65ecbe20-63e3-4d6c-b382-02faf68b3e22,Thunder Tactical Shooters USPSA Match 9AUG2025,2025-08-09,5,Stage 5 Bay 5 Literally Just For The Gram,ce672e6c-5493-4e98-813e-161ee9599ae3,Roger Feng,3,89.36,1,100.00,Carry Optics,A,A157776,MINOR,,135.0000,120.6316,11.0327,11.33,23,,3,1,,,,,
65ecbe20-63e3-4d6c-b382-02faf68b3e22,Thunder Tactical Shooters USPSA Match 9AUG2025,2025-08-09,5,Stage 5 Bay 5 Literally Just For The Gram,ce672e6c-5493-4e98-813e-161ee9599ae3,Anthony Fong,4,89.28,2,89.28,Limited Optics,M,A142224,MINOR,,120.5245,120.5245,11.0229,11.34,23,,3,1,,,,,
65ecbe20-63e3-4d6c-b382-02faf68b3e22,Thunder Tactical Shooters USPSA Match 9AUG2025,2025-08-09,5,Stage 5 Bay 5 Literally Just For The Gram,ce672e6c-5493-4e98-813e-161ee9599ae3,Tyler Denmon,5,86.25,3,86.25,Limited Optics,A,A156054,MINOR,,116.4308,116.4308,10.6485,12.49,26,,1,,,,,,
65ecbe20-63e3-4d6c-b382-02faf68b3e22,Thunder Tactical Shooters USPSA Match 9AUG2025,2025-08-09,5,Stage 5 Bay 5 Literally Just For The Gram,ce672e6c-5493-4e98-813e-161ee9599ae3,Shawn Prosen,6,86.11,2,96.36,Carry Optics,B,A165388,MINOR,,130.0908,116.2449,10.6315,12.51,26,,1,,,,,,
65ecbe20-63e3-4d6c-b382-02faf68b3e22,Thunder Tactical Shooters USPSA Match 9AUG2025,2025-08-09,5,Stage 5 Bay 5 Literally Just For The Gram,ce672e6c-5493-4e98-813e-161ee9599ae3,Anthony Giuliano,7,85.07,3,95.21,Carry Optics,A,A152263,MINOR,Law Enforcement,128.5282,114.8486,10.5038,11.71,21,,6,,,,,,
65ecbe20-63e3-4d6c-b382-02faf68b3e22,Thunder Tactical Shooters USPSA Match 9AUG2025,2025-08-09,5,Stage 5 Bay 5 Literally Just For The Gram,ce672e6c-5493-4e98-813e-161ee9599ae3,Will Goglas,8,85.02,2,94.55,Open,B,A154790,MAJOR,,127.6419,114.7721,10.4968,12.48,25,,1,1,,,,,
65ecbe20-63e3-4d6c-b382-02faf68b3e22,Thunder Tactical Shooters USPSA Match 9AUG2025,2025-08-09,5,Stage 5 Bay 5 Literally Just For The Gram,ce672e6c-5493-4e98-813e-161ee9599ae3,Kenedy Nguyen,9,84.94,3,94.47,Open,B,A83862,MAJOR,,127.5325,114.6737,10.4878,12.30,21,,6,,,,,,
65ecbe20-63e3-4d6c-b382-02faf68b3e22,Thunder Tactical Shooters USPSA Match 9AUG2025,2025-08-09,5,Stage 5 Bay 5 Literally Just For The Gram,ce672e6c-5493-4e98-813e-161ee9599ae3,Craig Bellamy,10,84.93,4,95.05,Carry Optics,G,TY54824,MINOR,Law Enforcement,128.3177,114.6606,10.4866,11.92,22,,5,,,,,,
65ecbe20-63e3-4d6c-b382-02faf68b3e22,Thunder Tactical Shooters USPSA Match 9AUG2025,2025-08-09,5,Stage 5 Bay 5 Literally Just For The Gram,ce672e6c-5493-4e98-813e-161ee9599ae3,Albert Montanez,11,83.60,1,100.00,PCC,M,TY101554,MINOR,,135.0000,112.8608,10.3220,12.11,22,,5,,,,,,
65ecbe20-63e3-4d6c-b382-02faf68b3e22,Thunder Tactical Shooters USPSA Match 9AUG2025,2025-08-09,5,Stage 5 Bay 5 Literally Just For The Gram,ce672e6c-5493-4e98-813e-161ee9599ae3,Ryan Morgan,12,81.82,4,90.99,Open,C,A147606,MINOR,,122.8387,110.4532,10.1018,12.77,25,,1,1,,,,,
65ecbe20-63e3-4d6c-b382-02faf68b3e22,Thunder Tactical Shooters USPSA Match 9AUG2025,2025-08-09,5,Stage 5 Bay 5 Literally Just For The Gram,ce672e6c-5493-4e98-813e-161ee9599ae3,Phil Truong,13,80.62,5,90.22,Carry Optics,B,FY128600,MINOR,,121.7994,108.8360,9.9539,10.85,20,,6,,1,,,,
65ecbe20-63e3-4d6c-b382-02faf68b3e22,Thunder Tactical Shooters USPSA Match 9AUG2025,2025-08-09,5,Stage 5 Bay 5 Literally Just For The Gram,ce672e6c-5493-4e98-813e-161ee9599ae3,John Ren,14,80.57,6,90.17,Carry Optics,B,A168570,MINOR,,121.7321,108.7759,9.9484,13.57,27,,,,,,,,
65ecbe20-63e3-4d6c-b382-02faf68b3e22,Thunder Tactical Shooters USPSA Match 9AUG2025,2025-08-09,5,Stage 5 Bay 5 Literally Just For The Gram,ce672e6c-5493-4e98-813e-161ee9599ae3,Jacob Bernal,15,80.26,4,80.26,Limited Optics,B,A160508,MINOR,,108.3473,108.3473,9.9092,13.22,25,,2,,,,,,
65ecbe20-63e3-4d6c-b382-02faf68b3e22,Thunder Tactical Shooters USPSA Match 9AUG2025,2025-08-09,5,Stage 5 Bay 5 Literally Just For The Gram,ce672e6c-5493-4e98-813e-161ee9599ae3,Drew Yang,16,79.00,7,88.41,Carry Optics,B,FY138478,MINOR,,119.3570,106.6536,9.7543,13.84,27,,,,,,,,
65ecbe20-63e3-4d6c-b382-02faf68b3e22,Thunder Tactical Shooters USPSA Match 9AUG2025,2025-08-09,5,Stage 5 Bay 5 Literally Just For The Gram,ce672e6c-5493-4e98-813e-161ee9599ae3,Daniell Gianelloni,17,77.86,8,87.14,Carry Optics,M,FY134287,MINOR,Law Enforcement,117.6378,105.1174,9.6138,12.17,19,,7,1,,,,,
65ecbe20-63e3-4d6c-b382-02faf68b3e22,Thunder Tactical Shooters USPSA Match 9AUG2025,2025-08-09,5,Stage 5 Bay 5 Literally Just For The Gram,ce672e6c-5493-4e98-813e-161ee9599ae3,Albert Legislador,18,77.59,2,92.82,PCC,B,TY91787,MINOR,Senior,125.3007,104.7522,9.5804,12.63,21,,5,1,,,,,
65ecbe20-63e3-4d6c-b382-02faf68b3e22,Thunder Tactical Shooters USPSA Match 9AUG2025,2025-08-09,5,Stage 5 Bay 5 Literally Just For The Gram,ce672e6c-5493-4e98-813e-161ee9599ae3,Pocholo Dimayuga,19,76.70,9,85.84,Carry Optics,B,A106236,MINOR,,115.8783,103.5450,9.4700,11.51,15,,11,1,,,,,
65ecbe20-63e3-4d6c-b382-02faf68b3e22,Thunder Tactical Shooters USPSA Match 9AUG2025,2025-08-09,5,Stage 5 Bay 5 Literally Just For The Gram,ce672e6c-5493-4e98-813e-161ee9599ae3,Marco Yue,20,76.64,5,76.64,Limited Optics,B,L5762,MINOR,,103.4630,103.4630,9.4625,13.21,22,,5,,,,,,
65ecbe20-63e3-4d6c-b382-02faf68b3e22,Thunder Tactical Shooters USPSA Match 9AUG2025,2025-08-09,5,Stage 5 Bay 5 Literally Just For The Gram,ce672e6c-5493-4e98-813e-161ee9599ae3,Moe Zahra,21,76.33,3,91.30,PCC,B,A129744,MINOR,Military,123.2617,103.0476,9.4245,13.90,25,,2,,,,,,
65ecbe20-63e3-4d6c-b382-02faf68b3e22,Thunder Tactical Shooters USPSA Match 9AUG2025,2025-08-09,5,Stage 5 Bay 5 Literally Just For The Gram,ce672e6c-5493-4e98-813e-161ee9599ae3,Seth Dickens,22,76.17,10,85.24,Carry Optics,C,A165855,MINOR,,115.0731,102.8256,9.4042,13.93,25,,2,,,,,,
65ecbe20-63e3-4d6c-b382-02faf68b3e22,Thunder Tactical Shooters USPSA Match 9AUG2025,2025-08-09,5,Stage 5 Bay 5 Literally Just For The Gram,ce672e6c-5493-4e98-813e-161ee9599ae3,Janice Pacleb,23,75.58,5,84.05,Open,B,Ty75597,MAJOR,Lady,113.4718,102.0307,9.3315,14.36,26,,1,,,,,,
65ecbe20-63e3-4d6c-b382-02faf68b3e22,Thunder Tactical Shooters USPSA Match 9AUG2025,2025-08-09,5,Stage 5 Bay 5 Literally Just For The Gram,ce672e6c-5493-4e98-813e-161ee9599ae3,Jay Bennett,24,75.33,11,84.30,Carry Optics,A,A77156,MINOR,Super Senior,113.8054,101.6928,9.3006,13.44,23,,3,1,,,,,
65ecbe20-63e3-4d6c-b382-02faf68b3e22,Thunder Tactical Shooters USPSA Match 9AUG2025,2025-08-09,5,Stage 5 Bay 5 Literally Just For The Gram,ce672e6c-5493-4e98-813e-161ee9599ae3,Shaun Ebersole,25,75.06,6,75.06,Limited Optics,U,A160600,MINOR,,101.3276,101.3276,9.2672,13.92,24,,3,,,,,,
65ecbe20-63e3-4d6c-b382-02faf68b3e22,Thunder Tactical Shooters USPSA Match 9AUG2025,2025-08-09,5,Stage 5 Bay 5 Literally Just For The Gram,ce672e6c-5493-4e98-813e-161ee9599ae3,Robert Strong,26,74.94,6,83.34,Open,C,TY135331,MINOR,,112.5099,101.1658,9.2524,13.51,23,,3,1,,,,,
65ecbe20-63e3-4d6c-b382-02faf68b3e22,Thunder Tactical Shooters USPSA Match 9AUG2025,2025-08-09,5,Stage 5 Bay 5 Literally Just For The Gram,ce672e6c-5493-4e98-813e-161ee9599ae3,Olayemi Bakare,27,74.09,7,74.09,Limited Optics,A,A105300,MINOR,,100.0156,100.0156,9.1472,14.54,26,,1,,,,,,
65ecbe20-63e3-4d6c-b382-02faf68b3e22,Thunder Tactical Shooters USPSA Match 9AUG2025,2025-08-09,5,Stage 5 Bay 5 Literally Just For The Gram,ce672e6c-5493-4e98-813e-161ee9599ae3,Joseph Giron,28,72.72,8,72.72,Limited Optics,U,A83387,MINOR,Law Enforcement,98.1666,98.1666,8.9781,13.70,21,,6,,,,,,
65ecbe20-63e3-4d6c-b382-02faf68b3e22,Thunder Tactical Shooters USPSA Match 9AUG2025,2025-08-09,5,Stage 5 Bay 5 Literally Just For The Gram,ce672e6c-5493-4e98-813e-161ee9599ae3,Karys Bellamy,29,72.69,9,72.69,Limited Optics,B,Ty130774,MINOR,Law Enforcement,98.1360,98.1360,8.9753,14.15,23,,4,,,,,,
65ecbe20-63e3-4d6c-b382-02faf68b3e22,Thunder Tactical Shooters USPSA Match 9AUG2025,2025-08-09,5,Stage 5 Bay 5 Literally Just For The Gram,ce672e6c-5493-4e98-813e-161ee9599ae3,Dale Fike,30,72.40,4,86.61,PCC,B,A113427,MINOR,Senior,116.9211,97.7467,8.9397,14.43,24,,3,,,,,,
65ecbe20-63e3-4d6c-b382-02faf68b3e22,Thunder Tactical Shooters USPSA Match 9AUG2025,2025-08-09,5,Stage 5 Bay 5 Literally Just For The Gram,ce672e6c-5493-4e98-813e-161ee9599ae3,james rogers,31,71.40,10,71.40,Limited Optics,B,A101402,MINOR,Law Enforcement,96.3855,96.3855,8.8152,14.18,22,,5,,,,,,
65ecbe20-63e3-4d6c-b382-02faf68b3e22,Thunder Tactical Shooters USPSA Match 9AUG2025,2025-08-09,5,Stage 5 Bay 5 Literally Just For The Gram,ce672e6c-5493-4e98-813e-161ee9599ae3,Jack Liu,32,71.33,5,85.33,PCC,M,L6156,MINOR,,115.1921,96.3013,8.8075,12.83,17,,9,1,,,,,
65ecbe20-63e3-4d6c-b382-02faf68b3e22,Thunder Tactical Shooters USPSA Match 9AUG2025,2025-08-09,5,Stage 5 Bay 5 Literally Just For The Gram,ce672e6c-5493-4e98-813e-161ee9599ae3,Manny Nerona,33,71.25,12,79.73,Carry Optics,B,A69445,MINOR,,107.6395,96.1832,8.7967,12.05,19,,7,,1,,,,
65ecbe20-63e3-4d6c-b382-02faf68b3e22,Thunder Tactical Shooters USPSA Match 9AUG2025,2025-08-09,5,Stage 5 Bay 5 Literally Just For The Gram,ce672e6c-5493-4e98-813e-161ee9599ae3,Josh Vickers,34,70.61,1,100.00,Limited,U,A168865,MINOR,,135.0000,95.3183,8.7176,13.88,20,,7,,,,,,
65ecbe20-63e3-4d6c-b382-02faf68b3e22,Thunder Tactical Shooters USPSA Match 9AUG2025,2025-08-09,5,Stage 5 Bay 5 Literally Just For The Gram,ce672e6c-5493-4e98-813e-161ee9599ae3,Virak Meas,35,70.15,11,70.15,Limited Optics,U,O,MINOR,Senior,94.7038,94.7038,8.6614,13.97,21,,5,1,,,,,
65ecbe20-63e3-4d6c-b382-02faf68b3e22,Thunder Tactical Shooters USPSA Match 9AUG2025,2025-08-09,5,Stage 5 Bay 5 Literally Just For The Gram,ce672e6c-5493-4e98-813e-161ee9599ae3,Harlan Chen,36,69.45,12,69.45,Limited Optics,C,A163292,MINOR,,93.7624,93.7624,8.5753,14.81,24,,2,1,,,,,
65ecbe20-63e3-4d6c-b382-02faf68b3e22,Thunder Tactical Shooters USPSA Match 9AUG2025,2025-08-09,5,Stage 5 Bay 5 Literally Just For The Gram,ce672e6c-5493-4e98-813e-161ee9599ae3,Yul Kwan,37,69.24,7,77.00,Open,C,A156984,MAJOR,Senior,103.9529,93.4715,8.5487,15.09,21,,6,,,,,,
65ecbe20-63e3-4d6c-b382-02faf68b3e22,Thunder Tactical Shooters USPSA Match 9AUG2025,2025-08-09,5,Stage 5 Bay 5 Literally Just For The Gram,ce672e6c-5493-4e98-813e-161ee9599ae3,Gennady Khokhorin,38,68.73,1,100.00,Production,B,A123884,MINOR,Super Senior,135.0000,92.7871,8.4861,14.73,22,,5,,,,,,
65ecbe20-63e3-4d6c-b382-02faf68b3e22,Thunder Tactical Shooters USPSA Match 9AUG2025,2025-08-09,5,Stage 5 Bay 5 Literally Just For The Gram,ce672e6c-5493-4e98-813e-161ee9599ae3,Henry Pham,39,68.67,13,76.84,Carry Optics,U,A171802,MINOR,,103.7398,92.6985,8.4780,14.98,24,,2,1,,,,,
65ecbe20-63e3-4d6c-b382-02faf68b3e22,Thunder Tactical Shooters USPSA Match 9AUG2025,2025-08-09,5,Stage 5 Bay 5 Literally Just For The Gram,ce672e6c-5493-4e98-813e-161ee9599ae3,Phyl Santos,40,68.56,13,68.56,Limited Optics,B,A155981,MINOR,,92.5586,92.5586,8.4652,12.64,19,,7,1,,,1,,
65ecbe20-63e3-4d6c-b382-02faf68b3e22,Thunder Tactical Shooters USPSA Match 9AUG2025,2025-08-09,5,Stage 5 Bay 5 Literally Just For The Gram,ce672e6c-5493-4e98-813e-161ee9599ae3,Ernie Morales,41,68.42,14,68.42,Limited Optics,B,A169705,MINOR,,92.3672,92.3672,8.4477,13.85,18,,9,,,,,,
65ecbe20-63e3-4d6c-b382-02faf68b3e22,Thunder Tactical Shooters USPSA Match 9AUG2025,2025-08-09,5,Stage 5 Bay 5 Literally Just For The Gram,ce672e6c-5493-4e98-813e-161ee9599ae3,Derek Lowrance,42,68.02,15,68.02,Limited Optics,U,A169029,MINOR,,91.8249,91.8249,8.3981,12.86,20,,6,,1,,,,
65ecbe20-63e3-4d6c-b382-02faf68b3e22,Thunder Tactical Shooters USPSA Match 9AUG2025,2025-08-09,5,Stage 5 Bay 5 Literally Just For The Gram,ce672e6c-5493-4e98-813e-161ee9599ae3,Edwin Buchwalter,43,67.76,8,75.36,Open,B,TY102903,MINOR,,101.7349,91.4772,8.3663,15.18,23,,4,,,,,,
65ecbe20-63e3-4d6c-b382-02faf68b3e22,Thunder Tactical Shooters USPSA Match 9AUG2025,2025-08-09,5,Stage 5 Bay 5 Literally Just For The Gram,ce672e6c-5493-4e98-813e-161ee9599ae3,John Mabute,44,67.14,16,67.14,Limited Optics,U,A169337,MINOR,,90.6331,90.6331,8.2891,15.08,22,,5,,,,,,
65ecbe20-63e3-4d6c-b382-02faf68b3e22,Thunder Tactical Shooters USPSA Match 9AUG2025,2025-08-09,5,Stage 5 Bay 5 Literally Just For The Gram,ce672e6c-5493-4e98-813e-161ee9599ae3,Josh Munoz,45,67.05,14,75.03,Carry Optics,A,A163367,MINOR,,101.2937,90.5128,8.2781,15.10,23,,3,1,,,,,
65ecbe20-63e3-4d6c-b382-02faf68b3e22,Thunder Tactical Shooters USPSA Match 9AUG2025,2025-08-09,5,Stage 5 Bay 5 Literally Just For The Gram,ce672e6c-5493-4e98-813e-161ee9599ae3,Christopher Wilkerson,46,65.51,15,73.32,Carry Optics,U,A161474,MINOR,Law Enforcement,98.9774,88.4430,8.0888,13.97,17,,9,1,,,,,
65ecbe20-63e3-4d6c-b382-02faf68b3e22,Thunder Tactical Shooters USPSA Match 9AUG2025,2025-08-09,5,Stage 5 Bay 5 Literally Just For The Gram,ce672e6c-5493-4e98-813e-161ee9599ae3,Phillip Nguyen,47,65.17,17,65.17,Limited Optics,M,Ty152423,MINOR,,87.9750,87.9750,8.0460,12.18,16,,9,1,1,,,,
65ecbe20-63e3-4d6c-b382-02faf68b3e22,Thunder Tactical Shooters USPSA Match 9AUG2025,2025-08-09,5,Stage 5 Bay 5 Literally Just For The Gram,ce672e6c-5493-4e98-813e-161ee9599ae3,Vadim Berezanskiy,48,63.35,18,63.35,Limited Optics,B,a95979,MINOR,,85.5171,85.5171,7.8212,14.32,22,,4,,1,,,,
65ecbe20-63e3-4d6c-b382-02faf68b3e22,Thunder Tactical Shooters USPSA Match 9AUG2025,2025-08-09,5,Stage 5 Bay 5 Literally Just For The Gram,ce672e6c-5493-4e98-813e-161ee9599ae3,Ryan Stegint,49,62.87,19,62.87,Limited Optics,C,A167764,MINOR,,84.8763,84.8763,7.7626,15.33,19,,8,,,,,,
65ecbe20-63e3-4d6c-b382-02faf68b3e22,Thunder Tactical Shooters USPSA Match 9AUG2025,2025-08-09,5,Stage 5 Bay 5 Literally Just For The Gram,ce672e6c-5493-4e98-813e-161ee9599ae3,David Zhang,50,62.83,20,62.83,Limited Optics,B,FY140383,MINOR,,84.8140,84.8140,7.7569,15.47,26,,,,1,,,,
65ecbe20-63e3-4d6c-b382-02faf68b3e22,Thunder Tactical Shooters USPSA Match 9AUG2025,2025-08-09,5,Stage 5 Bay 5 Literally Just For The Gram,ce672e6c-5493-4e98-813e-161ee9599ae3,Joseph Wilkie,51,62.42,16,69.85,Carry Optics,U,A166735,MINOR,,94.3031,84.2662,7.7068,15.96,21,,6,,,,,,
65ecbe20-63e3-4d6c-b382-02faf68b3e22,Thunder Tactical Shooters USPSA Match 9AUG2025,2025-08-09,5,Stage 5 Bay 5 Literally Just For The Gram,ce672e6c-5493-4e98-813e-161ee9599ae3,Ivan Velazquez,52,61.94,17,69.32,Carry Optics,A,A108486,MINOR,,93.5848,83.6244,7.6481,17.39,26,,1,,,,,,
65ecbe20-63e3-4d6c-b382-02faf68b3e22,Thunder Tactical Shooters USPSA Match 9AUG2025,2025-08-09,5,Stage 5 Bay 5 Literally Just For The Gram,ce672e6c-5493-4e98-813e-161ee9599ae3,Cristian Torquemada,53,61.82,21,61.82,Limited Optics,U,A171091,MINOR,,83.4604,83.4604,7.6331,15.59,20,,6,1,,,,,
65ecbe20-63e3-4d6c-b382-02faf68b3e22,Thunder Tactical Shooters USPSA Match 9AUG2025,2025-08-09,5,Stage 5 Bay 5 Literally Just For The Gram,ce672e6c-5493-4e98-813e-161ee9599ae3,Fred Ermac,54,60.84,22,60.84,Limited Optics,U,a106437,MINOR,,82.1308,82.1308,7.5115,17.44,25,,2,,,,,,
65ecbe20-63e3-4d6c-b382-02faf68b3e22,Thunder Tactical Shooters USPSA Match 9AUG2025,2025-08-09,5,Stage 5 Bay 5 Literally Just For The Gram,ce672e6c-5493-4e98-813e-161ee9599ae3,Jim Wang,55,60.60,6,72.48,PCC,C,A170259,MINOR,,97.8534,81.8061,7.4818,16.44,21,,6,,,,,,
65ecbe20-63e3-4d6c-b382-02faf68b3e22,Thunder Tactical Shooters USPSA Match 9AUG2025,2025-08-09,5,Stage 5 Bay 5 Literally Just For The Gram,ce672e6c-5493-4e98-813e-161ee9599ae3,Christian Morales,56,60.05,2,87.37,Production,U,A57907,MINOR,Senior,117.9478,81.0669,7.4142,16.32,21,,5,1,,,,,
65ecbe20-63e3-4d6c-b382-02faf68b3e22,Thunder Tactical Shooters USPSA Match 9AUG2025,2025-08-09,5,Stage 5 Bay 5 Literally Just For The Gram,ce672e6c-5493-4e98-813e-161ee9599ae3,Chadrick Smith,57,59.19,18,66.24,Carry Optics,D,A141153,MINOR,,89.4233,79.9057,7.3080,13.41,17,,7,2,1,,,,
65ecbe20-63e3-4d6c-b382-02faf68b3e22,Thunder Tactical Shooters USPSA Match 9AUG2025,2025-08-09,5,Stage 5 Bay 5 Literally Just For The Gram,ce672e6c-5493-4e98-813e-161ee9599ae3,Tom Dowdy,58,57.17,7,68.38,PCC,U,A156310,MINOR,Super Senior,92.3132,77.1744,7.0582,18.56,25,,2,,,,,,
65ecbe20-63e3-4d6c-b382-02faf68b3e22,Thunder Tactical Shooters USPSA Match 9AUG2025,2025-08-09,5,Stage 5 Bay 5 Literally Just For The Gram,ce672e6c-5493-4e98-813e-161ee9599ae3,Michael Henss,59,57.01,23,57.01,Limited Optics,C,A56644,MINOR,,76.9667,76.9667,7.0392,18.61,25,,2,,,,,,
65ecbe20-63e3-4d6c-b382-02faf68b3e22,Thunder Tactical Shooters USPSA Match 9AUG2025,2025-08-09,5,Stage 5 Bay 5 Literally Just For The Gram,ce672e6c-5493-4e98-813e-161ee9599ae3,Todd Liscano,60,56.65,19,63.40,Carry Optics,U,A172140,MINOR,,85.5835,76.4746,6.9942,17.30,22,,3,2,,,,,
65ecbe20-63e3-4d6c-b382-02faf68b3e22,Thunder Tactical Shooters USPSA Match 9AUG2025,2025-08-09,5,Stage 5 Bay 5 Literally Just For The Gram,ce672e6c-5493-4e98-813e-161ee9599ae3,vox esguerra,61,54.10,24,54.10,Limited Optics,U,A79097,MINOR,,73.0370,73.0370,6.6798,15.27,18,,7,1,1,,,,
65ecbe20-63e3-4d6c-b382-02faf68b3e22,Thunder Tactical Shooters USPSA Match 9AUG2025,2025-08-09,5,Stage 5 Bay 5 Literally Just For The Gram,ce672e6c-5493-4e98-813e-161ee9599ae3,Bruce Lamb,62,53.66,8,64.18,PCC,U,L-997,MINOR,Super Senior,86.6461,72.4367,6.6249,19.17,23,,4,,,,,,
65ecbe20-63e3-4d6c-b382-02faf68b3e22,Thunder Tactical Shooters USPSA Match 9AUG2025,2025-08-09,5,Stage 5 Bay 5 Literally Just For The Gram,ce672e6c-5493-4e98-813e-161ee9599ae3,Tristan Smith,63,53.64,20,60.03,Carry Optics,C,A160700,MINOR,,81.0401,72.4148,6.6229,18.27,21,,5,1,,,,,
65ecbe20-63e3-4d6c-b382-02faf68b3e22,Thunder Tactical Shooters USPSA Match 9AUG2025,2025-08-09,5,Stage 5 Bay 5 Literally Just For The Gram,ce672e6c-5493-4e98-813e-161ee9599ae3,Dale Hamm,64,53.07,9,59.02,Open,D,TY97196,MAJOR,Super Senior,79.6777,71.6440,6.5524,19.84,22,,5,,,,,,
65ecbe20-63e3-4d6c-b382-02faf68b3e22,Thunder Tactical Shooters USPSA Match 9AUG2025,2025-08-09,5,Stage 5 Bay 5 Literally Just For The Gram,ce672e6c-5493-4e98-813e-161ee9599ae3,Joseph White,65,53.05,21,59.37,Carry Optics,M,A135478,MINOR,Law Enforcement,80.1432,71.6134,6.5496,14.81,21,,4,,2,,,,
65ecbe20-63e3-4d6c-b382-02faf68b3e22,Thunder Tactical Shooters USPSA Match 9AUG2025,2025-08-09,5,Stage 5 Bay 5 Literally Just For The Gram,ce672e6c-5493-4e98-813e-161ee9599ae3,Keishaun Smith,66,52.78,2,74.75,Limited,U,A153220,MINOR,Junior,100.9155,71.2526,6.5166,16.88,22,,3,1,1,,,,
65ecbe20-63e3-4d6c-b382-02faf68b3e22,Thunder Tactical Shooters USPSA Match 9AUG2025,2025-08-09,5,Stage 5 Bay 5 Literally Just For The Gram,ce672e6c-5493-4e98-813e-161ee9599ae3,james wood,67,52.48,25,52.48,Limited Optics,U,A162399,MINOR,Super Senior,70.8480,70.8480,6.4796,19.60,23,,4,,,,,,
65ecbe20-63e3-4d6c-b382-02faf68b3e22,Thunder Tactical Shooters USPSA Match 9AUG2025,2025-08-09,5,Stage 5 Bay 5 Literally Just For The Gram,ce672e6c-5493-4e98-813e-161ee9599ae3,James O'Flaherty,68,52.30,26,52.30,Limited Optics,B,FY100318,MINOR,Senior; Law Enforcement,70.6020,70.6020,6.4571,17.50,16,,11,,,,,,
65ecbe20-63e3-4d6c-b382-02faf68b3e22,Thunder Tactical Shooters USPSA Match 9AUG2025,2025-08-09,5,Stage 5 Bay 5 Literally Just For The Gram,ce672e6c-5493-4e98-813e-161ee9599ae3,Daniel Harder,69,52.27,3,74.02,Limited,X,A171676,MINOR,Junior,99.9337,70.5593,6.4532,20.30,26,,,1,,,,,
65ecbe20-63e3-4d6c-b382-02faf68b3e22,Thunder Tactical Shooters USPSA Match 9AUG2025,2025-08-09,5,Stage 5 Bay 5 Literally Just For The Gram,ce672e6c-5493-4e98-813e-161ee9599ae3,ian loyd,70,51.87,22,58.04,Carry Optics,U,A148072,MINOR,,78.3604,70.0203,6.4039,16.24,20,,4,2,1,,,,
65ecbe20-63e3-4d6c-b382-02faf68b3e22,Thunder Tactical Shooters USPSA Match 9AUG2025,2025-08-09,5,Stage 5 Bay 5 Literally Just For The Gram,ce672e6c-5493-4e98-813e-161ee9599ae3,Justin Wilkie,71,51.71,10,57.51,Open,U,A172037,MINOR,,77.6324,69.8049,6.3842,17.70,17,,9,1,,,,,
65ecbe20-63e3-4d6c-b382-02faf68b3e22,Thunder Tactical Shooters USPSA Match 9AUG2025,2025-08-09,5,Stage 5 Bay 5 Literally Just For The Gram,ce672e6c-5493-4e98-813e-161ee9599ae3,Ryan Liu,72,48.41,9,57.91,PCC,U,A155638,MINOR,Junior,78.1789,65.3580,5.9775,22.25,26,,1,,,,,,
65ecbe20-63e3-4d6c-b382-02faf68b3e22,Thunder Tactical Shooters USPSA Match 9AUG2025,2025-08-09,5,Stage 5 Bay 5 Literally Just For The Gram,ce672e6c-5493-4e98-813e-161ee9599ae3,Sonny Somera,73,48.16,23,53.89,Carry Optics,D,A118611,MINOR,,72.7537,65.0103,5.9457,21.36,23,,4,,,,,,
65ecbe20-63e3-4d6c-b382-02faf68b3e22,Thunder Tactical Shooters USPSA Match 9AUG2025,2025-08-09,5,Stage 5 Bay 5 Literally Just For The Gram,ce672e6c-5493-4e98-813e-161ee9599ae3,Sean Frederick,74,43.17,24,48.31,Carry Optics,B,A149482,MINOR,,65.2136,58.2728,5.3295,24.58,25,,2,,,,,,
65ecbe20-63e3-4d6c-b382-02faf68b3e22,Thunder Tactical Shooters USPSA Match 9AUG2025,2025-08-09,5,Stage 5 Bay 5 Literally Just For The Gram,ce672e6c-5493-4e98-813e-161ee9599ae3,Jonathan W.,75,38.80,25,43.43,Carry Optics,U,N/A,MINOR,Senior,58.6256,52.3859,4.7911,26.09,22,,5,,,,,,
65ecbe20-63e3-4d6c-b382-02faf68b3e22,Thunder Tactical Shooters USPSA Match 9AUG2025,2025-08-09,5,Stage 5 Bay 5 Literally Just For The Gram,ce672e6c-5493-4e98-813e-161ee9599ae3,Ross Pimentel,76,38.60,26,43.19,Carry Optics,C,A157753,MINOR,Senior,58.3099,52.1038,4.7653,13.85,18,,5,1,3,,,1,
65ecbe20-63e3-4d6c-b382-02faf68b3e22,Thunder Tactical Shooters USPSA Match 9AUG2025,2025-08-09,5,Stage 5 Bay 5 Literally Just For The Gram,ce672e6c-5493-4e98-813e-161ee9599ae3,Antonios Panagopoulos,77,37.04,4,52.46,Limited,D,A167580,MINOR,,70.8171,50.0012,4.5730,24.71,17,,9,1,,,,,
65ecbe20-63e3-4d6c-b382-02faf68b3e22,Thunder Tactical Shooters USPSA Match 9AUG2025,2025-08-09,5,Stage 5 Bay 5 Literally Just For The Gram,ce672e6c-5493-4e98-813e-161ee9599ae3,Sean Finnerty,78,33.44,27,37.42,Carry Optics,C,A166724,MINOR,,50.5190,45.1421,4.1286,31.73,25,,2,,,,,,
65ecbe20-63e3-4d6c-b382-02faf68b3e22,Thunder Tactical Shooters USPSA Match 9AUG2025,2025-08-09,5,Stage 5 Bay 5 Literally Just For The Gram,ce672e6c-5493-4e98-813e-161ee9599ae3,Ron Plesko,79,32.85,28,36.77,Carry Optics,U,TY138017,MINOR,Super Senior,49.6368,44.3538,4.0565,33.28,27,,,,,,,,
65ecbe20-63e3-4d6c-b382-02faf68b3e22,Thunder Tactical Shooters USPSA Match 9AUG2025,2025-08-09,5,Stage 5 Bay 5 Literally Just For The Gram,ce672e6c-5493-4e98-813e-161ee9599ae3,Rick Ramos,80,30.55,27,30.55,Limited Optics,U,.,MINOR,,41.2453,41.2453,3.7722,27.04,19,,5,2,1,,,,
65ecbe20-63e3-4d6c-b382-02faf68b3e22,Thunder Tactical Shooters USPSA Match 9AUG2025,2025-08-09,5,Stage 5 Bay 5 Literally Just For The Gram,ce672e6c-5493-4e98-813e-161ee9599ae3,none Qian,81,21.70,28,21.70,Limited Optics,B,A150939,MINOR,,29.3010,29.3010,2.6798,44.78,26,,,,1,,,,
65ecbe20-63e3-4d6c-b382-02faf68b3e22,Thunder Tactical Shooters USPSA Match 9AUG2025,2025-08-09,5,Stage 5 Bay 5 Literally Just For The Gram,ce672e6c-5493-4e98-813e-161ee9599ae3,Charity Taylor,82,18.81,11,20.92,Open,D,104508,MAJOR,Senior,28.2394,25.3920,2.3223,55.98,22,,5,,,,,,
65ecbe20-63e3-4d6c-b382-02faf68b3e22,Thunder Tactical Shooters USPSA Match 9AUG2025,2025-08-09,5,Stage 5 Bay 5 Literally Just For The Gram,ce672e6c-5493-4e98-813e-161ee9599ae3,Yihao Zuo,83,18.60,29,18.60,Limited Optics,C,A165414,MINOR,,25.1154,25.1154,2.2970,12.19,13,,11,,3,,,4,
65ecbe20-63e3-4d6c-b382-02faf68b3e22,Thunder Tactical Shooters USPSA Match 9AUG2025,2025-08-09,5,Stage 5 Bay 5 Literally Just For The Gram,ce672e6c-5493-4e98-813e-161ee9599ae3,Dean Tamban,84,13.68,5,19.37,Limited,U,.,MINOR,,26.1511,18.4643,1.6887,21.91,17,,4,,6,,,,
65ecbe20-63e3-4d6c-b382-02faf68b3e22,Thunder Tactical Shooters USPSA Match 9AUG2025,2025-08-09,5,Stage 5 Bay 5 Literally Just For The Gram,ce672e6c-5493-4e98-813e-161ee9599ae3,Jerry Bedro,85,0.00,12,0.00,Open,B,A98263,MAJOR,,0.0000,0.0000,,,,,,,,,,,
65ecbe20-63e3-4d6c-b382-02faf68b3e22,Thunder Tactical Shooters USPSA Match 9AUG2025,2025-08-09,5,Stage 5 Bay 5 Literally Just For The Gram,ce672e6c-5493-4e98-813e-161ee9599ae3,Phillip Thane,86,0.00,29,0.00,Carry Optics,X,1234,MINOR,,0.0000,0.0000,,,,,,,,,,,
65ecbe20-63e3-4d6c-b382-02faf68b3e22,Thunder Tactical Shooters USPSA Match 9AUG2025,2025-08-09,5,Stage 5 Bay 5 Literally Just For The Gram,ce672e6c-5493-4e98-813e-161ee9599ae3,Jay-R delos-Santos,87,0.00,10,0.00,PCC,B,A70297,MINOR,Senior,0.0000,0.0000,,,,,,,,,,,
65ecbe20-63e3-4d6c-b382-02faf68b3e22,Thunder Tactical Shooters USPSA Match 9AUG2025,2025-08-09,6,Stage 6 Bay 6 25-07 Absolute Cinema,68565dca-c38b-4d5f-8ece-2371c27c7e09,Anthony Fong,1,100.00,1,100.00,Limited Optics,M,A142224,MINOR,,70.0000,70.0000,11.2540,6.22,14,,,,,,,,
65ecbe20-63e3-4d6c-b382-02faf68b3e22,Thunder Tactical Shooters USPSA Match 9AUG2025,2025-08-09,6,Stage 6 Bay 6 25-07 Absolute Cinema,68565dca-c38b-4d5f-8ece-2371c27c7e09,Craig Bellamy,2,98.09,1,100.00,Carry Optics,G,TY54824,MINOR,Law Enforcement,70.0000,68.6627,11.0390,6.16,13,,1,,,,,,
65ecbe20-63e3-4d6c-b382-02faf68b3e22,Thunder Tactical Shooters USPSA Match 9AUG2025,2025-08-09,6,Stage 6 Bay 6 25-07 Absolute Cinema,68565dca-c38b-4d5f-8ece-2371c27c7e09,Albert Montanez,3,92.11,1,100.00,PCC,M,TY101554,MINOR,,70.0000,64.4760,10.3659,6.56,13,,1,,,,,,
65ecbe20-63e3-4d6c-b382-02faf68b3e22,Thunder Tactical Shooters USPSA Match 9AUG2025,2025-08-09,6,Stage 6 Bay 6 25-07 Absolute Cinema,68565dca-c38b-4d5f-8ece-2371c27c7e09,Jack Liu,4,90.05,2,97.76,PCC,M,L6156,MINOR,,68.4347,63.0342,10.1341,6.71,13,,1,,,,,,
65ecbe20-63e3-4d6c-b382-02faf68b3e22,Thunder Tactical Shooters USPSA Match 9AUG2025,2025-08-09,6,Stage 6 Bay 6 25-07 Absolute Cinema,68565dca-c38b-4d5f-8ece-2371c27c7e09,Olayemi Bakare,5,88.86,2,88.86,Limited Optics,A,A105300,MINOR,,62.2001,62.2001,10.0000,6.80,13,,1,,,,,,
65ecbe20-63e3-4d6c-b382-02faf68b3e22,Thunder Tactical Shooters USPSA Match 9AUG2025,2025-08-09,6,Stage 6 Bay 6 25-07 Absolute Cinema,68565dca-c38b-4d5f-8ece-2371c27c7e09,Jacob Bernal,6,84.98,3,84.98,Limited Optics,B,A160508,MINOR,,59.4882,59.4882,9.5640,7.11,13,,1,,,,,,
65ecbe20-63e3-4d6c-b382-02faf68b3e22,Thunder Tactical Shooters USPSA Match 9AUG2025,2025-08-09,6,Stage 6 Bay 6 25-07 Absolute Cinema,68565dca-c38b-4d5f-8ece-2371c27c7e09,Moe Zahra,7,84.38,3,91.61,PCC,B,A129744,MINOR,Military,64.1283,59.0677,9.4964,6.95,12,,2,,,,,,
65ecbe20-63e3-4d6c-b382-02faf68b3e22,Thunder Tactical Shooters USPSA Match 9AUG2025,2025-08-09,6,Stage 6 Bay 6 25-07 Absolute Cinema,68565dca-c38b-4d5f-8ece-2371c27c7e09,Tyler Denmon,8,84.00,4,84.00,Limited Optics,A,A156054,MINOR,,58.8009,58.8009,9.4535,6.77,11,,3,,,,,,
65ecbe20-63e3-4d6c-b382-02faf68b3e22,Thunder Tactical Shooters USPSA Match 9AUG2025,2025-08-09,6,Stage 6 Bay 6 25-07 Absolute Cinema,68565dca-c38b-4d5f-8ece-2371c27c7e09,Daniell Gianelloni,9,82.90,2,84.51,Carry Optics,M,FY134287,MINOR,Law Enforcement,59.1592,58.0290,9.3294,6.86,11,,3,,,,,,
65ecbe20-63e3-4d6c-b382-02faf68b3e22,Thunder Tactical Shooters USPSA Match 9AUG2025,2025-08-09,6,Stage 6 Bay 6 25-07 Absolute Cinema,68565dca-c38b-4d5f-8ece-2371c27c7e09,Ivan Velazquez,10,81.65,3,83.24,Carry Optics,A,A108486,MINOR,,58.2701,57.1569,9.1892,7.40,13,,1,,,,,,
65ecbe20-63e3-4d6c-b382-02faf68b3e22,Thunder Tactical Shooters USPSA Match 9AUG2025,2025-08-09,6,Stage 6 Bay 6 25-07 Absolute Cinema,68565dca-c38b-4d5f-8ece-2371c27c7e09,Drew Yang,11,80.99,4,82.57,Carry Optics,B,FY138478,MINOR,,57.7971,56.6929,9.1146,7.68,14,,,,,,,,
65ecbe20-63e3-4d6c-b382-02faf68b3e22,Thunder Tactical Shooters USPSA Match 9AUG2025,2025-08-09,6,Stage 6 Bay 6 25-07 Absolute Cinema,68565dca-c38b-4d5f-8ece-2371c27c7e09,Anthony Giuliano,12,80.78,5,82.35,Carry Optics,A,A152263,MINOR,Law Enforcement,57.6468,56.5455,9.0909,7.04,11,,3,,,,,,
65ecbe20-63e3-4d6c-b382-02faf68b3e22,Thunder Tactical Shooters USPSA Match 9AUG2025,2025-08-09,6,Stage 6 Bay 6 25-07 Absolute Cinema,68565dca-c38b-4d5f-8ece-2371c27c7e09,Robert Strong,13,80.78,1,100.00,Open,C,TY135331,MINOR,,70.0000,56.5455,9.0909,7.48,13,,1,,,,,,
65ecbe20-63e3-4d6c-b382-02faf68b3e22,Thunder Tactical Shooters USPSA Match 9AUG2025,2025-08-09,6,Stage 6 Bay 6 25-07 Absolute Cinema,68565dca-c38b-4d5f-8ece-2371c27c7e09,Will Goglas,14,79.65,2,98.60,Open,B,A154790,MAJOR,,69.0198,55.7537,8.9636,7.14,8,,6,,,,,,
65ecbe20-63e3-4d6c-b382-02faf68b3e22,Thunder Tactical Shooters USPSA Match 9AUG2025,2025-08-09,6,Stage 6 Bay 6 25-07 Absolute Cinema,68565dca-c38b-4d5f-8ece-2371c27c7e09,Ryan Morgan,15,79.65,3,98.60,Open,C,A147606,MINOR,,69.0198,55.7537,8.9636,7.14,11,,3,,,,,,
65ecbe20-63e3-4d6c-b382-02faf68b3e22,Thunder Tactical Shooters USPSA Match 9AUG2025,2025-08-09,6,Stage 6 Bay 6 25-07 Absolute Cinema,68565dca-c38b-4d5f-8ece-2371c27c7e09,Kenedy Nguyen,16,79.40,4,98.30,Open,B,A83862,MAJOR,,68.8088,55.5833,8.9362,7.05,9,,4,1,,,,,
65ecbe20-63e3-4d6c-b382-02faf68b3e22,Thunder Tactical Shooters USPSA Match 9AUG2025,2025-08-09,6,Stage 6 Bay 6 25-07 Absolute Cinema,68565dca-c38b-4d5f-8ece-2371c27c7e09,Phyl Santos,17,78.61,5,78.61,Limited Optics,B,A155981,MINOR,,55.0297,55.0297,8.8472,7.46,12,,2,,,,,,
65ecbe20-63e3-4d6c-b382-02faf68b3e22,Thunder Tactical Shooters USPSA Match 9AUG2025,2025-08-09,6,Stage 6 Bay 6 25-07 Absolute Cinema,68565dca-c38b-4d5f-8ece-2371c27c7e09,Momoy Tuazon,18,78.12,6,78.12,Limited Optics,U,.,MINOR,,54.6814,54.6814,8.7912,7.28,11,,3,,,,,,
65ecbe20-63e3-4d6c-b382-02faf68b3e22,Thunder Tactical Shooters USPSA Match 9AUG2025,2025-08-09,6,Stage 6 Bay 6 25-07 Absolute Cinema,68565dca-c38b-4d5f-8ece-2371c27c7e09,Dale Fike,19,77.27,4,83.89,PCC,B,A113427,MINOR,Senior,58.7213,54.0873,8.6957,7.36,11,,3,,,,,,
65ecbe20-63e3-4d6c-b382-02faf68b3e22,Thunder Tactical Shooters USPSA Match 9AUG2025,2025-08-09,6,Stage 6 Bay 6 25-07 Absolute Cinema,68565dca-c38b-4d5f-8ece-2371c27c7e09,Albert Legislador,20,76.86,5,83.45,PCC,B,TY91787,MINOR,Senior,58.4134,53.8037,8.6501,7.63,13,,,1,,,,,
65ecbe20-63e3-4d6c-b382-02faf68b3e22,Thunder Tactical Shooters USPSA Match 9AUG2025,2025-08-09,6,Stage 6 Bay 6 25-07 Absolute Cinema,68565dca-c38b-4d5f-8ece-2371c27c7e09,Karys Bellamy,21,75.99,7,75.99,Limited Optics,B,Ty130774,MINOR,Law Enforcement,53.1917,53.1917,8.5517,7.25,10,,4,,,,,,
65ecbe20-63e3-4d6c-b382-02faf68b3e22,Thunder Tactical Shooters USPSA Match 9AUG2025,2025-08-09,6,Stage 6 Bay 6 25-07 Absolute Cinema,68565dca-c38b-4d5f-8ece-2371c27c7e09,Cholai Sioson,22,74.86,5,92.67,Open,U,A137810,MAJOR,,64.8718,52.4030,8.4249,8.19,13,,1,,,,,,
65ecbe20-63e3-4d6c-b382-02faf68b3e22,Thunder Tactical Shooters USPSA Match 9AUG2025,2025-08-09,6,Stage 6 Bay 6 25-07 Absolute Cinema,68565dca-c38b-4d5f-8ece-2371c27c7e09,Manny Nerona,23,73.40,6,74.83,Carry Optics,B,A69445,MINOR,,52.3798,51.3792,8.2603,7.99,12,,2,,,,,,
65ecbe20-63e3-4d6c-b382-02faf68b3e22,Thunder Tactical Shooters USPSA Match 9AUG2025,2025-08-09,6,Stage 6 Bay 6 25-07 Absolute Cinema,68565dca-c38b-4d5f-8ece-2371c27c7e09,Derek Lowrance,24,73.38,8,73.38,Limited Optics,U,A169029,MINOR,,51.3655,51.3655,8.2581,7.75,11,,3,,,,,,
65ecbe20-63e3-4d6c-b382-02faf68b3e22,Thunder Tactical Shooters USPSA Match 9AUG2025,2025-08-09,6,Stage 6 Bay 6 25-07 Absolute Cinema,68565dca-c38b-4d5f-8ece-2371c27c7e09,james rogers,25,73.28,9,73.28,Limited Optics,B,A101402,MINOR,Law Enforcement,51.2989,51.2989,8.2474,7.76,11,,3,,,,,,
65ecbe20-63e3-4d6c-b382-02faf68b3e22,Thunder Tactical Shooters USPSA Match 9AUG2025,2025-08-09,6,Stage 6 Bay 6 25-07 Absolute Cinema,68565dca-c38b-4d5f-8ece-2371c27c7e09,Josh Munoz,26,72.49,7,73.90,Carry Optics,A,A163367,MINOR,,51.7305,50.7422,8.1579,7.60,11,,2,1,,,,,
65ecbe20-63e3-4d6c-b382-02faf68b3e22,Thunder Tactical Shooters USPSA Match 9AUG2025,2025-08-09,6,Stage 6 Bay 6 25-07 Absolute Cinema,68565dca-c38b-4d5f-8ece-2371c27c7e09,Phillip Nguyen,27,72.44,10,72.44,Limited Optics,M,Ty152423,MINOR,,50.7111,50.7111,8.1529,7.85,11,,3,,,,,,
65ecbe20-63e3-4d6c-b382-02faf68b3e22,Thunder Tactical Shooters USPSA Match 9AUG2025,2025-08-09,6,Stage 6 Bay 6 25-07 Absolute Cinema,68565dca-c38b-4d5f-8ece-2371c27c7e09,David Zhang,28,72.17,11,72.17,Limited Optics,B,FY140383,MINOR,,50.5177,50.5177,8.1218,7.88,11,,3,,,,,,
65ecbe20-63e3-4d6c-b382-02faf68b3e22,Thunder Tactical Shooters USPSA Match 9AUG2025,2025-08-09,6,Stage 6 Bay 6 25-07 Absolute Cinema,68565dca-c38b-4d5f-8ece-2371c27c7e09,Josh Vickers,29,70.91,1,100.00,Limited,U,A168865,MINOR,,70.0000,49.6357,7.9800,8.02,11,,3,,,,,,
65ecbe20-63e3-4d6c-b382-02faf68b3e22,Thunder Tactical Shooters USPSA Match 9AUG2025,2025-08-09,6,Stage 6 Bay 6 25-07 Absolute Cinema,68565dca-c38b-4d5f-8ece-2371c27c7e09,Sean Frederick,30,70.90,8,72.28,Carry Optics,B,A149482,MINOR,,50.5942,49.6276,7.9787,7.52,11,,1,2,,,,,
65ecbe20-63e3-4d6c-b382-02faf68b3e22,Thunder Tactical Shooters USPSA Match 9AUG2025,2025-08-09,6,Stage 6 Bay 6 25-07 Absolute Cinema,68565dca-c38b-4d5f-8ece-2371c27c7e09,Seth Dickens,31,70.40,9,71.77,Carry Optics,C,A165855,MINOR,,50.2422,49.2824,7.9232,8.33,12,,2,,,,,,
65ecbe20-63e3-4d6c-b382-02faf68b3e22,Thunder Tactical Shooters USPSA Match 9AUG2025,2025-08-09,6,Stage 6 Bay 6 25-07 Absolute Cinema,68565dca-c38b-4d5f-8ece-2371c27c7e09,Edwin Buchwalter,32,68.58,6,84.90,Open,B,TY102903,MINOR,,59.4325,48.0092,7.7185,8.81,13,,1,,,,,,
65ecbe20-63e3-4d6c-b382-02faf68b3e22,Thunder Tactical Shooters USPSA Match 9AUG2025,2025-08-09,6,Stage 6 Bay 6 25-07 Absolute Cinema,68565dca-c38b-4d5f-8ece-2371c27c7e09,Janice Pacleb,33,67.64,7,83.74,Open,B,Ty75597,MAJOR,Lady,58.6163,47.3498,7.6125,8.67,10,,4,,,,,,
65ecbe20-63e3-4d6c-b382-02faf68b3e22,Thunder Tactical Shooters USPSA Match 9AUG2025,2025-08-09,6,Stage 6 Bay 6 25-07 Absolute Cinema,68565dca-c38b-4d5f-8ece-2371c27c7e09,none Qian,34,67.41,12,67.41,Limited Optics,B,A150939,MINOR,,47.1862,47.1862,7.5862,8.70,12,,2,,,,,,
65ecbe20-63e3-4d6c-b382-02faf68b3e22,Thunder Tactical Shooters USPSA Match 9AUG2025,2025-08-09,6,Stage 6 Bay 6 25-07 Absolute Cinema,68565dca-c38b-4d5f-8ece-2371c27c7e09,Jay Bennett,35,67.35,10,68.66,Carry Optics,A,A77156,MINOR,Super Senior,48.0628,47.1446,7.5795,8.18,10,,4,,,,,,
65ecbe20-63e3-4d6c-b382-02faf68b3e22,Thunder Tactical Shooters USPSA Match 9AUG2025,2025-08-09,6,Stage 6 Bay 6 25-07 Absolute Cinema,68565dca-c38b-4d5f-8ece-2371c27c7e09,Vadim Berezanskiy,36,66.86,13,66.86,Limited Optics,B,a95979,MINOR,,46.8012,46.8012,7.5243,8.24,11,,2,1,,,,,
65ecbe20-63e3-4d6c-b382-02faf68b3e22,Thunder Tactical Shooters USPSA Match 9AUG2025,2025-08-09,6,Stage 6 Bay 6 25-07 Absolute Cinema,68565dca-c38b-4d5f-8ece-2371c27c7e09,John Ren,37,66.56,11,67.86,Carry Optics,B,A168570,MINOR,,47.4990,46.5916,7.4906,8.01,10,,3,1,,,,,
65ecbe20-63e3-4d6c-b382-02faf68b3e22,Thunder Tactical Shooters USPSA Match 9AUG2025,2025-08-09,6,Stage 6 Bay 6 25-07 Absolute Cinema,68565dca-c38b-4d5f-8ece-2371c27c7e09,Christopher Wilkerson,38,66.41,12,67.71,Carry Optics,U,A161474,MINOR,Law Enforcement,47.3951,46.4896,7.4742,7.76,8,,6,,,,,,
65ecbe20-63e3-4d6c-b382-02faf68b3e22,Thunder Tactical Shooters USPSA Match 9AUG2025,2025-08-09,6,Stage 6 Bay 6 25-07 Absolute Cinema,68565dca-c38b-4d5f-8ece-2371c27c7e09,Shawn Prosen,39,64.78,13,66.04,Carry Optics,B,A165388,MINOR,,46.2283,45.3451,7.2902,7.27,12,,1,,1,,,,
65ecbe20-63e3-4d6c-b382-02faf68b3e22,Thunder Tactical Shooters USPSA Match 9AUG2025,2025-08-09,6,Stage 6 Bay 6 25-07 Absolute Cinema,68565dca-c38b-4d5f-8ece-2371c27c7e09,Jay-R delos-Santos,40,63.80,6,69.26,PCC,B,A70297,MINOR,Senior,48.4825,44.6566,7.1795,9.75,14,,,,,,,,
65ecbe20-63e3-4d6c-b382-02faf68b3e22,Thunder Tactical Shooters USPSA Match 9AUG2025,2025-08-09,6,Stage 6 Bay 6 25-07 Absolute Cinema,68565dca-c38b-4d5f-8ece-2371c27c7e09,Shaun Ebersole,41,63.33,14,63.33,Limited Optics,U,A160600,MINOR,,44.3294,44.3294,7.1269,8.98,11,,3,,,,,,
65ecbe20-63e3-4d6c-b382-02faf68b3e22,Thunder Tactical Shooters USPSA Match 9AUG2025,2025-08-09,6,Stage 6 Bay 6 25-07 Absolute Cinema,68565dca-c38b-4d5f-8ece-2371c27c7e09,Pocholo Dimayuga,42,63.24,14,64.48,Carry Optics,B,A106236,MINOR,,45.1325,44.2703,7.1174,8.43,10,,3,1,,,,,
65ecbe20-63e3-4d6c-b382-02faf68b3e22,Thunder Tactical Shooters USPSA Match 9AUG2025,2025-08-09,6,Stage 6 Bay 6 25-07 Absolute Cinema,68565dca-c38b-4d5f-8ece-2371c27c7e09,Todd Liscano,43,62.96,15,64.19,Carry Optics,U,A172140,MINOR,,44.9315,44.0731,7.0857,8.75,10,,4,,,,,,
65ecbe20-63e3-4d6c-b382-02faf68b3e22,Thunder Tactical Shooters USPSA Match 9AUG2025,2025-08-09,6,Stage 6 Bay 6 25-07 Absolute Cinema,68565dca-c38b-4d5f-8ece-2371c27c7e09,Ernie Morales,44,62.84,15,62.84,Limited Optics,B,A169705,MINOR,,43.9867,43.9867,7.0718,9.05,11,,3,,,,,,
65ecbe20-63e3-4d6c-b382-02faf68b3e22,Thunder Tactical Shooters USPSA Match 9AUG2025,2025-08-09,6,Stage 6 Bay 6 25-07 Absolute Cinema,68565dca-c38b-4d5f-8ece-2371c27c7e09,Yul Kwan,45,62.08,8,76.86,Open,C,A156984,MAJOR,Senior,53.7992,43.4586,6.9869,9.16,8,,6,,,,,,
65ecbe20-63e3-4d6c-b382-02faf68b3e22,Thunder Tactical Shooters USPSA Match 9AUG2025,2025-08-09,6,Stage 6 Bay 6 25-07 Absolute Cinema,68565dca-c38b-4d5f-8ece-2371c27c7e09,Gennady Khokhorin,46,61.75,1,100.00,Production,B,A123884,MINOR,Super Senior,70.0000,43.2229,6.9490,9.21,11,,3,,,,,,
65ecbe20-63e3-4d6c-b382-02faf68b3e22,Thunder Tactical Shooters USPSA Match 9AUG2025,2025-08-09,6,Stage 6 Bay 6 25-07 Absolute Cinema,68565dca-c38b-4d5f-8ece-2371c27c7e09,Michael Henss,47,61.71,16,61.71,Limited Optics,C,A56644,MINOR,,43.1942,43.1942,6.9444,10.08,14,,,,,,,,
65ecbe20-63e3-4d6c-b382-02faf68b3e22,Thunder Tactical Shooters USPSA Match 9AUG2025,2025-08-09,6,Stage 6 Bay 6 25-07 Absolute Cinema,68565dca-c38b-4d5f-8ece-2371c27c7e09,Harlan Chen,48,61.67,17,61.67,Limited Optics,C,A163292,MINOR,,43.1675,43.1675,6.9401,9.51,12,,2,,,,,,
65ecbe20-63e3-4d6c-b382-02faf68b3e22,Thunder Tactical Shooters USPSA Match 9AUG2025,2025-08-09,6,Stage 6 Bay 6 25-07 Absolute Cinema,68565dca-c38b-4d5f-8ece-2371c27c7e09,James O'Flaherty,49,61.61,18,61.61,Limited Optics,B,FY100318,MINOR,Senior; Law Enforcement,43.1289,43.1289,6.9339,9.23,11,,3,,,,,,
65ecbe20-63e3-4d6c-b382-02faf68b3e22,Thunder Tactical Shooters USPSA Match 9AUG2025,2025-08-09,6,Stage 6 Bay 6 25-07 Absolute Cinema,68565dca-c38b-4d5f-8ece-2371c27c7e09,Cristian Torquemada,50,61.47,19,61.47,Limited Optics,U,A171091,MINOR,,43.0313,43.0313,6.9182,9.54,12,,2,,,,,,
65ecbe20-63e3-4d6c-b382-02faf68b3e22,Thunder Tactical Shooters USPSA Match 9AUG2025,2025-08-09,6,Stage 6 Bay 6 25-07 Absolute Cinema,68565dca-c38b-4d5f-8ece-2371c27c7e09,Jim Wang,51,60.58,7,65.78,PCC,C,A170259,MINOR,,46.0427,42.4093,6.8182,9.68,12,,2,,,,,,
65ecbe20-63e3-4d6c-b382-02faf68b3e22,Thunder Tactical Shooters USPSA Match 9AUG2025,2025-08-09,6,Stage 6 Bay 6 25-07 Absolute Cinema,68565dca-c38b-4d5f-8ece-2371c27c7e09,vox esguerra,52,58.74,20,58.74,Limited Optics,U,A79097,MINOR,,41.1168,41.1168,6.6104,7.11,9,,4,,1,,,,
65ecbe20-63e3-4d6c-b382-02faf68b3e22,Thunder Tactical Shooters USPSA Match 9AUG2025,2025-08-09,6,Stage 6 Bay 6 25-07 Absolute Cinema,68565dca-c38b-4d5f-8ece-2371c27c7e09,Chadrick Smith,53,57.40,16,58.52,Carry Optics,D,A141153,MINOR,,40.9613,40.1788,6.4596,8.05,5,,9,,,,,,
65ecbe20-63e3-4d6c-b382-02faf68b3e22,Thunder Tactical Shooters USPSA Match 9AUG2025,2025-08-09,6,Stage 6 Bay 6 25-07 Absolute Cinema,68565dca-c38b-4d5f-8ece-2371c27c7e09,Bruce Lamb,54,56.91,8,61.79,PCC,U,L-997,MINOR,Super Senior,43.2524,39.8392,6.4050,9.68,10,,4,,,,,,
65ecbe20-63e3-4d6c-b382-02faf68b3e22,Thunder Tactical Shooters USPSA Match 9AUG2025,2025-08-09,6,Stage 6 Bay 6 25-07 Absolute Cinema,68565dca-c38b-4d5f-8ece-2371c27c7e09,Marco Yue,55,56.51,21,56.51,Limited Optics,B,L5762,MINOR,,39.5586,39.5586,6.3599,7.39,9,,4,,1,,,,
65ecbe20-63e3-4d6c-b382-02faf68b3e22,Thunder Tactical Shooters USPSA Match 9AUG2025,2025-08-09,6,Stage 6 Bay 6 25-07 Absolute Cinema,68565dca-c38b-4d5f-8ece-2371c27c7e09,Tom Dowdy,56,56.09,9,60.89,PCC,U,A156310,MINOR,Super Senior,42.6244,39.2607,6.3120,11.09,14,,,,,,,,
65ecbe20-63e3-4d6c-b382-02faf68b3e22,Thunder Tactical Shooters USPSA Match 9AUG2025,2025-08-09,6,Stage 6 Bay 6 25-07 Absolute Cinema,68565dca-c38b-4d5f-8ece-2371c27c7e09,Roger Feng,57,55.98,17,57.07,Carry Optics,A,A157776,MINOR,,39.9524,39.1892,6.3005,6.19,6,,6,1,1,,,,
65ecbe20-63e3-4d6c-b382-02faf68b3e22,Thunder Tactical Shooters USPSA Match 9AUG2025,2025-08-09,6,Stage 6 Bay 6 25-07 Absolute Cinema,68565dca-c38b-4d5f-8ece-2371c27c7e09,Joseph Wilkie,58,55.87,18,56.96,Carry Optics,U,A166735,MINOR,,39.8732,39.1114,6.2880,9.86,10,,4,,,,,,
65ecbe20-63e3-4d6c-b382-02faf68b3e22,Thunder Tactical Shooters USPSA Match 9AUG2025,2025-08-09,6,Stage 6 Bay 6 25-07 Absolute Cinema,68565dca-c38b-4d5f-8ece-2371c27c7e09,Keishaun Smith,59,53.95,2,76.09,Limited,U,A153220,MINOR,Junior,53.2614,37.7667,6.0718,10.87,12,,2,,,,,,
65ecbe20-63e3-4d6c-b382-02faf68b3e22,Thunder Tactical Shooters USPSA Match 9AUG2025,2025-08-09,6,Stage 6 Bay 6 25-07 Absolute Cinema,68565dca-c38b-4d5f-8ece-2371c27c7e09,Fred Ermac,60,53.05,22,53.05,Limited Optics,U,a106437,MINOR,,37.1341,37.1341,5.9701,10.72,11,,3,,,,,,
65ecbe20-63e3-4d6c-b382-02faf68b3e22,Thunder Tactical Shooters USPSA Match 9AUG2025,2025-08-09,6,Stage 6 Bay 6 25-07 Absolute Cinema,68565dca-c38b-4d5f-8ece-2371c27c7e09,Ryan Stegint,61,52.63,23,52.63,Limited Optics,C,A167764,MINOR,,36.8430,36.8430,5.9233,8.61,11,,2,,1,,,,
65ecbe20-63e3-4d6c-b382-02faf68b3e22,Thunder Tactical Shooters USPSA Match 9AUG2025,2025-08-09,6,Stage 6 Bay 6 25-07 Absolute Cinema,68565dca-c38b-4d5f-8ece-2371c27c7e09,Phil Truong,62,52.41,19,53.43,Carry Optics,B,FY128600,MINOR,,37.3989,36.6844,5.8978,7.63,13,,,,1,,1,,
65ecbe20-63e3-4d6c-b382-02faf68b3e22,Thunder Tactical Shooters USPSA Match 9AUG2025,2025-08-09,6,Stage 6 Bay 6 25-07 Absolute Cinema,68565dca-c38b-4d5f-8ece-2371c27c7e09,Henry Pham,63,51.65,20,52.66,Carry Optics,U,A171802,MINOR,,36.8586,36.1544,5.8126,8.43,11,,1,1,1,,,,
65ecbe20-63e3-4d6c-b382-02faf68b3e22,Thunder Tactical Shooters USPSA Match 9AUG2025,2025-08-09,6,Stage 6 Bay 6 25-07 Absolute Cinema,68565dca-c38b-4d5f-8ece-2371c27c7e09,Jerry Bedro,64,51.37,9,63.60,Open,B,A98263,MAJOR,,44.5184,35.9616,5.7816,9.34,12,,1,,1,,,,
65ecbe20-63e3-4d6c-b382-02faf68b3e22,Thunder Tactical Shooters USPSA Match 9AUG2025,2025-08-09,6,Stage 6 Bay 6 25-07 Absolute Cinema,68565dca-c38b-4d5f-8ece-2371c27c7e09,John Mabute,65,50.78,24,50.78,Limited Optics,U,A169337,MINOR,,35.5430,35.5430,5.7143,10.85,10,,4,,,,,,
65ecbe20-63e3-4d6c-b382-02faf68b3e22,Thunder Tactical Shooters USPSA Match 9AUG2025,2025-08-09,6,Stage 6 Bay 6 25-07 Absolute Cinema,68565dca-c38b-4d5f-8ece-2371c27c7e09,Sean Finnerty,66,49.54,21,50.51,Carry Optics,C,A166724,MINOR,,35.3551,34.6797,5.5755,11.12,10,,4,,,,,,
65ecbe20-63e3-4d6c-b382-02faf68b3e22,Thunder Tactical Shooters USPSA Match 9AUG2025,2025-08-09,6,Stage 6 Bay 6 25-07 Absolute Cinema,68565dca-c38b-4d5f-8ece-2371c27c7e09,Rick Ramos,67,48.96,25,48.96,Limited Optics,U,.,MINOR,,34.2754,34.2754,5.5105,12.34,13,,1,,,,,,
65ecbe20-63e3-4d6c-b382-02faf68b3e22,Thunder Tactical Shooters USPSA Match 9AUG2025,2025-08-09,6,Stage 6 Bay 6 25-07 Absolute Cinema,68565dca-c38b-4d5f-8ece-2371c27c7e09,Joseph Giron,68,45.88,26,45.88,Limited Optics,U,A83387,MINOR,Law Enforcement,32.1183,32.1183,5.1637,7.94,6,,7,,1,,,,
65ecbe20-63e3-4d6c-b382-02faf68b3e22,Thunder Tactical Shooters USPSA Match 9AUG2025,2025-08-09,6,Stage 6 Bay 6 25-07 Absolute Cinema,68565dca-c38b-4d5f-8ece-2371c27c7e09,Tristan Smith,69,45.83,22,46.72,Carry Optics,C,A160700,MINOR,,32.7070,32.0822,5.1579,9.50,10,,3,,1,,,,
65ecbe20-63e3-4d6c-b382-02faf68b3e22,Thunder Tactical Shooters USPSA Match 9AUG2025,2025-08-09,6,Stage 6 Bay 6 25-07 Absolute Cinema,68565dca-c38b-4d5f-8ece-2371c27c7e09,Ryan Liu,70,45.20,10,49.08,PCC,U,A155638,MINOR,Junior,34.3534,31.6424,5.0872,13.76,14,,,,,,,,
65ecbe20-63e3-4d6c-b382-02faf68b3e22,Thunder Tactical Shooters USPSA Match 9AUG2025,2025-08-09,6,Stage 6 Bay 6 25-07 Absolute Cinema,68565dca-c38b-4d5f-8ece-2371c27c7e09,Phillip Thane,71,44.80,23,45.67,Carry Optics,X,1234,MINOR,,31.9721,31.3613,5.0420,11.90,9,,5,,,,,,
65ecbe20-63e3-4d6c-b382-02faf68b3e22,Thunder Tactical Shooters USPSA Match 9AUG2025,2025-08-09,6,Stage 6 Bay 6 25-07 Absolute Cinema,68565dca-c38b-4d5f-8ece-2371c27c7e09,Jonathan W.,72,42.38,24,43.20,Carry Optics,U,N/A,MINOR,Senior,30.2422,29.6645,4.7692,13.00,10,,4,,,,,,
65ecbe20-63e3-4d6c-b382-02faf68b3e22,Thunder Tactical Shooters USPSA Match 9AUG2025,2025-08-09,6,Stage 6 Bay 6 25-07 Absolute Cinema,68565dca-c38b-4d5f-8ece-2371c27c7e09,ian loyd,73,41.83,25,42.64,Carry Optics,U,A148072,MINOR,,29.8491,29.2788,4.7072,8.71,8,,3,2,1,,,,
65ecbe20-63e3-4d6c-b382-02faf68b3e22,Thunder Tactical Shooters USPSA Match 9AUG2025,2025-08-09,6,Stage 6 Bay 6 25-07 Absolute Cinema,68565dca-c38b-4d5f-8ece-2371c27c7e09,james wood,74,41.05,27,41.05,Limited Optics,U,A162399,MINOR,Super Senior,28.7340,28.7340,4.6196,11.04,11,,2,,1,,,,
65ecbe20-63e3-4d6c-b382-02faf68b3e22,Thunder Tactical Shooters USPSA Match 9AUG2025,2025-08-09,6,Stage 6 Bay 6 25-07 Absolute Cinema,68565dca-c38b-4d5f-8ece-2371c27c7e09,Antonios Panagopoulos,75,39.91,3,56.28,Limited,D,A167580,MINOR,,39.3947,27.9341,4.4910,13.36,10,,3,1,,,,,
65ecbe20-63e3-4d6c-b382-02faf68b3e22,Thunder Tactical Shooters USPSA Match 9AUG2025,2025-08-09,6,Stage 6 Bay 6 25-07 Absolute Cinema,68565dca-c38b-4d5f-8ece-2371c27c7e09,Dale Hamm,76,38.70,10,47.91,Open,D,TY97196,MAJOR,Super Senior,33.5382,27.0919,4.3556,11.25,9,,3,1,1,,,,
65ecbe20-63e3-4d6c-b382-02faf68b3e22,Thunder Tactical Shooters USPSA Match 9AUG2025,2025-08-09,6,Stage 6 Bay 6 25-07 Absolute Cinema,68565dca-c38b-4d5f-8ece-2371c27c7e09,Joseph White,77,37.70,26,38.44,Carry Optics,M,A135478,MINOR,Law Enforcement,26.9074,26.3934,4.2433,7.07,7,,5,,2,,,,
65ecbe20-63e3-4d6c-b382-02faf68b3e22,Thunder Tactical Shooters USPSA Match 9AUG2025,2025-08-09,6,Stage 6 Bay 6 25-07 Absolute Cinema,68565dca-c38b-4d5f-8ece-2371c27c7e09,Daniel Harder,78,37.60,4,53.03,Limited,X,A171676,MINOR,Junior,37.1184,26.3200,4.2315,16.07,13,,1,,,,,,
65ecbe20-63e3-4d6c-b382-02faf68b3e22,Thunder Tactical Shooters USPSA Match 9AUG2025,2025-08-09,6,Stage 6 Bay 6 25-07 Absolute Cinema,68565dca-c38b-4d5f-8ece-2371c27c7e09,Sonny Somera,79,37.02,27,37.75,Carry Optics,D,A118611,MINOR,,26.4217,25.9169,4.1667,16.32,13,,1,,,,,,
65ecbe20-63e3-4d6c-b382-02faf68b3e22,Thunder Tactical Shooters USPSA Match 9AUG2025,2025-08-09,6,Stage 6 Bay 6 25-07 Absolute Cinema,68565dca-c38b-4d5f-8ece-2371c27c7e09,Christian Morales,80,35.86,2,58.07,Production,U,A57907,MINOR,Senior,40.6502,25.1002,4.0354,10.16,11,,2,,1,,1,,
65ecbe20-63e3-4d6c-b382-02faf68b3e22,Thunder Tactical Shooters USPSA Match 9AUG2025,2025-08-09,6,Stage 6 Bay 6 25-07 Absolute Cinema,68565dca-c38b-4d5f-8ece-2371c27c7e09,Dean Tamban,81,35.77,5,50.44,Limited,U,.,MINOR,,35.3096,25.0374,4.0253,12.67,11,,2,,1,,,,
65ecbe20-63e3-4d6c-b382-02faf68b3e22,Thunder Tactical Shooters USPSA Match 9AUG2025,2025-08-09,6,Stage 6 Bay 6 25-07 Absolute Cinema,68565dca-c38b-4d5f-8ece-2371c27c7e09,Virak Meas,82,35.73,28,35.73,Limited Optics,U,O,MINOR,Senior,25.0132,25.0132,4.0214,7.46,7,,5,,2,,,,
65ecbe20-63e3-4d6c-b382-02faf68b3e22,Thunder Tactical Shooters USPSA Match 9AUG2025,2025-08-09,6,Stage 6 Bay 6 25-07 Absolute Cinema,68565dca-c38b-4d5f-8ece-2371c27c7e09,Ron Plesko,83,34.85,28,35.52,Carry Optics,U,TY138017,MINOR,Super Senior,24.8675,24.3924,3.9216,17.85,14,,,,,,,,
65ecbe20-63e3-4d6c-b382-02faf68b3e22,Thunder Tactical Shooters USPSA Match 9AUG2025,2025-08-09,6,Stage 6 Bay 6 25-07 Absolute Cinema,68565dca-c38b-4d5f-8ece-2371c27c7e09,Ross Pimentel,84,29.72,29,30.30,Carry Optics,C,A157753,MINOR,Senior,21.2080,20.8028,3.3445,8.97,8,,3,1,2,,,,
65ecbe20-63e3-4d6c-b382-02faf68b3e22,Thunder Tactical Shooters USPSA Match 9AUG2025,2025-08-09,6,Stage 6 Bay 6 25-07 Absolute Cinema,68565dca-c38b-4d5f-8ece-2371c27c7e09,Yihao Zuo,85,29.26,29,29.26,Limited Optics,C,A165414,MINOR,,20.4831,20.4831,3.2931,9.11,8,,3,1,2,,,,
65ecbe20-63e3-4d6c-b382-02faf68b3e22,Thunder Tactical Shooters USPSA Match 9AUG2025,2025-08-09,6,Stage 6 Bay 6 25-07 Absolute Cinema,68565dca-c38b-4d5f-8ece-2371c27c7e09,Charity Taylor,86,29.00,11,35.90,Open,D,104508,MAJOR,Senior,25.1328,20.3021,3.2640,21.14,13,,1,,,,,,
65ecbe20-63e3-4d6c-b382-02faf68b3e22,Thunder Tactical Shooters USPSA Match 9AUG2025,2025-08-09,6,Stage 6 Bay 6 25-07 Absolute Cinema,68565dca-c38b-4d5f-8ece-2371c27c7e09,Justin Wilkie,87,28.44,12,35.21,Open,U,A172037,MINOR,,24.6454,19.9084,3.2007,11.56,9,,4,,1,,1,,
65ecbe20-63e3-4d6c-b382-02faf68b3e22,Thunder Tactical Shooters USPSA Match 9AUG2025,2025-08-09,7,Stage 7 Bay 7 Disposable Heroes,eff1799e-ac58-499d-a62a-10db80a61166,Olayemi Bakare,1,100.00,1,100.00,Limited Optics,A,A105300,MINOR,,90.0000,90.0000,4.3210,19.44,15,,3,,,,,,
65ecbe20-63e3-4d6c-b382-02faf68b3e22,Thunder Tactical Shooters USPSA Match 9AUG2025,2025-08-09,7,Stage 7 Bay 7 Disposable Heroes,eff1799e-ac58-499d-a62a-10db80a61166,Anthony Fong,2,99.11,2,99.11,Limited Optics,M,A142224,MINOR,,89.2023,89.2023,4.2827,18.68,13,,5,,,,,,
65ecbe20-63e3-4d6c-b382-02faf68b3e22,Thunder Tactical Shooters USPSA Match 9AUG2025,2025-08-09,7,Stage 7 Bay 7 Disposable Heroes,eff1799e-ac58-499d-a62a-10db80a61166,Phillip Nguyen,3,98.93,3,98.93,Limited Optics,M,Ty152423,MINOR,,89.0377,89.0377,4.2748,19.65,15,,3,,,,,,
65ecbe20-63e3-4d6c-b382-02faf68b3e22,Thunder Tactical Shooters USPSA Match 9AUG2025,2025-08-09,7,Stage 7 Bay 7 Disposable Heroes,eff1799e-ac58-499d-a62a-10db80a61166,Daniell Gianelloni,4,97.70,1,100.00,Carry Optics,M,FY134287,MINOR,Law Enforcement,90.0000,87.9296,4.2216,18.95,14,,3,1,,,,,
65ecbe20-63e3-4d6c-b382-02faf68b3e22,Thunder Tactical Shooters USPSA Match 9AUG2025,2025-08-09,7,Stage 7 Bay 7 Disposable Heroes,eff1799e-ac58-499d-a62a-10db80a61166,Roger Feng,5,94.61,2,96.84,Carry Optics,A,A157776,MINOR,,87.1539,85.1490,4.0881,19.08,12,,6,,,,,,
65ecbe20-63e3-4d6c-b382-02faf68b3e22,Thunder Tactical Shooters USPSA Match 9AUG2025,2025-08-09,7,Stage 7 Bay 7 Disposable Heroes,eff1799e-ac58-499d-a62a-10db80a61166,Will Goglas,6,93.25,1,100.00,Open,B,A154790,MAJOR,,90.0000,83.9285,4.0295,20.35,12,,5,1,,,,,
65ecbe20-63e3-4d6c-b382-02faf68b3e22,Thunder Tactical Shooters USPSA Match 9AUG2025,2025-08-09,7,Stage 7 Bay 7 Disposable Heroes,eff1799e-ac58-499d-a62a-10db80a61166,Josh Munoz,7,93.06,3,95.25,Carry Optics,A,A163367,MINOR,,85.7256,83.7535,4.0211,20.89,16,,1,1,,,,,
65ecbe20-63e3-4d6c-b382-02faf68b3e22,Thunder Tactical Shooters USPSA Match 9AUG2025,2025-08-09,7,Stage 7 Bay 7 Disposable Heroes,eff1799e-ac58-499d-a62a-10db80a61166,Cholai Sioson,8,92.81,2,99.52,Open,U,A137810,MAJOR,,89.5712,83.5286,4.0103,19.45,16,,2,,,,1,,
65ecbe20-63e3-4d6c-b382-02faf68b3e22,Thunder Tactical Shooters USPSA Match 9AUG2025,2025-08-09,7,Stage 7 Bay 7 Disposable Heroes,eff1799e-ac58-499d-a62a-10db80a61166,Drew Yang,9,90.56,4,92.69,Carry Optics,B,FY138478,MINOR,,83.4188,81.4999,3.9129,22.49,17,,1,,,,,,
65ecbe20-63e3-4d6c-b382-02faf68b3e22,Thunder Tactical Shooters USPSA Match 9AUG2025,2025-08-09,7,Stage 7 Bay 7 Disposable Heroes,eff1799e-ac58-499d-a62a-10db80a61166,james rogers,10,88.27,4,88.27,Limited Optics,B,A101402,MINOR,Law Enforcement,79.4399,79.4399,3.8140,21.50,14,,4,,,,,,
65ecbe20-63e3-4d6c-b382-02faf68b3e22,Thunder Tactical Shooters USPSA Match 9AUG2025,2025-08-09,7,Stage 7 Bay 7 Disposable Heroes,eff1799e-ac58-499d-a62a-10db80a61166,Momoy Tuazon,11,83.08,5,83.08,Limited Optics,U,.,MINOR,,74.7681,74.7681,3.5897,23.40,15,,3,,,,,,
65ecbe20-63e3-4d6c-b382-02faf68b3e22,Thunder Tactical Shooters USPSA Match 9AUG2025,2025-08-09,7,Stage 7 Bay 7 Disposable Heroes,eff1799e-ac58-499d-a62a-10db80a61166,Ivan Velazquez,12,81.95,5,83.88,Carry Optics,A,A108486,MINOR,,75.4946,73.7579,3.5412,24.85,17,,1,,,,,,
65ecbe20-63e3-4d6c-b382-02faf68b3e22,Thunder Tactical Shooters USPSA Match 9AUG2025,2025-08-09,7,Stage 7 Bay 7 Disposable Heroes,eff1799e-ac58-499d-a62a-10db80a61166,Jerry Bedro,13,81.54,3,87.44,Open,B,A98263,MAJOR,,78.6983,73.3893,3.5235,23.84,12,,6,,,,,,
65ecbe20-63e3-4d6c-b382-02faf68b3e22,Thunder Tactical Shooters USPSA Match 9AUG2025,2025-08-09,7,Stage 7 Bay 7 Disposable Heroes,eff1799e-ac58-499d-a62a-10db80a61166,Sean Frederick,14,78.38,6,80.23,Carry Optics,B,A149482,MINOR,,72.2030,70.5420,3.3868,22.44,12,,5,1,,,,,
65ecbe20-63e3-4d6c-b382-02faf68b3e22,Thunder Tactical Shooters USPSA Match 9AUG2025,2025-08-09,7,Stage 7 Bay 7 Disposable Heroes,eff1799e-ac58-499d-a62a-10db80a61166,Janice Pacleb,15,77.71,4,83.33,Open,B,Ty75597,MAJOR,Lady,74.9974,69.9380,3.3578,25.91,15,,3,,,,,,
65ecbe20-63e3-4d6c-b382-02faf68b3e22,Thunder Tactical Shooters USPSA Match 9AUG2025,2025-08-09,7,Stage 7 Bay 7 Disposable Heroes,eff1799e-ac58-499d-a62a-10db80a61166,Joseph White,16,75.79,7,77.57,Carry Optics,M,A135478,MINOR,Law Enforcement,69.8152,68.2092,3.2748,21.07,14,,3,,1,,,,
65ecbe20-63e3-4d6c-b382-02faf68b3e22,Thunder Tactical Shooters USPSA Match 9AUG2025,2025-08-09,7,Stage 7 Bay 7 Disposable Heroes,eff1799e-ac58-499d-a62a-10db80a61166,Harlan Chen,17,74.40,6,74.40,Limited Optics,C,A163292,MINOR,,66.9616,66.9616,3.2149,23.64,12,,5,1,,,,,
65ecbe20-63e3-4d6c-b382-02faf68b3e22,Thunder Tactical Shooters USPSA Match 9AUG2025,2025-08-09,7,Stage 7 Bay 7 Disposable Heroes,eff1799e-ac58-499d-a62a-10db80a61166,Jacob Bernal,18,74.32,7,74.32,Limited Optics,B,A160508,MINOR,,66.8845,66.8845,3.2112,22.11,15,,2,,1,,,,
65ecbe20-63e3-4d6c-b382-02faf68b3e22,Thunder Tactical Shooters USPSA Match 9AUG2025,2025-08-09,7,Stage 7 Bay 7 Disposable Heroes,eff1799e-ac58-499d-a62a-10db80a61166,Dale Fike,19,74.30,1,100.00,PCC,B,A113427,MINOR,Senior,90.0000,66.8658,3.2103,20.87,13,,4,,1,,,,
65ecbe20-63e3-4d6c-b382-02faf68b3e22,Thunder Tactical Shooters USPSA Match 9AUG2025,2025-08-09,7,Stage 7 Bay 7 Disposable Heroes,eff1799e-ac58-499d-a62a-10db80a61166,Robert Strong,20,74.19,5,79.56,Open,C,TY135331,MINOR,,71.6002,66.7700,3.2057,20.90,13,,4,,1,,,,
65ecbe20-63e3-4d6c-b382-02faf68b3e22,Thunder Tactical Shooters USPSA Match 9AUG2025,2025-08-09,7,Stage 7 Bay 7 Disposable Heroes,eff1799e-ac58-499d-a62a-10db80a61166,Vadim Berezanskiy,21,73.87,8,73.87,Limited Optics,B,a95979,MINOR,,66.4846,66.4846,3.1920,20.99,13,,4,,1,,,,
65ecbe20-63e3-4d6c-b382-02faf68b3e22,Thunder Tactical Shooters USPSA Match 9AUG2025,2025-08-09,7,Stage 7 Bay 7 Disposable Heroes,eff1799e-ac58-499d-a62a-10db80a61166,Phyl Santos,22,72.25,9,72.25,Limited Optics,B,A155981,MINOR,,65.0245,65.0245,3.1219,20.18,11,,6,,1,,,,
65ecbe20-63e3-4d6c-b382-02faf68b3e22,Thunder Tactical Shooters USPSA Match 9AUG2025,2025-08-09,7,Stage 7 Bay 7 Disposable Heroes,eff1799e-ac58-499d-a62a-10db80a61166,Manny Nerona,23,71.90,8,73.60,Carry Optics,B,A69445,MINOR,,66.2358,64.7121,3.1069,24.14,17,,,,1,,,,
65ecbe20-63e3-4d6c-b382-02faf68b3e22,Thunder Tactical Shooters USPSA Match 9AUG2025,2025-08-09,7,Stage 7 Bay 7 Disposable Heroes,eff1799e-ac58-499d-a62a-10db80a61166,Pocholo Dimayuga,24,71.79,9,73.48,Carry Optics,B,A106236,MINOR,,66.1292,64.6080,3.1019,21.60,13,,4,,1,,,,
65ecbe20-63e3-4d6c-b382-02faf68b3e22,Thunder Tactical Shooters USPSA Match 9AUG2025,2025-08-09,7,Stage 7 Bay 7 Disposable Heroes,eff1799e-ac58-499d-a62a-10db80a61166,James O'Flaherty,25,69.94,10,69.94,Limited Optics,B,FY100318,MINOR,Senior; Law Enforcement,62.9500,62.9500,3.0223,22.83,14,,3,,1,,,,
65ecbe20-63e3-4d6c-b382-02faf68b3e22,Thunder Tactical Shooters USPSA Match 9AUG2025,2025-08-09,7,Stage 7 Bay 7 Disposable Heroes,eff1799e-ac58-499d-a62a-10db80a61166,none Qian,26,69.79,11,69.79,Limited Optics,B,A150939,MINOR,,62.8084,62.8084,3.0155,26.53,13,,5,,,,,,
65ecbe20-63e3-4d6c-b382-02faf68b3e22,Thunder Tactical Shooters USPSA Match 9AUG2025,2025-08-09,7,Stage 7 Bay 7 Disposable Heroes,eff1799e-ac58-499d-a62a-10db80a61166,Anthony Giuliano,27,68.31,10,69.91,Carry Optics,A,A152263,MINOR,Law Enforcement,62.9228,61.4754,2.9515,19.99,9,,8,,1,,,,
65ecbe20-63e3-4d6c-b382-02faf68b3e22,Thunder Tactical Shooters USPSA Match 9AUG2025,2025-08-09,7,Stage 7 Bay 7 Disposable Heroes,eff1799e-ac58-499d-a62a-10db80a61166,Shaun Ebersole,28,66.21,12,66.21,Limited Optics,U,A160600,MINOR,,59.5862,59.5862,2.8608,23.42,14,,2,1,1,,,,
65ecbe20-63e3-4d6c-b382-02faf68b3e22,Thunder Tactical Shooters USPSA Match 9AUG2025,2025-08-09,7,Stage 7 Bay 7 Disposable Heroes,eff1799e-ac58-499d-a62a-10db80a61166,Craig Bellamy,29,65.64,11,67.18,Carry Optics,G,TY54824,MINOR,Law Enforcement,60.4626,59.0717,2.8361,19.04,13,,3,,2,,,,
65ecbe20-63e3-4d6c-b382-02faf68b3e22,Thunder Tactical Shooters USPSA Match 9AUG2025,2025-08-09,7,Stage 7 Bay 7 Disposable Heroes,eff1799e-ac58-499d-a62a-10db80a61166,Albert Montanez,30,65.58,2,88.27,PCC,M,TY101554,MINOR,,79.4449,59.0238,2.8338,20.82,9,,8,,1,,,,
65ecbe20-63e3-4d6c-b382-02faf68b3e22,Thunder Tactical Shooters USPSA Match 9AUG2025,2025-08-09,7,Stage 7 Bay 7 Disposable Heroes,eff1799e-ac58-499d-a62a-10db80a61166,Karys Bellamy,31,64.00,13,64.00,Limited Optics,B,Ty130774,MINOR,Law Enforcement,57.6033,57.6033,2.7656,27.48,11,,7,,,,,,
65ecbe20-63e3-4d6c-b382-02faf68b3e22,Thunder Tactical Shooters USPSA Match 9AUG2025,2025-08-09,7,Stage 7 Bay 7 Disposable Heroes,eff1799e-ac58-499d-a62a-10db80a61166,Yihao Zuo,32,63.58,14,63.58,Limited Optics,C,A165414,MINOR,,57.2263,57.2263,2.7475,22.93,11,,6,,1,,,,
65ecbe20-63e3-4d6c-b382-02faf68b3e22,Thunder Tactical Shooters USPSA Match 9AUG2025,2025-08-09,7,Stage 7 Bay 7 Disposable Heroes,eff1799e-ac58-499d-a62a-10db80a61166,Michael Henss,33,62.95,15,62.95,Limited Optics,C,A56644,MINOR,,56.6556,56.6556,2.7201,27.94,12,,5,1,,,,,
65ecbe20-63e3-4d6c-b382-02faf68b3e22,Thunder Tactical Shooters USPSA Match 9AUG2025,2025-08-09,7,Stage 7 Bay 7 Disposable Heroes,eff1799e-ac58-499d-a62a-10db80a61166,Tom Dowdy,34,62.87,3,84.62,PCC,U,A156310,MINOR,Super Senior,76.1620,56.5848,2.7167,30.92,15,,3,,,,,,
65ecbe20-63e3-4d6c-b382-02faf68b3e22,Thunder Tactical Shooters USPSA Match 9AUG2025,2025-08-09,7,Stage 7 Bay 7 Disposable Heroes,eff1799e-ac58-499d-a62a-10db80a61166,Albert Legislador,35,61.26,4,82.45,PCC,B,TY91787,MINOR,Senior,74.2052,55.1310,2.6469,22.29,10,,6,1,1,,,,
65ecbe20-63e3-4d6c-b382-02faf68b3e22,Thunder Tactical Shooters USPSA Match 9AUG2025,2025-08-09,7,Stage 7 Bay 7 Disposable Heroes,eff1799e-ac58-499d-a62a-10db80a61166,Tyler Denmon,36,61.23,16,61.23,Limited Optics,A,A156054,MINOR,,55.1060,55.1060,2.6457,22.30,9,,8,,1,,,,
65ecbe20-63e3-4d6c-b382-02faf68b3e22,Thunder Tactical Shooters USPSA Match 9AUG2025,2025-08-09,7,Stage 7 Bay 7 Disposable Heroes,eff1799e-ac58-499d-a62a-10db80a61166,Jim Wang,37,60.64,5,81.62,PCC,C,A170259,MINOR,,73.4539,54.5728,2.6201,27.48,10,,7,1,,,,,
65ecbe20-63e3-4d6c-b382-02faf68b3e22,Thunder Tactical Shooters USPSA Match 9AUG2025,2025-08-09,7,Stage 7 Bay 7 Disposable Heroes,eff1799e-ac58-499d-a62a-10db80a61166,Jack Liu,38,59.84,6,80.55,PCC,M,L6156,MINOR,,72.4923,53.8584,2.5858,20.11,12,,4,,2,,,,
65ecbe20-63e3-4d6c-b382-02faf68b3e22,Thunder Tactical Shooters USPSA Match 9AUG2025,2025-08-09,7,Stage 7 Bay 7 Disposable Heroes,eff1799e-ac58-499d-a62a-10db80a61166,Moe Zahra,39,59.48,7,80.05,PCC,B,A129744,MINOR,Military,72.0493,53.5293,2.5700,21.79,14,,2,,2,,,,
65ecbe20-63e3-4d6c-b382-02faf68b3e22,Thunder Tactical Shooters USPSA Match 9AUG2025,2025-08-09,7,Stage 7 Bay 7 Disposable Heroes,eff1799e-ac58-499d-a62a-10db80a61166,Sean Finnerty,40,59.32,12,60.72,Carry Optics,C,A166724,MINOR,,54.6468,53.3897,2.5633,33.55,16,,2,,,,,,
65ecbe20-63e3-4d6c-b382-02faf68b3e22,Thunder Tactical Shooters USPSA Match 9AUG2025,2025-08-09,7,Stage 7 Bay 7 Disposable Heroes,eff1799e-ac58-499d-a62a-10db80a61166,Cristian Torquemada,41,59.07,17,59.07,Limited Optics,U,A171091,MINOR,,53.1627,53.1627,2.5524,30.56,12,,6,,,,,,
65ecbe20-63e3-4d6c-b382-02faf68b3e22,Thunder Tactical Shooters USPSA Match 9AUG2025,2025-08-09,7,Stage 7 Bay 7 Disposable Heroes,eff1799e-ac58-499d-a62a-10db80a61166,Ryan Stegint,42,59.04,18,59.04,Limited Optics,C,A167764,MINOR,,53.1335,53.1335,2.5510,23.52,9,,8,1,,,1,,
65ecbe20-63e3-4d6c-b382-02faf68b3e22,Thunder Tactical Shooters USPSA Match 9AUG2025,2025-08-09,7,Stage 7 Bay 7 Disposable Heroes,eff1799e-ac58-499d-a62a-10db80a61166,Phil Truong,43,58.54,13,59.92,Carry Optics,B,FY128600,MINOR,,53.9241,52.6836,2.5294,22.14,14,,2,,2,,,,
65ecbe20-63e3-4d6c-b382-02faf68b3e22,Thunder Tactical Shooters USPSA Match 9AUG2025,2025-08-09,7,Stage 7 Bay 7 Disposable Heroes,eff1799e-ac58-499d-a62a-10db80a61166,Gennady Khokhorin,44,57.25,1,100.00,Production,B,A123884,MINOR,Super Senior,90.0000,51.5235,2.4737,32.34,13,,5,,,,,,
65ecbe20-63e3-4d6c-b382-02faf68b3e22,Thunder Tactical Shooters USPSA Match 9AUG2025,2025-08-09,7,Stage 7 Bay 7 Disposable Heroes,eff1799e-ac58-499d-a62a-10db80a61166,Ryan Liu,45,56.77,8,76.42,PCC,U,A155638,MINOR,Junior,68.7749,51.0965,2.4532,32.61,13,,5,,,,,,
65ecbe20-63e3-4d6c-b382-02faf68b3e22,Thunder Tactical Shooters USPSA Match 9AUG2025,2025-08-09,7,Stage 7 Bay 7 Disposable Heroes,eff1799e-ac58-499d-a62a-10db80a61166,Josh Vickers,46,56.47,1,100.00,Limited,U,A168865,MINOR,,90.0000,50.8237,2.4401,22.54,8,,8,1,1,,,,
65ecbe20-63e3-4d6c-b382-02faf68b3e22,Thunder Tactical Shooters USPSA Match 9AUG2025,2025-08-09,7,Stage 7 Bay 7 Disposable Heroes,eff1799e-ac58-499d-a62a-10db80a61166,Jay Bennett,47,56.40,14,57.73,Carry Optics,A,A77156,MINOR,Super Senior,51.9564,50.7612,2.4371,25.03,11,,5,1,1,,,,
65ecbe20-63e3-4d6c-b382-02faf68b3e22,Thunder Tactical Shooters USPSA Match 9AUG2025,2025-08-09,7,Stage 7 Bay 7 Disposable Heroes,eff1799e-ac58-499d-a62a-10db80a61166,John Mabute,48,55.94,19,55.94,Limited Optics,U,A169337,MINOR,,50.3425,50.3425,2.4170,27.72,13,,4,,1,,,,
65ecbe20-63e3-4d6c-b382-02faf68b3e22,Thunder Tactical Shooters USPSA Match 9AUG2025,2025-08-09,7,Stage 7 Bay 7 Disposable Heroes,eff1799e-ac58-499d-a62a-10db80a61166,John Ren,49,51.93,15,53.15,Carry Optics,B,A168570,MINOR,,47.8375,46.7371,2.2439,23.62,16,,1,,1,,2,,
65ecbe20-63e3-4d6c-b382-02faf68b3e22,Thunder Tactical Shooters USPSA Match 9AUG2025,2025-08-09,7,Stage 7 Bay 7 Disposable Heroes,eff1799e-ac58-499d-a62a-10db80a61166,Shawn Prosen,50,51.91,16,53.13,Carry Optics,B,A165388,MINOR,,47.8184,46.7184,2.2430,21.40,10,,6,,2,,,,
65ecbe20-63e3-4d6c-b382-02faf68b3e22,Thunder Tactical Shooters USPSA Match 9AUG2025,2025-08-09,7,Stage 7 Bay 7 Disposable Heroes,eff1799e-ac58-499d-a62a-10db80a61166,David Zhang,51,51.40,20,51.40,Limited Optics,B,FY140383,MINOR,,46.2643,46.2643,2.2212,22.51,11,,5,,2,,,,
65ecbe20-63e3-4d6c-b382-02faf68b3e22,Thunder Tactical Shooters USPSA Match 9AUG2025,2025-08-09,7,Stage 7 Bay 7 Disposable Heroes,eff1799e-ac58-499d-a62a-10db80a61166,Bruce Lamb,52,51.21,9,68.93,PCC,U,L-997,MINOR,Super Senior,62.0381,46.0914,2.2129,37.96,15,,3,,,,,,
65ecbe20-63e3-4d6c-b382-02faf68b3e22,Thunder Tactical Shooters USPSA Match 9AUG2025,2025-08-09,7,Stage 7 Bay 7 Disposable Heroes,eff1799e-ac58-499d-a62a-10db80a61166,Marco Yue,53,50.77,21,50.77,Limited Optics,B,L5762,MINOR,,45.6894,45.6894,2.1936,20.97,9,,7,,2,,,,
65ecbe20-63e3-4d6c-b382-02faf68b3e22,Thunder Tactical Shooters USPSA Match 9AUG2025,2025-08-09,7,Stage 7 Bay 7 Disposable Heroes,eff1799e-ac58-499d-a62a-10db80a61166,Seth Dickens,54,50.74,17,51.94,Carry Optics,C,A165855,MINOR,,46.7418,45.6665,2.1925,29.19,11,,6,1,,,1,,
65ecbe20-63e3-4d6c-b382-02faf68b3e22,Thunder Tactical Shooters USPSA Match 9AUG2025,2025-08-09,7,Stage 7 Bay 7 Disposable Heroes,eff1799e-ac58-499d-a62a-10db80a61166,Phillip Thane,55,50.16,18,51.34,Carry Optics,X,1234,MINOR,,46.2024,45.1396,2.1672,29.07,12,,4,1,1,,,,
65ecbe20-63e3-4d6c-b382-02faf68b3e22,Thunder Tactical Shooters USPSA Match 9AUG2025,2025-08-09,7,Stage 7 Bay 7 Disposable Heroes,eff1799e-ac58-499d-a62a-10db80a61166,ian loyd,56,47.65,19,48.77,Carry Optics,U,A148072,MINOR,,43.8957,42.8859,2.0590,35.94,10,,8,,,,,,
65ecbe20-63e3-4d6c-b382-02faf68b3e22,Thunder Tactical Shooters USPSA Match 9AUG2025,2025-08-09,7,Stage 7 Bay 7 Disposable Heroes,eff1799e-ac58-499d-a62a-10db80a61166,Dale Hamm,57,46.48,6,49.84,Open,D,TY97196,MAJOR,Super Senior,44.8559,41.8299,2.0083,31.37,9,,6,2,1,,,,
65ecbe20-63e3-4d6c-b382-02faf68b3e22,Thunder Tactical Shooters USPSA Match 9AUG2025,2025-08-09,7,Stage 7 Bay 7 Disposable Heroes,eff1799e-ac58-499d-a62a-10db80a61166,Ryan Morgan,58,46.33,7,49.69,Open,C,A147606,MINOR,,44.7175,41.7008,2.0021,19.48,12,,3,,3,,,,
65ecbe20-63e3-4d6c-b382-02faf68b3e22,Thunder Tactical Shooters USPSA Match 9AUG2025,2025-08-09,7,Stage 7 Bay 7 Disposable Heroes,eff1799e-ac58-499d-a62a-10db80a61166,james wood,59,44.89,22,44.89,Limited Optics,U,A162399,MINOR,Super Senior,40.4052,40.4052,1.9399,41.24,13,,5,,,,,,
65ecbe20-63e3-4d6c-b382-02faf68b3e22,Thunder Tactical Shooters USPSA Match 9AUG2025,2025-08-09,7,Stage 7 Bay 7 Disposable Heroes,eff1799e-ac58-499d-a62a-10db80a61166,Joseph Wilkie,60,44.82,20,45.87,Carry Optics,U,A166735,MINOR,,41.2841,40.3344,1.9365,33.05,9,,5,4,,,,,
65ecbe20-63e3-4d6c-b382-02faf68b3e22,Thunder Tactical Shooters USPSA Match 9AUG2025,2025-08-09,7,Stage 7 Bay 7 Disposable Heroes,eff1799e-ac58-499d-a62a-10db80a61166,Jay-R delos-Santos,61,41.50,10,55.86,PCC,B,A70297,MINOR,Senior,50.2747,37.3518,1.7933,44.61,13,,5,,,,,,
65ecbe20-63e3-4d6c-b382-02faf68b3e22,Thunder Tactical Shooters USPSA Match 9AUG2025,2025-08-09,7,Stage 7 Bay 7 Disposable Heroes,eff1799e-ac58-499d-a62a-10db80a61166,Todd Liscano,62,40.28,21,41.22,Carry Optics,U,A172140,MINOR,,37.1013,36.2479,1.7403,29.88,12,,4,,2,,,,
65ecbe20-63e3-4d6c-b382-02faf68b3e22,Thunder Tactical Shooters USPSA Match 9AUG2025,2025-08-09,7,Stage 7 Bay 7 Disposable Heroes,eff1799e-ac58-499d-a62a-10db80a61166,Christopher Wilkerson,63,38.01,22,38.90,Carry Optics,U,A161474,MINOR,Law Enforcement,35.0142,34.2087,1.6424,26.79,13,,3,,2,,1,,
65ecbe20-63e3-4d6c-b382-02faf68b3e22,Thunder Tactical Shooters USPSA Match 9AUG2025,2025-08-09,7,Stage 7 Bay 7 Disposable Heroes,eff1799e-ac58-499d-a62a-10db80a61166,Daniel Harder,64,34.07,2,60.33,Limited,X,A171676,MINOR,Junior,54.2965,30.6617,1.4721,28.53,12,,4,,2,,1,,
65ecbe20-63e3-4d6c-b382-02faf68b3e22,Thunder Tactical Shooters USPSA Match 9AUG2025,2025-08-09,7,Stage 7 Bay 7 Disposable Heroes,eff1799e-ac58-499d-a62a-10db80a61166,Yul Kwan,65,33.13,8,35.53,Open,C,A156984,MAJOR,Senior,31.9752,29.8181,1.4316,28.64,11,,4,,3,,,,
65ecbe20-63e3-4d6c-b382-02faf68b3e22,Thunder Tactical Shooters USPSA Match 9AUG2025,2025-08-09,7,Stage 7 Bay 7 Disposable Heroes,eff1799e-ac58-499d-a62a-10db80a61166,Derek Lowrance,66,32.45,23,32.45,Limited Optics,U,A169029,MINOR,,29.2037,29.2037,1.4021,22.11,8,,7,,3,,,,
65ecbe20-63e3-4d6c-b382-02faf68b3e22,Thunder Tactical Shooters USPSA Match 9AUG2025,2025-08-09,7,Stage 7 Bay 7 Disposable Heroes,eff1799e-ac58-499d-a62a-10db80a61166,Charity Taylor,67,31.85,9,34.16,Open,D,104508,MAJOR,Senior,30.7423,28.6684,1.3764,62.48,14,,4,,,,,,
65ecbe20-63e3-4d6c-b382-02faf68b3e22,Thunder Tactical Shooters USPSA Match 9AUG2025,2025-08-09,7,Stage 7 Bay 7 Disposable Heroes,eff1799e-ac58-499d-a62a-10db80a61166,Kenedy Nguyen,68,28.19,10,30.23,Open,B,A83862,MAJOR,,27.2111,25.3754,1.2183,20.52,9,,5,,4,,,,
65ecbe20-63e3-4d6c-b382-02faf68b3e22,Thunder Tactical Shooters USPSA Match 9AUG2025,2025-08-09,7,Stage 7 Bay 7 Disposable Heroes,eff1799e-ac58-499d-a62a-10db80a61166,Sonny Somera,69,22.60,23,23.13,Carry Optics,D,A118611,MINOR,,20.8201,20.3411,0.9766,30.72,8,,6,2,2,,,1,
65ecbe20-63e3-4d6c-b382-02faf68b3e22,Thunder Tactical Shooters USPSA Match 9AUG2025,2025-08-09,7,Stage 7 Bay 7 Disposable Heroes,eff1799e-ac58-499d-a62a-10db80a61166,Ron Plesko,70,21.83,24,22.34,Carry Optics,U,TY138017,MINOR,Super Senior,20.1080,19.6455,0.9432,50.89,10,,6,,2,,,,
65ecbe20-63e3-4d6c-b382-02faf68b3e22,Thunder Tactical Shooters USPSA Match 9AUG2025,2025-08-09,7,Stage 7 Bay 7 Disposable Heroes,eff1799e-ac58-499d-a62a-10db80a61166,Ross Pimentel,71,21.51,25,22.02,Carry Optics,C,A157753,MINOR,Senior,19.8159,19.3601,0.9295,33.35,10,,3,2,3,,,,
65ecbe20-63e3-4d6c-b382-02faf68b3e22,Thunder Tactical Shooters USPSA Match 9AUG2025,2025-08-09,7,Stage 7 Bay 7 Disposable Heroes,eff1799e-ac58-499d-a62a-10db80a61166,Chadrick Smith,72,20.27,26,20.74,Carry Optics,D,A141153,MINOR,,18.6690,18.2395,0.8757,22.84,10,,3,1,4,,,,
65ecbe20-63e3-4d6c-b382-02faf68b3e22,Thunder Tactical Shooters USPSA Match 9AUG2025,2025-08-09,7,Stage 7 Bay 7 Disposable Heroes,eff1799e-ac58-499d-a62a-10db80a61166,Fred Ermac,73,19.43,24,19.43,Limited Optics,U,a106437,MINOR,,17.4855,17.4855,0.8395,30.97,6,,8,2,2,,1,,
65ecbe20-63e3-4d6c-b382-02faf68b3e22,Thunder Tactical Shooters USPSA Match 9AUG2025,2025-08-09,7,Stage 7 Bay 7 Disposable Heroes,eff1799e-ac58-499d-a62a-10db80a61166,Edwin Buchwalter,74,18.34,11,19.67,Open,B,TY102903,MINOR,,17.7029,16.5087,0.7926,30.28,11,,3,,4,,,,
65ecbe20-63e3-4d6c-b382-02faf68b3e22,Thunder Tactical Shooters USPSA Match 9AUG2025,2025-08-09,7,Stage 7 Bay 7 Disposable Heroes,eff1799e-ac58-499d-a62a-10db80a61166,Virak Meas,75,8.57,25,8.57,Limited Optics,U,O,MINOR,Senior,7.7170,7.7170,0.3705,21.59,5,,7,2,4,,,,
65ecbe20-63e3-4d6c-b382-02faf68b3e22,Thunder Tactical Shooters USPSA Match 9AUG2025,2025-08-09,7,Stage 7 Bay 7 Disposable Heroes,eff1799e-ac58-499d-a62a-10db80a61166,Jonathan W.,76,3.77,27,3.85,Carry Optics,U,N/A,MINOR,Senior,3.4686,3.3888,0.1627,36.87,4,,8,2,4,,,,
65ecbe20-63e3-4d6c-b382-02faf68b3e22,Thunder Tactical Shooters USPSA Match 9AUG2025,2025-08-09,7,Stage 7 Bay 7 Disposable Heroes,eff1799e-ac58-499d-a62a-10db80a61166,Keishaun Smith,77,2.40,3,4.25,Limited,U,A153220,MINOR,Junior,3.8248,2.1599,0.1037,28.92,8,,4,1,5,,,,
65ecbe20-63e3-4d6c-b382-02faf68b3e22,Thunder Tactical Shooters USPSA Match 9AUG2025,2025-08-09,7,Stage 7 Bay 7 Disposable Heroes,eff1799e-ac58-499d-a62a-10db80a61166,Justin Wilkie,78,1.44,12,1.55,Open,U,A172037,MINOR,,1.3937,1.2997,0.0624,32.05,6,,7,1,4,,1,,
65ecbe20-63e3-4d6c-b382-02faf68b3e22,Thunder Tactical Shooters USPSA Match 9AUG2025,2025-08-09,7,Stage 7 Bay 7 Disposable Heroes,eff1799e-ac58-499d-a62a-10db80a61166,Rick Ramos,79,0.30,26,0.30,Limited Optics,U,.,MINOR,,0.2729,0.2729,0.0131,76.50,6,,7,,5,,,,
65ecbe20-63e3-4d6c-b382-02faf68b3e22,Thunder Tactical Shooters USPSA Match 9AUG2025,2025-08-09,7,Stage 7 Bay 7 Disposable Heroes,eff1799e-ac58-499d-a62a-10db80a61166,Antonios Panagopoulos,80,0.00,4,0.00,Limited,D,A167580,MINOR,,0.0000,0.0000,,,,,,,,,,,
65ecbe20-63e3-4d6c-b382-02faf68b3e22,Thunder Tactical Shooters USPSA Match 9AUG2025,2025-08-09,7,Stage 7 Bay 7 Disposable Heroes,eff1799e-ac58-499d-a62a-10db80a61166,vox esguerra,81,0.00,27,0.00,Limited Optics,U,A79097,MINOR,,0.0000,0.0000,0.0000,24.62,10,,3,1,4,,2,,
65ecbe20-63e3-4d6c-b382-02faf68b3e22,Thunder Tactical Shooters USPSA Match 9AUG2025,2025-08-09,7,Stage 7 Bay 7 Disposable Heroes,eff1799e-ac58-499d-a62a-10db80a61166,Ernie Morales,82,0.00,28,0.00,Limited Optics,B,A169705,MINOR,,0.0000,0.0000,0.0000,25.33,3,,6,,9,,,,
65ecbe20-63e3-4d6c-b382-02faf68b3e22,Thunder Tactical Shooters USPSA Match 9AUG2025,2025-08-09,7,Stage 7 Bay 7 Disposable Heroes,eff1799e-ac58-499d-a62a-10db80a61166,Henry Pham,83,0.00,28,0.00,Carry Optics,U,A171802,MINOR,,0.0000,0.0000,0.0000,26.25,9,,3,,6,,1,2,
65ecbe20-63e3-4d6c-b382-02faf68b3e22,Thunder Tactical Shooters USPSA Match 9AUG2025,2025-08-09,7,Stage 7 Bay 7 Disposable Heroes,eff1799e-ac58-499d-a62a-10db80a61166,Christian Morales,84,0.00,2,0.00,Production,U,A57907,MINOR,Senior,0.0000,0.0000,0.0000,28.23,5,,3,1,9,,,,
65ecbe20-63e3-4d6c-b382-02faf68b3e22,Thunder Tactical Shooters USPSA Match 9AUG2025,2025-08-09,7,Stage 7 Bay 7 Disposable Heroes,eff1799e-ac58-499d-a62a-10db80a61166,Joseph Giron,85,0.00,29,0.00,Limited Optics,U,A83387,MINOR,Law Enforcement,0.0000,0.0000,0.0000,28.76,9,,4,,5,,1,,
65ecbe20-63e3-4d6c-b382-02faf68b3e22,Thunder Tactical Shooters USPSA Match 9AUG2025,2025-08-09,7,Stage 7 Bay 7 Disposable Heroes,eff1799e-ac58-499d-a62a-10db80a61166,Dean Tamban,86,0.00,5,0.00,Limited,U,.,MINOR,,0.0000,0.0000,0.0000,28.99,5,,5,1,7,,,,
65ecbe20-63e3-4d6c-b382-02faf68b3e22,Thunder Tactical Shooters USPSA Match 9AUG2025,2025-08-09,7,Stage 7 Bay 7 Disposable Heroes,eff1799e-ac58-499d-a62a-10db80a61166,Tristan Smith,87,0.00,29,0.00,Carry Optics,C,A160700,MINOR,,0.0000,0.0000,0.0000,30.32,5,,4,2,7,,,,
