match_id,match_name,match_date,stage_number,stage_name,stage_uuid,shooter_name,shooter_rank_combined,shooter_percent_combined,shooter_rank_division,shooter_percent_division,division,class,member_number,power_factor,categories,stage_points,stage_points_combined,hit_factor,time,A,B,C,D,M,NPM,NS,Proc,Apen
7a5804d8-5d71-4757-ac39-2523e0f12fab,BAPS USPSA March,2018-03-17,1,Red,FD761966-1C94-407D-A3FB-8221C5FD4CE4,Edwin Garcia,1,100.00,1,100.00,PCC,U,,MINOR,,115.0000,115.0000,7.9243,14.26,22,,1,,,,,,
7a5804d8-5d71-4757-ac39-2523e0f12fab,BAPS USPSA March,2018-03-17,1,Red,FD761966-1C94-407D-A3FB-8221C5FD4CE4,August Balagtas,2,99.37,1,100.00,Open,M,L3674,MAJOR,,115.0000,114.2700,7.8740,13.97,20,,2,1,,,,,
7a5804d8-5d71-4757-ac39-2523e0f12fab,BAPS USPSA March,2018-03-17,1,Red,FD761966-1C94-407D-A3FB-8221C5FD4CE4,Henry Moreno,3,96.87,2,97.49,Open,B,XXXXXX,MAJOR,,112.1126,111.4009,7.6763,14.46,19,,4,,,,,,
7a5804d8-5d71-4757-ac39-2523e0f12fab,BAPS USPSA March,2018-03-17,1,Red,FD761966-1C94-407D-A3FB-8221C5FD4CE4,Wade Pruetz,4,96.77,2,96.77,PCC,A,TY79055,MINOR,,111.2877,111.2877,7.6685,12.91,15,,8,,,,,,
7a5804d8-5d71-4757-ac39-2523e0f12fab,BAPS USPSA March,2018-03-17,1,Red,FD761966-1C94-407D-A3FB-8221C5FD4CE4,Jason Brinkley,5,90.26,1,100.00,Limited,M,A61861,MAJOR,,115.0000,103.7936,7.1521,15.52,19,,4,,,,,,
7a5804d8-5d71-4757-ac39-2523e0f12fab,BAPS USPSA March,2018-03-17,1,Red,FD761966-1C94-407D-A3FB-8221C5FD4CE4,Joe Wilson,6,89.74,1,100.00,Production,A,TY88935,MINOR,,115.0000,103.2029,7.1114,15.89,22,,1,,,,,,
7a5804d8-5d71-4757-ac39-2523e0f12fab,BAPS USPSA March,2018-03-17,1,Red,FD761966-1C94-407D-A3FB-8221C5FD4CE4,Tony Phan,7,85.42,3,85.42,PCC,M,FY11963,MINOR,,98.2368,98.2368,6.7692,13.00,16,,6,,1,,,,
7a5804d8-5d71-4757-ac39-2523e0f12fab,BAPS USPSA March,2018-03-17,1,Red,FD761966-1C94-407D-A3FB-8221C5FD4CE4,Gary Wu,8,84.83,2,94.53,Production,C,L2998,MINOR,,108.7062,97.5547,6.7222,15.62,18,,5,,,,,,
7a5804d8-5d71-4757-ac39-2523e0f12fab,BAPS USPSA March,2018-03-17,1,Red,FD761966-1C94-407D-A3FB-8221C5FD4CE4,Jason Sartor,9,81.44,4,81.44,PCC,U,A78681,MINOR,,93.6553,93.6553,6.4535,17.20,21,,2,,,,,,
7a5804d8-5d71-4757-ac39-2523e0f12fab,BAPS USPSA March,2018-03-17,1,Red,FD761966-1C94-407D-A3FB-8221C5FD4CE4,Chris Peterson,10,80.56,3,89.77,Production,,,MINOR,,103.2403,92.6496,6.3842,17.70,22,,1,,,,,,
7a5804d8-5d71-4757-ac39-2523e0f12fab,BAPS USPSA March,2018-03-17,1,Red,FD761966-1C94-407D-A3FB-8221C5FD4CE4,Seth Clagg,11,80.07,5,80.07,PCC,U,A74796,MINOR,,92.0778,92.0778,6.3448,14.50,19,,2,1,1,,,,
7a5804d8-5d71-4757-ac39-2523e0f12fab,BAPS USPSA March,2018-03-17,1,Red,FD761966-1C94-407D-A3FB-8221C5FD4CE4,JoAnna Wilson,12,79.71,4,88.82,Production,B,TY88614,MINOR,Lady,102.1439,91.6656,6.3164,16.94,19,,4,,,,,,
7a5804d8-5d71-4757-ac39-2523e0f12fab,BAPS USPSA March,2018-03-17,1,Red,FD761966-1C94-407D-A3FB-8221C5FD4CE4,Robert Hollier,13,79.45,6,79.45,PCC,C,TY24941,MINOR,Senior,91.3710,91.3710,6.2961,17.63,21,,2,,,,,,
7a5804d8-5d71-4757-ac39-2523e0f12fab,BAPS USPSA March,2018-03-17,1,Red,FD761966-1C94-407D-A3FB-8221C5FD4CE4,Raimon Alfonso,14,79.19,2,87.74,Limited,,PENDING,MAJOR,,100.9034,91.0706,6.2754,17.21,16,,7,,,,,,
7a5804d8-5d71-4757-ac39-2523e0f12fab,BAPS USPSA March,2018-03-17,1,Red,FD761966-1C94-407D-A3FB-8221C5FD4CE4,Kyle Post,15,78.96,7,78.96,PCC,M,A74846,MINOR,,90.8065,90.8065,6.2572,17.42,21,,1,1,,,,,
7a5804d8-5d71-4757-ac39-2523e0f12fab,BAPS USPSA March,2018-03-17,1,Red,FD761966-1C94-407D-A3FB-8221C5FD4CE4,Dave Campell,16,78.74,3,79.24,Open,M,TY26527,MAJOR,,91.1252,90.5467,6.2393,17.47,17,,6,,,,,,
7a5804d8-5d71-4757-ac39-2523e0f12fab,BAPS USPSA March,2018-03-17,1,Red,FD761966-1C94-407D-A3FB-8221C5FD4CE4,James Beshada,17,76.98,5,85.77,Production,A,L4029,MINOR,,98.6412,88.5223,6.0998,16.23,20,,3,,,,1,,
7a5804d8-5d71-4757-ac39-2523e0f12fab,BAPS USPSA March,2018-03-17,1,Red,FD761966-1C94-407D-A3FB-8221C5FD4CE4,Brandon Hill,18,76.92,6,85.71,Production,M,A80518,MINOR,,98.5668,88.4555,6.0952,15.75,20,,2,,1,,,,
7a5804d8-5d71-4757-ac39-2523e0f12fab,BAPS USPSA March,2018-03-17,1,Red,FD761966-1C94-407D-A3FB-8221C5FD4CE4,Gian Ruta,19,76.16,4,76.64,Open,U,PENDING,MAJOR,,88.1399,87.5804,6.0349,18.89,22,,1,,,,,,
7a5804d8-5d71-4757-ac39-2523e0f12fab,BAPS USPSA March,2018-03-17,1,Red,FD761966-1C94-407D-A3FB-8221C5FD4CE4,Alex Goben,20,75.81,1,100.00,Carry Optics,B,A86498,MINOR,,115.0000,87.1813,6.0074,18.81,22,,1,,,,,,
7a5804d8-5d71-4757-ac39-2523e0f12fab,BAPS USPSA March,2018-03-17,1,Red,FD761966-1C94-407D-A3FB-8221C5FD4CE4,Steve Deardorff,21,75.54,1,100.00,Single Stack,B,TY16844,MAJOR,,115.0000,86.8722,5.9861,18.71,20,,3,,,,,,
7a5804d8-5d71-4757-ac39-2523e0f12fab,BAPS USPSA March,2018-03-17,1,Red,FD761966-1C94-407D-A3FB-8221C5FD4CE4,Mark Porretto,22,75.53,7,84.17,Production,M,,MINOR,,96.7928,86.8635,5.9855,16.54,20,,3,,,,1,,
7a5804d8-5d71-4757-ac39-2523e0f12fab,BAPS USPSA March,2018-03-17,1,Red,FD761966-1C94-407D-A3FB-8221C5FD4CE4,Ricky Wiley,23,75.05,8,83.63,Production,U,A91320,MINOR,,96.1767,86.3106,5.9474,19.00,22,,1,,,,,,
7a5804d8-5d71-4757-ac39-2523e0f12fab,BAPS USPSA March,2018-03-17,1,Red,FD761966-1C94-407D-A3FB-8221C5FD4CE4,Jason Bright,24,74.68,9,83.21,Production,U,A93447,MINOR,,95.6932,85.8767,5.9175,18.42,20,,3,,,,,,
7a5804d8-5d71-4757-ac39-2523e0f12fab,BAPS USPSA March,2018-03-17,1,Red,FD761966-1C94-407D-A3FB-8221C5FD4CE4,Kit Hoog,25,74.35,8,74.35,PCC,U,,MINOR,,85.5081,85.5081,5.8921,18.16,19,,4,,,,,,
7a5804d8-5d71-4757-ac39-2523e0f12fab,BAPS USPSA March,2018-03-17,1,Red,FD761966-1C94-407D-A3FB-8221C5FD4CE4,Albert Calderon,26,74.15,5,74.63,Open,B,000000,MAJOR,,85.8206,85.2759,5.8761,18.72,18,,5,,,,,,
7a5804d8-5d71-4757-ac39-2523e0f12fab,BAPS USPSA March,2018-03-17,1,Red,FD761966-1C94-407D-A3FB-8221C5FD4CE4,Doug Dillon,27,72.68,3,80.53,Limited,B,A71359,MINOR,Law Enforcement,92.6113,83.5866,5.7597,18.23,19,,3,1,,,,,
7a5804d8-5d71-4757-ac39-2523e0f12fab,BAPS USPSA March,2018-03-17,1,Red,FD761966-1C94-407D-A3FB-8221C5FD4CE4,Eddie Jimenea,28,72.49,6,72.96,Open,M,A14869,MAJOR,,83.9015,83.3689,5.7447,18.80,18,,4,1,,,,,
7a5804d8-5d71-4757-ac39-2523e0f12fab,BAPS USPSA March,2018-03-17,1,Red,FD761966-1C94-407D-A3FB-8221C5FD4CE4,Gerrit Milks,29,72.32,7,72.79,Open,C,A67608,MAJOR,,83.7029,83.1716,5.7311,18.67,15,,7,,,,,,
7a5804d8-5d71-4757-ac39-2523e0f12fab,BAPS USPSA March,2018-03-17,1,Red,FD761966-1C94-407D-A3FB-8221C5FD4CE4,Mike Junco,30,72.11,10,80.35,Production,,A107182,MINOR,,92.4072,82.9278,5.7143,15.40,17,,4,1,1,,,,
7a5804d8-5d71-4757-ac39-2523e0f12fab,BAPS USPSA March,2018-03-17,1,Red,FD761966-1C94-407D-A3FB-8221C5FD4CE4,Wade Ledbetter,31,72.09,11,80.33,Production,U,,MINOR,,92.3829,82.9060,5.7128,19.78,22,,1,,,,,,
7a5804d8-5d71-4757-ac39-2523e0f12fab,BAPS USPSA March,2018-03-17,1,Red,FD761966-1C94-407D-A3FB-8221C5FD4CE4,Travis Edwards,32,71.69,8,72.15,Open,D,A107004,MAJOR,,82.9741,82.4474,5.6812,19.01,16,,7,,,,,,
7a5804d8-5d71-4757-ac39-2523e0f12fab,BAPS USPSA March,2018-03-17,1,Red,FD761966-1C94-407D-A3FB-8221C5FD4CE4,Dave Eickhoff,33,69.04,9,69.04,PCC,B,TY5063,MINOR,Super Senior,79.3969,79.3969,5.4710,21.02,23,,,,,,,,
7a5804d8-5d71-4757-ac39-2523e0f12fab,BAPS USPSA March,2018-03-17,1,Red,FD761966-1C94-407D-A3FB-8221C5FD4CE4,Roman Gwiscz,34,68.71,9,69.15,Open,B,A55629,MAJOR,,79.5215,79.0167,5.4448,20.57,20,,3,,,,,,
7a5804d8-5d71-4757-ac39-2523e0f12fab,BAPS USPSA March,2018-03-17,1,Red,FD761966-1C94-407D-A3FB-8221C5FD4CE4,John Gossett,35,68.33,10,68.33,PCC,U,,MINOR,,78.5741,78.5741,5.4143,21.24,23,,,,,,,,
7a5804d8-5d71-4757-ac39-2523e0f12fab,BAPS USPSA March,2018-03-17,1,Red,FD761966-1C94-407D-A3FB-8221C5FD4CE4,Derek Rabuck,36,68.19,11,68.19,PCC,C,A91331,MINOR,,78.4231,78.4231,5.4039,18.32,15,,8,,,,,,
7a5804d8-5d71-4757-ac39-2523e0f12fab,BAPS USPSA March,2018-03-17,1,Red,FD761966-1C94-407D-A3FB-8221C5FD4CE4,Nathan Peterson,37,66.77,12,74.40,Production,,,MINOR,Junior,85.5619,76.7847,5.2910,18.90,22,,,,1,,,,
7a5804d8-5d71-4757-ac39-2523e0f12fab,BAPS USPSA March,2018-03-17,1,Red,FD761966-1C94-407D-A3FB-8221C5FD4CE4,David Chow,38,64.68,13,72.07,Production,C,A100573,MINOR,,82.8823,74.3800,5.1253,17.56,17,,5,,1,,,,
7a5804d8-5d71-4757-ac39-2523e0f12fab,BAPS USPSA March,2018-03-17,1,Red,FD761966-1C94-407D-A3FB-8221C5FD4CE4,Robert Bui,39,64.43,14,71.80,Production,C,A103016,MINOR,,82.5670,74.0970,5.1058,21.74,21,,2,,,,,,
7a5804d8-5d71-4757-ac39-2523e0f12fab,BAPS USPSA March,2018-03-17,1,Red,FD761966-1C94-407D-A3FB-8221C5FD4CE4,Deryle Lowery,40,63.75,15,71.04,Production,B,L2881,MINOR,,81.6954,73.3148,5.0519,21.18,19,,4,,,,,,
7a5804d8-5d71-4757-ac39-2523e0f12fab,BAPS USPSA March,2018-03-17,1,Red,FD761966-1C94-407D-A3FB-8221C5FD4CE4,Steven Mcnamara,41,63.54,10,63.95,Open,B,A75212,MAJOR,,73.5378,73.0710,5.0351,17.08,10,,11,1,1,,,,
7a5804d8-5d71-4757-ac39-2523e0f12fab,BAPS USPSA March,2018-03-17,1,Red,FD761966-1C94-407D-A3FB-8221C5FD4CE4,Reynaldo Panelo,42,62.38,4,69.12,Limited,,TY26589,MAJOR,,79.4875,71.7417,4.9435,21.24,15,,4,1,,,,,
7a5804d8-5d71-4757-ac39-2523e0f12fab,BAPS USPSA March,2018-03-17,1,Red,FD761966-1C94-407D-A3FB-8221C5FD4CE4,Matt Lem,43,62.18,2,82.31,Single Stack,A,TY34763,MAJOR,,94.6534,71.5022,4.9270,21.92,18,,4,1,,,,,
7a5804d8-5d71-4757-ac39-2523e0f12fab,BAPS USPSA March,2018-03-17,1,Red,FD761966-1C94-407D-A3FB-8221C5FD4CE4,Marlon Poralan,44,61.87,2,81.61,Carry Optics,D,PEN,MINOR,,93.8469,71.1452,4.9024,21.01,18,,4,1,,,,,
7a5804d8-5d71-4757-ac39-2523e0f12fab,BAPS USPSA March,2018-03-17,1,Red,FD761966-1C94-407D-A3FB-8221C5FD4CE4,Brian Whelihan,45,61.71,11,62.11,Open,A,,MAJOR,Senior,71.4230,70.9696,4.8903,21.88,15,,8,,,,,,
7a5804d8-5d71-4757-ac39-2523e0f12fab,BAPS USPSA March,2018-03-17,1,Red,FD761966-1C94-407D-A3FB-8221C5FD4CE4,Randy Goodney,46,59.14,12,59.52,Open,A,A94852,MAJOR,,68.4509,68.0164,4.6868,22.83,17,,5,1,,,,,
7a5804d8-5d71-4757-ac39-2523e0f12fab,BAPS USPSA March,2018-03-17,1,Red,FD761966-1C94-407D-A3FB-8221C5FD4CE4,Pedro Cordova,47,57.75,5,63.99,Limited,U,PEN,MINOR,,73.5864,66.4156,4.5765,19.01,12,,8,3,,,,,
7a5804d8-5d71-4757-ac39-2523e0f12fab,BAPS USPSA March,2018-03-17,1,Red,FD761966-1C94-407D-A3FB-8221C5FD4CE4,Mark Meyers,48,55.89,3,73.73,Carry Optics,none,P,MINOR,,84.7865,64.2765,4.4291,24.61,20,,3,,,,,,
7a5804d8-5d71-4757-ac39-2523e0f12fab,BAPS USPSA March,2018-03-17,1,Red,FD761966-1C94-407D-A3FB-8221C5FD4CE4,Mike Kahl,49,52.34,16,58.32,Production,B,A70984,MINOR,Senior,67.0669,60.1870,4.1473,21.46,15,,8,,,,1,,
7a5804d8-5d71-4757-ac39-2523e0f12fab,BAPS USPSA March,2018-03-17,1,Red,FD761966-1C94-407D-A3FB-8221C5FD4CE4,Jeff Lamar,50,51.75,6,57.34,Limited,U,PENDING,MINOR,,65.9440,59.5179,4.1012,26.09,19,,4,,,,,,
7a5804d8-5d71-4757-ac39-2523e0f12fab,BAPS USPSA March,2018-03-17,1,Red,FD761966-1C94-407D-A3FB-8221C5FD4CE4,Eman Alcoseba,51,49.10,7,54.40,Limited,C,TY67519,MINOR,,62.5593,56.4631,3.8907,24.16,19,,3,,1,,,,
7a5804d8-5d71-4757-ac39-2523e0f12fab,BAPS USPSA March,2018-03-17,1,Red,FD761966-1C94-407D-A3FB-8221C5FD4CE4,Daniel Arriega,52,47.93,8,53.11,Limited,U,PENDING,MINOR,,61.0752,55.1236,3.7984,26.59,17,,5,1,,,,,
7a5804d8-5d71-4757-ac39-2523e0f12fab,BAPS USPSA March,2018-03-17,1,Red,FD761966-1C94-407D-A3FB-8221C5FD4CE4,Bill Kinstley,53,47.56,9,52.70,Limited,U,A104836,MAJOR,,60.6041,54.6984,3.7691,29.45,19,,4,,,,,,
7a5804d8-5d71-4757-ac39-2523e0f12fab,BAPS USPSA March,2018-03-17,1,Red,FD761966-1C94-407D-A3FB-8221C5FD4CE4,Terry Price,54,47.34,17,52.75,Production,U,A94118,MINOR,,60.6582,54.4357,3.7510,25.86,16,,5,2,,,,,
7a5804d8-5d71-4757-ac39-2523e0f12fab,BAPS USPSA March,2018-03-17,1,Red,FD761966-1C94-407D-A3FB-8221C5FD4CE4,Patrick Sartor,55,46.14,18,51.41,Production,U,PEN,MINOR,,59.1220,53.0571,3.6560,28.72,18,,5,,,,,,
7a5804d8-5d71-4757-ac39-2523e0f12fab,BAPS USPSA March,2018-03-17,1,Red,FD761966-1C94-407D-A3FB-8221C5FD4CE4,Zack Zwicky,56,45.34,10,50.24,Limited,U,,MAJOR,,57.7758,52.1457,3.5932,29.50,18,,3,2,,,,,
7a5804d8-5d71-4757-ac39-2523e0f12fab,BAPS USPSA March,2018-03-17,1,Red,FD761966-1C94-407D-A3FB-8221C5FD4CE4,Chris Whelihan,57,45.33,12,45.33,PCC,U,,MINOR,Junior,52.1268,52.1268,3.5919,26.17,20,,1,1,1,,,,
7a5804d8-5d71-4757-ac39-2523e0f12fab,BAPS USPSA March,2018-03-17,1,Red,FD761966-1C94-407D-A3FB-8221C5FD4CE4,Lawney Morales,58,43.86,11,48.59,Limited,D,TY75143,MINOR,Senior,55.8800,50.4347,3.4753,31.94,21,,2,,,,,,
7a5804d8-5d71-4757-ac39-2523e0f12fab,BAPS USPSA March,2018-03-17,1,Red,FD761966-1C94-407D-A3FB-8221C5FD4CE4,Abelardo Nerida,59,43.57,12,48.27,Limited,U,,MAJOR,,55.5134,50.1038,3.4525,32.44,20,,2,,,,,,
7a5804d8-5d71-4757-ac39-2523e0f12fab,BAPS USPSA March,2018-03-17,1,Red,FD761966-1C94-407D-A3FB-8221C5FD4CE4,Angela Rabuck,60,43.39,13,48.07,Limited,C,A91275,MINOR,Lady,55.2835,49.8963,3.4382,23.85,13,,9,,1,,,,
7a5804d8-5d71-4757-ac39-2523e0f12fab,BAPS USPSA March,2018-03-17,1,Red,FD761966-1C94-407D-A3FB-8221C5FD4CE4,Tom Neal,61,42.82,3,56.68,Single Stack,C,L2362,MAJOR,,65.1835,49.2403,3.3930,31.83,18,,4,1,,,,,
7a5804d8-5d71-4757-ac39-2523e0f12fab,BAPS USPSA March,2018-03-17,1,Red,FD761966-1C94-407D-A3FB-8221C5FD4CE4,Christopher Zak,62,41.90,19,46.69,Production,U,PEN,MINOR,,53.6965,48.1882,3.3205,25.90,16,,5,1,1,,,,
7a5804d8-5d71-4757-ac39-2523e0f12fab,BAPS USPSA March,2018-03-17,1,Red,FD761966-1C94-407D-A3FB-8221C5FD4CE4,JW Aguirre,63,40.48,1,100.00,Revolver,B,A87708,MINOR,,115.0000,46.5468,3.2074,31.49,16,,7,,,,,,
7a5804d8-5d71-4757-ac39-2523e0f12fab,BAPS USPSA March,2018-03-17,1,Red,FD761966-1C94-407D-A3FB-8221C5FD4CE4,Richard Dillow,64,40.20,20,44.80,Production,C,TY57446,MINOR,Senior,51.5183,46.2334,3.1858,29.82,14,,7,1,,,,,
7a5804d8-5d71-4757-ac39-2523e0f12fab,BAPS USPSA March,2018-03-17,1,Red,FD761966-1C94-407D-A3FB-8221C5FD4CE4,Adam Post,65,39.02,4,51.66,Single Stack,C,A83655,MINOR,,59.4086,44.8779,3.0924,28.78,14,,5,4,,,,,
7a5804d8-5d71-4757-ac39-2523e0f12fab,BAPS USPSA March,2018-03-17,1,Red,FD761966-1C94-407D-A3FB-8221C5FD4CE4,Michael Pontious,66,38.52,14,42.68,Limited,C,TY94575,MAJOR,,49.0850,44.3018,3.0527,31.12,17,,5,,1,,,,
7a5804d8-5d71-4757-ac39-2523e0f12fab,BAPS USPSA March,2018-03-17,1,Red,FD761966-1C94-407D-A3FB-8221C5FD4CE4,William Haggerty,67,38.07,5,50.40,Single Stack,,,MAJOR,,57.9543,43.7793,3.0167,33.48,17,,2,4,,,,,
7a5804d8-5d71-4757-ac39-2523e0f12fab,BAPS USPSA March,2018-03-17,1,Red,FD761966-1C94-407D-A3FB-8221C5FD4CE4,Ryan Alicaya,68,37.52,21,41.81,Production,C,A106355,MINOR,,48.0803,43.1480,2.9732,33.97,18,,3,2,,,,,
7a5804d8-5d71-4757-ac39-2523e0f12fab,BAPS USPSA March,2018-03-17,1,Red,FD761966-1C94-407D-A3FB-8221C5FD4CE4,Jon Baguio,69,37.17,4,49.03,Carry Optics,D,PENDING,MINOR,,56.3801,42.7417,2.9452,22.07,14,,4,3,2,,,,
7a5804d8-5d71-4757-ac39-2523e0f12fab,BAPS USPSA March,2018-03-17,1,Red,FD761966-1C94-407D-A3FB-8221C5FD4CE4,James Parker,70,37.02,15,41.01,Limited,U,PEN,MAJOR,,47.1667,42.5704,2.9334,37.84,19,,4,,,,,,
7a5804d8-5d71-4757-ac39-2523e0f12fab,BAPS USPSA March,2018-03-17,1,Red,FD761966-1C94-407D-A3FB-8221C5FD4CE4,Mackenzie Dillon,71,35.12,22,39.13,Production,D,A88307,MINOR,Junior; Lady,44.9996,40.3834,2.7827,39.89,21,,2,,,,,,
7a5804d8-5d71-4757-ac39-2523e0f12fab,BAPS USPSA March,2018-03-17,1,Red,FD761966-1C94-407D-A3FB-8221C5FD4CE4,Ralph Burbe,72,34.30,5,45.25,Carry Optics,U,A83904,MINOR,,52.0347,39.4474,2.7182,34.95,14,,8,1,,,,,
7a5804d8-5d71-4757-ac39-2523e0f12fab,BAPS USPSA March,2018-03-17,1,Red,FD761966-1C94-407D-A3FB-8221C5FD4CE4,Arnold Gee,73,33.99,13,34.20,Open,D,A103519,MAJOR,,39.3328,39.0831,2.6931,39.36,16,,6,1,,,,,
7a5804d8-5d71-4757-ac39-2523e0f12fab,BAPS USPSA March,2018-03-17,1,Red,FD761966-1C94-407D-A3FB-8221C5FD4CE4,Johnnie Priola,74,33.51,16,37.13,Limited,,A109588,MAJOR,,42.7015,38.5404,2.6557,20.71,9,,6,2,3,,,,
7a5804d8-5d71-4757-ac39-2523e0f12fab,BAPS USPSA March,2018-03-17,1,Red,FD761966-1C94-407D-A3FB-8221C5FD4CE4,Tim Fisher,75,32.60,6,43.01,Carry Optics,U,A54932,MINOR,,49.4599,37.4955,2.5837,34.06,21,,1,,1,,1,,
7a5804d8-5d71-4757-ac39-2523e0f12fab,BAPS USPSA March,2018-03-17,1,Red,FD761966-1C94-407D-A3FB-8221C5FD4CE4,Paul Felker,76,31.86,7,42.03,Carry Optics,U,A107123,MINOR,,48.3362,36.6436,2.5250,22.97,15,,4,1,3,,,,
7a5804d8-5d71-4757-ac39-2523e0f12fab,BAPS USPSA March,2018-03-17,1,Red,FD761966-1C94-407D-A3FB-8221C5FD4CE4,Nathan Sh vetzov,77,21.87,23,24.37,Production,U,PEN,MINOR,,28.0280,25.1528,1.7332,60.58,19,,3,1,,,,,
7a5804d8-5d71-4757-ac39-2523e0f12fab,BAPS USPSA March,2018-03-17,1,Red,FD761966-1C94-407D-A3FB-8221C5FD4CE4,Larry Janecka,78,19.81,17,21.94,Limited,U,,MAJOR,,25.2363,22.7771,1.5695,51.61,15,,5,1,1,,1,,
7a5804d8-5d71-4757-ac39-2523e0f12fab,BAPS USPSA March,2018-03-17,1,Red,FD761966-1C94-407D-A3FB-8221C5FD4CE4,Mark East,79,14.09,18,15.61,Limited,D,A87920,MAJOR,,17.9492,16.2001,1.1163,51.06,15,,5,1,2,,2,,
7a5804d8-5d71-4757-ac39-2523e0f12fab,BAPS USPSA March,2018-03-17,1,Red,FD761966-1C94-407D-A3FB-8221C5FD4CE4,Gerrit Milks,80,0.00,13,0.00,PCC,C,A67608,MINOR,,0.0000,0.0000,,,,,,,,,,,
7a5804d8-5d71-4757-ac39-2523e0f12fab,BAPS USPSA March,2018-03-17,1,Red,FD761966-1C94-407D-A3FB-8221C5FD4CE4,Tom Neal,81,0.00,6,0.00,Single Stack,C,L2363,MAJOR,,0.0000,0.0000,,,,,,,,,,,
7a5804d8-5d71-4757-ac39-2523e0f12fab,BAPS USPSA March,2018-03-17,1,Red,FD761966-1C94-407D-A3FB-8221C5FD4CE4,Robin Woods,82,0.00,19,0.00,Limited,B,TY51892,MAJOR,,0.0000,0.0000,,,,,,,,,,,
7a5804d8-5d71-4757-ac39-2523e0f12fab,BAPS USPSA March,2018-03-17,2,Orange,69D9C30D-EF64-4900-A284-6C8156E02A45,Jon Baguio,1,100.00,1,100.00,Carry Optics,D,PENDING,MINOR,,150.0000,150.0000,31.3889,3.60,20,,7,2,1,,,,
7a5804d8-5d71-4757-ac39-2523e0f12fab,BAPS USPSA March,2018-03-17,2,Orange,69D9C30D-EF64-4900-A284-6C8156E02A45,Wade Pruetz,2,24.05,1,100.00,PCC,A,TY79055,MINOR,,150.0000,36.0758,7.5492,18.81,26,,4,,,,,,
7a5804d8-5d71-4757-ac39-2523e0f12fab,BAPS USPSA March,2018-03-17,2,Orange,69D9C30D-EF64-4900-A284-6C8156E02A45,Seth Clagg,3,23.22,2,96.54,PCC,U,A74796,MINOR,,144.8160,34.8290,7.2883,18.66,23,,7,,,,,,
7a5804d8-5d71-4757-ac39-2523e0f12fab,BAPS USPSA March,2018-03-17,2,Orange,69D9C30D-EF64-4900-A284-6C8156E02A45,August Balagtas,4,22.81,1,100.00,Open,M,L3674,MAJOR,,150.0000,34.2202,7.1609,19.83,22,,8,,,,,,
7a5804d8-5d71-4757-ac39-2523e0f12fab,BAPS USPSA March,2018-03-17,2,Orange,69D9C30D-EF64-4900-A284-6C8156E02A45,Tony Phan,5,20.87,3,86.78,PCC,M,FY11963,MINOR,,130.1701,31.3066,6.5512,21.37,25,,5,,,,,,
7a5804d8-5d71-4757-ac39-2523e0f12fab,BAPS USPSA March,2018-03-17,2,Orange,69D9C30D-EF64-4900-A284-6C8156E02A45,Derek Rabuck,6,20.11,4,83.61,PCC,C,A91331,MINOR,,125.4133,30.1626,6.3118,21.23,24,,4,2,,,,,
7a5804d8-5d71-4757-ac39-2523e0f12fab,BAPS USPSA March,2018-03-17,2,Orange,69D9C30D-EF64-4900-A284-6C8156E02A45,Kit Hoog,7,19.68,5,81.82,PCC,U,,MINOR,,122.7349,29.5184,6.1770,23.96,29,,1,,,,,,
7a5804d8-5d71-4757-ac39-2523e0f12fab,BAPS USPSA March,2018-03-17,2,Orange,69D9C30D-EF64-4900-A284-6C8156E02A45,Edwin Garcia,8,19.54,6,81.24,PCC,U,,MINOR,,121.8646,29.3091,6.1332,20.87,20,,9,1,,,,,
7a5804d8-5d71-4757-ac39-2523e0f12fab,BAPS USPSA March,2018-03-17,2,Orange,69D9C30D-EF64-4900-A284-6C8156E02A45,Albert Calderon,9,19.36,2,84.88,Open,B,000000,MAJOR,,127.3185,29.0458,6.0781,22.54,19,,10,1,,,,,
7a5804d8-5d71-4757-ac39-2523e0f12fab,BAPS USPSA March,2018-03-17,2,Orange,69D9C30D-EF64-4900-A284-6C8156E02A45,Roman Gwiscz,10,19.21,3,84.19,Open,B,A55629,MAJOR,,126.2837,28.8097,6.0287,23.72,25,,4,1,,,,,
7a5804d8-5d71-4757-ac39-2523e0f12fab,BAPS USPSA March,2018-03-17,2,Orange,69D9C30D-EF64-4900-A284-6C8156E02A45,Dave Eickhoff,11,18.79,7,78.11,PCC,B,TY5063,MINOR,Super Senior,117.1634,28.1784,5.8966,24.76,28,,2,,,,,,
7a5804d8-5d71-4757-ac39-2523e0f12fab,BAPS USPSA March,2018-03-17,2,Orange,69D9C30D-EF64-4900-A284-6C8156E02A45,Alex Goben,12,18.31,2,18.31,Carry Optics,B,A86498,MINOR,,27.4683,27.4683,5.7480,25.40,28,,2,,,,,,
7a5804d8-5d71-4757-ac39-2523e0f12fab,BAPS USPSA March,2018-03-17,2,Orange,69D9C30D-EF64-4900-A284-6C8156E02A45,Jason Sartor,13,18.30,8,76.08,PCC,U,A78681,MINOR,,114.1134,27.4449,5.7431,25.77,29,,1,,,,,,
7a5804d8-5d71-4757-ac39-2523e0f12fab,BAPS USPSA March,2018-03-17,2,Orange,69D9C30D-EF64-4900-A284-6C8156E02A45,Jason Brinkley,14,17.90,1,100.00,Limited,M,A61861,MAJOR,,150.0000,26.8428,5.6171,25.28,24,,5,1,,,,,
7a5804d8-5d71-4757-ac39-2523e0f12fab,BAPS USPSA March,2018-03-17,2,Orange,69D9C30D-EF64-4900-A284-6C8156E02A45,Matt Lem,15,17.75,1,100.00,Single Stack,A,TY34763,MAJOR,,150.0000,26.6196,5.5704,26.21,26,,4,,,,,,
7a5804d8-5d71-4757-ac39-2523e0f12fab,BAPS USPSA March,2018-03-17,2,Orange,69D9C30D-EF64-4900-A284-6C8156E02A45,Robert Hollier,16,17.68,9,73.50,PCC,C,TY24941,MINOR,Senior,110.2567,26.5173,5.5490,25.59,27,,2,1,,,,,
7a5804d8-5d71-4757-ac39-2523e0f12fab,BAPS USPSA March,2018-03-17,2,Orange,69D9C30D-EF64-4900-A284-6C8156E02A45,Raimon Alfonso,17,17.22,2,96.23,Limited,,PENDING,MAJOR,,144.3467,25.8311,5.4054,26.27,22,,8,,,,,,
7a5804d8-5d71-4757-ac39-2523e0f12fab,BAPS USPSA March,2018-03-17,2,Orange,69D9C30D-EF64-4900-A284-6C8156E02A45,Brian Whelihan,18,17.09,4,74.93,Open,A,,MAJOR,Senior,112.4000,25.6423,5.3659,26.65,23,,7,,,,,,
7a5804d8-5d71-4757-ac39-2523e0f12fab,BAPS USPSA March,2018-03-17,2,Orange,69D9C30D-EF64-4900-A284-6C8156E02A45,Ricky Wiley,19,16.97,1,100.00,Production,U,A91320,MINOR,,150.0000,25.4478,5.3252,26.29,25,,5,,,,,,
7a5804d8-5d71-4757-ac39-2523e0f12fab,BAPS USPSA March,2018-03-17,2,Orange,69D9C30D-EF64-4900-A284-6C8156E02A45,Paul Felker,20,16.82,3,16.82,Carry Optics,U,A107123,MINOR,,25.2304,25.2304,5.2797,25.38,22,,8,,,,,,
7a5804d8-5d71-4757-ac39-2523e0f12fab,BAPS USPSA March,2018-03-17,2,Orange,69D9C30D-EF64-4900-A284-6C8156E02A45,Eddie Jimenea,21,16.73,5,73.32,Open,M,A14869,MAJOR,,109.9785,25.0899,5.2503,24.57,23,,6,,1,,,,
7a5804d8-5d71-4757-ac39-2523e0f12fab,BAPS USPSA March,2018-03-17,2,Orange,69D9C30D-EF64-4900-A284-6C8156E02A45,Gary Wu,22,16.24,2,95.71,Production,C,L2998,MINOR,,143.5693,24.3569,5.0969,23.74,24,,3,2,1,,,,
7a5804d8-5d71-4757-ac39-2523e0f12fab,BAPS USPSA March,2018-03-17,2,Orange,69D9C30D-EF64-4900-A284-6C8156E02A45,Steven Mcnamara,23,16.10,6,70.57,Open,B,A75212,MAJOR,,105.8477,24.1475,5.0531,27.31,20,,9,1,,,,,
7a5804d8-5d71-4757-ac39-2523e0f12fab,BAPS USPSA March,2018-03-17,2,Orange,69D9C30D-EF64-4900-A284-6C8156E02A45,Mark Meyers,24,15.44,4,15.44,Carry Optics,none,P,MINOR,,23.1674,23.1674,4.8480,27.64,22,,8,,,,,,
7a5804d8-5d71-4757-ac39-2523e0f12fab,BAPS USPSA March,2018-03-17,2,Orange,69D9C30D-EF64-4900-A284-6C8156E02A45,Chris Whelihan,25,15.36,10,63.87,PCC,U,,MINOR,Junior,95.8055,23.0417,4.8217,29.45,26,,4,,,,,,
7a5804d8-5d71-4757-ac39-2523e0f12fab,BAPS USPSA March,2018-03-17,2,Orange,69D9C30D-EF64-4900-A284-6C8156E02A45,Dave Campell,26,15.09,7,66.16,Open,M,TY26527,MAJOR,,99.2326,22.6384,4.7373,25.12,17,,10,2,1,,,,
7a5804d8-5d71-4757-ac39-2523e0f12fab,BAPS USPSA March,2018-03-17,2,Orange,69D9C30D-EF64-4900-A284-6C8156E02A45,Randy Goodney,27,14.54,8,63.75,Open,A,A94852,MAJOR,,95.6214,21.8146,4.5649,28.04,22,,7,,1,,,,
7a5804d8-5d71-4757-ac39-2523e0f12fab,BAPS USPSA March,2018-03-17,2,Orange,69D9C30D-EF64-4900-A284-6C8156E02A45,Kyle Post,28,14.08,11,58.53,PCC,M,A74846,MINOR,,87.7941,21.1149,4.4185,23.99,26,,2,,2,,,1,
7a5804d8-5d71-4757-ac39-2523e0f12fab,BAPS USPSA March,2018-03-17,2,Orange,69D9C30D-EF64-4900-A284-6C8156E02A45,Doug Dillon,29,13.87,3,77.48,Limited,B,A71359,MINOR,Law Enforcement,116.2272,20.7991,4.3524,28.26,23,,6,,1,,,,
7a5804d8-5d71-4757-ac39-2523e0f12fab,BAPS USPSA March,2018-03-17,2,Orange,69D9C30D-EF64-4900-A284-6C8156E02A45,Wade Ledbetter,30,13.74,3,80.96,Production,U,,MINOR,,121.4461,20.6036,4.3115,29.92,26,,3,,1,,,,
7a5804d8-5d71-4757-ac39-2523e0f12fab,BAPS USPSA March,2018-03-17,2,Orange,69D9C30D-EF64-4900-A284-6C8156E02A45,John Gossett,31,13.50,12,56.14,PCC,U,,MINOR,,84.2096,20.2529,4.2381,30.91,27,,2,,1,,,,
7a5804d8-5d71-4757-ac39-2523e0f12fab,BAPS USPSA March,2018-03-17,2,Orange,69D9C30D-EF64-4900-A284-6C8156E02A45,Mike Junco,32,13.09,4,77.15,Production,,A107182,MINOR,,115.7196,19.6321,4.1082,30.67,21,,6,3,,,,,
7a5804d8-5d71-4757-ac39-2523e0f12fab,BAPS USPSA March,2018-03-17,2,Orange,69D9C30D-EF64-4900-A284-6C8156E02A45,Chris Peterson,33,12.91,5,76.10,Production,,,MINOR,,114.1478,19.3654,4.0524,33.56,24,,5,1,,,,,
7a5804d8-5d71-4757-ac39-2523e0f12fab,BAPS USPSA March,2018-03-17,2,Orange,69D9C30D-EF64-4900-A284-6C8156E02A45,Gian Ruta,34,12.90,9,56.57,Open,U,PENDING,MAJOR,,84.8483,19.3568,4.0506,30.86,23,,4,2,1,,,,
7a5804d8-5d71-4757-ac39-2523e0f12fab,BAPS USPSA March,2018-03-17,2,Orange,69D9C30D-EF64-4900-A284-6C8156E02A45,Jason Bright,35,12.58,6,74.17,Production,U,A93447,MINOR,,111.2550,18.8747,3.9497,28.61,23,,6,,1,,1,,
7a5804d8-5d71-4757-ac39-2523e0f12fab,BAPS USPSA March,2018-03-17,2,Orange,69D9C30D-EF64-4900-A284-6C8156E02A45,Reynaldo Panelo,36,12.50,4,69.84,Limited,,TY26589,MAJOR,,104.7551,18.7461,3.9228,33.14,26,,2,1,1,,,,
7a5804d8-5d71-4757-ac39-2523e0f12fab,BAPS USPSA March,2018-03-17,2,Orange,69D9C30D-EF64-4900-A284-6C8156E02A45,Angela Rabuck,37,12.11,5,67.66,Limited,C,A91275,MINOR,Lady,101.4865,18.1612,3.8004,30.26,20,,8,1,1,,,,
7a5804d8-5d71-4757-ac39-2523e0f12fab,BAPS USPSA March,2018-03-17,2,Orange,69D9C30D-EF64-4900-A284-6C8156E02A45,Gerrit Milks,38,11.51,10,50.43,Open,C,A67608,MAJOR,,75.6483,17.2580,3.6114,31.29,23,,4,1,2,,,,
7a5804d8-5d71-4757-ac39-2523e0f12fab,BAPS USPSA March,2018-03-17,2,Orange,69D9C30D-EF64-4900-A284-6C8156E02A45,Eman Alcoseba,39,11.50,6,64.25,Limited,C,TY67519,MINOR,,96.3727,17.2461,3.6089,32.42,23,,3,3,1,,,,
7a5804d8-5d71-4757-ac39-2523e0f12fab,BAPS USPSA March,2018-03-17,2,Orange,69D9C30D-EF64-4900-A284-6C8156E02A45,Deryle Lowery,40,11.48,7,67.69,Production,B,L2881,MINOR,,101.5286,17.2246,3.6044,32.46,20,,9,,1,,,,
7a5804d8-5d71-4757-ac39-2523e0f12fab,BAPS USPSA March,2018-03-17,2,Orange,69D9C30D-EF64-4900-A284-6C8156E02A45,Robert Bui,41,10.93,8,64.40,Production,C,A103016,MINOR,,96.6020,16.3888,3.4295,29.45,15,,11,3,1,,,,
7a5804d8-5d71-4757-ac39-2523e0f12fab,BAPS USPSA March,2018-03-17,2,Orange,69D9C30D-EF64-4900-A284-6C8156E02A45,Ryan Alicaya,42,10.66,9,62.83,Production,C,A106355,MINOR,,94.2415,15.9883,3.3457,37.66,20,,8,2,,,,,
7a5804d8-5d71-4757-ac39-2523e0f12fab,BAPS USPSA March,2018-03-17,2,Orange,69D9C30D-EF64-4900-A284-6C8156E02A45,Henry Moreno,43,10.22,11,44.79,Open,B,XXXXXX,MAJOR,,67.1857,15.3274,3.2074,31.49,23,,4,,3,,,,
7a5804d8-5d71-4757-ac39-2523e0f12fab,BAPS USPSA March,2018-03-17,2,Orange,69D9C30D-EF64-4900-A284-6C8156E02A45,Arnold Gee,44,9.80,12,42.96,Open,D,A103519,MAJOR,,64.4437,14.7019,3.0765,37.38,17,,8,4,1,,,,
7a5804d8-5d71-4757-ac39-2523e0f12fab,BAPS USPSA March,2018-03-17,2,Orange,69D9C30D-EF64-4900-A284-6C8156E02A45,Travis Edwards,45,9.21,13,40.39,Open,D,A107004,MAJOR,,60.5832,13.8211,2.8922,43.22,19,,10,,1,,,,
7a5804d8-5d71-4757-ac39-2523e0f12fab,BAPS USPSA March,2018-03-17,2,Orange,69D9C30D-EF64-4900-A284-6C8156E02A45,Michael Pontious,46,9.09,7,50.79,Limited,C,TY94575,MAJOR,,76.1843,13.6333,2.8529,34.00,19,,7,2,2,,1,,
7a5804d8-5d71-4757-ac39-2523e0f12fab,BAPS USPSA March,2018-03-17,2,Orange,69D9C30D-EF64-4900-A284-6C8156E02A45,Mike Kahl,47,8.32,10,49.04,Production,B,A70984,MINOR,Senior,73.5663,12.4807,2.6117,37.14,23,,4,,3,,,,
7a5804d8-5d71-4757-ac39-2523e0f12fab,BAPS USPSA March,2018-03-17,2,Orange,69D9C30D-EF64-4900-A284-6C8156E02A45,Daniel Arriega,48,8.11,8,45.31,Limited,U,PENDING,MINOR,,67.9594,12.1615,2.5449,42.83,22,,6,1,1,,1,,
7a5804d8-5d71-4757-ac39-2523e0f12fab,BAPS USPSA March,2018-03-17,2,Orange,69D9C30D-EF64-4900-A284-6C8156E02A45,Marlon Poralan,49,7.98,5,7.98,Carry Optics,D,PEN,MINOR,,11.9665,11.9665,2.5041,36.34,21,,5,1,3,,,,
7a5804d8-5d71-4757-ac39-2523e0f12fab,BAPS USPSA March,2018-03-17,2,Orange,69D9C30D-EF64-4900-A284-6C8156E02A45,Steve Deardorff,50,7.93,2,44.69,Single Stack,B,TY16844,MAJOR,,67.0374,11.8967,2.4895,52.22,18,,8,4,,,,,
7a5804d8-5d71-4757-ac39-2523e0f12fab,BAPS USPSA March,2018-03-17,2,Orange,69D9C30D-EF64-4900-A284-6C8156E02A45,Jeff Lamar,51,7.90,9,44.12,Limited,U,PENDING,MINOR,,66.1809,11.8432,2.4783,40.35,19,,8,1,2,,,,
7a5804d8-5d71-4757-ac39-2523e0f12fab,BAPS USPSA March,2018-03-17,2,Orange,69D9C30D-EF64-4900-A284-6C8156E02A45,Nathan Peterson,52,7.76,11,45.75,Production,,,MINOR,Junior,68.6284,11.6430,2.4364,45.97,24,,4,,2,,,,
7a5804d8-5d71-4757-ac39-2523e0f12fab,BAPS USPSA March,2018-03-17,2,Orange,69D9C30D-EF64-4900-A284-6C8156E02A45,Abelardo Nerida,53,7.56,10,42.24,Limited,U,,MAJOR,,63.3530,11.3371,2.3724,33.30,19,,5,2,4,,,,
7a5804d8-5d71-4757-ac39-2523e0f12fab,BAPS USPSA March,2018-03-17,2,Orange,69D9C30D-EF64-4900-A284-6C8156E02A45,David Chow,54,7.53,12,44.39,Production,C,A100573,MINOR,,66.5890,11.2970,2.3640,44.84,21,,7,,2,,,,
7a5804d8-5d71-4757-ac39-2523e0f12fab,BAPS USPSA March,2018-03-17,2,Orange,69D9C30D-EF64-4900-A284-6C8156E02A45,Richard Dillow,55,7.06,13,41.60,Production,C,TY57446,MINOR,Senior,62.4033,10.5869,2.2154,52.36,17,,9,4,,,,,
7a5804d8-5d71-4757-ac39-2523e0f12fab,BAPS USPSA March,2018-03-17,2,Orange,69D9C30D-EF64-4900-A284-6C8156E02A45,Christopher Zak,56,6.96,14,41.03,Production,U,PEN,MINOR,,61.5498,10.4421,2.1851,38.90,19,,6,2,3,,,,
7a5804d8-5d71-4757-ac39-2523e0f12fab,BAPS USPSA March,2018-03-17,2,Orange,69D9C30D-EF64-4900-A284-6C8156E02A45,Ralph Burbe,57,6.75,6,6.75,Carry Optics,U,A83904,MINOR,,10.1181,10.1181,2.1173,49.12,16,,10,4,,,1,,
7a5804d8-5d71-4757-ac39-2523e0f12fab,BAPS USPSA March,2018-03-17,2,Orange,69D9C30D-EF64-4900-A284-6C8156E02A45,Terry Price,58,6.49,15,38.27,Production,U,A94118,MINOR,,57.4035,9.7386,2.0379,55.94,25,,3,,2,,,,
7a5804d8-5d71-4757-ac39-2523e0f12fab,BAPS USPSA March,2018-03-17,2,Orange,69D9C30D-EF64-4900-A284-6C8156E02A45,Adam Post,59,6.44,3,36.29,Single Stack,C,A83655,MINOR,,54.4404,9.6612,2.0217,41.55,15,,8,5,2,,,,
7a5804d8-5d71-4757-ac39-2523e0f12fab,BAPS USPSA March,2018-03-17,2,Orange,69D9C30D-EF64-4900-A284-6C8156E02A45,Mackenzie Dillon,60,5.97,16,35.21,Production,D,A88307,MINOR,Junior; Lady,52.8093,8.9592,1.8748,50.14,17,,9,2,2,,,,
7a5804d8-5d71-4757-ac39-2523e0f12fab,BAPS USPSA March,2018-03-17,2,Orange,69D9C30D-EF64-4900-A284-6C8156E02A45,Patrick Sartor,61,5.69,17,33.54,Production,U,PEN,MINOR,,50.3108,8.5353,1.7861,44.23,15,,11,1,3,,,,
7a5804d8-5d71-4757-ac39-2523e0f12fab,BAPS USPSA March,2018-03-17,2,Orange,69D9C30D-EF64-4900-A284-6C8156E02A45,William Haggerty,62,5.55,4,31.29,Single Stack,,,MAJOR,,46.9356,8.3294,1.7430,56.80,23,,3,1,3,,,,
7a5804d8-5d71-4757-ac39-2523e0f12fab,BAPS USPSA March,2018-03-17,2,Orange,69D9C30D-EF64-4900-A284-6C8156E02A45,Tim Fisher,63,5.05,7,5.05,Carry Optics,U,A54932,MINOR,,7.5782,7.5782,1.5858,64.32,19,,9,,2,,,,
7a5804d8-5d71-4757-ac39-2523e0f12fab,BAPS USPSA March,2018-03-17,2,Orange,69D9C30D-EF64-4900-A284-6C8156E02A45,Robin Woods,64,4.81,11,26.87,Limited,B,TY51892,MAJOR,,40.2993,7.2116,1.5091,32.47,15,,7,3,5,,,1,
7a5804d8-5d71-4757-ac39-2523e0f12fab,BAPS USPSA March,2018-03-17,2,Orange,69D9C30D-EF64-4900-A284-6C8156E02A45,James Parker,65,4.62,12,25.84,Limited,U,PEN,MAJOR,,38.7531,6.9349,1.4512,82.00,17,,10,2,1,,,,
7a5804d8-5d71-4757-ac39-2523e0f12fab,BAPS USPSA March,2018-03-17,2,Orange,69D9C30D-EF64-4900-A284-6C8156E02A45,Lawney Morales,66,3.81,13,21.32,Limited,D,TY75143,MINOR,Senior,31.9756,5.7221,1.1974,60.13,11,,10,7,2,,,,
7a5804d8-5d71-4757-ac39-2523e0f12fab,BAPS USPSA March,2018-03-17,2,Orange,69D9C30D-EF64-4900-A284-6C8156E02A45,Zack Zwicky,67,3.45,14,19.27,Limited,U,,MAJOR,,28.9046,5.1725,1.0824,80.38,17,,6,4,3,,,,
7a5804d8-5d71-4757-ac39-2523e0f12fab,BAPS USPSA March,2018-03-17,2,Orange,69D9C30D-EF64-4900-A284-6C8156E02A45,Tom Neal,68,3.30,5,18.59,Single Stack,C,L2362,MAJOR,,27.8840,4.9484,1.0355,58.91,15,,8,2,5,,,,
7a5804d8-5d71-4757-ac39-2523e0f12fab,BAPS USPSA March,2018-03-17,2,Orange,69D9C30D-EF64-4900-A284-6C8156E02A45,Larry Janecka,69,3.01,15,16.84,Limited,U,,MAJOR,,25.2541,4.5193,0.9457,62.39,15,,6,5,4,,1,,
7a5804d8-5d71-4757-ac39-2523e0f12fab,BAPS USPSA March,2018-03-17,2,Orange,69D9C30D-EF64-4900-A284-6C8156E02A45,Bill Kinstley,70,2.78,16,15.55,Limited,U,A104836,MAJOR,,23.3288,4.1747,0.8736,36.63,14,,7,2,7,,,,
7a5804d8-5d71-4757-ac39-2523e0f12fab,BAPS USPSA March,2018-03-17,2,Orange,69D9C30D-EF64-4900-A284-6C8156E02A45,Nathan Sh vetzov,71,2.04,18,12.00,Production,U,PEN,MINOR,,17.9965,3.0531,0.6389,56.35,18,,5,1,6,,1,,
7a5804d8-5d71-4757-ac39-2523e0f12fab,BAPS USPSA March,2018-03-17,2,Orange,69D9C30D-EF64-4900-A284-6C8156E02A45,JW Aguirre,72,0.00,1,0.00,Revolver,B,A87708,MINOR,,0.0000,0.0000,,,,,,,,,,,
7a5804d8-5d71-4757-ac39-2523e0f12fab,BAPS USPSA March,2018-03-17,2,Orange,69D9C30D-EF64-4900-A284-6C8156E02A45,James Beshada,73,0.00,19,0.00,Production,A,L4029,MINOR,,0.0000,0.0000,,,,,,,,,,,
7a5804d8-5d71-4757-ac39-2523e0f12fab,BAPS USPSA March,2018-03-17,2,Orange,69D9C30D-EF64-4900-A284-6C8156E02A45,Brandon Hill,74,0.00,20,0.00,Production,M,A80518,MINOR,,0.0000,0.0000,,,,,,,,,,,
7a5804d8-5d71-4757-ac39-2523e0f12fab,BAPS USPSA March,2018-03-17,2,Orange,69D9C30D-EF64-4900-A284-6C8156E02A45,Gerrit Milks,75,0.00,13,0.00,PCC,C,A67608,MINOR,,0.0000,0.0000,,,,,,,,,,,
7a5804d8-5d71-4757-ac39-2523e0f12fab,BAPS USPSA March,2018-03-17,2,Orange,69D9C30D-EF64-4900-A284-6C8156E02A45,Tom Neal,76,0.00,6,0.00,Single Stack,C,L2363,MAJOR,,0.0000,0.0000,,,,,,,,,,,
7a5804d8-5d71-4757-ac39-2523e0f12fab,BAPS USPSA March,2018-03-17,2,Orange,69D9C30D-EF64-4900-A284-6C8156E02A45,Mark Porretto,77,0.00,21,0.00,Production,M,,MINOR,,0.0000,0.0000,,,,,,,,,,,
7a5804d8-5d71-4757-ac39-2523e0f12fab,BAPS USPSA March,2018-03-17,2,Orange,69D9C30D-EF64-4900-A284-6C8156E02A45,JoAnna Wilson,78,0.00,22,0.00,Production,B,TY88614,MINOR,Lady,0.0000,0.0000,,,,,,,,,,,
7a5804d8-5d71-4757-ac39-2523e0f12fab,BAPS USPSA March,2018-03-17,2,Orange,69D9C30D-EF64-4900-A284-6C8156E02A45,Joe Wilson,79,0.00,23,0.00,Production,A,TY88935,MINOR,,0.0000,0.0000,,,,,,,,,,,
7a5804d8-5d71-4757-ac39-2523e0f12fab,BAPS USPSA March,2018-03-17,2,Orange,69D9C30D-EF64-4900-A284-6C8156E02A45,Johnnie Priola,80,0.00,17,0.00,Limited,,A109588,MAJOR,,0.0000,0.0000,0.0000,56.10,13,,5,2,10,,1,,
7a5804d8-5d71-4757-ac39-2523e0f12fab,BAPS USPSA March,2018-03-17,2,Orange,69D9C30D-EF64-4900-A284-6C8156E02A45,Pedro Cordova,81,0.00,18,0.00,Limited,U,PEN,MINOR,,0.0000,0.0000,0.0000,63.75,9,,8,4,9,,1,2,
7a5804d8-5d71-4757-ac39-2523e0f12fab,BAPS USPSA March,2018-03-17,2,Orange,69D9C30D-EF64-4900-A284-6C8156E02A45,Mark East,82,0.00,19,0.00,Limited,D,A87920,MAJOR,,0.0000,0.0000,0.0000,67.77,7,,9,5,9,,,,
7a5804d8-5d71-4757-ac39-2523e0f12fab,BAPS USPSA March,2018-03-17,3,Yellow,F39B1C7B-C85B-4D83-B825-8CA74A218EA7,Edwin Garcia,1,100.00,1,100.00,PCC,U,,MINOR,,150.0000,150.0000,14.4417,8.24,22,,6,1,1,,,,
7a5804d8-5d71-4757-ac39-2523e0f12fab,BAPS USPSA March,2018-03-17,3,Yellow,F39B1C7B-C85B-4D83-B825-8CA74A218EA7,August Balagtas,2,97.32,1,100.00,Open,M,L3674,MAJOR,,150.0000,145.9845,14.0551,10.53,28,,2,,,,,,
7a5804d8-5d71-4757-ac39-2523e0f12fab,BAPS USPSA March,2018-03-17,3,Yellow,F39B1C7B-C85B-4D83-B825-8CA74A218EA7,Tony Phan,3,94.73,2,94.73,PCC,M,FY11963,MINOR,,142.0906,142.0906,13.6802,10.38,26,,4,,,,,,
7a5804d8-5d71-4757-ac39-2523e0f12fab,BAPS USPSA March,2018-03-17,3,Yellow,F39B1C7B-C85B-4D83-B825-8CA74A218EA7,Roman Gwiscz,4,93.59,2,96.17,Open,B,A55629,MAJOR,,144.2487,140.3872,13.5162,10.21,20,,9,1,,,,,
7a5804d8-5d71-4757-ac39-2523e0f12fab,BAPS USPSA March,2018-03-17,3,Yellow,F39B1C7B-C85B-4D83-B825-8CA74A218EA7,Brian Whelihan,5,89.57,3,92.04,Open,A,,MAJOR,Senior,138.0545,134.3588,12.9358,10.90,23,,6,1,,,,,
7a5804d8-5d71-4757-ac39-2523e0f12fab,BAPS USPSA March,2018-03-17,3,Yellow,F39B1C7B-C85B-4D83-B825-8CA74A218EA7,Kit Hoog,6,83.97,3,83.97,PCC,U,,MINOR,,125.9530,125.9530,12.1265,11.38,24,,6,,,,,,
7a5804d8-5d71-4757-ac39-2523e0f12fab,BAPS USPSA March,2018-03-17,3,Yellow,F39B1C7B-C85B-4D83-B825-8CA74A218EA7,Robert Hollier,7,79.01,4,79.01,PCC,C,TY24941,MINOR,Senior,118.5162,118.5162,11.4105,12.62,27,,3,,,,,,
7a5804d8-5d71-4757-ac39-2523e0f12fab,BAPS USPSA March,2018-03-17,3,Yellow,F39B1C7B-C85B-4D83-B825-8CA74A218EA7,Alex Goben,8,77.48,1,100.00,Carry Optics,B,A86498,MINOR,,150.0000,116.2135,11.1888,12.87,27,,3,,,,,,
7a5804d8-5d71-4757-ac39-2523e0f12fab,BAPS USPSA March,2018-03-17,3,Yellow,F39B1C7B-C85B-4D83-B825-8CA74A218EA7,Derek Rabuck,9,76.04,5,76.04,PCC,C,A91331,MINOR,,114.0624,114.0624,10.9817,12.02,21,,9,,,,,,
7a5804d8-5d71-4757-ac39-2523e0f12fab,BAPS USPSA March,2018-03-17,3,Yellow,F39B1C7B-C85B-4D83-B825-8CA74A218EA7,Michael Pontious,10,74.92,1,100.00,Limited,C,TY94575,MAJOR,,150.0000,112.3746,10.8192,12.94,24,,3,2,,,,,
7a5804d8-5d71-4757-ac39-2523e0f12fab,BAPS USPSA March,2018-03-17,3,Yellow,F39B1C7B-C85B-4D83-B825-8CA74A218EA7,Joe Wilson,11,73.41,1,100.00,Production,A,TY88935,MINOR,,150.0000,110.1155,10.6017,13.96,29,,1,,,,,,
7a5804d8-5d71-4757-ac39-2523e0f12fab,BAPS USPSA March,2018-03-17,3,Yellow,F39B1C7B-C85B-4D83-B825-8CA74A218EA7,Gian Ruta,12,73.39,4,75.41,Open,U,PENDING,MAJOR,,113.1198,110.0916,10.5994,13.68,25,,5,,,,,,
7a5804d8-5d71-4757-ac39-2523e0f12fab,BAPS USPSA March,2018-03-17,3,Yellow,F39B1C7B-C85B-4D83-B825-8CA74A218EA7,Mike Junco,13,72.26,2,98.44,Production,,A107182,MINOR,,147.6556,108.3944,10.4360,13.99,28,,2,,,,,,
7a5804d8-5d71-4757-ac39-2523e0f12fab,BAPS USPSA March,2018-03-17,3,Yellow,F39B1C7B-C85B-4D83-B825-8CA74A218EA7,Reynaldo Panelo,14,71.70,2,95.71,Limited,,TY26589,MAJOR,,143.5642,107.5531,10.3550,13.52,22,,6,1,,,,,
7a5804d8-5d71-4757-ac39-2523e0f12fab,BAPS USPSA March,2018-03-17,3,Yellow,F39B1C7B-C85B-4D83-B825-8CA74A218EA7,Dave Eickhoff,15,70.82,6,70.82,PCC,B,TY5063,MINOR,Super Senior,106.2268,106.2268,10.2273,14.08,27,,3,,,,,,
7a5804d8-5d71-4757-ac39-2523e0f12fab,BAPS USPSA March,2018-03-17,3,Yellow,F39B1C7B-C85B-4D83-B825-8CA74A218EA7,Henry Moreno,16,70.71,5,72.65,Open,B,XXXXXX,MAJOR,,108.9800,106.0627,10.2115,13.71,20,,10,,,,,,
7a5804d8-5d71-4757-ac39-2523e0f12fab,BAPS USPSA March,2018-03-17,3,Yellow,F39B1C7B-C85B-4D83-B825-8CA74A218EA7,Albert Calderon,17,70.48,6,72.42,Open,B,000000,MAJOR,,108.6300,105.7220,10.1787,12.87,15,,13,2,,,,,
7a5804d8-5d71-4757-ac39-2523e0f12fab,BAPS USPSA March,2018-03-17,3,Yellow,F39B1C7B-C85B-4D83-B825-8CA74A218EA7,Jason Sartor,18,70.33,7,70.33,PCC,U,A78681,MINOR,,105.5007,105.5007,10.1574,13.98,27,,2,1,,,,,
7a5804d8-5d71-4757-ac39-2523e0f12fab,BAPS USPSA March,2018-03-17,3,Yellow,F39B1C7B-C85B-4D83-B825-8CA74A218EA7,Wade Pruetz,19,68.87,8,68.87,PCC,A,TY79055,MINOR,,103.3009,103.3009,9.9456,12.87,20,,9,1,,,,,
7a5804d8-5d71-4757-ac39-2523e0f12fab,BAPS USPSA March,2018-03-17,3,Yellow,F39B1C7B-C85B-4D83-B825-8CA74A218EA7,John Gossett,20,67.67,9,67.67,PCC,U,,MINOR,,101.5019,101.5019,9.7724,14.94,28,,2,,,,,,
7a5804d8-5d71-4757-ac39-2523e0f12fab,BAPS USPSA March,2018-03-17,3,Yellow,F39B1C7B-C85B-4D83-B825-8CA74A218EA7,Chris Peterson,21,66.62,3,90.76,Production,,,MINOR,,136.1329,99.9356,9.6216,15.59,30,,,,,,,,
7a5804d8-5d71-4757-ac39-2523e0f12fab,BAPS USPSA March,2018-03-17,3,Yellow,F39B1C7B-C85B-4D83-B825-8CA74A218EA7,Wade Ledbetter,22,66.47,4,90.54,Production,U,,MINOR,,135.8117,99.6998,9.5989,15.21,28,,2,,,,,,
7a5804d8-5d71-4757-ac39-2523e0f12fab,BAPS USPSA March,2018-03-17,3,Yellow,F39B1C7B-C85B-4D83-B825-8CA74A218EA7,Doug Dillon,23,66.18,3,88.33,Limited,B,A71359,MINOR,Law Enforcement,132.4978,99.2626,9.5568,14.44,24,,6,,,,,,
7a5804d8-5d71-4757-ac39-2523e0f12fab,BAPS USPSA March,2018-03-17,3,Yellow,F39B1C7B-C85B-4D83-B825-8CA74A218EA7,Chris Whelihan,24,65.81,10,65.81,PCC,U,,MINOR,Junior,98.7152,98.7152,9.5041,14.52,24,,6,,,,,,
7a5804d8-5d71-4757-ac39-2523e0f12fab,BAPS USPSA March,2018-03-17,3,Yellow,F39B1C7B-C85B-4D83-B825-8CA74A218EA7,Brandon Hill,25,63.99,5,87.16,Production,M,A80518,MINOR,,130.7465,95.9814,9.2409,15.15,25,,5,,,,,,
7a5804d8-5d71-4757-ac39-2523e0f12fab,BAPS USPSA March,2018-03-17,3,Yellow,F39B1C7B-C85B-4D83-B825-8CA74A218EA7,Seth Clagg,26,62.67,11,62.67,PCC,U,A74796,MINOR,,94.0017,94.0017,9.0503,8.95,11,,8,9,1,,,,
7a5804d8-5d71-4757-ac39-2523e0f12fab,BAPS USPSA March,2018-03-17,3,Yellow,F39B1C7B-C85B-4D83-B825-8CA74A218EA7,Steven Mcnamara,27,62.43,7,64.15,Open,B,A75212,MAJOR,,96.2202,93.6444,9.0159,15.75,22,,8,,,,,,
7a5804d8-5d71-4757-ac39-2523e0f12fab,BAPS USPSA March,2018-03-17,3,Yellow,F39B1C7B-C85B-4D83-B825-8CA74A218EA7,Robin Woods,28,62.39,4,83.28,Limited,B,TY51892,MAJOR,,124.9265,93.5904,9.0107,15.87,23,,7,,,,,,
7a5804d8-5d71-4757-ac39-2523e0f12fab,BAPS USPSA March,2018-03-17,3,Yellow,F39B1C7B-C85B-4D83-B825-8CA74A218EA7,Mark Porretto,29,62.13,6,84.63,Production,M,,MINOR,,126.9419,93.1885,8.9720,16.05,27,,3,,,,,,
7a5804d8-5d71-4757-ac39-2523e0f12fab,BAPS USPSA March,2018-03-17,3,Yellow,F39B1C7B-C85B-4D83-B825-8CA74A218EA7,Randy Goodney,30,60.02,8,61.67,Open,A,A94852,MAJOR,,92.4988,90.0226,8.6672,12.23,16,,11,1,2,,,,
7a5804d8-5d71-4757-ac39-2523e0f12fab,BAPS USPSA March,2018-03-17,3,Yellow,F39B1C7B-C85B-4D83-B825-8CA74A218EA7,Mark East,31,59.94,5,80.01,Limited,D,A87920,MAJOR,,120.0130,89.9094,8.6563,15.48,18,,10,2,,,,,
7a5804d8-5d71-4757-ac39-2523e0f12fab,BAPS USPSA March,2018-03-17,3,Yellow,F39B1C7B-C85B-4D83-B825-8CA74A218EA7,Jon Baguio,32,59.66,2,77.01,Carry Optics,D,PENDING,MINOR,,115.5110,89.4929,8.6162,15.32,22,,7,1,,,,,
7a5804d8-5d71-4757-ac39-2523e0f12fab,BAPS USPSA March,2018-03-17,3,Yellow,F39B1C7B-C85B-4D83-B825-8CA74A218EA7,Mike Kahl,33,59.36,7,80.87,Production,B,A70984,MINOR,Senior,121.2980,89.0453,8.5731,17.03,28,,2,,,,,,
7a5804d8-5d71-4757-ac39-2523e0f12fab,BAPS USPSA March,2018-03-17,3,Yellow,F39B1C7B-C85B-4D83-B825-8CA74A218EA7,Jason Bright,34,58.50,8,79.70,Production,U,A93447,MINOR,,119.5436,87.7573,8.4491,17.28,29,,,1,,,,,
7a5804d8-5d71-4757-ac39-2523e0f12fab,BAPS USPSA March,2018-03-17,3,Yellow,F39B1C7B-C85B-4D83-B825-8CA74A218EA7,Matt Lem,35,58.04,1,100.00,Single Stack,A,TY34763,MAJOR,,150.0000,87.0656,8.3825,16.94,22,,8,,,,,,
7a5804d8-5d71-4757-ac39-2523e0f12fab,BAPS USPSA March,2018-03-17,3,Yellow,F39B1C7B-C85B-4D83-B825-8CA74A218EA7,James Beshada,36,57.89,9,78.86,Production,A,L4029,MINOR,,118.2971,86.8423,8.3610,15.07,18,,9,,,,,,
7a5804d8-5d71-4757-ac39-2523e0f12fab,BAPS USPSA March,2018-03-17,3,Yellow,F39B1C7B-C85B-4D83-B825-8CA74A218EA7,Gary Wu,37,56.66,10,77.18,Production,C,L2998,MINOR,,115.7772,84.9924,8.1829,16.62,24,,4,1,,,,,
7a5804d8-5d71-4757-ac39-2523e0f12fab,BAPS USPSA March,2018-03-17,3,Yellow,F39B1C7B-C85B-4D83-B825-8CA74A218EA7,Paul Felker,38,56.07,3,72.37,Carry Optics,U,A107123,MINOR,,108.5532,84.1023,8.0972,12.35,9,,17,4,,,,,
7a5804d8-5d71-4757-ac39-2523e0f12fab,BAPS USPSA March,2018-03-17,3,Yellow,F39B1C7B-C85B-4D83-B825-8CA74A218EA7,Angela Rabuck,39,55.09,6,73.54,Limited,C,A91275,MINOR,Lady,110.3122,82.6419,7.9566,16.59,21,,9,,,,,,
7a5804d8-5d71-4757-ac39-2523e0f12fab,BAPS USPSA March,2018-03-17,3,Yellow,F39B1C7B-C85B-4D83-B825-8CA74A218EA7,Travis Edwards,40,54.87,9,56.38,Open,D,A107004,MAJOR,,84.5704,82.3064,7.9243,16.91,20,,7,3,,,,,
7a5804d8-5d71-4757-ac39-2523e0f12fab,BAPS USPSA March,2018-03-17,3,Yellow,F39B1C7B-C85B-4D83-B825-8CA74A218EA7,Jason Brinkley,41,54.87,7,73.24,Limited,M,A61861,MAJOR,,109.8616,82.3044,7.9241,8.96,17,,7,,4,,,1,
7a5804d8-5d71-4757-ac39-2523e0f12fab,BAPS USPSA March,2018-03-17,3,Yellow,F39B1C7B-C85B-4D83-B825-8CA74A218EA7,Deryle Lowery,42,54.01,11,73.57,Production,B,L2881,MINOR,,110.3512,81.0092,7.7994,17.95,25,,4,,,,,,
7a5804d8-5d71-4757-ac39-2523e0f12fab,BAPS USPSA March,2018-03-17,3,Yellow,F39B1C7B-C85B-4D83-B825-8CA74A218EA7,Jeff Lamar,43,53.59,8,71.53,Limited,U,PENDING,MINOR,,107.2968,80.3828,7.7391,18.09,25,,5,,,,,,
7a5804d8-5d71-4757-ac39-2523e0f12fab,BAPS USPSA March,2018-03-17,3,Yellow,F39B1C7B-C85B-4D83-B825-8CA74A218EA7,Richard Dillow,44,52.20,12,71.11,Production,C,TY57446,MINOR,Senior,106.6669,78.3045,7.5390,18.57,25,,5,,,,,,
7a5804d8-5d71-4757-ac39-2523e0f12fab,BAPS USPSA March,2018-03-17,3,Yellow,F39B1C7B-C85B-4D83-B825-8CA74A218EA7,Christopher Zak,45,50.78,13,69.17,Production,U,PEN,MINOR,,103.7621,76.1721,7.3337,19.09,26,,3,1,,,,,
7a5804d8-5d71-4757-ac39-2523e0f12fab,BAPS USPSA March,2018-03-17,3,Yellow,F39B1C7B-C85B-4D83-B825-8CA74A218EA7,Robert Bui,46,49.46,14,67.38,Production,C,A103016,MINOR,,101.0626,74.1904,7.1429,19.04,23,,7,,,,,,
7a5804d8-5d71-4757-ac39-2523e0f12fab,BAPS USPSA March,2018-03-17,3,Yellow,F39B1C7B-C85B-4D83-B825-8CA74A218EA7,Ricky Wiley,47,49.03,15,66.79,Production,U,A91320,MINOR,,100.1811,73.5433,7.0806,18.36,21,,8,1,,,,,
7a5804d8-5d71-4757-ac39-2523e0f12fab,BAPS USPSA March,2018-03-17,3,Yellow,F39B1C7B-C85B-4D83-B825-8CA74A218EA7,Eddie Jimenea,48,48.91,10,50.26,Open,M,A14869,MAJOR,,75.3826,73.3646,7.0634,17.98,21,,8,,1,,,,
7a5804d8-5d71-4757-ac39-2523e0f12fab,BAPS USPSA March,2018-03-17,3,Yellow,F39B1C7B-C85B-4D83-B825-8CA74A218EA7,Raimon Alfonso,49,48.66,9,64.95,Limited,,PENDING,MAJOR,,97.4323,72.9928,7.0276,19.21,19,,9,2,,,,,
7a5804d8-5d71-4757-ac39-2523e0f12fab,BAPS USPSA March,2018-03-17,3,Yellow,F39B1C7B-C85B-4D83-B825-8CA74A218EA7,JW Aguirre,50,48.50,1,100.00,Revolver,B,A87708,MINOR,,150.0000,72.7508,7.0043,21.13,29,,1,,,,,,
7a5804d8-5d71-4757-ac39-2523e0f12fab,BAPS USPSA March,2018-03-17,3,Yellow,F39B1C7B-C85B-4D83-B825-8CA74A218EA7,James Parker,51,47.77,10,63.76,Limited,U,PEN,MAJOR,,95.6383,71.6488,6.8982,20.73,23,,7,,,,,,
7a5804d8-5d71-4757-ac39-2523e0f12fab,BAPS USPSA March,2018-03-17,3,Yellow,F39B1C7B-C85B-4D83-B825-8CA74A218EA7,Marlon Poralan,52,47.75,4,61.64,Carry Optics,D,PEN,MINOR,,92.4576,71.6321,6.8966,21.17,28,,2,,,,,,
7a5804d8-5d71-4757-ac39-2523e0f12fab,BAPS USPSA March,2018-03-17,3,Yellow,F39B1C7B-C85B-4D83-B825-8CA74A218EA7,Eman Alcoseba,53,46.91,11,62.61,Limited,C,TY67519,MINOR,,93.9219,70.3629,6.7744,16.09,17,,11,1,1,,,,
7a5804d8-5d71-4757-ac39-2523e0f12fab,BAPS USPSA March,2018-03-17,3,Yellow,F39B1C7B-C85B-4D83-B825-8CA74A218EA7,JoAnna Wilson,54,45.20,16,61.57,Production,B,TY88614,MINOR,Lady,92.3569,67.7995,6.5276,18.69,18,,9,2,,,,,
7a5804d8-5d71-4757-ac39-2523e0f12fab,BAPS USPSA March,2018-03-17,3,Yellow,F39B1C7B-C85B-4D83-B825-8CA74A218EA7,Gerrit Milks,55,44.46,11,45.69,Open,C,A67608,MAJOR,,68.5289,66.6944,6.4212,22.27,25,,4,1,,,,,
7a5804d8-5d71-4757-ac39-2523e0f12fab,BAPS USPSA March,2018-03-17,3,Yellow,F39B1C7B-C85B-4D83-B825-8CA74A218EA7,David Chow,56,44.40,17,60.48,Production,C,A100573,MINOR,,90.7241,66.6009,6.4122,19.65,20,,8,2,,,,,
7a5804d8-5d71-4757-ac39-2523e0f12fab,BAPS USPSA March,2018-03-17,3,Yellow,F39B1C7B-C85B-4D83-B825-8CA74A218EA7,Pedro Cordova,57,43.10,12,57.53,Limited,U,PEN,MINOR,,86.2952,64.6492,6.2243,21.85,23,,7,,,,,,
7a5804d8-5d71-4757-ac39-2523e0f12fab,BAPS USPSA March,2018-03-17,3,Yellow,F39B1C7B-C85B-4D83-B825-8CA74A218EA7,Zack Zwicky,58,42.56,13,56.81,Limited,U,,MAJOR,,85.2096,63.8360,6.1460,23.43,24,,6,,,,,,
7a5804d8-5d71-4757-ac39-2523e0f12fab,BAPS USPSA March,2018-03-17,3,Yellow,F39B1C7B-C85B-4D83-B825-8CA74A218EA7,Johnnie Priola,59,42.51,14,56.74,Limited,,A109588,MAJOR,,85.1112,63.7622,6.1389,23.62,25,,4,,,,,,
7a5804d8-5d71-4757-ac39-2523e0f12fab,BAPS USPSA March,2018-03-17,3,Yellow,F39B1C7B-C85B-4D83-B825-8CA74A218EA7,Daniel Arriega,60,42.09,15,56.18,Limited,U,PENDING,MINOR,,84.2724,63.1338,6.0784,20.40,21,,5,4,,,,,
7a5804d8-5d71-4757-ac39-2523e0f12fab,BAPS USPSA March,2018-03-17,3,Yellow,F39B1C7B-C85B-4D83-B825-8CA74A218EA7,Patrick Sartor,61,39.81,18,54.23,Production,U,PEN,MINOR,,81.3450,59.7156,5.7493,21.22,19,,8,3,,,,,
7a5804d8-5d71-4757-ac39-2523e0f12fab,BAPS USPSA March,2018-03-17,3,Yellow,F39B1C7B-C85B-4D83-B825-8CA74A218EA7,Adam Post,62,39.62,2,68.26,Single Stack,C,A83655,MINOR,,102.3829,59.4269,5.7215,23.77,23,,7,,,,,,
7a5804d8-5d71-4757-ac39-2523e0f12fab,BAPS USPSA March,2018-03-17,3,Yellow,F39B1C7B-C85B-4D83-B825-8CA74A218EA7,Bill Kinstley,63,38.53,16,51.43,Limited,U,A104836,MAJOR,,77.1406,57.7910,5.5640,26.42,27,,3,,,,,,
7a5804d8-5d71-4757-ac39-2523e0f12fab,BAPS USPSA March,2018-03-17,3,Yellow,F39B1C7B-C85B-4D83-B825-8CA74A218EA7,Dave Campell,64,36.34,12,37.34,Open,M,TY26527,MAJOR,,56.0039,54.5047,5.2476,27.06,22,,8,,,,,,
7a5804d8-5d71-4757-ac39-2523e0f12fab,BAPS USPSA March,2018-03-17,3,Yellow,F39B1C7B-C85B-4D83-B825-8CA74A218EA7,Nathan Sh vetzov,65,35.96,19,48.99,Production,U,PEN,MINOR,,73.4868,53.9469,5.1939,28.88,30,,,,,,,,
7a5804d8-5d71-4757-ac39-2523e0f12fab,BAPS USPSA March,2018-03-17,3,Yellow,F39B1C7B-C85B-4D83-B825-8CA74A218EA7,Tim Fisher,66,34.98,5,45.15,Carry Optics,U,A54932,MINOR,,67.7231,52.4689,5.0516,28.11,26,,4,,,,,,
7a5804d8-5d71-4757-ac39-2523e0f12fab,BAPS USPSA March,2018-03-17,3,Yellow,F39B1C7B-C85B-4D83-B825-8CA74A218EA7,Abelardo Nerida,67,34.30,17,45.79,Limited,U,,MAJOR,,68.6779,51.4510,4.9536,25.84,22,,7,,1,,,,
7a5804d8-5d71-4757-ac39-2523e0f12fab,BAPS USPSA March,2018-03-17,3,Yellow,F39B1C7B-C85B-4D83-B825-8CA74A218EA7,Ryan Alicaya,68,33.83,20,46.08,Production,C,A106355,MINOR,,69.1163,50.7385,4.8850,28.25,25,,4,1,,,,,
7a5804d8-5d71-4757-ac39-2523e0f12fab,BAPS USPSA March,2018-03-17,3,Yellow,F39B1C7B-C85B-4D83-B825-8CA74A218EA7,Ralph Burbe,69,33.45,6,43.17,Carry Optics,U,A83904,MINOR,,64.7603,50.1735,4.8306,29.81,27,,3,,,,,,
7a5804d8-5d71-4757-ac39-2523e0f12fab,BAPS USPSA March,2018-03-17,3,Yellow,F39B1C7B-C85B-4D83-B825-8CA74A218EA7,Mackenzie Dillon,70,32.68,21,44.52,Production,D,A88307,MINOR,Junior; Lady,66.7803,49.0237,4.7199,31.78,30,,,,,,,,
7a5804d8-5d71-4757-ac39-2523e0f12fab,BAPS USPSA March,2018-03-17,3,Yellow,F39B1C7B-C85B-4D83-B825-8CA74A218EA7,Larry Janecka,71,32.49,18,43.37,Limited,U,,MAJOR,,65.0510,48.7339,4.6920,24.51,13,,13,2,1,,,,
7a5804d8-5d71-4757-ac39-2523e0f12fab,BAPS USPSA March,2018-03-17,3,Yellow,F39B1C7B-C85B-4D83-B825-8CA74A218EA7,Terry Price,72,32.29,22,43.98,Production,U,A94118,MINOR,,65.9753,48.4327,4.6630,31.31,28,,2,,,,,,
7a5804d8-5d71-4757-ac39-2523e0f12fab,BAPS USPSA March,2018-03-17,3,Yellow,F39B1C7B-C85B-4D83-B825-8CA74A218EA7,Tom Neal,73,31.36,3,54.02,Single Stack,C,L2362,MAJOR,,81.0331,47.0346,4.5284,32.02,25,,,,,,,,
7a5804d8-5d71-4757-ac39-2523e0f12fab,BAPS USPSA March,2018-03-17,3,Yellow,F39B1C7B-C85B-4D83-B825-8CA74A218EA7,Arnold Gee,74,25.31,13,26.01,Open,D,A103519,MAJOR,,39.0093,37.9651,3.6552,36.66,18,,10,2,,,,,
7a5804d8-5d71-4757-ac39-2523e0f12fab,BAPS USPSA March,2018-03-17,3,Yellow,F39B1C7B-C85B-4D83-B825-8CA74A218EA7,Steve Deardorff,75,24.32,4,41.90,Single Stack,B,TY16844,MAJOR,,62.8488,36.4798,3.5122,36.16,23,,5,1,1,,,,
7a5804d8-5d71-4757-ac39-2523e0f12fab,BAPS USPSA March,2018-03-17,3,Yellow,F39B1C7B-C85B-4D83-B825-8CA74A218EA7,William Haggerty,76,18.73,5,32.26,Single Stack,,,MAJOR,,48.3919,28.0885,2.7043,34.02,24,,2,,3,,,1,
7a5804d8-5d71-4757-ac39-2523e0f12fab,BAPS USPSA March,2018-03-17,3,Yellow,F39B1C7B-C85B-4D83-B825-8CA74A218EA7,Nathan Peterson,77,18.09,23,24.64,Production,,,MINOR,Junior,36.9578,27.1308,2.6121,51.30,23,,6,1,,,,,
7a5804d8-5d71-4757-ac39-2523e0f12fab,BAPS USPSA March,2018-03-17,3,Yellow,F39B1C7B-C85B-4D83-B825-8CA74A218EA7,Mark Meyers,78,17.04,7,22.00,Carry Optics,none,P,MINOR,,32.9928,25.5614,2.4610,12.19,12,,9,3,6,,,,
7a5804d8-5d71-4757-ac39-2523e0f12fab,BAPS USPSA March,2018-03-17,3,Yellow,F39B1C7B-C85B-4D83-B825-8CA74A218EA7,Kyle Post,79,7.25,12,7.25,PCC,M,A74846,MINOR,,10.8716,10.8716,1.0467,68.79,22,,2,,4,,,1,
7a5804d8-5d71-4757-ac39-2523e0f12fab,BAPS USPSA March,2018-03-17,3,Yellow,F39B1C7B-C85B-4D83-B825-8CA74A218EA7,Gerrit Milks,80,0.00,13,0.00,PCC,C,A67608,MINOR,,0.0000,0.0000,,,,,,,,,,,
7a5804d8-5d71-4757-ac39-2523e0f12fab,BAPS USPSA March,2018-03-17,3,Yellow,F39B1C7B-C85B-4D83-B825-8CA74A218EA7,Tom Neal,81,0.00,6,0.00,Single Stack,C,L2363,MAJOR,,0.0000,0.0000,,,,,,,,,,,
7a5804d8-5d71-4757-ac39-2523e0f12fab,BAPS USPSA March,2018-03-17,3,Yellow,F39B1C7B-C85B-4D83-B825-8CA74A218EA7,Lawney Morales,82,0.00,19,0.00,Limited,D,TY75143,MINOR,Senior,0.0000,0.0000,0.0000,19.39,17,,2,1,10,,,,
7a5804d8-5d71-4757-ac39-2523e0f12fab,BAPS USPSA March,2018-03-17,4,Blue,A30E6D9C-68A4-4348-A305-61BB6B790F5D,Edwin Garcia,1,100.00,1,100.00,PCC,U,,MINOR,,140.0000,140.0000,8.5320,15.94,26,,2,,,,,,
7a5804d8-5d71-4757-ac39-2523e0f12fab,BAPS USPSA March,2018-03-17,4,Blue,A30E6D9C-68A4-4348-A305-61BB6B790F5D,Tony Phan,2,97.44,2,97.44,PCC,M,FY11963,MINOR,,136.4114,136.4114,8.3133,16.60,27,,1,,,,,,
7a5804d8-5d71-4757-ac39-2523e0f12fab,BAPS USPSA March,2018-03-17,4,Blue,A30E6D9C-68A4-4348-A305-61BB6B790F5D,August Balagtas,3,90.21,1,100.00,Open,M,L3674,MAJOR,,140.0000,126.2921,7.6966,17.93,26,,2,,,,,,
7a5804d8-5d71-4757-ac39-2523e0f12fab,BAPS USPSA March,2018-03-17,4,Blue,A30E6D9C-68A4-4348-A305-61BB6B790F5D,Wade Pruetz,4,84.97,3,84.97,PCC,A,TY79055,MINOR,,118.9590,118.9590,7.2497,17.38,21,,7,,,,,,
7a5804d8-5d71-4757-ac39-2523e0f12fab,BAPS USPSA March,2018-03-17,4,Blue,A30E6D9C-68A4-4348-A305-61BB6B790F5D,Jason Brinkley,5,79.44,1,100.00,Limited,M,A61861,MAJOR,,140.0000,111.2173,6.7779,19.77,22,,5,,,,,,
7a5804d8-5d71-4757-ac39-2523e0f12fab,BAPS USPSA March,2018-03-17,4,Blue,A30E6D9C-68A4-4348-A305-61BB6B790F5D,Seth Clagg,6,77.20,4,77.20,PCC,U,A74796,MINOR,,108.0767,108.0767,6.5865,19.13,23,,3,2,,,,,
7a5804d8-5d71-4757-ac39-2523e0f12fab,BAPS USPSA March,2018-03-17,4,Blue,A30E6D9C-68A4-4348-A305-61BB6B790F5D,Roman Gwiscz,7,77.05,2,85.42,Open,B,A55629,MAJOR,,119.5837,107.8748,6.5742,19.47,18,,9,1,,,,,
7a5804d8-5d71-4757-ac39-2523e0f12fab,BAPS USPSA March,2018-03-17,4,Blue,A30E6D9C-68A4-4348-A305-61BB6B790F5D,Brian Whelihan,8,76.20,3,84.47,Open,A,,MAJOR,Senior,118.2522,106.6737,6.5010,20.92,24,,4,,,,,,
7a5804d8-5d71-4757-ac39-2523e0f12fab,BAPS USPSA March,2018-03-17,4,Blue,A30E6D9C-68A4-4348-A305-61BB6B790F5D,Chris Whelihan,9,75.06,5,75.06,PCC,U,,MINOR,Junior,105.0771,105.0771,6.4037,21.55,27,,1,,,,,,
7a5804d8-5d71-4757-ac39-2523e0f12fab,BAPS USPSA March,2018-03-17,4,Blue,A30E6D9C-68A4-4348-A305-61BB6B790F5D,Alex Goben,10,74.36,1,100.00,Carry Optics,B,A86498,MINOR,,140.0000,104.1106,6.3448,21.75,27,,1,,,,,,
7a5804d8-5d71-4757-ac39-2523e0f12fab,BAPS USPSA March,2018-03-17,4,Blue,A30E6D9C-68A4-4348-A305-61BB6B790F5D,Brandon Hill,11,73.42,1,100.00,Production,M,A80518,MINOR,,140.0000,102.7947,6.2646,21.39,25,,3,,,,,,
7a5804d8-5d71-4757-ac39-2523e0f12fab,BAPS USPSA March,2018-03-17,4,Blue,A30E6D9C-68A4-4348-A305-61BB6B790F5D,Dave Eickhoff,12,72.24,6,72.24,PCC,B,TY5063,MINOR,Super Senior,101.1406,101.1406,6.1638,21.74,25,,3,,,,,,
7a5804d8-5d71-4757-ac39-2523e0f12fab,BAPS USPSA March,2018-03-17,4,Blue,A30E6D9C-68A4-4348-A305-61BB6B790F5D,Dave Campell,13,72.11,4,79.94,Open,M,TY26527,MAJOR,,111.9094,100.9519,6.1523,20.48,16,,11,1,,,,,
7a5804d8-5d71-4757-ac39-2523e0f12fab,BAPS USPSA March,2018-03-17,4,Blue,A30E6D9C-68A4-4348-A305-61BB6B790F5D,Chris Peterson,14,71.07,2,96.79,Production,,,MINOR,,135.5014,99.4916,6.0633,22.10,25,,3,,,,,,
7a5804d8-5d71-4757-ac39-2523e0f12fab,BAPS USPSA March,2018-03-17,4,Blue,A30E6D9C-68A4-4348-A305-61BB6B790F5D,Jason Sartor,15,70.94,7,70.94,PCC,U,A78681,MINOR,,99.3127,99.3127,6.0524,22.14,25,,3,,,,,,
7a5804d8-5d71-4757-ac39-2523e0f12fab,BAPS USPSA March,2018-03-17,4,Blue,A30E6D9C-68A4-4348-A305-61BB6B790F5D,Henry Moreno,16,70.91,5,78.60,Open,B,XXXXXX,MAJOR,,110.0450,99.2700,6.0498,22.48,24,,4,,,,,,
7a5804d8-5d71-4757-ac39-2523e0f12fab,BAPS USPSA March,2018-03-17,4,Blue,A30E6D9C-68A4-4348-A305-61BB6B790F5D,Albert Calderon,17,69.25,6,76.77,Open,B,000000,MAJOR,,107.4747,96.9515,5.9085,22.51,23,,4,1,,,,,
7a5804d8-5d71-4757-ac39-2523e0f12fab,BAPS USPSA March,2018-03-17,4,Blue,A30E6D9C-68A4-4348-A305-61BB6B790F5D,Randy Goodney,18,68.98,7,76.47,Open,A,A94852,MAJOR,,107.0545,96.5724,5.8854,19.37,18,,8,1,1,,,,
7a5804d8-5d71-4757-ac39-2523e0f12fab,BAPS USPSA March,2018-03-17,4,Blue,A30E6D9C-68A4-4348-A305-61BB6B790F5D,Kit Hoog,19,67.82,8,67.82,PCC,U,,MINOR,,94.9447,94.9447,5.7862,23.85,27,,1,,,,,,
7a5804d8-5d71-4757-ac39-2523e0f12fab,BAPS USPSA March,2018-03-17,4,Blue,A30E6D9C-68A4-4348-A305-61BB6B790F5D,James Beshada,20,67.07,3,91.34,Production,A,L4029,MINOR,,127.8763,93.8929,5.7221,22.02,21,,7,,,,,,
7a5804d8-5d71-4757-ac39-2523e0f12fab,BAPS USPSA March,2018-03-17,4,Blue,A30E6D9C-68A4-4348-A305-61BB6B790F5D,Jason Bright,21,66.68,4,90.81,Production,U,A93447,MINOR,,127.1344,93.3481,5.6889,22.50,22,,6,,,,,,
7a5804d8-5d71-4757-ac39-2523e0f12fab,BAPS USPSA March,2018-03-17,4,Blue,A30E6D9C-68A4-4348-A305-61BB6B790F5D,Mike Junco,22,65.36,5,89.01,Production,,A107182,MINOR,,124.6202,91.5021,5.5764,24.03,25,,3,,,,,,
7a5804d8-5d71-4757-ac39-2523e0f12fab,BAPS USPSA March,2018-03-17,4,Blue,A30E6D9C-68A4-4348-A305-61BB6B790F5D,Robert Hollier,23,65.22,9,65.22,PCC,C,TY24941,MINOR,Senior,91.3085,91.3085,5.5646,24.44,26,,2,,,,,,
7a5804d8-5d71-4757-ac39-2523e0f12fab,BAPS USPSA March,2018-03-17,4,Blue,A30E6D9C-68A4-4348-A305-61BB6B790F5D,Steve Deardorff,24,64.84,1,100.00,Single Stack,B,TY16844,MAJOR,,140.0000,90.7801,5.5324,24.04,23,,4,1,,,,,
7a5804d8-5d71-4757-ac39-2523e0f12fab,BAPS USPSA March,2018-03-17,4,Blue,A30E6D9C-68A4-4348-A305-61BB6B790F5D,Ricky Wiley,25,64.26,6,87.52,Production,U,A91320,MINOR,,122.5307,89.9679,5.4829,23.71,24,,3,1,,,,,
7a5804d8-5d71-4757-ac39-2523e0f12fab,BAPS USPSA March,2018-03-17,4,Blue,A30E6D9C-68A4-4348-A305-61BB6B790F5D,Wade Ledbetter,26,64.17,7,87.40,Production,U,,MINOR,,122.3587,89.8415,5.4752,25.57,28,,,,,,,,
7a5804d8-5d71-4757-ac39-2523e0f12fab,BAPS USPSA March,2018-03-17,4,Blue,A30E6D9C-68A4-4348-A305-61BB6B790F5D,Joe Wilson,27,63.73,8,86.80,Production,A,TY88935,MINOR,,121.5228,89.2278,5.4378,25.01,26,,2,,,,,,
7a5804d8-5d71-4757-ac39-2523e0f12fab,BAPS USPSA March,2018-03-17,4,Blue,A30E6D9C-68A4-4348-A305-61BB6B790F5D,Gian Ruta,28,62.80,8,69.61,Open,U,PENDING,MAJOR,,97.4594,87.9168,5.3579,22.77,24,,3,,1,,,,
7a5804d8-5d71-4757-ac39-2523e0f12fab,BAPS USPSA March,2018-03-17,4,Blue,A30E6D9C-68A4-4348-A305-61BB6B790F5D,Kyle Post,29,61.86,10,61.86,PCC,M,A74846,MINOR,,86.5975,86.5975,5.2775,25.77,26,,2,,,,,,
7a5804d8-5d71-4757-ac39-2523e0f12fab,BAPS USPSA March,2018-03-17,4,Blue,A30E6D9C-68A4-4348-A305-61BB6B790F5D,Deryle Lowery,30,60.47,9,82.35,Production,B,L2881,MINOR,,115.2900,84.6514,5.1589,26.75,27,,1,,,,,,
7a5804d8-5d71-4757-ac39-2523e0f12fab,BAPS USPSA March,2018-03-17,4,Blue,A30E6D9C-68A4-4348-A305-61BB6B790F5D,JoAnna Wilson,31,60.22,10,82.02,Production,B,TY88614,MINOR,Lady,114.8274,84.3118,5.1382,25.69,25,,2,1,,,,,
7a5804d8-5d71-4757-ac39-2523e0f12fab,BAPS USPSA March,2018-03-17,4,Blue,A30E6D9C-68A4-4348-A305-61BB6B790F5D,Nathan Peterson,32,59.72,11,81.33,Production,,,MINOR,Junior,113.8643,83.6045,5.0951,26.30,25,,3,,,,,,
7a5804d8-5d71-4757-ac39-2523e0f12fab,BAPS USPSA March,2018-03-17,4,Blue,A30E6D9C-68A4-4348-A305-61BB6B790F5D,Eddie Jimenea,33,58.95,9,65.35,Open,M,A14869,MAJOR,,91.4913,82.5331,5.0298,23.46,20,,7,,1,,,,
7a5804d8-5d71-4757-ac39-2523e0f12fab,BAPS USPSA March,2018-03-17,4,Blue,A30E6D9C-68A4-4348-A305-61BB6B790F5D,John Gossett,34,58.69,11,58.69,PCC,U,,MINOR,,82.1622,82.1622,5.0072,27.96,28,,,,,,,,
7a5804d8-5d71-4757-ac39-2523e0f12fab,BAPS USPSA March,2018-03-17,4,Blue,A30E6D9C-68A4-4348-A305-61BB6B790F5D,Mike Kahl,35,57.57,12,78.40,Production,B,A70984,MINOR,Senior,109.7612,80.5919,4.9115,27.69,26,,2,,,,,,
7a5804d8-5d71-4757-ac39-2523e0f12fab,BAPS USPSA March,2018-03-17,4,Blue,A30E6D9C-68A4-4348-A305-61BB6B790F5D,Eman Alcoseba,36,57.28,2,72.10,Limited,C,TY67519,MINOR,,100.9448,80.1915,4.8871,27.01,24,,4,,,,,,
7a5804d8-5d71-4757-ac39-2523e0f12fab,BAPS USPSA March,2018-03-17,4,Blue,A30E6D9C-68A4-4348-A305-61BB6B790F5D,Steven Mcnamara,37,56.79,10,62.95,Open,B,A75212,MAJOR,,88.1335,79.5040,4.8452,27.45,21,,7,,,,,,
7a5804d8-5d71-4757-ac39-2523e0f12fab,BAPS USPSA March,2018-03-17,4,Blue,A30E6D9C-68A4-4348-A305-61BB6B790F5D,JW Aguirre,38,55.56,1,100.00,Revolver,B,A87708,MINOR,,140.0000,77.7843,4.7404,26.58,21,,7,,,,,,
7a5804d8-5d71-4757-ac39-2523e0f12fab,BAPS USPSA March,2018-03-17,4,Blue,A30E6D9C-68A4-4348-A305-61BB6B790F5D,Doug Dillon,39,54.50,3,68.61,Limited,B,A71359,MINOR,Law Enforcement,96.0495,76.3026,4.6501,22.15,17,,9,1,1,,,,
7a5804d8-5d71-4757-ac39-2523e0f12fab,BAPS USPSA March,2018-03-17,4,Blue,A30E6D9C-68A4-4348-A305-61BB6B790F5D,Jon Baguio,40,53.79,2,72.33,Carry Optics,D,PENDING,MINOR,,101.2688,75.3083,4.5895,27.89,22,,6,,,,,,
7a5804d8-5d71-4757-ac39-2523e0f12fab,BAPS USPSA March,2018-03-17,4,Blue,A30E6D9C-68A4-4348-A305-61BB6B790F5D,Raimon Alfonso,41,52.60,4,66.22,Limited,,PENDING,MAJOR,,92.7054,73.6460,4.4882,25.40,20,,5,2,1,,,,
7a5804d8-5d71-4757-ac39-2523e0f12fab,BAPS USPSA March,2018-03-17,4,Blue,A30E6D9C-68A4-4348-A305-61BB6B790F5D,Gerrit Milks,42,51.27,11,56.83,Open,C,A67608,MAJOR,,79.5660,71.7754,4.3742,31.32,25,,2,,,,,,
7a5804d8-5d71-4757-ac39-2523e0f12fab,BAPS USPSA March,2018-03-17,4,Blue,A30E6D9C-68A4-4348-A305-61BB6B790F5D,Gary Wu,43,51.21,13,69.75,Production,C,L2998,MINOR,,97.6442,71.6950,4.3693,28.38,21,,5,1,,,,,
7a5804d8-5d71-4757-ac39-2523e0f12fab,BAPS USPSA March,2018-03-17,4,Blue,A30E6D9C-68A4-4348-A305-61BB6B790F5D,Travis Edwards,44,50.66,12,56.15,Open,D,A107004,MAJOR,,78.6165,70.9189,4.3220,31.93,26,,2,,,,,,
7a5804d8-5d71-4757-ac39-2523e0f12fab,BAPS USPSA March,2018-03-17,4,Blue,A30E6D9C-68A4-4348-A305-61BB6B790F5D,Mark Porretto,45,48.76,14,66.41,Production,M,,MINOR,,92.9691,68.2623,4.1601,31.73,24,,4,,,,,,
7a5804d8-5d71-4757-ac39-2523e0f12fab,BAPS USPSA March,2018-03-17,4,Blue,A30E6D9C-68A4-4348-A305-61BB6B790F5D,Ralph Burbe,46,47.19,3,63.45,Carry Optics,U,A83904,MINOR,,88.8350,66.0619,4.0260,30.80,21,,6,1,,,,,
7a5804d8-5d71-4757-ac39-2523e0f12fab,BAPS USPSA March,2018-03-17,4,Blue,A30E6D9C-68A4-4348-A305-61BB6B790F5D,Robin Woods,47,45.80,5,57.65,Limited,B,TY51892,MAJOR,,80.7129,64.1191,3.9076,33.78,22,,5,1,,,,,
7a5804d8-5d71-4757-ac39-2523e0f12fab,BAPS USPSA March,2018-03-17,4,Blue,A30E6D9C-68A4-4348-A305-61BB6B790F5D,Ryan Alicaya,48,45.65,15,62.17,Production,C,A106355,MINOR,,87.0402,63.9090,3.8948,30.81,18,,10,,,,,,
7a5804d8-5d71-4757-ac39-2523e0f12fab,BAPS USPSA March,2018-03-17,4,Blue,A30E6D9C-68A4-4348-A305-61BB6B790F5D,Bill Kinstley,49,41.94,6,52.80,Limited,U,A104836,MAJOR,,73.9132,58.7173,3.5784,36.05,19,,8,1,,,,,
7a5804d8-5d71-4757-ac39-2523e0f12fab,BAPS USPSA March,2018-03-17,4,Blue,A30E6D9C-68A4-4348-A305-61BB6B790F5D,Arnold Gee,50,41.86,13,46.40,Open,D,A103519,MAJOR,,64.9632,58.6024,3.5714,36.40,20,,7,1,,,,,
7a5804d8-5d71-4757-ac39-2523e0f12fab,BAPS USPSA March,2018-03-17,4,Blue,A30E6D9C-68A4-4348-A305-61BB6B790F5D,Paul Felker,51,41.50,4,55.81,Carry Optics,U,A107123,MINOR,,78.1377,58.1069,3.5412,31.91,22,,4,1,1,,,,
7a5804d8-5d71-4757-ac39-2523e0f12fab,BAPS USPSA March,2018-03-17,4,Blue,A30E6D9C-68A4-4348-A305-61BB6B790F5D,Marlon Poralan,52,41.29,5,55.52,Carry Optics,D,PEN,MINOR,,77.7317,57.8050,3.5228,37.47,24,,4,,,,,,
7a5804d8-5d71-4757-ac39-2523e0f12fab,BAPS USPSA March,2018-03-17,4,Blue,A30E6D9C-68A4-4348-A305-61BB6B790F5D,Michael Pontious,53,38.74,7,48.76,Limited,C,TY94575,MAJOR,,68.2680,54.2328,3.3051,37.82,19,,4,3,,,,,
7a5804d8-5d71-4757-ac39-2523e0f12fab,BAPS USPSA March,2018-03-17,4,Blue,A30E6D9C-68A4-4348-A305-61BB6B790F5D,Richard Dillow,54,38.68,16,52.67,Production,C,TY57446,MINOR,Senior,73.7433,54.1458,3.2998,38.79,23,,4,1,,,,,
7a5804d8-5d71-4757-ac39-2523e0f12fab,BAPS USPSA March,2018-03-17,4,Blue,A30E6D9C-68A4-4348-A305-61BB6B790F5D,Jeff Lamar,55,38.49,8,48.45,Limited,U,PENDING,MINOR,,67.8302,53.8849,3.2839,37.76,22,,4,2,,,,,
7a5804d8-5d71-4757-ac39-2523e0f12fab,BAPS USPSA March,2018-03-17,4,Blue,A30E6D9C-68A4-4348-A305-61BB6B790F5D,Robert Bui,56,38.48,17,52.41,Production,C,A103016,MINOR,,73.3745,53.8751,3.2833,31.98,18,,6,1,1,,,,
7a5804d8-5d71-4757-ac39-2523e0f12fab,BAPS USPSA March,2018-03-17,4,Blue,A30E6D9C-68A4-4348-A305-61BB6B790F5D,Adam Post,57,36.87,2,56.86,Single Stack,C,A83655,MINOR,,79.6034,51.6172,3.1457,40.69,23,,4,1,,,,,
7a5804d8-5d71-4757-ac39-2523e0f12fab,BAPS USPSA March,2018-03-17,4,Blue,A30E6D9C-68A4-4348-A305-61BB6B790F5D,Christopher Zak,58,36.32,18,49.47,Production,U,PEN,MINOR,,69.2513,50.8476,3.0988,39.37,21,,5,2,,,,,
7a5804d8-5d71-4757-ac39-2523e0f12fab,BAPS USPSA March,2018-03-17,4,Blue,A30E6D9C-68A4-4348-A305-61BB6B790F5D,Matt Lem,59,35.49,3,54.72,Single Stack,A,TY34763,MAJOR,,76.6149,49.6793,3.0276,44.26,24,,3,1,,,,,
7a5804d8-5d71-4757-ac39-2523e0f12fab,BAPS USPSA March,2018-03-17,4,Blue,A30E6D9C-68A4-4348-A305-61BB6B790F5D,Patrick Sartor,60,34.74,19,47.31,Production,U,PEN,MINOR,,66.2299,48.6292,2.9636,35.43,19,,5,2,1,,,,
7a5804d8-5d71-4757-ac39-2523e0f12fab,BAPS USPSA March,2018-03-17,4,Blue,A30E6D9C-68A4-4348-A305-61BB6B790F5D,Mark Meyers,61,33.71,6,45.33,Carry Optics,none,P,MINOR,,63.4643,47.1950,2.8762,37.55,15,,10,3,,,,,
7a5804d8-5d71-4757-ac39-2523e0f12fab,BAPS USPSA March,2018-03-17,4,Blue,A30E6D9C-68A4-4348-A305-61BB6B790F5D,Tim Fisher,62,33.58,7,45.15,Carry Optics,U,A54932,MINOR,,63.2149,47.0096,2.8649,48.17,27,,1,,,,,,
7a5804d8-5d71-4757-ac39-2523e0f12fab,BAPS USPSA March,2018-03-17,4,Blue,A30E6D9C-68A4-4348-A305-61BB6B790F5D,Tom Neal,63,32.61,4,50.29,Single Stack,C,L2362,MAJOR,,70.3998,45.6493,2.7820,46.37,21,,4,2,,,,,
7a5804d8-5d71-4757-ac39-2523e0f12fab,BAPS USPSA March,2018-03-17,4,Blue,A30E6D9C-68A4-4348-A305-61BB6B790F5D,Terry Price,64,31.70,20,43.17,Production,U,A94118,MINOR,,60.4374,44.3760,2.7044,48.81,24,,4,,,,,,
7a5804d8-5d71-4757-ac39-2523e0f12fab,BAPS USPSA March,2018-03-17,4,Blue,A30E6D9C-68A4-4348-A305-61BB6B790F5D,David Chow,65,31.11,21,42.37,Production,C,A100573,MINOR,,59.3200,43.5556,2.6544,17.33,10,,11,3,4,,,,
7a5804d8-5d71-4757-ac39-2523e0f12fab,BAPS USPSA March,2018-03-17,4,Blue,A30E6D9C-68A4-4348-A305-61BB6B790F5D,Pedro Cordova,66,30.83,9,38.81,Limited,U,PEN,MINOR,,54.3319,43.1617,2.6304,45.62,19,,8,1,,,,,
7a5804d8-5d71-4757-ac39-2523e0f12fab,BAPS USPSA March,2018-03-17,4,Blue,A30E6D9C-68A4-4348-A305-61BB6B790F5D,Abelardo Nerida,67,30.78,10,38.75,Limited,U,,MAJOR,,54.2472,43.0945,2.6263,49.50,22,,4,2,,,,,
7a5804d8-5d71-4757-ac39-2523e0f12fab,BAPS USPSA March,2018-03-17,4,Blue,A30E6D9C-68A4-4348-A305-61BB6B790F5D,Lawney Morales,68,30.71,11,38.66,Limited,D,TY75143,MINOR,Senior,54.1295,43.0009,2.6206,48.08,22,,5,1,,,,,
7a5804d8-5d71-4757-ac39-2523e0f12fab,BAPS USPSA March,2018-03-17,4,Blue,A30E6D9C-68A4-4348-A305-61BB6B790F5D,William Haggerty,69,30.19,5,46.57,Single Stack,,,MAJOR,,65.1920,42.2724,2.5762,53.18,25,,3,,,,,,
7a5804d8-5d71-4757-ac39-2523e0f12fab,BAPS USPSA March,2018-03-17,4,Blue,A30E6D9C-68A4-4348-A305-61BB6B790F5D,Johnnie Priola,70,29.99,12,37.76,Limited,,A109588,MAJOR,,52.8591,41.9918,2.5591,51.58,22,,5,1,,,,,
7a5804d8-5d71-4757-ac39-2523e0f12fab,BAPS USPSA March,2018-03-17,4,Blue,A30E6D9C-68A4-4348-A305-61BB6B790F5D,Larry Janecka,71,27.94,13,35.17,Limited,U,,MAJOR,,49.2341,39.1120,2.3836,45.31,24,,2,,2,,,,
7a5804d8-5d71-4757-ac39-2523e0f12fab,BAPS USPSA March,2018-03-17,4,Blue,A30E6D9C-68A4-4348-A305-61BB6B790F5D,Reynaldo Panelo,72,27.58,14,34.71,Limited,,TY26589,MAJOR,,48.6000,38.6083,2.3529,25.50,18,,5,,5,,,,
7a5804d8-5d71-4757-ac39-2523e0f12fab,BAPS USPSA March,2018-03-17,4,Blue,A30E6D9C-68A4-4348-A305-61BB6B790F5D,Daniel Arriega,73,26.84,15,33.79,Limited,U,PENDING,MINOR,,47.3090,37.5827,2.2904,51.52,18,,7,1,,,,,
7a5804d8-5d71-4757-ac39-2523e0f12fab,BAPS USPSA March,2018-03-17,4,Blue,A30E6D9C-68A4-4348-A305-61BB6B790F5D,Mackenzie Dillon,74,25.03,22,34.09,Production,D,A88307,MINOR,Junior; Lady,47.7237,35.0410,2.1355,62.75,25,,1,,,,,,
7a5804d8-5d71-4757-ac39-2523e0f12fab,BAPS USPSA March,2018-03-17,4,Blue,A30E6D9C-68A4-4348-A305-61BB6B790F5D,Mark East,75,24.97,16,31.43,Limited,D,A87920,MAJOR,,43.9980,34.9524,2.1301,61.97,22,,4,1,,,,,
7a5804d8-5d71-4757-ac39-2523e0f12fab,BAPS USPSA March,2018-03-17,4,Blue,A30E6D9C-68A4-4348-A305-61BB6B790F5D,James Parker,76,23.47,17,29.54,Limited,U,PEN,MAJOR,,41.3624,32.8586,2.0025,64.42,23,,2,3,,,,,
7a5804d8-5d71-4757-ac39-2523e0f12fab,BAPS USPSA March,2018-03-17,4,Blue,A30E6D9C-68A4-4348-A305-61BB6B790F5D,Nathan Sh vetzov,77,17.32,23,23.59,Production,U,PEN,MINOR,,33.0211,24.2457,1.4776,64.97,20,,4,1,2,,,,
7a5804d8-5d71-4757-ac39-2523e0f12fab,BAPS USPSA March,2018-03-17,4,Blue,A30E6D9C-68A4-4348-A305-61BB6B790F5D,Zack Zwicky,78,13.89,18,17.49,Limited,U,,MAJOR,,24.4869,19.4526,1.1855,43.02,13,,8,2,5,,,,
7a5804d8-5d71-4757-ac39-2523e0f12fab,BAPS USPSA March,2018-03-17,4,Blue,A30E6D9C-68A4-4348-A305-61BB6B790F5D,Gerrit Milks,79,0.00,12,0.00,PCC,C,A67608,MINOR,,0.0000,0.0000,,,,,,,,,,,
7a5804d8-5d71-4757-ac39-2523e0f12fab,BAPS USPSA March,2018-03-17,4,Blue,A30E6D9C-68A4-4348-A305-61BB6B790F5D,Tom Neal,80,0.00,6,0.00,Single Stack,C,L2363,MAJOR,,0.0000,0.0000,,,,,,,,,,,
7a5804d8-5d71-4757-ac39-2523e0f12fab,BAPS USPSA March,2018-03-17,4,Blue,A30E6D9C-68A4-4348-A305-61BB6B790F5D,Angela Rabuck,81,0.00,19,0.00,Limited,C,A91275,MINOR,Lady,0.0000,0.0000,,,,,,,,,,,
7a5804d8-5d71-4757-ac39-2523e0f12fab,BAPS USPSA March,2018-03-17,4,Blue,A30E6D9C-68A4-4348-A305-61BB6B790F5D,Derek Rabuck,82,0.00,13,0.00,PCC,C,A91331,MINOR,,0.0000,0.0000,,,,,,,,,,,
7a5804d8-5d71-4757-ac39-2523e0f12fab,BAPS USPSA March,2018-03-17,5,Green,C94C6159-8BB7-4D30-8123-2E254C69CE88,August Balagtas,1,100.00,1,100.00,Open,M,L3674,MAJOR,,60.0000,60.0000,6.8543,8.17,8,,4,,,,,,
7a5804d8-5d71-4757-ac39-2523e0f12fab,BAPS USPSA March,2018-03-17,5,Green,C94C6159-8BB7-4D30-8123-2E254C69CE88,Randy Goodney,2,91.89,2,91.89,Open,A,A94852,MAJOR,,55.1330,55.1330,6.2983,9.05,11,,,1,,,,,
7a5804d8-5d71-4757-ac39-2523e0f12fab,BAPS USPSA March,2018-03-17,5,Green,C94C6159-8BB7-4D30-8123-2E254C69CE88,Wade Pruetz,3,90.35,1,100.00,PCC,A,TY79055,MINOR,,60.0000,54.2086,6.1927,8.72,9,,3,,,,,,
7a5804d8-5d71-4757-ac39-2523e0f12fab,BAPS USPSA March,2018-03-17,5,Green,C94C6159-8BB7-4D30-8123-2E254C69CE88,Edwin Garcia,4,90.08,2,99.70,PCC,U,,MINOR,,59.8208,54.0467,6.1742,9.07,10,,2,,,,,,
7a5804d8-5d71-4757-ac39-2523e0f12fab,BAPS USPSA March,2018-03-17,5,Green,C94C6159-8BB7-4D30-8123-2E254C69CE88,Brian Whelihan,5,87.25,3,87.25,Open,A,,MAJOR,Senior,52.3476,52.3476,5.9801,9.03,6,,6,,,,,,
7a5804d8-5d71-4757-ac39-2523e0f12fab,BAPS USPSA March,2018-03-17,5,Green,C94C6159-8BB7-4D30-8123-2E254C69CE88,Dave Campell,6,83.28,4,83.28,Open,M,TY26527,MAJOR,,49.9657,49.9657,5.7080,9.11,8,,2,2,,,,,
7a5804d8-5d71-4757-ac39-2523e0f12fab,BAPS USPSA March,2018-03-17,5,Green,C94C6159-8BB7-4D30-8123-2E254C69CE88,Mark Porretto,7,82.74,1,100.00,Production,M,,MINOR,,60.0000,49.6427,5.6711,10.58,12,,,,,,,,
7a5804d8-5d71-4757-ac39-2523e0f12fab,BAPS USPSA March,2018-03-17,5,Green,C94C6159-8BB7-4D30-8123-2E254C69CE88,Brandon Hill,8,79.26,2,95.79,Production,M,A80518,MINOR,,57.4767,47.5550,5.4326,9.94,9,,3,,,,,,
7a5804d8-5d71-4757-ac39-2523e0f12fab,BAPS USPSA March,2018-03-17,5,Green,C94C6159-8BB7-4D30-8123-2E254C69CE88,Gian Ruta,9,78.01,5,78.01,Open,U,PENDING,MAJOR,,46.8065,46.8065,5.3471,10.66,9,,3,,,,,,
7a5804d8-5d71-4757-ac39-2523e0f12fab,BAPS USPSA March,2018-03-17,5,Green,C94C6159-8BB7-4D30-8123-2E254C69CE88,Jason Brinkley,10,77.75,1,100.00,Limited,M,A61861,MAJOR,,60.0000,46.6525,5.3295,10.32,9,,2,1,,,,,
7a5804d8-5d71-4757-ac39-2523e0f12fab,BAPS USPSA March,2018-03-17,5,Green,C94C6159-8BB7-4D30-8123-2E254C69CE88,Derek Rabuck,11,76.56,3,84.74,PCC,C,A91331,MINOR,,50.8450,45.9373,5.2478,10.29,9,,3,,,,,,
7a5804d8-5d71-4757-ac39-2523e0f12fab,BAPS USPSA March,2018-03-17,5,Green,C94C6159-8BB7-4D30-8123-2E254C69CE88,Ricky Wiley,12,75.93,3,91.77,Production,U,A91320,MINOR,,55.0634,45.5583,5.2045,10.76,10,,2,,,,,,
7a5804d8-5d71-4757-ac39-2523e0f12fab,BAPS USPSA March,2018-03-17,5,Green,C94C6159-8BB7-4D30-8123-2E254C69CE88,Alex Goben,13,74.06,1,100.00,Carry Optics,B,A86498,MINOR,,60.0000,44.4343,5.0761,9.85,9,,1,2,,,,,
7a5804d8-5d71-4757-ac39-2523e0f12fab,BAPS USPSA March,2018-03-17,5,Green,C94C6159-8BB7-4D30-8123-2E254C69CE88,Roman Gwiscz,14,72.81,6,72.81,Open,B,A55629,MAJOR,,43.6876,43.6876,4.9908,10.82,8,,3,1,,,,,
7a5804d8-5d71-4757-ac39-2523e0f12fab,BAPS USPSA March,2018-03-17,5,Green,C94C6159-8BB7-4D30-8123-2E254C69CE88,Chris Peterson,15,72.37,4,87.47,Production,,,MINOR,,52.4798,43.4206,4.9603,10.08,8,,3,1,,,,,
7a5804d8-5d71-4757-ac39-2523e0f12fab,BAPS USPSA March,2018-03-17,5,Green,C94C6159-8BB7-4D30-8123-2E254C69CE88,Seth Clagg,16,71.29,4,78.90,PCC,U,A74796,MINOR,,47.3425,42.7729,4.8863,11.87,11,,1,,,,,,
7a5804d8-5d71-4757-ac39-2523e0f12fab,BAPS USPSA March,2018-03-17,5,Green,C94C6159-8BB7-4D30-8123-2E254C69CE88,Jason Bright,17,68.77,5,83.12,Production,U,A93447,MINOR,,49.8718,41.2629,4.7138,11.88,10,,2,,,,,,
7a5804d8-5d71-4757-ac39-2523e0f12fab,BAPS USPSA March,2018-03-17,5,Green,C94C6159-8BB7-4D30-8123-2E254C69CE88,Mark Meyers,18,68.72,2,92.79,Carry Optics,none,P,MINOR,,55.6738,41.2305,4.7101,11.04,10,,,2,,,,,
7a5804d8-5d71-4757-ac39-2523e0f12fab,BAPS USPSA March,2018-03-17,5,Green,C94C6159-8BB7-4D30-8123-2E254C69CE88,Joe Wilson,19,68.43,6,82.70,Production,A,TY88935,MINOR,,49.6211,41.0554,4.6901,11.94,10,,2,,,,,,
7a5804d8-5d71-4757-ac39-2523e0f12fab,BAPS USPSA March,2018-03-17,5,Green,C94C6159-8BB7-4D30-8123-2E254C69CE88,David Chow,20,66.53,7,80.41,Production,C,A100573,MINOR,,48.2478,39.9192,4.5603,12.28,10,,2,,,,,,
7a5804d8-5d71-4757-ac39-2523e0f12fab,BAPS USPSA March,2018-03-17,5,Green,C94C6159-8BB7-4D30-8123-2E254C69CE88,JoAnna Wilson,21,66.37,8,80.22,Production,B,TY88614,MINOR,Lady,48.1314,39.8229,4.5493,11.87,10,,1,1,,,,,
7a5804d8-5d71-4757-ac39-2523e0f12fab,BAPS USPSA March,2018-03-17,5,Green,C94C6159-8BB7-4D30-8123-2E254C69CE88,Tony Phan,22,66.08,5,73.13,PCC,M,FY11963,MINOR,,43.8807,39.6452,4.5290,11.04,12,,,,,,,1,
7a5804d8-5d71-4757-ac39-2523e0f12fab,BAPS USPSA March,2018-03-17,5,Green,C94C6159-8BB7-4D30-8123-2E254C69CE88,Matt Lem,23,65.64,1,100.00,Single Stack,A,TY34763,MAJOR,,60.0000,39.3826,4.4990,9.78,10,,1,,1,,,,
7a5804d8-5d71-4757-ac39-2523e0f12fab,BAPS USPSA March,2018-03-17,5,Green,C94C6159-8BB7-4D30-8123-2E254C69CE88,Henry Moreno,24,65.47,7,65.47,Open,B,XXXXXX,MAJOR,,39.2837,39.2837,4.4877,11.81,7,,4,1,,,,,
7a5804d8-5d71-4757-ac39-2523e0f12fab,BAPS USPSA March,2018-03-17,5,Green,C94C6159-8BB7-4D30-8123-2E254C69CE88,Deryle Lowery,25,63.28,9,76.48,Production,B,L2881,MINOR,,45.8885,37.9671,4.3373,12.45,9,,3,,,,,,
7a5804d8-5d71-4757-ac39-2523e0f12fab,BAPS USPSA March,2018-03-17,5,Green,C94C6159-8BB7-4D30-8123-2E254C69CE88,Wade Ledbetter,26,62.62,10,75.69,Production,U,,MINOR,,45.4145,37.5750,4.2925,12.58,9,,3,,,,,,
7a5804d8-5d71-4757-ac39-2523e0f12fab,BAPS USPSA March,2018-03-17,5,Green,C94C6159-8BB7-4D30-8123-2E254C69CE88,Michael Pontious,27,62.37,2,80.21,Limited,C,TY94575,MAJOR,,48.1272,37.4209,4.2749,11.93,5,,6,1,,,,,
7a5804d8-5d71-4757-ac39-2523e0f12fab,BAPS USPSA March,2018-03-17,5,Green,C94C6159-8BB7-4D30-8123-2E254C69CE88,Eddie Jimenea,28,61.92,8,61.92,Open,M,A14869,MAJOR,,37.1522,37.1522,4.2442,13.43,9,,3,,,,,,
7a5804d8-5d71-4757-ac39-2523e0f12fab,BAPS USPSA March,2018-03-17,5,Green,C94C6159-8BB7-4D30-8123-2E254C69CE88,Doug Dillon,29,59.68,3,76.76,Limited,B,A71359,MINOR,Law Enforcement,46.0557,35.8102,4.0909,13.20,9,,3,,,,,,
7a5804d8-5d71-4757-ac39-2523e0f12fab,BAPS USPSA March,2018-03-17,5,Green,C94C6159-8BB7-4D30-8123-2E254C69CE88,Reynaldo Panelo,30,58.87,4,75.71,Limited,,TY26589,MAJOR,,45.4241,35.3191,4.0348,12.64,5,,6,1,,,,,
7a5804d8-5d71-4757-ac39-2523e0f12fab,BAPS USPSA March,2018-03-17,5,Green,C94C6159-8BB7-4D30-8123-2E254C69CE88,Steve Deardorff,31,58.77,2,89.54,Single Stack,B,TY16844,MAJOR,,53.7239,35.2631,4.0284,12.66,9,,,3,,,,,
7a5804d8-5d71-4757-ac39-2523e0f12fab,BAPS USPSA March,2018-03-17,5,Green,C94C6159-8BB7-4D30-8123-2E254C69CE88,Kit Hoog,32,58.60,6,64.86,PCC,U,,MINOR,,38.9171,35.1607,4.0167,11.95,6,,6,,,,,,
7a5804d8-5d71-4757-ac39-2523e0f12fab,BAPS USPSA March,2018-03-17,5,Green,C94C6159-8BB7-4D30-8123-2E254C69CE88,Gary Wu,33,57.62,11,69.65,Production,C,L2998,MINOR,,41.7877,34.5742,3.9497,11.14,9,,3,,,,1,,
7a5804d8-5d71-4757-ac39-2523e0f12fab,BAPS USPSA March,2018-03-17,5,Green,C94C6159-8BB7-4D30-8123-2E254C69CE88,Nathan Peterson,34,57.31,12,69.26,Production,,,MINOR,Junior,41.5581,34.3843,3.9280,12.22,7,,4,1,,,,,
7a5804d8-5d71-4757-ac39-2523e0f12fab,BAPS USPSA March,2018-03-17,5,Green,C94C6159-8BB7-4D30-8123-2E254C69CE88,Gerrit Milks,35,55.71,9,55.71,Open,C,A67608,MAJOR,,33.4284,33.4284,3.8188,11.26,9,,2,,1,,,,
7a5804d8-5d71-4757-ac39-2523e0f12fab,BAPS USPSA March,2018-03-17,5,Green,C94C6159-8BB7-4D30-8123-2E254C69CE88,Kyle Post,36,55.40,7,61.32,PCC,M,A74846,MINOR,,36.7933,33.2419,3.7975,15.80,12,,,,,,,,
7a5804d8-5d71-4757-ac39-2523e0f12fab,BAPS USPSA March,2018-03-17,5,Green,C94C6159-8BB7-4D30-8123-2E254C69CE88,Albert Calderon,37,54.93,10,54.93,Open,B,000000,MAJOR,,32.9600,32.9600,3.7653,11.42,9,,2,,1,,,,
7a5804d8-5d71-4757-ac39-2523e0f12fab,BAPS USPSA March,2018-03-17,5,Green,C94C6159-8BB7-4D30-8123-2E254C69CE88,Travis Edwards,38,53.65,11,53.65,Open,D,A107004,MAJOR,,32.1906,32.1906,3.6774,15.50,9,,3,,,,,,
7a5804d8-5d71-4757-ac39-2523e0f12fab,BAPS USPSA March,2018-03-17,5,Green,C94C6159-8BB7-4D30-8123-2E254C69CE88,Robin Woods,39,53.44,5,68.73,Limited,B,TY51892,MAJOR,,41.2406,32.0663,3.6632,15.56,9,,3,,,,,,
7a5804d8-5d71-4757-ac39-2523e0f12fab,BAPS USPSA March,2018-03-17,5,Green,C94C6159-8BB7-4D30-8123-2E254C69CE88,Paul Felker,40,52.10,3,70.36,Carry Optics,U,A107123,MINOR,,42.2143,31.2627,3.5714,15.12,10,,1,1,,,,,
7a5804d8-5d71-4757-ac39-2523e0f12fab,BAPS USPSA March,2018-03-17,5,Green,C94C6159-8BB7-4D30-8123-2E254C69CE88,Eman Alcoseba,41,52.04,6,66.92,Limited,C,TY67519,MINOR,,40.1542,31.2216,3.5667,15.14,9,,3,,,,,,
7a5804d8-5d71-4757-ac39-2523e0f12fab,BAPS USPSA March,2018-03-17,5,Green,C94C6159-8BB7-4D30-8123-2E254C69CE88,Abelardo Nerida,42,51.82,7,66.64,Limited,U,,MAJOR,,39.9854,31.0903,3.5517,12.67,7,,5,,,,1,,
7a5804d8-5d71-4757-ac39-2523e0f12fab,BAPS USPSA March,2018-03-17,5,Green,C94C6159-8BB7-4D30-8123-2E254C69CE88,Mike Kahl,43,49.84,13,60.24,Production,B,A70984,MINOR,Senior,36.1454,29.9059,3.4164,14.05,9,,,3,,,,,
7a5804d8-5d71-4757-ac39-2523e0f12fab,BAPS USPSA March,2018-03-17,5,Green,C94C6159-8BB7-4D30-8123-2E254C69CE88,Arnold Gee,44,49.72,12,49.72,Open,D,A103519,MAJOR,,29.8350,29.8350,3.4083,14.67,6,,4,2,,,,,
7a5804d8-5d71-4757-ac39-2523e0f12fab,BAPS USPSA March,2018-03-17,5,Green,C94C6159-8BB7-4D30-8123-2E254C69CE88,John Gossett,45,49.46,8,54.74,PCC,U,,MINOR,,32.8432,29.6731,3.3898,16.52,10,,2,,,,,,
7a5804d8-5d71-4757-ac39-2523e0f12fab,BAPS USPSA March,2018-03-17,5,Green,C94C6159-8BB7-4D30-8123-2E254C69CE88,Robert Hollier,46,49.25,9,54.51,PCC,C,TY24941,MINOR,Senior,32.7046,29.5479,3.3755,14.22,11,,1,,,,1,,
7a5804d8-5d71-4757-ac39-2523e0f12fab,BAPS USPSA March,2018-03-17,5,Green,C94C6159-8BB7-4D30-8123-2E254C69CE88,Jon Baguio,47,49.24,4,66.49,Carry Optics,D,PENDING,MINOR,,39.8916,29.5426,3.3749,13.63,10,,2,,,,1,,
7a5804d8-5d71-4757-ac39-2523e0f12fab,BAPS USPSA March,2018-03-17,5,Green,C94C6159-8BB7-4D30-8123-2E254C69CE88,Patrick Sartor,48,44.78,14,54.12,Production,U,PEN,MINOR,,32.4709,26.8658,3.0691,15.64,7,,4,1,,,,,
7a5804d8-5d71-4757-ac39-2523e0f12fab,BAPS USPSA March,2018-03-17,5,Green,C94C6159-8BB7-4D30-8123-2E254C69CE88,Raimon Alfonso,49,44.70,8,57.49,Limited,,PENDING,MAJOR,,34.4959,26.8220,3.0641,10.77,7,,4,1,,,,2,
7a5804d8-5d71-4757-ac39-2523e0f12fab,BAPS USPSA March,2018-03-17,5,Green,C94C6159-8BB7-4D30-8123-2E254C69CE88,Jason Sartor,50,43.96,10,48.66,PCC,U,A78681,MINOR,,29.1944,26.3764,3.0132,15.93,8,,2,2,,,,,
7a5804d8-5d71-4757-ac39-2523e0f12fab,BAPS USPSA March,2018-03-17,5,Green,C94C6159-8BB7-4D30-8123-2E254C69CE88,Richard Dillow,51,43.75,15,52.88,Production,C,TY57446,MINOR,Senior,31.7261,26.2495,2.9987,15.34,10,,2,,,,1,,
7a5804d8-5d71-4757-ac39-2523e0f12fab,BAPS USPSA March,2018-03-17,5,Green,C94C6159-8BB7-4D30-8123-2E254C69CE88,Robert Bui,52,43.49,16,52.56,Production,C,A103016,MINOR,,31.5346,26.0911,2.9806,13.42,7,,5,,,,,1,
7a5804d8-5d71-4757-ac39-2523e0f12fab,BAPS USPSA March,2018-03-17,5,Green,C94C6159-8BB7-4D30-8123-2E254C69CE88,Tim Fisher,53,42.72,5,57.69,Carry Optics,U,A54932,MINOR,,34.6140,25.6341,2.9284,18.44,9,,3,,,,,,
7a5804d8-5d71-4757-ac39-2523e0f12fab,BAPS USPSA March,2018-03-17,5,Green,C94C6159-8BB7-4D30-8123-2E254C69CE88,Adam Post,54,38.54,3,58.71,Single Stack,C,A83655,MINOR,,35.2278,23.1227,2.6415,13.25,6,,5,,1,,,,
7a5804d8-5d71-4757-ac39-2523e0f12fab,BAPS USPSA March,2018-03-17,5,Green,C94C6159-8BB7-4D30-8123-2E254C69CE88,Mark East,55,38.13,9,49.04,Limited,D,A87920,MAJOR,,29.4241,22.8785,2.6136,16.07,4,,3,5,,,,,
7a5804d8-5d71-4757-ac39-2523e0f12fab,BAPS USPSA March,2018-03-17,5,Green,C94C6159-8BB7-4D30-8123-2E254C69CE88,Ralph Burbe,56,37.97,6,51.27,Carry Optics,U,A83904,MINOR,,30.7630,22.7822,2.6026,19.98,10,,,2,,,,,
7a5804d8-5d71-4757-ac39-2523e0f12fab,BAPS USPSA March,2018-03-17,5,Green,C94C6159-8BB7-4D30-8123-2E254C69CE88,Bill Kinstley,57,37.62,10,48.39,Limited,U,A104836,MAJOR,,29.0324,22.5739,2.5788,17.45,9,,2,1,,,1,,
7a5804d8-5d71-4757-ac39-2523e0f12fab,BAPS USPSA March,2018-03-17,5,Green,C94C6159-8BB7-4D30-8123-2E254C69CE88,JW Aguirre,58,34.95,1,100.00,Revolver,B,A87708,MINOR,,60.0000,20.9711,2.3957,12.94,6,,3,2,1,,,,
7a5804d8-5d71-4757-ac39-2523e0f12fab,BAPS USPSA March,2018-03-17,5,Green,C94C6159-8BB7-4D30-8123-2E254C69CE88,Mike Junco,59,34.18,17,41.31,Production,,A107182,MINOR,,24.7857,20.5071,2.3427,14.94,6,,5,,1,,,,
7a5804d8-5d71-4757-ac39-2523e0f12fab,BAPS USPSA March,2018-03-17,5,Green,C94C6159-8BB7-4D30-8123-2E254C69CE88,Tom Neal,60,32.03,4,48.79,Single Stack,C,L2363,MAJOR,,29.2745,19.2151,2.1951,16.40,4,,6,1,1,,,,
7a5804d8-5d71-4757-ac39-2523e0f12fab,BAPS USPSA March,2018-03-17,5,Green,C94C6159-8BB7-4D30-8123-2E254C69CE88,Terry Price,61,31.02,18,37.50,Production,U,A94118,MINOR,,22.4972,18.6137,2.1264,17.40,7,,4,,1,,,,
7a5804d8-5d71-4757-ac39-2523e0f12fab,BAPS USPSA March,2018-03-17,5,Green,C94C6159-8BB7-4D30-8123-2E254C69CE88,James Beshada,62,30.84,19,37.28,Production,A,L4029,MINOR,,22.3681,18.5069,2.1142,9.46,5,,5,,2,,,,
7a5804d8-5d71-4757-ac39-2523e0f12fab,BAPS USPSA March,2018-03-17,5,Green,C94C6159-8BB7-4D30-8123-2E254C69CE88,Angela Rabuck,63,29.12,11,37.45,Limited,C,A91275,MINOR,Lady,22.4678,17.4696,1.9957,14.03,9,,1,,2,,,,
7a5804d8-5d71-4757-ac39-2523e0f12fab,BAPS USPSA March,2018-03-17,5,Green,C94C6159-8BB7-4D30-8123-2E254C69CE88,Dave Eickhoff,64,28.24,11,31.25,PCC,B,TY5063,MINOR,Super Senior,18.7527,16.9426,1.9355,15.50,10,,,,2,,,,
7a5804d8-5d71-4757-ac39-2523e0f12fab,BAPS USPSA March,2018-03-17,5,Green,C94C6159-8BB7-4D30-8123-2E254C69CE88,Steven Mcnamara,65,24.36,13,24.36,Open,B,A75212,MAJOR,,14.6177,14.6177,1.6699,10.18,7,,3,,2,,1,,
7a5804d8-5d71-4757-ac39-2523e0f12fab,BAPS USPSA March,2018-03-17,5,Green,C94C6159-8BB7-4D30-8123-2E254C69CE88,Mackenzie Dillon,66,23.81,20,28.77,Production,D,A88307,MINOR,Junior; Lady,17.2633,14.2833,1.6317,21.45,7,,3,1,1,,,,
7a5804d8-5d71-4757-ac39-2523e0f12fab,BAPS USPSA March,2018-03-17,5,Green,C94C6159-8BB7-4D30-8123-2E254C69CE88,Jeff Lamar,67,20.79,12,26.74,Limited,U,PENDING,MINOR,,16.0417,12.4730,1.4249,15.44,6,,4,,2,,,,
7a5804d8-5d71-4757-ac39-2523e0f12fab,BAPS USPSA March,2018-03-17,5,Green,C94C6159-8BB7-4D30-8123-2E254C69CE88,Marlon Poralan,68,20.71,7,27.97,Carry Optics,D,PEN,MINOR,,16.7798,12.4267,1.4196,17.61,4,,4,3,1,,,,
7a5804d8-5d71-4757-ac39-2523e0f12fab,BAPS USPSA March,2018-03-17,5,Green,C94C6159-8BB7-4D30-8123-2E254C69CE88,William Haggerty,69,20.62,5,31.41,Single Stack,,,MAJOR,,18.8469,12.3706,1.4132,14.86,3,,6,1,2,,,,
7a5804d8-5d71-4757-ac39-2523e0f12fab,BAPS USPSA March,2018-03-17,5,Green,C94C6159-8BB7-4D30-8123-2E254C69CE88,Christopher Zak,70,18.08,21,21.85,Production,U,PEN,MINOR,,13.1128,10.8492,1.2394,15.33,5,,4,2,1,,1,,
7a5804d8-5d71-4757-ac39-2523e0f12fab,BAPS USPSA March,2018-03-17,5,Green,C94C6159-8BB7-4D30-8123-2E254C69CE88,Chris Whelihan,71,17.54,12,19.41,PCC,U,,MINOR,Junior,11.6479,10.5236,1.2022,46.58,10,,2,,,,,,
7a5804d8-5d71-4757-ac39-2523e0f12fab,BAPS USPSA March,2018-03-17,5,Green,C94C6159-8BB7-4D30-8123-2E254C69CE88,Daniel Arriega,72,9.00,13,11.58,Limited,U,PENDING,MINOR,,6.9451,5.4001,0.6169,16.21,5,,5,,2,,1,,
7a5804d8-5d71-4757-ac39-2523e0f12fab,BAPS USPSA March,2018-03-17,5,Green,C94C6159-8BB7-4D30-8123-2E254C69CE88,Larry Janecka,73,5.80,14,7.45,Limited,U,,MAJOR,,4.4728,3.4778,0.3973,17.62,3,,5,1,3,,,,
7a5804d8-5d71-4757-ac39-2523e0f12fab,BAPS USPSA March,2018-03-17,5,Green,C94C6159-8BB7-4D30-8123-2E254C69CE88,Pedro Cordova,74,3.50,15,4.50,Limited,U,PEN,MINOR,,2.7019,2.1009,0.2400,16.67,4,,4,2,2,,1,,
7a5804d8-5d71-4757-ac39-2523e0f12fab,BAPS USPSA March,2018-03-17,5,Green,C94C6159-8BB7-4D30-8123-2E254C69CE88,Gerrit Milks,75,0.00,13,0.00,PCC,C,A67608,MINOR,,0.0000,0.0000,,,,,,,,,,,
7a5804d8-5d71-4757-ac39-2523e0f12fab,BAPS USPSA March,2018-03-17,5,Green,C94C6159-8BB7-4D30-8123-2E254C69CE88,Tom Neal,76,0.00,6,0.00,Single Stack,C,L2362,MAJOR,,0.0000,0.0000,,,,,,,,,,,
7a5804d8-5d71-4757-ac39-2523e0f12fab,BAPS USPSA March,2018-03-17,5,Green,C94C6159-8BB7-4D30-8123-2E254C69CE88,Zack Zwicky,77,0.00,16,0.00,Limited,U,,MAJOR,,0.0000,0.0000,0.0000,13.53,2,,1,2,7,,2,,
7a5804d8-5d71-4757-ac39-2523e0f12fab,BAPS USPSA March,2018-03-17,5,Green,C94C6159-8BB7-4D30-8123-2E254C69CE88,Ryan Alicaya,78,0.00,22,0.00,Production,C,A106355,MINOR,,0.0000,0.0000,0.0000,14.62,3,,6,,3,,2,,
7a5804d8-5d71-4757-ac39-2523e0f12fab,BAPS USPSA March,2018-03-17,5,Green,C94C6159-8BB7-4D30-8123-2E254C69CE88,Nathan Sh vetzov,79,0.00,23,0.00,Production,U,PEN,MINOR,,0.0000,0.0000,0.0000,15.18,6,,2,1,3,,2,,
7a5804d8-5d71-4757-ac39-2523e0f12fab,BAPS USPSA March,2018-03-17,5,Green,C94C6159-8BB7-4D30-8123-2E254C69CE88,Johnnie Priola,80,0.00,17,0.00,Limited,,A109588,MAJOR,,0.0000,0.0000,0.0000,16.50,6,,2,,4,,,,
7a5804d8-5d71-4757-ac39-2523e0f12fab,BAPS USPSA March,2018-03-17,5,Green,C94C6159-8BB7-4D30-8123-2E254C69CE88,Lawney Morales,81,0.00,18,0.00,Limited,D,TY75143,MINOR,Senior,0.0000,0.0000,0.0000,17.40,5,,2,3,2,,2,,
7a5804d8-5d71-4757-ac39-2523e0f12fab,BAPS USPSA March,2018-03-17,5,Green,C94C6159-8BB7-4D30-8123-2E254C69CE88,James Parker,82,0.00,19,0.00,Limited,U,PEN,MAJOR,,0.0000,0.0000,0.0000,28.26,5,,4,1,2,,1,2,
7a5804d8-5d71-4757-ac39-2523e0f12fab,BAPS USPSA March,2018-03-17,6,Cm 09-02,CCD91978-900C-42A5-A356-B27F46D2DBF6,Edwin Garcia,1,100.00,1,100.00,PCC,U,,MINOR,,40.0000,40.0000,11.6788,2.74,4,,4,,,,,,
7a5804d8-5d71-4757-ac39-2523e0f12fab,BAPS USPSA March,2018-03-17,6,Cm 09-02,CCD91978-900C-42A5-A356-B27F46D2DBF6,Tony Phan,2,96.48,2,96.48,PCC,M,FY11963,MINOR,,38.5916,38.5916,11.2676,3.55,8,,,,,,,,
7a5804d8-5d71-4757-ac39-2523e0f12fab,BAPS USPSA March,2018-03-17,6,Cm 09-02,CCD91978-900C-42A5-A356-B27F46D2DBF6,Dave Eickhoff,3,93.32,3,93.32,PCC,B,TY5063,MINOR,Super Senior,37.3299,37.3299,10.8992,3.67,8,,,,,,,,
7a5804d8-5d71-4757-ac39-2523e0f12fab,BAPS USPSA March,2018-03-17,6,Cm 09-02,CCD91978-900C-42A5-A356-B27F46D2DBF6,Jason Brinkley,4,92.13,1,100.00,Limited,M,A61861,MAJOR,,40.0000,36.8514,10.7595,3.16,4,,2,1,,,,,
7a5804d8-5d71-4757-ac39-2523e0f12fab,BAPS USPSA March,2018-03-17,6,Cm 09-02,CCD91978-900C-42A5-A356-B27F46D2DBF6,Randy Goodney,5,90.52,1,100.00,Open,A,A94852,MAJOR,,40.0000,36.2071,10.5714,3.50,5,,3,,,,,,
7a5804d8-5d71-4757-ac39-2523e0f12fab,BAPS USPSA March,2018-03-17,6,Cm 09-02,CCD91978-900C-42A5-A356-B27F46D2DBF6,Kyle Post,6,86.31,4,86.31,PCC,M,A74846,MINOR,,34.5227,34.5227,10.0796,3.77,7,,1,,,,,,
7a5804d8-5d71-4757-ac39-2523e0f12fab,BAPS USPSA March,2018-03-17,6,Cm 09-02,CCD91978-900C-42A5-A356-B27F46D2DBF6,Matt Lem,7,86.10,1,100.00,Single Stack,A,TY34763,MAJOR,,40.0000,34.4416,10.0559,3.58,4,,4,,,,,,
7a5804d8-5d71-4757-ac39-2523e0f12fab,BAPS USPSA March,2018-03-17,6,Cm 09-02,CCD91978-900C-42A5-A356-B27F46D2DBF6,Michael Pontious,8,84.71,2,91.95,Limited,C,TY94575,MAJOR,,36.7787,33.8836,9.8930,3.74,5,,2,,,,,,
7a5804d8-5d71-4757-ac39-2523e0f12fab,BAPS USPSA March,2018-03-17,6,Cm 09-02,CCD91978-900C-42A5-A356-B27F46D2DBF6,Kit Hoog,9,76.00,5,76.00,PCC,U,,MINOR,,30.3994,30.3994,8.8757,3.38,8,,,,,,1,,
7a5804d8-5d71-4757-ac39-2523e0f12fab,BAPS USPSA March,2018-03-17,6,Cm 09-02,CCD91978-900C-42A5-A356-B27F46D2DBF6,Henry Moreno,10,75.49,2,83.40,Open,B,XXXXXX,MAJOR,,33.3606,30.1973,8.8167,4.31,6,,2,,,,,,
7a5804d8-5d71-4757-ac39-2523e0f12fab,BAPS USPSA March,2018-03-17,6,Cm 09-02,CCD91978-900C-42A5-A356-B27F46D2DBF6,James Beshada,11,73.52,1,100.00,Production,A,L4029,MINOR,,40.0000,29.4068,8.5859,3.96,5,,3,,,,,,
7a5804d8-5d71-4757-ac39-2523e0f12fab,BAPS USPSA March,2018-03-17,6,Cm 09-02,CCD91978-900C-42A5-A356-B27F46D2DBF6,Reynaldo Panelo,12,71.51,3,77.62,Limited,,TY26589,MAJOR,,31.0483,28.6043,8.3516,4.55,6,,2,,,,,,
7a5804d8-5d71-4757-ac39-2523e0f12fab,BAPS USPSA March,2018-03-17,6,Cm 09-02,CCD91978-900C-42A5-A356-B27F46D2DBF6,Chris Peterson,13,70.43,2,95.80,Production,,,MINOR,,38.3191,28.1710,8.2251,4.62,7,,1,,,,,,
7a5804d8-5d71-4757-ac39-2523e0f12fab,BAPS USPSA March,2018-03-17,6,Cm 09-02,CCD91978-900C-42A5-A356-B27F46D2DBF6,JW Aguirre,14,69.15,1,100.00,Revolver,B,A87708,MINOR,,40.0000,27.6604,8.0760,4.21,5,,2,,,,,,
7a5804d8-5d71-4757-ac39-2523e0f12fab,BAPS USPSA March,2018-03-17,6,Cm 09-02,CCD91978-900C-42A5-A356-B27F46D2DBF6,Albert Calderon,15,68.79,3,76.00,Open,B,000000,MAJOR,,30.3982,27.5158,8.0338,4.73,6,,2,,,,,,
7a5804d8-5d71-4757-ac39-2523e0f12fab,BAPS USPSA March,2018-03-17,6,Cm 09-02,CCD91978-900C-42A5-A356-B27F46D2DBF6,Steve Deardorff,16,67.26,2,78.12,Single Stack,B,TY16844,MAJOR,,31.2477,26.9055,7.8556,4.71,5,,3,,,,,,
7a5804d8-5d71-4757-ac39-2523e0f12fab,BAPS USPSA March,2018-03-17,6,Cm 09-02,CCD91978-900C-42A5-A356-B27F46D2DBF6,Paul Felker,17,67.23,1,100.00,Carry Optics,U,A107123,MINOR,,40.0000,26.8904,7.8512,4.84,7,,1,,,,,,
7a5804d8-5d71-4757-ac39-2523e0f12fab,BAPS USPSA March,2018-03-17,6,Cm 09-02,CCD91978-900C-42A5-A356-B27F46D2DBF6,Gary Wu,18,66.51,3,90.46,Production,C,L2998,MINOR,,36.1849,26.6020,7.7670,4.12,4,,4,,,,,,
7a5804d8-5d71-4757-ac39-2523e0f12fab,BAPS USPSA March,2018-03-17,6,Cm 09-02,CCD91978-900C-42A5-A356-B27F46D2DBF6,Jason Bright,19,66.47,4,90.41,Production,U,A93447,MINOR,,36.1644,26.5870,7.7626,4.38,5,,3,,,,,,
7a5804d8-5d71-4757-ac39-2523e0f12fab,BAPS USPSA March,2018-03-17,6,Cm 09-02,CCD91978-900C-42A5-A356-B27F46D2DBF6,Ricky Wiley,20,66.00,5,89.77,Production,U,A91320,MINOR,,35.9096,26.3996,7.7079,4.93,7,,1,,,,,,
7a5804d8-5d71-4757-ac39-2523e0f12fab,BAPS USPSA March,2018-03-17,6,Cm 09-02,CCD91978-900C-42A5-A356-B27F46D2DBF6,Raimon Alfonso,21,64.79,4,70.32,Limited,,PENDING,MAJOR,,28.1296,25.9153,7.5665,4.89,5,,3,,,,,,
7a5804d8-5d71-4757-ac39-2523e0f12fab,BAPS USPSA March,2018-03-17,6,Cm 09-02,CCD91978-900C-42A5-A356-B27F46D2DBF6,Jason Sartor,22,64.38,6,64.38,PCC,U,A78681,MINOR,,25.7520,25.7520,7.5188,5.32,8,,,,,,,,
7a5804d8-5d71-4757-ac39-2523e0f12fab,BAPS USPSA March,2018-03-17,6,Cm 09-02,CCD91978-900C-42A5-A356-B27F46D2DBF6,Robert Hollier,23,63.17,7,63.17,PCC,C,TY24941,MINOR,Senior,25.2663,25.2663,7.3770,4.88,6,,2,,,,,,
7a5804d8-5d71-4757-ac39-2523e0f12fab,BAPS USPSA March,2018-03-17,6,Cm 09-02,CCD91978-900C-42A5-A356-B27F46D2DBF6,Deryle Lowery,24,62.91,6,85.57,Production,B,L2881,MINOR,,34.2277,25.1632,7.3469,4.90,6,,2,,,,,,
7a5804d8-5d71-4757-ac39-2523e0f12fab,BAPS USPSA March,2018-03-17,6,Cm 09-02,CCD91978-900C-42A5-A356-B27F46D2DBF6,Gian Ruta,25,61.95,4,68.45,Open,U,PENDING,MAJOR,,27.3780,24.7820,7.2356,5.39,7,,1,,,,,,
7a5804d8-5d71-4757-ac39-2523e0f12fab,BAPS USPSA March,2018-03-17,6,Cm 09-02,CCD91978-900C-42A5-A356-B27F46D2DBF6,Alex Goben,26,61.90,2,92.07,Carry Optics,B,A86498,MINOR,,36.8295,24.7591,7.2289,4.15,8,,,,,,1,,
7a5804d8-5d71-4757-ac39-2523e0f12fab,BAPS USPSA March,2018-03-17,6,Cm 09-02,CCD91978-900C-42A5-A356-B27F46D2DBF6,Steven Mcnamara,27,61.55,5,68.00,Open,B,A75212,MAJOR,,27.1987,24.6197,7.1882,4.73,2,,6,,,,,,
7a5804d8-5d71-4757-ac39-2523e0f12fab,BAPS USPSA March,2018-03-17,6,Cm 09-02,CCD91978-900C-42A5-A356-B27F46D2DBF6,Wade Ledbetter,28,61.49,7,83.64,Production,U,,MINOR,,33.4562,24.5960,7.1813,5.57,8,,,,,,,,
7a5804d8-5d71-4757-ac39-2523e0f12fab,BAPS USPSA March,2018-03-17,6,Cm 09-02,CCD91978-900C-42A5-A356-B27F46D2DBF6,Eddie Jimenea,29,60.69,6,67.05,Open,M,A14869,MAJOR,,26.8199,24.2768,7.0881,5.22,5,,2,,,,,,
7a5804d8-5d71-4757-ac39-2523e0f12fab,BAPS USPSA March,2018-03-17,6,Cm 09-02,CCD91978-900C-42A5-A356-B27F46D2DBF6,Mike Kahl,30,59.62,8,81.10,Production,B,A70984,MINOR,Senior,32.4402,23.8490,6.9632,5.17,6,,2,,,,,,
7a5804d8-5d71-4757-ac39-2523e0f12fab,BAPS USPSA March,2018-03-17,6,Cm 09-02,CCD91978-900C-42A5-A356-B27F46D2DBF6,Derek Rabuck,31,57.43,8,57.43,PCC,C,A91331,MINOR,,22.9726,22.9726,6.7073,3.28,4,,4,,,,1,,
7a5804d8-5d71-4757-ac39-2523e0f12fab,BAPS USPSA March,2018-03-17,6,Cm 09-02,CCD91978-900C-42A5-A356-B27F46D2DBF6,Mike Junco,32,57.23,9,77.85,Production,,A107182,MINOR,,31.1385,22.8921,6.6838,3.89,3,,3,2,,,,,
7a5804d8-5d71-4757-ac39-2523e0f12fab,BAPS USPSA March,2018-03-17,6,Cm 09-02,CCD91978-900C-42A5-A356-B27F46D2DBF6,JoAnna Wilson,33,55.35,10,75.29,Production,B,TY88614,MINOR,Lady,30.1173,22.1413,6.4646,4.95,5,,2,1,,,,,
7a5804d8-5d71-4757-ac39-2523e0f12fab,BAPS USPSA March,2018-03-17,6,Cm 09-02,CCD91978-900C-42A5-A356-B27F46D2DBF6,Travis Edwards,34,54.53,7,60.24,Open,D,A107004,MAJOR,,24.0963,21.8115,6.3683,5.81,5,,3,,,,,,
7a5804d8-5d71-4757-ac39-2523e0f12fab,BAPS USPSA March,2018-03-17,6,Cm 09-02,CCD91978-900C-42A5-A356-B27F46D2DBF6,Bill Kinstley,35,53.08,5,57.61,Limited,U,A104836,MAJOR,,23.0457,21.2316,6.1990,6.13,6,,2,,,,,,
7a5804d8-5d71-4757-ac39-2523e0f12fab,BAPS USPSA March,2018-03-17,6,Cm 09-02,CCD91978-900C-42A5-A356-B27F46D2DBF6,Robert Bui,36,52.25,11,71.07,Production,C,A103016,MINOR,,28.4266,20.8984,6.1017,5.90,6,,2,,,,,,
7a5804d8-5d71-4757-ac39-2523e0f12fab,BAPS USPSA March,2018-03-17,6,Cm 09-02,CCD91978-900C-42A5-A356-B27F46D2DBF6,Adam Post,37,52.10,3,60.51,Single Stack,C,A83655,MINOR,,24.2055,20.8419,6.0852,4.93,4,,3,1,,,,,
7a5804d8-5d71-4757-ac39-2523e0f12fab,BAPS USPSA March,2018-03-17,6,Cm 09-02,CCD91978-900C-42A5-A356-B27F46D2DBF6,Arnold Gee,38,52.08,8,57.54,Open,D,A103519,MAJOR,,23.0142,20.8319,6.0823,5.59,4,,3,1,,,,,
7a5804d8-5d71-4757-ac39-2523e0f12fab,BAPS USPSA March,2018-03-17,6,Cm 09-02,CCD91978-900C-42A5-A356-B27F46D2DBF6,Mark Meyers,39,48.73,3,72.49,Carry Optics,none,P,MINOR,,28.9948,19.4921,5.6911,4.92,3,,3,1,,,,,
7a5804d8-5d71-4757-ac39-2523e0f12fab,BAPS USPSA March,2018-03-17,6,Cm 09-02,CCD91978-900C-42A5-A356-B27F46D2DBF6,Christopher Zak,40,48.31,12,65.72,Production,U,PEN,MINOR,,26.2878,19.3260,5.6426,6.38,6,,2,,,,,,
7a5804d8-5d71-4757-ac39-2523e0f12fab,BAPS USPSA March,2018-03-17,6,Cm 09-02,CCD91978-900C-42A5-A356-B27F46D2DBF6,John Gossett,41,47.78,9,47.78,PCC,U,,MINOR,,19.1116,19.1116,5.5800,6.81,7,,1,,,,,,
7a5804d8-5d71-4757-ac39-2523e0f12fab,BAPS USPSA March,2018-03-17,6,Cm 09-02,CCD91978-900C-42A5-A356-B27F46D2DBF6,Jeff Lamar,42,46.20,6,50.15,Limited,U,PENDING,MINOR,,20.0593,18.4803,5.3957,5.56,4,,3,1,,,,,
7a5804d8-5d71-4757-ac39-2523e0f12fab,BAPS USPSA March,2018-03-17,6,Cm 09-02,CCD91978-900C-42A5-A356-B27F46D2DBF6,William Haggerty,43,45.00,4,52.26,Single Stack,,,MAJOR,,20.9051,18.0001,5.2555,6.85,4,,4,,,,,,
7a5804d8-5d71-4757-ac39-2523e0f12fab,BAPS USPSA March,2018-03-17,6,Cm 09-02,CCD91978-900C-42A5-A356-B27F46D2DBF6,Nathan Peterson,44,43.45,13,59.10,Production,,,MINOR,Junior,23.6388,17.3785,5.0740,4.73,5,,2,,,,,1,
7a5804d8-5d71-4757-ac39-2523e0f12fab,BAPS USPSA March,2018-03-17,6,Cm 09-02,CCD91978-900C-42A5-A356-B27F46D2DBF6,Brian Whelihan,45,43.39,9,47.94,Open,A,,MAJOR,Senior,19.1748,17.3566,5.0676,5.92,8,,,,,,,1,
7a5804d8-5d71-4757-ac39-2523e0f12fab,BAPS USPSA March,2018-03-17,6,Cm 09-02,CCD91978-900C-42A5-A356-B27F46D2DBF6,Wade Pruetz,46,40.26,10,40.26,PCC,A,TY79055,MINOR,,16.1051,16.1051,4.7022,3.19,7,,,,1,,1,,
7a5804d8-5d71-4757-ac39-2523e0f12fab,BAPS USPSA March,2018-03-17,6,Cm 09-02,CCD91978-900C-42A5-A356-B27F46D2DBF6,Patrick Sartor,47,39.73,14,54.05,Production,U,PEN,MINOR,,21.6187,15.8934,4.6404,8.62,8,,,,,,,,
7a5804d8-5d71-4757-ac39-2523e0f12fab,BAPS USPSA March,2018-03-17,6,Cm 09-02,CCD91978-900C-42A5-A356-B27F46D2DBF6,Angela Rabuck,48,38.98,7,42.31,Limited,C,A91275,MINOR,Lady,16.9223,15.5903,4.5519,7.03,4,,4,,,,,,
7a5804d8-5d71-4757-ac39-2523e0f12fab,BAPS USPSA March,2018-03-17,6,Cm 09-02,CCD91978-900C-42A5-A356-B27F46D2DBF6,Pedro Cordova,49,38.86,8,42.18,Limited,U,PEN,MINOR,,16.8729,15.5447,4.5386,6.61,4,,3,1,,,,,
7a5804d8-5d71-4757-ac39-2523e0f12fab,BAPS USPSA March,2018-03-17,6,Cm 09-02,CCD91978-900C-42A5-A356-B27F46D2DBF6,Eman Alcoseba,50,38.51,9,41.80,Limited,C,TY67519,MINOR,,16.7197,15.4036,4.4974,7.56,5,,2,,,,,,
7a5804d8-5d71-4757-ac39-2523e0f12fab,BAPS USPSA March,2018-03-17,6,Cm 09-02,CCD91978-900C-42A5-A356-B27F46D2DBF6,Roman Gwiscz,51,38.39,10,42.41,Open,B,A55629,MAJOR,,16.9643,15.3557,4.4834,5.13,5,,2,,1,,,,
7a5804d8-5d71-4757-ac39-2523e0f12fab,BAPS USPSA March,2018-03-17,6,Cm 09-02,CCD91978-900C-42A5-A356-B27F46D2DBF6,Abelardo Nerida,52,37.57,10,40.79,Limited,U,,MAJOR,,16.3141,15.0300,4.3883,7.52,1,,1,,,,,,
7a5804d8-5d71-4757-ac39-2523e0f12fab,BAPS USPSA March,2018-03-17,6,Cm 09-02,CCD91978-900C-42A5-A356-B27F46D2DBF6,Zack Zwicky,53,37.56,11,40.77,Limited,U,,MAJOR,,16.3093,15.0255,4.3870,8.89,7,,1,,,,,,
7a5804d8-5d71-4757-ac39-2523e0f12fab,BAPS USPSA March,2018-03-17,6,Cm 09-02,CCD91978-900C-42A5-A356-B27F46D2DBF6,Dave Campell,54,35.31,11,39.01,Open,M,TY26527,MAJOR,,15.6032,14.1237,4.1237,2.91,4,,3,,1,,1,,
7a5804d8-5d71-4757-ac39-2523e0f12fab,BAPS USPSA March,2018-03-17,6,Cm 09-02,CCD91978-900C-42A5-A356-B27F46D2DBF6,Marlon Poralan,55,33.87,4,50.38,Carry Optics,D,PEN,MINOR,,20.1523,13.5476,3.9555,8.09,4,,3,,,,,,
7a5804d8-5d71-4757-ac39-2523e0f12fab,BAPS USPSA March,2018-03-17,6,Cm 09-02,CCD91978-900C-42A5-A356-B27F46D2DBF6,Nathan Sh vetzov,56,33.01,15,44.90,Production,U,PEN,MINOR,,17.9592,13.2031,3.8549,8.82,5,,3,,,,,,
7a5804d8-5d71-4757-ac39-2523e0f12fab,BAPS USPSA March,2018-03-17,6,Cm 09-02,CCD91978-900C-42A5-A356-B27F46D2DBF6,Ralph Burbe,57,32.66,5,48.58,Carry Optics,U,A83904,MINOR,,19.4319,13.0633,3.8141,8.39,4,,2,,,,,,
7a5804d8-5d71-4757-ac39-2523e0f12fab,BAPS USPSA March,2018-03-17,6,Cm 09-02,CCD91978-900C-42A5-A356-B27F46D2DBF6,Larry Janecka,58,32.43,12,35.21,Limited,U,,MAJOR,,14.0821,12.9736,3.7879,9.24,5,,1,1,,,,,
7a5804d8-5d71-4757-ac39-2523e0f12fab,BAPS USPSA March,2018-03-17,6,Cm 09-02,CCD91978-900C-42A5-A356-B27F46D2DBF6,Tom Neal,59,31.52,5,36.61,Single Stack,C,L2362,MAJOR,,14.6422,12.6075,3.6810,6.52,2,,5,,,,1,,
7a5804d8-5d71-4757-ac39-2523e0f12fab,BAPS USPSA March,2018-03-17,6,Cm 09-02,CCD91978-900C-42A5-A356-B27F46D2DBF6,Tim Fisher,60,28.80,6,42.84,Carry Optics,U,A54932,MINOR,,17.1347,11.5190,3.3632,8.92,4,,3,1,,,,,
7a5804d8-5d71-4757-ac39-2523e0f12fab,BAPS USPSA March,2018-03-17,6,Cm 09-02,CCD91978-900C-42A5-A356-B27F46D2DBF6,Mackenzie Dillon,61,27.15,16,36.93,Production,D,A88307,MINOR,Junior; Lady,14.7740,10.8614,3.1712,9.46,3,,5,,,,,,
7a5804d8-5d71-4757-ac39-2523e0f12fab,BAPS USPSA March,2018-03-17,6,Cm 09-02,CCD91978-900C-42A5-A356-B27F46D2DBF6,Doug Dillon,62,26.80,13,29.09,Limited,B,A71359,MINOR,Law Enforcement,11.6377,10.7216,3.1304,5.75,7,,1,,,,2,,
7a5804d8-5d71-4757-ac39-2523e0f12fab,BAPS USPSA March,2018-03-17,6,Cm 09-02,CCD91978-900C-42A5-A356-B27F46D2DBF6,Richard Dillow,63,26.76,17,36.40,Production,C,TY57446,MINOR,Senior,14.5588,10.7032,3.1250,7.68,5,,3,,,,1,,
7a5804d8-5d71-4757-ac39-2523e0f12fab,BAPS USPSA March,2018-03-17,6,Cm 09-02,CCD91978-900C-42A5-A356-B27F46D2DBF6,August Balagtas,64,25.32,12,27.97,Open,M,L3674,MAJOR,,11.1887,10.1278,2.9570,3.72,3,,3,,1,,1,,
7a5804d8-5d71-4757-ac39-2523e0f12fab,BAPS USPSA March,2018-03-17,6,Cm 09-02,CCD91978-900C-42A5-A356-B27F46D2DBF6,Daniel Arriega,65,24.46,14,26.55,Limited,U,PENDING,MINOR,,10.6217,9.7856,2.8571,11.90,5,,3,,,,,,
7a5804d8-5d71-4757-ac39-2523e0f12fab,BAPS USPSA March,2018-03-17,6,Cm 09-02,CCD91978-900C-42A5-A356-B27F46D2DBF6,Mark Porretto,66,22.97,18,31.25,Production,M,,MINOR,,12.4991,9.1890,2.6829,4.10,5,,2,,1,,1,,
7a5804d8-5d71-4757-ac39-2523e0f12fab,BAPS USPSA March,2018-03-17,6,Cm 09-02,CCD91978-900C-42A5-A356-B27F46D2DBF6,David Chow,67,18.36,19,24.97,Production,C,A100573,MINOR,,9.9894,7.3439,2.1442,5.13,5,,2,,1,,1,,
7a5804d8-5d71-4757-ac39-2523e0f12fab,BAPS USPSA March,2018-03-17,6,Cm 09-02,CCD91978-900C-42A5-A356-B27F46D2DBF6,Lawney Morales,68,15.48,15,16.80,Limited,D,TY75143,MINOR,Senior,6.7219,6.1928,1.8081,7.19,6,,1,,1,,1,,
7a5804d8-5d71-4757-ac39-2523e0f12fab,BAPS USPSA March,2018-03-17,6,Cm 09-02,CCD91978-900C-42A5-A356-B27F46D2DBF6,Johnnie Priola,69,15.09,16,16.38,Limited,,A109588,MAJOR,,6.5535,6.0376,1.7628,6.24,5,,1,1,1,,1,,
7a5804d8-5d71-4757-ac39-2523e0f12fab,BAPS USPSA March,2018-03-17,6,Cm 09-02,CCD91978-900C-42A5-A356-B27F46D2DBF6,Joe Wilson,70,14.17,20,19.27,Production,A,TY88935,MINOR,,7.7094,5.6677,1.6548,4.23,5,,,2,1,,1,,
7a5804d8-5d71-4757-ac39-2523e0f12fab,BAPS USPSA March,2018-03-17,6,Cm 09-02,CCD91978-900C-42A5-A356-B27F46D2DBF6,Terry Price,71,9.84,21,13.39,Production,U,A94118,MINOR,,5.3548,3.9367,1.1494,7.83,5,,1,1,1,,1,,
7a5804d8-5d71-4757-ac39-2523e0f12fab,BAPS USPSA March,2018-03-17,6,Cm 09-02,CCD91978-900C-42A5-A356-B27F46D2DBF6,Chris Whelihan,72,6.07,11,6.07,PCC,U,,MINOR,Junior,2.4290,2.4290,0.7092,4.23,6,,1,,1,,2,,
7a5804d8-5d71-4757-ac39-2523e0f12fab,BAPS USPSA March,2018-03-17,6,Cm 09-02,CCD91978-900C-42A5-A356-B27F46D2DBF6,Jon Baguio,73,2.81,7,4.18,Carry Optics,D,PENDING,MINOR,,1.6731,1.1248,0.3284,6.09,2,,2,3,,,1,1,
7a5804d8-5d71-4757-ac39-2523e0f12fab,BAPS USPSA March,2018-03-17,6,Cm 09-02,CCD91978-900C-42A5-A356-B27F46D2DBF6,Gerrit Milks,74,0.00,12,0.00,PCC,C,A67608,MINOR,,0.0000,0.0000,,,,,,,,,,,
7a5804d8-5d71-4757-ac39-2523e0f12fab,BAPS USPSA March,2018-03-17,6,Cm 09-02,CCD91978-900C-42A5-A356-B27F46D2DBF6,Tom Neal,75,0.00,6,0.00,Single Stack,C,L2363,MAJOR,,0.0000,0.0000,,,,,,,,,,,
7a5804d8-5d71-4757-ac39-2523e0f12fab,BAPS USPSA March,2018-03-17,6,Cm 09-02,CCD91978-900C-42A5-A356-B27F46D2DBF6,Robin Woods,76,0.00,17,0.00,Limited,B,TY51892,MAJOR,,0.0000,0.0000,,,,,,,,,,,
7a5804d8-5d71-4757-ac39-2523e0f12fab,BAPS USPSA March,2018-03-17,6,Cm 09-02,CCD91978-900C-42A5-A356-B27F46D2DBF6,Seth Clagg,77,0.00,13,0.00,PCC,U,A74796,MINOR,,0.0000,0.0000,0.0000,3.41,4,,2,,2,,2,,
7a5804d8-5d71-4757-ac39-2523e0f12fab,BAPS USPSA March,2018-03-17,6,Cm 09-02,CCD91978-900C-42A5-A356-B27F46D2DBF6,Brandon Hill,78,0.00,22,0.00,Production,M,A80518,MINOR,,0.0000,0.0000,0.0000,3.83,4,,3,,1,,2,,
7a5804d8-5d71-4757-ac39-2523e0f12fab,BAPS USPSA March,2018-03-17,6,Cm 09-02,CCD91978-900C-42A5-A356-B27F46D2DBF6,Gerrit Milks,79,0.00,13,0.00,Open,C,A67608,MAJOR,,0.0000,0.0000,0.0000,5.86,4,,2,1,1,,2,,
7a5804d8-5d71-4757-ac39-2523e0f12fab,BAPS USPSA March,2018-03-17,6,Cm 09-02,CCD91978-900C-42A5-A356-B27F46D2DBF6,Mark East,80,0.00,18,0.00,Limited,D,A87920,MAJOR,,0.0000,0.0000,0.0000,6.99,4,,1,,2,,2,,
7a5804d8-5d71-4757-ac39-2523e0f12fab,BAPS USPSA March,2018-03-17,6,Cm 09-02,CCD91978-900C-42A5-A356-B27F46D2DBF6,Ryan Alicaya,81,0.00,23,0.00,Production,C,A106355,MINOR,,0.0000,0.0000,0.0000,7.72,5,,1,,2,,2,,
7a5804d8-5d71-4757-ac39-2523e0f12fab,BAPS USPSA March,2018-03-17,6,Cm 09-02,CCD91978-900C-42A5-A356-B27F46D2DBF6,James Parker,82,0.00,19,0.00,Limited,U,PEN,MAJOR,,0.0000,0.0000,0.0000,9.53,3,,2,,3,,3,,
