match_id,match_name,match_date,stage_number,stage_name,stage_uuid,shooter_name,shooter_rank_combined,shooter_percent_combined,shooter_rank_division,shooter_percent_division,division,class,member_number,power_factor,categories,stage_points,stage_points_combined,hit_factor,time,A,B,C,D,M,NPM,NS,Proc,Apen
7c1c6469-2052-4ee5-bd2b-69af35fd733c,Bayou City Monthly October 13th at Oilfield Sports Complex,2024-10-13,1,Stage 1,2706e521-320f-4642-a9a5-93cbbd8478f9,Bobby Ivester,1,100.00,1,100.00,Open,M,A101336,MAJOR,,100.0000,100.0000,9.1769,10.57,17,,3,,,,,,
7c1c6469-2052-4ee5-bd2b-69af35fd733c,Bayou City Monthly October 13th at Oilfield Sports Complex,2024-10-13,1,Stage 1,2706e521-320f-4642-a9a5-93cbbd8478f9,Brandon Foss,2,97.03,1,100.00,Carry Optics,M,L5142,MINOR,,100.0000,97.0339,8.9047,11.23,20,,,,,,,,
7c1c6469-2052-4ee5-bd2b-69af35fd733c,Bayou City Monthly October 13th at Oilfield Sports Complex,2024-10-13,1,Stage 1,2706e521-320f-4642-a9a5-93cbbd8478f9,Abe Valdez,3,85.71,2,88.33,Carry Optics,B,A148541,MINOR,,88.3264,85.7065,7.8652,12.46,19,,1,,,,,,
7c1c6469-2052-4ee5-bd2b-69af35fd733c,Bayou City Monthly October 13th at Oilfield Sports Complex,2024-10-13,1,Stage 1,2706e521-320f-4642-a9a5-93cbbd8478f9,Jesse Harrington,4,74.61,3,76.89,Carry Optics,B,A153046,MINOR,,76.8897,74.6091,6.8468,11.10,13,,7,,,,,1,
7c1c6469-2052-4ee5-bd2b-69af35fd733c,Bayou City Monthly October 13th at Oilfield Sports Complex,2024-10-13,1,Stage 1,2706e521-320f-4642-a9a5-93cbbd8478f9,Gilbert Goodman,5,73.24,4,75.48,Carry Optics,B,A145861,MINOR,,75.4815,73.2426,6.7214,13.39,15,,5,,,,,,
7c1c6469-2052-4ee5-bd2b-69af35fd733c,Bayou City Monthly October 13th at Oilfield Sports Complex,2024-10-13,1,Stage 1,2706e521-320f-4642-a9a5-93cbbd8478f9,Heath Helgeson,6,72.24,1,100.00,Limited Optics,U,A149129,MINOR,,100.0000,72.2444,6.6298,14.48,18,,2,,,,,,
7c1c6469-2052-4ee5-bd2b-69af35fd733c,Bayou City Monthly October 13th at Oilfield Sports Complex,2024-10-13,1,Stage 1,2706e521-320f-4642-a9a5-93cbbd8478f9,Kenedy Nguyen,7,71.13,2,98.46,Limited Optics,U,A83862,MINOR,,98.4615,71.1330,6.5278,14.40,17,,3,,,,,,
7c1c6469-2052-4ee5-bd2b-69af35fd733c,Bayou City Monthly October 13th at Oilfield Sports Complex,2024-10-13,1,Stage 1,2706e521-320f-4642-a9a5-93cbbd8478f9,Michael Pontious,8,70.86,3,98.09,Limited Optics,B,Fy94575,MINOR,Senior,98.0859,70.8616,6.5029,13.84,16,,3,1,,,,,
7c1c6469-2052-4ee5-bd2b-69af35fd733c,Bayou City Monthly October 13th at Oilfield Sports Complex,2024-10-13,1,Stage 1,2706e521-320f-4642-a9a5-93cbbd8478f9,Roger Feng,9,68.31,5,70.40,Carry Optics,B,A157776,MINOR,,70.3977,68.3096,6.2687,13.40,17,,3,,,,1,,
7c1c6469-2052-4ee5-bd2b-69af35fd733c,Bayou City Monthly October 13th at Oilfield Sports Complex,2024-10-13,1,Stage 1,2706e521-320f-4642-a9a5-93cbbd8478f9,Jim Havens,10,68.11,4,94.27,Limited Optics,,TY114636,MINOR,Senior,94.2713,68.1058,6.2500,12.64,16,,3,,1,,,,
7c1c6469-2052-4ee5-bd2b-69af35fd733c,Bayou City Monthly October 13th at Oilfield Sports Complex,2024-10-13,1,Stage 1,2706e521-320f-4642-a9a5-93cbbd8478f9,Pete Kirchner,11,67.24,6,69.29,Carry Optics,X,TY105743,MINOR,,69.2937,67.2384,6.1704,14.91,16,,4,,,,,,
7c1c6469-2052-4ee5-bd2b-69af35fd733c,Bayou City Monthly October 13th at Oilfield Sports Complex,2024-10-13,1,Stage 1,2706e521-320f-4642-a9a5-93cbbd8478f9,David Zhang,12,67.11,5,92.89,Limited Optics,B,FY140383,MINOR,,92.8867,67.1054,6.1582,14.29,15,,4,1,,,,,
7c1c6469-2052-4ee5-bd2b-69af35fd733c,Bayou City Monthly October 13th at Oilfield Sports Complex,2024-10-13,1,Stage 1,2706e521-320f-4642-a9a5-93cbbd8478f9,Antonio Tormis,13,65.54,2,65.54,Open,C,A124958,MAJOR,,65.5396,65.5396,6.0145,15.13,13,,6,1,,,,,
7c1c6469-2052-4ee5-bd2b-69af35fd733c,Bayou City Monthly October 13th at Oilfield Sports Complex,2024-10-13,1,Stage 1,2706e521-320f-4642-a9a5-93cbbd8478f9,Tony Vale,14,65.10,7,67.09,Carry Optics,A,A153735,MINOR,,67.0882,65.0982,5.9740,15.40,16,,4,,,,,,
7c1c6469-2052-4ee5-bd2b-69af35fd733c,Bayou City Monthly October 13th at Oilfield Sports Complex,2024-10-13,1,Stage 1,2706e521-320f-4642-a9a5-93cbbd8478f9,Isaac Robledo,15,64.61,8,66.58,Carry Optics,B,A156101,MINOR,,66.5817,64.6068,5.9289,15.18,15,,5,,,,,,
7c1c6469-2052-4ee5-bd2b-69af35fd733c,Bayou City Monthly October 13th at Oilfield Sports Complex,2024-10-13,1,Stage 1,2706e521-320f-4642-a9a5-93cbbd8478f9,Pat Byrne,16,64.44,1,100.00,Limited,,ty93921,MINOR,Distinguished Senior,100.0000,64.4412,5.9137,16.91,20,,,,,,,,
7c1c6469-2052-4ee5-bd2b-69af35fd733c,Bayou City Monthly October 13th at Oilfield Sports Complex,2024-10-13,1,Stage 1,2706e521-320f-4642-a9a5-93cbbd8478f9,Gary Wu,17,63.27,1,100.00,Production,B,L2998,MINOR,Senior,100.0000,63.2730,5.8065,15.50,15,,5,,,,,,
7c1c6469-2052-4ee5-bd2b-69af35fd733c,Bayou City Monthly October 13th at Oilfield Sports Complex,2024-10-13,1,Stage 1,2706e521-320f-4642-a9a5-93cbbd8478f9,Blaine Newlin,18,59.94,2,94.73,Production,B,A103350,MINOR,,94.7318,59.9396,5.5006,18.18,20,,,,,,,,
7c1c6469-2052-4ee5-bd2b-69af35fd733c,Bayou City Monthly October 13th at Oilfield Sports Complex,2024-10-13,1,Stage 1,2706e521-320f-4642-a9a5-93cbbd8478f9,AJ Jackson,19,54.80,1,100.00,PCC,A,TY81745,MINOR,,100.0000,54.7963,5.0286,17.50,14,,6,,,,,,
7c1c6469-2052-4ee5-bd2b-69af35fd733c,Bayou City Monthly October 13th at Oilfield Sports Complex,2024-10-13,1,Stage 1,2706e521-320f-4642-a9a5-93cbbd8478f9,George Zhou,20,54.08,9,55.73,Carry Optics,B,A146179,MINOR,,55.7346,54.0814,4.9630,18.94,17,,3,,,,,,
7c1c6469-2052-4ee5-bd2b-69af35fd733c,Bayou City Monthly October 13th at Oilfield Sports Complex,2024-10-13,1,Stage 1,2706e521-320f-4642-a9a5-93cbbd8478f9,Chuck Bradbury,21,53.07,10,54.70,Carry Optics,X,A107489,MINOR,,54.6970,53.0746,4.8706,19.71,18,,2,,,,,,
7c1c6469-2052-4ee5-bd2b-69af35fd733c,Bayou City Monthly October 13th at Oilfield Sports Complex,2024-10-13,1,Stage 1,2706e521-320f-4642-a9a5-93cbbd8478f9,Lee Cardwell,22,50.92,11,52.48,Carry Optics,B,A155173,MINOR,,52.4768,50.9202,4.6729,10.70,13,,5,,2,,,1,
7c1c6469-2052-4ee5-bd2b-69af35fd733c,Bayou City Monthly October 13th at Oilfield Sports Complex,2024-10-13,1,Stage 1,2706e521-320f-4642-a9a5-93cbbd8478f9,John Ren,23,48.94,2,75.95,Limited,X,A152674,MINOR,,75.9457,48.9403,4.4912,17.59,16,,3,,1,,,,
7c1c6469-2052-4ee5-bd2b-69af35fd733c,Bayou City Monthly October 13th at Oilfield Sports Complex,2024-10-13,1,Stage 1,2706e521-320f-4642-a9a5-93cbbd8478f9,ozzy vazquez,24,48.16,12,49.63,Carry Optics,,,MINOR,,49.6322,48.1601,4.4196,18.78,18,,1,,1,,,,
7c1c6469-2052-4ee5-bd2b-69af35fd733c,Bayou City Monthly October 13th at Oilfield Sports Complex,2024-10-13,1,Stage 1,2706e521-320f-4642-a9a5-93cbbd8478f9,James jackson,25,43.83,13,45.17,Carry Optics,X,A89219,MINOR,,45.1705,43.8307,4.0223,23.37,17,,3,,,,,,
7c1c6469-2052-4ee5-bd2b-69af35fd733c,Bayou City Monthly October 13th at Oilfield Sports Complex,2024-10-13,1,Stage 1,2706e521-320f-4642-a9a5-93cbbd8478f9,Ray Fishel,26,43.26,2,78.95,PCC,B,A92443,MINOR,Senior,78.9464,43.2597,3.9699,14.61,17,,1,,2,,,1,
7c1c6469-2052-4ee5-bd2b-69af35fd733c,Bayou City Monthly October 13th at Oilfield Sports Complex,2024-10-13,1,Stage 1,2706e521-320f-4642-a9a5-93cbbd8478f9,randy callison,27,41.16,1,100.00,Single Stack,U,A14418,MAJOR,Super Senior,100.0000,41.1620,3.7774,24.62,13,,7,,,,,,
7c1c6469-2052-4ee5-bd2b-69af35fd733c,Bayou City Monthly October 13th at Oilfield Sports Complex,2024-10-13,1,Stage 1,2706e521-320f-4642-a9a5-93cbbd8478f9,Eric Wu,28,39.16,3,61.88,Production,C,FY104740,MINOR,,61.8841,39.1559,3.5933,22.82,12,,7,1,,,,,
7c1c6469-2052-4ee5-bd2b-69af35fd733c,Bayou City Monthly October 13th at Oilfield Sports Complex,2024-10-13,1,Stage 1,2706e521-320f-4642-a9a5-93cbbd8478f9,Shaun Ebersole,29,39.06,6,54.06,Limited Optics,U,A160600,MINOR,,54.0605,39.0557,3.5841,22.60,17,,2,,1,,,,
7c1c6469-2052-4ee5-bd2b-69af35fd733c,Bayou City Monthly October 13th at Oilfield Sports Complex,2024-10-13,1,Stage 1,2706e521-320f-4642-a9a5-93cbbd8478f9,"Byron ""BJ"" Frank",30,37.85,14,39.00,Carry Optics,D,A139338,MINOR,Super Senior; Law Enforcement; Military,39.0041,37.8472,3.4732,27.64,18,,2,,,,,,
7c1c6469-2052-4ee5-bd2b-69af35fd733c,Bayou City Monthly October 13th at Oilfield Sports Complex,2024-10-13,1,Stage 1,2706e521-320f-4642-a9a5-93cbbd8478f9,Ronald Gillory,31,36.43,3,66.49,PCC,B,TY83291,MINOR,,66.4917,36.4350,3.3436,29.31,19,,1,,,,,,
7c1c6469-2052-4ee5-bd2b-69af35fd733c,Bayou City Monthly October 13th at Oilfield Sports Complex,2024-10-13,1,Stage 1,2706e521-320f-4642-a9a5-93cbbd8478f9,Matthew Howard,32,36.09,3,36.09,Open,U,A161081,MINOR,,36.0884,36.0884,3.3118,23.25,15,,4,,1,,,,
7c1c6469-2052-4ee5-bd2b-69af35fd733c,Bayou City Monthly October 13th at Oilfield Sports Complex,2024-10-13,1,Stage 1,2706e521-320f-4642-a9a5-93cbbd8478f9,Desmond Jackson,33,34.59,15,35.65,Carry Optics,X,TY89242,MINOR,Lady,35.6508,34.5934,3.1746,18.90,18,,,,2,,,1,
7c1c6469-2052-4ee5-bd2b-69af35fd733c,Bayou City Monthly October 13th at Oilfield Sports Complex,2024-10-13,1,Stage 1,2706e521-320f-4642-a9a5-93cbbd8478f9,Ben Castagno,34,33.97,16,35.00,Carry Optics,,,MINOR,,35.0040,33.9657,3.1170,31.44,19,,1,,,,,,
7c1c6469-2052-4ee5-bd2b-69af35fd733c,Bayou City Monthly October 13th at Oilfield Sports Complex,2024-10-13,1,Stage 1,2706e521-320f-4642-a9a5-93cbbd8478f9,"Jeff Maxwell, Jr.",35,33.85,2,82.25,Single Stack,C,L4489,MAJOR,Senior,82.2470,33.8546,3.1068,25.75,16,,2,1,1,,,,
7c1c6469-2052-4ee5-bd2b-69af35fd733c,Bayou City Monthly October 13th at Oilfield Sports Complex,2024-10-13,1,Stage 1,2706e521-320f-4642-a9a5-93cbbd8478f9,William Holderfield,36,32.97,17,33.98,Carry Optics,U,A160443,MINOR,,33.9764,32.9686,3.0255,25.45,15,,4,,1,,,,
7c1c6469-2052-4ee5-bd2b-69af35fd733c,Bayou City Monthly October 13th at Oilfield Sports Complex,2024-10-13,1,Stage 1,2706e521-320f-4642-a9a5-93cbbd8478f9,CARLOS NIEVES,37,32.21,3,78.25,Single Stack,U,A120418,MAJOR,,78.2549,32.2113,2.9560,29.77,14,,3,3,,,,,
7c1c6469-2052-4ee5-bd2b-69af35fd733c,Bayou City Monthly October 13th at Oilfield Sports Complex,2024-10-13,1,Stage 1,2706e521-320f-4642-a9a5-93cbbd8478f9,"Byron ""BJ"" Frank",38,27.23,4,49.70,PCC,U,A139338,MINOR,Super Senior; Law Enforcement; Military,49.6957,27.2314,2.4990,24.01,14,,3,1,2,,,,
7c1c6469-2052-4ee5-bd2b-69af35fd733c,Bayou City Monthly October 13th at Oilfield Sports Complex,2024-10-13,1,Stage 1,2706e521-320f-4642-a9a5-93cbbd8478f9,Juston Thomson,39,26.68,4,26.68,Open,,,MINOR,Junior,26.6789,26.6789,2.4483,23.69,17,,1,,2,,,1,
7c1c6469-2052-4ee5-bd2b-69af35fd733c,Bayou City Monthly October 13th at Oilfield Sports Complex,2024-10-13,1,Stage 1,2706e521-320f-4642-a9a5-93cbbd8478f9,Tyler Kenny,40,24.07,5,43.92,PCC,U,A148691,MINOR,,43.9188,24.0659,2.2085,11.32,17,,,,3,,2,1,
7c1c6469-2052-4ee5-bd2b-69af35fd733c,Bayou City Monthly October 13th at Oilfield Sports Complex,2024-10-13,1,Stage 1,2706e521-320f-4642-a9a5-93cbbd8478f9,Jessica Zhang,41,22.55,3,35.00,Limited,,,MINOR,Lady,34.9984,22.5534,2.0697,36.72,10,,8,2,,,,,
7c1c6469-2052-4ee5-bd2b-69af35fd733c,Bayou City Monthly October 13th at Oilfield Sports Complex,2024-10-13,1,Stage 1,2706e521-320f-4642-a9a5-93cbbd8478f9,Edward Yu,42,20.10,4,31.19,Limited,U,A148356,MINOR,Law Enforcement,31.1869,20.0972,1.8443,29.28,12,,4,2,2,,,,
7c1c6469-2052-4ee5-bd2b-69af35fd733c,Bayou City Monthly October 13th at Oilfield Sports Complex,2024-10-13,1,Stage 1,2706e521-320f-4642-a9a5-93cbbd8478f9,John Del Toro,43,19.42,5,30.14,Limited,C,A107511,MINOR,Super Senior,30.1385,19.4216,1.7823,31.42,16,,2,,2,,,1,
7c1c6469-2052-4ee5-bd2b-69af35fd733c,Bayou City Monthly October 13th at Oilfield Sports Complex,2024-10-13,1,Stage 1,2706e521-320f-4642-a9a5-93cbbd8478f9,Jack Galloway,44,13.57,7,18.78,Limited Optics,,,MINOR,,18.7773,13.5656,1.2449,41.77,14,,4,,2,,,1,
7c1c6469-2052-4ee5-bd2b-69af35fd733c,Bayou City Monthly October 13th at Oilfield Sports Complex,2024-10-13,1,Stage 1,2706e521-320f-4642-a9a5-93cbbd8478f9,Harlan Chen,45,10.03,18,10.34,Carry Optics,,,MINOR,,10.3417,10.0350,0.9209,29.32,13,,4,,3,,1,1,
7c1c6469-2052-4ee5-bd2b-69af35fd733c,Bayou City Monthly October 13th at Oilfield Sports Complex,2024-10-13,1,Stage 1,2706e521-320f-4642-a9a5-93cbbd8478f9,Jon Baguio,46,0.00,5,0.00,Open,C,A101177,MAJOR,,0.0000,0.0000,,,,,,,,,,,
7c1c6469-2052-4ee5-bd2b-69af35fd733c,Bayou City Monthly October 13th at Oilfield Sports Complex,2024-10-13,1,Stage 1,2706e521-320f-4642-a9a5-93cbbd8478f9,Jerry Bedro,47,0.00,6,0.00,PCC,B,A98263,MINOR,,0.0000,0.0000,,,,,,,,,,,
7c1c6469-2052-4ee5-bd2b-69af35fd733c,Bayou City Monthly October 13th at Oilfield Sports Complex,2024-10-13,1,Stage 1,2706e521-320f-4642-a9a5-93cbbd8478f9,Robbie Boettcher,48,0.00,8,0.00,Limited Optics,C,L5829,MINOR,,0.0000,0.0000,,,,,,,,,,,
7c1c6469-2052-4ee5-bd2b-69af35fd733c,Bayou City Monthly October 13th at Oilfield Sports Complex,2024-10-13,1,Stage 1,2706e521-320f-4642-a9a5-93cbbd8478f9,Andy Chen,49,0.00,6,0.00,Open,A,A86721,MINOR,,0.0000,0.0000,,,,,,,,,,,
7c1c6469-2052-4ee5-bd2b-69af35fd733c,Bayou City Monthly October 13th at Oilfield Sports Complex,2024-10-13,1,Stage 1,2706e521-320f-4642-a9a5-93cbbd8478f9,Pocholo Dimayuga,50,0.00,7,0.00,Open,C,A106236,MINOR,,0.0000,0.0000,,,,,,,,,,,
7c1c6469-2052-4ee5-bd2b-69af35fd733c,Bayou City Monthly October 13th at Oilfield Sports Complex,2024-10-13,1,Stage 1,2706e521-320f-4642-a9a5-93cbbd8478f9,Teddy Elarmo,51,0.00,9,0.00,Limited Optics,C,A142885,MINOR,,0.0000,0.0000,,,,,,,,,,,
7c1c6469-2052-4ee5-bd2b-69af35fd733c,Bayou City Monthly October 13th at Oilfield Sports Complex,2024-10-13,1,Stage 1,2706e521-320f-4642-a9a5-93cbbd8478f9,Hugh Fullerton,52,0.00,6,0.00,Limited,C,A140572,MAJOR,,0.0000,0.0000,,,,,,,,,,,
7c1c6469-2052-4ee5-bd2b-69af35fd733c,Bayou City Monthly October 13th at Oilfield Sports Complex,2024-10-13,1,Stage 1,2706e521-320f-4642-a9a5-93cbbd8478f9,Arnold Gee,53,0.00,8,0.00,Open,B,A103519,MAJOR,Senior,0.0000,0.0000,,,,,,,,,,,
7c1c6469-2052-4ee5-bd2b-69af35fd733c,Bayou City Monthly October 13th at Oilfield Sports Complex,2024-10-13,1,Stage 1,2706e521-320f-4642-a9a5-93cbbd8478f9,Aaron Gillory,54,0.00,19,0.00,Carry Optics,B,TY144826,MINOR,Law Enforcement,0.0000,0.0000,,,,,,,,,,,
7c1c6469-2052-4ee5-bd2b-69af35fd733c,Bayou City Monthly October 13th at Oilfield Sports Complex,2024-10-13,1,Stage 1,2706e521-320f-4642-a9a5-93cbbd8478f9,Rudy Widiaman,55,0.00,7,0.00,PCC,U,A155535,MINOR,,0.0000,0.0000,,,,,,,,,,,
7c1c6469-2052-4ee5-bd2b-69af35fd733c,Bayou City Monthly October 13th at Oilfield Sports Complex,2024-10-13,1,Stage 1,2706e521-320f-4642-a9a5-93cbbd8478f9,Anji Xu,56,0.00,8,0.00,PCC,U,FY135340,MINOR,,0.0000,0.0000,,,,,,,,,,,
7c1c6469-2052-4ee5-bd2b-69af35fd733c,Bayou City Monthly October 13th at Oilfield Sports Complex,2024-10-13,2,Stage 2,c37a3bd1-f083-4d60-88dc-53a06166592d,Antonio Tormis,1,100.00,1,100.00,Open,C,A124958,MAJOR,,100.0000,100.0000,7.7482,12.39,16,,4,,,,,,
7c1c6469-2052-4ee5-bd2b-69af35fd733c,Bayou City Monthly October 13th at Oilfield Sports Complex,2024-10-13,2,Stage 2,c37a3bd1-f083-4d60-88dc-53a06166592d,Bobby Ivester,2,99.55,2,99.55,Open,M,A101336,MAJOR,,99.5522,99.5522,7.7135,10.89,12,,6,,,2,,,
7c1c6469-2052-4ee5-bd2b-69af35fd733c,Bayou City Monthly October 13th at Oilfield Sports Complex,2024-10-13,2,Stage 2,c37a3bd1-f083-4d60-88dc-53a06166592d,Jesse Harrington,3,90.57,1,100.00,Carry Optics,B,A153046,MINOR,,100.0000,90.5694,7.0175,11.97,15,,3,,,2,,,
7c1c6469-2052-4ee5-bd2b-69af35fd733c,Bayou City Monthly October 13th at Oilfield Sports Complex,2024-10-13,2,Stage 2,c37a3bd1-f083-4d60-88dc-53a06166592d,Tyler Kenny,4,88.81,1,100.00,PCC,U,A148691,MINOR,,100.0000,88.8090,6.8811,13.37,16,,4,,,,,,
7c1c6469-2052-4ee5-bd2b-69af35fd733c,Bayou City Monthly October 13th at Oilfield Sports Complex,2024-10-13,2,Stage 2,c37a3bd1-f083-4d60-88dc-53a06166592d,Jim Havens,5,85.68,1,100.00,Limited Optics,,TY114636,MINOR,Senior,100.0000,85.6844,6.6390,12.05,13,,5,,,2,,,
7c1c6469-2052-4ee5-bd2b-69af35fd733c,Bayou City Monthly October 13th at Oilfield Sports Complex,2024-10-13,2,Stage 2,c37a3bd1-f083-4d60-88dc-53a06166592d,Brandon Foss,6,84.92,2,93.77,Carry Optics,M,L5142,MINOR,,93.7670,84.9242,6.5801,11.55,12,,5,1,,2,,,
7c1c6469-2052-4ee5-bd2b-69af35fd733c,Bayou City Monthly October 13th at Oilfield Sports Complex,2024-10-13,2,Stage 2,c37a3bd1-f083-4d60-88dc-53a06166592d,Kenedy Nguyen,7,78.82,2,91.99,Limited Optics,U,A83862,MINOR,,91.9852,78.8170,6.1069,14.41,17,,1,,,2,,,
7c1c6469-2052-4ee5-bd2b-69af35fd733c,Bayou City Monthly October 13th at Oilfield Sports Complex,2024-10-13,2,Stage 2,c37a3bd1-f083-4d60-88dc-53a06166592d,Gilbert Goodman,8,78.64,3,86.82,Carry Optics,B,A145861,MINOR,,86.8244,78.6363,6.0929,13.13,13,,5,,,2,,,
7c1c6469-2052-4ee5-bd2b-69af35fd733c,Bayou City Monthly October 13th at Oilfield Sports Complex,2024-10-13,2,Stage 2,c37a3bd1-f083-4d60-88dc-53a06166592d,Abe Valdez,9,76.24,4,84.18,Carry Optics,B,A148541,MINOR,,84.1781,76.2396,5.9072,14.22,15,,3,,,2,,,
7c1c6469-2052-4ee5-bd2b-69af35fd733c,Bayou City Monthly October 13th at Oilfield Sports Complex,2024-10-13,2,Stage 2,c37a3bd1-f083-4d60-88dc-53a06166592d,Pat Byrne,10,75.13,1,100.00,Limited,,ty93921,MINOR,Distinguished Senior,100.0000,75.1297,5.8212,14.43,15,,3,,,2,,,
7c1c6469-2052-4ee5-bd2b-69af35fd733c,Bayou City Monthly October 13th at Oilfield Sports Complex,2024-10-13,2,Stage 2,c37a3bd1-f083-4d60-88dc-53a06166592d,Pete Kirchner,11,74.51,5,82.27,Carry Optics,X,TY105743,MINOR,,82.2686,74.5102,5.7732,14.55,16,,1,1,,2,,,
7c1c6469-2052-4ee5-bd2b-69af35fd733c,Bayou City Monthly October 13th at Oilfield Sports Complex,2024-10-13,2,Stage 2,c37a3bd1-f083-4d60-88dc-53a06166592d,Lee Cardwell,12,69.15,6,76.35,Carry Optics,B,A155173,MINOR,,76.3548,69.1541,5.3582,17.17,16,,4,,,,,,
7c1c6469-2052-4ee5-bd2b-69af35fd733c,Bayou City Monthly October 13th at Oilfield Sports Complex,2024-10-13,2,Stage 2,c37a3bd1-f083-4d60-88dc-53a06166592d,Tony Vale,13,67.76,7,74.81,Carry Optics,A,A153735,MINOR,,74.8130,67.7577,5.2500,16.00,13,,6,1,,,,,
7c1c6469-2052-4ee5-bd2b-69af35fd733c,Bayou City Monthly October 13th at Oilfield Sports Complex,2024-10-13,2,Stage 2,c37a3bd1-f083-4d60-88dc-53a06166592d,Roger Feng,14,64.48,8,71.20,Carry Optics,B,A157776,MINOR,,71.1963,64.4821,4.9962,13.01,13,,3,1,1,2,,,
7c1c6469-2052-4ee5-bd2b-69af35fd733c,Bayou City Monthly October 13th at Oilfield Sports Complex,2024-10-13,2,Stage 2,c37a3bd1-f083-4d60-88dc-53a06166592d,Heath Helgeson,15,61.36,3,71.61,Limited Optics,U,A149129,MINOR,,71.6072,61.3562,4.7540,11.99,13,,4,,1,2,1,,
7c1c6469-2052-4ee5-bd2b-69af35fd733c,Bayou City Monthly October 13th at Oilfield Sports Complex,2024-10-13,2,Stage 2,c37a3bd1-f083-4d60-88dc-53a06166592d,Blaine Newlin,16,60.72,1,100.00,Production,B,A103350,MINOR,,100.0000,60.7186,4.7046,18.28,13,,7,,,,,,
7c1c6469-2052-4ee5-bd2b-69af35fd733c,Bayou City Monthly October 13th at Oilfield Sports Complex,2024-10-13,2,Stage 2,c37a3bd1-f083-4d60-88dc-53a06166592d,AJ Jackson,17,60.55,2,68.18,PCC,A,TY81745,MINOR,,68.1781,60.5483,4.6914,16.20,11,,7,,,2,,,
7c1c6469-2052-4ee5-bd2b-69af35fd733c,Bayou City Monthly October 13th at Oilfield Sports Complex,2024-10-13,2,Stage 2,c37a3bd1-f083-4d60-88dc-53a06166592d,John Ren,18,56.46,2,75.15,Limited,X,A152674,MINOR,,75.1460,56.4570,4.3744,19.66,16,,2,,,2,,,
7c1c6469-2052-4ee5-bd2b-69af35fd733c,Bayou City Monthly October 13th at Oilfield Sports Complex,2024-10-13,2,Stage 2,c37a3bd1-f083-4d60-88dc-53a06166592d,David Zhang,19,55.47,4,64.74,Limited Optics,B,FY140383,MINOR,,64.7387,55.4709,4.2980,17.45,14,,5,,,1,1,,
7c1c6469-2052-4ee5-bd2b-69af35fd733c,Bayou City Monthly October 13th at Oilfield Sports Complex,2024-10-13,2,Stage 2,c37a3bd1-f083-4d60-88dc-53a06166592d,Eric Wu,20,55.31,2,91.10,Production,C,FY104740,MINOR,,91.0959,55.3122,4.2857,15.40,12,,5,1,1,1,,,
7c1c6469-2052-4ee5-bd2b-69af35fd733c,Bayou City Monthly October 13th at Oilfield Sports Complex,2024-10-13,2,Stage 2,c37a3bd1-f083-4d60-88dc-53a06166592d,"Jeff Maxwell, Jr.",21,55.27,1,100.00,Single Stack,C,L4489,MAJOR,Senior,100.0000,55.2748,4.2828,19.38,13,,4,1,,2,,,
7c1c6469-2052-4ee5-bd2b-69af35fd733c,Bayou City Monthly October 13th at Oilfield Sports Complex,2024-10-13,2,Stage 2,c37a3bd1-f083-4d60-88dc-53a06166592d,Ray Fishel,22,55.03,3,61.97,PCC,B,A92443,MINOR,Senior,61.9697,55.0347,4.2642,19.23,16,,4,,,,1,,
7c1c6469-2052-4ee5-bd2b-69af35fd733c,Bayou City Monthly October 13th at Oilfield Sports Complex,2024-10-13,2,Stage 2,c37a3bd1-f083-4d60-88dc-53a06166592d,Isaac Robledo,23,53.91,9,59.53,Carry Optics,B,A156101,MINOR,,59.5269,53.9132,4.1773,19.63,14,,4,,,2,,,
7c1c6469-2052-4ee5-bd2b-69af35fd733c,Bayou City Monthly October 13th at Oilfield Sports Complex,2024-10-13,2,Stage 2,c37a3bd1-f083-4d60-88dc-53a06166592d,Juston Thomson,24,53.65,3,53.65,Open,,,MINOR,Junior,53.6460,53.6460,4.1566,20.69,16,,2,,,2,,,
7c1c6469-2052-4ee5-bd2b-69af35fd733c,Bayou City Monthly October 13th at Oilfield Sports Complex,2024-10-13,2,Stage 2,c37a3bd1-f083-4d60-88dc-53a06166592d,Chuck Bradbury,25,53.63,10,59.21,Carry Optics,X,A107489,MINOR,,59.2105,53.6266,4.1551,21.66,15,,5,,,,,,
7c1c6469-2052-4ee5-bd2b-69af35fd733c,Bayou City Monthly October 13th at Oilfield Sports Complex,2024-10-13,2,Stage 2,c37a3bd1-f083-4d60-88dc-53a06166592d,Desmond Jackson,26,53.23,11,58.78,Carry Optics,X,TY89242,MINOR,Lady,58.7773,53.2343,4.1247,21.82,16,,3,1,,,,,
7c1c6469-2052-4ee5-bd2b-69af35fd733c,Bayou City Monthly October 13th at Oilfield Sports Complex,2024-10-13,2,Stage 2,c37a3bd1-f083-4d60-88dc-53a06166592d,James jackson,27,53.13,12,58.66,Carry Optics,X,A89219,MINOR,,58.6619,53.1298,4.1166,23.32,18,,2,,,,,,
7c1c6469-2052-4ee5-bd2b-69af35fd733c,Bayou City Monthly October 13th at Oilfield Sports Complex,2024-10-13,2,Stage 2,c37a3bd1-f083-4d60-88dc-53a06166592d,Gary Wu,28,51.94,3,85.55,Production,B,L2998,MINOR,Senior,85.5503,51.9450,4.0248,16.15,10,,8,1,,1,1,,
7c1c6469-2052-4ee5-bd2b-69af35fd733c,Bayou City Monthly October 13th at Oilfield Sports Complex,2024-10-13,2,Stage 2,c37a3bd1-f083-4d60-88dc-53a06166592d,George Zhou,29,51.19,13,56.52,Carry Optics,B,A146179,MINOR,,56.5230,51.1925,3.9665,17.90,12,,7,,,1,1,,
7c1c6469-2052-4ee5-bd2b-69af35fd733c,Bayou City Monthly October 13th at Oilfield Sports Complex,2024-10-13,2,Stage 2,c37a3bd1-f083-4d60-88dc-53a06166592d,Michael Pontious,30,46.74,5,54.55,Limited Optics,B,Fy94575,MINOR,Senior,54.5489,46.7399,3.6215,22.09,14,,3,1,,2,,,
7c1c6469-2052-4ee5-bd2b-69af35fd733c,Bayou City Monthly October 13th at Oilfield Sports Complex,2024-10-13,2,Stage 2,c37a3bd1-f083-4d60-88dc-53a06166592d,ozzy vazquez,31,46.62,14,51.47,Carry Optics,,,MINOR,,51.4727,46.6186,3.6121,25.47,17,,2,1,,,,,
7c1c6469-2052-4ee5-bd2b-69af35fd733c,Bayou City Monthly October 13th at Oilfield Sports Complex,2024-10-13,2,Stage 2,c37a3bd1-f083-4d60-88dc-53a06166592d,Shaun Ebersole,32,45.15,6,52.69,Limited Optics,U,A160600,MINOR,,52.6947,45.1511,3.4984,22.01,16,,2,1,1,,,,
7c1c6469-2052-4ee5-bd2b-69af35fd733c,Bayou City Monthly October 13th at Oilfield Sports Complex,2024-10-13,2,Stage 2,c37a3bd1-f083-4d60-88dc-53a06166592d,Matthew Howard,33,45.07,4,45.07,Open,U,A161081,MINOR,,45.0711,45.0711,3.4922,21.19,11,,6,1,,2,,,
7c1c6469-2052-4ee5-bd2b-69af35fd733c,Bayou City Monthly October 13th at Oilfield Sports Complex,2024-10-13,2,Stage 2,c37a3bd1-f083-4d60-88dc-53a06166592d,randy callison,34,44.64,2,80.76,Single Stack,U,A14418,MAJOR,Super Senior,80.7603,44.6400,3.4588,22.84,13,,6,,1,,,,
7c1c6469-2052-4ee5-bd2b-69af35fd733c,Bayou City Monthly October 13th at Oilfield Sports Complex,2024-10-13,2,Stage 2,c37a3bd1-f083-4d60-88dc-53a06166592d,"Byron ""BJ"" Frank",35,42.77,15,47.22,Carry Optics,D,A139338,MINOR,Super Senior; Law Enforcement; Military,47.2205,42.7674,3.3137,27.16,15,,5,,,,,,
7c1c6469-2052-4ee5-bd2b-69af35fd733c,Bayou City Monthly October 13th at Oilfield Sports Complex,2024-10-13,2,Stage 2,c37a3bd1-f083-4d60-88dc-53a06166592d,Ben Castagno,36,38.75,16,42.79,Carry Optics,,,MINOR,,42.7873,38.7522,3.0026,30.64,18,,,2,,,,,
7c1c6469-2052-4ee5-bd2b-69af35fd733c,Bayou City Monthly October 13th at Oilfield Sports Complex,2024-10-13,2,Stage 2,c37a3bd1-f083-4d60-88dc-53a06166592d,Edward Yu,37,35.71,3,47.53,Limited,U,A148356,MINOR,Law Enforcement,47.5332,35.7115,2.7670,23.13,11,,5,4,,,1,,
7c1c6469-2052-4ee5-bd2b-69af35fd733c,Bayou City Monthly October 13th at Oilfield Sports Complex,2024-10-13,2,Stage 2,c37a3bd1-f083-4d60-88dc-53a06166592d,Jessica Zhang,38,30.89,4,41.11,Limited,,,MINOR,Lady,41.1135,30.8885,2.3933,30.92,15,,3,,1,1,,,
7c1c6469-2052-4ee5-bd2b-69af35fd733c,Bayou City Monthly October 13th at Oilfield Sports Complex,2024-10-13,2,Stage 2,c37a3bd1-f083-4d60-88dc-53a06166592d,Ronald Gillory,39,29.65,4,33.39,PCC,B,TY83291,MINOR,,33.3886,29.6520,2.2975,34.82,18,,,,,2,1,,
7c1c6469-2052-4ee5-bd2b-69af35fd733c,Bayou City Monthly October 13th at Oilfield Sports Complex,2024-10-13,2,Stage 2,c37a3bd1-f083-4d60-88dc-53a06166592d,CARLOS NIEVES,40,28.43,3,51.44,Single Stack,U,A120418,MAJOR,,51.4360,28.4311,2.2029,36.77,15,,4,,1,,,,
7c1c6469-2052-4ee5-bd2b-69af35fd733c,Bayou City Monthly October 13th at Oilfield Sports Complex,2024-10-13,2,Stage 2,c37a3bd1-f083-4d60-88dc-53a06166592d,"Byron ""BJ"" Frank",41,28.02,5,31.55,PCC,U,A139338,MINOR,Super Senior; Law Enforcement; Military,31.5531,28.0220,2.1712,32.24,18,,,,2,,,,
7c1c6469-2052-4ee5-bd2b-69af35fd733c,Bayou City Monthly October 13th at Oilfield Sports Complex,2024-10-13,2,Stage 2,c37a3bd1-f083-4d60-88dc-53a06166592d,William Holderfield,42,27.98,17,30.90,Carry Optics,U,A160443,MINOR,,30.8985,27.9846,2.1683,23.06,11,,5,,2,2,,,
7c1c6469-2052-4ee5-bd2b-69af35fd733c,Bayou City Monthly October 13th at Oilfield Sports Complex,2024-10-13,2,Stage 2,c37a3bd1-f083-4d60-88dc-53a06166592d,John Del Toro,43,26.22,5,34.89,Limited,C,A107511,MINOR,Super Senior,34.8949,26.2164,2.0313,40.86,18,,1,,1,,,,
7c1c6469-2052-4ee5-bd2b-69af35fd733c,Bayou City Monthly October 13th at Oilfield Sports Complex,2024-10-13,2,Stage 2,c37a3bd1-f083-4d60-88dc-53a06166592d,Jack Galloway,44,21.16,7,24.69,Limited Optics,,,MINOR,,24.6920,21.1572,1.6393,31.11,11,,4,4,,1,1,1,
7c1c6469-2052-4ee5-bd2b-69af35fd733c,Bayou City Monthly October 13th at Oilfield Sports Complex,2024-10-13,2,Stage 2,c37a3bd1-f083-4d60-88dc-53a06166592d,Harlan Chen,45,18.85,18,20.81,Carry Optics,,,MINOR,,20.8094,18.8470,1.4603,31.50,14,,2,,2,2,,1,
7c1c6469-2052-4ee5-bd2b-69af35fd733c,Bayou City Monthly October 13th at Oilfield Sports Complex,2024-10-13,2,Stage 2,c37a3bd1-f083-4d60-88dc-53a06166592d,Jon Baguio,46,0.00,5,0.00,Open,C,A101177,MAJOR,,0.0000,0.0000,,,,,,,,,,,
7c1c6469-2052-4ee5-bd2b-69af35fd733c,Bayou City Monthly October 13th at Oilfield Sports Complex,2024-10-13,2,Stage 2,c37a3bd1-f083-4d60-88dc-53a06166592d,Jerry Bedro,47,0.00,6,0.00,PCC,B,A98263,MINOR,,0.0000,0.0000,,,,,,,,,,,
7c1c6469-2052-4ee5-bd2b-69af35fd733c,Bayou City Monthly October 13th at Oilfield Sports Complex,2024-10-13,2,Stage 2,c37a3bd1-f083-4d60-88dc-53a06166592d,Robbie Boettcher,48,0.00,8,0.00,Limited Optics,C,L5829,MINOR,,0.0000,0.0000,,,,,,,,,,,
7c1c6469-2052-4ee5-bd2b-69af35fd733c,Bayou City Monthly October 13th at Oilfield Sports Complex,2024-10-13,2,Stage 2,c37a3bd1-f083-4d60-88dc-53a06166592d,Andy Chen,49,0.00,6,0.00,Open,A,A86721,MINOR,,0.0000,0.0000,,,,,,,,,,,
7c1c6469-2052-4ee5-bd2b-69af35fd733c,Bayou City Monthly October 13th at Oilfield Sports Complex,2024-10-13,2,Stage 2,c37a3bd1-f083-4d60-88dc-53a06166592d,Pocholo Dimayuga,50,0.00,7,0.00,Open,C,A106236,MINOR,,0.0000,0.0000,,,,,,,,,,,
7c1c6469-2052-4ee5-bd2b-69af35fd733c,Bayou City Monthly October 13th at Oilfield Sports Complex,2024-10-13,2,Stage 2,c37a3bd1-f083-4d60-88dc-53a06166592d,Teddy Elarmo,51,0.00,9,0.00,Limited Optics,C,A142885,MINOR,,0.0000,0.0000,,,,,,,,,,,
7c1c6469-2052-4ee5-bd2b-69af35fd733c,Bayou City Monthly October 13th at Oilfield Sports Complex,2024-10-13,2,Stage 2,c37a3bd1-f083-4d60-88dc-53a06166592d,Hugh Fullerton,52,0.00,6,0.00,Limited,C,A140572,MAJOR,,0.0000,0.0000,,,,,,,,,,,
7c1c6469-2052-4ee5-bd2b-69af35fd733c,Bayou City Monthly October 13th at Oilfield Sports Complex,2024-10-13,2,Stage 2,c37a3bd1-f083-4d60-88dc-53a06166592d,Arnold Gee,53,0.00,8,0.00,Open,B,A103519,MAJOR,Senior,0.0000,0.0000,,,,,,,,,,,
7c1c6469-2052-4ee5-bd2b-69af35fd733c,Bayou City Monthly October 13th at Oilfield Sports Complex,2024-10-13,2,Stage 2,c37a3bd1-f083-4d60-88dc-53a06166592d,Aaron Gillory,54,0.00,19,0.00,Carry Optics,B,TY144826,MINOR,Law Enforcement,0.0000,0.0000,,,,,,,,,,,
7c1c6469-2052-4ee5-bd2b-69af35fd733c,Bayou City Monthly October 13th at Oilfield Sports Complex,2024-10-13,2,Stage 2,c37a3bd1-f083-4d60-88dc-53a06166592d,Rudy Widiaman,55,0.00,7,0.00,PCC,U,A155535,MINOR,,0.0000,0.0000,,,,,,,,,,,
7c1c6469-2052-4ee5-bd2b-69af35fd733c,Bayou City Monthly October 13th at Oilfield Sports Complex,2024-10-13,2,Stage 2,c37a3bd1-f083-4d60-88dc-53a06166592d,Anji Xu,56,0.00,8,0.00,PCC,U,FY135340,MINOR,,0.0000,0.0000,,,,,,,,,,,
7c1c6469-2052-4ee5-bd2b-69af35fd733c,Bayou City Monthly October 13th at Oilfield Sports Complex,2024-10-13,3,Stage 3,4633cb72-f953-45a9-830c-c567248a44d3,Bobby Ivester,1,100.00,1,100.00,Open,M,A101336,MAJOR,,140.0000,140.0000,7.4238,18.05,22,,6,,,,,,
7c1c6469-2052-4ee5-bd2b-69af35fd733c,Bayou City Monthly October 13th at Oilfield Sports Complex,2024-10-13,3,Stage 3,4633cb72-f953-45a9-830c-c567248a44d3,Tony Vale,2,96.06,1,100.00,Carry Optics,A,A153735,MINOR,,140.0000,134.4896,7.1316,19.07,26,,2,,,,,,
7c1c6469-2052-4ee5-bd2b-69af35fd733c,Bayou City Monthly October 13th at Oilfield Sports Complex,2024-10-13,3,Stage 3,4633cb72-f953-45a9-830c-c567248a44d3,Jim Havens,3,90.86,1,100.00,Limited Optics,,TY114636,MINOR,Senior,140.0000,127.1971,6.7449,20.46,27,,1,,,,,,
7c1c6469-2052-4ee5-bd2b-69af35fd733c,Bayou City Monthly October 13th at Oilfield Sports Complex,2024-10-13,3,Stage 3,4633cb72-f953-45a9-830c-c567248a44d3,Brandon Foss,4,90.59,2,94.30,Carry Optics,M,L5142,MINOR,,132.0239,126.8275,6.7253,19.33,23,,5,,,,,,
7c1c6469-2052-4ee5-bd2b-69af35fd733c,Bayou City Monthly October 13th at Oilfield Sports Complex,2024-10-13,3,Stage 3,4633cb72-f953-45a9-830c-c567248a44d3,AJ Jackson,5,89.51,1,100.00,PCC,A,TY81745,MINOR,,140.0000,125.3113,6.6449,18.36,21,,5,2,,,,,
7c1c6469-2052-4ee5-bd2b-69af35fd733c,Bayou City Monthly October 13th at Oilfield Sports Complex,2024-10-13,3,Stage 3,4633cb72-f953-45a9-830c-c567248a44d3,Roger Feng,6,83.28,3,86.69,Carry Optics,B,A157776,MINOR,,121.3722,116.5950,6.1827,21.35,24,,4,,,,,,
7c1c6469-2052-4ee5-bd2b-69af35fd733c,Bayou City Monthly October 13th at Oilfield Sports Complex,2024-10-13,3,Stage 3,4633cb72-f953-45a9-830c-c567248a44d3,Antonio Tormis,7,82.60,2,82.60,Open,C,A124958,MAJOR,,115.6370,115.6370,6.1319,21.69,23,,4,1,,,,,
7c1c6469-2052-4ee5-bd2b-69af35fd733c,Bayou City Monthly October 13th at Oilfield Sports Complex,2024-10-13,3,Stage 3,4633cb72-f953-45a9-830c-c567248a44d3,Kenedy Nguyen,8,80.51,2,88.61,Limited Optics,U,A83862,MINOR,,124.0570,112.7121,5.9768,22.42,25,,3,,,,,,
7c1c6469-2052-4ee5-bd2b-69af35fd733c,Bayou City Monthly October 13th at Oilfield Sports Complex,2024-10-13,3,Stage 3,4633cb72-f953-45a9-830c-c567248a44d3,Lee Cardwell,9,80.09,4,83.37,Carry Optics,B,A155173,MINOR,,116.7236,112.1294,5.9459,22.20,25,,2,1,,,,,
7c1c6469-2052-4ee5-bd2b-69af35fd733c,Bayou City Monthly October 13th at Oilfield Sports Complex,2024-10-13,3,Stage 3,4633cb72-f953-45a9-830c-c567248a44d3,Gilbert Goodman,10,76.65,5,79.80,Carry Optics,B,A145861,MINOR,,111.7138,107.3167,5.6907,24.25,27,,1,,,,,,
7c1c6469-2052-4ee5-bd2b-69af35fd733c,Bayou City Monthly October 13th at Oilfield Sports Complex,2024-10-13,3,Stage 3,4633cb72-f953-45a9-830c-c567248a44d3,Gary Wu,11,76.52,1,100.00,Production,B,L2998,MINOR,Senior,140.0000,107.1300,5.6808,22.18,21,,7,,,,,,
7c1c6469-2052-4ee5-bd2b-69af35fd733c,Bayou City Monthly October 13th at Oilfield Sports Complex,2024-10-13,3,Stage 3,4633cb72-f953-45a9-830c-c567248a44d3,Jesse Harrington,12,74.80,6,77.87,Carry Optics,B,A153046,MINOR,,109.0145,104.7237,5.5532,23.77,24,,4,,,,,,
7c1c6469-2052-4ee5-bd2b-69af35fd733c,Bayou City Monthly October 13th at Oilfield Sports Complex,2024-10-13,3,Stage 3,4633cb72-f953-45a9-830c-c567248a44d3,Ray Fishel,13,72.33,2,80.81,PCC,B,A92443,MINOR,Senior,113.1331,101.2632,5.3697,24.21,23,,5,,,,,,
7c1c6469-2052-4ee5-bd2b-69af35fd733c,Bayou City Monthly October 13th at Oilfield Sports Complex,2024-10-13,3,Stage 3,4633cb72-f953-45a9-830c-c567248a44d3,Shaun Ebersole,14,72.05,3,79.30,Limited Optics,U,A160600,MINOR,,111.0220,100.8691,5.3488,25.80,27,,1,,,,,,
7c1c6469-2052-4ee5-bd2b-69af35fd733c,Bayou City Monthly October 13th at Oilfield Sports Complex,2024-10-13,3,Stage 3,4633cb72-f953-45a9-830c-c567248a44d3,George Zhou,15,71.68,7,74.62,Carry Optics,B,A146179,MINOR,,104.4621,100.3505,5.3213,24.43,24,,3,1,,,,,
7c1c6469-2052-4ee5-bd2b-69af35fd733c,Bayou City Monthly October 13th at Oilfield Sports Complex,2024-10-13,3,Stage 3,4633cb72-f953-45a9-830c-c567248a44d3,Tyler Kenny,16,71.04,3,79.37,PCC,U,A148691,MINOR,,111.1168,99.4585,5.2740,24.27,27,,1,,,,1,,
7c1c6469-2052-4ee5-bd2b-69af35fd733c,Bayou City Monthly October 13th at Oilfield Sports Complex,2024-10-13,3,Stage 3,4633cb72-f953-45a9-830c-c567248a44d3,Abe Valdez,17,63.63,8,66.24,Carry Optics,B,A148541,MINOR,,92.7326,89.0827,4.7238,24.98,17,,11,,,,,,
7c1c6469-2052-4ee5-bd2b-69af35fd733c,Bayou City Monthly October 13th at Oilfield Sports Complex,2024-10-13,3,Stage 3,4633cb72-f953-45a9-830c-c567248a44d3,Eric Wu,18,63.29,2,82.71,Production,C,FY104740,MINOR,,115.7967,88.6093,4.6987,26.39,20,,8,,,,,,
7c1c6469-2052-4ee5-bd2b-69af35fd733c,Bayou City Monthly October 13th at Oilfield Sports Complex,2024-10-13,3,Stage 3,4633cb72-f953-45a9-830c-c567248a44d3,Heath Helgeson,19,62.23,4,68.49,Limited Optics,U,A149129,MINOR,,95.8864,87.1176,4.6196,22.08,22,,4,,2,,,,
7c1c6469-2052-4ee5-bd2b-69af35fd733c,Bayou City Monthly October 13th at Oilfield Sports Complex,2024-10-13,3,Stage 3,4633cb72-f953-45a9-830c-c567248a44d3,John Ren,20,60.90,1,100.00,Limited,X,A152674,MINOR,,140.0000,85.2639,4.5213,30.08,26,,2,,,,,,
7c1c6469-2052-4ee5-bd2b-69af35fd733c,Bayou City Monthly October 13th at Oilfield Sports Complex,2024-10-13,3,Stage 3,4633cb72-f953-45a9-830c-c567248a44d3,ozzy vazquez,21,59.75,9,62.20,Carry Optics,,,MINOR,,87.0770,83.6496,4.4357,20.29,22,,3,1,2,,,1,
7c1c6469-2052-4ee5-bd2b-69af35fd733c,Bayou City Monthly October 13th at Oilfield Sports Complex,2024-10-13,3,Stage 3,4633cb72-f953-45a9-830c-c567248a44d3,Isaac Robledo,22,57.88,10,60.25,Carry Optics,B,A156101,MINOR,,84.3541,81.0340,4.2970,26.53,21,,6,1,,,1,,
7c1c6469-2052-4ee5-bd2b-69af35fd733c,Bayou City Monthly October 13th at Oilfield Sports Complex,2024-10-13,3,Stage 3,4633cb72-f953-45a9-830c-c567248a44d3,Desmond Jackson,23,55.27,11,57.54,Carry Optics,X,TY89242,MINOR,Lady,80.5556,77.3849,4.1035,33.63,27,,1,,,,,,
7c1c6469-2052-4ee5-bd2b-69af35fd733c,Bayou City Monthly October 13th at Oilfield Sports Complex,2024-10-13,3,Stage 3,4633cb72-f953-45a9-830c-c567248a44d3,Pete Kirchner,24,54.90,12,57.15,Carry Optics,X,TY105743,MINOR,,80.0079,76.8588,4.0756,23.80,24,,2,1,1,,,2,
7c1c6469-2052-4ee5-bd2b-69af35fd733c,Bayou City Monthly October 13th at Oilfield Sports Complex,2024-10-13,3,Stage 3,4633cb72-f953-45a9-830c-c567248a44d3,David Zhang,25,51.74,5,56.95,Limited Optics,B,FY140383,MINOR,,79.7296,72.4384,3.8412,23.43,22,,3,1,2,,,1,
7c1c6469-2052-4ee5-bd2b-69af35fd733c,Bayou City Monthly October 13th at Oilfield Sports Complex,2024-10-13,3,Stage 3,4633cb72-f953-45a9-830c-c567248a44d3,Pat Byrne,26,49.38,2,81.08,Limited,,ty93921,MINOR,Distinguished Senior,113.5160,69.1344,3.6660,24.55,21,,5,,2,,,1,
7c1c6469-2052-4ee5-bd2b-69af35fd733c,Bayou City Monthly October 13th at Oilfield Sports Complex,2024-10-13,3,Stage 3,4633cb72-f953-45a9-830c-c567248a44d3,randy callison,27,48.88,1,100.00,Single Stack,U,A14418,MAJOR,Super Senior,140.0000,68.4348,3.6289,31.69,19,,7,1,1,,,,
7c1c6469-2052-4ee5-bd2b-69af35fd733c,Bayou City Monthly October 13th at Oilfield Sports Complex,2024-10-13,3,Stage 3,4633cb72-f953-45a9-830c-c567248a44d3,Blaine Newlin,28,48.68,3,63.62,Production,B,A103350,MINOR,,89.0649,68.1538,3.6140,27.67,22,,3,1,2,,,,
7c1c6469-2052-4ee5-bd2b-69af35fd733c,Bayou City Monthly October 13th at Oilfield Sports Complex,2024-10-13,3,Stage 3,4633cb72-f953-45a9-830c-c567248a44d3,Harlan Chen,29,47.05,13,48.98,Carry Optics,,,MINOR,,68.5669,65.8682,3.4928,39.51,27,,1,,,,,,
7c1c6469-2052-4ee5-bd2b-69af35fd733c,Bayou City Monthly October 13th at Oilfield Sports Complex,2024-10-13,3,Stage 3,4633cb72-f953-45a9-830c-c567248a44d3,Ronald Gillory,30,46.79,4,52.28,PCC,B,TY83291,MINOR,,73.1909,65.5117,3.4739,40.30,28,,,,,,,,
7c1c6469-2052-4ee5-bd2b-69af35fd733c,Bayou City Monthly October 13th at Oilfield Sports Complex,2024-10-13,3,Stage 3,4633cb72-f953-45a9-830c-c567248a44d3,Chuck Bradbury,31,43.74,14,45.53,Carry Optics,X,A107489,MINOR,,63.7377,61.2290,3.2468,30.80,26,,,,2,,,1,
7c1c6469-2052-4ee5-bd2b-69af35fd733c,Bayou City Monthly October 13th at Oilfield Sports Complex,2024-10-13,3,Stage 3,4633cb72-f953-45a9-830c-c567248a44d3,Michael Pontious,32,42.57,6,46.85,Limited Optics,B,Fy94575,MINOR,Senior,65.5903,59.5921,3.1600,25.00,22,,3,,3,,,1,
7c1c6469-2052-4ee5-bd2b-69af35fd733c,Bayou City Monthly October 13th at Oilfield Sports Complex,2024-10-13,3,Stage 3,4633cb72-f953-45a9-830c-c567248a44d3,"Jeff Maxwell, Jr.",33,41.46,2,84.82,Single Stack,C,L4489,MAJOR,Senior,118.7467,58.0457,3.0780,43.86,23,,5,,,,,,
7c1c6469-2052-4ee5-bd2b-69af35fd733c,Bayou City Monthly October 13th at Oilfield Sports Complex,2024-10-13,3,Stage 3,4633cb72-f953-45a9-830c-c567248a44d3,Juston Thomson,34,40.48,3,40.48,Open,,,MINOR,Junior,56.6653,56.6653,3.0048,27.29,23,,2,1,2,,1,1,
7c1c6469-2052-4ee5-bd2b-69af35fd733c,Bayou City Monthly October 13th at Oilfield Sports Complex,2024-10-13,3,Stage 3,4633cb72-f953-45a9-830c-c567248a44d3,Jessica Zhang,35,39.14,3,64.27,Limited,,,MINOR,Lady,89.9799,54.8002,2.9059,43.36,21,,7,,,,,,
7c1c6469-2052-4ee5-bd2b-69af35fd733c,Bayou City Monthly October 13th at Oilfield Sports Complex,2024-10-13,3,Stage 3,4633cb72-f953-45a9-830c-c567248a44d3,Ben Castagno,36,34.88,15,36.31,Carry Optics,,,MINOR,,50.8304,48.8297,2.5893,38.62,26,,,,2,,,1,
7c1c6469-2052-4ee5-bd2b-69af35fd733c,Bayou City Monthly October 13th at Oilfield Sports Complex,2024-10-13,3,Stage 3,4633cb72-f953-45a9-830c-c567248a44d3,"Byron ""BJ"" Frank",37,33.38,5,37.29,PCC,U,A139338,MINOR,Super Senior; Law Enforcement; Military,52.2085,46.7308,2.4780,43.18,23,,4,,1,,1,,
7c1c6469-2052-4ee5-bd2b-69af35fd733c,Bayou City Monthly October 13th at Oilfield Sports Complex,2024-10-13,3,Stage 3,4633cb72-f953-45a9-830c-c567248a44d3,James jackson,38,33.27,16,34.63,Carry Optics,X,A89219,MINOR,,48.4825,46.5743,2.4697,42.11,23,,3,,2,,,,
7c1c6469-2052-4ee5-bd2b-69af35fd733c,Bayou City Monthly October 13th at Oilfield Sports Complex,2024-10-13,3,Stage 3,4633cb72-f953-45a9-830c-c567248a44d3,Jack Galloway,39,31.23,7,34.37,Limited Optics,,,MINOR,,48.1217,43.7210,2.3184,58.66,27,,,1,,,,,
7c1c6469-2052-4ee5-bd2b-69af35fd733c,Bayou City Monthly October 13th at Oilfield Sports Complex,2024-10-13,3,Stage 3,4633cb72-f953-45a9-830c-c567248a44d3,Matthew Howard,40,30.99,4,30.99,Open,U,A161081,MINOR,,43.3872,43.3872,2.3007,38.25,20,,6,,2,,,1,
7c1c6469-2052-4ee5-bd2b-69af35fd733c,Bayou City Monthly October 13th at Oilfield Sports Complex,2024-10-13,3,Stage 3,4633cb72-f953-45a9-830c-c567248a44d3,"Byron ""BJ"" Frank",41,28.39,17,29.55,Carry Optics,D,A139338,MINOR,Super Senior; Law Enforcement; Military,41.3761,39.7476,2.1077,42.70,21,,5,,2,,,1,
7c1c6469-2052-4ee5-bd2b-69af35fd733c,Bayou City Monthly October 13th at Oilfield Sports Complex,2024-10-13,3,Stage 3,4633cb72-f953-45a9-830c-c567248a44d3,Edward Yu,42,19.60,4,32.19,Limited,U,A148356,MINOR,Law Enforcement,45.0627,27.4444,1.4553,43.29,17,,5,3,3,,,1,
7c1c6469-2052-4ee5-bd2b-69af35fd733c,Bayou City Monthly October 13th at Oilfield Sports Complex,2024-10-13,3,Stage 3,4633cb72-f953-45a9-830c-c567248a44d3,John Del Toro,43,16.50,5,27.09,Limited,C,A107511,MINOR,Super Senior,37.9223,23.0957,1.2247,75.12,22,,4,,2,,,1,
7c1c6469-2052-4ee5-bd2b-69af35fd733c,Bayou City Monthly October 13th at Oilfield Sports Complex,2024-10-13,3,Stage 3,4633cb72-f953-45a9-830c-c567248a44d3,CARLOS NIEVES,44,14.71,3,30.08,Single Stack,U,A120418,MAJOR,,42.1169,20.5876,1.0917,36.64,14,,7,1,6,,,,
7c1c6469-2052-4ee5-bd2b-69af35fd733c,Bayou City Monthly October 13th at Oilfield Sports Complex,2024-10-13,3,Stage 3,4633cb72-f953-45a9-830c-c567248a44d3,Jon Baguio,45,0.00,5,0.00,Open,C,A101177,MAJOR,,0.0000,0.0000,,,,,,,,,,,
7c1c6469-2052-4ee5-bd2b-69af35fd733c,Bayou City Monthly October 13th at Oilfield Sports Complex,2024-10-13,3,Stage 3,4633cb72-f953-45a9-830c-c567248a44d3,Jerry Bedro,46,0.00,6,0.00,PCC,B,A98263,MINOR,,0.0000,0.0000,,,,,,,,,,,
7c1c6469-2052-4ee5-bd2b-69af35fd733c,Bayou City Monthly October 13th at Oilfield Sports Complex,2024-10-13,3,Stage 3,4633cb72-f953-45a9-830c-c567248a44d3,Robbie Boettcher,47,0.00,8,0.00,Limited Optics,C,L5829,MINOR,,0.0000,0.0000,,,,,,,,,,,
7c1c6469-2052-4ee5-bd2b-69af35fd733c,Bayou City Monthly October 13th at Oilfield Sports Complex,2024-10-13,3,Stage 3,4633cb72-f953-45a9-830c-c567248a44d3,Andy Chen,48,0.00,6,0.00,Open,A,A86721,MINOR,,0.0000,0.0000,,,,,,,,,,,
7c1c6469-2052-4ee5-bd2b-69af35fd733c,Bayou City Monthly October 13th at Oilfield Sports Complex,2024-10-13,3,Stage 3,4633cb72-f953-45a9-830c-c567248a44d3,Pocholo Dimayuga,49,0.00,7,0.00,Open,C,A106236,MINOR,,0.0000,0.0000,,,,,,,,,,,
7c1c6469-2052-4ee5-bd2b-69af35fd733c,Bayou City Monthly October 13th at Oilfield Sports Complex,2024-10-13,3,Stage 3,4633cb72-f953-45a9-830c-c567248a44d3,Teddy Elarmo,50,0.00,9,0.00,Limited Optics,C,A142885,MINOR,,0.0000,0.0000,,,,,,,,,,,
7c1c6469-2052-4ee5-bd2b-69af35fd733c,Bayou City Monthly October 13th at Oilfield Sports Complex,2024-10-13,3,Stage 3,4633cb72-f953-45a9-830c-c567248a44d3,Hugh Fullerton,51,0.00,6,0.00,Limited,C,A140572,MAJOR,,0.0000,0.0000,,,,,,,,,,,
7c1c6469-2052-4ee5-bd2b-69af35fd733c,Bayou City Monthly October 13th at Oilfield Sports Complex,2024-10-13,3,Stage 3,4633cb72-f953-45a9-830c-c567248a44d3,Arnold Gee,52,0.00,8,0.00,Open,B,A103519,MAJOR,Senior,0.0000,0.0000,,,,,,,,,,,
7c1c6469-2052-4ee5-bd2b-69af35fd733c,Bayou City Monthly October 13th at Oilfield Sports Complex,2024-10-13,3,Stage 3,4633cb72-f953-45a9-830c-c567248a44d3,Aaron Gillory,53,0.00,18,0.00,Carry Optics,B,TY144826,MINOR,Law Enforcement,0.0000,0.0000,,,,,,,,,,,
7c1c6469-2052-4ee5-bd2b-69af35fd733c,Bayou City Monthly October 13th at Oilfield Sports Complex,2024-10-13,3,Stage 3,4633cb72-f953-45a9-830c-c567248a44d3,Rudy Widiaman,54,0.00,7,0.00,PCC,U,A155535,MINOR,,0.0000,0.0000,,,,,,,,,,,
7c1c6469-2052-4ee5-bd2b-69af35fd733c,Bayou City Monthly October 13th at Oilfield Sports Complex,2024-10-13,3,Stage 3,4633cb72-f953-45a9-830c-c567248a44d3,Anji Xu,55,0.00,8,0.00,PCC,U,FY135340,MINOR,,0.0000,0.0000,,,,,,,,,,,
7c1c6469-2052-4ee5-bd2b-69af35fd733c,Bayou City Monthly October 13th at Oilfield Sports Complex,2024-10-13,3,Stage 3,4633cb72-f953-45a9-830c-c567248a44d3,William Holderfield,56,0.00,19,0.00,Carry Optics,U,A160443,MINOR,,0.0000,0.0000,0.0000,39.27,16,,4,2,6,,,4,
7c1c6469-2052-4ee5-bd2b-69af35fd733c,Bayou City Monthly October 13th at Oilfield Sports Complex,2024-10-13,4,Stage 4,f774c2cc-a7fb-448d-b934-521724c13f30,Bobby Ivester,1,100.00,1,100.00,Open,M,A101336,MAJOR,,120.0000,120.0000,7.6667,15.00,19,,5,,,,,,
7c1c6469-2052-4ee5-bd2b-69af35fd733c,Bayou City Monthly October 13th at Oilfield Sports Complex,2024-10-13,4,Stage 4,f774c2cc-a7fb-448d-b934-521724c13f30,Jim Havens,2,92.51,1,100.00,Limited Optics,,TY114636,MINOR,Senior,120.0000,111.0079,7.0922,16.92,24,,,,,,,,
7c1c6469-2052-4ee5-bd2b-69af35fd733c,Bayou City Monthly October 13th at Oilfield Sports Complex,2024-10-13,4,Stage 4,f774c2cc-a7fb-448d-b934-521724c13f30,Brandon Foss,3,92.00,1,100.00,Carry Optics,M,L5142,MINOR,,120.0000,110.3974,7.0532,16.73,23,,1,,,,,,
7c1c6469-2052-4ee5-bd2b-69af35fd733c,Bayou City Monthly October 13th at Oilfield Sports Complex,2024-10-13,4,Stage 4,f774c2cc-a7fb-448d-b934-521724c13f30,Lee Cardwell,4,87.54,2,95.15,Carry Optics,B,A155173,MINOR,,114.1848,105.0475,6.7114,16.39,20,,3,1,,,,,
7c1c6469-2052-4ee5-bd2b-69af35fd733c,Bayou City Monthly October 13th at Oilfield Sports Complex,2024-10-13,4,Stage 4,f774c2cc-a7fb-448d-b934-521724c13f30,AJ Jackson,5,82.86,1,100.00,PCC,A,TY81745,MINOR,,120.0000,99.4363,6.3529,17.00,19,,4,1,,,,,
7c1c6469-2052-4ee5-bd2b-69af35fd733c,Bayou City Monthly October 13th at Oilfield Sports Complex,2024-10-13,4,Stage 4,f774c2cc-a7fb-448d-b934-521724c13f30,Tony Vale,6,81.10,3,88.15,Carry Optics,A,A153735,MINOR,,105.7835,97.3185,6.2176,17.37,18,,6,,,,,,
7c1c6469-2052-4ee5-bd2b-69af35fd733c,Bayou City Monthly October 13th at Oilfield Sports Complex,2024-10-13,4,Stage 4,f774c2cc-a7fb-448d-b934-521724c13f30,Roger Feng,7,78.50,4,85.33,Carry Optics,B,A157776,MINOR,,102.3927,94.1991,6.0183,18.61,20,,4,,,,,,
7c1c6469-2052-4ee5-bd2b-69af35fd733c,Bayou City Monthly October 13th at Oilfield Sports Complex,2024-10-13,4,Stage 4,f774c2cc-a7fb-448d-b934-521724c13f30,ozzy vazquez,8,76.32,5,82.96,Carry Optics,,,MINOR,,99.5565,91.5899,5.8516,19.14,20,,4,,,,,,
7c1c6469-2052-4ee5-bd2b-69af35fd733c,Bayou City Monthly October 13th at Oilfield Sports Complex,2024-10-13,4,Stage 4,f774c2cc-a7fb-448d-b934-521724c13f30,Isaac Robledo,9,75.88,6,82.48,Carry Optics,B,A156101,MINOR,,98.9815,91.0608,5.8178,18.22,18,,5,1,,,,,
7c1c6469-2052-4ee5-bd2b-69af35fd733c,Bayou City Monthly October 13th at Oilfield Sports Complex,2024-10-13,4,Stage 4,f774c2cc-a7fb-448d-b934-521724c13f30,Juston Thomson,10,71.81,2,71.81,Open,,,MINOR,Junior,86.1727,86.1727,5.5055,19.98,19,,5,,,,,,
7c1c6469-2052-4ee5-bd2b-69af35fd733c,Bayou City Monthly October 13th at Oilfield Sports Complex,2024-10-13,4,Stage 4,f774c2cc-a7fb-448d-b934-521724c13f30,Pete Kirchner,11,71.40,7,77.61,Carry Optics,X,TY105743,MINOR,,93.1339,85.6812,5.4741,20.46,20,,4,,,,,,
7c1c6469-2052-4ee5-bd2b-69af35fd733c,Bayou City Monthly October 13th at Oilfield Sports Complex,2024-10-13,4,Stage 4,f774c2cc-a7fb-448d-b934-521724c13f30,Kenedy Nguyen,12,70.22,2,75.90,Limited Optics,U,A83862,MINOR,,91.0837,84.2584,5.3832,21.92,23,,1,,,,,,
7c1c6469-2052-4ee5-bd2b-69af35fd733c,Bayou City Monthly October 13th at Oilfield Sports Complex,2024-10-13,4,Stage 4,f774c2cc-a7fb-448d-b934-521724c13f30,Tyler Kenny,13,68.97,2,83.23,PCC,U,A148691,MINOR,,99.8775,82.7621,5.2876,21.56,21,,3,,,,,,
7c1c6469-2052-4ee5-bd2b-69af35fd733c,Bayou City Monthly October 13th at Oilfield Sports Complex,2024-10-13,4,Stage 4,f774c2cc-a7fb-448d-b934-521724c13f30,Abe Valdez,14,68.62,8,74.58,Carry Optics,B,A148541,MINOR,,89.5015,82.3395,5.2606,20.91,24,,,,,,1,,
7c1c6469-2052-4ee5-bd2b-69af35fd733c,Bayou City Monthly October 13th at Oilfield Sports Complex,2024-10-13,4,Stage 4,f774c2cc-a7fb-448d-b934-521724c13f30,Antonio Tormis,15,67.10,3,67.10,Open,C,A124958,MAJOR,,80.5144,80.5144,5.1440,19.44,18,,5,,1,,,,
7c1c6469-2052-4ee5-bd2b-69af35fd733c,Bayou City Monthly October 13th at Oilfield Sports Complex,2024-10-13,4,Stage 4,f774c2cc-a7fb-448d-b934-521724c13f30,Jesse Harrington,16,64.65,9,70.27,Carry Optics,B,A153046,MINOR,,84.3294,77.5812,4.9566,19.57,19,,4,,1,,,,
7c1c6469-2052-4ee5-bd2b-69af35fd733c,Bayou City Monthly October 13th at Oilfield Sports Complex,2024-10-13,4,Stage 4,f774c2cc-a7fb-448d-b934-521724c13f30,Gilbert Goodman,17,64.43,10,70.03,Carry Optics,B,A145861,MINOR,,84.0385,77.3136,4.9395,19.84,18,,6,,,,1,,
7c1c6469-2052-4ee5-bd2b-69af35fd733c,Bayou City Monthly October 13th at Oilfield Sports Complex,2024-10-13,4,Stage 4,f774c2cc-a7fb-448d-b934-521724c13f30,Heath Helgeson,18,63.34,3,68.47,Limited Optics,U,A149129,MINOR,,82.1652,76.0082,4.8561,16.68,17,,5,1,1,,1,,
7c1c6469-2052-4ee5-bd2b-69af35fd733c,Bayou City Monthly October 13th at Oilfield Sports Complex,2024-10-13,4,Stage 4,f774c2cc-a7fb-448d-b934-521724c13f30,Michael Pontious,19,63.15,4,68.27,Limited Optics,B,Fy94575,MINOR,Senior,81.9182,75.7797,4.8415,22.72,20,,3,1,,,,,
7c1c6469-2052-4ee5-bd2b-69af35fd733c,Bayou City Monthly October 13th at Oilfield Sports Complex,2024-10-13,4,Stage 4,f774c2cc-a7fb-448d-b934-521724c13f30,David Zhang,20,62.92,5,68.02,Limited Optics,B,FY140383,MINOR,,81.6254,75.5089,4.8242,24.46,23,,1,,,,,,
7c1c6469-2052-4ee5-bd2b-69af35fd733c,Bayou City Monthly October 13th at Oilfield Sports Complex,2024-10-13,4,Stage 4,f774c2cc-a7fb-448d-b934-521724c13f30,Blaine Newlin,21,61.25,1,100.00,Production,B,A103350,MINOR,,120.0000,73.4960,4.6956,25.13,23,,1,,,,,,
7c1c6469-2052-4ee5-bd2b-69af35fd733c,Bayou City Monthly October 13th at Oilfield Sports Complex,2024-10-13,4,Stage 4,f774c2cc-a7fb-448d-b934-521724c13f30,Eric Wu,22,59.84,2,97.70,Production,C,FY104740,MINOR,,117.2400,71.8056,4.5876,22.67,17,,6,1,,,,,
7c1c6469-2052-4ee5-bd2b-69af35fd733c,Bayou City Monthly October 13th at Oilfield Sports Complex,2024-10-13,4,Stage 4,f774c2cc-a7fb-448d-b934-521724c13f30,George Zhou,23,58.30,11,63.37,Carry Optics,B,A146179,MINOR,,76.0421,69.9571,4.4695,20.36,17,,5,1,1,,,,
7c1c6469-2052-4ee5-bd2b-69af35fd733c,Bayou City Monthly October 13th at Oilfield Sports Complex,2024-10-13,4,Stage 4,f774c2cc-a7fb-448d-b934-521724c13f30,Chuck Bradbury,24,54.55,12,59.29,Carry Optics,X,A107489,MINOR,,71.1507,65.4571,4.1820,27.26,21,,3,,,,,,
7c1c6469-2052-4ee5-bd2b-69af35fd733c,Bayou City Monthly October 13th at Oilfield Sports Complex,2024-10-13,4,Stage 4,f774c2cc-a7fb-448d-b934-521724c13f30,Shaun Ebersole,25,52.59,6,56.85,Limited Optics,U,A160600,MINOR,,68.2214,63.1093,4.0320,28.77,22,,2,,,,,,
7c1c6469-2052-4ee5-bd2b-69af35fd733c,Bayou City Monthly October 13th at Oilfield Sports Complex,2024-10-13,4,Stage 4,f774c2cc-a7fb-448d-b934-521724c13f30,Desmond Jackson,26,51.87,13,56.38,Carry Optics,X,TY89242,MINOR,Lady,67.6578,62.2437,3.9767,29.17,22,,2,,,,,,
7c1c6469-2052-4ee5-bd2b-69af35fd733c,Bayou City Monthly October 13th at Oilfield Sports Complex,2024-10-13,4,Stage 4,f774c2cc-a7fb-448d-b934-521724c13f30,Pat Byrne,27,51.25,1,100.00,Limited,,ty93921,MINOR,Distinguished Senior,120.0000,61.5018,3.9293,25.45,19,,5,,,,1,,
7c1c6469-2052-4ee5-bd2b-69af35fd733c,Bayou City Monthly October 13th at Oilfield Sports Complex,2024-10-13,4,Stage 4,f774c2cc-a7fb-448d-b934-521724c13f30,John Ren,28,50.86,2,99.24,Limited,X,A152674,MINOR,,119.0838,61.0323,3.8993,24.62,17,,7,,,,1,,
7c1c6469-2052-4ee5-bd2b-69af35fd733c,Bayou City Monthly October 13th at Oilfield Sports Complex,2024-10-13,4,Stage 4,f774c2cc-a7fb-448d-b934-521724c13f30,Gary Wu,29,49.48,3,80.79,Production,B,L2998,MINOR,Senior,96.9537,59.3810,3.7938,27.94,18,,5,1,,,,,
7c1c6469-2052-4ee5-bd2b-69af35fd733c,Bayou City Monthly October 13th at Oilfield Sports Complex,2024-10-13,4,Stage 4,f774c2cc-a7fb-448d-b934-521724c13f30,Ben Castagno,30,45.43,14,49.38,Carry Optics,,,MINOR,,59.2565,54.5147,3.4829,33.88,23,,1,,,,,,
7c1c6469-2052-4ee5-bd2b-69af35fd733c,Bayou City Monthly October 13th at Oilfield Sports Complex,2024-10-13,4,Stage 4,f774c2cc-a7fb-448d-b934-521724c13f30,Ray Fishel,31,44.04,3,53.15,PCC,B,A92443,MINOR,Senior,63.7769,52.8478,3.3764,30.21,21,,2,1,,,,1,
7c1c6469-2052-4ee5-bd2b-69af35fd733c,Bayou City Monthly October 13th at Oilfield Sports Complex,2024-10-13,4,Stage 4,f774c2cc-a7fb-448d-b934-521724c13f30,"Jeff Maxwell, Jr.",32,43.13,1,100.00,Single Stack,C,L4489,MAJOR,Senior,120.0000,51.7537,3.3065,34.78,19,,5,,,,,,
7c1c6469-2052-4ee5-bd2b-69af35fd733c,Bayou City Monthly October 13th at Oilfield Sports Complex,2024-10-13,4,Stage 4,f774c2cc-a7fb-448d-b934-521724c13f30,Matthew Howard,33,42.90,4,42.90,Open,U,A161081,MINOR,,51.4766,51.4766,3.2888,27.67,17,,5,1,1,,,,
7c1c6469-2052-4ee5-bd2b-69af35fd733c,Bayou City Monthly October 13th at Oilfield Sports Complex,2024-10-13,4,Stage 4,f774c2cc-a7fb-448d-b934-521724c13f30,Jessica Zhang,34,40.50,3,79.02,Limited,,,MINOR,Lady,94.8230,48.5982,3.1049,34.14,17,,7,,,,,,
7c1c6469-2052-4ee5-bd2b-69af35fd733c,Bayou City Monthly October 13th at Oilfield Sports Complex,2024-10-13,4,Stage 4,f774c2cc-a7fb-448d-b934-521724c13f30,randy callison,35,37.00,2,85.80,Single Stack,U,A14418,MAJOR,Super Senior,102.9572,44.4035,2.8369,39.48,18,,5,1,,,,,
7c1c6469-2052-4ee5-bd2b-69af35fd733c,Bayou City Monthly October 13th at Oilfield Sports Complex,2024-10-13,4,Stage 4,f774c2cc-a7fb-448d-b934-521724c13f30,William Holderfield,36,36.90,15,40.11,Carry Optics,U,A160443,MINOR,,48.1279,44.2767,2.8288,33.23,19,,2,3,,,1,,
7c1c6469-2052-4ee5-bd2b-69af35fd733c,Bayou City Monthly October 13th at Oilfield Sports Complex,2024-10-13,4,Stage 4,f774c2cc-a7fb-448d-b934-521724c13f30,Ronald Gillory,37,36.53,4,44.08,PCC,B,TY83291,MINOR,,52.9006,43.8353,2.8006,41.42,22,,2,,,,,,
7c1c6469-2052-4ee5-bd2b-69af35fd733c,Bayou City Monthly October 13th at Oilfield Sports Complex,2024-10-13,4,Stage 4,f774c2cc-a7fb-448d-b934-521724c13f30,Harlan Chen,38,34.59,16,37.60,Carry Optics,,,MINOR,,45.1148,41.5047,2.6517,39.22,21,,3,,,,1,,
7c1c6469-2052-4ee5-bd2b-69af35fd733c,Bayou City Monthly October 13th at Oilfield Sports Complex,2024-10-13,4,Stage 4,f774c2cc-a7fb-448d-b934-521724c13f30,James jackson,39,31.36,17,34.09,Carry Optics,X,A89219,MINOR,,40.9040,37.6308,2.4042,37.85,21,,2,,1,,1,,
7c1c6469-2052-4ee5-bd2b-69af35fd733c,Bayou City Monthly October 13th at Oilfield Sports Complex,2024-10-13,4,Stage 4,f774c2cc-a7fb-448d-b934-521724c13f30,"Byron ""BJ"" Frank",40,31.23,5,37.69,PCC,U,A139338,MINOR,Super Senior; Law Enforcement; Military,45.2278,37.4774,2.3944,45.94,24,,,,,,1,,
7c1c6469-2052-4ee5-bd2b-69af35fd733c,Bayou City Monthly October 13th at Oilfield Sports Complex,2024-10-13,4,Stage 4,f774c2cc-a7fb-448d-b934-521724c13f30,Jack Galloway,41,29.43,7,31.82,Limited Optics,,,MINOR,,38.1800,35.3190,2.2565,43.43,15,,7,2,,,,,
7c1c6469-2052-4ee5-bd2b-69af35fd733c,Bayou City Monthly October 13th at Oilfield Sports Complex,2024-10-13,4,Stage 4,f774c2cc-a7fb-448d-b934-521724c13f30,Edward Yu,42,24.81,4,48.41,Limited,U,A148356,MINOR,Law Enforcement,58.0867,29.7703,1.9020,31.02,14,,5,4,1,,2,,
7c1c6469-2052-4ee5-bd2b-69af35fd733c,Bayou City Monthly October 13th at Oilfield Sports Complex,2024-10-13,4,Stage 4,f774c2cc-a7fb-448d-b934-521724c13f30,"Byron ""BJ"" Frank",43,22.74,18,24.72,Carry Optics,D,A139338,MINOR,Super Senior; Law Enforcement; Military,29.6580,27.2848,1.7432,40.73,21,,2,,1,,3,,
7c1c6469-2052-4ee5-bd2b-69af35fd733c,Bayou City Monthly October 13th at Oilfield Sports Complex,2024-10-13,4,Stage 4,f774c2cc-a7fb-448d-b934-521724c13f30,John Del Toro,44,19.72,5,38.48,Limited,C,A107511,MINOR,Super Senior,46.1731,23.6644,1.5119,55.56,19,,3,,2,,,,
7c1c6469-2052-4ee5-bd2b-69af35fd733c,Bayou City Monthly October 13th at Oilfield Sports Complex,2024-10-13,4,Stage 4,f774c2cc-a7fb-448d-b934-521724c13f30,CARLOS NIEVES,45,17.86,3,41.40,Single Stack,U,A120418,MAJOR,,49.6803,21.4262,1.3689,42.37,16,,4,1,3,,1,,
7c1c6469-2052-4ee5-bd2b-69af35fd733c,Bayou City Monthly October 13th at Oilfield Sports Complex,2024-10-13,4,Stage 4,f774c2cc-a7fb-448d-b934-521724c13f30,Jon Baguio,46,0.00,5,0.00,Open,C,A101177,MAJOR,,0.0000,0.0000,,,,,,,,,,,
7c1c6469-2052-4ee5-bd2b-69af35fd733c,Bayou City Monthly October 13th at Oilfield Sports Complex,2024-10-13,4,Stage 4,f774c2cc-a7fb-448d-b934-521724c13f30,Jerry Bedro,47,0.00,6,0.00,PCC,B,A98263,MINOR,,0.0000,0.0000,,,,,,,,,,,
7c1c6469-2052-4ee5-bd2b-69af35fd733c,Bayou City Monthly October 13th at Oilfield Sports Complex,2024-10-13,4,Stage 4,f774c2cc-a7fb-448d-b934-521724c13f30,Robbie Boettcher,48,0.00,8,0.00,Limited Optics,C,L5829,MINOR,,0.0000,0.0000,,,,,,,,,,,
7c1c6469-2052-4ee5-bd2b-69af35fd733c,Bayou City Monthly October 13th at Oilfield Sports Complex,2024-10-13,4,Stage 4,f774c2cc-a7fb-448d-b934-521724c13f30,Andy Chen,49,0.00,6,0.00,Open,A,A86721,MINOR,,0.0000,0.0000,,,,,,,,,,,
7c1c6469-2052-4ee5-bd2b-69af35fd733c,Bayou City Monthly October 13th at Oilfield Sports Complex,2024-10-13,4,Stage 4,f774c2cc-a7fb-448d-b934-521724c13f30,Pocholo Dimayuga,50,0.00,7,0.00,Open,C,A106236,MINOR,,0.0000,0.0000,,,,,,,,,,,
7c1c6469-2052-4ee5-bd2b-69af35fd733c,Bayou City Monthly October 13th at Oilfield Sports Complex,2024-10-13,4,Stage 4,f774c2cc-a7fb-448d-b934-521724c13f30,Teddy Elarmo,51,0.00,9,0.00,Limited Optics,C,A142885,MINOR,,0.0000,0.0000,,,,,,,,,,,
7c1c6469-2052-4ee5-bd2b-69af35fd733c,Bayou City Monthly October 13th at Oilfield Sports Complex,2024-10-13,4,Stage 4,f774c2cc-a7fb-448d-b934-521724c13f30,Hugh Fullerton,52,0.00,6,0.00,Limited,C,A140572,MAJOR,,0.0000,0.0000,,,,,,,,,,,
7c1c6469-2052-4ee5-bd2b-69af35fd733c,Bayou City Monthly October 13th at Oilfield Sports Complex,2024-10-13,4,Stage 4,f774c2cc-a7fb-448d-b934-521724c13f30,Arnold Gee,53,0.00,8,0.00,Open,B,A103519,MAJOR,Senior,0.0000,0.0000,,,,,,,,,,,
7c1c6469-2052-4ee5-bd2b-69af35fd733c,Bayou City Monthly October 13th at Oilfield Sports Complex,2024-10-13,4,Stage 4,f774c2cc-a7fb-448d-b934-521724c13f30,Aaron Gillory,54,0.00,19,0.00,Carry Optics,B,TY144826,MINOR,Law Enforcement,0.0000,0.0000,,,,,,,,,,,
7c1c6469-2052-4ee5-bd2b-69af35fd733c,Bayou City Monthly October 13th at Oilfield Sports Complex,2024-10-13,4,Stage 4,f774c2cc-a7fb-448d-b934-521724c13f30,Rudy Widiaman,55,0.00,7,0.00,PCC,U,A155535,MINOR,,0.0000,0.0000,,,,,,,,,,,
7c1c6469-2052-4ee5-bd2b-69af35fd733c,Bayou City Monthly October 13th at Oilfield Sports Complex,2024-10-13,4,Stage 4,f774c2cc-a7fb-448d-b934-521724c13f30,Anji Xu,56,0.00,8,0.00,PCC,U,FY135340,MINOR,,0.0000,0.0000,,,,,,,,,,,
7c1c6469-2052-4ee5-bd2b-69af35fd733c,Bayou City Monthly October 13th at Oilfield Sports Complex,2024-10-13,5,Stage 5,8c924b03-65ae-4ecd-bffb-b1bc4b2e6088,Bobby Ivester,1,100.00,1,100.00,Open,M,A101336,MAJOR,,110.0000,110.0000,7.7642,13.91,20,,2,,,,,,
7c1c6469-2052-4ee5-bd2b-69af35fd733c,Bayou City Monthly October 13th at Oilfield Sports Complex,2024-10-13,5,Stage 5,8c924b03-65ae-4ecd-bffb-b1bc4b2e6088,Brandon Foss,2,97.60,1,100.00,Carry Optics,M,L5142,MINOR,,110.0000,107.3620,7.5780,13.46,18,,4,,,,,,
7c1c6469-2052-4ee5-bd2b-69af35fd733c,Bayou City Monthly October 13th at Oilfield Sports Complex,2024-10-13,5,Stage 5,8c924b03-65ae-4ecd-bffb-b1bc4b2e6088,Tony Vale,3,92.76,2,95.04,Carry Optics,A,A153735,MINOR,,104.5450,102.0378,7.2022,14.44,19,,3,,,,,,
7c1c6469-2052-4ee5-bd2b-69af35fd733c,Bayou City Monthly October 13th at Oilfield Sports Complex,2024-10-13,5,Stage 5,8c924b03-65ae-4ecd-bffb-b1bc4b2e6088,Jim Havens,4,90.29,1,100.00,Limited Optics,,TY114636,MINOR,Senior,110.0000,99.3233,7.0106,15.12,20,,2,,,,,,
7c1c6469-2052-4ee5-bd2b-69af35fd733c,Bayou City Monthly October 13th at Oilfield Sports Complex,2024-10-13,5,Stage 5,8c924b03-65ae-4ecd-bffb-b1bc4b2e6088,Abe Valdez,5,82.30,3,84.32,Carry Optics,B,A148541,MINOR,,92.7524,90.5281,6.3898,15.65,17,,5,,,,,,
7c1c6469-2052-4ee5-bd2b-69af35fd733c,Bayou City Monthly October 13th at Oilfield Sports Complex,2024-10-13,5,Stage 5,8c924b03-65ae-4ecd-bffb-b1bc4b2e6088,Lee Cardwell,6,81.19,4,83.18,Carry Optics,B,A155173,MINOR,,91.5026,89.3082,6.3037,13.96,13,,7,2,,,,,
7c1c6469-2052-4ee5-bd2b-69af35fd733c,Bayou City Monthly October 13th at Oilfield Sports Complex,2024-10-13,5,Stage 5,8c924b03-65ae-4ecd-bffb-b1bc4b2e6088,Heath Helgeson,7,77.10,2,85.38,Limited Optics,U,A149129,MINOR,,93.9219,84.8058,5.9859,17.04,18,,4,,,,,,
7c1c6469-2052-4ee5-bd2b-69af35fd733c,Bayou City Monthly October 13th at Oilfield Sports Complex,2024-10-13,5,Stage 5,8c924b03-65ae-4ecd-bffb-b1bc4b2e6088,Antonio Tormis,8,76.61,2,76.61,Open,C,A124958,MAJOR,,84.2745,84.2745,5.9484,17.82,18,,4,,,,,,
7c1c6469-2052-4ee5-bd2b-69af35fd733c,Bayou City Monthly October 13th at Oilfield Sports Complex,2024-10-13,5,Stage 5,8c924b03-65ae-4ecd-bffb-b1bc4b2e6088,Roger Feng,9,76.11,5,77.98,Carry Optics,B,A157776,MINOR,,85.7820,83.7248,5.9096,17.26,18,,4,,,,,,
7c1c6469-2052-4ee5-bd2b-69af35fd733c,Bayou City Monthly October 13th at Oilfield Sports Complex,2024-10-13,5,Stage 5,8c924b03-65ae-4ecd-bffb-b1bc4b2e6088,Tyler Kenny,10,74.32,1,100.00,PCC,U,A148691,MINOR,,110.0000,81.7541,5.7705,15.25,18,,2,2,,,1,,
7c1c6469-2052-4ee5-bd2b-69af35fd733c,Bayou City Monthly October 13th at Oilfield Sports Complex,2024-10-13,5,Stage 5,8c924b03-65ae-4ecd-bffb-b1bc4b2e6088,Juston Thomson,11,73.84,3,73.84,Open,,,MINOR,Junior,81.2200,81.2200,5.7328,18.49,20,,2,,,,,,
7c1c6469-2052-4ee5-bd2b-69af35fd733c,Bayou City Monthly October 13th at Oilfield Sports Complex,2024-10-13,5,Stage 5,8c924b03-65ae-4ecd-bffb-b1bc4b2e6088,David Zhang,12,73.64,3,81.55,Limited Optics,B,FY140383,MINOR,,89.7090,81.0018,5.7174,18.19,19,,3,,,,,,
7c1c6469-2052-4ee5-bd2b-69af35fd733c,Bayou City Monthly October 13th at Oilfield Sports Complex,2024-10-13,5,Stage 5,8c924b03-65ae-4ecd-bffb-b1bc4b2e6088,Gilbert Goodman,13,72.64,6,74.43,Carry Optics,B,A145861,MINOR,,81.8715,79.9080,5.6402,17.73,18,,3,1,,,,,
7c1c6469-2052-4ee5-bd2b-69af35fd733c,Bayou City Monthly October 13th at Oilfield Sports Complex,2024-10-13,5,Stage 5,8c924b03-65ae-4ecd-bffb-b1bc4b2e6088,Kenedy Nguyen,14,71.72,4,79.43,Limited Optics,U,A83862,MINOR,,87.3758,78.8951,5.5687,16.88,15,,6,1,,,,,
7c1c6469-2052-4ee5-bd2b-69af35fd733c,Bayou City Monthly October 13th at Oilfield Sports Complex,2024-10-13,5,Stage 5,8c924b03-65ae-4ecd-bffb-b1bc4b2e6088,Pete Kirchner,15,70.63,7,72.37,Carry Optics,X,TY105743,MINOR,,79.6027,77.6936,5.4839,18.60,18,,4,,,,,,
7c1c6469-2052-4ee5-bd2b-69af35fd733c,Bayou City Monthly October 13th at Oilfield Sports Complex,2024-10-13,5,Stage 5,8c924b03-65ae-4ecd-bffb-b1bc4b2e6088,Jesse Harrington,16,69.47,8,71.18,Carry Optics,B,A153046,MINOR,,78.2977,76.4200,5.3940,18.91,19,,2,1,,,,,
7c1c6469-2052-4ee5-bd2b-69af35fd733c,Bayou City Monthly October 13th at Oilfield Sports Complex,2024-10-13,5,Stage 5,8c924b03-65ae-4ecd-bffb-b1bc4b2e6088,AJ Jackson,17,66.20,2,89.08,PCC,A,TY81745,MINOR,,97.9849,72.8242,5.1402,14.98,14,,5,2,1,,,,
7c1c6469-2052-4ee5-bd2b-69af35fd733c,Bayou City Monthly October 13th at Oilfield Sports Complex,2024-10-13,5,Stage 5,8c924b03-65ae-4ecd-bffb-b1bc4b2e6088,Gary Wu,18,65.72,1,100.00,Production,B,L2998,MINOR,Senior,110.0000,72.2915,5.1026,18.03,13,,9,,,,,,
7c1c6469-2052-4ee5-bd2b-69af35fd733c,Bayou City Monthly October 13th at Oilfield Sports Complex,2024-10-13,5,Stage 5,8c924b03-65ae-4ecd-bffb-b1bc4b2e6088,Michael Pontious,19,65.47,5,72.50,Limited Optics,B,Fy94575,MINOR,Senior,79.7549,72.0139,5.0830,19.28,16,,6,,,,,,
7c1c6469-2052-4ee5-bd2b-69af35fd733c,Bayou City Monthly October 13th at Oilfield Sports Complex,2024-10-13,5,Stage 5,8c924b03-65ae-4ecd-bffb-b1bc4b2e6088,John Ren,20,65.13,1,100.00,Limited,X,A152674,MINOR,,110.0000,71.6427,5.0568,19.38,16,,6,,,,,,
7c1c6469-2052-4ee5-bd2b-69af35fd733c,Bayou City Monthly October 13th at Oilfield Sports Complex,2024-10-13,5,Stage 5,8c924b03-65ae-4ecd-bffb-b1bc4b2e6088,Pat Byrne,21,64.40,2,98.88,Limited,,ty93921,MINOR,Distinguished Senior,108.7644,70.8379,5.0000,19.20,16,,5,1,,,,,
7c1c6469-2052-4ee5-bd2b-69af35fd733c,Bayou City Monthly October 13th at Oilfield Sports Complex,2024-10-13,5,Stage 5,8c924b03-65ae-4ecd-bffb-b1bc4b2e6088,Ray Fishel,22,63.86,3,85.92,PCC,B,A92443,MINOR,Senior,94.5156,70.2457,4.9582,17.95,18,,3,,1,,,,
7c1c6469-2052-4ee5-bd2b-69af35fd733c,Bayou City Monthly October 13th at Oilfield Sports Complex,2024-10-13,5,Stage 5,8c924b03-65ae-4ecd-bffb-b1bc4b2e6088,ozzy vazquez,23,61.17,9,62.67,Carry Optics,,,MINOR,,68.9394,67.2861,4.7493,22.74,21,,1,,,,,,
7c1c6469-2052-4ee5-bd2b-69af35fd733c,Bayou City Monthly October 13th at Oilfield Sports Complex,2024-10-13,5,Stage 5,8c924b03-65ae-4ecd-bffb-b1bc4b2e6088,Shaun Ebersole,24,58.49,6,64.78,Limited Optics,U,A160600,MINOR,,71.2554,64.3393,4.5413,22.02,17,,5,,,,,,
7c1c6469-2052-4ee5-bd2b-69af35fd733c,Bayou City Monthly October 13th at Oilfield Sports Complex,2024-10-13,5,Stage 5,8c924b03-65ae-4ecd-bffb-b1bc4b2e6088,George Zhou,25,57.74,10,59.16,Carry Optics,B,A146179,MINOR,,65.0739,63.5133,4.4830,16.73,12,,8,1,1,,,,
7c1c6469-2052-4ee5-bd2b-69af35fd733c,Bayou City Monthly October 13th at Oilfield Sports Complex,2024-10-13,5,Stage 5,8c924b03-65ae-4ecd-bffb-b1bc4b2e6088,Isaac Robledo,26,54.89,11,56.24,Carry Optics,B,A156101,MINOR,,61.8630,60.3794,4.2618,19.71,10,,11,1,,,,,
7c1c6469-2052-4ee5-bd2b-69af35fd733c,Bayou City Monthly October 13th at Oilfield Sports Complex,2024-10-13,5,Stage 5,8c924b03-65ae-4ecd-bffb-b1bc4b2e6088,Ronald Gillory,27,51.50,4,69.29,PCC,B,TY83291,MINOR,,76.2213,56.6491,3.9985,27.01,21,,1,,,,,,
7c1c6469-2052-4ee5-bd2b-69af35fd733c,Bayou City Monthly October 13th at Oilfield Sports Complex,2024-10-13,5,Stage 5,8c924b03-65ae-4ecd-bffb-b1bc4b2e6088,"Jeff Maxwell, Jr.",28,50.31,1,100.00,Single Stack,C,L4489,MAJOR,Senior,110.0000,55.3386,3.9060,26.37,15,,7,,,,,,
7c1c6469-2052-4ee5-bd2b-69af35fd733c,Bayou City Monthly October 13th at Oilfield Sports Complex,2024-10-13,5,Stage 5,8c924b03-65ae-4ecd-bffb-b1bc4b2e6088,Chuck Bradbury,29,50.27,12,51.51,Carry Optics,X,A107489,MINOR,,56.6577,55.2989,3.9032,25.62,17,,5,,,,,,
7c1c6469-2052-4ee5-bd2b-69af35fd733c,Bayou City Monthly October 13th at Oilfield Sports Complex,2024-10-13,5,Stage 5,8c924b03-65ae-4ecd-bffb-b1bc4b2e6088,Matthew Howard,30,49.23,4,49.23,Open,U,A161081,MINOR,,54.1514,54.1514,3.8222,24.07,16,,3,3,,,,,
7c1c6469-2052-4ee5-bd2b-69af35fd733c,Bayou City Monthly October 13th at Oilfield Sports Complex,2024-10-13,5,Stage 5,8c924b03-65ae-4ecd-bffb-b1bc4b2e6088,James jackson,31,48.43,13,49.62,Carry Optics,X,A89219,MINOR,,54.5776,53.2687,3.7599,27.66,19,,3,,,,,,
7c1c6469-2052-4ee5-bd2b-69af35fd733c,Bayou City Monthly October 13th at Oilfield Sports Complex,2024-10-13,5,Stage 5,8c924b03-65ae-4ecd-bffb-b1bc4b2e6088,Eric Wu,32,47.12,2,71.70,Production,C,FY104740,MINOR,,78.8686,51.8321,3.6585,26.24,15,,7,,,,,,
7c1c6469-2052-4ee5-bd2b-69af35fd733c,Bayou City Monthly October 13th at Oilfield Sports Complex,2024-10-13,5,Stage 5,8c924b03-65ae-4ecd-bffb-b1bc4b2e6088,Blaine Newlin,33,46.31,3,70.47,Production,B,A103350,MINOR,,77.5126,50.9410,3.5956,23.64,16,,5,,1,,,,
7c1c6469-2052-4ee5-bd2b-69af35fd733c,Bayou City Monthly October 13th at Oilfield Sports Complex,2024-10-13,5,Stage 5,8c924b03-65ae-4ecd-bffb-b1bc4b2e6088,Ben Castagno,34,46.26,14,47.40,Carry Optics,,,MINOR,,52.1404,50.8900,3.5920,29.51,20,,2,,,,,,
7c1c6469-2052-4ee5-bd2b-69af35fd733c,Bayou City Monthly October 13th at Oilfield Sports Complex,2024-10-13,5,Stage 5,8c924b03-65ae-4ecd-bffb-b1bc4b2e6088,Desmond Jackson,35,44.89,15,45.99,Carry Optics,X,TY89242,MINOR,Lady,50.5872,49.3741,3.4850,30.99,21,,1,,,,,,
7c1c6469-2052-4ee5-bd2b-69af35fd733c,Bayou City Monthly October 13th at Oilfield Sports Complex,2024-10-13,5,Stage 5,8c924b03-65ae-4ecd-bffb-b1bc4b2e6088,Harlan Chen,36,41.62,16,42.64,Carry Optics,,,MINOR,,46.9017,45.7769,3.2311,30.33,16,,6,,,,,,
7c1c6469-2052-4ee5-bd2b-69af35fd733c,Bayou City Monthly October 13th at Oilfield Sports Complex,2024-10-13,5,Stage 5,8c924b03-65ae-4ecd-bffb-b1bc4b2e6088,randy callison,37,38.61,2,76.74,Single Stack,U,A14418,MAJOR,Super Senior,84.4178,42.4688,2.9976,29.69,17,,3,1,1,,,,
7c1c6469-2052-4ee5-bd2b-69af35fd733c,Bayou City Monthly October 13th at Oilfield Sports Complex,2024-10-13,5,Stage 5,8c924b03-65ae-4ecd-bffb-b1bc4b2e6088,"Byron ""BJ"" Frank",38,37.11,5,49.94,PCC,U,A139338,MINOR,Super Senior; Law Enforcement; Military,54.9285,40.8239,2.8815,37.48,21,,1,,,,,,
7c1c6469-2052-4ee5-bd2b-69af35fd733c,Bayou City Monthly October 13th at Oilfield Sports Complex,2024-10-13,5,Stage 5,8c924b03-65ae-4ecd-bffb-b1bc4b2e6088,Jack Galloway,39,36.08,7,39.96,Limited Optics,,,MINOR,,43.9570,39.6905,2.8015,32.84,15,,5,2,,,,,
7c1c6469-2052-4ee5-bd2b-69af35fd733c,Bayou City Monthly October 13th at Oilfield Sports Complex,2024-10-13,5,Stage 5,8c924b03-65ae-4ecd-bffb-b1bc4b2e6088,John Del Toro,40,32.00,3,49.13,Limited,C,A107511,MINOR,Super Senior,54.0450,35.1994,2.4845,43.47,21,,1,,,,,,
7c1c6469-2052-4ee5-bd2b-69af35fd733c,Bayou City Monthly October 13th at Oilfield Sports Complex,2024-10-13,5,Stage 5,8c924b03-65ae-4ecd-bffb-b1bc4b2e6088,"Byron ""BJ"" Frank",41,26.02,17,26.66,Carry Optics,D,A139338,MINOR,Super Senior; Law Enforcement; Military,29.3246,28.6214,2.0202,45.54,15,,5,2,,,,,
7c1c6469-2052-4ee5-bd2b-69af35fd733c,Bayou City Monthly October 13th at Oilfield Sports Complex,2024-10-13,5,Stage 5,8c924b03-65ae-4ecd-bffb-b1bc4b2e6088,CARLOS NIEVES,42,20.43,3,40.61,Single Stack,U,A120418,MAJOR,,44.6731,22.4740,1.5863,32.15,15,,4,,3,,,1,
7c1c6469-2052-4ee5-bd2b-69af35fd733c,Bayou City Monthly October 13th at Oilfield Sports Complex,2024-10-13,5,Stage 5,8c924b03-65ae-4ecd-bffb-b1bc4b2e6088,Jessica Zhang,43,17.50,4,26.86,Limited,,,MINOR,Lady,29.5491,19.2453,1.3584,44.17,15,,5,,2,,,1,
7c1c6469-2052-4ee5-bd2b-69af35fd733c,Bayou City Monthly October 13th at Oilfield Sports Complex,2024-10-13,5,Stage 5,8c924b03-65ae-4ecd-bffb-b1bc4b2e6088,Edward Yu,44,17.47,5,26.83,Limited,U,A148356,MINOR,Law Enforcement,29.5121,19.2212,1.3567,30.22,9,,8,2,3,,,,
7c1c6469-2052-4ee5-bd2b-69af35fd733c,Bayou City Monthly October 13th at Oilfield Sports Complex,2024-10-13,5,Stage 5,8c924b03-65ae-4ecd-bffb-b1bc4b2e6088,William Holderfield,45,17.33,18,17.76,Carry Optics,U,A160443,MINOR,,19.5309,19.0625,1.3455,48.31,14,,4,3,1,,1,,
7c1c6469-2052-4ee5-bd2b-69af35fd733c,Bayou City Monthly October 13th at Oilfield Sports Complex,2024-10-13,5,Stage 5,8c924b03-65ae-4ecd-bffb-b1bc4b2e6088,Jon Baguio,46,0.00,5,0.00,Open,C,A101177,MAJOR,,0.0000,0.0000,,,,,,,,,,,
7c1c6469-2052-4ee5-bd2b-69af35fd733c,Bayou City Monthly October 13th at Oilfield Sports Complex,2024-10-13,5,Stage 5,8c924b03-65ae-4ecd-bffb-b1bc4b2e6088,Jerry Bedro,47,0.00,6,0.00,PCC,B,A98263,MINOR,,0.0000,0.0000,,,,,,,,,,,
7c1c6469-2052-4ee5-bd2b-69af35fd733c,Bayou City Monthly October 13th at Oilfield Sports Complex,2024-10-13,5,Stage 5,8c924b03-65ae-4ecd-bffb-b1bc4b2e6088,Robbie Boettcher,48,0.00,8,0.00,Limited Optics,C,L5829,MINOR,,0.0000,0.0000,,,,,,,,,,,
7c1c6469-2052-4ee5-bd2b-69af35fd733c,Bayou City Monthly October 13th at Oilfield Sports Complex,2024-10-13,5,Stage 5,8c924b03-65ae-4ecd-bffb-b1bc4b2e6088,Andy Chen,49,0.00,6,0.00,Open,A,A86721,MINOR,,0.0000,0.0000,,,,,,,,,,,
7c1c6469-2052-4ee5-bd2b-69af35fd733c,Bayou City Monthly October 13th at Oilfield Sports Complex,2024-10-13,5,Stage 5,8c924b03-65ae-4ecd-bffb-b1bc4b2e6088,Pocholo Dimayuga,50,0.00,7,0.00,Open,C,A106236,MINOR,,0.0000,0.0000,,,,,,,,,,,
7c1c6469-2052-4ee5-bd2b-69af35fd733c,Bayou City Monthly October 13th at Oilfield Sports Complex,2024-10-13,5,Stage 5,8c924b03-65ae-4ecd-bffb-b1bc4b2e6088,Teddy Elarmo,51,0.00,9,0.00,Limited Optics,C,A142885,MINOR,,0.0000,0.0000,,,,,,,,,,,
7c1c6469-2052-4ee5-bd2b-69af35fd733c,Bayou City Monthly October 13th at Oilfield Sports Complex,2024-10-13,5,Stage 5,8c924b03-65ae-4ecd-bffb-b1bc4b2e6088,Hugh Fullerton,52,0.00,6,0.00,Limited,C,A140572,MAJOR,,0.0000,0.0000,,,,,,,,,,,
7c1c6469-2052-4ee5-bd2b-69af35fd733c,Bayou City Monthly October 13th at Oilfield Sports Complex,2024-10-13,5,Stage 5,8c924b03-65ae-4ecd-bffb-b1bc4b2e6088,Arnold Gee,53,0.00,8,0.00,Open,B,A103519,MAJOR,Senior,0.0000,0.0000,,,,,,,,,,,
7c1c6469-2052-4ee5-bd2b-69af35fd733c,Bayou City Monthly October 13th at Oilfield Sports Complex,2024-10-13,5,Stage 5,8c924b03-65ae-4ecd-bffb-b1bc4b2e6088,Aaron Gillory,54,0.00,19,0.00,Carry Optics,B,TY144826,MINOR,Law Enforcement,0.0000,0.0000,,,,,,,,,,,
7c1c6469-2052-4ee5-bd2b-69af35fd733c,Bayou City Monthly October 13th at Oilfield Sports Complex,2024-10-13,5,Stage 5,8c924b03-65ae-4ecd-bffb-b1bc4b2e6088,Rudy Widiaman,55,0.00,7,0.00,PCC,U,A155535,MINOR,,0.0000,0.0000,,,,,,,,,,,
7c1c6469-2052-4ee5-bd2b-69af35fd733c,Bayou City Monthly October 13th at Oilfield Sports Complex,2024-10-13,5,Stage 5,8c924b03-65ae-4ecd-bffb-b1bc4b2e6088,Anji Xu,56,0.00,8,0.00,PCC,U,FY135340,MINOR,,0.0000,0.0000,,,,,,,,,,,
7c1c6469-2052-4ee5-bd2b-69af35fd733c,Bayou City Monthly October 13th at Oilfield Sports Complex,2024-10-13,6,Stage 6,8a39a702-d4f1-4b9a-bb04-e3825b26009a,Bobby Ivester,1,100.00,1,100.00,Open,M,A101336,MAJOR,,110.0000,110.0000,6.7742,15.50,17,,5,,,,,,
7c1c6469-2052-4ee5-bd2b-69af35fd733c,Bayou City Monthly October 13th at Oilfield Sports Complex,2024-10-13,6,Stage 6,8a39a702-d4f1-4b9a-bb04-e3825b26009a,Brandon Foss,2,93.76,1,100.00,Carry Optics,M,L5142,MINOR,,110.0000,103.1313,6.3512,16.06,18,,4,,,,,,
7c1c6469-2052-4ee5-bd2b-69af35fd733c,Bayou City Monthly October 13th at Oilfield Sports Complex,2024-10-13,6,Stage 6,8a39a702-d4f1-4b9a-bb04-e3825b26009a,Tony Vale,3,80.53,2,85.90,Carry Optics,A,A153735,MINOR,,94.4869,88.5868,5.4555,18.33,17,,5,,,,,,
7c1c6469-2052-4ee5-bd2b-69af35fd733c,Bayou City Monthly October 13th at Oilfield Sports Complex,2024-10-13,6,Stage 6,8a39a702-d4f1-4b9a-bb04-e3825b26009a,Antonio Tormis,4,79.04,2,79.04,Open,C,A124958,MAJOR,,86.9452,86.9452,5.3544,19.61,17,,5,,,,,,
7c1c6469-2052-4ee5-bd2b-69af35fd733c,Bayou City Monthly October 13th at Oilfield Sports Complex,2024-10-13,6,Stage 6,8a39a702-d4f1-4b9a-bb04-e3825b26009a,Abe Valdez,5,77.65,3,82.82,Carry Optics,B,A148541,MINOR,,91.1061,85.4172,5.2603,18.63,17,,4,1,,,,,
7c1c6469-2052-4ee5-bd2b-69af35fd733c,Bayou City Monthly October 13th at Oilfield Sports Complex,2024-10-13,6,Stage 6,8a39a702-d4f1-4b9a-bb04-e3825b26009a,Michael Pontious,6,76.61,1,100.00,Limited Optics,B,Fy94575,MINOR,Senior,110.0000,84.2691,5.1896,20.04,19,,3,,,,,,
7c1c6469-2052-4ee5-bd2b-69af35fd733c,Bayou City Monthly October 13th at Oilfield Sports Complex,2024-10-13,6,Stage 6,8a39a702-d4f1-4b9a-bb04-e3825b26009a,Lee Cardwell,7,76.48,4,81.57,Carry Optics,B,A155173,MINOR,,89.7292,84.1262,5.1808,20.46,20,,2,,,,,,
7c1c6469-2052-4ee5-bd2b-69af35fd733c,Bayou City Monthly October 13th at Oilfield Sports Complex,2024-10-13,6,Stage 6,8a39a702-d4f1-4b9a-bb04-e3825b26009a,AJ Jackson,8,74.11,1,100.00,PCC,A,TY81745,MINOR,,110.0000,81.5217,5.0204,17.13,11,,10,1,,,,,
7c1c6469-2052-4ee5-bd2b-69af35fd733c,Bayou City Monthly October 13th at Oilfield Sports Complex,2024-10-13,6,Stage 6,8a39a702-d4f1-4b9a-bb04-e3825b26009a,Roger Feng,9,73.08,5,77.95,Carry Optics,B,A157776,MINOR,,85.7405,80.3866,4.9505,20.20,17,,5,,,,,,
7c1c6469-2052-4ee5-bd2b-69af35fd733c,Bayou City Monthly October 13th at Oilfield Sports Complex,2024-10-13,6,Stage 6,8a39a702-d4f1-4b9a-bb04-e3825b26009a,Jim Havens,10,73.04,2,95.34,Limited Optics,,TY114636,MINOR,Senior,104.8726,80.3411,4.9477,21.02,19,,3,,,,,,
7c1c6469-2052-4ee5-bd2b-69af35fd733c,Bayou City Monthly October 13th at Oilfield Sports Complex,2024-10-13,6,Stage 6,8a39a702-d4f1-4b9a-bb04-e3825b26009a,Jesse Harrington,11,70.13,6,74.80,Carry Optics,B,A153046,MINOR,,82.2783,77.1406,4.7506,21.05,17,,5,,,,,,
7c1c6469-2052-4ee5-bd2b-69af35fd733c,Bayou City Monthly October 13th at Oilfield Sports Complex,2024-10-13,6,Stage 6,8a39a702-d4f1-4b9a-bb04-e3825b26009a,Gary Wu,12,70.07,1,100.00,Production,B,L2998,MINOR,Senior,110.0000,77.0773,4.7467,21.91,19,,3,,,,,,
7c1c6469-2052-4ee5-bd2b-69af35fd733c,Bayou City Monthly October 13th at Oilfield Sports Complex,2024-10-13,6,Stage 6,8a39a702-d4f1-4b9a-bb04-e3825b26009a,Kenedy Nguyen,13,69.26,3,90.41,Limited Optics,U,A83862,MINOR,,99.4485,76.1858,4.6918,21.74,18,,4,,,,,,
7c1c6469-2052-4ee5-bd2b-69af35fd733c,Bayou City Monthly October 13th at Oilfield Sports Complex,2024-10-13,6,Stage 6,8a39a702-d4f1-4b9a-bb04-e3825b26009a,Ray Fishel,14,69.06,2,93.19,PCC,B,A92443,MINOR,Senior,102.5066,75.9682,4.6784,22.23,19,,3,,,,,,
7c1c6469-2052-4ee5-bd2b-69af35fd733c,Bayou City Monthly October 13th at Oilfield Sports Complex,2024-10-13,6,Stage 6,8a39a702-d4f1-4b9a-bb04-e3825b26009a,Gilbert Goodman,15,68.22,7,72.76,Carry Optics,B,A145861,MINOR,,80.0406,75.0427,4.6214,20.34,15,,6,1,,,,,
7c1c6469-2052-4ee5-bd2b-69af35fd733c,Bayou City Monthly October 13th at Oilfield Sports Complex,2024-10-13,6,Stage 6,8a39a702-d4f1-4b9a-bb04-e3825b26009a,Isaac Robledo,16,66.80,8,71.25,Carry Optics,B,A156101,MINOR,,78.3762,73.4822,4.5253,20.33,14,,7,1,,,,,
7c1c6469-2052-4ee5-bd2b-69af35fd733c,Bayou City Monthly October 13th at Oilfield Sports Complex,2024-10-13,6,Stage 6,8a39a702-d4f1-4b9a-bb04-e3825b26009a,Heath Helgeson,17,63.66,4,83.09,Limited Optics,U,A149129,MINOR,,91.4024,70.0218,4.3122,18.32,14,,6,1,1,,,,
7c1c6469-2052-4ee5-bd2b-69af35fd733c,Bayou City Monthly October 13th at Oilfield Sports Complex,2024-10-13,6,Stage 6,8a39a702-d4f1-4b9a-bb04-e3825b26009a,Pete Kirchner,18,62.28,9,66.43,Carry Optics,X,TY105743,MINOR,,73.0747,68.5117,4.2192,20.62,17,,4,,1,,,,
7c1c6469-2052-4ee5-bd2b-69af35fd733c,Bayou City Monthly October 13th at Oilfield Sports Complex,2024-10-13,6,Stage 6,8a39a702-d4f1-4b9a-bb04-e3825b26009a,George Zhou,19,61.82,10,65.93,Carry Optics,B,A146179,MINOR,,72.5274,67.9986,4.1876,23.88,17,,5,,,,,,
7c1c6469-2052-4ee5-bd2b-69af35fd733c,Bayou City Monthly October 13th at Oilfield Sports Complex,2024-10-13,6,Stage 6,8a39a702-d4f1-4b9a-bb04-e3825b26009a,Pat Byrne,20,57.70,1,100.00,Limited,,ty93921,MINOR,Distinguished Senior,110.0000,63.4714,3.9088,21.49,11,,9,2,,,,,
7c1c6469-2052-4ee5-bd2b-69af35fd733c,Bayou City Monthly October 13th at Oilfield Sports Complex,2024-10-13,6,Stage 6,8a39a702-d4f1-4b9a-bb04-e3825b26009a,David Zhang,21,56.67,5,73.97,Limited Optics,B,FY140383,MINOR,,81.3681,62.3347,3.8388,26.05,17,,5,,,,,,
7c1c6469-2052-4ee5-bd2b-69af35fd733c,Bayou City Monthly October 13th at Oilfield Sports Complex,2024-10-13,6,Stage 6,8a39a702-d4f1-4b9a-bb04-e3825b26009a,Eric Wu,22,54.52,2,77.81,Production,C,FY104740,MINOR,,85.5885,59.9721,3.6933,24.91,13,,9,,,,,,
7c1c6469-2052-4ee5-bd2b-69af35fd733c,Bayou City Monthly October 13th at Oilfield Sports Complex,2024-10-13,6,Stage 6,8a39a702-d4f1-4b9a-bb04-e3825b26009a,Juston Thomson,23,54.50,3,54.50,Open,,,MINOR,Junior,59.9542,59.9542,3.6922,22.48,15,,6,,1,,,,
7c1c6469-2052-4ee5-bd2b-69af35fd733c,Bayou City Monthly October 13th at Oilfield Sports Complex,2024-10-13,6,Stage 6,8a39a702-d4f1-4b9a-bb04-e3825b26009a,Tyler Kenny,24,52.46,3,70.79,PCC,U,A148691,MINOR,,77.8659,57.7069,3.5538,20.26,16,,4,,2,,,,
7c1c6469-2052-4ee5-bd2b-69af35fd733c,Bayou City Monthly October 13th at Oilfield Sports Complex,2024-10-13,6,Stage 6,8a39a702-d4f1-4b9a-bb04-e3825b26009a,John Ren,25,52.07,2,90.24,Limited,X,A152674,MINOR,,99.2640,57.2766,3.5273,28.35,17,,5,,,,,,
7c1c6469-2052-4ee5-bd2b-69af35fd733c,Bayou City Monthly October 13th at Oilfield Sports Complex,2024-10-13,6,Stage 6,8a39a702-d4f1-4b9a-bb04-e3825b26009a,Shaun Ebersole,26,50.72,6,66.20,Limited Optics,U,A160600,MINOR,,72.8239,55.7892,3.4357,24.74,17,,3,1,1,,,,
7c1c6469-2052-4ee5-bd2b-69af35fd733c,Bayou City Monthly October 13th at Oilfield Sports Complex,2024-10-13,6,Stage 6,8a39a702-d4f1-4b9a-bb04-e3825b26009a,Matthew Howard,27,50.59,4,50.59,Open,U,A161081,MINOR,,55.6463,55.6463,3.4269,27.43,15,,6,1,,,,,
7c1c6469-2052-4ee5-bd2b-69af35fd733c,Bayou City Monthly October 13th at Oilfield Sports Complex,2024-10-13,6,Stage 6,8a39a702-d4f1-4b9a-bb04-e3825b26009a,Desmond Jackson,28,50.12,11,53.46,Carry Optics,X,TY89242,MINOR,Lady,58.8086,55.1364,3.3955,30.04,18,,4,,,,,,
7c1c6469-2052-4ee5-bd2b-69af35fd733c,Bayou City Monthly October 13th at Oilfield Sports Complex,2024-10-13,6,Stage 6,8a39a702-d4f1-4b9a-bb04-e3825b26009a,Chuck Bradbury,29,48.45,12,51.67,Carry Optics,X,A107489,MINOR,,56.8393,53.2901,3.2818,31.69,19,,3,,,,,,
7c1c6469-2052-4ee5-bd2b-69af35fd733c,Bayou City Monthly October 13th at Oilfield Sports Complex,2024-10-13,6,Stage 6,8a39a702-d4f1-4b9a-bb04-e3825b26009a,"Jeff Maxwell, Jr.",30,46.54,1,100.00,Single Stack,C,L4489,MAJOR,Senior,110.0000,51.1970,3.1529,33.62,18,,4,,,,,,
7c1c6469-2052-4ee5-bd2b-69af35fd733c,Bayou City Monthly October 13th at Oilfield Sports Complex,2024-10-13,6,Stage 6,8a39a702-d4f1-4b9a-bb04-e3825b26009a,ozzy vazquez,31,44.95,13,47.95,Carry Optics,,,MINOR,,52.7398,49.4466,3.0451,18.39,18,,2,,2,,2,,
7c1c6469-2052-4ee5-bd2b-69af35fd733c,Bayou City Monthly October 13th at Oilfield Sports Complex,2024-10-13,6,Stage 6,8a39a702-d4f1-4b9a-bb04-e3825b26009a,"Byron ""BJ"" Frank",32,43.06,4,58.11,PCC,U,A139338,MINOR,Super Senior; Law Enforcement; Military,63.9198,47.3714,2.9173,35.65,19,,3,,,,,,
7c1c6469-2052-4ee5-bd2b-69af35fd733c,Bayou City Monthly October 13th at Oilfield Sports Complex,2024-10-13,6,Stage 6,8a39a702-d4f1-4b9a-bb04-e3825b26009a,CARLOS NIEVES,33,42.93,2,92.24,Single Stack,U,A120418,MAJOR,,101.4628,47.2236,2.9082,33.01,12,,8,2,,,,,
7c1c6469-2052-4ee5-bd2b-69af35fd733c,Bayou City Monthly October 13th at Oilfield Sports Complex,2024-10-13,6,Stage 6,8a39a702-d4f1-4b9a-bb04-e3825b26009a,Ronald Gillory,34,42.35,5,57.15,PCC,B,TY83291,MINOR,,62.8659,46.5903,2.8692,35.55,18,,4,,,,,,
7c1c6469-2052-4ee5-bd2b-69af35fd733c,Bayou City Monthly October 13th at Oilfield Sports Complex,2024-10-13,6,Stage 6,8a39a702-d4f1-4b9a-bb04-e3825b26009a,Blaine Newlin,35,40.65,3,58.01,Production,B,A103350,MINOR,,63.8073,44.7099,2.7534,33.05,19,,2,,1,,,,
7c1c6469-2052-4ee5-bd2b-69af35fd733c,Bayou City Monthly October 13th at Oilfield Sports Complex,2024-10-13,6,Stage 6,8a39a702-d4f1-4b9a-bb04-e3825b26009a,Ben Castagno,36,39.77,14,42.42,Carry Optics,,,MINOR,,46.6641,43.7503,2.6943,38.60,19,,3,,,,,,
7c1c6469-2052-4ee5-bd2b-69af35fd733c,Bayou City Monthly October 13th at Oilfield Sports Complex,2024-10-13,6,Stage 6,8a39a702-d4f1-4b9a-bb04-e3825b26009a,Harlan Chen,37,38.59,15,41.16,Carry Optics,,,MINOR,,45.2803,42.4528,2.6144,36.72,15,,7,,,,,,
7c1c6469-2052-4ee5-bd2b-69af35fd733c,Bayou City Monthly October 13th at Oilfield Sports Complex,2024-10-13,6,Stage 6,8a39a702-d4f1-4b9a-bb04-e3825b26009a,randy callison,38,38.14,3,81.95,Single Stack,U,A14418,MAJOR,Super Senior,90.1449,41.9560,2.5838,24.77,14,,6,,2,,,1,
7c1c6469-2052-4ee5-bd2b-69af35fd733c,Bayou City Monthly October 13th at Oilfield Sports Complex,2024-10-13,6,Stage 6,8a39a702-d4f1-4b9a-bb04-e3825b26009a,William Holderfield,39,37.75,16,40.26,Carry Optics,U,A160443,MINOR,,44.2896,41.5240,2.5572,29.72,10,,7,5,,,,,
7c1c6469-2052-4ee5-bd2b-69af35fd733c,Bayou City Monthly October 13th at Oilfield Sports Complex,2024-10-13,6,Stage 6,8a39a702-d4f1-4b9a-bb04-e3825b26009a,"Byron ""BJ"" Frank",40,36.67,17,39.11,Carry Optics,D,A139338,MINOR,Super Senior; Law Enforcement; Military,43.0201,40.3338,2.4839,40.26,18,,3,1,,,,,
7c1c6469-2052-4ee5-bd2b-69af35fd733c,Bayou City Monthly October 13th at Oilfield Sports Complex,2024-10-13,6,Stage 6,8a39a702-d4f1-4b9a-bb04-e3825b26009a,James jackson,41,34.19,18,36.47,Carry Optics,X,A89219,MINOR,,40.1138,37.6090,2.3161,39.29,19,,2,,1,,,,
7c1c6469-2052-4ee5-bd2b-69af35fd733c,Bayou City Monthly October 13th at Oilfield Sports Complex,2024-10-13,6,Stage 6,8a39a702-d4f1-4b9a-bb04-e3825b26009a,Jack Galloway,42,33.50,7,43.73,Limited Optics,,,MINOR,,48.1049,36.8523,2.2695,42.30,16,,5,1,,,,,
7c1c6469-2052-4ee5-bd2b-69af35fd733c,Bayou City Monthly October 13th at Oilfield Sports Complex,2024-10-13,6,Stage 6,8a39a702-d4f1-4b9a-bb04-e3825b26009a,Edward Yu,43,27.15,3,47.05,Limited,U,A148356,MINOR,Law Enforcement,51.7525,29.8618,1.8390,24.47,10,,8,1,3,,,,
7c1c6469-2052-4ee5-bd2b-69af35fd733c,Bayou City Monthly October 13th at Oilfield Sports Complex,2024-10-13,6,Stage 6,8a39a702-d4f1-4b9a-bb04-e3825b26009a,Jessica Zhang,44,18.80,4,32.58,Limited,,,MINOR,Lady,35.8412,20.6808,1.2736,50.25,13,,6,1,2,,,,
7c1c6469-2052-4ee5-bd2b-69af35fd733c,Bayou City Monthly October 13th at Oilfield Sports Complex,2024-10-13,6,Stage 6,8a39a702-d4f1-4b9a-bb04-e3825b26009a,John Del Toro,45,17.96,5,31.12,Limited,C,A107511,MINOR,Super Senior,34.2343,19.7536,1.2165,52.61,17,,3,,2,,,1,
7c1c6469-2052-4ee5-bd2b-69af35fd733c,Bayou City Monthly October 13th at Oilfield Sports Complex,2024-10-13,6,Stage 6,8a39a702-d4f1-4b9a-bb04-e3825b26009a,Jon Baguio,46,0.00,5,0.00,Open,C,A101177,MAJOR,,0.0000,0.0000,,,,,,,,,,,
7c1c6469-2052-4ee5-bd2b-69af35fd733c,Bayou City Monthly October 13th at Oilfield Sports Complex,2024-10-13,6,Stage 6,8a39a702-d4f1-4b9a-bb04-e3825b26009a,Jerry Bedro,47,0.00,6,0.00,PCC,B,A98263,MINOR,,0.0000,0.0000,,,,,,,,,,,
7c1c6469-2052-4ee5-bd2b-69af35fd733c,Bayou City Monthly October 13th at Oilfield Sports Complex,2024-10-13,6,Stage 6,8a39a702-d4f1-4b9a-bb04-e3825b26009a,Robbie Boettcher,48,0.00,8,0.00,Limited Optics,C,L5829,MINOR,,0.0000,0.0000,,,,,,,,,,,
7c1c6469-2052-4ee5-bd2b-69af35fd733c,Bayou City Monthly October 13th at Oilfield Sports Complex,2024-10-13,6,Stage 6,8a39a702-d4f1-4b9a-bb04-e3825b26009a,Andy Chen,49,0.00,6,0.00,Open,A,A86721,MINOR,,0.0000,0.0000,,,,,,,,,,,
7c1c6469-2052-4ee5-bd2b-69af35fd733c,Bayou City Monthly October 13th at Oilfield Sports Complex,2024-10-13,6,Stage 6,8a39a702-d4f1-4b9a-bb04-e3825b26009a,Pocholo Dimayuga,50,0.00,7,0.00,Open,C,A106236,MINOR,,0.0000,0.0000,,,,,,,,,,,
7c1c6469-2052-4ee5-bd2b-69af35fd733c,Bayou City Monthly October 13th at Oilfield Sports Complex,2024-10-13,6,Stage 6,8a39a702-d4f1-4b9a-bb04-e3825b26009a,Teddy Elarmo,51,0.00,9,0.00,Limited Optics,C,A142885,MINOR,,0.0000,0.0000,,,,,,,,,,,
7c1c6469-2052-4ee5-bd2b-69af35fd733c,Bayou City Monthly October 13th at Oilfield Sports Complex,2024-10-13,6,Stage 6,8a39a702-d4f1-4b9a-bb04-e3825b26009a,Hugh Fullerton,52,0.00,6,0.00,Limited,C,A140572,MAJOR,,0.0000,0.0000,,,,,,,,,,,
7c1c6469-2052-4ee5-bd2b-69af35fd733c,Bayou City Monthly October 13th at Oilfield Sports Complex,2024-10-13,6,Stage 6,8a39a702-d4f1-4b9a-bb04-e3825b26009a,Arnold Gee,53,0.00,8,0.00,Open,B,A103519,MAJOR,Senior,0.0000,0.0000,,,,,,,,,,,
7c1c6469-2052-4ee5-bd2b-69af35fd733c,Bayou City Monthly October 13th at Oilfield Sports Complex,2024-10-13,6,Stage 6,8a39a702-d4f1-4b9a-bb04-e3825b26009a,Aaron Gillory,54,0.00,19,0.00,Carry Optics,B,TY144826,MINOR,Law Enforcement,0.0000,0.0000,,,,,,,,,,,
7c1c6469-2052-4ee5-bd2b-69af35fd733c,Bayou City Monthly October 13th at Oilfield Sports Complex,2024-10-13,6,Stage 6,8a39a702-d4f1-4b9a-bb04-e3825b26009a,Rudy Widiaman,55,0.00,7,0.00,PCC,U,A155535,MINOR,,0.0000,0.0000,,,,,,,,,,,
7c1c6469-2052-4ee5-bd2b-69af35fd733c,Bayou City Monthly October 13th at Oilfield Sports Complex,2024-10-13,6,Stage 6,8a39a702-d4f1-4b9a-bb04-e3825b26009a,Anji Xu,56,0.00,8,0.00,PCC,U,FY135340,MINOR,,0.0000,0.0000,,,,,,,,,,,
7c1c6469-2052-4ee5-bd2b-69af35fd733c,Bayou City Monthly October 13th at Oilfield Sports Complex,2024-10-13,7,Someone Is Always Willing To Pay,6af2a58a-89c6-4431-8f55-7f0c2e2fddb9,AJ Jackson,1,100.00,1,100.00,PCC,A,TY81745,MINOR,,40.0000,40.0000,7.2519,5.24,7,,1,,,,,,
7c1c6469-2052-4ee5-bd2b-69af35fd733c,Bayou City Monthly October 13th at Oilfield Sports Complex,2024-10-13,7,Someone Is Always Willing To Pay,6af2a58a-89c6-4431-8f55-7f0c2e2fddb9,Jim Havens,2,97.76,1,100.00,Limited Optics,,TY114636,MINOR,Senior,40.0000,39.1048,7.0896,5.36,7,,1,,,,,,
7c1c6469-2052-4ee5-bd2b-69af35fd733c,Bayou City Monthly October 13th at Oilfield Sports Complex,2024-10-13,7,Someone Is Always Willing To Pay,6af2a58a-89c6-4431-8f55-7f0c2e2fddb9,Bobby Ivester,3,96.43,1,100.00,Open,M,A101336,MAJOR,,40.0000,38.5720,6.9930,5.72,8,,,,,,,,
7c1c6469-2052-4ee5-bd2b-69af35fd733c,Bayou City Monthly October 13th at Oilfield Sports Complex,2024-10-13,7,Someone Is Always Willing To Pay,6af2a58a-89c6-4431-8f55-7f0c2e2fddb9,Abe Valdez,4,87.47,1,100.00,Carry Optics,B,A148541,MINOR,,40.0000,34.9883,6.3433,5.36,5,,3,,,,,,
7c1c6469-2052-4ee5-bd2b-69af35fd733c,Bayou City Monthly October 13th at Oilfield Sports Complex,2024-10-13,7,Someone Is Always Willing To Pay,6af2a58a-89c6-4431-8f55-7f0c2e2fddb9,Brandon Foss,5,86.64,2,99.04,Carry Optics,M,L5142,MINOR,,39.6179,34.6541,6.2827,5.73,6,,2,,,,,,
7c1c6469-2052-4ee5-bd2b-69af35fd733c,Bayou City Monthly October 13th at Oilfield Sports Complex,2024-10-13,7,Someone Is Always Willing To Pay,6af2a58a-89c6-4431-8f55-7f0c2e2fddb9,Roger Feng,6,86.18,3,98.53,Carry Optics,B,A157776,MINOR,,39.4117,34.4737,6.2500,5.12,4,,4,,,,,,
7c1c6469-2052-4ee5-bd2b-69af35fd733c,Bayou City Monthly October 13th at Oilfield Sports Complex,2024-10-13,7,Someone Is Always Willing To Pay,6af2a58a-89c6-4431-8f55-7f0c2e2fddb9,Pete Kirchner,7,83.86,4,95.87,Carry Optics,X,TY105743,MINOR,,38.3466,33.5421,6.0811,5.92,6,,2,,,,,,
7c1c6469-2052-4ee5-bd2b-69af35fd733c,Bayou City Monthly October 13th at Oilfield Sports Complex,2024-10-13,7,Someone Is Always Willing To Pay,6af2a58a-89c6-4431-8f55-7f0c2e2fddb9,Tony Vale,8,82.39,5,94.19,Carry Optics,A,A153735,MINOR,,37.6763,32.9558,5.9748,6.36,7,,1,,,,,,
7c1c6469-2052-4ee5-bd2b-69af35fd733c,Bayou City Monthly October 13th at Oilfield Sports Complex,2024-10-13,7,Someone Is Always Willing To Pay,6af2a58a-89c6-4431-8f55-7f0c2e2fddb9,Ray Fishel,9,81.12,2,81.12,PCC,B,A92443,MINOR,Senior,32.4461,32.4461,5.8824,6.12,6,,2,,,,,,
7c1c6469-2052-4ee5-bd2b-69af35fd733c,Bayou City Monthly October 13th at Oilfield Sports Complex,2024-10-13,7,Someone Is Always Willing To Pay,6af2a58a-89c6-4431-8f55-7f0c2e2fddb9,ozzy vazquez,10,79.36,6,90.73,Carry Optics,,,MINOR,,36.2928,31.7456,5.7554,6.95,8,,,,,,,,
7c1c6469-2052-4ee5-bd2b-69af35fd733c,Bayou City Monthly October 13th at Oilfield Sports Complex,2024-10-13,7,Someone Is Always Willing To Pay,6af2a58a-89c6-4431-8f55-7f0c2e2fddb9,Heath Helgeson,11,76.61,2,78.36,Limited Optics,U,A149129,MINOR,,31.3451,30.6436,5.5556,5.76,5,,2,1,,,,,
7c1c6469-2052-4ee5-bd2b-69af35fd733c,Bayou City Monthly October 13th at Oilfield Sports Complex,2024-10-13,7,Someone Is Always Willing To Pay,6af2a58a-89c6-4431-8f55-7f0c2e2fddb9,Blaine Newlin,12,76.16,1,100.00,Production,B,A103350,MINOR,,40.0000,30.4654,5.5233,6.88,7,,1,,,,,,
7c1c6469-2052-4ee5-bd2b-69af35fd733c,Bayou City Monthly October 13th at Oilfield Sports Complex,2024-10-13,7,Someone Is Always Willing To Pay,6af2a58a-89c6-4431-8f55-7f0c2e2fddb9,Ronald Gillory,13,75.18,3,75.18,PCC,B,TY83291,MINOR,,30.0716,30.0716,5.4519,6.97,7,,1,,,,,,
7c1c6469-2052-4ee5-bd2b-69af35fd733c,Bayou City Monthly October 13th at Oilfield Sports Complex,2024-10-13,7,Someone Is Always Willing To Pay,6af2a58a-89c6-4431-8f55-7f0c2e2fddb9,Shaun Ebersole,14,75.05,3,76.76,Limited Optics,U,A160600,MINOR,,30.7053,30.0181,5.4422,7.35,8,,,,,,,,
7c1c6469-2052-4ee5-bd2b-69af35fd733c,Bayou City Monthly October 13th at Oilfield Sports Complex,2024-10-13,7,Someone Is Always Willing To Pay,6af2a58a-89c6-4431-8f55-7f0c2e2fddb9,Juston Thomson,15,69.29,2,71.86,Open,,,MINOR,Junior,28.7436,27.7174,5.0251,7.96,8,,,,,,,,
7c1c6469-2052-4ee5-bd2b-69af35fd733c,Bayou City Monthly October 13th at Oilfield Sports Complex,2024-10-13,7,Someone Is Always Willing To Pay,6af2a58a-89c6-4431-8f55-7f0c2e2fddb9,Lee Cardwell,16,66.63,7,76.18,Carry Optics,B,A155173,MINOR,,30.4712,26.6534,4.8322,7.45,6,,2,,,,,,
7c1c6469-2052-4ee5-bd2b-69af35fd733c,Bayou City Monthly October 13th at Oilfield Sports Complex,2024-10-13,7,Someone Is Always Willing To Pay,6af2a58a-89c6-4431-8f55-7f0c2e2fddb9,Chuck Bradbury,17,65.74,8,75.16,Carry Optics,X,A107489,MINOR,,30.0638,26.2971,4.7676,8.39,8,,,,,,,,
7c1c6469-2052-4ee5-bd2b-69af35fd733c,Bayou City Monthly October 13th at Oilfield Sports Complex,2024-10-13,7,Someone Is Always Willing To Pay,6af2a58a-89c6-4431-8f55-7f0c2e2fddb9,Michael Pontious,18,65.40,4,66.90,Limited Optics,B,Fy94575,MINOR,Senior,26.7609,26.1620,4.7431,7.59,6,,2,,,,,,
7c1c6469-2052-4ee5-bd2b-69af35fd733c,Bayou City Monthly October 13th at Oilfield Sports Complex,2024-10-13,7,Someone Is Always Willing To Pay,6af2a58a-89c6-4431-8f55-7f0c2e2fddb9,"Jeff Maxwell, Jr.",19,64.75,1,100.00,Single Stack,C,L4489,MAJOR,Senior,40.0000,25.8989,4.6954,7.88,5,,3,,,,,,
7c1c6469-2052-4ee5-bd2b-69af35fd733c,Bayou City Monthly October 13th at Oilfield Sports Complex,2024-10-13,7,Someone Is Always Willing To Pay,6af2a58a-89c6-4431-8f55-7f0c2e2fddb9,Antonio Tormis,20,64.02,3,66.39,Open,C,A124958,MAJOR,,26.5574,25.6093,4.6429,8.40,7,,1,,,,,,
7c1c6469-2052-4ee5-bd2b-69af35fd733c,Bayou City Monthly October 13th at Oilfield Sports Complex,2024-10-13,7,Someone Is Always Willing To Pay,6af2a58a-89c6-4431-8f55-7f0c2e2fddb9,Jesse Harrington,21,62.78,9,71.77,Carry Optics,B,A153046,MINOR,,28.7068,25.1101,4.5524,6.59,4,,3,1,,,,,
7c1c6469-2052-4ee5-bd2b-69af35fd733c,Bayou City Monthly October 13th at Oilfield Sports Complex,2024-10-13,7,Someone Is Always Willing To Pay,6af2a58a-89c6-4431-8f55-7f0c2e2fddb9,Kenedy Nguyen,22,61.43,5,62.84,Limited Optics,U,A83862,MINOR,,25.1348,24.5723,4.4549,8.53,7,,1,,,,,,
7c1c6469-2052-4ee5-bd2b-69af35fd733c,Bayou City Monthly October 13th at Oilfield Sports Complex,2024-10-13,7,Someone Is Always Willing To Pay,6af2a58a-89c6-4431-8f55-7f0c2e2fddb9,David Zhang,23,59.95,6,61.33,Limited Optics,B,FY140383,MINOR,,24.5306,23.9816,4.3478,7.36,5,,2,1,,,,,
7c1c6469-2052-4ee5-bd2b-69af35fd733c,Bayou City Monthly October 13th at Oilfield Sports Complex,2024-10-13,7,Someone Is Always Willing To Pay,6af2a58a-89c6-4431-8f55-7f0c2e2fddb9,Eric Wu,24,59.59,2,78.24,Production,C,FY104740,MINOR,,31.2980,23.8376,4.3217,8.33,6,,2,,,,,,
7c1c6469-2052-4ee5-bd2b-69af35fd733c,Bayou City Monthly October 13th at Oilfield Sports Complex,2024-10-13,7,Someone Is Always Willing To Pay,6af2a58a-89c6-4431-8f55-7f0c2e2fddb9,Ben Castagno,25,58.74,10,67.16,Carry Optics,,,MINOR,,26.8624,23.4967,4.2599,9.39,8,,,,,,,,
7c1c6469-2052-4ee5-bd2b-69af35fd733c,Bayou City Monthly October 13th at Oilfield Sports Complex,2024-10-13,7,Someone Is Always Willing To Pay,6af2a58a-89c6-4431-8f55-7f0c2e2fddb9,"Byron ""BJ"" Frank",26,56.16,11,64.20,Carry Optics,D,A139338,MINOR,Super Senior; Law Enforcement; Military,25.6800,22.4625,4.0724,8.84,7,,,1,,,,,
7c1c6469-2052-4ee5-bd2b-69af35fd733c,Bayou City Monthly October 13th at Oilfield Sports Complex,2024-10-13,7,Someone Is Always Willing To Pay,6af2a58a-89c6-4431-8f55-7f0c2e2fddb9,James jackson,27,54.13,12,61.89,Carry Optics,X,A89219,MINOR,,24.7556,21.6539,3.9258,9.17,6,,2,,,,,,
7c1c6469-2052-4ee5-bd2b-69af35fd733c,Bayou City Monthly October 13th at Oilfield Sports Complex,2024-10-13,7,Someone Is Always Willing To Pay,6af2a58a-89c6-4431-8f55-7f0c2e2fddb9,Tyler Kenny,28,51.40,4,51.40,PCC,U,A148691,MINOR,,20.5612,20.5612,3.7277,6.17,6,,1,,1,,,,
7c1c6469-2052-4ee5-bd2b-69af35fd733c,Bayou City Monthly October 13th at Oilfield Sports Complex,2024-10-13,7,Someone Is Always Willing To Pay,6af2a58a-89c6-4431-8f55-7f0c2e2fddb9,Isaac Robledo,29,50.83,13,58.11,Carry Optics,B,A156101,MINOR,,23.2428,20.3307,3.6859,6.24,6,,1,,1,,,,
7c1c6469-2052-4ee5-bd2b-69af35fd733c,Bayou City Monthly October 13th at Oilfield Sports Complex,2024-10-13,7,Someone Is Always Willing To Pay,6af2a58a-89c6-4431-8f55-7f0c2e2fddb9,Gary Wu,30,50.14,3,65.84,Production,B,L2998,MINOR,Senior,26.3350,20.0576,3.6364,6.05,6,,,2,,,1,,
7c1c6469-2052-4ee5-bd2b-69af35fd733c,Bayou City Monthly October 13th at Oilfield Sports Complex,2024-10-13,7,Someone Is Always Willing To Pay,6af2a58a-89c6-4431-8f55-7f0c2e2fddb9,Matthew Howard,31,49.52,4,51.36,Open,U,A161081,MINOR,,20.5434,19.8100,3.5915,8.91,4,,4,,,,,,
7c1c6469-2052-4ee5-bd2b-69af35fd733c,Bayou City Monthly October 13th at Oilfield Sports Complex,2024-10-13,7,Someone Is Always Willing To Pay,6af2a58a-89c6-4431-8f55-7f0c2e2fddb9,Pat Byrne,32,48.08,1,100.00,Limited,,ty93921,MINOR,Distinguished Senior,40.0000,19.2330,3.4869,8.03,3,,4,1,,,,,
7c1c6469-2052-4ee5-bd2b-69af35fd733c,Bayou City Monthly October 13th at Oilfield Sports Complex,2024-10-13,7,Someone Is Always Willing To Pay,6af2a58a-89c6-4431-8f55-7f0c2e2fddb9,Harlan Chen,33,47.55,14,54.36,Carry Optics,,,MINOR,,21.7445,19.0201,3.4483,10.44,6,,2,,,,,,
7c1c6469-2052-4ee5-bd2b-69af35fd733c,Bayou City Monthly October 13th at Oilfield Sports Complex,2024-10-13,7,Someone Is Always Willing To Pay,6af2a58a-89c6-4431-8f55-7f0c2e2fddb9,Desmond Jackson,34,43.59,15,49.84,Carry Optics,X,TY89242,MINOR,Lady,19.9354,17.4376,3.1614,12.02,7,,1,,,,,,
7c1c6469-2052-4ee5-bd2b-69af35fd733c,Bayou City Monthly October 13th at Oilfield Sports Complex,2024-10-13,7,Someone Is Always Willing To Pay,6af2a58a-89c6-4431-8f55-7f0c2e2fddb9,William Holderfield,35,43.05,16,49.22,Carry Optics,U,A160443,MINOR,,19.6875,17.2209,3.1221,10.89,5,,3,,,,,,
7c1c6469-2052-4ee5-bd2b-69af35fd733c,Bayou City Monthly October 13th at Oilfield Sports Complex,2024-10-13,7,Someone Is Always Willing To Pay,6af2a58a-89c6-4431-8f55-7f0c2e2fddb9,John Del Toro,36,40.91,2,85.07,Limited,C,A107511,MINOR,Super Senior,34.0291,16.3621,2.9664,12.81,7,,1,,,,,,
7c1c6469-2052-4ee5-bd2b-69af35fd733c,Bayou City Monthly October 13th at Oilfield Sports Complex,2024-10-13,7,Someone Is Always Willing To Pay,6af2a58a-89c6-4431-8f55-7f0c2e2fddb9,Edward Yu,37,37.74,3,78.49,Limited,U,A148356,MINOR,Law Enforcement,31.3952,15.0956,2.7368,9.50,3,,3,2,,,,,
7c1c6469-2052-4ee5-bd2b-69af35fd733c,Bayou City Monthly October 13th at Oilfield Sports Complex,2024-10-13,7,Someone Is Always Willing To Pay,6af2a58a-89c6-4431-8f55-7f0c2e2fddb9,George Zhou,38,30.11,17,34.42,Carry Optics,B,A146179,MINOR,,13.7682,12.0432,2.1834,6.87,2,,5,,1,,,,
7c1c6469-2052-4ee5-bd2b-69af35fd733c,Bayou City Monthly October 13th at Oilfield Sports Complex,2024-10-13,7,Someone Is Always Willing To Pay,6af2a58a-89c6-4431-8f55-7f0c2e2fddb9,"Byron ""BJ"" Frank",39,20.49,5,20.49,PCC,U,A139338,MINOR,Super Senior; Law Enforcement; Military,8.1959,8.1959,1.4859,26.92,8,,,,,,,,
7c1c6469-2052-4ee5-bd2b-69af35fd733c,Bayou City Monthly October 13th at Oilfield Sports Complex,2024-10-13,7,Someone Is Always Willing To Pay,6af2a58a-89c6-4431-8f55-7f0c2e2fddb9,Jessica Zhang,40,19.41,4,40.37,Limited,,,MINOR,Lady,16.1496,7.7651,1.4078,22.73,5,,2,1,,,,,
7c1c6469-2052-4ee5-bd2b-69af35fd733c,Bayou City Monthly October 13th at Oilfield Sports Complex,2024-10-13,7,Someone Is Always Willing To Pay,6af2a58a-89c6-4431-8f55-7f0c2e2fddb9,CARLOS NIEVES,41,13.70,2,21.16,Single Stack,U,A120418,MAJOR,,8.4653,5.4810,0.9937,11.07,3,,4,,1,,1,,
7c1c6469-2052-4ee5-bd2b-69af35fd733c,Bayou City Monthly October 13th at Oilfield Sports Complex,2024-10-13,7,Someone Is Always Willing To Pay,6af2a58a-89c6-4431-8f55-7f0c2e2fddb9,John Ren,42,12.83,5,26.69,Limited,X,A152674,MINOR,,10.6765,5.1336,0.9307,9.67,4,,3,,1,,1,,
7c1c6469-2052-4ee5-bd2b-69af35fd733c,Bayou City Monthly October 13th at Oilfield Sports Complex,2024-10-13,7,Someone Is Always Willing To Pay,6af2a58a-89c6-4431-8f55-7f0c2e2fddb9,Jon Baguio,43,0.00,5,0.00,Open,C,A101177,MAJOR,,0.0000,0.0000,,,,,,,,,,,
7c1c6469-2052-4ee5-bd2b-69af35fd733c,Bayou City Monthly October 13th at Oilfield Sports Complex,2024-10-13,7,Someone Is Always Willing To Pay,6af2a58a-89c6-4431-8f55-7f0c2e2fddb9,Jerry Bedro,44,0.00,6,0.00,PCC,B,A98263,MINOR,,0.0000,0.0000,,,,,,,,,,,
7c1c6469-2052-4ee5-bd2b-69af35fd733c,Bayou City Monthly October 13th at Oilfield Sports Complex,2024-10-13,7,Someone Is Always Willing To Pay,6af2a58a-89c6-4431-8f55-7f0c2e2fddb9,Robbie Boettcher,45,0.00,7,0.00,Limited Optics,C,L5829,MINOR,,0.0000,0.0000,,,,,,,,,,,
7c1c6469-2052-4ee5-bd2b-69af35fd733c,Bayou City Monthly October 13th at Oilfield Sports Complex,2024-10-13,7,Someone Is Always Willing To Pay,6af2a58a-89c6-4431-8f55-7f0c2e2fddb9,Andy Chen,46,0.00,6,0.00,Open,A,A86721,MINOR,,0.0000,0.0000,,,,,,,,,,,
7c1c6469-2052-4ee5-bd2b-69af35fd733c,Bayou City Monthly October 13th at Oilfield Sports Complex,2024-10-13,7,Someone Is Always Willing To Pay,6af2a58a-89c6-4431-8f55-7f0c2e2fddb9,Pocholo Dimayuga,47,0.00,7,0.00,Open,C,A106236,MINOR,,0.0000,0.0000,,,,,,,,,,,
7c1c6469-2052-4ee5-bd2b-69af35fd733c,Bayou City Monthly October 13th at Oilfield Sports Complex,2024-10-13,7,Someone Is Always Willing To Pay,6af2a58a-89c6-4431-8f55-7f0c2e2fddb9,Teddy Elarmo,48,0.00,8,0.00,Limited Optics,C,A142885,MINOR,,0.0000,0.0000,,,,,,,,,,,
7c1c6469-2052-4ee5-bd2b-69af35fd733c,Bayou City Monthly October 13th at Oilfield Sports Complex,2024-10-13,7,Someone Is Always Willing To Pay,6af2a58a-89c6-4431-8f55-7f0c2e2fddb9,Hugh Fullerton,49,0.00,6,0.00,Limited,C,A140572,MAJOR,,0.0000,0.0000,,,,,,,,,,,
7c1c6469-2052-4ee5-bd2b-69af35fd733c,Bayou City Monthly October 13th at Oilfield Sports Complex,2024-10-13,7,Someone Is Always Willing To Pay,6af2a58a-89c6-4431-8f55-7f0c2e2fddb9,Arnold Gee,50,0.00,8,0.00,Open,B,A103519,MAJOR,Senior,0.0000,0.0000,,,,,,,,,,,
7c1c6469-2052-4ee5-bd2b-69af35fd733c,Bayou City Monthly October 13th at Oilfield Sports Complex,2024-10-13,7,Someone Is Always Willing To Pay,6af2a58a-89c6-4431-8f55-7f0c2e2fddb9,Aaron Gillory,51,0.00,18,0.00,Carry Optics,B,TY144826,MINOR,Law Enforcement,0.0000,0.0000,,,,,,,,,,,
7c1c6469-2052-4ee5-bd2b-69af35fd733c,Bayou City Monthly October 13th at Oilfield Sports Complex,2024-10-13,7,Someone Is Always Willing To Pay,6af2a58a-89c6-4431-8f55-7f0c2e2fddb9,Rudy Widiaman,52,0.00,7,0.00,PCC,U,A155535,MINOR,,0.0000,0.0000,,,,,,,,,,,
7c1c6469-2052-4ee5-bd2b-69af35fd733c,Bayou City Monthly October 13th at Oilfield Sports Complex,2024-10-13,7,Someone Is Always Willing To Pay,6af2a58a-89c6-4431-8f55-7f0c2e2fddb9,Anji Xu,53,0.00,8,0.00,PCC,U,FY135340,MINOR,,0.0000,0.0000,,,,,,,,,,,
7c1c6469-2052-4ee5-bd2b-69af35fd733c,Bayou City Monthly October 13th at Oilfield Sports Complex,2024-10-13,7,Someone Is Always Willing To Pay,6af2a58a-89c6-4431-8f55-7f0c2e2fddb9,Gilbert Goodman,54,0.00,19,0.00,Carry Optics,B,A145861,MINOR,,0.0000,0.0000,0.0000,4.01,4,,3,,1,,,2,
7c1c6469-2052-4ee5-bd2b-69af35fd733c,Bayou City Monthly October 13th at Oilfield Sports Complex,2024-10-13,7,Someone Is Always Willing To Pay,6af2a58a-89c6-4431-8f55-7f0c2e2fddb9,randy callison,55,0.00,3,0.00,Single Stack,U,A14418,MAJOR,Super Senior,0.0000,0.0000,0.0000,10.26,5,,1,,2,,1,,
7c1c6469-2052-4ee5-bd2b-69af35fd733c,Bayou City Monthly October 13th at Oilfield Sports Complex,2024-10-13,7,Someone Is Always Willing To Pay,6af2a58a-89c6-4431-8f55-7f0c2e2fddb9,Jack Galloway,56,0.00,9,0.00,Limited Optics,,,MINOR,,0.0000,0.0000,0.0000,11.39,5,,1,1,1,,1,1,
