match_id,match_name,match_date,stage_number,stage_name,stage_uuid,shooter_name,shooter_rank_combined,shooter_percent_combined,shooter_rank_division,shooter_percent_division,division,class,member_number,power_factor,categories,stage_points,stage_points_combined,hit_factor,time,A,B,C,D,M,NPM,NS,Proc,Apen
80e8df22-03e2-4ba6-be0e-af5dd6de072e,Wallis Orchard Practical Shooters December USPSA Match,2023-12-17,1,Righty Tighty,aa5e356d-1690-0cb6-9d95-ddb5473220d9,Edwin Garcia,1,100.00,1,100.00,PCC,M,Ty38396,MINOR,,90.0000,90.0000,8.8050,9.54,15,,3,,,,,,
80e8df22-03e2-4ba6-be0e-af5dd6de072e,Wallis Orchard Practical Shooters December USPSA Match,2023-12-17,1,Righty Tighty,aa5e356d-1690-0cb6-9d95-ddb5473220d9,Bobby Ivester,2,90.21,1,100.00,Open,M,A101336,MAJOR,,90.0000,81.1850,7.9426,10.45,13,,4,1,,,,,
80e8df22-03e2-4ba6-be0e-af5dd6de072e,Wallis Orchard Practical Shooters December USPSA Match,2023-12-17,1,Righty Tighty,aa5e356d-1690-0cb6-9d95-ddb5473220d9,Zachary Ralston,3,89.46,1,100.00,Carry Optics,A,A123081,MINOR,,90.0000,80.5145,7.8770,10.41,14,,4,,,,,,
80e8df22-03e2-4ba6-be0e-af5dd6de072e,Wallis Orchard Practical Shooters December USPSA Match,2023-12-17,1,Righty Tighty,aa5e356d-1690-0cb6-9d95-ddb5473220d9,Travis McKenzie,4,87.76,1,100.00,Limited Optics,U,L6340,MINOR,,90.0000,78.9884,7.7277,10.87,15,,3,,,,,,
80e8df22-03e2-4ba6-be0e-af5dd6de072e,Wallis Orchard Practical Shooters December USPSA Match,2023-12-17,1,Righty Tighty,aa5e356d-1690-0cb6-9d95-ddb5473220d9,Khoa Nguyen,5,87.60,2,99.82,Limited Optics,A,A117224,MINOR,Law Enforcement,89.8346,78.8433,7.7135,10.89,15,,3,,,,,,
80e8df22-03e2-4ba6-be0e-af5dd6de072e,Wallis Orchard Practical Shooters December USPSA Match,2023-12-17,1,Righty Tighty,aa5e356d-1690-0cb6-9d95-ddb5473220d9,Vinh Lam,6,87.29,1,100.00,Limited,M,TY101025,MAJOR,,90.0000,78.5591,7.6857,11.58,17,,1,,,,,,
80e8df22-03e2-4ba6-be0e-af5dd6de072e,Wallis Orchard Practical Shooters December USPSA Match,2023-12-17,1,Righty Tighty,aa5e356d-1690-0cb6-9d95-ddb5473220d9,Michael Whitley,7,85.13,3,97.00,Limited Optics,U,A111091,MINOR,,87.2980,76.6170,7.4957,11.74,17,,1,,,,,,
80e8df22-03e2-4ba6-be0e-af5dd6de072e,Wallis Orchard Practical Shooters December USPSA Match,2023-12-17,1,Righty Tighty,aa5e356d-1690-0cb6-9d95-ddb5473220d9,Michael Hanover,8,84.72,4,96.54,Limited Optics,A,A146302,MINOR,,86.8823,76.2521,7.4600,11.26,15,,3,,,,,,
80e8df22-03e2-4ba6-be0e-af5dd6de072e,Wallis Orchard Practical Shooters December USPSA Match,2023-12-17,1,Righty Tighty,aa5e356d-1690-0cb6-9d95-ddb5473220d9,Andy Chen,9,84.60,5,96.39,Limited Optics,A,A86721,MINOR,,86.7518,76.1376,7.4488,10.74,13,,5,,,,,,
80e8df22-03e2-4ba6-be0e-af5dd6de072e,Wallis Orchard Practical Shooters December USPSA Match,2023-12-17,1,Righty Tighty,aa5e356d-1690-0cb6-9d95-ddb5473220d9,Chris Snow,10,83.73,2,92.82,Open,U,Ty107262,MINOR,,83.5389,75.3567,7.3724,10.58,12,,6,,,,,,
80e8df22-03e2-4ba6-be0e-af5dd6de072e,Wallis Orchard Practical Shooters December USPSA Match,2023-12-17,1,Righty Tighty,aa5e356d-1690-0cb6-9d95-ddb5473220d9,Anthony Fong,11,80.84,6,92.11,Limited Optics,M,A142224,MINOR,,82.9003,72.7574,7.1181,11.52,14,,4,,,,,,
80e8df22-03e2-4ba6-be0e-af5dd6de072e,Wallis Orchard Practical Shooters December USPSA Match,2023-12-17,1,Righty Tighty,aa5e356d-1690-0cb6-9d95-ddb5473220d9,Jack LIU,12,80.22,2,80.22,PCC,A,l6156,MINOR,Law Enforcement,72.1963,72.1963,7.0632,10.76,11,,7,,,,,,
80e8df22-03e2-4ba6-be0e-af5dd6de072e,Wallis Orchard Practical Shooters December USPSA Match,2023-12-17,1,Righty Tighty,aa5e356d-1690-0cb6-9d95-ddb5473220d9,Jason Wells,13,78.26,7,89.17,Limited Optics,U,L5218,MINOR,,80.2496,70.4310,6.8905,11.32,12,,6,,,,,,
80e8df22-03e2-4ba6-be0e-af5dd6de072e,Wallis Orchard Practical Shooters December USPSA Match,2023-12-17,1,Righty Tighty,aa5e356d-1690-0cb6-9d95-ddb5473220d9,Doug Joder,14,77.98,3,77.98,PCC,B,TY115020,MINOR,,70.1826,70.1826,6.8662,11.36,12,,6,,,,,,
80e8df22-03e2-4ba6-be0e-af5dd6de072e,Wallis Orchard Practical Shooters December USPSA Match,2023-12-17,1,Righty Tighty,aa5e356d-1690-0cb6-9d95-ddb5473220d9,Christian Canizales,15,76.79,2,85.84,Carry Optics,B,TY150265,MINOR,,77.2558,69.1135,6.7616,11.24,12,,5,1,,,,,
80e8df22-03e2-4ba6-be0e-af5dd6de072e,Wallis Orchard Practical Shooters December USPSA Match,2023-12-17,1,Righty Tighty,aa5e356d-1690-0cb6-9d95-ddb5473220d9,Mike Junco,16,76.72,8,87.42,Limited Optics,U,TY34819,MINOR,Senior; Law Enforcement,78.6785,69.0521,6.7556,11.25,12,,5,1,,,,,
80e8df22-03e2-4ba6-be0e-af5dd6de072e,Wallis Orchard Practical Shooters December USPSA Match,2023-12-17,1,Righty Tighty,aa5e356d-1690-0cb6-9d95-ddb5473220d9,Arnold Gee,17,76.54,3,84.85,Open,B,Ty103519,MAJOR,Senior,76.3616,68.8825,6.7390,12.91,15,,3,,,,,,
80e8df22-03e2-4ba6-be0e-af5dd6de072e,Wallis Orchard Practical Shooters December USPSA Match,2023-12-17,1,Righty Tighty,aa5e356d-1690-0cb6-9d95-ddb5473220d9,Andrew Whitley,18,74.73,4,82.85,Open,A,TY106649,MAJOR,,74.5611,67.2583,6.5801,11.55,14,,4,,,,,1,
80e8df22-03e2-4ba6-be0e-af5dd6de072e,Wallis Orchard Practical Shooters December USPSA Match,2023-12-17,1,Righty Tighty,aa5e356d-1690-0cb6-9d95-ddb5473220d9,Pocholo Dimayuga,19,71.80,2,82.25,Limited,B,A106236,MAJOR,,74.0287,64.6181,6.3218,13.92,16,,2,,,,,,
80e8df22-03e2-4ba6-be0e-af5dd6de072e,Wallis Orchard Practical Shooters December USPSA Match,2023-12-17,1,Righty Tighty,aa5e356d-1690-0cb6-9d95-ddb5473220d9,Adam Bandiera,20,71.73,3,80.18,Carry Optics,B,A148375,MINOR,,72.1622,64.5567,6.3158,12.35,13,,4,1,,,,,
80e8df22-03e2-4ba6-be0e-af5dd6de072e,Wallis Orchard Practical Shooters December USPSA Match,2023-12-17,1,Righty Tighty,aa5e356d-1690-0cb6-9d95-ddb5473220d9,Peter Kirchner,21,71.24,4,79.63,Carry Optics,A,TY105743,MINOR,,71.6652,64.1121,6.2723,14.03,17,,1,,,,,,
80e8df22-03e2-4ba6-be0e-af5dd6de072e,Wallis Orchard Practical Shooters December USPSA Match,2023-12-17,1,Righty Tighty,aa5e356d-1690-0cb6-9d95-ddb5473220d9,Jason Wilson,22,70.64,9,80.49,Limited Optics,U,A94696,MINOR,,72.4419,63.5785,6.2201,12.54,13,,4,1,,,,,
80e8df22-03e2-4ba6-be0e-af5dd6de072e,Wallis Orchard Practical Shooters December USPSA Match,2023-12-17,1,Righty Tighty,aa5e356d-1690-0cb6-9d95-ddb5473220d9,Jerry Bedro,23,70.47,5,78.13,Open,C,A98263,MAJOR,,70.3141,63.4273,6.2053,12.57,10,,6,2,,,,,
80e8df22-03e2-4ba6-be0e-af5dd6de072e,Wallis Orchard Practical Shooters December USPSA Match,2023-12-17,1,Righty Tighty,aa5e356d-1690-0cb6-9d95-ddb5473220d9,Brandon Foss,24,70.45,5,78.75,Carry Optics,M,L5142,MINOR,,70.8711,63.4017,6.2028,11.93,10,,8,,,,,,
80e8df22-03e2-4ba6-be0e-af5dd6de072e,Wallis Orchard Practical Shooters December USPSA Match,2023-12-17,1,Righty Tighty,aa5e356d-1690-0cb6-9d95-ddb5473220d9,Gary Wu,25,69.47,10,79.15,Limited Optics,C,L2998,MINOR,Senior,71.2365,62.5206,6.1166,14.06,16,,2,,,,,,
80e8df22-03e2-4ba6-be0e-af5dd6de072e,Wallis Orchard Practical Shooters December USPSA Match,2023-12-17,1,Righty Tighty,aa5e356d-1690-0cb6-9d95-ddb5473220d9,Mike Kahl,26,64.94,6,72.59,Carry Optics,A,TY70984,MINOR,Super Senior,65.3343,58.4484,5.7182,14.69,15,,3,,,,,,
80e8df22-03e2-4ba6-be0e-af5dd6de072e,Wallis Orchard Practical Shooters December USPSA Match,2023-12-17,1,Righty Tighty,aa5e356d-1690-0cb6-9d95-ddb5473220d9,Michael Kiesewetter,27,64.90,6,71.94,Open,U,ty118153,MAJOR,,64.7505,58.4085,5.7143,11.90,10,,7,,1,,,,
80e8df22-03e2-4ba6-be0e-af5dd6de072e,Wallis Orchard Practical Shooters December USPSA Match,2023-12-17,1,Righty Tighty,aa5e356d-1690-0cb6-9d95-ddb5473220d9,David ZHANG,28,64.75,11,73.78,Limited Optics,C,FY140383,MINOR,,66.4009,58.2767,5.7014,13.33,12,,5,1,,,,,
80e8df22-03e2-4ba6-be0e-af5dd6de072e,Wallis Orchard Practical Shooters December USPSA Match,2023-12-17,1,Righty Tighty,aa5e356d-1690-0cb6-9d95-ddb5473220d9,Drew Yang,29,64.48,7,72.08,Carry Optics,C,0,MINOR,,64.8727,58.0354,5.6778,14.09,13,,5,,,,,,
80e8df22-03e2-4ba6-be0e-af5dd6de072e,Wallis Orchard Practical Shooters December USPSA Match,2023-12-17,1,Righty Tighty,aa5e356d-1690-0cb6-9d95-ddb5473220d9,Jaramillo Avila,30,62.10,7,68.85,Open,U,,MINOR,Law Enforcement,61.9618,55.8930,5.4682,14.63,14,,3,1,,,,,
80e8df22-03e2-4ba6-be0e-af5dd6de072e,Wallis Orchard Practical Shooters December USPSA Match,2023-12-17,1,Righty Tighty,aa5e356d-1690-0cb6-9d95-ddb5473220d9,Virak Meas,31,61.75,12,70.36,Limited Optics,U,Q,MINOR,Senior,63.3204,55.5731,5.4369,15.45,15,,3,,,,,,
80e8df22-03e2-4ba6-be0e-af5dd6de072e,Wallis Orchard Practical Shooters December USPSA Match,2023-12-17,1,Righty Tighty,aa5e356d-1690-0cb6-9d95-ddb5473220d9,Roman Gwiscz,32,61.27,8,68.48,Carry Optics,A,L4670,MINOR,,61.6358,55.1397,5.3945,14.83,13,,5,,,,,,
80e8df22-03e2-4ba6-be0e-af5dd6de072e,Wallis Orchard Practical Shooters December USPSA Match,2023-12-17,1,Righty Tighty,aa5e356d-1690-0cb6-9d95-ddb5473220d9,Gennady Khokhorin,33,60.80,1,100.00,Production,B,A123884,MINOR,Super Senior,90.0000,54.7227,5.3537,15.69,15,,3,,,,,,
80e8df22-03e2-4ba6-be0e-af5dd6de072e,Wallis Orchard Practical Shooters December USPSA Match,2023-12-17,1,Righty Tighty,aa5e356d-1690-0cb6-9d95-ddb5473220d9,August Balagtas,34,59.19,13,67.44,Limited Optics,U,L3674,MINOR,,60.6953,53.2692,5.2115,13.24,14,,3,,1,,,,
80e8df22-03e2-4ba6-be0e-af5dd6de072e,Wallis Orchard Practical Shooters December USPSA Match,2023-12-17,1,Righty Tighty,aa5e356d-1690-0cb6-9d95-ddb5473220d9,Matthew Givens,35,58.89,14,67.10,Limited Optics,C,Ty137686,MINOR,,60.3890,53.0003,5.1852,16.20,15,,3,,,,,,
80e8df22-03e2-4ba6-be0e-af5dd6de072e,Wallis Orchard Practical Shooters December USPSA Match,2023-12-17,1,Righty Tighty,aa5e356d-1690-0cb6-9d95-ddb5473220d9,Don Sanders,36,57.85,8,64.13,Open,U,FY46389,MAJOR,Senior,57.7171,52.0641,5.0936,13.35,6,,7,5,,,,,
80e8df22-03e2-4ba6-be0e-af5dd6de072e,Wallis Orchard Practical Shooters December USPSA Match,2023-12-17,1,Righty Tighty,aa5e356d-1690-0cb6-9d95-ddb5473220d9,Manny Fraker,37,57.52,2,94.61,Production,A,TY123776,MINOR,,85.1467,51.7717,5.0650,14.61,10,,8,,,,,,
80e8df22-03e2-4ba6-be0e-af5dd6de072e,Wallis Orchard Practical Shooters December USPSA Match,2023-12-17,1,Righty Tighty,aa5e356d-1690-0cb6-9d95-ddb5473220d9,Chez Chike-Udenze,38,56.90,15,64.83,Limited Optics,M,A138598,MINOR,,58.3474,51.2085,5.0099,15.17,11,,7,,,,,,
80e8df22-03e2-4ba6-be0e-af5dd6de072e,Wallis Orchard Practical Shooters December USPSA Match,2023-12-17,1,Righty Tighty,aa5e356d-1690-0cb6-9d95-ddb5473220d9,Eric Wu,39,56.05,16,63.87,Limited Optics,U,,MINOR,,57.4797,50.4470,4.9354,17.02,15,,3,,,,,,
80e8df22-03e2-4ba6-be0e-af5dd6de072e,Wallis Orchard Practical Shooters December USPSA Match,2023-12-17,1,Righty Tighty,aa5e356d-1690-0cb6-9d95-ddb5473220d9,Pat Byrne,40,55.37,1,100.00,Single Stack,B,Fy93921,MINOR,Super Senior,90.0000,49.8307,4.8751,16.41,13,,5,,,,,,
80e8df22-03e2-4ba6-be0e-af5dd6de072e,Wallis Orchard Practical Shooters December USPSA Match,2023-12-17,1,Righty Tighty,aa5e356d-1690-0cb6-9d95-ddb5473220d9,Jim Havens,41,53.89,17,61.40,Limited Optics,M,TY114636,MINOR,Senior,55.2611,48.4998,4.7449,11.17,11,,6,,1,,1,,
80e8df22-03e2-4ba6-be0e-af5dd6de072e,Wallis Orchard Practical Shooters December USPSA Match,2023-12-17,1,Righty Tighty,aa5e356d-1690-0cb6-9d95-ddb5473220d9,Alex Nguyen,42,53.86,9,60.20,Carry Optics,U,A151003,MINOR,,54.1817,48.4712,4.7421,16.87,13,,5,,,,,,
80e8df22-03e2-4ba6-be0e-af5dd6de072e,Wallis Orchard Practical Shooters December USPSA Match,2023-12-17,1,Righty Tighty,aa5e356d-1690-0cb6-9d95-ddb5473220d9,Robert Bui,43,53.63,4,53.63,PCC,U,A103016,MINOR,,48.2698,48.2698,4.7224,15.67,16,,1,1,,,1,,
80e8df22-03e2-4ba6-be0e-af5dd6de072e,Wallis Orchard Practical Shooters December USPSA Match,2023-12-17,1,Righty Tighty,aa5e356d-1690-0cb6-9d95-ddb5473220d9,Marc Demeza,44,52.97,3,87.11,Production,U,TY142892,MINOR,,78.3989,47.6688,4.6636,13.08,11,,5,1,1,,,,
80e8df22-03e2-4ba6-be0e-af5dd6de072e,Wallis Orchard Practical Shooters December USPSA Match,2023-12-17,1,Righty Tighty,aa5e356d-1690-0cb6-9d95-ddb5473220d9,AJ Jackson,45,52.38,18,59.68,Limited Optics,U,TY81745,MINOR,,53.7098,47.1383,4.6117,12.36,9,,7,1,1,,,,
80e8df22-03e2-4ba6-be0e-af5dd6de072e,Wallis Orchard Practical Shooters December USPSA Match,2023-12-17,1,Righty Tighty,aa5e356d-1690-0cb6-9d95-ddb5473220d9,Kristen Day,46,51.96,3,59.53,Limited,C,TY121933,MAJOR,Lady,53.5759,46.7652,4.5752,16.83,9,,7,2,,,,,
80e8df22-03e2-4ba6-be0e-af5dd6de072e,Wallis Orchard Practical Shooters December USPSA Match,2023-12-17,1,Righty Tighty,aa5e356d-1690-0cb6-9d95-ddb5473220d9,Robin Chen,47,51.44,10,57.50,Carry Optics,C,A152878,MINOR,Lady; Law Enforcement,51.7491,46.2951,4.5292,16.78,12,,5,1,,,,,
80e8df22-03e2-4ba6-be0e-af5dd6de072e,Wallis Orchard Practical Shooters December USPSA Match,2023-12-17,1,Righty Tighty,aa5e356d-1690-0cb6-9d95-ddb5473220d9,Matthew Lem,48,51.10,19,58.22,Limited Optics,U,FY34763,MINOR,Senior; Law Enforcement,52.4019,45.9905,4.4994,17.78,14,,3,1,,,,,
80e8df22-03e2-4ba6-be0e-af5dd6de072e,Wallis Orchard Practical Shooters December USPSA Match,2023-12-17,1,Righty Tighty,aa5e356d-1690-0cb6-9d95-ddb5473220d9,Michael Pontious,49,50.14,20,57.13,Limited Optics,U,fy94575,MINOR,Senior,51.4178,45.1267,4.4149,14.27,11,,6,,1,,,,
80e8df22-03e2-4ba6-be0e-af5dd6de072e,Wallis Orchard Practical Shooters December USPSA Match,2023-12-17,1,Righty Tighty,aa5e356d-1690-0cb6-9d95-ddb5473220d9,Karen Brusatori,50,50.07,21,57.05,Limited Optics,C,A149998,MAJOR,Lady,51.3455,45.0634,4.4087,19.28,13,,5,,,,,,
80e8df22-03e2-4ba6-be0e-af5dd6de072e,Wallis Orchard Practical Shooters December USPSA Match,2023-12-17,1,Righty Tighty,aa5e356d-1690-0cb6-9d95-ddb5473220d9,Zach Hudson,51,49.85,11,55.73,Carry Optics,C,A154012,MINOR,,50.1553,44.8692,4.3897,18.68,14,,4,,,,,,
80e8df22-03e2-4ba6-be0e-af5dd6de072e,Wallis Orchard Practical Shooters December USPSA Match,2023-12-17,1,Righty Tighty,aa5e356d-1690-0cb6-9d95-ddb5473220d9,ian loyd,52,49.62,5,49.62,PCC,U,A148072,MINOR,,44.6566,44.6566,4.3689,20.60,18,,,,,,,,
80e8df22-03e2-4ba6-be0e-af5dd6de072e,Wallis Orchard Practical Shooters December USPSA Match,2023-12-17,1,Righty Tighty,aa5e356d-1690-0cb6-9d95-ddb5473220d9,Lawrence Fu,53,48.92,12,54.68,Carry Optics,U,Fy142081,MINOR,,49.2104,44.0239,4.3070,18.11,12,,6,,,,,,
80e8df22-03e2-4ba6-be0e-af5dd6de072e,Wallis Orchard Practical Shooters December USPSA Match,2023-12-17,1,Righty Tighty,aa5e356d-1690-0cb6-9d95-ddb5473220d9,Albert Legislador,54,48.77,13,54.51,Carry Optics,U,TY91787,MINOR,NEW SHOOTER,49.0630,43.8920,4.2941,15.37,12,,5,1,,,1,,
80e8df22-03e2-4ba6-be0e-af5dd6de072e,Wallis Orchard Practical Shooters December USPSA Match,2023-12-17,1,Righty Tighty,aa5e356d-1690-0cb6-9d95-ddb5473220d9,Allan Santiago,55,48.11,4,55.12,Limited,U,,MAJOR,,49.6038,43.2981,4.2360,19.83,12,,6,,,,,,
80e8df22-03e2-4ba6-be0e-af5dd6de072e,Wallis Orchard Practical Shooters December USPSA Match,2023-12-17,1,Righty Tighty,aa5e356d-1690-0cb6-9d95-ddb5473220d9,Parish Saculles,56,47.80,9,52.99,Open,U,L5316,MINOR,,47.6867,43.0160,4.2084,14.97,11,,6,,1,,,,
80e8df22-03e2-4ba6-be0e-af5dd6de072e,Wallis Orchard Practical Shooters December USPSA Match,2023-12-17,1,Righty Tighty,aa5e356d-1690-0cb6-9d95-ddb5473220d9,Jeannie Marrone,57,47.73,10,52.91,Open,C,TY133357,MAJOR,Lady; Super Senior,47.6209,42.9567,4.2026,17.37,15,,1,2,,,1,,
80e8df22-03e2-4ba6-be0e-af5dd6de072e,Wallis Orchard Practical Shooters December USPSA Match,2023-12-17,1,Righty Tighty,aa5e356d-1690-0cb6-9d95-ddb5473220d9,Kim Ivester,58,46.85,11,51.94,Open,B,L4935,MAJOR,Lady,46.7439,42.1656,4.1252,20.12,13,,4,1,,,,,
80e8df22-03e2-4ba6-be0e-af5dd6de072e,Wallis Orchard Practical Shooters December USPSA Match,2023-12-17,1,Righty Tighty,aa5e356d-1690-0cb6-9d95-ddb5473220d9,John Ren,59,46.60,5,53.39,Limited,C,A152674,MINOR,,48.0475,41.9397,4.1031,19.01,12,,6,,,,,,
80e8df22-03e2-4ba6-be0e-af5dd6de072e,Wallis Orchard Practical Shooters December USPSA Match,2023-12-17,1,Righty Tighty,aa5e356d-1690-0cb6-9d95-ddb5473220d9,Abraham Estrada,60,45.98,14,51.40,Carry Optics,U,0,MINOR,NEW SHOOTER,46.2580,41.3826,4.0486,17.29,11,,4,3,,,,,
80e8df22-03e2-4ba6-be0e-af5dd6de072e,Wallis Orchard Practical Shooters December USPSA Match,2023-12-17,1,Righty Tighty,aa5e356d-1690-0cb6-9d95-ddb5473220d9,David Young,61,45.37,15,50.72,Carry Optics,C,Ty130791,MINOR,,45.6467,40.8358,3.9951,16.27,12,,5,,1,,,,
80e8df22-03e2-4ba6-be0e-af5dd6de072e,Wallis Orchard Practical Shooters December USPSA Match,2023-12-17,1,Righty Tighty,aa5e356d-1690-0cb6-9d95-ddb5473220d9,TJ Balingit,62,44.07,16,49.27,Carry Optics,U,A151010,MINOR,,44.3407,39.6675,3.8808,17.78,14,,3,,1,,,,
80e8df22-03e2-4ba6-be0e-af5dd6de072e,Wallis Orchard Practical Shooters December USPSA Match,2023-12-17,1,Righty Tighty,aa5e356d-1690-0cb6-9d95-ddb5473220d9,wade pruetz,63,43.45,12,48.17,Open,A,pending,MAJOR,Senior,43.3502,39.1043,3.8257,18.82,12,,5,1,,,1,,
80e8df22-03e2-4ba6-be0e-af5dd6de072e,Wallis Orchard Practical Shooters December USPSA Match,2023-12-17,1,Righty Tighty,aa5e356d-1690-0cb6-9d95-ddb5473220d9,michael Chang,64,43.26,13,47.96,Open,,,MAJOR,,43.1609,38.9336,3.8090,17.59,11,,5,1,1,,,,
80e8df22-03e2-4ba6-be0e-af5dd6de072e,Wallis Orchard Practical Shooters December USPSA Match,2023-12-17,1,Righty Tighty,aa5e356d-1690-0cb6-9d95-ddb5473220d9,Rene Zalamea,65,42.94,14,47.61,Open,C,A66891,MAJOR,Senior,42.8471,38.6504,3.7813,21.95,11,,7,,,,,,
80e8df22-03e2-4ba6-be0e-af5dd6de072e,Wallis Orchard Practical Shooters December USPSA Match,2023-12-17,1,Righty Tighty,aa5e356d-1690-0cb6-9d95-ddb5473220d9,Abrahan Figueroa,66,41.59,15,46.11,Open,C,TY54053,MAJOR,Senior,41.4952,37.4310,3.6620,21.30,12,,3,3,,,,,
80e8df22-03e2-4ba6-be0e-af5dd6de072e,Wallis Orchard Practical Shooters December USPSA Match,2023-12-17,1,Righty Tighty,aa5e356d-1690-0cb6-9d95-ddb5473220d9,Loren Brusatori,67,41.06,16,45.52,Open,C,A149999,MINOR,,40.9649,36.9526,3.6152,15.49,7,,10,1,,,1,,
80e8df22-03e2-4ba6-be0e-af5dd6de072e,Wallis Orchard Practical Shooters December USPSA Match,2023-12-17,1,Righty Tighty,aa5e356d-1690-0cb6-9d95-ddb5473220d9,Ramil Villanueva,68,40.18,17,44.92,Carry Optics,D,A110261,MINOR,Senior,40.4252,36.1646,3.5381,14.98,11,,6,,1,,1,,
80e8df22-03e2-4ba6-be0e-af5dd6de072e,Wallis Orchard Practical Shooters December USPSA Match,2023-12-17,1,Righty Tighty,aa5e356d-1690-0cb6-9d95-ddb5473220d9,Antoio Tormis,69,40.12,17,44.48,Open,C,,MAJOR,,40.0278,36.1073,3.5325,19.25,10,,7,,1,,,,
80e8df22-03e2-4ba6-be0e-af5dd6de072e,Wallis Orchard Practical Shooters December USPSA Match,2023-12-17,1,Righty Tighty,aa5e356d-1690-0cb6-9d95-ddb5473220d9,Chris Eisenhour,70,39.89,4,65.61,Production,D,A155073,MINOR,NEW SHOOTER,59.0496,35.9039,3.5126,18.22,15,,3,,,,1,1,
80e8df22-03e2-4ba6-be0e-af5dd6de072e,Wallis Orchard Practical Shooters December USPSA Match,2023-12-17,1,Righty Tighty,aa5e356d-1690-0cb6-9d95-ddb5473220d9,Zack Book,71,39.73,6,45.51,Limited,U,,MINOR,,40.9594,35.7526,3.4978,22.30,12,,6,,,,,,
80e8df22-03e2-4ba6-be0e-af5dd6de072e,Wallis Orchard Practical Shooters December USPSA Match,2023-12-17,1,Righty Tighty,aa5e356d-1690-0cb6-9d95-ddb5473220d9,Jeremiah Hunt,72,39.08,22,44.53,Limited Optics,C,A148592,MINOR,,40.0753,35.1721,3.4410,14.24,8,,5,4,1,,,,
80e8df22-03e2-4ba6-be0e-af5dd6de072e,Wallis Orchard Practical Shooters December USPSA Match,2023-12-17,1,Righty Tighty,aa5e356d-1690-0cb6-9d95-ddb5473220d9,Andrew Philip,73,33.85,23,38.57,Limited Optics,U,A153653,MINOR,Senior,34.7133,30.4661,2.9806,26.84,13,,5,,,,,,
80e8df22-03e2-4ba6-be0e-af5dd6de072e,Wallis Orchard Practical Shooters December USPSA Match,2023-12-17,1,Righty Tighty,aa5e356d-1690-0cb6-9d95-ddb5473220d9,CHAN WILLIAM,74,30.63,24,34.90,Limited Optics,U,,MINOR,,31.4139,27.5704,2.6973,10.01,7,,6,4,1,,2,,
80e8df22-03e2-4ba6-be0e-af5dd6de072e,Wallis Orchard Practical Shooters December USPSA Match,2023-12-17,1,Righty Tighty,aa5e356d-1690-0cb6-9d95-ddb5473220d9,Patrick Houstoun,75,22.62,18,25.28,Carry Optics,B,A148442,MINOR,Senior,22.7542,20.3560,1.9915,14.06,17,,1,,,,,6,
80e8df22-03e2-4ba6-be0e-af5dd6de072e,Wallis Orchard Practical Shooters December USPSA Match,2023-12-17,1,Righty Tighty,aa5e356d-1690-0cb6-9d95-ddb5473220d9,Kexin Bai,76,18.01,18,19.96,Open,U,A155638,MAJOR,Foreign,17.9680,16.2082,1.5857,29.01,12,,4,,2,,1,,
80e8df22-03e2-4ba6-be0e-af5dd6de072e,Wallis Orchard Practical Shooters December USPSA Match,2023-12-17,1,Righty Tighty,aa5e356d-1690-0cb6-9d95-ddb5473220d9,Tyler Kenny,77,16.59,19,18.54,Carry Optics,B,A148691,MINOR,,16.6872,14.9284,1.4605,11.64,6,,9,,3,,1,,
80e8df22-03e2-4ba6-be0e-af5dd6de072e,Wallis Orchard Practical Shooters December USPSA Match,2023-12-17,1,Righty Tighty,aa5e356d-1690-0cb6-9d95-ddb5473220d9,Ann Marquez,78,5.95,20,6.65,Carry Optics,U,,MINOR,NEW SHOOTER,5.9893,5.3581,0.5242,34.34,7,,7,2,2,,2,,
80e8df22-03e2-4ba6-be0e-af5dd6de072e,Wallis Orchard Practical Shooters December USPSA Match,2023-12-17,1,Righty Tighty,aa5e356d-1690-0cb6-9d95-ddb5473220d9,Chang Qian,79,0.00,5,0.00,Production,U,A150939,MINOR,,0.0000,0.0000,0.0000,12.38,11,,4,2,1,,,6,
80e8df22-03e2-4ba6-be0e-af5dd6de072e,Wallis Orchard Practical Shooters December USPSA Match,2023-12-17,1,Righty Tighty,aa5e356d-1690-0cb6-9d95-ddb5473220d9,Qingbang Cai,80,0.00,21,0.00,Carry Optics,A,A148273,MINOR,,0.0000,0.0000,0.0000,12.74,4,,5,2,7,,2,2,
80e8df22-03e2-4ba6-be0e-af5dd6de072e,Wallis Orchard Practical Shooters December USPSA Match,2023-12-17,1,Righty Tighty,aa5e356d-1690-0cb6-9d95-ddb5473220d9,Cliff Pinsent,81,0.00,19,0.00,Open,B,FY99321,MAJOR,Super Senior,0.0000,0.0000,0.0000,28.02,8,,1,3,6,,,,
80e8df22-03e2-4ba6-be0e-af5dd6de072e,Wallis Orchard Practical Shooters December USPSA Match,2023-12-17,1,Righty Tighty,aa5e356d-1690-0cb6-9d95-ddb5473220d9,Valentina Bozzetti,82,0.00,22,0.00,Carry Optics,U,,MINOR,Lady,0.0000,0.0000,0.0000,28.48,8,,4,2,4,,4,,
80e8df22-03e2-4ba6-be0e-af5dd6de072e,Wallis Orchard Practical Shooters December USPSA Match,2023-12-17,2,Bay 2 JC 210,1d2fbd44-cd7d-5083-b18d-054d4c404966,Bobby Ivester,1,100.00,1,100.00,Open,M,A101336,MAJOR,,120.0000,120.0000,6.3975,16.10,9,,14,1,,,,,
80e8df22-03e2-4ba6-be0e-af5dd6de072e,Wallis Orchard Practical Shooters December USPSA Match,2023-12-17,2,Bay 2 JC 210,1d2fbd44-cd7d-5083-b18d-054d4c404966,Brandon Foss,2,93.87,1,100.00,Carry Optics,M,L5142,MINOR,,120.0000,112.6453,6.0054,18.65,20,,4,,,,,,
80e8df22-03e2-4ba6-be0e-af5dd6de072e,Wallis Orchard Practical Shooters December USPSA Match,2023-12-17,2,Bay 2 JC 210,1d2fbd44-cd7d-5083-b18d-054d4c404966,Anthony Fong,3,88.86,1,100.00,Limited Optics,M,A142224,MINOR,,120.0000,106.6317,5.6848,19.35,19,,5,,,,,,
80e8df22-03e2-4ba6-be0e-af5dd6de072e,Wallis Orchard Practical Shooters December USPSA Match,2023-12-17,2,Bay 2 JC 210,1d2fbd44-cd7d-5083-b18d-054d4c404966,Zachary Ralston,4,88.21,2,93.97,Carry Optics,A,A123081,MINOR,,112.7585,105.8476,5.6430,18.43,16,,8,,,,,,
80e8df22-03e2-4ba6-be0e-af5dd6de072e,Wallis Orchard Practical Shooters December USPSA Match,2023-12-17,2,Bay 2 JC 210,1d2fbd44-cd7d-5083-b18d-054d4c404966,Vinh Lam,5,87.09,1,100.00,Limited,M,TY101025,MAJOR,,120.0000,104.5121,5.5718,17.05,13,,10,,1,,,,
80e8df22-03e2-4ba6-be0e-af5dd6de072e,Wallis Orchard Practical Shooters December USPSA Match,2023-12-17,2,Bay 2 JC 210,1d2fbd44-cd7d-5083-b18d-054d4c404966,Jim Havens,6,85.33,2,96.03,Limited Optics,M,TY114636,MINOR,Senior,115.2357,102.3981,5.4591,20.15,19,,5,,,,,,
80e8df22-03e2-4ba6-be0e-af5dd6de072e,Wallis Orchard Practical Shooters December USPSA Match,2023-12-17,2,Bay 2 JC 210,1d2fbd44-cd7d-5083-b18d-054d4c404966,Mike Junco,7,83.81,3,94.32,Limited Optics,U,TY34819,MINOR,Senior; Law Enforcement,113.1797,100.5712,5.3617,19.77,18,,5,1,,,,,
80e8df22-03e2-4ba6-be0e-af5dd6de072e,Wallis Orchard Practical Shooters December USPSA Match,2023-12-17,2,Bay 2 JC 210,1d2fbd44-cd7d-5083-b18d-054d4c404966,Edwin Garcia,8,82.06,1,100.00,PCC,M,Ty38396,MINOR,,120.0000,98.4778,5.2501,20.19,18,,5,1,,,,,
80e8df22-03e2-4ba6-be0e-af5dd6de072e,Wallis Orchard Practical Shooters December USPSA Match,2023-12-17,2,Bay 2 JC 210,1d2fbd44-cd7d-5083-b18d-054d4c404966,Michael Whitley,9,79.87,4,89.89,Limited Optics,U,A111091,MINOR,,107.8624,95.8462,5.1098,22.31,21,,3,,,,,,
80e8df22-03e2-4ba6-be0e-af5dd6de072e,Wallis Orchard Practical Shooters December USPSA Match,2023-12-17,2,Bay 2 JC 210,1d2fbd44-cd7d-5083-b18d-054d4c404966,Qingbang Cai,10,79.74,3,84.95,Carry Optics,A,A148273,MINOR,,101.9363,95.6886,5.1014,17.25,15,,7,2,,,1,,
80e8df22-03e2-4ba6-be0e-af5dd6de072e,Wallis Orchard Practical Shooters December USPSA Match,2023-12-17,2,Bay 2 JC 210,1d2fbd44-cd7d-5083-b18d-054d4c404966,Christian Canizales,11,79.51,4,84.70,Carry Optics,B,TY150265,MINOR,,101.6365,95.4073,5.0864,20.84,18,,5,1,,,,,
80e8df22-03e2-4ba6-be0e-af5dd6de072e,Wallis Orchard Practical Shooters December USPSA Match,2023-12-17,2,Bay 2 JC 210,1d2fbd44-cd7d-5083-b18d-054d4c404966,Michael Hanover,12,79.07,5,88.98,Limited Optics,A,A146302,MINOR,,106.7731,94.8783,5.0582,19.77,14,,10,,,,,,
80e8df22-03e2-4ba6-be0e-af5dd6de072e,Wallis Orchard Practical Shooters December USPSA Match,2023-12-17,2,Bay 2 JC 210,1d2fbd44-cd7d-5083-b18d-054d4c404966,Michael Kiesewetter,13,78.29,2,78.29,Open,U,ty118153,MAJOR,,93.9461,93.9461,5.0085,17.57,6,,17,,1,,,,
80e8df22-03e2-4ba6-be0e-af5dd6de072e,Wallis Orchard Practical Shooters December USPSA Match,2023-12-17,2,Bay 2 JC 210,1d2fbd44-cd7d-5083-b18d-054d4c404966,wade pruetz,14,78.16,3,78.16,Open,A,pending,MAJOR,Senior,93.7866,93.7866,5.0000,21.00,13,,9,2,,,,,
80e8df22-03e2-4ba6-be0e-af5dd6de072e,Wallis Orchard Practical Shooters December USPSA Match,2023-12-17,2,Bay 2 JC 210,1d2fbd44-cd7d-5083-b18d-054d4c404966,Jason Wells,15,77.64,6,87.37,Limited Optics,U,L5218,MINOR,,104.8417,93.1620,4.9667,22.55,20,,4,,,,,,
80e8df22-03e2-4ba6-be0e-af5dd6de072e,Wallis Orchard Practical Shooters December USPSA Match,2023-12-17,2,Bay 2 JC 210,1d2fbd44-cd7d-5083-b18d-054d4c404966,Roman Gwiscz,16,75.88,5,80.83,Carry Optics,A,L4670,MINOR,,97.0007,91.0556,4.8544,20.60,17,,4,3,,,,,
80e8df22-03e2-4ba6-be0e-af5dd6de072e,Wallis Orchard Practical Shooters December USPSA Match,2023-12-17,2,Bay 2 JC 210,1d2fbd44-cd7d-5083-b18d-054d4c404966,Peter Kirchner,17,75.51,6,80.44,Carry Optics,A,TY105743,MINOR,,96.5311,90.6148,4.8309,22.77,20,,3,1,,,,,
80e8df22-03e2-4ba6-be0e-af5dd6de072e,Wallis Orchard Practical Shooters December USPSA Match,2023-12-17,2,Bay 2 JC 210,1d2fbd44-cd7d-5083-b18d-054d4c404966,Jason Wilson,18,73.03,7,82.19,Limited Optics,U,A94696,MINOR,,98.6230,87.6361,4.6721,24.40,21,,3,,,,,,
80e8df22-03e2-4ba6-be0e-af5dd6de072e,Wallis Orchard Practical Shooters December USPSA Match,2023-12-17,2,Bay 2 JC 210,1d2fbd44-cd7d-5083-b18d-054d4c404966,Travis McKenzie,19,72.70,8,81.82,Limited Optics,U,L6340,MINOR,,98.1818,87.2441,4.6512,20.21,18,,4,2,,,1,,
80e8df22-03e2-4ba6-be0e-af5dd6de072e,Wallis Orchard Practical Shooters December USPSA Match,2023-12-17,2,Bay 2 JC 210,1d2fbd44-cd7d-5083-b18d-054d4c404966,Rene Zalamea,20,69.15,4,69.15,Open,C,A66891,MAJOR,Senior,82.9749,82.9749,4.4236,23.51,14,,7,3,,,,,
80e8df22-03e2-4ba6-be0e-af5dd6de072e,Wallis Orchard Practical Shooters December USPSA Match,2023-12-17,2,Bay 2 JC 210,1d2fbd44-cd7d-5083-b18d-054d4c404966,Khoa Nguyen,21,68.07,9,76.60,Limited Optics,A,A117224,MINOR,Law Enforcement,91.9230,81.6825,4.3547,19.06,12,,11,,1,,,,
80e8df22-03e2-4ba6-be0e-af5dd6de072e,Wallis Orchard Practical Shooters December USPSA Match,2023-12-17,2,Bay 2 JC 210,1d2fbd44-cd7d-5083-b18d-054d4c404966,Jerry Bedro,22,67.46,5,67.46,Open,C,A98263,MAJOR,,80.9566,80.9566,4.3160,24.56,12,,11,1,,,,,
80e8df22-03e2-4ba6-be0e-af5dd6de072e,Wallis Orchard Practical Shooters December USPSA Match,2023-12-17,2,Bay 2 JC 210,1d2fbd44-cd7d-5083-b18d-054d4c404966,Matthew Lem,23,67.46,10,75.92,Limited Optics,U,FY34763,MINOR,Senior; Law Enforcement,91.1040,80.9547,4.3159,23.17,17,,4,3,,,,,
80e8df22-03e2-4ba6-be0e-af5dd6de072e,Wallis Orchard Practical Shooters December USPSA Match,2023-12-17,2,Bay 2 JC 210,1d2fbd44-cd7d-5083-b18d-054d4c404966,Eric Wu,24,66.65,11,75.01,Limited Optics,U,,MINOR,,90.0127,79.9850,4.2642,23.92,15,,9,,,,,,
80e8df22-03e2-4ba6-be0e-af5dd6de072e,Wallis Orchard Practical Shooters December USPSA Match,2023-12-17,2,Bay 2 JC 210,1d2fbd44-cd7d-5083-b18d-054d4c404966,Antoio Tormis,25,66.21,6,66.21,Open,C,,MAJOR,,79.4485,79.4485,4.2356,24.79,11,,12,1,,,,,
80e8df22-03e2-4ba6-be0e-af5dd6de072e,Wallis Orchard Practical Shooters December USPSA Match,2023-12-17,2,Bay 2 JC 210,1d2fbd44-cd7d-5083-b18d-054d4c404966,Mike Kahl,26,65.03,7,69.27,Carry Optics,A,TY70984,MINOR,Super Senior,83.1272,78.0324,4.1601,25.48,18,,5,1,,,,,
80e8df22-03e2-4ba6-be0e-af5dd6de072e,Wallis Orchard Practical Shooters December USPSA Match,2023-12-17,2,Bay 2 JC 210,1d2fbd44-cd7d-5083-b18d-054d4c404966,Ramil Villanueva,27,64.83,8,69.07,Carry Optics,D,A110261,MINOR,Senior,82.8794,77.7998,4.1477,24.11,17,,4,3,,,,,
80e8df22-03e2-4ba6-be0e-af5dd6de072e,Wallis Orchard Practical Shooters December USPSA Match,2023-12-17,2,Bay 2 JC 210,1d2fbd44-cd7d-5083-b18d-054d4c404966,Robert Bui,28,64.57,2,78.68,PCC,U,A103016,MINOR,,94.4188,77.4846,4.1309,25.66,18,,5,1,,,,,
80e8df22-03e2-4ba6-be0e-af5dd6de072e,Wallis Orchard Practical Shooters December USPSA Match,2023-12-17,2,Bay 2 JC 210,1d2fbd44-cd7d-5083-b18d-054d4c404966,Patrick Houstoun,29,63.95,9,68.13,Carry Optics,B,A148442,MINOR,Senior,81.7524,76.7419,4.0913,25.42,18,,4,2,,,,,
80e8df22-03e2-4ba6-be0e-af5dd6de072e,Wallis Orchard Practical Shooters December USPSA Match,2023-12-17,2,Bay 2 JC 210,1d2fbd44-cd7d-5083-b18d-054d4c404966,AJ Jackson,30,63.83,12,71.83,Limited Optics,U,TY81745,MINOR,,86.1962,76.5937,4.0834,23.02,12,,11,1,,,,,
80e8df22-03e2-4ba6-be0e-af5dd6de072e,Wallis Orchard Practical Shooters December USPSA Match,2023-12-17,2,Bay 2 JC 210,1d2fbd44-cd7d-5083-b18d-054d4c404966,Jack LIU,31,63.30,3,77.13,PCC,A,l6156,MINOR,Law Enforcement,92.5582,75.9578,4.0495,20.99,14,,8,1,1,,,,
80e8df22-03e2-4ba6-be0e-af5dd6de072e,Wallis Orchard Practical Shooters December USPSA Match,2023-12-17,2,Bay 2 JC 210,1d2fbd44-cd7d-5083-b18d-054d4c404966,Kristen Day,32,62.55,2,71.82,Limited,C,TY121933,MAJOR,Lady,86.1783,75.0556,4.0014,27.74,17,,6,1,,,,,
80e8df22-03e2-4ba6-be0e-af5dd6de072e,Wallis Orchard Practical Shooters December USPSA Match,2023-12-17,2,Bay 2 JC 210,1d2fbd44-cd7d-5083-b18d-054d4c404966,Manny Fraker,33,60.10,1,100.00,Production,A,TY123776,MINOR,,120.0000,72.1182,3.8448,29.13,20,,4,,,,,,
80e8df22-03e2-4ba6-be0e-af5dd6de072e,Wallis Orchard Practical Shooters December USPSA Match,2023-12-17,2,Bay 2 JC 210,1d2fbd44-cd7d-5083-b18d-054d4c404966,Jeannie Marrone,34,59.95,7,59.95,Open,C,TY133357,MAJOR,Lady; Super Senior,71.9456,71.9456,3.8356,29.20,16,,8,,,,,,
80e8df22-03e2-4ba6-be0e-af5dd6de072e,Wallis Orchard Practical Shooters December USPSA Match,2023-12-17,2,Bay 2 JC 210,1d2fbd44-cd7d-5083-b18d-054d4c404966,Drew Yang,35,59.68,10,63.58,Carry Optics,C,0,MINOR,,76.2973,71.6211,3.8183,24.88,19,,3,1,1,,,,
80e8df22-03e2-4ba6-be0e-af5dd6de072e,Wallis Orchard Practical Shooters December USPSA Match,2023-12-17,2,Bay 2 JC 210,1d2fbd44-cd7d-5083-b18d-054d4c404966,Tyler Kenny,36,58.79,11,62.63,Carry Optics,B,A148691,MINOR,,75.1584,70.5519,3.7613,23.13,16,,5,2,1,,,,
80e8df22-03e2-4ba6-be0e-af5dd6de072e,Wallis Orchard Practical Shooters December USPSA Match,2023-12-17,2,Bay 2 JC 210,1d2fbd44-cd7d-5083-b18d-054d4c404966,Andrew Whitley,37,58.53,8,58.53,Open,A,TY106649,MAJOR,,70.2349,70.2349,3.7444,24.57,14,,7,2,1,,,,
80e8df22-03e2-4ba6-be0e-af5dd6de072e,Wallis Orchard Practical Shooters December USPSA Match,2023-12-17,2,Bay 2 JC 210,1d2fbd44-cd7d-5083-b18d-054d4c404966,Doug Joder,38,57.71,4,70.32,PCC,B,TY115020,MINOR,,84.3847,69.2502,3.6919,25.19,18,,4,1,1,,,,
80e8df22-03e2-4ba6-be0e-af5dd6de072e,Wallis Orchard Practical Shooters December USPSA Match,2023-12-17,2,Bay 2 JC 210,1d2fbd44-cd7d-5083-b18d-054d4c404966,Gary Wu,39,57.71,13,64.94,Limited Optics,C,L2998,MINOR,Senior,77.9278,69.2464,3.6917,24.65,16,,7,,1,,,,
80e8df22-03e2-4ba6-be0e-af5dd6de072e,Wallis Orchard Practical Shooters December USPSA Match,2023-12-17,2,Bay 2 JC 210,1d2fbd44-cd7d-5083-b18d-054d4c404966,Pocholo Dimayuga,40,57.44,3,65.96,Limited,B,A106236,MAJOR,,79.1486,68.9332,3.6750,24.49,12,,9,2,1,,,,
80e8df22-03e2-4ba6-be0e-af5dd6de072e,Wallis Orchard Practical Shooters December USPSA Match,2023-12-17,2,Bay 2 JC 210,1d2fbd44-cd7d-5083-b18d-054d4c404966,Michael Pontious,41,56.17,14,63.22,Limited Optics,U,fy94575,MINOR,Senior,75.8591,67.4082,3.5937,27.27,15,,7,2,,,,,
80e8df22-03e2-4ba6-be0e-af5dd6de072e,Wallis Orchard Practical Shooters December USPSA Match,2023-12-17,2,Bay 2 JC 210,1d2fbd44-cd7d-5083-b18d-054d4c404966,Chris Snow,42,56.10,9,56.10,Open,U,Ty107262,MINOR,,67.3219,67.3219,3.5891,24.24,15,,7,1,1,,,,
80e8df22-03e2-4ba6-be0e-af5dd6de072e,Wallis Orchard Practical Shooters December USPSA Match,2023-12-17,2,Bay 2 JC 210,1d2fbd44-cd7d-5083-b18d-054d4c404966,David ZHANG,43,55.78,15,62.77,Limited Optics,C,FY140383,MINOR,,75.3251,66.9336,3.5684,23.82,13,,10,,1,,,,
80e8df22-03e2-4ba6-be0e-af5dd6de072e,Wallis Orchard Practical Shooters December USPSA Match,2023-12-17,2,Bay 2 JC 210,1d2fbd44-cd7d-5083-b18d-054d4c404966,Don Sanders,44,55.43,10,55.43,Open,U,FY46389,MAJOR,Senior,66.5154,66.5154,3.5461,23.97,11,,8,4,1,,,,
80e8df22-03e2-4ba6-be0e-af5dd6de072e,Wallis Orchard Practical Shooters December USPSA Match,2023-12-17,2,Bay 2 JC 210,1d2fbd44-cd7d-5083-b18d-054d4c404966,David Young,45,55.38,12,59.00,Carry Optics,C,Ty130791,MINOR,,70.7943,66.4553,3.5429,28.79,16,,7,1,,,,,
80e8df22-03e2-4ba6-be0e-af5dd6de072e,Wallis Orchard Practical Shooters December USPSA Match,2023-12-17,2,Bay 2 JC 210,1d2fbd44-cd7d-5083-b18d-054d4c404966,Arnold Gee,46,55.07,11,55.07,Open,B,Ty103519,MAJOR,Senior,66.0783,66.0783,3.5228,21.29,11,,8,4,1,,1,,
80e8df22-03e2-4ba6-be0e-af5dd6de072e,Wallis Orchard Practical Shooters December USPSA Match,2023-12-17,2,Bay 2 JC 210,1d2fbd44-cd7d-5083-b18d-054d4c404966,Andy Chen,47,54.94,16,61.83,Limited Optics,A,A86721,MINOR,,74.1915,65.9264,3.5147,29.59,16,,8,,,,,,
80e8df22-03e2-4ba6-be0e-af5dd6de072e,Wallis Orchard Practical Shooters December USPSA Match,2023-12-17,2,Bay 2 JC 210,1d2fbd44-cd7d-5083-b18d-054d4c404966,Albert Legislador,48,54.55,13,58.11,Carry Optics,U,TY91787,MINOR,NEW SHOOTER,69.7372,65.4631,3.4900,28.08,15,,7,2,,,,,
80e8df22-03e2-4ba6-be0e-af5dd6de072e,Wallis Orchard Practical Shooters December USPSA Match,2023-12-17,2,Bay 2 JC 210,1d2fbd44-cd7d-5083-b18d-054d4c404966,Jeremiah Hunt,49,54.36,17,61.17,Limited Optics,C,A148592,MINOR,,73.4084,65.2305,3.4776,28.18,18,,6,,,,1,,
80e8df22-03e2-4ba6-be0e-af5dd6de072e,Wallis Orchard Practical Shooters December USPSA Match,2023-12-17,2,Bay 2 JC 210,1d2fbd44-cd7d-5083-b18d-054d4c404966,Matthew Givens,50,54.31,18,61.12,Limited Optics,C,Ty137686,MINOR,,73.3451,65.1742,3.4746,28.78,16,,6,2,,,,,
80e8df22-03e2-4ba6-be0e-af5dd6de072e,Wallis Orchard Practical Shooters December USPSA Match,2023-12-17,2,Bay 2 JC 210,1d2fbd44-cd7d-5083-b18d-054d4c404966,Parish Saculles,51,53.49,12,53.49,Open,U,L5316,MINOR,,64.1857,64.1857,3.4219,27.47,13,,9,2,,,,,
80e8df22-03e2-4ba6-be0e-af5dd6de072e,Wallis Orchard Practical Shooters December USPSA Match,2023-12-17,2,Bay 2 JC 210,1d2fbd44-cd7d-5083-b18d-054d4c404966,Cliff Pinsent,52,52.70,13,52.70,Open,B,FY99321,MAJOR,Super Senior,63.2347,63.2347,3.3712,25.51,16,,6,1,1,,1,,
80e8df22-03e2-4ba6-be0e-af5dd6de072e,Wallis Orchard Practical Shooters December USPSA Match,2023-12-17,2,Bay 2 JC 210,1d2fbd44-cd7d-5083-b18d-054d4c404966,Gennady Khokhorin,53,52.69,2,87.67,Production,B,A123884,MINOR,Super Senior,105.2060,63.2272,3.3708,30.26,15,,9,,,,,,
80e8df22-03e2-4ba6-be0e-af5dd6de072e,Wallis Orchard Practical Shooters December USPSA Match,2023-12-17,2,Bay 2 JC 210,1d2fbd44-cd7d-5083-b18d-054d4c404966,Zach Hudson,54,51.82,14,55.20,Carry Optics,C,A154012,MINOR,,66.2384,62.1787,3.3149,28.96,13,,10,1,,,,,
80e8df22-03e2-4ba6-be0e-af5dd6de072e,Wallis Orchard Practical Shooters December USPSA Match,2023-12-17,2,Bay 2 JC 210,1d2fbd44-cd7d-5083-b18d-054d4c404966,August Balagtas,55,51.07,19,57.47,Limited Optics,U,L3674,MINOR,,68.9607,61.2783,3.2669,23.57,9,,14,,1,,,,
80e8df22-03e2-4ba6-be0e-af5dd6de072e,Wallis Orchard Practical Shooters December USPSA Match,2023-12-17,2,Bay 2 JC 210,1d2fbd44-cd7d-5083-b18d-054d4c404966,Chez Chike-Udenze,56,50.45,20,56.78,Limited Optics,M,A138598,MINOR,,68.1333,60.5430,3.2277,17.04,12,,8,1,3,,,,
80e8df22-03e2-4ba6-be0e-af5dd6de072e,Wallis Orchard Practical Shooters December USPSA Match,2023-12-17,2,Bay 2 JC 210,1d2fbd44-cd7d-5083-b18d-054d4c404966,Adam Bandiera,57,47.78,15,50.90,Carry Optics,B,A148375,MINOR,,61.0850,57.3411,3.0570,19.30,15,,4,2,3,,,,
80e8df22-03e2-4ba6-be0e-af5dd6de072e,Wallis Orchard Practical Shooters December USPSA Match,2023-12-17,2,Bay 2 JC 210,1d2fbd44-cd7d-5083-b18d-054d4c404966,CHAN WILLIAM,58,47.09,21,52.99,Limited Optics,U,,MINOR,,63.5864,56.5027,3.0123,20.25,9,,11,3,1,,1,,
80e8df22-03e2-4ba6-be0e-af5dd6de072e,Wallis Orchard Practical Shooters December USPSA Match,2023-12-17,2,Bay 2 JC 210,1d2fbd44-cd7d-5083-b18d-054d4c404966,Alex Nguyen,59,44.34,16,47.23,Carry Optics,U,A151003,MINOR,,56.6810,53.2070,2.8366,27.85,12,,9,2,1,,,,
80e8df22-03e2-4ba6-be0e-af5dd6de072e,Wallis Orchard Practical Shooters December USPSA Match,2023-12-17,2,Bay 2 JC 210,1d2fbd44-cd7d-5083-b18d-054d4c404966,John Ren,60,43.81,4,50.31,Limited,C,A152674,MINOR,,60.3661,52.5749,2.8029,34.25,13,,10,1,,,,,
80e8df22-03e2-4ba6-be0e-af5dd6de072e,Wallis Orchard Practical Shooters December USPSA Match,2023-12-17,2,Bay 2 JC 210,1d2fbd44-cd7d-5083-b18d-054d4c404966,Robin Chen,61,42.64,17,45.43,Carry Optics,C,A152878,MINOR,Lady; Law Enforcement,54.5149,51.1737,2.7282,28.59,16,,5,3,,,2,,
80e8df22-03e2-4ba6-be0e-af5dd6de072e,Wallis Orchard Practical Shooters December USPSA Match,2023-12-17,2,Bay 2 JC 210,1d2fbd44-cd7d-5083-b18d-054d4c404966,Jaramillo Avila,62,42.17,14,42.17,Open,U,,MINOR,Law Enforcement,50.6035,50.6035,2.6978,21.87,18,,3,,3,,,1,
80e8df22-03e2-4ba6-be0e-af5dd6de072e,Wallis Orchard Practical Shooters December USPSA Match,2023-12-17,2,Bay 2 JC 210,1d2fbd44-cd7d-5083-b18d-054d4c404966,Abrahan Figueroa,63,41.94,15,41.94,Open,C,TY54053,MAJOR,Senior,50.3315,50.3315,2.6833,36.15,9,,11,4,,,,,
80e8df22-03e2-4ba6-be0e-af5dd6de072e,Wallis Orchard Practical Shooters December USPSA Match,2023-12-17,2,Bay 2 JC 210,1d2fbd44-cd7d-5083-b18d-054d4c404966,Allan Santiago,64,41.72,5,47.91,Limited,U,,MAJOR,,57.4888,50.0689,2.6693,35.59,9,,10,5,,,,,
80e8df22-03e2-4ba6-be0e-af5dd6de072e,Wallis Orchard Practical Shooters December USPSA Match,2023-12-17,2,Bay 2 JC 210,1d2fbd44-cd7d-5083-b18d-054d4c404966,Abraham Estrada,65,38.98,18,41.53,Carry Optics,U,0,MINOR,NEW SHOOTER,49.8351,46.7808,2.4940,24.86,11,,8,3,2,,,,
80e8df22-03e2-4ba6-be0e-af5dd6de072e,Wallis Orchard Practical Shooters December USPSA Match,2023-12-17,2,Bay 2 JC 210,1d2fbd44-cd7d-5083-b18d-054d4c404966,Chang Qian,66,37.53,3,62.45,Production,U,A150939,MINOR,,74.9438,45.0401,2.4012,25.82,15,,5,2,2,,,1,
80e8df22-03e2-4ba6-be0e-af5dd6de072e,Wallis Orchard Practical Shooters December USPSA Match,2023-12-17,2,Bay 2 JC 210,1d2fbd44-cd7d-5083-b18d-054d4c404966,Kim Ivester,67,36.30,16,36.30,Open,B,L4935,MAJOR,Lady,43.5583,43.5583,2.3222,27.56,14,,5,2,3,,,,
80e8df22-03e2-4ba6-be0e-af5dd6de072e,Wallis Orchard Practical Shooters December USPSA Match,2023-12-17,2,Bay 2 JC 210,1d2fbd44-cd7d-5083-b18d-054d4c404966,ian loyd,68,32.98,5,40.19,PCC,U,A148072,MINOR,,48.2299,39.5798,2.1101,48.34,20,,4,,,,1,,
80e8df22-03e2-4ba6-be0e-af5dd6de072e,Wallis Orchard Practical Shooters December USPSA Match,2023-12-17,2,Bay 2 JC 210,1d2fbd44-cd7d-5083-b18d-054d4c404966,Kexin Bai,69,30.72,17,30.72,Open,U,A155638,MAJOR,Foreign,36.8619,36.8619,1.9652,39.69,12,,9,1,2,,,,
80e8df22-03e2-4ba6-be0e-af5dd6de072e,Wallis Orchard Practical Shooters December USPSA Match,2023-12-17,2,Bay 2 JC 210,1d2fbd44-cd7d-5083-b18d-054d4c404966,Virak Meas,70,28.53,22,32.11,Limited Optics,U,Q,MINOR,Senior,38.5322,34.2396,1.8254,25.20,14,,5,1,4,,,,
80e8df22-03e2-4ba6-be0e-af5dd6de072e,Wallis Orchard Practical Shooters December USPSA Match,2023-12-17,2,Bay 2 JC 210,1d2fbd44-cd7d-5083-b18d-054d4c404966,Loren Brusatori,71,26.48,18,26.48,Open,C,A149999,MINOR,,31.7730,31.7730,1.6939,34.24,10,,8,4,2,,,,
80e8df22-03e2-4ba6-be0e-af5dd6de072e,Wallis Orchard Practical Shooters December USPSA Match,2023-12-17,2,Bay 2 JC 210,1d2fbd44-cd7d-5083-b18d-054d4c404966,Zack Book,72,26.42,6,30.34,Limited,U,,MINOR,,36.4040,31.7055,1.6903,40.82,9,,10,4,1,,,,
80e8df22-03e2-4ba6-be0e-af5dd6de072e,Wallis Orchard Practical Shooters December USPSA Match,2023-12-17,2,Bay 2 JC 210,1d2fbd44-cd7d-5083-b18d-054d4c404966,Chris Eisenhour,73,24.59,4,40.92,Production,D,A155073,MINOR,NEW SHOOTER,49.1042,29.5109,1.5733,30.51,11,,6,5,2,,1,,
80e8df22-03e2-4ba6-be0e-af5dd6de072e,Wallis Orchard Practical Shooters December USPSA Match,2023-12-17,2,Bay 2 JC 210,1d2fbd44-cd7d-5083-b18d-054d4c404966,Lawrence Fu,74,24.20,19,25.78,Carry Optics,U,Fy142081,MINOR,,30.9382,29.0420,1.5483,29.71,15,,3,2,4,,,,
80e8df22-03e2-4ba6-be0e-af5dd6de072e,Wallis Orchard Practical Shooters December USPSA Match,2023-12-17,2,Bay 2 JC 210,1d2fbd44-cd7d-5083-b18d-054d4c404966,Marc Demeza,75,23.80,5,39.60,Production,U,TY142892,MINOR,,47.5156,28.5562,1.5224,24.96,11,,7,2,4,,,,
80e8df22-03e2-4ba6-be0e-af5dd6de072e,Wallis Orchard Practical Shooters December USPSA Match,2023-12-17,2,Bay 2 JC 210,1d2fbd44-cd7d-5083-b18d-054d4c404966,Karen Brusatori,76,22.34,23,25.14,Limited Optics,C,A149998,MAJOR,Lady,30.1646,26.8042,1.4290,31.49,15,,5,,4,,1,,
80e8df22-03e2-4ba6-be0e-af5dd6de072e,Wallis Orchard Practical Shooters December USPSA Match,2023-12-17,2,Bay 2 JC 210,1d2fbd44-cd7d-5083-b18d-054d4c404966,TJ Balingit,77,16.87,20,17.97,Carry Optics,U,A151010,MINOR,,21.5686,20.2467,1.0794,28.72,12,,6,3,3,,1,1,
80e8df22-03e2-4ba6-be0e-af5dd6de072e,Wallis Orchard Practical Shooters December USPSA Match,2023-12-17,2,Bay 2 JC 210,1d2fbd44-cd7d-5083-b18d-054d4c404966,michael Chang,78,12.22,19,12.22,Open,,,MAJOR,,14.6589,14.6589,0.7815,29.43,13,,3,3,5,,1,,
80e8df22-03e2-4ba6-be0e-af5dd6de072e,Wallis Orchard Practical Shooters December USPSA Match,2023-12-17,2,Bay 2 JC 210,1d2fbd44-cd7d-5083-b18d-054d4c404966,Valentina Bozzetti,79,3.02,21,3.22,Carry Optics,U,,MINOR,Lady,3.8605,3.6239,0.1932,77.63,12,,4,3,5,,1,,
80e8df22-03e2-4ba6-be0e-af5dd6de072e,Wallis Orchard Practical Shooters December USPSA Match,2023-12-17,2,Bay 2 JC 210,1d2fbd44-cd7d-5083-b18d-054d4c404966,Pat Byrne,80,0.00,1,0.00,Single Stack,B,Fy93921,MINOR,Super Senior,0.0000,0.0000,,,,,,,,,,,
80e8df22-03e2-4ba6-be0e-af5dd6de072e,Wallis Orchard Practical Shooters December USPSA Match,2023-12-17,2,Bay 2 JC 210,1d2fbd44-cd7d-5083-b18d-054d4c404966,Andrew Philip,81,0.00,24,0.00,Limited Optics,U,A153653,MINOR,Senior,0.0000,0.0000,,,,,,,,,,,
80e8df22-03e2-4ba6-be0e-af5dd6de072e,Wallis Orchard Practical Shooters December USPSA Match,2023-12-17,2,Bay 2 JC 210,1d2fbd44-cd7d-5083-b18d-054d4c404966,Ann Marquez,82,0.00,22,0.00,Carry Optics,U,,MINOR,NEW SHOOTER,0.0000,0.0000,0.0000,56.21,11,,3,2,8,,1,,
80e8df22-03e2-4ba6-be0e-af5dd6de072e,Wallis Orchard Practical Shooters December USPSA Match,2023-12-17,3,Bay 3 JC211,af3d2b94-f5cc-3a61-92f6-be98f3adb144,Jim Havens,1,100.00,1,100.00,Limited Optics,M,TY114636,MINOR,Senior,120.0000,120.0000,6.2574,16.94,18,,5,1,,,,,
80e8df22-03e2-4ba6-be0e-af5dd6de072e,Wallis Orchard Practical Shooters December USPSA Match,2023-12-17,3,Bay 3 JC211,af3d2b94-f5cc-3a61-92f6-be98f3adb144,Brandon Foss,2,99.19,1,100.00,Carry Optics,M,L5142,MINOR,,120.0000,119.0315,6.2069,17.40,19,,4,1,,,,,
80e8df22-03e2-4ba6-be0e-af5dd6de072e,Wallis Orchard Practical Shooters December USPSA Match,2023-12-17,3,Bay 3 JC211,af3d2b94-f5cc-3a61-92f6-be98f3adb144,Edwin Garcia,3,96.04,1,100.00,PCC,M,Ty38396,MINOR,,120.0000,115.2459,6.0095,18.97,21,,3,,,,,,
80e8df22-03e2-4ba6-be0e-af5dd6de072e,Wallis Orchard Practical Shooters December USPSA Match,2023-12-17,3,Bay 3 JC211,af3d2b94-f5cc-3a61-92f6-be98f3adb144,Chris Snow,4,95.03,1,100.00,Open,U,Ty107262,MINOR,,120.0000,114.0339,5.9463,17.49,16,,8,,,,,,
80e8df22-03e2-4ba6-be0e-af5dd6de072e,Wallis Orchard Practical Shooters December USPSA Match,2023-12-17,3,Bay 3 JC211,af3d2b94-f5cc-3a61-92f6-be98f3adb144,Jason Wells,5,93.47,2,93.47,Limited Optics,U,L5218,MINOR,,112.1603,112.1603,5.8486,19.15,20,,4,,,,,,
80e8df22-03e2-4ba6-be0e-af5dd6de072e,Wallis Orchard Practical Shooters December USPSA Match,2023-12-17,3,Bay 3 JC211,af3d2b94-f5cc-3a61-92f6-be98f3adb144,Chez Chike-Udenze,6,92.76,3,92.76,Limited Optics,M,A138598,MINOR,,111.3069,111.3069,5.8041,16.54,14,,8,2,,,,,
80e8df22-03e2-4ba6-be0e-af5dd6de072e,Wallis Orchard Practical Shooters December USPSA Match,2023-12-17,3,Bay 3 JC211,af3d2b94-f5cc-3a61-92f6-be98f3adb144,Khoa Nguyen,7,92.72,4,92.72,Limited Optics,A,A117224,MINOR,Law Enforcement,111.2647,111.2647,5.8019,18.27,19,,3,2,,,,,
80e8df22-03e2-4ba6-be0e-af5dd6de072e,Wallis Orchard Practical Shooters December USPSA Match,2023-12-17,3,Bay 3 JC211,af3d2b94-f5cc-3a61-92f6-be98f3adb144,Andy Chen,8,91.37,5,91.37,Limited Optics,A,A86721,MINOR,,109.6462,109.6462,5.7175,17.84,16,,7,1,,,,,
80e8df22-03e2-4ba6-be0e-af5dd6de072e,Wallis Orchard Practical Shooters December USPSA Match,2023-12-17,3,Bay 3 JC211,af3d2b94-f5cc-3a61-92f6-be98f3adb144,Travis McKenzie,9,90.84,6,90.84,Limited Optics,U,L6340,MINOR,,109.0076,109.0076,5.6842,19.00,20,,2,2,,,,,
80e8df22-03e2-4ba6-be0e-af5dd6de072e,Wallis Orchard Practical Shooters December USPSA Match,2023-12-17,3,Bay 3 JC211,af3d2b94-f5cc-3a61-92f6-be98f3adb144,Mike Junco,10,90.50,7,90.50,Limited Optics,U,TY34819,MINOR,Senior; Law Enforcement,108.6049,108.6049,5.6632,20.13,21,,3,,,,,,
80e8df22-03e2-4ba6-be0e-af5dd6de072e,Wallis Orchard Practical Shooters December USPSA Match,2023-12-17,3,Bay 3 JC211,af3d2b94-f5cc-3a61-92f6-be98f3adb144,Zachary Ralston,11,90.02,2,90.75,Carry Optics,A,A123081,MINOR,,108.9046,108.0257,5.6330,17.93,21,,2,,1,,,,
80e8df22-03e2-4ba6-be0e-af5dd6de072e,Wallis Orchard Practical Shooters December USPSA Match,2023-12-17,3,Bay 3 JC211,af3d2b94-f5cc-3a61-92f6-be98f3adb144,Bobby Ivester,12,89.74,2,94.44,Open,M,A101336,MAJOR,,113.3283,107.6939,5.6157,19.41,17,,5,2,,,,,
80e8df22-03e2-4ba6-be0e-af5dd6de072e,Wallis Orchard Practical Shooters December USPSA Match,2023-12-17,3,Bay 3 JC211,af3d2b94-f5cc-3a61-92f6-be98f3adb144,Andrew Whitley,13,85.59,3,90.06,Open,A,TY106649,MAJOR,,108.0753,102.7021,5.3554,20.54,16,,7,1,,,,,
80e8df22-03e2-4ba6-be0e-af5dd6de072e,Wallis Orchard Practical Shooters December USPSA Match,2023-12-17,3,Bay 3 JC211,af3d2b94-f5cc-3a61-92f6-be98f3adb144,wade pruetz,14,83.43,4,87.80,Open,A,pending,MAJOR,Senior,105.3569,100.1189,5.2207,18.58,17,,5,1,1,,,,
80e8df22-03e2-4ba6-be0e-af5dd6de072e,Wallis Orchard Practical Shooters December USPSA Match,2023-12-17,3,Bay 3 JC211,af3d2b94-f5cc-3a61-92f6-be98f3adb144,Arnold Gee,15,83.19,5,87.54,Open,B,Ty103519,MAJOR,Senior,105.0462,99.8236,5.2053,20.94,15,,8,1,,,,,
80e8df22-03e2-4ba6-be0e-af5dd6de072e,Wallis Orchard Practical Shooters December USPSA Match,2023-12-17,3,Bay 3 JC211,af3d2b94-f5cc-3a61-92f6-be98f3adb144,Roman Gwiscz,16,81.31,3,81.97,Carry Optics,A,L4670,MINOR,,98.3699,97.5760,5.0881,20.44,19,,2,3,,,,,
80e8df22-03e2-4ba6-be0e-af5dd6de072e,Wallis Orchard Practical Shooters December USPSA Match,2023-12-17,3,Bay 3 JC211,af3d2b94-f5cc-3a61-92f6-be98f3adb144,CHAN WILLIAM,17,81.11,8,81.11,Limited Optics,U,,MINOR,,97.3267,97.3267,5.0751,19.31,14,,9,1,,,,,
80e8df22-03e2-4ba6-be0e-af5dd6de072e,Wallis Orchard Practical Shooters December USPSA Match,2023-12-17,3,Bay 3 JC211,af3d2b94-f5cc-3a61-92f6-be98f3adb144,Drew Yang,18,80.88,4,81.54,Carry Optics,C,0,MINOR,,97.8459,97.0563,5.0610,22.13,20,,4,,,,,,
80e8df22-03e2-4ba6-be0e-af5dd6de072e,Wallis Orchard Practical Shooters December USPSA Match,2023-12-17,3,Bay 3 JC211,af3d2b94-f5cc-3a61-92f6-be98f3adb144,August Balagtas,19,78.62,9,78.62,Limited Optics,U,L3674,MINOR,,94.3446,94.3446,4.9196,21.14,17,,6,1,,,,,
80e8df22-03e2-4ba6-be0e-af5dd6de072e,Wallis Orchard Practical Shooters December USPSA Match,2023-12-17,3,Bay 3 JC211,af3d2b94-f5cc-3a61-92f6-be98f3adb144,Jason Wilson,20,78.44,10,78.44,Limited Optics,U,A94696,MINOR,,94.1317,94.1317,4.9085,22.41,19,,5,,,,,,
80e8df22-03e2-4ba6-be0e-af5dd6de072e,Wallis Orchard Practical Shooters December USPSA Match,2023-12-17,3,Bay 3 JC211,af3d2b94-f5cc-3a61-92f6-be98f3adb144,Qingbang Cai,21,78.42,5,79.06,Carry Optics,A,A148273,MINOR,,94.8686,94.1030,4.9070,19.36,19,,3,1,1,,,,
80e8df22-03e2-4ba6-be0e-af5dd6de072e,Wallis Orchard Practical Shooters December USPSA Match,2023-12-17,3,Bay 3 JC211,af3d2b94-f5cc-3a61-92f6-be98f3adb144,Michael Hanover,22,75.95,11,75.95,Limited Optics,A,A146302,MINOR,,91.1420,91.1420,4.7526,20.41,19,,4,,1,,,,
80e8df22-03e2-4ba6-be0e-af5dd6de072e,Wallis Orchard Practical Shooters December USPSA Match,2023-12-17,3,Bay 3 JC211,af3d2b94-f5cc-3a61-92f6-be98f3adb144,Manny Fraker,23,75.37,1,100.00,Production,A,TY123776,MINOR,,120.0000,90.4440,4.7162,22.90,20,,2,2,,,,,
80e8df22-03e2-4ba6-be0e-af5dd6de072e,Wallis Orchard Practical Shooters December USPSA Match,2023-12-17,3,Bay 3 JC211,af3d2b94-f5cc-3a61-92f6-be98f3adb144,Michael Pontious,24,75.16,12,75.16,Limited Optics,U,fy94575,MINOR,Senior,90.1870,90.1870,4.7028,22.54,22,,2,,,,1,,
80e8df22-03e2-4ba6-be0e-af5dd6de072e,Wallis Orchard Practical Shooters December USPSA Match,2023-12-17,3,Bay 3 JC211,af3d2b94-f5cc-3a61-92f6-be98f3adb144,Christian Canizales,25,74.85,6,75.45,Carry Optics,B,TY150265,MINOR,,90.5457,89.8149,4.6834,23.06,18,,6,,,,,,
80e8df22-03e2-4ba6-be0e-af5dd6de072e,Wallis Orchard Practical Shooters December USPSA Match,2023-12-17,3,Bay 3 JC211,af3d2b94-f5cc-3a61-92f6-be98f3adb144,Jeremiah Hunt,26,74.62,13,74.62,Limited Optics,C,A148592,MINOR,,89.5445,89.5445,4.6693,20.56,13,,10,1,,,,,
80e8df22-03e2-4ba6-be0e-af5dd6de072e,Wallis Orchard Practical Shooters December USPSA Match,2023-12-17,3,Bay 3 JC211,af3d2b94-f5cc-3a61-92f6-be98f3adb144,Michael Whitley,27,74.38,14,74.38,Limited Optics,U,A111091,MINOR,,89.2588,89.2588,4.6544,21.70,21,,2,,1,,,,
80e8df22-03e2-4ba6-be0e-af5dd6de072e,Wallis Orchard Practical Shooters December USPSA Match,2023-12-17,3,Bay 3 JC211,af3d2b94-f5cc-3a61-92f6-be98f3adb144,Doug Joder,28,72.97,2,75.98,PCC,B,TY115020,MINOR,,91.1796,87.5674,4.5662,24.09,19,,5,,,,,,
80e8df22-03e2-4ba6-be0e-af5dd6de072e,Wallis Orchard Practical Shooters December USPSA Match,2023-12-17,3,Bay 3 JC211,af3d2b94-f5cc-3a61-92f6-be98f3adb144,Anthony Fong,29,72.53,15,72.53,Limited Optics,M,A142224,MINOR,,87.0304,87.0304,4.5382,18.73,14,,8,1,1,,,,
80e8df22-03e2-4ba6-be0e-af5dd6de072e,Wallis Orchard Practical Shooters December USPSA Match,2023-12-17,3,Bay 3 JC211,af3d2b94-f5cc-3a61-92f6-be98f3adb144,Vinh Lam,30,71.63,1,100.00,Limited,M,TY101025,MAJOR,,120.0000,85.9584,4.4823,15.84,17,,4,,3,,,,
80e8df22-03e2-4ba6-be0e-af5dd6de072e,Wallis Orchard Practical Shooters December USPSA Match,2023-12-17,3,Bay 3 JC211,af3d2b94-f5cc-3a61-92f6-be98f3adb144,Peter Kirchner,31,71.36,7,71.94,Carry Optics,A,TY105743,MINOR,,86.3252,85.6285,4.4651,21.50,18,,5,1,,,1,,
80e8df22-03e2-4ba6-be0e-af5dd6de072e,Wallis Orchard Practical Shooters December USPSA Match,2023-12-17,3,Bay 3 JC211,af3d2b94-f5cc-3a61-92f6-be98f3adb144,Jaramillo Avila,32,70.29,6,73.96,Open,U,,MINOR,Law Enforcement,88.7564,84.3437,4.3981,25.92,21,,3,,,,,,
80e8df22-03e2-4ba6-be0e-af5dd6de072e,Wallis Orchard Practical Shooters December USPSA Match,2023-12-17,3,Bay 3 JC211,af3d2b94-f5cc-3a61-92f6-be98f3adb144,Mike Kahl,33,68.63,8,69.18,Carry Optics,A,TY70984,MINOR,Super Senior,83.0212,82.3511,4.2942,25.15,19,,4,1,,,,,
80e8df22-03e2-4ba6-be0e-af5dd6de072e,Wallis Orchard Practical Shooters December USPSA Match,2023-12-17,3,Bay 3 JC211,af3d2b94-f5cc-3a61-92f6-be98f3adb144,Adam Bandiera,34,68.58,9,69.14,Carry Optics,B,A148375,MINOR,,82.9709,82.3013,4.2916,21.67,22,,1,,1,,1,,
80e8df22-03e2-4ba6-be0e-af5dd6de072e,Wallis Orchard Practical Shooters December USPSA Match,2023-12-17,3,Bay 3 JC211,af3d2b94-f5cc-3a61-92f6-be98f3adb144,Matthew Lem,35,65.74,16,65.74,Limited Optics,U,FY34763,MINOR,Senior; Law Enforcement,78.8935,78.8935,4.1139,25.28,16,,8,,,,,,
80e8df22-03e2-4ba6-be0e-af5dd6de072e,Wallis Orchard Practical Shooters December USPSA Match,2023-12-17,3,Bay 3 JC211,af3d2b94-f5cc-3a61-92f6-be98f3adb144,Cliff Pinsent,36,65.08,7,68.49,Open,B,FY99321,MAJOR,Super Senior,82.1876,78.1014,4.0726,27.01,16,,7,1,,,,,
80e8df22-03e2-4ba6-be0e-af5dd6de072e,Wallis Orchard Practical Shooters December USPSA Match,2023-12-17,3,Bay 3 JC211,af3d2b94-f5cc-3a61-92f6-be98f3adb144,Pocholo Dimayuga,37,64.31,2,89.78,Limited,B,A106236,MAJOR,,107.7411,77.1771,4.0244,24.60,17,,6,,1,,,,
80e8df22-03e2-4ba6-be0e-af5dd6de072e,Wallis Orchard Practical Shooters December USPSA Match,2023-12-17,3,Bay 3 JC211,af3d2b94-f5cc-3a61-92f6-be98f3adb144,Michael Kiesewetter,38,63.82,8,67.16,Open,U,ty118153,MAJOR,,80.5913,76.5845,3.9935,24.79,17,,6,,1,,,,
80e8df22-03e2-4ba6-be0e-af5dd6de072e,Wallis Orchard Practical Shooters December USPSA Match,2023-12-17,3,Bay 3 JC211,af3d2b94-f5cc-3a61-92f6-be98f3adb144,Patrick Houstoun,39,63.09,10,63.60,Carry Optics,B,A148442,MINOR,Senior,76.3241,75.7081,3.9478,28.37,20,,4,,,,,,
80e8df22-03e2-4ba6-be0e-af5dd6de072e,Wallis Orchard Practical Shooters December USPSA Match,2023-12-17,3,Bay 3 JC211,af3d2b94-f5cc-3a61-92f6-be98f3adb144,Gary Wu,40,61.78,17,61.78,Limited Optics,C,L2998,MINOR,Senior,74.1356,74.1356,3.8658,23.54,16,,7,,1,,,,
80e8df22-03e2-4ba6-be0e-af5dd6de072e,Wallis Orchard Practical Shooters December USPSA Match,2023-12-17,3,Bay 3 JC211,af3d2b94-f5cc-3a61-92f6-be98f3adb144,Albert Legislador,41,61.66,11,62.16,Carry Optics,U,TY91787,MINOR,NEW SHOOTER,74.5938,73.9918,3.8583,28.51,19,,5,,,,,,
80e8df22-03e2-4ba6-be0e-af5dd6de072e,Wallis Orchard Practical Shooters December USPSA Match,2023-12-17,3,Bay 3 JC211,af3d2b94-f5cc-3a61-92f6-be98f3adb144,Jack LIU,42,61.39,3,63.92,PCC,A,l6156,MINOR,Law Enforcement,76.7085,73.6696,3.8415,24.73,18,,5,,1,,,,
80e8df22-03e2-4ba6-be0e-af5dd6de072e,Wallis Orchard Practical Shooters December USPSA Match,2023-12-17,3,Bay 3 JC211,af3d2b94-f5cc-3a61-92f6-be98f3adb144,Abrahan Figueroa,43,60.38,9,63.54,Open,C,TY54053,MAJOR,Senior,76.2484,72.4576,3.7783,23.82,14,,6,3,1,,,,
80e8df22-03e2-4ba6-be0e-af5dd6de072e,Wallis Orchard Practical Shooters December USPSA Match,2023-12-17,3,Bay 3 JC211,af3d2b94-f5cc-3a61-92f6-be98f3adb144,AJ Jackson,44,59.58,18,59.58,Limited Optics,U,TY81745,MINOR,,71.4968,71.4968,3.7282,25.75,17,,7,,,,1,,
80e8df22-03e2-4ba6-be0e-af5dd6de072e,Wallis Orchard Practical Shooters December USPSA Match,2023-12-17,3,Bay 3 JC211,af3d2b94-f5cc-3a61-92f6-be98f3adb144,Rene Zalamea,45,58.49,10,61.55,Open,C,A66891,MAJOR,Senior,73.8570,70.1851,3.6598,29.51,16,,6,2,,,,,
80e8df22-03e2-4ba6-be0e-af5dd6de072e,Wallis Orchard Practical Shooters December USPSA Match,2023-12-17,3,Bay 3 JC211,af3d2b94-f5cc-3a61-92f6-be98f3adb144,Zach Hudson,46,58.24,12,58.71,Carry Optics,C,A154012,MINOR,,70.4564,69.8878,3.6443,27.44,16,,6,2,,,,,
80e8df22-03e2-4ba6-be0e-af5dd6de072e,Wallis Orchard Practical Shooters December USPSA Match,2023-12-17,3,Bay 3 JC211,af3d2b94-f5cc-3a61-92f6-be98f3adb144,Chang Qian,47,57.54,2,76.34,Production,U,A150939,MINOR,,91.6068,69.0440,3.6003,24.72,17,,4,2,1,,,,
80e8df22-03e2-4ba6-be0e-af5dd6de072e,Wallis Orchard Practical Shooters December USPSA Match,2023-12-17,3,Bay 3 JC211,af3d2b94-f5cc-3a61-92f6-be98f3adb144,Ramil Villanueva,48,57.53,13,58.00,Carry Optics,D,A110261,MINOR,Senior,69.6000,69.0383,3.6000,30.00,18,,6,,,,,,
80e8df22-03e2-4ba6-be0e-af5dd6de072e,Wallis Orchard Practical Shooters December USPSA Match,2023-12-17,3,Bay 3 JC211,af3d2b94-f5cc-3a61-92f6-be98f3adb144,Eric Wu,49,57.29,19,57.29,Limited Optics,U,,MINOR,,68.7468,68.7468,3.5848,23.99,13,,10,1,,,1,,
80e8df22-03e2-4ba6-be0e-af5dd6de072e,Wallis Orchard Practical Shooters December USPSA Match,2023-12-17,3,Bay 3 JC211,af3d2b94-f5cc-3a61-92f6-be98f3adb144,Jeannie Marrone,50,51.54,11,54.23,Open,C,TY133357,MAJOR,Lady; Super Senior,65.0785,61.8429,3.2248,31.63,12,,9,3,,,,,
80e8df22-03e2-4ba6-be0e-af5dd6de072e,Wallis Orchard Practical Shooters December USPSA Match,2023-12-17,3,Bay 3 JC211,af3d2b94-f5cc-3a61-92f6-be98f3adb144,Kexin Bai,51,51.39,12,54.08,Open,U,A155638,MAJOR,Foreign,64.8948,61.6684,3.2157,35.14,17,,7,,,,,,
80e8df22-03e2-4ba6-be0e-af5dd6de072e,Wallis Orchard Practical Shooters December USPSA Match,2023-12-17,3,Bay 3 JC211,af3d2b94-f5cc-3a61-92f6-be98f3adb144,Don Sanders,52,50.37,13,53.00,Open,U,FY46389,MAJOR,Senior,63.6053,60.4430,3.1518,29.19,10,,13,,1,,,,
80e8df22-03e2-4ba6-be0e-af5dd6de072e,Wallis Orchard Practical Shooters December USPSA Match,2023-12-17,3,Bay 3 JC211,af3d2b94-f5cc-3a61-92f6-be98f3adb144,David Young,53,49.69,14,50.09,Carry Optics,C,Ty130791,MINOR,,60.1112,59.6260,3.1092,29.59,16,,7,1,,,1,,
80e8df22-03e2-4ba6-be0e-af5dd6de072e,Wallis Orchard Practical Shooters December USPSA Match,2023-12-17,3,Bay 3 JC211,af3d2b94-f5cc-3a61-92f6-be98f3adb144,Virak Meas,54,48.09,20,48.09,Limited Optics,U,Q,MINOR,Senior,57.7121,57.7121,3.0094,24.59,15,,6,1,2,,,,
80e8df22-03e2-4ba6-be0e-af5dd6de072e,Wallis Orchard Practical Shooters December USPSA Match,2023-12-17,3,Bay 3 JC211,af3d2b94-f5cc-3a61-92f6-be98f3adb144,David ZHANG,55,47.61,21,47.61,Limited Optics,C,FY140383,MINOR,,57.1311,57.1311,2.9791,22.49,17,,4,,3,,,,
80e8df22-03e2-4ba6-be0e-af5dd6de072e,Wallis Orchard Practical Shooters December USPSA Match,2023-12-17,3,Bay 3 JC211,af3d2b94-f5cc-3a61-92f6-be98f3adb144,Gennady Khokhorin,56,47.19,3,62.61,Production,B,A123884,MINOR,Super Senior,75.1266,56.6229,2.9526,25.74,15,,7,,2,,,,
80e8df22-03e2-4ba6-be0e-af5dd6de072e,Wallis Orchard Practical Shooters December USPSA Match,2023-12-17,3,Bay 3 JC211,af3d2b94-f5cc-3a61-92f6-be98f3adb144,Kim Ivester,57,47.11,14,49.57,Open,B,L4935,MAJOR,Lady,59.4884,56.5308,2.9478,26.80,13,,8,1,2,,,,
80e8df22-03e2-4ba6-be0e-af5dd6de072e,Wallis Orchard Practical Shooters December USPSA Match,2023-12-17,3,Bay 3 JC211,af3d2b94-f5cc-3a61-92f6-be98f3adb144,Jerry Bedro,58,46.57,15,49.01,Open,C,A98263,MAJOR,,58.8083,55.8846,2.9141,33.63,16,,7,,1,,,,
80e8df22-03e2-4ba6-be0e-af5dd6de072e,Wallis Orchard Practical Shooters December USPSA Match,2023-12-17,3,Bay 3 JC211,af3d2b94-f5cc-3a61-92f6-be98f3adb144,Matthew Givens,59,45.82,22,45.82,Limited Optics,C,Ty137686,MINOR,,54.9813,54.9813,2.8670,40.46,22,,2,,,,,,
80e8df22-03e2-4ba6-be0e-af5dd6de072e,Wallis Orchard Practical Shooters December USPSA Match,2023-12-17,3,Bay 3 JC211,af3d2b94-f5cc-3a61-92f6-be98f3adb144,Allan Santiago,60,45.34,3,63.30,Limited,U,,MAJOR,,75.9601,54.4117,2.8373,31.72,18,,5,,1,,1,,
80e8df22-03e2-4ba6-be0e-af5dd6de072e,Wallis Orchard Practical Shooters December USPSA Match,2023-12-17,3,Bay 3 JC211,af3d2b94-f5cc-3a61-92f6-be98f3adb144,Kristen Day,61,44.05,4,61.50,Limited,C,TY121933,MAJOR,Lady,73.7996,52.8641,2.7566,34.10,16,,5,2,1,,,,
80e8df22-03e2-4ba6-be0e-af5dd6de072e,Wallis Orchard Practical Shooters December USPSA Match,2023-12-17,3,Bay 3 JC211,af3d2b94-f5cc-3a61-92f6-be98f3adb144,Tyler Kenny,62,43.69,15,44.05,Carry Optics,B,A148691,MINOR,,52.8573,52.4307,2.7340,19.02,16,,4,,4,,,,
80e8df22-03e2-4ba6-be0e-af5dd6de072e,Wallis Orchard Practical Shooters December USPSA Match,2023-12-17,3,Bay 3 JC211,af3d2b94-f5cc-3a61-92f6-be98f3adb144,Alex Nguyen,63,39.72,16,40.04,Carry Optics,U,A151003,MINOR,,48.0530,47.6652,2.4855,30.98,16,,5,2,1,,1,,
80e8df22-03e2-4ba6-be0e-af5dd6de072e,Wallis Orchard Practical Shooters December USPSA Match,2023-12-17,3,Bay 3 JC211,af3d2b94-f5cc-3a61-92f6-be98f3adb144,Robert Bui,64,39.32,4,40.94,PCC,U,A103016,MINOR,,49.1242,47.1781,2.4601,39.43,19,,4,,1,,,,
80e8df22-03e2-4ba6-be0e-af5dd6de072e,Wallis Orchard Practical Shooters December USPSA Match,2023-12-17,3,Bay 3 JC211,af3d2b94-f5cc-3a61-92f6-be98f3adb144,Karen Brusatori,65,39.03,23,39.03,Limited Optics,C,A149998,MAJOR,Lady,46.8405,46.8405,2.4425,34.80,17,,5,,2,,,,
80e8df22-03e2-4ba6-be0e-af5dd6de072e,Wallis Orchard Practical Shooters December USPSA Match,2023-12-17,3,Bay 3 JC211,af3d2b94-f5cc-3a61-92f6-be98f3adb144,Antoio Tormis,66,35.23,16,37.07,Open,C,,MAJOR,,44.4821,42.2706,2.2042,25.86,17,,2,2,3,,,1,
80e8df22-03e2-4ba6-be0e-af5dd6de072e,Wallis Orchard Practical Shooters December USPSA Match,2023-12-17,3,Bay 3 JC211,af3d2b94-f5cc-3a61-92f6-be98f3adb144,Abraham Estrada,67,34.60,17,34.88,Carry Optics,U,0,MINOR,NEW SHOOTER,41.8547,41.5169,2.1649,29.10,16,,4,1,3,,,,
80e8df22-03e2-4ba6-be0e-af5dd6de072e,Wallis Orchard Practical Shooters December USPSA Match,2023-12-17,3,Bay 3 JC211,af3d2b94-f5cc-3a61-92f6-be98f3adb144,Loren Brusatori,68,34.54,17,36.35,Open,C,A149999,MINOR,,43.6204,41.4517,2.1615,33.31,14,,7,1,2,,,,
80e8df22-03e2-4ba6-be0e-af5dd6de072e,Wallis Orchard Practical Shooters December USPSA Match,2023-12-17,3,Bay 3 JC211,af3d2b94-f5cc-3a61-92f6-be98f3adb144,ian loyd,69,34.51,5,35.93,PCC,U,A148072,MINOR,,43.1177,41.4095,2.1593,34.27,19,,3,,2,,,1,
80e8df22-03e2-4ba6-be0e-af5dd6de072e,Wallis Orchard Practical Shooters December USPSA Match,2023-12-17,3,Bay 3 JC211,af3d2b94-f5cc-3a61-92f6-be98f3adb144,michael Chang,70,33.99,18,35.77,Open,,,MAJOR,,42.9222,40.7882,2.1269,28.21,12,,10,,2,,2,,
80e8df22-03e2-4ba6-be0e-af5dd6de072e,Wallis Orchard Practical Shooters December USPSA Match,2023-12-17,3,Bay 3 JC211,af3d2b94-f5cc-3a61-92f6-be98f3adb144,TJ Balingit,71,30.85,18,31.10,Carry Optics,U,A151010,MINOR,,37.3152,37.0141,1.9301,43.52,19,,3,,2,,,,
80e8df22-03e2-4ba6-be0e-af5dd6de072e,Wallis Orchard Practical Shooters December USPSA Match,2023-12-17,3,Bay 3 JC211,af3d2b94-f5cc-3a61-92f6-be98f3adb144,John Ren,72,29.64,5,41.38,Limited,C,A152674,MINOR,,49.6566,35.5700,1.8548,31.27,14,,5,3,2,,1,,
80e8df22-03e2-4ba6-be0e-af5dd6de072e,Wallis Orchard Practical Shooters December USPSA Match,2023-12-17,3,Bay 3 JC211,af3d2b94-f5cc-3a61-92f6-be98f3adb144,Marc Demeza,73,28.89,4,38.33,Production,U,TY142892,MINOR,,46.0006,34.6706,1.8079,35.40,14,,3,5,2,,,,
80e8df22-03e2-4ba6-be0e-af5dd6de072e,Wallis Orchard Practical Shooters December USPSA Match,2023-12-17,3,Bay 3 JC211,af3d2b94-f5cc-3a61-92f6-be98f3adb144,Robin Chen,74,27.80,19,28.03,Carry Optics,C,A152878,MINOR,Lady; Law Enforcement,33.6342,33.3627,1.7397,32.19,18,,2,,4,,,,
80e8df22-03e2-4ba6-be0e-af5dd6de072e,Wallis Orchard Practical Shooters December USPSA Match,2023-12-17,3,Bay 3 JC211,af3d2b94-f5cc-3a61-92f6-be98f3adb144,Lawrence Fu,75,24.54,20,24.74,Carry Optics,U,Fy142081,MINOR,,29.6825,29.4429,1.5353,43.64,14,,4,5,1,,1,,
80e8df22-03e2-4ba6-be0e-af5dd6de072e,Wallis Orchard Practical Shooters December USPSA Match,2023-12-17,3,Bay 3 JC211,af3d2b94-f5cc-3a61-92f6-be98f3adb144,Chris Eisenhour,76,21.61,5,28.67,Production,D,A155073,MINOR,NEW SHOOTER,34.4082,25.9335,1.3523,42.89,13,,7,2,2,,1,,
80e8df22-03e2-4ba6-be0e-af5dd6de072e,Wallis Orchard Practical Shooters December USPSA Match,2023-12-17,3,Bay 3 JC211,af3d2b94-f5cc-3a61-92f6-be98f3adb144,Zack Book,77,19.39,6,27.07,Limited,U,,MINOR,,32.4851,23.2697,1.2134,42.03,13,,4,4,3,,,,
80e8df22-03e2-4ba6-be0e-af5dd6de072e,Wallis Orchard Practical Shooters December USPSA Match,2023-12-17,3,Bay 3 JC211,af3d2b94-f5cc-3a61-92f6-be98f3adb144,Valentina Bozzetti,78,10.08,21,10.16,Carry Optics,U,,MINOR,Lady,12.1955,12.0970,0.6308,80.85,14,,7,,3,,1,,
80e8df22-03e2-4ba6-be0e-af5dd6de072e,Wallis Orchard Practical Shooters December USPSA Match,2023-12-17,3,Bay 3 JC211,af3d2b94-f5cc-3a61-92f6-be98f3adb144,Pat Byrne,79,0.00,1,0.00,Single Stack,B,Fy93921,MINOR,Super Senior,0.0000,0.0000,,,,,,,,,,,
80e8df22-03e2-4ba6-be0e-af5dd6de072e,Wallis Orchard Practical Shooters December USPSA Match,2023-12-17,3,Bay 3 JC211,af3d2b94-f5cc-3a61-92f6-be98f3adb144,Ann Marquez,80,0.00,22,0.00,Carry Optics,U,,MINOR,NEW SHOOTER,0.0000,0.0000,,,,,,,,,,,
80e8df22-03e2-4ba6-be0e-af5dd6de072e,Wallis Orchard Practical Shooters December USPSA Match,2023-12-17,3,Bay 3 JC211,af3d2b94-f5cc-3a61-92f6-be98f3adb144,Andrew Philip,81,0.00,24,0.00,Limited Optics,U,A153653,MINOR,Senior,0.0000,0.0000,,,,,,,,,,,
80e8df22-03e2-4ba6-be0e-af5dd6de072e,Wallis Orchard Practical Shooters December USPSA Match,2023-12-17,3,Bay 3 JC211,af3d2b94-f5cc-3a61-92f6-be98f3adb144,Parish Saculles,82,0.00,19,0.00,Open,U,L5316,MINOR,,0.0000,0.0000,0.0000,57.46,10,,5,,9,,1,5,
80e8df22-03e2-4ba6-be0e-af5dd6de072e,Wallis Orchard Practical Shooters December USPSA Match,2023-12-17,4,bay 4 JC212,2110a344-5206-ebfa-a9ee-80bccd4236fd,Vinh Lam,1,100.00,1,100.00,Limited,M,TY101025,MAJOR,,90.0000,90.0000,8.4449,9.71,10,,8,,,,,,
80e8df22-03e2-4ba6-be0e-af5dd6de072e,Wallis Orchard Practical Shooters December USPSA Match,2023-12-17,4,bay 4 JC212,2110a344-5206-ebfa-a9ee-80bccd4236fd,Chez Chike-Udenze,2,89.99,1,100.00,Limited Optics,M,A138598,MINOR,,90.0000,80.9914,7.5996,10.79,14,,4,,,,,,
80e8df22-03e2-4ba6-be0e-af5dd6de072e,Wallis Orchard Practical Shooters December USPSA Match,2023-12-17,4,bay 4 JC212,2110a344-5206-ebfa-a9ee-80bccd4236fd,Travis McKenzie,3,86.12,2,95.70,Limited Optics,U,L6340,MINOR,,86.1286,77.5075,7.2727,11.55,15,,3,,,,,,
80e8df22-03e2-4ba6-be0e-af5dd6de072e,Wallis Orchard Practical Shooters December USPSA Match,2023-12-17,4,bay 4 JC212,2110a344-5206-ebfa-a9ee-80bccd4236fd,Qingbang Cai,4,85.30,1,100.00,Carry Optics,A,A148273,MINOR,,90.0000,76.7732,7.2038,10.55,12,,5,1,,,,,
80e8df22-03e2-4ba6-be0e-af5dd6de072e,Wallis Orchard Practical Shooters December USPSA Match,2023-12-17,4,bay 4 JC212,2110a344-5206-ebfa-a9ee-80bccd4236fd,Anthony Fong,5,84.79,3,94.22,Limited Optics,M,A142224,MINOR,,84.8022,76.3139,7.1607,12.01,16,,2,,,,,,
80e8df22-03e2-4ba6-be0e-af5dd6de072e,Wallis Orchard Practical Shooters December USPSA Match,2023-12-17,4,bay 4 JC212,2110a344-5206-ebfa-a9ee-80bccd4236fd,Brandon Foss,6,84.15,2,98.65,Carry Optics,M,L5142,MINOR,,88.7856,75.7373,7.1066,11.82,15,,3,,,,,,
80e8df22-03e2-4ba6-be0e-af5dd6de072e,Wallis Orchard Practical Shooters December USPSA Match,2023-12-17,4,bay 4 JC212,2110a344-5206-ebfa-a9ee-80bccd4236fd,Andy Chen,7,78.74,4,87.50,Limited Optics,A,A86721,MINOR,,78.7494,70.8669,6.6496,11.73,12,,6,,,,,,
80e8df22-03e2-4ba6-be0e-af5dd6de072e,Wallis Orchard Practical Shooters December USPSA Match,2023-12-17,4,bay 4 JC212,2110a344-5206-ebfa-a9ee-80bccd4236fd,Bobby Ivester,8,75.58,1,100.00,Open,M,A101336,MAJOR,,90.0000,68.0257,6.3830,9.87,7,,9,1,1,,,,
80e8df22-03e2-4ba6-be0e-af5dd6de072e,Wallis Orchard Practical Shooters December USPSA Match,2023-12-17,4,bay 4 JC212,2110a344-5206-ebfa-a9ee-80bccd4236fd,Edwin Garcia,9,74.83,1,100.00,PCC,M,Ty38396,MINOR,,90.0000,67.3447,6.3191,12.66,14,,3,1,,,,,
80e8df22-03e2-4ba6-be0e-af5dd6de072e,Wallis Orchard Practical Shooters December USPSA Match,2023-12-17,4,bay 4 JC212,2110a344-5206-ebfa-a9ee-80bccd4236fd,Chris Snow,10,74.81,2,98.97,Open,U,Ty107262,MINOR,,89.0750,67.3266,6.3174,12.98,14,,4,,,,,,
80e8df22-03e2-4ba6-be0e-af5dd6de072e,Wallis Orchard Practical Shooters December USPSA Match,2023-12-17,4,bay 4 JC212,2110a344-5206-ebfa-a9ee-80bccd4236fd,Jim Havens,11,74.69,5,83.00,Limited Optics,M,TY114636,MINOR,Senior,74.7004,67.2232,6.3077,13.00,14,,4,,,,,,
80e8df22-03e2-4ba6-be0e-af5dd6de072e,Wallis Orchard Practical Shooters December USPSA Match,2023-12-17,4,bay 4 JC212,2110a344-5206-ebfa-a9ee-80bccd4236fd,Khoa Nguyen,12,74.19,6,82.44,Limited Optics,A,A117224,MINOR,Law Enforcement,74.1959,66.7692,6.2651,12.45,12,,6,,,,,,
80e8df22-03e2-4ba6-be0e-af5dd6de072e,Wallis Orchard Practical Shooters December USPSA Match,2023-12-17,4,bay 4 JC212,2110a344-5206-ebfa-a9ee-80bccd4236fd,Zachary Ralston,13,73.94,3,86.68,Carry Optics,A,A123081,MINOR,,78.0126,66.5475,6.2443,10.89,14,,2,2,,,1,,
80e8df22-03e2-4ba6-be0e-af5dd6de072e,Wallis Orchard Practical Shooters December USPSA Match,2023-12-17,4,bay 4 JC212,2110a344-5206-ebfa-a9ee-80bccd4236fd,Andrew Whitley,14,73.39,3,97.10,Open,A,TY106649,MAJOR,,87.3915,66.0541,6.1980,13.23,10,,8,,,,,,
80e8df22-03e2-4ba6-be0e-af5dd6de072e,Wallis Orchard Practical Shooters December USPSA Match,2023-12-17,4,bay 4 JC212,2110a344-5206-ebfa-a9ee-80bccd4236fd,wade pruetz,15,73.35,4,97.04,Open,A,pending,MAJOR,Senior,87.3351,66.0114,6.1940,13.40,11,,7,,,,,,
80e8df22-03e2-4ba6-be0e-af5dd6de072e,Wallis Orchard Practical Shooters December USPSA Match,2023-12-17,4,bay 4 JC212,2110a344-5206-ebfa-a9ee-80bccd4236fd,August Balagtas,16,71.12,7,79.03,Limited Optics,U,L3674,MINOR,,71.1274,64.0079,6.0060,13.32,13,,5,,,,,,
80e8df22-03e2-4ba6-be0e-af5dd6de072e,Wallis Orchard Practical Shooters December USPSA Match,2023-12-17,4,bay 4 JC212,2110a344-5206-ebfa-a9ee-80bccd4236fd,Peter Kirchner,17,70.91,4,83.12,Carry Optics,A,TY105743,MINOR,,74.8105,63.8160,5.9880,15.03,18,,,,,,,,
80e8df22-03e2-4ba6-be0e-af5dd6de072e,Wallis Orchard Practical Shooters December USPSA Match,2023-12-17,4,bay 4 JC212,2110a344-5206-ebfa-a9ee-80bccd4236fd,Michael Whitley,18,70.85,8,78.73,Limited Optics,U,A111091,MINOR,,70.8610,63.7681,5.9835,13.37,13,,5,,,,,,
80e8df22-03e2-4ba6-be0e-af5dd6de072e,Wallis Orchard Practical Shooters December USPSA Match,2023-12-17,4,bay 4 JC212,2110a344-5206-ebfa-a9ee-80bccd4236fd,Mike Junco,19,70.52,9,78.36,Limited Optics,U,TY34819,MINOR,Senior; Law Enforcement,70.5234,63.4643,5.9550,13.77,14,,4,,,,,,
80e8df22-03e2-4ba6-be0e-af5dd6de072e,Wallis Orchard Practical Shooters December USPSA Match,2023-12-17,4,bay 4 JC212,2110a344-5206-ebfa-a9ee-80bccd4236fd,AJ Jackson,20,69.96,10,77.75,Limited Optics,U,TY81745,MINOR,,69.9716,62.9677,5.9084,13.54,13,,5,,,,,,
80e8df22-03e2-4ba6-be0e-af5dd6de072e,Wallis Orchard Practical Shooters December USPSA Match,2023-12-17,4,bay 4 JC212,2110a344-5206-ebfa-a9ee-80bccd4236fd,Abrahan Figueroa,21,69.75,5,92.28,Open,C,TY54053,MAJOR,Senior,83.0530,62.7748,5.8903,14.77,15,,3,,,,,,
80e8df22-03e2-4ba6-be0e-af5dd6de072e,Wallis Orchard Practical Shooters December USPSA Match,2023-12-17,4,bay 4 JC212,2110a344-5206-ebfa-a9ee-80bccd4236fd,Drew Yang,22,68.65,5,80.47,Carry Optics,C,0,MINOR,,72.4255,61.7815,5.7971,14.49,15,,3,,,,,,
80e8df22-03e2-4ba6-be0e-af5dd6de072e,Wallis Orchard Practical Shooters December USPSA Match,2023-12-17,4,bay 4 JC212,2110a344-5206-ebfa-a9ee-80bccd4236fd,Jason Wilson,23,68.28,11,75.88,Limited Optics,U,A94696,MINOR,,68.2911,61.4554,5.7665,14.22,14,,4,,,,,,
80e8df22-03e2-4ba6-be0e-af5dd6de072e,Wallis Orchard Practical Shooters December USPSA Match,2023-12-17,4,bay 4 JC212,2110a344-5206-ebfa-a9ee-80bccd4236fd,Jack LIU,24,67.88,2,90.71,PCC,A,l6156,MINOR,Law Enforcement,81.6382,61.0878,5.7320,12.91,11,,6,1,,,,,
80e8df22-03e2-4ba6-be0e-af5dd6de072e,Wallis Orchard Practical Shooters December USPSA Match,2023-12-17,4,bay 4 JC212,2110a344-5206-ebfa-a9ee-80bccd4236fd,Antoio Tormis,25,67.67,6,89.52,Open,C,,MAJOR,,80.5714,60.8991,5.7143,14.35,12,,5,1,,,,,
80e8df22-03e2-4ba6-be0e-af5dd6de072e,Wallis Orchard Practical Shooters December USPSA Match,2023-12-17,4,bay 4 JC212,2110a344-5206-ebfa-a9ee-80bccd4236fd,Michael Hanover,26,67.27,12,74.75,Limited Optics,A,A146302,MINOR,,67.2785,60.5442,5.6810,13.73,12,,6,,,,,,
80e8df22-03e2-4ba6-be0e-af5dd6de072e,Wallis Orchard Practical Shooters December USPSA Match,2023-12-17,4,bay 4 JC212,2110a344-5206-ebfa-a9ee-80bccd4236fd,Arnold Gee,27,66.44,7,87.90,Open,B,Ty103519,MAJOR,Senior,79.1092,59.7940,5.6106,15.15,15,,2,1,,,,,
80e8df22-03e2-4ba6-be0e-af5dd6de072e,Wallis Orchard Practical Shooters December USPSA Match,2023-12-17,4,bay 4 JC212,2110a344-5206-ebfa-a9ee-80bccd4236fd,Matthew Lem,28,66.38,13,73.77,Limited Optics,U,FY34763,MINOR,Senior; Law Enforcement,66.3915,59.7460,5.6061,13.20,11,,6,1,,,,,
80e8df22-03e2-4ba6-be0e-af5dd6de072e,Wallis Orchard Practical Shooters December USPSA Match,2023-12-17,4,bay 4 JC212,2110a344-5206-ebfa-a9ee-80bccd4236fd,Roman Gwiscz,29,65.20,6,76.43,Carry Optics,A,L4670,MINOR,,68.7887,58.6792,5.5060,13.44,12,,4,2,,,,,
80e8df22-03e2-4ba6-be0e-af5dd6de072e,Wallis Orchard Practical Shooters December USPSA Match,2023-12-17,4,bay 4 JC212,2110a344-5206-ebfa-a9ee-80bccd4236fd,Adam Bandiera,30,64.52,7,75.64,Carry Optics,B,A148375,MINOR,,68.0728,58.0685,5.4487,12.48,12,,6,,,,1,,
80e8df22-03e2-4ba6-be0e-af5dd6de072e,Wallis Orchard Practical Shooters December USPSA Match,2023-12-17,4,bay 4 JC212,2110a344-5206-ebfa-a9ee-80bccd4236fd,Jerry Bedro,31,64.35,8,85.13,Open,C,A98263,MAJOR,,76.6191,57.9119,5.4340,14.17,15,,3,,,,1,,
80e8df22-03e2-4ba6-be0e-af5dd6de072e,Wallis Orchard Practical Shooters December USPSA Match,2023-12-17,4,bay 4 JC212,2110a344-5206-ebfa-a9ee-80bccd4236fd,Michael Kiesewetter,32,63.99,9,84.66,Open,U,ty118153,MAJOR,,76.1905,57.5879,5.4036,15.36,13,,4,1,,,,,
80e8df22-03e2-4ba6-be0e-af5dd6de072e,Wallis Orchard Practical Shooters December USPSA Match,2023-12-17,4,bay 4 JC212,2110a344-5206-ebfa-a9ee-80bccd4236fd,Rene Zalamea,33,63.94,10,84.60,Open,C,A66891,MAJOR,Senior,76.1397,57.5495,5.4000,15.00,11,,6,1,,,,,
80e8df22-03e2-4ba6-be0e-af5dd6de072e,Wallis Orchard Practical Shooters December USPSA Match,2023-12-17,4,bay 4 JC212,2110a344-5206-ebfa-a9ee-80bccd4236fd,Doug Joder,34,62.94,3,84.12,PCC,B,TY115020,MINOR,,75.7076,56.6500,5.3156,15.05,13,,5,,,,,,
80e8df22-03e2-4ba6-be0e-af5dd6de072e,Wallis Orchard Practical Shooters December USPSA Match,2023-12-17,4,bay 4 JC212,2110a344-5206-ebfa-a9ee-80bccd4236fd,Jaramillo Avila,35,61.74,11,81.69,Open,U,,MINOR,Law Enforcement,73.5200,55.5694,5.2142,16.11,15,,3,,,,,,
80e8df22-03e2-4ba6-be0e-af5dd6de072e,Wallis Orchard Practical Shooters December USPSA Match,2023-12-17,4,bay 4 JC212,2110a344-5206-ebfa-a9ee-80bccd4236fd,Jason Wells,36,59.52,14,66.14,Limited Optics,U,L5218,MINOR,,59.5298,53.5711,5.0267,13.13,13,,3,2,,,1,,
80e8df22-03e2-4ba6-be0e-af5dd6de072e,Wallis Orchard Practical Shooters December USPSA Match,2023-12-17,4,bay 4 JC212,2110a344-5206-ebfa-a9ee-80bccd4236fd,Gary Wu,37,59.28,15,65.88,Limited Optics,C,L2998,MINOR,Senior,59.2883,53.3537,5.0063,15.98,13,,5,,,,,,
80e8df22-03e2-4ba6-be0e-af5dd6de072e,Wallis Orchard Practical Shooters December USPSA Match,2023-12-17,4,bay 4 JC212,2110a344-5206-ebfa-a9ee-80bccd4236fd,David Young,38,58.67,8,68.78,Carry Optics,C,Ty130791,MINOR,,61.9011,52.8038,4.9547,16.55,14,,4,,,,,,
80e8df22-03e2-4ba6-be0e-af5dd6de072e,Wallis Orchard Practical Shooters December USPSA Match,2023-12-17,4,bay 4 JC212,2110a344-5206-ebfa-a9ee-80bccd4236fd,Christian Canizales,39,57.93,9,67.91,Carry Optics,B,TY150265,MINOR,,61.1190,52.1367,4.8921,13.90,13,,4,1,,,1,,
80e8df22-03e2-4ba6-be0e-af5dd6de072e,Wallis Orchard Practical Shooters December USPSA Match,2023-12-17,4,bay 4 JC212,2110a344-5206-ebfa-a9ee-80bccd4236fd,Mike Kahl,40,57.02,10,66.84,Carry Optics,A,TY70984,MINOR,Super Senior,60.1595,51.3182,4.8153,15.16,16,,1,,1,,,,
80e8df22-03e2-4ba6-be0e-af5dd6de072e,Wallis Orchard Practical Shooters December USPSA Match,2023-12-17,4,bay 4 JC212,2110a344-5206-ebfa-a9ee-80bccd4236fd,Patrick Houstoun,41,56.77,11,66.55,Carry Optics,B,A148442,MINOR,Senior,59.8946,51.0923,4.7941,16.27,12,,6,,,,,,
80e8df22-03e2-4ba6-be0e-af5dd6de072e,Wallis Orchard Practical Shooters December USPSA Match,2023-12-17,4,bay 4 JC212,2110a344-5206-ebfa-a9ee-80bccd4236fd,Jeannie Marrone,42,56.48,12,74.72,Open,C,TY133357,MAJOR,Lady; Super Senior,67.2511,50.8312,4.7696,18.45,16,,2,,,,,,
80e8df22-03e2-4ba6-be0e-af5dd6de072e,Wallis Orchard Practical Shooters December USPSA Match,2023-12-17,4,bay 4 JC212,2110a344-5206-ebfa-a9ee-80bccd4236fd,Chang Qian,43,56.11,1,100.00,Production,U,A150939,MINOR,,90.0000,50.4965,4.7382,16.04,11,,7,,,,,,
80e8df22-03e2-4ba6-be0e-af5dd6de072e,Wallis Orchard Practical Shooters December USPSA Match,2023-12-17,4,bay 4 JC212,2110a344-5206-ebfa-a9ee-80bccd4236fd,Karen Brusatori,44,55.35,16,61.51,Limited Optics,C,A149998,MAJOR,Lady,55.3588,49.8176,4.6745,17.97,12,,6,,,,,,
80e8df22-03e2-4ba6-be0e-af5dd6de072e,Wallis Orchard Practical Shooters December USPSA Match,2023-12-17,4,bay 4 JC212,2110a344-5206-ebfa-a9ee-80bccd4236fd,Michael Pontious,45,54.79,17,60.89,Limited Optics,U,fy94575,MINOR,Senior,54.7987,49.3136,4.6272,15.56,10,,7,1,,,,,
80e8df22-03e2-4ba6-be0e-af5dd6de072e,Wallis Orchard Practical Shooters December USPSA Match,2023-12-17,4,bay 4 JC212,2110a344-5206-ebfa-a9ee-80bccd4236fd,David ZHANG,46,54.55,18,60.62,Limited Optics,C,FY140383,MINOR,,54.5535,49.0929,4.6065,15.63,10,,7,1,,,,,
80e8df22-03e2-4ba6-be0e-af5dd6de072e,Wallis Orchard Practical Shooters December USPSA Match,2023-12-17,4,bay 4 JC212,2110a344-5206-ebfa-a9ee-80bccd4236fd,Matthew Givens,47,53.32,19,59.25,Limited Optics,C,Ty137686,MINOR,,53.3278,47.9899,4.5030,18.21,14,,4,,,,,,
80e8df22-03e2-4ba6-be0e-af5dd6de072e,Wallis Orchard Practical Shooters December USPSA Match,2023-12-17,4,bay 4 JC212,2110a344-5206-ebfa-a9ee-80bccd4236fd,Kim Ivester,48,52.01,13,68.81,Open,B,L4935,MAJOR,Lady,61.9284,46.8080,4.3921,15.71,11,,6,,1,,,,
80e8df22-03e2-4ba6-be0e-af5dd6de072e,Wallis Orchard Practical Shooters December USPSA Match,2023-12-17,4,bay 4 JC212,2110a344-5206-ebfa-a9ee-80bccd4236fd,Don Sanders,49,51.99,14,68.79,Open,U,FY46389,MAJOR,Senior,61.9073,46.7920,4.3906,15.26,11,,5,1,1,,,,
80e8df22-03e2-4ba6-be0e-af5dd6de072e,Wallis Orchard Practical Shooters December USPSA Match,2023-12-17,4,bay 4 JC212,2110a344-5206-ebfa-a9ee-80bccd4236fd,John Ren,50,51.68,2,51.68,Limited,C,A152674,MINOR,,46.5128,46.5128,4.3644,18.33,13,,5,,,,,,
80e8df22-03e2-4ba6-be0e-af5dd6de072e,Wallis Orchard Practical Shooters December USPSA Match,2023-12-17,4,bay 4 JC212,2110a344-5206-ebfa-a9ee-80bccd4236fd,Parish Saculles,51,49.74,15,65.80,Open,U,L5316,MINOR,,59.2212,44.7618,4.2001,16.19,9,,7,2,,,,,
80e8df22-03e2-4ba6-be0e-af5dd6de072e,Wallis Orchard Practical Shooters December USPSA Match,2023-12-17,4,bay 4 JC212,2110a344-5206-ebfa-a9ee-80bccd4236fd,Gennady Khokhorin,52,49.34,2,87.94,Production,B,A123884,MINOR,Super Senior,79.1446,44.4059,4.1667,18.72,12,,6,,,,,,
80e8df22-03e2-4ba6-be0e-af5dd6de072e,Wallis Orchard Practical Shooters December USPSA Match,2023-12-17,4,bay 4 JC212,2110a344-5206-ebfa-a9ee-80bccd4236fd,Manny Fraker,53,49.20,3,87.69,Production,A,TY123776,MINOR,,78.9224,44.2812,4.1550,17.81,15,,3,,,,1,,
80e8df22-03e2-4ba6-be0e-af5dd6de072e,Wallis Orchard Practical Shooters December USPSA Match,2023-12-17,4,bay 4 JC212,2110a344-5206-ebfa-a9ee-80bccd4236fd,Robin Chen,54,47.64,12,55.85,Carry Optics,C,A152878,MINOR,Lady; Law Enforcement,50.2647,42.8776,4.0233,18.89,11,,7,,,,,,
80e8df22-03e2-4ba6-be0e-af5dd6de072e,Wallis Orchard Practical Shooters December USPSA Match,2023-12-17,4,bay 4 JC212,2110a344-5206-ebfa-a9ee-80bccd4236fd,TJ Balingit,55,46.70,13,54.74,Carry Optics,U,A151010,MINOR,,49.2702,42.0293,3.9437,21.30,15,,3,,,,,,
80e8df22-03e2-4ba6-be0e-af5dd6de072e,Wallis Orchard Practical Shooters December USPSA Match,2023-12-17,4,bay 4 JC212,2110a344-5206-ebfa-a9ee-80bccd4236fd,Marc Demeza,56,46.65,4,83.15,Production,U,TY142892,MINOR,,74.8366,41.9888,3.9399,19.29,16,,2,,,,1,,
80e8df22-03e2-4ba6-be0e-af5dd6de072e,Wallis Orchard Practical Shooters December USPSA Match,2023-12-17,4,bay 4 JC212,2110a344-5206-ebfa-a9ee-80bccd4236fd,Cliff Pinsent,57,45.76,16,60.54,Open,B,FY99321,MAJOR,Super Senior,54.4822,41.1799,3.8640,19.41,13,,5,,,,1,,
80e8df22-03e2-4ba6-be0e-af5dd6de072e,Wallis Orchard Practical Shooters December USPSA Match,2023-12-17,4,bay 4 JC212,2110a344-5206-ebfa-a9ee-80bccd4236fd,Zach Hudson,58,45.27,14,53.07,Carry Optics,C,A154012,MINOR,,47.7585,40.7397,3.8227,18.05,14,,3,,1,,,,
80e8df22-03e2-4ba6-be0e-af5dd6de072e,Wallis Orchard Practical Shooters December USPSA Match,2023-12-17,4,bay 4 JC212,2110a344-5206-ebfa-a9ee-80bccd4236fd,Kristen Day,59,44.97,3,44.97,Limited,C,TY121933,MAJOR,Lady,40.4712,40.4712,3.7975,18.17,11,,6,,1,,,,
80e8df22-03e2-4ba6-be0e-af5dd6de072e,Wallis Orchard Practical Shooters December USPSA Match,2023-12-17,4,bay 4 JC212,2110a344-5206-ebfa-a9ee-80bccd4236fd,Pocholo Dimayuga,60,42.51,4,42.51,Limited,B,A106236,MAJOR,,38.2608,38.2608,3.5901,15.32,11,,5,,2,,,,
80e8df22-03e2-4ba6-be0e-af5dd6de072e,Wallis Orchard Practical Shooters December USPSA Match,2023-12-17,4,bay 4 JC212,2110a344-5206-ebfa-a9ee-80bccd4236fd,michael Chang,61,40.83,17,54.02,Open,,,MAJOR,,48.6209,36.7496,3.4483,19.14,12,,3,2,1,,,,
80e8df22-03e2-4ba6-be0e-af5dd6de072e,Wallis Orchard Practical Shooters December USPSA Match,2023-12-17,4,bay 4 JC212,2110a344-5206-ebfa-a9ee-80bccd4236fd,Zack Book,62,40.32,5,40.32,Limited,U,,MINOR,,36.2882,36.2882,3.4050,22.32,11,,7,,,,,,
80e8df22-03e2-4ba6-be0e-af5dd6de072e,Wallis Orchard Practical Shooters December USPSA Match,2023-12-17,4,bay 4 JC212,2110a344-5206-ebfa-a9ee-80bccd4236fd,Tyler Kenny,63,39.95,15,46.84,Carry Optics,B,A148691,MINOR,,42.1528,35.9578,3.3740,13.93,14,,2,1,1,,2,,
80e8df22-03e2-4ba6-be0e-af5dd6de072e,Wallis Orchard Practical Shooters December USPSA Match,2023-12-17,4,bay 4 JC212,2110a344-5206-ebfa-a9ee-80bccd4236fd,Alex Nguyen,64,39.83,16,46.69,Carry Optics,U,A151003,MINOR,,42.0216,35.8459,3.3635,19.92,13,,4,,1,,,,
80e8df22-03e2-4ba6-be0e-af5dd6de072e,Wallis Orchard Practical Shooters December USPSA Match,2023-12-17,4,bay 4 JC212,2110a344-5206-ebfa-a9ee-80bccd4236fd,Ramil Villanueva,65,39.66,17,46.50,Carry Optics,D,A110261,MINOR,Senior,41.8479,35.6978,3.3496,16.42,9,,6,2,1,,,,
80e8df22-03e2-4ba6-be0e-af5dd6de072e,Wallis Orchard Practical Shooters December USPSA Match,2023-12-17,4,bay 4 JC212,2110a344-5206-ebfa-a9ee-80bccd4236fd,ian loyd,66,39.35,4,52.59,PCC,U,A148072,MINOR,,47.3279,35.4143,3.3230,25.88,16,,2,,,,,,
80e8df22-03e2-4ba6-be0e-af5dd6de072e,Wallis Orchard Practical Shooters December USPSA Match,2023-12-17,4,bay 4 JC212,2110a344-5206-ebfa-a9ee-80bccd4236fd,Abraham Estrada,67,38.89,18,45.59,Carry Optics,U,0,MINOR,NEW SHOOTER,41.0308,35.0008,3.2842,21.01,14,,3,,1,,,,
80e8df22-03e2-4ba6-be0e-af5dd6de072e,Wallis Orchard Practical Shooters December USPSA Match,2023-12-17,4,bay 4 JC212,2110a344-5206-ebfa-a9ee-80bccd4236fd,Allan Santiago,68,38.82,6,38.82,Limited,U,,MAJOR,,34.9347,34.9347,3.2780,25.32,11,,7,,,,,,
80e8df22-03e2-4ba6-be0e-af5dd6de072e,Wallis Orchard Practical Shooters December USPSA Match,2023-12-17,4,bay 4 JC212,2110a344-5206-ebfa-a9ee-80bccd4236fd,Lawrence Fu,69,36.94,19,43.31,Carry Optics,U,Fy142081,MINOR,,38.9782,33.2498,3.1199,18.27,10,,5,2,1,,,,
80e8df22-03e2-4ba6-be0e-af5dd6de072e,Wallis Orchard Practical Shooters December USPSA Match,2023-12-17,4,bay 4 JC212,2110a344-5206-ebfa-a9ee-80bccd4236fd,Eric Wu,70,36.67,20,40.75,Limited Optics,U,,MINOR,,36.6781,33.0068,3.0971,19.05,14,,3,,1,,1,,
80e8df22-03e2-4ba6-be0e-af5dd6de072e,Wallis Orchard Practical Shooters December USPSA Match,2023-12-17,4,bay 4 JC212,2110a344-5206-ebfa-a9ee-80bccd4236fd,Virak Meas,71,34.15,21,37.95,Limited Optics,U,Q,MINOR,Senior,34.1544,30.7357,2.8840,15.95,10,,5,1,2,,,,
80e8df22-03e2-4ba6-be0e-af5dd6de072e,Wallis Orchard Practical Shooters December USPSA Match,2023-12-17,4,bay 4 JC212,2110a344-5206-ebfa-a9ee-80bccd4236fd,Loren Brusatori,72,33.77,18,44.68,Open,C,A149999,MINOR,,40.2131,30.3947,2.8520,22.09,11,,6,,1,,,,
80e8df22-03e2-4ba6-be0e-af5dd6de072e,Wallis Orchard Practical Shooters December USPSA Match,2023-12-17,4,bay 4 JC212,2110a344-5206-ebfa-a9ee-80bccd4236fd,Jeremiah Hunt,73,31.55,22,35.06,Limited Optics,C,A148592,MINOR,,31.5561,28.3975,2.6646,19.14,11,,5,1,1,,1,,
80e8df22-03e2-4ba6-be0e-af5dd6de072e,Wallis Orchard Practical Shooters December USPSA Match,2023-12-17,4,bay 4 JC212,2110a344-5206-ebfa-a9ee-80bccd4236fd,Kexin Bai,74,29.75,19,39.36,Open,U,A155638,MAJOR,Foreign,35.4247,26.7755,2.5124,24.28,13,,4,,1,,1,,
80e8df22-03e2-4ba6-be0e-af5dd6de072e,Wallis Orchard Practical Shooters December USPSA Match,2023-12-17,4,bay 4 JC212,2110a344-5206-ebfa-a9ee-80bccd4236fd,Chris Eisenhour,75,28.96,5,51.62,Production,D,A155073,MINOR,NEW SHOOTER,46.4569,26.0657,2.4458,17.99,14,,1,1,2,,1,,
80e8df22-03e2-4ba6-be0e-af5dd6de072e,Wallis Orchard Practical Shooters December USPSA Match,2023-12-17,4,bay 4 JC212,2110a344-5206-ebfa-a9ee-80bccd4236fd,Andrew Philip,76,22.93,23,25.48,Limited Optics,U,A153653,MINOR,Senior,22.9287,20.6336,1.9361,20.66,11,,5,,2,,,1,
80e8df22-03e2-4ba6-be0e-af5dd6de072e,Wallis Orchard Practical Shooters December USPSA Match,2023-12-17,4,bay 4 JC212,2110a344-5206-ebfa-a9ee-80bccd4236fd,Albert Legislador,77,21.59,20,25.31,Carry Optics,U,TY91787,MINOR,NEW SHOOTER,22.7780,19.4304,1.8232,25.23,14,,2,,2,,,1,
80e8df22-03e2-4ba6-be0e-af5dd6de072e,Wallis Orchard Practical Shooters December USPSA Match,2023-12-17,4,bay 4 JC212,2110a344-5206-ebfa-a9ee-80bccd4236fd,Robert Bui,78,15.59,5,20.84,PCC,U,A103016,MINOR,,18.7546,14.0336,1.3168,65.31,16,,2,,,,,,
80e8df22-03e2-4ba6-be0e-af5dd6de072e,Wallis Orchard Practical Shooters December USPSA Match,2023-12-17,4,bay 4 JC212,2110a344-5206-ebfa-a9ee-80bccd4236fd,CHAN WILLIAM,79,14.16,24,15.74,Limited Optics,U,,MINOR,,14.1639,12.7462,1.1960,10.87,11,,2,2,3,,2,,
80e8df22-03e2-4ba6-be0e-af5dd6de072e,Wallis Orchard Practical Shooters December USPSA Match,2023-12-17,4,bay 4 JC212,2110a344-5206-ebfa-a9ee-80bccd4236fd,Ann Marquez,80,2.18,21,2.55,Carry Optics,U,,MINOR,NEW SHOOTER,2.2950,1.9577,0.1837,32.66,8,,5,1,4,,1,,
80e8df22-03e2-4ba6-be0e-af5dd6de072e,Wallis Orchard Practical Shooters December USPSA Match,2023-12-17,4,bay 4 JC212,2110a344-5206-ebfa-a9ee-80bccd4236fd,Valentina Bozzetti,81,1.91,22,2.24,Carry Optics,U,,MINOR,Lady,2.0164,1.7201,0.1614,30.97,8,,4,3,3,,2,,
80e8df22-03e2-4ba6-be0e-af5dd6de072e,Wallis Orchard Practical Shooters December USPSA Match,2023-12-17,4,bay 4 JC212,2110a344-5206-ebfa-a9ee-80bccd4236fd,Pat Byrne,82,0.00,1,0.00,Single Stack,B,Fy93921,MINOR,Super Senior,0.0000,0.0000,,,,,,,,,,,
80e8df22-03e2-4ba6-be0e-af5dd6de072e,Wallis Orchard Practical Shooters December USPSA Match,2023-12-17,5,Grinch stole your Memory,da085fc8-eb97-2570-90aa-64837ad83ee9,Bobby Ivester,1,100.00,1,100.00,Open,M,A101336,MAJOR,,140.0000,140.0000,7.9044,16.32,17,,11,,,,,,
80e8df22-03e2-4ba6-be0e-af5dd6de072e,Wallis Orchard Practical Shooters December USPSA Match,2023-12-17,5,Grinch stole your Memory,da085fc8-eb97-2570-90aa-64837ad83ee9,Vinh Lam,2,95.38,1,100.00,Limited,M,TY101025,MAJOR,,140.0000,133.5264,7.5389,16.05,13,,13,2,,,,,
80e8df22-03e2-4ba6-be0e-af5dd6de072e,Wallis Orchard Practical Shooters December USPSA Match,2023-12-17,5,Grinch stole your Memory,da085fc8-eb97-2570-90aa-64837ad83ee9,wade pruetz,3,92.50,2,92.50,Open,A,pending,MAJOR,Senior,129.4988,129.4988,7.3115,17.37,15,,13,,,,,,
80e8df22-03e2-4ba6-be0e-af5dd6de072e,Wallis Orchard Practical Shooters December USPSA Match,2023-12-17,5,Grinch stole your Memory,da085fc8-eb97-2570-90aa-64837ad83ee9,Chris Snow,4,89.08,3,89.08,Open,U,Ty107262,MINOR,,124.7148,124.7148,7.0414,16.19,17,,9,2,,,,,
80e8df22-03e2-4ba6-be0e-af5dd6de072e,Wallis Orchard Practical Shooters December USPSA Match,2023-12-17,5,Grinch stole your Memory,da085fc8-eb97-2570-90aa-64837ad83ee9,Jim Havens,5,88.01,1,100.00,Limited Optics,M,TY114636,MINOR,Senior,140.0000,123.2111,6.9565,18.40,22,,6,,,,,,
80e8df22-03e2-4ba6-be0e-af5dd6de072e,Wallis Orchard Practical Shooters December USPSA Match,2023-12-17,5,Grinch stole your Memory,da085fc8-eb97-2570-90aa-64837ad83ee9,Jack LIU,6,87.96,1,100.00,PCC,A,l6156,MINOR,Law Enforcement,140.0000,123.1403,6.9525,17.26,20,,6,2,,,,,
80e8df22-03e2-4ba6-be0e-af5dd6de072e,Wallis Orchard Practical Shooters December USPSA Match,2023-12-17,5,Grinch stole your Memory,da085fc8-eb97-2570-90aa-64837ad83ee9,Anthony Fong,7,85.32,2,96.95,Limited Optics,M,A142224,MINOR,,135.7254,119.4492,6.7441,18.09,21,,5,2,,,,,
80e8df22-03e2-4ba6-be0e-af5dd6de072e,Wallis Orchard Practical Shooters December USPSA Match,2023-12-17,5,Grinch stole your Memory,da085fc8-eb97-2570-90aa-64837ad83ee9,Michael Hanover,8,84.57,3,96.09,Limited Optics,A,A146302,MINOR,,134.5240,118.3918,6.6844,18.85,21,,7,,,,,,
80e8df22-03e2-4ba6-be0e-af5dd6de072e,Wallis Orchard Practical Shooters December USPSA Match,2023-12-17,5,Grinch stole your Memory,da085fc8-eb97-2570-90aa-64837ad83ee9,Jason Wells,9,84.20,4,95.67,Limited Optics,U,L5218,MINOR,,133.9403,117.8781,6.6554,17.73,17,,11,,,,,,
80e8df22-03e2-4ba6-be0e-af5dd6de072e,Wallis Orchard Practical Shooters December USPSA Match,2023-12-17,5,Grinch stole your Memory,da085fc8-eb97-2570-90aa-64837ad83ee9,Qingbang Cai,10,83.66,1,100.00,Carry Optics,A,A148273,MINOR,,140.0000,117.1307,6.6132,19.96,24,,4,,,,,,
80e8df22-03e2-4ba6-be0e-af5dd6de072e,Wallis Orchard Practical Shooters December USPSA Match,2023-12-17,5,Grinch stole your Memory,da085fc8-eb97-2570-90aa-64837ad83ee9,Zachary Ralston,11,82.89,2,99.08,Carry Optics,A,A123081,MINOR,,138.7108,116.0521,6.5523,19.23,22,,5,1,,,,,
80e8df22-03e2-4ba6-be0e-af5dd6de072e,Wallis Orchard Practical Shooters December USPSA Match,2023-12-17,5,Grinch stole your Memory,da085fc8-eb97-2570-90aa-64837ad83ee9,Jerry Bedro,12,81.84,4,81.84,Open,C,A98263,MAJOR,,114.5696,114.5696,6.4686,20.87,23,,5,,,,,,
80e8df22-03e2-4ba6-be0e-af5dd6de072e,Wallis Orchard Practical Shooters December USPSA Match,2023-12-17,5,Grinch stole your Memory,da085fc8-eb97-2570-90aa-64837ad83ee9,Edwin Garcia,13,81.77,2,92.97,PCC,M,Ty38396,MINOR,,130.1532,114.4793,6.4635,19.03,26,,1,,1,,,,
80e8df22-03e2-4ba6-be0e-af5dd6de072e,Wallis Orchard Practical Shooters December USPSA Match,2023-12-17,5,Grinch stole your Memory,da085fc8-eb97-2570-90aa-64837ad83ee9,Khoa Nguyen,14,80.23,5,91.17,Limited Optics,A,A117224,MINOR,Law Enforcement,127.6331,112.3273,6.3420,17.66,17,,8,3,,,,,
80e8df22-03e2-4ba6-be0e-af5dd6de072e,Wallis Orchard Practical Shooters December USPSA Match,2023-12-17,5,Grinch stole your Memory,da085fc8-eb97-2570-90aa-64837ad83ee9,Travis McKenzie,15,78.46,6,89.15,Limited Optics,U,L6340,MINOR,,124.8076,109.8406,6.2016,18.06,16,,10,2,,,,,
80e8df22-03e2-4ba6-be0e-af5dd6de072e,Wallis Orchard Practical Shooters December USPSA Match,2023-12-17,5,Grinch stole your Memory,da085fc8-eb97-2570-90aa-64837ad83ee9,Andrew Whitley,16,78.32,5,78.32,Open,A,TY106649,MAJOR,,109.6475,109.6475,6.1907,20.03,14,,13,1,,,,,
80e8df22-03e2-4ba6-be0e-af5dd6de072e,Wallis Orchard Practical Shooters December USPSA Match,2023-12-17,5,Grinch stole your Memory,da085fc8-eb97-2570-90aa-64837ad83ee9,Brandon Foss,17,75.53,3,90.28,Carry Optics,M,L5142,MINOR,,126.3857,105.7403,5.9701,17.42,24,,1,1,2,,,,
80e8df22-03e2-4ba6-be0e-af5dd6de072e,Wallis Orchard Practical Shooters December USPSA Match,2023-12-17,5,Grinch stole your Memory,da085fc8-eb97-2570-90aa-64837ad83ee9,Kim Ivester,18,73.78,6,73.78,Open,B,L4935,MAJOR,Lady,103.2961,103.2961,5.8321,21.09,13,,14,1,,,,,
80e8df22-03e2-4ba6-be0e-af5dd6de072e,Wallis Orchard Practical Shooters December USPSA Match,2023-12-17,5,Grinch stole your Memory,da085fc8-eb97-2570-90aa-64837ad83ee9,Peter Kirchner,19,73.55,4,87.91,Carry Optics,A,TY105743,MINOR,,123.0684,102.9649,5.8134,21.33,20,,8,,,,,,
80e8df22-03e2-4ba6-be0e-af5dd6de072e,Wallis Orchard Practical Shooters December USPSA Match,2023-12-17,5,Grinch stole your Memory,da085fc8-eb97-2570-90aa-64837ad83ee9,Chez Chike-Udenze,20,73.32,7,83.31,Limited Optics,M,A138598,MINOR,,116.6328,102.6461,5.7954,16.91,10,,15,3,,,,,
80e8df22-03e2-4ba6-be0e-af5dd6de072e,Wallis Orchard Practical Shooters December USPSA Match,2023-12-17,5,Grinch stole your Memory,da085fc8-eb97-2570-90aa-64837ad83ee9,Gary Wu,21,72.76,8,82.68,Limited Optics,C,L2998,MINOR,Senior,115.7473,101.8668,5.7514,21.56,21,,6,1,,,,,
80e8df22-03e2-4ba6-be0e-af5dd6de072e,Wallis Orchard Practical Shooters December USPSA Match,2023-12-17,5,Grinch stole your Memory,da085fc8-eb97-2570-90aa-64837ad83ee9,Antoio Tormis,22,72.63,7,72.63,Open,C,,MAJOR,,101.6773,101.6773,5.7407,21.60,16,,10,2,,,,,
80e8df22-03e2-4ba6-be0e-af5dd6de072e,Wallis Orchard Practical Shooters December USPSA Match,2023-12-17,5,Grinch stole your Memory,da085fc8-eb97-2570-90aa-64837ad83ee9,Michael Whitley,23,72.43,9,82.30,Limited Optics,U,A111091,MINOR,,115.2160,101.3992,5.7250,21.31,19,,9,,,,,,
80e8df22-03e2-4ba6-be0e-af5dd6de072e,Wallis Orchard Practical Shooters December USPSA Match,2023-12-17,5,Grinch stole your Memory,da085fc8-eb97-2570-90aa-64837ad83ee9,Adam Bandiera,24,72.19,5,86.28,Carry Optics,B,A148375,MINOR,,120.7969,101.0645,5.7061,17.35,15,,11,1,1,,,,
80e8df22-03e2-4ba6-be0e-af5dd6de072e,Wallis Orchard Practical Shooters December USPSA Match,2023-12-17,5,Grinch stole your Memory,da085fc8-eb97-2570-90aa-64837ad83ee9,Michael Kiesewetter,25,70.92,8,70.92,Open,U,ty118153,MAJOR,,99.2862,99.2862,5.6057,21.05,20,,7,,1,,,,
80e8df22-03e2-4ba6-be0e-af5dd6de072e,Wallis Orchard Practical Shooters December USPSA Match,2023-12-17,5,Grinch stole your Memory,da085fc8-eb97-2570-90aa-64837ad83ee9,Christian Canizales,26,67.87,6,81.12,Carry Optics,B,TY150265,MINOR,,113.5695,95.0177,5.3647,21.25,17,,9,2,,,,,
80e8df22-03e2-4ba6-be0e-af5dd6de072e,Wallis Orchard Practical Shooters December USPSA Match,2023-12-17,5,Grinch stole your Memory,da085fc8-eb97-2570-90aa-64837ad83ee9,AJ Jackson,27,67.10,10,76.24,Limited Optics,U,TY81745,MINOR,,106.7393,93.9391,5.3038,20.74,14,,13,1,,,,,
80e8df22-03e2-4ba6-be0e-af5dd6de072e,Wallis Orchard Practical Shooters December USPSA Match,2023-12-17,5,Grinch stole your Memory,da085fc8-eb97-2570-90aa-64837ad83ee9,Jason Wilson,28,65.52,11,74.45,Limited Optics,U,A94696,MINOR,,104.2237,91.7251,5.1788,24.33,21,,7,,,,,,
80e8df22-03e2-4ba6-be0e-af5dd6de072e,Wallis Orchard Practical Shooters December USPSA Match,2023-12-17,5,Grinch stole your Memory,da085fc8-eb97-2570-90aa-64837ad83ee9,Andy Chen,29,64.12,12,72.86,Limited Optics,A,A86721,MINOR,,102.0039,89.7715,5.0685,21.90,20,,7,,1,,,,
80e8df22-03e2-4ba6-be0e-af5dd6de072e,Wallis Orchard Practical Shooters December USPSA Match,2023-12-17,5,Grinch stole your Memory,da085fc8-eb97-2570-90aa-64837ad83ee9,Doug Joder,30,63.91,3,72.66,PCC,B,TY115020,MINOR,,101.7182,89.4687,5.0514,23.36,18,,9,1,,,,,
80e8df22-03e2-4ba6-be0e-af5dd6de072e,Wallis Orchard Practical Shooters December USPSA Match,2023-12-17,5,Grinch stole your Memory,da085fc8-eb97-2570-90aa-64837ad83ee9,Jeannie Marrone,31,63.18,9,63.18,Open,C,TY133357,MAJOR,Lady; Super Senior,88.4555,88.4555,4.9942,25.83,19,,8,1,,,,,
80e8df22-03e2-4ba6-be0e-af5dd6de072e,Wallis Orchard Practical Shooters December USPSA Match,2023-12-17,5,Grinch stole your Memory,da085fc8-eb97-2570-90aa-64837ad83ee9,David Young,32,62.34,7,74.51,Carry Optics,C,Ty130791,MINOR,,104.3162,87.2759,4.9276,25.57,21,,7,,,,,,
80e8df22-03e2-4ba6-be0e-af5dd6de072e,Wallis Orchard Practical Shooters December USPSA Match,2023-12-17,5,Grinch stole your Memory,da085fc8-eb97-2570-90aa-64837ad83ee9,August Balagtas,33,62.05,13,70.50,Limited Optics,U,L3674,MINOR,,98.7014,86.8650,4.9044,20.39,12,,12,4,,,,,
80e8df22-03e2-4ba6-be0e-af5dd6de072e,Wallis Orchard Practical Shooters December USPSA Match,2023-12-17,5,Grinch stole your Memory,da085fc8-eb97-2570-90aa-64837ad83ee9,Drew Yang,34,60.20,8,71.95,Carry Optics,C,0,MINOR,,100.7279,84.2738,4.7581,25.22,19,,8,1,,,,,
80e8df22-03e2-4ba6-be0e-af5dd6de072e,Wallis Orchard Practical Shooters December USPSA Match,2023-12-17,5,Grinch stole your Memory,da085fc8-eb97-2570-90aa-64837ad83ee9,Roman Gwiscz,35,59.08,9,70.62,Carry Optics,A,L4670,MINOR,,98.8650,82.7152,4.6701,19.70,10,,12,6,,,,,
80e8df22-03e2-4ba6-be0e-af5dd6de072e,Wallis Orchard Practical Shooters December USPSA Match,2023-12-17,5,Grinch stole your Memory,da085fc8-eb97-2570-90aa-64837ad83ee9,Matthew Lem,36,58.77,14,66.78,Limited Optics,U,FY34763,MINOR,Senior; Law Enforcement,93.4910,82.2795,4.6455,20.45,13,,13,1,1,,,,
80e8df22-03e2-4ba6-be0e-af5dd6de072e,Wallis Orchard Practical Shooters December USPSA Match,2023-12-17,5,Grinch stole your Memory,da085fc8-eb97-2570-90aa-64837ad83ee9,Patrick Houstoun,37,57.60,10,68.84,Carry Optics,B,A148442,MINOR,Senior,96.3818,80.6376,4.5528,24.60,17,,8,3,,,,,
80e8df22-03e2-4ba6-be0e-af5dd6de072e,Wallis Orchard Practical Shooters December USPSA Match,2023-12-17,5,Grinch stole your Memory,da085fc8-eb97-2570-90aa-64837ad83ee9,Gennady Khokhorin,38,55.91,1,100.00,Production,B,A123884,MINOR,Super Senior,140.0000,78.2767,4.4195,26.70,18,,9,1,,,,,
80e8df22-03e2-4ba6-be0e-af5dd6de072e,Wallis Orchard Practical Shooters December USPSA Match,2023-12-17,5,Grinch stole your Memory,da085fc8-eb97-2570-90aa-64837ad83ee9,Mike Junco,39,55.43,15,62.99,Limited Optics,U,TY34819,MINOR,Senior; Law Enforcement,88.1840,77.6089,4.3818,19.17,18,,8,,2,,,1,
80e8df22-03e2-4ba6-be0e-af5dd6de072e,Wallis Orchard Practical Shooters December USPSA Match,2023-12-17,5,Grinch stole your Memory,da085fc8-eb97-2570-90aa-64837ad83ee9,Manny Fraker,40,54.32,2,97.15,Production,A,TY123776,MINOR,,136.0086,76.0450,4.2935,25.62,15,,11,2,,,,,
80e8df22-03e2-4ba6-be0e-af5dd6de072e,Wallis Orchard Practical Shooters December USPSA Match,2023-12-17,5,Grinch stole your Memory,da085fc8-eb97-2570-90aa-64837ad83ee9,Karen Brusatori,41,53.80,16,61.14,Limited Optics,C,A149998,MAJOR,Lady,85.5899,75.3259,4.2529,26.57,17,,9,1,1,,,,
80e8df22-03e2-4ba6-be0e-af5dd6de072e,Wallis Orchard Practical Shooters December USPSA Match,2023-12-17,5,Grinch stole your Memory,da085fc8-eb97-2570-90aa-64837ad83ee9,Robin Chen,42,52.84,11,63.16,Carry Optics,C,A152878,MINOR,Lady; Law Enforcement,88.4198,73.9763,4.1767,29.21,20,,7,1,,,,,
80e8df22-03e2-4ba6-be0e-af5dd6de072e,Wallis Orchard Practical Shooters December USPSA Match,2023-12-17,5,Grinch stole your Memory,da085fc8-eb97-2570-90aa-64837ad83ee9,Kristen Day,43,52.03,2,54.55,Limited,C,TY121933,MAJOR,Lady,76.3743,72.8427,4.1127,26.26,16,,8,3,1,,,,
80e8df22-03e2-4ba6-be0e-af5dd6de072e,Wallis Orchard Practical Shooters December USPSA Match,2023-12-17,5,Grinch stole your Memory,da085fc8-eb97-2570-90aa-64837ad83ee9,Eric Wu,44,49.85,17,56.64,Limited Optics,U,,MINOR,,79.2988,69.7892,3.9403,26.14,18,,7,2,1,,,,
80e8df22-03e2-4ba6-be0e-af5dd6de072e,Wallis Orchard Practical Shooters December USPSA Match,2023-12-17,5,Grinch stole your Memory,da085fc8-eb97-2570-90aa-64837ad83ee9,Jaramillo Avila,45,47.83,10,47.83,Open,U,,MINOR,Law Enforcement,66.9571,66.9571,3.7804,30.42,22,,5,,1,,,,
80e8df22-03e2-4ba6-be0e-af5dd6de072e,Wallis Orchard Practical Shooters December USPSA Match,2023-12-17,5,Grinch stole your Memory,da085fc8-eb97-2570-90aa-64837ad83ee9,Abrahan Figueroa,46,47.36,11,47.36,Open,C,TY54053,MAJOR,Senior,66.3089,66.3089,3.7438,34.19,18,,9,1,,,,,
80e8df22-03e2-4ba6-be0e-af5dd6de072e,Wallis Orchard Practical Shooters December USPSA Match,2023-12-17,5,Grinch stole your Memory,da085fc8-eb97-2570-90aa-64837ad83ee9,Matthew Givens,47,47.07,18,53.49,Limited Optics,C,Ty137686,MINOR,,74.8833,65.9033,3.7209,34.40,22,,6,,,,,,
80e8df22-03e2-4ba6-be0e-af5dd6de072e,Wallis Orchard Practical Shooters December USPSA Match,2023-12-17,5,Grinch stole your Memory,da085fc8-eb97-2570-90aa-64837ad83ee9,Albert Legislador,48,46.94,12,56.10,Carry Optics,U,TY91787,MINOR,NEW SHOOTER,78.5441,65.7138,3.7102,28.57,14,,11,3,,,,,
80e8df22-03e2-4ba6-be0e-af5dd6de072e,Wallis Orchard Practical Shooters December USPSA Match,2023-12-17,5,Grinch stole your Memory,da085fc8-eb97-2570-90aa-64837ad83ee9,Cliff Pinsent,49,45.67,12,45.67,Open,B,FY99321,MAJOR,Super Senior,63.9408,63.9408,3.6101,24.93,16,,10,,2,,,1,
80e8df22-03e2-4ba6-be0e-af5dd6de072e,Wallis Orchard Practical Shooters December USPSA Match,2023-12-17,5,Grinch stole your Memory,da085fc8-eb97-2570-90aa-64837ad83ee9,Chris Eisenhour,50,44.43,3,79.47,Production,D,A155073,MINOR,NEW SHOOTER,111.2619,62.2086,3.5123,30.18,16,,7,5,,,,,
80e8df22-03e2-4ba6-be0e-af5dd6de072e,Wallis Orchard Practical Shooters December USPSA Match,2023-12-17,5,Grinch stole your Memory,da085fc8-eb97-2570-90aa-64837ad83ee9,Ramil Villanueva,51,44.08,13,52.69,Carry Optics,D,A110261,MINOR,Senior,73.7661,61.7163,3.4845,26.69,14,,10,3,1,,,,
80e8df22-03e2-4ba6-be0e-af5dd6de072e,Wallis Orchard Practical Shooters December USPSA Match,2023-12-17,5,Grinch stole your Memory,da085fc8-eb97-2570-90aa-64837ad83ee9,Virak Meas,52,43.75,19,49.71,Limited Optics,U,Q,MINOR,Senior,69.5965,61.2504,3.4582,24.29,15,,9,2,2,,,,
80e8df22-03e2-4ba6-be0e-af5dd6de072e,Wallis Orchard Practical Shooters December USPSA Match,2023-12-17,5,Grinch stole your Memory,da085fc8-eb97-2570-90aa-64837ad83ee9,Pocholo Dimayuga,53,41.91,3,43.95,Limited,B,A106236,MAJOR,,61.5254,58.6805,3.3131,24.75,12,,7,7,2,,,,
80e8df22-03e2-4ba6-be0e-af5dd6de072e,Wallis Orchard Practical Shooters December USPSA Match,2023-12-17,5,Grinch stole your Memory,da085fc8-eb97-2570-90aa-64837ad83ee9,Allan Santiago,54,41.82,4,43.85,Limited,U,,MAJOR,,61.3936,58.5547,3.3060,36.60,15,,10,3,,,,,
80e8df22-03e2-4ba6-be0e-af5dd6de072e,Wallis Orchard Practical Shooters December USPSA Match,2023-12-17,5,Grinch stole your Memory,da085fc8-eb97-2570-90aa-64837ad83ee9,TJ Balingit,55,41.34,14,49.42,Carry Optics,U,A151010,MINOR,,69.1828,57.8817,3.2680,33.66,15,,11,2,,,,,
80e8df22-03e2-4ba6-be0e-af5dd6de072e,Wallis Orchard Practical Shooters December USPSA Match,2023-12-17,5,Grinch stole your Memory,da085fc8-eb97-2570-90aa-64837ad83ee9,Chang Qian,56,40.86,4,73.09,Production,U,A150939,MINOR,,102.3193,57.2086,3.2300,23.22,15,,10,,3,,,,
80e8df22-03e2-4ba6-be0e-af5dd6de072e,Wallis Orchard Practical Shooters December USPSA Match,2023-12-17,5,Grinch stole your Memory,da085fc8-eb97-2570-90aa-64837ad83ee9,Michael Pontious,57,40.71,20,46.26,Limited Optics,U,fy94575,MINOR,Senior,64.7584,56.9926,3.2178,24.24,11,,14,1,2,,,,
80e8df22-03e2-4ba6-be0e-af5dd6de072e,Wallis Orchard Practical Shooters December USPSA Match,2023-12-17,5,Grinch stole your Memory,da085fc8-eb97-2570-90aa-64837ad83ee9,Andrew Philip,58,39.46,21,44.83,Limited Optics,U,A153653,MINOR,Senior,62.7660,55.2391,3.1188,40.40,23,,3,2,,,,,
80e8df22-03e2-4ba6-be0e-af5dd6de072e,Wallis Orchard Practical Shooters December USPSA Match,2023-12-17,5,Grinch stole your Memory,da085fc8-eb97-2570-90aa-64837ad83ee9,CHAN WILLIAM,59,39.41,22,44.78,Limited Optics,U,,MINOR,,62.6855,55.1683,3.1148,24.40,14,,7,5,2,,,,
80e8df22-03e2-4ba6-be0e-af5dd6de072e,Wallis Orchard Practical Shooters December USPSA Match,2023-12-17,5,Grinch stole your Memory,da085fc8-eb97-2570-90aa-64837ad83ee9,Don Sanders,60,38.85,13,38.85,Open,U,FY46389,MAJOR,Senior,54.3889,54.3889,3.0708,32.89,11,,12,4,1,,,,
80e8df22-03e2-4ba6-be0e-af5dd6de072e,Wallis Orchard Practical Shooters December USPSA Match,2023-12-17,5,Grinch stole your Memory,da085fc8-eb97-2570-90aa-64837ad83ee9,Marc Demeza,61,37.68,5,67.39,Production,U,TY142892,MINOR,,94.3428,52.7488,2.9782,32.57,16,,8,3,1,,,,
80e8df22-03e2-4ba6-be0e-af5dd6de072e,Wallis Orchard Practical Shooters December USPSA Match,2023-12-17,5,Grinch stole your Memory,da085fc8-eb97-2570-90aa-64837ad83ee9,Loren Brusatori,62,37.68,14,37.68,Open,C,A149999,MINOR,,52.7488,52.7488,2.9782,38.95,18,,8,2,,,,,
80e8df22-03e2-4ba6-be0e-af5dd6de072e,Wallis Orchard Practical Shooters December USPSA Match,2023-12-17,5,Grinch stole your Memory,da085fc8-eb97-2570-90aa-64837ad83ee9,David ZHANG,63,37.31,23,42.39,Limited Optics,C,FY140383,MINOR,,59.3528,52.2352,2.9492,22.04,17,,6,2,3,,,1,
80e8df22-03e2-4ba6-be0e-af5dd6de072e,Wallis Orchard Practical Shooters December USPSA Match,2023-12-17,5,Grinch stole your Memory,da085fc8-eb97-2570-90aa-64837ad83ee9,Tyler Kenny,64,37.17,15,44.43,Carry Optics,B,A148691,MINOR,,62.2011,52.0404,2.9382,19.74,19,,4,1,4,,,1,
80e8df22-03e2-4ba6-be0e-af5dd6de072e,Wallis Orchard Practical Shooters December USPSA Match,2023-12-17,5,Grinch stole your Memory,da085fc8-eb97-2570-90aa-64837ad83ee9,Zach Hudson,65,36.49,16,43.61,Carry Optics,C,A154012,MINOR,,61.0600,51.0857,2.8843,30.51,20,,6,,2,,,1,
80e8df22-03e2-4ba6-be0e-af5dd6de072e,Wallis Orchard Practical Shooters December USPSA Match,2023-12-17,5,Grinch stole your Memory,da085fc8-eb97-2570-90aa-64837ad83ee9,John Ren,66,35.98,5,37.72,Limited,C,A152674,MINOR,,52.8104,50.3684,2.8438,32.00,14,,9,4,1,,,,
80e8df22-03e2-4ba6-be0e-af5dd6de072e,Wallis Orchard Practical Shooters December USPSA Match,2023-12-17,5,Grinch stole your Memory,da085fc8-eb97-2570-90aa-64837ad83ee9,Rene Zalamea,67,35.32,15,35.32,Open,C,A66891,MAJOR,Senior,49.4492,49.4492,2.7919,23.64,14,,8,2,4,,,,
80e8df22-03e2-4ba6-be0e-af5dd6de072e,Wallis Orchard Practical Shooters December USPSA Match,2023-12-17,5,Grinch stole your Memory,da085fc8-eb97-2570-90aa-64837ad83ee9,Zack Book,68,33.60,6,35.23,Limited,U,,MINOR,,49.3173,47.0368,2.6557,32.76,12,,11,4,1,,,,
80e8df22-03e2-4ba6-be0e-af5dd6de072e,Wallis Orchard Practical Shooters December USPSA Match,2023-12-17,5,Grinch stole your Memory,da085fc8-eb97-2570-90aa-64837ad83ee9,Abraham Estrada,69,32.82,17,39.22,Carry Optics,U,0,MINOR,NEW SHOOTER,54.9144,45.9440,2.5940,26.60,17,,8,,3,,,1,
80e8df22-03e2-4ba6-be0e-af5dd6de072e,Wallis Orchard Practical Shooters December USPSA Match,2023-12-17,5,Grinch stole your Memory,da085fc8-eb97-2570-90aa-64837ad83ee9,Mike Kahl,70,32.68,18,39.06,Carry Optics,A,TY70984,MINOR,Super Senior,54.6815,45.7492,2.5830,21.68,17,,7,,4,,,1,
80e8df22-03e2-4ba6-be0e-af5dd6de072e,Wallis Orchard Practical Shooters December USPSA Match,2023-12-17,5,Grinch stole your Memory,da085fc8-eb97-2570-90aa-64837ad83ee9,Alex Nguyen,71,30.74,19,36.74,Carry Optics,U,A151003,MINOR,,51.4383,43.0358,2.4298,26.34,11,,12,3,2,,,1,
80e8df22-03e2-4ba6-be0e-af5dd6de072e,Wallis Orchard Practical Shooters December USPSA Match,2023-12-17,5,Grinch stole your Memory,da085fc8-eb97-2570-90aa-64837ad83ee9,Lawrence Fu,72,27.44,20,32.80,Carry Optics,U,Fy142081,MINOR,,45.9151,38.4148,2.1689,30.43,8,,14,4,2,,,,
80e8df22-03e2-4ba6-be0e-af5dd6de072e,Wallis Orchard Practical Shooters December USPSA Match,2023-12-17,5,Grinch stole your Memory,da085fc8-eb97-2570-90aa-64837ad83ee9,Arnold Gee,73,26.84,16,26.84,Open,B,Ty103519,MAJOR,Senior,37.5753,37.5753,2.1215,20.74,14,,7,3,4,,,2,
80e8df22-03e2-4ba6-be0e-af5dd6de072e,Wallis Orchard Practical Shooters December USPSA Match,2023-12-17,5,Grinch stole your Memory,da085fc8-eb97-2570-90aa-64837ad83ee9,Kexin Bai,74,26.22,17,26.22,Open,U,A155638,MAJOR,Foreign,36.7109,36.7109,2.0727,35.22,17,,6,2,3,,,1,
80e8df22-03e2-4ba6-be0e-af5dd6de072e,Wallis Orchard Practical Shooters December USPSA Match,2023-12-17,5,Grinch stole your Memory,da085fc8-eb97-2570-90aa-64837ad83ee9,Robert Bui,75,25.84,4,29.38,PCC,U,A103016,MINOR,,41.1311,36.1778,2.0426,56.79,18,,8,2,,,,,
80e8df22-03e2-4ba6-be0e-af5dd6de072e,Wallis Orchard Practical Shooters December USPSA Match,2023-12-17,5,Grinch stole your Memory,da085fc8-eb97-2570-90aa-64837ad83ee9,Pat Byrne,76,23.03,1,100.00,Single Stack,B,Fy93921,MINOR,Super Senior,140.0000,32.2405,1.8203,26.37,15,,7,2,4,,,1,
80e8df22-03e2-4ba6-be0e-af5dd6de072e,Wallis Orchard Practical Shooters December USPSA Match,2023-12-17,5,Grinch stole your Memory,da085fc8-eb97-2570-90aa-64837ad83ee9,Jeremiah Hunt,77,17.53,24,19.92,Limited Optics,C,A148592,MINOR,,27.8833,24.5395,1.3855,28.87,16,,6,2,4,,,2,
80e8df22-03e2-4ba6-be0e-af5dd6de072e,Wallis Orchard Practical Shooters December USPSA Match,2023-12-17,5,Grinch stole your Memory,da085fc8-eb97-2570-90aa-64837ad83ee9,ian loyd,78,17.23,5,19.59,PCC,U,A148072,MINOR,,27.4241,24.1215,1.3619,29.37,15,,8,1,4,,,2,
80e8df22-03e2-4ba6-be0e-af5dd6de072e,Wallis Orchard Practical Shooters December USPSA Match,2023-12-17,5,Grinch stole your Memory,da085fc8-eb97-2570-90aa-64837ad83ee9,Parish Saculles,79,15.77,18,15.77,Open,U,L5316,MINOR,,22.0758,22.0758,1.2464,24.07,4,,15,5,4,,,,
80e8df22-03e2-4ba6-be0e-af5dd6de072e,Wallis Orchard Practical Shooters December USPSA Match,2023-12-17,5,Grinch stole your Memory,da085fc8-eb97-2570-90aa-64837ad83ee9,michael Chang,80,0.00,19,0.00,Open,,,MAJOR,,0.0000,0.0000,0.0000,30.39,7,,8,5,8,,,1,
80e8df22-03e2-4ba6-be0e-af5dd6de072e,Wallis Orchard Practical Shooters December USPSA Match,2023-12-17,5,Grinch stole your Memory,da085fc8-eb97-2570-90aa-64837ad83ee9,Valentina Bozzetti,81,0.00,21,0.00,Carry Optics,U,,MINOR,Lady,0.0000,0.0000,0.0000,45.19,4,,13,4,7,,,,
80e8df22-03e2-4ba6-be0e-af5dd6de072e,Wallis Orchard Practical Shooters December USPSA Match,2023-12-17,5,Grinch stole your Memory,da085fc8-eb97-2570-90aa-64837ad83ee9,Ann Marquez,82,0.00,22,0.00,Carry Optics,U,,MINOR,NEW SHOOTER,0.0000,0.0000,0.0000,62.61,6,,7,5,10,,,,
80e8df22-03e2-4ba6-be0e-af5dd6de072e,Wallis Orchard Practical Shooters December USPSA Match,2023-12-17,6,Bay 6 JC213,2547c219-0779-70ee-ab41-964617c0d330,Vinh Lam,1,100.00,1,100.00,Limited,M,TY101025,MAJOR,,120.0000,120.0000,6.0363,18.72,19,,4,1,,,,,
80e8df22-03e2-4ba6-be0e-af5dd6de072e,Wallis Orchard Practical Shooters December USPSA Match,2023-12-17,6,Bay 6 JC213,2547c219-0779-70ee-ab41-964617c0d330,Brandon Foss,2,93.42,1,100.00,Carry Optics,M,L5142,MINOR,,120.0000,112.1077,5.6393,20.57,22,,2,,,,,,
80e8df22-03e2-4ba6-be0e-af5dd6de072e,Wallis Orchard Practical Shooters December USPSA Match,2023-12-17,6,Bay 6 JC213,2547c219-0779-70ee-ab41-964617c0d330,Bobby Ivester,3,92.91,1,100.00,Open,M,A101336,MAJOR,,120.0000,111.4935,5.6084,21.04,22,,2,,,,,,
80e8df22-03e2-4ba6-be0e-af5dd6de072e,Wallis Orchard Practical Shooters December USPSA Match,2023-12-17,6,Bay 6 JC213,2547c219-0779-70ee-ab41-964617c0d330,Zachary Ralston,4,90.71,2,97.10,Carry Optics,A,A123081,MINOR,,116.5145,108.8514,5.4755,20.82,21,,3,,,,,,
80e8df22-03e2-4ba6-be0e-af5dd6de072e,Wallis Orchard Practical Shooters December USPSA Match,2023-12-17,6,Bay 6 JC213,2547c219-0779-70ee-ab41-964617c0d330,Jim Havens,5,87.44,1,100.00,Limited Optics,M,TY114636,MINOR,Senior,120.0000,104.9252,5.2780,21.22,21,,2,1,,,,,
80e8df22-03e2-4ba6-be0e-af5dd6de072e,Wallis Orchard Practical Shooters December USPSA Match,2023-12-17,6,Bay 6 JC213,2547c219-0779-70ee-ab41-964617c0d330,Chris Snow,6,85.50,2,92.03,Open,U,Ty107262,MINOR,,110.4336,102.6052,5.1613,20.15,17,,6,1,,,,,
80e8df22-03e2-4ba6-be0e-af5dd6de072e,Wallis Orchard Practical Shooters December USPSA Match,2023-12-17,6,Bay 6 JC213,2547c219-0779-70ee-ab41-964617c0d330,Chez Chike-Udenze,7,83.68,2,95.70,Limited Optics,M,A138598,MINOR,,114.8390,100.4125,5.0510,19.60,20,,3,,1,,,,
80e8df22-03e2-4ba6-be0e-af5dd6de072e,Wallis Orchard Practical Shooters December USPSA Match,2023-12-17,6,Bay 6 JC213,2547c219-0779-70ee-ab41-964617c0d330,Michael Hanover,8,81.59,3,93.32,Limited Optics,A,A146302,MINOR,,111.9788,97.9116,4.9252,22.74,20,,4,,,,,,
80e8df22-03e2-4ba6-be0e-af5dd6de072e,Wallis Orchard Practical Shooters December USPSA Match,2023-12-17,6,Bay 6 JC213,2547c219-0779-70ee-ab41-964617c0d330,Travis McKenzie,9,79.93,4,91.41,Limited Optics,U,L6340,MINOR,,109.6915,95.9117,4.8246,22.80,20,,3,1,,,,,
80e8df22-03e2-4ba6-be0e-af5dd6de072e,Wallis Orchard Practical Shooters December USPSA Match,2023-12-17,6,Bay 6 JC213,2547c219-0779-70ee-ab41-964617c0d330,Khoa Nguyen,10,78.59,5,89.89,Limited Optics,A,A117224,MINOR,Law Enforcement,107.8636,94.3134,4.7442,21.50,17,,5,2,,,,,
80e8df22-03e2-4ba6-be0e-af5dd6de072e,Wallis Orchard Practical Shooters December USPSA Match,2023-12-17,6,Bay 6 JC213,2547c219-0779-70ee-ab41-964617c0d330,Edwin Garcia,11,78.29,1,100.00,PCC,M,Ty38396,MINOR,,120.0000,93.9496,4.7259,21.16,20,,3,1,,,1,,
80e8df22-03e2-4ba6-be0e-af5dd6de072e,Wallis Orchard Practical Shooters December USPSA Match,2023-12-17,6,Bay 6 JC213,2547c219-0779-70ee-ab41-964617c0d330,Mike Junco,12,77.59,6,88.74,Limited Optics,U,TY34819,MINOR,Senior; Law Enforcement,106.4858,93.1087,4.6836,24.34,21,,3,,,,,,
80e8df22-03e2-4ba6-be0e-af5dd6de072e,Wallis Orchard Practical Shooters December USPSA Match,2023-12-17,6,Bay 6 JC213,2547c219-0779-70ee-ab41-964617c0d330,CHAN WILLIAM,13,77.02,7,88.08,Limited Optics,U,,MINOR,,105.6991,92.4209,4.6490,21.94,17,,5,2,,,,,
80e8df22-03e2-4ba6-be0e-af5dd6de072e,Wallis Orchard Practical Shooters December USPSA Match,2023-12-17,6,Bay 6 JC213,2547c219-0779-70ee-ab41-964617c0d330,August Balagtas,14,75.84,8,86.74,Limited Optics,U,L3674,MINOR,,104.0894,91.0134,4.5782,23.59,18,,6,,,,,,
80e8df22-03e2-4ba6-be0e-af5dd6de072e,Wallis Orchard Practical Shooters December USPSA Match,2023-12-17,6,Bay 6 JC213,2547c219-0779-70ee-ab41-964617c0d330,Qingbang Cai,15,73.41,3,78.58,Carry Optics,A,A148273,MINOR,,94.2926,88.0910,4.4312,21.89,19,,4,,1,,,,
80e8df22-03e2-4ba6-be0e-af5dd6de072e,Wallis Orchard Practical Shooters December USPSA Match,2023-12-17,6,Bay 6 JC213,2547c219-0779-70ee-ab41-964617c0d330,Andy Chen,16,73.23,9,83.75,Limited Optics,A,A86721,MINOR,,100.4994,87.8744,4.4203,25.79,21,,3,,,,,,
80e8df22-03e2-4ba6-be0e-af5dd6de072e,Wallis Orchard Practical Shooters December USPSA Match,2023-12-17,6,Bay 6 JC213,2547c219-0779-70ee-ab41-964617c0d330,Pocholo Dimayuga,17,71.36,2,71.36,Limited,B,A106236,MAJOR,,85.6319,85.6319,4.3075,26.93,20,,4,,,,,,
80e8df22-03e2-4ba6-be0e-af5dd6de072e,Wallis Orchard Practical Shooters December USPSA Match,2023-12-17,6,Bay 6 JC213,2547c219-0779-70ee-ab41-964617c0d330,Drew Yang,18,71.14,4,76.14,Carry Optics,C,0,MINOR,,91.3730,85.3636,4.2940,27.48,23,,1,,,,,,
80e8df22-03e2-4ba6-be0e-af5dd6de072e,Wallis Orchard Practical Shooters December USPSA Match,2023-12-17,6,Bay 6 JC213,2547c219-0779-70ee-ab41-964617c0d330,Tyler Kenny,19,70.81,5,75.79,Carry Optics,B,A148691,MINOR,,90.9517,84.9699,4.2742,23.63,21,,2,,1,,,,
80e8df22-03e2-4ba6-be0e-af5dd6de072e,Wallis Orchard Practical Shooters December USPSA Match,2023-12-17,6,Bay 6 JC213,2547c219-0779-70ee-ab41-964617c0d330,Matthew Lem,20,68.74,10,78.61,Limited Optics,U,FY34763,MINOR,Senior; Law Enforcement,94.3357,82.4850,4.1492,23.86,20,,3,,1,,,,
80e8df22-03e2-4ba6-be0e-af5dd6de072e,Wallis Orchard Practical Shooters December USPSA Match,2023-12-17,6,Bay 6 JC213,2547c219-0779-70ee-ab41-964617c0d330,Jason Wells,21,68.42,11,78.25,Limited Optics,U,L5218,MINOR,,93.8992,82.1033,4.1300,26.15,20,,2,2,,,,,
80e8df22-03e2-4ba6-be0e-af5dd6de072e,Wallis Orchard Practical Shooters December USPSA Match,2023-12-17,6,Bay 6 JC213,2547c219-0779-70ee-ab41-964617c0d330,Christian Canizales,22,68.16,6,72.96,Carry Optics,B,TY150265,MINOR,,87.5492,81.7912,4.1143,26.25,18,,6,,,,,,
80e8df22-03e2-4ba6-be0e-af5dd6de072e,Wallis Orchard Practical Shooters December USPSA Match,2023-12-17,6,Bay 6 JC213,2547c219-0779-70ee-ab41-964617c0d330,Peter Kirchner,23,67.78,7,72.56,Carry Optics,A,TY105743,MINOR,,87.0683,81.3419,4.0917,28.35,22,,2,,,,,,
80e8df22-03e2-4ba6-be0e-af5dd6de072e,Wallis Orchard Practical Shooters December USPSA Match,2023-12-17,6,Bay 6 JC213,2547c219-0779-70ee-ab41-964617c0d330,Gary Wu,24,66.68,12,76.26,Limited Optics,C,L2998,MINOR,Senior,91.5097,80.0139,4.0249,27.33,19,,5,,,,,,
80e8df22-03e2-4ba6-be0e-af5dd6de072e,Wallis Orchard Practical Shooters December USPSA Match,2023-12-17,6,Bay 6 JC213,2547c219-0779-70ee-ab41-964617c0d330,Andrew Whitley,25,65.59,3,70.59,Open,A,TY106649,MAJOR,,84.7129,78.7078,3.9592,24.50,15,,7,2,,,1,,
80e8df22-03e2-4ba6-be0e-af5dd6de072e,Wallis Orchard Practical Shooters December USPSA Match,2023-12-17,6,Bay 6 JC213,2547c219-0779-70ee-ab41-964617c0d330,Michael Whitley,26,64.74,13,74.04,Limited Optics,U,A111091,MINOR,,88.8518,77.6900,3.9080,21.75,18,,5,,1,,,1,
80e8df22-03e2-4ba6-be0e-af5dd6de072e,Wallis Orchard Practical Shooters December USPSA Match,2023-12-17,6,Bay 6 JC213,2547c219-0779-70ee-ab41-964617c0d330,Doug Joder,27,64.10,2,81.87,PCC,B,TY115020,MINOR,,98.2467,76.9186,3.8692,28.43,19,,5,,,,,,
80e8df22-03e2-4ba6-be0e-af5dd6de072e,Wallis Orchard Practical Shooters December USPSA Match,2023-12-17,6,Bay 6 JC213,2547c219-0779-70ee-ab41-964617c0d330,Arnold Gee,28,64.03,4,68.92,Open,B,Ty103519,MAJOR,Senior,82.6995,76.8371,3.8651,28.46,16,,7,1,,,,,
80e8df22-03e2-4ba6-be0e-af5dd6de072e,Wallis Orchard Practical Shooters December USPSA Match,2023-12-17,6,Bay 6 JC213,2547c219-0779-70ee-ab41-964617c0d330,Jack LIU,29,63.72,3,81.39,PCC,A,l6156,MINOR,Law Enforcement,97.6627,76.4614,3.8462,27.04,16,,8,,,,,,
80e8df22-03e2-4ba6-be0e-af5dd6de072e,Wallis Orchard Practical Shooters December USPSA Match,2023-12-17,6,Bay 6 JC213,2547c219-0779-70ee-ab41-964617c0d330,Rene Zalamea,30,63.72,5,68.58,Open,C,A66891,MAJOR,Senior,82.2951,76.4614,3.8462,27.82,15,,7,2,,,,,
80e8df22-03e2-4ba6-be0e-af5dd6de072e,Wallis Orchard Practical Shooters December USPSA Match,2023-12-17,6,Bay 6 JC213,2547c219-0779-70ee-ab41-964617c0d330,Michael Kiesewetter,31,63.50,6,68.35,Open,U,ty118153,MAJOR,,82.0148,76.2010,3.8331,20.61,13,,8,1,2,,,,
80e8df22-03e2-4ba6-be0e-af5dd6de072e,Wallis Orchard Practical Shooters December USPSA Match,2023-12-17,6,Bay 6 JC213,2547c219-0779-70ee-ab41-964617c0d330,Zach Hudson,32,63.47,8,67.94,Carry Optics,C,A154012,MINOR,,81.5293,76.1672,3.8314,28.71,19,,5,,,,,,
80e8df22-03e2-4ba6-be0e-af5dd6de072e,Wallis Orchard Practical Shooters December USPSA Match,2023-12-17,6,Bay 6 JC213,2547c219-0779-70ee-ab41-964617c0d330,Anthony Fong,33,62.86,14,71.90,Limited Optics,M,A142224,MINOR,,86.2759,75.4376,3.7947,23.19,21,,1,,2,,,,
80e8df22-03e2-4ba6-be0e-af5dd6de072e,Wallis Orchard Practical Shooters December USPSA Match,2023-12-17,6,Bay 6 JC213,2547c219-0779-70ee-ab41-964617c0d330,michael Chang,34,61.26,7,65.94,Open,,,MAJOR,,79.1220,73.5132,3.6979,31.64,21,,3,,,,,,
80e8df22-03e2-4ba6-be0e-af5dd6de072e,Wallis Orchard Practical Shooters December USPSA Match,2023-12-17,6,Bay 6 JC213,2547c219-0779-70ee-ab41-964617c0d330,Don Sanders,35,60.76,8,65.40,Open,U,FY46389,MAJOR,Senior,78.4780,72.9149,3.6678,28.90,12,,11,1,,,,,
80e8df22-03e2-4ba6-be0e-af5dd6de072e,Wallis Orchard Practical Shooters December USPSA Match,2023-12-17,6,Bay 6 JC213,2547c219-0779-70ee-ab41-964617c0d330,Eric Wu,36,59.83,15,68.43,Limited Optics,U,,MINOR,,82.1129,71.7976,3.6116,29.35,17,,7,,,,,,
80e8df22-03e2-4ba6-be0e-af5dd6de072e,Wallis Orchard Practical Shooters December USPSA Match,2023-12-17,6,Bay 6 JC213,2547c219-0779-70ee-ab41-964617c0d330,Jason Wilson,37,59.68,16,68.26,Limited Optics,U,A94696,MINOR,,81.9083,71.6187,3.6026,26.37,18,,5,,1,,,,
80e8df22-03e2-4ba6-be0e-af5dd6de072e,Wallis Orchard Practical Shooters December USPSA Match,2023-12-17,6,Bay 6 JC213,2547c219-0779-70ee-ab41-964617c0d330,David ZHANG,38,59.42,17,67.95,Limited Optics,C,FY140383,MINOR,,81.5445,71.3006,3.5866,28.16,21,,2,,1,,,,
80e8df22-03e2-4ba6-be0e-af5dd6de072e,Wallis Orchard Practical Shooters December USPSA Match,2023-12-17,6,Bay 6 JC213,2547c219-0779-70ee-ab41-964617c0d330,Jaramillo Avila,39,58.83,9,63.32,Open,U,,MINOR,Law Enforcement,75.9789,70.5929,3.5510,31.54,20,,4,,,,,,
80e8df22-03e2-4ba6-be0e-af5dd6de072e,Wallis Orchard Practical Shooters December USPSA Match,2023-12-17,6,Bay 6 JC213,2547c219-0779-70ee-ab41-964617c0d330,Manny Fraker,40,58.44,1,100.00,Production,A,TY123776,MINOR,,120.0000,70.1297,3.5277,27.78,13,,11,,,,,,
80e8df22-03e2-4ba6-be0e-af5dd6de072e,Wallis Orchard Practical Shooters December USPSA Match,2023-12-17,6,Bay 6 JC213,2547c219-0779-70ee-ab41-964617c0d330,Abraham Estrada,41,57.99,9,62.07,Carry Optics,U,0,MINOR,NEW SHOOTER,74.4837,69.5850,3.5003,29.14,18,,3,3,,,,,
80e8df22-03e2-4ba6-be0e-af5dd6de072e,Wallis Orchard Practical Shooters December USPSA Match,2023-12-17,6,Bay 6 JC213,2547c219-0779-70ee-ab41-964617c0d330,Kristen Day,42,57.44,3,57.44,Limited,C,TY121933,MAJOR,Lady,68.9290,68.9290,3.4673,32.59,19,,4,1,,,,,
80e8df22-03e2-4ba6-be0e-af5dd6de072e,Wallis Orchard Practical Shooters December USPSA Match,2023-12-17,6,Bay 6 JC213,2547c219-0779-70ee-ab41-964617c0d330,Parish Saculles,43,56.21,10,60.50,Open,U,L5316,MINOR,,72.6004,67.4539,3.3931,30.65,16,,8,,,,,,
80e8df22-03e2-4ba6-be0e-af5dd6de072e,Wallis Orchard Practical Shooters December USPSA Match,2023-12-17,6,Bay 6 JC213,2547c219-0779-70ee-ab41-964617c0d330,Matthew Givens,44,55.10,18,63.01,Limited Optics,C,Ty137686,MINOR,,75.6127,66.1140,3.3257,34.88,22,,2,,,,,,
80e8df22-03e2-4ba6-be0e-af5dd6de072e,Wallis Orchard Practical Shooters December USPSA Match,2023-12-17,6,Bay 6 JC213,2547c219-0779-70ee-ab41-964617c0d330,Abrahan Figueroa,45,54.28,11,58.42,Open,C,TY54053,MAJOR,Senior,70.1098,65.1399,3.2767,25.33,15,,6,2,1,,1,,
80e8df22-03e2-4ba6-be0e-af5dd6de072e,Wallis Orchard Practical Shooters December USPSA Match,2023-12-17,6,Bay 6 JC213,2547c219-0779-70ee-ab41-964617c0d330,Pat Byrne,46,54.04,1,100.00,Single Stack,B,Fy93921,MINOR,Super Senior,120.0000,64.8457,3.2619,33.11,19,,4,1,,,,,
80e8df22-03e2-4ba6-be0e-af5dd6de072e,Wallis Orchard Practical Shooters December USPSA Match,2023-12-17,6,Bay 6 JC213,2547c219-0779-70ee-ab41-964617c0d330,Antoio Tormis,47,53.96,12,58.08,Open,C,,MAJOR,,69.6947,64.7542,3.2573,27.63,18,,5,,1,,1,,
80e8df22-03e2-4ba6-be0e-af5dd6de072e,Wallis Orchard Practical Shooters December USPSA Match,2023-12-17,6,Bay 6 JC213,2547c219-0779-70ee-ab41-964617c0d330,Kim Ivester,48,53.22,13,57.28,Open,B,L4935,MAJOR,Lady,68.7405,63.8676,3.2127,29.57,15,,7,1,1,,,,
80e8df22-03e2-4ba6-be0e-af5dd6de072e,Wallis Orchard Practical Shooters December USPSA Match,2023-12-17,6,Bay 6 JC213,2547c219-0779-70ee-ab41-964617c0d330,Jeremiah Hunt,49,52.71,19,60.29,Limited Optics,C,A148592,MINOR,,72.3456,63.2573,3.1820,27.97,15,,8,,1,,,,
80e8df22-03e2-4ba6-be0e-af5dd6de072e,Wallis Orchard Practical Shooters December USPSA Match,2023-12-17,6,Bay 6 JC213,2547c219-0779-70ee-ab41-964617c0d330,AJ Jackson,50,52.69,20,60.26,Limited Optics,U,TY81745,MINOR,,72.3092,63.2255,3.1804,24.84,13,,7,3,1,,,,
80e8df22-03e2-4ba6-be0e-af5dd6de072e,Wallis Orchard Practical Shooters December USPSA Match,2023-12-17,6,Bay 6 JC213,2547c219-0779-70ee-ab41-964617c0d330,Karen Brusatori,51,52.26,21,59.77,Limited Optics,C,A149998,MAJOR,Lady,71.7249,62.7146,3.1547,35.82,17,,7,,,,,,
80e8df22-03e2-4ba6-be0e-af5dd6de072e,Wallis Orchard Practical Shooters December USPSA Match,2023-12-17,6,Bay 6 JC213,2547c219-0779-70ee-ab41-964617c0d330,Roman Gwiscz,52,52.16,10,55.83,Carry Optics,A,L4670,MINOR,,66.9955,62.5893,3.1484,26.68,17,,6,1,,,2,,
80e8df22-03e2-4ba6-be0e-af5dd6de072e,Wallis Orchard Practical Shooters December USPSA Match,2023-12-17,6,Bay 6 JC213,2547c219-0779-70ee-ab41-964617c0d330,Patrick Houstoun,53,51.85,11,55.51,Carry Optics,B,A148442,MINOR,Senior,66.6061,62.2255,3.1301,30.35,18,,5,,1,,,,
80e8df22-03e2-4ba6-be0e-af5dd6de072e,Wallis Orchard Practical Shooters December USPSA Match,2023-12-17,6,Bay 6 JC213,2547c219-0779-70ee-ab41-964617c0d330,Chang Qian,54,50.84,2,87.00,Production,U,A150939,MINOR,,104.4000,61.0129,3.0691,29.65,17,,5,1,1,,,,
80e8df22-03e2-4ba6-be0e-af5dd6de072e,Wallis Orchard Practical Shooters December USPSA Match,2023-12-17,6,Bay 6 JC213,2547c219-0779-70ee-ab41-964617c0d330,Loren Brusatori,55,50.81,14,54.69,Open,C,A149999,MINOR,,65.6273,60.9751,3.0672,37.82,22,,2,,,,,,
80e8df22-03e2-4ba6-be0e-af5dd6de072e,Wallis Orchard Practical Shooters December USPSA Match,2023-12-17,6,Bay 6 JC213,2547c219-0779-70ee-ab41-964617c0d330,wade pruetz,56,50.47,15,54.32,Open,A,pending,MAJOR,Senior,65.1822,60.5616,3.0464,22.65,15,,5,2,2,,1,,
80e8df22-03e2-4ba6-be0e-af5dd6de072e,Wallis Orchard Practical Shooters December USPSA Match,2023-12-17,6,Bay 6 JC213,2547c219-0779-70ee-ab41-964617c0d330,TJ Balingit,57,50.36,12,53.91,Carry Optics,U,A151010,MINOR,,64.6889,60.4344,3.0400,37.50,21,,3,,,,,,
80e8df22-03e2-4ba6-be0e-af5dd6de072e,Wallis Orchard Practical Shooters December USPSA Match,2023-12-17,6,Bay 6 JC213,2547c219-0779-70ee-ab41-964617c0d330,Jeannie Marrone,58,50.31,16,54.15,Open,C,TY133357,MAJOR,Lady; Super Senior,64.9768,60.3708,3.0368,37.21,17,,7,,,,,,
80e8df22-03e2-4ba6-be0e-af5dd6de072e,Wallis Orchard Practical Shooters December USPSA Match,2023-12-17,6,Bay 6 JC213,2547c219-0779-70ee-ab41-964617c0d330,Alex Nguyen,59,49.98,13,53.50,Carry Optics,U,A151003,MINOR,,64.1973,59.9752,3.0169,33.81,16,,7,1,,,,,
80e8df22-03e2-4ba6-be0e-af5dd6de072e,Wallis Orchard Practical Shooters December USPSA Match,2023-12-17,6,Bay 6 JC213,2547c219-0779-70ee-ab41-964617c0d330,Ramil Villanueva,60,49.77,14,53.27,Carry Optics,D,A110261,MINOR,Senior,63.9250,59.7207,3.0041,26.63,18,,3,1,2,,,,
80e8df22-03e2-4ba6-be0e-af5dd6de072e,Wallis Orchard Practical Shooters December USPSA Match,2023-12-17,6,Bay 6 JC213,2547c219-0779-70ee-ab41-964617c0d330,Adam Bandiera,61,49.10,15,52.56,Carry Optics,B,A148375,MINOR,,63.0738,58.9255,2.9641,25.64,16,,5,1,2,,,,
80e8df22-03e2-4ba6-be0e-af5dd6de072e,Wallis Orchard Practical Shooters December USPSA Match,2023-12-17,6,Bay 6 JC213,2547c219-0779-70ee-ab41-964617c0d330,David Young,62,49.10,16,52.56,Carry Optics,C,Ty130791,MINOR,,63.0695,58.9215,2.9639,31.04,17,,5,2,,,1,,
80e8df22-03e2-4ba6-be0e-af5dd6de072e,Wallis Orchard Practical Shooters December USPSA Match,2023-12-17,6,Bay 6 JC213,2547c219-0779-70ee-ab41-964617c0d330,Marc Demeza,63,49.08,3,83.98,Production,U,TY142892,MINOR,,100.7705,58.8917,2.9624,26.33,17,,4,1,2,,,,
80e8df22-03e2-4ba6-be0e-af5dd6de072e,Wallis Orchard Practical Shooters December USPSA Match,2023-12-17,6,Bay 6 JC213,2547c219-0779-70ee-ab41-964617c0d330,Albert Legislador,64,49.04,17,52.49,Carry Optics,U,TY91787,MINOR,NEW SHOOTER,62.9865,58.8440,2.9600,29.73,10,,12,2,,,,,
80e8df22-03e2-4ba6-be0e-af5dd6de072e,Wallis Orchard Practical Shooters December USPSA Match,2023-12-17,6,Bay 6 JC213,2547c219-0779-70ee-ab41-964617c0d330,Andrew Philip,65,48.39,22,55.34,Limited Optics,U,A153653,MINOR,Senior,66.4092,58.0667,2.9209,37.66,20,,3,1,,,,,
80e8df22-03e2-4ba6-be0e-af5dd6de072e,Wallis Orchard Practical Shooters December USPSA Match,2023-12-17,6,Bay 6 JC213,2547c219-0779-70ee-ab41-964617c0d330,Cliff Pinsent,66,47.70,17,51.34,Open,B,FY99321,MAJOR,Super Senior,61.6112,57.2437,2.8795,35.77,19,,4,1,,,1,,
80e8df22-03e2-4ba6-be0e-af5dd6de072e,Wallis Orchard Practical Shooters December USPSA Match,2023-12-17,6,Bay 6 JC213,2547c219-0779-70ee-ab41-964617c0d330,Michael Pontious,67,47.56,23,54.40,Limited Optics,U,fy94575,MINOR,Senior,65.2747,57.0747,2.8710,28.91,18,,4,1,1,,1,,
80e8df22-03e2-4ba6-be0e-af5dd6de072e,Wallis Orchard Practical Shooters December USPSA Match,2023-12-17,6,Bay 6 JC213,2547c219-0779-70ee-ab41-964617c0d330,Jerry Bedro,68,47.40,18,51.02,Open,C,A98263,MAJOR,,61.2239,56.8839,2.8614,26.91,19,,3,,2,,,1,
80e8df22-03e2-4ba6-be0e-af5dd6de072e,Wallis Orchard Practical Shooters December USPSA Match,2023-12-17,6,Bay 6 JC213,2547c219-0779-70ee-ab41-964617c0d330,Gennady Khokhorin,69,46.57,4,79.68,Production,B,A123884,MINOR,Super Senior,95.6204,55.8819,2.8110,30.95,16,,5,2,1,,,,
80e8df22-03e2-4ba6-be0e-af5dd6de072e,Wallis Orchard Practical Shooters December USPSA Match,2023-12-17,6,Bay 6 JC213,2547c219-0779-70ee-ab41-964617c0d330,Chris Eisenhour,70,46.03,5,78.77,Production,D,A155073,MINOR,NEW SHOOTER,94.5216,55.2398,2.7787,31.31,14,,9,,1,,,,
80e8df22-03e2-4ba6-be0e-af5dd6de072e,Wallis Orchard Practical Shooters December USPSA Match,2023-12-17,6,Bay 6 JC213,2547c219-0779-70ee-ab41-964617c0d330,Mike Kahl,71,43.22,18,46.26,Carry Optics,A,TY70984,MINOR,Super Senior,55.5111,51.8602,2.6087,32.20,21,,3,,,,3,,
80e8df22-03e2-4ba6-be0e-af5dd6de072e,Wallis Orchard Practical Shooters December USPSA Match,2023-12-17,6,Bay 6 JC213,2547c219-0779-70ee-ab41-964617c0d330,Virak Meas,72,39.28,24,44.92,Limited Optics,U,Q,MINOR,Senior,53.9022,47.1309,2.3708,32.90,16,,6,,2,,,,
80e8df22-03e2-4ba6-be0e-af5dd6de072e,Wallis Orchard Practical Shooters December USPSA Match,2023-12-17,6,Bay 6 JC213,2547c219-0779-70ee-ab41-964617c0d330,Robin Chen,73,37.41,19,40.04,Carry Optics,C,A152878,MINOR,Lady; Law Enforcement,48.0464,44.8864,2.2579,36.76,13,,9,1,1,,,,
80e8df22-03e2-4ba6-be0e-af5dd6de072e,Wallis Orchard Practical Shooters December USPSA Match,2023-12-17,6,Bay 6 JC213,2547c219-0779-70ee-ab41-964617c0d330,Kexin Bai,74,35.13,19,37.81,Open,U,A155638,MAJOR,Foreign,45.3712,42.1550,2.1205,44.33,18,,6,,,,2,,
80e8df22-03e2-4ba6-be0e-af5dd6de072e,Wallis Orchard Practical Shooters December USPSA Match,2023-12-17,6,Bay 6 JC213,2547c219-0779-70ee-ab41-964617c0d330,Zack Book,75,34.80,4,34.80,Limited,U,,MINOR,,41.7594,41.7594,2.1006,36.18,15,,7,,2,,,,
80e8df22-03e2-4ba6-be0e-af5dd6de072e,Wallis Orchard Practical Shooters December USPSA Match,2023-12-17,6,Bay 6 JC213,2547c219-0779-70ee-ab41-964617c0d330,Allan Santiago,76,34.25,5,34.25,Limited,U,,MAJOR,,41.0993,41.0993,2.0674,48.37,18,,5,,1,,,,
80e8df22-03e2-4ba6-be0e-af5dd6de072e,Wallis Orchard Practical Shooters December USPSA Match,2023-12-17,6,Bay 6 JC213,2547c219-0779-70ee-ab41-964617c0d330,Lawrence Fu,77,33.35,20,35.69,Carry Optics,U,Fy142081,MINOR,,42.8330,40.0159,2.0129,24.84,8,,13,1,2,,1,,
80e8df22-03e2-4ba6-be0e-af5dd6de072e,Wallis Orchard Practical Shooters December USPSA Match,2023-12-17,6,Bay 6 JC213,2547c219-0779-70ee-ab41-964617c0d330,Valentina Bozzetti,78,20.98,21,22.45,Carry Optics,U,,MINOR,Lady,26.9459,25.1737,1.2663,52.12,15,,7,,2,,1,,
80e8df22-03e2-4ba6-be0e-af5dd6de072e,Wallis Orchard Practical Shooters December USPSA Match,2023-12-17,6,Bay 6 JC213,2547c219-0779-70ee-ab41-964617c0d330,ian loyd,79,20.42,4,26.08,PCC,U,A148072,MINOR,,31.3007,24.5057,1.2327,32.45,20,,,,4,,,2,
80e8df22-03e2-4ba6-be0e-af5dd6de072e,Wallis Orchard Practical Shooters December USPSA Match,2023-12-17,6,Bay 6 JC213,2547c219-0779-70ee-ab41-964617c0d330,Robert Bui,80,20.30,5,25.93,PCC,U,A103016,MINOR,,31.1204,24.3646,1.2256,89.75,19,,5,,,,,,
80e8df22-03e2-4ba6-be0e-af5dd6de072e,Wallis Orchard Practical Shooters December USPSA Match,2023-12-17,6,Bay 6 JC213,2547c219-0779-70ee-ab41-964617c0d330,John Ren,81,19.02,6,19.02,Limited,C,A152674,MINOR,,22.8279,22.8279,1.1483,31.35,10,,8,2,4,,,,
80e8df22-03e2-4ba6-be0e-af5dd6de072e,Wallis Orchard Practical Shooters December USPSA Match,2023-12-17,6,Bay 6 JC213,2547c219-0779-70ee-ab41-964617c0d330,Ann Marquez,82,0.00,22,0.00,Carry Optics,U,,MINOR,NEW SHOOTER,0.0000,0.0000,0.0000,74.85,8,,7,,9,,3,,
80e8df22-03e2-4ba6-be0e-af5dd6de072e,Wallis Orchard Practical Shooters December USPSA Match,2023-12-17,7,Bay 7 JC214,10fc4d59-0f3a-204f-a444-4d990c6bb83a,Vinh Lam,1,100.00,1,100.00,Limited,M,TY101025,MAJOR,,120.0000,120.0000,7.4760,14.58,15,,8,1,,,,,
80e8df22-03e2-4ba6-be0e-af5dd6de072e,Wallis Orchard Practical Shooters December USPSA Match,2023-12-17,7,Bay 7 JC214,10fc4d59-0f3a-204f-a444-4d990c6bb83a,Chris Snow,2,93.44,1,100.00,Open,U,Ty107262,MINOR,,120.0000,112.1236,6.9853,16.32,21,,3,,,,,,
80e8df22-03e2-4ba6-be0e-af5dd6de072e,Wallis Orchard Practical Shooters December USPSA Match,2023-12-17,7,Bay 7 JC214,10fc4d59-0f3a-204f-a444-4d990c6bb83a,Michael Kiesewetter,3,92.52,2,99.02,Open,U,ty118153,MAJOR,,118.8284,111.0289,6.9171,16.77,20,,4,,,,,,
80e8df22-03e2-4ba6-be0e-af5dd6de072e,Wallis Orchard Practical Shooters December USPSA Match,2023-12-17,7,Bay 7 JC214,10fc4d59-0f3a-204f-a444-4d990c6bb83a,Chez Chike-Udenze,4,89.29,1,100.00,Limited Optics,M,A138598,MINOR,,120.0000,107.1461,6.6752,15.58,17,,6,1,,,,,
80e8df22-03e2-4ba6-be0e-af5dd6de072e,Wallis Orchard Practical Shooters December USPSA Match,2023-12-17,7,Bay 7 JC214,10fc4d59-0f3a-204f-a444-4d990c6bb83a,Travis McKenzie,5,89.01,2,99.69,Limited Optics,U,L6340,MINOR,,119.6297,106.8154,6.6546,16.53,19,,5,,,,,,
80e8df22-03e2-4ba6-be0e-af5dd6de072e,Wallis Orchard Practical Shooters December USPSA Match,2023-12-17,7,Bay 7 JC214,10fc4d59-0f3a-204f-a444-4d990c6bb83a,Bobby Ivester,6,87.87,3,94.04,Open,M,A101336,MAJOR,,112.8536,105.4462,6.5693,15.07,17,,6,,1,,,,
80e8df22-03e2-4ba6-be0e-af5dd6de072e,Wallis Orchard Practical Shooters December USPSA Match,2023-12-17,7,Bay 7 JC214,10fc4d59-0f3a-204f-a444-4d990c6bb83a,Arnold Gee,7,85.54,4,91.55,Open,B,Ty103519,MAJOR,Senior,109.8541,102.6437,6.3947,18.14,20,,4,,,,,,
80e8df22-03e2-4ba6-be0e-af5dd6de072e,Wallis Orchard Practical Shooters December USPSA Match,2023-12-17,7,Bay 7 JC214,10fc4d59-0f3a-204f-a444-4d990c6bb83a,Brandon Foss,8,84.64,1,100.00,Carry Optics,M,L5142,MINOR,,120.0000,101.5650,6.3275,16.12,15,,9,,,,,,
80e8df22-03e2-4ba6-be0e-af5dd6de072e,Wallis Orchard Practical Shooters December USPSA Match,2023-12-17,7,Bay 7 JC214,10fc4d59-0f3a-204f-a444-4d990c6bb83a,Mike Junco,9,83.93,3,94.00,Limited Optics,U,TY34819,MINOR,Senior; Law Enforcement,112.7966,100.7143,6.2745,17.85,20,,4,,,,,,
80e8df22-03e2-4ba6-be0e-af5dd6de072e,Wallis Orchard Practical Shooters December USPSA Match,2023-12-17,7,Bay 7 JC214,10fc4d59-0f3a-204f-a444-4d990c6bb83a,Andy Chen,10,81.20,4,90.94,Limited Optics,A,A86721,MINOR,,109.1257,97.4366,6.0703,18.78,21,,3,,,,,,
80e8df22-03e2-4ba6-be0e-af5dd6de072e,Wallis Orchard Practical Shooters December USPSA Match,2023-12-17,7,Bay 7 JC214,10fc4d59-0f3a-204f-a444-4d990c6bb83a,Jim Havens,11,80.85,5,90.55,Limited Optics,M,TY114636,MINOR,Senior,108.6637,97.0241,6.0446,17.04,22,,1,,1,,,,
80e8df22-03e2-4ba6-be0e-af5dd6de072e,Wallis Orchard Practical Shooters December USPSA Match,2023-12-17,7,Bay 7 JC214,10fc4d59-0f3a-204f-a444-4d990c6bb83a,Adam Bandiera,12,80.09,2,94.63,Carry Optics,B,A148375,MINOR,,113.5501,96.1059,5.9874,19.04,21,,3,,,,,,
80e8df22-03e2-4ba6-be0e-af5dd6de072e,Wallis Orchard Practical Shooters December USPSA Match,2023-12-17,7,Bay 7 JC214,10fc4d59-0f3a-204f-a444-4d990c6bb83a,Zachary Ralston,13,79.34,3,93.74,Carry Optics,A,A123081,MINOR,,112.4937,95.2119,5.9317,17.87,18,,5,1,,,,,
80e8df22-03e2-4ba6-be0e-af5dd6de072e,Wallis Orchard Practical Shooters December USPSA Match,2023-12-17,7,Bay 7 JC214,10fc4d59-0f3a-204f-a444-4d990c6bb83a,Michael Hanover,14,79.16,6,88.65,Limited Optics,A,A146302,MINOR,,106.3842,94.9888,5.9178,18.25,18,,6,,,,,,
80e8df22-03e2-4ba6-be0e-af5dd6de072e,Wallis Orchard Practical Shooters December USPSA Match,2023-12-17,7,Bay 7 JC214,10fc4d59-0f3a-204f-a444-4d990c6bb83a,wade pruetz,15,77.05,5,82.46,Open,A,pending,MAJOR,Senior,98.9575,92.4623,5.7604,17.36,20,,2,1,1,,,,
80e8df22-03e2-4ba6-be0e-af5dd6de072e,Wallis Orchard Practical Shooters December USPSA Match,2023-12-17,7,Bay 7 JC214,10fc4d59-0f3a-204f-a444-4d990c6bb83a,AJ Jackson,16,76.04,7,85.16,Limited Optics,U,TY81745,MINOR,,102.1956,91.2488,5.6848,19.35,19,,5,,,,,,
80e8df22-03e2-4ba6-be0e-af5dd6de072e,Wallis Orchard Practical Shooters December USPSA Match,2023-12-17,7,Bay 7 JC214,10fc4d59-0f3a-204f-a444-4d990c6bb83a,August Balagtas,17,75.90,8,85.01,Limited Optics,U,L3674,MINOR,,102.0104,91.0835,5.6745,20.09,21,,3,,,,,,
80e8df22-03e2-4ba6-be0e-af5dd6de072e,Wallis Orchard Practical Shooters December USPSA Match,2023-12-17,7,Bay 7 JC214,10fc4d59-0f3a-204f-a444-4d990c6bb83a,Peter Kirchner,18,73.68,4,87.05,Carry Optics,A,TY105743,MINOR,,104.4602,88.4125,5.5081,21.06,22,,2,,,,,,
80e8df22-03e2-4ba6-be0e-af5dd6de072e,Wallis Orchard Practical Shooters December USPSA Match,2023-12-17,7,Bay 7 JC214,10fc4d59-0f3a-204f-a444-4d990c6bb83a,Michael Whitley,19,72.78,9,81.51,Limited Optics,U,A111091,MINOR,,97.8128,87.3355,5.4410,17.46,19,,3,1,1,,,,
80e8df22-03e2-4ba6-be0e-af5dd6de072e,Wallis Orchard Practical Shooters December USPSA Match,2023-12-17,7,Bay 7 JC214,10fc4d59-0f3a-204f-a444-4d990c6bb83a,Roman Gwiscz,20,71.94,5,84.99,Carry Optics,A,L4670,MINOR,,101.9929,86.3242,5.3780,19.71,18,,5,1,,,,,
80e8df22-03e2-4ba6-be0e-af5dd6de072e,Wallis Orchard Practical Shooters December USPSA Match,2023-12-17,7,Bay 7 JC214,10fc4d59-0f3a-204f-a444-4d990c6bb83a,Drew Yang,21,71.48,6,84.45,Carry Optics,C,0,MINOR,,101.3386,85.7705,5.3435,20.96,20,,4,,,,,,
80e8df22-03e2-4ba6-be0e-af5dd6de072e,Wallis Orchard Practical Shooters December USPSA Match,2023-12-17,7,Bay 7 JC214,10fc4d59-0f3a-204f-a444-4d990c6bb83a,Anthony Fong,22,70.99,10,79.51,Limited Optics,M,A142224,MINOR,,95.4093,85.1894,5.3073,21.48,21,,3,,,,,,
80e8df22-03e2-4ba6-be0e-af5dd6de072e,Wallis Orchard Practical Shooters December USPSA Match,2023-12-17,7,Bay 7 JC214,10fc4d59-0f3a-204f-a444-4d990c6bb83a,Gary Wu,23,67.77,11,75.90,Limited Optics,C,L2998,MINOR,Senior,91.0858,81.3291,5.0668,21.71,19,,5,,,,,,
80e8df22-03e2-4ba6-be0e-af5dd6de072e,Wallis Orchard Practical Shooters December USPSA Match,2023-12-17,7,Bay 7 JC214,10fc4d59-0f3a-204f-a444-4d990c6bb83a,Matthew Lem,24,67.33,12,75.41,Limited Optics,U,FY34763,MINOR,Senior; Law Enforcement,90.4908,80.7978,5.0337,19.27,20,,2,1,1,,,,
80e8df22-03e2-4ba6-be0e-af5dd6de072e,Wallis Orchard Practical Shooters December USPSA Match,2023-12-17,7,Bay 7 JC214,10fc4d59-0f3a-204f-a444-4d990c6bb83a,Cliff Pinsent,25,63.06,6,67.49,Open,B,FY99321,MAJOR,Super Senior,80.9866,75.6709,4.7143,25.03,22,,2,,,,,,
80e8df22-03e2-4ba6-be0e-af5dd6de072e,Wallis Orchard Practical Shooters December USPSA Match,2023-12-17,7,Bay 7 JC214,10fc4d59-0f3a-204f-a444-4d990c6bb83a,Khoa Nguyen,26,62.80,13,70.34,Limited Optics,A,A117224,MINOR,Law Enforcement,84.4038,75.3628,4.6951,18.53,15,,7,1,1,,,,
80e8df22-03e2-4ba6-be0e-af5dd6de072e,Wallis Orchard Practical Shooters December USPSA Match,2023-12-17,7,Bay 7 JC214,10fc4d59-0f3a-204f-a444-4d990c6bb83a,Tyler Kenny,27,62.23,7,73.53,Carry Optics,B,A148691,MINOR,,88.2301,74.6758,4.6523,20.85,19,,4,,1,,,,
80e8df22-03e2-4ba6-be0e-af5dd6de072e,Wallis Orchard Practical Shooters December USPSA Match,2023-12-17,7,Bay 7 JC214,10fc4d59-0f3a-204f-a444-4d990c6bb83a,Christian Canizales,28,61.88,8,73.11,Carry Optics,B,TY150265,MINOR,,87.7370,74.2584,4.6263,22.48,17,,6,1,,,,,
80e8df22-03e2-4ba6-be0e-af5dd6de072e,Wallis Orchard Practical Shooters December USPSA Match,2023-12-17,7,Bay 7 JC214,10fc4d59-0f3a-204f-a444-4d990c6bb83a,Andrew Whitley,29,61.56,7,65.88,Open,A,TY106649,MAJOR,,79.0574,73.8684,4.6020,24.12,17,,6,1,,,,,
80e8df22-03e2-4ba6-be0e-af5dd6de072e,Wallis Orchard Practical Shooters December USPSA Match,2023-12-17,7,Bay 7 JC214,10fc4d59-0f3a-204f-a444-4d990c6bb83a,Parish Saculles,30,61.32,8,65.63,Open,U,L5316,MINOR,,78.7534,73.5843,4.5843,22.25,18,,3,3,,,,,
80e8df22-03e2-4ba6-be0e-af5dd6de072e,Wallis Orchard Practical Shooters December USPSA Match,2023-12-17,7,Bay 7 JC214,10fc4d59-0f3a-204f-a444-4d990c6bb83a,Pocholo Dimayuga,31,61.26,2,61.26,Limited,B,A106236,MAJOR,,73.5120,73.5120,4.5798,23.80,13,,11,,,,,,
80e8df22-03e2-4ba6-be0e-af5dd6de072e,Wallis Orchard Practical Shooters December USPSA Match,2023-12-17,7,Bay 7 JC214,10fc4d59-0f3a-204f-a444-4d990c6bb83a,CHAN WILLIAM,32,60.67,14,67.95,Limited Optics,U,,MINOR,,81.5346,72.8010,4.5355,18.30,18,,4,1,1,,1,,
80e8df22-03e2-4ba6-be0e-af5dd6de072e,Wallis Orchard Practical Shooters December USPSA Match,2023-12-17,7,Bay 7 JC214,10fc4d59-0f3a-204f-a444-4d990c6bb83a,Mike Kahl,33,59.90,9,70.77,Carry Optics,A,TY70984,MINOR,Super Senior,84.9283,71.8812,4.4782,23.67,19,,3,2,,,,,
80e8df22-03e2-4ba6-be0e-af5dd6de072e,Wallis Orchard Practical Shooters December USPSA Match,2023-12-17,7,Bay 7 JC214,10fc4d59-0f3a-204f-a444-4d990c6bb83a,Zach Hudson,34,59.83,10,70.69,Carry Optics,C,A154012,MINOR,,84.8259,71.7945,4.4728,25.04,20,,4,,,,,,
80e8df22-03e2-4ba6-be0e-af5dd6de072e,Wallis Orchard Practical Shooters December USPSA Match,2023-12-17,7,Bay 7 JC214,10fc4d59-0f3a-204f-a444-4d990c6bb83a,Don Sanders,35,59.25,9,63.41,Open,U,FY46389,MAJOR,Senior,76.0941,71.0995,4.4295,20.77,12,,10,1,1,,,,
80e8df22-03e2-4ba6-be0e-af5dd6de072e,Wallis Orchard Practical Shooters December USPSA Match,2023-12-17,7,Bay 7 JC214,10fc4d59-0f3a-204f-a444-4d990c6bb83a,David ZHANG,36,58.49,15,65.51,Limited Optics,C,FY140383,MINOR,,78.6116,70.1910,4.3729,24.24,17,,7,,,,,,
80e8df22-03e2-4ba6-be0e-af5dd6de072e,Wallis Orchard Practical Shooters December USPSA Match,2023-12-17,7,Bay 7 JC214,10fc4d59-0f3a-204f-a444-4d990c6bb83a,Jason Wilson,37,58.30,16,65.30,Limited Optics,U,A94696,MINOR,,78.3545,69.9615,4.3586,24.32,17,,7,,,,,,
80e8df22-03e2-4ba6-be0e-af5dd6de072e,Wallis Orchard Practical Shooters December USPSA Match,2023-12-17,7,Bay 7 JC214,10fc4d59-0f3a-204f-a444-4d990c6bb83a,Jerry Bedro,38,57.65,10,61.70,Open,C,A98263,MAJOR,,74.0360,69.1766,4.3097,26.22,17,,7,,,,,,
80e8df22-03e2-4ba6-be0e-af5dd6de072e,Wallis Orchard Practical Shooters December USPSA Match,2023-12-17,7,Bay 7 JC214,10fc4d59-0f3a-204f-a444-4d990c6bb83a,Robert Bui,39,57.61,1,100.00,PCC,U,A103016,MINOR,,120.0000,69.1268,4.3066,27.40,23,,1,,,,,,
80e8df22-03e2-4ba6-be0e-af5dd6de072e,Wallis Orchard Practical Shooters December USPSA Match,2023-12-17,7,Bay 7 JC214,10fc4d59-0f3a-204f-a444-4d990c6bb83a,Kim Ivester,40,57.51,11,61.55,Open,B,L4935,MAJOR,Lady,73.8591,69.0112,4.2994,26.05,18,,5,1,,,,,
80e8df22-03e2-4ba6-be0e-af5dd6de072e,Wallis Orchard Practical Shooters December USPSA Match,2023-12-17,7,Bay 7 JC214,10fc4d59-0f3a-204f-a444-4d990c6bb83a,Doug Joder,41,57.46,2,99.75,PCC,B,TY115020,MINOR,,119.6991,68.9535,4.2958,22.58,19,,4,,1,,,,
80e8df22-03e2-4ba6-be0e-af5dd6de072e,Wallis Orchard Practical Shooters December USPSA Match,2023-12-17,7,Bay 7 JC214,10fc4d59-0f3a-204f-a444-4d990c6bb83a,David Young,42,55.73,11,65.85,Carry Optics,C,Ty130791,MINOR,,79.0208,66.8812,4.1667,27.36,21,,3,,,,,,
80e8df22-03e2-4ba6-be0e-af5dd6de072e,Wallis Orchard Practical Shooters December USPSA Match,2023-12-17,7,Bay 7 JC214,10fc4d59-0f3a-204f-a444-4d990c6bb83a,Abrahan Figueroa,43,55.65,12,59.56,Open,C,TY54053,MAJOR,Senior,71.4747,66.7833,4.1606,27.64,19,,5,,,,,,
80e8df22-03e2-4ba6-be0e-af5dd6de072e,Wallis Orchard Practical Shooters December USPSA Match,2023-12-17,7,Bay 7 JC214,10fc4d59-0f3a-204f-a444-4d990c6bb83a,Abraham Estrada,44,54.60,12,64.51,Carry Optics,U,0,MINOR,NEW SHOOTER,77.4069,65.5152,4.0816,28.91,23,,1,,,,,,
80e8df22-03e2-4ba6-be0e-af5dd6de072e,Wallis Orchard Practical Shooters December USPSA Match,2023-12-17,7,Bay 7 JC214,10fc4d59-0f3a-204f-a444-4d990c6bb83a,Jaramillo Avila,45,54.07,13,57.86,Open,U,,MINOR,Law Enforcement,69.4355,64.8780,4.0419,26.72,18,,6,,,,,,
80e8df22-03e2-4ba6-be0e-af5dd6de072e,Wallis Orchard Practical Shooters December USPSA Match,2023-12-17,7,Bay 7 JC214,10fc4d59-0f3a-204f-a444-4d990c6bb83a,Manny Fraker,46,53.80,1,100.00,Production,A,TY123776,MINOR,,120.0000,64.5634,4.0223,26.85,18,,6,,,,,,
80e8df22-03e2-4ba6-be0e-af5dd6de072e,Wallis Orchard Practical Shooters December USPSA Match,2023-12-17,7,Bay 7 JC214,10fc4d59-0f3a-204f-a444-4d990c6bb83a,Kristen Day,47,53.30,3,53.30,Limited,C,TY121933,MAJOR,Lady,63.9615,63.9615,3.9848,28.86,19,,5,,,,,,
80e8df22-03e2-4ba6-be0e-af5dd6de072e,Wallis Orchard Practical Shooters December USPSA Match,2023-12-17,7,Bay 7 JC214,10fc4d59-0f3a-204f-a444-4d990c6bb83a,Antoio Tormis,48,52.92,14,56.64,Open,C,,MAJOR,,67.9633,63.5024,3.9562,23.76,14,,8,1,1,,,,
80e8df22-03e2-4ba6-be0e-af5dd6de072e,Wallis Orchard Practical Shooters December USPSA Match,2023-12-17,7,Bay 7 JC214,10fc4d59-0f3a-204f-a444-4d990c6bb83a,Allan Santiago,49,52.51,4,52.51,Limited,U,,MAJOR,,63.0112,63.0112,3.9256,29.04,18,,6,,,,,,
80e8df22-03e2-4ba6-be0e-af5dd6de072e,Wallis Orchard Practical Shooters December USPSA Match,2023-12-17,7,Bay 7 JC214,10fc4d59-0f3a-204f-a444-4d990c6bb83a,Jeannie Marrone,50,52.32,15,56.00,Open,C,TY133357,MAJOR,Lady; Super Senior,67.1971,62.7865,3.9116,27.61,12,,12,,,,,,
80e8df22-03e2-4ba6-be0e-af5dd6de072e,Wallis Orchard Practical Shooters December USPSA Match,2023-12-17,7,Bay 7 JC214,10fc4d59-0f3a-204f-a444-4d990c6bb83a,Matthew Givens,51,52.31,17,58.59,Limited Optics,C,Ty137686,MINOR,,70.3080,62.7769,3.9110,29.66,22,,2,,,,,,
80e8df22-03e2-4ba6-be0e-af5dd6de072e,Wallis Orchard Practical Shooters December USPSA Match,2023-12-17,7,Bay 7 JC214,10fc4d59-0f3a-204f-a444-4d990c6bb83a,Jack LIU,52,51.75,3,89.83,PCC,A,l6156,MINOR,Law Enforcement,107.7955,62.0963,3.8686,22.23,20,,2,,2,,,,
80e8df22-03e2-4ba6-be0e-af5dd6de072e,Wallis Orchard Practical Shooters December USPSA Match,2023-12-17,7,Bay 7 JC214,10fc4d59-0f3a-204f-a444-4d990c6bb83a,Jason Wells,53,51.28,18,57.43,Limited Optics,U,L5218,MINOR,,68.9220,61.5393,3.8339,18.78,18,,4,,2,,,1,
80e8df22-03e2-4ba6-be0e-af5dd6de072e,Wallis Orchard Practical Shooters December USPSA Match,2023-12-17,7,Bay 7 JC214,10fc4d59-0f3a-204f-a444-4d990c6bb83a,Gennady Khokhorin,54,50.86,2,94.52,Production,B,A123884,MINOR,Super Senior,113.4276,61.0273,3.8020,25.25,18,,5,1,,,1,,
80e8df22-03e2-4ba6-be0e-af5dd6de072e,Wallis Orchard Practical Shooters December USPSA Match,2023-12-17,7,Bay 7 JC214,10fc4d59-0f3a-204f-a444-4d990c6bb83a,Ramil Villanueva,55,50.55,13,59.73,Carry Optics,D,A110261,MINOR,Senior,71.6738,60.6629,3.7793,23.02,15,,7,1,1,,,,
80e8df22-03e2-4ba6-be0e-af5dd6de072e,Wallis Orchard Practical Shooters December USPSA Match,2023-12-17,7,Bay 7 JC214,10fc4d59-0f3a-204f-a444-4d990c6bb83a,Jeremiah Hunt,56,49.97,19,55.96,Limited Optics,C,A148592,MINOR,,67.1548,59.9615,3.7356,24.36,17,,5,1,1,,,,
80e8df22-03e2-4ba6-be0e-af5dd6de072e,Wallis Orchard Practical Shooters December USPSA Match,2023-12-17,7,Bay 7 JC214,10fc4d59-0f3a-204f-a444-4d990c6bb83a,Edwin Garcia,57,49.96,4,86.73,PCC,M,Ty38396,MINOR,,104.0700,59.9502,3.7349,16.60,18,,4,,2,,2,,
80e8df22-03e2-4ba6-be0e-af5dd6de072e,Wallis Orchard Practical Shooters December USPSA Match,2023-12-17,7,Bay 7 JC214,10fc4d59-0f3a-204f-a444-4d990c6bb83a,Virak Meas,58,49.79,20,55.76,Limited Optics,U,Q,MINOR,Senior,66.9140,59.7464,3.7222,26.06,20,,2,1,1,,,,
80e8df22-03e2-4ba6-be0e-af5dd6de072e,Wallis Orchard Practical Shooters December USPSA Match,2023-12-17,7,Bay 7 JC214,10fc4d59-0f3a-204f-a444-4d990c6bb83a,Michael Pontious,59,49.28,21,55.19,Limited Optics,U,fy94575,MINOR,Senior,66.2272,59.1332,3.6840,22.53,15,,5,3,1,,,,
80e8df22-03e2-4ba6-be0e-af5dd6de072e,Wallis Orchard Practical Shooters December USPSA Match,2023-12-17,7,Bay 7 JC214,10fc4d59-0f3a-204f-a444-4d990c6bb83a,michael Chang,60,48.39,16,51.79,Open,,,MAJOR,,62.1499,58.0706,3.6178,25.43,16,,4,3,1,,,,
80e8df22-03e2-4ba6-be0e-af5dd6de072e,Wallis Orchard Practical Shooters December USPSA Match,2023-12-17,7,Bay 7 JC214,10fc4d59-0f3a-204f-a444-4d990c6bb83a,Rene Zalamea,61,46.63,17,49.91,Open,C,A66891,MAJOR,Senior,59.8926,55.9615,3.4864,23.52,16,,5,1,2,,,,
80e8df22-03e2-4ba6-be0e-af5dd6de072e,Wallis Orchard Practical Shooters December USPSA Match,2023-12-17,7,Bay 7 JC214,10fc4d59-0f3a-204f-a444-4d990c6bb83a,Chang Qian,62,44.47,3,82.65,Production,U,A150939,MINOR,,99.1850,53.3644,3.3246,30.68,17,,5,2,,,,,
80e8df22-03e2-4ba6-be0e-af5dd6de072e,Wallis Orchard Practical Shooters December USPSA Match,2023-12-17,7,Bay 7 JC214,10fc4d59-0f3a-204f-a444-4d990c6bb83a,Pat Byrne,63,44.02,1,100.00,Single Stack,B,Fy93921,MINOR,Super Senior,120.0000,52.8218,3.2908,24.31,17,,5,,2,,,,
80e8df22-03e2-4ba6-be0e-af5dd6de072e,Wallis Orchard Practical Shooters December USPSA Match,2023-12-17,7,Bay 7 JC214,10fc4d59-0f3a-204f-a444-4d990c6bb83a,Chris Eisenhour,64,43.81,4,81.43,Production,D,A155073,MINOR,NEW SHOOTER,97.7113,52.5714,3.2752,23.51,11,,10,2,1,,,,
80e8df22-03e2-4ba6-be0e-af5dd6de072e,Wallis Orchard Practical Shooters December USPSA Match,2023-12-17,7,Bay 7 JC214,10fc4d59-0f3a-204f-a444-4d990c6bb83a,Qingbang Cai,65,43.27,14,51.12,Carry Optics,A,A148273,MINOR,,61.3437,51.9197,3.2346,18.24,18,,3,,3,,,1,
80e8df22-03e2-4ba6-be0e-af5dd6de072e,Wallis Orchard Practical Shooters December USPSA Match,2023-12-17,7,Bay 7 JC214,10fc4d59-0f3a-204f-a444-4d990c6bb83a,Robin Chen,66,43.10,15,50.92,Carry Optics,C,A152878,MINOR,Lady; Law Enforcement,61.1066,51.7191,3.2221,34.76,20,,4,,,,,,
80e8df22-03e2-4ba6-be0e-af5dd6de072e,Wallis Orchard Practical Shooters December USPSA Match,2023-12-17,7,Bay 7 JC214,10fc4d59-0f3a-204f-a444-4d990c6bb83a,Patrick Houstoun,67,42.71,16,50.47,Carry Optics,B,A148442,MINOR,Senior,60.5604,51.2568,3.1933,29.75,18,,5,,1,,,,
80e8df22-03e2-4ba6-be0e-af5dd6de072e,Wallis Orchard Practical Shooters December USPSA Match,2023-12-17,7,Bay 7 JC214,10fc4d59-0f3a-204f-a444-4d990c6bb83a,TJ Balingit,68,40.65,17,48.03,Carry Optics,U,A151010,MINOR,,57.6379,48.7833,3.0392,30.60,17,,6,,1,,,,
80e8df22-03e2-4ba6-be0e-af5dd6de072e,Wallis Orchard Practical Shooters December USPSA Match,2023-12-17,7,Bay 7 JC214,10fc4d59-0f3a-204f-a444-4d990c6bb83a,John Ren,69,39.62,5,39.62,Limited,C,A152674,MINOR,,47.5393,47.5393,2.9617,30.05,15,,8,,1,,,,
80e8df22-03e2-4ba6-be0e-af5dd6de072e,Wallis Orchard Practical Shooters December USPSA Match,2023-12-17,7,Bay 7 JC214,10fc4d59-0f3a-204f-a444-4d990c6bb83a,Karen Brusatori,70,39.60,22,44.35,Limited Optics,C,A149998,MAJOR,Lady,53.2227,47.5217,2.9606,28.71,17,,5,,2,,,,
80e8df22-03e2-4ba6-be0e-af5dd6de072e,Wallis Orchard Practical Shooters December USPSA Match,2023-12-17,7,Bay 7 JC214,10fc4d59-0f3a-204f-a444-4d990c6bb83a,Marc Demeza,71,39.59,5,73.58,Production,U,TY142892,MINOR,,88.3017,47.5088,2.9598,23.65,14,,6,2,2,,,,
80e8df22-03e2-4ba6-be0e-af5dd6de072e,Wallis Orchard Practical Shooters December USPSA Match,2023-12-17,7,Bay 7 JC214,10fc4d59-0f3a-204f-a444-4d990c6bb83a,Kexin Bai,72,38.75,18,41.47,Open,U,A155638,MAJOR,Foreign,49.7657,46.4992,2.8969,34.52,14,,10,,,,1,,
80e8df22-03e2-4ba6-be0e-af5dd6de072e,Wallis Orchard Practical Shooters December USPSA Match,2023-12-17,7,Bay 7 JC214,10fc4d59-0f3a-204f-a444-4d990c6bb83a,Zack Book,73,38.20,6,38.20,Limited,U,,MINOR,,45.8347,45.8347,2.8555,34.32,14,,9,1,,,,,
80e8df22-03e2-4ba6-be0e-af5dd6de072e,Wallis Orchard Practical Shooters December USPSA Match,2023-12-17,7,Bay 7 JC214,10fc4d59-0f3a-204f-a444-4d990c6bb83a,ian loyd,74,38.16,5,66.24,PCC,U,A148072,MINOR,,79.4938,45.7929,2.8529,40.66,22,,2,,,,,,
80e8df22-03e2-4ba6-be0e-af5dd6de072e,Wallis Orchard Practical Shooters December USPSA Match,2023-12-17,7,Bay 7 JC214,10fc4d59-0f3a-204f-a444-4d990c6bb83a,Alex Nguyen,75,36.19,18,42.75,Carry Optics,U,A151003,MINOR,,51.3056,43.4238,2.7053,20.70,16,,5,1,2,,,2,
80e8df22-03e2-4ba6-be0e-af5dd6de072e,Wallis Orchard Practical Shooters December USPSA Match,2023-12-17,7,Bay 7 JC214,10fc4d59-0f3a-204f-a444-4d990c6bb83a,Albert Legislador,76,33.49,19,39.57,Carry Optics,U,TY91787,MINOR,NEW SHOOTER,47.4842,40.1894,2.5038,26.36,16,,5,1,2,,,1,
80e8df22-03e2-4ba6-be0e-af5dd6de072e,Wallis Orchard Practical Shooters December USPSA Match,2023-12-17,7,Bay 7 JC214,10fc4d59-0f3a-204f-a444-4d990c6bb83a,Andrew Philip,77,33.44,23,37.45,Limited Optics,U,A153653,MINOR,Senior,44.9425,40.1284,2.5000,34.40,20,,2,,2,,,,
80e8df22-03e2-4ba6-be0e-af5dd6de072e,Wallis Orchard Practical Shooters December USPSA Match,2023-12-17,7,Bay 7 JC214,10fc4d59-0f3a-204f-a444-4d990c6bb83a,Loren Brusatori,78,32.27,19,34.54,Open,C,A149999,MINOR,,41.4476,38.7271,2.4127,31.50,15,,7,,2,,,,
80e8df22-03e2-4ba6-be0e-af5dd6de072e,Wallis Orchard Practical Shooters December USPSA Match,2023-12-17,7,Bay 7 JC214,10fc4d59-0f3a-204f-a444-4d990c6bb83a,Eric Wu,79,26.19,24,29.33,Limited Optics,U,,MINOR,,35.1918,31.4222,1.9576,48.53,18,,5,,1,,,,
80e8df22-03e2-4ba6-be0e-af5dd6de072e,Wallis Orchard Practical Shooters December USPSA Match,2023-12-17,7,Bay 7 JC214,10fc4d59-0f3a-204f-a444-4d990c6bb83a,Lawrence Fu,80,23.63,20,27.92,Carry Optics,U,Fy142081,MINOR,,33.5090,28.3612,1.7669,23.77,11,,9,,4,,,,
80e8df22-03e2-4ba6-be0e-af5dd6de072e,Wallis Orchard Practical Shooters December USPSA Match,2023-12-17,7,Bay 7 JC214,10fc4d59-0f3a-204f-a444-4d990c6bb83a,Valentina Bozzetti,81,21.99,21,25.98,Carry Optics,U,,MINOR,Lady,31.1725,26.3836,1.6437,45.02,15,,6,1,2,,,,
80e8df22-03e2-4ba6-be0e-af5dd6de072e,Wallis Orchard Practical Shooters December USPSA Match,2023-12-17,7,Bay 7 JC214,10fc4d59-0f3a-204f-a444-4d990c6bb83a,Ann Marquez,82,15.38,22,18.17,Carry Optics,U,,MINOR,NEW SHOOTER,21.8096,18.4591,1.1500,56.52,10,,11,2,1,,1,,
