match_id,match_name,match_date,stage_number,stage_name,stage_uuid,shooter_name,shooter_rank_combined,shooter_percent_combined,shooter_rank_division,shooter_percent_division,division,class,member_number,power_factor,categories,stage_points,stage_points_combined,hit_factor,time,A,B,C,D,M,NPM,NS,Proc,Apen
861c0eaa-ee8f-4966-a39c-e6537a9c2a91,GPS USPSA June Extra Saturday Special 2024,2024-06-29,1,Bay 4,56b72ded-75c3-4c8c-abd2-78796c6082a8,Chez Chike-Udenze,1,100.00,1,100.00,Open,A,A138598,MAJOR,,120.0000,120.0000,7.9823,13.53,16,,6,2,,,,,
861c0eaa-ee8f-4966-a39c-e6537a9c2a91,GPS USPSA June Extra Saturday Special 2024,2024-06-29,1,Bay 4,56b72ded-75c3-4c8c-abd2-78796c6082a8,Travis McKenzie,2,92.92,1,100.00,Limited Optics,M,L6340,MINOR,,120.0000,111.5017,7.4170,15.37,21,,3,,,,,,
861c0eaa-ee8f-4966-a39c-e6537a9c2a91,GPS USPSA June Extra Saturday Special 2024,2024-06-29,1,Bay 4,56b72ded-75c3-4c8c-abd2-78796c6082a8,Jack Liu,3,92.67,1,100.00,PCC,A,L6156,MINOR,Law Enforcement,120.0000,111.2055,7.3973,14.60,20,,2,2,,,,,
861c0eaa-ee8f-4966-a39c-e6537a9c2a91,GPS USPSA June Extra Saturday Special 2024,2024-06-29,1,Bay 4,56b72ded-75c3-4c8c-abd2-78796c6082a8,Michael Hanover,4,89.65,2,96.49,Limited Optics,A,A146302,MINOR,,115.7854,107.5855,7.1565,15.65,20,,4,,,,,,
861c0eaa-ee8f-4966-a39c-e6537a9c2a91,GPS USPSA June Extra Saturday Special 2024,2024-06-29,1,Bay 4,56b72ded-75c3-4c8c-abd2-78796c6082a8,August Balagtas,5,86.29,2,86.29,Open,M,L3674,MAJOR,,103.5476,103.5476,6.8879,15.97,18,,4,2,,,,,
861c0eaa-ee8f-4966-a39c-e6537a9c2a91,GPS USPSA June Extra Saturday Special 2024,2024-06-29,1,Bay 4,56b72ded-75c3-4c8c-abd2-78796c6082a8,Vinh Lam,6,84.56,1,100.00,Limited,M,Ty101025,MAJOR,,120.0000,101.4685,6.7496,16.89,18,,6,,,,,,
861c0eaa-ee8f-4966-a39c-e6537a9c2a91,GPS USPSA June Extra Saturday Special 2024,2024-06-29,1,Bay 4,56b72ded-75c3-4c8c-abd2-78796c6082a8,David Warren,7,81.45,3,87.66,Limited Optics,M,TY40917,MINOR,Senior,105.1865,97.7372,6.5014,18.15,23,,1,,,,,,
861c0eaa-ee8f-4966-a39c-e6537a9c2a91,GPS USPSA June Extra Saturday Special 2024,2024-06-29,1,Bay 4,56b72ded-75c3-4c8c-abd2-78796c6082a8,Roman Gwiscz,8,81.18,1,100.00,Carry Optics,A,L4670,MINOR,,120.0000,97.4215,6.4804,17.90,22,,2,,,,,,
861c0eaa-ee8f-4966-a39c-e6537a9c2a91,GPS USPSA June Extra Saturday Special 2024,2024-06-29,1,Bay 4,56b72ded-75c3-4c8c-abd2-78796c6082a8,Jim Havens,9,78.87,4,84.88,Limited Optics,M,TY114636,MINOR,Senior,101.8601,94.6464,6.2958,16.36,22,,1,,1,,,,
861c0eaa-ee8f-4966-a39c-e6537a9c2a91,GPS USPSA June Extra Saturday Special 2024,2024-06-29,1,Bay 4,56b72ded-75c3-4c8c-abd2-78796c6082a8,Jorge Cahas,10,76.46,3,76.46,Open,B,F-44522,MAJOR,Senior,91.7525,91.7525,6.1033,19.17,21,,3,,,,,,
861c0eaa-ee8f-4966-a39c-e6537a9c2a91,GPS USPSA June Extra Saturday Special 2024,2024-06-29,1,Bay 4,56b72ded-75c3-4c8c-abd2-78796c6082a8,Ryan Alicaya,11,76.01,5,81.80,Limited Optics,D,0,MINOR,,98.1648,91.2128,6.0674,17.80,19,,4,1,,,,,
861c0eaa-ee8f-4966-a39c-e6537a9c2a91,GPS USPSA June Extra Saturday Special 2024,2024-06-29,1,Bay 4,56b72ded-75c3-4c8c-abd2-78796c6082a8,Adam Bandiera,12,75.56,6,81.32,Limited Optics,B,A148375,MINOR,,97.5872,90.6761,6.0317,18.90,21,,3,,,,,,
861c0eaa-ee8f-4966-a39c-e6537a9c2a91,GPS USPSA June Extra Saturday Special 2024,2024-06-29,1,Bay 4,56b72ded-75c3-4c8c-abd2-78796c6082a8,Ross Winningham,13,73.96,7,79.60,Limited Optics,U,A159283,MINOR,,95.5146,88.7504,5.9036,16.60,16,,5,3,,,,,
861c0eaa-ee8f-4966-a39c-e6537a9c2a91,GPS USPSA June Extra Saturday Special 2024,2024-06-29,1,Bay 4,56b72ded-75c3-4c8c-abd2-78796c6082a8,Khoa Nguyen,14,72.72,8,78.27,Limited Optics,A,A117224,MINOR,Law Enforcement,93.9194,87.2681,5.8050,18.26,18,,5,1,,,,,
861c0eaa-ee8f-4966-a39c-e6537a9c2a91,GPS USPSA June Extra Saturday Special 2024,2024-06-29,1,Bay 4,56b72ded-75c3-4c8c-abd2-78796c6082a8,Tony Vale,15,72.54,2,89.35,Carry Optics,B,A153735,MINOR,,107.2175,87.0441,5.7901,16.58,14,,8,2,,,,,
861c0eaa-ee8f-4966-a39c-e6537a9c2a91,GPS USPSA June Extra Saturday Special 2024,2024-06-29,1,Bay 4,56b72ded-75c3-4c8c-abd2-78796c6082a8,Abe Valdez,16,72.43,3,89.22,Carry Optics,B,,MINOR,,107.0656,86.9208,5.7819,18.16,23,,,,1,,,,
861c0eaa-ee8f-4966-a39c-e6537a9c2a91,GPS USPSA June Extra Saturday Special 2024,2024-06-29,1,Bay 4,56b72ded-75c3-4c8c-abd2-78796c6082a8,Todd Ellison,17,72.32,2,78.04,PCC,C,A137376,MINOR,,93.6504,86.7870,5.7730,20.44,23,,1,,,,,,
861c0eaa-ee8f-4966-a39c-e6537a9c2a91,GPS USPSA June Extra Saturday Special 2024,2024-06-29,1,Bay 4,56b72ded-75c3-4c8c-abd2-78796c6082a8,Mike Kahl,18,71.69,4,88.31,Carry Optics,A,A70984,MINOR,Distinguished Senior,105.9694,86.0308,5.7227,20.27,22,,2,,,,,,
861c0eaa-ee8f-4966-a39c-e6537a9c2a91,GPS USPSA June Extra Saturday Special 2024,2024-06-29,1,Bay 4,56b72ded-75c3-4c8c-abd2-78796c6082a8,Anthony Giuliano,19,71.01,5,87.46,Carry Optics,B,A152263,MINOR,Law Enforcement,104.9565,85.2085,5.6680,19.76,20,,4,,,,,,
861c0eaa-ee8f-4966-a39c-e6537a9c2a91,GPS USPSA June Extra Saturday Special 2024,2024-06-29,1,Bay 4,56b72ded-75c3-4c8c-abd2-78796c6082a8,Jason Wells,20,69.07,9,74.33,Limited Optics,B,L5218,MINOR,,89.1999,82.8829,5.5133,21.04,22,,2,,,,,,
861c0eaa-ee8f-4966-a39c-e6537a9c2a91,GPS USPSA June Extra Saturday Special 2024,2024-06-29,1,Bay 4,56b72ded-75c3-4c8c-abd2-78796c6082a8,Wade Pruetz,21,69.04,4,69.04,Open,A,Ty79055,MAJOR,Senior,82.8453,82.8453,5.5108,16.15,17,,6,,1,,1,,
861c0eaa-ee8f-4966-a39c-e6537a9c2a91,GPS USPSA June Extra Saturday Special 2024,2024-06-29,1,Bay 4,56b72ded-75c3-4c8c-abd2-78796c6082a8,Kolton Cox,22,67.16,10,72.28,Limited Optics,C,A155275,MINOR,,86.7375,80.5948,5.3611,18.28,16,,5,3,,,,,
861c0eaa-ee8f-4966-a39c-e6537a9c2a91,GPS USPSA June Extra Saturday Special 2024,2024-06-29,1,Bay 4,56b72ded-75c3-4c8c-abd2-78796c6082a8,Jun Wu,23,66.86,3,72.15,PCC,B,A104927,MINOR,,86.5775,80.2325,5.3370,22.11,23,,1,,,,,,
861c0eaa-ee8f-4966-a39c-e6537a9c2a91,GPS USPSA June Extra Saturday Special 2024,2024-06-29,1,Bay 4,56b72ded-75c3-4c8c-abd2-78796c6082a8,Tim Yang,24,66.12,6,81.45,Carry Optics,U,,MINOR,,97.7347,79.3456,5.2780,21.22,20,,4,,,,,,
861c0eaa-ee8f-4966-a39c-e6537a9c2a91,GPS USPSA June Extra Saturday Special 2024,2024-06-29,1,Bay 4,56b72ded-75c3-4c8c-abd2-78796c6082a8,Rafael Delfin,25,64.92,7,79.97,Carry Optics,U,123334,MINOR,,95.9589,77.9039,5.1821,19.49,21,,2,,1,,,,
861c0eaa-ee8f-4966-a39c-e6537a9c2a91,GPS USPSA June Extra Saturday Special 2024,2024-06-29,1,Bay 4,56b72ded-75c3-4c8c-abd2-78796c6082a8,Mike Benitez,26,64.75,8,79.76,Carry Optics,U,A98298,MINOR,,95.7108,77.7024,5.1687,18.38,18,,5,,1,,,,
861c0eaa-ee8f-4966-a39c-e6537a9c2a91,GPS USPSA June Extra Saturday Special 2024,2024-06-29,1,Bay 4,56b72ded-75c3-4c8c-abd2-78796c6082a8,Luke Rogers,27,64.21,5,64.21,Open,U,A133534,MINOR,,77.0560,77.0560,5.1257,20.29,18,,4,2,,,,,
861c0eaa-ee8f-4966-a39c-e6537a9c2a91,GPS USPSA June Extra Saturday Special 2024,2024-06-29,1,Bay 4,56b72ded-75c3-4c8c-abd2-78796c6082a8,Ivan Drago,28,63.77,2,75.41,Limited,B,TY123776,MINOR,,90.4978,76.5223,5.0902,21.61,19,,5,,,,,,
861c0eaa-ee8f-4966-a39c-e6537a9c2a91,GPS USPSA June Extra Saturday Special 2024,2024-06-29,1,Bay 4,56b72ded-75c3-4c8c-abd2-78796c6082a8,Edwin Buchwalter,29,63.32,9,78.00,Carry Optics,C,TY102903,MINOR,,93.5961,75.9856,5.0545,22.95,22,,2,,,,,,
861c0eaa-ee8f-4966-a39c-e6537a9c2a91,GPS USPSA June Extra Saturday Special 2024,2024-06-29,1,Bay 4,56b72ded-75c3-4c8c-abd2-78796c6082a8,Tyler Kenny,30,62.95,10,77.54,Carry Optics,A,A148691,MINOR,,93.0480,75.5406,5.0249,20.10,21,,2,,1,,,,
861c0eaa-ee8f-4966-a39c-e6537a9c2a91,GPS USPSA June Extra Saturday Special 2024,2024-06-29,1,Bay 4,56b72ded-75c3-4c8c-abd2-78796c6082a8,Roger Feng,31,62.69,11,77.22,Carry Optics,B,A157776,MINOR,,92.6647,75.2294,5.0042,23.58,23,,1,,,,,,
861c0eaa-ee8f-4966-a39c-e6537a9c2a91,GPS USPSA June Extra Saturday Special 2024,2024-06-29,1,Bay 4,56b72ded-75c3-4c8c-abd2-78796c6082a8,Taylor Snodgrass,32,62.31,6,62.31,Open,U,A159149,MINOR,,74.7709,74.7709,4.9737,20.91,16,,8,,,,,,
861c0eaa-ee8f-4966-a39c-e6537a9c2a91,GPS USPSA June Extra Saturday Special 2024,2024-06-29,1,Bay 4,56b72ded-75c3-4c8c-abd2-78796c6082a8,John Brunkhorst,33,61.98,12,76.35,Carry Optics,B,L6310,MINOR,,91.6184,74.3801,4.9477,21.02,17,,6,1,,,,,
861c0eaa-ee8f-4966-a39c-e6537a9c2a91,GPS USPSA June Extra Saturday Special 2024,2024-06-29,1,Bay 4,56b72ded-75c3-4c8c-abd2-78796c6082a8,Brandon Hunt,34,60.88,11,65.52,Limited Optics,C,FY150701,MINOR,,78.6188,73.0511,4.8593,23.46,21,,3,,,,,,
861c0eaa-ee8f-4966-a39c-e6537a9c2a91,GPS USPSA June Extra Saturday Special 2024,2024-06-29,1,Bay 4,56b72ded-75c3-4c8c-abd2-78796c6082a8,Steven McNamara,35,60.81,12,65.45,Limited Optics,U,A75212,MINOR,Senior,78.5396,72.9775,4.8544,22.66,20,,3,1,,,,,
861c0eaa-ee8f-4966-a39c-e6537a9c2a91,GPS USPSA June Extra Saturday Special 2024,2024-06-29,1,Bay 4,56b72ded-75c3-4c8c-abd2-78796c6082a8,Heath Helgeson,36,58.34,13,71.86,Carry Optics,B,A149129,MINOR,,86.2299,70.0054,4.6567,16.75,17,,4,1,2,,,,
861c0eaa-ee8f-4966-a39c-e6537a9c2a91,GPS USPSA June Extra Saturday Special 2024,2024-06-29,1,Bay 4,56b72ded-75c3-4c8c-abd2-78796c6082a8,Randy Goodney,37,57.98,7,57.98,Open,A,A94852,MAJOR,Senior,69.5754,69.5754,4.6281,18.15,16,,6,,2,,,,
861c0eaa-ee8f-4966-a39c-e6537a9c2a91,GPS USPSA June Extra Saturday Special 2024,2024-06-29,1,Bay 4,56b72ded-75c3-4c8c-abd2-78796c6082a8,Gary Wu,38,57.22,14,70.49,Carry Optics,B,L2998,MINOR,Senior,84.5837,68.6689,4.5678,20.36,22,,1,,1,,1,,
861c0eaa-ee8f-4966-a39c-e6537a9c2a91,GPS USPSA June Extra Saturday Special 2024,2024-06-29,1,Bay 4,56b72ded-75c3-4c8c-abd2-78796c6082a8,Robbie Boettcher,39,56.76,15,69.91,Carry Optics,B,L5829,MINOR,,83.8930,68.1082,4.5305,24.28,19,,5,,,,,,
861c0eaa-ee8f-4966-a39c-e6537a9c2a91,GPS USPSA June Extra Saturday Special 2024,2024-06-29,1,Bay 4,56b72ded-75c3-4c8c-abd2-78796c6082a8,Sean Frederick,40,56.49,16,69.58,Carry Optics,C,A149482,MINOR,,83.4930,67.7835,4.5089,22.40,21,,2,,1,,,,
861c0eaa-ee8f-4966-a39c-e6537a9c2a91,GPS USPSA June Extra Saturday Special 2024,2024-06-29,1,Bay 4,56b72ded-75c3-4c8c-abd2-78796c6082a8,Kexin Bai,41,55.69,4,60.10,PCC,U,A155638,MINOR,,72.1155,66.8304,4.4455,20.92,17,,6,,1,,,,
861c0eaa-ee8f-4966-a39c-e6537a9c2a91,GPS USPSA June Extra Saturday Special 2024,2024-06-29,1,Bay 4,56b72ded-75c3-4c8c-abd2-78796c6082a8,Arnold Gee,42,55.59,13,59.83,Limited Optics,U,A103519,MINOR,Senior,71.7961,66.7116,4.4376,22.76,21,,2,,1,,,,
861c0eaa-ee8f-4966-a39c-e6537a9c2a91,GPS USPSA June Extra Saturday Special 2024,2024-06-29,1,Bay 4,56b72ded-75c3-4c8c-abd2-78796c6082a8,Andy Chen,43,55.37,5,59.75,PCC,A,A86721,MINOR,,71.7002,66.4455,4.4199,18.10,17,,5,,2,,,,
861c0eaa-ee8f-4966-a39c-e6537a9c2a91,GPS USPSA June Extra Saturday Special 2024,2024-06-29,1,Bay 4,56b72ded-75c3-4c8c-abd2-78796c6082a8,Karen Brusatori,44,55.31,14,59.53,Limited Optics,C,A149998,MINOR,Lady,71.4305,66.3718,4.4150,22.65,15,,8,1,,,,,
861c0eaa-ee8f-4966-a39c-e6537a9c2a91,GPS USPSA June Extra Saturday Special 2024,2024-06-29,1,Bay 4,56b72ded-75c3-4c8c-abd2-78796c6082a8,Nathan Bridges,45,54.98,17,67.73,Carry Optics,C,A139264,MINOR,,81.2728,65.9810,4.3890,23.24,17,,5,2,,,,,
861c0eaa-ee8f-4966-a39c-e6537a9c2a91,GPS USPSA June Extra Saturday Special 2024,2024-06-29,1,Bay 4,56b72ded-75c3-4c8c-abd2-78796c6082a8,Gil Yolo,46,54.65,18,67.32,Carry Optics,M,L5228,MINOR,,80.7839,65.5841,4.3626,17.65,15,,7,1,1,,1,,
861c0eaa-ee8f-4966-a39c-e6537a9c2a91,GPS USPSA June Extra Saturday Special 2024,2024-06-29,1,Bay 4,56b72ded-75c3-4c8c-abd2-78796c6082a8,Robin Chen,47,54.47,19,67.09,Carry Optics,C,A152878,MINOR,Lady; Law Enforcement,80.5098,65.3616,4.3478,25.30,19,,5,,,,,,
861c0eaa-ee8f-4966-a39c-e6537a9c2a91,GPS USPSA June Extra Saturday Special 2024,2024-06-29,1,Bay 4,56b72ded-75c3-4c8c-abd2-78796c6082a8,Pete Tsekouras,48,54.10,20,66.63,Carry Optics,C,A147367,MINOR,,79.9617,64.9166,4.3182,26.40,21,,3,,,,,,
861c0eaa-ee8f-4966-a39c-e6537a9c2a91,GPS USPSA June Extra Saturday Special 2024,2024-06-29,1,Bay 4,56b72ded-75c3-4c8c-abd2-78796c6082a8,Patrick Mccombs,49,53.42,21,65.80,Carry Optics,C,A157503,MINOR,,78.9599,64.1033,4.2641,21.81,18,,4,1,1,,,,
861c0eaa-ee8f-4966-a39c-e6537a9c2a91,GPS USPSA June Extra Saturday Special 2024,2024-06-29,1,Bay 4,56b72ded-75c3-4c8c-abd2-78796c6082a8,George Zhou,50,52.99,6,57.18,PCC,C,A146179,MINOR,,68.6180,63.5892,4.2299,18.44,17,,4,1,2,,,,
861c0eaa-ee8f-4966-a39c-e6537a9c2a91,GPS USPSA June Extra Saturday Special 2024,2024-06-29,1,Bay 4,56b72ded-75c3-4c8c-abd2-78796c6082a8,Michael Pontious,51,51.55,8,51.55,Open,B,fy94575,MAJOR,Senior,61.8559,61.8559,4.1146,27.22,20,,2,2,,,,,
861c0eaa-ee8f-4966-a39c-e6537a9c2a91,GPS USPSA June Extra Saturday Special 2024,2024-06-29,1,Bay 4,56b72ded-75c3-4c8c-abd2-78796c6082a8,John Ren,52,51.00,3,60.31,Limited,C,A152674,MINOR,,72.3758,61.1989,4.0709,26.53,18,,6,,,,,,
861c0eaa-ee8f-4966-a39c-e6537a9c2a91,GPS USPSA June Extra Saturday Special 2024,2024-06-29,1,Bay 4,56b72ded-75c3-4c8c-abd2-78796c6082a8,Edward Yu,53,50.09,7,54.05,PCC,C,A148356,MINOR,,64.8626,60.1090,3.9984,25.26,21,,2,,1,,,,
861c0eaa-ee8f-4966-a39c-e6537a9c2a91,GPS USPSA June Extra Saturday Special 2024,2024-06-29,1,Bay 4,56b72ded-75c3-4c8c-abd2-78796c6082a8,Dan Schreiber,54,49.69,15,53.48,Limited Optics,C,A147899,MINOR,Super Senior,64.1726,59.6279,3.9664,29.75,23,,1,,,,,,
861c0eaa-ee8f-4966-a39c-e6537a9c2a91,GPS USPSA June Extra Saturday Special 2024,2024-06-29,1,Bay 4,56b72ded-75c3-4c8c-abd2-78796c6082a8,Andrew Frey,55,49.09,22,60.47,Carry Optics,U,,MINOR,,72.5622,58.9093,3.9186,26.54,18,,4,2,,,,,
861c0eaa-ee8f-4966-a39c-e6537a9c2a91,GPS USPSA June Extra Saturday Special 2024,2024-06-29,1,Bay 4,56b72ded-75c3-4c8c-abd2-78796c6082a8,Andrew Philip,56,48.25,16,51.93,Limited Optics,C,A153653,MINOR,,62.3168,57.9036,3.8517,27.52,18,,5,1,,,,,
861c0eaa-ee8f-4966-a39c-e6537a9c2a91,GPS USPSA June Extra Saturday Special 2024,2024-06-29,1,Bay 4,56b72ded-75c3-4c8c-abd2-78796c6082a8,Jay Survant,57,46.97,23,57.86,Carry Optics,U,A158498,MINOR,,69.4309,56.3672,3.7495,26.67,15,,8,1,,,,,
861c0eaa-ee8f-4966-a39c-e6537a9c2a91,GPS USPSA June Extra Saturday Special 2024,2024-06-29,1,Bay 4,56b72ded-75c3-4c8c-abd2-78796c6082a8,Steven McKinney,58,46.17,24,56.87,Carry Optics,C,A104027,MINOR,,68.2439,55.4036,3.6854,26.32,19,,4,,1,,,,
861c0eaa-ee8f-4966-a39c-e6537a9c2a91,GPS USPSA June Extra Saturday Special 2024,2024-06-29,1,Bay 4,56b72ded-75c3-4c8c-abd2-78796c6082a8,Travis Walton,59,45.96,25,56.61,Carry Optics,C,A159321,MINOR,,67.9347,55.1525,3.6687,27.53,21,,2,,1,,,,
861c0eaa-ee8f-4966-a39c-e6537a9c2a91,GPS USPSA June Extra Saturday Special 2024,2024-06-29,1,Bay 4,56b72ded-75c3-4c8c-abd2-78796c6082a8,Eric Wu,60,45.52,17,48.99,Limited Optics,B,0,MINOR,,58.7930,54.6294,3.6339,21.74,14,,5,4,1,,,,
861c0eaa-ee8f-4966-a39c-e6537a9c2a91,GPS USPSA June Extra Saturday Special 2024,2024-06-29,1,Bay 4,56b72ded-75c3-4c8c-abd2-78796c6082a8,Anthony Smallwood,61,45.36,8,48.95,PCC,B,TY94508,MINOR,Super Senior,58.7387,54.4339,3.6209,22.37,17,,5,1,1,,1,,
861c0eaa-ee8f-4966-a39c-e6537a9c2a91,GPS USPSA June Extra Saturday Special 2024,2024-06-29,1,Bay 4,56b72ded-75c3-4c8c-abd2-78796c6082a8,Yulmer Carreno,62,45.05,26,55.50,Carry Optics,U,A157204,MINOR,,66.5940,54.0641,3.5963,25.86,18,,4,1,1,,,,
861c0eaa-ee8f-4966-a39c-e6537a9c2a91,GPS USPSA June Extra Saturday Special 2024,2024-06-29,1,Bay 4,56b72ded-75c3-4c8c-abd2-78796c6082a8,Carlos Escandon,63,45.03,18,48.47,Limited Optics,B,L2590,MINOR,Super Senior,58.1604,54.0416,3.5948,30.60,19,,5,,,,,,
861c0eaa-ee8f-4966-a39c-e6537a9c2a91,GPS USPSA June Extra Saturday Special 2024,2024-06-29,1,Bay 4,56b72ded-75c3-4c8c-abd2-78796c6082a8,Benjamin Michael,64,42.60,27,52.47,Carry Optics,C,L5472,MINOR,,62.9609,51.1146,3.4001,27.94,18,,5,,1,,,,
861c0eaa-ee8f-4966-a39c-e6537a9c2a91,GPS USPSA June Extra Saturday Special 2024,2024-06-29,1,Bay 4,56b72ded-75c3-4c8c-abd2-78796c6082a8,Abrahan Figueroa,65,41.47,19,44.63,Limited Optics,U,TY54053,MINOR,Senior,53.5510,49.7586,3.3099,28.40,19,,2,3,,,1,,
861c0eaa-ee8f-4966-a39c-e6537a9c2a91,GPS USPSA June Extra Saturday Special 2024,2024-06-29,1,Bay 4,56b72ded-75c3-4c8c-abd2-78796c6082a8,Andrew Bowman,66,40.87,28,50.35,Carry Optics,U,TY153695,MINOR,,60.4166,49.0490,3.2627,23.60,15,,7,1,1,,1,,
861c0eaa-ee8f-4966-a39c-e6537a9c2a91,GPS USPSA June Extra Saturday Special 2024,2024-06-29,1,Bay 4,56b72ded-75c3-4c8c-abd2-78796c6082a8,Calvin Chui,67,33.94,20,36.53,Limited Optics,U,A154291,MINOR,,43.8355,40.7311,2.7094,20.30,12,,8,1,3,,,,
861c0eaa-ee8f-4966-a39c-e6537a9c2a91,GPS USPSA June Extra Saturday Special 2024,2024-06-29,1,Bay 4,56b72ded-75c3-4c8c-abd2-78796c6082a8,Michael Chang,68,31.73,21,34.15,Limited Optics,U,A151409,MINOR,,40.9751,38.0732,2.5326,25.27,16,,4,2,2,,1,,
861c0eaa-ee8f-4966-a39c-e6537a9c2a91,GPS USPSA June Extra Saturday Special 2024,2024-06-29,1,Bay 4,56b72ded-75c3-4c8c-abd2-78796c6082a8,Daniel Zengerle,69,30.14,22,32.44,Limited Optics,U,A160569,MINOR,Senior,38.9252,36.1685,2.4059,28.68,17,,4,2,1,,2,,
861c0eaa-ee8f-4966-a39c-e6537a9c2a91,GPS USPSA June Extra Saturday Special 2024,2024-06-29,1,Bay 4,56b72ded-75c3-4c8c-abd2-78796c6082a8,Richard Dillow,70,30.09,9,30.09,Open,D,TY57446,MAJOR,Distinguished Senior,36.1024,36.1024,2.4015,32.48,16,,3,3,2,,,,
861c0eaa-ee8f-4966-a39c-e6537a9c2a91,GPS USPSA June Extra Saturday Special 2024,2024-06-29,1,Bay 4,56b72ded-75c3-4c8c-abd2-78796c6082a8,Andrew Anderson,71,28.56,29,35.18,Carry Optics,U,A160156,MINOR,Military,42.2215,34.2773,2.2801,39.91,17,,5,1,1,,,,
861c0eaa-ee8f-4966-a39c-e6537a9c2a91,GPS USPSA June Extra Saturday Special 2024,2024-06-29,1,Bay 4,56b72ded-75c3-4c8c-abd2-78796c6082a8,JR Roberts,72,24.05,1,100.00,Single Stack,C,TY102739,MAJOR,,120.0000,28.8624,1.9199,42.71,16,,5,1,2,,,,
861c0eaa-ee8f-4966-a39c-e6537a9c2a91,GPS USPSA June Extra Saturday Special 2024,2024-06-29,1,Bay 4,56b72ded-75c3-4c8c-abd2-78796c6082a8,christopher bulkley,73,21.78,30,26.83,Carry Optics,U,,MINOR,,32.1999,26.1413,1.7389,38.53,13,,6,4,1,,1,,
861c0eaa-ee8f-4966-a39c-e6537a9c2a91,GPS USPSA June Extra Saturday Special 2024,2024-06-29,1,Bay 4,56b72ded-75c3-4c8c-abd2-78796c6082a8,Alex Nguyen,74,18.38,2,76.42,Single Stack,C,A151003,MINOR,,91.7048,22.0568,1.4672,29.99,14,,4,2,4,,,,
861c0eaa-ee8f-4966-a39c-e6537a9c2a91,GPS USPSA June Extra Saturday Special 2024,2024-06-29,1,Bay 4,56b72ded-75c3-4c8c-abd2-78796c6082a8,Ryan Rocha,75,17.64,31,21.73,Carry Optics,U,A157957,MINOR,,26.0725,21.1668,1.4080,32.67,13,,6,3,2,,2,,
861c0eaa-ee8f-4966-a39c-e6537a9c2a91,GPS USPSA June Extra Saturday Special 2024,2024-06-29,1,Bay 4,56b72ded-75c3-4c8c-abd2-78796c6082a8,CHAN WILLIAM,76,12.95,23,13.94,Limited Optics,B,0,MINOR,,16.7227,15.5384,1.0336,15.48,14,,5,1,4,,3,,
861c0eaa-ee8f-4966-a39c-e6537a9c2a91,GPS USPSA June Extra Saturday Special 2024,2024-06-29,1,Bay 4,56b72ded-75c3-4c8c-abd2-78796c6082a8,Page Brunkhorst,77,8.40,3,34.94,Single Stack,C,L4903,MAJOR,Senior,41.9334,10.0858,0.6709,61.11,13,,6,1,4,,1,,
861c0eaa-ee8f-4966-a39c-e6537a9c2a91,GPS USPSA June Extra Saturday Special 2024,2024-06-29,1,Bay 4,56b72ded-75c3-4c8c-abd2-78796c6082a8,Virak Meas,78,0.53,24,0.58,Limited Optics,U,O,MINOR,Senior,0.6908,0.6419,0.0427,23.40,15,,2,,7,,1,,
861c0eaa-ee8f-4966-a39c-e6537a9c2a91,GPS USPSA June Extra Saturday Special 2024,2024-06-29,1,Bay 4,56b72ded-75c3-4c8c-abd2-78796c6082a8,Jason Wells2,79,0.00,25,0.00,Limited Optics,B,L5218,MINOR,,0.0000,0.0000,,,,,,,,,,,
861c0eaa-ee8f-4966-a39c-e6537a9c2a91,GPS USPSA June Extra Saturday Special 2024,2024-06-29,2,Bay 5,fabe2272-a44f-4500-b9f7-4cbcb65f11f8,Michael Hanover,1,100.00,1,100.00,Limited Optics,A,A146302,MINOR,,115.0000,115.0000,6.2430,17.78,21,,2,,,,,,
861c0eaa-ee8f-4966-a39c-e6537a9c2a91,GPS USPSA June Extra Saturday Special 2024,2024-06-29,2,Bay 5,fabe2272-a44f-4500-b9f7-4cbcb65f11f8,Gil Yolo,2,94.94,1,100.00,Carry Optics,M,L5228,MINOR,,115.0000,109.1809,5.9271,18.39,20,,3,,,,,,
861c0eaa-ee8f-4966-a39c-e6537a9c2a91,GPS USPSA June Extra Saturday Special 2024,2024-06-29,2,Bay 5,fabe2272-a44f-4500-b9f7-4cbcb65f11f8,Ryan Alicaya,3,92.31,2,92.31,Limited Optics,D,0,MINOR,,106.1618,106.1618,5.7632,19.26,21,,2,,,,,,
861c0eaa-ee8f-4966-a39c-e6537a9c2a91,GPS USPSA June Extra Saturday Special 2024,2024-06-29,2,Bay 5,fabe2272-a44f-4500-b9f7-4cbcb65f11f8,Taylor Snodgrass,4,89.69,1,100.00,Open,U,A159149,MINOR,,115.0000,103.1408,5.5992,19.11,19,,4,,,,,,
861c0eaa-ee8f-4966-a39c-e6537a9c2a91,GPS USPSA June Extra Saturday Special 2024,2024-06-29,2,Bay 5,fabe2272-a44f-4500-b9f7-4cbcb65f11f8,Luke Rogers,5,88.94,2,99.17,Open,U,A133534,MINOR,,114.0429,102.2824,5.5526,18.55,17,,6,,,,,,
861c0eaa-ee8f-4966-a39c-e6537a9c2a91,GPS USPSA June Extra Saturday Special 2024,2024-06-29,2,Bay 5,fabe2272-a44f-4500-b9f7-4cbcb65f11f8,Tony Vale,6,86.98,2,91.61,Carry Optics,B,A153735,MINOR,,105.3570,100.0259,5.4301,18.60,16,,7,,,,,,
861c0eaa-ee8f-4966-a39c-e6537a9c2a91,GPS USPSA June Extra Saturday Special 2024,2024-06-29,2,Bay 5,fabe2272-a44f-4500-b9f7-4cbcb65f11f8,Jim Havens,7,84.22,3,84.22,Limited Optics,M,TY114636,MINOR,Senior,96.8520,96.8520,5.2578,19.59,18,,4,1,,,,,
861c0eaa-ee8f-4966-a39c-e6537a9c2a91,GPS USPSA June Extra Saturday Special 2024,2024-06-29,2,Bay 5,fabe2272-a44f-4500-b9f7-4cbcb65f11f8,David Warren,8,83.37,4,83.37,Limited Optics,M,TY40917,MINOR,Senior,95.8720,95.8720,5.2046,19.79,18,,4,1,,,,,
861c0eaa-ee8f-4966-a39c-e6537a9c2a91,GPS USPSA June Extra Saturday Special 2024,2024-06-29,2,Bay 5,fabe2272-a44f-4500-b9f7-4cbcb65f11f8,CHAN WILLIAM,9,82.51,5,82.51,Limited Optics,B,0,MINOR,,94.8847,94.8847,5.1510,16.89,13,,6,4,,,,,
861c0eaa-ee8f-4966-a39c-e6537a9c2a91,GPS USPSA June Extra Saturday Special 2024,2024-06-29,2,Bay 5,fabe2272-a44f-4500-b9f7-4cbcb65f11f8,Randy Goodney,10,80.16,3,89.38,Open,A,A94852,MAJOR,Senior,102.7857,92.1860,5.0045,21.98,18,,5,,,,,,
861c0eaa-ee8f-4966-a39c-e6537a9c2a91,GPS USPSA June Extra Saturday Special 2024,2024-06-29,2,Bay 5,fabe2272-a44f-4500-b9f7-4cbcb65f11f8,Vinh Lam,11,79.18,1,100.00,Limited,M,Ty101025,MAJOR,,115.0000,91.0605,4.9434,19.42,18,,4,,1,,,,
861c0eaa-ee8f-4966-a39c-e6537a9c2a91,GPS USPSA June Extra Saturday Special 2024,2024-06-29,2,Bay 5,fabe2272-a44f-4500-b9f7-4cbcb65f11f8,Roman Gwiscz,12,78.78,3,82.97,Carry Optics,A,L4670,MINOR,,95.4210,90.5927,4.9180,21.35,19,,3,1,,,,,
861c0eaa-ee8f-4966-a39c-e6537a9c2a91,GPS USPSA June Extra Saturday Special 2024,2024-06-29,2,Bay 5,fabe2272-a44f-4500-b9f7-4cbcb65f11f8,Tim Yang,13,76.58,4,80.67,Carry Optics,U,,MINOR,,92.7648,88.0709,4.7811,22.38,20,,2,1,,,,,
861c0eaa-ee8f-4966-a39c-e6537a9c2a91,GPS USPSA June Extra Saturday Special 2024,2024-06-29,2,Bay 5,fabe2272-a44f-4500-b9f7-4cbcb65f11f8,Khoa Nguyen,14,76.57,6,76.57,Limited Optics,A,A117224,MINOR,Law Enforcement,88.0580,88.0580,4.7804,17.99,16,,5,1,1,,,,
861c0eaa-ee8f-4966-a39c-e6537a9c2a91,GPS USPSA June Extra Saturday Special 2024,2024-06-29,2,Bay 5,fabe2272-a44f-4500-b9f7-4cbcb65f11f8,Calvin Chui,15,76.45,7,76.45,Limited Optics,U,A154291,MINOR,,87.9125,87.9125,4.7725,22.42,19,,4,,,,,,
861c0eaa-ee8f-4966-a39c-e6537a9c2a91,GPS USPSA June Extra Saturday Special 2024,2024-06-29,2,Bay 5,fabe2272-a44f-4500-b9f7-4cbcb65f11f8,Steven McNamara,16,75.56,8,75.56,Limited Optics,U,A75212,MINOR,Senior,86.8901,86.8901,4.7170,22.26,19,,3,1,,,,,
861c0eaa-ee8f-4966-a39c-e6537a9c2a91,GPS USPSA June Extra Saturday Special 2024,2024-06-29,2,Bay 5,fabe2272-a44f-4500-b9f7-4cbcb65f11f8,Robbie Boettcher,17,74.65,5,78.63,Carry Optics,B,L5829,MINOR,,90.4210,85.8457,4.6603,22.96,19,,4,,,,,,
861c0eaa-ee8f-4966-a39c-e6537a9c2a91,GPS USPSA June Extra Saturday Special 2024,2024-06-29,2,Bay 5,fabe2272-a44f-4500-b9f7-4cbcb65f11f8,August Balagtas,18,70.43,4,78.53,Open,M,L3674,MAJOR,,90.3125,80.9992,4.3972,20.24,13,,8,1,1,,,,
861c0eaa-ee8f-4966-a39c-e6537a9c2a91,GPS USPSA June Extra Saturday Special 2024,2024-06-29,2,Bay 5,fabe2272-a44f-4500-b9f7-4cbcb65f11f8,Kolton Cox,19,70.13,9,70.13,Limited Optics,C,A155275,MINOR,,80.6547,80.6547,4.3785,19.87,14,,4,5,,,,,
861c0eaa-ee8f-4966-a39c-e6537a9c2a91,GPS USPSA June Extra Saturday Special 2024,2024-06-29,2,Bay 5,fabe2272-a44f-4500-b9f7-4cbcb65f11f8,Michael Pontious,20,69.53,5,77.53,Open,B,fy94575,MAJOR,Senior,89.1542,79.9603,4.3408,24.88,16,,7,,,,,,
861c0eaa-ee8f-4966-a39c-e6537a9c2a91,GPS USPSA June Extra Saturday Special 2024,2024-06-29,2,Bay 5,fabe2272-a44f-4500-b9f7-4cbcb65f11f8,Jun Wu,21,69.50,1,100.00,PCC,B,A104927,MINOR,,115.0000,79.9234,4.3388,24.20,18,,5,,,,,,
861c0eaa-ee8f-4966-a39c-e6537a9c2a91,GPS USPSA June Extra Saturday Special 2024,2024-06-29,2,Bay 5,fabe2272-a44f-4500-b9f7-4cbcb65f11f8,Jorge Cahas,22,69.11,6,77.06,Open,B,F-44522,MAJOR,Senior,88.6202,79.4813,4.3148,25.03,16,,7,,,,,,
861c0eaa-ee8f-4966-a39c-e6537a9c2a91,GPS USPSA June Extra Saturday Special 2024,2024-06-29,2,Bay 5,fabe2272-a44f-4500-b9f7-4cbcb65f11f8,Adam Bandiera,23,67.43,10,67.43,Limited Optics,B,A148375,MINOR,,77.5435,77.5435,4.2096,22.33,19,,3,,1,,,,
861c0eaa-ee8f-4966-a39c-e6537a9c2a91,GPS USPSA June Extra Saturday Special 2024,2024-06-29,2,Bay 5,fabe2272-a44f-4500-b9f7-4cbcb65f11f8,Mike Kahl,24,67.17,6,70.75,Carry Optics,A,A70984,MINOR,Distinguished Senior,81.3679,77.2506,4.1937,23.13,15,,7,1,,,,,
861c0eaa-ee8f-4966-a39c-e6537a9c2a91,GPS USPSA June Extra Saturday Special 2024,2024-06-29,2,Bay 5,fabe2272-a44f-4500-b9f7-4cbcb65f11f8,Gary Wu,25,67.15,7,70.73,Carry Optics,B,L2998,MINOR,Senior,81.3368,77.2211,4.1921,22.90,20,,2,,1,,,,
861c0eaa-ee8f-4966-a39c-e6537a9c2a91,GPS USPSA June Extra Saturday Special 2024,2024-06-29,2,Bay 5,fabe2272-a44f-4500-b9f7-4cbcb65f11f8,Roger Feng,26,67.07,8,70.64,Carry Optics,B,A157776,MINOR,,81.2359,77.1253,4.1869,22.69,20,,1,2,,,1,,
861c0eaa-ee8f-4966-a39c-e6537a9c2a91,GPS USPSA June Extra Saturday Special 2024,2024-06-29,2,Bay 5,fabe2272-a44f-4500-b9f7-4cbcb65f11f8,Jack Liu,27,66.39,2,95.52,PCC,A,L6156,MINOR,Law Enforcement,109.8527,76.3461,4.1446,20.75,15,,7,,1,,,,
861c0eaa-ee8f-4966-a39c-e6537a9c2a91,GPS USPSA June Extra Saturday Special 2024,2024-06-29,2,Bay 5,fabe2272-a44f-4500-b9f7-4cbcb65f11f8,Anthony Giuliano,28,66.26,9,69.79,Carry Optics,B,A152263,MINOR,Law Enforcement,80.2581,76.1969,4.1365,24.90,17,,6,,,,,,
861c0eaa-ee8f-4966-a39c-e6537a9c2a91,GPS USPSA June Extra Saturday Special 2024,2024-06-29,2,Bay 5,fabe2272-a44f-4500-b9f7-4cbcb65f11f8,Heath Helgeson,29,64.94,10,68.40,Carry Optics,B,A149129,MINOR,,78.6593,74.6791,4.0541,23.68,20,,2,,1,,,,
861c0eaa-ee8f-4966-a39c-e6537a9c2a91,GPS USPSA June Extra Saturday Special 2024,2024-06-29,2,Bay 5,fabe2272-a44f-4500-b9f7-4cbcb65f11f8,Anthony Smallwood,30,64.90,3,93.39,PCC,B,TY94508,MINOR,Super Senior,107.3957,74.6386,4.0519,25.42,18,,4,1,,,,,
861c0eaa-ee8f-4966-a39c-e6537a9c2a91,GPS USPSA June Extra Saturday Special 2024,2024-06-29,2,Bay 5,fabe2272-a44f-4500-b9f7-4cbcb65f11f8,Ivan Drago,31,64.24,2,81.13,Limited,B,TY123776,MINOR,,93.2976,73.8759,4.0105,22.94,18,,4,,1,,,,
861c0eaa-ee8f-4966-a39c-e6537a9c2a91,GPS USPSA June Extra Saturday Special 2024,2024-06-29,2,Bay 5,fabe2272-a44f-4500-b9f7-4cbcb65f11f8,Robin Chen,32,63.90,11,67.31,Carry Optics,C,A152878,MINOR,Lady; Law Enforcement,77.4040,73.4873,3.9894,26.32,18,,5,,,,,,
861c0eaa-ee8f-4966-a39c-e6537a9c2a91,GPS USPSA June Extra Saturday Special 2024,2024-06-29,2,Bay 5,fabe2272-a44f-4500-b9f7-4cbcb65f11f8,John Brunkhorst,33,63.72,12,67.12,Carry Optics,B,L6310,MINOR,,77.1867,73.2810,3.9782,23.88,14,,8,1,,,,,
861c0eaa-ee8f-4966-a39c-e6537a9c2a91,GPS USPSA June Extra Saturday Special 2024,2024-06-29,2,Bay 5,fabe2272-a44f-4500-b9f7-4cbcb65f11f8,Wade Pruetz,34,63.18,7,70.45,Open,A,Ty79055,MAJOR,Senior,81.0126,72.6583,3.9444,18.00,15,,6,1,1,,2,,
861c0eaa-ee8f-4966-a39c-e6537a9c2a91,GPS USPSA June Extra Saturday Special 2024,2024-06-29,2,Bay 5,fabe2272-a44f-4500-b9f7-4cbcb65f11f8,Travis McKenzie,35,60.73,11,60.73,Limited Optics,M,L6340,MINOR,,69.8363,69.8363,3.7912,20.31,17,,4,,2,,,,
861c0eaa-ee8f-4966-a39c-e6537a9c2a91,GPS USPSA June Extra Saturday Special 2024,2024-06-29,2,Bay 5,fabe2272-a44f-4500-b9f7-4cbcb65f11f8,Karen Brusatori,36,60.53,12,60.53,Limited Optics,C,A149998,MINOR,Lady,69.6116,69.6116,3.7790,24.61,14,,7,2,,,,,
861c0eaa-ee8f-4966-a39c-e6537a9c2a91,GPS USPSA June Extra Saturday Special 2024,2024-06-29,2,Bay 5,fabe2272-a44f-4500-b9f7-4cbcb65f11f8,Abrahan Figueroa,37,60.48,13,60.48,Limited Optics,U,TY54053,MINOR,Senior,69.5508,69.5508,3.7757,26.75,17,,5,1,,,,,
861c0eaa-ee8f-4966-a39c-e6537a9c2a91,GPS USPSA June Extra Saturday Special 2024,2024-06-29,2,Bay 5,fabe2272-a44f-4500-b9f7-4cbcb65f11f8,Brandon Hunt,38,59.08,14,59.08,Limited Optics,C,FY150701,MINOR,,67.9445,67.9445,3.6885,24.40,17,,5,,1,,,,
861c0eaa-ee8f-4966-a39c-e6537a9c2a91,GPS USPSA June Extra Saturday Special 2024,2024-06-29,2,Bay 5,fabe2272-a44f-4500-b9f7-4cbcb65f11f8,Andy Chen,39,57.42,4,82.62,PCC,A,A86721,MINOR,,95.0073,66.0288,3.5845,24.55,17,,4,1,1,,,,
861c0eaa-ee8f-4966-a39c-e6537a9c2a91,GPS USPSA June Extra Saturday Special 2024,2024-06-29,2,Bay 5,fabe2272-a44f-4500-b9f7-4cbcb65f11f8,Andrew Bowman,40,57.25,13,60.30,Carry Optics,U,TY153695,MINOR,,69.3500,65.8409,3.5743,24.62,16,,6,,1,,,,
861c0eaa-ee8f-4966-a39c-e6537a9c2a91,GPS USPSA June Extra Saturday Special 2024,2024-06-29,2,Bay 5,fabe2272-a44f-4500-b9f7-4cbcb65f11f8,Jay Survant,41,57.10,14,60.15,Carry Optics,U,A158498,MINOR,,69.1696,65.6695,3.5650,27.77,20,,3,,,,1,,
861c0eaa-ee8f-4966-a39c-e6537a9c2a91,GPS USPSA June Extra Saturday Special 2024,2024-06-29,2,Bay 5,fabe2272-a44f-4500-b9f7-4cbcb65f11f8,Rafael Delfin,42,55.56,15,58.52,Carry Optics,U,123334,MINOR,,67.2992,63.8938,3.4686,27.10,19,,3,,1,,,,
861c0eaa-ee8f-4966-a39c-e6537a9c2a91,GPS USPSA June Extra Saturday Special 2024,2024-06-29,2,Bay 5,fabe2272-a44f-4500-b9f7-4cbcb65f11f8,Jason Wells,43,54.36,15,54.36,Limited Optics,B,L5218,MINOR,,62.5196,62.5196,3.3940,20.33,16,,2,3,2,,,,
861c0eaa-ee8f-4966-a39c-e6537a9c2a91,GPS USPSA June Extra Saturday Special 2024,2024-06-29,2,Bay 5,fabe2272-a44f-4500-b9f7-4cbcb65f11f8,Eric Wu,44,53.22,16,53.22,Limited Optics,B,0,MINOR,,61.2025,61.2025,3.3225,24.68,13,,9,,1,,,,
861c0eaa-ee8f-4966-a39c-e6537a9c2a91,GPS USPSA June Extra Saturday Special 2024,2024-06-29,2,Bay 5,fabe2272-a44f-4500-b9f7-4cbcb65f11f8,Patrick Mccombs,45,52.60,16,55.40,Carry Optics,C,A157503,MINOR,,63.7117,60.4878,3.2837,26.19,15,,7,,1,,,,
861c0eaa-ee8f-4966-a39c-e6537a9c2a91,GPS USPSA June Extra Saturday Special 2024,2024-06-29,2,Bay 5,fabe2272-a44f-4500-b9f7-4cbcb65f11f8,Benjamin Michael,46,51.26,17,53.99,Carry Optics,C,L5472,MINOR,,62.0877,58.9460,3.2000,27.50,17,,4,1,1,,,,
861c0eaa-ee8f-4966-a39c-e6537a9c2a91,GPS USPSA June Extra Saturday Special 2024,2024-06-29,2,Bay 5,fabe2272-a44f-4500-b9f7-4cbcb65f11f8,Arnold Gee,47,48.24,17,48.24,Limited Optics,U,A103519,MINOR,Senior,55.4793,55.4793,3.0118,22.91,14,,6,1,2,,,,
861c0eaa-ee8f-4966-a39c-e6537a9c2a91,GPS USPSA June Extra Saturday Special 2024,2024-06-29,2,Bay 5,fabe2272-a44f-4500-b9f7-4cbcb65f11f8,Edwin Buchwalter,48,47.52,18,50.06,Carry Optics,C,TY102903,MINOR,,57.5650,54.6522,2.9669,26.29,16,,6,,1,,1,,
861c0eaa-ee8f-4966-a39c-e6537a9c2a91,GPS USPSA June Extra Saturday Special 2024,2024-06-29,2,Bay 5,fabe2272-a44f-4500-b9f7-4cbcb65f11f8,Kexin Bai,49,45.37,5,65.28,PCC,U,A155638,MINOR,,75.0755,52.1764,2.8325,28.95,14,,7,1,1,,,,
861c0eaa-ee8f-4966-a39c-e6537a9c2a91,GPS USPSA June Extra Saturday Special 2024,2024-06-29,2,Bay 5,fabe2272-a44f-4500-b9f7-4cbcb65f11f8,Richard Dillow,50,45.11,8,50.30,Open,D,TY57446,MAJOR,Distinguished Senior,57.8450,51.8799,2.8164,26.63,15,,4,2,2,,,,
861c0eaa-ee8f-4966-a39c-e6537a9c2a91,GPS USPSA June Extra Saturday Special 2024,2024-06-29,2,Bay 5,fabe2272-a44f-4500-b9f7-4cbcb65f11f8,Carlos Escandon,51,44.85,18,44.85,Limited Optics,B,L2590,MINOR,Super Senior,51.5778,51.5778,2.8000,37.50,18,,5,,,,,,
861c0eaa-ee8f-4966-a39c-e6537a9c2a91,GPS USPSA June Extra Saturday Special 2024,2024-06-29,2,Bay 5,fabe2272-a44f-4500-b9f7-4cbcb65f11f8,Edward Yu,52,44.57,6,64.14,PCC,C,A148356,MINOR,,73.7582,51.2609,2.7828,21.92,15,,5,1,2,,,1,
861c0eaa-ee8f-4966-a39c-e6537a9c2a91,GPS USPSA June Extra Saturday Special 2024,2024-06-29,2,Bay 5,fabe2272-a44f-4500-b9f7-4cbcb65f11f8,Dan Schreiber,53,44.55,19,44.55,Limited Optics,C,A147899,MINOR,Super Senior,51.2370,51.2370,2.7815,37.75,19,,3,1,,,,,
861c0eaa-ee8f-4966-a39c-e6537a9c2a91,GPS USPSA June Extra Saturday Special 2024,2024-06-29,2,Bay 5,fabe2272-a44f-4500-b9f7-4cbcb65f11f8,Ross Winningham,54,43.81,20,43.81,Limited Optics,U,A159283,MINOR,,50.3804,50.3804,2.7350,20.11,11,,10,,2,,1,,
861c0eaa-ee8f-4966-a39c-e6537a9c2a91,GPS USPSA June Extra Saturday Special 2024,2024-06-29,2,Bay 5,fabe2272-a44f-4500-b9f7-4cbcb65f11f8,Pete Tsekouras,55,43.31,19,45.62,Carry Optics,C,A147367,MINOR,,52.4602,49.8057,2.7038,24.78,17,,4,,2,,,1,
861c0eaa-ee8f-4966-a39c-e6537a9c2a91,GPS USPSA June Extra Saturday Special 2024,2024-06-29,2,Bay 5,fabe2272-a44f-4500-b9f7-4cbcb65f11f8,Andrew Philip,56,42.25,21,42.25,Limited Optics,C,A153653,MINOR,,48.5918,48.5918,2.6379,33.36,16,,6,,1,,,,
861c0eaa-ee8f-4966-a39c-e6537a9c2a91,GPS USPSA June Extra Saturday Special 2024,2024-06-29,2,Bay 5,fabe2272-a44f-4500-b9f7-4cbcb65f11f8,Chez Chike-Udenze,57,41.98,9,46.80,Open,A,A138598,MAJOR,,53.8215,48.2713,2.6205,19.08,14,,5,,4,,,,
861c0eaa-ee8f-4966-a39c-e6537a9c2a91,GPS USPSA June Extra Saturday Special 2024,2024-06-29,2,Bay 5,fabe2272-a44f-4500-b9f7-4cbcb65f11f8,Yulmer Carreno,58,41.64,20,43.86,Carry Optics,U,A157204,MINOR,,50.4404,47.8881,2.5997,34.62,19,,1,2,1,,,,
861c0eaa-ee8f-4966-a39c-e6537a9c2a91,GPS USPSA June Extra Saturday Special 2024,2024-06-29,2,Bay 5,fabe2272-a44f-4500-b9f7-4cbcb65f11f8,George Zhou,59,41.60,7,59.85,PCC,C,A146179,MINOR,,68.8282,47.8347,2.5968,23.49,12,,6,3,2,,,,
861c0eaa-ee8f-4966-a39c-e6537a9c2a91,GPS USPSA June Extra Saturday Special 2024,2024-06-29,2,Bay 5,fabe2272-a44f-4500-b9f7-4cbcb65f11f8,John Ren,60,41.19,3,52.02,Limited,C,A152674,MINOR,,59.8240,47.3705,2.5716,27.22,13,,8,1,1,,1,,
861c0eaa-ee8f-4966-a39c-e6537a9c2a91,GPS USPSA June Extra Saturday Special 2024,2024-06-29,2,Bay 5,fabe2272-a44f-4500-b9f7-4cbcb65f11f8,Abe Valdez,61,40.93,21,43.11,Carry Optics,B,,MINOR,,49.5731,47.0647,2.5550,25.44,12,,8,1,2,,,,
861c0eaa-ee8f-4966-a39c-e6537a9c2a91,GPS USPSA June Extra Saturday Special 2024,2024-06-29,2,Bay 5,fabe2272-a44f-4500-b9f7-4cbcb65f11f8,Daniel Zengerle,62,38.89,22,38.89,Limited Optics,U,A160569,MINOR,Senior,44.7216,44.7216,2.4278,30.48,19,,3,,1,,1,1,
861c0eaa-ee8f-4966-a39c-e6537a9c2a91,GPS USPSA June Extra Saturday Special 2024,2024-06-29,2,Bay 5,fabe2272-a44f-4500-b9f7-4cbcb65f11f8,Todd Ellison,63,37.07,8,53.34,PCC,C,A137376,MINOR,,61.3353,42.6272,2.3141,44.51,17,,6,,,,,,
861c0eaa-ee8f-4966-a39c-e6537a9c2a91,GPS USPSA June Extra Saturday Special 2024,2024-06-29,2,Bay 5,fabe2272-a44f-4500-b9f7-4cbcb65f11f8,Tyler Kenny,64,36.31,22,38.25,Carry Optics,A,A148691,MINOR,,43.9853,41.7596,2.2670,23.82,17,,3,,3,,,1,
861c0eaa-ee8f-4966-a39c-e6537a9c2a91,GPS USPSA June Extra Saturday Special 2024,2024-06-29,2,Bay 5,fabe2272-a44f-4500-b9f7-4cbcb65f11f8,Virak Meas,65,33.82,23,33.82,Limited Optics,U,O,MINOR,Senior,38.8896,38.8896,2.1112,23.21,14,,6,1,2,,,2,
861c0eaa-ee8f-4966-a39c-e6537a9c2a91,GPS USPSA June Extra Saturday Special 2024,2024-06-29,2,Bay 5,fabe2272-a44f-4500-b9f7-4cbcb65f11f8,christopher bulkley,66,33.47,23,35.26,Carry Optics,U,,MINOR,,40.5452,38.4936,2.0897,45.46,17,,2,4,,,,,
861c0eaa-ee8f-4966-a39c-e6537a9c2a91,GPS USPSA June Extra Saturday Special 2024,2024-06-29,2,Bay 5,fabe2272-a44f-4500-b9f7-4cbcb65f11f8,Steven McKinney,67,32.24,24,33.95,Carry Optics,C,A104027,MINOR,,39.0473,37.0715,2.0125,30.31,15,,5,1,2,,,1,
861c0eaa-ee8f-4966-a39c-e6537a9c2a91,GPS USPSA June Extra Saturday Special 2024,2024-06-29,2,Bay 5,fabe2272-a44f-4500-b9f7-4cbcb65f11f8,Travis Walton,68,29.81,25,31.39,Carry Optics,C,A159321,MINOR,,36.1040,34.2771,1.8608,29.02,17,,3,,3,,,1,
861c0eaa-ee8f-4966-a39c-e6537a9c2a91,GPS USPSA June Extra Saturday Special 2024,2024-06-29,2,Bay 5,fabe2272-a44f-4500-b9f7-4cbcb65f11f8,Nathan Bridges,69,29.52,26,31.09,Carry Optics,C,A139264,MINOR,,35.7548,33.9455,1.8428,24.42,14,,5,,4,,,,
861c0eaa-ee8f-4966-a39c-e6537a9c2a91,GPS USPSA June Extra Saturday Special 2024,2024-06-29,2,Bay 5,fabe2272-a44f-4500-b9f7-4cbcb65f11f8,JR Roberts,70,27.34,1,100.00,Single Stack,C,TY102739,MAJOR,,115.0000,31.4440,1.7070,39.25,15,,5,1,2,,1,,
861c0eaa-ee8f-4966-a39c-e6537a9c2a91,GPS USPSA June Extra Saturday Special 2024,2024-06-29,2,Bay 5,fabe2272-a44f-4500-b9f7-4cbcb65f11f8,Andrew Anderson,71,25.41,27,26.77,Carry Optics,U,A160156,MINOR,Military,30.7819,29.2243,1.5865,38.45,16,,3,2,2,,1,,
861c0eaa-ee8f-4966-a39c-e6537a9c2a91,GPS USPSA June Extra Saturday Special 2024,2024-06-29,2,Bay 5,fabe2272-a44f-4500-b9f7-4cbcb65f11f8,Sean Frederick,72,25.40,28,26.76,Carry Optics,C,A149482,MINOR,,30.7722,29.2151,1.5860,37.83,16,,3,1,3,,,,
861c0eaa-ee8f-4966-a39c-e6537a9c2a91,GPS USPSA June Extra Saturday Special 2024,2024-06-29,2,Bay 5,fabe2272-a44f-4500-b9f7-4cbcb65f11f8,Andrew Frey,73,22.40,29,23.59,Carry Optics,U,,MINOR,,27.1323,25.7594,1.3984,29.32,17,,2,,4,,,1,
861c0eaa-ee8f-4966-a39c-e6537a9c2a91,GPS USPSA June Extra Saturday Special 2024,2024-06-29,2,Bay 5,fabe2272-a44f-4500-b9f7-4cbcb65f11f8,Ryan Rocha,74,14.41,30,15.18,Carry Optics,U,A157957,MINOR,,17.4602,16.5767,0.8999,34.45,13,,5,1,4,,,1,
861c0eaa-ee8f-4966-a39c-e6537a9c2a91,GPS USPSA June Extra Saturday Special 2024,2024-06-29,2,Bay 5,fabe2272-a44f-4500-b9f7-4cbcb65f11f8,Alex Nguyen,75,8.48,2,31.01,Single Stack,C,A151003,MINOR,,35.6655,9.7519,0.5294,35.89,10,,5,4,4,,1,,
861c0eaa-ee8f-4966-a39c-e6537a9c2a91,GPS USPSA June Extra Saturday Special 2024,2024-06-29,2,Bay 5,fabe2272-a44f-4500-b9f7-4cbcb65f11f8,Page Brunkhorst,76,7.56,3,27.63,Single Stack,C,L4903,MAJOR,Senior,31.7783,8.6890,0.4717,44.52,9,,9,,5,,1,,
861c0eaa-ee8f-4966-a39c-e6537a9c2a91,GPS USPSA June Extra Saturday Special 2024,2024-06-29,2,Bay 5,fabe2272-a44f-4500-b9f7-4cbcb65f11f8,Mike Benitez,77,7.26,31,7.65,Carry Optics,U,A98298,MINOR,,8.7951,8.3501,0.4533,22.06,13,,5,,5,,,2,
861c0eaa-ee8f-4966-a39c-e6537a9c2a91,GPS USPSA June Extra Saturday Special 2024,2024-06-29,2,Bay 5,fabe2272-a44f-4500-b9f7-4cbcb65f11f8,Jason Wells2,78,0.00,24,0.00,Limited Optics,B,L5218,MINOR,,0.0000,0.0000,,,,,,,,,,,
861c0eaa-ee8f-4966-a39c-e6537a9c2a91,GPS USPSA June Extra Saturday Special 2024,2024-06-29,2,Bay 5,fabe2272-a44f-4500-b9f7-4cbcb65f11f8,Michael Chang,79,0.00,25,0.00,Limited Optics,U,A151409,MINOR,,0.0000,0.0000,0.0000,25.28,9,,7,1,6,,1,,
861c0eaa-ee8f-4966-a39c-e6537a9c2a91,GPS USPSA June Extra Saturday Special 2024,2024-06-29,3,Bay 6,a8840157-046a-4ac8-851b-d0e9022124b7,Vinh Lam,1,100.00,1,100.00,Limited,M,Ty101025,MAJOR,,105.0000,105.0000,5.7484,17.57,17,,4,,,,,,
861c0eaa-ee8f-4966-a39c-e6537a9c2a91,GPS USPSA June Extra Saturday Special 2024,2024-06-29,3,Bay 6,a8840157-046a-4ac8-851b-d0e9022124b7,Chez Chike-Udenze,2,98.21,1,100.00,Open,A,A138598,MAJOR,,105.0000,103.1223,5.6456,17.89,17,,4,,,,,,
861c0eaa-ee8f-4966-a39c-e6537a9c2a91,GPS USPSA June Extra Saturday Special 2024,2024-06-29,3,Bay 6,a8840157-046a-4ac8-851b-d0e9022124b7,Adam Bandiera,3,97.67,1,100.00,Limited Optics,B,A148375,MINOR,,105.0000,102.5487,5.6142,17.99,19,,2,,,,,,
861c0eaa-ee8f-4966-a39c-e6537a9c2a91,GPS USPSA June Extra Saturday Special 2024,2024-06-29,3,Bay 6,a8840157-046a-4ac8-851b-d0e9022124b7,Michael Hanover,4,96.54,2,98.84,Limited Optics,A,A146302,MINOR,,103.7862,101.3632,5.5493,17.84,18,,3,,,,,,
861c0eaa-ee8f-4966-a39c-e6537a9c2a91,GPS USPSA June Extra Saturday Special 2024,2024-06-29,3,Bay 6,a8840157-046a-4ac8-851b-d0e9022124b7,August Balagtas,5,94.50,2,96.22,Open,M,L3674,MAJOR,,101.0348,99.2280,5.4324,18.04,14,,7,,,,,,
861c0eaa-ee8f-4966-a39c-e6537a9c2a91,GPS USPSA June Extra Saturday Special 2024,2024-06-29,3,Bay 6,a8840157-046a-4ac8-851b-d0e9022124b7,Khoa Nguyen,6,93.31,3,95.54,Limited Optics,A,A117224,MINOR,Law Enforcement,100.3169,97.9749,5.3638,18.83,19,,2,,,,,,
861c0eaa-ee8f-4966-a39c-e6537a9c2a91,GPS USPSA June Extra Saturday Special 2024,2024-06-29,3,Bay 6,a8840157-046a-4ac8-851b-d0e9022124b7,Mike Benitez,7,92.02,1,100.00,Carry Optics,U,A98298,MINOR,,105.0000,96.6178,5.2895,17.96,16,,5,,,,,,
861c0eaa-ee8f-4966-a39c-e6537a9c2a91,GPS USPSA June Extra Saturday Special 2024,2024-06-29,3,Bay 6,a8840157-046a-4ac8-851b-d0e9022124b7,Travis McKenzie,8,89.14,4,91.27,Limited Optics,M,L6340,MINOR,,95.8339,93.5966,5.1241,18.54,17,,3,1,,,,,
861c0eaa-ee8f-4966-a39c-e6537a9c2a91,GPS USPSA June Extra Saturday Special 2024,2024-06-29,3,Bay 6,a8840157-046a-4ac8-851b-d0e9022124b7,Gil Yolo,9,89.04,2,96.77,Carry Optics,M,L5228,MINOR,,101.6055,93.4943,5.1185,18.56,16,,5,,,,,,
861c0eaa-ee8f-4966-a39c-e6537a9c2a91,GPS USPSA June Extra Saturday Special 2024,2024-06-29,3,Bay 6,a8840157-046a-4ac8-851b-d0e9022124b7,Andy Chen,10,87.29,1,100.00,PCC,A,A86721,MINOR,,105.0000,91.6531,5.0177,19.73,19,,1,1,,,,,
861c0eaa-ee8f-4966-a39c-e6537a9c2a91,GPS USPSA June Extra Saturday Special 2024,2024-06-29,3,Bay 6,a8840157-046a-4ac8-851b-d0e9022124b7,David Warren,11,85.35,5,87.39,Limited Optics,M,TY40917,MINOR,Senior,91.7623,89.6201,4.9064,19.77,18,,2,1,,,,,
861c0eaa-ee8f-4966-a39c-e6537a9c2a91,GPS USPSA June Extra Saturday Special 2024,2024-06-29,3,Bay 6,a8840157-046a-4ac8-851b-d0e9022124b7,Wade Pruetz,12,85.08,3,86.63,Open,A,Ty79055,MAJOR,Senior,90.9600,89.3333,4.8907,19.22,14,,5,2,,,,,
861c0eaa-ee8f-4966-a39c-e6537a9c2a91,GPS USPSA June Extra Saturday Special 2024,2024-06-29,3,Bay 6,a8840157-046a-4ac8-851b-d0e9022124b7,Taylor Snodgrass,13,84.91,4,86.46,Open,U,A159149,MINOR,,90.7833,89.1598,4.8812,15.57,15,,3,2,1,,,,
861c0eaa-ee8f-4966-a39c-e6537a9c2a91,GPS USPSA June Extra Saturday Special 2024,2024-06-29,3,Bay 6,a8840157-046a-4ac8-851b-d0e9022124b7,Jack Liu,14,84.70,2,97.03,PCC,A,L6156,MINOR,Law Enforcement,101.8820,88.9314,4.8687,18.28,14,,6,1,,,,,
861c0eaa-ee8f-4966-a39c-e6537a9c2a91,GPS USPSA June Extra Saturday Special 2024,2024-06-29,3,Bay 6,a8840157-046a-4ac8-851b-d0e9022124b7,Ryan Alicaya,15,84.55,6,86.57,Limited Optics,D,0,MINOR,,90.8964,88.7744,4.8601,20.37,18,,3,,,,,,
861c0eaa-ee8f-4966-a39c-e6537a9c2a91,GPS USPSA June Extra Saturday Special 2024,2024-06-29,3,Bay 6,a8840157-046a-4ac8-851b-d0e9022124b7,Tony Vale,16,81.79,3,88.88,Carry Optics,B,A153735,MINOR,,93.3278,85.8774,4.7015,18.93,14,,6,1,,,,,
861c0eaa-ee8f-4966-a39c-e6537a9c2a91,GPS USPSA June Extra Saturday Special 2024,2024-06-29,3,Bay 6,a8840157-046a-4ac8-851b-d0e9022124b7,Jason Wells,17,81.13,7,83.07,Limited Optics,B,L5218,MINOR,,87.2195,85.1833,4.6635,18.87,19,,1,,1,,,,
861c0eaa-ee8f-4966-a39c-e6537a9c2a91,GPS USPSA June Extra Saturday Special 2024,2024-06-29,3,Bay 6,a8840157-046a-4ac8-851b-d0e9022124b7,Jorge Cahas,18,80.16,5,81.62,Open,B,F-44522,MAJOR,Senior,85.6984,84.1659,4.6078,20.40,10,,11,,,,,,
861c0eaa-ee8f-4966-a39c-e6537a9c2a91,GPS USPSA June Extra Saturday Special 2024,2024-06-29,3,Bay 6,a8840157-046a-4ac8-851b-d0e9022124b7,Calvin Chui,19,79.90,8,81.81,Limited Optics,U,A154291,MINOR,,85.9009,83.8955,4.5930,21.99,19,,2,,,,,,
861c0eaa-ee8f-4966-a39c-e6537a9c2a91,GPS USPSA June Extra Saturday Special 2024,2024-06-29,3,Bay 6,a8840157-046a-4ac8-851b-d0e9022124b7,Andrew Bowman,20,77.58,4,84.31,Carry Optics,U,TY153695,MINOR,,88.5299,81.4625,4.4598,21.75,17,,4,,,,,,
861c0eaa-ee8f-4966-a39c-e6537a9c2a91,GPS USPSA June Extra Saturday Special 2024,2024-06-29,3,Bay 6,a8840157-046a-4ac8-851b-d0e9022124b7,Todd Ellison,21,76.27,3,87.38,PCC,C,A137376,MINOR,,91.7476,80.0852,4.3844,22.58,18,,3,,,,,,
861c0eaa-ee8f-4966-a39c-e6537a9c2a91,GPS USPSA June Extra Saturday Special 2024,2024-06-29,3,Bay 6,a8840157-046a-4ac8-851b-d0e9022124b7,Ivan Drago,22,73.88,2,73.88,Limited,B,TY123776,MINOR,,77.5737,77.5737,4.2469,22.84,17,,4,,,,,,
861c0eaa-ee8f-4966-a39c-e6537a9c2a91,GPS USPSA June Extra Saturday Special 2024,2024-06-29,3,Bay 6,a8840157-046a-4ac8-851b-d0e9022124b7,Robbie Boettcher,23,73.21,5,79.56,Carry Optics,B,L5829,MINOR,,83.5375,76.8686,4.2083,24.00,19,,2,,,,,,
861c0eaa-ee8f-4966-a39c-e6537a9c2a91,GPS USPSA June Extra Saturday Special 2024,2024-06-29,3,Bay 6,a8840157-046a-4ac8-851b-d0e9022124b7,Anthony Giuliano,24,72.74,6,79.05,Carry Optics,B,A152263,MINOR,Law Enforcement,83.0055,76.3791,4.1815,19.61,16,,4,,1,,,,
861c0eaa-ee8f-4966-a39c-e6537a9c2a91,GPS USPSA June Extra Saturday Special 2024,2024-06-29,3,Bay 6,a8840157-046a-4ac8-851b-d0e9022124b7,Roman Gwiscz,25,72.48,7,78.77,Carry Optics,A,L4670,MINOR,,82.7117,76.1087,4.1667,22.32,15,,6,,,,,,
861c0eaa-ee8f-4966-a39c-e6537a9c2a91,GPS USPSA June Extra Saturday Special 2024,2024-06-29,3,Bay 6,a8840157-046a-4ac8-851b-d0e9022124b7,Kexin Bai,26,72.04,4,82.53,PCC,U,A155638,MINOR,,86.6584,75.6430,4.1412,22.94,16,,5,,,,,,
861c0eaa-ee8f-4966-a39c-e6537a9c2a91,GPS USPSA June Extra Saturday Special 2024,2024-06-29,3,Bay 6,a8840157-046a-4ac8-851b-d0e9022124b7,Travis Walton,27,71.19,8,77.37,Carry Optics,C,A159321,MINOR,,81.2368,74.7516,4.0924,24.68,19,,2,,,,,,
861c0eaa-ee8f-4966-a39c-e6537a9c2a91,GPS USPSA June Extra Saturday Special 2024,2024-06-29,3,Bay 6,a8840157-046a-4ac8-851b-d0e9022124b7,Tim Yang,28,71.11,9,77.28,Carry Optics,U,,MINOR,,81.1415,74.6639,4.0876,20.55,17,,3,,1,,,,
861c0eaa-ee8f-4966-a39c-e6537a9c2a91,GPS USPSA June Extra Saturday Special 2024,2024-06-29,3,Bay 6,a8840157-046a-4ac8-851b-d0e9022124b7,Eric Wu,29,70.33,9,72.01,Limited Optics,B,0,MINOR,,75.6108,73.8456,4.0428,21.52,13,,7,1,,,,,
861c0eaa-ee8f-4966-a39c-e6537a9c2a91,GPS USPSA June Extra Saturday Special 2024,2024-06-29,3,Bay 6,a8840157-046a-4ac8-851b-d0e9022124b7,Brandon Hunt,30,70.22,10,71.90,Limited Optics,C,FY150701,MINOR,,75.4929,73.7305,4.0365,23.04,16,,4,1,,,,,
861c0eaa-ee8f-4966-a39c-e6537a9c2a91,GPS USPSA June Extra Saturday Special 2024,2024-06-29,3,Bay 6,a8840157-046a-4ac8-851b-d0e9022124b7,Pete Tsekouras,31,70.16,10,76.24,Carry Optics,C,A147367,MINOR,,80.0557,73.6648,4.0329,25.54,20,,1,,,,,,
861c0eaa-ee8f-4966-a39c-e6537a9c2a91,GPS USPSA June Extra Saturday Special 2024,2024-06-29,3,Bay 6,a8840157-046a-4ac8-851b-d0e9022124b7,Roger Feng,32,69.28,11,75.29,Carry Optics,B,A157776,MINOR,,79.0552,72.7442,3.9825,20.59,17,,2,1,1,,,,
861c0eaa-ee8f-4966-a39c-e6537a9c2a91,GPS USPSA June Extra Saturday Special 2024,2024-06-29,3,Bay 6,a8840157-046a-4ac8-851b-d0e9022124b7,Rafael Delfin,33,69.10,12,75.09,Carry Optics,U,123334,MINOR,,78.8488,72.5542,3.9721,22.91,14,,7,,,,,,
861c0eaa-ee8f-4966-a39c-e6537a9c2a91,GPS USPSA June Extra Saturday Special 2024,2024-06-29,3,Bay 6,a8840157-046a-4ac8-851b-d0e9022124b7,John Brunkhorst,34,69.08,13,75.08,Carry Optics,B,L6310,MINOR,,78.8289,72.5359,3.9711,24.93,19,,1,1,,,,,
861c0eaa-ee8f-4966-a39c-e6537a9c2a91,GPS USPSA June Extra Saturday Special 2024,2024-06-29,3,Bay 6,a8840157-046a-4ac8-851b-d0e9022124b7,Randy Goodney,35,68.95,6,70.21,Open,A,A94852,MAJOR,Senior,73.7191,72.4008,3.9637,20.94,15,,4,1,1,,,,
861c0eaa-ee8f-4966-a39c-e6537a9c2a91,GPS USPSA June Extra Saturday Special 2024,2024-06-29,3,Bay 6,a8840157-046a-4ac8-851b-d0e9022124b7,Heath Helgeson,36,68.40,14,74.34,Carry Optics,B,A149129,MINOR,,78.0527,71.8217,3.9320,18.82,14,,4,2,1,,,,
861c0eaa-ee8f-4966-a39c-e6537a9c2a91,GPS USPSA June Extra Saturday Special 2024,2024-06-29,3,Bay 6,a8840157-046a-4ac8-851b-d0e9022124b7,Jun Wu,37,67.87,5,77.75,PCC,B,A104927,MINOR,,81.6425,71.2646,3.9015,21.53,17,,3,,1,,,,
861c0eaa-ee8f-4966-a39c-e6537a9c2a91,GPS USPSA June Extra Saturday Special 2024,2024-06-29,3,Bay 6,a8840157-046a-4ac8-851b-d0e9022124b7,Tyler Kenny,38,67.78,15,73.66,Carry Optics,A,A148691,MINOR,,77.3401,71.1660,3.8961,20.02,14,,6,,1,,,,
861c0eaa-ee8f-4966-a39c-e6537a9c2a91,GPS USPSA June Extra Saturday Special 2024,2024-06-29,3,Bay 6,a8840157-046a-4ac8-851b-d0e9022124b7,Benjamin Michael,39,67.76,16,73.64,Carry Optics,C,L5472,MINOR,,77.3183,71.1459,3.8950,24.39,16,,5,,,,,,
861c0eaa-ee8f-4966-a39c-e6537a9c2a91,GPS USPSA June Extra Saturday Special 2024,2024-06-29,3,Bay 6,a8840157-046a-4ac8-851b-d0e9022124b7,Edwin Buchwalter,40,67.10,17,72.92,Carry Optics,C,TY102903,MINOR,,76.5699,70.4573,3.8573,24.11,16,,4,1,,,,,
861c0eaa-ee8f-4966-a39c-e6537a9c2a91,GPS USPSA June Extra Saturday Special 2024,2024-06-29,3,Bay 6,a8840157-046a-4ac8-851b-d0e9022124b7,Ross Winningham,41,66.99,11,68.59,Limited Optics,U,A159283,MINOR,,72.0217,70.3404,3.8509,24.15,15,,6,,,,,,
861c0eaa-ee8f-4966-a39c-e6537a9c2a91,GPS USPSA June Extra Saturday Special 2024,2024-06-29,3,Bay 6,a8840157-046a-4ac8-851b-d0e9022124b7,Virak Meas,42,66.93,12,68.53,Limited Optics,U,O,MINOR,Senior,71.9600,70.2801,3.8476,25.73,19,,1,1,,,,,
861c0eaa-ee8f-4966-a39c-e6537a9c2a91,GPS USPSA June Extra Saturday Special 2024,2024-06-29,3,Bay 6,a8840157-046a-4ac8-851b-d0e9022124b7,Kolton Cox,43,65.84,13,67.41,Limited Optics,C,A155275,MINOR,,70.7818,69.1293,3.7846,20.61,14,,6,,1,,,,
861c0eaa-ee8f-4966-a39c-e6537a9c2a91,GPS USPSA June Extra Saturday Special 2024,2024-06-29,3,Bay 6,a8840157-046a-4ac8-851b-d0e9022124b7,Abe Valdez,44,65.36,18,71.03,Carry Optics,B,,MINOR,,74.5809,68.6270,3.7571,26.35,18,,3,,,,,,
861c0eaa-ee8f-4966-a39c-e6537a9c2a91,GPS USPSA June Extra Saturday Special 2024,2024-06-29,3,Bay 6,a8840157-046a-4ac8-851b-d0e9022124b7,Andrew Frey,45,65.17,19,70.83,Carry Optics,U,,MINOR,,74.3685,68.4316,3.7464,24.29,15,,5,1,,,,,
861c0eaa-ee8f-4966-a39c-e6537a9c2a91,GPS USPSA June Extra Saturday Special 2024,2024-06-29,3,Bay 6,a8840157-046a-4ac8-851b-d0e9022124b7,Gary Wu,46,65.15,20,70.81,Carry Optics,B,L2998,MINOR,Senior,74.3466,68.4115,3.7453,21.36,15,,5,,1,,,,
861c0eaa-ee8f-4966-a39c-e6537a9c2a91,GPS USPSA June Extra Saturday Special 2024,2024-06-29,3,Bay 6,a8840157-046a-4ac8-851b-d0e9022124b7,Anthony Smallwood,47,62.73,6,71.86,PCC,B,TY94508,MINOR,Super Senior,75.4568,65.8652,3.6059,28.01,19,,2,,,,,,
861c0eaa-ee8f-4966-a39c-e6537a9c2a91,GPS USPSA June Extra Saturday Special 2024,2024-06-29,3,Bay 6,a8840157-046a-4ac8-851b-d0e9022124b7,Luke Rogers,48,61.71,7,62.84,Open,U,A133534,MINOR,,65.9784,64.7985,3.5475,20.86,14,,4,2,1,,,,
861c0eaa-ee8f-4966-a39c-e6537a9c2a91,GPS USPSA June Extra Saturday Special 2024,2024-06-29,3,Bay 6,a8840157-046a-4ac8-851b-d0e9022124b7,Michael Pontious,49,61.27,8,62.38,Open,B,fy94575,MAJOR,Senior,65.5022,64.3309,3.5219,18.74,12,,6,1,2,,,,
861c0eaa-ee8f-4966-a39c-e6537a9c2a91,GPS USPSA June Extra Saturday Special 2024,2024-06-29,3,Bay 6,a8840157-046a-4ac8-851b-d0e9022124b7,Michael Chang,50,60.88,14,62.33,Limited Optics,U,A151409,MINOR,,65.4478,63.9199,3.4994,24.29,12,,8,1,,,,,
861c0eaa-ee8f-4966-a39c-e6537a9c2a91,GPS USPSA June Extra Saturday Special 2024,2024-06-29,3,Bay 6,a8840157-046a-4ac8-851b-d0e9022124b7,Jay Survant,51,60.75,21,66.02,Carry Optics,U,A158498,MINOR,,69.3204,63.7865,3.4921,28.35,18,,3,,,,,,
861c0eaa-ee8f-4966-a39c-e6537a9c2a91,GPS USPSA June Extra Saturday Special 2024,2024-06-29,3,Bay 6,a8840157-046a-4ac8-851b-d0e9022124b7,CHAN WILLIAM,52,60.41,15,61.85,Limited Optics,B,0,MINOR,,64.9466,63.4303,3.4726,16.99,12,,6,1,2,,,,
861c0eaa-ee8f-4966-a39c-e6537a9c2a91,GPS USPSA June Extra Saturday Special 2024,2024-06-29,3,Bay 6,a8840157-046a-4ac8-851b-d0e9022124b7,Jim Havens,53,60.28,16,61.72,Limited Optics,M,TY114636,MINOR,Senior,64.8026,63.2897,3.4649,24.82,18,,2,,1,,,,
861c0eaa-ee8f-4966-a39c-e6537a9c2a91,GPS USPSA June Extra Saturday Special 2024,2024-06-29,3,Bay 6,a8840157-046a-4ac8-851b-d0e9022124b7,Sean Frederick,54,59.45,22,64.61,Carry Optics,C,A149482,MINOR,,67.8436,62.4275,3.4177,23.70,12,,6,3,,,,,
861c0eaa-ee8f-4966-a39c-e6537a9c2a91,GPS USPSA June Extra Saturday Special 2024,2024-06-29,3,Bay 6,a8840157-046a-4ac8-851b-d0e9022124b7,Patrick Mccombs,55,54.31,23,59.02,Carry Optics,C,A157503,MINOR,,61.9717,57.0245,3.1219,20.18,13,,6,,2,,,,
861c0eaa-ee8f-4966-a39c-e6537a9c2a91,GPS USPSA June Extra Saturday Special 2024,2024-06-29,3,Bay 6,a8840157-046a-4ac8-851b-d0e9022124b7,Yulmer Carreno,56,54.19,24,58.89,Carry Optics,U,A157204,MINOR,,61.8308,56.8948,3.1148,30.50,17,,3,1,,,,,
861c0eaa-ee8f-4966-a39c-e6537a9c2a91,GPS USPSA June Extra Saturday Special 2024,2024-06-29,3,Bay 6,a8840157-046a-4ac8-851b-d0e9022124b7,Carlos Escandon,57,52.96,17,54.22,Limited Optics,B,L2590,MINOR,Super Senior,56.9325,55.6034,3.0441,28.58,13,,7,1,,,,,
861c0eaa-ee8f-4966-a39c-e6537a9c2a91,GPS USPSA June Extra Saturday Special 2024,2024-06-29,3,Bay 6,a8840157-046a-4ac8-851b-d0e9022124b7,Arnold Gee,58,52.33,18,53.58,Limited Optics,U,A103519,MINOR,Senior,56.2611,54.9476,3.0082,23.27,15,,5,,1,,,1,
861c0eaa-ee8f-4966-a39c-e6537a9c2a91,GPS USPSA June Extra Saturday Special 2024,2024-06-29,3,Bay 6,a8840157-046a-4ac8-851b-d0e9022124b7,George Zhou,59,50.83,7,58.23,PCC,C,A146179,MINOR,,61.1414,53.3695,2.9218,24.30,17,,2,,2,,,,
861c0eaa-ee8f-4966-a39c-e6537a9c2a91,GPS USPSA June Extra Saturday Special 2024,2024-06-29,3,Bay 6,a8840157-046a-4ac8-851b-d0e9022124b7,Richard Dillow,60,49.17,9,50.07,Open,D,TY57446,MAJOR,Distinguished Senior,52.5707,51.6305,2.8266,29.01,12,,8,,1,,,,
861c0eaa-ee8f-4966-a39c-e6537a9c2a91,GPS USPSA June Extra Saturday Special 2024,2024-06-29,3,Bay 6,a8840157-046a-4ac8-851b-d0e9022124b7,Nathan Bridges,61,48.81,25,53.05,Carry Optics,C,A139264,MINOR,,55.6989,51.2524,2.8059,25.66,13,,5,2,1,,,,
861c0eaa-ee8f-4966-a39c-e6537a9c2a91,GPS USPSA June Extra Saturday Special 2024,2024-06-29,3,Bay 6,a8840157-046a-4ac8-851b-d0e9022124b7,Steven McNamara,62,48.14,19,49.29,Limited Optics,U,A75212,MINOR,Senior,51.7575,50.5492,2.7674,21.32,16,,3,,2,,,1,
861c0eaa-ee8f-4966-a39c-e6537a9c2a91,GPS USPSA June Extra Saturday Special 2024,2024-06-29,3,Bay 6,a8840157-046a-4ac8-851b-d0e9022124b7,Mike Kahl,63,47.12,26,51.21,Carry Optics,A,A70984,MINOR,Distinguished Senior,53.7734,49.4806,2.7089,21.78,16,,3,,2,,,1,
861c0eaa-ee8f-4966-a39c-e6537a9c2a91,GPS USPSA June Extra Saturday Special 2024,2024-06-29,3,Bay 6,a8840157-046a-4ac8-851b-d0e9022124b7,John Ren,64,47.08,3,47.08,Limited,C,A152674,MINOR,,49.4350,49.4350,2.7064,29.19,10,,9,2,,,,,
861c0eaa-ee8f-4966-a39c-e6537a9c2a91,GPS USPSA June Extra Saturday Special 2024,2024-06-29,3,Bay 6,a8840157-046a-4ac8-851b-d0e9022124b7,Daniel Zengerle,65,46.30,20,47.40,Limited Optics,U,A160569,MINOR,Senior,49.7750,48.6130,2.6614,32.69,18,,2,1,,,1,,
861c0eaa-ee8f-4966-a39c-e6537a9c2a91,GPS USPSA June Extra Saturday Special 2024,2024-06-29,3,Bay 6,a8840157-046a-4ac8-851b-d0e9022124b7,Karen Brusatori,66,41.33,21,42.31,Limited Optics,C,A149998,MINOR,Lady,44.4298,43.3926,2.3756,26.52,13,,6,,2,,,,
861c0eaa-ee8f-4966-a39c-e6537a9c2a91,GPS USPSA June Extra Saturday Special 2024,2024-06-29,3,Bay 6,a8840157-046a-4ac8-851b-d0e9022124b7,Abrahan Figueroa,67,40.73,22,41.70,Limited Optics,U,TY54053,MINOR,Senior,43.7883,42.7661,2.3413,28.19,14,,5,1,1,,1,,
861c0eaa-ee8f-4966-a39c-e6537a9c2a91,GPS USPSA June Extra Saturday Special 2024,2024-06-29,3,Bay 6,a8840157-046a-4ac8-851b-d0e9022124b7,Andrew Philip,68,32.45,23,33.23,Limited Optics,C,A153653,MINOR,,34.8897,34.0751,1.8655,25.73,17,,1,,3,,,1,
861c0eaa-ee8f-4966-a39c-e6537a9c2a91,GPS USPSA June Extra Saturday Special 2024,2024-06-29,3,Bay 6,a8840157-046a-4ac8-851b-d0e9022124b7,Alex Nguyen,69,32.22,1,100.00,Single Stack,C,A151003,MINOR,,105.0000,33.8358,1.8524,35.09,15,,3,1,2,,,,
861c0eaa-ee8f-4966-a39c-e6537a9c2a91,GPS USPSA June Extra Saturday Special 2024,2024-06-29,3,Bay 6,a8840157-046a-4ac8-851b-d0e9022124b7,Page Brunkhorst,70,31.15,2,96.66,Single Stack,C,L4903,MAJOR,Senior,101.4970,32.7070,1.7906,36.30,13,,4,2,2,,,,
861c0eaa-ee8f-4966-a39c-e6537a9c2a91,GPS USPSA June Extra Saturday Special 2024,2024-06-29,3,Bay 6,a8840157-046a-4ac8-851b-d0e9022124b7,JR Roberts,71,27.79,3,86.25,Single Stack,C,TY102739,MAJOR,,90.5628,29.1835,1.5977,41.31,12,,6,1,2,,,,
861c0eaa-ee8f-4966-a39c-e6537a9c2a91,GPS USPSA June Extra Saturday Special 2024,2024-06-29,3,Bay 6,a8840157-046a-4ac8-851b-d0e9022124b7,Steven McKinney,72,26.68,27,29.00,Carry Optics,C,A104027,MINOR,,30.4449,28.0145,1.5337,26.08,13,,5,,3,,,1,
861c0eaa-ee8f-4966-a39c-e6537a9c2a91,GPS USPSA June Extra Saturday Special 2024,2024-06-29,3,Bay 6,a8840157-046a-4ac8-851b-d0e9022124b7,Ryan Rocha,73,22.08,28,24.00,Carry Optics,U,A157957,MINOR,,25.2004,23.1886,1.2695,30.72,9,,7,3,2,,1,,
861c0eaa-ee8f-4966-a39c-e6537a9c2a91,GPS USPSA June Extra Saturday Special 2024,2024-06-29,3,Bay 6,a8840157-046a-4ac8-851b-d0e9022124b7,Dan Schreiber,74,16.76,24,17.16,Limited Optics,C,A147899,MINOR,Super Senior,18.0199,17.5992,0.9635,30.10,15,,1,1,4,,,1,
861c0eaa-ee8f-4966-a39c-e6537a9c2a91,GPS USPSA June Extra Saturday Special 2024,2024-06-29,3,Bay 6,a8840157-046a-4ac8-851b-d0e9022124b7,christopher bulkley,75,9.24,29,10.04,Carry Optics,U,,MINOR,,10.5447,9.7029,0.5312,39.53,10,,7,,4,,1,,
861c0eaa-ee8f-4966-a39c-e6537a9c2a91,GPS USPSA June Extra Saturday Special 2024,2024-06-29,3,Bay 6,a8840157-046a-4ac8-851b-d0e9022124b7,Andrew Anderson,76,7.99,30,8.69,Carry Optics,U,A160156,MINOR,Military,9.1214,8.3932,0.4595,30.47,9,,6,1,5,,,,
861c0eaa-ee8f-4966-a39c-e6537a9c2a91,GPS USPSA June Extra Saturday Special 2024,2024-06-29,3,Bay 6,a8840157-046a-4ac8-851b-d0e9022124b7,Robin Chen,77,0.00,31,0.00,Carry Optics,C,A152878,MINOR,Lady; Law Enforcement,0.0000,0.0000,,,,,,,,,,,
861c0eaa-ee8f-4966-a39c-e6537a9c2a91,GPS USPSA June Extra Saturday Special 2024,2024-06-29,3,Bay 6,a8840157-046a-4ac8-851b-d0e9022124b7,Jason Wells2,78,0.00,25,0.00,Limited Optics,B,L5218,MINOR,,0.0000,0.0000,,,,,,,,,,,
861c0eaa-ee8f-4966-a39c-e6537a9c2a91,GPS USPSA June Extra Saturday Special 2024,2024-06-29,3,Bay 6,a8840157-046a-4ac8-851b-d0e9022124b7,Edward Yu,79,0.00,8,0.00,PCC,C,A148356,MINOR,,0.0000,0.0000,,,,,,,,,,,
861c0eaa-ee8f-4966-a39c-e6537a9c2a91,GPS USPSA June Extra Saturday Special 2024,2024-06-29,4,Bay 7,a4026cbd-5849-4ab5-9c25-cc3aed1ea258,August Balagtas,1,100.00,1,100.00,Open,M,L3674,MAJOR,,110.0000,110.0000,6.1644,17.52,20,,2,,,,,,
861c0eaa-ee8f-4966-a39c-e6537a9c2a91,GPS USPSA June Extra Saturday Special 2024,2024-06-29,4,Bay 7,a4026cbd-5849-4ab5-9c25-cc3aed1ea258,Gil Yolo,2,98.67,1,100.00,Carry Optics,M,L5228,MINOR,,110.0000,108.5421,6.0827,16.44,17,,5,,,,,,
861c0eaa-ee8f-4966-a39c-e6537a9c2a91,GPS USPSA June Extra Saturday Special 2024,2024-06-29,4,Bay 7,a4026cbd-5849-4ab5-9c25-cc3aed1ea258,Chez Chike-Udenze,3,94.08,2,94.08,Open,A,A138598,MAJOR,,103.4886,103.4886,5.7995,17.76,15,,7,,,,,,
861c0eaa-ee8f-4966-a39c-e6537a9c2a91,GPS USPSA June Extra Saturday Special 2024,2024-06-29,4,Bay 7,a4026cbd-5849-4ab5-9c25-cc3aed1ea258,Vinh Lam,4,93.55,1,100.00,Limited,M,Ty101025,MAJOR,,110.0000,102.9104,5.7671,17.86,15,,7,,,,,,
861c0eaa-ee8f-4966-a39c-e6537a9c2a91,GPS USPSA June Extra Saturday Special 2024,2024-06-29,4,Bay 7,a4026cbd-5849-4ab5-9c25-cc3aed1ea258,Travis McKenzie,5,91.82,1,100.00,Limited Optics,M,L6340,MINOR,,110.0000,101.0064,5.6604,19.08,21,,1,,,,,,
861c0eaa-ee8f-4966-a39c-e6537a9c2a91,GPS USPSA June Extra Saturday Special 2024,2024-06-29,4,Bay 7,a4026cbd-5849-4ab5-9c25-cc3aed1ea258,Taylor Snodgrass,6,90.62,3,90.62,Open,U,A159149,MINOR,,99.6770,99.6770,5.5859,16.47,19,,2,1,,,1,,
861c0eaa-ee8f-4966-a39c-e6537a9c2a91,GPS USPSA June Extra Saturday Special 2024,2024-06-29,4,Bay 7,a4026cbd-5849-4ab5-9c25-cc3aed1ea258,Michael Hanover,7,89.50,2,97.47,Limited Optics,A,A146302,MINOR,,107.2172,98.4511,5.5172,17.40,15,,7,,,,,,
861c0eaa-ee8f-4966-a39c-e6537a9c2a91,GPS USPSA June Extra Saturday Special 2024,2024-06-29,4,Bay 7,a4026cbd-5849-4ab5-9c25-cc3aed1ea258,Ross Winningham,8,86.99,3,94.73,Limited Optics,U,A159283,MINOR,,104.2050,95.6852,5.3622,17.53,16,,4,2,,,,,
861c0eaa-ee8f-4966-a39c-e6537a9c2a91,GPS USPSA June Extra Saturday Special 2024,2024-06-29,4,Bay 7,a4026cbd-5849-4ab5-9c25-cc3aed1ea258,Kolton Cox,9,84.70,4,92.24,Limited Optics,C,A155275,MINOR,,101.4630,93.1674,5.2211,18.77,17,,4,1,,,,,
861c0eaa-ee8f-4966-a39c-e6537a9c2a91,GPS USPSA June Extra Saturday Special 2024,2024-06-29,4,Bay 7,a4026cbd-5849-4ab5-9c25-cc3aed1ea258,Adam Bandiera,10,84.35,5,91.86,Limited Optics,B,A148375,MINOR,,101.0490,92.7873,5.1998,20.77,21,,1,,,,,,
861c0eaa-ee8f-4966-a39c-e6537a9c2a91,GPS USPSA June Extra Saturday Special 2024,2024-06-29,4,Bay 7,a4026cbd-5849-4ab5-9c25-cc3aed1ea258,David Warren,11,83.41,6,90.84,Limited Optics,M,TY40917,MINOR,Senior,99.9200,91.7505,5.1417,19.06,17,,4,1,,,,,
861c0eaa-ee8f-4966-a39c-e6537a9c2a91,GPS USPSA June Extra Saturday Special 2024,2024-06-29,4,Bay 7,a4026cbd-5849-4ab5-9c25-cc3aed1ea258,Heath Helgeson,12,83.19,2,84.31,Carry Optics,B,A149129,MINOR,,92.7388,91.5096,5.1282,18.72,16,,5,1,,,,,
861c0eaa-ee8f-4966-a39c-e6537a9c2a91,GPS USPSA June Extra Saturday Special 2024,2024-06-29,4,Bay 7,a4026cbd-5849-4ab5-9c25-cc3aed1ea258,Ryan Alicaya,13,81.71,7,88.99,Limited Optics,D,0,MINOR,,97.8853,89.8822,5.0370,20.25,18,,4,,,,,,
861c0eaa-ee8f-4966-a39c-e6537a9c2a91,GPS USPSA June Extra Saturday Special 2024,2024-06-29,4,Bay 7,a4026cbd-5849-4ab5-9c25-cc3aed1ea258,Anthony Giuliano,14,79.24,3,80.31,Carry Optics,B,A152263,MINOR,Law Enforcement,88.3389,87.1681,4.8849,21.29,19,,3,,,,,,
861c0eaa-ee8f-4966-a39c-e6537a9c2a91,GPS USPSA June Extra Saturday Special 2024,2024-06-29,4,Bay 7,a4026cbd-5849-4ab5-9c25-cc3aed1ea258,CHAN WILLIAM,15,79.09,8,86.13,Limited Optics,B,0,MINOR,,94.7430,86.9968,4.8753,17.64,15,,7,,,,1,,
861c0eaa-ee8f-4966-a39c-e6537a9c2a91,GPS USPSA June Extra Saturday Special 2024,2024-06-29,4,Bay 7,a4026cbd-5849-4ab5-9c25-cc3aed1ea258,Tyler Kenny,16,76.63,4,77.66,Carry Optics,A,A148691,MINOR,,85.4237,84.2916,4.7237,22.44,20,,2,,,,,,
861c0eaa-ee8f-4966-a39c-e6537a9c2a91,GPS USPSA June Extra Saturday Special 2024,2024-06-29,4,Bay 7,a4026cbd-5849-4ab5-9c25-cc3aed1ea258,Luke Rogers,17,75.01,4,75.01,Open,U,A133534,MINOR,,82.5089,82.5089,4.6238,22.06,19,,2,1,,,,,
861c0eaa-ee8f-4966-a39c-e6537a9c2a91,GPS USPSA June Extra Saturday Special 2024,2024-06-29,4,Bay 7,a4026cbd-5849-4ab5-9c25-cc3aed1ea258,Jim Havens,18,74.45,9,81.08,Limited Optics,M,TY114636,MINOR,Senior,89.1831,81.8915,4.5892,17.65,19,,2,,1,,1,,
861c0eaa-ee8f-4966-a39c-e6537a9c2a91,GPS USPSA June Extra Saturday Special 2024,2024-06-29,4,Bay 7,a4026cbd-5849-4ab5-9c25-cc3aed1ea258,Travis Walton,19,73.41,5,74.40,Carry Optics,C,A159321,MINOR,,81.8359,80.7512,4.5253,22.54,18,,4,,,,,,
861c0eaa-ee8f-4966-a39c-e6537a9c2a91,GPS USPSA June Extra Saturday Special 2024,2024-06-29,4,Bay 7,a4026cbd-5849-4ab5-9c25-cc3aed1ea258,Roger Feng,20,73.36,6,74.35,Carry Optics,B,A157776,MINOR,,81.7798,80.6959,4.5222,23.44,20,,2,,,,,,
861c0eaa-ee8f-4966-a39c-e6537a9c2a91,GPS USPSA June Extra Saturday Special 2024,2024-06-29,4,Bay 7,a4026cbd-5849-4ab5-9c25-cc3aed1ea258,Gary Wu,21,73.14,7,74.12,Carry Optics,B,L2998,MINOR,Senior,81.5302,80.4497,4.5084,20.85,16,,4,2,,,,,
861c0eaa-ee8f-4966-a39c-e6537a9c2a91,GPS USPSA June Extra Saturday Special 2024,2024-06-29,4,Bay 7,a4026cbd-5849-4ab5-9c25-cc3aed1ea258,Jorge Cahas,22,71.37,5,71.37,Open,B,F-44522,MAJOR,Senior,78.5046,78.5046,4.3994,20.23,17,,3,1,1,,,,
861c0eaa-ee8f-4966-a39c-e6537a9c2a91,GPS USPSA June Extra Saturday Special 2024,2024-06-29,4,Bay 7,a4026cbd-5849-4ab5-9c25-cc3aed1ea258,Ivan Drago,23,70.95,2,75.83,Limited,B,TY123776,MINOR,,83.4170,78.0407,4.3734,23.78,19,,3,,,,,,
861c0eaa-ee8f-4966-a39c-e6537a9c2a91,GPS USPSA June Extra Saturday Special 2024,2024-06-29,4,Bay 7,a4026cbd-5849-4ab5-9c25-cc3aed1ea258,Steven McNamara,24,70.00,10,76.24,Limited Optics,U,A75212,MINOR,Senior,83.8603,77.0039,4.3153,22.71,16,,6,,,,,,
861c0eaa-ee8f-4966-a39c-e6537a9c2a91,GPS USPSA June Extra Saturday Special 2024,2024-06-29,4,Bay 7,a4026cbd-5849-4ab5-9c25-cc3aed1ea258,Andy Chen,25,68.65,1,100.00,PCC,A,A86721,MINOR,,110.0000,75.5175,4.2320,21.03,18,,3,,1,,,,
861c0eaa-ee8f-4966-a39c-e6537a9c2a91,GPS USPSA June Extra Saturday Special 2024,2024-06-29,4,Bay 7,a4026cbd-5849-4ab5-9c25-cc3aed1ea258,Andrew Bowman,26,68.49,8,69.41,Carry Optics,U,TY153695,MINOR,,76.3510,75.3390,4.2220,25.58,21,,1,,,,,,
861c0eaa-ee8f-4966-a39c-e6537a9c2a91,GPS USPSA June Extra Saturday Special 2024,2024-06-29,4,Bay 7,a4026cbd-5849-4ab5-9c25-cc3aed1ea258,Eric Wu,27,68.23,11,74.30,Limited Optics,B,0,MINOR,,81.7324,75.0500,4.2058,22.35,15,,6,1,,,,,
861c0eaa-ee8f-4966-a39c-e6537a9c2a91,GPS USPSA June Extra Saturday Special 2024,2024-06-29,4,Bay 7,a4026cbd-5849-4ab5-9c25-cc3aed1ea258,Abe Valdez,28,67.76,9,68.68,Carry Optics,B,,MINOR,,75.5426,74.5414,4.1773,23.46,17,,4,1,,,,,
861c0eaa-ee8f-4966-a39c-e6537a9c2a91,GPS USPSA June Extra Saturday Special 2024,2024-06-29,4,Bay 7,a4026cbd-5849-4ab5-9c25-cc3aed1ea258,Jason Wells,29,67.56,12,73.58,Limited Optics,B,L5218,MINOR,,80.9356,74.3183,4.1648,22.57,19,,3,,,,1,,
861c0eaa-ee8f-4966-a39c-e6537a9c2a91,GPS USPSA June Extra Saturday Special 2024,2024-06-29,4,Bay 7,a4026cbd-5849-4ab5-9c25-cc3aed1ea258,Michael Chang,30,67.40,13,73.40,Limited Optics,U,A151409,MINOR,,80.7355,74.1345,4.1545,24.07,17,,5,,,,,,
861c0eaa-ee8f-4966-a39c-e6537a9c2a91,GPS USPSA June Extra Saturday Special 2024,2024-06-29,4,Bay 7,a4026cbd-5849-4ab5-9c25-cc3aed1ea258,Tim Yang,31,66.83,10,67.72,Carry Optics,U,,MINOR,,74.4973,73.5100,4.1195,24.76,18,,4,,,,,,
861c0eaa-ee8f-4966-a39c-e6537a9c2a91,GPS USPSA June Extra Saturday Special 2024,2024-06-29,4,Bay 7,a4026cbd-5849-4ab5-9c25-cc3aed1ea258,Jun Wu,32,66.60,2,97.01,PCC,B,A104927,MINOR,,106.7068,73.2566,4.1053,25.82,20,,2,,,,,,
861c0eaa-ee8f-4966-a39c-e6537a9c2a91,GPS USPSA June Extra Saturday Special 2024,2024-06-29,4,Bay 7,a4026cbd-5849-4ab5-9c25-cc3aed1ea258,Mike Kahl,33,66.55,11,67.44,Carry Optics,A,A70984,MINOR,Distinguished Senior,74.1845,73.2013,4.1022,25.84,20,,2,,,,,,
861c0eaa-ee8f-4966-a39c-e6537a9c2a91,GPS USPSA June Extra Saturday Special 2024,2024-06-29,4,Bay 7,a4026cbd-5849-4ab5-9c25-cc3aed1ea258,George Zhou,34,66.46,3,96.81,PCC,C,A146179,MINOR,,106.4910,73.1085,4.0970,23.92,16,,6,,,,,,
861c0eaa-ee8f-4966-a39c-e6537a9c2a91,GPS USPSA June Extra Saturday Special 2024,2024-06-29,4,Bay 7,a4026cbd-5849-4ab5-9c25-cc3aed1ea258,Mike Benitez,35,66.02,12,66.90,Carry Optics,U,A98298,MINOR,,73.5931,72.6178,4.0695,18.43,16,,5,,1,,1,,
861c0eaa-ee8f-4966-a39c-e6537a9c2a91,GPS USPSA June Extra Saturday Special 2024,2024-06-29,4,Bay 7,a4026cbd-5849-4ab5-9c25-cc3aed1ea258,Wade Pruetz,36,65.68,6,65.68,Open,A,Ty79055,MAJOR,Senior,72.2448,72.2448,4.0486,19.76,16,,5,,1,,1,,
861c0eaa-ee8f-4966-a39c-e6537a9c2a91,GPS USPSA June Extra Saturday Special 2024,2024-06-29,4,Bay 7,a4026cbd-5849-4ab5-9c25-cc3aed1ea258,Tony Vale,37,64.45,13,65.32,Carry Optics,B,A153735,MINOR,,71.8516,70.8994,3.9732,20.89,16,,4,1,1,,,,
861c0eaa-ee8f-4966-a39c-e6537a9c2a91,GPS USPSA June Extra Saturday Special 2024,2024-06-29,4,Bay 7,a4026cbd-5849-4ab5-9c25-cc3aed1ea258,Robbie Boettcher,38,64.16,14,65.03,Carry Optics,B,L5829,MINOR,,71.5279,70.5799,3.9553,23.26,18,,4,,,,1,,
861c0eaa-ee8f-4966-a39c-e6537a9c2a91,GPS USPSA June Extra Saturday Special 2024,2024-06-29,4,Bay 7,a4026cbd-5849-4ab5-9c25-cc3aed1ea258,Michael Pontious,39,63.71,7,63.71,Open,B,fy94575,MAJOR,Senior,70.0821,70.0821,3.9274,26.99,18,,4,,,,,,
861c0eaa-ee8f-4966-a39c-e6537a9c2a91,GPS USPSA June Extra Saturday Special 2024,2024-06-29,4,Bay 7,a4026cbd-5849-4ab5-9c25-cc3aed1ea258,Todd Ellison,40,62.59,4,91.16,PCC,C,A137376,MINOR,,100.2788,68.8437,3.8580,25.92,17,,5,,,,,,
861c0eaa-ee8f-4966-a39c-e6537a9c2a91,GPS USPSA June Extra Saturday Special 2024,2024-06-29,4,Bay 7,a4026cbd-5849-4ab5-9c25-cc3aed1ea258,Anthony Smallwood,41,61.79,5,90.00,PCC,B,TY94508,MINOR,Super Senior,99.0026,67.9675,3.8089,28.88,22,,,,,,,,
861c0eaa-ee8f-4966-a39c-e6537a9c2a91,GPS USPSA June Extra Saturday Special 2024,2024-06-29,4,Bay 7,a4026cbd-5849-4ab5-9c25-cc3aed1ea258,Andrew Philip,42,60.97,14,66.40,Limited Optics,C,A153653,MINOR,,73.0360,67.0646,3.7583,27.14,18,,4,,,,,,
861c0eaa-ee8f-4966-a39c-e6537a9c2a91,GPS USPSA June Extra Saturday Special 2024,2024-06-29,4,Bay 7,a4026cbd-5849-4ab5-9c25-cc3aed1ea258,Richard Dillow,43,60.49,8,60.49,Open,D,TY57446,MAJOR,Distinguished Senior,66.5400,66.5400,3.7289,27.89,16,,6,,,,,,
861c0eaa-ee8f-4966-a39c-e6537a9c2a91,GPS USPSA June Extra Saturday Special 2024,2024-06-29,4,Bay 7,a4026cbd-5849-4ab5-9c25-cc3aed1ea258,Edwin Buchwalter,44,59.96,15,60.76,Carry Optics,C,TY102903,MINOR,,66.8387,65.9529,3.6960,28.68,20,,2,,,,,,
861c0eaa-ee8f-4966-a39c-e6537a9c2a91,GPS USPSA June Extra Saturday Special 2024,2024-06-29,4,Bay 7,a4026cbd-5849-4ab5-9c25-cc3aed1ea258,Virak Meas,45,59.84,15,65.17,Limited Optics,U,O,MINOR,Senior,71.6873,65.8262,3.6889,22.50,15,,6,,1,,,,
861c0eaa-ee8f-4966-a39c-e6537a9c2a91,GPS USPSA June Extra Saturday Special 2024,2024-06-29,4,Bay 7,a4026cbd-5849-4ab5-9c25-cc3aed1ea258,John Brunkhorst,46,59.39,16,60.19,Carry Optics,B,L6310,MINOR,,66.2058,65.3283,3.6610,24.31,18,,3,,1,,,,
861c0eaa-ee8f-4966-a39c-e6537a9c2a91,GPS USPSA June Extra Saturday Special 2024,2024-06-29,4,Bay 7,a4026cbd-5849-4ab5-9c25-cc3aed1ea258,Randy Goodney,47,59.27,9,59.27,Open,A,A94852,MAJOR,Senior,65.1927,65.1927,3.6534,23.54,18,,4,,,,2,,
861c0eaa-ee8f-4966-a39c-e6537a9c2a91,GPS USPSA June Extra Saturday Special 2024,2024-06-29,4,Bay 7,a4026cbd-5849-4ab5-9c25-cc3aed1ea258,Steven McKinney,48,59.11,17,59.90,Carry Optics,C,A104027,MINOR,,65.8929,65.0196,3.6437,24.70,15,,4,3,,,,,
861c0eaa-ee8f-4966-a39c-e6537a9c2a91,GPS USPSA June Extra Saturday Special 2024,2024-06-29,4,Bay 7,a4026cbd-5849-4ab5-9c25-cc3aed1ea258,Carlos Escandon,49,58.97,16,64.22,Limited Optics,B,L2590,MINOR,Super Senior,70.6399,64.8644,3.6350,26.96,16,,6,,,,,,
861c0eaa-ee8f-4966-a39c-e6537a9c2a91,GPS USPSA June Extra Saturday Special 2024,2024-06-29,4,Bay 7,a4026cbd-5849-4ab5-9c25-cc3aed1ea258,Arnold Gee,50,58.75,17,63.98,Limited Optics,U,A103519,MINOR,Senior,70.3795,64.6253,3.6216,27.06,17,,4,1,,,,,
861c0eaa-ee8f-4966-a39c-e6537a9c2a91,GPS USPSA June Extra Saturday Special 2024,2024-06-29,4,Bay 7,a4026cbd-5849-4ab5-9c25-cc3aed1ea258,Karen Brusatori,51,58.40,18,63.61,Limited Optics,C,A149998,MINOR,Lady,69.9656,64.2452,3.6003,24.72,18,,3,,1,,,,
861c0eaa-ee8f-4966-a39c-e6537a9c2a91,GPS USPSA June Extra Saturday Special 2024,2024-06-29,4,Bay 7,a4026cbd-5849-4ab5-9c25-cc3aed1ea258,Patrick Mccombs,52,56.43,18,57.19,Carry Optics,C,A157503,MINOR,,62.9091,62.0753,3.4787,19.26,13,,7,1,1,,1,,
861c0eaa-ee8f-4966-a39c-e6537a9c2a91,GPS USPSA June Extra Saturday Special 2024,2024-06-29,4,Bay 7,a4026cbd-5849-4ab5-9c25-cc3aed1ea258,Yulmer Carreno,53,56.39,19,57.15,Carry Optics,U,A157204,MINOR,,62.8657,62.0325,3.4763,27.04,19,,3,,,,1,,
861c0eaa-ee8f-4966-a39c-e6537a9c2a91,GPS USPSA June Extra Saturday Special 2024,2024-06-29,4,Bay 7,a4026cbd-5849-4ab5-9c25-cc3aed1ea258,Sean Frederick,54,53.20,20,53.91,Carry Optics,C,A149482,MINOR,,59.3049,58.5189,3.2794,24.70,16,,3,2,1,,,,
861c0eaa-ee8f-4966-a39c-e6537a9c2a91,GPS USPSA June Extra Saturday Special 2024,2024-06-29,4,Bay 7,a4026cbd-5849-4ab5-9c25-cc3aed1ea258,Dan Schreiber,55,52.44,19,57.11,Limited Optics,C,A147899,MINOR,Super Senior,62.8161,57.6802,3.2324,34.03,22,,,,,,,,
861c0eaa-ee8f-4966-a39c-e6537a9c2a91,GPS USPSA June Extra Saturday Special 2024,2024-06-29,4,Bay 7,a4026cbd-5849-4ab5-9c25-cc3aed1ea258,Khoa Nguyen,56,51.35,20,55.92,Limited Optics,A,A117224,MINOR,Law Enforcement,61.5101,56.4811,3.1652,20.22,17,,3,,2,,1,,
861c0eaa-ee8f-4966-a39c-e6537a9c2a91,GPS USPSA June Extra Saturday Special 2024,2024-06-29,4,Bay 7,a4026cbd-5849-4ab5-9c25-cc3aed1ea258,Abrahan Figueroa,57,50.67,21,55.19,Limited Optics,U,TY54053,MINOR,Senior,60.7056,55.7423,3.1238,25.93,19,,2,,1,,1,,
861c0eaa-ee8f-4966-a39c-e6537a9c2a91,GPS USPSA June Extra Saturday Special 2024,2024-06-29,4,Bay 7,a4026cbd-5849-4ab5-9c25-cc3aed1ea258,Calvin Chui,58,50.09,22,54.55,Limited Optics,U,A154291,MINOR,,60.0021,55.0964,3.0876,20.08,16,,4,,2,,1,,
861c0eaa-ee8f-4966-a39c-e6537a9c2a91,GPS USPSA June Extra Saturday Special 2024,2024-06-29,4,Bay 7,a4026cbd-5849-4ab5-9c25-cc3aed1ea258,Jay Survant,59,49.86,21,50.53,Carry Optics,U,A158498,MINOR,,55.5850,54.8483,3.0737,28.63,17,,4,1,,,1,,
861c0eaa-ee8f-4966-a39c-e6537a9c2a91,GPS USPSA June Extra Saturday Special 2024,2024-06-29,4,Bay 7,a4026cbd-5849-4ab5-9c25-cc3aed1ea258,Robin Chen,60,49.06,22,49.72,Carry Optics,C,A152878,MINOR,Lady; Law Enforcement,54.6880,53.9632,3.0241,29.43,18,,3,,1,,,,
861c0eaa-ee8f-4966-a39c-e6537a9c2a91,GPS USPSA June Extra Saturday Special 2024,2024-06-29,4,Bay 7,a4026cbd-5849-4ab5-9c25-cc3aed1ea258,Nathan Bridges,61,48.55,23,49.21,Carry Optics,C,A139264,MINOR,,54.1274,53.4101,2.9931,27.73,15,,6,,1,,,,
861c0eaa-ee8f-4966-a39c-e6537a9c2a91,GPS USPSA June Extra Saturday Special 2024,2024-06-29,4,Bay 7,a4026cbd-5849-4ab5-9c25-cc3aed1ea258,Jack Liu,62,48.20,6,70.21,PCC,A,L6156,MINOR,Law Enforcement,77.2287,53.0193,2.9712,22.55,13,,7,1,1,,1,,
861c0eaa-ee8f-4966-a39c-e6537a9c2a91,GPS USPSA June Extra Saturday Special 2024,2024-06-29,4,Bay 7,a4026cbd-5849-4ab5-9c25-cc3aed1ea258,John Ren,63,47.81,3,51.11,Limited,C,A152674,MINOR,,56.2179,52.5946,2.9474,28.16,16,,4,1,1,,,,
861c0eaa-ee8f-4966-a39c-e6537a9c2a91,GPS USPSA June Extra Saturday Special 2024,2024-06-29,4,Bay 7,a4026cbd-5849-4ab5-9c25-cc3aed1ea258,Alex Nguyen,64,46.42,1,100.00,Single Stack,C,A151003,MINOR,,110.0000,51.0671,2.8618,30.75,17,,4,1,,,1,,
861c0eaa-ee8f-4966-a39c-e6537a9c2a91,GPS USPSA June Extra Saturday Special 2024,2024-06-29,4,Bay 7,a4026cbd-5849-4ab5-9c25-cc3aed1ea258,Brandon Hunt,65,46.16,23,50.27,Limited Optics,C,FY150701,MINOR,,55.2973,50.7762,2.8455,27.06,17,,4,,1,,1,,
861c0eaa-ee8f-4966-a39c-e6537a9c2a91,GPS USPSA June Extra Saturday Special 2024,2024-06-29,4,Bay 7,a4026cbd-5849-4ab5-9c25-cc3aed1ea258,Pete Tsekouras,66,43.98,24,44.57,Carry Optics,C,A147367,MINOR,,49.0314,48.3815,2.7113,31.35,16,,5,,1,,,,
861c0eaa-ee8f-4966-a39c-e6537a9c2a91,GPS USPSA June Extra Saturday Special 2024,2024-06-29,4,Bay 7,a4026cbd-5849-4ab5-9c25-cc3aed1ea258,Rafael Delfin,67,42.63,25,43.20,Carry Optics,U,123334,MINOR,,47.5177,46.8879,2.6276,19.79,17,,2,1,2,,1,1,
861c0eaa-ee8f-4966-a39c-e6537a9c2a91,GPS USPSA June Extra Saturday Special 2024,2024-06-29,4,Bay 7,a4026cbd-5849-4ab5-9c25-cc3aed1ea258,Benjamin Michael,68,42.10,26,42.66,Carry Optics,C,L5472,MINOR,,46.9282,46.3062,2.5950,27.36,15,,5,1,1,,1,,
861c0eaa-ee8f-4966-a39c-e6537a9c2a91,GPS USPSA June Extra Saturday Special 2024,2024-06-29,4,Bay 7,a4026cbd-5849-4ab5-9c25-cc3aed1ea258,Roman Gwiscz,69,42.09,27,42.66,Carry Optics,A,L4670,MINOR,,46.9246,46.3026,2.5948,20.04,16,,4,,2,,2,,
861c0eaa-ee8f-4966-a39c-e6537a9c2a91,GPS USPSA June Extra Saturday Special 2024,2024-06-29,4,Bay 7,a4026cbd-5849-4ab5-9c25-cc3aed1ea258,Kexin Bai,70,41.64,7,60.66,PCC,U,A155638,MINOR,,66.7252,45.8084,2.5671,25.32,13,,6,2,1,,1,,
861c0eaa-ee8f-4966-a39c-e6537a9c2a91,GPS USPSA June Extra Saturday Special 2024,2024-06-29,4,Bay 7,a4026cbd-5849-4ab5-9c25-cc3aed1ea258,Daniel Zengerle,71,41.28,24,44.95,Limited Optics,U,A160569,MINOR,Senior,49.4460,45.4033,2.5444,29.87,18,,2,,2,,,,
861c0eaa-ee8f-4966-a39c-e6537a9c2a91,GPS USPSA June Extra Saturday Special 2024,2024-06-29,4,Bay 7,a4026cbd-5849-4ab5-9c25-cc3aed1ea258,Andrew Frey,72,41.27,28,41.83,Carry Optics,U,,MINOR,,46.0113,45.4015,2.5443,25.94,18,,2,,2,,,1,
861c0eaa-ee8f-4966-a39c-e6537a9c2a91,GPS USPSA June Extra Saturday Special 2024,2024-06-29,4,Bay 7,a4026cbd-5849-4ab5-9c25-cc3aed1ea258,JR Roberts,73,29.89,2,64.39,Single Stack,C,TY102739,MAJOR,,70.8247,32.8801,1.8426,40.16,16,,2,3,1,,1,,
861c0eaa-ee8f-4966-a39c-e6537a9c2a91,GPS USPSA June Extra Saturday Special 2024,2024-06-29,4,Bay 7,a4026cbd-5849-4ab5-9c25-cc3aed1ea258,Ryan Rocha,74,29.63,29,30.03,Carry Optics,U,A157957,MINOR,,33.0306,32.5928,1.8265,35.04,17,,3,,2,,1,,
861c0eaa-ee8f-4966-a39c-e6537a9c2a91,GPS USPSA June Extra Saturday Special 2024,2024-06-29,4,Bay 7,a4026cbd-5849-4ab5-9c25-cc3aed1ea258,christopher bulkley,75,20.93,30,21.21,Carry Optics,U,,MINOR,,23.3303,23.0211,1.2901,28.68,16,,2,1,3,,,2,
861c0eaa-ee8f-4966-a39c-e6537a9c2a91,GPS USPSA June Extra Saturday Special 2024,2024-06-29,4,Bay 7,a4026cbd-5849-4ab5-9c25-cc3aed1ea258,Page Brunkhorst,76,17.41,3,37.51,Single Stack,C,L4903,MAJOR,Senior,41.2586,19.1542,1.0734,51.24,17,,2,1,2,,2,,
861c0eaa-ee8f-4966-a39c-e6537a9c2a91,GPS USPSA June Extra Saturday Special 2024,2024-06-29,4,Bay 7,a4026cbd-5849-4ab5-9c25-cc3aed1ea258,Jason Wells2,77,0.00,25,0.00,Limited Optics,B,L5218,MINOR,,0.0000,0.0000,,,,,,,,,,,
861c0eaa-ee8f-4966-a39c-e6537a9c2a91,GPS USPSA June Extra Saturday Special 2024,2024-06-29,4,Bay 7,a4026cbd-5849-4ab5-9c25-cc3aed1ea258,Edward Yu,78,0.00,8,0.00,PCC,C,A148356,MINOR,,0.0000,0.0000,,,,,,,,,,,
861c0eaa-ee8f-4966-a39c-e6537a9c2a91,GPS USPSA June Extra Saturday Special 2024,2024-06-29,4,Bay 7,a4026cbd-5849-4ab5-9c25-cc3aed1ea258,Andrew Anderson,79,0.00,31,0.00,Carry Optics,U,A160156,MINOR,Military,0.0000,0.0000,0.0000,42.37,15,,,1,6,,3,1,
861c0eaa-ee8f-4966-a39c-e6537a9c2a91,GPS USPSA June Extra Saturday Special 2024,2024-06-29,5,Bay 8,cd65febb-2cda-4e6c-9067-0d74c7929afc,Gil Yolo,1,100.00,1,100.00,Carry Optics,M,L5228,MINOR,,125.0000,125.0000,5.6714,20.63,22,,2,1,,,,,
861c0eaa-ee8f-4966-a39c-e6537a9c2a91,GPS USPSA June Extra Saturday Special 2024,2024-06-29,5,Bay 8,cd65febb-2cda-4e6c-9067-0d74c7929afc,Taylor Snodgrass,2,99.23,1,100.00,Open,U,A159149,MINOR,,125.0000,124.0324,5.6275,20.08,19,,6,,,,,,
861c0eaa-ee8f-4966-a39c-e6537a9c2a91,GPS USPSA June Extra Saturday Special 2024,2024-06-29,5,Bay 8,cd65febb-2cda-4e6c-9067-0d74c7929afc,August Balagtas,3,97.78,2,98.54,Open,M,L3674,MAJOR,,123.1741,122.2207,5.5453,21.64,20,,5,,,,,,
861c0eaa-ee8f-4966-a39c-e6537a9c2a91,GPS USPSA June Extra Saturday Special 2024,2024-06-29,5,Bay 8,cd65febb-2cda-4e6c-9067-0d74c7929afc,Chez Chike-Udenze,4,95.60,3,96.34,Open,A,A138598,MAJOR,,120.4287,119.4965,5.4217,18.26,19,,2,3,1,,,,
861c0eaa-ee8f-4966-a39c-e6537a9c2a91,GPS USPSA June Extra Saturday Special 2024,2024-06-29,5,Bay 8,cd65febb-2cda-4e6c-9067-0d74c7929afc,Travis McKenzie,5,94.92,1,100.00,Limited Optics,M,L6340,MINOR,,125.0000,118.6457,5.3831,20.62,19,,5,1,,,,,
861c0eaa-ee8f-4966-a39c-e6537a9c2a91,GPS USPSA June Extra Saturday Special 2024,2024-06-29,5,Bay 8,cd65febb-2cda-4e6c-9067-0d74c7929afc,Luke Rogers,6,92.84,4,93.57,Open,U,A133534,MINOR,,116.9591,116.0538,5.2655,22.22,21,,4,,,,,,
861c0eaa-ee8f-4966-a39c-e6537a9c2a91,GPS USPSA June Extra Saturday Special 2024,2024-06-29,5,Bay 8,cd65febb-2cda-4e6c-9067-0d74c7929afc,Adam Bandiera,7,91.20,2,96.09,Limited Optics,B,A148375,MINOR,,120.1074,114.0018,5.1724,23.78,24,,1,,,,,,
861c0eaa-ee8f-4966-a39c-e6537a9c2a91,GPS USPSA June Extra Saturday Special 2024,2024-06-29,5,Bay 8,cd65febb-2cda-4e6c-9067-0d74c7929afc,Michael Hanover,8,91.06,3,95.93,Limited Optics,A,A146302,MINOR,,119.9146,113.8189,5.1641,20.72,21,,4,,,,1,,
861c0eaa-ee8f-4966-a39c-e6537a9c2a91,GPS USPSA June Extra Saturday Special 2024,2024-06-29,5,Bay 8,cd65febb-2cda-4e6c-9067-0d74c7929afc,Jack Liu,9,89.79,1,100.00,PCC,A,L6156,MINOR,Law Enforcement,125.0000,112.2386,5.0924,22.19,19,,6,,,,,,
861c0eaa-ee8f-4966-a39c-e6537a9c2a91,GPS USPSA June Extra Saturday Special 2024,2024-06-29,5,Bay 8,cd65febb-2cda-4e6c-9067-0d74c7929afc,Khoa Nguyen,10,88.80,4,93.56,Limited Optics,A,A117224,MINOR,Law Enforcement,116.9470,111.0021,5.0363,22.04,19,,5,1,,,,,
861c0eaa-ee8f-4966-a39c-e6537a9c2a91,GPS USPSA June Extra Saturday Special 2024,2024-06-29,5,Bay 8,cd65febb-2cda-4e6c-9067-0d74c7929afc,Jim Havens,11,88.16,5,92.88,Limited Optics,M,TY114636,MINOR,Senior,116.1041,110.2021,5.0000,20.80,21,,3,,1,,,,
861c0eaa-ee8f-4966-a39c-e6537a9c2a91,GPS USPSA June Extra Saturday Special 2024,2024-06-29,5,Bay 8,cd65febb-2cda-4e6c-9067-0d74c7929afc,Tim Yang,12,87.03,2,87.03,Carry Optics,U,,MINOR,,108.7849,108.7849,4.9357,24.11,22,,3,,,,,,
861c0eaa-ee8f-4966-a39c-e6537a9c2a91,GPS USPSA June Extra Saturday Special 2024,2024-06-29,5,Bay 8,cd65febb-2cda-4e6c-9067-0d74c7929afc,Vinh Lam,13,84.59,1,100.00,Limited,M,Ty101025,MAJOR,,125.0000,105.7433,4.7977,21.26,16,,8,,1,,,,
861c0eaa-ee8f-4966-a39c-e6537a9c2a91,GPS USPSA June Extra Saturday Special 2024,2024-06-29,5,Bay 8,cd65febb-2cda-4e6c-9067-0d74c7929afc,Jason Wells,14,83.89,6,88.39,Limited Optics,B,L5218,MINOR,,110.4847,104.8683,4.7580,24.59,21,,4,,,,,,
861c0eaa-ee8f-4966-a39c-e6537a9c2a91,GPS USPSA June Extra Saturday Special 2024,2024-06-29,5,Bay 8,cd65febb-2cda-4e6c-9067-0d74c7929afc,Ryan Alicaya,15,83.06,7,87.51,Limited Optics,D,0,MINOR,,109.3817,103.8214,4.7105,23.14,17,,8,,,,,,
861c0eaa-ee8f-4966-a39c-e6537a9c2a91,GPS USPSA June Extra Saturday Special 2024,2024-06-29,5,Bay 8,cd65febb-2cda-4e6c-9067-0d74c7929afc,David Warren,16,82.60,8,87.02,Limited Optics,M,TY40917,MINOR,Senior,108.7779,103.2483,4.6845,20.92,18,,6,,1,,,,
861c0eaa-ee8f-4966-a39c-e6537a9c2a91,GPS USPSA June Extra Saturday Special 2024,2024-06-29,5,Bay 8,cd65febb-2cda-4e6c-9067-0d74c7929afc,Anthony Giuliano,17,82.48,3,82.48,Carry Optics,B,A152263,MINOR,Law Enforcement,103.1006,103.1006,4.6778,20.95,19,,4,1,1,,,,
861c0eaa-ee8f-4966-a39c-e6537a9c2a91,GPS USPSA June Extra Saturday Special 2024,2024-06-29,5,Bay 8,cd65febb-2cda-4e6c-9067-0d74c7929afc,Randy Goodney,18,82.42,5,83.07,Open,A,A94852,MAJOR,Senior,103.8316,103.0279,4.6745,23.96,18,,4,3,,,,,
861c0eaa-ee8f-4966-a39c-e6537a9c2a91,GPS USPSA June Extra Saturday Special 2024,2024-06-29,5,Bay 8,cd65febb-2cda-4e6c-9067-0d74c7929afc,Jun Wu,19,82.39,2,91.75,PCC,B,A104927,MINOR,,114.6930,102.9838,4.6725,25.04,21,,4,,,,,,
861c0eaa-ee8f-4966-a39c-e6537a9c2a91,GPS USPSA June Extra Saturday Special 2024,2024-06-29,5,Bay 8,cd65febb-2cda-4e6c-9067-0d74c7929afc,George Zhou,20,81.82,3,91.13,PCC,C,A146179,MINOR,,113.9075,102.2785,4.6405,23.92,20,,3,2,,,,,
861c0eaa-ee8f-4966-a39c-e6537a9c2a91,GPS USPSA June Extra Saturday Special 2024,2024-06-29,5,Bay 8,cd65febb-2cda-4e6c-9067-0d74c7929afc,Abe Valdez,21,81.46,4,81.46,Carry Optics,B,,MINOR,,101.8223,101.8223,4.6198,24.46,19,,6,,,,,,
861c0eaa-ee8f-4966-a39c-e6537a9c2a91,GPS USPSA June Extra Saturday Special 2024,2024-06-29,5,Bay 8,cd65febb-2cda-4e6c-9067-0d74c7929afc,Jorge Cahas,22,80.57,6,81.20,Open,B,F-44522,MAJOR,Senior,101.4949,100.7093,4.5693,21.01,12,,11,1,1,,,,
861c0eaa-ee8f-4966-a39c-e6537a9c2a91,GPS USPSA June Extra Saturday Special 2024,2024-06-29,5,Bay 8,cd65febb-2cda-4e6c-9067-0d74c7929afc,Roman Gwiscz,23,79.65,5,79.65,Carry Optics,A,L4670,MINOR,,99.5676,99.5676,4.5175,22.80,16,,7,2,,,,,
861c0eaa-ee8f-4966-a39c-e6537a9c2a91,GPS USPSA June Extra Saturday Special 2024,2024-06-29,5,Bay 8,cd65febb-2cda-4e6c-9067-0d74c7929afc,Roger Feng,24,79.07,6,79.07,Carry Optics,B,A157776,MINOR,,98.8402,98.8402,4.4845,26.09,22,,2,1,,,,,
861c0eaa-ee8f-4966-a39c-e6537a9c2a91,GPS USPSA June Extra Saturday Special 2024,2024-06-29,5,Bay 8,cd65febb-2cda-4e6c-9067-0d74c7929afc,Arnold Gee,25,77.78,9,81.95,Limited Optics,U,A103519,MINOR,Senior,102.4317,97.2247,4.4112,26.07,20,,5,,,,,,
861c0eaa-ee8f-4966-a39c-e6537a9c2a91,GPS USPSA June Extra Saturday Special 2024,2024-06-29,5,Bay 8,cd65febb-2cda-4e6c-9067-0d74c7929afc,Ivan Drago,26,77.64,2,91.77,Limited,B,TY123776,MINOR,,114.7164,97.0439,4.4030,25.21,19,,5,1,,,,,
861c0eaa-ee8f-4966-a39c-e6537a9c2a91,GPS USPSA June Extra Saturday Special 2024,2024-06-29,5,Bay 8,cd65febb-2cda-4e6c-9067-0d74c7929afc,Robin Chen,27,76.34,7,76.34,Carry Optics,C,A152878,MINOR,Lady; Law Enforcement,95.4306,95.4306,4.3298,26.56,20,,5,,,,,,
861c0eaa-ee8f-4966-a39c-e6537a9c2a91,GPS USPSA June Extra Saturday Special 2024,2024-06-29,5,Bay 8,cd65febb-2cda-4e6c-9067-0d74c7929afc,Kolton Cox,28,74.99,10,79.00,Limited Optics,C,A155275,MINOR,,98.7512,93.7313,4.2527,24.69,16,,8,1,,,,,
861c0eaa-ee8f-4966-a39c-e6537a9c2a91,GPS USPSA June Extra Saturday Special 2024,2024-06-29,5,Bay 8,cd65febb-2cda-4e6c-9067-0d74c7929afc,Kexin Bai,29,74.93,4,83.45,PCC,U,A155638,MINOR,,104.3148,93.6651,4.2497,26.59,19,,6,,,,,,
861c0eaa-ee8f-4966-a39c-e6537a9c2a91,GPS USPSA June Extra Saturday Special 2024,2024-06-29,5,Bay 8,cd65febb-2cda-4e6c-9067-0d74c7929afc,Tyler Kenny,30,74.90,8,74.90,Carry Optics,A,A148691,MINOR,,93.6299,93.6299,4.2481,26.60,19,,6,,,,,,
861c0eaa-ee8f-4966-a39c-e6537a9c2a91,GPS USPSA June Extra Saturday Special 2024,2024-06-29,5,Bay 8,cd65febb-2cda-4e6c-9067-0d74c7929afc,Rafael Delfin,31,74.32,9,74.32,Carry Optics,U,123334,MINOR,,92.8959,92.8959,4.2148,26.81,19,,6,,,,,,
861c0eaa-ee8f-4966-a39c-e6537a9c2a91,GPS USPSA June Extra Saturday Special 2024,2024-06-29,5,Bay 8,cd65febb-2cda-4e6c-9067-0d74c7929afc,Edwin Buchwalter,32,74.00,10,74.00,Carry Optics,C,TY102903,MINOR,,92.5036,92.5036,4.1970,28.83,23,,2,,,,,,
861c0eaa-ee8f-4966-a39c-e6537a9c2a91,GPS USPSA June Extra Saturday Special 2024,2024-06-29,5,Bay 8,cd65febb-2cda-4e6c-9067-0d74c7929afc,Steven McNamara,33,72.94,11,76.85,Limited Optics,U,A75212,MINOR,Senior,96.0576,91.1746,4.1367,27.80,20,,5,,,,,,
861c0eaa-ee8f-4966-a39c-e6537a9c2a91,GPS USPSA June Extra Saturday Special 2024,2024-06-29,5,Bay 8,cd65febb-2cda-4e6c-9067-0d74c7929afc,Mike Kahl,34,71.08,11,71.08,Carry Optics,A,A70984,MINOR,Distinguished Senior,88.8537,88.8537,4.0314,26.79,23,,1,,1,,,,
861c0eaa-ee8f-4966-a39c-e6537a9c2a91,GPS USPSA June Extra Saturday Special 2024,2024-06-29,5,Bay 8,cd65febb-2cda-4e6c-9067-0d74c7929afc,Michael Chang,35,70.90,12,74.70,Limited Optics,U,A151409,MINOR,,93.3709,88.6245,4.0210,26.61,18,,5,2,,,,,
861c0eaa-ee8f-4966-a39c-e6537a9c2a91,GPS USPSA June Extra Saturday Special 2024,2024-06-29,5,Bay 8,cd65febb-2cda-4e6c-9067-0d74c7929afc,Mike Benitez,36,69.68,12,69.68,Carry Optics,U,A98298,MINOR,,87.0993,87.0993,3.9518,26.57,20,,5,,,,1,,
861c0eaa-ee8f-4966-a39c-e6537a9c2a91,GPS USPSA June Extra Saturday Special 2024,2024-06-29,5,Bay 8,cd65febb-2cda-4e6c-9067-0d74c7929afc,Carlos Escandon,37,69.39,13,73.10,Limited Optics,B,L2590,MINOR,Super Senior,91.3786,86.7334,3.9352,30.24,22,,3,,,,,,
861c0eaa-ee8f-4966-a39c-e6537a9c2a91,GPS USPSA June Extra Saturday Special 2024,2024-06-29,5,Bay 8,cd65febb-2cda-4e6c-9067-0d74c7929afc,Ross Winningham,38,68.95,14,72.64,Limited Optics,U,A159283,MINOR,,90.8027,86.1868,3.9104,26.34,19,,6,,,,1,,
861c0eaa-ee8f-4966-a39c-e6537a9c2a91,GPS USPSA June Extra Saturday Special 2024,2024-06-29,5,Bay 8,cd65febb-2cda-4e6c-9067-0d74c7929afc,Robbie Boettcher,39,68.23,13,68.23,Carry Optics,B,L5829,MINOR,,85.2920,85.2920,3.8698,27.65,22,,2,1,,,1,,
861c0eaa-ee8f-4966-a39c-e6537a9c2a91,GPS USPSA June Extra Saturday Special 2024,2024-06-29,5,Bay 8,cd65febb-2cda-4e6c-9067-0d74c7929afc,Richard Dillow,40,67.84,7,68.37,Open,D,TY57446,MAJOR,Distinguished Senior,85.4598,84.7983,3.8474,31.45,21,,4,,,,,,
861c0eaa-ee8f-4966-a39c-e6537a9c2a91,GPS USPSA June Extra Saturday Special 2024,2024-06-29,5,Bay 8,cd65febb-2cda-4e6c-9067-0d74c7929afc,Heath Helgeson,41,67.09,14,67.09,Carry Optics,B,A149129,MINOR,,83.8638,83.8638,3.8050,25.23,22,,2,,1,,1,,
861c0eaa-ee8f-4966-a39c-e6537a9c2a91,GPS USPSA June Extra Saturday Special 2024,2024-06-29,5,Bay 8,cd65febb-2cda-4e6c-9067-0d74c7929afc,Michael Pontious,42,66.14,8,66.66,Open,B,fy94575,MAJOR,Senior,83.3252,82.6802,3.7513,27.99,19,,5,,1,,,,
861c0eaa-ee8f-4966-a39c-e6537a9c2a91,GPS USPSA June Extra Saturday Special 2024,2024-06-29,5,Bay 8,cd65febb-2cda-4e6c-9067-0d74c7929afc,Andrew Bowman,43,64.18,15,64.18,Carry Optics,U,TY153695,MINOR,,80.2227,80.2227,3.6398,26.65,17,,7,1,,,1,,
861c0eaa-ee8f-4966-a39c-e6537a9c2a91,GPS USPSA June Extra Saturday Special 2024,2024-06-29,5,Bay 8,cd65febb-2cda-4e6c-9067-0d74c7929afc,Anthony Smallwood,44,63.86,5,71.12,PCC,B,TY94508,MINOR,Super Senior,88.8947,79.8194,3.6215,30.65,19,,5,1,,,,,
861c0eaa-ee8f-4966-a39c-e6537a9c2a91,GPS USPSA June Extra Saturday Special 2024,2024-06-29,5,Bay 8,cd65febb-2cda-4e6c-9067-0d74c7929afc,Brandon Hunt,45,63.62,15,67.03,Limited Optics,C,FY150701,MINOR,,83.7900,79.5306,3.6084,27.99,16,,6,3,,,,,
861c0eaa-ee8f-4966-a39c-e6537a9c2a91,GPS USPSA June Extra Saturday Special 2024,2024-06-29,5,Bay 8,cd65febb-2cda-4e6c-9067-0d74c7929afc,Patrick Mccombs,46,63.25,16,63.25,Carry Optics,C,A157503,MINOR,,79.0590,79.0590,3.5870,29.83,17,,7,1,,,,,
861c0eaa-ee8f-4966-a39c-e6537a9c2a91,GPS USPSA June Extra Saturday Special 2024,2024-06-29,5,Bay 8,cd65febb-2cda-4e6c-9067-0d74c7929afc,Andrew Philip,47,63.20,16,66.59,Limited Optics,C,A153653,MINOR,,83.2374,79.0061,3.5846,32.64,21,,4,,,,,,
861c0eaa-ee8f-4966-a39c-e6537a9c2a91,GPS USPSA June Extra Saturday Special 2024,2024-06-29,5,Bay 8,cd65febb-2cda-4e6c-9067-0d74c7929afc,Andrew Frey,48,63.05,17,63.05,Carry Optics,U,,MINOR,,78.8187,78.8187,3.5761,30.48,22,,3,,,,1,,
861c0eaa-ee8f-4966-a39c-e6537a9c2a91,GPS USPSA June Extra Saturday Special 2024,2024-06-29,5,Bay 8,cd65febb-2cda-4e6c-9067-0d74c7929afc,Todd Ellison,49,62.92,6,70.07,PCC,C,A137376,MINOR,,87.5864,78.6446,3.5682,33.35,22,,3,,,,,,
861c0eaa-ee8f-4966-a39c-e6537a9c2a91,GPS USPSA June Extra Saturday Special 2024,2024-06-29,5,Bay 8,cd65febb-2cda-4e6c-9067-0d74c7929afc,Pete Tsekouras,50,62.16,18,62.16,Carry Optics,C,A147367,MINOR,,77.7057,77.7057,3.5256,28.08,15,,7,3,,,,,
861c0eaa-ee8f-4966-a39c-e6537a9c2a91,GPS USPSA June Extra Saturday Special 2024,2024-06-29,5,Bay 8,cd65febb-2cda-4e6c-9067-0d74c7929afc,Abrahan Figueroa,51,61.97,17,65.29,Limited Optics,U,TY54053,MINOR,Senior,81.6119,77.4632,3.5146,27.03,16,,8,1,,,1,,
861c0eaa-ee8f-4966-a39c-e6537a9c2a91,GPS USPSA June Extra Saturday Special 2024,2024-06-29,5,Bay 8,cd65febb-2cda-4e6c-9067-0d74c7929afc,Travis Walton,52,61.16,19,61.16,Carry Optics,C,A159321,MINOR,,76.4494,76.4494,3.4686,27.10,17,,6,1,1,,,,
861c0eaa-ee8f-4966-a39c-e6537a9c2a91,GPS USPSA June Extra Saturday Special 2024,2024-06-29,5,Bay 8,cd65febb-2cda-4e6c-9067-0d74c7929afc,Calvin Chui,53,59.92,18,63.13,Limited Optics,U,A154291,MINOR,,78.9113,74.8999,3.3983,22.07,14,,8,1,2,,,,
861c0eaa-ee8f-4966-a39c-e6537a9c2a91,GPS USPSA June Extra Saturday Special 2024,2024-06-29,5,Bay 8,cd65febb-2cda-4e6c-9067-0d74c7929afc,Karen Brusatori,54,58.93,19,62.08,Limited Optics,C,A149998,MINOR,Lady,77.6040,73.6591,3.3420,30.82,15,,9,1,,,,,
861c0eaa-ee8f-4966-a39c-e6537a9c2a91,GPS USPSA June Extra Saturday Special 2024,2024-06-29,5,Bay 8,cd65febb-2cda-4e6c-9067-0d74c7929afc,Gary Wu,55,58.40,20,58.40,Carry Optics,B,L2998,MINOR,Senior,73.0045,73.0045,3.3123,25.36,16,,8,,1,,1,,
861c0eaa-ee8f-4966-a39c-e6537a9c2a91,GPS USPSA June Extra Saturday Special 2024,2024-06-29,5,Bay 8,cd65febb-2cda-4e6c-9067-0d74c7929afc,Steven McKinney,56,55.85,21,55.85,Carry Optics,C,A104027,MINOR,,69.8108,69.8108,3.1674,37.57,23,,1,1,,,,,
861c0eaa-ee8f-4966-a39c-e6537a9c2a91,GPS USPSA June Extra Saturday Special 2024,2024-06-29,5,Bay 8,cd65febb-2cda-4e6c-9067-0d74c7929afc,Eric Wu,57,55.56,20,58.53,Limited Optics,B,0,MINOR,,73.1642,69.4449,3.1508,25.39,15,,8,1,1,,1,,
861c0eaa-ee8f-4966-a39c-e6537a9c2a91,GPS USPSA June Extra Saturday Special 2024,2024-06-29,5,Bay 8,cd65febb-2cda-4e6c-9067-0d74c7929afc,Andy Chen,58,54.50,7,60.70,PCC,A,A86721,MINOR,,75.8753,68.1291,3.0911,35.91,19,,5,1,,,,,
861c0eaa-ee8f-4966-a39c-e6537a9c2a91,GPS USPSA June Extra Saturday Special 2024,2024-06-29,5,Bay 8,cd65febb-2cda-4e6c-9067-0d74c7929afc,Benjamin Michael,59,53.76,22,53.76,Carry Optics,C,L5472,MINOR,,67.2034,67.2034,3.0491,37.06,19,,6,,,,,,
861c0eaa-ee8f-4966-a39c-e6537a9c2a91,GPS USPSA June Extra Saturday Special 2024,2024-06-29,5,Bay 8,cd65febb-2cda-4e6c-9067-0d74c7929afc,Wade Pruetz,60,53.63,9,54.05,Open,A,Ty79055,MAJOR,Senior,67.5655,67.0425,3.0418,21.04,18,,3,1,3,,1,,
861c0eaa-ee8f-4966-a39c-e6537a9c2a91,GPS USPSA June Extra Saturday Special 2024,2024-06-29,5,Bay 8,cd65febb-2cda-4e6c-9067-0d74c7929afc,Tony Vale,61,51.42,23,51.42,Carry Optics,B,A153735,MINOR,,64.2698,64.2698,2.9160,23.32,14,,9,1,1,,2,,
861c0eaa-ee8f-4966-a39c-e6537a9c2a91,GPS USPSA June Extra Saturday Special 2024,2024-06-29,5,Bay 8,cd65febb-2cda-4e6c-9067-0d74c7929afc,Dan Schreiber,62,50.29,21,52.99,Limited Optics,C,A147899,MINOR,Super Senior,66.2327,62.8659,2.8523,41.02,21,,4,,,,,,
861c0eaa-ee8f-4966-a39c-e6537a9c2a91,GPS USPSA June Extra Saturday Special 2024,2024-06-29,5,Bay 8,cd65febb-2cda-4e6c-9067-0d74c7929afc,John Brunkhorst,63,48.48,24,48.48,Carry Optics,B,L6310,MINOR,,60.5979,60.5979,2.7494,25.46,18,,3,1,3,,,,
861c0eaa-ee8f-4966-a39c-e6537a9c2a91,GPS USPSA June Extra Saturday Special 2024,2024-06-29,5,Bay 8,cd65febb-2cda-4e6c-9067-0d74c7929afc,John Ren,64,46.45,3,54.91,Limited,C,A152674,MINOR,,68.6318,58.0589,2.6342,30.37,15,,8,1,1,,1,,
861c0eaa-ee8f-4966-a39c-e6537a9c2a91,GPS USPSA June Extra Saturday Special 2024,2024-06-29,5,Bay 8,cd65febb-2cda-4e6c-9067-0d74c7929afc,christopher bulkley,65,43.54,25,43.54,Carry Optics,U,,MINOR,,54.4200,54.4200,2.4691,39.69,19,,4,1,1,,,,
861c0eaa-ee8f-4966-a39c-e6537a9c2a91,GPS USPSA June Extra Saturday Special 2024,2024-06-29,5,Bay 8,cd65febb-2cda-4e6c-9067-0d74c7929afc,Sean Frederick,66,39.61,26,39.61,Carry Optics,C,A149482,MINOR,,49.5094,49.5094,2.2463,25.82,11,,11,,3,,,,
861c0eaa-ee8f-4966-a39c-e6537a9c2a91,GPS USPSA June Extra Saturday Special 2024,2024-06-29,5,Bay 8,cd65febb-2cda-4e6c-9067-0d74c7929afc,Andrew Anderson,67,35.62,27,35.62,Carry Optics,U,A160156,MINOR,Military,44.5260,44.5260,2.0202,45.54,16,,7,1,1,,,,
861c0eaa-ee8f-4966-a39c-e6537a9c2a91,GPS USPSA June Extra Saturday Special 2024,2024-06-29,5,Bay 8,cd65febb-2cda-4e6c-9067-0d74c7929afc,Alex Nguyen,68,33.74,1,100.00,Single Stack,C,A151003,MINOR,,125.0000,42.1743,1.9135,33.97,12,,7,4,2,,,,
861c0eaa-ee8f-4966-a39c-e6537a9c2a91,GPS USPSA June Extra Saturday Special 2024,2024-06-29,5,Bay 8,cd65febb-2cda-4e6c-9067-0d74c7929afc,JR Roberts,69,32.22,2,95.50,Single Stack,C,TY102739,MAJOR,,119.3755,40.2767,1.8274,41.59,16,,6,1,2,,1,,
861c0eaa-ee8f-4966-a39c-e6537a9c2a91,GPS USPSA June Extra Saturday Special 2024,2024-06-29,5,Bay 8,cd65febb-2cda-4e6c-9067-0d74c7929afc,Nathan Bridges,70,32.09,28,32.09,Carry Optics,C,A139264,MINOR,,40.1180,40.1180,1.8202,27.47,9,,11,2,3,,,,
861c0eaa-ee8f-4966-a39c-e6537a9c2a91,GPS USPSA June Extra Saturday Special 2024,2024-06-29,5,Bay 8,cd65febb-2cda-4e6c-9067-0d74c7929afc,Jay Survant,71,31.95,29,31.95,Carry Optics,U,A158498,MINOR,,39.9372,39.9372,1.8120,32.56,16,,6,1,2,,2,,
861c0eaa-ee8f-4966-a39c-e6537a9c2a91,GPS USPSA June Extra Saturday Special 2024,2024-06-29,5,Bay 8,cd65febb-2cda-4e6c-9067-0d74c7929afc,CHAN WILLIAM,72,25.45,22,26.81,Limited Optics,B,0,MINOR,,33.5146,31.8109,1.4433,19.40,16,,2,2,5,,1,,
861c0eaa-ee8f-4966-a39c-e6537a9c2a91,GPS USPSA June Extra Saturday Special 2024,2024-06-29,5,Bay 8,cd65febb-2cda-4e6c-9067-0d74c7929afc,Daniel Zengerle,73,22.08,23,23.26,Limited Optics,U,A160569,MINOR,Senior,29.0725,27.5946,1.2520,31.95,18,,3,1,3,,1,2,
861c0eaa-ee8f-4966-a39c-e6537a9c2a91,GPS USPSA June Extra Saturday Special 2024,2024-06-29,5,Bay 8,cd65febb-2cda-4e6c-9067-0d74c7929afc,Virak Meas,74,21.45,24,22.60,Limited Optics,U,O,MINOR,Senior,28.2505,26.8144,1.2166,25.48,13,,4,4,4,,1,,
861c0eaa-ee8f-4966-a39c-e6537a9c2a91,GPS USPSA June Extra Saturday Special 2024,2024-06-29,5,Bay 8,cd65febb-2cda-4e6c-9067-0d74c7929afc,Ryan Rocha,75,19.19,30,19.19,Carry Optics,U,A157957,MINOR,,23.9866,23.9866,1.0883,48.70,13,,4,6,2,,1,,
861c0eaa-ee8f-4966-a39c-e6537a9c2a91,GPS USPSA June Extra Saturday Special 2024,2024-06-29,5,Bay 8,cd65febb-2cda-4e6c-9067-0d74c7929afc,Page Brunkhorst,76,0.00,3,0.00,Single Stack,C,L4903,MAJOR,Senior,0.0000,0.0000,,,,,,,,,,,
861c0eaa-ee8f-4966-a39c-e6537a9c2a91,GPS USPSA June Extra Saturday Special 2024,2024-06-29,5,Bay 8,cd65febb-2cda-4e6c-9067-0d74c7929afc,Yulmer Carreno,77,0.00,31,0.00,Carry Optics,U,A157204,MINOR,,0.0000,0.0000,,,,,,,,,,,
861c0eaa-ee8f-4966-a39c-e6537a9c2a91,GPS USPSA June Extra Saturday Special 2024,2024-06-29,5,Bay 8,cd65febb-2cda-4e6c-9067-0d74c7929afc,Jason Wells2,78,0.00,25,0.00,Limited Optics,B,L5218,MINOR,,0.0000,0.0000,,,,,,,,,,,
861c0eaa-ee8f-4966-a39c-e6537a9c2a91,GPS USPSA June Extra Saturday Special 2024,2024-06-29,5,Bay 8,cd65febb-2cda-4e6c-9067-0d74c7929afc,Edward Yu,79,0.00,8,0.00,PCC,C,A148356,MINOR,,0.0000,0.0000,,,,,,,,,,,
861c0eaa-ee8f-4966-a39c-e6537a9c2a91,GPS USPSA June Extra Saturday Special 2024,2024-06-29,6,Bay 9,b1533995-15e9-4542-8b77-20d17ca48305,Chez Chike-Udenze,1,100.00,1,100.00,Open,A,A138598,MAJOR,,130.0000,130.0000,5.7577,18.41,16,,9,,1,,,,
861c0eaa-ee8f-4966-a39c-e6537a9c2a91,GPS USPSA June Extra Saturday Special 2024,2024-06-29,6,Bay 9,b1533995-15e9-4542-8b77-20d17ca48305,Travis McKenzie,2,98.23,1,100.00,Limited Optics,M,L6340,MINOR,,130.0000,127.7038,5.6560,21.57,22,,4,,,,,,
861c0eaa-ee8f-4966-a39c-e6537a9c2a91,GPS USPSA June Extra Saturday Special 2024,2024-06-29,6,Bay 9,b1533995-15e9-4542-8b77-20d17ca48305,Michael Hanover,3,97.58,2,99.34,Limited Optics,A,A146302,MINOR,,129.1381,126.8571,5.6185,22.07,23,,3,,,,,,
861c0eaa-ee8f-4966-a39c-e6537a9c2a91,GPS USPSA June Extra Saturday Special 2024,2024-06-29,6,Bay 9,b1533995-15e9-4542-8b77-20d17ca48305,Taylor Snodgrass,4,95.21,2,95.21,Open,U,A159149,MINOR,,123.7729,123.7729,5.4819,22.62,23,,3,,,,,,
861c0eaa-ee8f-4966-a39c-e6537a9c2a91,GPS USPSA June Extra Saturday Special 2024,2024-06-29,6,Bay 9,b1533995-15e9-4542-8b77-20d17ca48305,Wade Pruetz,5,94.97,3,94.97,Open,A,Ty79055,MAJOR,Senior,123.4590,123.4590,5.4680,20.30,15,,7,4,,,,,
861c0eaa-ee8f-4966-a39c-e6537a9c2a91,GPS USPSA June Extra Saturday Special 2024,2024-06-29,6,Bay 9,b1533995-15e9-4542-8b77-20d17ca48305,Mike Benitez,6,87.24,1,100.00,Carry Optics,U,A98298,MINOR,,130.0000,113.4116,5.0230,23.89,22,,3,1,,,,,
861c0eaa-ee8f-4966-a39c-e6537a9c2a91,GPS USPSA June Extra Saturday Special 2024,2024-06-29,6,Bay 9,b1533995-15e9-4542-8b77-20d17ca48305,August Balagtas,7,86.66,4,86.66,Open,M,L3674,MAJOR,,112.6575,112.6575,4.9896,24.05,20,,4,2,,,,,
861c0eaa-ee8f-4966-a39c-e6537a9c2a91,GPS USPSA June Extra Saturday Special 2024,2024-06-29,6,Bay 9,b1533995-15e9-4542-8b77-20d17ca48305,David Warren,8,83.59,3,85.09,Limited Optics,M,TY40917,MINOR,Senior,110.6149,108.6611,4.8126,21.61,17,,5,4,,,,,
861c0eaa-ee8f-4966-a39c-e6537a9c2a91,GPS USPSA June Extra Saturday Special 2024,2024-06-29,6,Bay 9,b1533995-15e9-4542-8b77-20d17ca48305,Tim Yang,9,82.50,2,94.57,Carry Optics,U,,MINOR,,122.9345,107.2477,4.7500,24.00,19,,6,1,,,,,
861c0eaa-ee8f-4966-a39c-e6537a9c2a91,GPS USPSA June Extra Saturday Special 2024,2024-06-29,6,Bay 9,b1533995-15e9-4542-8b77-20d17ca48305,Luke Rogers,10,79.68,5,79.68,Open,U,A133534,MINOR,,103.5877,103.5877,4.5879,25.72,22,,2,2,,,,,
861c0eaa-ee8f-4966-a39c-e6537a9c2a91,GPS USPSA June Extra Saturday Special 2024,2024-06-29,6,Bay 9,b1533995-15e9-4542-8b77-20d17ca48305,Tyler Kenny,11,79.04,3,90.60,Carry Optics,A,A148691,MINOR,,117.7738,102.7455,4.5506,26.37,21,,5,,,,,,
861c0eaa-ee8f-4966-a39c-e6537a9c2a91,GPS USPSA June Extra Saturday Special 2024,2024-06-29,6,Bay 9,b1533995-15e9-4542-8b77-20d17ca48305,Vinh Lam,12,78.73,1,100.00,Limited,M,Ty101025,MAJOR,,130.0000,102.3482,4.5330,21.84,15,,7,3,1,,,,
861c0eaa-ee8f-4966-a39c-e6537a9c2a91,GPS USPSA June Extra Saturday Special 2024,2024-06-29,6,Bay 9,b1533995-15e9-4542-8b77-20d17ca48305,Kolton Cox,13,78.50,4,79.92,Limited Optics,C,A155275,MINOR,,103.8897,102.0546,4.5200,21.46,18,,5,2,1,,,,
861c0eaa-ee8f-4966-a39c-e6537a9c2a91,GPS USPSA June Extra Saturday Special 2024,2024-06-29,6,Bay 9,b1533995-15e9-4542-8b77-20d17ca48305,Randy Goodney,14,77.69,6,77.69,Open,A,A94852,MAJOR,Senior,100.9980,100.9980,4.4732,23.92,17,,8,,1,,,,
861c0eaa-ee8f-4966-a39c-e6537a9c2a91,GPS USPSA June Extra Saturday Special 2024,2024-06-29,6,Bay 9,b1533995-15e9-4542-8b77-20d17ca48305,Todd Ellison,15,77.16,1,100.00,PCC,C,A137376,MINOR,,130.0000,100.3138,4.4429,28.36,24,,2,,,,,,
861c0eaa-ee8f-4966-a39c-e6537a9c2a91,GPS USPSA June Extra Saturday Special 2024,2024-06-29,6,Bay 9,b1533995-15e9-4542-8b77-20d17ca48305,Anthony Giuliano,16,76.19,4,87.33,Carry Optics,B,A152263,MINOR,Law Enforcement,113.5320,99.0449,4.3867,24.62,16,,9,1,,,,,
861c0eaa-ee8f-4966-a39c-e6537a9c2a91,GPS USPSA June Extra Saturday Special 2024,2024-06-29,6,Bay 9,b1533995-15e9-4542-8b77-20d17ca48305,Jim Havens,17,75.77,5,77.13,Limited Optics,M,TY114636,MINOR,Senior,100.2719,98.5008,4.3626,20.63,19,,5,,2,,,,
861c0eaa-ee8f-4966-a39c-e6537a9c2a91,GPS USPSA June Extra Saturday Special 2024,2024-06-29,6,Bay 9,b1533995-15e9-4542-8b77-20d17ca48305,Ivan Drago,18,75.29,2,95.63,Limited,B,TY123776,MINOR,,124.3159,97.8731,4.3348,26.76,20,,5,1,,,,,
861c0eaa-ee8f-4966-a39c-e6537a9c2a91,GPS USPSA June Extra Saturday Special 2024,2024-06-29,6,Bay 9,b1533995-15e9-4542-8b77-20d17ca48305,Gary Wu,19,73.77,5,84.57,Carry Optics,B,L2998,MINOR,Senior,109.9345,95.9065,4.2477,27.78,21,,4,1,,,,,
861c0eaa-ee8f-4966-a39c-e6537a9c2a91,GPS USPSA June Extra Saturday Special 2024,2024-06-29,6,Bay 9,b1533995-15e9-4542-8b77-20d17ca48305,Khoa Nguyen,20,73.47,6,74.79,Limited Optics,A,A117224,MINOR,Law Enforcement,97.2311,95.5137,4.2303,22.93,17,,7,1,1,,,,
861c0eaa-ee8f-4966-a39c-e6537a9c2a91,GPS USPSA June Extra Saturday Special 2024,2024-06-29,6,Bay 9,b1533995-15e9-4542-8b77-20d17ca48305,Ryan Alicaya,21,73.12,7,74.44,Limited Optics,D,0,MINOR,,96.7668,95.0576,4.2101,24.94,20,,5,,1,,,,
861c0eaa-ee8f-4966-a39c-e6537a9c2a91,GPS USPSA June Extra Saturday Special 2024,2024-06-29,6,Bay 9,b1533995-15e9-4542-8b77-20d17ca48305,Heath Helgeson,22,72.34,6,82.92,Carry Optics,B,A149129,MINOR,,107.7941,94.0393,4.1650,25.69,22,,2,1,1,,,,
861c0eaa-ee8f-4966-a39c-e6537a9c2a91,GPS USPSA June Extra Saturday Special 2024,2024-06-29,6,Bay 9,b1533995-15e9-4542-8b77-20d17ca48305,Travis Walton,23,70.44,7,80.75,Carry Optics,C,A159321,MINOR,,104.9705,91.5760,4.0559,28.60,20,,5,1,,,,,
861c0eaa-ee8f-4966-a39c-e6537a9c2a91,GPS USPSA June Extra Saturday Special 2024,2024-06-29,6,Bay 9,b1533995-15e9-4542-8b77-20d17ca48305,Jason Wells,24,69.81,8,71.07,Limited Optics,B,L5218,MINOR,,92.3860,90.7541,4.0195,24.63,20,,2,3,1,,,,
861c0eaa-ee8f-4966-a39c-e6537a9c2a91,GPS USPSA June Extra Saturday Special 2024,2024-06-29,6,Bay 9,b1533995-15e9-4542-8b77-20d17ca48305,Abe Valdez,25,69.59,8,79.76,Carry Optics,B,,MINOR,,103.6920,90.4606,4.0065,30.95,23,,3,,,,,,
861c0eaa-ee8f-4966-a39c-e6537a9c2a91,GPS USPSA June Extra Saturday Special 2024,2024-06-29,6,Bay 9,b1533995-15e9-4542-8b77-20d17ca48305,Karen Brusatori,26,68.35,9,69.58,Limited Optics,C,A149998,MINOR,Lady,90.4507,88.8530,3.9353,28.46,20,,3,3,,,,,
861c0eaa-ee8f-4966-a39c-e6537a9c2a91,GPS USPSA June Extra Saturday Special 2024,2024-06-29,6,Bay 9,b1533995-15e9-4542-8b77-20d17ca48305,Abrahan Figueroa,27,68.22,10,69.45,Limited Optics,U,TY54053,MINOR,Senior,90.2829,88.6882,3.9280,30.55,22,,3,1,,,,,
861c0eaa-ee8f-4966-a39c-e6537a9c2a91,GPS USPSA June Extra Saturday Special 2024,2024-06-29,6,Bay 9,b1533995-15e9-4542-8b77-20d17ca48305,Gil Yolo,28,68.18,9,78.16,Carry Optics,M,L5228,MINOR,,101.6034,88.6385,3.9258,28.02,17,,8,1,,,,,
861c0eaa-ee8f-4966-a39c-e6537a9c2a91,GPS USPSA June Extra Saturday Special 2024,2024-06-29,6,Bay 9,b1533995-15e9-4542-8b77-20d17ca48305,Jun Wu,29,67.77,2,87.82,PCC,B,A104927,MINOR,,114.1673,88.0966,3.9018,29.73,19,,7,,,,,,
861c0eaa-ee8f-4966-a39c-e6537a9c2a91,GPS USPSA June Extra Saturday Special 2024,2024-06-29,6,Bay 9,b1533995-15e9-4542-8b77-20d17ca48305,Rafael Delfin,30,67.23,10,77.07,Carry Optics,U,123334,MINOR,,100.1851,87.4012,3.8710,29.45,19,,6,1,,,,,
861c0eaa-ee8f-4966-a39c-e6537a9c2a91,GPS USPSA June Extra Saturday Special 2024,2024-06-29,6,Bay 9,b1533995-15e9-4542-8b77-20d17ca48305,Edwin Buchwalter,31,66.60,11,76.35,Carry Optics,C,TY102903,MINOR,,99.2508,86.5861,3.8349,30.77,20,,6,,,,,,
861c0eaa-ee8f-4966-a39c-e6537a9c2a91,GPS USPSA June Extra Saturday Special 2024,2024-06-29,6,Bay 9,b1533995-15e9-4542-8b77-20d17ca48305,Roman Gwiscz,32,66.59,12,76.33,Carry Optics,A,L4670,MINOR,,99.2276,86.5658,3.8340,25.30,18,,5,2,1,,,,
861c0eaa-ee8f-4966-a39c-e6537a9c2a91,GPS USPSA June Extra Saturday Special 2024,2024-06-29,6,Bay 9,b1533995-15e9-4542-8b77-20d17ca48305,Virak Meas,33,65.40,11,66.58,Limited Optics,U,O,MINOR,Senior,86.5479,85.0192,3.7655,25.76,19,,3,3,1,,,,
861c0eaa-ee8f-4966-a39c-e6537a9c2a91,GPS USPSA June Extra Saturday Special 2024,2024-06-29,6,Bay 9,b1533995-15e9-4542-8b77-20d17ca48305,Adam Bandiera,34,64.84,12,66.01,Limited Optics,B,A148375,MINOR,,85.8101,84.2944,3.7334,24.91,20,,4,1,1,,1,,
861c0eaa-ee8f-4966-a39c-e6537a9c2a91,GPS USPSA June Extra Saturday Special 2024,2024-06-29,6,Bay 9,b1533995-15e9-4542-8b77-20d17ca48305,Jorge Cahas,35,64.41,7,64.41,Open,B,F-44522,MAJOR,Senior,83.7277,83.7277,3.7083,24.00,17,,5,2,2,,,,
861c0eaa-ee8f-4966-a39c-e6537a9c2a91,GPS USPSA June Extra Saturday Special 2024,2024-06-29,6,Bay 9,b1533995-15e9-4542-8b77-20d17ca48305,Arnold Gee,36,63.64,13,64.78,Limited Optics,U,A103519,MINOR,Senior,84.2196,82.7320,3.6642,30.02,17,,8,1,,,,,
861c0eaa-ee8f-4966-a39c-e6537a9c2a91,GPS USPSA June Extra Saturday Special 2024,2024-06-29,6,Bay 9,b1533995-15e9-4542-8b77-20d17ca48305,CHAN WILLIAM,37,62.45,14,63.57,Limited Optics,B,0,MINOR,,82.6452,81.1854,3.5957,20.58,16,,8,,2,,1,,
861c0eaa-ee8f-4966-a39c-e6537a9c2a91,GPS USPSA June Extra Saturday Special 2024,2024-06-29,6,Bay 9,b1533995-15e9-4542-8b77-20d17ca48305,Roger Feng,38,61.85,13,70.90,Carry Optics,B,A157776,MINOR,,92.1698,80.4087,3.5613,28.08,18,,6,2,,,1,,
861c0eaa-ee8f-4966-a39c-e6537a9c2a91,GPS USPSA June Extra Saturday Special 2024,2024-06-29,6,Bay 9,b1533995-15e9-4542-8b77-20d17ca48305,Benjamin Michael,39,61.15,14,70.10,Carry Optics,C,L5472,MINOR,,91.1242,79.4965,3.5209,31.81,18,,7,1,,,,,
861c0eaa-ee8f-4966-a39c-e6537a9c2a91,GPS USPSA June Extra Saturday Special 2024,2024-06-29,6,Bay 9,b1533995-15e9-4542-8b77-20d17ca48305,Mike Kahl,40,60.89,15,69.80,Carry Optics,A,A70984,MINOR,Distinguished Senior,90.7386,79.1601,3.5060,31.09,22,,3,,1,,,,
861c0eaa-ee8f-4966-a39c-e6537a9c2a91,GPS USPSA June Extra Saturday Special 2024,2024-06-29,6,Bay 9,b1533995-15e9-4542-8b77-20d17ca48305,Michael Pontious,41,59.14,8,59.14,Open,B,fy94575,MAJOR,Senior,76.8842,76.8842,3.4052,32.01,21,,3,1,1,,,,
861c0eaa-ee8f-4966-a39c-e6537a9c2a91,GPS USPSA June Extra Saturday Special 2024,2024-06-29,6,Bay 9,b1533995-15e9-4542-8b77-20d17ca48305,Andy Chen,42,59.03,3,76.50,PCC,A,A86721,MINOR,,99.4553,76.7442,3.3990,31.48,21,,4,,1,,,,
861c0eaa-ee8f-4966-a39c-e6537a9c2a91,GPS USPSA June Extra Saturday Special 2024,2024-06-29,6,Bay 9,b1533995-15e9-4542-8b77-20d17ca48305,Brandon Hunt,43,58.77,15,59.83,Limited Optics,C,FY150701,MINOR,,77.7748,76.4010,3.3838,33.69,20,,4,2,,,,,
861c0eaa-ee8f-4966-a39c-e6537a9c2a91,GPS USPSA June Extra Saturday Special 2024,2024-06-29,6,Bay 9,b1533995-15e9-4542-8b77-20d17ca48305,Jack Liu,44,58.35,4,75.62,PCC,A,L6156,MINOR,Law Enforcement,98.3112,75.8614,3.3599,30.06,19,,5,1,1,,,,
861c0eaa-ee8f-4966-a39c-e6537a9c2a91,GPS USPSA June Extra Saturday Special 2024,2024-06-29,6,Bay 9,b1533995-15e9-4542-8b77-20d17ca48305,Ross Winningham,45,57.95,16,59.00,Limited Optics,U,A159283,MINOR,,76.6945,75.3398,3.3368,28.47,16,,8,1,1,,,,
861c0eaa-ee8f-4966-a39c-e6537a9c2a91,GPS USPSA June Extra Saturday Special 2024,2024-06-29,6,Bay 9,b1533995-15e9-4542-8b77-20d17ca48305,John Ren,46,56.32,3,71.54,Limited,C,A152674,MINOR,,93.0018,73.2197,3.2429,32.07,14,,11,1,,,,,
861c0eaa-ee8f-4966-a39c-e6537a9c2a91,GPS USPSA June Extra Saturday Special 2024,2024-06-29,6,Bay 9,b1533995-15e9-4542-8b77-20d17ca48305,Richard Dillow,47,55.31,9,55.31,Open,D,TY57446,MAJOR,Distinguished Senior,71.9011,71.9011,3.1845,36.74,15,,10,1,,,,,
861c0eaa-ee8f-4966-a39c-e6537a9c2a91,GPS USPSA June Extra Saturday Special 2024,2024-06-29,6,Bay 9,b1533995-15e9-4542-8b77-20d17ca48305,Anthony Smallwood,48,54.98,5,71.26,PCC,B,TY94508,MINOR,Super Senior,92.6318,71.4789,3.1658,30.64,19,,3,3,1,,,,
861c0eaa-ee8f-4966-a39c-e6537a9c2a91,GPS USPSA June Extra Saturday Special 2024,2024-06-29,6,Bay 9,b1533995-15e9-4542-8b77-20d17ca48305,Sean Frederick,49,53.05,16,60.81,Carry Optics,C,A149482,MINOR,,79.0534,68.9659,3.0545,27.50,17,,6,1,2,,,,
861c0eaa-ee8f-4966-a39c-e6537a9c2a91,GPS USPSA June Extra Saturday Special 2024,2024-06-29,6,Bay 9,b1533995-15e9-4542-8b77-20d17ca48305,Steven McNamara,50,52.50,17,53.44,Limited Optics,U,A75212,MINOR,Senior,69.4751,68.2479,3.0227,27.79,18,,4,2,2,,,,
861c0eaa-ee8f-4966-a39c-e6537a9c2a91,GPS USPSA June Extra Saturday Special 2024,2024-06-29,6,Bay 9,b1533995-15e9-4542-8b77-20d17ca48305,Andrew Frey,51,50.01,17,57.32,Carry Optics,U,,MINOR,,74.5164,65.0079,2.8792,37.51,21,,4,1,,,,1,
861c0eaa-ee8f-4966-a39c-e6537a9c2a91,GPS USPSA June Extra Saturday Special 2024,2024-06-29,6,Bay 9,b1533995-15e9-4542-8b77-20d17ca48305,Eric Wu,52,49.73,18,50.63,Limited Optics,B,0,MINOR,,65.8136,64.6512,2.8634,27.24,16,,5,3,2,,,,
861c0eaa-ee8f-4966-a39c-e6537a9c2a91,GPS USPSA June Extra Saturday Special 2024,2024-06-29,6,Bay 9,b1533995-15e9-4542-8b77-20d17ca48305,Carlos Escandon,53,49.25,19,50.14,Limited Optics,B,L2590,MINOR,Super Senior,65.1816,64.0303,2.8359,41.61,22,,2,2,,,,,
861c0eaa-ee8f-4966-a39c-e6537a9c2a91,GPS USPSA June Extra Saturday Special 2024,2024-06-29,6,Bay 9,b1533995-15e9-4542-8b77-20d17ca48305,Edward Yu,54,47.85,6,62.01,PCC,C,A148356,MINOR,,80.6118,62.2037,2.7550,37.75,14,,11,1,,,,,
861c0eaa-ee8f-4966-a39c-e6537a9c2a91,GPS USPSA June Extra Saturday Special 2024,2024-06-29,6,Bay 9,b1533995-15e9-4542-8b77-20d17ca48305,George Zhou,55,46.30,7,60.01,PCC,C,A146179,MINOR,,78.0105,60.1964,2.6661,25.13,16,,5,2,3,,,,
861c0eaa-ee8f-4966-a39c-e6537a9c2a91,GPS USPSA June Extra Saturday Special 2024,2024-06-29,6,Bay 9,b1533995-15e9-4542-8b77-20d17ca48305,Jay Survant,56,45.27,18,51.90,Carry Optics,U,A158498,MINOR,,67.4639,58.8553,2.6067,34.91,15,,8,2,1,,,,
861c0eaa-ee8f-4966-a39c-e6537a9c2a91,GPS USPSA June Extra Saturday Special 2024,2024-06-29,6,Bay 9,b1533995-15e9-4542-8b77-20d17ca48305,Daniel Zengerle,57,44.39,20,45.19,Limited Optics,U,A160569,MINOR,Senior,58.7436,57.7060,2.5558,34.04,13,,10,2,1,,,,
861c0eaa-ee8f-4966-a39c-e6537a9c2a91,GPS USPSA June Extra Saturday Special 2024,2024-06-29,6,Bay 9,b1533995-15e9-4542-8b77-20d17ca48305,Dan Schreiber,58,44.19,21,44.98,Limited Optics,C,A147899,MINOR,Super Senior,58.4793,57.4464,2.5443,44.02,18,,7,1,,,,,
861c0eaa-ee8f-4966-a39c-e6537a9c2a91,GPS USPSA June Extra Saturday Special 2024,2024-06-29,6,Bay 9,b1533995-15e9-4542-8b77-20d17ca48305,Nathan Bridges,59,39.23,19,44.97,Carry Optics,C,A139264,MINOR,,58.4547,50.9957,2.2586,35.42,14,,10,,2,,,,
861c0eaa-ee8f-4966-a39c-e6537a9c2a91,GPS USPSA June Extra Saturday Special 2024,2024-06-29,6,Bay 9,b1533995-15e9-4542-8b77-20d17ca48305,Andrew Philip,60,38.29,22,38.97,Limited Optics,C,A153653,MINOR,,50.6669,49.7720,2.2044,44.91,17,,8,,1,,,,
861c0eaa-ee8f-4966-a39c-e6537a9c2a91,GPS USPSA June Extra Saturday Special 2024,2024-06-29,6,Bay 9,b1533995-15e9-4542-8b77-20d17ca48305,christopher bulkley,61,35.77,20,41.00,Carry Optics,U,,MINOR,,53.2992,46.4981,2.0594,46.13,18,,4,3,1,,,,
861c0eaa-ee8f-4966-a39c-e6537a9c2a91,GPS USPSA June Extra Saturday Special 2024,2024-06-29,6,Bay 9,b1533995-15e9-4542-8b77-20d17ca48305,Andrew Bowman,62,35.51,21,40.70,Carry Optics,U,TY153695,MINOR,,52.9084,46.1571,2.0443,35.22,12,,10,2,2,,,,
861c0eaa-ee8f-4966-a39c-e6537a9c2a91,GPS USPSA June Extra Saturday Special 2024,2024-06-29,6,Bay 9,b1533995-15e9-4542-8b77-20d17ca48305,Robin Chen,63,35.41,22,40.59,Carry Optics,C,A152878,MINOR,Lady; Law Enforcement,52.7635,46.0307,2.0387,39.24,17,,4,3,2,,,,
861c0eaa-ee8f-4966-a39c-e6537a9c2a91,GPS USPSA June Extra Saturday Special 2024,2024-06-29,6,Bay 9,b1533995-15e9-4542-8b77-20d17ca48305,Michael Chang,64,32.08,23,32.65,Limited Optics,U,A151409,MINOR,,42.4500,41.7002,1.8469,29.78,14,,3,6,3,,,,
861c0eaa-ee8f-4966-a39c-e6537a9c2a91,GPS USPSA June Extra Saturday Special 2024,2024-06-29,6,Bay 9,b1533995-15e9-4542-8b77-20d17ca48305,John Brunkhorst,65,31.81,23,36.46,Carry Optics,B,L6310,MINOR,,47.3958,41.3479,1.8313,33.31,13,,8,2,3,,,,
861c0eaa-ee8f-4966-a39c-e6537a9c2a91,GPS USPSA June Extra Saturday Special 2024,2024-06-29,6,Bay 9,b1533995-15e9-4542-8b77-20d17ca48305,Alex Nguyen,66,31.76,1,100.00,Single Stack,C,A151003,MINOR,,130.0000,41.2937,1.8289,35.54,16,,4,3,3,,,,
861c0eaa-ee8f-4966-a39c-e6537a9c2a91,GPS USPSA June Extra Saturday Special 2024,2024-06-29,6,Bay 9,b1533995-15e9-4542-8b77-20d17ca48305,Steven McKinney,67,29.56,24,33.89,Carry Optics,C,A104027,MINOR,,44.0520,38.4308,1.7021,28.20,18,,2,2,4,,,1,
861c0eaa-ee8f-4966-a39c-e6537a9c2a91,GPS USPSA June Extra Saturday Special 2024,2024-06-29,6,Bay 9,b1533995-15e9-4542-8b77-20d17ca48305,Pete Tsekouras,68,24.81,25,28.43,Carry Optics,C,A147367,MINOR,,36.9632,32.2466,1.4282,38.51,16,,4,3,3,,,1,
861c0eaa-ee8f-4966-a39c-e6537a9c2a91,GPS USPSA June Extra Saturday Special 2024,2024-06-29,6,Bay 9,b1533995-15e9-4542-8b77-20d17ca48305,Calvin Chui,69,23.73,24,24.16,Limited Optics,U,A154291,MINOR,,31.4082,30.8535,1.3665,45.37,18,,4,,4,,,,
861c0eaa-ee8f-4966-a39c-e6537a9c2a91,GPS USPSA June Extra Saturday Special 2024,2024-06-29,6,Bay 9,b1533995-15e9-4542-8b77-20d17ca48305,Kexin Bai,70,22.32,8,28.92,PCC,U,A155638,MINOR,,37.5993,29.0133,1.2850,66.15,13,,9,3,1,,,,
861c0eaa-ee8f-4966-a39c-e6537a9c2a91,GPS USPSA June Extra Saturday Special 2024,2024-06-29,6,Bay 9,b1533995-15e9-4542-8b77-20d17ca48305,JR Roberts,71,21.89,2,68.90,Single Stack,C,TY102739,MAJOR,,89.5691,28.4511,1.2601,46.82,15,,5,2,4,,,,
861c0eaa-ee8f-4966-a39c-e6537a9c2a91,GPS USPSA June Extra Saturday Special 2024,2024-06-29,6,Bay 9,b1533995-15e9-4542-8b77-20d17ca48305,Tony Vale,72,20.82,26,23.87,Carry Optics,B,A153735,MINOR,,31.0313,27.0716,1.1990,20.85,16,,5,,5,,,2,
861c0eaa-ee8f-4966-a39c-e6537a9c2a91,GPS USPSA June Extra Saturday Special 2024,2024-06-29,6,Bay 9,b1533995-15e9-4542-8b77-20d17ca48305,Andrew Anderson,73,16.47,27,18.88,Carry Optics,U,A160156,MINOR,Military,24.5481,21.4157,0.9485,49.55,17,,3,3,3,,2,,
861c0eaa-ee8f-4966-a39c-e6537a9c2a91,GPS USPSA June Extra Saturday Special 2024,2024-06-29,6,Bay 9,b1533995-15e9-4542-8b77-20d17ca48305,Ryan Rocha,74,11.67,28,13.37,Carry Optics,U,A157957,MINOR,,17.3842,15.1660,0.6717,52.11,10,,11,2,3,,1,1,
861c0eaa-ee8f-4966-a39c-e6537a9c2a91,GPS USPSA June Extra Saturday Special 2024,2024-06-29,6,Bay 9,b1533995-15e9-4542-8b77-20d17ca48305,Page Brunkhorst,75,0.00,3,0.00,Single Stack,C,L4903,MAJOR,Senior,0.0000,0.0000,,,,,,,,,,,
861c0eaa-ee8f-4966-a39c-e6537a9c2a91,GPS USPSA June Extra Saturday Special 2024,2024-06-29,6,Bay 9,b1533995-15e9-4542-8b77-20d17ca48305,Yulmer Carreno,76,0.00,29,0.00,Carry Optics,U,A157204,MINOR,,0.0000,0.0000,,,,,,,,,,,
861c0eaa-ee8f-4966-a39c-e6537a9c2a91,GPS USPSA June Extra Saturday Special 2024,2024-06-29,6,Bay 9,b1533995-15e9-4542-8b77-20d17ca48305,Jason Wells2,77,0.00,25,0.00,Limited Optics,B,L5218,MINOR,,0.0000,0.0000,,,,,,,,,,,
861c0eaa-ee8f-4966-a39c-e6537a9c2a91,GPS USPSA June Extra Saturday Special 2024,2024-06-29,6,Bay 9,b1533995-15e9-4542-8b77-20d17ca48305,Robbie Boettcher,78,0.00,30,0.00,Carry Optics,B,L5829,MINOR,,0.0000,0.0000,0.0000,21.02,15,,3,,8,,,3,
861c0eaa-ee8f-4966-a39c-e6537a9c2a91,GPS USPSA June Extra Saturday Special 2024,2024-06-29,6,Bay 9,b1533995-15e9-4542-8b77-20d17ca48305,Patrick Mccombs,79,0.00,31,0.00,Carry Optics,C,A157503,MINOR,,0.0000,0.0000,0.0000,23.23,12,,5,1,8,,,,
861c0eaa-ee8f-4966-a39c-e6537a9c2a91,GPS USPSA June Extra Saturday Special 2024,2024-06-29,7,Bay 10: Deja Vu,3b64b902-d486-4fb9-8d7f-028640fc5f46,Chez Chike-Udenze,1,100.00,1,100.00,Open,A,A138598,MAJOR,,60.0000,60.0000,11.6327,4.90,9,,3,,,,,,
861c0eaa-ee8f-4966-a39c-e6537a9c2a91,GPS USPSA June Extra Saturday Special 2024,2024-06-29,7,Bay 10: Deja Vu,3b64b902-d486-4fb9-8d7f-028640fc5f46,August Balagtas,2,94.11,2,94.11,Open,M,L3674,MAJOR,,56.4653,56.4653,10.9474,4.75,6,,5,1,,,,,
861c0eaa-ee8f-4966-a39c-e6537a9c2a91,GPS USPSA June Extra Saturday Special 2024,2024-06-29,7,Bay 10: Deja Vu,3b64b902-d486-4fb9-8d7f-028640fc5f46,Wade Pruetz,3,88.09,3,88.09,Open,A,Ty79055,MAJOR,Senior,52.8543,52.8543,10.2473,5.66,10,,2,,,,,,
861c0eaa-ee8f-4966-a39c-e6537a9c2a91,GPS USPSA June Extra Saturday Special 2024,2024-06-29,7,Bay 10: Deja Vu,3b64b902-d486-4fb9-8d7f-028640fc5f46,Jim Havens,4,83.58,1,100.00,Limited Optics,M,TY114636,MINOR,Senior,60.0000,50.1459,9.7222,5.76,10,,2,,,,,,
861c0eaa-ee8f-4966-a39c-e6537a9c2a91,GPS USPSA June Extra Saturday Special 2024,2024-06-29,7,Bay 10: Deja Vu,3b64b902-d486-4fb9-8d7f-028640fc5f46,Travis McKenzie,5,78.98,2,94.50,Limited Optics,M,L6340,MINOR,,56.6989,47.3869,9.1873,5.66,8,,4,,,,,,
861c0eaa-ee8f-4966-a39c-e6537a9c2a91,GPS USPSA June Extra Saturday Special 2024,2024-06-29,7,Bay 10: Deja Vu,3b64b902-d486-4fb9-8d7f-028640fc5f46,Gil Yolo,6,78.70,1,100.00,Carry Optics,M,L5228,MINOR,,60.0000,47.2198,9.1549,5.68,8,,4,,,,,,
861c0eaa-ee8f-4966-a39c-e6537a9c2a91,GPS USPSA June Extra Saturday Special 2024,2024-06-29,7,Bay 10: Deja Vu,3b64b902-d486-4fb9-8d7f-028640fc5f46,Michael Hanover,7,78.58,3,94.02,Limited Optics,A,A146302,MINOR,,56.4119,47.1471,9.1408,5.47,7,,5,,,,,,
861c0eaa-ee8f-4966-a39c-e6537a9c2a91,GPS USPSA June Extra Saturday Special 2024,2024-06-29,7,Bay 10: Deja Vu,3b64b902-d486-4fb9-8d7f-028640fc5f46,Tony Vale,8,77.42,2,98.37,Carry Optics,B,A153735,MINOR,,59.0215,46.4497,9.0056,5.33,8,,2,2,,,,,
861c0eaa-ee8f-4966-a39c-e6537a9c2a91,GPS USPSA June Extra Saturday Special 2024,2024-06-29,7,Bay 10: Deja Vu,3b64b902-d486-4fb9-8d7f-028640fc5f46,Michael Pontious,9,77.35,4,77.35,Open,B,fy94575,MAJOR,Senior,46.4121,46.4121,8.9983,5.89,7,,4,1,,,,,
861c0eaa-ee8f-4966-a39c-e6537a9c2a91,GPS USPSA June Extra Saturday Special 2024,2024-06-29,7,Bay 10: Deja Vu,3b64b902-d486-4fb9-8d7f-028640fc5f46,Ryan Alicaya,10,76.60,4,91.66,Limited Optics,D,0,MINOR,,54.9931,45.9613,8.9109,6.06,9,,3,,,,,,
861c0eaa-ee8f-4966-a39c-e6537a9c2a91,GPS USPSA June Extra Saturday Special 2024,2024-06-29,7,Bay 10: Deja Vu,3b64b902-d486-4fb9-8d7f-028640fc5f46,Luke Rogers,11,75.60,5,75.60,Open,U,A133534,MINOR,,45.3625,45.3625,8.7948,6.14,9,,3,,,,,,
861c0eaa-ee8f-4966-a39c-e6537a9c2a91,GPS USPSA June Extra Saturday Special 2024,2024-06-29,7,Bay 10: Deja Vu,3b64b902-d486-4fb9-8d7f-028640fc5f46,Todd Ellison,12,75.45,1,100.00,PCC,C,A137376,MINOR,,60.0000,45.2727,8.7774,6.38,10,,2,,,,,,
861c0eaa-ee8f-4966-a39c-e6537a9c2a91,GPS USPSA June Extra Saturday Special 2024,2024-06-29,7,Bay 10: Deja Vu,3b64b902-d486-4fb9-8d7f-028640fc5f46,Andy Chen,13,75.13,2,99.57,PCC,A,A86721,MINOR,,59.7409,45.0772,8.7395,5.95,9,,2,1,,,,,
861c0eaa-ee8f-4966-a39c-e6537a9c2a91,GPS USPSA June Extra Saturday Special 2024,2024-06-29,7,Bay 10: Deja Vu,3b64b902-d486-4fb9-8d7f-028640fc5f46,Jorge Cahas,14,74.64,6,74.64,Open,B,F-44522,MAJOR,Senior,44.7817,44.7817,8.6822,6.45,8,,4,,,,,,
861c0eaa-ee8f-4966-a39c-e6537a9c2a91,GPS USPSA June Extra Saturday Special 2024,2024-06-29,7,Bay 10: Deja Vu,3b64b902-d486-4fb9-8d7f-028640fc5f46,Randy Goodney,15,73.88,7,73.88,Open,A,A94852,MAJOR,Senior,44.3257,44.3257,8.5938,6.40,9,,2,1,,,,,
861c0eaa-ee8f-4966-a39c-e6537a9c2a91,GPS USPSA June Extra Saturday Special 2024,2024-06-29,7,Bay 10: Deja Vu,3b64b902-d486-4fb9-8d7f-028640fc5f46,Vinh Lam,16,72.75,1,100.00,Limited,M,Ty101025,MAJOR,,60.0000,43.6506,8.4629,5.79,5,,5,2,,,,,
861c0eaa-ee8f-4966-a39c-e6537a9c2a91,GPS USPSA June Extra Saturday Special 2024,2024-06-29,7,Bay 10: Deja Vu,3b64b902-d486-4fb9-8d7f-028640fc5f46,Heath Helgeson,17,72.74,3,92.43,Carry Optics,B,A149129,MINOR,,55.4555,43.6434,8.4615,5.20,6,,4,2,,,,,
861c0eaa-ee8f-4966-a39c-e6537a9c2a91,GPS USPSA June Extra Saturday Special 2024,2024-06-29,7,Bay 10: Deja Vu,3b64b902-d486-4fb9-8d7f-028640fc5f46,Adam Bandiera,18,72.69,5,86.97,Limited Optics,B,A148375,MINOR,,52.1814,43.6114,8.4553,6.15,8,,4,,,,,,
861c0eaa-ee8f-4966-a39c-e6537a9c2a91,GPS USPSA June Extra Saturday Special 2024,2024-06-29,7,Bay 10: Deja Vu,3b64b902-d486-4fb9-8d7f-028640fc5f46,Anthony Giuliano,19,72.47,4,92.08,Carry Optics,B,A152263,MINOR,Law Enforcement,55.2504,43.4819,8.4302,6.88,11,,1,,,,,,
861c0eaa-ee8f-4966-a39c-e6537a9c2a91,GPS USPSA June Extra Saturday Special 2024,2024-06-29,7,Bay 10: Deja Vu,3b64b902-d486-4fb9-8d7f-028640fc5f46,Tim Yang,20,70.18,5,89.17,Carry Optics,U,,MINOR,,53.5012,42.1053,8.1633,6.37,8,,4,,,,,,
861c0eaa-ee8f-4966-a39c-e6537a9c2a91,GPS USPSA June Extra Saturday Special 2024,2024-06-29,7,Bay 10: Deja Vu,3b64b902-d486-4fb9-8d7f-028640fc5f46,Khoa Nguyen,21,69.62,6,83.30,Limited Optics,A,A117224,MINOR,Law Enforcement,49.9800,41.7716,8.0986,5.68,5,,7,,,,,,
861c0eaa-ee8f-4966-a39c-e6537a9c2a91,GPS USPSA June Extra Saturday Special 2024,2024-06-29,7,Bay 10: Deja Vu,3b64b902-d486-4fb9-8d7f-028640fc5f46,Gary Wu,22,68.30,6,86.79,Carry Optics,B,L2998,MINOR,Senior,52.0718,40.9803,7.9452,7.30,11,,1,,,,,,
861c0eaa-ee8f-4966-a39c-e6537a9c2a91,GPS USPSA June Extra Saturday Special 2024,2024-06-29,7,Bay 10: Deja Vu,3b64b902-d486-4fb9-8d7f-028640fc5f46,Abe Valdez,23,67.30,7,85.52,Carry Optics,B,,MINOR,,51.3115,40.3820,7.8292,5.62,5,,6,1,,,,,
861c0eaa-ee8f-4966-a39c-e6537a9c2a91,GPS USPSA June Extra Saturday Special 2024,2024-06-29,7,Bay 10: Deja Vu,3b64b902-d486-4fb9-8d7f-028640fc5f46,Tyler Kenny,24,67.09,8,85.25,Carry Optics,A,A148691,MINOR,,51.1523,40.2567,7.8049,6.15,6,,6,,,,,,
861c0eaa-ee8f-4966-a39c-e6537a9c2a91,GPS USPSA June Extra Saturday Special 2024,2024-06-29,7,Bay 10: Deja Vu,3b64b902-d486-4fb9-8d7f-028640fc5f46,Arnold Gee,25,64.68,7,77.38,Limited Optics,U,A103519,MINOR,Senior,46.4308,38.8053,7.5235,6.38,6,,6,,,,,,
861c0eaa-ee8f-4966-a39c-e6537a9c2a91,GPS USPSA June Extra Saturday Special 2024,2024-06-29,7,Bay 10: Deja Vu,3b64b902-d486-4fb9-8d7f-028640fc5f46,Steven McNamara,26,64.38,8,77.04,Limited Optics,U,A75212,MINOR,Senior,46.2216,38.6304,7.4896,7.21,9,,3,,,,,,
861c0eaa-ee8f-4966-a39c-e6537a9c2a91,GPS USPSA June Extra Saturday Special 2024,2024-06-29,7,Bay 10: Deja Vu,3b64b902-d486-4fb9-8d7f-028640fc5f46,Andrew Bowman,27,62.82,9,79.82,Carry Optics,U,TY153695,MINOR,,47.8904,37.6896,7.3072,7.39,9,,3,,,,,,
861c0eaa-ee8f-4966-a39c-e6537a9c2a91,GPS USPSA June Extra Saturday Special 2024,2024-06-29,7,Bay 10: Deja Vu,3b64b902-d486-4fb9-8d7f-028640fc5f46,Rafael Delfin,28,62.69,10,79.66,Carry Optics,U,123334,MINOR,,47.7980,37.6169,7.2931,7.13,8,,4,,,,,,
861c0eaa-ee8f-4966-a39c-e6537a9c2a91,GPS USPSA June Extra Saturday Special 2024,2024-06-29,7,Bay 10: Deja Vu,3b64b902-d486-4fb9-8d7f-028640fc5f46,Sean Frederick,29,62.44,11,79.34,Carry Optics,C,A149482,MINOR,,47.6027,37.4632,7.2633,7.71,10,,2,,,,,,
861c0eaa-ee8f-4966-a39c-e6537a9c2a91,GPS USPSA June Extra Saturday Special 2024,2024-06-29,7,Bay 10: Deja Vu,3b64b902-d486-4fb9-8d7f-028640fc5f46,Jun Wu,30,62.20,3,82.43,PCC,B,A104927,MINOR,,49.4572,37.3177,7.2351,7.74,10,,2,,,,,,
861c0eaa-ee8f-4966-a39c-e6537a9c2a91,GPS USPSA June Extra Saturday Special 2024,2024-06-29,7,Bay 10: Deja Vu,3b64b902-d486-4fb9-8d7f-028640fc5f46,Kolton Cox,31,62.04,9,74.23,Limited Optics,C,A155275,MINOR,,44.5362,37.2218,7.2165,4.85,6,,5,,1,,,,
861c0eaa-ee8f-4966-a39c-e6537a9c2a91,GPS USPSA June Extra Saturday Special 2024,2024-06-29,7,Bay 10: Deja Vu,3b64b902-d486-4fb9-8d7f-028640fc5f46,Anthony Smallwood,32,61.86,4,81.98,PCC,B,TY94508,MINOR,Super Senior,49.1900,37.1161,7.1960,8.06,11,,1,,,,,,
861c0eaa-ee8f-4966-a39c-e6537a9c2a91,GPS USPSA June Extra Saturday Special 2024,2024-06-29,7,Bay 10: Deja Vu,3b64b902-d486-4fb9-8d7f-028640fc5f46,Ivan Drago,33,61.50,2,84.53,Limited,B,TY123776,MINOR,,50.7202,36.8994,7.1540,6.43,6,,5,1,,,,,
861c0eaa-ee8f-4966-a39c-e6537a9c2a91,GPS USPSA June Extra Saturday Special 2024,2024-06-29,7,Bay 10: Deja Vu,3b64b902-d486-4fb9-8d7f-028640fc5f46,Abrahan Figueroa,34,61.32,10,73.37,Limited Optics,U,TY54053,MINOR,Senior,44.0215,36.7916,7.1331,7.29,8,,4,,,,,,
861c0eaa-ee8f-4966-a39c-e6537a9c2a91,GPS USPSA June Extra Saturday Special 2024,2024-06-29,7,Bay 10: Deja Vu,3b64b902-d486-4fb9-8d7f-028640fc5f46,Mike Benitez,35,61.20,12,77.76,Carry Optics,U,A98298,MINOR,,46.6583,36.7199,7.1192,6.04,10,,1,,1,,,,
861c0eaa-ee8f-4966-a39c-e6537a9c2a91,GPS USPSA June Extra Saturday Special 2024,2024-06-29,7,Bay 10: Deja Vu,3b64b902-d486-4fb9-8d7f-028640fc5f46,Karen Brusatori,36,61.07,11,73.07,Limited Optics,C,A149998,MINOR,Lady,43.8407,36.6405,7.1038,7.32,8,,4,,,,,,
861c0eaa-ee8f-4966-a39c-e6537a9c2a91,GPS USPSA June Extra Saturday Special 2024,2024-06-29,7,Bay 10: Deja Vu,3b64b902-d486-4fb9-8d7f-028640fc5f46,Jason Wells2,37,60.91,12,72.88,Limited Optics,B,L5218,MINOR,,43.7265,36.5451,7.0853,6.21,6,,4,2,,,,,
861c0eaa-ee8f-4966-a39c-e6537a9c2a91,GPS USPSA June Extra Saturday Special 2024,2024-06-29,7,Bay 10: Deja Vu,3b64b902-d486-4fb9-8d7f-028640fc5f46,Carlos Escandon,38,59.38,13,71.05,Limited Optics,B,L2590,MINOR,Super Senior,42.6286,35.6275,6.9074,6.37,6,,4,2,,,,,
861c0eaa-ee8f-4966-a39c-e6537a9c2a91,GPS USPSA June Extra Saturday Special 2024,2024-06-29,7,Bay 10: Deja Vu,3b64b902-d486-4fb9-8d7f-028640fc5f46,Travis Walton,39,57.81,13,73.46,Carry Optics,C,A159321,MINOR,,44.0734,34.6857,6.7248,8.03,9,,3,,,,,,
861c0eaa-ee8f-4966-a39c-e6537a9c2a91,GPS USPSA June Extra Saturday Special 2024,2024-06-29,7,Bay 10: Deja Vu,3b64b902-d486-4fb9-8d7f-028640fc5f46,Pete Tsekouras,40,55.38,14,70.37,Carry Optics,C,A147367,MINOR,,42.2239,33.2301,6.4426,7.14,10,,2,,,,1,,
861c0eaa-ee8f-4966-a39c-e6537a9c2a91,GPS USPSA June Extra Saturday Special 2024,2024-06-29,7,Bay 10: Deja Vu,3b64b902-d486-4fb9-8d7f-028640fc5f46,Brandon Hunt,41,54.34,14,65.02,Limited Optics,C,FY150701,MINOR,,39.0103,32.6034,6.3211,7.91,8,,3,1,,,,,
861c0eaa-ee8f-4966-a39c-e6537a9c2a91,GPS USPSA June Extra Saturday Special 2024,2024-06-29,7,Bay 10: Deja Vu,3b64b902-d486-4fb9-8d7f-028640fc5f46,Michael Chang,42,53.79,15,64.37,Limited Optics,U,A151409,MINOR,,38.6197,32.2769,6.2578,7.99,7,,5,,,,,,
861c0eaa-ee8f-4966-a39c-e6537a9c2a91,GPS USPSA June Extra Saturday Special 2024,2024-06-29,7,Bay 10: Deja Vu,3b64b902-d486-4fb9-8d7f-028640fc5f46,Andrew Frey,43,53.52,15,68.00,Carry Optics,U,,MINOR,,40.8024,32.1114,6.2257,7.71,7,,4,1,,,,,
861c0eaa-ee8f-4966-a39c-e6537a9c2a91,GPS USPSA June Extra Saturday Special 2024,2024-06-29,7,Bay 10: Deja Vu,3b64b902-d486-4fb9-8d7f-028640fc5f46,Calvin Chui,44,51.62,16,61.77,Limited Optics,U,A154291,MINOR,,37.0607,30.9741,6.0052,7.66,11,,,1,,,,1,
861c0eaa-ee8f-4966-a39c-e6537a9c2a91,GPS USPSA June Extra Saturday Special 2024,2024-06-29,7,Bay 10: Deja Vu,3b64b902-d486-4fb9-8d7f-028640fc5f46,Roman Gwiscz,45,50.98,16,64.78,Carry Optics,A,L4670,MINOR,,38.8697,30.5903,5.9308,6.07,1,,10,1,,,,,
861c0eaa-ee8f-4966-a39c-e6537a9c2a91,GPS USPSA June Extra Saturday Special 2024,2024-06-29,7,Bay 10: Deja Vu,3b64b902-d486-4fb9-8d7f-028640fc5f46,Edwin Buchwalter,46,50.75,17,64.49,Carry Optics,C,TY102903,MINOR,,38.6947,30.4526,5.9041,8.13,7,,4,1,,,,,
861c0eaa-ee8f-4966-a39c-e6537a9c2a91,GPS USPSA June Extra Saturday Special 2024,2024-06-29,7,Bay 10: Deja Vu,3b64b902-d486-4fb9-8d7f-028640fc5f46,George Zhou,47,50.11,5,66.42,PCC,C,A146179,MINOR,,39.8496,30.0683,5.8296,6.69,8,,3,,1,,,,
861c0eaa-ee8f-4966-a39c-e6537a9c2a91,GPS USPSA June Extra Saturday Special 2024,2024-06-29,7,Bay 10: Deja Vu,3b64b902-d486-4fb9-8d7f-028640fc5f46,Eric Wu,48,50.01,17,59.83,Limited Optics,B,0,MINOR,,35.9005,30.0044,5.8172,7.22,4,,7,1,,,,,
861c0eaa-ee8f-4966-a39c-e6537a9c2a91,GPS USPSA June Extra Saturday Special 2024,2024-06-29,7,Bay 10: Deja Vu,3b64b902-d486-4fb9-8d7f-028640fc5f46,John Brunkhorst,49,49.56,18,62.98,Carry Optics,B,L6310,MINOR,,37.7857,29.7372,5.7654,5.03,5,,4,2,1,,,,
861c0eaa-ee8f-4966-a39c-e6537a9c2a91,GPS USPSA June Extra Saturday Special 2024,2024-06-29,7,Bay 10: Deja Vu,3b64b902-d486-4fb9-8d7f-028640fc5f46,Jason Wells,50,49.27,18,58.95,Limited Optics,B,L5218,MINOR,,35.3698,29.5608,5.7312,5.06,8,,3,,1,,1,,
861c0eaa-ee8f-4966-a39c-e6537a9c2a91,GPS USPSA June Extra Saturday Special 2024,2024-06-29,7,Bay 10: Deja Vu,3b64b902-d486-4fb9-8d7f-028640fc5f46,Andrew Philip,51,49.07,19,58.71,Limited Optics,C,A153653,MINOR,,35.2254,29.4401,5.7078,8.76,7,,5,,,,,,
861c0eaa-ee8f-4966-a39c-e6537a9c2a91,GPS USPSA June Extra Saturday Special 2024,2024-06-29,7,Bay 10: Deja Vu,3b64b902-d486-4fb9-8d7f-028640fc5f46,Alex Nguyen,52,48.90,1,100.00,Single Stack,C,A151003,MINOR,,60.0000,29.3395,5.6883,8.79,7,,5,,,,,,
861c0eaa-ee8f-4966-a39c-e6537a9c2a91,GPS USPSA June Extra Saturday Special 2024,2024-06-29,7,Bay 10: Deja Vu,3b64b902-d486-4fb9-8d7f-028640fc5f46,Ryan Rocha,53,48.33,19,61.41,Carry Optics,U,A157957,MINOR,,36.8432,28.9955,5.6216,9.25,8,,4,,,,,,
861c0eaa-ee8f-4966-a39c-e6537a9c2a91,GPS USPSA June Extra Saturday Special 2024,2024-06-29,7,Bay 10: Deja Vu,3b64b902-d486-4fb9-8d7f-028640fc5f46,John Ren,54,48.27,3,66.35,Limited,C,A152674,MINOR,,39.8090,28.9615,5.6150,7.48,4,,7,1,,,,,
861c0eaa-ee8f-4966-a39c-e6537a9c2a91,GPS USPSA June Extra Saturday Special 2024,2024-06-29,7,Bay 10: Deja Vu,3b64b902-d486-4fb9-8d7f-028640fc5f46,Robbie Boettcher,55,47.08,20,59.83,Carry Optics,B,L5829,MINOR,,35.8955,28.2497,5.4770,5.66,4,,7,,1,,,,
861c0eaa-ee8f-4966-a39c-e6537a9c2a91,GPS USPSA June Extra Saturday Special 2024,2024-06-29,7,Bay 10: Deja Vu,3b64b902-d486-4fb9-8d7f-028640fc5f46,David Warren,56,44.19,20,52.87,Limited Optics,M,TY40917,MINOR,Senior,31.7224,26.5125,5.1402,6.42,5,,6,,1,,,,
861c0eaa-ee8f-4966-a39c-e6537a9c2a91,GPS USPSA June Extra Saturday Special 2024,2024-06-29,7,Bay 10: Deja Vu,3b64b902-d486-4fb9-8d7f-028640fc5f46,Benjamin Michael,57,43.38,21,55.12,Carry Optics,C,L5472,MINOR,,33.0741,26.0292,5.0465,7.53,6,,6,,,,1,,
861c0eaa-ee8f-4966-a39c-e6537a9c2a91,GPS USPSA June Extra Saturday Special 2024,2024-06-29,7,Bay 10: Deja Vu,3b64b902-d486-4fb9-8d7f-028640fc5f46,Ross Winningham,58,42.65,21,51.04,Limited Optics,U,A159283,MINOR,,30.6215,25.5923,4.9618,5.24,4,,4,4,,,,1,
861c0eaa-ee8f-4966-a39c-e6537a9c2a91,GPS USPSA June Extra Saturday Special 2024,2024-06-29,7,Bay 10: Deja Vu,3b64b902-d486-4fb9-8d7f-028640fc5f46,Richard Dillow,59,42.51,8,42.51,Open,D,TY57446,MAJOR,Distinguished Senior,25.5083,25.5083,4.9455,11.93,11,,1,,,,,,
861c0eaa-ee8f-4966-a39c-e6537a9c2a91,GPS USPSA June Extra Saturday Special 2024,2024-06-29,7,Bay 10: Deja Vu,3b64b902-d486-4fb9-8d7f-028640fc5f46,Mike Kahl,60,41.45,22,52.66,Carry Optics,A,A70984,MINOR,Distinguished Senior,31.5975,24.8671,4.8212,6.43,5,,5,1,1,,,,
861c0eaa-ee8f-4966-a39c-e6537a9c2a91,GPS USPSA June Extra Saturday Special 2024,2024-06-29,7,Bay 10: Deja Vu,3b64b902-d486-4fb9-8d7f-028640fc5f46,Robin Chen,61,40.47,23,51.43,Carry Optics,C,A152878,MINOR,Lady; Law Enforcement,30.8563,24.2838,4.7081,10.62,7,,5,,,,,,
861c0eaa-ee8f-4966-a39c-e6537a9c2a91,GPS USPSA June Extra Saturday Special 2024,2024-06-29,7,Bay 10: Deja Vu,3b64b902-d486-4fb9-8d7f-028640fc5f46,JR Roberts,62,39.27,2,80.31,Single Stack,C,TY102739,MAJOR,,48.1884,23.5637,4.5685,11.82,8,,3,1,,,,,
861c0eaa-ee8f-4966-a39c-e6537a9c2a91,GPS USPSA June Extra Saturday Special 2024,2024-06-29,7,Bay 10: Deja Vu,3b64b902-d486-4fb9-8d7f-028640fc5f46,Dan Schreiber,63,38.86,22,46.50,Limited Optics,C,A147899,MINOR,Super Senior,27.8992,23.3172,4.5207,12.83,11,,1,,,,,,
861c0eaa-ee8f-4966-a39c-e6537a9c2a91,GPS USPSA June Extra Saturday Special 2024,2024-06-29,7,Bay 10: Deja Vu,3b64b902-d486-4fb9-8d7f-028640fc5f46,Taylor Snodgrass,64,34.68,9,34.68,Open,U,A159149,MINOR,,20.8069,20.8069,4.0340,4.71,8,,3,,1,,1,1,
861c0eaa-ee8f-4966-a39c-e6537a9c2a91,GPS USPSA June Extra Saturday Special 2024,2024-06-29,7,Bay 10: Deja Vu,3b64b902-d486-4fb9-8d7f-028640fc5f46,Nathan Bridges,65,34.63,24,44.00,Carry Optics,C,A139264,MINOR,,26.4003,20.7769,4.0282,9.93,7,,5,,,,1,,
861c0eaa-ee8f-4966-a39c-e6537a9c2a91,GPS USPSA June Extra Saturday Special 2024,2024-06-29,7,Bay 10: Deja Vu,3b64b902-d486-4fb9-8d7f-028640fc5f46,Roger Feng,66,33.27,25,42.27,Carry Optics,B,A157776,MINOR,,25.3635,19.9610,3.8700,6.46,6,,5,,1,,1,,
861c0eaa-ee8f-4966-a39c-e6537a9c2a91,GPS USPSA June Extra Saturday Special 2024,2024-06-29,7,Bay 10: Deja Vu,3b64b902-d486-4fb9-8d7f-028640fc5f46,Andrew Anderson,67,31.81,26,40.42,Carry Optics,U,A160156,MINOR,Military,24.2513,19.0857,3.7003,10.81,7,,5,,,,1,,
861c0eaa-ee8f-4966-a39c-e6537a9c2a91,GPS USPSA June Extra Saturday Special 2024,2024-06-29,7,Bay 10: Deja Vu,3b64b902-d486-4fb9-8d7f-028640fc5f46,Kexin Bai,68,31.06,6,41.16,PCC,U,A155638,MINOR,,24.6982,18.6359,3.6131,8.58,9,,2,,1,,1,,
861c0eaa-ee8f-4966-a39c-e6537a9c2a91,GPS USPSA June Extra Saturday Special 2024,2024-06-29,7,Bay 10: Deja Vu,3b64b902-d486-4fb9-8d7f-028640fc5f46,Edward Yu,69,30.50,7,40.43,PCC,C,A148356,MINOR,,24.2559,18.3022,3.5484,9.30,10,,1,,1,,1,,
861c0eaa-ee8f-4966-a39c-e6537a9c2a91,GPS USPSA June Extra Saturday Special 2024,2024-06-29,7,Bay 10: Deja Vu,3b64b902-d486-4fb9-8d7f-028640fc5f46,Steven McKinney,70,27.56,27,35.02,Carry Optics,C,A104027,MINOR,,21.0104,16.5351,3.2058,9.67,9,,2,,1,,1,,
861c0eaa-ee8f-4966-a39c-e6537a9c2a91,GPS USPSA June Extra Saturday Special 2024,2024-06-29,7,Bay 10: Deja Vu,3b64b902-d486-4fb9-8d7f-028640fc5f46,Daniel Zengerle,71,27.44,23,32.83,Limited Optics,U,A160569,MINOR,Senior,19.6962,16.4614,3.1915,11.28,7,,3,2,,,1,,
861c0eaa-ee8f-4966-a39c-e6537a9c2a91,GPS USPSA June Extra Saturday Special 2024,2024-06-29,7,Bay 10: Deja Vu,3b64b902-d486-4fb9-8d7f-028640fc5f46,Jay Survant,72,26.83,28,34.09,Carry Optics,U,A158498,MINOR,,20.4540,16.0972,3.1209,7.69,7,,3,,2,,,,
861c0eaa-ee8f-4966-a39c-e6537a9c2a91,GPS USPSA June Extra Saturday Special 2024,2024-06-29,7,Bay 10: Deja Vu,3b64b902-d486-4fb9-8d7f-028640fc5f46,christopher bulkley,73,19.97,29,25.38,Carry Optics,U,,MINOR,,15.2286,11.9848,2.3236,11.62,8,,2,1,1,,1,,
861c0eaa-ee8f-4966-a39c-e6537a9c2a91,GPS USPSA June Extra Saturday Special 2024,2024-06-29,7,Bay 10: Deja Vu,3b64b902-d486-4fb9-8d7f-028640fc5f46,CHAN WILLIAM,74,5.08,24,6.07,Limited Optics,B,0,MINOR,,3.6449,3.0462,0.5906,5.08,8,,1,,3,,1,,
861c0eaa-ee8f-4966-a39c-e6537a9c2a91,GPS USPSA June Extra Saturday Special 2024,2024-06-29,7,Bay 10: Deja Vu,3b64b902-d486-4fb9-8d7f-028640fc5f46,Virak Meas,75,4.32,25,5.17,Limited Optics,U,O,MINOR,Senior,3.1011,2.5918,0.5025,5.97,4,,4,1,3,,,,
861c0eaa-ee8f-4966-a39c-e6537a9c2a91,GPS USPSA June Extra Saturday Special 2024,2024-06-29,7,Bay 10: Deja Vu,3b64b902-d486-4fb9-8d7f-028640fc5f46,Patrick Mccombs,76,3.03,30,3.85,Carry Optics,C,A157503,MINOR,,2.3115,1.8192,0.3527,5.67,7,,2,1,2,,2,,
861c0eaa-ee8f-4966-a39c-e6537a9c2a91,GPS USPSA June Extra Saturday Special 2024,2024-06-29,7,Bay 10: Deja Vu,3b64b902-d486-4fb9-8d7f-028640fc5f46,Page Brunkhorst,77,0.00,3,0.00,Single Stack,C,L4903,MAJOR,Senior,0.0000,0.0000,,,,,,,,,,,
861c0eaa-ee8f-4966-a39c-e6537a9c2a91,GPS USPSA June Extra Saturday Special 2024,2024-06-29,7,Bay 10: Deja Vu,3b64b902-d486-4fb9-8d7f-028640fc5f46,Yulmer Carreno,78,0.00,31,0.00,Carry Optics,U,A157204,MINOR,,0.0000,0.0000,,,,,,,,,,,
861c0eaa-ee8f-4966-a39c-e6537a9c2a91,GPS USPSA June Extra Saturday Special 2024,2024-06-29,7,Bay 10: Deja Vu,3b64b902-d486-4fb9-8d7f-028640fc5f46,Jack Liu,79,0.00,8,0.00,PCC,A,L6156,MINOR,Law Enforcement,0.0000,0.0000,0.0000,1.55,4,,,,8,,,3,
