match_id,match_name,match_date,stage_number,stage_name,stage_uuid,shooter_name,shooter_rank_combined,shooter_percent_combined,shooter_rank_division,shooter_percent_division,division,class,member_number,power_factor,categories,stage_points,stage_points_combined,hit_factor,time,A,B,C,D,M,NPM,NS,Proc,Apen,detail_MaxTime
8a2e8a4e-e046-4d4e-8a66-18e78e7f1a81,Wallis Orchard DEC USPSA Match,2025-12-21,1,25 04,48e246bf-c983-4315-b132-01a8cf30d2f9,Chez Chike-Udenze,1,100.00,1,100.00,Limited Optics,GM,A138598,MINOR,,50.0000,50.0000,10.9589,4.38,9,0,1,0,0,0,0,0,,
8a2e8a4e-e046-4d4e-8a66-18e78e7f1a81,Wallis Orchard DEC USPSA Match,2025-12-21,1,25 04,48e246bf-c983-4315-b132-01a8cf30d2f9,Phyl Santos,2,97.84,2,97.84,Limited Optics,A,A155981,MINOR,,48.9219,48.9219,10.7226,4.29,8,0,2,0,0,0,0,0,,
8a2e8a4e-e046-4d4e-8a66-18e78e7f1a81,Wallis Orchard DEC USPSA Match,2025-12-21,1,25 04,48e246bf-c983-4315-b132-01a8cf30d2f9,Jesse Harrington,3,97.16,3,97.16,Limited Optics,,A153046,MINOR,,48.5820,48.5820,10.6481,4.32,8,0,2,0,0,0,0,0,,
8a2e8a4e-e046-4d4e-8a66-18e78e7f1a81,Wallis Orchard DEC USPSA Match,2025-12-21,1,25 04,48e246bf-c983-4315-b132-01a8cf30d2f9,Vinh Lam,4,94.11,4,94.11,Limited Optics,M,Ty101025,MINOR,,47.0572,47.0572,10.3139,4.46,8,0,2,0,0,0,0,0,,
8a2e8a4e-e046-4d4e-8a66-18e78e7f1a81,Wallis Orchard DEC USPSA Match,2025-12-21,1,25 04,48e246bf-c983-4315-b132-01a8cf30d2f9,Michael Whitley,5,93.93,1,100.00,Open,A,A111091,MAJOR,,50.0000,46.9668,10.2941,4.76,9,0,1,0,0,0,0,0,,
8a2e8a4e-e046-4d4e-8a66-18e78e7f1a81,Wallis Orchard DEC USPSA Match,2025-12-21,1,25 04,48e246bf-c983-4315-b132-01a8cf30d2f9,Jack Liu,6,93.88,1,100.00,PCC,M,L6156,MINOR,Law Enforcement,50.0000,46.9395,10.2881,4.86,10,0,0,0,0,0,0,0,,
8a2e8a4e-e046-4d4e-8a66-18e78e7f1a81,Wallis Orchard DEC USPSA Match,2025-12-21,1,25 04,48e246bf-c983-4315-b132-01a8cf30d2f9,Adam Bandiera,7,92.19,2,98.14,Open,U,A148375,MAJOR,,49.0723,46.0954,10.1031,4.85,9,0,1,0,0,0,0,0,,
8a2e8a4e-e046-4d4e-8a66-18e78e7f1a81,Wallis Orchard DEC USPSA Match,2025-12-21,1,25 04,48e246bf-c983-4315-b132-01a8cf30d2f9,Brandon Foss,8,89.50,1,100.00,Carry Optics,M,L5142,MINOR,,50.0000,44.7495,9.8081,4.69,9,0,0,1,0,0,0,0,,
8a2e8a4e-e046-4d4e-8a66-18e78e7f1a81,Wallis Orchard DEC USPSA Match,2025-12-21,1,25 04,48e246bf-c983-4315-b132-01a8cf30d2f9,Mel Rodero II,9,88.08,3,93.77,Open,GM,B100,MAJOR,Senior,46.8837,44.0395,9.6525,5.18,10,0,0,0,0,0,0,0,,
8a2e8a4e-e046-4d4e-8a66-18e78e7f1a81,Wallis Orchard DEC USPSA Match,2025-12-21,1,25 04,48e246bf-c983-4315-b132-01a8cf30d2f9,Heath Helgeson,10,86.73,5,86.73,Limited Optics,A,a149129,MINOR,,43.3666,43.3666,9.5050,5.05,9,0,1,0,0,0,0,0,,
8a2e8a4e-e046-4d4e-8a66-18e78e7f1a81,Wallis Orchard DEC USPSA Match,2025-12-21,1,25 04,48e246bf-c983-4315-b132-01a8cf30d2f9,Albert Montanez,11,85.97,2,91.58,PCC,M,TY101554,MINOR,,45.7898,42.9870,9.4218,4.67,7,0,3,0,0,0,0,0,,
8a2e8a4e-e046-4d4e-8a66-18e78e7f1a81,Wallis Orchard DEC USPSA Match,2025-12-21,1,25 04,48e246bf-c983-4315-b132-01a8cf30d2f9,Michael Hanover,12,85.68,6,85.68,Limited Optics,M,Ty146302,MINOR,,42.8405,42.8405,9.3897,4.26,6,0,3,1,0,0,0,0,,
8a2e8a4e-e046-4d4e-8a66-18e78e7f1a81,Wallis Orchard DEC USPSA Match,2025-12-21,1,25 04,48e246bf-c983-4315-b132-01a8cf30d2f9,Kevin Bunurai,13,85.44,7,85.44,Limited Optics,U,TY105111,MINOR,,42.7201,42.7201,9.3633,5.34,10,0,0,0,0,0,0,0,,
8a2e8a4e-e046-4d4e-8a66-18e78e7f1a81,Wallis Orchard DEC USPSA Match,2025-12-21,1,25 04,48e246bf-c983-4315-b132-01a8cf30d2f9,Phillip Nguyen,14,84.29,8,84.29,Limited Optics,M,TY152423,MINOR,,42.1434,42.1434,9.2369,4.98,8,0,2,0,0,0,0,0,,
8a2e8a4e-e046-4d4e-8a66-18e78e7f1a81,Wallis Orchard DEC USPSA Match,2025-12-21,1,25 04,48e246bf-c983-4315-b132-01a8cf30d2f9,Anderson Nguyen,15,84.17,9,84.17,Limited Optics,A,A150974,MINOR,,42.0859,42.0859,9.2243,4.77,7,0,3,0,0,0,0,0,,
8a2e8a4e-e046-4d4e-8a66-18e78e7f1a81,Wallis Orchard DEC USPSA Match,2025-12-21,1,25 04,48e246bf-c983-4315-b132-01a8cf30d2f9,Jose Onia,16,83.43,2,93.22,Carry Optics,A,X,MINOR,Senior,46.6089,41.7145,9.1429,5.25,9,0,1,0,0,0,0,0,,
8a2e8a4e-e046-4d4e-8a66-18e78e7f1a81,Wallis Orchard DEC USPSA Match,2025-12-21,1,25 04,48e246bf-c983-4315-b132-01a8cf30d2f9,David Warren,17,82.95,10,82.95,Limited Optics,M,TY40917,MINOR,Senior,41.4772,41.4772,9.0909,4.62,6,0,4,0,0,0,0,0,,
8a2e8a4e-e046-4d4e-8a66-18e78e7f1a81,Wallis Orchard DEC USPSA Match,2025-12-21,1,25 04,48e246bf-c983-4315-b132-01a8cf30d2f9,Khoa Nguyen,18,82.61,1,100.00,Limited,A,A117224,MAJOR,Law Enforcement,50.0000,41.3066,9.0535,4.86,4,0,6,0,0,0,0,0,,
8a2e8a4e-e046-4d4e-8a66-18e78e7f1a81,Wallis Orchard DEC USPSA Match,2025-12-21,1,25 04,48e246bf-c983-4315-b132-01a8cf30d2f9,Jacob Tullis,19,82.36,11,82.36,Limited Optics,M,A140523,MINOR,,41.1816,41.1816,9.0261,4.21,4,0,6,0,0,0,0,0,,
8a2e8a4e-e046-4d4e-8a66-18e78e7f1a81,Wallis Orchard DEC USPSA Match,2025-12-21,1,25 04,48e246bf-c983-4315-b132-01a8cf30d2f9,Shaundy Pepito,20,82.34,4,87.66,Open,B,Ty163589,MAJOR,,43.8304,41.1716,9.0239,5.43,9,0,1,0,0,0,0,0,,
8a2e8a4e-e046-4d4e-8a66-18e78e7f1a81,Wallis Orchard DEC USPSA Match,2025-12-21,1,25 04,48e246bf-c983-4315-b132-01a8cf30d2f9,Jason Wells,21,80.95,3,86.23,PCC,B,L5218,MINOR,,43.1129,40.4740,8.8710,4.96,8,0,1,1,0,0,0,0,,
8a2e8a4e-e046-4d4e-8a66-18e78e7f1a81,Wallis Orchard DEC USPSA Match,2025-12-21,1,25 04,48e246bf-c983-4315-b132-01a8cf30d2f9,Travis McKenzie,22,80.57,12,80.57,Limited Optics,M,L6340,MINOR,,40.2832,40.2832,8.8292,5.21,8,0,2,0,0,0,0,0,,
8a2e8a4e-e046-4d4e-8a66-18e78e7f1a81,Wallis Orchard DEC USPSA Match,2025-12-21,1,25 04,48e246bf-c983-4315-b132-01a8cf30d2f9,Gabriel Nguyen,23,79.35,3,88.66,Carry Optics,A,A163845,MINOR,,44.3292,39.6741,8.6957,4.83,6,0,4,0,0,0,0,0,,
8a2e8a4e-e046-4d4e-8a66-18e78e7f1a81,Wallis Orchard DEC USPSA Match,2025-12-21,1,25 04,48e246bf-c983-4315-b132-01a8cf30d2f9,Victor Chapa,24,79.04,13,79.04,Limited Optics,U,A160745,MINOR,Law Enforcement,39.5177,39.5177,8.6614,5.08,7,0,3,0,0,0,0,0,,
8a2e8a4e-e046-4d4e-8a66-18e78e7f1a81,Wallis Orchard DEC USPSA Match,2025-12-21,1,25 04,48e246bf-c983-4315-b132-01a8cf30d2f9,randy callison,25,78.73,4,83.86,PCC,A,A14418,MINOR,,41.9295,39.3630,8.6275,5.10,7,0,3,0,0,0,0,0,,
8a2e8a4e-e046-4d4e-8a66-18e78e7f1a81,Wallis Orchard DEC USPSA Match,2025-12-21,1,25 04,48e246bf-c983-4315-b132-01a8cf30d2f9,Tyler Kenny,26,78.70,14,78.70,Limited Optics,B,A148691,MINOR,,39.3479,39.3479,8.6242,4.87,6,0,4,0,0,0,0,0,,
8a2e8a4e-e046-4d4e-8a66-18e78e7f1a81,Wallis Orchard DEC USPSA Match,2025-12-21,1,25 04,48e246bf-c983-4315-b132-01a8cf30d2f9,Amber Chike-Udenze,27,77.66,5,82.72,PCC,B,A138974,MINOR,Lady,41.3614,38.8296,8.5106,5.17,8,0,1,1,0,0,0,0,,
8a2e8a4e-e046-4d4e-8a66-18e78e7f1a81,Wallis Orchard DEC USPSA Match,2025-12-21,1,25 04,48e246bf-c983-4315-b132-01a8cf30d2f9,Marco Yue,28,77.11,15,77.11,Limited Optics,B,L5762,MINOR,,38.5563,38.5563,8.4507,4.97,6,0,4,0,0,0,0,0,,
8a2e8a4e-e046-4d4e-8a66-18e78e7f1a81,Wallis Orchard DEC USPSA Match,2025-12-21,1,25 04,48e246bf-c983-4315-b132-01a8cf30d2f9,Doug Joder,29,77.11,6,82.14,PCC,B,TY115020,MINOR,,41.0703,38.5563,8.4507,5.68,9,0,1,0,0,0,0,0,,
8a2e8a4e-e046-4d4e-8a66-18e78e7f1a81,Wallis Orchard DEC USPSA Match,2025-12-21,1,25 04,48e246bf-c983-4315-b132-01a8cf30d2f9,Will Goglas,30,76.47,5,81.40,Open,B,A154790,MAJOR,,40.7024,38.2333,8.3799,5.37,7,0,2,1,0,0,0,0,,
8a2e8a4e-e046-4d4e-8a66-18e78e7f1a81,Wallis Orchard DEC USPSA Match,2025-12-21,1,25 04,48e246bf-c983-4315-b132-01a8cf30d2f9,Matthew Givens,31,75.91,7,80.86,PCC,A,Ty137686,MINOR,,40.4297,37.9550,8.3189,5.77,9,0,1,0,0,0,0,0,,
8a2e8a4e-e046-4d4e-8a66-18e78e7f1a81,Wallis Orchard DEC USPSA Match,2025-12-21,1,25 04,48e246bf-c983-4315-b132-01a8cf30d2f9,Janice Pacleb,32,75.15,6,80.00,Open,B,Tu75597,MAJOR,Lady,40.0001,37.5736,8.2353,5.95,9,0,1,0,0,0,0,0,,
8a2e8a4e-e046-4d4e-8a66-18e78e7f1a81,Wallis Orchard DEC USPSA Match,2025-12-21,1,25 04,48e246bf-c983-4315-b132-01a8cf30d2f9,Budd Ratliff,33,74.56,16,74.56,Limited Optics,B,A167811,MINOR,Law Enforcement,37.2779,37.2779,8.1705,5.63,8,0,2,0,0,0,0,0,,
8a2e8a4e-e046-4d4e-8a66-18e78e7f1a81,Wallis Orchard DEC USPSA Match,2025-12-21,1,25 04,48e246bf-c983-4315-b132-01a8cf30d2f9,Stormtrooper Qian,34,74.49,17,74.49,Limited Optics,B,A150939,MINOR,,37.2451,37.2451,8.1633,5.88,9,0,1,0,0,0,0,0,,
8a2e8a4e-e046-4d4e-8a66-18e78e7f1a81,Wallis Orchard DEC USPSA Match,2025-12-21,1,25 04,48e246bf-c983-4315-b132-01a8cf30d2f9,Garrick Gonzalez,35,72.75,18,72.75,Limited Optics,C,A119804,MINOR,,36.3736,36.3736,7.9723,5.77,8,0,2,0,0,0,0,0,,
8a2e8a4e-e046-4d4e-8a66-18e78e7f1a81,Wallis Orchard DEC USPSA Match,2025-12-21,1,25 04,48e246bf-c983-4315-b132-01a8cf30d2f9,Jorge Cahas,36,72.39,7,77.07,Open,B,F-44522,MAJOR,Senior,38.5347,36.1971,7.9336,5.42,5,0,4,1,0,0,0,0,,
8a2e8a4e-e046-4d4e-8a66-18e78e7f1a81,Wallis Orchard DEC USPSA Match,2025-12-21,1,25 04,48e246bf-c983-4315-b132-01a8cf30d2f9,Eduardo Cantu,37,72.13,8,76.79,Open,B,A164104,MAJOR,,38.3963,36.0670,7.9051,5.06,4,0,4,2,0,0,0,0,,
8a2e8a4e-e046-4d4e-8a66-18e78e7f1a81,Wallis Orchard DEC USPSA Match,2025-12-21,1,25 04,48e246bf-c983-4315-b132-01a8cf30d2f9,Zvi Davidoff,38,71.98,9,76.63,Open,U,X,MAJOR,,38.3161,35.9918,7.8886,4.31,8,0,1,0,1,0,0,0,,
8a2e8a4e-e046-4d4e-8a66-18e78e7f1a81,Wallis Orchard DEC USPSA Match,2025-12-21,1,25 04,48e246bf-c983-4315-b132-01a8cf30d2f9,Adriel Taylor,39,71.90,10,76.55,Open,B,A104322,MAJOR,,38.2739,35.9521,7.8799,5.33,4,0,5,1,0,0,0,0,,
8a2e8a4e-e046-4d4e-8a66-18e78e7f1a81,Wallis Orchard DEC USPSA Match,2025-12-21,1,25 04,48e246bf-c983-4315-b132-01a8cf30d2f9,Will Allen,40,71.80,19,71.80,Limited Optics,U,A128231,MINOR,,35.9019,35.9019,7.8689,6.10,9,0,1,0,0,0,0,0,,
8a2e8a4e-e046-4d4e-8a66-18e78e7f1a81,Wallis Orchard DEC USPSA Match,2025-12-21,1,25 04,48e246bf-c983-4315-b132-01a8cf30d2f9,Adrian Hernandez,41,70.44,20,70.44,Limited Optics,B,A87599,MINOR,Senior,35.2193,35.2193,7.7193,5.70,7,0,3,0,0,0,0,0,,
8a2e8a4e-e046-4d4e-8a66-18e78e7f1a81,Wallis Orchard DEC USPSA Match,2025-12-21,1,25 04,48e246bf-c983-4315-b132-01a8cf30d2f9,Rob Layton,42,70.32,21,70.32,Limited Optics,B,L6445,MINOR,Law Enforcement,35.1577,35.1577,7.7058,5.71,8,0,1,1,0,0,0,0,,
8a2e8a4e-e046-4d4e-8a66-18e78e7f1a81,Wallis Orchard DEC USPSA Match,2025-12-21,1,25 04,48e246bf-c983-4315-b132-01a8cf30d2f9,Andrew Whitley,43,70.07,11,74.60,Open,A,TY106649,MAJOR,,37.2976,35.0350,7.6789,5.73,6,0,3,1,0,0,0,0,,
8a2e8a4e-e046-4d4e-8a66-18e78e7f1a81,Wallis Orchard DEC USPSA Match,2025-12-21,1,25 04,48e246bf-c983-4315-b132-01a8cf30d2f9,Rudy Widiaman,44,69.00,22,69.00,Limited Optics,C,A155535,MINOR,,34.4989,34.4989,7.5614,5.29,5,0,5,0,0,0,0,0,,
8a2e8a4e-e046-4d4e-8a66-18e78e7f1a81,Wallis Orchard DEC USPSA Match,2025-12-21,1,25 04,48e246bf-c983-4315-b132-01a8cf30d2f9,Andrew Quintana,45,68.94,23,68.94,Limited Optics,B,A175263,MINOR,,34.4683,34.4683,7.5547,5.03,5,0,4,1,0,0,0,0,,
8a2e8a4e-e046-4d4e-8a66-18e78e7f1a81,Wallis Orchard DEC USPSA Match,2025-12-21,1,25 04,48e246bf-c983-4315-b132-01a8cf30d2f9,Duane Mendoza,46,67.01,24,67.01,Limited Optics,C,X,MINOR,Junior,33.5043,33.5043,7.3434,4.63,4,0,4,2,0,0,0,0,,
8a2e8a4e-e046-4d4e-8a66-18e78e7f1a81,Wallis Orchard DEC USPSA Match,2025-12-21,1,25 04,48e246bf-c983-4315-b132-01a8cf30d2f9,Cliff Pinsent,47,66.36,25,66.36,Limited Optics,B,FY99321,MINOR,Distinguished Senior,33.1817,33.1817,7.2727,6.05,7,0,3,0,0,0,0,0,,
8a2e8a4e-e046-4d4e-8a66-18e78e7f1a81,Wallis Orchard DEC USPSA Match,2025-12-21,1,25 04,48e246bf-c983-4315-b132-01a8cf30d2f9,Eric Wu,48,66.36,26,66.36,Limited Optics,B,FY104740,MINOR,,33.1817,33.1817,7.2727,6.05,7,0,3,0,0,0,0,0,,
8a2e8a4e-e046-4d4e-8a66-18e78e7f1a81,Wallis Orchard DEC USPSA Match,2025-12-21,1,25 04,48e246bf-c983-4315-b132-01a8cf30d2f9,Andre Wijaya,49,64.37,27,64.37,Limited Optics,U,A175473,MINOR,,32.1871,32.1871,7.0547,5.67,7,0,1,2,0,0,0,0,,
8a2e8a4e-e046-4d4e-8a66-18e78e7f1a81,Wallis Orchard DEC USPSA Match,2025-12-21,1,25 04,48e246bf-c983-4315-b132-01a8cf30d2f9,Jim Havens,50,63.76,28,63.76,Limited Optics,M,A114636,MINOR,Senior,31.8777,31.8777,6.9869,6.87,9,0,1,0,0,0,0,0,,
8a2e8a4e-e046-4d4e-8a66-18e78e7f1a81,Wallis Orchard DEC USPSA Match,2025-12-21,1,25 04,48e246bf-c983-4315-b132-01a8cf30d2f9,Kevin Baker,51,61.99,29,61.99,Limited Optics,C,,MINOR,,30.9954,30.9954,6.7935,7.36,10,0,0,0,0,0,0,0,,
8a2e8a4e-e046-4d4e-8a66-18e78e7f1a81,Wallis Orchard DEC USPSA Match,2025-12-21,1,25 04,48e246bf-c983-4315-b132-01a8cf30d2f9,"Jeff Maxwell, Jr.",52,61.52,4,68.74,Carry Optics,B,L4489,MINOR,Senior,34.3675,30.7586,6.7416,7.12,9,0,1,0,0,0,0,0,,
8a2e8a4e-e046-4d4e-8a66-18e78e7f1a81,Wallis Orchard DEC USPSA Match,2025-12-21,1,25 04,48e246bf-c983-4315-b132-01a8cf30d2f9,Harlan Chen,53,61.45,30,61.45,Limited Optics,B,A163292,MINOR,,30.7239,30.7239,6.7340,5.94,5,0,5,0,0,0,0,0,,
8a2e8a4e-e046-4d4e-8a66-18e78e7f1a81,Wallis Orchard DEC USPSA Match,2025-12-21,1,25 04,48e246bf-c983-4315-b132-01a8cf30d2f9,John Ren,54,60.71,5,67.84,Carry Optics,B,A168570,MINOR,,33.9189,30.3571,6.6536,5.11,5,0,2,3,0,0,0,0,,
8a2e8a4e-e046-4d4e-8a66-18e78e7f1a81,Wallis Orchard DEC USPSA Match,2025-12-21,1,25 04,48e246bf-c983-4315-b132-01a8cf30d2f9,Virak Meas,55,60.26,31,60.26,Limited Optics,C,O,MINOR,Senior,30.1298,30.1298,6.6038,6.36,6,0,4,0,0,0,0,0,,
8a2e8a4e-e046-4d4e-8a66-18e78e7f1a81,Wallis Orchard DEC USPSA Match,2025-12-21,1,25 04,48e246bf-c983-4315-b132-01a8cf30d2f9,Jason Wilson,56,59.54,1,100.00,Limited 10,M,A94696,MAJOR,,50.0000,29.7694,6.5248,7.05,6,0,4,0,0,0,0,0,,
8a2e8a4e-e046-4d4e-8a66-18e78e7f1a81,Wallis Orchard DEC USPSA Match,2025-12-21,1,25 04,48e246bf-c983-4315-b132-01a8cf30d2f9,Colin Kerrigan,57,58.42,6,65.27,Carry Optics,M,A142731,MINOR,,32.6353,29.2082,6.4018,4.53,6,0,3,0,1,0,0,0,,
8a2e8a4e-e046-4d4e-8a66-18e78e7f1a81,Wallis Orchard DEC USPSA Match,2025-12-21,1,25 04,48e246bf-c983-4315-b132-01a8cf30d2f9,Raul Rios,58,57.53,7,64.28,Carry Optics,B,A171634,MINOR,,32.1382,28.7634,6.3043,4.60,7,0,1,1,1,0,0,0,,
8a2e8a4e-e046-4d4e-8a66-18e78e7f1a81,Wallis Orchard DEC USPSA Match,2025-12-21,1,25 04,48e246bf-c983-4315-b132-01a8cf30d2f9,Jerry Bedro,59,57.20,32,57.20,Limited Optics,B,A98263,MINOR,,28.6010,28.6010,6.2687,6.70,7,0,2,1,0,0,0,0,,
8a2e8a4e-e046-4d4e-8a66-18e78e7f1a81,Wallis Orchard DEC USPSA Match,2025-12-21,1,25 04,48e246bf-c983-4315-b132-01a8cf30d2f9,Markho Babasoro,60,56.93,33,56.93,Limited Optics,U,A174757,MINOR,,28.4664,28.4664,6.2392,5.77,5,0,3,2,0,0,0,0,,
8a2e8a4e-e046-4d4e-8a66-18e78e7f1a81,Wallis Orchard DEC USPSA Match,2025-12-21,1,25 04,48e246bf-c983-4315-b132-01a8cf30d2f9,Ernie Morales,61,56.71,34,56.71,Limited Optics,B,A169705,MINOR,,28.3546,28.3546,6.2147,5.31,8,0,1,0,1,0,0,0,,
8a2e8a4e-e046-4d4e-8a66-18e78e7f1a81,Wallis Orchard DEC USPSA Match,2025-12-21,1,25 04,48e246bf-c983-4315-b132-01a8cf30d2f9,chris bulkley,62,55.73,8,62.26,Carry Optics,B,A159469,MINOR,,31.1319,27.8627,6.1069,6.55,6,0,3,1,0,0,0,0,,
8a2e8a4e-e046-4d4e-8a66-18e78e7f1a81,Wallis Orchard DEC USPSA Match,2025-12-21,1,25 04,48e246bf-c983-4315-b132-01a8cf30d2f9,Wade Pruetz,63,55.30,35,55.30,Limited Optics,U,Ty79055,MINOR,Senior,27.6515,27.6515,6.0606,5.28,4,0,3,3,0,0,0,0,,
8a2e8a4e-e046-4d4e-8a66-18e78e7f1a81,Wallis Orchard DEC USPSA Match,2025-12-21,1,25 04,48e246bf-c983-4315-b132-01a8cf30d2f9,michael womack,64,53.42,36,53.42,Limited Optics,B,A166212,MINOR,,26.7075,26.7075,5.8537,6.15,5,0,3,2,0,0,0,0,,
8a2e8a4e-e046-4d4e-8a66-18e78e7f1a81,Wallis Orchard DEC USPSA Match,2025-12-21,1,25 04,48e246bf-c983-4315-b132-01a8cf30d2f9,Alexandria Farrar,65,53.38,9,59.64,Carry Optics,U,A165859,MINOR,Lady; Law Enforcement,29.8203,26.6888,5.8496,7.18,6,0,4,0,0,0,0,0,,
8a2e8a4e-e046-4d4e-8a66-18e78e7f1a81,Wallis Orchard DEC USPSA Match,2025-12-21,1,25 04,48e246bf-c983-4315-b132-01a8cf30d2f9,Ryan Jaw,66,53.10,37,53.10,Limited Optics,U,TY142907,MINOR,,26.5506,26.5506,5.8193,6.53,4,0,6,0,0,0,0,0,,
8a2e8a4e-e046-4d4e-8a66-18e78e7f1a81,Wallis Orchard DEC USPSA Match,2025-12-21,1,25 04,48e246bf-c983-4315-b132-01a8cf30d2f9,Gary Wu,67,52.81,38,52.81,Limited Optics,B,L2998,MINOR,Senior,26.4068,26.4068,5.7878,6.22,4,0,5,1,0,0,0,0,,
8a2e8a4e-e046-4d4e-8a66-18e78e7f1a81,Wallis Orchard DEC USPSA Match,2025-12-21,1,25 04,48e246bf-c983-4315-b132-01a8cf30d2f9,A Graham,68,51.54,39,51.54,Limited Optics,U,A170472,MINOR,Law Enforcement,25.7713,25.7713,5.6485,4.78,6,0,2,1,1,0,0,0,,
8a2e8a4e-e046-4d4e-8a66-18e78e7f1a81,Wallis Orchard DEC USPSA Match,2025-12-21,1,25 04,48e246bf-c983-4315-b132-01a8cf30d2f9,Keith Bowman Jr,69,49.20,40,49.20,Limited Optics,C,A157830,MINOR,,24.5987,24.5987,5.3915,7.79,6,0,4,0,0,0,0,0,,
8a2e8a4e-e046-4d4e-8a66-18e78e7f1a81,Wallis Orchard DEC USPSA Match,2025-12-21,1,25 04,48e246bf-c983-4315-b132-01a8cf30d2f9,Yihao Zuo,70,48.55,41,48.55,Limited Optics,C,A165414,MINOR,,24.2762,24.2762,5.3208,6.39,2,0,8,0,0,0,0,0,,
8a2e8a4e-e046-4d4e-8a66-18e78e7f1a81,Wallis Orchard DEC USPSA Match,2025-12-21,1,25 04,48e246bf-c983-4315-b132-01a8cf30d2f9,Luke Kwan,71,47.96,12,51.06,Open,C,A152338,MINOR,,25.5302,23.9814,5.2562,7.61,6,0,3,1,0,0,0,0,,
8a2e8a4e-e046-4d4e-8a66-18e78e7f1a81,Wallis Orchard DEC USPSA Match,2025-12-21,1,25 04,48e246bf-c983-4315-b132-01a8cf30d2f9,Steven McNamara,72,47.88,42,47.88,Limited Optics,B,A75212,MINOR,Senior,23.9390,23.9390,5.2469,6.48,3,0,6,1,0,0,0,0,,
8a2e8a4e-e046-4d4e-8a66-18e78e7f1a81,Wallis Orchard DEC USPSA Match,2025-12-21,1,25 04,48e246bf-c983-4315-b132-01a8cf30d2f9,Jeannie Marrone,73,47.82,13,50.90,Open,C,TY133357,MAJOR,Lady; Super Senior,25.4524,23.9084,5.2402,9.16,8,0,2,0,0,0,0,0,,
8a2e8a4e-e046-4d4e-8a66-18e78e7f1a81,Wallis Orchard DEC USPSA Match,2025-12-21,1,25 04,48e246bf-c983-4315-b132-01a8cf30d2f9,Napoleon Lewis,74,47.18,10,52.71,Carry Optics,U,,MINOR,Senior; Military,26.3553,23.5877,5.1699,6.77,9,0,0,0,1,0,0,0,,
8a2e8a4e-e046-4d4e-8a66-18e78e7f1a81,Wallis Orchard DEC USPSA Match,2025-12-21,1,25 04,48e246bf-c983-4315-b132-01a8cf30d2f9,JJ Ratliff,75,46.79,2,56.64,Limited,D,A172706,MAJOR,Lady,28.3216,23.3974,5.1282,9.36,8,0,2,0,0,0,0,0,,
8a2e8a4e-e046-4d4e-8a66-18e78e7f1a81,Wallis Orchard DEC USPSA Match,2025-12-21,1,25 04,48e246bf-c983-4315-b132-01a8cf30d2f9,FRANCIS NGUYEN,76,46.62,43,46.62,Limited Optics,U,A169979,MINOR,,23.3121,23.3121,5.1095,4.11,4,0,3,2,1,0,0,0,,
8a2e8a4e-e046-4d4e-8a66-18e78e7f1a81,Wallis Orchard DEC USPSA Match,2025-12-21,1,25 04,48e246bf-c983-4315-b132-01a8cf30d2f9,"Byron ""BigBDaShooter"" McGowen",77,46.60,44,46.60,Limited Optics,C,A159731,MINOR,Military,23.2980,23.2980,5.1064,7.05,8,0,2,0,0,0,0,1,,
8a2e8a4e-e046-4d4e-8a66-18e78e7f1a81,Wallis Orchard DEC USPSA Match,2025-12-21,1,25 04,48e246bf-c983-4315-b132-01a8cf30d2f9,Matthew Gonzalez,78,45.37,11,50.70,Carry Optics,B,A119810,MINOR,,25.3484,22.6866,4.9724,5.43,6,0,2,1,1,0,0,0,,
8a2e8a4e-e046-4d4e-8a66-18e78e7f1a81,Wallis Orchard DEC USPSA Match,2025-12-21,1,25 04,48e246bf-c983-4315-b132-01a8cf30d2f9,Albert Legislador,79,45.37,8,48.33,PCC,B,TY91787,MINOR,Senior,24.1658,22.6866,4.9724,5.43,7,0,0,2,1,0,0,0,,
8a2e8a4e-e046-4d4e-8a66-18e78e7f1a81,Wallis Orchard DEC USPSA Match,2025-12-21,1,25 04,48e246bf-c983-4315-b132-01a8cf30d2f9,Paul Beavers,80,43.87,12,49.02,Carry Optics,B,A123776,MINOR,,24.5088,21.9351,4.8077,5.20,5,0,3,1,1,0,0,0,,
8a2e8a4e-e046-4d4e-8a66-18e78e7f1a81,Wallis Orchard DEC USPSA Match,2025-12-21,1,25 04,48e246bf-c983-4315-b132-01a8cf30d2f9,Waldo Samano,81,43.21,45,43.21,Limited Optics,A,TY87973,MINOR,,21.6025,21.6025,4.7348,5.28,6,0,1,2,1,0,0,0,,
8a2e8a4e-e046-4d4e-8a66-18e78e7f1a81,Wallis Orchard DEC USPSA Match,2025-12-21,1,25 04,48e246bf-c983-4315-b132-01a8cf30d2f9,Anthony Giuliano,82,42.56,13,47.55,Carry Optics,M,A152263,MINOR,Law Enforcement,23.7773,21.2804,4.6642,5.36,6,0,1,2,1,0,0,0,,
8a2e8a4e-e046-4d4e-8a66-18e78e7f1a81,Wallis Orchard DEC USPSA Match,2025-12-21,1,25 04,48e246bf-c983-4315-b132-01a8cf30d2f9,Trevor Symons,83,41.86,14,44.56,Open,U,A172350,MINOR,,22.2807,20.9291,4.5872,5.45,4,0,5,0,1,0,0,0,,
8a2e8a4e-e046-4d4e-8a66-18e78e7f1a81,Wallis Orchard DEC USPSA Match,2025-12-21,1,25 04,48e246bf-c983-4315-b132-01a8cf30d2f9,Jose Lopez,84,41.03,14,45.85,Carry Optics,U,A173303,MINOR,,22.9229,20.5157,4.4966,10.23,8,0,2,0,0,0,0,0,,
8a2e8a4e-e046-4d4e-8a66-18e78e7f1a81,Wallis Orchard DEC USPSA Match,2025-12-21,1,25 04,48e246bf-c983-4315-b132-01a8cf30d2f9,Marlon Pors,85,40.24,15,44.96,Carry Optics,C,Ty1234,MINOR,Law Enforcement,22.4799,20.1193,4.4097,7.03,7,0,2,0,1,0,0,0,,
8a2e8a4e-e046-4d4e-8a66-18e78e7f1a81,Wallis Orchard DEC USPSA Match,2025-12-21,1,25 04,48e246bf-c983-4315-b132-01a8cf30d2f9,Benton Warren,86,31.52,9,33.58,PCC,B,A170225,MINOR,Military,16.7888,15.7612,3.4545,5.50,4,0,2,3,1,0,0,0,,
8a2e8a4e-e046-4d4e-8a66-18e78e7f1a81,Wallis Orchard DEC USPSA Match,2025-12-21,1,25 04,48e246bf-c983-4315-b132-01a8cf30d2f9,Jessica Zhang,87,29.54,16,33.01,Carry Optics,U,,MINOR,,16.5037,14.7706,3.2374,5.56,7,0,1,0,2,0,0,0,,
8a2e8a4e-e046-4d4e-8a66-18e78e7f1a81,Wallis Orchard DEC USPSA Match,2025-12-21,1,25 04,48e246bf-c983-4315-b132-01a8cf30d2f9,Gilbert Carrillo,88,24.05,46,24.05,Limited Optics,C,A162029,MINOR,,12.0263,12.0263,2.6359,6.07,6,0,2,0,2,0,0,0,,
8a2e8a4e-e046-4d4e-8a66-18e78e7f1a81,Wallis Orchard DEC USPSA Match,2025-12-21,1,25 04,48e246bf-c983-4315-b132-01a8cf30d2f9,Roger Feng,89,13.11,17,14.65,Carry Optics,A,A157776,MINOR,,7.3246,6.5554,1.4368,10.44,1,0,6,2,1,0,0,0,,
8a2e8a4e-e046-4d4e-8a66-18e78e7f1a81,Wallis Orchard DEC USPSA Match,2025-12-21,1,25 04,48e246bf-c983-4315-b132-01a8cf30d2f9,Grant Nixon,90,10.99,18,12.28,Carry Optics,B,A172934,MINOR,,6.1419,5.4969,1.2048,4.98,3,0,3,2,2,0,0,0,,
8a2e8a4e-e046-4d4e-8a66-18e78e7f1a81,Wallis Orchard DEC USPSA Match,2025-12-21,1,25 04,48e246bf-c983-4315-b132-01a8cf30d2f9,Ian Doskocil,91,0.00,19,0.00,Carry Optics,B,A175018,MINOR,,0.0000,0.0000,,,,,×0.20,×0.41,×1.53,,×1.02,,,5.10
8a2e8a4e-e046-4d4e-8a66-18e78e7f1a81,Wallis Orchard DEC USPSA Match,2025-12-21,2,Devil's Bathtub,8bcfd259-c6d6-47e3-9d79-6e0af5d7a5c9,Jim Havens,1,100.00,1,100.00,Limited Optics,M,A114636,MINOR,Senior,70.0000,70.0000,10.1040,6.73,13,0,1,0,0,0,0,0,,
8a2e8a4e-e046-4d4e-8a66-18e78e7f1a81,Wallis Orchard DEC USPSA Match,2025-12-21,2,Devil's Bathtub,8bcfd259-c6d6-47e3-9d79-6e0af5d7a5c9,Michael Hanover,2,98.69,2,98.69,Limited Optics,M,Ty146302,MINOR,,69.0820,69.0820,9.9715,7.02,14,0,0,0,0,0,0,0,,
8a2e8a4e-e046-4d4e-8a66-18e78e7f1a81,Wallis Orchard DEC USPSA Match,2025-12-21,2,Devil's Bathtub,8bcfd259-c6d6-47e3-9d79-6e0af5d7a5c9,Mel Rodero II,3,93.58,1,100.00,Open,GM,B100,MAJOR,Senior,70.0000,65.5079,9.4556,6.98,10,0,4,0,0,0,0,0,,
8a2e8a4e-e046-4d4e-8a66-18e78e7f1a81,Wallis Orchard DEC USPSA Match,2025-12-21,2,Devil's Bathtub,8bcfd259-c6d6-47e3-9d79-6e0af5d7a5c9,Jason Wells,4,92.41,1,100.00,PCC,B,L5218,MINOR,,70.0000,64.6883,9.3373,6.64,10,0,4,0,0,0,0,0,,
8a2e8a4e-e046-4d4e-8a66-18e78e7f1a81,Wallis Orchard DEC USPSA Match,2025-12-21,2,Devil's Bathtub,8bcfd259-c6d6-47e3-9d79-6e0af5d7a5c9,Jacob Tullis,5,90.49,3,90.49,Limited Optics,M,A140523,MINOR,,63.3415,63.3415,9.1429,7.00,11,0,3,0,0,0,0,0,,
8a2e8a4e-e046-4d4e-8a66-18e78e7f1a81,Wallis Orchard DEC USPSA Match,2025-12-21,2,Devil's Bathtub,8bcfd259-c6d6-47e3-9d79-6e0af5d7a5c9,Brandon Foss,6,90.47,1,100.00,Carry Optics,M,L5142,MINOR,,70.0000,63.3305,9.1413,7.22,12,0,2,0,0,0,0,0,,
8a2e8a4e-e046-4d4e-8a66-18e78e7f1a81,Wallis Orchard DEC USPSA Match,2025-12-21,2,Devil's Bathtub,8bcfd259-c6d6-47e3-9d79-6e0af5d7a5c9,Adriel Taylor,7,90.09,2,96.27,Open,B,A104322,MAJOR,,67.3904,63.0658,9.1031,7.47,12,0,2,0,0,0,0,0,,
8a2e8a4e-e046-4d4e-8a66-18e78e7f1a81,Wallis Orchard DEC USPSA Match,2025-12-21,2,Devil's Bathtub,8bcfd259-c6d6-47e3-9d79-6e0af5d7a5c9,Chez Chike-Udenze,8,88.39,4,88.39,Limited Optics,GM,A138598,MINOR,,61.8735,61.8735,8.9310,7.39,12,0,2,0,0,0,0,0,,
8a2e8a4e-e046-4d4e-8a66-18e78e7f1a81,Wallis Orchard DEC USPSA Match,2025-12-21,2,Devil's Bathtub,8bcfd259-c6d6-47e3-9d79-6e0af5d7a5c9,Ryan Jaw,9,88.03,5,88.03,Limited Optics,U,TY142907,MINOR,,61.6234,61.6234,8.8949,7.42,12,0,2,0,0,0,0,0,,
8a2e8a4e-e046-4d4e-8a66-18e78e7f1a81,Wallis Orchard DEC USPSA Match,2025-12-21,2,Devil's Bathtub,8bcfd259-c6d6-47e3-9d79-6e0af5d7a5c9,Jose Onia,10,85.96,2,95.01,Carry Optics,A,X,MINOR,Senior,66.5051,60.1685,8.6849,8.06,14,0,0,0,0,0,0,0,,
8a2e8a4e-e046-4d4e-8a66-18e78e7f1a81,Wallis Orchard DEC USPSA Match,2025-12-21,2,Devil's Bathtub,8bcfd259-c6d6-47e3-9d79-6e0af5d7a5c9,Heath Helgeson,11,83.71,6,83.71,Limited Optics,A,a149129,MINOR,,58.5945,58.5945,8.4577,8.04,13,0,1,0,0,0,0,0,,
8a2e8a4e-e046-4d4e-8a66-18e78e7f1a81,Wallis Orchard DEC USPSA Match,2025-12-21,2,Devil's Bathtub,8bcfd259-c6d6-47e3-9d79-6e0af5d7a5c9,Albert Montanez,12,82.78,2,89.58,PCC,M,TY101554,MINOR,,62.7041,57.9461,8.3641,8.13,13,0,1,0,0,0,0,0,,
8a2e8a4e-e046-4d4e-8a66-18e78e7f1a81,Wallis Orchard DEC USPSA Match,2025-12-21,2,Devil's Bathtub,8bcfd259-c6d6-47e3-9d79-6e0af5d7a5c9,Waldo Samano,13,81.84,7,81.84,Limited Optics,A,TY87973,MINOR,,57.2851,57.2851,8.2687,7.74,12,0,1,1,0,0,0,0,,
8a2e8a4e-e046-4d4e-8a66-18e78e7f1a81,Wallis Orchard DEC USPSA Match,2025-12-21,2,Devil's Bathtub,8bcfd259-c6d6-47e3-9d79-6e0af5d7a5c9,Phyl Santos,14,81.46,8,81.46,Limited Optics,A,A155981,MINOR,,57.0205,57.0205,8.2305,7.29,9,0,5,0,0,0,0,0,,
8a2e8a4e-e046-4d4e-8a66-18e78e7f1a81,Wallis Orchard DEC USPSA Match,2025-12-21,2,Devil's Bathtub,8bcfd259-c6d6-47e3-9d79-6e0af5d7a5c9,Phillip Nguyen,15,80.74,9,80.74,Limited Optics,M,TY152423,MINOR,,56.5175,56.5175,8.1579,7.60,10,0,4,0,0,0,0,0,,
8a2e8a4e-e046-4d4e-8a66-18e78e7f1a81,Wallis Orchard DEC USPSA Match,2025-12-21,2,Devil's Bathtub,8bcfd259-c6d6-47e3-9d79-6e0af5d7a5c9,Will Goglas,16,78.79,3,84.20,Open,B,A154790,MAJOR,,58.9384,55.1562,7.9614,8.29,10,0,4,0,0,0,0,0,,
8a2e8a4e-e046-4d4e-8a66-18e78e7f1a81,Wallis Orchard DEC USPSA Match,2025-12-21,2,Devil's Bathtub,8bcfd259-c6d6-47e3-9d79-6e0af5d7a5c9,Travis McKenzie,17,78.69,10,78.69,Limited Optics,M,L6340,MINOR,,55.0848,55.0848,7.9511,6.54,11,0,2,1,0,0,1,0,,
8a2e8a4e-e046-4d4e-8a66-18e78e7f1a81,Wallis Orchard DEC USPSA Match,2025-12-21,2,Devil's Bathtub,8bcfd259-c6d6-47e3-9d79-6e0af5d7a5c9,Anderson Nguyen,18,77.72,11,77.72,Limited Optics,A,A150974,MINOR,,54.4038,54.4038,7.8528,8.15,11,0,3,0,0,0,0,0,,
8a2e8a4e-e046-4d4e-8a66-18e78e7f1a81,Wallis Orchard DEC USPSA Match,2025-12-21,2,Devil's Bathtub,8bcfd259-c6d6-47e3-9d79-6e0af5d7a5c9,Stormtrooper Qian,19,77.36,12,77.36,Limited Optics,B,A150939,MINOR,,54.1495,54.1495,7.8161,8.70,13,0,1,0,0,0,0,0,,
8a2e8a4e-e046-4d4e-8a66-18e78e7f1a81,Wallis Orchard DEC USPSA Match,2025-12-21,2,Devil's Bathtub,8bcfd259-c6d6-47e3-9d79-6e0af5d7a5c9,Jesse Harrington,20,76.74,13,76.74,Limited Optics,,A153046,MINOR,,53.7172,53.7172,7.7537,8.77,13,0,1,0,0,0,0,0,,
8a2e8a4e-e046-4d4e-8a66-18e78e7f1a81,Wallis Orchard DEC USPSA Match,2025-12-21,2,Devil's Bathtub,8bcfd259-c6d6-47e3-9d79-6e0af5d7a5c9,Jorge Cahas,21,76.22,4,81.45,Open,B,F-44522,MAJOR,Senior,57.0136,53.3549,7.7014,8.44,9,0,5,0,0,0,0,0,,
8a2e8a4e-e046-4d4e-8a66-18e78e7f1a81,Wallis Orchard DEC USPSA Match,2025-12-21,2,Devil's Bathtub,8bcfd259-c6d6-47e3-9d79-6e0af5d7a5c9,Michael Whitley,22,75.39,5,80.56,Open,A,A111091,MAJOR,,56.3888,52.7702,7.6170,9.19,14,0,0,0,0,0,0,0,,
8a2e8a4e-e046-4d4e-8a66-18e78e7f1a81,Wallis Orchard DEC USPSA Match,2025-12-21,2,Devil's Bathtub,8bcfd259-c6d6-47e3-9d79-6e0af5d7a5c9,Zvi Davidoff,23,74.94,6,80.08,Open,U,X,MAJOR,,56.0564,52.4591,7.5721,8.32,9,0,4,1,0,0,0,0,,
8a2e8a4e-e046-4d4e-8a66-18e78e7f1a81,Wallis Orchard DEC USPSA Match,2025-12-21,2,Devil's Bathtub,8bcfd259-c6d6-47e3-9d79-6e0af5d7a5c9,Colin Kerrigan,24,74.88,3,82.77,Carry Optics,M,A142731,MINOR,,57.9386,52.4183,7.5662,7.93,10,0,3,1,0,0,0,0,,
8a2e8a4e-e046-4d4e-8a66-18e78e7f1a81,Wallis Orchard DEC USPSA Match,2025-12-21,2,Devil's Bathtub,8bcfd259-c6d6-47e3-9d79-6e0af5d7a5c9,Vinh Lam,25,74.61,14,74.61,Limited Optics,M,Ty101025,MINOR,,52.2250,52.2250,7.5383,8.49,12,0,1,1,0,0,0,0,,
8a2e8a4e-e046-4d4e-8a66-18e78e7f1a81,Wallis Orchard DEC USPSA Match,2025-12-21,2,Devil's Bathtub,8bcfd259-c6d6-47e3-9d79-6e0af5d7a5c9,Kevin Bunurai,26,74.28,15,74.28,Limited Optics,U,TY105111,MINOR,,51.9977,51.9977,7.5055,9.06,13,0,1,0,0,0,0,0,,
8a2e8a4e-e046-4d4e-8a66-18e78e7f1a81,Wallis Orchard DEC USPSA Match,2025-12-21,2,Devil's Bathtub,8bcfd259-c6d6-47e3-9d79-6e0af5d7a5c9,randy callison,27,74.23,3,80.32,PCC,A,A14418,MINOR,,56.2261,51.9596,7.5000,8.80,12,0,2,0,0,0,0,0,,
8a2e8a4e-e046-4d4e-8a66-18e78e7f1a81,Wallis Orchard DEC USPSA Match,2025-12-21,2,Devil's Bathtub,8bcfd259-c6d6-47e3-9d79-6e0af5d7a5c9,Anthony Giuliano,28,73.86,4,81.64,Carry Optics,M,A152263,MINOR,Law Enforcement,57.1460,51.7012,7.4627,8.04,9,0,5,0,0,0,0,0,,
8a2e8a4e-e046-4d4e-8a66-18e78e7f1a81,Wallis Orchard DEC USPSA Match,2025-12-21,2,Devil's Bathtub,8bcfd259-c6d6-47e3-9d79-6e0af5d7a5c9,John Ren,29,73.77,5,81.54,Carry Optics,B,A168570,MINOR,,57.0748,51.6368,7.4534,8.05,10,0,3,1,0,0,0,0,,
8a2e8a4e-e046-4d4e-8a66-18e78e7f1a81,Wallis Orchard DEC USPSA Match,2025-12-21,2,Devil's Bathtub,8bcfd259-c6d6-47e3-9d79-6e0af5d7a5c9,Jack Liu,30,73.68,4,79.73,PCC,M,L6156,MINOR,Law Enforcement,55.8078,51.5730,7.4442,8.06,10,0,3,1,0,0,0,0,,
8a2e8a4e-e046-4d4e-8a66-18e78e7f1a81,Wallis Orchard DEC USPSA Match,2025-12-21,2,Devil's Bathtub,8bcfd259-c6d6-47e3-9d79-6e0af5d7a5c9,Paul Beavers,31,73.49,6,81.23,Carry Optics,B,A123776,MINOR,,56.8627,51.4449,7.4257,8.08,9,0,5,0,0,0,0,0,,
8a2e8a4e-e046-4d4e-8a66-18e78e7f1a81,Wallis Orchard DEC USPSA Match,2025-12-21,2,Devil's Bathtub,8bcfd259-c6d6-47e3-9d79-6e0af5d7a5c9,Gabriel Nguyen,32,72.88,7,80.55,Carry Optics,A,A163845,MINOR,,56.3856,51.0133,7.3634,8.42,10,0,4,0,0,0,0,0,,
8a2e8a4e-e046-4d4e-8a66-18e78e7f1a81,Wallis Orchard DEC USPSA Match,2025-12-21,2,Devil's Bathtub,8bcfd259-c6d6-47e3-9d79-6e0af5d7a5c9,A Graham,33,72.14,16,72.14,Limited Optics,U,A170472,MINOR,Law Enforcement,50.4999,50.4999,7.2893,8.78,11,0,3,0,0,0,0,0,,
8a2e8a4e-e046-4d4e-8a66-18e78e7f1a81,Wallis Orchard DEC USPSA Match,2025-12-21,2,Devil's Bathtub,8bcfd259-c6d6-47e3-9d79-6e0af5d7a5c9,Rudy Widiaman,34,72.10,17,72.10,Limited Optics,C,A155535,MINOR,,50.4687,50.4687,7.2848,9.06,12,0,2,0,0,0,0,0,,
8a2e8a4e-e046-4d4e-8a66-18e78e7f1a81,Wallis Orchard DEC USPSA Match,2025-12-21,2,Devil's Bathtub,8bcfd259-c6d6-47e3-9d79-6e0af5d7a5c9,FRANCIS NGUYEN,35,71.43,18,71.43,Limited Optics,U,A169979,MINOR,,50.0039,50.0039,7.2177,8.59,11,0,2,1,0,0,0,0,,
8a2e8a4e-e046-4d4e-8a66-18e78e7f1a81,Wallis Orchard DEC USPSA Match,2025-12-21,2,Devil's Bathtub,8bcfd259-c6d6-47e3-9d79-6e0af5d7a5c9,Rob Layton,36,71.22,19,71.22,Limited Optics,B,L6445,MINOR,Law Enforcement,49.8521,49.8521,7.1958,9.45,13,0,1,0,0,0,0,0,,
8a2e8a4e-e046-4d4e-8a66-18e78e7f1a81,Wallis Orchard DEC USPSA Match,2025-12-21,2,Devil's Bathtub,8bcfd259-c6d6-47e3-9d79-6e0af5d7a5c9,Janice Pacleb,37,70.45,7,75.28,Open,B,Tu75597,MAJOR,Lady,52.6969,49.3152,7.1183,8.71,8,0,5,1,0,0,0,0,,
8a2e8a4e-e046-4d4e-8a66-18e78e7f1a81,Wallis Orchard DEC USPSA Match,2025-12-21,2,Devil's Bathtub,8bcfd259-c6d6-47e3-9d79-6e0af5d7a5c9,Albert Legislador,38,70.01,5,75.76,PCC,B,TY91787,MINOR,Senior,53.0325,49.0083,7.0740,9.33,12,0,2,0,0,0,0,0,,
8a2e8a4e-e046-4d4e-8a66-18e78e7f1a81,Wallis Orchard DEC USPSA Match,2025-12-21,2,Devil's Bathtub,8bcfd259-c6d6-47e3-9d79-6e0af5d7a5c9,Victor Chapa,39,69.94,20,69.94,Limited Optics,U,A160745,MINOR,Law Enforcement,48.9605,48.9605,7.0671,8.49,9,0,5,0,0,0,0,0,,
8a2e8a4e-e046-4d4e-8a66-18e78e7f1a81,Wallis Orchard DEC USPSA Match,2025-12-21,2,Devil's Bathtub,8bcfd259-c6d6-47e3-9d79-6e0af5d7a5c9,Eduardo Cantu,40,69.90,8,74.69,Open,B,A164104,MAJOR,,52.2861,48.9307,7.0628,8.92,9,0,4,1,0,0,0,0,,
8a2e8a4e-e046-4d4e-8a66-18e78e7f1a81,Wallis Orchard DEC USPSA Match,2025-12-21,2,Devil's Bathtub,8bcfd259-c6d6-47e3-9d79-6e0af5d7a5c9,Tyler Kenny,41,69.49,21,69.49,Limited Optics,B,A148691,MINOR,,48.6446,48.6446,7.0215,8.83,10,0,4,0,0,0,0,0,,
8a2e8a4e-e046-4d4e-8a66-18e78e7f1a81,Wallis Orchard DEC USPSA Match,2025-12-21,2,Devil's Bathtub,8bcfd259-c6d6-47e3-9d79-6e0af5d7a5c9,Andre Wijaya,42,69.10,22,69.10,Limited Optics,U,A175473,MINOR,,48.3709,48.3709,6.9820,8.88,10,0,4,0,0,0,0,0,,
8a2e8a4e-e046-4d4e-8a66-18e78e7f1a81,Wallis Orchard DEC USPSA Match,2025-12-21,2,Devil's Bathtub,8bcfd259-c6d6-47e3-9d79-6e0af5d7a5c9,Benton Warren,43,68.73,6,74.37,PCC,B,A170225,MINOR,Military,52.0609,48.1105,6.9444,8.64,10,0,3,1,0,0,0,0,,
8a2e8a4e-e046-4d4e-8a66-18e78e7f1a81,Wallis Orchard DEC USPSA Match,2025-12-21,2,Devil's Bathtub,8bcfd259-c6d6-47e3-9d79-6e0af5d7a5c9,Adam Bandiera,44,67.84,9,72.49,Open,U,A148375,MAJOR,,50.7462,47.4897,6.8548,7.44,7,0,6,1,0,0,1,0,,
8a2e8a4e-e046-4d4e-8a66-18e78e7f1a81,Wallis Orchard DEC USPSA Match,2025-12-21,2,Devil's Bathtub,8bcfd259-c6d6-47e3-9d79-6e0af5d7a5c9,Marco Yue,45,67.34,23,67.34,Limited Optics,B,L5762,MINOR,,47.1385,47.1385,6.8041,9.70,12,0,2,0,0,0,0,0,,
8a2e8a4e-e046-4d4e-8a66-18e78e7f1a81,Wallis Orchard DEC USPSA Match,2025-12-21,2,Devil's Bathtub,8bcfd259-c6d6-47e3-9d79-6e0af5d7a5c9,Duane Mendoza,46,66.72,24,66.72,Limited Optics,C,X,MINOR,Junior,46.7055,46.7055,6.7416,8.90,10,0,3,1,0,0,0,0,,
8a2e8a4e-e046-4d4e-8a66-18e78e7f1a81,Wallis Orchard DEC USPSA Match,2025-12-21,2,Devil's Bathtub,8bcfd259-c6d6-47e3-9d79-6e0af5d7a5c9,Garrick Gonzalez,47,65.30,25,65.30,Limited Optics,C,A119804,MINOR,,45.7071,45.7071,6.5975,10.61,14,0,0,0,0,0,0,0,,
8a2e8a4e-e046-4d4e-8a66-18e78e7f1a81,Wallis Orchard DEC USPSA Match,2025-12-21,2,Devil's Bathtub,8bcfd259-c6d6-47e3-9d79-6e0af5d7a5c9,Eric Wu,48,65.28,26,65.28,Limited Optics,B,FY104740,MINOR,,45.6947,45.6947,6.5957,9.40,12,0,0,2,0,0,0,0,,
8a2e8a4e-e046-4d4e-8a66-18e78e7f1a81,Wallis Orchard DEC USPSA Match,2025-12-21,2,Devil's Bathtub,8bcfd259-c6d6-47e3-9d79-6e0af5d7a5c9,michael womack,49,64.87,27,64.87,Limited Optics,B,A166212,MINOR,,45.4079,45.4079,6.5543,10.68,14,0,0,0,0,0,0,0,,
8a2e8a4e-e046-4d4e-8a66-18e78e7f1a81,Wallis Orchard DEC USPSA Match,2025-12-21,2,Devil's Bathtub,8bcfd259-c6d6-47e3-9d79-6e0af5d7a5c9,Andrew Whitley,50,64.85,10,69.30,Open,A,TY106649,MAJOR,,48.5076,45.3947,6.5524,9.92,9,0,5,0,0,0,0,0,,
8a2e8a4e-e046-4d4e-8a66-18e78e7f1a81,Wallis Orchard DEC USPSA Match,2025-12-21,2,Devil's Bathtub,8bcfd259-c6d6-47e3-9d79-6e0af5d7a5c9,Matthew Gonzalez,51,64.72,8,71.53,Carry Optics,B,A119810,MINOR,,50.0720,45.3012,6.5389,8.87,9,0,4,1,0,0,0,0,,
8a2e8a4e-e046-4d4e-8a66-18e78e7f1a81,Wallis Orchard DEC USPSA Match,2025-12-21,2,Devil's Bathtub,8bcfd259-c6d6-47e3-9d79-6e0af5d7a5c9,Yihao Zuo,52,64.57,28,64.57,Limited Optics,C,A165414,MINOR,,45.1979,45.1979,6.5240,9.81,11,0,3,0,0,0,0,0,,
8a2e8a4e-e046-4d4e-8a66-18e78e7f1a81,Wallis Orchard DEC USPSA Match,2025-12-21,2,Devil's Bathtub,8bcfd259-c6d6-47e3-9d79-6e0af5d7a5c9,Jerry Bedro,53,64.25,29,64.25,Limited Optics,B,A98263,MINOR,,44.9769,44.9769,6.4921,9.55,10,0,4,0,0,0,0,0,,
8a2e8a4e-e046-4d4e-8a66-18e78e7f1a81,Wallis Orchard DEC USPSA Match,2025-12-21,2,Devil's Bathtub,8bcfd259-c6d6-47e3-9d79-6e0af5d7a5c9,Harlan Chen,54,62.29,30,62.29,Limited Optics,B,A163292,MINOR,,43.6024,43.6024,6.2937,8.58,11,0,3,0,0,0,1,0,,
8a2e8a4e-e046-4d4e-8a66-18e78e7f1a81,Wallis Orchard DEC USPSA Match,2025-12-21,2,Devil's Bathtub,8bcfd259-c6d6-47e3-9d79-6e0af5d7a5c9,Adrian Hernandez,55,62.17,31,62.17,Limited Optics,B,A87599,MINOR,Senior,43.5193,43.5193,6.2817,9.87,10,0,4,0,0,0,0,0,,
8a2e8a4e-e046-4d4e-8a66-18e78e7f1a81,Wallis Orchard DEC USPSA Match,2025-12-21,2,Devil's Bathtub,8bcfd259-c6d6-47e3-9d79-6e0af5d7a5c9,Amber Chike-Udenze,56,61.58,7,66.64,PCC,B,A138974,MINOR,Lady,46.6467,43.1071,6.2222,9.00,9,0,3,2,0,0,0,0,,
8a2e8a4e-e046-4d4e-8a66-18e78e7f1a81,Wallis Orchard DEC USPSA Match,2025-12-21,2,Devil's Bathtub,8bcfd259-c6d6-47e3-9d79-6e0af5d7a5c9,Gilbert Carrillo,57,61.50,32,61.50,Limited Optics,C,A162029,MINOR,,43.0475,43.0475,6.2136,10.30,12,0,1,1,0,0,0,0,,
8a2e8a4e-e046-4d4e-8a66-18e78e7f1a81,Wallis Orchard DEC USPSA Match,2025-12-21,2,Devil's Bathtub,8bcfd259-c6d6-47e3-9d79-6e0af5d7a5c9,Napoleon Lewis,58,60.85,9,67.25,Carry Optics,U,,MINOR,Senior; Military,47.0779,42.5923,6.1479,10.41,11,0,3,0,0,0,0,0,,
8a2e8a4e-e046-4d4e-8a66-18e78e7f1a81,Wallis Orchard DEC USPSA Match,2025-12-21,2,Devil's Bathtub,8bcfd259-c6d6-47e3-9d79-6e0af5d7a5c9,Cliff Pinsent,59,60.65,33,60.65,Limited Optics,B,FY99321,MINOR,Distinguished Senior,42.4552,42.4552,6.1281,10.77,12,0,2,0,0,0,0,0,,
8a2e8a4e-e046-4d4e-8a66-18e78e7f1a81,Wallis Orchard DEC USPSA Match,2025-12-21,2,Devil's Bathtub,8bcfd259-c6d6-47e3-9d79-6e0af5d7a5c9,"Jeff Maxwell, Jr.",60,60.63,10,67.02,Carry Optics,B,L4489,MINOR,Senior,46.9109,42.4413,6.1261,11.10,13,0,1,0,0,0,0,0,,
8a2e8a4e-e046-4d4e-8a66-18e78e7f1a81,Wallis Orchard DEC USPSA Match,2025-12-21,2,Devil's Bathtub,8bcfd259-c6d6-47e3-9d79-6e0af5d7a5c9,chris bulkley,61,60.61,11,67.00,Carry Optics,B,A159469,MINOR,,46.8979,42.4295,6.1244,10.45,11,0,3,0,0,0,0,0,,
8a2e8a4e-e046-4d4e-8a66-18e78e7f1a81,Wallis Orchard DEC USPSA Match,2025-12-21,2,Devil's Bathtub,8bcfd259-c6d6-47e3-9d79-6e0af5d7a5c9,Khoa Nguyen,62,60.22,1,100.00,Limited,A,A117224,MAJOR,Law Enforcement,70.0000,42.1566,6.0850,8.71,11,0,2,0,1,0,0,0,,
8a2e8a4e-e046-4d4e-8a66-18e78e7f1a81,Wallis Orchard DEC USPSA Match,2025-12-21,2,Devil's Bathtub,8bcfd259-c6d6-47e3-9d79-6e0af5d7a5c9,Roger Feng,63,59.55,12,65.82,Carry Optics,A,A157776,MINOR,,46.0724,41.6827,6.0166,9.64,10,0,2,2,0,0,0,0,,
8a2e8a4e-e046-4d4e-8a66-18e78e7f1a81,Wallis Orchard DEC USPSA Match,2025-12-21,2,Devil's Bathtub,8bcfd259-c6d6-47e3-9d79-6e0af5d7a5c9,Doug Joder,64,59.49,8,64.37,PCC,B,TY115020,MINOR,,45.0588,41.6397,6.0104,9.65,10,0,2,2,0,0,0,0,,
8a2e8a4e-e046-4d4e-8a66-18e78e7f1a81,Wallis Orchard DEC USPSA Match,2025-12-21,2,Devil's Bathtub,8bcfd259-c6d6-47e3-9d79-6e0af5d7a5c9,Andrew Quintana,65,59.40,34,59.40,Limited Optics,B,A175263,MINOR,,41.5822,41.5822,6.0021,9.33,7,0,7,0,0,0,0,0,,
8a2e8a4e-e046-4d4e-8a66-18e78e7f1a81,Wallis Orchard DEC USPSA Match,2025-12-21,2,Devil's Bathtub,8bcfd259-c6d6-47e3-9d79-6e0af5d7a5c9,Raul Rios,66,59.06,13,65.28,Carry Optics,B,A171634,MINOR,,45.6949,41.3412,5.9673,10.39,10,0,4,0,0,0,0,0,,
8a2e8a4e-e046-4d4e-8a66-18e78e7f1a81,Wallis Orchard DEC USPSA Match,2025-12-21,2,Devil's Bathtub,8bcfd259-c6d6-47e3-9d79-6e0af5d7a5c9,Gary Wu,67,59.00,35,59.00,Limited Optics,B,L2998,MINOR,Senior,41.3010,41.3010,5.9615,10.40,11,0,2,1,0,0,0,0,,
8a2e8a4e-e046-4d4e-8a66-18e78e7f1a81,Wallis Orchard DEC USPSA Match,2025-12-21,2,Devil's Bathtub,8bcfd259-c6d6-47e3-9d79-6e0af5d7a5c9,Jason Wilson,68,58.59,1,100.00,Limited 10,M,A94696,MAJOR,,70.0000,41.0128,5.9199,10.98,11,0,2,1,0,0,0,0,,
8a2e8a4e-e046-4d4e-8a66-18e78e7f1a81,Wallis Orchard DEC USPSA Match,2025-12-21,2,Devil's Bathtub,8bcfd259-c6d6-47e3-9d79-6e0af5d7a5c9,Markho Babasoro,69,56.80,36,56.80,Limited Optics,U,A174757,MINOR,,39.7567,39.7567,5.7386,9.41,8,0,4,2,0,0,0,0,,
8a2e8a4e-e046-4d4e-8a66-18e78e7f1a81,Wallis Orchard DEC USPSA Match,2025-12-21,2,Devil's Bathtub,8bcfd259-c6d6-47e3-9d79-6e0af5d7a5c9,David Warren,70,55.70,37,55.70,Limited Optics,M,TY40917,MINOR,Senior,38.9926,38.9926,5.6283,7.64,8,0,4,1,1,0,0,0,,
8a2e8a4e-e046-4d4e-8a66-18e78e7f1a81,Wallis Orchard DEC USPSA Match,2025-12-21,2,Devil's Bathtub,8bcfd259-c6d6-47e3-9d79-6e0af5d7a5c9,Steven McNamara,71,55.42,38,55.42,Limited Optics,B,A75212,MINOR,Senior,38.7917,38.7917,5.5993,11.43,11,0,3,0,0,0,0,0,,
8a2e8a4e-e046-4d4e-8a66-18e78e7f1a81,Wallis Orchard DEC USPSA Match,2025-12-21,2,Devil's Bathtub,8bcfd259-c6d6-47e3-9d79-6e0af5d7a5c9,Luke Kwan,72,54.98,11,58.75,Open,C,A152338,MINOR,,41.1282,38.4889,5.5556,11.88,12,0,2,0,0,0,0,0,,
8a2e8a4e-e046-4d4e-8a66-18e78e7f1a81,Wallis Orchard DEC USPSA Match,2025-12-21,2,Devil's Bathtub,8bcfd259-c6d6-47e3-9d79-6e0af5d7a5c9,Will Allen,73,54.93,39,54.93,Limited Optics,U,A128231,MINOR,,38.4487,38.4487,5.5498,9.73,7,0,6,1,0,0,0,0,,
8a2e8a4e-e046-4d4e-8a66-18e78e7f1a81,Wallis Orchard DEC USPSA Match,2025-12-21,2,Devil's Bathtub,8bcfd259-c6d6-47e3-9d79-6e0af5d7a5c9,Budd Ratliff,74,54.45,40,54.45,Limited Optics,B,A167811,MINOR,Law Enforcement,38.1148,38.1148,5.5016,9.27,11,0,2,0,1,0,0,0,,
8a2e8a4e-e046-4d4e-8a66-18e78e7f1a81,Wallis Orchard DEC USPSA Match,2025-12-21,2,Devil's Bathtub,8bcfd259-c6d6-47e3-9d79-6e0af5d7a5c9,Wade Pruetz,75,51.71,41,51.71,Limited Optics,U,Ty79055,MINOR,Senior,36.1951,36.1951,5.2245,12.25,11,0,3,0,0,0,0,0,,
8a2e8a4e-e046-4d4e-8a66-18e78e7f1a81,Wallis Orchard DEC USPSA Match,2025-12-21,2,Devil's Bathtub,8bcfd259-c6d6-47e3-9d79-6e0af5d7a5c9,Jeannie Marrone,76,51.60,12,55.13,Open,C,TY133357,MAJOR,Lady; Super Senior,38.5942,36.1175,5.2133,12.66,10,0,4,0,0,0,0,0,,
8a2e8a4e-e046-4d4e-8a66-18e78e7f1a81,Wallis Orchard DEC USPSA Match,2025-12-21,2,Devil's Bathtub,8bcfd259-c6d6-47e3-9d79-6e0af5d7a5c9,"Byron ""BigBDaShooter"" McGowen",77,51.47,42,51.47,Limited Optics,C,A159731,MINOR,Military,36.0316,36.0316,5.2009,12.69,12,0,2,0,0,0,0,0,,
8a2e8a4e-e046-4d4e-8a66-18e78e7f1a81,Wallis Orchard DEC USPSA Match,2025-12-21,2,Devil's Bathtub,8bcfd259-c6d6-47e3-9d79-6e0af5d7a5c9,Alexandria Farrar,78,51.39,14,56.80,Carry Optics,U,A165859,MINOR,Lady; Law Enforcement,39.7619,35.9734,5.1925,11.17,8,0,6,0,0,0,0,0,,
8a2e8a4e-e046-4d4e-8a66-18e78e7f1a81,Wallis Orchard DEC USPSA Match,2025-12-21,2,Devil's Bathtub,8bcfd259-c6d6-47e3-9d79-6e0af5d7a5c9,Marlon Pors,79,49.77,15,55.01,Carry Optics,C,Ty1234,MINOR,Law Enforcement,38.5052,34.8365,5.0284,12.33,10,0,4,0,0,0,0,0,,
8a2e8a4e-e046-4d4e-8a66-18e78e7f1a81,Wallis Orchard DEC USPSA Match,2025-12-21,2,Devil's Bathtub,8bcfd259-c6d6-47e3-9d79-6e0af5d7a5c9,Kevin Baker,80,49.38,43,49.38,Limited Optics,C,,MINOR,,34.5635,34.5635,4.9890,13.63,13,0,1,0,0,0,0,0,,
8a2e8a4e-e046-4d4e-8a66-18e78e7f1a81,Wallis Orchard DEC USPSA Match,2025-12-21,2,Devil's Bathtub,8bcfd259-c6d6-47e3-9d79-6e0af5d7a5c9,Shaundy Pepito,81,48.52,13,51.85,Open,B,Ty163589,MAJOR,,36.2948,33.9657,4.9027,12.85,11,0,1,2,0,0,0,0,,
8a2e8a4e-e046-4d4e-8a66-18e78e7f1a81,Wallis Orchard DEC USPSA Match,2025-12-21,2,Devil's Bathtub,8bcfd259-c6d6-47e3-9d79-6e0af5d7a5c9,Keith Bowman Jr,82,48.17,44,48.17,Limited Optics,C,A157830,MINOR,,33.7176,33.7176,4.8669,13.15,11,0,3,0,0,0,0,0,,
8a2e8a4e-e046-4d4e-8a66-18e78e7f1a81,Wallis Orchard DEC USPSA Match,2025-12-21,2,Devil's Bathtub,8bcfd259-c6d6-47e3-9d79-6e0af5d7a5c9,Grant Nixon,83,47.00,16,51.95,Carry Optics,B,A172934,MINOR,,36.3627,32.8981,4.7486,14.32,13,0,1,0,0,0,0,0,,
8a2e8a4e-e046-4d4e-8a66-18e78e7f1a81,Wallis Orchard DEC USPSA Match,2025-12-21,2,Devil's Bathtub,8bcfd259-c6d6-47e3-9d79-6e0af5d7a5c9,Jose Lopez,84,44.86,17,49.59,Carry Optics,U,A173303,MINOR,,34.7102,31.4030,4.5328,10.81,10,0,3,0,1,0,0,0,,
8a2e8a4e-e046-4d4e-8a66-18e78e7f1a81,Wallis Orchard DEC USPSA Match,2025-12-21,2,Devil's Bathtub,8bcfd259-c6d6-47e3-9d79-6e0af5d7a5c9,Trevor Symons,85,42.68,14,45.60,Open,U,A172350,MINOR,,31.9211,29.8726,4.3119,10.90,10,0,2,1,1,0,0,0,,
8a2e8a4e-e046-4d4e-8a66-18e78e7f1a81,Wallis Orchard DEC USPSA Match,2025-12-21,2,Devil's Bathtub,8bcfd259-c6d6-47e3-9d79-6e0af5d7a5c9,JJ Ratliff,86,40.42,2,67.12,Limited,D,A172706,MAJOR,Lady,46.9823,28.2944,4.0841,16.65,12,0,2,0,0,0,0,0,,
8a2e8a4e-e046-4d4e-8a66-18e78e7f1a81,Wallis Orchard DEC USPSA Match,2025-12-21,2,Devil's Bathtub,8bcfd259-c6d6-47e3-9d79-6e0af5d7a5c9,Virak Meas,87,37.76,45,37.76,Limited Optics,C,O,MINOR,Senior,26.4301,26.4301,3.8150,17.30,12,0,2,0,0,0,0,0,,
8a2e8a4e-e046-4d4e-8a66-18e78e7f1a81,Wallis Orchard DEC USPSA Match,2025-12-21,2,Devil's Bathtub,8bcfd259-c6d6-47e3-9d79-6e0af5d7a5c9,Ernie Morales,88,37.76,46,37.76,Limited Optics,B,A169705,MINOR,,26.4294,26.4294,3.8149,12.32,9,0,4,0,1,0,0,0,,
8a2e8a4e-e046-4d4e-8a66-18e78e7f1a81,Wallis Orchard DEC USPSA Match,2025-12-21,2,Devil's Bathtub,8bcfd259-c6d6-47e3-9d79-6e0af5d7a5c9,Matthew Givens,89,33.77,9,36.54,PCC,A,Ty137686,MINOR,,25.5799,23.6389,3.4121,15.24,8,0,3,3,0,0,0,0,,
8a2e8a4e-e046-4d4e-8a66-18e78e7f1a81,Wallis Orchard DEC USPSA Match,2025-12-21,2,Devil's Bathtub,8bcfd259-c6d6-47e3-9d79-6e0af5d7a5c9,Jessica Zhang,90,31.71,18,35.05,Carry Optics,U,,MINOR,,24.5371,22.1992,3.2043,14.98,7,0,3,4,0,0,0,0,,
8a2e8a4e-e046-4d4e-8a66-18e78e7f1a81,Wallis Orchard DEC USPSA Match,2025-12-21,2,Devil's Bathtub,8bcfd259-c6d6-47e3-9d79-6e0af5d7a5c9,Ian Doskocil,91,0.00,19,0.00,Carry Optics,B,A175018,MINOR,,0.0000,0.0000,,,,,×0.22,×0.44,×1.64,,×1.09,,,7.66
8a2e8a4e-e046-4d4e-8a66-18e78e7f1a81,Wallis Orchard DEC USPSA Match,2025-12-21,3,Bay 3 Tk 35,6e0c32bb-3086-470d-be46-4bafd69fd3b8,Phillip Nguyen,1,100.00,1,100.00,Limited Optics,M,TY152423,MINOR,,110.0000,110.0000,7.5768,13.99,20,0,2,0,0,0,0,0,,
8a2e8a4e-e046-4d4e-8a66-18e78e7f1a81,Wallis Orchard DEC USPSA Match,2025-12-21,3,Bay 3 Tk 35,6e0c32bb-3086-470d-be46-4bafd69fd3b8,Zvi Davidoff,2,96.09,1,100.00,Open,U,X,MAJOR,,110.0000,105.6940,7.2802,14.56,18,0,4,0,0,0,0,0,,
8a2e8a4e-e046-4d4e-8a66-18e78e7f1a81,Wallis Orchard DEC USPSA Match,2025-12-21,3,Bay 3 Tk 35,6e0c32bb-3086-470d-be46-4bafd69fd3b8,Michael Hanover,3,94.79,2,94.79,Limited Optics,M,Ty146302,MINOR,,104.2726,104.2726,7.1823,14.48,20,0,1,1,0,0,0,0,,
8a2e8a4e-e046-4d4e-8a66-18e78e7f1a81,Wallis Orchard DEC USPSA Match,2025-12-21,3,Bay 3 Tk 35,6e0c32bb-3086-470d-be46-4bafd69fd3b8,Adam Bandiera,4,93.66,2,97.48,Open,U,A148375,MAJOR,,107.2229,103.0256,7.0964,15.36,21,0,1,0,0,0,0,0,,
8a2e8a4e-e046-4d4e-8a66-18e78e7f1a81,Wallis Orchard DEC USPSA Match,2025-12-21,3,Bay 3 Tk 35,6e0c32bb-3086-470d-be46-4bafd69fd3b8,Heath Helgeson,5,92.37,3,92.37,Limited Optics,A,a149129,MINOR,,101.6071,101.6071,6.9987,14.86,19,0,3,0,0,0,0,0,,
8a2e8a4e-e046-4d4e-8a66-18e78e7f1a81,Wallis Orchard DEC USPSA Match,2025-12-21,3,Bay 3 Tk 35,6e0c32bb-3086-470d-be46-4bafd69fd3b8,Jacob Tullis,6,91.75,4,91.75,Limited Optics,M,A140523,MINOR,,100.9277,100.9277,6.9519,14.96,19,0,3,0,0,0,0,0,,
8a2e8a4e-e046-4d4e-8a66-18e78e7f1a81,Wallis Orchard DEC USPSA Match,2025-12-21,3,Bay 3 Tk 35,6e0c32bb-3086-470d-be46-4bafd69fd3b8,Brandon Foss,7,91.64,1,100.00,Carry Optics,M,L5142,MINOR,,110.0000,100.8057,6.9435,14.69,19,0,2,1,0,0,0,0,,
8a2e8a4e-e046-4d4e-8a66-18e78e7f1a81,Wallis Orchard DEC USPSA Match,2025-12-21,3,Bay 3 Tk 35,6e0c32bb-3086-470d-be46-4bafd69fd3b8,Vinh Lam,8,89.80,5,89.80,Limited Optics,M,Ty101025,MINOR,,98.7761,98.7761,6.8037,14.11,17,0,3,2,0,0,0,0,,
8a2e8a4e-e046-4d4e-8a66-18e78e7f1a81,Wallis Orchard DEC USPSA Match,2025-12-21,3,Bay 3 Tk 35,6e0c32bb-3086-470d-be46-4bafd69fd3b8,Mel Rodero II,9,89.76,3,93.42,Open,GM,B100,MAJOR,Senior,102.7595,98.7369,6.8010,15.88,20,0,2,0,0,0,0,0,,
8a2e8a4e-e046-4d4e-8a66-18e78e7f1a81,Wallis Orchard DEC USPSA Match,2025-12-21,3,Bay 3 Tk 35,6e0c32bb-3086-470d-be46-4bafd69fd3b8,Jim Havens,10,89.54,6,89.54,Limited Optics,M,A114636,MINOR,Senior,98.4887,98.4887,6.7839,15.92,21,0,1,0,0,0,0,0,,
8a2e8a4e-e046-4d4e-8a66-18e78e7f1a81,Wallis Orchard DEC USPSA Match,2025-12-21,3,Bay 3 Tk 35,6e0c32bb-3086-470d-be46-4bafd69fd3b8,Colin Kerrigan,11,88.21,2,96.26,Carry Optics,M,A142731,MINOR,,105.8810,97.0311,6.6835,15.86,20,0,2,0,0,0,0,0,,
8a2e8a4e-e046-4d4e-8a66-18e78e7f1a81,Wallis Orchard DEC USPSA Match,2025-12-21,3,Bay 3 Tk 35,6e0c32bb-3086-470d-be46-4bafd69fd3b8,Waldo Samano,12,87.82,7,87.82,Limited Optics,A,TY87973,MINOR,,96.5970,96.5970,6.6536,15.33,18,0,4,0,0,0,0,0,,
8a2e8a4e-e046-4d4e-8a66-18e78e7f1a81,Wallis Orchard DEC USPSA Match,2025-12-21,3,Bay 3 Tk 35,6e0c32bb-3086-470d-be46-4bafd69fd3b8,Adriel Taylor,13,87.30,4,90.86,Open,B,A104322,MAJOR,,99.9462,96.0337,6.6148,15.42,14,0,8,0,0,0,0,0,,
8a2e8a4e-e046-4d4e-8a66-18e78e7f1a81,Wallis Orchard DEC USPSA Match,2025-12-21,3,Bay 3 Tk 35,6e0c32bb-3086-470d-be46-4bafd69fd3b8,Rob Layton,14,87.06,8,87.06,Limited Optics,B,L6445,MINOR,Law Enforcement,95.7622,95.7622,6.5961,16.07,20,0,2,0,0,0,0,0,,
8a2e8a4e-e046-4d4e-8a66-18e78e7f1a81,Wallis Orchard DEC USPSA Match,2025-12-21,3,Bay 3 Tk 35,6e0c32bb-3086-470d-be46-4bafd69fd3b8,Kevin Bunurai,15,86.76,9,86.76,Limited Optics,U,TY105111,MINOR,,95.4413,95.4413,6.5740,15.82,19,0,3,0,0,0,0,0,,
8a2e8a4e-e046-4d4e-8a66-18e78e7f1a81,Wallis Orchard DEC USPSA Match,2025-12-21,3,Bay 3 Tk 35,6e0c32bb-3086-470d-be46-4bafd69fd3b8,Anthony Giuliano,16,86.57,3,94.47,Carry Optics,M,A152263,MINOR,Law Enforcement,103.9150,95.2294,6.5594,16.16,20,0,2,0,0,0,0,0,,
8a2e8a4e-e046-4d4e-8a66-18e78e7f1a81,Wallis Orchard DEC USPSA Match,2025-12-21,3,Bay 3 Tk 35,6e0c32bb-3086-470d-be46-4bafd69fd3b8,Michael Whitley,17,86.02,5,89.53,Open,A,A111091,MAJOR,,98.4790,94.6240,6.5177,16.11,17,0,5,0,0,0,0,0,,
8a2e8a4e-e046-4d4e-8a66-18e78e7f1a81,Wallis Orchard DEC USPSA Match,2025-12-21,3,Bay 3 Tk 35,6e0c32bb-3086-470d-be46-4bafd69fd3b8,Roger Feng,18,85.88,4,93.72,Carry Optics,A,A157776,MINOR,,103.0897,94.4730,6.5073,15.06,16,0,6,0,0,0,0,0,,
8a2e8a4e-e046-4d4e-8a66-18e78e7f1a81,Wallis Orchard DEC USPSA Match,2025-12-21,3,Bay 3 Tk 35,6e0c32bb-3086-470d-be46-4bafd69fd3b8,Will Goglas,19,85.78,6,89.27,Open,B,A154790,MAJOR,,98.1980,94.3539,6.4991,16.31,18,0,4,0,0,0,0,0,,
8a2e8a4e-e046-4d4e-8a66-18e78e7f1a81,Wallis Orchard DEC USPSA Match,2025-12-21,3,Bay 3 Tk 35,6e0c32bb-3086-470d-be46-4bafd69fd3b8,Tyler Kenny,20,85.73,10,85.73,Limited Optics,B,A148691,MINOR,,94.3075,94.3075,6.4959,16.01,19,0,3,0,0,0,0,0,,
8a2e8a4e-e046-4d4e-8a66-18e78e7f1a81,Wallis Orchard DEC USPSA Match,2025-12-21,3,Bay 3 Tk 35,6e0c32bb-3086-470d-be46-4bafd69fd3b8,Duane Mendoza,21,85.36,11,85.36,Limited Optics,C,X,MINOR,Junior,93.8981,93.8981,6.4677,16.08,19,0,3,0,0,0,0,0,,
8a2e8a4e-e046-4d4e-8a66-18e78e7f1a81,Wallis Orchard DEC USPSA Match,2025-12-21,3,Bay 3 Tk 35,6e0c32bb-3086-470d-be46-4bafd69fd3b8,David Warren,22,85.36,12,85.36,Limited Optics,M,TY40917,MINOR,Senior,93.8981,93.8981,6.4677,16.08,19,0,3,0,0,0,0,0,,
8a2e8a4e-e046-4d4e-8a66-18e78e7f1a81,Wallis Orchard DEC USPSA Match,2025-12-21,3,Bay 3 Tk 35,6e0c32bb-3086-470d-be46-4bafd69fd3b8,Ryan Jaw,23,83.67,13,83.67,Limited Optics,U,TY142907,MINOR,,92.0398,92.0398,6.3397,16.72,20,0,2,0,0,0,0,0,,
8a2e8a4e-e046-4d4e-8a66-18e78e7f1a81,Wallis Orchard DEC USPSA Match,2025-12-21,3,Bay 3 Tk 35,6e0c32bb-3086-470d-be46-4bafd69fd3b8,Wade Pruetz,24,82.59,14,82.59,Limited Optics,U,Ty79055,MINOR,Senior,90.8464,90.8464,6.2575,16.62,19,0,3,0,0,0,0,0,,
8a2e8a4e-e046-4d4e-8a66-18e78e7f1a81,Wallis Orchard DEC USPSA Match,2025-12-21,3,Bay 3 Tk 35,6e0c32bb-3086-470d-be46-4bafd69fd3b8,Chez Chike-Udenze,25,82.49,15,82.49,Limited Optics,GM,A138598,MINOR,,90.7375,90.7375,6.2500,16.96,21,0,0,1,0,0,0,0,,
8a2e8a4e-e046-4d4e-8a66-18e78e7f1a81,Wallis Orchard DEC USPSA Match,2025-12-21,3,Bay 3 Tk 35,6e0c32bb-3086-470d-be46-4bafd69fd3b8,Jason Wells,26,82.29,1,100.00,PCC,B,L5218,MINOR,,110.0000,90.5197,6.2350,16.68,19,0,3,0,0,0,0,0,,
8a2e8a4e-e046-4d4e-8a66-18e78e7f1a81,Wallis Orchard DEC USPSA Match,2025-12-21,3,Bay 3 Tk 35,6e0c32bb-3086-470d-be46-4bafd69fd3b8,Andrew Whitley,27,81.86,7,85.20,Open,A,TY106649,MAJOR,,93.7165,90.0479,6.2025,15.80,20,0,2,0,0,0,1,0,,
8a2e8a4e-e046-4d4e-8a66-18e78e7f1a81,Wallis Orchard DEC USPSA Match,2025-12-21,3,Bay 3 Tk 35,6e0c32bb-3086-470d-be46-4bafd69fd3b8,Matthew Gonzalez,28,81.10,5,88.49,Carry Optics,B,A119810,MINOR,,97.3437,89.2073,6.1446,16.60,19,0,2,1,0,0,0,0,,
8a2e8a4e-e046-4d4e-8a66-18e78e7f1a81,Wallis Orchard DEC USPSA Match,2025-12-21,3,Bay 3 Tk 35,6e0c32bb-3086-470d-be46-4bafd69fd3b8,Jorge Cahas,29,81.09,8,84.40,Open,B,F-44522,MAJOR,Senior,92.8371,89.2030,6.1443,17.74,21,0,1,0,0,0,0,0,,
8a2e8a4e-e046-4d4e-8a66-18e78e7f1a81,Wallis Orchard DEC USPSA Match,2025-12-21,3,Bay 3 Tk 35,6e0c32bb-3086-470d-be46-4bafd69fd3b8,Anderson Nguyen,30,80.62,16,80.62,Limited Optics,A,A150974,MINOR,,88.6861,88.6861,6.1087,16.37,18,0,3,1,0,0,0,0,,
8a2e8a4e-e046-4d4e-8a66-18e78e7f1a81,Wallis Orchard DEC USPSA Match,2025-12-21,3,Bay 3 Tk 35,6e0c32bb-3086-470d-be46-4bafd69fd3b8,Marco Yue,31,80.49,17,80.49,Limited Optics,B,L5762,MINOR,,88.5351,88.5351,6.0983,16.07,16,0,6,0,0,0,0,0,,
8a2e8a4e-e046-4d4e-8a66-18e78e7f1a81,Wallis Orchard DEC USPSA Match,2025-12-21,3,Bay 3 Tk 35,6e0c32bb-3086-470d-be46-4bafd69fd3b8,Albert Legislador,32,80.22,2,97.48,PCC,B,TY91787,MINOR,Senior,107.2302,88.2404,6.0780,17.44,20,0,2,0,0,0,0,0,,
8a2e8a4e-e046-4d4e-8a66-18e78e7f1a81,Wallis Orchard DEC USPSA Match,2025-12-21,3,Bay 3 Tk 35,6e0c32bb-3086-470d-be46-4bafd69fd3b8,Jesse Harrington,33,79.90,18,79.90,Limited Optics,,A153046,MINOR,,87.8876,87.8876,6.0537,17.51,21,0,0,1,0,0,0,0,,
8a2e8a4e-e046-4d4e-8a66-18e78e7f1a81,Wallis Orchard DEC USPSA Match,2025-12-21,3,Bay 3 Tk 35,6e0c32bb-3086-470d-be46-4bafd69fd3b8,Paul Beavers,34,79.89,6,87.18,Carry Optics,B,A123776,MINOR,,95.8989,87.8833,6.0534,16.85,18,0,4,0,0,0,0,0,,
8a2e8a4e-e046-4d4e-8a66-18e78e7f1a81,Wallis Orchard DEC USPSA Match,2025-12-21,3,Bay 3 Tk 35,6e0c32bb-3086-470d-be46-4bafd69fd3b8,Garrick Gonzalez,35,79.72,19,79.72,Limited Optics,C,A119804,MINOR,,87.6873,87.6873,6.0399,17.55,20,0,2,0,0,0,0,0,,
8a2e8a4e-e046-4d4e-8a66-18e78e7f1a81,Wallis Orchard DEC USPSA Match,2025-12-21,3,Bay 3 Tk 35,6e0c32bb-3086-470d-be46-4bafd69fd3b8,Jose Onia,36,79.43,7,86.67,Carry Optics,A,X,MINOR,Senior,95.3365,87.3679,6.0179,15.62,15,0,6,1,0,0,0,0,,
8a2e8a4e-e046-4d4e-8a66-18e78e7f1a81,Wallis Orchard DEC USPSA Match,2025-12-21,3,Bay 3 Tk 35,6e0c32bb-3086-470d-be46-4bafd69fd3b8,Shaundy Pepito,37,79.42,9,82.66,Open,B,Ty163589,MAJOR,,90.9213,87.3621,6.0175,18.28,22,0,0,0,0,0,0,0,,
8a2e8a4e-e046-4d4e-8a66-18e78e7f1a81,Wallis Orchard DEC USPSA Match,2025-12-21,3,Bay 3 Tk 35,6e0c32bb-3086-470d-be46-4bafd69fd3b8,Albert Montanez,38,78.53,3,95.43,PCC,M,TY101554,MINOR,,104.9737,86.3836,5.9501,15.63,20,0,1,0,1,0,0,0,,
8a2e8a4e-e046-4d4e-8a66-18e78e7f1a81,Wallis Orchard DEC USPSA Match,2025-12-21,3,Bay 3 Tk 35,6e0c32bb-3086-470d-be46-4bafd69fd3b8,Janice Pacleb,39,78.20,10,81.39,Open,B,Tu75597,MAJOR,Lady,89.5252,86.0206,5.9251,17.89,18,0,4,0,0,0,0,0,,
8a2e8a4e-e046-4d4e-8a66-18e78e7f1a81,Wallis Orchard DEC USPSA Match,2025-12-21,3,Bay 3 Tk 35,6e0c32bb-3086-470d-be46-4bafd69fd3b8,Gabriel Nguyen,40,76.87,8,83.88,Carry Optics,A,A163845,MINOR,,92.2663,84.5543,5.8241,17.17,17,0,5,0,0,0,0,0,,
8a2e8a4e-e046-4d4e-8a66-18e78e7f1a81,Wallis Orchard DEC USPSA Match,2025-12-21,3,Bay 3 Tk 35,6e0c32bb-3086-470d-be46-4bafd69fd3b8,Stormtrooper Qian,41,75.92,20,75.92,Limited Optics,B,A150939,MINOR,,83.5105,83.5105,5.7522,18.08,20,0,1,1,0,0,0,0,,
8a2e8a4e-e046-4d4e-8a66-18e78e7f1a81,Wallis Orchard DEC USPSA Match,2025-12-21,3,Bay 3 Tk 35,6e0c32bb-3086-470d-be46-4bafd69fd3b8,Khoa Nguyen,42,74.92,1,100.00,Limited,A,A117224,MAJOR,Law Enforcement,110.0000,82.4172,5.6769,18.32,16,0,6,0,0,0,0,0,,
8a2e8a4e-e046-4d4e-8a66-18e78e7f1a81,Wallis Orchard DEC USPSA Match,2025-12-21,3,Bay 3 Tk 35,6e0c32bb-3086-470d-be46-4bafd69fd3b8,Eric Wu,43,74.22,21,74.22,Limited Optics,B,FY104740,MINOR,,81.6391,81.6391,5.6233,18.85,20,0,2,0,0,0,0,0,,
8a2e8a4e-e046-4d4e-8a66-18e78e7f1a81,Wallis Orchard DEC USPSA Match,2025-12-21,3,Bay 3 Tk 35,6e0c32bb-3086-470d-be46-4bafd69fd3b8,Steven McNamara,44,73.32,22,73.32,Limited Optics,B,A75212,MINOR,Senior,80.6562,80.6562,5.5556,19.08,20,0,2,0,0,0,0,0,,
8a2e8a4e-e046-4d4e-8a66-18e78e7f1a81,Wallis Orchard DEC USPSA Match,2025-12-21,3,Bay 3 Tk 35,6e0c32bb-3086-470d-be46-4bafd69fd3b8,Travis McKenzie,45,73.22,23,73.22,Limited Optics,M,L6340,MINOR,,80.5444,80.5444,5.5479,14.60,15,0,5,1,1,0,0,0,,
8a2e8a4e-e046-4d4e-8a66-18e78e7f1a81,Wallis Orchard DEC USPSA Match,2025-12-21,3,Bay 3 Tk 35,6e0c32bb-3086-470d-be46-4bafd69fd3b8,FRANCIS NGUYEN,46,73.15,24,73.15,Limited Optics,U,A169979,MINOR,,80.4617,80.4617,5.5422,16.60,14,0,7,1,0,0,0,0,,
8a2e8a4e-e046-4d4e-8a66-18e78e7f1a81,Wallis Orchard DEC USPSA Match,2025-12-21,3,Bay 3 Tk 35,6e0c32bb-3086-470d-be46-4bafd69fd3b8,Matthew Givens,47,72.75,4,88.41,PCC,A,Ty137686,MINOR,,97.2481,80.0261,5.5122,19.23,20,0,2,0,0,0,0,0,,
8a2e8a4e-e046-4d4e-8a66-18e78e7f1a81,Wallis Orchard DEC USPSA Match,2025-12-21,3,Bay 3 Tk 35,6e0c32bb-3086-470d-be46-4bafd69fd3b8,John Ren,48,72.73,9,79.37,Carry Optics,B,A168570,MINOR,,87.3029,80.0058,5.5108,16.15,18,0,3,0,1,0,0,0,,
8a2e8a4e-e046-4d4e-8a66-18e78e7f1a81,Wallis Orchard DEC USPSA Match,2025-12-21,3,Bay 3 Tk 35,6e0c32bb-3086-470d-be46-4bafd69fd3b8,Phyl Santos,49,72.09,25,72.09,Limited Optics,A,A155981,MINOR,,79.2959,79.2959,5.4619,17.21,15,0,6,1,0,0,0,0,,
8a2e8a4e-e046-4d4e-8a66-18e78e7f1a81,Wallis Orchard DEC USPSA Match,2025-12-21,3,Bay 3 Tk 35,6e0c32bb-3086-470d-be46-4bafd69fd3b8,A Graham,50,72.01,26,72.01,Limited Optics,U,A170472,MINOR,Law Enforcement,79.2146,79.2146,5.4563,20.16,22,0,0,0,0,0,0,0,,
8a2e8a4e-e046-4d4e-8a66-18e78e7f1a81,Wallis Orchard DEC USPSA Match,2025-12-21,3,Bay 3 Tk 35,6e0c32bb-3086-470d-be46-4bafd69fd3b8,Jack Liu,51,71.75,5,87.20,PCC,M,L6156,MINOR,Law Enforcement,95.9161,78.9300,5.4367,17.29,15,0,6,1,0,0,0,0,,
8a2e8a4e-e046-4d4e-8a66-18e78e7f1a81,Wallis Orchard DEC USPSA Match,2025-12-21,3,Bay 3 Tk 35,6e0c32bb-3086-470d-be46-4bafd69fd3b8,Doug Joder,52,71.63,6,87.04,PCC,B,TY115020,MINOR,,95.7468,78.7907,5.4271,19.90,21,0,1,0,0,0,0,0,,
8a2e8a4e-e046-4d4e-8a66-18e78e7f1a81,Wallis Orchard DEC USPSA Match,2025-12-21,3,Bay 3 Tk 35,6e0c32bb-3086-470d-be46-4bafd69fd3b8,Harlan Chen,53,71.27,27,71.27,Limited Optics,B,A163292,MINOR,,78.3929,78.3929,5.3997,18.89,19,0,2,1,0,0,0,0,,
8a2e8a4e-e046-4d4e-8a66-18e78e7f1a81,Wallis Orchard DEC USPSA Match,2025-12-21,3,Bay 3 Tk 35,6e0c32bb-3086-470d-be46-4bafd69fd3b8,randy callison,54,71.11,7,86.41,PCC,A,A14418,MINOR,,95.0499,78.2172,5.3876,18.19,16,0,6,0,0,0,0,0,,
8a2e8a4e-e046-4d4e-8a66-18e78e7f1a81,Wallis Orchard DEC USPSA Match,2025-12-21,3,Bay 3 Tk 35,6e0c32bb-3086-470d-be46-4bafd69fd3b8,Benton Warren,55,70.51,8,85.69,PCC,B,A170225,MINOR,Military,94.2577,77.5653,5.3427,19.84,20,0,2,0,0,0,0,0,,
8a2e8a4e-e046-4d4e-8a66-18e78e7f1a81,Wallis Orchard DEC USPSA Match,2025-12-21,3,Bay 3 Tk 35,6e0c32bb-3086-470d-be46-4bafd69fd3b8,Yihao Zuo,56,69.91,28,69.91,Limited Optics,C,A165414,MINOR,,76.8961,76.8961,5.2966,18.88,18,0,3,1,0,0,0,0,,
8a2e8a4e-e046-4d4e-8a66-18e78e7f1a81,Wallis Orchard DEC USPSA Match,2025-12-21,3,Bay 3 Tk 35,6e0c32bb-3086-470d-be46-4bafd69fd3b8,Virak Meas,57,69.42,29,69.42,Limited Optics,C,O,MINOR,Senior,76.3661,76.3661,5.2601,17.11,13,0,8,1,0,0,0,0,,
8a2e8a4e-e046-4d4e-8a66-18e78e7f1a81,Wallis Orchard DEC USPSA Match,2025-12-21,3,Bay 3 Tk 35,6e0c32bb-3086-470d-be46-4bafd69fd3b8,Markho Babasoro,58,68.82,30,68.82,Limited Optics,U,A174757,MINOR,,75.7070,75.7070,5.2147,19.56,19,0,2,1,0,0,0,0,,
8a2e8a4e-e046-4d4e-8a66-18e78e7f1a81,Wallis Orchard DEC USPSA Match,2025-12-21,3,Bay 3 Tk 35,6e0c32bb-3086-470d-be46-4bafd69fd3b8,Andre Wijaya,59,68.58,31,68.58,Limited Optics,U,A175473,MINOR,,75.4384,75.4384,5.1962,18.09,16,0,4,2,0,0,0,0,,
8a2e8a4e-e046-4d4e-8a66-18e78e7f1a81,Wallis Orchard DEC USPSA Match,2025-12-21,3,Bay 3 Tk 35,6e0c32bb-3086-470d-be46-4bafd69fd3b8,Ernie Morales,60,68.47,32,68.47,Limited Optics,B,A169705,MINOR,,75.3223,75.3223,5.1882,19.66,18,0,4,0,0,0,0,0,,
8a2e8a4e-e046-4d4e-8a66-18e78e7f1a81,Wallis Orchard DEC USPSA Match,2025-12-21,3,Bay 3 Tk 35,6e0c32bb-3086-470d-be46-4bafd69fd3b8,Adrian Hernandez,61,67.92,33,67.92,Limited Optics,B,A87599,MINOR,Senior,74.7140,74.7140,5.1463,19.82,18,0,4,0,0,0,0,0,,
8a2e8a4e-e046-4d4e-8a66-18e78e7f1a81,Wallis Orchard DEC USPSA Match,2025-12-21,3,Bay 3 Tk 35,6e0c32bb-3086-470d-be46-4bafd69fd3b8,Cliff Pinsent,62,67.45,34,67.45,Limited Optics,B,FY99321,MINOR,Distinguished Senior,74.1957,74.1957,5.1106,20.35,19,0,3,0,0,0,0,0,,
8a2e8a4e-e046-4d4e-8a66-18e78e7f1a81,Wallis Orchard DEC USPSA Match,2025-12-21,3,Bay 3 Tk 35,6e0c32bb-3086-470d-be46-4bafd69fd3b8,Rudy Widiaman,63,65.99,35,65.99,Limited Optics,C,A155535,MINOR,,72.5900,72.5900,5.0000,17.40,17,0,4,0,1,0,0,0,,
8a2e8a4e-e046-4d4e-8a66-18e78e7f1a81,Wallis Orchard DEC USPSA Match,2025-12-21,3,Bay 3 Tk 35,6e0c32bb-3086-470d-be46-4bafd69fd3b8,chris bulkley,64,65.80,10,71.80,Carry Optics,B,A159469,MINOR,,78.9826,72.3810,4.9856,20.86,19,0,3,0,0,0,0,0,,
8a2e8a4e-e046-4d4e-8a66-18e78e7f1a81,Wallis Orchard DEC USPSA Match,2025-12-21,3,Bay 3 Tk 35,6e0c32bb-3086-470d-be46-4bafd69fd3b8,Will Allen,65,65.73,36,65.73,Limited Optics,U,A128231,MINOR,,72.3011,72.3011,4.9801,20.08,18,0,3,1,0,0,0,0,,
8a2e8a4e-e046-4d4e-8a66-18e78e7f1a81,Wallis Orchard DEC USPSA Match,2025-12-21,3,Bay 3 Tk 35,6e0c32bb-3086-470d-be46-4bafd69fd3b8,Amber Chike-Udenze,66,65.03,9,79.02,PCC,B,A138974,MINOR,Lady,86.9273,71.5331,4.9272,17.86,13,0,7,2,0,0,0,0,,
8a2e8a4e-e046-4d4e-8a66-18e78e7f1a81,Wallis Orchard DEC USPSA Match,2025-12-21,3,Bay 3 Tk 35,6e0c32bb-3086-470d-be46-4bafd69fd3b8,Gary Wu,67,65.02,37,65.02,Limited Optics,B,L2998,MINOR,Senior,71.5215,71.5215,4.9264,17.66,18,0,2,1,1,0,0,0,,
8a2e8a4e-e046-4d4e-8a66-18e78e7f1a81,Wallis Orchard DEC USPSA Match,2025-12-21,3,Bay 3 Tk 35,6e0c32bb-3086-470d-be46-4bafd69fd3b8,Marlon Pors,68,64.20,11,70.06,Carry Optics,C,Ty1234,MINOR,Law Enforcement,77.0626,70.6214,4.8644,21.38,19,0,3,0,0,0,0,0,,
8a2e8a4e-e046-4d4e-8a66-18e78e7f1a81,Wallis Orchard DEC USPSA Match,2025-12-21,3,Bay 3 Tk 35,6e0c32bb-3086-470d-be46-4bafd69fd3b8,Eduardo Cantu,69,63.99,11,66.60,Open,B,A164104,MAJOR,,73.2583,70.3905,4.8485,19.80,18,0,4,0,0,0,1,0,,
8a2e8a4e-e046-4d4e-8a66-18e78e7f1a81,Wallis Orchard DEC USPSA Match,2025-12-21,3,Bay 3 Tk 35,6e0c32bb-3086-470d-be46-4bafd69fd3b8,Jerry Bedro,70,63.79,38,63.79,Limited Optics,B,A98263,MINOR,,70.1699,70.1699,4.8333,20.69,17,0,5,0,0,0,0,0,,
8a2e8a4e-e046-4d4e-8a66-18e78e7f1a81,Wallis Orchard DEC USPSA Match,2025-12-21,3,Bay 3 Tk 35,6e0c32bb-3086-470d-be46-4bafd69fd3b8,michael womack,71,62.62,39,62.62,Limited Optics,B,A166212,MINOR,,68.8807,68.8807,4.7445,21.92,19,0,3,0,0,0,0,0,,
8a2e8a4e-e046-4d4e-8a66-18e78e7f1a81,Wallis Orchard DEC USPSA Match,2025-12-21,3,Bay 3 Tk 35,6e0c32bb-3086-470d-be46-4bafd69fd3b8,Budd Ratliff,72,61.40,40,61.40,Limited Optics,B,A167811,MINOR,Law Enforcement,67.5436,67.5436,4.6524,19.56,19,0,2,0,1,0,0,0,,
8a2e8a4e-e046-4d4e-8a66-18e78e7f1a81,Wallis Orchard DEC USPSA Match,2025-12-21,3,Bay 3 Tk 35,6e0c32bb-3086-470d-be46-4bafd69fd3b8,Gilbert Carrillo,73,60.31,41,60.31,Limited Optics,C,A162029,MINOR,,66.3458,66.3458,4.5699,22.32,18,0,4,0,0,0,0,0,,
8a2e8a4e-e046-4d4e-8a66-18e78e7f1a81,Wallis Orchard DEC USPSA Match,2025-12-21,3,Bay 3 Tk 35,6e0c32bb-3086-470d-be46-4bafd69fd3b8,Napoleon Lewis,74,60.02,12,65.49,Carry Optics,U,,MINOR,Senior; Military,72.0406,66.0192,4.5474,23.75,21,0,1,0,0,0,0,0,,
8a2e8a4e-e046-4d4e-8a66-18e78e7f1a81,Wallis Orchard DEC USPSA Match,2025-12-21,3,Bay 3 Tk 35,6e0c32bb-3086-470d-be46-4bafd69fd3b8,Jason Wilson,75,59.09,1,100.00,Limited 10,M,A94696,MAJOR,,110.0000,64.9971,4.4770,23.90,19,0,3,0,0,0,0,0,,
8a2e8a4e-e046-4d4e-8a66-18e78e7f1a81,Wallis Orchard DEC USPSA Match,2025-12-21,3,Bay 3 Tk 35,6e0c32bb-3086-470d-be46-4bafd69fd3b8,"Byron ""BigBDaShooter"" McGowen",76,59.05,42,59.05,Limited Optics,C,A159731,MINOR,Military,64.9521,64.9521,4.4739,24.14,21,0,1,0,0,0,0,0,,
8a2e8a4e-e046-4d4e-8a66-18e78e7f1a81,Wallis Orchard DEC USPSA Match,2025-12-21,3,Bay 3 Tk 35,6e0c32bb-3086-470d-be46-4bafd69fd3b8,Trevor Symons,77,58.12,12,60.49,Open,U,A172350,MINOR,,66.5421,63.9373,4.4040,20.89,14,0,7,1,0,0,0,0,,
8a2e8a4e-e046-4d4e-8a66-18e78e7f1a81,Wallis Orchard DEC USPSA Match,2025-12-21,3,Bay 3 Tk 35,6e0c32bb-3086-470d-be46-4bafd69fd3b8,"Jeff Maxwell, Jr.",78,56.82,13,62.00,Carry Optics,B,L4489,MINOR,Senior,68.2052,62.5044,4.3053,25.55,22,0,0,0,0,0,0,0,,
8a2e8a4e-e046-4d4e-8a66-18e78e7f1a81,Wallis Orchard DEC USPSA Match,2025-12-21,3,Bay 3 Tk 35,6e0c32bb-3086-470d-be46-4bafd69fd3b8,Grant Nixon,79,56.41,14,61.55,Carry Optics,B,A172934,MINOR,,67.7078,62.0485,4.2739,22.93,21,0,1,0,0,0,1,0,,
8a2e8a4e-e046-4d4e-8a66-18e78e7f1a81,Wallis Orchard DEC USPSA Match,2025-12-21,3,Bay 3 Tk 35,6e0c32bb-3086-470d-be46-4bafd69fd3b8,Jose Lopez,80,55.98,15,61.09,Carry Optics,U,A173303,MINOR,,67.1945,61.5781,4.2415,20.04,17,0,3,1,1,0,0,0,,
8a2e8a4e-e046-4d4e-8a66-18e78e7f1a81,Wallis Orchard DEC USPSA Match,2025-12-21,3,Bay 3 Tk 35,6e0c32bb-3086-470d-be46-4bafd69fd3b8,Andrew Quintana,81,54.57,43,54.57,Limited Optics,B,A175263,MINOR,,60.0319,60.0319,4.1350,23.70,17,0,4,1,0,0,0,0,,
8a2e8a4e-e046-4d4e-8a66-18e78e7f1a81,Wallis Orchard DEC USPSA Match,2025-12-21,3,Bay 3 Tk 35,6e0c32bb-3086-470d-be46-4bafd69fd3b8,Alexandria Farrar,82,54.12,16,59.06,Carry Optics,U,A165859,MINOR,Lady; Law Enforcement,64.9655,59.5354,4.1008,20.24,17,0,2,2,1,0,0,0,,
8a2e8a4e-e046-4d4e-8a66-18e78e7f1a81,Wallis Orchard DEC USPSA Match,2025-12-21,3,Bay 3 Tk 35,6e0c32bb-3086-470d-be46-4bafd69fd3b8,Keith Bowman Jr,83,54.07,44,54.07,Limited Optics,C,A157830,MINOR,,59.4788,59.4788,4.0969,22.70,20,0,1,0,1,0,0,0,,
8a2e8a4e-e046-4d4e-8a66-18e78e7f1a81,Wallis Orchard DEC USPSA Match,2025-12-21,3,Bay 3 Tk 35,6e0c32bb-3086-470d-be46-4bafd69fd3b8,Raul Rios,84,52.48,17,57.27,Carry Optics,B,A171634,MINOR,,62.9947,57.7294,3.9764,20.37,19,0,2,0,1,0,1,0,,
8a2e8a4e-e046-4d4e-8a66-18e78e7f1a81,Wallis Orchard DEC USPSA Match,2025-12-21,3,Bay 3 Tk 35,6e0c32bb-3086-470d-be46-4bafd69fd3b8,Luke Kwan,85,52.20,13,54.33,Open,C,A152338,MINOR,,59.7610,57.4216,3.9552,26.80,20,0,2,0,0,0,0,0,,
8a2e8a4e-e046-4d4e-8a66-18e78e7f1a81,Wallis Orchard DEC USPSA Match,2025-12-21,3,Bay 3 Tk 35,6e0c32bb-3086-470d-be46-4bafd69fd3b8,Kevin Baker,86,51.74,45,51.74,Limited Optics,C,,MINOR,,56.9120,56.9120,3.9201,26.53,19,0,3,0,0,0,0,0,,
8a2e8a4e-e046-4d4e-8a66-18e78e7f1a81,Wallis Orchard DEC USPSA Match,2025-12-21,3,Bay 3 Tk 35,6e0c32bb-3086-470d-be46-4bafd69fd3b8,Victor Chapa,87,51.36,46,51.36,Limited Optics,U,A160745,MINOR,Law Enforcement,56.4968,56.4968,3.8915,16.96,18,0,2,0,2,0,0,1,,
8a2e8a4e-e046-4d4e-8a66-18e78e7f1a81,Wallis Orchard DEC USPSA Match,2025-12-21,3,Bay 3 Tk 35,6e0c32bb-3086-470d-be46-4bafd69fd3b8,Jeannie Marrone,88,50.98,14,53.06,Open,C,TY133357,MAJOR,Lady; Super Senior,58.3649,56.0801,3.8628,27.70,19,0,3,0,0,0,0,0,,
8a2e8a4e-e046-4d4e-8a66-18e78e7f1a81,Wallis Orchard DEC USPSA Match,2025-12-21,3,Bay 3 Tk 35,6e0c32bb-3086-470d-be46-4bafd69fd3b8,JJ Ratliff,89,50.86,2,67.88,Limited,D,A172706,MAJOR,Lady,74.6645,55.9422,3.8533,26.99,18,0,3,1,0,0,0,0,,
8a2e8a4e-e046-4d4e-8a66-18e78e7f1a81,Wallis Orchard DEC USPSA Match,2025-12-21,3,Bay 3 Tk 35,6e0c32bb-3086-470d-be46-4bafd69fd3b8,Jessica Zhang,90,43.49,18,47.45,Carry Optics,U,,MINOR,,52.1999,47.8368,3.2950,25.19,15,0,6,0,1,0,0,0,,
8a2e8a4e-e046-4d4e-8a66-18e78e7f1a81,Wallis Orchard DEC USPSA Match,2025-12-21,3,Bay 3 Tk 35,6e0c32bb-3086-470d-be46-4bafd69fd3b8,Ian Doskocil,91,0.00,19,0.00,Carry Optics,B,A175018,MINOR,,0.0000,0.0000,,,,,×0.29,×0.58,×2.16,,×1.44,,,15.84
8a2e8a4e-e046-4d4e-8a66-18e78e7f1a81,Wallis Orchard DEC USPSA Match,2025-12-21,4,Bay 4 Tk33,8a370d9f-635a-45e8-9d91-9dfacd2b37f6,Mel Rodero II,1,100.00,1,100.00,Open,GM,B100,MAJOR,Senior,110.0000,110.0000,9.9134,10.39,17,0,4,1,0,0,0,0,,
8a2e8a4e-e046-4d4e-8a66-18e78e7f1a81,Wallis Orchard DEC USPSA Match,2025-12-21,4,Bay 4 Tk33,8a370d9f-635a-45e8-9d91-9dfacd2b37f6,Jacob Tullis,2,97.38,1,100.00,Limited Optics,M,A140523,MINOR,,110.0000,107.1206,9.6539,10.98,20,0,2,0,0,0,0,0,,
8a2e8a4e-e046-4d4e-8a66-18e78e7f1a81,Wallis Orchard DEC USPSA Match,2025-12-21,4,Bay 4 Tk33,8a370d9f-635a-45e8-9d91-9dfacd2b37f6,Adam Bandiera,3,95.42,2,95.42,Open,U,A148375,MAJOR,,104.9635,104.9635,9.4595,11.10,17,0,5,0,0,0,0,0,,
8a2e8a4e-e046-4d4e-8a66-18e78e7f1a81,Wallis Orchard DEC USPSA Match,2025-12-21,4,Bay 4 Tk33,8a370d9f-635a-45e8-9d91-9dfacd2b37f6,Will Goglas,4,92.67,3,92.67,Open,B,A154790,MAJOR,,101.9331,101.9331,9.1864,11.43,17,0,5,0,0,0,0,0,,
8a2e8a4e-e046-4d4e-8a66-18e78e7f1a81,Wallis Orchard DEC USPSA Match,2025-12-21,4,Bay 4 Tk33,8a370d9f-635a-45e8-9d91-9dfacd2b37f6,Albert Montanez,5,92.40,1,100.00,PCC,M,TY101554,MINOR,,110.0000,101.6435,9.1603,11.79,21,0,1,0,0,0,0,0,,
8a2e8a4e-e046-4d4e-8a66-18e78e7f1a81,Wallis Orchard DEC USPSA Match,2025-12-21,4,Bay 4 Tk33,8a370d9f-635a-45e8-9d91-9dfacd2b37f6,Phillip Nguyen,6,90.67,2,93.11,Limited Optics,M,TY152423,MINOR,,102.4216,99.7406,8.9888,10.68,15,0,7,0,0,0,0,0,,
8a2e8a4e-e046-4d4e-8a66-18e78e7f1a81,Wallis Orchard DEC USPSA Match,2025-12-21,4,Bay 4 Tk33,8a370d9f-635a-45e8-9d91-9dfacd2b37f6,Vinh Lam,7,89.38,3,91.78,Limited Optics,M,Ty101025,MINOR,,100.9631,98.3203,8.8608,11.06,16,0,6,0,0,0,0,0,,
8a2e8a4e-e046-4d4e-8a66-18e78e7f1a81,Wallis Orchard DEC USPSA Match,2025-12-21,4,Bay 4 Tk33,8a370d9f-635a-45e8-9d91-9dfacd2b37f6,Andrew Whitley,8,89.21,4,89.21,Open,A,TY106649,MAJOR,,98.1283,98.1283,8.8435,11.76,16,0,6,0,0,0,0,0,,
8a2e8a4e-e046-4d4e-8a66-18e78e7f1a81,Wallis Orchard DEC USPSA Match,2025-12-21,4,Bay 4 Tk33,8a370d9f-635a-45e8-9d91-9dfacd2b37f6,Colin Kerrigan,9,89.08,1,100.00,Carry Optics,M,A142731,MINOR,,110.0000,97.9918,8.8312,11.55,18,0,4,0,0,0,0,0,,
8a2e8a4e-e046-4d4e-8a66-18e78e7f1a81,Wallis Orchard DEC USPSA Match,2025-12-21,4,Bay 4 Tk33,8a370d9f-635a-45e8-9d91-9dfacd2b37f6,Michael Whitley,10,88.61,5,88.61,Open,A,A111091,MAJOR,,97.4659,97.4659,8.7838,11.84,16,0,6,0,0,0,0,0,,
8a2e8a4e-e046-4d4e-8a66-18e78e7f1a81,Wallis Orchard DEC USPSA Match,2025-12-21,4,Bay 4 Tk33,8a370d9f-635a-45e8-9d91-9dfacd2b37f6,Chez Chike-Udenze,11,88.19,4,90.56,Limited Optics,GM,A138598,MINOR,,99.6118,97.0043,8.7422,11.21,17,0,4,1,0,0,0,0,,
8a2e8a4e-e046-4d4e-8a66-18e78e7f1a81,Wallis Orchard DEC USPSA Match,2025-12-21,4,Bay 4 Tk33,8a370d9f-635a-45e8-9d91-9dfacd2b37f6,Brandon Foss,12,87.86,2,98.62,Carry Optics,M,L5142,MINOR,,108.4866,96.6436,8.7097,12.40,21,0,1,0,0,0,0,0,,
8a2e8a4e-e046-4d4e-8a66-18e78e7f1a81,Wallis Orchard DEC USPSA Match,2025-12-21,4,Bay 4 Tk33,8a370d9f-635a-45e8-9d91-9dfacd2b37f6,Jose Onia,13,87.79,3,98.55,Carry Optics,A,X,MINOR,Senior,108.4081,96.5737,8.7034,11.26,16,0,6,0,0,0,0,0,,
8a2e8a4e-e046-4d4e-8a66-18e78e7f1a81,Wallis Orchard DEC USPSA Match,2025-12-21,4,Bay 4 Tk33,8a370d9f-635a-45e8-9d91-9dfacd2b37f6,Heath Helgeson,14,87.13,5,89.48,Limited Optics,A,a149129,MINOR,,98.4233,95.8469,8.6379,12.04,19,0,3,0,0,0,0,0,,
8a2e8a4e-e046-4d4e-8a66-18e78e7f1a81,Wallis Orchard DEC USPSA Match,2025-12-21,4,Bay 4 Tk33,8a370d9f-635a-45e8-9d91-9dfacd2b37f6,Gabriel Nguyen,15,86.03,4,96.57,Carry Optics,A,A163845,MINOR,,106.2284,94.6319,8.5284,11.96,18,0,4,0,0,0,0,0,,
8a2e8a4e-e046-4d4e-8a66-18e78e7f1a81,Wallis Orchard DEC USPSA Match,2025-12-21,4,Bay 4 Tk33,8a370d9f-635a-45e8-9d91-9dfacd2b37f6,Phyl Santos,16,85.73,6,88.04,Limited Optics,A,A155981,MINOR,,96.8418,94.3068,8.4991,11.06,15,0,6,1,0,0,0,0,,
8a2e8a4e-e046-4d4e-8a66-18e78e7f1a81,Wallis Orchard DEC USPSA Match,2025-12-21,4,Bay 4 Tk33,8a370d9f-635a-45e8-9d91-9dfacd2b37f6,Michael Hanover,17,85.22,7,87.51,Limited Optics,M,Ty146302,MINOR,,96.2630,93.7431,8.4483,11.60,16,0,6,0,0,0,0,0,,
8a2e8a4e-e046-4d4e-8a66-18e78e7f1a81,Wallis Orchard DEC USPSA Match,2025-12-21,4,Bay 4 Tk33,8a370d9f-635a-45e8-9d91-9dfacd2b37f6,John Ren,18,85.20,5,95.64,Carry Optics,B,A168570,MINOR,,105.2008,93.7165,8.4459,11.84,17,0,5,0,0,0,0,0,,
8a2e8a4e-e046-4d4e-8a66-18e78e7f1a81,Wallis Orchard DEC USPSA Match,2025-12-21,4,Bay 4 Tk33,8a370d9f-635a-45e8-9d91-9dfacd2b37f6,Duane Mendoza,19,84.43,8,86.70,Limited Optics,C,X,MINOR,Junior,95.3674,92.8710,8.3697,11.47,15,0,7,0,0,0,0,0,,
8a2e8a4e-e046-4d4e-8a66-18e78e7f1a81,Wallis Orchard DEC USPSA Match,2025-12-21,4,Bay 4 Tk33,8a370d9f-635a-45e8-9d91-9dfacd2b37f6,Eduardo Cantu,20,83.99,6,83.99,Open,B,A164104,MAJOR,,92.3894,92.3894,8.3263,11.77,10,0,12,0,0,0,0,0,,
8a2e8a4e-e046-4d4e-8a66-18e78e7f1a81,Wallis Orchard DEC USPSA Match,2025-12-21,4,Bay 4 Tk33,8a370d9f-635a-45e8-9d91-9dfacd2b37f6,Jack Liu,21,83.58,2,90.45,PCC,M,L6156,MINOR,Law Enforcement,99.4999,91.9411,8.2859,12.31,18,0,4,0,0,0,0,0,,
8a2e8a4e-e046-4d4e-8a66-18e78e7f1a81,Wallis Orchard DEC USPSA Match,2025-12-21,4,Bay 4 Tk33,8a370d9f-635a-45e8-9d91-9dfacd2b37f6,Jim Havens,22,83.11,9,85.34,Limited Optics,M,A114636,MINOR,Senior,93.8793,91.4218,8.2391,12.38,18,0,4,0,0,0,0,0,,
8a2e8a4e-e046-4d4e-8a66-18e78e7f1a81,Wallis Orchard DEC USPSA Match,2025-12-21,4,Bay 4 Tk33,8a370d9f-635a-45e8-9d91-9dfacd2b37f6,Marco Yue,23,82.08,10,84.28,Limited Optics,B,L5762,MINOR,,92.7125,90.2856,8.1367,12.29,17,0,5,0,0,0,0,0,,
8a2e8a4e-e046-4d4e-8a66-18e78e7f1a81,Wallis Orchard DEC USPSA Match,2025-12-21,4,Bay 4 Tk33,8a370d9f-635a-45e8-9d91-9dfacd2b37f6,David Warren,24,81.56,11,83.75,Limited Optics,M,TY40917,MINOR,Senior,92.1279,89.7163,8.0854,13.11,20,0,2,0,0,0,0,0,,
8a2e8a4e-e046-4d4e-8a66-18e78e7f1a81,Wallis Orchard DEC USPSA Match,2025-12-21,4,Bay 4 Tk33,8a370d9f-635a-45e8-9d91-9dfacd2b37f6,Shaundy Pepito,25,81.43,7,81.43,Open,B,Ty163589,MAJOR,,89.5688,89.5688,8.0721,12.76,15,0,7,0,0,0,0,0,,
8a2e8a4e-e046-4d4e-8a66-18e78e7f1a81,Wallis Orchard DEC USPSA Match,2025-12-21,4,Bay 4 Tk33,8a370d9f-635a-45e8-9d91-9dfacd2b37f6,Jesse Harrington,26,81.12,12,83.30,Limited Optics,,A153046,MINOR,,91.6300,89.2314,8.0417,13.43,21,0,1,0,0,0,0,0,,
8a2e8a4e-e046-4d4e-8a66-18e78e7f1a81,Wallis Orchard DEC USPSA Match,2025-12-21,4,Bay 4 Tk33,8a370d9f-635a-45e8-9d91-9dfacd2b37f6,Tyler Kenny,27,79.12,13,81.24,Limited Optics,B,A148691,MINOR,,89.3671,87.0278,7.8431,13.77,21,0,1,0,0,0,0,0,,
8a2e8a4e-e046-4d4e-8a66-18e78e7f1a81,Wallis Orchard DEC USPSA Match,2025-12-21,4,Bay 4 Tk33,8a370d9f-635a-45e8-9d91-9dfacd2b37f6,Kevin Bunurai,28,78.51,14,80.62,Limited Optics,U,TY105111,MINOR,,88.6789,86.3576,7.7827,13.62,20,0,2,0,0,0,0,0,,
8a2e8a4e-e046-4d4e-8a66-18e78e7f1a81,Wallis Orchard DEC USPSA Match,2025-12-21,4,Bay 4 Tk33,8a370d9f-635a-45e8-9d91-9dfacd2b37f6,Wade Pruetz,29,78.44,15,80.55,Limited Optics,U,Ty79055,MINOR,Senior,88.6025,86.2832,7.7760,12.86,17,0,5,0,0,0,0,0,,
8a2e8a4e-e046-4d4e-8a66-18e78e7f1a81,Wallis Orchard DEC USPSA Match,2025-12-21,4,Bay 4 Tk33,8a370d9f-635a-45e8-9d91-9dfacd2b37f6,Zvi Davidoff,30,75.21,8,75.21,Open,U,X,MAJOR,,82.7336,82.7336,7.4561,13.68,14,0,8,0,0,0,0,0,,
8a2e8a4e-e046-4d4e-8a66-18e78e7f1a81,Wallis Orchard DEC USPSA Match,2025-12-21,4,Bay 4 Tk33,8a370d9f-635a-45e8-9d91-9dfacd2b37f6,Andre Wijaya,31,74.90,16,76.92,Limited Optics,U,A175473,MINOR,,84.6065,82.3918,7.4253,12.39,14,0,7,1,0,0,0,0,,
8a2e8a4e-e046-4d4e-8a66-18e78e7f1a81,Wallis Orchard DEC USPSA Match,2025-12-21,4,Bay 4 Tk33,8a370d9f-635a-45e8-9d91-9dfacd2b37f6,Ryan Jaw,32,74.43,17,76.43,Limited Optics,U,TY142907,MINOR,,84.0710,81.8703,7.3783,12.74,19,0,3,0,0,0,1,0,,
8a2e8a4e-e046-4d4e-8a66-18e78e7f1a81,Wallis Orchard DEC USPSA Match,2025-12-21,4,Bay 4 Tk33,8a370d9f-635a-45e8-9d91-9dfacd2b37f6,Janice Pacleb,33,73.58,9,73.58,Open,B,Tu75597,MAJOR,Lady,80.9416,80.9416,7.2946,14.12,15,0,7,0,0,0,0,0,,
8a2e8a4e-e046-4d4e-8a66-18e78e7f1a81,Wallis Orchard DEC USPSA Match,2025-12-21,4,Bay 4 Tk33,8a370d9f-635a-45e8-9d91-9dfacd2b37f6,Anthony Giuliano,34,73.27,6,82.25,Carry Optics,M,A152263,MINOR,Law Enforcement,90.4780,80.6009,7.2639,12.39,12,0,10,0,0,0,0,0,,
8a2e8a4e-e046-4d4e-8a66-18e78e7f1a81,Wallis Orchard DEC USPSA Match,2025-12-21,4,Bay 4 Tk33,8a370d9f-635a-45e8-9d91-9dfacd2b37f6,Adriel Taylor,35,72.94,10,72.94,Open,B,A104322,MAJOR,,80.2325,80.2325,7.2307,13.83,16,0,4,2,0,0,0,0,,
8a2e8a4e-e046-4d4e-8a66-18e78e7f1a81,Wallis Orchard DEC USPSA Match,2025-12-21,4,Bay 4 Tk33,8a370d9f-635a-45e8-9d91-9dfacd2b37f6,Rob Layton,36,72.89,18,74.84,Limited Optics,B,L6445,MINOR,Law Enforcement,82.3288,80.1737,7.2254,13.84,18,0,3,1,0,0,0,0,,
8a2e8a4e-e046-4d4e-8a66-18e78e7f1a81,Wallis Orchard DEC USPSA Match,2025-12-21,4,Bay 4 Tk33,8a370d9f-635a-45e8-9d91-9dfacd2b37f6,Matthew Givens,37,72.35,3,78.30,PCC,A,Ty137686,MINOR,,86.1286,79.5856,7.1724,14.50,19,0,3,0,0,0,0,0,,
8a2e8a4e-e046-4d4e-8a66-18e78e7f1a81,Wallis Orchard DEC USPSA Match,2025-12-21,4,Bay 4 Tk33,8a370d9f-635a-45e8-9d91-9dfacd2b37f6,Eric Wu,38,70.11,19,72.00,Limited Optics,B,FY104740,MINOR,,79.1954,77.1223,6.9504,14.10,17,0,4,1,0,0,0,0,,
8a2e8a4e-e046-4d4e-8a66-18e78e7f1a81,Wallis Orchard DEC USPSA Match,2025-12-21,4,Bay 4 Tk33,8a370d9f-635a-45e8-9d91-9dfacd2b37f6,Jorge Cahas,39,69.87,11,69.87,Open,B,F-44522,MAJOR,Senior,76.8593,76.8593,6.9267,14.87,17,0,4,1,0,0,0,0,,
8a2e8a4e-e046-4d4e-8a66-18e78e7f1a81,Wallis Orchard DEC USPSA Match,2025-12-21,4,Bay 4 Tk33,8a370d9f-635a-45e8-9d91-9dfacd2b37f6,Khoa Nguyen,40,69.59,1,100.00,Limited,A,A117224,MAJOR,Law Enforcement,110.0000,76.5508,6.8989,14.93,17,0,4,1,0,0,0,0,,
8a2e8a4e-e046-4d4e-8a66-18e78e7f1a81,Wallis Orchard DEC USPSA Match,2025-12-21,4,Bay 4 Tk33,8a370d9f-635a-45e8-9d91-9dfacd2b37f6,Jason Wells,41,69.25,4,74.94,PCC,B,L5218,MINOR,,82.4337,76.1713,6.8647,15.15,19,0,3,0,0,0,0,0,,
8a2e8a4e-e046-4d4e-8a66-18e78e7f1a81,Wallis Orchard DEC USPSA Match,2025-12-21,4,Bay 4 Tk33,8a370d9f-635a-45e8-9d91-9dfacd2b37f6,Budd Ratliff,42,67.01,20,68.81,Limited Optics,B,A167811,MINOR,Law Enforcement,75.6882,73.7069,6.6426,13.85,18,0,4,0,0,0,1,0,,
8a2e8a4e-e046-4d4e-8a66-18e78e7f1a81,Wallis Orchard DEC USPSA Match,2025-12-21,4,Bay 4 Tk33,8a370d9f-635a-45e8-9d91-9dfacd2b37f6,Steven McNamara,43,66.94,21,68.74,Limited Optics,B,A75212,MINOR,Senior,75.6095,73.6303,6.6357,15.07,17,0,5,0,0,0,0,0,,
8a2e8a4e-e046-4d4e-8a66-18e78e7f1a81,Wallis Orchard DEC USPSA Match,2025-12-21,4,Bay 4 Tk33,8a370d9f-635a-45e8-9d91-9dfacd2b37f6,Rudy Widiaman,44,66.54,22,68.33,Limited Optics,C,A155535,MINOR,,75.1606,73.1932,6.5963,15.16,17,0,5,0,0,0,0,0,,
8a2e8a4e-e046-4d4e-8a66-18e78e7f1a81,Wallis Orchard DEC USPSA Match,2025-12-21,4,Bay 4 Tk33,8a370d9f-635a-45e8-9d91-9dfacd2b37f6,Stormtrooper Qian,45,65.73,23,67.50,Limited Optics,B,A150939,MINOR,,74.2491,72.3055,6.5163,15.96,19,0,3,0,0,0,0,0,,
8a2e8a4e-e046-4d4e-8a66-18e78e7f1a81,Wallis Orchard DEC USPSA Match,2025-12-21,4,Bay 4 Tk33,8a370d9f-635a-45e8-9d91-9dfacd2b37f6,Amber Chike-Udenze,46,65.71,5,71.11,PCC,B,A138974,MINOR,Lady,78.2247,72.2822,6.5142,14.43,15,0,6,1,0,0,0,0,,
8a2e8a4e-e046-4d4e-8a66-18e78e7f1a81,Wallis Orchard DEC USPSA Match,2025-12-21,4,Bay 4 Tk33,8a370d9f-635a-45e8-9d91-9dfacd2b37f6,randy callison,47,65.47,6,70.86,PCC,A,A14418,MINOR,,77.9413,72.0203,6.4906,13.25,16,0,5,1,0,0,1,0,,
8a2e8a4e-e046-4d4e-8a66-18e78e7f1a81,Wallis Orchard DEC USPSA Match,2025-12-21,4,Bay 4 Tk33,8a370d9f-635a-45e8-9d91-9dfacd2b37f6,Albert Legislador,48,65.17,7,70.52,PCC,B,TY91787,MINOR,Senior,77.5775,71.6841,6.4603,14.86,16,0,5,1,0,0,0,0,,
8a2e8a4e-e046-4d4e-8a66-18e78e7f1a81,Wallis Orchard DEC USPSA Match,2025-12-21,4,Bay 4 Tk33,8a370d9f-635a-45e8-9d91-9dfacd2b37f6,Waldo Samano,49,64.89,24,66.63,Limited Optics,A,TY87973,MINOR,,73.2965,71.3778,6.4327,13.68,17,0,4,1,0,0,1,0,,
8a2e8a4e-e046-4d4e-8a66-18e78e7f1a81,Wallis Orchard DEC USPSA Match,2025-12-21,4,Bay 4 Tk33,8a370d9f-635a-45e8-9d91-9dfacd2b37f6,Yihao Zuo,50,64.11,25,65.84,Limited Optics,C,A165414,MINOR,,72.4214,70.5257,6.3559,14.16,13,0,8,1,0,0,0,0,,
8a2e8a4e-e046-4d4e-8a66-18e78e7f1a81,Wallis Orchard DEC USPSA Match,2025-12-21,4,Bay 4 Tk33,8a370d9f-635a-45e8-9d91-9dfacd2b37f6,Cliff Pinsent,51,63.44,26,65.15,Limited Optics,B,FY99321,MINOR,Distinguished Senior,71.6625,69.7867,6.2893,15.90,17,0,5,0,0,0,0,0,,
8a2e8a4e-e046-4d4e-8a66-18e78e7f1a81,Wallis Orchard DEC USPSA Match,2025-12-21,4,Bay 4 Tk33,8a370d9f-635a-45e8-9d91-9dfacd2b37f6,FRANCIS NGUYEN,52,63.42,27,65.12,Limited Optics,U,A169979,MINOR,,71.6329,69.7578,6.2867,11.93,14,0,4,3,1,0,0,0,,
8a2e8a4e-e046-4d4e-8a66-18e78e7f1a81,Wallis Orchard DEC USPSA Match,2025-12-21,4,Bay 4 Tk33,8a370d9f-635a-45e8-9d91-9dfacd2b37f6,Benton Warren,53,63.35,8,68.56,PCC,B,A170225,MINOR,Military,75.4184,69.6890,6.2805,14.33,13,0,8,1,0,0,0,0,,
8a2e8a4e-e046-4d4e-8a66-18e78e7f1a81,Wallis Orchard DEC USPSA Match,2025-12-21,4,Bay 4 Tk33,8a370d9f-635a-45e8-9d91-9dfacd2b37f6,Adrian Hernandez,54,62.83,28,64.52,Limited Optics,B,A87599,MINOR,Senior,70.9732,69.1153,6.2288,14.77,13,0,9,0,0,0,0,0,,
8a2e8a4e-e046-4d4e-8a66-18e78e7f1a81,Wallis Orchard DEC USPSA Match,2025-12-21,4,Bay 4 Tk33,8a370d9f-635a-45e8-9d91-9dfacd2b37f6,Doug Joder,55,61.99,9,67.09,PCC,B,TY115020,MINOR,,73.7985,68.1921,6.1456,14.97,18,0,4,0,0,0,1,0,,
8a2e8a4e-e046-4d4e-8a66-18e78e7f1a81,Wallis Orchard DEC USPSA Match,2025-12-21,4,Bay 4 Tk33,8a370d9f-635a-45e8-9d91-9dfacd2b37f6,Harlan Chen,56,61.84,29,63.50,Limited Optics,B,A163292,MINOR,,69.8543,68.0257,6.1306,12.56,17,0,4,0,1,0,1,0,,
8a2e8a4e-e046-4d4e-8a66-18e78e7f1a81,Wallis Orchard DEC USPSA Match,2025-12-21,4,Bay 4 Tk33,8a370d9f-635a-45e8-9d91-9dfacd2b37f6,Trevor Symons,57,61.17,12,61.17,Open,U,A172350,MINOR,,67.2889,67.2889,6.0642,16.82,19,0,2,1,0,0,0,0,,
8a2e8a4e-e046-4d4e-8a66-18e78e7f1a81,Wallis Orchard DEC USPSA Match,2025-12-21,4,Bay 4 Tk33,8a370d9f-635a-45e8-9d91-9dfacd2b37f6,Gary Wu,58,60.86,30,62.49,Limited Optics,B,L2998,MINOR,Senior,68.7399,66.9405,6.0328,15.25,15,0,5,2,0,0,0,0,,
8a2e8a4e-e046-4d4e-8a66-18e78e7f1a81,Wallis Orchard DEC USPSA Match,2025-12-21,4,Bay 4 Tk33,8a370d9f-635a-45e8-9d91-9dfacd2b37f6,Jerry Bedro,59,60.22,31,61.84,Limited Optics,B,A98263,MINOR,,68.0255,66.2448,5.9701,18.09,21,0,1,0,0,0,0,0,,
8a2e8a4e-e046-4d4e-8a66-18e78e7f1a81,Wallis Orchard DEC USPSA Match,2025-12-21,4,Bay 4 Tk33,8a370d9f-635a-45e8-9d91-9dfacd2b37f6,Roger Feng,60,59.75,7,67.07,Carry Optics,A,A157776,MINOR,,73.7759,65.7222,5.9230,10.13,15,0,5,0,2,0,0,1,,
8a2e8a4e-e046-4d4e-8a66-18e78e7f1a81,Wallis Orchard DEC USPSA Match,2025-12-21,4,Bay 4 Tk33,8a370d9f-635a-45e8-9d91-9dfacd2b37f6,Jason Wilson,61,58.35,1,100.00,Limited 10,M,A94696,MAJOR,,110.0000,64.1865,5.7846,16.25,16,0,6,0,0,0,1,0,,
8a2e8a4e-e046-4d4e-8a66-18e78e7f1a81,Wallis Orchard DEC USPSA Match,2025-12-21,4,Bay 4 Tk33,8a370d9f-635a-45e8-9d91-9dfacd2b37f6,A Graham,62,57.79,32,59.35,Limited Optics,U,A170472,MINOR,Law Enforcement,65.2806,63.5717,5.7292,13.44,18,0,2,1,1,0,1,0,,
8a2e8a4e-e046-4d4e-8a66-18e78e7f1a81,Wallis Orchard DEC USPSA Match,2025-12-21,4,Bay 4 Tk33,8a370d9f-635a-45e8-9d91-9dfacd2b37f6,"Jeff Maxwell, Jr.",63,56.75,8,63.71,Carry Optics,B,L4489,MINOR,Senior,70.0803,62.4299,5.6263,18.84,20,0,2,0,0,0,0,0,,
8a2e8a4e-e046-4d4e-8a66-18e78e7f1a81,Wallis Orchard DEC USPSA Match,2025-12-21,4,Bay 4 Tk33,8a370d9f-635a-45e8-9d91-9dfacd2b37f6,Markho Babasoro,64,56.15,33,57.65,Limited Optics,U,A174757,MINOR,,63.4199,61.7597,5.5659,16.17,15,0,4,3,0,0,0,0,,
8a2e8a4e-e046-4d4e-8a66-18e78e7f1a81,Wallis Orchard DEC USPSA Match,2025-12-21,4,Bay 4 Tk33,8a370d9f-635a-45e8-9d91-9dfacd2b37f6,Marlon Pors,65,55.65,9,62.47,Carry Optics,C,Ty1234,MINOR,Law Enforcement,68.7214,61.2194,5.5172,18.85,19,0,3,0,0,0,0,0,,
8a2e8a4e-e046-4d4e-8a66-18e78e7f1a81,Wallis Orchard DEC USPSA Match,2025-12-21,4,Bay 4 Tk33,8a370d9f-635a-45e8-9d91-9dfacd2b37f6,Virak Meas,66,54.10,34,55.56,Limited Optics,C,O,MINOR,Senior,61.1136,59.5139,5.3635,16.78,17,0,5,0,0,0,1,0,,
8a2e8a4e-e046-4d4e-8a66-18e78e7f1a81,Wallis Orchard DEC USPSA Match,2025-12-21,4,Bay 4 Tk33,8a370d9f-635a-45e8-9d91-9dfacd2b37f6,Keith Bowman Jr,67,53.99,35,55.44,Limited Optics,C,A157830,MINOR,,60.9894,59.3929,5.3526,15.88,16,0,5,0,1,0,0,0,,
8a2e8a4e-e046-4d4e-8a66-18e78e7f1a81,Wallis Orchard DEC USPSA Match,2025-12-21,4,Bay 4 Tk33,8a370d9f-635a-45e8-9d91-9dfacd2b37f6,Matthew Gonzalez,68,53.64,10,60.22,Carry Optics,B,A119810,MINOR,,66.2377,59.0068,5.3178,16.36,18,0,2,1,1,0,0,0,,
8a2e8a4e-e046-4d4e-8a66-18e78e7f1a81,Wallis Orchard DEC USPSA Match,2025-12-21,4,Bay 4 Tk33,8a370d9f-635a-45e8-9d91-9dfacd2b37f6,Luke Kwan,69,53.62,13,53.62,Open,C,A152338,MINOR,,58.9791,58.9791,5.3153,19.19,19,0,2,1,0,0,0,0,,
8a2e8a4e-e046-4d4e-8a66-18e78e7f1a81,Wallis Orchard DEC USPSA Match,2025-12-21,4,Bay 4 Tk33,8a370d9f-635a-45e8-9d91-9dfacd2b37f6,Anderson Nguyen,70,52.72,36,54.14,Limited Optics,A,A150974,MINOR,,59.5549,57.9959,5.2267,15.88,16,0,4,1,1,0,0,0,,
8a2e8a4e-e046-4d4e-8a66-18e78e7f1a81,Wallis Orchard DEC USPSA Match,2025-12-21,4,Bay 4 Tk33,8a370d9f-635a-45e8-9d91-9dfacd2b37f6,Raul Rios,71,52.31,11,58.72,Carry Optics,B,A171634,MINOR,,64.5910,57.5399,5.1856,16.97,12,0,9,1,0,0,0,0,,
8a2e8a4e-e046-4d4e-8a66-18e78e7f1a81,Wallis Orchard DEC USPSA Match,2025-12-21,4,Bay 4 Tk33,8a370d9f-635a-45e8-9d91-9dfacd2b37f6,Paul Beavers,72,52.11,12,58.49,Carry Optics,B,A123776,MINOR,,64.3444,57.3202,5.1658,12.97,9,0,10,2,1,0,0,0,,
8a2e8a4e-e046-4d4e-8a66-18e78e7f1a81,Wallis Orchard DEC USPSA Match,2025-12-21,4,Bay 4 Tk33,8a370d9f-635a-45e8-9d91-9dfacd2b37f6,Jessica Zhang,73,49.33,13,55.38,Carry Optics,U,,MINOR,,60.9140,54.2643,4.8904,17.79,17,0,4,0,1,0,0,0,,
8a2e8a4e-e046-4d4e-8a66-18e78e7f1a81,Wallis Orchard DEC USPSA Match,2025-12-21,4,Bay 4 Tk33,8a370d9f-635a-45e8-9d91-9dfacd2b37f6,Garrick Gonzalez,74,48.84,37,50.15,Limited Optics,C,A119804,MINOR,,55.1692,53.7251,4.8418,15.49,17,0,3,1,1,0,1,0,,
8a2e8a4e-e046-4d4e-8a66-18e78e7f1a81,Wallis Orchard DEC USPSA Match,2025-12-21,4,Bay 4 Tk33,8a370d9f-635a-45e8-9d91-9dfacd2b37f6,Victor Chapa,75,48.75,38,50.06,Limited Optics,U,A160745,MINOR,Law Enforcement,55.0712,53.6296,4.8332,14.69,14,0,7,0,1,0,1,0,,
8a2e8a4e-e046-4d4e-8a66-18e78e7f1a81,Wallis Orchard DEC USPSA Match,2025-12-21,4,Bay 4 Tk33,8a370d9f-635a-45e8-9d91-9dfacd2b37f6,JJ Ratliff,76,48.15,2,69.19,Limited,D,A172706,MAJOR,Lady,76.1066,52.9639,4.7732,21.16,15,0,6,1,0,0,0,0,,
8a2e8a4e-e046-4d4e-8a66-18e78e7f1a81,Wallis Orchard DEC USPSA Match,2025-12-21,4,Bay 4 Tk33,8a370d9f-635a-45e8-9d91-9dfacd2b37f6,Alexandria Farrar,77,48.15,14,54.05,Carry Optics,U,A165859,MINOR,Lady; Law Enforcement,59.4505,52.9605,4.7729,17.39,15,0,6,0,1,0,0,0,,
8a2e8a4e-e046-4d4e-8a66-18e78e7f1a81,Wallis Orchard DEC USPSA Match,2025-12-21,4,Bay 4 Tk33,8a370d9f-635a-45e8-9d91-9dfacd2b37f6,Jeannie Marrone,78,47.21,14,47.21,Open,C,TY133357,MAJOR,Lady; Super Senior,51.9264,51.9264,4.6797,22.01,17,0,4,1,0,0,0,0,,
8a2e8a4e-e046-4d4e-8a66-18e78e7f1a81,Wallis Orchard DEC USPSA Match,2025-12-21,4,Bay 4 Tk33,8a370d9f-635a-45e8-9d91-9dfacd2b37f6,chris bulkley,79,46.59,15,52.29,Carry Optics,B,A159469,MINOR,,57.5236,51.2440,4.6182,16.24,12,0,8,1,1,0,0,0,,
8a2e8a4e-e046-4d4e-8a66-18e78e7f1a81,Wallis Orchard DEC USPSA Match,2025-12-21,4,Bay 4 Tk33,8a370d9f-635a-45e8-9d91-9dfacd2b37f6,michael womack,80,45.72,39,46.95,Limited Optics,B,A166212,MINOR,,51.6404,50.2886,4.5321,16.99,14,0,5,2,1,0,0,0,,
8a2e8a4e-e046-4d4e-8a66-18e78e7f1a81,Wallis Orchard DEC USPSA Match,2025-12-21,4,Bay 4 Tk33,8a370d9f-635a-45e8-9d91-9dfacd2b37f6,"Byron ""BigBDaShooter"" McGowen",81,43.13,40,44.29,Limited Optics,C,A159731,MINOR,Military,48.7211,47.4458,4.2759,17.54,21,0,0,0,1,0,2,0,,
8a2e8a4e-e046-4d4e-8a66-18e78e7f1a81,Wallis Orchard DEC USPSA Match,2025-12-21,4,Bay 4 Tk33,8a370d9f-635a-45e8-9d91-9dfacd2b37f6,Grant Nixon,82,41.89,16,47.02,Carry Optics,B,A172934,MINOR,,51.7266,46.0799,4.1528,18.06,16,0,5,0,1,0,1,0,,
8a2e8a4e-e046-4d4e-8a66-18e78e7f1a81,Wallis Orchard DEC USPSA Match,2025-12-21,4,Bay 4 Tk33,8a370d9f-635a-45e8-9d91-9dfacd2b37f6,Ernie Morales,83,41.16,41,42.27,Limited Optics,B,A169705,MINOR,,46.4935,45.2765,4.0804,15.93,8,0,11,2,1,0,0,0,,
8a2e8a4e-e046-4d4e-8a66-18e78e7f1a81,Wallis Orchard DEC USPSA Match,2025-12-21,4,Bay 4 Tk33,8a370d9f-635a-45e8-9d91-9dfacd2b37f6,Travis McKenzie,84,39.22,42,40.27,Limited Optics,M,L6340,MINOR,,44.3001,43.1405,3.8879,11.06,14,0,4,1,3,0,1,0,,
8a2e8a4e-e046-4d4e-8a66-18e78e7f1a81,Wallis Orchard DEC USPSA Match,2025-12-21,4,Bay 4 Tk33,8a370d9f-635a-45e8-9d91-9dfacd2b37f6,Will Allen,85,36.36,43,37.34,Limited Optics,U,A128231,MINOR,,41.0732,39.9981,3.6047,16.09,14,0,6,0,2,0,0,1,,
8a2e8a4e-e046-4d4e-8a66-18e78e7f1a81,Wallis Orchard DEC USPSA Match,2025-12-21,4,Bay 4 Tk33,8a370d9f-635a-45e8-9d91-9dfacd2b37f6,Kevin Baker,86,32.90,44,33.78,Limited Optics,C,,MINOR,,37.1604,36.1877,3.2613,26.37,16,0,5,1,0,0,1,0,,
8a2e8a4e-e046-4d4e-8a66-18e78e7f1a81,Wallis Orchard DEC USPSA Match,2025-12-21,4,Bay 4 Tk33,8a370d9f-635a-45e8-9d91-9dfacd2b37f6,Napoleon Lewis,87,31.64,17,35.51,Carry Optics,U,,MINOR,Senior; Military,39.0640,34.7996,3.1362,22.32,15,0,5,0,2,0,0,0,,
8a2e8a4e-e046-4d4e-8a66-18e78e7f1a81,Wallis Orchard DEC USPSA Match,2025-12-21,4,Bay 4 Tk33,8a370d9f-635a-45e8-9d91-9dfacd2b37f6,Andrew Quintana,88,30.62,45,31.44,Limited Optics,B,A175263,MINOR,,34.5887,33.6833,3.0356,11.53,12,0,4,3,3,0,0,1,,
8a2e8a4e-e046-4d4e-8a66-18e78e7f1a81,Wallis Orchard DEC USPSA Match,2025-12-21,4,Bay 4 Tk33,8a370d9f-635a-45e8-9d91-9dfacd2b37f6,Gilbert Carrillo,89,29.11,46,29.89,Limited Optics,C,A162029,MINOR,,32.8807,32.0200,2.8857,18.02,9,0,8,3,2,0,0,0,,
8a2e8a4e-e046-4d4e-8a66-18e78e7f1a81,Wallis Orchard DEC USPSA Match,2025-12-21,4,Bay 4 Tk33,8a370d9f-635a-45e8-9d91-9dfacd2b37f6,Jose Lopez,90,27.82,18,31.23,Carry Optics,U,A173303,MINOR,,34.3557,30.6052,2.7582,17.04,15,0,4,0,3,0,0,1,,
8a2e8a4e-e046-4d4e-8a66-18e78e7f1a81,Wallis Orchard DEC USPSA Match,2025-12-21,4,Bay 4 Tk33,8a370d9f-635a-45e8-9d91-9dfacd2b37f6,Ian Doskocil,91,0.00,19,0.00,Carry Optics,B,A175018,MINOR,,0.0000,0.0000,,,,,×0.23,×0.45,×1.70,,×1.13,,,12.46
8a2e8a4e-e046-4d4e-8a66-18e78e7f1a81,Wallis Orchard DEC USPSA Match,2025-12-21,5,Bay 5 Tk34,8e855484-374c-4fb8-83fc-ebe3c6c0f019,Vinh Lam,1,100.00,1,100.00,Limited Optics,M,Ty101025,MINOR,,160.0000,160.0000,8.4282,17.56,26,0,6,0,0,0,0,0,,
8a2e8a4e-e046-4d4e-8a66-18e78e7f1a81,Wallis Orchard DEC USPSA Match,2025-12-21,5,Bay 5 Tk34,8e855484-374c-4fb8-83fc-ebe3c6c0f019,Zvi Davidoff,2,99.14,1,100.00,Open,U,X,MAJOR,,160.0000,158.6237,8.3557,18.67,28,0,4,0,0,0,0,0,,
8a2e8a4e-e046-4d4e-8a66-18e78e7f1a81,Wallis Orchard DEC USPSA Match,2025-12-21,5,Bay 5 Tk34,8e855484-374c-4fb8-83fc-ebe3c6c0f019,Jacob Tullis,3,95.73,2,95.73,Limited Optics,M,A140523,MINOR,,153.1734,153.1734,8.0686,19.83,32,0,0,0,0,0,0,0,,
8a2e8a4e-e046-4d4e-8a66-18e78e7f1a81,Wallis Orchard DEC USPSA Match,2025-12-21,5,Bay 5 Tk34,8e855484-374c-4fb8-83fc-ebe3c6c0f019,Wade Pruetz,4,95.37,3,95.37,Limited Optics,U,Ty79055,MINOR,Senior,152.5849,152.5849,8.0376,19.16,29,0,3,0,0,0,0,0,,
8a2e8a4e-e046-4d4e-8a66-18e78e7f1a81,Wallis Orchard DEC USPSA Match,2025-12-21,5,Bay 5 Tk34,8e855484-374c-4fb8-83fc-ebe3c6c0f019,Mel Rodero II,5,95.27,2,96.09,Open,GM,B100,MAJOR,Senior,153.7480,152.4254,8.0292,19.18,26,0,6,0,0,0,0,0,,
8a2e8a4e-e046-4d4e-8a66-18e78e7f1a81,Wallis Orchard DEC USPSA Match,2025-12-21,5,Bay 5 Tk34,8e855484-374c-4fb8-83fc-ebe3c6c0f019,Phillip Nguyen,6,93.03,4,93.03,Limited Optics,M,TY152423,MINOR,,148.8527,148.8527,7.8410,18.62,25,0,7,0,0,0,0,0,,
8a2e8a4e-e046-4d4e-8a66-18e78e7f1a81,Wallis Orchard DEC USPSA Match,2025-12-21,5,Bay 5 Tk34,8e855484-374c-4fb8-83fc-ebe3c6c0f019,Albert Montanez,7,92.56,1,100.00,PCC,M,TY101554,MINOR,,160.0000,148.1009,7.8014,19.74,29,0,3,0,0,0,0,0,,
8a2e8a4e-e046-4d4e-8a66-18e78e7f1a81,Wallis Orchard DEC USPSA Match,2025-12-21,5,Bay 5 Tk34,8e855484-374c-4fb8-83fc-ebe3c6c0f019,John Ren,8,90.63,1,100.00,Carry Optics,B,A168570,MINOR,,160.0000,145.0027,7.6382,19.90,28,0,4,0,0,0,0,0,,
8a2e8a4e-e046-4d4e-8a66-18e78e7f1a81,Wallis Orchard DEC USPSA Match,2025-12-21,5,Bay 5 Tk34,8e855484-374c-4fb8-83fc-ebe3c6c0f019,Will Goglas,9,90.56,3,91.34,Open,B,A154790,MAJOR,,146.1517,144.8945,7.6325,20.57,29,0,3,0,0,0,0,0,,
8a2e8a4e-e046-4d4e-8a66-18e78e7f1a81,Wallis Orchard DEC USPSA Match,2025-12-21,5,Bay 5 Tk34,8e855484-374c-4fb8-83fc-ebe3c6c0f019,Adriel Taylor,10,90.46,4,91.25,Open,B,A104322,MAJOR,,145.9985,144.7426,7.6245,19.28,23,0,7,2,0,0,0,0,,
8a2e8a4e-e046-4d4e-8a66-18e78e7f1a81,Wallis Orchard DEC USPSA Match,2025-12-21,5,Bay 5 Tk34,8e855484-374c-4fb8-83fc-ebe3c6c0f019,Heath Helgeson,11,89.85,5,89.85,Limited Optics,A,a149129,MINOR,,143.7612,143.7612,7.5728,20.60,30,0,2,0,0,0,0,0,,
8a2e8a4e-e046-4d4e-8a66-18e78e7f1a81,Wallis Orchard DEC USPSA Match,2025-12-21,5,Bay 5 Tk34,8e855484-374c-4fb8-83fc-ebe3c6c0f019,Michael Hanover,12,89.57,6,89.57,Limited Optics,M,Ty146302,MINOR,,143.3113,143.3113,7.5491,19.87,27,0,5,0,0,0,0,0,,
8a2e8a4e-e046-4d4e-8a66-18e78e7f1a81,Wallis Orchard DEC USPSA Match,2025-12-21,5,Bay 5 Tk34,8e855484-374c-4fb8-83fc-ebe3c6c0f019,Andrew Whitley,13,89.29,5,90.06,Open,A,TY106649,MAJOR,,144.0990,142.8594,7.5253,20.73,28,0,4,0,0,0,0,0,,
8a2e8a4e-e046-4d4e-8a66-18e78e7f1a81,Wallis Orchard DEC USPSA Match,2025-12-21,5,Bay 5 Tk34,8e855484-374c-4fb8-83fc-ebe3c6c0f019,Anthony Giuliano,14,88.61,2,97.77,Carry Optics,M,A152263,MINOR,Law Enforcement,156.4348,141.7717,7.4680,19.55,26,0,5,1,0,0,0,0,,
8a2e8a4e-e046-4d4e-8a66-18e78e7f1a81,Wallis Orchard DEC USPSA Match,2025-12-21,5,Bay 5 Tk34,8e855484-374c-4fb8-83fc-ebe3c6c0f019,Rob Layton,15,87.59,7,87.59,Limited Optics,B,L6445,MINOR,Law Enforcement,140.1372,140.1372,7.3819,20.32,28,0,3,1,0,0,0,0,,
8a2e8a4e-e046-4d4e-8a66-18e78e7f1a81,Wallis Orchard DEC USPSA Match,2025-12-21,5,Bay 5 Tk34,8e855484-374c-4fb8-83fc-ebe3c6c0f019,David Warren,16,87.13,8,87.13,Limited Optics,M,TY40917,MINOR,Senior,139.4139,139.4139,7.3438,20.97,30,0,1,1,0,0,0,0,,
8a2e8a4e-e046-4d4e-8a66-18e78e7f1a81,Wallis Orchard DEC USPSA Match,2025-12-21,5,Bay 5 Tk34,8e855484-374c-4fb8-83fc-ebe3c6c0f019,Duane Mendoza,17,86.50,9,86.50,Limited Optics,C,X,MINOR,Junior,138.3963,138.3963,7.2902,20.85,28,0,4,0,0,0,0,0,,
8a2e8a4e-e046-4d4e-8a66-18e78e7f1a81,Wallis Orchard DEC USPSA Match,2025-12-21,5,Bay 5 Tk34,8e855484-374c-4fb8-83fc-ebe3c6c0f019,Waldo Samano,18,85.89,10,85.89,Limited Optics,A,TY87973,MINOR,,137.4244,137.4244,7.2390,21.55,30,0,2,0,0,0,0,0,,
8a2e8a4e-e046-4d4e-8a66-18e78e7f1a81,Wallis Orchard DEC USPSA Match,2025-12-21,5,Bay 5 Tk34,8e855484-374c-4fb8-83fc-ebe3c6c0f019,Budd Ratliff,19,85.80,11,85.80,Limited Optics,B,A167811,MINOR,Law Enforcement,137.2744,137.2744,7.2311,21.85,31,0,1,0,0,0,0,0,,
8a2e8a4e-e046-4d4e-8a66-18e78e7f1a81,Wallis Orchard DEC USPSA Match,2025-12-21,5,Bay 5 Tk34,8e855484-374c-4fb8-83fc-ebe3c6c0f019,Jack Liu,20,85.34,2,92.20,PCC,M,L6156,MINOR,Law Enforcement,147.5202,136.5492,7.1929,21.41,29,0,3,0,0,0,0,0,,
8a2e8a4e-e046-4d4e-8a66-18e78e7f1a81,Wallis Orchard DEC USPSA Match,2025-12-21,5,Bay 5 Tk34,8e855484-374c-4fb8-83fc-ebe3c6c0f019,FRANCIS NGUYEN,21,85.25,12,85.25,Limited Optics,U,A169979,MINOR,,136.3992,136.3992,7.1850,20.32,27,0,3,2,0,0,0,0,,
8a2e8a4e-e046-4d4e-8a66-18e78e7f1a81,Wallis Orchard DEC USPSA Match,2025-12-21,5,Bay 5 Tk34,8e855484-374c-4fb8-83fc-ebe3c6c0f019,Colin Kerrigan,22,83.61,3,92.26,Carry Optics,M,A142731,MINOR,,147.6117,133.7757,7.0468,21.57,28,0,4,0,0,0,0,0,,
8a2e8a4e-e046-4d4e-8a66-18e78e7f1a81,Wallis Orchard DEC USPSA Match,2025-12-21,5,Bay 5 Tk34,8e855484-374c-4fb8-83fc-ebe3c6c0f019,Marco Yue,23,83.28,13,83.28,Limited Optics,B,L5762,MINOR,,133.2517,133.2517,7.0192,21.37,27,0,5,0,0,0,0,0,,
8a2e8a4e-e046-4d4e-8a66-18e78e7f1a81,Wallis Orchard DEC USPSA Match,2025-12-21,5,Bay 5 Tk34,8e855484-374c-4fb8-83fc-ebe3c6c0f019,Jim Havens,24,82.89,14,82.89,Limited Optics,M,A114636,MINOR,Senior,132.6233,132.6233,6.9861,22.33,30,0,2,0,0,0,0,0,,
8a2e8a4e-e046-4d4e-8a66-18e78e7f1a81,Wallis Orchard DEC USPSA Match,2025-12-21,5,Bay 5 Tk34,8e855484-374c-4fb8-83fc-ebe3c6c0f019,Tyler Kenny,25,81.73,15,81.73,Limited Optics,B,A148691,MINOR,,130.7629,130.7629,6.8881,20.47,29,0,2,0,1,0,0,0,,
8a2e8a4e-e046-4d4e-8a66-18e78e7f1a81,Wallis Orchard DEC USPSA Match,2025-12-21,5,Bay 5 Tk34,8e855484-374c-4fb8-83fc-ebe3c6c0f019,Stormtrooper Qian,26,81.15,16,81.15,Limited Optics,B,A150939,MINOR,,129.8327,129.8327,6.8391,22.81,31,0,0,1,0,0,0,0,,
8a2e8a4e-e046-4d4e-8a66-18e78e7f1a81,Wallis Orchard DEC USPSA Match,2025-12-21,5,Bay 5 Tk34,8e855484-374c-4fb8-83fc-ebe3c6c0f019,Michael Whitley,27,80.82,6,81.52,Open,A,A111091,MAJOR,,130.4346,129.3125,6.8117,21.14,30,0,1,0,1,0,0,0,,
8a2e8a4e-e046-4d4e-8a66-18e78e7f1a81,Wallis Orchard DEC USPSA Match,2025-12-21,5,Bay 5 Tk34,8e855484-374c-4fb8-83fc-ebe3c6c0f019,Matthew Gonzalez,28,80.73,4,89.08,Carry Optics,B,A119810,MINOR,,142.5236,129.1645,6.8039,22.34,29,0,2,1,0,0,0,0,,
8a2e8a4e-e046-4d4e-8a66-18e78e7f1a81,Wallis Orchard DEC USPSA Match,2025-12-21,5,Bay 5 Tk34,8e855484-374c-4fb8-83fc-ebe3c6c0f019,Jason Wells,29,80.08,3,86.52,PCC,B,L5218,MINOR,,138.4285,128.1336,6.7496,22.52,29,0,2,1,0,0,0,0,,
8a2e8a4e-e046-4d4e-8a66-18e78e7f1a81,Wallis Orchard DEC USPSA Match,2025-12-21,5,Bay 5 Tk34,8e855484-374c-4fb8-83fc-ebe3c6c0f019,Anderson Nguyen,30,79.72,17,79.72,Limited Optics,A,A150974,MINOR,,127.5527,127.5527,6.7190,22.92,29,0,3,0,0,0,0,0,,
8a2e8a4e-e046-4d4e-8a66-18e78e7f1a81,Wallis Orchard DEC USPSA Match,2025-12-21,5,Bay 5 Tk34,8e855484-374c-4fb8-83fc-ebe3c6c0f019,Jesse Harrington,31,79.34,18,79.34,Limited Optics,,A153046,MINOR,,126.9396,126.9396,6.6867,23.33,30,0,2,0,0,0,0,0,,
8a2e8a4e-e046-4d4e-8a66-18e78e7f1a81,Wallis Orchard DEC USPSA Match,2025-12-21,5,Bay 5 Tk34,8e855484-374c-4fb8-83fc-ebe3c6c0f019,Andre Wijaya,32,79.17,19,79.17,Limited Optics,U,A175473,MINOR,,126.6681,126.6681,6.6724,23.08,29,0,3,0,0,0,0,0,,
8a2e8a4e-e046-4d4e-8a66-18e78e7f1a81,Wallis Orchard DEC USPSA Match,2025-12-21,5,Bay 5 Tk34,8e855484-374c-4fb8-83fc-ebe3c6c0f019,Travis McKenzie,33,79.17,20,79.17,Limited Optics,M,L6340,MINOR,,126.6643,126.6643,6.6722,23.98,32,0,0,0,0,0,0,0,,
8a2e8a4e-e046-4d4e-8a66-18e78e7f1a81,Wallis Orchard DEC USPSA Match,2025-12-21,5,Bay 5 Tk34,8e855484-374c-4fb8-83fc-ebe3c6c0f019,Jorge Cahas,34,78.70,7,79.39,Open,B,F-44522,MAJOR,Senior,127.0184,125.9258,6.6333,23.97,31,0,1,0,0,0,0,0,,
8a2e8a4e-e046-4d4e-8a66-18e78e7f1a81,Wallis Orchard DEC USPSA Match,2025-12-21,5,Bay 5 Tk34,8e855484-374c-4fb8-83fc-ebe3c6c0f019,Gabriel Nguyen,35,78.32,5,86.42,Carry Optics,A,A163845,MINOR,,138.2776,125.3164,6.6012,22.42,26,0,6,0,0,0,0,0,,
8a2e8a4e-e046-4d4e-8a66-18e78e7f1a81,Wallis Orchard DEC USPSA Match,2025-12-21,5,Bay 5 Tk34,8e855484-374c-4fb8-83fc-ebe3c6c0f019,Albert Legislador,36,77.53,4,83.76,PCC,B,TY91787,MINOR,Senior,134.0129,124.0464,6.5343,24.18,31,0,1,0,0,0,0,0,,
8a2e8a4e-e046-4d4e-8a66-18e78e7f1a81,Wallis Orchard DEC USPSA Match,2025-12-21,5,Bay 5 Tk34,8e855484-374c-4fb8-83fc-ebe3c6c0f019,Harlan Chen,37,77.45,21,77.45,Limited Optics,B,A163292,MINOR,,123.9268,123.9268,6.5280,20.68,26,0,5,0,1,0,0,0,,
8a2e8a4e-e046-4d4e-8a66-18e78e7f1a81,Wallis Orchard DEC USPSA Match,2025-12-21,5,Bay 5 Tk34,8e855484-374c-4fb8-83fc-ebe3c6c0f019,Shaundy Pepito,38,76.56,8,77.23,Open,B,Ty163589,MAJOR,,123.5640,122.5011,6.4529,24.64,31,0,1,0,0,0,0,0,,
8a2e8a4e-e046-4d4e-8a66-18e78e7f1a81,Wallis Orchard DEC USPSA Match,2025-12-21,5,Bay 5 Tk34,8e855484-374c-4fb8-83fc-ebe3c6c0f019,Gary Wu,39,76.38,22,76.38,Limited Optics,B,L2998,MINOR,Senior,122.2145,122.2145,6.4378,23.30,27,0,5,0,0,0,0,0,,
8a2e8a4e-e046-4d4e-8a66-18e78e7f1a81,Wallis Orchard DEC USPSA Match,2025-12-21,5,Bay 5 Tk34,8e855484-374c-4fb8-83fc-ebe3c6c0f019,Eduardo Cantu,40,76.16,9,76.82,Open,B,A164104,MAJOR,,122.9130,121.8557,6.4189,23.68,24,0,8,0,0,0,0,0,,
8a2e8a4e-e046-4d4e-8a66-18e78e7f1a81,Wallis Orchard DEC USPSA Match,2025-12-21,5,Bay 5 Tk34,8e855484-374c-4fb8-83fc-ebe3c6c0f019,Jerry Bedro,41,75.24,23,75.24,Limited Optics,B,A98263,MINOR,,120.3901,120.3901,6.3417,25.23,32,0,0,0,0,0,0,0,,
8a2e8a4e-e046-4d4e-8a66-18e78e7f1a81,Wallis Orchard DEC USPSA Match,2025-12-21,5,Bay 5 Tk34,8e855484-374c-4fb8-83fc-ebe3c6c0f019,Kevin Bunurai,42,75.18,24,75.18,Limited Optics,U,TY105111,MINOR,,120.2952,120.2952,6.3367,21.62,27,0,4,0,1,0,0,0,,
8a2e8a4e-e046-4d4e-8a66-18e78e7f1a81,Wallis Orchard DEC USPSA Match,2025-12-21,5,Bay 5 Tk34,8e855484-374c-4fb8-83fc-ebe3c6c0f019,Roger Feng,43,74.76,6,82.50,Carry Optics,A,A157776,MINOR,,131.9955,119.6232,6.3013,23.17,26,0,5,1,0,0,0,0,,
8a2e8a4e-e046-4d4e-8a66-18e78e7f1a81,Wallis Orchard DEC USPSA Match,2025-12-21,5,Bay 5 Tk34,8e855484-374c-4fb8-83fc-ebe3c6c0f019,Adam Bandiera,44,74.65,10,75.30,Open,U,A148375,MAJOR,,120.4792,119.4428,6.2918,22.41,27,0,4,0,1,0,0,0,,
8a2e8a4e-e046-4d4e-8a66-18e78e7f1a81,Wallis Orchard DEC USPSA Match,2025-12-21,5,Bay 5 Tk34,8e855484-374c-4fb8-83fc-ebe3c6c0f019,Khoa Nguyen,45,74.33,1,100.00,Limited,A,A117224,MAJOR,Law Enforcement,160.0000,118.9322,6.2649,25.22,30,0,2,0,0,0,0,0,,
8a2e8a4e-e046-4d4e-8a66-18e78e7f1a81,Wallis Orchard DEC USPSA Match,2025-12-21,5,Bay 5 Tk34,8e855484-374c-4fb8-83fc-ebe3c6c0f019,Ryan Jaw,46,73.64,25,73.64,Limited Optics,U,TY142907,MINOR,,117.8235,117.8235,6.2065,18.69,23,0,7,0,2,0,0,0,,
8a2e8a4e-e046-4d4e-8a66-18e78e7f1a81,Wallis Orchard DEC USPSA Match,2025-12-21,5,Bay 5 Tk34,8e855484-374c-4fb8-83fc-ebe3c6c0f019,Eric Wu,47,72.10,26,72.10,Limited Optics,B,FY104740,MINOR,,115.3670,115.3670,6.0771,25.67,30,0,2,0,0,0,0,0,,
8a2e8a4e-e046-4d4e-8a66-18e78e7f1a81,Wallis Orchard DEC USPSA Match,2025-12-21,5,Bay 5 Tk34,8e855484-374c-4fb8-83fc-ebe3c6c0f019,Chez Chike-Udenze,48,71.99,27,71.99,Limited Optics,GM,A138598,MINOR,,115.1771,115.1771,6.0671,23.24,29,0,2,0,1,0,0,0,,
8a2e8a4e-e046-4d4e-8a66-18e78e7f1a81,Wallis Orchard DEC USPSA Match,2025-12-21,5,Bay 5 Tk34,8e855484-374c-4fb8-83fc-ebe3c6c0f019,Brandon Foss,49,70.82,7,78.15,Carry Optics,M,L5142,MINOR,,125.0347,113.3148,5.9690,25.80,30,0,1,1,0,0,0,0,,
8a2e8a4e-e046-4d4e-8a66-18e78e7f1a81,Wallis Orchard DEC USPSA Match,2025-12-21,5,Bay 5 Tk34,8e855484-374c-4fb8-83fc-ebe3c6c0f019,Matthew Givens,50,69.55,5,75.14,PCC,A,Ty137686,MINOR,,120.2287,111.2873,5.8622,26.27,29,0,3,0,0,0,0,0,,
8a2e8a4e-e046-4d4e-8a66-18e78e7f1a81,Wallis Orchard DEC USPSA Match,2025-12-21,5,Bay 5 Tk34,8e855484-374c-4fb8-83fc-ebe3c6c0f019,Benton Warren,51,69.53,6,75.11,PCC,B,A170225,MINOR,Military,120.1836,111.2456,5.8600,26.28,29,0,3,0,0,0,0,0,,
8a2e8a4e-e046-4d4e-8a66-18e78e7f1a81,Wallis Orchard DEC USPSA Match,2025-12-21,5,Bay 5 Tk34,8e855484-374c-4fb8-83fc-ebe3c6c0f019,chris bulkley,52,69.30,8,76.47,Carry Optics,B,A159469,MINOR,,122.3534,110.8849,5.8410,27.05,31,0,1,0,0,0,0,0,,
8a2e8a4e-e046-4d4e-8a66-18e78e7f1a81,Wallis Orchard DEC USPSA Match,2025-12-21,5,Bay 5 Tk34,8e855484-374c-4fb8-83fc-ebe3c6c0f019,Marlon Pors,53,68.81,9,75.92,Carry Optics,C,Ty1234,MINOR,Law Enforcement,121.4799,110.0933,5.7993,26.90,30,0,2,0,0,0,0,0,,
8a2e8a4e-e046-4d4e-8a66-18e78e7f1a81,Wallis Orchard DEC USPSA Match,2025-12-21,5,Bay 5 Tk34,8e855484-374c-4fb8-83fc-ebe3c6c0f019,Paul Beavers,54,68.02,10,75.06,Carry Optics,B,A123776,MINOR,,120.0953,108.8384,5.7332,27.21,30,0,2,0,0,0,0,0,,
8a2e8a4e-e046-4d4e-8a66-18e78e7f1a81,Wallis Orchard DEC USPSA Match,2025-12-21,5,Bay 5 Tk34,8e855484-374c-4fb8-83fc-ebe3c6c0f019,"Jeff Maxwell, Jr.",55,67.53,11,74.52,Carry Optics,B,L4489,MINOR,Senior,119.2302,108.0544,5.6919,28.11,32,0,0,0,0,0,0,0,,
8a2e8a4e-e046-4d4e-8a66-18e78e7f1a81,Wallis Orchard DEC USPSA Match,2025-12-21,5,Bay 5 Tk34,8e855484-374c-4fb8-83fc-ebe3c6c0f019,Adrian Hernandez,56,67.07,28,67.07,Limited Optics,B,A87599,MINOR,Senior,107.3102,107.3102,5.6527,26.89,28,0,4,0,0,0,0,0,,
8a2e8a4e-e046-4d4e-8a66-18e78e7f1a81,Wallis Orchard DEC USPSA Match,2025-12-21,5,Bay 5 Tk34,8e855484-374c-4fb8-83fc-ebe3c6c0f019,Amber Chike-Udenze,57,66.86,7,72.23,PCC,B,A138974,MINOR,Lady,115.5669,106.9723,5.6349,25.91,25,0,7,0,0,0,0,0,,
8a2e8a4e-e046-4d4e-8a66-18e78e7f1a81,Wallis Orchard DEC USPSA Match,2025-12-21,5,Bay 5 Tk34,8e855484-374c-4fb8-83fc-ebe3c6c0f019,Victor Chapa,58,66.74,29,66.74,Limited Optics,U,A160745,MINOR,Law Enforcement,106.7787,106.7787,5.6247,23.29,24,0,7,0,1,0,0,0,,
8a2e8a4e-e046-4d4e-8a66-18e78e7f1a81,Wallis Orchard DEC USPSA Match,2025-12-21,5,Bay 5 Tk34,8e855484-374c-4fb8-83fc-ebe3c6c0f019,Janice Pacleb,59,66.23,11,66.80,Open,B,Tu75597,MAJOR,Lady,106.8799,105.9605,5.5816,27.77,27,0,5,0,0,0,0,0,,
8a2e8a4e-e046-4d4e-8a66-18e78e7f1a81,Wallis Orchard DEC USPSA Match,2025-12-21,5,Bay 5 Tk34,8e855484-374c-4fb8-83fc-ebe3c6c0f019,Phyl Santos,60,66.19,30,66.19,Limited Optics,A,A155981,MINOR,,105.9054,105.9054,5.5787,24.02,22,0,7,3,0,0,0,0,,
8a2e8a4e-e046-4d4e-8a66-18e78e7f1a81,Wallis Orchard DEC USPSA Match,2025-12-21,5,Bay 5 Tk34,8e855484-374c-4fb8-83fc-ebe3c6c0f019,Doug Joder,61,65.14,8,70.37,PCC,B,TY115020,MINOR,,112.5931,104.2196,5.4899,28.78,31,0,1,0,0,0,0,0,,
8a2e8a4e-e046-4d4e-8a66-18e78e7f1a81,Wallis Orchard DEC USPSA Match,2025-12-21,5,Bay 5 Tk34,8e855484-374c-4fb8-83fc-ebe3c6c0f019,Jose Onia,62,64.95,12,71.67,Carry Optics,A,X,MINOR,Senior,114.6720,103.9235,5.4743,21.19,28,0,2,0,2,0,0,1,,
8a2e8a4e-e046-4d4e-8a66-18e78e7f1a81,Wallis Orchard DEC USPSA Match,2025-12-21,5,Bay 5 Tk34,8e855484-374c-4fb8-83fc-ebe3c6c0f019,Cliff Pinsent,63,63.87,31,63.87,Limited Optics,B,FY99321,MINOR,Distinguished Senior,102.1846,102.1846,5.3827,28.61,29,0,3,0,0,0,0,0,,
8a2e8a4e-e046-4d4e-8a66-18e78e7f1a81,Wallis Orchard DEC USPSA Match,2025-12-21,5,Bay 5 Tk34,8e855484-374c-4fb8-83fc-ebe3c6c0f019,Yihao Zuo,64,63.60,32,63.60,Limited Optics,C,A165414,MINOR,,101.7650,101.7650,5.3606,25.93,29,0,1,1,1,0,0,0,,
8a2e8a4e-e046-4d4e-8a66-18e78e7f1a81,Wallis Orchard DEC USPSA Match,2025-12-21,5,Bay 5 Tk34,8e855484-374c-4fb8-83fc-ebe3c6c0f019,A Graham,65,63.54,33,63.54,Limited Optics,U,A170472,MINOR,Law Enforcement,101.6606,101.6606,5.3551,26.33,29,0,2,0,1,0,0,0,,
8a2e8a4e-e046-4d4e-8a66-18e78e7f1a81,Wallis Orchard DEC USPSA Match,2025-12-21,5,Bay 5 Tk34,8e855484-374c-4fb8-83fc-ebe3c6c0f019,Steven McNamara,66,63.16,34,63.16,Limited Optics,B,A75212,MINOR,Senior,101.0626,101.0626,5.3236,26.11,28,0,3,0,1,0,0,0,,
8a2e8a4e-e046-4d4e-8a66-18e78e7f1a81,Wallis Orchard DEC USPSA Match,2025-12-21,5,Bay 5 Tk34,8e855484-374c-4fb8-83fc-ebe3c6c0f019,Grant Nixon,67,62.84,13,69.34,Carry Optics,B,A172934,MINOR,,110.9434,100.5444,5.2963,30.21,32,0,0,0,0,0,0,0,,
8a2e8a4e-e046-4d4e-8a66-18e78e7f1a81,Wallis Orchard DEC USPSA Match,2025-12-21,5,Bay 5 Tk34,8e855484-374c-4fb8-83fc-ebe3c6c0f019,Jason Wilson,68,62.74,1,100.00,Limited 10,M,A94696,MAJOR,,160.0000,100.3830,5.2878,29.88,30,0,2,0,0,0,0,0,,
8a2e8a4e-e046-4d4e-8a66-18e78e7f1a81,Wallis Orchard DEC USPSA Match,2025-12-21,5,Bay 5 Tk34,8e855484-374c-4fb8-83fc-ebe3c6c0f019,Alexandria Farrar,69,61.55,14,67.92,Carry Optics,U,A165859,MINOR,Lady; Law Enforcement,108.6685,98.4827,5.1877,29.30,28,0,4,0,0,0,0,0,,
8a2e8a4e-e046-4d4e-8a66-18e78e7f1a81,Wallis Orchard DEC USPSA Match,2025-12-21,5,Bay 5 Tk34,8e855484-374c-4fb8-83fc-ebe3c6c0f019,Napoleon Lewis,70,59.65,15,65.82,Carry Optics,U,,MINOR,Senior; Military,105.3065,95.4358,5.0272,29.44,26,0,6,0,0,0,0,0,,
8a2e8a4e-e046-4d4e-8a66-18e78e7f1a81,Wallis Orchard DEC USPSA Match,2025-12-21,5,Bay 5 Tk34,8e855484-374c-4fb8-83fc-ebe3c6c0f019,"Byron ""BigBDaShooter"" McGowen",71,59.36,35,59.36,Limited Optics,C,A159731,MINOR,Military,94.9802,94.9802,5.0032,31.58,31,0,1,0,0,0,0,0,,
8a2e8a4e-e046-4d4e-8a66-18e78e7f1a81,Wallis Orchard DEC USPSA Match,2025-12-21,5,Bay 5 Tk34,8e855484-374c-4fb8-83fc-ebe3c6c0f019,Garrick Gonzalez,72,59.32,36,59.32,Limited Optics,C,A119804,MINOR,,94.9194,94.9194,5.0000,27.00,27,0,3,1,1,0,0,0,,
8a2e8a4e-e046-4d4e-8a66-18e78e7f1a81,Wallis Orchard DEC USPSA Match,2025-12-21,5,Bay 5 Tk34,8e855484-374c-4fb8-83fc-ebe3c6c0f019,Rudy Widiaman,73,58.48,37,58.48,Limited Optics,C,A155535,MINOR,,93.5678,93.5678,4.9288,27.39,26,0,5,0,1,0,0,0,,
8a2e8a4e-e046-4d4e-8a66-18e78e7f1a81,Wallis Orchard DEC USPSA Match,2025-12-21,5,Bay 5 Tk34,8e855484-374c-4fb8-83fc-ebe3c6c0f019,michael womack,74,57.22,38,57.22,Limited Optics,B,A166212,MINOR,,91.5479,91.5479,4.8224,26.75,24,0,6,1,1,0,0,0,,
8a2e8a4e-e046-4d4e-8a66-18e78e7f1a81,Wallis Orchard DEC USPSA Match,2025-12-21,5,Bay 5 Tk34,8e855484-374c-4fb8-83fc-ebe3c6c0f019,Jose Lopez,75,57.09,16,63.00,Carry Optics,U,A173303,MINOR,,100.7944,91.3467,4.8118,32.42,30,0,2,0,0,0,0,0,,
8a2e8a4e-e046-4d4e-8a66-18e78e7f1a81,Wallis Orchard DEC USPSA Match,2025-12-21,5,Bay 5 Tk34,8e855484-374c-4fb8-83fc-ebe3c6c0f019,Trevor Symons,76,56.23,12,56.71,Open,U,A172350,MINOR,,90.7414,89.9608,4.7388,32.92,30,0,2,0,0,0,0,0,,
8a2e8a4e-e046-4d4e-8a66-18e78e7f1a81,Wallis Orchard DEC USPSA Match,2025-12-21,5,Bay 5 Tk34,8e855484-374c-4fb8-83fc-ebe3c6c0f019,Ernie Morales,77,55.87,39,55.87,Limited Optics,B,A169705,MINOR,,89.3951,89.3951,4.7090,30.58,25,0,6,1,0,0,0,0,,
8a2e8a4e-e046-4d4e-8a66-18e78e7f1a81,Wallis Orchard DEC USPSA Match,2025-12-21,5,Bay 5 Tk34,8e855484-374c-4fb8-83fc-ebe3c6c0f019,Markho Babasoro,78,55.19,40,55.19,Limited Optics,U,A174757,MINOR,,88.3111,88.3111,4.6519,30.74,30,0,1,0,1,0,0,0,,
8a2e8a4e-e046-4d4e-8a66-18e78e7f1a81,Wallis Orchard DEC USPSA Match,2025-12-21,5,Bay 5 Tk34,8e855484-374c-4fb8-83fc-ebe3c6c0f019,Jeannie Marrone,79,54.07,13,54.54,Open,C,TY133357,MAJOR,Lady; Super Senior,87.2659,86.5153,4.5573,34.67,30,0,2,0,0,0,0,0,,
8a2e8a4e-e046-4d4e-8a66-18e78e7f1a81,Wallis Orchard DEC USPSA Match,2025-12-21,5,Bay 5 Tk34,8e855484-374c-4fb8-83fc-ebe3c6c0f019,Will Allen,80,53.67,41,53.67,Limited Optics,U,A128231,MINOR,,85.8679,85.8679,4.5232,32.72,28,0,2,2,0,0,0,0,,
8a2e8a4e-e046-4d4e-8a66-18e78e7f1a81,Wallis Orchard DEC USPSA Match,2025-12-21,5,Bay 5 Tk34,8e855484-374c-4fb8-83fc-ebe3c6c0f019,Kevin Baker,81,53.37,42,53.37,Limited Optics,C,,MINOR,,85.3857,85.3857,4.4978,33.35,27,0,5,0,0,0,0,0,,
8a2e8a4e-e046-4d4e-8a66-18e78e7f1a81,Wallis Orchard DEC USPSA Match,2025-12-21,5,Bay 5 Tk34,8e855484-374c-4fb8-83fc-ebe3c6c0f019,Luke Kwan,82,51.36,14,51.81,Open,C,A152338,MINOR,,82.8905,82.1775,4.3288,34.19,26,0,6,0,0,0,0,0,,
8a2e8a4e-e046-4d4e-8a66-18e78e7f1a81,Wallis Orchard DEC USPSA Match,2025-12-21,5,Bay 5 Tk34,8e855484-374c-4fb8-83fc-ebe3c6c0f019,Keith Bowman Jr,83,50.63,43,50.63,Limited Optics,C,A157830,MINOR,,81.0156,81.0156,4.2676,34.68,26,0,6,0,0,0,0,0,,
8a2e8a4e-e046-4d4e-8a66-18e78e7f1a81,Wallis Orchard DEC USPSA Match,2025-12-21,5,Bay 5 Tk34,8e855484-374c-4fb8-83fc-ebe3c6c0f019,Andrew Quintana,84,49.21,44,49.21,Limited Optics,B,A175263,MINOR,,78.7300,78.7300,4.1472,32.07,26,0,4,1,1,0,0,0,,
8a2e8a4e-e046-4d4e-8a66-18e78e7f1a81,Wallis Orchard DEC USPSA Match,2025-12-21,5,Bay 5 Tk34,8e855484-374c-4fb8-83fc-ebe3c6c0f019,Gilbert Carrillo,85,48.40,45,48.40,Limited Optics,C,A162029,MINOR,,77.4391,77.4391,4.0792,33.34,22,0,8,2,0,0,0,0,,
8a2e8a4e-e046-4d4e-8a66-18e78e7f1a81,Wallis Orchard DEC USPSA Match,2025-12-21,5,Bay 5 Tk34,8e855484-374c-4fb8-83fc-ebe3c6c0f019,JJ Ratliff,86,47.13,2,63.41,Limited,D,A172706,MAJOR,Lady,101.4567,75.4154,3.9726,38.01,23,0,9,0,0,0,0,0,,
8a2e8a4e-e046-4d4e-8a66-18e78e7f1a81,Wallis Orchard DEC USPSA Match,2025-12-21,5,Bay 5 Tk34,8e855484-374c-4fb8-83fc-ebe3c6c0f019,Virak Meas,87,46.63,46,46.63,Limited Optics,C,O,MINOR,Senior,74.6067,74.6067,3.9300,34.86,28,0,2,1,1,0,0,0,,
8a2e8a4e-e046-4d4e-8a66-18e78e7f1a81,Wallis Orchard DEC USPSA Match,2025-12-21,5,Bay 5 Tk34,8e855484-374c-4fb8-83fc-ebe3c6c0f019,Jessica Zhang,88,42.59,17,47.00,Carry Optics,U,,MINOR,,75.1926,68.1446,3.5896,35.38,23,0,7,1,1,0,0,0,,
8a2e8a4e-e046-4d4e-8a66-18e78e7f1a81,Wallis Orchard DEC USPSA Match,2025-12-21,5,Bay 5 Tk34,8e855484-374c-4fb8-83fc-ebe3c6c0f019,Raul Rios,89,25.62,18,28.27,Carry Optics,B,A171634,MINOR,,45.2337,40.9938,2.1594,25.47,23,0,3,1,5,0,0,2,,
8a2e8a4e-e046-4d4e-8a66-18e78e7f1a81,Wallis Orchard DEC USPSA Match,2025-12-21,5,Bay 5 Tk34,8e855484-374c-4fb8-83fc-ebe3c6c0f019,Ian Doskocil,90,0.00,19,0.00,Carry Optics,B,A175018,MINOR,,0.0000,0.0000,,,,,×0.26,×0.52,×1.96,,×1.31,,,20.95
8a2e8a4e-e046-4d4e-8a66-18e78e7f1a81,Wallis Orchard DEC USPSA Match,2025-12-21,5,Bay 5 Tk34,8e855484-374c-4fb8-83fc-ebe3c6c0f019,randy callison,91,0.00,9,0.00,PCC,A,A14418,MINOR,,0.0000,0.0000,0.0000,32.01,10,0,4,0,18,0,0,0,,
8a2e8a4e-e046-4d4e-8a66-18e78e7f1a81,Wallis Orchard DEC USPSA Match,2025-12-21,6,Bay 6 No Wsb,3bb87cb0-03cc-49e4-8090-fa2eca61d9ea,Michael Hanover,1,100.00,1,100.00,Limited Optics,M,Ty146302,MINOR,,110.0000,110.0000,8.2274,13.37,22,0,0,0,0,0,0,0,,
8a2e8a4e-e046-4d4e-8a66-18e78e7f1a81,Wallis Orchard DEC USPSA Match,2025-12-21,6,Bay 6 No Wsb,3bb87cb0-03cc-49e4-8090-fa2eca61d9ea,Will Goglas,2,99.90,1,100.00,Open,B,A154790,MAJOR,,110.0000,109.8904,8.2192,13.14,20,0,2,0,0,0,0,0,,
8a2e8a4e-e046-4d4e-8a66-18e78e7f1a81,Wallis Orchard DEC USPSA Match,2025-12-21,6,Bay 6 No Wsb,3bb87cb0-03cc-49e4-8090-fa2eca61d9ea,Mel Rodero II,3,98.27,2,98.36,Open,GM,B100,MAJOR,Senior,108.2013,108.0934,8.0848,12.74,17,0,4,1,0,0,0,0,,
8a2e8a4e-e046-4d4e-8a66-18e78e7f1a81,Wallis Orchard DEC USPSA Match,2025-12-21,6,Bay 6 No Wsb,3bb87cb0-03cc-49e4-8090-fa2eca61d9ea,Vinh Lam,4,97.89,2,97.89,Limited Optics,M,Ty101025,MINOR,,107.6776,107.6776,8.0537,11.92,16,0,5,1,0,0,0,0,,
8a2e8a4e-e046-4d4e-8a66-18e78e7f1a81,Wallis Orchard DEC USPSA Match,2025-12-21,6,Bay 6 No Wsb,3bb87cb0-03cc-49e4-8090-fa2eca61d9ea,Andrew Whitley,5,97.81,3,97.90,Open,A,TY106649,MAJOR,,107.6941,107.5867,8.0469,12.80,19,0,1,2,0,0,0,0,,
8a2e8a4e-e046-4d4e-8a66-18e78e7f1a81,Wallis Orchard DEC USPSA Match,2025-12-21,6,Bay 6 No Wsb,3bb87cb0-03cc-49e4-8090-fa2eca61d9ea,Ryan Jaw,6,97.31,3,97.31,Limited Optics,U,TY142907,MINOR,,107.0399,107.0399,8.0060,13.24,20,0,2,0,0,0,0,0,,
8a2e8a4e-e046-4d4e-8a66-18e78e7f1a81,Wallis Orchard DEC USPSA Match,2025-12-21,6,Bay 6 No Wsb,3bb87cb0-03cc-49e4-8090-fa2eca61d9ea,Gabriel Nguyen,7,95.96,1,100.00,Carry Optics,A,A163845,MINOR,,110.0000,105.5518,7.8947,12.92,18,0,4,0,0,0,0,0,,
8a2e8a4e-e046-4d4e-8a66-18e78e7f1a81,Wallis Orchard DEC USPSA Match,2025-12-21,6,Bay 6 No Wsb,3bb87cb0-03cc-49e4-8090-fa2eca61d9ea,Brandon Foss,8,94.87,2,98.87,Carry Optics,M,L5142,MINOR,,108.7585,104.3606,7.8056,13.58,20,0,2,0,0,0,0,0,,
8a2e8a4e-e046-4d4e-8a66-18e78e7f1a81,Wallis Orchard DEC USPSA Match,2025-12-21,6,Bay 6 No Wsb,3bb87cb0-03cc-49e4-8090-fa2eca61d9ea,Phillip Nguyen,9,94.22,4,94.22,Limited Optics,M,TY152423,MINOR,,103.6426,103.6426,7.7519,12.90,17,0,5,0,0,0,0,0,,
8a2e8a4e-e046-4d4e-8a66-18e78e7f1a81,Wallis Orchard DEC USPSA Match,2025-12-21,6,Bay 6 No Wsb,3bb87cb0-03cc-49e4-8090-fa2eca61d9ea,Chez Chike-Udenze,10,93.99,5,93.99,Limited Optics,GM,A138598,MINOR,,103.3912,103.3912,7.7331,13.19,18,0,4,0,0,0,0,0,,
8a2e8a4e-e046-4d4e-8a66-18e78e7f1a81,Wallis Orchard DEC USPSA Match,2025-12-21,6,Bay 6 No Wsb,3bb87cb0-03cc-49e4-8090-fa2eca61d9ea,Roger Feng,11,93.35,3,97.28,Carry Optics,A,A157776,MINOR,,107.0085,102.6813,7.6800,12.50,15,0,7,0,0,0,0,0,,
8a2e8a4e-e046-4d4e-8a66-18e78e7f1a81,Wallis Orchard DEC USPSA Match,2025-12-21,6,Bay 6 No Wsb,3bb87cb0-03cc-49e4-8090-fa2eca61d9ea,Colin Kerrigan,12,93.22,4,97.15,Carry Optics,M,A142731,MINOR,,106.8636,102.5422,7.6696,13.56,19,0,3,0,0,0,0,0,,
8a2e8a4e-e046-4d4e-8a66-18e78e7f1a81,Wallis Orchard DEC USPSA Match,2025-12-21,6,Bay 6 No Wsb,3bb87cb0-03cc-49e4-8090-fa2eca61d9ea,Rob Layton,13,92.76,6,92.76,Limited Optics,B,L6445,MINOR,Law Enforcement,102.0315,102.0315,7.6314,13.89,20,0,2,0,0,0,0,0,,
8a2e8a4e-e046-4d4e-8a66-18e78e7f1a81,Wallis Orchard DEC USPSA Match,2025-12-21,6,Bay 6 No Wsb,3bb87cb0-03cc-49e4-8090-fa2eca61d9ea,Travis McKenzie,14,92.29,7,92.29,Limited Optics,M,L6340,MINOR,,101.5181,101.5181,7.5930,13.17,17,0,5,0,0,0,0,0,,
8a2e8a4e-e046-4d4e-8a66-18e78e7f1a81,Wallis Orchard DEC USPSA Match,2025-12-21,6,Bay 6 No Wsb,3bb87cb0-03cc-49e4-8090-fa2eca61d9ea,Jacob Tullis,15,91.23,8,91.23,Limited Optics,M,A140523,MINOR,,100.3536,100.3536,7.5059,12.79,15,0,7,0,0,0,0,0,,
8a2e8a4e-e046-4d4e-8a66-18e78e7f1a81,Wallis Orchard DEC USPSA Match,2025-12-21,6,Bay 6 No Wsb,3bb87cb0-03cc-49e4-8090-fa2eca61d9ea,Jim Havens,16,91.14,9,91.14,Limited Optics,M,A114636,MINOR,Senior,100.2520,100.2520,7.4983,14.67,22,0,0,0,0,0,0,0,,
8a2e8a4e-e046-4d4e-8a66-18e78e7f1a81,Wallis Orchard DEC USPSA Match,2025-12-21,6,Bay 6 No Wsb,3bb87cb0-03cc-49e4-8090-fa2eca61d9ea,David Warren,17,90.30,10,90.30,Limited Optics,M,TY40917,MINOR,Senior,99.3254,99.3254,7.4290,13.73,18,0,4,0,0,0,0,0,,
8a2e8a4e-e046-4d4e-8a66-18e78e7f1a81,Wallis Orchard DEC USPSA Match,2025-12-21,6,Bay 6 No Wsb,3bb87cb0-03cc-49e4-8090-fa2eca61d9ea,Anderson Nguyen,18,89.30,11,89.30,Limited Optics,A,A150974,MINOR,,98.2278,98.2278,7.3469,14.70,21,0,1,0,0,0,0,0,,
8a2e8a4e-e046-4d4e-8a66-18e78e7f1a81,Wallis Orchard DEC USPSA Match,2025-12-21,6,Bay 6 No Wsb,3bb87cb0-03cc-49e4-8090-fa2eca61d9ea,Adam Bandiera,19,88.98,4,89.06,Open,U,A148375,MAJOR,,97.9711,97.8734,7.3204,14.48,18,0,4,0,0,0,0,0,,
8a2e8a4e-e046-4d4e-8a66-18e78e7f1a81,Wallis Orchard DEC USPSA Match,2025-12-21,6,Bay 6 No Wsb,3bb87cb0-03cc-49e4-8090-fa2eca61d9ea,Kevin Bunurai,20,88.87,12,88.87,Limited Optics,U,TY105111,MINOR,,97.7625,97.7625,7.3121,14.77,21,0,1,0,0,0,0,0,,
8a2e8a4e-e046-4d4e-8a66-18e78e7f1a81,Wallis Orchard DEC USPSA Match,2025-12-21,6,Bay 6 No Wsb,3bb87cb0-03cc-49e4-8090-fa2eca61d9ea,A Graham,21,88.67,13,88.67,Limited Optics,U,A170472,MINOR,Law Enforcement,97.5379,97.5379,7.2953,14.53,20,0,2,0,0,0,0,0,,
8a2e8a4e-e046-4d4e-8a66-18e78e7f1a81,Wallis Orchard DEC USPSA Match,2025-12-21,6,Bay 6 No Wsb,3bb87cb0-03cc-49e4-8090-fa2eca61d9ea,Zvi Davidoff,22,88.23,5,88.32,Open,U,X,MAJOR,,97.1547,97.0579,7.2594,12.26,15,0,6,0,1,0,0,0,,
8a2e8a4e-e046-4d4e-8a66-18e78e7f1a81,Wallis Orchard DEC USPSA Match,2025-12-21,6,Bay 6 No Wsb,3bb87cb0-03cc-49e4-8090-fa2eca61d9ea,Albert Montanez,23,87.52,1,100.00,PCC,M,TY101554,MINOR,,110.0000,96.2717,7.2006,13.61,16,0,6,0,0,0,0,0,,
8a2e8a4e-e046-4d4e-8a66-18e78e7f1a81,Wallis Orchard DEC USPSA Match,2025-12-21,6,Bay 6 No Wsb,3bb87cb0-03cc-49e4-8090-fa2eca61d9ea,Khoa Nguyen,24,86.59,1,100.00,Limited,A,A117224,MAJOR,Law Enforcement,110.0000,95.2449,7.1238,15.02,19,0,3,0,0,0,0,0,,
8a2e8a4e-e046-4d4e-8a66-18e78e7f1a81,Wallis Orchard DEC USPSA Match,2025-12-21,6,Bay 6 No Wsb,3bb87cb0-03cc-49e4-8090-fa2eca61d9ea,Wade Pruetz,25,86.02,14,86.02,Limited Optics,U,Ty79055,MINOR,Senior,94.6205,94.6205,7.0771,14.13,17,0,5,0,0,0,0,0,,
8a2e8a4e-e046-4d4e-8a66-18e78e7f1a81,Wallis Orchard DEC USPSA Match,2025-12-21,6,Bay 6 No Wsb,3bb87cb0-03cc-49e4-8090-fa2eca61d9ea,Jason Wells,26,85.62,2,97.83,PCC,B,L5218,MINOR,,107.6108,94.1807,7.0442,14.48,19,0,2,1,0,0,0,0,,
8a2e8a4e-e046-4d4e-8a66-18e78e7f1a81,Wallis Orchard DEC USPSA Match,2025-12-21,6,Bay 6 No Wsb,3bb87cb0-03cc-49e4-8090-fa2eca61d9ea,Duane Mendoza,27,84.54,15,84.54,Limited Optics,C,X,MINOR,Junior,92.9934,92.9934,6.9554,15.24,20,0,2,0,0,0,0,0,,
8a2e8a4e-e046-4d4e-8a66-18e78e7f1a81,Wallis Orchard DEC USPSA Match,2025-12-21,6,Bay 6 No Wsb,3bb87cb0-03cc-49e4-8090-fa2eca61d9ea,Adrian Hernandez,28,84.41,16,84.41,Limited Optics,B,A87599,MINOR,Senior,92.8463,92.8463,6.9444,15.84,22,0,0,0,0,0,0,0,,
8a2e8a4e-e046-4d4e-8a66-18e78e7f1a81,Wallis Orchard DEC USPSA Match,2025-12-21,6,Bay 6 No Wsb,3bb87cb0-03cc-49e4-8090-fa2eca61d9ea,Garrick Gonzalez,29,82.91,17,82.91,Limited Optics,C,A119804,MINOR,,91.1978,91.1978,6.8211,15.54,20,0,2,0,0,0,0,0,,
8a2e8a4e-e046-4d4e-8a66-18e78e7f1a81,Wallis Orchard DEC USPSA Match,2025-12-21,6,Bay 6 No Wsb,3bb87cb0-03cc-49e4-8090-fa2eca61d9ea,Jack Liu,30,82.89,3,94.71,PCC,M,L6156,MINOR,Law Enforcement,104.1797,91.1778,6.8196,16.13,22,0,0,0,0,0,0,0,,
8a2e8a4e-e046-4d4e-8a66-18e78e7f1a81,Wallis Orchard DEC USPSA Match,2025-12-21,6,Bay 6 No Wsb,3bb87cb0-03cc-49e4-8090-fa2eca61d9ea,Heath Helgeson,31,82.81,18,82.81,Limited Optics,A,a149129,MINOR,,91.0869,91.0869,6.8128,12.77,19,0,0,2,1,0,0,0,,
8a2e8a4e-e046-4d4e-8a66-18e78e7f1a81,Wallis Orchard DEC USPSA Match,2025-12-21,6,Bay 6 No Wsb,3bb87cb0-03cc-49e4-8090-fa2eca61d9ea,Jesse Harrington,32,82.59,19,82.59,Limited Optics,,A153046,MINOR,,90.8475,90.8475,6.7949,15.60,20,0,2,0,0,0,0,0,,
8a2e8a4e-e046-4d4e-8a66-18e78e7f1a81,Wallis Orchard DEC USPSA Match,2025-12-21,6,Bay 6 No Wsb,3bb87cb0-03cc-49e4-8090-fa2eca61d9ea,Jorge Cahas,33,82.11,6,82.20,Open,B,F-44522,MAJOR,Senior,90.4162,90.3261,6.7559,15.69,20,0,1,1,0,0,0,0,,
8a2e8a4e-e046-4d4e-8a66-18e78e7f1a81,Wallis Orchard DEC USPSA Match,2025-12-21,6,Bay 6 No Wsb,3bb87cb0-03cc-49e4-8090-fa2eca61d9ea,Andrew Quintana,34,82.06,20,82.06,Limited Optics,B,A175263,MINOR,,90.2686,90.2686,6.7516,15.70,20,0,2,0,0,0,0,0,,
8a2e8a4e-e046-4d4e-8a66-18e78e7f1a81,Wallis Orchard DEC USPSA Match,2025-12-21,6,Bay 6 No Wsb,3bb87cb0-03cc-49e4-8090-fa2eca61d9ea,Shaundy Pepito,35,82.03,7,82.11,Open,B,Ty163589,MAJOR,,90.3225,90.2325,6.7489,13.78,19,0,2,0,1,0,0,0,,
8a2e8a4e-e046-4d4e-8a66-18e78e7f1a81,Wallis Orchard DEC USPSA Match,2025-12-21,6,Bay 6 No Wsb,3bb87cb0-03cc-49e4-8090-fa2eca61d9ea,Albert Legislador,36,81.91,4,93.59,PCC,B,TY91787,MINOR,Senior,102.9438,90.0961,6.7387,15.73,20,0,2,0,0,0,0,0,,
8a2e8a4e-e046-4d4e-8a66-18e78e7f1a81,Wallis Orchard DEC USPSA Match,2025-12-21,6,Bay 6 No Wsb,3bb87cb0-03cc-49e4-8090-fa2eca61d9ea,Doug Joder,37,80.00,5,91.41,PCC,B,TY115020,MINOR,,100.5545,88.0051,6.5823,15.80,19,0,3,0,0,0,0,0,,
8a2e8a4e-e046-4d4e-8a66-18e78e7f1a81,Wallis Orchard DEC USPSA Match,2025-12-21,6,Bay 6 No Wsb,3bb87cb0-03cc-49e4-8090-fa2eca61d9ea,Anthony Giuliano,38,79.93,5,83.30,Carry Optics,M,A152263,MINOR,Law Enforcement,91.6260,87.9208,6.5760,13.23,17,0,4,0,1,0,0,0,,
8a2e8a4e-e046-4d4e-8a66-18e78e7f1a81,Wallis Orchard DEC USPSA Match,2025-12-21,6,Bay 6 No Wsb,3bb87cb0-03cc-49e4-8090-fa2eca61d9ea,Harlan Chen,39,79.70,21,79.70,Limited Optics,B,A163292,MINOR,,87.6722,87.6722,6.5574,15.25,18,0,3,1,0,0,0,0,,
8a2e8a4e-e046-4d4e-8a66-18e78e7f1a81,Wallis Orchard DEC USPSA Match,2025-12-21,6,Bay 6 No Wsb,3bb87cb0-03cc-49e4-8090-fa2eca61d9ea,Matthew Givens,40,79.63,6,90.98,PCC,A,Ty137686,MINOR,,100.0810,87.5906,6.5513,16.18,20,0,2,0,0,0,0,0,,
8a2e8a4e-e046-4d4e-8a66-18e78e7f1a81,Wallis Orchard DEC USPSA Match,2025-12-21,6,Bay 6 No Wsb,3bb87cb0-03cc-49e4-8090-fa2eca61d9ea,Grant Nixon,41,79.27,6,82.61,Carry Optics,B,A172934,MINOR,,90.8694,87.1949,6.5217,16.56,21,0,1,0,0,0,0,0,,
8a2e8a4e-e046-4d4e-8a66-18e78e7f1a81,Wallis Orchard DEC USPSA Match,2025-12-21,6,Bay 6 No Wsb,3bb87cb0-03cc-49e4-8090-fa2eca61d9ea,Eric Wu,42,78.42,22,78.42,Limited Optics,B,FY104740,MINOR,,86.2576,86.2576,6.4516,16.74,21,0,1,0,0,0,0,0,,
8a2e8a4e-e046-4d4e-8a66-18e78e7f1a81,Wallis Orchard DEC USPSA Match,2025-12-21,6,Bay 6 No Wsb,3bb87cb0-03cc-49e4-8090-fa2eca61d9ea,Victor Chapa,43,77.80,23,77.80,Limited Optics,U,A160745,MINOR,Law Enforcement,85.5811,85.5811,6.4010,15.31,17,0,4,1,0,0,0,0,,
8a2e8a4e-e046-4d4e-8a66-18e78e7f1a81,Wallis Orchard DEC USPSA Match,2025-12-21,6,Bay 6 No Wsb,3bb87cb0-03cc-49e4-8090-fa2eca61d9ea,Amber Chike-Udenze,44,76.78,7,87.73,PCC,B,A138974,MINOR,Lady,96.5017,84.4580,6.3170,16.78,20,0,2,0,0,0,0,0,,
8a2e8a4e-e046-4d4e-8a66-18e78e7f1a81,Wallis Orchard DEC USPSA Match,2025-12-21,6,Bay 6 No Wsb,3bb87cb0-03cc-49e4-8090-fa2eca61d9ea,Michael Whitley,45,76.60,8,76.68,Open,A,A111091,MAJOR,,84.3442,84.2602,6.3022,13.17,13,0,6,2,1,0,0,0,,
8a2e8a4e-e046-4d4e-8a66-18e78e7f1a81,Wallis Orchard DEC USPSA Match,2025-12-21,6,Bay 6 No Wsb,3bb87cb0-03cc-49e4-8090-fa2eca61d9ea,Janice Pacleb,46,76.40,9,76.47,Open,B,Tu75597,MAJOR,Lady,84.1194,84.0355,6.2854,15.91,14,0,7,1,0,0,0,0,,
8a2e8a4e-e046-4d4e-8a66-18e78e7f1a81,Wallis Orchard DEC USPSA Match,2025-12-21,6,Bay 6 No Wsb,3bb87cb0-03cc-49e4-8090-fa2eca61d9ea,Gary Wu,47,76.19,24,76.19,Limited Optics,B,L2998,MINOR,Senior,83.8096,83.8096,6.2685,16.91,20,0,2,0,0,0,0,0,,
8a2e8a4e-e046-4d4e-8a66-18e78e7f1a81,Wallis Orchard DEC USPSA Match,2025-12-21,6,Bay 6 No Wsb,3bb87cb0-03cc-49e4-8090-fa2eca61d9ea,chris bulkley,48,75.97,7,79.17,Carry Optics,B,A159469,MINOR,,87.0837,83.5622,6.2500,16.96,20,0,2,0,0,0,0,0,,
8a2e8a4e-e046-4d4e-8a66-18e78e7f1a81,Wallis Orchard DEC USPSA Match,2025-12-21,6,Bay 6 No Wsb,3bb87cb0-03cc-49e4-8090-fa2eca61d9ea,Paul Beavers,49,75.91,8,79.11,Carry Optics,B,A123776,MINOR,,87.0238,83.5048,6.2457,14.41,15,0,4,3,0,0,0,0,,
8a2e8a4e-e046-4d4e-8a66-18e78e7f1a81,Wallis Orchard DEC USPSA Match,2025-12-21,6,Bay 6 No Wsb,3bb87cb0-03cc-49e4-8090-fa2eca61d9ea,John Ren,50,75.23,9,78.40,Carry Optics,B,A168570,MINOR,,86.2449,82.7574,6.1898,14.54,12,0,10,0,0,0,0,0,,
8a2e8a4e-e046-4d4e-8a66-18e78e7f1a81,Wallis Orchard DEC USPSA Match,2025-12-21,6,Bay 6 No Wsb,3bb87cb0-03cc-49e4-8090-fa2eca61d9ea,Matthew Gonzalez,51,74.39,10,77.52,Carry Optics,B,A119810,MINOR,,85.2724,81.8241,6.1200,16.34,18,0,3,1,0,0,0,0,,
8a2e8a4e-e046-4d4e-8a66-18e78e7f1a81,Wallis Orchard DEC USPSA Match,2025-12-21,6,Bay 6 No Wsb,3bb87cb0-03cc-49e4-8090-fa2eca61d9ea,Waldo Samano,52,71.06,25,71.06,Limited Optics,A,TY87973,MINOR,,78.1688,78.1688,5.8466,13.17,13,0,7,1,1,0,0,0,,
8a2e8a4e-e046-4d4e-8a66-18e78e7f1a81,Wallis Orchard DEC USPSA Match,2025-12-21,6,Bay 6 No Wsb,3bb87cb0-03cc-49e4-8090-fa2eca61d9ea,Napoleon Lewis,53,71.02,11,74.02,Carry Optics,U,,MINOR,Senior; Military,81.4184,78.1260,5.8434,18.14,20,0,2,0,0,0,0,0,,
8a2e8a4e-e046-4d4e-8a66-18e78e7f1a81,Wallis Orchard DEC USPSA Match,2025-12-21,6,Bay 6 No Wsb,3bb87cb0-03cc-49e4-8090-fa2eca61d9ea,Cliff Pinsent,54,70.88,26,70.88,Limited Optics,B,FY99321,MINOR,Distinguished Senior,77.9723,77.9723,5.8319,17.49,18,0,4,0,0,0,0,0,,
8a2e8a4e-e046-4d4e-8a66-18e78e7f1a81,Wallis Orchard DEC USPSA Match,2025-12-21,6,Bay 6 No Wsb,3bb87cb0-03cc-49e4-8090-fa2eca61d9ea,Benton Warren,55,70.48,8,80.53,PCC,B,A170225,MINOR,Military,88.5839,77.5284,5.7987,17.59,18,0,4,0,0,0,0,0,,
8a2e8a4e-e046-4d4e-8a66-18e78e7f1a81,Wallis Orchard DEC USPSA Match,2025-12-21,6,Bay 6 No Wsb,3bb87cb0-03cc-49e4-8090-fa2eca61d9ea,Budd Ratliff,56,70.32,27,70.32,Limited Optics,B,A167811,MINOR,Law Enforcement,77.3465,77.3465,5.7851,15.73,19,0,2,0,1,0,0,0,,
8a2e8a4e-e046-4d4e-8a66-18e78e7f1a81,Wallis Orchard DEC USPSA Match,2025-12-21,6,Bay 6 No Wsb,3bb87cb0-03cc-49e4-8090-fa2eca61d9ea,Steven McNamara,57,69.49,28,69.49,Limited Optics,B,A75212,MINOR,Senior,76.4414,76.4414,5.7174,18.19,19,0,3,0,0,0,0,0,,
8a2e8a4e-e046-4d4e-8a66-18e78e7f1a81,Wallis Orchard DEC USPSA Match,2025-12-21,6,Bay 6 No Wsb,3bb87cb0-03cc-49e4-8090-fa2eca61d9ea,Rudy Widiaman,58,69.04,29,69.04,Limited Optics,C,A155535,MINOR,,75.9467,75.9467,5.6804,16.02,19,0,2,0,1,0,0,0,,
8a2e8a4e-e046-4d4e-8a66-18e78e7f1a81,Wallis Orchard DEC USPSA Match,2025-12-21,6,Bay 6 No Wsb,3bb87cb0-03cc-49e4-8090-fa2eca61d9ea,Adriel Taylor,59,68.80,10,68.87,Open,B,A104322,MAJOR,,75.7548,75.6793,5.6604,14.84,14,0,5,2,1,0,0,0,,
8a2e8a4e-e046-4d4e-8a66-18e78e7f1a81,Wallis Orchard DEC USPSA Match,2025-12-21,6,Bay 6 No Wsb,3bb87cb0-03cc-49e4-8090-fa2eca61d9ea,michael womack,60,68.05,30,68.05,Limited Optics,B,A166212,MINOR,,74.8597,74.8597,5.5991,17.86,17,0,5,0,0,0,0,0,,
8a2e8a4e-e046-4d4e-8a66-18e78e7f1a81,Wallis Orchard DEC USPSA Match,2025-12-21,6,Bay 6 No Wsb,3bb87cb0-03cc-49e4-8090-fa2eca61d9ea,Keith Bowman Jr,61,68.02,31,68.02,Limited Optics,C,A157830,MINOR,,74.8170,74.8170,5.5959,19.30,21,0,1,0,0,0,0,0,,
8a2e8a4e-e046-4d4e-8a66-18e78e7f1a81,Wallis Orchard DEC USPSA Match,2025-12-21,6,Bay 6 No Wsb,3bb87cb0-03cc-49e4-8090-fa2eca61d9ea,Ernie Morales,62,67.42,32,67.42,Limited Optics,B,A169705,MINOR,,74.1592,74.1592,5.5467,18.75,19,0,3,0,0,0,0,0,,
8a2e8a4e-e046-4d4e-8a66-18e78e7f1a81,Wallis Orchard DEC USPSA Match,2025-12-21,6,Bay 6 No Wsb,3bb87cb0-03cc-49e4-8090-fa2eca61d9ea,Jose Onia,63,66.20,12,68.99,Carry Optics,A,X,MINOR,Senior,75.8855,72.8168,5.4463,13.22,17,0,2,1,2,0,0,0,,
8a2e8a4e-e046-4d4e-8a66-18e78e7f1a81,Wallis Orchard DEC USPSA Match,2025-12-21,6,Bay 6 No Wsb,3bb87cb0-03cc-49e4-8090-fa2eca61d9ea,FRANCIS NGUYEN,64,66.13,33,66.13,Limited Optics,U,A169979,MINOR,,72.7433,72.7433,5.4408,14.52,14,0,6,1,1,0,0,0,,
8a2e8a4e-e046-4d4e-8a66-18e78e7f1a81,Wallis Orchard DEC USPSA Match,2025-12-21,6,Bay 6 No Wsb,3bb87cb0-03cc-49e4-8090-fa2eca61d9ea,Marlon Pors,65,65.70,13,68.47,Carry Optics,C,Ty1234,MINOR,Law Enforcement,75.3156,72.2700,5.4054,18.87,18,0,4,0,0,0,0,0,,
8a2e8a4e-e046-4d4e-8a66-18e78e7f1a81,Wallis Orchard DEC USPSA Match,2025-12-21,6,Bay 6 No Wsb,3bb87cb0-03cc-49e4-8090-fa2eca61d9ea,"Byron ""BigBDaShooter"" McGowen",66,65.57,34,65.57,Limited Optics,C,A159731,MINOR,Military,72.1283,72.1283,5.3948,20.39,22,0,0,0,0,0,0,0,,
8a2e8a4e-e046-4d4e-8a66-18e78e7f1a81,Wallis Orchard DEC USPSA Match,2025-12-21,6,Bay 6 No Wsb,3bb87cb0-03cc-49e4-8090-fa2eca61d9ea,Markho Babasoro,67,65.52,35,65.52,Limited Optics,U,A174757,MINOR,,72.0668,72.0668,5.3902,17.81,17,0,3,2,0,0,0,0,,
8a2e8a4e-e046-4d4e-8a66-18e78e7f1a81,Wallis Orchard DEC USPSA Match,2025-12-21,6,Bay 6 No Wsb,3bb87cb0-03cc-49e4-8090-fa2eca61d9ea,"Jeff Maxwell, Jr.",68,64.81,14,67.54,Carry Optics,B,L4489,MINOR,Senior,74.2915,71.2873,5.3319,19.13,18,0,4,0,0,0,0,0,,
8a2e8a4e-e046-4d4e-8a66-18e78e7f1a81,Wallis Orchard DEC USPSA Match,2025-12-21,6,Bay 6 No Wsb,3bb87cb0-03cc-49e4-8090-fa2eca61d9ea,Andre Wijaya,69,64.65,36,64.65,Limited Optics,U,A175473,MINOR,,71.1161,71.1161,5.3191,14.10,13,0,6,2,1,0,0,0,,
8a2e8a4e-e046-4d4e-8a66-18e78e7f1a81,Wallis Orchard DEC USPSA Match,2025-12-21,6,Bay 6 No Wsb,3bb87cb0-03cc-49e4-8090-fa2eca61d9ea,Stormtrooper Qian,70,64.41,37,64.41,Limited Optics,B,A150939,MINOR,,70.8514,70.8514,5.2993,16.04,16,0,5,0,1,0,0,0,,
8a2e8a4e-e046-4d4e-8a66-18e78e7f1a81,Wallis Orchard DEC USPSA Match,2025-12-21,6,Bay 6 No Wsb,3bb87cb0-03cc-49e4-8090-fa2eca61d9ea,Jerry Bedro,71,64.35,38,64.35,Limited Optics,B,A98263,MINOR,,70.7872,70.7872,5.2945,16.81,19,0,1,1,1,0,0,0,,
8a2e8a4e-e046-4d4e-8a66-18e78e7f1a81,Wallis Orchard DEC USPSA Match,2025-12-21,6,Bay 6 No Wsb,3bb87cb0-03cc-49e4-8090-fa2eca61d9ea,Tyler Kenny,72,64.05,39,64.05,Limited Optics,B,A148691,MINOR,,70.4570,70.4570,5.2698,15.75,16,0,4,1,1,0,0,0,,
8a2e8a4e-e046-4d4e-8a66-18e78e7f1a81,Wallis Orchard DEC USPSA Match,2025-12-21,6,Bay 6 No Wsb,3bb87cb0-03cc-49e4-8090-fa2eca61d9ea,Jason Wilson,73,63.38,1,100.00,Limited 10,M,A94696,MAJOR,,110.0000,69.7230,5.2149,20.71,20,0,2,0,0,0,0,0,,
8a2e8a4e-e046-4d4e-8a66-18e78e7f1a81,Wallis Orchard DEC USPSA Match,2025-12-21,6,Bay 6 No Wsb,3bb87cb0-03cc-49e4-8090-fa2eca61d9ea,Will Allen,74,63.09,40,63.09,Limited Optics,U,A128231,MINOR,,69.3968,69.3968,5.1905,18.11,17,0,2,3,0,0,0,0,,
8a2e8a4e-e046-4d4e-8a66-18e78e7f1a81,Wallis Orchard DEC USPSA Match,2025-12-21,6,Bay 6 No Wsb,3bb87cb0-03cc-49e4-8090-fa2eca61d9ea,Alexandria Farrar,75,62.36,15,64.99,Carry Optics,U,A165859,MINOR,Lady; Law Enforcement,71.4923,68.6013,5.1310,18.32,14,0,8,0,0,0,0,0,,
8a2e8a4e-e046-4d4e-8a66-18e78e7f1a81,Wallis Orchard DEC USPSA Match,2025-12-21,6,Bay 6 No Wsb,3bb87cb0-03cc-49e4-8090-fa2eca61d9ea,Luke Kwan,76,61.66,11,61.72,Open,C,A152338,MINOR,,67.8908,67.8231,5.0728,21.29,21,0,1,0,0,0,0,0,,
8a2e8a4e-e046-4d4e-8a66-18e78e7f1a81,Wallis Orchard DEC USPSA Match,2025-12-21,6,Bay 6 No Wsb,3bb87cb0-03cc-49e4-8090-fa2eca61d9ea,Trevor Symons,77,60.92,12,60.99,Open,U,A172350,MINOR,,67.0838,67.0169,5.0125,19.95,18,0,3,1,0,0,0,0,,
8a2e8a4e-e046-4d4e-8a66-18e78e7f1a81,Wallis Orchard DEC USPSA Match,2025-12-21,6,Bay 6 No Wsb,3bb87cb0-03cc-49e4-8090-fa2eca61d9ea,Jessica Zhang,78,58.73,16,61.20,Carry Optics,U,,MINOR,,67.3248,64.6023,4.8319,19.04,14,0,7,1,0,0,0,0,,
8a2e8a4e-e046-4d4e-8a66-18e78e7f1a81,Wallis Orchard DEC USPSA Match,2025-12-21,6,Bay 6 No Wsb,3bb87cb0-03cc-49e4-8090-fa2eca61d9ea,Virak Meas,79,56.32,41,56.32,Limited Optics,C,O,MINOR,Senior,61.9551,61.9551,4.6339,17.48,15,0,5,1,1,0,0,0,,
8a2e8a4e-e046-4d4e-8a66-18e78e7f1a81,Wallis Orchard DEC USPSA Match,2025-12-21,6,Bay 6 No Wsb,3bb87cb0-03cc-49e4-8090-fa2eca61d9ea,Marco Yue,80,55.92,42,55.92,Limited Optics,B,L5762,MINOR,,61.5085,61.5085,4.6005,12.39,15,0,4,0,3,0,0,0,,
8a2e8a4e-e046-4d4e-8a66-18e78e7f1a81,Wallis Orchard DEC USPSA Match,2025-12-21,6,Bay 6 No Wsb,3bb87cb0-03cc-49e4-8090-fa2eca61d9ea,Raul Rios,81,54.84,17,57.15,Carry Optics,B,A171634,MINOR,,62.8675,60.3253,4.5120,21.72,16,0,6,0,0,0,0,0,,
8a2e8a4e-e046-4d4e-8a66-18e78e7f1a81,Wallis Orchard DEC USPSA Match,2025-12-21,6,Bay 6 No Wsb,3bb87cb0-03cc-49e4-8090-fa2eca61d9ea,Eduardo Cantu,82,54.23,13,54.28,Open,B,A164104,MAJOR,,59.7082,59.6487,4.4614,15.69,12,0,7,1,2,0,0,0,,
8a2e8a4e-e046-4d4e-8a66-18e78e7f1a81,Wallis Orchard DEC USPSA Match,2025-12-21,6,Bay 6 No Wsb,3bb87cb0-03cc-49e4-8090-fa2eca61d9ea,Kevin Baker,83,52.27,43,52.27,Limited Optics,C,,MINOR,,57.4975,57.4975,4.3005,19.30,15,0,6,0,1,0,0,0,,
8a2e8a4e-e046-4d4e-8a66-18e78e7f1a81,Wallis Orchard DEC USPSA Match,2025-12-21,6,Bay 6 No Wsb,3bb87cb0-03cc-49e4-8090-fa2eca61d9ea,Jeannie Marrone,84,49.52,14,49.57,Open,C,TY133357,MAJOR,Lady; Super Senior,54.5222,54.4679,4.0739,26.51,20,0,2,0,0,0,0,0,,
8a2e8a4e-e046-4d4e-8a66-18e78e7f1a81,Wallis Orchard DEC USPSA Match,2025-12-21,6,Bay 6 No Wsb,3bb87cb0-03cc-49e4-8090-fa2eca61d9ea,Gilbert Carrillo,85,48.80,44,48.80,Limited Optics,C,A162029,MINOR,,53.6750,53.6750,4.0146,21.92,13,0,7,2,0,0,0,0,,
8a2e8a4e-e046-4d4e-8a66-18e78e7f1a81,Wallis Orchard DEC USPSA Match,2025-12-21,6,Bay 6 No Wsb,3bb87cb0-03cc-49e4-8090-fa2eca61d9ea,Phyl Santos,86,41.68,45,41.68,Limited Optics,A,A155981,MINOR,,45.8429,45.8429,3.4288,21.29,12,0,7,2,1,0,0,0,,
8a2e8a4e-e046-4d4e-8a66-18e78e7f1a81,Wallis Orchard DEC USPSA Match,2025-12-21,6,Bay 6 No Wsb,3bb87cb0-03cc-49e4-8090-fa2eca61d9ea,Jose Lopez,87,40.60,18,42.31,Carry Optics,U,A173303,MINOR,,46.5389,44.6570,3.3401,19.76,16,0,1,3,2,0,0,0,,
8a2e8a4e-e046-4d4e-8a66-18e78e7f1a81,Wallis Orchard DEC USPSA Match,2025-12-21,6,Bay 6 No Wsb,3bb87cb0-03cc-49e4-8090-fa2eca61d9ea,JJ Ratliff,88,38.57,2,44.54,Limited,D,A172706,MAJOR,Lady,48.9980,42.4256,3.1732,33.09,17,0,5,0,0,0,0,0,,
8a2e8a4e-e046-4d4e-8a66-18e78e7f1a81,Wallis Orchard DEC USPSA Match,2025-12-21,6,Bay 6 No Wsb,3bb87cb0-03cc-49e4-8090-fa2eca61d9ea,Yihao Zuo,89,36.25,46,36.25,Limited Optics,C,A165414,MINOR,,39.8706,39.8706,2.9821,15.09,10,0,8,1,3,0,0,0,,
8a2e8a4e-e046-4d4e-8a66-18e78e7f1a81,Wallis Orchard DEC USPSA Match,2025-12-21,6,Bay 6 No Wsb,3bb87cb0-03cc-49e4-8090-fa2eca61d9ea,Ian Doskocil,90,0.00,19,0.00,Carry Optics,B,A175018,MINOR,,0.0000,0.0000,,,,,×0.25,×0.51,×1.90,,×1.27,,,13.93
8a2e8a4e-e046-4d4e-8a66-18e78e7f1a81,Wallis Orchard DEC USPSA Match,2025-12-21,6,Bay 6 No Wsb,3bb87cb0-03cc-49e4-8090-fa2eca61d9ea,randy callison,91,0.00,9,0.00,PCC,A,A14418,MINOR,,0.0000,0.0000,,,,,×0.28,×0.56,×2.08,,×1.39,,,15.28
8a2e8a4e-e046-4d4e-8a66-18e78e7f1a81,Wallis Orchard DEC USPSA Match,2025-12-21,7,Bay 7 Tk36,2162b733-009b-4b5f-b807-59dd5fd88763,Mel Rodero II,1,100.00,1,100.00,Open,GM,B100,MAJOR,Senior,120.0000,120.0000,8.2865,14.24,22,0,2,0,0,0,0,0,,
8a2e8a4e-e046-4d4e-8a66-18e78e7f1a81,Wallis Orchard DEC USPSA Match,2025-12-21,7,Bay 7 Tk36,2162b733-009b-4b5f-b807-59dd5fd88763,Zvi Davidoff,2,95.98,2,95.98,Open,U,X,MAJOR,,115.1806,115.1806,7.9537,13.83,14,0,10,0,0,0,0,0,,
8a2e8a4e-e046-4d4e-8a66-18e78e7f1a81,Wallis Orchard DEC USPSA Match,2025-12-21,7,Bay 7 Tk36,2162b733-009b-4b5f-b807-59dd5fd88763,Michael Hanover,3,95.57,1,100.00,Limited Optics,M,Ty146302,MINOR,,120.0000,114.6839,7.9194,13.89,20,0,3,1,0,0,0,0,,
8a2e8a4e-e046-4d4e-8a66-18e78e7f1a81,Wallis Orchard DEC USPSA Match,2025-12-21,7,Bay 7 Tk36,2162b733-009b-4b5f-b807-59dd5fd88763,Will Goglas,4,94.75,3,94.75,Open,B,A154790,MAJOR,,113.6963,113.6963,7.8512,14.52,20,0,3,1,0,0,0,0,,
8a2e8a4e-e046-4d4e-8a66-18e78e7f1a81,Wallis Orchard DEC USPSA Match,2025-12-21,7,Bay 7 Tk36,2162b733-009b-4b5f-b807-59dd5fd88763,Brandon Foss,5,94.42,1,100.00,Carry Optics,M,L5142,MINOR,,120.0000,113.3067,7.8243,14.57,21,0,3,0,0,0,0,0,,
8a2e8a4e-e046-4d4e-8a66-18e78e7f1a81,Wallis Orchard DEC USPSA Match,2025-12-21,7,Bay 7 Tk36,2162b733-009b-4b5f-b807-59dd5fd88763,Travis McKenzie,6,94.16,2,98.53,Limited Optics,M,L6340,MINOR,,118.2347,112.9968,7.8029,14.61,21,0,3,0,0,0,0,0,,
8a2e8a4e-e046-4d4e-8a66-18e78e7f1a81,Wallis Orchard DEC USPSA Match,2025-12-21,7,Bay 7 Tk36,2162b733-009b-4b5f-b807-59dd5fd88763,Waldo Samano,7,91.73,3,95.99,Limited Optics,A,TY87973,MINOR,,115.1845,110.0817,7.6016,15.26,22,0,2,0,0,0,0,0,,
8a2e8a4e-e046-4d4e-8a66-18e78e7f1a81,Wallis Orchard DEC USPSA Match,2025-12-21,7,Bay 7 Tk36,2162b733-009b-4b5f-b807-59dd5fd88763,Jacob Tullis,8,91.29,4,95.52,Limited Optics,M,A140523,MINOR,,114.6254,109.5473,7.5647,15.07,21,0,3,0,0,0,0,0,,
8a2e8a4e-e046-4d4e-8a66-18e78e7f1a81,Wallis Orchard DEC USPSA Match,2025-12-21,7,Bay 7 Tk36,2162b733-009b-4b5f-b807-59dd5fd88763,Colin Kerrigan,9,90.75,2,96.11,Carry Optics,M,A142731,MINOR,,115.3299,108.8971,7.5198,15.16,21,0,3,0,0,0,0,0,,
8a2e8a4e-e046-4d4e-8a66-18e78e7f1a81,Wallis Orchard DEC USPSA Match,2025-12-21,7,Bay 7 Tk36,2162b733-009b-4b5f-b807-59dd5fd88763,Vinh Lam,10,90.13,5,94.30,Limited Optics,M,Ty101025,MINOR,,113.1646,108.1513,7.4683,13.39,16,0,6,2,0,0,0,0,,
8a2e8a4e-e046-4d4e-8a66-18e78e7f1a81,Wallis Orchard DEC USPSA Match,2025-12-21,7,Bay 7 Tk36,2162b733-009b-4b5f-b807-59dd5fd88763,Albert Montanez,11,90.02,1,100.00,PCC,M,TY101554,MINOR,,120.0000,108.0282,7.4598,15.55,22,0,2,0,0,0,0,0,,
8a2e8a4e-e046-4d4e-8a66-18e78e7f1a81,Wallis Orchard DEC USPSA Match,2025-12-21,7,Bay 7 Tk36,2162b733-009b-4b5f-b807-59dd5fd88763,Michael Whitley,12,87.58,4,87.58,Open,A,A111091,MAJOR,,105.0929,105.0929,7.2571,16.26,22,0,2,0,0,0,0,0,,
8a2e8a4e-e046-4d4e-8a66-18e78e7f1a81,Wallis Orchard DEC USPSA Match,2025-12-21,7,Bay 7 Tk36,2162b733-009b-4b5f-b807-59dd5fd88763,Adriel Taylor,13,85.98,5,85.98,Open,B,A104322,MAJOR,,103.1799,103.1799,7.1250,16.00,18,0,6,0,0,0,0,0,,
8a2e8a4e-e046-4d4e-8a66-18e78e7f1a81,Wallis Orchard DEC USPSA Match,2025-12-21,7,Bay 7 Tk36,2162b733-009b-4b5f-b807-59dd5fd88763,Chez Chike-Udenze,14,85.30,6,89.26,Limited Optics,GM,A138598,MINOR,,107.1081,102.3631,7.0686,14.43,16,0,7,1,0,0,0,0,,
8a2e8a4e-e046-4d4e-8a66-18e78e7f1a81,Wallis Orchard DEC USPSA Match,2025-12-21,7,Bay 7 Tk36,2162b733-009b-4b5f-b807-59dd5fd88763,Wade Pruetz,15,83.48,7,87.35,Limited Optics,U,Ty79055,MINOR,Senior,104.8185,100.1750,6.9175,16.48,21,0,3,0,0,0,0,0,,
8a2e8a4e-e046-4d4e-8a66-18e78e7f1a81,Wallis Orchard DEC USPSA Match,2025-12-21,7,Bay 7 Tk36,2162b733-009b-4b5f-b807-59dd5fd88763,Jorge Cahas,16,83.44,6,83.44,Open,B,F-44522,MAJOR,Senior,100.1272,100.1272,6.9142,15.62,16,0,6,2,0,0,0,0,,
8a2e8a4e-e046-4d4e-8a66-18e78e7f1a81,Wallis Orchard DEC USPSA Match,2025-12-21,7,Bay 7 Tk36,2162b733-009b-4b5f-b807-59dd5fd88763,Heath Helgeson,17,83.43,8,87.30,Limited Optics,A,a149129,MINOR,,104.7549,100.1142,6.9133,16.49,21,0,3,0,0,0,0,0,,
8a2e8a4e-e046-4d4e-8a66-18e78e7f1a81,Wallis Orchard DEC USPSA Match,2025-12-21,7,Bay 7 Tk36,2162b733-009b-4b5f-b807-59dd5fd88763,Jose Onia,18,82.71,3,87.59,Carry Optics,A,X,MINOR,Senior,105.1095,99.2467,6.8534,13.57,17,0,6,0,1,0,0,0,,
8a2e8a4e-e046-4d4e-8a66-18e78e7f1a81,Wallis Orchard DEC USPSA Match,2025-12-21,7,Bay 7 Tk36,2162b733-009b-4b5f-b807-59dd5fd88763,Kevin Bunurai,19,81.59,9,85.37,Limited Optics,U,TY105111,MINOR,,102.4456,97.9072,6.7609,16.27,19,0,5,0,0,0,0,0,,
8a2e8a4e-e046-4d4e-8a66-18e78e7f1a81,Wallis Orchard DEC USPSA Match,2025-12-21,7,Bay 7 Tk36,2162b733-009b-4b5f-b807-59dd5fd88763,Phillip Nguyen,20,80.21,10,83.93,Limited Optics,M,TY152423,MINOR,,100.7182,96.2563,6.6469,16.85,20,0,4,0,0,0,0,0,,
8a2e8a4e-e046-4d4e-8a66-18e78e7f1a81,Wallis Orchard DEC USPSA Match,2025-12-21,7,Bay 7 Tk36,2162b733-009b-4b5f-b807-59dd5fd88763,Tyler Kenny,21,80.04,11,83.75,Limited Optics,B,A148691,MINOR,,100.4970,96.0449,6.6323,15.53,22,0,1,0,1,0,0,0,,
8a2e8a4e-e046-4d4e-8a66-18e78e7f1a81,Wallis Orchard DEC USPSA Match,2025-12-21,7,Bay 7 Tk36,2162b733-009b-4b5f-b807-59dd5fd88763,Rob Layton,22,79.37,12,83.04,Limited Optics,B,L6445,MINOR,Law Enforcement,99.6530,95.2383,6.5766,17.03,20,0,4,0,0,0,0,0,,
8a2e8a4e-e046-4d4e-8a66-18e78e7f1a81,Wallis Orchard DEC USPSA Match,2025-12-21,7,Bay 7 Tk36,2162b733-009b-4b5f-b807-59dd5fd88763,Khoa Nguyen,23,78.93,1,100.00,Limited,A,A117224,MAJOR,Law Enforcement,120.0000,94.7141,6.5404,17.43,20,0,3,1,0,0,0,0,,
8a2e8a4e-e046-4d4e-8a66-18e78e7f1a81,Wallis Orchard DEC USPSA Match,2025-12-21,7,Bay 7 Tk36,2162b733-009b-4b5f-b807-59dd5fd88763,Jack Liu,24,78.86,2,87.60,PCC,M,L6156,MINOR,Law Enforcement,105.1251,94.6373,6.5351,16.22,17,0,7,0,0,0,0,0,,
8a2e8a4e-e046-4d4e-8a66-18e78e7f1a81,Wallis Orchard DEC USPSA Match,2025-12-21,7,Bay 7 Tk36,2162b733-009b-4b5f-b807-59dd5fd88763,Anderson Nguyen,25,78.83,13,82.48,Limited Optics,A,A150974,MINOR,,98.9787,94.5939,6.5321,16.84,20,0,3,1,0,0,0,0,,
8a2e8a4e-e046-4d4e-8a66-18e78e7f1a81,Wallis Orchard DEC USPSA Match,2025-12-21,7,Bay 7 Tk36,2162b733-009b-4b5f-b807-59dd5fd88763,Jim Havens,26,78.81,14,82.46,Limited Optics,M,A114636,MINOR,Senior,98.9560,94.5721,6.5306,17.15,20,0,4,0,0,0,0,0,,
8a2e8a4e-e046-4d4e-8a66-18e78e7f1a81,Wallis Orchard DEC USPSA Match,2025-12-21,7,Bay 7 Tk36,2162b733-009b-4b5f-b807-59dd5fd88763,Duane Mendoza,27,78.50,15,82.14,Limited Optics,C,X,MINOR,Junior,98.5681,94.2014,6.5050,16.91,19,0,5,0,0,0,0,0,,
8a2e8a4e-e046-4d4e-8a66-18e78e7f1a81,Wallis Orchard DEC USPSA Match,2025-12-21,7,Bay 7 Tk36,2162b733-009b-4b5f-b807-59dd5fd88763,Gabriel Nguyen,28,77.90,4,82.50,Carry Optics,A,A163845,MINOR,,99.0054,93.4831,6.4554,17.04,20,0,3,1,0,0,0,0,,
8a2e8a4e-e046-4d4e-8a66-18e78e7f1a81,Wallis Orchard DEC USPSA Match,2025-12-21,7,Bay 7 Tk36,2162b733-009b-4b5f-b807-59dd5fd88763,Shaundy Pepito,29,77.09,7,77.09,Open,B,Ty163589,MAJOR,,92.5027,92.5027,6.3877,18.16,20,0,4,0,0,0,0,0,,
8a2e8a4e-e046-4d4e-8a66-18e78e7f1a81,Wallis Orchard DEC USPSA Match,2025-12-21,7,Bay 7 Tk36,2162b733-009b-4b5f-b807-59dd5fd88763,Adam Bandiera,30,76.20,8,76.20,Open,U,A148375,MAJOR,,91.4355,91.4355,6.3140,17.58,17,0,6,1,0,0,0,0,,
8a2e8a4e-e046-4d4e-8a66-18e78e7f1a81,Wallis Orchard DEC USPSA Match,2025-12-21,7,Bay 7 Tk36,2162b733-009b-4b5f-b807-59dd5fd88763,David Warren,31,76.12,16,79.65,Limited Optics,M,TY40917,MINOR,Senior,95.5830,91.3486,6.3080,16.17,16,0,7,1,0,0,0,0,,
8a2e8a4e-e046-4d4e-8a66-18e78e7f1a81,Wallis Orchard DEC USPSA Match,2025-12-21,7,Bay 7 Tk36,2162b733-009b-4b5f-b807-59dd5fd88763,John Ren,32,75.85,5,80.34,Carry Optics,B,A168570,MINOR,,96.4027,91.0256,6.2857,17.50,20,0,3,1,0,0,0,0,,
8a2e8a4e-e046-4d4e-8a66-18e78e7f1a81,Wallis Orchard DEC USPSA Match,2025-12-21,7,Bay 7 Tk36,2162b733-009b-4b5f-b807-59dd5fd88763,Andrew Whitley,33,74.00,9,74.00,Open,A,TY106649,MAJOR,,88.8056,88.8056,6.1324,16.47,15,0,9,0,0,0,0,1,,
8a2e8a4e-e046-4d4e-8a66-18e78e7f1a81,Wallis Orchard DEC USPSA Match,2025-12-21,7,Bay 7 Tk36,2162b733-009b-4b5f-b807-59dd5fd88763,Gary Wu,34,73.69,17,77.10,Limited Optics,B,L2998,MINOR,Senior,92.5222,88.4233,6.1060,17.36,18,0,5,1,0,0,0,0,,
8a2e8a4e-e046-4d4e-8a66-18e78e7f1a81,Wallis Orchard DEC USPSA Match,2025-12-21,7,Bay 7 Tk36,2162b733-009b-4b5f-b807-59dd5fd88763,A Graham,35,72.91,18,76.29,Limited Optics,U,A170472,MINOR,Law Enforcement,91.5478,87.4922,6.0417,19.20,22,0,2,0,0,0,0,0,,
8a2e8a4e-e046-4d4e-8a66-18e78e7f1a81,Wallis Orchard DEC USPSA Match,2025-12-21,7,Bay 7 Tk36,2162b733-009b-4b5f-b807-59dd5fd88763,Eduardo Cantu,36,72.67,10,72.67,Open,B,A164104,MAJOR,,87.2084,87.2084,6.0221,18.10,15,0,8,1,0,0,0,0,,
8a2e8a4e-e046-4d4e-8a66-18e78e7f1a81,Wallis Orchard DEC USPSA Match,2025-12-21,7,Bay 7 Tk36,2162b733-009b-4b5f-b807-59dd5fd88763,Amber Chike-Udenze,37,72.19,3,80.19,PCC,B,A138974,MINOR,Lady,96.2262,86.6262,5.9819,17.72,17,0,7,0,0,0,0,0,,
8a2e8a4e-e046-4d4e-8a66-18e78e7f1a81,Wallis Orchard DEC USPSA Match,2025-12-21,7,Bay 7 Tk36,2162b733-009b-4b5f-b807-59dd5fd88763,Paul Beavers,38,71.73,6,75.96,Carry Optics,B,A123776,MINOR,,91.1575,86.0730,5.9437,19.18,21,0,3,0,0,0,0,0,,
8a2e8a4e-e046-4d4e-8a66-18e78e7f1a81,Wallis Orchard DEC USPSA Match,2025-12-21,7,Bay 7 Tk36,2162b733-009b-4b5f-b807-59dd5fd88763,Stormtrooper Qian,39,71.40,19,74.71,Limited Optics,B,A150939,MINOR,,89.6507,85.6791,5.9165,18.93,21,0,2,1,0,0,0,0,,
8a2e8a4e-e046-4d4e-8a66-18e78e7f1a81,Wallis Orchard DEC USPSA Match,2025-12-21,7,Bay 7 Tk36,2162b733-009b-4b5f-b807-59dd5fd88763,Benton Warren,40,71.03,4,78.90,PCC,B,A170225,MINOR,Military,94.6787,85.2331,5.8857,17.67,16,0,8,0,0,0,0,0,,
8a2e8a4e-e046-4d4e-8a66-18e78e7f1a81,Wallis Orchard DEC USPSA Match,2025-12-21,7,Bay 7 Tk36,2162b733-009b-4b5f-b807-59dd5fd88763,Raul Rios,41,70.91,7,75.10,Carry Optics,B,A171634,MINOR,,90.1223,85.0955,5.8762,19.06,20,0,4,0,0,0,0,0,,
8a2e8a4e-e046-4d4e-8a66-18e78e7f1a81,Wallis Orchard DEC USPSA Match,2025-12-21,7,Bay 7 Tk36,2162b733-009b-4b5f-b807-59dd5fd88763,Budd Ratliff,42,70.91,20,74.20,Limited Optics,B,A167811,MINOR,Law Enforcement,89.0370,85.0926,5.8760,18.38,18,0,6,0,0,0,0,0,,
8a2e8a4e-e046-4d4e-8a66-18e78e7f1a81,Wallis Orchard DEC USPSA Match,2025-12-21,7,Bay 7 Tk36,2162b733-009b-4b5f-b807-59dd5fd88763,Anthony Giuliano,43,70.84,8,75.02,Carry Optics,M,A152263,MINOR,Law Enforcement,90.0272,85.0057,5.8700,19.08,20,0,4,0,0,0,0,0,,
8a2e8a4e-e046-4d4e-8a66-18e78e7f1a81,Wallis Orchard DEC USPSA Match,2025-12-21,7,Bay 7 Tk36,2162b733-009b-4b5f-b807-59dd5fd88763,Victor Chapa,44,70.72,21,74.00,Limited Optics,U,A160745,MINOR,Law Enforcement,88.8007,84.8667,5.8604,18.77,20,0,3,1,0,0,0,0,,
8a2e8a4e-e046-4d4e-8a66-18e78e7f1a81,Wallis Orchard DEC USPSA Match,2025-12-21,7,Bay 7 Tk36,2162b733-009b-4b5f-b807-59dd5fd88763,Jason Wells,45,69.72,5,77.45,PCC,B,L5218,MINOR,,92.9349,83.6633,5.7773,19.04,19,0,5,0,0,0,0,0,,
8a2e8a4e-e046-4d4e-8a66-18e78e7f1a81,Wallis Orchard DEC USPSA Match,2025-12-21,7,Bay 7 Tk36,2162b733-009b-4b5f-b807-59dd5fd88763,Garrick Gonzalez,46,68.96,22,72.16,Limited Optics,C,A119804,MINOR,,86.5869,82.7510,5.7143,19.95,21,0,3,0,0,0,0,0,,
8a2e8a4e-e046-4d4e-8a66-18e78e7f1a81,Wallis Orchard DEC USPSA Match,2025-12-21,7,Bay 7 Tk36,2162b733-009b-4b5f-b807-59dd5fd88763,Doug Joder,47,68.79,6,76.41,PCC,B,TY115020,MINOR,,91.6915,82.5439,5.7000,20.00,21,0,3,0,0,0,0,0,,
8a2e8a4e-e046-4d4e-8a66-18e78e7f1a81,Wallis Orchard DEC USPSA Match,2025-12-21,7,Bay 7 Tk36,2162b733-009b-4b5f-b807-59dd5fd88763,Steven McNamara,48,68.71,23,71.90,Limited Optics,B,A75212,MINOR,Senior,86.2793,82.4570,5.6940,19.67,20,0,4,0,0,0,0,0,,
8a2e8a4e-e046-4d4e-8a66-18e78e7f1a81,Wallis Orchard DEC USPSA Match,2025-12-21,7,Bay 7 Tk36,2162b733-009b-4b5f-b807-59dd5fd88763,Ryan Jaw,49,67.86,24,71.01,Limited Optics,U,TY142907,MINOR,,85.2080,81.4332,5.6233,18.85,18,0,5,1,0,0,0,0,,
8a2e8a4e-e046-4d4e-8a66-18e78e7f1a81,Wallis Orchard DEC USPSA Match,2025-12-21,7,Bay 7 Tk36,2162b733-009b-4b5f-b807-59dd5fd88763,Eric Wu,50,67.86,25,71.01,Limited Optics,B,FY104740,MINOR,,85.2080,81.4332,5.6233,18.85,17,0,7,0,0,0,0,0,,
8a2e8a4e-e046-4d4e-8a66-18e78e7f1a81,Wallis Orchard DEC USPSA Match,2025-12-21,7,Bay 7 Tk36,2162b733-009b-4b5f-b807-59dd5fd88763,Adrian Hernandez,51,67.37,26,70.49,Limited Optics,B,A87599,MINOR,Senior,84.5882,80.8409,5.5824,18.63,17,0,6,1,0,0,0,0,,
8a2e8a4e-e046-4d4e-8a66-18e78e7f1a81,Wallis Orchard DEC USPSA Match,2025-12-21,7,Bay 7 Tk36,2162b733-009b-4b5f-b807-59dd5fd88763,Jerry Bedro,52,66.97,27,70.08,Limited Optics,B,A98263,MINOR,,84.0927,80.3673,5.5497,19.10,18,0,5,1,0,0,0,0,,
8a2e8a4e-e046-4d4e-8a66-18e78e7f1a81,Wallis Orchard DEC USPSA Match,2025-12-21,7,Bay 7 Tk36,2162b733-009b-4b5f-b807-59dd5fd88763,Marco Yue,53,66.69,28,69.78,Limited Optics,B,L5762,MINOR,,83.7412,80.0314,5.5265,17.19,18,0,5,0,1,0,0,0,,
8a2e8a4e-e046-4d4e-8a66-18e78e7f1a81,Wallis Orchard DEC USPSA Match,2025-12-21,7,Bay 7 Tk36,2162b733-009b-4b5f-b807-59dd5fd88763,Roger Feng,54,65.56,9,69.43,Carry Optics,A,A157776,MINOR,,83.3220,78.6745,5.4328,16.75,16,0,7,0,1,0,0,0,,
8a2e8a4e-e046-4d4e-8a66-18e78e7f1a81,Wallis Orchard DEC USPSA Match,2025-12-21,7,Bay 7 Tk36,2162b733-009b-4b5f-b807-59dd5fd88763,Alexandria Farrar,55,64.85,10,68.68,Carry Optics,U,A165859,MINOR,Lady; Law Enforcement,82.4217,77.8244,5.3741,18.98,16,0,7,1,0,0,0,0,,
8a2e8a4e-e046-4d4e-8a66-18e78e7f1a81,Wallis Orchard DEC USPSA Match,2025-12-21,7,Bay 7 Tk36,2162b733-009b-4b5f-b807-59dd5fd88763,Andrew Quintana,56,64.55,29,67.55,Limited Optics,B,A175263,MINOR,,81.0546,77.4638,5.3492,20.19,18,0,6,0,0,0,0,0,,
8a2e8a4e-e046-4d4e-8a66-18e78e7f1a81,Wallis Orchard DEC USPSA Match,2025-12-21,7,Bay 7 Tk36,2162b733-009b-4b5f-b807-59dd5fd88763,Albert Legislador,57,64.39,7,71.53,PCC,B,TY91787,MINOR,Senior,85.8345,77.2712,5.3359,20.99,20,0,4,0,0,0,0,0,,
8a2e8a4e-e046-4d4e-8a66-18e78e7f1a81,Wallis Orchard DEC USPSA Match,2025-12-21,7,Bay 7 Tk36,2162b733-009b-4b5f-b807-59dd5fd88763,Jesse Harrington,58,62.95,30,65.87,Limited Optics,,A153046,MINOR,,79.0454,75.5436,5.2166,21.47,20,0,4,0,0,0,0,0,,
8a2e8a4e-e046-4d4e-8a66-18e78e7f1a81,Wallis Orchard DEC USPSA Match,2025-12-21,7,Bay 7 Tk36,2162b733-009b-4b5f-b807-59dd5fd88763,Matthew Gonzalez,59,62.92,11,66.63,Carry Optics,B,A119810,MINOR,,79.9586,75.4987,5.2135,22.25,22,0,2,0,0,0,0,0,,
8a2e8a4e-e046-4d4e-8a66-18e78e7f1a81,Wallis Orchard DEC USPSA Match,2025-12-21,7,Bay 7 Tk36,2162b733-009b-4b5f-b807-59dd5fd88763,FRANCIS NGUYEN,60,62.73,31,65.64,Limited Optics,U,A169979,MINOR,,78.7696,75.2800,5.1984,21.93,21,0,3,0,0,0,0,0,,
8a2e8a4e-e046-4d4e-8a66-18e78e7f1a81,Wallis Orchard DEC USPSA Match,2025-12-21,7,Bay 7 Tk36,2162b733-009b-4b5f-b807-59dd5fd88763,Phyl Santos,61,62.70,32,65.61,Limited Optics,A,A155981,MINOR,,78.7332,75.2453,5.1960,21.17,19,0,5,0,0,0,0,0,,
8a2e8a4e-e046-4d4e-8a66-18e78e7f1a81,Wallis Orchard DEC USPSA Match,2025-12-21,7,Bay 7 Tk36,2162b733-009b-4b5f-b807-59dd5fd88763,Ernie Morales,62,62.29,33,65.17,Limited Optics,B,A169705,MINOR,,78.2074,74.7428,5.1613,20.15,16,0,8,0,0,0,0,0,,
8a2e8a4e-e046-4d4e-8a66-18e78e7f1a81,Wallis Orchard DEC USPSA Match,2025-12-21,7,Bay 7 Tk36,2162b733-009b-4b5f-b807-59dd5fd88763,Cliff Pinsent,63,62.22,34,65.10,Limited Optics,B,FY99321,MINOR,Distinguished Senior,78.1211,74.6602,5.1556,20.56,17,0,7,0,0,0,0,0,,
8a2e8a4e-e046-4d4e-8a66-18e78e7f1a81,Wallis Orchard DEC USPSA Match,2025-12-21,7,Bay 7 Tk36,2162b733-009b-4b5f-b807-59dd5fd88763,Janice Pacleb,64,62.00,11,62.00,Open,B,Tu75597,MAJOR,Lady,74.3967,74.3967,5.1374,22.19,18,0,6,0,0,0,0,0,,
8a2e8a4e-e046-4d4e-8a66-18e78e7f1a81,Wallis Orchard DEC USPSA Match,2025-12-21,7,Bay 7 Tk36,2162b733-009b-4b5f-b807-59dd5fd88763,Rudy Widiaman,65,61.56,35,64.41,Limited Optics,C,A155535,MINOR,,77.2937,73.8695,5.1010,18.82,15,0,6,3,0,0,0,0,,
8a2e8a4e-e046-4d4e-8a66-18e78e7f1a81,Wallis Orchard DEC USPSA Match,2025-12-21,7,Bay 7 Tk36,2162b733-009b-4b5f-b807-59dd5fd88763,Harlan Chen,66,61.22,36,64.06,Limited Optics,B,A163292,MINOR,,76.8664,73.4612,5.0728,19.91,21,0,2,0,1,0,0,0,,
8a2e8a4e-e046-4d4e-8a66-18e78e7f1a81,Wallis Orchard DEC USPSA Match,2025-12-21,7,Bay 7 Tk36,2162b733-009b-4b5f-b807-59dd5fd88763,Jose Lopez,67,59.47,12,62.98,Carry Optics,U,A173303,MINOR,,75.5784,71.3628,4.9279,21.51,17,0,7,0,0,0,0,0,,
8a2e8a4e-e046-4d4e-8a66-18e78e7f1a81,Wallis Orchard DEC USPSA Match,2025-12-21,7,Bay 7 Tk36,2162b733-009b-4b5f-b807-59dd5fd88763,michael womack,68,58.57,37,61.29,Limited Optics,B,A166212,MINOR,,73.5435,70.2854,4.8535,21.84,17,0,7,0,0,0,0,0,,
8a2e8a4e-e046-4d4e-8a66-18e78e7f1a81,Wallis Orchard DEC USPSA Match,2025-12-21,7,Bay 7 Tk36,2162b733-009b-4b5f-b807-59dd5fd88763,Will Allen,69,58.00,38,60.69,Limited Optics,U,A128231,MINOR,,72.8298,69.6033,4.8064,22.47,20,0,2,2,0,0,0,0,,
8a2e8a4e-e046-4d4e-8a66-18e78e7f1a81,Wallis Orchard DEC USPSA Match,2025-12-21,7,Bay 7 Tk36,2162b733-009b-4b5f-b807-59dd5fd88763,chris bulkley,70,56.97,13,60.34,Carry Optics,B,A159469,MINOR,,72.4052,68.3666,4.7210,23.30,19,0,5,0,0,0,0,0,,
8a2e8a4e-e046-4d4e-8a66-18e78e7f1a81,Wallis Orchard DEC USPSA Match,2025-12-21,7,Bay 7 Tk36,2162b733-009b-4b5f-b807-59dd5fd88763,Marlon Pors,71,56.79,14,60.14,Carry Optics,C,Ty1234,MINOR,Law Enforcement,72.1736,68.1480,4.7059,22.95,18,0,6,0,0,0,0,0,,
8a2e8a4e-e046-4d4e-8a66-18e78e7f1a81,Wallis Orchard DEC USPSA Match,2025-12-21,7,Bay 7 Tk36,2162b733-009b-4b5f-b807-59dd5fd88763,Jason Wilson,72,56.54,1,100.00,Limited 10,M,A94696,MAJOR,,120.0000,67.8453,4.6850,24.76,20,0,4,0,0,0,0,0,,
8a2e8a4e-e046-4d4e-8a66-18e78e7f1a81,Wallis Orchard DEC USPSA Match,2025-12-21,7,Bay 7 Tk36,2162b733-009b-4b5f-b807-59dd5fd88763,"Byron ""BigBDaShooter"" McGowen",73,56.40,39,59.02,Limited Optics,C,A159731,MINOR,Military,70.8235,67.6860,4.6740,24.39,21,0,3,0,0,0,0,0,,
8a2e8a4e-e046-4d4e-8a66-18e78e7f1a81,Wallis Orchard DEC USPSA Match,2025-12-21,7,Bay 7 Tk36,2162b733-009b-4b5f-b807-59dd5fd88763,"Jeff Maxwell, Jr.",74,55.64,15,58.93,Carry Optics,B,L4489,MINOR,Senior,70.7181,66.7737,4.6110,24.29,20,0,4,0,0,0,0,0,,
8a2e8a4e-e046-4d4e-8a66-18e78e7f1a81,Wallis Orchard DEC USPSA Match,2025-12-21,7,Bay 7 Tk36,2162b733-009b-4b5f-b807-59dd5fd88763,Yihao Zuo,75,54.95,40,57.50,Limited Optics,C,A165414,MINOR,,68.9961,65.9395,4.5534,22.84,17,0,6,1,0,0,0,0,,
8a2e8a4e-e046-4d4e-8a66-18e78e7f1a81,Wallis Orchard DEC USPSA Match,2025-12-21,7,Bay 7 Tk36,2162b733-009b-4b5f-b807-59dd5fd88763,Andre Wijaya,76,54.46,41,56.99,Limited Optics,U,A175473,MINOR,,68.3825,65.3530,4.5129,18.17,18,0,4,0,2,0,0,0,,
8a2e8a4e-e046-4d4e-8a66-18e78e7f1a81,Wallis Orchard DEC USPSA Match,2025-12-21,7,Bay 7 Tk36,2162b733-009b-4b5f-b807-59dd5fd88763,Matthew Givens,77,54.18,8,60.18,PCC,A,Ty137686,MINOR,,72.2207,65.0156,4.4896,23.61,17,0,7,0,0,0,0,0,,
8a2e8a4e-e046-4d4e-8a66-18e78e7f1a81,Wallis Orchard DEC USPSA Match,2025-12-21,7,Bay 7 Tk36,2162b733-009b-4b5f-b807-59dd5fd88763,Kevin Baker,78,53.72,42,56.21,Limited Optics,C,,MINOR,,67.4536,64.4653,4.4516,24.71,19,0,5,0,0,0,0,0,,
8a2e8a4e-e046-4d4e-8a66-18e78e7f1a81,Wallis Orchard DEC USPSA Match,2025-12-21,7,Bay 7 Tk36,2162b733-009b-4b5f-b807-59dd5fd88763,Markho Babasoro,79,52.47,43,54.90,Limited Optics,U,A174757,MINOR,,65.8807,62.9622,4.3478,23.46,16,0,7,1,0,0,0,0,,
8a2e8a4e-e046-4d4e-8a66-18e78e7f1a81,Wallis Orchard DEC USPSA Match,2025-12-21,7,Bay 7 Tk36,2162b733-009b-4b5f-b807-59dd5fd88763,Jeannie Marrone,80,50.25,12,50.25,Open,C,TY133357,MAJOR,Lady; Super Senior,60.2947,60.2947,4.1636,27.62,19,0,5,0,0,0,0,0,,
8a2e8a4e-e046-4d4e-8a66-18e78e7f1a81,Wallis Orchard DEC USPSA Match,2025-12-21,7,Bay 7 Tk36,2162b733-009b-4b5f-b807-59dd5fd88763,Grant Nixon,81,49.92,16,52.87,Carry Optics,B,A172934,MINOR,,63.4470,59.9080,4.1369,28.04,22,0,2,0,0,0,0,0,,
8a2e8a4e-e046-4d4e-8a66-18e78e7f1a81,Wallis Orchard DEC USPSA Match,2025-12-21,7,Bay 7 Tk36,2162b733-009b-4b5f-b807-59dd5fd88763,Virak Meas,82,48.90,44,51.17,Limited Optics,C,O,MINOR,Senior,61.4031,58.6829,4.0523,22.95,18,0,4,1,1,0,0,0,,
8a2e8a4e-e046-4d4e-8a66-18e78e7f1a81,Wallis Orchard DEC USPSA Match,2025-12-21,7,Bay 7 Tk36,2162b733-009b-4b5f-b807-59dd5fd88763,Trevor Symons,83,48.47,13,48.47,Open,U,A172350,MINOR,,58.1674,58.1674,4.0167,26.39,17,0,7,0,0,0,0,0,,
8a2e8a4e-e046-4d4e-8a66-18e78e7f1a81,Wallis Orchard DEC USPSA Match,2025-12-21,7,Bay 7 Tk36,2162b733-009b-4b5f-b807-59dd5fd88763,Keith Bowman Jr,84,43.11,45,45.11,Limited Optics,C,A157830,MINOR,,54.1344,51.7362,3.5726,30.23,18,0,6,0,0,0,0,0,,
8a2e8a4e-e046-4d4e-8a66-18e78e7f1a81,Wallis Orchard DEC USPSA Match,2025-12-21,7,Bay 7 Tk36,2162b733-009b-4b5f-b807-59dd5fd88763,JJ Ratliff,85,40.97,2,51.91,Limited,D,A172706,MAJOR,Lady,62.2953,49.1686,3.3953,27.98,15,0,7,1,1,0,0,0,,
8a2e8a4e-e046-4d4e-8a66-18e78e7f1a81,Wallis Orchard DEC USPSA Match,2025-12-21,7,Bay 7 Tk36,2162b733-009b-4b5f-b807-59dd5fd88763,Luke Kwan,86,36.44,14,36.44,Open,C,A152338,MINOR,,43.7294,43.7294,3.0197,25.83,16,0,6,0,2,0,0,0,,
8a2e8a4e-e046-4d4e-8a66-18e78e7f1a81,Wallis Orchard DEC USPSA Match,2025-12-21,7,Bay 7 Tk36,2162b733-009b-4b5f-b807-59dd5fd88763,Jessica Zhang,87,32.13,17,34.02,Carry Optics,U,,MINOR,,40.8282,38.5509,2.6621,20.66,13,0,6,2,3,0,0,0,,
8a2e8a4e-e046-4d4e-8a66-18e78e7f1a81,Wallis Orchard DEC USPSA Match,2025-12-21,7,Bay 7 Tk36,2162b733-009b-4b5f-b807-59dd5fd88763,Napoleon Lewis,88,24.92,18,26.39,Carry Optics,U,,MINOR,Senior; Military,31.6706,29.9041,2.0650,19.37,20,0,0,0,4,0,0,2,,
8a2e8a4e-e046-4d4e-8a66-18e78e7f1a81,Wallis Orchard DEC USPSA Match,2025-12-21,7,Bay 7 Tk36,2162b733-009b-4b5f-b807-59dd5fd88763,Gilbert Carrillo,89,21.97,46,22.99,Limited Optics,C,A162029,MINOR,,27.5824,26.3605,1.8203,25.82,14,0,5,2,3,0,0,1,,
8a2e8a4e-e046-4d4e-8a66-18e78e7f1a81,Wallis Orchard DEC USPSA Match,2025-12-21,7,Bay 7 Tk36,2162b733-009b-4b5f-b807-59dd5fd88763,Ian Doskocil,90,0.00,19,0.00,Carry Optics,B,A175018,MINOR,,0.0000,0.0000,,,,,×0.26,×0.51,×1.92,,×1.28,,,15.34
8a2e8a4e-e046-4d4e-8a66-18e78e7f1a81,Wallis Orchard DEC USPSA Match,2025-12-21,7,Bay 7 Tk36,2162b733-009b-4b5f-b807-59dd5fd88763,randy callison,91,0.00,9,0.00,PCC,A,A14418,MINOR,,0.0000,0.0000,,,,,×0.27,×0.54,×2.01,,×1.34,,,16.09
