match_id,match_name,match_date,stage_number,stage_name,stage_uuid,shooter_name,shooter_rank_combined,shooter_percent_combined,shooter_rank_division,shooter_percent_division,division,class,member_number,power_factor,categories,stage_points,stage_points_combined,hit_factor,time,A,B,C,D,M,NPM,NS,Proc,Apen
8a66d331-ef80-4ba8-b137-15a657f40493,Kidlat Shooters AUGUST USPSA match  08-01-26,2026-08-01,1,Stage 1,6338951f-32a3-4a8e-ab7a-164aec63a69e,Travis Mckenzie,1,100.00,1,100.00,Open,M,,MAJOR,,130.0000,130.0000,8.3502,14.85,20,,6,,,,,,
8a66d331-ef80-4ba8-b137-15a657f40493,Kidlat Shooters AUGUST USPSA match  08-01-26,2026-08-01,1,Stage 1,6338951f-32a3-4a8e-ab7a-164aec63a69e,Albert Montanez,2,98.03,1,100.00,PCC,M,TY101554,MINOR,,130.0000,127.4359,8.1855,14.66,21,,5,,,,,,
8a66d331-ef80-4ba8-b137-15a657f40493,Kidlat Shooters AUGUST USPSA match  08-01-26,2026-08-01,1,Stage 1,6338951f-32a3-4a8e-ab7a-164aec63a69e,Ryan Jaw,3,96.17,2,96.17,Open,U,X,MAJOR,,125.0259,125.0259,8.0307,14.32,15,,9,2,,,,,
8a66d331-ef80-4ba8-b137-15a657f40493,Kidlat Shooters AUGUST USPSA match  08-01-26,2026-08-01,1,Stage 1,6338951f-32a3-4a8e-ab7a-164aec63a69e,Roger Feng,4,93.32,1,100.00,Carry Optics,M,A157776,MINOR,,130.0000,121.3128,7.7922,14.63,19,,6,1,,,,,
8a66d331-ef80-4ba8-b137-15a657f40493,Kidlat Shooters AUGUST USPSA match  08-01-26,2026-08-01,1,Stage 1,6338951f-32a3-4a8e-ab7a-164aec63a69e,Tyler Denmon,5,83.97,3,83.97,Open,B,X,MINOR,,109.1585,109.1585,7.0115,17.40,22,,4,,,,,,
8a66d331-ef80-4ba8-b137-15a657f40493,Kidlat Shooters AUGUST USPSA match  08-01-26,2026-08-01,1,Stage 1,6338951f-32a3-4a8e-ab7a-164aec63a69e,Glen Kruger,6,83.45,2,85.13,PCC,B,A171162,MINOR,Senior,110.6672,108.4843,6.9682,16.36,18,,8,,,,,,
8a66d331-ef80-4ba8-b137-15a657f40493,Kidlat Shooters AUGUST USPSA match  08-01-26,2026-08-01,1,Stage 1,6338951f-32a3-4a8e-ab7a-164aec63a69e,Jim Havens,7,80.93,4,80.93,Open,M,a114636,MINOR,Senior,105.2056,105.2056,6.7576,15.39,19,,6,1,,,1,,
8a66d331-ef80-4ba8-b137-15a657f40493,Kidlat Shooters AUGUST USPSA match  08-01-26,2026-08-01,1,Stage 1,6338951f-32a3-4a8e-ab7a-164aec63a69e,Andre Wijaya,8,80.69,2,86.47,Carry Optics,C,A175473,MINOR,,112.4091,104.8974,6.7378,17.81,22,,3,1,,,,,
8a66d331-ef80-4ba8-b137-15a657f40493,Kidlat Shooters AUGUST USPSA match  08-01-26,2026-08-01,1,Stage 1,6338951f-32a3-4a8e-ab7a-164aec63a69e,Albert Legislador,9,77.76,3,79.33,PCC,B,Ty91787,MINOR,Senior,103.1281,101.0940,6.4935,16.94,17,,8,1,,,,,
8a66d331-ef80-4ba8-b137-15a657f40493,Kidlat Shooters AUGUST USPSA match  08-01-26,2026-08-01,1,Stage 1,6338951f-32a3-4a8e-ab7a-164aec63a69e,Phil Truong,10,75.82,5,75.82,Open,B,X,MINOR,,98.5657,98.5657,6.3311,19.27,22,,4,,,,,,
8a66d331-ef80-4ba8-b137-15a657f40493,Kidlat Shooters AUGUST USPSA match  08-01-26,2026-08-01,1,Stage 1,6338951f-32a3-4a8e-ab7a-164aec63a69e,Jerry Bedro,11,73.32,4,74.80,PCC,A,A98263,MINOR,,97.2344,95.3165,6.1224,19.60,22,,3,1,,,,,
8a66d331-ef80-4ba8-b137-15a657f40493,Kidlat Shooters AUGUST USPSA match  08-01-26,2026-08-01,1,Stage 1,6338951f-32a3-4a8e-ab7a-164aec63a69e,"Ross ""Riff Raff"" Pimentel",12,70.88,5,72.31,PCC,U,A157753,MINOR,Senior,94.0040,92.1499,5.9190,19.26,18,,8,,,,,,
8a66d331-ef80-4ba8-b137-15a657f40493,Kidlat Shooters AUGUST USPSA match  08-01-26,2026-08-01,1,Stage 1,6338951f-32a3-4a8e-ab7a-164aec63a69e,Alex Goben,13,70.14,3,75.16,Carry Optics,A,L5929,MINOR,,97.7127,91.1831,5.8569,20.83,22,,4,,,,,,
8a66d331-ef80-4ba8-b137-15a657f40493,Kidlat Shooters AUGUST USPSA match  08-01-26,2026-08-01,1,Stage 1,6338951f-32a3-4a8e-ab7a-164aec63a69e,Manny Nerona,14,70.08,1,100.00,Limited Optics,B,A69445,MINOR,,130.0000,91.1037,5.8518,21.19,23,,3,,,,,,
8a66d331-ef80-4ba8-b137-15a657f40493,Kidlat Shooters AUGUST USPSA match  08-01-26,2026-08-01,1,Stage 1,6338951f-32a3-4a8e-ab7a-164aec63a69e,Temu Leograndis,15,68.79,6,70.17,PCC,D,a155982,MINOR,,91.2231,89.4238,5.7439,14.45,15,,9,1,1,,1,,
8a66d331-ef80-4ba8-b137-15a657f40493,Kidlat Shooters AUGUST USPSA match  08-01-26,2026-08-01,1,Stage 1,6338951f-32a3-4a8e-ab7a-164aec63a69e,Waldo Samano,16,68.45,4,73.36,Carry Optics,M,Ty87973,MINOR,,95.3637,88.9910,5.7161,15.92,13,,12,,1,,,,
8a66d331-ef80-4ba8-b137-15a657f40493,Kidlat Shooters AUGUST USPSA match  08-01-26,2026-08-01,1,Stage 1,6338951f-32a3-4a8e-ab7a-164aec63a69e,Duane Mendoza,17,67.67,2,96.56,Limited Optics,U,X,MINOR,,125.5236,87.9666,5.6503,20.53,19,,7,,,,,,
8a66d331-ef80-4ba8-b137-15a657f40493,Kidlat Shooters AUGUST USPSA match  08-01-26,2026-08-01,1,Stage 1,6338951f-32a3-4a8e-ab7a-164aec63a69e,Shaundy Pepito,18,64.80,6,64.80,Open,U,A156809,MAJOR,,84.2411,84.2411,5.4110,19.22,16,,8,1,1,,,,
8a66d331-ef80-4ba8-b137-15a657f40493,Kidlat Shooters AUGUST USPSA match  08-01-26,2026-08-01,1,Stage 1,6338951f-32a3-4a8e-ab7a-164aec63a69e,Janice Pacleb,19,64.48,7,64.48,Open,,,MAJOR,,83.8254,83.8254,5.3843,21.73,15,,10,1,,,,,
8a66d331-ef80-4ba8-b137-15a657f40493,Kidlat Shooters AUGUST USPSA match  08-01-26,2026-08-01,1,Stage 1,6338951f-32a3-4a8e-ab7a-164aec63a69e,Ulrick Fong,20,61.85,7,63.09,PCC,A,A170351,MINOR,Senior,82.0181,80.4003,5.1643,17.04,15,,11,,,,2,,
8a66d331-ef80-4ba8-b137-15a657f40493,Kidlat Shooters AUGUST USPSA match  08-01-26,2026-08-01,1,Stage 1,6338951f-32a3-4a8e-ab7a-164aec63a69e,Drew Yang,21,60.74,5,65.09,Carry Optics,A,FY138478,MINOR,,84.6196,78.9649,5.0721,18.73,20,,5,,1,,1,,
8a66d331-ef80-4ba8-b137-15a657f40493,Kidlat Shooters AUGUST USPSA match  08-01-26,2026-08-01,1,Stage 1,6338951f-32a3-4a8e-ab7a-164aec63a69e,Marco Olivarez,22,60.15,6,64.46,Carry Optics,C,A176449,MINOR,,83.7971,78.1974,5.0228,21.90,17,,8,1,,,,,
8a66d331-ef80-4ba8-b137-15a657f40493,Kidlat Shooters AUGUST USPSA match  08-01-26,2026-08-01,1,Stage 1,6338951f-32a3-4a8e-ab7a-164aec63a69e,John Ren,23,59.58,7,63.84,Carry Optics,A,A168570,MINOR,,82.9963,77.4501,4.9748,17.89,17,,8,,1,,1,,
8a66d331-ef80-4ba8-b137-15a657f40493,Kidlat Shooters AUGUST USPSA match  08-01-26,2026-08-01,1,Stage 1,6338951f-32a3-4a8e-ab7a-164aec63a69e,Gennady Khokhorin,24,58.96,3,84.13,Limited Optics,U,A123884,MINOR,Super Senior,109.3686,76.6452,4.9231,22.75,17,,9,,,,,,
8a66d331-ef80-4ba8-b137-15a657f40493,Kidlat Shooters AUGUST USPSA match  08-01-26,2026-08-01,1,Stage 1,6338951f-32a3-4a8e-ab7a-164aec63a69e,David Zhang,25,55.95,8,59.95,Carry Optics,B,FY140383,MINOR,,77.9396,72.7313,4.6717,22.69,16,,8,2,,,,,
8a66d331-ef80-4ba8-b137-15a657f40493,Kidlat Shooters AUGUST USPSA match  08-01-26,2026-08-01,1,Stage 1,6338951f-32a3-4a8e-ab7a-164aec63a69e,James Berry,26,55.17,9,59.12,Carry Optics,U,A174774,MINOR,,76.8502,71.7147,4.6064,23.88,16,,10,,,,,,
8a66d331-ef80-4ba8-b137-15a657f40493,Kidlat Shooters AUGUST USPSA match  08-01-26,2026-08-01,1,Stage 1,6338951f-32a3-4a8e-ab7a-164aec63a69e,Harlan Chen,27,54.85,4,78.27,Limited Optics,B,a163292,MINOR,,101.7509,71.3068,4.5802,20.96,11,,13,2,,,,,
8a66d331-ef80-4ba8-b137-15a657f40493,Kidlat Shooters AUGUST USPSA match  08-01-26,2026-08-01,1,Stage 1,6338951f-32a3-4a8e-ab7a-164aec63a69e,Jose Onia,28,53.65,5,76.56,Limited Optics,C,12346,MINOR,Senior,99.5272,69.7484,4.4801,23.66,15,,10,1,,,,,
8a66d331-ef80-4ba8-b137-15a657f40493,Kidlat Shooters AUGUST USPSA match  08-01-26,2026-08-01,1,Stage 1,6338951f-32a3-4a8e-ab7a-164aec63a69e,Kit Bong Morales,29,49.96,10,53.54,Carry Optics,U,A57907,MINOR,Senior,69.5979,64.9471,4.1717,24.93,16,,7,3,,,,,
8a66d331-ef80-4ba8-b137-15a657f40493,Kidlat Shooters AUGUST USPSA match  08-01-26,2026-08-01,1,Stage 1,6338951f-32a3-4a8e-ab7a-164aec63a69e,Kirk Skinner,30,49.32,6,70.38,Limited Optics,B,A157600,MINOR,,91.4963,64.1204,4.1186,24.28,16,,10,,,,1,,
8a66d331-ef80-4ba8-b137-15a657f40493,Kidlat Shooters AUGUST USPSA match  08-01-26,2026-08-01,1,Stage 1,6338951f-32a3-4a8e-ab7a-164aec63a69e,Wade Pruetz,31,48.66,8,48.66,Open,A,A79055,MAJOR,Senior,63.2563,63.2563,4.0631,16.49,17,,5,1,3,,1,,
8a66d331-ef80-4ba8-b137-15a657f40493,Kidlat Shooters AUGUST USPSA match  08-01-26,2026-08-01,1,Stage 1,6338951f-32a3-4a8e-ab7a-164aec63a69e,NeaL NaNDiN,32,47.05,9,47.05,Open,C,FY71894,MAJOR,,61.1639,61.1639,3.9287,21.89,16,,9,,1,,2,,
8a66d331-ef80-4ba8-b137-15a657f40493,Kidlat Shooters AUGUST USPSA match  08-01-26,2026-08-01,1,Stage 1,6338951f-32a3-4a8e-ab7a-164aec63a69e,Chris Ballard,33,46.22,7,65.95,Limited Optics,C,A178189,MINOR,,85.7336,60.0819,3.8592,29.54,19,,6,1,,,,,
8a66d331-ef80-4ba8-b137-15a657f40493,Kidlat Shooters AUGUST USPSA match  08-01-26,2026-08-01,1,Stage 1,6338951f-32a3-4a8e-ab7a-164aec63a69e,Jhun Caoagas jr,34,43.74,8,62.42,Limited Optics,C,A170038,MINOR,,81.1439,56.8655,3.6526,22.45,15,,9,,2,,,,
8a66d331-ef80-4ba8-b137-15a657f40493,Kidlat Shooters AUGUST USPSA match  08-01-26,2026-08-01,1,Stage 1,6338951f-32a3-4a8e-ab7a-164aec63a69e,chris bulkley,35,42.27,11,45.30,Carry Optics,B,A159469,MINOR,,58.8922,54.9568,3.5300,20.68,17,,6,,3,,,,
8a66d331-ef80-4ba8-b137-15a657f40493,Kidlat Shooters AUGUST USPSA match  08-01-26,2026-08-01,1,Stage 1,6338951f-32a3-4a8e-ab7a-164aec63a69e,Jonathan Yanbao Bousquet,36,42.07,9,60.03,Limited Optics,U,A185757,MINOR,,78.0427,54.6921,3.5130,33.02,19,,7,,,,,,
8a66d331-ef80-4ba8-b137-15a657f40493,Kidlat Shooters AUGUST USPSA match  08-01-26,2026-08-01,1,Stage 1,6338951f-32a3-4a8e-ab7a-164aec63a69e,Jon Baguio,37,41.11,10,41.11,Open,C,X,MAJOR,,53.4373,53.4373,3.4324,28.26,11,,12,2,1,,,,
8a66d331-ef80-4ba8-b137-15a657f40493,Kidlat Shooters AUGUST USPSA match  08-01-26,2026-08-01,1,Stage 1,6338951f-32a3-4a8e-ab7a-164aec63a69e,Bryant Moorefield,38,36.72,10,52.40,Limited Optics,U,A176823,MINOR,,68.1190,47.7377,3.0663,31.96,23,,1,,2,,,,
8a66d331-ef80-4ba8-b137-15a657f40493,Kidlat Shooters AUGUST USPSA match  08-01-26,2026-08-01,1,Stage 1,6338951f-32a3-4a8e-ab7a-164aec63a69e,Devie ubas,39,36.13,11,36.13,Open,C,,MAJOR,,46.9717,46.9717,3.0171,39.11,16,,9,1,,,,,
8a66d331-ef80-4ba8-b137-15a657f40493,Kidlat Shooters AUGUST USPSA match  08-01-26,2026-08-01,1,Stage 1,6338951f-32a3-4a8e-ab7a-164aec63a69e,Lee King,40,31.07,12,33.30,Carry Optics,C,A163654,MINOR,Super Senior,43.2900,40.3971,2.5948,34.30,15,,7,3,1,,,,
8a66d331-ef80-4ba8-b137-15a657f40493,Kidlat Shooters AUGUST USPSA match  08-01-26,2026-08-01,1,Stage 1,6338951f-32a3-4a8e-ab7a-164aec63a69e,Fred Ermac,41,27.69,11,39.51,Limited Optics,U,A106439,MINOR,,51.3620,35.9943,2.3120,42.82,18,,6,1,1,,,,
8a66d331-ef80-4ba8-b137-15a657f40493,Kidlat Shooters AUGUST USPSA match  08-01-26,2026-08-01,1,Stage 1,6338951f-32a3-4a8e-ab7a-164aec63a69e,Emman Alcoseba,42,24.16,1,100.00,Limited,C,TY67519,MINOR,Super Senior,130.0000,31.4016,2.0170,37.68,13,,10,1,2,,,,
8a66d331-ef80-4ba8-b137-15a657f40493,Kidlat Shooters AUGUST USPSA match  08-01-26,2026-08-01,1,Stage 1,6338951f-32a3-4a8e-ab7a-164aec63a69e,peter Alcazaren,43,19.90,1,100.00,Single Stack,U,,MINOR,,130.0000,25.8702,1.6617,49.95,14,,6,5,1,,,,
8a66d331-ef80-4ba8-b137-15a657f40493,Kidlat Shooters AUGUST USPSA match  08-01-26,2026-08-01,1,Stage 1,6338951f-32a3-4a8e-ab7a-164aec63a69e,Olayemi Bakare,44,0.00,12,0.00,Open,A,A105300,MAJOR,,0.0000,0.0000,,,,,,,,,,,
8a66d331-ef80-4ba8-b137-15a657f40493,Kidlat Shooters AUGUST USPSA match  08-01-26,2026-08-01,1,Stage 1,6338951f-32a3-4a8e-ab7a-164aec63a69e,August Balagtas,45,0.00,13,0.00,Open,M,L3674,MAJOR,,0.0000,0.0000,,,,,,,,,,,
8a66d331-ef80-4ba8-b137-15a657f40493,Kidlat Shooters AUGUST USPSA match  08-01-26,2026-08-01,1,Stage 1,6338951f-32a3-4a8e-ab7a-164aec63a69e,Jared Butler,46,0.00,12,0.00,Limited Optics,C,A183653,MINOR,,0.0000,0.0000,,,,,,,,,,,
8a66d331-ef80-4ba8-b137-15a657f40493,Kidlat Shooters AUGUST USPSA match  08-01-26,2026-08-01,1,Stage 1,6338951f-32a3-4a8e-ab7a-164aec63a69e,Yulmer Carreno,47,0.00,13,0.00,Limited Optics,B,A157204,MINOR,,0.0000,0.0000,,,,,,,,,,,
8a66d331-ef80-4ba8-b137-15a657f40493,Kidlat Shooters AUGUST USPSA match  08-01-26,2026-08-01,1,Stage 1,6338951f-32a3-4a8e-ab7a-164aec63a69e,Mervs Castillon,48,0.00,14,0.00,Limited Optics,U,A174980,MINOR,Senior,0.0000,0.0000,,,,,,,,,,,
8a66d331-ef80-4ba8-b137-15a657f40493,Kidlat Shooters AUGUST USPSA match  08-01-26,2026-08-01,1,Stage 1,6338951f-32a3-4a8e-ab7a-164aec63a69e,William Horton,49,0.00,14,0.00,Open,U,A12309584,MAJOR,,0.0000,0.0000,,,,,,,,,,,
8a66d331-ef80-4ba8-b137-15a657f40493,Kidlat Shooters AUGUST USPSA match  08-01-26,2026-08-01,1,Stage 1,6338951f-32a3-4a8e-ab7a-164aec63a69e,Yul Kwan,50,0.00,15,0.00,Open,C,A165984,MAJOR,,0.0000,0.0000,,,,,,,,,,,
8a66d331-ef80-4ba8-b137-15a657f40493,Kidlat Shooters AUGUST USPSA match  08-01-26,2026-08-01,1,Stage 1,6338951f-32a3-4a8e-ab7a-164aec63a69e,Napoleon BigLew Lewis,51,0.00,16,0.00,Open,C,A154149,MINOR,Senior,0.0000,0.0000,,,,,,,,,,,
8a66d331-ef80-4ba8-b137-15a657f40493,Kidlat Shooters AUGUST USPSA match  08-01-26,2026-08-01,1,Stage 1,6338951f-32a3-4a8e-ab7a-164aec63a69e,Napoleon BigLew Lewis,52,0.00,1,0.00,Production,U,A154149,MINOR,Senior,0.0000,0.0000,,,,,,,,,,,
8a66d331-ef80-4ba8-b137-15a657f40493,Kidlat Shooters AUGUST USPSA match  08-01-26,2026-08-01,1,Stage 1,6338951f-32a3-4a8e-ab7a-164aec63a69e,Andres Lezama,53,0.00,15,0.00,Limited Optics,C,A168072,MINOR,,0.0000,0.0000,,,,,,,,,,,
8a66d331-ef80-4ba8-b137-15a657f40493,Kidlat Shooters AUGUST USPSA match  08-01-26,2026-08-01,1,Stage 1,6338951f-32a3-4a8e-ab7a-164aec63a69e,Andres Lezama,54,0.00,16,0.00,Limited Optics,C,A168072,MINOR,,0.0000,0.0000,,,,,,,,,,,
8a66d331-ef80-4ba8-b137-15a657f40493,Kidlat Shooters AUGUST USPSA match  08-01-26,2026-08-01,1,Stage 1,6338951f-32a3-4a8e-ab7a-164aec63a69e,Jack Liu,55,0.00,8,0.00,PCC,M,L6156,MINOR,,0.0000,0.0000,,,,,,,,,,,
8a66d331-ef80-4ba8-b137-15a657f40493,Kidlat Shooters AUGUST USPSA match  08-01-26,2026-08-01,1,Stage 1,6338951f-32a3-4a8e-ab7a-164aec63a69e,Antonio Martinez,56,0.00,13,0.00,Carry Optics,,,MINOR,,0.0000,0.0000,,,,,,,,,,,
8a66d331-ef80-4ba8-b137-15a657f40493,Kidlat Shooters AUGUST USPSA match  08-01-26,2026-08-01,1,Stage 1,6338951f-32a3-4a8e-ab7a-164aec63a69e,Keaton Mayfield,57,0.00,14,0.00,Carry Optics,A,A147501,MINOR,,0.0000,0.0000,,,,,,,,,,,
8a66d331-ef80-4ba8-b137-15a657f40493,Kidlat Shooters AUGUST USPSA match  08-01-26,2026-08-01,1,Stage 1,6338951f-32a3-4a8e-ab7a-164aec63a69e,"Byron ""BigBDaShooter"" McGowen",58,0.00,15,0.00,Carry Optics,C,A159731,MINOR,Junior,0.0000,0.0000,,,,,,,,,,,
8a66d331-ef80-4ba8-b137-15a657f40493,Kidlat Shooters AUGUST USPSA match  08-01-26,2026-08-01,1,Stage 1,6338951f-32a3-4a8e-ab7a-164aec63a69e,Neil McMullin,59,0.00,2,0.00,Limited,U,A162927,MINOR,,0.0000,0.0000,,,,,,,,,,,
8a66d331-ef80-4ba8-b137-15a657f40493,Kidlat Shooters AUGUST USPSA match  08-01-26,2026-08-01,1,Stage 1,6338951f-32a3-4a8e-ab7a-164aec63a69e,Virak Meas,60,0.00,17,0.00,Open,C,O,MINOR,Senior,0.0000,0.0000,,,,,,,,,,,
8a66d331-ef80-4ba8-b137-15a657f40493,Kidlat Shooters AUGUST USPSA match  08-01-26,2026-08-01,1,Stage 1,6338951f-32a3-4a8e-ab7a-164aec63a69e,Marco Olivarez,61,0.00,16,0.00,Carry Optics,C,A176449,MINOR,,0.0000,0.0000,,,,,,,,,,,
8a66d331-ef80-4ba8-b137-15a657f40493,Kidlat Shooters AUGUST USPSA match  08-01-26,2026-08-01,1,Stage 1,6338951f-32a3-4a8e-ab7a-164aec63a69e,Johans Pinto,62,0.00,17,0.00,Carry Optics,D,A182441,MINOR,,0.0000,0.0000,,,,,,,,,,,
8a66d331-ef80-4ba8-b137-15a657f40493,Kidlat Shooters AUGUST USPSA match  08-01-26,2026-08-01,1,Stage 1,6338951f-32a3-4a8e-ab7a-164aec63a69e,stormtrooper Qian,63,0.00,17,0.00,Limited Optics,B,a11112,MINOR,,0.0000,0.0000,,,,,,,,,,,
8a66d331-ef80-4ba8-b137-15a657f40493,Kidlat Shooters AUGUST USPSA match  08-01-26,2026-08-01,1,Stage 1,6338951f-32a3-4a8e-ab7a-164aec63a69e,Jeje Racza,64,0.00,18,0.00,Carry Optics,U,0,MINOR,,0.0000,0.0000,,,,,,,,,,,
8a66d331-ef80-4ba8-b137-15a657f40493,Kidlat Shooters AUGUST USPSA match  08-01-26,2026-08-01,1,Stage 1,6338951f-32a3-4a8e-ab7a-164aec63a69e,Sonny Somera,65,0.00,18,0.00,Limited Optics,D,A118611,MINOR,,0.0000,0.0000,,,,,,,,,,,
8a66d331-ef80-4ba8-b137-15a657f40493,Kidlat Shooters AUGUST USPSA match  08-01-26,2026-08-01,1,Stage 1,6338951f-32a3-4a8e-ab7a-164aec63a69e,Raul Sotelo,66,0.00,19,0.00,Limited Optics,A,TY41489,MINOR,Senior,0.0000,0.0000,,,,,,,,,,,
8a66d331-ef80-4ba8-b137-15a657f40493,Kidlat Shooters AUGUST USPSA match  08-01-26,2026-08-01,1,Stage 1,6338951f-32a3-4a8e-ab7a-164aec63a69e,Charity Taylor,67,0.00,9,0.00,PCC,D,A104508,MINOR,Lady; Senior,0.0000,0.0000,,,,,,,,,,,
8a66d331-ef80-4ba8-b137-15a657f40493,Kidlat Shooters AUGUST USPSA match  08-01-26,2026-08-01,1,Stage 1,6338951f-32a3-4a8e-ab7a-164aec63a69e,Antonio Tormis,68,0.00,18,0.00,Open,B,A121458,MAJOR,,0.0000,0.0000,,,,,,,,,,,
8a66d331-ef80-4ba8-b137-15a657f40493,Kidlat Shooters AUGUST USPSA match  08-01-26,2026-08-01,1,Stage 1,6338951f-32a3-4a8e-ab7a-164aec63a69e,Coder W,69,0.00,10,0.00,PCC,A,A178525,MINOR,,0.0000,0.0000,,,,,,,,,,,
8a66d331-ef80-4ba8-b137-15a657f40493,Kidlat Shooters AUGUST USPSA match  08-01-26,2026-08-01,1,Stage 1,6338951f-32a3-4a8e-ab7a-164aec63a69e,Yanlin Xiang,70,0.00,20,0.00,Limited Optics,B,A164967,MINOR,,0.0000,0.0000,,,,,,,,,,,
8a66d331-ef80-4ba8-b137-15a657f40493,Kidlat Shooters AUGUST USPSA match  08-01-26,2026-08-01,1,Stage 1,6338951f-32a3-4a8e-ab7a-164aec63a69e,Rene Zalamea,71,0.00,21,0.00,Limited Optics,U,a66891,MINOR,Senior,0.0000,0.0000,,,,,,,,,,,
8a66d331-ef80-4ba8-b137-15a657f40493,Kidlat Shooters AUGUST USPSA match  08-01-26,2026-08-01,1,Stage 1,6338951f-32a3-4a8e-ab7a-164aec63a69e,Jay-R delos-Santos,72,0.00,11,0.00,PCC,B,A70297,MINOR,Senior,0.0000,0.0000,,,,,,,,,,,
8a66d331-ef80-4ba8-b137-15a657f40493,Kidlat Shooters AUGUST USPSA match  08-01-26,2026-08-01,1,Stage 1,6338951f-32a3-4a8e-ab7a-164aec63a69e,lin shi,73,0.00,19,0.00,Carry Optics,U,TY138430,MINOR,Super Senior,0.0000,0.0000,,,,,,,,,,,
8a66d331-ef80-4ba8-b137-15a657f40493,Kidlat Shooters AUGUST USPSA match  08-01-26,2026-08-01,1,Stage 1,6338951f-32a3-4a8e-ab7a-164aec63a69e,lin shi,74,0.00,20,0.00,Carry Optics,U,TY138430,MINOR,Junior,0.0000,0.0000,,,,,,,,,,,
8a66d331-ef80-4ba8-b137-15a657f40493,Kidlat Shooters AUGUST USPSA match  08-01-26,2026-08-01,2,Stage 2,0925abac-2f96-4372-899e-24b6cd979838,Temu Leograndis,1,100.00,1,100.00,PCC,D,a155982,MINOR,,130.0000,130.0000,8.1853,12.95,16,,8,2,,,,,
8a66d331-ef80-4ba8-b137-15a657f40493,Kidlat Shooters AUGUST USPSA match  08-01-26,2026-08-01,2,Stage 2,0925abac-2f96-4372-899e-24b6cd979838,Jim Havens,2,95.10,1,100.00,Open,M,a114636,MINOR,Senior,130.0000,123.6281,7.7841,15.93,23,,3,,,,,,
8a66d331-ef80-4ba8-b137-15a657f40493,Kidlat Shooters AUGUST USPSA match  08-01-26,2026-08-01,2,Stage 2,0925abac-2f96-4372-899e-24b6cd979838,Albert Montanez,3,92.90,2,92.90,PCC,M,TY101554,MINOR,,120.7693,120.7693,7.6041,16.57,24,,2,,,,,,
8a66d331-ef80-4ba8-b137-15a657f40493,Kidlat Shooters AUGUST USPSA match  08-01-26,2026-08-01,2,Stage 2,0925abac-2f96-4372-899e-24b6cd979838,Travis Mckenzie,4,90.00,2,94.64,Open,M,,MAJOR,,123.0358,117.0052,7.3671,16.56,20,,5,1,,,,,
8a66d331-ef80-4ba8-b137-15a657f40493,Kidlat Shooters AUGUST USPSA match  08-01-26,2026-08-01,2,Stage 2,0925abac-2f96-4372-899e-24b6cd979838,Roger Feng,5,87.47,1,100.00,Carry Optics,M,A157776,MINOR,,130.0000,113.7065,7.1594,17.32,23,,3,,,,,,
8a66d331-ef80-4ba8-b137-15a657f40493,Kidlat Shooters AUGUST USPSA match  08-01-26,2026-08-01,2,Stage 2,0925abac-2f96-4372-899e-24b6cd979838,Tyler Denmon,6,84.15,3,88.49,Open,B,X,MINOR,,115.0362,109.3977,6.8881,16.26,17,,9,,,,,,
8a66d331-ef80-4ba8-b137-15a657f40493,Kidlat Shooters AUGUST USPSA match  08-01-26,2026-08-01,2,Stage 2,0925abac-2f96-4372-899e-24b6cd979838,Glen Kruger,7,83.96,3,83.96,PCC,B,A171162,MINOR,Senior,109.1420,109.1420,6.8720,16.88,20,,5,1,,,,,
8a66d331-ef80-4ba8-b137-15a657f40493,Kidlat Shooters AUGUST USPSA match  08-01-26,2026-08-01,2,Stage 2,0925abac-2f96-4372-899e-24b6cd979838,Drew Yang,8,83.16,2,95.07,Carry Optics,A,FY138478,MINOR,,123.5939,108.1033,6.8066,17.63,21,,5,,,,,,
8a66d331-ef80-4ba8-b137-15a657f40493,Kidlat Shooters AUGUST USPSA match  08-01-26,2026-08-01,2,Stage 2,0925abac-2f96-4372-899e-24b6cd979838,Albert Legislador,9,80.13,4,80.13,PCC,B,Ty91787,MINOR,Senior,104.1725,104.1725,6.5591,19.21,24,,2,,,,,,
8a66d331-ef80-4ba8-b137-15a657f40493,Kidlat Shooters AUGUST USPSA match  08-01-26,2026-08-01,2,Stage 2,0925abac-2f96-4372-899e-24b6cd979838,Jerry Bedro,10,79.91,5,79.91,PCC,A,A98263,MINOR,,103.8787,103.8787,6.5406,19.57,25,,1,,,,,,
8a66d331-ef80-4ba8-b137-15a657f40493,Kidlat Shooters AUGUST USPSA match  08-01-26,2026-08-01,2,Stage 2,0925abac-2f96-4372-899e-24b6cd979838,Wade Pruetz,11,78.00,4,82.02,Open,A,A79055,MAJOR,Senior,106.6207,101.3947,6.3842,17.23,18,,7,1,,,1,,
8a66d331-ef80-4ba8-b137-15a657f40493,Kidlat Shooters AUGUST USPSA match  08-01-26,2026-08-01,2,Stage 2,0925abac-2f96-4372-899e-24b6cd979838,Andre Wijaya,12,77.81,3,88.96,Carry Optics,C,A175473,MINOR,,115.6425,101.1485,6.3687,17.90,18,,8,,,,,,
8a66d331-ef80-4ba8-b137-15a657f40493,Kidlat Shooters AUGUST USPSA match  08-01-26,2026-08-01,2,Stage 2,0925abac-2f96-4372-899e-24b6cd979838,Phil Truong,13,77.76,5,81.76,Open,B,X,MINOR,,106.2933,101.0834,6.3646,18.54,20,,6,,,,,,
8a66d331-ef80-4ba8-b137-15a657f40493,Kidlat Shooters AUGUST USPSA match  08-01-26,2026-08-01,2,Stage 2,0925abac-2f96-4372-899e-24b6cd979838,Shaundy Pepito,14,77.33,6,81.32,Open,U,A156809,MAJOR,,105.7122,100.5307,6.3298,18.80,15,,11,,,,,,
8a66d331-ef80-4ba8-b137-15a657f40493,Kidlat Shooters AUGUST USPSA match  08-01-26,2026-08-01,2,Stage 2,0925abac-2f96-4372-899e-24b6cd979838,Manny Nerona,15,74.52,1,100.00,Limited Optics,B,A69445,MINOR,,130.0000,96.8810,6.1000,20.00,22,,4,,,,,,
8a66d331-ef80-4ba8-b137-15a657f40493,Kidlat Shooters AUGUST USPSA match  08-01-26,2026-08-01,2,Stage 2,0925abac-2f96-4372-899e-24b6cd979838,Ryan Jaw,16,73.26,7,77.03,Open,U,X,MAJOR,,100.1425,95.2340,5.9963,16.01,18,,6,1,1,,1,,
8a66d331-ef80-4ba8-b137-15a657f40493,Kidlat Shooters AUGUST USPSA match  08-01-26,2026-08-01,2,Stage 2,0925abac-2f96-4372-899e-24b6cd979838,Janice Pacleb,17,73.11,8,76.88,Open,,,MAJOR,,99.9404,95.0418,5.9842,20.22,17,,9,,,,,,
8a66d331-ef80-4ba8-b137-15a657f40493,Kidlat Shooters AUGUST USPSA match  08-01-26,2026-08-01,2,Stage 2,0925abac-2f96-4372-899e-24b6cd979838,Duane Mendoza,18,72.36,2,97.10,Limited Optics,U,X,MINOR,,126.2236,94.0667,5.9228,18.91,18,,7,1,,,,,
8a66d331-ef80-4ba8-b137-15a657f40493,Kidlat Shooters AUGUST USPSA match  08-01-26,2026-08-01,2,Stage 2,0925abac-2f96-4372-899e-24b6cd979838,NeaL NaNDiN,19,72.23,9,75.95,Open,C,FY71894,MAJOR,,98.7363,93.8967,5.9121,19.79,15,,10,1,,,,,
8a66d331-ef80-4ba8-b137-15a657f40493,Kidlat Shooters AUGUST USPSA match  08-01-26,2026-08-01,2,Stage 2,0925abac-2f96-4372-899e-24b6cd979838,Jon Baguio,20,70.72,10,74.36,Open,C,X,MAJOR,,96.6704,91.9321,5.7884,20.04,14,,11,1,,,,,
8a66d331-ef80-4ba8-b137-15a657f40493,Kidlat Shooters AUGUST USPSA match  08-01-26,2026-08-01,2,Stage 2,0925abac-2f96-4372-899e-24b6cd979838,Jhun Caoagas jr,21,65.64,3,88.08,Limited Optics,C,A170038,MINOR,,114.4980,85.3283,5.3726,23.08,23,,3,,,,,,
8a66d331-ef80-4ba8-b137-15a657f40493,Kidlat Shooters AUGUST USPSA match  08-01-26,2026-08-01,2,Stage 2,0925abac-2f96-4372-899e-24b6cd979838,Ulrick Fong,22,65.20,6,65.20,PCC,A,A170351,MINOR,Senior,84.7661,84.7661,5.3372,17.05,19,,5,1,1,,1,,
8a66d331-ef80-4ba8-b137-15a657f40493,Kidlat Shooters AUGUST USPSA match  08-01-26,2026-08-01,2,Stage 2,0925abac-2f96-4372-899e-24b6cd979838,Harlan Chen,23,63.70,4,85.48,Limited Optics,B,a163292,MINOR,,111.1244,82.8142,5.2143,22.63,20,,6,,,,,,
8a66d331-ef80-4ba8-b137-15a657f40493,Kidlat Shooters AUGUST USPSA match  08-01-26,2026-08-01,2,Stage 2,0925abac-2f96-4372-899e-24b6cd979838,"Ross ""Riff Raff"" Pimentel",24,60.18,7,60.18,PCC,U,A157753,MINOR,Senior,78.2370,78.2370,4.9261,22.33,18,,6,2,,,,,
8a66d331-ef80-4ba8-b137-15a657f40493,Kidlat Shooters AUGUST USPSA match  08-01-26,2026-08-01,2,Stage 2,0925abac-2f96-4372-899e-24b6cd979838,Kirk Skinner,25,59.89,5,80.37,Limited Optics,B,A157600,MINOR,,104.4774,77.8606,4.9024,24.07,20,,6,,,,,,
8a66d331-ef80-4ba8-b137-15a657f40493,Kidlat Shooters AUGUST USPSA match  08-01-26,2026-08-01,2,Stage 2,0925abac-2f96-4372-899e-24b6cd979838,Alex Goben,26,57.09,4,65.28,Carry Optics,A,L5929,MINOR,,84.8575,74.2220,4.6733,22.04,24,,1,,1,,1,,
8a66d331-ef80-4ba8-b137-15a657f40493,Kidlat Shooters AUGUST USPSA match  08-01-26,2026-08-01,2,Stage 2,0925abac-2f96-4372-899e-24b6cd979838,Waldo Samano,27,56.64,5,64.76,Carry Optics,M,Ty87973,MINOR,,84.1857,73.6343,4.6363,25.02,20,,5,1,,,,,
8a66d331-ef80-4ba8-b137-15a657f40493,Kidlat Shooters AUGUST USPSA match  08-01-26,2026-08-01,2,Stage 2,0925abac-2f96-4372-899e-24b6cd979838,Bryant Moorefield,28,56.22,6,75.44,Limited Optics,U,A176823,MINOR,,98.0754,73.0896,4.6020,26.51,22,,4,,,,,,
8a66d331-ef80-4ba8-b137-15a657f40493,Kidlat Shooters AUGUST USPSA match  08-01-26,2026-08-01,2,Stage 2,0925abac-2f96-4372-899e-24b6cd979838,Jonathan Yanbao Bousquet,29,55.20,7,74.08,Limited Optics,U,A185757,MINOR,,96.2980,71.7650,4.5186,28.77,26,,,,,,,,
8a66d331-ef80-4ba8-b137-15a657f40493,Kidlat Shooters AUGUST USPSA match  08-01-26,2026-08-01,2,Stage 2,0925abac-2f96-4372-899e-24b6cd979838,David Zhang,30,55.08,6,62.97,Carry Optics,B,FY140383,MINOR,,81.8597,71.5998,4.5082,24.40,17,,8,1,,,,,
8a66d331-ef80-4ba8-b137-15a657f40493,Kidlat Shooters AUGUST USPSA match  08-01-26,2026-08-01,2,Stage 2,0925abac-2f96-4372-899e-24b6cd979838,James Berry,31,54.34,7,62.13,Carry Optics,U,A174774,MINOR,,80.7702,70.6469,4.4482,23.83,19,,7,,,,1,,
8a66d331-ef80-4ba8-b137-15a657f40493,Kidlat Shooters AUGUST USPSA match  08-01-26,2026-08-01,2,Stage 2,0925abac-2f96-4372-899e-24b6cd979838,Chris Ballard,32,53.81,8,72.20,Limited Optics,C,A178189,MINOR,,93.8621,69.9497,4.4043,21.57,17,,6,2,1,,,,
8a66d331-ef80-4ba8-b137-15a657f40493,Kidlat Shooters AUGUST USPSA match  08-01-26,2026-08-01,2,Stage 2,0925abac-2f96-4372-899e-24b6cd979838,chris bulkley,33,52.86,8,60.43,Carry Optics,B,A159469,MINOR,,78.5585,68.7124,4.3264,26.35,18,,8,,,,,,
8a66d331-ef80-4ba8-b137-15a657f40493,Kidlat Shooters AUGUST USPSA match  08-01-26,2026-08-01,2,Stage 2,0925abac-2f96-4372-899e-24b6cd979838,Gennady Khokhorin,34,52.67,9,70.67,Limited Optics,U,A123884,MINOR,Super Senior,91.8695,68.4647,4.3108,21.11,21,,1,3,1,,1,,
8a66d331-ef80-4ba8-b137-15a657f40493,Kidlat Shooters AUGUST USPSA match  08-01-26,2026-08-01,2,Stage 2,0925abac-2f96-4372-899e-24b6cd979838,John Ren,35,51.90,9,59.33,Carry Optics,A,A168570,MINOR,,77.1331,67.4657,4.2479,20.01,20,,5,,1,,2,,
8a66d331-ef80-4ba8-b137-15a657f40493,Kidlat Shooters AUGUST USPSA match  08-01-26,2026-08-01,2,Stage 2,0925abac-2f96-4372-899e-24b6cd979838,Jose Onia,36,50.41,10,67.65,Limited Optics,C,12346,MINOR,Senior,87.9397,65.5360,4.1264,15.51,13,,9,2,2,,,1,
8a66d331-ef80-4ba8-b137-15a657f40493,Kidlat Shooters AUGUST USPSA match  08-01-26,2026-08-01,2,Stage 2,0925abac-2f96-4372-899e-24b6cd979838,Emman Alcoseba,37,38.51,1,100.00,Limited,C,TY67519,MINOR,Super Senior,130.0000,50.0652,3.1523,32.04,19,,5,1,1,,,,
8a66d331-ef80-4ba8-b137-15a657f40493,Kidlat Shooters AUGUST USPSA match  08-01-26,2026-08-01,2,Stage 2,0925abac-2f96-4372-899e-24b6cd979838,Marco Olivarez,38,34.42,10,39.35,Carry Optics,C,A176449,MINOR,,51.1564,44.7447,2.8173,31.59,22,,3,,1,,2,,
8a66d331-ef80-4ba8-b137-15a657f40493,Kidlat Shooters AUGUST USPSA match  08-01-26,2026-08-01,2,Stage 2,0925abac-2f96-4372-899e-24b6cd979838,Fred Ermac,39,32.33,11,43.39,Limited Optics,U,A106439,MINOR,,56.4008,42.0321,2.6465,31.74,21,,3,,2,,,1,
8a66d331-ef80-4ba8-b137-15a657f40493,Kidlat Shooters AUGUST USPSA match  08-01-26,2026-08-01,2,Stage 2,0925abac-2f96-4372-899e-24b6cd979838,peter Alcazaren,40,32.25,1,100.00,Single Stack,U,,MINOR,,130.0000,41.9272,2.6399,34.85,17,,9,,,,2,,
8a66d331-ef80-4ba8-b137-15a657f40493,Kidlat Shooters AUGUST USPSA match  08-01-26,2026-08-01,2,Stage 2,0925abac-2f96-4372-899e-24b6cd979838,Lee King,41,26.30,11,30.06,Carry Optics,C,A163654,MINOR,Super Senior,39.0832,34.1847,2.1524,34.38,17,,6,1,2,,1,,
8a66d331-ef80-4ba8-b137-15a657f40493,Kidlat Shooters AUGUST USPSA match  08-01-26,2026-08-01,2,Stage 2,0925abac-2f96-4372-899e-24b6cd979838,Kit Bong Morales,42,24.75,12,28.29,Carry Optics,U,A57907,MINOR,Senior,36.7807,32.1708,2.0256,24.19,15,,8,,3,,2,,
8a66d331-ef80-4ba8-b137-15a657f40493,Kidlat Shooters AUGUST USPSA match  08-01-26,2026-08-01,2,Stage 2,0925abac-2f96-4372-899e-24b6cd979838,Olayemi Bakare,43,0.00,11,0.00,Open,A,A105300,MAJOR,,0.0000,0.0000,,,,,,,,,,,
8a66d331-ef80-4ba8-b137-15a657f40493,Kidlat Shooters AUGUST USPSA match  08-01-26,2026-08-01,2,Stage 2,0925abac-2f96-4372-899e-24b6cd979838,August Balagtas,44,0.00,12,0.00,Open,M,L3674,MAJOR,,0.0000,0.0000,,,,,,,,,,,
8a66d331-ef80-4ba8-b137-15a657f40493,Kidlat Shooters AUGUST USPSA match  08-01-26,2026-08-01,2,Stage 2,0925abac-2f96-4372-899e-24b6cd979838,Jared Butler,45,0.00,12,0.00,Limited Optics,C,A183653,MINOR,,0.0000,0.0000,,,,,,,,,,,
8a66d331-ef80-4ba8-b137-15a657f40493,Kidlat Shooters AUGUST USPSA match  08-01-26,2026-08-01,2,Stage 2,0925abac-2f96-4372-899e-24b6cd979838,Yulmer Carreno,46,0.00,13,0.00,Limited Optics,B,A157204,MINOR,,0.0000,0.0000,,,,,,,,,,,
8a66d331-ef80-4ba8-b137-15a657f40493,Kidlat Shooters AUGUST USPSA match  08-01-26,2026-08-01,2,Stage 2,0925abac-2f96-4372-899e-24b6cd979838,Mervs Castillon,47,0.00,14,0.00,Limited Optics,U,A174980,MINOR,Senior,0.0000,0.0000,,,,,,,,,,,
8a66d331-ef80-4ba8-b137-15a657f40493,Kidlat Shooters AUGUST USPSA match  08-01-26,2026-08-01,2,Stage 2,0925abac-2f96-4372-899e-24b6cd979838,William Horton,48,0.00,13,0.00,Open,U,A12309584,MAJOR,,0.0000,0.0000,,,,,,,,,,,
8a66d331-ef80-4ba8-b137-15a657f40493,Kidlat Shooters AUGUST USPSA match  08-01-26,2026-08-01,2,Stage 2,0925abac-2f96-4372-899e-24b6cd979838,Yul Kwan,49,0.00,14,0.00,Open,C,A165984,MAJOR,,0.0000,0.0000,,,,,,,,,,,
8a66d331-ef80-4ba8-b137-15a657f40493,Kidlat Shooters AUGUST USPSA match  08-01-26,2026-08-01,2,Stage 2,0925abac-2f96-4372-899e-24b6cd979838,Napoleon BigLew Lewis,50,0.00,15,0.00,Open,C,A154149,MINOR,Senior,0.0000,0.0000,,,,,,,,,,,
8a66d331-ef80-4ba8-b137-15a657f40493,Kidlat Shooters AUGUST USPSA match  08-01-26,2026-08-01,2,Stage 2,0925abac-2f96-4372-899e-24b6cd979838,Napoleon BigLew Lewis,51,0.00,1,0.00,Production,U,A154149,MINOR,Senior,0.0000,0.0000,,,,,,,,,,,
8a66d331-ef80-4ba8-b137-15a657f40493,Kidlat Shooters AUGUST USPSA match  08-01-26,2026-08-01,2,Stage 2,0925abac-2f96-4372-899e-24b6cd979838,Andres Lezama,52,0.00,15,0.00,Limited Optics,C,A168072,MINOR,,0.0000,0.0000,,,,,,,,,,,
8a66d331-ef80-4ba8-b137-15a657f40493,Kidlat Shooters AUGUST USPSA match  08-01-26,2026-08-01,2,Stage 2,0925abac-2f96-4372-899e-24b6cd979838,Andres Lezama,53,0.00,16,0.00,Limited Optics,C,A168072,MINOR,,0.0000,0.0000,,,,,,,,,,,
8a66d331-ef80-4ba8-b137-15a657f40493,Kidlat Shooters AUGUST USPSA match  08-01-26,2026-08-01,2,Stage 2,0925abac-2f96-4372-899e-24b6cd979838,Jack Liu,54,0.00,8,0.00,PCC,M,L6156,MINOR,,0.0000,0.0000,,,,,,,,,,,
8a66d331-ef80-4ba8-b137-15a657f40493,Kidlat Shooters AUGUST USPSA match  08-01-26,2026-08-01,2,Stage 2,0925abac-2f96-4372-899e-24b6cd979838,Antonio Martinez,55,0.00,13,0.00,Carry Optics,,,MINOR,,0.0000,0.0000,,,,,,,,,,,
8a66d331-ef80-4ba8-b137-15a657f40493,Kidlat Shooters AUGUST USPSA match  08-01-26,2026-08-01,2,Stage 2,0925abac-2f96-4372-899e-24b6cd979838,Keaton Mayfield,56,0.00,14,0.00,Carry Optics,A,A147501,MINOR,,0.0000,0.0000,,,,,,,,,,,
8a66d331-ef80-4ba8-b137-15a657f40493,Kidlat Shooters AUGUST USPSA match  08-01-26,2026-08-01,2,Stage 2,0925abac-2f96-4372-899e-24b6cd979838,"Byron ""BigBDaShooter"" McGowen",57,0.00,15,0.00,Carry Optics,C,A159731,MINOR,Junior,0.0000,0.0000,,,,,,,,,,,
8a66d331-ef80-4ba8-b137-15a657f40493,Kidlat Shooters AUGUST USPSA match  08-01-26,2026-08-01,2,Stage 2,0925abac-2f96-4372-899e-24b6cd979838,Neil McMullin,58,0.00,2,0.00,Limited,U,A162927,MINOR,,0.0000,0.0000,,,,,,,,,,,
8a66d331-ef80-4ba8-b137-15a657f40493,Kidlat Shooters AUGUST USPSA match  08-01-26,2026-08-01,2,Stage 2,0925abac-2f96-4372-899e-24b6cd979838,Virak Meas,59,0.00,16,0.00,Open,C,O,MINOR,Senior,0.0000,0.0000,,,,,,,,,,,
8a66d331-ef80-4ba8-b137-15a657f40493,Kidlat Shooters AUGUST USPSA match  08-01-26,2026-08-01,2,Stage 2,0925abac-2f96-4372-899e-24b6cd979838,Marco Olivarez,60,0.00,16,0.00,Carry Optics,C,A176449,MINOR,,0.0000,0.0000,,,,,,,,,,,
8a66d331-ef80-4ba8-b137-15a657f40493,Kidlat Shooters AUGUST USPSA match  08-01-26,2026-08-01,2,Stage 2,0925abac-2f96-4372-899e-24b6cd979838,Johans Pinto,61,0.00,17,0.00,Carry Optics,D,A182441,MINOR,,0.0000,0.0000,,,,,,,,,,,
8a66d331-ef80-4ba8-b137-15a657f40493,Kidlat Shooters AUGUST USPSA match  08-01-26,2026-08-01,2,Stage 2,0925abac-2f96-4372-899e-24b6cd979838,stormtrooper Qian,62,0.00,17,0.00,Limited Optics,B,a11112,MINOR,,0.0000,0.0000,,,,,,,,,,,
8a66d331-ef80-4ba8-b137-15a657f40493,Kidlat Shooters AUGUST USPSA match  08-01-26,2026-08-01,2,Stage 2,0925abac-2f96-4372-899e-24b6cd979838,Jeje Racza,63,0.00,18,0.00,Carry Optics,U,0,MINOR,,0.0000,0.0000,,,,,,,,,,,
8a66d331-ef80-4ba8-b137-15a657f40493,Kidlat Shooters AUGUST USPSA match  08-01-26,2026-08-01,2,Stage 2,0925abac-2f96-4372-899e-24b6cd979838,Sonny Somera,64,0.00,18,0.00,Limited Optics,D,A118611,MINOR,,0.0000,0.0000,,,,,,,,,,,
8a66d331-ef80-4ba8-b137-15a657f40493,Kidlat Shooters AUGUST USPSA match  08-01-26,2026-08-01,2,Stage 2,0925abac-2f96-4372-899e-24b6cd979838,Raul Sotelo,65,0.00,19,0.00,Limited Optics,A,TY41489,MINOR,Senior,0.0000,0.0000,,,,,,,,,,,
8a66d331-ef80-4ba8-b137-15a657f40493,Kidlat Shooters AUGUST USPSA match  08-01-26,2026-08-01,2,Stage 2,0925abac-2f96-4372-899e-24b6cd979838,Charity Taylor,66,0.00,9,0.00,PCC,D,A104508,MINOR,Lady; Senior,0.0000,0.0000,,,,,,,,,,,
8a66d331-ef80-4ba8-b137-15a657f40493,Kidlat Shooters AUGUST USPSA match  08-01-26,2026-08-01,2,Stage 2,0925abac-2f96-4372-899e-24b6cd979838,Antonio Tormis,67,0.00,17,0.00,Open,B,A121458,MAJOR,,0.0000,0.0000,,,,,,,,,,,
8a66d331-ef80-4ba8-b137-15a657f40493,Kidlat Shooters AUGUST USPSA match  08-01-26,2026-08-01,2,Stage 2,0925abac-2f96-4372-899e-24b6cd979838,Coder W,68,0.00,10,0.00,PCC,A,A178525,MINOR,,0.0000,0.0000,,,,,,,,,,,
8a66d331-ef80-4ba8-b137-15a657f40493,Kidlat Shooters AUGUST USPSA match  08-01-26,2026-08-01,2,Stage 2,0925abac-2f96-4372-899e-24b6cd979838,Yanlin Xiang,69,0.00,20,0.00,Limited Optics,B,A164967,MINOR,,0.0000,0.0000,,,,,,,,,,,
8a66d331-ef80-4ba8-b137-15a657f40493,Kidlat Shooters AUGUST USPSA match  08-01-26,2026-08-01,2,Stage 2,0925abac-2f96-4372-899e-24b6cd979838,Rene Zalamea,70,0.00,21,0.00,Limited Optics,U,a66891,MINOR,Senior,0.0000,0.0000,,,,,,,,,,,
8a66d331-ef80-4ba8-b137-15a657f40493,Kidlat Shooters AUGUST USPSA match  08-01-26,2026-08-01,2,Stage 2,0925abac-2f96-4372-899e-24b6cd979838,Jay-R delos-Santos,71,0.00,11,0.00,PCC,B,A70297,MINOR,Senior,0.0000,0.0000,,,,,,,,,,,
8a66d331-ef80-4ba8-b137-15a657f40493,Kidlat Shooters AUGUST USPSA match  08-01-26,2026-08-01,2,Stage 2,0925abac-2f96-4372-899e-24b6cd979838,lin shi,72,0.00,19,0.00,Carry Optics,U,TY138430,MINOR,Super Senior,0.0000,0.0000,,,,,,,,,,,
8a66d331-ef80-4ba8-b137-15a657f40493,Kidlat Shooters AUGUST USPSA match  08-01-26,2026-08-01,2,Stage 2,0925abac-2f96-4372-899e-24b6cd979838,lin shi,73,0.00,20,0.00,Carry Optics,U,TY138430,MINOR,Junior,0.0000,0.0000,,,,,,,,,,,
8a66d331-ef80-4ba8-b137-15a657f40493,Kidlat Shooters AUGUST USPSA match  08-01-26,2026-08-01,2,Stage 2,0925abac-2f96-4372-899e-24b6cd979838,Devie ubas,74,0.00,18,0.00,Open,C,,MAJOR,,0.0000,0.0000,0.0000,15.87,7,,6,3,10,,,1,
8a66d331-ef80-4ba8-b137-15a657f40493,Kidlat Shooters AUGUST USPSA match  08-01-26,2026-08-01,3,Stage 3,4272edee-9686-408f-9a39-6be57a934801,Travis Mckenzie,1,100.00,1,100.00,Open,M,,MAJOR,,140.0000,140.0000,7.9026,16.83,21,,7,,,,,,
8a66d331-ef80-4ba8-b137-15a657f40493,Kidlat Shooters AUGUST USPSA match  08-01-26,2026-08-01,3,Stage 3,4272edee-9686-408f-9a39-6be57a934801,Ryan Jaw,2,95.86,2,95.86,Open,U,X,MAJOR,,134.2105,134.2105,7.5758,17.82,23,,5,,,,,,
8a66d331-ef80-4ba8-b137-15a657f40493,Kidlat Shooters AUGUST USPSA match  08-01-26,2026-08-01,3,Stage 3,4272edee-9686-408f-9a39-6be57a934801,Shaundy Pepito,3,89.29,3,89.29,Open,U,A156809,MAJOR,,125.0072,125.0072,7.0563,18.99,22,,6,,,,,,
8a66d331-ef80-4ba8-b137-15a657f40493,Kidlat Shooters AUGUST USPSA match  08-01-26,2026-08-01,3,Stage 3,4272edee-9686-408f-9a39-6be57a934801,Ulrick Fong,4,85.86,1,100.00,PCC,A,A170351,MINOR,Senior,140.0000,120.2063,6.7853,17.98,24,,4,,,,1,,
8a66d331-ef80-4ba8-b137-15a657f40493,Kidlat Shooters AUGUST USPSA match  08-01-26,2026-08-01,3,Stage 3,4272edee-9686-408f-9a39-6be57a934801,Albert Legislador,5,82.47,2,96.05,PCC,B,Ty91787,MINOR,Senior,134.4663,115.4549,6.5171,18.72,19,,9,,,,,,
8a66d331-ef80-4ba8-b137-15a657f40493,Kidlat Shooters AUGUST USPSA match  08-01-26,2026-08-01,3,Stage 3,4272edee-9686-408f-9a39-6be57a934801,Jim Havens,6,81.97,4,81.97,Open,M,a114636,MINOR,Senior,114.7569,114.7569,6.4777,19.76,23,,4,1,,,,,
8a66d331-ef80-4ba8-b137-15a657f40493,Kidlat Shooters AUGUST USPSA match  08-01-26,2026-08-01,3,Stage 3,4272edee-9686-408f-9a39-6be57a934801,Glen Kruger,7,80.96,3,94.29,PCC,B,A171162,MINOR,Senior,132.0006,113.3379,6.3976,20.32,23,,5,,,,,,
8a66d331-ef80-4ba8-b137-15a657f40493,Kidlat Shooters AUGUST USPSA match  08-01-26,2026-08-01,3,Stage 3,4272edee-9686-408f-9a39-6be57a934801,Andre Wijaya,8,78.26,1,100.00,Carry Optics,C,A175473,MINOR,,140.0000,109.5644,6.1846,21.02,23,,5,,,,,,
8a66d331-ef80-4ba8-b137-15a657f40493,Kidlat Shooters AUGUST USPSA match  08-01-26,2026-08-01,3,Stage 3,4272edee-9686-408f-9a39-6be57a934801,Albert Montanez,9,76.96,4,89.64,PCC,M,TY101554,MINOR,,125.4910,107.7486,6.0821,19.73,24,,3,1,,,1,,
8a66d331-ef80-4ba8-b137-15a657f40493,Kidlat Shooters AUGUST USPSA match  08-01-26,2026-08-01,3,Stage 3,4272edee-9686-408f-9a39-6be57a934801,Phil Truong,10,75.46,5,75.46,Open,B,X,MINOR,,105.6440,105.6440,5.9633,21.80,23,,5,,,,,,
8a66d331-ef80-4ba8-b137-15a657f40493,Kidlat Shooters AUGUST USPSA match  08-01-26,2026-08-01,3,Stage 3,4272edee-9686-408f-9a39-6be57a934801,Wade Pruetz,11,75.18,6,75.18,Open,A,A79055,MAJOR,Senior,105.2507,105.2507,5.9411,21.04,15,,12,1,,,,,
8a66d331-ef80-4ba8-b137-15a657f40493,Kidlat Shooters AUGUST USPSA match  08-01-26,2026-08-01,3,Stage 3,4272edee-9686-408f-9a39-6be57a934801,John Ren,12,71.02,2,90.74,Carry Optics,A,A168570,MINOR,,127.0427,99.4240,5.6122,23.52,25,,2,1,,,,,
8a66d331-ef80-4ba8-b137-15a657f40493,Kidlat Shooters AUGUST USPSA match  08-01-26,2026-08-01,3,Stage 3,4272edee-9686-408f-9a39-6be57a934801,Jose Onia,13,70.73,1,100.00,Limited Optics,C,12346,MINOR,Senior,140.0000,99.0165,5.5892,21.47,20,,6,2,,,,,
8a66d331-ef80-4ba8-b137-15a657f40493,Kidlat Shooters AUGUST USPSA match  08-01-26,2026-08-01,3,Stage 3,4272edee-9686-408f-9a39-6be57a934801,Roger Feng,14,70.11,3,89.59,Carry Optics,M,A157776,MINOR,,125.4219,98.1555,5.5406,18.59,21,,6,,1,,,1,
8a66d331-ef80-4ba8-b137-15a657f40493,Kidlat Shooters AUGUST USPSA match  08-01-26,2026-08-01,3,Stage 3,4272edee-9686-408f-9a39-6be57a934801,"Ross ""Riff Raff"" Pimentel",15,70.05,5,81.58,PCC,U,A157753,MINOR,Senior,114.2172,98.0687,5.5357,22.40,20,,8,,,,,,
8a66d331-ef80-4ba8-b137-15a657f40493,Kidlat Shooters AUGUST USPSA match  08-01-26,2026-08-01,3,Stage 3,4272edee-9686-408f-9a39-6be57a934801,Harlan Chen,16,65.72,2,92.92,Limited Optics,B,a163292,MINOR,,130.0934,92.0100,5.1937,24.26,21,,7,,,,,,
8a66d331-ef80-4ba8-b137-15a657f40493,Kidlat Shooters AUGUST USPSA match  08-01-26,2026-08-01,3,Stage 3,4272edee-9686-408f-9a39-6be57a934801,Drew Yang,17,63.78,4,81.49,Carry Optics,A,FY138478,MINOR,,114.0898,89.2871,5.0400,21.23,18,,9,,1,,,,
8a66d331-ef80-4ba8-b137-15a657f40493,Kidlat Shooters AUGUST USPSA match  08-01-26,2026-08-01,3,Stage 3,4272edee-9686-408f-9a39-6be57a934801,NeaL NaNDiN,18,62.82,7,62.82,Open,C,FY71894,MAJOR,,87.9460,87.9460,4.9643,26.59,20,,8,,,,,,
8a66d331-ef80-4ba8-b137-15a657f40493,Kidlat Shooters AUGUST USPSA match  08-01-26,2026-08-01,3,Stage 3,4272edee-9686-408f-9a39-6be57a934801,Tyler Denmon,19,61.88,8,61.88,Open,B,X,MINOR,,86.6333,86.6333,4.8902,24.13,18,,9,1,,,,,
8a66d331-ef80-4ba8-b137-15a657f40493,Kidlat Shooters AUGUST USPSA match  08-01-26,2026-08-01,3,Stage 3,4272edee-9686-408f-9a39-6be57a934801,David Zhang,20,61.44,5,78.51,Carry Optics,B,FY140383,MINOR,,109.9111,86.0168,4.8554,28.01,26,,2,,,,,,
8a66d331-ef80-4ba8-b137-15a657f40493,Kidlat Shooters AUGUST USPSA match  08-01-26,2026-08-01,3,Stage 3,4272edee-9686-408f-9a39-6be57a934801,Jon Baguio,21,60.55,9,60.55,Open,C,X,MAJOR,,84.7767,84.7767,4.7854,26.33,18,,8,2,,,,,
8a66d331-ef80-4ba8-b137-15a657f40493,Kidlat Shooters AUGUST USPSA match  08-01-26,2026-08-01,3,Stage 3,4272edee-9686-408f-9a39-6be57a934801,Waldo Samano,22,60.39,6,77.17,Carry Optics,M,Ty87973,MINOR,,108.0322,84.5464,4.7724,22.63,19,,7,2,,,1,,
8a66d331-ef80-4ba8-b137-15a657f40493,Kidlat Shooters AUGUST USPSA match  08-01-26,2026-08-01,3,Stage 3,4272edee-9686-408f-9a39-6be57a934801,Alex Goben,23,60.28,7,77.02,Carry Optics,A,L5929,MINOR,,107.8330,84.3905,4.7636,27.29,23,,5,,,,,,
8a66d331-ef80-4ba8-b137-15a657f40493,Kidlat Shooters AUGUST USPSA match  08-01-26,2026-08-01,3,Stage 3,4272edee-9686-408f-9a39-6be57a934801,chris bulkley,24,59.91,8,76.55,Carry Optics,B,A159469,MINOR,,107.1765,83.8767,4.7346,26.19,21,,6,1,,,,,
8a66d331-ef80-4ba8-b137-15a657f40493,Kidlat Shooters AUGUST USPSA match  08-01-26,2026-08-01,3,Stage 3,4272edee-9686-408f-9a39-6be57a934801,Jerry Bedro,25,56.94,6,66.32,PCC,A,A98263,MINOR,,92.8478,79.7206,4.5000,28.00,26,,2,,,,1,,
8a66d331-ef80-4ba8-b137-15a657f40493,Kidlat Shooters AUGUST USPSA match  08-01-26,2026-08-01,3,Stage 3,4272edee-9686-408f-9a39-6be57a934801,Chris Ballard,26,54.56,3,77.14,Limited Optics,C,A178189,MINOR,,107.9958,76.3812,4.3115,31.08,25,,3,,,,,,
8a66d331-ef80-4ba8-b137-15a657f40493,Kidlat Shooters AUGUST USPSA match  08-01-26,2026-08-01,3,Stage 3,4272edee-9686-408f-9a39-6be57a934801,Bryant Moorefield,27,52.65,4,74.44,Limited Optics,U,A176823,MINOR,,104.2135,73.7061,4.1605,27.16,22,,4,1,1,,,,
8a66d331-ef80-4ba8-b137-15a657f40493,Kidlat Shooters AUGUST USPSA match  08-01-26,2026-08-01,3,Stage 3,4272edee-9686-408f-9a39-6be57a934801,Janice Pacleb,28,52.02,10,52.02,Open,,,MAJOR,,72.8221,72.8221,4.1106,27.49,15,,12,,1,,,,
8a66d331-ef80-4ba8-b137-15a657f40493,Kidlat Shooters AUGUST USPSA match  08-01-26,2026-08-01,3,Stage 3,4272edee-9686-408f-9a39-6be57a934801,Kirk Skinner,29,51.41,5,72.69,Limited Optics,B,A157600,MINOR,,101.7688,71.9771,4.0629,30.52,21,,6,1,,,,,
8a66d331-ef80-4ba8-b137-15a657f40493,Kidlat Shooters AUGUST USPSA match  08-01-26,2026-08-01,3,Stage 3,4272edee-9686-408f-9a39-6be57a934801,Temu Leograndis,30,51.08,7,59.49,PCC,D,a155982,MINOR,,83.2845,71.5094,4.0365,23.04,18,,7,2,1,,1,,
8a66d331-ef80-4ba8-b137-15a657f40493,Kidlat Shooters AUGUST USPSA match  08-01-26,2026-08-01,3,Stage 3,4272edee-9686-408f-9a39-6be57a934801,Marco Olivarez,31,50.49,9,64.52,Carry Optics,C,A176449,MINOR,,90.3279,70.6909,3.9903,33.08,24,,4,,,,,,
8a66d331-ef80-4ba8-b137-15a657f40493,Kidlat Shooters AUGUST USPSA match  08-01-26,2026-08-01,3,Stage 3,4272edee-9686-408f-9a39-6be57a934801,Jonathan Yanbao Bousquet,32,49.13,6,69.46,Limited Optics,U,A185757,MINOR,,97.2475,68.7794,3.8824,35.03,26,,2,,,,,,
8a66d331-ef80-4ba8-b137-15a657f40493,Kidlat Shooters AUGUST USPSA match  08-01-26,2026-08-01,3,Stage 3,4272edee-9686-408f-9a39-6be57a934801,Gennady Khokhorin,33,48.01,7,67.89,Limited Optics,U,A123884,MINOR,Super Senior,95.0408,67.2186,3.7943,28.20,18,,9,,1,,,,
8a66d331-ef80-4ba8-b137-15a657f40493,Kidlat Shooters AUGUST USPSA match  08-01-26,2026-08-01,3,Stage 3,4272edee-9686-408f-9a39-6be57a934801,Antonio Martinez,34,45.86,10,58.60,Carry Optics,,,MINOR,,82.0383,64.2034,3.6241,25.11,17,,8,2,1,,1,,
8a66d331-ef80-4ba8-b137-15a657f40493,Kidlat Shooters AUGUST USPSA match  08-01-26,2026-08-01,3,Stage 3,4272edee-9686-408f-9a39-6be57a934801,Devie ubas,35,44.23,11,44.23,Open,C,,MAJOR,,61.9270,61.9270,3.4956,24.03,18,,5,2,3,,,,
8a66d331-ef80-4ba8-b137-15a657f40493,Kidlat Shooters AUGUST USPSA match  08-01-26,2026-08-01,3,Stage 3,4272edee-9686-408f-9a39-6be57a934801,Duane Mendoza,36,42.20,8,59.67,Limited Optics,U,X,MINOR,,83.5336,59.0800,3.3349,20.69,18,,6,1,3,,,1,
8a66d331-ef80-4ba8-b137-15a657f40493,Kidlat Shooters AUGUST USPSA match  08-01-26,2026-08-01,3,Stage 3,4272edee-9686-408f-9a39-6be57a934801,James Berry,37,41.58,11,53.13,Carry Optics,U,A174774,MINOR,,74.3870,58.2155,3.2861,33.17,19,,8,,1,,,,
8a66d331-ef80-4ba8-b137-15a657f40493,Kidlat Shooters AUGUST USPSA match  08-01-26,2026-08-01,3,Stage 3,4272edee-9686-408f-9a39-6be57a934801,Jhun Caoagas jr,38,41.28,9,58.36,Limited Optics,C,A170038,MINOR,,81.7051,57.7868,3.2619,30.35,14,,13,,1,,,,
8a66d331-ef80-4ba8-b137-15a657f40493,Kidlat Shooters AUGUST USPSA match  08-01-26,2026-08-01,3,Stage 3,4272edee-9686-408f-9a39-6be57a934801,Fred Ermac,39,40.03,10,56.60,Limited Optics,U,A106439,MINOR,,79.2378,56.0418,3.1634,32.56,21,,6,,1,,1,,
8a66d331-ef80-4ba8-b137-15a657f40493,Kidlat Shooters AUGUST USPSA match  08-01-26,2026-08-01,3,Stage 3,4272edee-9686-408f-9a39-6be57a934801,Manny Nerona,40,39.63,11,56.03,Limited Optics,B,A69445,MINOR,,78.4413,55.4785,3.1316,23.63,23,,3,,2,,3,,
8a66d331-ef80-4ba8-b137-15a657f40493,Kidlat Shooters AUGUST USPSA match  08-01-26,2026-08-01,3,Stage 3,4272edee-9686-408f-9a39-6be57a934801,Kit Bong Morales,41,38.18,12,48.79,Carry Optics,U,A57907,MINOR,Senior,68.3000,53.4518,3.0172,23.20,17,,8,1,2,,2,,
8a66d331-ef80-4ba8-b137-15a657f40493,Kidlat Shooters AUGUST USPSA match  08-01-26,2026-08-01,3,Stage 3,4272edee-9686-408f-9a39-6be57a934801,Lee King,42,34.65,13,44.27,Carry Optics,C,A163654,MINOR,Super Senior,61.9820,48.5073,2.7381,42.73,23,,4,,1,,,,
8a66d331-ef80-4ba8-b137-15a657f40493,Kidlat Shooters AUGUST USPSA match  08-01-26,2026-08-01,3,Stage 3,4272edee-9686-408f-9a39-6be57a934801,Emman Alcoseba,43,28.40,1,100.00,Limited,C,TY67519,MINOR,Super Senior,140.0000,39.7629,2.2445,50.79,18,,7,3,,,,,
8a66d331-ef80-4ba8-b137-15a657f40493,Kidlat Shooters AUGUST USPSA match  08-01-26,2026-08-01,3,Stage 3,4272edee-9686-408f-9a39-6be57a934801,peter Alcazaren,44,0.00,1,0.00,Single Stack,U,,MINOR,,0.0000,0.0000,,,,,,,,,,,
8a66d331-ef80-4ba8-b137-15a657f40493,Kidlat Shooters AUGUST USPSA match  08-01-26,2026-08-01,3,Stage 3,4272edee-9686-408f-9a39-6be57a934801,Olayemi Bakare,45,0.00,12,0.00,Open,A,A105300,MAJOR,,0.0000,0.0000,,,,,,,,,,,
8a66d331-ef80-4ba8-b137-15a657f40493,Kidlat Shooters AUGUST USPSA match  08-01-26,2026-08-01,3,Stage 3,4272edee-9686-408f-9a39-6be57a934801,August Balagtas,46,0.00,13,0.00,Open,M,L3674,MAJOR,,0.0000,0.0000,,,,,,,,,,,
8a66d331-ef80-4ba8-b137-15a657f40493,Kidlat Shooters AUGUST USPSA match  08-01-26,2026-08-01,3,Stage 3,4272edee-9686-408f-9a39-6be57a934801,Jared Butler,47,0.00,12,0.00,Limited Optics,C,A183653,MINOR,,0.0000,0.0000,,,,,,,,,,,
8a66d331-ef80-4ba8-b137-15a657f40493,Kidlat Shooters AUGUST USPSA match  08-01-26,2026-08-01,3,Stage 3,4272edee-9686-408f-9a39-6be57a934801,Yulmer Carreno,48,0.00,13,0.00,Limited Optics,B,A157204,MINOR,,0.0000,0.0000,,,,,,,,,,,
8a66d331-ef80-4ba8-b137-15a657f40493,Kidlat Shooters AUGUST USPSA match  08-01-26,2026-08-01,3,Stage 3,4272edee-9686-408f-9a39-6be57a934801,Mervs Castillon,49,0.00,14,0.00,Limited Optics,U,A174980,MINOR,Senior,0.0000,0.0000,,,,,,,,,,,
8a66d331-ef80-4ba8-b137-15a657f40493,Kidlat Shooters AUGUST USPSA match  08-01-26,2026-08-01,3,Stage 3,4272edee-9686-408f-9a39-6be57a934801,William Horton,50,0.00,14,0.00,Open,U,A12309584,MAJOR,,0.0000,0.0000,,,,,,,,,,,
8a66d331-ef80-4ba8-b137-15a657f40493,Kidlat Shooters AUGUST USPSA match  08-01-26,2026-08-01,3,Stage 3,4272edee-9686-408f-9a39-6be57a934801,Yul Kwan,51,0.00,15,0.00,Open,C,A165984,MAJOR,,0.0000,0.0000,,,,,,,,,,,
8a66d331-ef80-4ba8-b137-15a657f40493,Kidlat Shooters AUGUST USPSA match  08-01-26,2026-08-01,3,Stage 3,4272edee-9686-408f-9a39-6be57a934801,Napoleon BigLew Lewis,52,0.00,16,0.00,Open,C,A154149,MINOR,Senior,0.0000,0.0000,,,,,,,,,,,
8a66d331-ef80-4ba8-b137-15a657f40493,Kidlat Shooters AUGUST USPSA match  08-01-26,2026-08-01,3,Stage 3,4272edee-9686-408f-9a39-6be57a934801,Napoleon BigLew Lewis,53,0.00,1,0.00,Production,U,A154149,MINOR,Senior,0.0000,0.0000,,,,,,,,,,,
8a66d331-ef80-4ba8-b137-15a657f40493,Kidlat Shooters AUGUST USPSA match  08-01-26,2026-08-01,3,Stage 3,4272edee-9686-408f-9a39-6be57a934801,Andres Lezama,54,0.00,15,0.00,Limited Optics,C,A168072,MINOR,,0.0000,0.0000,,,,,,,,,,,
8a66d331-ef80-4ba8-b137-15a657f40493,Kidlat Shooters AUGUST USPSA match  08-01-26,2026-08-01,3,Stage 3,4272edee-9686-408f-9a39-6be57a934801,Andres Lezama,55,0.00,16,0.00,Limited Optics,C,A168072,MINOR,,0.0000,0.0000,,,,,,,,,,,
8a66d331-ef80-4ba8-b137-15a657f40493,Kidlat Shooters AUGUST USPSA match  08-01-26,2026-08-01,3,Stage 3,4272edee-9686-408f-9a39-6be57a934801,Jack Liu,56,0.00,8,0.00,PCC,M,L6156,MINOR,,0.0000,0.0000,,,,,,,,,,,
8a66d331-ef80-4ba8-b137-15a657f40493,Kidlat Shooters AUGUST USPSA match  08-01-26,2026-08-01,3,Stage 3,4272edee-9686-408f-9a39-6be57a934801,Keaton Mayfield,57,0.00,14,0.00,Carry Optics,A,A147501,MINOR,,0.0000,0.0000,,,,,,,,,,,
8a66d331-ef80-4ba8-b137-15a657f40493,Kidlat Shooters AUGUST USPSA match  08-01-26,2026-08-01,3,Stage 3,4272edee-9686-408f-9a39-6be57a934801,"Byron ""BigBDaShooter"" McGowen",58,0.00,15,0.00,Carry Optics,C,A159731,MINOR,Junior,0.0000,0.0000,,,,,,,,,,,
8a66d331-ef80-4ba8-b137-15a657f40493,Kidlat Shooters AUGUST USPSA match  08-01-26,2026-08-01,3,Stage 3,4272edee-9686-408f-9a39-6be57a934801,Neil McMullin,59,0.00,2,0.00,Limited,U,A162927,MINOR,,0.0000,0.0000,,,,,,,,,,,
8a66d331-ef80-4ba8-b137-15a657f40493,Kidlat Shooters AUGUST USPSA match  08-01-26,2026-08-01,3,Stage 3,4272edee-9686-408f-9a39-6be57a934801,Virak Meas,60,0.00,17,0.00,Open,C,O,MINOR,Senior,0.0000,0.0000,,,,,,,,,,,
8a66d331-ef80-4ba8-b137-15a657f40493,Kidlat Shooters AUGUST USPSA match  08-01-26,2026-08-01,3,Stage 3,4272edee-9686-408f-9a39-6be57a934801,Marco Olivarez,61,0.00,16,0.00,Carry Optics,C,A176449,MINOR,,0.0000,0.0000,,,,,,,,,,,
8a66d331-ef80-4ba8-b137-15a657f40493,Kidlat Shooters AUGUST USPSA match  08-01-26,2026-08-01,3,Stage 3,4272edee-9686-408f-9a39-6be57a934801,Johans Pinto,62,0.00,17,0.00,Carry Optics,D,A182441,MINOR,,0.0000,0.0000,,,,,,,,,,,
8a66d331-ef80-4ba8-b137-15a657f40493,Kidlat Shooters AUGUST USPSA match  08-01-26,2026-08-01,3,Stage 3,4272edee-9686-408f-9a39-6be57a934801,stormtrooper Qian,63,0.00,17,0.00,Limited Optics,B,a11112,MINOR,,0.0000,0.0000,,,,,,,,,,,
8a66d331-ef80-4ba8-b137-15a657f40493,Kidlat Shooters AUGUST USPSA match  08-01-26,2026-08-01,3,Stage 3,4272edee-9686-408f-9a39-6be57a934801,Jeje Racza,64,0.00,18,0.00,Carry Optics,U,0,MINOR,,0.0000,0.0000,,,,,,,,,,,
8a66d331-ef80-4ba8-b137-15a657f40493,Kidlat Shooters AUGUST USPSA match  08-01-26,2026-08-01,3,Stage 3,4272edee-9686-408f-9a39-6be57a934801,Sonny Somera,65,0.00,18,0.00,Limited Optics,D,A118611,MINOR,,0.0000,0.0000,,,,,,,,,,,
8a66d331-ef80-4ba8-b137-15a657f40493,Kidlat Shooters AUGUST USPSA match  08-01-26,2026-08-01,3,Stage 3,4272edee-9686-408f-9a39-6be57a934801,Raul Sotelo,66,0.00,19,0.00,Limited Optics,A,TY41489,MINOR,Senior,0.0000,0.0000,,,,,,,,,,,
8a66d331-ef80-4ba8-b137-15a657f40493,Kidlat Shooters AUGUST USPSA match  08-01-26,2026-08-01,3,Stage 3,4272edee-9686-408f-9a39-6be57a934801,Charity Taylor,67,0.00,9,0.00,PCC,D,A104508,MINOR,Lady; Senior,0.0000,0.0000,,,,,,,,,,,
8a66d331-ef80-4ba8-b137-15a657f40493,Kidlat Shooters AUGUST USPSA match  08-01-26,2026-08-01,3,Stage 3,4272edee-9686-408f-9a39-6be57a934801,Antonio Tormis,68,0.00,18,0.00,Open,B,A121458,MAJOR,,0.0000,0.0000,,,,,,,,,,,
8a66d331-ef80-4ba8-b137-15a657f40493,Kidlat Shooters AUGUST USPSA match  08-01-26,2026-08-01,3,Stage 3,4272edee-9686-408f-9a39-6be57a934801,Coder W,69,0.00,10,0.00,PCC,A,A178525,MINOR,,0.0000,0.0000,,,,,,,,,,,
8a66d331-ef80-4ba8-b137-15a657f40493,Kidlat Shooters AUGUST USPSA match  08-01-26,2026-08-01,3,Stage 3,4272edee-9686-408f-9a39-6be57a934801,Yanlin Xiang,70,0.00,20,0.00,Limited Optics,B,A164967,MINOR,,0.0000,0.0000,,,,,,,,,,,
8a66d331-ef80-4ba8-b137-15a657f40493,Kidlat Shooters AUGUST USPSA match  08-01-26,2026-08-01,3,Stage 3,4272edee-9686-408f-9a39-6be57a934801,Rene Zalamea,71,0.00,21,0.00,Limited Optics,U,a66891,MINOR,Senior,0.0000,0.0000,,,,,,,,,,,
8a66d331-ef80-4ba8-b137-15a657f40493,Kidlat Shooters AUGUST USPSA match  08-01-26,2026-08-01,3,Stage 3,4272edee-9686-408f-9a39-6be57a934801,Jay-R delos-Santos,72,0.00,11,0.00,PCC,B,A70297,MINOR,Senior,0.0000,0.0000,,,,,,,,,,,
8a66d331-ef80-4ba8-b137-15a657f40493,Kidlat Shooters AUGUST USPSA match  08-01-26,2026-08-01,3,Stage 3,4272edee-9686-408f-9a39-6be57a934801,lin shi,73,0.00,19,0.00,Carry Optics,U,TY138430,MINOR,Super Senior,0.0000,0.0000,,,,,,,,,,,
8a66d331-ef80-4ba8-b137-15a657f40493,Kidlat Shooters AUGUST USPSA match  08-01-26,2026-08-01,3,Stage 3,4272edee-9686-408f-9a39-6be57a934801,lin shi,74,0.00,20,0.00,Carry Optics,U,TY138430,MINOR,Junior,0.0000,0.0000,,,,,,,,,,,
8a66d331-ef80-4ba8-b137-15a657f40493,Kidlat Shooters AUGUST USPSA match  08-01-26,2026-08-01,4,Stage 4,14575aab-7887-4412-bf3d-33f43e002b37,Travis Mckenzie,1,100.00,1,100.00,Open,M,,MAJOR,,130.0000,130.0000,6.6703,18.44,21,,4,1,,,,,
8a66d331-ef80-4ba8-b137-15a657f40493,Kidlat Shooters AUGUST USPSA match  08-01-26,2026-08-01,4,Stage 4,14575aab-7887-4412-bf3d-33f43e002b37,Ryan Jaw,2,99.58,2,99.58,Open,U,X,MAJOR,,129.4504,129.4504,6.6421,18.97,22,,4,,,,,,
8a66d331-ef80-4ba8-b137-15a657f40493,Kidlat Shooters AUGUST USPSA match  08-01-26,2026-08-01,4,Stage 4,14575aab-7887-4412-bf3d-33f43e002b37,Andre Wijaya,3,99.38,1,100.00,Carry Optics,C,A175473,MINOR,,130.0000,129.1892,6.6287,19.31,25,,1,,,,,,
8a66d331-ef80-4ba8-b137-15a657f40493,Kidlat Shooters AUGUST USPSA match  08-01-26,2026-08-01,4,Stage 4,14575aab-7887-4412-bf3d-33f43e002b37,Albert Legislador,4,94.07,1,100.00,PCC,B,Ty91787,MINOR,Senior,130.0000,122.2939,6.2749,20.08,24,,2,,,,,,
8a66d331-ef80-4ba8-b137-15a657f40493,Kidlat Shooters AUGUST USPSA match  08-01-26,2026-08-01,4,Stage 4,14575aab-7887-4412-bf3d-33f43e002b37,Bryant Moorefield,5,92.98,1,100.00,Limited Optics,U,A176823,MINOR,,130.0000,120.8790,6.2023,20.96,26,,,,,,,,
8a66d331-ef80-4ba8-b137-15a657f40493,Kidlat Shooters AUGUST USPSA match  08-01-26,2026-08-01,4,Stage 4,14575aab-7887-4412-bf3d-33f43e002b37,Albert Montanez,6,92.91,2,98.77,PCC,M,TY101554,MINOR,,128.4006,120.7893,6.1977,20.33,24,,2,,,,,,
8a66d331-ef80-4ba8-b137-15a657f40493,Kidlat Shooters AUGUST USPSA match  08-01-26,2026-08-01,4,Stage 4,14575aab-7887-4412-bf3d-33f43e002b37,Antonio Martinez,7,91.77,2,92.35,Carry Optics,,,MINOR,,120.0510,119.3023,6.1214,19.93,22,,4,,,,,,
8a66d331-ef80-4ba8-b137-15a657f40493,Kidlat Shooters AUGUST USPSA match  08-01-26,2026-08-01,4,Stage 4,14575aab-7887-4412-bf3d-33f43e002b37,Roger Feng,8,91.45,3,92.02,Carry Optics,M,A157776,MINOR,,119.6313,118.8852,6.1000,20.00,22,,4,,,,,,
8a66d331-ef80-4ba8-b137-15a657f40493,Kidlat Shooters AUGUST USPSA match  08-01-26,2026-08-01,4,Stage 4,14575aab-7887-4412-bf3d-33f43e002b37,Kit Bong Morales,9,91.25,4,91.82,Carry Optics,U,A57907,MINOR,Senior,119.3665,118.6221,6.0865,21.03,25,,1,,,,,,
8a66d331-ef80-4ba8-b137-15a657f40493,Kidlat Shooters AUGUST USPSA match  08-01-26,2026-08-01,4,Stage 4,14575aab-7887-4412-bf3d-33f43e002b37,Drew Yang,10,90.81,5,91.38,Carry Optics,A,FY138478,MINOR,,118.7998,118.0589,6.0576,20.47,23,,3,,,,,,
8a66d331-ef80-4ba8-b137-15a657f40493,Kidlat Shooters AUGUST USPSA match  08-01-26,2026-08-01,4,Stage 4,14575aab-7887-4412-bf3d-33f43e002b37,Tyler Denmon,11,90.01,3,90.01,Open,B,X,MINOR,,117.0162,117.0162,6.0041,19.32,21,,3,2,,,,,
8a66d331-ef80-4ba8-b137-15a657f40493,Kidlat Shooters AUGUST USPSA match  08-01-26,2026-08-01,4,Stage 4,14575aab-7887-4412-bf3d-33f43e002b37,John Ren,12,89.99,6,90.56,Carry Optics,A,A168570,MINOR,,117.7270,116.9928,6.0029,20.99,24,,2,,,,,,
8a66d331-ef80-4ba8-b137-15a657f40493,Kidlat Shooters AUGUST USPSA match  08-01-26,2026-08-01,4,Stage 4,14575aab-7887-4412-bf3d-33f43e002b37,Glen Kruger,13,89.40,3,95.03,PCC,B,A171162,MINOR,Senior,123.5403,116.2171,5.9631,21.13,24,,2,,,,,,
8a66d331-ef80-4ba8-b137-15a657f40493,Kidlat Shooters AUGUST USPSA match  08-01-26,2026-08-01,4,Stage 4,14575aab-7887-4412-bf3d-33f43e002b37,Jim Havens,14,88.14,4,88.14,Open,M,a114636,MINOR,Senior,114.5859,114.5859,5.8794,20.07,20,,6,,,,,,
8a66d331-ef80-4ba8-b137-15a657f40493,Kidlat Shooters AUGUST USPSA match  08-01-26,2026-08-01,4,Stage 4,14575aab-7887-4412-bf3d-33f43e002b37,Ulrick Fong,15,87.67,4,93.20,PCC,A,A170351,MINOR,Senior,121.1557,113.9739,5.8480,20.52,21,,5,,,,,,
8a66d331-ef80-4ba8-b137-15a657f40493,Kidlat Shooters AUGUST USPSA match  08-01-26,2026-08-01,4,Stage 4,14575aab-7887-4412-bf3d-33f43e002b37,Shaundy Pepito,16,81.22,5,81.22,Open,U,A156809,MAJOR,,105.5857,105.5857,5.4176,22.15,16,,10,,,,,,
8a66d331-ef80-4ba8-b137-15a657f40493,Kidlat Shooters AUGUST USPSA match  08-01-26,2026-08-01,4,Stage 4,14575aab-7887-4412-bf3d-33f43e002b37,Duane Mendoza,17,80.89,2,87.00,Limited Optics,U,X,MINOR,,113.0937,105.1588,5.3957,22.24,21,,5,,,,,,
8a66d331-ef80-4ba8-b137-15a657f40493,Kidlat Shooters AUGUST USPSA match  08-01-26,2026-08-01,4,Stage 4,14575aab-7887-4412-bf3d-33f43e002b37,Jerry Bedro,18,79.36,5,84.36,PCC,A,A98263,MINOR,,109.6637,103.1631,5.2933,22.67,26,,,,,,1,,
8a66d331-ef80-4ba8-b137-15a657f40493,Kidlat Shooters AUGUST USPSA match  08-01-26,2026-08-01,4,Stage 4,14575aab-7887-4412-bf3d-33f43e002b37,Alex Goben,19,77.44,7,77.92,Carry Optics,A,L5929,MINOR,,101.3022,100.6704,5.1654,22.07,23,,3,,,,1,,
8a66d331-ef80-4ba8-b137-15a657f40493,Kidlat Shooters AUGUST USPSA match  08-01-26,2026-08-01,4,Stage 4,14575aab-7887-4412-bf3d-33f43e002b37,Marco Olivarez,20,77.29,8,77.78,Carry Optics,C,A176449,MINOR,,101.1100,100.4794,5.1556,22.50,19,,7,,,,,,
8a66d331-ef80-4ba8-b137-15a657f40493,Kidlat Shooters AUGUST USPSA match  08-01-26,2026-08-01,4,Stage 4,14575aab-7887-4412-bf3d-33f43e002b37,Phil Truong,21,76.29,6,76.29,Open,B,X,MINOR,,99.1795,99.1795,5.0889,24.76,24,,2,,,,,,
8a66d331-ef80-4ba8-b137-15a657f40493,Kidlat Shooters AUGUST USPSA match  08-01-26,2026-08-01,4,Stage 4,14575aab-7887-4412-bf3d-33f43e002b37,James Berry,22,74.59,9,75.06,Carry Optics,U,A174774,MINOR,,97.5780,96.9694,4.9755,24.52,22,,4,,,,,,
8a66d331-ef80-4ba8-b137-15a657f40493,Kidlat Shooters AUGUST USPSA match  08-01-26,2026-08-01,4,Stage 4,14575aab-7887-4412-bf3d-33f43e002b37,"Ross ""Riff Raff"" Pimentel",23,72.31,6,76.86,PCC,U,A157753,MINOR,Senior,99.9245,94.0012,4.8232,24.88,22,,3,1,,,,,
8a66d331-ef80-4ba8-b137-15a657f40493,Kidlat Shooters AUGUST USPSA match  08-01-26,2026-08-01,4,Stage 4,14575aab-7887-4412-bf3d-33f43e002b37,Janice Pacleb,24,71.64,7,71.64,Open,,,MAJOR,,93.1261,93.1261,4.7783,26.16,21,,5,,,,,,
8a66d331-ef80-4ba8-b137-15a657f40493,Kidlat Shooters AUGUST USPSA match  08-01-26,2026-08-01,4,Stage 4,14575aab-7887-4412-bf3d-33f43e002b37,Temu Leograndis,25,70.52,7,74.97,PCC,D,a155982,MINOR,,97.4570,91.6800,4.7041,26.36,24,,1,1,,,,,
8a66d331-ef80-4ba8-b137-15a657f40493,Kidlat Shooters AUGUST USPSA match  08-01-26,2026-08-01,4,Stage 4,14575aab-7887-4412-bf3d-33f43e002b37,Gennady Khokhorin,26,69.91,3,75.19,Limited Optics,U,A123884,MINOR,Super Senior,97.7447,90.8868,4.6634,26.59,23,,3,,,,,,
8a66d331-ef80-4ba8-b137-15a657f40493,Kidlat Shooters AUGUST USPSA match  08-01-26,2026-08-01,4,Stage 4,14575aab-7887-4412-bf3d-33f43e002b37,NeaL NaNDiN,27,67.26,8,67.26,Open,C,FY71894,MAJOR,,87.4391,87.4391,4.4865,28.53,24,,2,,,,,,
8a66d331-ef80-4ba8-b137-15a657f40493,Kidlat Shooters AUGUST USPSA match  08-01-26,2026-08-01,4,Stage 4,14575aab-7887-4412-bf3d-33f43e002b37,Devie ubas,28,66.45,9,66.45,Open,C,,MAJOR,,86.3808,86.3808,4.4322,27.30,19,,6,1,,,,,
8a66d331-ef80-4ba8-b137-15a657f40493,Kidlat Shooters AUGUST USPSA match  08-01-26,2026-08-01,4,Stage 4,14575aab-7887-4412-bf3d-33f43e002b37,Wade Pruetz,29,65.66,10,65.66,Open,A,A79055,MAJOR,Senior,85.3596,85.3596,4.3798,28.54,21,,5,,,,,,
8a66d331-ef80-4ba8-b137-15a657f40493,Kidlat Shooters AUGUST USPSA match  08-01-26,2026-08-01,4,Stage 4,14575aab-7887-4412-bf3d-33f43e002b37,Jon Baguio,30,65.62,11,65.62,Open,C,X,MAJOR,,85.3011,85.3011,4.3768,23.99,15,,10,,1,,,,
8a66d331-ef80-4ba8-b137-15a657f40493,Kidlat Shooters AUGUST USPSA match  08-01-26,2026-08-01,4,Stage 4,14575aab-7887-4412-bf3d-33f43e002b37,David Zhang,31,63.82,10,64.22,Carry Optics,B,FY140383,MINOR,,83.4830,82.9624,4.2568,29.60,24,,2,,,,,,
8a66d331-ef80-4ba8-b137-15a657f40493,Kidlat Shooters AUGUST USPSA match  08-01-26,2026-08-01,4,Stage 4,14575aab-7887-4412-bf3d-33f43e002b37,chris bulkley,32,61.70,11,62.09,Carry Optics,B,A159469,MINOR,,80.7158,80.2124,4.1157,26.97,23,,2,,1,,,,
8a66d331-ef80-4ba8-b137-15a657f40493,Kidlat Shooters AUGUST USPSA match  08-01-26,2026-08-01,4,Stage 4,14575aab-7887-4412-bf3d-33f43e002b37,Fred Ermac,33,58.20,4,62.59,Limited Optics,U,A106439,MINOR,,81.3624,75.6539,3.8818,33.49,26,,,,,,,,
8a66d331-ef80-4ba8-b137-15a657f40493,Kidlat Shooters AUGUST USPSA match  08-01-26,2026-08-01,4,Stage 4,14575aab-7887-4412-bf3d-33f43e002b37,Manny Nerona,34,57.73,5,62.09,Limited Optics,B,A69445,MINOR,,80.7147,75.0516,3.8509,24.41,21,,3,,2,,,,
8a66d331-ef80-4ba8-b137-15a657f40493,Kidlat Shooters AUGUST USPSA match  08-01-26,2026-08-01,4,Stage 4,14575aab-7887-4412-bf3d-33f43e002b37,Jhun Caoagas jr,35,56.94,6,61.24,Limited Optics,C,A170038,MINOR,,79.6122,74.0265,3.7983,30.54,19,,7,,,,,,
8a66d331-ef80-4ba8-b137-15a657f40493,Kidlat Shooters AUGUST USPSA match  08-01-26,2026-08-01,4,Stage 4,14575aab-7887-4412-bf3d-33f43e002b37,Waldo Samano,36,55.67,12,56.02,Carry Optics,M,Ty87973,MINOR,,72.8241,72.3699,3.7133,19.39,20,,4,,2,,1,1,
8a66d331-ef80-4ba8-b137-15a657f40493,Kidlat Shooters AUGUST USPSA match  08-01-26,2026-08-01,4,Stage 4,14575aab-7887-4412-bf3d-33f43e002b37,Harlan Chen,37,55.06,7,59.22,Limited Optics,B,a163292,MINOR,,76.9818,71.5806,3.6728,23.96,19,,4,1,2,,,,
8a66d331-ef80-4ba8-b137-15a657f40493,Kidlat Shooters AUGUST USPSA match  08-01-26,2026-08-01,4,Stage 4,14575aab-7887-4412-bf3d-33f43e002b37,Jonathan Yanbao Bousquet,38,51.16,8,55.02,Limited Optics,U,A185757,MINOR,,71.5280,66.5095,3.4126,31.94,23,,1,1,1,,,,
8a66d331-ef80-4ba8-b137-15a657f40493,Kidlat Shooters AUGUST USPSA match  08-01-26,2026-08-01,4,Stage 4,14575aab-7887-4412-bf3d-33f43e002b37,Kirk Skinner,39,46.93,9,50.47,Limited Optics,B,A157600,MINOR,,65.6089,61.0057,3.1302,35.78,23,,2,1,,,1,,
8a66d331-ef80-4ba8-b137-15a657f40493,Kidlat Shooters AUGUST USPSA match  08-01-26,2026-08-01,4,Stage 4,14575aab-7887-4412-bf3d-33f43e002b37,Jose Onia,40,43.47,10,46.75,Limited Optics,C,12346,MINOR,Senior,60.7692,56.5056,2.8993,19.66,14,,9,,3,,,1,
8a66d331-ef80-4ba8-b137-15a657f40493,Kidlat Shooters AUGUST USPSA match  08-01-26,2026-08-01,4,Stage 4,14575aab-7887-4412-bf3d-33f43e002b37,Chris Ballard,41,39.61,11,42.60,Limited Optics,C,A178189,MINOR,,55.3804,51.4948,2.6422,27.25,20,,4,,2,,1,1,
8a66d331-ef80-4ba8-b137-15a657f40493,Kidlat Shooters AUGUST USPSA match  08-01-26,2026-08-01,4,Stage 4,14575aab-7887-4412-bf3d-33f43e002b37,peter Alcazaren,42,34.74,1,100.00,Single Stack,U,,MINOR,,130.0000,45.1588,2.3171,44.02,17,,9,,,,1,,
8a66d331-ef80-4ba8-b137-15a657f40493,Kidlat Shooters AUGUST USPSA match  08-01-26,2026-08-01,4,Stage 4,14575aab-7887-4412-bf3d-33f43e002b37,Emman Alcoseba,43,30.61,1,100.00,Limited,C,TY67519,MINOR,Super Senior,130.0000,39.7934,2.0418,41.14,21,,3,,2,,,1,
8a66d331-ef80-4ba8-b137-15a657f40493,Kidlat Shooters AUGUST USPSA match  08-01-26,2026-08-01,4,Stage 4,14575aab-7887-4412-bf3d-33f43e002b37,Lee King,44,27.85,13,28.03,Carry Optics,C,A163654,MINOR,Super Senior,36.4366,36.2093,1.8579,39.83,21,,3,,2,,2,,
8a66d331-ef80-4ba8-b137-15a657f40493,Kidlat Shooters AUGUST USPSA match  08-01-26,2026-08-01,4,Stage 4,14575aab-7887-4412-bf3d-33f43e002b37,Olayemi Bakare,45,0.00,12,0.00,Open,A,A105300,MAJOR,,0.0000,0.0000,,,,,,,,,,,
8a66d331-ef80-4ba8-b137-15a657f40493,Kidlat Shooters AUGUST USPSA match  08-01-26,2026-08-01,4,Stage 4,14575aab-7887-4412-bf3d-33f43e002b37,August Balagtas,46,0.00,13,0.00,Open,M,L3674,MAJOR,,0.0000,0.0000,,,,,,,,,,,
8a66d331-ef80-4ba8-b137-15a657f40493,Kidlat Shooters AUGUST USPSA match  08-01-26,2026-08-01,4,Stage 4,14575aab-7887-4412-bf3d-33f43e002b37,Jared Butler,47,0.00,12,0.00,Limited Optics,C,A183653,MINOR,,0.0000,0.0000,,,,,,,,,,,
8a66d331-ef80-4ba8-b137-15a657f40493,Kidlat Shooters AUGUST USPSA match  08-01-26,2026-08-01,4,Stage 4,14575aab-7887-4412-bf3d-33f43e002b37,Yulmer Carreno,48,0.00,13,0.00,Limited Optics,B,A157204,MINOR,,0.0000,0.0000,,,,,,,,,,,
8a66d331-ef80-4ba8-b137-15a657f40493,Kidlat Shooters AUGUST USPSA match  08-01-26,2026-08-01,4,Stage 4,14575aab-7887-4412-bf3d-33f43e002b37,Mervs Castillon,49,0.00,14,0.00,Limited Optics,U,A174980,MINOR,Senior,0.0000,0.0000,,,,,,,,,,,
8a66d331-ef80-4ba8-b137-15a657f40493,Kidlat Shooters AUGUST USPSA match  08-01-26,2026-08-01,4,Stage 4,14575aab-7887-4412-bf3d-33f43e002b37,William Horton,50,0.00,14,0.00,Open,U,A12309584,MAJOR,,0.0000,0.0000,,,,,,,,,,,
8a66d331-ef80-4ba8-b137-15a657f40493,Kidlat Shooters AUGUST USPSA match  08-01-26,2026-08-01,4,Stage 4,14575aab-7887-4412-bf3d-33f43e002b37,Yul Kwan,51,0.00,15,0.00,Open,C,A165984,MAJOR,,0.0000,0.0000,,,,,,,,,,,
8a66d331-ef80-4ba8-b137-15a657f40493,Kidlat Shooters AUGUST USPSA match  08-01-26,2026-08-01,4,Stage 4,14575aab-7887-4412-bf3d-33f43e002b37,Napoleon BigLew Lewis,52,0.00,16,0.00,Open,C,A154149,MINOR,Senior,0.0000,0.0000,,,,,,,,,,,
8a66d331-ef80-4ba8-b137-15a657f40493,Kidlat Shooters AUGUST USPSA match  08-01-26,2026-08-01,4,Stage 4,14575aab-7887-4412-bf3d-33f43e002b37,Napoleon BigLew Lewis,53,0.00,1,0.00,Production,U,A154149,MINOR,Senior,0.0000,0.0000,,,,,,,,,,,
8a66d331-ef80-4ba8-b137-15a657f40493,Kidlat Shooters AUGUST USPSA match  08-01-26,2026-08-01,4,Stage 4,14575aab-7887-4412-bf3d-33f43e002b37,Andres Lezama,54,0.00,15,0.00,Limited Optics,C,A168072,MINOR,,0.0000,0.0000,,,,,,,,,,,
8a66d331-ef80-4ba8-b137-15a657f40493,Kidlat Shooters AUGUST USPSA match  08-01-26,2026-08-01,4,Stage 4,14575aab-7887-4412-bf3d-33f43e002b37,Andres Lezama,55,0.00,16,0.00,Limited Optics,C,A168072,MINOR,,0.0000,0.0000,,,,,,,,,,,
8a66d331-ef80-4ba8-b137-15a657f40493,Kidlat Shooters AUGUST USPSA match  08-01-26,2026-08-01,4,Stage 4,14575aab-7887-4412-bf3d-33f43e002b37,Jack Liu,56,0.00,8,0.00,PCC,M,L6156,MINOR,,0.0000,0.0000,,,,,,,,,,,
8a66d331-ef80-4ba8-b137-15a657f40493,Kidlat Shooters AUGUST USPSA match  08-01-26,2026-08-01,4,Stage 4,14575aab-7887-4412-bf3d-33f43e002b37,Keaton Mayfield,57,0.00,14,0.00,Carry Optics,A,A147501,MINOR,,0.0000,0.0000,,,,,,,,,,,
8a66d331-ef80-4ba8-b137-15a657f40493,Kidlat Shooters AUGUST USPSA match  08-01-26,2026-08-01,4,Stage 4,14575aab-7887-4412-bf3d-33f43e002b37,"Byron ""BigBDaShooter"" McGowen",58,0.00,15,0.00,Carry Optics,C,A159731,MINOR,Junior,0.0000,0.0000,,,,,,,,,,,
8a66d331-ef80-4ba8-b137-15a657f40493,Kidlat Shooters AUGUST USPSA match  08-01-26,2026-08-01,4,Stage 4,14575aab-7887-4412-bf3d-33f43e002b37,Neil McMullin,59,0.00,2,0.00,Limited,U,A162927,MINOR,,0.0000,0.0000,,,,,,,,,,,
8a66d331-ef80-4ba8-b137-15a657f40493,Kidlat Shooters AUGUST USPSA match  08-01-26,2026-08-01,4,Stage 4,14575aab-7887-4412-bf3d-33f43e002b37,Virak Meas,60,0.00,17,0.00,Open,C,O,MINOR,Senior,0.0000,0.0000,,,,,,,,,,,
8a66d331-ef80-4ba8-b137-15a657f40493,Kidlat Shooters AUGUST USPSA match  08-01-26,2026-08-01,4,Stage 4,14575aab-7887-4412-bf3d-33f43e002b37,Marco Olivarez,61,0.00,16,0.00,Carry Optics,C,A176449,MINOR,,0.0000,0.0000,,,,,,,,,,,
8a66d331-ef80-4ba8-b137-15a657f40493,Kidlat Shooters AUGUST USPSA match  08-01-26,2026-08-01,4,Stage 4,14575aab-7887-4412-bf3d-33f43e002b37,Johans Pinto,62,0.00,17,0.00,Carry Optics,D,A182441,MINOR,,0.0000,0.0000,,,,,,,,,,,
8a66d331-ef80-4ba8-b137-15a657f40493,Kidlat Shooters AUGUST USPSA match  08-01-26,2026-08-01,4,Stage 4,14575aab-7887-4412-bf3d-33f43e002b37,stormtrooper Qian,63,0.00,17,0.00,Limited Optics,B,a11112,MINOR,,0.0000,0.0000,,,,,,,,,,,
8a66d331-ef80-4ba8-b137-15a657f40493,Kidlat Shooters AUGUST USPSA match  08-01-26,2026-08-01,4,Stage 4,14575aab-7887-4412-bf3d-33f43e002b37,Jeje Racza,64,0.00,18,0.00,Carry Optics,U,0,MINOR,,0.0000,0.0000,,,,,,,,,,,
8a66d331-ef80-4ba8-b137-15a657f40493,Kidlat Shooters AUGUST USPSA match  08-01-26,2026-08-01,4,Stage 4,14575aab-7887-4412-bf3d-33f43e002b37,Sonny Somera,65,0.00,18,0.00,Limited Optics,D,A118611,MINOR,,0.0000,0.0000,,,,,,,,,,,
8a66d331-ef80-4ba8-b137-15a657f40493,Kidlat Shooters AUGUST USPSA match  08-01-26,2026-08-01,4,Stage 4,14575aab-7887-4412-bf3d-33f43e002b37,Raul Sotelo,66,0.00,19,0.00,Limited Optics,A,TY41489,MINOR,Senior,0.0000,0.0000,,,,,,,,,,,
8a66d331-ef80-4ba8-b137-15a657f40493,Kidlat Shooters AUGUST USPSA match  08-01-26,2026-08-01,4,Stage 4,14575aab-7887-4412-bf3d-33f43e002b37,Charity Taylor,67,0.00,9,0.00,PCC,D,A104508,MINOR,Lady; Senior,0.0000,0.0000,,,,,,,,,,,
8a66d331-ef80-4ba8-b137-15a657f40493,Kidlat Shooters AUGUST USPSA match  08-01-26,2026-08-01,4,Stage 4,14575aab-7887-4412-bf3d-33f43e002b37,Antonio Tormis,68,0.00,18,0.00,Open,B,A121458,MAJOR,,0.0000,0.0000,,,,,,,,,,,
8a66d331-ef80-4ba8-b137-15a657f40493,Kidlat Shooters AUGUST USPSA match  08-01-26,2026-08-01,4,Stage 4,14575aab-7887-4412-bf3d-33f43e002b37,Coder W,69,0.00,10,0.00,PCC,A,A178525,MINOR,,0.0000,0.0000,,,,,,,,,,,
8a66d331-ef80-4ba8-b137-15a657f40493,Kidlat Shooters AUGUST USPSA match  08-01-26,2026-08-01,4,Stage 4,14575aab-7887-4412-bf3d-33f43e002b37,Yanlin Xiang,70,0.00,20,0.00,Limited Optics,B,A164967,MINOR,,0.0000,0.0000,,,,,,,,,,,
8a66d331-ef80-4ba8-b137-15a657f40493,Kidlat Shooters AUGUST USPSA match  08-01-26,2026-08-01,4,Stage 4,14575aab-7887-4412-bf3d-33f43e002b37,Rene Zalamea,71,0.00,21,0.00,Limited Optics,U,a66891,MINOR,Senior,0.0000,0.0000,,,,,,,,,,,
8a66d331-ef80-4ba8-b137-15a657f40493,Kidlat Shooters AUGUST USPSA match  08-01-26,2026-08-01,4,Stage 4,14575aab-7887-4412-bf3d-33f43e002b37,Jay-R delos-Santos,72,0.00,11,0.00,PCC,B,A70297,MINOR,Senior,0.0000,0.0000,,,,,,,,,,,
8a66d331-ef80-4ba8-b137-15a657f40493,Kidlat Shooters AUGUST USPSA match  08-01-26,2026-08-01,4,Stage 4,14575aab-7887-4412-bf3d-33f43e002b37,lin shi,73,0.00,19,0.00,Carry Optics,U,TY138430,MINOR,Super Senior,0.0000,0.0000,,,,,,,,,,,
8a66d331-ef80-4ba8-b137-15a657f40493,Kidlat Shooters AUGUST USPSA match  08-01-26,2026-08-01,4,Stage 4,14575aab-7887-4412-bf3d-33f43e002b37,lin shi,74,0.00,20,0.00,Carry Optics,U,TY138430,MINOR,Junior,0.0000,0.0000,,,,,,,,,,,
8a66d331-ef80-4ba8-b137-15a657f40493,Kidlat Shooters AUGUST USPSA match  08-01-26,2026-08-01,5,Stage 5,0fb90319-a95b-43d7-84d2-b90d3a32d69d,Ryan Jaw,1,100.00,1,100.00,Open,U,X,MAJOR,,140.0000,140.0000,7.3886,17.73,19,,9,,,,,,
8a66d331-ef80-4ba8-b137-15a657f40493,Kidlat Shooters AUGUST USPSA match  08-01-26,2026-08-01,5,Stage 5,0fb90319-a95b-43d7-84d2-b90d3a32d69d,Roger Feng,2,87.95,1,100.00,Carry Optics,M,A157776,MINOR,,140.0000,123.1343,6.4985,20.62,25,,3,,,,,,
8a66d331-ef80-4ba8-b137-15a657f40493,Kidlat Shooters AUGUST USPSA match  08-01-26,2026-08-01,5,Stage 5,0fb90319-a95b-43d7-84d2-b90d3a32d69d,Jerry Bedro,3,81.54,1,100.00,PCC,A,A98263,MINOR,,140.0000,114.1548,6.0246,21.91,24,,4,,,,,,
8a66d331-ef80-4ba8-b137-15a657f40493,Kidlat Shooters AUGUST USPSA match  08-01-26,2026-08-01,5,Stage 5,0fb90319-a95b-43d7-84d2-b90d3a32d69d,Waldo Samano,4,76.52,2,87.00,Carry Optics,M,Ty87973,MINOR,,121.7936,107.1212,5.6534,21.58,20,,7,1,,,,,
8a66d331-ef80-4ba8-b137-15a657f40493,Kidlat Shooters AUGUST USPSA match  08-01-26,2026-08-01,5,Stage 5,0fb90319-a95b-43d7-84d2-b90d3a32d69d,Tyler Denmon,5,75.86,2,75.86,Open,B,X,MINOR,,106.2042,106.2042,5.6050,22.48,21,,7,,,,,,
8a66d331-ef80-4ba8-b137-15a657f40493,Kidlat Shooters AUGUST USPSA match  08-01-26,2026-08-01,5,Stage 5,0fb90319-a95b-43d7-84d2-b90d3a32d69d,Shaundy Pepito,6,72.44,3,72.44,Open,U,A156809,MAJOR,,101.4122,101.4122,5.3521,21.30,18,,8,1,1,,,,
8a66d331-ef80-4ba8-b137-15a657f40493,Kidlat Shooters AUGUST USPSA match  08-01-26,2026-08-01,5,Stage 5,0fb90319-a95b-43d7-84d2-b90d3a32d69d,Jim Havens,7,72.38,4,72.38,Open,M,a114636,MINOR,Senior,101.3345,101.3345,5.3480,23.56,22,,5,1,,,,,
8a66d331-ef80-4ba8-b137-15a657f40493,Kidlat Shooters AUGUST USPSA match  08-01-26,2026-08-01,5,Stage 5,0fb90319-a95b-43d7-84d2-b90d3a32d69d,John Ren,8,70.56,3,80.22,Carry Optics,A,A168570,MINOR,,112.3124,98.7822,5.2133,25.32,24,,4,,,,,,
8a66d331-ef80-4ba8-b137-15a657f40493,Kidlat Shooters AUGUST USPSA match  08-01-26,2026-08-01,5,Stage 5,0fb90319-a95b-43d7-84d2-b90d3a32d69d,Wade Pruetz,9,67.84,5,67.84,Open,A,A79055,MAJOR,Senior,94.9812,94.9812,5.0127,23.54,20,,7,,1,,,,
8a66d331-ef80-4ba8-b137-15a657f40493,Kidlat Shooters AUGUST USPSA match  08-01-26,2026-08-01,5,Stage 5,0fb90319-a95b-43d7-84d2-b90d3a32d69d,Phil Truong,10,67.39,6,67.39,Open,B,X,MINOR,,94.3445,94.3445,4.9791,23.90,24,,3,,1,,,,
8a66d331-ef80-4ba8-b137-15a657f40493,Kidlat Shooters AUGUST USPSA match  08-01-26,2026-08-01,5,Stage 5,0fb90319-a95b-43d7-84d2-b90d3a32d69d,Travis Mckenzie,11,66.12,7,66.12,Open,M,,MAJOR,,92.5653,92.5653,4.8852,20.47,16,,10,,2,,,,
8a66d331-ef80-4ba8-b137-15a657f40493,Kidlat Shooters AUGUST USPSA match  08-01-26,2026-08-01,5,Stage 5,0fb90319-a95b-43d7-84d2-b90d3a32d69d,Albert Montanez,12,65.63,2,80.49,PCC,M,TY101554,MINOR,,112.6837,91.8813,4.8491,18.56,21,,5,,2,,,1,
8a66d331-ef80-4ba8-b137-15a657f40493,Kidlat Shooters AUGUST USPSA match  08-01-26,2026-08-01,5,Stage 5,0fb90319-a95b-43d7-84d2-b90d3a32d69d,Temu Leograndis,13,63.86,3,78.32,PCC,D,a155982,MINOR,,109.6441,89.4029,4.7183,20.77,20,,6,,2,,,,
8a66d331-ef80-4ba8-b137-15a657f40493,Kidlat Shooters AUGUST USPSA match  08-01-26,2026-08-01,5,Stage 5,0fb90319-a95b-43d7-84d2-b90d3a32d69d,Ulrick Fong,14,61.25,4,75.11,PCC,A,A170351,MINOR,Senior,105.1592,85.7459,4.5253,22.54,22,,4,,2,,,,
8a66d331-ef80-4ba8-b137-15a657f40493,Kidlat Shooters AUGUST USPSA match  08-01-26,2026-08-01,5,Stage 5,0fb90319-a95b-43d7-84d2-b90d3a32d69d,Andre Wijaya,15,61.10,4,69.47,Carry Optics,C,A175473,MINOR,,97.2514,85.5356,4.5142,23.26,18,,8,1,1,,,,
8a66d331-ef80-4ba8-b137-15a657f40493,Kidlat Shooters AUGUST USPSA match  08-01-26,2026-08-01,5,Stage 5,0fb90319-a95b-43d7-84d2-b90d3a32d69d,Drew Yang,16,60.09,5,68.32,Carry Optics,A,FY138478,MINOR,,95.6485,84.1258,4.4398,24.10,19,,7,1,1,,,,
8a66d331-ef80-4ba8-b137-15a657f40493,Kidlat Shooters AUGUST USPSA match  08-01-26,2026-08-01,5,Stage 5,0fb90319-a95b-43d7-84d2-b90d3a32d69d,Jon Baguio,17,58.91,8,58.91,Open,C,X,MAJOR,,82.4773,82.4773,4.3528,26.19,20,,5,2,1,,,,
8a66d331-ef80-4ba8-b137-15a657f40493,Kidlat Shooters AUGUST USPSA match  08-01-26,2026-08-01,5,Stage 5,0fb90319-a95b-43d7-84d2-b90d3a32d69d,Albert Legislador,18,57.80,5,70.89,PCC,B,Ty91787,MINOR,Senior,99.2474,80.9255,4.2709,25.99,20,,7,,1,,,,
8a66d331-ef80-4ba8-b137-15a657f40493,Kidlat Shooters AUGUST USPSA match  08-01-26,2026-08-01,5,Stage 5,0fb90319-a95b-43d7-84d2-b90d3a32d69d,Gennady Khokhorin,19,57.22,1,100.00,Limited Optics,U,A123884,MINOR,Super Senior,140.0000,80.1126,4.2280,26.49,15,,12,1,,,,,
8a66d331-ef80-4ba8-b137-15a657f40493,Kidlat Shooters AUGUST USPSA match  08-01-26,2026-08-01,5,Stage 5,0fb90319-a95b-43d7-84d2-b90d3a32d69d,Jose Onia,20,56.34,2,98.46,Limited Optics,C,12346,MINOR,Senior,137.8477,78.8810,4.1630,22.58,19,,6,1,2,,,,
8a66d331-ef80-4ba8-b137-15a657f40493,Kidlat Shooters AUGUST USPSA match  08-01-26,2026-08-01,5,Stage 5,0fb90319-a95b-43d7-84d2-b90d3a32d69d,Janice Pacleb,21,56.33,9,56.33,Open,,,MAJOR,,78.8639,78.8639,4.1621,27.63,19,,7,1,1,,,,
8a66d331-ef80-4ba8-b137-15a657f40493,Kidlat Shooters AUGUST USPSA match  08-01-26,2026-08-01,5,Stage 5,0fb90319-a95b-43d7-84d2-b90d3a32d69d,Marco Olivarez,22,53.09,6,60.36,Carry Optics,C,A176449,MINOR,,84.4998,74.3202,3.9223,26.77,18,,8,1,1,,,,
8a66d331-ef80-4ba8-b137-15a657f40493,Kidlat Shooters AUGUST USPSA match  08-01-26,2026-08-01,5,Stage 5,0fb90319-a95b-43d7-84d2-b90d3a32d69d,"Ross ""Riff Raff"" Pimentel",23,51.46,6,63.11,PCC,U,A157753,MINOR,Senior,88.3534,72.0426,3.8021,33.14,21,,7,,,,,,
8a66d331-ef80-4ba8-b137-15a657f40493,Kidlat Shooters AUGUST USPSA match  08-01-26,2026-08-01,5,Stage 5,0fb90319-a95b-43d7-84d2-b90d3a32d69d,Duane Mendoza,24,51.11,3,89.32,Limited Optics,U,X,MINOR,,125.0464,71.5556,3.7764,26.48,21,,5,,2,,,,
8a66d331-ef80-4ba8-b137-15a657f40493,Kidlat Shooters AUGUST USPSA match  08-01-26,2026-08-01,5,Stage 5,0fb90319-a95b-43d7-84d2-b90d3a32d69d,NeaL NaNDiN,25,49.81,10,49.81,Open,C,FY71894,MAJOR,,69.7404,69.7404,3.6806,28.80,20,,6,1,1,,1,,
8a66d331-ef80-4ba8-b137-15a657f40493,Kidlat Shooters AUGUST USPSA match  08-01-26,2026-08-01,5,Stage 5,0fb90319-a95b-43d7-84d2-b90d3a32d69d,chris bulkley,26,49.30,7,56.06,Carry Optics,B,A159469,MINOR,,78.4806,69.0261,3.6429,30.47,21,,5,1,1,,,,
8a66d331-ef80-4ba8-b137-15a657f40493,Kidlat Shooters AUGUST USPSA match  08-01-26,2026-08-01,5,Stage 5,0fb90319-a95b-43d7-84d2-b90d3a32d69d,Manny Nerona,27,48.53,4,84.81,Limited Optics,B,A69445,MINOR,,118.7318,67.9422,3.5857,35.14,21,,7,,,,,,
8a66d331-ef80-4ba8-b137-15a657f40493,Kidlat Shooters AUGUST USPSA match  08-01-26,2026-08-01,5,Stage 5,0fb90319-a95b-43d7-84d2-b90d3a32d69d,James Berry,28,48.11,8,54.70,Carry Optics,U,A174774,MINOR,,76.5848,67.3586,3.5549,32.35,22,,5,,1,,,,
8a66d331-ef80-4ba8-b137-15a657f40493,Kidlat Shooters AUGUST USPSA match  08-01-26,2026-08-01,5,Stage 5,0fb90319-a95b-43d7-84d2-b90d3a32d69d,David Zhang,29,47.81,9,54.36,Carry Optics,B,FY140383,MINOR,,76.1086,66.9399,3.5328,27.74,20,,6,,2,,,,
8a66d331-ef80-4ba8-b137-15a657f40493,Kidlat Shooters AUGUST USPSA match  08-01-26,2026-08-01,5,Stage 5,0fb90319-a95b-43d7-84d2-b90d3a32d69d,Harlan Chen,30,45.42,5,79.38,Limited Optics,B,a163292,MINOR,,111.1325,63.5936,3.3562,27.71,21,,6,,1,,2,,
8a66d331-ef80-4ba8-b137-15a657f40493,Kidlat Shooters AUGUST USPSA match  08-01-26,2026-08-01,5,Stage 5,0fb90319-a95b-43d7-84d2-b90d3a32d69d,Chris Ballard,31,41.85,6,73.13,Limited Optics,C,A178189,MINOR,,102.3775,58.5838,3.0918,32.02,20,,6,1,1,,1,,
8a66d331-ef80-4ba8-b137-15a657f40493,Kidlat Shooters AUGUST USPSA match  08-01-26,2026-08-01,5,Stage 5,0fb90319-a95b-43d7-84d2-b90d3a32d69d,Bryant Moorefield,32,41.62,7,72.73,Limited Optics,U,A176823,MINOR,,101.8245,58.2673,3.0751,33.82,23,,3,,2,,,,
8a66d331-ef80-4ba8-b137-15a657f40493,Kidlat Shooters AUGUST USPSA match  08-01-26,2026-08-01,5,Stage 5,0fb90319-a95b-43d7-84d2-b90d3a32d69d,Kit Bong Morales,33,41.37,10,47.03,Carry Optics,U,A57907,MINOR,Senior,65.8475,57.9149,3.0565,30.10,19,,5,2,2,,,,
8a66d331-ef80-4ba8-b137-15a657f40493,Kidlat Shooters AUGUST USPSA match  08-01-26,2026-08-01,5,Stage 5,0fb90319-a95b-43d7-84d2-b90d3a32d69d,Glen Kruger,34,40.52,7,49.70,PCC,B,A171162,MINOR,Senior,69.5747,56.7306,2.9940,33.40,22,,3,1,2,,,,
8a66d331-ef80-4ba8-b137-15a657f40493,Kidlat Shooters AUGUST USPSA match  08-01-26,2026-08-01,5,Stage 5,0fb90319-a95b-43d7-84d2-b90d3a32d69d,Devie ubas,35,40.21,11,40.21,Open,C,,MAJOR,,56.2986,56.2986,2.9712,32.31,16,,8,2,2,,,,
8a66d331-ef80-4ba8-b137-15a657f40493,Kidlat Shooters AUGUST USPSA match  08-01-26,2026-08-01,5,Stage 5,0fb90319-a95b-43d7-84d2-b90d3a32d69d,Kirk Skinner,36,39.81,8,69.56,Limited Optics,B,A157600,MINOR,,97.3907,55.7302,2.9412,26.18,16,,9,,3,,,,
8a66d331-ef80-4ba8-b137-15a657f40493,Kidlat Shooters AUGUST USPSA match  08-01-26,2026-08-01,5,Stage 5,0fb90319-a95b-43d7-84d2-b90d3a32d69d,Lee King,37,36.57,11,41.58,Carry Optics,C,A163654,MINOR,Super Senior,58.2125,51.1997,2.7021,42.56,22,,5,,1,,,,
8a66d331-ef80-4ba8-b137-15a657f40493,Kidlat Shooters AUGUST USPSA match  08-01-26,2026-08-01,5,Stage 5,0fb90319-a95b-43d7-84d2-b90d3a32d69d,Jonathan Yanbao Bousquet,38,36.05,9,63.01,Limited Optics,U,A185757,MINOR,,88.2086,50.4759,2.6639,38.29,22,,4,,2,,,,
8a66d331-ef80-4ba8-b137-15a657f40493,Kidlat Shooters AUGUST USPSA match  08-01-26,2026-08-01,5,Stage 5,0fb90319-a95b-43d7-84d2-b90d3a32d69d,Alex Goben,39,35.75,12,40.64,Carry Optics,A,L5929,MINOR,,56.8984,50.0439,2.6411,27.64,20,,4,1,3,,1,,
8a66d331-ef80-4ba8-b137-15a657f40493,Kidlat Shooters AUGUST USPSA match  08-01-26,2026-08-01,5,Stage 5,0fb90319-a95b-43d7-84d2-b90d3a32d69d,Antonio Martinez,40,35.48,13,40.34,Carry Optics,,,MINOR,,56.4740,49.6706,2.6214,20.60,14,,7,3,4,,,,
8a66d331-ef80-4ba8-b137-15a657f40493,Kidlat Shooters AUGUST USPSA match  08-01-26,2026-08-01,5,Stage 5,0fb90319-a95b-43d7-84d2-b90d3a32d69d,Jhun Caoagas jr,41,34.38,10,60.09,Limited Optics,C,A170038,MINOR,,84.1192,48.1358,2.5404,34.64,16,,9,1,2,,,,
8a66d331-ef80-4ba8-b137-15a657f40493,Kidlat Shooters AUGUST USPSA match  08-01-26,2026-08-01,5,Stage 5,0fb90319-a95b-43d7-84d2-b90d3a32d69d,Fred Ermac,42,33.94,11,59.32,Limited Optics,U,A106439,MINOR,,83.0430,47.5200,2.5079,41.07,16,,11,,1,,,,
8a66d331-ef80-4ba8-b137-15a657f40493,Kidlat Shooters AUGUST USPSA match  08-01-26,2026-08-01,5,Stage 5,0fb90319-a95b-43d7-84d2-b90d3a32d69d,Emman Alcoseba,43,5.39,1,100.00,Limited,C,TY67519,MINOR,Super Senior,140.0000,7.5489,0.3984,60.24,14,,8,,6,,,1,
8a66d331-ef80-4ba8-b137-15a657f40493,Kidlat Shooters AUGUST USPSA match  08-01-26,2026-08-01,5,Stage 5,0fb90319-a95b-43d7-84d2-b90d3a32d69d,peter Alcazaren,44,0.00,1,0.00,Single Stack,U,,MINOR,,0.0000,0.0000,,,,,,,,,,,
8a66d331-ef80-4ba8-b137-15a657f40493,Kidlat Shooters AUGUST USPSA match  08-01-26,2026-08-01,5,Stage 5,0fb90319-a95b-43d7-84d2-b90d3a32d69d,Olayemi Bakare,45,0.00,12,0.00,Open,A,A105300,MAJOR,,0.0000,0.0000,,,,,,,,,,,
8a66d331-ef80-4ba8-b137-15a657f40493,Kidlat Shooters AUGUST USPSA match  08-01-26,2026-08-01,5,Stage 5,0fb90319-a95b-43d7-84d2-b90d3a32d69d,August Balagtas,46,0.00,13,0.00,Open,M,L3674,MAJOR,,0.0000,0.0000,,,,,,,,,,,
8a66d331-ef80-4ba8-b137-15a657f40493,Kidlat Shooters AUGUST USPSA match  08-01-26,2026-08-01,5,Stage 5,0fb90319-a95b-43d7-84d2-b90d3a32d69d,Jared Butler,47,0.00,12,0.00,Limited Optics,C,A183653,MINOR,,0.0000,0.0000,,,,,,,,,,,
8a66d331-ef80-4ba8-b137-15a657f40493,Kidlat Shooters AUGUST USPSA match  08-01-26,2026-08-01,5,Stage 5,0fb90319-a95b-43d7-84d2-b90d3a32d69d,Yulmer Carreno,48,0.00,13,0.00,Limited Optics,B,A157204,MINOR,,0.0000,0.0000,,,,,,,,,,,
8a66d331-ef80-4ba8-b137-15a657f40493,Kidlat Shooters AUGUST USPSA match  08-01-26,2026-08-01,5,Stage 5,0fb90319-a95b-43d7-84d2-b90d3a32d69d,Mervs Castillon,49,0.00,14,0.00,Limited Optics,U,A174980,MINOR,Senior,0.0000,0.0000,,,,,,,,,,,
8a66d331-ef80-4ba8-b137-15a657f40493,Kidlat Shooters AUGUST USPSA match  08-01-26,2026-08-01,5,Stage 5,0fb90319-a95b-43d7-84d2-b90d3a32d69d,William Horton,50,0.00,14,0.00,Open,U,A12309584,MAJOR,,0.0000,0.0000,,,,,,,,,,,
8a66d331-ef80-4ba8-b137-15a657f40493,Kidlat Shooters AUGUST USPSA match  08-01-26,2026-08-01,5,Stage 5,0fb90319-a95b-43d7-84d2-b90d3a32d69d,Yul Kwan,51,0.00,15,0.00,Open,C,A165984,MAJOR,,0.0000,0.0000,,,,,,,,,,,
8a66d331-ef80-4ba8-b137-15a657f40493,Kidlat Shooters AUGUST USPSA match  08-01-26,2026-08-01,5,Stage 5,0fb90319-a95b-43d7-84d2-b90d3a32d69d,Napoleon BigLew Lewis,52,0.00,16,0.00,Open,C,A154149,MINOR,Senior,0.0000,0.0000,,,,,,,,,,,
8a66d331-ef80-4ba8-b137-15a657f40493,Kidlat Shooters AUGUST USPSA match  08-01-26,2026-08-01,5,Stage 5,0fb90319-a95b-43d7-84d2-b90d3a32d69d,Napoleon BigLew Lewis,53,0.00,1,0.00,Production,U,A154149,MINOR,Senior,0.0000,0.0000,,,,,,,,,,,
8a66d331-ef80-4ba8-b137-15a657f40493,Kidlat Shooters AUGUST USPSA match  08-01-26,2026-08-01,5,Stage 5,0fb90319-a95b-43d7-84d2-b90d3a32d69d,Andres Lezama,54,0.00,15,0.00,Limited Optics,C,A168072,MINOR,,0.0000,0.0000,,,,,,,,,,,
8a66d331-ef80-4ba8-b137-15a657f40493,Kidlat Shooters AUGUST USPSA match  08-01-26,2026-08-01,5,Stage 5,0fb90319-a95b-43d7-84d2-b90d3a32d69d,Andres Lezama,55,0.00,16,0.00,Limited Optics,C,A168072,MINOR,,0.0000,0.0000,,,,,,,,,,,
8a66d331-ef80-4ba8-b137-15a657f40493,Kidlat Shooters AUGUST USPSA match  08-01-26,2026-08-01,5,Stage 5,0fb90319-a95b-43d7-84d2-b90d3a32d69d,Jack Liu,56,0.00,8,0.00,PCC,M,L6156,MINOR,,0.0000,0.0000,,,,,,,,,,,
8a66d331-ef80-4ba8-b137-15a657f40493,Kidlat Shooters AUGUST USPSA match  08-01-26,2026-08-01,5,Stage 5,0fb90319-a95b-43d7-84d2-b90d3a32d69d,Keaton Mayfield,57,0.00,14,0.00,Carry Optics,A,A147501,MINOR,,0.0000,0.0000,,,,,,,,,,,
8a66d331-ef80-4ba8-b137-15a657f40493,Kidlat Shooters AUGUST USPSA match  08-01-26,2026-08-01,5,Stage 5,0fb90319-a95b-43d7-84d2-b90d3a32d69d,"Byron ""BigBDaShooter"" McGowen",58,0.00,15,0.00,Carry Optics,C,A159731,MINOR,Junior,0.0000,0.0000,,,,,,,,,,,
8a66d331-ef80-4ba8-b137-15a657f40493,Kidlat Shooters AUGUST USPSA match  08-01-26,2026-08-01,5,Stage 5,0fb90319-a95b-43d7-84d2-b90d3a32d69d,Neil McMullin,59,0.00,2,0.00,Limited,U,A162927,MINOR,,0.0000,0.0000,,,,,,,,,,,
8a66d331-ef80-4ba8-b137-15a657f40493,Kidlat Shooters AUGUST USPSA match  08-01-26,2026-08-01,5,Stage 5,0fb90319-a95b-43d7-84d2-b90d3a32d69d,Virak Meas,60,0.00,17,0.00,Open,C,O,MINOR,Senior,0.0000,0.0000,,,,,,,,,,,
8a66d331-ef80-4ba8-b137-15a657f40493,Kidlat Shooters AUGUST USPSA match  08-01-26,2026-08-01,5,Stage 5,0fb90319-a95b-43d7-84d2-b90d3a32d69d,Marco Olivarez,61,0.00,16,0.00,Carry Optics,C,A176449,MINOR,,0.0000,0.0000,,,,,,,,,,,
8a66d331-ef80-4ba8-b137-15a657f40493,Kidlat Shooters AUGUST USPSA match  08-01-26,2026-08-01,5,Stage 5,0fb90319-a95b-43d7-84d2-b90d3a32d69d,Johans Pinto,62,0.00,17,0.00,Carry Optics,D,A182441,MINOR,,0.0000,0.0000,,,,,,,,,,,
8a66d331-ef80-4ba8-b137-15a657f40493,Kidlat Shooters AUGUST USPSA match  08-01-26,2026-08-01,5,Stage 5,0fb90319-a95b-43d7-84d2-b90d3a32d69d,stormtrooper Qian,63,0.00,17,0.00,Limited Optics,B,a11112,MINOR,,0.0000,0.0000,,,,,,,,,,,
8a66d331-ef80-4ba8-b137-15a657f40493,Kidlat Shooters AUGUST USPSA match  08-01-26,2026-08-01,5,Stage 5,0fb90319-a95b-43d7-84d2-b90d3a32d69d,Jeje Racza,64,0.00,18,0.00,Carry Optics,U,0,MINOR,,0.0000,0.0000,,,,,,,,,,,
8a66d331-ef80-4ba8-b137-15a657f40493,Kidlat Shooters AUGUST USPSA match  08-01-26,2026-08-01,5,Stage 5,0fb90319-a95b-43d7-84d2-b90d3a32d69d,Sonny Somera,65,0.00,18,0.00,Limited Optics,D,A118611,MINOR,,0.0000,0.0000,,,,,,,,,,,
8a66d331-ef80-4ba8-b137-15a657f40493,Kidlat Shooters AUGUST USPSA match  08-01-26,2026-08-01,5,Stage 5,0fb90319-a95b-43d7-84d2-b90d3a32d69d,Raul Sotelo,66,0.00,19,0.00,Limited Optics,A,TY41489,MINOR,Senior,0.0000,0.0000,,,,,,,,,,,
8a66d331-ef80-4ba8-b137-15a657f40493,Kidlat Shooters AUGUST USPSA match  08-01-26,2026-08-01,5,Stage 5,0fb90319-a95b-43d7-84d2-b90d3a32d69d,Charity Taylor,67,0.00,9,0.00,PCC,D,A104508,MINOR,Lady; Senior,0.0000,0.0000,,,,,,,,,,,
8a66d331-ef80-4ba8-b137-15a657f40493,Kidlat Shooters AUGUST USPSA match  08-01-26,2026-08-01,5,Stage 5,0fb90319-a95b-43d7-84d2-b90d3a32d69d,Antonio Tormis,68,0.00,18,0.00,Open,B,A121458,MAJOR,,0.0000,0.0000,,,,,,,,,,,
8a66d331-ef80-4ba8-b137-15a657f40493,Kidlat Shooters AUGUST USPSA match  08-01-26,2026-08-01,5,Stage 5,0fb90319-a95b-43d7-84d2-b90d3a32d69d,Coder W,69,0.00,10,0.00,PCC,A,A178525,MINOR,,0.0000,0.0000,,,,,,,,,,,
8a66d331-ef80-4ba8-b137-15a657f40493,Kidlat Shooters AUGUST USPSA match  08-01-26,2026-08-01,5,Stage 5,0fb90319-a95b-43d7-84d2-b90d3a32d69d,Yanlin Xiang,70,0.00,20,0.00,Limited Optics,B,A164967,MINOR,,0.0000,0.0000,,,,,,,,,,,
8a66d331-ef80-4ba8-b137-15a657f40493,Kidlat Shooters AUGUST USPSA match  08-01-26,2026-08-01,5,Stage 5,0fb90319-a95b-43d7-84d2-b90d3a32d69d,Rene Zalamea,71,0.00,21,0.00,Limited Optics,U,a66891,MINOR,Senior,0.0000,0.0000,,,,,,,,,,,
8a66d331-ef80-4ba8-b137-15a657f40493,Kidlat Shooters AUGUST USPSA match  08-01-26,2026-08-01,5,Stage 5,0fb90319-a95b-43d7-84d2-b90d3a32d69d,Jay-R delos-Santos,72,0.00,11,0.00,PCC,B,A70297,MINOR,Senior,0.0000,0.0000,,,,,,,,,,,
8a66d331-ef80-4ba8-b137-15a657f40493,Kidlat Shooters AUGUST USPSA match  08-01-26,2026-08-01,5,Stage 5,0fb90319-a95b-43d7-84d2-b90d3a32d69d,lin shi,73,0.00,19,0.00,Carry Optics,U,TY138430,MINOR,Super Senior,0.0000,0.0000,,,,,,,,,,,
8a66d331-ef80-4ba8-b137-15a657f40493,Kidlat Shooters AUGUST USPSA match  08-01-26,2026-08-01,5,Stage 5,0fb90319-a95b-43d7-84d2-b90d3a32d69d,lin shi,74,0.00,20,0.00,Carry Optics,U,TY138430,MINOR,Junior,0.0000,0.0000,,,,,,,,,,,
8a66d331-ef80-4ba8-b137-15a657f40493,Kidlat Shooters AUGUST USPSA match  08-01-26,2026-08-01,6,Stage 6,2b2775b0-8c37-4693-82f5-ad9ebf52aea7,Travis Mckenzie,1,100.00,1,100.00,Open,M,,MAJOR,,140.0000,140.0000,9.3969,14.26,22,,6,,,,,,
8a66d331-ef80-4ba8-b137-15a657f40493,Kidlat Shooters AUGUST USPSA match  08-01-26,2026-08-01,6,Stage 6,2b2775b0-8c37-4693-82f5-ad9ebf52aea7,Albert Montanez,2,93.39,1,100.00,PCC,M,TY101554,MINOR,,140.0000,130.7406,8.7754,15.27,25,,3,,,,,,
8a66d331-ef80-4ba8-b137-15a657f40493,Kidlat Shooters AUGUST USPSA match  08-01-26,2026-08-01,6,Stage 6,2b2775b0-8c37-4693-82f5-ad9ebf52aea7,Roger Feng,3,88.13,1,100.00,Carry Optics,M,A157776,MINOR,,140.0000,123.3762,8.2811,15.94,24,,4,,,,,,
8a66d331-ef80-4ba8-b137-15a657f40493,Kidlat Shooters AUGUST USPSA match  08-01-26,2026-08-01,6,Stage 6,2b2775b0-8c37-4693-82f5-ad9ebf52aea7,Waldo Samano,4,83.68,2,94.95,Carry Optics,M,Ty87973,MINOR,,132.9316,117.1471,7.8630,15.77,20,,8,,,,,,
8a66d331-ef80-4ba8-b137-15a657f40493,Kidlat Shooters AUGUST USPSA match  08-01-26,2026-08-01,6,Stage 6,2b2775b0-8c37-4693-82f5-ad9ebf52aea7,Wade Pruetz,5,81.28,2,81.28,Open,A,A79055,MAJOR,Senior,113.7965,113.7965,7.6381,17.02,20,,7,1,,,,,
8a66d331-ef80-4ba8-b137-15a657f40493,Kidlat Shooters AUGUST USPSA match  08-01-26,2026-08-01,6,Stage 6,2b2775b0-8c37-4693-82f5-ad9ebf52aea7,Ryan Jaw,6,77.70,3,77.70,Open,U,X,MAJOR,,108.7831,108.7831,7.3016,15.75,21,,4,2,1,,,,
8a66d331-ef80-4ba8-b137-15a657f40493,Kidlat Shooters AUGUST USPSA match  08-01-26,2026-08-01,6,Stage 6,2b2775b0-8c37-4693-82f5-ad9ebf52aea7,Drew Yang,7,76.32,3,86.60,Carry Optics,A,FY138478,MINOR,,121.2462,106.8493,7.1718,17.29,21,,6,1,,,,,
8a66d331-ef80-4ba8-b137-15a657f40493,Kidlat Shooters AUGUST USPSA match  08-01-26,2026-08-01,6,Stage 6,2b2775b0-8c37-4693-82f5-ad9ebf52aea7,Temu Leograndis,8,75.92,2,81.29,PCC,D,a155982,MINOR,,113.8088,106.2816,7.1337,15.56,20,,7,,1,,,,
8a66d331-ef80-4ba8-b137-15a657f40493,Kidlat Shooters AUGUST USPSA match  08-01-26,2026-08-01,6,Stage 6,2b2775b0-8c37-4693-82f5-ad9ebf52aea7,Albert Legislador,9,75.89,3,81.27,PCC,B,Ty91787,MINOR,Senior,113.7737,106.2489,7.1315,18.79,26,,1,1,,,,,
8a66d331-ef80-4ba8-b137-15a657f40493,Kidlat Shooters AUGUST USPSA match  08-01-26,2026-08-01,6,Stage 6,2b2775b0-8c37-4693-82f5-ad9ebf52aea7,Shaundy Pepito,10,75.10,4,75.10,Open,U,A156809,MAJOR,,105.1374,105.1374,7.0569,18.28,19,,8,1,,,,,
8a66d331-ef80-4ba8-b137-15a657f40493,Kidlat Shooters AUGUST USPSA match  08-01-26,2026-08-01,6,Stage 6,2b2775b0-8c37-4693-82f5-ad9ebf52aea7,Glen Kruger,11,74.21,4,79.46,PCC,B,A171162,MINOR,Senior,111.2467,103.8889,6.9731,18.93,24,,4,,,,,,
8a66d331-ef80-4ba8-b137-15a657f40493,Kidlat Shooters AUGUST USPSA match  08-01-26,2026-08-01,6,Stage 6,2b2775b0-8c37-4693-82f5-ad9ebf52aea7,Andre Wijaya,12,72.97,4,82.80,Carry Optics,C,A175473,MINOR,,115.9259,102.1607,6.8571,19.25,24,,4,,,,,,
8a66d331-ef80-4ba8-b137-15a657f40493,Kidlat Shooters AUGUST USPSA match  08-01-26,2026-08-01,6,Stage 6,2b2775b0-8c37-4693-82f5-ad9ebf52aea7,Jim Havens,13,71.68,5,71.68,Open,M,a114636,MINOR,Senior,100.3535,100.3535,6.7358,17.37,23,,4,,1,,,,
8a66d331-ef80-4ba8-b137-15a657f40493,Kidlat Shooters AUGUST USPSA match  08-01-26,2026-08-01,6,Stage 6,2b2775b0-8c37-4693-82f5-ad9ebf52aea7,Jose Onia,14,70.56,1,100.00,Limited Optics,C,12346,MINOR,Senior,140.0000,98.7862,6.6306,14.78,20,,6,,2,,,,
8a66d331-ef80-4ba8-b137-15a657f40493,Kidlat Shooters AUGUST USPSA match  08-01-26,2026-08-01,6,Stage 6,2b2775b0-8c37-4693-82f5-ad9ebf52aea7,Jerry Bedro,15,68.43,5,73.27,PCC,A,A98263,MINOR,,102.5806,95.7961,6.4299,20.84,25,,3,,,,,,
8a66d331-ef80-4ba8-b137-15a657f40493,Kidlat Shooters AUGUST USPSA match  08-01-26,2026-08-01,6,Stage 6,2b2775b0-8c37-4693-82f5-ad9ebf52aea7,Alex Goben,16,68.25,5,77.45,Carry Optics,A,L5929,MINOR,,108.4315,95.5562,6.4138,17.93,22,,5,,1,,,,
8a66d331-ef80-4ba8-b137-15a657f40493,Kidlat Shooters AUGUST USPSA match  08-01-26,2026-08-01,6,Stage 6,2b2775b0-8c37-4693-82f5-ad9ebf52aea7,Phil Truong,17,66.02,6,66.02,Open,B,X,MINOR,,92.4275,92.4275,6.2038,17.57,20,,6,1,1,,,,
8a66d331-ef80-4ba8-b137-15a657f40493,Kidlat Shooters AUGUST USPSA match  08-01-26,2026-08-01,6,Stage 6,2b2775b0-8c37-4693-82f5-ad9ebf52aea7,Duane Mendoza,18,65.47,2,92.78,Limited Optics,U,X,MINOR,,129.8990,91.6587,6.1522,18.53,15,,13,,,,,,
8a66d331-ef80-4ba8-b137-15a657f40493,Kidlat Shooters AUGUST USPSA match  08-01-26,2026-08-01,6,Stage 6,2b2775b0-8c37-4693-82f5-ad9ebf52aea7,Tyler Denmon,19,65.38,7,65.38,Open,B,X,MINOR,,91.5306,91.5306,6.1436,16.44,17,,8,2,1,,,,
8a66d331-ef80-4ba8-b137-15a657f40493,Kidlat Shooters AUGUST USPSA match  08-01-26,2026-08-01,6,Stage 6,2b2775b0-8c37-4693-82f5-ad9ebf52aea7,Gennady Khokhorin,20,65.07,3,92.21,Limited Optics,U,A123884,MINOR,Super Senior,129.1008,91.0956,6.1144,20.28,20,,8,,,,,,
8a66d331-ef80-4ba8-b137-15a657f40493,Kidlat Shooters AUGUST USPSA match  08-01-26,2026-08-01,6,Stage 6,2b2775b0-8c37-4693-82f5-ad9ebf52aea7,NeaL NaNDiN,21,63.48,8,63.48,Open,C,FY71894,MAJOR,,88.8668,88.8668,5.9648,22.13,20,,8,,,,,,
8a66d331-ef80-4ba8-b137-15a657f40493,Kidlat Shooters AUGUST USPSA match  08-01-26,2026-08-01,6,Stage 6,2b2775b0-8c37-4693-82f5-ad9ebf52aea7,Jon Baguio,22,62.38,9,62.38,Open,C,X,MAJOR,,87.3277,87.3277,5.8615,22.52,20,,8,,,,,,
8a66d331-ef80-4ba8-b137-15a657f40493,Kidlat Shooters AUGUST USPSA match  08-01-26,2026-08-01,6,Stage 6,2b2775b0-8c37-4693-82f5-ad9ebf52aea7,Jhun Caoagas jr,23,61.66,4,87.39,Limited Optics,C,A170038,MINOR,,122.3443,86.3280,5.7944,21.40,21,,6,1,,,,,
8a66d331-ef80-4ba8-b137-15a657f40493,Kidlat Shooters AUGUST USPSA match  08-01-26,2026-08-01,6,Stage 6,2b2775b0-8c37-4693-82f5-ad9ebf52aea7,Ulrick Fong,24,61.00,6,65.32,PCC,A,A170351,MINOR,Senior,91.4545,85.4058,5.7325,17.27,20,,6,1,1,,1,,
8a66d331-ef80-4ba8-b137-15a657f40493,Kidlat Shooters AUGUST USPSA match  08-01-26,2026-08-01,6,Stage 6,2b2775b0-8c37-4693-82f5-ad9ebf52aea7,David Zhang,25,60.84,6,69.03,Carry Optics,B,FY140383,MINOR,,96.6480,85.1719,5.7168,22.39,22,,6,,,,,,
8a66d331-ef80-4ba8-b137-15a657f40493,Kidlat Shooters AUGUST USPSA match  08-01-26,2026-08-01,6,Stage 6,2b2775b0-8c37-4693-82f5-ad9ebf52aea7,Marco Olivarez,26,59.94,7,68.02,Carry Optics,C,A176449,MINOR,,95.2245,83.9175,5.6326,23.79,25,,3,,,,,,
8a66d331-ef80-4ba8-b137-15a657f40493,Kidlat Shooters AUGUST USPSA match  08-01-26,2026-08-01,6,Stage 6,2b2775b0-8c37-4693-82f5-ad9ebf52aea7,Manny Nerona,27,59.92,5,84.92,Limited Optics,B,A69445,MINOR,,118.8815,83.8847,5.6304,20.78,23,,4,,1,,,,
8a66d331-ef80-4ba8-b137-15a657f40493,Kidlat Shooters AUGUST USPSA match  08-01-26,2026-08-01,6,Stage 6,2b2775b0-8c37-4693-82f5-ad9ebf52aea7,Kirk Skinner,28,59.79,6,84.73,Limited Optics,B,A157600,MINOR,,118.6197,83.6999,5.6180,21.36,19,,8,1,,,,,
8a66d331-ef80-4ba8-b137-15a657f40493,Kidlat Shooters AUGUST USPSA match  08-01-26,2026-08-01,6,Stage 6,2b2775b0-8c37-4693-82f5-ad9ebf52aea7,James Berry,29,59.39,8,67.39,Carry Optics,U,A174774,MINOR,,94.3522,83.1487,5.5810,21.86,19,,9,,,,,,
8a66d331-ef80-4ba8-b137-15a657f40493,Kidlat Shooters AUGUST USPSA match  08-01-26,2026-08-01,6,Stage 6,2b2775b0-8c37-4693-82f5-ad9ebf52aea7,John Ren,30,58.52,9,66.41,Carry Optics,A,A168570,MINOR,,92.9693,81.9300,5.4992,18.73,21,,6,,1,,1,,
8a66d331-ef80-4ba8-b137-15a657f40493,Kidlat Shooters AUGUST USPSA match  08-01-26,2026-08-01,6,Stage 6,2b2775b0-8c37-4693-82f5-ad9ebf52aea7,"Ross ""Riff Raff"" Pimentel",31,55.70,7,59.65,PCC,U,A157753,MINOR,Senior,83.5080,77.9849,5.2344,21.97,22,,5,,1,,,,
8a66d331-ef80-4ba8-b137-15a657f40493,Kidlat Shooters AUGUST USPSA match  08-01-26,2026-08-01,6,Stage 6,2b2775b0-8c37-4693-82f5-ad9ebf52aea7,chris bulkley,32,55.62,10,63.11,Carry Optics,B,A159469,MINOR,,88.3607,77.8687,5.2266,24.49,22,,6,,,,,,
8a66d331-ef80-4ba8-b137-15a657f40493,Kidlat Shooters AUGUST USPSA match  08-01-26,2026-08-01,6,Stage 6,2b2775b0-8c37-4693-82f5-ad9ebf52aea7,Janice Pacleb,33,53.33,10,53.33,Open,,,MAJOR,,74.6625,74.6625,5.0114,21.95,16,,9,2,1,,,,
8a66d331-ef80-4ba8-b137-15a657f40493,Kidlat Shooters AUGUST USPSA match  08-01-26,2026-08-01,6,Stage 6,2b2775b0-8c37-4693-82f5-ad9ebf52aea7,Bryant Moorefield,34,50.76,7,71.94,Limited Optics,U,A176823,MINOR,,100.7191,71.0690,4.7702,22.85,21,,4,2,1,,,,
8a66d331-ef80-4ba8-b137-15a657f40493,Kidlat Shooters AUGUST USPSA match  08-01-26,2026-08-01,6,Stage 6,2b2775b0-8c37-4693-82f5-ad9ebf52aea7,Harlan Chen,35,48.10,8,68.17,Limited Optics,B,a163292,MINOR,,95.4384,67.3428,4.5201,17.92,18,,7,,3,,,,
8a66d331-ef80-4ba8-b137-15a657f40493,Kidlat Shooters AUGUST USPSA match  08-01-26,2026-08-01,6,Stage 6,2b2775b0-8c37-4693-82f5-ad9ebf52aea7,Antonio Martinez,36,47.25,11,53.61,Carry Optics,,,MINOR,,75.0574,66.1450,4.4397,18.92,20,,4,2,2,,,1,
8a66d331-ef80-4ba8-b137-15a657f40493,Kidlat Shooters AUGUST USPSA match  08-01-26,2026-08-01,6,Stage 6,2b2775b0-8c37-4693-82f5-ad9ebf52aea7,Fred Ermac,37,43.83,9,62.12,Limited Optics,U,A106439,MINOR,,86.9695,61.3670,4.1190,26.22,17,,11,,,,1,,
8a66d331-ef80-4ba8-b137-15a657f40493,Kidlat Shooters AUGUST USPSA match  08-01-26,2026-08-01,6,Stage 6,2b2775b0-8c37-4693-82f5-ad9ebf52aea7,Chris Ballard,38,43.32,10,61.40,Limited Optics,C,A178189,MINOR,,85.9581,60.6534,4.0711,25.30,21,,6,,1,,1,,
8a66d331-ef80-4ba8-b137-15a657f40493,Kidlat Shooters AUGUST USPSA match  08-01-26,2026-08-01,6,Stage 6,2b2775b0-8c37-4693-82f5-ad9ebf52aea7,Jonathan Yanbao Bousquet,39,42.71,11,60.53,Limited Optics,U,A185757,MINOR,,84.7356,59.7908,4.0132,30.40,24,,4,,,,1,,
8a66d331-ef80-4ba8-b137-15a657f40493,Kidlat Shooters AUGUST USPSA match  08-01-26,2026-08-01,6,Stage 6,2b2775b0-8c37-4693-82f5-ad9ebf52aea7,Lee King,40,42.24,12,47.94,Carry Optics,C,A163654,MINOR,Super Senior,67.1099,59.1412,3.9696,34.26,26,,2,,,,,,
8a66d331-ef80-4ba8-b137-15a657f40493,Kidlat Shooters AUGUST USPSA match  08-01-26,2026-08-01,6,Stage 6,2b2775b0-8c37-4693-82f5-ad9ebf52aea7,Kit Bong Morales,41,37.06,13,42.05,Carry Optics,U,A57907,MINOR,Senior,58.8767,51.8856,3.4826,20.10,14,,9,3,2,,,1,
8a66d331-ef80-4ba8-b137-15a657f40493,Kidlat Shooters AUGUST USPSA match  08-01-26,2026-08-01,6,Stage 6,2b2775b0-8c37-4693-82f5-ad9ebf52aea7,Devie ubas,42,36.40,11,36.40,Open,C,,MAJOR,,50.9619,50.9619,3.4206,18.71,14,,7,3,4,,,,
8a66d331-ef80-4ba8-b137-15a657f40493,Kidlat Shooters AUGUST USPSA match  08-01-26,2026-08-01,6,Stage 6,2b2775b0-8c37-4693-82f5-ad9ebf52aea7,Emman Alcoseba,43,24.16,1,100.00,Limited,C,TY67519,MINOR,Super Senior,140.0000,33.8271,2.2705,40.96,21,,6,,1,,2,,
8a66d331-ef80-4ba8-b137-15a657f40493,Kidlat Shooters AUGUST USPSA match  08-01-26,2026-08-01,6,Stage 6,2b2775b0-8c37-4693-82f5-ad9ebf52aea7,peter Alcazaren,44,0.00,1,0.00,Single Stack,U,,MINOR,,0.0000,0.0000,,,,,,,,,,,
8a66d331-ef80-4ba8-b137-15a657f40493,Kidlat Shooters AUGUST USPSA match  08-01-26,2026-08-01,6,Stage 6,2b2775b0-8c37-4693-82f5-ad9ebf52aea7,Olayemi Bakare,45,0.00,12,0.00,Open,A,A105300,MAJOR,,0.0000,0.0000,,,,,,,,,,,
8a66d331-ef80-4ba8-b137-15a657f40493,Kidlat Shooters AUGUST USPSA match  08-01-26,2026-08-01,6,Stage 6,2b2775b0-8c37-4693-82f5-ad9ebf52aea7,August Balagtas,46,0.00,13,0.00,Open,M,L3674,MAJOR,,0.0000,0.0000,,,,,,,,,,,
8a66d331-ef80-4ba8-b137-15a657f40493,Kidlat Shooters AUGUST USPSA match  08-01-26,2026-08-01,6,Stage 6,2b2775b0-8c37-4693-82f5-ad9ebf52aea7,Jared Butler,47,0.00,12,0.00,Limited Optics,C,A183653,MINOR,,0.0000,0.0000,,,,,,,,,,,
8a66d331-ef80-4ba8-b137-15a657f40493,Kidlat Shooters AUGUST USPSA match  08-01-26,2026-08-01,6,Stage 6,2b2775b0-8c37-4693-82f5-ad9ebf52aea7,Yulmer Carreno,48,0.00,13,0.00,Limited Optics,B,A157204,MINOR,,0.0000,0.0000,,,,,,,,,,,
8a66d331-ef80-4ba8-b137-15a657f40493,Kidlat Shooters AUGUST USPSA match  08-01-26,2026-08-01,6,Stage 6,2b2775b0-8c37-4693-82f5-ad9ebf52aea7,Mervs Castillon,49,0.00,14,0.00,Limited Optics,U,A174980,MINOR,Senior,0.0000,0.0000,,,,,,,,,,,
8a66d331-ef80-4ba8-b137-15a657f40493,Kidlat Shooters AUGUST USPSA match  08-01-26,2026-08-01,6,Stage 6,2b2775b0-8c37-4693-82f5-ad9ebf52aea7,William Horton,50,0.00,14,0.00,Open,U,A12309584,MAJOR,,0.0000,0.0000,,,,,,,,,,,
8a66d331-ef80-4ba8-b137-15a657f40493,Kidlat Shooters AUGUST USPSA match  08-01-26,2026-08-01,6,Stage 6,2b2775b0-8c37-4693-82f5-ad9ebf52aea7,Yul Kwan,51,0.00,15,0.00,Open,C,A165984,MAJOR,,0.0000,0.0000,,,,,,,,,,,
8a66d331-ef80-4ba8-b137-15a657f40493,Kidlat Shooters AUGUST USPSA match  08-01-26,2026-08-01,6,Stage 6,2b2775b0-8c37-4693-82f5-ad9ebf52aea7,Napoleon BigLew Lewis,52,0.00,16,0.00,Open,C,A154149,MINOR,Senior,0.0000,0.0000,,,,,,,,,,,
8a66d331-ef80-4ba8-b137-15a657f40493,Kidlat Shooters AUGUST USPSA match  08-01-26,2026-08-01,6,Stage 6,2b2775b0-8c37-4693-82f5-ad9ebf52aea7,Napoleon BigLew Lewis,53,0.00,1,0.00,Production,U,A154149,MINOR,Senior,0.0000,0.0000,,,,,,,,,,,
8a66d331-ef80-4ba8-b137-15a657f40493,Kidlat Shooters AUGUST USPSA match  08-01-26,2026-08-01,6,Stage 6,2b2775b0-8c37-4693-82f5-ad9ebf52aea7,Andres Lezama,54,0.00,15,0.00,Limited Optics,C,A168072,MINOR,,0.0000,0.0000,,,,,,,,,,,
8a66d331-ef80-4ba8-b137-15a657f40493,Kidlat Shooters AUGUST USPSA match  08-01-26,2026-08-01,6,Stage 6,2b2775b0-8c37-4693-82f5-ad9ebf52aea7,Andres Lezama,55,0.00,16,0.00,Limited Optics,C,A168072,MINOR,,0.0000,0.0000,,,,,,,,,,,
8a66d331-ef80-4ba8-b137-15a657f40493,Kidlat Shooters AUGUST USPSA match  08-01-26,2026-08-01,6,Stage 6,2b2775b0-8c37-4693-82f5-ad9ebf52aea7,Jack Liu,56,0.00,8,0.00,PCC,M,L6156,MINOR,,0.0000,0.0000,,,,,,,,,,,
8a66d331-ef80-4ba8-b137-15a657f40493,Kidlat Shooters AUGUST USPSA match  08-01-26,2026-08-01,6,Stage 6,2b2775b0-8c37-4693-82f5-ad9ebf52aea7,Keaton Mayfield,57,0.00,14,0.00,Carry Optics,A,A147501,MINOR,,0.0000,0.0000,,,,,,,,,,,
8a66d331-ef80-4ba8-b137-15a657f40493,Kidlat Shooters AUGUST USPSA match  08-01-26,2026-08-01,6,Stage 6,2b2775b0-8c37-4693-82f5-ad9ebf52aea7,"Byron ""BigBDaShooter"" McGowen",58,0.00,15,0.00,Carry Optics,C,A159731,MINOR,Junior,0.0000,0.0000,,,,,,,,,,,
8a66d331-ef80-4ba8-b137-15a657f40493,Kidlat Shooters AUGUST USPSA match  08-01-26,2026-08-01,6,Stage 6,2b2775b0-8c37-4693-82f5-ad9ebf52aea7,Neil McMullin,59,0.00,2,0.00,Limited,U,A162927,MINOR,,0.0000,0.0000,,,,,,,,,,,
8a66d331-ef80-4ba8-b137-15a657f40493,Kidlat Shooters AUGUST USPSA match  08-01-26,2026-08-01,6,Stage 6,2b2775b0-8c37-4693-82f5-ad9ebf52aea7,Virak Meas,60,0.00,17,0.00,Open,C,O,MINOR,Senior,0.0000,0.0000,,,,,,,,,,,
8a66d331-ef80-4ba8-b137-15a657f40493,Kidlat Shooters AUGUST USPSA match  08-01-26,2026-08-01,6,Stage 6,2b2775b0-8c37-4693-82f5-ad9ebf52aea7,Marco Olivarez,61,0.00,16,0.00,Carry Optics,C,A176449,MINOR,,0.0000,0.0000,,,,,,,,,,,
8a66d331-ef80-4ba8-b137-15a657f40493,Kidlat Shooters AUGUST USPSA match  08-01-26,2026-08-01,6,Stage 6,2b2775b0-8c37-4693-82f5-ad9ebf52aea7,Johans Pinto,62,0.00,17,0.00,Carry Optics,D,A182441,MINOR,,0.0000,0.0000,,,,,,,,,,,
8a66d331-ef80-4ba8-b137-15a657f40493,Kidlat Shooters AUGUST USPSA match  08-01-26,2026-08-01,6,Stage 6,2b2775b0-8c37-4693-82f5-ad9ebf52aea7,stormtrooper Qian,63,0.00,17,0.00,Limited Optics,B,a11112,MINOR,,0.0000,0.0000,,,,,,,,,,,
8a66d331-ef80-4ba8-b137-15a657f40493,Kidlat Shooters AUGUST USPSA match  08-01-26,2026-08-01,6,Stage 6,2b2775b0-8c37-4693-82f5-ad9ebf52aea7,Jeje Racza,64,0.00,18,0.00,Carry Optics,U,0,MINOR,,0.0000,0.0000,,,,,,,,,,,
8a66d331-ef80-4ba8-b137-15a657f40493,Kidlat Shooters AUGUST USPSA match  08-01-26,2026-08-01,6,Stage 6,2b2775b0-8c37-4693-82f5-ad9ebf52aea7,Sonny Somera,65,0.00,18,0.00,Limited Optics,D,A118611,MINOR,,0.0000,0.0000,,,,,,,,,,,
8a66d331-ef80-4ba8-b137-15a657f40493,Kidlat Shooters AUGUST USPSA match  08-01-26,2026-08-01,6,Stage 6,2b2775b0-8c37-4693-82f5-ad9ebf52aea7,Raul Sotelo,66,0.00,19,0.00,Limited Optics,A,TY41489,MINOR,Senior,0.0000,0.0000,,,,,,,,,,,
8a66d331-ef80-4ba8-b137-15a657f40493,Kidlat Shooters AUGUST USPSA match  08-01-26,2026-08-01,6,Stage 6,2b2775b0-8c37-4693-82f5-ad9ebf52aea7,Charity Taylor,67,0.00,9,0.00,PCC,D,A104508,MINOR,Lady; Senior,0.0000,0.0000,,,,,,,,,,,
8a66d331-ef80-4ba8-b137-15a657f40493,Kidlat Shooters AUGUST USPSA match  08-01-26,2026-08-01,6,Stage 6,2b2775b0-8c37-4693-82f5-ad9ebf52aea7,Antonio Tormis,68,0.00,18,0.00,Open,B,A121458,MAJOR,,0.0000,0.0000,,,,,,,,,,,
8a66d331-ef80-4ba8-b137-15a657f40493,Kidlat Shooters AUGUST USPSA match  08-01-26,2026-08-01,6,Stage 6,2b2775b0-8c37-4693-82f5-ad9ebf52aea7,Coder W,69,0.00,10,0.00,PCC,A,A178525,MINOR,,0.0000,0.0000,,,,,,,,,,,
8a66d331-ef80-4ba8-b137-15a657f40493,Kidlat Shooters AUGUST USPSA match  08-01-26,2026-08-01,6,Stage 6,2b2775b0-8c37-4693-82f5-ad9ebf52aea7,Yanlin Xiang,70,0.00,20,0.00,Limited Optics,B,A164967,MINOR,,0.0000,0.0000,,,,,,,,,,,
8a66d331-ef80-4ba8-b137-15a657f40493,Kidlat Shooters AUGUST USPSA match  08-01-26,2026-08-01,6,Stage 6,2b2775b0-8c37-4693-82f5-ad9ebf52aea7,Rene Zalamea,71,0.00,21,0.00,Limited Optics,U,a66891,MINOR,Senior,0.0000,0.0000,,,,,,,,,,,
8a66d331-ef80-4ba8-b137-15a657f40493,Kidlat Shooters AUGUST USPSA match  08-01-26,2026-08-01,6,Stage 6,2b2775b0-8c37-4693-82f5-ad9ebf52aea7,Jay-R delos-Santos,72,0.00,11,0.00,PCC,B,A70297,MINOR,Senior,0.0000,0.0000,,,,,,,,,,,
8a66d331-ef80-4ba8-b137-15a657f40493,Kidlat Shooters AUGUST USPSA match  08-01-26,2026-08-01,6,Stage 6,2b2775b0-8c37-4693-82f5-ad9ebf52aea7,lin shi,73,0.00,19,0.00,Carry Optics,U,TY138430,MINOR,Super Senior,0.0000,0.0000,,,,,,,,,,,
8a66d331-ef80-4ba8-b137-15a657f40493,Kidlat Shooters AUGUST USPSA match  08-01-26,2026-08-01,6,Stage 6,2b2775b0-8c37-4693-82f5-ad9ebf52aea7,lin shi,74,0.00,20,0.00,Carry Optics,U,TY138430,MINOR,Junior,0.0000,0.0000,,,,,,,,,,,
