match_id,match_name,match_date,stage_number,stage_name,stage_uuid,shooter_name,shooter_rank_combined,shooter_percent_combined,shooter_rank_division,shooter_percent_division,division,class,member_number,power_factor,categories,stage_points,stage_points_combined,hit_factor,time,A,B,C,D,M,NPM,NS,Proc,Apen
9097f2e7-f8a9-40be-aed0-501528181a08,Bayou City Monthly December 10 at Oilfield Sports Complex,2023-12-10,1,Stage 1,e027f4fb-9443-4179-9196-2326dfc12adf,Travis Mckenzie,1,100.00,1,100.00,Limited Optics,U,L6340,MINOR,,40.0000,40.0000,5.0992,7.06,6,,2,,,,,,
9097f2e7-f8a9-40be-aed0-501528181a08,Bayou City Monthly December 10 at Oilfield Sports Complex,2023-12-10,1,Stage 1,e027f4fb-9443-4179-9196-2326dfc12adf,Tyler Kenny,2,96.03,1,100.00,Carry Optics,C,A148691,MINOR,,40.0000,38.4131,4.8969,7.76,7,,1,,,,,,
9097f2e7-f8a9-40be-aed0-501528181a08,Bayou City Monthly December 10 at Oilfield Sports Complex,2023-12-10,1,Stage 1,e027f4fb-9443-4179-9196-2326dfc12adf,Michael Kiesewetter,3,90.14,1,100.00,Open,B,TY118153,MAJOR,,40.0000,36.0551,4.5963,8.05,5,,3,,,,,,
9097f2e7-f8a9-40be-aed0-501528181a08,Bayou City Monthly December 10 at Oilfield Sports Complex,2023-12-10,1,Stage 1,e027f4fb-9443-4179-9196-2326dfc12adf,Jim Havens,4,82.89,2,82.89,Limited Optics,M,TY114636,MINOR,Senior,33.1574,33.1574,4.2269,8.99,7,,1,,,,,,
9097f2e7-f8a9-40be-aed0-501528181a08,Bayou City Monthly December 10 at Oilfield Sports Complex,2023-12-10,1,Stage 1,e027f4fb-9443-4179-9196-2326dfc12adf,Chez Chike-udenze,5,79.76,3,79.76,Limited Optics,M,A138598,MINOR,,31.9030,31.9030,4.0670,8.36,5,,3,,,,,,
9097f2e7-f8a9-40be-aed0-501528181a08,Bayou City Monthly December 10 at Oilfield Sports Complex,2023-12-10,1,Stage 1,e027f4fb-9443-4179-9196-2326dfc12adf,Gary Wu,6,77.89,4,77.89,Limited Optics,C,L2998,MINOR,Senior,31.1578,31.1578,3.9720,8.56,5,,3,,,,,,
9097f2e7-f8a9-40be-aed0-501528181a08,Bayou City Monthly December 10 at Oilfield Sports Complex,2023-12-10,1,Stage 1,e027f4fb-9443-4179-9196-2326dfc12adf,Pocholo Dimayuga,7,76.54,1,100.00,Limited,B,A106236,MAJOR,,40.0000,30.6166,3.9030,9.48,5,,3,,,,,,
9097f2e7-f8a9-40be-aed0-501528181a08,Bayou City Monthly December 10 at Oilfield Sports Complex,2023-12-10,1,Stage 1,e027f4fb-9443-4179-9196-2326dfc12adf,Chris Snow,8,74.59,2,82.75,Open,M,TY107262,MINOR,,33.1005,29.8361,3.8035,6.31,2,,4,2,,,,,
9097f2e7-f8a9-40be-aed0-501528181a08,Bayou City Monthly December 10 at Oilfield Sports Complex,2023-12-10,1,Stage 1,e027f4fb-9443-4179-9196-2326dfc12adf,Albert Legislador,9,73.43,2,76.47,Carry Optics,U,TY91787,MINOR,,30.5867,29.3732,3.7445,9.08,6,,1,1,,,,,
9097f2e7-f8a9-40be-aed0-501528181a08,Bayou City Monthly December 10 at Oilfield Sports Complex,2023-12-10,1,Stage 1,e027f4fb-9443-4179-9196-2326dfc12adf,August Balagtas,10,70.04,5,70.04,Limited Optics,U,L3674,MINOR,,28.0154,28.0154,3.5714,8.40,3,,5,,,,,,
9097f2e7-f8a9-40be-aed0-501528181a08,Bayou City Monthly December 10 at Oilfield Sports Complex,2023-12-10,1,Stage 1,e027f4fb-9443-4179-9196-2326dfc12adf,Waltz Noguerra,11,67.14,6,67.14,Limited Optics,U,A137731,MINOR,,26.8544,26.8544,3.4234,11.10,7,,1,,,,,,
9097f2e7-f8a9-40be-aed0-501528181a08,Bayou City Monthly December 10 at Oilfield Sports Complex,2023-12-10,1,Stage 1,e027f4fb-9443-4179-9196-2326dfc12adf,Christopher Boatcallie,12,66.35,1,100.00,PCC,B,A104118,MINOR,,40.0000,26.5383,3.3831,10.05,5,,3,,,,,,
9097f2e7-f8a9-40be-aed0-501528181a08,Bayou City Monthly December 10 at Oilfield Sports Complex,2023-12-10,1,Stage 1,e027f4fb-9443-4179-9196-2326dfc12adf,Cliff Pinsent,13,65.55,3,72.72,Open,B,FY99321,MAJOR,Distinguished Senior,29.0877,26.2190,3.3424,11.07,5,,3,,,,,,
9097f2e7-f8a9-40be-aed0-501528181a08,Bayou City Monthly December 10 at Oilfield Sports Complex,2023-12-10,1,Stage 1,e027f4fb-9443-4179-9196-2326dfc12adf,David Zhang,14,65.01,3,67.69,Carry Optics,C,FY140383,MINOR,,27.0775,26.0033,3.3149,10.86,6,,2,,,,,,
9097f2e7-f8a9-40be-aed0-501528181a08,Bayou City Monthly December 10 at Oilfield Sports Complex,2023-12-10,1,Stage 1,e027f4fb-9443-4179-9196-2326dfc12adf,Jesse Harrington,15,63.52,4,66.14,Carry Optics,B,A153046,MINOR,,26.4567,25.4071,3.2389,9.88,4,,4,,,,,,
9097f2e7-f8a9-40be-aed0-501528181a08,Bayou City Monthly December 10 at Oilfield Sports Complex,2023-12-10,1,Stage 1,e027f4fb-9443-4179-9196-2326dfc12adf,Taylor Mcdaniel,16,61.77,5,64.32,Carry Optics,U,,MINOR,,25.7273,24.7066,3.1496,12.70,8,,,,,,,,
9097f2e7-f8a9-40be-aed0-501528181a08,Bayou City Monthly December 10 at Oilfield Sports Complex,2023-12-10,1,Stage 1,e027f4fb-9443-4179-9196-2326dfc12adf,Lou Lerma,17,61.71,6,64.26,Carry Optics,U,A155846,MINOR,,25.7052,24.6854,3.1469,11.44,6,,2,,,,,,
9097f2e7-f8a9-40be-aed0-501528181a08,Bayou City Monthly December 10 at Oilfield Sports Complex,2023-12-10,1,Stage 1,e027f4fb-9443-4179-9196-2326dfc12adf,Nick Bolo,18,60.17,4,66.75,Open,B,A66852,MAJOR,,26.6997,24.0665,3.0680,12.06,5,,3,,,,,,
9097f2e7-f8a9-40be-aed0-501528181a08,Bayou City Monthly December 10 at Oilfield Sports Complex,2023-12-10,1,Stage 1,e027f4fb-9443-4179-9196-2326dfc12adf,Charles Bradbury,19,59.33,7,61.78,Carry Optics,C,,MINOR,,24.7136,23.7331,3.0255,12.56,7,,1,,,,,,
9097f2e7-f8a9-40be-aed0-501528181a08,Bayou City Monthly December 10 at Oilfield Sports Complex,2023-12-10,1,Stage 1,e027f4fb-9443-4179-9196-2326dfc12adf,Emman Alcoseba,20,59.32,2,77.50,Limited,C,TY67519,MINOR,Senior,31.0008,23.7284,3.0249,11.24,6,,1,1,,,,,
9097f2e7-f8a9-40be-aed0-501528181a08,Bayou City Monthly December 10 at Oilfield Sports Complex,2023-12-10,1,Stage 1,e027f4fb-9443-4179-9196-2326dfc12adf,James “jimo” O'flaherty,21,57.28,8,59.65,Carry Optics,B,FY100318,MINOR,Senior; Law Enforcement,23.8600,22.9134,2.9210,11.64,5,1,2,,,,,,
9097f2e7-f8a9-40be-aed0-501528181a08,Bayou City Monthly December 10 at Oilfield Sports Complex,2023-12-10,1,Stage 1,e027f4fb-9443-4179-9196-2326dfc12adf,Anderson Nguyen,22,56.18,9,58.50,Carry Optics,A,A150974,MINOR,,23.4017,22.4733,2.8649,7.33,5,,2,,1,,,,
9097f2e7-f8a9-40be-aed0-501528181a08,Bayou City Monthly December 10 at Oilfield Sports Complex,2023-12-10,1,Stage 1,e027f4fb-9443-4179-9196-2326dfc12adf,Ray Fishel,23,55.37,2,83.46,PCC,B,A92443,MINOR,Senior,33.3836,22.1486,2.8235,12.75,6,,2,,,,,,
9097f2e7-f8a9-40be-aed0-501528181a08,Bayou City Monthly December 10 at Oilfield Sports Complex,2023-12-10,1,Stage 1,e027f4fb-9443-4179-9196-2326dfc12adf,Tj Balingit,24,54.92,10,57.19,Carry Optics,U,A151010,MINOR,,22.8741,21.9666,2.8003,13.57,7,,1,,,,,,
9097f2e7-f8a9-40be-aed0-501528181a08,Bayou City Monthly December 10 at Oilfield Sports Complex,2023-12-10,1,Stage 1,e027f4fb-9443-4179-9196-2326dfc12adf,Isaac Robledo,25,53.60,11,55.81,Carry Optics,U,,MINOR,,22.3251,21.4394,2.7331,12.44,6,,1,1,,,,,
9097f2e7-f8a9-40be-aed0-501528181a08,Bayou City Monthly December 10 at Oilfield Sports Complex,2023-12-10,1,Stage 1,e027f4fb-9443-4179-9196-2326dfc12adf,Brandon Hunt,26,52.11,7,52.11,Limited Optics,U,FY150701,MINOR,,20.8441,20.8441,2.6572,11.29,4,,3,1,,,,,
9097f2e7-f8a9-40be-aed0-501528181a08,Bayou City Monthly December 10 at Oilfield Sports Complex,2023-12-10,1,Stage 1,e027f4fb-9443-4179-9196-2326dfc12adf,Jeremiah Hunt,27,51.49,8,51.49,Limited Optics,C,A148592,MINOR,,20.5954,20.5954,2.6255,12.95,5,,3,,,,,,
9097f2e7-f8a9-40be-aed0-501528181a08,Bayou City Monthly December 10 at Oilfield Sports Complex,2023-12-10,1,Stage 1,e027f4fb-9443-4179-9196-2326dfc12adf,Rudy Widiaman,28,51.21,9,51.21,Limited Optics,U,A155535,MINOR,,20.4848,20.4848,2.6114,13.02,5,,3,,,,,,
9097f2e7-f8a9-40be-aed0-501528181a08,Bayou City Monthly December 10 at Oilfield Sports Complex,2023-12-10,1,Stage 1,e027f4fb-9443-4179-9196-2326dfc12adf,Alexander Nguyen,29,49.37,12,51.41,Carry Optics,U,A151003,MINOR,,20.5640,19.7482,2.5175,14.30,6,,2,,,,,,
9097f2e7-f8a9-40be-aed0-501528181a08,Bayou City Monthly December 10 at Oilfield Sports Complex,2023-12-10,1,Stage 1,e027f4fb-9443-4179-9196-2326dfc12adf,Phyl Santos,30,47.78,10,47.78,Limited Optics,U,A155981,MINOR,,19.1112,19.1112,2.4363,9.03,1,,5,2,,,,,
9097f2e7-f8a9-40be-aed0-501528181a08,Bayou City Monthly December 10 at Oilfield Sports Complex,2023-12-10,1,Stage 1,e027f4fb-9443-4179-9196-2326dfc12adf,John Ren,31,46.80,3,61.15,Limited,C,A152674,MINOR,,24.4591,18.7214,2.3866,12.57,3,,5,,,,,,
9097f2e7-f8a9-40be-aed0-501528181a08,Bayou City Monthly December 10 at Oilfield Sports Complex,2023-12-10,1,Stage 1,e027f4fb-9443-4179-9196-2326dfc12adf,Samuel Torres,32,46.56,1,100.00,Production,U,A152788,MINOR,,40.0000,18.6249,2.3743,14.32,5,1,2,,,,,,
9097f2e7-f8a9-40be-aed0-501528181a08,Bayou City Monthly December 10 at Oilfield Sports Complex,2023-12-10,1,Stage 1,e027f4fb-9443-4179-9196-2326dfc12adf,Rene Zalamea,33,46.24,5,51.30,Open,C,A66891,MAJOR,Senior,20.5191,18.4955,2.3578,14.42,4,,3,1,,,,,
9097f2e7-f8a9-40be-aed0-501528181a08,Bayou City Monthly December 10 at Oilfield Sports Complex,2023-12-10,1,Stage 1,e027f4fb-9443-4179-9196-2326dfc12adf,Lauren Gillory,34,43.29,13,45.08,Carry Optics,U,,MINOR,,18.0318,17.3164,2.2075,13.59,3,,5,,,,,,
9097f2e7-f8a9-40be-aed0-501528181a08,Bayou City Monthly December 10 at Oilfield Sports Complex,2023-12-10,1,Stage 1,e027f4fb-9443-4179-9196-2326dfc12adf,James Jackson,35,43.18,3,65.08,PCC,C,A89219,MINOR,,26.0329,17.2717,2.2018,16.35,6,,2,,,,,,
9097f2e7-f8a9-40be-aed0-501528181a08,Bayou City Monthly December 10 at Oilfield Sports Complex,2023-12-10,1,Stage 1,e027f4fb-9443-4179-9196-2326dfc12adf,Jerry Bedro,36,41.68,6,46.24,Open,C,A98263,MAJOR,,18.4975,16.6732,2.1255,9.88,3,1,3,,1,,,,
9097f2e7-f8a9-40be-aed0-501528181a08,Bayou City Monthly December 10 at Oilfield Sports Complex,2023-12-10,1,Stage 1,e027f4fb-9443-4179-9196-2326dfc12adf,Marlon Poralan,37,40.94,11,40.94,Limited Optics,U,TY76330,MINOR,Law Enforcement,16.3751,16.3751,2.0875,10.06,5,,2,,1,,,,
9097f2e7-f8a9-40be-aed0-501528181a08,Bayou City Monthly December 10 at Oilfield Sports Complex,2023-12-10,1,Stage 1,e027f4fb-9443-4179-9196-2326dfc12adf,Luis Llanes,38,40.91,14,42.60,Carry Optics,U,A151023,MINOR,,17.0394,16.3634,2.0860,15.34,4,,4,,,,,,
9097f2e7-f8a9-40be-aed0-501528181a08,Bayou City Monthly December 10 at Oilfield Sports Complex,2023-12-10,1,Stage 1,e027f4fb-9443-4179-9196-2326dfc12adf,Christian Canizales,39,40.37,15,42.04,Carry Optics,B,TY150265,MINOR,,16.8147,16.1476,2.0585,9.23,4,,3,,1,,,,
9097f2e7-f8a9-40be-aed0-501528181a08,Bayou City Monthly December 10 at Oilfield Sports Complex,2023-12-10,1,Stage 1,e027f4fb-9443-4179-9196-2326dfc12adf,Desmond Jackson,40,38.68,16,40.28,Carry Optics,B,TY89242,MINOR,,16.1131,15.4738,1.9726,18.25,6,,2,,,,,,
9097f2e7-f8a9-40be-aed0-501528181a08,Bayou City Monthly December 10 at Oilfield Sports Complex,2023-12-10,1,Stage 1,e027f4fb-9443-4179-9196-2326dfc12adf,Jennifer Kleiber-boatcallie,41,38.64,4,58.24,PCC,C,A142192,MINOR,Lady,23.2970,15.4565,1.9704,16.24,4,,4,,,,,,
9097f2e7-f8a9-40be-aed0-501528181a08,Bayou City Monthly December 10 at Oilfield Sports Complex,2023-12-10,1,Stage 1,e027f4fb-9443-4179-9196-2326dfc12adf,Demitre Johnson,42,37.41,2,80.35,Production,U,,MINOR,Law Enforcement,32.1408,14.9655,1.9078,12.58,3,,2,3,,,,,
9097f2e7-f8a9-40be-aed0-501528181a08,Bayou City Monthly December 10 at Oilfield Sports Complex,2023-12-10,1,Stage 1,e027f4fb-9443-4179-9196-2326dfc12adf,Rudy Miranda,43,36.97,12,36.97,Limited Optics,U,,MINOR,Law Enforcement; Military,14.7874,14.7874,1.8851,11.14,5,,2,,1,,,,
9097f2e7-f8a9-40be-aed0-501528181a08,Bayou City Monthly December 10 at Oilfield Sports Complex,2023-12-10,1,Stage 1,e027f4fb-9443-4179-9196-2326dfc12adf,Arnold Gee,44,36.40,7,40.38,Open,B,TY103519,MAJOR,Senior,16.1530,14.5599,1.8561,12.93,6,,1,,1,,,,
9097f2e7-f8a9-40be-aed0-501528181a08,Bayou City Monthly December 10 at Oilfield Sports Complex,2023-12-10,1,Stage 1,e027f4fb-9443-4179-9196-2326dfc12adf,Virak Meas,45,35.69,13,35.69,Limited Optics,U,A155576,MINOR,Senior,14.2760,14.2760,1.8199,10.44,4,1,2,,1,,,,
9097f2e7-f8a9-40be-aed0-501528181a08,Bayou City Monthly December 10 at Oilfield Sports Complex,2023-12-10,1,Stage 1,e027f4fb-9443-4179-9196-2326dfc12adf,Ronald Gillory,46,34.03,5,51.30,PCC,B,TY83291,MINOR,,20.5185,13.6131,1.7354,18.44,4,,4,,,,,,
9097f2e7-f8a9-40be-aed0-501528181a08,Bayou City Monthly December 10 at Oilfield Sports Complex,2023-12-10,1,Stage 1,e027f4fb-9443-4179-9196-2326dfc12adf,Aj Jackson,47,32.81,6,49.46,PCC,A,TY81745,MINOR,,19.7830,13.1252,1.6732,10.16,3,,4,,1,,,,
9097f2e7-f8a9-40be-aed0-501528181a08,Bayou City Monthly December 10 at Oilfield Sports Complex,2023-12-10,1,Stage 1,e027f4fb-9443-4179-9196-2326dfc12adf,Aaron Gillory,48,21.64,17,22.53,Carry Optics,B,TY144826,MINOR,Law Enforcement,9.0122,8.6547,1.1033,9.97,5,,2,,1,,,1,
9097f2e7-f8a9-40be-aed0-501528181a08,Bayou City Monthly December 10 at Oilfield Sports Complex,2023-12-10,1,Stage 1,e027f4fb-9443-4179-9196-2326dfc12adf,Michael Pontious,49,14.28,14,14.28,Limited Optics,U,FY94575,MINOR,Senior,5.7123,5.7123,0.7282,8.24,4,,2,,2,,,,
9097f2e7-f8a9-40be-aed0-501528181a08,Bayou City Monthly December 10 at Oilfield Sports Complex,2023-12-10,1,Stage 1,e027f4fb-9443-4179-9196-2326dfc12adf,Abe Valdez,50,11.39,8,12.64,Open,C,A148541,MINOR,,5.0545,4.5560,0.5808,10.33,4,,2,,2,,,,
9097f2e7-f8a9-40be-aed0-501528181a08,Bayou City Monthly December 10 at Oilfield Sports Complex,2023-12-10,1,Stage 1,e027f4fb-9443-4179-9196-2326dfc12adf,Devan Roman,51,9.59,7,14.45,PCC,U,,MINOR,,5.7793,3.8343,0.4888,53.19,1,,7,,,,,,
9097f2e7-f8a9-40be-aed0-501528181a08,Bayou City Monthly December 10 at Oilfield Sports Complex,2023-12-10,1,Stage 1,e027f4fb-9443-4179-9196-2326dfc12adf,Said Aboumerhi,52,0.00,1,0.00,Single Stack,B,L2974,MINOR,Senior,0.0000,0.0000,,,,,,,,,,,
9097f2e7-f8a9-40be-aed0-501528181a08,Bayou City Monthly December 10 at Oilfield Sports Complex,2023-12-10,1,Stage 1,e027f4fb-9443-4179-9196-2326dfc12adf,Jon Baguio,53,0.00,9,0.00,Open,C,X,MAJOR,,0.0000,0.0000,,,,,,,,,,,
9097f2e7-f8a9-40be-aed0-501528181a08,Bayou City Monthly December 10 at Oilfield Sports Complex,2023-12-10,1,Stage 1,e027f4fb-9443-4179-9196-2326dfc12adf,Randy Callison,54,0.00,8,0.00,PCC,A,A14418,MINOR,Senior,0.0000,0.0000,,,,,,,,,,,
9097f2e7-f8a9-40be-aed0-501528181a08,Bayou City Monthly December 10 at Oilfield Sports Complex,2023-12-10,1,Stage 1,e027f4fb-9443-4179-9196-2326dfc12adf,Edsel Esquivel,55,0.00,15,0.00,Limited Optics,C,*,MINOR,,0.0000,0.0000,,,,,,,,,,,
9097f2e7-f8a9-40be-aed0-501528181a08,Bayou City Monthly December 10 at Oilfield Sports Complex,2023-12-10,1,Stage 1,e027f4fb-9443-4179-9196-2326dfc12adf,Samuel Gamez,56,0.00,18,0.00,Carry Optics,U,,MINOR,Law Enforcement,0.0000,0.0000,,,,,,,,,,,
9097f2e7-f8a9-40be-aed0-501528181a08,Bayou City Monthly December 10 at Oilfield Sports Complex,2023-12-10,1,Stage 1,e027f4fb-9443-4179-9196-2326dfc12adf,David Hruzek,57,0.00,19,0.00,Carry Optics,C,A100909,MINOR,Senior,0.0000,0.0000,,,,,,,,,,,
9097f2e7-f8a9-40be-aed0-501528181a08,Bayou City Monthly December 10 at Oilfield Sports Complex,2023-12-10,1,Stage 1,e027f4fb-9443-4179-9196-2326dfc12adf,Bobby Ivester,58,0.00,10,0.00,Open,M,A101336,MAJOR,,0.0000,0.0000,,,,,,,,,,,
9097f2e7-f8a9-40be-aed0-501528181a08,Bayou City Monthly December 10 at Oilfield Sports Complex,2023-12-10,1,Stage 1,e027f4fb-9443-4179-9196-2326dfc12adf,Chev Jacot,59,0.00,16,0.00,Limited Optics,U,TY72378,MINOR,,0.0000,0.0000,,,,,,,,,,,
9097f2e7-f8a9-40be-aed0-501528181a08,Bayou City Monthly December 10 at Oilfield Sports Complex,2023-12-10,1,Stage 1,e027f4fb-9443-4179-9196-2326dfc12adf,Pete Kirchner,60,0.00,20,0.00,Carry Optics,A,TY105743,MINOR,,0.0000,0.0000,,,,,,,,,,,
9097f2e7-f8a9-40be-aed0-501528181a08,Bayou City Monthly December 10 at Oilfield Sports Complex,2023-12-10,1,Stage 1,e027f4fb-9443-4179-9196-2326dfc12adf,Luis Llanes,61,0.00,11,0.00,Open,,,MAJOR,,0.0000,0.0000,,,,,,,,,,,
9097f2e7-f8a9-40be-aed0-501528181a08,Bayou City Monthly December 10 at Oilfield Sports Complex,2023-12-10,1,Stage 1,e027f4fb-9443-4179-9196-2326dfc12adf,"Jeff Maxwell, jr.",62,0.00,17,0.00,Limited Optics,C,L4489,MINOR,Senior,0.0000,0.0000,,,,,,,,,,,
9097f2e7-f8a9-40be-aed0-501528181a08,Bayou City Monthly December 10 at Oilfield Sports Complex,2023-12-10,1,Stage 1,e027f4fb-9443-4179-9196-2326dfc12adf,Jason Navarro,63,0.00,21,0.00,Carry Optics,U,0,MINOR,Law Enforcement,0.0000,0.0000,,,,,,,,,,,
9097f2e7-f8a9-40be-aed0-501528181a08,Bayou City Monthly December 10 at Oilfield Sports Complex,2023-12-10,1,Stage 1,e027f4fb-9443-4179-9196-2326dfc12adf,Robin Padilla,64,0.00,22,0.00,Carry Optics,U,0,MINOR,,0.0000,0.0000,,,,,,,,,,,
9097f2e7-f8a9-40be-aed0-501528181a08,Bayou City Monthly December 10 at Oilfield Sports Complex,2023-12-10,1,Stage 1,e027f4fb-9443-4179-9196-2326dfc12adf,Taylor Snodgrass,65,0.00,12,0.00,Open,U,,MINOR,,0.0000,0.0000,,,,,,,,,,,
9097f2e7-f8a9-40be-aed0-501528181a08,Bayou City Monthly December 10 at Oilfield Sports Complex,2023-12-10,1,Stage 1,e027f4fb-9443-4179-9196-2326dfc12adf,Antonio Tormis,66,0.00,13,0.00,Open,C,,MAJOR,,0.0000,0.0000,,,,,,,,,,,
9097f2e7-f8a9-40be-aed0-501528181a08,Bayou City Monthly December 10 at Oilfield Sports Complex,2023-12-10,1,Stage 1,e027f4fb-9443-4179-9196-2326dfc12adf,Blaine Newlin,67,0.00,4,0.00,Limited,B,A103350,MINOR,,0.0000,0.0000,0.0000,8.53,2,,2,2,2,,,,
9097f2e7-f8a9-40be-aed0-501528181a08,Bayou City Monthly December 10 at Oilfield Sports Complex,2023-12-10,2,Stage 2,2965491b-32eb-4be8-b425-1dafb34371b3,Chris Snow,1,100.00,1,100.00,Open,M,TY107262,MINOR,,150.0000,150.0000,9.0788,14.98,23,,7,,,,,,
9097f2e7-f8a9-40be-aed0-501528181a08,Bayou City Monthly December 10 at Oilfield Sports Complex,2023-12-10,2,Stage 2,2965491b-32eb-4be8-b425-1dafb34371b3,Michael Kiesewetter,2,97.46,2,97.46,Open,B,TY118153,MAJOR,,146.1933,146.1933,8.8484,15.37,18,,11,1,,,,,
9097f2e7-f8a9-40be-aed0-501528181a08,Bayou City Monthly December 10 at Oilfield Sports Complex,2023-12-10,2,Stage 2,2965491b-32eb-4be8-b425-1dafb34371b3,Christian Canizales,3,94.32,1,100.00,Carry Optics,B,TY150265,MINOR,,150.0000,141.4730,8.5627,16.35,25,,5,,,,,,
9097f2e7-f8a9-40be-aed0-501528181a08,Bayou City Monthly December 10 at Oilfield Sports Complex,2023-12-10,2,Stage 2,2965491b-32eb-4be8-b425-1dafb34371b3,Chez Chike-udenze,4,90.35,1,100.00,Limited Optics,M,A138598,MINOR,,150.0000,135.5251,8.2027,16.58,25,,3,2,,,,,
9097f2e7-f8a9-40be-aed0-501528181a08,Bayou City Monthly December 10 at Oilfield Sports Complex,2023-12-10,2,Stage 2,2965491b-32eb-4be8-b425-1dafb34371b3,Christopher Boatcallie,5,87.87,1,100.00,PCC,B,A104118,MINOR,,150.0000,131.8043,7.9775,17.80,26,,4,,,,,,
9097f2e7-f8a9-40be-aed0-501528181a08,Bayou City Monthly December 10 at Oilfield Sports Complex,2023-12-10,2,Stage 2,2965491b-32eb-4be8-b425-1dafb34371b3,August Balagtas,6,86.20,2,95.40,Limited Optics,U,L3674,MINOR,,143.1041,129.2946,7.8256,17.89,25,,5,,,,,,
9097f2e7-f8a9-40be-aed0-501528181a08,Bayou City Monthly December 10 at Oilfield Sports Complex,2023-12-10,2,Stage 2,2965491b-32eb-4be8-b425-1dafb34371b3,Jerry Bedro,7,86.15,3,86.15,Open,C,A98263,MAJOR,,129.2318,129.2318,7.8218,18.41,24,,6,,,,,,
9097f2e7-f8a9-40be-aed0-501528181a08,Bayou City Monthly December 10 at Oilfield Sports Complex,2023-12-10,2,Stage 2,2965491b-32eb-4be8-b425-1dafb34371b3,Jim Havens,8,84.73,3,93.78,Limited Optics,M,TY114636,MINOR,Senior,140.6665,127.0922,7.6923,17.94,24,,6,,,,,,
9097f2e7-f8a9-40be-aed0-501528181a08,Bayou City Monthly December 10 at Oilfield Sports Complex,2023-12-10,2,Stage 2,2965491b-32eb-4be8-b425-1dafb34371b3,Gary Wu,9,84.54,4,93.57,Limited Optics,C,L2998,MINOR,Senior,140.3574,126.8130,7.6754,18.24,26,,3,1,,,,,
9097f2e7-f8a9-40be-aed0-501528181a08,Bayou City Monthly December 10 at Oilfield Sports Complex,2023-12-10,2,Stage 2,2965491b-32eb-4be8-b425-1dafb34371b3,Arnold Gee,10,79.88,4,79.88,Open,B,TY103519,MAJOR,Senior,119.8226,119.8226,7.2523,19.58,22,1,7,,,,,,
9097f2e7-f8a9-40be-aed0-501528181a08,Bayou City Monthly December 10 at Oilfield Sports Complex,2023-12-10,2,Stage 2,2965491b-32eb-4be8-b425-1dafb34371b3,Anderson Nguyen,11,78.28,2,82.99,Carry Optics,A,A150974,MINOR,,124.4923,117.4153,7.1066,17.73,19,,10,1,,,,,
9097f2e7-f8a9-40be-aed0-501528181a08,Bayou City Monthly December 10 at Oilfield Sports Complex,2023-12-10,2,Stage 2,2965491b-32eb-4be8-b425-1dafb34371b3,Travis Mckenzie,12,76.12,5,84.25,Limited Optics,U,L6340,MINOR,,126.3809,114.1852,6.9111,16.64,21,,6,2,1,,,,
9097f2e7-f8a9-40be-aed0-501528181a08,Bayou City Monthly December 10 at Oilfield Sports Complex,2023-12-10,2,Stage 2,2965491b-32eb-4be8-b425-1dafb34371b3,Abe Valdez,13,75.29,5,75.29,Open,C,A148541,MINOR,,112.9312,112.9312,6.8352,21.36,28,,2,,,,,,
9097f2e7-f8a9-40be-aed0-501528181a08,Bayou City Monthly December 10 at Oilfield Sports Complex,2023-12-10,2,Stage 2,2965491b-32eb-4be8-b425-1dafb34371b3,Pocholo Dimayuga,14,73.75,1,100.00,Limited,B,A106236,MAJOR,,150.0000,110.6281,6.6958,20.61,18,,12,,,,,,
9097f2e7-f8a9-40be-aed0-501528181a08,Bayou City Monthly December 10 at Oilfield Sports Complex,2023-12-10,2,Stage 2,2965491b-32eb-4be8-b425-1dafb34371b3,Tyler Kenny,15,72.78,3,77.17,Carry Optics,C,A148691,MINOR,,115.7561,109.1758,6.6079,18.16,18,,9,3,,,,,
9097f2e7-f8a9-40be-aed0-501528181a08,Bayou City Monthly December 10 at Oilfield Sports Complex,2023-12-10,2,Stage 2,2965491b-32eb-4be8-b425-1dafb34371b3,Cliff Pinsent,16,71.32,6,71.32,Open,B,FY99321,MAJOR,Distinguished Senior,106.9816,106.9816,6.4751,21.93,22,,8,,,,,,
9097f2e7-f8a9-40be-aed0-501528181a08,Bayou City Monthly December 10 at Oilfield Sports Complex,2023-12-10,2,Stage 2,2965491b-32eb-4be8-b425-1dafb34371b3,Nick Bolo,17,71.05,7,71.05,Open,B,A66852,MAJOR,,106.5686,106.5686,6.4501,21.86,21,,9,,,,,,
9097f2e7-f8a9-40be-aed0-501528181a08,Bayou City Monthly December 10 at Oilfield Sports Complex,2023-12-10,2,Stage 2,2965491b-32eb-4be8-b425-1dafb34371b3,Michael Pontious,18,69.97,6,77.44,Limited Optics,U,FY94575,MINOR,Senior,116.1605,104.9511,6.3522,21.41,24,,5,1,,,,,
9097f2e7-f8a9-40be-aed0-501528181a08,Bayou City Monthly December 10 at Oilfield Sports Complex,2023-12-10,2,Stage 2,2965491b-32eb-4be8-b425-1dafb34371b3,David Zhang,19,69.71,4,73.91,Carry Optics,C,FY140383,MINOR,,110.8722,104.5694,6.3291,20.54,20,,10,,,,,,
9097f2e7-f8a9-40be-aed0-501528181a08,Bayou City Monthly December 10 at Oilfield Sports Complex,2023-12-10,2,Stage 2,2965491b-32eb-4be8-b425-1dafb34371b3,James “jimo” O'flaherty,20,67.47,5,71.53,Carry Optics,B,FY100318,MINOR,Senior; Law Enforcement,107.3003,101.2006,6.1252,22.53,24,,6,,,,,,
9097f2e7-f8a9-40be-aed0-501528181a08,Bayou City Monthly December 10 at Oilfield Sports Complex,2023-12-10,2,Stage 2,2965491b-32eb-4be8-b425-1dafb34371b3,Rene Zalamea,21,67.12,8,67.12,Open,C,A66891,MAJOR,Senior,100.6818,100.6818,6.0938,22.81,21,,8,1,,,,,
9097f2e7-f8a9-40be-aed0-501528181a08,Bayou City Monthly December 10 at Oilfield Sports Complex,2023-12-10,2,Stage 2,2965491b-32eb-4be8-b425-1dafb34371b3,Virak Meas,22,64.98,7,71.92,Limited Optics,U,A155576,MINOR,Senior,107.8858,97.4749,5.8997,23.73,25,,5,,,,,,
9097f2e7-f8a9-40be-aed0-501528181a08,Bayou City Monthly December 10 at Oilfield Sports Complex,2023-12-10,2,Stage 2,2965491b-32eb-4be8-b425-1dafb34371b3,Lou Lerma,23,64.34,6,68.22,Carry Optics,U,A155846,MINOR,,102.3270,96.5100,5.8413,22.94,22,,8,,,,,,
9097f2e7-f8a9-40be-aed0-501528181a08,Bayou City Monthly December 10 at Oilfield Sports Complex,2023-12-10,2,Stage 2,2965491b-32eb-4be8-b425-1dafb34371b3,Charles Bradbury,24,62.14,7,65.89,Carry Optics,C,,MINOR,,98.8339,93.2155,5.6419,24.46,24,,6,,,,,,
9097f2e7-f8a9-40be-aed0-501528181a08,Bayou City Monthly December 10 at Oilfield Sports Complex,2023-12-10,2,Stage 2,2965491b-32eb-4be8-b425-1dafb34371b3,Desmond Jackson,25,61.46,8,65.17,Carry Optics,B,TY89242,MINOR,,97.7495,92.1928,5.5800,20.43,17,,8,5,,,,,
9097f2e7-f8a9-40be-aed0-501528181a08,Bayou City Monthly December 10 at Oilfield Sports Complex,2023-12-10,2,Stage 2,2965491b-32eb-4be8-b425-1dafb34371b3,Isaac Robledo,26,59.96,9,63.58,Carry Optics,U,,MINOR,,95.3654,89.9442,5.4439,23.88,22,,6,2,,,,,
9097f2e7-f8a9-40be-aed0-501528181a08,Bayou City Monthly December 10 at Oilfield Sports Complex,2023-12-10,2,Stage 2,2965491b-32eb-4be8-b425-1dafb34371b3,Jesse Harrington,27,59.78,10,63.38,Carry Optics,B,A153046,MINOR,,95.0763,89.6715,5.4274,23.40,25,,4,,1,,,,
9097f2e7-f8a9-40be-aed0-501528181a08,Bayou City Monthly December 10 at Oilfield Sports Complex,2023-12-10,2,Stage 2,2965491b-32eb-4be8-b425-1dafb34371b3,Jeremiah Hunt,28,58.78,8,65.06,Limited Optics,C,A148592,MINOR,,97.5904,88.1730,5.3367,23.61,20,,8,2,,,,,
9097f2e7-f8a9-40be-aed0-501528181a08,Bayou City Monthly December 10 at Oilfield Sports Complex,2023-12-10,2,Stage 2,2965491b-32eb-4be8-b425-1dafb34371b3,Ray Fishel,29,58.73,2,66.84,PCC,B,A92443,MINOR,Senior,100.2626,88.1003,5.3323,25.88,24,,6,,,,,,
9097f2e7-f8a9-40be-aed0-501528181a08,Bayou City Monthly December 10 at Oilfield Sports Complex,2023-12-10,2,Stage 2,2965491b-32eb-4be8-b425-1dafb34371b3,Brandon Hunt,30,56.29,9,62.30,Limited Optics,U,FY150701,MINOR,,93.4467,84.4291,5.1101,24.07,23,,6,,1,,,,
9097f2e7-f8a9-40be-aed0-501528181a08,Bayou City Monthly December 10 at Oilfield Sports Complex,2023-12-10,2,Stage 2,2965491b-32eb-4be8-b425-1dafb34371b3,Emman Alcoseba,31,55.23,2,74.89,Limited,C,TY67519,MINOR,Senior,112.3353,82.8496,5.0145,27.52,24,,6,,,,,,
9097f2e7-f8a9-40be-aed0-501528181a08,Bayou City Monthly December 10 at Oilfield Sports Complex,2023-12-10,2,Stage 2,2965491b-32eb-4be8-b425-1dafb34371b3,Jennifer Kleiber-boatcallie,32,54.66,3,62.21,PCC,C,A142192,MINOR,Lady,93.3149,81.9954,4.9628,28.21,25,,5,,,,,,
9097f2e7-f8a9-40be-aed0-501528181a08,Bayou City Monthly December 10 at Oilfield Sports Complex,2023-12-10,2,Stage 2,2965491b-32eb-4be8-b425-1dafb34371b3,Tj Balingit,33,54.57,11,57.86,Carry Optics,U,A151010,MINOR,,86.7869,81.8533,4.9542,29.47,28,,2,,,,,,
9097f2e7-f8a9-40be-aed0-501528181a08,Bayou City Monthly December 10 at Oilfield Sports Complex,2023-12-10,2,Stage 2,2965491b-32eb-4be8-b425-1dafb34371b3,Blaine Newlin,34,53.73,3,72.85,Limited,B,A103350,MINOR,,109.2775,80.5944,4.8780,28.29,24,,6,,,,,,
9097f2e7-f8a9-40be-aed0-501528181a08,Bayou City Monthly December 10 at Oilfield Sports Complex,2023-12-10,2,Stage 2,2965491b-32eb-4be8-b425-1dafb34371b3,James Jackson,35,52.49,4,59.73,PCC,C,A89219,MINOR,,89.5976,78.7290,4.7651,29.80,26,,4,,,,,,
9097f2e7-f8a9-40be-aed0-501528181a08,Bayou City Monthly December 10 at Oilfield Sports Complex,2023-12-10,2,Stage 2,2965491b-32eb-4be8-b425-1dafb34371b3,Lauren Gillory,36,52.28,12,55.43,Carry Optics,U,,MINOR,,83.1397,78.4134,4.7460,26.97,19,,11,,,,,,
9097f2e7-f8a9-40be-aed0-501528181a08,Bayou City Monthly December 10 at Oilfield Sports Complex,2023-12-10,2,Stage 2,2965491b-32eb-4be8-b425-1dafb34371b3,Marlon Poralan,37,51.63,10,57.14,Limited Optics,U,TY76330,MINOR,Law Enforcement,85.7096,77.4386,4.6870,28.59,23,1,5,1,,,,,
9097f2e7-f8a9-40be-aed0-501528181a08,Bayou City Monthly December 10 at Oilfield Sports Complex,2023-12-10,2,Stage 2,2965491b-32eb-4be8-b425-1dafb34371b3,Taylor Mcdaniel,38,50.64,13,53.69,Carry Optics,U,,MINOR,,80.5330,75.9550,4.5972,25.45,22,,5,2,1,,,,
9097f2e7-f8a9-40be-aed0-501528181a08,Bayou City Monthly December 10 at Oilfield Sports Complex,2023-12-10,2,Stage 2,2965491b-32eb-4be8-b425-1dafb34371b3,Ronald Gillory,39,49.53,5,56.37,PCC,B,TY83291,MINOR,,84.5584,74.3011,4.4971,32.91,29,,1,,,,,,
9097f2e7-f8a9-40be-aed0-501528181a08,Bayou City Monthly December 10 at Oilfield Sports Complex,2023-12-10,2,Stage 2,2965491b-32eb-4be8-b425-1dafb34371b3,Albert Legislador,40,48.99,14,51.94,Carry Optics,U,TY91787,MINOR,,77.9071,73.4783,4.4473,31.48,25,,5,,,,,,
9097f2e7-f8a9-40be-aed0-501528181a08,Bayou City Monthly December 10 at Oilfield Sports Complex,2023-12-10,2,Stage 2,2965491b-32eb-4be8-b425-1dafb34371b3,John Ren,41,48.06,4,65.17,Limited,C,A152674,MINOR,,97.7493,72.0921,4.3634,30.71,23,,6,1,,,,,
9097f2e7-f8a9-40be-aed0-501528181a08,Bayou City Monthly December 10 at Oilfield Sports Complex,2023-12-10,2,Stage 2,2965491b-32eb-4be8-b425-1dafb34371b3,Luis Llanes,42,48.05,15,50.94,Carry Optics,U,A151023,MINOR,,76.4146,72.0706,4.3621,33.47,28,,2,,,,,,
9097f2e7-f8a9-40be-aed0-501528181a08,Bayou City Monthly December 10 at Oilfield Sports Complex,2023-12-10,2,Stage 2,2965491b-32eb-4be8-b425-1dafb34371b3,Aj Jackson,43,48.00,6,54.63,PCC,A,TY81745,MINOR,,81.9411,72.0013,4.3579,30.29,22,,7,1,,,,,
9097f2e7-f8a9-40be-aed0-501528181a08,Bayou City Monthly December 10 at Oilfield Sports Complex,2023-12-10,2,Stage 2,2965491b-32eb-4be8-b425-1dafb34371b3,Alexander Nguyen,44,46.50,16,49.31,Carry Optics,U,A151003,MINOR,,73.9603,69.7559,4.2220,33.16,25,,5,,,,,,
9097f2e7-f8a9-40be-aed0-501528181a08,Bayou City Monthly December 10 at Oilfield Sports Complex,2023-12-10,2,Stage 2,2965491b-32eb-4be8-b425-1dafb34371b3,Waltz Noguerra,45,43.16,11,47.77,Limited Optics,U,A137731,MINOR,,71.6545,64.7398,3.9184,24.50,21,,7,,2,,,1,
9097f2e7-f8a9-40be-aed0-501528181a08,Bayou City Monthly December 10 at Oilfield Sports Complex,2023-12-10,2,Stage 2,2965491b-32eb-4be8-b425-1dafb34371b3,Samuel Torres,46,40.25,1,100.00,Production,U,A152788,MINOR,,150.0000,60.3698,3.6539,37.22,24,,5,1,,,,,
9097f2e7-f8a9-40be-aed0-501528181a08,Bayou City Monthly December 10 at Oilfield Sports Complex,2023-12-10,2,Stage 2,2965491b-32eb-4be8-b425-1dafb34371b3,Aaron Gillory,47,39.78,17,42.17,Carry Optics,B,TY144826,MINOR,Law Enforcement,63.2587,59.6626,3.6111,36.00,21,,8,1,,,,,
9097f2e7-f8a9-40be-aed0-501528181a08,Bayou City Monthly December 10 at Oilfield Sports Complex,2023-12-10,2,Stage 2,2965491b-32eb-4be8-b425-1dafb34371b3,Demitre Johnson,48,32.83,2,81.56,Production,U,,MINOR,Law Enforcement,122.3432,49.2389,2.9802,33.89,18,,10,1,1,,,1,
9097f2e7-f8a9-40be-aed0-501528181a08,Bayou City Monthly December 10 at Oilfield Sports Complex,2023-12-10,2,Stage 2,2965491b-32eb-4be8-b425-1dafb34371b3,Rudy Widiaman,49,31.54,12,34.91,Limited Optics,U,A155535,MINOR,,52.3602,47.3075,2.8633,18.51,20,,3,4,3,,,3,
9097f2e7-f8a9-40be-aed0-501528181a08,Bayou City Monthly December 10 at Oilfield Sports Complex,2023-12-10,2,Stage 2,2965491b-32eb-4be8-b425-1dafb34371b3,Phyl Santos,50,27.48,13,30.41,Limited Optics,U,A155981,MINOR,,45.6179,41.2158,2.4946,23.25,15,,6,5,4,,,,
9097f2e7-f8a9-40be-aed0-501528181a08,Bayou City Monthly December 10 at Oilfield Sports Complex,2023-12-10,2,Stage 2,2965491b-32eb-4be8-b425-1dafb34371b3,Rudy Miranda,51,25.89,14,28.66,Limited Optics,U,,MINOR,Law Enforcement; Military,42.9828,38.8350,2.3505,38.29,17,,7,4,2,,,,
9097f2e7-f8a9-40be-aed0-501528181a08,Bayou City Monthly December 10 at Oilfield Sports Complex,2023-12-10,2,Stage 2,2965491b-32eb-4be8-b425-1dafb34371b3,Devan Roman,52,16.66,7,18.96,PCC,U,,MINOR,,28.4431,24.9928,1.5127,67.43,24,,4,,2,,,1,
9097f2e7-f8a9-40be-aed0-501528181a08,Bayou City Monthly December 10 at Oilfield Sports Complex,2023-12-10,2,Stage 2,2965491b-32eb-4be8-b425-1dafb34371b3,Said Aboumerhi,53,0.00,1,0.00,Single Stack,B,L2974,MINOR,Senior,0.0000,0.0000,,,,,,,,,,,
9097f2e7-f8a9-40be-aed0-501528181a08,Bayou City Monthly December 10 at Oilfield Sports Complex,2023-12-10,2,Stage 2,2965491b-32eb-4be8-b425-1dafb34371b3,Jon Baguio,54,0.00,9,0.00,Open,C,X,MAJOR,,0.0000,0.0000,,,,,,,,,,,
9097f2e7-f8a9-40be-aed0-501528181a08,Bayou City Monthly December 10 at Oilfield Sports Complex,2023-12-10,2,Stage 2,2965491b-32eb-4be8-b425-1dafb34371b3,Randy Callison,55,0.00,8,0.00,PCC,A,A14418,MINOR,Senior,0.0000,0.0000,,,,,,,,,,,
9097f2e7-f8a9-40be-aed0-501528181a08,Bayou City Monthly December 10 at Oilfield Sports Complex,2023-12-10,2,Stage 2,2965491b-32eb-4be8-b425-1dafb34371b3,Edsel Esquivel,56,0.00,15,0.00,Limited Optics,C,*,MINOR,,0.0000,0.0000,,,,,,,,,,,
9097f2e7-f8a9-40be-aed0-501528181a08,Bayou City Monthly December 10 at Oilfield Sports Complex,2023-12-10,2,Stage 2,2965491b-32eb-4be8-b425-1dafb34371b3,Samuel Gamez,57,0.00,18,0.00,Carry Optics,U,,MINOR,Law Enforcement,0.0000,0.0000,,,,,,,,,,,
9097f2e7-f8a9-40be-aed0-501528181a08,Bayou City Monthly December 10 at Oilfield Sports Complex,2023-12-10,2,Stage 2,2965491b-32eb-4be8-b425-1dafb34371b3,David Hruzek,58,0.00,19,0.00,Carry Optics,C,A100909,MINOR,Senior,0.0000,0.0000,,,,,,,,,,,
9097f2e7-f8a9-40be-aed0-501528181a08,Bayou City Monthly December 10 at Oilfield Sports Complex,2023-12-10,2,Stage 2,2965491b-32eb-4be8-b425-1dafb34371b3,Bobby Ivester,59,0.00,10,0.00,Open,M,A101336,MAJOR,,0.0000,0.0000,,,,,,,,,,,
9097f2e7-f8a9-40be-aed0-501528181a08,Bayou City Monthly December 10 at Oilfield Sports Complex,2023-12-10,2,Stage 2,2965491b-32eb-4be8-b425-1dafb34371b3,Chev Jacot,60,0.00,16,0.00,Limited Optics,U,TY72378,MINOR,,0.0000,0.0000,,,,,,,,,,,
9097f2e7-f8a9-40be-aed0-501528181a08,Bayou City Monthly December 10 at Oilfield Sports Complex,2023-12-10,2,Stage 2,2965491b-32eb-4be8-b425-1dafb34371b3,Pete Kirchner,61,0.00,20,0.00,Carry Optics,A,TY105743,MINOR,,0.0000,0.0000,,,,,,,,,,,
9097f2e7-f8a9-40be-aed0-501528181a08,Bayou City Monthly December 10 at Oilfield Sports Complex,2023-12-10,2,Stage 2,2965491b-32eb-4be8-b425-1dafb34371b3,Luis Llanes,62,0.00,11,0.00,Open,,,MAJOR,,0.0000,0.0000,,,,,,,,,,,
9097f2e7-f8a9-40be-aed0-501528181a08,Bayou City Monthly December 10 at Oilfield Sports Complex,2023-12-10,2,Stage 2,2965491b-32eb-4be8-b425-1dafb34371b3,"Jeff Maxwell, jr.",63,0.00,17,0.00,Limited Optics,C,L4489,MINOR,Senior,0.0000,0.0000,,,,,,,,,,,
9097f2e7-f8a9-40be-aed0-501528181a08,Bayou City Monthly December 10 at Oilfield Sports Complex,2023-12-10,2,Stage 2,2965491b-32eb-4be8-b425-1dafb34371b3,Jason Navarro,64,0.00,21,0.00,Carry Optics,U,0,MINOR,Law Enforcement,0.0000,0.0000,,,,,,,,,,,
9097f2e7-f8a9-40be-aed0-501528181a08,Bayou City Monthly December 10 at Oilfield Sports Complex,2023-12-10,2,Stage 2,2965491b-32eb-4be8-b425-1dafb34371b3,Robin Padilla,65,0.00,22,0.00,Carry Optics,U,0,MINOR,,0.0000,0.0000,,,,,,,,,,,
9097f2e7-f8a9-40be-aed0-501528181a08,Bayou City Monthly December 10 at Oilfield Sports Complex,2023-12-10,2,Stage 2,2965491b-32eb-4be8-b425-1dafb34371b3,Taylor Snodgrass,66,0.00,12,0.00,Open,U,,MINOR,,0.0000,0.0000,,,,,,,,,,,
9097f2e7-f8a9-40be-aed0-501528181a08,Bayou City Monthly December 10 at Oilfield Sports Complex,2023-12-10,2,Stage 2,2965491b-32eb-4be8-b425-1dafb34371b3,Antonio Tormis,67,0.00,13,0.00,Open,C,,MAJOR,,0.0000,0.0000,,,,,,,,,,,
9097f2e7-f8a9-40be-aed0-501528181a08,Bayou City Monthly December 10 at Oilfield Sports Complex,2023-12-10,3,Stage 3,a7fe6658-7e8b-4378-8cf5-8338a6b0112d,Chez Chike-udenze,1,100.00,1,100.00,Limited Optics,M,A138598,MINOR,,150.0000,150.0000,7.9865,17.78,26,,4,,,,,,
9097f2e7-f8a9-40be-aed0-501528181a08,Bayou City Monthly December 10 at Oilfield Sports Complex,2023-12-10,3,Stage 3,a7fe6658-7e8b-4378-8cf5-8338a6b0112d,Travis Mckenzie,2,94.50,2,94.50,Limited Optics,U,L6340,MINOR,,141.7492,141.7492,7.5472,18.02,24,,5,1,,,,,
9097f2e7-f8a9-40be-aed0-501528181a08,Bayou City Monthly December 10 at Oilfield Sports Complex,2023-12-10,3,Stage 3,a7fe6658-7e8b-4378-8cf5-8338a6b0112d,Michael Kiesewetter,3,94.04,1,100.00,Open,B,TY118153,MAJOR,,150.0000,141.0562,7.5103,16.91,21,,8,,1,,,,
9097f2e7-f8a9-40be-aed0-501528181a08,Bayou City Monthly December 10 at Oilfield Sports Complex,2023-12-10,3,Stage 3,a7fe6658-7e8b-4378-8cf5-8338a6b0112d,August Balagtas,4,91.57,3,91.57,Limited Optics,U,L3674,MINOR,,137.3580,137.3580,7.3134,19.69,27,,3,,,,,,
9097f2e7-f8a9-40be-aed0-501528181a08,Bayou City Monthly December 10 at Oilfield Sports Complex,2023-12-10,3,Stage 3,a7fe6658-7e8b-4378-8cf5-8338a6b0112d,Gary Wu,5,85.93,4,85.93,Limited Optics,C,L2998,MINOR,Senior,128.8931,128.8931,6.8627,20.40,25,,5,,,,,,
9097f2e7-f8a9-40be-aed0-501528181a08,Bayou City Monthly December 10 at Oilfield Sports Complex,2023-12-10,3,Stage 3,a7fe6658-7e8b-4378-8cf5-8338a6b0112d,Christian Canizales,6,83.85,1,100.00,Carry Optics,B,TY150265,MINOR,,150.0000,125.7754,6.6967,20.01,22,,8,,,,,,
9097f2e7-f8a9-40be-aed0-501528181a08,Bayou City Monthly December 10 at Oilfield Sports Complex,2023-12-10,3,Stage 3,a7fe6658-7e8b-4378-8cf5-8338a6b0112d,Christopher Boatcallie,7,82.41,1,100.00,PCC,B,A104118,MINOR,,150.0000,123.6174,6.5818,22.79,30,,,,,,,,
9097f2e7-f8a9-40be-aed0-501528181a08,Bayou City Monthly December 10 at Oilfield Sports Complex,2023-12-10,3,Stage 3,a7fe6658-7e8b-4378-8cf5-8338a6b0112d,Arnold Gee,8,81.78,2,86.97,Open,B,TY103519,MAJOR,Senior,130.4548,122.6764,6.5317,21.74,26,,2,2,,,,,
9097f2e7-f8a9-40be-aed0-501528181a08,Bayou City Monthly December 10 at Oilfield Sports Complex,2023-12-10,3,Stage 3,a7fe6658-7e8b-4378-8cf5-8338a6b0112d,Tyler Kenny,9,81.40,2,97.08,Carry Optics,C,A148691,MINOR,,145.6165,122.0998,6.5010,20.92,24,,5,1,,,,,
9097f2e7-f8a9-40be-aed0-501528181a08,Bayou City Monthly December 10 at Oilfield Sports Complex,2023-12-10,3,Stage 3,a7fe6658-7e8b-4378-8cf5-8338a6b0112d,Jerry Bedro,10,81.12,3,86.26,Open,C,A98263,MAJOR,,129.3943,121.6791,6.4786,22.69,27,,3,,,,,,
9097f2e7-f8a9-40be-aed0-501528181a08,Bayou City Monthly December 10 at Oilfield Sports Complex,2023-12-10,3,Stage 3,a7fe6658-7e8b-4378-8cf5-8338a6b0112d,Chris Snow,11,77.67,4,82.60,Open,M,TY107262,MINOR,,123.8998,116.5122,6.2035,16.12,23,,5,,2,,,1,
9097f2e7-f8a9-40be-aed0-501528181a08,Bayou City Monthly December 10 at Oilfield Sports Complex,2023-12-10,3,Stage 3,a7fe6658-7e8b-4378-8cf5-8338a6b0112d,Pocholo Dimayuga,12,77.08,1,100.00,Limited,B,A106236,MAJOR,,150.0000,115.6182,6.1559,22.58,23,,5,2,,,,,
9097f2e7-f8a9-40be-aed0-501528181a08,Bayou City Monthly December 10 at Oilfield Sports Complex,2023-12-10,3,Stage 3,a7fe6658-7e8b-4378-8cf5-8338a6b0112d,Anderson Nguyen,13,75.10,3,89.57,Carry Optics,A,A150974,MINOR,,134.3542,112.6564,5.9982,22.34,24,,4,2,,,,,
9097f2e7-f8a9-40be-aed0-501528181a08,Bayou City Monthly December 10 at Oilfield Sports Complex,2023-12-10,3,Stage 3,a7fe6658-7e8b-4378-8cf5-8338a6b0112d,Jim Havens,14,74.88,5,74.88,Limited Optics,M,TY114636,MINOR,Senior,112.3127,112.3127,5.9799,19.90,23,,4,2,1,,,,
9097f2e7-f8a9-40be-aed0-501528181a08,Bayou City Monthly December 10 at Oilfield Sports Complex,2023-12-10,3,Stage 3,a7fe6658-7e8b-4378-8cf5-8338a6b0112d,Jesse Harrington,15,74.80,4,89.20,Carry Optics,B,A153046,MINOR,,133.8055,112.1962,5.9737,25.11,30,,,,,,,,
9097f2e7-f8a9-40be-aed0-501528181a08,Bayou City Monthly December 10 at Oilfield Sports Complex,2023-12-10,3,Stage 3,a7fe6658-7e8b-4378-8cf5-8338a6b0112d,Abe Valdez,16,74.60,5,79.33,Open,C,A148541,MINOR,,118.9926,111.8976,5.9578,24.17,27,,3,,,,,,
9097f2e7-f8a9-40be-aed0-501528181a08,Bayou City Monthly December 10 at Oilfield Sports Complex,2023-12-10,3,Stage 3,a7fe6658-7e8b-4378-8cf5-8338a6b0112d,David Zhang,17,72.92,5,86.96,Carry Optics,C,FY140383,MINOR,,130.4434,109.3771,5.8236,23.01,24,,4,2,,,,,
9097f2e7-f8a9-40be-aed0-501528181a08,Bayou City Monthly December 10 at Oilfield Sports Complex,2023-12-10,3,Stage 3,a7fe6658-7e8b-4378-8cf5-8338a6b0112d,Desmond Jackson,18,71.17,6,84.87,Carry Optics,B,TY89242,MINOR,,127.3097,106.7495,5.6837,24.28,24,,6,,,,,,
9097f2e7-f8a9-40be-aed0-501528181a08,Bayou City Monthly December 10 at Oilfield Sports Complex,2023-12-10,3,Stage 3,a7fe6658-7e8b-4378-8cf5-8338a6b0112d,Waltz Noguerra,19,69.27,6,69.27,Limited Optics,U,A137731,MINOR,,103.9078,103.9078,5.5324,26.39,28,,2,,,,,,
9097f2e7-f8a9-40be-aed0-501528181a08,Bayou City Monthly December 10 at Oilfield Sports Complex,2023-12-10,3,Stage 3,a7fe6658-7e8b-4378-8cf5-8338a6b0112d,Jennifer Kleiber-boatcallie,20,68.10,2,82.64,PCC,C,A142192,MINOR,Lady,123.9555,102.1536,5.4390,25.74,25,,5,,,,,,
9097f2e7-f8a9-40be-aed0-501528181a08,Bayou City Monthly December 10 at Oilfield Sports Complex,2023-12-10,3,Stage 3,a7fe6658-7e8b-4378-8cf5-8338a6b0112d,Jeremiah Hunt,21,67.84,7,67.84,Limited Optics,C,A148592,MINOR,,101.7649,101.7649,5.4183,25.10,23,,7,,,,,,
9097f2e7-f8a9-40be-aed0-501528181a08,Bayou City Monthly December 10 at Oilfield Sports Complex,2023-12-10,3,Stage 3,a7fe6658-7e8b-4378-8cf5-8338a6b0112d,Nick Bolo,22,67.40,6,71.67,Open,B,A66852,MAJOR,,107.5104,101.1000,5.3829,26.38,22,,8,,,,,,
9097f2e7-f8a9-40be-aed0-501528181a08,Bayou City Monthly December 10 at Oilfield Sports Complex,2023-12-10,3,Stage 3,a7fe6658-7e8b-4378-8cf5-8338a6b0112d,Cliff Pinsent,23,65.66,7,69.82,Open,B,FY99321,MAJOR,Distinguished Senior,104.7282,98.4837,5.2436,26.89,21,,9,,,,,,
9097f2e7-f8a9-40be-aed0-501528181a08,Bayou City Monthly December 10 at Oilfield Sports Complex,2023-12-10,3,Stage 3,a7fe6658-7e8b-4378-8cf5-8338a6b0112d,Rene Zalamea,24,65.38,8,69.52,Open,C,A66891,MAJOR,Senior,104.2808,98.0630,5.2212,27.58,24,,6,,,,,,
9097f2e7-f8a9-40be-aed0-501528181a08,Bayou City Monthly December 10 at Oilfield Sports Complex,2023-12-10,3,Stage 3,a7fe6658-7e8b-4378-8cf5-8338a6b0112d,Michael Pontious,25,64.69,8,64.69,Limited Optics,U,FY94575,MINOR,Senior,97.0375,97.0375,5.1666,26.71,25,,4,1,,,,,
9097f2e7-f8a9-40be-aed0-501528181a08,Bayou City Monthly December 10 at Oilfield Sports Complex,2023-12-10,3,Stage 3,a7fe6658-7e8b-4378-8cf5-8338a6b0112d,Brandon Hunt,26,64.54,9,64.54,Limited Optics,U,FY150701,MINOR,,96.8046,96.8046,5.1542,25.61,23,,5,2,,,,,
9097f2e7-f8a9-40be-aed0-501528181a08,Bayou City Monthly December 10 at Oilfield Sports Complex,2023-12-10,3,Stage 3,a7fe6658-7e8b-4378-8cf5-8338a6b0112d,Marlon Poralan,27,64.34,10,64.34,Limited Optics,U,TY76330,MINOR,Law Enforcement,96.5041,96.5041,5.1382,25.69,23,,5,2,,,,,
9097f2e7-f8a9-40be-aed0-501528181a08,Bayou City Monthly December 10 at Oilfield Sports Complex,2023-12-10,3,Stage 3,a7fe6658-7e8b-4378-8cf5-8338a6b0112d,Taylor Mcdaniel,28,63.69,7,75.96,Carry Optics,U,,MINOR,,113.9397,95.5387,5.0868,25.36,26,,3,,1,,,,
9097f2e7-f8a9-40be-aed0-501528181a08,Bayou City Monthly December 10 at Oilfield Sports Complex,2023-12-10,3,Stage 3,a7fe6658-7e8b-4378-8cf5-8338a6b0112d,Alexander Nguyen,29,62.05,8,74.01,Carry Optics,U,A151003,MINOR,,111.0077,93.0802,4.9559,29.46,28,,2,,,,,,
9097f2e7-f8a9-40be-aed0-501528181a08,Bayou City Monthly December 10 at Oilfield Sports Complex,2023-12-10,3,Stage 3,a7fe6658-7e8b-4378-8cf5-8338a6b0112d,Virak Meas,30,60.82,11,60.82,Limited Optics,U,A155576,MINOR,Senior,91.2264,91.2264,4.8572,30.47,29,,1,,,,,,
9097f2e7-f8a9-40be-aed0-501528181a08,Bayou City Monthly December 10 at Oilfield Sports Complex,2023-12-10,3,Stage 3,a7fe6658-7e8b-4378-8cf5-8338a6b0112d,John Ren,31,60.77,2,78.84,Limited,C,A152674,MINOR,,118.2670,91.1588,4.8536,25.96,19,,10,1,,,,,
9097f2e7-f8a9-40be-aed0-501528181a08,Bayou City Monthly December 10 at Oilfield Sports Complex,2023-12-10,3,Stage 3,a7fe6658-7e8b-4378-8cf5-8338a6b0112d,Albert Legislador,32,58.47,9,69.73,Carry Optics,U,TY91787,MINOR,,104.5926,87.7011,4.6695,30.41,26,,4,,,,,,
9097f2e7-f8a9-40be-aed0-501528181a08,Bayou City Monthly December 10 at Oilfield Sports Complex,2023-12-10,3,Stage 3,a7fe6658-7e8b-4378-8cf5-8338a6b0112d,Tj Balingit,33,57.79,10,68.92,Carry Optics,U,A151010,MINOR,,103.3808,86.6850,4.6154,32.50,30,,,,,,,,
9097f2e7-f8a9-40be-aed0-501528181a08,Bayou City Monthly December 10 at Oilfield Sports Complex,2023-12-10,3,Stage 3,a7fe6658-7e8b-4378-8cf5-8338a6b0112d,Lou Lerma,34,56.98,11,67.95,Carry Optics,U,A155846,MINOR,,101.9315,85.4699,4.5507,26.15,21,,8,,1,,,,
9097f2e7-f8a9-40be-aed0-501528181a08,Bayou City Monthly December 10 at Oilfield Sports Complex,2023-12-10,3,Stage 3,a7fe6658-7e8b-4378-8cf5-8338a6b0112d,Blaine Newlin,35,55.92,3,72.55,Limited,B,A103350,MINOR,,108.8273,83.8828,4.4662,27.54,24,,4,1,1,,,,
9097f2e7-f8a9-40be-aed0-501528181a08,Bayou City Monthly December 10 at Oilfield Sports Complex,2023-12-10,3,Stage 3,a7fe6658-7e8b-4378-8cf5-8338a6b0112d,James “jimo” O'flaherty,36,55.08,12,65.69,Carry Optics,B,FY100318,MINOR,Senior; Law Enforcement,98.5403,82.6263,4.3993,27.05,23,,4,2,1,,,,
9097f2e7-f8a9-40be-aed0-501528181a08,Bayou City Monthly December 10 at Oilfield Sports Complex,2023-12-10,3,Stage 3,a7fe6658-7e8b-4378-8cf5-8338a6b0112d,Ray Fishel,37,54.51,3,66.15,PCC,B,A92443,MINOR,Senior,99.2191,81.7680,4.3536,22.51,23,,4,1,2,,,1,
9097f2e7-f8a9-40be-aed0-501528181a08,Bayou City Monthly December 10 at Oilfield Sports Complex,2023-12-10,3,Stage 3,a7fe6658-7e8b-4378-8cf5-8338a6b0112d,Rudy Widiaman,38,54.48,12,54.48,Limited Optics,U,A155535,MINOR,,81.7173,81.7173,4.3509,28.50,19,,9,2,,,,,
9097f2e7-f8a9-40be-aed0-501528181a08,Bayou City Monthly December 10 at Oilfield Sports Complex,2023-12-10,3,Stage 3,a7fe6658-7e8b-4378-8cf5-8338a6b0112d,Isaac Robledo,39,51.39,13,61.29,Carry Optics,U,,MINOR,,91.9304,77.0838,4.1042,28.02,19,,10,,1,,,,
9097f2e7-f8a9-40be-aed0-501528181a08,Bayou City Monthly December 10 at Oilfield Sports Complex,2023-12-10,3,Stage 3,a7fe6658-7e8b-4378-8cf5-8338a6b0112d,Ronald Gillory,40,43.41,4,52.67,PCC,B,TY83291,MINOR,,79.0111,65.1143,3.4669,42.69,29,,1,,,,,,
9097f2e7-f8a9-40be-aed0-501528181a08,Bayou City Monthly December 10 at Oilfield Sports Complex,2023-12-10,3,Stage 3,a7fe6658-7e8b-4378-8cf5-8338a6b0112d,Charles Bradbury,41,42.37,14,50.53,Carry Optics,C,,MINOR,,75.8008,63.5591,3.3841,41.37,25,,5,,,,,,
9097f2e7-f8a9-40be-aed0-501528181a08,Bayou City Monthly December 10 at Oilfield Sports Complex,2023-12-10,3,Stage 3,a7fe6658-7e8b-4378-8cf5-8338a6b0112d,Emman Alcoseba,42,39.06,4,50.68,Limited,C,TY67519,MINOR,Senior,76.0222,58.5970,3.1199,36.54,25,,3,,2,,,,
9097f2e7-f8a9-40be-aed0-501528181a08,Bayou City Monthly December 10 at Oilfield Sports Complex,2023-12-10,3,Stage 3,a7fe6658-7e8b-4378-8cf5-8338a6b0112d,Phyl Santos,43,35.79,13,35.79,Limited Optics,U,A155981,MINOR,,53.6837,53.6837,2.8583,24.84,18,,6,3,3,,,1,
9097f2e7-f8a9-40be-aed0-501528181a08,Bayou City Monthly December 10 at Oilfield Sports Complex,2023-12-10,3,Stage 3,a7fe6658-7e8b-4378-8cf5-8338a6b0112d,Rudy Miranda,44,34.32,14,34.32,Limited Optics,U,,MINOR,Law Enforcement; Military,51.4844,51.4844,2.7412,37.94,20,,8,,2,,,,
9097f2e7-f8a9-40be-aed0-501528181a08,Bayou City Monthly December 10 at Oilfield Sports Complex,2023-12-10,3,Stage 3,a7fe6658-7e8b-4378-8cf5-8338a6b0112d,Aaron Gillory,45,31.73,15,37.84,Carry Optics,B,TY144826,MINOR,Law Enforcement,56.7593,47.5928,2.5340,27.23,14,,13,,3,,,1,
9097f2e7-f8a9-40be-aed0-501528181a08,Bayou City Monthly December 10 at Oilfield Sports Complex,2023-12-10,3,Stage 3,a7fe6658-7e8b-4378-8cf5-8338a6b0112d,Lauren Gillory,46,30.02,16,35.80,Carry Optics,U,,MINOR,,53.7041,45.0310,2.3976,44.21,27,,,1,2,,,1,
9097f2e7-f8a9-40be-aed0-501528181a08,Bayou City Monthly December 10 at Oilfield Sports Complex,2023-12-10,3,Stage 3,a7fe6658-7e8b-4378-8cf5-8338a6b0112d,Luis Llanes,47,27.72,17,33.05,Carry Optics,U,A151023,MINOR,,49.5804,41.5733,2.2135,35.69,20,,6,1,3,,,1,
9097f2e7-f8a9-40be-aed0-501528181a08,Bayou City Monthly December 10 at Oilfield Sports Complex,2023-12-10,3,Stage 3,a7fe6658-7e8b-4378-8cf5-8338a6b0112d,Samuel Torres,48,26.27,1,100.00,Production,U,A152788,MINOR,,150.0000,39.4078,2.0982,44.80,20,,8,,2,,,1,
9097f2e7-f8a9-40be-aed0-501528181a08,Bayou City Monthly December 10 at Oilfield Sports Complex,2023-12-10,3,Stage 3,a7fe6658-7e8b-4378-8cf5-8338a6b0112d,Devan Roman,49,19.26,5,23.37,PCC,U,,MINOR,,35.0489,28.8844,1.5379,82.58,25,,4,,1,,,,
9097f2e7-f8a9-40be-aed0-501528181a08,Bayou City Monthly December 10 at Oilfield Sports Complex,2023-12-10,3,Stage 3,a7fe6658-7e8b-4378-8cf5-8338a6b0112d,Said Aboumerhi,50,0.00,1,0.00,Single Stack,B,L2974,MINOR,Senior,0.0000,0.0000,,,,,,,,,,,
9097f2e7-f8a9-40be-aed0-501528181a08,Bayou City Monthly December 10 at Oilfield Sports Complex,2023-12-10,3,Stage 3,a7fe6658-7e8b-4378-8cf5-8338a6b0112d,Jon Baguio,51,0.00,9,0.00,Open,C,X,MAJOR,,0.0000,0.0000,,,,,,,,,,,
9097f2e7-f8a9-40be-aed0-501528181a08,Bayou City Monthly December 10 at Oilfield Sports Complex,2023-12-10,3,Stage 3,a7fe6658-7e8b-4378-8cf5-8338a6b0112d,Randy Callison,52,0.00,6,0.00,PCC,A,A14418,MINOR,Senior,0.0000,0.0000,,,,,,,,,,,
9097f2e7-f8a9-40be-aed0-501528181a08,Bayou City Monthly December 10 at Oilfield Sports Complex,2023-12-10,3,Stage 3,a7fe6658-7e8b-4378-8cf5-8338a6b0112d,Edsel Esquivel,53,0.00,15,0.00,Limited Optics,C,*,MINOR,,0.0000,0.0000,,,,,,,,,,,
9097f2e7-f8a9-40be-aed0-501528181a08,Bayou City Monthly December 10 at Oilfield Sports Complex,2023-12-10,3,Stage 3,a7fe6658-7e8b-4378-8cf5-8338a6b0112d,Samuel Gamez,54,0.00,18,0.00,Carry Optics,U,,MINOR,Law Enforcement,0.0000,0.0000,,,,,,,,,,,
9097f2e7-f8a9-40be-aed0-501528181a08,Bayou City Monthly December 10 at Oilfield Sports Complex,2023-12-10,3,Stage 3,a7fe6658-7e8b-4378-8cf5-8338a6b0112d,David Hruzek,55,0.00,19,0.00,Carry Optics,C,A100909,MINOR,Senior,0.0000,0.0000,,,,,,,,,,,
9097f2e7-f8a9-40be-aed0-501528181a08,Bayou City Monthly December 10 at Oilfield Sports Complex,2023-12-10,3,Stage 3,a7fe6658-7e8b-4378-8cf5-8338a6b0112d,Bobby Ivester,56,0.00,10,0.00,Open,M,A101336,MAJOR,,0.0000,0.0000,,,,,,,,,,,
9097f2e7-f8a9-40be-aed0-501528181a08,Bayou City Monthly December 10 at Oilfield Sports Complex,2023-12-10,3,Stage 3,a7fe6658-7e8b-4378-8cf5-8338a6b0112d,Aj Jackson,57,0.00,7,0.00,PCC,A,TY81745,MINOR,,0.0000,0.0000,,,,,,,,,,,
9097f2e7-f8a9-40be-aed0-501528181a08,Bayou City Monthly December 10 at Oilfield Sports Complex,2023-12-10,3,Stage 3,a7fe6658-7e8b-4378-8cf5-8338a6b0112d,Chev Jacot,58,0.00,16,0.00,Limited Optics,U,TY72378,MINOR,,0.0000,0.0000,,,,,,,,,,,
9097f2e7-f8a9-40be-aed0-501528181a08,Bayou City Monthly December 10 at Oilfield Sports Complex,2023-12-10,3,Stage 3,a7fe6658-7e8b-4378-8cf5-8338a6b0112d,Pete Kirchner,59,0.00,20,0.00,Carry Optics,A,TY105743,MINOR,,0.0000,0.0000,,,,,,,,,,,
9097f2e7-f8a9-40be-aed0-501528181a08,Bayou City Monthly December 10 at Oilfield Sports Complex,2023-12-10,3,Stage 3,a7fe6658-7e8b-4378-8cf5-8338a6b0112d,Luis Llanes,60,0.00,11,0.00,Open,,,MAJOR,,0.0000,0.0000,,,,,,,,,,,
9097f2e7-f8a9-40be-aed0-501528181a08,Bayou City Monthly December 10 at Oilfield Sports Complex,2023-12-10,3,Stage 3,a7fe6658-7e8b-4378-8cf5-8338a6b0112d,"Jeff Maxwell, jr.",61,0.00,17,0.00,Limited Optics,C,L4489,MINOR,Senior,0.0000,0.0000,,,,,,,,,,,
9097f2e7-f8a9-40be-aed0-501528181a08,Bayou City Monthly December 10 at Oilfield Sports Complex,2023-12-10,3,Stage 3,a7fe6658-7e8b-4378-8cf5-8338a6b0112d,Jason Navarro,62,0.00,21,0.00,Carry Optics,U,0,MINOR,Law Enforcement,0.0000,0.0000,,,,,,,,,,,
9097f2e7-f8a9-40be-aed0-501528181a08,Bayou City Monthly December 10 at Oilfield Sports Complex,2023-12-10,3,Stage 3,a7fe6658-7e8b-4378-8cf5-8338a6b0112d,Robin Padilla,63,0.00,22,0.00,Carry Optics,U,0,MINOR,,0.0000,0.0000,,,,,,,,,,,
9097f2e7-f8a9-40be-aed0-501528181a08,Bayou City Monthly December 10 at Oilfield Sports Complex,2023-12-10,3,Stage 3,a7fe6658-7e8b-4378-8cf5-8338a6b0112d,Taylor Snodgrass,64,0.00,12,0.00,Open,U,,MINOR,,0.0000,0.0000,,,,,,,,,,,
9097f2e7-f8a9-40be-aed0-501528181a08,Bayou City Monthly December 10 at Oilfield Sports Complex,2023-12-10,3,Stage 3,a7fe6658-7e8b-4378-8cf5-8338a6b0112d,Antonio Tormis,65,0.00,13,0.00,Open,C,,MAJOR,,0.0000,0.0000,,,,,,,,,,,
9097f2e7-f8a9-40be-aed0-501528181a08,Bayou City Monthly December 10 at Oilfield Sports Complex,2023-12-10,3,Stage 3,a7fe6658-7e8b-4378-8cf5-8338a6b0112d,Demitre Johnson,66,0.00,2,0.00,Production,U,,MINOR,Law Enforcement,0.0000,0.0000,0.0000,36.62,14,,8,1,7,,,3,
9097f2e7-f8a9-40be-aed0-501528181a08,Bayou City Monthly December 10 at Oilfield Sports Complex,2023-12-10,3,Stage 3,a7fe6658-7e8b-4378-8cf5-8338a6b0112d,James Jackson,67,0.00,8,0.00,PCC,C,A89219,MINOR,,0.0000,0.0000,0.0000,37.18,10,,,,20,,,10,
9097f2e7-f8a9-40be-aed0-501528181a08,Bayou City Monthly December 10 at Oilfield Sports Complex,2023-12-10,4,Stage 4,23ddbd42-0ec2-4164-9efc-f31e86e7cf83,Chez Chike-udenze,1,100.00,1,100.00,Limited Optics,M,A138598,MINOR,,135.0000,135.0000,7.9750,14.42,18,,8,1,,,,,
9097f2e7-f8a9-40be-aed0-501528181a08,Bayou City Monthly December 10 at Oilfield Sports Complex,2023-12-10,4,Stage 4,23ddbd42-0ec2-4164-9efc-f31e86e7cf83,Michael Kiesewetter,2,99.36,1,100.00,Open,B,TY118153,MAJOR,,135.0000,134.1418,7.9243,14.26,19,,7,,1,,,,
9097f2e7-f8a9-40be-aed0-501528181a08,Bayou City Monthly December 10 at Oilfield Sports Complex,2023-12-10,4,Stage 4,23ddbd42-0ec2-4164-9efc-f31e86e7cf83,Jerry Bedro,3,94.08,2,94.68,Open,C,A98263,MAJOR,,127.8209,127.0083,7.5029,17.06,22,,4,1,,,,,
9097f2e7-f8a9-40be-aed0-501528181a08,Bayou City Monthly December 10 at Oilfield Sports Complex,2023-12-10,4,Stage 4,23ddbd42-0ec2-4164-9efc-f31e86e7cf83,Christopher Boatcallie,4,93.49,1,100.00,PCC,B,A104118,MINOR,,135.0000,126.2127,7.4559,17.57,25,1,1,,,,,,
9097f2e7-f8a9-40be-aed0-501528181a08,Bayou City Monthly December 10 at Oilfield Sports Complex,2023-12-10,4,Stage 4,23ddbd42-0ec2-4164-9efc-f31e86e7cf83,August Balagtas,5,90.51,2,90.51,Limited Optics,U,L3674,MINOR,,122.1822,122.1822,7.2178,16.21,19,,7,1,,,,,
9097f2e7-f8a9-40be-aed0-501528181a08,Bayou City Monthly December 10 at Oilfield Sports Complex,2023-12-10,4,Stage 4,23ddbd42-0ec2-4164-9efc-f31e86e7cf83,Nick Bolo,6,89.32,3,89.89,Open,B,A66852,MAJOR,,121.3489,120.5774,7.1230,17.97,22,,4,1,,,,,
9097f2e7-f8a9-40be-aed0-501528181a08,Bayou City Monthly December 10 at Oilfield Sports Complex,2023-12-10,4,Stage 4,23ddbd42-0ec2-4164-9efc-f31e86e7cf83,Anderson Nguyen,7,81.52,1,100.00,Carry Optics,A,A150974,MINOR,,135.0000,110.0483,6.5010,15.69,19,,5,2,1,,,,
9097f2e7-f8a9-40be-aed0-501528181a08,Bayou City Monthly December 10 at Oilfield Sports Complex,2023-12-10,4,Stage 4,23ddbd42-0ec2-4164-9efc-f31e86e7cf83,Tyler Kenny,8,79.11,2,97.04,Carry Optics,C,A148691,MINOR,,131.0067,106.7930,6.3087,19.18,21,,5,1,,,,,
9097f2e7-f8a9-40be-aed0-501528181a08,Bayou City Monthly December 10 at Oilfield Sports Complex,2023-12-10,4,Stage 4,23ddbd42-0ec2-4164-9efc-f31e86e7cf83,Travis Mckenzie,9,79.06,3,79.06,Limited Optics,U,L6340,MINOR,,106.7338,106.7338,6.3052,15.86,19,,4,3,1,,,,
9097f2e7-f8a9-40be-aed0-501528181a08,Bayou City Monthly December 10 at Oilfield Sports Complex,2023-12-10,4,Stage 4,23ddbd42-0ec2-4164-9efc-f31e86e7cf83,Christian Canizales,10,78.84,3,96.72,Carry Optics,B,TY150265,MINOR,,130.5706,106.4376,6.2877,19.88,22,,5,,,,,,
9097f2e7-f8a9-40be-aed0-501528181a08,Bayou City Monthly December 10 at Oilfield Sports Complex,2023-12-10,4,Stage 4,23ddbd42-0ec2-4164-9efc-f31e86e7cf83,Chris Snow,11,78.21,4,78.71,Open,M,TY107262,MINOR,,106.2565,105.5810,6.2371,19.40,21,,5,1,,,,,
9097f2e7-f8a9-40be-aed0-501528181a08,Bayou City Monthly December 10 at Oilfield Sports Complex,2023-12-10,4,Stage 4,23ddbd42-0ec2-4164-9efc-f31e86e7cf83,Abe Valdez,12,77.30,5,77.79,Open,C,A148541,MINOR,,105.0180,104.3503,6.1644,18.98,20,,5,2,,,,,
9097f2e7-f8a9-40be-aed0-501528181a08,Bayou City Monthly December 10 at Oilfield Sports Complex,2023-12-10,4,Stage 4,23ddbd42-0ec2-4164-9efc-f31e86e7cf83,Pocholo Dimayuga,13,76.85,1,100.00,Limited,B,A106236,MAJOR,,135.0000,103.7409,6.1284,20.56,18,9,,,,,,,
9097f2e7-f8a9-40be-aed0-501528181a08,Bayou City Monthly December 10 at Oilfield Sports Complex,2023-12-10,4,Stage 4,23ddbd42-0ec2-4164-9efc-f31e86e7cf83,Gary Wu,14,73.93,4,73.93,Limited Optics,C,L2998,MINOR,Senior,99.8069,99.8069,5.8960,21.54,23,,4,,,,,,
9097f2e7-f8a9-40be-aed0-501528181a08,Bayou City Monthly December 10 at Oilfield Sports Complex,2023-12-10,4,Stage 4,23ddbd42-0ec2-4164-9efc-f31e86e7cf83,Desmond Jackson,15,73.86,4,90.61,Carry Optics,B,TY89242,MINOR,,122.3203,99.7121,5.8904,21.90,24,,3,,,,,,
9097f2e7-f8a9-40be-aed0-501528181a08,Bayou City Monthly December 10 at Oilfield Sports Complex,2023-12-10,4,Stage 4,23ddbd42-0ec2-4164-9efc-f31e86e7cf83,Ray Fishel,16,73.26,2,78.36,PCC,B,A92443,MINOR,Senior,105.7798,98.8945,5.8421,19.00,15,,12,,,,,,
9097f2e7-f8a9-40be-aed0-501528181a08,Bayou City Monthly December 10 at Oilfield Sports Complex,2023-12-10,4,Stage 4,23ddbd42-0ec2-4164-9efc-f31e86e7cf83,Rene Zalamea,17,71.97,6,72.43,Open,C,A66891,MAJOR,Senior,97.7810,97.1594,5.7396,21.43,19,,6,2,,,,,
9097f2e7-f8a9-40be-aed0-501528181a08,Bayou City Monthly December 10 at Oilfield Sports Complex,2023-12-10,4,Stage 4,23ddbd42-0ec2-4164-9efc-f31e86e7cf83,Cliff Pinsent,18,70.83,7,71.28,Open,B,FY99321,MAJOR,Distinguished Senior,96.2324,95.6206,5.6487,22.66,22,,4,1,,,,,
9097f2e7-f8a9-40be-aed0-501528181a08,Bayou City Monthly December 10 at Oilfield Sports Complex,2023-12-10,4,Stage 4,23ddbd42-0ec2-4164-9efc-f31e86e7cf83,Arnold Gee,19,70.27,8,70.72,Open,B,TY103519,MAJOR,Senior,95.4743,94.8673,5.6042,22.84,20,,7,,,,,,
9097f2e7-f8a9-40be-aed0-501528181a08,Bayou City Monthly December 10 at Oilfield Sports Complex,2023-12-10,4,Stage 4,23ddbd42-0ec2-4164-9efc-f31e86e7cf83,Jeremiah Hunt,20,69.92,5,69.92,Limited Optics,C,A148592,MINOR,,94.3900,94.3900,5.5760,19.01,20,,5,1,1,,,,
9097f2e7-f8a9-40be-aed0-501528181a08,Bayou City Monthly December 10 at Oilfield Sports Complex,2023-12-10,4,Stage 4,23ddbd42-0ec2-4164-9efc-f31e86e7cf83,Jesse Harrington,21,68.51,5,84.04,Carry Optics,B,A153046,MINOR,,113.4511,92.4822,5.4633,18.67,18,,7,1,1,,,,
9097f2e7-f8a9-40be-aed0-501528181a08,Bayou City Monthly December 10 at Oilfield Sports Complex,2023-12-10,4,Stage 4,23ddbd42-0ec2-4164-9efc-f31e86e7cf83,Jennifer Kleiber-boatcallie,22,68.39,3,73.15,PCC,C,A142192,MINOR,Lady,98.7490,92.3214,5.4538,22.92,22,,5,,,,,,
9097f2e7-f8a9-40be-aed0-501528181a08,Bayou City Monthly December 10 at Oilfield Sports Complex,2023-12-10,4,Stage 4,23ddbd42-0ec2-4164-9efc-f31e86e7cf83,James “jimo” O'flaherty,23,66.80,6,81.94,Carry Optics,B,FY100318,MINOR,Senior; Law Enforcement,110.6248,90.1783,5.3272,17.27,14,,10,2,1,,,,
9097f2e7-f8a9-40be-aed0-501528181a08,Bayou City Monthly December 10 at Oilfield Sports Complex,2023-12-10,4,Stage 4,23ddbd42-0ec2-4164-9efc-f31e86e7cf83,Brandon Hunt,24,65.91,6,65.91,Limited Optics,U,FY150701,MINOR,,88.9764,88.9764,5.2562,22.64,21,,4,2,,,,,
9097f2e7-f8a9-40be-aed0-501528181a08,Bayou City Monthly December 10 at Oilfield Sports Complex,2023-12-10,4,Stage 4,23ddbd42-0ec2-4164-9efc-f31e86e7cf83,Aaron Gillory,25,65.22,7,80.00,Carry Optics,B,TY144826,MINOR,Law Enforcement,108.0042,88.0420,5.2010,22.88,20,,6,1,,,,,
9097f2e7-f8a9-40be-aed0-501528181a08,Bayou City Monthly December 10 at Oilfield Sports Complex,2023-12-10,4,Stage 4,23ddbd42-0ec2-4164-9efc-f31e86e7cf83,Charles Bradbury,26,64.99,8,79.72,Carry Optics,C,,MINOR,,107.6262,87.7339,5.1828,24.89,24,,3,,,,,,
9097f2e7-f8a9-40be-aed0-501528181a08,Bayou City Monthly December 10 at Oilfield Sports Complex,2023-12-10,4,Stage 4,23ddbd42-0ec2-4164-9efc-f31e86e7cf83,Marlon Poralan,27,62.82,7,62.82,Limited Optics,U,TY76330,MINOR,Law Enforcement,84.8122,84.8122,5.0102,24.55,21,,6,,,,,,
9097f2e7-f8a9-40be-aed0-501528181a08,Bayou City Monthly December 10 at Oilfield Sports Complex,2023-12-10,4,Stage 4,23ddbd42-0ec2-4164-9efc-f31e86e7cf83,Emman Alcoseba,28,62.35,2,81.14,Limited,C,TY67519,MINOR,Senior,109.5394,84.1757,4.9726,21.92,18,,5,4,,,,,
9097f2e7-f8a9-40be-aed0-501528181a08,Bayou City Monthly December 10 at Oilfield Sports Complex,2023-12-10,4,Stage 4,23ddbd42-0ec2-4164-9efc-f31e86e7cf83,Taylor Mcdaniel,29,61.74,9,75.74,Carry Optics,U,,MINOR,,102.2457,83.3479,4.9237,26.20,24,,3,,,,,,
9097f2e7-f8a9-40be-aed0-501528181a08,Bayou City Monthly December 10 at Oilfield Sports Complex,2023-12-10,4,Stage 4,23ddbd42-0ec2-4164-9efc-f31e86e7cf83,Jim Havens,30,59.86,8,59.86,Limited Optics,M,TY114636,MINOR,Senior,80.8070,80.8070,4.7736,20.32,21,,4,,2,,,,
9097f2e7-f8a9-40be-aed0-501528181a08,Bayou City Monthly December 10 at Oilfield Sports Complex,2023-12-10,4,Stage 4,23ddbd42-0ec2-4164-9efc-f31e86e7cf83,Rudy Widiaman,31,59.01,9,59.01,Limited Optics,U,A155535,MINOR,,79.6610,79.6610,4.7059,18.70,16,,9,1,1,,,1,
9097f2e7-f8a9-40be-aed0-501528181a08,Bayou City Monthly December 10 at Oilfield Sports Complex,2023-12-10,4,Stage 4,23ddbd42-0ec2-4164-9efc-f31e86e7cf83,Blaine Newlin,32,59.00,3,76.77,Limited,B,A103350,MINOR,,103.6423,79.6441,4.7049,23.38,21,,5,,1,,,,
9097f2e7-f8a9-40be-aed0-501528181a08,Bayou City Monthly December 10 at Oilfield Sports Complex,2023-12-10,4,Stage 4,23ddbd42-0ec2-4164-9efc-f31e86e7cf83,David Zhang,33,57.75,10,70.84,Carry Optics,C,FY140383,MINOR,,95.6380,77.9614,4.6055,24.97,18,,8,1,,,,,
9097f2e7-f8a9-40be-aed0-501528181a08,Bayou City Monthly December 10 at Oilfield Sports Complex,2023-12-10,4,Stage 4,23ddbd42-0ec2-4164-9efc-f31e86e7cf83,Michael Pontious,34,57.49,10,57.49,Limited Optics,U,FY94575,MINOR,Senior,77.6076,77.6076,4.5846,25.52,18,,9,,,,,,
9097f2e7-f8a9-40be-aed0-501528181a08,Bayou City Monthly December 10 at Oilfield Sports Complex,2023-12-10,4,Stage 4,23ddbd42-0ec2-4164-9efc-f31e86e7cf83,Isaac Robledo,35,56.32,11,69.10,Carry Optics,U,,MINOR,,93.2790,76.0384,4.4919,22.93,14,,10,3,,,,,
9097f2e7-f8a9-40be-aed0-501528181a08,Bayou City Monthly December 10 at Oilfield Sports Complex,2023-12-10,4,Stage 4,23ddbd42-0ec2-4164-9efc-f31e86e7cf83,Tj Balingit,36,55.06,12,67.54,Carry Optics,U,A151010,MINOR,,91.1816,74.3287,4.3909,30.29,26,,1,,,,,,
9097f2e7-f8a9-40be-aed0-501528181a08,Bayou City Monthly December 10 at Oilfield Sports Complex,2023-12-10,4,Stage 4,23ddbd42-0ec2-4164-9efc-f31e86e7cf83,Waltz Noguerra,37,54.20,11,54.20,Limited Optics,U,A137731,MINOR,,73.1742,73.1742,4.3227,25.91,22,4,,,1,,,,
9097f2e7-f8a9-40be-aed0-501528181a08,Bayou City Monthly December 10 at Oilfield Sports Complex,2023-12-10,4,Stage 4,23ddbd42-0ec2-4164-9efc-f31e86e7cf83,Ronald Gillory,38,53.86,4,57.61,PCC,B,TY83291,MINOR,,77.7691,72.7070,4.2951,30.50,25,,2,,,,,,
9097f2e7-f8a9-40be-aed0-501528181a08,Bayou City Monthly December 10 at Oilfield Sports Complex,2023-12-10,4,Stage 4,23ddbd42-0ec2-4164-9efc-f31e86e7cf83,Albert Legislador,39,53.68,13,65.85,Carry Optics,U,TY91787,MINOR,,88.8952,72.4650,4.2808,29.20,22,,5,,,,,,
9097f2e7-f8a9-40be-aed0-501528181a08,Bayou City Monthly December 10 at Oilfield Sports Complex,2023-12-10,4,Stage 4,23ddbd42-0ec2-4164-9efc-f31e86e7cf83,Alexander Nguyen,40,52.34,14,64.21,Carry Optics,U,A151003,MINOR,,86.6774,70.6571,4.1740,28.51,19,,8,,,,,,
9097f2e7-f8a9-40be-aed0-501528181a08,Bayou City Monthly December 10 at Oilfield Sports Complex,2023-12-10,4,Stage 4,23ddbd42-0ec2-4164-9efc-f31e86e7cf83,Virak Meas,41,51.89,12,51.89,Limited Optics,U,A155576,MINOR,Senior,70.0510,70.0510,4.1382,29.24,21,,5,1,,,,,
9097f2e7-f8a9-40be-aed0-501528181a08,Bayou City Monthly December 10 at Oilfield Sports Complex,2023-12-10,4,Stage 4,23ddbd42-0ec2-4164-9efc-f31e86e7cf83,Lauren Gillory,42,50.16,15,61.53,Carry Optics,U,,MINOR,,83.0641,67.7116,4.0000,30.75,21,,6,,,,,,
9097f2e7-f8a9-40be-aed0-501528181a08,Bayou City Monthly December 10 at Oilfield Sports Complex,2023-12-10,4,Stage 4,23ddbd42-0ec2-4164-9efc-f31e86e7cf83,Demitre Johnson,43,48.36,1,100.00,Production,U,,MINOR,Law Enforcement,135.0000,65.2909,3.8570,28.26,15,,11,1,,,,,
9097f2e7-f8a9-40be-aed0-501528181a08,Bayou City Monthly December 10 at Oilfield Sports Complex,2023-12-10,4,Stage 4,23ddbd42-0ec2-4164-9efc-f31e86e7cf83,John Ren,44,48.19,4,62.71,Limited,C,A152674,MINOR,,84.6647,65.0607,3.8434,28.36,16,,9,2,,,,,
9097f2e7-f8a9-40be-aed0-501528181a08,Bayou City Monthly December 10 at Oilfield Sports Complex,2023-12-10,4,Stage 4,23ddbd42-0ec2-4164-9efc-f31e86e7cf83,Luis Llanes,45,48.12,16,59.03,Carry Optics,U,A151023,MINOR,,79.6917,64.9625,3.8376,31.53,20,,7,,,,,,
9097f2e7-f8a9-40be-aed0-501528181a08,Bayou City Monthly December 10 at Oilfield Sports Complex,2023-12-10,4,Stage 4,23ddbd42-0ec2-4164-9efc-f31e86e7cf83,Phyl Santos,46,39.69,13,39.69,Limited Optics,U,A155981,MINOR,,53.5802,53.5802,3.1652,30.33,16,,8,2,1,,,,
9097f2e7-f8a9-40be-aed0-501528181a08,Bayou City Monthly December 10 at Oilfield Sports Complex,2023-12-10,4,Stage 4,23ddbd42-0ec2-4164-9efc-f31e86e7cf83,Lou Lerma,47,39.35,17,48.27,Carry Optics,U,A155846,MINOR,,65.1680,53.1231,3.1382,33.14,21,,2,3,1,,,,
9097f2e7-f8a9-40be-aed0-501528181a08,Bayou City Monthly December 10 at Oilfield Sports Complex,2023-12-10,4,Stage 4,23ddbd42-0ec2-4164-9efc-f31e86e7cf83,Rudy Miranda,48,26.02,14,26.02,Limited Optics,U,,MINOR,Law Enforcement; Military,35.1237,35.1237,2.0749,41.93,17,,7,1,2,,,,
9097f2e7-f8a9-40be-aed0-501528181a08,Bayou City Monthly December 10 at Oilfield Sports Complex,2023-12-10,4,Stage 4,23ddbd42-0ec2-4164-9efc-f31e86e7cf83,Samuel Torres,49,25.01,2,51.71,Production,U,A152788,MINOR,,69.8066,33.7610,1.9944,39.61,17,,8,,2,,,1,
9097f2e7-f8a9-40be-aed0-501528181a08,Bayou City Monthly December 10 at Oilfield Sports Complex,2023-12-10,4,Stage 4,23ddbd42-0ec2-4164-9efc-f31e86e7cf83,Said Aboumerhi,50,0.00,1,0.00,Single Stack,B,L2974,MINOR,Senior,0.0000,0.0000,,,,,,,,,,,
9097f2e7-f8a9-40be-aed0-501528181a08,Bayou City Monthly December 10 at Oilfield Sports Complex,2023-12-10,4,Stage 4,23ddbd42-0ec2-4164-9efc-f31e86e7cf83,Jon Baguio,51,0.00,9,0.00,Open,C,X,MAJOR,,0.0000,0.0000,,,,,,,,,,,
9097f2e7-f8a9-40be-aed0-501528181a08,Bayou City Monthly December 10 at Oilfield Sports Complex,2023-12-10,4,Stage 4,23ddbd42-0ec2-4164-9efc-f31e86e7cf83,Randy Callison,52,0.00,5,0.00,PCC,A,A14418,MINOR,Senior,0.0000,0.0000,,,,,,,,,,,
9097f2e7-f8a9-40be-aed0-501528181a08,Bayou City Monthly December 10 at Oilfield Sports Complex,2023-12-10,4,Stage 4,23ddbd42-0ec2-4164-9efc-f31e86e7cf83,Edsel Esquivel,53,0.00,15,0.00,Limited Optics,C,*,MINOR,,0.0000,0.0000,,,,,,,,,,,
9097f2e7-f8a9-40be-aed0-501528181a08,Bayou City Monthly December 10 at Oilfield Sports Complex,2023-12-10,4,Stage 4,23ddbd42-0ec2-4164-9efc-f31e86e7cf83,Samuel Gamez,54,0.00,18,0.00,Carry Optics,U,,MINOR,Law Enforcement,0.0000,0.0000,,,,,,,,,,,
9097f2e7-f8a9-40be-aed0-501528181a08,Bayou City Monthly December 10 at Oilfield Sports Complex,2023-12-10,4,Stage 4,23ddbd42-0ec2-4164-9efc-f31e86e7cf83,David Hruzek,55,0.00,19,0.00,Carry Optics,C,A100909,MINOR,Senior,0.0000,0.0000,,,,,,,,,,,
9097f2e7-f8a9-40be-aed0-501528181a08,Bayou City Monthly December 10 at Oilfield Sports Complex,2023-12-10,4,Stage 4,23ddbd42-0ec2-4164-9efc-f31e86e7cf83,Bobby Ivester,56,0.00,10,0.00,Open,M,A101336,MAJOR,,0.0000,0.0000,,,,,,,,,,,
9097f2e7-f8a9-40be-aed0-501528181a08,Bayou City Monthly December 10 at Oilfield Sports Complex,2023-12-10,4,Stage 4,23ddbd42-0ec2-4164-9efc-f31e86e7cf83,Aj Jackson,57,0.00,6,0.00,PCC,A,TY81745,MINOR,,0.0000,0.0000,,,,,,,,,,,
9097f2e7-f8a9-40be-aed0-501528181a08,Bayou City Monthly December 10 at Oilfield Sports Complex,2023-12-10,4,Stage 4,23ddbd42-0ec2-4164-9efc-f31e86e7cf83,Chev Jacot,58,0.00,16,0.00,Limited Optics,U,TY72378,MINOR,,0.0000,0.0000,,,,,,,,,,,
9097f2e7-f8a9-40be-aed0-501528181a08,Bayou City Monthly December 10 at Oilfield Sports Complex,2023-12-10,4,Stage 4,23ddbd42-0ec2-4164-9efc-f31e86e7cf83,Pete Kirchner,59,0.00,20,0.00,Carry Optics,A,TY105743,MINOR,,0.0000,0.0000,,,,,,,,,,,
9097f2e7-f8a9-40be-aed0-501528181a08,Bayou City Monthly December 10 at Oilfield Sports Complex,2023-12-10,4,Stage 4,23ddbd42-0ec2-4164-9efc-f31e86e7cf83,Luis Llanes,60,0.00,11,0.00,Open,,,MAJOR,,0.0000,0.0000,,,,,,,,,,,
9097f2e7-f8a9-40be-aed0-501528181a08,Bayou City Monthly December 10 at Oilfield Sports Complex,2023-12-10,4,Stage 4,23ddbd42-0ec2-4164-9efc-f31e86e7cf83,"Jeff Maxwell, jr.",61,0.00,17,0.00,Limited Optics,C,L4489,MINOR,Senior,0.0000,0.0000,,,,,,,,,,,
9097f2e7-f8a9-40be-aed0-501528181a08,Bayou City Monthly December 10 at Oilfield Sports Complex,2023-12-10,4,Stage 4,23ddbd42-0ec2-4164-9efc-f31e86e7cf83,Jason Navarro,62,0.00,21,0.00,Carry Optics,U,0,MINOR,Law Enforcement,0.0000,0.0000,,,,,,,,,,,
9097f2e7-f8a9-40be-aed0-501528181a08,Bayou City Monthly December 10 at Oilfield Sports Complex,2023-12-10,4,Stage 4,23ddbd42-0ec2-4164-9efc-f31e86e7cf83,Robin Padilla,63,0.00,22,0.00,Carry Optics,U,0,MINOR,,0.0000,0.0000,,,,,,,,,,,
9097f2e7-f8a9-40be-aed0-501528181a08,Bayou City Monthly December 10 at Oilfield Sports Complex,2023-12-10,4,Stage 4,23ddbd42-0ec2-4164-9efc-f31e86e7cf83,Taylor Snodgrass,64,0.00,12,0.00,Open,U,,MINOR,,0.0000,0.0000,,,,,,,,,,,
9097f2e7-f8a9-40be-aed0-501528181a08,Bayou City Monthly December 10 at Oilfield Sports Complex,2023-12-10,4,Stage 4,23ddbd42-0ec2-4164-9efc-f31e86e7cf83,Antonio Tormis,65,0.00,13,0.00,Open,C,,MAJOR,,0.0000,0.0000,,,,,,,,,,,
9097f2e7-f8a9-40be-aed0-501528181a08,Bayou City Monthly December 10 at Oilfield Sports Complex,2023-12-10,4,Stage 4,23ddbd42-0ec2-4164-9efc-f31e86e7cf83,James Jackson,66,0.00,7,0.00,PCC,C,A89219,MINOR,,0.0000,0.0000,0.0000,70.50,13,,,,14,,,6,
9097f2e7-f8a9-40be-aed0-501528181a08,Bayou City Monthly December 10 at Oilfield Sports Complex,2023-12-10,4,Stage 4,23ddbd42-0ec2-4164-9efc-f31e86e7cf83,Devan Roman,67,0.00,8,0.00,PCC,U,,MINOR,,0.0000,0.0000,0.0000,84.52,10,,3,,14,,,,
9097f2e7-f8a9-40be-aed0-501528181a08,Bayou City Monthly December 10 at Oilfield Sports Complex,2023-12-10,5,Stage 5,d432f99f-ef2f-432c-a16c-08c8f54fbc5a,Michael Kiesewetter,1,100.00,1,100.00,Open,B,TY118153,MAJOR,,130.0000,130.0000,8.4138,14.50,18,,8,,,,,,
9097f2e7-f8a9-40be-aed0-501528181a08,Bayou City Monthly December 10 at Oilfield Sports Complex,2023-12-10,5,Stage 5,d432f99f-ef2f-432c-a16c-08c8f54fbc5a,Christopher Boatcallie,2,91.48,1,100.00,PCC,B,A104118,MINOR,,130.0000,118.9233,7.6969,16.63,25,,1,,,,,,
9097f2e7-f8a9-40be-aed0-501528181a08,Bayou City Monthly December 10 at Oilfield Sports Complex,2023-12-10,5,Stage 5,d432f99f-ef2f-432c-a16c-08c8f54fbc5a,Chris Snow,3,91.02,2,91.02,Open,M,TY107262,MINOR,,118.3223,118.3223,7.6580,13.45,19,6,,,1,,,,
9097f2e7-f8a9-40be-aed0-501528181a08,Bayou City Monthly December 10 at Oilfield Sports Complex,2023-12-10,5,Stage 5,d432f99f-ef2f-432c-a16c-08c8f54fbc5a,Travis Mckenzie,4,81.44,1,100.00,Limited Optics,U,L6340,MINOR,,130.0000,105.8767,6.8525,17.22,20,,6,,,,,,
9097f2e7-f8a9-40be-aed0-501528181a08,Bayou City Monthly December 10 at Oilfield Sports Complex,2023-12-10,5,Stage 5,d432f99f-ef2f-432c-a16c-08c8f54fbc5a,Jim Havens,5,76.60,2,94.05,Limited Optics,M,TY114636,MINOR,Senior,122.2636,99.5758,6.4447,18.62,21,,5,,,,,,
9097f2e7-f8a9-40be-aed0-501528181a08,Bayou City Monthly December 10 at Oilfield Sports Complex,2023-12-10,5,Stage 5,d432f99f-ef2f-432c-a16c-08c8f54fbc5a,Anderson Nguyen,6,76.34,1,100.00,Carry Optics,A,A150974,MINOR,,130.0000,99.2483,6.4235,18.37,21,,4,1,,,,,
9097f2e7-f8a9-40be-aed0-501528181a08,Bayou City Monthly December 10 at Oilfield Sports Complex,2023-12-10,5,Stage 5,d432f99f-ef2f-432c-a16c-08c8f54fbc5a,Tyler Kenny,7,74.00,2,96.93,Carry Optics,C,A148691,MINOR,,126.0131,96.2044,6.2265,18.63,20,3,2,1,,,,,
9097f2e7-f8a9-40be-aed0-501528181a08,Bayou City Monthly December 10 at Oilfield Sports Complex,2023-12-10,5,Stage 5,d432f99f-ef2f-432c-a16c-08c8f54fbc5a,Pocholo Dimayuga,8,73.50,1,100.00,Limited,B,A106236,MAJOR,,130.0000,95.5478,6.1840,19.89,21,1,3,1,,,,,
9097f2e7-f8a9-40be-aed0-501528181a08,Bayou City Monthly December 10 at Oilfield Sports Complex,2023-12-10,5,Stage 5,d432f99f-ef2f-432c-a16c-08c8f54fbc5a,Arnold Gee,9,72.82,3,72.82,Open,B,TY103519,MAJOR,Senior,94.6640,94.6640,6.1268,18.77,13,,12,1,,,,,
9097f2e7-f8a9-40be-aed0-501528181a08,Bayou City Monthly December 10 at Oilfield Sports Complex,2023-12-10,5,Stage 5,d432f99f-ef2f-432c-a16c-08c8f54fbc5a,August Balagtas,10,71.29,3,87.53,Limited Optics,U,L3674,MINOR,,113.7872,92.6724,5.9979,19.34,20,,5,1,,,,,
9097f2e7-f8a9-40be-aed0-501528181a08,Bayou City Monthly December 10 at Oilfield Sports Complex,2023-12-10,5,Stage 5,d432f99f-ef2f-432c-a16c-08c8f54fbc5a,David Zhang,11,70.63,3,92.51,Carry Optics,C,FY140383,MINOR,,120.2634,91.8149,5.9424,21.54,25,,1,,,,,,
9097f2e7-f8a9-40be-aed0-501528181a08,Bayou City Monthly December 10 at Oilfield Sports Complex,2023-12-10,5,Stage 5,d432f99f-ef2f-432c-a16c-08c8f54fbc5a,Gary Wu,12,70.15,4,86.14,Limited Optics,C,L2998,MINOR,Senior,111.9793,91.1999,5.9026,20.33,21,,5,,,,,,
9097f2e7-f8a9-40be-aed0-501528181a08,Bayou City Monthly December 10 at Oilfield Sports Complex,2023-12-10,5,Stage 5,d432f99f-ef2f-432c-a16c-08c8f54fbc5a,Cliff Pinsent,13,69.27,4,69.27,Open,B,FY99321,MAJOR,Distinguished Senior,90.0458,90.0458,5.8279,21.62,22,4,,,,,,,
9097f2e7-f8a9-40be-aed0-501528181a08,Bayou City Monthly December 10 at Oilfield Sports Complex,2023-12-10,5,Stage 5,d432f99f-ef2f-432c-a16c-08c8f54fbc5a,James “jimo” O'flaherty,14,68.63,4,89.89,Carry Optics,B,FY100318,MINOR,Senior; Law Enforcement,116.8553,89.2130,5.7740,20.09,19,,7,,,,,,
9097f2e7-f8a9-40be-aed0-501528181a08,Bayou City Monthly December 10 at Oilfield Sports Complex,2023-12-10,5,Stage 5,d432f99f-ef2f-432c-a16c-08c8f54fbc5a,Marlon Poralan,15,67.82,5,83.27,Limited Optics,U,TY76330,MINOR,Law Enforcement,108.2495,88.1623,5.7060,20.68,20,,6,,,,,,
9097f2e7-f8a9-40be-aed0-501528181a08,Bayou City Monthly December 10 at Oilfield Sports Complex,2023-12-10,5,Stage 5,d432f99f-ef2f-432c-a16c-08c8f54fbc5a,Abe Valdez,16,67.34,5,67.34,Open,C,A148541,MINOR,,87.5381,87.5381,5.6656,18.18,21,,2,2,1,,,,
9097f2e7-f8a9-40be-aed0-501528181a08,Bayou City Monthly December 10 at Oilfield Sports Complex,2023-12-10,5,Stage 5,d432f99f-ef2f-432c-a16c-08c8f54fbc5a,Nick Bolo,17,65.31,6,65.31,Open,B,A66852,MAJOR,,84.9037,84.9037,5.4951,18.38,17,,5,3,1,,,,
9097f2e7-f8a9-40be-aed0-501528181a08,Bayou City Monthly December 10 at Oilfield Sports Complex,2023-12-10,5,Stage 5,d432f99f-ef2f-432c-a16c-08c8f54fbc5a,Rene Zalamea,18,64.00,7,64.00,Open,C,A66891,MAJOR,Senior,83.2026,83.2026,5.3850,22.47,17,,9,,,,,,
9097f2e7-f8a9-40be-aed0-501528181a08,Bayou City Monthly December 10 at Oilfield Sports Complex,2023-12-10,5,Stage 5,d432f99f-ef2f-432c-a16c-08c8f54fbc5a,Rudy Widiaman,19,63.18,6,77.58,Limited Optics,U,A155535,MINOR,,100.8489,82.1349,5.3159,22.95,22,4,,,,,,,
9097f2e7-f8a9-40be-aed0-501528181a08,Bayou City Monthly December 10 at Oilfield Sports Complex,2023-12-10,5,Stage 5,d432f99f-ef2f-432c-a16c-08c8f54fbc5a,Michael Pontious,20,62.90,7,77.23,Limited Optics,U,FY94575,MINOR,Senior,100.4012,81.7703,5.2923,19.84,20,,5,,1,,,,
9097f2e7-f8a9-40be-aed0-501528181a08,Bayou City Monthly December 10 at Oilfield Sports Complex,2023-12-10,5,Stage 5,d432f99f-ef2f-432c-a16c-08c8f54fbc5a,Taylor Mcdaniel,21,59.37,5,77.77,Carry Optics,U,,MINOR,,101.0999,77.1845,4.9955,22.22,23,,2,,1,,,,
9097f2e7-f8a9-40be-aed0-501528181a08,Bayou City Monthly December 10 at Oilfield Sports Complex,2023-12-10,5,Stage 5,d432f99f-ef2f-432c-a16c-08c8f54fbc5a,Ray Fishel,22,59.37,2,64.90,PCC,B,A92443,MINOR,Senior,84.3719,77.1830,4.9954,21.82,22,,3,,1,,,,
9097f2e7-f8a9-40be-aed0-501528181a08,Bayou City Monthly December 10 at Oilfield Sports Complex,2023-12-10,5,Stage 5,d432f99f-ef2f-432c-a16c-08c8f54fbc5a,Christian Canizales,23,57.90,6,75.84,Carry Optics,B,TY150265,MINOR,,98.5883,75.2671,4.8714,22.17,15,,11,,,,,,
9097f2e7-f8a9-40be-aed0-501528181a08,Bayou City Monthly December 10 at Oilfield Sports Complex,2023-12-10,5,Stage 5,d432f99f-ef2f-432c-a16c-08c8f54fbc5a,Isaac Robledo,24,57.76,7,75.66,Carry Optics,U,,MINOR,,98.3535,75.0878,4.8598,21.40,13,,13,,,,,,
9097f2e7-f8a9-40be-aed0-501528181a08,Bayou City Monthly December 10 at Oilfield Sports Complex,2023-12-10,5,Stage 5,d432f99f-ef2f-432c-a16c-08c8f54fbc5a,Blaine Newlin,25,56.31,2,76.62,Limited,B,A103350,MINOR,,99.6001,73.2044,4.7379,25.75,22,,4,,,,,,
9097f2e7-f8a9-40be-aed0-501528181a08,Bayou City Monthly December 10 at Oilfield Sports Complex,2023-12-10,5,Stage 5,d432f99f-ef2f-432c-a16c-08c8f54fbc5a,Jennifer Kleiber-boatcallie,26,54.09,3,59.13,PCC,C,A142192,MINOR,Lady,76.8643,70.3151,4.5509,25.05,19,,6,1,,,,,
9097f2e7-f8a9-40be-aed0-501528181a08,Bayou City Monthly December 10 at Oilfield Sports Complex,2023-12-10,5,Stage 5,d432f99f-ef2f-432c-a16c-08c8f54fbc5a,Brandon Hunt,27,53.73,8,65.98,Limited Optics,U,FY150701,MINOR,,85.7706,69.8546,4.5211,26.10,21,,4,1,,,,,
9097f2e7-f8a9-40be-aed0-501528181a08,Bayou City Monthly December 10 at Oilfield Sports Complex,2023-12-10,5,Stage 5,d432f99f-ef2f-432c-a16c-08c8f54fbc5a,Tj Balingit,28,53.54,8,70.13,Carry Optics,U,A151010,MINOR,,91.1690,69.6028,4.5048,27.97,24,,2,,,,,,
9097f2e7-f8a9-40be-aed0-501528181a08,Bayou City Monthly December 10 at Oilfield Sports Complex,2023-12-10,5,Stage 5,d432f99f-ef2f-432c-a16c-08c8f54fbc5a,Desmond Jackson,29,51.84,9,67.91,Carry Optics,B,TY89242,MINOR,,88.2810,67.3980,4.3621,27.51,22,1,2,1,,,,,
9097f2e7-f8a9-40be-aed0-501528181a08,Bayou City Monthly December 10 at Oilfield Sports Complex,2023-12-10,5,Stage 5,d432f99f-ef2f-432c-a16c-08c8f54fbc5a,John Ren,30,51.54,3,70.13,Limited,C,A152674,MINOR,,91.1640,67.0040,4.3366,27.21,20,,6,,,,,,
9097f2e7-f8a9-40be-aed0-501528181a08,Bayou City Monthly December 10 at Oilfield Sports Complex,2023-12-10,5,Stage 5,d432f99f-ef2f-432c-a16c-08c8f54fbc5a,Aaron Gillory,31,50.70,10,66.41,Carry Optics,B,TY144826,MINOR,Law Enforcement,86.3321,65.9101,4.2658,24.38,14,,11,1,,,,,
9097f2e7-f8a9-40be-aed0-501528181a08,Bayou City Monthly December 10 at Oilfield Sports Complex,2023-12-10,5,Stage 5,d432f99f-ef2f-432c-a16c-08c8f54fbc5a,Jerry Bedro,32,50.50,8,50.50,Open,C,A98263,MAJOR,,65.6489,65.6489,4.2489,26.36,22,,3,,1,,,,
9097f2e7-f8a9-40be-aed0-501528181a08,Bayou City Monthly December 10 at Oilfield Sports Complex,2023-12-10,5,Stage 5,d432f99f-ef2f-432c-a16c-08c8f54fbc5a,Lauren Gillory,33,50.22,11,65.78,Carry Optics,U,,MINOR,,85.5144,65.2858,4.2254,26.98,18,,8,,,,,,
9097f2e7-f8a9-40be-aed0-501528181a08,Bayou City Monthly December 10 at Oilfield Sports Complex,2023-12-10,5,Stage 5,d432f99f-ef2f-432c-a16c-08c8f54fbc5a,Charles Bradbury,34,49.92,12,65.38,Carry Optics,C,,MINOR,,85.0004,64.8934,4.2000,30.00,25,,,1,,,,,
9097f2e7-f8a9-40be-aed0-501528181a08,Bayou City Monthly December 10 at Oilfield Sports Complex,2023-12-10,5,Stage 5,d432f99f-ef2f-432c-a16c-08c8f54fbc5a,James Jackson,35,49.91,4,54.56,PCC,C,A89219,MINOR,,70.9224,64.8795,4.1991,29.53,23,,3,,,,,,
9097f2e7-f8a9-40be-aed0-501528181a08,Bayou City Monthly December 10 at Oilfield Sports Complex,2023-12-10,5,Stage 5,d432f99f-ef2f-432c-a16c-08c8f54fbc5a,Waltz Noguerra,36,49.21,9,60.43,Limited Optics,U,A137731,MINOR,,78.5540,63.9772,4.1407,30.43,24,,2,,,,,,
9097f2e7-f8a9-40be-aed0-501528181a08,Bayou City Monthly December 10 at Oilfield Sports Complex,2023-12-10,5,Stage 5,d432f99f-ef2f-432c-a16c-08c8f54fbc5a,Virak Meas,37,48.87,10,60.01,Limited Optics,U,A155576,MINOR,Senior,78.0133,63.5368,4.1122,26.02,21,1,3,,1,,,,
9097f2e7-f8a9-40be-aed0-501528181a08,Bayou City Monthly December 10 at Oilfield Sports Complex,2023-12-10,5,Stage 5,d432f99f-ef2f-432c-a16c-08c8f54fbc5a,Lou Lerma,38,47.90,13,62.74,Carry Optics,U,A155846,MINOR,,81.5599,62.2668,4.0300,21.34,18,,5,1,2,,,,
9097f2e7-f8a9-40be-aed0-501528181a08,Bayou City Monthly December 10 at Oilfield Sports Complex,2023-12-10,5,Stage 5,d432f99f-ef2f-432c-a16c-08c8f54fbc5a,Emman Alcoseba,39,47.56,4,64.71,Limited,C,TY67519,MINOR,Senior,84.1195,61.8264,4.0015,27.49,18,,6,2,,,,,
9097f2e7-f8a9-40be-aed0-501528181a08,Bayou City Monthly December 10 at Oilfield Sports Complex,2023-12-10,5,Stage 5,d432f99f-ef2f-432c-a16c-08c8f54fbc5a,Ronald Gillory,40,47.36,5,51.77,PCC,B,TY83291,MINOR,,67.2996,61.5653,3.9846,31.12,23,,3,,,,,,
9097f2e7-f8a9-40be-aed0-501528181a08,Bayou City Monthly December 10 at Oilfield Sports Complex,2023-12-10,5,Stage 5,d432f99f-ef2f-432c-a16c-08c8f54fbc5a,Alexander Nguyen,41,44.83,14,58.72,Carry Optics,U,A151003,MINOR,,76.3425,58.2835,3.7722,28.10,16,,8,2,,,,,
9097f2e7-f8a9-40be-aed0-501528181a08,Bayou City Monthly December 10 at Oilfield Sports Complex,2023-12-10,5,Stage 5,d432f99f-ef2f-432c-a16c-08c8f54fbc5a,Jesse Harrington,42,44.36,15,58.10,Carry Optics,B,A153046,MINOR,,75.5330,57.6655,3.7322,18.22,19,,4,1,2,,,2,
9097f2e7-f8a9-40be-aed0-501528181a08,Bayou City Monthly December 10 at Oilfield Sports Complex,2023-12-10,5,Stage 5,d432f99f-ef2f-432c-a16c-08c8f54fbc5a,Phyl Santos,43,42.09,11,51.68,Limited Optics,U,A155981,MINOR,,67.1902,54.7221,3.5417,19.20,13,1,5,5,2,,,,
9097f2e7-f8a9-40be-aed0-501528181a08,Bayou City Monthly December 10 at Oilfield Sports Complex,2023-12-10,5,Stage 5,d432f99f-ef2f-432c-a16c-08c8f54fbc5a,Luis Llanes,44,41.40,16,54.22,Carry Optics,U,A151023,MINOR,,70.4916,53.8167,3.4831,35.60,23,,3,,,,,,
9097f2e7-f8a9-40be-aed0-501528181a08,Bayou City Monthly December 10 at Oilfield Sports Complex,2023-12-10,5,Stage 5,d432f99f-ef2f-432c-a16c-08c8f54fbc5a,Jeremiah Hunt,45,38.73,12,47.55,Limited Optics,C,A148592,MINOR,,61.8176,50.3465,3.2585,37.44,22,,4,,,,,,
9097f2e7-f8a9-40be-aed0-501528181a08,Bayou City Monthly December 10 at Oilfield Sports Complex,2023-12-10,5,Stage 5,d432f99f-ef2f-432c-a16c-08c8f54fbc5a,Chez Chike-udenze,46,38.38,13,47.13,Limited Optics,M,A138598,MINOR,,61.2655,49.8968,3.2294,27.25,18,,6,,2,,,,
9097f2e7-f8a9-40be-aed0-501528181a08,Bayou City Monthly December 10 at Oilfield Sports Complex,2023-12-10,5,Stage 5,d432f99f-ef2f-432c-a16c-08c8f54fbc5a,Albert Legislador,47,35.74,17,46.82,Carry Optics,U,TY91787,MINOR,,60.8664,46.4683,3.0075,26.60,20,3,,1,2,,,1,
9097f2e7-f8a9-40be-aed0-501528181a08,Bayou City Monthly December 10 at Oilfield Sports Complex,2023-12-10,5,Stage 5,d432f99f-ef2f-432c-a16c-08c8f54fbc5a,Samuel Torres,48,35.72,1,100.00,Production,U,A152788,MINOR,,130.0000,46.4312,3.0051,37.27,19,,5,2,,,,,
9097f2e7-f8a9-40be-aed0-501528181a08,Bayou City Monthly December 10 at Oilfield Sports Complex,2023-12-10,5,Stage 5,d432f99f-ef2f-432c-a16c-08c8f54fbc5a,Demitre Johnson,49,27.59,2,77.24,Production,U,,MINOR,Law Enforcement,100.4103,35.8629,2.3211,25.85,18,,3,1,4,,,,
9097f2e7-f8a9-40be-aed0-501528181a08,Bayou City Monthly December 10 at Oilfield Sports Complex,2023-12-10,5,Stage 5,d432f99f-ef2f-432c-a16c-08c8f54fbc5a,Devan Roman,50,9.57,6,10.46,PCC,U,,MINOR,,13.5998,12.4410,0.8052,79.48,19,,3,,4,,,,
9097f2e7-f8a9-40be-aed0-501528181a08,Bayou City Monthly December 10 at Oilfield Sports Complex,2023-12-10,5,Stage 5,d432f99f-ef2f-432c-a16c-08c8f54fbc5a,Said Aboumerhi,51,0.00,1,0.00,Single Stack,B,L2974,MINOR,Senior,0.0000,0.0000,,,,,,,,,,,
9097f2e7-f8a9-40be-aed0-501528181a08,Bayou City Monthly December 10 at Oilfield Sports Complex,2023-12-10,5,Stage 5,d432f99f-ef2f-432c-a16c-08c8f54fbc5a,Jon Baguio,52,0.00,9,0.00,Open,C,X,MAJOR,,0.0000,0.0000,,,,,,,,,,,
9097f2e7-f8a9-40be-aed0-501528181a08,Bayou City Monthly December 10 at Oilfield Sports Complex,2023-12-10,5,Stage 5,d432f99f-ef2f-432c-a16c-08c8f54fbc5a,Randy Callison,53,0.00,7,0.00,PCC,A,A14418,MINOR,Senior,0.0000,0.0000,,,,,,,,,,,
9097f2e7-f8a9-40be-aed0-501528181a08,Bayou City Monthly December 10 at Oilfield Sports Complex,2023-12-10,5,Stage 5,d432f99f-ef2f-432c-a16c-08c8f54fbc5a,Edsel Esquivel,54,0.00,14,0.00,Limited Optics,C,*,MINOR,,0.0000,0.0000,,,,,,,,,,,
9097f2e7-f8a9-40be-aed0-501528181a08,Bayou City Monthly December 10 at Oilfield Sports Complex,2023-12-10,5,Stage 5,d432f99f-ef2f-432c-a16c-08c8f54fbc5a,Samuel Gamez,55,0.00,18,0.00,Carry Optics,U,,MINOR,Law Enforcement,0.0000,0.0000,,,,,,,,,,,
9097f2e7-f8a9-40be-aed0-501528181a08,Bayou City Monthly December 10 at Oilfield Sports Complex,2023-12-10,5,Stage 5,d432f99f-ef2f-432c-a16c-08c8f54fbc5a,David Hruzek,56,0.00,19,0.00,Carry Optics,C,A100909,MINOR,Senior,0.0000,0.0000,,,,,,,,,,,
9097f2e7-f8a9-40be-aed0-501528181a08,Bayou City Monthly December 10 at Oilfield Sports Complex,2023-12-10,5,Stage 5,d432f99f-ef2f-432c-a16c-08c8f54fbc5a,Bobby Ivester,57,0.00,10,0.00,Open,M,A101336,MAJOR,,0.0000,0.0000,,,,,,,,,,,
9097f2e7-f8a9-40be-aed0-501528181a08,Bayou City Monthly December 10 at Oilfield Sports Complex,2023-12-10,5,Stage 5,d432f99f-ef2f-432c-a16c-08c8f54fbc5a,Aj Jackson,58,0.00,8,0.00,PCC,A,TY81745,MINOR,,0.0000,0.0000,,,,,,,,,,,
9097f2e7-f8a9-40be-aed0-501528181a08,Bayou City Monthly December 10 at Oilfield Sports Complex,2023-12-10,5,Stage 5,d432f99f-ef2f-432c-a16c-08c8f54fbc5a,Chev Jacot,59,0.00,15,0.00,Limited Optics,U,TY72378,MINOR,,0.0000,0.0000,,,,,,,,,,,
9097f2e7-f8a9-40be-aed0-501528181a08,Bayou City Monthly December 10 at Oilfield Sports Complex,2023-12-10,5,Stage 5,d432f99f-ef2f-432c-a16c-08c8f54fbc5a,Pete Kirchner,60,0.00,20,0.00,Carry Optics,A,TY105743,MINOR,,0.0000,0.0000,,,,,,,,,,,
9097f2e7-f8a9-40be-aed0-501528181a08,Bayou City Monthly December 10 at Oilfield Sports Complex,2023-12-10,5,Stage 5,d432f99f-ef2f-432c-a16c-08c8f54fbc5a,Luis Llanes,61,0.00,11,0.00,Open,,,MAJOR,,0.0000,0.0000,,,,,,,,,,,
9097f2e7-f8a9-40be-aed0-501528181a08,Bayou City Monthly December 10 at Oilfield Sports Complex,2023-12-10,5,Stage 5,d432f99f-ef2f-432c-a16c-08c8f54fbc5a,"Jeff Maxwell, jr.",62,0.00,16,0.00,Limited Optics,C,L4489,MINOR,Senior,0.0000,0.0000,,,,,,,,,,,
9097f2e7-f8a9-40be-aed0-501528181a08,Bayou City Monthly December 10 at Oilfield Sports Complex,2023-12-10,5,Stage 5,d432f99f-ef2f-432c-a16c-08c8f54fbc5a,Jason Navarro,63,0.00,21,0.00,Carry Optics,U,0,MINOR,Law Enforcement,0.0000,0.0000,,,,,,,,,,,
9097f2e7-f8a9-40be-aed0-501528181a08,Bayou City Monthly December 10 at Oilfield Sports Complex,2023-12-10,5,Stage 5,d432f99f-ef2f-432c-a16c-08c8f54fbc5a,Robin Padilla,64,0.00,22,0.00,Carry Optics,U,0,MINOR,,0.0000,0.0000,,,,,,,,,,,
9097f2e7-f8a9-40be-aed0-501528181a08,Bayou City Monthly December 10 at Oilfield Sports Complex,2023-12-10,5,Stage 5,d432f99f-ef2f-432c-a16c-08c8f54fbc5a,Taylor Snodgrass,65,0.00,12,0.00,Open,U,,MINOR,,0.0000,0.0000,,,,,,,,,,,
9097f2e7-f8a9-40be-aed0-501528181a08,Bayou City Monthly December 10 at Oilfield Sports Complex,2023-12-10,5,Stage 5,d432f99f-ef2f-432c-a16c-08c8f54fbc5a,Antonio Tormis,66,0.00,13,0.00,Open,C,,MAJOR,,0.0000,0.0000,,,,,,,,,,,
9097f2e7-f8a9-40be-aed0-501528181a08,Bayou City Monthly December 10 at Oilfield Sports Complex,2023-12-10,5,Stage 5,d432f99f-ef2f-432c-a16c-08c8f54fbc5a,Rudy Miranda,67,0.00,17,0.00,Limited Optics,U,,MINOR,Law Enforcement; Military,0.0000,0.0000,0.0000,26.24,13,,3,3,7,,,1,
9097f2e7-f8a9-40be-aed0-501528181a08,Bayou City Monthly December 10 at Oilfield Sports Complex,2023-12-10,6,Stage 6,93cdb11d-77e1-4522-8eb2-18ee30f2f038,Chris Snow,1,100.00,1,100.00,Open,M,TY107262,MINOR,,105.0000,105.0000,6.2889,14.47,16,,3,2,,,,,
9097f2e7-f8a9-40be-aed0-501528181a08,Bayou City Monthly December 10 at Oilfield Sports Complex,2023-12-10,6,Stage 6,93cdb11d-77e1-4522-8eb2-18ee30f2f038,Jim Havens,2,93.59,1,100.00,Limited Optics,M,TY114636,MINOR,Senior,105.0000,98.2698,5.8858,17.16,19,,2,,,,,,
9097f2e7-f8a9-40be-aed0-501528181a08,Bayou City Monthly December 10 at Oilfield Sports Complex,2023-12-10,6,Stage 6,93cdb11d-77e1-4522-8eb2-18ee30f2f038,August Balagtas,3,92.82,2,99.18,Limited Optics,U,L3674,MINOR,,104.1348,97.4600,5.8373,16.96,18,,3,,,,,,
9097f2e7-f8a9-40be-aed0-501528181a08,Bayou City Monthly December 10 at Oilfield Sports Complex,2023-12-10,6,Stage 6,93cdb11d-77e1-4522-8eb2-18ee30f2f038,Chez Chike-udenze,4,86.93,3,92.88,Limited Optics,M,A138598,MINOR,,97.5252,91.2741,5.4668,16.28,14,,6,1,,,,,
9097f2e7-f8a9-40be-aed0-501528181a08,Bayou City Monthly December 10 at Oilfield Sports Complex,2023-12-10,6,Stage 6,93cdb11d-77e1-4522-8eb2-18ee30f2f038,Travis Mckenzie,5,81.33,4,86.90,Limited Optics,U,L6340,MINOR,,91.2421,85.3938,5.1146,17.01,13,,7,1,,,,,
9097f2e7-f8a9-40be-aed0-501528181a08,Bayou City Monthly December 10 at Oilfield Sports Complex,2023-12-10,6,Stage 6,93cdb11d-77e1-4522-8eb2-18ee30f2f038,Tyler Kenny,6,81.23,1,100.00,Carry Optics,C,A148691,MINOR,,105.0000,85.2903,5.1084,19.38,18,,3,,,,,,
9097f2e7-f8a9-40be-aed0-501528181a08,Bayou City Monthly December 10 at Oilfield Sports Complex,2023-12-10,6,Stage 6,93cdb11d-77e1-4522-8eb2-18ee30f2f038,Christopher Boatcallie,7,80.33,1,100.00,PCC,B,A104118,MINOR,,105.0000,84.3419,5.0516,18.41,15,,6,,,,,,
9097f2e7-f8a9-40be-aed0-501528181a08,Bayou City Monthly December 10 at Oilfield Sports Complex,2023-12-10,6,Stage 6,93cdb11d-77e1-4522-8eb2-18ee30f2f038,Arnold Gee,8,78.08,2,78.08,Open,B,TY103519,MAJOR,Senior,81.9861,81.9861,4.9105,19.55,12,,9,,,,,,
9097f2e7-f8a9-40be-aed0-501528181a08,Bayou City Monthly December 10 at Oilfield Sports Complex,2023-12-10,6,Stage 6,93cdb11d-77e1-4522-8eb2-18ee30f2f038,Pocholo Dimayuga,9,77.41,1,100.00,Limited,B,A106236,MAJOR,,105.0000,81.2799,4.8682,19.72,14,,6,1,,,,,
9097f2e7-f8a9-40be-aed0-501528181a08,Bayou City Monthly December 10 at Oilfield Sports Complex,2023-12-10,6,Stage 6,93cdb11d-77e1-4522-8eb2-18ee30f2f038,Rudy Widiaman,10,75.72,5,80.90,Limited Optics,U,A155535,MINOR,,84.9501,79.5051,4.7619,18.69,14,1,5,1,,,,,
9097f2e7-f8a9-40be-aed0-501528181a08,Bayou City Monthly December 10 at Oilfield Sports Complex,2023-12-10,6,Stage 6,93cdb11d-77e1-4522-8eb2-18ee30f2f038,Nick Bolo,11,75.41,3,75.41,Open,B,A66852,MAJOR,,79.1778,79.1778,4.7423,19.40,10,,10,1,,,,,
9097f2e7-f8a9-40be-aed0-501528181a08,Bayou City Monthly December 10 at Oilfield Sports Complex,2023-12-10,6,Stage 6,93cdb11d-77e1-4522-8eb2-18ee30f2f038,Christian Canizales,12,72.55,2,89.31,Carry Optics,B,TY150265,MINOR,,93.7794,76.1759,4.5625,18.63,17,,3,1,,,,1,
9097f2e7-f8a9-40be-aed0-501528181a08,Bayou City Monthly December 10 at Oilfield Sports Complex,2023-12-10,6,Stage 6,93cdb11d-77e1-4522-8eb2-18ee30f2f038,Gary Wu,13,71.42,6,76.31,Limited Optics,C,L2998,MINOR,Senior,80.1299,74.9938,4.4917,21.15,16,,5,,,,,,
9097f2e7-f8a9-40be-aed0-501528181a08,Bayou City Monthly December 10 at Oilfield Sports Complex,2023-12-10,6,Stage 6,93cdb11d-77e1-4522-8eb2-18ee30f2f038,Rene Zalamea,14,70.52,4,70.52,Open,C,A66891,MAJOR,Senior,74.0488,74.0488,4.4351,21.42,13,,7,1,,,,,
9097f2e7-f8a9-40be-aed0-501528181a08,Bayou City Monthly December 10 at Oilfield Sports Complex,2023-12-10,6,Stage 6,93cdb11d-77e1-4522-8eb2-18ee30f2f038,Albert Legislador,15,69.85,3,86.00,Carry Optics,U,TY91787,MINOR,,90.2975,73.3476,4.3931,22.08,17,,4,,,,,,
9097f2e7-f8a9-40be-aed0-501528181a08,Bayou City Monthly December 10 at Oilfield Sports Complex,2023-12-10,6,Stage 6,93cdb11d-77e1-4522-8eb2-18ee30f2f038,Cliff Pinsent,16,69.55,5,69.55,Open,B,FY99321,MAJOR,Distinguished Senior,73.0320,73.0320,4.3742,23.09,17,,4,,,,,,
9097f2e7-f8a9-40be-aed0-501528181a08,Bayou City Monthly December 10 at Oilfield Sports Complex,2023-12-10,6,Stage 6,93cdb11d-77e1-4522-8eb2-18ee30f2f038,Abe Valdez,17,69.10,6,69.10,Open,C,A148541,MINOR,,72.5512,72.5512,4.3454,17.95,15,,4,1,1,,,,
9097f2e7-f8a9-40be-aed0-501528181a08,Bayou City Monthly December 10 at Oilfield Sports Complex,2023-12-10,6,Stage 6,93cdb11d-77e1-4522-8eb2-18ee30f2f038,Michael Kiesewetter,18,68.95,7,68.95,Open,B,TY118153,MAJOR,,72.4026,72.4026,4.3365,23.06,16,,5,,,,,,
9097f2e7-f8a9-40be-aed0-501528181a08,Bayou City Monthly December 10 at Oilfield Sports Complex,2023-12-10,6,Stage 6,93cdb11d-77e1-4522-8eb2-18ee30f2f038,David Zhang,19,68.09,4,83.82,Carry Optics,C,FY140383,MINOR,,88.0097,71.4893,4.2818,21.72,16,,4,1,,,,,
9097f2e7-f8a9-40be-aed0-501528181a08,Bayou City Monthly December 10 at Oilfield Sports Complex,2023-12-10,6,Stage 6,93cdb11d-77e1-4522-8eb2-18ee30f2f038,Michael Pontious,20,64.15,7,68.54,Limited Optics,U,FY94575,MINOR,Senior,71.9683,67.3553,4.0342,21.07,12,,8,1,,,,,
9097f2e7-f8a9-40be-aed0-501528181a08,Bayou City Monthly December 10 at Oilfield Sports Complex,2023-12-10,6,Stage 6,93cdb11d-77e1-4522-8eb2-18ee30f2f038,Anderson Nguyen,21,63.90,5,78.66,Carry Optics,A,A150974,MINOR,,82.5978,67.0932,4.0185,19.41,14,,6,,1,,,,
9097f2e7-f8a9-40be-aed0-501528181a08,Bayou City Monthly December 10 at Oilfield Sports Complex,2023-12-10,6,Stage 6,93cdb11d-77e1-4522-8eb2-18ee30f2f038,Marlon Poralan,22,59.89,8,64.00,Limited Optics,U,TY76330,MINOR,Law Enforcement,67.1962,62.8891,3.7667,24.69,15,6,,,,,,,
9097f2e7-f8a9-40be-aed0-501528181a08,Bayou City Monthly December 10 at Oilfield Sports Complex,2023-12-10,6,Stage 6,93cdb11d-77e1-4522-8eb2-18ee30f2f038,Charles Bradbury,23,59.72,6,73.53,Carry Optics,C,,MINOR,,77.2023,62.7105,3.7560,26.89,19,,2,,,,,,
9097f2e7-f8a9-40be-aed0-501528181a08,Bayou City Monthly December 10 at Oilfield Sports Complex,2023-12-10,6,Stage 6,93cdb11d-77e1-4522-8eb2-18ee30f2f038,Lou Lerma,24,59.59,7,73.36,Carry Optics,U,A155846,MINOR,,77.0296,62.5702,3.7476,21.08,16,,2,3,,,1,,
9097f2e7-f8a9-40be-aed0-501528181a08,Bayou City Monthly December 10 at Oilfield Sports Complex,2023-12-10,6,Stage 6,93cdb11d-77e1-4522-8eb2-18ee30f2f038,John Ren,25,59.19,2,76.46,Limited,C,A152674,MINOR,,80.2824,62.1462,3.7222,26.06,17,,4,,,,,,
9097f2e7-f8a9-40be-aed0-501528181a08,Bayou City Monthly December 10 at Oilfield Sports Complex,2023-12-10,6,Stage 6,93cdb11d-77e1-4522-8eb2-18ee30f2f038,Brandon Hunt,26,57.74,9,61.70,Limited Optics,U,FY150701,MINOR,,64.7843,60.6318,3.6315,26.16,16,,5,,,,,,
9097f2e7-f8a9-40be-aed0-501528181a08,Bayou City Monthly December 10 at Oilfield Sports Complex,2023-12-10,6,Stage 6,93cdb11d-77e1-4522-8eb2-18ee30f2f038,Jesse Harrington,27,57.64,8,70.96,Carry Optics,B,A153046,MINOR,,74.5055,60.5200,3.6248,22.07,16,,3,1,1,,,,
9097f2e7-f8a9-40be-aed0-501528181a08,Bayou City Monthly December 10 at Oilfield Sports Complex,2023-12-10,6,Stage 6,93cdb11d-77e1-4522-8eb2-18ee30f2f038,Jeremiah Hunt,28,57.57,10,61.52,Limited Optics,C,A148592,MINOR,,64.5934,60.4532,3.6208,24.58,14,,6,1,,,,,
9097f2e7-f8a9-40be-aed0-501528181a08,Bayou City Monthly December 10 at Oilfield Sports Complex,2023-12-10,6,Stage 6,93cdb11d-77e1-4522-8eb2-18ee30f2f038,Virak Meas,29,57.07,11,60.97,Limited Optics,U,A155576,MINOR,Senior,64.0226,59.9189,3.5888,22.57,13,,4,4,,,,,
9097f2e7-f8a9-40be-aed0-501528181a08,Bayou City Monthly December 10 at Oilfield Sports Complex,2023-12-10,6,Stage 6,93cdb11d-77e1-4522-8eb2-18ee30f2f038,Jennifer Kleiber-boatcallie,30,57.03,2,71.00,PCC,C,A142192,MINOR,Lady,74.5493,59.8822,3.5866,25.93,15,,6,,,,,,
9097f2e7-f8a9-40be-aed0-501528181a08,Bayou City Monthly December 10 at Oilfield Sports Complex,2023-12-10,6,Stage 6,93cdb11d-77e1-4522-8eb2-18ee30f2f038,Jerry Bedro,31,56.15,8,56.15,Open,C,A98263,MAJOR,,58.9555,58.9555,3.5311,27.47,15,4,1,1,,,,,
9097f2e7-f8a9-40be-aed0-501528181a08,Bayou City Monthly December 10 at Oilfield Sports Complex,2023-12-10,6,Stage 6,93cdb11d-77e1-4522-8eb2-18ee30f2f038,Lauren Gillory,32,55.04,9,67.75,Carry Optics,U,,MINOR,,71.1408,57.7868,3.4611,26.87,16,,4,1,,,,,
9097f2e7-f8a9-40be-aed0-501528181a08,Bayou City Monthly December 10 at Oilfield Sports Complex,2023-12-10,6,Stage 6,93cdb11d-77e1-4522-8eb2-18ee30f2f038,Waltz Noguerra,33,53.14,12,56.78,Limited Optics,U,A137731,MINOR,,59.6233,55.8017,3.3422,26.33,19,,1,,1,,,,
9097f2e7-f8a9-40be-aed0-501528181a08,Bayou City Monthly December 10 at Oilfield Sports Complex,2023-12-10,6,Stage 6,93cdb11d-77e1-4522-8eb2-18ee30f2f038,Isaac Robledo,34,53.03,10,65.28,Carry Optics,U,,MINOR,,68.5489,55.6814,3.3350,19.79,10,,8,2,1,,,,
9097f2e7-f8a9-40be-aed0-501528181a08,Bayou City Monthly December 10 at Oilfield Sports Complex,2023-12-10,6,Stage 6,93cdb11d-77e1-4522-8eb2-18ee30f2f038,Alexander Nguyen,35,52.62,11,64.78,Carry Optics,U,A151003,MINOR,,68.0165,55.2490,3.3091,24.78,17,1,1,1,1,,,,
9097f2e7-f8a9-40be-aed0-501528181a08,Bayou City Monthly December 10 at Oilfield Sports Complex,2023-12-10,6,Stage 6,93cdb11d-77e1-4522-8eb2-18ee30f2f038,Emman Alcoseba,36,51.28,3,66.24,Limited,C,TY67519,MINOR,Senior,69.5521,53.8399,3.2247,28.84,16,,4,1,,,,,
9097f2e7-f8a9-40be-aed0-501528181a08,Bayou City Monthly December 10 at Oilfield Sports Complex,2023-12-10,6,Stage 6,93cdb11d-77e1-4522-8eb2-18ee30f2f038,James “jimo” O'flaherty,37,50.94,12,62.72,Carry Optics,B,FY100318,MINOR,Senior; Law Enforcement,65.8521,53.4909,3.2038,24.97,15,,5,,1,,,,
9097f2e7-f8a9-40be-aed0-501528181a08,Bayou City Monthly December 10 at Oilfield Sports Complex,2023-12-10,6,Stage 6,93cdb11d-77e1-4522-8eb2-18ee30f2f038,Ronald Gillory,38,50.43,3,62.78,PCC,B,TY83291,MINOR,,65.9150,52.9466,3.1712,32.48,20,,1,,,,,,
9097f2e7-f8a9-40be-aed0-501528181a08,Bayou City Monthly December 10 at Oilfield Sports Complex,2023-12-10,6,Stage 6,93cdb11d-77e1-4522-8eb2-18ee30f2f038,Tj Balingit,39,48.36,13,59.54,Carry Optics,U,A151010,MINOR,,62.5161,50.7811,3.0415,24.33,14,,4,2,1,,,,
9097f2e7-f8a9-40be-aed0-501528181a08,Bayou City Monthly December 10 at Oilfield Sports Complex,2023-12-10,6,Stage 6,93cdb11d-77e1-4522-8eb2-18ee30f2f038,Blaine Newlin,40,47.73,4,61.66,Limited,B,A103350,MINOR,,64.7380,50.1133,3.0015,27.32,16,,4,,1,,,,
9097f2e7-f8a9-40be-aed0-501528181a08,Bayou City Monthly December 10 at Oilfield Sports Complex,2023-12-10,6,Stage 6,93cdb11d-77e1-4522-8eb2-18ee30f2f038,James Jackson,41,45.93,4,57.17,PCC,C,A89219,MINOR,,60.0327,48.2216,2.8882,29.43,12,,8,1,,,,,
9097f2e7-f8a9-40be-aed0-501528181a08,Bayou City Monthly December 10 at Oilfield Sports Complex,2023-12-10,6,Stage 6,93cdb11d-77e1-4522-8eb2-18ee30f2f038,Phyl Santos,42,38.48,13,41.12,Limited Optics,U,A155981,MINOR,,43.1717,40.4045,2.4200,25.62,11,,4,5,1,,,,
9097f2e7-f8a9-40be-aed0-501528181a08,Bayou City Monthly December 10 at Oilfield Sports Complex,2023-12-10,6,Stage 6,93cdb11d-77e1-4522-8eb2-18ee30f2f038,Aaron Gillory,43,38.00,14,46.78,Carry Optics,B,TY144826,MINOR,Law Enforcement,49.1147,39.8953,2.3895,38.92,16,,4,1,,,,,
9097f2e7-f8a9-40be-aed0-501528181a08,Bayou City Monthly December 10 at Oilfield Sports Complex,2023-12-10,6,Stage 6,93cdb11d-77e1-4522-8eb2-18ee30f2f038,Desmond Jackson,44,35.99,15,44.30,Carry Optics,B,TY89242,MINOR,,46.5166,37.7849,2.2631,26.07,16,2,1,,2,,,1,
9097f2e7-f8a9-40be-aed0-501528181a08,Bayou City Monthly December 10 at Oilfield Sports Complex,2023-12-10,6,Stage 6,93cdb11d-77e1-4522-8eb2-18ee30f2f038,Luis Llanes,45,32.38,16,39.86,Carry Optics,U,A151023,MINOR,,41.8528,33.9966,2.0362,30.94,14,,4,1,2,,,,
9097f2e7-f8a9-40be-aed0-501528181a08,Bayou City Monthly December 10 at Oilfield Sports Complex,2023-12-10,6,Stage 6,93cdb11d-77e1-4522-8eb2-18ee30f2f038,Samuel Torres,46,30.29,1,100.00,Production,U,A152788,MINOR,,105.0000,31.7994,1.9046,45.68,13,,7,1,,,,,
9097f2e7-f8a9-40be-aed0-501528181a08,Bayou City Monthly December 10 at Oilfield Sports Complex,2023-12-10,6,Stage 6,93cdb11d-77e1-4522-8eb2-18ee30f2f038,Rudy Miranda,47,29.83,14,31.88,Limited Optics,U,,MINOR,Law Enforcement; Military,33.4706,31.3252,1.8762,30.38,12,,5,2,2,,,,
9097f2e7-f8a9-40be-aed0-501528181a08,Bayou City Monthly December 10 at Oilfield Sports Complex,2023-12-10,6,Stage 6,93cdb11d-77e1-4522-8eb2-18ee30f2f038,Taylor Mcdaniel,48,27.79,17,34.21,Carry Optics,U,,MINOR,,35.9188,29.1764,1.7475,22.89,13,,5,,3,,,1,
9097f2e7-f8a9-40be-aed0-501528181a08,Bayou City Monthly December 10 at Oilfield Sports Complex,2023-12-10,6,Stage 6,93cdb11d-77e1-4522-8eb2-18ee30f2f038,Ray Fishel,49,21.58,5,26.86,PCC,B,A92443,MINOR,Senior,28.2080,22.6583,1.3571,14.00,14,,3,,4,,,2,
9097f2e7-f8a9-40be-aed0-501528181a08,Bayou City Monthly December 10 at Oilfield Sports Complex,2023-12-10,6,Stage 6,93cdb11d-77e1-4522-8eb2-18ee30f2f038,Devan Roman,50,11.01,6,13.71,PCC,U,,MINOR,,14.3940,11.5620,0.6925,76.53,9,,9,1,2,,,,
9097f2e7-f8a9-40be-aed0-501528181a08,Bayou City Monthly December 10 at Oilfield Sports Complex,2023-12-10,6,Stage 6,93cdb11d-77e1-4522-8eb2-18ee30f2f038,Demitre Johnson,51,7.18,2,23.70,Production,U,,MINOR,Law Enforcement,24.8800,7.5349,0.4513,26.59,9,,5,2,5,,,,
9097f2e7-f8a9-40be-aed0-501528181a08,Bayou City Monthly December 10 at Oilfield Sports Complex,2023-12-10,6,Stage 6,93cdb11d-77e1-4522-8eb2-18ee30f2f038,Said Aboumerhi,52,0.00,1,0.00,Single Stack,B,L2974,MINOR,Senior,0.0000,0.0000,,,,,,,,,,,
9097f2e7-f8a9-40be-aed0-501528181a08,Bayou City Monthly December 10 at Oilfield Sports Complex,2023-12-10,6,Stage 6,93cdb11d-77e1-4522-8eb2-18ee30f2f038,Jon Baguio,53,0.00,9,0.00,Open,C,X,MAJOR,,0.0000,0.0000,,,,,,,,,,,
9097f2e7-f8a9-40be-aed0-501528181a08,Bayou City Monthly December 10 at Oilfield Sports Complex,2023-12-10,6,Stage 6,93cdb11d-77e1-4522-8eb2-18ee30f2f038,Randy Callison,54,0.00,7,0.00,PCC,A,A14418,MINOR,Senior,0.0000,0.0000,,,,,,,,,,,
9097f2e7-f8a9-40be-aed0-501528181a08,Bayou City Monthly December 10 at Oilfield Sports Complex,2023-12-10,6,Stage 6,93cdb11d-77e1-4522-8eb2-18ee30f2f038,Edsel Esquivel,55,0.00,15,0.00,Limited Optics,C,*,MINOR,,0.0000,0.0000,,,,,,,,,,,
9097f2e7-f8a9-40be-aed0-501528181a08,Bayou City Monthly December 10 at Oilfield Sports Complex,2023-12-10,6,Stage 6,93cdb11d-77e1-4522-8eb2-18ee30f2f038,Samuel Gamez,56,0.00,18,0.00,Carry Optics,U,,MINOR,Law Enforcement,0.0000,0.0000,,,,,,,,,,,
9097f2e7-f8a9-40be-aed0-501528181a08,Bayou City Monthly December 10 at Oilfield Sports Complex,2023-12-10,6,Stage 6,93cdb11d-77e1-4522-8eb2-18ee30f2f038,David Hruzek,57,0.00,19,0.00,Carry Optics,C,A100909,MINOR,Senior,0.0000,0.0000,,,,,,,,,,,
9097f2e7-f8a9-40be-aed0-501528181a08,Bayou City Monthly December 10 at Oilfield Sports Complex,2023-12-10,6,Stage 6,93cdb11d-77e1-4522-8eb2-18ee30f2f038,Bobby Ivester,58,0.00,10,0.00,Open,M,A101336,MAJOR,,0.0000,0.0000,,,,,,,,,,,
9097f2e7-f8a9-40be-aed0-501528181a08,Bayou City Monthly December 10 at Oilfield Sports Complex,2023-12-10,6,Stage 6,93cdb11d-77e1-4522-8eb2-18ee30f2f038,Aj Jackson,59,0.00,8,0.00,PCC,A,TY81745,MINOR,,0.0000,0.0000,,,,,,,,,,,
9097f2e7-f8a9-40be-aed0-501528181a08,Bayou City Monthly December 10 at Oilfield Sports Complex,2023-12-10,6,Stage 6,93cdb11d-77e1-4522-8eb2-18ee30f2f038,Chev Jacot,60,0.00,16,0.00,Limited Optics,U,TY72378,MINOR,,0.0000,0.0000,,,,,,,,,,,
9097f2e7-f8a9-40be-aed0-501528181a08,Bayou City Monthly December 10 at Oilfield Sports Complex,2023-12-10,6,Stage 6,93cdb11d-77e1-4522-8eb2-18ee30f2f038,Pete Kirchner,61,0.00,20,0.00,Carry Optics,A,TY105743,MINOR,,0.0000,0.0000,,,,,,,,,,,
9097f2e7-f8a9-40be-aed0-501528181a08,Bayou City Monthly December 10 at Oilfield Sports Complex,2023-12-10,6,Stage 6,93cdb11d-77e1-4522-8eb2-18ee30f2f038,Luis Llanes,62,0.00,11,0.00,Open,,,MAJOR,,0.0000,0.0000,,,,,,,,,,,
9097f2e7-f8a9-40be-aed0-501528181a08,Bayou City Monthly December 10 at Oilfield Sports Complex,2023-12-10,6,Stage 6,93cdb11d-77e1-4522-8eb2-18ee30f2f038,"Jeff Maxwell, jr.",63,0.00,17,0.00,Limited Optics,C,L4489,MINOR,Senior,0.0000,0.0000,,,,,,,,,,,
9097f2e7-f8a9-40be-aed0-501528181a08,Bayou City Monthly December 10 at Oilfield Sports Complex,2023-12-10,6,Stage 6,93cdb11d-77e1-4522-8eb2-18ee30f2f038,Jason Navarro,64,0.00,21,0.00,Carry Optics,U,0,MINOR,Law Enforcement,0.0000,0.0000,,,,,,,,,,,
9097f2e7-f8a9-40be-aed0-501528181a08,Bayou City Monthly December 10 at Oilfield Sports Complex,2023-12-10,6,Stage 6,93cdb11d-77e1-4522-8eb2-18ee30f2f038,Robin Padilla,65,0.00,22,0.00,Carry Optics,U,0,MINOR,,0.0000,0.0000,,,,,,,,,,,
9097f2e7-f8a9-40be-aed0-501528181a08,Bayou City Monthly December 10 at Oilfield Sports Complex,2023-12-10,6,Stage 6,93cdb11d-77e1-4522-8eb2-18ee30f2f038,Taylor Snodgrass,66,0.00,12,0.00,Open,U,,MINOR,,0.0000,0.0000,,,,,,,,,,,
9097f2e7-f8a9-40be-aed0-501528181a08,Bayou City Monthly December 10 at Oilfield Sports Complex,2023-12-10,6,Stage 6,93cdb11d-77e1-4522-8eb2-18ee30f2f038,Antonio Tormis,67,0.00,13,0.00,Open,C,,MAJOR,,0.0000,0.0000,,,,,,,,,,,
9097f2e7-f8a9-40be-aed0-501528181a08,Bayou City Monthly December 10 at Oilfield Sports Complex,2023-12-10,7,8x3 Trigger Freeze,8813b816-b79b-44f9-bdd8-44354c1fb34b,Jim Havens,1,100.00,1,100.00,Limited Optics,M,TY114636,MINOR,Senior,120.0000,120.0000,13.0277,8.29,19,,4,1,,,,,
9097f2e7-f8a9-40be-aed0-501528181a08,Bayou City Monthly December 10 at Oilfield Sports Complex,2023-12-10,7,8x3 Trigger Freeze,8813b816-b79b-44f9-bdd8-44354c1fb34b,Chris Snow,2,99.01,1,100.00,Open,M,TY107262,MINOR,,120.0000,118.8108,12.8986,6.90,16,,6,1,1,,,,
9097f2e7-f8a9-40be-aed0-501528181a08,Bayou City Monthly December 10 at Oilfield Sports Complex,2023-12-10,7,8x3 Trigger Freeze,8813b816-b79b-44f9-bdd8-44354c1fb34b,Chez Chike-udenze,3,95.82,2,95.82,Limited Optics,M,A138598,MINOR,,114.9891,114.9891,12.4837,7.69,13,,10,1,,,,,
9097f2e7-f8a9-40be-aed0-501528181a08,Bayou City Monthly December 10 at Oilfield Sports Complex,2023-12-10,7,8x3 Trigger Freeze,8813b816-b79b-44f9-bdd8-44354c1fb34b,August Balagtas,4,89.57,3,89.57,Limited Optics,U,L3674,MINOR,,107.4793,107.4793,11.6684,9.77,21,,3,,,,,,
9097f2e7-f8a9-40be-aed0-501528181a08,Bayou City Monthly December 10 at Oilfield Sports Complex,2023-12-10,7,8x3 Trigger Freeze,8813b816-b79b-44f9-bdd8-44354c1fb34b,Christian Canizales,5,89.04,1,100.00,Carry Optics,B,TY150265,MINOR,,120.0000,106.8493,11.6000,10.00,22,,2,,,,,,
9097f2e7-f8a9-40be-aed0-501528181a08,Bayou City Monthly December 10 at Oilfield Sports Complex,2023-12-10,7,8x3 Trigger Freeze,8813b816-b79b-44f9-bdd8-44354c1fb34b,Travis Mckenzie,6,89.01,4,89.01,Limited Optics,U,L6340,MINOR,,106.8124,106.8124,11.5960,8.02,18,,4,1,1,,,,
9097f2e7-f8a9-40be-aed0-501528181a08,Bayou City Monthly December 10 at Oilfield Sports Complex,2023-12-10,7,8x3 Trigger Freeze,8813b816-b79b-44f9-bdd8-44354c1fb34b,Jerry Bedro,7,88.93,2,89.82,Open,C,A98263,MAJOR,,107.7829,106.7148,11.5854,9.84,18,,6,,,,,,
9097f2e7-f8a9-40be-aed0-501528181a08,Bayou City Monthly December 10 at Oilfield Sports Complex,2023-12-10,7,8x3 Trigger Freeze,8813b816-b79b-44f9-bdd8-44354c1fb34b,Arnold Gee,8,85.62,3,86.48,Open,B,TY103519,MAJOR,Senior,103.7750,102.7466,11.1546,10.22,18,,6,,,,,,
9097f2e7-f8a9-40be-aed0-501528181a08,Bayou City Monthly December 10 at Oilfield Sports Complex,2023-12-10,7,8x3 Trigger Freeze,8813b816-b79b-44f9-bdd8-44354c1fb34b,Tyler Kenny,9,82.86,2,93.06,Carry Optics,C,A148691,MINOR,,111.6703,99.4324,10.7948,8.43,17,,5,1,1,,,,
9097f2e7-f8a9-40be-aed0-501528181a08,Bayou City Monthly December 10 at Oilfield Sports Complex,2023-12-10,7,8x3 Trigger Freeze,8813b816-b79b-44f9-bdd8-44354c1fb34b,Michael Kiesewetter,10,81.95,4,82.77,Open,B,TY118153,MAJOR,,99.3243,98.3400,10.6762,8.43,12,,9,2,1,,,,
9097f2e7-f8a9-40be-aed0-501528181a08,Bayou City Monthly December 10 at Oilfield Sports Complex,2023-12-10,7,8x3 Trigger Freeze,8813b816-b79b-44f9-bdd8-44354c1fb34b,Jesse Harrington,11,80.72,3,90.66,Carry Optics,B,A153046,MINOR,,108.7893,96.8671,10.5163,10.46,19,,5,,,,,,
9097f2e7-f8a9-40be-aed0-501528181a08,Bayou City Monthly December 10 at Oilfield Sports Complex,2023-12-10,7,8x3 Trigger Freeze,8813b816-b79b-44f9-bdd8-44354c1fb34b,Michael Pontious,12,77.81,5,77.81,Limited Optics,U,FY94575,MINOR,Senior,93.3761,93.3761,10.1373,9.47,12,,12,,,,,,
9097f2e7-f8a9-40be-aed0-501528181a08,Bayou City Monthly December 10 at Oilfield Sports Complex,2023-12-10,7,8x3 Trigger Freeze,8813b816-b79b-44f9-bdd8-44354c1fb34b,Gary Wu,13,77.10,6,77.10,Limited Optics,C,L2998,MINOR,Senior,92.5241,92.5241,10.0448,11.15,20,,4,,,,,,
9097f2e7-f8a9-40be-aed0-501528181a08,Bayou City Monthly December 10 at Oilfield Sports Complex,2023-12-10,7,8x3 Trigger Freeze,8813b816-b79b-44f9-bdd8-44354c1fb34b,Ray Fishel,14,75.71,1,100.00,PCC,B,A92443,MINOR,Senior,120.0000,90.8578,9.8639,11.76,22,,2,,,,,,
9097f2e7-f8a9-40be-aed0-501528181a08,Bayou City Monthly December 10 at Oilfield Sports Complex,2023-12-10,7,8x3 Trigger Freeze,8813b816-b79b-44f9-bdd8-44354c1fb34b,Anderson Nguyen,15,75.03,4,84.26,Carry Optics,A,A150974,MINOR,,101.1145,90.0334,9.7744,10.64,19,,2,3,,,,,
9097f2e7-f8a9-40be-aed0-501528181a08,Bayou City Monthly December 10 at Oilfield Sports Complex,2023-12-10,7,8x3 Trigger Freeze,8813b816-b79b-44f9-bdd8-44354c1fb34b,Taylor Mcdaniel,16,73.92,5,83.01,Carry Optics,U,,MINOR,,99.6166,88.6996,9.6296,10.80,18,,4,2,,,,,
9097f2e7-f8a9-40be-aed0-501528181a08,Bayou City Monthly December 10 at Oilfield Sports Complex,2023-12-10,7,8x3 Trigger Freeze,8813b816-b79b-44f9-bdd8-44354c1fb34b,Cliff Pinsent,17,72.58,5,73.31,Open,B,FY99321,MAJOR,Distinguished Senior,87.9733,87.1015,9.4561,11.95,19,,4,1,,,,,
9097f2e7-f8a9-40be-aed0-501528181a08,Bayou City Monthly December 10 at Oilfield Sports Complex,2023-12-10,7,8x3 Trigger Freeze,8813b816-b79b-44f9-bdd8-44354c1fb34b,Marlon Poralan,18,72.41,7,72.41,Limited Optics,U,TY76330,MINOR,Law Enforcement,86.8979,86.8979,9.4340,11.66,19,,5,,,,,,
9097f2e7-f8a9-40be-aed0-501528181a08,Bayou City Monthly December 10 at Oilfield Sports Complex,2023-12-10,7,8x3 Trigger Freeze,8813b816-b79b-44f9-bdd8-44354c1fb34b,Abe Valdez,19,72.32,6,73.05,Open,C,A148541,MINOR,,87.6579,86.7892,9.4222,11.25,18,,5,1,,,,,
9097f2e7-f8a9-40be-aed0-501528181a08,Bayou City Monthly December 10 at Oilfield Sports Complex,2023-12-10,7,8x3 Trigger Freeze,8813b816-b79b-44f9-bdd8-44354c1fb34b,Rene Zalamea,20,70.97,7,71.68,Open,C,A66891,MAJOR,Senior,86.0158,85.1635,9.2457,12.33,18,,6,,,,,,
9097f2e7-f8a9-40be-aed0-501528181a08,Bayou City Monthly December 10 at Oilfield Sports Complex,2023-12-10,7,8x3 Trigger Freeze,8813b816-b79b-44f9-bdd8-44354c1fb34b,Lou Lerma,21,68.11,6,76.49,Carry Optics,U,A155846,MINOR,,91.7907,81.7314,8.8731,11.27,15,,8,1,,,,,
9097f2e7-f8a9-40be-aed0-501528181a08,Bayou City Monthly December 10 at Oilfield Sports Complex,2023-12-10,7,8x3 Trigger Freeze,8813b816-b79b-44f9-bdd8-44354c1fb34b,James “jimo” O'flaherty,22,66.80,7,75.02,Carry Optics,B,FY100318,MINOR,Senior; Law Enforcement,90.0279,80.1618,8.7027,12.41,18,,6,,,,,,
9097f2e7-f8a9-40be-aed0-501528181a08,Bayou City Monthly December 10 at Oilfield Sports Complex,2023-12-10,7,8x3 Trigger Freeze,8813b816-b79b-44f9-bdd8-44354c1fb34b,Christopher Boatcallie,23,66.75,2,88.16,PCC,B,A104118,MINOR,,105.7882,80.0973,8.6957,11.96,21,,3,,,,1,,
9097f2e7-f8a9-40be-aed0-501528181a08,Bayou City Monthly December 10 at Oilfield Sports Complex,2023-12-10,7,8x3 Trigger Freeze,8813b816-b79b-44f9-bdd8-44354c1fb34b,David Zhang,24,66.75,8,74.96,Carry Optics,C,FY140383,MINOR,,89.9555,80.0973,8.6957,12.88,20,,4,,,,,,
9097f2e7-f8a9-40be-aed0-501528181a08,Bayou City Monthly December 10 at Oilfield Sports Complex,2023-12-10,7,8x3 Trigger Freeze,8813b816-b79b-44f9-bdd8-44354c1fb34b,Blaine Newlin,25,65.61,1,100.00,Limited,B,A103350,MINOR,,120.0000,78.7276,8.5470,12.87,19,,5,,,,,,
9097f2e7-f8a9-40be-aed0-501528181a08,Bayou City Monthly December 10 at Oilfield Sports Complex,2023-12-10,7,8x3 Trigger Freeze,8813b816-b79b-44f9-bdd8-44354c1fb34b,Nick Bolo,26,62.07,8,62.69,Open,B,A66852,MAJOR,,75.2314,74.4859,8.0865,12.49,19,,4,,1,,,,
9097f2e7-f8a9-40be-aed0-501528181a08,Bayou City Monthly December 10 at Oilfield Sports Complex,2023-12-10,7,8x3 Trigger Freeze,8813b816-b79b-44f9-bdd8-44354c1fb34b,Aaron Gillory,27,59.70,9,67.05,Carry Optics,B,TY144826,MINOR,Law Enforcement,80.4600,71.6424,7.7778,11.70,17,,5,1,1,,,,
9097f2e7-f8a9-40be-aed0-501528181a08,Bayou City Monthly December 10 at Oilfield Sports Complex,2023-12-10,7,8x3 Trigger Freeze,8813b816-b79b-44f9-bdd8-44354c1fb34b,Phyl Santos,28,59.00,8,59.00,Limited Optics,U,A155981,MINOR,,70.7959,70.7959,7.6859,11.97,11,,12,1,,,,,
9097f2e7-f8a9-40be-aed0-501528181a08,Bayou City Monthly December 10 at Oilfield Sports Complex,2023-12-10,7,8x3 Trigger Freeze,8813b816-b79b-44f9-bdd8-44354c1fb34b,James Jackson,29,56.90,3,75.15,PCC,C,A89219,MINOR,,90.1797,68.2794,7.4127,14.03,21,,3,,,,1,,
9097f2e7-f8a9-40be-aed0-501528181a08,Bayou City Monthly December 10 at Oilfield Sports Complex,2023-12-10,7,8x3 Trigger Freeze,8813b816-b79b-44f9-bdd8-44354c1fb34b,Pocholo Dimayuga,30,56.74,2,86.49,Limited,B,A106236,MAJOR,,103.7824,68.0878,7.3919,14.34,12,,11,1,,,,,
9097f2e7-f8a9-40be-aed0-501528181a08,Bayou City Monthly December 10 at Oilfield Sports Complex,2023-12-10,7,8x3 Trigger Freeze,8813b816-b79b-44f9-bdd8-44354c1fb34b,Jennifer Kleiber-boatcallie,31,55.70,4,73.57,PCC,C,A142192,MINOR,Lady,88.2795,66.8407,7.2565,15.71,21,,3,,,,,,
9097f2e7-f8a9-40be-aed0-501528181a08,Bayou City Monthly December 10 at Oilfield Sports Complex,2023-12-10,7,8x3 Trigger Freeze,8813b816-b79b-44f9-bdd8-44354c1fb34b,Desmond Jackson,32,53.81,10,60.43,Carry Optics,B,TY89242,MINOR,,72.5172,64.5701,7.0100,13.98,14,,9,1,,,,,
9097f2e7-f8a9-40be-aed0-501528181a08,Bayou City Monthly December 10 at Oilfield Sports Complex,2023-12-10,7,8x3 Trigger Freeze,8813b816-b79b-44f9-bdd8-44354c1fb34b,Jeremiah Hunt,33,53.60,9,53.60,Limited Optics,C,A148592,MINOR,,64.3232,64.3232,6.9832,10.74,10,,11,2,1,,,,
9097f2e7-f8a9-40be-aed0-501528181a08,Bayou City Monthly December 10 at Oilfield Sports Complex,2023-12-10,7,8x3 Trigger Freeze,8813b816-b79b-44f9-bdd8-44354c1fb34b,Waltz Noguerra,34,51.81,10,51.81,Limited Optics,U,A137731,MINOR,,62.1752,62.1752,6.7500,16.00,19,,4,1,,,,,
9097f2e7-f8a9-40be-aed0-501528181a08,Bayou City Monthly December 10 at Oilfield Sports Complex,2023-12-10,7,8x3 Trigger Freeze,8813b816-b79b-44f9-bdd8-44354c1fb34b,Rudy Widiaman,35,50.86,11,50.86,Limited Optics,U,A155535,MINOR,,61.0266,61.0266,6.6253,9.66,11,,9,2,2,,,,
9097f2e7-f8a9-40be-aed0-501528181a08,Bayou City Monthly December 10 at Oilfield Sports Complex,2023-12-10,7,8x3 Trigger Freeze,8813b816-b79b-44f9-bdd8-44354c1fb34b,Charles Bradbury,36,49.72,11,55.84,Carry Optics,C,,MINOR,,67.0066,59.6633,6.4773,17.60,21,,3,,,,,,
9097f2e7-f8a9-40be-aed0-501528181a08,Bayou City Monthly December 10 at Oilfield Sports Complex,2023-12-10,7,8x3 Trigger Freeze,8813b816-b79b-44f9-bdd8-44354c1fb34b,Virak Meas,37,49.35,12,49.35,Limited Optics,U,A155576,MINOR,Senior,59.2184,59.2184,6.4290,17.11,20,,3,1,,,,,
9097f2e7-f8a9-40be-aed0-501528181a08,Bayou City Monthly December 10 at Oilfield Sports Complex,2023-12-10,7,8x3 Trigger Freeze,8813b816-b79b-44f9-bdd8-44354c1fb34b,Isaac Robledo,38,46.74,12,52.49,Carry Optics,U,,MINOR,,62.9855,56.0830,6.0886,10.84,5,,16,3,,,1,,
9097f2e7-f8a9-40be-aed0-501528181a08,Bayou City Monthly December 10 at Oilfield Sports Complex,2023-12-10,7,8x3 Trigger Freeze,8813b816-b79b-44f9-bdd8-44354c1fb34b,Tj Balingit,39,46.64,13,52.38,Carry Optics,U,A151010,MINOR,,62.8572,55.9687,6.0762,19.42,23,,1,,,,,,
9097f2e7-f8a9-40be-aed0-501528181a08,Bayou City Monthly December 10 at Oilfield Sports Complex,2023-12-10,7,8x3 Trigger Freeze,8813b816-b79b-44f9-bdd8-44354c1fb34b,Lauren Gillory,40,46.01,14,51.67,Carry Optics,U,,MINOR,,62.0038,55.2088,5.9937,19.02,21,,3,,,,,,
9097f2e7-f8a9-40be-aed0-501528181a08,Bayou City Monthly December 10 at Oilfield Sports Complex,2023-12-10,7,8x3 Trigger Freeze,8813b816-b79b-44f9-bdd8-44354c1fb34b,Alexander Nguyen,41,45.67,15,51.29,Carry Optics,U,A151003,MINOR,,61.5486,54.8035,5.9497,17.48,21,,3,,,,1,,
9097f2e7-f8a9-40be-aed0-501528181a08,Bayou City Monthly December 10 at Oilfield Sports Complex,2023-12-10,7,8x3 Trigger Freeze,8813b816-b79b-44f9-bdd8-44354c1fb34b,John Ren,42,45.33,3,69.10,Limited,C,A152674,MINOR,,82.9161,54.3982,5.9057,17.61,16,,8,,,,,,
9097f2e7-f8a9-40be-aed0-501528181a08,Bayou City Monthly December 10 at Oilfield Sports Complex,2023-12-10,7,8x3 Trigger Freeze,8813b816-b79b-44f9-bdd8-44354c1fb34b,Rudy Miranda,43,40.29,13,40.29,Limited Optics,U,,MINOR,Law Enforcement; Military,48.3502,48.3502,5.2491,18.67,14,,9,1,,,,,
9097f2e7-f8a9-40be-aed0-501528181a08,Bayou City Monthly December 10 at Oilfield Sports Complex,2023-12-10,7,8x3 Trigger Freeze,8813b816-b79b-44f9-bdd8-44354c1fb34b,Albert Legislador,44,39.51,16,44.37,Carry Optics,U,TY91787,MINOR,,53.2417,47.4070,5.1467,22.15,21,,3,,,,,,
9097f2e7-f8a9-40be-aed0-501528181a08,Bayou City Monthly December 10 at Oilfield Sports Complex,2023-12-10,7,8x3 Trigger Freeze,8813b816-b79b-44f9-bdd8-44354c1fb34b,Emman Alcoseba,45,38.45,4,58.60,Limited,C,TY67519,MINOR,Senior,70.3208,46.1349,5.0086,17.37,15,,7,1,1,,,,
9097f2e7-f8a9-40be-aed0-501528181a08,Bayou City Monthly December 10 at Oilfield Sports Complex,2023-12-10,7,8x3 Trigger Freeze,8813b816-b79b-44f9-bdd8-44354c1fb34b,Brandon Hunt,46,38.30,14,38.30,Limited Optics,U,FY150701,MINOR,,45.9544,45.9544,4.9890,13.63,17,,4,1,2,,,1,
9097f2e7-f8a9-40be-aed0-501528181a08,Bayou City Monthly December 10 at Oilfield Sports Complex,2023-12-10,7,8x3 Trigger Freeze,8813b816-b79b-44f9-bdd8-44354c1fb34b,Samuel Torres,47,36.86,1,100.00,Production,U,A152788,MINOR,,120.0000,44.2310,4.8019,24.99,24,,,,,,,,
9097f2e7-f8a9-40be-aed0-501528181a08,Bayou City Monthly December 10 at Oilfield Sports Complex,2023-12-10,7,8x3 Trigger Freeze,8813b816-b79b-44f9-bdd8-44354c1fb34b,Demitre Johnson,48,35.10,2,95.22,Production,U,,MINOR,Law Enforcement,114.2673,42.1179,4.5725,21.87,14,,10,,,,,,
9097f2e7-f8a9-40be-aed0-501528181a08,Bayou City Monthly December 10 at Oilfield Sports Complex,2023-12-10,7,8x3 Trigger Freeze,8813b816-b79b-44f9-bdd8-44354c1fb34b,Ronald Gillory,49,32.61,5,43.07,PCC,B,TY83291,MINOR,,51.6806,39.1299,4.2481,23.54,24,,,,,,2,,
9097f2e7-f8a9-40be-aed0-501528181a08,Bayou City Monthly December 10 at Oilfield Sports Complex,2023-12-10,7,8x3 Trigger Freeze,8813b816-b79b-44f9-bdd8-44354c1fb34b,Luis Llanes,50,26.36,17,29.61,Carry Optics,U,A151023,MINOR,,35.5272,31.6338,3.4343,24.75,18,,5,,1,,1,,
9097f2e7-f8a9-40be-aed0-501528181a08,Bayou City Monthly December 10 at Oilfield Sports Complex,2023-12-10,7,8x3 Trigger Freeze,8813b816-b79b-44f9-bdd8-44354c1fb34b,Devan Roman,51,1.85,6,2.44,PCC,U,,MINOR,,2.9319,2.2199,0.2410,37.34,18,,3,,3,,5,1,
9097f2e7-f8a9-40be-aed0-501528181a08,Bayou City Monthly December 10 at Oilfield Sports Complex,2023-12-10,7,8x3 Trigger Freeze,8813b816-b79b-44f9-bdd8-44354c1fb34b,Said Aboumerhi,52,0.00,1,0.00,Single Stack,B,L2974,MINOR,Senior,0.0000,0.0000,,,,,,,,,,,
9097f2e7-f8a9-40be-aed0-501528181a08,Bayou City Monthly December 10 at Oilfield Sports Complex,2023-12-10,7,8x3 Trigger Freeze,8813b816-b79b-44f9-bdd8-44354c1fb34b,Jon Baguio,53,0.00,9,0.00,Open,C,X,MAJOR,,0.0000,0.0000,,,,,,,,,,,
9097f2e7-f8a9-40be-aed0-501528181a08,Bayou City Monthly December 10 at Oilfield Sports Complex,2023-12-10,7,8x3 Trigger Freeze,8813b816-b79b-44f9-bdd8-44354c1fb34b,Randy Callison,54,0.00,7,0.00,PCC,A,A14418,MINOR,Senior,0.0000,0.0000,,,,,,,,,,,
9097f2e7-f8a9-40be-aed0-501528181a08,Bayou City Monthly December 10 at Oilfield Sports Complex,2023-12-10,7,8x3 Trigger Freeze,8813b816-b79b-44f9-bdd8-44354c1fb34b,Edsel Esquivel,55,0.00,15,0.00,Limited Optics,C,*,MINOR,,0.0000,0.0000,,,,,,,,,,,
9097f2e7-f8a9-40be-aed0-501528181a08,Bayou City Monthly December 10 at Oilfield Sports Complex,2023-12-10,7,8x3 Trigger Freeze,8813b816-b79b-44f9-bdd8-44354c1fb34b,Samuel Gamez,56,0.00,18,0.00,Carry Optics,U,,MINOR,Law Enforcement,0.0000,0.0000,,,,,,,,,,,
9097f2e7-f8a9-40be-aed0-501528181a08,Bayou City Monthly December 10 at Oilfield Sports Complex,2023-12-10,7,8x3 Trigger Freeze,8813b816-b79b-44f9-bdd8-44354c1fb34b,David Hruzek,57,0.00,19,0.00,Carry Optics,C,A100909,MINOR,Senior,0.0000,0.0000,,,,,,,,,,,
9097f2e7-f8a9-40be-aed0-501528181a08,Bayou City Monthly December 10 at Oilfield Sports Complex,2023-12-10,7,8x3 Trigger Freeze,8813b816-b79b-44f9-bdd8-44354c1fb34b,Bobby Ivester,58,0.00,10,0.00,Open,M,A101336,MAJOR,,0.0000,0.0000,,,,,,,,,,,
9097f2e7-f8a9-40be-aed0-501528181a08,Bayou City Monthly December 10 at Oilfield Sports Complex,2023-12-10,7,8x3 Trigger Freeze,8813b816-b79b-44f9-bdd8-44354c1fb34b,Aj Jackson,59,0.00,8,0.00,PCC,A,TY81745,MINOR,,0.0000,0.0000,,,,,,,,,,,
9097f2e7-f8a9-40be-aed0-501528181a08,Bayou City Monthly December 10 at Oilfield Sports Complex,2023-12-10,7,8x3 Trigger Freeze,8813b816-b79b-44f9-bdd8-44354c1fb34b,Chev Jacot,60,0.00,16,0.00,Limited Optics,U,TY72378,MINOR,,0.0000,0.0000,,,,,,,,,,,
9097f2e7-f8a9-40be-aed0-501528181a08,Bayou City Monthly December 10 at Oilfield Sports Complex,2023-12-10,7,8x3 Trigger Freeze,8813b816-b79b-44f9-bdd8-44354c1fb34b,Pete Kirchner,61,0.00,20,0.00,Carry Optics,A,TY105743,MINOR,,0.0000,0.0000,,,,,,,,,,,
9097f2e7-f8a9-40be-aed0-501528181a08,Bayou City Monthly December 10 at Oilfield Sports Complex,2023-12-10,7,8x3 Trigger Freeze,8813b816-b79b-44f9-bdd8-44354c1fb34b,Luis Llanes,62,0.00,11,0.00,Open,,,MAJOR,,0.0000,0.0000,,,,,,,,,,,
9097f2e7-f8a9-40be-aed0-501528181a08,Bayou City Monthly December 10 at Oilfield Sports Complex,2023-12-10,7,8x3 Trigger Freeze,8813b816-b79b-44f9-bdd8-44354c1fb34b,"Jeff Maxwell, jr.",63,0.00,17,0.00,Limited Optics,C,L4489,MINOR,Senior,0.0000,0.0000,,,,,,,,,,,
9097f2e7-f8a9-40be-aed0-501528181a08,Bayou City Monthly December 10 at Oilfield Sports Complex,2023-12-10,7,8x3 Trigger Freeze,8813b816-b79b-44f9-bdd8-44354c1fb34b,Jason Navarro,64,0.00,21,0.00,Carry Optics,U,0,MINOR,Law Enforcement,0.0000,0.0000,,,,,,,,,,,
9097f2e7-f8a9-40be-aed0-501528181a08,Bayou City Monthly December 10 at Oilfield Sports Complex,2023-12-10,7,8x3 Trigger Freeze,8813b816-b79b-44f9-bdd8-44354c1fb34b,Robin Padilla,65,0.00,22,0.00,Carry Optics,U,0,MINOR,,0.0000,0.0000,,,,,,,,,,,
9097f2e7-f8a9-40be-aed0-501528181a08,Bayou City Monthly December 10 at Oilfield Sports Complex,2023-12-10,7,8x3 Trigger Freeze,8813b816-b79b-44f9-bdd8-44354c1fb34b,Taylor Snodgrass,66,0.00,12,0.00,Open,U,,MINOR,,0.0000,0.0000,,,,,,,,,,,
9097f2e7-f8a9-40be-aed0-501528181a08,Bayou City Monthly December 10 at Oilfield Sports Complex,2023-12-10,7,8x3 Trigger Freeze,8813b816-b79b-44f9-bdd8-44354c1fb34b,Antonio Tormis,67,0.00,13,0.00,Open,C,,MAJOR,,0.0000,0.0000,,,,,,,,,,,
