match_id,match_name,match_date,stage_number,stage_name,stage_uuid,shooter_name,shooter_rank_combined,shooter_percent_combined,shooter_rank_division,shooter_percent_division,division,class,member_number,power_factor,categories,stage_points,stage_points_combined,hit_factor,time,A,B,C,D,M,NPM,NS,Proc,Apen,detail_Times
938bb97e-cdb4-4647-b3b1-5311920f0952,GPS USPSA May 2023,2023-05-28,1,Bay 4,1826766d-082a-4dc0-b593-70428a1901c5,Corey Slifko,1,100.00,1,100.00,Open,A,82935,MAJOR,,110.0000,110.0000,7.6364,13.75,17,,5,,,,,,,
938bb97e-cdb4-4647-b3b1-5311920f0952,GPS USPSA May 2023,2023-05-28,1,Bay 4,1826766d-082a-4dc0-b593-70428a1901c5,Sheng Onia,2,94.77,1,100.00,Limited Optics,U,0,MINOR,,110.0000,104.2511,7.2373,14.37,19,,3,,,,,,,
938bb97e-cdb4-4647-b3b1-5311920f0952,GPS USPSA May 2023,2023-05-28,1,Bay 4,1826766d-082a-4dc0-b593-70428a1901c5,Wade Pruetz,3,93.41,2,93.41,Open,A,TY79055,MAJOR,Senior,102.7516,102.7516,7.1332,14.72,17,,5,,,,,,,
938bb97e-cdb4-4647-b3b1-5311920f0952,GPS USPSA May 2023,2023-05-28,1,Bay 4,1826766d-082a-4dc0-b593-70428a1901c5,Matthew Gonzalez,4,89.72,1,100.00,Carry Optics,B,A119810,MINOR,,110.0000,98.6880,6.8511,15.18,19,,3,,,,,,,
938bb97e-cdb4-4647-b3b1-5311920f0952,GPS USPSA May 2023,2023-05-28,1,Bay 4,1826766d-082a-4dc0-b593-70428a1901c5,Matthew Givens,5,89.32,1,100.00,PCC,C,ty137686,MINOR,,110.0000,98.2559,6.8211,15.54,20,,2,,,,,,,
938bb97e-cdb4-4647-b3b1-5311920f0952,GPS USPSA May 2023,2023-05-28,1,Bay 4,1826766d-082a-4dc0-b593-70428a1901c5,Arnold Gee,6,83.92,3,83.92,Open,B,TY103519,MAJOR,Senior,92.3154,92.3154,6.4087,16.54,18,,4,,,,,,,
938bb97e-cdb4-4647-b3b1-5311920f0952,GPS USPSA May 2023,2023-05-28,1,Bay 4,1826766d-082a-4dc0-b593-70428a1901c5,Brandon Foss,7,83.88,2,93.50,Carry Optics,M,L5142,MINOR,,102.8487,92.2721,6.4057,16.86,21,,1,,,,,,,
938bb97e-cdb4-4647-b3b1-5311920f0952,GPS USPSA May 2023,2023-05-28,1,Bay 4,1826766d-082a-4dc0-b593-70428a1901c5,Gil Yolo,8,81.95,4,81.95,Open,M,L5228,MAJOR,,90.1460,90.1460,6.2581,15.50,19,,3,,,,1,,,
938bb97e-cdb4-4647-b3b1-5311920f0952,GPS USPSA May 2023,2023-05-28,1,Bay 4,1826766d-082a-4dc0-b593-70428a1901c5,Mike Junco,9,81.64,3,91.00,Carry Optics,M,TY34819,MINOR,Senior; Law Enforcement,100.1032,89.8089,6.2347,16.36,19,,2,1,,,,,,
938bb97e-cdb4-4647-b3b1-5311920f0952,GPS USPSA May 2023,2023-05-28,1,Bay 4,1826766d-082a-4dc0-b593-70428a1901c5,Skippy Fullerton,10,80.83,2,85.29,Limited Optics,U,A140572,MINOR,,93.8206,88.9173,6.1728,17.82,22,,,,,,,,,
938bb97e-cdb4-4647-b3b1-5311920f0952,GPS USPSA May 2023,2023-05-28,1,Bay 4,1826766d-082a-4dc0-b593-70428a1901c5,Tyler Kenny,11,80.78,4,90.04,Carry Optics,C,A148691,MINOR,,99.0387,88.8539,6.1684,16.86,20,,1,1,,,,,,
938bb97e-cdb4-4647-b3b1-5311920f0952,GPS USPSA May 2023,2023-05-28,1,Bay 4,1826766d-082a-4dc0-b593-70428a1901c5,Joseph White,12,80.78,5,90.04,Carry Optics,B,A135489,MINOR,Law Enforcement,99.0387,88.8539,6.1684,16.86,19,,3,,,,,,,
938bb97e-cdb4-4647-b3b1-5311920f0952,GPS USPSA May 2023,2023-05-28,1,Bay 4,1826766d-082a-4dc0-b593-70428a1901c5,Jason Wells,13,80.38,6,89.60,Carry Optics,A,L5218,MINOR,,98.5570,88.4218,6.1384,17.92,22,,,,,,,,,
938bb97e-cdb4-4647-b3b1-5311920f0952,GPS USPSA May 2023,2023-05-28,1,Bay 4,1826766d-082a-4dc0-b593-70428a1901c5,CHAN WILLIAM,14,77.84,3,82.13,Limited Optics,U,TY97870,MINOR,,90.3446,85.6229,5.9441,14.30,16,,5,,1,,,,,
938bb97e-cdb4-4647-b3b1-5311920f0952,GPS USPSA May 2023,2023-05-28,1,Bay 4,1826766d-082a-4dc0-b593-70428a1901c5,Devin Yolo,15,77.17,7,86.01,Carry Optics,B,A112987,MINOR,,94.6137,84.8840,5.8928,16.97,19,,1,2,,,,,,
938bb97e-cdb4-4647-b3b1-5311920f0952,GPS USPSA May 2023,2023-05-28,1,Bay 4,1826766d-082a-4dc0-b593-70428a1901c5,Phil Truong,16,76.44,5,76.44,Open,B,FY128600,MINOR,,84.0816,84.0816,5.8371,15.59,19,,2,,1,,,,,
938bb97e-cdb4-4647-b3b1-5311920f0952,GPS USPSA May 2023,2023-05-28,1,Bay 4,1826766d-082a-4dc0-b593-70428a1901c5,JC Aguinaldo,17,75.93,4,80.12,Limited Optics,U,A147256,MINOR,,88.1347,83.5285,5.7987,18.28,20,,2,,,,,,,
938bb97e-cdb4-4647-b3b1-5311920f0952,GPS USPSA May 2023,2023-05-28,1,Bay 4,1826766d-082a-4dc0-b593-70428a1901c5,Joaquin Corrales,18,75.64,5,79.81,Limited Optics,U,A143001,MINOR,,87.7957,83.2073,5.7764,16.10,20,,1,,1,,,,,
938bb97e-cdb4-4647-b3b1-5311920f0952,GPS USPSA May 2023,2023-05-28,1,Bay 4,1826766d-082a-4dc0-b593-70428a1901c5,Jonathan Backof,19,74.67,8,83.23,Carry Optics,C,L5308,MINOR,,91.5567,82.1413,5.7024,19.29,22,,,,,,,,,
938bb97e-cdb4-4647-b3b1-5311920f0952,GPS USPSA May 2023,2023-05-28,1,Bay 4,1826766d-082a-4dc0-b593-70428a1901c5,Abrahan Figueroa,20,74.65,6,74.65,Open,C,TY54053,MAJOR,Senior,82.1154,82.1154,5.7006,18.77,19,,3,,,,,,,
938bb97e-cdb4-4647-b3b1-5311920f0952,GPS USPSA May 2023,2023-05-28,1,Bay 4,1826766d-082a-4dc0-b593-70428a1901c5,Antonio Tormis,21,74.44,7,74.44,Open,U,A124958,MAJOR,,81.8792,81.8792,5.6842,19.00,20,,2,,,,,,,
938bb97e-cdb4-4647-b3b1-5311920f0952,GPS USPSA May 2023,2023-05-28,1,Bay 4,1826766d-082a-4dc0-b593-70428a1901c5,Michael Pontious,22,73.44,9,81.86,Carry Optics,B,Fy94575,MINOR,Senior,90.0490,80.7887,5.6085,18.90,20,,2,,,,,,,
938bb97e-cdb4-4647-b3b1-5311920f0952,GPS USPSA May 2023,2023-05-28,1,Bay 4,1826766d-082a-4dc0-b593-70428a1901c5,Garrick Gonzalez,23,72.99,10,81.36,Carry Optics,B,A119804,MINOR,,89.4919,80.2889,5.5738,18.30,18,,4,,,,,,,
938bb97e-cdb4-4647-b3b1-5311920f0952,GPS USPSA May 2023,2023-05-28,1,Bay 4,1826766d-082a-4dc0-b593-70428a1901c5,Gilbert Goodman,24,72.87,11,81.22,Carry Optics,X,A145861,MINOR,,89.3394,80.1520,5.5643,19.05,20,,2,,,,,,,
938bb97e-cdb4-4647-b3b1-5311920f0952,GPS USPSA May 2023,2023-05-28,1,Bay 4,1826766d-082a-4dc0-b593-70428a1901c5,Matt Lem,25,72.53,12,80.85,Carry Optics,M,FY34763,MINOR,Senior,88.9332,79.7876,5.5390,16.79,20,,1,,1,,,,,
938bb97e-cdb4-4647-b3b1-5311920f0952,GPS USPSA May 2023,2023-05-28,1,Bay 4,1826766d-082a-4dc0-b593-70428a1901c5,Devin Griffith,26,71.63,13,79.84,Carry Optics,B,A116098,MINOR,,87.8189,78.7879,5.4696,19.38,20,,2,,,,,,,
938bb97e-cdb4-4647-b3b1-5311920f0952,GPS USPSA May 2023,2023-05-28,1,Bay 4,1826766d-082a-4dc0-b593-70428a1901c5,Doug Joder,27,71.59,2,80.15,PCC,B,TY115020,MINOR,,88.1664,78.7533,5.4672,20.12,22,,,,,,,,,
938bb97e-cdb4-4647-b3b1-5311920f0952,GPS USPSA May 2023,2023-05-28,1,Bay 4,1826766d-082a-4dc0-b593-70428a1901c5,Pete Kirchner,28,71.27,14,79.44,Carry Optics,A,TY105743,MINOR,,87.3790,78.3932,5.4422,19.11,19,,3,,,,,,,
938bb97e-cdb4-4647-b3b1-5311920f0952,GPS USPSA May 2023,2023-05-28,1,Bay 4,1826766d-082a-4dc0-b593-70428a1901c5,Jerry Bedro,29,71.11,8,71.11,Open,X,A1,MAJOR,,78.2218,78.2218,5.4303,19.52,20,,1,1,,,,,,
938bb97e-cdb4-4647-b3b1-5311920f0952,GPS USPSA May 2023,2023-05-28,1,Bay 4,1826766d-082a-4dc0-b593-70428a1901c5,Jorge Cahas,30,70.83,9,70.83,Open,B,F-44522,MAJOR,Senior,77.9092,77.9092,5.4086,17.01,18,,3,,1,,,,,
938bb97e-cdb4-4647-b3b1-5311920f0952,GPS USPSA May 2023,2023-05-28,1,Bay 4,1826766d-082a-4dc0-b593-70428a1901c5,Jon Kirk,31,70.78,15,78.90,Carry Optics,U,A151462,MINOR,Law Enforcement,86.7881,77.8631,5.4054,20.35,22,,,,,,,,,
938bb97e-cdb4-4647-b3b1-5311920f0952,GPS USPSA May 2023,2023-05-28,1,Bay 4,1826766d-082a-4dc0-b593-70428a1901c5,Manny Nerona,32,70.64,6,74.54,Limited Optics,U,A69445,MINOR,,81.9927,77.7076,5.3946,20.02,21,,1,,,,,,,
938bb97e-cdb4-4647-b3b1-5311920f0952,GPS USPSA May 2023,2023-05-28,1,Bay 4,1826766d-082a-4dc0-b593-70428a1901c5,Cristian Garcia,33,68.68,7,72.47,Limited Optics,U,FY145753,MINOR,,79.7129,75.5469,5.2446,19.83,19,,3,,,,,,,
938bb97e-cdb4-4647-b3b1-5311920f0952,GPS USPSA May 2023,2023-05-28,1,Bay 4,1826766d-082a-4dc0-b593-70428a1901c5,Adam Bandiera,34,68.63,16,76.49,Carry Optics,U,A148375,MINOR,,84.1421,75.4892,5.2406,20.99,22,,,,,,,,,
938bb97e-cdb4-4647-b3b1-5311920f0952,GPS USPSA May 2023,2023-05-28,1,Bay 4,1826766d-082a-4dc0-b593-70428a1901c5,Carlos Escandon,35,67.90,1,100.00,Limited,B,L2590,MAJOR,Super Senior,110.0000,74.6912,5.1852,20.25,19,,2,1,,,,,,
938bb97e-cdb4-4647-b3b1-5311920f0952,GPS USPSA May 2023,2023-05-28,1,Bay 4,1826766d-082a-4dc0-b593-70428a1901c5,Patrick Houstoun,36,67.15,17,74.85,Carry Optics,U,A148442,MINOR,Junior,82.3374,73.8701,5.1282,20.28,19,,3,,,,,,,
938bb97e-cdb4-4647-b3b1-5311920f0952,GPS USPSA May 2023,2023-05-28,1,Bay 4,1826766d-082a-4dc0-b593-70428a1901c5,Drew Yang,37,65.41,1,100.00,Production,B,FY138478,MINOR,,110.0000,71.9529,4.9951,20.42,18,,4,,,,,,,
938bb97e-cdb4-4647-b3b1-5311920f0952,GPS USPSA May 2023,2023-05-28,1,Bay 4,1826766d-082a-4dc0-b593-70428a1901c5,Gary Wu,38,63.91,10,63.91,Open,B,L2998,MAJOR,Senior,70.3035,70.3035,4.8806,19.26,16,,6,,,,1,,,
938bb97e-cdb4-4647-b3b1-5311920f0952,GPS USPSA May 2023,2023-05-28,1,Bay 4,1826766d-082a-4dc0-b593-70428a1901c5,Brandon Truong,39,63.86,18,71.18,Carry Optics,B,TY111128,MINOR,,78.3010,70.2488,4.8768,19.07,20,,1,,1,,,,,
938bb97e-cdb4-4647-b3b1-5311920f0952,GPS USPSA May 2023,2023-05-28,1,Bay 4,1826766d-082a-4dc0-b593-70428a1901c5,Tommy Teas,40,63.57,2,93.63,Limited,B,FY2227,MINOR,Senior,102.9908,69.9319,4.8548,21.01,18,,4,,,,,,,
938bb97e-cdb4-4647-b3b1-5311920f0952,GPS USPSA May 2023,2023-05-28,1,Bay 4,1826766d-082a-4dc0-b593-70428a1901c5,Ryan Jaw,41,61.70,8,65.11,Limited Optics,U,A142907,MINOR,,71.6179,67.8749,4.7120,22.92,21,,1,,,,,,,
938bb97e-cdb4-4647-b3b1-5311920f0952,GPS USPSA May 2023,2023-05-28,1,Bay 4,1826766d-082a-4dc0-b593-70428a1901c5,Jun Wu,42,61.20,19,68.21,Carry Optics,B,Ty104927,MINOR,,75.0336,67.3175,4.6733,23.11,21,,1,,,,,,,
938bb97e-cdb4-4647-b3b1-5311920f0952,GPS USPSA May 2023,2023-05-28,1,Bay 4,1826766d-082a-4dc0-b593-70428a1901c5,George Zhou,43,60.57,20,67.51,Carry Optics,C,A146179,MINOR,Senior,74.2630,66.6260,4.6253,21.62,18,,3,1,,,,,,
938bb97e-cdb4-4647-b3b1-5311920f0952,GPS USPSA May 2023,2023-05-28,1,Bay 4,1826766d-082a-4dc0-b593-70428a1901c5,NeaL NaNDiN,44,59.99,21,66.87,Carry Optics,C,FY71894,MINOR,,73.5581,65.9937,4.5814,18.99,17,,4,,1,,,,,
938bb97e-cdb4-4647-b3b1-5311920f0952,GPS USPSA May 2023,2023-05-28,1,Bay 4,1826766d-082a-4dc0-b593-70428a1901c5,Anthony Boatcallie,45,59.92,22,66.79,Carry Optics,C,A143613,MINOR,,73.4682,65.9130,4.5758,19.45,18,,3,,1,,,,,
938bb97e-cdb4-4647-b3b1-5311920f0952,GPS USPSA May 2023,2023-05-28,1,Bay 4,1826766d-082a-4dc0-b593-70428a1901c5,Christopher Boatcallie,46,59.68,3,66.81,PCC,C,A104118,MINOR,,73.4898,65.6436,4.5571,19.53,18,,3,,1,,,,,
938bb97e-cdb4-4647-b3b1-5311920f0952,GPS USPSA May 2023,2023-05-28,1,Bay 4,1826766d-082a-4dc0-b593-70428a1901c5,William Strannix,47,59.13,2,90.40,Production,A,TY123776,MINOR,,99.4384,65.0444,4.5155,19.71,18,,3,,1,,,,,
938bb97e-cdb4-4647-b3b1-5311920f0952,GPS USPSA May 2023,2023-05-28,1,Bay 4,1826766d-082a-4dc0-b593-70428a1901c5,hayden boatcallie,48,58.95,4,66.00,PCC,C,a143344,MINOR,,72.5947,64.8442,4.5016,21.77,21,,1,,,,1,,,
938bb97e-cdb4-4647-b3b1-5311920f0952,GPS USPSA May 2023,2023-05-28,1,Bay 4,1826766d-082a-4dc0-b593-70428a1901c5,Heath Helgeson,49,58.47,23,65.17,Carry Optics,U,A149129,MINOR,,71.6844,64.3126,4.4647,24.19,21,,1,,,,,,,
938bb97e-cdb4-4647-b3b1-5311920f0952,GPS USPSA May 2023,2023-05-28,1,Bay 4,1826766d-082a-4dc0-b593-70428a1901c5,Jennifer Kleiber-Boatcallie,50,58.32,5,65.29,PCC,C,A142192,MINOR,Lady,71.8207,64.1527,4.4536,24.25,21,,1,,,,,,,
938bb97e-cdb4-4647-b3b1-5311920f0952,GPS USPSA May 2023,2023-05-28,1,Bay 4,1826766d-082a-4dc0-b593-70428a1901c5,Danny Zlotnik,51,58.18,24,64.84,Carry Optics,C,L4786,MINOR,,71.3280,63.9929,4.4425,23.41,19,,3,,,,,,,
938bb97e-cdb4-4647-b3b1-5311920f0952,GPS USPSA May 2023,2023-05-28,1,Bay 4,1826766d-082a-4dc0-b593-70428a1901c5,jason Yin,52,57.63,25,64.24,Carry Optics,U,A148906,MINOR,,70.6616,63.3951,4.4010,24.54,21,,1,,,,,,,
938bb97e-cdb4-4647-b3b1-5311920f0952,GPS USPSA May 2023,2023-05-28,1,Bay 4,1826766d-082a-4dc0-b593-70428a1901c5,Anthony Smallwood,53,57.03,9,60.17,Limited Optics,U,TY94508,MINOR,Senior,66.1918,62.7324,4.3550,24.34,20,,2,,,,,,,
938bb97e-cdb4-4647-b3b1-5311920f0952,GPS USPSA May 2023,2023-05-28,1,Bay 4,1826766d-082a-4dc0-b593-70428a1901c5,John Hanna,54,56.73,26,63.23,Carry Optics,C,a138989,MINOR,Senior,69.5554,62.4026,4.3321,24.93,21,,1,,,,,,,
938bb97e-cdb4-4647-b3b1-5311920f0952,GPS USPSA May 2023,2023-05-28,1,Bay 4,1826766d-082a-4dc0-b593-70428a1901c5,Jonathan Gutierrez,55,56.15,11,56.15,Open,C,A108668,MINOR,,61.7673,61.7673,4.2880,18.89,16,,3,2,1,,,,,
938bb97e-cdb4-4647-b3b1-5311920f0952,GPS USPSA May 2023,2023-05-28,1,Bay 4,1826766d-082a-4dc0-b593-70428a1901c5,Anthony Fong,56,55.53,27,61.89,Carry Optics,B,A142224,MINOR,,68.0815,61.0802,4.2403,16.98,16,,4,,2,,,,,
938bb97e-cdb4-4647-b3b1-5311920f0952,GPS USPSA May 2023,2023-05-28,1,Bay 4,1826766d-082a-4dc0-b593-70428a1901c5,Kacie Tapanila,57,54.90,28,61.19,Carry Optics,U,A135389,MINOR,Lady,67.3076,60.3859,4.1921,22.90,16,,5,1,,,,,,
938bb97e-cdb4-4647-b3b1-5311920f0952,GPS USPSA May 2023,2023-05-28,1,Bay 4,1826766d-082a-4dc0-b593-70428a1901c5,Rene Zalamea,58,53.58,12,53.58,Open,C,A66891,MAJOR,Senior,58.9397,58.9397,4.0917,18.33,17,,2,1,2,,,,,
938bb97e-cdb4-4647-b3b1-5311920f0952,GPS USPSA May 2023,2023-05-28,1,Bay 4,1826766d-082a-4dc0-b593-70428a1901c5,Kevin Pausicles,59,53.08,29,59.17,Carry Optics,U,A146221,MINOR,Foreign,65.0822,58.3894,4.0535,26.15,20,,2,,,,,,,
938bb97e-cdb4-4647-b3b1-5311920f0952,GPS USPSA May 2023,2023-05-28,1,Bay 4,1826766d-082a-4dc0-b593-70428a1901c5,Sean Frederick,60,52.34,30,58.34,Carry Optics,U,A149482,MINOR,,64.1751,57.5756,3.9970,27.02,21,,1,,,,,,,
938bb97e-cdb4-4647-b3b1-5311920f0952,GPS USPSA May 2023,2023-05-28,1,Bay 4,1826766d-082a-4dc0-b593-70428a1901c5,Gennady Khokhorin,61,52.01,3,79.51,Production,C,A123884,MINOR,Super Senior,87.4565,57.2068,3.9714,22.41,19,,1,1,1,,,,,
938bb97e-cdb4-4647-b3b1-5311920f0952,GPS USPSA May 2023,2023-05-28,1,Bay 4,1826766d-082a-4dc0-b593-70428a1901c5,Qingbang Cai,62,51.06,31,56.92,Carry Optics,B,A148273,MINOR,,62.6097,56.1711,3.8995,15.13,17,,1,1,3,,,,,
938bb97e-cdb4-4647-b3b1-5311920f0952,GPS USPSA May 2023,2023-05-28,1,Bay 4,1826766d-082a-4dc0-b593-70428a1901c5,Eric Horn,63,48.10,3,70.84,Limited,U,A149467,MINOR,,77.9262,52.9128,3.6733,23.14,17,,3,1,1,,,,,
938bb97e-cdb4-4647-b3b1-5311920f0952,GPS USPSA May 2023,2023-05-28,1,Bay 4,1826766d-082a-4dc0-b593-70428a1901c5,Abe Valdez,64,46.79,13,46.79,Open,C,A148541,MINOR,,51.4737,51.4737,3.5734,17.91,17,,3,,2,,,1,,
938bb97e-cdb4-4647-b3b1-5311920f0952,GPS USPSA May 2023,2023-05-28,1,Bay 4,1826766d-082a-4dc0-b593-70428a1901c5,John Brunkhorst,65,45.06,32,50.23,Carry Optics,B,A116144,MINOR,,55.2529,49.5709,3.4413,24.70,17,,3,1,1,,,,,
938bb97e-cdb4-4647-b3b1-5311920f0952,GPS USPSA May 2023,2023-05-28,1,Bay 4,1826766d-082a-4dc0-b593-70428a1901c5,Dale Hamm,66,43.36,4,63.85,Limited,C,TY97196,MAJOR,Senior,70.2361,47.6911,3.3108,31.11,19,,1,2,,,,,,
938bb97e-cdb4-4647-b3b1-5311920f0952,GPS USPSA May 2023,2023-05-28,1,Bay 4,1826766d-082a-4dc0-b593-70428a1901c5,Christian Corsi,67,42.86,33,47.77,Carry Optics,U,A150957,MINOR,,52.5523,47.1480,3.2731,17.72,16,,2,2,2,,1,,,
938bb97e-cdb4-4647-b3b1-5311920f0952,GPS USPSA May 2023,2023-05-28,1,Bay 4,1826766d-082a-4dc0-b593-70428a1901c5,Virak Meas,68,42.34,10,44.68,Limited Optics,U,0,MINOR,,49.1431,46.5747,3.2333,21.65,16,,3,1,2,,,,,
938bb97e-cdb4-4647-b3b1-5311920f0952,GPS USPSA May 2023,2023-05-28,1,Bay 4,1826766d-082a-4dc0-b593-70428a1901c5,Gerry Tsoi,69,41.56,5,61.21,Limited,U,A151481,MINOR,,67.3340,45.7205,3.1740,28.04,18,,3,,1,,,,,
938bb97e-cdb4-4647-b3b1-5311920f0952,GPS USPSA May 2023,2023-05-28,1,Bay 4,1826766d-082a-4dc0-b593-70428a1901c5,Rudy Widiaman,70,40.76,11,43.01,Limited Optics,U,0,MINOR,,47.3070,44.8346,3.1125,22.49,16,,3,1,2,,,,,
938bb97e-cdb4-4647-b3b1-5311920f0952,GPS USPSA May 2023,2023-05-28,1,Bay 4,1826766d-082a-4dc0-b593-70428a1901c5,Orlando Cruz,71,40.64,6,59.85,Limited,U,A150010,MINOR,,65.8362,44.7035,3.1034,34.80,21,,1,,,,,,,
938bb97e-cdb4-4647-b3b1-5311920f0952,GPS USPSA May 2023,2023-05-28,1,Bay 4,1826766d-082a-4dc0-b593-70428a1901c5,Yul Kwan,72,40.45,14,40.45,Open,U,0,MINOR,Senior,44.4990,44.4990,3.0892,28.81,19,,1,1,1,,,,,
938bb97e-cdb4-4647-b3b1-5311920f0952,GPS USPSA May 2023,2023-05-28,1,Bay 4,1826766d-082a-4dc0-b593-70428a1901c5,Oscar Mendoza,73,39.44,34,43.96,Carry Optics,U,0,MINOR,Law Enforcement,48.3569,43.3841,3.0118,26.23,18,,3,,1,,1,,,
938bb97e-cdb4-4647-b3b1-5311920f0952,GPS USPSA May 2023,2023-05-28,1,Bay 4,1826766d-082a-4dc0-b593-70428a1901c5,Edward Yu,74,37.85,4,57.86,Production,U,A148356,MINOR,Law Enforcement,63.6424,41.6296,2.8900,30.45,17,,4,1,,,1,,,
938bb97e-cdb4-4647-b3b1-5311920f0952,GPS USPSA May 2023,2023-05-28,1,Bay 4,1826766d-082a-4dc0-b593-70428a1901c5,Benjamin Michael,75,37.79,5,57.77,Production,C,L5472,MINOR,,63.5455,41.5662,2.8856,28.07,19,,2,,1,,1,,,
938bb97e-cdb4-4647-b3b1-5311920f0952,GPS USPSA May 2023,2023-05-28,1,Bay 4,1826766d-082a-4dc0-b593-70428a1901c5,Jason Knopp,76,36.23,35,40.39,Carry Optics,U,A148175,MINOR,Law Enforcement,44.4264,39.8578,2.7670,20.60,15,,4,,3,,,,,
938bb97e-cdb4-4647-b3b1-5311920f0952,GPS USPSA May 2023,2023-05-28,1,Bay 4,1826766d-082a-4dc0-b593-70428a1901c5,matt baum,77,32.14,15,32.14,Open,U,A141110,MINOR,,35.3578,35.3578,2.4546,31.37,14,,5,2,1,,,,,
938bb97e-cdb4-4647-b3b1-5311920f0952,GPS USPSA May 2023,2023-05-28,1,Bay 4,1826766d-082a-4dc0-b593-70428a1901c5,Rico Bautista,78,23.76,6,36.33,Production,B,0,MINOR,Senior,39.9604,26.1388,1.8146,45.74,15,,6,,1,,,,,
938bb97e-cdb4-4647-b3b1-5311920f0952,GPS USPSA May 2023,2023-05-28,1,Bay 4,1826766d-082a-4dc0-b593-70428a1901c5,Gigi Bautista,79,2.50,7,3.82,Production,B,0,MINOR,Lady,4.1973,2.7455,0.1906,110.17,12,,3,2,5,,,,,
938bb97e-cdb4-4647-b3b1-5311920f0952,GPS USPSA May 2023,2023-05-28,1,Bay 4,1826766d-082a-4dc0-b593-70428a1901c5,August Balagtas,80,0.00,16,0.00,Open,M,L3674,MAJOR,,0.0000,0.0000,,,,,,,,,,,,
938bb97e-cdb4-4647-b3b1-5311920f0952,GPS USPSA May 2023,2023-05-28,1,Bay 4,1826766d-082a-4dc0-b593-70428a1901c5,Teddy Elarmo,81,0.00,36,0.00,Carry Optics,U,A142885,MINOR,,0.0000,0.0000,,,,,,,,,,,,
938bb97e-cdb4-4647-b3b1-5311920f0952,GPS USPSA May 2023,2023-05-28,1,Bay 4,1826766d-082a-4dc0-b593-70428a1901c5,Mike Kahl,82,0.00,37,0.00,Carry Optics,A,TY70984,MINOR,Super Senior,0.0000,0.0000,,,,,,,,,,,,
938bb97e-cdb4-4647-b3b1-5311920f0952,GPS USPSA May 2023,2023-05-28,2,Bay 5,8200e1ae-45d6-4f2f-8251-1d865815a843,Gil Yolo,1,100.00,1,100.00,Open,M,L5228,MAJOR,,120.0000,120.0000,7.2491,16.14,21,,3,,,,,,,
938bb97e-cdb4-4647-b3b1-5311920f0952,GPS USPSA May 2023,2023-05-28,2,Bay 5,8200e1ae-45d6-4f2f-8251-1d865815a843,Sheng Onia,2,93.96,1,100.00,Limited Optics,U,0,MINOR,,120.0000,112.7494,6.8111,16.15,20,,3,1,,,,,,
938bb97e-cdb4-4647-b3b1-5311920f0952,GPS USPSA May 2023,2023-05-28,2,Bay 5,8200e1ae-45d6-4f2f-8251-1d865815a843,Wade Pruetz,3,91.58,2,91.58,Open,A,TY79055,MAJOR,Senior,109.9005,109.9005,6.6390,16.87,18,,5,1,,,,,,
938bb97e-cdb4-4647-b3b1-5311920f0952,GPS USPSA May 2023,2023-05-28,2,Bay 5,8200e1ae-45d6-4f2f-8251-1d865815a843,Brandon Foss,4,83.47,1,100.00,Carry Optics,M,L5142,MINOR,,120.0000,100.1669,6.0510,18.84,21,,3,,,,,,,
938bb97e-cdb4-4647-b3b1-5311920f0952,GPS USPSA May 2023,2023-05-28,2,Bay 5,8200e1ae-45d6-4f2f-8251-1d865815a843,Corey Slifko,5,81.72,3,81.72,Open,A,82935,MAJOR,,98.0646,98.0646,5.9240,15.53,14,,7,2,1,,,,,
938bb97e-cdb4-4647-b3b1-5311920f0952,GPS USPSA May 2023,2023-05-28,2,Bay 5,8200e1ae-45d6-4f2f-8251-1d865815a843,Devin Yolo,6,79.87,2,95.68,Carry Optics,B,A112987,MINOR,,114.8180,95.8414,5.7897,19.69,21,,3,,,,,,,
938bb97e-cdb4-4647-b3b1-5311920f0952,GPS USPSA May 2023,2023-05-28,2,Bay 5,8200e1ae-45d6-4f2f-8251-1d865815a843,Qingbang Cai,7,78.04,3,93.50,Carry Optics,B,A148273,MINOR,,112.1943,93.6513,5.6574,19.09,19,,4,1,,,,,,
938bb97e-cdb4-4647-b3b1-5311920f0952,GPS USPSA May 2023,2023-05-28,2,Bay 5,8200e1ae-45d6-4f2f-8251-1d865815a843,Ryan Jaw,8,77.93,2,82.94,Limited Optics,U,A142907,MINOR,,99.5293,93.5156,5.6492,20.18,21,,3,,,,,,,
938bb97e-cdb4-4647-b3b1-5311920f0952,GPS USPSA May 2023,2023-05-28,2,Bay 5,8200e1ae-45d6-4f2f-8251-1d865815a843,Matthew Givens,9,76.71,1,100.00,PCC,C,ty137686,MINOR,,120.0000,92.0506,5.5607,21.58,24,,,,,,,,,
938bb97e-cdb4-4647-b3b1-5311920f0952,GPS USPSA May 2023,2023-05-28,2,Bay 5,8200e1ae-45d6-4f2f-8251-1d865815a843,Pete Kirchner,10,76.53,4,91.68,Carry Optics,A,TY105743,MINOR,,110.0129,91.8304,5.5474,20.55,21,,3,,,,,,,
938bb97e-cdb4-4647-b3b1-5311920f0952,GPS USPSA May 2023,2023-05-28,2,Bay 5,8200e1ae-45d6-4f2f-8251-1d865815a843,Matt Lem,11,75.59,5,90.56,Carry Optics,M,FY34763,MINOR,Senior,108.6663,90.7064,5.4795,20.44,20,,4,,,,,,,
938bb97e-cdb4-4647-b3b1-5311920f0952,GPS USPSA May 2023,2023-05-28,2,Bay 5,8200e1ae-45d6-4f2f-8251-1d865815a843,Mike Junco,12,75.26,6,90.16,Carry Optics,M,TY34819,MINOR,Senior; Law Enforcement,108.1904,90.3091,5.4555,18.88,22,,1,,1,,,,,
938bb97e-cdb4-4647-b3b1-5311920f0952,GPS USPSA May 2023,2023-05-28,2,Bay 5,8200e1ae-45d6-4f2f-8251-1d865815a843,Abrahan Figueroa,13,74.81,4,74.81,Open,C,TY54053,MAJOR,Senior,89.7778,89.7778,5.4234,21.02,20,,3,1,,,,,,
938bb97e-cdb4-4647-b3b1-5311920f0952,GPS USPSA May 2023,2023-05-28,2,Bay 5,8200e1ae-45d6-4f2f-8251-1d865815a843,Arnold Gee,14,74.67,5,74.67,Open,B,TY103519,MAJOR,Senior,89.6073,89.6073,5.4131,21.06,20,,3,1,,,,,,
938bb97e-cdb4-4647-b3b1-5311920f0952,GPS USPSA May 2023,2023-05-28,2,Bay 5,8200e1ae-45d6-4f2f-8251-1d865815a843,William Strannix,15,74.30,1,100.00,Production,A,TY123776,MINOR,,120.0000,89.1587,5.3860,22.28,24,,,,,,,,,
938bb97e-cdb4-4647-b3b1-5311920f0952,GPS USPSA May 2023,2023-05-28,2,Bay 5,8200e1ae-45d6-4f2f-8251-1d865815a843,Gary Wu,16,73.06,6,73.06,Open,B,L2998,MAJOR,Senior,87.6771,87.6771,5.2965,22.09,21,,3,,,,,,,
938bb97e-cdb4-4647-b3b1-5311920f0952,GPS USPSA May 2023,2023-05-28,2,Bay 5,8200e1ae-45d6-4f2f-8251-1d865815a843,Matthew Gonzalez,17,71.64,7,85.83,Carry Optics,B,A119810,MINOR,,102.9945,85.9721,5.1935,20.41,18,,5,1,,,,,,
938bb97e-cdb4-4647-b3b1-5311920f0952,GPS USPSA May 2023,2023-05-28,2,Bay 5,8200e1ae-45d6-4f2f-8251-1d865815a843,Christopher Boatcallie,18,71.34,2,93.00,PCC,C,A104118,MINOR,,111.6032,85.6095,5.1716,22.43,22,,2,,,,,,,
938bb97e-cdb4-4647-b3b1-5311920f0952,GPS USPSA May 2023,2023-05-28,2,Bay 5,8200e1ae-45d6-4f2f-8251-1d865815a843,Joaquin Corrales,19,70.58,3,75.11,Limited Optics,U,A143001,MINOR,,90.1370,84.6908,5.1161,21.11,18,,6,,,,,,,
938bb97e-cdb4-4647-b3b1-5311920f0952,GPS USPSA May 2023,2023-05-28,2,Bay 5,8200e1ae-45d6-4f2f-8251-1d865815a843,Anthony Boatcallie,20,70.07,8,83.94,Carry Optics,C,A143613,MINOR,,100.7318,84.0833,5.0794,22.05,20,,4,,,,,,,
938bb97e-cdb4-4647-b3b1-5311920f0952,GPS USPSA May 2023,2023-05-28,2,Bay 5,8200e1ae-45d6-4f2f-8251-1d865815a843,Patrick Houstoun,21,69.91,9,83.75,Carry Optics,U,A148442,MINOR,Junior,100.4998,83.8896,5.0677,22.89,23,,,1,,,,,,
938bb97e-cdb4-4647-b3b1-5311920f0952,GPS USPSA May 2023,2023-05-28,2,Bay 5,8200e1ae-45d6-4f2f-8251-1d865815a843,Doug Joder,22,68.94,3,89.88,PCC,B,TY115020,MINOR,,107.8526,82.7325,4.9978,22.41,21,,2,1,,,,,,
938bb97e-cdb4-4647-b3b1-5311920f0952,GPS USPSA May 2023,2023-05-28,2,Bay 5,8200e1ae-45d6-4f2f-8251-1d865815a843,Manny Nerona,23,68.64,4,73.05,Limited Optics,U,A69445,MINOR,,87.6616,82.3650,4.9756,22.51,21,,2,1,,,,,,
938bb97e-cdb4-4647-b3b1-5311920f0952,GPS USPSA May 2023,2023-05-28,2,Bay 5,8200e1ae-45d6-4f2f-8251-1d865815a843,Drew Yang,24,68.31,2,91.95,Production,B,FY138478,MINOR,,110.3349,81.9776,4.9522,23.02,21,,3,,,,,,,
938bb97e-cdb4-4647-b3b1-5311920f0952,GPS USPSA May 2023,2023-05-28,2,Bay 5,8200e1ae-45d6-4f2f-8251-1d865815a843,Tyler Kenny,25,66.51,10,79.68,Carry Optics,C,A148691,MINOR,,95.6153,79.8124,4.8214,22.40,20,,2,2,,,,,,
938bb97e-cdb4-4647-b3b1-5311920f0952,GPS USPSA May 2023,2023-05-28,2,Bay 5,8200e1ae-45d6-4f2f-8251-1d865815a843,Jason Wells,26,66.51,11,79.67,Carry Optics,A,L5218,MINOR,,95.6093,79.8074,4.8211,20.12,19,,4,,1,,,,,
938bb97e-cdb4-4647-b3b1-5311920f0952,GPS USPSA May 2023,2023-05-28,2,Bay 5,8200e1ae-45d6-4f2f-8251-1d865815a843,Christian Corsi,27,66.32,12,79.45,Carry Optics,U,A150957,MINOR,,95.3436,79.5856,4.8077,22.88,19,,5,,,,,,,
938bb97e-cdb4-4647-b3b1-5311920f0952,GPS USPSA May 2023,2023-05-28,2,Bay 5,8200e1ae-45d6-4f2f-8251-1d865815a843,Jonathan Gutierrez,28,65.64,7,65.64,Open,C,A108668,MINOR,,78.7629,78.7629,4.7580,24.38,22,,2,,,,,,,
938bb97e-cdb4-4647-b3b1-5311920f0952,GPS USPSA May 2023,2023-05-28,2,Bay 5,8200e1ae-45d6-4f2f-8251-1d865815a843,Jason Knopp,29,64.83,13,77.66,Carry Optics,U,A148175,MINOR,Law Enforcement,93.1978,77.7945,4.6995,22.13,18,,4,2,,,,,,
938bb97e-cdb4-4647-b3b1-5311920f0952,GPS USPSA May 2023,2023-05-28,2,Bay 5,8200e1ae-45d6-4f2f-8251-1d865815a843,Jorge Cahas,30,63.37,8,63.37,Open,B,F-44522,MAJOR,Senior,76.0398,76.0398,4.5935,21.77,18,,5,,1,,,,,
938bb97e-cdb4-4647-b3b1-5311920f0952,GPS USPSA May 2023,2023-05-28,2,Bay 5,8200e1ae-45d6-4f2f-8251-1d865815a843,Jennifer Kleiber-Boatcallie,31,63.31,4,82.53,PCC,C,A142192,MINOR,Lady,99.0393,75.9719,4.5894,24.84,22,,1,1,,,,,,
938bb97e-cdb4-4647-b3b1-5311920f0952,GPS USPSA May 2023,2023-05-28,2,Bay 5,8200e1ae-45d6-4f2f-8251-1d865815a843,Rene Zalamea,32,63.30,9,63.30,Open,C,A66891,MAJOR,Senior,75.9570,75.9570,4.5885,21.14,17,,5,1,1,,,,,
938bb97e-cdb4-4647-b3b1-5311920f0952,GPS USPSA May 2023,2023-05-28,2,Bay 5,8200e1ae-45d6-4f2f-8251-1d865815a843,Antonio Tormis,33,63.10,10,63.10,Open,U,A124958,MAJOR,,75.7186,75.7186,4.5741,25.36,20,,4,,,,,,,
938bb97e-cdb4-4647-b3b1-5311920f0952,GPS USPSA May 2023,2023-05-28,2,Bay 5,8200e1ae-45d6-4f2f-8251-1d865815a843,Cristian Garcia,34,61.83,5,65.81,Limited Optics,U,FY145753,MINOR,,78.9687,74.1973,4.4822,25.88,22,,2,,,,,,,
938bb97e-cdb4-4647-b3b1-5311920f0952,GPS USPSA May 2023,2023-05-28,2,Bay 5,8200e1ae-45d6-4f2f-8251-1d865815a843,Devin Griffith,35,61.62,14,73.82,Carry Optics,B,A116098,MINOR,,88.5791,73.9391,4.4666,23.06,22,,1,,1,,,,,
938bb97e-cdb4-4647-b3b1-5311920f0952,GPS USPSA May 2023,2023-05-28,2,Bay 5,8200e1ae-45d6-4f2f-8251-1d865815a843,Joseph White,36,61.60,15,73.80,Carry Optics,B,A135489,MINOR,Law Enforcement,88.5553,73.9192,4.4654,23.29,17,,6,1,,,,,,
938bb97e-cdb4-4647-b3b1-5311920f0952,GPS USPSA May 2023,2023-05-28,2,Bay 5,8200e1ae-45d6-4f2f-8251-1d865815a843,Skippy Fullerton,37,59.84,6,63.69,Limited Optics,U,A140572,MINOR,,76.4264,71.8086,4.3379,26.28,21,,3,,,,,,,
938bb97e-cdb4-4647-b3b1-5311920f0952,GPS USPSA May 2023,2023-05-28,2,Bay 5,8200e1ae-45d6-4f2f-8251-1d865815a843,JC Aguinaldo,38,59.59,7,63.42,Limited Optics,U,A147256,MINOR,,76.1005,71.5024,4.3194,22.92,20,,3,,1,,,,,
938bb97e-cdb4-4647-b3b1-5311920f0952,GPS USPSA May 2023,2023-05-28,2,Bay 5,8200e1ae-45d6-4f2f-8251-1d865815a843,hayden boatcallie,39,58.57,5,76.36,PCC,C,a143344,MINOR,,91.6288,70.2873,4.2460,27.32,22,,2,,,,,,,
938bb97e-cdb4-4647-b3b1-5311920f0952,GPS USPSA May 2023,2023-05-28,2,Bay 5,8200e1ae-45d6-4f2f-8251-1d865815a843,Abe Valdez,40,58.27,11,58.27,Open,C,A148541,MINOR,,69.9182,69.9182,4.2237,25.57,19,,4,1,,,,,,
938bb97e-cdb4-4647-b3b1-5311920f0952,GPS USPSA May 2023,2023-05-28,2,Bay 5,8200e1ae-45d6-4f2f-8251-1d865815a843,Anthony Smallwood,41,58.00,8,61.73,Limited Optics,U,TY94508,MINOR,Senior,74.0709,69.5954,4.2042,26.64,20,,4,,,,,,,
938bb97e-cdb4-4647-b3b1-5311920f0952,GPS USPSA May 2023,2023-05-28,2,Bay 5,8200e1ae-45d6-4f2f-8251-1d865815a843,John Brunkhorst,42,56.36,16,67.52,Carry Optics,B,A116144,MINOR,,81.0273,67.6354,4.0858,24.23,21,,1,1,1,,,,,
938bb97e-cdb4-4647-b3b1-5311920f0952,GPS USPSA May 2023,2023-05-28,2,Bay 5,8200e1ae-45d6-4f2f-8251-1d865815a843,CHAN WILLIAM,43,56.15,9,59.76,Limited Optics,U,TY97870,MINOR,,71.7135,67.3805,4.0704,18.18,16,,4,2,2,,,,,
938bb97e-cdb4-4647-b3b1-5311920f0952,GPS USPSA May 2023,2023-05-28,2,Bay 5,8200e1ae-45d6-4f2f-8251-1d865815a843,Michael Pontious,44,55.41,17,66.39,Carry Optics,B,Fy94575,MINOR,Senior,79.6629,66.4965,4.0170,25.89,18,,4,2,,,,,,
938bb97e-cdb4-4647-b3b1-5311920f0952,GPS USPSA May 2023,2023-05-28,2,Bay 5,8200e1ae-45d6-4f2f-8251-1d865815a843,George Zhou,45,55.33,18,66.28,Carry Optics,C,A146179,MINOR,Senior,79.5399,66.3939,4.0108,22.19,18,,2,3,1,,,,,
938bb97e-cdb4-4647-b3b1-5311920f0952,GPS USPSA May 2023,2023-05-28,2,Bay 5,8200e1ae-45d6-4f2f-8251-1d865815a843,Jon Kirk,46,55.30,19,66.24,Carry Optics,U,A151462,MINOR,Law Enforcement,79.4923,66.3542,4.0084,28.44,21,,3,,,,,,,
938bb97e-cdb4-4647-b3b1-5311920f0952,GPS USPSA May 2023,2023-05-28,2,Bay 5,8200e1ae-45d6-4f2f-8251-1d865815a843,Adam Bandiera,47,55.27,20,66.22,Carry Optics,U,A148375,MINOR,,79.4626,66.3293,4.0069,23.21,18,,4,1,1,,,,,
938bb97e-cdb4-4647-b3b1-5311920f0952,GPS USPSA May 2023,2023-05-28,2,Bay 5,8200e1ae-45d6-4f2f-8251-1d865815a843,Garrick Gonzalez,48,54.25,21,64.99,Carry Optics,B,A119804,MINOR,,77.9891,65.0994,3.9326,23.14,17,,5,1,1,,,,,
938bb97e-cdb4-4647-b3b1-5311920f0952,GPS USPSA May 2023,2023-05-28,2,Bay 5,8200e1ae-45d6-4f2f-8251-1d865815a843,Jonathan Backof,49,53.89,22,64.56,Carry Optics,C,L5308,MINOR,,77.4675,64.6640,3.9063,24.32,18,,5,,1,,,,,
938bb97e-cdb4-4647-b3b1-5311920f0952,GPS USPSA May 2023,2023-05-28,2,Bay 5,8200e1ae-45d6-4f2f-8251-1d865815a843,Sean Frederick,50,53.78,23,64.43,Carry Optics,U,A149482,MINOR,,77.3109,64.5333,3.8984,28.73,20,,4,,,,,,,
938bb97e-cdb4-4647-b3b1-5311920f0952,GPS USPSA May 2023,2023-05-28,2,Bay 5,8200e1ae-45d6-4f2f-8251-1d865815a843,Carlos Escandon,51,53.51,1,100.00,Limited,B,L2590,MAJOR,Super Senior,120.0000,64.2171,3.8793,27.84,18,,3,3,,,,,,
938bb97e-cdb4-4647-b3b1-5311920f0952,GPS USPSA May 2023,2023-05-28,2,Bay 5,8200e1ae-45d6-4f2f-8251-1d865815a843,Danny Zlotnik,52,53.37,24,63.94,Carry Optics,C,L4786,MINOR,,76.7278,64.0466,3.8690,26.88,18,,4,2,,,,,,
938bb97e-cdb4-4647-b3b1-5311920f0952,GPS USPSA May 2023,2023-05-28,2,Bay 5,8200e1ae-45d6-4f2f-8251-1d865815a843,Rudy Widiaman,53,53.35,10,56.78,Limited Optics,U,0,MINOR,,68.1335,64.0168,3.8672,31.03,24,,,,,,,,,
938bb97e-cdb4-4647-b3b1-5311920f0952,GPS USPSA May 2023,2023-05-28,2,Bay 5,8200e1ae-45d6-4f2f-8251-1d865815a843,Heath Helgeson,54,52.68,25,63.11,Carry Optics,U,A149129,MINOR,,75.7323,63.2156,3.8188,30.90,23,,1,,,,,,,
938bb97e-cdb4-4647-b3b1-5311920f0952,GPS USPSA May 2023,2023-05-28,2,Bay 5,8200e1ae-45d6-4f2f-8251-1d865815a843,Gennady Khokhorin,55,51.89,3,69.84,Production,C,A123884,MINOR,Super Senior,83.8128,62.2720,3.7618,28.71,19,,4,1,,,,,,
938bb97e-cdb4-4647-b3b1-5311920f0952,GPS USPSA May 2023,2023-05-28,2,Bay 5,8200e1ae-45d6-4f2f-8251-1d865815a843,Gilbert Goodman,56,51.05,26,61.16,Carry Optics,X,A145861,MINOR,,73.3922,61.2622,3.7008,25.13,18,,4,1,1,,,,,
938bb97e-cdb4-4647-b3b1-5311920f0952,GPS USPSA May 2023,2023-05-28,2,Bay 5,8200e1ae-45d6-4f2f-8251-1d865815a843,Jun Wu,57,50.82,27,60.88,Carry Optics,B,Ty104927,MINOR,,73.0570,60.9825,3.6839,29.86,20,,3,1,,,,,,
938bb97e-cdb4-4647-b3b1-5311920f0952,GPS USPSA May 2023,2023-05-28,2,Bay 5,8200e1ae-45d6-4f2f-8251-1d865815a843,NeaL NaNDiN,58,50.00,28,59.90,Carry Optics,C,FY71894,MINOR,,71.8810,60.0008,3.6246,30.90,20,,4,,,,,,,
938bb97e-cdb4-4647-b3b1-5311920f0952,GPS USPSA May 2023,2023-05-28,2,Bay 5,8200e1ae-45d6-4f2f-8251-1d865815a843,Benjamin Michael,59,49.91,4,67.17,Production,C,L5472,MINOR,,80.6023,59.8866,3.6177,29.30,19,,3,2,,,,,,
938bb97e-cdb4-4647-b3b1-5311920f0952,GPS USPSA May 2023,2023-05-28,2,Bay 5,8200e1ae-45d6-4f2f-8251-1d865815a843,Virak Meas,60,49.89,11,53.10,Limited Optics,U,0,MINOR,,63.7219,59.8717,3.6168,31.52,22,,1,1,,,,,,
938bb97e-cdb4-4647-b3b1-5311920f0952,GPS USPSA May 2023,2023-05-28,2,Bay 5,8200e1ae-45d6-4f2f-8251-1d865815a843,Phil Truong,61,48.75,12,48.75,Open,B,FY128600,MINOR,,58.4994,58.4994,3.5339,28.58,21,,2,,1,,,,,
938bb97e-cdb4-4647-b3b1-5311920f0952,GPS USPSA May 2023,2023-05-28,2,Bay 5,8200e1ae-45d6-4f2f-8251-1d865815a843,jason Yin,62,47.99,29,57.49,Carry Optics,U,A148906,MINOR,,68.9896,57.5873,3.4788,32.77,21,,3,,,,,,,
938bb97e-cdb4-4647-b3b1-5311920f0952,GPS USPSA May 2023,2023-05-28,2,Bay 5,8200e1ae-45d6-4f2f-8251-1d865815a843,Kacie Tapanila,63,46.16,30,55.30,Carry Optics,U,A135389,MINOR,Lady,66.3659,55.3972,3.3465,32.87,20,,3,1,,,,,,
938bb97e-cdb4-4647-b3b1-5311920f0952,GPS USPSA May 2023,2023-05-28,2,Bay 5,8200e1ae-45d6-4f2f-8251-1d865815a843,Oscar Mendoza,64,44.32,31,53.10,Carry Optics,U,0,MINOR,Law Enforcement,63.7164,53.1856,3.2129,32.37,19,,2,3,,,,,,
938bb97e-cdb4-4647-b3b1-5311920f0952,GPS USPSA May 2023,2023-05-28,2,Bay 5,8200e1ae-45d6-4f2f-8251-1d865815a843,Anthony Fong,65,43.57,32,52.20,Carry Optics,B,A142224,MINOR,,62.6356,52.2835,3.1584,22.48,19,,2,,3,,,,,
938bb97e-cdb4-4647-b3b1-5311920f0952,GPS USPSA May 2023,2023-05-28,2,Bay 5,8200e1ae-45d6-4f2f-8251-1d865815a843,Jerry Bedro,66,43.50,13,43.50,Open,X,A1,MAJOR,,52.1941,52.1941,3.1530,23.47,18,,3,1,2,,,1,,
938bb97e-cdb4-4647-b3b1-5311920f0952,GPS USPSA May 2023,2023-05-28,2,Bay 5,8200e1ae-45d6-4f2f-8251-1d865815a843,Tommy Teas,67,42.96,2,80.27,Limited,B,FY2227,MINOR,Senior,96.3298,51.5501,3.1141,25.69,18,,3,1,2,,,,,
938bb97e-cdb4-4647-b3b1-5311920f0952,GPS USPSA May 2023,2023-05-28,2,Bay 5,8200e1ae-45d6-4f2f-8251-1d865815a843,Eric Horn,68,40.36,3,75.42,Limited,U,A149467,MINOR,,90.5050,48.4330,2.9258,38.28,20,,4,,,,,,,
938bb97e-cdb4-4647-b3b1-5311920f0952,GPS USPSA May 2023,2023-05-28,2,Bay 5,8200e1ae-45d6-4f2f-8251-1d865815a843,Brandon Truong,69,38.93,33,46.64,Carry Optics,B,TY111128,MINOR,,55.9643,46.7148,2.8220,38.98,20,,3,1,,,,,,
938bb97e-cdb4-4647-b3b1-5311920f0952,GPS USPSA May 2023,2023-05-28,2,Bay 5,8200e1ae-45d6-4f2f-8251-1d865815a843,Kevin Pausicles,70,36.95,34,44.27,Carry Optics,U,A146221,MINOR,Foreign,53.1244,44.3443,2.6788,41.81,20,,4,,,,,,,
938bb97e-cdb4-4647-b3b1-5311920f0952,GPS USPSA May 2023,2023-05-28,2,Bay 5,8200e1ae-45d6-4f2f-8251-1d865815a843,Gerry Tsoi,71,36.00,4,67.28,Limited,U,A151481,MINOR,,80.7362,43.2054,2.6100,45.21,23,,1,,,,,,,
938bb97e-cdb4-4647-b3b1-5311920f0952,GPS USPSA May 2023,2023-05-28,2,Bay 5,8200e1ae-45d6-4f2f-8251-1d865815a843,Yul Kwan,72,35.03,14,35.03,Open,U,0,MINOR,Senior,42.0416,42.0416,2.5397,47.25,24,,,,,,,,,
938bb97e-cdb4-4647-b3b1-5311920f0952,GPS USPSA May 2023,2023-05-28,2,Bay 5,8200e1ae-45d6-4f2f-8251-1d865815a843,Dale Hamm,73,34.37,5,64.23,Limited,C,TY97196,MAJOR,Senior,77.0768,41.2471,2.4917,45.35,19,,4,1,,,,,,
938bb97e-cdb4-4647-b3b1-5311920f0952,GPS USPSA May 2023,2023-05-28,2,Bay 5,8200e1ae-45d6-4f2f-8251-1d865815a843,John Hanna,74,30.12,35,36.08,Carry Optics,C,a138989,MINOR,Senior,43.2960,36.1402,2.1832,27.94,19,,2,,3,,,1,,
938bb97e-cdb4-4647-b3b1-5311920f0952,GPS USPSA May 2023,2023-05-28,2,Bay 5,8200e1ae-45d6-4f2f-8251-1d865815a843,Edward Yu,75,28.35,5,38.16,Production,U,A148356,MINOR,Law Enforcement,45.7898,34.0213,2.0552,34.06,18,,3,1,2,,1,,,
938bb97e-cdb4-4647-b3b1-5311920f0952,GPS USPSA May 2023,2023-05-28,2,Bay 5,8200e1ae-45d6-4f2f-8251-1d865815a843,matt baum,76,21.71,15,21.71,Open,U,A141110,MINOR,,26.0507,26.0507,1.5737,55.92,13,,6,5,,,,,,
938bb97e-cdb4-4647-b3b1-5311920f0952,GPS USPSA May 2023,2023-05-28,2,Bay 5,8200e1ae-45d6-4f2f-8251-1d865815a843,Orlando Cruz,77,18.73,6,34.99,Limited,U,A150010,MINOR,,41.9921,22.4718,1.3575,64.09,17,,3,3,1,,,,,
938bb97e-cdb4-4647-b3b1-5311920f0952,GPS USPSA May 2023,2023-05-28,2,Bay 5,8200e1ae-45d6-4f2f-8251-1d865815a843,Rico Bautista,78,14.56,6,19.59,Production,B,0,MINOR,Senior,23.5121,17.4692,1.0553,67.28,19,,2,,3,,,,,
938bb97e-cdb4-4647-b3b1-5311920f0952,GPS USPSA May 2023,2023-05-28,2,Bay 5,8200e1ae-45d6-4f2f-8251-1d865815a843,August Balagtas,79,0.00,16,0.00,Open,M,L3674,MAJOR,,0.0000,0.0000,,,,,,,,,,,,
938bb97e-cdb4-4647-b3b1-5311920f0952,GPS USPSA May 2023,2023-05-28,2,Bay 5,8200e1ae-45d6-4f2f-8251-1d865815a843,Teddy Elarmo,80,0.00,36,0.00,Carry Optics,U,A142885,MINOR,,0.0000,0.0000,,,,,,,,,,,,
938bb97e-cdb4-4647-b3b1-5311920f0952,GPS USPSA May 2023,2023-05-28,2,Bay 5,8200e1ae-45d6-4f2f-8251-1d865815a843,Mike Kahl,81,0.00,37,0.00,Carry Optics,A,TY70984,MINOR,Super Senior,0.0000,0.0000,,,,,,,,,,,,
938bb97e-cdb4-4647-b3b1-5311920f0952,GPS USPSA May 2023,2023-05-28,2,Bay 5,8200e1ae-45d6-4f2f-8251-1d865815a843,Gigi Bautista,82,0.00,7,0.00,Production,B,0,MINOR,Lady,0.0000,0.0000,0.0000,105.76,7,,4,3,10,,,,,
938bb97e-cdb4-4647-b3b1-5311920f0952,GPS USPSA May 2023,2023-05-28,3,Bay 6,06fdd334-f4ea-4b38-a8f6-c31f02e63e31,Gil Yolo,1,100.00,1,100.00,Open,M,L5228,MAJOR,,110.0000,110.0000,9.5406,11.32,20,,2,,,,,,,
938bb97e-cdb4-4647-b3b1-5311920f0952,GPS USPSA May 2023,2023-05-28,3,Bay 6,06fdd334-f4ea-4b38-a8f6-c31f02e63e31,Corey Slifko,2,87.35,2,87.35,Open,A,82935,MAJOR,,96.0802,96.0802,8.3333,12.84,19,,3,,,,,,,
938bb97e-cdb4-4647-b3b1-5311920f0952,GPS USPSA May 2023,2023-05-28,3,Bay 6,06fdd334-f4ea-4b38-a8f6-c31f02e63e31,Sheng Onia,3,85.14,1,100.00,Limited Optics,U,0,MINOR,,110.0000,93.6509,8.1226,13.05,20,,2,,,,,,,
938bb97e-cdb4-4647-b3b1-5311920f0952,GPS USPSA May 2023,2023-05-28,3,Bay 6,06fdd334-f4ea-4b38-a8f6-c31f02e63e31,Mike Junco,4,82.06,1,100.00,Carry Optics,M,TY34819,MINOR,Senior; Law Enforcement,110.0000,90.2624,7.8287,13.54,20,,2,,,,,,,
938bb97e-cdb4-4647-b3b1-5311920f0952,GPS USPSA May 2023,2023-05-28,3,Bay 6,06fdd334-f4ea-4b38-a8f6-c31f02e63e31,Wade Pruetz,5,80.33,3,80.33,Open,A,TY79055,MAJOR,Senior,88.3600,88.3600,7.6637,13.44,17,,4,1,,,,,,
938bb97e-cdb4-4647-b3b1-5311920f0952,GPS USPSA May 2023,2023-05-28,3,Bay 6,06fdd334-f4ea-4b38-a8f6-c31f02e63e31,Joaquin Corrales,6,78.52,2,92.23,Limited Optics,U,A143001,MINOR,,101.4493,86.3711,7.4912,14.15,20,,2,,,,,,,
938bb97e-cdb4-4647-b3b1-5311920f0952,GPS USPSA May 2023,2023-05-28,3,Bay 6,06fdd334-f4ea-4b38-a8f6-c31f02e63e31,Phil Truong,7,77.80,4,77.80,Open,B,FY128600,MINOR,,85.5778,85.5778,7.4224,14.82,22,,,,,,,,,
938bb97e-cdb4-4647-b3b1-5311920f0952,GPS USPSA May 2023,2023-05-28,3,Bay 6,06fdd334-f4ea-4b38-a8f6-c31f02e63e31,Jorge Cahas,8,77.07,5,77.07,Open,B,F-44522,MAJOR,Senior,84.7765,84.7765,7.3529,14.28,19,,2,1,,,,,,
938bb97e-cdb4-4647-b3b1-5311920f0952,GPS USPSA May 2023,2023-05-28,3,Bay 6,06fdd334-f4ea-4b38-a8f6-c31f02e63e31,Brandon Foss,9,75.27,2,91.73,Carry Optics,M,L5142,MINOR,,100.8979,82.7934,7.1809,15.04,21,,1,,,,,,,
938bb97e-cdb4-4647-b3b1-5311920f0952,GPS USPSA May 2023,2023-05-28,3,Bay 6,06fdd334-f4ea-4b38-a8f6-c31f02e63e31,Anthony Boatcallie,10,71.27,3,86.86,Carry Optics,C,A143613,MINOR,,95.5459,78.4018,6.8000,15.00,19,,2,1,,,,,,
938bb97e-cdb4-4647-b3b1-5311920f0952,GPS USPSA May 2023,2023-05-28,3,Bay 6,06fdd334-f4ea-4b38-a8f6-c31f02e63e31,Benjamin Michael,11,69.38,1,100.00,Production,C,L5472,MINOR,,110.0000,76.3161,6.6191,15.41,18,,4,,,,,,,
938bb97e-cdb4-4647-b3b1-5311920f0952,GPS USPSA May 2023,2023-05-28,3,Bay 6,06fdd334-f4ea-4b38-a8f6-c31f02e63e31,Jason Wells,12,67.21,4,81.91,Carry Optics,A,L5218,MINOR,,90.0955,73.9294,6.4121,13.88,18,,3,,1,,,,,
938bb97e-cdb4-4647-b3b1-5311920f0952,GPS USPSA May 2023,2023-05-28,3,Bay 6,06fdd334-f4ea-4b38-a8f6-c31f02e63e31,Cristian Garcia,13,66.03,3,77.55,Limited Optics,U,FY145753,MINOR,,85.3067,72.6277,6.2992,16.51,20,,1,1,,,,,,
938bb97e-cdb4-4647-b3b1-5311920f0952,GPS USPSA May 2023,2023-05-28,3,Bay 6,06fdd334-f4ea-4b38-a8f6-c31f02e63e31,Pete Kirchner,14,65.31,5,79.60,Carry Optics,A,TY105743,MINOR,,87.5551,71.8449,6.2313,16.69,20,,1,1,,,,,,
938bb97e-cdb4-4647-b3b1-5311920f0952,GPS USPSA May 2023,2023-05-28,3,Bay 6,06fdd334-f4ea-4b38-a8f6-c31f02e63e31,Antonio Tormis,15,65.08,6,65.08,Open,U,A124958,MAJOR,,71.5912,71.5912,6.2093,16.91,17,,5,,,,,,,
938bb97e-cdb4-4647-b3b1-5311920f0952,GPS USPSA May 2023,2023-05-28,3,Bay 6,06fdd334-f4ea-4b38-a8f6-c31f02e63e31,Manny Nerona,16,64.76,4,76.07,Limited Optics,U,A69445,MINOR,,83.6721,71.2361,6.1785,17.48,21,,1,,,,,,,
938bb97e-cdb4-4647-b3b1-5311920f0952,GPS USPSA May 2023,2023-05-28,3,Bay 6,06fdd334-f4ea-4b38-a8f6-c31f02e63e31,Arnold Gee,17,64.72,7,64.72,Open,B,TY103519,MAJOR,Senior,71.1900,71.1900,6.1745,14.90,20,,,1,1,,,,,
938bb97e-cdb4-4647-b3b1-5311920f0952,GPS USPSA May 2023,2023-05-28,3,Bay 6,06fdd334-f4ea-4b38-a8f6-c31f02e63e31,Jonathan Backof,18,64.61,6,78.74,Carry Optics,C,L5308,MINOR,,86.6151,71.0735,6.1644,17.52,21,,1,,,,,,,
938bb97e-cdb4-4647-b3b1-5311920f0952,GPS USPSA May 2023,2023-05-28,3,Bay 6,06fdd334-f4ea-4b38-a8f6-c31f02e63e31,Matt Lem,19,63.38,7,77.24,Carry Optics,M,FY34763,MINOR,Senior,84.9585,69.7142,6.0465,17.20,19,,3,,,,,,,
938bb97e-cdb4-4647-b3b1-5311920f0952,GPS USPSA May 2023,2023-05-28,3,Bay 6,06fdd334-f4ea-4b38-a8f6-c31f02e63e31,CHAN WILLIAM,20,62.80,5,73.76,Limited Optics,U,TY97870,MINOR,,81.1342,69.0754,5.9911,13.52,16,,3,2,1,,,,,
938bb97e-cdb4-4647-b3b1-5311920f0952,GPS USPSA May 2023,2023-05-28,3,Bay 6,06fdd334-f4ea-4b38-a8f6-c31f02e63e31,Christopher Boatcallie,21,62.78,1,100.00,PCC,C,A104118,MINOR,,110.0000,69.0627,5.9900,18.03,21,,1,,,,,,,
938bb97e-cdb4-4647-b3b1-5311920f0952,GPS USPSA May 2023,2023-05-28,3,Bay 6,06fdd334-f4ea-4b38-a8f6-c31f02e63e31,Doug Joder,22,62.66,2,99.81,PCC,B,TY115020,MINOR,,109.7907,68.9313,5.9786,17.73,20,,2,,,,,,,
938bb97e-cdb4-4647-b3b1-5311920f0952,GPS USPSA May 2023,2023-05-28,3,Bay 6,06fdd334-f4ea-4b38-a8f6-c31f02e63e31,Patrick Houstoun,23,62.34,8,75.97,Carry Optics,U,A148442,MINOR,Junior,83.5675,68.5727,5.9475,17.15,19,,2,1,,,,,,
938bb97e-cdb4-4647-b3b1-5311920f0952,GPS USPSA May 2023,2023-05-28,3,Bay 6,06fdd334-f4ea-4b38-a8f6-c31f02e63e31,John Brunkhorst,24,61.85,9,75.38,Carry Optics,B,A116144,MINOR,,82.9141,68.0366,5.9010,15.76,20,,1,,1,,,,,
938bb97e-cdb4-4647-b3b1-5311920f0952,GPS USPSA May 2023,2023-05-28,3,Bay 6,06fdd334-f4ea-4b38-a8f6-c31f02e63e31,Tyler Kenny,25,61.17,10,74.55,Carry Optics,C,A148691,MINOR,,82.0022,67.2883,5.8361,17.82,19,,3,,,,,,,
938bb97e-cdb4-4647-b3b1-5311920f0952,GPS USPSA May 2023,2023-05-28,3,Bay 6,06fdd334-f4ea-4b38-a8f6-c31f02e63e31,Ryan Jaw,26,60.98,6,71.62,Limited Optics,U,A142907,MINOR,,78.7873,67.0773,5.8178,18.22,20,,2,,,,,,,
938bb97e-cdb4-4647-b3b1-5311920f0952,GPS USPSA May 2023,2023-05-28,3,Bay 6,06fdd334-f4ea-4b38-a8f6-c31f02e63e31,Garrick Gonzalez,27,60.57,11,73.82,Carry Optics,B,A119804,MINOR,,81.2028,66.6323,5.7792,15.40,18,,3,,1,,,,,
938bb97e-cdb4-4647-b3b1-5311920f0952,GPS USPSA May 2023,2023-05-28,3,Bay 6,06fdd334-f4ea-4b38-a8f6-c31f02e63e31,Devin Griffith,28,60.33,12,73.53,Carry Optics,B,A116098,MINOR,,80.8796,66.3671,5.7562,17.72,18,,4,,,,,,,
938bb97e-cdb4-4647-b3b1-5311920f0952,GPS USPSA May 2023,2023-05-28,3,Bay 6,06fdd334-f4ea-4b38-a8f6-c31f02e63e31,Christian Corsi,29,59.06,13,71.98,Carry Optics,U,A150957,MINOR,,79.1738,64.9674,5.6348,14.73,17,,2,2,1,,,,,
938bb97e-cdb4-4647-b3b1-5311920f0952,GPS USPSA May 2023,2023-05-28,3,Bay 6,06fdd334-f4ea-4b38-a8f6-c31f02e63e31,Gilbert Goodman,30,57.84,14,70.48,Carry Optics,X,A145861,MINOR,,77.5327,63.6207,5.5180,19.21,20,,2,,,,,,,
938bb97e-cdb4-4647-b3b1-5311920f0952,GPS USPSA May 2023,2023-05-28,3,Bay 6,06fdd334-f4ea-4b38-a8f6-c31f02e63e31,Jerry Bedro,31,56.20,8,56.20,Open,X,A1,MAJOR,,61.8175,61.8175,5.3616,16.04,14,,6,1,1,,,,,
938bb97e-cdb4-4647-b3b1-5311920f0952,GPS USPSA May 2023,2023-05-28,3,Bay 6,06fdd334-f4ea-4b38-a8f6-c31f02e63e31,hayden boatcallie,32,56.04,3,89.27,PCC,C,a143344,MINOR,,98.1920,61.6492,5.3470,19.45,20,,1,1,,,,,,
938bb97e-cdb4-4647-b3b1-5311920f0952,GPS USPSA May 2023,2023-05-28,3,Bay 6,06fdd334-f4ea-4b38-a8f6-c31f02e63e31,Michael Pontious,33,55.59,15,67.75,Carry Optics,B,Fy94575,MINOR,Senior,74.5244,61.1522,5.3039,18.10,18,,1,3,,,,,,
938bb97e-cdb4-4647-b3b1-5311920f0952,GPS USPSA May 2023,2023-05-28,3,Bay 6,06fdd334-f4ea-4b38-a8f6-c31f02e63e31,Matthew Givens,34,55.54,4,88.45,PCC,C,ty137686,MINOR,,97.2995,61.0888,5.2984,17.93,21,,,,1,,,,,
938bb97e-cdb4-4647-b3b1-5311920f0952,GPS USPSA May 2023,2023-05-28,3,Bay 6,06fdd334-f4ea-4b38-a8f6-c31f02e63e31,Qingbang Cai,35,54.82,16,66.80,Carry Optics,B,A148273,MINOR,,73.4846,60.2990,5.2299,17.40,19,,2,,1,,,,,
938bb97e-cdb4-4647-b3b1-5311920f0952,GPS USPSA May 2023,2023-05-28,3,Bay 6,06fdd334-f4ea-4b38-a8f6-c31f02e63e31,Adam Bandiera,36,54.77,17,66.75,Carry Optics,U,A148375,MINOR,,73.4256,60.2506,5.2257,21.05,22,,,,,,,,,
938bb97e-cdb4-4647-b3b1-5311920f0952,GPS USPSA May 2023,2023-05-28,3,Bay 6,06fdd334-f4ea-4b38-a8f6-c31f02e63e31,Skippy Fullerton,37,54.25,7,63.72,Limited Optics,U,A140572,MINOR,,70.0958,59.6776,5.1760,19.32,17,,5,,,,,,,
938bb97e-cdb4-4647-b3b1-5311920f0952,GPS USPSA May 2023,2023-05-28,3,Bay 6,06fdd334-f4ea-4b38-a8f6-c31f02e63e31,Anthony Fong,38,54.08,18,65.91,Carry Optics,B,A142224,MINOR,,72.5025,59.4931,5.1600,19.38,17,,5,,,,,,,
938bb97e-cdb4-4647-b3b1-5311920f0952,GPS USPSA May 2023,2023-05-28,3,Bay 6,06fdd334-f4ea-4b38-a8f6-c31f02e63e31,Rudy Widiaman,39,53.89,8,63.30,Limited Optics,U,0,MINOR,,69.6272,59.2787,5.1414,19.45,19,,1,2,,,,,,
938bb97e-cdb4-4647-b3b1-5311920f0952,GPS USPSA May 2023,2023-05-28,3,Bay 6,06fdd334-f4ea-4b38-a8f6-c31f02e63e31,JC Aguinaldo,40,53.38,9,62.69,Limited Optics,U,A147256,MINOR,,68.9636,58.7137,5.0924,20.03,18,,4,,,,,,,
938bb97e-cdb4-4647-b3b1-5311920f0952,GPS USPSA May 2023,2023-05-28,3,Bay 6,06fdd334-f4ea-4b38-a8f6-c31f02e63e31,Drew Yang,41,53.34,2,76.88,Production,B,FY138478,MINOR,,84.5653,58.6699,5.0886,17.49,18,,3,,1,,,,,
938bb97e-cdb4-4647-b3b1-5311920f0952,GPS USPSA May 2023,2023-05-28,3,Bay 6,06fdd334-f4ea-4b38-a8f6-c31f02e63e31,William Strannix,42,53.11,3,76.55,Production,A,TY123776,MINOR,,84.2047,58.4197,5.0669,20.92,20,,2,,,,,,,
938bb97e-cdb4-4647-b3b1-5311920f0952,GPS USPSA May 2023,2023-05-28,3,Bay 6,06fdd334-f4ea-4b38-a8f6-c31f02e63e31,Jason Knopp,43,52.89,19,64.45,Carry Optics,U,A148175,MINOR,Law Enforcement,70.8950,58.1741,5.0456,16.45,16,,4,1,1,,,,,
938bb97e-cdb4-4647-b3b1-5311920f0952,GPS USPSA May 2023,2023-05-28,3,Bay 6,06fdd334-f4ea-4b38-a8f6-c31f02e63e31,Jun Wu,44,51.87,20,63.21,Carry Optics,B,Ty104927,MINOR,,69.5321,57.0557,4.9486,21.42,20,,2,,,,,,,
938bb97e-cdb4-4647-b3b1-5311920f0952,GPS USPSA May 2023,2023-05-28,3,Bay 6,06fdd334-f4ea-4b38-a8f6-c31f02e63e31,Abrahan Figueroa,45,51.85,9,51.85,Open,C,TY54053,MAJOR,Senior,57.0396,57.0396,4.9472,17.99,15,,6,,1,,,,,
938bb97e-cdb4-4647-b3b1-5311920f0952,GPS USPSA May 2023,2023-05-28,3,Bay 6,06fdd334-f4ea-4b38-a8f6-c31f02e63e31,Devin Yolo,46,51.72,21,63.03,Carry Optics,B,A112987,MINOR,,69.3382,56.8966,4.9348,17.63,17,,4,,1,,,,,
938bb97e-cdb4-4647-b3b1-5311920f0952,GPS USPSA May 2023,2023-05-28,3,Bay 6,06fdd334-f4ea-4b38-a8f6-c31f02e63e31,Gary Wu,47,51.49,10,51.49,Open,B,L2998,MAJOR,Senior,56.6418,56.6418,4.9127,15.47,16,,4,,2,,,,,
938bb97e-cdb4-4647-b3b1-5311920f0952,GPS USPSA May 2023,2023-05-28,3,Bay 6,06fdd334-f4ea-4b38-a8f6-c31f02e63e31,Jon Kirk,48,50.27,22,61.26,Carry Optics,U,A151462,MINOR,Law Enforcement,67.3837,55.2929,4.7957,22.52,21,,1,,,,,,,
938bb97e-cdb4-4647-b3b1-5311920f0952,GPS USPSA May 2023,2023-05-28,3,Bay 6,06fdd334-f4ea-4b38-a8f6-c31f02e63e31,Carlos Escandon,49,50.16,1,100.00,Limited,B,L2590,MAJOR,Super Senior,110.0000,55.1787,4.7858,21.94,17,,5,,,,,,,
938bb97e-cdb4-4647-b3b1-5311920f0952,GPS USPSA May 2023,2023-05-28,3,Bay 6,06fdd334-f4ea-4b38-a8f6-c31f02e63e31,Jennifer Kleiber-Boatcallie,50,49.76,5,79.25,PCC,C,A142192,MINOR,Lady,87.1791,54.7348,4.7473,22.75,21,,1,,,,,,,
938bb97e-cdb4-4647-b3b1-5311920f0952,GPS USPSA May 2023,2023-05-28,3,Bay 6,06fdd334-f4ea-4b38-a8f6-c31f02e63e31,Rene Zalamea,51,49.14,11,49.14,Open,C,A66891,MAJOR,Senior,54.0546,54.0546,4.6883,19.41,17,,4,,1,,,,,
938bb97e-cdb4-4647-b3b1-5311920f0952,GPS USPSA May 2023,2023-05-28,3,Bay 6,06fdd334-f4ea-4b38-a8f6-c31f02e63e31,Matthew Gonzalez,52,48.84,23,59.53,Carry Optics,B,A119810,MINOR,,65.4784,53.7294,4.6601,18.24,17,,3,1,1,,,,,
938bb97e-cdb4-4647-b3b1-5311920f0952,GPS USPSA May 2023,2023-05-28,3,Bay 6,06fdd334-f4ea-4b38-a8f6-c31f02e63e31,Brandon Truong,53,48.61,24,59.24,Carry Optics,B,TY111128,MINOR,,65.1637,53.4712,4.6377,20.70,16,,5,1,,,,,,
938bb97e-cdb4-4647-b3b1-5311920f0952,GPS USPSA May 2023,2023-05-28,3,Bay 6,06fdd334-f4ea-4b38-a8f6-c31f02e63e31,jason Yin,54,48.11,25,58.63,Carry Optics,U,A148906,MINOR,,64.4921,52.9200,4.5899,23.53,21,,1,,,,,,,
938bb97e-cdb4-4647-b3b1-5311920f0952,GPS USPSA May 2023,2023-05-28,3,Bay 6,06fdd334-f4ea-4b38-a8f6-c31f02e63e31,Anthony Smallwood,55,47.78,10,56.12,Limited Optics,U,TY94508,MINOR,Senior,61.7279,52.5534,4.5581,21.50,17,,4,1,,,,,,
938bb97e-cdb4-4647-b3b1-5311920f0952,GPS USPSA May 2023,2023-05-28,3,Bay 6,06fdd334-f4ea-4b38-a8f6-c31f02e63e31,Sean Frederick,56,47.75,26,58.19,Carry Optics,U,A149482,MINOR,,64.0101,52.5246,4.5556,22.39,18,,4,,,,,,,
938bb97e-cdb4-4647-b3b1-5311920f0952,GPS USPSA May 2023,2023-05-28,3,Bay 6,06fdd334-f4ea-4b38-a8f6-c31f02e63e31,Gennady Khokhorin,57,47.27,4,68.14,Production,C,A123884,MINOR,Super Senior,74.9531,52.0011,4.5102,20.62,20,,1,,1,,,,,
938bb97e-cdb4-4647-b3b1-5311920f0952,GPS USPSA May 2023,2023-05-28,3,Bay 6,06fdd334-f4ea-4b38-a8f6-c31f02e63e31,Joseph White,58,47.23,27,57.56,Carry Optics,B,A135489,MINOR,Law Enforcement,63.3132,51.9527,4.5060,18.42,16,,4,1,1,,,,,
938bb97e-cdb4-4647-b3b1-5311920f0952,GPS USPSA May 2023,2023-05-28,3,Bay 6,06fdd334-f4ea-4b38-a8f6-c31f02e63e31,George Zhou,59,45.75,28,55.76,Carry Optics,C,A146179,MINOR,Senior,61.3362,50.3305,4.3653,19.93,18,,2,1,1,,,,,
938bb97e-cdb4-4647-b3b1-5311920f0952,GPS USPSA May 2023,2023-05-28,3,Bay 6,06fdd334-f4ea-4b38-a8f6-c31f02e63e31,John Hanna,60,45.65,29,55.63,Carry Optics,C,a138989,MINOR,Senior,61.1915,50.2117,4.3550,24.34,20,,2,,,,,,,
938bb97e-cdb4-4647-b3b1-5311920f0952,GPS USPSA May 2023,2023-05-28,3,Bay 6,06fdd334-f4ea-4b38-a8f6-c31f02e63e31,Oscar Mendoza,61,45.33,30,55.25,Carry Optics,U,0,MINOR,Law Enforcement,60.7728,49.8681,4.3252,24.97,21,,1,,,,,,,
938bb97e-cdb4-4647-b3b1-5311920f0952,GPS USPSA May 2023,2023-05-28,3,Bay 6,06fdd334-f4ea-4b38-a8f6-c31f02e63e31,Virak Meas,62,45.09,11,52.96,Limited Optics,U,0,MINOR,,58.2583,49.5995,4.3019,24.64,20,,2,,,,,,,
938bb97e-cdb4-4647-b3b1-5311920f0952,GPS USPSA May 2023,2023-05-28,3,Bay 6,06fdd334-f4ea-4b38-a8f6-c31f02e63e31,Danny Zlotnik,63,44.31,31,53.99,Carry Optics,C,L4786,MINOR,,59.3944,48.7371,4.2271,24.13,18,,4,,,,,,,
938bb97e-cdb4-4647-b3b1-5311920f0952,GPS USPSA May 2023,2023-05-28,3,Bay 6,06fdd334-f4ea-4b38-a8f6-c31f02e63e31,Heath Helgeson,64,43.71,32,53.26,Carry Optics,U,A149129,MINOR,,58.5893,48.0764,4.1698,26.38,22,,,,,,,,,
938bb97e-cdb4-4647-b3b1-5311920f0952,GPS USPSA May 2023,2023-05-28,3,Bay 6,06fdd334-f4ea-4b38-a8f6-c31f02e63e31,Kevin Pausicles,65,42.66,33,51.99,Carry Optics,U,A146221,MINOR,Foreign,57.1898,46.9281,4.0702,25.06,18,,4,,,,,,,
938bb97e-cdb4-4647-b3b1-5311920f0952,GPS USPSA May 2023,2023-05-28,3,Bay 6,06fdd334-f4ea-4b38-a8f6-c31f02e63e31,Eric Horn,66,42.65,2,85.02,Limited,U,A149467,MINOR,,93.5269,46.9154,4.0691,26.05,20,,2,,,,,,,
938bb97e-cdb4-4647-b3b1-5311920f0952,GPS USPSA May 2023,2023-05-28,3,Bay 6,06fdd334-f4ea-4b38-a8f6-c31f02e63e31,Jonathan Gutierrez,67,40.53,12,40.53,Open,C,A108668,MINOR,,44.5829,44.5829,3.8668,18.62,16,,4,,2,,,,,
938bb97e-cdb4-4647-b3b1-5311920f0952,GPS USPSA May 2023,2023-05-28,3,Bay 6,06fdd334-f4ea-4b38-a8f6-c31f02e63e31,Gerry Tsoi,68,39.08,3,77.90,Limited,U,A151481,MINOR,,85.6891,42.9838,3.7281,27.36,18,,4,,,,,,,
938bb97e-cdb4-4647-b3b1-5311920f0952,GPS USPSA May 2023,2023-05-28,3,Bay 6,06fdd334-f4ea-4b38-a8f6-c31f02e63e31,Yul Kwan,69,38.54,13,38.54,Open,U,0,MINOR,Senior,42.3981,42.3981,3.6773,26.65,17,,4,1,,,,,,
938bb97e-cdb4-4647-b3b1-5311920f0952,GPS USPSA May 2023,2023-05-28,3,Bay 6,06fdd334-f4ea-4b38-a8f6-c31f02e63e31,NeaL NaNDiN,70,35.00,34,42.65,Carry Optics,C,FY71894,MINOR,,46.9158,38.4976,3.3390,23.66,14,,6,1,1,,,,,
938bb97e-cdb4-4647-b3b1-5311920f0952,GPS USPSA May 2023,2023-05-28,3,Bay 6,06fdd334-f4ea-4b38-a8f6-c31f02e63e31,Kacie Tapanila,71,34.00,35,41.43,Carry Optics,U,A135389,MINOR,Lady,45.5726,37.3953,3.2434,27.44,18,,3,,1,,,,,
938bb97e-cdb4-4647-b3b1-5311920f0952,GPS USPSA May 2023,2023-05-28,3,Bay 6,06fdd334-f4ea-4b38-a8f6-c31f02e63e31,Abe Valdez,72,32.93,14,32.93,Open,C,A148541,MINOR,,36.2251,36.2251,3.1419,18.46,15,,4,1,2,,,1,,
938bb97e-cdb4-4647-b3b1-5311920f0952,GPS USPSA May 2023,2023-05-28,3,Bay 6,06fdd334-f4ea-4b38-a8f6-c31f02e63e31,Tommy Teas,73,32.15,4,64.10,Limited,B,FY2227,MINOR,Senior,70.5055,35.3673,3.0675,27.71,17,,3,1,1,,,,,
938bb97e-cdb4-4647-b3b1-5311920f0952,GPS USPSA May 2023,2023-05-28,3,Bay 6,06fdd334-f4ea-4b38-a8f6-c31f02e63e31,matt baum,74,29.03,15,29.03,Open,U,A141110,MINOR,,31.9326,31.9326,2.7696,33.94,14,,8,,,,,,,
938bb97e-cdb4-4647-b3b1-5311920f0952,GPS USPSA May 2023,2023-05-28,3,Bay 6,06fdd334-f4ea-4b38-a8f6-c31f02e63e31,Orlando Cruz,75,24.30,5,48.43,Limited,U,A150010,MINOR,,53.2784,26.7258,2.3180,40.12,20,,1,,1,,,,,
938bb97e-cdb4-4647-b3b1-5311920f0952,GPS USPSA May 2023,2023-05-28,3,Bay 6,06fdd334-f4ea-4b38-a8f6-c31f02e63e31,Dale Hamm,76,22.99,6,45.84,Limited,C,TY97196,MAJOR,Senior,50.4215,25.2926,2.1937,46.04,15,,6,1,,,,,,
938bb97e-cdb4-4647-b3b1-5311920f0952,GPS USPSA May 2023,2023-05-28,3,Bay 6,06fdd334-f4ea-4b38-a8f6-c31f02e63e31,Rico Bautista,77,21.26,5,30.65,Production,B,0,MINOR,Senior,33.7141,23.3902,2.0287,45.35,15,,5,2,,,,,,
938bb97e-cdb4-4647-b3b1-5311920f0952,GPS USPSA May 2023,2023-05-28,3,Bay 6,06fdd334-f4ea-4b38-a8f6-c31f02e63e31,Edward Yu,78,17.82,6,25.69,Production,U,A148356,MINOR,Law Enforcement,28.2582,19.6051,1.7004,31.17,15,,2,2,3,,,,,
938bb97e-cdb4-4647-b3b1-5311920f0952,GPS USPSA May 2023,2023-05-28,3,Bay 6,06fdd334-f4ea-4b38-a8f6-c31f02e63e31,Gigi Bautista,79,13.28,7,19.14,Production,B,0,MINOR,Lady,21.0541,14.6069,1.2669,80.51,18,,4,,,,,,,
938bb97e-cdb4-4647-b3b1-5311920f0952,GPS USPSA May 2023,2023-05-28,3,Bay 6,06fdd334-f4ea-4b38-a8f6-c31f02e63e31,August Balagtas,80,0.00,16,0.00,Open,M,L3674,MAJOR,,0.0000,0.0000,,,,,,,,,,,,
938bb97e-cdb4-4647-b3b1-5311920f0952,GPS USPSA May 2023,2023-05-28,3,Bay 6,06fdd334-f4ea-4b38-a8f6-c31f02e63e31,Teddy Elarmo,81,0.00,36,0.00,Carry Optics,U,A142885,MINOR,,0.0000,0.0000,,,,,,,,,,,,
938bb97e-cdb4-4647-b3b1-5311920f0952,GPS USPSA May 2023,2023-05-28,3,Bay 6,06fdd334-f4ea-4b38-a8f6-c31f02e63e31,Mike Kahl,82,0.00,37,0.00,Carry Optics,A,TY70984,MINOR,Super Senior,0.0000,0.0000,,,,,,,,,,,,
938bb97e-cdb4-4647-b3b1-5311920f0952,GPS USPSA May 2023,2023-05-28,4,Bay 7,0b6fae86-c955-4027-9a67-2cfd8a3466b0,Corey Slifko,1,100.00,1,100.00,Open,A,82935,MAJOR,,100.0000,100.0000,5.7471,15.66,14,,4,2,,,,,,
938bb97e-cdb4-4647-b3b1-5311920f0952,GPS USPSA May 2023,2023-05-28,4,Bay 7,0b6fae86-c955-4027-9a67-2cfd8a3466b0,Mike Junco,2,94.98,1,100.00,Carry Optics,M,TY34819,MINOR,Senior; Law Enforcement,100.0000,94.9836,5.4588,17.22,17,,3,,,,,,,
938bb97e-cdb4-4647-b3b1-5311920f0952,GPS USPSA May 2023,2023-05-28,4,Bay 7,0b6fae86-c955-4027-9a67-2cfd8a3466b0,Wade Pruetz,3,94.44,2,94.44,Open,A,TY79055,MAJOR,Senior,94.4355,94.4355,5.4273,17.32,14,,6,,,,,,,
938bb97e-cdb4-4647-b3b1-5311920f0952,GPS USPSA May 2023,2023-05-28,4,Bay 7,0b6fae86-c955-4027-9a67-2cfd8a3466b0,Sheng Onia,4,87.56,1,100.00,Limited Optics,U,0,MINOR,,100.0000,87.5607,5.0322,17.09,14,,5,1,,,,,,
938bb97e-cdb4-4647-b3b1-5311920f0952,GPS USPSA May 2023,2023-05-28,4,Bay 7,0b6fae86-c955-4027-9a67-2cfd8a3466b0,Jorge Cahas,5,86.95,3,86.95,Open,B,F-44522,MAJOR,Senior,86.9517,86.9517,4.9972,18.01,12,,7,1,,,,,,
938bb97e-cdb4-4647-b3b1-5311920f0952,GPS USPSA May 2023,2023-05-28,4,Bay 7,0b6fae86-c955-4027-9a67-2cfd8a3466b0,Qingbang Cai,6,86.91,2,91.50,Carry Optics,B,A148273,MINOR,,91.5000,86.9099,4.9948,19.22,18,,2,,,,,,,
938bb97e-cdb4-4647-b3b1-5311920f0952,GPS USPSA May 2023,2023-05-28,4,Bay 7,0b6fae86-c955-4027-9a67-2cfd8a3466b0,Matthew Gonzalez,7,84.60,3,89.07,Carry Optics,B,A119810,MINOR,,89.0654,84.5974,4.8619,18.10,15,,4,1,,,,,,
938bb97e-cdb4-4647-b3b1-5311920f0952,GPS USPSA May 2023,2023-05-28,4,Bay 7,0b6fae86-c955-4027-9a67-2cfd8a3466b0,Gil Yolo,8,84.43,4,84.43,Open,M,L5228,MAJOR,,84.4269,84.4269,4.8521,16.90,16,,3,,1,,,,,
938bb97e-cdb4-4647-b3b1-5311920f0952,GPS USPSA May 2023,2023-05-28,4,Bay 7,0b6fae86-c955-4027-9a67-2cfd8a3466b0,Abrahan Figueroa,9,84.28,5,84.28,Open,C,TY54053,MAJOR,Senior,84.2842,84.2842,4.8439,18.58,14,,4,2,,,,,,
938bb97e-cdb4-4647-b3b1-5311920f0952,GPS USPSA May 2023,2023-05-28,4,Bay 7,0b6fae86-c955-4027-9a67-2cfd8a3466b0,Joaquin Corrales,10,83.69,2,95.58,Limited Optics,U,A143001,MINOR,,95.5805,83.6909,4.8098,17.88,15,,3,2,,,,,,
938bb97e-cdb4-4647-b3b1-5311920f0952,GPS USPSA May 2023,2023-05-28,4,Bay 7,0b6fae86-c955-4027-9a67-2cfd8a3466b0,Brandon Foss,11,81.73,4,86.05,Carry Optics,M,L5142,MINOR,,86.0482,81.7317,4.6972,17.67,18,,1,,1,,,,,
938bb97e-cdb4-4647-b3b1-5311920f0952,GPS USPSA May 2023,2023-05-28,4,Bay 7,0b6fae86-c955-4027-9a67-2cfd8a3466b0,hayden boatcallie,12,81.34,1,100.00,PCC,C,a143344,MINOR,,100.0000,81.3419,4.6748,19.68,16,,4,,,,,,,
938bb97e-cdb4-4647-b3b1-5311920f0952,GPS USPSA May 2023,2023-05-28,4,Bay 7,0b6fae86-c955-4027-9a67-2cfd8a3466b0,Arnold Gee,13,81.12,6,81.12,Open,B,TY103519,MAJOR,Senior,81.1174,81.1174,4.6619,19.52,15,,3,2,,,,,,
938bb97e-cdb4-4647-b3b1-5311920f0952,GPS USPSA May 2023,2023-05-28,4,Bay 7,0b6fae86-c955-4027-9a67-2cfd8a3466b0,Jason Wells,14,80.58,5,84.84,Carry Optics,A,L5218,MINOR,,84.8355,80.5798,4.6310,20.73,18,,2,,,,,,,
938bb97e-cdb4-4647-b3b1-5311920f0952,GPS USPSA May 2023,2023-05-28,4,Bay 7,0b6fae86-c955-4027-9a67-2cfd8a3466b0,Christopher Boatcallie,15,78.89,2,96.99,PCC,C,A104118,MINOR,,96.9881,78.8920,4.5340,19.85,15,,5,,,,,,,
938bb97e-cdb4-4647-b3b1-5311920f0952,GPS USPSA May 2023,2023-05-28,4,Bay 7,0b6fae86-c955-4027-9a67-2cfd8a3466b0,Matthew Givens,16,78.47,3,96.47,PCC,C,ty137686,MINOR,,96.4704,78.4709,4.5098,20.40,16,,4,,,,,,,
938bb97e-cdb4-4647-b3b1-5311920f0952,GPS USPSA May 2023,2023-05-28,4,Bay 7,0b6fae86-c955-4027-9a67-2cfd8a3466b0,Gary Wu,17,77.93,7,77.93,Open,B,L2998,MAJOR,Senior,77.9350,77.9350,4.4790,21.88,18,,2,,,,,,,
938bb97e-cdb4-4647-b3b1-5311920f0952,GPS USPSA May 2023,2023-05-28,4,Bay 7,0b6fae86-c955-4027-9a67-2cfd8a3466b0,Tyler Kenny,18,76.39,6,80.42,Carry Optics,C,A148691,MINOR,,80.4243,76.3898,4.3902,20.50,16,,3,1,,,,,,
938bb97e-cdb4-4647-b3b1-5311920f0952,GPS USPSA May 2023,2023-05-28,4,Bay 7,0b6fae86-c955-4027-9a67-2cfd8a3466b0,Jonathan Backof,19,76.19,7,80.22,Carry Optics,C,L5308,MINOR,,80.2173,76.1932,4.3789,21.01,17,,2,1,,,,,,
938bb97e-cdb4-4647-b3b1-5311920f0952,GPS USPSA May 2023,2023-05-28,4,Bay 7,0b6fae86-c955-4027-9a67-2cfd8a3466b0,Patrick Houstoun,20,74.52,8,78.45,Carry Optics,U,A148442,MINOR,Junior,78.4513,74.5158,4.2825,21.95,17,,3,,,,,,,
938bb97e-cdb4-4647-b3b1-5311920f0952,GPS USPSA May 2023,2023-05-28,4,Bay 7,0b6fae86-c955-4027-9a67-2cfd8a3466b0,Drew Yang,21,74.32,1,100.00,Production,B,FY138478,MINOR,,100.0000,74.3175,4.2711,21.54,17,,2,1,,,,,,
938bb97e-cdb4-4647-b3b1-5311920f0952,GPS USPSA May 2023,2023-05-28,4,Bay 7,0b6fae86-c955-4027-9a67-2cfd8a3466b0,Christian Corsi,22,73.68,9,77.58,Carry Optics,U,A150957,MINOR,,77.5757,73.6841,4.2347,19.60,18,,1,,1,,,,,
938bb97e-cdb4-4647-b3b1-5311920f0952,GPS USPSA May 2023,2023-05-28,4,Bay 7,0b6fae86-c955-4027-9a67-2cfd8a3466b0,Matt Lem,23,73.58,10,77.47,Carry Optics,M,FY34763,MINOR,Senior,77.4657,73.5797,4.2287,20.81,15,,4,1,,,,,,
938bb97e-cdb4-4647-b3b1-5311920f0952,GPS USPSA May 2023,2023-05-28,4,Bay 7,0b6fae86-c955-4027-9a67-2cfd8a3466b0,Manny Nerona,24,73.52,3,83.97,Limited Optics,U,A69445,MINOR,,83.9673,73.5223,4.2254,21.30,16,,3,1,,,,,,
938bb97e-cdb4-4647-b3b1-5311920f0952,GPS USPSA May 2023,2023-05-28,4,Bay 7,0b6fae86-c955-4027-9a67-2cfd8a3466b0,Doug Joder,25,72.90,4,89.62,PCC,B,TY115020,MINOR,,89.6167,72.8959,4.1894,21.96,16,,4,,,,,,,
938bb97e-cdb4-4647-b3b1-5311920f0952,GPS USPSA May 2023,2023-05-28,4,Bay 7,0b6fae86-c955-4027-9a67-2cfd8a3466b0,Eric Horn,26,72.76,1,100.00,Limited,U,A149467,MINOR,,100.0000,72.7584,4.1815,22.48,17,,3,,,,,,,
938bb97e-cdb4-4647-b3b1-5311920f0952,GPS USPSA May 2023,2023-05-28,4,Bay 7,0b6fae86-c955-4027-9a67-2cfd8a3466b0,Jason Knopp,27,72.33,11,76.14,Carry Optics,U,A148175,MINOR,Law Enforcement,76.1449,72.3252,4.1566,20.69,14,,5,1,,,,,,
938bb97e-cdb4-4647-b3b1-5311920f0952,GPS USPSA May 2023,2023-05-28,4,Bay 7,0b6fae86-c955-4027-9a67-2cfd8a3466b0,Jerry Bedro,28,72.14,8,72.14,Open,X,A1,MAJOR,,72.1442,72.1442,4.1462,22.43,15,,4,1,,,,,,
938bb97e-cdb4-4647-b3b1-5311920f0952,GPS USPSA May 2023,2023-05-28,4,Bay 7,0b6fae86-c955-4027-9a67-2cfd8a3466b0,Jennifer Kleiber-Boatcallie,29,71.41,5,87.79,PCC,C,A142192,MINOR,Lady,87.7899,71.4099,4.1040,21.93,17,,1,2,,,,,,
938bb97e-cdb4-4647-b3b1-5311920f0952,GPS USPSA May 2023,2023-05-28,4,Bay 7,0b6fae86-c955-4027-9a67-2cfd8a3466b0,Devin Yolo,30,71.27,12,75.04,Carry Optics,B,A112987,MINOR,,75.0366,71.2725,4.0961,18.31,14,,5,,1,,,,,
938bb97e-cdb4-4647-b3b1-5311920f0952,GPS USPSA May 2023,2023-05-28,4,Bay 7,0b6fae86-c955-4027-9a67-2cfd8a3466b0,William Strannix,31,71.21,2,95.82,Production,A,TY123776,MINOR,,95.8184,71.2098,4.0925,22.48,16,,4,,,,,,,
938bb97e-cdb4-4647-b3b1-5311920f0952,GPS USPSA May 2023,2023-05-28,4,Bay 7,0b6fae86-c955-4027-9a67-2cfd8a3466b0,Anthony Fong,32,70.81,13,74.55,Carry Optics,B,A142224,MINOR,,74.5494,70.8096,4.0695,18.43,14,,5,,1,,,,,
938bb97e-cdb4-4647-b3b1-5311920f0952,GPS USPSA May 2023,2023-05-28,4,Bay 7,0b6fae86-c955-4027-9a67-2cfd8a3466b0,Ryan Jaw,33,69.25,4,79.09,Limited Optics,U,A142907,MINOR,,79.0926,69.2541,3.9801,24.12,18,,2,,,,,,,
938bb97e-cdb4-4647-b3b1-5311920f0952,GPS USPSA May 2023,2023-05-28,4,Bay 7,0b6fae86-c955-4027-9a67-2cfd8a3466b0,John Brunkhorst,34,69.16,14,72.81,Carry Optics,B,A116144,MINOR,,72.8109,69.1584,3.9746,23.65,17,,3,,,,,,,
938bb97e-cdb4-4647-b3b1-5311920f0952,GPS USPSA May 2023,2023-05-28,4,Bay 7,0b6fae86-c955-4027-9a67-2cfd8a3466b0,Antonio Tormis,35,68.49,9,68.49,Open,U,A124958,MAJOR,,68.4902,68.4902,3.9362,20.07,13,,6,,1,,,,,
938bb97e-cdb4-4647-b3b1-5311920f0952,GPS USPSA May 2023,2023-05-28,4,Bay 7,0b6fae86-c955-4027-9a67-2cfd8a3466b0,Devin Griffith,36,67.77,15,71.35,Carry Optics,B,A116098,MINOR,,71.3508,67.7716,3.8949,22.08,14,,5,1,,,,,,
938bb97e-cdb4-4647-b3b1-5311920f0952,GPS USPSA May 2023,2023-05-28,4,Bay 7,0b6fae86-c955-4027-9a67-2cfd8a3466b0,Gilbert Goodman,37,67.48,16,71.04,Carry Optics,X,A145861,MINOR,,71.0394,67.4758,3.8779,24.24,17,,3,,,,,,,
938bb97e-cdb4-4647-b3b1-5311920f0952,GPS USPSA May 2023,2023-05-28,4,Bay 7,0b6fae86-c955-4027-9a67-2cfd8a3466b0,Abe Valdez,38,67.11,10,67.11,Open,C,A148541,MINOR,,67.1069,67.1069,3.8567,25.41,19,,1,,,,,,,
938bb97e-cdb4-4647-b3b1-5311920f0952,GPS USPSA May 2023,2023-05-28,4,Bay 7,0b6fae86-c955-4027-9a67-2cfd8a3466b0,Jonathan Gutierrez,39,66.38,11,66.38,Open,C,A108668,MINOR,,66.3848,66.3848,3.8152,23.59,15,,5,,,,,,,
938bb97e-cdb4-4647-b3b1-5311920f0952,GPS USPSA May 2023,2023-05-28,4,Bay 7,0b6fae86-c955-4027-9a67-2cfd8a3466b0,jason Yin,40,66.33,17,69.83,Carry Optics,U,A148906,MINOR,,69.8304,66.3274,3.8119,23.61,15,,5,,,,,,,
938bb97e-cdb4-4647-b3b1-5311920f0952,GPS USPSA May 2023,2023-05-28,4,Bay 7,0b6fae86-c955-4027-9a67-2cfd8a3466b0,John Hanna,41,66.02,18,69.51,Carry Optics,C,a138989,MINOR,Senior,69.5116,66.0246,3.7945,25.30,18,,2,,,,,,,
938bb97e-cdb4-4647-b3b1-5311920f0952,GPS USPSA May 2023,2023-05-28,4,Bay 7,0b6fae86-c955-4027-9a67-2cfd8a3466b0,Anthony Boatcallie,42,65.65,19,69.11,Carry Optics,C,A143613,MINOR,,69.1123,65.6453,3.7727,20.41,15,,4,,1,,,,,
938bb97e-cdb4-4647-b3b1-5311920f0952,GPS USPSA May 2023,2023-05-28,4,Bay 7,0b6fae86-c955-4027-9a67-2cfd8a3466b0,Garrick Gonzalez,43,65.13,20,68.57,Carry Optics,B,A119804,MINOR,,68.5737,65.1337,3.7433,20.57,16,,2,1,1,,,,,
938bb97e-cdb4-4647-b3b1-5311920f0952,GPS USPSA May 2023,2023-05-28,4,Bay 7,0b6fae86-c955-4027-9a67-2cfd8a3466b0,Pete Kirchner,44,64.29,21,67.69,Carry Optics,A,TY105743,MINOR,,67.6889,64.2933,3.6950,21.38,16,,3,,1,,,,,
938bb97e-cdb4-4647-b3b1-5311920f0952,GPS USPSA May 2023,2023-05-28,4,Bay 7,0b6fae86-c955-4027-9a67-2cfd8a3466b0,NeaL NaNDiN,45,63.69,22,67.05,Carry Optics,C,FY71894,MINOR,,67.0495,63.6860,3.6601,22.95,13,,6,1,,,,,,
938bb97e-cdb4-4647-b3b1-5311920f0952,GPS USPSA May 2023,2023-05-28,4,Bay 7,0b6fae86-c955-4027-9a67-2cfd8a3466b0,Michael Pontious,46,61.63,23,64.88,Carry Optics,B,Fy94575,MINOR,Senior,64.8842,61.6293,3.5419,21.74,16,,2,1,1,,,,,
938bb97e-cdb4-4647-b3b1-5311920f0952,GPS USPSA May 2023,2023-05-28,4,Bay 7,0b6fae86-c955-4027-9a67-2cfd8a3466b0,Anthony Smallwood,47,61.27,5,69.98,Limited Optics,U,TY94508,MINOR,Senior,69.9773,61.2726,3.5214,27.83,19,,1,,,,,,,
938bb97e-cdb4-4647-b3b1-5311920f0952,GPS USPSA May 2023,2023-05-28,4,Bay 7,0b6fae86-c955-4027-9a67-2cfd8a3466b0,Skippy Fullerton,48,59.82,6,68.32,Limited Optics,U,A140572,MINOR,,68.3180,59.8197,3.4379,23.27,13,,4,3,,,,,,
938bb97e-cdb4-4647-b3b1-5311920f0952,GPS USPSA May 2023,2023-05-28,4,Bay 7,0b6fae86-c955-4027-9a67-2cfd8a3466b0,Joseph White,49,57.57,24,60.61,Carry Optics,B,A135489,MINOR,Law Enforcement,60.6141,57.5734,3.3088,27.20,16,,3,1,,,,,,
938bb97e-cdb4-4647-b3b1-5311920f0952,GPS USPSA May 2023,2023-05-28,4,Bay 7,0b6fae86-c955-4027-9a67-2cfd8a3466b0,Danny Zlotnik,50,56.68,25,59.68,Carry Optics,C,L4786,MINOR,,59.6780,56.6842,3.2577,24.25,16,,3,,1,,,,,
938bb97e-cdb4-4647-b3b1-5311920f0952,GPS USPSA May 2023,2023-05-28,4,Bay 7,0b6fae86-c955-4027-9a67-2cfd8a3466b0,Brandon Truong,51,56.21,26,59.17,Carry Optics,B,TY111128,MINOR,,59.1742,56.2057,3.2302,21.98,14,,3,2,1,,,,,
938bb97e-cdb4-4647-b3b1-5311920f0952,GPS USPSA May 2023,2023-05-28,4,Bay 7,0b6fae86-c955-4027-9a67-2cfd8a3466b0,Heath Helgeson,52,55.94,27,58.89,Carry Optics,U,A149129,MINOR,,58.8921,55.9378,3.2148,29.24,17,,3,,,,,,,
938bb97e-cdb4-4647-b3b1-5311920f0952,GPS USPSA May 2023,2023-05-28,4,Bay 7,0b6fae86-c955-4027-9a67-2cfd8a3466b0,Kevin Pausicles,53,55.15,28,58.07,Carry Optics,U,A146221,MINOR,Foreign,58.0677,55.1548,3.1698,23.03,15,,2,2,1,,,,,
938bb97e-cdb4-4647-b3b1-5311920f0952,GPS USPSA May 2023,2023-05-28,4,Bay 7,0b6fae86-c955-4027-9a67-2cfd8a3466b0,Cristian Garcia,54,55.11,7,62.94,Limited Optics,U,FY145753,MINOR,,62.9387,55.1095,3.1672,25.89,14,,3,3,,,,,,
938bb97e-cdb4-4647-b3b1-5311920f0952,GPS USPSA May 2023,2023-05-28,4,Bay 7,0b6fae86-c955-4027-9a67-2cfd8a3466b0,Gennady Khokhorin,55,54.42,3,73.22,Production,C,A123884,MINOR,Super Senior,73.2224,54.4170,3.1274,26.54,18,,1,,1,,,,,
938bb97e-cdb4-4647-b3b1-5311920f0952,GPS USPSA May 2023,2023-05-28,4,Bay 7,0b6fae86-c955-4027-9a67-2cfd8a3466b0,Tommy Teas,56,54.16,2,74.44,Limited,B,FY2227,MINOR,Senior,74.4422,54.1630,3.1128,25.70,13,,4,3,,,,,,
938bb97e-cdb4-4647-b3b1-5311920f0952,GPS USPSA May 2023,2023-05-28,4,Bay 7,0b6fae86-c955-4027-9a67-2cfd8a3466b0,Carlos Escandon,57,52.16,3,71.69,Limited,B,L2590,MAJOR,Super Senior,71.6920,52.1620,2.9978,27.02,15,,4,,1,,,,,
938bb97e-cdb4-4647-b3b1-5311920f0952,GPS USPSA May 2023,2023-05-28,4,Bay 7,0b6fae86-c955-4027-9a67-2cfd8a3466b0,Virak Meas,58,51.58,8,58.91,Limited Optics,U,0,MINOR,,58.9126,51.5843,2.9646,22.60,11,,7,1,1,,,,,
938bb97e-cdb4-4647-b3b1-5311920f0952,GPS USPSA May 2023,2023-05-28,4,Bay 7,0b6fae86-c955-4027-9a67-2cfd8a3466b0,Rene Zalamea,59,51.46,12,51.46,Open,C,A66891,MAJOR,Senior,51.4607,51.4607,2.9575,21.64,14,,3,1,2,,,,,
938bb97e-cdb4-4647-b3b1-5311920f0952,GPS USPSA May 2023,2023-05-28,4,Bay 7,0b6fae86-c955-4027-9a67-2cfd8a3466b0,Jun Wu,60,51.14,29,53.84,Carry Optics,B,Ty104927,MINOR,,53.8378,51.1371,2.9389,25.52,15,,3,1,1,,,,,
938bb97e-cdb4-4647-b3b1-5311920f0952,GPS USPSA May 2023,2023-05-28,4,Bay 7,0b6fae86-c955-4027-9a67-2cfd8a3466b0,Benjamin Michael,61,50.46,4,67.90,Production,C,L5472,MINOR,,67.8982,50.4602,2.9000,29.31,19,,,,1,,,,,
938bb97e-cdb4-4647-b3b1-5311920f0952,GPS USPSA May 2023,2023-05-28,4,Bay 7,0b6fae86-c955-4027-9a67-2cfd8a3466b0,Sean Frederick,62,49.20,30,51.79,Carry Optics,U,A149482,MINOR,,51.7934,49.1952,2.8273,25.82,13,,6,,1,,,,,
938bb97e-cdb4-4647-b3b1-5311920f0952,GPS USPSA May 2023,2023-05-28,4,Bay 7,0b6fae86-c955-4027-9a67-2cfd8a3466b0,Dale Hamm,63,48.74,4,66.99,Limited,C,TY97196,MAJOR,Senior,66.9879,48.7394,2.8011,32.13,14,,4,2,,,,,,
938bb97e-cdb4-4647-b3b1-5311920f0952,GPS USPSA May 2023,2023-05-28,4,Bay 7,0b6fae86-c955-4027-9a67-2cfd8a3466b0,Oscar Mendoza,64,47.85,31,50.38,Carry Optics,U,0,MINOR,Law Enforcement,50.3792,47.8520,2.7501,29.09,13,,4,3,,,,,,
938bb97e-cdb4-4647-b3b1-5311920f0952,GPS USPSA May 2023,2023-05-28,4,Bay 7,0b6fae86-c955-4027-9a67-2cfd8a3466b0,Rudy Widiaman,65,47.53,9,54.29,Limited Optics,U,0,MINOR,,54.2864,47.5335,2.7318,25.99,14,,3,2,1,,,,,
938bb97e-cdb4-4647-b3b1-5311920f0952,GPS USPSA May 2023,2023-05-28,4,Bay 7,0b6fae86-c955-4027-9a67-2cfd8a3466b0,CHAN WILLIAM,66,47.28,10,54.00,Limited Optics,U,TY97870,MINOR,,54.0002,47.2830,2.7174,16.56,12,,5,,3,,,,,
938bb97e-cdb4-4647-b3b1-5311920f0952,GPS USPSA May 2023,2023-05-28,4,Bay 7,0b6fae86-c955-4027-9a67-2cfd8a3466b0,JC Aguinaldo,67,44.85,11,51.22,Limited Optics,U,A147256,MINOR,,51.2201,44.8487,2.5775,24.83,15,,3,,2,,,,,
938bb97e-cdb4-4647-b3b1-5311920f0952,GPS USPSA May 2023,2023-05-28,4,Bay 7,0b6fae86-c955-4027-9a67-2cfd8a3466b0,Jon Kirk,68,44.47,32,46.82,Carry Optics,U,A151462,MINOR,Law Enforcement,46.8180,44.4694,2.5557,27.39,18,,,,2,,,,,
938bb97e-cdb4-4647-b3b1-5311920f0952,GPS USPSA May 2023,2023-05-28,4,Bay 7,0b6fae86-c955-4027-9a67-2cfd8a3466b0,George Zhou,69,43.04,33,45.32,Carry Optics,C,A146179,MINOR,Senior,45.3158,43.0426,2.4737,29.51,15,,2,2,1,,,,,
938bb97e-cdb4-4647-b3b1-5311920f0952,GPS USPSA May 2023,2023-05-28,4,Bay 7,0b6fae86-c955-4027-9a67-2cfd8a3466b0,Kacie Tapanila,70,40.65,34,42.80,Carry Optics,U,A135389,MINOR,Lady,42.7951,40.6483,2.3361,28.68,13,,3,3,1,,,,,
938bb97e-cdb4-4647-b3b1-5311920f0952,GPS USPSA May 2023,2023-05-28,4,Bay 7,0b6fae86-c955-4027-9a67-2cfd8a3466b0,Adam Bandiera,71,40.65,35,42.80,Carry Optics,U,A148375,MINOR,,42.7951,40.6483,2.3361,35.53,18,,1,,1,,,,,
938bb97e-cdb4-4647-b3b1-5311920f0952,GPS USPSA May 2023,2023-05-28,4,Bay 7,0b6fae86-c955-4027-9a67-2cfd8a3466b0,Phil Truong,72,36.70,13,36.70,Open,B,FY128600,MINOR,,36.7020,36.7020,2.1093,23.23,14,,3,,3,,,,,
938bb97e-cdb4-4647-b3b1-5311920f0952,GPS USPSA May 2023,2023-05-28,4,Bay 7,0b6fae86-c955-4027-9a67-2cfd8a3466b0,Orlando Cruz,73,35.10,5,48.24,Limited,U,A150010,MINOR,,48.2387,35.0977,2.0171,45.61,17,,2,1,,,,,,
938bb97e-cdb4-4647-b3b1-5311920f0952,GPS USPSA May 2023,2023-05-28,4,Bay 7,0b6fae86-c955-4027-9a67-2cfd8a3466b0,matt baum,74,25.86,14,25.86,Open,U,A141110,MINOR,,25.8583,25.8583,1.4861,34.99,12,,3,3,2,,,,,
938bb97e-cdb4-4647-b3b1-5311920f0952,GPS USPSA May 2023,2023-05-28,4,Bay 7,0b6fae86-c955-4027-9a67-2cfd8a3466b0,Edward Yu,75,25.17,5,33.87,Production,U,A148356,MINOR,Law Enforcement,33.8672,25.1692,1.4465,31.11,14,,1,2,3,,,,,
938bb97e-cdb4-4647-b3b1-5311920f0952,GPS USPSA May 2023,2023-05-28,4,Bay 7,0b6fae86-c955-4027-9a67-2cfd8a3466b0,Gerry Tsoi,76,21.20,6,29.14,Limited,U,A151481,MINOR,,29.1403,21.2020,1.2185,34.47,12,,3,3,2,,,1,,
938bb97e-cdb4-4647-b3b1-5311920f0952,GPS USPSA May 2023,2023-05-28,4,Bay 7,0b6fae86-c955-4027-9a67-2cfd8a3466b0,Yul Kwan,77,11.91,15,11.91,Open,U,0,MINOR,Senior,11.9069,11.9069,0.6843,32.15,13,,2,1,4,,,1,,
938bb97e-cdb4-4647-b3b1-5311920f0952,GPS USPSA May 2023,2023-05-28,4,Bay 7,0b6fae86-c955-4027-9a67-2cfd8a3466b0,Rico Bautista,78,2.72,6,3.65,Production,B,0,MINOR,Senior,3.6548,2.7162,0.1561,44.83,12,,2,1,5,,,1,,
938bb97e-cdb4-4647-b3b1-5311920f0952,GPS USPSA May 2023,2023-05-28,4,Bay 7,0b6fae86-c955-4027-9a67-2cfd8a3466b0,Gigi Bautista,79,1.93,7,2.60,Production,B,0,MINOR,Lady,2.6012,1.9331,0.1111,99.02,10,,3,2,5,,,,,
938bb97e-cdb4-4647-b3b1-5311920f0952,GPS USPSA May 2023,2023-05-28,4,Bay 7,0b6fae86-c955-4027-9a67-2cfd8a3466b0,August Balagtas,80,0.00,16,0.00,Open,M,L3674,MAJOR,,0.0000,0.0000,,,,,,,,,,,,
938bb97e-cdb4-4647-b3b1-5311920f0952,GPS USPSA May 2023,2023-05-28,4,Bay 7,0b6fae86-c955-4027-9a67-2cfd8a3466b0,Teddy Elarmo,81,0.00,36,0.00,Carry Optics,U,A142885,MINOR,,0.0000,0.0000,,,,,,,,,,,,
938bb97e-cdb4-4647-b3b1-5311920f0952,GPS USPSA May 2023,2023-05-28,4,Bay 7,0b6fae86-c955-4027-9a67-2cfd8a3466b0,Mike Kahl,82,0.00,37,0.00,Carry Optics,A,TY70984,MINOR,Super Senior,0.0000,0.0000,,,,,,,,,,,,
938bb97e-cdb4-4647-b3b1-5311920f0952,GPS USPSA May 2023,2023-05-28,5,Bay 8,10ed5495-405f-4da1-a3a0-1734c121727a,Gil Yolo,1,100.00,1,100.00,Open,M,L5228,MAJOR,,100.0000,100.0000,7.0242,13.24,13,,7,,,,,,,
938bb97e-cdb4-4647-b3b1-5311920f0952,GPS USPSA May 2023,2023-05-28,5,Bay 8,10ed5495-405f-4da1-a3a0-1734c121727a,Corey Slifko,2,88.85,2,88.85,Open,A,82935,MAJOR,,88.8528,88.8528,6.2412,14.26,11,,8,1,,,,,,
938bb97e-cdb4-4647-b3b1-5311920f0952,GPS USPSA May 2023,2023-05-28,5,Bay 8,10ed5495-405f-4da1-a3a0-1734c121727a,Arnold Gee,3,84.65,3,84.65,Open,B,TY103519,MAJOR,Senior,84.6488,84.6488,5.9459,14.80,10,,9,1,,,,,,
938bb97e-cdb4-4647-b3b1-5311920f0952,GPS USPSA May 2023,2023-05-28,5,Bay 8,10ed5495-405f-4da1-a3a0-1734c121727a,Brandon Foss,4,83.47,1,100.00,Carry Optics,M,L5142,MINOR,,100.0000,83.4714,5.8632,15.35,15,,5,,,,,,,
938bb97e-cdb4-4647-b3b1-5311920f0952,GPS USPSA May 2023,2023-05-28,5,Bay 8,10ed5495-405f-4da1-a3a0-1734c121727a,Mike Junco,5,77.14,2,92.42,Carry Optics,M,TY34819,MINOR,Senior; Law Enforcement,92.4188,77.1433,5.4187,16.24,14,,6,,,,,,,
938bb97e-cdb4-4647-b3b1-5311920f0952,GPS USPSA May 2023,2023-05-28,5,Bay 8,10ed5495-405f-4da1-a3a0-1734c121727a,Qingbang Cai,6,74.93,3,89.77,Carry Optics,B,A148273,MINOR,,89.7667,74.9295,5.2632,16.34,14,,5,1,,,,,,
938bb97e-cdb4-4647-b3b1-5311920f0952,GPS USPSA May 2023,2023-05-28,5,Bay 8,10ed5495-405f-4da1-a3a0-1734c121727a,Wade Pruetz,7,74.48,4,74.48,Open,A,TY79055,MAJOR,Senior,74.4782,74.4782,5.2315,16.63,11,,7,2,,,,,,
938bb97e-cdb4-4647-b3b1-5311920f0952,GPS USPSA May 2023,2023-05-28,5,Bay 8,10ed5495-405f-4da1-a3a0-1734c121727a,Jorge Cahas,8,74.27,5,74.27,Open,B,F-44522,MAJOR,Senior,74.2704,74.2704,5.2169,17.06,9,,11,,,,,,,
938bb97e-cdb4-4647-b3b1-5311920f0952,GPS USPSA May 2023,2023-05-28,5,Bay 8,10ed5495-405f-4da1-a3a0-1734c121727a,Jason Wells,9,74.00,4,88.65,Carry Optics,A,L5218,MINOR,,88.6530,73.9999,5.1979,16.93,14,,6,,,,,,,
938bb97e-cdb4-4647-b3b1-5311920f0952,GPS USPSA May 2023,2023-05-28,5,Bay 8,10ed5495-405f-4da1-a3a0-1734c121727a,Matthew Gonzalez,10,72.30,5,86.62,Carry Optics,B,A119810,MINOR,,86.6182,72.3015,5.0786,16.54,12,,8,,,,,,,
938bb97e-cdb4-4647-b3b1-5311920f0952,GPS USPSA May 2023,2023-05-28,5,Bay 8,10ed5495-405f-4da1-a3a0-1734c121727a,Sheng Onia,11,71.69,1,100.00,Limited Optics,U,0,MINOR,,100.0000,71.6950,5.0360,16.68,12,,8,,,,,,,
938bb97e-cdb4-4647-b3b1-5311920f0952,GPS USPSA May 2023,2023-05-28,5,Bay 8,10ed5495-405f-4da1-a3a0-1734c121727a,Jerry Bedro,12,68.36,6,68.36,Open,X,A1,MAJOR,,68.3594,68.3594,4.8017,19.16,12,,8,,,,,,,
938bb97e-cdb4-4647-b3b1-5311920f0952,GPS USPSA May 2023,2023-05-28,5,Bay 8,10ed5495-405f-4da1-a3a0-1734c121727a,Christopher Boatcallie,13,66.91,1,100.00,PCC,C,A104118,MINOR,,100.0000,66.9144,4.7002,20.85,19,,1,,,,,,,
938bb97e-cdb4-4647-b3b1-5311920f0952,GPS USPSA May 2023,2023-05-28,5,Bay 8,10ed5495-405f-4da1-a3a0-1734c121727a,Anthony Boatcallie,14,65.74,6,78.76,Carry Optics,C,A143613,MINOR,,78.7556,65.7384,4.6176,20.79,18,,2,,,,,,,
938bb97e-cdb4-4647-b3b1-5311920f0952,GPS USPSA May 2023,2023-05-28,5,Bay 8,10ed5495-405f-4da1-a3a0-1734c121727a,Matt Lem,15,64.67,7,77.47,Carry Optics,M,FY34763,MINOR,Senior,77.4731,64.6679,4.5424,14.75,11,,7,1,1,,,,,
938bb97e-cdb4-4647-b3b1-5311920f0952,GPS USPSA May 2023,2023-05-28,5,Bay 8,10ed5495-405f-4da1-a3a0-1734c121727a,Gilbert Goodman,16,64.43,8,77.19,Carry Optics,X,A145861,MINOR,,77.1899,64.4315,4.5258,20.77,17,,3,,,,,,,
938bb97e-cdb4-4647-b3b1-5311920f0952,GPS USPSA May 2023,2023-05-28,5,Bay 8,10ed5495-405f-4da1-a3a0-1734c121727a,Michael Pontious,17,64.08,9,76.77,Carry Optics,B,Fy94575,MINOR,Senior,76.7721,64.0827,4.5013,19.55,15,,4,1,,,,,,
938bb97e-cdb4-4647-b3b1-5311920f0952,GPS USPSA May 2023,2023-05-28,5,Bay 8,10ed5495-405f-4da1-a3a0-1734c121727a,William Strannix,18,63.56,1,100.00,Production,A,TY123776,MINOR,,100.0000,63.5617,4.4647,19.71,14,,6,,,,,,,
938bb97e-cdb4-4647-b3b1-5311920f0952,GPS USPSA May 2023,2023-05-28,5,Bay 8,10ed5495-405f-4da1-a3a0-1734c121727a,John Brunkhorst,19,63.06,10,75.55,Carry Optics,B,A116144,MINOR,,75.5509,63.0634,4.4297,18.06,13,,4,3,,,,,,
938bb97e-cdb4-4647-b3b1-5311920f0952,GPS USPSA May 2023,2023-05-28,5,Bay 8,10ed5495-405f-4da1-a3a0-1734c121727a,Antonio Tormis,20,61.19,7,61.19,Open,U,A124958,MAJOR,,61.1927,61.1927,4.2983,19.31,5,,14,1,,,,,,
938bb97e-cdb4-4647-b3b1-5311920f0952,GPS USPSA May 2023,2023-05-28,5,Bay 8,10ed5495-405f-4da1-a3a0-1734c121727a,Patrick Houstoun,21,60.75,11,72.78,Carry Optics,U,A148442,MINOR,Junior,72.7794,60.7500,4.2672,21.56,16,,4,,,,,,,
938bb97e-cdb4-4647-b3b1-5311920f0952,GPS USPSA May 2023,2023-05-28,5,Bay 8,10ed5495-405f-4da1-a3a0-1734c121727a,Devin Yolo,22,60.72,12,72.74,Carry Optics,B,A112987,MINOR,,72.7384,60.7158,4.2648,15.71,10,,9,,1,,,,,
938bb97e-cdb4-4647-b3b1-5311920f0952,GPS USPSA May 2023,2023-05-28,5,Bay 8,10ed5495-405f-4da1-a3a0-1734c121727a,Adam Bandiera,23,59.65,13,71.46,Carry Optics,U,A148375,MINOR,,71.4610,59.6495,4.1899,21.48,15,,5,,,,,,,
938bb97e-cdb4-4647-b3b1-5311920f0952,GPS USPSA May 2023,2023-05-28,5,Bay 8,10ed5495-405f-4da1-a3a0-1734c121727a,Joaquin Corrales,24,57.84,2,80.67,Limited Optics,U,A143001,MINOR,,80.6732,57.8386,4.0627,17.23,8,,9,3,,,,,,
938bb97e-cdb4-4647-b3b1-5311920f0952,GPS USPSA May 2023,2023-05-28,5,Bay 8,10ed5495-405f-4da1-a3a0-1734c121727a,Manny Nerona,25,57.42,3,80.09,Limited Optics,U,A69445,MINOR,,80.0913,57.4215,4.0334,20.33,11,,9,,,,,,,
938bb97e-cdb4-4647-b3b1-5311920f0952,GPS USPSA May 2023,2023-05-28,5,Bay 8,10ed5495-405f-4da1-a3a0-1734c121727a,Rene Zalamea,26,56.06,8,56.06,Open,C,A66891,MAJOR,Senior,56.0605,56.0605,3.9378,19.30,4,,12,4,,,,,,
938bb97e-cdb4-4647-b3b1-5311920f0952,GPS USPSA May 2023,2023-05-28,5,Bay 8,10ed5495-405f-4da1-a3a0-1734c121727a,Cristian Garcia,27,55.61,4,77.57,Limited Optics,U,FY145753,MINOR,,77.5675,55.6120,3.9063,19.20,14,,5,,1,,,,,
938bb97e-cdb4-4647-b3b1-5311920f0952,GPS USPSA May 2023,2023-05-28,5,Bay 8,10ed5495-405f-4da1-a3a0-1734c121727a,Anthony Smallwood,28,55.32,5,77.16,Limited Optics,U,TY94508,MINOR,Senior,77.1644,55.3230,3.8860,23.16,15,,5,,,,,,,
938bb97e-cdb4-4647-b3b1-5311920f0952,GPS USPSA May 2023,2023-05-28,5,Bay 8,10ed5495-405f-4da1-a3a0-1734c121727a,Tommy Teas,29,55.30,1,100.00,Limited,B,FY2227,MINOR,Senior,100.0000,55.3002,3.8844,21.11,11,,9,,,,,,,
938bb97e-cdb4-4647-b3b1-5311920f0952,GPS USPSA May 2023,2023-05-28,5,Bay 8,10ed5495-405f-4da1-a3a0-1734c121727a,Benjamin Michael,30,55.03,2,86.58,Production,C,L5472,MINOR,,86.5814,55.0326,3.8656,21.73,13,,6,1,,,,,,
938bb97e-cdb4-4647-b3b1-5311920f0952,GPS USPSA May 2023,2023-05-28,5,Bay 8,10ed5495-405f-4da1-a3a0-1734c121727a,Abrahan Figueroa,31,54.81,9,54.81,Open,C,TY54053,MAJOR,Senior,54.8077,54.8077,3.8498,21.04,9,,7,4,,,,,,
938bb97e-cdb4-4647-b3b1-5311920f0952,GPS USPSA May 2023,2023-05-28,5,Bay 8,10ed5495-405f-4da1-a3a0-1734c121727a,Christian Corsi,32,54.42,14,65.20,Carry Optics,U,A150957,MINOR,,65.1982,54.4219,3.8227,18.05,12,,6,1,1,,,,,
938bb97e-cdb4-4647-b3b1-5311920f0952,GPS USPSA May 2023,2023-05-28,5,Bay 8,10ed5495-405f-4da1-a3a0-1734c121727a,Garrick Gonzalez,33,54.36,15,65.12,Carry Optics,B,A119804,MINOR,,65.1231,54.3592,3.8183,15.19,12,,6,,2,,,,,
938bb97e-cdb4-4647-b3b1-5311920f0952,GPS USPSA May 2023,2023-05-28,5,Bay 8,10ed5495-405f-4da1-a3a0-1734c121727a,Jonathan Backof,34,54.26,16,65.00,Carry Optics,C,L5308,MINOR,,65.0003,54.2567,3.8111,17.58,11,,7,1,1,,,,,
938bb97e-cdb4-4647-b3b1-5311920f0952,GPS USPSA May 2023,2023-05-28,5,Bay 8,10ed5495-405f-4da1-a3a0-1734c121727a,JC Aguinaldo,35,53.14,6,74.11,Limited Optics,U,A147256,MINOR,,74.1144,53.1363,3.7324,21.97,12,,7,1,,,,,,
938bb97e-cdb4-4647-b3b1-5311920f0952,GPS USPSA May 2023,2023-05-28,5,Bay 8,10ed5495-405f-4da1-a3a0-1734c121727a,Doug Joder,36,53.12,2,79.39,PCC,B,TY115020,MINOR,,79.3860,53.1206,3.7313,18.76,7,,11,2,,,,,,
938bb97e-cdb4-4647-b3b1-5311920f0952,GPS USPSA May 2023,2023-05-28,5,Bay 8,10ed5495-405f-4da1-a3a0-1734c121727a,Abe Valdez,37,51.68,10,51.68,Open,C,A148541,MINOR,,51.6756,51.6756,3.6298,22.04,16,,3,1,,,,1,,
938bb97e-cdb4-4647-b3b1-5311920f0952,GPS USPSA May 2023,2023-05-28,5,Bay 8,10ed5495-405f-4da1-a3a0-1734c121727a,NeaL NaNDiN,38,51.17,17,61.30,Carry Optics,C,FY71894,MINOR,,61.2976,51.1660,3.5940,20.59,10,,7,3,,,,,,
938bb97e-cdb4-4647-b3b1-5311920f0952,GPS USPSA May 2023,2023-05-28,5,Bay 8,10ed5495-405f-4da1-a3a0-1734c121727a,Carlos Escandon,39,50.74,2,91.75,Limited,B,L2590,MAJOR,Super Senior,91.7490,50.7375,3.5639,23.57,8,,10,2,,,,,,
938bb97e-cdb4-4647-b3b1-5311920f0952,GPS USPSA May 2023,2023-05-28,5,Bay 8,10ed5495-405f-4da1-a3a0-1734c121727a,Jonathan Gutierrez,40,50.44,11,50.44,Open,C,A108668,MINOR,,50.4399,50.4399,3.5430,22.58,11,,8,1,,,,,,
938bb97e-cdb4-4647-b3b1-5311920f0952,GPS USPSA May 2023,2023-05-28,5,Bay 8,10ed5495-405f-4da1-a3a0-1734c121727a,hayden boatcallie,41,48.99,3,73.21,PCC,C,a143344,MINOR,,73.2139,48.9906,3.4412,24.41,13,,6,1,,,,,,
938bb97e-cdb4-4647-b3b1-5311920f0952,GPS USPSA May 2023,2023-05-28,5,Bay 8,10ed5495-405f-4da1-a3a0-1734c121727a,Devin Griffith,42,48.74,18,58.39,Carry Optics,B,A116098,MINOR,,58.3930,48.7415,3.4237,21.03,6,,14,,,,,,,
938bb97e-cdb4-4647-b3b1-5311920f0952,GPS USPSA May 2023,2023-05-28,5,Bay 8,10ed5495-405f-4da1-a3a0-1734c121727a,Skippy Fullerton,43,48.70,7,67.93,Limited Optics,U,A140572,MINOR,,67.9329,48.7045,3.4211,19.00,10,,8,1,1,,,,,
938bb97e-cdb4-4647-b3b1-5311920f0952,GPS USPSA May 2023,2023-05-28,5,Bay 8,10ed5495-405f-4da1-a3a0-1734c121727a,CHAN WILLIAM,44,48.57,8,67.74,Limited Optics,U,TY97870,MINOR,,67.7423,48.5678,3.4115,14.07,10,,5,3,2,,,,,
938bb97e-cdb4-4647-b3b1-5311920f0952,GPS USPSA May 2023,2023-05-28,5,Bay 8,10ed5495-405f-4da1-a3a0-1734c121727a,Anthony Fong,45,47.89,19,57.37,Carry Optics,B,A142224,MINOR,,57.3680,47.8859,3.3636,18.73,9,,9,1,1,,,,,
938bb97e-cdb4-4647-b3b1-5311920f0952,GPS USPSA May 2023,2023-05-28,5,Bay 8,10ed5495-405f-4da1-a3a0-1734c121727a,Heath Helgeson,46,46.53,20,55.75,Carry Optics,U,A149129,MINOR,,55.7477,46.5334,3.2686,29.37,18,,2,,,,,,,
938bb97e-cdb4-4647-b3b1-5311920f0952,GPS USPSA May 2023,2023-05-28,5,Bay 8,10ed5495-405f-4da1-a3a0-1734c121727a,Drew Yang,47,46.45,3,73.08,Production,B,FY138478,MINOR,,73.0755,46.4480,3.2626,24.52,10,,10,,,,,,,
938bb97e-cdb4-4647-b3b1-5311920f0952,GPS USPSA May 2023,2023-05-28,5,Bay 8,10ed5495-405f-4da1-a3a0-1734c121727a,Phil Truong,48,46.03,12,46.03,Open,B,FY128600,MINOR,,46.0337,46.0337,3.2335,16.70,10,,8,,2,,,,,
938bb97e-cdb4-4647-b3b1-5311920f0952,GPS USPSA May 2023,2023-05-28,5,Bay 8,10ed5495-405f-4da1-a3a0-1734c121727a,Joseph White,49,45.84,21,54.91,Carry Optics,B,A135489,MINOR,Law Enforcement,54.9137,45.8372,3.2197,21.12,5,,14,1,,,,,,
938bb97e-cdb4-4647-b3b1-5311920f0952,GPS USPSA May 2023,2023-05-28,5,Bay 8,10ed5495-405f-4da1-a3a0-1734c121727a,Pete Kirchner,50,45.14,22,54.08,Carry Optics,A,TY105743,MINOR,,54.0797,45.1411,3.1708,21.13,13,,3,3,1,,,,,
938bb97e-cdb4-4647-b3b1-5311920f0952,GPS USPSA May 2023,2023-05-28,5,Bay 8,10ed5495-405f-4da1-a3a0-1734c121727a,Danny Zlotnik,51,44.49,23,53.30,Carry Optics,C,L4786,MINOR,,53.2985,44.4891,3.1250,23.04,9,,8,3,,,,,,
938bb97e-cdb4-4647-b3b1-5311920f0952,GPS USPSA May 2023,2023-05-28,5,Bay 8,10ed5495-405f-4da1-a3a0-1734c121727a,Teddy Elarmo,52,44.26,24,53.02,Carry Optics,U,A142885,MINOR,,53.0222,44.2584,3.1088,19.30,4,,12,4,,,,,,
938bb97e-cdb4-4647-b3b1-5311920f0952,GPS USPSA May 2023,2023-05-28,5,Bay 8,10ed5495-405f-4da1-a3a0-1734c121727a,Jun Wu,53,43.79,25,52.47,Carry Optics,B,Ty104927,MINOR,,52.4662,43.7943,3.0762,21.78,11,,7,1,1,,,,,
938bb97e-cdb4-4647-b3b1-5311920f0952,GPS USPSA May 2023,2023-05-28,5,Bay 8,10ed5495-405f-4da1-a3a0-1734c121727a,jason Yin,54,43.66,26,52.31,Carry Optics,U,A148906,MINOR,,52.3076,43.6619,3.0669,30.65,17,,3,,,,,,,
938bb97e-cdb4-4647-b3b1-5311920f0952,GPS USPSA May 2023,2023-05-28,5,Bay 8,10ed5495-405f-4da1-a3a0-1734c121727a,Matthew Givens,55,43.33,4,64.76,PCC,C,ty137686,MINOR,,64.7568,43.3316,3.0437,20.37,14,,4,,2,,,,,
938bb97e-cdb4-4647-b3b1-5311920f0952,GPS USPSA May 2023,2023-05-28,5,Bay 8,10ed5495-405f-4da1-a3a0-1734c121727a,Gary Wu,56,43.14,13,43.14,Open,B,L2998,MAJOR,Senior,43.1409,43.1409,3.0303,29.04,12,,6,2,,,,,,
938bb97e-cdb4-4647-b3b1-5311920f0952,GPS USPSA May 2023,2023-05-28,5,Bay 8,10ed5495-405f-4da1-a3a0-1734c121727a,Tyler Kenny,57,41.77,27,50.04,Carry Optics,C,A148691,MINOR,,50.0409,41.7699,2.9340,16.36,13,,4,1,2,,,1,,
938bb97e-cdb4-4647-b3b1-5311920f0952,GPS USPSA May 2023,2023-05-28,5,Bay 8,10ed5495-405f-4da1-a3a0-1734c121727a,George Zhou,58,41.73,28,49.99,Carry Optics,C,A146179,MINOR,Senior,49.9949,41.7314,2.9313,20.81,8,,10,1,1,,,,,
938bb97e-cdb4-4647-b3b1-5311920f0952,GPS USPSA May 2023,2023-05-28,5,Bay 8,10ed5495-405f-4da1-a3a0-1734c121727a,Jennifer Kleiber-Boatcallie,59,39.56,5,59.13,PCC,C,A142192,MINOR,Lady,59.1251,39.5632,2.7790,23.39,9,,10,,1,,,,,
938bb97e-cdb4-4647-b3b1-5311920f0952,GPS USPSA May 2023,2023-05-28,5,Bay 8,10ed5495-405f-4da1-a3a0-1734c121727a,Eric Horn,60,39.41,3,71.26,Limited,U,A149467,MINOR,,71.2594,39.4066,2.7680,25.65,12,,7,,1,,,,,
938bb97e-cdb4-4647-b3b1-5311920f0952,GPS USPSA May 2023,2023-05-28,5,Bay 8,10ed5495-405f-4da1-a3a0-1734c121727a,Brandon Truong,61,38.36,29,45.95,Carry Optics,B,TY111128,MINOR,,45.9527,38.3574,2.6943,22.64,8,,10,1,1,,,,,
938bb97e-cdb4-4647-b3b1-5311920f0952,GPS USPSA May 2023,2023-05-28,5,Bay 8,10ed5495-405f-4da1-a3a0-1734c121727a,Kevin Pausicles,62,38.04,30,45.57,Carry Optics,U,A146221,MINOR,Foreign,45.5707,38.0385,2.6719,30.69,11,,9,,,,,,,
938bb97e-cdb4-4647-b3b1-5311920f0952,GPS USPSA May 2023,2023-05-28,5,Bay 8,10ed5495-405f-4da1-a3a0-1734c121727a,John Hanna,63,35.49,31,42.51,Carry Optics,C,a138989,MINOR,Senior,42.5126,35.4859,2.4926,30.49,8,,12,,,,,,,
938bb97e-cdb4-4647-b3b1-5311920f0952,GPS USPSA May 2023,2023-05-28,5,Bay 8,10ed5495-405f-4da1-a3a0-1734c121727a,Ryan Jaw,64,35.07,9,48.91,Limited Optics,U,A142907,MINOR,,48.9098,35.0659,2.4631,20.30,13,,5,,2,,,1,,
938bb97e-cdb4-4647-b3b1-5311920f0952,GPS USPSA May 2023,2023-05-28,5,Bay 8,10ed5495-405f-4da1-a3a0-1734c121727a,Jason Knopp,65,33.58,32,40.23,Carry Optics,U,A148175,MINOR,Law Enforcement,40.2289,33.5796,2.3587,26.71,9,,9,1,1,,,,,
938bb97e-cdb4-4647-b3b1-5311920f0952,GPS USPSA May 2023,2023-05-28,5,Bay 8,10ed5495-405f-4da1-a3a0-1734c121727a,Yul Kwan,66,33.58,14,33.58,Open,U,0,MINOR,Senior,33.5768,33.5768,2.3585,33.92,10,,10,,,,,,,
938bb97e-cdb4-4647-b3b1-5311920f0952,GPS USPSA May 2023,2023-05-28,5,Bay 8,10ed5495-405f-4da1-a3a0-1734c121727a,matt baum,67,32.58,15,32.58,Open,U,A141110,MINOR,,32.5845,32.5845,2.2888,24.03,5,,13,1,1,,,,,
938bb97e-cdb4-4647-b3b1-5311920f0952,GPS USPSA May 2023,2023-05-28,5,Bay 8,10ed5495-405f-4da1-a3a0-1734c121727a,Oscar Mendoza,68,31.93,33,38.25,Carry Optics,U,0,MINOR,Law Enforcement,38.2521,31.9296,2.2428,25.86,12,,6,,2,,,,,
938bb97e-cdb4-4647-b3b1-5311920f0952,GPS USPSA May 2023,2023-05-28,5,Bay 8,10ed5495-405f-4da1-a3a0-1734c121727a,Gennady Khokhorin,69,31.71,4,49.88,Production,C,A123884,MINOR,Super Senior,49.8847,31.7075,2.2272,22.45,9,,8,1,2,,,,,
938bb97e-cdb4-4647-b3b1-5311920f0952,GPS USPSA May 2023,2023-05-28,5,Bay 8,10ed5495-405f-4da1-a3a0-1734c121727a,Kacie Tapanila,70,29.04,34,34.79,Carry Optics,U,A135389,MINOR,Lady,34.7882,29.0382,2.0397,35.79,13,,6,,1,,,,,
938bb97e-cdb4-4647-b3b1-5311920f0952,GPS USPSA May 2023,2023-05-28,5,Bay 8,10ed5495-405f-4da1-a3a0-1734c121727a,Rudy Widiaman,71,28.72,10,40.05,Limited Optics,U,0,MINOR,,40.0516,28.7150,2.0170,18.84,8,,9,1,2,,,1,,
938bb97e-cdb4-4647-b3b1-5311920f0952,GPS USPSA May 2023,2023-05-28,5,Bay 8,10ed5495-405f-4da1-a3a0-1734c121727a,Gerry Tsoi,72,26.42,4,47.77,Limited,U,A151481,MINOR,,47.7706,26.4172,1.8556,35.03,11,,6,2,1,,,,,
938bb97e-cdb4-4647-b3b1-5311920f0952,GPS USPSA May 2023,2023-05-28,5,Bay 8,10ed5495-405f-4da1-a3a0-1734c121727a,Dale Hamm,73,22.83,5,41.28,Limited,C,TY97196,MAJOR,Senior,41.2805,22.8282,1.6035,27.44,4,,8,6,2,,,,,
938bb97e-cdb4-4647-b3b1-5311920f0952,GPS USPSA May 2023,2023-05-28,5,Bay 8,10ed5495-405f-4da1-a3a0-1734c121727a,Virak Meas,74,22.71,11,31.68,Limited Optics,U,0,MINOR,,31.6819,22.7143,1.5955,19.43,9,,4,4,3,,,,,
938bb97e-cdb4-4647-b3b1-5311920f0952,GPS USPSA May 2023,2023-05-28,5,Bay 8,10ed5495-405f-4da1-a3a0-1734c121727a,Sean Frederick,75,19.42,35,23.27,Carry Optics,U,A149482,MINOR,,23.2672,19.4214,1.3642,24.19,8,,7,2,3,,,,,
938bb97e-cdb4-4647-b3b1-5311920f0952,GPS USPSA May 2023,2023-05-28,5,Bay 8,10ed5495-405f-4da1-a3a0-1734c121727a,Orlando Cruz,76,19.12,6,34.57,Limited,U,A150010,MINOR,,34.5742,19.1196,1.3430,35.74,12,,6,,2,,,1,,
938bb97e-cdb4-4647-b3b1-5311920f0952,GPS USPSA May 2023,2023-05-28,5,Bay 8,10ed5495-405f-4da1-a3a0-1734c121727a,Rico Bautista,77,16.83,5,26.48,Production,B,0,MINOR,Senior,26.4833,16.8332,1.1824,45.67,11,,6,1,2,,,,,
938bb97e-cdb4-4647-b3b1-5311920f0952,GPS USPSA May 2023,2023-05-28,5,Bay 8,10ed5495-405f-4da1-a3a0-1734c121727a,Jon Kirk,78,15.67,36,18.77,Carry Optics,U,A151462,MINOR,Law Enforcement,18.7679,15.6658,1.1004,22.72,7,,10,,3,,,1,,
938bb97e-cdb4-4647-b3b1-5311920f0952,GPS USPSA May 2023,2023-05-28,5,Bay 8,10ed5495-405f-4da1-a3a0-1734c121727a,Edward Yu,79,10.73,6,16.88,Production,U,A148356,MINOR,Law Enforcement,16.8836,10.7315,0.7538,38.47,7,,7,3,3,,,,,
938bb97e-cdb4-4647-b3b1-5311920f0952,GPS USPSA May 2023,2023-05-28,5,Bay 8,10ed5495-405f-4da1-a3a0-1734c121727a,August Balagtas,80,0.00,16,0.00,Open,M,L3674,MAJOR,,0.0000,0.0000,,,,,,,,,,,,
938bb97e-cdb4-4647-b3b1-5311920f0952,GPS USPSA May 2023,2023-05-28,5,Bay 8,10ed5495-405f-4da1-a3a0-1734c121727a,Mike Kahl,81,0.00,37,0.00,Carry Optics,A,TY70984,MINOR,Super Senior,0.0000,0.0000,,,,,,,,,,,,
938bb97e-cdb4-4647-b3b1-5311920f0952,GPS USPSA May 2023,2023-05-28,5,Bay 8,10ed5495-405f-4da1-a3a0-1734c121727a,Gigi Bautista,82,0.00,7,0.00,Production,B,0,MINOR,Lady,0.0000,0.0000,0.0000,63.40,7,,5,1,7,,,,,
938bb97e-cdb4-4647-b3b1-5311920f0952,GPS USPSA May 2023,2023-05-28,6,Bay 9,8da02a36-b365-42d5-95c9-f8884c216777,Corey Slifko,1,100.00,1,100.00,Open,A,82935,MAJOR,,100.0000,100.0000,7.8901,11.28,11,,8,1,,,,,,
938bb97e-cdb4-4647-b3b1-5311920f0952,GPS USPSA May 2023,2023-05-28,6,Bay 9,8da02a36-b365-42d5-95c9-f8884c216777,Gil Yolo,2,87.89,2,87.89,Open,M,L5228,MAJOR,,87.8899,87.8899,6.9346,12.69,12,,6,2,,,,,,
938bb97e-cdb4-4647-b3b1-5311920f0952,GPS USPSA May 2023,2023-05-28,6,Bay 9,8da02a36-b365-42d5-95c9-f8884c216777,Jorge Cahas,3,86.37,3,86.37,Open,B,F-44522,MAJOR,Senior,86.3703,86.3703,6.8147,13.06,11,,8,1,,,,,,
938bb97e-cdb4-4647-b3b1-5311920f0952,GPS USPSA May 2023,2023-05-28,6,Bay 9,8da02a36-b365-42d5-95c9-f8884c216777,Sheng Onia,4,80.80,1,100.00,Limited Optics,U,0,MINOR,,100.0000,80.7987,6.3751,13.49,14,,5,1,,,,,,
938bb97e-cdb4-4647-b3b1-5311920f0952,GPS USPSA May 2023,2023-05-28,6,Bay 9,8da02a36-b365-42d5-95c9-f8884c216777,Wade Pruetz,5,79.09,4,79.09,Open,A,TY79055,MAJOR,Senior,79.0877,79.0877,6.2401,12.66,9,,6,5,,,,,,
938bb97e-cdb4-4647-b3b1-5311920f0952,GPS USPSA May 2023,2023-05-28,6,Bay 9,8da02a36-b365-42d5-95c9-f8884c216777,Antonio Tormis,6,78.07,5,78.07,Open,U,A124958,MAJOR,,78.0713,78.0713,6.1599,15.26,14,,6,,,,,,,
938bb97e-cdb4-4647-b3b1-5311920f0952,GPS USPSA May 2023,2023-05-28,6,Bay 9,8da02a36-b365-42d5-95c9-f8884c216777,Jason Wells,7,76.97,1,100.00,Carry Optics,A,L5218,MINOR,,100.0000,76.9724,6.0732,14.49,14,,6,,,,,,,
938bb97e-cdb4-4647-b3b1-5311920f0952,GPS USPSA May 2023,2023-05-28,6,Bay 9,8da02a36-b365-42d5-95c9-f8884c216777,Gary Wu,8,75.49,6,75.49,Open,B,L2998,MAJOR,Senior,75.4908,75.4908,5.9563,15.11,10,,10,,,,,,,
938bb97e-cdb4-4647-b3b1-5311920f0952,GPS USPSA May 2023,2023-05-28,6,Bay 9,8da02a36-b365-42d5-95c9-f8884c216777,CHAN WILLIAM,9,74.72,2,92.48,Limited Optics,U,TY97870,MINOR,,92.4801,74.7228,5.8957,13.23,12,,5,3,,,,,,
938bb97e-cdb4-4647-b3b1-5311920f0952,GPS USPSA May 2023,2023-05-28,6,Bay 9,8da02a36-b365-42d5-95c9-f8884c216777,Jonathan Gutierrez,10,73.43,7,73.43,Open,C,A108668,MINOR,,73.4287,73.4287,5.7936,16.57,18,,2,,,,,,,
938bb97e-cdb4-4647-b3b1-5311920f0952,GPS USPSA May 2023,2023-05-28,6,Bay 9,8da02a36-b365-42d5-95c9-f8884c216777,Arnold Gee,11,70.76,8,70.76,Open,B,TY103519,MAJOR,Senior,70.7608,70.7608,5.5831,16.12,12,,7,1,,,,,,
938bb97e-cdb4-4647-b3b1-5311920f0952,GPS USPSA May 2023,2023-05-28,6,Bay 9,8da02a36-b365-42d5-95c9-f8884c216777,Matt Lem,12,69.22,2,89.93,Carry Optics,M,FY34763,MINOR,Senior,89.9295,69.2209,5.4616,15.38,12,,8,,,,,,,
938bb97e-cdb4-4647-b3b1-5311920f0952,GPS USPSA May 2023,2023-05-28,6,Bay 9,8da02a36-b365-42d5-95c9-f8884c216777,Phil Truong,13,69.15,9,69.15,Open,B,FY128600,MINOR,,69.1461,69.1461,5.4557,16.13,14,,6,,,,,,,
938bb97e-cdb4-4647-b3b1-5311920f0952,GPS USPSA May 2023,2023-05-28,6,Bay 9,8da02a36-b365-42d5-95c9-f8884c216777,Mike Junco,14,69.01,3,89.65,Carry Optics,M,TY34819,MINOR,Senior; Law Enforcement,89.6496,69.0055,5.4446,16.53,15,,5,,,,,,,
938bb97e-cdb4-4647-b3b1-5311920f0952,GPS USPSA May 2023,2023-05-28,6,Bay 9,8da02a36-b365-42d5-95c9-f8884c216777,Anthony Boatcallie,15,68.00,4,88.34,Carry Optics,C,A143613,MINOR,,88.3439,68.0004,5.3653,17.52,17,,3,,,,,,,
938bb97e-cdb4-4647-b3b1-5311920f0952,GPS USPSA May 2023,2023-05-28,6,Bay 9,8da02a36-b365-42d5-95c9-f8884c216777,Pete Kirchner,16,67.97,5,88.30,Carry Optics,A,TY105743,MINOR,,88.2994,67.9662,5.3626,16.41,15,,4,1,,,,,,
938bb97e-cdb4-4647-b3b1-5311920f0952,GPS USPSA May 2023,2023-05-28,6,Bay 9,8da02a36-b365-42d5-95c9-f8884c216777,Manny Nerona,17,67.21,3,83.18,Limited Optics,U,A69445,MINOR,,83.1830,67.2108,5.3030,15.84,12,,8,,,,,,,
938bb97e-cdb4-4647-b3b1-5311920f0952,GPS USPSA May 2023,2023-05-28,6,Bay 9,8da02a36-b365-42d5-95c9-f8884c216777,JC Aguinaldo,18,67.15,4,83.10,Limited Optics,U,A147256,MINOR,,83.1046,67.1474,5.2980,16.61,14,,6,,,,,,,
938bb97e-cdb4-4647-b3b1-5311920f0952,GPS USPSA May 2023,2023-05-28,6,Bay 9,8da02a36-b365-42d5-95c9-f8884c216777,Carlos Escandon,19,66.74,1,100.00,Limited,B,L2590,MAJOR,Super Senior,100.0000,66.7419,5.2660,18.23,16,,4,,,,,,,
938bb97e-cdb4-4647-b3b1-5311920f0952,GPS USPSA May 2023,2023-05-28,6,Bay 9,8da02a36-b365-42d5-95c9-f8884c216777,Matthew Gonzalez,20,66.66,6,86.60,Carry Optics,B,A119810,MINOR,,86.6001,66.6582,5.2594,14.07,11,,5,4,,,,,,
938bb97e-cdb4-4647-b3b1-5311920f0952,GPS USPSA May 2023,2023-05-28,6,Bay 9,8da02a36-b365-42d5-95c9-f8884c216777,Jason Knopp,21,65.95,7,85.68,Carry Optics,U,A148175,MINOR,Law Enforcement,85.6797,65.9497,5.2035,14.99,11,,7,2,,,,,,
938bb97e-cdb4-4647-b3b1-5311920f0952,GPS USPSA May 2023,2023-05-28,6,Bay 9,8da02a36-b365-42d5-95c9-f8884c216777,NeaL NaNDiN,22,63.75,8,82.82,Carry Optics,C,FY71894,MINOR,,82.8212,63.7495,5.0299,16.70,12,,8,,,,,,,
938bb97e-cdb4-4647-b3b1-5311920f0952,GPS USPSA May 2023,2023-05-28,6,Bay 9,8da02a36-b365-42d5-95c9-f8884c216777,Devin Yolo,23,63.55,9,82.57,Carry Optics,B,A112987,MINOR,,82.5677,63.5543,5.0145,13.76,12,,6,1,1,,,,,
938bb97e-cdb4-4647-b3b1-5311920f0952,GPS USPSA May 2023,2023-05-28,6,Bay 9,8da02a36-b365-42d5-95c9-f8884c216777,Joseph White,24,63.12,10,82.00,Carry Optics,B,A135489,MINOR,Law Enforcement,82.0029,63.1196,4.9802,17.67,15,,4,1,,,,,,
938bb97e-cdb4-4647-b3b1-5311920f0952,GPS USPSA May 2023,2023-05-28,6,Bay 9,8da02a36-b365-42d5-95c9-f8884c216777,Christian Corsi,25,62.33,11,80.98,Carry Optics,U,A150957,MINOR,,80.9787,62.3313,4.9180,18.30,15,,5,,,,,,,
938bb97e-cdb4-4647-b3b1-5311920f0952,GPS USPSA May 2023,2023-05-28,6,Bay 9,8da02a36-b365-42d5-95c9-f8884c216777,Christopher Boatcallie,26,61.76,1,100.00,PCC,C,A104118,MINOR,,100.0000,61.7597,4.8729,18.88,16,,4,,,,,,,
938bb97e-cdb4-4647-b3b1-5311920f0952,GPS USPSA May 2023,2023-05-28,6,Bay 9,8da02a36-b365-42d5-95c9-f8884c216777,Drew Yang,27,61.69,1,100.00,Production,B,FY138478,MINOR,,100.0000,61.6887,4.8673,18.08,14,,6,,,,,,,
938bb97e-cdb4-4647-b3b1-5311920f0952,GPS USPSA May 2023,2023-05-28,6,Bay 9,8da02a36-b365-42d5-95c9-f8884c216777,Abrahan Figueroa,28,60.39,10,60.39,Open,C,TY54053,MAJOR,Senior,60.3921,60.3921,4.7650,15.32,9,,9,1,1,,,,,
938bb97e-cdb4-4647-b3b1-5311920f0952,GPS USPSA May 2023,2023-05-28,6,Bay 9,8da02a36-b365-42d5-95c9-f8884c216777,Gilbert Goodman,29,58.85,12,76.46,Carry Optics,X,A145861,MINOR,,76.4605,58.8535,4.6436,18.52,13,,7,,,,,,,
938bb97e-cdb4-4647-b3b1-5311920f0952,GPS USPSA May 2023,2023-05-28,6,Bay 9,8da02a36-b365-42d5-95c9-f8884c216777,Tyler Kenny,30,58.47,13,75.96,Carry Optics,C,A148691,MINOR,,75.9649,58.4720,4.6135,16.04,8,,11,1,,,,,,
938bb97e-cdb4-4647-b3b1-5311920f0952,GPS USPSA May 2023,2023-05-28,6,Bay 9,8da02a36-b365-42d5-95c9-f8884c216777,Garrick Gonzalez,31,57.47,14,74.66,Carry Optics,B,A119804,MINOR,,74.6641,57.4708,4.5345,20.73,17,,3,,,,,,,
938bb97e-cdb4-4647-b3b1-5311920f0952,GPS USPSA May 2023,2023-05-28,6,Bay 9,8da02a36-b365-42d5-95c9-f8884c216777,Qingbang Cai,32,56.00,15,72.76,Carry Optics,B,A148273,MINOR,,72.7590,56.0044,4.4188,14.71,10,,8,1,1,,,,,
938bb97e-cdb4-4647-b3b1-5311920f0952,GPS USPSA May 2023,2023-05-28,6,Bay 9,8da02a36-b365-42d5-95c9-f8884c216777,Brandon Foss,33,55.83,16,72.53,Carry Optics,M,L5142,MINOR,,72.5285,55.8269,4.4048,19.07,12,,8,,,,,,,
938bb97e-cdb4-4647-b3b1-5311920f0952,GPS USPSA May 2023,2023-05-28,6,Bay 9,8da02a36-b365-42d5-95c9-f8884c216777,Jun Wu,34,55.58,17,72.21,Carry Optics,B,Ty104927,MINOR,,72.2107,55.5823,4.3855,19.61,14,,5,1,,,,,,
938bb97e-cdb4-4647-b3b1-5311920f0952,GPS USPSA May 2023,2023-05-28,6,Bay 9,8da02a36-b365-42d5-95c9-f8884c216777,Skippy Fullerton,35,55.56,5,68.77,Limited Optics,U,A140572,MINOR,,68.7691,55.5646,4.3841,19.16,12,,8,,,,,,,
938bb97e-cdb4-4647-b3b1-5311920f0952,GPS USPSA May 2023,2023-05-28,6,Bay 9,8da02a36-b365-42d5-95c9-f8884c216777,Rudy Widiaman,36,55.24,6,68.37,Limited Optics,U,0,MINOR,,68.3660,55.2388,4.3584,16.52,8,,10,2,,,,,,
938bb97e-cdb4-4647-b3b1-5311920f0952,GPS USPSA May 2023,2023-05-28,6,Bay 9,8da02a36-b365-42d5-95c9-f8884c216777,Jonathan Backof,37,54.85,18,71.26,Carry Optics,C,L5308,MINOR,,71.2639,54.8536,4.3280,17.56,11,,6,3,,,,,,
938bb97e-cdb4-4647-b3b1-5311920f0952,GPS USPSA May 2023,2023-05-28,6,Bay 9,8da02a36-b365-42d5-95c9-f8884c216777,Tommy Teas,38,54.66,2,81.90,Limited,B,FY2227,MINOR,Senior,81.8971,54.6596,4.3127,18.55,11,,8,1,,,,,,
938bb97e-cdb4-4647-b3b1-5311920f0952,GPS USPSA May 2023,2023-05-28,6,Bay 9,8da02a36-b365-42d5-95c9-f8884c216777,Heath Helgeson,39,54.18,19,70.39,Carry Optics,U,A149129,MINOR,,70.3863,54.1780,4.2747,21.99,17,,3,,,,,,,
938bb97e-cdb4-4647-b3b1-5311920f0952,GPS USPSA May 2023,2023-05-28,6,Bay 9,8da02a36-b365-42d5-95c9-f8884c216777,Mike Kahl,40,54.09,20,70.28,Carry Optics,A,TY70984,MINOR,Super Senior,70.2760,54.0931,4.2680,18.51,17,,1,1,1,,,,,
938bb97e-cdb4-4647-b3b1-5311920f0952,GPS USPSA May 2023,2023-05-28,6,Bay 9,8da02a36-b365-42d5-95c9-f8884c216777,William Strannix,41,53.30,2,86.39,Production,A,TY123776,MINOR,,86.3949,53.2959,4.2051,19.50,12,,7,1,,,,,,
938bb97e-cdb4-4647-b3b1-5311920f0952,GPS USPSA May 2023,2023-05-28,6,Bay 9,8da02a36-b365-42d5-95c9-f8884c216777,Gennady Khokhorin,42,52.54,3,85.16,Production,C,A123884,MINOR,Super Senior,85.1622,52.5355,4.1451,21.23,14,,6,,,,,,,
938bb97e-cdb4-4647-b3b1-5311920f0952,GPS USPSA May 2023,2023-05-28,6,Bay 9,8da02a36-b365-42d5-95c9-f8884c216777,Anthony Smallwood,43,52.09,7,64.46,Limited Optics,U,TY94508,MINOR,Senior,64.4633,52.0855,4.1096,21.90,15,,5,,,,,,,
938bb97e-cdb4-4647-b3b1-5311920f0952,GPS USPSA May 2023,2023-05-28,6,Bay 9,8da02a36-b365-42d5-95c9-f8884c216777,Doug Joder,44,51.44,2,83.29,PCC,B,TY115020,MINOR,,83.2872,51.4379,4.0585,21.19,13,,7,,,,,,,
938bb97e-cdb4-4647-b3b1-5311920f0952,GPS USPSA May 2023,2023-05-28,6,Bay 9,8da02a36-b365-42d5-95c9-f8884c216777,Devin Griffith,45,50.56,21,65.69,Carry Optics,B,A116098,MINOR,,65.6902,50.5634,3.9895,19.05,9,,10,1,,,,,,
938bb97e-cdb4-4647-b3b1-5311920f0952,GPS USPSA May 2023,2023-05-28,6,Bay 9,8da02a36-b365-42d5-95c9-f8884c216777,Cristian Garcia,46,50.19,8,62.12,Limited Optics,U,FY145753,MINOR,,62.1229,50.1945,3.9604,20.20,10,,10,,,,,,,
938bb97e-cdb4-4647-b3b1-5311920f0952,GPS USPSA May 2023,2023-05-28,6,Bay 9,8da02a36-b365-42d5-95c9-f8884c216777,Joaquin Corrales,47,50.11,9,62.02,Limited Optics,U,A143001,MINOR,,62.0194,50.1109,3.9538,16.44,10,,8,1,1,,,,,
938bb97e-cdb4-4647-b3b1-5311920f0952,GPS USPSA May 2023,2023-05-28,6,Bay 9,8da02a36-b365-42d5-95c9-f8884c216777,Ryan Jaw,48,49.89,10,61.74,Limited Optics,U,A142907,MINOR,,61.7449,49.8891,3.9363,23.88,17,,3,,,,,,,
938bb97e-cdb4-4647-b3b1-5311920f0952,GPS USPSA May 2023,2023-05-28,6,Bay 9,8da02a36-b365-42d5-95c9-f8884c216777,Adam Bandiera,49,49.72,22,64.60,Carry Optics,U,A148375,MINOR,,64.5986,49.7231,3.9232,24.47,18,,2,,,,,,,
938bb97e-cdb4-4647-b3b1-5311920f0952,GPS USPSA May 2023,2023-05-28,6,Bay 9,8da02a36-b365-42d5-95c9-f8884c216777,Rene Zalamea,50,49.64,11,49.64,Open,C,A66891,MAJOR,Senior,49.6356,49.6356,3.9163,18.64,9,,9,1,1,,,,,
938bb97e-cdb4-4647-b3b1-5311920f0952,GPS USPSA May 2023,2023-05-28,6,Bay 9,8da02a36-b365-42d5-95c9-f8884c216777,jason Yin,51,48.29,23,62.74,Carry Optics,U,A148906,MINOR,,62.7412,48.2934,3.8104,22.57,13,,7,,,,,,,
938bb97e-cdb4-4647-b3b1-5311920f0952,GPS USPSA May 2023,2023-05-28,6,Bay 9,8da02a36-b365-42d5-95c9-f8884c216777,Matthew Givens,52,47.95,3,77.64,PCC,C,ty137686,MINOR,,77.6396,47.9500,3.7833,23.26,14,,6,,,,,,,
938bb97e-cdb4-4647-b3b1-5311920f0952,GPS USPSA May 2023,2023-05-28,6,Bay 9,8da02a36-b365-42d5-95c9-f8884c216777,John Brunkhorst,53,47.88,24,62.20,Carry Optics,B,A116144,MINOR,,62.1979,47.8752,3.7774,19.59,9,,9,2,,,,,,
938bb97e-cdb4-4647-b3b1-5311920f0952,GPS USPSA May 2023,2023-05-28,6,Bay 9,8da02a36-b365-42d5-95c9-f8884c216777,Jennifer Kleiber-Boatcallie,54,47.81,4,77.41,PCC,C,A142192,MINOR,Lady,77.4098,47.8080,3.7721,25.45,18,,2,,,,,,,
938bb97e-cdb4-4647-b3b1-5311920f0952,GPS USPSA May 2023,2023-05-28,6,Bay 9,8da02a36-b365-42d5-95c9-f8884c216777,Eric Horn,55,47.54,3,71.22,Limited,U,A149467,MINOR,,71.2229,47.5355,3.7506,21.33,11,,8,1,,,,,,
938bb97e-cdb4-4647-b3b1-5311920f0952,GPS USPSA May 2023,2023-05-28,6,Bay 9,8da02a36-b365-42d5-95c9-f8884c216777,Sean Frederick,56,47.23,25,61.35,Carry Optics,U,A149482,MINOR,,61.3532,47.2250,3.7261,21.47,12,,6,2,,,,,,
938bb97e-cdb4-4647-b3b1-5311920f0952,GPS USPSA May 2023,2023-05-28,6,Bay 9,8da02a36-b365-42d5-95c9-f8884c216777,Patrick Houstoun,57,47.01,26,61.07,Carry Optics,U,A148442,MINOR,Junior,61.0749,47.0108,3.7092,20.22,15,,3,1,1,,,,,
938bb97e-cdb4-4647-b3b1-5311920f0952,GPS USPSA May 2023,2023-05-28,6,Bay 9,8da02a36-b365-42d5-95c9-f8884c216777,John Hanna,58,45.20,27,58.72,Carry Optics,C,a138989,MINOR,Senior,58.7170,45.1959,3.5660,19.63,5,,15,,,,,,,
938bb97e-cdb4-4647-b3b1-5311920f0952,GPS USPSA May 2023,2023-05-28,6,Bay 9,8da02a36-b365-42d5-95c9-f8884c216777,Virak Meas,59,44.54,11,55.13,Limited Optics,U,0,MINOR,,55.1254,44.5406,3.5143,25.61,15,,5,,,,,,,
938bb97e-cdb4-4647-b3b1-5311920f0952,GPS USPSA May 2023,2023-05-28,6,Bay 9,8da02a36-b365-42d5-95c9-f8884c216777,Abe Valdez,60,44.08,12,44.08,Open,C,A148541,MINOR,,44.0844,44.0844,3.4783,16.10,16,,2,,2,,,1,,
938bb97e-cdb4-4647-b3b1-5311920f0952,GPS USPSA May 2023,2023-05-28,6,Bay 9,8da02a36-b365-42d5-95c9-f8884c216777,Anthony Fong,61,43.89,28,57.02,Carry Optics,B,A142224,MINOR,,57.0161,43.8866,3.4627,16.75,13,,4,1,2,,,,,
938bb97e-cdb4-4647-b3b1-5311920f0952,GPS USPSA May 2023,2023-05-28,6,Bay 9,8da02a36-b365-42d5-95c9-f8884c216777,hayden boatcallie,62,43.79,5,70.91,PCC,C,a143344,MINOR,,70.9105,43.7941,3.4554,24.31,12,,8,,,,,,,
938bb97e-cdb4-4647-b3b1-5311920f0952,GPS USPSA May 2023,2023-05-28,6,Bay 9,8da02a36-b365-42d5-95c9-f8884c216777,Brandon Truong,63,42.93,29,55.77,Carry Optics,B,TY111128,MINOR,,55.7746,42.9310,3.3873,19.78,12,,5,2,1,,,,,
938bb97e-cdb4-4647-b3b1-5311920f0952,GPS USPSA May 2023,2023-05-28,6,Bay 9,8da02a36-b365-42d5-95c9-f8884c216777,Michael Pontious,64,42.87,30,55.70,Carry Optics,B,Fy94575,MINOR,Senior,55.7005,42.8740,3.3828,21.58,13,,6,,1,,,,,
938bb97e-cdb4-4647-b3b1-5311920f0952,GPS USPSA May 2023,2023-05-28,6,Bay 9,8da02a36-b365-42d5-95c9-f8884c216777,Benjamin Michael,65,41.97,4,68.03,Production,C,L5472,MINOR,,68.0316,41.9678,3.3113,19.63,9,,10,,1,,,,,
938bb97e-cdb4-4647-b3b1-5311920f0952,GPS USPSA May 2023,2023-05-28,6,Bay 9,8da02a36-b365-42d5-95c9-f8884c216777,matt baum,66,41.87,13,41.87,Open,U,A141110,MINOR,,41.8677,41.8677,3.3034,21.19,8,,9,3,,,,,,
938bb97e-cdb4-4647-b3b1-5311920f0952,GPS USPSA May 2023,2023-05-28,6,Bay 9,8da02a36-b365-42d5-95c9-f8884c216777,Jon Kirk,67,41.54,31,53.96,Carry Optics,U,A151462,MINOR,Law Enforcement,53.9617,41.5356,3.2772,21.36,7,,11,2,,,,,,
938bb97e-cdb4-4647-b3b1-5311920f0952,GPS USPSA May 2023,2023-05-28,6,Bay 9,8da02a36-b365-42d5-95c9-f8884c216777,Kevin Pausicles,68,40.28,32,52.33,Carry Optics,U,A146221,MINOR,Foreign,52.3316,40.2809,3.1782,26.43,14,,4,2,,,,,,
938bb97e-cdb4-4647-b3b1-5311920f0952,GPS USPSA May 2023,2023-05-28,6,Bay 9,8da02a36-b365-42d5-95c9-f8884c216777,Kacie Tapanila,69,37.26,33,48.41,Carry Optics,U,A135389,MINOR,Lady,48.4111,37.2632,2.9401,26.19,15,,4,,1,,,,,
938bb97e-cdb4-4647-b3b1-5311920f0952,GPS USPSA May 2023,2023-05-28,6,Bay 9,8da02a36-b365-42d5-95c9-f8884c216777,Jerry Bedro,70,37.01,14,37.01,Open,X,A1,MAJOR,,37.0109,37.0109,2.9202,29.45,12,,5,3,,,,,,
938bb97e-cdb4-4647-b3b1-5311920f0952,GPS USPSA May 2023,2023-05-28,6,Bay 9,8da02a36-b365-42d5-95c9-f8884c216777,Gerry Tsoi,71,36.58,4,54.81,Limited,U,A151481,MINOR,,54.8139,36.5838,2.8865,31.18,15,,5,,,,,,,
938bb97e-cdb4-4647-b3b1-5311920f0952,GPS USPSA May 2023,2023-05-28,6,Bay 9,8da02a36-b365-42d5-95c9-f8884c216777,Dale Hamm,72,34.87,5,52.25,Limited,C,TY97196,MAJOR,Senior,52.2503,34.8728,2.7515,32.71,10,,10,,,,,,,
938bb97e-cdb4-4647-b3b1-5311920f0952,GPS USPSA May 2023,2023-05-28,6,Bay 9,8da02a36-b365-42d5-95c9-f8884c216777,Oscar Mendoza,73,34.65,34,45.02,Carry Optics,U,0,MINOR,Law Enforcement,45.0175,34.6510,2.7340,21.58,9,,7,3,1,,,,,
938bb97e-cdb4-4647-b3b1-5311920f0952,GPS USPSA May 2023,2023-05-28,6,Bay 9,8da02a36-b365-42d5-95c9-f8884c216777,Yul Kwan,74,29.28,15,29.28,Open,U,0,MINOR,Senior,29.2835,29.2835,2.3105,35.49,13,,5,2,,,,,,
938bb97e-cdb4-4647-b3b1-5311920f0952,GPS USPSA May 2023,2023-05-28,6,Bay 9,8da02a36-b365-42d5-95c9-f8884c216777,George Zhou,75,27.70,35,35.98,Carry Optics,C,A146179,MINOR,Senior,35.9827,27.6967,2.1853,21.05,8,,8,2,2,,,,,
938bb97e-cdb4-4647-b3b1-5311920f0952,GPS USPSA May 2023,2023-05-28,6,Bay 9,8da02a36-b365-42d5-95c9-f8884c216777,Orlando Cruz,76,26.81,6,40.17,Limited,U,A150010,MINOR,,40.1671,26.8083,2.1152,30.73,10,,8,1,1,,,,,
938bb97e-cdb4-4647-b3b1-5311920f0952,GPS USPSA May 2023,2023-05-28,6,Bay 9,8da02a36-b365-42d5-95c9-f8884c216777,Rico Bautista,77,24.44,5,39.62,Production,B,0,MINOR,Senior,39.6174,24.4395,1.9283,36.82,12,,7,,1,,,,,
938bb97e-cdb4-4647-b3b1-5311920f0952,GPS USPSA May 2023,2023-05-28,6,Bay 9,8da02a36-b365-42d5-95c9-f8884c216777,Danny Zlotnik,78,24.24,36,31.49,Carry Optics,C,L4786,MINOR,,31.4892,24.2380,1.9124,25.10,8,,9,1,2,,,,,
938bb97e-cdb4-4647-b3b1-5311920f0952,GPS USPSA May 2023,2023-05-28,6,Bay 9,8da02a36-b365-42d5-95c9-f8884c216777,Gigi Bautista,79,4.30,6,6.97,Production,B,0,MINOR,Lady,6.9669,4.2978,0.3391,67.83,5,,8,4,3,,,,,
938bb97e-cdb4-4647-b3b1-5311920f0952,GPS USPSA May 2023,2023-05-28,6,Bay 9,8da02a36-b365-42d5-95c9-f8884c216777,August Balagtas,80,0.00,16,0.00,Open,M,L3674,MAJOR,,0.0000,0.0000,,,,,,,,,,,,
938bb97e-cdb4-4647-b3b1-5311920f0952,GPS USPSA May 2023,2023-05-28,6,Bay 9,8da02a36-b365-42d5-95c9-f8884c216777,Teddy Elarmo,81,0.00,37,0.00,Carry Optics,U,A142885,MINOR,,0.0000,0.0000,,,,,,,,,,,,
938bb97e-cdb4-4647-b3b1-5311920f0952,GPS USPSA May 2023,2023-05-28,6,Bay 9,8da02a36-b365-42d5-95c9-f8884c216777,Edward Yu,82,0.00,7,0.00,Production,U,A148356,MINOR,Law Enforcement,0.0000,0.0000,0.0000,50.10,8,,5,1,6,,,,,
938bb97e-cdb4-4647-b3b1-5311920f0952,GPS USPSA May 2023,2023-05-28,7,Bay 10: For That Day,b856db8d-880e-4a2c-a834-1ad52ee4f8f5,Mike Junco,1,100.00,1,100.00,Carry Optics,M,TY34819,MINOR,Senior; Law Enforcement,90.0000,90.0000,5.4321,,17,,1,,,,,,,"[9.60, 6.60]"
938bb97e-cdb4-4647-b3b1-5311920f0952,GPS USPSA May 2023,2023-05-28,7,Bay 10: For That Day,b856db8d-880e-4a2c-a834-1ad52ee4f8f5,Gil Yolo,2,95.59,1,100.00,Open,M,L5228,MAJOR,,90.0000,86.0286,5.1924,,13,,5,,,,,,,"[10.86, 5.51]"
938bb97e-cdb4-4647-b3b1-5311920f0952,GPS USPSA May 2023,2023-05-28,7,Bay 10: For That Day,b856db8d-880e-4a2c-a834-1ad52ee4f8f5,Sheng Onia,3,85.12,1,100.00,Limited Optics,U,0,MINOR,,90.0000,76.6046,4.6236,,17,,1,,,,1,,,"[10.26, 6.61]"
938bb97e-cdb4-4647-b3b1-5311920f0952,GPS USPSA May 2023,2023-05-28,7,Bay 10: For That Day,b856db8d-880e-4a2c-a834-1ad52ee4f8f5,Corey Slifko,4,81.29,2,85.04,Open,A,82935,MAJOR,,76.5392,73.1618,4.4158,,9,,7,1,1,,,,,"[8.39, 6.33]"
938bb97e-cdb4-4647-b3b1-5311920f0952,GPS USPSA May 2023,2023-05-28,7,Bay 10: For That Day,b856db8d-880e-4a2c-a834-1ad52ee4f8f5,Matthew Givens,5,73.75,1,100.00,PCC,C,ty137686,MINOR,,90.0000,66.3754,4.0062,,17,,1,,,,,1,,"[10.87, 8.60]"
938bb97e-cdb4-4647-b3b1-5311920f0952,GPS USPSA May 2023,2023-05-28,7,Bay 10: For That Day,b856db8d-880e-4a2c-a834-1ad52ee4f8f5,Doug Joder,6,71.49,2,96.94,PCC,B,TY115020,MINOR,,87.2435,64.3425,3.8835,,13,,5,,,,,,,"[12.07, 8.53]"
938bb97e-cdb4-4647-b3b1-5311920f0952,GPS USPSA May 2023,2023-05-28,7,Bay 10: For That Day,b856db8d-880e-4a2c-a834-1ad52ee4f8f5,Brandon Foss,7,69.33,2,69.33,Carry Optics,M,L5142,MINOR,,62.3941,62.3941,3.7659,,11,,6,1,,,,,,"[11.85, 7.80]"
938bb97e-cdb4-4647-b3b1-5311920f0952,GPS USPSA May 2023,2023-05-28,7,Bay 10: For That Day,b856db8d-880e-4a2c-a834-1ad52ee4f8f5,Gilbert Goodman,8,67.77,3,67.77,Carry Optics,X,A145861,MINOR,,60.9924,60.9924,3.6813,,13,,4,,1,,,,,"[11.36, 6.84]"
938bb97e-cdb4-4647-b3b1-5311920f0952,GPS USPSA May 2023,2023-05-28,7,Bay 10: For That Day,b856db8d-880e-4a2c-a834-1ad52ee4f8f5,Pete Kirchner,9,67.57,4,67.57,Carry Optics,A,TY105743,MINOR,,60.8085,60.8085,3.6702,,13,,3,1,1,,,,,"[10.85, 6.86]"
938bb97e-cdb4-4647-b3b1-5311920f0952,GPS USPSA May 2023,2023-05-28,7,Bay 10: For That Day,b856db8d-880e-4a2c-a834-1ad52ee4f8f5,Jason Wells,10,65.03,5,65.03,Carry Optics,A,L5218,MINOR,,58.5287,58.5287,3.5326,,14,,1,2,1,,,,,"[10.30, 8.10]"
938bb97e-cdb4-4647-b3b1-5311920f0952,GPS USPSA May 2023,2023-05-28,7,Bay 10: For That Day,b856db8d-880e-4a2c-a834-1ad52ee4f8f5,Wade Pruetz,11,62.21,3,65.08,Open,A,TY79055,MAJOR,Senior,58.5718,55.9872,3.3792,,10,,6,,2,,,,,"[9.55, 6.43]"
938bb97e-cdb4-4647-b3b1-5311920f0952,GPS USPSA May 2023,2023-05-28,7,Bay 10: For That Day,b856db8d-880e-4a2c-a834-1ad52ee4f8f5,hayden boatcallie,12,61.34,3,83.17,PCC,C,a143344,MINOR,,74.8495,55.2019,3.3318,,15,,2,,1,,,,,"[13.35, 7.96]"
938bb97e-cdb4-4647-b3b1-5311920f0952,GPS USPSA May 2023,2023-05-28,7,Bay 10: For That Day,b856db8d-880e-4a2c-a834-1ad52ee4f8f5,Devin Griffith,13,52.43,6,52.43,Carry Optics,B,A116098,MINOR,,47.1862,47.1862,2.8480,,16,,,1,1,,,,,"[14.58, 10.35]"
938bb97e-cdb4-4647-b3b1-5311920f0952,GPS USPSA May 2023,2023-05-28,7,Bay 10: For That Day,b856db8d-880e-4a2c-a834-1ad52ee4f8f5,Anthony Boatcallie,14,51.19,7,51.19,Carry Optics,C,A143613,MINOR,,46.0744,46.0744,2.7809,,12,,3,1,2,,,,,"[10.89, 7.09]"
938bb97e-cdb4-4647-b3b1-5311920f0952,GPS USPSA May 2023,2023-05-28,7,Bay 10: For That Day,b856db8d-880e-4a2c-a834-1ad52ee4f8f5,Adam Bandiera,15,49.57,8,49.57,Carry Optics,U,A148375,MINOR,,44.6115,44.6115,2.6926,,13,,3,1,1,,,,,"[11.11, 13.03]"
938bb97e-cdb4-4647-b3b1-5311920f0952,GPS USPSA May 2023,2023-05-28,7,Bay 10: For That Day,b856db8d-880e-4a2c-a834-1ad52ee4f8f5,Jennifer Kleiber-Boatcallie,16,48.09,4,65.21,PCC,C,A142192,MINOR,Lady,58.6903,43.2844,2.6125,,13,,3,,2,,,,,"[11.73, 8.94]"
938bb97e-cdb4-4647-b3b1-5311920f0952,GPS USPSA May 2023,2023-05-28,7,Bay 10: For That Day,b856db8d-880e-4a2c-a834-1ad52ee4f8f5,Matthew Gonzalez,17,47.93,9,47.93,Carry Optics,B,A119810,MINOR,,43.1386,43.1386,2.6037,,13,,3,,2,,,,,"[12.93, 7.81]"
938bb97e-cdb4-4647-b3b1-5311920f0952,GPS USPSA May 2023,2023-05-28,7,Bay 10: For That Day,b856db8d-880e-4a2c-a834-1ad52ee4f8f5,Arnold Gee,18,46.86,4,49.02,Open,B,TY103519,MAJOR,Senior,44.1177,42.1710,2.5453,,10,,6,1,1,,,,,"[16.62, 9.31]"
938bb97e-cdb4-4647-b3b1-5311920f0952,GPS USPSA May 2023,2023-05-28,7,Bay 10: For That Day,b856db8d-880e-4a2c-a834-1ad52ee4f8f5,jason Yin,19,46.40,10,46.40,Carry Optics,U,A148906,MINOR,,41.7617,41.7617,2.5206,,9,,9,,,,,2,,"[12.24, 8.39]"
938bb97e-cdb4-4647-b3b1-5311920f0952,GPS USPSA May 2023,2023-05-28,7,Bay 10: For That Day,b856db8d-880e-4a2c-a834-1ad52ee4f8f5,Ryan Jaw,20,45.20,2,53.11,Limited Optics,U,A142907,MINOR,,47.7952,40.6815,2.4554,,12,,5,,1,,,1,,"[13.06, 9.34]"
938bb97e-cdb4-4647-b3b1-5311920f0952,GPS USPSA May 2023,2023-05-28,7,Bay 10: For That Day,b856db8d-880e-4a2c-a834-1ad52ee4f8f5,Skippy Fullerton,21,41.57,3,48.84,Limited Optics,U,A140572,MINOR,,43.9567,37.4143,2.2582,,13,,2,2,1,,1,,,"[14.23, 9.24]"
938bb97e-cdb4-4647-b3b1-5311920f0952,GPS USPSA May 2023,2023-05-28,7,Bay 10: For That Day,b856db8d-880e-4a2c-a834-1ad52ee4f8f5,Abe Valdez,22,40.23,5,42.09,Open,C,A148541,MINOR,,37.8813,36.2098,2.1855,,7,,10,,1,,1,,,"[12.32, 8.27]"
938bb97e-cdb4-4647-b3b1-5311920f0952,GPS USPSA May 2023,2023-05-28,7,Bay 10: For That Day,b856db8d-880e-4a2c-a834-1ad52ee4f8f5,John Hanna,23,38.45,11,38.45,Carry Optics,C,a138989,MINOR,Senior,34.6060,34.6060,2.0887,,8,,9,,1,,,,,"[14.41, 12.88]"
938bb97e-cdb4-4647-b3b1-5311920f0952,GPS USPSA May 2023,2023-05-28,7,Bay 10: For That Day,b856db8d-880e-4a2c-a834-1ad52ee4f8f5,Jorge Cahas,24,38.15,6,39.91,Open,B,F-44522,MAJOR,Senior,35.9227,34.3375,2.0725,,10,,3,2,3,,,,,"[10.46, 6.91]"
938bb97e-cdb4-4647-b3b1-5311920f0952,GPS USPSA May 2023,2023-05-28,7,Bay 10: For That Day,b856db8d-880e-4a2c-a834-1ad52ee4f8f5,Joseph White,25,38.11,12,38.11,Carry Optics,B,A135489,MINOR,Law Enforcement,34.2994,34.2994,2.0702,,10,,5,1,2,,,,,"[13.68, 8.54]"
938bb97e-cdb4-4647-b3b1-5311920f0952,GPS USPSA May 2023,2023-05-28,7,Bay 10: For That Day,b856db8d-880e-4a2c-a834-1ad52ee4f8f5,Antonio Tormis,26,37.46,7,39.19,Open,U,A124958,MAJOR,,35.2727,33.7162,2.0350,,11,,4,1,2,,,1,,"[14.45, 6.68]"
938bb97e-cdb4-4647-b3b1-5311920f0952,GPS USPSA May 2023,2023-05-28,7,Bay 10: For That Day,b856db8d-880e-4a2c-a834-1ad52ee4f8f5,George Zhou,27,36.53,13,36.53,Carry Optics,C,A146179,MINOR,Senior,32.8762,32.8762,1.9843,,7,,7,2,2,,,,,"[11.17, 7.98]"
938bb97e-cdb4-4647-b3b1-5311920f0952,GPS USPSA May 2023,2023-05-28,7,Bay 10: For That Day,b856db8d-880e-4a2c-a834-1ad52ee4f8f5,Christian Corsi,28,33.91,14,33.91,Carry Optics,U,A150957,MINOR,,30.5186,30.5186,1.8420,,7,,7,2,2,,,,,"[12.23, 8.40]"
938bb97e-cdb4-4647-b3b1-5311920f0952,GPS USPSA May 2023,2023-05-28,7,Bay 10: For That Day,b856db8d-880e-4a2c-a834-1ad52ee4f8f5,Benjamin Michael,29,33.25,1,100.00,Production,C,L5472,MINOR,,90.0000,29.9254,1.8062,,13,,3,,2,,1,,,"[14.71, 9.65]"
938bb97e-cdb4-4647-b3b1-5311920f0952,GPS USPSA May 2023,2023-05-28,7,Bay 10: For That Day,b856db8d-880e-4a2c-a834-1ad52ee4f8f5,Cristian Garcia,30,32.57,4,38.27,Limited Optics,U,FY145753,MINOR,,34.4420,29.3157,1.7694,,9,,4,2,3,,,,,"[9.95, 6.44]"
938bb97e-cdb4-4647-b3b1-5311920f0952,GPS USPSA May 2023,2023-05-28,7,Bay 10: For That Day,b856db8d-880e-4a2c-a834-1ad52ee4f8f5,Jason Knopp,31,32.39,15,32.39,Carry Optics,U,A148175,MINOR,Law Enforcement,29.1484,29.1484,1.7593,,11,,4,1,2,,1,,,"[14.00, 7.60]"
938bb97e-cdb4-4647-b3b1-5311920f0952,GPS USPSA May 2023,2023-05-28,7,Bay 10: For That Day,b856db8d-880e-4a2c-a834-1ad52ee4f8f5,Anthony Smallwood,32,31.14,5,36.58,Limited Optics,U,TY94508,MINOR,Senior,32.9256,28.0251,1.6915,,12,,4,,2,,1,,,"[15.91, 8.92]"
938bb97e-cdb4-4647-b3b1-5311920f0952,GPS USPSA May 2023,2023-05-28,7,Bay 10: For That Day,b856db8d-880e-4a2c-a834-1ad52ee4f8f5,Yul Kwan,33,29.91,8,31.29,Open,U,0,MINOR,Senior,28.1627,26.9200,1.6248,,11,,6,,1,,,1,,"[18.05, 14.57]"
938bb97e-cdb4-4647-b3b1-5311920f0952,GPS USPSA May 2023,2023-05-28,7,Bay 10: For That Day,b856db8d-880e-4a2c-a834-1ad52ee4f8f5,Christopher Boatcallie,34,29.38,5,39.84,PCC,C,A104118,MINOR,,35.8589,26.4461,1.5962,,6,,10,,2,,,,,"[10.77, 14.29]"
938bb97e-cdb4-4647-b3b1-5311920f0952,GPS USPSA May 2023,2023-05-28,7,Bay 10: For That Day,b856db8d-880e-4a2c-a834-1ad52ee4f8f5,Drew Yang,35,28.21,2,84.84,Production,B,FY138478,MINOR,,76.3570,25.3891,1.5324,,9,,5,1,3,,,,,"[11.93, 8.30]"
938bb97e-cdb4-4647-b3b1-5311920f0952,GPS USPSA May 2023,2023-05-28,7,Bay 10: For That Day,b856db8d-880e-4a2c-a834-1ad52ee4f8f5,JC Aguinaldo,36,28.21,6,33.14,Limited Optics,U,A147256,MINOR,,29.8248,25.3858,1.5322,,8,,6,2,2,,1,,,"[11.77, 7.81]"
938bb97e-cdb4-4647-b3b1-5311920f0952,GPS USPSA May 2023,2023-05-28,7,Bay 10: For That Day,b856db8d-880e-4a2c-a834-1ad52ee4f8f5,Kacie Tapanila,37,28.01,16,28.01,Carry Optics,U,A135389,MINOR,Lady,25.2135,25.2135,1.5218,,10,,6,1,1,,,,,"[24.34, 14.43]"
938bb97e-cdb4-4647-b3b1-5311920f0952,GPS USPSA May 2023,2023-05-28,7,Bay 10: For That Day,b856db8d-880e-4a2c-a834-1ad52ee4f8f5,Rene Zalamea,38,27.88,9,29.17,Open,C,A66891,MAJOR,Senior,26.2509,25.0925,1.5145,,11,,1,3,3,,,,,"[13.37, 9.74]"
938bb97e-cdb4-4647-b3b1-5311920f0952,GPS USPSA May 2023,2023-05-28,7,Bay 10: For That Day,b856db8d-880e-4a2c-a834-1ad52ee4f8f5,Joaquin Corrales,39,27.46,7,32.26,Limited Optics,U,A143001,MINOR,,29.0384,24.7164,1.4918,,12,,3,,3,,,1,,"[11.76, 7.68]"
938bb97e-cdb4-4647-b3b1-5311920f0952,GPS USPSA May 2023,2023-05-28,7,Bay 10: For That Day,b856db8d-880e-4a2c-a834-1ad52ee4f8f5,Matt Lem,40,27.11,17,27.11,Carry Optics,M,FY34763,MINOR,Senior,24.4000,24.4000,1.4727,,10,,3,2,3,,,,,"[12.20, 8.85]"
938bb97e-cdb4-4647-b3b1-5311920f0952,GPS USPSA May 2023,2023-05-28,7,Bay 10: For That Day,b856db8d-880e-4a2c-a834-1ad52ee4f8f5,Virak Meas,41,26.79,8,31.47,Limited Optics,U,0,MINOR,,28.3221,24.1067,1.4550,,11,,4,,3,,,,,"[15.98, 9.45]"
938bb97e-cdb4-4647-b3b1-5311920f0952,GPS USPSA May 2023,2023-05-28,7,Bay 10: For That Day,b856db8d-880e-4a2c-a834-1ad52ee4f8f5,Anthony Fong,42,26.01,18,26.01,Carry Optics,B,A142224,MINOR,,23.4108,23.4108,1.4130,,11,,2,1,4,,,,,"[9.19, 6.38]"
938bb97e-cdb4-4647-b3b1-5311920f0952,GPS USPSA May 2023,2023-05-28,7,Bay 10: For That Day,b856db8d-880e-4a2c-a834-1ad52ee4f8f5,Michael Pontious,43,25.53,19,25.53,Carry Optics,B,Fy94575,MINOR,Senior,22.9784,22.9784,1.3869,,9,,4,2,3,,,,,"[11.96, 8.95]"
938bb97e-cdb4-4647-b3b1-5311920f0952,GPS USPSA May 2023,2023-05-28,7,Bay 10: For That Day,b856db8d-880e-4a2c-a834-1ad52ee4f8f5,Gennady Khokhorin,44,24.75,3,74.44,Production,C,A123884,MINOR,Super Senior,66.9942,22.2759,1.3445,,7,,8,,3,,,,,"[12.86, 8.71]"
938bb97e-cdb4-4647-b3b1-5311920f0952,GPS USPSA May 2023,2023-05-28,7,Bay 10: For That Day,b856db8d-880e-4a2c-a834-1ad52ee4f8f5,Gary Wu,45,24.27,10,25.39,Open,B,L2998,MAJOR,Senior,22.8501,21.8418,1.3183,,6,,5,4,3,,,,,"[11.61, 9.63]"
938bb97e-cdb4-4647-b3b1-5311920f0952,GPS USPSA May 2023,2023-05-28,7,Bay 10: For That Day,b856db8d-880e-4a2c-a834-1ad52ee4f8f5,Edward Yu,46,22.14,4,66.57,Production,U,A148356,MINOR,Law Enforcement,59.9136,19.9216,1.2024,,7,,6,3,2,,,,,"[15.73, 14.21]"
938bb97e-cdb4-4647-b3b1-5311920f0952,GPS USPSA May 2023,2023-05-28,7,Bay 10: For That Day,b856db8d-880e-4a2c-a834-1ad52ee4f8f5,Manny Nerona,47,20.66,9,24.28,Limited Optics,U,A69445,MINOR,,21.8499,18.5978,1.1225,,9,,6,,3,,1,,,"[11.23, 9.26]"
938bb97e-cdb4-4647-b3b1-5311920f0952,GPS USPSA May 2023,2023-05-28,7,Bay 10: For That Day,b856db8d-880e-4a2c-a834-1ad52ee4f8f5,NeaL NaNDiN,48,20.51,20,20.51,Carry Optics,C,FY71894,MINOR,,18.4586,18.4586,1.1141,,7,,6,2,3,,,,,"[13.04, 9.40]"
938bb97e-cdb4-4647-b3b1-5311920f0952,GPS USPSA May 2023,2023-05-28,7,Bay 10: For That Day,b856db8d-880e-4a2c-a834-1ad52ee4f8f5,Jonathan Backof,49,20.35,21,20.35,Carry Optics,C,L5308,MINOR,,18.3194,18.3194,1.1057,,9,,5,2,2,,1,,,"[19.03, 9.91]"
938bb97e-cdb4-4647-b3b1-5311920f0952,GPS USPSA May 2023,2023-05-28,7,Bay 10: For That Day,b856db8d-880e-4a2c-a834-1ad52ee4f8f5,Kevin Pausicles,50,19.76,22,19.76,Carry Optics,U,A146221,MINOR,Foreign,17.7810,17.7810,1.0732,,10,,4,1,3,,,,,"[17.70, 13.05]"
938bb97e-cdb4-4647-b3b1-5311920f0952,GPS USPSA May 2023,2023-05-28,7,Bay 10: For That Day,b856db8d-880e-4a2c-a834-1ad52ee4f8f5,Abrahan Figueroa,51,19.44,11,20.34,Open,C,TY54053,MAJOR,Senior,18.3019,17.4943,1.0559,,10,,3,1,4,,,,,"[12.48, 10.25]"
938bb97e-cdb4-4647-b3b1-5311920f0952,GPS USPSA May 2023,2023-05-28,7,Bay 10: For That Day,b856db8d-880e-4a2c-a834-1ad52ee4f8f5,William Strannix,52,18.35,5,55.19,Production,A,TY123776,MINOR,,49.6739,16.5168,0.9969,,10,,2,3,3,,1,,,"[12.14, 6.92]"
938bb97e-cdb4-4647-b3b1-5311920f0952,GPS USPSA May 2023,2023-05-28,7,Bay 10: For That Day,b856db8d-880e-4a2c-a834-1ad52ee4f8f5,Jon Kirk,53,18.31,23,18.31,Carry Optics,U,A151462,MINOR,Law Enforcement,16.4804,16.4804,0.9947,,9,,6,1,2,,1,,,"[14.89, 19.29]"
938bb97e-cdb4-4647-b3b1-5311920f0952,GPS USPSA May 2023,2023-05-28,7,Bay 10: For That Day,b856db8d-880e-4a2c-a834-1ad52ee4f8f5,Brandon Truong,54,17.16,24,17.16,Carry Optics,B,TY111128,MINOR,,15.4399,15.4399,0.9319,,6,,8,2,2,,1,,,"[16.87, 11.03]"
938bb97e-cdb4-4647-b3b1-5311920f0952,GPS USPSA May 2023,2023-05-28,7,Bay 10: For That Day,b856db8d-880e-4a2c-a834-1ad52ee4f8f5,Devin Yolo,55,16.17,25,16.17,Carry Optics,B,A112987,MINOR,,14.5551,14.5551,0.8785,,9,,4,1,4,,,,,"[13.23, 7.26]"
938bb97e-cdb4-4647-b3b1-5311920f0952,GPS USPSA May 2023,2023-05-28,7,Bay 10: For That Day,b856db8d-880e-4a2c-a834-1ad52ee4f8f5,Gerry Tsoi,56,16.17,1,100.00,Limited,U,A151481,MINOR,,90.0000,14.5551,0.8785,,9,,4,2,3,,,,,"[19.92, 13.09]"
938bb97e-cdb4-4647-b3b1-5311920f0952,GPS USPSA May 2023,2023-05-28,7,Bay 10: For That Day,b856db8d-880e-4a2c-a834-1ad52ee4f8f5,Phil Truong,57,10.48,12,10.96,Open,B,FY128600,MINOR,,9.8660,9.4306,0.5692,,10,,3,1,4,,1,,,"[10.08, 7.49]"
938bb97e-cdb4-4647-b3b1-5311920f0952,GPS USPSA May 2023,2023-05-28,7,Bay 10: For That Day,b856db8d-880e-4a2c-a834-1ad52ee4f8f5,Orlando Cruz,58,6.39,2,39.49,Limited,U,A150010,MINOR,,35.5390,5.7475,0.3469,,5,,9,1,3,,1,,,"[23.22, 14.26]"
938bb97e-cdb4-4647-b3b1-5311920f0952,GPS USPSA May 2023,2023-05-28,7,Bay 10: For That Day,b856db8d-880e-4a2c-a834-1ad52ee4f8f5,Patrick Houstoun,59,5.87,26,5.87,Carry Optics,U,A148442,MINOR,Junior,5.2803,5.2803,0.3187,,14,,3,,1,,4,2,,"[15.12, 13.12]"
938bb97e-cdb4-4647-b3b1-5311920f0952,GPS USPSA May 2023,2023-05-28,7,Bay 10: For That Day,b856db8d-880e-4a2c-a834-1ad52ee4f8f5,Oscar Mendoza,60,5.80,27,5.80,Carry Optics,U,0,MINOR,Law Enforcement,5.2190,5.2190,0.3150,,6,,7,1,4,,,,,"[20.73, 17.36]"
938bb97e-cdb4-4647-b3b1-5311920f0952,GPS USPSA May 2023,2023-05-28,7,Bay 10: For That Day,b856db8d-880e-4a2c-a834-1ad52ee4f8f5,Heath Helgeson,61,4.73,28,4.73,Carry Optics,U,A149129,MINOR,,4.2531,4.2531,0.2567,,8,,5,2,3,,1,1,,"[16.13, 11.14]"
938bb97e-cdb4-4647-b3b1-5311920f0952,GPS USPSA May 2023,2023-05-28,7,Bay 10: For That Day,b856db8d-880e-4a2c-a834-1ad52ee4f8f5,Carlos Escandon,62,3.70,3,22.86,Limited,B,L2590,MAJOR,Super Senior,20.5714,3.3269,0.2008,,6,,5,2,5,,,,,"[12.79, 7.13]"
938bb97e-cdb4-4647-b3b1-5311920f0952,GPS USPSA May 2023,2023-05-28,7,Bay 10: For That Day,b856db8d-880e-4a2c-a834-1ad52ee4f8f5,Garrick Gonzalez,63,3.68,29,3.68,Carry Optics,B,A119804,MINOR,,3.3120,3.3120,0.1999,,8,,4,2,4,,1,,,"[11.71, 8.30]"
938bb97e-cdb4-4647-b3b1-5311920f0952,GPS USPSA May 2023,2023-05-28,7,Bay 10: For That Day,b856db8d-880e-4a2c-a834-1ad52ee4f8f5,John Brunkhorst,64,3.25,30,3.25,Carry Optics,B,A116144,MINOR,,2.9226,2.9226,0.1764,,3,,9,2,4,,,,,"[13.76, 8.92]"
938bb97e-cdb4-4647-b3b1-5311920f0952,GPS USPSA May 2023,2023-05-28,7,Bay 10: For That Day,b856db8d-880e-4a2c-a834-1ad52ee4f8f5,Jun Wu,65,2.63,31,2.63,Carry Optics,B,Ty104927,MINOR,,2.3676,2.3676,0.1429,,5,,5,4,4,,,,,"[17.52, 10.47]"
938bb97e-cdb4-4647-b3b1-5311920f0952,GPS USPSA May 2023,2023-05-28,7,Bay 10: For That Day,b856db8d-880e-4a2c-a834-1ad52ee4f8f5,CHAN WILLIAM,66,1.85,10,2.17,Limited Optics,U,TY97870,MINOR,,1.9543,1.6634,0.1004,,7,,5,2,4,,1,,,"[9.55, 10.37]"
938bb97e-cdb4-4647-b3b1-5311920f0952,GPS USPSA May 2023,2023-05-28,7,Bay 10: For That Day,b856db8d-880e-4a2c-a834-1ad52ee4f8f5,August Balagtas,67,0.00,13,0.00,Open,M,L3674,MAJOR,,0.0000,0.0000,,,,,,,,,,,,
938bb97e-cdb4-4647-b3b1-5311920f0952,GPS USPSA May 2023,2023-05-28,7,Bay 10: For That Day,b856db8d-880e-4a2c-a834-1ad52ee4f8f5,Jerry Bedro,68,0.00,14,0.00,Open,X,A1,MAJOR,,0.0000,0.0000,,,,,,,,,,,,
938bb97e-cdb4-4647-b3b1-5311920f0952,GPS USPSA May 2023,2023-05-28,7,Bay 10: For That Day,b856db8d-880e-4a2c-a834-1ad52ee4f8f5,Teddy Elarmo,69,0.00,32,0.00,Carry Optics,U,A142885,MINOR,,0.0000,0.0000,,,,,,,,,,,,
938bb97e-cdb4-4647-b3b1-5311920f0952,GPS USPSA May 2023,2023-05-28,7,Bay 10: For That Day,b856db8d-880e-4a2c-a834-1ad52ee4f8f5,Tyler Kenny,70,0.00,33,0.00,Carry Optics,C,A148691,MINOR,,0.0000,0.0000,0.0000,,8,,4,,6,,1,,,"[10.48, 6.52]"
938bb97e-cdb4-4647-b3b1-5311920f0952,GPS USPSA May 2023,2023-05-28,7,Bay 10: For That Day,b856db8d-880e-4a2c-a834-1ad52ee4f8f5,Tommy Teas,71,0.00,4,0.00,Limited,B,FY2227,MINOR,Senior,0.0000,0.0000,0.0000,,6,,6,,6,,3,,,"[10.01, 7.75]"
938bb97e-cdb4-4647-b3b1-5311920f0952,GPS USPSA May 2023,2023-05-28,7,Bay 10: For That Day,b856db8d-880e-4a2c-a834-1ad52ee4f8f5,Qingbang Cai,72,0.00,34,0.00,Carry Optics,B,A148273,MINOR,,0.0000,0.0000,0.0000,,4,,4,,10,,4,,,"[11.19, 6.96]"
938bb97e-cdb4-4647-b3b1-5311920f0952,GPS USPSA May 2023,2023-05-28,7,Bay 10: For That Day,b856db8d-880e-4a2c-a834-1ad52ee4f8f5,matt baum,73,0.00,15,0.00,Open,U,A141110,MINOR,,0.0000,0.0000,0.0000,,4,,3,1,10,,,1,,"[14.96, 3.22]"
938bb97e-cdb4-4647-b3b1-5311920f0952,GPS USPSA May 2023,2023-05-28,7,Bay 10: For That Day,b856db8d-880e-4a2c-a834-1ad52ee4f8f5,Rudy Widiaman,74,0.00,11,0.00,Limited Optics,U,0,MINOR,,0.0000,0.0000,0.0000,,8,,5,1,4,,2,1,,"[13.85, 8.00]"
938bb97e-cdb4-4647-b3b1-5311920f0952,GPS USPSA May 2023,2023-05-28,7,Bay 10: For That Day,b856db8d-880e-4a2c-a834-1ad52ee4f8f5,Mike Kahl,75,0.00,35,0.00,Carry Optics,A,TY70984,MINOR,Super Senior,0.0000,0.0000,0.0000,,10,,4,1,3,,1,3,,"[12.38, 9.61]"
938bb97e-cdb4-4647-b3b1-5311920f0952,GPS USPSA May 2023,2023-05-28,7,Bay 10: For That Day,b856db8d-880e-4a2c-a834-1ad52ee4f8f5,Danny Zlotnik,76,0.00,36,0.00,Carry Optics,C,L4786,MINOR,,0.0000,0.0000,0.0000,,6,,5,1,6,,,,,"[13.54, 11.95]"
938bb97e-cdb4-4647-b3b1-5311920f0952,GPS USPSA May 2023,2023-05-28,7,Bay 10: For That Day,b856db8d-880e-4a2c-a834-1ad52ee4f8f5,Sean Frederick,77,0.00,37,0.00,Carry Optics,U,A149482,MINOR,,0.0000,0.0000,0.0000,,7,,4,2,5,,,,,"[16.21, 9.33]"
938bb97e-cdb4-4647-b3b1-5311920f0952,GPS USPSA May 2023,2023-05-28,7,Bay 10: For That Day,b856db8d-880e-4a2c-a834-1ad52ee4f8f5,Dale Hamm,78,0.00,5,0.00,Limited,C,TY97196,MAJOR,Senior,0.0000,0.0000,0.0000,,5,,1,4,8,,3,,,"[15.77, 10.01]"
938bb97e-cdb4-4647-b3b1-5311920f0952,GPS USPSA May 2023,2023-05-28,7,Bay 10: For That Day,b856db8d-880e-4a2c-a834-1ad52ee4f8f5,Jonathan Gutierrez,79,0.00,16,0.00,Open,C,A108668,MINOR,,0.0000,0.0000,0.0000,,8,,5,1,4,,,3,,"[12.91, 13.31]"
938bb97e-cdb4-4647-b3b1-5311920f0952,GPS USPSA May 2023,2023-05-28,7,Bay 10: For That Day,b856db8d-880e-4a2c-a834-1ad52ee4f8f5,Eric Horn,80,0.00,6,0.00,Limited,U,A149467,MINOR,,0.0000,0.0000,0.0000,,3,,6,5,4,,,,,"[15.30, 11.82]"
938bb97e-cdb4-4647-b3b1-5311920f0952,GPS USPSA May 2023,2023-05-28,7,Bay 10: For That Day,b856db8d-880e-4a2c-a834-1ad52ee4f8f5,Rico Bautista,81,0.00,6,0.00,Production,B,0,MINOR,Senior,0.0000,0.0000,0.0000,,5,,6,1,6,,,,,"[20.87, 18.40]"
938bb97e-cdb4-4647-b3b1-5311920f0952,GPS USPSA May 2023,2023-05-28,7,Bay 10: For That Day,b856db8d-880e-4a2c-a834-1ad52ee4f8f5,Gigi Bautista,82,0.00,7,0.00,Production,B,0,MINOR,Lady,0.0000,0.0000,0.0000,,,,3,4,11,,1,,,"[38.05, 22.81]"
