match_id,match_name,match_date,stage_number,stage_name,stage_uuid,shooter_name,shooter_rank_combined,shooter_percent_combined,shooter_rank_division,shooter_percent_division,division,class,member_number,power_factor,categories,stage_points,stage_points_combined,hit_factor,time,A,B,C,D,M,NPM,NS,Proc,Apen,detail_MaxTime,detail_Times
a6476489-5d99-45fd-9525-ca9c6cc458eb,Bayou City Monthly February 8th at Oilfield Sports Complex,2026-02-08,1,Stage 1,d0fe5127-f2ba-4fbe-badf-2ab320e18ab1,Albert Montanez,1,100.00,1,100.00,PCC,M,TY101554,MINOR,,120.0000,120.0000,11.3433,10.05,22,0,1,1,0,0,0,0,,,
a6476489-5d99-45fd-9525-ca9c6cc458eb,Bayou City Monthly February 8th at Oilfield Sports Complex,2026-02-08,1,Stage 1,d0fe5127-f2ba-4fbe-badf-2ab320e18ab1,Travis Mckenzie,2,92.13,1,100.00,Open,A,L6340,MAJOR,,120.0000,110.5551,10.4505,11.10,22,0,1,1,0,0,0,0,,,
a6476489-5d99-45fd-9525-ca9c6cc458eb,Bayou City Monthly February 8th at Oilfield Sports Complex,2026-02-08,1,Stage 1,d0fe5127-f2ba-4fbe-badf-2ab320e18ab1,Tyler Denmon,3,81.66,1,100.00,Limited Optics,A,A156054,MINOR,,120.0000,97.9863,9.2624,11.66,18,0,6,0,0,0,0,0,,,
a6476489-5d99-45fd-9525-ca9c6cc458eb,Bayou City Monthly February 8th at Oilfield Sports Complex,2026-02-08,1,Stage 1,d0fe5127-f2ba-4fbe-badf-2ab320e18ab1,Hunter Sparkman,4,81.33,2,99.60,Limited Optics,U,A165234,MINOR,Law Enforcement,119.5206,97.5949,9.2254,11.49,17,0,7,0,0,0,0,0,,,
a6476489-5d99-45fd-9525-ca9c6cc458eb,Bayou City Monthly February 8th at Oilfield Sports Complex,2026-02-08,1,Stage 1,d0fe5127-f2ba-4fbe-badf-2ab320e18ab1,Jim Havens,5,79.71,3,97.62,Limited Optics,M,TY114636,MINOR,,117.1459,95.6558,9.0421,13.05,23,0,1,0,0,0,0,0,,,
a6476489-5d99-45fd-9525-ca9c6cc458eb,Bayou City Monthly February 8th at Oilfield Sports Complex,2026-02-08,1,Stage 1,d0fe5127-f2ba-4fbe-badf-2ab320e18ab1,Phyl Santos,6,75.37,4,92.31,Limited Optics,A,A155981,MINOR,,110.7691,90.4488,8.5499,11.93,17,0,5,2,0,0,0,0,,,
a6476489-5d99-45fd-9525-ca9c6cc458eb,Bayou City Monthly February 8th at Oilfield Sports Complex,2026-02-08,1,Stage 1,d0fe5127-f2ba-4fbe-badf-2ab320e18ab1,Adriel Taylor,7,74.86,1,100.00,Carry Optics,U,A104321,MINOR,,120.0000,89.8299,8.4914,11.07,14,0,7,3,0,0,0,0,,,
a6476489-5d99-45fd-9525-ca9c6cc458eb,Bayou City Monthly February 8th at Oilfield Sports Complex,2026-02-08,1,Stage 1,d0fe5127-f2ba-4fbe-badf-2ab320e18ab1,Christopher Boatcallie,8,74.52,2,74.52,PCC,A,A104118,MINOR,,89.4216,89.4216,8.4528,13.25,20,0,4,0,0,0,0,0,,,
a6476489-5d99-45fd-9525-ca9c6cc458eb,Bayou City Monthly February 8th at Oilfield Sports Complex,2026-02-08,1,Stage 1,d0fe5127-f2ba-4fbe-badf-2ab320e18ab1,Jorge Cahas,9,69.86,2,75.83,Open,,,MAJOR,Senior,90.9947,83.8327,7.9245,13.25,13,0,9,2,0,0,0,0,,,
a6476489-5d99-45fd-9525-ca9c6cc458eb,Bayou City Monthly February 8th at Oilfield Sports Complex,2026-02-08,1,Stage 1,d0fe5127-f2ba-4fbe-badf-2ab320e18ab1,Roger Feng,10,68.20,2,91.11,Carry Optics,A,A157776,MINOR,,109.3304,81.8428,7.7364,13.96,18,0,6,0,0,0,0,0,,,
a6476489-5d99-45fd-9525-ca9c6cc458eb,Bayou City Monthly February 8th at Oilfield Sports Complex,2026-02-08,1,Stage 1,d0fe5127-f2ba-4fbe-badf-2ab320e18ab1,Ulrick Fong,11,66.66,3,66.66,PCC,A,A170351,MINOR,Senior,79.9937,79.9937,7.5616,11.77,15,0,8,0,1,0,0,0,,,
a6476489-5d99-45fd-9525-ca9c6cc458eb,Bayou City Monthly February 8th at Oilfield Sports Complex,2026-02-08,1,Stage 1,d0fe5127-f2ba-4fbe-badf-2ab320e18ab1,James “JimO” O'Flaherty,12,66.60,5,81.56,Limited Optics,B,FY100318,MINOR,Senior; Law Enforcement,97.8757,79.9207,7.5547,15.09,21,0,3,0,0,0,0,0,,,
a6476489-5d99-45fd-9525-ca9c6cc458eb,Bayou City Monthly February 8th at Oilfield Sports Complex,2026-02-08,1,Stage 1,d0fe5127-f2ba-4fbe-badf-2ab320e18ab1,Wade Pruetz,13,65.51,6,80.23,Limited Optics,,TY79055,MINOR,Senior,96.2744,78.6131,7.4311,15.61,22,0,2,0,0,0,0,0,,,
a6476489-5d99-45fd-9525-ca9c6cc458eb,Bayou City Monthly February 8th at Oilfield Sports Complex,2026-02-08,1,Stage 1,d0fe5127-f2ba-4fbe-badf-2ab320e18ab1,Eric Wu,14,65.39,7,80.09,Limited Optics,B,FY104740,MINOR,Senior,96.1021,78.4724,7.4178,14.29,17,0,7,0,0,0,0,0,,,
a6476489-5d99-45fd-9525-ca9c6cc458eb,Bayou City Monthly February 8th at Oilfield Sports Complex,2026-02-08,1,Stage 1,d0fe5127-f2ba-4fbe-badf-2ab320e18ab1,Joshua Blume,15,65.21,3,87.11,Carry Optics,B,A148746,MINOR,,104.5298,78.2492,7.3967,13.79,16,0,7,1,0,0,0,0,,,
a6476489-5d99-45fd-9525-ca9c6cc458eb,Bayou City Monthly February 8th at Oilfield Sports Complex,2026-02-08,1,Stage 1,d0fe5127-f2ba-4fbe-badf-2ab320e18ab1,Lou Lerma,16,64.92,8,79.50,Limited Optics,B,A155846,MINOR,,95.3999,77.8990,7.3636,15.21,20,0,4,0,0,0,0,0,,,
a6476489-5d99-45fd-9525-ca9c6cc458eb,Bayou City Monthly February 8th at Oilfield Sports Complex,2026-02-08,1,Stage 1,d0fe5127-f2ba-4fbe-badf-2ab320e18ab1,Pocholo Dimayuga,17,64.87,4,86.65,Carry Optics,B,A106236,MINOR,,103.9814,77.8387,7.3579,14.95,19,0,5,0,0,0,0,0,,,
a6476489-5d99-45fd-9525-ca9c6cc458eb,Bayou City Monthly February 8th at Oilfield Sports Complex,2026-02-08,1,Stage 1,d0fe5127-f2ba-4fbe-badf-2ab320e18ab1,Ryan Jaw,18,62.97,4,62.97,PCC,U,TY142907,MINOR,,75.5643,75.5643,7.1429,12.46,17,0,4,2,1,0,0,0,,,
a6476489-5d99-45fd-9525-ca9c6cc458eb,Bayou City Monthly February 8th at Oilfield Sports Complex,2026-02-08,1,Stage 1,d0fe5127-f2ba-4fbe-badf-2ab320e18ab1,Keaton Mayfield,19,62.43,5,83.40,Carry Optics,A,A147501,MINOR,,100.0754,74.9147,7.0815,13.98,20,0,3,0,1,0,0,0,,,
a6476489-5d99-45fd-9525-ca9c6cc458eb,Bayou City Monthly February 8th at Oilfield Sports Complex,2026-02-08,1,Stage 1,d0fe5127-f2ba-4fbe-badf-2ab320e18ab1,Jay-R delos-Santos,20,62.41,5,62.41,PCC,B,A70297,MINOR,Senior,74.8946,74.8946,7.0796,15.82,20,0,4,0,0,0,0,0,,,
a6476489-5d99-45fd-9525-ca9c6cc458eb,Bayou City Monthly February 8th at Oilfield Sports Complex,2026-02-08,1,Stage 1,d0fe5127-f2ba-4fbe-badf-2ab320e18ab1,Harlan Chen,21,61.33,9,75.10,Limited Optics,B,A163292,MINOR,,90.1257,73.5923,6.9565,16.10,20,0,4,0,0,0,0,0,,,
a6476489-5d99-45fd-9525-ca9c6cc458eb,Bayou City Monthly February 8th at Oilfield Sports Complex,2026-02-08,1,Stage 1,d0fe5127-f2ba-4fbe-badf-2ab320e18ab1,FRANCIS NGUYEN,22,61.20,6,81.76,Carry Optics,B,A169979,MINOR,,98.1082,73.4421,6.9423,12.82,17,0,4,2,1,0,0,0,,,
a6476489-5d99-45fd-9525-ca9c6cc458eb,Bayou City Monthly February 8th at Oilfield Sports Complex,2026-02-08,1,Stage 1,d0fe5127-f2ba-4fbe-badf-2ab320e18ab1,Daniel Flowers,23,60.49,7,80.81,Carry Optics,B,A157513,MINOR,,96.9748,72.5937,6.8621,16.03,19,0,5,0,0,0,0,0,,,
a6476489-5d99-45fd-9525-ca9c6cc458eb,Bayou City Monthly February 8th at Oilfield Sports Complex,2026-02-08,1,Stage 1,d0fe5127-f2ba-4fbe-badf-2ab320e18ab1,Jesse Harrington,24,60.19,8,80.40,Carry Optics,A,A153046,MINOR,,96.4830,72.2255,6.8273,14.94,16,0,7,1,0,0,0,0,,,
a6476489-5d99-45fd-9525-ca9c6cc458eb,Bayou City Monthly February 8th at Oilfield Sports Complex,2026-02-08,1,Stage 1,d0fe5127-f2ba-4fbe-badf-2ab320e18ab1,Taylor Latham,25,58.81,1,100.00,Limited,X,TY39841,MINOR,Senior,120.0000,70.5689,6.6707,16.49,20,0,3,1,0,0,0,0,,,
a6476489-5d99-45fd-9525-ca9c6cc458eb,Bayou City Monthly February 8th at Oilfield Sports Complex,2026-02-08,1,Stage 1,d0fe5127-f2ba-4fbe-badf-2ab320e18ab1,Blaine Newlin,26,58.16,10,71.23,Limited Optics,C,A103350,MINOR,,85.4772,69.7966,6.5977,15.46,17,0,5,2,0,0,0,0,,,
a6476489-5d99-45fd-9525-ca9c6cc458eb,Bayou City Monthly February 8th at Oilfield Sports Complex,2026-02-08,1,Stage 1,d0fe5127-f2ba-4fbe-badf-2ab320e18ab1,Manny Nerona,27,56.61,9,75.63,Carry Optics,B,A69445,MINOR,,90.7554,67.9379,6.4220,14.17,17,0,5,1,1,0,0,0,,,
a6476489-5d99-45fd-9525-ca9c6cc458eb,Bayou City Monthly February 8th at Oilfield Sports Complex,2026-02-08,1,Stage 1,d0fe5127-f2ba-4fbe-badf-2ab320e18ab1,Isaac Robledo,28,56.61,10,75.62,Carry Optics,B,A156101,MINOR,,90.7469,67.9316,6.4214,13.86,16,0,6,1,1,0,0,0,,,
a6476489-5d99-45fd-9525-ca9c6cc458eb,Bayou City Monthly February 8th at Oilfield Sports Complex,2026-02-08,1,Stage 1,d0fe5127-f2ba-4fbe-badf-2ab320e18ab1,Michael Pontious,29,55.57,11,68.06,Limited Optics,B,A94575,MINOR,Super Senior,81.6708,66.6885,6.3039,15.07,18,0,5,0,1,0,0,0,,,
a6476489-5d99-45fd-9525-ca9c6cc458eb,Bayou City Monthly February 8th at Oilfield Sports Complex,2026-02-08,1,Stage 1,d0fe5127-f2ba-4fbe-badf-2ab320e18ab1,Yulmer Carreno,30,55.53,12,68.00,Limited Optics,B,A157204,MINOR,,81.6035,66.6335,6.2987,14.13,18,0,2,3,1,0,0,0,,,
a6476489-5d99-45fd-9525-ca9c6cc458eb,Bayou City Monthly February 8th at Oilfield Sports Complex,2026-02-08,1,Stage 1,d0fe5127-f2ba-4fbe-badf-2ab320e18ab1,Andrew Quintana,31,55.29,13,67.72,Limited Optics,B,A175263,MINOR,,81.2601,66.3532,6.2722,16.90,17,0,7,0,0,0,0,0,,,
a6476489-5d99-45fd-9525-ca9c6cc458eb,Bayou City Monthly February 8th at Oilfield Sports Complex,2026-02-08,1,Stage 1,d0fe5127-f2ba-4fbe-badf-2ab320e18ab1,Andre Wijaya,32,54.62,11,72.96,Carry Optics,U,A175473,MINOR,,87.5502,65.5386,6.1952,17.11,18,0,5,1,0,0,0,0,,,
a6476489-5d99-45fd-9525-ca9c6cc458eb,Bayou City Monthly February 8th at Oilfield Sports Complex,2026-02-08,1,Stage 1,d0fe5127-f2ba-4fbe-badf-2ab320e18ab1,David Zhang,33,54.49,14,66.73,Limited Optics,A,FY140383,MINOR,,80.0760,65.3863,6.1808,17.15,18,0,5,1,0,0,0,0,,,
a6476489-5d99-45fd-9525-ca9c6cc458eb,Bayou City Monthly February 8th at Oilfield Sports Complex,2026-02-08,1,Stage 1,d0fe5127-f2ba-4fbe-badf-2ab320e18ab1,Yanlin Xiang,34,54.35,15,66.56,Limited Optics,B,A164967,MINOR,,79.8752,65.2223,6.1653,14.76,16,0,7,0,1,0,0,0,,,
a6476489-5d99-45fd-9525-ca9c6cc458eb,Bayou City Monthly February 8th at Oilfield Sports Complex,2026-02-08,1,Stage 1,d0fe5127-f2ba-4fbe-badf-2ab320e18ab1,ronald Gillory,35,53.92,6,53.92,PCC,B,TY83291,MINOR,,64.7029,64.7029,6.1162,19.62,24,0,0,0,0,0,0,0,,,
a6476489-5d99-45fd-9525-ca9c6cc458eb,Bayou City Monthly February 8th at Oilfield Sports Complex,2026-02-08,1,Stage 1,d0fe5127-f2ba-4fbe-badf-2ab320e18ab1,Kenedy Nguyen,36,53.66,16,65.71,Limited Optics,B,A83862,MINOR,,78.8530,64.3876,6.0864,16.43,16,0,6,2,0,0,0,0,,,
a6476489-5d99-45fd-9525-ca9c6cc458eb,Bayou City Monthly February 8th at Oilfield Sports Complex,2026-02-08,1,Stage 1,d0fe5127-f2ba-4fbe-badf-2ab320e18ab1,Janice Pacleb,37,52.45,3,56.94,Open,B,TY75597,MAJOR,Lady,68.3232,62.9457,5.9501,15.63,13,0,9,1,1,0,0,0,,,
a6476489-5d99-45fd-9525-ca9c6cc458eb,Bayou City Monthly February 8th at Oilfield Sports Complex,2026-02-08,1,Stage 1,d0fe5127-f2ba-4fbe-badf-2ab320e18ab1,Ty Lerma,38,52.06,12,69.55,Carry Optics,,,MINOR,,83.4590,62.4760,5.9057,17.61,17,0,6,1,0,0,0,0,,,
a6476489-5d99-45fd-9525-ca9c6cc458eb,Bayou City Monthly February 8th at Oilfield Sports Complex,2026-02-08,1,Stage 1,d0fe5127-f2ba-4fbe-badf-2ab320e18ab1,Virak Meas,39,52.01,4,56.46,Open,D,A155576,MINOR,Senior,67.7468,62.4146,5.8999,16.78,20,0,3,0,1,0,0,0,,,
a6476489-5d99-45fd-9525-ca9c6cc458eb,Bayou City Monthly February 8th at Oilfield Sports Complex,2026-02-08,1,Stage 1,d0fe5127-f2ba-4fbe-badf-2ab320e18ab1,Antonio Tormis,40,51.59,5,56.00,Open,C,A124958,MAJOR,,67.1945,61.9058,5.8518,15.38,12,0,9,2,1,0,0,0,,,
a6476489-5d99-45fd-9525-ca9c6cc458eb,Bayou City Monthly February 8th at Oilfield Sports Complex,2026-02-08,1,Stage 1,d0fe5127-f2ba-4fbe-badf-2ab320e18ab1,Cliff Pinsent,41,51.39,17,62.94,Limited Optics,B,FY99321,MINOR,Distinguished Senior,75.5234,61.6688,5.8294,18.87,20,0,3,1,0,0,0,0,,,
a6476489-5d99-45fd-9525-ca9c6cc458eb,Bayou City Monthly February 8th at Oilfield Sports Complex,2026-02-08,1,Stage 1,d0fe5127-f2ba-4fbe-badf-2ab320e18ab1,Coder Wang,42,49.66,7,49.66,PCC,B,A170259,MINOR,,59.5901,59.5901,5.6329,15.09,15,0,6,2,1,0,0,0,,,
a6476489-5d99-45fd-9525-ca9c6cc458eb,Bayou City Monthly February 8th at Oilfield Sports Complex,2026-02-08,1,Stage 1,d0fe5127-f2ba-4fbe-badf-2ab320e18ab1,Charles Bradbury,43,49.21,13,65.74,Carry Optics,,,MINOR,,78.8902,59.0558,5.5824,18.63,17,0,6,1,0,0,0,0,,,
a6476489-5d99-45fd-9525-ca9c6cc458eb,Bayou City Monthly February 8th at Oilfield Sports Complex,2026-02-08,1,Stage 1,d0fe5127-f2ba-4fbe-badf-2ab320e18ab1,Joseph Reyes,44,48.15,18,58.97,Limited Optics,U,A127665,MINOR,Distinguished Senior,70.7609,57.7800,5.4618,20.14,19,0,5,0,0,0,0,0,,,
a6476489-5d99-45fd-9525-ca9c6cc458eb,Bayou City Monthly February 8th at Oilfield Sports Complex,2026-02-08,1,Stage 1,d0fe5127-f2ba-4fbe-badf-2ab320e18ab1,Ignacio Caoagas jr,45,48.11,14,64.27,Carry Optics,C,A170038,MINOR,,77.1180,57.7292,5.4570,21.99,24,0,0,0,0,0,0,0,,,
a6476489-5d99-45fd-9525-ca9c6cc458eb,Bayou City Monthly February 8th at Oilfield Sports Complex,2026-02-08,1,Stage 1,d0fe5127-f2ba-4fbe-badf-2ab320e18ab1,Kevin Baker,46,46.86,19,57.39,Limited Optics,C,A95439,MINOR,Senior,68.8629,56.2302,5.3153,19.19,16,0,7,1,0,0,0,0,,,
a6476489-5d99-45fd-9525-ca9c6cc458eb,Bayou City Monthly February 8th at Oilfield Sports Complex,2026-02-08,1,Stage 1,d0fe5127-f2ba-4fbe-badf-2ab320e18ab1,Judah Harms,47,45.04,20,55.15,Limited Optics,U,TY159115,MINOR,,66.1850,54.0435,5.1086,15.66,17,0,5,0,2,0,0,0,,,
a6476489-5d99-45fd-9525-ca9c6cc458eb,Bayou City Monthly February 8th at Oilfield Sports Complex,2026-02-08,1,Stage 1,d0fe5127-f2ba-4fbe-badf-2ab320e18ab1,Grant Nixon,48,44.35,15,59.25,Carry Optics,B,A172934,MINOR,,71.0964,53.2215,5.0309,22.66,21,0,3,0,0,0,0,0,,,
a6476489-5d99-45fd-9525-ca9c6cc458eb,Bayou City Monthly February 8th at Oilfield Sports Complex,2026-02-08,1,Stage 1,d0fe5127-f2ba-4fbe-badf-2ab320e18ab1,Trevor Symons,49,44.18,21,54.11,Limited Optics,U,A172350,MINOR,,64.9335,53.0216,5.0120,20.75,17,0,6,1,0,0,0,0,,,
a6476489-5d99-45fd-9525-ca9c6cc458eb,Bayou City Monthly February 8th at Oilfield Sports Complex,2026-02-08,1,Stage 1,d0fe5127-f2ba-4fbe-badf-2ab320e18ab1,Alvin Tuazon,50,44.17,22,54.09,Limited Optics,,,MINOR,,64.9076,53.0004,5.0100,19.96,16,0,6,2,0,0,0,0,,,
a6476489-5d99-45fd-9525-ca9c6cc458eb,Bayou City Monthly February 8th at Oilfield Sports Complex,2026-02-08,1,Stage 1,d0fe5127-f2ba-4fbe-badf-2ab320e18ab1,james wood,51,43.30,23,53.02,Limited Optics,U,A162399,MINOR,Super Senior,63.6289,51.9563,4.9113,21.99,18,0,6,0,0,0,0,0,,,
a6476489-5d99-45fd-9525-ca9c6cc458eb,Bayou City Monthly February 8th at Oilfield Sports Complex,2026-02-08,1,Stage 1,d0fe5127-f2ba-4fbe-badf-2ab320e18ab1,Gary Wu,52,41.57,24,50.91,Limited Optics,B,L2998,MINOR,Senior,61.0909,49.8839,4.7154,18.45,15,0,7,1,1,0,0,0,,,
a6476489-5d99-45fd-9525-ca9c6cc458eb,Bayou City Monthly February 8th at Oilfield Sports Complex,2026-02-08,1,Stage 1,d0fe5127-f2ba-4fbe-badf-2ab320e18ab1,Shawn Yao,53,40.74,16,54.42,Carry Optics,U,A174846,MINOR,,65.2995,48.8821,4.6207,22.94,17,0,7,0,0,0,0,0,,,
a6476489-5d99-45fd-9525-ca9c6cc458eb,Bayou City Monthly February 8th at Oilfield Sports Complex,2026-02-08,1,Stage 1,d0fe5127-f2ba-4fbe-badf-2ab320e18ab1,Mark Lutzel,54,37.34,6,40.53,Open,D,TY101009,MINOR,Super Senior,48.6396,44.8113,4.2359,24.08,17,0,5,2,0,0,0,0,,,
a6476489-5d99-45fd-9525-ca9c6cc458eb,Bayou City Monthly February 8th at Oilfield Sports Complex,2026-02-08,1,Stage 1,d0fe5127-f2ba-4fbe-badf-2ab320e18ab1,"Byron ""GhostDeadeye"" McGowen",55,36.65,17,48.96,Carry Optics,C,A159731,MINOR,Military,58.7493,43.9787,4.1572,26.46,20,0,3,1,0,0,0,0,,,
a6476489-5d99-45fd-9525-ca9c6cc458eb,Bayou City Monthly February 8th at Oilfield Sports Complex,2026-02-08,1,Stage 1,d0fe5127-f2ba-4fbe-badf-2ab320e18ab1,Mervs Castillon,56,35.98,25,44.07,Limited Optics,,,MINOR,Senior,52.8796,43.1790,4.0816,22.54,13,0,8,3,0,0,0,0,,,
a6476489-5d99-45fd-9525-ca9c6cc458eb,Bayou City Monthly February 8th at Oilfield Sports Complex,2026-02-08,1,Stage 1,d0fe5127-f2ba-4fbe-badf-2ab320e18ab1,Eric “BALTIK” Esico,57,35.82,1,100.00,Single Stack,C,TY150782,MINOR,,120.0000,42.9885,4.0636,22.64,16,0,2,6,0,0,0,0,,,
a6476489-5d99-45fd-9525-ca9c6cc458eb,Bayou City Monthly February 8th at Oilfield Sports Complex,2026-02-08,1,Stage 1,d0fe5127-f2ba-4fbe-badf-2ab320e18ab1,Sonny Somera,58,34.04,18,45.47,Carry Optics,D,A118611,MINOR,,54.5592,40.8421,3.8607,23.83,14,0,6,4,0,0,0,0,,,
a6476489-5d99-45fd-9525-ca9c6cc458eb,Bayou City Monthly February 8th at Oilfield Sports Complex,2026-02-08,1,Stage 1,d0fe5127-f2ba-4fbe-badf-2ab320e18ab1,David Hruzek,59,30.66,8,30.66,PCC,D,A100909,MINOR,Super Senior,36.7967,36.7967,3.4783,31.05,18,0,6,0,0,0,0,0,,,
a6476489-5d99-45fd-9525-ca9c6cc458eb,Bayou City Monthly February 8th at Oilfield Sports Complex,2026-02-08,1,Stage 1,d0fe5127-f2ba-4fbe-badf-2ab320e18ab1,Ricardo Ramos,60,25.63,19,34.24,Carry Optics,U,A174323,MINOR,,41.0872,30.7572,2.9074,26.14,20,0,2,0,2,0,0,1,,,
a6476489-5d99-45fd-9525-ca9c6cc458eb,Bayou City Monthly February 8th at Oilfield Sports Complex,2026-02-08,1,Stage 1,d0fe5127-f2ba-4fbe-badf-2ab320e18ab1,Ricardo Tuazon,61,25.20,26,30.86,Limited Optics,,,MINOR,,37.0310,30.2378,2.8583,23.79,11,0,11,0,2,0,0,0,,,
a6476489-5d99-45fd-9525-ca9c6cc458eb,Bayou City Monthly February 8th at Oilfield Sports Complex,2026-02-08,1,Stage 1,d0fe5127-f2ba-4fbe-badf-2ab320e18ab1,Timoteo Gonzales,62,25.03,7,27.17,Open,,,MINOR,,32.6017,30.0357,2.8392,23.95,16,0,6,0,2,0,0,1,,,
a6476489-5d99-45fd-9525-ca9c6cc458eb,Bayou City Monthly February 8th at Oilfield Sports Complex,2026-02-08,1,Stage 1,d0fe5127-f2ba-4fbe-badf-2ab320e18ab1,Tommy Ruggiero,63,24.85,20,33.19,Carry Optics,,,MINOR,,39.8295,29.8157,2.8184,28.03,12,0,9,2,1,0,0,0,,,
a6476489-5d99-45fd-9525-ca9c6cc458eb,Bayou City Monthly February 8th at Oilfield Sports Complex,2026-02-08,1,Stage 1,d0fe5127-f2ba-4fbe-badf-2ab320e18ab1,Chris Ballerd,64,22.99,27,28.16,Limited Optics,U,A178189,MINOR,,33.7869,27.5888,2.6079,42.18,20,0,3,1,0,0,0,0,,,
a6476489-5d99-45fd-9525-ca9c6cc458eb,Bayou City Monthly February 8th at Oilfield Sports Complex,2026-02-08,1,Stage 1,d0fe5127-f2ba-4fbe-badf-2ab320e18ab1,Dean Tamban,65,22.45,8,24.37,Open,,,MINOR,,29.2464,26.9445,2.5470,23.95,15,0,5,1,3,0,0,0,,,
a6476489-5d99-45fd-9525-ca9c6cc458eb,Bayou City Monthly February 8th at Oilfield Sports Complex,2026-02-08,1,Stage 1,d0fe5127-f2ba-4fbe-badf-2ab320e18ab1,John Del Toro,66,21.97,2,37.35,Limited,C,A107511,MINOR,Distinguished Senior,44.8235,26.3595,2.4917,38.93,21,0,0,2,1,0,0,0,,,
a6476489-5d99-45fd-9525-ca9c6cc458eb,Bayou City Monthly February 8th at Oilfield Sports Complex,2026-02-08,2,Stage 2,b1c0abc2-91b8-4c1e-be8c-611ca3a2f34f,Albert Montanez,1,100.00,1,100.00,PCC,M,TY101554,MINOR,,150.0000,150.0000,9.1924,15.23,25,0,5,0,0,0,0,0,,,
a6476489-5d99-45fd-9525-ca9c6cc458eb,Bayou City Monthly February 8th at Oilfield Sports Complex,2026-02-08,2,Stage 2,b1c0abc2-91b8-4c1e-be8c-611ca3a2f34f,Tyler Denmon,2,88.85,1,100.00,Limited Optics,A,A156054,MINOR,,150.0000,133.2824,8.1679,17.63,27,0,3,0,0,0,0,0,,,
a6476489-5d99-45fd-9525-ca9c6cc458eb,Bayou City Monthly February 8th at Oilfield Sports Complex,2026-02-08,2,Stage 2,b1c0abc2-91b8-4c1e-be8c-611ca3a2f34f,Travis Mckenzie,3,83.54,1,100.00,Open,A,L6340,MAJOR,,150.0000,125.3144,7.6796,18.23,22,0,7,1,0,0,0,0,,,
a6476489-5d99-45fd-9525-ca9c6cc458eb,Bayou City Monthly February 8th at Oilfield Sports Complex,2026-02-08,2,Stage 2,b1c0abc2-91b8-4c1e-be8c-611ca3a2f34f,Yanlin Xiang,4,82.82,2,93.21,Limited Optics,B,A164967,MINOR,,139.8205,124.2374,7.6136,17.60,24,0,4,2,0,0,0,0,,,
a6476489-5d99-45fd-9525-ca9c6cc458eb,Bayou City Monthly February 8th at Oilfield Sports Complex,2026-02-08,2,Stage 2,b1c0abc2-91b8-4c1e-be8c-611ca3a2f34f,Antonio Tormis,5,79.91,2,95.66,Open,C,A124958,MAJOR,,143.4860,119.8724,7.3461,19.33,24,0,5,1,0,0,0,0,,,
a6476489-5d99-45fd-9525-ca9c6cc458eb,Bayou City Monthly February 8th at Oilfield Sports Complex,2026-02-08,2,Stage 2,b1c0abc2-91b8-4c1e-be8c-611ca3a2f34f,Keaton Mayfield,6,79.88,1,100.00,Carry Optics,A,A147501,MINOR,,150.0000,119.8251,7.3432,19.61,27,0,3,0,0,0,0,0,,,
a6476489-5d99-45fd-9525-ca9c6cc458eb,Bayou City Monthly February 8th at Oilfield Sports Complex,2026-02-08,2,Stage 2,b1c0abc2-91b8-4c1e-be8c-611ca3a2f34f,Roger Feng,7,79.43,2,99.43,Carry Optics,A,A157776,MINOR,,149.1502,119.1463,7.3016,18.90,25,0,4,1,0,0,0,0,,,
a6476489-5d99-45fd-9525-ca9c6cc458eb,Bayou City Monthly February 8th at Oilfield Sports Complex,2026-02-08,2,Stage 2,b1c0abc2-91b8-4c1e-be8c-611ca3a2f34f,David Zhang,8,79.00,3,88.91,Limited Optics,A,FY140383,MINOR,,133.3635,118.5001,7.2620,20.38,29,0,1,0,0,0,0,0,,,
a6476489-5d99-45fd-9525-ca9c6cc458eb,Bayou City Monthly February 8th at Oilfield Sports Complex,2026-02-08,2,Stage 2,b1c0abc2-91b8-4c1e-be8c-611ca3a2f34f,Jim Havens,9,77.74,4,87.49,Limited Optics,M,TY114636,MINOR,,131.2424,116.6154,7.1465,19.59,25,0,5,0,0,0,0,0,,,
a6476489-5d99-45fd-9525-ca9c6cc458eb,Bayou City Monthly February 8th at Oilfield Sports Complex,2026-02-08,2,Stage 2,b1c0abc2-91b8-4c1e-be8c-611ca3a2f34f,James “JimO” O'Flaherty,10,76.55,5,86.16,Limited Optics,B,FY100318,MINOR,Senior; Law Enforcement,129.2352,114.8318,7.0372,19.61,24,0,6,0,0,0,0,0,,,
a6476489-5d99-45fd-9525-ca9c6cc458eb,Bayou City Monthly February 8th at Oilfield Sports Complex,2026-02-08,2,Stage 2,b1c0abc2-91b8-4c1e-be8c-611ca3a2f34f,FRANCIS NGUYEN,11,74.79,3,93.62,Carry Optics,B,A169979,MINOR,,140.4360,112.1851,6.8750,19.20,22,0,7,1,0,0,0,0,,,
a6476489-5d99-45fd-9525-ca9c6cc458eb,Bayou City Monthly February 8th at Oilfield Sports Complex,2026-02-08,2,Stage 2,b1c0abc2-91b8-4c1e-be8c-611ca3a2f34f,Wade Pruetz,12,74.50,6,83.84,Limited Optics,,TY79055,MINOR,Senior,125.7588,111.7429,6.8479,19.86,24,0,5,1,0,0,0,0,,,
a6476489-5d99-45fd-9525-ca9c6cc458eb,Bayou City Monthly February 8th at Oilfield Sports Complex,2026-02-08,2,Stage 2,b1c0abc2-91b8-4c1e-be8c-611ca3a2f34f,Jesse Harrington,13,74.10,4,92.76,Carry Optics,A,A153046,MINOR,,139.1430,111.1521,6.8117,21.14,27,0,3,0,0,0,0,0,,,
a6476489-5d99-45fd-9525-ca9c6cc458eb,Bayou City Monthly February 8th at Oilfield Sports Complex,2026-02-08,2,Stage 2,b1c0abc2-91b8-4c1e-be8c-611ca3a2f34f,Christopher Boatcallie,14,73.61,2,73.61,PCC,A,A104118,MINOR,,110.4162,110.4162,6.7666,20.69,25,0,5,0,0,0,0,0,,,
a6476489-5d99-45fd-9525-ca9c6cc458eb,Bayou City Monthly February 8th at Oilfield Sports Complex,2026-02-08,2,Stage 2,b1c0abc2-91b8-4c1e-be8c-611ca3a2f34f,Jorge Cahas,15,72.49,3,86.77,Open,,,MAJOR,Senior,130.1552,108.7355,6.6636,21.61,24,0,6,0,0,0,0,0,,,
a6476489-5d99-45fd-9525-ca9c6cc458eb,Bayou City Monthly February 8th at Oilfield Sports Complex,2026-02-08,2,Stage 2,b1c0abc2-91b8-4c1e-be8c-611ca3a2f34f,Ryan Jaw,16,71.55,3,71.55,PCC,U,TY142907,MINOR,,107.3272,107.3272,6.5773,16.42,22,0,6,0,2,0,0,0,,,
a6476489-5d99-45fd-9525-ca9c6cc458eb,Bayou City Monthly February 8th at Oilfield Sports Complex,2026-02-08,2,Stage 2,b1c0abc2-91b8-4c1e-be8c-611ca3a2f34f,Gary Wu,17,70.12,7,78.91,Limited Optics,B,L2998,MINOR,Senior,118.3652,105.1733,6.4453,20.48,23,0,5,2,0,0,0,0,,,
a6476489-5d99-45fd-9525-ca9c6cc458eb,Bayou City Monthly February 8th at Oilfield Sports Complex,2026-02-08,2,Stage 2,b1c0abc2-91b8-4c1e-be8c-611ca3a2f34f,Judah Harms,18,70.06,8,78.85,Limited Optics,U,TY159115,MINOR,,118.2697,105.0884,6.4401,22.36,27,0,3,0,0,0,0,0,,,
a6476489-5d99-45fd-9525-ca9c6cc458eb,Bayou City Monthly February 8th at Oilfield Sports Complex,2026-02-08,2,Stage 2,b1c0abc2-91b8-4c1e-be8c-611ca3a2f34f,Isaac Robledo,19,69.17,5,86.59,Carry Optics,B,A156101,MINOR,,129.8896,103.7602,6.3587,20.13,20,0,9,1,0,0,0,0,,,
a6476489-5d99-45fd-9525-ca9c6cc458eb,Bayou City Monthly February 8th at Oilfield Sports Complex,2026-02-08,2,Stage 2,b1c0abc2-91b8-4c1e-be8c-611ca3a2f34f,Ulrick Fong,20,68.87,4,68.87,PCC,A,A170351,MINOR,Senior,103.3114,103.3114,6.3312,18.48,20,0,9,0,1,0,0,0,,,
a6476489-5d99-45fd-9525-ca9c6cc458eb,Bayou City Monthly February 8th at Oilfield Sports Complex,2026-02-08,2,Stage 2,b1c0abc2-91b8-4c1e-be8c-611ca3a2f34f,Janice Pacleb,21,68.86,4,82.43,Open,B,TY75597,MAJOR,Lady,123.6451,103.2967,6.3303,21.80,20,0,9,1,0,0,0,0,,,
a6476489-5d99-45fd-9525-ca9c6cc458eb,Bayou City Monthly February 8th at Oilfield Sports Complex,2026-02-08,2,Stage 2,b1c0abc2-91b8-4c1e-be8c-611ca3a2f34f,Manny Nerona,22,68.24,6,85.43,Carry Optics,B,A69445,MINOR,,128.1410,102.3634,6.2731,21.68,24,0,5,1,0,0,0,0,,,
a6476489-5d99-45fd-9525-ca9c6cc458eb,Bayou City Monthly February 8th at Oilfield Sports Complex,2026-02-08,2,Stage 2,b1c0abc2-91b8-4c1e-be8c-611ca3a2f34f,Pocholo Dimayuga,23,67.46,7,84.44,Carry Optics,B,A106236,MINOR,,126.6662,101.1852,6.2009,22.90,26,0,4,0,0,0,0,0,,,
a6476489-5d99-45fd-9525-ca9c6cc458eb,Bayou City Monthly February 8th at Oilfield Sports Complex,2026-02-08,2,Stage 2,b1c0abc2-91b8-4c1e-be8c-611ca3a2f34f,Andre Wijaya,24,65.96,8,82.58,Carry Optics,U,A175473,MINOR,,123.8636,98.9464,6.0637,19.46,17,0,10,3,0,0,0,0,,,
a6476489-5d99-45fd-9525-ca9c6cc458eb,Bayou City Monthly February 8th at Oilfield Sports Complex,2026-02-08,2,Stage 2,b1c0abc2-91b8-4c1e-be8c-611ca3a2f34f,Jay-R delos-Santos,25,65.91,5,65.91,PCC,B,A70297,MINOR,Senior,98.8697,98.8697,6.0590,19.31,21,0,7,1,1,0,0,0,,,
a6476489-5d99-45fd-9525-ca9c6cc458eb,Bayou City Monthly February 8th at Oilfield Sports Complex,2026-02-08,2,Stage 2,b1c0abc2-91b8-4c1e-be8c-611ca3a2f34f,Michael Pontious,26,64.21,9,72.27,Limited Optics,B,A94575,MINOR,Super Senior,108.4024,96.3209,5.9028,23.04,23,0,7,0,0,0,0,0,,,
a6476489-5d99-45fd-9525-ca9c6cc458eb,Bayou City Monthly February 8th at Oilfield Sports Complex,2026-02-08,2,Stage 2,b1c0abc2-91b8-4c1e-be8c-611ca3a2f34f,Joshua Blume,27,64.19,9,80.35,Carry Optics,B,A148746,MINOR,,120.5237,96.2784,5.9002,23.05,24,0,5,1,0,0,0,0,,,
a6476489-5d99-45fd-9525-ca9c6cc458eb,Bayou City Monthly February 8th at Oilfield Sports Complex,2026-02-08,2,Stage 2,b1c0abc2-91b8-4c1e-be8c-611ca3a2f34f,Kenedy Nguyen,28,64.17,10,72.22,Limited Optics,B,A83862,MINOR,,108.3253,96.2523,5.8986,21.70,20,0,9,1,0,0,0,0,,,
a6476489-5d99-45fd-9525-ca9c6cc458eb,Bayou City Monthly February 8th at Oilfield Sports Complex,2026-02-08,2,Stage 2,b1c0abc2-91b8-4c1e-be8c-611ca3a2f34f,Hunter Sparkman,29,62.53,11,70.37,Limited Optics,U,A165234,MINOR,Law Enforcement,105.5522,93.7883,5.7476,22.27,21,0,7,2,0,0,0,0,,,
a6476489-5d99-45fd-9525-ca9c6cc458eb,Bayou City Monthly February 8th at Oilfield Sports Complex,2026-02-08,2,Stage 2,b1c0abc2-91b8-4c1e-be8c-611ca3a2f34f,Harlan Chen,30,62.33,12,70.14,Limited Optics,B,A163292,MINOR,,105.2143,93.4881,5.7292,21.12,22,0,7,0,1,0,0,0,,,
a6476489-5d99-45fd-9525-ca9c6cc458eb,Bayou City Monthly February 8th at Oilfield Sports Complex,2026-02-08,2,Stage 2,b1c0abc2-91b8-4c1e-be8c-611ca3a2f34f,Eric Wu,31,62.11,13,69.90,Limited Optics,B,FY104740,MINOR,Senior,104.8452,93.1601,5.7091,22.07,19,0,10,1,0,0,0,0,,,
a6476489-5d99-45fd-9525-ca9c6cc458eb,Bayou City Monthly February 8th at Oilfield Sports Complex,2026-02-08,2,Stage 2,b1c0abc2-91b8-4c1e-be8c-611ca3a2f34f,Lou Lerma,32,60.67,14,68.28,Limited Optics,B,A155846,MINOR,,102.4192,91.0045,5.5770,23.31,21,0,8,1,0,0,0,0,,,
a6476489-5d99-45fd-9525-ca9c6cc458eb,Bayou City Monthly February 8th at Oilfield Sports Complex,2026-02-08,2,Stage 2,b1c0abc2-91b8-4c1e-be8c-611ca3a2f34f,Trevor Symons,33,60.28,15,67.84,Limited Optics,U,A172350,MINOR,,101.7636,90.4220,5.5413,23.46,21,0,8,1,0,0,0,0,,,
a6476489-5d99-45fd-9525-ca9c6cc458eb,Bayou City Monthly February 8th at Oilfield Sports Complex,2026-02-08,2,Stage 2,b1c0abc2-91b8-4c1e-be8c-611ca3a2f34f,Andrew Quintana,34,60.07,16,67.60,Limited Optics,B,A175263,MINOR,,101.4000,90.0989,5.5215,22.82,19,0,10,1,0,0,0,0,,,
a6476489-5d99-45fd-9525-ca9c6cc458eb,Bayou City Monthly February 8th at Oilfield Sports Complex,2026-02-08,2,Stage 2,b1c0abc2-91b8-4c1e-be8c-611ca3a2f34f,Yulmer Carreno,35,59.12,17,66.53,Limited Optics,B,A157204,MINOR,,99.7968,88.6743,5.4342,18.77,20,0,7,1,2,0,0,0,,,
a6476489-5d99-45fd-9525-ca9c6cc458eb,Bayou City Monthly February 8th at Oilfield Sports Complex,2026-02-08,2,Stage 2,b1c0abc2-91b8-4c1e-be8c-611ca3a2f34f,Phyl Santos,36,59.08,18,66.49,Limited Optics,A,A155981,MINOR,,99.7288,88.6140,5.4305,20.44,18,0,10,1,1,0,0,0,,,
a6476489-5d99-45fd-9525-ca9c6cc458eb,Bayou City Monthly February 8th at Oilfield Sports Complex,2026-02-08,2,Stage 2,b1c0abc2-91b8-4c1e-be8c-611ca3a2f34f,Charles Bradbury,37,55.93,10,70.01,Carry Optics,,,MINOR,,105.0196,83.8932,5.1412,27.62,26,0,4,0,0,0,0,0,,,
a6476489-5d99-45fd-9525-ca9c6cc458eb,Bayou City Monthly February 8th at Oilfield Sports Complex,2026-02-08,2,Stage 2,b1c0abc2-91b8-4c1e-be8c-611ca3a2f34f,"Byron ""GhostDeadeye"" McGowen",38,55.91,11,69.99,Carry Optics,C,A159731,MINOR,Military,104.9910,83.8704,5.1398,26.46,24,0,5,1,0,0,0,0,,,
a6476489-5d99-45fd-9525-ca9c6cc458eb,Bayou City Monthly February 8th at Oilfield Sports Complex,2026-02-08,2,Stage 2,b1c0abc2-91b8-4c1e-be8c-611ca3a2f34f,Taylor Latham,39,55.59,1,100.00,Limited,X,TY39841,MINOR,Senior,150.0000,83.3857,5.1101,25.44,20,0,10,0,0,0,0,0,,,
a6476489-5d99-45fd-9525-ca9c6cc458eb,Bayou City Monthly February 8th at Oilfield Sports Complex,2026-02-08,2,Stage 2,b1c0abc2-91b8-4c1e-be8c-611ca3a2f34f,Adriel Taylor,40,55.55,12,69.54,Carry Optics,U,A104321,MINOR,,104.3047,83.3221,5.1062,22.13,20,0,7,2,1,0,0,0,,,
a6476489-5d99-45fd-9525-ca9c6cc458eb,Bayou City Monthly February 8th at Oilfield Sports Complex,2026-02-08,2,Stage 2,b1c0abc2-91b8-4c1e-be8c-611ca3a2f34f,Cliff Pinsent,41,55.17,19,62.09,Limited Optics,B,FY99321,MINOR,Distinguished Senior,93.1304,82.7510,5.0712,28.79,28,0,2,0,0,0,0,0,,,
a6476489-5d99-45fd-9525-ca9c6cc458eb,Bayou City Monthly February 8th at Oilfield Sports Complex,2026-02-08,2,Stage 2,b1c0abc2-91b8-4c1e-be8c-611ca3a2f34f,Grant Nixon,42,55.00,13,68.85,Carry Optics,B,A172934,MINOR,,103.2690,82.4948,5.0555,26.11,21,0,9,0,0,0,0,0,,,
a6476489-5d99-45fd-9525-ca9c6cc458eb,Bayou City Monthly February 8th at Oilfield Sports Complex,2026-02-08,2,Stage 2,b1c0abc2-91b8-4c1e-be8c-611ca3a2f34f,ronald Gillory,43,53.36,6,53.36,PCC,B,TY83291,MINOR,,80.0422,80.0422,4.9052,30.58,30,0,0,0,0,0,0,0,,,
a6476489-5d99-45fd-9525-ca9c6cc458eb,Bayou City Monthly February 8th at Oilfield Sports Complex,2026-02-08,2,Stage 2,b1c0abc2-91b8-4c1e-be8c-611ca3a2f34f,Coder Wang,44,52.62,7,52.62,PCC,B,A170259,MINOR,,78.9277,78.9277,4.8369,27.29,21,0,9,0,0,0,0,0,,,
a6476489-5d99-45fd-9525-ca9c6cc458eb,Bayou City Monthly February 8th at Oilfield Sports Complex,2026-02-08,2,Stage 2,b1c0abc2-91b8-4c1e-be8c-611ca3a2f34f,Kevin Baker,45,51.27,20,57.70,Limited Optics,C,A95439,MINOR,Senior,86.5541,76.9076,4.7131,24.40,20,0,8,1,1,0,0,0,,,
a6476489-5d99-45fd-9525-ca9c6cc458eb,Bayou City Monthly February 8th at Oilfield Sports Complex,2026-02-08,2,Stage 2,b1c0abc2-91b8-4c1e-be8c-611ca3a2f34f,Mervs Castillon,46,49.41,21,55.61,Limited Optics,,,MINOR,Senior,83.4174,74.1205,4.5423,29.06,22,0,7,1,0,0,0,0,,,
a6476489-5d99-45fd-9525-ca9c6cc458eb,Bayou City Monthly February 8th at Oilfield Sports Complex,2026-02-08,2,Stage 2,b1c0abc2-91b8-4c1e-be8c-611ca3a2f34f,Ignacio Caoagas jr,47,49.05,14,61.40,Carry Optics,C,A170038,MINOR,,92.1056,73.5771,4.5090,32.38,28,0,2,0,0,0,0,0,,,
a6476489-5d99-45fd-9525-ca9c6cc458eb,Bayou City Monthly February 8th at Oilfield Sports Complex,2026-02-08,2,Stage 2,b1c0abc2-91b8-4c1e-be8c-611ca3a2f34f,Eric “BALTIK” Esico,48,48.60,1,100.00,Single Stack,C,TY150782,MINOR,,150.0000,72.9064,4.4679,27.53,23,0,6,0,1,0,0,0,,,
a6476489-5d99-45fd-9525-ca9c6cc458eb,Bayou City Monthly February 8th at Oilfield Sports Complex,2026-02-08,2,Stage 2,b1c0abc2-91b8-4c1e-be8c-611ca3a2f34f,David Hruzek,49,47.72,8,47.72,PCC,D,A100909,MINOR,Super Senior,71.5782,71.5782,4.3865,33.74,29,0,1,0,0,0,0,0,,,
a6476489-5d99-45fd-9525-ca9c6cc458eb,Bayou City Monthly February 8th at Oilfield Sports Complex,2026-02-08,2,Stage 2,b1c0abc2-91b8-4c1e-be8c-611ca3a2f34f,Ricardo Ramos,50,46.51,15,58.22,Carry Optics,U,A174323,MINOR,,87.3359,69.7669,4.2755,33.68,28,0,1,1,0,0,0,0,,,
a6476489-5d99-45fd-9525-ca9c6cc458eb,Bayou City Monthly February 8th at Oilfield Sports Complex,2026-02-08,2,Stage 2,b1c0abc2-91b8-4c1e-be8c-611ca3a2f34f,Shawn Yao,51,45.71,16,57.22,Carry Optics,U,A174846,MINOR,,85.8325,68.5659,4.2019,31.89,23,0,6,1,0,0,0,0,,,
a6476489-5d99-45fd-9525-ca9c6cc458eb,Bayou City Monthly February 8th at Oilfield Sports Complex,2026-02-08,2,Stage 2,b1c0abc2-91b8-4c1e-be8c-611ca3a2f34f,Virak Meas,52,44.62,5,53.41,Open,D,A155576,MINOR,Senior,80.1096,66.9259,4.1014,29.99,23,0,6,0,1,0,0,0,,,
a6476489-5d99-45fd-9525-ca9c6cc458eb,Bayou City Monthly February 8th at Oilfield Sports Complex,2026-02-08,2,Stage 2,b1c0abc2-91b8-4c1e-be8c-611ca3a2f34f,Ty Lerma,53,43.74,17,54.75,Carry Optics,,,MINOR,,82.1270,65.6058,4.0205,25.37,24,0,4,0,2,0,0,1,,,
a6476489-5d99-45fd-9525-ca9c6cc458eb,Bayou City Monthly February 8th at Oilfield Sports Complex,2026-02-08,2,Stage 2,b1c0abc2-91b8-4c1e-be8c-611ca3a2f34f,james wood,54,43.15,22,48.57,Limited Optics,U,A162399,MINOR,Super Senior,72.8486,64.7296,3.9668,37.31,29,0,1,0,0,0,0,0,,,
a6476489-5d99-45fd-9525-ca9c6cc458eb,Bayou City Monthly February 8th at Oilfield Sports Complex,2026-02-08,2,Stage 2,b1c0abc2-91b8-4c1e-be8c-611ca3a2f34f,Blaine Newlin,55,42.42,23,47.74,Limited Optics,C,A103350,MINOR,,71.6071,63.6265,3.8992,28.98,21,0,5,3,1,0,0,0,,,
a6476489-5d99-45fd-9525-ca9c6cc458eb,Bayou City Monthly February 8th at Oilfield Sports Complex,2026-02-08,2,Stage 2,b1c0abc2-91b8-4c1e-be8c-611ca3a2f34f,Daniel Flowers,56,41.45,18,51.88,Carry Optics,B,A157513,MINOR,,77.8251,62.1693,3.8099,25.46,23,0,4,0,3,0,0,0,,,
a6476489-5d99-45fd-9525-ca9c6cc458eb,Bayou City Monthly February 8th at Oilfield Sports Complex,2026-02-08,2,Stage 2,b1c0abc2-91b8-4c1e-be8c-611ca3a2f34f,Joseph Reyes,57,41.31,24,46.50,Limited Optics,U,A127665,MINOR,Distinguished Senior,69.7450,61.9718,3.7978,35.81,24,0,5,1,0,0,0,0,,,
a6476489-5d99-45fd-9525-ca9c6cc458eb,Bayou City Monthly February 8th at Oilfield Sports Complex,2026-02-08,2,Stage 2,b1c0abc2-91b8-4c1e-be8c-611ca3a2f34f,Mark Lutzel,58,37.86,6,45.31,Open,D,TY101009,MINOR,Super Senior,67.9703,56.7844,3.4799,32.76,25,0,3,0,2,0,0,0,,,
a6476489-5d99-45fd-9525-ca9c6cc458eb,Bayou City Monthly February 8th at Oilfield Sports Complex,2026-02-08,2,Stage 2,b1c0abc2-91b8-4c1e-be8c-611ca3a2f34f,Alvin Tuazon,59,35.46,25,39.91,Limited Optics,,,MINOR,,59.8648,53.1929,3.2598,29.45,18,0,8,2,2,0,0,0,,,
a6476489-5d99-45fd-9525-ca9c6cc458eb,Bayou City Monthly February 8th at Oilfield Sports Complex,2026-02-08,2,Stage 2,b1c0abc2-91b8-4c1e-be8c-611ca3a2f34f,Dean Tamban,60,34.74,7,41.58,Open,,,MINOR,,62.3763,52.1110,3.1935,36.95,18,0,8,4,0,0,0,0,,,
a6476489-5d99-45fd-9525-ca9c6cc458eb,Bayou City Monthly February 8th at Oilfield Sports Complex,2026-02-08,2,Stage 2,b1c0abc2-91b8-4c1e-be8c-611ca3a2f34f,Chris Ballerd,61,32.71,26,36.81,Limited Optics,U,A178189,MINOR,,55.2149,49.0612,3.0066,48.56,28,0,2,0,0,0,0,0,,,
a6476489-5d99-45fd-9525-ca9c6cc458eb,Bayou City Monthly February 8th at Oilfield Sports Complex,2026-02-08,2,Stage 2,b1c0abc2-91b8-4c1e-be8c-611ca3a2f34f,Ricardo Tuazon,62,28.81,27,32.42,Limited Optics,,,MINOR,,48.6367,43.2161,2.6484,45.31,16,0,13,1,0,0,0,0,,,
a6476489-5d99-45fd-9525-ca9c6cc458eb,Bayou City Monthly February 8th at Oilfield Sports Complex,2026-02-08,2,Stage 2,b1c0abc2-91b8-4c1e-be8c-611ca3a2f34f,Sonny Somera,63,28.40,19,35.55,Carry Optics,D,A118611,MINOR,,53.3187,42.5928,2.6102,45.59,22,0,6,1,1,0,0,0,,,
a6476489-5d99-45fd-9525-ca9c6cc458eb,Bayou City Monthly February 8th at Oilfield Sports Complex,2026-02-08,2,Stage 2,b1c0abc2-91b8-4c1e-be8c-611ca3a2f34f,Timoteo Gonzales,64,26.60,8,31.84,Open,,,MINOR,,47.7642,39.9036,2.4454,26.99,15,0,10,1,4,0,0,0,,,
a6476489-5d99-45fd-9525-ca9c6cc458eb,Bayou City Monthly February 8th at Oilfield Sports Complex,2026-02-08,2,Stage 2,b1c0abc2-91b8-4c1e-be8c-611ca3a2f34f,Tommy Ruggiero,65,23.73,20,29.71,Carry Optics,,,MINOR,,44.5657,35.6006,2.1817,52.71,21,0,6,2,1,0,0,0,,,
a6476489-5d99-45fd-9525-ca9c6cc458eb,Bayou City Monthly February 8th at Oilfield Sports Complex,2026-02-08,2,Stage 2,b1c0abc2-91b8-4c1e-be8c-611ca3a2f34f,John Del Toro,66,23.51,2,42.30,Limited,C,A107511,MINOR,Distinguished Senior,63.4449,35.2694,2.1614,60.61,27,0,2,0,1,0,0,0,,,
a6476489-5d99-45fd-9525-ca9c6cc458eb,Bayou City Monthly February 8th at Oilfield Sports Complex,2026-02-08,3,Stage 3,472b309a-bbb7-4925-8267-dd02d11420ba,Travis Mckenzie,1,100.00,1,100.00,Open,A,L6340,MAJOR,,120.0000,120.0000,8.5736,13.18,17,0,7,0,0,0,0,0,,,
a6476489-5d99-45fd-9525-ca9c6cc458eb,Bayou City Monthly February 8th at Oilfield Sports Complex,2026-02-08,3,Stage 3,472b309a-bbb7-4925-8267-dd02d11420ba,Albert Montanez,2,96.70,1,100.00,PCC,M,TY101554,MINOR,,120.0000,116.0432,8.2909,13.75,21,0,3,0,0,0,0,0,,,
a6476489-5d99-45fd-9525-ca9c6cc458eb,Bayou City Monthly February 8th at Oilfield Sports Complex,2026-02-08,3,Stage 3,472b309a-bbb7-4925-8267-dd02d11420ba,Andre Wijaya,3,86.11,1,100.00,Carry Optics,U,A175473,MINOR,,120.0000,103.3358,7.3830,15.17,20,0,4,0,0,0,0,0,,,
a6476489-5d99-45fd-9525-ca9c6cc458eb,Bayou City Monthly February 8th at Oilfield Sports Complex,2026-02-08,3,Stage 3,472b309a-bbb7-4925-8267-dd02d11420ba,Jim Havens,4,83.67,1,100.00,Limited Optics,M,TY114636,MINOR,,120.0000,100.4008,7.1733,16.45,23,0,1,0,0,0,0,0,,,
a6476489-5d99-45fd-9525-ca9c6cc458eb,Bayou City Monthly February 8th at Oilfield Sports Complex,2026-02-08,3,Stage 3,472b309a-bbb7-4925-8267-dd02d11420ba,Ryan Jaw,5,83.09,2,85.93,PCC,U,TY142907,MINOR,,103.1106,99.7107,7.1240,15.16,18,0,6,0,0,0,0,0,,,
a6476489-5d99-45fd-9525-ca9c6cc458eb,Bayou City Monthly February 8th at Oilfield Sports Complex,2026-02-08,3,Stage 3,472b309a-bbb7-4925-8267-dd02d11420ba,Ulrick Fong,6,79.62,3,82.33,PCC,A,A170351,MINOR,Senior,98.8018,95.5440,6.8263,16.70,21,0,3,0,0,0,0,0,,,
a6476489-5d99-45fd-9525-ca9c6cc458eb,Bayou City Monthly February 8th at Oilfield Sports Complex,2026-02-08,3,Stage 3,472b309a-bbb7-4925-8267-dd02d11420ba,David Zhang,7,77.71,2,92.88,Limited Optics,A,FY140383,MINOR,,111.4583,93.2542,6.6627,16.81,20,0,4,0,0,0,0,0,,,
a6476489-5d99-45fd-9525-ca9c6cc458eb,Bayou City Monthly February 8th at Oilfield Sports Complex,2026-02-08,3,Stage 3,472b309a-bbb7-4925-8267-dd02d11420ba,Christopher Boatcallie,8,76.55,4,79.17,PCC,A,A104118,MINOR,,94.9981,91.8657,6.5635,16.15,18,0,5,1,0,0,0,0,,,
a6476489-5d99-45fd-9525-ca9c6cc458eb,Bayou City Monthly February 8th at Oilfield Sports Complex,2026-02-08,3,Stage 3,472b309a-bbb7-4925-8267-dd02d11420ba,Pocholo Dimayuga,9,76.48,2,88.82,Carry Optics,B,A106236,MINOR,,106.5811,91.7803,6.5574,18.30,24,0,0,0,0,0,0,0,,,
a6476489-5d99-45fd-9525-ca9c6cc458eb,Bayou City Monthly February 8th at Oilfield Sports Complex,2026-02-08,3,Stage 3,472b309a-bbb7-4925-8267-dd02d11420ba,Judah Harms,10,75.29,3,89.99,Limited Optics,U,TY159115,MINOR,,107.9854,90.3485,6.4551,18.28,23,0,1,0,0,0,0,0,,,
a6476489-5d99-45fd-9525-ca9c6cc458eb,Bayou City Monthly February 8th at Oilfield Sports Complex,2026-02-08,3,Stage 3,472b309a-bbb7-4925-8267-dd02d11420ba,Roger Feng,11,74.71,3,86.76,Carry Optics,A,A157776,MINOR,,104.1121,89.6543,6.4055,16.08,22,0,1,0,1,0,0,0,,,
a6476489-5d99-45fd-9525-ca9c6cc458eb,Bayou City Monthly February 8th at Oilfield Sports Complex,2026-02-08,3,Stage 3,472b309a-bbb7-4925-8267-dd02d11420ba,Janice Pacleb,12,74.12,2,74.12,Open,B,TY75597,MAJOR,Lady,88.9405,88.9405,6.3545,17.94,18,0,6,0,0,0,0,0,,,
a6476489-5d99-45fd-9525-ca9c6cc458eb,Bayou City Monthly February 8th at Oilfield Sports Complex,2026-02-08,3,Stage 3,472b309a-bbb7-4925-8267-dd02d11420ba,Jorge Cahas,13,73.71,3,73.71,Open,,,MAJOR,Senior,88.4534,88.4534,6.3197,16.14,12,0,9,3,0,0,0,0,,,
a6476489-5d99-45fd-9525-ca9c6cc458eb,Bayou City Monthly February 8th at Oilfield Sports Complex,2026-02-08,3,Stage 3,472b309a-bbb7-4925-8267-dd02d11420ba,FRANCIS NGUYEN,14,73.39,4,85.22,Carry Optics,B,A169979,MINOR,,102.2690,88.0671,6.2921,17.80,20,0,4,0,0,0,0,0,,,
a6476489-5d99-45fd-9525-ca9c6cc458eb,Bayou City Monthly February 8th at Oilfield Sports Complex,2026-02-08,3,Stage 3,472b309a-bbb7-4925-8267-dd02d11420ba,Wade Pruetz,15,71.89,4,85.92,Limited Optics,,TY79055,MINOR,Senior,103.1040,86.2643,6.1633,19.47,24,0,0,0,0,0,0,0,,,
a6476489-5d99-45fd-9525-ca9c6cc458eb,Bayou City Monthly February 8th at Oilfield Sports Complex,2026-02-08,3,Stage 3,472b309a-bbb7-4925-8267-dd02d11420ba,Tyler Denmon,16,71.65,5,85.63,Limited Optics,A,A156054,MINOR,,102.7594,85.9760,6.1427,15.14,18,0,4,1,1,0,0,0,,,
a6476489-5d99-45fd-9525-ca9c6cc458eb,Bayou City Monthly February 8th at Oilfield Sports Complex,2026-02-08,3,Stage 3,472b309a-bbb7-4925-8267-dd02d11420ba,Keaton Mayfield,17,71.62,5,83.17,Carry Optics,A,A147501,MINOR,,99.8098,85.9494,6.1408,18.89,22,0,2,0,0,0,0,0,,,
a6476489-5d99-45fd-9525-ca9c6cc458eb,Bayou City Monthly February 8th at Oilfield Sports Complex,2026-02-08,3,Stage 3,472b309a-bbb7-4925-8267-dd02d11420ba,Joshua Blume,18,71.31,6,82.81,Carry Optics,B,A148746,MINOR,,99.3759,85.5757,6.1141,17.01,16,0,8,0,0,0,0,0,,,
a6476489-5d99-45fd-9525-ca9c6cc458eb,Bayou City Monthly February 8th at Oilfield Sports Complex,2026-02-08,3,Stage 3,472b309a-bbb7-4925-8267-dd02d11420ba,Yulmer Carreno,19,71.09,6,84.97,Limited Optics,B,A157204,MINOR,,101.9581,85.3056,6.0948,17.72,18,0,6,0,0,0,0,0,,,
a6476489-5d99-45fd-9525-ca9c6cc458eb,Bayou City Monthly February 8th at Oilfield Sports Complex,2026-02-08,3,Stage 3,472b309a-bbb7-4925-8267-dd02d11420ba,Antonio Tormis,20,70.54,4,70.54,Open,C,A124958,MAJOR,,84.6464,84.6464,6.0477,18.85,18,0,6,0,0,0,0,0,,,
a6476489-5d99-45fd-9525-ca9c6cc458eb,Bayou City Monthly February 8th at Oilfield Sports Complex,2026-02-08,3,Stage 3,472b309a-bbb7-4925-8267-dd02d11420ba,Adriel Taylor,21,70.43,7,81.79,Carry Optics,U,A104321,MINOR,,98.1471,84.5176,6.0385,15.07,17,0,5,1,1,0,0,0,,,
a6476489-5d99-45fd-9525-ca9c6cc458eb,Bayou City Monthly February 8th at Oilfield Sports Complex,2026-02-08,3,Stage 3,472b309a-bbb7-4925-8267-dd02d11420ba,Isaac Robledo,22,69.93,8,81.20,Carry Optics,B,A156101,MINOR,,97.4433,83.9115,5.9952,16.68,16,0,6,2,0,0,0,0,,,
a6476489-5d99-45fd-9525-ca9c6cc458eb,Bayou City Monthly February 8th at Oilfield Sports Complex,2026-02-08,3,Stage 3,472b309a-bbb7-4925-8267-dd02d11420ba,Gary Wu,23,69.52,7,83.09,Limited Optics,B,L2998,MINOR,Senior,99.7081,83.4231,5.9603,18.12,18,0,6,0,0,0,0,0,,,
a6476489-5d99-45fd-9525-ca9c6cc458eb,Bayou City Monthly February 8th at Oilfield Sports Complex,2026-02-08,3,Stage 3,472b309a-bbb7-4925-8267-dd02d11420ba,Coder Wang,24,69.36,5,71.72,PCC,B,A170259,MINOR,,86.0650,83.2271,5.9463,17.49,16,0,8,0,0,0,0,0,,,
a6476489-5d99-45fd-9525-ca9c6cc458eb,Bayou City Monthly February 8th at Oilfield Sports Complex,2026-02-08,3,Stage 3,472b309a-bbb7-4925-8267-dd02d11420ba,Jesse Harrington,25,68.61,9,79.67,Carry Optics,A,A153046,MINOR,,95.6099,82.3327,5.8824,18.02,17,0,7,0,0,0,0,0,,,
a6476489-5d99-45fd-9525-ca9c6cc458eb,Bayou City Monthly February 8th at Oilfield Sports Complex,2026-02-08,3,Stage 3,472b309a-bbb7-4925-8267-dd02d11420ba,Lou Lerma,26,68.28,8,81.60,Limited Optics,B,A155846,MINOR,,97.9248,81.9310,5.8537,18.45,19,0,4,1,0,0,0,0,,,
a6476489-5d99-45fd-9525-ca9c6cc458eb,Bayou City Monthly February 8th at Oilfield Sports Complex,2026-02-08,3,Stage 3,472b309a-bbb7-4925-8267-dd02d11420ba,Harlan Chen,27,68.24,9,81.56,Limited Optics,B,A163292,MINOR,,97.8713,81.8863,5.8505,18.46,18,0,6,0,0,0,0,0,,,
a6476489-5d99-45fd-9525-ca9c6cc458eb,Bayou City Monthly February 8th at Oilfield Sports Complex,2026-02-08,3,Stage 3,472b309a-bbb7-4925-8267-dd02d11420ba,Manny Nerona,28,67.99,10,78.96,Carry Optics,B,A69445,MINOR,,94.7485,81.5909,5.8294,18.87,20,0,3,1,0,0,0,0,,,
a6476489-5d99-45fd-9525-ca9c6cc458eb,Bayou City Monthly February 8th at Oilfield Sports Complex,2026-02-08,3,Stage 3,472b309a-bbb7-4925-8267-dd02d11420ba,Yanlin Xiang,29,67.87,10,81.12,Limited Optics,B,A164967,MINOR,,97.3477,81.4482,5.8192,17.70,22,0,1,0,1,0,0,0,,,
a6476489-5d99-45fd-9525-ca9c6cc458eb,Bayou City Monthly February 8th at Oilfield Sports Complex,2026-02-08,3,Stage 3,472b309a-bbb7-4925-8267-dd02d11420ba,James “JimO” O'Flaherty,30,67.54,11,80.72,Limited Optics,B,FY100318,MINOR,Senior; Law Enforcement,96.8692,81.0479,5.7906,17.96,16,0,8,0,0,0,0,0,,,
a6476489-5d99-45fd-9525-ca9c6cc458eb,Bayou City Monthly February 8th at Oilfield Sports Complex,2026-02-08,3,Stage 3,472b309a-bbb7-4925-8267-dd02d11420ba,Daniel Flowers,31,66.50,11,77.22,Carry Optics,B,A157513,MINOR,,92.6696,79.8008,5.7015,17.89,18,0,3,3,0,0,0,0,,,
a6476489-5d99-45fd-9525-ca9c6cc458eb,Bayou City Monthly February 8th at Oilfield Sports Complex,2026-02-08,3,Stage 3,472b309a-bbb7-4925-8267-dd02d11420ba,Phyl Santos,32,66.03,12,78.92,Limited Optics,A,A155981,MINOR,,94.7095,79.2409,5.6615,17.31,13,0,11,0,0,0,0,0,,,
a6476489-5d99-45fd-9525-ca9c6cc458eb,Bayou City Monthly February 8th at Oilfield Sports Complex,2026-02-08,3,Stage 3,472b309a-bbb7-4925-8267-dd02d11420ba,Hunter Sparkman,33,65.96,13,78.83,Limited Optics,U,A165234,MINOR,Law Enforcement,94.5991,79.1485,5.6549,17.33,16,0,5,3,0,0,0,0,,,
a6476489-5d99-45fd-9525-ca9c6cc458eb,Bayou City Monthly February 8th at Oilfield Sports Complex,2026-02-08,3,Stage 3,472b309a-bbb7-4925-8267-dd02d11420ba,Michael Pontious,34,63.43,14,75.81,Limited Optics,B,A94575,MINOR,Super Senior,90.9740,76.1155,5.4382,18.94,22,0,1,0,1,0,0,0,,,
a6476489-5d99-45fd-9525-ca9c6cc458eb,Bayou City Monthly February 8th at Oilfield Sports Complex,2026-02-08,3,Stage 3,472b309a-bbb7-4925-8267-dd02d11420ba,Virak Meas,35,62.60,5,62.60,Open,D,A155576,MINOR,Senior,75.1204,75.1204,5.3671,19.75,17,0,7,0,0,0,0,0,,,
a6476489-5d99-45fd-9525-ca9c6cc458eb,Bayou City Monthly February 8th at Oilfield Sports Complex,2026-02-08,3,Stage 3,472b309a-bbb7-4925-8267-dd02d11420ba,Ty Lerma,36,62.48,12,72.56,Carry Optics,,,MINOR,,87.0719,74.9804,5.3571,20.16,18,0,6,0,0,0,0,0,,,
a6476489-5d99-45fd-9525-ca9c6cc458eb,Bayou City Monthly February 8th at Oilfield Sports Complex,2026-02-08,3,Stage 3,472b309a-bbb7-4925-8267-dd02d11420ba,Taylor Latham,37,61.39,1,100.00,Limited,X,TY39841,MINOR,Senior,120.0000,73.6661,5.2632,22.04,22,0,2,0,0,0,0,0,,,
a6476489-5d99-45fd-9525-ca9c6cc458eb,Bayou City Monthly February 8th at Oilfield Sports Complex,2026-02-08,3,Stage 3,472b309a-bbb7-4925-8267-dd02d11420ba,Kenedy Nguyen,38,60.14,15,71.88,Limited Optics,B,A83862,MINOR,,86.2582,72.1699,5.1563,18.23,13,0,9,2,0,0,0,0,,,
a6476489-5d99-45fd-9525-ca9c6cc458eb,Bayou City Monthly February 8th at Oilfield Sports Complex,2026-02-08,3,Stage 3,472b309a-bbb7-4925-8267-dd02d11420ba,Grant Nixon,39,59.22,13,68.77,Carry Optics,B,A172934,MINOR,,82.5209,71.0614,5.0771,22.06,20,0,4,0,0,0,0,0,,,
a6476489-5d99-45fd-9525-ca9c6cc458eb,Bayou City Monthly February 8th at Oilfield Sports Complex,2026-02-08,3,Stage 3,472b309a-bbb7-4925-8267-dd02d11420ba,Charles Bradbury,40,58.87,14,68.36,Carry Optics,,,MINOR,,82.0366,70.6443,5.0473,22.19,20,0,4,0,0,0,0,0,,,
a6476489-5d99-45fd-9525-ca9c6cc458eb,Bayou City Monthly February 8th at Oilfield Sports Complex,2026-02-08,3,Stage 3,472b309a-bbb7-4925-8267-dd02d11420ba,Eric Wu,41,58.38,16,69.78,Limited Optics,B,FY104740,MINOR,Senior,83.7305,70.0551,5.0052,19.18,14,0,8,2,0,0,0,0,,,
a6476489-5d99-45fd-9525-ca9c6cc458eb,Bayou City Monthly February 8th at Oilfield Sports Complex,2026-02-08,3,Stage 3,472b309a-bbb7-4925-8267-dd02d11420ba,Trevor Symons,42,58.13,17,69.48,Limited Optics,U,A172350,MINOR,,83.3742,69.7569,4.9839,18.66,18,0,4,1,1,0,0,0,,,
a6476489-5d99-45fd-9525-ca9c6cc458eb,Bayou City Monthly February 8th at Oilfield Sports Complex,2026-02-08,3,Stage 3,472b309a-bbb7-4925-8267-dd02d11420ba,Ignacio Caoagas jr,43,57.23,15,66.46,Carry Optics,C,A170038,MINOR,,79.7546,68.6792,4.9069,22.01,18,0,6,0,0,0,0,0,,,
a6476489-5d99-45fd-9525-ca9c6cc458eb,Bayou City Monthly February 8th at Oilfield Sports Complex,2026-02-08,3,Stage 3,472b309a-bbb7-4925-8267-dd02d11420ba,Cliff Pinsent,44,56.31,18,67.31,Limited Optics,B,FY99321,MINOR,Distinguished Senior,80.7695,67.5777,4.8282,24.44,23,0,1,0,0,0,0,0,,,
a6476489-5d99-45fd-9525-ca9c6cc458eb,Bayou City Monthly February 8th at Oilfield Sports Complex,2026-02-08,3,Stage 3,472b309a-bbb7-4925-8267-dd02d11420ba,Andrew Quintana,45,56.29,19,67.28,Limited Optics,B,A175263,MINOR,,80.7310,67.5455,4.8259,16.37,12,0,9,2,1,0,0,0,,,
a6476489-5d99-45fd-9525-ca9c6cc458eb,Bayou City Monthly February 8th at Oilfield Sports Complex,2026-02-08,3,Stage 3,472b309a-bbb7-4925-8267-dd02d11420ba,Kevin Baker,46,55.35,20,66.15,Limited Optics,C,A95439,MINOR,Senior,79.3794,66.4146,4.7451,19.81,14,0,7,3,0,0,0,0,,,
a6476489-5d99-45fd-9525-ca9c6cc458eb,Bayou City Monthly February 8th at Oilfield Sports Complex,2026-02-08,3,Stage 3,472b309a-bbb7-4925-8267-dd02d11420ba,Jay-R delos-Santos,47,55.20,6,57.08,PCC,B,A70297,MINOR,Senior,68.4924,66.2340,4.7322,19.23,16,0,7,0,1,0,0,0,,,
a6476489-5d99-45fd-9525-ca9c6cc458eb,Bayou City Monthly February 8th at Oilfield Sports Complex,2026-02-08,3,Stage 3,472b309a-bbb7-4925-8267-dd02d11420ba,james wood,48,55.16,21,65.93,Limited Optics,U,A162399,MINOR,Super Senior,79.1184,66.1962,4.7295,24.95,23,0,1,0,0,0,0,0,,,
a6476489-5d99-45fd-9525-ca9c6cc458eb,Bayou City Monthly February 8th at Oilfield Sports Complex,2026-02-08,3,Stage 3,472b309a-bbb7-4925-8267-dd02d11420ba,Joseph Reyes,49,49.88,22,59.62,Limited Optics,U,A127665,MINOR,Distinguished Senior,71.5386,59.8544,4.2764,26.19,20,0,4,0,0,0,0,0,,,
a6476489-5d99-45fd-9525-ca9c6cc458eb,Bayou City Monthly February 8th at Oilfield Sports Complex,2026-02-08,3,Stage 3,472b309a-bbb7-4925-8267-dd02d11420ba,Mark Lutzel,50,49.73,6,49.73,Open,D,TY101009,MINOR,Super Senior,59.6767,59.6767,4.2637,25.33,18,0,6,0,0,0,0,0,,,
a6476489-5d99-45fd-9525-ca9c6cc458eb,Bayou City Monthly February 8th at Oilfield Sports Complex,2026-02-08,3,Stage 3,472b309a-bbb7-4925-8267-dd02d11420ba,Shawn Yao,51,49.31,16,57.26,Carry Optics,U,A174846,MINOR,,68.7135,59.1714,4.2276,24.60,17,0,6,1,0,0,0,0,,,
a6476489-5d99-45fd-9525-ca9c6cc458eb,Bayou City Monthly February 8th at Oilfield Sports Complex,2026-02-08,3,Stage 3,472b309a-bbb7-4925-8267-dd02d11420ba,Mervs Castillon,52,48.00,23,57.37,Limited Optics,,,MINOR,Senior,68.8420,57.5982,4.1152,21.87,14,0,5,5,0,0,0,0,,,
a6476489-5d99-45fd-9525-ca9c6cc458eb,Bayou City Monthly February 8th at Oilfield Sports Complex,2026-02-08,3,Stage 3,472b309a-bbb7-4925-8267-dd02d11420ba,"Byron ""GhostDeadeye"" McGowen",53,47.98,17,55.72,Carry Optics,C,A159731,MINOR,Military,66.8623,57.5772,4.1137,23.58,19,0,4,0,1,0,0,0,,,
a6476489-5d99-45fd-9525-ca9c6cc458eb,Bayou City Monthly February 8th at Oilfield Sports Complex,2026-02-08,3,Stage 3,472b309a-bbb7-4925-8267-dd02d11420ba,Ricardo Ramos,54,45.60,18,52.95,Carry Optics,U,A174323,MINOR,,63.5433,54.7191,3.9095,29.16,22,0,1,1,0,0,0,0,,,
a6476489-5d99-45fd-9525-ca9c6cc458eb,Bayou City Monthly February 8th at Oilfield Sports Complex,2026-02-08,3,Stage 3,472b309a-bbb7-4925-8267-dd02d11420ba,Blaine Newlin,55,43.67,24,52.20,Limited Optics,C,A103350,MINOR,,62.6406,52.4097,3.7445,27.24,15,0,9,0,0,0,0,0,,,
a6476489-5d99-45fd-9525-ca9c6cc458eb,Bayou City Monthly February 8th at Oilfield Sports Complex,2026-02-08,3,Stage 3,472b309a-bbb7-4925-8267-dd02d11420ba,ronald Gillory,56,41.77,7,43.19,PCC,B,TY83291,MINOR,,51.8332,50.1241,3.5812,32.95,23,0,1,0,0,0,0,0,,,
a6476489-5d99-45fd-9525-ca9c6cc458eb,Bayou City Monthly February 8th at Oilfield Sports Complex,2026-02-08,3,Stage 3,472b309a-bbb7-4925-8267-dd02d11420ba,Tommy Ruggiero,57,40.61,19,47.16,Carry Optics,,,MINOR,,56.5965,48.7371,3.4821,31.59,20,0,3,1,0,0,0,0,,,
a6476489-5d99-45fd-9525-ca9c6cc458eb,Bayou City Monthly February 8th at Oilfield Sports Complex,2026-02-08,3,Stage 3,472b309a-bbb7-4925-8267-dd02d11420ba,Timoteo Gonzales,58,36.51,7,36.51,Open,,,MINOR,,43.8173,43.8173,3.1306,28.11,13,0,6,5,0,0,0,0,,,
a6476489-5d99-45fd-9525-ca9c6cc458eb,Bayou City Monthly February 8th at Oilfield Sports Complex,2026-02-08,3,Stage 3,472b309a-bbb7-4925-8267-dd02d11420ba,Ricardo Tuazon,59,35.89,25,42.89,Limited Optics,,,MINOR,,51.4725,43.0657,3.0769,31.20,16,0,4,4,0,0,0,0,,,
a6476489-5d99-45fd-9525-ca9c6cc458eb,Bayou City Monthly February 8th at Oilfield Sports Complex,2026-02-08,3,Stage 3,472b309a-bbb7-4925-8267-dd02d11420ba,Dean Tamban,60,31.67,8,31.67,Open,,,MINOR,,38.0046,38.0046,2.7153,34.25,17,0,6,0,1,0,0,0,,,
a6476489-5d99-45fd-9525-ca9c6cc458eb,Bayou City Monthly February 8th at Oilfield Sports Complex,2026-02-08,3,Stage 3,472b309a-bbb7-4925-8267-dd02d11420ba,Alvin Tuazon,61,31.20,26,37.29,Limited Optics,,,MINOR,,44.7526,37.4433,2.6752,23.55,15,0,6,0,3,0,0,0,,,
a6476489-5d99-45fd-9525-ca9c6cc458eb,Bayou City Monthly February 8th at Oilfield Sports Complex,2026-02-08,3,Stage 3,472b309a-bbb7-4925-8267-dd02d11420ba,Eric “BALTIK” Esico,62,30.86,1,100.00,Single Stack,C,TY150782,MINOR,,120.0000,37.0304,2.6457,35.53,13,0,9,2,0,0,0,0,,,
a6476489-5d99-45fd-9525-ca9c6cc458eb,Bayou City Monthly February 8th at Oilfield Sports Complex,2026-02-08,3,Stage 3,472b309a-bbb7-4925-8267-dd02d11420ba,Sonny Somera,63,29.42,20,34.16,Carry Optics,D,A118611,MINOR,,40.9947,35.3019,2.5222,36.08,16,0,7,0,1,0,0,0,,,
a6476489-5d99-45fd-9525-ca9c6cc458eb,Bayou City Monthly February 8th at Oilfield Sports Complex,2026-02-08,3,Stage 3,472b309a-bbb7-4925-8267-dd02d11420ba,David Hruzek,64,26.96,8,27.88,PCC,D,A100909,MINOR,Super Senior,33.4516,32.3486,2.3112,50.19,22,0,2,0,0,0,0,0,,,
a6476489-5d99-45fd-9525-ca9c6cc458eb,Bayou City Monthly February 8th at Oilfield Sports Complex,2026-02-08,3,Stage 3,472b309a-bbb7-4925-8267-dd02d11420ba,John Del Toro,65,21.01,2,34.22,Limited,C,A107511,MINOR,Distinguished Senior,41.0625,25.2076,1.8010,47.75,20,0,2,0,2,0,0,0,,,
a6476489-5d99-45fd-9525-ca9c6cc458eb,Bayou City Monthly February 8th at Oilfield Sports Complex,2026-02-08,3,Stage 3,472b309a-bbb7-4925-8267-dd02d11420ba,Chris Ballerd,66,12.58,27,15.04,Limited Optics,U,A178189,MINOR,,18.0486,15.1008,1.0789,35.22,19,0,1,0,4,0,0,2,,,
a6476489-5d99-45fd-9525-ca9c6cc458eb,Bayou City Monthly February 8th at Oilfield Sports Complex,2026-02-08,4,Stage 4,be20df26-46be-40c3-bcd1-5422f038853c,Albert Montanez,1,100.00,1,100.00,PCC,M,TY101554,MINOR,,110.0000,110.0000,6.6044,16.05,21,0,0,1,0,0,0,0,,,
a6476489-5d99-45fd-9525-ca9c6cc458eb,Bayou City Monthly February 8th at Oilfield Sports Complex,2026-02-08,4,Stage 4,be20df26-46be-40c3-bcd1-5422f038853c,Ulrick Fong,2,70.63,2,70.63,PCC,A,A170351,MINOR,Senior,77.6965,77.6965,4.6649,18.65,18,0,2,1,1,0,0,0,,,
a6476489-5d99-45fd-9525-ca9c6cc458eb,Bayou City Monthly February 8th at Oilfield Sports Complex,2026-02-08,4,Stage 4,be20df26-46be-40c3-bcd1-5422f038853c,Christopher Boatcallie,3,67.15,3,67.15,PCC,A,A104118,MINOR,,73.8658,73.8658,4.4349,20.97,20,0,1,0,1,0,0,0,,,
a6476489-5d99-45fd-9525-ca9c6cc458eb,Bayou City Monthly February 8th at Oilfield Sports Complex,2026-02-08,4,Stage 4,be20df26-46be-40c3-bcd1-5422f038853c,FRANCIS NGUYEN,4,58.52,1,100.00,Carry Optics,B,A169979,MINOR,,110.0000,64.3688,3.8647,26.91,19,0,3,0,0,0,0,0,,,
a6476489-5d99-45fd-9525-ca9c6cc458eb,Bayou City Monthly February 8th at Oilfield Sports Complex,2026-02-08,4,Stage 4,be20df26-46be-40c3-bcd1-5422f038853c,ronald Gillory,5,58.17,4,58.17,PCC,B,TY83291,MINOR,,63.9907,63.9907,3.8420,28.11,21,0,1,0,0,0,0,0,,,
a6476489-5d99-45fd-9525-ca9c6cc458eb,Bayou City Monthly February 8th at Oilfield Sports Complex,2026-02-08,4,Stage 4,be20df26-46be-40c3-bcd1-5422f038853c,Coder Wang,6,54.87,5,54.87,PCC,B,A170259,MINOR,,60.3548,60.3548,3.6237,28.70,19,0,3,0,0,0,0,0,,,
a6476489-5d99-45fd-9525-ca9c6cc458eb,Bayou City Monthly February 8th at Oilfield Sports Complex,2026-02-08,4,Stage 4,be20df26-46be-40c3-bcd1-5422f038853c,Jay-R delos-Santos,7,49.25,6,49.25,PCC,B,A70297,MINOR,Senior,54.1722,54.1722,3.2525,33.82,22,0,0,0,0,0,0,0,,,
a6476489-5d99-45fd-9525-ca9c6cc458eb,Bayou City Monthly February 8th at Oilfield Sports Complex,2026-02-08,4,Stage 4,be20df26-46be-40c3-bcd1-5422f038853c,Roger Feng,8,47.60,2,81.35,Carry Optics,A,A157776,MINOR,,89.4840,52.3634,3.1439,33.08,20,0,1,1,0,0,0,0,,,
a6476489-5d99-45fd-9525-ca9c6cc458eb,Bayou City Monthly February 8th at Oilfield Sports Complex,2026-02-08,4,Stage 4,be20df26-46be-40c3-bcd1-5422f038853c,Travis Mckenzie,9,47.30,1,100.00,Open,A,L6340,MAJOR,,110.0000,52.0320,3.1240,32.33,17,0,3,2,0,0,0,0,,,
a6476489-5d99-45fd-9525-ca9c6cc458eb,Bayou City Monthly February 8th at Oilfield Sports Complex,2026-02-08,4,Stage 4,be20df26-46be-40c3-bcd1-5422f038853c,Wade Pruetz,10,47.05,1,100.00,Limited Optics,,TY79055,MINOR,Senior,110.0000,51.7538,3.1073,33.47,19,0,3,0,0,0,0,0,,,
a6476489-5d99-45fd-9525-ca9c6cc458eb,Bayou City Monthly February 8th at Oilfield Sports Complex,2026-02-08,4,Stage 4,be20df26-46be-40c3-bcd1-5422f038853c,Ryan Jaw,11,44.02,7,44.02,PCC,U,TY142907,MINOR,,48.4177,48.4177,2.9070,34.40,18,0,3,1,0,0,0,0,,,
a6476489-5d99-45fd-9525-ca9c6cc458eb,Bayou City Monthly February 8th at Oilfield Sports Complex,2026-02-08,4,Stage 4,be20df26-46be-40c3-bcd1-5422f038853c,Tyler Denmon,12,43.81,2,93.11,Limited Optics,A,A156054,MINOR,,102.4172,48.1862,2.8931,37.33,21,0,1,0,0,0,0,0,,,
a6476489-5d99-45fd-9525-ca9c6cc458eb,Bayou City Monthly February 8th at Oilfield Sports Complex,2026-02-08,4,Stage 4,be20df26-46be-40c3-bcd1-5422f038853c,Jim Havens,13,43.72,3,92.93,Limited Optics,M,TY114636,MINOR,,102.2260,48.0963,2.8877,34.63,17,0,5,0,0,0,0,0,,,
a6476489-5d99-45fd-9525-ca9c6cc458eb,Bayou City Monthly February 8th at Oilfield Sports Complex,2026-02-08,4,Stage 4,be20df26-46be-40c3-bcd1-5422f038853c,Andrew Quintana,14,43.63,4,92.72,Limited Optics,B,A175263,MINOR,,101.9959,47.9880,2.8812,36.79,20,0,2,0,0,0,0,0,,,
a6476489-5d99-45fd-9525-ca9c6cc458eb,Bayou City Monthly February 8th at Oilfield Sports Complex,2026-02-08,4,Stage 4,be20df26-46be-40c3-bcd1-5422f038853c,Hunter Sparkman,15,43.30,5,92.03,Limited Optics,U,A165234,MINOR,Law Enforcement,101.2278,47.6266,2.8595,37.07,20,0,2,0,0,0,0,0,,,
a6476489-5d99-45fd-9525-ca9c6cc458eb,Bayou City Monthly February 8th at Oilfield Sports Complex,2026-02-08,4,Stage 4,be20df26-46be-40c3-bcd1-5422f038853c,Lou Lerma,16,43.01,6,91.42,Limited Optics,B,A155846,MINOR,,100.5658,47.3151,2.8408,36.61,20,0,1,1,0,0,0,0,,,
a6476489-5d99-45fd-9525-ca9c6cc458eb,Bayou City Monthly February 8th at Oilfield Sports Complex,2026-02-08,4,Stage 4,be20df26-46be-40c3-bcd1-5422f038853c,james wood,17,42.20,7,89.70,Limited Optics,U,A162399,MINOR,Super Senior,98.6648,46.4207,2.7871,38.75,21,0,1,0,0,0,0,0,,,
a6476489-5d99-45fd-9525-ca9c6cc458eb,Bayou City Monthly February 8th at Oilfield Sports Complex,2026-02-08,4,Stage 4,be20df26-46be-40c3-bcd1-5422f038853c,Joshua Blume,18,40.46,3,69.14,Carry Optics,B,A148746,MINOR,,76.0553,44.5053,2.6721,38.92,20,0,1,1,0,0,0,0,,,
a6476489-5d99-45fd-9525-ca9c6cc458eb,Bayou City Monthly February 8th at Oilfield Sports Complex,2026-02-08,4,Stage 4,be20df26-46be-40c3-bcd1-5422f038853c,Pocholo Dimayuga,19,40.04,4,68.42,Carry Optics,B,A106236,MINOR,,75.2584,44.0390,2.6441,37.82,19,0,1,2,0,0,0,0,,,
a6476489-5d99-45fd-9525-ca9c6cc458eb,Bayou City Monthly February 8th at Oilfield Sports Complex,2026-02-08,4,Stage 4,be20df26-46be-40c3-bcd1-5422f038853c,Ty Lerma,20,39.07,5,66.77,Carry Optics,,,MINOR,,73.4510,42.9813,2.5806,38.75,18,0,3,1,0,0,0,0,,,
a6476489-5d99-45fd-9525-ca9c6cc458eb,Bayou City Monthly February 8th at Oilfield Sports Complex,2026-02-08,4,Stage 4,be20df26-46be-40c3-bcd1-5422f038853c,Michael Pontious,21,37.65,8,80.01,Limited Optics,B,A94575,MINOR,Super Senior,88.0163,41.4107,2.4863,41.83,19,0,3,0,0,0,0,0,,,
a6476489-5d99-45fd-9525-ca9c6cc458eb,Bayou City Monthly February 8th at Oilfield Sports Complex,2026-02-08,4,Stage 4,be20df26-46be-40c3-bcd1-5422f038853c,Jorge Cahas,22,37.59,2,79.46,Open,,,MAJOR,Senior,87.4085,41.3458,2.4824,42.70,18,0,4,0,0,0,0,0,,,
a6476489-5d99-45fd-9525-ca9c6cc458eb,Bayou City Monthly February 8th at Oilfield Sports Complex,2026-02-08,4,Stage 4,be20df26-46be-40c3-bcd1-5422f038853c,"Byron ""GhostDeadeye"" McGowen",23,37.04,6,63.29,Carry Optics,C,A159731,MINOR,Military,69.6199,40.7395,2.4460,41.70,19,0,2,1,0,0,0,0,,,
a6476489-5d99-45fd-9525-ca9c6cc458eb,Bayou City Monthly February 8th at Oilfield Sports Complex,2026-02-08,4,Stage 4,be20df26-46be-40c3-bcd1-5422f038853c,Kenedy Nguyen,24,36.34,9,77.24,Limited Optics,B,A83862,MINOR,,84.9683,39.9767,2.4002,34.58,17,0,2,2,1,0,0,0,,,
a6476489-5d99-45fd-9525-ca9c6cc458eb,Bayou City Monthly February 8th at Oilfield Sports Complex,2026-02-08,4,Stage 4,be20df26-46be-40c3-bcd1-5422f038853c,Yulmer Carreno,25,36.10,10,76.73,Limited Optics,B,A157204,MINOR,,84.4019,39.7102,2.3842,44.46,20,0,2,0,0,0,0,0,,,
a6476489-5d99-45fd-9525-ca9c6cc458eb,Bayou City Monthly February 8th at Oilfield Sports Complex,2026-02-08,4,Stage 4,be20df26-46be-40c3-bcd1-5422f038853c,David Hruzek,26,35.71,8,35.71,PCC,D,A100909,MINOR,Super Senior,39.2855,39.2855,2.3587,44.94,20,0,2,0,0,0,0,0,,,
a6476489-5d99-45fd-9525-ca9c6cc458eb,Bayou City Monthly February 8th at Oilfield Sports Complex,2026-02-08,4,Stage 4,be20df26-46be-40c3-bcd1-5422f038853c,Jesse Harrington,27,34.75,7,59.39,Carry Optics,A,A153046,MINOR,,65.3306,38.2295,2.2953,45.31,19,0,3,0,0,0,0,0,,,
a6476489-5d99-45fd-9525-ca9c6cc458eb,Bayou City Monthly February 8th at Oilfield Sports Complex,2026-02-08,4,Stage 4,be20df26-46be-40c3-bcd1-5422f038853c,Daniel Flowers,28,34.38,8,58.75,Carry Optics,B,A157513,MINOR,,64.6218,37.8148,2.2704,38.32,18,0,2,1,1,0,0,0,,,
a6476489-5d99-45fd-9525-ca9c6cc458eb,Bayou City Monthly February 8th at Oilfield Sports Complex,2026-02-08,4,Stage 4,be20df26-46be-40c3-bcd1-5422f038853c,Isaac Robledo,29,33.84,9,57.83,Carry Optics,B,A156101,MINOR,,63.6114,37.2235,2.2349,45.64,19,0,2,1,0,0,0,0,,,
a6476489-5d99-45fd-9525-ca9c6cc458eb,Bayou City Monthly February 8th at Oilfield Sports Complex,2026-02-08,4,Stage 4,be20df26-46be-40c3-bcd1-5422f038853c,Andre Wijaya,30,32.36,10,55.30,Carry Optics,U,A175473,MINOR,,60.8306,35.5963,2.1372,46.79,17,0,5,0,0,0,0,0,,,
a6476489-5d99-45fd-9525-ca9c6cc458eb,Bayou City Monthly February 8th at Oilfield Sports Complex,2026-02-08,4,Stage 4,be20df26-46be-40c3-bcd1-5422f038853c,Janice Pacleb,31,31.89,3,67.42,Open,B,TY75597,MAJOR,Lady,74.1585,35.0783,2.1061,50.33,18,0,4,0,0,0,0,0,,,
a6476489-5d99-45fd-9525-ca9c6cc458eb,Bayou City Monthly February 8th at Oilfield Sports Complex,2026-02-08,4,Stage 4,be20df26-46be-40c3-bcd1-5422f038853c,Yanlin Xiang,32,31.38,11,66.70,Limited Optics,B,A164967,MINOR,,73.3746,34.5220,2.0727,41.01,18,0,1,2,1,0,0,0,,,
a6476489-5d99-45fd-9525-ca9c6cc458eb,Bayou City Monthly February 8th at Oilfield Sports Complex,2026-02-08,4,Stage 4,be20df26-46be-40c3-bcd1-5422f038853c,Trevor Symons,33,29.41,12,62.51,Limited Optics,U,A172350,MINOR,,68.7619,32.3518,1.9424,46.85,19,0,2,0,1,0,0,0,,,
a6476489-5d99-45fd-9525-ca9c6cc458eb,Bayou City Monthly February 8th at Oilfield Sports Complex,2026-02-08,4,Stage 4,be20df26-46be-40c3-bcd1-5422f038853c,Grant Nixon,34,29.14,11,49.80,Carry Optics,B,A172934,MINOR,,54.7851,32.0586,1.9248,57.15,22,0,0,0,0,0,0,0,,,
a6476489-5d99-45fd-9525-ca9c6cc458eb,Bayou City Monthly February 8th at Oilfield Sports Complex,2026-02-08,4,Stage 4,be20df26-46be-40c3-bcd1-5422f038853c,Harlan Chen,35,28.81,13,61.23,Limited Optics,B,A163292,MINOR,,67.3565,31.6905,1.9027,55.71,20,0,2,0,0,0,0,0,,,
a6476489-5d99-45fd-9525-ca9c6cc458eb,Bayou City Monthly February 8th at Oilfield Sports Complex,2026-02-08,4,Stage 4,be20df26-46be-40c3-bcd1-5422f038853c,Manny Nerona,36,28.01,12,47.87,Carry Optics,B,A69445,MINOR,,52.6532,30.8111,1.8499,47.03,17,0,4,0,1,0,0,0,,,
a6476489-5d99-45fd-9525-ca9c6cc458eb,Bayou City Monthly February 8th at Oilfield Sports Complex,2026-02-08,4,Stage 4,be20df26-46be-40c3-bcd1-5422f038853c,Mark Lutzel,37,27.29,4,57.69,Open,D,TY101009,MINOR,Super Senior,63.4542,30.0150,1.8021,57.71,19,0,3,0,0,0,0,0,,,
a6476489-5d99-45fd-9525-ca9c6cc458eb,Bayou City Monthly February 8th at Oilfield Sports Complex,2026-02-08,4,Stage 4,be20df26-46be-40c3-bcd1-5422f038853c,Eric Wu,38,26.57,14,56.48,Limited Optics,B,FY104740,MINOR,Senior,62.1314,29.2322,1.7551,51.85,20,0,0,1,1,0,0,0,,,
a6476489-5d99-45fd-9525-ca9c6cc458eb,Bayou City Monthly February 8th at Oilfield Sports Complex,2026-02-08,4,Stage 4,be20df26-46be-40c3-bcd1-5422f038853c,Taylor Latham,39,25.45,1,100.00,Limited,X,TY39841,MINOR,Senior,110.0000,27.9930,1.6807,42.84,17,0,2,1,2,0,0,0,,,
a6476489-5d99-45fd-9525-ca9c6cc458eb,Bayou City Monthly February 8th at Oilfield Sports Complex,2026-02-08,4,Stage 4,be20df26-46be-40c3-bcd1-5422f038853c,Mervs Castillon,40,25.41,15,54.02,Limited Optics,,,MINOR,Senior,59.4198,27.9564,1.6785,61.96,20,0,1,1,0,0,0,0,,,
a6476489-5d99-45fd-9525-ca9c6cc458eb,Bayou City Monthly February 8th at Oilfield Sports Complex,2026-02-08,4,Stage 4,be20df26-46be-40c3-bcd1-5422f038853c,Ricardo Ramos,41,24.83,13,42.44,Carry Optics,U,A174323,MINOR,,46.6846,27.3185,1.6402,60.97,18,0,3,1,0,0,0,0,,,
a6476489-5d99-45fd-9525-ca9c6cc458eb,Bayou City Monthly February 8th at Oilfield Sports Complex,2026-02-08,4,Stage 4,be20df26-46be-40c3-bcd1-5422f038853c,Timoteo Gonzales,42,24.77,5,52.37,Open,,,MINOR,,57.6092,27.2502,1.6361,59.90,17,0,4,1,0,0,0,0,,,
a6476489-5d99-45fd-9525-ca9c6cc458eb,Bayou City Monthly February 8th at Oilfield Sports Complex,2026-02-08,4,Stage 4,be20df26-46be-40c3-bcd1-5422f038853c,David Zhang,43,22.04,16,46.85,Limited Optics,A,FY140383,MINOR,,51.5325,24.2455,1.4557,58.39,17,0,3,1,1,0,0,0,,,
a6476489-5d99-45fd-9525-ca9c6cc458eb,Bayou City Monthly February 8th at Oilfield Sports Complex,2026-02-08,4,Stage 4,be20df26-46be-40c3-bcd1-5422f038853c,Antonio Tormis,44,20.99,6,44.38,Open,C,A124958,MAJOR,,48.8204,23.0929,1.3865,52.65,17,0,1,2,2,0,0,0,,,
a6476489-5d99-45fd-9525-ca9c6cc458eb,Bayou City Monthly February 8th at Oilfield Sports Complex,2026-02-08,4,Stage 4,be20df26-46be-40c3-bcd1-5422f038853c,Keaton Mayfield,45,20.92,14,35.75,Carry Optics,A,A147501,MINOR,,39.3298,23.0147,1.3818,55.00,20,0,2,0,0,0,0,3,,,
a6476489-5d99-45fd-9525-ca9c6cc458eb,Bayou City Monthly February 8th at Oilfield Sports Complex,2026-02-08,4,Stage 4,be20df26-46be-40c3-bcd1-5422f038853c,James “JimO” O'Flaherty,46,20.74,17,44.09,Limited Optics,B,FY100318,MINOR,Senior; Law Enforcement,48.4952,22.8165,1.3699,63.51,18,0,2,1,1,0,0,0,,,
a6476489-5d99-45fd-9525-ca9c6cc458eb,Bayou City Monthly February 8th at Oilfield Sports Complex,2026-02-08,4,Stage 4,be20df26-46be-40c3-bcd1-5422f038853c,Chris Ballerd,47,19.45,18,41.34,Limited Optics,U,A178189,MINOR,,45.4755,21.3957,1.2846,79.40,18,0,4,0,0,0,0,0,,,
a6476489-5d99-45fd-9525-ca9c6cc458eb,Bayou City Monthly February 8th at Oilfield Sports Complex,2026-02-08,4,Stage 4,be20df26-46be-40c3-bcd1-5422f038853c,Sonny Somera,48,17.86,15,30.52,Carry Optics,D,A118611,MINOR,,33.5690,19.6436,1.1794,83.09,18,0,2,2,0,0,0,0,,,
a6476489-5d99-45fd-9525-ca9c6cc458eb,Bayou City Monthly February 8th at Oilfield Sports Complex,2026-02-08,4,Stage 4,be20df26-46be-40c3-bcd1-5422f038853c,Ignacio Caoagas jr,49,17.25,16,29.48,Carry Optics,C,A170038,MINOR,,32.4333,18.9790,1.1395,93.02,20,0,2,0,0,0,0,0,,,
a6476489-5d99-45fd-9525-ca9c6cc458eb,Bayou City Monthly February 8th at Oilfield Sports Complex,2026-02-08,4,Stage 4,be20df26-46be-40c3-bcd1-5422f038853c,Cliff Pinsent,50,16.18,19,34.38,Limited Optics,B,FY99321,MINOR,Distinguished Senior,37.8184,17.7931,1.0683,58.97,18,0,1,0,3,0,0,0,,,
a6476489-5d99-45fd-9525-ca9c6cc458eb,Bayou City Monthly February 8th at Oilfield Sports Complex,2026-02-08,4,Stage 4,be20df26-46be-40c3-bcd1-5422f038853c,Judah Harms,51,16.07,20,34.16,Limited Optics,U,TY159115,MINOR,,37.5776,17.6799,1.0615,103.63,22,0,0,0,0,0,0,0,,,
a6476489-5d99-45fd-9525-ca9c6cc458eb,Bayou City Monthly February 8th at Oilfield Sports Complex,2026-02-08,4,Stage 4,be20df26-46be-40c3-bcd1-5422f038853c,John Del Toro,52,15.33,2,60.22,Limited,C,A107511,MINOR,Distinguished Senior,66.2474,16.8588,1.0122,102.75,19,0,3,0,0,0,0,0,,,
a6476489-5d99-45fd-9525-ca9c6cc458eb,Bayou City Monthly February 8th at Oilfield Sports Complex,2026-02-08,4,Stage 4,be20df26-46be-40c3-bcd1-5422f038853c,Eric “BALTIK” Esico,53,15.25,1,100.00,Single Stack,C,TY150782,MINOR,,110.0000,16.7771,1.0073,82.40,16,0,4,1,1,0,0,0,,,
a6476489-5d99-45fd-9525-ca9c6cc458eb,Bayou City Monthly February 8th at Oilfield Sports Complex,2026-02-08,4,Stage 4,be20df26-46be-40c3-bcd1-5422f038853c,Tommy Ruggiero,54,14.97,17,25.59,Carry Optics,,,MINOR,,28.1468,16.4707,0.9889,81.91,15,0,5,1,1,0,0,0,,,
a6476489-5d99-45fd-9525-ca9c6cc458eb,Bayou City Monthly February 8th at Oilfield Sports Complex,2026-02-08,4,Stage 4,be20df26-46be-40c3-bcd1-5422f038853c,Kevin Baker,55,14.92,21,31.71,Limited Optics,C,A95439,MINOR,Senior,34.8837,16.4124,0.9854,71.04,17,0,1,2,2,0,0,0,,,
a6476489-5d99-45fd-9525-ca9c6cc458eb,Bayou City Monthly February 8th at Oilfield Sports Complex,2026-02-08,4,Stage 4,be20df26-46be-40c3-bcd1-5422f038853c,Virak Meas,56,13.73,7,29.03,Open,D,A155576,MINOR,Senior,31.9366,15.1066,0.9070,60.64,15,0,3,1,3,0,0,0,,,
a6476489-5d99-45fd-9525-ca9c6cc458eb,Bayou City Monthly February 8th at Oilfield Sports Complex,2026-02-08,4,Stage 4,be20df26-46be-40c3-bcd1-5422f038853c,Adriel Taylor,57,13.63,18,23.29,Carry Optics,U,A104321,MINOR,,25.6222,14.9933,0.9002,25.55,13,0,2,2,5,0,0,0,,,
a6476489-5d99-45fd-9525-ca9c6cc458eb,Bayou City Monthly February 8th at Oilfield Sports Complex,2026-02-08,4,Stage 4,be20df26-46be-40c3-bcd1-5422f038853c,Joseph Reyes,58,12.02,22,25.54,Limited Optics,U,A127665,MINOR,Distinguished Senior,28.0974,13.2195,0.7937,76.86,17,0,2,0,3,0,0,0,,,
a6476489-5d99-45fd-9525-ca9c6cc458eb,Bayou City Monthly February 8th at Oilfield Sports Complex,2026-02-08,4,Stage 4,be20df26-46be-40c3-bcd1-5422f038853c,Dean Tamban,59,10.88,8,23.01,Open,,,MINOR,,25.3099,11.9720,0.7188,127.99,15,0,5,2,0,0,0,0,,,
a6476489-5d99-45fd-9525-ca9c6cc458eb,Bayou City Monthly February 8th at Oilfield Sports Complex,2026-02-08,4,Stage 4,be20df26-46be-40c3-bcd1-5422f038853c,Charles Bradbury,60,9.74,19,16.65,Carry Optics,,,MINOR,,18.3129,10.7162,0.6434,121.23,19,0,1,0,2,0,0,0,,,
a6476489-5d99-45fd-9525-ca9c6cc458eb,Bayou City Monthly February 8th at Oilfield Sports Complex,2026-02-08,4,Stage 4,be20df26-46be-40c3-bcd1-5422f038853c,Alvin Tuazon,61,9.15,23,19.46,Limited Optics,,,MINOR,,21.4031,10.0700,0.6046,76.08,16,0,2,0,4,0,0,0,,,
a6476489-5d99-45fd-9525-ca9c6cc458eb,Bayou City Monthly February 8th at Oilfield Sports Complex,2026-02-08,4,Stage 4,be20df26-46be-40c3-bcd1-5422f038853c,Ricardo Tuazon,62,7.49,24,15.91,Limited Optics,,,MINOR,,17.5056,8.2362,0.4945,111.23,14,0,5,0,3,0,0,0,,,
a6476489-5d99-45fd-9525-ca9c6cc458eb,Bayou City Monthly February 8th at Oilfield Sports Complex,2026-02-08,4,Stage 4,be20df26-46be-40c3-bcd1-5422f038853c,Shawn Yao,63,6.95,20,11.88,Carry Optics,U,A174846,MINOR,,13.0729,7.6499,0.4593,69.67,12,0,3,3,4,0,0,0,,,
a6476489-5d99-45fd-9525-ca9c6cc458eb,Bayou City Monthly February 8th at Oilfield Sports Complex,2026-02-08,4,Stage 4,be20df26-46be-40c3-bcd1-5422f038853c,Phyl Santos,64,6.32,25,13.44,Limited Optics,A,A155981,MINOR,,14.7797,6.9537,0.4175,19.16,11,0,4,1,6,0,0,0,,,
a6476489-5d99-45fd-9525-ca9c6cc458eb,Bayou City Monthly February 8th at Oilfield Sports Complex,2026-02-08,4,Stage 4,be20df26-46be-40c3-bcd1-5422f038853c,Blaine Newlin,65,4.21,26,8.94,Limited Optics,C,A103350,MINOR,,9.8378,4.6286,0.2779,32.39,18,0,3,0,1,0,0,8,,,
a6476489-5d99-45fd-9525-ca9c6cc458eb,Bayou City Monthly February 8th at Oilfield Sports Complex,2026-02-08,4,Stage 4,be20df26-46be-40c3-bcd1-5422f038853c,Gary Wu,66,2.28,27,4.85,Limited Optics,B,L2998,MINOR,Senior,5.3384,2.5117,0.1508,39.78,11,0,3,2,6,0,0,0,,,
a6476489-5d99-45fd-9525-ca9c6cc458eb,Bayou City Monthly February 8th at Oilfield Sports Complex,2026-02-08,5,Stage 5,791aeae5-2941-4820-9016-19ae52906c3f,Adriel Taylor,1,100.00,1,100.00,Carry Optics,U,A104321,MINOR,,110.0000,110.0000,9.3310,11.36,20,0,2,0,0,0,0,0,,,
a6476489-5d99-45fd-9525-ca9c6cc458eb,Bayou City Monthly February 8th at Oilfield Sports Complex,2026-02-08,5,Stage 5,791aeae5-2941-4820-9016-19ae52906c3f,Christopher Boatcallie,2,97.99,1,100.00,PCC,A,A104118,MINOR,,110.0000,107.7932,9.1438,12.03,22,0,0,0,0,0,0,0,,,
a6476489-5d99-45fd-9525-ca9c6cc458eb,Bayou City Monthly February 8th at Oilfield Sports Complex,2026-02-08,5,Stage 5,791aeae5-2941-4820-9016-19ae52906c3f,Hunter Sparkman,3,96.37,1,100.00,Limited Optics,U,A165234,MINOR,Law Enforcement,110.0000,106.0095,8.9925,12.01,21,0,1,0,0,0,0,0,,,
a6476489-5d99-45fd-9525-ca9c6cc458eb,Bayou City Monthly February 8th at Oilfield Sports Complex,2026-02-08,5,Stage 5,791aeae5-2941-4820-9016-19ae52906c3f,Albert Montanez,4,92.28,2,94.17,PCC,M,TY101554,MINOR,,103.5892,101.5110,8.6109,12.31,20,0,2,0,0,0,0,0,,,
a6476489-5d99-45fd-9525-ca9c6cc458eb,Bayou City Monthly February 8th at Oilfield Sports Complex,2026-02-08,5,Stage 5,791aeae5-2941-4820-9016-19ae52906c3f,Ulrick Fong,5,91.89,3,93.77,PCC,A,A170351,MINOR,Senior,103.1441,101.0748,8.5739,11.43,17,0,4,1,0,0,0,0,,,
a6476489-5d99-45fd-9525-ca9c6cc458eb,Bayou City Monthly February 8th at Oilfield Sports Complex,2026-02-08,5,Stage 5,791aeae5-2941-4820-9016-19ae52906c3f,Roger Feng,6,89.45,2,89.45,Carry Optics,A,A157776,MINOR,,98.4000,98.4000,8.3470,12.22,18,0,4,0,0,0,0,0,,,
a6476489-5d99-45fd-9525-ca9c6cc458eb,Bayou City Monthly February 8th at Oilfield Sports Complex,2026-02-08,5,Stage 5,791aeae5-2941-4820-9016-19ae52906c3f,Ryan Jaw,7,88.64,4,90.46,PCC,U,TY142907,MINOR,,99.5038,97.5076,8.2713,12.09,18,0,3,1,0,0,0,0,,,
a6476489-5d99-45fd-9525-ca9c6cc458eb,Bayou City Monthly February 8th at Oilfield Sports Complex,2026-02-08,5,Stage 5,791aeae5-2941-4820-9016-19ae52906c3f,Yanlin Xiang,8,86.76,2,90.02,Limited Optics,B,A164967,MINOR,,99.0239,95.4316,8.0952,12.60,19,0,2,1,0,0,0,0,,,
a6476489-5d99-45fd-9525-ca9c6cc458eb,Bayou City Monthly February 8th at Oilfield Sports Complex,2026-02-08,5,Stage 5,791aeae5-2941-4820-9016-19ae52906c3f,Jesse Harrington,9,86.28,3,86.28,Carry Optics,A,A153046,MINOR,,94.9046,94.9046,8.0505,12.67,18,0,4,0,0,0,0,0,,,
a6476489-5d99-45fd-9525-ca9c6cc458eb,Bayou City Monthly February 8th at Oilfield Sports Complex,2026-02-08,5,Stage 5,791aeae5-2941-4820-9016-19ae52906c3f,Wade Pruetz,10,85.12,3,88.32,Limited Optics,,TY79055,MINOR,Senior,97.1523,93.6279,7.9422,13.85,22,0,0,0,0,0,0,0,,,
a6476489-5d99-45fd-9525-ca9c6cc458eb,Bayou City Monthly February 8th at Oilfield Sports Complex,2026-02-08,5,Stage 5,791aeae5-2941-4820-9016-19ae52906c3f,Tyler Denmon,11,85.01,4,88.21,Limited Optics,A,A156054,MINOR,,97.0336,93.5136,7.9325,11.85,16,0,4,2,0,0,0,0,,,
a6476489-5d99-45fd-9525-ca9c6cc458eb,Bayou City Monthly February 8th at Oilfield Sports Complex,2026-02-08,5,Stage 5,791aeae5-2941-4820-9016-19ae52906c3f,Travis Mckenzie,12,84.94,1,100.00,Open,A,L6340,MAJOR,,110.0000,93.4299,7.9254,12.87,16,0,5,1,0,0,0,0,,,
a6476489-5d99-45fd-9525-ca9c6cc458eb,Bayou City Monthly February 8th at Oilfield Sports Complex,2026-02-08,5,Stage 5,791aeae5-2941-4820-9016-19ae52906c3f,Joshua Blume,13,82.32,4,82.32,Carry Optics,B,A148746,MINOR,,90.5558,90.5558,7.6816,14.32,22,0,0,0,0,0,0,0,,,
a6476489-5d99-45fd-9525-ca9c6cc458eb,Bayou City Monthly February 8th at Oilfield Sports Complex,2026-02-08,5,Stage 5,791aeae5-2941-4820-9016-19ae52906c3f,Janice Pacleb,14,81.07,2,95.45,Open,B,TY75597,MAJOR,Lady,104.9951,89.1789,7.5648,13.88,17,0,5,0,0,0,0,0,,,
a6476489-5d99-45fd-9525-ca9c6cc458eb,Bayou City Monthly February 8th at Oilfield Sports Complex,2026-02-08,5,Stage 5,791aeae5-2941-4820-9016-19ae52906c3f,Manny Nerona,15,80.20,5,80.20,Carry Optics,B,A69445,MINOR,,88.2204,88.2204,7.4835,13.63,19,0,2,1,0,0,0,0,,,
a6476489-5d99-45fd-9525-ca9c6cc458eb,Bayou City Monthly February 8th at Oilfield Sports Complex,2026-02-08,5,Stage 5,791aeae5-2941-4820-9016-19ae52906c3f,Jorge Cahas,16,80.11,3,94.32,Open,,,MAJOR,Senior,103.7515,88.1226,7.4752,13.11,16,0,3,3,0,0,0,0,,,
a6476489-5d99-45fd-9525-ca9c6cc458eb,Bayou City Monthly February 8th at Oilfield Sports Complex,2026-02-08,5,Stage 5,791aeae5-2941-4820-9016-19ae52906c3f,Daniel Flowers,17,78.78,6,78.78,Carry Optics,B,A157513,MINOR,,86.6573,86.6573,7.3509,14.42,20,0,2,0,0,0,0,0,,,
a6476489-5d99-45fd-9525-ca9c6cc458eb,Bayou City Monthly February 8th at Oilfield Sports Complex,2026-02-08,5,Stage 5,791aeae5-2941-4820-9016-19ae52906c3f,Kenedy Nguyen,18,78.76,5,81.72,Limited Optics,B,A83862,MINOR,,89.8924,86.6313,7.3487,13.88,18,0,4,0,0,0,0,0,,,
a6476489-5d99-45fd-9525-ca9c6cc458eb,Bayou City Monthly February 8th at Oilfield Sports Complex,2026-02-08,5,Stage 5,791aeae5-2941-4820-9016-19ae52906c3f,Blaine Newlin,19,77.94,6,80.88,Limited Optics,C,A103350,MINOR,,88.9627,85.7354,7.2727,14.85,21,0,1,0,0,0,0,0,,,
a6476489-5d99-45fd-9525-ca9c6cc458eb,Bayou City Monthly February 8th at Oilfield Sports Complex,2026-02-08,5,Stage 5,791aeae5-2941-4820-9016-19ae52906c3f,Jay-R delos-Santos,20,76.85,5,78.43,PCC,B,A70297,MINOR,Senior,86.2708,84.5400,7.1713,15.06,21,0,1,0,0,0,0,0,,,
a6476489-5d99-45fd-9525-ca9c6cc458eb,Bayou City Monthly February 8th at Oilfield Sports Complex,2026-02-08,5,Stage 5,791aeae5-2941-4820-9016-19ae52906c3f,Harlan Chen,21,76.22,7,79.09,Limited Optics,B,A163292,MINOR,,87.0018,83.8457,7.1124,14.06,17,0,5,0,0,0,0,0,,,
a6476489-5d99-45fd-9525-ca9c6cc458eb,Bayou City Monthly February 8th at Oilfield Sports Complex,2026-02-08,5,Stage 5,791aeae5-2941-4820-9016-19ae52906c3f,Antonio Tormis,22,76.17,4,89.68,Open,C,A124958,MAJOR,,98.6508,83.7903,7.1077,14.21,17,0,3,2,0,0,0,0,,,
a6476489-5d99-45fd-9525-ca9c6cc458eb,Bayou City Monthly February 8th at Oilfield Sports Complex,2026-02-08,5,Stage 5,791aeae5-2941-4820-9016-19ae52906c3f,Pocholo Dimayuga,23,73.02,7,73.02,Carry Optics,B,A106236,MINOR,,80.3268,80.3268,6.8139,15.85,21,0,1,0,0,0,0,0,,,
a6476489-5d99-45fd-9525-ca9c6cc458eb,Bayou City Monthly February 8th at Oilfield Sports Complex,2026-02-08,5,Stage 5,791aeae5-2941-4820-9016-19ae52906c3f,Lou Lerma,24,71.45,8,74.14,Limited Optics,B,A155846,MINOR,,81.5498,78.5915,6.6667,15.60,19,0,3,0,0,0,0,0,,,
a6476489-5d99-45fd-9525-ca9c6cc458eb,Bayou City Monthly February 8th at Oilfield Sports Complex,2026-02-08,5,Stage 5,791aeae5-2941-4820-9016-19ae52906c3f,Jim Havens,25,69.89,9,72.52,Limited Optics,M,TY114636,MINOR,,79.7761,76.8821,6.5217,13.34,18,0,2,1,1,0,0,0,,,
a6476489-5d99-45fd-9525-ca9c6cc458eb,Bayou City Monthly February 8th at Oilfield Sports Complex,2026-02-08,5,Stage 5,791aeae5-2941-4820-9016-19ae52906c3f,Keaton Mayfield,26,69.47,8,69.47,Carry Optics,A,A147501,MINOR,,76.4212,76.4212,6.4826,16.66,21,0,1,0,0,0,0,0,,,
a6476489-5d99-45fd-9525-ca9c6cc458eb,Bayou City Monthly February 8th at Oilfield Sports Complex,2026-02-08,5,Stage 5,791aeae5-2941-4820-9016-19ae52906c3f,David Zhang,27,68.94,10,71.54,Limited Optics,A,FY140383,MINOR,,78.6936,75.8388,6.4332,12.28,15,0,4,2,1,0,0,0,,,
a6476489-5d99-45fd-9525-ca9c6cc458eb,Bayou City Monthly February 8th at Oilfield Sports Complex,2026-02-08,5,Stage 5,791aeae5-2941-4820-9016-19ae52906c3f,Yulmer Carreno,28,67.37,11,69.90,Limited Optics,B,A157204,MINOR,,76.8942,74.1047,6.2861,15.59,16,0,6,0,0,0,0,0,,,
a6476489-5d99-45fd-9525-ca9c6cc458eb,Bayou City Monthly February 8th at Oilfield Sports Complex,2026-02-08,5,Stage 5,791aeae5-2941-4820-9016-19ae52906c3f,Andrew Quintana,29,63.49,12,65.88,Limited Optics,B,A175263,MINOR,,72.4673,69.8384,5.9242,16.88,18,0,3,1,0,0,0,0,,,
a6476489-5d99-45fd-9525-ca9c6cc458eb,Bayou City Monthly February 8th at Oilfield Sports Complex,2026-02-08,5,Stage 5,791aeae5-2941-4820-9016-19ae52906c3f,Andre Wijaya,30,62.88,9,62.88,Carry Optics,U,A175473,MINOR,,69.1676,69.1676,5.8673,15.68,15,0,5,2,0,0,0,0,,,
a6476489-5d99-45fd-9525-ca9c6cc458eb,Bayou City Monthly February 8th at Oilfield Sports Complex,2026-02-08,5,Stage 5,791aeae5-2941-4820-9016-19ae52906c3f,FRANCIS NGUYEN,31,62.33,10,62.33,Carry Optics,B,A169979,MINOR,,68.5676,68.5676,5.8164,14.27,15,0,6,0,1,0,0,0,,,
a6476489-5d99-45fd-9525-ca9c6cc458eb,Bayou City Monthly February 8th at Oilfield Sports Complex,2026-02-08,5,Stage 5,791aeae5-2941-4820-9016-19ae52906c3f,Judah Harms,32,61.68,13,64.00,Limited Optics,U,TY159115,MINOR,,70.4024,67.8485,5.7554,18.07,19,0,3,0,0,0,0,0,,,
a6476489-5d99-45fd-9525-ca9c6cc458eb,Bayou City Monthly February 8th at Oilfield Sports Complex,2026-02-08,5,Stage 5,791aeae5-2941-4820-9016-19ae52906c3f,Michael Pontious,33,61.22,14,63.52,Limited Optics,B,A94575,MINOR,Super Senior,69.8752,67.3404,5.7123,14.53,16,0,4,1,1,0,0,0,,,
a6476489-5d99-45fd-9525-ca9c6cc458eb,Bayou City Monthly February 8th at Oilfield Sports Complex,2026-02-08,5,Stage 5,791aeae5-2941-4820-9016-19ae52906c3f,Gary Wu,34,60.59,15,62.87,Limited Optics,B,L2998,MINOR,Senior,69.1560,66.6472,5.6535,13.62,14,0,5,2,1,0,0,0,,,
a6476489-5d99-45fd-9525-ca9c6cc458eb,Bayou City Monthly February 8th at Oilfield Sports Complex,2026-02-08,5,Stage 5,791aeae5-2941-4820-9016-19ae52906c3f,Taylor Latham,35,59.54,1,100.00,Limited,X,TY39841,MINOR,Senior,110.0000,65.4931,5.5556,18.36,18,0,4,0,0,0,0,0,,,
a6476489-5d99-45fd-9525-ca9c6cc458eb,Bayou City Monthly February 8th at Oilfield Sports Complex,2026-02-08,5,Stage 5,791aeae5-2941-4820-9016-19ae52906c3f,Virak Meas,36,59.47,5,70.02,Open,D,A155576,MINOR,Senior,77.0253,65.4224,5.5496,18.74,19,0,3,0,0,0,0,0,,,
a6476489-5d99-45fd-9525-ca9c6cc458eb,Bayou City Monthly February 8th at Oilfield Sports Complex,2026-02-08,5,Stage 5,791aeae5-2941-4820-9016-19ae52906c3f,"Byron ""GhostDeadeye"" McGowen",37,58.52,11,58.52,Carry Optics,C,A159731,MINOR,Military,64.3673,64.3673,5.4601,19.78,21,0,1,0,0,0,0,0,,,
a6476489-5d99-45fd-9525-ca9c6cc458eb,Bayou City Monthly February 8th at Oilfield Sports Complex,2026-02-08,5,Stage 5,791aeae5-2941-4820-9016-19ae52906c3f,Isaac Robledo,38,58.19,12,58.19,Carry Optics,B,A156101,MINOR,,64.0054,64.0054,5.4294,18.05,18,0,2,2,0,0,0,0,,,
a6476489-5d99-45fd-9525-ca9c6cc458eb,Bayou City Monthly February 8th at Oilfield Sports Complex,2026-02-08,5,Stage 5,791aeae5-2941-4820-9016-19ae52906c3f,Cliff Pinsent,39,58.11,16,60.30,Limited Optics,B,FY99321,MINOR,Distinguished Senior,66.3315,63.9252,5.4226,18.81,19,0,2,1,0,0,0,0,,,
a6476489-5d99-45fd-9525-ca9c6cc458eb,Bayou City Monthly February 8th at Oilfield Sports Complex,2026-02-08,5,Stage 5,791aeae5-2941-4820-9016-19ae52906c3f,Kevin Baker,40,58.09,17,60.28,Limited Optics,C,A95439,MINOR,Senior,66.3046,63.8993,5.4204,18.08,16,0,6,0,0,0,0,0,,,
a6476489-5d99-45fd-9525-ca9c6cc458eb,Bayou City Monthly February 8th at Oilfield Sports Complex,2026-02-08,5,Stage 5,791aeae5-2941-4820-9016-19ae52906c3f,ronald Gillory,41,57.25,6,58.43,PCC,B,TY83291,MINOR,,64.2691,62.9797,5.3424,20.59,22,0,0,0,0,0,0,0,,,
a6476489-5d99-45fd-9525-ca9c6cc458eb,Bayou City Monthly February 8th at Oilfield Sports Complex,2026-02-08,5,Stage 5,791aeae5-2941-4820-9016-19ae52906c3f,Mervs Castillon,42,57.20,18,59.35,Limited Optics,,,MINOR,Senior,65.2832,62.9149,5.3369,14.99,11,0,7,4,0,0,0,0,,,
a6476489-5d99-45fd-9525-ca9c6cc458eb,Bayou City Monthly February 8th at Oilfield Sports Complex,2026-02-08,5,Stage 5,791aeae5-2941-4820-9016-19ae52906c3f,Eric Wu,43,55.11,19,57.19,Limited Optics,B,FY104740,MINOR,Senior,62.9052,60.6232,5.1425,16.14,20,0,1,0,1,0,1,0,,,
a6476489-5d99-45fd-9525-ca9c6cc458eb,Bayou City Monthly February 8th at Oilfield Sports Complex,2026-02-08,5,Stage 5,791aeae5-2941-4820-9016-19ae52906c3f,Timoteo Gonzales,44,54.25,6,63.87,Open,,,MINOR,,70.2590,59.6754,5.0621,20.94,20,0,2,0,0,0,0,0,,,
a6476489-5d99-45fd-9525-ca9c6cc458eb,Bayou City Monthly February 8th at Oilfield Sports Complex,2026-02-08,5,Stage 5,791aeae5-2941-4820-9016-19ae52906c3f,James “JimO” O'Flaherty,45,53.25,20,55.25,Limited Optics,B,FY100318,MINOR,Senior; Law Enforcement,60.7743,58.5696,4.9683,18.92,14,0,8,0,0,0,0,0,,,
a6476489-5d99-45fd-9525-ca9c6cc458eb,Bayou City Monthly February 8th at Oilfield Sports Complex,2026-02-08,5,Stage 5,791aeae5-2941-4820-9016-19ae52906c3f,Charles Bradbury,46,51.14,13,51.14,Carry Optics,,,MINOR,,56.2508,56.2508,4.7716,19.70,15,0,6,1,0,0,0,0,,,
a6476489-5d99-45fd-9525-ca9c6cc458eb,Bayou City Monthly February 8th at Oilfield Sports Complex,2026-02-08,5,Stage 5,791aeae5-2941-4820-9016-19ae52906c3f,Ignacio Caoagas jr,47,50.58,14,50.58,Carry Optics,C,A170038,MINOR,,55.6331,55.6331,4.7192,21.19,17,0,5,0,0,0,0,0,,,
a6476489-5d99-45fd-9525-ca9c6cc458eb,Bayou City Monthly February 8th at Oilfield Sports Complex,2026-02-08,5,Stage 5,791aeae5-2941-4820-9016-19ae52906c3f,james wood,48,50.38,21,52.28,Limited Optics,U,A162399,MINOR,Super Senior,57.5034,55.4173,4.7009,23.40,22,0,0,0,0,0,0,0,,,
a6476489-5d99-45fd-9525-ca9c6cc458eb,Bayou City Monthly February 8th at Oilfield Sports Complex,2026-02-08,5,Stage 5,791aeae5-2941-4820-9016-19ae52906c3f,Coder Wang,49,50.05,7,51.08,PCC,B,A170259,MINOR,,56.1838,55.0566,4.6703,21.84,18,0,4,0,0,0,0,0,,,
a6476489-5d99-45fd-9525-ca9c6cc458eb,Bayou City Monthly February 8th at Oilfield Sports Complex,2026-02-08,5,Stage 5,791aeae5-2941-4820-9016-19ae52906c3f,Joseph Reyes,50,49.63,22,51.50,Limited Optics,U,A127665,MINOR,Distinguished Senior,56.6459,54.5909,4.6308,22.89,20,0,2,0,0,0,0,0,,,
a6476489-5d99-45fd-9525-ca9c6cc458eb,Bayou City Monthly February 8th at Oilfield Sports Complex,2026-02-08,5,Stage 5,791aeae5-2941-4820-9016-19ae52906c3f,Grant Nixon,51,47.05,15,47.05,Carry Optics,B,A172934,MINOR,,51.7546,51.7546,4.3902,24.60,21,0,1,0,0,0,0,0,,,
a6476489-5d99-45fd-9525-ca9c6cc458eb,Bayou City Monthly February 8th at Oilfield Sports Complex,2026-02-08,5,Stage 5,791aeae5-2941-4820-9016-19ae52906c3f,Ty Lerma,52,44.50,16,44.50,Carry Optics,,,MINOR,,48.9465,48.9465,4.1520,25.53,20,0,2,0,0,0,0,0,,,
a6476489-5d99-45fd-9525-ca9c6cc458eb,Bayou City Monthly February 8th at Oilfield Sports Complex,2026-02-08,5,Stage 5,791aeae5-2941-4820-9016-19ae52906c3f,Mark Lutzel,53,43.60,7,51.33,Open,D,TY101009,MINOR,Super Senior,56.4601,47.9551,4.0679,22.37,19,0,2,0,1,0,0,0,,,
a6476489-5d99-45fd-9525-ca9c6cc458eb,Bayou City Monthly February 8th at Oilfield Sports Complex,2026-02-08,5,Stage 5,791aeae5-2941-4820-9016-19ae52906c3f,Trevor Symons,54,42.90,23,44.52,Limited Optics,U,A172350,MINOR,,48.9688,47.1924,4.0032,24.98,17,0,5,0,0,0,0,0,,,
a6476489-5d99-45fd-9525-ca9c6cc458eb,Bayou City Monthly February 8th at Oilfield Sports Complex,2026-02-08,5,Stage 5,791aeae5-2941-4820-9016-19ae52906c3f,Shawn Yao,55,42.62,17,42.62,Carry Optics,U,A174846,MINOR,,46.8788,46.8788,3.9766,25.65,18,0,4,0,0,0,0,0,,,
a6476489-5d99-45fd-9525-ca9c6cc458eb,Bayou City Monthly February 8th at Oilfield Sports Complex,2026-02-08,5,Stage 5,791aeae5-2941-4820-9016-19ae52906c3f,Tommy Ruggiero,56,40.52,18,40.52,Carry Optics,,,MINOR,,44.5729,44.5729,3.7810,25.39,15,0,7,0,0,0,0,0,,,
a6476489-5d99-45fd-9525-ca9c6cc458eb,Bayou City Monthly February 8th at Oilfield Sports Complex,2026-02-08,5,Stage 5,791aeae5-2941-4820-9016-19ae52906c3f,Alvin Tuazon,57,38.11,24,39.55,Limited Optics,,,MINOR,,43.4997,41.9217,3.5561,23.34,16,0,4,1,1,0,0,0,,,
a6476489-5d99-45fd-9525-ca9c6cc458eb,Bayou City Monthly February 8th at Oilfield Sports Complex,2026-02-08,5,Stage 5,791aeae5-2941-4820-9016-19ae52906c3f,Chris Ballerd,58,35.49,25,36.83,Limited Optics,U,A178189,MINOR,,40.5076,39.0382,3.3115,32.01,20,0,2,0,0,0,0,0,,,
a6476489-5d99-45fd-9525-ca9c6cc458eb,Bayou City Monthly February 8th at Oilfield Sports Complex,2026-02-08,5,Stage 5,791aeae5-2941-4820-9016-19ae52906c3f,Eric “BALTIK” Esico,59,33.98,1,100.00,Single Stack,C,TY150782,MINOR,,110.0000,37.3795,3.1708,33.43,20,0,2,0,0,0,0,0,,,
a6476489-5d99-45fd-9525-ca9c6cc458eb,Bayou City Monthly February 8th at Oilfield Sports Complex,2026-02-08,5,Stage 5,791aeae5-2941-4820-9016-19ae52906c3f,Dean Tamban,60,33.68,8,39.66,Open,,,MINOR,,43.6244,37.0529,3.1431,27.68,18,0,2,1,1,0,0,0,,,
a6476489-5d99-45fd-9525-ca9c6cc458eb,Bayou City Monthly February 8th at Oilfield Sports Complex,2026-02-08,5,Stage 5,791aeae5-2941-4820-9016-19ae52906c3f,David Hruzek,61,31.41,8,32.05,PCC,D,A100909,MINOR,Super Senior,35.2600,34.5526,2.9310,23.20,19,0,1,0,2,0,0,1,,,
a6476489-5d99-45fd-9525-ca9c6cc458eb,Bayou City Monthly February 8th at Oilfield Sports Complex,2026-02-08,5,Stage 5,791aeae5-2941-4820-9016-19ae52906c3f,Phyl Santos,62,27.32,26,28.35,Limited Optics,A,A155981,MINOR,,31.1817,30.0505,2.5491,18.83,12,0,5,3,2,0,1,0,,,
a6476489-5d99-45fd-9525-ca9c6cc458eb,Bayou City Monthly February 8th at Oilfield Sports Complex,2026-02-08,5,Stage 5,791aeae5-2941-4820-9016-19ae52906c3f,John Del Toro,63,27.24,2,45.75,Limited,C,A107511,MINOR,Distinguished Senior,50.3233,29.9621,2.5416,34.23,19,0,0,2,1,0,0,0,,,
a6476489-5d99-45fd-9525-ca9c6cc458eb,Bayou City Monthly February 8th at Oilfield Sports Complex,2026-02-08,5,Stage 5,791aeae5-2941-4820-9016-19ae52906c3f,Ricardo Tuazon,64,25.65,27,26.62,Limited Optics,,,MINOR,,29.2783,28.2162,2.3935,28.41,19,0,1,0,2,0,0,1,,,
a6476489-5d99-45fd-9525-ca9c6cc458eb,Bayou City Monthly February 8th at Oilfield Sports Complex,2026-02-08,5,Stage 5,791aeae5-2941-4820-9016-19ae52906c3f,Ricardo Ramos,65,21.84,19,21.84,Carry Optics,U,A174323,MINOR,,24.0288,24.0288,2.0383,24.53,15,0,5,0,2,0,0,2,,,
a6476489-5d99-45fd-9525-ca9c6cc458eb,Bayou City Monthly February 8th at Oilfield Sports Complex,2026-02-08,5,Stage 5,791aeae5-2941-4820-9016-19ae52906c3f,Sonny Somera,66,14.42,20,14.42,Carry Optics,D,A118611,MINOR,,15.8664,15.8664,1.3459,44.58,20,0,0,0,2,0,0,2,,,
a6476489-5d99-45fd-9525-ca9c6cc458eb,Bayou City Monthly February 8th at Oilfield Sports Complex,2026-02-08,6,,4fc8e743-ebad-46f8-b204-db5e5b702609,Albert Montanez,1,100.00,1,100.00,PCC,M,TY101554,MINOR,,120.0000,120.0000,9.8224,,12,0,11,1,0,0,0,0,,,"[5.01, 4.56]"
a6476489-5d99-45fd-9525-ca9c6cc458eb,Bayou City Monthly February 8th at Oilfield Sports Complex,2026-02-08,6,,4fc8e743-ebad-46f8-b204-db5e5b702609,Ulrick Fong,2,80.08,2,80.08,PCC,A,A170351,MINOR,Senior,96.0987,96.0987,7.8660,,18,0,6,0,0,0,0,0,,,"[6.20, 7.53]"
a6476489-5d99-45fd-9525-ca9c6cc458eb,Bayou City Monthly February 8th at Oilfield Sports Complex,2026-02-08,6,,4fc8e743-ebad-46f8-b204-db5e5b702609,Coder Wang,3,78.84,3,78.84,PCC,B,A170259,MINOR,,94.6070,94.6070,7.7439,,18,0,4,2,0,0,0,0,,,"[6.30, 7.13]"
a6476489-5d99-45fd-9525-ca9c6cc458eb,Bayou City Monthly February 8th at Oilfield Sports Complex,2026-02-08,6,,4fc8e743-ebad-46f8-b204-db5e5b702609,Christopher Boatcallie,4,72.13,4,72.13,PCC,A,A104118,MINOR,,86.5560,86.5560,7.0849,,15,0,6,3,0,0,0,0,,,"[6.07, 7.48]"
a6476489-5d99-45fd-9525-ca9c6cc458eb,Bayou City Monthly February 8th at Oilfield Sports Complex,2026-02-08,6,,4fc8e743-ebad-46f8-b204-db5e5b702609,Travis Mckenzie,5,69.92,1,100.00,Open,A,L6340,MAJOR,,120.0000,83.9001,6.8675,,18,0,6,0,0,0,0,0,,,"[6.93, 9.67]"
a6476489-5d99-45fd-9525-ca9c6cc458eb,Bayou City Monthly February 8th at Oilfield Sports Complex,2026-02-08,6,,4fc8e743-ebad-46f8-b204-db5e5b702609,Hunter Sparkman,6,65.37,1,100.00,Limited Optics,U,A165234,MINOR,Law Enforcement,120.0000,78.4427,6.4208,,13,0,9,2,0,0,0,0,,,"[7.29, 7.35]"
a6476489-5d99-45fd-9525-ca9c6cc458eb,Bayou City Monthly February 8th at Oilfield Sports Complex,2026-02-08,6,,4fc8e743-ebad-46f8-b204-db5e5b702609,Jorge Cahas,7,64.03,2,91.58,Open,,,MAJOR,Senior,109.8968,76.8362,6.2893,,16,0,7,1,0,0,0,0,,,"[8.44, 9.05]"
a6476489-5d99-45fd-9525-ca9c6cc458eb,Bayou City Monthly February 8th at Oilfield Sports Complex,2026-02-08,6,,4fc8e743-ebad-46f8-b204-db5e5b702609,Joshua Blume,8,62.85,1,100.00,Carry Optics,B,A148746,MINOR,,120.0000,75.4227,6.1736,,13,0,10,1,0,0,0,0,,,"[8.83, 6.72]"
a6476489-5d99-45fd-9525-ca9c6cc458eb,Bayou City Monthly February 8th at Oilfield Sports Complex,2026-02-08,6,,4fc8e743-ebad-46f8-b204-db5e5b702609,Ryan Jaw,9,61.52,5,61.52,PCC,U,TY142907,MINOR,,73.8235,73.8235,6.0427,,10,0,14,0,0,0,0,1,,,"[7.25, 6.32]"
a6476489-5d99-45fd-9525-ca9c6cc458eb,Bayou City Monthly February 8th at Oilfield Sports Complex,2026-02-08,6,,4fc8e743-ebad-46f8-b204-db5e5b702609,Michael Pontious,10,58.97,2,90.21,Limited Optics,B,A94575,MINOR,Super Senior,108.2538,70.7644,5.7923,,17,0,7,0,0,0,0,0,,,"[8.79, 9.51]"
a6476489-5d99-45fd-9525-ca9c6cc458eb,Bayou City Monthly February 8th at Oilfield Sports Complex,2026-02-08,6,,4fc8e743-ebad-46f8-b204-db5e5b702609,Keaton Mayfield,11,56.12,2,89.29,Carry Optics,A,A147501,MINOR,,107.1537,67.3485,5.5127,,14,0,10,0,0,0,0,0,,,"[8.03, 10.11]"
a6476489-5d99-45fd-9525-ca9c6cc458eb,Bayou City Monthly February 8th at Oilfield Sports Complex,2026-02-08,6,,4fc8e743-ebad-46f8-b204-db5e5b702609,ronald Gillory,12,55.48,6,55.48,PCC,B,TY83291,MINOR,,66.5703,66.5703,5.4490,,18,0,6,0,0,0,0,0,,,"[10.37, 9.45]"
a6476489-5d99-45fd-9525-ca9c6cc458eb,Bayou City Monthly February 8th at Oilfield Sports Complex,2026-02-08,6,,4fc8e743-ebad-46f8-b204-db5e5b702609,Jim Havens,13,54.29,3,83.05,Limited Optics,M,TY114636,MINOR,,99.6605,65.1470,5.3325,,14,0,8,1,1,0,0,0,,,"[7.56, 8.38]"
a6476489-5d99-45fd-9525-ca9c6cc458eb,Bayou City Monthly February 8th at Oilfield Sports Complex,2026-02-08,6,,4fc8e743-ebad-46f8-b204-db5e5b702609,Andrew Quintana,14,51.82,4,79.27,Limited Optics,B,A175263,MINOR,,95.1209,62.1795,5.0896,,9,0,14,1,0,0,0,0,,,"[8.14, 9.15]"
a6476489-5d99-45fd-9525-ca9c6cc458eb,Bayou City Monthly February 8th at Oilfield Sports Complex,2026-02-08,6,,4fc8e743-ebad-46f8-b204-db5e5b702609,Wade Pruetz,15,50.81,5,77.72,Limited Optics,,TY79055,MINOR,Senior,93.2669,60.9676,4.9904,,16,0,8,0,0,0,0,0,,,"[9.99, 10.85]"
a6476489-5d99-45fd-9525-ca9c6cc458eb,Bayou City Monthly February 8th at Oilfield Sports Complex,2026-02-08,6,,4fc8e743-ebad-46f8-b204-db5e5b702609,FRANCIS NGUYEN,16,49.77,3,79.18,Carry Optics,B,A169979,MINOR,,95.0149,59.7190,4.8882,,13,0,9,2,0,0,0,0,,,"[10.37, 8.86]"
a6476489-5d99-45fd-9525-ca9c6cc458eb,Bayou City Monthly February 8th at Oilfield Sports Complex,2026-02-08,6,,4fc8e743-ebad-46f8-b204-db5e5b702609,Manny Nerona,17,49.41,4,78.62,Carry Optics,B,A69445,MINOR,,94.3404,59.2951,4.8535,,17,0,7,0,0,0,0,0,,,"[10.76, 11.08]"
a6476489-5d99-45fd-9525-ca9c6cc458eb,Bayou City Monthly February 8th at Oilfield Sports Complex,2026-02-08,6,,4fc8e743-ebad-46f8-b204-db5e5b702609,Lou Lerma,18,49.40,6,75.57,Limited Optics,B,A155846,MINOR,,90.6896,59.2829,4.8525,,16,0,7,1,0,0,0,0,,,"[9.58, 11.44]"
a6476489-5d99-45fd-9525-ca9c6cc458eb,Bayou City Monthly February 8th at Oilfield Sports Complex,2026-02-08,6,,4fc8e743-ebad-46f8-b204-db5e5b702609,Pocholo Dimayuga,19,49.36,5,78.53,Carry Optics,B,A106236,MINOR,,94.2316,59.2267,4.8479,,12,0,11,1,0,0,0,0,,,"[9.25, 10.14]"
a6476489-5d99-45fd-9525-ca9c6cc458eb,Bayou City Monthly February 8th at Oilfield Sports Complex,2026-02-08,6,,4fc8e743-ebad-46f8-b204-db5e5b702609,Virak Meas,20,48.20,3,68.94,Open,D,A155576,MINOR,Senior,82.7253,57.8388,4.7343,,14,0,9,1,0,0,0,0,,,"[9.53, 11.17]"
a6476489-5d99-45fd-9525-ca9c6cc458eb,Bayou City Monthly February 8th at Oilfield Sports Complex,2026-02-08,6,,4fc8e743-ebad-46f8-b204-db5e5b702609,Mark Lutzel,21,47.60,4,68.08,Open,D,TY101009,MINOR,Super Senior,81.6909,57.1156,4.6751,,15,0,8,1,0,0,0,0,,,"[10.78, 10.61]"
a6476489-5d99-45fd-9525-ca9c6cc458eb,Bayou City Monthly February 8th at Oilfield Sports Complex,2026-02-08,6,,4fc8e743-ebad-46f8-b204-db5e5b702609,Yulmer Carreno,22,46.08,7,70.49,Limited Optics,B,A157204,MINOR,,84.5932,55.2977,4.5263,,10,0,11,3,0,0,0,0,,,"[9.08, 9.92]"
a6476489-5d99-45fd-9525-ca9c6cc458eb,Bayou City Monthly February 8th at Oilfield Sports Complex,2026-02-08,6,,4fc8e743-ebad-46f8-b204-db5e5b702609,Taylor Latham,23,46.06,1,100.00,Limited,X,TY39841,MINOR,Senior,120.0000,55.2720,4.5242,,14,0,9,0,1,0,0,0,,,"[9.46, 9.77]"
a6476489-5d99-45fd-9525-ca9c6cc458eb,Bayou City Monthly February 8th at Oilfield Sports Complex,2026-02-08,6,,4fc8e743-ebad-46f8-b204-db5e5b702609,Roger Feng,24,44.26,6,70.43,Carry Optics,A,A157776,MINOR,,84.5108,53.1170,4.3478,,15,0,5,2,2,0,0,0,,,"[9.37, 7.19]"
a6476489-5d99-45fd-9525-ca9c6cc458eb,Bayou City Monthly February 8th at Oilfield Sports Complex,2026-02-08,6,,4fc8e743-ebad-46f8-b204-db5e5b702609,Tyler Denmon,25,43.90,8,67.16,Limited Optics,A,A156054,MINOR,,80.5937,52.6833,4.3123,,18,0,5,0,1,0,0,0,,,"[7.40, 14.63]"
a6476489-5d99-45fd-9525-ca9c6cc458eb,Bayou City Monthly February 8th at Oilfield Sports Complex,2026-02-08,6,,4fc8e743-ebad-46f8-b204-db5e5b702609,Andre Wijaya,26,43.40,7,69.05,Carry Optics,U,A175473,MINOR,,82.8547,52.0761,4.2626,,15,0,7,1,1,0,0,0,,,"[9.12, 11.29]"
a6476489-5d99-45fd-9525-ca9c6cc458eb,Bayou City Monthly February 8th at Oilfield Sports Complex,2026-02-08,6,,4fc8e743-ebad-46f8-b204-db5e5b702609,Yanlin Xiang,27,42.76,9,65.41,Limited Optics,B,A164967,MINOR,,78.4930,51.3101,4.1999,,13,0,7,3,1,0,0,0,,,"[9.17, 9.64]"
a6476489-5d99-45fd-9525-ca9c6cc458eb,Bayou City Monthly February 8th at Oilfield Sports Complex,2026-02-08,6,,4fc8e743-ebad-46f8-b204-db5e5b702609,Cliff Pinsent,28,42.69,10,65.31,Limited Optics,B,FY99321,MINOR,Distinguished Senior,78.3715,51.2307,4.1934,,15,0,7,2,0,0,0,0,,,"[11.55, 11.82]"
a6476489-5d99-45fd-9525-ca9c6cc458eb,Bayou City Monthly February 8th at Oilfield Sports Complex,2026-02-08,6,,4fc8e743-ebad-46f8-b204-db5e5b702609,james wood,29,42.47,11,64.96,Limited Optics,U,A162399,MINOR,Super Senior,77.9566,50.9594,4.1712,,21,0,3,0,0,0,0,0,,,"[13.61, 13.72]"
a6476489-5d99-45fd-9525-ca9c6cc458eb,Bayou City Monthly February 8th at Oilfield Sports Complex,2026-02-08,6,,4fc8e743-ebad-46f8-b204-db5e5b702609,Charles Bradbury,30,42.31,8,67.32,Carry Optics,,,MINOR,,80.7885,50.7774,4.1563,,15,0,8,1,0,0,0,0,,,"[10.47, 13.59]"
a6476489-5d99-45fd-9525-ca9c6cc458eb,Bayou City Monthly February 8th at Oilfield Sports Complex,2026-02-08,6,,4fc8e743-ebad-46f8-b204-db5e5b702609,Jay-R delos-Santos,31,41.52,7,41.52,PCC,B,A70297,MINOR,Senior,49.8294,49.8294,4.0787,,20,0,4,0,0,0,0,0,,,"[9.61, 17.85]"
a6476489-5d99-45fd-9525-ca9c6cc458eb,Bayou City Monthly February 8th at Oilfield Sports Complex,2026-02-08,6,,4fc8e743-ebad-46f8-b204-db5e5b702609,Isaac Robledo,32,41.31,9,65.73,Carry Optics,B,A156101,MINOR,,78.8739,49.5740,4.0578,,9,0,12,2,1,0,0,0,,,"[8.52, 9.47]"
a6476489-5d99-45fd-9525-ca9c6cc458eb,Bayou City Monthly February 8th at Oilfield Sports Complex,2026-02-08,6,,4fc8e743-ebad-46f8-b204-db5e5b702609,Antonio Tormis,33,41.12,5,58.81,Open,C,A124958,MAJOR,,70.5707,49.3407,4.0387,,16,0,6,1,1,0,0,0,,,"[11.08, 12.69]"
a6476489-5d99-45fd-9525-ca9c6cc458eb,Bayou City Monthly February 8th at Oilfield Sports Complex,2026-02-08,6,,4fc8e743-ebad-46f8-b204-db5e5b702609,James “JimO” O'Flaherty,34,40.99,12,62.71,Limited Optics,B,FY100318,MINOR,Senior; Law Enforcement,75.2486,49.1892,4.0263,,12,0,10,2,0,0,0,0,,,"[10.37, 12.48]"
a6476489-5d99-45fd-9525-ca9c6cc458eb,Bayou City Monthly February 8th at Oilfield Sports Complex,2026-02-08,6,,4fc8e743-ebad-46f8-b204-db5e5b702609,Jesse Harrington,35,40.31,10,64.14,Carry Optics,A,A153046,MINOR,,76.9710,48.3780,3.9599,,12,0,9,2,1,0,0,0,,,"[9.30, 10.65]"
a6476489-5d99-45fd-9525-ca9c6cc458eb,Bayou City Monthly February 8th at Oilfield Sports Complex,2026-02-08,6,,4fc8e743-ebad-46f8-b204-db5e5b702609,Ty Lerma,36,38.10,11,60.62,Carry Optics,,,MINOR,,72.7472,45.7232,3.7426,,9,0,11,4,0,0,0,0,,,"[11.51, 10.40]"
a6476489-5d99-45fd-9525-ca9c6cc458eb,Bayou City Monthly February 8th at Oilfield Sports Complex,2026-02-08,6,,4fc8e743-ebad-46f8-b204-db5e5b702609,Phyl Santos,37,37.95,13,58.06,Limited Optics,A,A155981,MINOR,,69.6661,45.5400,3.7276,,13,0,8,2,1,0,0,0,,,"[8.87, 12.86]"
a6476489-5d99-45fd-9525-ca9c6cc458eb,Bayou City Monthly February 8th at Oilfield Sports Complex,2026-02-08,6,,4fc8e743-ebad-46f8-b204-db5e5b702609,Blaine Newlin,38,37.00,14,56.59,Limited Optics,C,A103350,MINOR,,67.9130,44.3940,3.6338,,12,0,8,3,1,0,0,0,,,"[8.85, 12.34]"
a6476489-5d99-45fd-9525-ca9c6cc458eb,Bayou City Monthly February 8th at Oilfield Sports Complex,2026-02-08,6,,4fc8e743-ebad-46f8-b204-db5e5b702609,Janice Pacleb,39,36.41,6,52.07,Open,B,TY75597,MAJOR,Lady,62.4891,43.6903,3.5762,,14,0,8,2,0,0,0,0,,,"[9.61, 20.03]"
a6476489-5d99-45fd-9525-ca9c6cc458eb,Bayou City Monthly February 8th at Oilfield Sports Complex,2026-02-08,6,,4fc8e743-ebad-46f8-b204-db5e5b702609,Ricardo Ramos,40,32.18,12,51.20,Carry Optics,U,A174323,MINOR,,61.4364,38.6142,3.1607,,15,0,5,4,0,0,0,0,,,"[14.42, 15.32]"
a6476489-5d99-45fd-9525-ca9c6cc458eb,Bayou City Monthly February 8th at Oilfield Sports Complex,2026-02-08,6,,4fc8e743-ebad-46f8-b204-db5e5b702609,David Zhang,41,31.72,15,48.53,Limited Optics,A,FY140383,MINOR,,58.2376,38.0693,3.1161,,13,0,6,3,2,0,0,0,,,"[10.48, 10.70]"
a6476489-5d99-45fd-9525-ca9c6cc458eb,Bayou City Monthly February 8th at Oilfield Sports Complex,2026-02-08,6,,4fc8e743-ebad-46f8-b204-db5e5b702609,Kenedy Nguyen,42,31.52,16,48.23,Limited Optics,B,A83862,MINOR,,57.8713,37.8299,3.0965,,9,0,9,6,0,0,0,0,,,"[14.64, 10.55]"
a6476489-5d99-45fd-9525-ca9c6cc458eb,Bayou City Monthly February 8th at Oilfield Sports Complex,2026-02-08,6,,4fc8e743-ebad-46f8-b204-db5e5b702609,Harlan Chen,43,31.21,17,47.74,Limited Optics,B,A163292,MINOR,,57.2938,37.4524,3.0656,,11,0,7,5,1,0,0,0,,,"[11.10, 12.06]"
a6476489-5d99-45fd-9525-ca9c6cc458eb,Bayou City Monthly February 8th at Oilfield Sports Complex,2026-02-08,6,,4fc8e743-ebad-46f8-b204-db5e5b702609,Joseph Reyes,44,31.16,18,47.66,Limited Optics,U,A127665,MINOR,Distinguished Senior,57.1947,37.3876,3.0603,,11,0,7,5,1,0,0,0,,,"[10.77, 12.43]"
a6476489-5d99-45fd-9525-ca9c6cc458eb,Bayou City Monthly February 8th at Oilfield Sports Complex,2026-02-08,6,,4fc8e743-ebad-46f8-b204-db5e5b702609,Grant Nixon,45,30.26,13,48.15,Carry Optics,B,A172934,MINOR,,57.7783,36.3150,2.9725,,13,0,8,2,1,0,0,0,,,"[15.17, 12.08]"
a6476489-5d99-45fd-9525-ca9c6cc458eb,Bayou City Monthly February 8th at Oilfield Sports Complex,2026-02-08,6,,4fc8e743-ebad-46f8-b204-db5e5b702609,Trevor Symons,46,30.14,19,46.10,Limited Optics,U,A172350,MINOR,,55.3258,36.1659,2.9603,,8,0,14,1,1,0,0,0,,,"[11.68, 12.98]"
a6476489-5d99-45fd-9525-ca9c6cc458eb,Bayou City Monthly February 8th at Oilfield Sports Complex,2026-02-08,6,,4fc8e743-ebad-46f8-b204-db5e5b702609,Adriel Taylor,47,30.10,14,47.89,Carry Optics,U,A104321,MINOR,,57.4653,36.1183,2.9564,,7,0,8,8,1,0,0,0,,,"[9.53, 9.75]"
a6476489-5d99-45fd-9525-ca9c6cc458eb,Bayou City Monthly February 8th at Oilfield Sports Complex,2026-02-08,6,,4fc8e743-ebad-46f8-b204-db5e5b702609,Sonny Somera,48,29.30,15,46.61,Carry Optics,D,A118611,MINOR,,55.9356,35.1568,2.8777,,12,0,10,2,0,0,0,0,,,"[16.71, 15.26]"
a6476489-5d99-45fd-9525-ca9c6cc458eb,Bayou City Monthly February 8th at Oilfield Sports Complex,2026-02-08,6,,4fc8e743-ebad-46f8-b204-db5e5b702609,Daniel Flowers,49,29.19,16,46.44,Carry Optics,B,A157513,MINOR,,55.7276,35.0261,2.8670,,12,0,4,6,2,0,0,0,,,"[8.84, 11.39]"
a6476489-5d99-45fd-9525-ca9c6cc458eb,Bayou City Monthly February 8th at Oilfield Sports Complex,2026-02-08,6,,4fc8e743-ebad-46f8-b204-db5e5b702609,John Del Toro,50,28.83,2,62.60,Limited,C,A107511,MINOR,Distinguished Senior,75.1187,34.5997,2.8321,,19,0,5,0,0,0,0,0,,,"[19.48, 19.36]"
a6476489-5d99-45fd-9525-ca9c6cc458eb,Bayou City Monthly February 8th at Oilfield Sports Complex,2026-02-08,6,,4fc8e743-ebad-46f8-b204-db5e5b702609,"Byron ""GhostDeadeye"" McGowen",51,28.29,17,45.01,Carry Optics,C,A159731,MINOR,Military,54.0132,33.9485,2.7788,,12,0,12,0,0,0,0,2,,,"[15.13, 12.22]"
a6476489-5d99-45fd-9525-ca9c6cc458eb,Bayou City Monthly February 8th at Oilfield Sports Complex,2026-02-08,6,,4fc8e743-ebad-46f8-b204-db5e5b702609,Eric “BALTIK” Esico,52,28.20,1,100.00,Single Stack,C,TY150782,MINOR,,120.0000,33.8374,2.7697,,12,0,9,0,3,0,0,0,,,"[10.26, 10.32]"
a6476489-5d99-45fd-9525-ca9c6cc458eb,Bayou City Monthly February 8th at Oilfield Sports Complex,2026-02-08,6,,4fc8e743-ebad-46f8-b204-db5e5b702609,Shawn Yao,53,28.13,18,44.75,Carry Optics,U,A174846,MINOR,,53.6983,33.7506,2.7626,,13,0,10,1,0,0,0,0,,,"[16.22, 18.53]"
a6476489-5d99-45fd-9525-ca9c6cc458eb,Bayou City Monthly February 8th at Oilfield Sports Complex,2026-02-08,6,,4fc8e743-ebad-46f8-b204-db5e5b702609,Alvin Tuazon,54,28.12,20,43.01,Limited Optics,,,MINOR,,51.6160,33.7408,2.7618,,13,0,6,4,1,0,0,0,,,"[13.96, 13.92]"
a6476489-5d99-45fd-9525-ca9c6cc458eb,Bayou City Monthly February 8th at Oilfield Sports Complex,2026-02-08,6,,4fc8e743-ebad-46f8-b204-db5e5b702609,Chris Ballerd,55,26.85,21,41.08,Limited Optics,U,A178189,MINOR,,49.2911,32.2210,2.6374,,18,0,6,0,0,0,0,0,,,"[18.33, 22.62]"
a6476489-5d99-45fd-9525-ca9c6cc458eb,Bayou City Monthly February 8th at Oilfield Sports Complex,2026-02-08,6,,4fc8e743-ebad-46f8-b204-db5e5b702609,Timoteo Gonzales,56,26.60,7,38.04,Open,,,MINOR,,45.6498,31.9168,2.6125,,6,0,12,6,0,0,0,0,,,"[11.51, 16.05]"
a6476489-5d99-45fd-9525-ca9c6cc458eb,Bayou City Monthly February 8th at Oilfield Sports Complex,2026-02-08,6,,4fc8e743-ebad-46f8-b204-db5e5b702609,David Hruzek,57,26.38,8,26.38,PCC,D,A100909,MINOR,Super Senior,31.6517,31.6517,2.5908,,18,0,4,0,2,0,0,0,,,"[13.60, 18.05]"
a6476489-5d99-45fd-9525-ca9c6cc458eb,Bayou City Monthly February 8th at Oilfield Sports Complex,2026-02-08,6,,4fc8e743-ebad-46f8-b204-db5e5b702609,Mervs Castillon,58,26.02,22,39.81,Limited Optics,,,MINOR,Senior,47.7660,31.2241,2.5558,,12,0,9,2,1,0,0,0,,,"[12.58, 18.33]"
a6476489-5d99-45fd-9525-ca9c6cc458eb,Bayou City Monthly February 8th at Oilfield Sports Complex,2026-02-08,6,,4fc8e743-ebad-46f8-b204-db5e5b702609,Gary Wu,59,25.83,23,39.52,Limited Optics,B,L2998,MINOR,Senior,47.4259,31.0018,2.5376,,9,0,8,5,2,0,0,0,,,"[9.90, 11.38]"
a6476489-5d99-45fd-9525-ca9c6cc458eb,Bayou City Monthly February 8th at Oilfield Sports Complex,2026-02-08,6,,4fc8e743-ebad-46f8-b204-db5e5b702609,Eric Wu,60,25.73,24,39.36,Limited Optics,B,FY104740,MINOR,Senior,47.2315,30.8747,2.5272,,7,0,12,4,1,0,0,0,,,"[15.24, 10.48]"
a6476489-5d99-45fd-9525-ca9c6cc458eb,Bayou City Monthly February 8th at Oilfield Sports Complex,2026-02-08,6,,4fc8e743-ebad-46f8-b204-db5e5b702609,Ignacio Caoagas jr,61,20.65,19,32.86,Carry Optics,C,A170038,MINOR,,39.4272,24.7809,2.0284,,14,0,6,2,2,0,0,0,,,"[18.81, 15.70]"
a6476489-5d99-45fd-9525-ca9c6cc458eb,Bayou City Monthly February 8th at Oilfield Sports Complex,2026-02-08,6,,4fc8e743-ebad-46f8-b204-db5e5b702609,Ricardo Tuazon,62,17.84,25,27.28,Limited Optics,,,MINOR,,32.7417,21.4029,1.7519,,9,0,7,7,1,0,0,0,,,"[16.74, 19.22]"
a6476489-5d99-45fd-9525-ca9c6cc458eb,Bayou City Monthly February 8th at Oilfield Sports Complex,2026-02-08,6,,4fc8e743-ebad-46f8-b204-db5e5b702609,Judah Harms,63,17.09,26,26.15,Limited Optics,U,TY159115,MINOR,,31.3811,20.5135,1.6791,,10,0,8,2,4,0,0,0,,,"[8.93, 12.51]"
a6476489-5d99-45fd-9525-ca9c6cc458eb,Bayou City Monthly February 8th at Oilfield Sports Complex,2026-02-08,6,,4fc8e743-ebad-46f8-b204-db5e5b702609,Dean Tamban,64,15.56,8,22.26,Open,,,MINOR,,26.7067,18.6724,1.5284,,12,0,7,1,4,0,0,0,,,"[15.25, 12.23]"
a6476489-5d99-45fd-9525-ca9c6cc458eb,Bayou City Monthly February 8th at Oilfield Sports Complex,2026-02-08,6,,4fc8e743-ebad-46f8-b204-db5e5b702609,Kevin Baker,65,12.77,27,19.54,Limited Optics,C,A95439,MINOR,Senior,23.4513,15.3299,1.2548,,12,0,6,4,2,0,0,0,,,"[24.98, 24.43]"
a6476489-5d99-45fd-9525-ca9c6cc458eb,Bayou City Monthly February 8th at Oilfield Sports Complex,2026-02-08,6,,4fc8e743-ebad-46f8-b204-db5e5b702609,Tommy Ruggiero,66,0.00,20,0.00,Carry Optics,,,MINOR,,0.0000,0.0000,,,,,×0.32 (worst),×0.65 (worst),×2.43 (worst),,,,,19.44 (worst),
