match_id,match_name,match_date,stage_number,stage_name,stage_uuid,shooter_name,shooter_rank_combined,shooter_percent_combined,shooter_rank_division,shooter_percent_division,division,class,member_number,power_factor,categories,stage_points,stage_points_combined,hit_factor,time,A,B,C,D,M,NPM,NS,Proc,Apen,detail_APEN
a84094a4-b9ce-4371-bf59-b2c89249e73e,Wallis Orchard Practical Shooters February 2024,2024-02-18,1,CM 23-02,3ee7d443-f3da-44a3-954d-607358ca51f1,Marco Yue,1,100.00,1,100.00,PCC,M,L5762,MINOR,,60.0000,60.0000,10.4693,5.54,11,,1,,,,,,,
a84094a4-b9ce-4371-bf59-b2c89249e73e,Wallis Orchard Practical Shooters February 2024,2024-02-18,1,CM 23-02,3ee7d443-f3da-44a3-954d-607358ca51f1,Jay-R delos-Santos,2,86.57,2,86.57,PCC,B,A70297,MINOR,Senior,51.9427,51.9427,9.0634,6.62,12,,,,,,,,,
a84094a4-b9ce-4371-bf59-b2c89249e73e,Wallis Orchard Practical Shooters February 2024,2024-02-18,1,CM 23-02,3ee7d443-f3da-44a3-954d-607358ca51f1,Zachary Ralston,3,86.16,1,100.00,Carry Optics,M,A123081,MINOR,NEW SHOOTER,60.0000,51.6951,9.0202,6.43,11,,1,,,,,,,
a84094a4-b9ce-4371-bf59-b2c89249e73e,Wallis Orchard Practical Shooters February 2024,2024-02-18,1,CM 23-02,3ee7d443-f3da-44a3-954d-607358ca51f1,CHAN WILLIAM,4,83.20,2,96.56,Carry Optics,B,,MINOR,,57.9380,49.9185,8.7102,5.97,9,,2,1,,,,,,
a84094a4-b9ce-4371-bf59-b2c89249e73e,Wallis Orchard Practical Shooters February 2024,2024-02-18,1,CM 23-02,3ee7d443-f3da-44a3-954d-607358ca51f1,Andrew Whitley,5,82.87,1,100.00,Open,A,TY106649,MAJOR,,60.0000,49.7214,8.6758,6.57,9,,3,,,,,,,
a84094a4-b9ce-4371-bf59-b2c89249e73e,Wallis Orchard Practical Shooters February 2024,2024-02-18,1,CM 23-02,3ee7d443-f3da-44a3-954d-607358ca51f1,Craig Bellamy,6,81.83,1,100.00,Limited Optics,M,TY54824,MINOR,Law Enforcement,60.0000,49.0961,8.5667,6.07,8,,4,,,,,,,
a84094a4-b9ce-4371-bf59-b2c89249e73e,Wallis Orchard Practical Shooters February 2024,2024-02-18,1,CM 23-02,3ee7d443-f3da-44a3-954d-607358ca51f1,Chris Snow,7,79.01,2,95.34,Open,M,Ty107262,MINOR,,57.2060,47.4060,8.2718,6.77,10,,2,,,,,,,
a84094a4-b9ce-4371-bf59-b2c89249e73e,Wallis Orchard Practical Shooters February 2024,2024-02-18,1,CM 23-02,3ee7d443-f3da-44a3-954d-607358ca51f1,Joseph White,8,78.32,3,90.90,Carry Optics,B,A135489,MINOR,Law Enforcement,54.5383,46.9894,8.1991,6.83,10,,2,,,,,,,
a84094a4-b9ce-4371-bf59-b2c89249e73e,Wallis Orchard Practical Shooters February 2024,2024-02-18,1,CM 23-02,3ee7d443-f3da-44a3-954d-607358ca51f1,Chev Jacot,9,77.16,2,94.30,Limited Optics,U,TY72378,MINOR,,56.5772,46.2954,8.0780,7.18,11,,1,,,,,,,
a84094a4-b9ce-4371-bf59-b2c89249e73e,Wallis Orchard Practical Shooters February 2024,2024-02-18,1,CM 23-02,3ee7d443-f3da-44a3-954d-607358ca51f1,Matthew Gonzalez,10,74.86,4,86.88,Carry Optics,X,A119810,MINOR,,52.1297,44.9142,7.8370,6.38,7,,5,,,,,,,
a84094a4-b9ce-4371-bf59-b2c89249e73e,Wallis Orchard Practical Shooters February 2024,2024-02-18,1,CM 23-02,3ee7d443-f3da-44a3-954d-607358ca51f1,Matthew Lem,11,74.51,1,100.00,Production,A,FY34763,MINOR,Senior; Law Enforcement,60.0000,44.7038,7.8003,6.41,7,,5,,,,,,,
a84094a4-b9ce-4371-bf59-b2c89249e73e,Wallis Orchard Practical Shooters February 2024,2024-02-18,1,CM 23-02,3ee7d443-f3da-44a3-954d-607358ca51f1,Hank Scorpio,12,74.35,2,99.80,Production,A,TY123776,MINOR,,59.8777,44.6127,7.7844,6.68,8,,4,,,,,,,
a84094a4-b9ce-4371-bf59-b2c89249e73e,Wallis Orchard Practical Shooters February 2024,2024-02-18,1,CM 23-02,3ee7d443-f3da-44a3-954d-607358ca51f1,Ryan Alicaya,13,73.06,3,89.28,Limited Optics,D,,MINOR,,53.5705,43.8350,7.6487,7.06,9,,3,,,,,,,
a84094a4-b9ce-4371-bf59-b2c89249e73e,Wallis Orchard Practical Shooters February 2024,2024-02-18,1,CM 23-02,3ee7d443-f3da-44a3-954d-607358ca51f1,Christian Canizales,14,72.96,5,84.68,Carry Optics,A,TY150265,MINOR,,50.8053,43.7731,7.6379,7.07,9,,3,,,,,,,
a84094a4-b9ce-4371-bf59-b2c89249e73e,Wallis Orchard Practical Shooters February 2024,2024-02-18,1,CM 23-02,3ee7d443-f3da-44a3-954d-607358ca51f1,JJ Avila,15,72.70,3,87.73,Open,U,,MINOR,Law Enforcement,52.6395,43.6218,7.6115,7.62,11,,1,,,,,,,
a84094a4-b9ce-4371-bf59-b2c89249e73e,Wallis Orchard Practical Shooters February 2024,2024-02-18,1,CM 23-02,3ee7d443-f3da-44a3-954d-607358ca51f1,Robbie Boettcher,16,72.19,4,88.22,Limited Optics,C,L5829,MINOR,,52.9310,43.3118,7.5574,7.41,10,,2,,,,,,,
a84094a4-b9ce-4371-bf59-b2c89249e73e,Wallis Orchard Practical Shooters February 2024,2024-02-18,1,CM 23-02,3ee7d443-f3da-44a3-954d-607358ca51f1,Duane Mendoza,17,72.03,5,88.03,Limited Optics,U,ty98162,MINOR,,52.8196,43.2207,7.5415,6.63,7,,5,,,,,,,
a84094a4-b9ce-4371-bf59-b2c89249e73e,Wallis Orchard Practical Shooters February 2024,2024-02-18,1,CM 23-02,3ee7d443-f3da-44a3-954d-607358ca51f1,Lou Lerma,18,71.64,6,83.15,Carry Optics,C,A155846,MINOR,,49.8880,42.9828,7.5000,7.20,9,,3,,,,,,,
a84094a4-b9ce-4371-bf59-b2c89249e73e,Wallis Orchard Practical Shooters February 2024,2024-02-18,1,CM 23-02,3ee7d443-f3da-44a3-954d-607358ca51f1,Derik Satsky,19,71.33,7,82.79,Carry Optics,M,FY119794,MINOR,,49.6718,42.7966,7.4675,6.16,6,,5,1,,,,,,
a84094a4-b9ce-4371-bf59-b2c89249e73e,Wallis Orchard Practical Shooters February 2024,2024-02-18,1,CM 23-02,3ee7d443-f3da-44a3-954d-607358ca51f1,Jason Wilson,20,71.17,4,85.88,Open,U,A94696,MAJOR,,51.5295,42.7020,7.4510,7.65,9,,3,,,,,,,
a84094a4-b9ce-4371-bf59-b2c89249e73e,Wallis Orchard Practical Shooters February 2024,2024-02-18,1,CM 23-02,3ee7d443-f3da-44a3-954d-607358ca51f1,Phyl Santos,21,70.13,8,81.40,Carry Optics,U,a155981,MINOR,,48.8377,42.0779,7.3421,6.81,7,,5,,,,,,,
a84094a4-b9ce-4371-bf59-b2c89249e73e,Wallis Orchard Practical Shooters February 2024,2024-02-18,1,CM 23-02,3ee7d443-f3da-44a3-954d-607358ca51f1,Christian (2) Canizales,22,70.13,9,81.39,Carry Optics,A,TY150265,MINOR,,48.8357,42.0762,7.3418,7.90,11,,1,,,,,,,
a84094a4-b9ce-4371-bf59-b2c89249e73e,Wallis Orchard Practical Shooters February 2024,2024-02-18,1,CM 23-02,3ee7d443-f3da-44a3-954d-607358ca51f1,Carlos Escandon,23,69.80,6,85.30,Limited Optics,U,L2590,MINOR,Super Senior,51.1786,41.8779,7.3072,7.39,9,,3,,,,,,,
a84094a4-b9ce-4371-bf59-b2c89249e73e,Wallis Orchard Practical Shooters February 2024,2024-02-18,1,CM 23-02,3ee7d443-f3da-44a3-954d-607358ca51f1,Eric Wu,24,68.82,7,84.10,Limited Optics,U,FY104740,MINOR,,50.4628,41.2922,7.2050,8.05,11,,1,,,,,,,
a84094a4-b9ce-4371-bf59-b2c89249e73e,Wallis Orchard Practical Shooters February 2024,2024-02-18,1,CM 23-02,3ee7d443-f3da-44a3-954d-607358ca51f1,FRANCIS Thanh NGUYEN,25,68.23,10,79.19,Carry Optics,U,0,MINOR,,47.5127,40.9363,7.1429,7.00,7,,5,,,,,,,
a84094a4-b9ce-4371-bf59-b2c89249e73e,Wallis Orchard Practical Shooters February 2024,2024-02-18,1,CM 23-02,3ee7d443-f3da-44a3-954d-607358ca51f1,Ryan Jaw,26,68.23,8,83.38,Limited Optics,C,TY142907,MINOR,,50.0279,40.9363,7.1429,7.28,8,,4,,,,,,,
a84094a4-b9ce-4371-bf59-b2c89249e73e,Wallis Orchard Practical Shooters February 2024,2024-02-18,1,CM 23-02,3ee7d443-f3da-44a3-954d-607358ca51f1,Jesse Harrington,27,68.14,9,83.28,Limited Optics,C,A153046,MINOR,,49.9663,40.8858,7.1341,8.13,11,,1,,,,,,,
a84094a4-b9ce-4371-bf59-b2c89249e73e,Wallis Orchard Practical Shooters February 2024,2024-02-18,1,CM 23-02,3ee7d443-f3da-44a3-954d-607358ca51f1,Eric Mccampbell,28,67.45,1,100.00,Limited,B,A14332,MAJOR,Senior,60.0000,40.4715,7.0618,7.93,8,,4,,,,,,,
a84094a4-b9ce-4371-bf59-b2c89249e73e,Wallis Orchard Practical Shooters February 2024,2024-02-18,1,CM 23-02,3ee7d443-f3da-44a3-954d-607358ca51f1,Rudy Widiaman,29,66.57,10,81.36,Limited Optics,U,A155535,MINOR,,48.8148,39.9436,6.9697,6.60,6,,5,1,,,,,,
a84094a4-b9ce-4371-bf59-b2c89249e73e,Wallis Orchard Practical Shooters February 2024,2024-02-18,1,CM 23-02,3ee7d443-f3da-44a3-954d-607358ca51f1,Cliff Pinsent,30,66.07,5,79.73,Open,B,FY99321,MAJOR,Super Senior,47.8351,39.6405,6.9168,8.53,11,,1,,,,,,,
a84094a4-b9ce-4371-bf59-b2c89249e73e,Wallis Orchard Practical Shooters February 2024,2024-02-18,1,CM 23-02,3ee7d443-f3da-44a3-954d-607358ca51f1,Luke Rogers,31,65.10,11,75.55,Carry Optics,A,A133534,MINOR,,45.3329,39.0582,6.8152,7.63,9,,2,1,,,,,,
a84094a4-b9ce-4371-bf59-b2c89249e73e,Wallis Orchard Practical Shooters February 2024,2024-02-18,1,CM 23-02,3ee7d443-f3da-44a3-954d-607358ca51f1,Isaac Robledo,32,63.96,12,74.23,Carry Optics,U,A156101,MINOR,,44.5387,38.3739,6.6958,6.87,5,,7,,,,,,,
a84094a4-b9ce-4371-bf59-b2c89249e73e,Wallis Orchard Practical Shooters February 2024,2024-02-18,1,CM 23-02,3ee7d443-f3da-44a3-954d-607358ca51f1,Manny Nerona,33,63.15,11,77.18,Limited Optics,U,A69445,MINOR,,46.3067,37.8914,6.6116,7.26,6,,6,,,,,,,
a84094a4-b9ce-4371-bf59-b2c89249e73e,Wallis Orchard Practical Shooters February 2024,2024-02-18,1,CM 23-02,3ee7d443-f3da-44a3-954d-607358ca51f1,Gennady Khokhorin,34,62.52,3,83.91,Production,B,A123884,MINOR,Super Senior,50.3481,37.5125,6.5455,8.25,9,,3,,,,,,,
a84094a4-b9ce-4371-bf59-b2c89249e73e,Wallis Orchard Practical Shooters February 2024,2024-02-18,1,CM 23-02,3ee7d443-f3da-44a3-954d-607358ca51f1,Ramil Villanueva,35,62.32,12,76.16,Limited Optics,U,,MINOR,Senior,45.6967,37.3922,6.5245,7.97,8,,4,,,,,,,
a84094a4-b9ce-4371-bf59-b2c89249e73e,Wallis Orchard Practical Shooters February 2024,2024-02-18,1,CM 23-02,3ee7d443-f3da-44a3-954d-607358ca51f1,Calvin Candie,36,62.22,4,83.51,Production,C,A130167,MINOR,,50.1050,37.3314,6.5139,8.29,9,,3,,,,,,,
a84094a4-b9ce-4371-bf59-b2c89249e73e,Wallis Orchard Practical Shooters February 2024,2024-02-18,1,CM 23-02,3ee7d443-f3da-44a3-954d-607358ca51f1,Tyler Kenny,37,61.78,13,75.51,Limited Optics,B,A148691,MINOR,,45.3031,37.0701,6.4683,7.73,7,,5,,,,,,,
a84094a4-b9ce-4371-bf59-b2c89249e73e,Wallis Orchard Practical Shooters February 2024,2024-02-18,1,CM 23-02,3ee7d443-f3da-44a3-954d-607358ca51f1,Lee Cardwell,38,61.53,13,71.41,Carry Optics,U,A155173,MINOR,,42.8485,36.9177,6.4417,6.52,8,,4,,,,,1,,
a84094a4-b9ce-4371-bf59-b2c89249e73e,Wallis Orchard Practical Shooters February 2024,2024-02-18,1,CM 23-02,3ee7d443-f3da-44a3-954d-607358ca51f1,Michael Junco,39,61.46,14,75.11,Limited Optics,U,TY34819,MINOR,Senior; Law Enforcement,45.0685,36.8781,6.4348,5.75,7,,4,,1,,,,,
a84094a4-b9ce-4371-bf59-b2c89249e73e,Wallis Orchard Practical Shooters February 2024,2024-02-18,1,CM 23-02,3ee7d443-f3da-44a3-954d-607358ca51f1,Tony Vale,40,59.78,14,69.39,Carry Optics,U,A153735,MINOR,,41.6326,35.8700,6.2589,7.03,10,,1,1,,,1,,,
a84094a4-b9ce-4371-bf59-b2c89249e73e,Wallis Orchard Practical Shooters February 2024,2024-02-18,1,CM 23-02,3ee7d443-f3da-44a3-954d-607358ca51f1,Khoa Nguyen,41,58.73,15,71.78,Limited Optics,A,A117224,MINOR,Law Enforcement,43.0661,35.2396,6.1489,6.18,7,,4,1,,,1,,,
a84094a4-b9ce-4371-bf59-b2c89249e73e,Wallis Orchard Practical Shooters February 2024,2024-02-18,1,CM 23-02,3ee7d443-f3da-44a3-954d-607358ca51f1,Arnold Gee,42,58.36,6,70.43,Open,B,Ty103519,MAJOR,Senior,42.2575,35.0184,6.1103,6.71,7,,4,,1,,,,,
a84094a4-b9ce-4371-bf59-b2c89249e73e,Wallis Orchard Practical Shooters February 2024,2024-02-18,1,CM 23-02,3ee7d443-f3da-44a3-954d-607358ca51f1,Peter Kirchner,43,55.67,15,64.61,Carry Optics,A,TY105743,MINOR,,38.7677,33.4017,5.8282,6.52,5,,3,4,,,,,,
a84094a4-b9ce-4371-bf59-b2c89249e73e,Wallis Orchard Practical Shooters February 2024,2024-02-18,1,CM 23-02,3ee7d443-f3da-44a3-954d-607358ca51f1,Pat Byrne,44,55.56,5,74.57,Production,B,fy93921,MINOR,,44.7414,33.3352,5.8166,8.94,8,,4,,,,,,,
a84094a4-b9ce-4371-bf59-b2c89249e73e,Wallis Orchard Practical Shooters February 2024,2024-02-18,1,CM 23-02,3ee7d443-f3da-44a3-954d-607358ca51f1,Emman Alcoseba,45,54.76,2,81.18,Limited,C,TY67519,MINOR,Senior,48.7057,32.8532,5.7325,9.42,9,,3,,,,,,,
a84094a4-b9ce-4371-bf59-b2c89249e73e,Wallis Orchard Practical Shooters February 2024,2024-02-18,1,CM 23-02,3ee7d443-f3da-44a3-954d-607358ca51f1,Dale Hamm,46,54.22,16,66.26,Limited Optics,D,TY97196,MINOR,Senior,39.7567,32.5317,5.6764,10.57,12,,,,,,,,,
a84094a4-b9ce-4371-bf59-b2c89249e73e,Wallis Orchard Practical Shooters February 2024,2024-02-18,1,CM 23-02,3ee7d443-f3da-44a3-954d-607358ca51f1,Michael St. Amand,47,53.36,16,61.93,Carry Optics,U,,MINOR,,37.1606,32.0170,5.5866,10.74,12,,,,,,,,,
a84094a4-b9ce-4371-bf59-b2c89249e73e,Wallis Orchard Practical Shooters February 2024,2024-02-18,1,CM 23-02,3ee7d443-f3da-44a3-954d-607358ca51f1,Yul Kwan,48,52.25,7,63.05,Open,U,A156984,MINOR,Senior,37.8328,31.3517,5.4705,9.14,8,,3,1,,,,,,
a84094a4-b9ce-4371-bf59-b2c89249e73e,Wallis Orchard Practical Shooters February 2024,2024-02-18,1,CM 23-02,3ee7d443-f3da-44a3-954d-607358ca51f1,Jeremiah Hunt,49,49.19,17,60.12,Limited Optics,C,A148592,MINOR,,36.0713,29.5160,5.1502,9.32,6,,6,,,,,,,
a84094a4-b9ce-4371-bf59-b2c89249e73e,Wallis Orchard Practical Shooters February 2024,2024-02-18,1,CM 23-02,3ee7d443-f3da-44a3-954d-607358ca51f1,David Zhang,50,47.12,18,57.58,Limited Optics,B,FY140383,MINOR,,34.5480,28.2695,4.9327,6.69,7,,2,2,1,,,,,
a84094a4-b9ce-4371-bf59-b2c89249e73e,Wallis Orchard Practical Shooters February 2024,2024-02-18,1,CM 23-02,3ee7d443-f3da-44a3-954d-607358ca51f1,Parish Saculles,51,46.87,3,69.48,Limited,D,L5316,MINOR,,41.6902,28.1211,4.9068,10.19,12,,,,,,1,,,
a84094a4-b9ce-4371-bf59-b2c89249e73e,Wallis Orchard Practical Shooters February 2024,2024-02-18,1,CM 23-02,3ee7d443-f3da-44a3-954d-607358ca51f1,Brandon Hunt,52,44.93,19,54.91,Limited Optics,U,FY150701,MINOR,,32.9448,26.9577,4.7038,11.48,10,,1,1,,,,,,
a84094a4-b9ce-4371-bf59-b2c89249e73e,Wallis Orchard Practical Shooters February 2024,2024-02-18,1,CM 23-02,3ee7d443-f3da-44a3-954d-607358ca51f1,George Zhou,53,43.71,17,50.73,Carry Optics,C,A146179,MINOR,NEW SHOOTER,30.4383,26.2252,4.5760,7.43,2,,7,3,,,,,,
a84094a4-b9ce-4371-bf59-b2c89249e73e,Wallis Orchard Practical Shooters February 2024,2024-02-18,1,CM 23-02,3ee7d443-f3da-44a3-954d-607358ca51f1,phil truong,54,42.53,8,51.32,Open,B,FY128600,MINOR,,30.7898,25.5152,4.4521,5.84,8,,2,,2,,,,,
a84094a4-b9ce-4371-bf59-b2c89249e73e,Wallis Orchard Practical Shooters February 2024,2024-02-18,1,CM 23-02,3ee7d443-f3da-44a3-954d-607358ca51f1,Angelo Guadalquiver,55,39.62,9,47.81,Open,B,A145293,MAJOR,,28.6874,23.7729,4.1481,6.75,6,,4,1,1,,1,,,
a84094a4-b9ce-4371-bf59-b2c89249e73e,Wallis Orchard Practical Shooters February 2024,2024-02-18,1,CM 23-02,3ee7d443-f3da-44a3-954d-607358ca51f1,Jason Ventre,56,37.97,10,45.83,Open,,,MAJOR,,27.4951,22.7849,3.9757,14.84,11,,1,,,,,,,
a84094a4-b9ce-4371-bf59-b2c89249e73e,Wallis Orchard Practical Shooters February 2024,2024-02-18,1,CM 23-02,3ee7d443-f3da-44a3-954d-607358ca51f1,Chang Qian,57,37.72,4,55.92,Limited,C,A150939,MINOR,,33.5515,22.6313,3.9489,8.61,9,,3,,,,,2,,
a84094a4-b9ce-4371-bf59-b2c89249e73e,Wallis Orchard Practical Shooters February 2024,2024-02-18,1,CM 23-02,3ee7d443-f3da-44a3-954d-607358ca51f1,Rene Zalamea,58,35.38,11,42.69,Open,C,A66891,MAJOR,Senior,25.6140,21.2261,3.7037,12.96,10,,2,,,,1,,,
a84094a4-b9ce-4371-bf59-b2c89249e73e,Wallis Orchard Practical Shooters February 2024,2024-02-18,1,CM 23-02,3ee7d443-f3da-44a3-954d-607358ca51f1,Gary Brisco,59,34.44,20,42.09,Limited Optics,U,FY73704,MINOR,Super Senior,25.2552,20.6656,3.6059,15.53,10,,2,,,,,,,
a84094a4-b9ce-4371-bf59-b2c89249e73e,Wallis Orchard Practical Shooters February 2024,2024-02-18,1,CM 23-02,3ee7d443-f3da-44a3-954d-607358ca51f1,Loren Brusatori,60,33.80,12,40.79,Open,C,A149999,MINOR,,24.4715,20.2793,3.5385,13.00,5,,7,,,,,,,
a84094a4-b9ce-4371-bf59-b2c89249e73e,Wallis Orchard Practical Shooters February 2024,2024-02-18,1,CM 23-02,3ee7d443-f3da-44a3-954d-607358ca51f1,Demarquis Brown,61,32.94,5,48.83,Limited,U,A151662,MINOR,NEW SHOOTER,29.2982,19.7624,3.4483,16.82,11,,1,,,,,,,
a84094a4-b9ce-4371-bf59-b2c89249e73e,Wallis Orchard Practical Shooters February 2024,2024-02-18,1,CM 23-02,3ee7d443-f3da-44a3-954d-607358ca51f1,Dan Schreiber,62,31.78,21,38.84,Limited Optics,C,A147899,MINOR,Super Senior,23.3047,19.0695,3.3274,16.83,10,,2,,,,,,,
a84094a4-b9ce-4371-bf59-b2c89249e73e,Wallis Orchard Practical Shooters February 2024,2024-02-18,1,CM 23-02,3ee7d443-f3da-44a3-954d-607358ca51f1,Dorothy Marquez,63,17.23,18,20.00,Carry Optics,U,,MINOR,NEW SHOOTER,12.0017,10.3405,1.8043,18.29,6,,4,1,1,,,,,
a84094a4-b9ce-4371-bf59-b2c89249e73e,Wallis Orchard Practical Shooters February 2024,2024-02-18,1,CM 23-02,3ee7d443-f3da-44a3-954d-607358ca51f1,Marcelo Melo,64,6.60,22,8.07,Limited Optics,,,MINOR,,4.8425,3.9624,0.6914,11.57,6,,6,,,,3,1,,
a84094a4-b9ce-4371-bf59-b2c89249e73e,Wallis Orchard Practical Shooters February 2024,2024-02-18,1,CM 23-02,3ee7d443-f3da-44a3-954d-607358ca51f1,Rodmhar Osmena,65,6.25,19,7.25,Carry Optics,U,,MINOR,NEW SHOOTER,4.3516,3.7492,0.6542,10.70,6,,2,1,3,,,,,
a84094a4-b9ce-4371-bf59-b2c89249e73e,Wallis Orchard Practical Shooters February 2024,2024-02-18,1,CM 23-02,3ee7d443-f3da-44a3-954d-607358ca51f1,John Osmena,66,0.00,23,0.00,Limited Optics,U,,MINOR,Junior; Senior,0.0000,0.0000,,,,,,,,,,,,
a84094a4-b9ce-4371-bf59-b2c89249e73e,Wallis Orchard Practical Shooters February 2024,2024-02-18,1,CM 23-02,3ee7d443-f3da-44a3-954d-607358ca51f1,Gary Wu,67,0.00,24,0.00,Limited Optics,B,L2998,MINOR,Senior,0.0000,0.0000,,,,,,,,,,,,
a84094a4-b9ce-4371-bf59-b2c89249e73e,Wallis Orchard Practical Shooters February 2024,2024-02-18,2,Stage 2,453f7115-05b7-4913-97b5-1f7c53b45107,Andrew Whitley,1,100.00,1,100.00,Open,A,TY106649,MAJOR,,120.0000,120.0000,6.1145,17.99,14,,10,,,,,,,
a84094a4-b9ce-4371-bf59-b2c89249e73e,Wallis Orchard Practical Shooters February 2024,2024-02-18,2,Stage 2,453f7115-05b7-4913-97b5-1f7c53b45107,Zachary Ralston,2,96.15,1,100.00,Carry Optics,M,A123081,MINOR,NEW SHOOTER,120.0000,115.3821,5.8792,18.71,19,,5,,,,,,,
a84094a4-b9ce-4371-bf59-b2c89249e73e,Wallis Orchard Practical Shooters February 2024,2024-02-18,2,Stage 2,453f7115-05b7-4913-97b5-1f7c53b45107,Chris Snow,3,91.84,2,91.84,Open,M,Ty107262,MINOR,,110.2030,110.2030,5.6153,16.74,12,,11,1,,,,,,
a84094a4-b9ce-4371-bf59-b2c89249e73e,Wallis Orchard Practical Shooters February 2024,2024-02-18,2,Stage 2,453f7115-05b7-4913-97b5-1f7c53b45107,Duane Mendoza,4,89.61,1,100.00,Limited Optics,U,ty98162,MINOR,,120.0000,107.5378,5.4795,18.25,14,,10,,,,,,,
a84094a4-b9ce-4371-bf59-b2c89249e73e,Wallis Orchard Practical Shooters February 2024,2024-02-18,2,Stage 2,453f7115-05b7-4913-97b5-1f7c53b45107,Ryan Alicaya,5,88.60,2,98.87,Limited Optics,D,,MINOR,,118.6400,106.3191,5.4174,18.09,15,,7,2,,,,,,
a84094a4-b9ce-4371-bf59-b2c89249e73e,Wallis Orchard Practical Shooters February 2024,2024-02-18,2,Stage 2,453f7115-05b7-4913-97b5-1f7c53b45107,Ryan Jaw,6,85.79,3,95.73,Limited Optics,C,TY142907,MINOR,,114.8776,102.9474,5.2456,20.97,19,,5,,,,,,,
a84094a4-b9ce-4371-bf59-b2c89249e73e,Wallis Orchard Practical Shooters February 2024,2024-02-18,2,Stage 2,453f7115-05b7-4913-97b5-1f7c53b45107,Marco Yue,7,84.88,1,100.00,PCC,M,L5762,MINOR,,120.0000,101.8523,5.1898,20.81,18,,6,,,,,,,
a84094a4-b9ce-4371-bf59-b2c89249e73e,Wallis Orchard Practical Shooters February 2024,2024-02-18,2,Stage 2,453f7115-05b7-4913-97b5-1f7c53b45107,Christian Canizales,8,84.54,2,87.92,Carry Optics,A,TY150265,MINOR,,105.5042,101.4441,5.1690,20.12,17,,6,1,,,,,,
a84094a4-b9ce-4371-bf59-b2c89249e73e,Wallis Orchard Practical Shooters February 2024,2024-02-18,2,Stage 2,453f7115-05b7-4913-97b5-1f7c53b45107,Michael Junco,9,84.20,4,93.96,Limited Optics,U,TY34819,MINOR,Senior; Law Enforcement,112.7512,101.0418,5.1485,20.20,16,,8,,,,,,,
a84094a4-b9ce-4371-bf59-b2c89249e73e,Wallis Orchard Practical Shooters February 2024,2024-02-18,2,Stage 2,453f7115-05b7-4913-97b5-1f7c53b45107,Khoa Nguyen,10,82.08,5,91.59,Limited Optics,A,A117224,MINOR,Law Enforcement,109.9086,98.4944,5.0187,18.73,13,,9,2,,,,,,
a84094a4-b9ce-4371-bf59-b2c89249e73e,Wallis Orchard Practical Shooters February 2024,2024-02-18,2,Stage 2,453f7115-05b7-4913-97b5-1f7c53b45107,Luke Rogers,11,80.21,3,83.42,Carry Optics,A,A133534,MINOR,,100.1075,96.2551,4.9046,22.02,18,,6,,,,,,,
a84094a4-b9ce-4371-bf59-b2c89249e73e,Wallis Orchard Practical Shooters February 2024,2024-02-18,2,Stage 2,453f7115-05b7-4913-97b5-1f7c53b45107,Hank Scorpio,12,77.12,1,100.00,Production,A,TY123776,MINOR,,120.0000,92.5498,4.7158,23.75,20,,4,,,,,,,
a84094a4-b9ce-4371-bf59-b2c89249e73e,Wallis Orchard Practical Shooters February 2024,2024-02-18,2,Stage 2,453f7115-05b7-4913-97b5-1f7c53b45107,Peter Kirchner,13,75.96,4,79.00,Carry Optics,A,TY105743,MINOR,,94.8027,91.1545,4.6447,21.53,16,,6,2,,,,,,
a84094a4-b9ce-4371-bf59-b2c89249e73e,Wallis Orchard Practical Shooters February 2024,2024-02-18,2,Stage 2,453f7115-05b7-4913-97b5-1f7c53b45107,Manny Nerona,14,75.10,6,83.80,Limited Optics,U,A69445,MINOR,,100.5595,90.1163,4.5918,23.52,19,,4,1,,,,,,
a84094a4-b9ce-4371-bf59-b2c89249e73e,Wallis Orchard Practical Shooters February 2024,2024-02-18,2,Stage 2,453f7115-05b7-4913-97b5-1f7c53b45107,Angelo Guadalquiver,15,74.26,3,74.26,Open,B,A145293,MAJOR,,89.1173,89.1173,4.5409,20.04,15,,5,3,1,,,,,
a84094a4-b9ce-4371-bf59-b2c89249e73e,Wallis Orchard Practical Shooters February 2024,2024-02-18,2,Stage 2,453f7115-05b7-4913-97b5-1f7c53b45107,Derik Satsky,16,73.99,5,76.96,Carry Optics,M,FY119794,MINOR,,92.3473,88.7935,4.5244,17.24,16,,6,,2,,,,,
a84094a4-b9ce-4371-bf59-b2c89249e73e,Wallis Orchard Practical Shooters February 2024,2024-02-18,2,Stage 2,453f7115-05b7-4913-97b5-1f7c53b45107,JJ Avila,17,73.46,4,73.46,Open,U,,MINOR,Law Enforcement,88.1518,88.1518,4.4917,25.38,21,,3,,,,,,,
a84094a4-b9ce-4371-bf59-b2c89249e73e,Wallis Orchard Practical Shooters February 2024,2024-02-18,2,Stage 2,453f7115-05b7-4913-97b5-1f7c53b45107,Jay-R delos-Santos,18,71.70,2,84.47,PCC,B,A70297,MINOR,Senior,101.3681,86.0381,4.3840,22.81,14,,10,,,,,,,
a84094a4-b9ce-4371-bf59-b2c89249e73e,Wallis Orchard Practical Shooters February 2024,2024-02-18,2,Stage 2,453f7115-05b7-4913-97b5-1f7c53b45107,Jesse Harrington,19,71.05,7,79.28,Limited Optics,C,A153046,MINOR,,95.1393,85.2590,4.3443,24.86,18,,6,,,,,,,
a84094a4-b9ce-4371-bf59-b2c89249e73e,Wallis Orchard Practical Shooters February 2024,2024-02-18,2,Stage 2,453f7115-05b7-4913-97b5-1f7c53b45107,Craig Bellamy,20,71.03,8,79.26,Limited Optics,M,TY54824,MINOR,Law Enforcement,95.1152,85.2374,4.3432,18.65,12,,10,1,1,,,,,
a84094a4-b9ce-4371-bf59-b2c89249e73e,Wallis Orchard Practical Shooters February 2024,2024-02-18,2,Stage 2,453f7115-05b7-4913-97b5-1f7c53b45107,Marcelo Melo,21,69.82,9,77.91,Limited Optics,,,MINOR,,93.4969,83.7871,4.2693,24.36,16,,8,,,,,,,
a84094a4-b9ce-4371-bf59-b2c89249e73e,Wallis Orchard Practical Shooters February 2024,2024-02-18,2,Stage 2,453f7115-05b7-4913-97b5-1f7c53b45107,Tony Vale,22,69.31,6,72.09,Carry Optics,U,A153735,MINOR,,86.5036,83.1747,4.2381,21.00,15,,8,,1,,,,,
a84094a4-b9ce-4371-bf59-b2c89249e73e,Wallis Orchard Practical Shooters February 2024,2024-02-18,2,Stage 2,453f7115-05b7-4913-97b5-1f7c53b45107,Matthew Gonzalez,23,68.65,7,71.39,Carry Optics,X,A119810,MINOR,,85.6729,82.3760,4.1974,21.68,16,,7,,1,,,,,
a84094a4-b9ce-4371-bf59-b2c89249e73e,Wallis Orchard Practical Shooters February 2024,2024-02-18,2,Stage 2,453f7115-05b7-4913-97b5-1f7c53b45107,David Zhang,24,66.84,10,74.59,Limited Optics,B,FY140383,MINOR,,89.5089,80.2133,4.0872,22.02,10,,13,1,,,,,,
a84094a4-b9ce-4371-bf59-b2c89249e73e,Wallis Orchard Practical Shooters February 2024,2024-02-18,2,Stage 2,453f7115-05b7-4913-97b5-1f7c53b45107,CHAN WILLIAM,25,63.03,8,65.55,Carry Optics,B,,MINOR,,78.6617,75.6346,3.8539,19.98,12,,8,3,1,,,,,
a84094a4-b9ce-4371-bf59-b2c89249e73e,Wallis Orchard Practical Shooters February 2024,2024-02-18,2,Stage 2,453f7115-05b7-4913-97b5-1f7c53b45107,Joseph White,26,62.01,9,64.49,Carry Optics,B,A135489,MINOR,Law Enforcement,77.3881,74.4100,3.7915,25.32,13,,10,1,,,,,,
a84094a4-b9ce-4371-bf59-b2c89249e73e,Wallis Orchard Practical Shooters February 2024,2024-02-18,2,Stage 2,453f7115-05b7-4913-97b5-1f7c53b45107,Pat Byrne,27,61.12,2,79.24,Production,B,fy93921,MINOR,,95.0905,73.3385,3.7369,26.76,16,,6,2,,,,,,
a84094a4-b9ce-4371-bf59-b2c89249e73e,Wallis Orchard Practical Shooters February 2024,2024-02-18,2,Stage 2,453f7115-05b7-4913-97b5-1f7c53b45107,George Zhou,28,58.81,10,61.16,Carry Optics,C,A146179,MINOR,NEW SHOOTER,73.3977,70.5732,3.5960,24.75,15,,8,,1,,,,,
a84094a4-b9ce-4371-bf59-b2c89249e73e,Wallis Orchard Practical Shooters February 2024,2024-02-18,2,Stage 2,453f7115-05b7-4913-97b5-1f7c53b45107,Lou Lerma,29,58.75,11,61.10,Carry Optics,C,A155846,MINOR,,73.3243,70.5026,3.5924,27.28,13,,11,,,,,,,
a84094a4-b9ce-4371-bf59-b2c89249e73e,Wallis Orchard Practical Shooters February 2024,2024-02-18,2,Stage 2,453f7115-05b7-4913-97b5-1f7c53b45107,Rudy Widiaman,30,58.54,11,65.33,Limited Optics,U,A155535,MINOR,,78.3947,70.2533,3.5797,25.98,17,,6,,1,,,,,
a84094a4-b9ce-4371-bf59-b2c89249e73e,Wallis Orchard Practical Shooters February 2024,2024-02-18,2,Stage 2,453f7115-05b7-4913-97b5-1f7c53b45107,Cliff Pinsent,31,57.34,5,57.34,Open,B,FY99321,MAJOR,Super Senior,68.8128,68.8128,3.5063,28.52,18,,5,,1,,,,,
a84094a4-b9ce-4371-bf59-b2c89249e73e,Wallis Orchard Practical Shooters February 2024,2024-02-18,2,Stage 2,453f7115-05b7-4913-97b5-1f7c53b45107,Brandon Hunt,32,55.33,12,61.74,Limited Optics,U,FY150701,MINOR,,74.0914,66.3969,3.3832,30.74,16,,8,,,,,,,
a84094a4-b9ce-4371-bf59-b2c89249e73e,Wallis Orchard Practical Shooters February 2024,2024-02-18,2,Stage 2,453f7115-05b7-4913-97b5-1f7c53b45107,Chang Qian,33,55.19,1,100.00,Limited,C,A150939,MINOR,,120.0000,66.2301,3.3747,20.15,16,,6,,2,,1,,,
a84094a4-b9ce-4371-bf59-b2c89249e73e,Wallis Orchard Practical Shooters February 2024,2024-02-18,2,Stage 2,453f7115-05b7-4913-97b5-1f7c53b45107,phil truong,34,54.44,6,54.44,Open,B,FY128600,MINOR,,65.3332,65.3332,3.3290,22.83,16,,5,1,2,,,,,
a84094a4-b9ce-4371-bf59-b2c89249e73e,Wallis Orchard Practical Shooters February 2024,2024-02-18,2,Stage 2,453f7115-05b7-4913-97b5-1f7c53b45107,Matthew Lem,35,52.85,3,68.52,Production,A,FY34763,MINOR,Senior; Law Enforcement,82.2249,63.4158,3.2313,23.52,16,,5,1,2,,,,,
a84094a4-b9ce-4371-bf59-b2c89249e73e,Wallis Orchard Practical Shooters February 2024,2024-02-18,2,Stage 2,453f7115-05b7-4913-97b5-1f7c53b45107,FRANCIS Thanh NGUYEN,36,51.42,12,53.48,Carry Optics,U,0,MINOR,,64.1740,61.7045,3.1441,22.90,14,,7,1,2,,,,,
a84094a4-b9ce-4371-bf59-b2c89249e73e,Wallis Orchard Practical Shooters February 2024,2024-02-18,2,Stage 2,453f7115-05b7-4913-97b5-1f7c53b45107,Eric Wu,37,50.47,13,56.32,Limited Optics,U,FY104740,MINOR,,67.5872,60.5682,3.0862,23.33,14,,7,1,2,,,,,
a84094a4-b9ce-4371-bf59-b2c89249e73e,Wallis Orchard Practical Shooters February 2024,2024-02-18,2,Stage 2,453f7115-05b7-4913-97b5-1f7c53b45107,Carlos Escandon,38,50.09,14,55.90,Limited Optics,U,L2590,MINOR,Super Senior,67.0747,60.1089,3.0628,32.65,16,,6,2,,,,,,
a84094a4-b9ce-4371-bf59-b2c89249e73e,Wallis Orchard Practical Shooters February 2024,2024-02-18,2,Stage 2,453f7115-05b7-4913-97b5-1f7c53b45107,Chev Jacot,39,49.30,15,55.02,Limited Optics,U,TY72378,MINOR,,66.0192,59.1630,3.0146,21.23,14,,8,,2,,,1,,
a84094a4-b9ce-4371-bf59-b2c89249e73e,Wallis Orchard Practical Shooters February 2024,2024-02-18,2,Stage 2,453f7115-05b7-4913-97b5-1f7c53b45107,Isaac Robledo,40,47.32,13,49.21,Carry Optics,U,A156101,MINOR,,59.0550,56.7824,2.8933,33.18,17,,7,,,,1,,,
a84094a4-b9ce-4371-bf59-b2c89249e73e,Wallis Orchard Practical Shooters February 2024,2024-02-18,2,Stage 2,453f7115-05b7-4913-97b5-1f7c53b45107,Eric Mccampbell,41,46.16,2,83.64,Limited,B,A14332,MAJOR,Senior,100.3680,55.3949,2.8226,29.76,18,,3,1,2,,,,,
a84094a4-b9ce-4371-bf59-b2c89249e73e,Wallis Orchard Practical Shooters February 2024,2024-02-18,2,Stage 2,453f7115-05b7-4913-97b5-1f7c53b45107,Ramil Villanueva,42,44.00,16,49.10,Limited Optics,U,,MINOR,Senior,58.9236,52.8043,2.6906,22.30,14,,6,2,2,,1,,,
a84094a4-b9ce-4371-bf59-b2c89249e73e,Wallis Orchard Practical Shooters February 2024,2024-02-18,2,Stage 2,453f7115-05b7-4913-97b5-1f7c53b45107,Phyl Santos,43,42.70,14,44.40,Carry Optics,U,a155981,MINOR,,53.2848,51.2343,2.6106,32.56,14,,8,1,1,,,,,
a84094a4-b9ce-4371-bf59-b2c89249e73e,Wallis Orchard Practical Shooters February 2024,2024-02-18,2,Stage 2,453f7115-05b7-4913-97b5-1f7c53b45107,Emman Alcoseba,44,42.32,3,76.68,Limited,C,TY67519,MINOR,Senior,92.0153,50.7849,2.5877,33.62,14,,9,,1,,,,,
a84094a4-b9ce-4371-bf59-b2c89249e73e,Wallis Orchard Practical Shooters February 2024,2024-02-18,2,Stage 2,453f7115-05b7-4913-97b5-1f7c53b45107,Lee Cardwell,45,40.08,15,41.68,Carry Optics,U,A155173,MINOR,,50.0150,48.0903,2.4504,25.71,16,,4,1,3,,,,,
a84094a4-b9ce-4371-bf59-b2c89249e73e,Wallis Orchard Practical Shooters February 2024,2024-02-18,2,Stage 2,453f7115-05b7-4913-97b5-1f7c53b45107,Dale Hamm,46,39.00,17,43.51,Limited Optics,D,TY97196,MINOR,Senior,52.2179,46.7950,2.3844,34.39,19,,2,1,2,,,,,
a84094a4-b9ce-4371-bf59-b2c89249e73e,Wallis Orchard Practical Shooters February 2024,2024-02-18,2,Stage 2,453f7115-05b7-4913-97b5-1f7c53b45107,Jeremiah Hunt,47,38.82,18,43.32,Limited Optics,C,A148592,MINOR,,51.9836,46.5850,2.3737,29.49,13,,8,1,2,,,,,
a84094a4-b9ce-4371-bf59-b2c89249e73e,Wallis Orchard Practical Shooters February 2024,2024-02-18,2,Stage 2,453f7115-05b7-4913-97b5-1f7c53b45107,Tyler Kenny,48,38.56,19,43.03,Limited Optics,B,A148691,MINOR,,51.6310,46.2690,2.3576,27.57,16,,5,,3,,,,,
a84094a4-b9ce-4371-bf59-b2c89249e73e,Wallis Orchard Practical Shooters February 2024,2024-02-18,2,Stage 2,453f7115-05b7-4913-97b5-1f7c53b45107,Gennady Khokhorin,49,38.05,4,49.34,Production,B,A123884,MINOR,Super Senior,59.2035,45.6606,2.3266,23.64,12,,8,1,3,,,,,
a84094a4-b9ce-4371-bf59-b2c89249e73e,Wallis Orchard Practical Shooters February 2024,2024-02-18,2,Stage 2,453f7115-05b7-4913-97b5-1f7c53b45107,Michael St. Amand,50,37.21,16,38.70,Carry Optics,U,,MINOR,,46.4431,44.6558,2.2754,34.28,17,,4,1,2,,,,,
a84094a4-b9ce-4371-bf59-b2c89249e73e,Wallis Orchard Practical Shooters February 2024,2024-02-18,2,Stage 2,453f7115-05b7-4913-97b5-1f7c53b45107,Jason Wilson,51,36.81,7,36.81,Open,U,A94696,MAJOR,,44.1711,44.1711,2.2507,25.77,16,,4,1,3,,1,,,
a84094a4-b9ce-4371-bf59-b2c89249e73e,Wallis Orchard Practical Shooters February 2024,2024-02-18,2,Stage 2,453f7115-05b7-4913-97b5-1f7c53b45107,Jason Ventre,52,36.42,8,36.42,Open,,,MAJOR,,43.6981,43.6981,2.2266,40.42,20,,2,1,1,,,1,,
a84094a4-b9ce-4371-bf59-b2c89249e73e,Wallis Orchard Practical Shooters February 2024,2024-02-18,2,Stage 2,453f7115-05b7-4913-97b5-1f7c53b45107,Dan Schreiber,53,35.11,20,39.18,Limited Optics,C,A147899,MINOR,Super Senior,47.0211,42.1379,2.1471,49.37,17,,7,,,,,,,
a84094a4-b9ce-4371-bf59-b2c89249e73e,Wallis Orchard Practical Shooters February 2024,2024-02-18,2,Stage 2,453f7115-05b7-4913-97b5-1f7c53b45107,Parish Saculles,54,34.37,4,62.27,Limited,D,L5316,MINOR,,74.7231,41.2410,2.1014,32.36,11,,11,,2,,,,,
a84094a4-b9ce-4371-bf59-b2c89249e73e,Wallis Orchard Practical Shooters February 2024,2024-02-18,2,Stage 2,453f7115-05b7-4913-97b5-1f7c53b45107,Gary Brisco,55,33.54,21,37.43,Limited Optics,U,FY73704,MINOR,Super Senior,44.9143,40.2499,2.0509,44.37,17,,5,1,1,,,,,
a84094a4-b9ce-4371-bf59-b2c89249e73e,Wallis Orchard Practical Shooters February 2024,2024-02-18,2,Stage 2,453f7115-05b7-4913-97b5-1f7c53b45107,Robbie Boettcher,56,30.88,22,34.46,Limited Optics,C,L5829,MINOR,,41.3512,37.0568,1.8882,25.95,14,,6,1,3,,,1,,
a84094a4-b9ce-4371-bf59-b2c89249e73e,Wallis Orchard Practical Shooters February 2024,2024-02-18,2,Stage 2,453f7115-05b7-4913-97b5-1f7c53b45107,John Osmena,57,24.28,23,27.09,Limited Optics,U,,MINOR,Junior; Senior,32.5103,29.1340,1.4845,29.64,12,,8,,4,,,,,
a84094a4-b9ce-4371-bf59-b2c89249e73e,Wallis Orchard Practical Shooters February 2024,2024-02-18,2,Stage 2,453f7115-05b7-4913-97b5-1f7c53b45107,Rene Zalamea,58,20.20,9,20.20,Open,C,A66891,MAJOR,Senior,24.2375,24.2375,1.2350,29.15,10,,9,,5,,,,,
a84094a4-b9ce-4371-bf59-b2c89249e73e,Wallis Orchard Practical Shooters February 2024,2024-02-18,2,Stage 2,453f7115-05b7-4913-97b5-1f7c53b45107,Yul Kwan,59,10.45,10,10.45,Open,U,A156984,MINOR,Senior,12.5387,12.5387,0.6389,45.39,12,,6,1,5,,,,,
a84094a4-b9ce-4371-bf59-b2c89249e73e,Wallis Orchard Practical Shooters February 2024,2024-02-18,2,Stage 2,453f7115-05b7-4913-97b5-1f7c53b45107,Calvin Candie,60,9.44,5,12.24,Production,C,A130167,MINOR,,14.6927,11.3318,0.5774,29.44,15,,4,,5,,1,1,,
a84094a4-b9ce-4371-bf59-b2c89249e73e,Wallis Orchard Practical Shooters February 2024,2024-02-18,2,Stage 2,453f7115-05b7-4913-97b5-1f7c53b45107,Rodmhar Osmena,61,3.15,17,3.28,Carry Optics,U,,MINOR,NEW SHOOTER,3.9311,3.7799,0.1926,46.73,7,,11,1,5,,1,,,
a84094a4-b9ce-4371-bf59-b2c89249e73e,Wallis Orchard Practical Shooters February 2024,2024-02-18,2,Stage 2,453f7115-05b7-4913-97b5-1f7c53b45107,Dorothy Marquez,62,1.95,18,2.03,Carry Optics,U,,MINOR,NEW SHOOTER,2.4371,2.3433,0.1194,66.99,13,,4,1,6,,1,,,
a84094a4-b9ce-4371-bf59-b2c89249e73e,Wallis Orchard Practical Shooters February 2024,2024-02-18,2,Stage 2,453f7115-05b7-4913-97b5-1f7c53b45107,Christian (2) Canizales,63,0.00,19,0.00,Carry Optics,A,TY150265,MINOR,,0.0000,0.0000,,,,,,,,,,,,
a84094a4-b9ce-4371-bf59-b2c89249e73e,Wallis Orchard Practical Shooters February 2024,2024-02-18,2,Stage 2,453f7115-05b7-4913-97b5-1f7c53b45107,Gary Wu,64,0.00,24,0.00,Limited Optics,B,L2998,MINOR,Senior,0.0000,0.0000,,,,,,,,,,,,
a84094a4-b9ce-4371-bf59-b2c89249e73e,Wallis Orchard Practical Shooters February 2024,2024-02-18,2,Stage 2,453f7115-05b7-4913-97b5-1f7c53b45107,Loren Brusatori,65,0.00,11,0.00,Open,C,A149999,MINOR,,0.0000,0.0000,0.0000,15.88,4,,3,,17,,,,,
a84094a4-b9ce-4371-bf59-b2c89249e73e,Wallis Orchard Practical Shooters February 2024,2024-02-18,2,Stage 2,453f7115-05b7-4913-97b5-1f7c53b45107,Arnold Gee,66,0.00,12,0.00,Open,B,Ty103519,MAJOR,Senior,0.0000,0.0000,0.0000,32.89,6,,7,1,10,,,,,
a84094a4-b9ce-4371-bf59-b2c89249e73e,Wallis Orchard Practical Shooters February 2024,2024-02-18,2,Stage 2,453f7115-05b7-4913-97b5-1f7c53b45107,Demarquis Brown,67,0.00,5,0.00,Limited,U,A151662,MINOR,NEW SHOOTER,0.0000,0.0000,0.0000,43.30,10,,4,1,9,,2,,,
a84094a4-b9ce-4371-bf59-b2c89249e73e,Wallis Orchard Practical Shooters February 2024,2024-02-18,3,Stage 3,3adab211-7f8d-4f23-9186-187053ab5988,Chris Snow,1,100.00,1,100.00,Open,M,Ty107262,MINOR,,140.0000,140.0000,6.2287,20.55,22,,6,,,,,,,
a84094a4-b9ce-4371-bf59-b2c89249e73e,Wallis Orchard Practical Shooters February 2024,2024-02-18,3,Stage 3,3adab211-7f8d-4f23-9186-187053ab5988,Khoa Nguyen,2,93.54,1,100.00,Limited Optics,A,A117224,MINOR,Law Enforcement,140.0000,130.9532,5.8262,20.94,19,,9,,,,,,,
a84094a4-b9ce-4371-bf59-b2c89249e73e,Wallis Orchard Practical Shooters February 2024,2024-02-18,3,Stage 3,3adab211-7f8d-4f23-9186-187053ab5988,Jay-R delos-Santos,3,92.31,1,100.00,PCC,B,A70297,MINOR,Senior,140.0000,129.2337,5.7497,22.61,23,,5,,,,,,,
a84094a4-b9ce-4371-bf59-b2c89249e73e,Wallis Orchard Practical Shooters February 2024,2024-02-18,3,Stage 3,3adab211-7f8d-4f23-9186-187053ab5988,Michael Junco,4,92.11,2,98.47,Limited Optics,U,TY34819,MINOR,Senior; Law Enforcement,137.8638,128.9550,5.7373,22.31,23,,4,1,,,,,,
a84094a4-b9ce-4371-bf59-b2c89249e73e,Wallis Orchard Practical Shooters February 2024,2024-02-18,3,Stage 3,3adab211-7f8d-4f23-9186-187053ab5988,Zachary Ralston,5,91.90,1,100.00,Carry Optics,M,A123081,MINOR,NEW SHOOTER,140.0000,128.6651,5.7244,22.71,23,,5,,,,,,,
a84094a4-b9ce-4371-bf59-b2c89249e73e,Wallis Orchard Practical Shooters February 2024,2024-02-18,3,Stage 3,3adab211-7f8d-4f23-9186-187053ab5988,Duane Mendoza,6,84.22,3,90.03,Limited Optics,U,ty98162,MINOR,,126.0485,117.9033,5.2456,24.02,21,,7,,,,,,,
a84094a4-b9ce-4371-bf59-b2c89249e73e,Wallis Orchard Practical Shooters February 2024,2024-02-18,3,Stage 3,3adab211-7f8d-4f23-9186-187053ab5988,Marco Yue,7,83.92,2,90.91,PCC,M,L5762,MINOR,,127.2776,117.4897,5.2272,20.47,18,,9,,1,,,,,
a84094a4-b9ce-4371-bf59-b2c89249e73e,Wallis Orchard Practical Shooters February 2024,2024-02-18,3,Stage 3,3adab211-7f8d-4f23-9186-187053ab5988,Joseph White,8,83.26,2,90.59,Carry Optics,B,A135489,MINOR,Law Enforcement,126.8325,116.5636,5.1860,26.61,27,,1,,,,,,,
a84094a4-b9ce-4371-bf59-b2c89249e73e,Wallis Orchard Practical Shooters February 2024,2024-02-18,3,Stage 3,3adab211-7f8d-4f23-9186-187053ab5988,JJ Avila,9,80.85,2,80.85,Open,U,,MINOR,Law Enforcement,113.1967,113.1967,5.0362,26.21,24,,4,,,,,,,
a84094a4-b9ce-4371-bf59-b2c89249e73e,Wallis Orchard Practical Shooters February 2024,2024-02-18,3,Stage 3,3adab211-7f8d-4f23-9186-187053ab5988,Ryan Jaw,10,80.49,4,86.05,Limited Optics,C,TY142907,MINOR,,120.4665,112.6819,5.0133,26.33,24,,4,,,,,,,
a84094a4-b9ce-4371-bf59-b2c89249e73e,Wallis Orchard Practical Shooters February 2024,2024-02-18,3,Stage 3,3adab211-7f8d-4f23-9186-187053ab5988,Luke Rogers,11,80.43,3,87.51,Carry Optics,A,A133534,MINOR,,122.5183,112.5988,5.0096,25.95,23,,5,,,,,,,
a84094a4-b9ce-4371-bf59-b2c89249e73e,Wallis Orchard Practical Shooters February 2024,2024-02-18,3,Stage 3,3adab211-7f8d-4f23-9186-187053ab5988,Chev Jacot,12,79.93,5,85.45,Limited Optics,U,TY72378,MINOR,,119.6255,111.8953,4.9783,25.31,21,,7,,,,,,,
a84094a4-b9ce-4371-bf59-b2c89249e73e,Wallis Orchard Practical Shooters February 2024,2024-02-18,3,Stage 3,3adab211-7f8d-4f23-9186-187053ab5988,Hank Scorpio,13,79.68,1,100.00,Production,A,TY123776,MINOR,,140.0000,111.5514,4.9630,27.00,25,,3,,,,,,,
a84094a4-b9ce-4371-bf59-b2c89249e73e,Wallis Orchard Practical Shooters February 2024,2024-02-18,3,Stage 3,3adab211-7f8d-4f23-9186-187053ab5988,Matthew Gonzalez,14,79.59,4,86.60,Carry Optics,X,A119810,MINOR,,121.2466,111.4300,4.9576,23.60,23,,4,,1,,,,,
a84094a4-b9ce-4371-bf59-b2c89249e73e,Wallis Orchard Practical Shooters February 2024,2024-02-18,3,Stage 3,3adab211-7f8d-4f23-9186-187053ab5988,Arnold Gee,15,79.56,3,79.56,Open,B,Ty103519,MAJOR,Senior,111.3783,111.3783,4.9553,26.84,23,,4,1,,,,,,
a84094a4-b9ce-4371-bf59-b2c89249e73e,Wallis Orchard Practical Shooters February 2024,2024-02-18,3,Stage 3,3adab211-7f8d-4f23-9186-187053ab5988,Tyler Kenny,16,78.80,6,84.24,Limited Optics,B,A148691,MINOR,,117.9410,110.3196,4.9082,23.43,22,,5,,1,,,,,
a84094a4-b9ce-4371-bf59-b2c89249e73e,Wallis Orchard Practical Shooters February 2024,2024-02-18,3,Stage 3,3adab211-7f8d-4f23-9186-187053ab5988,Lee Cardwell,17,75.83,5,82.51,Carry Optics,U,A155173,MINOR,,115.5139,106.1615,4.7232,27.10,22,,6,,,,,,,
a84094a4-b9ce-4371-bf59-b2c89249e73e,Wallis Orchard Practical Shooters February 2024,2024-02-18,3,Stage 3,3adab211-7f8d-4f23-9186-187053ab5988,Lou Lerma,18,74.86,6,81.45,Carry Optics,C,A155846,MINOR,,114.0368,104.8039,4.6628,27.88,23,,5,,,,,,,
a84094a4-b9ce-4371-bf59-b2c89249e73e,Wallis Orchard Practical Shooters February 2024,2024-02-18,3,Stage 3,3adab211-7f8d-4f23-9186-187053ab5988,Craig Bellamy,19,72.84,7,77.87,Limited Optics,M,TY54824,MINOR,Law Enforcement,109.0213,101.9763,4.5370,21.60,25,,1,,2,,1,,,
a84094a4-b9ce-4371-bf59-b2c89249e73e,Wallis Orchard Practical Shooters February 2024,2024-02-18,3,Stage 3,3adab211-7f8d-4f23-9186-187053ab5988,Jeremiah Hunt,20,71.83,8,76.80,Limited Optics,C,A148592,MINOR,,107.5147,100.5671,4.4743,26.82,19,,8,1,,,,,,
a84094a4-b9ce-4371-bf59-b2c89249e73e,Wallis Orchard Practical Shooters February 2024,2024-02-18,3,Stage 3,3adab211-7f8d-4f23-9186-187053ab5988,Eric Wu,21,71.67,9,76.62,Limited Optics,U,FY104740,MINOR,,107.2672,100.3355,4.4640,29.57,24,,4,,,,,,,
a84094a4-b9ce-4371-bf59-b2c89249e73e,Wallis Orchard Practical Shooters February 2024,2024-02-18,3,Stage 3,3adab211-7f8d-4f23-9186-187053ab5988,Andrew Whitley,22,71.40,4,71.40,Open,A,TY106649,MAJOR,,99.9602,99.9602,4.4473,23.61,21,,5,,2,,,,,
a84094a4-b9ce-4371-bf59-b2c89249e73e,Wallis Orchard Practical Shooters February 2024,2024-02-18,3,Stage 3,3adab211-7f8d-4f23-9186-187053ab5988,Jesse Harrington,23,71.26,10,76.18,Limited Optics,C,A153046,MINOR,,106.6544,99.7624,4.4385,29.74,24,,4,,,,,,,
a84094a4-b9ce-4371-bf59-b2c89249e73e,Wallis Orchard Practical Shooters February 2024,2024-02-18,3,Stage 3,3adab211-7f8d-4f23-9186-187053ab5988,David Zhang,24,71.05,11,75.96,Limited Optics,B,FY140383,MINOR,,106.3420,99.4702,4.4255,25.76,16,,11,1,,,,,,
a84094a4-b9ce-4371-bf59-b2c89249e73e,Wallis Orchard Practical Shooters February 2024,2024-02-18,3,Stage 3,3adab211-7f8d-4f23-9186-187053ab5988,phil truong,25,70.96,5,70.96,Open,B,FY128600,MINOR,,99.3398,99.3398,4.4197,26.02,22,,5,,1,,,,,
a84094a4-b9ce-4371-bf59-b2c89249e73e,Wallis Orchard Practical Shooters February 2024,2024-02-18,3,Stage 3,3adab211-7f8d-4f23-9186-187053ab5988,Cliff Pinsent,26,70.59,6,70.59,Open,B,FY99321,MAJOR,Super Senior,98.8229,98.8229,4.3967,31.16,25,,3,,,,,,,
a84094a4-b9ce-4371-bf59-b2c89249e73e,Wallis Orchard Practical Shooters February 2024,2024-02-18,3,Stage 3,3adab211-7f8d-4f23-9186-187053ab5988,Brandon Hunt,27,70.28,12,75.14,Limited Optics,U,FY150701,MINOR,,105.1910,98.3936,4.3776,29.24,22,,6,,,,,,,
a84094a4-b9ce-4371-bf59-b2c89249e73e,Wallis Orchard Practical Shooters February 2024,2024-02-18,3,Stage 3,3adab211-7f8d-4f23-9186-187053ab5988,Derik Satsky,28,69.52,7,75.64,Carry Optics,M,FY119794,MINOR,,105.9000,97.3259,4.3301,24.48,21,,7,,,,2,,,
a84094a4-b9ce-4371-bf59-b2c89249e73e,Wallis Orchard Practical Shooters February 2024,2024-02-18,3,Stage 3,3adab211-7f8d-4f23-9186-187053ab5988,Manny Nerona,29,69.39,13,74.19,Limited Optics,U,A69445,MINOR,,103.8646,97.1529,4.3224,25.68,20,,7,,1,,,,,
a84094a4-b9ce-4371-bf59-b2c89249e73e,Wallis Orchard Practical Shooters February 2024,2024-02-18,3,Stage 3,3adab211-7f8d-4f23-9186-187053ab5988,Jason Wilson,30,68.94,7,68.94,Open,U,A94696,MAJOR,,96.5123,96.5123,4.2939,31.44,23,,5,,,,,,,
a84094a4-b9ce-4371-bf59-b2c89249e73e,Wallis Orchard Practical Shooters February 2024,2024-02-18,3,Stage 3,3adab211-7f8d-4f23-9186-187053ab5988,George Zhou,31,68.68,8,74.73,Carry Optics,C,A146179,MINOR,NEW SHOOTER,104.6283,96.1571,4.2781,28.05,20,,6,2,,,,,,
a84094a4-b9ce-4371-bf59-b2c89249e73e,Wallis Orchard Practical Shooters February 2024,2024-02-18,3,Stage 3,3adab211-7f8d-4f23-9186-187053ab5988,Isaac Robledo,32,68.64,9,74.68,Carry Optics,U,A156101,MINOR,,104.5573,96.0920,4.2752,29.94,23,,4,1,,,,,,
a84094a4-b9ce-4371-bf59-b2c89249e73e,Wallis Orchard Practical Shooters February 2024,2024-02-18,3,Stage 3,3adab211-7f8d-4f23-9186-187053ab5988,FRANCIS Thanh NGUYEN,33,68.12,10,74.13,Carry Optics,U,0,MINOR,,103.7772,95.3750,4.2433,28.28,18,,10,,,,,,,
a84094a4-b9ce-4371-bf59-b2c89249e73e,Wallis Orchard Practical Shooters February 2024,2024-02-18,3,Stage 3,3adab211-7f8d-4f23-9186-187053ab5988,Robbie Boettcher,34,65.47,14,69.99,Limited Optics,C,L5829,MINOR,,97.9918,91.6596,4.0780,27.71,21,,6,,1,,,,,
a84094a4-b9ce-4371-bf59-b2c89249e73e,Wallis Orchard Practical Shooters February 2024,2024-02-18,3,Stage 3,3adab211-7f8d-4f23-9186-187053ab5988,Peter Kirchner,35,64.36,11,70.03,Carry Optics,A,TY105743,MINOR,,98.0421,90.1042,4.0088,27.19,19,,8,,1,,,,,
a84094a4-b9ce-4371-bf59-b2c89249e73e,Wallis Orchard Practical Shooters February 2024,2024-02-18,3,Stage 3,3adab211-7f8d-4f23-9186-187053ab5988,Tony Vale,36,64.24,12,69.90,Carry Optics,U,A153735,MINOR,,97.8635,89.9401,4.0015,27.24,19,,8,,1,,,,,
a84094a4-b9ce-4371-bf59-b2c89249e73e,Wallis Orchard Practical Shooters February 2024,2024-02-18,3,Stage 3,3adab211-7f8d-4f23-9186-187053ab5988,Ramil Villanueva,37,62.24,15,66.54,Limited Optics,U,,MINOR,Senior,93.1595,87.1395,3.8769,25.02,16,,8,3,1,,,,,
a84094a4-b9ce-4371-bf59-b2c89249e73e,Wallis Orchard Practical Shooters February 2024,2024-02-18,3,Stage 3,3adab211-7f8d-4f23-9186-187053ab5988,Christian Canizales,38,61.79,13,67.23,Carry Optics,A,TY150265,MINOR,,94.1265,86.5057,3.8487,29.88,22,,5,,1,,,,,
a84094a4-b9ce-4371-bf59-b2c89249e73e,Wallis Orchard Practical Shooters February 2024,2024-02-18,3,Stage 3,3adab211-7f8d-4f23-9186-187053ab5988,Ryan Alicaya,39,60.59,16,64.78,Limited Optics,D,,MINOR,,90.6917,84.8312,3.7742,29.94,22,,4,1,1,,,,,
a84094a4-b9ce-4371-bf59-b2c89249e73e,Wallis Orchard Practical Shooters February 2024,2024-02-18,3,Stage 3,3adab211-7f8d-4f23-9186-187053ab5988,Angelo Guadalquiver,40,59.88,8,59.88,Open,B,A145293,MAJOR,,83.8355,83.8355,3.7299,21.18,21,,3,1,3,,1,,,
a84094a4-b9ce-4371-bf59-b2c89249e73e,Wallis Orchard Practical Shooters February 2024,2024-02-18,3,Stage 3,3adab211-7f8d-4f23-9186-187053ab5988,Marcelo Melo,41,59.33,17,63.43,Limited Optics,,,MINOR,,88.7982,83.0600,3.6954,31.12,22,,5,,1,,,,,
a84094a4-b9ce-4371-bf59-b2c89249e73e,Wallis Orchard Practical Shooters February 2024,2024-02-18,3,Stage 3,3adab211-7f8d-4f23-9186-187053ab5988,Michael St. Amand,42,59.13,14,64.34,Carry Optics,U,,MINOR,,90.0741,82.7813,3.6830,35.84,24,,4,,,,,,,
a84094a4-b9ce-4371-bf59-b2c89249e73e,Wallis Orchard Practical Shooters February 2024,2024-02-18,3,Stage 3,3adab211-7f8d-4f23-9186-187053ab5988,Rene Zalamea,43,57.08,9,57.08,Open,C,A66891,MAJOR,Senior,79.9178,79.9178,3.5556,31.50,18,,7,2,1,,,,,
a84094a4-b9ce-4371-bf59-b2c89249e73e,Wallis Orchard Practical Shooters February 2024,2024-02-18,3,Stage 3,3adab211-7f8d-4f23-9186-187053ab5988,Rudy Widiaman,44,55.70,18,59.55,Limited Optics,U,A155535,MINOR,,83.3675,77.9803,3.4694,24.50,20,,5,,3,,,,,
a84094a4-b9ce-4371-bf59-b2c89249e73e,Wallis Orchard Practical Shooters February 2024,2024-02-18,3,Stage 3,3adab211-7f8d-4f23-9186-187053ab5988,Parish Saculles,45,52.62,1,100.00,Limited,D,L5316,MINOR,,140.0000,73.6716,3.2777,31.73,23,,3,,2,,,,,
a84094a4-b9ce-4371-bf59-b2c89249e73e,Wallis Orchard Practical Shooters February 2024,2024-02-18,3,Stage 3,3adab211-7f8d-4f23-9186-187053ab5988,Matthew Lem,46,52.14,2,65.44,Production,A,FY34763,MINOR,Senior; Law Enforcement,91.6107,72.9950,3.2476,29.56,19,,7,,2,,,,,
a84094a4-b9ce-4371-bf59-b2c89249e73e,Wallis Orchard Practical Shooters February 2024,2024-02-18,3,Stage 3,3adab211-7f8d-4f23-9186-187053ab5988,Eric Mccampbell,47,51.19,2,97.28,Limited,B,A14332,MAJOR,Senior,136.1943,71.6689,3.1886,37.32,21,,6,,1,,,,,
a84094a4-b9ce-4371-bf59-b2c89249e73e,Wallis Orchard Practical Shooters February 2024,2024-02-18,3,Stage 3,3adab211-7f8d-4f23-9186-187053ab5988,Carlos Escandon,48,50.00,19,53.45,Limited Optics,U,L2590,MINOR,Super Senior,74.8323,69.9966,3.1142,37.57,23,,4,,1,,,,,
a84094a4-b9ce-4371-bf59-b2c89249e73e,Wallis Orchard Practical Shooters February 2024,2024-02-18,3,Stage 3,3adab211-7f8d-4f23-9186-187053ab5988,Emman Alcoseba,49,47.96,3,91.14,Limited,C,TY67519,MINOR,Senior,127.5962,67.1443,2.9873,40.84,19,,9,,,,,,,
a84094a4-b9ce-4371-bf59-b2c89249e73e,Wallis Orchard Practical Shooters February 2024,2024-02-18,3,Stage 3,3adab211-7f8d-4f23-9186-187053ab5988,John Osmena,50,46.65,20,49.87,Limited Optics,U,,MINOR,Junior; Senior,69.8150,65.3035,2.9054,36.14,22,,5,,1,,1,,,
a84094a4-b9ce-4371-bf59-b2c89249e73e,Wallis Orchard Practical Shooters February 2024,2024-02-18,3,Stage 3,3adab211-7f8d-4f23-9186-187053ab5988,Gennady Khokhorin,51,45.29,3,56.83,Production,B,A123884,MINOR,Super Senior,79.5684,63.3997,2.8207,29.78,15,,9,2,2,,,,,
a84094a4-b9ce-4371-bf59-b2c89249e73e,Wallis Orchard Practical Shooters February 2024,2024-02-18,3,Stage 3,3adab211-7f8d-4f23-9186-187053ab5988,Chang Qian,52,43.16,4,82.01,Limited,C,A150939,MINOR,,114.8122,60.4171,2.6880,29.39,18,,6,1,3,,,,,
a84094a4-b9ce-4371-bf59-b2c89249e73e,Wallis Orchard Practical Shooters February 2024,2024-02-18,3,Stage 3,3adab211-7f8d-4f23-9186-187053ab5988,Loren Brusatori,53,42.88,10,42.88,Open,C,A149999,MINOR,,60.0350,60.0350,2.6710,43.43,16,,12,,,,,,,
a84094a4-b9ce-4371-bf59-b2c89249e73e,Wallis Orchard Practical Shooters February 2024,2024-02-18,3,Stage 3,3adab211-7f8d-4f23-9186-187053ab5988,Calvin Candie,54,41.78,4,52.43,Production,C,A130167,MINOR,,73.4076,58.4909,2.6023,31.51,19,,5,2,2,,,1,,
a84094a4-b9ce-4371-bf59-b2c89249e73e,Wallis Orchard Practical Shooters February 2024,2024-02-18,3,Stage 3,3adab211-7f8d-4f23-9186-187053ab5988,Pat Byrne,55,38.56,5,48.39,Production,B,fy93921,MINOR,,67.7489,53.9821,2.4017,32.06,16,,9,,3,,,,,
a84094a4-b9ce-4371-bf59-b2c89249e73e,Wallis Orchard Practical Shooters February 2024,2024-02-18,3,Stage 3,3adab211-7f8d-4f23-9186-187053ab5988,CHAN WILLIAM,56,36.24,15,39.44,Carry Optics,B,,MINOR,,55.2110,50.7409,2.2575,23.92,12,,11,1,4,,,,,
a84094a4-b9ce-4371-bf59-b2c89249e73e,Wallis Orchard Practical Shooters February 2024,2024-02-18,3,Stage 3,3adab211-7f8d-4f23-9186-187053ab5988,Dan Schreiber,57,29.20,21,31.21,Limited Optics,C,A147899,MINOR,Super Senior,43.6974,40.8737,1.8185,51.69,18,,8,,2,,,,,
a84094a4-b9ce-4371-bf59-b2c89249e73e,Wallis Orchard Practical Shooters February 2024,2024-02-18,3,Stage 3,3adab211-7f8d-4f23-9186-187053ab5988,Phyl Santos,58,28.14,16,30.62,Carry Optics,U,a155981,MINOR,,42.8677,39.3970,1.7528,33.09,14,,9,1,4,,,,,
a84094a4-b9ce-4371-bf59-b2c89249e73e,Wallis Orchard Practical Shooters February 2024,2024-02-18,3,Stage 3,3adab211-7f8d-4f23-9186-187053ab5988,Yul Kwan,59,26.67,11,26.67,Open,U,A156984,MINOR,Senior,37.3426,37.3426,1.6614,43.94,17,,6,2,3,,,,,2
a84094a4-b9ce-4371-bf59-b2c89249e73e,Wallis Orchard Practical Shooters February 2024,2024-02-18,3,Stage 3,3adab211-7f8d-4f23-9186-187053ab5988,Gary Brisco,60,25.70,22,27.48,Limited Optics,U,FY73704,MINOR,Super Senior,38.4686,35.9828,1.6009,46.85,16,,8,1,3,,,,,
a84094a4-b9ce-4371-bf59-b2c89249e73e,Wallis Orchard Practical Shooters February 2024,2024-02-18,3,Stage 3,3adab211-7f8d-4f23-9186-187053ab5988,Jason Ventre,61,25.47,12,25.47,Open,,,MAJOR,,35.6636,35.6636,1.5867,52.31,23,,2,,3,,1,,,
a84094a4-b9ce-4371-bf59-b2c89249e73e,Wallis Orchard Practical Shooters February 2024,2024-02-18,3,Stage 3,3adab211-7f8d-4f23-9186-187053ab5988,Dorothy Marquez,62,21.73,17,23.64,Carry Optics,U,,MINOR,NEW SHOOTER,33.0997,30.4198,1.3534,65.02,17,,7,2,2,,,,,
a84094a4-b9ce-4371-bf59-b2c89249e73e,Wallis Orchard Practical Shooters February 2024,2024-02-18,3,Stage 3,3adab211-7f8d-4f23-9186-187053ab5988,Rodmhar Osmena,63,17.20,18,18.71,Carry Optics,U,,MINOR,NEW SHOOTER,26.1956,24.0747,1.0711,46.68,13,,7,4,4,,,,,
a84094a4-b9ce-4371-bf59-b2c89249e73e,Wallis Orchard Practical Shooters February 2024,2024-02-18,3,Stage 3,3adab211-7f8d-4f23-9186-187053ab5988,Dale Hamm,64,16.60,23,17.75,Limited Optics,D,TY97196,MINOR,Senior,24.8488,23.2431,1.0341,38.68,11,,11,2,4,,1,,,
a84094a4-b9ce-4371-bf59-b2c89249e73e,Wallis Orchard Practical Shooters February 2024,2024-02-18,3,Stage 3,3adab211-7f8d-4f23-9186-187053ab5988,Demarquis Brown,65,7.24,5,13.75,Limited,U,A151662,MINOR,NEW SHOOTER,19.2507,10.1302,0.4507,48.81,14,,7,1,6,,1,,,
a84094a4-b9ce-4371-bf59-b2c89249e73e,Wallis Orchard Practical Shooters February 2024,2024-02-18,3,Stage 3,3adab211-7f8d-4f23-9186-187053ab5988,Christian (2) Canizales,66,0.00,19,0.00,Carry Optics,A,TY150265,MINOR,,0.0000,0.0000,,,,,,,,,,,,
a84094a4-b9ce-4371-bf59-b2c89249e73e,Wallis Orchard Practical Shooters February 2024,2024-02-18,3,Stage 3,3adab211-7f8d-4f23-9186-187053ab5988,Gary Wu,67,0.00,24,0.00,Limited Optics,B,L2998,MINOR,Senior,0.0000,0.0000,,,,,,,,,,,,
a84094a4-b9ce-4371-bf59-b2c89249e73e,Wallis Orchard Practical Shooters February 2024,2024-02-18,4,Stage 4,828c74c1-7a85-46c5-83ba-2248484ca42a,Angelo Guadalquiver,1,100.00,1,100.00,Open,B,A145293,MAJOR,,110.0000,110.0000,7.1627,14.38,17,,4,1,,,,,,
a84094a4-b9ce-4371-bf59-b2c89249e73e,Wallis Orchard Practical Shooters February 2024,2024-02-18,4,Stage 4,828c74c1-7a85-46c5-83ba-2248484ca42a,Zachary Ralston,2,94.40,1,100.00,Carry Optics,M,A123081,MINOR,NEW SHOOTER,110.0000,103.8356,6.7613,14.79,17,,5,,,,,,,
a84094a4-b9ce-4371-bf59-b2c89249e73e,Wallis Orchard Practical Shooters February 2024,2024-02-18,4,Stage 4,828c74c1-7a85-46c5-83ba-2248484ca42a,Chris Snow,3,90.97,2,90.97,Open,M,Ty107262,MINOR,,100.0623,100.0623,6.5156,14.12,14,,7,1,,,,,,
a84094a4-b9ce-4371-bf59-b2c89249e73e,Wallis Orchard Practical Shooters February 2024,2024-02-18,4,Stage 4,828c74c1-7a85-46c5-83ba-2248484ca42a,Khoa Nguyen,4,89.61,1,100.00,Limited Optics,A,A117224,MINOR,Law Enforcement,110.0000,98.5741,6.4187,13.71,12,,9,1,,,,,,
a84094a4-b9ce-4371-bf59-b2c89249e73e,Wallis Orchard Practical Shooters February 2024,2024-02-18,4,Stage 4,828c74c1-7a85-46c5-83ba-2248484ca42a,Michael Junco,5,79.97,2,89.24,Limited Optics,U,TY34819,MINOR,Senior; Law Enforcement,98.1615,87.9653,5.7279,16.76,15,,7,,,,,,,
a84094a4-b9ce-4371-bf59-b2c89249e73e,Wallis Orchard Practical Shooters February 2024,2024-02-18,4,Stage 4,828c74c1-7a85-46c5-83ba-2248484ca42a,JJ Avila,6,78.65,3,78.65,Open,U,,MINOR,Law Enforcement,86.5202,86.5202,5.6338,17.75,17,,5,,,,,,,
a84094a4-b9ce-4371-bf59-b2c89249e73e,Wallis Orchard Practical Shooters February 2024,2024-02-18,4,Stage 4,828c74c1-7a85-46c5-83ba-2248484ca42a,Luke Rogers,7,78.33,2,82.98,Carry Optics,A,A133534,MINOR,,91.2792,86.1639,5.6106,18.18,18,,4,,,,,,,
a84094a4-b9ce-4371-bf59-b2c89249e73e,Wallis Orchard Practical Shooters February 2024,2024-02-18,4,Stage 4,828c74c1-7a85-46c5-83ba-2248484ca42a,Chev Jacot,8,72.41,3,80.80,Limited Optics,U,TY72378,MINOR,,88.8815,79.6493,5.1864,18.51,15,,7,,,,,,,
a84094a4-b9ce-4371-bf59-b2c89249e73e,Wallis Orchard Practical Shooters February 2024,2024-02-18,4,Stage 4,828c74c1-7a85-46c5-83ba-2248484ca42a,Chang Qian,9,71.99,1,100.00,Limited,C,A150939,MINOR,,110.0000,79.1870,5.1563,18.23,14,,8,,,,,,,
a84094a4-b9ce-4371-bf59-b2c89249e73e,Wallis Orchard Practical Shooters February 2024,2024-02-18,4,Stage 4,828c74c1-7a85-46c5-83ba-2248484ca42a,Ryan Alicaya,10,71.80,4,80.12,Limited Optics,D,,MINOR,,88.1292,78.9751,5.1425,17.89,14,,7,1,,,,,,
a84094a4-b9ce-4371-bf59-b2c89249e73e,Wallis Orchard Practical Shooters February 2024,2024-02-18,4,Stage 4,828c74c1-7a85-46c5-83ba-2248484ca42a,Hank Scorpio,11,71.41,1,100.00,Production,A,TY123776,MINOR,,110.0000,78.5497,5.1148,19.16,17,,4,1,,,,,,
a84094a4-b9ce-4371-bf59-b2c89249e73e,Wallis Orchard Practical Shooters February 2024,2024-02-18,4,Stage 4,828c74c1-7a85-46c5-83ba-2248484ca42a,Rene Zalamea,12,71.38,4,71.38,Open,C,A66891,MAJOR,Senior,78.5144,78.5144,5.1125,19.56,14,,7,1,,,,,,
a84094a4-b9ce-4371-bf59-b2c89249e73e,Wallis Orchard Practical Shooters February 2024,2024-02-18,4,Stage 4,828c74c1-7a85-46c5-83ba-2248484ca42a,Marco Yue,13,70.63,1,100.00,PCC,M,L5762,MINOR,,110.0000,77.6912,5.0589,14.43,10,,11,,1,,,,,
a84094a4-b9ce-4371-bf59-b2c89249e73e,Wallis Orchard Practical Shooters February 2024,2024-02-18,4,Stage 4,828c74c1-7a85-46c5-83ba-2248484ca42a,Jason Wilson,14,69.98,5,69.98,Open,U,A94696,MAJOR,,76.9787,76.9787,5.0125,19.95,14,,7,1,,,,,,
a84094a4-b9ce-4371-bf59-b2c89249e73e,Wallis Orchard Practical Shooters February 2024,2024-02-18,4,Stage 4,828c74c1-7a85-46c5-83ba-2248484ca42a,Manny Nerona,15,69.81,5,77.90,Limited Optics,U,A69445,MINOR,,85.6871,76.7867,5.0000,17.20,15,,7,,,,,1,,
a84094a4-b9ce-4371-bf59-b2c89249e73e,Wallis Orchard Practical Shooters February 2024,2024-02-18,4,Stage 4,828c74c1-7a85-46c5-83ba-2248484ca42a,Duane Mendoza,16,69.40,6,77.44,Limited Optics,U,ty98162,MINOR,,85.1833,76.3352,4.9706,15.29,6,,15,1,,,,,,
a84094a4-b9ce-4371-bf59-b2c89249e73e,Wallis Orchard Practical Shooters February 2024,2024-02-18,4,Stage 4,828c74c1-7a85-46c5-83ba-2248484ca42a,Joseph White,17,68.59,3,72.66,Carry Optics,B,A135489,MINOR,Law Enforcement,79.9299,75.4506,4.9130,19.54,15,,7,,,,,,,
a84094a4-b9ce-4371-bf59-b2c89249e73e,Wallis Orchard Practical Shooters February 2024,2024-02-18,4,Stage 4,828c74c1-7a85-46c5-83ba-2248484ca42a,Andrew Whitley,18,67.97,6,67.97,Open,A,TY106649,MAJOR,,74.7703,74.7703,4.8687,15.61,12,,4,5,1,,,,,
a84094a4-b9ce-4371-bf59-b2c89249e73e,Wallis Orchard Practical Shooters February 2024,2024-02-18,4,Stage 4,828c74c1-7a85-46c5-83ba-2248484ca42a,Christian Canizales,19,67.96,4,72.00,Carry Optics,A,TY150265,MINOR,,79.1962,74.7580,4.8679,19.31,14,,8,,,,,,,
a84094a4-b9ce-4371-bf59-b2c89249e73e,Wallis Orchard Practical Shooters February 2024,2024-02-18,4,Stage 4,828c74c1-7a85-46c5-83ba-2248484ca42a,FRANCIS Thanh NGUYEN,20,67.45,5,71.46,Carry Optics,U,0,MINOR,,78.6040,74.1990,4.8315,17.80,12,,8,2,,,,,,
a84094a4-b9ce-4371-bf59-b2c89249e73e,Wallis Orchard Practical Shooters February 2024,2024-02-18,4,Stage 4,828c74c1-7a85-46c5-83ba-2248484ca42a,Craig Bellamy,21,67.11,7,74.89,Limited Optics,M,TY54824,MINOR,Law Enforcement,82.3813,73.8243,4.8071,16.85,15,,5,1,1,,,,,
a84094a4-b9ce-4371-bf59-b2c89249e73e,Wallis Orchard Practical Shooters February 2024,2024-02-18,4,Stage 4,828c74c1-7a85-46c5-83ba-2248484ca42a,Matthew Gonzalez,22,67.07,6,71.05,Carry Optics,X,A119810,MINOR,,78.1598,73.7797,4.8042,19.15,14,,7,1,,,,,,
a84094a4-b9ce-4371-bf59-b2c89249e73e,Wallis Orchard Practical Shooters February 2024,2024-02-18,4,Stage 4,828c74c1-7a85-46c5-83ba-2248484ca42a,Tyler Kenny,23,64.44,8,71.91,Limited Optics,B,A148691,MINOR,,79.0961,70.8803,4.6154,20.80,20,,2,,,,1,,,
a84094a4-b9ce-4371-bf59-b2c89249e73e,Wallis Orchard Practical Shooters February 2024,2024-02-18,4,Stage 4,828c74c1-7a85-46c5-83ba-2248484ca42a,Peter Kirchner,24,63.05,7,66.79,Carry Optics,A,TY105743,MINOR,,73.4727,69.3553,4.5161,18.60,11,,9,2,,,,,,
a84094a4-b9ce-4371-bf59-b2c89249e73e,Wallis Orchard Practical Shooters February 2024,2024-02-18,4,Stage 4,828c74c1-7a85-46c5-83ba-2248484ca42a,Matthew Lem,25,61.12,2,85.60,Production,A,FY34763,MINOR,Senior; Law Enforcement,94.1564,67.2360,4.3781,20.10,17,,4,1,,,1,,,
a84094a4-b9ce-4371-bf59-b2c89249e73e,Wallis Orchard Practical Shooters February 2024,2024-02-18,4,Stage 4,828c74c1-7a85-46c5-83ba-2248484ca42a,Lee Cardwell,26,60.67,8,64.27,Carry Optics,U,A155173,MINOR,,70.6972,66.7353,4.3455,18.87,9,,12,1,,,,,,
a84094a4-b9ce-4371-bf59-b2c89249e73e,Wallis Orchard Practical Shooters February 2024,2024-02-18,4,Stage 4,828c74c1-7a85-46c5-83ba-2248484ca42a,George Zhou,27,60.21,9,63.78,Carry Optics,C,A146179,MINOR,NEW SHOOTER,70.1603,66.2285,4.3125,16.00,9,,11,1,1,,,,,
a84094a4-b9ce-4371-bf59-b2c89249e73e,Wallis Orchard Practical Shooters February 2024,2024-02-18,4,Stage 4,828c74c1-7a85-46c5-83ba-2248484ca42a,David Zhang,28,58.14,9,64.87,Limited Optics,B,FY140383,MINOR,,71.3620,63.9495,4.1641,16.33,7,,9,6,,,,,,
a84094a4-b9ce-4371-bf59-b2c89249e73e,Wallis Orchard Practical Shooters February 2024,2024-02-18,4,Stage 4,828c74c1-7a85-46c5-83ba-2248484ca42a,Phyl Santos,29,56.50,10,59.86,Carry Optics,U,a155981,MINOR,,65.8441,62.1542,4.0472,23.72,16,,5,1,,,,,,
a84094a4-b9ce-4371-bf59-b2c89249e73e,Wallis Orchard Practical Shooters February 2024,2024-02-18,4,Stage 4,828c74c1-7a85-46c5-83ba-2248484ca42a,Carlos Escandon,30,56.02,10,62.51,Limited Optics,U,L2590,MINOR,Super Senior,68.7588,61.6167,4.0122,22.93,14,,7,1,,,,,,
a84094a4-b9ce-4371-bf59-b2c89249e73e,Wallis Orchard Practical Shooters February 2024,2024-02-18,4,Stage 4,828c74c1-7a85-46c5-83ba-2248484ca42a,Jeremiah Hunt,31,53.44,11,59.64,Limited Optics,C,A148592,MINOR,,65.5986,58.7848,3.8278,22.99,12,,9,1,,,,,,
a84094a4-b9ce-4371-bf59-b2c89249e73e,Wallis Orchard Practical Shooters February 2024,2024-02-18,4,Stage 4,828c74c1-7a85-46c5-83ba-2248484ca42a,Gennady Khokhorin,32,53.03,3,74.27,Production,B,A123884,MINOR,Super Senior,81.6935,58.3364,3.7986,22.64,13,,6,3,,,,,,
a84094a4-b9ce-4371-bf59-b2c89249e73e,Wallis Orchard Practical Shooters February 2024,2024-02-18,4,Stage 4,828c74c1-7a85-46c5-83ba-2248484ca42a,Pat Byrne,33,50.55,4,70.79,Production,B,fy93921,MINOR,,77.8654,55.6028,3.6206,25.41,14,,7,1,,,,,,
a84094a4-b9ce-4371-bf59-b2c89249e73e,Wallis Orchard Practical Shooters February 2024,2024-02-18,4,Stage 4,828c74c1-7a85-46c5-83ba-2248484ca42a,Lou Lerma,34,49.88,11,52.84,Carry Optics,C,A155846,MINOR,,58.1277,54.8702,3.5729,23.79,16,,5,,1,,,,,
a84094a4-b9ce-4371-bf59-b2c89249e73e,Wallis Orchard Practical Shooters February 2024,2024-02-18,4,Stage 4,828c74c1-7a85-46c5-83ba-2248484ca42a,Brandon Hunt,35,49.37,12,55.09,Limited Optics,U,FY150701,MINOR,,60.5979,54.3035,3.5360,23.19,8,,14,,,,,,,
a84094a4-b9ce-4371-bf59-b2c89249e73e,Wallis Orchard Practical Shooters February 2024,2024-02-18,4,Stage 4,828c74c1-7a85-46c5-83ba-2248484ca42a,Ramil Villanueva,36,48.57,13,54.20,Limited Optics,U,,MINOR,Senior,59.6160,53.4236,3.4787,19.26,9,,10,2,1,,,,,
a84094a4-b9ce-4371-bf59-b2c89249e73e,Wallis Orchard Practical Shooters February 2024,2024-02-18,4,Stage 4,828c74c1-7a85-46c5-83ba-2248484ca42a,Cliff Pinsent,37,48.49,7,48.49,Open,B,FY99321,MAJOR,Super Senior,53.3345,53.3345,3.4729,21.02,13,,6,2,1,,1,,,
a84094a4-b9ce-4371-bf59-b2c89249e73e,Wallis Orchard Practical Shooters February 2024,2024-02-18,4,Stage 4,828c74c1-7a85-46c5-83ba-2248484ca42a,Jesse Harrington,38,48.04,14,53.61,Limited Optics,C,A153046,MINOR,,58.9716,52.8461,3.4411,24.12,15,,6,,1,,,,,
a84094a4-b9ce-4371-bf59-b2c89249e73e,Wallis Orchard Practical Shooters February 2024,2024-02-18,4,Stage 4,828c74c1-7a85-46c5-83ba-2248484ca42a,Emman Alcoseba,39,45.70,2,63.49,Limited,C,TY67519,MINOR,Senior,69.8383,50.2753,3.2737,26.27,11,,10,1,,,,,,
a84094a4-b9ce-4371-bf59-b2c89249e73e,Wallis Orchard Practical Shooters February 2024,2024-02-18,4,Stage 4,828c74c1-7a85-46c5-83ba-2248484ca42a,phil truong,40,45.50,8,45.50,Open,B,FY128600,MINOR,,50.0450,50.0450,3.2587,19.64,13,,6,1,2,,,,,
a84094a4-b9ce-4371-bf59-b2c89249e73e,Wallis Orchard Practical Shooters February 2024,2024-02-18,4,Stage 4,828c74c1-7a85-46c5-83ba-2248484ca42a,CHAN WILLIAM,41,44.48,12,47.12,Carry Optics,B,,MINOR,,51.8300,48.9254,3.1858,16.95,9,,9,2,2,,,,,
a84094a4-b9ce-4371-bf59-b2c89249e73e,Wallis Orchard Practical Shooters February 2024,2024-02-18,4,Stage 4,828c74c1-7a85-46c5-83ba-2248484ca42a,Ryan Jaw,42,43.51,15,48.55,Limited Optics,C,TY142907,MINOR,,53.4054,47.8581,3.1163,17.97,13,,7,,2,,,1,,
a84094a4-b9ce-4371-bf59-b2c89249e73e,Wallis Orchard Practical Shooters February 2024,2024-02-18,4,Stage 4,828c74c1-7a85-46c5-83ba-2248484ca42a,Eric Mccampbell,43,43.23,3,60.06,Limited,B,A14332,MAJOR,Senior,66.0623,47.5571,3.0967,34.23,18,,4,,,,,,,
a84094a4-b9ce-4371-bf59-b2c89249e73e,Wallis Orchard Practical Shooters February 2024,2024-02-18,4,Stage 4,828c74c1-7a85-46c5-83ba-2248484ca42a,Jay-R delos-Santos,44,39.01,2,55.23,PCC,B,A70297,MINOR,Senior,60.7502,42.9069,2.7939,17.18,9,,11,,2,,,1,,
a84094a4-b9ce-4371-bf59-b2c89249e73e,Wallis Orchard Practical Shooters February 2024,2024-02-18,4,Stage 4,828c74c1-7a85-46c5-83ba-2248484ca42a,Eric Wu,45,38.89,16,43.40,Limited Optics,U,FY104740,MINOR,,47.7363,42.7779,2.7855,21.54,11,,8,1,2,,,,,
a84094a4-b9ce-4371-bf59-b2c89249e73e,Wallis Orchard Practical Shooters February 2024,2024-02-18,4,Stage 4,828c74c1-7a85-46c5-83ba-2248484ca42a,Robbie Boettcher,46,38.65,17,43.13,Limited Optics,C,L5829,MINOR,,47.4450,42.5168,2.7685,20.95,12,,5,3,2,,,,,
a84094a4-b9ce-4371-bf59-b2c89249e73e,Wallis Orchard Practical Shooters February 2024,2024-02-18,4,Stage 4,828c74c1-7a85-46c5-83ba-2248484ca42a,Arnold Gee,47,35.85,9,35.85,Open,B,Ty103519,MAJOR,Senior,39.4392,39.4392,2.5681,19.08,11,,4,4,3,,,,,
a84094a4-b9ce-4371-bf59-b2c89249e73e,Wallis Orchard Practical Shooters February 2024,2024-02-18,4,Stage 4,828c74c1-7a85-46c5-83ba-2248484ca42a,Michael St. Amand,48,34.65,13,36.71,Carry Optics,U,,MINOR,,40.3798,38.1169,2.4820,27.80,8,,13,,1,,,,,
a84094a4-b9ce-4371-bf59-b2c89249e73e,Wallis Orchard Practical Shooters February 2024,2024-02-18,4,Stage 4,828c74c1-7a85-46c5-83ba-2248484ca42a,Tony Vale,49,32.63,14,34.57,Carry Optics,U,A153735,MINOR,,38.0224,35.8916,2.3371,14.12,11,,5,3,3,,,1,,
a84094a4-b9ce-4371-bf59-b2c89249e73e,Wallis Orchard Practical Shooters February 2024,2024-02-18,4,Stage 4,828c74c1-7a85-46c5-83ba-2248484ca42a,Rudy Widiaman,50,32.19,18,35.92,Limited Optics,U,A155535,MINOR,,39.5155,35.4109,2.3058,16.48,6,,12,2,2,,,1,,
a84094a4-b9ce-4371-bf59-b2c89249e73e,Wallis Orchard Practical Shooters February 2024,2024-02-18,4,Stage 4,828c74c1-7a85-46c5-83ba-2248484ca42a,Derik Satsky,51,30.62,15,32.44,Carry Optics,M,FY119794,MINOR,,35.6813,33.6817,2.1932,16.87,11,,7,1,3,,,1,,
a84094a4-b9ce-4371-bf59-b2c89249e73e,Wallis Orchard Practical Shooters February 2024,2024-02-18,4,Stage 4,828c74c1-7a85-46c5-83ba-2248484ca42a,Loren Brusatori,52,29.77,10,29.77,Open,C,A149999,MINOR,,32.7511,32.7511,2.1326,34.23,11,,9,1,1,,,,,
a84094a4-b9ce-4371-bf59-b2c89249e73e,Wallis Orchard Practical Shooters February 2024,2024-02-18,4,Stage 4,828c74c1-7a85-46c5-83ba-2248484ca42a,Marcelo Melo,53,29.55,19,32.98,Limited Optics,,,MINOR,,36.2782,32.5099,2.1169,23.62,10,,10,,2,,,1,,
a84094a4-b9ce-4371-bf59-b2c89249e73e,Wallis Orchard Practical Shooters February 2024,2024-02-18,4,Stage 4,828c74c1-7a85-46c5-83ba-2248484ca42a,Dan Schreiber,54,24.33,20,27.15,Limited Optics,C,A147899,MINOR,Super Senior,29.8671,26.7648,1.7428,49.92,18,,2,1,1,,,,,
a84094a4-b9ce-4371-bf59-b2c89249e73e,Wallis Orchard Practical Shooters February 2024,2024-02-18,4,Stage 4,828c74c1-7a85-46c5-83ba-2248484ca42a,Dorothy Marquez,55,23.21,16,24.59,Carry Optics,U,,MINOR,NEW SHOOTER,27.0473,25.5316,1.6625,48.12,10,,9,3,,,,,,
a84094a4-b9ce-4371-bf59-b2c89249e73e,Wallis Orchard Practical Shooters February 2024,2024-02-18,4,Stage 4,828c74c1-7a85-46c5-83ba-2248484ca42a,Calvin Candie,56,23.02,5,32.24,Production,C,A130167,MINOR,,35.4681,25.3273,1.6492,24.86,8,,10,1,3,,,,,
a84094a4-b9ce-4371-bf59-b2c89249e73e,Wallis Orchard Practical Shooters February 2024,2024-02-18,4,Stage 4,828c74c1-7a85-46c5-83ba-2248484ca42a,Parish Saculles,57,22.93,4,31.85,Limited,D,L5316,MINOR,,35.0375,25.2229,1.6424,21.31,7,,9,3,3,,,,,
a84094a4-b9ce-4371-bf59-b2c89249e73e,Wallis Orchard Practical Shooters February 2024,2024-02-18,4,Stage 4,828c74c1-7a85-46c5-83ba-2248484ca42a,Dale Hamm,58,22.17,21,24.74,Limited Optics,D,TY97196,MINOR,Senior,27.2177,24.3905,1.5882,35.26,11,,6,3,2,,,,,
a84094a4-b9ce-4371-bf59-b2c89249e73e,Wallis Orchard Practical Shooters February 2024,2024-02-18,4,Stage 4,828c74c1-7a85-46c5-83ba-2248484ca42a,Jason Ventre,59,21.76,11,21.76,Open,,,MAJOR,,23.9313,23.9313,1.5583,66.74,16,,6,,,,,,,
a84094a4-b9ce-4371-bf59-b2c89249e73e,Wallis Orchard Practical Shooters February 2024,2024-02-18,4,Stage 4,828c74c1-7a85-46c5-83ba-2248484ca42a,Gary Brisco,60,21.64,22,24.15,Limited Optics,U,FY73704,MINOR,Super Senior,26.5664,23.8069,1.5502,38.06,6,,12,3,1,,,,,
a84094a4-b9ce-4371-bf59-b2c89249e73e,Wallis Orchard Practical Shooters February 2024,2024-02-18,4,Stage 4,828c74c1-7a85-46c5-83ba-2248484ca42a,Yul Kwan,61,12.70,12,12.70,Open,U,A156984,MINOR,Senior,13.9706,13.9706,0.9097,41.77,7,,10,3,2,,1,,,
a84094a4-b9ce-4371-bf59-b2c89249e73e,Wallis Orchard Practical Shooters February 2024,2024-02-18,4,Stage 4,828c74c1-7a85-46c5-83ba-2248484ca42a,Isaac Robledo,62,8.38,17,8.87,Carry Optics,U,A156101,MINOR,,9.7614,9.2144,0.6000,20.00,10,,7,1,4,,,2,,
a84094a4-b9ce-4371-bf59-b2c89249e73e,Wallis Orchard Practical Shooters February 2024,2024-02-18,4,Stage 4,828c74c1-7a85-46c5-83ba-2248484ca42a,Christian (2) Canizales,63,0.00,18,0.00,Carry Optics,A,TY150265,MINOR,,0.0000,0.0000,,,,,,,,,,,,
a84094a4-b9ce-4371-bf59-b2c89249e73e,Wallis Orchard Practical Shooters February 2024,2024-02-18,4,Stage 4,828c74c1-7a85-46c5-83ba-2248484ca42a,Gary Wu,64,0.00,23,0.00,Limited Optics,B,L2998,MINOR,Senior,0.0000,0.0000,,,,,,,,,,,,
a84094a4-b9ce-4371-bf59-b2c89249e73e,Wallis Orchard Practical Shooters February 2024,2024-02-18,4,Stage 4,828c74c1-7a85-46c5-83ba-2248484ca42a,John Osmena,65,0.00,24,0.00,Limited Optics,U,,MINOR,Junior; Senior,0.0000,0.0000,0.0000,21.12,10,,5,1,6,,,2,,
a84094a4-b9ce-4371-bf59-b2c89249e73e,Wallis Orchard Practical Shooters February 2024,2024-02-18,4,Stage 4,828c74c1-7a85-46c5-83ba-2248484ca42a,Rodmhar Osmena,66,0.00,19,0.00,Carry Optics,U,,MINOR,NEW SHOOTER,0.0000,0.0000,0.0000,24.96,6,,1,4,11,,,,,
a84094a4-b9ce-4371-bf59-b2c89249e73e,Wallis Orchard Practical Shooters February 2024,2024-02-18,4,Stage 4,828c74c1-7a85-46c5-83ba-2248484ca42a,Demarquis Brown,67,0.00,5,0.00,Limited,U,A151662,MINOR,NEW SHOOTER,0.0000,0.0000,0.0000,29.32,5,,5,3,9,,,1,,
a84094a4-b9ce-4371-bf59-b2c89249e73e,Wallis Orchard Practical Shooters February 2024,2024-02-18,5,Stage 5,76bbdbcf-f8a7-48a5-954d-f574eca68768,Angelo Guadalquiver,1,100.00,1,100.00,Open,B,A145293,MAJOR,,120.0000,120.0000,7.9322,14.75,23,,,1,,,,,,
a84094a4-b9ce-4371-bf59-b2c89249e73e,Wallis Orchard Practical Shooters February 2024,2024-02-18,5,Stage 5,76bbdbcf-f8a7-48a5-954d-f574eca68768,Andrew Whitley,2,96.11,2,96.11,Open,A,TY106649,MAJOR,,115.3314,115.3314,7.6236,14.56,19,,3,2,,,,,,
a84094a4-b9ce-4371-bf59-b2c89249e73e,Wallis Orchard Practical Shooters February 2024,2024-02-18,5,Stage 5,76bbdbcf-f8a7-48a5-954d-f574eca68768,Craig Bellamy,3,93.76,1,100.00,Limited Optics,M,TY54824,MINOR,Law Enforcement,120.0000,112.5070,7.4369,15.06,20,,4,,,,,,,
a84094a4-b9ce-4371-bf59-b2c89249e73e,Wallis Orchard Practical Shooters February 2024,2024-02-18,5,Stage 5,76bbdbcf-f8a7-48a5-954d-f574eca68768,Marco Yue,4,89.81,1,100.00,PCC,M,L5762,MINOR,,120.0000,107.7734,7.1240,15.16,18,,6,,,,,,,
a84094a4-b9ce-4371-bf59-b2c89249e73e,Wallis Orchard Practical Shooters February 2024,2024-02-18,5,Stage 5,76bbdbcf-f8a7-48a5-954d-f574eca68768,Michael Junco,5,89.14,2,95.08,Limited Optics,U,TY34819,MINOR,Senior; Law Enforcement,114.0911,106.9670,7.0707,15.84,21,,2,1,,,,,,
a84094a4-b9ce-4371-bf59-b2c89249e73e,Wallis Orchard Practical Shooters February 2024,2024-02-18,5,Stage 5,76bbdbcf-f8a7-48a5-954d-f574eca68768,Tony Vale,6,88.50,1,100.00,Carry Optics,U,A153735,MINOR,,120.0000,106.1970,7.0198,15.67,20,,3,1,,,,,,
a84094a4-b9ce-4371-bf59-b2c89249e73e,Wallis Orchard Practical Shooters February 2024,2024-02-18,5,Stage 5,76bbdbcf-f8a7-48a5-954d-f574eca68768,Derik Satsky,7,82.10,2,92.78,Carry Optics,M,FY119794,MINOR,,111.3314,98.5255,6.5127,16.89,20,,3,1,,,,,,
a84094a4-b9ce-4371-bf59-b2c89249e73e,Wallis Orchard Practical Shooters February 2024,2024-02-18,5,Stage 5,76bbdbcf-f8a7-48a5-954d-f574eca68768,Jay-R delos-Santos,8,79.93,2,88.99,PCC,B,A70297,MINOR,Senior,106.7923,95.9113,6.3399,15.30,20,,2,1,1,,,,,
a84094a4-b9ce-4371-bf59-b2c89249e73e,Wallis Orchard Practical Shooters February 2024,2024-02-18,5,Stage 5,76bbdbcf-f8a7-48a5-954d-f574eca68768,Arnold Gee,9,77.35,3,77.35,Open,B,Ty103519,MAJOR,Senior,92.8161,92.8161,6.1353,19.07,21,,3,,,,,,,
a84094a4-b9ce-4371-bf59-b2c89249e73e,Wallis Orchard Practical Shooters February 2024,2024-02-18,5,Stage 5,76bbdbcf-f8a7-48a5-954d-f574eca68768,phil truong,10,77.07,4,77.07,Open,B,FY128600,MINOR,,92.4788,92.4788,6.1130,17.34,18,,5,1,,,,,,
a84094a4-b9ce-4371-bf59-b2c89249e73e,Wallis Orchard Practical Shooters February 2024,2024-02-18,5,Stage 5,76bbdbcf-f8a7-48a5-954d-f574eca68768,Eric Mccampbell,11,76.72,1,100.00,Limited,B,A14332,MAJOR,Senior,120.0000,92.0642,6.0856,19.39,22,,2,,,,,,,
a84094a4-b9ce-4371-bf59-b2c89249e73e,Wallis Orchard Practical Shooters February 2024,2024-02-18,5,Stage 5,76bbdbcf-f8a7-48a5-954d-f574eca68768,Rudy Widiaman,12,74.12,3,79.06,Limited Optics,U,A155535,MINOR,,94.8686,88.9448,5.8794,19.73,22,,2,,,,,,,
a84094a4-b9ce-4371-bf59-b2c89249e73e,Wallis Orchard Practical Shooters February 2024,2024-02-18,5,Stage 5,76bbdbcf-f8a7-48a5-954d-f574eca68768,CHAN WILLIAM,13,74.11,3,83.74,Carry Optics,B,,MINOR,,100.4918,88.9327,5.8786,15.48,17,,5,1,1,,,,,
a84094a4-b9ce-4371-bf59-b2c89249e73e,Wallis Orchard Practical Shooters February 2024,2024-02-18,5,Stage 5,76bbdbcf-f8a7-48a5-954d-f574eca68768,Joseph White,14,74.01,4,83.63,Carry Optics,B,A135489,MINOR,Law Enforcement,100.3516,88.8087,5.8704,19.76,22,,2,,,,,,,
a84094a4-b9ce-4371-bf59-b2c89249e73e,Wallis Orchard Practical Shooters February 2024,2024-02-18,5,Stage 5,76bbdbcf-f8a7-48a5-954d-f574eca68768,Matthew Lem,15,73.53,1,100.00,Production,A,FY34763,MINOR,Senior; Law Enforcement,120.0000,88.2398,5.8328,16.63,19,,4,,1,,,,,
a84094a4-b9ce-4371-bf59-b2c89249e73e,Wallis Orchard Practical Shooters February 2024,2024-02-18,5,Stage 5,76bbdbcf-f8a7-48a5-954d-f574eca68768,Ryan Alicaya,16,73.45,4,78.34,Limited Optics,D,,MINOR,,94.0118,88.1415,5.8263,17.85,16,,8,,,,,,,
a84094a4-b9ce-4371-bf59-b2c89249e73e,Wallis Orchard Practical Shooters February 2024,2024-02-18,5,Stage 5,76bbdbcf-f8a7-48a5-954d-f574eca68768,Lou Lerma,17,73.41,5,82.96,Carry Optics,C,A155846,MINOR,,99.5481,88.0976,5.8234,15.97,18,,4,1,1,,,,,
a84094a4-b9ce-4371-bf59-b2c89249e73e,Wallis Orchard Practical Shooters February 2024,2024-02-18,5,Stage 5,76bbdbcf-f8a7-48a5-954d-f574eca68768,JJ Avila,18,72.72,5,72.72,Open,U,,MINOR,Law Enforcement,87.2626,87.2626,5.7682,19.07,19,,5,,,,,,,
a84094a4-b9ce-4371-bf59-b2c89249e73e,Wallis Orchard Practical Shooters February 2024,2024-02-18,5,Stage 5,76bbdbcf-f8a7-48a5-954d-f574eca68768,Luke Rogers,19,71.23,6,80.49,Carry Optics,A,A133534,MINOR,,96.5891,85.4789,5.6503,20.53,22,,2,,,,,,,
a84094a4-b9ce-4371-bf59-b2c89249e73e,Wallis Orchard Practical Shooters February 2024,2024-02-18,5,Stage 5,76bbdbcf-f8a7-48a5-954d-f574eca68768,Hank Scorpio,20,70.80,2,96.28,Production,A,TY123776,MINOR,,115.5356,84.9570,5.6158,20.30,21,,3,,,,,,,
a84094a4-b9ce-4371-bf59-b2c89249e73e,Wallis Orchard Practical Shooters February 2024,2024-02-18,5,Stage 5,76bbdbcf-f8a7-48a5-954d-f574eca68768,Rene Zalamea,21,70.78,6,70.78,Open,C,A66891,MAJOR,Senior,84.9404,84.9404,5.6147,20.66,20,,4,,,,,,,
a84094a4-b9ce-4371-bf59-b2c89249e73e,Wallis Orchard Practical Shooters February 2024,2024-02-18,5,Stage 5,76bbdbcf-f8a7-48a5-954d-f574eca68768,Peter Kirchner,22,70.77,7,79.97,Carry Optics,A,TY105743,MINOR,,95.9617,84.9237,5.6136,18.17,17,,5,2,,,,,,
a84094a4-b9ce-4371-bf59-b2c89249e73e,Wallis Orchard Practical Shooters February 2024,2024-02-18,5,Stage 5,76bbdbcf-f8a7-48a5-954d-f574eca68768,Chang Qian,23,70.55,2,91.95,Limited,C,A150939,MINOR,,110.3438,84.6560,5.5959,19.30,19,,4,1,,,,,,
a84094a4-b9ce-4371-bf59-b2c89249e73e,Wallis Orchard Practical Shooters February 2024,2024-02-18,5,Stage 5,76bbdbcf-f8a7-48a5-954d-f574eca68768,Carlos Escandon,24,68.88,5,73.47,Limited Optics,U,L2590,MINOR,Super Senior,88.1642,82.6590,5.4639,19.40,18,,5,1,,,,,,
a84094a4-b9ce-4371-bf59-b2c89249e73e,Wallis Orchard Practical Shooters February 2024,2024-02-18,5,Stage 5,76bbdbcf-f8a7-48a5-954d-f574eca68768,Khoa Nguyen,25,68.50,6,73.06,Limited Optics,A,A117224,MINOR,Law Enforcement,87.6736,82.1991,5.4335,16.38,15,,8,,1,,,,,
a84094a4-b9ce-4371-bf59-b2c89249e73e,Wallis Orchard Practical Shooters February 2024,2024-02-18,5,Stage 5,76bbdbcf-f8a7-48a5-954d-f574eca68768,FRANCIS Thanh NGUYEN,26,67.54,8,76.31,Carry Optics,U,0,MINOR,,91.5770,81.0433,5.3571,21.28,21,,3,,,,,,,
a84094a4-b9ce-4371-bf59-b2c89249e73e,Wallis Orchard Practical Shooters February 2024,2024-02-18,5,Stage 5,76bbdbcf-f8a7-48a5-954d-f574eca68768,Jesse Harrington,27,67.36,7,71.85,Limited Optics,C,A153046,MINOR,,86.2214,80.8376,5.3435,20.96,20,,4,,,,,,,
a84094a4-b9ce-4371-bf59-b2c89249e73e,Wallis Orchard Practical Shooters February 2024,2024-02-18,5,Stage 5,76bbdbcf-f8a7-48a5-954d-f574eca68768,Chev Jacot,28,65.82,8,70.20,Limited Optics,U,TY72378,MINOR,,84.2399,78.9799,5.2207,18.58,20,,2,1,1,,,,,
a84094a4-b9ce-4371-bf59-b2c89249e73e,Wallis Orchard Practical Shooters February 2024,2024-02-18,5,Stage 5,76bbdbcf-f8a7-48a5-954d-f574eca68768,Christian Canizales,29,64.34,9,72.70,Carry Optics,A,TY150265,MINOR,,87.2401,77.2053,5.1034,22.73,22,,2,,,,,,,
a84094a4-b9ce-4371-bf59-b2c89249e73e,Wallis Orchard Practical Shooters February 2024,2024-02-18,5,Stage 5,76bbdbcf-f8a7-48a5-954d-f574eca68768,Ryan Jaw,30,63.85,9,68.10,Limited Optics,C,TY142907,MINOR,,81.7179,76.6153,5.0644,22.51,21,,3,,,,,,,
a84094a4-b9ce-4371-bf59-b2c89249e73e,Wallis Orchard Practical Shooters February 2024,2024-02-18,5,Stage 5,76bbdbcf-f8a7-48a5-954d-f574eca68768,Robbie Boettcher,31,63.58,10,67.81,Limited Optics,C,L5829,MINOR,,81.3710,76.2901,5.0429,19.83,16,,6,2,,,,,,
a84094a4-b9ce-4371-bf59-b2c89249e73e,Wallis Orchard Practical Shooters February 2024,2024-02-18,5,Stage 5,76bbdbcf-f8a7-48a5-954d-f574eca68768,Eric Wu,32,62.44,11,66.60,Limited Optics,U,FY104740,MINOR,,79.9172,74.9270,4.9528,21.20,23,,,,1,,,,,
a84094a4-b9ce-4371-bf59-b2c89249e73e,Wallis Orchard Practical Shooters February 2024,2024-02-18,5,Stage 5,76bbdbcf-f8a7-48a5-954d-f574eca68768,Tyler Kenny,33,60.20,12,64.20,Limited Optics,B,A148691,MINOR,,77.0450,72.2342,4.7748,18.43,21,,1,,2,,,,,
a84094a4-b9ce-4371-bf59-b2c89249e73e,Wallis Orchard Practical Shooters February 2024,2024-02-18,5,Stage 5,76bbdbcf-f8a7-48a5-954d-f574eca68768,Zachary Ralston,34,59.84,10,67.62,Carry Optics,M,A123081,MINOR,NEW SHOOTER,81.1476,71.8136,4.7470,16.01,20,,2,,2,,,1,,
a84094a4-b9ce-4371-bf59-b2c89249e73e,Wallis Orchard Practical Shooters February 2024,2024-02-18,5,Stage 5,76bbdbcf-f8a7-48a5-954d-f574eca68768,Parish Saculles,35,59.49,3,77.54,Limited,D,L5316,MINOR,,93.0465,71.3855,4.7187,22.04,16,,8,,,,,,,
a84094a4-b9ce-4371-bf59-b2c89249e73e,Wallis Orchard Practical Shooters February 2024,2024-02-18,5,Stage 5,76bbdbcf-f8a7-48a5-954d-f574eca68768,Cliff Pinsent,36,59.42,7,59.42,Open,B,FY99321,MAJOR,Super Senior,71.3038,71.3038,4.7133,25.46,24,,,,,,,,,
a84094a4-b9ce-4371-bf59-b2c89249e73e,Wallis Orchard Practical Shooters February 2024,2024-02-18,5,Stage 5,76bbdbcf-f8a7-48a5-954d-f574eca68768,Jeremiah Hunt,37,59.07,13,63.00,Limited Optics,C,A148592,MINOR,,75.6057,70.8847,4.6856,24.33,21,,3,,,,,,,
a84094a4-b9ce-4371-bf59-b2c89249e73e,Wallis Orchard Practical Shooters February 2024,2024-02-18,5,Stage 5,76bbdbcf-f8a7-48a5-954d-f574eca68768,Manny Nerona,38,59.03,14,62.96,Limited Optics,U,A69445,MINOR,,75.5524,70.8348,4.6823,17.94,19,,3,,2,,,,,
a84094a4-b9ce-4371-bf59-b2c89249e73e,Wallis Orchard Practical Shooters February 2024,2024-02-18,5,Stage 5,76bbdbcf-f8a7-48a5-954d-f574eca68768,Isaac Robledo,39,58.50,11,66.11,Carry Optics,U,A156101,MINOR,,79.3288,70.2040,4.6406,17.67,14,,6,4,,,1,,,
a84094a4-b9ce-4371-bf59-b2c89249e73e,Wallis Orchard Practical Shooters February 2024,2024-02-18,5,Stage 5,76bbdbcf-f8a7-48a5-954d-f574eca68768,Phyl Santos,40,58.13,12,65.69,Carry Optics,U,a155981,MINOR,,78.8262,69.7592,4.6112,22.12,17,,5,2,,,,,,
a84094a4-b9ce-4371-bf59-b2c89249e73e,Wallis Orchard Practical Shooters February 2024,2024-02-18,5,Stage 5,76bbdbcf-f8a7-48a5-954d-f574eca68768,Jason Wilson,41,57.60,8,57.60,Open,U,A94696,MAJOR,,69.1163,69.1163,4.5687,23.42,15,,7,2,,,,,,
a84094a4-b9ce-4371-bf59-b2c89249e73e,Wallis Orchard Practical Shooters February 2024,2024-02-18,5,Stage 5,76bbdbcf-f8a7-48a5-954d-f574eca68768,Matthew Gonzalez,42,56.64,13,64.01,Carry Optics,X,A119810,MINOR,,76.8073,67.9726,4.4931,17.36,16,,6,,2,,,,,
a84094a4-b9ce-4371-bf59-b2c89249e73e,Wallis Orchard Practical Shooters February 2024,2024-02-18,5,Stage 5,76bbdbcf-f8a7-48a5-954d-f574eca68768,Lee Cardwell,43,55.28,14,62.46,Carry Optics,U,A155173,MINOR,,74.9543,66.3327,4.3847,20.07,21,,1,,2,,,,,
a84094a4-b9ce-4371-bf59-b2c89249e73e,Wallis Orchard Practical Shooters February 2024,2024-02-18,5,Stage 5,76bbdbcf-f8a7-48a5-954d-f574eca68768,Duane Mendoza,44,54.00,15,57.59,Limited Optics,U,ty98162,MINOR,,69.1094,64.7941,4.2830,26.15,20,,4,,,,,,,
a84094a4-b9ce-4371-bf59-b2c89249e73e,Wallis Orchard Practical Shooters February 2024,2024-02-18,5,Stage 5,76bbdbcf-f8a7-48a5-954d-f574eca68768,Ramil Villanueva,45,51.82,16,55.27,Limited Optics,U,,MINOR,Senior,66.3228,62.1815,4.1103,18.49,15,,7,,2,,,,,
a84094a4-b9ce-4371-bf59-b2c89249e73e,Wallis Orchard Practical Shooters February 2024,2024-02-18,5,Stage 5,76bbdbcf-f8a7-48a5-954d-f574eca68768,Calvin Candie,46,51.37,3,69.87,Production,C,A130167,MINOR,,83.8383,61.6490,4.0751,25.03,21,,2,1,,,1,,,
a84094a4-b9ce-4371-bf59-b2c89249e73e,Wallis Orchard Practical Shooters February 2024,2024-02-18,5,Stage 5,76bbdbcf-f8a7-48a5-954d-f574eca68768,Emman Alcoseba,47,50.83,4,66.25,Limited,C,TY67519,MINOR,Senior,79.4978,60.9909,4.0316,24.06,19,,4,,1,,,,,
a84094a4-b9ce-4371-bf59-b2c89249e73e,Wallis Orchard Practical Shooters February 2024,2024-02-18,5,Stage 5,76bbdbcf-f8a7-48a5-954d-f574eca68768,Marcelo Melo,48,49.41,17,52.70,Limited Optics,,,MINOR,,63.2360,59.2875,3.9190,30.11,23,,1,,,,,,,
a84094a4-b9ce-4371-bf59-b2c89249e73e,Wallis Orchard Practical Shooters February 2024,2024-02-18,5,Stage 5,76bbdbcf-f8a7-48a5-954d-f574eca68768,John Osmena,49,49.27,18,52.55,Limited Optics,U,,MINOR,Junior; Senior,63.0569,59.1195,3.9079,24.31,19,,3,1,1,,,,,
a84094a4-b9ce-4371-bf59-b2c89249e73e,Wallis Orchard Practical Shooters February 2024,2024-02-18,5,Stage 5,76bbdbcf-f8a7-48a5-954d-f574eca68768,Gennady Khokhorin,50,47.70,4,64.87,Production,B,A123884,MINOR,Super Senior,77.8453,57.2421,3.7838,24.05,16,,7,,1,,,,,
a84094a4-b9ce-4371-bf59-b2c89249e73e,Wallis Orchard Practical Shooters February 2024,2024-02-18,5,Stage 5,76bbdbcf-f8a7-48a5-954d-f574eca68768,Brandon Hunt,51,47.24,19,50.39,Limited Optics,U,FY150701,MINOR,,60.4639,56.6884,3.7472,26.42,20,,3,,1,,,,,
a84094a4-b9ce-4371-bf59-b2c89249e73e,Wallis Orchard Practical Shooters February 2024,2024-02-18,5,Stage 5,76bbdbcf-f8a7-48a5-954d-f574eca68768,Pat Byrne,52,45.56,5,61.96,Production,B,fy93921,MINOR,,74.3519,54.6734,3.6140,25.18,16,,7,,1,,,,,
a84094a4-b9ce-4371-bf59-b2c89249e73e,Wallis Orchard Practical Shooters February 2024,2024-02-18,5,Stage 5,76bbdbcf-f8a7-48a5-954d-f574eca68768,Dale Hamm,53,42.34,20,45.16,Limited Optics,D,TY97196,MINOR,Senior,54.1952,50.8111,3.3587,28.88,19,,4,,1,,,,,
a84094a4-b9ce-4371-bf59-b2c89249e73e,Wallis Orchard Practical Shooters February 2024,2024-02-18,5,Stage 5,76bbdbcf-f8a7-48a5-954d-f574eca68768,Yul Kwan,54,41.21,9,41.21,Open,U,A156984,MINOR,Senior,49.4526,49.4526,3.2689,20.19,13,,6,3,2,,,,,
a84094a4-b9ce-4371-bf59-b2c89249e73e,Wallis Orchard Practical Shooters February 2024,2024-02-18,5,Stage 5,76bbdbcf-f8a7-48a5-954d-f574eca68768,George Zhou,55,41.07,15,46.41,Carry Optics,C,A146179,MINOR,NEW SHOOTER,55.6956,49.2892,3.2581,15.96,12,,6,4,2,,1,,,
a84094a4-b9ce-4371-bf59-b2c89249e73e,Wallis Orchard Practical Shooters February 2024,2024-02-18,5,Stage 5,76bbdbcf-f8a7-48a5-954d-f574eca68768,Michael St. Amand,56,37.96,16,42.90,Carry Optics,U,,MINOR,,51.4784,45.5571,3.0114,27.23,12,,10,2,,,1,,,
a84094a4-b9ce-4371-bf59-b2c89249e73e,Wallis Orchard Practical Shooters February 2024,2024-02-18,5,Stage 5,76bbdbcf-f8a7-48a5-954d-f574eca68768,Loren Brusatori,57,37.20,10,37.20,Open,C,A149999,MINOR,,44.6388,44.6388,2.9507,33.89,15,,8,1,,,,,,
a84094a4-b9ce-4371-bf59-b2c89249e73e,Wallis Orchard Practical Shooters February 2024,2024-02-18,5,Stage 5,76bbdbcf-f8a7-48a5-954d-f574eca68768,Chris Snow,58,36.73,11,36.73,Open,M,Ty107262,MINOR,,44.0715,44.0715,2.9132,15.79,13,,7,,4,,,,,
a84094a4-b9ce-4371-bf59-b2c89249e73e,Wallis Orchard Practical Shooters February 2024,2024-02-18,5,Stage 5,76bbdbcf-f8a7-48a5-954d-f574eca68768,Gary Brisco,59,36.63,21,39.07,Limited Optics,U,FY73704,MINOR,Super Senior,46.8857,43.9580,2.9057,36.48,19,,3,2,,,,,,
a84094a4-b9ce-4371-bf59-b2c89249e73e,Wallis Orchard Practical Shooters February 2024,2024-02-18,5,Stage 5,76bbdbcf-f8a7-48a5-954d-f574eca68768,Dan Schreiber,60,30.32,22,32.34,Limited Optics,C,A147899,MINOR,Super Senior,38.8113,36.3879,2.4053,41.99,21,,2,,1,,,,,
a84094a4-b9ce-4371-bf59-b2c89249e73e,Wallis Orchard Practical Shooters February 2024,2024-02-18,5,Stage 5,76bbdbcf-f8a7-48a5-954d-f574eca68768,David Zhang,61,28.40,23,30.29,Limited Optics,B,FY140383,MINOR,,36.3474,34.0778,2.2526,14.65,13,,6,,5,,,,,
a84094a4-b9ce-4371-bf59-b2c89249e73e,Wallis Orchard Practical Shooters February 2024,2024-02-18,5,Stage 5,76bbdbcf-f8a7-48a5-954d-f574eca68768,Jason Ventre,62,24.71,12,24.71,Open,,,MAJOR,,29.6468,29.6468,1.9597,34.70,20,,2,,2,,,2,,
a84094a4-b9ce-4371-bf59-b2c89249e73e,Wallis Orchard Practical Shooters February 2024,2024-02-18,5,Stage 5,76bbdbcf-f8a7-48a5-954d-f574eca68768,Dorothy Marquez,63,24.19,17,27.33,Carry Optics,U,,MINOR,NEW SHOOTER,32.8009,29.0280,1.9188,27.10,15,,5,2,2,,2,,,
a84094a4-b9ce-4371-bf59-b2c89249e73e,Wallis Orchard Practical Shooters February 2024,2024-02-18,5,Stage 5,76bbdbcf-f8a7-48a5-954d-f574eca68768,Demarquis Brown,64,20.45,5,26.66,Limited,U,A151662,MINOR,NEW SHOOTER,31.9896,24.5425,1.6223,30.82,17,,1,2,4,,,,,
a84094a4-b9ce-4371-bf59-b2c89249e73e,Wallis Orchard Practical Shooters February 2024,2024-02-18,5,Stage 5,76bbdbcf-f8a7-48a5-954d-f574eca68768,Rodmhar Osmena,65,17.87,18,20.19,Carry Optics,U,,MINOR,NEW SHOOTER,24.2332,21.4458,1.4176,35.27,16,,3,1,4,,,,,
a84094a4-b9ce-4371-bf59-b2c89249e73e,Wallis Orchard Practical Shooters February 2024,2024-02-18,5,Stage 5,76bbdbcf-f8a7-48a5-954d-f574eca68768,Christian (2) Canizales,66,0.00,19,0.00,Carry Optics,A,TY150265,MINOR,,0.0000,0.0000,,,,,,,,,,,,
a84094a4-b9ce-4371-bf59-b2c89249e73e,Wallis Orchard Practical Shooters February 2024,2024-02-18,5,Stage 5,76bbdbcf-f8a7-48a5-954d-f574eca68768,Gary Wu,67,0.00,24,0.00,Limited Optics,B,L2998,MINOR,Senior,0.0000,0.0000,,,,,,,,,,,,
a84094a4-b9ce-4371-bf59-b2c89249e73e,Wallis Orchard Practical Shooters February 2024,2024-02-18,6,Stage 6,a98de2d0-2e06-4b5f-9d28-484b991d4429,Zachary Ralston,1,100.00,1,100.00,Carry Optics,M,A123081,MINOR,NEW SHOOTER,120.0000,120.0000,6.8841,16.56,21,,3,,,,,,,
a84094a4-b9ce-4371-bf59-b2c89249e73e,Wallis Orchard Practical Shooters February 2024,2024-02-18,6,Stage 6,a98de2d0-2e06-4b5f-9d28-484b991d4429,Derik Satsky,2,97.07,2,97.07,Carry Optics,M,FY119794,MINOR,,116.4823,116.4823,6.6823,17.06,21,,3,,,,,,,
a84094a4-b9ce-4371-bf59-b2c89249e73e,Wallis Orchard Practical Shooters February 2024,2024-02-18,6,Stage 6,a98de2d0-2e06-4b5f-9d28-484b991d4429,Christian Canizales,3,96.79,3,96.79,Carry Optics,A,TY150265,MINOR,,116.1424,116.1424,6.6628,17.11,21,,3,,,,,,,
a84094a4-b9ce-4371-bf59-b2c89249e73e,Wallis Orchard Practical Shooters February 2024,2024-02-18,6,Stage 6,a98de2d0-2e06-4b5f-9d28-484b991d4429,Craig Bellamy,4,96.67,1,100.00,Limited Optics,M,TY54824,MINOR,Law Enforcement,120.0000,116.0099,6.6552,17.43,23,,,1,,,,,,
a84094a4-b9ce-4371-bf59-b2c89249e73e,Wallis Orchard Practical Shooters February 2024,2024-02-18,6,Stage 6,a98de2d0-2e06-4b5f-9d28-484b991d4429,Michael Junco,5,92.47,2,95.65,Limited Optics,U,TY34819,MINOR,Senior; Law Enforcement,114.7800,110.9635,6.3657,17.28,19,,5,,,,,,,
a84094a4-b9ce-4371-bf59-b2c89249e73e,Wallis Orchard Practical Shooters February 2024,2024-02-18,6,Stage 6,a98de2d0-2e06-4b5f-9d28-484b991d4429,Phyl Santos,6,92.02,4,92.02,Carry Optics,U,a155981,MINOR,,110.4214,110.4214,6.3346,16.26,22,,1,,1,,,,,
a84094a4-b9ce-4371-bf59-b2c89249e73e,Wallis Orchard Practical Shooters February 2024,2024-02-18,6,Stage 6,a98de2d0-2e06-4b5f-9d28-484b991d4429,Marco Yue,7,89.60,1,100.00,PCC,M,L5762,MINOR,,120.0000,107.5156,6.1679,17.51,18,,6,,,,,,,
a84094a4-b9ce-4371-bf59-b2c89249e73e,Wallis Orchard Practical Shooters February 2024,2024-02-18,6,Stage 6,a98de2d0-2e06-4b5f-9d28-484b991d4429,Duane Mendoza,8,88.04,3,91.07,Limited Optics,U,ty98162,MINOR,,109.2788,105.6452,6.0606,18.48,21,,2,1,,,,,,
a84094a4-b9ce-4371-bf59-b2c89249e73e,Wallis Orchard Practical Shooters February 2024,2024-02-18,6,Stage 6,a98de2d0-2e06-4b5f-9d28-484b991d4429,Arnold Gee,9,86.00,1,100.00,Open,B,Ty103519,MAJOR,Senior,120.0000,103.1943,5.9200,18.75,17,,6,1,,,,,,
a84094a4-b9ce-4371-bf59-b2c89249e73e,Wallis Orchard Practical Shooters February 2024,2024-02-18,6,Stage 6,a98de2d0-2e06-4b5f-9d28-484b991d4429,phil truong,10,84.76,2,98.56,Open,B,FY128600,MINOR,,118.2709,101.7074,5.8347,18.51,19,,4,1,,,,,,
a84094a4-b9ce-4371-bf59-b2c89249e73e,Wallis Orchard Practical Shooters February 2024,2024-02-18,6,Stage 6,a98de2d0-2e06-4b5f-9d28-484b991d4429,Rudy Widiaman,11,83.78,4,86.66,Limited Optics,U,A155535,MINOR,,103.9903,100.5325,5.7673,19.42,20,,4,,,,,,,
a84094a4-b9ce-4371-bf59-b2c89249e73e,Wallis Orchard Practical Shooters February 2024,2024-02-18,6,Stage 6,a98de2d0-2e06-4b5f-9d28-484b991d4429,Khoa Nguyen,12,82.68,5,85.53,Limited Optics,A,A117224,MINOR,Law Enforcement,102.6325,99.2199,5.6920,17.92,16,,7,1,,,,,,
a84094a4-b9ce-4371-bf59-b2c89249e73e,Wallis Orchard Practical Shooters February 2024,2024-02-18,6,Stage 6,a98de2d0-2e06-4b5f-9d28-484b991d4429,Jay-R delos-Santos,13,82.39,2,91.95,PCC,B,A70297,MINOR,Senior,110.3442,98.8643,5.6716,20.10,21,,3,,,,,,,
a84094a4-b9ce-4371-bf59-b2c89249e73e,Wallis Orchard Practical Shooters February 2024,2024-02-18,6,Stage 6,a98de2d0-2e06-4b5f-9d28-484b991d4429,Chris Snow,14,82.32,3,95.72,Open,M,Ty107262,MINOR,,114.8655,98.7789,5.6667,15.00,14,,8,1,1,,,,,
a84094a4-b9ce-4371-bf59-b2c89249e73e,Wallis Orchard Practical Shooters February 2024,2024-02-18,6,Stage 6,a98de2d0-2e06-4b5f-9d28-484b991d4429,Matthew Gonzalez,15,80.48,5,80.48,Carry Optics,X,A119810,MINOR,,96.5738,96.5738,5.5402,18.05,16,,6,2,,,,,,
a84094a4-b9ce-4371-bf59-b2c89249e73e,Wallis Orchard Practical Shooters February 2024,2024-02-18,6,Stage 6,a98de2d0-2e06-4b5f-9d28-484b991d4429,CHAN WILLIAM,16,79.26,6,79.26,Carry Optics,B,,MINOR,,95.1166,95.1166,5.4566,17.41,18,,5,,1,,,,,
a84094a4-b9ce-4371-bf59-b2c89249e73e,Wallis Orchard Practical Shooters February 2024,2024-02-18,6,Stage 6,a98de2d0-2e06-4b5f-9d28-484b991d4429,Andrew Whitley,17,78.00,4,90.70,Open,A,TY106649,MAJOR,,108.8432,93.6000,5.3696,15.83,17,,5,,2,,,,,
a84094a4-b9ce-4371-bf59-b2c89249e73e,Wallis Orchard Practical Shooters February 2024,2024-02-18,6,Stage 6,a98de2d0-2e06-4b5f-9d28-484b991d4429,Ryan Jaw,18,75.63,6,78.23,Limited Optics,C,TY142907,MINOR,,93.8785,90.7570,5.2065,22.28,22,,2,,,,,,,
a84094a4-b9ce-4371-bf59-b2c89249e73e,Wallis Orchard Practical Shooters February 2024,2024-02-18,6,Stage 6,a98de2d0-2e06-4b5f-9d28-484b991d4429,Angelo Guadalquiver,19,73.27,5,85.20,Open,B,A145293,MAJOR,,102.2372,87.9191,5.0437,19.43,18,,4,1,1,,,,,
a84094a4-b9ce-4371-bf59-b2c89249e73e,Wallis Orchard Practical Shooters February 2024,2024-02-18,6,Stage 6,a98de2d0-2e06-4b5f-9d28-484b991d4429,Ryan Alicaya,20,72.03,7,74.51,Limited Optics,D,,MINOR,,89.4104,86.4374,4.9587,21.78,18,,6,,,,,,,
a84094a4-b9ce-4371-bf59-b2c89249e73e,Wallis Orchard Practical Shooters February 2024,2024-02-18,6,Stage 6,a98de2d0-2e06-4b5f-9d28-484b991d4429,Lou Lerma,21,71.59,7,71.59,Carry Optics,C,A155846,MINOR,,85.9040,85.9040,4.9281,19.48,12,,12,,,,,,,
a84094a4-b9ce-4371-bf59-b2c89249e73e,Wallis Orchard Practical Shooters February 2024,2024-02-18,6,Stage 6,a98de2d0-2e06-4b5f-9d28-484b991d4429,Joseph White,22,71.31,8,71.31,Carry Optics,B,A135489,MINOR,Law Enforcement,85.5694,85.5694,4.9089,19.76,19,,4,,1,,,,,
a84094a4-b9ce-4371-bf59-b2c89249e73e,Wallis Orchard Practical Shooters February 2024,2024-02-18,6,Stage 6,a98de2d0-2e06-4b5f-9d28-484b991d4429,Tony Vale,23,71.12,9,71.12,Carry Optics,U,A153735,MINOR,,85.3410,85.3410,4.8958,20.63,21,,2,,1,,,,,
a84094a4-b9ce-4371-bf59-b2c89249e73e,Wallis Orchard Practical Shooters February 2024,2024-02-18,6,Stage 6,a98de2d0-2e06-4b5f-9d28-484b991d4429,David Zhang,24,70.26,8,72.68,Limited Optics,B,FY140383,MINOR,,87.2124,84.3125,4.8368,16.54,19,,1,2,2,,,,,
a84094a4-b9ce-4371-bf59-b2c89249e73e,Wallis Orchard Practical Shooters February 2024,2024-02-18,6,Stage 6,a98de2d0-2e06-4b5f-9d28-484b991d4429,Brandon Hunt,25,69.99,9,72.40,Limited Optics,U,FY150701,MINOR,,86.8788,83.9901,4.8183,24.49,23,,1,,,,,,,
a84094a4-b9ce-4371-bf59-b2c89249e73e,Wallis Orchard Practical Shooters February 2024,2024-02-18,6,Stage 6,a98de2d0-2e06-4b5f-9d28-484b991d4429,Matthew Lem,26,69.91,1,100.00,Production,A,FY34763,MINOR,Senior; Law Enforcement,120.0000,83.8907,4.8126,19.74,19,,3,1,1,,,,,
a84094a4-b9ce-4371-bf59-b2c89249e73e,Wallis Orchard Practical Shooters February 2024,2024-02-18,6,Stage 6,a98de2d0-2e06-4b5f-9d28-484b991d4429,Chev Jacot,27,68.85,10,71.22,Limited Optics,U,TY72378,MINOR,,85.4634,82.6217,4.7398,21.52,16,,7,1,,,,,,
a84094a4-b9ce-4371-bf59-b2c89249e73e,Wallis Orchard Practical Shooters February 2024,2024-02-18,6,Stage 6,a98de2d0-2e06-4b5f-9d28-484b991d4429,Tyler Kenny,28,67.05,11,69.36,Limited Optics,B,A148691,MINOR,,83.2330,80.4654,4.6161,21.88,21,,2,,1,,,,,
a84094a4-b9ce-4371-bf59-b2c89249e73e,Wallis Orchard Practical Shooters February 2024,2024-02-18,6,Stage 6,a98de2d0-2e06-4b5f-9d28-484b991d4429,Peter Kirchner,29,66.60,10,66.60,Carry Optics,A,TY105743,MINOR,,79.9146,79.9146,4.5845,17.45,17,,5,,2,,,,,
a84094a4-b9ce-4371-bf59-b2c89249e73e,Wallis Orchard Practical Shooters February 2024,2024-02-18,6,Stage 6,a98de2d0-2e06-4b5f-9d28-484b991d4429,JJ Avila,30,66.43,6,77.24,Open,U,,MINOR,Law Enforcement,92.6919,79.7106,4.5728,24.93,21,,3,,,,,,,
a84094a4-b9ce-4371-bf59-b2c89249e73e,Wallis Orchard Practical Shooters February 2024,2024-02-18,6,Stage 6,a98de2d0-2e06-4b5f-9d28-484b991d4429,Jesse Harrington,31,65.83,12,68.10,Limited Optics,C,A153046,MINOR,,81.7184,79.0012,4.5321,23.83,18,,6,,,,,,,
a84094a4-b9ce-4371-bf59-b2c89249e73e,Wallis Orchard Practical Shooters February 2024,2024-02-18,6,Stage 6,a98de2d0-2e06-4b5f-9d28-484b991d4429,Hank Scorpio,32,65.67,2,93.93,Production,A,TY123776,MINOR,,112.7216,78.8025,4.5207,23.89,18,,6,,,,,,,
a84094a4-b9ce-4371-bf59-b2c89249e73e,Wallis Orchard Practical Shooters February 2024,2024-02-18,6,Stage 6,a98de2d0-2e06-4b5f-9d28-484b991d4429,Robbie Boettcher,33,65.46,13,67.71,Limited Optics,C,L5829,MINOR,,81.2495,78.5480,4.5061,23.08,17,,6,1,,,,,,
a84094a4-b9ce-4371-bf59-b2c89249e73e,Wallis Orchard Practical Shooters February 2024,2024-02-18,6,Stage 6,a98de2d0-2e06-4b5f-9d28-484b991d4429,Pat Byrne,34,65.23,3,93.31,Production,B,fy93921,MINOR,,111.9761,78.2813,4.4908,24.94,21,,2,1,,,,,,
a84094a4-b9ce-4371-bf59-b2c89249e73e,Wallis Orchard Practical Shooters February 2024,2024-02-18,6,Stage 6,a98de2d0-2e06-4b5f-9d28-484b991d4429,Parish Saculles,35,64.45,1,100.00,Limited,D,L5316,MINOR,,120.0000,77.3365,4.4366,22.54,15,,8,1,,,,,,
a84094a4-b9ce-4371-bf59-b2c89249e73e,Wallis Orchard Practical Shooters February 2024,2024-02-18,6,Stage 6,a98de2d0-2e06-4b5f-9d28-484b991d4429,Eric Mccampbell,36,63.58,2,98.65,Limited,B,A14332,MAJOR,Senior,118.3852,76.2958,4.3769,19.42,19,,2,1,2,,,,,
a84094a4-b9ce-4371-bf59-b2c89249e73e,Wallis Orchard Practical Shooters February 2024,2024-02-18,6,Stage 6,a98de2d0-2e06-4b5f-9d28-484b991d4429,FRANCIS Thanh NGUYEN,37,62.98,11,62.98,Carry Optics,U,0,MINOR,,75.5776,75.5776,4.3357,21.45,17,,6,,1,,,,,
a84094a4-b9ce-4371-bf59-b2c89249e73e,Wallis Orchard Practical Shooters February 2024,2024-02-18,6,Stage 6,a98de2d0-2e06-4b5f-9d28-484b991d4429,Luke Rogers,38,62.62,12,62.62,Carry Optics,A,A133534,MINOR,,75.1418,75.1418,4.3107,23.43,21,,2,,1,,,,,
a84094a4-b9ce-4371-bf59-b2c89249e73e,Wallis Orchard Practical Shooters February 2024,2024-02-18,6,Stage 6,a98de2d0-2e06-4b5f-9d28-484b991d4429,Carlos Escandon,39,61.44,14,63.55,Limited Optics,U,L2590,MINOR,Super Senior,76.2622,73.7264,4.2295,20.57,17,,3,3,1,,,,,
a84094a4-b9ce-4371-bf59-b2c89249e73e,Wallis Orchard Practical Shooters February 2024,2024-02-18,6,Stage 6,a98de2d0-2e06-4b5f-9d28-484b991d4429,Eric Wu,40,61.16,15,63.26,Limited Optics,U,FY104740,MINOR,,75.9106,73.3865,4.2100,22.09,17,,6,,1,,,,,
a84094a4-b9ce-4371-bf59-b2c89249e73e,Wallis Orchard Practical Shooters February 2024,2024-02-18,6,Stage 6,a98de2d0-2e06-4b5f-9d28-484b991d4429,Chang Qian,41,60.31,3,93.58,Limited,C,A150939,MINOR,,112.2968,72.3720,4.1518,22.40,17,,6,,1,,,,,
a84094a4-b9ce-4371-bf59-b2c89249e73e,Wallis Orchard Practical Shooters February 2024,2024-02-18,6,Stage 6,a98de2d0-2e06-4b5f-9d28-484b991d4429,Jeremiah Hunt,42,59.66,16,61.72,Limited Optics,C,A148592,MINOR,,74.0588,71.5963,4.1073,23.86,19,,4,1,,,1,,,
a84094a4-b9ce-4371-bf59-b2c89249e73e,Wallis Orchard Practical Shooters February 2024,2024-02-18,6,Stage 6,a98de2d0-2e06-4b5f-9d28-484b991d4429,Gennady Khokhorin,43,59.44,4,85.02,Production,B,A123884,MINOR,Super Senior,102.0247,71.3244,4.0917,24.44,14,,10,,,,,,,
a84094a4-b9ce-4371-bf59-b2c89249e73e,Wallis Orchard Practical Shooters February 2024,2024-02-18,6,Stage 6,a98de2d0-2e06-4b5f-9d28-484b991d4429,Emman Alcoseba,44,57.89,4,89.83,Limited,C,TY67519,MINOR,Senior,107.7907,69.4679,3.9852,27.10,18,,6,,,,,,,
a84094a4-b9ce-4371-bf59-b2c89249e73e,Wallis Orchard Practical Shooters February 2024,2024-02-18,6,Stage 6,a98de2d0-2e06-4b5f-9d28-484b991d4429,Manny Nerona,45,57.51,17,59.49,Limited Optics,U,A69445,MINOR,,71.3866,69.0129,3.9591,23.49,18,,4,1,1,,,,,
a84094a4-b9ce-4371-bf59-b2c89249e73e,Wallis Orchard Practical Shooters February 2024,2024-02-18,6,Stage 6,a98de2d0-2e06-4b5f-9d28-484b991d4429,Cliff Pinsent,46,56.46,7,65.65,Open,B,FY99321,MAJOR,Super Senior,78.7804,67.7474,3.8865,25.73,20,,2,1,1,,,,,
a84094a4-b9ce-4371-bf59-b2c89249e73e,Wallis Orchard Practical Shooters February 2024,2024-02-18,6,Stage 6,a98de2d0-2e06-4b5f-9d28-484b991d4429,Lee Cardwell,47,55.36,13,55.36,Carry Optics,U,A155173,MINOR,,66.4279,66.4279,3.8108,29.39,20,,4,,,,,,,
a84094a4-b9ce-4371-bf59-b2c89249e73e,Wallis Orchard Practical Shooters February 2024,2024-02-18,6,Stage 6,a98de2d0-2e06-4b5f-9d28-484b991d4429,Loren Brusatori,48,50.90,8,59.19,Open,C,A149999,MINOR,,71.0270,61.0799,3.5040,29.11,15,,9,,,,,,,
a84094a4-b9ce-4371-bf59-b2c89249e73e,Wallis Orchard Practical Shooters February 2024,2024-02-18,6,Stage 6,a98de2d0-2e06-4b5f-9d28-484b991d4429,Ramil Villanueva,49,50.36,18,52.09,Limited Optics,U,,MINOR,Senior,62.5045,60.4262,3.4665,20.77,15,,5,2,2,,,,,
a84094a4-b9ce-4371-bf59-b2c89249e73e,Wallis Orchard Practical Shooters February 2024,2024-02-18,6,Stage 6,a98de2d0-2e06-4b5f-9d28-484b991d4429,Jason Wilson,50,49.29,9,57.32,Open,U,A94696,MAJOR,,68.7811,59.1485,3.3932,30.06,20,,3,,1,,,,,
a84094a4-b9ce-4371-bf59-b2c89249e73e,Wallis Orchard Practical Shooters February 2024,2024-02-18,6,Stage 6,a98de2d0-2e06-4b5f-9d28-484b991d4429,John Osmena,51,47.86,19,49.51,Limited Optics,U,,MINOR,Junior; Senior,59.4122,57.4367,3.2950,25.19,17,,6,,1,,1,,,
a84094a4-b9ce-4371-bf59-b2c89249e73e,Wallis Orchard Practical Shooters February 2024,2024-02-18,6,Stage 6,a98de2d0-2e06-4b5f-9d28-484b991d4429,Calvin Candie,52,47.46,5,67.89,Production,C,A130167,MINOR,,81.4711,56.9556,3.2674,24.79,17,,5,1,1,,1,,,
a84094a4-b9ce-4371-bf59-b2c89249e73e,Wallis Orchard Practical Shooters February 2024,2024-02-18,6,Stage 6,a98de2d0-2e06-4b5f-9d28-484b991d4429,George Zhou,53,45.65,14,45.65,Carry Optics,C,A146179,MINOR,NEW SHOOTER,54.7784,54.7784,3.1425,17.82,12,,8,2,2,,1,,,
a84094a4-b9ce-4371-bf59-b2c89249e73e,Wallis Orchard Practical Shooters February 2024,2024-02-18,6,Stage 6,a98de2d0-2e06-4b5f-9d28-484b991d4429,Isaac Robledo,54,44.80,15,44.80,Carry Optics,U,A156101,MINOR,,53.7569,53.7569,3.0839,22.05,12,,9,1,2,,,,,
a84094a4-b9ce-4371-bf59-b2c89249e73e,Wallis Orchard Practical Shooters February 2024,2024-02-18,6,Stage 6,a98de2d0-2e06-4b5f-9d28-484b991d4429,Gary Brisco,55,44.64,20,46.18,Limited Optics,U,FY73704,MINOR,Super Senior,55.4111,53.5687,3.0731,31.89,14,,9,1,,,,,,
a84094a4-b9ce-4371-bf59-b2c89249e73e,Wallis Orchard Practical Shooters February 2024,2024-02-18,6,Stage 6,a98de2d0-2e06-4b5f-9d28-484b991d4429,Yul Kwan,56,44.37,10,51.60,Open,U,A156984,MINOR,Senior,61.9155,53.2444,3.0545,28.81,12,,8,4,,,,,,
a84094a4-b9ce-4371-bf59-b2c89249e73e,Wallis Orchard Practical Shooters February 2024,2024-02-18,6,Stage 6,a98de2d0-2e06-4b5f-9d28-484b991d4429,Dan Schreiber,57,37.14,21,38.42,Limited Optics,C,A147899,MINOR,Super Senior,46.1053,44.5723,2.5570,46.93,24,,,,,,,,,
a84094a4-b9ce-4371-bf59-b2c89249e73e,Wallis Orchard Practical Shooters February 2024,2024-02-18,6,Stage 6,a98de2d0-2e06-4b5f-9d28-484b991d4429,Dale Hamm,58,34.04,22,35.21,Limited Optics,D,TY97196,MINOR,Senior,42.2503,40.8454,2.3432,42.25,21,,1,1,1,,,,,
a84094a4-b9ce-4371-bf59-b2c89249e73e,Wallis Orchard Practical Shooters February 2024,2024-02-18,6,Stage 6,a98de2d0-2e06-4b5f-9d28-484b991d4429,Michael St. Amand,59,33.40,16,33.40,Carry Optics,U,,MINOR,,40.0784,40.0784,2.2992,37.84,15,,7,1,1,,,,,
a84094a4-b9ce-4371-bf59-b2c89249e73e,Wallis Orchard Practical Shooters February 2024,2024-02-18,6,Stage 6,a98de2d0-2e06-4b5f-9d28-484b991d4429,Rene Zalamea,60,28.13,11,32.71,Open,C,A66891,MAJOR,Senior,39.2514,33.7543,1.9364,21.69,14,,5,1,4,,1,,,
a84094a4-b9ce-4371-bf59-b2c89249e73e,Wallis Orchard Practical Shooters February 2024,2024-02-18,6,Stage 6,a98de2d0-2e06-4b5f-9d28-484b991d4429,Marcelo Melo,61,27.72,23,28.67,Limited Optics,,,MINOR,,34.4086,33.2645,1.9083,27.25,11,,8,3,2,,1,,,
a84094a4-b9ce-4371-bf59-b2c89249e73e,Wallis Orchard Practical Shooters February 2024,2024-02-18,6,Stage 6,a98de2d0-2e06-4b5f-9d28-484b991d4429,Jason Ventre,62,17.52,12,20.37,Open,,,MAJOR,,24.4439,21.0206,1.2059,45.61,17,,5,,2,,3,,,
a84094a4-b9ce-4371-bf59-b2c89249e73e,Wallis Orchard Practical Shooters February 2024,2024-02-18,6,Stage 6,a98de2d0-2e06-4b5f-9d28-484b991d4429,Rodmhar Osmena,63,14.29,17,14.29,Carry Optics,U,,MINOR,NEW SHOOTER,17.1491,17.1491,0.9838,43.71,7,,12,2,3,,,,,
a84094a4-b9ce-4371-bf59-b2c89249e73e,Wallis Orchard Practical Shooters February 2024,2024-02-18,6,Stage 6,a98de2d0-2e06-4b5f-9d28-484b991d4429,Demarquis Brown,64,9.45,5,14.66,Limited,U,A151662,MINOR,NEW SHOOTER,17.5973,11.3409,0.6506,50.72,13,,6,,5,,,,,
a84094a4-b9ce-4371-bf59-b2c89249e73e,Wallis Orchard Practical Shooters February 2024,2024-02-18,6,Stage 6,a98de2d0-2e06-4b5f-9d28-484b991d4429,Christian (2) Canizales,65,0.00,18,0.00,Carry Optics,A,TY150265,MINOR,,0.0000,0.0000,,,,,,,,,,,,
a84094a4-b9ce-4371-bf59-b2c89249e73e,Wallis Orchard Practical Shooters February 2024,2024-02-18,6,Stage 6,a98de2d0-2e06-4b5f-9d28-484b991d4429,Gary Wu,66,0.00,24,0.00,Limited Optics,B,L2998,MINOR,Senior,0.0000,0.0000,,,,,,,,,,,,
a84094a4-b9ce-4371-bf59-b2c89249e73e,Wallis Orchard Practical Shooters February 2024,2024-02-18,6,Stage 6,a98de2d0-2e06-4b5f-9d28-484b991d4429,Dorothy Marquez,67,0.00,19,0.00,Carry Optics,U,,MINOR,NEW SHOOTER,0.0000,0.0000,0.0000,60.68,11,,3,2,8,,,4,,
a84094a4-b9ce-4371-bf59-b2c89249e73e,Wallis Orchard Practical Shooters February 2024,2024-02-18,7,Stage 7,3da82ad2-40a6-4a38-9cd4-3105f68c6645,Angelo Guadalquiver,1,100.00,1,100.00,Open,B,A145293,MAJOR,,120.0000,120.0000,6.8585,16.33,16,,8,,,,,,,
a84094a4-b9ce-4371-bf59-b2c89249e73e,Wallis Orchard Practical Shooters February 2024,2024-02-18,7,Stage 7,3da82ad2-40a6-4a38-9cd4-3105f68c6645,Marco Yue,2,93.10,1,100.00,PCC,M,L5762,MINOR,,120.0000,111.7241,6.3855,16.60,19,,3,2,,,,,,
a84094a4-b9ce-4371-bf59-b2c89249e73e,Wallis Orchard Practical Shooters February 2024,2024-02-18,7,Stage 7,3da82ad2-40a6-4a38-9cd4-3105f68c6645,Chris Snow,3,92.05,2,92.05,Open,M,Ty107262,MINOR,,110.4556,110.4556,6.3130,14.89,13,,9,2,,,,,,
a84094a4-b9ce-4371-bf59-b2c89249e73e,Wallis Orchard Practical Shooters February 2024,2024-02-18,7,Stage 7,3da82ad2-40a6-4a38-9cd4-3105f68c6645,Duane Mendoza,4,90.48,1,100.00,Limited Optics,U,ty98162,MINOR,,120.0000,108.5765,6.2056,15.47,14,,8,2,,,,,,
a84094a4-b9ce-4371-bf59-b2c89249e73e,Wallis Orchard Practical Shooters February 2024,2024-02-18,7,Stage 7,3da82ad2-40a6-4a38-9cd4-3105f68c6645,Michael Junco,5,90.00,2,99.47,Limited Optics,U,TY34819,MINOR,Senior; Law Enforcement,119.3657,108.0026,6.1728,17.82,19,,5,,,,,,,
a84094a4-b9ce-4371-bf59-b2c89249e73e,Wallis Orchard Practical Shooters February 2024,2024-02-18,7,Stage 7,3da82ad2-40a6-4a38-9cd4-3105f68c6645,Craig Bellamy,6,88.81,3,98.15,Limited Optics,M,TY54824,MINOR,Law Enforcement,117.7781,106.5662,6.0907,16.09,14,,9,1,,,,,,
a84094a4-b9ce-4371-bf59-b2c89249e73e,Wallis Orchard Practical Shooters February 2024,2024-02-18,7,Stage 7,3da82ad2-40a6-4a38-9cd4-3105f68c6645,Jay-R delos-Santos,7,88.66,2,95.23,PCC,B,A70297,MINOR,Senior,114.2701,106.3894,6.0806,15.13,12,,10,2,,,,,,
a84094a4-b9ce-4371-bf59-b2c89249e73e,Wallis Orchard Practical Shooters February 2024,2024-02-18,7,Stage 7,3da82ad2-40a6-4a38-9cd4-3105f68c6645,Chev Jacot,8,81.31,4,89.86,Limited Optics,U,TY72378,MINOR,,107.8329,97.5677,5.5764,18.65,17,,6,1,,,,,,
a84094a4-b9ce-4371-bf59-b2c89249e73e,Wallis Orchard Practical Shooters February 2024,2024-02-18,7,Stage 7,3da82ad2-40a6-4a38-9cd4-3105f68c6645,Khoa Nguyen,9,80.34,5,88.80,Limited Optics,A,A117224,MINOR,Law Enforcement,106.5547,96.4112,5.5103,15.97,12,,8,4,,,,,,
a84094a4-b9ce-4371-bf59-b2c89249e73e,Wallis Orchard Practical Shooters February 2024,2024-02-18,7,Stage 7,3da82ad2-40a6-4a38-9cd4-3105f68c6645,Joseph White,10,79.25,1,100.00,Carry Optics,B,A135489,MINOR,Law Enforcement,120.0000,95.1007,5.4354,18.03,13,,11,,,,,,,
a84094a4-b9ce-4371-bf59-b2c89249e73e,Wallis Orchard Practical Shooters February 2024,2024-02-18,7,Stage 7,3da82ad2-40a6-4a38-9cd4-3105f68c6645,Zachary Ralston,11,78.73,2,99.34,Carry Optics,M,A123081,MINOR,NEW SHOOTER,119.2118,94.4761,5.3997,18.89,17,,5,2,,,,,,
a84094a4-b9ce-4371-bf59-b2c89249e73e,Wallis Orchard Practical Shooters February 2024,2024-02-18,7,Stage 7,3da82ad2-40a6-4a38-9cd4-3105f68c6645,Hank Scorpio,12,78.18,1,100.00,Production,A,TY123776,MINOR,,120.0000,93.8112,5.3617,19.77,17,,7,,,,,,,
a84094a4-b9ce-4371-bf59-b2c89249e73e,Wallis Orchard Practical Shooters February 2024,2024-02-18,7,Stage 7,3da82ad2-40a6-4a38-9cd4-3105f68c6645,Matthew Lem,13,77.84,2,99.57,Production,A,FY34763,MINOR,Senior; Law Enforcement,119.4875,93.4105,5.3388,19.48,16,,8,,,,,,,
a84094a4-b9ce-4371-bf59-b2c89249e73e,Wallis Orchard Practical Shooters February 2024,2024-02-18,7,Stage 7,3da82ad2-40a6-4a38-9cd4-3105f68c6645,Ryan Jaw,14,77.26,6,85.39,Limited Optics,C,TY142907,MINOR,,102.4629,92.7089,5.2987,19.25,15,,9,,,,,,,
a84094a4-b9ce-4371-bf59-b2c89249e73e,Wallis Orchard Practical Shooters February 2024,2024-02-18,7,Stage 7,3da82ad2-40a6-4a38-9cd4-3105f68c6645,JJ Avila,15,76.37,3,76.37,Open,U,,MINOR,Law Enforcement,91.6486,91.6486,5.2381,21.00,20,,3,1,,,,,,
a84094a4-b9ce-4371-bf59-b2c89249e73e,Wallis Orchard Practical Shooters February 2024,2024-02-18,7,Stage 7,3da82ad2-40a6-4a38-9cd4-3105f68c6645,Luke Rogers,16,76.10,3,96.02,Carry Optics,A,A133534,MINOR,,115.2291,91.3197,5.2193,18.01,13,,9,2,,,,,,
a84094a4-b9ce-4371-bf59-b2c89249e73e,Wallis Orchard Practical Shooters February 2024,2024-02-18,7,Stage 7,3da82ad2-40a6-4a38-9cd4-3105f68c6645,Jason Wilson,17,76.00,4,76.00,Open,U,A94696,MAJOR,,91.1955,91.1955,5.2122,21.68,17,,7,,,,,,,
a84094a4-b9ce-4371-bf59-b2c89249e73e,Wallis Orchard Practical Shooters February 2024,2024-02-18,7,Stage 7,3da82ad2-40a6-4a38-9cd4-3105f68c6645,Tony Vale,18,75.62,4,95.42,Carry Optics,U,A153735,MINOR,,114.5027,90.7440,5.1864,18.51,12,,12,,,,,,,
a84094a4-b9ce-4371-bf59-b2c89249e73e,Wallis Orchard Practical Shooters February 2024,2024-02-18,7,Stage 7,3da82ad2-40a6-4a38-9cd4-3105f68c6645,Matthew Gonzalez,19,71.37,5,90.06,Carry Optics,X,A119810,MINOR,,108.0715,85.6473,4.8951,20.02,16,,5,3,,,,,,
a84094a4-b9ce-4371-bf59-b2c89249e73e,Wallis Orchard Practical Shooters February 2024,2024-02-18,7,Stage 7,3da82ad2-40a6-4a38-9cd4-3105f68c6645,phil truong,20,71.30,5,71.30,Open,B,FY128600,MINOR,,85.5651,85.5651,4.8904,17.79,14,,9,,1,,,,,
a84094a4-b9ce-4371-bf59-b2c89249e73e,Wallis Orchard Practical Shooters February 2024,2024-02-18,7,Stage 7,3da82ad2-40a6-4a38-9cd4-3105f68c6645,Andrew Whitley,21,70.77,6,70.77,Open,A,TY106649,MAJOR,,84.9247,84.9247,4.8538,16.07,12,,9,1,2,,,,,
a84094a4-b9ce-4371-bf59-b2c89249e73e,Wallis Orchard Practical Shooters February 2024,2024-02-18,7,Stage 7,3da82ad2-40a6-4a38-9cd4-3105f68c6645,Lee Cardwell,22,70.56,6,89.04,Carry Optics,U,A155173,MINOR,,106.8440,84.6745,4.8395,20.25,14,,9,1,,,,,,
a84094a4-b9ce-4371-bf59-b2c89249e73e,Wallis Orchard Practical Shooters February 2024,2024-02-18,7,Stage 7,3da82ad2-40a6-4a38-9cd4-3105f68c6645,Peter Kirchner,23,68.70,7,86.69,Carry Optics,A,TY105743,MINOR,,104.0247,82.4402,4.7118,19.95,13,,9,2,,,,,,
a84094a4-b9ce-4371-bf59-b2c89249e73e,Wallis Orchard Practical Shooters February 2024,2024-02-18,7,Stage 7,3da82ad2-40a6-4a38-9cd4-3105f68c6645,Derik Satsky,24,68.14,8,85.98,Carry Optics,M,FY119794,MINOR,,103.1770,81.7683,4.6734,17.76,12,,11,,1,,,,,
a84094a4-b9ce-4371-bf59-b2c89249e73e,Wallis Orchard Practical Shooters February 2024,2024-02-18,7,Stage 7,3da82ad2-40a6-4a38-9cd4-3105f68c6645,Lou Lerma,25,65.67,9,82.87,Carry Optics,C,A155846,MINOR,,99.4392,78.8062,4.5041,23.09,17,,6,1,,,,,,
a84094a4-b9ce-4371-bf59-b2c89249e73e,Wallis Orchard Practical Shooters February 2024,2024-02-18,7,Stage 7,3da82ad2-40a6-4a38-9cd4-3105f68c6645,Rene Zalamea,26,65.19,7,65.19,Open,C,A66891,MAJOR,Senior,78.2323,78.2323,4.4713,19.01,13,,5,5,1,,,,,
a84094a4-b9ce-4371-bf59-b2c89249e73e,Wallis Orchard Practical Shooters February 2024,2024-02-18,7,Stage 7,3da82ad2-40a6-4a38-9cd4-3105f68c6645,FRANCIS Thanh NGUYEN,27,64.79,10,81.75,Carry Optics,U,0,MINOR,,98.0969,77.7424,4.4433,20.03,15,,8,,1,,,,,
a84094a4-b9ce-4371-bf59-b2c89249e73e,Wallis Orchard Practical Shooters February 2024,2024-02-18,7,Stage 7,3da82ad2-40a6-4a38-9cd4-3105f68c6645,Tyler Kenny,28,64.70,7,71.50,Limited Optics,B,A148691,MINOR,,85.8038,77.6356,4.4372,18.48,18,,4,,2,,,,,
a84094a4-b9ce-4371-bf59-b2c89249e73e,Wallis Orchard Practical Shooters February 2024,2024-02-18,7,Stage 7,3da82ad2-40a6-4a38-9cd4-3105f68c6645,Manny Nerona,29,64.62,8,71.42,Limited Optics,U,A69445,MINOR,,85.7052,77.5464,4.4321,18.05,17,,5,,2,,,,,
a84094a4-b9ce-4371-bf59-b2c89249e73e,Wallis Orchard Practical Shooters February 2024,2024-02-18,7,Stage 7,3da82ad2-40a6-4a38-9cd4-3105f68c6645,Cliff Pinsent,30,63.18,8,63.18,Open,B,FY99321,MAJOR,Super Senior,75.8177,75.8177,4.3333,27.00,21,,3,,,,,,,
a84094a4-b9ce-4371-bf59-b2c89249e73e,Wallis Orchard Practical Shooters February 2024,2024-02-18,7,Stage 7,3da82ad2-40a6-4a38-9cd4-3105f68c6645,Christian Canizales,31,63.16,11,79.69,Carry Optics,A,TY150265,MINOR,,95.6331,75.7897,4.3317,16.16,13,,8,1,2,,,,,
a84094a4-b9ce-4371-bf59-b2c89249e73e,Wallis Orchard Practical Shooters February 2024,2024-02-18,7,Stage 7,3da82ad2-40a6-4a38-9cd4-3105f68c6645,Jesse Harrington,32,63.12,9,69.76,Limited Optics,C,A153046,MINOR,,83.7076,75.7390,4.3288,20.56,15,,8,,1,,,,,
a84094a4-b9ce-4371-bf59-b2c89249e73e,Wallis Orchard Practical Shooters February 2024,2024-02-18,7,Stage 7,3da82ad2-40a6-4a38-9cd4-3105f68c6645,Isaac Robledo,33,63.07,12,79.59,Carry Optics,U,A156101,MINOR,,95.5028,75.6865,4.3258,21.73,12,,11,1,,,,,,
a84094a4-b9ce-4371-bf59-b2c89249e73e,Wallis Orchard Practical Shooters February 2024,2024-02-18,7,Stage 7,3da82ad2-40a6-4a38-9cd4-3105f68c6645,CHAN WILLIAM,34,61.43,13,77.52,Carry Optics,B,,MINOR,,93.0191,73.7182,4.2133,15.19,11,,9,2,2,,,,,
a84094a4-b9ce-4371-bf59-b2c89249e73e,Wallis Orchard Practical Shooters February 2024,2024-02-18,7,Stage 7,3da82ad2-40a6-4a38-9cd4-3105f68c6645,Eric Wu,35,60.55,10,66.92,Limited Optics,U,FY104740,MINOR,,80.3004,72.6561,4.1526,20.71,11,,9,4,,,,,,
a84094a4-b9ce-4371-bf59-b2c89249e73e,Wallis Orchard Practical Shooters February 2024,2024-02-18,7,Stage 7,3da82ad2-40a6-4a38-9cd4-3105f68c6645,Ramil Villanueva,36,59.47,11,65.73,Limited Optics,U,,MINOR,Senior,78.8733,71.3649,4.0788,21.33,16,,5,2,1,,,,,
a84094a4-b9ce-4371-bf59-b2c89249e73e,Wallis Orchard Practical Shooters February 2024,2024-02-18,7,Stage 7,3da82ad2-40a6-4a38-9cd4-3105f68c6645,Pat Byrne,37,54.96,3,70.30,Production,B,fy93921,MINOR,,84.3628,65.9514,3.7694,22.55,13,,10,,1,,,,,
a84094a4-b9ce-4371-bf59-b2c89249e73e,Wallis Orchard Practical Shooters February 2024,2024-02-18,7,Stage 7,3da82ad2-40a6-4a38-9cd4-3105f68c6645,Rudy Widiaman,38,54.36,12,60.08,Limited Optics,U,A155535,MINOR,,72.1013,65.2376,3.7286,19.31,13,,9,,2,,,,,
a84094a4-b9ce-4371-bf59-b2c89249e73e,Wallis Orchard Practical Shooters February 2024,2024-02-18,7,Stage 7,3da82ad2-40a6-4a38-9cd4-3105f68c6645,Ryan Alicaya,39,52.18,13,57.68,Limited Optics,D,,MINOR,,69.2104,62.6219,3.5791,18.72,17,,4,,3,,,,,
a84094a4-b9ce-4371-bf59-b2c89249e73e,Wallis Orchard Practical Shooters February 2024,2024-02-18,7,Stage 7,3da82ad2-40a6-4a38-9cd4-3105f68c6645,Jeremiah Hunt,40,51.33,14,56.73,Limited Optics,C,A148592,MINOR,,68.0714,61.5913,3.5202,23.01,11,,12,,1,,,,,
a84094a4-b9ce-4371-bf59-b2c89249e73e,Wallis Orchard Practical Shooters February 2024,2024-02-18,7,Stage 7,3da82ad2-40a6-4a38-9cd4-3105f68c6645,Calvin Candie,41,50.72,4,64.88,Production,C,A130167,MINOR,,77.8544,60.8635,3.4786,23.86,12,,11,,1,,,,,
a84094a4-b9ce-4371-bf59-b2c89249e73e,Wallis Orchard Practical Shooters February 2024,2024-02-18,7,Stage 7,3da82ad2-40a6-4a38-9cd4-3105f68c6645,Eric Mccampbell,42,49.78,1,100.00,Limited,B,A14332,MAJOR,Senior,120.0000,59.7314,3.4139,28.12,14,,9,,1,,,,,
a84094a4-b9ce-4371-bf59-b2c89249e73e,Wallis Orchard Practical Shooters February 2024,2024-02-18,7,Stage 7,3da82ad2-40a6-4a38-9cd4-3105f68c6645,Emman Alcoseba,43,49.07,2,98.59,Limited,C,TY67519,MINOR,Senior,118.3093,58.8898,3.3658,24.66,13,,9,1,1,,,,,
a84094a4-b9ce-4371-bf59-b2c89249e73e,Wallis Orchard Practical Shooters February 2024,2024-02-18,7,Stage 7,3da82ad2-40a6-4a38-9cd4-3105f68c6645,John Osmena,44,49.07,15,54.23,Limited Optics,U,,MINOR,Junior; Senior,65.0741,58.8793,3.3652,28.23,18,,5,,1,,,,,
a84094a4-b9ce-4371-bf59-b2c89249e73e,Wallis Orchard Practical Shooters February 2024,2024-02-18,7,Stage 7,3da82ad2-40a6-4a38-9cd4-3105f68c6645,Parish Saculles,45,44.56,3,89.52,Limited,D,L5316,MINOR,,107.4267,53.4729,3.0562,24.54,10,,11,2,1,,,,,
a84094a4-b9ce-4371-bf59-b2c89249e73e,Wallis Orchard Practical Shooters February 2024,2024-02-18,7,Stage 7,3da82ad2-40a6-4a38-9cd4-3105f68c6645,Gary Wu,46,43.46,16,48.03,Limited Optics,B,L2998,MINOR,Senior,57.6370,52.1502,2.9806,20.13,8,,13,1,2,,,,,
a84094a4-b9ce-4371-bf59-b2c89249e73e,Wallis Orchard Practical Shooters February 2024,2024-02-18,7,Stage 7,3da82ad2-40a6-4a38-9cd4-3105f68c6645,Dan Schreiber,47,41.01,17,45.33,Limited Optics,C,A147899,MINOR,Super Senior,54.3922,49.2143,2.8128,41.24,22,,2,,,,,,,
a84094a4-b9ce-4371-bf59-b2c89249e73e,Wallis Orchard Practical Shooters February 2024,2024-02-18,7,Stage 7,3da82ad2-40a6-4a38-9cd4-3105f68c6645,Dale Hamm,48,40.22,18,44.45,Limited Optics,D,TY97196,MINOR,Senior,53.3402,48.2624,2.7584,28.64,11,,11,1,1,,,,,
a84094a4-b9ce-4371-bf59-b2c89249e73e,Wallis Orchard Practical Shooters February 2024,2024-02-18,7,Stage 7,3da82ad2-40a6-4a38-9cd4-3105f68c6645,Michael St. Amand,49,39.74,14,50.15,Carry Optics,U,,MINOR,,60.1788,47.6921,2.7258,30.45,13,,9,1,1,,,,,
a84094a4-b9ce-4371-bf59-b2c89249e73e,Wallis Orchard Practical Shooters February 2024,2024-02-18,7,Stage 7,3da82ad2-40a6-4a38-9cd4-3105f68c6645,Brandon Hunt,50,38.50,19,42.55,Limited Optics,U,FY150701,MINOR,,51.0565,46.1961,2.6403,27.27,14,,7,1,2,,,,,
a84094a4-b9ce-4371-bf59-b2c89249e73e,Wallis Orchard Practical Shooters February 2024,2024-02-18,7,Stage 7,3da82ad2-40a6-4a38-9cd4-3105f68c6645,Carlos Escandon,51,38.18,20,42.20,Limited Optics,U,L2590,MINOR,Super Senior,50.6349,45.8147,2.6185,22.15,13,,7,2,2,,,1,,
a84094a4-b9ce-4371-bf59-b2c89249e73e,Wallis Orchard Practical Shooters February 2024,2024-02-18,7,Stage 7,3da82ad2-40a6-4a38-9cd4-3105f68c6645,Robbie Boettcher,52,36.51,21,40.35,Limited Optics,C,L5829,MINOR,,48.4169,43.8078,2.5038,19.57,11,,7,3,3,,,,,
a84094a4-b9ce-4371-bf59-b2c89249e73e,Wallis Orchard Practical Shooters February 2024,2024-02-18,7,Stage 7,3da82ad2-40a6-4a38-9cd4-3105f68c6645,Arnold Gee,53,36.27,9,36.27,Open,B,Ty103519,MAJOR,Senior,43.5244,43.5244,2.4876,20.10,10,,10,,4,,,,,
a84094a4-b9ce-4371-bf59-b2c89249e73e,Wallis Orchard Practical Shooters February 2024,2024-02-18,7,Stage 7,3da82ad2-40a6-4a38-9cd4-3105f68c6645,Loren Brusatori,54,36.22,10,36.22,Open,C,A149999,MINOR,,43.4649,43.4649,2.4842,26.97,10,,7,6,1,,,,,
a84094a4-b9ce-4371-bf59-b2c89249e73e,Wallis Orchard Practical Shooters February 2024,2024-02-18,7,Stage 7,3da82ad2-40a6-4a38-9cd4-3105f68c6645,Marcelo Melo,55,35.50,22,39.24,Limited Optics,,,MINOR,,47.0884,42.6058,2.4351,24.64,13,,8,1,2,,,1,,
a84094a4-b9ce-4371-bf59-b2c89249e73e,Wallis Orchard Practical Shooters February 2024,2024-02-18,7,Stage 7,3da82ad2-40a6-4a38-9cd4-3105f68c6645,Phyl Santos,56,34.18,15,43.13,Carry Optics,U,a155981,MINOR,,51.7585,41.0189,2.3444,23.46,15,,2,4,3,,,,,
a84094a4-b9ce-4371-bf59-b2c89249e73e,Wallis Orchard Practical Shooters February 2024,2024-02-18,7,Stage 7,3da82ad2-40a6-4a38-9cd4-3105f68c6645,Gennady Khokhorin,57,33.58,5,42.96,Production,B,A123884,MINOR,Super Senior,51.5501,40.2998,2.3033,20.84,9,,10,3,2,,,1,,
a84094a4-b9ce-4371-bf59-b2c89249e73e,Wallis Orchard Practical Shooters February 2024,2024-02-18,7,Stage 7,3da82ad2-40a6-4a38-9cd4-3105f68c6645,Jason Ventre,58,29.68,11,29.68,Open,,,MAJOR,,35.6107,35.6107,2.0353,40.78,15,,7,,2,,,,,
a84094a4-b9ce-4371-bf59-b2c89249e73e,Wallis Orchard Practical Shooters February 2024,2024-02-18,7,Stage 7,3da82ad2-40a6-4a38-9cd4-3105f68c6645,George Zhou,59,29.44,16,37.15,Carry Optics,C,A146179,MINOR,NEW SHOOTER,44.5745,35.3255,2.0190,16.84,10,,7,3,4,,,,,
a84094a4-b9ce-4371-bf59-b2c89249e73e,Wallis Orchard Practical Shooters February 2024,2024-02-18,7,Stage 7,3da82ad2-40a6-4a38-9cd4-3105f68c6645,Gary Brisco,60,22.88,23,25.29,Limited Optics,U,FY73704,MINOR,Super Senior,30.3423,27.4538,1.5691,33.14,8,,14,,2,,,1,,
a84094a4-b9ce-4371-bf59-b2c89249e73e,Wallis Orchard Practical Shooters February 2024,2024-02-18,7,Stage 7,3da82ad2-40a6-4a38-9cd4-3105f68c6645,David Zhang,61,20.73,24,22.91,Limited Optics,B,FY140383,MINOR,,27.4939,24.8766,1.4218,18.99,11,,7,1,5,,,,,
a84094a4-b9ce-4371-bf59-b2c89249e73e,Wallis Orchard Practical Shooters February 2024,2024-02-18,7,Stage 7,3da82ad2-40a6-4a38-9cd4-3105f68c6645,Chang Qian,62,18.96,4,38.09,Limited,C,A150939,MINOR,,45.7131,22.7542,1.3005,28.45,9,,10,2,3,,,1,,
a84094a4-b9ce-4371-bf59-b2c89249e73e,Wallis Orchard Practical Shooters February 2024,2024-02-18,7,Stage 7,3da82ad2-40a6-4a38-9cd4-3105f68c6645,Rodmhar Osmena,63,5.00,17,6.31,Carry Optics,U,,MINOR,NEW SHOOTER,7.5682,5.9978,0.3428,37.92,8,,6,5,5,,,,,
a84094a4-b9ce-4371-bf59-b2c89249e73e,Wallis Orchard Practical Shooters February 2024,2024-02-18,7,Stage 7,3da82ad2-40a6-4a38-9cd4-3105f68c6645,Christian (2) Canizales,64,0.00,18,0.00,Carry Optics,A,TY150265,MINOR,,0.0000,0.0000,,,,,,,,,,,,
a84094a4-b9ce-4371-bf59-b2c89249e73e,Wallis Orchard Practical Shooters February 2024,2024-02-18,7,Stage 7,3da82ad2-40a6-4a38-9cd4-3105f68c6645,Yul Kwan,65,0.00,12,0.00,Open,U,A156984,MINOR,Senior,0.0000,0.0000,0.0000,25.42,6,,8,4,6,,,1,,
a84094a4-b9ce-4371-bf59-b2c89249e73e,Wallis Orchard Practical Shooters February 2024,2024-02-18,7,Stage 7,3da82ad2-40a6-4a38-9cd4-3105f68c6645,Demarquis Brown,66,0.00,5,0.00,Limited,U,A151662,MINOR,NEW SHOOTER,0.0000,0.0000,0.0000,42.08,4,,8,1,11,,,,,
a84094a4-b9ce-4371-bf59-b2c89249e73e,Wallis Orchard Practical Shooters February 2024,2024-02-18,7,Stage 7,3da82ad2-40a6-4a38-9cd4-3105f68c6645,Dorothy Marquez,67,0.00,19,0.00,Carry Optics,U,,MINOR,NEW SHOOTER,0.0000,0.0000,0.0000,67.71,9,,7,1,7,,,,,
