match_id,match_name,match_date,stage_number,stage_name,stage_uuid,shooter_name,shooter_rank_combined,shooter_percent_combined,shooter_rank_division,shooter_percent_division,division,class,member_number,power_factor,categories,stage_points,stage_points_combined,hit_factor,time,A,B,C,D,M,NPM,NS,Proc,Apen,detail_Times
affeb201-d9af-469a-aab9-91b897c55f84,"Wallis Orchard Practical Shooters USPSA March 21, 2021",2021-03-21,1,We Play Games,5785dfd9-0c81-43ab-b5a7-4f5aa451909a,Scott Ragsdale,1,100.00,1,100.00,PCC,A,A91297,MINOR,,120.0000,120.0000,6.7752,,17,,6,1,,,,,,"[7.56, 7.79]"
affeb201-d9af-469a-aab9-91b897c55f84,"Wallis Orchard Practical Shooters USPSA March 21, 2021",2021-03-21,1,We Play Games,5785dfd9-0c81-43ab-b5a7-4f5aa451909a,AJ Jackson,2,97.34,2,97.34,PCC,A,A81745,MINOR,,116.8030,116.8030,6.5947,,19,,5,,,,,,,"[7.91, 8.77]"
affeb201-d9af-469a-aab9-91b897c55f84,"Wallis Orchard Practical Shooters USPSA March 21, 2021",2021-03-21,1,We Play Games,5785dfd9-0c81-43ab-b5a7-4f5aa451909a,Vinh Lam,3,95.17,1,100.00,Limited,A,TY101025,MAJOR,,120.0000,114.2012,6.4478,,16,,7,1,,,,,,"[8.25, 8.81]"
affeb201-d9af-469a-aab9-91b897c55f84,"Wallis Orchard Practical Shooters USPSA March 21, 2021",2021-03-21,1,We Play Games,5785dfd9-0c81-43ab-b5a7-4f5aa451909a,MEL RODERO II,4,95.03,1,100.00,Open,G,TY86283,MAJOR,Senior,120.0000,114.0400,6.4387,,17,,7,,,,,,,"[7.51, 10.04]"
affeb201-d9af-469a-aab9-91b897c55f84,"Wallis Orchard Practical Shooters USPSA March 21, 2021",2021-03-21,1,We Play Games,5785dfd9-0c81-43ab-b5a7-4f5aa451909a,Bobby Ivester,5,92.56,2,97.40,Open,M,A101336,MAJOR,,116.8783,111.0733,6.2712,,15,,9,,,,,,,"[7.71, 9.99]"
affeb201-d9af-469a-aab9-91b897c55f84,"Wallis Orchard Practical Shooters USPSA March 21, 2021",2021-03-21,1,We Play Games,5785dfd9-0c81-43ab-b5a7-4f5aa451909a,August Balagtas,6,91.26,3,96.03,Open,M,L3674,MAJOR,,115.2382,109.5147,6.1832,,16,,7,1,,,,,,"[8.04, 9.75]"
affeb201-d9af-469a-aab9-91b897c55f84,"Wallis Orchard Practical Shooters USPSA March 21, 2021",2021-03-21,1,We Play Games,5785dfd9-0c81-43ab-b5a7-4f5aa451909a,Duane Mendoza,7,89.73,2,94.29,Limited,X,X,MAJOR,,113.1493,107.6815,6.0797,,20,,4,,,,,,,"[8.82, 10.26]"
affeb201-d9af-469a-aab9-91b897c55f84,"Wallis Orchard Practical Shooters USPSA March 21, 2021",2021-03-21,1,We Play Games,5785dfd9-0c81-43ab-b5a7-4f5aa451909a,Tim Yang,8,87.49,1,100.00,Carry Optics,B,A123783,MINOR,,120.0000,104.9876,5.9276,,18,,6,,,,,,,"[8.92, 9.30]"
affeb201-d9af-469a-aab9-91b897c55f84,"Wallis Orchard Practical Shooters USPSA March 21, 2021",2021-03-21,1,We Play Games,5785dfd9-0c81-43ab-b5a7-4f5aa451909a,Mike Junco,9,85.84,2,98.11,Carry Optics,A,FY34819,MINOR,,117.7367,103.0074,5.8158,,18,,6,,,,,,,"[9.25, 9.32]"
affeb201-d9af-469a-aab9-91b897c55f84,"Wallis Orchard Practical Shooters USPSA March 21, 2021",2021-03-21,1,We Play Games,5785dfd9-0c81-43ab-b5a7-4f5aa451909a,Waldo Samano,10,83.50,3,95.44,Carry Optics,M,TY87973,MINOR,,114.5300,100.2019,5.6574,,18,,6,,,,,,,"[8.40, 10.69]"
affeb201-d9af-469a-aab9-91b897c55f84,"Wallis Orchard Practical Shooters USPSA March 21, 2021",2021-03-21,1,We Play Games,5785dfd9-0c81-43ab-b5a7-4f5aa451909a,Matt Lem,11,80.43,4,91.93,Carry Optics,A,FY34763,MINOR,,110.3111,96.5108,5.4490,,19,,4,1,,,,,,"[9.80, 10.02]"
affeb201-d9af-469a-aab9-91b897c55f84,"Wallis Orchard Practical Shooters USPSA March 21, 2021",2021-03-21,1,We Play Games,5785dfd9-0c81-43ab-b5a7-4f5aa451909a,Jim Havens,12,79.82,5,91.24,Carry Optics,A,a114636,MINOR,,109.4851,95.7882,5.4082,,18,,5,1,,,,,,"[9.83, 9.77]"
affeb201-d9af-469a-aab9-91b897c55f84,"Wallis Orchard Practical Shooters USPSA March 21, 2021",2021-03-21,1,We Play Games,5785dfd9-0c81-43ab-b5a7-4f5aa451909a,Pat Byrne,13,79.10,1,100.00,Limited 10,B,93921,MAJOR,Super Senior,120.0000,94.9150,5.3589,,12,,11,1,,,,,,"[9.95, 9.83]"
affeb201-d9af-469a-aab9-91b897c55f84,"Wallis Orchard Practical Shooters USPSA March 21, 2021",2021-03-21,1,We Play Games,5785dfd9-0c81-43ab-b5a7-4f5aa451909a,Eric Mccampbell,14,78.71,3,82.71,Limited,B,A14332,MAJOR,Senior,99.2469,94.4509,5.3327,,17,,5,2,,,,,,"[9.43, 11.01]"
affeb201-d9af-469a-aab9-91b897c55f84,"Wallis Orchard Practical Shooters USPSA March 21, 2021",2021-03-21,1,We Play Games,5785dfd9-0c81-43ab-b5a7-4f5aa451909a,Andrew Whitley,15,77.20,4,81.24,Open,B,TY-106649,MAJOR,,97.4843,92.6426,5.2306,,18,,4,2,,,,,,"[10.03, 11.00]"
affeb201-d9af-469a-aab9-91b897c55f84,"Wallis Orchard Practical Shooters USPSA March 21, 2021",2021-03-21,1,We Play Games,5785dfd9-0c81-43ab-b5a7-4f5aa451909a,Ridong Wen,16,76.39,6,87.31,Carry Optics,U,A99651,MINOR,,104.7763,91.6684,5.1756,,20,,4,,,,,,,"[10.21, 11.43]"
affeb201-d9af-469a-aab9-91b897c55f84,"Wallis Orchard Practical Shooters USPSA March 21, 2021",2021-03-21,1,We Play Games,5785dfd9-0c81-43ab-b5a7-4f5aa451909a,Justin Corona,17,75.97,5,79.94,Open,B,L4452,MAJOR,,95.9337,91.1690,5.1474,,16,,7,1,,,,,,"[9.75, 11.62]"
affeb201-d9af-469a-aab9-91b897c55f84,"Wallis Orchard Practical Shooters USPSA March 21, 2021",2021-03-21,1,We Play Games,5785dfd9-0c81-43ab-b5a7-4f5aa451909a,Jason Wilson,18,74.52,2,94.22,Limited 10,U,A94696,MAJOR,,113.0650,89.4297,5.0492,,22,,2,,,,,,,"[11.04, 12.33]"
affeb201-d9af-469a-aab9-91b897c55f84,"Wallis Orchard Practical Shooters USPSA March 21, 2021",2021-03-21,1,We Play Games,5785dfd9-0c81-43ab-b5a7-4f5aa451909a,Jan Pacleb,19,73.76,6,77.62,Open,A,A79326,MAJOR,,93.1399,88.5140,4.9975,,21,,1,1,1,,,,,"[9.92, 10.29]"
affeb201-d9af-469a-aab9-91b897c55f84,"Wallis Orchard Practical Shooters USPSA March 21, 2021",2021-03-21,1,We Play Games,5785dfd9-0c81-43ab-b5a7-4f5aa451909a,Jon Baguio,20,72.65,7,83.04,Carry Optics,C,X,MINOR,,99.6444,87.1785,4.9221,,13,,11,,,,,,,"[8.81, 11.10]"
affeb201-d9af-469a-aab9-91b897c55f84,"Wallis Orchard Practical Shooters USPSA March 21, 2021",2021-03-21,1,We Play Games,5785dfd9-0c81-43ab-b5a7-4f5aa451909a,Michael Whitley,21,72.55,7,76.34,Open,B,A111091,MAJOR,,91.6061,87.0563,4.9152,,17,,7,,,,,,,"[9.48, 13.51]"
affeb201-d9af-469a-aab9-91b897c55f84,"Wallis Orchard Practical Shooters USPSA March 21, 2021",2021-03-21,1,We Play Games,5785dfd9-0c81-43ab-b5a7-4f5aa451909a,Marlon Poralan,22,70.35,8,80.41,Carry Optics,C,Ty66330,MINOR,Law Enforcement,96.4964,84.4244,4.7666,,13,,10,1,,,,,,"[9.58, 10.56]"
affeb201-d9af-469a-aab9-91b897c55f84,"Wallis Orchard Practical Shooters USPSA March 21, 2021",2021-03-21,1,We Play Games,5785dfd9-0c81-43ab-b5a7-4f5aa451909a,Mengyu Yue,23,69.75,3,69.75,PCC,B,TY109190,MINOR,,83.7000,83.7000,4.7257,,23,,1,,,,,,,"[9.71, 15.26]"
affeb201-d9af-469a-aab9-91b897c55f84,"Wallis Orchard Practical Shooters USPSA March 21, 2021",2021-03-21,1,We Play Games,5785dfd9-0c81-43ab-b5a7-4f5aa451909a,Jason Wilson,24,69.70,1,100.00,Revolver,G,A94696,MAJOR,,120.0000,83.6433,4.7225,,20,,3,1,,,,,,"[11.33, 12.81]"
affeb201-d9af-469a-aab9-91b897c55f84,"Wallis Orchard Practical Shooters USPSA March 21, 2021",2021-03-21,1,We Play Games,5785dfd9-0c81-43ab-b5a7-4f5aa451909a,Paul Beavers,25,69.48,3,87.85,Limited 10,U,TY123776,MAJOR,,105.4179,83.3812,4.7077,,11,,11,1,1,,,,,"[9.14, 10.19]"
affeb201-d9af-469a-aab9-91b897c55f84,"Wallis Orchard Practical Shooters USPSA March 21, 2021",2021-03-21,1,We Play Games,5785dfd9-0c81-43ab-b5a7-4f5aa451909a,Roman Gwiscz,26,69.29,9,79.20,Carry Optics,A,L4670,MINOR,,95.0348,83.1456,4.6944,,14,,8,2,,,,,,"[9.12, 11.33]"
affeb201-d9af-469a-aab9-91b897c55f84,"Wallis Orchard Practical Shooters USPSA March 21, 2021",2021-03-21,1,We Play Games,5785dfd9-0c81-43ab-b5a7-4f5aa451909a,James Karchut,27,66.80,8,70.29,Open,U,,MINOR,,84.3524,80.1629,4.5260,,17,,7,,,,,,,"[10.82, 12.60]"
affeb201-d9af-469a-aab9-91b897c55f84,"Wallis Orchard Practical Shooters USPSA March 21, 2021",2021-03-21,1,We Play Games,5785dfd9-0c81-43ab-b5a7-4f5aa451909a,Ryan Alicaya,28,66.26,10,75.73,Carry Optics,C,,MINOR,,90.8806,79.5112,4.4892,,14,,9,1,,,,,,"[10.49, 11.34]"
affeb201-d9af-469a-aab9-91b897c55f84,"Wallis Orchard Practical Shooters USPSA March 21, 2021",2021-03-21,1,We Play Games,5785dfd9-0c81-43ab-b5a7-4f5aa451909a,Brandon Foss,29,65.37,11,74.72,Carry Optics,A,Fy92765,MINOR,,89.6660,78.4485,4.4292,,22,,2,,,,,,,"[9.22, 16.97]"
affeb201-d9af-469a-aab9-91b897c55f84,"Wallis Orchard Practical Shooters USPSA March 21, 2021",2021-03-21,1,We Play Games,5785dfd9-0c81-43ab-b5a7-4f5aa451909a,Kim Tran,30,65.05,9,68.45,Open,B,L4935,MAJOR,Lady,82.1420,78.0623,4.4074,,11,,11,2,,,,,,"[11.56, 11.81]"
affeb201-d9af-469a-aab9-91b897c55f84,"Wallis Orchard Practical Shooters USPSA March 21, 2021",2021-03-21,1,We Play Games,5785dfd9-0c81-43ab-b5a7-4f5aa451909a,Matthew Gonzalez,31,63.96,12,73.10,Carry Optics,C,A119810,MINOR,,87.7245,76.7499,4.3333,,18,,4,2,,,,,,"[11.07, 12.93]"
affeb201-d9af-469a-aab9-91b897c55f84,"Wallis Orchard Practical Shooters USPSA March 21, 2021",2021-03-21,1,We Play Games,5785dfd9-0c81-43ab-b5a7-4f5aa451909a,Arnold Gee,32,63.40,10,66.71,Open,B,TY103519,MAJOR,Senior,80.0528,76.0769,4.2953,,10,,9,5,,,,,,"[10.77, 11.58]"
affeb201-d9af-469a-aab9-91b897c55f84,"Wallis Orchard Practical Shooters USPSA March 21, 2021",2021-03-21,1,We Play Games,5785dfd9-0c81-43ab-b5a7-4f5aa451909a,James Tonkinson,33,63.01,13,72.02,Carry Optics,B,A123944,MINOR,,86.4249,75.6128,4.2691,,13,,8,3,,,,,,"[8.81, 12.74]"
affeb201-d9af-469a-aab9-91b897c55f84,"Wallis Orchard Practical Shooters USPSA March 21, 2021",2021-03-21,1,We Play Games,5785dfd9-0c81-43ab-b5a7-4f5aa451909a,Joseph Reyes,34,62.06,4,65.22,Limited,C,A127665,MINOR,Super Senior,78.2593,74.4775,4.2050,,14,,8,2,,,,,,"[10.45, 12.38]"
affeb201-d9af-469a-aab9-91b897c55f84,"Wallis Orchard Practical Shooters USPSA March 21, 2021",2021-03-21,1,We Play Games,5785dfd9-0c81-43ab-b5a7-4f5aa451909a,Ramil Villanueva,35,60.99,14,69.71,Carry Optics,D,A110261,MINOR,Junior,83.6534,73.1881,4.1322,,10,,13,1,,,,,,"[10.11, 11.67]"
affeb201-d9af-469a-aab9-91b897c55f84,"Wallis Orchard Practical Shooters USPSA March 21, 2021",2021-03-21,1,We Play Games,5785dfd9-0c81-43ab-b5a7-4f5aa451909a,Janice Pacleb,36,60.61,11,63.78,Open,B,Ty75597,MAJOR,Lady,76.5341,72.7329,4.1065,,16,,6,2,,,,,,"[10.99, 15.31]"
affeb201-d9af-469a-aab9-91b897c55f84,"Wallis Orchard Practical Shooters USPSA March 21, 2021",2021-03-21,1,We Play Games,5785dfd9-0c81-43ab-b5a7-4f5aa451909a,Robert Bui,37,60.38,15,69.01,Carry Optics,C,A103016,MINOR,,82.8173,72.4566,4.0909,,13,,7,4,,,,,,"[9.85, 12.15]"
affeb201-d9af-469a-aab9-91b897c55f84,"Wallis Orchard Practical Shooters USPSA March 21, 2021",2021-03-21,1,We Play Games,5785dfd9-0c81-43ab-b5a7-4f5aa451909a,Bryan Faustino,38,60.06,16,68.65,Carry Optics,D,,MINOR,,82.3801,72.0740,4.0693,,19,,4,1,,,,,,"[11.98, 14.56]"
affeb201-d9af-469a-aab9-91b897c55f84,"Wallis Orchard Practical Shooters USPSA March 21, 2021",2021-03-21,1,We Play Games,5785dfd9-0c81-43ab-b5a7-4f5aa451909a,Nicholas Hauser,39,59.07,17,67.51,Carry Optics,C,A127395,MINOR,,81.0136,70.8785,4.0018,,15,,7,1,1,,,,,"[9.65, 12.09]"
affeb201-d9af-469a-aab9-91b897c55f84,"Wallis Orchard Practical Shooters USPSA March 21, 2021",2021-03-21,1,We Play Games,5785dfd9-0c81-43ab-b5a7-4f5aa451909a,Emmanuel Alcoseba,40,58.65,5,61.63,Limited,C,TY67519,MAJOR,Senior,73.9564,70.3826,3.9738,,15,,5,4,,,,,,"[11.97, 13.95]"
affeb201-d9af-469a-aab9-91b897c55f84,"Wallis Orchard Practical Shooters USPSA March 21, 2021",2021-03-21,1,We Play Games,5785dfd9-0c81-43ab-b5a7-4f5aa451909a,Albert Montanez,41,55.86,12,58.78,Open,M,TY101554,MAJOR,,70.5403,67.0368,3.7849,,15,,7,1,1,,,,,"[9.89, 15.21]"
affeb201-d9af-469a-aab9-91b897c55f84,"Wallis Orchard Practical Shooters USPSA March 21, 2021",2021-03-21,1,We Play Games,5785dfd9-0c81-43ab-b5a7-4f5aa451909a,Dale Hamm,42,55.84,6,58.68,Limited,C,TY97196,MAJOR,Senior,70.4166,67.0138,3.7836,,10,,11,3,,,,,,"[13.26, 13.17]"
affeb201-d9af-469a-aab9-91b897c55f84,"Wallis Orchard Practical Shooters USPSA March 21, 2021",2021-03-21,1,We Play Games,5785dfd9-0c81-43ab-b5a7-4f5aa451909a,Adriel Taylor,43,54.60,13,57.46,Open,U,A-104321,MAJOR,,68.9468,65.5225,3.6994,,18,,3,2,1,,,,,"[13.23, 12.72]"
affeb201-d9af-469a-aab9-91b897c55f84,"Wallis Orchard Practical Shooters USPSA March 21, 2021",2021-03-21,1,We Play Games,5785dfd9-0c81-43ab-b5a7-4f5aa451909a,Bo McCown,44,54.45,14,57.29,Open,U,,MINOR,,68.7530,65.3383,3.6890,,16,,7,1,,,,,,"[12.58, 15.07]"
affeb201-d9af-469a-aab9-91b897c55f84,"Wallis Orchard Practical Shooters USPSA March 21, 2021",2021-03-21,1,We Play Games,5785dfd9-0c81-43ab-b5a7-4f5aa451909a,Benjamin Michael,45,52.76,1,100.00,Production,C,A115982,MINOR,,120.0000,63.3139,3.5747,,9,,9,6,,,,,,"[10.19, 11.63]"
affeb201-d9af-469a-aab9-91b897c55f84,"Wallis Orchard Practical Shooters USPSA March 21, 2021",2021-03-21,1,We Play Games,5785dfd9-0c81-43ab-b5a7-4f5aa451909a,Doug Joder,46,51.00,4,51.00,PCC,U,A115020,MAJOR,,61.2026,61.2026,3.4555,,16,,5,1,2,,,,,"[9.11, 14.62]"
affeb201-d9af-469a-aab9-91b897c55f84,"Wallis Orchard Practical Shooters USPSA March 21, 2021",2021-03-21,1,We Play Games,5785dfd9-0c81-43ab-b5a7-4f5aa451909a,Jeffrey Polk,47,50.34,18,57.54,Carry Optics,B,TY104167,MINOR,,69.0512,60.4127,3.4109,,11,,10,3,,,,,,"[9.82, 15.98]"
affeb201-d9af-469a-aab9-91b897c55f84,"Wallis Orchard Practical Shooters USPSA March 21, 2021",2021-03-21,1,We Play Games,5785dfd9-0c81-43ab-b5a7-4f5aa451909a,Gary Wu,48,50.22,2,95.19,Production,B,L2998,MINOR,,114.2227,60.2657,3.4026,,18,,5,,1,,,,,"[12.46, 15.46]"
affeb201-d9af-469a-aab9-91b897c55f84,"Wallis Orchard Practical Shooters USPSA March 21, 2021",2021-03-21,1,We Play Games,5785dfd9-0c81-43ab-b5a7-4f5aa451909a,Jason Bright,49,49.83,19,56.95,Carry Optics,B,A93447,MINOR,,68.3447,59.7945,3.3760,,11,,10,1,2,,,,,"[9.03, 10.52]"
affeb201-d9af-469a-aab9-91b897c55f84,"Wallis Orchard Practical Shooters USPSA March 21, 2021",2021-03-21,1,We Play Games,5785dfd9-0c81-43ab-b5a7-4f5aa451909a,Zachary Ralston,50,49.31,20,56.36,Carry Optics,B,A123081,MINOR,,67.6301,59.1693,3.3407,,17,,5,1,1,,,,,"[11.16, 16.08]"
affeb201-d9af-469a-aab9-91b897c55f84,"Wallis Orchard Practical Shooters USPSA March 21, 2021",2021-03-21,1,We Play Games,5785dfd9-0c81-43ab-b5a7-4f5aa451909a,Erwin Gonzalez,51,48.68,21,55.64,Carry Optics,U,,MINOR,,66.7677,58.4148,3.2981,,17,,4,1,2,,,,,"[11.41, 12.24]"
affeb201-d9af-469a-aab9-91b897c55f84,"Wallis Orchard Practical Shooters USPSA March 21, 2021",2021-03-21,1,We Play Games,5785dfd9-0c81-43ab-b5a7-4f5aa451909a,Ray Perez,52,48.39,22,55.31,Carry Optics,U,,MINOR,Law Enforcement,66.3749,58.0712,3.2787,,13,,7,2,2,,,,,"[10.18, 10.56]"
affeb201-d9af-469a-aab9-91b897c55f84,"Wallis Orchard Practical Shooters USPSA March 21, 2021",2021-03-21,1,We Play Games,5785dfd9-0c81-43ab-b5a7-4f5aa451909a,Hopper Po,53,47.16,23,53.91,Carry Optics,U,A132909,MINOR,,64.6866,56.5940,3.1953,,18,,6,,,,,,,"[16.11, 17.69]"
affeb201-d9af-469a-aab9-91b897c55f84,"Wallis Orchard Practical Shooters USPSA March 21, 2021",2021-03-21,1,We Play Games,5785dfd9-0c81-43ab-b5a7-4f5aa451909a,Jun Wu,54,46.72,24,53.40,Carry Optics,,,MINOR,,64.0833,56.0662,3.1655,,19,,5,,,,,,,"[20.63, 14.12]"
affeb201-d9af-469a-aab9-91b897c55f84,"Wallis Orchard Practical Shooters USPSA March 21, 2021",2021-03-21,1,We Play Games,5785dfd9-0c81-43ab-b5a7-4f5aa451909a,Eric Wu,55,41.87,3,79.35,Production,C,,MINOR,,95.2225,50.2409,2.8366,,9,,9,5,1,,,,,"[11.67, 11.95]"
affeb201-d9af-469a-aab9-91b897c55f84,"Wallis Orchard Practical Shooters USPSA March 21, 2021",2021-03-21,1,We Play Games,5785dfd9-0c81-43ab-b5a7-4f5aa451909a,Ibram Gaunt,56,41.25,4,52.15,Limited 10,U,A130167,MAJOR,,62.5808,49.4988,2.7947,,6,,13,5,,,,,,"[15.85, 17.07]"
affeb201-d9af-469a-aab9-91b897c55f84,"Wallis Orchard Practical Shooters USPSA March 21, 2021",2021-03-21,1,We Play Games,5785dfd9-0c81-43ab-b5a7-4f5aa451909a,Jack Liu,57,37.59,25,42.97,Carry Optics,U,Ty130790,MINOR,,51.5622,45.1116,2.5470,,9,,12,3,,,,,,"[15.77, 17.21]"
affeb201-d9af-469a-aab9-91b897c55f84,"Wallis Orchard Practical Shooters USPSA March 21, 2021",2021-03-21,1,We Play Games,5785dfd9-0c81-43ab-b5a7-4f5aa451909a,Ricky Wiley,58,32.35,26,36.98,Carry Optics,B,A91320,MINOR,Law Enforcement,44.3714,38.8204,2.1918,,15,,5,2,2,,,,,"[23.39, 9.46]"
affeb201-d9af-469a-aab9-91b897c55f84,"Wallis Orchard Practical Shooters USPSA March 21, 2021",2021-03-21,1,We Play Games,5785dfd9-0c81-43ab-b5a7-4f5aa451909a,Romelio San Jose,59,26.56,27,30.36,Carry Optics,U,A132413,MINOR,,36.4276,31.8704,1.7994,,17,,5,,2,,,,,"[21.44, 23.02]"
affeb201-d9af-469a-aab9-91b897c55f84,"Wallis Orchard Practical Shooters USPSA March 21, 2021",2021-03-21,1,We Play Games,5785dfd9-0c81-43ab-b5a7-4f5aa451909a,Adam Weinstein,60,26.33,15,27.70,Open,U,,MINOR,,33.2434,31.5923,1.7837,,7,,14,,3,,,,,"[12.41, 13.94]"
affeb201-d9af-469a-aab9-91b897c55f84,"Wallis Orchard Practical Shooters USPSA March 21, 2021",2021-03-21,1,We Play Games,5785dfd9-0c81-43ab-b5a7-4f5aa451909a,Tom Donahue,61,25.83,16,27.18,Open,C,TY69009,MAJOR,Super Senior,32.6134,30.9936,1.7499,,17,,4,1,2,,,,,"[14.73, 32.70]"
affeb201-d9af-469a-aab9-91b897c55f84,"Wallis Orchard Practical Shooters USPSA March 21, 2021",2021-03-21,1,We Play Games,5785dfd9-0c81-43ab-b5a7-4f5aa451909a,young david,62,25.74,17,27.08,Open,D,Ty130791,MINOR,,32.4979,30.8838,1.7437,,12,,7,5,,,,2,,"[20.78, 17.07]"
affeb201-d9af-469a-aab9-91b897c55f84,"Wallis Orchard Practical Shooters USPSA March 21, 2021",2021-03-21,1,We Play Games,5785dfd9-0c81-43ab-b5a7-4f5aa451909a,Jerry Bedro,63,23.53,18,24.76,Open,C,A98263,MAJOR,,29.7079,28.2324,1.5940,,,,17,3,4,,,,,"[9.34, 11.99]"
affeb201-d9af-469a-aab9-91b897c55f84,"Wallis Orchard Practical Shooters USPSA March 21, 2021",2021-03-21,1,We Play Games,5785dfd9-0c81-43ab-b5a7-4f5aa451909a,Antonio Tormis,64,23.33,28,26.67,Carry Optics,C,A124958,MINOR,,32.0022,27.9986,1.5808,,14,,5,1,4,,,,,"[15.21, 13.89]"
affeb201-d9af-469a-aab9-91b897c55f84,"Wallis Orchard Practical Shooters USPSA March 21, 2021",2021-03-21,1,We Play Games,5785dfd9-0c81-43ab-b5a7-4f5aa451909a,John Brunkhorst,65,19.14,29,21.87,Carry Optics,B,A116144,MINOR,,26.2467,22.9632,1.2965,,5,,6,10,3,,,,,"[7.62, 10.12]"
affeb201-d9af-469a-aab9-91b897c55f84,"Wallis Orchard Practical Shooters USPSA March 21, 2021",2021-03-21,1,We Play Games,5785dfd9-0c81-43ab-b5a7-4f5aa451909a,Leofredo Echavez,66,18.17,7,19.09,Limited,U,,MINOR,,22.9101,21.8030,1.2310,,12,,4,5,3,,,,,"[18.21, 19.97]"
affeb201-d9af-469a-aab9-91b897c55f84,"Wallis Orchard Practical Shooters USPSA March 21, 2021",2021-03-21,1,We Play Games,5785dfd9-0c81-43ab-b5a7-4f5aa451909a,Garrick Gonzalez,67,7.87,30,9.00,Carry Optics,B,A119804,MINOR,,10.7963,9.4456,0.5333,,11,,5,2,6,,,,,"[11.71, 10.79]"
affeb201-d9af-469a-aab9-91b897c55f84,"Wallis Orchard Practical Shooters USPSA March 21, 2021",2021-03-21,1,We Play Games,5785dfd9-0c81-43ab-b5a7-4f5aa451909a,Bryan Echavez,68,3.95,8,4.15,Limited,U,,MINOR,Junior,4.9747,4.7343,0.2673,,10,,5,3,6,,,,,"[14.26, 15.67]"
affeb201-d9af-469a-aab9-91b897c55f84,"Wallis Orchard Practical Shooters USPSA March 21, 2021",2021-03-21,1,We Play Games,5785dfd9-0c81-43ab-b5a7-4f5aa451909a,Gary Brisco,69,0.00,5,0.00,PCC,C,FY73704,MINOR,Super Senior,0.0000,0.0000,,,,,,,,,,,,
affeb201-d9af-469a-aab9-91b897c55f84,"Wallis Orchard Practical Shooters USPSA March 21, 2021",2021-03-21,1,We Play Games,5785dfd9-0c81-43ab-b5a7-4f5aa451909a,Danny Garza,70,0.00,9,0.00,Limited,D,TY75480,MINOR,,0.0000,0.0000,,,,,,,,,,,,
affeb201-d9af-469a-aab9-91b897c55f84,"Wallis Orchard Practical Shooters USPSA March 21, 2021",2021-03-21,1,We Play Games,5785dfd9-0c81-43ab-b5a7-4f5aa451909a,CARLOS NIEVES,71,0.00,6,0.00,PCC,C,A120418,MINOR,,0.0000,0.0000,,,,,,,,,,,,
affeb201-d9af-469a-aab9-91b897c55f84,"Wallis Orchard Practical Shooters USPSA March 21, 2021",2021-03-21,1,We Play Games,5785dfd9-0c81-43ab-b5a7-4f5aa451909a,Wade Pruetz,72,0.00,19,0.00,Open,A,Ty79055,MAJOR,,0.0000,0.0000,,,,,,,,,,,,
affeb201-d9af-469a-aab9-91b897c55f84,"Wallis Orchard Practical Shooters USPSA March 21, 2021",2021-03-21,1,We Play Games,5785dfd9-0c81-43ab-b5a7-4f5aa451909a,Ralph Migrino,73,0.00,31,0.00,Carry Optics,U,,MINOR,Military,0.0000,0.0000,0.0000,,1,,13,1,9,,,,,"[8.37, 6.68]"
affeb201-d9af-469a-aab9-91b897c55f84,"Wallis Orchard Practical Shooters USPSA March 21, 2021",2021-03-21,2,Stage 2,6af09c99-6dd5-4585-9204-0e766089b07a,MEL RODERO II,1,100.00,1,100.00,Open,G,TY86283,MAJOR,Senior,145.0000,145.0000,6.9920,19.88,23,,6,,,,,,,
affeb201-d9af-469a-aab9-91b897c55f84,"Wallis Orchard Practical Shooters USPSA March 21, 2021",2021-03-21,2,Stage 2,6af09c99-6dd5-4585-9204-0e766089b07a,Jan Pacleb,2,98.20,2,98.20,Open,A,A79326,MAJOR,,142.3829,142.3829,6.8658,19.08,19,,8,2,,,,,,
affeb201-d9af-469a-aab9-91b897c55f84,"Wallis Orchard Practical Shooters USPSA March 21, 2021",2021-03-21,2,Stage 2,6af09c99-6dd5-4585-9204-0e766089b07a,Bobby Ivester,3,90.08,3,90.08,Open,M,A101336,MAJOR,,130.6182,130.6182,6.2985,21.91,22,,7,,,,,,,
affeb201-d9af-469a-aab9-91b897c55f84,"Wallis Orchard Practical Shooters USPSA March 21, 2021",2021-03-21,2,Stage 2,6af09c99-6dd5-4585-9204-0e766089b07a,Adriel Taylor,4,86.97,4,86.97,Open,U,A-104321,MAJOR,,126.1098,126.1098,6.0811,22.20,21,,7,1,,,,,,
affeb201-d9af-469a-aab9-91b897c55f84,"Wallis Orchard Practical Shooters USPSA March 21, 2021",2021-03-21,2,Stage 2,6af09c99-6dd5-4585-9204-0e766089b07a,Scott Ragsdale,5,86.44,1,100.00,PCC,A,A91297,MINOR,,145.0000,125.3342,6.0437,23.33,27,,2,,,,,,,
affeb201-d9af-469a-aab9-91b897c55f84,"Wallis Orchard Practical Shooters USPSA March 21, 2021",2021-03-21,2,Stage 2,6af09c99-6dd5-4585-9204-0e766089b07a,Wade Pruetz,6,85.07,5,85.07,Open,A,Ty79055,MAJOR,,123.3495,123.3495,5.9480,24.21,28,,1,,,,,,,
affeb201-d9af-469a-aab9-91b897c55f84,"Wallis Orchard Practical Shooters USPSA March 21, 2021",2021-03-21,2,Stage 2,6af09c99-6dd5-4585-9204-0e766089b07a,Roman Gwiscz,7,82.43,1,100.00,Carry Optics,A,L4670,MINOR,,145.0000,119.5296,5.7638,24.81,28,,1,,,,,,,
affeb201-d9af-469a-aab9-91b897c55f84,"Wallis Orchard Practical Shooters USPSA March 21, 2021",2021-03-21,2,Stage 2,6af09c99-6dd5-4585-9204-0e766089b07a,Zachary Ralston,8,80.37,2,97.49,Carry Optics,B,A123081,MINOR,,141.3673,116.5350,5.6194,24.38,26,,2,1,,,,,,
affeb201-d9af-469a-aab9-91b897c55f84,"Wallis Orchard Practical Shooters USPSA March 21, 2021",2021-03-21,2,Stage 2,6af09c99-6dd5-4585-9204-0e766089b07a,Waldo Samano,9,78.13,3,94.78,Carry Optics,M,TY87973,MINOR,,137.4303,113.2895,5.4629,23.98,23,,5,1,,,,,,
affeb201-d9af-469a-aab9-91b897c55f84,"Wallis Orchard Practical Shooters USPSA March 21, 2021",2021-03-21,2,Stage 2,6af09c99-6dd5-4585-9204-0e766089b07a,Duane Mendoza,10,77.80,1,100.00,Limited,X,X,MAJOR,,145.0000,112.8043,5.4395,25.37,24,,4,1,,,,,,
affeb201-d9af-469a-aab9-91b897c55f84,"Wallis Orchard Practical Shooters USPSA March 21, 2021",2021-03-21,2,Stage 2,6af09c99-6dd5-4585-9204-0e766089b07a,August Balagtas,11,77.41,6,77.41,Open,M,L3674,MAJOR,,112.2423,112.2423,5.4124,23.28,24,,4,,1,,,,,
affeb201-d9af-469a-aab9-91b897c55f84,"Wallis Orchard Practical Shooters USPSA March 21, 2021",2021-03-21,2,Stage 2,6af09c99-6dd5-4585-9204-0e766089b07a,Michael Whitley,12,76.75,7,76.75,Open,B,A111091,MAJOR,,111.2904,111.2904,5.3665,22.92,23,,4,1,1,,,,,
affeb201-d9af-469a-aab9-91b897c55f84,"Wallis Orchard Practical Shooters USPSA March 21, 2021",2021-03-21,2,Stage 2,6af09c99-6dd5-4585-9204-0e766089b07a,Vinh Lam,13,75.73,2,97.34,Limited,A,TY101025,MAJOR,,141.1454,109.8056,5.2949,23.23,23,,4,1,1,,,,,
affeb201-d9af-469a-aab9-91b897c55f84,"Wallis Orchard Practical Shooters USPSA March 21, 2021",2021-03-21,2,Stage 2,6af09c99-6dd5-4585-9204-0e766089b07a,Matt Lem,14,74.70,4,90.62,Carry Optics,A,FY34763,MINOR,,131.3951,108.3145,5.2230,26.23,26,,2,1,,,,,,
affeb201-d9af-469a-aab9-91b897c55f84,"Wallis Orchard Practical Shooters USPSA March 21, 2021",2021-03-21,2,Stage 2,6af09c99-6dd5-4585-9204-0e766089b07a,Tim Yang,15,74.16,5,89.96,Carry Optics,B,A123783,MINOR,,130.4442,107.5306,5.1852,25.65,24,,4,1,,,,,,
affeb201-d9af-469a-aab9-91b897c55f84,"Wallis Orchard Practical Shooters USPSA March 21, 2021",2021-03-21,2,Stage 2,6af09c99-6dd5-4585-9204-0e766089b07a,Mengyu Yue,16,73.47,2,85.00,PCC,B,TY109190,MINOR,,123.2489,106.5331,5.1371,25.89,23,,6,,,,,,,
affeb201-d9af-469a-aab9-91b897c55f84,"Wallis Orchard Practical Shooters USPSA March 21, 2021",2021-03-21,2,Stage 2,6af09c99-6dd5-4585-9204-0e766089b07a,Arnold Gee,17,73.36,8,73.36,Open,B,TY103519,MAJOR,Senior,106.3693,106.3693,5.1292,26.32,19,,10,,,,,,,
affeb201-d9af-469a-aab9-91b897c55f84,"Wallis Orchard Practical Shooters USPSA March 21, 2021",2021-03-21,2,Stage 2,6af09c99-6dd5-4585-9204-0e766089b07a,Ryan Alicaya,18,69.25,6,84.00,Carry Optics,C,,MINOR,,121.8052,100.4092,4.8418,26.23,21,,7,1,,,,,,
affeb201-d9af-469a-aab9-91b897c55f84,"Wallis Orchard Practical Shooters USPSA March 21, 2021",2021-03-21,2,Stage 2,6af09c99-6dd5-4585-9204-0e766089b07a,John Brunkhorst,19,68.44,7,83.03,Carry Optics,B,A116144,MINOR,,120.3864,99.2396,4.7854,26.33,26,,2,,1,,,,,
affeb201-d9af-469a-aab9-91b897c55f84,"Wallis Orchard Practical Shooters USPSA March 21, 2021",2021-03-21,2,Stage 2,6af09c99-6dd5-4585-9204-0e766089b07a,Jason Bright,20,67.80,8,82.25,Carry Optics,B,A93447,MINOR,,119.2669,98.3167,4.7409,27.21,21,,8,,,,,,,
affeb201-d9af-469a-aab9-91b897c55f84,"Wallis Orchard Practical Shooters USPSA March 21, 2021",2021-03-21,2,Stage 2,6af09c99-6dd5-4585-9204-0e766089b07a,Justin Corona,21,67.72,9,67.72,Open,B,L4452,MAJOR,,98.1944,98.1944,4.7350,28.30,22,,5,2,,,,,,
affeb201-d9af-469a-aab9-91b897c55f84,"Wallis Orchard Practical Shooters USPSA March 21, 2021",2021-03-21,2,Stage 2,6af09c99-6dd5-4585-9204-0e766089b07a,Andrew Whitley,22,66.70,10,66.70,Open,B,TY-106649,MAJOR,,96.7199,96.7199,4.6639,29.16,22,,6,1,,,,,,
affeb201-d9af-469a-aab9-91b897c55f84,"Wallis Orchard Practical Shooters USPSA March 21, 2021",2021-03-21,2,Stage 2,6af09c99-6dd5-4585-9204-0e766089b07a,Eric Mccampbell,23,66.62,3,85.64,Limited,B,A14332,MAJOR,Senior,124.1783,96.6058,4.6584,28.98,23,,4,2,,,,,,
affeb201-d9af-469a-aab9-91b897c55f84,"Wallis Orchard Practical Shooters USPSA March 21, 2021",2021-03-21,2,Stage 2,6af09c99-6dd5-4585-9204-0e766089b07a,Jim Havens,24,66.61,9,80.80,Carry Optics,A,a114636,MINOR,,117.1587,96.5789,4.6571,27.27,23,,3,3,,,,,,
affeb201-d9af-469a-aab9-91b897c55f84,"Wallis Orchard Practical Shooters USPSA March 21, 2021",2021-03-21,2,Stage 2,6af09c99-6dd5-4585-9204-0e766089b07a,Mike Junco,25,65.83,10,79.86,Carry Optics,A,FY34819,MINOR,,115.7927,95.4528,4.6028,26.94,25,,3,,1,,,,,
affeb201-d9af-469a-aab9-91b897c55f84,"Wallis Orchard Practical Shooters USPSA March 21, 2021",2021-03-21,2,Stage 2,6af09c99-6dd5-4585-9204-0e766089b07a,Ridong Wen,26,65.68,11,79.68,Carry Optics,U,A99651,MINOR,,115.5336,95.2392,4.5925,28.96,23,,6,,,,,,,
affeb201-d9af-469a-aab9-91b897c55f84,"Wallis Orchard Practical Shooters USPSA March 21, 2021",2021-03-21,2,Stage 2,6af09c99-6dd5-4585-9204-0e766089b07a,James Karchut,27,65.42,11,65.42,Open,U,,MINOR,,94.8535,94.8535,4.5739,30.39,26,,3,,,,,,,
affeb201-d9af-469a-aab9-91b897c55f84,"Wallis Orchard Practical Shooters USPSA March 21, 2021",2021-03-21,2,Stage 2,6af09c99-6dd5-4585-9204-0e766089b07a,James Tonkinson,28,64.79,12,78.60,Carry Optics,B,A123944,MINOR,,113.9663,93.9472,4.5302,29.80,24,,5,,,,,,,
affeb201-d9af-469a-aab9-91b897c55f84,"Wallis Orchard Practical Shooters USPSA March 21, 2021",2021-03-21,2,Stage 2,6af09c99-6dd5-4585-9204-0e766089b07a,Jerry Bedro,29,64.41,12,64.41,Open,C,A98263,MAJOR,,93.3914,93.3914,4.5034,31.31,25,,4,,,,,,,
affeb201-d9af-469a-aab9-91b897c55f84,"Wallis Orchard Practical Shooters USPSA March 21, 2021",2021-03-21,2,Stage 2,6af09c99-6dd5-4585-9204-0e766089b07a,Jeffrey Polk,30,64.03,13,77.68,Carry Optics,B,TY104167,MINOR,,112.6305,92.8460,4.4771,30.60,25,,4,,,,,,,
affeb201-d9af-469a-aab9-91b897c55f84,"Wallis Orchard Practical Shooters USPSA March 21, 2021",2021-03-21,2,Stage 2,6af09c99-6dd5-4585-9204-0e766089b07a,Ralph Migrino,31,63.30,14,76.79,Carry Optics,U,,MINOR,Military,111.3399,91.7822,4.4258,26.21,21,,7,,1,,,,,
affeb201-d9af-469a-aab9-91b897c55f84,"Wallis Orchard Practical Shooters USPSA March 21, 2021",2021-03-21,2,Stage 2,6af09c99-6dd5-4585-9204-0e766089b07a,AJ Jackson,32,62.72,3,72.56,PCC,A,A81745,MINOR,,105.2190,90.9485,4.3856,26.45,21,,7,,1,,,,,
affeb201-d9af-469a-aab9-91b897c55f84,"Wallis Orchard Practical Shooters USPSA March 21, 2021",2021-03-21,2,Stage 2,6af09c99-6dd5-4585-9204-0e766089b07a,Paul Beavers,33,60.37,1,100.00,Limited 10,U,TY123776,MAJOR,,145.0000,87.5371,4.2211,32.93,23,,6,,,,,,,
affeb201-d9af-469a-aab9-91b897c55f84,"Wallis Orchard Practical Shooters USPSA March 21, 2021",2021-03-21,2,Stage 2,6af09c99-6dd5-4585-9204-0e766089b07a,Ramil Villanueva,34,60.33,15,73.19,Carry Optics,D,A110261,MINOR,Junior,106.1223,87.4811,4.2184,30.58,22,,6,1,,,,,,
affeb201-d9af-469a-aab9-91b897c55f84,"Wallis Orchard Practical Shooters USPSA March 21, 2021",2021-03-21,2,Stage 2,6af09c99-6dd5-4585-9204-0e766089b07a,Brandon Foss,35,59.84,16,72.59,Carry Optics,A,Fy92765,MINOR,,105.2544,86.7657,4.1839,24.14,25,,2,,2,,,1,,
affeb201-d9af-469a-aab9-91b897c55f84,"Wallis Orchard Practical Shooters USPSA March 21, 2021",2021-03-21,2,Stage 2,6af09c99-6dd5-4585-9204-0e766089b07a,Gary Wu,36,59.24,1,100.00,Production,B,L2998,MINOR,,145.0000,85.9009,4.1422,28.97,23,,5,,1,,,,,
affeb201-d9af-469a-aab9-91b897c55f84,"Wallis Orchard Practical Shooters USPSA March 21, 2021",2021-03-21,2,Stage 2,6af09c99-6dd5-4585-9204-0e766089b07a,Kim Tran,37,56.78,13,56.78,Open,B,L4935,MAJOR,Lady,82.3257,82.3257,3.9698,26.45,19,,7,1,2,,,,,
affeb201-d9af-469a-aab9-91b897c55f84,"Wallis Orchard Practical Shooters USPSA March 21, 2021",2021-03-21,2,Stage 2,6af09c99-6dd5-4585-9204-0e766089b07a,Janice Pacleb,38,55.97,14,55.97,Open,B,Ty75597,MAJOR,Lady,81.1560,81.1560,3.9134,26.32,17,,9,1,2,,,,,
affeb201-d9af-469a-aab9-91b897c55f84,"Wallis Orchard Practical Shooters USPSA March 21, 2021",2021-03-21,2,Stage 2,6af09c99-6dd5-4585-9204-0e766089b07a,Hopper Po,39,55.29,17,67.08,Carry Optics,U,A132909,MINOR,,97.2595,80.1751,3.8661,32.85,22,,5,2,,,,,,
affeb201-d9af-469a-aab9-91b897c55f84,"Wallis Orchard Practical Shooters USPSA March 21, 2021",2021-03-21,2,Stage 2,6af09c99-6dd5-4585-9204-0e766089b07a,Doug Joder,40,55.28,4,63.95,PCC,U,A115020,MAJOR,,92.7312,80.1544,3.8651,30.53,18,,9,1,1,,,,,
affeb201-d9af-469a-aab9-91b897c55f84,"Wallis Orchard Practical Shooters USPSA March 21, 2021",2021-03-21,2,Stage 2,6af09c99-6dd5-4585-9204-0e766089b07a,Matthew Gonzalez,41,54.01,18,65.51,Carry Optics,C,A119810,MINOR,,94.9954,78.3087,3.7761,30.19,20,,8,,1,,,,,
affeb201-d9af-469a-aab9-91b897c55f84,"Wallis Orchard Practical Shooters USPSA March 21, 2021",2021-03-21,2,Stage 2,6af09c99-6dd5-4585-9204-0e766089b07a,Jon Baguio,42,53.10,19,64.41,Carry Optics,C,X,MINOR,,93.3979,76.9918,3.7126,29.09,18,,9,1,1,,,,,
affeb201-d9af-469a-aab9-91b897c55f84,"Wallis Orchard Practical Shooters USPSA March 21, 2021",2021-03-21,2,Stage 2,6af09c99-6dd5-4585-9204-0e766089b07a,Eric Wu,43,50.20,2,84.73,Production,C,,MINOR,,122.8625,72.7862,3.5098,33.05,23,,3,2,1,,,,,
affeb201-d9af-469a-aab9-91b897c55f84,"Wallis Orchard Practical Shooters USPSA March 21, 2021",2021-03-21,2,Stage 2,6af09c99-6dd5-4585-9204-0e766089b07a,Robert Bui,44,47.37,20,57.46,Carry Optics,C,A103016,MINOR,,83.3175,68.6821,3.3119,41.97,26,,3,,,,,,,
affeb201-d9af-469a-aab9-91b897c55f84,"Wallis Orchard Practical Shooters USPSA March 21, 2021",2021-03-21,2,Stage 2,6af09c99-6dd5-4585-9204-0e766089b07a,young david,45,47.34,15,47.34,Open,D,Ty130791,MINOR,,68.6407,68.6407,3.3099,42.60,27,,2,,,,,,,
affeb201-d9af-469a-aab9-91b897c55f84,"Wallis Orchard Practical Shooters USPSA March 21, 2021",2021-03-21,2,Stage 2,6af09c99-6dd5-4585-9204-0e766089b07a,Adam Weinstein,46,46.88,16,46.88,Open,U,,MINOR,,67.9688,67.9688,3.2775,28.07,15,,12,1,1,,,1,,
affeb201-d9af-469a-aab9-91b897c55f84,"Wallis Orchard Practical Shooters USPSA March 21, 2021",2021-03-21,2,Stage 2,6af09c99-6dd5-4585-9204-0e766089b07a,Pat Byrne,47,45.96,2,76.12,Limited 10,B,93921,MAJOR,Super Senior,110.3774,66.6353,3.2132,38.28,23,,4,1,1,,,,,
affeb201-d9af-469a-aab9-91b897c55f84,"Wallis Orchard Practical Shooters USPSA March 21, 2021",2021-03-21,2,Stage 2,6af09c99-6dd5-4585-9204-0e766089b07a,Albert Montanez,48,45.32,17,45.32,Open,M,TY101554,MAJOR,,65.7166,65.7166,3.1689,44.18,24,,5,,,,,,,
affeb201-d9af-469a-aab9-91b897c55f84,"Wallis Orchard Practical Shooters USPSA March 21, 2021",2021-03-21,2,Stage 2,6af09c99-6dd5-4585-9204-0e766089b07a,Marlon Poralan,49,44.99,21,54.58,Carry Optics,C,Ty66330,MINOR,Law Enforcement,79.1415,65.2396,3.1459,34.33,22,,6,,1,,1,,,
affeb201-d9af-469a-aab9-91b897c55f84,"Wallis Orchard Practical Shooters USPSA March 21, 2021",2021-03-21,2,Stage 2,6af09c99-6dd5-4585-9204-0e766089b07a,Garrick Gonzalez,50,44.77,22,54.30,Carry Optics,B,A119804,MINOR,,78.7415,64.9099,3.1300,30.99,18,,9,,2,,,,,
affeb201-d9af-469a-aab9-91b897c55f84,"Wallis Orchard Practical Shooters USPSA March 21, 2021",2021-03-21,2,Stage 2,6af09c99-6dd5-4585-9204-0e766089b07a,Jun Wu,51,43.99,23,53.36,Carry Optics,,,MINOR,,77.3704,63.7797,3.0755,32.84,20,,7,,2,,,,,
affeb201-d9af-469a-aab9-91b897c55f84,"Wallis Orchard Practical Shooters USPSA March 21, 2021",2021-03-21,2,Stage 2,6af09c99-6dd5-4585-9204-0e766089b07a,Dale Hamm,52,43.32,4,55.68,Limited,C,TY97196,MAJOR,Senior,80.7383,62.8112,3.0288,40.61,21,,7,,1,,,,,
affeb201-d9af-469a-aab9-91b897c55f84,"Wallis Orchard Practical Shooters USPSA March 21, 2021",2021-03-21,2,Stage 2,6af09c99-6dd5-4585-9204-0e766089b07a,Benjamin Michael,53,43.14,3,72.81,Production,C,A115982,MINOR,,105.5802,62.5478,3.0161,42.77,21,,8,,,,,,,
affeb201-d9af-469a-aab9-91b897c55f84,"Wallis Orchard Practical Shooters USPSA March 21, 2021",2021-03-21,2,Stage 2,6af09c99-6dd5-4585-9204-0e766089b07a,Jason Wilson,54,42.41,1,100.00,Revolver,G,A94696,MAJOR,,145.0000,61.5006,2.9656,48.22,27,,2,,,,,,,
affeb201-d9af-469a-aab9-91b897c55f84,"Wallis Orchard Practical Shooters USPSA March 21, 2021",2021-03-21,2,Stage 2,6af09c99-6dd5-4585-9204-0e766089b07a,Tom Donahue,55,41.71,18,41.71,Open,C,TY69009,MAJOR,Super Senior,60.4740,60.4740,2.9161,38.75,25,,2,,2,,,,,
affeb201-d9af-469a-aab9-91b897c55f84,"Wallis Orchard Practical Shooters USPSA March 21, 2021",2021-03-21,2,Stage 2,6af09c99-6dd5-4585-9204-0e766089b07a,Nicholas Hauser,56,40.20,24,48.76,Carry Optics,C,A127395,MINOR,,70.7088,58.2883,2.8107,33.80,23,,3,1,2,,1,,,
affeb201-d9af-469a-aab9-91b897c55f84,"Wallis Orchard Practical Shooters USPSA March 21, 2021",2021-03-21,2,Stage 2,6af09c99-6dd5-4585-9204-0e766089b07a,Jason Wilson,57,40.19,3,66.57,Limited 10,U,A94696,MAJOR,,96.5270,58.2737,2.8100,44.84,24,,4,,1,,,,,
affeb201-d9af-469a-aab9-91b897c55f84,"Wallis Orchard Practical Shooters USPSA March 21, 2021",2021-03-21,2,Stage 2,6af09c99-6dd5-4585-9204-0e766089b07a,Erwin Gonzalez,58,39.22,25,47.58,Carry Optics,U,,MINOR,,68.9881,56.8698,2.7423,32.09,20,,6,,3,,,,,
affeb201-d9af-469a-aab9-91b897c55f84,"Wallis Orchard Practical Shooters USPSA March 21, 2021",2021-03-21,2,Stage 2,6af09c99-6dd5-4585-9204-0e766089b07a,Ricky Wiley,59,35.61,26,43.20,Carry Optics,B,A91320,MINOR,Law Enforcement,62.6460,51.6417,2.4902,51.00,21,,7,1,,,,,,
affeb201-d9af-469a-aab9-91b897c55f84,"Wallis Orchard Practical Shooters USPSA March 21, 2021",2021-03-21,2,Stage 2,6af09c99-6dd5-4585-9204-0e766089b07a,Bryan Faustino,60,35.12,27,42.61,Carry Optics,D,,MINOR,,61.7781,50.9263,2.4557,39.50,20,,5,2,2,,,,,
affeb201-d9af-469a-aab9-91b897c55f84,"Wallis Orchard Practical Shooters USPSA March 21, 2021",2021-03-21,2,Stage 2,6af09c99-6dd5-4585-9204-0e766089b07a,Ray Perez,61,34.08,28,41.34,Carry Optics,U,,MINOR,Law Enforcement,59.9391,49.4103,2.3826,43.23,21,,6,,2,,,,,
affeb201-d9af-469a-aab9-91b897c55f84,"Wallis Orchard Practical Shooters USPSA March 21, 2021",2021-03-21,2,Stage 2,6af09c99-6dd5-4585-9204-0e766089b07a,Bo McCown,62,29.73,19,29.73,Open,U,,MINOR,,43.1101,43.1101,2.0788,36.56,19,,7,,3,,1,,,
affeb201-d9af-469a-aab9-91b897c55f84,"Wallis Orchard Practical Shooters USPSA March 21, 2021",2021-03-21,2,Stage 2,6af09c99-6dd5-4585-9204-0e766089b07a,Leofredo Echavez,63,29.06,5,37.35,Limited,U,,MINOR,,54.1614,42.1354,2.0318,27.07,13,,9,3,4,,,,,
affeb201-d9af-469a-aab9-91b897c55f84,"Wallis Orchard Practical Shooters USPSA March 21, 2021",2021-03-21,2,Stage 2,6af09c99-6dd5-4585-9204-0e766089b07a,Joseph Reyes,64,29.00,6,37.28,Limited,C,A127665,MINOR,Super Senior,54.0575,42.0546,2.0279,44.38,23,,1,2,3,,,,,
affeb201-d9af-469a-aab9-91b897c55f84,"Wallis Orchard Practical Shooters USPSA March 21, 2021",2021-03-21,2,Stage 2,6af09c99-6dd5-4585-9204-0e766089b07a,Antonio Tormis,65,24.60,29,29.84,Carry Optics,C,A124958,MINOR,,43.2701,35.6693,1.7200,37.79,20,,5,,4,,1,,,
affeb201-d9af-469a-aab9-91b897c55f84,"Wallis Orchard Practical Shooters USPSA March 21, 2021",2021-03-21,2,Stage 2,6af09c99-6dd5-4585-9204-0e766089b07a,Romelio San Jose,66,22.44,30,27.23,Carry Optics,U,A132413,MINOR,,39.4764,32.5420,1.5692,50.98,18,,6,2,3,,,,,
affeb201-d9af-469a-aab9-91b897c55f84,"Wallis Orchard Practical Shooters USPSA March 21, 2021",2021-03-21,2,Stage 2,6af09c99-6dd5-4585-9204-0e766089b07a,Ibram Gaunt,67,20.60,4,34.12,Limited 10,U,A130167,MAJOR,,49.4692,29.8648,1.4401,50.69,15,,9,1,4,,,,,
affeb201-d9af-469a-aab9-91b897c55f84,"Wallis Orchard Practical Shooters USPSA March 21, 2021",2021-03-21,2,Stage 2,6af09c99-6dd5-4585-9204-0e766089b07a,Jack Liu,68,14.01,31,16.99,Carry Optics,U,Ty130790,MINOR,,24.6363,20.3087,0.9793,54.12,22,,1,,6,,,,,
affeb201-d9af-469a-aab9-91b897c55f84,"Wallis Orchard Practical Shooters USPSA March 21, 2021",2021-03-21,2,Stage 2,6af09c99-6dd5-4585-9204-0e766089b07a,Bryan Echavez,69,6.96,7,8.94,Limited,U,,MINOR,Junior,12.9632,10.0849,0.4863,53.46,15,,7,,7,,,,,
affeb201-d9af-469a-aab9-91b897c55f84,"Wallis Orchard Practical Shooters USPSA March 21, 2021",2021-03-21,2,Stage 2,6af09c99-6dd5-4585-9204-0e766089b07a,Emmanuel Alcoseba,70,0.00,8,0.00,Limited,C,TY67519,MAJOR,Senior,0.0000,0.0000,,,,,,,,,,,,
affeb201-d9af-469a-aab9-91b897c55f84,"Wallis Orchard Practical Shooters USPSA March 21, 2021",2021-03-21,2,Stage 2,6af09c99-6dd5-4585-9204-0e766089b07a,Gary Brisco,71,0.00,5,0.00,PCC,C,FY73704,MINOR,Super Senior,0.0000,0.0000,,,,,,,,,,,,
affeb201-d9af-469a-aab9-91b897c55f84,"Wallis Orchard Practical Shooters USPSA March 21, 2021",2021-03-21,2,Stage 2,6af09c99-6dd5-4585-9204-0e766089b07a,Danny Garza,72,0.00,9,0.00,Limited,D,TY75480,MINOR,,0.0000,0.0000,,,,,,,,,,,,
affeb201-d9af-469a-aab9-91b897c55f84,"Wallis Orchard Practical Shooters USPSA March 21, 2021",2021-03-21,2,Stage 2,6af09c99-6dd5-4585-9204-0e766089b07a,CARLOS NIEVES,73,0.00,6,0.00,PCC,C,A120418,MINOR,,0.0000,0.0000,,,,,,,,,,,,
affeb201-d9af-469a-aab9-91b897c55f84,"Wallis Orchard Practical Shooters USPSA March 21, 2021",2021-03-21,3,Stage 3,364b54f1-fc5c-4ea8-990c-f2feeaf046b6,Jan Pacleb,1,100.00,1,100.00,Open,A,A79326,MAJOR,,160.0000,160.0000,8.3561,18.31,25,,7,,,,,,,
affeb201-d9af-469a-aab9-91b897c55f84,"Wallis Orchard Practical Shooters USPSA March 21, 2021",2021-03-21,3,Stage 3,364b54f1-fc5c-4ea8-990c-f2feeaf046b6,Bobby Ivester,2,94.15,2,94.15,Open,M,A101336,MAJOR,,150.6330,150.6330,7.8669,19.83,30,,1,1,,,,,,
affeb201-d9af-469a-aab9-91b897c55f84,"Wallis Orchard Practical Shooters USPSA March 21, 2021",2021-03-21,3,Stage 3,364b54f1-fc5c-4ea8-990c-f2feeaf046b6,MEL RODERO II,3,90.37,3,90.37,Open,G,TY86283,MAJOR,Senior,144.5976,144.5976,7.5517,20.79,29,,3,,,,,,,
affeb201-d9af-469a-aab9-91b897c55f84,"Wallis Orchard Practical Shooters USPSA March 21, 2021",2021-03-21,3,Stage 3,364b54f1-fc5c-4ea8-990c-f2feeaf046b6,Wade Pruetz,4,82.88,4,82.88,Open,A,Ty79055,MAJOR,,132.6073,132.6073,6.9255,22.67,29,,3,,,,,,,
affeb201-d9af-469a-aab9-91b897c55f84,"Wallis Orchard Practical Shooters USPSA March 21, 2021",2021-03-21,3,Stage 3,364b54f1-fc5c-4ea8-990c-f2feeaf046b6,Ryan Alicaya,5,82.31,1,100.00,Carry Optics,C,,MINOR,,160.0000,131.6997,6.8781,22.39,29,,3,,,,,,,
affeb201-d9af-469a-aab9-91b897c55f84,"Wallis Orchard Practical Shooters USPSA March 21, 2021",2021-03-21,3,Stage 3,364b54f1-fc5c-4ea8-990c-f2feeaf046b6,Scott Ragsdale,6,81.68,1,100.00,PCC,A,A91297,MINOR,,160.0000,130.6849,6.8251,23.15,31,,1,,,,,,,
affeb201-d9af-469a-aab9-91b897c55f84,"Wallis Orchard Practical Shooters USPSA March 21, 2021",2021-03-21,3,Stage 3,364b54f1-fc5c-4ea8-990c-f2feeaf046b6,Brandon Foss,7,79.82,2,96.97,Carry Optics,A,Fy92765,MINOR,,155.1498,127.7074,6.6696,23.09,29,,3,,,,,,,
affeb201-d9af-469a-aab9-91b897c55f84,"Wallis Orchard Practical Shooters USPSA March 21, 2021",2021-03-21,3,Stage 3,364b54f1-fc5c-4ea8-990c-f2feeaf046b6,August Balagtas,8,76.78,5,76.78,Open,M,L3674,MAJOR,,122.8554,122.8554,6.4162,23.69,26,,5,1,,,,,,
affeb201-d9af-469a-aab9-91b897c55f84,"Wallis Orchard Practical Shooters USPSA March 21, 2021",2021-03-21,3,Stage 3,364b54f1-fc5c-4ea8-990c-f2feeaf046b6,Ricky Wiley,9,74.83,3,90.90,Carry Optics,B,A91320,MINOR,Law Enforcement,145.4471,119.7209,6.2525,24.63,29,,3,,,,,,,
affeb201-d9af-469a-aab9-91b897c55f84,"Wallis Orchard Practical Shooters USPSA March 21, 2021",2021-03-21,3,Stage 3,364b54f1-fc5c-4ea8-990c-f2feeaf046b6,Vinh Lam,10,74.22,1,100.00,Limited,A,TY101025,MAJOR,,160.0000,118.7520,6.2019,22.09,23,,8,,1,,,,,
affeb201-d9af-469a-aab9-91b897c55f84,"Wallis Orchard Practical Shooters USPSA March 21, 2021",2021-03-21,3,Stage 3,364b54f1-fc5c-4ea8-990c-f2feeaf046b6,Matthew Gonzalez,11,72.31,4,87.85,Carry Optics,C,A119810,MINOR,,140.5528,115.6922,6.0421,26.15,31,,1,,,,,,,
affeb201-d9af-469a-aab9-91b897c55f84,"Wallis Orchard Practical Shooters USPSA March 21, 2021",2021-03-21,3,Stage 3,364b54f1-fc5c-4ea8-990c-f2feeaf046b6,Duane Mendoza,12,71.91,2,96.89,Limited,X,X,MAJOR,,155.0260,115.0604,6.0091,26.46,31,,1,,,,,,,
affeb201-d9af-469a-aab9-91b897c55f84,"Wallis Orchard Practical Shooters USPSA March 21, 2021",2021-03-21,3,Stage 3,364b54f1-fc5c-4ea8-990c-f2feeaf046b6,Jason Bright,13,69.99,5,85.03,Carry Optics,B,A93447,MINOR,,136.0469,111.9833,5.8484,25.99,28,,4,,,,,,,
affeb201-d9af-469a-aab9-91b897c55f84,"Wallis Orchard Practical Shooters USPSA March 21, 2021",2021-03-21,3,Stage 3,364b54f1-fc5c-4ea8-990c-f2feeaf046b6,Tim Yang,14,69.92,6,84.95,Carry Optics,B,A123783,MINOR,,135.9143,111.8742,5.8427,26.70,30,,2,,,,,,,
affeb201-d9af-469a-aab9-91b897c55f84,"Wallis Orchard Practical Shooters USPSA March 21, 2021",2021-03-21,3,Stage 3,364b54f1-fc5c-4ea8-990c-f2feeaf046b6,Michael Whitley,15,68.97,6,68.97,Open,B,A111091,MAJOR,,110.3596,110.3596,5.7636,23.77,23,,8,,1,,,,,
affeb201-d9af-469a-aab9-91b897c55f84,"Wallis Orchard Practical Shooters USPSA March 21, 2021",2021-03-21,3,Stage 3,364b54f1-fc5c-4ea8-990c-f2feeaf046b6,Arnold Gee,16,68.73,7,68.73,Open,B,TY103519,MAJOR,Senior,109.9613,109.9613,5.7428,24.03,24,,7,,1,,,,,
affeb201-d9af-469a-aab9-91b897c55f84,"Wallis Orchard Practical Shooters USPSA March 21, 2021",2021-03-21,3,Stage 3,364b54f1-fc5c-4ea8-990c-f2feeaf046b6,Ridong Wen,17,68.61,7,83.36,Carry Optics,U,A99651,MINOR,,133.3717,109.7814,5.7334,26.86,29,,3,,,,,,,
affeb201-d9af-469a-aab9-91b897c55f84,"Wallis Orchard Practical Shooters USPSA March 21, 2021",2021-03-21,3,Stage 3,364b54f1-fc5c-4ea8-990c-f2feeaf046b6,Roman Gwiscz,18,67.83,8,82.41,Carry Optics,A,L4670,MINOR,,131.8504,108.5291,5.6680,27.17,30,,1,1,,,,,,
affeb201-d9af-469a-aab9-91b897c55f84,"Wallis Orchard Practical Shooters USPSA March 21, 2021",2021-03-21,3,Stage 3,364b54f1-fc5c-4ea8-990c-f2feeaf046b6,Robert Bui,19,67.63,9,82.17,Carry Optics,C,A103016,MINOR,,131.4642,108.2112,5.6514,27.25,29,,3,,,,,,,
affeb201-d9af-469a-aab9-91b897c55f84,"Wallis Orchard Practical Shooters USPSA March 21, 2021",2021-03-21,3,Stage 3,364b54f1-fc5c-4ea8-990c-f2feeaf046b6,Justin Corona,20,67.59,8,67.59,Open,B,L4452,MAJOR,,108.1404,108.1404,5.6477,22.31,28,,1,1,2,,,,,
affeb201-d9af-469a-aab9-91b897c55f84,"Wallis Orchard Practical Shooters USPSA March 21, 2021",2021-03-21,3,Stage 3,364b54f1-fc5c-4ea8-990c-f2feeaf046b6,Ralph Migrino,21,67.59,10,82.11,Carry Optics,U,,MINOR,Military,131.3758,108.1385,5.6476,23.55,25,,6,,1,,,,,
affeb201-d9af-469a-aab9-91b897c55f84,"Wallis Orchard Practical Shooters USPSA March 21, 2021",2021-03-21,3,Stage 3,364b54f1-fc5c-4ea8-990c-f2feeaf046b6,Andrew Whitley,22,66.30,9,66.30,Open,B,TY-106649,MAJOR,,106.0839,106.0839,5.5403,25.45,27,,4,,1,,,,,
affeb201-d9af-469a-aab9-91b897c55f84,"Wallis Orchard Practical Shooters USPSA March 21, 2021",2021-03-21,3,Stage 3,364b54f1-fc5c-4ea8-990c-f2feeaf046b6,Kim Tran,23,64.87,10,64.87,Open,B,L4935,MAJOR,Lady,103.7920,103.7920,5.4206,28.41,26,,6,,,,,,,
affeb201-d9af-469a-aab9-91b897c55f84,"Wallis Orchard Practical Shooters USPSA March 21, 2021",2021-03-21,3,Stage 3,364b54f1-fc5c-4ea8-990c-f2feeaf046b6,Mengyu Yue,24,64.85,2,79.40,PCC,B,TY109190,MINOR,,127.0440,103.7671,5.4193,27.31,26,,6,,,,,,,
affeb201-d9af-469a-aab9-91b897c55f84,"Wallis Orchard Practical Shooters USPSA March 21, 2021",2021-03-21,3,Stage 3,364b54f1-fc5c-4ea8-990c-f2feeaf046b6,James Karchut,25,64.71,11,64.71,Open,U,,MINOR,,103.5354,103.5354,5.4072,29.59,32,,,,,,,,,
affeb201-d9af-469a-aab9-91b897c55f84,"Wallis Orchard Practical Shooters USPSA March 21, 2021",2021-03-21,3,Stage 3,364b54f1-fc5c-4ea8-990c-f2feeaf046b6,Jeffrey Polk,26,64.50,11,78.36,Carry Optics,B,TY104167,MINOR,,125.3811,103.2041,5.3899,27.83,27,,5,,,,,,,
affeb201-d9af-469a-aab9-91b897c55f84,"Wallis Orchard Practical Shooters USPSA March 21, 2021",2021-03-21,3,Stage 3,364b54f1-fc5c-4ea8-990c-f2feeaf046b6,Waldo Samano,27,64.05,12,77.81,Carry Optics,M,TY87973,MINOR,,124.4972,102.4765,5.3519,23.73,24,,5,2,1,,,,,
affeb201-d9af-469a-aab9-91b897c55f84,"Wallis Orchard Practical Shooters USPSA March 21, 2021",2021-03-21,3,Stage 3,364b54f1-fc5c-4ea8-990c-f2feeaf046b6,Matt Lem,28,63.48,13,77.12,Carry Optics,A,FY34763,MINOR,,123.3992,101.5727,5.3047,27.90,26,,6,,,,,,,
affeb201-d9af-469a-aab9-91b897c55f84,"Wallis Orchard Practical Shooters USPSA March 21, 2021",2021-03-21,3,Stage 3,364b54f1-fc5c-4ea8-990c-f2feeaf046b6,Jim Havens,29,62.21,14,75.58,Carry Optics,A,a114636,MINOR,,120.9264,99.5373,5.1984,29.24,28,,4,,,,,,,
affeb201-d9af-469a-aab9-91b897c55f84,"Wallis Orchard Practical Shooters USPSA March 21, 2021",2021-03-21,3,Stage 3,364b54f1-fc5c-4ea8-990c-f2feeaf046b6,Bryan Faustino,30,62.11,15,75.46,Carry Optics,D,,MINOR,,120.7380,99.3822,5.1903,28.90,28,,3,1,,,,,,
affeb201-d9af-469a-aab9-91b897c55f84,"Wallis Orchard Practical Shooters USPSA March 21, 2021",2021-03-21,3,Stage 3,364b54f1-fc5c-4ea8-990c-f2feeaf046b6,Mike Junco,31,60.54,16,73.56,Carry Optics,A,FY34819,MINOR,,117.6883,96.8720,5.0592,27.87,29,,2,,1,,,,,
affeb201-d9af-469a-aab9-91b897c55f84,"Wallis Orchard Practical Shooters USPSA March 21, 2021",2021-03-21,3,Stage 3,364b54f1-fc5c-4ea8-990c-f2feeaf046b6,Ramil Villanueva,32,60.07,17,72.97,Carry Optics,D,A110261,MINOR,Junior,116.7578,96.1061,5.0192,28.69,25,,6,1,,,,,,
affeb201-d9af-469a-aab9-91b897c55f84,"Wallis Orchard Practical Shooters USPSA March 21, 2021",2021-03-21,3,Stage 3,364b54f1-fc5c-4ea8-990c-f2feeaf046b6,James Tonkinson,33,60.06,18,72.96,Carry Optics,B,A123944,MINOR,,116.7392,96.0908,5.0184,29.89,27,,5,,,,,,,
affeb201-d9af-469a-aab9-91b897c55f84,"Wallis Orchard Practical Shooters USPSA March 21, 2021",2021-03-21,3,Stage 3,364b54f1-fc5c-4ea8-990c-f2feeaf046b6,Zachary Ralston,34,59.77,19,72.62,Carry Optics,B,A123081,MINOR,,116.1856,95.6350,4.9946,27.83,28,,3,,1,,,,,
affeb201-d9af-469a-aab9-91b897c55f84,"Wallis Orchard Practical Shooters USPSA March 21, 2021",2021-03-21,3,Stage 3,364b54f1-fc5c-4ea8-990c-f2feeaf046b6,Paul Beavers,35,59.70,1,100.00,Limited 10,U,TY123776,MAJOR,,160.0000,95.5163,4.9884,30.27,25,,6,1,,,,,,
affeb201-d9af-469a-aab9-91b897c55f84,"Wallis Orchard Practical Shooters USPSA March 21, 2021",2021-03-21,3,Stage 3,364b54f1-fc5c-4ea8-990c-f2feeaf046b6,Ray Perez,36,59.36,20,72.12,Carry Optics,U,,MINOR,Law Enforcement,115.3877,94.9783,4.9603,30.24,27,,5,,,,,,,
affeb201-d9af-469a-aab9-91b897c55f84,"Wallis Orchard Practical Shooters USPSA March 21, 2021",2021-03-21,3,Stage 3,364b54f1-fc5c-4ea8-990c-f2feeaf046b6,Jon Baguio,37,57.75,21,70.16,Carry Optics,C,X,MINOR,,112.2496,92.3953,4.8254,31.50,28,,4,,,,,,,
affeb201-d9af-469a-aab9-91b897c55f84,"Wallis Orchard Practical Shooters USPSA March 21, 2021",2021-03-21,3,Stage 3,364b54f1-fc5c-4ea8-990c-f2feeaf046b6,Janice Pacleb,38,57.73,12,57.73,Open,B,Ty75597,MAJOR,Lady,92.3723,92.3723,4.8242,26.74,21,,7,3,1,,,,,
affeb201-d9af-469a-aab9-91b897c55f84,"Wallis Orchard Practical Shooters USPSA March 21, 2021",2021-03-21,3,Stage 3,364b54f1-fc5c-4ea8-990c-f2feeaf046b6,John Brunkhorst,39,57.20,22,69.50,Carry Optics,B,A116144,MINOR,,111.1958,91.5279,4.7801,31.38,27,,5,,,,,,,
affeb201-d9af-469a-aab9-91b897c55f84,"Wallis Orchard Practical Shooters USPSA March 21, 2021",2021-03-21,3,Stage 3,364b54f1-fc5c-4ea8-990c-f2feeaf046b6,Adam Weinstein,40,57.10,13,57.10,Open,U,,MINOR,,91.3575,91.3575,4.7712,30.60,26,,5,1,,,,,,
affeb201-d9af-469a-aab9-91b897c55f84,"Wallis Orchard Practical Shooters USPSA March 21, 2021",2021-03-21,3,Stage 3,364b54f1-fc5c-4ea8-990c-f2feeaf046b6,Garrick Gonzalez,41,57.09,23,69.35,Carry Optics,B,A119804,MINOR,,110.9679,91.3402,4.7703,28.51,23,,6,3,,,,,,
affeb201-d9af-469a-aab9-91b897c55f84,"Wallis Orchard Practical Shooters USPSA March 21, 2021",2021-03-21,3,Stage 3,364b54f1-fc5c-4ea8-990c-f2feeaf046b6,Pat Byrne,42,54.46,2,91.23,Limited 10,B,93921,MAJOR,Super Senior,145.9610,87.1354,4.5507,34.50,29,,3,,,,,,,
affeb201-d9af-469a-aab9-91b897c55f84,"Wallis Orchard Practical Shooters USPSA March 21, 2021",2021-03-21,3,Stage 3,364b54f1-fc5c-4ea8-990c-f2feeaf046b6,Jun Wu,43,54.30,24,65.97,Carry Optics,,,MINOR,,105.5501,86.8807,4.5374,33.94,29,,3,,,,,,,
affeb201-d9af-469a-aab9-91b897c55f84,"Wallis Orchard Practical Shooters USPSA March 21, 2021",2021-03-21,3,Stage 3,364b54f1-fc5c-4ea8-990c-f2feeaf046b6,Bo McCown,44,53.99,14,53.99,Open,U,,MINOR,,86.3886,86.3886,4.5117,32.36,26,,5,1,,,,,,
affeb201-d9af-469a-aab9-91b897c55f84,"Wallis Orchard Practical Shooters USPSA March 21, 2021",2021-03-21,3,Stage 3,364b54f1-fc5c-4ea8-990c-f2feeaf046b6,AJ Jackson,45,52.96,3,64.84,PCC,A,A81745,MINOR,,103.7512,84.7419,4.4257,29.60,24,,7,,1,,,,,
affeb201-d9af-469a-aab9-91b897c55f84,"Wallis Orchard Practical Shooters USPSA March 21, 2021",2021-03-21,3,Stage 3,364b54f1-fc5c-4ea8-990c-f2feeaf046b6,Eric Wu,46,51.73,1,100.00,Production,C,,MINOR,,160.0000,82.7716,4.3228,31.23,26,,5,,1,,,,,
affeb201-d9af-469a-aab9-91b897c55f84,"Wallis Orchard Practical Shooters USPSA March 21, 2021",2021-03-21,3,Stage 3,364b54f1-fc5c-4ea8-990c-f2feeaf046b6,Marlon Poralan,47,51.43,25,62.48,Carry Optics,C,Ty66330,MINOR,Law Enforcement,99.9648,82.2834,4.2973,34.44,28,,2,2,,,,,,
affeb201-d9af-469a-aab9-91b897c55f84,"Wallis Orchard Practical Shooters USPSA March 21, 2021",2021-03-21,3,Stage 3,364b54f1-fc5c-4ea8-990c-f2feeaf046b6,Eric Mccampbell,48,51.19,3,68.96,Limited,B,A14332,MAJOR,Senior,110.3430,81.8966,4.2771,33.20,28,,3,,1,,,,,
affeb201-d9af-469a-aab9-91b897c55f84,"Wallis Orchard Practical Shooters USPSA March 21, 2021",2021-03-21,3,Stage 3,364b54f1-fc5c-4ea8-990c-f2feeaf046b6,Adriel Taylor,49,50.70,15,50.70,Open,U,A-104321,MAJOR,,81.1173,81.1173,4.2364,29.27,26,,3,1,2,,,,,
affeb201-d9af-469a-aab9-91b897c55f84,"Wallis Orchard Practical Shooters USPSA March 21, 2021",2021-03-21,3,Stage 3,364b54f1-fc5c-4ea8-990c-f2feeaf046b6,Gary Wu,50,49.55,2,95.78,Production,B,L2998,MINOR,,153.2414,79.2753,4.1402,33.09,27,,4,,1,,,,,
affeb201-d9af-469a-aab9-91b897c55f84,"Wallis Orchard Practical Shooters USPSA March 21, 2021",2021-03-21,3,Stage 3,364b54f1-fc5c-4ea8-990c-f2feeaf046b6,Doug Joder,51,47.57,4,58.24,PCC,U,A115020,MAJOR,,93.1854,76.1121,3.9750,35.22,26,,5,,1,,,,,
affeb201-d9af-469a-aab9-91b897c55f84,"Wallis Orchard Practical Shooters USPSA March 21, 2021",2021-03-21,3,Stage 3,364b54f1-fc5c-4ea8-990c-f2feeaf046b6,Erwin Gonzalez,52,46.79,26,56.84,Carry Optics,U,,MINOR,,90.9484,74.8617,3.9097,36.32,25,,5,2,,,,,,
affeb201-d9af-469a-aab9-91b897c55f84,"Wallis Orchard Practical Shooters USPSA March 21, 2021",2021-03-21,3,Stage 3,364b54f1-fc5c-4ea8-990c-f2feeaf046b6,Benjamin Michael,53,44.47,3,85.96,Production,C,A115982,MINOR,,137.5368,71.1509,3.7159,42.52,31,,1,,,,,,,
affeb201-d9af-469a-aab9-91b897c55f84,"Wallis Orchard Practical Shooters USPSA March 21, 2021",2021-03-21,3,Stage 3,364b54f1-fc5c-4ea8-990c-f2feeaf046b6,Antonio Tormis,54,43.80,27,53.22,Carry Optics,C,A124958,MINOR,,85.1444,70.0844,3.6602,35.79,25,,5,1,1,,,,,
affeb201-d9af-469a-aab9-91b897c55f84,"Wallis Orchard Practical Shooters USPSA March 21, 2021",2021-03-21,3,Stage 3,364b54f1-fc5c-4ea8-990c-f2feeaf046b6,Dale Hamm,55,42.91,4,57.81,Limited,C,TY97196,MAJOR,Senior,92.4981,68.6521,3.5854,41.00,23,,7,2,,,,,,
affeb201-d9af-469a-aab9-91b897c55f84,"Wallis Orchard Practical Shooters USPSA March 21, 2021",2021-03-21,3,Stage 3,364b54f1-fc5c-4ea8-990c-f2feeaf046b6,Tom Donahue,56,42.80,16,42.80,Open,C,TY69009,MAJOR,Super Senior,68.4779,68.4779,3.5763,43.62,28,,4,,,,,,,
affeb201-d9af-469a-aab9-91b897c55f84,"Wallis Orchard Practical Shooters USPSA March 21, 2021",2021-03-21,3,Stage 3,364b54f1-fc5c-4ea8-990c-f2feeaf046b6,Nicholas Hauser,57,40.12,28,48.74,Carry Optics,C,A127395,MINOR,,77.9890,64.1945,3.3526,34.60,25,,3,2,2,,,,,
affeb201-d9af-469a-aab9-91b897c55f84,"Wallis Orchard Practical Shooters USPSA March 21, 2021",2021-03-21,3,Stage 3,364b54f1-fc5c-4ea8-990c-f2feeaf046b6,Jason Wilson,58,38.34,1,100.00,Revolver,G,A94696,MAJOR,,160.0000,61.3511,3.2041,49.00,29,,3,,,,,,,
affeb201-d9af-469a-aab9-91b897c55f84,"Wallis Orchard Practical Shooters USPSA March 21, 2021",2021-03-21,3,Stage 3,364b54f1-fc5c-4ea8-990c-f2feeaf046b6,Bryan Echavez,59,38.12,5,51.37,Limited,U,,MINOR,Junior,82.1864,60.9988,3.1857,44.26,30,,,1,1,,,,,
affeb201-d9af-469a-aab9-91b897c55f84,"Wallis Orchard Practical Shooters USPSA March 21, 2021",2021-03-21,3,Stage 3,364b54f1-fc5c-4ea8-990c-f2feeaf046b6,Jason Wilson,60,38.03,3,63.70,Limited 10,U,A94696,MAJOR,,101.9164,60.8418,3.1775,50.04,31,,1,,,,,,,
affeb201-d9af-469a-aab9-91b897c55f84,"Wallis Orchard Practical Shooters USPSA March 21, 2021",2021-03-21,3,Stage 3,364b54f1-fc5c-4ea8-990c-f2feeaf046b6,Ibram Gaunt,61,37.12,4,62.19,Limited 10,U,A130167,MAJOR,,99.5012,59.4000,3.1022,50.61,29,,3,,,,,,,
affeb201-d9af-469a-aab9-91b897c55f84,"Wallis Orchard Practical Shooters USPSA March 21, 2021",2021-03-21,3,Stage 3,364b54f1-fc5c-4ea8-990c-f2feeaf046b6,Hopper Po,62,35.85,29,43.56,Carry Optics,U,A132909,MINOR,,69.6937,57.3665,2.9960,49.40,27,,4,1,,,,,,
affeb201-d9af-469a-aab9-91b897c55f84,"Wallis Orchard Practical Shooters USPSA March 21, 2021",2021-03-21,3,Stage 3,364b54f1-fc5c-4ea8-990c-f2feeaf046b6,young david,63,33.60,17,33.60,Open,D,Ty130791,MINOR,,53.7629,53.7629,2.8078,55.56,30,,2,,,,,,,
affeb201-d9af-469a-aab9-91b897c55f84,"Wallis Orchard Practical Shooters USPSA March 21, 2021",2021-03-21,3,Stage 3,364b54f1-fc5c-4ea8-990c-f2feeaf046b6,Jack Liu,64,31.10,30,37.78,Carry Optics,U,Ty130790,MINOR,,60.4446,49.7534,2.5984,53.88,24,,6,2,,,,,,
affeb201-d9af-469a-aab9-91b897c55f84,"Wallis Orchard Practical Shooters USPSA March 21, 2021",2021-03-21,3,Stage 3,364b54f1-fc5c-4ea8-990c-f2feeaf046b6,Leofredo Echavez,65,30.71,6,41.37,Limited,U,,MINOR,,66.1965,49.1311,2.5659,42.87,21,,8,1,2,,,,,
affeb201-d9af-469a-aab9-91b897c55f84,"Wallis Orchard Practical Shooters USPSA March 21, 2021",2021-03-21,3,Stage 3,364b54f1-fc5c-4ea8-990c-f2feeaf046b6,Joseph Reyes,66,26.64,7,35.89,Limited,C,A127665,MINOR,Super Senior,57.4224,42.6189,2.2258,43.58,25,,4,,3,,,1,,
affeb201-d9af-469a-aab9-91b897c55f84,"Wallis Orchard Practical Shooters USPSA March 21, 2021",2021-03-21,3,Stage 3,364b54f1-fc5c-4ea8-990c-f2feeaf046b6,Romelio San Jose,67,25.12,31,30.52,Carry Optics,U,A132413,MINOR,,48.8251,40.1891,2.0989,56.22,24,,6,,2,,,,,
affeb201-d9af-469a-aab9-91b897c55f84,"Wallis Orchard Practical Shooters USPSA March 21, 2021",2021-03-21,3,Stage 3,364b54f1-fc5c-4ea8-990c-f2feeaf046b6,Emmanuel Alcoseba,68,0.00,8,0.00,Limited,C,TY67519,MAJOR,Senior,0.0000,0.0000,,,,,,,,,,,,
affeb201-d9af-469a-aab9-91b897c55f84,"Wallis Orchard Practical Shooters USPSA March 21, 2021",2021-03-21,3,Stage 3,364b54f1-fc5c-4ea8-990c-f2feeaf046b6,Jerry Bedro,69,0.00,18,0.00,Open,C,A98263,MAJOR,,0.0000,0.0000,,,,,,,,,,,,
affeb201-d9af-469a-aab9-91b897c55f84,"Wallis Orchard Practical Shooters USPSA March 21, 2021",2021-03-21,3,Stage 3,364b54f1-fc5c-4ea8-990c-f2feeaf046b6,Gary Brisco,70,0.00,5,0.00,PCC,C,FY73704,MINOR,Super Senior,0.0000,0.0000,,,,,,,,,,,,
affeb201-d9af-469a-aab9-91b897c55f84,"Wallis Orchard Practical Shooters USPSA March 21, 2021",2021-03-21,3,Stage 3,364b54f1-fc5c-4ea8-990c-f2feeaf046b6,Danny Garza,71,0.00,9,0.00,Limited,D,TY75480,MINOR,,0.0000,0.0000,,,,,,,,,,,,
affeb201-d9af-469a-aab9-91b897c55f84,"Wallis Orchard Practical Shooters USPSA March 21, 2021",2021-03-21,3,Stage 3,364b54f1-fc5c-4ea8-990c-f2feeaf046b6,Albert Montanez,72,0.00,19,0.00,Open,M,TY101554,MAJOR,,0.0000,0.0000,,,,,,,,,,,,
affeb201-d9af-469a-aab9-91b897c55f84,"Wallis Orchard Practical Shooters USPSA March 21, 2021",2021-03-21,3,Stage 3,364b54f1-fc5c-4ea8-990c-f2feeaf046b6,CARLOS NIEVES,73,0.00,6,0.00,PCC,C,A120418,MINOR,,0.0000,0.0000,,,,,,,,,,,,
affeb201-d9af-469a-aab9-91b897c55f84,"Wallis Orchard Practical Shooters USPSA March 21, 2021",2021-03-21,4,Stage 4,36a3caf0-9571-46f0-a4ff-dd80518eaa79,MEL RODERO II,1,100.00,1,100.00,Open,G,TY86283,MAJOR,Senior,145.0000,145.0000,7.8222,17.77,23,,6,,,,,,,
affeb201-d9af-469a-aab9-91b897c55f84,"Wallis Orchard Practical Shooters USPSA March 21, 2021",2021-03-21,4,Stage 4,36a3caf0-9571-46f0-a4ff-dd80518eaa79,Scott Ragsdale,2,93.39,1,100.00,PCC,A,A91297,MINOR,,145.0000,135.4090,7.3048,19.85,29,,,,,,,,,
affeb201-d9af-469a-aab9-91b897c55f84,"Wallis Orchard Practical Shooters USPSA March 21, 2021",2021-03-21,4,Stage 4,36a3caf0-9571-46f0-a4ff-dd80518eaa79,Bobby Ivester,3,90.63,2,90.63,Open,M,A101336,MAJOR,,131.4124,131.4124,7.0892,18.62,18,,10,1,,,,,,
affeb201-d9af-469a-aab9-91b897c55f84,"Wallis Orchard Practical Shooters USPSA March 21, 2021",2021-03-21,4,Stage 4,36a3caf0-9571-46f0-a4ff-dd80518eaa79,Jan Pacleb,4,88.39,3,88.39,Open,A,A79326,MAJOR,,128.1610,128.1610,6.9138,19.96,24,,4,1,,,,,,
affeb201-d9af-469a-aab9-91b897c55f84,"Wallis Orchard Practical Shooters USPSA March 21, 2021",2021-03-21,4,Stage 4,36a3caf0-9571-46f0-a4ff-dd80518eaa79,Michael Whitley,5,86.61,4,86.61,Open,B,A111091,MAJOR,,125.5825,125.5825,6.7747,20.37,22,,7,,,,,,,
affeb201-d9af-469a-aab9-91b897c55f84,"Wallis Orchard Practical Shooters USPSA March 21, 2021",2021-03-21,4,Stage 4,36a3caf0-9571-46f0-a4ff-dd80518eaa79,August Balagtas,6,85.83,5,85.83,Open,M,L3674,MAJOR,,124.4499,124.4499,6.7136,21.30,27,,2,,,,,,,
affeb201-d9af-469a-aab9-91b897c55f84,"Wallis Orchard Practical Shooters USPSA March 21, 2021",2021-03-21,4,Stage 4,36a3caf0-9571-46f0-a4ff-dd80518eaa79,Duane Mendoza,7,84.87,1,100.00,Limited,X,X,MAJOR,,145.0000,123.0633,6.6388,21.54,27,,2,,,,,,,
affeb201-d9af-469a-aab9-91b897c55f84,"Wallis Orchard Practical Shooters USPSA March 21, 2021",2021-03-21,4,Stage 4,36a3caf0-9571-46f0-a4ff-dd80518eaa79,Brandon Foss,8,81.96,1,100.00,Carry Optics,A,Fy92765,MINOR,,145.0000,118.8388,6.4109,21.37,26,,2,1,,,,,,
affeb201-d9af-469a-aab9-91b897c55f84,"Wallis Orchard Practical Shooters USPSA March 21, 2021",2021-03-21,4,Stage 4,36a3caf0-9571-46f0-a4ff-dd80518eaa79,Vinh Lam,9,81.38,2,95.89,Limited,A,TY101025,MAJOR,,139.0395,118.0046,6.3659,19.95,25,,3,,1,,,,,
affeb201-d9af-469a-aab9-91b897c55f84,"Wallis Orchard Practical Shooters USPSA March 21, 2021",2021-03-21,4,Stage 4,36a3caf0-9571-46f0-a4ff-dd80518eaa79,Matt Lem,10,76.31,2,93.11,Carry Optics,A,FY34763,MINOR,,135.0165,110.6565,5.9695,23.62,27,,2,,,,,,,
affeb201-d9af-469a-aab9-91b897c55f84,"Wallis Orchard Practical Shooters USPSA March 21, 2021",2021-03-21,4,Stage 4,36a3caf0-9571-46f0-a4ff-dd80518eaa79,Zachary Ralston,11,76.01,3,92.74,Carry Optics,B,A123081,MINOR,,134.4692,110.2079,5.9453,23.38,26,,3,,,,,,,
affeb201-d9af-469a-aab9-91b897c55f84,"Wallis Orchard Practical Shooters USPSA March 21, 2021",2021-03-21,4,Stage 4,36a3caf0-9571-46f0-a4ff-dd80518eaa79,Ryan Alicaya,12,75.38,4,91.97,Carry Optics,C,,MINOR,,133.3609,109.2996,5.8963,21.03,25,,3,,1,,,,,
affeb201-d9af-469a-aab9-91b897c55f84,"Wallis Orchard Practical Shooters USPSA March 21, 2021",2021-03-21,4,Stage 4,36a3caf0-9571-46f0-a4ff-dd80518eaa79,Roman Gwiscz,13,74.23,5,90.57,Carry Optics,A,L4670,MINOR,,131.3231,107.6294,5.8062,23.94,26,,3,,,,,,,
affeb201-d9af-469a-aab9-91b897c55f84,"Wallis Orchard Practical Shooters USPSA March 21, 2021",2021-03-21,4,Stage 4,36a3caf0-9571-46f0-a4ff-dd80518eaa79,Jon Baguio,14,73.16,6,89.26,Carry Optics,C,X,MINOR,,129.4300,106.0779,5.7225,24.29,26,,3,,,,,,,
affeb201-d9af-469a-aab9-91b897c55f84,"Wallis Orchard Practical Shooters USPSA March 21, 2021",2021-03-21,4,Stage 4,36a3caf0-9571-46f0-a4ff-dd80518eaa79,Jason Bright,15,72.35,7,88.28,Carry Optics,B,A93447,MINOR,,128.0073,104.9119,5.6596,23.50,23,,6,,,,,,,
affeb201-d9af-469a-aab9-91b897c55f84,"Wallis Orchard Practical Shooters USPSA March 21, 2021",2021-03-21,4,Stage 4,36a3caf0-9571-46f0-a4ff-dd80518eaa79,Ralph Migrino,16,72.21,8,88.11,Carry Optics,U,,MINOR,Military,127.7562,104.7062,5.6485,23.90,25,,3,1,,,,,,
affeb201-d9af-469a-aab9-91b897c55f84,"Wallis Orchard Practical Shooters USPSA March 21, 2021",2021-03-21,4,Stage 4,36a3caf0-9571-46f0-a4ff-dd80518eaa79,James Karchut,17,71.42,6,71.42,Open,U,,MINOR,,103.5550,103.5550,5.5864,25.24,27,,2,,,,,,,
affeb201-d9af-469a-aab9-91b897c55f84,"Wallis Orchard Practical Shooters USPSA March 21, 2021",2021-03-21,4,Stage 4,36a3caf0-9571-46f0-a4ff-dd80518eaa79,Tim Yang,18,71.41,9,87.13,Carry Optics,B,A123783,MINOR,,126.3404,103.5457,5.5859,23.81,23,,6,,,,,,,
affeb201-d9af-469a-aab9-91b897c55f84,"Wallis Orchard Practical Shooters USPSA March 21, 2021",2021-03-21,4,Stage 4,36a3caf0-9571-46f0-a4ff-dd80518eaa79,Waldo Samano,19,71.18,10,86.85,Carry Optics,M,TY87973,MINOR,,125.9355,103.2139,5.5680,22.27,25,,3,,1,,,,,
affeb201-d9af-469a-aab9-91b897c55f84,"Wallis Orchard Practical Shooters USPSA March 21, 2021",2021-03-21,4,Stage 4,36a3caf0-9571-46f0-a4ff-dd80518eaa79,AJ Jackson,20,70.85,2,75.87,PCC,A,A81745,MINOR,,110.0065,102.7301,5.5419,24.36,25,,3,1,,,,,,
affeb201-d9af-469a-aab9-91b897c55f84,"Wallis Orchard Practical Shooters USPSA March 21, 2021",2021-03-21,4,Stage 4,36a3caf0-9571-46f0-a4ff-dd80518eaa79,Mike Junco,21,68.88,11,84.04,Carry Optics,A,FY34819,MINOR,,121.8553,99.8699,5.3876,25.80,26,,3,,,,,,,
affeb201-d9af-469a-aab9-91b897c55f84,"Wallis Orchard Practical Shooters USPSA March 21, 2021",2021-03-21,4,Stage 4,36a3caf0-9571-46f0-a4ff-dd80518eaa79,Kim Tran,22,68.26,7,68.26,Open,B,L4935,MAJOR,Lady,98.9727,98.9727,5.3392,24.91,21,,6,2,,,,,,
affeb201-d9af-469a-aab9-91b897c55f84,"Wallis Orchard Practical Shooters USPSA March 21, 2021",2021-03-21,4,Stage 4,36a3caf0-9571-46f0-a4ff-dd80518eaa79,Andrew Whitley,23,66.71,8,66.71,Open,B,TY-106649,MAJOR,,96.7278,96.7278,5.2181,24.53,26,,2,,1,,,,,
affeb201-d9af-469a-aab9-91b897c55f84,"Wallis Orchard Practical Shooters USPSA March 21, 2021",2021-03-21,4,Stage 4,36a3caf0-9571-46f0-a4ff-dd80518eaa79,Ridong Wen,24,65.47,12,79.89,Carry Optics,U,A99651,MINOR,,115.8367,94.9372,5.1215,26.75,25,,4,,,,,,,
affeb201-d9af-469a-aab9-91b897c55f84,"Wallis Orchard Practical Shooters USPSA March 21, 2021",2021-03-21,4,Stage 4,36a3caf0-9571-46f0-a4ff-dd80518eaa79,Wade Pruetz,25,63.42,9,63.42,Open,A,Ty79055,MAJOR,,91.9564,91.9564,4.9607,20.36,23,,4,,2,,,1,,
affeb201-d9af-469a-aab9-91b897c55f84,"Wallis Orchard Practical Shooters USPSA March 21, 2021",2021-03-21,4,Stage 4,36a3caf0-9571-46f0-a4ff-dd80518eaa79,Adriel Taylor,26,62.89,10,62.89,Open,U,A-104321,MAJOR,,91.1890,91.1890,4.9193,25.41,23,,5,,1,,,,,
affeb201-d9af-469a-aab9-91b897c55f84,"Wallis Orchard Practical Shooters USPSA March 21, 2021",2021-03-21,4,Stage 4,36a3caf0-9571-46f0-a4ff-dd80518eaa79,Ricky Wiley,27,62.76,13,76.57,Carry Optics,B,A91320,MINOR,Law Enforcement,111.0304,90.9981,4.9090,23.63,21,,7,,1,,,,,
affeb201-d9af-469a-aab9-91b897c55f84,"Wallis Orchard Practical Shooters USPSA March 21, 2021",2021-03-21,4,Stage 4,36a3caf0-9571-46f0-a4ff-dd80518eaa79,Albert Montanez,28,62.51,11,62.51,Open,M,TY101554,MAJOR,,90.6459,90.6459,4.8900,28.63,26,,2,1,,,,,,
affeb201-d9af-469a-aab9-91b897c55f84,"Wallis Orchard Practical Shooters USPSA March 21, 2021",2021-03-21,4,Stage 4,36a3caf0-9571-46f0-a4ff-dd80518eaa79,Arnold Gee,29,61.91,12,61.91,Open,B,TY103519,MAJOR,Senior,89.7653,89.7653,4.8425,29.53,27,,2,,,,,,,
affeb201-d9af-469a-aab9-91b897c55f84,"Wallis Orchard Practical Shooters USPSA March 21, 2021",2021-03-21,4,Stage 4,36a3caf0-9571-46f0-a4ff-dd80518eaa79,John Brunkhorst,30,61.17,14,74.64,Carry Optics,B,A116144,MINOR,,108.2236,88.6976,4.7849,29.05,26,,3,,,,,,,
affeb201-d9af-469a-aab9-91b897c55f84,"Wallis Orchard Practical Shooters USPSA March 21, 2021",2021-03-21,4,Stage 4,36a3caf0-9571-46f0-a4ff-dd80518eaa79,Justin Corona,31,60.41,13,60.41,Open,B,L4452,MAJOR,,87.5965,87.5965,4.7255,22.22,19,,7,1,2,,,,,
affeb201-d9af-469a-aab9-91b897c55f84,"Wallis Orchard Practical Shooters USPSA March 21, 2021",2021-03-21,4,Stage 4,36a3caf0-9571-46f0-a4ff-dd80518eaa79,Marlon Poralan,32,59.37,15,72.44,Carry Optics,C,Ty66330,MINOR,Law Enforcement,105.0367,86.0858,4.6440,29.07,24,,5,,,,,,,
affeb201-d9af-469a-aab9-91b897c55f84,"Wallis Orchard Practical Shooters USPSA March 21, 2021",2021-03-21,4,Stage 4,36a3caf0-9571-46f0-a4ff-dd80518eaa79,Pat Byrne,33,58.80,1,100.00,Limited 10,B,93921,MAJOR,Super Senior,145.0000,85.2553,4.5992,30.44,24,,5,,,,,,,
affeb201-d9af-469a-aab9-91b897c55f84,"Wallis Orchard Practical Shooters USPSA March 21, 2021",2021-03-21,4,Stage 4,36a3caf0-9571-46f0-a4ff-dd80518eaa79,Mengyu Yue,34,58.33,3,62.46,PCC,B,TY109190,MINOR,,90.5734,84.5824,4.5629,28.71,22,,7,,,,,,,
affeb201-d9af-469a-aab9-91b897c55f84,"Wallis Orchard Practical Shooters USPSA March 21, 2021",2021-03-21,4,Stage 4,36a3caf0-9571-46f0-a4ff-dd80518eaa79,Bryan Faustino,35,57.01,16,69.57,Carry Optics,D,,MINOR,,100.8705,82.6712,4.4598,26.01,22,,5,1,1,,,,,
affeb201-d9af-469a-aab9-91b897c55f84,"Wallis Orchard Practical Shooters USPSA March 21, 2021",2021-03-21,4,Stage 4,36a3caf0-9571-46f0-a4ff-dd80518eaa79,Nicholas Hauser,36,55.53,17,67.76,Carry Optics,C,A127395,MINOR,,98.2469,80.5210,4.3438,32.00,26,,3,,,,,,,
affeb201-d9af-469a-aab9-91b897c55f84,"Wallis Orchard Practical Shooters USPSA March 21, 2021",2021-03-21,4,Stage 4,36a3caf0-9571-46f0-a4ff-dd80518eaa79,Matthew Gonzalez,37,55.22,18,67.37,Carry Optics,C,A119810,MINOR,,97.6905,80.0649,4.3192,30.33,23,,5,1,,,,,,
affeb201-d9af-469a-aab9-91b897c55f84,"Wallis Orchard Practical Shooters USPSA March 21, 2021",2021-03-21,4,Stage 4,36a3caf0-9571-46f0-a4ff-dd80518eaa79,James Tonkinson,38,54.87,19,66.94,Carry Optics,B,A123944,MINOR,,97.0685,79.5552,4.2917,30.99,23,,6,,,,,,,
affeb201-d9af-469a-aab9-91b897c55f84,"Wallis Orchard Practical Shooters USPSA March 21, 2021",2021-03-21,4,Stage 4,36a3caf0-9571-46f0-a4ff-dd80518eaa79,Ray Perez,39,54.29,20,66.24,Carry Optics,U,,MINOR,Law Enforcement,96.0552,78.7247,4.2469,32.73,26,,3,,,,,,,
affeb201-d9af-469a-aab9-91b897c55f84,"Wallis Orchard Practical Shooters USPSA March 21, 2021",2021-03-21,4,Stage 4,36a3caf0-9571-46f0-a4ff-dd80518eaa79,Jun Wu,40,54.11,21,66.02,Carry Optics,,,MINOR,,95.7250,78.4541,4.2323,32.37,25,,4,,,,,,,
affeb201-d9af-469a-aab9-91b897c55f84,"Wallis Orchard Practical Shooters USPSA March 21, 2021",2021-03-21,4,Stage 4,36a3caf0-9571-46f0-a4ff-dd80518eaa79,Paul Beavers,41,53.96,2,91.78,Limited 10,U,TY123776,MAJOR,,133.0827,78.2483,4.2212,33.64,26,,3,,,,,,,
affeb201-d9af-469a-aab9-91b897c55f84,"Wallis Orchard Practical Shooters USPSA March 21, 2021",2021-03-21,4,Stage 4,36a3caf0-9571-46f0-a4ff-dd80518eaa79,Hopper Po,42,53.90,22,65.76,Carry Optics,U,A132909,MINOR,,95.3586,78.1538,4.2161,32.02,25,,3,1,,,,,,
affeb201-d9af-469a-aab9-91b897c55f84,"Wallis Orchard Practical Shooters USPSA March 21, 2021",2021-03-21,4,Stage 4,36a3caf0-9571-46f0-a4ff-dd80518eaa79,Jeffrey Polk,43,53.85,23,65.70,Carry Optics,B,TY104167,MINOR,,95.2704,78.0815,4.2122,24.69,21,,6,1,1,,1,,,
affeb201-d9af-469a-aab9-91b897c55f84,"Wallis Orchard Practical Shooters USPSA March 21, 2021",2021-03-21,4,Stage 4,36a3caf0-9571-46f0-a4ff-dd80518eaa79,Bo McCown,44,53.51,14,53.51,Open,U,,MINOR,,77.5884,77.5884,4.1856,30.82,21,,8,,,,,,,
affeb201-d9af-469a-aab9-91b897c55f84,"Wallis Orchard Practical Shooters USPSA March 21, 2021",2021-03-21,4,Stage 4,36a3caf0-9571-46f0-a4ff-dd80518eaa79,Janice Pacleb,45,53.30,15,53.30,Open,B,Ty75597,MAJOR,Lady,77.2900,77.2900,4.1695,29.50,23,,4,1,1,,,,,
affeb201-d9af-469a-aab9-91b897c55f84,"Wallis Orchard Practical Shooters USPSA March 21, 2021",2021-03-21,4,Stage 4,36a3caf0-9571-46f0-a4ff-dd80518eaa79,Antonio Tormis,46,52.45,24,63.99,Carry Optics,C,A124958,MINOR,,92.7870,76.0461,4.1024,32.42,23,,6,,,,,,,
affeb201-d9af-469a-aab9-91b897c55f84,"Wallis Orchard Practical Shooters USPSA March 21, 2021",2021-03-21,4,Stage 4,36a3caf0-9571-46f0-a4ff-dd80518eaa79,Ramil Villanueva,47,52.34,25,63.86,Carry Optics,D,A110261,MINOR,Junior,92.5925,75.8867,4.0938,26.87,21,,4,3,1,,,,,
affeb201-d9af-469a-aab9-91b897c55f84,"Wallis Orchard Practical Shooters USPSA March 21, 2021",2021-03-21,4,Stage 4,36a3caf0-9571-46f0-a4ff-dd80518eaa79,Adam Weinstein,48,52.10,16,52.10,Open,U,,MINOR,,75.5382,75.5382,4.0750,27.73,21,,5,3,,,1,,,
affeb201-d9af-469a-aab9-91b897c55f84,"Wallis Orchard Practical Shooters USPSA March 21, 2021",2021-03-21,4,Stage 4,36a3caf0-9571-46f0-a4ff-dd80518eaa79,Eric Wu,49,51.89,1,100.00,Production,C,,MINOR,,145.0000,75.2398,4.0589,33.26,25,,3,1,,,,,,
affeb201-d9af-469a-aab9-91b897c55f84,"Wallis Orchard Practical Shooters USPSA March 21, 2021",2021-03-21,4,Stage 4,36a3caf0-9571-46f0-a4ff-dd80518eaa79,Gary Wu,50,51.65,2,99.54,Production,B,L2998,MINOR,,144.3284,74.8913,4.0401,33.91,25,,4,,,,,,,
affeb201-d9af-469a-aab9-91b897c55f84,"Wallis Orchard Practical Shooters USPSA March 21, 2021",2021-03-21,4,Stage 4,36a3caf0-9571-46f0-a4ff-dd80518eaa79,Garrick Gonzalez,51,50.97,26,62.19,Carry Optics,B,A119804,MINOR,,90.1724,73.9032,3.9868,30.35,18,,10,1,,,,,,
affeb201-d9af-469a-aab9-91b897c55f84,"Wallis Orchard Practical Shooters USPSA March 21, 2021",2021-03-21,4,Stage 4,36a3caf0-9571-46f0-a4ff-dd80518eaa79,Robert Bui,52,49.96,27,60.96,Carry Optics,C,A103016,MINOR,,88.3923,72.4444,3.9081,33.52,23,,5,1,,,,,,
affeb201-d9af-469a-aab9-91b897c55f84,"Wallis Orchard Practical Shooters USPSA March 21, 2021",2021-03-21,4,Stage 4,36a3caf0-9571-46f0-a4ff-dd80518eaa79,Tom Donahue,53,49.76,17,49.76,Open,C,TY69009,MAJOR,Super Senior,72.1589,72.1589,3.8927,33.91,26,,3,,,,1,,,
affeb201-d9af-469a-aab9-91b897c55f84,"Wallis Orchard Practical Shooters USPSA March 21, 2021",2021-03-21,4,Stage 4,36a3caf0-9571-46f0-a4ff-dd80518eaa79,Jason Wilson,54,48.62,3,82.68,Limited 10,U,A94696,MAJOR,,119.8917,70.4924,3.8028,38.13,29,,,,,,,,,
affeb201-d9af-469a-aab9-91b897c55f84,"Wallis Orchard Practical Shooters USPSA March 21, 2021",2021-03-21,4,Stage 4,36a3caf0-9571-46f0-a4ff-dd80518eaa79,Jim Havens,55,47.94,28,58.50,Carry Optics,A,a114636,MINOR,,84.8233,69.5193,3.7503,36.53,25,,4,,,,,,,
affeb201-d9af-469a-aab9-91b897c55f84,"Wallis Orchard Practical Shooters USPSA March 21, 2021",2021-03-21,4,Stage 4,36a3caf0-9571-46f0-a4ff-dd80518eaa79,Doug Joder,56,46.54,4,49.84,PCC,U,A115020,MAJOR,,72.2618,67.4820,3.6404,35.71,18,,9,2,,,,,,
affeb201-d9af-469a-aab9-91b897c55f84,"Wallis Orchard Practical Shooters USPSA March 21, 2021",2021-03-21,4,Stage 4,36a3caf0-9571-46f0-a4ff-dd80518eaa79,Benjamin Michael,57,45.94,3,88.54,Production,C,A115982,MINOR,,128.3776,66.6145,3.5936,38.68,26,,3,,,,,,,
affeb201-d9af-469a-aab9-91b897c55f84,"Wallis Orchard Practical Shooters USPSA March 21, 2021",2021-03-21,4,Stage 4,36a3caf0-9571-46f0-a4ff-dd80518eaa79,Eric Mccampbell,58,45.54,3,53.66,Limited,B,A14332,MAJOR,Senior,77.8053,66.0343,3.5623,39.30,24,,5,,,,,,,
affeb201-d9af-469a-aab9-91b897c55f84,"Wallis Orchard Practical Shooters USPSA March 21, 2021",2021-03-21,4,Stage 4,36a3caf0-9571-46f0-a4ff-dd80518eaa79,young david,59,45.00,18,45.00,Open,D,Ty130791,MINOR,,65.2502,65.2502,3.5200,38.92,25,,4,,,,,,,
affeb201-d9af-469a-aab9-91b897c55f84,"Wallis Orchard Practical Shooters USPSA March 21, 2021",2021-03-21,4,Stage 4,36a3caf0-9571-46f0-a4ff-dd80518eaa79,Jason Wilson,60,43.74,1,100.00,Revolver,G,A94696,MAJOR,,145.0000,63.4169,3.4211,41.80,27,,2,,,,,,,
affeb201-d9af-469a-aab9-91b897c55f84,"Wallis Orchard Practical Shooters USPSA March 21, 2021",2021-03-21,4,Stage 4,36a3caf0-9571-46f0-a4ff-dd80518eaa79,Erwin Gonzalez,61,42.48,29,51.83,Carry Optics,U,,MINOR,,75.1497,61.5910,3.3226,31.00,21,,6,,2,,,,,
affeb201-d9af-469a-aab9-91b897c55f84,"Wallis Orchard Practical Shooters USPSA March 21, 2021",2021-03-21,4,Stage 4,36a3caf0-9571-46f0-a4ff-dd80518eaa79,Dale Hamm,62,38.57,4,45.44,Limited,C,TY97196,MAJOR,Senior,65.8908,55.9224,3.0168,40.44,20,,8,,1,,,,,
affeb201-d9af-469a-aab9-91b897c55f84,"Wallis Orchard Practical Shooters USPSA March 21, 2021",2021-03-21,4,Stage 4,36a3caf0-9571-46f0-a4ff-dd80518eaa79,Joseph Reyes,63,33.09,5,38.99,Limited,C,A127665,MINOR,Super Senior,56.5384,47.9848,2.5886,39.79,21,,6,,2,,,,,
affeb201-d9af-469a-aab9-91b897c55f84,"Wallis Orchard Practical Shooters USPSA March 21, 2021",2021-03-21,4,Stage 4,36a3caf0-9571-46f0-a4ff-dd80518eaa79,Leofredo Echavez,64,25.90,6,30.52,Limited,U,,MINOR,,44.2505,37.5559,2.0260,67.62,25,,4,,,,,,,
affeb201-d9af-469a-aab9-91b897c55f84,"Wallis Orchard Practical Shooters USPSA March 21, 2021",2021-03-21,4,Stage 4,36a3caf0-9571-46f0-a4ff-dd80518eaa79,Jack Liu,65,23.63,30,28.83,Carry Optics,U,Ty130790,MINOR,,41.8043,34.2619,1.8483,52.48,23,,4,,2,,,1,,
affeb201-d9af-469a-aab9-91b897c55f84,"Wallis Orchard Practical Shooters USPSA March 21, 2021",2021-03-21,4,Stage 4,36a3caf0-9571-46f0-a4ff-dd80518eaa79,Romelio San Jose,66,22.02,31,26.87,Carry Optics,U,A132413,MINOR,,38.9590,31.9300,1.7225,42.96,15,,9,2,3,,,,,
affeb201-d9af-469a-aab9-91b897c55f84,"Wallis Orchard Practical Shooters USPSA March 21, 2021",2021-03-21,4,Stage 4,36a3caf0-9571-46f0-a4ff-dd80518eaa79,Ibram Gaunt,67,16.99,4,28.89,Limited 10,U,A130167,MAJOR,,41.8902,24.6301,1.3287,57.20,16,,8,2,3,,1,,,
affeb201-d9af-469a-aab9-91b897c55f84,"Wallis Orchard Practical Shooters USPSA March 21, 2021",2021-03-21,4,Stage 4,36a3caf0-9571-46f0-a4ff-dd80518eaa79,Bryan Echavez,68,9.43,7,11.11,Limited,U,,MINOR,Junior,16.1145,13.6766,0.7378,50.15,14,,9,,6,,,,,
affeb201-d9af-469a-aab9-91b897c55f84,"Wallis Orchard Practical Shooters USPSA March 21, 2021",2021-03-21,4,Stage 4,36a3caf0-9571-46f0-a4ff-dd80518eaa79,Emmanuel Alcoseba,69,0.00,8,0.00,Limited,C,TY67519,MAJOR,Senior,0.0000,0.0000,,,,,,,,,,,,
affeb201-d9af-469a-aab9-91b897c55f84,"Wallis Orchard Practical Shooters USPSA March 21, 2021",2021-03-21,4,Stage 4,36a3caf0-9571-46f0-a4ff-dd80518eaa79,Jerry Bedro,70,0.00,19,0.00,Open,C,A98263,MAJOR,,0.0000,0.0000,,,,,,,,,,,,
affeb201-d9af-469a-aab9-91b897c55f84,"Wallis Orchard Practical Shooters USPSA March 21, 2021",2021-03-21,4,Stage 4,36a3caf0-9571-46f0-a4ff-dd80518eaa79,Gary Brisco,71,0.00,5,0.00,PCC,C,FY73704,MINOR,Super Senior,0.0000,0.0000,,,,,,,,,,,,
affeb201-d9af-469a-aab9-91b897c55f84,"Wallis Orchard Practical Shooters USPSA March 21, 2021",2021-03-21,4,Stage 4,36a3caf0-9571-46f0-a4ff-dd80518eaa79,Danny Garza,72,0.00,9,0.00,Limited,D,TY75480,MINOR,,0.0000,0.0000,,,,,,,,,,,,
affeb201-d9af-469a-aab9-91b897c55f84,"Wallis Orchard Practical Shooters USPSA March 21, 2021",2021-03-21,4,Stage 4,36a3caf0-9571-46f0-a4ff-dd80518eaa79,CARLOS NIEVES,73,0.00,6,0.00,PCC,C,A120418,MINOR,,0.0000,0.0000,,,,,,,,,,,,
affeb201-d9af-469a-aab9-91b897c55f84,"Wallis Orchard Practical Shooters USPSA March 21, 2021",2021-03-21,5,Stage 5,e1dc0d7a-2779-40ff-9c7d-1e77e643f710,MEL RODERO II,1,100.00,1,100.00,Open,G,TY86283,MAJOR,Senior,135.0000,135.0000,5.8523,21.53,20,,6,1,,,,,,
affeb201-d9af-469a-aab9-91b897c55f84,"Wallis Orchard Practical Shooters USPSA March 21, 2021",2021-03-21,5,Stage 5,e1dc0d7a-2779-40ff-9c7d-1e77e643f710,Wade Pruetz,2,99.25,2,99.25,Open,A,Ty79055,MAJOR,,133.9827,133.9827,5.8082,22.21,21,,6,,,,,,,
affeb201-d9af-469a-aab9-91b897c55f84,"Wallis Orchard Practical Shooters USPSA March 21, 2021",2021-03-21,5,Stage 5,e1dc0d7a-2779-40ff-9c7d-1e77e643f710,Jan Pacleb,3,98.91,3,98.91,Open,A,A79326,MAJOR,,133.5283,133.5283,5.7885,21.94,21,,5,1,,,,,,
affeb201-d9af-469a-aab9-91b897c55f84,"Wallis Orchard Practical Shooters USPSA March 21, 2021",2021-03-21,5,Stage 5,e1dc0d7a-2779-40ff-9c7d-1e77e643f710,Brandon Foss,4,96.91,1,100.00,Carry Optics,A,Fy92765,MINOR,,135.0000,130.8316,5.6716,23.45,26,,1,,,,,,,
affeb201-d9af-469a-aab9-91b897c55f84,"Wallis Orchard Practical Shooters USPSA March 21, 2021",2021-03-21,5,Stage 5,e1dc0d7a-2779-40ff-9c7d-1e77e643f710,Vinh Lam,5,95.58,1,100.00,Limited,A,TY101025,MAJOR,,135.0000,129.0370,5.5938,21.81,18,,7,2,,,,,,
affeb201-d9af-469a-aab9-91b897c55f84,"Wallis Orchard Practical Shooters USPSA March 21, 2021",2021-03-21,5,Stage 5,e1dc0d7a-2779-40ff-9c7d-1e77e643f710,Duane Mendoza,6,91.39,2,95.62,Limited,X,X,MAJOR,,129.0848,123.3830,5.3487,23.37,19,,7,1,,,,,,
affeb201-d9af-469a-aab9-91b897c55f84,"Wallis Orchard Practical Shooters USPSA March 21, 2021",2021-03-21,5,Stage 5,e1dc0d7a-2779-40ff-9c7d-1e77e643f710,Arnold Gee,7,90.44,4,90.44,Open,B,TY103519,MAJOR,Senior,122.0912,122.0912,5.2927,24.94,24,,3,,,,,,,
affeb201-d9af-469a-aab9-91b897c55f84,"Wallis Orchard Practical Shooters USPSA March 21, 2021",2021-03-21,5,Stage 5,e1dc0d7a-2779-40ff-9c7d-1e77e643f710,Waldo Samano,8,90.23,2,93.10,Carry Optics,M,TY87973,MINOR,,125.6883,121.8075,5.2804,24.43,24,,3,,,,,,,
affeb201-d9af-469a-aab9-91b897c55f84,"Wallis Orchard Practical Shooters USPSA March 21, 2021",2021-03-21,5,Stage 5,e1dc0d7a-2779-40ff-9c7d-1e77e643f710,Ricky Wiley,9,89.86,3,92.72,Carry Optics,B,A91320,MINOR,Law Enforcement,125.1718,121.3069,5.2587,23.39,22,,4,1,,,,,,
affeb201-d9af-469a-aab9-91b897c55f84,"Wallis Orchard Practical Shooters USPSA March 21, 2021",2021-03-21,5,Stage 5,e1dc0d7a-2779-40ff-9c7d-1e77e643f710,Michael Whitley,10,88.66,5,88.66,Open,B,A111091,MAJOR,,119.6968,119.6968,5.1889,24.09,19,,7,1,,,,,,
affeb201-d9af-469a-aab9-91b897c55f84,"Wallis Orchard Practical Shooters USPSA March 21, 2021",2021-03-21,5,Stage 5,e1dc0d7a-2779-40ff-9c7d-1e77e643f710,Bobby Ivester,11,88.56,6,88.56,Open,M,A101336,MAJOR,,119.5561,119.5561,5.1828,21.61,18,,8,,1,,,,,
affeb201-d9af-469a-aab9-91b897c55f84,"Wallis Orchard Practical Shooters USPSA March 21, 2021",2021-03-21,5,Stage 5,e1dc0d7a-2779-40ff-9c7d-1e77e643f710,Mengyu Yue,12,86.14,1,100.00,PCC,B,TY109190,MINOR,,135.0000,116.2851,5.0410,25.59,24,,3,,,,,,,
affeb201-d9af-469a-aab9-91b897c55f84,"Wallis Orchard Practical Shooters USPSA March 21, 2021",2021-03-21,5,Stage 5,e1dc0d7a-2779-40ff-9c7d-1e77e643f710,John Brunkhorst,13,84.74,4,87.44,Carry Optics,B,A116144,MINOR,,118.0381,114.3935,4.9590,25.61,25,,,2,,,,,,
affeb201-d9af-469a-aab9-91b897c55f84,"Wallis Orchard Practical Shooters USPSA March 21, 2021",2021-03-21,5,Stage 5,e1dc0d7a-2779-40ff-9c7d-1e77e643f710,Scott Ragsdale,14,84.62,2,98.23,PCC,A,A91297,MINOR,,132.6165,114.2320,4.9520,26.05,24,,3,,,,,,,
affeb201-d9af-469a-aab9-91b897c55f84,"Wallis Orchard Practical Shooters USPSA March 21, 2021",2021-03-21,5,Stage 5,e1dc0d7a-2779-40ff-9c7d-1e77e643f710,Tim Yang,15,83.82,5,86.49,Carry Optics,B,A123783,MINOR,,116.7623,113.1570,4.9054,25.89,23,,4,,,,,,,
affeb201-d9af-469a-aab9-91b897c55f84,"Wallis Orchard Practical Shooters USPSA March 21, 2021",2021-03-21,5,Stage 5,e1dc0d7a-2779-40ff-9c7d-1e77e643f710,Adriel Taylor,16,82.54,7,82.54,Open,U,A-104321,MAJOR,,111.4339,111.4339,4.8307,26.29,21,,5,1,,,,,,
affeb201-d9af-469a-aab9-91b897c55f84,"Wallis Orchard Practical Shooters USPSA March 21, 2021",2021-03-21,5,Stage 5,e1dc0d7a-2779-40ff-9c7d-1e77e643f710,James Tonkinson,17,80.78,6,83.36,Carry Optics,B,A123944,MINOR,,112.5325,109.0579,4.7277,26.44,23,,3,1,,,,,,
affeb201-d9af-469a-aab9-91b897c55f84,"Wallis Orchard Practical Shooters USPSA March 21, 2021",2021-03-21,5,Stage 5,e1dc0d7a-2779-40ff-9c7d-1e77e643f710,Zachary Ralston,18,79.25,7,81.78,Carry Optics,B,A123081,MINOR,,110.4022,106.9933,4.6382,26.95,22,,5,,,,,,,
affeb201-d9af-469a-aab9-91b897c55f84,"Wallis Orchard Practical Shooters USPSA March 21, 2021",2021-03-21,5,Stage 5,e1dc0d7a-2779-40ff-9c7d-1e77e643f710,Jon Baguio,19,78.69,8,81.19,Carry Optics,C,X,MINOR,,109.6119,106.2275,4.6050,26.71,21,,6,,,,,,,
affeb201-d9af-469a-aab9-91b897c55f84,"Wallis Orchard Practical Shooters USPSA March 21, 2021",2021-03-21,5,Stage 5,e1dc0d7a-2779-40ff-9c7d-1e77e643f710,Matt Lem,20,78.15,9,80.64,Carry Optics,A,FY34763,MINOR,,108.8574,105.4962,4.5733,27.77,23,,4,,,,,,,
affeb201-d9af-469a-aab9-91b897c55f84,"Wallis Orchard Practical Shooters USPSA March 21, 2021",2021-03-21,5,Stage 5,e1dc0d7a-2779-40ff-9c7d-1e77e643f710,Jason Bright,21,77.82,10,80.30,Carry Optics,B,A93447,MINOR,,108.4027,105.0556,4.5542,26.13,20,,6,1,,,,,,
affeb201-d9af-469a-aab9-91b897c55f84,"Wallis Orchard Practical Shooters USPSA March 21, 2021",2021-03-21,5,Stage 5,e1dc0d7a-2779-40ff-9c7d-1e77e643f710,Matthew Gonzalez,22,76.46,11,78.89,Carry Optics,C,A119810,MINOR,,106.5033,103.2148,4.4744,27.49,21,,6,,,,,,,
affeb201-d9af-469a-aab9-91b897c55f84,"Wallis Orchard Practical Shooters USPSA March 21, 2021",2021-03-21,5,Stage 5,e1dc0d7a-2779-40ff-9c7d-1e77e643f710,Mike Junco,23,76.26,12,78.69,Carry Optics,A,FY34819,MINOR,,106.2272,102.9472,4.4628,24.20,21,,4,1,1,,,,,
affeb201-d9af-469a-aab9-91b897c55f84,"Wallis Orchard Practical Shooters USPSA March 21, 2021",2021-03-21,5,Stage 5,e1dc0d7a-2779-40ff-9c7d-1e77e643f710,Janice Pacleb,24,76.09,8,76.09,Open,B,Ty75597,MAJOR,Lady,102.7188,102.7188,4.4529,28.97,23,,3,1,,,,,,
affeb201-d9af-469a-aab9-91b897c55f84,"Wallis Orchard Practical Shooters USPSA March 21, 2021",2021-03-21,5,Stage 5,e1dc0d7a-2779-40ff-9c7d-1e77e643f710,Ryan Alicaya,25,75.73,13,78.14,Carry Optics,C,,MINOR,,105.4893,102.2321,4.4318,26.40,19,,7,1,,,,,,
affeb201-d9af-469a-aab9-91b897c55f84,"Wallis Orchard Practical Shooters USPSA March 21, 2021",2021-03-21,5,Stage 5,e1dc0d7a-2779-40ff-9c7d-1e77e643f710,Gary Wu,26,75.25,1,100.00,Production,B,L2998,MINOR,,135.0000,101.5908,4.4040,30.20,26,,1,,,,,,,
affeb201-d9af-469a-aab9-91b897c55f84,"Wallis Orchard Practical Shooters USPSA March 21, 2021",2021-03-21,5,Stage 5,e1dc0d7a-2779-40ff-9c7d-1e77e643f710,Marlon Poralan,27,73.85,14,76.20,Carry Optics,C,Ty66330,MINOR,Law Enforcement,102.8757,99.6993,4.3220,30.31,25,,2,,,,,,,
affeb201-d9af-469a-aab9-91b897c55f84,"Wallis Orchard Practical Shooters USPSA March 21, 2021",2021-03-21,5,Stage 5,e1dc0d7a-2779-40ff-9c7d-1e77e643f710,Andrew Whitley,28,72.28,9,72.28,Open,B,TY-106649,MAJOR,,97.5793,97.5793,4.2301,29.55,17,,10,,,,,,,
affeb201-d9af-469a-aab9-91b897c55f84,"Wallis Orchard Practical Shooters USPSA March 21, 2021",2021-03-21,5,Stage 5,e1dc0d7a-2779-40ff-9c7d-1e77e643f710,Nicholas Hauser,29,72.27,15,74.57,Carry Optics,C,A127395,MINOR,,100.6692,97.5609,4.2293,28.61,20,,7,,,,,,,
affeb201-d9af-469a-aab9-91b897c55f84,"Wallis Orchard Practical Shooters USPSA March 21, 2021",2021-03-21,5,Stage 5,e1dc0d7a-2779-40ff-9c7d-1e77e643f710,James Karchut,30,71.68,10,71.68,Open,U,,MINOR,,96.7720,96.7720,4.1951,30.75,24,,3,,,,,,,
affeb201-d9af-469a-aab9-91b897c55f84,"Wallis Orchard Practical Shooters USPSA March 21, 2021",2021-03-21,5,Stage 5,e1dc0d7a-2779-40ff-9c7d-1e77e643f710,Jim Havens,31,71.49,16,73.77,Carry Optics,A,a114636,MINOR,,99.5909,96.5159,4.1840,28.92,21,,5,1,,,,,,
affeb201-d9af-469a-aab9-91b897c55f84,"Wallis Orchard Practical Shooters USPSA March 21, 2021",2021-03-21,5,Stage 5,e1dc0d7a-2779-40ff-9c7d-1e77e643f710,Jeffrey Polk,32,69.49,17,71.70,Carry Optics,B,TY104167,MINOR,,96.7989,93.8100,4.0667,28.77,21,,3,3,,,,,,
affeb201-d9af-469a-aab9-91b897c55f84,"Wallis Orchard Practical Shooters USPSA March 21, 2021",2021-03-21,5,Stage 5,e1dc0d7a-2779-40ff-9c7d-1e77e643f710,Adam Weinstein,33,68.95,11,68.95,Open,U,,MINOR,,93.0880,93.0880,4.0354,30.48,22,,4,1,,,,,,
affeb201-d9af-469a-aab9-91b897c55f84,"Wallis Orchard Practical Shooters USPSA March 21, 2021",2021-03-21,5,Stage 5,e1dc0d7a-2779-40ff-9c7d-1e77e643f710,Bo McCown,34,68.59,12,68.59,Open,U,,MINOR,,92.5944,92.5944,4.0140,28.65,19,,6,2,,,,,,
affeb201-d9af-469a-aab9-91b897c55f84,"Wallis Orchard Practical Shooters USPSA March 21, 2021",2021-03-21,5,Stage 5,e1dc0d7a-2779-40ff-9c7d-1e77e643f710,Erwin Gonzalez,35,65.39,18,67.47,Carry Optics,U,,MINOR,,91.0862,88.2738,3.8267,31.62,20,,7,,,,,,,
affeb201-d9af-469a-aab9-91b897c55f84,"Wallis Orchard Practical Shooters USPSA March 21, 2021",2021-03-21,5,Stage 5,e1dc0d7a-2779-40ff-9c7d-1e77e643f710,AJ Jackson,36,65.21,3,75.71,PCC,A,A81745,MINOR,,102.2074,88.0385,3.8165,24.63,18,,8,,1,,1,,,
affeb201-d9af-469a-aab9-91b897c55f84,"Wallis Orchard Practical Shooters USPSA March 21, 2021",2021-03-21,5,Stage 5,e1dc0d7a-2779-40ff-9c7d-1e77e643f710,August Balagtas,37,64.63,13,64.63,Open,M,L3674,MAJOR,,87.2472,87.2472,3.7822,24.06,21,,4,,2,,,1,,
affeb201-d9af-469a-aab9-91b897c55f84,"Wallis Orchard Practical Shooters USPSA March 21, 2021",2021-03-21,5,Stage 5,e1dc0d7a-2779-40ff-9c7d-1e77e643f710,Robert Bui,38,64.50,19,66.56,Carry Optics,C,A103016,MINOR,,89.8532,87.0788,3.7749,28.61,20,,6,,1,,,,,
affeb201-d9af-469a-aab9-91b897c55f84,"Wallis Orchard Practical Shooters USPSA March 21, 2021",2021-03-21,5,Stage 5,e1dc0d7a-2779-40ff-9c7d-1e77e643f710,Ridong Wen,39,63.27,20,65.28,Carry Optics,U,A99651,MINOR,,88.1299,85.4087,3.7025,31.33,24,,2,,1,,,,,
affeb201-d9af-469a-aab9-91b897c55f84,"Wallis Orchard Practical Shooters USPSA March 21, 2021",2021-03-21,5,Stage 5,e1dc0d7a-2779-40ff-9c7d-1e77e643f710,Jun Wu,40,63.17,21,65.18,Carry Optics,,,MINOR,,87.9966,85.2795,3.6969,32.73,20,,7,,,,,,,
affeb201-d9af-469a-aab9-91b897c55f84,"Wallis Orchard Practical Shooters USPSA March 21, 2021",2021-03-21,5,Stage 5,e1dc0d7a-2779-40ff-9c7d-1e77e643f710,Justin Corona,41,62.97,14,62.97,Open,B,L4452,MAJOR,,85.0097,85.0097,3.6852,21.98,15,,9,,3,,,,,
affeb201-d9af-469a-aab9-91b897c55f84,"Wallis Orchard Practical Shooters USPSA March 21, 2021",2021-03-21,5,Stage 5,e1dc0d7a-2779-40ff-9c7d-1e77e643f710,Eric Wu,42,62.64,2,83.23,Production,C,,MINOR,,112.3651,84.5575,3.6656,29.19,15,,10,2,,,,,,
affeb201-d9af-469a-aab9-91b897c55f84,"Wallis Orchard Practical Shooters USPSA March 21, 2021",2021-03-21,5,Stage 5,e1dc0d7a-2779-40ff-9c7d-1e77e643f710,Garrick Gonzalez,43,61.27,22,63.23,Carry Optics,B,A119804,MINOR,,85.3545,82.7190,3.5859,32.07,18,,8,1,,,,,,
affeb201-d9af-469a-aab9-91b897c55f84,"Wallis Orchard Practical Shooters USPSA March 21, 2021",2021-03-21,5,Stage 5,e1dc0d7a-2779-40ff-9c7d-1e77e643f710,Bryan Faustino,44,60.25,23,62.17,Carry Optics,D,,MINOR,,83.9239,81.3326,3.5258,28.93,18,,7,1,1,,,,,
affeb201-d9af-469a-aab9-91b897c55f84,"Wallis Orchard Practical Shooters USPSA March 21, 2021",2021-03-21,5,Stage 5,e1dc0d7a-2779-40ff-9c7d-1e77e643f710,Paul Beavers,45,59.80,1,100.00,Limited 10,U,TY123776,MAJOR,,135.0000,80.7260,3.4995,32.29,21,,4,1,1,,,,,
affeb201-d9af-469a-aab9-91b897c55f84,"Wallis Orchard Practical Shooters USPSA March 21, 2021",2021-03-21,5,Stage 5,e1dc0d7a-2779-40ff-9c7d-1e77e643f710,Ralph Migrino,46,59.59,24,61.49,Carry Optics,U,,MINOR,Military,83.0051,80.4422,3.4872,29.25,22,,4,,1,,1,,,
affeb201-d9af-469a-aab9-91b897c55f84,"Wallis Orchard Practical Shooters USPSA March 21, 2021",2021-03-21,5,Stage 5,e1dc0d7a-2779-40ff-9c7d-1e77e643f710,Roman Gwiscz,47,58.92,25,60.80,Carry Optics,A,L4670,MINOR,,82.0792,79.5449,3.4483,25.23,21,,4,,2,,,1,,
affeb201-d9af-469a-aab9-91b897c55f84,"Wallis Orchard Practical Shooters USPSA March 21, 2021",2021-03-21,5,Stage 5,e1dc0d7a-2779-40ff-9c7d-1e77e643f710,Doug Joder,48,56.87,4,66.02,PCC,U,A115020,MAJOR,,89.1305,76.7744,3.3282,38.76,21,,6,,,,,,,
affeb201-d9af-469a-aab9-91b897c55f84,"Wallis Orchard Practical Shooters USPSA March 21, 2021",2021-03-21,5,Stage 5,e1dc0d7a-2779-40ff-9c7d-1e77e643f710,Tom Donahue,49,56.00,15,56.00,Open,C,TY69009,MAJOR,Super Senior,75.6049,75.6049,3.2775,39.97,23,,4,,,,,,,
affeb201-d9af-469a-aab9-91b897c55f84,"Wallis Orchard Practical Shooters USPSA March 21, 2021",2021-03-21,5,Stage 5,e1dc0d7a-2779-40ff-9c7d-1e77e643f710,Eric Mccampbell,50,53.94,3,56.43,Limited,B,A14332,MAJOR,Senior,76.1810,72.8160,3.1566,32.63,15,,8,3,1,,,,,
affeb201-d9af-469a-aab9-91b897c55f84,"Wallis Orchard Practical Shooters USPSA March 21, 2021",2021-03-21,5,Stage 5,e1dc0d7a-2779-40ff-9c7d-1e77e643f710,Emmanuel Alcoseba,51,52.95,4,55.40,Limited,C,TY67519,MAJOR,Senior,74.7884,71.4850,3.0989,37.11,23,,2,1,1,,,,,
affeb201-d9af-469a-aab9-91b897c55f84,"Wallis Orchard Practical Shooters USPSA March 21, 2021",2021-03-21,5,Stage 5,e1dc0d7a-2779-40ff-9c7d-1e77e643f710,Jason Wilson,52,52.90,1,100.00,Revolver,G,A94696,MAJOR,,135.0000,71.4158,3.0959,42.96,25,,2,,,,,,,
affeb201-d9af-469a-aab9-91b897c55f84,"Wallis Orchard Practical Shooters USPSA March 21, 2021",2021-03-21,5,Stage 5,e1dc0d7a-2779-40ff-9c7d-1e77e643f710,Dale Hamm,53,52.55,5,54.97,Limited,C,TY97196,MAJOR,Senior,74.2140,70.9360,3.0751,41.30,19,,8,,,,,,,
affeb201-d9af-469a-aab9-91b897c55f84,"Wallis Orchard Practical Shooters USPSA March 21, 2021",2021-03-21,5,Stage 5,e1dc0d7a-2779-40ff-9c7d-1e77e643f710,Antonio Tormis,54,52.21,26,53.87,Carry Optics,C,A124958,MINOR,,72.7247,70.4792,3.0553,32.73,18,,6,2,1,,,,,
affeb201-d9af-469a-aab9-91b897c55f84,"Wallis Orchard Practical Shooters USPSA March 21, 2021",2021-03-21,5,Stage 5,e1dc0d7a-2779-40ff-9c7d-1e77e643f710,Ray Perez,55,51.37,27,53.00,Carry Optics,U,,MINOR,Law Enforcement,71.5560,69.3466,3.0062,35.26,20,,5,1,1,,,,,
affeb201-d9af-469a-aab9-91b897c55f84,"Wallis Orchard Practical Shooters USPSA March 21, 2021",2021-03-21,5,Stage 5,e1dc0d7a-2779-40ff-9c7d-1e77e643f710,Pat Byrne,56,49.99,2,83.60,Limited 10,B,93921,MAJOR,Super Senior,112.8607,67.4873,2.9256,32.13,24,,1,,2,,,1,,
affeb201-d9af-469a-aab9-91b897c55f84,"Wallis Orchard Practical Shooters USPSA March 21, 2021",2021-03-21,5,Stage 5,e1dc0d7a-2779-40ff-9c7d-1e77e643f710,Hopper Po,57,49.49,28,51.06,Carry Optics,U,A132909,MINOR,,68.9353,66.8068,2.8961,41.09,19,,8,,,,,,,
affeb201-d9af-469a-aab9-91b897c55f84,"Wallis Orchard Practical Shooters USPSA March 21, 2021",2021-03-21,5,Stage 5,e1dc0d7a-2779-40ff-9c7d-1e77e643f710,Ramil Villanueva,58,47.79,29,49.31,Carry Optics,D,A110261,MINOR,Junior,66.5717,64.5162,2.7968,33.61,16,,7,3,1,,,,,
affeb201-d9af-469a-aab9-91b897c55f84,"Wallis Orchard Practical Shooters USPSA March 21, 2021",2021-03-21,5,Stage 5,e1dc0d7a-2779-40ff-9c7d-1e77e643f710,Benjamin Michael,59,44.70,3,59.40,Production,C,A115982,MINOR,,80.1877,60.3432,2.6159,38.61,16,,10,1,,,1,,,
affeb201-d9af-469a-aab9-91b897c55f84,"Wallis Orchard Practical Shooters USPSA March 21, 2021",2021-03-21,5,Stage 5,e1dc0d7a-2779-40ff-9c7d-1e77e643f710,Kim Tran,60,44.20,16,44.20,Open,B,L4935,MAJOR,Lady,59.6742,59.6742,2.5869,24.74,16,,5,2,4,,,,,
affeb201-d9af-469a-aab9-91b897c55f84,"Wallis Orchard Practical Shooters USPSA March 21, 2021",2021-03-21,5,Stage 5,e1dc0d7a-2779-40ff-9c7d-1e77e643f710,young david,61,43.28,17,43.28,Open,D,Ty130791,MINOR,,58.4332,58.4332,2.5331,43.82,18,,6,3,,,,,,
affeb201-d9af-469a-aab9-91b897c55f84,"Wallis Orchard Practical Shooters USPSA March 21, 2021",2021-03-21,5,Stage 5,e1dc0d7a-2779-40ff-9c7d-1e77e643f710,Joseph Reyes,62,43.20,6,45.20,Limited,C,A127665,MINOR,Super Senior,61.0201,58.3248,2.5284,35.20,22,,3,,2,,,1,,
affeb201-d9af-469a-aab9-91b897c55f84,"Wallis Orchard Practical Shooters USPSA March 21, 2021",2021-03-21,5,Stage 5,e1dc0d7a-2779-40ff-9c7d-1e77e643f710,Albert Montanez,63,39.01,18,39.01,Open,M,TY101554,MAJOR,,52.6570,52.6570,2.2827,34.17,22,,2,,3,,,1,,
affeb201-d9af-469a-aab9-91b897c55f84,"Wallis Orchard Practical Shooters USPSA March 21, 2021",2021-03-21,5,Stage 5,e1dc0d7a-2779-40ff-9c7d-1e77e643f710,Jack Liu,64,36.86,30,38.04,Carry Optics,U,Ty130790,MINOR,,51.3498,49.7643,2.1573,45.89,12,,12,3,,,,,,
affeb201-d9af-469a-aab9-91b897c55f84,"Wallis Orchard Practical Shooters USPSA March 21, 2021",2021-03-21,5,Stage 5,e1dc0d7a-2779-40ff-9c7d-1e77e643f710,Ibram Gaunt,65,34.03,3,56.91,Limited 10,U,A130167,MAJOR,,76.8298,45.9419,1.9916,59.75,15,,10,2,,,,,,
affeb201-d9af-469a-aab9-91b897c55f84,"Wallis Orchard Practical Shooters USPSA March 21, 2021",2021-03-21,5,Stage 5,e1dc0d7a-2779-40ff-9c7d-1e77e643f710,Romelio San Jose,66,23.71,31,24.47,Carry Optics,U,A132413,MINOR,,33.0335,32.0136,1.3878,49.00,20,,2,2,3,,,1,,
affeb201-d9af-469a-aab9-91b897c55f84,"Wallis Orchard Practical Shooters USPSA March 21, 2021",2021-03-21,5,Stage 5,e1dc0d7a-2779-40ff-9c7d-1e77e643f710,Leofredo Echavez,67,15.36,7,16.07,Limited,U,,MINOR,,21.6939,20.7357,0.8989,50.06,10,,11,2,4,,,,,
affeb201-d9af-469a-aab9-91b897c55f84,"Wallis Orchard Practical Shooters USPSA March 21, 2021",2021-03-21,5,Stage 5,e1dc0d7a-2779-40ff-9c7d-1e77e643f710,Bryan Echavez,68,1.71,8,1.78,Limited,U,,MINOR,Junior,2.4086,2.3022,0.0998,50.08,13,,6,2,6,,1,1,,
affeb201-d9af-469a-aab9-91b897c55f84,"Wallis Orchard Practical Shooters USPSA March 21, 2021",2021-03-21,5,Stage 5,e1dc0d7a-2779-40ff-9c7d-1e77e643f710,Jerry Bedro,69,0.00,19,0.00,Open,C,A98263,MAJOR,,0.0000,0.0000,,,,,,,,,,,,
affeb201-d9af-469a-aab9-91b897c55f84,"Wallis Orchard Practical Shooters USPSA March 21, 2021",2021-03-21,5,Stage 5,e1dc0d7a-2779-40ff-9c7d-1e77e643f710,Gary Brisco,70,0.00,5,0.00,PCC,C,FY73704,MINOR,Super Senior,0.0000,0.0000,,,,,,,,,,,,
affeb201-d9af-469a-aab9-91b897c55f84,"Wallis Orchard Practical Shooters USPSA March 21, 2021",2021-03-21,5,Stage 5,e1dc0d7a-2779-40ff-9c7d-1e77e643f710,Danny Garza,71,0.00,9,0.00,Limited,D,TY75480,MINOR,,0.0000,0.0000,,,,,,,,,,,,
affeb201-d9af-469a-aab9-91b897c55f84,"Wallis Orchard Practical Shooters USPSA March 21, 2021",2021-03-21,5,Stage 5,e1dc0d7a-2779-40ff-9c7d-1e77e643f710,CARLOS NIEVES,72,0.00,6,0.00,PCC,C,A120418,MINOR,,0.0000,0.0000,,,,,,,,,,,,
affeb201-d9af-469a-aab9-91b897c55f84,"Wallis Orchard Practical Shooters USPSA March 21, 2021",2021-03-21,5,Stage 5,e1dc0d7a-2779-40ff-9c7d-1e77e643f710,Jason Wilson,73,0.00,4,0.00,Limited 10,U,A94696,MAJOR,,0.0000,0.0000,0.0000,22.41,12,,1,,14,,,7,,
affeb201-d9af-469a-aab9-91b897c55f84,"Wallis Orchard Practical Shooters USPSA March 21, 2021",2021-03-21,6,Stage 6,176ee943-b196-4e2c-9497-850897715c1d,Bobby Ivester,1,100.00,1,100.00,Open,M,A101336,MAJOR,,120.0000,120.0000,8.7085,13.55,22,,2,,,,,,,
affeb201-d9af-469a-aab9-91b897c55f84,"Wallis Orchard Practical Shooters USPSA March 21, 2021",2021-03-21,6,Stage 6,176ee943-b196-4e2c-9497-850897715c1d,Jan Pacleb,2,84.69,2,84.69,Open,A,A79326,MAJOR,,101.6248,101.6248,7.3750,16.00,22,,2,,,,,,,
affeb201-d9af-469a-aab9-91b897c55f84,"Wallis Orchard Practical Shooters USPSA March 21, 2021",2021-03-21,6,Stage 6,176ee943-b196-4e2c-9497-850897715c1d,Wade Pruetz,3,81.92,3,81.92,Open,A,Ty79055,MAJOR,,98.3053,98.3053,7.1341,16.40,23,,,1,,,,,,
affeb201-d9af-469a-aab9-91b897c55f84,"Wallis Orchard Practical Shooters USPSA March 21, 2021",2021-03-21,6,Stage 6,176ee943-b196-4e2c-9497-850897715c1d,August Balagtas,4,79.07,4,79.07,Open,M,L3674,MAJOR,,94.8894,94.8894,6.8862,16.70,21,,2,1,,,,,,
affeb201-d9af-469a-aab9-91b897c55f84,"Wallis Orchard Practical Shooters USPSA March 21, 2021",2021-03-21,6,Stage 6,176ee943-b196-4e2c-9497-850897715c1d,Michael Whitley,5,72.65,5,72.65,Open,B,A111091,MAJOR,,87.1838,87.1838,6.3270,17.86,17,,7,,,,,,,
affeb201-d9af-469a-aab9-91b897c55f84,"Wallis Orchard Practical Shooters USPSA March 21, 2021",2021-03-21,6,Stage 6,176ee943-b196-4e2c-9497-850897715c1d,Scott Ragsdale,6,71.84,1,100.00,PCC,A,A91297,MINOR,,120.0000,86.2137,6.2566,18.86,23,,1,,,,,,,
affeb201-d9af-469a-aab9-91b897c55f84,"Wallis Orchard Practical Shooters USPSA March 21, 2021",2021-03-21,6,Stage 6,176ee943-b196-4e2c-9497-850897715c1d,Adam Weinstein,7,71.84,6,71.84,Open,U,,MINOR,,86.2137,86.2137,6.2566,18.86,23,,1,,,,,,,
affeb201-d9af-469a-aab9-91b897c55f84,"Wallis Orchard Practical Shooters USPSA March 21, 2021",2021-03-21,6,Stage 6,176ee943-b196-4e2c-9497-850897715c1d,Janice Pacleb,8,70.81,7,70.81,Open,B,Ty75597,MAJOR,Lady,84.9777,84.9777,6.1669,18.81,20,,4,,,,,,,
affeb201-d9af-469a-aab9-91b897c55f84,"Wallis Orchard Practical Shooters USPSA March 21, 2021",2021-03-21,6,Stage 6,176ee943-b196-4e2c-9497-850897715c1d,John Brunkhorst,9,70.28,1,100.00,Carry Optics,B,A116144,MINOR,,120.0000,84.3355,6.1203,19.28,23,,1,,,,,,,
affeb201-d9af-469a-aab9-91b897c55f84,"Wallis Orchard Practical Shooters USPSA March 21, 2021",2021-03-21,6,Stage 6,176ee943-b196-4e2c-9497-850897715c1d,Albert Montanez,10,69.68,8,69.68,Open,M,TY101554,MAJOR,,83.6217,83.6217,6.0685,19.28,21,,3,,,,,,,
affeb201-d9af-469a-aab9-91b897c55f84,"Wallis Orchard Practical Shooters USPSA March 21, 2021",2021-03-21,6,Stage 6,176ee943-b196-4e2c-9497-850897715c1d,Justin Corona,11,69.32,9,69.32,Open,B,L4452,MAJOR,,83.1822,83.1822,6.0366,16.40,17,,6,,1,,,,,
affeb201-d9af-469a-aab9-91b897c55f84,"Wallis Orchard Practical Shooters USPSA March 21, 2021",2021-03-21,6,Stage 6,176ee943-b196-4e2c-9497-850897715c1d,Jason Bright,12,68.29,2,97.17,Carry Optics,B,A93447,MINOR,,116.5982,81.9448,5.9468,19.17,22,,1,1,,,,,,
affeb201-d9af-469a-aab9-91b897c55f84,"Wallis Orchard Practical Shooters USPSA March 21, 2021",2021-03-21,6,Stage 6,176ee943-b196-4e2c-9497-850897715c1d,Vinh Lam,13,67.39,1,100.00,Limited,A,TY101025,MAJOR,,120.0000,80.8658,5.8685,17.04,18,,5,,1,,,,,
affeb201-d9af-469a-aab9-91b897c55f84,"Wallis Orchard Practical Shooters USPSA March 21, 2021",2021-03-21,6,Stage 6,176ee943-b196-4e2c-9497-850897715c1d,Brandon Foss,14,67.05,3,95.41,Carry Optics,A,Fy92765,MINOR,,114.4924,80.4648,5.8394,19.18,21,,2,1,,,,,,
affeb201-d9af-469a-aab9-91b897c55f84,"Wallis Orchard Practical Shooters USPSA March 21, 2021",2021-03-21,6,Stage 6,176ee943-b196-4e2c-9497-850897715c1d,Roman Gwiscz,15,66.82,4,95.08,Carry Optics,A,L4670,MINOR,,114.0983,80.1879,5.8193,19.59,21,,3,,,,,,,
affeb201-d9af-469a-aab9-91b897c55f84,"Wallis Orchard Practical Shooters USPSA March 21, 2021",2021-03-21,6,Stage 6,176ee943-b196-4e2c-9497-850897715c1d,Mengyu Yue,16,66.76,2,92.93,PCC,B,TY109190,MINOR,,111.5110,80.1148,5.8140,20.64,24,,,,,,,,,
affeb201-d9af-469a-aab9-91b897c55f84,"Wallis Orchard Practical Shooters USPSA March 21, 2021",2021-03-21,6,Stage 6,176ee943-b196-4e2c-9497-850897715c1d,Waldo Samano,17,66.23,5,94.23,Carry Optics,M,TY87973,MINOR,,113.0788,79.4713,5.7673,19.42,20,,4,,,,,,,
affeb201-d9af-469a-aab9-91b897c55f84,"Wallis Orchard Practical Shooters USPSA March 21, 2021",2021-03-21,6,Stage 6,176ee943-b196-4e2c-9497-850897715c1d,Ricky Wiley,18,64.73,6,92.10,Carry Optics,B,A91320,MINOR,Law Enforcement,110.5162,77.6703,5.6366,19.87,20,,4,,,,,,,
affeb201-d9af-469a-aab9-91b897c55f84,"Wallis Orchard Practical Shooters USPSA March 21, 2021",2021-03-21,6,Stage 6,176ee943-b196-4e2c-9497-850897715c1d,Duane Mendoza,19,64.14,2,95.17,Limited,X,X,MAJOR,,114.2070,76.9620,5.5852,20.59,19,,5,,,,,,,
affeb201-d9af-469a-aab9-91b897c55f84,"Wallis Orchard Practical Shooters USPSA March 21, 2021",2021-03-21,6,Stage 6,176ee943-b196-4e2c-9497-850897715c1d,Matt Lem,20,63.89,7,90.90,Carry Optics,A,FY34763,MINOR,,109.0829,76.6630,5.5635,20.85,22,,2,,,,,,,
affeb201-d9af-469a-aab9-91b897c55f84,"Wallis Orchard Practical Shooters USPSA March 21, 2021",2021-03-21,6,Stage 6,176ee943-b196-4e2c-9497-850897715c1d,Jim Havens,21,63.83,8,90.82,Carry Optics,A,a114636,MINOR,,108.9809,76.5914,5.5583,20.51,22,,1,1,,,,,,
affeb201-d9af-469a-aab9-91b897c55f84,"Wallis Orchard Practical Shooters USPSA March 21, 2021",2021-03-21,6,Stage 6,176ee943-b196-4e2c-9497-850897715c1d,Ridong Wen,22,63.27,9,90.02,Carry Optics,U,A99651,MINOR,,108.0261,75.9203,5.5096,21.78,24,,,,,,,,,
affeb201-d9af-469a-aab9-91b897c55f84,"Wallis Orchard Practical Shooters USPSA March 21, 2021",2021-03-21,6,Stage 6,176ee943-b196-4e2c-9497-850897715c1d,Ryan Alicaya,23,62.99,10,89.62,Carry Optics,C,,MINOR,,107.5477,75.5841,5.4852,16.59,21,,2,,1,,1,,,
affeb201-d9af-469a-aab9-91b897c55f84,"Wallis Orchard Practical Shooters USPSA March 21, 2021",2021-03-21,6,Stage 6,176ee943-b196-4e2c-9497-850897715c1d,Gary Wu,24,61.75,1,100.00,Production,B,L2998,MINOR,,120.0000,74.0986,5.3774,21.20,21,,3,,,,,,,
affeb201-d9af-469a-aab9-91b897c55f84,"Wallis Orchard Practical Shooters USPSA March 21, 2021",2021-03-21,6,Stage 6,176ee943-b196-4e2c-9497-850897715c1d,Andrew Whitley,25,60.93,10,60.93,Open,B,TY-106649,MAJOR,,73.1189,73.1189,5.3063,20.73,18,,4,2,,,,,,
affeb201-d9af-469a-aab9-91b897c55f84,"Wallis Orchard Practical Shooters USPSA March 21, 2021",2021-03-21,6,Stage 6,176ee943-b196-4e2c-9497-850897715c1d,Eric Mccampbell,26,59.72,3,88.62,Limited,B,A14332,MAJOR,Senior,106.3406,71.6610,5.2005,22.69,22,,2,,,,,,,
affeb201-d9af-469a-aab9-91b897c55f84,"Wallis Orchard Practical Shooters USPSA March 21, 2021",2021-03-21,6,Stage 6,176ee943-b196-4e2c-9497-850897715c1d,Kim Tran,27,56.86,11,56.86,Open,B,L4935,MAJOR,Lady,68.2299,68.2299,4.9515,20.60,20,,3,,1,,,,,
affeb201-d9af-469a-aab9-91b897c55f84,"Wallis Orchard Practical Shooters USPSA March 21, 2021",2021-03-21,6,Stage 6,176ee943-b196-4e2c-9497-850897715c1d,Eric Wu,28,55.51,2,89.90,Production,C,,MINOR,,107.8826,66.6163,4.8344,22.34,20,,2,2,,,,,,
affeb201-d9af-469a-aab9-91b897c55f84,"Wallis Orchard Practical Shooters USPSA March 21, 2021",2021-03-21,6,Stage 6,176ee943-b196-4e2c-9497-850897715c1d,Marlon Poralan,29,55.35,11,78.76,Carry Optics,C,Ty66330,MINOR,Law Enforcement,94.5111,66.4220,4.8203,23.65,21,,3,,,,,,,
affeb201-d9af-469a-aab9-91b897c55f84,"Wallis Orchard Practical Shooters USPSA March 21, 2021",2021-03-21,6,Stage 6,176ee943-b196-4e2c-9497-850897715c1d,Jon Baguio,30,55.19,12,78.53,Carry Optics,C,X,MINOR,,94.2366,66.2291,4.8063,21.43,22,,1,,1,,,,,
affeb201-d9af-469a-aab9-91b897c55f84,"Wallis Orchard Practical Shooters USPSA March 21, 2021",2021-03-21,6,Stage 6,176ee943-b196-4e2c-9497-850897715c1d,Antonio Tormis,31,54.66,13,77.77,Carry Optics,C,A124958,MINOR,,93.3248,65.5883,4.7598,23.11,20,,3,1,,,,,,
affeb201-d9af-469a-aab9-91b897c55f84,"Wallis Orchard Practical Shooters USPSA March 21, 2021",2021-03-21,6,Stage 6,176ee943-b196-4e2c-9497-850897715c1d,Mike Junco,32,53.86,14,76.64,Carry Optics,A,FY34819,MINOR,,91.9720,64.6375,4.6908,23.45,19,,5,,,,,,,
affeb201-d9af-469a-aab9-91b897c55f84,"Wallis Orchard Practical Shooters USPSA March 21, 2021",2021-03-21,6,Stage 6,176ee943-b196-4e2c-9497-850897715c1d,Bryan Faustino,33,53.08,15,75.52,Carry Optics,D,,MINOR,,90.6269,63.6923,4.6222,22.50,17,,6,1,,,,,,
affeb201-d9af-469a-aab9-91b897c55f84,"Wallis Orchard Practical Shooters USPSA March 21, 2021",2021-03-21,6,Stage 6,176ee943-b196-4e2c-9497-850897715c1d,Robert Bui,34,52.74,16,75.04,Carry Optics,C,A103016,MINOR,,90.0446,63.2830,4.5925,22.21,17,,5,2,,,,,,
affeb201-d9af-469a-aab9-91b897c55f84,"Wallis Orchard Practical Shooters USPSA March 21, 2021",2021-03-21,6,Stage 6,176ee943-b196-4e2c-9497-850897715c1d,Jeffrey Polk,35,52.26,17,74.36,Carry Optics,B,TY104167,MINOR,,89.2329,62.7125,4.5511,24.17,19,,5,,,,,,,
affeb201-d9af-469a-aab9-91b897c55f84,"Wallis Orchard Practical Shooters USPSA March 21, 2021",2021-03-21,6,Stage 6,176ee943-b196-4e2c-9497-850897715c1d,Garrick Gonzalez,36,51.63,18,73.47,Carry Optics,B,A119804,MINOR,,88.1623,61.9602,4.4965,21.35,15,,6,3,,,,,,
affeb201-d9af-469a-aab9-91b897c55f84,"Wallis Orchard Practical Shooters USPSA March 21, 2021",2021-03-21,6,Stage 6,176ee943-b196-4e2c-9497-850897715c1d,Erwin Gonzalez,37,51.29,19,72.98,Carry Optics,U,,MINOR,,87.5741,61.5468,4.4665,24.18,18,,6,,,,,,,
affeb201-d9af-469a-aab9-91b897c55f84,"Wallis Orchard Practical Shooters USPSA March 21, 2021",2021-03-21,6,Stage 6,176ee943-b196-4e2c-9497-850897715c1d,Ramil Villanueva,38,51.14,20,72.76,Carry Optics,D,A110261,MINOR,Junior,87.3153,61.3649,4.4533,25.15,21,,2,1,,,,,,
affeb201-d9af-469a-aab9-91b897c55f84,"Wallis Orchard Practical Shooters USPSA March 21, 2021",2021-03-21,6,Stage 6,176ee943-b196-4e2c-9497-850897715c1d,James Karchut,39,49.82,12,49.82,Open,U,,MINOR,,59.7788,59.7788,4.3382,27.20,23,,1,,,,,,,
affeb201-d9af-469a-aab9-91b897c55f84,"Wallis Orchard Practical Shooters USPSA March 21, 2021",2021-03-21,6,Stage 6,176ee943-b196-4e2c-9497-850897715c1d,Jun Wu,40,49.37,21,70.25,Carry Optics,,,MINOR,,84.2978,59.2442,4.2994,26.05,20,,4,,,,,,,
affeb201-d9af-469a-aab9-91b897c55f84,"Wallis Orchard Practical Shooters USPSA March 21, 2021",2021-03-21,6,Stage 6,176ee943-b196-4e2c-9497-850897715c1d,Bo McCown,41,48.95,13,48.95,Open,U,,MINOR,,58.7385,58.7385,4.2627,22.99,15,,7,2,,,,,,
affeb201-d9af-469a-aab9-91b897c55f84,"Wallis Orchard Practical Shooters USPSA March 21, 2021",2021-03-21,6,Stage 6,176ee943-b196-4e2c-9497-850897715c1d,Emmanuel Alcoseba,42,48.51,4,71.99,Limited,C,TY67519,MAJOR,Senior,86.3894,58.2162,4.2248,27.93,22,,2,,,,,,,
affeb201-d9af-469a-aab9-91b897c55f84,"Wallis Orchard Practical Shooters USPSA March 21, 2021",2021-03-21,6,Stage 6,176ee943-b196-4e2c-9497-850897715c1d,Ralph Migrino,43,48.51,22,69.02,Carry Optics,U,,MINOR,Military,82.8234,58.2080,4.2242,23.91,21,,2,,1,,,,,
affeb201-d9af-469a-aab9-91b897c55f84,"Wallis Orchard Practical Shooters USPSA March 21, 2021",2021-03-21,6,Stage 6,176ee943-b196-4e2c-9497-850897715c1d,Paul Beavers,44,47.95,1,100.00,Limited 10,U,TY123776,MAJOR,,120.0000,57.5424,4.1759,27.06,17,,7,,,,,,,
affeb201-d9af-469a-aab9-91b897c55f84,"Wallis Orchard Practical Shooters USPSA March 21, 2021",2021-03-21,6,Stage 6,176ee943-b196-4e2c-9497-850897715c1d,Pat Byrne,45,46.93,2,97.86,Limited 10,B,93921,MAJOR,Super Senior,117.4338,56.3119,4.0866,28.63,21,,3,,,,,,,
affeb201-d9af-469a-aab9-91b897c55f84,"Wallis Orchard Practical Shooters USPSA March 21, 2021",2021-03-21,6,Stage 6,176ee943-b196-4e2c-9497-850897715c1d,MEL RODERO II,46,45.73,14,45.73,Open,G,TY86283,MAJOR,Senior,54.8788,54.8788,3.9826,16.07,20,,1,,3,,,1,,
affeb201-d9af-469a-aab9-91b897c55f84,"Wallis Orchard Practical Shooters USPSA March 21, 2021",2021-03-21,6,Stage 6,176ee943-b196-4e2c-9497-850897715c1d,Tim Yang,47,45.31,23,64.47,Carry Optics,B,A123783,MINOR,,77.3629,54.3703,3.9457,23.57,17,,6,,1,,,,,
affeb201-d9af-469a-aab9-91b897c55f84,"Wallis Orchard Practical Shooters USPSA March 21, 2021",2021-03-21,6,Stage 6,176ee943-b196-4e2c-9497-850897715c1d,Doug Joder,48,45.23,3,62.96,PCC,U,A115020,MAJOR,,75.5490,54.2780,3.9390,28.18,19,,3,2,,,,,,
affeb201-d9af-469a-aab9-91b897c55f84,"Wallis Orchard Practical Shooters USPSA March 21, 2021",2021-03-21,6,Stage 6,176ee943-b196-4e2c-9497-850897715c1d,Ray Perez,49,45.00,24,64.03,Carry Optics,U,,MINOR,Law Enforcement,76.8354,53.9997,3.9188,28.07,20,,3,1,,,,,,
affeb201-d9af-469a-aab9-91b897c55f84,"Wallis Orchard Practical Shooters USPSA March 21, 2021",2021-03-21,6,Stage 6,176ee943-b196-4e2c-9497-850897715c1d,Nicholas Hauser,50,44.93,25,63.93,Carry Optics,C,A127395,MINOR,,76.7119,53.9128,3.9125,23.77,18,,4,1,1,,,,,
affeb201-d9af-469a-aab9-91b897c55f84,"Wallis Orchard Practical Shooters USPSA March 21, 2021",2021-03-21,6,Stage 6,176ee943-b196-4e2c-9497-850897715c1d,Jason Wilson,51,44.76,3,93.34,Limited 10,U,A94696,MAJOR,,112.0084,53.7103,3.8978,29.76,22,,1,1,,,,,,
affeb201-d9af-469a-aab9-91b897c55f84,"Wallis Orchard Practical Shooters USPSA March 21, 2021",2021-03-21,6,Stage 6,176ee943-b196-4e2c-9497-850897715c1d,AJ Jackson,52,43.36,4,60.35,PCC,A,A81745,MINOR,,72.4246,52.0333,3.7761,29.66,21,,2,1,,,,,,
affeb201-d9af-469a-aab9-91b897c55f84,"Wallis Orchard Practical Shooters USPSA March 21, 2021",2021-03-21,6,Stage 6,176ee943-b196-4e2c-9497-850897715c1d,Matthew Gonzalez,53,42.56,26,60.56,Carry Optics,C,A119810,MINOR,,72.6729,51.0742,3.7065,26.17,20,,2,1,1,,,,,
affeb201-d9af-469a-aab9-91b897c55f84,"Wallis Orchard Practical Shooters USPSA March 21, 2021",2021-03-21,6,Stage 6,176ee943-b196-4e2c-9497-850897715c1d,Adriel Taylor,54,41.76,15,41.76,Open,U,A-104321,MAJOR,,50.1166,50.1166,3.6370,26.67,17,,5,1,1,,,,,
affeb201-d9af-469a-aab9-91b897c55f84,"Wallis Orchard Practical Shooters USPSA March 21, 2021",2021-03-21,6,Stage 6,176ee943-b196-4e2c-9497-850897715c1d,Zachary Ralston,55,39.50,27,56.21,Carry Optics,B,A123081,MINOR,,67.4477,47.4020,3.4400,20.93,19,,2,1,2,,,1,,
affeb201-d9af-469a-aab9-91b897c55f84,"Wallis Orchard Practical Shooters USPSA March 21, 2021",2021-03-21,6,Stage 6,176ee943-b196-4e2c-9497-850897715c1d,Jason Wilson,56,39.20,1,100.00,Revolver,G,A94696,MAJOR,,120.0000,47.0396,3.4137,34.86,23,,1,,,,,,,
affeb201-d9af-469a-aab9-91b897c55f84,"Wallis Orchard Practical Shooters USPSA March 21, 2021",2021-03-21,6,Stage 6,176ee943-b196-4e2c-9497-850897715c1d,James Tonkinson,57,38.86,28,55.29,Carry Optics,B,A123944,MINOR,,66.3536,46.6331,3.3842,24.23,18,,4,,2,,,,,
affeb201-d9af-469a-aab9-91b897c55f84,"Wallis Orchard Practical Shooters USPSA March 21, 2021",2021-03-21,6,Stage 6,176ee943-b196-4e2c-9497-850897715c1d,Joseph Reyes,58,37.72,5,55.97,Limited,C,A127665,MINOR,Super Senior,67.1661,45.2620,3.2847,32.88,18,,6,,,,,,,
affeb201-d9af-469a-aab9-91b897c55f84,"Wallis Orchard Practical Shooters USPSA March 21, 2021",2021-03-21,6,Stage 6,176ee943-b196-4e2c-9497-850897715c1d,Hopper Po,59,37.14,29,52.85,Carry Optics,U,A132909,MINOR,,63.4185,44.5702,3.2345,33.39,18,,6,,,,,,,
affeb201-d9af-469a-aab9-91b897c55f84,"Wallis Orchard Practical Shooters USPSA March 21, 2021",2021-03-21,6,Stage 6,176ee943-b196-4e2c-9497-850897715c1d,Dale Hamm,60,36.26,6,53.80,Limited,C,TY97196,MAJOR,Senior,64.5610,43.5065,3.1573,34.84,18,,4,2,,,,,,
affeb201-d9af-469a-aab9-91b897c55f84,"Wallis Orchard Practical Shooters USPSA March 21, 2021",2021-03-21,6,Stage 6,176ee943-b196-4e2c-9497-850897715c1d,Jack Liu,61,36.13,30,51.41,Carry Optics,U,Ty130790,MINOR,,61.6970,43.3604,3.1467,33.05,18,,4,2,,,,,,
affeb201-d9af-469a-aab9-91b897c55f84,"Wallis Orchard Practical Shooters USPSA March 21, 2021",2021-03-21,6,Stage 6,176ee943-b196-4e2c-9497-850897715c1d,Tom Donahue,62,32.46,16,32.46,Open,C,TY69009,MAJOR,Super Senior,38.9482,38.9482,2.8265,35.38,18,,5,,1,,,,,
affeb201-d9af-469a-aab9-91b897c55f84,"Wallis Orchard Practical Shooters USPSA March 21, 2021",2021-03-21,6,Stage 6,176ee943-b196-4e2c-9497-850897715c1d,Arnold Gee,63,31.08,17,31.08,Open,B,TY103519,MAJOR,Senior,37.2905,37.2905,2.7062,30.67,17,,4,1,2,,,,,
affeb201-d9af-469a-aab9-91b897c55f84,"Wallis Orchard Practical Shooters USPSA March 21, 2021",2021-03-21,6,Stage 6,176ee943-b196-4e2c-9497-850897715c1d,Benjamin Michael,64,30.81,3,49.89,Production,C,A115982,MINOR,,59.8728,36.9708,2.6830,43.98,23,,1,,,,,,,
affeb201-d9af-469a-aab9-91b897c55f84,"Wallis Orchard Practical Shooters USPSA March 21, 2021",2021-03-21,6,Stage 6,176ee943-b196-4e2c-9497-850897715c1d,Ibram Gaunt,65,27.83,4,58.04,Limited 10,U,A130167,MAJOR,,69.6425,33.3950,2.4235,47.04,18,,6,,,,,,,
affeb201-d9af-469a-aab9-91b897c55f84,"Wallis Orchard Practical Shooters USPSA March 21, 2021",2021-03-21,6,Stage 6,176ee943-b196-4e2c-9497-850897715c1d,young david,66,25.19,18,25.19,Open,D,Ty130791,MINOR,,30.2339,30.2339,2.1941,45.12,20,,3,,1,,,,,
affeb201-d9af-469a-aab9-91b897c55f84,"Wallis Orchard Practical Shooters USPSA March 21, 2021",2021-03-21,6,Stage 6,176ee943-b196-4e2c-9497-850897715c1d,Romelio San Jose,67,18.71,31,26.62,Carry Optics,U,A132413,MINOR,,31.9455,22.4512,1.6293,47.26,17,,3,3,1,,,1,,
affeb201-d9af-469a-aab9-91b897c55f84,"Wallis Orchard Practical Shooters USPSA March 21, 2021",2021-03-21,6,Stage 6,176ee943-b196-4e2c-9497-850897715c1d,Bryan Echavez,68,9.06,7,13.44,Limited,U,,MINOR,Junior,16.1336,10.8721,0.7890,49.43,16,,3,,5,,,,,
affeb201-d9af-469a-aab9-91b897c55f84,"Wallis Orchard Practical Shooters USPSA March 21, 2021",2021-03-21,6,Stage 6,176ee943-b196-4e2c-9497-850897715c1d,Leofredo Echavez,69,3.66,8,5.44,Limited,U,,MINOR,,6.5250,4.3971,0.3191,84.62,12,,5,2,5,,,,,
affeb201-d9af-469a-aab9-91b897c55f84,"Wallis Orchard Practical Shooters USPSA March 21, 2021",2021-03-21,6,Stage 6,176ee943-b196-4e2c-9497-850897715c1d,Jerry Bedro,70,0.00,19,0.00,Open,C,A98263,MAJOR,,0.0000,0.0000,,,,,,,,,,,,
affeb201-d9af-469a-aab9-91b897c55f84,"Wallis Orchard Practical Shooters USPSA March 21, 2021",2021-03-21,6,Stage 6,176ee943-b196-4e2c-9497-850897715c1d,Gary Brisco,71,0.00,5,0.00,PCC,C,FY73704,MINOR,Super Senior,0.0000,0.0000,,,,,,,,,,,,
affeb201-d9af-469a-aab9-91b897c55f84,"Wallis Orchard Practical Shooters USPSA March 21, 2021",2021-03-21,6,Stage 6,176ee943-b196-4e2c-9497-850897715c1d,Danny Garza,72,0.00,9,0.00,Limited,D,TY75480,MINOR,,0.0000,0.0000,,,,,,,,,,,,
affeb201-d9af-469a-aab9-91b897c55f84,"Wallis Orchard Practical Shooters USPSA March 21, 2021",2021-03-21,6,Stage 6,176ee943-b196-4e2c-9497-850897715c1d,CARLOS NIEVES,73,0.00,6,0.00,PCC,C,A120418,MINOR,,0.0000,0.0000,,,,,,,,,,,,
affeb201-d9af-469a-aab9-91b897c55f84,"Wallis Orchard Practical Shooters USPSA March 21, 2021",2021-03-21,7,Stage 7,2c0fbddc-48f8-4aea-9bb6-b941bdfd99d9,Bobby Ivester,1,100.00,1,100.00,Open,M,A101336,MAJOR,,110.0000,110.0000,11.5342,8.93,17,,4,1,,,,,,
affeb201-d9af-469a-aab9-91b897c55f84,"Wallis Orchard Practical Shooters USPSA March 21, 2021",2021-03-21,7,Stage 7,2c0fbddc-48f8-4aea-9bb6-b941bdfd99d9,MEL RODERO II,2,91.17,2,91.17,Open,G,TY86283,MAJOR,Senior,100.2867,100.2867,10.5157,9.89,18,,3,1,,,,,,
affeb201-d9af-469a-aab9-91b897c55f84,"Wallis Orchard Practical Shooters USPSA March 21, 2021",2021-03-21,7,Stage 7,2c0fbddc-48f8-4aea-9bb6-b941bdfd99d9,Jason Bright,3,84.51,1,100.00,Carry Optics,B,A93447,MINOR,,110.0000,92.9557,9.7470,10.67,19,,3,,,,,,,
affeb201-d9af-469a-aab9-91b897c55f84,"Wallis Orchard Practical Shooters USPSA March 21, 2021",2021-03-21,7,Stage 7,2c0fbddc-48f8-4aea-9bb6-b941bdfd99d9,Erwin Gonzalez,4,78.88,2,93.35,Carry Optics,U,,MINOR,,102.6825,86.7720,9.0986,11.87,21,,1,,,,,,,
affeb201-d9af-469a-aab9-91b897c55f84,"Wallis Orchard Practical Shooters USPSA March 21, 2021",2021-03-21,7,Stage 7,2c0fbddc-48f8-4aea-9bb6-b941bdfd99d9,Justin Corona,5,78.49,3,78.49,Open,B,L4452,MAJOR,,86.3419,86.3419,9.0535,12.15,22,,,,,,,,,
affeb201-d9af-469a-aab9-91b897c55f84,"Wallis Orchard Practical Shooters USPSA March 21, 2021",2021-03-21,7,Stage 7,2c0fbddc-48f8-4aea-9bb6-b941bdfd99d9,Jan Pacleb,6,78.35,4,78.35,Open,A,A79326,MAJOR,,86.1817,86.1817,9.0367,11.73,18,,4,,,,,,,
affeb201-d9af-469a-aab9-91b897c55f84,"Wallis Orchard Practical Shooters USPSA March 21, 2021",2021-03-21,7,Stage 7,2c0fbddc-48f8-4aea-9bb6-b941bdfd99d9,Duane Mendoza,7,77.64,1,100.00,Limited,X,X,MAJOR,,110.0000,85.4044,8.9552,12.06,20,,2,,,,,,,
affeb201-d9af-469a-aab9-91b897c55f84,"Wallis Orchard Practical Shooters USPSA March 21, 2021",2021-03-21,7,Stage 7,2c0fbddc-48f8-4aea-9bb6-b941bdfd99d9,Tim Yang,8,76.78,3,90.85,Carry Optics,B,A123783,MINOR,,99.9390,84.4536,8.8555,11.97,20,,2,,,,,,,
affeb201-d9af-469a-aab9-91b897c55f84,"Wallis Orchard Practical Shooters USPSA March 21, 2021",2021-03-21,7,Stage 7,2c0fbddc-48f8-4aea-9bb6-b941bdfd99d9,Andrew Whitley,9,76.41,5,76.41,Open,B,TY-106649,MAJOR,,84.0559,84.0559,8.8138,12.14,19,,3,,,,,,,
affeb201-d9af-469a-aab9-91b897c55f84,"Wallis Orchard Practical Shooters USPSA March 21, 2021",2021-03-21,7,Stage 7,2c0fbddc-48f8-4aea-9bb6-b941bdfd99d9,Scott Ragsdale,10,76.20,1,100.00,PCC,A,A91297,MINOR,,110.0000,83.8232,8.7894,12.06,20,,2,,,,,,,
affeb201-d9af-469a-aab9-91b897c55f84,"Wallis Orchard Practical Shooters USPSA March 21, 2021",2021-03-21,7,Stage 7,2c0fbddc-48f8-4aea-9bb6-b941bdfd99d9,AJ Jackson,11,75.46,2,99.02,PCC,A,A81745,MINOR,,108.9212,83.0012,8.7032,11.49,17,,5,,,,,,,
affeb201-d9af-469a-aab9-91b897c55f84,"Wallis Orchard Practical Shooters USPSA March 21, 2021",2021-03-21,7,Stage 7,2c0fbddc-48f8-4aea-9bb6-b941bdfd99d9,Brandon Foss,12,74.09,4,87.67,Carry Optics,A,Fy92765,MINOR,,96.4416,81.4982,8.5456,12.17,19,,3,,,,,,,
affeb201-d9af-469a-aab9-91b897c55f84,"Wallis Orchard Practical Shooters USPSA March 21, 2021",2021-03-21,7,Stage 7,2c0fbddc-48f8-4aea-9bb6-b941bdfd99d9,Kim Tran,13,69.06,6,69.06,Open,B,L4935,MAJOR,Lady,75.9639,75.9639,7.9653,12.68,15,,6,1,,,,,,
affeb201-d9af-469a-aab9-91b897c55f84,"Wallis Orchard Practical Shooters USPSA March 21, 2021",2021-03-21,7,Stage 7,2c0fbddc-48f8-4aea-9bb6-b941bdfd99d9,Michael Whitley,14,67.97,7,67.97,Open,B,A111091,MAJOR,,74.7718,74.7718,7.8403,14.03,22,,,,,,,,,
affeb201-d9af-469a-aab9-91b897c55f84,"Wallis Orchard Practical Shooters USPSA March 21, 2021",2021-03-21,7,Stage 7,2c0fbddc-48f8-4aea-9bb6-b941bdfd99d9,Jeffrey Polk,15,67.63,5,80.03,Carry Optics,B,TY104167,MINOR,,88.0305,74.3903,7.8003,12.82,18,,3,1,,,,,,
affeb201-d9af-469a-aab9-91b897c55f84,"Wallis Orchard Practical Shooters USPSA March 21, 2021",2021-03-21,7,Stage 7,2c0fbddc-48f8-4aea-9bb6-b941bdfd99d9,Bryan Faustino,16,67.35,6,79.70,Carry Optics,D,,MINOR,,87.6727,74.0880,7.7686,12.10,15,,6,1,,,,,,
affeb201-d9af-469a-aab9-91b897c55f84,"Wallis Orchard Practical Shooters USPSA March 21, 2021",2021-03-21,7,Stage 7,2c0fbddc-48f8-4aea-9bb6-b941bdfd99d9,Eric Mccampbell,17,67.28,2,86.65,Limited,B,A14332,MAJOR,Senior,95.3177,74.0050,7.7599,13.66,18,,4,,,,,,,
affeb201-d9af-469a-aab9-91b897c55f84,"Wallis Orchard Practical Shooters USPSA March 21, 2021",2021-03-21,7,Stage 7,2c0fbddc-48f8-4aea-9bb6-b941bdfd99d9,Ryan Alicaya,18,67.22,7,79.54,Carry Optics,C,,MINOR,,87.4989,73.9411,7.7532,12.64,17,,4,1,,,,,,
affeb201-d9af-469a-aab9-91b897c55f84,"Wallis Orchard Practical Shooters USPSA March 21, 2021",2021-03-21,7,Stage 7,2c0fbddc-48f8-4aea-9bb6-b941bdfd99d9,August Balagtas,19,67.09,8,67.09,Open,M,L3674,MAJOR,,73.7971,73.7971,7.7381,11.76,17,,4,,1,,,,,
affeb201-d9af-469a-aab9-91b897c55f84,"Wallis Orchard Practical Shooters USPSA March 21, 2021",2021-03-21,7,Stage 7,2c0fbddc-48f8-4aea-9bb6-b941bdfd99d9,Wade Pruetz,20,66.74,9,66.74,Open,A,Ty79055,MAJOR,,73.4147,73.4147,7.6980,13.51,18,,3,1,,,,,,
affeb201-d9af-469a-aab9-91b897c55f84,"Wallis Orchard Practical Shooters USPSA March 21, 2021",2021-03-21,7,Stage 7,2c0fbddc-48f8-4aea-9bb6-b941bdfd99d9,Waldo Samano,21,66.69,8,78.92,Carry Optics,M,TY87973,MINOR,,86.8116,73.3604,7.6923,13.00,18,,3,1,,,,,,
affeb201-d9af-469a-aab9-91b897c55f84,"Wallis Orchard Practical Shooters USPSA March 21, 2021",2021-03-21,7,Stage 7,2c0fbddc-48f8-4aea-9bb6-b941bdfd99d9,Mengyu Yue,22,64.63,3,84.81,PCC,B,TY109190,MINOR,,93.2911,71.0906,7.4543,14.22,20,,2,,,,,,,
affeb201-d9af-469a-aab9-91b897c55f84,"Wallis Orchard Practical Shooters USPSA March 21, 2021",2021-03-21,7,Stage 7,2c0fbddc-48f8-4aea-9bb6-b941bdfd99d9,Adam Weinstein,23,64.46,10,64.46,Open,U,,MINOR,,70.9008,70.9008,7.4344,13.72,18,,4,,,,,,,
affeb201-d9af-469a-aab9-91b897c55f84,"Wallis Orchard Practical Shooters USPSA March 21, 2021",2021-03-21,7,Stage 7,2c0fbddc-48f8-4aea-9bb6-b941bdfd99d9,Doug Joder,24,61.47,4,80.67,PCC,U,A115020,MAJOR,,88.7356,67.6192,7.0903,14.95,18,,4,,,,,,,
affeb201-d9af-469a-aab9-91b897c55f84,"Wallis Orchard Practical Shooters USPSA March 21, 2021",2021-03-21,7,Stage 7,2c0fbddc-48f8-4aea-9bb6-b941bdfd99d9,Jim Havens,25,60.30,9,71.35,Carry Optics,A,a114636,MINOR,,78.4863,66.3250,6.9546,13.66,21,,,,1,,,,,
affeb201-d9af-469a-aab9-91b897c55f84,"Wallis Orchard Practical Shooters USPSA March 21, 2021",2021-03-21,7,Stage 7,2c0fbddc-48f8-4aea-9bb6-b941bdfd99d9,Matt Lem,26,59.60,10,70.53,Carry Optics,A,FY34763,MINOR,,77.5835,65.5621,6.8746,15.71,21,,1,,,,,,,
affeb201-d9af-469a-aab9-91b897c55f84,"Wallis Orchard Practical Shooters USPSA March 21, 2021",2021-03-21,7,Stage 7,2c0fbddc-48f8-4aea-9bb6-b941bdfd99d9,Arnold Gee,27,58.36,11,58.36,Open,B,TY103519,MAJOR,Senior,64.1907,64.1907,6.7308,15.60,19,,2,1,,,,,,
affeb201-d9af-469a-aab9-91b897c55f84,"Wallis Orchard Practical Shooters USPSA March 21, 2021",2021-03-21,7,Stage 7,2c0fbddc-48f8-4aea-9bb6-b941bdfd99d9,Roman Gwiscz,28,58.34,11,69.04,Carry Optics,A,L4670,MINOR,,75.9403,64.1735,6.7290,16.05,21,,1,,,,,,,
affeb201-d9af-469a-aab9-91b897c55f84,"Wallis Orchard Practical Shooters USPSA March 21, 2021",2021-03-21,7,Stage 7,2c0fbddc-48f8-4aea-9bb6-b941bdfd99d9,Ridong Wen,29,55.93,12,66.19,Carry Optics,U,A99651,MINOR,,72.8097,61.5280,6.4516,16.43,20,,2,,,,,,,
affeb201-d9af-469a-aab9-91b897c55f84,"Wallis Orchard Practical Shooters USPSA March 21, 2021",2021-03-21,7,Stage 7,2c0fbddc-48f8-4aea-9bb6-b941bdfd99d9,Albert Montanez,30,55.77,12,55.77,Open,M,TY101554,MAJOR,,61.3449,61.3449,6.4324,16.79,20,,2,,,,,,,
affeb201-d9af-469a-aab9-91b897c55f84,"Wallis Orchard Practical Shooters USPSA March 21, 2021",2021-03-21,7,Stage 7,2c0fbddc-48f8-4aea-9bb6-b941bdfd99d9,Nicholas Hauser,31,55.54,13,65.72,Carry Optics,C,A127395,MINOR,,72.2962,61.0941,6.4061,15.61,18,,3,1,,,,,,
affeb201-d9af-469a-aab9-91b897c55f84,"Wallis Orchard Practical Shooters USPSA March 21, 2021",2021-03-21,7,Stage 7,2c0fbddc-48f8-4aea-9bb6-b941bdfd99d9,John Brunkhorst,32,54.97,14,65.05,Carry Optics,B,A116144,MINOR,,71.5513,60.4646,6.3401,10.41,18,,2,,2,,,1,,
affeb201-d9af-469a-aab9-91b897c55f84,"Wallis Orchard Practical Shooters USPSA March 21, 2021",2021-03-21,7,Stage 7,2c0fbddc-48f8-4aea-9bb6-b941bdfd99d9,Marlon Poralan,33,54.38,15,64.35,Carry Optics,C,Ty66330,MINOR,Law Enforcement,70.7896,59.8209,6.2726,16.58,19,,3,,,,,,,
affeb201-d9af-469a-aab9-91b897c55f84,"Wallis Orchard Practical Shooters USPSA March 21, 2021",2021-03-21,7,Stage 7,2c0fbddc-48f8-4aea-9bb6-b941bdfd99d9,Robert Bui,34,53.16,16,62.91,Carry Optics,C,A103016,MINOR,,69.1972,58.4752,6.1315,17.94,22,,,,,,,,,
affeb201-d9af-469a-aab9-91b897c55f84,"Wallis Orchard Practical Shooters USPSA March 21, 2021",2021-03-21,7,Stage 7,2c0fbddc-48f8-4aea-9bb6-b941bdfd99d9,Zachary Ralston,35,52.92,17,62.63,Carry Optics,B,A123081,MINOR,,68.8902,58.2158,6.1043,18.02,22,,,,,,,,,
affeb201-d9af-469a-aab9-91b897c55f84,"Wallis Orchard Practical Shooters USPSA March 21, 2021",2021-03-21,7,Stage 7,2c0fbddc-48f8-4aea-9bb6-b941bdfd99d9,Gary Wu,36,52.87,1,100.00,Production,B,L2998,MINOR,,110.0000,58.1519,6.0976,18.04,22,,,,,,,,,
affeb201-d9af-469a-aab9-91b897c55f84,"Wallis Orchard Practical Shooters USPSA March 21, 2021",2021-03-21,7,Stage 7,2c0fbddc-48f8-4aea-9bb6-b941bdfd99d9,Matthew Gonzalez,37,52.75,18,62.42,Carry Optics,C,A119810,MINOR,,68.6623,58.0232,6.0841,18.08,22,,,,,,,,,
affeb201-d9af-469a-aab9-91b897c55f84,"Wallis Orchard Practical Shooters USPSA March 21, 2021",2021-03-21,7,Stage 7,2c0fbddc-48f8-4aea-9bb6-b941bdfd99d9,Ray Perez,38,52.70,19,62.37,Carry Optics,U,,MINOR,Law Enforcement,68.6047,57.9745,6.0790,16.45,18,,3,1,,,,,,
affeb201-d9af-469a-aab9-91b897c55f84,"Wallis Orchard Practical Shooters USPSA March 21, 2021",2021-03-21,7,Stage 7,2c0fbddc-48f8-4aea-9bb6-b941bdfd99d9,Mike Junco,39,51.74,20,61.23,Carry Optics,A,FY34819,MINOR,,67.3509,56.9150,5.9679,13.07,19,,1,,2,,,,,
affeb201-d9af-469a-aab9-91b897c55f84,"Wallis Orchard Practical Shooters USPSA March 21, 2021",2021-03-21,7,Stage 7,2c0fbddc-48f8-4aea-9bb6-b941bdfd99d9,Vinh Lam,40,50.86,3,65.51,Limited,A,TY101025,MAJOR,,72.0579,55.9461,5.8663,14.66,14,,6,1,1,,,,,
affeb201-d9af-469a-aab9-91b897c55f84,"Wallis Orchard Practical Shooters USPSA March 21, 2021",2021-03-21,7,Stage 7,2c0fbddc-48f8-4aea-9bb6-b941bdfd99d9,James Karchut,41,50.83,13,50.83,Open,U,,MINOR,,55.9098,55.9098,5.8625,17.74,19,,3,,,,,,,
affeb201-d9af-469a-aab9-91b897c55f84,"Wallis Orchard Practical Shooters USPSA March 21, 2021",2021-03-21,7,Stage 7,2c0fbddc-48f8-4aea-9bb6-b941bdfd99d9,Antonio Tormis,42,49.89,21,59.04,Carry Optics,C,A124958,MINOR,,64.9471,54.8837,5.7549,14.77,17,,3,1,1,,,,,
affeb201-d9af-469a-aab9-91b897c55f84,"Wallis Orchard Practical Shooters USPSA March 21, 2021",2021-03-21,7,Stage 7,2c0fbddc-48f8-4aea-9bb6-b941bdfd99d9,Janice Pacleb,43,49.40,14,49.40,Open,B,Ty75597,MAJOR,Lady,54.3448,54.3448,5.6984,14.39,12,,7,2,1,,,,,
affeb201-d9af-469a-aab9-91b897c55f84,"Wallis Orchard Practical Shooters USPSA March 21, 2021",2021-03-21,7,Stage 7,2c0fbddc-48f8-4aea-9bb6-b941bdfd99d9,James Tonkinson,44,48.45,22,57.34,Carry Optics,B,A123944,MINOR,,63.0703,53.2977,5.5886,16.82,15,,6,1,,,,,,
affeb201-d9af-469a-aab9-91b897c55f84,"Wallis Orchard Practical Shooters USPSA March 21, 2021",2021-03-21,7,Stage 7,2c0fbddc-48f8-4aea-9bb6-b941bdfd99d9,Adriel Taylor,45,47.45,15,47.45,Open,U,A-104321,MAJOR,,52.2000,52.2000,5.4735,11.51,13,,7,,2,,,1,,
affeb201-d9af-469a-aab9-91b897c55f84,"Wallis Orchard Practical Shooters USPSA March 21, 2021",2021-03-21,7,Stage 7,2c0fbddc-48f8-4aea-9bb6-b941bdfd99d9,Emmanuel Alcoseba,46,47.15,4,60.73,Limited,C,TY67519,MAJOR,Senior,66.7982,51.8624,5.4381,19.86,20,,2,,,,,,,
affeb201-d9af-469a-aab9-91b897c55f84,"Wallis Orchard Practical Shooters USPSA March 21, 2021",2021-03-21,7,Stage 7,2c0fbddc-48f8-4aea-9bb6-b941bdfd99d9,Ralph Migrino,47,46.45,23,54.97,Carry Optics,U,,MINOR,Military,60.4690,51.0994,5.3581,19.41,19,,3,,,,,,,
affeb201-d9af-469a-aab9-91b897c55f84,"Wallis Orchard Practical Shooters USPSA March 21, 2021",2021-03-21,7,Stage 7,2c0fbddc-48f8-4aea-9bb6-b941bdfd99d9,Garrick Gonzalez,48,45.39,24,53.71,Carry Optics,B,A119804,MINOR,,59.0808,49.9264,5.2351,20.63,21,,1,,,,,,,
affeb201-d9af-469a-aab9-91b897c55f84,"Wallis Orchard Practical Shooters USPSA March 21, 2021",2021-03-21,7,Stage 7,2c0fbddc-48f8-4aea-9bb6-b941bdfd99d9,Jon Baguio,49,44.44,25,52.59,Carry Optics,C,X,MINOR,,57.8451,48.8821,5.1256,19.51,17,,5,,,,,,,
affeb201-d9af-469a-aab9-91b897c55f84,"Wallis Orchard Practical Shooters USPSA March 21, 2021",2021-03-21,7,Stage 7,2c0fbddc-48f8-4aea-9bb6-b941bdfd99d9,young david,50,44.13,16,44.13,Open,D,Ty130791,MINOR,,48.5483,48.5483,5.0906,20.43,19,,3,,,,,,,
affeb201-d9af-469a-aab9-91b897c55f84,"Wallis Orchard Practical Shooters USPSA March 21, 2021",2021-03-21,7,Stage 7,2c0fbddc-48f8-4aea-9bb6-b941bdfd99d9,Jason Wilson,51,44.09,1,100.00,Limited 10,U,A94696,MAJOR,,110.0000,48.4997,5.0855,21.63,22,,,,,,,,,
affeb201-d9af-469a-aab9-91b897c55f84,"Wallis Orchard Practical Shooters USPSA March 21, 2021",2021-03-21,7,Stage 7,2c0fbddc-48f8-4aea-9bb6-b941bdfd99d9,Pat Byrne,52,42.47,2,96.33,Limited 10,B,93921,MAJOR,Super Senior,105.9595,46.7182,4.8987,21.23,18,,3,1,,,,,,
affeb201-d9af-469a-aab9-91b897c55f84,"Wallis Orchard Practical Shooters USPSA March 21, 2021",2021-03-21,7,Stage 7,2c0fbddc-48f8-4aea-9bb6-b941bdfd99d9,Paul Beavers,53,41.23,3,93.51,Limited 10,U,TY123776,MAJOR,,102.8599,45.3516,4.7554,22.08,17,,5,,,,,,,
affeb201-d9af-469a-aab9-91b897c55f84,"Wallis Orchard Practical Shooters USPSA March 21, 2021",2021-03-21,7,Stage 7,2c0fbddc-48f8-4aea-9bb6-b941bdfd99d9,Jason Wilson,54,40.60,1,100.00,Revolver,G,A94696,MAJOR,,110.0000,44.6640,4.6833,22.42,17,,5,,,,,,,
affeb201-d9af-469a-aab9-91b897c55f84,"Wallis Orchard Practical Shooters USPSA March 21, 2021",2021-03-21,7,Stage 7,2c0fbddc-48f8-4aea-9bb6-b941bdfd99d9,Ramil Villanueva,55,40.34,26,47.74,Carry Optics,D,A110261,MINOR,Junior,52.5161,44.3788,4.6534,21.06,17,,4,1,,,,,,
affeb201-d9af-469a-aab9-91b897c55f84,"Wallis Orchard Practical Shooters USPSA March 21, 2021",2021-03-21,7,Stage 7,2c0fbddc-48f8-4aea-9bb6-b941bdfd99d9,Ricky Wiley,56,39.32,27,46.52,Carry Optics,B,A91320,MINOR,Law Enforcement,51.1765,43.2468,4.5347,16.98,15,,3,3,1,,,,,
affeb201-d9af-469a-aab9-91b897c55f84,"Wallis Orchard Practical Shooters USPSA March 21, 2021",2021-03-21,7,Stage 7,2c0fbddc-48f8-4aea-9bb6-b941bdfd99d9,Dale Hamm,57,36.66,5,47.22,Limited,C,TY97196,MAJOR,Senior,51.9427,40.3285,4.2287,20.81,16,,4,1,1,,,,,
affeb201-d9af-469a-aab9-91b897c55f84,"Wallis Orchard Practical Shooters USPSA March 21, 2021",2021-03-21,7,Stage 7,2c0fbddc-48f8-4aea-9bb6-b941bdfd99d9,Ibram Gaunt,58,36.56,4,82.92,Limited 10,U,A130167,MAJOR,,91.2164,40.2179,4.2171,25.61,20,,2,,,,,,,
affeb201-d9af-469a-aab9-91b897c55f84,"Wallis Orchard Practical Shooters USPSA March 21, 2021",2021-03-21,7,Stage 7,2c0fbddc-48f8-4aea-9bb6-b941bdfd99d9,Jun Wu,59,34.80,28,41.18,Carry Optics,,,MINOR,,45.2933,38.2752,4.0134,26.91,21,,1,,,,,,,
affeb201-d9af-469a-aab9-91b897c55f84,"Wallis Orchard Practical Shooters USPSA March 21, 2021",2021-03-21,7,Stage 7,2c0fbddc-48f8-4aea-9bb6-b941bdfd99d9,Jack Liu,60,32.88,29,38.91,Carry Optics,U,Ty130790,MINOR,,42.7958,36.1647,3.7921,28.48,21,,1,,,,,,,
affeb201-d9af-469a-aab9-91b897c55f84,"Wallis Orchard Practical Shooters USPSA March 21, 2021",2021-03-21,7,Stage 7,2c0fbddc-48f8-4aea-9bb6-b941bdfd99d9,Bo McCown,61,31.66,17,31.66,Open,U,,MINOR,,34.8257,34.8257,3.6517,24.92,19,,2,,1,,,,,
affeb201-d9af-469a-aab9-91b897c55f84,"Wallis Orchard Practical Shooters USPSA March 21, 2021",2021-03-21,7,Stage 7,2c0fbddc-48f8-4aea-9bb6-b941bdfd99d9,Benjamin Michael,62,30.67,2,58.02,Production,C,A115982,MINOR,,63.8251,33.7414,3.5380,24.59,18,,2,1,1,,,,,
affeb201-d9af-469a-aab9-91b897c55f84,"Wallis Orchard Practical Shooters USPSA March 21, 2021",2021-03-21,7,Stage 7,2c0fbddc-48f8-4aea-9bb6-b941bdfd99d9,Tom Donahue,63,29.76,18,29.76,Open,C,TY69009,MAJOR,Super Senior,32.7410,32.7410,3.4331,20.39,20,,,,2,,,1,,
affeb201-d9af-469a-aab9-91b897c55f84,"Wallis Orchard Practical Shooters USPSA March 21, 2021",2021-03-21,7,Stage 7,2c0fbddc-48f8-4aea-9bb6-b941bdfd99d9,Joseph Reyes,64,28.35,6,36.52,Limited,C,A127665,MINOR,Super Senior,40.1715,31.1893,3.2704,31.80,19,,3,,,,,,,
affeb201-d9af-469a-aab9-91b897c55f84,"Wallis Orchard Practical Shooters USPSA March 21, 2021",2021-03-21,7,Stage 7,2c0fbddc-48f8-4aea-9bb6-b941bdfd99d9,Eric Wu,65,25.97,3,49.12,Production,C,,MINOR,,54.0313,28.5638,2.9951,16.36,13,,4,2,3,,,,,
affeb201-d9af-469a-aab9-91b897c55f84,"Wallis Orchard Practical Shooters USPSA March 21, 2021",2021-03-21,7,Stage 7,2c0fbddc-48f8-4aea-9bb6-b941bdfd99d9,Bryan Echavez,66,17.42,7,22.44,Limited,U,,MINOR,Junior,24.6834,19.1643,2.0095,52.75,20,,2,,,,,,,
affeb201-d9af-469a-aab9-91b897c55f84,"Wallis Orchard Practical Shooters USPSA March 21, 2021",2021-03-21,7,Stage 7,2c0fbddc-48f8-4aea-9bb6-b941bdfd99d9,Hopper Po,67,17.21,30,20.36,Carry Optics,U,A132909,MINOR,,22.3995,18.9288,1.9848,30.23,16,,3,1,2,,,1,,
affeb201-d9af-469a-aab9-91b897c55f84,"Wallis Orchard Practical Shooters USPSA March 21, 2021",2021-03-21,7,Stage 7,2c0fbddc-48f8-4aea-9bb6-b941bdfd99d9,Leofredo Echavez,68,16.54,8,21.31,Limited,U,,MINOR,,23.4367,18.1963,1.9080,52.41,17,,5,,,,,,,
affeb201-d9af-469a-aab9-91b897c55f84,"Wallis Orchard Practical Shooters USPSA March 21, 2021",2021-03-21,7,Stage 7,2c0fbddc-48f8-4aea-9bb6-b941bdfd99d9,Romelio San Jose,69,6.35,31,7.51,Carry Optics,U,A132413,MINOR,,8.2599,6.9800,0.7319,36.89,13,,4,,5,,,,,
affeb201-d9af-469a-aab9-91b897c55f84,"Wallis Orchard Practical Shooters USPSA March 21, 2021",2021-03-21,7,Stage 7,2c0fbddc-48f8-4aea-9bb6-b941bdfd99d9,Jerry Bedro,70,0.00,19,0.00,Open,C,A98263,MAJOR,,0.0000,0.0000,,,,,,,,,,,,
affeb201-d9af-469a-aab9-91b897c55f84,"Wallis Orchard Practical Shooters USPSA March 21, 2021",2021-03-21,7,Stage 7,2c0fbddc-48f8-4aea-9bb6-b941bdfd99d9,Gary Brisco,71,0.00,5,0.00,PCC,C,FY73704,MINOR,Super Senior,0.0000,0.0000,,,,,,,,,,,,
affeb201-d9af-469a-aab9-91b897c55f84,"Wallis Orchard Practical Shooters USPSA March 21, 2021",2021-03-21,7,Stage 7,2c0fbddc-48f8-4aea-9bb6-b941bdfd99d9,Danny Garza,72,0.00,9,0.00,Limited,D,TY75480,MINOR,,0.0000,0.0000,,,,,,,,,,,,
affeb201-d9af-469a-aab9-91b897c55f84,"Wallis Orchard Practical Shooters USPSA March 21, 2021",2021-03-21,7,Stage 7,2c0fbddc-48f8-4aea-9bb6-b941bdfd99d9,CARLOS NIEVES,73,0.00,6,0.00,PCC,C,A120418,MINOR,,0.0000,0.0000,,,,,,,,,,,,
