match_id,match_name,match_date,stage_number,stage_name,stage_uuid,shooter_name,shooter_rank_combined,shooter_percent_combined,shooter_rank_division,shooter_percent_division,division,class,member_number,power_factor,categories,stage_points,stage_points_combined,hit_factor,time,A,B,C,D,M,NPM,NS,Proc,Apen
c8a7b035-fc96-4881-81e0-65ce812d29c5,BAPS USPSA August,2019-08-17,1,Red,14400F21-C66C-4450-8420-9B7ACE55C674,Wade Pruetz,1,100.00,1,100.00,PCC,M,TY79055,MINOR,,160.0000,160.0000,13.2316,11.79,30,,2,,,,,,
c8a7b035-fc96-4881-81e0-65ce812d29c5,BAPS USPSA August,2019-08-17,1,Red,14400F21-C66C-4450-8420-9B7ACE55C674,Scott Ragsdale,2,95.25,2,95.25,PCC,B,A91297,MINOR,,152.4061,152.4061,12.6036,12.06,28,,4,,,,,,
c8a7b035-fc96-4881-81e0-65ce812d29c5,BAPS USPSA August,2019-08-17,1,Red,14400F21-C66C-4450-8420-9B7ACE55C674,Bobby Ivester,3,90.67,1,100.00,Open,A,A101336,MAJOR,,160.0000,145.0685,11.9968,12.67,24,,8,,,,,,
c8a7b035-fc96-4881-81e0-65ce812d29c5,BAPS USPSA August,2019-08-17,1,Red,14400F21-C66C-4450-8420-9B7ACE55C674,Paul Van wyk,4,84.69,3,84.69,PCC,M,,MINOR,,135.5083,135.5083,11.2062,11.69,25,,5,1,1,,,,
c8a7b035-fc96-4881-81e0-65ce812d29c5,BAPS USPSA August,2019-08-17,1,Red,14400F21-C66C-4450-8420-9B7ACE55C674,Eric Prehn,5,82.27,4,82.27,PCC,U,TY93797,MINOR,,131.6279,131.6279,10.8853,13.78,27,,5,,,,,,
c8a7b035-fc96-4881-81e0-65ce812d29c5,BAPS USPSA August,2019-08-17,1,Red,14400F21-C66C-4450-8420-9B7ACE55C674,Ogie Delarosa,6,79.52,2,87.71,Open,A,TY52066,MAJOR,,140.3321,127.2360,10.5221,12.45,21,,8,2,1,,,,
c8a7b035-fc96-4881-81e0-65ce812d29c5,BAPS USPSA August,2019-08-17,1,Red,14400F21-C66C-4450-8420-9B7ACE55C674,Chev Jacot,7,74.96,5,74.96,PCC,B,A72378,MINOR,,119.9371,119.9371,9.9185,14.72,25,,7,,,,,,
c8a7b035-fc96-4881-81e0-65ce812d29c5,BAPS USPSA August,2019-08-17,1,Red,14400F21-C66C-4450-8420-9B7ACE55C674,Randy Goodney,8,74.53,3,82.20,Open,A,A94852,MAJOR,,131.5137,119.2406,9.8609,15.82,28,,4,,,,,,
c8a7b035-fc96-4881-81e0-65ce812d29c5,BAPS USPSA August,2019-08-17,1,Red,14400F21-C66C-4450-8420-9B7ACE55C674,Duane Mendoza,9,72.91,4,80.41,Open,C,TY98162,MAJOR,,128.6636,116.6565,9.6472,13.89,20,,11,,1,,,,
c8a7b035-fc96-4881-81e0-65ce812d29c5,BAPS USPSA August,2019-08-17,1,Red,14400F21-C66C-4450-8420-9B7ACE55C674,Adam Weinstein,10,69.35,6,69.35,PCC,,A111998,MINOR,,110.9647,110.9647,9.1765,17.00,30,,2,,,,,,
c8a7b035-fc96-4881-81e0-65ce812d29c5,BAPS USPSA August,2019-08-17,1,Red,14400F21-C66C-4450-8420-9B7ACE55C674,Tony Phan,11,67.86,1,100.00,Carry Optics,A,FY11963,MINOR,,160.0000,108.5776,8.9791,16.26,26,,5,1,,,,,
c8a7b035-fc96-4881-81e0-65ce812d29c5,BAPS USPSA August,2019-08-17,1,Red,14400F21-C66C-4450-8420-9B7ACE55C674,Christopher Zak,12,66.59,7,66.59,PCC,U,L4616,MINOR,,106.5461,106.5461,8.8111,16.57,25,,7,,,,,,
c8a7b035-fc96-4881-81e0-65ce812d29c5,BAPS USPSA August,2019-08-17,1,Red,14400F21-C66C-4450-8420-9B7ACE55C674,Alex Goben,13,66.05,2,97.34,Carry Optics,A,A86498,MINOR,,155.7412,105.6876,8.7401,17.62,29,,3,,,,,,
c8a7b035-fc96-4881-81e0-65ce812d29c5,BAPS USPSA August,2019-08-17,1,Red,14400F21-C66C-4450-8420-9B7ACE55C674,Jay-R Delos-Santos,14,64.41,3,94.92,Carry Optics,B,A70297,MINOR,,151.8673,103.0587,8.5227,17.60,27,,5,,,,,,
c8a7b035-fc96-4881-81e0-65ce812d29c5,BAPS USPSA August,2019-08-17,1,Red,14400F21-C66C-4450-8420-9B7ACE55C674,Paul Felker,15,64.36,4,94.84,Carry Optics,A,A107123,MINOR,,151.7390,102.9717,8.5155,17.38,26,,6,,,,,,
c8a7b035-fc96-4881-81e0-65ce812d29c5,BAPS USPSA August,2019-08-17,1,Red,14400F21-C66C-4450-8420-9B7ACE55C674,Gerrit Milks,16,62.82,8,62.82,PCC,A,A67608,MINOR,Super Senior,100.5049,100.5049,8.3115,15.28,23,,7,1,1,,,,
c8a7b035-fc96-4881-81e0-65ce812d29c5,BAPS USPSA August,2019-08-17,1,Red,14400F21-C66C-4450-8420-9B7ACE55C674,Mark Meyers,17,62.29,9,62.29,PCC,,A50232,MINOR,,99.6572,99.6572,8.2414,17.23,23,,9,,,,,,
c8a7b035-fc96-4881-81e0-65ce812d29c5,BAPS USPSA August,2019-08-17,1,Red,14400F21-C66C-4450-8420-9B7ACE55C674,Bob Zweck,18,62.25,5,68.66,Open,B,A94853,MAJOR,,109.8573,99.6052,8.2371,19.06,29,,3,,,,,,
c8a7b035-fc96-4881-81e0-65ce812d29c5,BAPS USPSA August,2019-08-17,1,Red,14400F21-C66C-4450-8420-9B7ACE55C674,Jay Bennett,19,61.37,5,90.43,Carry Optics,B,A77156,MINOR,Senior,144.6862,98.1856,8.1197,18.72,28,,4,,,,,,
c8a7b035-fc96-4881-81e0-65ce812d29c5,BAPS USPSA August,2019-08-17,1,Red,14400F21-C66C-4450-8420-9B7ACE55C674,Dario Belarmino,20,59.68,10,59.68,PCC,U,,MINOR,,95.4829,95.4829,7.8962,17.73,23,,8,1,,,,,
c8a7b035-fc96-4881-81e0-65ce812d29c5,BAPS USPSA August,2019-08-17,1,Red,14400F21-C66C-4450-8420-9B7ACE55C674,Chris Peterson,21,55.68,1,100.00,Production,U,,MINOR,,160.0000,89.0946,7.3679,20.63,28,,4,,,,,,
c8a7b035-fc96-4881-81e0-65ce812d29c5,BAPS USPSA August,2019-08-17,1,Red,14400F21-C66C-4450-8420-9B7ACE55C674,Steven McNamara,22,55.12,6,60.80,Open,B,A75212,MAJOR,,97.2753,88.1973,7.2937,20.84,24,,8,,,,,,
c8a7b035-fc96-4881-81e0-65ce812d29c5,BAPS USPSA August,2019-08-17,1,Red,14400F21-C66C-4450-8420-9B7ACE55C674,Waldo Samano,23,54.68,1,100.00,Limited,B,,MAJOR,,160.0000,87.4936,7.2355,20.04,19,,12,1,,,,,
c8a7b035-fc96-4881-81e0-65ce812d29c5,BAPS USPSA August,2019-08-17,1,Red,14400F21-C66C-4450-8420-9B7ACE55C674,Ryan Alicaya,24,54.42,6,80.19,Carry Optics,,,MINOR,,128.2979,87.0643,7.2000,18.75,26,,5,,1,,,,
c8a7b035-fc96-4881-81e0-65ce812d29c5,BAPS USPSA August,2019-08-17,1,Red,14400F21-C66C-4450-8420-9B7ACE55C674,Arnold Gee,25,54.35,2,99.39,Limited,C,TY103519,MINOR,,159.0204,86.9579,7.1912,19.19,21,,11,,,,,,
c8a7b035-fc96-4881-81e0-65ce812d29c5,BAPS USPSA August,2019-08-17,1,Red,14400F21-C66C-4450-8420-9B7ACE55C674,Derek Rabuck,26,53.05,7,58.51,Open,X,A91331,MAJOR,,93.6170,84.8804,7.0194,19.09,20,,11,,1,,,,
c8a7b035-fc96-4881-81e0-65ce812d29c5,BAPS USPSA August,2019-08-17,1,Red,14400F21-C66C-4450-8420-9B7ACE55C674,Pat Byrne,27,51.95,3,95.01,Limited,C,TY93921,MAJOR,,152.0083,83.1234,6.8741,21.53,22,,9,1,,,,,
c8a7b035-fc96-4881-81e0-65ce812d29c5,BAPS USPSA August,2019-08-17,1,Red,14400F21-C66C-4450-8420-9B7ACE55C674,Mike Kahl,28,51.91,2,93.23,Production,B,,MINOR,,149.1681,83.0630,6.8691,20.09,22,,9,1,,,,,
c8a7b035-fc96-4881-81e0-65ce812d29c5,BAPS USPSA August,2019-08-17,1,Red,14400F21-C66C-4450-8420-9B7ACE55C674,Albert Calderon,29,51.64,8,56.96,Open,B,A74721,MAJOR,,91.1350,82.6301,6.8333,18.00,23,,7,,2,,,,
c8a7b035-fc96-4881-81e0-65ce812d29c5,BAPS USPSA August,2019-08-17,1,Red,14400F21-C66C-4450-8420-9B7ACE55C674,Kristen Day,30,51.00,4,93.27,Limited,U,TY1221933,MAJOR,Lady,149.2242,81.6010,6.7482,20.45,20,,12,,,,1,,
c8a7b035-fc96-4881-81e0-65ce812d29c5,BAPS USPSA August,2019-08-17,1,Red,14400F21-C66C-4450-8420-9B7ACE55C674,Jay Olmstead,31,50.11,11,50.11,PCC,B,L3738,MINOR,Super Senior,80.1814,80.1814,6.6308,22.32,26,,6,,,,,,
c8a7b035-fc96-4881-81e0-65ce812d29c5,BAPS USPSA August,2019-08-17,1,Red,14400F21-C66C-4450-8420-9B7ACE55C674,Olayemi Bakare,32,49.83,3,89.48,Production,B,,MINOR,,143.1702,79.7231,6.5929,20.78,27,,4,,1,,,,
c8a7b035-fc96-4881-81e0-65ce812d29c5,BAPS USPSA August,2019-08-17,1,Red,14400F21-C66C-4450-8420-9B7ACE55C674,Angela Rabuck,33,49.59,12,49.59,PCC,C,A91275,MINOR,Lady,79.3410,79.3410,6.5613,20.88,27,,4,,1,,,,
c8a7b035-fc96-4881-81e0-65ce812d29c5,BAPS USPSA August,2019-08-17,1,Red,14400F21-C66C-4450-8420-9B7ACE55C674,Michael Henss,34,48.45,5,88.60,Limited,C,A59966,MINOR,Military,141.7522,77.5150,6.4103,23.40,27,,5,,,,,,
c8a7b035-fc96-4881-81e0-65ce812d29c5,BAPS USPSA August,2019-08-17,1,Red,14400F21-C66C-4450-8420-9B7ACE55C674,Mike Michaelis,35,46.64,4,83.75,Production,,,MINOR,,134.0062,74.6202,6.1709,25.28,30,,2,,,,,,
c8a7b035-fc96-4881-81e0-65ce812d29c5,BAPS USPSA August,2019-08-17,1,Red,14400F21-C66C-4450-8420-9B7ACE55C674,Nathan Peterson,36,46.39,5,83.31,Production,U,,MINOR,,133.2895,74.2211,6.1379,25.09,29,,3,,,,,,
c8a7b035-fc96-4881-81e0-65ce812d29c5,BAPS USPSA August,2019-08-17,1,Red,14400F21-C66C-4450-8420-9B7ACE55C674,Andrew Whitley,37,46.17,6,84.44,Limited,C,TY106649,MAJOR,,135.0961,73.8753,6.1093,21.77,23,,6,2,1,,,,
c8a7b035-fc96-4881-81e0-65ce812d29c5,BAPS USPSA August,2019-08-17,1,Red,14400F21-C66C-4450-8420-9B7ACE55C674,Ashley Sullivan,38,46.08,6,82.75,Production,C,,MINOR,Lady,132.3927,73.7217,6.0966,25.26,29,,3,,,,,,
c8a7b035-fc96-4881-81e0-65ce812d29c5,BAPS USPSA August,2019-08-17,1,Red,14400F21-C66C-4450-8420-9B7ACE55C674,Jonathan Warrender,39,45.63,7,83.45,Limited,B,ty86145,MAJOR,Military,133.5172,73.0119,6.0379,20.04,27,,4,,1,,2,,
c8a7b035-fc96-4881-81e0-65ce812d29c5,BAPS USPSA August,2019-08-17,1,Red,14400F21-C66C-4450-8420-9B7ACE55C674,Mark Fornesa,40,45.43,13,45.43,PCC,,,MINOR,,72.6830,72.6830,6.0107,24.29,25,,7,,,,,,
c8a7b035-fc96-4881-81e0-65ce812d29c5,BAPS USPSA August,2019-08-17,1,Red,14400F21-C66C-4450-8420-9B7ACE55C674,Ross Apffel,41,44.94,1,100.00,Single Stack,U,L4428,MAJOR,,160.0000,71.8994,5.9459,20.35,23,,6,1,2,,,,
c8a7b035-fc96-4881-81e0-65ce812d29c5,BAPS USPSA August,2019-08-17,1,Red,14400F21-C66C-4450-8420-9B7ACE55C674,Glenn Cunningham,42,44.54,14,44.54,PCC,C,A78280,MINOR,,71.2658,71.2658,5.8935,21.04,27,,3,,2,,,,
c8a7b035-fc96-4881-81e0-65ce812d29c5,BAPS USPSA August,2019-08-17,1,Red,14400F21-C66C-4450-8420-9B7ACE55C674,Gary Wu,43,44.44,7,79.80,Production,B,L2998,MINOR,,127.6869,71.1013,5.8799,23.81,22,,10,,,,,,
c8a7b035-fc96-4881-81e0-65ce812d29c5,BAPS USPSA August,2019-08-17,1,Red,14400F21-C66C-4450-8420-9B7ACE55C674,Danny Naramore,44,43.46,9,47.93,Open,C,TY96553,MAJOR,,76.6898,69.5329,5.7502,22.26,24,,7,,1,,1,,
c8a7b035-fc96-4881-81e0-65ce812d29c5,BAPS USPSA August,2019-08-17,1,Red,14400F21-C66C-4450-8420-9B7ACE55C674,Jon Baguio,45,43.04,7,63.43,Carry Optics,,,MINOR,,101.4819,68.8667,5.6951,17.91,19,,8,3,2,,,,
c8a7b035-fc96-4881-81e0-65ce812d29c5,BAPS USPSA August,2019-08-17,1,Red,14400F21-C66C-4450-8420-9B7ACE55C674,Benjamin Michael,46,42.84,8,63.13,Carry Optics,X,,MINOR,,101.0061,68.5438,5.6684,18.70,24,,5,1,2,,1,,
c8a7b035-fc96-4881-81e0-65ce812d29c5,BAPS USPSA August,2019-08-17,1,Red,14400F21-C66C-4450-8420-9B7ACE55C674,Bill Kinstley,47,42.49,8,77.71,Limited,C,A104836,MAJOR,,124.3358,67.9912,5.6227,19.03,21,,8,,3,,,,
c8a7b035-fc96-4881-81e0-65ce812d29c5,BAPS USPSA August,2019-08-17,1,Red,14400F21-C66C-4450-8420-9B7ACE55C674,Matt Lem,48,42.40,8,76.15,Production,A,FY34763,MINOR,,121.8344,67.8424,5.6104,16.22,17,,12,,3,,,,
c8a7b035-fc96-4881-81e0-65ce812d29c5,BAPS USPSA August,2019-08-17,1,Red,14400F21-C66C-4450-8420-9B7ACE55C674,Jerry Dueitt,49,42.40,9,76.14,Production,D,ty108354,MINOR,,121.8301,67.8400,5.6102,27.45,29,,3,,,,,,
c8a7b035-fc96-4881-81e0-65ce812d29c5,BAPS USPSA August,2019-08-17,1,Red,14400F21-C66C-4450-8420-9B7ACE55C674,Michael Pontious,50,41.91,10,46.22,Open,U,ty94575,MAJOR,Senior,73.9504,67.0492,5.5448,20.74,17,,12,1,2,,,,
c8a7b035-fc96-4881-81e0-65ce812d29c5,BAPS USPSA August,2019-08-17,1,Red,14400F21-C66C-4450-8420-9B7ACE55C674,John Stokes,51,40.43,10,72.61,Production,U,,MINOR,,116.1796,64.6936,5.3500,24.86,25,,6,,1,,,,
c8a7b035-fc96-4881-81e0-65ce812d29c5,BAPS USPSA August,2019-08-17,1,Red,14400F21-C66C-4450-8420-9B7ACE55C674,Solomon Sandoval,52,40.00,9,73.14,Limited,U,,MINOR,Senior,117.0296,63.9959,5.2923,25.32,21,,9,2,,,,,
c8a7b035-fc96-4881-81e0-65ce812d29c5,BAPS USPSA August,2019-08-17,1,Red,14400F21-C66C-4450-8420-9B7ACE55C674,Robert Hollier,53,39.86,11,71.58,Production,U,FY24941,MINOR,Senior,114.5358,63.7782,5.2743,23.70,21,,10,,1,,,,
c8a7b035-fc96-4881-81e0-65ce812d29c5,BAPS USPSA August,2019-08-17,1,Red,14400F21-C66C-4450-8420-9B7ACE55C674,Emman Alcoseba,54,38.85,10,71.04,Limited,C,Ty67519,MAJOR,,113.6707,62.1591,5.1404,23.15,19,,11,,2,,,,
c8a7b035-fc96-4881-81e0-65ce812d29c5,BAPS USPSA August,2019-08-17,1,Red,14400F21-C66C-4450-8420-9B7ACE55C674,Roman Gwiscz,55,38.60,15,38.60,PCC,U,A56629,MINOR,,61.7576,61.7576,5.1072,15.86,18,,10,1,3,,1,,
c8a7b035-fc96-4881-81e0-65ce812d29c5,BAPS USPSA August,2019-08-17,1,Red,14400F21-C66C-4450-8420-9B7ACE55C674,Dave Campbell,56,37.36,11,41.20,Open,M,TY26527,MAJOR,Senior; Super Senior,65.9202,59.7684,4.9427,13.96,21,,6,,5,,1,,
c8a7b035-fc96-4881-81e0-65ce812d29c5,BAPS USPSA August,2019-08-17,1,Red,14400F21-C66C-4450-8420-9B7ACE55C674,Steve Deardorff,57,37.21,11,68.05,Limited,,TY16844,MAJOR,,108.8721,59.5351,4.9234,21.53,12,,15,3,2,,,,
c8a7b035-fc96-4881-81e0-65ce812d29c5,BAPS USPSA August,2019-08-17,1,Red,14400F21-C66C-4450-8420-9B7ACE55C674,"Jeff Maxwell, Jr",58,37.05,12,67.76,Limited,C,L4489,MAJOR,,108.4166,59.2860,4.9028,23.66,20,,7,4,1,,1,,
c8a7b035-fc96-4881-81e0-65ce812d29c5,BAPS USPSA August,2019-08-17,1,Red,14400F21-C66C-4450-8420-9B7ACE55C674,Richard Dillow,59,36.68,12,40.45,Open,C,TY57446,MINOR,Senior,64.7226,58.6825,4.8529,26.17,22,,9,,1,,,,
c8a7b035-fc96-4881-81e0-65ce812d29c5,BAPS USPSA August,2019-08-17,1,Red,14400F21-C66C-4450-8420-9B7ACE55C674,Stefan Liming,60,36.43,9,53.69,Carry Optics,C,A71566,MINOR,,85.9026,58.2944,4.8208,30.70,26,,4,,,,,,
c8a7b035-fc96-4881-81e0-65ce812d29c5,BAPS USPSA August,2019-08-17,1,Red,14400F21-C66C-4450-8420-9B7ACE55C674,Ethan Hamala,61,35.59,13,65.08,Limited,,8358,MINOR,,104.1266,56.9401,4.7088,32.28,28,,4,,,,,,
c8a7b035-fc96-4881-81e0-65ce812d29c5,BAPS USPSA August,2019-08-17,1,Red,14400F21-C66C-4450-8420-9B7ACE55C674,Mickey Gallaway,62,34.06,14,62.28,Limited,B,A556,MAJOR,Super Senior,99.6443,54.4890,4.5061,28.85,22,,6,3,1,,,,
c8a7b035-fc96-4881-81e0-65ce812d29c5,BAPS USPSA August,2019-08-17,1,Red,14400F21-C66C-4450-8420-9B7ACE55C674,Mick Sambasile,63,33.90,10,49.95,Carry Optics,X,TY47665,MINOR,,79.9207,54.2350,4.4851,27.87,22,,8,1,1,,,,
c8a7b035-fc96-4881-81e0-65ce812d29c5,BAPS USPSA August,2019-08-17,1,Red,14400F21-C66C-4450-8420-9B7ACE55C674,Michelle Lonergan,64,33.85,12,60.79,Production,C,TY84120,MINOR,Lady,97.2586,54.1576,4.4787,26.57,18,,13,,1,,,,
c8a7b035-fc96-4881-81e0-65ce812d29c5,BAPS USPSA August,2019-08-17,1,Red,14400F21-C66C-4450-8420-9B7ACE55C674,Tom Neal,65,33.01,11,48.64,Carry Optics,U,L2362,MINOR,Senior,77.8305,52.8166,4.3678,30.45,26,,4,1,1,,,,
c8a7b035-fc96-4881-81e0-65ce812d29c5,BAPS USPSA August,2019-08-17,1,Red,14400F21-C66C-4450-8420-9B7ACE55C674,Keith Armstrong,66,32.57,1,100.00,Limited 10,,75241,MAJOR,Military,160.0000,52.1189,4.3101,31.09,20,,11,,1,,,,
c8a7b035-fc96-4881-81e0-65ce812d29c5,BAPS USPSA August,2019-08-17,1,Red,14400F21-C66C-4450-8420-9B7ACE55C674,Ron Potier,67,31.98,12,47.13,Carry Optics,D,TY113089,MINOR,,75.4107,51.1745,4.2320,27.41,24,,5,1,2,,,,
c8a7b035-fc96-4881-81e0-65ce812d29c5,BAPS USPSA August,2019-08-17,1,Red,14400F21-C66C-4450-8420-9B7ACE55C674,Corey Arrington,68,31.38,13,56.35,Production,,,MINOR,,90.1576,50.2035,4.1517,25.05,22,,8,,2,,1,,
c8a7b035-fc96-4881-81e0-65ce812d29c5,BAPS USPSA August,2019-08-17,1,Red,14400F21-C66C-4450-8420-9B7ACE55C674,Ralph Burbe,69,31.34,14,56.27,Production,U,,MINOR,,90.0381,50.1369,4.1462,26.53,20,,10,,2,,,,
c8a7b035-fc96-4881-81e0-65ce812d29c5,BAPS USPSA August,2019-08-17,1,Red,14400F21-C66C-4450-8420-9B7ACE55C674,Doug Dillon,70,30.44,15,54.67,Production,B,A71359,MINOR,Law Enforcement,87.4670,48.7052,4.0278,21.60,16,,12,1,3,,,,
c8a7b035-fc96-4881-81e0-65ce812d29c5,BAPS USPSA August,2019-08-17,1,Red,14400F21-C66C-4450-8420-9B7ACE55C674,Mildred Belarmino,71,28.26,16,50.76,Production,U,,MINOR,Lady,81.2128,45.2226,3.7398,37.97,24,,7,1,,,,,
c8a7b035-fc96-4881-81e0-65ce812d29c5,BAPS USPSA August,2019-08-17,1,Red,14400F21-C66C-4450-8420-9B7ACE55C674,Ramil Villanueva,72,28.16,13,41.50,Carry Optics,,,MINOR,,66.3942,45.0558,3.7260,16.64,12,,13,3,4,,,,
c8a7b035-fc96-4881-81e0-65ce812d29c5,BAPS USPSA August,2019-08-17,1,Red,14400F21-C66C-4450-8420-9B7ACE55C674,Nathan Turner,73,27.54,16,27.54,PCC,U,,MINOR,,44.0678,44.0678,3.6443,23.05,20,,8,,4,,,,
c8a7b035-fc96-4881-81e0-65ce812d29c5,BAPS USPSA August,2019-08-17,1,Red,14400F21-C66C-4450-8420-9B7ACE55C674,Jim Ducan,74,27.35,17,49.12,Production,A,,MINOR,Super Senior,78.5874,43.7607,3.6189,35.37,29,,1,,2,,,,
c8a7b035-fc96-4881-81e0-65ce812d29c5,BAPS USPSA August,2019-08-17,1,Red,14400F21-C66C-4450-8420-9B7ACE55C674,Chris Ballard,75,24.71,15,45.18,Limited,,,MAJOR,,72.2880,39.5296,3.2690,37.32,24,,5,1,2,,,,
c8a7b035-fc96-4881-81e0-65ce812d29c5,BAPS USPSA August,2019-08-17,1,Red,14400F21-C66C-4450-8420-9B7ACE55C674,Mike Junco,76,23.30,18,41.85,Production,A,FY107182,MINOR,,66.9542,37.2829,3.0832,17.19,13,,12,2,5,,,,
c8a7b035-fc96-4881-81e0-65ce812d29c5,BAPS USPSA August,2019-08-17,1,Red,14400F21-C66C-4450-8420-9B7ACE55C674,Betty Krumholz,77,23.00,19,41.30,Production,C,TY93665,MINOR,Lady,66.0834,36.7980,3.0431,47.32,24,,8,,,,,,
c8a7b035-fc96-4881-81e0-65ce812d29c5,BAPS USPSA August,2019-08-17,1,Red,14400F21-C66C-4450-8420-9B7ACE55C674,Art Nelson,78,22.84,17,22.84,PCC,,A116323,MINOR,,36.5368,36.5368,3.0215,37.73,22,,8,,2,,,,
c8a7b035-fc96-4881-81e0-65ce812d29c5,BAPS USPSA August,2019-08-17,1,Red,14400F21-C66C-4450-8420-9B7ACE55C674,Chris Nagala,79,22.79,20,40.92,Production,C,TY97712,MINOR,,65.4710,36.4570,3.0149,33.50,23,,5,1,3,,,,
c8a7b035-fc96-4881-81e0-65ce812d29c5,BAPS USPSA August,2019-08-17,1,Red,14400F21-C66C-4450-8420-9B7ACE55C674,Raul Farladansky,80,19.72,16,36.06,Limited,,,MINOR,Super Senior,57.6911,31.5475,2.6089,34.88,18,,10,1,3,,,,
c8a7b035-fc96-4881-81e0-65ce812d29c5,BAPS USPSA August,2019-08-17,1,Red,14400F21-C66C-4450-8420-9B7ACE55C674,Ina Delos santos,81,18.01,14,26.53,Carry Optics,U,,MINOR,,42.4524,28.8086,2.3824,64.64,29,,3,,,,,,
c8a7b035-fc96-4881-81e0-65ce812d29c5,BAPS USPSA August,2019-08-17,1,Red,14400F21-C66C-4450-8420-9B7ACE55C674,Lawney Morales,82,17.61,17,32.20,Limited,D,TY75143,MINOR,,51.5127,28.1689,2.3295,35.63,15,,12,2,3,,,,
c8a7b035-fc96-4881-81e0-65ce812d29c5,BAPS USPSA August,2019-08-17,1,Red,14400F21-C66C-4450-8420-9B7ACE55C674,Terry Jenkins,83,6.40,21,11.49,Production,U,,MINOR,,18.3803,10.2349,0.8464,55.53,16,,8,3,5,,1,,
c8a7b035-fc96-4881-81e0-65ce812d29c5,BAPS USPSA August,2019-08-17,1,Red,14400F21-C66C-4450-8420-9B7ACE55C674,Kz Jenkins jr,84,5.46,22,9.80,Production,U,,MINOR,,15.6810,8.7318,0.7221,72.01,17,,9,,6,,,,
c8a7b035-fc96-4881-81e0-65ce812d29c5,BAPS USPSA August,2019-08-17,2,Orange,34B2D213-8F79-47FB-88B6-31D2589ED244,Scott Ragsdale,1,100.00,1,100.00,PCC,B,A91297,MINOR,,130.0000,130.0000,8.9273,13.89,23,,3,,,,,,
c8a7b035-fc96-4881-81e0-65ce812d29c5,BAPS USPSA August,2019-08-17,2,Orange,34B2D213-8F79-47FB-88B6-31D2589ED244,Duane Mendoza,2,96.73,1,100.00,Open,C,TY98162,MAJOR,,130.0000,125.7479,8.6353,12.97,12,,12,2,,,,,
c8a7b035-fc96-4881-81e0-65ce812d29c5,BAPS USPSA August,2019-08-17,2,Orange,34B2D213-8F79-47FB-88B6-31D2589ED244,Paul Van wyk,3,94.47,2,94.47,PCC,M,,MINOR,,122.8122,122.8122,8.4337,13.28,18,,7,1,,,,,
c8a7b035-fc96-4881-81e0-65ce812d29c5,BAPS USPSA August,2019-08-17,2,Orange,34B2D213-8F79-47FB-88B6-31D2589ED244,Wade Pruetz,4,93.81,3,93.81,PCC,M,TY79055,MINOR,,121.9530,121.9530,8.3747,14.09,20,,6,,,,,,
c8a7b035-fc96-4881-81e0-65ce812d29c5,BAPS USPSA August,2019-08-17,2,Orange,34B2D213-8F79-47FB-88B6-31D2589ED244,Bobby Ivester,5,92.63,2,95.76,Open,A,A101336,MAJOR,,124.4870,120.4152,8.2691,14.27,14,,12,,,,,,
c8a7b035-fc96-4881-81e0-65ce812d29c5,BAPS USPSA August,2019-08-17,2,Orange,34B2D213-8F79-47FB-88B6-31D2589ED244,Ogie Delarosa,6,90.67,3,93.74,Open,A,TY52066,MAJOR,,121.8631,117.8771,8.0948,12.23,13,,10,2,1,,,,
c8a7b035-fc96-4881-81e0-65ce812d29c5,BAPS USPSA August,2019-08-17,2,Orange,34B2D213-8F79-47FB-88B6-31D2589ED244,Chev Jacot,7,87.46,4,87.46,PCC,B,A72378,MINOR,,113.6919,113.6919,7.8074,15.37,21,,5,,,,,,
c8a7b035-fc96-4881-81e0-65ce812d29c5,BAPS USPSA August,2019-08-17,2,Orange,34B2D213-8F79-47FB-88B6-31D2589ED244,Gerrit Milks,8,85.57,5,85.57,PCC,A,A67608,MINOR,Super Senior,111.2382,111.2382,7.6389,14.40,17,,8,1,,,,,
c8a7b035-fc96-4881-81e0-65ce812d29c5,BAPS USPSA August,2019-08-17,2,Orange,34B2D213-8F79-47FB-88B6-31D2589ED244,Alex Goben,9,82.41,1,100.00,Carry Optics,A,A86498,MINOR,,130.0000,107.1390,7.3574,16.31,21,,5,,,,,,
c8a7b035-fc96-4881-81e0-65ce812d29c5,BAPS USPSA August,2019-08-17,2,Orange,34B2D213-8F79-47FB-88B6-31D2589ED244,Randy Goodney,10,80.50,4,83.22,Open,A,A94852,MAJOR,,108.1876,104.6489,7.1864,16.42,18,,6,2,,,,,
c8a7b035-fc96-4881-81e0-65ce812d29c5,BAPS USPSA August,2019-08-17,2,Orange,34B2D213-8F79-47FB-88B6-31D2589ED244,Matt Lem,11,80.46,1,100.00,Production,A,FY34763,MINOR,,130.0000,104.5950,7.1827,16.15,19,,7,,,,,,
c8a7b035-fc96-4881-81e0-65ce812d29c5,BAPS USPSA August,2019-08-17,2,Orange,34B2D213-8F79-47FB-88B6-31D2589ED244,Paul Felker,12,79.12,2,96.00,Carry Optics,A,A107123,MINOR,,124.7982,102.8519,7.0630,16.99,21,,5,,,,,,
c8a7b035-fc96-4881-81e0-65ce812d29c5,BAPS USPSA August,2019-08-17,2,Orange,34B2D213-8F79-47FB-88B6-31D2589ED244,Bob Zweck,13,78.83,5,81.49,Open,B,A94853,MAJOR,,105.9384,102.4733,7.0370,16.20,14,,10,2,,,,,
c8a7b035-fc96-4881-81e0-65ce812d29c5,BAPS USPSA August,2019-08-17,2,Orange,34B2D213-8F79-47FB-88B6-31D2589ED244,Waldo Samano,14,74.94,1,100.00,Limited,B,,MAJOR,,130.0000,97.4188,6.6899,17.19,15,,9,2,,,,,
c8a7b035-fc96-4881-81e0-65ce812d29c5,BAPS USPSA August,2019-08-17,2,Orange,34B2D213-8F79-47FB-88B6-31D2589ED244,Roman Gwiscz,15,73.65,6,73.65,PCC,U,A56629,MINOR,,95.7456,95.7456,6.5750,16.73,18,,6,2,,,,,
c8a7b035-fc96-4881-81e0-65ce812d29c5,BAPS USPSA August,2019-08-17,2,Orange,34B2D213-8F79-47FB-88B6-31D2589ED244,Angela Rabuck,16,72.58,7,72.58,PCC,C,A91275,MINOR,Lady,94.3550,94.3550,6.4795,18.52,21,,5,,,,,,
c8a7b035-fc96-4881-81e0-65ce812d29c5,BAPS USPSA August,2019-08-17,2,Orange,34B2D213-8F79-47FB-88B6-31D2589ED244,Mike Junco,17,69.19,2,85.99,Production,A,FY107182,MINOR,,111.7924,89.9456,6.1767,16.19,12,,13,1,,,,,
c8a7b035-fc96-4881-81e0-65ce812d29c5,BAPS USPSA August,2019-08-17,2,Orange,34B2D213-8F79-47FB-88B6-31D2589ED244,Jay Bennett,18,67.78,3,82.24,Carry Optics,B,A77156,MINOR,Senior,106.9133,88.1122,6.0508,18.51,17,,9,,,,,,
c8a7b035-fc96-4881-81e0-65ce812d29c5,BAPS USPSA August,2019-08-17,2,Orange,34B2D213-8F79-47FB-88B6-31D2589ED244,Michael Pontious,19,67.66,6,69.94,Open,U,ty94575,MAJOR,Senior,90.9276,87.9535,6.0399,17.55,16,,9,,1,,,,
c8a7b035-fc96-4881-81e0-65ce812d29c5,BAPS USPSA August,2019-08-17,2,Orange,34B2D213-8F79-47FB-88B6-31D2589ED244,Glenn Cunningham,20,67.00,8,67.00,PCC,C,A78280,MINOR,,87.1060,87.1060,5.9817,20.73,23,,3,,,,,,
c8a7b035-fc96-4881-81e0-65ce812d29c5,BAPS USPSA August,2019-08-17,2,Orange,34B2D213-8F79-47FB-88B6-31D2589ED244,Adam Weinstein,21,66.49,9,66.49,PCC,,A111998,MINOR,,86.4419,86.4419,5.9361,17.52,15,,9,2,,,,,
c8a7b035-fc96-4881-81e0-65ce812d29c5,BAPS USPSA August,2019-08-17,2,Orange,34B2D213-8F79-47FB-88B6-31D2589ED244,Gary Wu,22,65.28,3,81.13,Production,B,L2998,MINOR,,105.4722,84.8605,5.8275,17.16,16,,10,,,,1,,
c8a7b035-fc96-4881-81e0-65ce812d29c5,BAPS USPSA August,2019-08-17,2,Orange,34B2D213-8F79-47FB-88B6-31D2589ED244,Steven McNamara,23,64.27,7,66.44,Open,B,A75212,MAJOR,,86.3706,83.5455,5.7372,14.99,12,,10,3,1,,1,,
c8a7b035-fc96-4881-81e0-65ce812d29c5,BAPS USPSA August,2019-08-17,2,Orange,34B2D213-8F79-47FB-88B6-31D2589ED244,Danny Naramore,24,63.08,8,65.21,Open,C,TY96553,MAJOR,,84.7718,81.9990,5.6310,19.89,12,,12,2,,,,,
c8a7b035-fc96-4881-81e0-65ce812d29c5,BAPS USPSA August,2019-08-17,2,Orange,34B2D213-8F79-47FB-88B6-31D2589ED244,Jay-R Delos-Santos,25,62.11,4,75.36,Carry Optics,B,A70297,MINOR,,97.9709,80.7423,5.5447,20.56,23,,3,,,,1,,
c8a7b035-fc96-4881-81e0-65ce812d29c5,BAPS USPSA August,2019-08-17,2,Orange,34B2D213-8F79-47FB-88B6-31D2589ED244,Ross Apffel,26,61.54,1,100.00,Single Stack,U,L4428,MAJOR,,130.0000,80.0040,5.4940,19.84,17,,8,1,,,1,,
c8a7b035-fc96-4881-81e0-65ce812d29c5,BAPS USPSA August,2019-08-17,2,Orange,34B2D213-8F79-47FB-88B6-31D2589ED244,Stefan Liming,27,59.32,5,71.98,Carry Optics,C,A71566,MINOR,,93.5712,77.1164,5.2957,22.66,21,,5,,,,,,
c8a7b035-fc96-4881-81e0-65ce812d29c5,BAPS USPSA August,2019-08-17,2,Orange,34B2D213-8F79-47FB-88B6-31D2589ED244,Tony Phan,28,59.30,6,71.95,Carry Optics,A,FY11963,MINOR,,93.5377,77.0887,5.2938,17.19,18,,7,,1,,1,,
c8a7b035-fc96-4881-81e0-65ce812d29c5,BAPS USPSA August,2019-08-17,2,Orange,34B2D213-8F79-47FB-88B6-31D2589ED244,Ashley Sullivan,29,58.46,4,72.66,Production,C,,MINOR,Lady,94.4589,75.9995,5.2190,21.46,18,,7,1,,,,,
c8a7b035-fc96-4881-81e0-65ce812d29c5,BAPS USPSA August,2019-08-17,2,Orange,34B2D213-8F79-47FB-88B6-31D2589ED244,Olayemi Bakare,30,58.10,5,72.21,Production,B,,MINOR,,93.8761,75.5306,5.1868,22.75,20,,6,,,,,,
c8a7b035-fc96-4881-81e0-65ce812d29c5,BAPS USPSA August,2019-08-17,2,Orange,34B2D213-8F79-47FB-88B6-31D2589ED244,Mark Fornesa,31,58.06,10,58.06,PCC,,,MINOR,,75.4738,75.4738,5.1829,19.68,14,,10,2,,,,,
c8a7b035-fc96-4881-81e0-65ce812d29c5,BAPS USPSA August,2019-08-17,2,Orange,34B2D213-8F79-47FB-88B6-31D2589ED244,Jim Ducan,32,57.01,6,70.85,Production,A,,MINOR,Super Senior,92.1078,74.1078,5.0891,23.58,21,,5,,,,,,
c8a7b035-fc96-4881-81e0-65ce812d29c5,BAPS USPSA August,2019-08-17,2,Orange,34B2D213-8F79-47FB-88B6-31D2589ED244,Eric Prehn,33,55.84,11,55.84,PCC,U,TY93797,MINOR,,72.5948,72.5948,4.9852,16.85,13,,13,,,,2,,
c8a7b035-fc96-4881-81e0-65ce812d29c5,BAPS USPSA August,2019-08-17,2,Orange,34B2D213-8F79-47FB-88B6-31D2589ED244,Mike Kahl,34,55.75,7,69.29,Production,B,,MINOR,,90.0826,72.4784,4.9772,24.11,21,,5,,,,,,
c8a7b035-fc96-4881-81e0-65ce812d29c5,BAPS USPSA August,2019-08-17,2,Orange,34B2D213-8F79-47FB-88B6-31D2589ED244,Pat Byrne,35,54.68,2,72.97,Limited,C,TY93921,MAJOR,,94.8626,71.0877,4.8817,19.87,11,,12,2,1,,,,
c8a7b035-fc96-4881-81e0-65ce812d29c5,BAPS USPSA August,2019-08-17,2,Orange,34B2D213-8F79-47FB-88B6-31D2589ED244,Jonathan Warrender,36,54.39,3,72.58,Limited,B,ty86145,MAJOR,Military,94.3515,70.7047,4.8554,19.36,18,,5,2,1,,1,,
c8a7b035-fc96-4881-81e0-65ce812d29c5,BAPS USPSA August,2019-08-17,2,Orange,34B2D213-8F79-47FB-88B6-31D2589ED244,Corey Arrington,37,53.56,8,66.57,Production,,,MINOR,,86.5351,69.6242,4.7812,22.17,17,,6,3,,,,,
c8a7b035-fc96-4881-81e0-65ce812d29c5,BAPS USPSA August,2019-08-17,2,Orange,34B2D213-8F79-47FB-88B6-31D2589ED244,Chris Peterson,38,52.65,9,65.44,Production,U,,MINOR,,85.0746,68.4490,4.7005,21.70,18,,7,1,,,1,,
c8a7b035-fc96-4881-81e0-65ce812d29c5,BAPS USPSA August,2019-08-17,2,Orange,34B2D213-8F79-47FB-88B6-31D2589ED244,Nathan Peterson,39,52.27,10,64.96,Production,U,,MINOR,,84.4519,67.9481,4.6661,24.86,19,,7,,,,,,
c8a7b035-fc96-4881-81e0-65ce812d29c5,BAPS USPSA August,2019-08-17,2,Orange,34B2D213-8F79-47FB-88B6-31D2589ED244,Derek Rabuck,40,51.55,9,53.29,Open,X,A91331,MAJOR,,69.2822,67.0161,4.6021,18.47,19,,,5,2,,,,
c8a7b035-fc96-4881-81e0-65ce812d29c5,BAPS USPSA August,2019-08-17,2,Orange,34B2D213-8F79-47FB-88B6-31D2589ED244,Michelle Lonergan,41,51.36,11,63.83,Production,C,TY84120,MINOR,Lady,82.9841,66.7671,4.5850,25.30,19,,7,,,,,,
c8a7b035-fc96-4881-81e0-65ce812d29c5,BAPS USPSA August,2019-08-17,2,Orange,34B2D213-8F79-47FB-88B6-31D2589ED244,Doug Dillon,42,50.30,12,62.52,Production,B,A71359,MINOR,Law Enforcement,81.2738,65.3910,4.4905,23.16,13,,13,,,,,,
c8a7b035-fc96-4881-81e0-65ce812d29c5,BAPS USPSA August,2019-08-17,2,Orange,34B2D213-8F79-47FB-88B6-31D2589ED244,"Jeff Maxwell, Jr",43,50.02,4,66.75,Limited,C,L4489,MAJOR,,86.7807,65.0313,4.4658,22.84,18,,4,3,1,,,,
c8a7b035-fc96-4881-81e0-65ce812d29c5,BAPS USPSA August,2019-08-17,2,Orange,34B2D213-8F79-47FB-88B6-31D2589ED244,Andrew Whitley,44,49.40,5,65.92,Limited,C,TY106649,MAJOR,,85.7022,64.2231,4.4103,20.18,13,,10,2,1,,1,,
c8a7b035-fc96-4881-81e0-65ce812d29c5,BAPS USPSA August,2019-08-17,2,Orange,34B2D213-8F79-47FB-88B6-31D2589ED244,Ramil Villanueva,45,48.92,7,59.36,Carry Optics,,,MINOR,,77.1635,63.5940,4.3671,18.09,11,,10,4,1,,,,
c8a7b035-fc96-4881-81e0-65ce812d29c5,BAPS USPSA August,2019-08-17,2,Orange,34B2D213-8F79-47FB-88B6-31D2589ED244,Jon Baguio,46,48.16,8,58.44,Carry Optics,,,MINOR,,75.9744,62.6140,4.2998,17.21,12,,11,1,2,,,,
c8a7b035-fc96-4881-81e0-65ce812d29c5,BAPS USPSA August,2019-08-17,2,Orange,34B2D213-8F79-47FB-88B6-31D2589ED244,Ryan Alicaya,47,47.95,9,58.18,Carry Optics,,,MINOR,,75.6369,62.3359,4.2807,20.09,17,,7,,2,,,,
c8a7b035-fc96-4881-81e0-65ce812d29c5,BAPS USPSA August,2019-08-17,2,Orange,34B2D213-8F79-47FB-88B6-31D2589ED244,Kristen Day,48,47.87,6,63.88,Limited,U,TY1221933,MAJOR,Lady,83.0438,62.2310,4.2735,19.89,13,,8,4,1,,1,,
c8a7b035-fc96-4881-81e0-65ce812d29c5,BAPS USPSA August,2019-08-17,2,Orange,34B2D213-8F79-47FB-88B6-31D2589ED244,Solomon Sandoval,49,47.69,7,63.63,Limited,U,,MINOR,Senior,82.7252,61.9922,4.2571,24.43,20,,4,2,,,1,,
c8a7b035-fc96-4881-81e0-65ce812d29c5,BAPS USPSA August,2019-08-17,2,Orange,34B2D213-8F79-47FB-88B6-31D2589ED244,Ethan Hamala,50,46.84,8,62.50,Limited,,8358,MINOR,,81.2502,60.8869,4.1812,25.83,16,,9,1,,,,,
c8a7b035-fc96-4881-81e0-65ce812d29c5,BAPS USPSA August,2019-08-17,2,Orange,34B2D213-8F79-47FB-88B6-31D2589ED244,Robert Hollier,51,46.23,13,57.46,Production,U,FY24941,MINOR,Senior,74.6966,60.0991,4.1271,21.08,16,,4,5,1,,,,
c8a7b035-fc96-4881-81e0-65ce812d29c5,BAPS USPSA August,2019-08-17,2,Orange,34B2D213-8F79-47FB-88B6-31D2589ED244,Arnold Gee,52,45.95,9,61.31,Limited,C,TY103519,MINOR,,79.7054,59.7293,4.1017,17.31,12,,9,4,1,,1,,
c8a7b035-fc96-4881-81e0-65ce812d29c5,BAPS USPSA August,2019-08-17,2,Orange,34B2D213-8F79-47FB-88B6-31D2589ED244,Richard Dillow,53,45.81,10,47.36,Open,C,TY57446,MINOR,Senior,61.5653,59.5516,4.0895,25.92,19,,2,5,,,,,
c8a7b035-fc96-4881-81e0-65ce812d29c5,BAPS USPSA August,2019-08-17,2,Orange,34B2D213-8F79-47FB-88B6-31D2589ED244,Michael Henss,54,45.65,10,60.92,Limited,C,A59966,MINOR,Military,79.1943,59.3463,4.0754,22.82,14,,11,,1,,,,
c8a7b035-fc96-4881-81e0-65ce812d29c5,BAPS USPSA August,2019-08-17,2,Orange,34B2D213-8F79-47FB-88B6-31D2589ED244,Mickey Gallaway,55,45.32,11,60.47,Limited,B,A556,MAJOR,Super Senior,78.6152,58.9123,4.0456,28.92,15,,10,1,,,,,
c8a7b035-fc96-4881-81e0-65ce812d29c5,BAPS USPSA August,2019-08-17,2,Orange,34B2D213-8F79-47FB-88B6-31D2589ED244,Albert Calderon,56,43.68,11,45.16,Open,B,A74721,MAJOR,,58.7035,56.7833,3.8994,23.85,13,,11,2,,,2,,
c8a7b035-fc96-4881-81e0-65ce812d29c5,BAPS USPSA August,2019-08-17,2,Orange,34B2D213-8F79-47FB-88B6-31D2589ED244,Chris Ballard,57,42.18,12,56.29,Limited,,,MAJOR,,73.1722,54.8335,3.7655,25.76,21,,3,,2,,,,
c8a7b035-fc96-4881-81e0-65ce812d29c5,BAPS USPSA August,2019-08-17,2,Orange,34B2D213-8F79-47FB-88B6-31D2589ED244,Jerry Dueitt,58,41.08,14,51.06,Production,D,ty108354,MINOR,,66.3764,53.4049,3.6674,27.54,18,,7,,1,,,,
c8a7b035-fc96-4881-81e0-65ce812d29c5,BAPS USPSA August,2019-08-17,2,Orange,34B2D213-8F79-47FB-88B6-31D2589ED244,Chris Nagala,59,38.07,15,47.32,Production,C,TY97712,MINOR,,61.5114,49.4907,3.3986,27.07,14,,10,2,,,1,,
c8a7b035-fc96-4881-81e0-65ce812d29c5,BAPS USPSA August,2019-08-17,2,Orange,34B2D213-8F79-47FB-88B6-31D2589ED244,Mike Michaelis,60,37.77,16,46.94,Production,,,MINOR,,61.0227,49.0975,3.3716,26.99,18,,7,,1,,1,,
c8a7b035-fc96-4881-81e0-65ce812d29c5,BAPS USPSA August,2019-08-17,2,Orange,34B2D213-8F79-47FB-88B6-31D2589ED244,John Stokes,61,36.02,17,44.76,Production,U,,MINOR,,58.1939,46.8214,3.2153,27.68,17,,8,,1,,1,,
c8a7b035-fc96-4881-81e0-65ce812d29c5,BAPS USPSA August,2019-08-17,2,Orange,34B2D213-8F79-47FB-88B6-31D2589ED244,Ina Delos santos,62,34.50,10,41.87,Carry Optics,U,,MINOR,,54.4267,44.8556,3.0803,36.36,17,,9,,,,,,
c8a7b035-fc96-4881-81e0-65ce812d29c5,BAPS USPSA August,2019-08-17,2,Orange,34B2D213-8F79-47FB-88B6-31D2589ED244,Dario Belarmino,63,33.16,12,33.16,PCC,U,,MINOR,,43.1081,43.1081,2.9603,27.70,18,,7,1,,,3,,
c8a7b035-fc96-4881-81e0-65ce812d29c5,BAPS USPSA August,2019-08-17,2,Orange,34B2D213-8F79-47FB-88B6-31D2589ED244,Benjamin Michael,64,31.21,11,37.87,Carry Optics,X,,MINOR,,49.2355,40.5772,2.7865,25.48,18,,7,,1,,3,,
c8a7b035-fc96-4881-81e0-65ce812d29c5,BAPS USPSA August,2019-08-17,2,Orange,34B2D213-8F79-47FB-88B6-31D2589ED244,Bill Kinstley,65,31.03,13,41.41,Limited,C,A104836,MAJOR,,53.8352,40.3428,2.7704,18.77,10,,8,5,3,,1,,
c8a7b035-fc96-4881-81e0-65ce812d29c5,BAPS USPSA August,2019-08-17,2,Orange,34B2D213-8F79-47FB-88B6-31D2589ED244,Lawney Morales,66,30.59,14,40.82,Limited,D,TY75143,MINOR,,53.0618,39.7632,2.7306,32.96,11,,10,5,,,,,
c8a7b035-fc96-4881-81e0-65ce812d29c5,BAPS USPSA August,2019-08-17,2,Orange,34B2D213-8F79-47FB-88B6-31D2589ED244,Raul Farladansky,67,29.53,15,39.41,Limited,,,MINOR,Super Senior,51.2293,38.3900,2.6363,28.07,18,,4,2,2,,1,,
c8a7b035-fc96-4881-81e0-65ce812d29c5,BAPS USPSA August,2019-08-17,2,Orange,34B2D213-8F79-47FB-88B6-31D2589ED244,Jay Olmstead,68,28.72,13,28.72,PCC,B,L3738,MINOR,Super Senior,37.3313,37.3313,2.5636,48.37,23,,3,,,,,,
c8a7b035-fc96-4881-81e0-65ce812d29c5,BAPS USPSA August,2019-08-17,2,Orange,34B2D213-8F79-47FB-88B6-31D2589ED244,Emman Alcoseba,69,24.73,16,33.00,Limited,C,Ty67519,MAJOR,,42.8968,32.1458,2.2075,22.65,14,,7,1,4,,1,,
c8a7b035-fc96-4881-81e0-65ce812d29c5,BAPS USPSA August,2019-08-17,2,Orange,34B2D213-8F79-47FB-88B6-31D2589ED244,Betty Krumholz,70,19.97,18,24.82,Production,C,TY93665,MINOR,Lady,32.2706,25.9642,1.7830,45.43,11,,11,3,1,,,,
c8a7b035-fc96-4881-81e0-65ce812d29c5,BAPS USPSA August,2019-08-17,2,Orange,34B2D213-8F79-47FB-88B6-31D2589ED244,Tom Neal,71,18.86,12,22.88,Carry Optics,U,L2362,MINOR,Senior,29.7480,24.5167,1.6836,49.30,16,,7,2,1,,1,,
c8a7b035-fc96-4881-81e0-65ce812d29c5,BAPS USPSA August,2019-08-17,2,Orange,34B2D213-8F79-47FB-88B6-31D2589ED244,Steve Deardorff,72,18.31,17,24.43,Limited,,TY16844,MAJOR,,31.7640,23.8032,1.6346,20.80,10,,9,4,3,,3,,
c8a7b035-fc96-4881-81e0-65ce812d29c5,BAPS USPSA August,2019-08-17,2,Orange,34B2D213-8F79-47FB-88B6-31D2589ED244,Keith Armstrong,73,18.26,1,100.00,Limited 10,,75241,MAJOR,Military,130.0000,23.7362,1.6300,49.08,8,,13,4,1,,1,,
c8a7b035-fc96-4881-81e0-65ce812d29c5,BAPS USPSA August,2019-08-17,2,Orange,34B2D213-8F79-47FB-88B6-31D2589ED244,Christopher Zak,74,17.07,14,17.07,PCC,U,L4616,MINOR,,22.1897,22.1897,1.5238,78.75,21,,5,,,,,,
c8a7b035-fc96-4881-81e0-65ce812d29c5,BAPS USPSA August,2019-08-17,2,Orange,34B2D213-8F79-47FB-88B6-31D2589ED244,Art Nelson,75,14.49,15,14.49,PCC,,A116323,MINOR,,18.8433,18.8433,1.2940,38.64,14,,10,,2,,3,,
c8a7b035-fc96-4881-81e0-65ce812d29c5,BAPS USPSA August,2019-08-17,2,Orange,34B2D213-8F79-47FB-88B6-31D2589ED244,Mick Sambasile,76,11.61,13,14.09,Carry Optics,X,TY47665,MINOR,,18.3107,15.0907,1.0363,25.09,6,,14,4,2,,3,,
c8a7b035-fc96-4881-81e0-65ce812d29c5,BAPS USPSA August,2019-08-17,2,Orange,34B2D213-8F79-47FB-88B6-31D2589ED244,Nathan Turner,77,9.11,16,9.11,PCC,U,,MINOR,,11.8390,11.8390,0.8130,17.22,14,,3,5,4,,3,,
c8a7b035-fc96-4881-81e0-65ce812d29c5,BAPS USPSA August,2019-08-17,2,Orange,34B2D213-8F79-47FB-88B6-31D2589ED244,Ralph Burbe,78,7.82,19,9.72,Production,U,,MINOR,,12.6386,10.1687,0.6983,28.64,13,,8,1,4,,3,,
c8a7b035-fc96-4881-81e0-65ce812d29c5,BAPS USPSA August,2019-08-17,2,Orange,34B2D213-8F79-47FB-88B6-31D2589ED244,Mildred Belarmino,79,3.94,20,4.90,Production,U,,MINOR,Lady,6.3709,5.1258,0.3520,34.09,11,,8,3,4,,3,,
c8a7b035-fc96-4881-81e0-65ce812d29c5,BAPS USPSA August,2019-08-17,2,Orange,34B2D213-8F79-47FB-88B6-31D2589ED244,Terry Jenkins,80,0.22,21,0.27,Production,U,,MINOR,,0.3529,0.2840,0.0195,51.25,5,,10,6,5,,1,,
c8a7b035-fc96-4881-81e0-65ce812d29c5,BAPS USPSA August,2019-08-17,2,Orange,34B2D213-8F79-47FB-88B6-31D2589ED244,Dave Campbell,81,0.00,12,0.00,Open,M,TY26527,MAJOR,Senior; Super Senior,0.0000,0.0000,,,,,,,,,,,
c8a7b035-fc96-4881-81e0-65ce812d29c5,BAPS USPSA August,2019-08-17,2,Orange,34B2D213-8F79-47FB-88B6-31D2589ED244,Mark Meyers,82,0.00,17,0.00,PCC,,A50232,MINOR,,0.0000,0.0000,0.0000,10.67,12,,6,,8,,,,
c8a7b035-fc96-4881-81e0-65ce812d29c5,BAPS USPSA August,2019-08-17,2,Orange,34B2D213-8F79-47FB-88B6-31D2589ED244,Ron Potier,83,0.00,14,0.00,Carry Optics,D,TY113089,MINOR,,0.0000,0.0000,0.0000,27.67,11,,11,,4,,5,,
c8a7b035-fc96-4881-81e0-65ce812d29c5,BAPS USPSA August,2019-08-17,2,Orange,34B2D213-8F79-47FB-88B6-31D2589ED244,Kz Jenkins jr,84,0.00,22,0.00,Production,U,,MINOR,,0.0000,0.0000,0.0000,55.11,6,,6,7,7,,2,,
c8a7b035-fc96-4881-81e0-65ce812d29c5,BAPS USPSA August,2019-08-17,3,Yellow,D95265D2-5EA8-4A98-B999-CF73BC83C17E,Ogie Delarosa,1,100.00,1,100.00,Open,A,TY52066,MAJOR,,150.0000,150.0000,10.6418,12.31,17,,10,3,,,,,
c8a7b035-fc96-4881-81e0-65ce812d29c5,BAPS USPSA August,2019-08-17,3,Yellow,D95265D2-5EA8-4A98-B999-CF73BC83C17E,Paul Van wyk,2,93.30,1,100.00,PCC,M,,MINOR,,150.0000,139.9542,9.9291,12.69,20,,8,2,,,,,
c8a7b035-fc96-4881-81e0-65ce812d29c5,BAPS USPSA August,2019-08-17,3,Yellow,D95265D2-5EA8-4A98-B999-CF73BC83C17E,Wade Pruetz,3,89.80,2,96.25,PCC,M,TY79055,MINOR,,144.3681,134.6995,9.5563,14.65,30,,,,,,1,,
c8a7b035-fc96-4881-81e0-65ce812d29c5,BAPS USPSA August,2019-08-17,3,Yellow,D95265D2-5EA8-4A98-B999-CF73BC83C17E,Scott Ragsdale,4,83.88,3,89.90,PCC,B,A91297,MINOR,,134.8476,125.8166,8.9261,14.34,20,,9,1,,,,,
c8a7b035-fc96-4881-81e0-65ce812d29c5,BAPS USPSA August,2019-08-17,3,Yellow,D95265D2-5EA8-4A98-B999-CF73BC83C17E,Gerrit Milks,5,79.28,4,84.98,PCC,A,A67608,MINOR,Super Senior,127.4632,118.9268,8.4373,16.83,26,,4,,,,,,
c8a7b035-fc96-4881-81e0-65ce812d29c5,BAPS USPSA August,2019-08-17,3,Yellow,D95265D2-5EA8-4A98-B999-CF73BC83C17E,Randy Goodney,6,75.50,2,75.50,Open,A,A94852,MAJOR,,113.2520,113.2520,8.0347,17.30,19,,11,,,,,,
c8a7b035-fc96-4881-81e0-65ce812d29c5,BAPS USPSA August,2019-08-17,3,Yellow,D95265D2-5EA8-4A98-B999-CF73BC83C17E,Tony Phan,7,74.83,1,100.00,Carry Optics,A,FY11963,MINOR,,150.0000,112.2498,7.9636,17.58,25,,5,,,,,,
c8a7b035-fc96-4881-81e0-65ce812d29c5,BAPS USPSA August,2019-08-17,3,Yellow,D95265D2-5EA8-4A98-B999-CF73BC83C17E,Derek Rabuck,8,74.03,3,74.03,Open,X,A91331,MAJOR,,111.0489,111.0489,7.8784,17.77,20,,10,,,,,,
c8a7b035-fc96-4881-81e0-65ce812d29c5,BAPS USPSA August,2019-08-17,3,Yellow,D95265D2-5EA8-4A98-B999-CF73BC83C17E,Duane Mendoza,9,73.48,4,73.48,Open,C,TY98162,MAJOR,,110.2173,110.2173,7.8194,18.16,24,,5,1,,,,,
c8a7b035-fc96-4881-81e0-65ce812d29c5,BAPS USPSA August,2019-08-17,3,Yellow,D95265D2-5EA8-4A98-B999-CF73BC83C17E,Mike Junco,10,72.75,1,100.00,Production,A,FY107182,MINOR,,150.0000,109.1249,7.7419,15.50,17,,11,2,,,,,
c8a7b035-fc96-4881-81e0-65ce812d29c5,BAPS USPSA August,2019-08-17,3,Yellow,D95265D2-5EA8-4A98-B999-CF73BC83C17E,Chev Jacot,11,70.68,5,75.75,PCC,B,A72378,MINOR,,113.6296,106.0197,7.5216,16.22,16,,14,,,,,,
c8a7b035-fc96-4881-81e0-65ce812d29c5,BAPS USPSA August,2019-08-17,3,Yellow,D95265D2-5EA8-4A98-B999-CF73BC83C17E,Ryan Alicaya,12,69.89,2,93.40,Carry Optics,,,MINOR,,140.1000,104.8413,7.4380,19.36,27,,3,,,,,,
c8a7b035-fc96-4881-81e0-65ce812d29c5,BAPS USPSA August,2019-08-17,3,Yellow,D95265D2-5EA8-4A98-B999-CF73BC83C17E,Paul Felker,13,69.06,3,92.29,Carry Optics,A,A107123,MINOR,,138.4368,103.5967,7.3497,17.96,22,,7,1,,,,,
c8a7b035-fc96-4881-81e0-65ce812d29c5,BAPS USPSA August,2019-08-17,3,Yellow,D95265D2-5EA8-4A98-B999-CF73BC83C17E,Olayemi Bakare,14,68.54,2,94.22,Production,B,,MINOR,,141.3258,102.8144,7.2942,20.29,29,,1,,,,,,
c8a7b035-fc96-4881-81e0-65ce812d29c5,BAPS USPSA August,2019-08-17,3,Yellow,D95265D2-5EA8-4A98-B999-CF73BC83C17E,Bobby Ivester,15,68.45,5,68.45,Open,A,A101336,MAJOR,,102.6706,102.6706,7.2840,16.20,18,,8,3,1,,,,
c8a7b035-fc96-4881-81e0-65ce812d29c5,BAPS USPSA August,2019-08-17,3,Yellow,D95265D2-5EA8-4A98-B999-CF73BC83C17E,Steven McNamara,16,68.42,6,68.42,Open,B,A75212,MAJOR,,102.6297,102.6297,7.2811,19.64,23,,7,,,,,,
c8a7b035-fc96-4881-81e0-65ce812d29c5,BAPS USPSA August,2019-08-17,3,Yellow,D95265D2-5EA8-4A98-B999-CF73BC83C17E,Christopher Zak,17,67.95,6,72.83,PCC,U,L4616,MINOR,,109.2456,101.9292,7.2314,19.36,26,,3,1,,,,,
c8a7b035-fc96-4881-81e0-65ce812d29c5,BAPS USPSA August,2019-08-17,3,Yellow,D95265D2-5EA8-4A98-B999-CF73BC83C17E,Alex Goben,18,67.42,4,90.09,Carry Optics,A,A86498,MINOR,,135.1349,101.1257,7.1744,20.35,28,,2,,,,,,
c8a7b035-fc96-4881-81e0-65ce812d29c5,BAPS USPSA August,2019-08-17,3,Yellow,D95265D2-5EA8-4A98-B999-CF73BC83C17E,Gary Wu,19,66.54,3,91.47,Production,B,L2998,MINOR,,137.2028,99.8149,7.0814,19.77,25,,5,,,,,,
c8a7b035-fc96-4881-81e0-65ce812d29c5,BAPS USPSA August,2019-08-17,3,Yellow,D95265D2-5EA8-4A98-B999-CF73BC83C17E,Michael Pontious,20,66.48,7,66.48,Open,U,ty94575,MAJOR,Senior,99.7204,99.7204,7.0747,17.81,24,,3,2,1,,,,
c8a7b035-fc96-4881-81e0-65ce812d29c5,BAPS USPSA August,2019-08-17,3,Yellow,D95265D2-5EA8-4A98-B999-CF73BC83C17E,Eric Prehn,21,64.84,7,69.49,PCC,U,TY93797,MINOR,,104.2391,97.2580,6.9000,20.00,24,,6,,,,,,
c8a7b035-fc96-4881-81e0-65ce812d29c5,BAPS USPSA August,2019-08-17,3,Yellow,D95265D2-5EA8-4A98-B999-CF73BC83C17E,Adam Weinstein,22,64.74,8,69.38,PCC,,A111998,MINOR,,104.0744,97.1043,6.8891,18.58,24,,6,,,,1,,
c8a7b035-fc96-4881-81e0-65ce812d29c5,BAPS USPSA August,2019-08-17,3,Yellow,D95265D2-5EA8-4A98-B999-CF73BC83C17E,Jonathan Warrender,23,64.57,1,100.00,Limited,B,ty86145,MAJOR,Military,150.0000,96.8478,6.8709,21.54,28,,2,,,,,,
c8a7b035-fc96-4881-81e0-65ce812d29c5,BAPS USPSA August,2019-08-17,3,Yellow,D95265D2-5EA8-4A98-B999-CF73BC83C17E,Jay Bennett,24,64.19,5,85.78,Carry Optics,B,A77156,MINOR,Senior,128.6686,96.2868,6.8311,21.08,27,,3,,,,,,
c8a7b035-fc96-4881-81e0-65ce812d29c5,BAPS USPSA August,2019-08-17,3,Yellow,D95265D2-5EA8-4A98-B999-CF73BC83C17E,Albert Calderon,25,64.03,8,64.03,Open,B,A74721,MAJOR,,96.0486,96.0486,6.8142,17.17,13,,15,1,1,,,,
c8a7b035-fc96-4881-81e0-65ce812d29c5,BAPS USPSA August,2019-08-17,3,Yellow,D95265D2-5EA8-4A98-B999-CF73BC83C17E,Chris Peterson,26,62.13,4,85.40,Production,U,,MINOR,,128.1003,93.1929,6.6116,20.57,24,,5,1,,,,,
c8a7b035-fc96-4881-81e0-65ce812d29c5,BAPS USPSA August,2019-08-17,3,Yellow,D95265D2-5EA8-4A98-B999-CF73BC83C17E,Glenn Cunningham,27,61.21,9,65.61,PCC,C,A78280,MINOR,,98.4092,91.8186,6.5141,22.72,29,,1,,,,,,
c8a7b035-fc96-4881-81e0-65ce812d29c5,BAPS USPSA August,2019-08-17,3,Yellow,D95265D2-5EA8-4A98-B999-CF73BC83C17E,Bob Zweck,28,60.33,9,60.33,Open,B,A94853,MAJOR,,90.4894,90.4894,6.4198,20.25,22,,7,1,,,1,,
c8a7b035-fc96-4881-81e0-65ce812d29c5,BAPS USPSA August,2019-08-17,3,Yellow,D95265D2-5EA8-4A98-B999-CF73BC83C17E,Mark Fornesa,29,60.31,10,64.64,PCC,,,MINOR,,96.9665,90.4725,6.4186,21.50,24,,6,,,,,,
c8a7b035-fc96-4881-81e0-65ce812d29c5,BAPS USPSA August,2019-08-17,3,Yellow,D95265D2-5EA8-4A98-B999-CF73BC83C17E,Roman Gwiscz,30,59.85,11,64.14,PCC,U,A56629,MINOR,,96.2111,89.7677,6.3686,16.33,14,,14,2,,,1,,
c8a7b035-fc96-4881-81e0-65ce812d29c5,BAPS USPSA August,2019-08-17,3,Yellow,D95265D2-5EA8-4A98-B999-CF73BC83C17E,Benjamin Michael,31,59.32,6,79.27,Carry Optics,X,,MINOR,,118.9079,88.9826,6.3129,21.86,25,,4,1,,,,,
c8a7b035-fc96-4881-81e0-65ce812d29c5,BAPS USPSA August,2019-08-17,3,Yellow,D95265D2-5EA8-4A98-B999-CF73BC83C17E,Kristen Day,32,58.40,2,90.45,Limited,U,TY1221933,MAJOR,Lady,135.6744,87.5984,6.2147,23.01,23,,7,,,,,,
c8a7b035-fc96-4881-81e0-65ce812d29c5,BAPS USPSA August,2019-08-17,3,Yellow,D95265D2-5EA8-4A98-B999-CF73BC83C17E,Waldo Samano,33,58.33,3,90.34,Limited,B,,MAJOR,,135.5128,87.4941,6.2073,19.01,18,,8,3,1,,,,
c8a7b035-fc96-4881-81e0-65ce812d29c5,BAPS USPSA August,2019-08-17,3,Yellow,D95265D2-5EA8-4A98-B999-CF73BC83C17E,Pat Byrne,34,58.32,4,90.33,Limited,C,TY93921,MAJOR,,135.4975,87.4843,6.2066,23.04,23,,7,,,,,,
c8a7b035-fc96-4881-81e0-65ce812d29c5,BAPS USPSA August,2019-08-17,3,Yellow,D95265D2-5EA8-4A98-B999-CF73BC83C17E,Angela Rabuck,35,57.56,12,61.69,PCC,C,A91275,MINOR,Lady,92.5356,86.3383,6.1253,21.55,21,,9,,,,,,
c8a7b035-fc96-4881-81e0-65ce812d29c5,BAPS USPSA August,2019-08-17,3,Yellow,D95265D2-5EA8-4A98-B999-CF73BC83C17E,Nathan Peterson,36,55.69,5,76.54,Production,U,,MINOR,,114.8148,83.5277,5.9259,21.60,20,,9,1,,,,,
c8a7b035-fc96-4881-81e0-65ce812d29c5,BAPS USPSA August,2019-08-17,3,Yellow,D95265D2-5EA8-4A98-B999-CF73BC83C17E,Bill Kinstley,37,54.49,5,84.40,Limited,C,A104836,MAJOR,,126.5991,81.7390,5.7990,23.28,17,,12,1,,,,,
c8a7b035-fc96-4881-81e0-65ce812d29c5,BAPS USPSA August,2019-08-17,3,Yellow,D95265D2-5EA8-4A98-B999-CF73BC83C17E,Dario Belarmino,38,53.27,13,57.09,PCC,U,,MINOR,,85.6422,79.9066,5.6690,23.99,23,,7,,,,,,
c8a7b035-fc96-4881-81e0-65ce812d29c5,BAPS USPSA August,2019-08-17,3,Yellow,D95265D2-5EA8-4A98-B999-CF73BC83C17E,Robert Hollier,39,52.40,6,72.02,Production,U,FY24941,MINOR,Senior,108.0316,78.5929,5.5758,24.75,24,,6,,,,,,
c8a7b035-fc96-4881-81e0-65ce812d29c5,BAPS USPSA August,2019-08-17,3,Yellow,D95265D2-5EA8-4A98-B999-CF73BC83C17E,Danny Naramore,40,50.62,10,50.62,Open,C,TY96553,MAJOR,,75.9345,75.9345,5.3872,20.79,14,,11,4,1,,,,
c8a7b035-fc96-4881-81e0-65ce812d29c5,BAPS USPSA August,2019-08-17,3,Yellow,D95265D2-5EA8-4A98-B999-CF73BC83C17E,Ramil Villanueva,41,50.04,7,66.87,Carry Optics,,,MINOR,,100.3020,75.0592,5.3251,19.53,18,,11,1,,,2,,
c8a7b035-fc96-4881-81e0-65ce812d29c5,BAPS USPSA August,2019-08-17,3,Yellow,D95265D2-5EA8-4A98-B999-CF73BC83C17E,Jay Olmstead,42,49.24,14,52.77,PCC,B,L3738,MINOR,Super Senior,79.1597,73.8583,5.2399,27.10,26,,4,,,,,,
c8a7b035-fc96-4881-81e0-65ce812d29c5,BAPS USPSA August,2019-08-17,3,Yellow,D95265D2-5EA8-4A98-B999-CF73BC83C17E,Ashley Sullivan,43,49.20,7,67.63,Production,C,,MINOR,Lady,101.4480,73.8033,5.2360,25.21,22,,7,1,,,,,
c8a7b035-fc96-4881-81e0-65ce812d29c5,BAPS USPSA August,2019-08-17,3,Yellow,D95265D2-5EA8-4A98-B999-CF73BC83C17E,Jim Ducan,44,48.30,8,66.39,Production,A,,MINOR,Super Senior,99.5918,72.4530,5.1402,25.68,26,,4,,,,1,,
c8a7b035-fc96-4881-81e0-65ce812d29c5,BAPS USPSA August,2019-08-17,3,Yellow,D95265D2-5EA8-4A98-B999-CF73BC83C17E,Andrew Whitley,45,47.41,6,73.43,Limited,C,TY106649,MAJOR,,110.1406,71.1125,5.0451,24.38,21,,6,2,1,,,,
c8a7b035-fc96-4881-81e0-65ce812d29c5,BAPS USPSA August,2019-08-17,3,Yellow,D95265D2-5EA8-4A98-B999-CF73BC83C17E,Nathan Turner,46,46.86,15,50.23,PCC,U,,MINOR,,75.3392,70.2936,4.9870,26.87,23,,6,1,,,,,
c8a7b035-fc96-4881-81e0-65ce812d29c5,BAPS USPSA August,2019-08-17,3,Yellow,D95265D2-5EA8-4A98-B999-CF73BC83C17E,Doug Dillon,47,46.57,9,64.02,Production,B,A71359,MINOR,Law Enforcement,96.0307,69.8622,4.9564,25.22,24,,5,,1,,,,
c8a7b035-fc96-4881-81e0-65ce812d29c5,BAPS USPSA August,2019-08-17,3,Yellow,D95265D2-5EA8-4A98-B999-CF73BC83C17E,Matt Lem,48,46.55,10,63.99,Production,A,FY34763,MINOR,,95.9784,69.8242,4.9537,18.37,22,,7,,1,,3,,
c8a7b035-fc96-4881-81e0-65ce812d29c5,BAPS USPSA August,2019-08-17,3,Yellow,D95265D2-5EA8-4A98-B999-CF73BC83C17E,Stefan Liming,49,46.16,8,61.68,Carry Optics,C,A71566,MINOR,,92.5266,69.2406,4.9123,28.50,25,,5,,,,,,
c8a7b035-fc96-4881-81e0-65ce812d29c5,BAPS USPSA August,2019-08-17,3,Yellow,D95265D2-5EA8-4A98-B999-CF73BC83C17E,Corey Arrington,50,45.64,11,62.74,Production,,,MINOR,,94.1126,68.4668,4.8574,22.44,19,,7,3,1,,,,
c8a7b035-fc96-4881-81e0-65ce812d29c5,BAPS USPSA August,2019-08-17,3,Yellow,D95265D2-5EA8-4A98-B999-CF73BC83C17E,Jerry Dueitt,51,44.90,12,61.72,Production,D,ty108354,MINOR,,92.5858,67.3561,4.7786,28.46,23,,7,,,,,,
c8a7b035-fc96-4881-81e0-65ce812d29c5,BAPS USPSA August,2019-08-17,3,Yellow,D95265D2-5EA8-4A98-B999-CF73BC83C17E,Mike Kahl,52,44.51,13,61.18,Production,B,,MINOR,,91.7720,66.7641,4.7366,26.39,24,,5,,1,,,,
c8a7b035-fc96-4881-81e0-65ce812d29c5,BAPS USPSA August,2019-08-17,3,Yellow,D95265D2-5EA8-4A98-B999-CF73BC83C17E,Steve Deardorff,53,43.98,7,68.12,Limited,,TY16844,MAJOR,,102.1809,65.9733,4.6805,22.22,16,,9,4,1,,1,,
c8a7b035-fc96-4881-81e0-65ce812d29c5,BAPS USPSA August,2019-08-17,3,Yellow,D95265D2-5EA8-4A98-B999-CF73BC83C17E,Arnold Gee,54,42.53,8,65.88,Limited,C,TY103519,MINOR,,98.8167,63.8012,4.5264,21.43,15,,9,5,1,,,,
c8a7b035-fc96-4881-81e0-65ce812d29c5,BAPS USPSA August,2019-08-17,3,Yellow,D95265D2-5EA8-4A98-B999-CF73BC83C17E,John Stokes,55,42.51,14,58.44,Production,U,,MINOR,,87.6529,63.7674,4.5240,31.83,27,,3,,,,,,
c8a7b035-fc96-4881-81e0-65ce812d29c5,BAPS USPSA August,2019-08-17,3,Yellow,D95265D2-5EA8-4A98-B999-CF73BC83C17E,Michelle Lonergan,56,40.38,15,55.50,Production,C,TY84120,MINOR,Lady,83.2528,60.5664,4.2969,28.16,22,,7,,1,,,,
c8a7b035-fc96-4881-81e0-65ce812d29c5,BAPS USPSA August,2019-08-17,3,Yellow,D95265D2-5EA8-4A98-B999-CF73BC83C17E,Michael Henss,57,40.25,9,62.33,Limited,C,A59966,MINOR,Military,93.4987,60.3676,4.2828,24.75,22,,5,1,2,,,,
c8a7b035-fc96-4881-81e0-65ce812d29c5,BAPS USPSA August,2019-08-17,3,Yellow,D95265D2-5EA8-4A98-B999-CF73BC83C17E,Chris Nagala,58,39.02,16,53.64,Production,C,TY97712,MINOR,,80.4628,58.5366,4.1529,30.34,24,,5,1,,,1,,
c8a7b035-fc96-4881-81e0-65ce812d29c5,BAPS USPSA August,2019-08-17,3,Yellow,D95265D2-5EA8-4A98-B999-CF73BC83C17E,Mickey Gallaway,59,37.93,10,58.75,Limited,B,A556,MAJOR,Super Senior,88.1282,56.9001,4.0368,30.47,19,,9,1,1,,,,
c8a7b035-fc96-4881-81e0-65ce812d29c5,BAPS USPSA August,2019-08-17,3,Yellow,D95265D2-5EA8-4A98-B999-CF73BC83C17E,Mike Michaelis,60,37.25,17,51.21,Production,,,MINOR,,76.8106,55.8796,3.9644,34.81,24,,6,,,,,,
c8a7b035-fc96-4881-81e0-65ce812d29c5,BAPS USPSA August,2019-08-17,3,Yellow,D95265D2-5EA8-4A98-B999-CF73BC83C17E,Jay-R Delos-Santos,61,35.81,9,47.85,Carry Optics,B,A70297,MINOR,,71.7772,53.7132,3.8107,16.27,23,,2,1,4,,,2,
c8a7b035-fc96-4881-81e0-65ce812d29c5,BAPS USPSA August,2019-08-17,3,Yellow,D95265D2-5EA8-4A98-B999-CF73BC83C17E,Jon Baguio,62,34.84,10,46.55,Carry Optics,,,MINOR,,69.8277,52.2543,3.7072,21.04,20,,6,,4,,,,
c8a7b035-fc96-4881-81e0-65ce812d29c5,BAPS USPSA August,2019-08-17,3,Yellow,D95265D2-5EA8-4A98-B999-CF73BC83C17E,Emman Alcoseba,63,34.62,11,53.62,Limited,C,Ty67519,MAJOR,,80.4305,51.9301,3.6842,26.60,18,,8,3,1,,2,,
c8a7b035-fc96-4881-81e0-65ce812d29c5,BAPS USPSA August,2019-08-17,3,Yellow,D95265D2-5EA8-4A98-B999-CF73BC83C17E,"Jeff Maxwell, Jr",64,33.62,12,52.07,Limited,C,L4489,MAJOR,,78.1033,50.4276,3.5776,34.66,20,,7,3,,,1,,
c8a7b035-fc96-4881-81e0-65ce812d29c5,BAPS USPSA August,2019-08-17,3,Yellow,D95265D2-5EA8-4A98-B999-CF73BC83C17E,Solomon Sandoval,65,33.49,13,51.87,Limited,U,,MINOR,Senior,77.8108,50.2387,3.5642,29.46,17,,9,3,1,,,,
c8a7b035-fc96-4881-81e0-65ce812d29c5,BAPS USPSA August,2019-08-17,3,Yellow,D95265D2-5EA8-4A98-B999-CF73BC83C17E,Ron Potier,66,33.28,11,44.47,Carry Optics,D,TY113089,MINOR,,66.7048,49.9173,3.5414,34.45,17,,12,1,,,,,
c8a7b035-fc96-4881-81e0-65ce812d29c5,BAPS USPSA August,2019-08-17,3,Yellow,D95265D2-5EA8-4A98-B999-CF73BC83C17E,Ross Apffel,67,33.12,1,100.00,Single Stack,U,L4428,MAJOR,,150.0000,49.6833,3.5248,25.25,23,,,1,3,,1,,
c8a7b035-fc96-4881-81e0-65ce812d29c5,BAPS USPSA August,2019-08-17,3,Yellow,D95265D2-5EA8-4A98-B999-CF73BC83C17E,Tom Neal,68,32.47,12,43.40,Carry Optics,U,L2362,MINOR,Senior,65.0943,48.7122,3.4559,31.54,18,,9,2,1,,,,
c8a7b035-fc96-4881-81e0-65ce812d29c5,BAPS USPSA August,2019-08-17,3,Yellow,D95265D2-5EA8-4A98-B999-CF73BC83C17E,Keith Armstrong,69,32.20,1,100.00,Limited 10,,75241,MAJOR,Military,150.0000,48.3034,3.4269,37.06,23,,5,1,1,,,,
c8a7b035-fc96-4881-81e0-65ce812d29c5,BAPS USPSA August,2019-08-17,3,Yellow,D95265D2-5EA8-4A98-B999-CF73BC83C17E,Richard Dillow,70,31.79,11,31.79,Open,C,TY57446,MINOR,Senior,47.6860,47.6860,3.3831,40.20,28,,2,,,,1,,
c8a7b035-fc96-4881-81e0-65ce812d29c5,BAPS USPSA August,2019-08-17,3,Yellow,D95265D2-5EA8-4A98-B999-CF73BC83C17E,Mick Sambasile,71,31.47,13,42.05,Carry Optics,X,TY47665,MINOR,,63.0789,47.2040,3.3489,27.77,11,,15,3,1,,,,
c8a7b035-fc96-4881-81e0-65ce812d29c5,BAPS USPSA August,2019-08-17,3,Yellow,D95265D2-5EA8-4A98-B999-CF73BC83C17E,Lawney Morales,72,31.30,14,48.49,Limited,D,TY75143,MINOR,,72.7285,46.9573,3.3314,35.12,25,,4,,1,,1,,
c8a7b035-fc96-4881-81e0-65ce812d29c5,BAPS USPSA August,2019-08-17,3,Yellow,D95265D2-5EA8-4A98-B999-CF73BC83C17E,Art Nelson,73,29.06,16,31.14,PCC,,A116323,MINOR,,46.7112,43.5829,3.0920,37.84,26,,2,1,1,,,1,
c8a7b035-fc96-4881-81e0-65ce812d29c5,BAPS USPSA August,2019-08-17,3,Yellow,D95265D2-5EA8-4A98-B999-CF73BC83C17E,Chris Ballard,74,28.84,15,44.67,Limited,,,MAJOR,,66.9978,43.2572,3.0689,38.45,24,,4,1,1,,1,,
c8a7b035-fc96-4881-81e0-65ce812d29c5,BAPS USPSA August,2019-08-17,3,Yellow,D95265D2-5EA8-4A98-B999-CF73BC83C17E,Ethan Hamala,75,27.37,16,42.39,Limited,,8358,MINOR,,63.5921,41.0584,2.9129,30.21,19,,7,2,2,,1,,
c8a7b035-fc96-4881-81e0-65ce812d29c5,BAPS USPSA August,2019-08-17,3,Yellow,D95265D2-5EA8-4A98-B999-CF73BC83C17E,Ina Delos santos,76,25.77,14,34.43,Carry Optics,U,,MINOR,,51.6475,38.6495,2.7420,35.74,19,,4,2,2,,,,
c8a7b035-fc96-4881-81e0-65ce812d29c5,BAPS USPSA August,2019-08-17,3,Yellow,D95265D2-5EA8-4A98-B999-CF73BC83C17E,Betty Krumholz,77,21.85,18,30.03,Production,C,TY93665,MINOR,Lady,45.0510,32.7745,2.3252,59.35,24,,6,,,,,,
c8a7b035-fc96-4881-81e0-65ce812d29c5,BAPS USPSA August,2019-08-17,3,Yellow,D95265D2-5EA8-4A98-B999-CF73BC83C17E,Mildred Belarmino,78,21.75,19,29.90,Production,U,,MINOR,Lady,44.8495,32.6279,2.3148,51.84,18,,9,3,,,,,
c8a7b035-fc96-4881-81e0-65ce812d29c5,BAPS USPSA August,2019-08-17,3,Yellow,D95265D2-5EA8-4A98-B999-CF73BC83C17E,Raul Farladansky,79,21.59,17,33.45,Limited,,,MINOR,Super Senior,50.1681,32.3911,2.2980,42.21,23,,4,,3,,,,
c8a7b035-fc96-4881-81e0-65ce812d29c5,BAPS USPSA August,2019-08-17,3,Yellow,D95265D2-5EA8-4A98-B999-CF73BC83C17E,Dave Campbell,80,0.00,12,0.00,Open,M,TY26527,MAJOR,Senior; Super Senior,0.0000,0.0000,,,,,,,,,,,
c8a7b035-fc96-4881-81e0-65ce812d29c5,BAPS USPSA August,2019-08-17,3,Yellow,D95265D2-5EA8-4A98-B999-CF73BC83C17E,Mark Meyers,81,0.00,17,0.00,PCC,,A50232,MINOR,,0.0000,0.0000,,,,,,,,,,,
c8a7b035-fc96-4881-81e0-65ce812d29c5,BAPS USPSA August,2019-08-17,3,Yellow,D95265D2-5EA8-4A98-B999-CF73BC83C17E,Ralph Burbe,82,0.00,20,0.00,Production,U,,MINOR,,0.0000,0.0000,0.0000,27.92,16,,5,2,7,,,3,
c8a7b035-fc96-4881-81e0-65ce812d29c5,BAPS USPSA August,2019-08-17,3,Yellow,D95265D2-5EA8-4A98-B999-CF73BC83C17E,Kz Jenkins jr,83,0.00,21,0.00,Production,U,,MINOR,,0.0000,0.0000,0.0000,50.23,9,,9,4,8,,,,
c8a7b035-fc96-4881-81e0-65ce812d29c5,BAPS USPSA August,2019-08-17,3,Yellow,D95265D2-5EA8-4A98-B999-CF73BC83C17E,Terry Jenkins,84,0.00,22,0.00,Production,U,,MINOR,,0.0000,0.0000,0.0000,58.59,10,,10,3,7,,2,,
c8a7b035-fc96-4881-81e0-65ce812d29c5,BAPS USPSA August,2019-08-17,4,Blue,C36F235B-6E07-46E9-99D1-42F4A9E93BDB,Wade Pruetz,1,100.00,1,100.00,PCC,M,TY79055,MINOR,,160.0000,160.0000,8.8838,17.56,30,,2,,,,,,
c8a7b035-fc96-4881-81e0-65ce812d29c5,BAPS USPSA August,2019-08-17,4,Blue,C36F235B-6E07-46E9-99D1-42F4A9E93BDB,Scott Ragsdale,2,94.61,2,94.61,PCC,B,A91297,MINOR,,151.3803,151.3803,8.4052,18.56,30,,2,,,,,,
c8a7b035-fc96-4881-81e0-65ce812d29c5,BAPS USPSA August,2019-08-17,4,Blue,C36F235B-6E07-46E9-99D1-42F4A9E93BDB,Paul Van wyk,3,85.52,3,85.52,PCC,M,,MINOR,,136.8351,136.8351,7.5976,18.69,28,,4,,,,1,,
c8a7b035-fc96-4881-81e0-65ce812d29c5,BAPS USPSA August,2019-08-17,4,Blue,C36F235B-6E07-46E9-99D1-42F4A9E93BDB,Chev Jacot,4,77.35,4,77.35,PCC,B,A72378,MINOR,,123.7542,123.7542,6.8713,21.83,27,,5,,,,,,
c8a7b035-fc96-4881-81e0-65ce812d29c5,BAPS USPSA August,2019-08-17,4,Blue,C36F235B-6E07-46E9-99D1-42F4A9E93BDB,Steven McNamara,5,74.50,1,100.00,Open,B,A75212,MAJOR,,160.0000,119.1976,6.6183,23.42,27,,5,,,,,,
c8a7b035-fc96-4881-81e0-65ce812d29c5,BAPS USPSA August,2019-08-17,4,Blue,C36F235B-6E07-46E9-99D1-42F4A9E93BDB,Gerrit Milks,6,74.12,5,74.12,PCC,A,A67608,MINOR,Super Senior,118.5997,118.5997,6.5851,21.26,25,,4,3,,,,,
c8a7b035-fc96-4881-81e0-65ce812d29c5,BAPS USPSA August,2019-08-17,4,Blue,C36F235B-6E07-46E9-99D1-42F4A9E93BDB,Tony Phan,7,71.23,1,100.00,Carry Optics,A,FY11963,MINOR,,160.0000,113.9692,6.3280,22.44,24,,7,1,,,,,
c8a7b035-fc96-4881-81e0-65ce812d29c5,BAPS USPSA August,2019-08-17,4,Blue,C36F235B-6E07-46E9-99D1-42F4A9E93BDB,Alex Goben,8,70.35,2,98.77,Carry Optics,A,A86498,MINOR,,158.0278,112.5644,6.2500,24.00,29,,1,2,,,,,
c8a7b035-fc96-4881-81e0-65ce812d29c5,BAPS USPSA August,2019-08-17,4,Blue,C36F235B-6E07-46E9-99D1-42F4A9E93BDB,Waldo Samano,9,69.66,1,100.00,Limited,B,,MAJOR,,160.0000,111.4586,6.1886,23.43,21,,9,2,,,,,
c8a7b035-fc96-4881-81e0-65ce812d29c5,BAPS USPSA August,2019-08-17,4,Blue,C36F235B-6E07-46E9-99D1-42F4A9E93BDB,Bobby Ivester,10,68.99,2,92.60,Open,A,A101336,MAJOR,,148.1637,110.3798,6.1287,22.68,25,,5,2,,,1,,
c8a7b035-fc96-4881-81e0-65ce812d29c5,BAPS USPSA August,2019-08-17,4,Blue,C36F235B-6E07-46E9-99D1-42F4A9E93BDB,Matt Lem,11,68.49,1,100.00,Production,A,FY34763,MINOR,,160.0000,109.5909,6.0849,24.98,28,,3,,,,,,
c8a7b035-fc96-4881-81e0-65ce812d29c5,BAPS USPSA August,2019-08-17,4,Blue,C36F235B-6E07-46E9-99D1-42F4A9E93BDB,Ryan Alicaya,12,67.29,3,94.47,Carry Optics,,,MINOR,,151.1580,107.6710,5.9783,20.24,20,,10,1,1,,,,
c8a7b035-fc96-4881-81e0-65ce812d29c5,BAPS USPSA August,2019-08-17,4,Blue,C36F235B-6E07-46E9-99D1-42F4A9E93BDB,Jay-R Delos-Santos,13,66.48,4,93.33,Carry Optics,B,A70297,MINOR,,149.3249,106.3653,5.9058,25.06,28,,2,2,,,,,
c8a7b035-fc96-4881-81e0-65ce812d29c5,BAPS USPSA August,2019-08-17,4,Blue,C36F235B-6E07-46E9-99D1-42F4A9E93BDB,Eric Prehn,14,64.34,6,64.34,PCC,U,TY93797,MINOR,,102.9379,102.9379,5.7155,22.92,24,,7,,1,,,,
c8a7b035-fc96-4881-81e0-65ce812d29c5,BAPS USPSA August,2019-08-17,4,Blue,C36F235B-6E07-46E9-99D1-42F4A9E93BDB,Angela Rabuck,15,64.30,7,64.30,PCC,C,A91275,MINOR,Lady,102.8785,102.8785,5.7122,26.96,29,,3,,,,,,
c8a7b035-fc96-4881-81e0-65ce812d29c5,BAPS USPSA August,2019-08-17,4,Blue,C36F235B-6E07-46E9-99D1-42F4A9E93BDB,Mark Meyers,16,63.99,8,63.99,PCC,,A50232,MINOR,,102.3778,102.3778,5.6844,21.99,21,,10,,1,,,,
c8a7b035-fc96-4881-81e0-65ce812d29c5,BAPS USPSA August,2019-08-17,4,Blue,C36F235B-6E07-46E9-99D1-42F4A9E93BDB,Glenn Cunningham,17,63.59,9,63.59,PCC,C,A78280,MINOR,,101.7384,101.7384,5.6489,27.97,31,,1,,,,,,
c8a7b035-fc96-4881-81e0-65ce812d29c5,BAPS USPSA August,2019-08-17,4,Blue,C36F235B-6E07-46E9-99D1-42F4A9E93BDB,Jim Ducan,18,62.29,2,90.94,Production,A,,MINOR,Super Senior,145.5038,99.6619,5.5336,27.83,29,,3,,,,,,
c8a7b035-fc96-4881-81e0-65ce812d29c5,BAPS USPSA August,2019-08-17,4,Blue,C36F235B-6E07-46E9-99D1-42F4A9E93BDB,Bob Zweck,19,62.29,3,83.61,Open,B,A94853,MAJOR,,133.7770,99.6619,5.5336,27.83,26,,6,,,,,,
c8a7b035-fc96-4881-81e0-65ce812d29c5,BAPS USPSA August,2019-08-17,4,Blue,C36F235B-6E07-46E9-99D1-42F4A9E93BDB,Christopher Zak,20,61.96,10,61.96,PCC,U,L4616,MINOR,,99.1396,99.1396,5.5046,26.16,24,,8,,,,,,
c8a7b035-fc96-4881-81e0-65ce812d29c5,BAPS USPSA August,2019-08-17,4,Blue,C36F235B-6E07-46E9-99D1-42F4A9E93BDB,Roman Gwiscz,21,61.76,11,61.76,PCC,U,A56629,MINOR,,98.8172,98.8172,5.4867,26.61,27,,3,2,,,,,
c8a7b035-fc96-4881-81e0-65ce812d29c5,BAPS USPSA August,2019-08-17,4,Blue,C36F235B-6E07-46E9-99D1-42F4A9E93BDB,Ogie Delarosa,22,61.29,4,82.27,Open,A,TY52066,MAJOR,,131.6302,98.0625,5.4448,20.57,24,,5,1,2,,,1,
c8a7b035-fc96-4881-81e0-65ce812d29c5,BAPS USPSA August,2019-08-17,4,Blue,C36F235B-6E07-46E9-99D1-42F4A9E93BDB,Duane Mendoza,23,59.93,5,80.45,Open,C,TY98162,MAJOR,,128.7219,95.8959,5.3245,24.04,18,,11,2,1,,,,
c8a7b035-fc96-4881-81e0-65ce812d29c5,BAPS USPSA August,2019-08-17,4,Blue,C36F235B-6E07-46E9-99D1-42F4A9E93BDB,Dave Campbell,24,59.20,6,79.46,Open,M,TY26527,MAJOR,Senior; Super Senior,127.1408,94.7180,5.2591,26.05,23,,8,,1,,,,
c8a7b035-fc96-4881-81e0-65ce812d29c5,BAPS USPSA August,2019-08-17,4,Blue,C36F235B-6E07-46E9-99D1-42F4A9E93BDB,Adam Weinstein,25,58.81,12,58.81,PCC,,A111998,MINOR,,94.0985,94.0985,5.2247,26.03,25,,7,,,,1,,
c8a7b035-fc96-4881-81e0-65ce812d29c5,BAPS USPSA August,2019-08-17,4,Blue,C36F235B-6E07-46E9-99D1-42F4A9E93BDB,Jay Bennett,26,58.65,5,82.33,Carry Optics,B,A77156,MINOR,Senior,131.7320,93.8337,5.2100,24.76,23,,7,,1,,,,
c8a7b035-fc96-4881-81e0-65ce812d29c5,BAPS USPSA August,2019-08-17,4,Blue,C36F235B-6E07-46E9-99D1-42F4A9E93BDB,Paul Felker,27,55.71,6,78.21,Carry Optics,A,A107123,MINOR,,125.1378,89.1366,4.9492,29.50,25,,7,,,,,,
c8a7b035-fc96-4881-81e0-65ce812d29c5,BAPS USPSA August,2019-08-17,4,Blue,C36F235B-6E07-46E9-99D1-42F4A9E93BDB,Michael Pontious,28,55.06,7,73.91,Open,U,ty94575,MAJOR,Senior,118.2539,88.0974,4.8915,30.87,23,,9,,,,,,
c8a7b035-fc96-4881-81e0-65ce812d29c5,BAPS USPSA August,2019-08-17,4,Blue,C36F235B-6E07-46E9-99D1-42F4A9E93BDB,Olayemi Bakare,29,54.20,3,79.14,Production,B,,MINOR,,126.6190,86.7269,4.8154,27.62,25,,6,,1,,,,
c8a7b035-fc96-4881-81e0-65ce812d29c5,BAPS USPSA August,2019-08-17,4,Blue,C36F235B-6E07-46E9-99D1-42F4A9E93BDB,Derek Rabuck,30,53.72,8,72.11,Open,X,A91331,MAJOR,,115.3746,85.9524,4.7724,31.64,23,,9,,,,,,
c8a7b035-fc96-4881-81e0-65ce812d29c5,BAPS USPSA August,2019-08-17,4,Blue,C36F235B-6E07-46E9-99D1-42F4A9E93BDB,Mike Junco,31,51.29,4,74.89,Production,A,FY107182,MINOR,,119.8219,82.0712,4.5569,23.92,19,,11,1,1,,1,,
c8a7b035-fc96-4881-81e0-65ce812d29c5,BAPS USPSA August,2019-08-17,4,Blue,C36F235B-6E07-46E9-99D1-42F4A9E93BDB,Jonathan Warrender,32,50.15,2,71.99,Limited,B,ty86145,MAJOR,Military,115.1821,80.2377,4.4551,27.16,23,,6,1,2,,,,
c8a7b035-fc96-4881-81e0-65ce812d29c5,BAPS USPSA August,2019-08-17,4,Blue,C36F235B-6E07-46E9-99D1-42F4A9E93BDB,Art Nelson,33,50.05,13,50.05,PCC,,A116323,MINOR,,80.0846,80.0846,4.4466,30.36,26,,5,,1,,,,
c8a7b035-fc96-4881-81e0-65ce812d29c5,BAPS USPSA August,2019-08-17,4,Blue,C36F235B-6E07-46E9-99D1-42F4A9E93BDB,Ashley Sullivan,34,48.09,5,70.21,Production,C,,MINOR,Lady,112.3437,76.9491,4.2725,34.64,26,,5,,,,,,
c8a7b035-fc96-4881-81e0-65ce812d29c5,BAPS USPSA August,2019-08-17,4,Blue,C36F235B-6E07-46E9-99D1-42F4A9E93BDB,Randy Goodney,35,47.88,9,64.27,Open,A,A94852,MAJOR,,102.8276,76.6051,4.2534,21.63,20,,8,,4,,,,
c8a7b035-fc96-4881-81e0-65ce812d29c5,BAPS USPSA August,2019-08-17,4,Blue,C36F235B-6E07-46E9-99D1-42F4A9E93BDB,Danny Naramore,36,46.99,10,63.08,Open,C,TY96553,MAJOR,,100.9250,75.1876,4.1747,36.41,24,,7,,,,,,
c8a7b035-fc96-4881-81e0-65ce812d29c5,BAPS USPSA August,2019-08-17,4,Blue,C36F235B-6E07-46E9-99D1-42F4A9E93BDB,Nathan Peterson,37,46.77,6,68.29,Production,U,,MINOR,,109.2567,74.8346,4.1551,32.49,26,,5,,1,,,,
c8a7b035-fc96-4881-81e0-65ce812d29c5,BAPS USPSA August,2019-08-17,4,Blue,C36F235B-6E07-46E9-99D1-42F4A9E93BDB,Andrew Whitley,38,46.67,3,67.00,Limited,C,TY106649,MAJOR,,107.1958,74.6744,4.1462,32.56,23,,7,1,1,,,,
c8a7b035-fc96-4881-81e0-65ce812d29c5,BAPS USPSA August,2019-08-17,4,Blue,C36F235B-6E07-46E9-99D1-42F4A9E93BDB,Dario Belarmino,39,45.49,14,45.49,PCC,U,,MINOR,,72.7887,72.7887,4.0415,27.96,25,,6,,1,,2,,
c8a7b035-fc96-4881-81e0-65ce812d29c5,BAPS USPSA August,2019-08-17,4,Blue,C36F235B-6E07-46E9-99D1-42F4A9E93BDB,Jon Baguio,40,44.54,7,62.53,Carry Optics,,,MINOR,,100.0405,71.2596,3.9566,25.78,17,,12,1,2,,,,
c8a7b035-fc96-4881-81e0-65ce812d29c5,BAPS USPSA August,2019-08-17,4,Blue,C36F235B-6E07-46E9-99D1-42F4A9E93BDB,Jay Olmstead,41,44.44,15,44.44,PCC,B,L3738,MINOR,Super Senior,71.1119,71.1119,3.9484,37.99,27,,5,,,,,,
c8a7b035-fc96-4881-81e0-65ce812d29c5,BAPS USPSA August,2019-08-17,4,Blue,C36F235B-6E07-46E9-99D1-42F4A9E93BDB,Chris Peterson,42,44.18,7,64.50,Production,U,,MINOR,,103.2063,70.6905,3.9250,34.14,25,,6,1,,,1,,
c8a7b035-fc96-4881-81e0-65ce812d29c5,BAPS USPSA August,2019-08-17,4,Blue,C36F235B-6E07-46E9-99D1-42F4A9E93BDB,Mark Fornesa,43,43.90,16,43.90,PCC,,,MINOR,,70.2456,70.2456,3.9003,34.10,25,,6,,1,,,,
c8a7b035-fc96-4881-81e0-65ce812d29c5,BAPS USPSA August,2019-08-17,4,Blue,C36F235B-6E07-46E9-99D1-42F4A9E93BDB,Stefan Liming,44,43.76,8,61.44,Carry Optics,C,A71566,MINOR,,98.2984,70.0187,3.8877,32.41,28,,2,,2,,,,
c8a7b035-fc96-4881-81e0-65ce812d29c5,BAPS USPSA August,2019-08-17,4,Blue,C36F235B-6E07-46E9-99D1-42F4A9E93BDB,Arnold Gee,45,43.10,4,61.86,Limited,C,TY103519,MINOR,,98.9820,68.9525,3.8285,30.56,22,,9,,1,,1,,
c8a7b035-fc96-4881-81e0-65ce812d29c5,BAPS USPSA August,2019-08-17,4,Blue,C36F235B-6E07-46E9-99D1-42F4A9E93BDB,Kristen Day,46,42.83,5,61.49,Limited,U,TY1221933,MAJOR,Lady,98.3770,68.5310,3.8051,36.53,25,,5,2,,,1,,
c8a7b035-fc96-4881-81e0-65ce812d29c5,BAPS USPSA August,2019-08-17,4,Blue,C36F235B-6E07-46E9-99D1-42F4A9E93BDB,Mike Michaelis,47,42.69,8,62.32,Production,,,MINOR,,99.7196,68.3023,3.7924,37.18,29,,2,,1,,,,
c8a7b035-fc96-4881-81e0-65ce812d29c5,BAPS USPSA August,2019-08-17,4,Blue,C36F235B-6E07-46E9-99D1-42F4A9E93BDB,Albert Calderon,48,42.53,11,57.08,Open,B,A74721,MAJOR,,91.3322,68.0412,3.7779,26.47,20,,6,3,3,,,,
c8a7b035-fc96-4881-81e0-65ce812d29c5,BAPS USPSA August,2019-08-17,4,Blue,C36F235B-6E07-46E9-99D1-42F4A9E93BDB,Corey Arrington,49,42.09,9,61.44,Production,,,MINOR,,98.3102,67.3370,3.7388,35.84,22,,7,3,,,,,
c8a7b035-fc96-4881-81e0-65ce812d29c5,BAPS USPSA August,2019-08-17,4,Blue,C36F235B-6E07-46E9-99D1-42F4A9E93BDB,Gary Wu,50,41.44,10,60.50,Production,B,L2998,MINOR,,96.8062,66.3068,3.6816,31.78,22,,9,,1,,1,,
c8a7b035-fc96-4881-81e0-65ce812d29c5,BAPS USPSA August,2019-08-17,4,Blue,C36F235B-6E07-46E9-99D1-42F4A9E93BDB,Doug Dillon,51,41.02,11,59.88,Production,B,A71359,MINOR,Law Enforcement,95.8096,65.6242,3.6437,32.11,22,,9,,1,,1,,
c8a7b035-fc96-4881-81e0-65ce812d29c5,BAPS USPSA August,2019-08-17,4,Blue,C36F235B-6E07-46E9-99D1-42F4A9E93BDB,Michael Henss,52,40.06,6,57.51,Limited,C,A59966,MINOR,Military,92.0143,64.0987,3.5590,37.37,25,,6,,1,,,,
c8a7b035-fc96-4881-81e0-65ce812d29c5,BAPS USPSA August,2019-08-17,4,Blue,C36F235B-6E07-46E9-99D1-42F4A9E93BDB,Robert Hollier,53,40.04,12,58.45,Production,U,FY24941,MINOR,Senior,93.5220,64.0573,3.5567,34.02,21,,8,2,1,,,,
c8a7b035-fc96-4881-81e0-65ce812d29c5,BAPS USPSA August,2019-08-17,4,Blue,C36F235B-6E07-46E9-99D1-42F4A9E93BDB,Pat Byrne,54,39.67,7,56.95,Limited,C,TY93921,MAJOR,,91.1146,63.4719,3.5242,36.32,24,,7,,1,,1,,
c8a7b035-fc96-4881-81e0-65ce812d29c5,BAPS USPSA August,2019-08-17,4,Blue,C36F235B-6E07-46E9-99D1-42F4A9E93BDB,Chris Ballard,55,39.23,8,56.32,Limited,,,MAJOR,,90.1115,62.7731,3.4854,35.29,23,,7,,2,,,,
c8a7b035-fc96-4881-81e0-65ce812d29c5,BAPS USPSA August,2019-08-17,4,Blue,C36F235B-6E07-46E9-99D1-42F4A9E93BDB,Jerry Dueitt,56,39.23,13,57.27,Production,D,ty108354,MINOR,,91.6367,62.7659,3.4850,37.59,24,,7,,1,,,,
c8a7b035-fc96-4881-81e0-65ce812d29c5,BAPS USPSA August,2019-08-17,4,Blue,C36F235B-6E07-46E9-99D1-42F4A9E93BDB,Ross Apffel,57,39.00,1,100.00,Single Stack,U,L4428,MAJOR,,160.0000,62.4075,3.4651,36.94,24,,7,,1,,1,,
c8a7b035-fc96-4881-81e0-65ce812d29c5,BAPS USPSA August,2019-08-17,4,Blue,C36F235B-6E07-46E9-99D1-42F4A9E93BDB,Benjamin Michael,58,38.42,9,53.94,Carry Optics,X,,MINOR,,86.2984,61.4710,3.4131,37.21,27,,4,,1,,1,,
c8a7b035-fc96-4881-81e0-65ce812d29c5,BAPS USPSA August,2019-08-17,4,Blue,C36F235B-6E07-46E9-99D1-42F4A9E93BDB,John Stokes,59,37.70,14,55.05,Production,U,,MINOR,,88.0764,60.3273,3.3496,40.90,27,,4,,1,,,,
c8a7b035-fc96-4881-81e0-65ce812d29c5,BAPS USPSA August,2019-08-17,4,Blue,C36F235B-6E07-46E9-99D1-42F4A9E93BDB,Nathan Turner,60,37.07,17,37.07,PCC,U,,MINOR,,59.3062,59.3062,3.2929,32.19,24,,5,1,2,,1,,
c8a7b035-fc96-4881-81e0-65ce812d29c5,BAPS USPSA August,2019-08-17,4,Blue,C36F235B-6E07-46E9-99D1-42F4A9E93BDB,Mike Kahl,61,36.62,15,53.46,Production,B,,MINOR,,85.5363,58.5875,3.2530,34.43,22,,7,1,2,,,,
c8a7b035-fc96-4881-81e0-65ce812d29c5,BAPS USPSA August,2019-08-17,4,Blue,C36F235B-6E07-46E9-99D1-42F4A9E93BDB,Richard Dillow,62,36.15,12,48.53,Open,C,TY57446,MINOR,Senior,77.6441,57.8437,3.2117,38.92,23,,6,2,1,,,,
c8a7b035-fc96-4881-81e0-65ce812d29c5,BAPS USPSA August,2019-08-17,4,Blue,C36F235B-6E07-46E9-99D1-42F4A9E93BDB,Mickey Gallaway,63,32.86,9,47.18,Limited,B,A556,MAJOR,Super Senior,75.4807,52.5811,2.9195,39.39,23,,3,4,2,,,,
c8a7b035-fc96-4881-81e0-65ce812d29c5,BAPS USPSA August,2019-08-17,4,Blue,C36F235B-6E07-46E9-99D1-42F4A9E93BDB,Michelle Lonergan,64,32.86,16,47.97,Production,C,TY84120,MINOR,Lady,76.7592,52.5757,2.9192,41.45,21,,8,2,1,,,,
c8a7b035-fc96-4881-81e0-65ce812d29c5,BAPS USPSA August,2019-08-17,4,Blue,C36F235B-6E07-46E9-99D1-42F4A9E93BDB,Ethan Hamala,65,32.46,10,46.60,Limited,,8358,MINOR,,74.5577,51.9381,2.8838,46.12,26,,4,1,1,,,,
c8a7b035-fc96-4881-81e0-65ce812d29c5,BAPS USPSA August,2019-08-17,4,Blue,C36F235B-6E07-46E9-99D1-42F4A9E93BDB,"Jeff Maxwell, Jr",66,31.79,11,45.63,Limited,C,L4489,MAJOR,,73.0143,50.8629,2.8241,52.76,25,,5,2,,,,,
c8a7b035-fc96-4881-81e0-65ce812d29c5,BAPS USPSA August,2019-08-17,4,Blue,C36F235B-6E07-46E9-99D1-42F4A9E93BDB,Tom Neal,67,31.21,10,43.81,Carry Optics,U,L2362,MINOR,Senior,70.1037,49.9354,2.7726,42.56,24,,6,,2,,,,
c8a7b035-fc96-4881-81e0-65ce812d29c5,BAPS USPSA August,2019-08-17,4,Blue,C36F235B-6E07-46E9-99D1-42F4A9E93BDB,Lawney Morales,68,30.37,12,43.59,Limited,D,TY75143,MINOR,,69.7437,48.5846,2.6976,53.38,24,,7,,,,,,
c8a7b035-fc96-4881-81e0-65ce812d29c5,BAPS USPSA August,2019-08-17,4,Blue,C36F235B-6E07-46E9-99D1-42F4A9E93BDB,Solomon Sandoval,69,28.98,13,41.60,Limited,U,,MINOR,Senior,66.5611,46.3675,2.5745,34.57,18,,9,2,3,,,,
c8a7b035-fc96-4881-81e0-65ce812d29c5,BAPS USPSA August,2019-08-17,4,Blue,C36F235B-6E07-46E9-99D1-42F4A9E93BDB,Steve Deardorff,70,28.65,14,41.12,Limited,,TY16844,MAJOR,,65.7984,45.8362,2.5450,45.58,20,,8,2,2,,,,
c8a7b035-fc96-4881-81e0-65ce812d29c5,BAPS USPSA August,2019-08-17,4,Blue,C36F235B-6E07-46E9-99D1-42F4A9E93BDB,Chris Nagala,71,28.59,17,41.74,Production,C,TY97712,MINOR,,66.7830,45.7426,2.5398,46.46,24,,6,,2,,,,
c8a7b035-fc96-4881-81e0-65ce812d29c5,BAPS USPSA August,2019-08-17,4,Blue,C36F235B-6E07-46E9-99D1-42F4A9E93BDB,Raul Farladansky,72,28.56,15,41.00,Limited,,,MINOR,Super Senior,65.5993,45.6976,2.5373,51.63,24,,7,,1,,,,
c8a7b035-fc96-4881-81e0-65ce812d29c5,BAPS USPSA August,2019-08-17,4,Blue,C36F235B-6E07-46E9-99D1-42F4A9E93BDB,Ron Potier,73,28.22,11,39.62,Carry Optics,D,TY113089,MINOR,,63.3982,45.1591,2.5074,50.65,22,,9,,1,,,,
c8a7b035-fc96-4881-81e0-65ce812d29c5,BAPS USPSA August,2019-08-17,4,Blue,C36F235B-6E07-46E9-99D1-42F4A9E93BDB,Emman Alcoseba,74,27.09,16,38.88,Limited,C,Ty67519,MAJOR,,62.2099,43.3364,2.4062,41.56,18,,9,2,3,,,,
c8a7b035-fc96-4881-81e0-65ce812d29c5,BAPS USPSA August,2019-08-17,4,Blue,C36F235B-6E07-46E9-99D1-42F4A9E93BDB,Ramil Villanueva,75,25.01,12,35.10,Carry Optics,,,MINOR,,56.1669,40.0081,2.2214,25.66,16,,8,3,5,,,,
c8a7b035-fc96-4881-81e0-65ce812d29c5,BAPS USPSA August,2019-08-17,4,Blue,C36F235B-6E07-46E9-99D1-42F4A9E93BDB,Mick Sambasile,76,24.94,13,35.02,Carry Optics,X,TY47665,MINOR,,56.0303,39.9108,2.2160,39.26,21,,7,1,3,,1,,
c8a7b035-fc96-4881-81e0-65ce812d29c5,BAPS USPSA August,2019-08-17,4,Blue,C36F235B-6E07-46E9-99D1-42F4A9E93BDB,Mildred Belarmino,77,19.36,18,28.27,Production,U,,MINOR,Lady,45.2267,30.9777,1.7200,70.35,20,,10,1,1,,,,
c8a7b035-fc96-4881-81e0-65ce812d29c5,BAPS USPSA August,2019-08-17,4,Blue,C36F235B-6E07-46E9-99D1-42F4A9E93BDB,Keith Armstrong,78,16.24,1,100.00,Limited 10,,75241,MAJOR,Military,160.0000,25.9763,1.4423,58.24,20,,7,1,3,,2,,
c8a7b035-fc96-4881-81e0-65ce812d29c5,BAPS USPSA August,2019-08-17,4,Blue,C36F235B-6E07-46E9-99D1-42F4A9E93BDB,Ina Delos santos,79,15.88,14,22.29,Carry Optics,U,,MINOR,,35.6612,25.4017,1.4104,49.63,20,,6,2,4,,1,,
c8a7b035-fc96-4881-81e0-65ce812d29c5,BAPS USPSA August,2019-08-17,4,Blue,C36F235B-6E07-46E9-99D1-42F4A9E93BDB,Betty Krumholz,80,12.54,19,18.30,Production,C,TY93665,MINOR,Lady,29.2843,20.0581,1.1137,90.69,22,,7,,3,,,,
c8a7b035-fc96-4881-81e0-65ce812d29c5,BAPS USPSA August,2019-08-17,4,Blue,C36F235B-6E07-46E9-99D1-42F4A9E93BDB,Terry Jenkins,81,10.54,20,15.39,Production,U,,MINOR,,24.6275,16.8685,0.9366,76.87,18,,6,4,4,,,,
c8a7b035-fc96-4881-81e0-65ce812d29c5,BAPS USPSA August,2019-08-17,4,Blue,C36F235B-6E07-46E9-99D1-42F4A9E93BDB,Ralph Burbe,82,2.06,21,3.01,Production,U,,MINOR,,4.8093,3.2941,0.1829,43.74,12,,8,4,8,,,,
c8a7b035-fc96-4881-81e0-65ce812d29c5,BAPS USPSA August,2019-08-17,4,Blue,C36F235B-6E07-46E9-99D1-42F4A9E93BDB,Bill Kinstley,83,0.00,17,0.00,Limited,C,A104836,MAJOR,,0.0000,0.0000,0.0000,17.31,7,,9,2,14,,,10,
c8a7b035-fc96-4881-81e0-65ce812d29c5,BAPS USPSA August,2019-08-17,4,Blue,C36F235B-6E07-46E9-99D1-42F4A9E93BDB,Kz Jenkins jr,84,0.00,22,0.00,Production,U,,MINOR,,0.0000,0.0000,0.0000,66.11,11,,4,2,15,,,,
c8a7b035-fc96-4881-81e0-65ce812d29c5,BAPS USPSA August,2019-08-17,5,Green,57A2E63A-FBBF-4F73-B3B5-D1DD4C7D75B6,Ogie Delarosa,1,100.00,1,100.00,Open,A,TY52066,MAJOR,,65.0000,65.0000,8.7977,6.82,10,,2,1,,,,,
c8a7b035-fc96-4881-81e0-65ce812d29c5,BAPS USPSA August,2019-08-17,5,Green,57A2E63A-FBBF-4F73-B3B5-D1DD4C7D75B6,Duane Mendoza,2,95.49,2,95.49,Open,C,TY98162,MAJOR,,62.0698,62.0698,8.4011,7.38,10,,3,,,,,,
c8a7b035-fc96-4881-81e0-65ce812d29c5,BAPS USPSA August,2019-08-17,5,Green,57A2E63A-FBBF-4F73-B3B5-D1DD4C7D75B6,Wade Pruetz,3,92.64,1,100.00,PCC,M,TY79055,MINOR,,65.0000,60.2153,8.1501,7.73,12,,1,,,,,,
c8a7b035-fc96-4881-81e0-65ce812d29c5,BAPS USPSA August,2019-08-17,5,Green,57A2E63A-FBBF-4F73-B3B5-D1DD4C7D75B6,Tony Phan,4,84.92,1,100.00,Carry Optics,A,FY11963,MINOR,,65.0000,55.2002,7.4713,8.70,13,,,,,,,,
c8a7b035-fc96-4881-81e0-65ce812d29c5,BAPS USPSA August,2019-08-17,5,Green,57A2E63A-FBBF-4F73-B3B5-D1DD4C7D75B6,Gerrit Milks,5,79.83,2,86.18,PCC,A,A67608,MINOR,Super Senior,56.0142,51.8909,7.0234,8.97,12,,1,,,,,,
c8a7b035-fc96-4881-81e0-65ce812d29c5,BAPS USPSA August,2019-08-17,5,Green,57A2E63A-FBBF-4F73-B3B5-D1DD4C7D75B6,Mark Meyers,6,78.52,3,84.76,PCC,,A50232,MINOR,,55.0962,51.0406,6.9083,8.83,11,,2,,,,,,
c8a7b035-fc96-4881-81e0-65ce812d29c5,BAPS USPSA August,2019-08-17,5,Green,57A2E63A-FBBF-4F73-B3B5-D1DD4C7D75B6,Randy Goodney,7,78.30,3,78.30,Open,A,A94852,MAJOR,,50.8972,50.8972,6.8889,9.00,10,,3,,,,,,
c8a7b035-fc96-4881-81e0-65ce812d29c5,BAPS USPSA August,2019-08-17,5,Green,57A2E63A-FBBF-4F73-B3B5-D1DD4C7D75B6,Christopher Zak,8,77.30,4,83.44,PCC,U,L4616,MINOR,,54.2357,50.2434,6.8004,8.97,11,,,,,,,,
c8a7b035-fc96-4881-81e0-65ce812d29c5,BAPS USPSA August,2019-08-17,5,Green,57A2E63A-FBBF-4F73-B3B5-D1DD4C7D75B6,Chev Jacot,9,76.19,5,82.25,PCC,B,A72378,MINOR,,53.4612,49.5260,6.7033,9.10,11,,2,,,,,,
c8a7b035-fc96-4881-81e0-65ce812d29c5,BAPS USPSA August,2019-08-17,5,Green,57A2E63A-FBBF-4F73-B3B5-D1DD4C7D75B6,Paul Van wyk,10,75.78,6,81.80,PCC,M,,MINOR,,53.1693,49.2555,6.6667,7.20,11,,1,,1,,,,
c8a7b035-fc96-4881-81e0-65ce812d29c5,BAPS USPSA August,2019-08-17,5,Green,57A2E63A-FBBF-4F73-B3B5-D1DD4C7D75B6,Paul Felker,11,75.78,2,89.23,Carry Optics,A,A107123,MINOR,,58.0000,49.2555,6.6667,8.85,10,,3,,,,,,
c8a7b035-fc96-4881-81e0-65ce812d29c5,BAPS USPSA August,2019-08-17,5,Green,57A2E63A-FBBF-4F73-B3B5-D1DD4C7D75B6,Ross Apffel,12,75.08,1,100.00,Single Stack,U,L4428,MAJOR,,65.0000,48.8049,6.6057,9.84,13,,,,,,,,
c8a7b035-fc96-4881-81e0-65ce812d29c5,BAPS USPSA August,2019-08-17,5,Green,57A2E63A-FBBF-4F73-B3B5-D1DD4C7D75B6,Scott Ragsdale,13,74.16,7,80.05,PCC,B,A91297,MINOR,,52.0321,48.2020,6.5241,9.35,12,,,1,,,,,
c8a7b035-fc96-4881-81e0-65ce812d29c5,BAPS USPSA August,2019-08-17,5,Green,57A2E63A-FBBF-4F73-B3B5-D1DD4C7D75B6,Eric Prehn,14,73.15,8,78.96,PCC,U,TY93797,MINOR,,51.3223,47.5444,6.4351,9.79,12,,1,,,,,,
c8a7b035-fc96-4881-81e0-65ce812d29c5,BAPS USPSA August,2019-08-17,5,Green,57A2E63A-FBBF-4F73-B3B5-D1DD4C7D75B6,Alex Goben,15,72.45,3,85.31,Carry Optics,A,A86498,MINOR,,55.4544,47.0937,6.3741,9.57,11,,2,,,,,,
c8a7b035-fc96-4881-81e0-65ce812d29c5,BAPS USPSA August,2019-08-17,5,Green,57A2E63A-FBBF-4F73-B3B5-D1DD4C7D75B6,Bob Zweck,16,71.11,4,71.11,Open,B,A94853,MAJOR,,46.2219,46.2219,6.2561,10.23,12,,1,,,,,,
c8a7b035-fc96-4881-81e0-65ce812d29c5,BAPS USPSA August,2019-08-17,5,Green,57A2E63A-FBBF-4F73-B3B5-D1DD4C7D75B6,Steven McNamara,17,70.67,5,70.67,Open,B,A75212,MAJOR,,45.9375,45.9375,6.2176,9.65,10,,2,1,,,,,
c8a7b035-fc96-4881-81e0-65ce812d29c5,BAPS USPSA August,2019-08-17,5,Green,57A2E63A-FBBF-4F73-B3B5-D1DD4C7D75B6,Dario Belarmino,18,70.30,9,75.88,PCC,U,,MINOR,,49.3244,45.6936,6.1846,10.51,13,,,,,,,,
c8a7b035-fc96-4881-81e0-65ce812d29c5,BAPS USPSA August,2019-08-17,5,Green,57A2E63A-FBBF-4F73-B3B5-D1DD4C7D75B6,Olayemi Bakare,19,68.65,1,100.00,Production,B,,MINOR,,65.0000,44.6223,6.0396,10.10,11,,2,,,,,,
c8a7b035-fc96-4881-81e0-65ce812d29c5,BAPS USPSA August,2019-08-17,5,Green,57A2E63A-FBBF-4F73-B3B5-D1DD4C7D75B6,Adam Weinstein,20,68.36,10,73.79,PCC,,A111998,MINOR,,47.9662,44.4354,6.0143,9.81,10,,3,,,,,,
c8a7b035-fc96-4881-81e0-65ce812d29c5,BAPS USPSA August,2019-08-17,5,Green,57A2E63A-FBBF-4F73-B3B5-D1DD4C7D75B6,Glenn Cunningham,21,65.34,11,70.53,PCC,C,A78280,MINOR,,45.8440,42.4694,5.7482,10.96,12,,1,,,,,,
c8a7b035-fc96-4881-81e0-65ce812d29c5,BAPS USPSA August,2019-08-17,5,Green,57A2E63A-FBBF-4F73-B3B5-D1DD4C7D75B6,Matt Lem,22,64.55,2,94.02,Production,A,FY34763,MINOR,,61.1137,41.9544,5.6785,10.39,10,,3,,,,,,
c8a7b035-fc96-4881-81e0-65ce812d29c5,BAPS USPSA August,2019-08-17,5,Green,57A2E63A-FBBF-4F73-B3B5-D1DD4C7D75B6,Mark Fornesa,23,64.08,12,69.17,PCC,,,MINOR,,44.9611,41.6515,5.6375,11.53,13,,,,,,,,
c8a7b035-fc96-4881-81e0-65ce812d29c5,BAPS USPSA August,2019-08-17,5,Green,57A2E63A-FBBF-4F73-B3B5-D1DD4C7D75B6,Roman Gwiscz,24,63.93,13,69.01,PCC,U,A56629,MINOR,,44.8566,41.5547,5.6244,10.49,11,,1,1,,,,,
c8a7b035-fc96-4881-81e0-65ce812d29c5,BAPS USPSA August,2019-08-17,5,Green,57A2E63A-FBBF-4F73-B3B5-D1DD4C7D75B6,Michael Pontious,25,63.54,6,63.54,Open,U,ty94575,MAJOR,Senior,41.3013,41.3013,5.5901,11.27,11,,2,,,,,,
c8a7b035-fc96-4881-81e0-65ce812d29c5,BAPS USPSA August,2019-08-17,5,Green,57A2E63A-FBBF-4F73-B3B5-D1DD4C7D75B6,Jay-R Delos-Santos,26,63.26,4,74.49,Carry Optics,B,A70297,MINOR,,48.4161,41.1166,5.5651,11.68,13,,,,,,,,
c8a7b035-fc96-4881-81e0-65ce812d29c5,BAPS USPSA August,2019-08-17,5,Green,57A2E63A-FBBF-4F73-B3B5-D1DD4C7D75B6,Pat Byrne,27,63.20,1,100.00,Limited,C,TY93921,MAJOR,,65.0000,41.0811,5.5603,11.69,13,,,,,,,,
c8a7b035-fc96-4881-81e0-65ce812d29c5,BAPS USPSA August,2019-08-17,5,Green,57A2E63A-FBBF-4F73-B3B5-D1DD4C7D75B6,Dave Campbell,28,62.57,7,62.57,Open,M,TY26527,MAJOR,Senior; Super Senior,40.6696,40.6696,5.5046,10.90,10,,2,1,,,,,
c8a7b035-fc96-4881-81e0-65ce812d29c5,BAPS USPSA August,2019-08-17,5,Green,57A2E63A-FBBF-4F73-B3B5-D1DD4C7D75B6,Albert Calderon,29,61.94,8,61.94,Open,B,A74721,MAJOR,,40.2633,40.2633,5.4496,11.01,8,,5,,,,,,
c8a7b035-fc96-4881-81e0-65ce812d29c5,BAPS USPSA August,2019-08-17,5,Green,57A2E63A-FBBF-4F73-B3B5-D1DD4C7D75B6,Angela Rabuck,30,59.58,14,64.31,PCC,C,A91275,MINOR,Lady,41.8013,38.7243,5.2413,12.02,12,,1,,,,,,
c8a7b035-fc96-4881-81e0-65ce812d29c5,BAPS USPSA August,2019-08-17,5,Green,57A2E63A-FBBF-4F73-B3B5-D1DD4C7D75B6,Jay Bennett,31,59.06,5,69.54,Carry Optics,B,A77156,MINOR,Senior,45.2041,38.3888,5.1959,11.74,11,,2,,,,,,
c8a7b035-fc96-4881-81e0-65ce812d29c5,BAPS USPSA August,2019-08-17,5,Green,57A2E63A-FBBF-4F73-B3B5-D1DD4C7D75B6,Michael Henss,32,58.07,2,91.88,Limited,C,A59966,MINOR,Military,59.7231,37.7461,5.1089,11.94,11,,2,,,,,,
c8a7b035-fc96-4881-81e0-65ce812d29c5,BAPS USPSA August,2019-08-17,5,Green,57A2E63A-FBBF-4F73-B3B5-D1DD4C7D75B6,Chris Peterson,33,57.81,3,84.21,Production,U,,MINOR,,54.7392,37.5783,5.0862,11.60,10,,3,,,,,,
c8a7b035-fc96-4881-81e0-65ce812d29c5,BAPS USPSA August,2019-08-17,5,Green,57A2E63A-FBBF-4F73-B3B5-D1DD4C7D75B6,Arnold Gee,34,57.80,3,91.45,Limited,C,TY103519,MINOR,,59.4402,37.5673,5.0847,9.44,11,,1,,1,,,,
c8a7b035-fc96-4881-81e0-65ce812d29c5,BAPS USPSA August,2019-08-17,5,Green,57A2E63A-FBBF-4F73-B3B5-D1DD4C7D75B6,Corey Arrington,35,56.83,4,82.79,Production,,,MINOR,,53.8115,36.9415,5.0000,12.60,12,,1,,,,,,
c8a7b035-fc96-4881-81e0-65ce812d29c5,BAPS USPSA August,2019-08-17,5,Green,57A2E63A-FBBF-4F73-B3B5-D1DD4C7D75B6,Derek Rabuck,36,56.66,9,56.66,Open,X,A91331,MAJOR,,36.8306,36.8306,4.9850,10.03,12,,,,1,,,,
c8a7b035-fc96-4881-81e0-65ce812d29c5,BAPS USPSA August,2019-08-17,5,Green,57A2E63A-FBBF-4F73-B3B5-D1DD4C7D75B6,Jay Olmstead,37,55.21,15,59.60,PCC,B,L3738,MINOR,Super Senior,38.7395,35.8879,4.8574,12.97,12,,1,,,,,,
c8a7b035-fc96-4881-81e0-65ce812d29c5,BAPS USPSA August,2019-08-17,5,Green,57A2E63A-FBBF-4F73-B3B5-D1DD4C7D75B6,Richard Dillow,38,55.16,10,55.16,Open,C,TY57446,MINOR,Senior,35.8539,35.8539,4.8528,12.57,11,,2,,,,,,
c8a7b035-fc96-4881-81e0-65ce812d29c5,BAPS USPSA August,2019-08-17,5,Green,57A2E63A-FBBF-4F73-B3B5-D1DD4C7D75B6,Bobby Ivester,39,54.82,11,54.82,Open,A,A101336,MAJOR,,35.6330,35.6330,4.8229,13.27,12,,1,,,,,,
c8a7b035-fc96-4881-81e0-65ce812d29c5,BAPS USPSA August,2019-08-17,5,Green,57A2E63A-FBBF-4F73-B3B5-D1DD4C7D75B6,Gary Wu,40,54.48,5,79.36,Production,B,L2998,MINOR,,51.5826,35.4114,4.7929,12.31,11,,1,1,,,,,
c8a7b035-fc96-4881-81e0-65ce812d29c5,BAPS USPSA August,2019-08-17,5,Green,57A2E63A-FBBF-4F73-B3B5-D1DD4C7D75B6,Nathan Peterson,41,54.13,6,78.84,Production,U,,MINOR,,51.2490,35.1823,4.7619,13.23,12,,1,,,,,,
c8a7b035-fc96-4881-81e0-65ce812d29c5,BAPS USPSA August,2019-08-17,5,Green,57A2E63A-FBBF-4F73-B3B5-D1DD4C7D75B6,Chris Ballard,42,54.07,4,85.55,Limited,,,MAJOR,,55.6082,35.1454,4.7569,9.46,9,,2,1,1,,,,
c8a7b035-fc96-4881-81e0-65ce812d29c5,BAPS USPSA August,2019-08-17,5,Green,57A2E63A-FBBF-4F73-B3B5-D1DD4C7D75B6,Ryan Alicaya,43,53.14,6,62.57,Carry Optics,,,MINOR,,40.6732,34.5410,4.6751,12.62,11,,1,1,,,,,
c8a7b035-fc96-4881-81e0-65ce812d29c5,BAPS USPSA August,2019-08-17,5,Green,57A2E63A-FBBF-4F73-B3B5-D1DD4C7D75B6,Jonathan Warrender,44,53.08,5,83.99,Limited,B,ty86145,MAJOR,Military,54.5935,34.5041,4.6701,13.49,11,,2,,,,,,
c8a7b035-fc96-4881-81e0-65ce812d29c5,BAPS USPSA August,2019-08-17,5,Green,57A2E63A-FBBF-4F73-B3B5-D1DD4C7D75B6,Ashley Sullivan,45,52.17,7,76.00,Production,C,,MINOR,Lady,49.3979,33.9115,4.5899,13.29,11,,2,,,,,,
c8a7b035-fc96-4881-81e0-65ce812d29c5,BAPS USPSA August,2019-08-17,5,Green,57A2E63A-FBBF-4F73-B3B5-D1DD4C7D75B6,Mike Junco,46,51.22,8,74.61,Production,A,FY107182,MINOR,,48.4939,33.2909,4.5059,12.65,9,,4,,,,,,
c8a7b035-fc96-4881-81e0-65ce812d29c5,BAPS USPSA August,2019-08-17,5,Green,57A2E63A-FBBF-4F73-B3B5-D1DD4C7D75B6,Jim Ducan,47,50.19,9,73.11,Production,A,,MINOR,Super Senior,47.5242,32.6252,4.4158,14.72,13,,,,,,,,
c8a7b035-fc96-4881-81e0-65ce812d29c5,BAPS USPSA August,2019-08-17,5,Green,57A2E63A-FBBF-4F73-B3B5-D1DD4C7D75B6,Danny Naramore,48,49.12,12,49.12,Open,C,TY96553,MAJOR,,31.9285,31.9285,4.3215,11.57,12,,,,1,,,,
c8a7b035-fc96-4881-81e0-65ce812d29c5,BAPS USPSA August,2019-08-17,5,Green,57A2E63A-FBBF-4F73-B3B5-D1DD4C7D75B6,Bill Kinstley,49,48.14,6,76.16,Limited,C,A104836,MAJOR,,49.5072,31.2894,4.2350,14.64,10,,3,,,,,,
c8a7b035-fc96-4881-81e0-65ce812d29c5,BAPS USPSA August,2019-08-17,5,Green,57A2E63A-FBBF-4F73-B3B5-D1DD4C7D75B6,Mike Kahl,50,48.09,10,70.05,Production,B,,MINOR,,45.5353,31.2599,4.2310,14.89,12,,1,,,,,,
c8a7b035-fc96-4881-81e0-65ce812d29c5,BAPS USPSA August,2019-08-17,5,Green,57A2E63A-FBBF-4F73-B3B5-D1DD4C7D75B6,Benjamin Michael,51,44.19,7,52.04,Carry Optics,X,,MINOR,,33.8237,28.7242,3.8878,15.69,11,,2,,,,,,
c8a7b035-fc96-4881-81e0-65ce812d29c5,BAPS USPSA August,2019-08-17,5,Green,57A2E63A-FBBF-4F73-B3B5-D1DD4C7D75B6,Robert Hollier,52,43.76,11,63.74,Production,U,FY24941,MINOR,Senior,41.4295,28.4412,3.8495,11.43,9,,2,,1,,,,
c8a7b035-fc96-4881-81e0-65ce812d29c5,BAPS USPSA August,2019-08-17,5,Green,57A2E63A-FBBF-4F73-B3B5-D1DD4C7D75B6,Andrew Whitley,53,42.02,7,66.49,Limited,C,TY106649,MAJOR,,43.2168,27.3138,3.6969,16.23,10,,2,1,,,,,
c8a7b035-fc96-4881-81e0-65ce812d29c5,BAPS USPSA August,2019-08-17,5,Green,57A2E63A-FBBF-4F73-B3B5-D1DD4C7D75B6,Nathan Turner,54,41.33,16,44.62,PCC,U,,MINOR,,29.0016,26.8668,3.6364,10.45,11,,1,,1,,1,,
c8a7b035-fc96-4881-81e0-65ce812d29c5,BAPS USPSA August,2019-08-17,5,Green,57A2E63A-FBBF-4F73-B3B5-D1DD4C7D75B6,Stefan Liming,55,41.30,8,48.63,Carry Optics,C,A71566,MINOR,,31.6087,26.8432,3.6332,17.34,12,,1,,,,,,
c8a7b035-fc96-4881-81e0-65ce812d29c5,BAPS USPSA August,2019-08-17,5,Green,57A2E63A-FBBF-4F73-B3B5-D1DD4C7D75B6,Kristen Day,56,39.28,8,62.15,Limited,U,TY1221933,MAJOR,Lady,40.3995,25.5332,3.4559,13.60,9,,3,,1,,,,
c8a7b035-fc96-4881-81e0-65ce812d29c5,BAPS USPSA August,2019-08-17,5,Green,57A2E63A-FBBF-4F73-B3B5-D1DD4C7D75B6,Mickey Gallaway,57,38.94,9,61.62,Limited,B,A556,MAJOR,Super Senior,40.0512,25.3130,3.4261,18.68,12,,1,,,,,,
c8a7b035-fc96-4881-81e0-65ce812d29c5,BAPS USPSA August,2019-08-17,5,Green,57A2E63A-FBBF-4F73-B3B5-D1DD4C7D75B6,Mick Sambasile,58,38.42,9,45.24,Carry Optics,X,TY47665,MINOR,,29.4067,24.9732,3.3801,15.68,8,,4,1,,,,,
c8a7b035-fc96-4881-81e0-65ce812d29c5,BAPS USPSA August,2019-08-17,5,Green,57A2E63A-FBBF-4F73-B3B5-D1DD4C7D75B6,Doug Dillon,59,37.86,12,55.16,Production,B,A71359,MINOR,Law Enforcement,35.8514,24.6119,3.3312,15.91,12,,1,,,,1,,
c8a7b035-fc96-4881-81e0-65ce812d29c5,BAPS USPSA August,2019-08-17,5,Green,57A2E63A-FBBF-4F73-B3B5-D1DD4C7D75B6,Jerry Dueitt,60,37.29,13,54.33,Production,D,ty108354,MINOR,,35.3122,24.2417,3.2811,13.41,9,,3,,1,,,,
c8a7b035-fc96-4881-81e0-65ce812d29c5,BAPS USPSA August,2019-08-17,5,Green,57A2E63A-FBBF-4F73-B3B5-D1DD4C7D75B6,Lawney Morales,61,36.69,10,58.05,Limited,D,TY75143,MINOR,,37.7307,23.8465,3.2276,17.66,9,,4,,,,,,
c8a7b035-fc96-4881-81e0-65ce812d29c5,BAPS USPSA August,2019-08-17,5,Green,57A2E63A-FBBF-4F73-B3B5-D1DD4C7D75B6,Ramil Villanueva,62,36.60,10,43.10,Carry Optics,,,MINOR,,28.0165,23.7925,3.2203,17.70,9,,4,,,,,,
c8a7b035-fc96-4881-81e0-65ce812d29c5,BAPS USPSA August,2019-08-17,5,Green,57A2E63A-FBBF-4F73-B3B5-D1DD4C7D75B6,Michelle Lonergan,63,36.54,14,53.22,Production,C,TY84120,MINOR,Lady,34.5933,23.7482,3.2143,19.60,12,,1,,,,,,
c8a7b035-fc96-4881-81e0-65ce812d29c5,BAPS USPSA August,2019-08-17,5,Green,57A2E63A-FBBF-4F73-B3B5-D1DD4C7D75B6,Emman Alcoseba,64,36.44,11,57.66,Limited,C,Ty67519,MAJOR,,37.4770,23.6861,3.2059,16.22,10,,3,,,,1,,
c8a7b035-fc96-4881-81e0-65ce812d29c5,BAPS USPSA August,2019-08-17,5,Green,57A2E63A-FBBF-4F73-B3B5-D1DD4C7D75B6,Art Nelson,65,35.97,17,38.83,PCC,,A116323,MINOR,,25.2388,23.3810,3.1646,12.64,12,,,,1,,1,,
c8a7b035-fc96-4881-81e0-65ce812d29c5,BAPS USPSA August,2019-08-17,5,Green,57A2E63A-FBBF-4F73-B3B5-D1DD4C7D75B6,Tom Neal,66,35.71,11,42.05,Carry Optics,U,L2362,MINOR,Senior,27.3300,23.2096,3.1414,15.28,11,,1,,1,,,,
c8a7b035-fc96-4881-81e0-65ce812d29c5,BAPS USPSA August,2019-08-17,5,Green,57A2E63A-FBBF-4F73-B3B5-D1DD4C7D75B6,John Stokes,67,35.14,15,51.19,Production,U,,MINOR,,33.2706,22.8402,3.0914,14.88,10,,2,,1,,,,
c8a7b035-fc96-4881-81e0-65ce812d29c5,BAPS USPSA August,2019-08-17,5,Green,57A2E63A-FBBF-4F73-B3B5-D1DD4C7D75B6,Ethan Hamala,68,34.41,12,54.44,Limited,,8358,MINOR,,35.3892,22.3666,3.0273,20.15,11,,2,,,,,,
c8a7b035-fc96-4881-81e0-65ce812d29c5,BAPS USPSA August,2019-08-17,5,Green,57A2E63A-FBBF-4F73-B3B5-D1DD4C7D75B6,Ina Delos santos,69,32.60,12,38.39,Carry Optics,U,,MINOR,,24.9515,21.1896,2.8680,18.48,12,,1,,,,1,,
c8a7b035-fc96-4881-81e0-65ce812d29c5,BAPS USPSA August,2019-08-17,5,Green,57A2E63A-FBBF-4F73-B3B5-D1DD4C7D75B6,Chris Nagala,70,31.82,16,46.35,Production,C,TY97712,MINOR,,30.1280,20.6828,2.7994,21.79,11,,2,,,,,,
c8a7b035-fc96-4881-81e0-65ce812d29c5,BAPS USPSA August,2019-08-17,5,Green,57A2E63A-FBBF-4F73-B3B5-D1DD4C7D75B6,Mike Michaelis,71,31.37,17,45.69,Production,,,MINOR,,29.6975,20.3873,2.7594,16.67,11,,,1,1,,,,
c8a7b035-fc96-4881-81e0-65ce812d29c5,BAPS USPSA August,2019-08-17,5,Green,57A2E63A-FBBF-4F73-B3B5-D1DD4C7D75B6,Steve Deardorff,72,31.16,13,49.31,Limited,,TY16844,MAJOR,,32.0505,20.2565,2.7417,13.86,10,,2,,1,,1,,
c8a7b035-fc96-4881-81e0-65ce812d29c5,BAPS USPSA August,2019-08-17,5,Green,57A2E63A-FBBF-4F73-B3B5-D1DD4C7D75B6,Solomon Sandoval,73,30.06,14,47.55,Limited,U,,MINOR,Senior,30.9107,19.5361,2.6442,16.64,10,,1,1,1,,,,
c8a7b035-fc96-4881-81e0-65ce812d29c5,BAPS USPSA August,2019-08-17,5,Green,57A2E63A-FBBF-4F73-B3B5-D1DD4C7D75B6,"Jeff Maxwell, Jr",74,29.71,15,47.01,Limited,C,L4489,MAJOR,,30.5542,19.3108,2.6137,19.13,12,,,,1,,,,
c8a7b035-fc96-4881-81e0-65ce812d29c5,BAPS USPSA August,2019-08-17,5,Green,57A2E63A-FBBF-4F73-B3B5-D1DD4C7D75B6,Jon Baguio,75,28.64,13,33.72,Carry Optics,,,MINOR,,21.9195,18.6148,2.5195,11.51,9,,1,1,2,,,,
c8a7b035-fc96-4881-81e0-65ce812d29c5,BAPS USPSA August,2019-08-17,5,Green,57A2E63A-FBBF-4F73-B3B5-D1DD4C7D75B6,Raul Farladansky,76,24.80,16,39.23,Limited,,,MINOR,Super Senior,25.5006,16.1168,2.1814,28.88,12,,1,,,,,,
c8a7b035-fc96-4881-81e0-65ce812d29c5,BAPS USPSA August,2019-08-17,5,Green,57A2E63A-FBBF-4F73-B3B5-D1DD4C7D75B6,Waldo Samano,77,22.30,17,35.29,Limited,B,,MAJOR,,22.9370,14.4966,1.9621,15.29,6,,4,2,1,,1,,
c8a7b035-fc96-4881-81e0-65ce812d29c5,BAPS USPSA August,2019-08-17,5,Green,57A2E63A-FBBF-4F73-B3B5-D1DD4C7D75B6,Ron Potier,78,22.04,14,25.95,Carry Optics,D,TY113089,MINOR,,16.8683,14.3252,1.9389,20.63,12,,,,1,,1,,
c8a7b035-fc96-4881-81e0-65ce812d29c5,BAPS USPSA August,2019-08-17,5,Green,57A2E63A-FBBF-4F73-B3B5-D1DD4C7D75B6,Ralph Burbe,79,15.93,18,23.20,Production,U,,MINOR,,15.0812,10.3532,1.4013,31.40,9,,3,,1,,,,
c8a7b035-fc96-4881-81e0-65ce812d29c5,BAPS USPSA August,2019-08-17,5,Green,57A2E63A-FBBF-4F73-B3B5-D1DD4C7D75B6,Betty Krumholz,80,12.83,19,18.68,Production,C,TY93665,MINOR,Lady,12.1442,8.3370,1.1284,55.83,12,,1,,,,,,
c8a7b035-fc96-4881-81e0-65ce812d29c5,BAPS USPSA August,2019-08-17,5,Green,57A2E63A-FBBF-4F73-B3B5-D1DD4C7D75B6,Mildred Belarmino,81,9.03,20,13.16,Production,U,,MINOR,Lady,8.5539,5.8722,0.7948,66.68,8,,4,1,,,,,
c8a7b035-fc96-4881-81e0-65ce812d29c5,BAPS USPSA August,2019-08-17,5,Green,57A2E63A-FBBF-4F73-B3B5-D1DD4C7D75B6,Terry Jenkins,82,8.59,21,12.52,Production,U,,MINOR,,8.1363,5.5856,0.7560,60.85,10,,2,,1,,,,
c8a7b035-fc96-4881-81e0-65ce812d29c5,BAPS USPSA August,2019-08-17,5,Green,57A2E63A-FBBF-4F73-B3B5-D1DD4C7D75B6,Keith Armstrong,83,6.53,1,100.00,Limited 10,,75241,MAJOR,Military,65.0000,4.2431,0.5743,43.53,9,,2,1,1,,2,,
c8a7b035-fc96-4881-81e0-65ce812d29c5,BAPS USPSA August,2019-08-17,5,Green,57A2E63A-FBBF-4F73-B3B5-D1DD4C7D75B6,Kz Jenkins jr,84,2.43,22,3.54,Production,U,,MINOR,,2.2978,1.5774,0.2135,70.27,7,,3,1,2,,1,,
c8a7b035-fc96-4881-81e0-65ce812d29c5,BAPS USPSA August,2019-08-17,6,Violet,F394A126-DD98-490D-8422-164C12F27A9F,Wade Pruetz,1,100.00,1,100.00,PCC,M,TY79055,MINOR,,80.0000,80.0000,10.6475,6.95,13,,3,,,,,,
c8a7b035-fc96-4881-81e0-65ce812d29c5,BAPS USPSA August,2019-08-17,6,Violet,F394A126-DD98-490D-8422-164C12F27A9F,Paul Van wyk,2,98.43,2,98.43,PCC,M,,MINOR,,78.7437,78.7437,10.4803,6.87,13,,2,1,,,,,
c8a7b035-fc96-4881-81e0-65ce812d29c5,BAPS USPSA August,2019-08-17,6,Violet,F394A126-DD98-490D-8422-164C12F27A9F,Gerrit Milks,3,92.61,3,92.61,PCC,A,A67608,MINOR,Super Senior,74.0899,74.0899,9.8609,7.91,15,,1,,,,,,
c8a7b035-fc96-4881-81e0-65ce812d29c5,BAPS USPSA August,2019-08-17,6,Violet,F394A126-DD98-490D-8422-164C12F27A9F,Duane Mendoza,4,87.66,1,100.00,Open,C,TY98162,MAJOR,,80.0000,70.1258,9.3333,8.25,13,,3,,,,,,
c8a7b035-fc96-4881-81e0-65ce812d29c5,BAPS USPSA August,2019-08-17,6,Violet,F394A126-DD98-490D-8422-164C12F27A9F,Ogie Delarosa,5,79.05,2,90.18,Open,A,TY52066,MAJOR,,72.1468,63.2419,8.4171,7.96,7,,7,2,,,,,
c8a7b035-fc96-4881-81e0-65ce812d29c5,BAPS USPSA August,2019-08-17,6,Violet,F394A126-DD98-490D-8422-164C12F27A9F,Chev Jacot,6,77.17,4,77.17,PCC,B,A72378,MINOR,,61.7324,61.7324,8.2162,9.25,14,,2,,,,,,
c8a7b035-fc96-4881-81e0-65ce812d29c5,BAPS USPSA August,2019-08-17,6,Violet,F394A126-DD98-490D-8422-164C12F27A9F,Christopher Zak,7,76.31,5,76.31,PCC,U,L4616,MINOR,,61.0472,61.0472,8.1250,9.60,15,,1,,,,,,
c8a7b035-fc96-4881-81e0-65ce812d29c5,BAPS USPSA August,2019-08-17,6,Violet,F394A126-DD98-490D-8422-164C12F27A9F,Bobby Ivester,8,76.18,3,86.91,Open,A,A101336,MAJOR,,69.5248,60.9435,8.1112,8.63,8,,7,1,,,,,
c8a7b035-fc96-4881-81e0-65ce812d29c5,BAPS USPSA August,2019-08-17,6,Violet,F394A126-DD98-490D-8422-164C12F27A9F,Matt Lem,9,76.15,1,100.00,Production,A,FY34763,MINOR,,80.0000,60.9202,8.1081,8.88,12,,4,,,,,,
c8a7b035-fc96-4881-81e0-65ce812d29c5,BAPS USPSA August,2019-08-17,6,Violet,F394A126-DD98-490D-8422-164C12F27A9F,Olayemi Bakare,10,74.29,2,97.55,Production,B,,MINOR,,78.0415,59.4288,7.9096,8.85,11,,5,,,,,,
c8a7b035-fc96-4881-81e0-65ce812d29c5,BAPS USPSA August,2019-08-17,6,Violet,F394A126-DD98-490D-8422-164C12F27A9F,Gary Wu,11,73.21,3,96.14,Production,B,L2998,MINOR,,76.9117,58.5685,7.7951,8.98,11,,5,,,,,,
c8a7b035-fc96-4881-81e0-65ce812d29c5,BAPS USPSA August,2019-08-17,6,Violet,F394A126-DD98-490D-8422-164C12F27A9F,Jay Olmstead,12,72.68,6,72.68,PCC,B,L3738,MINOR,Super Senior,58.1402,58.1402,7.7381,10.08,15,,1,,,,,,
c8a7b035-fc96-4881-81e0-65ce812d29c5,BAPS USPSA August,2019-08-17,6,Violet,F394A126-DD98-490D-8422-164C12F27A9F,Chris Peterson,13,71.87,4,94.38,Production,U,,MINOR,,75.5047,57.4971,7.6525,9.67,13,,3,,,,,,
c8a7b035-fc96-4881-81e0-65ce812d29c5,BAPS USPSA August,2019-08-17,6,Violet,F394A126-DD98-490D-8422-164C12F27A9F,Adam Weinstein,14,68.99,7,68.99,PCC,,A111998,MINOR,,55.1882,55.1882,7.3452,9.53,11,,5,,,,,,
c8a7b035-fc96-4881-81e0-65ce812d29c5,BAPS USPSA August,2019-08-17,6,Violet,F394A126-DD98-490D-8422-164C12F27A9F,Derek Rabuck,15,68.61,4,78.27,Open,X,A91331,MAJOR,,62.6188,54.8899,7.3055,10.54,13,,3,,,,,,
c8a7b035-fc96-4881-81e0-65ce812d29c5,BAPS USPSA August,2019-08-17,6,Violet,F394A126-DD98-490D-8422-164C12F27A9F,Bob Zweck,16,67.80,5,77.35,Open,B,A94853,MAJOR,,61.8816,54.2437,7.2195,10.25,12,,3,1,,,,,
c8a7b035-fc96-4881-81e0-65ce812d29c5,BAPS USPSA August,2019-08-17,6,Violet,F394A126-DD98-490D-8422-164C12F27A9F,Glenn Cunningham,17,67.75,8,67.75,PCC,C,A78280,MINOR,,54.2001,54.2001,7.2137,11.09,16,,,,,,,,
c8a7b035-fc96-4881-81e0-65ce812d29c5,BAPS USPSA August,2019-08-17,6,Violet,F394A126-DD98-490D-8422-164C12F27A9F,Tony Phan,18,67.16,1,100.00,Carry Optics,A,FY11963,MINOR,,80.0000,53.7245,7.1504,9.51,11,,4,1,,,,,
c8a7b035-fc96-4881-81e0-65ce812d29c5,BAPS USPSA August,2019-08-17,6,Violet,F394A126-DD98-490D-8422-164C12F27A9F,Alex Goben,19,66.75,2,99.40,Carry Optics,A,A86498,MINOR,,79.5211,53.4030,7.1076,10.13,12,,4,,,,,,
c8a7b035-fc96-4881-81e0-65ce812d29c5,BAPS USPSA August,2019-08-17,6,Violet,F394A126-DD98-490D-8422-164C12F27A9F,Ashley Sullivan,20,66.51,5,87.34,Production,C,,MINOR,Lady,69.8689,53.2054,7.0813,10.45,13,,3,,,,,,
c8a7b035-fc96-4881-81e0-65ce812d29c5,BAPS USPSA August,2019-08-17,6,Violet,F394A126-DD98-490D-8422-164C12F27A9F,Paul Felker,21,66.22,3,98.60,Carry Optics,A,A107123,MINOR,,78.8823,52.9739,7.0505,8.51,8,,6,2,,,,,
c8a7b035-fc96-4881-81e0-65ce812d29c5,BAPS USPSA August,2019-08-17,6,Violet,F394A126-DD98-490D-8422-164C12F27A9F,Randy Goodney,22,64.99,6,74.14,Open,A,A94852,MAJOR,,59.3094,51.9889,6.9194,10.55,11,,4,1,,,,,
c8a7b035-fc96-4881-81e0-65ce812d29c5,BAPS USPSA August,2019-08-17,6,Violet,F394A126-DD98-490D-8422-164C12F27A9F,Eric Prehn,23,63.64,9,63.64,PCC,U,TY93797,MINOR,,50.9145,50.9145,6.7764,10.33,11,,5,,,,,,
c8a7b035-fc96-4881-81e0-65ce812d29c5,BAPS USPSA August,2019-08-17,6,Violet,F394A126-DD98-490D-8422-164C12F27A9F,Ryan Alicaya,24,63.32,4,94.28,Carry Optics,,,MINOR,,75.4263,50.6530,6.7416,9.79,10,,5,1,,,,,
c8a7b035-fc96-4881-81e0-65ce812d29c5,BAPS USPSA August,2019-08-17,6,Violet,F394A126-DD98-490D-8422-164C12F27A9F,Stefan Liming,25,62.50,5,93.06,Carry Optics,C,A71566,MINOR,,74.4495,49.9971,6.6543,10.82,13,,2,1,,,,,
c8a7b035-fc96-4881-81e0-65ce812d29c5,BAPS USPSA August,2019-08-17,6,Violet,F394A126-DD98-490D-8422-164C12F27A9F,Roman Gwiscz,26,61.81,10,61.81,PCC,U,A56629,MINOR,,49.4494,49.4494,6.5814,10.94,12,,4,,,,,,
c8a7b035-fc96-4881-81e0-65ce812d29c5,BAPS USPSA August,2019-08-17,6,Violet,F394A126-DD98-490D-8422-164C12F27A9F,Steven McNamara,27,60.43,7,68.94,Open,B,A75212,MAJOR,,55.1488,48.3419,6.4340,9.17,11,,3,1,1,,,,
c8a7b035-fc96-4881-81e0-65ce812d29c5,BAPS USPSA August,2019-08-17,6,Violet,F394A126-DD98-490D-8422-164C12F27A9F,Jonathan Warrender,28,60.42,1,100.00,Limited,B,ty86145,MAJOR,Military,80.0000,48.3321,6.4327,11.97,13,,3,,,,,,
c8a7b035-fc96-4881-81e0-65ce812d29c5,BAPS USPSA August,2019-08-17,6,Violet,F394A126-DD98-490D-8422-164C12F27A9F,Bill Kinstley,29,59.23,2,98.04,Limited,C,A104836,MAJOR,,78.4280,47.3824,6.3063,11.10,10,,4,2,,,,,
c8a7b035-fc96-4881-81e0-65ce812d29c5,BAPS USPSA August,2019-08-17,6,Violet,F394A126-DD98-490D-8422-164C12F27A9F,Mike Junco,30,59.15,6,77.68,Production,A,FY107182,MINOR,,62.1423,47.3215,6.2982,7.78,9,,4,2,1,,,,
c8a7b035-fc96-4881-81e0-65ce812d29c5,BAPS USPSA August,2019-08-17,6,Violet,F394A126-DD98-490D-8422-164C12F27A9F,Kristen Day,31,58.99,3,97.65,Limited,U,TY1221933,MAJOR,Lady,78.1184,47.1953,6.2814,11.94,13,,2,1,,,,,
c8a7b035-fc96-4881-81e0-65ce812d29c5,BAPS USPSA August,2019-08-17,6,Violet,F394A126-DD98-490D-8422-164C12F27A9F,Scott Ragsdale,32,58.43,11,58.43,PCC,B,A91297,MINOR,,46.7445,46.7445,6.2214,10.93,10,,6,,,,,,
c8a7b035-fc96-4881-81e0-65ce812d29c5,BAPS USPSA August,2019-08-17,6,Violet,F394A126-DD98-490D-8422-164C12F27A9F,Jay Bennett,33,56.72,6,84.46,Carry Optics,B,A77156,MINOR,Senior,67.5666,45.3748,6.0391,11.26,10,,6,,,,,,
c8a7b035-fc96-4881-81e0-65ce812d29c5,BAPS USPSA August,2019-08-17,6,Violet,F394A126-DD98-490D-8422-164C12F27A9F,John Stokes,34,56.07,7,73.63,Production,U,,MINOR,,58.9050,44.8564,5.9701,12.06,12,,4,,,,,,
c8a7b035-fc96-4881-81e0-65ce812d29c5,BAPS USPSA August,2019-08-17,6,Violet,F394A126-DD98-490D-8422-164C12F27A9F,Jon Baguio,35,55.44,7,82.56,Carry Optics,,,MINOR,,66.0483,44.3552,5.9034,11.18,11,,3,2,,,,,
c8a7b035-fc96-4881-81e0-65ce812d29c5,BAPS USPSA August,2019-08-17,6,Violet,F394A126-DD98-490D-8422-164C12F27A9F,Albert Calderon,36,53.53,8,61.07,Open,B,A74721,MAJOR,,48.8530,42.8232,5.6995,11.58,8,,5,3,,,,,
c8a7b035-fc96-4881-81e0-65ce812d29c5,BAPS USPSA August,2019-08-17,6,Violet,F394A126-DD98-490D-8422-164C12F27A9F,Dario Belarmino,37,53.49,12,53.49,PCC,U,,MINOR,,42.7946,42.7946,5.6957,12.29,12,,3,1,,,,,
c8a7b035-fc96-4881-81e0-65ce812d29c5,BAPS USPSA August,2019-08-17,6,Violet,F394A126-DD98-490D-8422-164C12F27A9F,Danny Naramore,38,53.38,9,60.90,Open,C,TY96553,MAJOR,,48.7176,42.7045,5.6837,12.14,9,,5,2,,,,,
c8a7b035-fc96-4881-81e0-65ce812d29c5,BAPS USPSA August,2019-08-17,6,Violet,F394A126-DD98-490D-8422-164C12F27A9F,Jay-R Delos-Santos,39,52.22,8,77.76,Carry Optics,B,A70297,MINOR,,62.2085,41.7766,5.5602,11.87,11,,3,2,,,,,
c8a7b035-fc96-4881-81e0-65ce812d29c5,BAPS USPSA August,2019-08-17,6,Violet,F394A126-DD98-490D-8422-164C12F27A9F,Doug Dillon,40,51.38,8,67.48,Production,B,A71359,MINOR,Law Enforcement,53.9816,41.1071,5.4711,13.16,12,,4,,,,,,
c8a7b035-fc96-4881-81e0-65ce812d29c5,BAPS USPSA August,2019-08-17,6,Violet,F394A126-DD98-490D-8422-164C12F27A9F,Waldo Samano,41,51.31,4,84.93,Limited,B,,MAJOR,,67.9453,41.0493,5.4634,10.25,4,,6,6,,,,,
c8a7b035-fc96-4881-81e0-65ce812d29c5,BAPS USPSA August,2019-08-17,6,Violet,F394A126-DD98-490D-8422-164C12F27A9F,Art Nelson,42,51.20,13,51.20,PCC,,A116323,MINOR,,40.9614,40.9614,5.4517,12.84,11,,5,,,,,,
c8a7b035-fc96-4881-81e0-65ce812d29c5,BAPS USPSA August,2019-08-17,6,Violet,F394A126-DD98-490D-8422-164C12F27A9F,Angela Rabuck,43,50.43,14,50.43,PCC,C,A91275,MINOR,Lady,40.3407,40.3407,5.3691,13.41,13,,2,1,,,,,
c8a7b035-fc96-4881-81e0-65ce812d29c5,BAPS USPSA August,2019-08-17,6,Violet,F394A126-DD98-490D-8422-164C12F27A9F,Benjamin Michael,44,50.34,9,74.96,Carry Optics,X,,MINOR,,59.9676,40.2716,5.3599,13.06,12,,3,1,,,,,
c8a7b035-fc96-4881-81e0-65ce812d29c5,BAPS USPSA August,2019-08-17,6,Violet,F394A126-DD98-490D-8422-164C12F27A9F,Pat Byrne,45,49.75,5,82.35,Limited,C,TY93921,MAJOR,,65.8772,39.7998,5.2971,13.97,12,,3,1,,,,,
c8a7b035-fc96-4881-81e0-65ce812d29c5,BAPS USPSA August,2019-08-17,6,Violet,F394A126-DD98-490D-8422-164C12F27A9F,Steve Deardorff,46,49.56,6,82.03,Limited,,TY16844,MAJOR,,65.6247,39.6472,5.2768,11.56,11,,4,,1,,,,
c8a7b035-fc96-4881-81e0-65ce812d29c5,BAPS USPSA August,2019-08-17,6,Violet,F394A126-DD98-490D-8422-164C12F27A9F,Michael Henss,47,47.70,7,78.95,Limited,C,A59966,MINOR,Military,63.1573,38.1566,5.0784,13.39,11,,4,1,,,,,
c8a7b035-fc96-4881-81e0-65ce812d29c5,BAPS USPSA August,2019-08-17,6,Violet,F394A126-DD98-490D-8422-164C12F27A9F,Mark Fornesa,48,47.49,15,47.49,PCC,,,MINOR,,37.9898,37.9898,5.0562,14.24,13,,2,1,,,,,
c8a7b035-fc96-4881-81e0-65ce812d29c5,BAPS USPSA August,2019-08-17,6,Violet,F394A126-DD98-490D-8422-164C12F27A9F,Richard Dillow,49,47.09,10,53.72,Open,C,TY57446,MINOR,Senior,42.9739,37.6697,5.0136,14.76,13,,3,,,,,,
c8a7b035-fc96-4881-81e0-65ce812d29c5,BAPS USPSA August,2019-08-17,6,Violet,F394A126-DD98-490D-8422-164C12F27A9F,Mike Michaelis,50,47.03,9,61.76,Production,,,MINOR,,49.4044,37.6216,5.0072,13.98,13,,1,2,,,,,
c8a7b035-fc96-4881-81e0-65ce812d29c5,BAPS USPSA August,2019-08-17,6,Violet,F394A126-DD98-490D-8422-164C12F27A9F,Jim Ducan,51,46.27,10,60.76,Production,A,,MINOR,Super Senior,48.6042,37.0123,4.9261,14.21,11,,5,,,,,,
c8a7b035-fc96-4881-81e0-65ce812d29c5,BAPS USPSA August,2019-08-17,6,Violet,F394A126-DD98-490D-8422-164C12F27A9F,Mike Kahl,52,46.13,11,60.58,Production,B,,MINOR,,48.4622,36.9041,4.9117,13.03,9,,6,1,,,,,
c8a7b035-fc96-4881-81e0-65ce812d29c5,BAPS USPSA August,2019-08-17,6,Violet,F394A126-DD98-490D-8422-164C12F27A9F,Michael Pontious,53,45.48,11,51.88,Open,U,ty94575,MAJOR,Senior,41.5056,36.3826,4.8423,13.63,8,,5,3,,,,,
c8a7b035-fc96-4881-81e0-65ce812d29c5,BAPS USPSA August,2019-08-17,6,Violet,F394A126-DD98-490D-8422-164C12F27A9F,Nathan Turner,54,45.22,16,45.22,PCC,U,,MINOR,,36.1722,36.1722,4.8143,14.54,11,,5,,,,,,
c8a7b035-fc96-4881-81e0-65ce812d29c5,BAPS USPSA August,2019-08-17,6,Violet,F394A126-DD98-490D-8422-164C12F27A9F,Mick Sambasile,55,44.94,10,66.92,Carry Optics,X,TY47665,MINOR,,53.5399,35.9551,4.7854,14.21,11,,4,1,,,,,
c8a7b035-fc96-4881-81e0-65ce812d29c5,BAPS USPSA August,2019-08-17,6,Violet,F394A126-DD98-490D-8422-164C12F27A9F,Ross Apffel,56,44.87,1,100.00,Single Stack,U,L4428,MAJOR,,80.0000,35.8927,4.7771,15.70,11,,5,,,,,,
c8a7b035-fc96-4881-81e0-65ce812d29c5,BAPS USPSA August,2019-08-17,6,Violet,F394A126-DD98-490D-8422-164C12F27A9F,Michelle Lonergan,57,44.11,12,57.93,Production,C,TY84120,MINOR,Lady,46.3408,35.2887,4.6967,15.33,12,,4,,,,,,
c8a7b035-fc96-4881-81e0-65ce812d29c5,BAPS USPSA August,2019-08-17,6,Violet,F394A126-DD98-490D-8422-164C12F27A9F,Chris Nagala,58,42.35,13,55.62,Production,C,TY97712,MINOR,,44.4928,33.8814,4.5094,16.41,13,,3,,,,,,
c8a7b035-fc96-4881-81e0-65ce812d29c5,BAPS USPSA August,2019-08-17,6,Violet,F394A126-DD98-490D-8422-164C12F27A9F,Keith Armstrong,59,42.18,1,100.00,Limited 10,,75241,MAJOR,Military,80.0000,33.7476,4.4916,16.03,12,,2,2,,,,,
c8a7b035-fc96-4881-81e0-65ce812d29c5,BAPS USPSA August,2019-08-17,6,Violet,F394A126-DD98-490D-8422-164C12F27A9F,Tom Neal,60,42.07,11,62.65,Carry Optics,U,L2362,MINOR,Senior,50.1186,33.6575,4.4796,15.18,10,,6,,,,,,
c8a7b035-fc96-4881-81e0-65ce812d29c5,BAPS USPSA August,2019-08-17,6,Violet,F394A126-DD98-490D-8422-164C12F27A9F,Ramil Villanueva,61,41.34,12,61.55,Carry Optics,,,MINOR,,49.2414,33.0684,4.4012,9.77,7,,5,3,1,,,,
c8a7b035-fc96-4881-81e0-65ce812d29c5,BAPS USPSA August,2019-08-17,6,Violet,F394A126-DD98-490D-8422-164C12F27A9F,Robert Hollier,62,39.99,14,52.52,Production,U,FY24941,MINOR,Senior,42.0123,31.9925,4.2580,15.97,10,,6,,,,,,
c8a7b035-fc96-4881-81e0-65ce812d29c5,BAPS USPSA August,2019-08-17,6,Violet,F394A126-DD98-490D-8422-164C12F27A9F,Dave Campbell,63,39.83,12,45.44,Open,M,TY26527,MAJOR,Senior; Super Senior,36.3524,31.8655,4.2411,13.44,13,,3,,,,,2,
c8a7b035-fc96-4881-81e0-65ce812d29c5,BAPS USPSA August,2019-08-17,6,Violet,F394A126-DD98-490D-8422-164C12F27A9F,Nathan Peterson,64,39.80,15,52.26,Production,U,,MINOR,,41.8081,31.8370,4.2373,12.98,11,,3,1,1,,,,
c8a7b035-fc96-4881-81e0-65ce812d29c5,BAPS USPSA August,2019-08-17,6,Violet,F394A126-DD98-490D-8422-164C12F27A9F,Ron Potier,65,39.57,13,58.92,Carry Optics,D,TY113089,MINOR,,47.1392,31.6566,4.2133,15.19,8,,8,,,,,,
c8a7b035-fc96-4881-81e0-65ce812d29c5,BAPS USPSA August,2019-08-17,6,Violet,F394A126-DD98-490D-8422-164C12F27A9F,Arnold Gee,66,38.69,8,64.04,Limited,C,TY103519,MINOR,,51.2283,30.9496,4.1192,11.41,8,,5,2,1,,,,
c8a7b035-fc96-4881-81e0-65ce812d29c5,BAPS USPSA August,2019-08-17,6,Violet,F394A126-DD98-490D-8422-164C12F27A9F,Jerry Dueitt,67,38.68,16,50.79,Production,D,ty108354,MINOR,,40.6349,30.9436,4.1184,15.54,10,,4,2,,,,,
c8a7b035-fc96-4881-81e0-65ce812d29c5,BAPS USPSA August,2019-08-17,6,Violet,F394A126-DD98-490D-8422-164C12F27A9F,Emman Alcoseba,68,38.55,9,63.80,Limited,C,Ty67519,MAJOR,,51.0430,30.8377,4.1043,18.03,12,,3,1,,,,,
c8a7b035-fc96-4881-81e0-65ce812d29c5,BAPS USPSA August,2019-08-17,6,Violet,F394A126-DD98-490D-8422-164C12F27A9F,Raul Farladansky,69,37.09,10,61.40,Limited,,,MINOR,Super Senior,49.1190,29.6753,3.9496,11.90,11,,4,,1,,,1,
c8a7b035-fc96-4881-81e0-65ce812d29c5,BAPS USPSA August,2019-08-17,6,Violet,F394A126-DD98-490D-8422-164C12F27A9F,Ethan Hamala,70,37.00,11,61.25,Limited,,8358,MINOR,,48.9972,29.6017,3.9398,13.96,12,,1,2,1,,,,
c8a7b035-fc96-4881-81e0-65ce812d29c5,BAPS USPSA August,2019-08-17,6,Violet,F394A126-DD98-490D-8422-164C12F27A9F,Chris Ballard,71,32.18,12,53.27,Limited,,,MAJOR,,42.6148,25.7458,3.4266,17.51,10,,5,,1,,,,
c8a7b035-fc96-4881-81e0-65ce812d29c5,BAPS USPSA August,2019-08-17,6,Violet,F394A126-DD98-490D-8422-164C12F27A9F,Corey Arrington,72,31.76,17,41.71,Production,,,MINOR,,33.3701,25.4114,3.3821,10.94,6,,4,5,1,,,,
c8a7b035-fc96-4881-81e0-65ce812d29c5,BAPS USPSA August,2019-08-17,6,Violet,F394A126-DD98-490D-8422-164C12F27A9F,Ina Delos santos,73,30.76,14,45.81,Carry Optics,U,,MINOR,,36.6447,24.6090,3.2753,19.54,10,,4,2,,,,,
c8a7b035-fc96-4881-81e0-65ce812d29c5,BAPS USPSA August,2019-08-17,6,Violet,F394A126-DD98-490D-8422-164C12F27A9F,Lawney Morales,74,30.53,13,50.54,Limited,D,TY75143,MINOR,,40.4322,24.4271,3.2511,17.84,6,,9,1,,,,,
c8a7b035-fc96-4881-81e0-65ce812d29c5,BAPS USPSA August,2019-08-17,6,Violet,F394A126-DD98-490D-8422-164C12F27A9F,Mickey Gallaway,75,24.90,14,41.22,Limited,B,A556,MAJOR,Super Senior,32.9778,19.9236,2.6517,19.61,6,,7,2,1,,,,
c8a7b035-fc96-4881-81e0-65ce812d29c5,BAPS USPSA August,2019-08-17,6,Violet,F394A126-DD98-490D-8422-164C12F27A9F,Mildred Belarmino,76,24.26,18,31.86,Production,U,,MINOR,Lady,25.4856,19.4074,2.5830,18.97,8,,6,1,1,,,,
c8a7b035-fc96-4881-81e0-65ce812d29c5,BAPS USPSA August,2019-08-17,6,Violet,F394A126-DD98-490D-8422-164C12F27A9F,Solomon Sandoval,77,21.10,15,34.92,Limited,U,,MINOR,Senior,27.9373,16.8783,2.2464,13.80,7,,4,4,1,,,1,
c8a7b035-fc96-4881-81e0-65ce812d29c5,BAPS USPSA August,2019-08-17,6,Violet,F394A126-DD98-490D-8422-164C12F27A9F,"Jeff Maxwell, Jr",78,19.44,16,32.17,Limited,C,L4489,MAJOR,,25.7372,15.5492,2.0695,12.08,7,,4,2,3,,,,
c8a7b035-fc96-4881-81e0-65ce812d29c5,BAPS USPSA August,2019-08-17,6,Violet,F394A126-DD98-490D-8422-164C12F27A9F,Andrew Whitley,79,18.48,17,30.59,Limited,C,TY106649,MAJOR,,24.4749,14.7866,1.9680,16.26,10,,3,,3,,,,
c8a7b035-fc96-4881-81e0-65ce812d29c5,BAPS USPSA August,2019-08-17,6,Violet,F394A126-DD98-490D-8422-164C12F27A9F,Betty Krumholz,80,10.70,19,14.05,Production,C,TY93665,MINOR,Lady,11.2362,8.5564,1.1388,37.76,7,,5,3,1,,,,
c8a7b035-fc96-4881-81e0-65ce812d29c5,BAPS USPSA August,2019-08-17,6,Violet,F394A126-DD98-490D-8422-164C12F27A9F,Terry Jenkins,81,4.80,20,6.30,Production,U,,MINOR,,5.0389,3.8371,0.5107,46.99,4,,7,3,2,,,,
c8a7b035-fc96-4881-81e0-65ce812d29c5,BAPS USPSA August,2019-08-17,6,Violet,F394A126-DD98-490D-8422-164C12F27A9F,Kz Jenkins jr,82,4.32,21,5.68,Production,U,,MINOR,,4.5416,3.4585,0.4603,93.42,7,,5,3,1,,,,
c8a7b035-fc96-4881-81e0-65ce812d29c5,BAPS USPSA August,2019-08-17,6,Violet,F394A126-DD98-490D-8422-164C12F27A9F,Mark Meyers,83,0.00,17,0.00,PCC,,A50232,MINOR,,0.0000,0.0000,0.0000,5.27,10,,2,1,3,,,4,
c8a7b035-fc96-4881-81e0-65ce812d29c5,BAPS USPSA August,2019-08-17,6,Violet,F394A126-DD98-490D-8422-164C12F27A9F,Ralph Burbe,84,0.00,22,0.00,Production,U,,MINOR,,0.0000,0.0000,0.0000,18.42,6,,3,1,6,,,,
