match_id,match_name,match_date,stage_number,stage_name,stage_uuid,shooter_name,shooter_rank_combined,shooter_percent_combined,shooter_rank_division,shooter_percent_division,division,class,member_number,power_factor,categories,stage_points,stage_points_combined,hit_factor,time,A,B,C,D,M,NPM,NS,Proc,Apen
d42c118d-75ef-4f41-8a3e-6b9aba6b389e,Wallis Orchard Practical Shooters April 2021 Club Match,2021-04-18,1,Wish You Were Here,6cfae056-1597-465a-82a9-5b87e3d77629,MEL RODERO II,1,100.00,1,100.00,Open,G,TY86283,MAJOR,Senior,60.0000,60.0000,7.7241,7.25,8,,4,,,,,,
d42c118d-75ef-4f41-8a3e-6b9aba6b389e,Wallis Orchard Practical Shooters April 2021 Club Match,2021-04-18,1,Wish You Were Here,6cfae056-1597-465a-82a9-5b87e3d77629,Gil Yolo,2,99.43,2,99.43,Open,A,A100714,MAJOR,,59.6598,59.6598,7.6803,6.38,7,,2,3,,,,,
d42c118d-75ef-4f41-8a3e-6b9aba6b389e,Wallis Orchard Practical Shooters April 2021 Club Match,2021-04-18,1,Wish You Were Here,6cfae056-1597-465a-82a9-5b87e3d77629,Chris Snow,3,96.28,3,96.28,Open,A,A107262,MAJOR,,57.7691,57.7691,7.4369,7.53,8,,4,,,,,,
d42c118d-75ef-4f41-8a3e-6b9aba6b389e,Wallis Orchard Practical Shooters April 2021 Club Match,2021-04-18,1,Wish You Were Here,6cfae056-1597-465a-82a9-5b87e3d77629,August Balagtas,4,96.20,4,96.20,Open,M,L3674,MAJOR,,57.7209,57.7209,7.4307,7.94,11,,1,,,,,,
d42c118d-75ef-4f41-8a3e-6b9aba6b389e,Wallis Orchard Practical Shooters April 2021 Club Match,2021-04-18,1,Wish You Were Here,6cfae056-1597-465a-82a9-5b87e3d77629,Ross Apffel,5,95.53,1,100.00,Limited,A,L4428,MAJOR,,60.0000,57.3201,7.3791,7.86,10,,2,,,,,,
d42c118d-75ef-4f41-8a3e-6b9aba6b389e,Wallis Orchard Practical Shooters April 2021 Club Match,2021-04-18,1,Wish You Were Here,6cfae056-1597-465a-82a9-5b87e3d77629,Scott Ragsdale,6,95.39,1,100.00,PCC,A,A91297,MINOR,,60.0000,57.2370,7.3684,7.60,10,,2,,,,,,
d42c118d-75ef-4f41-8a3e-6b9aba6b389e,Wallis Orchard Practical Shooters April 2021 Club Match,2021-04-18,1,Wish You Were Here,6cfae056-1597-465a-82a9-5b87e3d77629,Andrew Whitley,7,93.55,5,93.55,Open,B,TY106649,MAJOR,,56.1293,56.1293,7.2258,7.75,8,,4,,,,,,
d42c118d-75ef-4f41-8a3e-6b9aba6b389e,Wallis Orchard Practical Shooters April 2021 Club Match,2021-04-18,1,Wish You Were Here,6cfae056-1597-465a-82a9-5b87e3d77629,Vinh Lam,8,91.33,2,95.60,Limited,A,TY101025,MAJOR,,57.3607,54.7986,7.0545,8.08,9,,3,,,,,,
d42c118d-75ef-4f41-8a3e-6b9aba6b389e,Wallis Orchard Practical Shooters April 2021 Club Match,2021-04-18,1,Wish You Were Here,6cfae056-1597-465a-82a9-5b87e3d77629,Jan Pacleb,9,90.17,6,90.17,Open,A,A79326,MAJOR,,54.0995,54.0995,6.9645,7.61,7,,4,1,,,,,
d42c118d-75ef-4f41-8a3e-6b9aba6b389e,Wallis Orchard Practical Shooters April 2021 Club Match,2021-04-18,1,Wish You Were Here,6cfae056-1597-465a-82a9-5b87e3d77629,Jason Wells,10,89.59,3,93.78,Limited,B,TY101006,MAJOR,,56.2662,53.7531,6.9199,7.37,7,,3,2,,,,,
d42c118d-75ef-4f41-8a3e-6b9aba6b389e,Wallis Orchard Practical Shooters April 2021 Club Match,2021-04-18,1,Wish You Were Here,6cfae056-1597-465a-82a9-5b87e3d77629,Matt Lem,11,87.99,1,100.00,Carry Optics,A,FY34763,MINOR,,60.0000,52.7914,6.7961,8.24,10,,2,,,,,,
d42c118d-75ef-4f41-8a3e-6b9aba6b389e,Wallis Orchard Practical Shooters April 2021 Club Match,2021-04-18,1,Wish You Were Here,6cfae056-1597-465a-82a9-5b87e3d77629,Ralph Migs,12,87.54,2,91.77,PCC,U,A132627,MINOR,Military,55.0622,52.5265,6.7620,7.69,9,,2,1,,,,,
d42c118d-75ef-4f41-8a3e-6b9aba6b389e,Wallis Orchard Practical Shooters April 2021 Club Match,2021-04-18,1,Wish You Were Here,6cfae056-1597-465a-82a9-5b87e3d77629,Wade Pruetz,13,85.19,7,85.19,Open,A,TY79055,MAJOR,,51.1166,51.1166,6.5805,8.51,8,,4,,,,,,
d42c118d-75ef-4f41-8a3e-6b9aba6b389e,Wallis Orchard Practical Shooters April 2021 Club Match,2021-04-18,1,Wish You Were Here,6cfae056-1597-465a-82a9-5b87e3d77629,Jason Bright,14,84.26,2,95.76,Carry Optics,B,A93447,MINOR,,57.4574,50.5542,6.5081,7.99,8,,4,,,,,,
d42c118d-75ef-4f41-8a3e-6b9aba6b389e,Wallis Orchard Practical Shooters April 2021 Club Match,2021-04-18,1,Wish You Were Here,6cfae056-1597-465a-82a9-5b87e3d77629,John Brunkhorst,15,82.20,3,93.42,Carry Optics,B,A116144,MINOR,,56.0545,49.3199,6.3492,9.45,12,,,,,,,,
d42c118d-75ef-4f41-8a3e-6b9aba6b389e,Wallis Orchard Practical Shooters April 2021 Club Match,2021-04-18,1,Wish You Were Here,6cfae056-1597-465a-82a9-5b87e3d77629,Ryan Alicaya,16,81.11,8,81.11,Open,D,,MAJOR,,48.6666,48.6666,6.2651,8.30,8,,2,2,,,,,
d42c118d-75ef-4f41-8a3e-6b9aba6b389e,Wallis Orchard Practical Shooters April 2021 Club Match,2021-04-18,1,Wish You Were Here,6cfae056-1597-465a-82a9-5b87e3d77629,Duane Mendoza,17,80.82,9,80.82,Open,B,X,MAJOR,,48.4942,48.4942,6.2429,8.81,7,,5,,,,,,
d42c118d-75ef-4f41-8a3e-6b9aba6b389e,Wallis Orchard Practical Shooters April 2021 Club Match,2021-04-18,1,Wish You Were Here,6cfae056-1597-465a-82a9-5b87e3d77629,Craig Bellamy,18,80.74,1,100.00,Single Stack,A,TY54824,MAJOR,Law Enforcement,60.0000,48.4429,6.2363,9.14,9,,3,,,,,,
d42c118d-75ef-4f41-8a3e-6b9aba6b389e,Wallis Orchard Practical Shooters April 2021 Club Match,2021-04-18,1,Wish You Were Here,6cfae056-1597-465a-82a9-5b87e3d77629,Trevor Cotter,19,78.11,10,78.11,Open,M,A108348,MAJOR,,46.8653,46.8653,6.0332,6.63,8,,2,1,1,,,,
d42c118d-75ef-4f41-8a3e-6b9aba6b389e,Wallis Orchard Practical Shooters April 2021 Club Match,2021-04-18,1,Wish You Were Here,6cfae056-1597-465a-82a9-5b87e3d77629,Mike Junco,20,77.52,4,88.11,Carry Optics,A,FY34819,MINOR,Law Enforcement,52.8656,46.5142,5.9880,8.35,8,,3,1,,,,,
d42c118d-75ef-4f41-8a3e-6b9aba6b389e,Wallis Orchard Practical Shooters April 2021 Club Match,2021-04-18,1,Wish You Were Here,6cfae056-1597-465a-82a9-5b87e3d77629,Steven McNamara,21,77.27,11,77.27,Open,B,A75212,MAJOR,Senior,46.3635,46.3635,5.9686,9.55,9,,3,,,,,,
d42c118d-75ef-4f41-8a3e-6b9aba6b389e,Wallis Orchard Practical Shooters April 2021 Club Match,2021-04-18,1,Wish You Were Here,6cfae056-1597-465a-82a9-5b87e3d77629,Albert Montanez,22,76.16,12,76.16,Open,M,TY101554,MAJOR,,45.6939,45.6939,5.8824,9.52,8,,4,,,,,,
d42c118d-75ef-4f41-8a3e-6b9aba6b389e,Wallis Orchard Practical Shooters April 2021 Club Match,2021-04-18,1,Wish You Were Here,6cfae056-1597-465a-82a9-5b87e3d77629,Mike Kahl,23,74.92,5,85.15,Carry Optics,B,TY70984,MINOR,Super Senior,51.0911,44.9528,5.7870,8.64,7,,5,,,,,,
d42c118d-75ef-4f41-8a3e-6b9aba6b389e,Wallis Orchard Practical Shooters April 2021 Club Match,2021-04-18,1,Wish You Were Here,6cfae056-1597-465a-82a9-5b87e3d77629,Michael Whitley,24,74.87,13,74.87,Open,B,A111091,MAJOR,,44.9202,44.9202,5.7828,7.09,7,,4,,1,,,,
d42c118d-75ef-4f41-8a3e-6b9aba6b389e,Wallis Orchard Practical Shooters April 2021 Club Match,2021-04-18,1,Wish You Were Here,6cfae056-1597-465a-82a9-5b87e3d77629,Ridong Wen,25,74.64,6,84.83,Carry Optics,U,A99651,MINOR,,50.9004,44.7850,5.7654,10.06,11,,1,,,,,,
d42c118d-75ef-4f41-8a3e-6b9aba6b389e,Wallis Orchard Practical Shooters April 2021 Club Match,2021-04-18,1,Wish You Were Here,6cfae056-1597-465a-82a9-5b87e3d77629,Andrew McWilliams,26,74.39,4,77.87,Limited,U,A133773,MINOR,,46.7203,44.6335,5.7459,9.05,9,,2,1,,,,,
d42c118d-75ef-4f41-8a3e-6b9aba6b389e,Wallis Orchard Practical Shooters April 2021 Club Match,2021-04-18,1,Wish You Were Here,6cfae056-1597-465a-82a9-5b87e3d77629,Erwin Gonzalez,27,72.57,7,82.48,Carry Optics,U,,MINOR,Law Enforcement,49.4878,43.5422,5.6054,8.92,7,,5,,,,,,
d42c118d-75ef-4f41-8a3e-6b9aba6b389e,Wallis Orchard Practical Shooters April 2021 Club Match,2021-04-18,1,Wish You Were Here,6cfae056-1597-465a-82a9-5b87e3d77629,Jon Baguio,28,72.17,1,100.00,Production,D,X,MINOR,,60.0000,43.2990,5.5741,8.97,8,,3,1,,,,,
d42c118d-75ef-4f41-8a3e-6b9aba6b389e,Wallis Orchard Practical Shooters April 2021 Club Match,2021-04-18,1,Wish You Were Here,6cfae056-1597-465a-82a9-5b87e3d77629,Robert Bui,29,71.78,8,81.58,Carry Optics,C,A103016,MINOR,,48.9466,43.0660,5.5441,9.74,9,,3,,,,,,
d42c118d-75ef-4f41-8a3e-6b9aba6b389e,Wallis Orchard Practical Shooters April 2021 Club Match,2021-04-18,1,Wish You Were Here,6cfae056-1597-465a-82a9-5b87e3d77629,Chev Jacot,30,70.25,9,79.85,Carry Optics,B,A72378,MINOR,,47.9075,42.1517,5.4264,10.32,10,,2,,,,,,
d42c118d-75ef-4f41-8a3e-6b9aba6b389e,Wallis Orchard Practical Shooters April 2021 Club Match,2021-04-18,1,Wish You Were Here,6cfae056-1597-465a-82a9-5b87e3d77629,Carlos Escandon,31,68.70,2,85.08,Single Stack,B,L2590,MAJOR,Senior,51.0505,41.2172,5.3061,9.80,6,,5,1,,,,,
d42c118d-75ef-4f41-8a3e-6b9aba6b389e,Wallis Orchard Practical Shooters April 2021 Club Match,2021-04-18,1,Wish You Were Here,6cfae056-1597-465a-82a9-5b87e3d77629,Jonathan Backof,32,66.95,3,82.92,Single Stack,C,A116878,MAJOR,,49.7497,40.1670,5.1709,11.41,11,,1,,,,,,
d42c118d-75ef-4f41-8a3e-6b9aba6b389e,Wallis Orchard Practical Shooters April 2021 Club Match,2021-04-18,1,Wish You Were Here,6cfae056-1597-465a-82a9-5b87e3d77629,Gary Wu,33,66.09,5,69.18,Limited,B,L2998,MINOR,,41.5075,39.6536,5.1048,10.97,10,,2,,,,,,
d42c118d-75ef-4f41-8a3e-6b9aba6b389e,Wallis Orchard Practical Shooters April 2021 Club Match,2021-04-18,1,Wish You Were Here,6cfae056-1597-465a-82a9-5b87e3d77629,Anthony Smallwood,34,66.03,3,69.22,PCC,B,TY94508,MINOR,Senior,41.5303,39.6178,5.1002,10.98,10,,2,,,,,,
d42c118d-75ef-4f41-8a3e-6b9aba6b389e,Wallis Orchard Practical Shooters April 2021 Club Match,2021-04-18,1,Wish You Were Here,6cfae056-1597-465a-82a9-5b87e3d77629,Jason Wilson,35,65.12,1,100.00,Limited 10,U,A94696,MAJOR,,60.0000,39.0710,5.0298,11.73,11,,1,,,,,,
d42c118d-75ef-4f41-8a3e-6b9aba6b389e,Wallis Orchard Practical Shooters April 2021 Club Match,2021-04-18,1,Wish You Were Here,6cfae056-1597-465a-82a9-5b87e3d77629,Marlon Poralan,36,63.00,10,71.60,Carry Optics,C,Ty66330,MINOR,Law Enforcement,42.9582,37.7970,4.8658,11.92,11,,1,,,,,,
d42c118d-75ef-4f41-8a3e-6b9aba6b389e,Wallis Orchard Practical Shooters April 2021 Club Match,2021-04-18,1,Wish You Were Here,6cfae056-1597-465a-82a9-5b87e3d77629,Joseph Reyes,37,62.95,4,65.99,PCC,C,A127665,MINOR,Super Senior,39.5923,37.7691,4.8622,12.34,12,,,,,,,,
d42c118d-75ef-4f41-8a3e-6b9aba6b389e,Wallis Orchard Practical Shooters April 2021 Club Match,2021-04-18,1,Wish You Were Here,6cfae056-1597-465a-82a9-5b87e3d77629,Jun Wu,38,61.71,11,70.13,Carry Optics,,,MINOR,,42.0797,37.0241,4.7663,10.91,8,,4,,,,,,
d42c118d-75ef-4f41-8a3e-6b9aba6b389e,Wallis Orchard Practical Shooters April 2021 Club Match,2021-04-18,1,Wish You Were Here,6cfae056-1597-465a-82a9-5b87e3d77629,Bill Kinstley,39,60.59,6,63.42,Limited,B,A104836,MAJOR,,38.0518,36.3522,4.6798,12.18,9,,3,,,,,,
d42c118d-75ef-4f41-8a3e-6b9aba6b389e,Wallis Orchard Practical Shooters April 2021 Club Match,2021-04-18,1,Wish You Were Here,6cfae056-1597-465a-82a9-5b87e3d77629,Doug Joder,40,60.48,5,63.40,PCC,U,A115020,MINOR,,38.0378,36.2862,4.6713,11.56,9,,3,,,,,,
d42c118d-75ef-4f41-8a3e-6b9aba6b389e,Wallis Orchard Practical Shooters April 2021 Club Match,2021-04-18,1,Wish You Were Here,6cfae056-1597-465a-82a9-5b87e3d77629,Pat Byrne,41,59.70,7,62.49,Limited,U,Fy93921,MAJOR,Super Senior,37.4924,35.8178,4.6110,10.41,10,,2,,,,1,,
d42c118d-75ef-4f41-8a3e-6b9aba6b389e,Wallis Orchard Practical Shooters April 2021 Club Match,2021-04-18,1,Wish You Were Here,6cfae056-1597-465a-82a9-5b87e3d77629,Marchoni Aquino,42,59.65,12,67.80,Carry Optics,D,A124540,MINOR,,40.6777,35.7906,4.6075,11.72,9,,3,,,,,,
d42c118d-75ef-4f41-8a3e-6b9aba6b389e,Wallis Orchard Practical Shooters April 2021 Club Match,2021-04-18,1,Wish You Were Here,6cfae056-1597-465a-82a9-5b87e3d77629,Bryan Faustino,43,59.54,6,62.41,PCC,D,,MAJOR,,37.4458,35.7214,4.5986,12.83,11,,1,,,,,,
d42c118d-75ef-4f41-8a3e-6b9aba6b389e,Wallis Orchard Practical Shooters April 2021 Club Match,2021-04-18,1,Wish You Were Here,6cfae056-1597-465a-82a9-5b87e3d77629,Antonio Tormis,44,57.77,13,65.66,Carry Optics,C,A124958,MINOR,,39.3949,34.6619,4.4622,12.55,10,,2,,,,,,
d42c118d-75ef-4f41-8a3e-6b9aba6b389e,Wallis Orchard Practical Shooters April 2021 Club Match,2021-04-18,1,Wish You Were Here,6cfae056-1597-465a-82a9-5b87e3d77629,Jim Havens,45,56.22,14,63.90,Carry Optics,A,a114636,MINOR,,38.3399,33.7336,4.3427,8.52,8,,2,1,1,,,,
d42c118d-75ef-4f41-8a3e-6b9aba6b389e,Wallis Orchard Practical Shooters April 2021 Club Match,2021-04-18,1,Wish You Were Here,6cfae056-1597-465a-82a9-5b87e3d77629,Arnold Gee,46,55.85,14,55.85,Open,B,TY103519,MAJOR,Senior,33.5123,33.5123,4.3142,9.04,7,,3,1,1,,,,
d42c118d-75ef-4f41-8a3e-6b9aba6b389e,Wallis Orchard Practical Shooters April 2021 Club Match,2021-04-18,1,Wish You Were Here,6cfae056-1597-465a-82a9-5b87e3d77629,Emman Alcoseba,47,54.88,8,57.44,Limited,C,TY67519,MINOR,Senior,34.4668,32.9273,4.2389,10.38,6,,4,2,,,,,
d42c118d-75ef-4f41-8a3e-6b9aba6b389e,Wallis Orchard Practical Shooters April 2021 Club Match,2021-04-18,1,Wish You Were Here,6cfae056-1597-465a-82a9-5b87e3d77629,Roman Gwiscz,48,54.87,15,62.36,Carry Optics,A,L4670,MINOR,,37.4182,32.9227,4.2383,8.73,8,,2,1,1,,,,
d42c118d-75ef-4f41-8a3e-6b9aba6b389e,Wallis Orchard Practical Shooters April 2021 Club Match,2021-04-18,1,Wish You Were Here,6cfae056-1597-465a-82a9-5b87e3d77629,Mengyu Yue,49,53.01,7,55.57,PCC,B,TY109190,MINOR,,33.3410,31.8056,4.0945,12.70,8,,4,,,,,,
d42c118d-75ef-4f41-8a3e-6b9aba6b389e,Wallis Orchard Practical Shooters April 2021 Club Match,2021-04-18,1,Wish You Were Here,6cfae056-1597-465a-82a9-5b87e3d77629,David Brizzi,50,53.00,2,73.45,Production,U,A131226,MINOR,,44.0681,31.8018,4.0940,13.19,10,,1,1,,,,,
d42c118d-75ef-4f41-8a3e-6b9aba6b389e,Wallis Orchard Practical Shooters April 2021 Club Match,2021-04-18,1,Wish You Were Here,6cfae056-1597-465a-82a9-5b87e3d77629,Ralph Wiggum,51,50.70,2,77.86,Limited 10,U,TY123776,MAJOR,,46.7136,30.4191,3.9160,10.47,7,,4,,1,,,,
d42c118d-75ef-4f41-8a3e-6b9aba6b389e,Wallis Orchard Practical Shooters April 2021 Club Match,2021-04-18,1,Wish You Were Here,6cfae056-1597-465a-82a9-5b87e3d77629,Tim Yang,52,48.83,16,55.49,Carry Optics,B,A123783,MINOR,,33.2953,29.2951,3.7713,8.22,5,,5,1,1,,,,
d42c118d-75ef-4f41-8a3e-6b9aba6b389e,Wallis Orchard Practical Shooters April 2021 Club Match,2021-04-18,1,Wish You Were Here,6cfae056-1597-465a-82a9-5b87e3d77629,Norman Oducado,53,48.42,17,55.03,Carry Optics,U,A103491,MINOR,,33.0163,29.0496,3.7397,13.37,8,,3,1,,,,,
d42c118d-75ef-4f41-8a3e-6b9aba6b389e,Wallis Orchard Practical Shooters April 2021 Club Match,2021-04-18,1,Wish You Were Here,6cfae056-1597-465a-82a9-5b87e3d77629,Gennady Khokhorin,54,48.06,3,66.59,Production,C,A123884,MINOR,Senior,39.9562,28.8344,3.7120,13.47,7,,5,,,,,,
d42c118d-75ef-4f41-8a3e-6b9aba6b389e,Wallis Orchard Practical Shooters April 2021 Club Match,2021-04-18,1,Wish You Were Here,6cfae056-1597-465a-82a9-5b87e3d77629,Leofredo Echavez,55,44.02,9,46.08,Limited,U,,MINOR,,27.6497,26.4147,3.4005,15.88,9,,3,,,,,,
d42c118d-75ef-4f41-8a3e-6b9aba6b389e,Wallis Orchard Practical Shooters April 2021 Club Match,2021-04-18,1,Wish You Were Here,6cfae056-1597-465a-82a9-5b87e3d77629,Romelio San Jose,56,43.89,18,49.88,Carry Optics,U,A132413,MINOR,,29.9272,26.3316,3.3898,14.16,7,,4,1,,,,,
d42c118d-75ef-4f41-8a3e-6b9aba6b389e,Wallis Orchard Practical Shooters April 2021 Club Match,2021-04-18,1,Wish You Were Here,6cfae056-1597-465a-82a9-5b87e3d77629,Ray Perez,57,43.64,19,49.60,Carry Optics,U,,MINOR,Law Enforcement,29.7594,26.1840,3.3708,8.01,5,,3,3,1,,,,
d42c118d-75ef-4f41-8a3e-6b9aba6b389e,Wallis Orchard Practical Shooters April 2021 Club Match,2021-04-18,1,Wish You Were Here,6cfae056-1597-465a-82a9-5b87e3d77629,Duane Bellamy,58,43.37,10,45.39,Limited,U,A133284,MINOR,,27.2358,26.0193,3.3496,14.33,6,,6,,,,,,
d42c118d-75ef-4f41-8a3e-6b9aba6b389e,Wallis Orchard Practical Shooters April 2021 Club Match,2021-04-18,1,Wish You Were Here,6cfae056-1597-465a-82a9-5b87e3d77629,Nathaniel Lovan,59,42.42,20,48.21,Carry Optics,D,A118114,MINOR,,28.9242,25.4492,3.2762,13.43,6,,4,2,,,,,
d42c118d-75ef-4f41-8a3e-6b9aba6b389e,Wallis Orchard Practical Shooters April 2021 Club Match,2021-04-18,1,Wish You Were Here,6cfae056-1597-465a-82a9-5b87e3d77629,Dale Hamm,60,40.95,11,42.86,Limited,C,TY97196,MAJOR,Senior,25.7161,24.5675,3.1627,13.28,8,,3,,1,,,,
d42c118d-75ef-4f41-8a3e-6b9aba6b389e,Wallis Orchard Practical Shooters April 2021 Club Match,2021-04-18,1,Wish You Were Here,6cfae056-1597-465a-82a9-5b87e3d77629,Jerry Bedro,61,40.11,8,42.05,PCC,B,,MINOR,,25.2291,24.0673,3.0983,9.36,8,,3,,1,,1,,
d42c118d-75ef-4f41-8a3e-6b9aba6b389e,Wallis Orchard Practical Shooters April 2021 Club Match,2021-04-18,1,Wish You Were Here,6cfae056-1597-465a-82a9-5b87e3d77629,Jeannie Marrone,62,38.70,12,40.51,Limited,U,A133357,MINOR,Lady; Senior,24.3078,23.2221,2.9895,20.07,12,,,,,,,,
d42c118d-75ef-4f41-8a3e-6b9aba6b389e,Wallis Orchard Practical Shooters April 2021 Club Match,2021-04-18,1,Wish You Were Here,6cfae056-1597-465a-82a9-5b87e3d77629,Hopper Po,63,34.44,21,39.14,Carry Optics,U,A132909,MINOR,,23.4823,20.6610,2.6598,19.55,8,,4,,,,,,
d42c118d-75ef-4f41-8a3e-6b9aba6b389e,Wallis Orchard Practical Shooters April 2021 Club Match,2021-04-18,1,Wish You Were Here,6cfae056-1597-465a-82a9-5b87e3d77629,Eric Wu,64,28.89,22,32.83,Carry Optics,U,,MINOR,,19.7001,17.3333,2.2314,12.10,8,,2,1,1,,1,,
d42c118d-75ef-4f41-8a3e-6b9aba6b389e,Wallis Orchard Practical Shooters April 2021 Club Match,2021-04-18,1,Wish You Were Here,6cfae056-1597-465a-82a9-5b87e3d77629,Nilo Dalisay,65,28.08,15,28.08,Open,,,MAJOR,,16.8478,16.8478,2.1689,26.28,9,,3,,,,,,
d42c118d-75ef-4f41-8a3e-6b9aba6b389e,Wallis Orchard Practical Shooters April 2021 Club Match,2021-04-18,1,Wish You Were Here,6cfae056-1597-465a-82a9-5b87e3d77629,Rovel Cipriano,66,19.82,16,19.82,Open,,,MAJOR,,11.8919,11.8919,1.5309,34.62,7,,4,1,,,,,
d42c118d-75ef-4f41-8a3e-6b9aba6b389e,Wallis Orchard Practical Shooters April 2021 Club Match,2021-04-18,1,Wish You Were Here,6cfae056-1597-465a-82a9-5b87e3d77629,Ramil Villanueva,67,13.78,23,15.67,Carry Optics,D,,MINOR,Junior,9.3998,8.2705,1.0647,12.21,6,,4,1,1,,2,,
d42c118d-75ef-4f41-8a3e-6b9aba6b389e,Wallis Orchard Practical Shooters April 2021 Club Match,2021-04-18,1,Wish You Were Here,6cfae056-1597-465a-82a9-5b87e3d77629,Janice Pacleb,68,0.00,17,0.00,Open,B,Ty75597,MAJOR,Lady,0.0000,0.0000,,,,,,,,,,,
d42c118d-75ef-4f41-8a3e-6b9aba6b389e,Wallis Orchard Practical Shooters April 2021 Club Match,2021-04-18,2,Stage 2 Bay 2,00a05613-4b47-4e7f-9bf1-5a05f7e99bf3,Chris Snow,1,100.00,1,100.00,Open,A,A107262,MAJOR,,130.0000,130.0000,7.3260,16.38,18,,7,1,,,,,
d42c118d-75ef-4f41-8a3e-6b9aba6b389e,Wallis Orchard Practical Shooters April 2021 Club Match,2021-04-18,2,Stage 2 Bay 2,00a05613-4b47-4e7f-9bf1-5a05f7e99bf3,MEL RODERO II,2,87.08,2,87.08,Open,G,TY86283,MAJOR,Senior,113.2079,113.2079,6.3797,19.75,22,,4,,,,,,
d42c118d-75ef-4f41-8a3e-6b9aba6b389e,Wallis Orchard Practical Shooters April 2021 Club Match,2021-04-18,2,Stage 2 Bay 2,00a05613-4b47-4e7f-9bf1-5a05f7e99bf3,Trevor Cotter,3,86.92,3,86.92,Open,M,A108348,MAJOR,,113.0020,113.0020,6.3681,18.53,16,,9,1,,,,,
d42c118d-75ef-4f41-8a3e-6b9aba6b389e,Wallis Orchard Practical Shooters April 2021 Club Match,2021-04-18,2,Stage 2 Bay 2,00a05613-4b47-4e7f-9bf1-5a05f7e99bf3,Albert Montanez,4,81.55,4,81.55,Open,M,TY101554,MAJOR,,106.0176,106.0176,5.9745,20.42,20,,5,1,,,,,
d42c118d-75ef-4f41-8a3e-6b9aba6b389e,Wallis Orchard Practical Shooters April 2021 Club Match,2021-04-18,2,Stage 2 Bay 2,00a05613-4b47-4e7f-9bf1-5a05f7e99bf3,Gil Yolo,5,80.18,5,80.18,Open,A,A100714,MAJOR,,104.2307,104.2307,5.8738,20.60,17,,9,,,,,,
d42c118d-75ef-4f41-8a3e-6b9aba6b389e,Wallis Orchard Practical Shooters April 2021 Club Match,2021-04-18,2,Stage 2 Bay 2,00a05613-4b47-4e7f-9bf1-5a05f7e99bf3,Ross Apffel,6,79.41,1,100.00,Limited,A,L4428,MAJOR,,130.0000,103.2370,5.8178,20.97,18,,8,,,,,,
d42c118d-75ef-4f41-8a3e-6b9aba6b389e,Wallis Orchard Practical Shooters April 2021 Club Match,2021-04-18,2,Stage 2 Bay 2,00a05613-4b47-4e7f-9bf1-5a05f7e99bf3,Jan Pacleb,7,79.13,6,79.13,Open,A,A79326,MAJOR,,102.8696,102.8696,5.7971,17.94,18,,5,2,1,,,,
d42c118d-75ef-4f41-8a3e-6b9aba6b389e,Wallis Orchard Practical Shooters April 2021 Club Match,2021-04-18,2,Stage 2 Bay 2,00a05613-4b47-4e7f-9bf1-5a05f7e99bf3,Wade Pruetz,8,76.88,7,76.88,Open,A,TY79055,MAJOR,,99.9488,99.9488,5.6325,22.37,22,,4,,,,,,
d42c118d-75ef-4f41-8a3e-6b9aba6b389e,Wallis Orchard Practical Shooters April 2021 Club Match,2021-04-18,2,Stage 2 Bay 2,00a05613-4b47-4e7f-9bf1-5a05f7e99bf3,Jerry Bedro,9,75.67,1,100.00,PCC,B,,MINOR,,130.0000,98.3731,5.5437,23.45,26,,,,,,,,
d42c118d-75ef-4f41-8a3e-6b9aba6b389e,Wallis Orchard Practical Shooters April 2021 Club Match,2021-04-18,2,Stage 2 Bay 2,00a05613-4b47-4e7f-9bf1-5a05f7e99bf3,Ryan Alicaya,10,74.09,8,74.09,Open,D,,MAJOR,,96.3146,96.3146,5.4277,23.03,21,,5,,,,,,
d42c118d-75ef-4f41-8a3e-6b9aba6b389e,Wallis Orchard Practical Shooters April 2021 Club Match,2021-04-18,2,Stage 2 Bay 2,00a05613-4b47-4e7f-9bf1-5a05f7e99bf3,August Balagtas,11,73.47,9,73.47,Open,M,L3674,MAJOR,,95.5143,95.5143,5.3826,22.48,17,,9,,,,,,
d42c118d-75ef-4f41-8a3e-6b9aba6b389e,Wallis Orchard Practical Shooters April 2021 Club Match,2021-04-18,2,Stage 2 Bay 2,00a05613-4b47-4e7f-9bf1-5a05f7e99bf3,Scott Ragsdale,12,73.45,2,97.07,PCC,A,A91297,MINOR,,126.1894,95.4895,5.3812,22.30,21,,5,,,,,,
d42c118d-75ef-4f41-8a3e-6b9aba6b389e,Wallis Orchard Practical Shooters April 2021 Club Match,2021-04-18,2,Stage 2 Bay 2,00a05613-4b47-4e7f-9bf1-5a05f7e99bf3,Andrew Whitley,13,73.37,10,73.37,Open,B,TY106649,MAJOR,,95.3866,95.3866,5.3754,22.51,17,,9,,,,,,
d42c118d-75ef-4f41-8a3e-6b9aba6b389e,Wallis Orchard Practical Shooters April 2021 Club Match,2021-04-18,2,Stage 2 Bay 2,00a05613-4b47-4e7f-9bf1-5a05f7e99bf3,Duane Mendoza,14,70.89,11,70.89,Open,B,X,MAJOR,,92.1623,92.1623,5.1937,23.49,18,,8,,,,,,
d42c118d-75ef-4f41-8a3e-6b9aba6b389e,Wallis Orchard Practical Shooters April 2021 Club Match,2021-04-18,2,Stage 2 Bay 2,00a05613-4b47-4e7f-9bf1-5a05f7e99bf3,Ridong Wen,15,70.44,1,100.00,Carry Optics,U,A99651,MINOR,,130.0000,91.5767,5.1607,23.64,22,,4,,,,,,
d42c118d-75ef-4f41-8a3e-6b9aba6b389e,Wallis Orchard Practical Shooters April 2021 Club Match,2021-04-18,2,Stage 2 Bay 2,00a05613-4b47-4e7f-9bf1-5a05f7e99bf3,Tim Yang,16,69.91,2,99.24,Carry Optics,B,A123783,MINOR,,129.0176,90.8847,5.1217,23.82,22,,4,,,,,,
d42c118d-75ef-4f41-8a3e-6b9aba6b389e,Wallis Orchard Practical Shooters April 2021 Club Match,2021-04-18,2,Stage 2 Bay 2,00a05613-4b47-4e7f-9bf1-5a05f7e99bf3,Jon Baguio,17,67.83,1,100.00,Production,D,X,MINOR,,130.0000,88.1732,4.9689,24.15,22,,3,1,,,,,
d42c118d-75ef-4f41-8a3e-6b9aba6b389e,Wallis Orchard Practical Shooters April 2021 Club Match,2021-04-18,2,Stage 2 Bay 2,00a05613-4b47-4e7f-9bf1-5a05f7e99bf3,Matt Lem,18,67.27,3,95.50,Carry Optics,A,FY34763,MINOR,,124.1508,87.4563,4.9285,25.16,23,,3,,,,,,
d42c118d-75ef-4f41-8a3e-6b9aba6b389e,Wallis Orchard Practical Shooters April 2021 Club Match,2021-04-18,2,Stage 2 Bay 2,00a05613-4b47-4e7f-9bf1-5a05f7e99bf3,Mengyu Yue,19,66.75,3,88.22,PCC,B,TY109190,MINOR,,114.6801,86.7802,4.8904,23.72,20,,5,1,,,,,
d42c118d-75ef-4f41-8a3e-6b9aba6b389e,Wallis Orchard Practical Shooters April 2021 Club Match,2021-04-18,2,Stage 2 Bay 2,00a05613-4b47-4e7f-9bf1-5a05f7e99bf3,Michael Whitley,20,66.72,12,66.72,Open,B,A111091,MAJOR,,86.7394,86.7394,4.8881,21.89,17,,8,,1,,,,
d42c118d-75ef-4f41-8a3e-6b9aba6b389e,Wallis Orchard Practical Shooters April 2021 Club Match,2021-04-18,2,Stage 2 Bay 2,00a05613-4b47-4e7f-9bf1-5a05f7e99bf3,Craig Bellamy,21,66.13,1,100.00,Single Stack,A,TY54824,MAJOR,Law Enforcement,130.0000,85.9640,4.8444,25.39,19,,7,,,,,,
d42c118d-75ef-4f41-8a3e-6b9aba6b389e,Wallis Orchard Practical Shooters April 2021 Club Match,2021-04-18,2,Stage 2 Bay 2,00a05613-4b47-4e7f-9bf1-5a05f7e99bf3,Jason Wells,22,63.05,2,79.39,Limited,B,TY101006,MAJOR,,103.2081,81.9607,4.6188,22.30,15,,9,1,1,,,,
d42c118d-75ef-4f41-8a3e-6b9aba6b389e,Wallis Orchard Practical Shooters April 2021 Club Match,2021-04-18,2,Stage 2 Bay 2,00a05613-4b47-4e7f-9bf1-5a05f7e99bf3,Jason Bright,23,63.03,4,89.47,Carry Optics,B,A93447,MINOR,,116.3141,81.9358,4.6174,22.74,20,,5,,1,,,,
d42c118d-75ef-4f41-8a3e-6b9aba6b389e,Wallis Orchard Practical Shooters April 2021 Club Match,2021-04-18,2,Stage 2 Bay 2,00a05613-4b47-4e7f-9bf1-5a05f7e99bf3,Roman Gwiscz,24,62.89,5,89.27,Carry Optics,A,L4670,MINOR,,116.0571,81.7548,4.6072,24.31,18,,7,1,,,,,
d42c118d-75ef-4f41-8a3e-6b9aba6b389e,Wallis Orchard Practical Shooters April 2021 Club Match,2021-04-18,2,Stage 2 Bay 2,00a05613-4b47-4e7f-9bf1-5a05f7e99bf3,Arnold Gee,25,62.65,13,62.65,Open,B,TY103519,MAJOR,Senior,81.4479,81.4479,4.5899,26.58,18,,8,,,,,,
d42c118d-75ef-4f41-8a3e-6b9aba6b389e,Wallis Orchard Practical Shooters April 2021 Club Match,2021-04-18,2,Stage 2 Bay 2,00a05613-4b47-4e7f-9bf1-5a05f7e99bf3,Ralph Wiggum,26,62.58,1,100.00,Limited 10,U,TY123776,MAJOR,,130.0000,81.3556,4.5847,26.61,20,,5,1,,,,,
d42c118d-75ef-4f41-8a3e-6b9aba6b389e,Wallis Orchard Practical Shooters April 2021 Club Match,2021-04-18,2,Stage 2 Bay 2,00a05613-4b47-4e7f-9bf1-5a05f7e99bf3,Vinh Lam,27,60.50,3,76.18,Limited,A,TY101025,MAJOR,,99.0340,78.6459,4.4320,19.63,15,,7,2,2,,,,
d42c118d-75ef-4f41-8a3e-6b9aba6b389e,Wallis Orchard Practical Shooters April 2021 Club Match,2021-04-18,2,Stage 2 Bay 2,00a05613-4b47-4e7f-9bf1-5a05f7e99bf3,Steven McNamara,28,60.42,14,60.42,Open,B,A75212,MAJOR,Senior,78.5448,78.5448,4.4263,28.24,21,,5,,,,,,
d42c118d-75ef-4f41-8a3e-6b9aba6b389e,Wallis Orchard Practical Shooters April 2021 Club Match,2021-04-18,2,Stage 2 Bay 2,00a05613-4b47-4e7f-9bf1-5a05f7e99bf3,Carlos Escandon,29,59.52,2,90.01,Single Stack,B,L2590,MAJOR,Senior,117.0091,77.3736,4.3603,27.98,20,,5,1,,,,,
d42c118d-75ef-4f41-8a3e-6b9aba6b389e,Wallis Orchard Practical Shooters April 2021 Club Match,2021-04-18,2,Stage 2 Bay 2,00a05613-4b47-4e7f-9bf1-5a05f7e99bf3,Anthony Smallwood,30,58.94,4,77.89,PCC,B,TY94508,MINOR,Senior,101.2573,76.6230,4.3180,29.18,24,,2,,,,,,
d42c118d-75ef-4f41-8a3e-6b9aba6b389e,Wallis Orchard Practical Shooters April 2021 Club Match,2021-04-18,2,Stage 2 Bay 2,00a05613-4b47-4e7f-9bf1-5a05f7e99bf3,John Brunkhorst,31,58.58,6,83.16,Carry Optics,B,A116144,MINOR,,108.1045,76.1527,4.2915,27.03,20,,5,1,,,,,
d42c118d-75ef-4f41-8a3e-6b9aba6b389e,Wallis Orchard Practical Shooters April 2021 Club Match,2021-04-18,2,Stage 2 Bay 2,00a05613-4b47-4e7f-9bf1-5a05f7e99bf3,Erwin Gonzalez,32,58.17,7,82.57,Carry Optics,U,,MINOR,Law Enforcement,107.3438,75.6168,4.2613,28.63,23,,2,1,,,,,
d42c118d-75ef-4f41-8a3e-6b9aba6b389e,Wallis Orchard Practical Shooters April 2021 Club Match,2021-04-18,2,Stage 2 Bay 2,00a05613-4b47-4e7f-9bf1-5a05f7e99bf3,Andrew McWilliams,33,57.68,4,72.63,Limited,U,A133773,MINOR,,94.4175,74.9798,4.2254,25.56,16,,9,1,,,,,
d42c118d-75ef-4f41-8a3e-6b9aba6b389e,Wallis Orchard Practical Shooters April 2021 Club Match,2021-04-18,2,Stage 2 Bay 2,00a05613-4b47-4e7f-9bf1-5a05f7e99bf3,Chev Jacot,34,56.92,8,80.80,Carry Optics,B,A72378,MINOR,,105.0338,73.9896,4.1696,28.30,21,,4,1,,,,,
d42c118d-75ef-4f41-8a3e-6b9aba6b389e,Wallis Orchard Practical Shooters April 2021 Club Match,2021-04-18,2,Stage 2 Bay 2,00a05613-4b47-4e7f-9bf1-5a05f7e99bf3,Hopper Po,35,56.34,9,79.99,Carry Optics,U,A132909,MINOR,,103.9809,73.2479,4.1278,30.04,23,,3,,,,,,
d42c118d-75ef-4f41-8a3e-6b9aba6b389e,Wallis Orchard Practical Shooters April 2021 Club Match,2021-04-18,2,Stage 2 Bay 2,00a05613-4b47-4e7f-9bf1-5a05f7e99bf3,Bill Kinstley,36,56.06,5,70.60,Limited,B,A104836,MAJOR,,91.7740,72.8806,4.1071,28.00,19,,3,4,,,,,
d42c118d-75ef-4f41-8a3e-6b9aba6b389e,Wallis Orchard Practical Shooters April 2021 Club Match,2021-04-18,2,Stage 2 Bay 2,00a05613-4b47-4e7f-9bf1-5a05f7e99bf3,Ralph Migs,37,55.88,5,73.84,PCC,U,A132627,MINOR,Military,95.9951,72.6410,4.0936,27.36,18,,7,1,,,,,
d42c118d-75ef-4f41-8a3e-6b9aba6b389e,Wallis Orchard Practical Shooters April 2021 Club Match,2021-04-18,2,Stage 2 Bay 2,00a05613-4b47-4e7f-9bf1-5a05f7e99bf3,Mike Junco,38,55.59,10,78.91,Carry Optics,A,FY34819,MINOR,Law Enforcement,102.5803,72.2613,4.0722,23.82,17,,7,1,1,,,,
d42c118d-75ef-4f41-8a3e-6b9aba6b389e,Wallis Orchard Practical Shooters April 2021 Club Match,2021-04-18,2,Stage 2 Bay 2,00a05613-4b47-4e7f-9bf1-5a05f7e99bf3,Jun Wu,39,54.96,11,78.01,Carry Optics,,,MINOR,,101.4190,71.4432,4.0261,27.57,23,,2,,1,,,,
d42c118d-75ef-4f41-8a3e-6b9aba6b389e,Wallis Orchard Practical Shooters April 2021 Club Match,2021-04-18,2,Stage 2 Bay 2,00a05613-4b47-4e7f-9bf1-5a05f7e99bf3,Jonathan Backof,40,54.95,3,83.10,Single Stack,C,A116878,MAJOR,,108.0328,71.4379,4.0258,31.05,21,,5,,,,,,
d42c118d-75ef-4f41-8a3e-6b9aba6b389e,Wallis Orchard Practical Shooters April 2021 Club Match,2021-04-18,2,Stage 2 Bay 2,00a05613-4b47-4e7f-9bf1-5a05f7e99bf3,Mike Kahl,41,54.37,12,77.18,Carry Optics,B,TY70984,MINOR,Super Senior,100.3283,70.6749,3.9828,27.87,23,,2,,1,,,,
d42c118d-75ef-4f41-8a3e-6b9aba6b389e,Wallis Orchard Practical Shooters April 2021 Club Match,2021-04-18,2,Stage 2 Bay 2,00a05613-4b47-4e7f-9bf1-5a05f7e99bf3,Gary Wu,42,54.36,6,68.45,Limited,B,L2998,MINOR,,88.9809,70.6624,3.9821,26.87,22,,2,1,1,,,,
d42c118d-75ef-4f41-8a3e-6b9aba6b389e,Wallis Orchard Practical Shooters April 2021 Club Match,2021-04-18,2,Stage 2 Bay 2,00a05613-4b47-4e7f-9bf1-5a05f7e99bf3,Janice Pacleb,43,54.25,15,54.25,Open,B,Ty75597,MAJOR,Lady,70.5240,70.5240,3.9743,26.42,15,,10,,1,,,,
d42c118d-75ef-4f41-8a3e-6b9aba6b389e,Wallis Orchard Practical Shooters April 2021 Club Match,2021-04-18,2,Stage 2 Bay 2,00a05613-4b47-4e7f-9bf1-5a05f7e99bf3,Doug Joder,44,54.13,6,71.53,PCC,U,A115020,MINOR,,92.9935,70.3696,3.9656,30.26,22,,3,1,,,,,
d42c118d-75ef-4f41-8a3e-6b9aba6b389e,Wallis Orchard Practical Shooters April 2021 Club Match,2021-04-18,2,Stage 2 Bay 2,00a05613-4b47-4e7f-9bf1-5a05f7e99bf3,Marlon Poralan,45,53.10,13,75.38,Carry Optics,C,Ty66330,MINOR,Law Enforcement,97.9906,69.0281,3.8900,29.82,19,,7,,,,,,
d42c118d-75ef-4f41-8a3e-6b9aba6b389e,Wallis Orchard Practical Shooters April 2021 Club Match,2021-04-18,2,Stage 2 Bay 2,00a05613-4b47-4e7f-9bf1-5a05f7e99bf3,Pat Byrne,46,52.50,7,66.11,Limited,U,Fy93921,MAJOR,Super Senior,85.9442,68.2509,3.8462,28.08,18,,7,,1,,,,
d42c118d-75ef-4f41-8a3e-6b9aba6b389e,Wallis Orchard Practical Shooters April 2021 Club Match,2021-04-18,2,Stage 2 Bay 2,00a05613-4b47-4e7f-9bf1-5a05f7e99bf3,Robert Bui,47,51.78,14,73.50,Carry Optics,C,A103016,MINOR,,95.5496,67.3086,3.7931,26.10,18,,6,1,1,,,,
d42c118d-75ef-4f41-8a3e-6b9aba6b389e,Wallis Orchard Practical Shooters April 2021 Club Match,2021-04-18,2,Stage 2 Bay 2,00a05613-4b47-4e7f-9bf1-5a05f7e99bf3,Norman Oducado,48,49.83,15,70.73,Carry Optics,U,A103491,MINOR,,91.9550,64.7764,3.6504,27.12,17,,8,,1,,,,
d42c118d-75ef-4f41-8a3e-6b9aba6b389e,Wallis Orchard Practical Shooters April 2021 Club Match,2021-04-18,2,Stage 2 Bay 2,00a05613-4b47-4e7f-9bf1-5a05f7e99bf3,Ray Perez,49,49.78,16,70.67,Carry Optics,U,,MINOR,Law Enforcement,91.8718,64.7179,3.6471,25.50,16,,7,2,1,,,,
d42c118d-75ef-4f41-8a3e-6b9aba6b389e,Wallis Orchard Practical Shooters April 2021 Club Match,2021-04-18,2,Stage 2 Bay 2,00a05613-4b47-4e7f-9bf1-5a05f7e99bf3,Joseph Reyes,50,49.07,7,64.85,PCC,C,A127665,MINOR,Super Senior,84.3076,63.7969,3.5952,34.49,24,,1,1,,,,,
d42c118d-75ef-4f41-8a3e-6b9aba6b389e,Wallis Orchard Practical Shooters April 2021 Club Match,2021-04-18,2,Stage 2 Bay 2,00a05613-4b47-4e7f-9bf1-5a05f7e99bf3,Bryan Faustino,51,48.83,8,64.53,PCC,D,,MAJOR,,83.8925,63.4828,3.5775,29.35,17,,7,1,1,,,,
d42c118d-75ef-4f41-8a3e-6b9aba6b389e,Wallis Orchard Practical Shooters April 2021 Club Match,2021-04-18,2,Stage 2 Bay 2,00a05613-4b47-4e7f-9bf1-5a05f7e99bf3,Jason Wilson,52,47.11,2,75.28,Limited 10,U,A94696,MAJOR,,97.8679,61.2469,3.4515,32.16,21,,4,,1,,,,
d42c118d-75ef-4f41-8a3e-6b9aba6b389e,Wallis Orchard Practical Shooters April 2021 Club Match,2021-04-18,2,Stage 2 Bay 2,00a05613-4b47-4e7f-9bf1-5a05f7e99bf3,Nathaniel Lovan,53,45.98,17,65.27,Carry Optics,D,A118114,MINOR,,84.8538,59.7741,3.3685,29.39,18,,6,1,1,,,,
d42c118d-75ef-4f41-8a3e-6b9aba6b389e,Wallis Orchard Practical Shooters April 2021 Club Match,2021-04-18,2,Stage 2 Bay 2,00a05613-4b47-4e7f-9bf1-5a05f7e99bf3,Antonio Tormis,54,45.85,18,65.09,Carry Optics,C,A124958,MINOR,,84.6120,59.6037,3.3589,31.26,20,,5,,1,,,,
d42c118d-75ef-4f41-8a3e-6b9aba6b389e,Wallis Orchard Practical Shooters April 2021 Club Match,2021-04-18,2,Stage 2 Bay 2,00a05613-4b47-4e7f-9bf1-5a05f7e99bf3,Marchoni Aquino,55,44.04,19,62.52,Carry Optics,D,A124540,MINOR,,81.2818,57.2578,3.2267,34.71,17,,9,,,,,,
d42c118d-75ef-4f41-8a3e-6b9aba6b389e,Wallis Orchard Practical Shooters April 2021 Club Match,2021-04-18,2,Stage 2 Bay 2,00a05613-4b47-4e7f-9bf1-5a05f7e99bf3,Gennady Khokhorin,56,44.02,2,64.90,Production,C,A123884,MINOR,Senior,84.3722,57.2259,3.2249,34.73,19,,5,2,,,,,
d42c118d-75ef-4f41-8a3e-6b9aba6b389e,Wallis Orchard Practical Shooters April 2021 Club Match,2021-04-18,2,Stage 2 Bay 2,00a05613-4b47-4e7f-9bf1-5a05f7e99bf3,Jim Havens,57,42.63,20,60.51,Carry Optics,A,a114636,MINOR,,78.6670,55.4159,3.1229,30.42,16,,8,1,1,,,,
d42c118d-75ef-4f41-8a3e-6b9aba6b389e,Wallis Orchard Practical Shooters April 2021 Club Match,2021-04-18,2,Stage 2 Bay 2,00a05613-4b47-4e7f-9bf1-5a05f7e99bf3,David Brizzi,58,42.56,3,62.74,Production,U,A131226,MINOR,,81.5676,55.3236,3.1177,30.15,12,,10,4,,,,,
d42c118d-75ef-4f41-8a3e-6b9aba6b389e,Wallis Orchard Practical Shooters April 2021 Club Match,2021-04-18,2,Stage 2 Bay 2,00a05613-4b47-4e7f-9bf1-5a05f7e99bf3,Dale Hamm,59,40.12,8,50.53,Limited,C,TY97196,MAJOR,Senior,65.6838,52.1615,2.9395,35.72,15,,10,,1,,,,
d42c118d-75ef-4f41-8a3e-6b9aba6b389e,Wallis Orchard Practical Shooters April 2021 Club Match,2021-04-18,2,Stage 2 Bay 2,00a05613-4b47-4e7f-9bf1-5a05f7e99bf3,Jeannie Marrone,60,35.68,9,44.92,Limited,U,A133357,MINOR,Lady; Senior,58.4015,46.3784,2.6136,42.47,23,,2,,1,,,,
d42c118d-75ef-4f41-8a3e-6b9aba6b389e,Wallis Orchard Practical Shooters April 2021 Club Match,2021-04-18,2,Stage 2 Bay 2,00a05613-4b47-4e7f-9bf1-5a05f7e99bf3,Ramil Villanueva,61,34.68,21,49.23,Carry Optics,D,,MINOR,Junior,63.9962,45.0812,2.5405,27.16,16,,6,1,3,,,,
d42c118d-75ef-4f41-8a3e-6b9aba6b389e,Wallis Orchard Practical Shooters April 2021 Club Match,2021-04-18,2,Stage 2 Bay 2,00a05613-4b47-4e7f-9bf1-5a05f7e99bf3,Nilo Dalisay,62,19.51,16,19.51,Open,,,MAJOR,,25.3647,25.3647,1.4294,72.06,17,,6,2,1,,,,
d42c118d-75ef-4f41-8a3e-6b9aba6b389e,Wallis Orchard Practical Shooters April 2021 Club Match,2021-04-18,2,Stage 2 Bay 2,00a05613-4b47-4e7f-9bf1-5a05f7e99bf3,Romelio San Jose,63,19.16,22,27.20,Carry Optics,U,A132413,MINOR,,35.3547,24.9051,1.4035,31.35,11,,9,2,4,,,,
d42c118d-75ef-4f41-8a3e-6b9aba6b389e,Wallis Orchard Practical Shooters April 2021 Club Match,2021-04-18,2,Stage 2 Bay 2,00a05613-4b47-4e7f-9bf1-5a05f7e99bf3,Leofredo Echavez,64,18.31,10,23.06,Limited,U,,MINOR,,29.9761,23.8049,1.3415,35.78,13,,7,2,4,,,,
d42c118d-75ef-4f41-8a3e-6b9aba6b389e,Wallis Orchard Practical Shooters April 2021 Club Match,2021-04-18,2,Stage 2 Bay 2,00a05613-4b47-4e7f-9bf1-5a05f7e99bf3,Duane Bellamy,65,17.65,11,22.22,Limited,U,A133284,MINOR,,28.8857,22.9390,1.2927,34.81,16,,5,,5,,,,
d42c118d-75ef-4f41-8a3e-6b9aba6b389e,Wallis Orchard Practical Shooters April 2021 Club Match,2021-04-18,2,Stage 2 Bay 2,00a05613-4b47-4e7f-9bf1-5a05f7e99bf3,Eric Wu,66,15.43,23,21.90,Carry Optics,U,,MINOR,,28.4727,20.0572,1.1303,35.39,9,,11,2,4,,,,
d42c118d-75ef-4f41-8a3e-6b9aba6b389e,Wallis Orchard Practical Shooters April 2021 Club Match,2021-04-18,2,Stage 2 Bay 2,00a05613-4b47-4e7f-9bf1-5a05f7e99bf3,Rovel Cipriano,67,9.52,17,9.52,Open,,,MAJOR,,12.3789,12.3789,0.6976,64.51,13,,7,1,5,,,,
d42c118d-75ef-4f41-8a3e-6b9aba6b389e,Wallis Orchard Practical Shooters April 2021 Club Match,2021-04-18,2,Stage 2 Bay 2,00a05613-4b47-4e7f-9bf1-5a05f7e99bf3,Emman Alcoseba,68,0.00,12,0.00,Limited,C,TY67519,MINOR,Senior,0.0000,0.0000,,,,,,,,,,,
d42c118d-75ef-4f41-8a3e-6b9aba6b389e,Wallis Orchard Practical Shooters April 2021 Club Match,2021-04-18,3,Stage 3 Bay 3,8606d966-6cca-46b8-aedf-1afe8e9ca736,Trevor Cotter,1,100.00,1,100.00,Open,M,A108348,MAJOR,,120.0000,120.0000,8.3465,12.70,14,,8,2,,,,,
d42c118d-75ef-4f41-8a3e-6b9aba6b389e,Wallis Orchard Practical Shooters April 2021 Club Match,2021-04-18,3,Stage 3 Bay 3,8606d966-6cca-46b8-aedf-1afe8e9ca736,Gil Yolo,2,96.31,2,96.31,Open,A,A100714,MAJOR,,115.5689,115.5689,8.0383,13.56,15,,8,1,,,,,
d42c118d-75ef-4f41-8a3e-6b9aba6b389e,Wallis Orchard Practical Shooters April 2021 Club Match,2021-04-18,3,Stage 3 Bay 3,8606d966-6cca-46b8-aedf-1afe8e9ca736,Jan Pacleb,3,94.75,3,94.75,Open,A,A79326,MAJOR,,113.6956,113.6956,7.9080,13.91,16,,7,1,,,,,
d42c118d-75ef-4f41-8a3e-6b9aba6b389e,Wallis Orchard Practical Shooters April 2021 Club Match,2021-04-18,3,Stage 3 Bay 3,8606d966-6cca-46b8-aedf-1afe8e9ca736,Wade Pruetz,4,89.49,4,89.49,Open,A,TY79055,MAJOR,,107.3940,107.3940,7.4697,14.86,17,,6,1,,,,,
d42c118d-75ef-4f41-8a3e-6b9aba6b389e,Wallis Orchard Practical Shooters April 2021 Club Match,2021-04-18,3,Stage 3 Bay 3,8606d966-6cca-46b8-aedf-1afe8e9ca736,Chris Snow,5,89.00,5,89.00,Open,A,A107262,MAJOR,,106.7959,106.7959,7.4281,12.52,11,,12,,1,,,,
d42c118d-75ef-4f41-8a3e-6b9aba6b389e,Wallis Orchard Practical Shooters April 2021 Club Match,2021-04-18,3,Stage 3 Bay 3,8606d966-6cca-46b8-aedf-1afe8e9ca736,Ross Apffel,6,88.39,1,100.00,Limited,A,L4428,MAJOR,,120.0000,106.0698,7.3776,14.91,16,,7,1,,,,,
d42c118d-75ef-4f41-8a3e-6b9aba6b389e,Wallis Orchard Practical Shooters April 2021 Club Match,2021-04-18,3,Stage 3 Bay 3,8606d966-6cca-46b8-aedf-1afe8e9ca736,MEL RODERO II,7,86.87,6,86.87,Open,G,TY86283,MAJOR,Senior,104.2396,104.2396,7.2503,14.62,12,,11,1,,,,,
d42c118d-75ef-4f41-8a3e-6b9aba6b389e,Wallis Orchard Practical Shooters April 2021 Club Match,2021-04-18,3,Stage 3 Bay 3,8606d966-6cca-46b8-aedf-1afe8e9ca736,August Balagtas,8,84.84,7,84.84,Open,M,L3674,MAJOR,,101.8113,101.8113,7.0814,15.11,11,,13,,,,,,
d42c118d-75ef-4f41-8a3e-6b9aba6b389e,Wallis Orchard Practical Shooters April 2021 Club Match,2021-04-18,3,Stage 3 Bay 3,8606d966-6cca-46b8-aedf-1afe8e9ca736,Vinh Lam,9,83.17,2,94.09,Limited,A,TY101025,MAJOR,,112.9099,99.8028,6.9417,15.27,12,,11,1,,,,,
d42c118d-75ef-4f41-8a3e-6b9aba6b389e,Wallis Orchard Practical Shooters April 2021 Club Match,2021-04-18,3,Stage 3 Bay 3,8606d966-6cca-46b8-aedf-1afe8e9ca736,Andrew Whitley,10,82.74,8,82.74,Open,B,TY106649,MAJOR,,99.2823,99.2823,6.9055,15.35,16,,5,3,,,,,
d42c118d-75ef-4f41-8a3e-6b9aba6b389e,Wallis Orchard Practical Shooters April 2021 Club Match,2021-04-18,3,Stage 3 Bay 3,8606d966-6cca-46b8-aedf-1afe8e9ca736,Ryan Alicaya,11,81.27,9,81.27,Open,D,,MAJOR,,97.5182,97.5182,6.7828,16.07,13,,11,,,,,,
d42c118d-75ef-4f41-8a3e-6b9aba6b389e,Wallis Orchard Practical Shooters April 2021 Club Match,2021-04-18,3,Stage 3 Bay 3,8606d966-6cca-46b8-aedf-1afe8e9ca736,Duane Mendoza,12,80.20,10,80.20,Open,B,X,MAJOR,,96.2459,96.2459,6.6943,16.88,19,,4,1,,,,,
d42c118d-75ef-4f41-8a3e-6b9aba6b389e,Wallis Orchard Practical Shooters April 2021 Club Match,2021-04-18,3,Stage 3 Bay 3,8606d966-6cca-46b8-aedf-1afe8e9ca736,Ralph Migs,13,76.05,1,100.00,PCC,U,A132627,MINOR,Military,120.0000,91.2569,6.3473,16.70,17,,7,,,,,,
d42c118d-75ef-4f41-8a3e-6b9aba6b389e,Wallis Orchard Practical Shooters April 2021 Club Match,2021-04-18,3,Stage 3 Bay 3,8606d966-6cca-46b8-aedf-1afe8e9ca736,Steven McNamara,14,73.75,11,73.75,Open,B,A75212,MAJOR,Senior,88.4994,88.4994,6.1555,18.52,18,,6,,,,,,
d42c118d-75ef-4f41-8a3e-6b9aba6b389e,Wallis Orchard Practical Shooters April 2021 Club Match,2021-04-18,3,Stage 3 Bay 3,8606d966-6cca-46b8-aedf-1afe8e9ca736,Jerry Bedro,15,73.62,2,96.81,PCC,B,,MINOR,,116.1735,88.3470,6.1449,17.25,17,,7,,,,,,
d42c118d-75ef-4f41-8a3e-6b9aba6b389e,Wallis Orchard Practical Shooters April 2021 Club Match,2021-04-18,3,Stage 3 Bay 3,8606d966-6cca-46b8-aedf-1afe8e9ca736,Scott Ragsdale,16,73.09,3,96.11,PCC,A,A91297,MINOR,,115.3284,87.7043,6.1002,18.36,20,,4,,,,,,
d42c118d-75ef-4f41-8a3e-6b9aba6b389e,Wallis Orchard Practical Shooters April 2021 Club Match,2021-04-18,3,Stage 3 Bay 3,8606d966-6cca-46b8-aedf-1afe8e9ca736,Ridong Wen,17,72.84,1,100.00,Carry Optics,U,A99651,MINOR,,120.0000,87.4139,6.0800,18.75,21,,3,,,,,,
d42c118d-75ef-4f41-8a3e-6b9aba6b389e,Wallis Orchard Practical Shooters April 2021 Club Match,2021-04-18,3,Stage 3 Bay 3,8606d966-6cca-46b8-aedf-1afe8e9ca736,Jon Baguio,18,72.49,1,100.00,Production,D,X,MINOR,,120.0000,86.9826,6.0500,17.19,16,,8,,,,,,
d42c118d-75ef-4f41-8a3e-6b9aba6b389e,Wallis Orchard Practical Shooters April 2021 Club Match,2021-04-18,3,Stage 3 Bay 3,8606d966-6cca-46b8-aedf-1afe8e9ca736,Roman Gwiscz,19,72.35,2,99.33,Carry Optics,A,L4670,MINOR,,119.1928,86.8259,6.0391,16.89,20,,4,,,,1,,
d42c118d-75ef-4f41-8a3e-6b9aba6b389e,Wallis Orchard Practical Shooters April 2021 Club Match,2021-04-18,3,Stage 3 Bay 3,8606d966-6cca-46b8-aedf-1afe8e9ca736,Jason Bright,20,70.88,3,97.30,Carry Optics,B,A93447,MINOR,,116.7592,85.0531,5.9158,17.58,16,,8,,,,,,
d42c118d-75ef-4f41-8a3e-6b9aba6b389e,Wallis Orchard Practical Shooters April 2021 Club Match,2021-04-18,3,Stage 3 Bay 3,8606d966-6cca-46b8-aedf-1afe8e9ca736,Tim Yang,21,70.33,4,96.55,Carry Optics,B,A123783,MINOR,,115.8553,84.3947,5.8700,19.08,20,,4,,,,,,
d42c118d-75ef-4f41-8a3e-6b9aba6b389e,Wallis Orchard Practical Shooters April 2021 Club Match,2021-04-18,3,Stage 3 Bay 3,8606d966-6cca-46b8-aedf-1afe8e9ca736,Mike Junco,22,68.65,5,94.24,Carry Optics,A,FY34819,MINOR,Law Enforcement,113.0862,82.3775,5.7297,18.50,17,,7,,,,,,
d42c118d-75ef-4f41-8a3e-6b9aba6b389e,Wallis Orchard Practical Shooters April 2021 Club Match,2021-04-18,3,Stage 3 Bay 3,8606d966-6cca-46b8-aedf-1afe8e9ca736,Mengyu Yue,23,67.44,4,88.68,PCC,B,TY109190,MINOR,,106.4219,80.9312,5.6291,18.12,15,,9,,,,,,
d42c118d-75ef-4f41-8a3e-6b9aba6b389e,Wallis Orchard Practical Shooters April 2021 Club Match,2021-04-18,3,Stage 3 Bay 3,8606d966-6cca-46b8-aedf-1afe8e9ca736,Matt Lem,24,66.95,6,91.90,Carry Optics,A,FY34763,MINOR,,110.2855,80.3374,5.5878,18.97,17,,7,,,,,,
d42c118d-75ef-4f41-8a3e-6b9aba6b389e,Wallis Orchard Practical Shooters April 2021 Club Match,2021-04-18,3,Stage 3 Bay 3,8606d966-6cca-46b8-aedf-1afe8e9ca736,John Brunkhorst,25,66.81,7,91.71,Carry Optics,B,A116144,MINOR,,110.0526,80.1677,5.5760,19.01,17,,7,,,,,,
d42c118d-75ef-4f41-8a3e-6b9aba6b389e,Wallis Orchard Practical Shooters April 2021 Club Match,2021-04-18,3,Stage 3 Bay 3,8606d966-6cca-46b8-aedf-1afe8e9ca736,Albert Montanez,26,65.38,12,65.38,Open,M,TY101554,MAJOR,,78.4597,78.4597,5.4572,13.56,16,,6,,2,,,1,
d42c118d-75ef-4f41-8a3e-6b9aba6b389e,Wallis Orchard Practical Shooters April 2021 Club Match,2021-04-18,3,Stage 3 Bay 3,8606d966-6cca-46b8-aedf-1afe8e9ca736,Arnold Gee,27,63.35,13,63.35,Open,B,TY103519,MAJOR,Senior,76.0199,76.0199,5.2875,19.48,19,,4,1,,,1,,
d42c118d-75ef-4f41-8a3e-6b9aba6b389e,Wallis Orchard Practical Shooters April 2021 Club Match,2021-04-18,3,Stage 3 Bay 3,8606d966-6cca-46b8-aedf-1afe8e9ca736,Chev Jacot,28,62.47,8,85.76,Carry Optics,B,A72378,MINOR,,102.9099,74.9646,5.2141,18.22,18,,5,,1,,,,
d42c118d-75ef-4f41-8a3e-6b9aba6b389e,Wallis Orchard Practical Shooters April 2021 Club Match,2021-04-18,3,Stage 3 Bay 3,8606d966-6cca-46b8-aedf-1afe8e9ca736,Pat Byrne,29,61.36,3,69.41,Limited,U,Fy93921,MAJOR,Super Senior,83.2954,73.6261,5.1210,21.48,14,,10,,,,,,
d42c118d-75ef-4f41-8a3e-6b9aba6b389e,Wallis Orchard Practical Shooters April 2021 Club Match,2021-04-18,3,Stage 3 Bay 3,8606d966-6cca-46b8-aedf-1afe8e9ca736,Gary Wu,30,60.87,4,68.87,Limited,B,L2998,MINOR,,82.6383,73.0452,5.0806,20.47,17,,6,1,,,,,
d42c118d-75ef-4f41-8a3e-6b9aba6b389e,Wallis Orchard Practical Shooters April 2021 Club Match,2021-04-18,3,Stage 3 Bay 3,8606d966-6cca-46b8-aedf-1afe8e9ca736,Jason Wells,31,59.40,5,67.20,Limited,B,TY101006,MAJOR,,80.6392,71.2783,4.9577,17.75,10,,11,2,1,,,,
d42c118d-75ef-4f41-8a3e-6b9aba6b389e,Wallis Orchard Practical Shooters April 2021 Club Match,2021-04-18,3,Stage 3 Bay 3,8606d966-6cca-46b8-aedf-1afe8e9ca736,Hopper Po,32,59.35,9,81.48,Carry Optics,U,A132909,MINOR,,97.7743,71.2236,4.9539,20.59,16,,7,1,,,,,
d42c118d-75ef-4f41-8a3e-6b9aba6b389e,Wallis Orchard Practical Shooters April 2021 Club Match,2021-04-18,3,Stage 3 Bay 3,8606d966-6cca-46b8-aedf-1afe8e9ca736,Janice Pacleb,33,59.23,14,59.23,Open,B,Ty75597,MAJOR,Lady,71.0770,71.0770,4.9437,20.43,19,,4,,1,,,,
d42c118d-75ef-4f41-8a3e-6b9aba6b389e,Wallis Orchard Practical Shooters April 2021 Club Match,2021-04-18,3,Stage 3 Bay 3,8606d966-6cca-46b8-aedf-1afe8e9ca736,Bill Kinstley,34,58.76,6,66.47,Limited,B,A104836,MAJOR,,79.7674,70.5076,4.9041,22.43,14,,10,,,,,,
d42c118d-75ef-4f41-8a3e-6b9aba6b389e,Wallis Orchard Practical Shooters April 2021 Club Match,2021-04-18,3,Stage 3 Bay 3,8606d966-6cca-46b8-aedf-1afe8e9ca736,Doug Joder,35,58.06,5,76.35,PCC,U,A115020,MINOR,,91.6169,69.6723,4.8460,19.81,12,,12,,,,,,
d42c118d-75ef-4f41-8a3e-6b9aba6b389e,Wallis Orchard Practical Shooters April 2021 Club Match,2021-04-18,3,Stage 3 Bay 3,8606d966-6cca-46b8-aedf-1afe8e9ca736,Michael Whitley,36,57.80,15,57.80,Open,B,A111091,MAJOR,,69.3603,69.3603,4.8243,16.79,15,,6,1,2,,,,
d42c118d-75ef-4f41-8a3e-6b9aba6b389e,Wallis Orchard Practical Shooters April 2021 Club Match,2021-04-18,3,Stage 3 Bay 3,8606d966-6cca-46b8-aedf-1afe8e9ca736,Jun Wu,37,57.28,10,78.63,Carry Optics,,,MINOR,,94.3599,68.7364,4.7809,22.59,18,,6,,,,,,
d42c118d-75ef-4f41-8a3e-6b9aba6b389e,Wallis Orchard Practical Shooters April 2021 Club Match,2021-04-18,3,Stage 3 Bay 3,8606d966-6cca-46b8-aedf-1afe8e9ca736,Robert Bui,38,56.39,11,77.42,Carry Optics,C,A103016,MINOR,,92.8993,67.6724,4.7069,24.22,21,,3,,,,,,
d42c118d-75ef-4f41-8a3e-6b9aba6b389e,Wallis Orchard Practical Shooters April 2021 Club Match,2021-04-18,3,Stage 3 Bay 3,8606d966-6cca-46b8-aedf-1afe8e9ca736,Antonio Tormis,39,55.85,12,76.67,Carry Optics,C,A124958,MINOR,,92.0013,67.0183,4.6614,22.74,17,,7,,,,,,
d42c118d-75ef-4f41-8a3e-6b9aba6b389e,Wallis Orchard Practical Shooters April 2021 Club Match,2021-04-18,3,Stage 3 Bay 3,8606d966-6cca-46b8-aedf-1afe8e9ca736,Carlos Escandon,40,53.77,1,100.00,Single Stack,B,L2590,MAJOR,Senior,120.0000,64.5253,4.4880,24.51,14,,10,,,,,,
d42c118d-75ef-4f41-8a3e-6b9aba6b389e,Wallis Orchard Practical Shooters April 2021 Club Match,2021-04-18,3,Stage 3 Bay 3,8606d966-6cca-46b8-aedf-1afe8e9ca736,Anthony Smallwood,41,53.34,6,70.14,PCC,B,TY94508,MINOR,Senior,84.1700,64.0091,4.4521,23.36,16,,8,,,,,,
d42c118d-75ef-4f41-8a3e-6b9aba6b389e,Wallis Orchard Practical Shooters April 2021 Club Match,2021-04-18,3,Stage 3 Bay 3,8606d966-6cca-46b8-aedf-1afe8e9ca736,Ralph Wiggum,42,52.07,1,100.00,Limited 10,U,TY123776,MAJOR,,120.0000,62.4822,4.3459,22.32,17,,5,1,1,,,,
d42c118d-75ef-4f41-8a3e-6b9aba6b389e,Wallis Orchard Practical Shooters April 2021 Club Match,2021-04-18,3,Stage 3 Bay 3,8606d966-6cca-46b8-aedf-1afe8e9ca736,Bryan Faustino,43,48.32,7,63.55,PCC,D,,MAJOR,,76.2542,57.9893,4.0334,20.33,14,,7,2,1,,1,,
d42c118d-75ef-4f41-8a3e-6b9aba6b389e,Wallis Orchard Practical Shooters April 2021 Club Match,2021-04-18,3,Stage 3 Bay 3,8606d966-6cca-46b8-aedf-1afe8e9ca736,Marlon Poralan,44,47.79,13,65.61,Carry Optics,C,Ty66330,MINOR,Law Enforcement,78.7263,57.3481,3.9888,25.07,15,,8,1,,,,,
d42c118d-75ef-4f41-8a3e-6b9aba6b389e,Wallis Orchard Practical Shooters April 2021 Club Match,2021-04-18,3,Stage 3 Bay 3,8606d966-6cca-46b8-aedf-1afe8e9ca736,Erwin Gonzalez,45,46.72,14,64.14,Carry Optics,U,,MINOR,Law Enforcement,76.9658,56.0657,3.8996,22.31,14,,9,,1,,,,
d42c118d-75ef-4f41-8a3e-6b9aba6b389e,Wallis Orchard Practical Shooters April 2021 Club Match,2021-04-18,3,Stage 3 Bay 3,8606d966-6cca-46b8-aedf-1afe8e9ca736,Craig Bellamy,46,46.47,2,86.42,Single Stack,A,TY54824,MAJOR,Law Enforcement,103.7086,55.7652,3.8787,20.11,20,,2,,2,,,1,
d42c118d-75ef-4f41-8a3e-6b9aba6b389e,Wallis Orchard Practical Shooters April 2021 Club Match,2021-04-18,3,Stage 3 Bay 3,8606d966-6cca-46b8-aedf-1afe8e9ca736,Ramil Villanueva,47,45.50,15,62.46,Carry Optics,D,,MINOR,Junior,74.9507,54.5977,3.7975,19.75,10,,11,2,1,,,,
d42c118d-75ef-4f41-8a3e-6b9aba6b389e,Wallis Orchard Practical Shooters April 2021 Club Match,2021-04-18,3,Stage 3 Bay 3,8606d966-6cca-46b8-aedf-1afe8e9ca736,Ray Perez,48,44.89,16,61.62,Carry Optics,U,,MINOR,Law Enforcement,73.9441,53.8645,3.7465,21.62,17,,5,1,1,,1,,
d42c118d-75ef-4f41-8a3e-6b9aba6b389e,Wallis Orchard Practical Shooters April 2021 Club Match,2021-04-18,3,Stage 3 Bay 3,8606d966-6cca-46b8-aedf-1afe8e9ca736,Joseph Reyes,49,44.28,8,58.23,PCC,C,A127665,MINOR,Super Senior,69.8773,53.1399,3.6961,29.22,18,,6,,,,,,
d42c118d-75ef-4f41-8a3e-6b9aba6b389e,Wallis Orchard Practical Shooters April 2021 Club Match,2021-04-18,3,Stage 3 Bay 3,8606d966-6cca-46b8-aedf-1afe8e9ca736,Mike Kahl,50,43.55,17,59.78,Carry Optics,B,TY70984,MINOR,Super Senior,71.7395,52.2586,3.6348,23.11,17,,6,1,,,2,,
d42c118d-75ef-4f41-8a3e-6b9aba6b389e,Wallis Orchard Practical Shooters April 2021 Club Match,2021-04-18,3,Stage 3 Bay 3,8606d966-6cca-46b8-aedf-1afe8e9ca736,Dale Hamm,51,40.80,7,46.15,Limited,C,TY97196,MAJOR,Senior,55.3855,48.9561,3.4051,31.13,14,,8,2,,,,,
d42c118d-75ef-4f41-8a3e-6b9aba6b389e,Wallis Orchard Practical Shooters April 2021 Club Match,2021-04-18,3,Stage 3 Bay 3,8606d966-6cca-46b8-aedf-1afe8e9ca736,Andrew McWilliams,52,38.03,8,43.02,Limited,U,A133773,MINOR,,51.6249,45.6321,3.1739,24.26,15,,7,1,1,,1,,
d42c118d-75ef-4f41-8a3e-6b9aba6b389e,Wallis Orchard Practical Shooters April 2021 Club Match,2021-04-18,3,Stage 3 Bay 3,8606d966-6cca-46b8-aedf-1afe8e9ca736,Jason Wilson,53,36.04,2,69.22,Limited 10,U,A94696,MAJOR,,83.0659,43.2512,3.0083,30.25,19,,4,,1,,1,,
d42c118d-75ef-4f41-8a3e-6b9aba6b389e,Wallis Orchard Practical Shooters April 2021 Club Match,2021-04-18,3,Stage 3 Bay 3,8606d966-6cca-46b8-aedf-1afe8e9ca736,Marchoni Aquino,54,35.85,18,49.22,Carry Optics,D,A124540,MINOR,,59.0586,43.0211,2.9923,20.72,13,,9,,2,,1,,
d42c118d-75ef-4f41-8a3e-6b9aba6b389e,Wallis Orchard Practical Shooters April 2021 Club Match,2021-04-18,3,Stage 3 Bay 3,8606d966-6cca-46b8-aedf-1afe8e9ca736,David Brizzi,55,35.77,2,49.35,Production,U,A131226,MINOR,,59.2185,42.9248,2.9856,27.13,12,,10,1,1,,,,
d42c118d-75ef-4f41-8a3e-6b9aba6b389e,Wallis Orchard Practical Shooters April 2021 Club Match,2021-04-18,3,Stage 3 Bay 3,8606d966-6cca-46b8-aedf-1afe8e9ca736,Duane Bellamy,56,34.82,9,39.39,Limited,U,A133284,MINOR,,47.2707,41.7833,2.9062,30.28,12,,8,4,,,,,
d42c118d-75ef-4f41-8a3e-6b9aba6b389e,Wallis Orchard Practical Shooters April 2021 Club Match,2021-04-18,3,Stage 3 Bay 3,8606d966-6cca-46b8-aedf-1afe8e9ca736,Jonathan Backof,57,29.46,3,54.79,Single Stack,C,A116878,MAJOR,,65.7487,35.3537,2.4590,26.84,18,,4,,2,,2,,
d42c118d-75ef-4f41-8a3e-6b9aba6b389e,Wallis Orchard Practical Shooters April 2021 Club Match,2021-04-18,3,Stage 3 Bay 3,8606d966-6cca-46b8-aedf-1afe8e9ca736,Norman Oducado,58,27.72,19,38.06,Carry Optics,U,A103491,MINOR,,45.6671,33.2662,2.3138,23.77,17,,3,1,3,,1,,
d42c118d-75ef-4f41-8a3e-6b9aba6b389e,Wallis Orchard Practical Shooters April 2021 Club Match,2021-04-18,3,Stage 3 Bay 3,8606d966-6cca-46b8-aedf-1afe8e9ca736,Romelio San Jose,59,27.14,20,37.25,Carry Optics,U,A132413,MINOR,,44.7059,32.5660,2.2651,35.76,13,,8,2,1,,,,
d42c118d-75ef-4f41-8a3e-6b9aba6b389e,Wallis Orchard Practical Shooters April 2021 Club Match,2021-04-18,3,Stage 3 Bay 3,8606d966-6cca-46b8-aedf-1afe8e9ca736,Nathaniel Lovan,60,26.26,21,36.06,Carry Optics,D,A118114,MINOR,,43.2671,31.5179,2.1922,23.72,11,,8,3,2,,1,,
d42c118d-75ef-4f41-8a3e-6b9aba6b389e,Wallis Orchard Practical Shooters April 2021 Club Match,2021-04-18,3,Stage 3 Bay 3,8606d966-6cca-46b8-aedf-1afe8e9ca736,Jeannie Marrone,61,23.79,10,26.91,Limited,U,A133357,MINOR,Lady; Senior,32.2918,28.5432,1.9853,42.31,14,,7,3,,,1,,
d42c118d-75ef-4f41-8a3e-6b9aba6b389e,Wallis Orchard Practical Shooters April 2021 Club Match,2021-04-18,3,Stage 3 Bay 3,8606d966-6cca-46b8-aedf-1afe8e9ca736,Gennady Khokhorin,62,22.62,3,31.21,Production,C,A123884,MINOR,Senior,37.4479,27.1443,1.8880,31.25,18,,3,,3,,,1,
d42c118d-75ef-4f41-8a3e-6b9aba6b389e,Wallis Orchard Practical Shooters April 2021 Club Match,2021-04-18,3,Stage 3 Bay 3,8606d966-6cca-46b8-aedf-1afe8e9ca736,Nilo Dalisay,63,22.26,16,22.26,Open,,,MAJOR,,26.7144,26.7144,1.8581,47.36,12,,8,3,1,,,,
d42c118d-75ef-4f41-8a3e-6b9aba6b389e,Wallis Orchard Practical Shooters April 2021 Club Match,2021-04-18,3,Stage 3 Bay 3,8606d966-6cca-46b8-aedf-1afe8e9ca736,Rovel Cipriano,64,18.07,17,18.07,Open,,,MAJOR,,21.6809,21.6809,1.5080,42.44,12,,8,1,3,,,,
d42c118d-75ef-4f41-8a3e-6b9aba6b389e,Wallis Orchard Practical Shooters April 2021 Club Match,2021-04-18,3,Stage 3 Bay 3,8606d966-6cca-46b8-aedf-1afe8e9ca736,Jim Havens,65,13.32,22,18.29,Carry Optics,A,a114636,MINOR,,21.9474,15.9875,1.1120,25.18,14,,6,,4,,,2,
d42c118d-75ef-4f41-8a3e-6b9aba6b389e,Wallis Orchard Practical Shooters April 2021 Club Match,2021-04-18,3,Stage 3 Bay 3,8606d966-6cca-46b8-aedf-1afe8e9ca736,Eric Wu,66,11.15,23,15.30,Carry Optics,U,,MINOR,,18.3632,13.3766,0.9304,24.72,10,,6,5,3,,2,,
d42c118d-75ef-4f41-8a3e-6b9aba6b389e,Wallis Orchard Practical Shooters April 2021 Club Match,2021-04-18,3,Stage 3 Bay 3,8606d966-6cca-46b8-aedf-1afe8e9ca736,Emman Alcoseba,67,0.00,11,0.00,Limited,C,TY67519,MINOR,Senior,0.0000,0.0000,,,,,,,,,,,
d42c118d-75ef-4f41-8a3e-6b9aba6b389e,Wallis Orchard Practical Shooters April 2021 Club Match,2021-04-18,3,Stage 3 Bay 3,8606d966-6cca-46b8-aedf-1afe8e9ca736,Leofredo Echavez,68,0.00,12,0.00,Limited,U,,MINOR,,0.0000,0.0000,0.0000,24.98,4,,4,8,8,,1,,
d42c118d-75ef-4f41-8a3e-6b9aba6b389e,Wallis Orchard Practical Shooters April 2021 Club Match,2021-04-18,4,Stage 4 Bay 4,a0c085c2-321a-4659-a356-e4708210cbcf,Trevor Cotter,1,100.00,1,100.00,Open,M,A108348,MAJOR,,130.0000,130.0000,7.8725,15.37,17,,9,,,,,,
d42c118d-75ef-4f41-8a3e-6b9aba6b389e,Wallis Orchard Practical Shooters April 2021 Club Match,2021-04-18,4,Stage 4 Bay 4,a0c085c2-321a-4659-a356-e4708210cbcf,Gil Yolo,2,97.64,2,97.64,Open,A,A100714,MAJOR,,126.9335,126.9335,7.6868,13.92,19,,5,1,1,,,,
d42c118d-75ef-4f41-8a3e-6b9aba6b389e,Wallis Orchard Practical Shooters April 2021 Club Match,2021-04-18,4,Stage 4 Bay 4,a0c085c2-321a-4659-a356-e4708210cbcf,MEL RODERO II,3,91.71,3,91.71,Open,G,TY86283,MAJOR,Senior,119.2252,119.2252,7.2200,14.82,19,,5,1,1,,,,
d42c118d-75ef-4f41-8a3e-6b9aba6b389e,Wallis Orchard Practical Shooters April 2021 Club Match,2021-04-18,4,Stage 4 Bay 4,a0c085c2-321a-4659-a356-e4708210cbcf,Chris Snow,4,91.40,4,91.40,Open,A,A107262,MAJOR,,118.8156,118.8156,7.1952,15.01,20,,4,1,1,,,,
d42c118d-75ef-4f41-8a3e-6b9aba6b389e,Wallis Orchard Practical Shooters April 2021 Club Match,2021-04-18,4,Stage 4 Bay 4,a0c085c2-321a-4659-a356-e4708210cbcf,Jan Pacleb,5,89.65,5,89.65,Open,A,A79326,MAJOR,,116.5500,116.5500,7.0580,14.31,13,,11,1,1,,,,
d42c118d-75ef-4f41-8a3e-6b9aba6b389e,Wallis Orchard Practical Shooters April 2021 Club Match,2021-04-18,4,Stage 4 Bay 4,a0c085c2-321a-4659-a356-e4708210cbcf,Albert Montanez,6,89.13,6,89.13,Open,M,TY101554,MAJOR,,115.8647,115.8647,7.0165,17.53,21,,4,1,,,,,
d42c118d-75ef-4f41-8a3e-6b9aba6b389e,Wallis Orchard Practical Shooters April 2021 Club Match,2021-04-18,4,Stage 4 Bay 4,a0c085c2-321a-4659-a356-e4708210cbcf,Scott Ragsdale,7,83.14,1,100.00,PCC,A,A91297,MINOR,,130.0000,108.0870,6.5455,19.25,24,,2,,,,,,
d42c118d-75ef-4f41-8a3e-6b9aba6b389e,Wallis Orchard Practical Shooters April 2021 Club Match,2021-04-18,4,Stage 4 Bay 4,a0c085c2-321a-4659-a356-e4708210cbcf,Ross Apffel,8,82.09,1,100.00,Limited,A,L4428,MAJOR,,130.0000,106.7181,6.4626,17.64,16,,7,3,,,,,
d42c118d-75ef-4f41-8a3e-6b9aba6b389e,Wallis Orchard Practical Shooters April 2021 Club Match,2021-04-18,4,Stage 4 Bay 4,a0c085c2-321a-4659-a356-e4708210cbcf,Vinh Lam,9,79.78,2,97.18,Limited,A,TY101025,MAJOR,,126.3369,103.7110,6.2805,18.47,16,,8,2,,,,,
d42c118d-75ef-4f41-8a3e-6b9aba6b389e,Wallis Orchard Practical Shooters April 2021 Club Match,2021-04-18,4,Stage 4 Bay 4,a0c085c2-321a-4659-a356-e4708210cbcf,August Balagtas,10,79.68,7,79.68,Open,M,L3674,MAJOR,,103.5822,103.5822,6.2727,19.29,19,,6,1,,,,,
d42c118d-75ef-4f41-8a3e-6b9aba6b389e,Wallis Orchard Practical Shooters April 2021 Club Match,2021-04-18,4,Stage 4 Bay 4,a0c085c2-321a-4659-a356-e4708210cbcf,Arnold Gee,11,79.17,8,79.17,Open,B,TY103519,MAJOR,Senior,102.9250,102.9250,6.2329,18.29,14,,10,2,,,,,
d42c118d-75ef-4f41-8a3e-6b9aba6b389e,Wallis Orchard Practical Shooters April 2021 Club Match,2021-04-18,4,Stage 4 Bay 4,a0c085c2-321a-4659-a356-e4708210cbcf,Jim Havens,12,73.99,1,100.00,Carry Optics,A,a114636,MINOR,,130.0000,96.1926,5.8252,20.60,21,,5,,,,,,
d42c118d-75ef-4f41-8a3e-6b9aba6b389e,Wallis Orchard Practical Shooters April 2021 Club Match,2021-04-18,4,Stage 4 Bay 4,a0c085c2-321a-4659-a356-e4708210cbcf,Matt Lem,13,73.66,2,99.54,Carry Optics,A,FY34763,MINOR,,129.4041,95.7517,5.7985,21.04,22,,4,,,,,,
d42c118d-75ef-4f41-8a3e-6b9aba6b389e,Wallis Orchard Practical Shooters April 2021 Club Match,2021-04-18,4,Stage 4 Bay 4,a0c085c2-321a-4659-a356-e4708210cbcf,Duane Mendoza,14,73.01,9,73.01,Open,B,X,MAJOR,,94.9128,94.9128,5.7477,21.40,21,,4,1,,,,,
d42c118d-75ef-4f41-8a3e-6b9aba6b389e,Wallis Orchard Practical Shooters April 2021 Club Match,2021-04-18,4,Stage 4 Bay 4,a0c085c2-321a-4659-a356-e4708210cbcf,Ridong Wen,15,72.86,3,98.47,Carry Optics,U,A99651,MINOR,,128.0116,94.7212,5.7361,20.92,21,,5,,,,,,
d42c118d-75ef-4f41-8a3e-6b9aba6b389e,Wallis Orchard Practical Shooters April 2021 Club Match,2021-04-18,4,Stage 4 Bay 4,a0c085c2-321a-4659-a356-e4708210cbcf,Jason Bright,16,72.52,4,98.01,Carry Optics,B,A93447,MINOR,,127.4068,94.2737,5.7090,21.72,23,,3,,,,,,
d42c118d-75ef-4f41-8a3e-6b9aba6b389e,Wallis Orchard Practical Shooters April 2021 Club Match,2021-04-18,4,Stage 4 Bay 4,a0c085c2-321a-4659-a356-e4708210cbcf,Roman Gwiscz,17,71.93,5,97.20,Carry Optics,A,L4670,MINOR,,126.3646,93.5026,5.6623,19.78,18,,7,1,,,,,
d42c118d-75ef-4f41-8a3e-6b9aba6b389e,Wallis Orchard Practical Shooters April 2021 Club Match,2021-04-18,4,Stage 4 Bay 4,a0c085c2-321a-4659-a356-e4708210cbcf,Wade Pruetz,18,69.86,10,69.86,Open,A,TY79055,MAJOR,,90.8142,90.8142,5.4995,21.82,18,,7,1,,,,,
d42c118d-75ef-4f41-8a3e-6b9aba6b389e,Wallis Orchard Practical Shooters April 2021 Club Match,2021-04-18,4,Stage 4 Bay 4,a0c085c2-321a-4659-a356-e4708210cbcf,Mengyu Yue,19,69.19,2,83.21,PCC,B,TY109190,MINOR,,108.1768,89.9423,5.4467,20.93,18,,8,,,,,,
d42c118d-75ef-4f41-8a3e-6b9aba6b389e,Wallis Orchard Practical Shooters April 2021 Club Match,2021-04-18,4,Stage 4 Bay 4,a0c085c2-321a-4659-a356-e4708210cbcf,Andrew Whitley,20,68.07,11,68.07,Open,B,TY106649,MAJOR,,88.4941,88.4941,5.3590,19.22,15,,9,1,1,,,,
d42c118d-75ef-4f41-8a3e-6b9aba6b389e,Wallis Orchard Practical Shooters April 2021 Club Match,2021-04-18,4,Stage 4 Bay 4,a0c085c2-321a-4659-a356-e4708210cbcf,Jon Baguio,21,67.50,1,100.00,Production,D,X,MINOR,,130.0000,87.7477,5.3138,21.83,19,,7,,,,,,
d42c118d-75ef-4f41-8a3e-6b9aba6b389e,Wallis Orchard Practical Shooters April 2021 Club Match,2021-04-18,4,Stage 4 Bay 4,a0c085c2-321a-4659-a356-e4708210cbcf,Jerry Bedro,22,67.38,3,81.04,PCC,B,,MINOR,,105.3486,87.5909,5.3043,23.00,22,,4,,,,,,
d42c118d-75ef-4f41-8a3e-6b9aba6b389e,Wallis Orchard Practical Shooters April 2021 Club Match,2021-04-18,4,Stage 4 Bay 4,a0c085c2-321a-4659-a356-e4708210cbcf,John Brunkhorst,23,67.17,6,90.77,Carry Optics,B,A116144,MINOR,,118.0069,87.3184,5.2878,23.45,23,,3,,,,,,
d42c118d-75ef-4f41-8a3e-6b9aba6b389e,Wallis Orchard Practical Shooters April 2021 Club Match,2021-04-18,4,Stage 4 Bay 4,a0c085c2-321a-4659-a356-e4708210cbcf,Andrew McWilliams,24,66.98,3,81.59,Limited,U,A133773,MINOR,,106.0683,87.0723,5.2729,21.62,18,,8,,,,,,
d42c118d-75ef-4f41-8a3e-6b9aba6b389e,Wallis Orchard Practical Shooters April 2021 Club Match,2021-04-18,4,Stage 4 Bay 4,a0c085c2-321a-4659-a356-e4708210cbcf,Steven McNamara,25,66.94,12,66.94,Open,B,A75212,MAJOR,Senior,87.0245,87.0245,5.2700,23.15,20,,5,1,,,,,
d42c118d-75ef-4f41-8a3e-6b9aba6b389e,Wallis Orchard Practical Shooters April 2021 Club Match,2021-04-18,4,Stage 4 Bay 4,a0c085c2-321a-4659-a356-e4708210cbcf,Michael Whitley,26,66.34,13,66.34,Open,B,A111091,MAJOR,,86.2417,86.2417,5.2226,18.19,19,,5,,2,,,,
d42c118d-75ef-4f41-8a3e-6b9aba6b389e,Wallis Orchard Practical Shooters April 2021 Club Match,2021-04-18,4,Stage 4 Bay 4,a0c085c2-321a-4659-a356-e4708210cbcf,Ralph Wiggum,27,65.25,1,100.00,Limited 10,U,TY123776,MAJOR,,130.0000,84.8216,5.1366,24.53,22,,4,,,,,,
d42c118d-75ef-4f41-8a3e-6b9aba6b389e,Wallis Orchard Practical Shooters April 2021 Club Match,2021-04-18,4,Stage 4 Bay 4,a0c085c2-321a-4659-a356-e4708210cbcf,Carlos Escandon,28,64.02,1,100.00,Single Stack,B,L2590,MAJOR,Senior,130.0000,83.2198,5.0396,24.01,19,,6,1,,,,,
d42c118d-75ef-4f41-8a3e-6b9aba6b389e,Wallis Orchard Practical Shooters April 2021 Club Match,2021-04-18,4,Stage 4 Bay 4,a0c085c2-321a-4659-a356-e4708210cbcf,Ryan Alicaya,29,62.68,14,62.68,Open,D,,MAJOR,,81.4876,81.4876,4.9347,24.52,19,,6,1,,,,,
d42c118d-75ef-4f41-8a3e-6b9aba6b389e,Wallis Orchard Practical Shooters April 2021 Club Match,2021-04-18,4,Stage 4 Bay 4,a0c085c2-321a-4659-a356-e4708210cbcf,Mike Junco,30,62.39,7,84.32,Carry Optics,A,FY34819,MINOR,Law Enforcement,109.6136,81.1078,4.9117,23.21,19,,6,1,,,,,
d42c118d-75ef-4f41-8a3e-6b9aba6b389e,Wallis Orchard Practical Shooters April 2021 Club Match,2021-04-18,4,Stage 4 Bay 4,a0c085c2-321a-4659-a356-e4708210cbcf,Tim Yang,31,61.23,8,82.75,Carry Optics,B,A123783,MINOR,,107.5738,79.5985,4.8203,23.65,23,,3,,,,1,,
d42c118d-75ef-4f41-8a3e-6b9aba6b389e,Wallis Orchard Practical Shooters April 2021 Club Match,2021-04-18,4,Stage 4 Bay 4,a0c085c2-321a-4659-a356-e4708210cbcf,Craig Bellamy,32,61.14,2,95.51,Single Stack,A,TY54824,MAJOR,Law Enforcement,124.1599,79.4812,4.8132,25.97,21,,5,,,,,,
d42c118d-75ef-4f41-8a3e-6b9aba6b389e,Wallis Orchard Practical Shooters April 2021 Club Match,2021-04-18,4,Stage 4 Bay 4,a0c085c2-321a-4659-a356-e4708210cbcf,Jason Wells,33,61.07,4,74.39,Limited,B,TY101006,MAJOR,,96.7105,79.3904,4.8077,19.76,19,,5,,2,,,,
d42c118d-75ef-4f41-8a3e-6b9aba6b389e,Wallis Orchard Practical Shooters April 2021 Club Match,2021-04-18,4,Stage 4 Bay 4,a0c085c2-321a-4659-a356-e4708210cbcf,Pat Byrne,34,60.13,5,73.25,Limited,U,Fy93921,MAJOR,Super Senior,95.2279,78.1734,4.7340,25.56,17,,9,,,,,,
d42c118d-75ef-4f41-8a3e-6b9aba6b389e,Wallis Orchard Practical Shooters April 2021 Club Match,2021-04-18,4,Stage 4 Bay 4,a0c085c2-321a-4659-a356-e4708210cbcf,Chev Jacot,35,59.15,9,79.93,Carry Optics,B,A72378,MINOR,,103.9139,76.8903,4.6563,22.55,21,,3,1,1,,,,
d42c118d-75ef-4f41-8a3e-6b9aba6b389e,Wallis Orchard Practical Shooters April 2021 Club Match,2021-04-18,4,Stage 4 Bay 4,a0c085c2-321a-4659-a356-e4708210cbcf,Mike Kahl,36,56.81,10,76.78,Carry Optics,B,TY70984,MINOR,Super Senior,99.8143,73.8568,4.4726,26.83,22,,3,1,,,,,
d42c118d-75ef-4f41-8a3e-6b9aba6b389e,Wallis Orchard Practical Shooters April 2021 Club Match,2021-04-18,4,Stage 4 Bay 4,a0c085c2-321a-4659-a356-e4708210cbcf,Emman Alcoseba,37,56.00,6,68.22,Limited,C,TY67519,MINOR,Senior,88.6883,72.8050,4.4089,20.64,15,,8,2,1,,,,
d42c118d-75ef-4f41-8a3e-6b9aba6b389e,Wallis Orchard Practical Shooters April 2021 Club Match,2021-04-18,4,Stage 4 Bay 4,a0c085c2-321a-4659-a356-e4708210cbcf,Norman Oducado,38,55.09,11,74.45,Carry Optics,U,A103491,MINOR,,96.7881,71.6177,4.3370,28.13,22,,4,,,,,,
d42c118d-75ef-4f41-8a3e-6b9aba6b389e,Wallis Orchard Practical Shooters April 2021 Club Match,2021-04-18,4,Stage 4 Bay 4,a0c085c2-321a-4659-a356-e4708210cbcf,Robert Bui,39,53.22,12,71.93,Carry Optics,C,A103016,MINOR,,93.5075,69.1902,4.1900,26.73,18,,7,1,,,,,
d42c118d-75ef-4f41-8a3e-6b9aba6b389e,Wallis Orchard Practical Shooters April 2021 Club Match,2021-04-18,4,Stage 4 Bay 4,a0c085c2-321a-4659-a356-e4708210cbcf,Doug Joder,40,53.20,4,63.98,PCC,U,A115020,MINOR,,83.1797,69.1588,4.1881,25.31,15,,10,1,,,,,
d42c118d-75ef-4f41-8a3e-6b9aba6b389e,Wallis Orchard Practical Shooters April 2021 Club Match,2021-04-18,4,Stage 4 Bay 4,a0c085c2-321a-4659-a356-e4708210cbcf,Ray Perez,41,53.07,13,71.72,Carry Optics,U,,MINOR,Law Enforcement,93.2375,68.9904,4.1779,29.68,23,,3,,,,,,
d42c118d-75ef-4f41-8a3e-6b9aba6b389e,Wallis Orchard Practical Shooters April 2021 Club Match,2021-04-18,4,Stage 4 Bay 4,a0c085c2-321a-4659-a356-e4708210cbcf,Jun Wu,42,51.85,14,70.07,Carry Optics,,,MINOR,,91.0884,67.4002,4.0816,28.91,21,,4,1,,,,,
d42c118d-75ef-4f41-8a3e-6b9aba6b389e,Wallis Orchard Practical Shooters April 2021 Club Match,2021-04-18,4,Stage 4 Bay 4,a0c085c2-321a-4659-a356-e4708210cbcf,Ralph Migs,43,51.37,5,61.78,PCC,U,A132627,MINOR,Military,80.3198,66.7809,4.0441,19.04,15,,6,4,1,,1,,
d42c118d-75ef-4f41-8a3e-6b9aba6b389e,Wallis Orchard Practical Shooters April 2021 Club Match,2021-04-18,4,Stage 4 Bay 4,a0c085c2-321a-4659-a356-e4708210cbcf,Ramil Villanueva,44,51.25,15,69.26,Carry Optics,D,,MINOR,Junior,90.0328,66.6191,4.0343,23.30,11,,12,3,,,,,
d42c118d-75ef-4f41-8a3e-6b9aba6b389e,Wallis Orchard Practical Shooters April 2021 Club Match,2021-04-18,4,Stage 4 Bay 4,a0c085c2-321a-4659-a356-e4708210cbcf,Jonathan Backof,45,51.09,3,79.81,Single Stack,C,A116878,MAJOR,,103.7555,66.4193,4.0222,30.58,21,,4,1,,,,,
d42c118d-75ef-4f41-8a3e-6b9aba6b389e,Wallis Orchard Practical Shooters April 2021 Club Match,2021-04-18,4,Stage 4 Bay 4,a0c085c2-321a-4659-a356-e4708210cbcf,Gary Wu,46,50.96,7,62.08,Limited,B,L2998,MINOR,,80.7084,66.2542,4.0122,29.41,21,,4,1,,,,,
d42c118d-75ef-4f41-8a3e-6b9aba6b389e,Wallis Orchard Practical Shooters April 2021 Club Match,2021-04-18,4,Stage 4 Bay 4,a0c085c2-321a-4659-a356-e4708210cbcf,Hopper Po,47,50.62,16,68.41,Carry Optics,U,A132909,MINOR,,88.9370,65.8083,3.9852,24.34,18,,5,2,1,,,,
d42c118d-75ef-4f41-8a3e-6b9aba6b389e,Wallis Orchard Practical Shooters April 2021 Club Match,2021-04-18,4,Stage 4 Bay 4,a0c085c2-321a-4659-a356-e4708210cbcf,Bill Kinstley,48,48.44,8,59.01,Limited,B,A104836,MAJOR,,76.7154,62.9763,3.8137,31.99,20,,5,1,,,,,
d42c118d-75ef-4f41-8a3e-6b9aba6b389e,Wallis Orchard Practical Shooters April 2021 Club Match,2021-04-18,4,Stage 4 Bay 4,a0c085c2-321a-4659-a356-e4708210cbcf,Anthony Smallwood,49,46.65,6,56.11,PCC,B,TY94508,MINOR,Senior,72.9414,60.6463,3.6726,28.59,21,,3,1,1,,,,
d42c118d-75ef-4f41-8a3e-6b9aba6b389e,Wallis Orchard Practical Shooters April 2021 Club Match,2021-04-18,4,Stage 4 Bay 4,a0c085c2-321a-4659-a356-e4708210cbcf,Marlon Poralan,50,46.23,17,62.48,Carry Optics,C,Ty66330,MINOR,Law Enforcement,81.2288,60.1047,3.6398,31.87,20,,5,1,,,,,
d42c118d-75ef-4f41-8a3e-6b9aba6b389e,Wallis Orchard Practical Shooters April 2021 Club Match,2021-04-18,4,Stage 4 Bay 4,a0c085c2-321a-4659-a356-e4708210cbcf,David Brizzi,51,45.10,2,66.81,Production,U,A131226,MINOR,,86.8567,58.6267,3.5503,32.11,20,,4,2,,,,,
d42c118d-75ef-4f41-8a3e-6b9aba6b389e,Wallis Orchard Practical Shooters April 2021 Club Match,2021-04-18,4,Stage 4 Bay 4,a0c085c2-321a-4659-a356-e4708210cbcf,Jason Wilson,52,43.41,2,66.54,Limited 10,U,A94696,MAJOR,,86.4971,56.4371,3.4177,37.16,23,,3,,,,,,
d42c118d-75ef-4f41-8a3e-6b9aba6b389e,Wallis Orchard Practical Shooters April 2021 Club Match,2021-04-18,4,Stage 4 Bay 4,a0c085c2-321a-4659-a356-e4708210cbcf,Joseph Reyes,53,41.38,7,49.77,PCC,C,A127665,MINOR,Super Senior,64.7011,53.7950,3.2577,30.39,22,,3,,1,,1,,
d42c118d-75ef-4f41-8a3e-6b9aba6b389e,Wallis Orchard Practical Shooters April 2021 Club Match,2021-04-18,4,Stage 4 Bay 4,a0c085c2-321a-4659-a356-e4708210cbcf,Dale Hamm,54,40.89,9,49.81,Limited,C,TY97196,MAJOR,Senior,64.7486,53.1526,3.2188,36.97,17,,8,1,,,,,
d42c118d-75ef-4f41-8a3e-6b9aba6b389e,Wallis Orchard Practical Shooters April 2021 Club Match,2021-04-18,4,Stage 4 Bay 4,a0c085c2-321a-4659-a356-e4708210cbcf,Erwin Gonzalez,55,40.21,18,54.34,Carry Optics,U,,MINOR,Law Enforcement,70.6395,52.2692,3.1653,27.17,17,,7,,2,,,,
d42c118d-75ef-4f41-8a3e-6b9aba6b389e,Wallis Orchard Practical Shooters April 2021 Club Match,2021-04-18,4,Stage 4 Bay 4,a0c085c2-321a-4659-a356-e4708210cbcf,Eric Wu,56,39.45,19,53.31,Carry Optics,U,,MINOR,,69.3027,51.2800,3.1054,28.66,15,,7,3,1,,,,
d42c118d-75ef-4f41-8a3e-6b9aba6b389e,Wallis Orchard Practical Shooters April 2021 Club Match,2021-04-18,4,Stage 4 Bay 4,a0c085c2-321a-4659-a356-e4708210cbcf,Janice Pacleb,57,39.01,15,39.01,Open,B,Ty75597,MAJOR,Lady,50.7103,50.7103,3.0709,25.40,16,,7,,3,,,,
d42c118d-75ef-4f41-8a3e-6b9aba6b389e,Wallis Orchard Practical Shooters April 2021 Club Match,2021-04-18,4,Stage 4 Bay 4,a0c085c2-321a-4659-a356-e4708210cbcf,Marchoni Aquino,58,35.87,20,48.48,Carry Optics,D,A124540,MINOR,,63.0272,46.6365,2.8242,32.93,15,,9,1,1,,,,
d42c118d-75ef-4f41-8a3e-6b9aba6b389e,Wallis Orchard Practical Shooters April 2021 Club Match,2021-04-18,4,Stage 4 Bay 4,a0c085c2-321a-4659-a356-e4708210cbcf,Gennady Khokhorin,59,34.38,3,50.94,Production,C,A123884,MINOR,Senior,66.2159,44.6946,2.7066,35.10,21,,3,1,1,,1,,
d42c118d-75ef-4f41-8a3e-6b9aba6b389e,Wallis Orchard Practical Shooters April 2021 Club Match,2021-04-18,4,Stage 4 Bay 4,a0c085c2-321a-4659-a356-e4708210cbcf,Antonio Tormis,60,33.75,21,45.62,Carry Optics,C,A124958,MINOR,,59.3003,43.8788,2.6572,30.86,15,,9,,2,,,,
d42c118d-75ef-4f41-8a3e-6b9aba6b389e,Wallis Orchard Practical Shooters April 2021 Club Match,2021-04-18,4,Stage 4 Bay 4,a0c085c2-321a-4659-a356-e4708210cbcf,Duane Bellamy,61,31.82,10,38.76,Limited,U,A133284,MINOR,,50.3940,41.3688,2.5052,38.72,18,,5,2,1,,,,
d42c118d-75ef-4f41-8a3e-6b9aba6b389e,Wallis Orchard Practical Shooters April 2021 Club Match,2021-04-18,4,Stage 4 Bay 4,a0c085c2-321a-4659-a356-e4708210cbcf,Jeannie Marrone,62,31.62,11,38.52,Limited,U,A133357,MINOR,Lady; Senior,50.0701,41.1030,2.4891,48.21,21,,5,,,,,,
d42c118d-75ef-4f41-8a3e-6b9aba6b389e,Wallis Orchard Practical Shooters April 2021 Club Match,2021-04-18,4,Stage 4 Bay 4,a0c085c2-321a-4659-a356-e4708210cbcf,Nilo Dalisay,63,28.73,16,28.73,Open,,,MAJOR,,37.3495,37.3495,2.2618,49.96,23,,2,,1,,,,
d42c118d-75ef-4f41-8a3e-6b9aba6b389e,Wallis Orchard Practical Shooters April 2021 Club Match,2021-04-18,4,Stage 4 Bay 4,a0c085c2-321a-4659-a356-e4708210cbcf,Romelio San Jose,64,26.92,22,36.39,Carry Optics,U,A132413,MINOR,,47.3028,35.0013,2.1196,44.82,16,,8,1,1,,,,
d42c118d-75ef-4f41-8a3e-6b9aba6b389e,Wallis Orchard Practical Shooters April 2021 Club Match,2021-04-18,4,Stage 4 Bay 4,a0c085c2-321a-4659-a356-e4708210cbcf,Nathaniel Lovan,65,19.43,23,26.26,Carry Optics,D,A118114,MINOR,,34.1403,25.2619,1.5298,46.41,17,,5,1,3,,,,
d42c118d-75ef-4f41-8a3e-6b9aba6b389e,Wallis Orchard Practical Shooters April 2021 Club Match,2021-04-18,4,Stage 4 Bay 4,a0c085c2-321a-4659-a356-e4708210cbcf,Leofredo Echavez,66,17.26,12,21.03,Limited,U,,MINOR,,27.3373,22.4414,1.3590,44.15,18,,3,1,4,,,,
d42c118d-75ef-4f41-8a3e-6b9aba6b389e,Wallis Orchard Practical Shooters April 2021 Club Match,2021-04-18,4,Stage 4 Bay 4,a0c085c2-321a-4659-a356-e4708210cbcf,Rovel Cipriano,67,12.61,17,12.61,Open,,,MAJOR,,16.3893,16.3893,0.9925,61.46,15,,6,1,4,,,,
d42c118d-75ef-4f41-8a3e-6b9aba6b389e,Wallis Orchard Practical Shooters April 2021 Club Match,2021-04-18,4,Stage 4 Bay 4,a0c085c2-321a-4659-a356-e4708210cbcf,Bryan Faustino,68,0.00,8,0.00,PCC,D,,MAJOR,,0.0000,0.0000,0.0000,23.18,9,,5,1,11,,,,
d42c118d-75ef-4f41-8a3e-6b9aba6b389e,Wallis Orchard Practical Shooters April 2021 Club Match,2021-04-18,5,Stage 5 Bay 8,0dec56a2-b328-49b3-96f8-8ce2264174eb,Trevor Cotter,1,100.00,1,100.00,Open,M,A108348,MAJOR,,150.0000,150.0000,9.1272,15.01,21,,7,2,,,,,
d42c118d-75ef-4f41-8a3e-6b9aba6b389e,Wallis Orchard Practical Shooters April 2021 Club Match,2021-04-18,5,Stage 5 Bay 8,0dec56a2-b328-49b3-96f8-8ce2264174eb,Gil Yolo,2,95.90,2,95.90,Open,A,A100714,MAJOR,,143.8552,143.8552,8.7533,15.08,18,,9,3,,,,,
d42c118d-75ef-4f41-8a3e-6b9aba6b389e,Wallis Orchard Practical Shooters April 2021 Club Match,2021-04-18,5,Stage 5 Bay 8,0dec56a2-b328-49b3-96f8-8ce2264174eb,MEL RODERO II,3,95.24,3,95.24,Open,G,TY86283,MAJOR,Senior,142.8642,142.8642,8.6930,16.45,23,,7,,,,,,
d42c118d-75ef-4f41-8a3e-6b9aba6b389e,Wallis Orchard Practical Shooters April 2021 Club Match,2021-04-18,5,Stage 5 Bay 8,0dec56a2-b328-49b3-96f8-8ce2264174eb,Albert Montanez,4,92.37,4,92.37,Open,M,TY101554,MAJOR,,138.5567,138.5567,8.4309,17.08,24,,6,,,,,,
d42c118d-75ef-4f41-8a3e-6b9aba6b389e,Wallis Orchard Practical Shooters April 2021 Club Match,2021-04-18,5,Stage 5 Bay 8,0dec56a2-b328-49b3-96f8-8ce2264174eb,Jan Pacleb,5,87.31,5,87.31,Open,A,A79326,MAJOR,,130.9690,130.9690,7.9692,15.56,20,,8,1,1,,,,
d42c118d-75ef-4f41-8a3e-6b9aba6b389e,Wallis Orchard Practical Shooters April 2021 Club Match,2021-04-18,5,Stage 5 Bay 8,0dec56a2-b328-49b3-96f8-8ce2264174eb,Ralph Migs,6,84.13,1,100.00,PCC,U,A132627,MINOR,Military,150.0000,126.1981,7.6789,17.19,23,,5,2,,,,,
d42c118d-75ef-4f41-8a3e-6b9aba6b389e,Wallis Orchard Practical Shooters April 2021 Club Match,2021-04-18,5,Stage 5 Bay 8,0dec56a2-b328-49b3-96f8-8ce2264174eb,Scott Ragsdale,7,82.58,2,98.15,PCC,A,A91297,MINOR,,147.2320,123.8693,7.5372,18.84,26,,4,,,,,,
d42c118d-75ef-4f41-8a3e-6b9aba6b389e,Wallis Orchard Practical Shooters April 2021 Club Match,2021-04-18,5,Stage 5 Bay 8,0dec56a2-b328-49b3-96f8-8ce2264174eb,Jerry Bedro,8,80.84,3,96.09,PCC,B,,MINOR,,144.1300,121.2595,7.3784,17.89,22,,7,1,,,,,
d42c118d-75ef-4f41-8a3e-6b9aba6b389e,Wallis Orchard Practical Shooters April 2021 Club Match,2021-04-18,5,Stage 5 Bay 8,0dec56a2-b328-49b3-96f8-8ce2264174eb,Vinh Lam,9,79.83,1,100.00,Limited,A,TY101025,MAJOR,,150.0000,119.7525,7.2867,16.88,19,,9,1,1,,,,
d42c118d-75ef-4f41-8a3e-6b9aba6b389e,Wallis Orchard Practical Shooters April 2021 Club Match,2021-04-18,5,Stage 5 Bay 8,0dec56a2-b328-49b3-96f8-8ce2264174eb,Michael Whitley,10,79.80,6,79.80,Open,B,A111091,MAJOR,,119.6950,119.6950,7.2832,17.30,22,,6,1,1,,,,
d42c118d-75ef-4f41-8a3e-6b9aba6b389e,Wallis Orchard Practical Shooters April 2021 Club Match,2021-04-18,5,Stage 5 Bay 8,0dec56a2-b328-49b3-96f8-8ce2264174eb,Jason Wells,11,79.77,2,99.92,Limited,B,TY101006,MAJOR,,149.8785,119.6555,7.2808,18.13,18,,9,3,,,,,
d42c118d-75ef-4f41-8a3e-6b9aba6b389e,Wallis Orchard Practical Shooters April 2021 Club Match,2021-04-18,5,Stage 5 Bay 8,0dec56a2-b328-49b3-96f8-8ce2264174eb,August Balagtas,12,79.04,7,79.04,Open,M,L3674,MAJOR,,118.5528,118.5528,7.2137,18.16,25,,4,,1,,,,
d42c118d-75ef-4f41-8a3e-6b9aba6b389e,Wallis Orchard Practical Shooters April 2021 Club Match,2021-04-18,5,Stage 5 Bay 8,0dec56a2-b328-49b3-96f8-8ce2264174eb,Ross Apffel,13,78.92,3,98.86,Limited,A,L4428,MAJOR,,148.2852,118.3835,7.2034,16.52,19,,7,3,1,,,,
d42c118d-75ef-4f41-8a3e-6b9aba6b389e,Wallis Orchard Practical Shooters April 2021 Club Match,2021-04-18,5,Stage 5 Bay 8,0dec56a2-b328-49b3-96f8-8ce2264174eb,Ridong Wen,14,75.24,1,100.00,Carry Optics,U,A99651,MINOR,,150.0000,112.8616,6.8674,21.26,28,,2,,,,,,
d42c118d-75ef-4f41-8a3e-6b9aba6b389e,Wallis Orchard Practical Shooters April 2021 Club Match,2021-04-18,5,Stage 5 Bay 8,0dec56a2-b328-49b3-96f8-8ce2264174eb,Roman Gwiscz,15,75.01,2,99.69,Carry Optics,A,L4670,MINOR,,149.5326,112.5099,6.8460,20.45,25,,5,,,,,,
d42c118d-75ef-4f41-8a3e-6b9aba6b389e,Wallis Orchard Practical Shooters April 2021 Club Match,2021-04-18,5,Stage 5 Bay 8,0dec56a2-b328-49b3-96f8-8ce2264174eb,Arnold Gee,16,73.78,8,73.78,Open,B,TY103519,MAJOR,Senior,110.6774,110.6774,6.7345,20.64,21,,8,1,,,,,
d42c118d-75ef-4f41-8a3e-6b9aba6b389e,Wallis Orchard Practical Shooters April 2021 Club Match,2021-04-18,5,Stage 5 Bay 8,0dec56a2-b328-49b3-96f8-8ce2264174eb,Ryan Alicaya,17,73.38,9,73.38,Open,D,,MAJOR,,110.0726,110.0726,6.6977,21.50,24,,6,,,,,,
d42c118d-75ef-4f41-8a3e-6b9aba6b389e,Wallis Orchard Practical Shooters April 2021 Club Match,2021-04-18,5,Stage 5 Bay 8,0dec56a2-b328-49b3-96f8-8ce2264174eb,John Brunkhorst,18,72.83,3,96.80,Carry Optics,B,A116144,MINOR,,145.1947,109.2460,6.6474,20.76,24,,6,,,,,,
d42c118d-75ef-4f41-8a3e-6b9aba6b389e,Wallis Orchard Practical Shooters April 2021 Club Match,2021-04-18,5,Stage 5 Bay 8,0dec56a2-b328-49b3-96f8-8ce2264174eb,Duane Mendoza,19,72.54,10,72.54,Open,B,X,MAJOR,,108.8154,108.8154,6.6212,20.54,18,,11,1,,,,,
d42c118d-75ef-4f41-8a3e-6b9aba6b389e,Wallis Orchard Practical Shooters April 2021 Club Match,2021-04-18,5,Stage 5 Bay 8,0dec56a2-b328-49b3-96f8-8ce2264174eb,Craig Bellamy,20,71.52,1,100.00,Single Stack,A,TY54824,MAJOR,Law Enforcement,150.0000,107.2788,6.5277,22.06,26,,3,1,,,,,
d42c118d-75ef-4f41-8a3e-6b9aba6b389e,Wallis Orchard Practical Shooters April 2021 Club Match,2021-04-18,5,Stage 5 Bay 8,0dec56a2-b328-49b3-96f8-8ce2264174eb,Robert Bui,21,70.38,4,93.54,Carry Optics,C,A103016,MINOR,,140.3107,105.5713,6.4238,20.86,25,,2,3,,,,,
d42c118d-75ef-4f41-8a3e-6b9aba6b389e,Wallis Orchard Practical Shooters April 2021 Club Match,2021-04-18,5,Stage 5 Bay 8,0dec56a2-b328-49b3-96f8-8ce2264174eb,Steven McNamara,22,68.57,11,68.57,Open,B,A75212,MAJOR,Senior,102.8481,102.8481,6.2581,23.01,26,,3,1,,,,,
d42c118d-75ef-4f41-8a3e-6b9aba6b389e,Wallis Orchard Practical Shooters April 2021 Club Match,2021-04-18,5,Stage 5 Bay 8,0dec56a2-b328-49b3-96f8-8ce2264174eb,Mike Kahl,23,68.11,5,90.52,Carry Optics,B,TY70984,MINOR,Super Senior,135.7850,102.1661,6.2166,20.59,21,,7,2,,,,,
d42c118d-75ef-4f41-8a3e-6b9aba6b389e,Wallis Orchard Practical Shooters April 2021 Club Match,2021-04-18,5,Stage 5 Bay 8,0dec56a2-b328-49b3-96f8-8ce2264174eb,Matt Lem,24,67.48,6,89.69,Carry Optics,A,FY34763,MINOR,,134.5291,101.2211,6.1591,23.38,27,,3,,,,,,
d42c118d-75ef-4f41-8a3e-6b9aba6b389e,Wallis Orchard Practical Shooters April 2021 Club Match,2021-04-18,5,Stage 5 Bay 8,0dec56a2-b328-49b3-96f8-8ce2264174eb,Wade Pruetz,25,66.67,12,66.67,Open,A,TY79055,MAJOR,,100.0066,100.0066,6.0852,19.72,20,,6,3,1,,,,
d42c118d-75ef-4f41-8a3e-6b9aba6b389e,Wallis Orchard Practical Shooters April 2021 Club Match,2021-04-18,5,Stage 5 Bay 8,0dec56a2-b328-49b3-96f8-8ce2264174eb,Bryan Faustino,26,66.21,4,78.69,PCC,D,,MAJOR,,118.0423,99.3114,6.0429,20.52,10,,17,3,,,,,
d42c118d-75ef-4f41-8a3e-6b9aba6b389e,Wallis Orchard Practical Shooters April 2021 Club Match,2021-04-18,5,Stage 5 Bay 8,0dec56a2-b328-49b3-96f8-8ce2264174eb,Tim Yang,27,66.04,7,87.77,Carry Optics,B,A123783,MINOR,,131.6568,99.0600,6.0276,23.89,27,,3,,,,,,
d42c118d-75ef-4f41-8a3e-6b9aba6b389e,Wallis Orchard Practical Shooters April 2021 Club Match,2021-04-18,5,Stage 5 Bay 8,0dec56a2-b328-49b3-96f8-8ce2264174eb,Gary Wu,28,65.65,4,82.23,Limited,B,L2998,MINOR,,123.3439,98.4716,5.9918,22.03,24,,3,3,,,,,
d42c118d-75ef-4f41-8a3e-6b9aba6b389e,Wallis Orchard Practical Shooters April 2021 Club Match,2021-04-18,5,Stage 5 Bay 8,0dec56a2-b328-49b3-96f8-8ce2264174eb,Carlos Escandon,29,65.56,2,91.67,Single Stack,B,L2590,MAJOR,Senior,137.5063,98.3434,5.9840,23.73,22,,8,,,,,,
d42c118d-75ef-4f41-8a3e-6b9aba6b389e,Wallis Orchard Practical Shooters April 2021 Club Match,2021-04-18,5,Stage 5 Bay 8,0dec56a2-b328-49b3-96f8-8ce2264174eb,Anthony Smallwood,30,64.61,5,76.80,PCC,B,TY94508,MINOR,Senior,115.2001,96.9202,5.8974,23.40,25,,4,1,,,,,
d42c118d-75ef-4f41-8a3e-6b9aba6b389e,Wallis Orchard Practical Shooters April 2021 Club Match,2021-04-18,5,Stage 5 Bay 8,0dec56a2-b328-49b3-96f8-8ce2264174eb,Ralph Wiggum,31,64.16,1,100.00,Limited 10,U,TY123776,MAJOR,,150.0000,96.2382,5.8559,24.42,23,,7,,,,,,
d42c118d-75ef-4f41-8a3e-6b9aba6b389e,Wallis Orchard Practical Shooters April 2021 Club Match,2021-04-18,5,Stage 5 Bay 8,0dec56a2-b328-49b3-96f8-8ce2264174eb,Jason Bright,32,62.92,8,83.63,Carry Optics,B,A93447,MINOR,,125.4449,94.3860,5.7432,23.68,23,,7,,,,,,
d42c118d-75ef-4f41-8a3e-6b9aba6b389e,Wallis Orchard Practical Shooters April 2021 Club Match,2021-04-18,5,Stage 5 Bay 8,0dec56a2-b328-49b3-96f8-8ce2264174eb,Jon Baguio,33,61.90,1,100.00,Production,D,X,MINOR,,150.0000,92.8445,5.6494,20.71,20,,9,,1,,,,
d42c118d-75ef-4f41-8a3e-6b9aba6b389e,Wallis Orchard Practical Shooters April 2021 Club Match,2021-04-18,5,Stage 5 Bay 8,0dec56a2-b328-49b3-96f8-8ce2264174eb,Eric Wu,34,61.84,9,82.19,Carry Optics,U,,MINOR,,123.2868,92.7623,5.6444,21.26,18,,9,3,,,,,
d42c118d-75ef-4f41-8a3e-6b9aba6b389e,Wallis Orchard Practical Shooters April 2021 Club Match,2021-04-18,5,Stage 5 Bay 8,0dec56a2-b328-49b3-96f8-8ce2264174eb,Andrew Whitley,35,61.13,13,61.13,Open,B,TY106649,MAJOR,,91.6908,91.6908,5.5792,18.82,17,,9,2,2,,,,
d42c118d-75ef-4f41-8a3e-6b9aba6b389e,Wallis Orchard Practical Shooters April 2021 Club Match,2021-04-18,5,Stage 5 Bay 8,0dec56a2-b328-49b3-96f8-8ce2264174eb,Jim Havens,36,60.73,10,80.72,Carry Optics,A,a114636,MINOR,,121.0786,91.1008,5.5433,22.73,28,,2,,,,,2,
d42c118d-75ef-4f41-8a3e-6b9aba6b389e,Wallis Orchard Practical Shooters April 2021 Club Match,2021-04-18,5,Stage 5 Bay 8,0dec56a2-b328-49b3-96f8-8ce2264174eb,Jun Wu,37,60.44,11,80.32,Carry Optics,,,MINOR,,120.4866,90.6554,5.5162,25.38,26,,3,1,,,,,
d42c118d-75ef-4f41-8a3e-6b9aba6b389e,Wallis Orchard Practical Shooters April 2021 Club Match,2021-04-18,5,Stage 5 Bay 8,0dec56a2-b328-49b3-96f8-8ce2264174eb,Mengyu Yue,38,60.10,6,71.43,PCC,B,TY109190,MINOR,,107.1462,90.1443,5.4851,24.43,22,,8,,,,,,
d42c118d-75ef-4f41-8a3e-6b9aba6b389e,Wallis Orchard Practical Shooters April 2021 Club Match,2021-04-18,5,Stage 5 Bay 8,0dec56a2-b328-49b3-96f8-8ce2264174eb,Marlon Poralan,39,59.74,12,79.40,Carry Optics,C,Ty66330,MINOR,Law Enforcement,119.0953,89.6085,5.4525,26.41,28,,1,1,,,,,
d42c118d-75ef-4f41-8a3e-6b9aba6b389e,Wallis Orchard Practical Shooters April 2021 Club Match,2021-04-18,5,Stage 5 Bay 8,0dec56a2-b328-49b3-96f8-8ce2264174eb,Janice Pacleb,40,57.06,14,57.06,Open,B,Ty75597,MAJOR,Lady,85.5953,85.5953,5.2083,25.92,17,,12,1,,,,,
d42c118d-75ef-4f41-8a3e-6b9aba6b389e,Wallis Orchard Practical Shooters April 2021 Club Match,2021-04-18,5,Stage 5 Bay 8,0dec56a2-b328-49b3-96f8-8ce2264174eb,Chris Snow,41,56.98,15,56.98,Open,A,A107262,MAJOR,,85.4720,85.4720,5.2008,15.19,13,,8,6,3,,,,
d42c118d-75ef-4f41-8a3e-6b9aba6b389e,Wallis Orchard Practical Shooters April 2021 Club Match,2021-04-18,5,Stage 5 Bay 8,0dec56a2-b328-49b3-96f8-8ce2264174eb,Ray Perez,42,56.84,13,75.54,Carry Optics,U,,MINOR,Law Enforcement,113.3136,85.2583,5.1878,25.83,23,,6,1,,,,,
d42c118d-75ef-4f41-8a3e-6b9aba6b389e,Wallis Orchard Practical Shooters April 2021 Club Match,2021-04-18,5,Stage 5 Bay 8,0dec56a2-b328-49b3-96f8-8ce2264174eb,Mike Junco,43,56.77,14,75.45,Carry Optics,A,FY34819,MINOR,Law Enforcement,113.1782,85.1565,5.1816,20.65,17,,10,2,1,,,,
d42c118d-75ef-4f41-8a3e-6b9aba6b389e,Wallis Orchard Practical Shooters April 2021 Club Match,2021-04-18,5,Stage 5 Bay 8,0dec56a2-b328-49b3-96f8-8ce2264174eb,Emman Alcoseba,44,56.34,5,70.58,Limited,C,TY67519,MINOR,Senior,105.8627,84.5155,5.1426,19.64,16,,9,4,1,,,,
d42c118d-75ef-4f41-8a3e-6b9aba6b389e,Wallis Orchard Practical Shooters April 2021 Club Match,2021-04-18,5,Stage 5 Bay 8,0dec56a2-b328-49b3-96f8-8ce2264174eb,Jonathan Backof,45,55.59,3,77.73,Single Stack,C,A116878,MAJOR,,116.5977,83.3898,5.0741,27.00,19,,10,1,,,,,
d42c118d-75ef-4f41-8a3e-6b9aba6b389e,Wallis Orchard Practical Shooters April 2021 Club Match,2021-04-18,5,Stage 5 Bay 8,0dec56a2-b328-49b3-96f8-8ce2264174eb,Pat Byrne,46,54.82,6,68.67,Limited,U,Fy93921,MAJOR,Super Senior,103.0055,82.2344,5.0038,25.98,24,,5,,1,,,,
d42c118d-75ef-4f41-8a3e-6b9aba6b389e,Wallis Orchard Practical Shooters April 2021 Club Match,2021-04-18,5,Stage 5 Bay 8,0dec56a2-b328-49b3-96f8-8ce2264174eb,Antonio Tormis,47,54.22,15,72.07,Carry Optics,C,A124958,MINOR,,108.0999,81.3355,4.9491,27.48,23,,7,,,,,,
d42c118d-75ef-4f41-8a3e-6b9aba6b389e,Wallis Orchard Practical Shooters April 2021 Club Match,2021-04-18,5,Stage 5 Bay 8,0dec56a2-b328-49b3-96f8-8ce2264174eb,Norman Oducado,48,53.82,16,71.53,Carry Optics,U,A103491,MINOR,,107.2961,80.7307,4.9123,28.50,25,,5,,,,,,
d42c118d-75ef-4f41-8a3e-6b9aba6b389e,Wallis Orchard Practical Shooters April 2021 Club Match,2021-04-18,5,Stage 5 Bay 8,0dec56a2-b328-49b3-96f8-8ce2264174eb,Andrew McWilliams,49,53.25,7,66.70,Limited,U,A133773,MINOR,,100.0556,79.8794,4.8605,23.66,20,,8,1,1,,,,
d42c118d-75ef-4f41-8a3e-6b9aba6b389e,Wallis Orchard Practical Shooters April 2021 Club Match,2021-04-18,5,Stage 5 Bay 8,0dec56a2-b328-49b3-96f8-8ce2264174eb,Erwin Gonzalez,50,50.93,17,67.68,Carry Optics,U,,MINOR,Law Enforcement,101.5253,76.3887,4.6481,30.55,26,,4,,,,,,
d42c118d-75ef-4f41-8a3e-6b9aba6b389e,Wallis Orchard Practical Shooters April 2021 Club Match,2021-04-18,5,Stage 5 Bay 8,0dec56a2-b328-49b3-96f8-8ce2264174eb,Jason Wilson,51,50.02,2,77.96,Limited 10,U,A94696,MAJOR,,116.9333,75.0230,4.5650,32.64,29,,1,,,,,,
d42c118d-75ef-4f41-8a3e-6b9aba6b389e,Wallis Orchard Practical Shooters April 2021 Club Match,2021-04-18,5,Stage 5 Bay 8,0dec56a2-b328-49b3-96f8-8ce2264174eb,Gennady Khokhorin,52,49.90,2,80.61,Production,C,A123884,MINOR,Senior,120.9208,74.8455,4.5542,31.18,26,,4,,,,,,
d42c118d-75ef-4f41-8a3e-6b9aba6b389e,Wallis Orchard Practical Shooters April 2021 Club Match,2021-04-18,5,Stage 5 Bay 8,0dec56a2-b328-49b3-96f8-8ce2264174eb,Ramil Villanueva,53,48.80,18,64.86,Carry Optics,D,,MINOR,Junior,97.2901,73.2021,4.4542,20.43,11,,14,4,1,,,,
d42c118d-75ef-4f41-8a3e-6b9aba6b389e,Wallis Orchard Practical Shooters April 2021 Club Match,2021-04-18,5,Stage 5 Bay 8,0dec56a2-b328-49b3-96f8-8ce2264174eb,Duane Bellamy,54,48.14,8,60.30,Limited,U,A133284,MINOR,,90.4545,72.2144,4.3941,30.04,22,,7,1,,,,,
d42c118d-75ef-4f41-8a3e-6b9aba6b389e,Wallis Orchard Practical Shooters April 2021 Club Match,2021-04-18,5,Stage 5 Bay 8,0dec56a2-b328-49b3-96f8-8ce2264174eb,Bill Kinstley,55,46.87,9,58.70,Limited,B,A104836,MAJOR,,88.0543,70.2981,4.2775,29.69,21,,8,,1,,,,
d42c118d-75ef-4f41-8a3e-6b9aba6b389e,Wallis Orchard Practical Shooters April 2021 Club Match,2021-04-18,5,Stage 5 Bay 8,0dec56a2-b328-49b3-96f8-8ce2264174eb,David Brizzi,56,45.55,3,73.60,Production,U,A131226,MINOR,,110.3931,68.3293,4.1577,32.71,23,,7,,,,,,
d42c118d-75ef-4f41-8a3e-6b9aba6b389e,Wallis Orchard Practical Shooters April 2021 Club Match,2021-04-18,5,Stage 5 Bay 8,0dec56a2-b328-49b3-96f8-8ce2264174eb,Dale Hamm,57,43.88,10,54.97,Limited,C,TY97196,MAJOR,Senior,82.4488,65.8230,4.0052,30.96,18,,11,,1,,,,
d42c118d-75ef-4f41-8a3e-6b9aba6b389e,Wallis Orchard Practical Shooters April 2021 Club Match,2021-04-18,5,Stage 5 Bay 8,0dec56a2-b328-49b3-96f8-8ce2264174eb,Hopper Po,58,41.74,19,55.47,Carry Optics,U,A132909,MINOR,,83.2083,62.6068,3.8095,32.55,19,,9,2,,,,,
d42c118d-75ef-4f41-8a3e-6b9aba6b389e,Wallis Orchard Practical Shooters April 2021 Club Match,2021-04-18,5,Stage 5 Bay 8,0dec56a2-b328-49b3-96f8-8ce2264174eb,Marchoni Aquino,59,41.04,20,54.55,Carry Optics,D,A124540,MINOR,,81.8235,61.5649,3.7461,28.83,13,,13,4,,,,,
d42c118d-75ef-4f41-8a3e-6b9aba6b389e,Wallis Orchard Practical Shooters April 2021 Club Match,2021-04-18,5,Stage 5 Bay 8,0dec56a2-b328-49b3-96f8-8ce2264174eb,Joseph Reyes,60,39.90,7,47.43,PCC,C,A127665,MINOR,Super Senior,71.1469,59.8573,3.6422,34.32,25,,3,1,1,,,,
d42c118d-75ef-4f41-8a3e-6b9aba6b389e,Wallis Orchard Practical Shooters April 2021 Club Match,2021-04-18,5,Stage 5 Bay 8,0dec56a2-b328-49b3-96f8-8ce2264174eb,Doug Joder,61,38.90,8,46.23,PCC,U,A115020,MINOR,,69.3517,58.3470,3.5503,37.18,21,,9,,,,,,
d42c118d-75ef-4f41-8a3e-6b9aba6b389e,Wallis Orchard Practical Shooters April 2021 Club Match,2021-04-18,5,Stage 5 Bay 8,0dec56a2-b328-49b3-96f8-8ce2264174eb,Jeannie Marrone,62,33.82,11,42.36,Limited,U,A133357,MINOR,Lady; Senior,63.5349,50.7231,3.0864,45.36,25,,5,,,,,,
d42c118d-75ef-4f41-8a3e-6b9aba6b389e,Wallis Orchard Practical Shooters April 2021 Club Match,2021-04-18,5,Stage 5 Bay 8,0dec56a2-b328-49b3-96f8-8ce2264174eb,Romelio San Jose,63,26.76,21,35.57,Carry Optics,U,A132413,MINOR,,53.3543,40.1443,2.4427,46.67,17,,8,5,,,,,
d42c118d-75ef-4f41-8a3e-6b9aba6b389e,Wallis Orchard Practical Shooters April 2021 Club Match,2021-04-18,5,Stage 5 Bay 8,0dec56a2-b328-49b3-96f8-8ce2264174eb,Nilo Dalisay,64,20.83,16,20.83,Open,,,MAJOR,,31.2467,31.2467,1.9013,75.21,23,,7,,,,,,
d42c118d-75ef-4f41-8a3e-6b9aba6b389e,Wallis Orchard Practical Shooters April 2021 Club Match,2021-04-18,5,Stage 5 Bay 8,0dec56a2-b328-49b3-96f8-8ce2264174eb,Nathaniel Lovan,65,18.28,22,24.29,Carry Optics,D,A118114,MINOR,,36.4417,27.4191,1.6684,37.76,12,,9,6,3,,,,
d42c118d-75ef-4f41-8a3e-6b9aba6b389e,Wallis Orchard Practical Shooters April 2021 Club Match,2021-04-18,5,Stage 5 Bay 8,0dec56a2-b328-49b3-96f8-8ce2264174eb,Rovel Cipriano,66,15.30,17,15.30,Open,,,MAJOR,,22.9457,22.9457,1.3962,66.61,15,,12,,3,,,,
d42c118d-75ef-4f41-8a3e-6b9aba6b389e,Wallis Orchard Practical Shooters April 2021 Club Match,2021-04-18,5,Stage 5 Bay 8,0dec56a2-b328-49b3-96f8-8ce2264174eb,Leofredo Echavez,67,14.63,12,18.33,Limited,U,,MINOR,,27.4939,21.9498,1.3356,35.19,16,,4,5,5,,,,
d42c118d-75ef-4f41-8a3e-6b9aba6b389e,Wallis Orchard Practical Shooters April 2021 Club Match,2021-04-18,5,Stage 5 Bay 8,0dec56a2-b328-49b3-96f8-8ce2264174eb,Chev Jacot,68,0.00,23,0.00,Carry Optics,B,A72378,MINOR,,0.0000,0.0000,0.0000,33.04,10,,2,,18,,,,
d42c118d-75ef-4f41-8a3e-6b9aba6b389e,Wallis Orchard Practical Shooters April 2021 Club Match,2021-04-18,6,Stage 6 Bay 9,15ebc22d-d951-4439-8fa4-cec82c997bfc,Trevor Cotter,1,100.00,1,100.00,Open,M,A108348,MAJOR,,70.0000,70.0000,4.9419,13.76,12,,2,,,,,,
d42c118d-75ef-4f41-8a3e-6b9aba6b389e,Wallis Orchard Practical Shooters April 2021 Club Match,2021-04-18,6,Stage 6 Bay 9,15ebc22d-d951-4439-8fa4-cec82c997bfc,Michael Whitley,2,87.74,2,87.74,Open,B,A111091,MAJOR,,61.4177,61.4177,4.3360,14.76,8,,6,,,,,,
d42c118d-75ef-4f41-8a3e-6b9aba6b389e,Wallis Orchard Practical Shooters April 2021 Club Match,2021-04-18,6,Stage 6 Bay 9,15ebc22d-d951-4439-8fa4-cec82c997bfc,MEL RODERO II,3,87.58,3,87.58,Open,G,TY86283,MAJOR,Senior,61.3029,61.3029,4.3279,15.25,10,,4,,,,,,
d42c118d-75ef-4f41-8a3e-6b9aba6b389e,Wallis Orchard Practical Shooters April 2021 Club Match,2021-04-18,6,Stage 6 Bay 9,15ebc22d-d951-4439-8fa4-cec82c997bfc,Ross Apffel,4,83.64,1,100.00,Limited,A,L4428,MAJOR,,70.0000,58.5465,4.1333,16.21,11,,3,,,,,,
d42c118d-75ef-4f41-8a3e-6b9aba6b389e,Wallis Orchard Practical Shooters April 2021 Club Match,2021-04-18,6,Stage 6 Bay 9,15ebc22d-d951-4439-8fa4-cec82c997bfc,Jason Wells,5,82.59,2,98.75,Limited,B,TY101006,MAJOR,,69.1244,57.8142,4.0816,16.17,10,,4,,,,,,
d42c118d-75ef-4f41-8a3e-6b9aba6b389e,Wallis Orchard Practical Shooters April 2021 Club Match,2021-04-18,6,Stage 6 Bay 9,15ebc22d-d951-4439-8fa4-cec82c997bfc,Marlon Poralan,6,82.54,1,100.00,Carry Optics,C,Ty66330,MINOR,Law Enforcement,70.0000,57.7788,4.0791,16.18,12,,2,,,,,,
d42c118d-75ef-4f41-8a3e-6b9aba6b389e,Wallis Orchard Practical Shooters April 2021 Club Match,2021-04-18,6,Stage 6 Bay 9,15ebc22d-d951-4439-8fa4-cec82c997bfc,Vinh Lam,7,81.53,3,97.48,Limited,A,TY101025,MAJOR,,68.2387,57.0734,4.0293,16.38,10,,4,,,,,,
d42c118d-75ef-4f41-8a3e-6b9aba6b389e,Wallis Orchard Practical Shooters April 2021 Club Match,2021-04-18,6,Stage 6 Bay 9,15ebc22d-d951-4439-8fa4-cec82c997bfc,Albert Montanez,8,80.16,4,80.16,Open,M,TY101554,MAJOR,,56.1144,56.1144,3.9616,16.66,12,,1,1,,,,,
d42c118d-75ef-4f41-8a3e-6b9aba6b389e,Wallis Orchard Practical Shooters April 2021 Club Match,2021-04-18,6,Stage 6 Bay 9,15ebc22d-d951-4439-8fa4-cec82c997bfc,Jan Pacleb,9,78.42,5,78.42,Open,A,A79326,MAJOR,,54.8935,54.8935,3.8754,13.16,9,,4,,1,,,,
d42c118d-75ef-4f41-8a3e-6b9aba6b389e,Wallis Orchard Practical Shooters April 2021 Club Match,2021-04-18,6,Stage 6 Bay 9,15ebc22d-d951-4439-8fa4-cec82c997bfc,Ryan Alicaya,10,76.55,6,76.55,Open,D,,MAJOR,,53.5861,53.5861,3.7831,15.86,6,,7,1,,,,,
d42c118d-75ef-4f41-8a3e-6b9aba6b389e,Wallis Orchard Practical Shooters April 2021 Club Match,2021-04-18,6,Stage 6 Bay 9,15ebc22d-d951-4439-8fa4-cec82c997bfc,Gil Yolo,11,76.13,7,76.13,Open,A,A100714,MAJOR,,53.2914,53.2914,3.7623,18.34,13,,1,,,,,,
d42c118d-75ef-4f41-8a3e-6b9aba6b389e,Wallis Orchard Practical Shooters April 2021 Club Match,2021-04-18,6,Stage 6 Bay 9,15ebc22d-d951-4439-8fa4-cec82c997bfc,Jason Bright,12,74.99,2,90.85,Carry Optics,B,A93447,MINOR,,63.5939,52.4911,3.7058,17.81,12,,2,,,,,,
d42c118d-75ef-4f41-8a3e-6b9aba6b389e,Wallis Orchard Practical Shooters April 2021 Club Match,2021-04-18,6,Stage 6 Bay 9,15ebc22d-d951-4439-8fa4-cec82c997bfc,Matt Lem,13,74.94,3,90.80,Carry Optics,A,FY34763,MINOR,,63.5579,52.4614,3.7037,18.90,14,,,,,,,,
d42c118d-75ef-4f41-8a3e-6b9aba6b389e,Wallis Orchard Practical Shooters April 2021 Club Match,2021-04-18,6,Stage 6 Bay 9,15ebc22d-d951-4439-8fa4-cec82c997bfc,August Balagtas,14,74.07,8,74.07,Open,M,L3674,MAJOR,,51.8509,51.8509,3.6606,18.03,12,,1,1,,,,,
d42c118d-75ef-4f41-8a3e-6b9aba6b389e,Wallis Orchard Practical Shooters April 2021 Club Match,2021-04-18,6,Stage 6 Bay 9,15ebc22d-d951-4439-8fa4-cec82c997bfc,Mengyu Yue,15,72.46,1,100.00,PCC,B,TY109190,MINOR,,70.0000,50.7206,3.5808,18.99,13,,1,,,,,,
d42c118d-75ef-4f41-8a3e-6b9aba6b389e,Wallis Orchard Practical Shooters April 2021 Club Match,2021-04-18,6,Stage 6 Bay 9,15ebc22d-d951-4439-8fa4-cec82c997bfc,Tim Yang,16,69.81,4,84.58,Carry Optics,B,A123783,MINOR,,59.2060,48.8693,3.4501,19.13,12,,2,,,,,,
d42c118d-75ef-4f41-8a3e-6b9aba6b389e,Wallis Orchard Practical Shooters April 2021 Club Match,2021-04-18,6,Stage 6 Bay 9,15ebc22d-d951-4439-8fa4-cec82c997bfc,Mike Junco,17,69.24,5,83.88,Carry Optics,A,FY34819,MINOR,Law Enforcement,58.7169,48.4656,3.4216,18.12,10,,4,,,,,,
d42c118d-75ef-4f41-8a3e-6b9aba6b389e,Wallis Orchard Practical Shooters April 2021 Club Match,2021-04-18,6,Stage 6 Bay 9,15ebc22d-d951-4439-8fa4-cec82c997bfc,Jerry Bedro,18,67.79,2,93.56,PCC,B,,MINOR,,65.4901,47.4528,3.3501,17.91,9,,5,,,,,,
d42c118d-75ef-4f41-8a3e-6b9aba6b389e,Wallis Orchard Practical Shooters April 2021 Club Match,2021-04-18,6,Stage 6 Bay 9,15ebc22d-d951-4439-8fa4-cec82c997bfc,Jim Havens,19,67.28,6,81.51,Carry Optics,A,a114636,MINOR,,57.0574,47.0959,3.3249,19.85,12,,2,,,,,,
d42c118d-75ef-4f41-8a3e-6b9aba6b389e,Wallis Orchard Practical Shooters April 2021 Club Match,2021-04-18,6,Stage 6 Bay 9,15ebc22d-d951-4439-8fa4-cec82c997bfc,Duane Mendoza,20,65.57,9,65.57,Open,B,X,MAJOR,,45.9004,45.9004,3.2405,17.59,5,,7,2,,,,,
d42c118d-75ef-4f41-8a3e-6b9aba6b389e,Wallis Orchard Practical Shooters April 2021 Club Match,2021-04-18,6,Stage 6 Bay 9,15ebc22d-d951-4439-8fa4-cec82c997bfc,Robert Bui,21,65.55,7,79.41,Carry Optics,C,A103016,MINOR,,55.5885,45.8834,3.2393,19.14,11,,2,1,,,,,
d42c118d-75ef-4f41-8a3e-6b9aba6b389e,Wallis Orchard Practical Shooters April 2021 Club Match,2021-04-18,6,Stage 6 Bay 9,15ebc22d-d951-4439-8fa4-cec82c997bfc,Roman Gwiscz,22,64.55,8,78.20,Carry Optics,A,L4670,MINOR,,54.7390,45.1822,3.1898,18.81,10,,3,1,,,,,
d42c118d-75ef-4f41-8a3e-6b9aba6b389e,Wallis Orchard Practical Shooters April 2021 Club Match,2021-04-18,6,Stage 6 Bay 9,15ebc22d-d951-4439-8fa4-cec82c997bfc,Andrew Whitley,23,63.31,10,63.31,Open,B,TY106649,MAJOR,,44.3153,44.3153,3.1286,17.58,9,,5,,,,1,,
d42c118d-75ef-4f41-8a3e-6b9aba6b389e,Wallis Orchard Practical Shooters April 2021 Club Match,2021-04-18,6,Stage 6 Bay 9,15ebc22d-d951-4439-8fa4-cec82c997bfc,Andrew McWilliams,24,63.13,4,75.48,Limited,U,A133773,MINOR,,52.8391,44.1935,3.1200,18.59,8,,6,,,,,,
d42c118d-75ef-4f41-8a3e-6b9aba6b389e,Wallis Orchard Practical Shooters April 2021 Club Match,2021-04-18,6,Stage 6 Bay 9,15ebc22d-d951-4439-8fa4-cec82c997bfc,Ralph Wiggum,25,63.08,1,100.00,Limited 10,U,TY123776,MAJOR,,70.0000,44.1581,3.1175,20.85,9,,5,,,,,,
d42c118d-75ef-4f41-8a3e-6b9aba6b389e,Wallis Orchard Practical Shooters April 2021 Club Match,2021-04-18,6,Stage 6 Bay 9,15ebc22d-d951-4439-8fa4-cec82c997bfc,John Brunkhorst,26,62.57,9,75.81,Carry Optics,B,A116144,MINOR,,53.0642,43.7998,3.0922,18.11,7,,7,,,,,,
d42c118d-75ef-4f41-8a3e-6b9aba6b389e,Wallis Orchard Practical Shooters April 2021 Club Match,2021-04-18,6,Stage 6 Bay 9,15ebc22d-d951-4439-8fa4-cec82c997bfc,Ridong Wen,27,61.35,10,74.33,Carry Optics,U,A99651,MINOR,,52.0277,42.9442,3.0318,19.79,9,,5,,,,,,
d42c118d-75ef-4f41-8a3e-6b9aba6b389e,Wallis Orchard Practical Shooters April 2021 Club Match,2021-04-18,6,Stage 6 Bay 9,15ebc22d-d951-4439-8fa4-cec82c997bfc,Jon Baguio,28,61.15,1,100.00,Production,D,X,MINOR,,70.0000,42.8068,3.0221,18.53,9,,3,2,,,,,
d42c118d-75ef-4f41-8a3e-6b9aba6b389e,Wallis Orchard Practical Shooters April 2021 Club Match,2021-04-18,6,Stage 6 Bay 9,15ebc22d-d951-4439-8fa4-cec82c997bfc,Mike Kahl,29,57.74,11,69.95,Carry Optics,B,TY70984,MINOR,Super Senior,48.9645,40.4158,2.8533,22.43,11,,3,,,,,,
d42c118d-75ef-4f41-8a3e-6b9aba6b389e,Wallis Orchard Practical Shooters April 2021 Club Match,2021-04-18,6,Stage 6 Bay 9,15ebc22d-d951-4439-8fa4-cec82c997bfc,Bryan Faustino,30,57.39,3,79.20,PCC,D,,MAJOR,,55.4401,40.1708,2.8360,22.92,11,,2,1,,,,,
d42c118d-75ef-4f41-8a3e-6b9aba6b389e,Wallis Orchard Practical Shooters April 2021 Club Match,2021-04-18,6,Stage 6 Bay 9,15ebc22d-d951-4439-8fa4-cec82c997bfc,Norman Oducado,31,57.38,12,69.51,Carry Optics,U,A103491,MINOR,,48.6590,40.1637,2.8355,21.16,9,,5,,,,,,
d42c118d-75ef-4f41-8a3e-6b9aba6b389e,Wallis Orchard Practical Shooters April 2021 Club Match,2021-04-18,6,Stage 6 Bay 9,15ebc22d-d951-4439-8fa4-cec82c997bfc,Chris Snow,32,57.02,11,57.02,Open,A,A107262,MAJOR,,39.9130,39.9130,2.8178,15.97,7,,4,2,1,,,,
d42c118d-75ef-4f41-8a3e-6b9aba6b389e,Wallis Orchard Practical Shooters April 2021 Club Match,2021-04-18,6,Stage 6 Bay 9,15ebc22d-d951-4439-8fa4-cec82c997bfc,Jason Wilson,33,56.84,2,90.10,Limited 10,U,A94696,MAJOR,,63.0685,39.7855,2.8088,24.21,12,,2,,,,,,
d42c118d-75ef-4f41-8a3e-6b9aba6b389e,Wallis Orchard Practical Shooters April 2021 Club Match,2021-04-18,6,Stage 6 Bay 9,15ebc22d-d951-4439-8fa4-cec82c997bfc,Jun Wu,34,55.44,13,67.16,Carry Optics,,,MINOR,,47.0150,38.8067,2.7397,21.17,9,,4,1,,,,,
d42c118d-75ef-4f41-8a3e-6b9aba6b389e,Wallis Orchard Practical Shooters April 2021 Club Match,2021-04-18,6,Stage 6 Bay 9,15ebc22d-d951-4439-8fa4-cec82c997bfc,Bill Kinstley,35,54.99,5,65.75,Limited,B,A104836,MAJOR,,46.0242,38.4937,2.7176,23.55,10,,3,1,,,,,
d42c118d-75ef-4f41-8a3e-6b9aba6b389e,Wallis Orchard Practical Shooters April 2021 Club Match,2021-04-18,6,Stage 6 Bay 9,15ebc22d-d951-4439-8fa4-cec82c997bfc,Erwin Gonzalez,36,54.41,14,65.92,Carry Optics,U,,MINOR,Law Enforcement,46.1467,38.0900,2.6891,23.80,11,,3,,,,,,
d42c118d-75ef-4f41-8a3e-6b9aba6b389e,Wallis Orchard Practical Shooters April 2021 Club Match,2021-04-18,6,Stage 6 Bay 9,15ebc22d-d951-4439-8fa4-cec82c997bfc,Scott Ragsdale,37,53.15,4,73.35,PCC,A,A91297,MINOR,,51.3466,37.2047,2.6266,21.32,13,,,1,,,1,,
d42c118d-75ef-4f41-8a3e-6b9aba6b389e,Wallis Orchard Practical Shooters April 2021 Club Match,2021-04-18,6,Stage 6 Bay 9,15ebc22d-d951-4439-8fa4-cec82c997bfc,Gennady Khokhorin,38,53.12,2,86.86,Production,C,A123884,MINOR,Senior,60.7998,37.1806,2.6249,23.62,10,,4,,,,,,
d42c118d-75ef-4f41-8a3e-6b9aba6b389e,Wallis Orchard Practical Shooters April 2021 Club Match,2021-04-18,6,Stage 6 Bay 9,15ebc22d-d951-4439-8fa4-cec82c997bfc,Ray Perez,39,50.75,15,61.48,Carry Optics,U,,MINOR,Law Enforcement,43.0389,35.5248,2.5080,18.74,10,,2,1,1,,,,
d42c118d-75ef-4f41-8a3e-6b9aba6b389e,Wallis Orchard Practical Shooters April 2021 Club Match,2021-04-18,6,Stage 6 Bay 9,15ebc22d-d951-4439-8fa4-cec82c997bfc,Doug Joder,40,50.66,5,69.91,PCC,U,A115020,MINOR,,48.9382,35.4596,2.5034,22.37,8,,5,1,,,,,
d42c118d-75ef-4f41-8a3e-6b9aba6b389e,Wallis Orchard Practical Shooters April 2021 Club Match,2021-04-18,6,Stage 6 Bay 9,15ebc22d-d951-4439-8fa4-cec82c997bfc,Anthony Smallwood,41,49.79,6,68.72,PCC,B,TY94508,MINOR,Senior,48.1055,34.8562,2.4608,23.57,10,,2,2,,,,,
d42c118d-75ef-4f41-8a3e-6b9aba6b389e,Wallis Orchard Practical Shooters April 2021 Club Match,2021-04-18,6,Stage 6 Bay 9,15ebc22d-d951-4439-8fa4-cec82c997bfc,Marchoni Aquino,42,49.69,16,60.20,Carry Optics,D,A124540,MINOR,,42.1380,34.7812,2.4555,23.62,10,,2,2,,,,,
d42c118d-75ef-4f41-8a3e-6b9aba6b389e,Wallis Orchard Practical Shooters April 2021 Club Match,2021-04-18,6,Stage 6 Bay 9,15ebc22d-d951-4439-8fa4-cec82c997bfc,Wade Pruetz,43,46.33,12,46.33,Open,A,TY79055,MAJOR,,32.4313,32.4313,2.2896,17.47,8,,5,,1,,1,,
d42c118d-75ef-4f41-8a3e-6b9aba6b389e,Wallis Orchard Practical Shooters April 2021 Club Match,2021-04-18,6,Stage 6 Bay 9,15ebc22d-d951-4439-8fa4-cec82c997bfc,Carlos Escandon,44,46.10,1,100.00,Single Stack,B,L2590,MAJOR,Senior,70.0000,32.2726,2.2784,20.19,8,,3,2,1,,,,
d42c118d-75ef-4f41-8a3e-6b9aba6b389e,Wallis Orchard Practical Shooters April 2021 Club Match,2021-04-18,6,Stage 6 Bay 9,15ebc22d-d951-4439-8fa4-cec82c997bfc,David Brizzi,45,45.95,3,75.14,Production,U,A131226,MINOR,,52.6002,32.1664,2.2709,25.54,9,,4,1,,,,,
d42c118d-75ef-4f41-8a3e-6b9aba6b389e,Wallis Orchard Practical Shooters April 2021 Club Match,2021-04-18,6,Stage 6 Bay 9,15ebc22d-d951-4439-8fa4-cec82c997bfc,Pat Byrne,46,45.22,6,54.07,Limited,U,Fy93921,MAJOR,Super Senior,37.8494,31.6564,2.2349,24.61,13,,,,1,,,,
d42c118d-75ef-4f41-8a3e-6b9aba6b389e,Wallis Orchard Practical Shooters April 2021 Club Match,2021-04-18,6,Stage 6 Bay 9,15ebc22d-d951-4439-8fa4-cec82c997bfc,Chev Jacot,47,37.33,17,45.23,Carry Optics,B,A72378,MINOR,,31.6614,26.1337,1.8450,18.97,9,,3,1,1,,1,,
d42c118d-75ef-4f41-8a3e-6b9aba6b389e,Wallis Orchard Practical Shooters April 2021 Club Match,2021-04-18,6,Stage 6 Bay 9,15ebc22d-d951-4439-8fa4-cec82c997bfc,Ralph Migs,48,34.56,7,47.69,PCC,U,A132627,MINOR,Military,33.3853,24.1903,1.7078,21.08,10,,2,,2,,,,
d42c118d-75ef-4f41-8a3e-6b9aba6b389e,Wallis Orchard Practical Shooters April 2021 Club Match,2021-04-18,6,Stage 6 Bay 9,15ebc22d-d951-4439-8fa4-cec82c997bfc,Eric Wu,49,33.76,18,40.90,Carry Optics,U,,MINOR,,28.6308,23.6322,1.6684,19.78,9,,2,2,1,,1,,
d42c118d-75ef-4f41-8a3e-6b9aba6b389e,Wallis Orchard Practical Shooters April 2021 Club Match,2021-04-18,6,Stage 6 Bay 9,15ebc22d-d951-4439-8fa4-cec82c997bfc,Arnold Gee,50,33.33,13,33.33,Open,B,TY103519,MAJOR,Senior,23.3333,23.3333,1.6473,16.39,9,,3,,2,,,1,
d42c118d-75ef-4f41-8a3e-6b9aba6b389e,Wallis Orchard Practical Shooters April 2021 Club Match,2021-04-18,6,Stage 6 Bay 9,15ebc22d-d951-4439-8fa4-cec82c997bfc,Gary Wu,51,32.95,7,39.39,Limited,B,L2998,MINOR,,27.5746,23.0628,1.6282,38.08,10,,4,,,,,,
d42c118d-75ef-4f41-8a3e-6b9aba6b389e,Wallis Orchard Practical Shooters April 2021 Club Match,2021-04-18,6,Stage 6 Bay 9,15ebc22d-d951-4439-8fa4-cec82c997bfc,Emman Alcoseba,52,31.34,8,37.47,Limited,C,TY67519,MINOR,Senior,26.2282,21.9367,1.5487,18.08,8,,2,2,2,,,,
d42c118d-75ef-4f41-8a3e-6b9aba6b389e,Wallis Orchard Practical Shooters April 2021 Club Match,2021-04-18,6,Stage 6 Bay 9,15ebc22d-d951-4439-8fa4-cec82c997bfc,Craig Bellamy,53,30.29,2,65.70,Single Stack,A,TY54824,MAJOR,Law Enforcement,45.9928,21.2044,1.4970,16.70,9,,2,1,2,,,1,
d42c118d-75ef-4f41-8a3e-6b9aba6b389e,Wallis Orchard Practical Shooters April 2021 Club Match,2021-04-18,6,Stage 6 Bay 9,15ebc22d-d951-4439-8fa4-cec82c997bfc,Duane Bellamy,54,29.05,9,34.73,Limited,U,A133284,MINOR,,24.3094,20.3319,1.4354,29.26,6,,7,1,,,,1,
d42c118d-75ef-4f41-8a3e-6b9aba6b389e,Wallis Orchard Practical Shooters April 2021 Club Match,2021-04-18,6,Stage 6 Bay 9,15ebc22d-d951-4439-8fa4-cec82c997bfc,Steven McNamara,55,28.70,14,28.70,Open,B,A75212,MAJOR,Senior,20.0868,20.0868,1.4181,19.04,11,,,1,2,,,1,
d42c118d-75ef-4f41-8a3e-6b9aba6b389e,Wallis Orchard Practical Shooters April 2021 Club Match,2021-04-18,6,Stage 6 Bay 9,15ebc22d-d951-4439-8fa4-cec82c997bfc,Dale Hamm,56,28.06,10,33.55,Limited,C,TY97196,MAJOR,Senior,23.4846,19.6420,1.3867,32.45,7,,4,2,1,,,,
d42c118d-75ef-4f41-8a3e-6b9aba6b389e,Wallis Orchard Practical Shooters April 2021 Club Match,2021-04-18,6,Stage 6 Bay 9,15ebc22d-d951-4439-8fa4-cec82c997bfc,Joseph Reyes,57,16.95,8,23.39,PCC,C,A127665,MINOR,Super Senior,16.3740,11.8643,0.8376,21.49,11,,1,,2,,,2,
d42c118d-75ef-4f41-8a3e-6b9aba6b389e,Wallis Orchard Practical Shooters April 2021 Club Match,2021-04-18,6,Stage 6 Bay 9,15ebc22d-d951-4439-8fa4-cec82c997bfc,Jeannie Marrone,58,15.38,11,18.39,Limited,U,A133357,MINOR,Lady; Senior,12.8745,10.7679,0.7602,31.57,10,,1,1,2,,,1,
d42c118d-75ef-4f41-8a3e-6b9aba6b389e,Wallis Orchard Practical Shooters April 2021 Club Match,2021-04-18,6,Stage 6 Bay 9,15ebc22d-d951-4439-8fa4-cec82c997bfc,Jonathan Backof,59,11.30,3,24.51,Single Stack,C,A116878,MAJOR,,17.1559,7.9095,0.5584,25.07,8,,3,1,2,,2,,
d42c118d-75ef-4f41-8a3e-6b9aba6b389e,Wallis Orchard Practical Shooters April 2021 Club Match,2021-04-18,6,Stage 6 Bay 9,15ebc22d-d951-4439-8fa4-cec82c997bfc,Nilo Dalisay,60,9.94,15,9.94,Open,,,MAJOR,,6.9591,6.9591,0.4913,42.74,7,,4,,3,,,,
d42c118d-75ef-4f41-8a3e-6b9aba6b389e,Wallis Orchard Practical Shooters April 2021 Club Match,2021-04-18,6,Stage 6 Bay 9,15ebc22d-d951-4439-8fa4-cec82c997bfc,Janice Pacleb,61,0.00,16,0.00,Open,B,Ty75597,MAJOR,Lady,0.0000,0.0000,,,,,,,,,,,
d42c118d-75ef-4f41-8a3e-6b9aba6b389e,Wallis Orchard Practical Shooters April 2021 Club Match,2021-04-18,6,Stage 6 Bay 9,15ebc22d-d951-4439-8fa4-cec82c997bfc,Hopper Po,62,0.00,19,0.00,Carry Optics,U,A132909,MINOR,,0.0000,0.0000,0.0000,16.44,7,,1,1,5,,,,
d42c118d-75ef-4f41-8a3e-6b9aba6b389e,Wallis Orchard Practical Shooters April 2021 Club Match,2021-04-18,6,Stage 6 Bay 9,15ebc22d-d951-4439-8fa4-cec82c997bfc,Antonio Tormis,63,0.00,20,0.00,Carry Optics,C,A124958,MINOR,,0.0000,0.0000,0.0000,18.47,6,,3,1,4,,,2,
d42c118d-75ef-4f41-8a3e-6b9aba6b389e,Wallis Orchard Practical Shooters April 2021 Club Match,2021-04-18,6,Stage 6 Bay 9,15ebc22d-d951-4439-8fa4-cec82c997bfc,Romelio San Jose,64,0.00,21,0.00,Carry Optics,U,A132413,MINOR,,0.0000,0.0000,0.0000,23.50,5,,4,1,4,,,2,
d42c118d-75ef-4f41-8a3e-6b9aba6b389e,Wallis Orchard Practical Shooters April 2021 Club Match,2021-04-18,6,Stage 6 Bay 9,15ebc22d-d951-4439-8fa4-cec82c997bfc,Leofredo Echavez,65,0.00,12,0.00,Limited,U,,MINOR,,0.0000,0.0000,0.0000,26.25,5,,2,1,6,,,,
d42c118d-75ef-4f41-8a3e-6b9aba6b389e,Wallis Orchard Practical Shooters April 2021 Club Match,2021-04-18,6,Stage 6 Bay 9,15ebc22d-d951-4439-8fa4-cec82c997bfc,Ramil Villanueva,66,0.00,22,0.00,Carry Optics,D,,MINOR,Junior,0.0000,0.0000,0.0000,32.30,5,,2,3,4,,1,,
d42c118d-75ef-4f41-8a3e-6b9aba6b389e,Wallis Orchard Practical Shooters April 2021 Club Match,2021-04-18,6,Stage 6 Bay 9,15ebc22d-d951-4439-8fa4-cec82c997bfc,Nathaniel Lovan,67,0.00,23,0.00,Carry Optics,D,A118114,MINOR,,0.0000,0.0000,0.0000,35.89,3,,3,1,7,,,,
d42c118d-75ef-4f41-8a3e-6b9aba6b389e,Wallis Orchard Practical Shooters April 2021 Club Match,2021-04-18,6,Stage 6 Bay 9,15ebc22d-d951-4439-8fa4-cec82c997bfc,Rovel Cipriano,68,0.00,17,0.00,Open,,,MAJOR,,0.0000,0.0000,0.0000,40.88,4,,4,1,5,,1,,
d42c118d-75ef-4f41-8a3e-6b9aba6b389e,Wallis Orchard Practical Shooters April 2021 Club Match,2021-04-18,7,Stage 7 Bay 10,9739e6b5-0649-47a6-9d9b-9eb088c5bbf4,Gil Yolo,1,100.00,1,100.00,Open,A,A100714,MAJOR,,120.0000,120.0000,8.9588,12.39,17,,6,1,,,,,
d42c118d-75ef-4f41-8a3e-6b9aba6b389e,Wallis Orchard Practical Shooters April 2021 Club Match,2021-04-18,7,Stage 7 Bay 10,9739e6b5-0649-47a6-9d9b-9eb088c5bbf4,MEL RODERO II,2,97.28,2,97.28,Open,G,TY86283,MAJOR,Senior,116.7330,116.7330,8.7149,13.54,22,,2,,,,,,
d42c118d-75ef-4f41-8a3e-6b9aba6b389e,Wallis Orchard Practical Shooters April 2021 Club Match,2021-04-18,7,Stage 7 Bay 10,9739e6b5-0649-47a6-9d9b-9eb088c5bbf4,Michael Whitley,3,89.39,3,89.39,Open,B,A111091,MAJOR,,107.2737,107.2737,8.0087,13.86,15,,9,,,,,,
d42c118d-75ef-4f41-8a3e-6b9aba6b389e,Wallis Orchard Practical Shooters April 2021 Club Match,2021-04-18,7,Stage 7 Bay 10,9739e6b5-0649-47a6-9d9b-9eb088c5bbf4,Trevor Cotter,4,85.99,4,85.99,Open,M,A108348,MAJOR,,103.1830,103.1830,7.7033,14.02,18,,3,3,,,,,
d42c118d-75ef-4f41-8a3e-6b9aba6b389e,Wallis Orchard Practical Shooters April 2021 Club Match,2021-04-18,7,Stage 7 Bay 10,9739e6b5-0649-47a6-9d9b-9eb088c5bbf4,Albert Montanez,5,85.69,5,85.69,Open,M,TY101554,MAJOR,,102.8254,102.8254,7.6766,14.72,17,,7,,,,,,
d42c118d-75ef-4f41-8a3e-6b9aba6b389e,Wallis Orchard Practical Shooters April 2021 Club Match,2021-04-18,7,Stage 7 Bay 10,9739e6b5-0649-47a6-9d9b-9eb088c5bbf4,Jason Wells,6,85.38,1,100.00,Limited,B,TY101006,MAJOR,,120.0000,102.4517,7.6487,14.12,14,,9,1,,,,,
d42c118d-75ef-4f41-8a3e-6b9aba6b389e,Wallis Orchard Practical Shooters April 2021 Club Match,2021-04-18,7,Stage 7 Bay 10,9739e6b5-0649-47a6-9d9b-9eb088c5bbf4,Chris Snow,7,82.91,6,82.91,Open,A,A107262,MAJOR,,99.4861,99.4861,7.4273,13.06,15,,8,,1,,,,
d42c118d-75ef-4f41-8a3e-6b9aba6b389e,Wallis Orchard Practical Shooters April 2021 Club Match,2021-04-18,7,Stage 7 Bay 10,9739e6b5-0649-47a6-9d9b-9eb088c5bbf4,Duane Mendoza,8,82.33,7,82.33,Open,B,X,MAJOR,,98.7909,98.7909,7.3754,15.05,15,,9,,,,,,
d42c118d-75ef-4f41-8a3e-6b9aba6b389e,Wallis Orchard Practical Shooters April 2021 Club Match,2021-04-18,7,Stage 7 Bay 10,9739e6b5-0649-47a6-9d9b-9eb088c5bbf4,Vinh Lam,9,81.56,2,95.54,Limited,A,TY101025,MAJOR,,114.6422,97.8774,7.3072,14.78,16,,6,2,,,,,
d42c118d-75ef-4f41-8a3e-6b9aba6b389e,Wallis Orchard Practical Shooters April 2021 Club Match,2021-04-18,7,Stage 7 Bay 10,9739e6b5-0649-47a6-9d9b-9eb088c5bbf4,Jerry Bedro,10,80.60,1,100.00,PCC,B,,MINOR,,120.0000,96.7241,7.2211,15.51,20,,4,,,,,,
d42c118d-75ef-4f41-8a3e-6b9aba6b389e,Wallis Orchard Practical Shooters April 2021 Club Match,2021-04-18,7,Stage 7 Bay 10,9739e6b5-0649-47a6-9d9b-9eb088c5bbf4,Scott Ragsdale,11,77.13,2,95.69,PCC,A,A91297,MINOR,,114.8268,92.5544,6.9098,15.63,18,,6,,,,,,
d42c118d-75ef-4f41-8a3e-6b9aba6b389e,Wallis Orchard Practical Shooters April 2021 Club Match,2021-04-18,7,Stage 7 Bay 10,9739e6b5-0649-47a6-9d9b-9eb088c5bbf4,Jason Bright,12,74.73,1,100.00,Carry Optics,B,A93447,MINOR,,120.0000,89.6718,6.6946,16.73,20,,4,,,,,,
d42c118d-75ef-4f41-8a3e-6b9aba6b389e,Wallis Orchard Practical Shooters April 2021 Club Match,2021-04-18,7,Stage 7 Bay 10,9739e6b5-0649-47a6-9d9b-9eb088c5bbf4,Wade Pruetz,13,73.21,8,73.21,Open,A,TY79055,MAJOR,,87.8475,87.8475,6.5584,16.62,17,,5,2,,,,,
d42c118d-75ef-4f41-8a3e-6b9aba6b389e,Wallis Orchard Practical Shooters April 2021 Club Match,2021-04-18,7,Stage 7 Bay 10,9739e6b5-0649-47a6-9d9b-9eb088c5bbf4,Tim Yang,14,73.17,2,97.92,Carry Optics,B,A123783,MINOR,,117.5066,87.8086,6.5555,17.39,21,,3,,,,,,
d42c118d-75ef-4f41-8a3e-6b9aba6b389e,Wallis Orchard Practical Shooters April 2021 Club Match,2021-04-18,7,Stage 7 Bay 10,9739e6b5-0649-47a6-9d9b-9eb088c5bbf4,Ryan Alicaya,15,71.39,9,71.39,Open,D,,MAJOR,,85.6628,85.6628,6.3953,17.20,18,,4,2,,,,,
d42c118d-75ef-4f41-8a3e-6b9aba6b389e,Wallis Orchard Practical Shooters April 2021 Club Match,2021-04-18,7,Stage 7 Bay 10,9739e6b5-0649-47a6-9d9b-9eb088c5bbf4,Jan Pacleb,16,68.22,10,68.22,Open,A,A79326,MAJOR,,81.8614,81.8614,6.1115,13.09,16,,4,2,2,,,,
d42c118d-75ef-4f41-8a3e-6b9aba6b389e,Wallis Orchard Practical Shooters April 2021 Club Match,2021-04-18,7,Stage 7 Bay 10,9739e6b5-0649-47a6-9d9b-9eb088c5bbf4,Jon Baguio,17,67.87,1,100.00,Production,D,X,MINOR,,120.0000,81.4395,6.0800,18.75,21,,3,,,,,,
d42c118d-75ef-4f41-8a3e-6b9aba6b389e,Wallis Orchard Practical Shooters April 2021 Club Match,2021-04-18,7,Stage 7 Bay 10,9739e6b5-0649-47a6-9d9b-9eb088c5bbf4,Andrew Whitley,18,67.74,11,67.74,Open,B,TY106649,MAJOR,,81.2828,81.2828,6.0683,15.82,14,,9,,1,,,,
d42c118d-75ef-4f41-8a3e-6b9aba6b389e,Wallis Orchard Practical Shooters April 2021 Club Match,2021-04-18,7,Stage 7 Bay 10,9739e6b5-0649-47a6-9d9b-9eb088c5bbf4,Jim Havens,19,67.69,3,90.58,Carry Optics,A,a114636,MINOR,,108.6984,81.2265,6.0641,17.48,17,,7,,,,,,
d42c118d-75ef-4f41-8a3e-6b9aba6b389e,Wallis Orchard Practical Shooters April 2021 Club Match,2021-04-18,7,Stage 7 Bay 10,9739e6b5-0649-47a6-9d9b-9eb088c5bbf4,Matt Lem,20,66.60,4,89.13,Carry Optics,A,FY34763,MINOR,,106.9561,79.9245,5.9669,18.10,19,,4,1,,,,,
d42c118d-75ef-4f41-8a3e-6b9aba6b389e,Wallis Orchard Practical Shooters April 2021 Club Match,2021-04-18,7,Stage 7 Bay 10,9739e6b5-0649-47a6-9d9b-9eb088c5bbf4,Mike Junco,21,66.07,5,88.41,Carry Optics,A,FY34819,MINOR,Law Enforcement,106.0975,79.2829,5.9190,19.26,21,,3,,,,,,
d42c118d-75ef-4f41-8a3e-6b9aba6b389e,Wallis Orchard Practical Shooters April 2021 Club Match,2021-04-18,7,Stage 7 Bay 10,9739e6b5-0649-47a6-9d9b-9eb088c5bbf4,August Balagtas,22,65.58,12,65.58,Open,M,L3674,MAJOR,,78.6989,78.6989,5.8754,17.02,18,,5,,1,,,,
d42c118d-75ef-4f41-8a3e-6b9aba6b389e,Wallis Orchard Practical Shooters April 2021 Club Match,2021-04-18,7,Stage 7 Bay 10,9739e6b5-0649-47a6-9d9b-9eb088c5bbf4,Craig Bellamy,23,64.63,1,100.00,Single Stack,A,TY54824,MAJOR,Law Enforcement,120.0000,77.5510,5.7897,19.69,18,,6,,,,,,
d42c118d-75ef-4f41-8a3e-6b9aba6b389e,Wallis Orchard Practical Shooters April 2021 Club Match,2021-04-18,7,Stage 7 Bay 10,9739e6b5-0649-47a6-9d9b-9eb088c5bbf4,Ray Perez,24,63.55,6,85.04,Carry Optics,U,,MINOR,Law Enforcement,102.0446,76.2544,5.6929,17.39,20,,3,,1,,,,
d42c118d-75ef-4f41-8a3e-6b9aba6b389e,Wallis Orchard Practical Shooters April 2021 Club Match,2021-04-18,7,Stage 7 Bay 10,9739e6b5-0649-47a6-9d9b-9eb088c5bbf4,Arnold Gee,25,63.43,13,63.43,Open,B,TY103519,MAJOR,Senior,76.1151,76.1151,5.6825,16.19,14,,7,2,1,,,,
d42c118d-75ef-4f41-8a3e-6b9aba6b389e,Wallis Orchard Practical Shooters April 2021 Club Match,2021-04-18,7,Stage 7 Bay 10,9739e6b5-0649-47a6-9d9b-9eb088c5bbf4,Robert Bui,26,63.26,7,84.65,Carry Optics,C,A103016,MINOR,,101.5840,75.9102,5.6672,19.41,19,,5,,,,,,
d42c118d-75ef-4f41-8a3e-6b9aba6b389e,Wallis Orchard Practical Shooters April 2021 Club Match,2021-04-18,7,Stage 7 Bay 10,9739e6b5-0649-47a6-9d9b-9eb088c5bbf4,Steven McNamara,27,63.17,14,63.17,Open,B,A75212,MAJOR,Senior,75.8057,75.8057,5.6594,20.32,19,,5,,,,,,
d42c118d-75ef-4f41-8a3e-6b9aba6b389e,Wallis Orchard Practical Shooters April 2021 Club Match,2021-04-18,7,Stage 7 Bay 10,9739e6b5-0649-47a6-9d9b-9eb088c5bbf4,Ramil Villanueva,28,63.05,8,84.37,Carry Optics,D,,MINOR,Junior,101.2470,75.6583,5.6484,17.35,18,,6,,,,1,,
d42c118d-75ef-4f41-8a3e-6b9aba6b389e,Wallis Orchard Practical Shooters April 2021 Club Match,2021-04-18,7,Stage 7 Bay 10,9739e6b5-0649-47a6-9d9b-9eb088c5bbf4,John Brunkhorst,29,62.70,9,83.91,Carry Optics,B,A116144,MINOR,,100.6913,75.2431,5.6174,17.98,21,,2,,1,,,,
d42c118d-75ef-4f41-8a3e-6b9aba6b389e,Wallis Orchard Practical Shooters April 2021 Club Match,2021-04-18,7,Stage 7 Bay 10,9739e6b5-0649-47a6-9d9b-9eb088c5bbf4,Ross Apffel,30,61.52,3,72.06,Limited,A,L4428,MAJOR,,86.4743,73.8286,5.5118,15.24,16,,6,,2,,,,
d42c118d-75ef-4f41-8a3e-6b9aba6b389e,Wallis Orchard Practical Shooters April 2021 Club Match,2021-04-18,7,Stage 7 Bay 10,9739e6b5-0649-47a6-9d9b-9eb088c5bbf4,Ralph Wiggum,31,61.48,1,100.00,Limited 10,U,TY123776,MAJOR,,120.0000,73.7818,5.5083,19.97,16,,7,1,,,,,
d42c118d-75ef-4f41-8a3e-6b9aba6b389e,Wallis Orchard Practical Shooters April 2021 Club Match,2021-04-18,7,Stage 7 Bay 10,9739e6b5-0649-47a6-9d9b-9eb088c5bbf4,Roman Gwiscz,32,60.02,10,80.32,Carry Optics,A,L4670,MINOR,,96.3804,72.0217,5.3769,20.83,20,,4,,,,,,
d42c118d-75ef-4f41-8a3e-6b9aba6b389e,Wallis Orchard Practical Shooters April 2021 Club Match,2021-04-18,7,Stage 7 Bay 10,9739e6b5-0649-47a6-9d9b-9eb088c5bbf4,Mike Kahl,33,59.56,11,79.70,Carry Optics,B,TY70984,MINOR,Super Senior,95.6454,71.4725,5.3359,20.99,20,,4,,,,,,
d42c118d-75ef-4f41-8a3e-6b9aba6b389e,Wallis Orchard Practical Shooters April 2021 Club Match,2021-04-18,7,Stage 7 Bay 10,9739e6b5-0649-47a6-9d9b-9eb088c5bbf4,Ridong Wen,34,57.94,12,77.54,Carry Optics,U,A99651,MINOR,,93.0499,69.5330,5.1911,21.19,19,,5,,,,,,
d42c118d-75ef-4f41-8a3e-6b9aba6b389e,Wallis Orchard Practical Shooters April 2021 Club Match,2021-04-18,7,Stage 7 Bay 10,9739e6b5-0649-47a6-9d9b-9eb088c5bbf4,Pat Byrne,35,57.32,4,67.14,Limited,U,Fy93921,MAJOR,Super Senior,80.5690,68.7869,5.1354,21.42,14,,10,,,,,,
d42c118d-75ef-4f41-8a3e-6b9aba6b389e,Wallis Orchard Practical Shooters April 2021 Club Match,2021-04-18,7,Stage 7 Bay 10,9739e6b5-0649-47a6-9d9b-9eb088c5bbf4,Doug Joder,36,56.84,3,70.51,PCC,U,A115020,MINOR,,84.6170,68.2042,5.0919,21.21,18,,6,,,,,,
d42c118d-75ef-4f41-8a3e-6b9aba6b389e,Wallis Orchard Practical Shooters April 2021 Club Match,2021-04-18,7,Stage 7 Bay 10,9739e6b5-0649-47a6-9d9b-9eb088c5bbf4,Norman Oducado,37,55.61,13,74.42,Carry Optics,U,A103491,MINOR,,89.3000,66.7308,4.9819,22.08,19,,5,,,,,,
d42c118d-75ef-4f41-8a3e-6b9aba6b389e,Wallis Orchard Practical Shooters April 2021 Club Match,2021-04-18,7,Stage 7 Bay 10,9739e6b5-0649-47a6-9d9b-9eb088c5bbf4,Chev Jacot,38,55.31,14,74.02,Carry Optics,B,A72378,MINOR,,88.8250,66.3759,4.9554,20.18,16,,6,2,,,,,
d42c118d-75ef-4f41-8a3e-6b9aba6b389e,Wallis Orchard Practical Shooters April 2021 Club Match,2021-04-18,7,Stage 7 Bay 10,9739e6b5-0649-47a6-9d9b-9eb088c5bbf4,Mengyu Yue,39,54.40,4,67.49,PCC,B,TY109190,MINOR,,80.9910,65.2815,4.8737,22.57,19,,5,,,,,,
d42c118d-75ef-4f41-8a3e-6b9aba6b389e,Wallis Orchard Practical Shooters April 2021 Club Match,2021-04-18,7,Stage 7 Bay 10,9739e6b5-0649-47a6-9d9b-9eb088c5bbf4,Carlos Escandon,40,53.92,2,83.43,Single Stack,B,L2590,MAJOR,Senior,100.1192,64.7029,4.8305,23.60,18,,6,,,,,,
d42c118d-75ef-4f41-8a3e-6b9aba6b389e,Wallis Orchard Practical Shooters April 2021 Club Match,2021-04-18,7,Stage 7 Bay 10,9739e6b5-0649-47a6-9d9b-9eb088c5bbf4,Ralph Migs,41,53.12,5,65.90,PCC,U,A132627,MINOR,Military,79.0832,63.7438,4.7589,15.76,14,,8,1,1,,1,,
d42c118d-75ef-4f41-8a3e-6b9aba6b389e,Wallis Orchard Practical Shooters April 2021 Club Match,2021-04-18,7,Stage 7 Bay 10,9739e6b5-0649-47a6-9d9b-9eb088c5bbf4,Antonio Tormis,42,53.03,15,70.97,Carry Optics,C,A124958,MINOR,,85.1612,63.6380,4.7510,21.89,17,,6,1,,,,,
d42c118d-75ef-4f41-8a3e-6b9aba6b389e,Wallis Orchard Practical Shooters April 2021 Club Match,2021-04-18,7,Stage 7 Bay 10,9739e6b5-0649-47a6-9d9b-9eb088c5bbf4,Gary Wu,43,53.00,5,62.07,Limited,B,L2998,MINOR,,74.4895,63.5965,4.7479,20.43,19,,4,,1,,,,
d42c118d-75ef-4f41-8a3e-6b9aba6b389e,Wallis Orchard Practical Shooters April 2021 Club Match,2021-04-18,7,Stage 7 Bay 10,9739e6b5-0649-47a6-9d9b-9eb088c5bbf4,Andrew McWilliams,44,52.88,6,61.94,Limited,U,A133773,MINOR,,74.3295,63.4598,4.7377,17.73,19,,3,,2,,,,
d42c118d-75ef-4f41-8a3e-6b9aba6b389e,Wallis Orchard Practical Shooters April 2021 Club Match,2021-04-18,7,Stage 7 Bay 10,9739e6b5-0649-47a6-9d9b-9eb088c5bbf4,Erwin Gonzalez,45,52.12,16,69.74,Carry Optics,U,,MINOR,Law Enforcement,83.6895,62.5383,4.6689,23.56,19,,5,,,,,,
d42c118d-75ef-4f41-8a3e-6b9aba6b389e,Wallis Orchard Practical Shooters April 2021 Club Match,2021-04-18,7,Stage 7 Bay 10,9739e6b5-0649-47a6-9d9b-9eb088c5bbf4,Jun Wu,46,51.37,17,68.75,Carry Optics,,,MINOR,,82.4957,61.6462,4.6023,24.77,21,,3,,,,,,
d42c118d-75ef-4f41-8a3e-6b9aba6b389e,Wallis Orchard Practical Shooters April 2021 Club Match,2021-04-18,7,Stage 7 Bay 10,9739e6b5-0649-47a6-9d9b-9eb088c5bbf4,Jonathan Backof,47,49.54,3,76.66,Single Stack,C,A116878,MAJOR,,91.9923,59.4508,4.4384,22.08,16,,7,,1,,,,
d42c118d-75ef-4f41-8a3e-6b9aba6b389e,Wallis Orchard Practical Shooters April 2021 Club Match,2021-04-18,7,Stage 7 Bay 10,9739e6b5-0649-47a6-9d9b-9eb088c5bbf4,Jason Wilson,48,48.60,2,79.05,Limited 10,U,A94696,MAJOR,,94.8576,58.3230,4.3542,27.33,23,,1,,,,,,
d42c118d-75ef-4f41-8a3e-6b9aba6b389e,Wallis Orchard Practical Shooters April 2021 Club Match,2021-04-18,7,Stage 7 Bay 10,9739e6b5-0649-47a6-9d9b-9eb088c5bbf4,Gennady Khokhorin,49,48.53,2,71.51,Production,C,A123884,MINOR,Senior,85.8118,58.2373,4.3478,22.77,20,,3,,1,,,,
d42c118d-75ef-4f41-8a3e-6b9aba6b389e,Wallis Orchard Practical Shooters April 2021 Club Match,2021-04-18,7,Stage 7 Bay 10,9739e6b5-0649-47a6-9d9b-9eb088c5bbf4,Marlon Poralan,50,45.50,18,60.88,Carry Optics,C,Ty66330,MINOR,Law Enforcement,73.0601,54.5953,4.0759,24.78,21,,2,,1,,,,
d42c118d-75ef-4f41-8a3e-6b9aba6b389e,Wallis Orchard Practical Shooters April 2021 Club Match,2021-04-18,7,Stage 7 Bay 10,9739e6b5-0649-47a6-9d9b-9eb088c5bbf4,Bryan Faustino,51,45.02,6,55.86,PCC,D,,MAJOR,,67.0302,54.0287,4.0336,17.85,10,,9,3,2,,,,
d42c118d-75ef-4f41-8a3e-6b9aba6b389e,Wallis Orchard Practical Shooters April 2021 Club Match,2021-04-18,7,Stage 7 Bay 10,9739e6b5-0649-47a6-9d9b-9eb088c5bbf4,Dale Hamm,52,42.69,7,50.00,Limited,C,TY97196,MAJOR,Senior,60.0024,51.2278,3.8245,26.67,20,,3,,1,,,,
d42c118d-75ef-4f41-8a3e-6b9aba6b389e,Wallis Orchard Practical Shooters April 2021 Club Match,2021-04-18,7,Stage 7 Bay 10,9739e6b5-0649-47a6-9d9b-9eb088c5bbf4,Marchoni Aquino,53,39.69,19,53.12,Carry Optics,D,A124540,MINOR,,63.7391,47.6300,3.5559,29.81,17,,7,,,,,,
d42c118d-75ef-4f41-8a3e-6b9aba6b389e,Wallis Orchard Practical Shooters April 2021 Club Match,2021-04-18,7,Stage 7 Bay 10,9739e6b5-0649-47a6-9d9b-9eb088c5bbf4,Duane Bellamy,54,39.08,8,45.77,Limited,U,A133284,MINOR,,54.9223,46.8907,3.5007,28.28,20,,3,,1,,,,
d42c118d-75ef-4f41-8a3e-6b9aba6b389e,Wallis Orchard Practical Shooters April 2021 Club Match,2021-04-18,7,Stage 7 Bay 10,9739e6b5-0649-47a6-9d9b-9eb088c5bbf4,Joseph Reyes,55,38.73,7,48.05,PCC,C,A127665,MINOR,Super Senior,57.6643,46.4794,3.4700,31.70,19,,5,,,,,,
d42c118d-75ef-4f41-8a3e-6b9aba6b389e,Wallis Orchard Practical Shooters April 2021 Club Match,2021-04-18,7,Stage 7 Bay 10,9739e6b5-0649-47a6-9d9b-9eb088c5bbf4,Romelio San Jose,56,36.68,20,49.09,Carry Optics,U,A132413,MINOR,,58.9030,44.0162,3.2861,28.91,18,,5,,1,,,,
d42c118d-75ef-4f41-8a3e-6b9aba6b389e,Wallis Orchard Practical Shooters April 2021 Club Match,2021-04-18,7,Stage 7 Bay 10,9739e6b5-0649-47a6-9d9b-9eb088c5bbf4,David Brizzi,57,33.47,3,49.31,Production,U,A131226,MINOR,,59.1730,40.1585,2.9981,26.35,16,,6,1,1,,1,,
d42c118d-75ef-4f41-8a3e-6b9aba6b389e,Wallis Orchard Practical Shooters April 2021 Club Match,2021-04-18,7,Stage 7 Bay 10,9739e6b5-0649-47a6-9d9b-9eb088c5bbf4,Hopper Po,58,32.96,21,44.11,Carry Optics,U,A132909,MINOR,,52.9268,39.5504,2.9527,33.19,15,,7,2,,,,,
d42c118d-75ef-4f41-8a3e-6b9aba6b389e,Wallis Orchard Practical Shooters April 2021 Club Match,2021-04-18,7,Stage 7 Bay 10,9739e6b5-0649-47a6-9d9b-9eb088c5bbf4,Nathaniel Lovan,59,30.81,22,41.22,Carry Optics,D,A118114,MINOR,,49.4691,36.9666,2.7598,29.35,15,,4,4,1,,,,
d42c118d-75ef-4f41-8a3e-6b9aba6b389e,Wallis Orchard Practical Shooters April 2021 Club Match,2021-04-18,7,Stage 7 Bay 10,9739e6b5-0649-47a6-9d9b-9eb088c5bbf4,Eric Wu,60,30.42,23,40.70,Carry Optics,U,,MINOR,,48.8453,36.5004,2.7250,27.89,20,,2,,2,,1,,
d42c118d-75ef-4f41-8a3e-6b9aba6b389e,Wallis Orchard Practical Shooters April 2021 Club Match,2021-04-18,7,Stage 7 Bay 10,9739e6b5-0649-47a6-9d9b-9eb088c5bbf4,Bill Kinstley,61,28.05,9,32.85,Limited,B,A104836,MAJOR,,39.4232,33.6581,2.5128,23.48,19,,1,,4,,,,
d42c118d-75ef-4f41-8a3e-6b9aba6b389e,Wallis Orchard Practical Shooters April 2021 Club Match,2021-04-18,7,Stage 7 Bay 10,9739e6b5-0649-47a6-9d9b-9eb088c5bbf4,Leofredo Echavez,62,27.97,10,32.76,Limited,U,,MINOR,,39.3149,33.5657,2.5059,29.53,16,,4,2,2,,,,
d42c118d-75ef-4f41-8a3e-6b9aba6b389e,Wallis Orchard Practical Shooters April 2021 Club Match,2021-04-18,7,Stage 7 Bay 10,9739e6b5-0649-47a6-9d9b-9eb088c5bbf4,Emman Alcoseba,63,22.46,11,26.30,Limited,C,TY67519,MINOR,Senior,31.5614,26.9460,2.0117,34.30,18,,3,,3,,,,
d42c118d-75ef-4f41-8a3e-6b9aba6b389e,Wallis Orchard Practical Shooters April 2021 Club Match,2021-04-18,7,Stage 7 Bay 10,9739e6b5-0649-47a6-9d9b-9eb088c5bbf4,Jeannie Marrone,64,21.33,12,24.98,Limited,U,A133357,MINOR,Lady; Senior,29.9737,25.5905,1.9105,39.78,21,,,1,2,,,1,
d42c118d-75ef-4f41-8a3e-6b9aba6b389e,Wallis Orchard Practical Shooters April 2021 Club Match,2021-04-18,7,Stage 7 Bay 10,9739e6b5-0649-47a6-9d9b-9eb088c5bbf4,Anthony Smallwood,65,19.65,8,24.38,PCC,B,TY94508,MINOR,Senior,29.2593,23.5840,1.7607,19.31,17,,3,,4,,,2,
d42c118d-75ef-4f41-8a3e-6b9aba6b389e,Wallis Orchard Practical Shooters April 2021 Club Match,2021-04-18,7,Stage 7 Bay 10,9739e6b5-0649-47a6-9d9b-9eb088c5bbf4,Nilo Dalisay,66,14.10,15,14.10,Open,,,MAJOR,,16.9228,16.9228,1.2634,57.78,19,,2,,3,,,,
d42c118d-75ef-4f41-8a3e-6b9aba6b389e,Wallis Orchard Practical Shooters April 2021 Club Match,2021-04-18,7,Stage 7 Bay 10,9739e6b5-0649-47a6-9d9b-9eb088c5bbf4,Rovel Cipriano,67,12.13,16,12.13,Open,,,MAJOR,,14.5546,14.5546,1.0866,69.94,14,,5,3,2,,,,
d42c118d-75ef-4f41-8a3e-6b9aba6b389e,Wallis Orchard Practical Shooters April 2021 Club Match,2021-04-18,7,Stage 7 Bay 10,9739e6b5-0649-47a6-9d9b-9eb088c5bbf4,Janice Pacleb,68,0.00,17,0.00,Open,B,Ty75597,MAJOR,Lady,0.0000,0.0000,,,,,,,,,,,
