match_id,match_name,match_date,stage_number,stage_name,stage_uuid,shooter_name,shooter_rank_combined,shooter_percent_combined,shooter_rank_division,shooter_percent_division,division,class,member_number,power_factor,categories,stage_points,stage_points_combined,hit_factor,time,A,B,C,D,M,NPM,NS,Proc,Apen,detail_Times
e685cdbb-1691-4f4a-accd-3b49d3a0611c,BAPS USPSA February,2019-02-16,1,Red,C3F8E63E-8CCA-46D0-B138-90DFDC3E4D50,Jason Brinkley,1,100.00,1,100.00,Limited,,A61861,MAJOR,,115.0000,115.0000,7.3529,14.96,20,,2,1,,,,,,
e685cdbb-1691-4f4a-accd-3b49d3a0611c,BAPS USPSA February,2019-02-16,1,Red,C3F8E63E-8CCA-46D0-B138-90DFDC3E4D50,Derek Rabuck,2,95.23,1,100.00,PCC,B,A91331,MINOR,,115.0000,109.5119,7.0020,14.71,17,,6,,,,,,,
e685cdbb-1691-4f4a-accd-3b49d3a0611c,BAPS USPSA February,2019-02-16,1,Red,C3F8E63E-8CCA-46D0-B138-90DFDC3E4D50,Randy Goodney,3,92.77,1,100.00,Open,A,A94852,MAJOR,,115.0000,106.6810,6.8210,15.98,19,,3,1,,,,,,
e685cdbb-1691-4f4a-accd-3b49d3a0611c,BAPS USPSA February,2019-02-16,1,Red,C3F8E63E-8CCA-46D0-B138-90DFDC3E4D50,August Balagtas,4,90.89,2,97.98,Open,,L3674,MAJOR,,112.6784,104.5274,6.6833,16.01,15,,8,,,,,,,
e685cdbb-1691-4f4a-accd-3b49d3a0611c,BAPS USPSA February,2019-02-16,1,Red,C3F8E63E-8CCA-46D0-B138-90DFDC3E4D50,Scott Reeh,5,90.03,1,100.00,Carry Optics,,A91497,MINOR,,115.0000,103.5296,6.6195,15.56,17,,6,,,,,,,
e685cdbb-1691-4f4a-accd-3b49d3a0611c,BAPS USPSA February,2019-02-16,1,Red,C3F8E63E-8CCA-46D0-B138-90DFDC3E4D50,Wade Pruetz,6,87.67,2,92.06,PCC,M,TY79055,MINOR,,105.8700,100.8176,6.4461,17.53,22,,1,,,,,,,
e685cdbb-1691-4f4a-accd-3b49d3a0611c,BAPS USPSA February,2019-02-16,1,Red,C3F8E63E-8CCA-46D0-B138-90DFDC3E4D50,BJ Burton,7,85.29,3,91.94,Open,,A86420,MAJOR,,105.7272,98.0790,6.2710,17.86,20,,3,,,,,,,
e685cdbb-1691-4f4a-accd-3b49d3a0611c,BAPS USPSA February,2019-02-16,1,Red,C3F8E63E-8CCA-46D0-B138-90DFDC3E4D50,Daniel Thompson,8,84.94,2,94.35,Carry Optics,B,TY93931,MINOR,,108.5077,97.6849,6.2458,14.73,18,,4,,1,,,,,
e685cdbb-1691-4f4a-accd-3b49d3a0611c,BAPS USPSA February,2019-02-16,1,Red,C3F8E63E-8CCA-46D0-B138-90DFDC3E4D50,Kit Hoog,9,83.33,1,100.00,Production,,,MINOR,,115.0000,95.8315,6.1273,16.81,18,,4,1,,,,,,
e685cdbb-1691-4f4a-accd-3b49d3a0611c,BAPS USPSA February,2019-02-16,1,Red,C3F8E63E-8CCA-46D0-B138-90DFDC3E4D50,Eddie Jimenea,10,82.40,4,88.83,Open,M,A14869,MAJOR,,102.1529,94.7633,6.0590,18.65,21,,2,,,,,,,
e685cdbb-1691-4f4a-accd-3b49d3a0611c,BAPS USPSA February,2019-02-16,1,Red,C3F8E63E-8CCA-46D0-B138-90DFDC3E4D50,Tony Phan,11,81.44,3,90.46,Carry Optics,A,FY11963,MINOR,,104.0342,93.6575,5.9883,18.87,22,,1,,,,,,,
e685cdbb-1691-4f4a-accd-3b49d3a0611c,BAPS USPSA February,2019-02-16,1,Red,C3F8E63E-8CCA-46D0-B138-90DFDC3E4D50,Albert Calderon,12,78.18,5,84.27,Open,B,A74722,MAJOR,,96.9146,89.9039,5.7483,19.31,21,,1,1,,,,,,
e685cdbb-1691-4f4a-accd-3b49d3a0611c,BAPS USPSA February,2019-02-16,1,Red,C3F8E63E-8CCA-46D0-B138-90DFDC3E4D50,Paul Felker,13,78.15,4,86.81,Carry Optics,B,TY107123,MINOR,,99.8334,89.8758,5.7465,18.62,19,,4,,,,,,,
e685cdbb-1691-4f4a-accd-3b49d3a0611c,BAPS USPSA February,2019-02-16,1,Red,C3F8E63E-8CCA-46D0-B138-90DFDC3E4D50,Mark Perretto,14,78.05,2,93.66,Production,,,MINOR,,107.7141,89.7600,5.7391,17.25,16,,6,1,,,,,,
e685cdbb-1691-4f4a-accd-3b49d3a0611c,BAPS USPSA February,2019-02-16,1,Red,C3F8E63E-8CCA-46D0-B138-90DFDC3E4D50,Jay Bennett,15,77.69,3,81.59,PCC,A,A77156,MINOR,Senior,93.8247,89.3471,5.7127,18.03,17,,6,,,,,,,
e685cdbb-1691-4f4a-accd-3b49d3a0611c,BAPS USPSA February,2019-02-16,1,Red,C3F8E63E-8CCA-46D0-B138-90DFDC3E4D50,Ricky Wiley,16,77.02,5,85.56,Carry Optics,U,A91320,MINOR,,98.3898,88.5761,5.6634,18.54,19,,3,1,,,,,,
e685cdbb-1691-4f4a-accd-3b49d3a0611c,BAPS USPSA February,2019-02-16,1,Red,C3F8E63E-8CCA-46D0-B138-90DFDC3E4D50,Dave Campbell,17,77.00,6,83.00,Open,A,TY26527,MAJOR,Senior,95.4495,88.5448,5.6614,18.90,17,,5,1,,,,,,
e685cdbb-1691-4f4a-accd-3b49d3a0611c,BAPS USPSA February,2019-02-16,1,Red,C3F8E63E-8CCA-46D0-B138-90DFDC3E4D50,Arnold Gee,18,76.41,7,82.37,Open,,A103519,MAJOR,,94.7279,87.8754,5.6186,19.40,17,,6,,,,,,,
e685cdbb-1691-4f4a-accd-3b49d3a0611c,BAPS USPSA February,2019-02-16,1,Red,C3F8E63E-8CCA-46D0-B138-90DFDC3E4D50,Steven Mcnamara,19,75.67,8,81.57,Open,B,A75212,MAJOR,,93.8057,87.0199,5.5639,19.95,19,,4,,,,,,,
e685cdbb-1691-4f4a-accd-3b49d3a0611c,BAPS USPSA February,2019-02-16,1,Red,C3F8E63E-8CCA-46D0-B138-90DFDC3E4D50,Jonathan Warrender,20,75.26,1,100.00,Single Stack,,TY86145,MAJOR,Military,115.0000,86.5460,5.5336,20.24,20,,3,,,,,,,
e685cdbb-1691-4f4a-accd-3b49d3a0611c,BAPS USPSA February,2019-02-16,1,Red,C3F8E63E-8CCA-46D0-B138-90DFDC3E4D50,Garry Newton,21,73.47,4,77.15,PCC,B,TY79434,MINOR,Super Senior,88.7267,84.4924,5.4023,17.40,20,,1,1,1,,,,,
e685cdbb-1691-4f4a-accd-3b49d3a0611c,BAPS USPSA February,2019-02-16,1,Red,C3F8E63E-8CCA-46D0-B138-90DFDC3E4D50,Jen Kroll,22,73.13,3,87.76,Production,C,A93835,MINOR,,100.9274,84.1046,5.3775,18.41,16,,6,1,,,,,,
e685cdbb-1691-4f4a-accd-3b49d3a0611c,BAPS USPSA February,2019-02-16,1,Red,C3F8E63E-8CCA-46D0-B138-90DFDC3E4D50,Covan Master,23,72.64,5,76.28,PCC,U,A111536,MINOR,,87.7167,83.5306,5.3408,19.66,18,,5,,,,,,,
e685cdbb-1691-4f4a-accd-3b49d3a0611c,BAPS USPSA February,2019-02-16,1,Red,C3F8E63E-8CCA-46D0-B138-90DFDC3E4D50,Danny Naramore,24,72.64,6,76.28,PCC,B,TY96553,MINOR,,87.7167,83.5306,5.3408,19.66,19,,3,1,,,,,,
e685cdbb-1691-4f4a-accd-3b49d3a0611c,BAPS USPSA February,2019-02-16,1,Red,C3F8E63E-8CCA-46D0-B138-90DFDC3E4D50,Kyle Post,25,71.16,4,85.39,Production,A,A74846,MINOR,,98.2022,81.8336,5.2323,20.45,20,,2,1,,,,,,
e685cdbb-1691-4f4a-accd-3b49d3a0611c,BAPS USPSA February,2019-02-16,1,Red,C3F8E63E-8CCA-46D0-B138-90DFDC3E4D50,Anthony Smallwood,26,70.97,9,76.50,Open,C,A94508,MAJOR,,87.9806,81.6162,5.2184,17.63,16,,5,1,1,,,,,
e685cdbb-1691-4f4a-accd-3b49d3a0611c,BAPS USPSA February,2019-02-16,1,Red,C3F8E63E-8CCA-46D0-B138-90DFDC3E4D50,Mike Wilson,27,70.64,7,74.18,PCC,C,TY84396,MINOR,Super Senior,85.3089,81.2377,5.1942,21.37,21,,2,,,,,,,
e685cdbb-1691-4f4a-accd-3b49d3a0611c,BAPS USPSA February,2019-02-16,1,Red,C3F8E63E-8CCA-46D0-B138-90DFDC3E4D50,Brandon Hill,28,70.59,5,84.71,Production,M,TY80518,MINOR,,97.4140,81.1767,5.1903,20.23,19,,3,1,,,,,,
e685cdbb-1691-4f4a-accd-3b49d3a0611c,BAPS USPSA February,2019-02-16,1,Red,C3F8E63E-8CCA-46D0-B138-90DFDC3E4D50,Mike Junco,29,69.99,6,83.99,Production,A,FY107182,MINOR,,96.5900,80.4901,5.1464,21.18,21,,1,1,,,,,,
e685cdbb-1691-4f4a-accd-3b49d3a0611c,BAPS USPSA February,2019-02-16,1,Red,C3F8E63E-8CCA-46D0-B138-90DFDC3E4D50,Jerry McClain,30,69.48,2,69.48,Limited,B,TY48726,MAJOR,,79.9005,79.9005,5.1087,18.40,16,,6,,1,,,,,
e685cdbb-1691-4f4a-accd-3b49d3a0611c,BAPS USPSA February,2019-02-16,1,Red,C3F8E63E-8CCA-46D0-B138-90DFDC3E4D50,Jon Baguio,31,68.00,3,68.00,Limited,U,PENDING,MINOR,,78.2004,78.2004,5.0000,20.20,16,,7,,,,,,,
e685cdbb-1691-4f4a-accd-3b49d3a0611c,BAPS USPSA February,2019-02-16,1,Red,C3F8E63E-8CCA-46D0-B138-90DFDC3E4D50,Dave Eickhoff,32,66.39,6,73.75,Carry Optics,C,TY5063,MINOR,,84.8094,76.3502,4.8817,20.28,16,,6,1,,,,,,
e685cdbb-1691-4f4a-accd-3b49d3a0611c,BAPS USPSA February,2019-02-16,1,Red,C3F8E63E-8CCA-46D0-B138-90DFDC3E4D50,Gary Owens,33,66.27,10,71.44,Open,C,FY101331,MAJOR,,82.1506,76.2079,4.8726,22.37,19,,3,1,,,,,,
e685cdbb-1691-4f4a-accd-3b49d3a0611c,BAPS USPSA February,2019-02-16,1,Red,C3F8E63E-8CCA-46D0-B138-90DFDC3E4D50,Tom Donahue,34,65.53,8,68.82,PCC,B,FY69009,MINOR,,79.1417,75.3649,4.8187,20.13,16,,5,2,,,,,,
e685cdbb-1691-4f4a-accd-3b49d3a0611c,BAPS USPSA February,2019-02-16,1,Red,C3F8E63E-8CCA-46D0-B138-90DFDC3E4D50,Ryan Alicaya,35,64.56,7,71.71,Carry Optics,U,,MINOR,,82.4657,74.2404,4.7468,22.12,20,,1,2,,,,,,
e685cdbb-1691-4f4a-accd-3b49d3a0611c,BAPS USPSA February,2019-02-16,1,Red,C3F8E63E-8CCA-46D0-B138-90DFDC3E4D50,Bob Zweck,36,64.53,11,69.56,Open,B,A94853,MAJOR,,79.9976,74.2107,4.7449,22.34,16,,6,1,,,,,,
e685cdbb-1691-4f4a-accd-3b49d3a0611c,BAPS USPSA February,2019-02-16,1,Red,C3F8E63E-8CCA-46D0-B138-90DFDC3E4D50,Chris Zak,37,63.78,7,76.54,Production,U,L4616,MINOR,,88.0185,73.3473,4.6897,21.11,16,,6,1,,,,,,
e685cdbb-1691-4f4a-accd-3b49d3a0611c,BAPS USPSA February,2019-02-16,1,Red,C3F8E63E-8CCA-46D0-B138-90DFDC3E4D50,Ashley West-Sullivan,38,63.66,8,76.40,Production,C,TY92392,MINOR,Lady,87.8589,73.2144,4.6812,22.43,19,,3,1,,,,,,
e685cdbb-1691-4f4a-accd-3b49d3a0611c,BAPS USPSA February,2019-02-16,1,Red,C3F8E63E-8CCA-46D0-B138-90DFDC3E4D50,Chris Nagala,39,63.46,9,76.16,Production,U,TY97712,MINOR,,87.5812,72.9829,4.6664,22.93,20,,2,1,,,,,,
e685cdbb-1691-4f4a-accd-3b49d3a0611c,BAPS USPSA February,2019-02-16,1,Red,C3F8E63E-8CCA-46D0-B138-90DFDC3E4D50,Glenn Cunningham,40,63.05,9,66.21,PCC,U,A78280,MINOR,,76.1460,72.5121,4.6363,23.51,20,,3,,,,,,,
e685cdbb-1691-4f4a-accd-3b49d3a0611c,BAPS USPSA February,2019-02-16,1,Red,C3F8E63E-8CCA-46D0-B138-90DFDC3E4D50,Michael Pontious,41,62.70,12,67.59,Open,U,TY94575,MAJOR,,77.7249,72.1024,4.6101,23.21,15,,8,,,,,,,
e685cdbb-1691-4f4a-accd-3b49d3a0611c,BAPS USPSA February,2019-02-16,1,Red,C3F8E63E-8CCA-46D0-B138-90DFDC3E4D50,JAY-R DELOS-SANTOS,42,62.25,8,69.14,Carry Optics,C,A70297,MINOR,,79.5158,71.5847,4.5770,21.63,16,,6,1,,,,,,
e685cdbb-1691-4f4a-accd-3b49d3a0611c,BAPS USPSA February,2019-02-16,1,Red,C3F8E63E-8CCA-46D0-B138-90DFDC3E4D50,John Nixon,43,61.38,13,66.17,Open,A,A40007,MAJOR,,76.0962,70.5915,4.5135,24.15,17,,6,,,,,,,
e685cdbb-1691-4f4a-accd-3b49d3a0611c,BAPS USPSA February,2019-02-16,1,Red,C3F8E63E-8CCA-46D0-B138-90DFDC3E4D50,Chris Peterson,44,61.09,10,73.31,Production,none,,MINOR,,84.3042,70.2521,4.4918,22.04,15,,8,,,,,,,
e685cdbb-1691-4f4a-accd-3b49d3a0611c,BAPS USPSA February,2019-02-16,1,Red,C3F8E63E-8CCA-46D0-B138-90DFDC3E4D50,Gary Wu,45,59.45,4,59.45,Limited,B,L2998,MAJOR,,68.3675,68.3675,4.3713,20.36,15,,5,2,1,,,,,
e685cdbb-1691-4f4a-accd-3b49d3a0611c,BAPS USPSA February,2019-02-16,1,Red,C3F8E63E-8CCA-46D0-B138-90DFDC3E4D50,Angela Rabuck,46,59.27,5,59.27,Limited,C,A91275,MINOR,Lady,68.1611,68.1611,4.3581,21.11,19,,2,1,1,,,,,
e685cdbb-1691-4f4a-accd-3b49d3a0611c,BAPS USPSA February,2019-02-16,1,Red,C3F8E63E-8CCA-46D0-B138-90DFDC3E4D50,Marlon Poralan,47,58.60,9,65.10,Carry Optics,D,PEN,MINOR,,74.8616,67.3947,4.3091,21.35,18,,4,,1,,,,,
e685cdbb-1691-4f4a-accd-3b49d3a0611c,BAPS USPSA February,2019-02-16,1,Red,C3F8E63E-8CCA-46D0-B138-90DFDC3E4D50,Jim Duncan,48,57.64,11,69.16,Production,,TY33325,MINOR,Senior,79.5389,66.2811,4.2379,25.72,21,,1,1,,,,,,
e685cdbb-1691-4f4a-accd-3b49d3a0611c,BAPS USPSA February,2019-02-16,1,Red,C3F8E63E-8CCA-46D0-B138-90DFDC3E4D50,Andrew Whitley,49,57.36,6,57.36,Limited,,TY106649,MINOR,,65.9668,65.9668,4.2178,20.39,17,,3,2,1,,,,,
e685cdbb-1691-4f4a-accd-3b49d3a0611c,BAPS USPSA February,2019-02-16,1,Red,C3F8E63E-8CCA-46D0-B138-90DFDC3E4D50,Chev Jacot,50,57.32,10,60.20,PCC,B,a72378,MINOR,,69.2266,65.9230,4.2150,25.86,20,,3,,,,,,,
e685cdbb-1691-4f4a-accd-3b49d3a0611c,BAPS USPSA February,2019-02-16,1,Red,C3F8E63E-8CCA-46D0-B138-90DFDC3E4D50,Matt Lem,51,57.29,12,68.75,Production,A,TY34763,MINOR,,79.0603,65.8823,4.2124,22.79,20,,2,,1,,,,,
e685cdbb-1691-4f4a-accd-3b49d3a0611c,BAPS USPSA February,2019-02-16,1,Red,C3F8E63E-8CCA-46D0-B138-90DFDC3E4D50,Raimon Alfonso,52,56.47,7,56.47,Limited,B,A37103,MAJOR,,64.9361,64.9361,4.1519,22.64,16,,6,,1,,,,,
e685cdbb-1691-4f4a-accd-3b49d3a0611c,BAPS USPSA February,2019-02-16,1,Red,C3F8E63E-8CCA-46D0-B138-90DFDC3E4D50,Rick Emde,53,55.82,14,60.17,Open,B,TY69327,MAJOR,,69.1939,64.1885,4.1041,27.29,20,,3,,,,,,,
e685cdbb-1691-4f4a-accd-3b49d3a0611c,BAPS USPSA February,2019-02-16,1,Red,C3F8E63E-8CCA-46D0-B138-90DFDC3E4D50,Nathan Peterson,54,55.79,13,66.95,Production,U,A111101,MINOR,,76.9901,64.1572,4.1021,21.94,18,,3,1,1,,,,,
e685cdbb-1691-4f4a-accd-3b49d3a0611c,BAPS USPSA February,2019-02-16,1,Red,C3F8E63E-8CCA-46D0-B138-90DFDC3E4D50,Corey Slifko,55,52.46,8,52.46,Limited,A,A82935,MAJOR,,60.3238,60.3238,3.8570,21.26,18,,3,,2,,,,,
e685cdbb-1691-4f4a-accd-3b49d3a0611c,BAPS USPSA February,2019-02-16,1,Red,C3F8E63E-8CCA-46D0-B138-90DFDC3E4D50,Pat Byrne,56,52.10,2,69.23,Single Stack,,FY93921,MAJOR,,79.6184,59.9187,3.8311,28.19,18,,4,1,,,,,,
e685cdbb-1691-4f4a-accd-3b49d3a0611c,BAPS USPSA February,2019-02-16,1,Red,C3F8E63E-8CCA-46D0-B138-90DFDC3E4D50,Tom Neal,57,50.75,15,54.71,Open,,L2362,MAJOR,,62.9187,58.3672,3.7319,28.94,16,,7,,,,,,,
e685cdbb-1691-4f4a-accd-3b49d3a0611c,BAPS USPSA February,2019-02-16,1,Red,C3F8E63E-8CCA-46D0-B138-90DFDC3E4D50,Sid Kulcak,58,50.74,11,53.29,PCC,U,A57537,MINOR,,61.2791,58.3547,3.7311,27.07,16,,7,,,,,,,
e685cdbb-1691-4f4a-accd-3b49d3a0611c,BAPS USPSA February,2019-02-16,1,Red,C3F8E63E-8CCA-46D0-B138-90DFDC3E4D50,Mitchell Ivey,59,49.81,16,53.69,Open,,A116953,MAJOR,,61.7486,57.2818,3.6625,30.58,20,,3,,,,,,,
e685cdbb-1691-4f4a-accd-3b49d3a0611c,BAPS USPSA February,2019-02-16,1,Red,C3F8E63E-8CCA-46D0-B138-90DFDC3E4D50,Bill Kinstley,60,49.58,9,49.58,Limited,C,A104836,MAJOR,,57.0206,57.0206,3.6458,30.72,20,,3,,,,,,,
e685cdbb-1691-4f4a-accd-3b49d3a0611c,BAPS USPSA February,2019-02-16,1,Red,C3F8E63E-8CCA-46D0-B138-90DFDC3E4D50,Herman Waddy,61,48.97,14,58.76,Production,C,A101165,MINOR,,67.5796,56.3153,3.6007,24.44,16,,6,,1,,,,,
e685cdbb-1691-4f4a-accd-3b49d3a0611c,BAPS USPSA February,2019-02-16,1,Red,C3F8E63E-8CCA-46D0-B138-90DFDC3E4D50,Mike Kahl,62,47.56,15,57.07,Production,B,A70984,MINOR,Super Senior,65.6296,54.6903,3.4968,26.31,18,,4,,1,,,,,
e685cdbb-1691-4f4a-accd-3b49d3a0611c,BAPS USPSA February,2019-02-16,1,Red,C3F8E63E-8CCA-46D0-B138-90DFDC3E4D50,Jing Bedro,63,46.85,12,49.20,PCC,U,A98263,MINOR,,56.5770,53.8770,3.4448,20.03,16,,2,3,2,,,,,
e685cdbb-1691-4f4a-accd-3b49d3a0611c,BAPS USPSA February,2019-02-16,1,Red,C3F8E63E-8CCA-46D0-B138-90DFDC3E4D50,Robert Hollier,64,46.82,16,56.18,Production,U,FY24941,MINOR,Senior,64.6123,53.8426,3.4426,30.50,19,,3,1,,,,,,
e685cdbb-1691-4f4a-accd-3b49d3a0611c,BAPS USPSA February,2019-02-16,1,Red,C3F8E63E-8CCA-46D0-B138-90DFDC3E4D50,Jerry Dueitt,65,44.91,3,59.67,Single Stack,D,,MINOR,,68.6247,51.6451,3.3021,28.77,14,,8,1,,,,,,
e685cdbb-1691-4f4a-accd-3b49d3a0611c,BAPS USPSA February,2019-02-16,1,Red,C3F8E63E-8CCA-46D0-B138-90DFDC3E4D50,Paul Torre,66,44.02,17,52.83,Production,U,TY88028,MINOR,,60.7516,50.6254,3.2369,23.17,17,,3,1,2,,,,,
e685cdbb-1691-4f4a-accd-3b49d3a0611c,BAPS USPSA February,2019-02-16,1,Red,C3F8E63E-8CCA-46D0-B138-90DFDC3E4D50,Adam Post,67,39.69,4,52.75,Single Stack,C,,MINOR,,60.6568,45.6487,2.9187,30.15,17,,4,1,1,,,,,
e685cdbb-1691-4f4a-accd-3b49d3a0611c,BAPS USPSA February,2019-02-16,1,Red,C3F8E63E-8CCA-46D0-B138-90DFDC3E4D50,Emanuel Alcoseba,68,38.15,10,38.15,Limited,C,TY67519,MINOR,,43.8720,43.8720,2.8051,27.45,17,,4,,2,,,,,
e685cdbb-1691-4f4a-accd-3b49d3a0611c,BAPS USPSA February,2019-02-16,1,Red,C3F8E63E-8CCA-46D0-B138-90DFDC3E4D50,Travis Edwards,69,37.93,11,37.93,Limited,D,A107004,MAJOR,,43.6155,43.6155,2.7887,32.99,16,,5,1,1,,,,,
e685cdbb-1691-4f4a-accd-3b49d3a0611c,BAPS USPSA February,2019-02-16,1,Red,C3F8E63E-8CCA-46D0-B138-90DFDC3E4D50,Duane Mendoza,70,37.57,18,45.09,Production,U,TY98162,MINOR,,51.8498,43.2073,2.7626,25.70,14,,7,,2,,,,,
e685cdbb-1691-4f4a-accd-3b49d3a0611c,BAPS USPSA February,2019-02-16,1,Red,C3F8E63E-8CCA-46D0-B138-90DFDC3E4D50,Albert Molina,71,36.91,17,39.79,Open,U,A107586,MAJOR,,45.7589,42.4488,2.7141,37.95,17,,3,3,,,,,,
e685cdbb-1691-4f4a-accd-3b49d3a0611c,BAPS USPSA February,2019-02-16,1,Red,C3F8E63E-8CCA-46D0-B138-90DFDC3E4D50,Stefan Liming,72,36.77,10,40.84,Carry Optics,none,A71566,MINOR,,46.9711,42.2861,2.7037,26.26,15,,5,1,2,,,,,
e685cdbb-1691-4f4a-accd-3b49d3a0611c,BAPS USPSA February,2019-02-16,1,Red,C3F8E63E-8CCA-46D0-B138-90DFDC3E4D50,Richard Dillow,73,36.03,13,37.83,PCC,C,FY57446,MINOR,Senior,43.5052,41.4290,2.6489,42.66,22,,1,,,,,,,
e685cdbb-1691-4f4a-accd-3b49d3a0611c,BAPS USPSA February,2019-02-16,1,Red,C3F8E63E-8CCA-46D0-B138-90DFDC3E4D50,Ronald Potier,74,34.71,11,38.55,Carry Optics,U,TY113089,MINOR,,44.3357,39.9135,2.5520,38.01,16,,5,2,,,,,,
e685cdbb-1691-4f4a-accd-3b49d3a0611c,BAPS USPSA February,2019-02-16,1,Red,C3F8E63E-8CCA-46D0-B138-90DFDC3E4D50,Gary Ashorn,75,34.66,12,34.66,Limited,U,A98048,MINOR,Senior,39.8556,39.8556,2.5483,24.33,17,,2,1,3,,,,,
e685cdbb-1691-4f4a-accd-3b49d3a0611c,BAPS USPSA February,2019-02-16,1,Red,C3F8E63E-8CCA-46D0-B138-90DFDC3E4D50,James Richardson,76,31.39,13,31.39,Limited,U,A103934,MAJOR,,36.0958,36.0958,2.3079,45.93,16,,6,1,,,,,,
e685cdbb-1691-4f4a-accd-3b49d3a0611c,BAPS USPSA February,2019-02-16,1,Red,C3F8E63E-8CCA-46D0-B138-90DFDC3E4D50,Quang Vu,77,24.37,14,24.37,Limited,,,MINOR,,28.0208,28.0208,1.7916,27.35,16,,3,,4,,,,,
e685cdbb-1691-4f4a-accd-3b49d3a0611c,BAPS USPSA February,2019-02-16,1,Red,C3F8E63E-8CCA-46D0-B138-90DFDC3E4D50,Beth Riedel,78,19.11,19,22.93,Production,,,MINOR,,26.3734,21.9775,1.4052,64.05,19,,1,2,1,,,,,
e685cdbb-1691-4f4a-accd-3b49d3a0611c,BAPS USPSA February,2019-02-16,1,Red,C3F8E63E-8CCA-46D0-B138-90DFDC3E4D50,Bill Hunter,79,18.91,15,18.91,Limited,C,A13721,MAJOR,Super Senior,21.7428,21.7428,1.3902,41.00,11,,7,2,3,,,,,
e685cdbb-1691-4f4a-accd-3b49d3a0611c,BAPS USPSA February,2019-02-16,1,Red,C3F8E63E-8CCA-46D0-B138-90DFDC3E4D50,Jean Richardson,80,18.44,16,18.44,Limited,U,A103935,MINOR,,21.2017,21.2017,1.3556,47.21,17,,3,,3,,,,,
e685cdbb-1691-4f4a-accd-3b49d3a0611c,BAPS USPSA February,2019-02-16,1,Red,C3F8E63E-8CCA-46D0-B138-90DFDC3E4D50,Robert Acaron,81,15.25,17,15.25,Limited,,,MINOR,,17.5372,17.5372,1.1213,29.43,9,,9,1,4,,,,,
e685cdbb-1691-4f4a-accd-3b49d3a0611c,BAPS USPSA February,2019-02-16,1,Red,C3F8E63E-8CCA-46D0-B138-90DFDC3E4D50,William Clark,82,4.95,18,4.95,Limited,,,MINOR,,5.6883,5.6883,0.3637,35.74,12,,4,1,6,,,,,
e685cdbb-1691-4f4a-accd-3b49d3a0611c,BAPS USPSA February,2019-02-16,2,Orange,B7AFE344-5347-42F1-982C-EAE2C1280A82,Wade Pruetz,1,100.00,1,100.00,PCC,M,TY79055,MINOR,,130.0000,130.0000,8.1301,14.76,21,,5,,,,,,,
e685cdbb-1691-4f4a-accd-3b49d3a0611c,BAPS USPSA February,2019-02-16,2,Orange,B7AFE344-5347-42F1-982C-EAE2C1280A82,Chev Jacot,2,99.86,2,99.86,PCC,B,a72378,MINOR,,129.8161,129.8161,8.1186,15.52,24,,2,,,,,,,
e685cdbb-1691-4f4a-accd-3b49d3a0611c,BAPS USPSA February,2019-02-16,2,Orange,B7AFE344-5347-42F1-982C-EAE2C1280A82,Jason Brinkley,3,98.97,1,100.00,Limited,,A61861,MAJOR,,130.0000,128.6664,8.0467,15.41,20,,6,,,,,,,
e685cdbb-1691-4f4a-accd-3b49d3a0611c,BAPS USPSA February,2019-02-16,2,Orange,B7AFE344-5347-42F1-982C-EAE2C1280A82,Paul Felker,4,95.74,1,100.00,Carry Optics,B,TY107123,MINOR,,130.0000,124.4675,7.7841,15.93,23,,3,,,,,,,
e685cdbb-1691-4f4a-accd-3b49d3a0611c,BAPS USPSA February,2019-02-16,2,Orange,B7AFE344-5347-42F1-982C-EAE2C1280A82,Tony Phan,5,88.70,2,92.64,Carry Optics,A,FY11963,MINOR,,120.4372,115.3116,7.2115,16.64,21,,5,,,,,,,
e685cdbb-1691-4f4a-accd-3b49d3a0611c,BAPS USPSA February,2019-02-16,2,Orange,B7AFE344-5347-42F1-982C-EAE2C1280A82,Daniel Thompson,6,88.38,3,92.31,Carry Optics,B,TY93931,MINOR,,120.0046,114.8975,7.1856,16.70,21,,5,,,,,,,
e685cdbb-1691-4f4a-accd-3b49d3a0611c,BAPS USPSA February,2019-02-16,2,Orange,B7AFE344-5347-42F1-982C-EAE2C1280A82,BJ Burton,7,87.40,1,100.00,Open,,A86420,MAJOR,,130.0000,113.6199,7.1057,17.31,21,,4,1,,,,,,
e685cdbb-1691-4f4a-accd-3b49d3a0611c,BAPS USPSA February,2019-02-16,2,Orange,B7AFE344-5347-42F1-982C-EAE2C1280A82,Scott Reeh,8,84.53,4,88.28,Carry Optics,,A91497,MINOR,,114.7673,109.8830,6.8720,16.88,19,,7,,,,,,,
e685cdbb-1691-4f4a-accd-3b49d3a0611c,BAPS USPSA February,2019-02-16,2,Orange,B7AFE344-5347-42F1-982C-EAE2C1280A82,Derek Rabuck,9,82.92,3,82.92,PCC,B,A91331,MINOR,,107.7979,107.7979,6.7416,17.80,21,,5,,,,,,,
e685cdbb-1691-4f4a-accd-3b49d3a0611c,BAPS USPSA February,2019-02-16,2,Orange,B7AFE344-5347-42F1-982C-EAE2C1280A82,Steven Mcnamara,10,81.91,2,93.72,Open,B,A75212,MAJOR,,121.8349,106.4836,6.6594,18.47,19,,7,,,,,,,
e685cdbb-1691-4f4a-accd-3b49d3a0611c,BAPS USPSA February,2019-02-16,2,Orange,B7AFE344-5347-42F1-982C-EAE2C1280A82,Randy Goodney,11,81.30,3,93.02,Open,A,A94852,MAJOR,,120.9274,105.6905,6.6098,18.76,20,,6,,,,,,,
e685cdbb-1691-4f4a-accd-3b49d3a0611c,BAPS USPSA February,2019-02-16,2,Orange,B7AFE344-5347-42F1-982C-EAE2C1280A82,Mike Junco,12,79.90,1,100.00,Production,A,FY107182,MINOR,,130.0000,103.8660,6.4957,17.55,18,,8,,,,,,,
e685cdbb-1691-4f4a-accd-3b49d3a0611c,BAPS USPSA February,2019-02-16,2,Orange,B7AFE344-5347-42F1-982C-EAE2C1280A82,Raimon Alfonso,13,79.21,2,80.03,Limited,B,A37103,MAJOR,,104.0394,102.9722,6.4398,19.10,19,,7,,,,,,,
e685cdbb-1691-4f4a-accd-3b49d3a0611c,BAPS USPSA February,2019-02-16,2,Orange,B7AFE344-5347-42F1-982C-EAE2C1280A82,Garry Newton,14,79.10,4,79.10,PCC,B,TY79434,MINOR,Super Senior,102.8299,102.8299,6.4309,18.66,21,,5,,,,,,,
e685cdbb-1691-4f4a-accd-3b49d3a0611c,BAPS USPSA February,2019-02-16,2,Orange,B7AFE344-5347-42F1-982C-EAE2C1280A82,Michael Pontious,15,76.28,4,87.28,Open,U,TY94575,MAJOR,,113.4593,99.1634,6.2016,19.35,18,,7,1,,,,,,
e685cdbb-1691-4f4a-accd-3b49d3a0611c,BAPS USPSA February,2019-02-16,2,Orange,B7AFE344-5347-42F1-982C-EAE2C1280A82,Kyle Post,16,75.79,2,94.86,Production,A,A74846,MINOR,,123.3196,98.5286,6.1619,19.15,20,,6,,,,,,,
e685cdbb-1691-4f4a-accd-3b49d3a0611c,BAPS USPSA February,2019-02-16,2,Orange,B7AFE344-5347-42F1-982C-EAE2C1280A82,Eddie Jimenea,17,75.66,5,86.57,Open,M,A14869,MAJOR,,112.5446,98.3639,6.1516,20.32,21,,5,,,,,,,
e685cdbb-1691-4f4a-accd-3b49d3a0611c,BAPS USPSA February,2019-02-16,2,Orange,B7AFE344-5347-42F1-982C-EAE2C1280A82,Ricky Wiley,18,74.71,5,78.03,Carry Optics,U,A91320,MINOR,,101.4334,97.1166,6.0736,16.30,17,,8,,1,,,,,
e685cdbb-1691-4f4a-accd-3b49d3a0611c,BAPS USPSA February,2019-02-16,2,Orange,B7AFE344-5347-42F1-982C-EAE2C1280A82,Jon Baguio,19,74.16,3,74.93,Limited,U,PENDING,MINOR,,97.4043,96.4051,6.0291,19.24,19,,7,,,,,,,
e685cdbb-1691-4f4a-accd-3b49d3a0611c,BAPS USPSA February,2019-02-16,2,Orange,B7AFE344-5347-42F1-982C-EAE2C1280A82,Nathan Peterson,20,73.68,3,92.22,Production,U,A111101,MINOR,,119.8893,95.7879,5.9905,19.03,18,,8,,,,,,,
e685cdbb-1691-4f4a-accd-3b49d3a0611c,BAPS USPSA February,2019-02-16,2,Orange,B7AFE344-5347-42F1-982C-EAE2C1280A82,Matt Lem,21,73.57,4,92.08,Production,A,TY34763,MINOR,,119.7072,95.6424,5.9814,17.22,20,,4,1,1,,,,,
e685cdbb-1691-4f4a-accd-3b49d3a0611c,BAPS USPSA February,2019-02-16,2,Orange,B7AFE344-5347-42F1-982C-EAE2C1280A82,Chris Peterson,22,73.35,5,91.80,Production,none,,MINOR,,119.3409,95.3497,5.9631,21.13,24,,2,,,,,,,
e685cdbb-1691-4f4a-accd-3b49d3a0611c,BAPS USPSA February,2019-02-16,2,Orange,B7AFE344-5347-42F1-982C-EAE2C1280A82,John Nixon,23,73.26,6,83.82,Open,A,A40007,MAJOR,,108.9624,95.2330,5.9558,20.82,22,,3,1,,,,,,
e685cdbb-1691-4f4a-accd-3b49d3a0611c,BAPS USPSA February,2019-02-16,2,Orange,B7AFE344-5347-42F1-982C-EAE2C1280A82,Jing Bedro,24,73.12,5,73.12,PCC,U,A98263,MINOR,,95.0523,95.0523,5.9445,15.14,19,,5,,2,,,,,
e685cdbb-1691-4f4a-accd-3b49d3a0611c,BAPS USPSA February,2019-02-16,2,Orange,B7AFE344-5347-42F1-982C-EAE2C1280A82,Brandon Hill,25,70.47,6,88.20,Production,M,TY80518,MINOR,,114.6639,91.6129,5.7294,22.69,26,,,,,,,,,
e685cdbb-1691-4f4a-accd-3b49d3a0611c,BAPS USPSA February,2019-02-16,2,Orange,B7AFE344-5347-42F1-982C-EAE2C1280A82,JAY-R DELOS-SANTOS,26,70.25,6,73.37,Carry Optics,C,A70297,MINOR,,95.3861,91.3267,5.7115,20.66,20,,6,,,,,,,
e685cdbb-1691-4f4a-accd-3b49d3a0611c,BAPS USPSA February,2019-02-16,2,Orange,B7AFE344-5347-42F1-982C-EAE2C1280A82,Duane Mendoza,27,70.22,7,87.88,Production,U,TY98162,MINOR,,114.2496,91.2819,5.7087,20.32,20,,5,1,,,,,,
e685cdbb-1691-4f4a-accd-3b49d3a0611c,BAPS USPSA February,2019-02-16,2,Orange,B7AFE344-5347-42F1-982C-EAE2C1280A82,Gary Wu,28,70.07,4,70.79,Limited,B,L2998,MAJOR,,92.0309,91.0868,5.6965,20.89,17,,8,1,,,,,,
e685cdbb-1691-4f4a-accd-3b49d3a0611c,BAPS USPSA February,2019-02-16,2,Orange,B7AFE344-5347-42F1-982C-EAE2C1280A82,Jay Bennett,29,69.84,6,69.84,PCC,A,A77156,MINOR,Senior,90.7974,90.7974,5.6784,16.73,15,,10,,1,,,,,
e685cdbb-1691-4f4a-accd-3b49d3a0611c,BAPS USPSA February,2019-02-16,2,Orange,B7AFE344-5347-42F1-982C-EAE2C1280A82,Dave Campbell,30,69.64,7,79.67,Open,A,TY26527,MAJOR,Senior,103.5763,90.5256,5.6614,18.90,19,,5,1,1,,,,,
e685cdbb-1691-4f4a-accd-3b49d3a0611c,BAPS USPSA February,2019-02-16,2,Orange,B7AFE344-5347-42F1-982C-EAE2C1280A82,Anthony Smallwood,31,69.31,8,79.31,Open,C,A94508,MAJOR,,103.0970,90.1066,5.6352,19.52,18,,7,1,,,1,,,
e685cdbb-1691-4f4a-accd-3b49d3a0611c,BAPS USPSA February,2019-02-16,2,Orange,B7AFE344-5347-42F1-982C-EAE2C1280A82,Mike Kahl,32,68.43,8,85.64,Production,B,A70984,MINOR,Super Senior,111.3377,88.9554,5.5632,21.93,23,,2,1,,,,,,
e685cdbb-1691-4f4a-accd-3b49d3a0611c,BAPS USPSA February,2019-02-16,2,Orange,B7AFE344-5347-42F1-982C-EAE2C1280A82,Jerry McClain,33,68.02,5,68.73,Limited,B,TY48726,MAJOR,,89.3442,88.4277,5.5302,19.71,21,,3,1,1,,,,,
e685cdbb-1691-4f4a-accd-3b49d3a0611c,BAPS USPSA February,2019-02-16,2,Orange,B7AFE344-5347-42F1-982C-EAE2C1280A82,Tom Donahue,34,65.89,7,65.89,PCC,B,FY69009,MINOR,,85.6598,85.6598,5.3571,22.40,21,,5,,,,,,,
e685cdbb-1691-4f4a-accd-3b49d3a0611c,BAPS USPSA February,2019-02-16,2,Orange,B7AFE344-5347-42F1-982C-EAE2C1280A82,Gary Owens,35,65.42,9,74.85,Open,C,FY101331,MAJOR,,97.3065,85.0458,5.3187,22.75,21,,3,2,,,,,,
e685cdbb-1691-4f4a-accd-3b49d3a0611c,BAPS USPSA February,2019-02-16,2,Orange,B7AFE344-5347-42F1-982C-EAE2C1280A82,Danny Naramore,36,65.40,8,65.40,PCC,B,TY96553,MINOR,,85.0218,85.0218,5.3172,21.44,18,,8,,,,,,,
e685cdbb-1691-4f4a-accd-3b49d3a0611c,BAPS USPSA February,2019-02-16,2,Orange,B7AFE344-5347-42F1-982C-EAE2C1280A82,Richard Dillow,37,65.39,9,65.39,PCC,C,FY57446,MINOR,Senior,85.0106,85.0106,5.3165,23.70,24,,2,,,,,,,
e685cdbb-1691-4f4a-accd-3b49d3a0611c,BAPS USPSA February,2019-02-16,2,Orange,B7AFE344-5347-42F1-982C-EAE2C1280A82,Dave Eickhoff,38,65.30,7,68.20,Carry Optics,C,TY5063,MINOR,,88.6641,84.8907,5.3090,22.98,22,,4,,,,,,,
e685cdbb-1691-4f4a-accd-3b49d3a0611c,BAPS USPSA February,2019-02-16,2,Orange,B7AFE344-5347-42F1-982C-EAE2C1280A82,Bob Zweck,39,65.08,10,74.46,Open,B,A94853,MAJOR,,96.8034,84.6061,5.2912,24.38,25,,1,,,,,,,
e685cdbb-1691-4f4a-accd-3b49d3a0611c,BAPS USPSA February,2019-02-16,2,Orange,B7AFE344-5347-42F1-982C-EAE2C1280A82,Herman Waddy,40,65.01,9,81.36,Production,C,A101165,MINOR,,105.7740,84.5102,5.2852,23.84,24,,2,,,,,,,
e685cdbb-1691-4f4a-accd-3b49d3a0611c,BAPS USPSA February,2019-02-16,2,Orange,B7AFE344-5347-42F1-982C-EAE2C1280A82,Robert Hollier,41,64.63,10,80.89,Production,U,FY24941,MINOR,Senior,105.1576,84.0177,5.2544,23.98,24,,2,,,,,,,
e685cdbb-1691-4f4a-accd-3b49d3a0611c,BAPS USPSA February,2019-02-16,2,Orange,B7AFE344-5347-42F1-982C-EAE2C1280A82,Jonathan Warrender,42,64.54,1,100.00,Single Stack,,TY86145,MAJOR,Military,130.0000,83.8977,5.2469,22.68,19,,5,2,,,,,,
e685cdbb-1691-4f4a-accd-3b49d3a0611c,BAPS USPSA February,2019-02-16,2,Orange,B7AFE344-5347-42F1-982C-EAE2C1280A82,Mike Wilson,43,64.50,10,64.50,PCC,C,TY84396,MINOR,Super Senior,83.8482,83.8482,5.2438,24.41,25,,1,,,,,,,
e685cdbb-1691-4f4a-accd-3b49d3a0611c,BAPS USPSA February,2019-02-16,2,Orange,B7AFE344-5347-42F1-982C-EAE2C1280A82,Tom Neal,44,62.24,11,71.21,Open,,L2362,MAJOR,,92.5772,80.9124,5.0602,24.90,22,,4,,,,,,,
e685cdbb-1691-4f4a-accd-3b49d3a0611c,BAPS USPSA February,2019-02-16,2,Orange,B7AFE344-5347-42F1-982C-EAE2C1280A82,Albert Calderon,45,62.07,12,71.02,Open,B,A74722,MAJOR,,92.3284,80.6949,5.0466,23.58,21,,2,3,,,,,,
e685cdbb-1691-4f4a-accd-3b49d3a0611c,BAPS USPSA February,2019-02-16,2,Orange,B7AFE344-5347-42F1-982C-EAE2C1280A82,Mark Perretto,46,61.53,11,77.01,Production,,,MINOR,,100.1142,79.9882,5.0024,20.79,16,,7,3,,,,,,
e685cdbb-1691-4f4a-accd-3b49d3a0611c,BAPS USPSA February,2019-02-16,2,Orange,B7AFE344-5347-42F1-982C-EAE2C1280A82,Pat Byrne,47,60.87,2,94.32,Single Stack,,FY93921,MAJOR,,122.6166,79.1327,4.9489,25.46,22,,4,,,,,,,
e685cdbb-1691-4f4a-accd-3b49d3a0611c,BAPS USPSA February,2019-02-16,2,Orange,B7AFE344-5347-42F1-982C-EAE2C1280A82,Jim Duncan,48,60.69,12,75.97,Production,,TY33325,MINOR,Senior,98.7553,78.9025,4.9345,25.94,25,,1,,,,,,,
e685cdbb-1691-4f4a-accd-3b49d3a0611c,BAPS USPSA February,2019-02-16,2,Orange,B7AFE344-5347-42F1-982C-EAE2C1280A82,Arnold Gee,49,60.28,13,68.97,Open,,A103519,MAJOR,,89.6646,78.3668,4.9010,20.20,21,,3,1,1,,1,,,
e685cdbb-1691-4f4a-accd-3b49d3a0611c,BAPS USPSA February,2019-02-16,2,Orange,B7AFE344-5347-42F1-982C-EAE2C1280A82,Corey Slifko,50,60.08,6,60.70,Limited,A,A82935,MAJOR,,78.9157,78.1062,4.8847,22.11,20,,4,1,1,,,,,
e685cdbb-1691-4f4a-accd-3b49d3a0611c,BAPS USPSA February,2019-02-16,2,Orange,B7AFE344-5347-42F1-982C-EAE2C1280A82,Paul Torre,51,59.78,13,74.82,Production,U,TY88028,MINOR,,97.2703,77.7160,4.8603,24.69,21,,5,,,,,,,
e685cdbb-1691-4f4a-accd-3b49d3a0611c,BAPS USPSA February,2019-02-16,2,Orange,B7AFE344-5347-42F1-982C-EAE2C1280A82,Glenn Cunningham,52,59.34,11,59.34,PCC,U,A78280,MINOR,,77.1356,77.1356,4.8240,25.29,22,,4,,,,,,,
e685cdbb-1691-4f4a-accd-3b49d3a0611c,BAPS USPSA February,2019-02-16,2,Orange,B7AFE344-5347-42F1-982C-EAE2C1280A82,Kit Hoog,53,58.76,14,73.55,Production,,,MINOR,,95.6113,76.3905,4.7774,18.42,18,,6,,2,,,,,
e685cdbb-1691-4f4a-accd-3b49d3a0611c,BAPS USPSA February,2019-02-16,2,Orange,B7AFE344-5347-42F1-982C-EAE2C1280A82,Gary Ashorn,54,57.42,7,58.02,Limited,U,A98048,MINOR,Senior,75.4196,74.6459,4.6683,24.42,18,,8,,,,,,,
e685cdbb-1691-4f4a-accd-3b49d3a0611c,BAPS USPSA February,2019-02-16,2,Orange,B7AFE344-5347-42F1-982C-EAE2C1280A82,Andrew Whitley,55,56.98,8,57.57,Limited,,TY106649,MINOR,,74.8380,74.0703,4.6323,24.61,18,,8,,,,,,,
e685cdbb-1691-4f4a-accd-3b49d3a0611c,BAPS USPSA February,2019-02-16,2,Orange,B7AFE344-5347-42F1-982C-EAE2C1280A82,Angela Rabuck,56,56.81,9,57.40,Limited,C,A91275,MINOR,Lady,74.6215,73.8560,4.6189,25.98,23,,1,2,,,,,,
e685cdbb-1691-4f4a-accd-3b49d3a0611c,BAPS USPSA February,2019-02-16,2,Orange,B7AFE344-5347-42F1-982C-EAE2C1280A82,Stefan Liming,57,56.29,8,58.79,Carry Optics,none,A71566,MINOR,,76.4275,73.1749,4.5763,27.97,25,,1,,,,,,,
e685cdbb-1691-4f4a-accd-3b49d3a0611c,BAPS USPSA February,2019-02-16,2,Orange,B7AFE344-5347-42F1-982C-EAE2C1280A82,Marlon Poralan,58,53.86,9,56.25,Carry Optics,D,PEN,MINOR,,73.1257,70.0137,4.3786,23.98,21,,3,1,1,,,,,
e685cdbb-1691-4f4a-accd-3b49d3a0611c,BAPS USPSA February,2019-02-16,2,Orange,B7AFE344-5347-42F1-982C-EAE2C1280A82,Chris Zak,59,53.75,15,67.27,Production,U,L4616,MINOR,,87.4539,69.8729,4.3698,21.74,16,,8,1,1,,,,,
e685cdbb-1691-4f4a-accd-3b49d3a0611c,BAPS USPSA February,2019-02-16,2,Orange,B7AFE344-5347-42F1-982C-EAE2C1280A82,Rick Emde,60,50.51,14,57.80,Open,B,TY69327,MAJOR,,75.1346,65.6676,4.1068,29.95,21,,4,1,,,,,,
e685cdbb-1691-4f4a-accd-3b49d3a0611c,BAPS USPSA February,2019-02-16,2,Orange,B7AFE344-5347-42F1-982C-EAE2C1280A82,Ashley West-Sullivan,61,49.65,16,62.14,Production,C,TY92392,MINOR,Lady,80.7774,64.5387,4.0362,28.74,19,,7,,,,,,,
e685cdbb-1691-4f4a-accd-3b49d3a0611c,BAPS USPSA February,2019-02-16,2,Orange,B7AFE344-5347-42F1-982C-EAE2C1280A82,Travis Edwards,62,48.60,10,49.10,Limited,D,A107004,MAJOR,,63.8360,63.1811,3.9513,27.08,13,,8,5,,,,,,
e685cdbb-1691-4f4a-accd-3b49d3a0611c,BAPS USPSA February,2019-02-16,2,Orange,B7AFE344-5347-42F1-982C-EAE2C1280A82,Emanuel Alcoseba,63,47.23,11,47.72,Limited,C,TY67519,MINOR,,62.0330,61.3967,3.8397,29.69,19,,6,1,,,,,,
e685cdbb-1691-4f4a-accd-3b49d3a0611c,BAPS USPSA February,2019-02-16,2,Orange,B7AFE344-5347-42F1-982C-EAE2C1280A82,Ryan Alicaya,64,46.34,10,48.40,Carry Optics,U,,MINOR,,62.9249,60.2470,3.7678,32.38,22,,4,,,,,,,
e685cdbb-1691-4f4a-accd-3b49d3a0611c,BAPS USPSA February,2019-02-16,2,Orange,B7AFE344-5347-42F1-982C-EAE2C1280A82,Sid Kulcak,65,45.98,12,45.98,PCC,U,A57537,MINOR,,59.7753,59.7753,3.7383,32.10,21,,5,,,,,,,
e685cdbb-1691-4f4a-accd-3b49d3a0611c,BAPS USPSA February,2019-02-16,2,Orange,B7AFE344-5347-42F1-982C-EAE2C1280A82,Bill Kinstley,66,44.26,12,44.72,Limited,C,A104836,MAJOR,,58.1298,57.5335,3.5981,29.46,16,,9,,1,,,,,
e685cdbb-1691-4f4a-accd-3b49d3a0611c,BAPS USPSA February,2019-02-16,2,Orange,B7AFE344-5347-42F1-982C-EAE2C1280A82,James Richardson,67,43.26,13,43.71,Limited,U,A103934,MAJOR,,56.8196,56.2367,3.5170,34.12,20,,4,2,,,,,,
e685cdbb-1691-4f4a-accd-3b49d3a0611c,BAPS USPSA February,2019-02-16,2,Orange,B7AFE344-5347-42F1-982C-EAE2C1280A82,Chris Nagala,68,42.24,17,52.87,Production,U,TY97712,MINOR,,68.7255,54.9095,3.4340,26.50,14,,10,1,1,,,,,
e685cdbb-1691-4f4a-accd-3b49d3a0611c,BAPS USPSA February,2019-02-16,2,Orange,B7AFE344-5347-42F1-982C-EAE2C1280A82,Mitchell Ivey,69,40.59,15,46.44,Open,,A116953,MAJOR,,60.3777,52.7701,3.3002,37.27,21,,4,1,,,,,,
e685cdbb-1691-4f4a-accd-3b49d3a0611c,BAPS USPSA February,2019-02-16,2,Orange,B7AFE344-5347-42F1-982C-EAE2C1280A82,Covan Master,70,40.23,13,40.23,PCC,U,A111536,MINOR,,52.3032,52.3032,3.2710,17.12,15,,6,3,2,,1,1,,
e685cdbb-1691-4f4a-accd-3b49d3a0611c,BAPS USPSA February,2019-02-16,2,Orange,B7AFE344-5347-42F1-982C-EAE2C1280A82,Albert Molina,71,39.60,16,45.31,Open,U,A107586,MAJOR,,58.8976,51.4765,3.2193,39.45,23,,3,,,,,,,
e685cdbb-1691-4f4a-accd-3b49d3a0611c,BAPS USPSA February,2019-02-16,2,Orange,B7AFE344-5347-42F1-982C-EAE2C1280A82,Jerry Dueitt,72,38.22,3,59.22,Single Stack,D,,MINOR,,76.9807,49.6808,3.1070,31.22,19,,3,3,1,,,,,
e685cdbb-1691-4f4a-accd-3b49d3a0611c,BAPS USPSA February,2019-02-16,2,Orange,B7AFE344-5347-42F1-982C-EAE2C1280A82,Jen Kroll,73,37.82,18,47.33,Production,C,A93835,MINOR,,61.5327,49.1627,3.0746,33.50,19,,6,,1,,,,,
e685cdbb-1691-4f4a-accd-3b49d3a0611c,BAPS USPSA February,2019-02-16,2,Orange,B7AFE344-5347-42F1-982C-EAE2C1280A82,Adam Post,74,31.54,4,48.87,Single Stack,C,,MINOR,,63.5295,40.9999,2.5641,27.30,14,,10,,2,,1,,,
e685cdbb-1691-4f4a-accd-3b49d3a0611c,BAPS USPSA February,2019-02-16,2,Orange,B7AFE344-5347-42F1-982C-EAE2C1280A82,Bill Hunter,75,30.26,14,30.58,Limited,C,A13721,MAJOR,Super Senior,39.7511,39.3433,2.4605,27.23,13,,6,4,3,,,,,
e685cdbb-1691-4f4a-accd-3b49d3a0611c,BAPS USPSA February,2019-02-16,2,Orange,B7AFE344-5347-42F1-982C-EAE2C1280A82,Quang Vu,76,30.13,15,30.44,Limited,,,MINOR,,39.5734,39.1674,2.4495,23.27,15,,7,1,3,,,1,,
e685cdbb-1691-4f4a-accd-3b49d3a0611c,BAPS USPSA February,2019-02-16,2,Orange,B7AFE344-5347-42F1-982C-EAE2C1280A82,Ronald Potier,77,26.56,11,27.75,Carry Optics,U,TY113089,MINOR,,36.0685,34.5335,2.1597,44.45,13,,9,4,,,,,,
e685cdbb-1691-4f4a-accd-3b49d3a0611c,BAPS USPSA February,2019-02-16,2,Orange,B7AFE344-5347-42F1-982C-EAE2C1280A82,Beth Riedel,78,19.55,19,24.47,Production,,,MINOR,,31.8150,25.4192,1.5897,59.76,18,,4,3,1,,,,,
e685cdbb-1691-4f4a-accd-3b49d3a0611c,BAPS USPSA February,2019-02-16,2,Orange,B7AFE344-5347-42F1-982C-EAE2C1280A82,William Clark,79,18.12,16,18.30,Limited,,,MINOR,,23.7941,23.5500,1.4728,32.59,12,,9,1,4,,,,,
e685cdbb-1691-4f4a-accd-3b49d3a0611c,BAPS USPSA February,2019-02-16,2,Orange,B7AFE344-5347-42F1-982C-EAE2C1280A82,Jean Richardson,80,17.64,17,17.82,Limited,U,A103935,MINOR,,23.1640,22.9264,1.4338,41.15,13,,7,3,3,,,,,
e685cdbb-1691-4f4a-accd-3b49d3a0611c,BAPS USPSA February,2019-02-16,2,Orange,B7AFE344-5347-42F1-982C-EAE2C1280A82,Robert Acaron,81,15.05,18,15.20,Limited,,,MINOR,,19.7616,19.5589,1.2232,26.16,10,,10,2,4,,,1,,
e685cdbb-1691-4f4a-accd-3b49d3a0611c,BAPS USPSA February,2019-02-16,2,Orange,B7AFE344-5347-42F1-982C-EAE2C1280A82,August Balagtas,82,0.00,17,0.00,Open,,L3674,MAJOR,,0.0000,0.0000,,,,,,,,,,,,
e685cdbb-1691-4f4a-accd-3b49d3a0611c,BAPS USPSA February,2019-02-16,3,Yellow,488F5C58-5158-41C6-8480-DF1E7115D124,Corey Slifko,1,100.00,1,100.00,Limited,A,A82935,MAJOR,,100.0000,100.0000,6.8713,13.68,16,,3,1,,,,,,
e685cdbb-1691-4f4a-accd-3b49d3a0611c,BAPS USPSA February,2019-02-16,3,Yellow,488F5C58-5158-41C6-8480-DF1E7115D124,Daniel Thompson,2,98.45,1,100.00,Carry Optics,B,TY93931,MINOR,,100.0000,98.4486,6.7647,13.60,16,,4,,,,,,,
e685cdbb-1691-4f4a-accd-3b49d3a0611c,BAPS USPSA February,2019-02-16,3,Yellow,488F5C58-5158-41C6-8480-DF1E7115D124,Wade Pruetz,3,97.84,1,100.00,PCC,M,TY79055,MINOR,,100.0000,97.8374,6.7227,14.28,19,,,1,,,,,,
e685cdbb-1691-4f4a-accd-3b49d3a0611c,BAPS USPSA February,2019-02-16,3,Yellow,488F5C58-5158-41C6-8480-DF1E7115D124,Scott Reeh,4,89.22,2,90.63,Carry Optics,,A91497,MINOR,,90.6293,89.2233,6.1308,14.68,16,,3,1,,,,,,
e685cdbb-1691-4f4a-accd-3b49d3a0611c,BAPS USPSA February,2019-02-16,3,Yellow,488F5C58-5158-41C6-8480-DF1E7115D124,Bob Zweck,5,88.23,1,100.00,Open,B,A94853,MAJOR,,100.0000,88.2308,6.0626,15.34,13,,7,,,,,,,
e685cdbb-1691-4f4a-accd-3b49d3a0611c,BAPS USPSA February,2019-02-16,3,Yellow,488F5C58-5158-41C6-8480-DF1E7115D124,August Balagtas,6,84.20,2,95.43,Open,,L3674,MAJOR,,95.4327,84.2010,5.7857,14.00,15,,4,,1,,,,,
e685cdbb-1691-4f4a-accd-3b49d3a0611c,BAPS USPSA February,2019-02-16,3,Yellow,488F5C58-5158-41C6-8480-DF1E7115D124,Gary Owens,7,84.00,3,95.20,Open,C,FY101331,MAJOR,,95.2001,83.9958,5.7716,16.46,15,,5,,,,,,,
e685cdbb-1691-4f4a-accd-3b49d3a0611c,BAPS USPSA February,2019-02-16,3,Yellow,488F5C58-5158-41C6-8480-DF1E7115D124,Tony Phan,8,83.62,3,84.94,Carry Optics,A,FY11963,MINOR,,84.9365,83.6188,5.7457,16.36,17,,3,,,,,,,
e685cdbb-1691-4f4a-accd-3b49d3a0611c,BAPS USPSA February,2019-02-16,3,Yellow,488F5C58-5158-41C6-8480-DF1E7115D124,Ricky Wiley,9,83.00,4,84.31,Carry Optics,U,A91320,MINOR,,84.3082,83.0003,5.7032,15.43,14,,6,,,,,,,
e685cdbb-1691-4f4a-accd-3b49d3a0611c,BAPS USPSA February,2019-02-16,3,Yellow,488F5C58-5158-41C6-8480-DF1E7115D124,Eddie Jimenea,10,82.00,4,92.94,Open,M,A14869,MAJOR,,92.9403,82.0020,5.6346,16.86,17,,2,1,,,,,,
e685cdbb-1691-4f4a-accd-3b49d3a0611c,BAPS USPSA February,2019-02-16,3,Yellow,488F5C58-5158-41C6-8480-DF1E7115D124,Derek Rabuck,11,81.46,2,83.26,PCC,B,A91331,MINOR,,83.2597,81.4591,5.5973,14.65,14,,3,3,,,,,,
e685cdbb-1691-4f4a-accd-3b49d3a0611c,BAPS USPSA February,2019-02-16,3,Yellow,488F5C58-5158-41C6-8480-DF1E7115D124,Brandon Hill,12,79.23,1,100.00,Production,M,TY80518,MINOR,,100.0000,79.2252,5.4438,16.90,16,,4,,,,,,,
e685cdbb-1691-4f4a-accd-3b49d3a0611c,BAPS USPSA February,2019-02-16,3,Yellow,488F5C58-5158-41C6-8480-DF1E7115D124,Randy Goodney,13,79.03,5,89.57,Open,A,A94852,MAJOR,,89.5721,79.0302,5.4304,17.31,16,,3,1,,,,,,
e685cdbb-1691-4f4a-accd-3b49d3a0611c,BAPS USPSA February,2019-02-16,3,Yellow,488F5C58-5158-41C6-8480-DF1E7115D124,Jing Bedro,14,77.92,3,79.64,PCC,U,A98263,MINOR,,79.6406,77.9183,5.3540,16.81,17,,1,2,,,,,,
e685cdbb-1691-4f4a-accd-3b49d3a0611c,BAPS USPSA February,2019-02-16,3,Yellow,488F5C58-5158-41C6-8480-DF1E7115D124,Garry Newton,15,77.84,4,79.56,PCC,B,TY79434,MINOR,Super Senior,79.5633,77.8426,5.3488,17.20,17,,2,1,,,,,,
e685cdbb-1691-4f4a-accd-3b49d3a0611c,BAPS USPSA February,2019-02-16,3,Yellow,488F5C58-5158-41C6-8480-DF1E7115D124,Chris Peterson,16,75.94,2,95.86,Production,none,,MINOR,,95.8577,75.9434,5.2183,18.78,19,,1,,,,,,,
e685cdbb-1691-4f4a-accd-3b49d3a0611c,BAPS USPSA February,2019-02-16,3,Yellow,488F5C58-5158-41C6-8480-DF1E7115D124,Chev Jacot,17,75.23,5,76.89,PCC,B,a72378,MINOR,,76.8947,75.2318,5.1694,17.41,16,,3,1,,,,,,
e685cdbb-1691-4f4a-accd-3b49d3a0611c,BAPS USPSA February,2019-02-16,3,Yellow,488F5C58-5158-41C6-8480-DF1E7115D124,Kit Hoog,18,75.16,3,94.87,Production,,,MINOR,,94.8749,75.1648,5.1648,18.20,17,,3,,,,,,,
e685cdbb-1691-4f4a-accd-3b49d3a0611c,BAPS USPSA February,2019-02-16,3,Yellow,488F5C58-5158-41C6-8480-DF1E7115D124,Jen Kroll,19,75.07,4,94.76,Production,C,A93835,MINOR,,94.7592,75.0731,5.1585,18.61,18,,2,,,,,,,
e685cdbb-1691-4f4a-accd-3b49d3a0611c,BAPS USPSA February,2019-02-16,3,Yellow,488F5C58-5158-41C6-8480-DF1E7115D124,Mike Junco,20,74.06,5,93.48,Production,A,FY107182,MINOR,,93.4788,74.0588,5.0888,16.90,14,,5,1,,,,,,
e685cdbb-1691-4f4a-accd-3b49d3a0611c,BAPS USPSA February,2019-02-16,3,Yellow,488F5C58-5158-41C6-8480-DF1E7115D124,Steven Mcnamara,21,73.46,6,83.26,Open,B,A75212,MAJOR,,83.2630,73.4635,5.0479,15.65,13,,6,,1,,,,,
e685cdbb-1691-4f4a-accd-3b49d3a0611c,BAPS USPSA February,2019-02-16,3,Yellow,488F5C58-5158-41C6-8480-DF1E7115D124,Paul Felker,22,73.21,5,74.37,Carry Optics,B,TY107123,MINOR,,74.3669,73.2132,5.0307,16.30,13,,5,2,,,,,,
e685cdbb-1691-4f4a-accd-3b49d3a0611c,BAPS USPSA February,2019-02-16,3,Yellow,488F5C58-5158-41C6-8480-DF1E7115D124,Matt Lem,23,73.16,6,92.34,Production,A,TY34763,MINOR,,92.3381,73.1550,5.0267,18.70,18,,1,1,,,,,,
e685cdbb-1691-4f4a-accd-3b49d3a0611c,BAPS USPSA February,2019-02-16,3,Yellow,488F5C58-5158-41C6-8480-DF1E7115D124,Andrew Whitley,24,70.77,2,70.77,Limited,,TY106649,MINOR,,70.7668,70.7668,4.8626,18.92,16,,4,,,,,,,
e685cdbb-1691-4f4a-accd-3b49d3a0611c,BAPS USPSA February,2019-02-16,3,Yellow,488F5C58-5158-41C6-8480-DF1E7115D124,Jerry McClain,25,70.49,3,70.49,Limited,B,TY48726,MAJOR,,70.4918,70.4918,4.8437,16.31,13,,6,,1,,,,,
e685cdbb-1691-4f4a-accd-3b49d3a0611c,BAPS USPSA February,2019-02-16,3,Yellow,488F5C58-5158-41C6-8480-DF1E7115D124,Mike Wilson,26,70.26,6,71.81,PCC,C,TY84396,MINOR,Super Senior,71.8104,70.2574,4.8276,20.30,19,,1,,,,,,,
e685cdbb-1691-4f4a-accd-3b49d3a0611c,BAPS USPSA February,2019-02-16,3,Yellow,488F5C58-5158-41C6-8480-DF1E7115D124,John Nixon,27,69.26,7,78.50,Open,A,A40007,MAJOR,,78.4993,69.2605,4.7591,16.81,14,,5,,1,,,,,
e685cdbb-1691-4f4a-accd-3b49d3a0611c,BAPS USPSA February,2019-02-16,3,Yellow,488F5C58-5158-41C6-8480-DF1E7115D124,Ashley West-Sullivan,28,68.74,7,86.77,Production,C,TY92392,MINOR,Lady,86.7703,68.7439,4.7236,18.63,15,,4,1,,,,,,
e685cdbb-1691-4f4a-accd-3b49d3a0611c,BAPS USPSA February,2019-02-16,3,Yellow,488F5C58-5158-41C6-8480-DF1E7115D124,BJ Burton,29,67.37,8,76.36,Open,,A86420,MAJOR,,76.3550,67.3686,4.6291,16.85,14,,4,1,1,,,,,
e685cdbb-1691-4f4a-accd-3b49d3a0611c,BAPS USPSA February,2019-02-16,3,Yellow,488F5C58-5158-41C6-8480-DF1E7115D124,Jason Brinkley,30,67.14,4,67.14,Limited,,A61861,MAJOR,,67.1416,67.1416,4.6135,16.69,11,,8,,1,,,,,
e685cdbb-1691-4f4a-accd-3b49d3a0611c,BAPS USPSA February,2019-02-16,3,Yellow,488F5C58-5158-41C6-8480-DF1E7115D124,Raimon Alfonso,31,66.54,5,66.54,Limited,B,A37103,MAJOR,,66.5391,66.5391,4.5721,17.06,14,,4,1,1,,,,,
e685cdbb-1691-4f4a-accd-3b49d3a0611c,BAPS USPSA February,2019-02-16,3,Yellow,488F5C58-5158-41C6-8480-DF1E7115D124,Mark Perretto,32,66.38,8,83.79,Production,,,MINOR,,83.7871,66.3805,4.5612,17.32,16,,3,,1,,,,,
e685cdbb-1691-4f4a-accd-3b49d3a0611c,BAPS USPSA February,2019-02-16,3,Yellow,488F5C58-5158-41C6-8480-DF1E7115D124,Anthony Smallwood,33,66.15,9,74.98,Open,C,A94508,MAJOR,,74.9761,66.1520,4.5455,17.16,14,,4,1,1,,,,,
e685cdbb-1691-4f4a-accd-3b49d3a0611c,BAPS USPSA February,2019-02-16,3,Yellow,488F5C58-5158-41C6-8480-DF1E7115D124,Dave Eickhoff,34,66.09,6,67.13,Carry Optics,C,TY5063,MINOR,,67.1294,66.0879,4.5411,20.70,17,,3,,,,,,,
e685cdbb-1691-4f4a-accd-3b49d3a0611c,BAPS USPSA February,2019-02-16,3,Yellow,488F5C58-5158-41C6-8480-DF1E7115D124,Jim Duncan,35,65.90,9,83.18,Production,,TY33325,MINOR,Senior,83.1754,65.8958,4.5279,20.76,17,,3,,,,,,,
e685cdbb-1691-4f4a-accd-3b49d3a0611c,BAPS USPSA February,2019-02-16,3,Yellow,488F5C58-5158-41C6-8480-DF1E7115D124,Jay Bennett,36,65.55,7,67.00,PCC,A,A77156,MINOR,Senior,66.9984,65.5495,4.5041,20.87,18,,1,1,,,,,,
e685cdbb-1691-4f4a-accd-3b49d3a0611c,BAPS USPSA February,2019-02-16,3,Yellow,488F5C58-5158-41C6-8480-DF1E7115D124,Ryan Alicaya,37,65.22,7,66.24,Carry Optics,U,,MINOR,,66.2439,65.2162,4.4812,20.53,16,,4,,,,,,,
e685cdbb-1691-4f4a-accd-3b49d3a0611c,BAPS USPSA February,2019-02-16,3,Yellow,488F5C58-5158-41C6-8480-DF1E7115D124,Kyle Post,38,65.16,10,82.25,Production,A,A74846,MINOR,,82.2514,65.1638,4.4776,17.42,14,,6,,,,1,,,
e685cdbb-1691-4f4a-accd-3b49d3a0611c,BAPS USPSA February,2019-02-16,3,Yellow,488F5C58-5158-41C6-8480-DF1E7115D124,Covan Master,39,64.78,8,66.21,PCC,U,A111536,MINOR,,66.2115,64.7796,4.4512,19.77,14,,6,,,,,,,
e685cdbb-1691-4f4a-accd-3b49d3a0611c,BAPS USPSA February,2019-02-16,3,Yellow,488F5C58-5158-41C6-8480-DF1E7115D124,Albert Calderon,40,63.04,10,71.45,Open,B,A74722,MAJOR,,71.4545,63.0448,4.3320,21.93,15,,5,,,,,,,
e685cdbb-1691-4f4a-accd-3b49d3a0611c,BAPS USPSA February,2019-02-16,3,Yellow,488F5C58-5158-41C6-8480-DF1E7115D124,Glenn Cunningham,41,62.61,9,63.99,PCC,U,A78280,MINOR,,63.9936,62.6097,4.3021,21.85,17,,3,,,,,,,
e685cdbb-1691-4f4a-accd-3b49d3a0611c,BAPS USPSA February,2019-02-16,3,Yellow,488F5C58-5158-41C6-8480-DF1E7115D124,Jonathan Warrender,42,62.31,1,100.00,Single Stack,,TY86145,MAJOR,Military,100.0000,62.3055,4.2812,18.92,17,,1,1,1,,,,,
e685cdbb-1691-4f4a-accd-3b49d3a0611c,BAPS USPSA February,2019-02-16,3,Yellow,488F5C58-5158-41C6-8480-DF1E7115D124,Bill Kinstley,43,62.27,6,62.27,Limited,C,A104836,MAJOR,,62.2677,62.2677,4.2786,21.97,14,,6,,,,,,,
e685cdbb-1691-4f4a-accd-3b49d3a0611c,BAPS USPSA February,2019-02-16,3,Yellow,488F5C58-5158-41C6-8480-DF1E7115D124,Herman Waddy,44,62.10,11,78.39,Production,C,A101165,MINOR,,78.3864,62.1018,4.2672,21.56,16,,4,,,,,,,
e685cdbb-1691-4f4a-accd-3b49d3a0611c,BAPS USPSA February,2019-02-16,3,Yellow,488F5C58-5158-41C6-8480-DF1E7115D124,Robert Hollier,45,61.54,12,77.68,Production,U,FY24941,MINOR,Senior,77.6792,61.5415,4.2287,20.81,14,,6,,,,,,,
e685cdbb-1691-4f4a-accd-3b49d3a0611c,BAPS USPSA February,2019-02-16,3,Yellow,488F5C58-5158-41C6-8480-DF1E7115D124,Tom Donahue,46,61.42,10,62.78,PCC,B,FY69009,MINOR,,62.7754,61.4178,4.2202,21.80,17,,2,1,,,,,,
e685cdbb-1691-4f4a-accd-3b49d3a0611c,BAPS USPSA February,2019-02-16,3,Yellow,488F5C58-5158-41C6-8480-DF1E7115D124,Dave Campbell,47,60.95,11,69.08,Open,A,TY26527,MAJOR,Senior,69.0760,60.9463,4.1878,15.76,14,,4,,2,,,,,
e685cdbb-1691-4f4a-accd-3b49d3a0611c,BAPS USPSA February,2019-02-16,3,Yellow,488F5C58-5158-41C6-8480-DF1E7115D124,JAY-R DELOS-SANTOS,48,58.89,8,59.82,Carry Optics,C,A70297,MINOR,,59.8223,58.8942,4.0468,22.24,15,,5,,,,,,,
e685cdbb-1691-4f4a-accd-3b49d3a0611c,BAPS USPSA February,2019-02-16,3,Yellow,488F5C58-5158-41C6-8480-DF1E7115D124,Jon Baguio,49,57.66,7,57.66,Limited,U,PENDING,MINOR,,57.6601,57.6601,3.9620,18.93,14,,5,,1,,,,,
e685cdbb-1691-4f4a-accd-3b49d3a0611c,BAPS USPSA February,2019-02-16,3,Yellow,488F5C58-5158-41C6-8480-DF1E7115D124,Nathan Peterson,50,57.07,13,72.04,Production,U,A111101,MINOR,,72.0379,57.0722,3.9216,21.42,12,,8,,,,,,,
e685cdbb-1691-4f4a-accd-3b49d3a0611c,BAPS USPSA February,2019-02-16,3,Yellow,488F5C58-5158-41C6-8480-DF1E7115D124,Gary Wu,51,56.69,8,56.69,Limited,B,L2998,MAJOR,,56.6851,56.6851,3.8950,22.85,13,,5,2,,,,,,
e685cdbb-1691-4f4a-accd-3b49d3a0611c,BAPS USPSA February,2019-02-16,3,Yellow,488F5C58-5158-41C6-8480-DF1E7115D124,Angela Rabuck,52,56.28,9,56.28,Limited,C,A91275,MINOR,Lady,56.2761,56.2761,3.8669,20.43,16,,3,,1,,,,,
e685cdbb-1691-4f4a-accd-3b49d3a0611c,BAPS USPSA February,2019-02-16,3,Yellow,488F5C58-5158-41C6-8480-DF1E7115D124,Pat Byrne,53,56.16,2,90.13,Single Stack,,FY93921,MAJOR,,90.1313,56.1568,3.8587,21.51,17,,2,,1,,,,,
e685cdbb-1691-4f4a-accd-3b49d3a0611c,BAPS USPSA February,2019-02-16,3,Yellow,488F5C58-5158-41C6-8480-DF1E7115D124,Marlon Poralan,54,55.97,9,56.86,Carry Optics,D,PEN,MINOR,,56.8569,55.9749,3.8462,18.98,15,,2,2,1,,,,,
e685cdbb-1691-4f4a-accd-3b49d3a0611c,BAPS USPSA February,2019-02-16,3,Yellow,488F5C58-5158-41C6-8480-DF1E7115D124,Adam Post,55,55.79,3,89.54,Single Stack,C,,MINOR,,89.5380,55.7871,3.8333,24.00,17,,2,1,,,,,,
e685cdbb-1691-4f4a-accd-3b49d3a0611c,BAPS USPSA February,2019-02-16,3,Yellow,488F5C58-5158-41C6-8480-DF1E7115D124,Chris Zak,56,55.50,14,70.06,Production,U,L4616,MINOR,,70.0577,55.5033,3.8138,20.19,16,,2,1,1,,,,,
e685cdbb-1691-4f4a-accd-3b49d3a0611c,BAPS USPSA February,2019-02-16,3,Yellow,488F5C58-5158-41C6-8480-DF1E7115D124,Rick Emde,57,54.99,12,62.32,Open,B,TY69327,MAJOR,,62.3214,54.9867,3.7783,23.82,14,,4,2,,,,,,
e685cdbb-1691-4f4a-accd-3b49d3a0611c,BAPS USPSA February,2019-02-16,3,Yellow,488F5C58-5158-41C6-8480-DF1E7115D124,Mike Kahl,58,53.70,15,67.79,Production,B,A70984,MINOR,Super Senior,67.7872,53.7045,3.6902,21.95,17,,2,,1,,,,,
e685cdbb-1691-4f4a-accd-3b49d3a0611c,BAPS USPSA February,2019-02-16,3,Yellow,488F5C58-5158-41C6-8480-DF1E7115D124,Tom Neal,59,53.18,13,60.27,Open,,L2362,MAJOR,,60.2712,53.1777,3.6540,26.82,18,,2,,,,,,,
e685cdbb-1691-4f4a-accd-3b49d3a0611c,BAPS USPSA February,2019-02-16,3,Yellow,488F5C58-5158-41C6-8480-DF1E7115D124,Paul Torre,60,50.42,16,63.64,Production,U,TY88028,MINOR,,63.6449,50.4228,3.4647,23.09,13,,4,3,,,,,,
e685cdbb-1691-4f4a-accd-3b49d3a0611c,BAPS USPSA February,2019-02-16,3,Yellow,488F5C58-5158-41C6-8480-DF1E7115D124,Chris Nagala,61,50.29,17,63.47,Production,U,TY97712,MINOR,,63.4740,50.2874,3.4554,24.31,14,,4,2,,,,,,
e685cdbb-1691-4f4a-accd-3b49d3a0611c,BAPS USPSA February,2019-02-16,3,Yellow,488F5C58-5158-41C6-8480-DF1E7115D124,Michael Pontious,62,49.33,14,55.91,Open,U,TY94575,MAJOR,,55.9133,49.3327,3.3898,22.42,14,,3,2,1,,,,,
e685cdbb-1691-4f4a-accd-3b49d3a0611c,BAPS USPSA February,2019-02-16,3,Yellow,488F5C58-5158-41C6-8480-DF1E7115D124,Richard Dillow,63,48.82,11,49.90,PCC,C,FY57446,MINOR,Senior,49.8981,48.8190,3.3545,26.83,16,,3,1,,,,,,
e685cdbb-1691-4f4a-accd-3b49d3a0611c,BAPS USPSA February,2019-02-16,3,Yellow,488F5C58-5158-41C6-8480-DF1E7115D124,Jerry Dueitt,64,47.54,4,76.30,Single Stack,D,,MINOR,,76.2987,47.5383,3.2665,26.94,15,,4,1,,,,,,
e685cdbb-1691-4f4a-accd-3b49d3a0611c,BAPS USPSA February,2019-02-16,3,Yellow,488F5C58-5158-41C6-8480-DF1E7115D124,Duane Mendoza,65,46.83,18,59.11,Production,U,TY98162,MINOR,,59.1094,46.8296,3.2178,20.20,9,,10,,1,,,,,
e685cdbb-1691-4f4a-accd-3b49d3a0611c,BAPS USPSA February,2019-02-16,3,Yellow,488F5C58-5158-41C6-8480-DF1E7115D124,Stefan Liming,66,46.69,10,47.43,Carry Optics,none,A71566,MINOR,,47.4256,46.6899,3.2082,29.30,17,,3,,,,,,,
e685cdbb-1691-4f4a-accd-3b49d3a0611c,BAPS USPSA February,2019-02-16,3,Yellow,488F5C58-5158-41C6-8480-DF1E7115D124,Danny Naramore,67,42.35,12,43.28,PCC,B,TY96553,MINOR,,43.2832,42.3472,2.9098,30.93,16,,3,1,,,,,,
e685cdbb-1691-4f4a-accd-3b49d3a0611c,BAPS USPSA February,2019-02-16,3,Yellow,488F5C58-5158-41C6-8480-DF1E7115D124,Emanuel Alcoseba,68,40.92,10,40.92,Limited,C,TY67519,MINOR,,40.9180,40.9180,2.8116,23.83,15,,4,,1,,1,,,
e685cdbb-1691-4f4a-accd-3b49d3a0611c,BAPS USPSA February,2019-02-16,3,Yellow,488F5C58-5158-41C6-8480-DF1E7115D124,James Richardson,69,38.63,11,38.63,Limited,U,A103934,MAJOR,,38.6332,38.6332,2.6546,35.41,14,,6,,,,,,,
e685cdbb-1691-4f4a-accd-3b49d3a0611c,BAPS USPSA February,2019-02-16,3,Yellow,488F5C58-5158-41C6-8480-DF1E7115D124,Mitchell Ivey,70,38.30,15,43.41,Open,,A116953,MAJOR,,43.4071,38.2984,2.6316,30.40,16,,2,1,1,,,,,
e685cdbb-1691-4f4a-accd-3b49d3a0611c,BAPS USPSA February,2019-02-16,3,Yellow,488F5C58-5158-41C6-8480-DF1E7115D124,Quang Vu,71,36.38,12,36.38,Limited,,,MINOR,,36.3832,36.3832,2.5000,26.00,11,,6,2,1,,,,,
e685cdbb-1691-4f4a-accd-3b49d3a0611c,BAPS USPSA February,2019-02-16,3,Yellow,488F5C58-5158-41C6-8480-DF1E7115D124,Arnold Gee,72,36.20,16,41.03,Open,,A103519,MAJOR,,41.0270,36.1984,2.4873,21.71,14,,3,1,2,,,1,,
e685cdbb-1691-4f4a-accd-3b49d3a0611c,BAPS USPSA February,2019-02-16,3,Yellow,488F5C58-5158-41C6-8480-DF1E7115D124,Gary Ashorn,73,32.57,13,32.57,Limited,U,A98048,MINOR,Senior,32.5746,32.5746,2.2383,30.38,17,,1,,2,,,,,
e685cdbb-1691-4f4a-accd-3b49d3a0611c,BAPS USPSA February,2019-02-16,3,Yellow,488F5C58-5158-41C6-8480-DF1E7115D124,Ronald Potier,74,31.34,11,31.84,Carry Optics,U,TY113089,MINOR,,31.8388,31.3449,2.1538,39.00,12,,8,,,,,,,
e685cdbb-1691-4f4a-accd-3b49d3a0611c,BAPS USPSA February,2019-02-16,3,Yellow,488F5C58-5158-41C6-8480-DF1E7115D124,Sid Kulcak,75,27.65,13,28.26,PCC,U,A57537,MINOR,,28.2565,27.6454,1.8996,42.64,17,,2,,1,,,,,
e685cdbb-1691-4f4a-accd-3b49d3a0611c,BAPS USPSA February,2019-02-16,3,Yellow,488F5C58-5158-41C6-8480-DF1E7115D124,Albert Molina,76,26.41,17,29.93,Open,U,A107586,MAJOR,,29.9344,26.4113,1.8148,38.02,13,,6,,1,,1,,,
e685cdbb-1691-4f4a-accd-3b49d3a0611c,BAPS USPSA February,2019-02-16,3,Yellow,488F5C58-5158-41C6-8480-DF1E7115D124,Travis Edwards,77,23.36,14,23.36,Limited,D,A107004,MAJOR,,23.3566,23.3566,1.6049,28.04,11,,3,4,2,,1,,,
e685cdbb-1691-4f4a-accd-3b49d3a0611c,BAPS USPSA February,2019-02-16,3,Yellow,488F5C58-5158-41C6-8480-DF1E7115D124,Jean Richardson,78,19.98,15,19.98,Limited,U,A103935,MINOR,,19.9788,19.9788,1.3728,42.25,13,,4,1,2,,,,,
e685cdbb-1691-4f4a-accd-3b49d3a0611c,BAPS USPSA February,2019-02-16,3,Yellow,488F5C58-5158-41C6-8480-DF1E7115D124,William Clark,79,12.49,16,12.49,Limited,,,MINOR,,12.4925,12.4925,0.8584,32.62,13,,,3,4,,,,,
e685cdbb-1691-4f4a-accd-3b49d3a0611c,BAPS USPSA February,2019-02-16,3,Yellow,488F5C58-5158-41C6-8480-DF1E7115D124,Robert Acaron,80,11.82,17,11.82,Limited,,,MINOR,,11.8245,11.8245,0.8125,29.54,10,,4,2,4,,,,,
e685cdbb-1691-4f4a-accd-3b49d3a0611c,BAPS USPSA February,2019-02-16,3,Yellow,488F5C58-5158-41C6-8480-DF1E7115D124,Beth Riedel,81,9.54,19,12.05,Production,,,MINOR,,12.0467,9.5440,0.6558,70.14,12,,,6,2,,,,,
e685cdbb-1691-4f4a-accd-3b49d3a0611c,BAPS USPSA February,2019-02-16,3,Yellow,488F5C58-5158-41C6-8480-DF1E7115D124,Bill Hunter,82,4.95,18,4.95,Limited,C,A13721,MAJOR,Super Senior,4.9510,4.9510,0.3402,47.03,8,,6,1,5,,,,,
e685cdbb-1691-4f4a-accd-3b49d3a0611c,BAPS USPSA February,2019-02-16,4,Blue,1B672E3D-2F1D-4B2E-867E-0B13C454F7B1,Derek Rabuck,1,100.00,1,100.00,PCC,B,A91331,MINOR,,120.0000,120.0000,7.4159,13.08,19,,4,,1,,,,,
e685cdbb-1691-4f4a-accd-3b49d3a0611c,BAPS USPSA February,2019-02-16,4,Blue,1B672E3D-2F1D-4B2E-867E-0B13C454F7B1,BJ Burton,2,94.26,1,100.00,Open,,A86420,MAJOR,,120.0000,113.1164,6.9905,16.88,22,,2,,,,,,,
e685cdbb-1691-4f4a-accd-3b49d3a0611c,BAPS USPSA February,2019-02-16,4,Blue,1B672E3D-2F1D-4B2E-867E-0B13C454F7B1,Wade Pruetz,3,92.07,2,92.07,PCC,M,TY79055,MINOR,,110.4885,110.4885,6.8281,16.11,19,,5,,,,,,,
e685cdbb-1691-4f4a-accd-3b49d3a0611c,BAPS USPSA February,2019-02-16,4,Blue,1B672E3D-2F1D-4B2E-867E-0B13C454F7B1,August Balagtas,4,89.20,2,94.63,Open,,L3674,MAJOR,,113.5507,107.0370,6.6148,17.99,23,,1,,,,,,,
e685cdbb-1691-4f4a-accd-3b49d3a0611c,BAPS USPSA February,2019-02-16,4,Blue,1B672E3D-2F1D-4B2E-867E-0B13C454F7B1,Jason Brinkley,5,79.12,1,100.00,Limited,,A61861,MAJOR,,120.0000,94.9463,5.8676,19.94,21,,3,,,,,,,
e685cdbb-1691-4f4a-accd-3b49d3a0611c,BAPS USPSA February,2019-02-16,4,Blue,1B672E3D-2F1D-4B2E-867E-0B13C454F7B1,Jing Bedro,6,78.37,3,78.37,PCC,U,A98263,MINOR,,94.0450,94.0450,5.8119,16.69,19,,2,,1,,,,,
e685cdbb-1691-4f4a-accd-3b49d3a0611c,BAPS USPSA February,2019-02-16,4,Blue,1B672E3D-2F1D-4B2E-867E-0B13C454F7B1,Ricky Wiley,7,77.24,1,100.00,Carry Optics,U,A91320,MINOR,,120.0000,92.6938,5.7284,20.25,22,,2,,,,,,,
e685cdbb-1691-4f4a-accd-3b49d3a0611c,BAPS USPSA February,2019-02-16,4,Blue,1B672E3D-2F1D-4B2E-867E-0B13C454F7B1,Tony Phan,8,76.94,2,99.61,Carry Optics,A,FY11963,MINOR,,119.5308,92.3313,5.7060,20.68,23,,1,,,,,,,
e685cdbb-1691-4f4a-accd-3b49d3a0611c,BAPS USPSA February,2019-02-16,4,Blue,1B672E3D-2F1D-4B2E-867E-0B13C454F7B1,Chev Jacot,9,74.52,4,74.52,PCC,B,a72378,MINOR,,89.4252,89.4252,5.5264,20.99,22,,2,,,,,,,
e685cdbb-1691-4f4a-accd-3b49d3a0611c,BAPS USPSA February,2019-02-16,4,Blue,1B672E3D-2F1D-4B2E-867E-0B13C454F7B1,Randy Goodney,10,72.67,3,77.09,Open,A,A94852,MAJOR,,92.5067,87.2002,5.3889,21.34,19,,5,,,,,,,
e685cdbb-1691-4f4a-accd-3b49d3a0611c,BAPS USPSA February,2019-02-16,4,Blue,1B672E3D-2F1D-4B2E-867E-0B13C454F7B1,Anthony Smallwood,11,71.84,4,76.21,Open,C,A94508,MAJOR,,91.4561,86.2099,5.3277,21.21,21,,1,2,,,,,,
e685cdbb-1691-4f4a-accd-3b49d3a0611c,BAPS USPSA February,2019-02-16,4,Blue,1B672E3D-2F1D-4B2E-867E-0B13C454F7B1,Mike Junco,12,70.18,1,100.00,Production,A,FY107182,MINOR,,120.0000,84.2163,5.2045,21.52,20,,4,,,,,,,
e685cdbb-1691-4f4a-accd-3b49d3a0611c,BAPS USPSA February,2019-02-16,4,Blue,1B672E3D-2F1D-4B2E-867E-0B13C454F7B1,Glenn Cunningham,13,69.06,5,69.06,PCC,U,A78280,MINOR,,82.8717,82.8717,5.1214,22.65,22,,2,,,,,,,
e685cdbb-1691-4f4a-accd-3b49d3a0611c,BAPS USPSA February,2019-02-16,4,Blue,1B672E3D-2F1D-4B2E-867E-0B13C454F7B1,Chris Peterson,14,68.53,2,97.64,Production,none,,MINOR,,117.1709,82.2309,5.0818,23.22,23,,,,,,,,,
e685cdbb-1691-4f4a-accd-3b49d3a0611c,BAPS USPSA February,2019-02-16,4,Blue,1B672E3D-2F1D-4B2E-867E-0B13C454F7B1,Kyle Post,15,68.17,3,97.13,Production,A,A74846,MINOR,,116.5553,81.7988,5.0551,21.76,19,,5,,,,,,,
e685cdbb-1691-4f4a-accd-3b49d3a0611c,BAPS USPSA February,2019-02-16,4,Blue,1B672E3D-2F1D-4B2E-867E-0B13C454F7B1,Danny Naramore,16,67.99,6,67.99,PCC,B,TY96553,MINOR,,81.5869,81.5869,5.0420,22.61,21,,3,,,,,,,
e685cdbb-1691-4f4a-accd-3b49d3a0611c,BAPS USPSA February,2019-02-16,4,Blue,1B672E3D-2F1D-4B2E-867E-0B13C454F7B1,Mark Perretto,17,67.36,4,95.98,Production,,,MINOR,,115.1811,80.8344,4.9955,22.42,20,,4,,,,,,,
e685cdbb-1691-4f4a-accd-3b49d3a0611c,BAPS USPSA February,2019-02-16,4,Blue,1B672E3D-2F1D-4B2E-867E-0B13C454F7B1,Daniel Thompson,18,65.92,3,85.34,Carry Optics,B,TY93931,MINOR,,102.4056,79.1030,4.8885,23.32,22,,1,1,,,,,,
e685cdbb-1691-4f4a-accd-3b49d3a0611c,BAPS USPSA February,2019-02-16,4,Blue,1B672E3D-2F1D-4B2E-867E-0B13C454F7B1,Kit Hoog,19,63.71,5,90.78,Production,,,MINOR,,108.9396,76.4541,4.7248,21.80,22,,1,,1,,,,,
e685cdbb-1691-4f4a-accd-3b49d3a0611c,BAPS USPSA February,2019-02-16,4,Blue,1B672E3D-2F1D-4B2E-867E-0B13C454F7B1,Dave Campbell,20,63.63,5,67.50,Open,A,TY26527,MAJOR,Senior,80.9985,76.3522,4.7185,24.16,22,,,2,,,,,,
e685cdbb-1691-4f4a-accd-3b49d3a0611c,BAPS USPSA February,2019-02-16,4,Blue,1B672E3D-2F1D-4B2E-867E-0B13C454F7B1,Matt Lem,21,63.60,6,90.62,Production,A,TY34763,MINOR,,108.7413,76.3149,4.7162,25.02,23,,1,,,,,,,
e685cdbb-1691-4f4a-accd-3b49d3a0611c,BAPS USPSA February,2019-02-16,4,Blue,1B672E3D-2F1D-4B2E-867E-0B13C454F7B1,Michael Pontious,22,62.62,6,66.43,Open,U,TY94575,MAJOR,,79.7128,75.1402,4.6436,24.55,18,,5,,,,,,,
e685cdbb-1691-4f4a-accd-3b49d3a0611c,BAPS USPSA February,2019-02-16,4,Blue,1B672E3D-2F1D-4B2E-867E-0B13C454F7B1,Garry Newton,23,62.58,7,62.58,PCC,B,TY79434,MINOR,Super Senior,75.0965,75.0965,4.6409,20.47,18,,2,,1,,,,,
e685cdbb-1691-4f4a-accd-3b49d3a0611c,BAPS USPSA February,2019-02-16,4,Blue,1B672E3D-2F1D-4B2E-867E-0B13C454F7B1,Jay Bennett,24,62.39,8,62.39,PCC,A,A77156,MINOR,Senior,74.8732,74.8732,4.6271,22.26,22,,1,,1,,,,,
e685cdbb-1691-4f4a-accd-3b49d3a0611c,BAPS USPSA February,2019-02-16,4,Blue,1B672E3D-2F1D-4B2E-867E-0B13C454F7B1,Brandon Hill,25,61.81,7,88.08,Production,M,TY80518,MINOR,,105.6932,74.1758,4.5840,23.56,18,,6,,,,,,,
e685cdbb-1691-4f4a-accd-3b49d3a0611c,BAPS USPSA February,2019-02-16,4,Blue,1B672E3D-2F1D-4B2E-867E-0B13C454F7B1,Gary Owens,26,60.80,7,64.50,Open,C,FY101331,MAJOR,,77.3970,72.9573,4.5087,25.95,23,,,1,,,,,,
e685cdbb-1691-4f4a-accd-3b49d3a0611c,BAPS USPSA February,2019-02-16,4,Blue,1B672E3D-2F1D-4B2E-867E-0B13C454F7B1,Tom Donahue,27,60.65,9,60.65,PCC,B,FY69009,MINOR,,72.7842,72.7842,4.4980,24.90,20,,4,,,,,,,
e685cdbb-1691-4f4a-accd-3b49d3a0611c,BAPS USPSA February,2019-02-16,4,Blue,1B672E3D-2F1D-4B2E-867E-0B13C454F7B1,Raimon Alfonso,28,60.64,2,76.64,Limited,B,A37103,MAJOR,,91.9695,72.7680,4.4970,26.24,22,,2,,,,,,,
e685cdbb-1691-4f4a-accd-3b49d3a0611c,BAPS USPSA February,2019-02-16,4,Blue,1B672E3D-2F1D-4B2E-867E-0B13C454F7B1,Corey Slifko,29,60.37,3,76.30,Limited,A,A82935,MAJOR,,91.5604,72.4443,4.4770,25.24,19,,4,1,,,,,,
e685cdbb-1691-4f4a-accd-3b49d3a0611c,BAPS USPSA February,2019-02-16,4,Blue,1B672E3D-2F1D-4B2E-867E-0B13C454F7B1,Scott Reeh,30,58.68,4,75.97,Carry Optics,,A91497,MINOR,,91.1584,70.4152,4.3516,22.75,21,,1,1,1,,,,,
e685cdbb-1691-4f4a-accd-3b49d3a0611c,BAPS USPSA February,2019-02-16,4,Blue,1B672E3D-2F1D-4B2E-867E-0B13C454F7B1,Andrew Whitley,31,56.94,4,71.96,Limited,,TY106649,MINOR,,86.3535,68.3245,4.2224,23.92,21,,2,,1,,,,,
e685cdbb-1691-4f4a-accd-3b49d3a0611c,BAPS USPSA February,2019-02-16,4,Blue,1B672E3D-2F1D-4B2E-867E-0B13C454F7B1,Steven Mcnamara,32,56.83,8,60.28,Open,B,A75212,MAJOR,,72.3399,68.1902,4.2141,23.73,20,,2,1,1,,,,,
e685cdbb-1691-4f4a-accd-3b49d3a0611c,BAPS USPSA February,2019-02-16,4,Blue,1B672E3D-2F1D-4B2E-867E-0B13C454F7B1,Mike Wilson,33,55.60,10,55.60,PCC,C,TY84396,MINOR,Super Senior,66.7161,66.7161,4.1230,28.62,23,,1,,,,,,,
e685cdbb-1691-4f4a-accd-3b49d3a0611c,BAPS USPSA February,2019-02-16,4,Blue,1B672E3D-2F1D-4B2E-867E-0B13C454F7B1,Dave Eickhoff,34,55.53,5,71.89,Carry Optics,C,TY5063,MINOR,,86.2628,66.6336,4.1179,23.07,19,,3,1,1,,,,,
e685cdbb-1691-4f4a-accd-3b49d3a0611c,BAPS USPSA February,2019-02-16,4,Blue,1B672E3D-2F1D-4B2E-867E-0B13C454F7B1,Covan Master,35,54.83,11,54.83,PCC,U,A111536,MINOR,,65.7905,65.7905,4.0658,20.66,19,,3,,2,,,,,
e685cdbb-1691-4f4a-accd-3b49d3a0611c,BAPS USPSA February,2019-02-16,4,Blue,1B672E3D-2F1D-4B2E-867E-0B13C454F7B1,Eddie Jimenea,36,54.65,9,57.98,Open,M,A14869,MAJOR,,69.5727,65.5818,4.0529,24.18,20,,1,2,1,,,,,
e685cdbb-1691-4f4a-accd-3b49d3a0611c,BAPS USPSA February,2019-02-16,4,Blue,1B672E3D-2F1D-4B2E-867E-0B13C454F7B1,Duane Mendoza,37,53.69,8,76.51,Production,U,TY98162,MINOR,,91.8105,64.4329,3.9819,24.36,20,,2,1,1,,,,,
e685cdbb-1691-4f4a-accd-3b49d3a0611c,BAPS USPSA February,2019-02-16,4,Blue,1B672E3D-2F1D-4B2E-867E-0B13C454F7B1,JAY-R DELOS-SANTOS,38,53.69,6,69.50,Carry Optics,C,A70297,MINOR,,83.4055,64.4264,3.9815,28.13,21,,2,1,,,,,,
e685cdbb-1691-4f4a-accd-3b49d3a0611c,BAPS USPSA February,2019-02-16,4,Blue,1B672E3D-2F1D-4B2E-867E-0B13C454F7B1,Ryan Alicaya,39,53.20,7,68.87,Carry Optics,U,,MINOR,,82.6472,63.8407,3.9453,25.60,21,,2,,1,,,,,
e685cdbb-1691-4f4a-accd-3b49d3a0611c,BAPS USPSA February,2019-02-16,4,Blue,1B672E3D-2F1D-4B2E-867E-0B13C454F7B1,Bob Zweck,40,52.81,10,56.02,Open,B,A94853,MAJOR,,67.2227,63.3666,3.9160,24.77,19,,2,2,1,,,,,
e685cdbb-1691-4f4a-accd-3b49d3a0611c,BAPS USPSA February,2019-02-16,4,Blue,1B672E3D-2F1D-4B2E-867E-0B13C454F7B1,Chris Zak,41,52.38,9,74.64,Production,U,L4616,MINOR,,89.5694,62.8601,3.8847,24.97,20,,2,1,1,,,,,
e685cdbb-1691-4f4a-accd-3b49d3a0611c,BAPS USPSA February,2019-02-16,4,Blue,1B672E3D-2F1D-4B2E-867E-0B13C454F7B1,Mike Kahl,42,52.13,10,74.28,Production,B,A70984,MINOR,Super Senior,89.1406,62.5591,3.8661,28.97,20,,4,,,,,,,
e685cdbb-1691-4f4a-accd-3b49d3a0611c,BAPS USPSA February,2019-02-16,4,Blue,1B672E3D-2F1D-4B2E-867E-0B13C454F7B1,Gary Wu,43,51.69,5,65.34,Limited,B,L2998,MAJOR,,78.4021,62.0332,3.8336,24.52,16,,5,2,1,,,,,
e685cdbb-1691-4f4a-accd-3b49d3a0611c,BAPS USPSA February,2019-02-16,4,Blue,1B672E3D-2F1D-4B2E-867E-0B13C454F7B1,Tom Neal,44,51.05,11,54.16,Open,,L2362,MAJOR,,64.9928,61.2646,3.7861,30.11,20,,3,1,,,,,,
e685cdbb-1691-4f4a-accd-3b49d3a0611c,BAPS USPSA February,2019-02-16,4,Blue,1B672E3D-2F1D-4B2E-867E-0B13C454F7B1,Adam Post,45,50.62,1,100.00,Single Stack,C,,MINOR,,120.0000,60.7403,3.7537,30.37,22,,1,1,,,,,,
e685cdbb-1691-4f4a-accd-3b49d3a0611c,BAPS USPSA February,2019-02-16,4,Blue,1B672E3D-2F1D-4B2E-867E-0B13C454F7B1,Paul Torre,46,50.60,11,72.10,Production,U,TY88028,MINOR,,86.5236,60.7225,3.7526,24.25,17,,5,1,1,,,,,
e685cdbb-1691-4f4a-accd-3b49d3a0611c,BAPS USPSA February,2019-02-16,4,Blue,1B672E3D-2F1D-4B2E-867E-0B13C454F7B1,Paul Felker,47,50.58,8,65.47,Carry Optics,B,TY107123,MINOR,,78.5685,60.6901,3.7506,21.33,17,,5,,2,,,,,
e685cdbb-1691-4f4a-accd-3b49d3a0611c,BAPS USPSA February,2019-02-16,4,Blue,1B672E3D-2F1D-4B2E-867E-0B13C454F7B1,Jonathan Warrender,48,49.48,2,97.75,Single Stack,,TY86145,MAJOR,Military,117.3051,59.3762,3.6694,28.07,21,,2,,1,,,,,
e685cdbb-1691-4f4a-accd-3b49d3a0611c,BAPS USPSA February,2019-02-16,4,Blue,1B672E3D-2F1D-4B2E-867E-0B13C454F7B1,Jen Kroll,49,49.24,12,70.17,Production,C,A93835,MINOR,,84.1994,59.0914,3.6518,27.11,20,,3,,1,,,,,
e685cdbb-1691-4f4a-accd-3b49d3a0611c,BAPS USPSA February,2019-02-16,4,Blue,1B672E3D-2F1D-4B2E-867E-0B13C454F7B1,Arnold Gee,50,48.56,12,51.52,Open,,A103519,MAJOR,,61.8222,58.2759,3.6014,28.60,21,,2,,1,,,,,
e685cdbb-1691-4f4a-accd-3b49d3a0611c,BAPS USPSA February,2019-02-16,4,Blue,1B672E3D-2F1D-4B2E-867E-0B13C454F7B1,Robert Hollier,51,46.92,13,66.85,Production,U,FY24941,MINOR,Senior,80.2221,56.3001,3.4793,34.49,24,,,,,,,,,
e685cdbb-1691-4f4a-accd-3b49d3a0611c,BAPS USPSA February,2019-02-16,4,Blue,1B672E3D-2F1D-4B2E-867E-0B13C454F7B1,Jerry McClain,52,46.70,6,59.03,Limited,B,TY48726,MAJOR,,70.8330,56.0444,3.4635,31.76,18,,4,2,,,,,,
e685cdbb-1691-4f4a-accd-3b49d3a0611c,BAPS USPSA February,2019-02-16,4,Blue,1B672E3D-2F1D-4B2E-867E-0B13C454F7B1,Nathan Peterson,53,46.18,14,65.81,Production,U,A111101,MINOR,,78.9678,55.4198,3.4249,26.57,17,,4,1,1,,,,,
e685cdbb-1691-4f4a-accd-3b49d3a0611c,BAPS USPSA February,2019-02-16,4,Blue,1B672E3D-2F1D-4B2E-867E-0B13C454F7B1,Albert Calderon,54,45.26,13,48.02,Open,B,A74722,MAJOR,,57.6199,54.3146,3.3566,30.09,19,,4,,1,,,,,
e685cdbb-1691-4f4a-accd-3b49d3a0611c,BAPS USPSA February,2019-02-16,4,Blue,1B672E3D-2F1D-4B2E-867E-0B13C454F7B1,Angela Rabuck,55,45.17,7,57.09,Limited,C,A91275,MINOR,Lady,68.5077,54.2046,3.3498,28.36,20,,1,2,1,,,,,
e685cdbb-1691-4f4a-accd-3b49d3a0611c,BAPS USPSA February,2019-02-16,4,Blue,1B672E3D-2F1D-4B2E-867E-0B13C454F7B1,Mitchell Ivey,56,44.91,14,47.64,Open,,A116953,MAJOR,,57.1719,53.8923,3.3305,35.43,22,,1,,,,,,,
e685cdbb-1691-4f4a-accd-3b49d3a0611c,BAPS USPSA February,2019-02-16,4,Blue,1B672E3D-2F1D-4B2E-867E-0B13C454F7B1,Bill Kinstley,57,42.92,8,54.25,Limited,C,A104836,MAJOR,,65.0965,51.5055,3.1830,36.13,21,,2,1,,,,,,
e685cdbb-1691-4f4a-accd-3b49d3a0611c,BAPS USPSA February,2019-02-16,4,Blue,1B672E3D-2F1D-4B2E-867E-0B13C454F7B1,Ashley West-Sullivan,58,42.49,15,60.54,Production,C,TY92392,MINOR,Lady,72.6479,50.9845,3.1508,26.66,19,,3,,2,,,,,
e685cdbb-1691-4f4a-accd-3b49d3a0611c,BAPS USPSA February,2019-02-16,4,Blue,1B672E3D-2F1D-4B2E-867E-0B13C454F7B1,Herman Waddy,59,41.55,16,59.20,Production,C,A101165,MINOR,,71.0431,49.8583,3.0812,32.13,21,,1,1,1,,,,,
e685cdbb-1691-4f4a-accd-3b49d3a0611c,BAPS USPSA February,2019-02-16,4,Blue,1B672E3D-2F1D-4B2E-867E-0B13C454F7B1,Stefan Liming,60,41.30,9,53.47,Carry Optics,none,A71566,MINOR,,64.1624,49.5622,3.0629,37.22,21,,3,,,,,,,
e685cdbb-1691-4f4a-accd-3b49d3a0611c,BAPS USPSA February,2019-02-16,4,Blue,1B672E3D-2F1D-4B2E-867E-0B13C454F7B1,Marlon Poralan,61,39.83,10,51.56,Carry Optics,D,PEN,MINOR,,61.8770,47.7968,2.9538,25.73,18,,1,3,2,,,,,
e685cdbb-1691-4f4a-accd-3b49d3a0611c,BAPS USPSA February,2019-02-16,4,Blue,1B672E3D-2F1D-4B2E-867E-0B13C454F7B1,John Nixon,62,38.01,15,40.32,Open,A,A40007,MAJOR,,48.3862,45.6106,2.8187,38.67,17,,5,2,,,,,,
e685cdbb-1691-4f4a-accd-3b49d3a0611c,BAPS USPSA February,2019-02-16,4,Blue,1B672E3D-2F1D-4B2E-867E-0B13C454F7B1,Jon Baguio,63,37.98,9,48.01,Limited,U,PENDING,MINOR,,57.6092,45.5815,2.8169,28.40,19,,1,2,2,,,,,
e685cdbb-1691-4f4a-accd-3b49d3a0611c,BAPS USPSA February,2019-02-16,4,Blue,1B672E3D-2F1D-4B2E-867E-0B13C454F7B1,Emanuel Alcoseba,64,37.36,10,47.22,Limited,C,TY67519,MINOR,,56.6603,44.8307,2.7705,41.87,22,,2,,,,,,,
e685cdbb-1691-4f4a-accd-3b49d3a0611c,BAPS USPSA February,2019-02-16,4,Blue,1B672E3D-2F1D-4B2E-867E-0B13C454F7B1,Rick Emde,65,36.15,16,38.35,Open,B,TY69327,MAJOR,,46.0242,43.3841,2.6811,42.52,20,,3,1,,,,,,
e685cdbb-1691-4f4a-accd-3b49d3a0611c,BAPS USPSA February,2019-02-16,4,Blue,1B672E3D-2F1D-4B2E-867E-0B13C454F7B1,Quang Vu,66,36.14,11,45.67,Limited,,,MINOR,,54.8074,43.3647,2.6799,33.21,17,,4,2,1,,,,,
e685cdbb-1691-4f4a-accd-3b49d3a0611c,BAPS USPSA February,2019-02-16,4,Blue,1B672E3D-2F1D-4B2E-867E-0B13C454F7B1,Jim Duncan,67,35.55,17,50.66,Production,,TY33325,MINOR,Senior,60.7897,42.6624,2.6365,37.55,20,,3,,1,,,,,
e685cdbb-1691-4f4a-accd-3b49d3a0611c,BAPS USPSA February,2019-02-16,4,Blue,1B672E3D-2F1D-4B2E-867E-0B13C454F7B1,Sid Kulcak,68,34.55,12,34.55,PCC,U,A57537,MINOR,,41.4617,41.4617,2.5623,42.15,18,,6,,,,,,,
e685cdbb-1691-4f4a-accd-3b49d3a0611c,BAPS USPSA February,2019-02-16,4,Blue,1B672E3D-2F1D-4B2E-867E-0B13C454F7B1,Albert Molina,69,32.74,17,34.73,Open,U,A107586,MAJOR,,41.6743,39.2837,2.4277,45.31,16,,7,1,,,,,,
e685cdbb-1691-4f4a-accd-3b49d3a0611c,BAPS USPSA February,2019-02-16,4,Blue,1B672E3D-2F1D-4B2E-867E-0B13C454F7B1,Richard Dillow,70,31.96,13,31.96,PCC,C,FY57446,MINOR,Senior,38.3516,38.3516,2.3701,48.10,21,,3,,,,,,,
e685cdbb-1691-4f4a-accd-3b49d3a0611c,BAPS USPSA February,2019-02-16,4,Blue,1B672E3D-2F1D-4B2E-867E-0B13C454F7B1,Gary Ashorn,71,31.22,12,39.46,Limited,U,A98048,MINOR,Senior,47.3509,37.4649,2.3153,45.35,23,,,,1,,,,,
e685cdbb-1691-4f4a-accd-3b49d3a0611c,BAPS USPSA February,2019-02-16,4,Blue,1B672E3D-2F1D-4B2E-867E-0B13C454F7B1,Jerry Dueitt,72,29.87,3,59.00,Single Stack,D,,MINOR,,70.8037,35.8387,2.2148,41.99,19,,2,2,1,,,,,
e685cdbb-1691-4f4a-accd-3b49d3a0611c,BAPS USPSA February,2019-02-16,4,Blue,1B672E3D-2F1D-4B2E-867E-0B13C454F7B1,Pat Byrne,73,28.04,4,55.39,Single Stack,,FY93921,MAJOR,,66.4656,33.6428,2.0791,49.06,22,,,1,1,,,,,
e685cdbb-1691-4f4a-accd-3b49d3a0611c,BAPS USPSA February,2019-02-16,4,Blue,1B672E3D-2F1D-4B2E-867E-0B13C454F7B1,Travis Edwards,74,27.54,13,34.81,Limited,D,A107004,MAJOR,,41.7697,33.0490,2.0424,38.19,16,,2,3,2,,,,,
e685cdbb-1691-4f4a-accd-3b49d3a0611c,BAPS USPSA February,2019-02-16,4,Blue,1B672E3D-2F1D-4B2E-867E-0B13C454F7B1,Chris Nagala,75,21.56,18,30.72,Production,U,TY97712,MINOR,,36.8612,25.8693,1.5987,56.92,17,,5,1,1,,,,,
e685cdbb-1691-4f4a-accd-3b49d3a0611c,BAPS USPSA February,2019-02-16,4,Blue,1B672E3D-2F1D-4B2E-867E-0B13C454F7B1,Robert Acaron,76,20.95,14,26.47,Limited,,,MINOR,,31.7690,25.1363,1.5534,37.98,15,,4,2,3,,,,,
e685cdbb-1691-4f4a-accd-3b49d3a0611c,BAPS USPSA February,2019-02-16,4,Blue,1B672E3D-2F1D-4B2E-867E-0B13C454F7B1,James Richardson,77,19.90,15,25.15,Limited,U,A103934,MAJOR,,30.1759,23.8757,1.4755,35.92,17,,1,2,4,,,,,
e685cdbb-1691-4f4a-accd-3b49d3a0611c,BAPS USPSA February,2019-02-16,4,Blue,1B672E3D-2F1D-4B2E-867E-0B13C454F7B1,William Clark,78,18.85,16,23.82,Limited,,,MINOR,,28.5848,22.6168,1.3977,60.10,19,,3,,2,,,,,
e685cdbb-1691-4f4a-accd-3b49d3a0611c,BAPS USPSA February,2019-02-16,4,Blue,1B672E3D-2F1D-4B2E-867E-0B13C454F7B1,Jean Richardson,79,12.46,17,15.75,Limited,U,A103935,MINOR,,18.8949,14.9500,0.9239,68.19,18,,,3,3,,,,,
e685cdbb-1691-4f4a-accd-3b49d3a0611c,BAPS USPSA February,2019-02-16,4,Blue,1B672E3D-2F1D-4B2E-867E-0B13C454F7B1,Bill Hunter,80,9.70,18,12.26,Limited,C,A13721,MAJOR,Super Senior,14.7106,11.6393,0.7193,57.00,15,,3,2,4,,,1,,
e685cdbb-1691-4f4a-accd-3b49d3a0611c,BAPS USPSA February,2019-02-16,4,Blue,1B672E3D-2F1D-4B2E-867E-0B13C454F7B1,Beth Riedel,81,9.49,19,13.52,Production,,,MINOR,,16.2252,11.3869,0.7037,98.05,18,,3,,3,,,,,
e685cdbb-1691-4f4a-accd-3b49d3a0611c,BAPS USPSA February,2019-02-16,4,Blue,1B672E3D-2F1D-4B2E-867E-0B13C454F7B1,Ronald Potier,82,1.96,11,2.54,Carry Optics,U,TY113089,MINOR,,3.0438,2.3512,0.1453,68.81,14,,3,1,6,,,1,,
e685cdbb-1691-4f4a-accd-3b49d3a0611c,BAPS USPSA February,2019-02-16,5,Green,7E948998-745D-4018-B824-528C74D44503,Derek Rabuck,1,100.00,1,100.00,PCC,B,A91331,MINOR,,75.0000,75.0000,9.3445,7.17,12,,2,1,,,,,,
e685cdbb-1691-4f4a-accd-3b49d3a0611c,BAPS USPSA February,2019-02-16,5,Green,7E948998-745D-4018-B824-528C74D44503,August Balagtas,2,97.15,1,100.00,Open,,L3674,MAJOR,,75.0000,72.8659,9.0786,7.38,9,,5,1,,,,,,
e685cdbb-1691-4f4a-accd-3b49d3a0611c,BAPS USPSA February,2019-02-16,5,Green,7E948998-745D-4018-B824-528C74D44503,Wade Pruetz,3,95.94,2,95.94,PCC,M,TY79055,MINOR,,71.9581,71.9581,8.9655,7.25,10,,5,,,,,,,
e685cdbb-1691-4f4a-accd-3b49d3a0611c,BAPS USPSA February,2019-02-16,5,Green,7E948998-745D-4018-B824-528C74D44503,Jason Brinkley,4,89.41,1,100.00,Limited,,A61861,MAJOR,,75.0000,67.0590,8.3551,7.66,10,,2,3,,,,,,
e685cdbb-1691-4f4a-accd-3b49d3a0611c,BAPS USPSA February,2019-02-16,5,Green,7E948998-745D-4018-B824-528C74D44503,Daniel Thompson,5,86.95,1,100.00,Carry Optics,B,TY93931,MINOR,,75.0000,65.2122,8.1250,8.00,10,,5,,,,,,,
e685cdbb-1691-4f4a-accd-3b49d3a0611c,BAPS USPSA February,2019-02-16,5,Green,7E948998-745D-4018-B824-528C74D44503,Corey Slifko,6,85.05,2,95.13,Limited,A,A82935,MAJOR,,71.3438,63.7899,7.9478,8.43,9,,5,1,,,,,,
e685cdbb-1691-4f4a-accd-3b49d3a0611c,BAPS USPSA February,2019-02-16,5,Green,7E948998-745D-4018-B824-528C74D44503,Brandon Hill,7,84.39,1,100.00,Production,M,TY80518,MINOR,,75.0000,63.2915,7.8857,8.75,13,,1,1,,,,,,
e685cdbb-1691-4f4a-accd-3b49d3a0611c,BAPS USPSA February,2019-02-16,5,Green,7E948998-745D-4018-B824-528C74D44503,Scott Reeh,8,84.15,2,96.79,Carry Optics,,A91497,MINOR,,72.5889,63.1157,7.8638,8.52,11,,4,,,,,,,
e685cdbb-1691-4f4a-accd-3b49d3a0611c,BAPS USPSA February,2019-02-16,5,Green,7E948998-745D-4018-B824-528C74D44503,Ricky Wiley,9,83.11,3,95.58,Carry Optics,U,A91320,MINOR,,71.6843,62.3292,7.7658,8.37,10,,5,,,,,,,
e685cdbb-1691-4f4a-accd-3b49d3a0611c,BAPS USPSA February,2019-02-16,5,Green,7E948998-745D-4018-B824-528C74D44503,Randy Goodney,10,81.57,2,83.96,Open,A,A94852,MAJOR,,62.9692,61.1774,7.6223,8.79,9,,5,1,,,,,,
e685cdbb-1691-4f4a-accd-3b49d3a0611c,BAPS USPSA February,2019-02-16,5,Green,7E948998-745D-4018-B824-528C74D44503,Jay Bennett,11,78.87,3,78.87,PCC,A,A77156,MINOR,Senior,59.1492,59.1492,7.3696,8.82,10,,5,,,,,,,
e685cdbb-1691-4f4a-accd-3b49d3a0611c,BAPS USPSA February,2019-02-16,5,Green,7E948998-745D-4018-B824-528C74D44503,Kyle Post,12,77.73,2,92.11,Production,A,A74846,MINOR,,69.0842,58.2993,7.2637,10.05,14,,1,,,,,,,
e685cdbb-1691-4f4a-accd-3b49d3a0611c,BAPS USPSA February,2019-02-16,5,Green,7E948998-745D-4018-B824-528C74D44503,Steven Mcnamara,13,76.19,3,78.42,Open,B,A75212,MAJOR,,58.8147,57.1411,7.1194,9.13,7,,7,1,,,,,,
e685cdbb-1691-4f4a-accd-3b49d3a0611c,BAPS USPSA February,2019-02-16,5,Green,7E948998-745D-4018-B824-528C74D44503,Jon Baguio,14,75.89,3,84.88,Limited,U,PENDING,MINOR,,63.6572,56.9172,7.0915,9.73,12,,3,,,,,,,
e685cdbb-1691-4f4a-accd-3b49d3a0611c,BAPS USPSA February,2019-02-16,5,Green,7E948998-745D-4018-B824-528C74D44503,Dave Campbell,15,75.60,4,77.81,Open,A,TY26527,MAJOR,Senior,58.3570,56.6965,7.0640,9.06,8,,5,2,,,,,,
e685cdbb-1691-4f4a-accd-3b49d3a0611c,BAPS USPSA February,2019-02-16,5,Green,7E948998-745D-4018-B824-528C74D44503,Kit Hoog,16,75.00,3,88.87,Production,,,MINOR,,66.6561,56.2502,7.0084,9.56,11,,4,,,,,,,
e685cdbb-1691-4f4a-accd-3b49d3a0611c,BAPS USPSA February,2019-02-16,5,Green,7E948998-745D-4018-B824-528C74D44503,Mark Perretto,17,74.76,4,88.60,Production,,,MINOR,,66.4469,56.0736,6.9864,9.59,12,,2,1,,,,,,
e685cdbb-1691-4f4a-accd-3b49d3a0611c,BAPS USPSA February,2019-02-16,5,Green,7E948998-745D-4018-B824-528C74D44503,Chev Jacot,18,73.76,4,73.76,PCC,B,a72378,MINOR,,55.3224,55.3224,6.8928,9.14,9,,6,,,,,,,
e685cdbb-1691-4f4a-accd-3b49d3a0611c,BAPS USPSA February,2019-02-16,5,Green,7E948998-745D-4018-B824-528C74D44503,Tony Phan,19,73.54,4,84.58,Carry Optics,A,FY11963,MINOR,,63.4320,55.1538,6.8718,9.75,11,,4,,,,,,,
e685cdbb-1691-4f4a-accd-3b49d3a0611c,BAPS USPSA February,2019-02-16,5,Green,7E948998-745D-4018-B824-528C74D44503,Jerry McClain,20,72.96,4,81.61,Limited,B,TY48726,MAJOR,,61.2039,54.7236,6.8182,10.12,11,,3,1,,,,,,
e685cdbb-1691-4f4a-accd-3b49d3a0611c,BAPS USPSA February,2019-02-16,5,Green,7E948998-745D-4018-B824-528C74D44503,Anthony Smallwood,21,72.87,5,75.00,Open,C,A94508,MAJOR,,56.2529,54.6522,6.8093,10.28,10,,5,,,,,,,
e685cdbb-1691-4f4a-accd-3b49d3a0611c,BAPS USPSA February,2019-02-16,5,Green,7E948998-745D-4018-B824-528C74D44503,Raimon Alfonso,22,72.73,5,81.34,Limited,B,A37103,MAJOR,,61.0056,54.5463,6.7961,10.30,10,,5,,,,,,,
e685cdbb-1691-4f4a-accd-3b49d3a0611c,BAPS USPSA February,2019-02-16,5,Green,7E948998-745D-4018-B824-528C74D44503,Danny Naramore,23,72.31,5,72.31,PCC,B,TY96553,MINOR,,54.2308,54.2308,6.7568,9.62,10,,5,,,,,,,
e685cdbb-1691-4f4a-accd-3b49d3a0611c,BAPS USPSA February,2019-02-16,5,Green,7E948998-745D-4018-B824-528C74D44503,Mike Junco,24,71.41,5,84.62,Production,A,FY107182,MINOR,,63.4642,53.5566,6.6728,10.94,14,,1,,,,,,,
e685cdbb-1691-4f4a-accd-3b49d3a0611c,BAPS USPSA February,2019-02-16,5,Green,7E948998-745D-4018-B824-528C74D44503,Arnold Gee,25,71.28,6,73.36,Open,,A103519,MAJOR,,55.0220,53.4563,6.6603,10.51,10,,5,,,,,,,
e685cdbb-1691-4f4a-accd-3b49d3a0611c,BAPS USPSA February,2019-02-16,5,Green,7E948998-745D-4018-B824-528C74D44503,Ryan Alicaya,26,71.27,5,81.97,Carry Optics,U,,MINOR,,61.4769,53.4539,6.6600,10.06,11,,4,,,,,,,
e685cdbb-1691-4f4a-accd-3b49d3a0611c,BAPS USPSA February,2019-02-16,5,Green,7E948998-745D-4018-B824-528C74D44503,Glenn Cunningham,27,71.20,6,71.20,PCC,U,A78280,MINOR,,53.4009,53.4009,6.6534,10.07,12,,2,1,,,,,,
e685cdbb-1691-4f4a-accd-3b49d3a0611c,BAPS USPSA February,2019-02-16,5,Green,7E948998-745D-4018-B824-528C74D44503,Paul Torre,28,70.88,6,83.99,Production,U,TY88028,MINOR,,62.9916,53.1577,6.6231,10.72,13,,2,,,,,,,
e685cdbb-1691-4f4a-accd-3b49d3a0611c,BAPS USPSA February,2019-02-16,5,Green,7E948998-745D-4018-B824-528C74D44503,Jing Bedro,29,70.65,7,70.65,PCC,U,A98263,MINOR,,52.9860,52.9860,6.6017,9.24,9,,5,1,,,,,,
e685cdbb-1691-4f4a-accd-3b49d3a0611c,BAPS USPSA February,2019-02-16,5,Green,7E948998-745D-4018-B824-528C74D44503,BJ Burton,30,70.24,7,72.30,Open,,A86420,MAJOR,,54.2215,52.6786,6.5634,10.97,12,,3,,,,,,,
e685cdbb-1691-4f4a-accd-3b49d3a0611c,BAPS USPSA February,2019-02-16,5,Green,7E948998-745D-4018-B824-528C74D44503,Matt Lem,31,68.82,7,81.55,Production,A,TY34763,MINOR,,61.1607,51.6127,6.4306,10.73,12,,3,,,,,,,
e685cdbb-1691-4f4a-accd-3b49d3a0611c,BAPS USPSA February,2019-02-16,5,Green,7E948998-745D-4018-B824-528C74D44503,Michael Pontious,32,64.83,8,66.73,Open,U,TY94575,MAJOR,,50.0454,48.6214,6.0579,11.06,11,,2,2,,,,,,
e685cdbb-1691-4f4a-accd-3b49d3a0611c,BAPS USPSA February,2019-02-16,5,Green,7E948998-745D-4018-B824-528C74D44503,Paul Felker,33,64.51,6,74.19,Carry Optics,B,TY107123,MINOR,,55.6403,48.3790,6.0277,10.12,8,,7,,,,,,,
e685cdbb-1691-4f4a-accd-3b49d3a0611c,BAPS USPSA February,2019-02-16,5,Green,7E948998-745D-4018-B824-528C74D44503,Marlon Poralan,34,63.66,7,73.21,Carry Optics,D,PEN,MINOR,,54.9074,47.7417,5.9483,11.60,12,,3,,,,,,,
e685cdbb-1691-4f4a-accd-3b49d3a0611c,BAPS USPSA February,2019-02-16,5,Green,7E948998-745D-4018-B824-528C74D44503,Nathan Peterson,35,62.37,8,73.90,Production,U,A111101,MINOR,,55.4285,46.7754,5.8279,10.81,10,,4,1,,,,,,
e685cdbb-1691-4f4a-accd-3b49d3a0611c,BAPS USPSA February,2019-02-16,5,Green,7E948998-745D-4018-B824-528C74D44503,Rick Emde,36,61.42,9,63.21,Open,B,TY69327,MAJOR,,47.4109,46.0619,5.7390,12.72,13,,2,,,,,,,
e685cdbb-1691-4f4a-accd-3b49d3a0611c,BAPS USPSA February,2019-02-16,5,Green,7E948998-745D-4018-B824-528C74D44503,Pat Byrne,37,61.10,1,100.00,Single Stack,,FY93921,MAJOR,,75.0000,45.8275,5.7098,12.61,12,,3,,,,,,,
e685cdbb-1691-4f4a-accd-3b49d3a0611c,BAPS USPSA February,2019-02-16,5,Green,7E948998-745D-4018-B824-528C74D44503,JAY-R DELOS-SANTOS,38,60.89,8,70.03,Carry Optics,C,A70297,MINOR,,52.5258,45.6710,5.6903,10.72,8,,7,,,,,,,
e685cdbb-1691-4f4a-accd-3b49d3a0611c,BAPS USPSA February,2019-02-16,5,Green,7E948998-745D-4018-B824-528C74D44503,Tom Neal,39,59.59,10,61.34,Open,,L2362,MAJOR,,46.0032,44.6942,5.5686,12.75,11,,4,,,,,,,
e685cdbb-1691-4f4a-accd-3b49d3a0611c,BAPS USPSA February,2019-02-16,5,Green,7E948998-745D-4018-B824-528C74D44503,Jim Duncan,40,59.17,9,70.12,Production,,TY33325,MINOR,Senior,52.5914,44.3812,5.5296,12.84,13,,2,,,,,,,
e685cdbb-1691-4f4a-accd-3b49d3a0611c,BAPS USPSA February,2019-02-16,5,Green,7E948998-745D-4018-B824-528C74D44503,Garry Newton,41,59.15,8,59.15,PCC,B,TY79434,MINOR,Super Senior,44.3603,44.3603,5.5270,7.78,12,,1,,2,,,,,
e685cdbb-1691-4f4a-accd-3b49d3a0611c,BAPS USPSA February,2019-02-16,5,Green,7E948998-745D-4018-B824-528C74D44503,Eddie Jimenea,42,57.14,11,58.82,Open,M,A14869,MAJOR,,44.1131,42.8578,5.3398,10.30,9,,5,,1,,,,,
e685cdbb-1691-4f4a-accd-3b49d3a0611c,BAPS USPSA February,2019-02-16,5,Green,7E948998-745D-4018-B824-528C74D44503,Ashley West-Sullivan,43,57.11,10,67.67,Production,C,TY92392,MINOR,Lady,50.7558,42.8321,5.3366,12.18,11,,3,1,,,,,,
e685cdbb-1691-4f4a-accd-3b49d3a0611c,BAPS USPSA February,2019-02-16,5,Green,7E948998-745D-4018-B824-528C74D44503,Dave Eickhoff,44,56.70,9,65.21,Carry Optics,C,TY5063,MINOR,,48.9102,42.5272,5.2986,11.89,10,,4,1,,,,,,
e685cdbb-1691-4f4a-accd-3b49d3a0611c,BAPS USPSA February,2019-02-16,5,Green,7E948998-745D-4018-B824-528C74D44503,Mike Kahl,45,56.51,11,66.96,Production,B,A70984,MINOR,Super Senior,50.2203,42.3803,5.2803,12.31,11,,3,1,,,,,,
e685cdbb-1691-4f4a-accd-3b49d3a0611c,BAPS USPSA February,2019-02-16,5,Green,7E948998-745D-4018-B824-528C74D44503,Duane Mendoza,46,56.28,12,66.69,Production,U,TY98162,MINOR,,50.0159,42.2077,5.2588,11.98,10,,4,1,,,,,,
e685cdbb-1691-4f4a-accd-3b49d3a0611c,BAPS USPSA February,2019-02-16,5,Green,7E948998-745D-4018-B824-528C74D44503,Stefan Liming,47,55.68,10,64.04,Carry Optics,none,A71566,MINOR,,48.0314,41.7631,5.2034,10.57,7,,6,2,,,,,,
e685cdbb-1691-4f4a-accd-3b49d3a0611c,BAPS USPSA February,2019-02-16,5,Green,7E948998-745D-4018-B824-528C74D44503,Jen Kroll,48,54.90,13,65.06,Production,C,A93835,MINOR,,48.7937,41.1764,5.1303,12.28,9,,6,,,,,,,
e685cdbb-1691-4f4a-accd-3b49d3a0611c,BAPS USPSA February,2019-02-16,5,Green,7E948998-745D-4018-B824-528C74D44503,Chris Nagala,49,54.02,14,64.01,Production,U,TY97712,MINOR,,48.0062,40.5118,5.0475,13.67,12,,3,,,,,,,
e685cdbb-1691-4f4a-accd-3b49d3a0611c,BAPS USPSA February,2019-02-16,5,Green,7E948998-745D-4018-B824-528C74D44503,Tom Donahue,50,54.01,9,54.01,PCC,B,FY69009,MINOR,,40.5102,40.5102,5.0473,9.51,8,,6,,1,,,,,
e685cdbb-1691-4f4a-accd-3b49d3a0611c,BAPS USPSA February,2019-02-16,5,Green,7E948998-745D-4018-B824-528C74D44503,Chris Peterson,51,53.56,15,63.46,Production,none,,MINOR,,47.5972,40.1667,5.0045,11.19,12,,2,,1,,,,,
e685cdbb-1691-4f4a-accd-3b49d3a0611c,BAPS USPSA February,2019-02-16,5,Green,7E948998-745D-4018-B824-528C74D44503,Bill Kinstley,52,52.64,6,58.88,Limited,C,A104836,MAJOR,,44.1575,39.4820,4.9192,14.23,10,,5,,,,,,,
e685cdbb-1691-4f4a-accd-3b49d3a0611c,BAPS USPSA February,2019-02-16,5,Green,7E948998-745D-4018-B824-528C74D44503,Andrew Whitley,53,51.93,7,58.08,Limited,,TY106649,MINOR,,43.5614,38.9491,4.8528,12.57,9,,5,1,,,,,,
e685cdbb-1691-4f4a-accd-3b49d3a0611c,BAPS USPSA February,2019-02-16,5,Green,7E948998-745D-4018-B824-528C74D44503,Chris Zak,54,50.72,16,60.11,Production,U,L4616,MINOR,,45.0788,38.0414,4.7397,12.87,8,,7,,,,,,,
e685cdbb-1691-4f4a-accd-3b49d3a0611c,BAPS USPSA February,2019-02-16,5,Green,7E948998-745D-4018-B824-528C74D44503,Jerry Dueitt,55,47.81,2,78.24,Single Stack,D,,MINOR,,58.6807,35.8559,4.4674,14.55,11,,3,1,,,,,,
e685cdbb-1691-4f4a-accd-3b49d3a0611c,BAPS USPSA February,2019-02-16,5,Green,7E948998-745D-4018-B824-528C74D44503,Richard Dillow,56,47.76,10,47.76,PCC,C,FY57446,MINOR,Senior,35.8213,35.8213,4.4631,15.46,12,,3,,,,,,,
e685cdbb-1691-4f4a-accd-3b49d3a0611c,BAPS USPSA February,2019-02-16,5,Green,7E948998-745D-4018-B824-528C74D44503,Gary Ashorn,57,45.28,8,50.64,Limited,U,A98048,MINOR,Senior,37.9807,33.9593,4.2311,12.29,10,,4,,1,,,,,
e685cdbb-1691-4f4a-accd-3b49d3a0611c,BAPS USPSA February,2019-02-16,5,Green,7E948998-745D-4018-B824-528C74D44503,Robert Hollier,58,44.08,17,52.24,Production,U,FY24941,MINOR,Senior,39.1763,33.0604,4.1191,15.78,11,,3,1,,,,,,
e685cdbb-1691-4f4a-accd-3b49d3a0611c,BAPS USPSA February,2019-02-16,5,Green,7E948998-745D-4018-B824-528C74D44503,Gary Wu,59,43.20,9,48.31,Limited,B,L2998,MAJOR,,36.2348,32.3982,4.0366,13.13,9,,4,1,1,,,,,
e685cdbb-1691-4f4a-accd-3b49d3a0611c,BAPS USPSA February,2019-02-16,5,Green,7E948998-745D-4018-B824-528C74D44503,Mitchell Ivey,60,42.51,12,43.76,Open,,A116953,MAJOR,,32.8176,31.8837,3.9725,18.88,15,,,,,,,,,
e685cdbb-1691-4f4a-accd-3b49d3a0611c,BAPS USPSA February,2019-02-16,5,Green,7E948998-745D-4018-B824-528C74D44503,Herman Waddy,61,42.19,18,49.99,Production,C,A101165,MINOR,,37.4948,31.6413,3.9423,18.01,13,,2,,,,,,,
e685cdbb-1691-4f4a-accd-3b49d3a0611c,BAPS USPSA February,2019-02-16,5,Green,7E948998-745D-4018-B824-528C74D44503,Jonathan Warrender,62,41.54,3,67.98,Single Stack,,TY86145,MAJOR,Military,50.9834,31.1525,3.8814,14.17,11,,2,1,1,,,,,
e685cdbb-1691-4f4a-accd-3b49d3a0611c,BAPS USPSA February,2019-02-16,5,Green,7E948998-745D-4018-B824-528C74D44503,Sid Kulcak,63,41.40,11,41.40,PCC,U,A57537,MINOR,,31.0530,31.0530,3.8690,16.80,10,,5,,,,,,,
e685cdbb-1691-4f4a-accd-3b49d3a0611c,BAPS USPSA February,2019-02-16,5,Green,7E948998-745D-4018-B824-528C74D44503,Travis Edwards,64,40.07,10,44.82,Limited,D,A107004,MAJOR,,33.6127,30.0538,3.7445,13.62,7,,6,1,1,,,,,
e685cdbb-1691-4f4a-accd-3b49d3a0611c,BAPS USPSA February,2019-02-16,5,Green,7E948998-745D-4018-B824-528C74D44503,Albert Calderon,65,39.72,13,40.89,Open,B,A74722,MAJOR,,30.6639,29.7913,3.7118,13.74,7,,6,1,1,,,,,
e685cdbb-1691-4f4a-accd-3b49d3a0611c,BAPS USPSA February,2019-02-16,5,Green,7E948998-745D-4018-B824-528C74D44503,Adam Post,66,39.28,4,64.28,Single Stack,C,,MINOR,,48.2092,29.4574,3.6702,17.71,10,,5,,,,,,,
e685cdbb-1691-4f4a-accd-3b49d3a0611c,BAPS USPSA February,2019-02-16,5,Green,7E948998-745D-4018-B824-528C74D44503,Covan Master,67,36.72,12,36.72,PCC,U,A111536,MINOR,,27.5408,27.5408,3.4314,10.20,8,,5,,2,,,,,
e685cdbb-1691-4f4a-accd-3b49d3a0611c,BAPS USPSA February,2019-02-16,5,Green,7E948998-745D-4018-B824-528C74D44503,Quang Vu,68,36.25,11,40.54,Limited,,,MINOR,,30.4045,27.1852,3.3871,18.60,9,,6,,,,,,,
e685cdbb-1691-4f4a-accd-3b49d3a0611c,BAPS USPSA February,2019-02-16,5,Green,7E948998-745D-4018-B824-528C74D44503,Gary Owens,69,34.15,14,35.15,Open,C,FY101331,MAJOR,,26.3656,25.6153,3.1915,9.40,10,,2,1,2,,,1,,
e685cdbb-1691-4f4a-accd-3b49d3a0611c,BAPS USPSA February,2019-02-16,5,Green,7E948998-745D-4018-B824-528C74D44503,Bill Hunter,70,33.99,12,38.02,Limited,C,A13721,MAJOR,Super Senior,28.5113,25.4925,3.1762,20.15,8,,5,2,,,,,,
e685cdbb-1691-4f4a-accd-3b49d3a0611c,BAPS USPSA February,2019-02-16,5,Green,7E948998-745D-4018-B824-528C74D44503,James Richardson,71,33.79,13,37.80,Limited,U,A103934,MAJOR,,28.3471,25.3457,3.1579,22.80,12,,3,,,,,,,
e685cdbb-1691-4f4a-accd-3b49d3a0611c,BAPS USPSA February,2019-02-16,5,Green,7E948998-745D-4018-B824-528C74D44503,John Nixon,72,33.04,15,34.00,Open,A,A40007,MAJOR,,25.5031,24.7774,3.0871,9.07,8,,4,1,2,,,1,,
e685cdbb-1691-4f4a-accd-3b49d3a0611c,BAPS USPSA February,2019-02-16,5,Green,7E948998-745D-4018-B824-528C74D44503,Beth Riedel,73,33.02,19,39.12,Production,,,MINOR,,29.3430,24.7622,3.0852,20.42,9,,6,,,,,,,
e685cdbb-1691-4f4a-accd-3b49d3a0611c,BAPS USPSA February,2019-02-16,5,Green,7E948998-745D-4018-B824-528C74D44503,Albert Molina,74,32.13,16,33.07,Open,U,A107586,MAJOR,,24.8059,24.1000,3.0027,18.65,10,,4,,1,,,,,
e685cdbb-1691-4f4a-accd-3b49d3a0611c,BAPS USPSA February,2019-02-16,5,Green,7E948998-745D-4018-B824-528C74D44503,Bob Zweck,75,32.06,17,33.00,Open,B,A94853,MAJOR,,24.7530,24.0486,2.9963,10.68,10,,3,,2,,,1,,
e685cdbb-1691-4f4a-accd-3b49d3a0611c,BAPS USPSA February,2019-02-16,5,Green,7E948998-745D-4018-B824-528C74D44503,Mike Wilson,76,30.88,13,30.88,PCC,C,TY84396,MINOR,Super Senior,23.1585,23.1585,2.8854,12.13,13,,,,2,,,1,,
e685cdbb-1691-4f4a-accd-3b49d3a0611c,BAPS USPSA February,2019-02-16,5,Green,7E948998-745D-4018-B824-528C74D44503,Jean Richardson,77,25.52,14,28.54,Limited,U,A103935,MINOR,,21.4055,19.1391,2.3846,26.42,10,,4,1,,,,,,
e685cdbb-1691-4f4a-accd-3b49d3a0611c,BAPS USPSA February,2019-02-16,5,Green,7E948998-745D-4018-B824-528C74D44503,Emanuel Alcoseba,78,23.33,15,26.10,Limited,C,TY67519,MINOR,,19.5734,17.5009,2.1805,16.51,5,,6,3,1,,,,,
e685cdbb-1691-4f4a-accd-3b49d3a0611c,BAPS USPSA February,2019-02-16,5,Green,7E948998-745D-4018-B824-528C74D44503,Robert Acaron,79,23.14,16,25.88,Limited,,,MINOR,,19.4136,17.3581,2.1627,21.27,9,,3,2,1,,,,,
e685cdbb-1691-4f4a-accd-3b49d3a0611c,BAPS USPSA February,2019-02-16,5,Green,7E948998-745D-4018-B824-528C74D44503,Ronald Potier,80,18.66,11,21.46,Carry Optics,U,TY113089,MINOR,,16.0920,13.9919,1.7433,26.96,4,,8,3,,,,,,
e685cdbb-1691-4f4a-accd-3b49d3a0611c,BAPS USPSA February,2019-02-16,5,Green,7E948998-745D-4018-B824-528C74D44503,Angela Rabuck,81,16.45,17,18.40,Limited,C,A91275,MINOR,Lady,13.7997,12.3385,1.5373,13.01,8,,3,1,3,,,,,
e685cdbb-1691-4f4a-accd-3b49d3a0611c,BAPS USPSA February,2019-02-16,5,Green,7E948998-745D-4018-B824-528C74D44503,William Clark,82,3.78,18,4.22,Limited,,,MINOR,,3.1687,2.8332,0.3530,19.83,7,,4,,4,,,,,
e685cdbb-1691-4f4a-accd-3b49d3a0611c,BAPS USPSA February,2019-02-16,6,Cm 18-06,BB032D6B-BB4B-4843-AF20-F4964745E2D9,Wade Pruetz,1,100.00,1,100.00,PCC,M,TY79055,MINOR,,90.0000,90.0000,7.5401,,13,,5,,,,,,,"[5.38, 5.23]"
e685cdbb-1691-4f4a-accd-3b49d3a0611c,BAPS USPSA February,2019-02-16,6,Cm 18-06,BB032D6B-BB4B-4843-AF20-F4964745E2D9,Jay Bennett,2,85.18,2,85.18,PCC,A,A77156,MINOR,Senior,76.6625,76.6625,6.4227,,16,,2,,,,,,,"[7.77, 5.62]"
e685cdbb-1691-4f4a-accd-3b49d3a0611c,BAPS USPSA February,2019-02-16,6,Cm 18-06,BB032D6B-BB4B-4843-AF20-F4964745E2D9,Garry Newton,3,84.25,3,84.25,PCC,B,TY79434,MINOR,Super Senior,75.8222,75.8222,6.3523,,8,,5,2,,,,,,"[5.30, 5.09]"
e685cdbb-1691-4f4a-accd-3b49d3a0611c,BAPS USPSA February,2019-02-16,6,Cm 18-06,BB032D6B-BB4B-4843-AF20-F4964745E2D9,John Nixon,4,58.08,1,100.00,Open,A,A40007,MAJOR,,90.0000,52.2709,4.3792,,11,,5,2,,,,,,"[10.55, 7.49]"
e685cdbb-1691-4f4a-accd-3b49d3a0611c,BAPS USPSA February,2019-02-16,6,Cm 18-06,BB032D6B-BB4B-4843-AF20-F4964745E2D9,Derek Rabuck,5,57.31,4,57.31,PCC,B,A91331,MINOR,,51.5822,51.5822,4.3215,,10,,3,2,1,,,,,"[6.69, 6.50]"
e685cdbb-1691-4f4a-accd-3b49d3a0611c,BAPS USPSA February,2019-02-16,6,Cm 18-06,BB032D6B-BB4B-4843-AF20-F4964745E2D9,Gary Owens,6,51.69,2,89.00,Open,C,FY101331,MAJOR,,80.0961,46.5189,3.8973,,15,,2,1,,,,,,"[12.93, 8.88]"
e685cdbb-1691-4f4a-accd-3b49d3a0611c,BAPS USPSA February,2019-02-16,6,Cm 18-06,BB032D6B-BB4B-4843-AF20-F4964745E2D9,Mark Perretto,7,51.67,1,100.00,Production,,,MINOR,,90.0000,46.5046,3.8961,,15,,3,,,,,,,"[12.10, 9.46]"
e685cdbb-1691-4f4a-accd-3b49d3a0611c,BAPS USPSA February,2019-02-16,6,Cm 18-06,BB032D6B-BB4B-4843-AF20-F4964745E2D9,Mike Junco,8,48.30,2,93.48,Production,A,FY107182,MINOR,,84.1303,43.4716,3.6420,,9,,8,1,,,,,,"[11.17, 8.05]"
e685cdbb-1691-4f4a-accd-3b49d3a0611c,BAPS USPSA February,2019-02-16,6,Cm 18-06,BB032D6B-BB4B-4843-AF20-F4964745E2D9,Jonathan Warrender,9,47.78,1,100.00,Single Stack,,TY86145,MAJOR,Military,90.0000,42.9989,3.6024,,9,,8,1,,,,,,"[11.76, 10.17]"
e685cdbb-1691-4f4a-accd-3b49d3a0611c,BAPS USPSA February,2019-02-16,6,Cm 18-06,BB032D6B-BB4B-4843-AF20-F4964745E2D9,Glenn Cunningham,10,46.46,5,46.46,PCC,U,A78280,MINOR,,41.8184,41.8184,3.5035,,18,,,,,,,2,,"[11.35, 8.63]"
e685cdbb-1691-4f4a-accd-3b49d3a0611c,BAPS USPSA February,2019-02-16,6,Cm 18-06,BB032D6B-BB4B-4843-AF20-F4964745E2D9,Tom Donahue,11,45.69,6,45.69,PCC,B,FY69009,MINOR,,41.1201,41.1201,3.4450,,9,,9,,,,,,,"[12.35, 8.55]"
e685cdbb-1691-4f4a-accd-3b49d3a0611c,BAPS USPSA February,2019-02-16,6,Cm 18-06,BB032D6B-BB4B-4843-AF20-F4964745E2D9,Jing Bedro,12,45.32,7,45.32,PCC,U,A98263,MINOR,,40.7907,40.7907,3.4174,,10,,7,,1,,,,,"[7.92, 9.93]"
e685cdbb-1691-4f4a-accd-3b49d3a0611c,BAPS USPSA February,2019-02-16,6,Cm 18-06,BB032D6B-BB4B-4843-AF20-F4964745E2D9,Dave Campbell,13,43.31,3,74.58,Open,A,TY26527,MAJOR,Senior,67.1177,38.9812,3.2658,,10,,3,4,1,,1,,,"[8.54, 6.77]"
e685cdbb-1691-4f4a-accd-3b49d3a0611c,BAPS USPSA February,2019-02-16,6,Cm 18-06,BB032D6B-BB4B-4843-AF20-F4964745E2D9,JAY-R DELOS-SANTOS,14,43.15,1,100.00,Carry Optics,C,A70297,MINOR,,90.0000,38.8332,3.2534,,12,,5,1,,,,,,"[14.14, 9.22]"
e685cdbb-1691-4f4a-accd-3b49d3a0611c,BAPS USPSA February,2019-02-16,6,Cm 18-06,BB032D6B-BB4B-4843-AF20-F4964745E2D9,Steven Mcnamara,15,36.97,4,63.66,Open,B,A75212,MAJOR,,57.2940,33.2757,2.7878,,10,,5,2,1,,1,,,"[12.73, 6.64]"
e685cdbb-1691-4f4a-accd-3b49d3a0611c,BAPS USPSA February,2019-02-16,6,Cm 18-06,BB032D6B-BB4B-4843-AF20-F4964745E2D9,Kit Hoog,16,36.71,3,71.05,Production,,,MINOR,,63.9455,33.0417,2.7682,,10,,4,,2,,,,,"[10.12, 7.22]"
e685cdbb-1691-4f4a-accd-3b49d3a0611c,BAPS USPSA February,2019-02-16,6,Cm 18-06,BB032D6B-BB4B-4843-AF20-F4964745E2D9,Covan Master,17,36.71,8,36.71,PCC,U,A111536,MINOR,,33.0346,33.0346,2.7676,,12,,4,1,1,,1,,,"[11.04, 8.11]"
e685cdbb-1691-4f4a-accd-3b49d3a0611c,BAPS USPSA February,2019-02-16,6,Cm 18-06,BB032D6B-BB4B-4843-AF20-F4964745E2D9,Jason Brinkley,18,36.67,1,100.00,Limited,,A61861,MAJOR,,90.0000,33.0035,2.7650,,10,,5,,2,,,,,"[12.97, 6.56]"
e685cdbb-1691-4f4a-accd-3b49d3a0611c,BAPS USPSA February,2019-02-16,6,Cm 18-06,BB032D6B-BB4B-4843-AF20-F4964745E2D9,Scott Reeh,19,36.28,2,84.08,Carry Optics,,A91497,MINOR,,75.6676,32.6490,2.7353,,9,,8,,1,,,,,"[12.93, 8.64]"
e685cdbb-1691-4f4a-accd-3b49d3a0611c,BAPS USPSA February,2019-02-16,6,Cm 18-06,BB032D6B-BB4B-4843-AF20-F4964745E2D9,Jim Duncan,20,34.45,4,66.68,Production,,TY33325,MINOR,Senior,60.0116,31.0090,2.5979,,13,,3,1,1,,,,,"[14.77, 10.25]"
e685cdbb-1691-4f4a-accd-3b49d3a0611c,BAPS USPSA February,2019-02-16,6,Cm 18-06,BB032D6B-BB4B-4843-AF20-F4964745E2D9,Ricky Wiley,21,33.64,3,77.96,Carry Optics,U,A91320,MINOR,,70.1681,30.2761,2.5365,,15,,1,1,1,,,1,,"[13.91, 9.35]"
e685cdbb-1691-4f4a-accd-3b49d3a0611c,BAPS USPSA February,2019-02-16,6,Cm 18-06,BB032D6B-BB4B-4843-AF20-F4964745E2D9,Pat Byrne,22,33.38,2,69.86,Single Stack,,FY93921,MAJOR,,62.8731,30.0386,2.5166,,13,,3,,2,,,,,"[13.83, 8.82]"
e685cdbb-1691-4f4a-accd-3b49d3a0611c,BAPS USPSA February,2019-02-16,6,Cm 18-06,BB032D6B-BB4B-4843-AF20-F4964745E2D9,Matt Lem,23,32.37,5,62.64,Production,A,TY34763,MINOR,,56.3756,29.1303,2.4405,,13,,2,,3,,,,,"[9.99, 6.81]"
e685cdbb-1691-4f4a-accd-3b49d3a0611c,BAPS USPSA February,2019-02-16,6,Cm 18-06,BB032D6B-BB4B-4843-AF20-F4964745E2D9,Daniel Thompson,24,32.30,4,74.86,Carry Optics,B,TY93931,MINOR,,67.3714,29.0694,2.4354,,14,,3,,1,,2,,,"[13.16, 6.96]"
e685cdbb-1691-4f4a-accd-3b49d3a0611c,BAPS USPSA February,2019-02-16,6,Cm 18-06,BB032D6B-BB4B-4843-AF20-F4964745E2D9,Sid Kulcak,25,31.66,9,31.66,PCC,U,A57537,MINOR,,28.4952,28.4952,2.3873,,16,,1,,1,,1,,,"[14.97, 11.42]"
e685cdbb-1691-4f4a-accd-3b49d3a0611c,BAPS USPSA February,2019-02-16,6,Cm 18-06,BB032D6B-BB4B-4843-AF20-F4964745E2D9,Mike Wilson,26,31.26,10,31.26,PCC,C,TY84396,MINOR,Super Senior,28.1300,28.1300,2.3567,,13,,3,,2,,1,,,"[9.39, 9.28]"
e685cdbb-1691-4f4a-accd-3b49d3a0611c,BAPS USPSA February,2019-02-16,6,Cm 18-06,BB032D6B-BB4B-4843-AF20-F4964745E2D9,Tony Phan,27,30.17,5,69.92,Carry Optics,A,FY11963,MINOR,,62.9259,27.1512,2.2747,,12,,4,1,1,,1,,,"[14.31, 8.99]"
e685cdbb-1691-4f4a-accd-3b49d3a0611c,BAPS USPSA February,2019-02-16,6,Cm 18-06,BB032D6B-BB4B-4843-AF20-F4964745E2D9,Paul Felker,28,30.05,6,69.64,Carry Optics,B,TY107123,MINOR,,62.6769,27.0438,2.2657,,9,,5,1,2,,,,,"[10.94, 8.48]"
e685cdbb-1691-4f4a-accd-3b49d3a0611c,BAPS USPSA February,2019-02-16,6,Cm 18-06,BB032D6B-BB4B-4843-AF20-F4964745E2D9,Jen Kroll,29,29.21,6,56.53,Production,C,A93835,MINOR,,50.8732,26.2871,2.2023,,11,,4,2,1,,,,,"[16.62, 10.17]"
e685cdbb-1691-4f4a-accd-3b49d3a0611c,BAPS USPSA February,2019-02-16,6,Cm 18-06,BB032D6B-BB4B-4843-AF20-F4964745E2D9,Arnold Gee,30,28.74,5,49.49,Open,,A103519,MAJOR,,44.5376,25.8669,2.1671,,6,,10,1,1,,,,,"[17.11, 11.50]"
e685cdbb-1691-4f4a-accd-3b49d3a0611c,BAPS USPSA February,2019-02-16,6,Cm 18-06,BB032D6B-BB4B-4843-AF20-F4964745E2D9,BJ Burton,31,27.61,6,47.54,Open,,A86420,MAJOR,,42.7845,24.8487,2.0818,,14,,1,1,2,,,,,"[18.55, 8.35]"
e685cdbb-1691-4f4a-accd-3b49d3a0611c,BAPS USPSA February,2019-02-16,6,Cm 18-06,BB032D6B-BB4B-4843-AF20-F4964745E2D9,Tom Neal,32,27.22,7,46.87,Open,,L2362,MAJOR,,42.1844,24.5002,2.0526,,11,,5,1,1,,,1,,"[16.22, 11.55]"
e685cdbb-1691-4f4a-accd-3b49d3a0611c,BAPS USPSA February,2019-02-16,6,Cm 18-06,BB032D6B-BB4B-4843-AF20-F4964745E2D9,Mike Kahl,33,27.22,7,52.67,Production,B,A70984,MINOR,Super Senior,47.4059,24.4954,2.0522,,10,,6,,2,,,,,"[13.71, 9.68]"
e685cdbb-1691-4f4a-accd-3b49d3a0611c,BAPS USPSA February,2019-02-16,6,Cm 18-06,BB032D6B-BB4B-4843-AF20-F4964745E2D9,Jerry Dueitt,34,26.00,3,54.43,Single Stack,D,,MINOR,,48.9873,23.4045,1.9608,,11,,3,2,2,,,,,"[14.39, 9.07]"
e685cdbb-1691-4f4a-accd-3b49d3a0611c,BAPS USPSA February,2019-02-16,6,Cm 18-06,BB032D6B-BB4B-4843-AF20-F4964745E2D9,Gary Ashorn,35,24.75,2,67.50,Limited,U,A98048,MINOR,Senior,60.7508,22.2777,1.8664,,12,,3,1,2,,,,,"[16.29, 10.50]"
e685cdbb-1691-4f4a-accd-3b49d3a0611c,BAPS USPSA February,2019-02-16,6,Cm 18-06,BB032D6B-BB4B-4843-AF20-F4964745E2D9,Chris Peterson,36,24.65,8,47.71,Production,none,,MINOR,,42.9360,22.1858,1.8587,,11,,5,,2,,1,,,"[12.46, 9.06]"
e685cdbb-1691-4f4a-accd-3b49d3a0611c,BAPS USPSA February,2019-02-16,6,Cm 18-06,BB032D6B-BB4B-4843-AF20-F4964745E2D9,Ashley West-Sullivan,37,24.28,9,46.99,Production,C,TY92392,MINOR,Lady,42.2892,21.8516,1.8307,,10,,6,,2,,,,,"[14.52, 11.70]"
e685cdbb-1691-4f4a-accd-3b49d3a0611c,BAPS USPSA February,2019-02-16,6,Cm 18-06,BB032D6B-BB4B-4843-AF20-F4964745E2D9,Corey Slifko,38,23.05,3,62.86,Limited,A,A82935,MAJOR,,56.5747,20.7463,1.7381,,6,,6,3,3,,,,,"[10.34, 6.92]"
e685cdbb-1691-4f4a-accd-3b49d3a0611c,BAPS USPSA February,2019-02-16,6,Cm 18-06,BB032D6B-BB4B-4843-AF20-F4964745E2D9,Chev Jacot,39,22.38,11,22.38,PCC,B,a72378,MINOR,,20.1387,20.1387,1.6872,,12,,2,,4,,,,,"[7.63, 7.78]"
e685cdbb-1691-4f4a-accd-3b49d3a0611c,BAPS USPSA February,2019-02-16,6,Cm 18-06,BB032D6B-BB4B-4843-AF20-F4964745E2D9,Adam Post,40,22.12,4,46.30,Single Stack,C,,MINOR,,41.6697,19.9084,1.6679,,10,,5,1,2,,,,,"[16.49, 11.09]"
e685cdbb-1691-4f4a-accd-3b49d3a0611c,BAPS USPSA February,2019-02-16,6,Cm 18-06,BB032D6B-BB4B-4843-AF20-F4964745E2D9,Mitchell Ivey,41,22.06,8,37.99,Open,,A116953,MAJOR,,34.1878,19.8558,1.6635,,11,,2,1,2,,,,,"[17.10, 14.76]"
e685cdbb-1691-4f4a-accd-3b49d3a0611c,BAPS USPSA February,2019-02-16,6,Cm 18-06,BB032D6B-BB4B-4843-AF20-F4964745E2D9,Jon Baguio,42,20.62,4,56.24,Limited,U,PENDING,MINOR,,50.6116,18.5596,1.5549,,9,,5,2,2,,1,,,"[12.68, 7.90]"
e685cdbb-1691-4f4a-accd-3b49d3a0611c,BAPS USPSA February,2019-02-16,6,Cm 18-06,BB032D6B-BB4B-4843-AF20-F4964745E2D9,Robert Hollier,43,19.68,10,38.09,Production,U,FY24941,MINOR,Senior,34.2781,17.7121,1.4839,,7,,5,3,2,,,,,"[15.15, 9.11]"
e685cdbb-1691-4f4a-accd-3b49d3a0611c,BAPS USPSA February,2019-02-16,6,Cm 18-06,BB032D6B-BB4B-4843-AF20-F4964745E2D9,Danny Naramore,44,19.64,12,19.64,PCC,B,TY96553,MINOR,,17.6799,17.6799,1.4812,,12,,3,,3,,,,,"[18.32, 8.01]"
e685cdbb-1691-4f4a-accd-3b49d3a0611c,BAPS USPSA February,2019-02-16,6,Cm 18-06,BB032D6B-BB4B-4843-AF20-F4964745E2D9,Richard Dillow,45,19.32,13,19.32,PCC,C,FY57446,MINOR,Senior,17.3922,17.3922,1.4571,,10,,3,1,2,,,,,"[22.57, 9.00]"
e685cdbb-1691-4f4a-accd-3b49d3a0611c,BAPS USPSA February,2019-02-16,6,Cm 18-06,BB032D6B-BB4B-4843-AF20-F4964745E2D9,Bob Zweck,46,14.80,9,25.48,Open,B,A94853,MAJOR,,22.9316,13.3184,1.1158,,7,,6,1,4,,,,,"[10.01, 8.81]"
e685cdbb-1691-4f4a-accd-3b49d3a0611c,BAPS USPSA February,2019-02-16,6,Cm 18-06,BB032D6B-BB4B-4843-AF20-F4964745E2D9,Marlon Poralan,47,13.71,7,31.78,Carry Optics,D,PEN,MINOR,,28.6012,12.3408,1.0339,,6,,8,1,3,,,,,"[14.87, 9.31]"
e685cdbb-1691-4f4a-accd-3b49d3a0611c,BAPS USPSA February,2019-02-16,6,Cm 18-06,BB032D6B-BB4B-4843-AF20-F4964745E2D9,Chris Zak,48,13.70,11,26.51,Production,U,L4616,MINOR,,23.8600,12.3289,1.0329,,5,,8,3,2,,1,,,"[12.84, 8.46]"
e685cdbb-1691-4f4a-accd-3b49d3a0611c,BAPS USPSA February,2019-02-16,6,Cm 18-06,BB032D6B-BB4B-4843-AF20-F4964745E2D9,Jerry McClain,49,12.94,5,35.29,Limited,B,TY48726,MAJOR,,31.7653,11.6485,0.9759,,9,,2,3,4,,,,,"[11.99, 7.48]"
e685cdbb-1691-4f4a-accd-3b49d3a0611c,BAPS USPSA February,2019-02-16,6,Cm 18-06,BB032D6B-BB4B-4843-AF20-F4964745E2D9,Andrew Whitley,50,12.47,6,34.00,Limited,,TY106649,MINOR,,30.6000,11.2212,0.9401,,11,,2,,4,,,,,"[15.59, 9.94]"
e685cdbb-1691-4f4a-accd-3b49d3a0611c,BAPS USPSA February,2019-02-16,6,Cm 18-06,BB032D6B-BB4B-4843-AF20-F4964745E2D9,Herman Waddy,51,12.42,12,24.03,Production,C,A101165,MINOR,,21.6286,11.1758,0.9363,,7,,6,2,3,,,,,"[15.63, 11.07]"
e685cdbb-1691-4f4a-accd-3b49d3a0611c,BAPS USPSA February,2019-02-16,6,Cm 18-06,BB032D6B-BB4B-4843-AF20-F4964745E2D9,Brandon Hill,52,12.30,13,23.80,Production,M,TY80518,MINOR,,21.4230,11.0696,0.9274,,12,,2,1,3,,2,,,"[10.70, 7.63]"
e685cdbb-1691-4f4a-accd-3b49d3a0611c,BAPS USPSA February,2019-02-16,6,Cm 18-06,BB032D6B-BB4B-4843-AF20-F4964745E2D9,Rick Emde,53,11.56,10,19.91,Open,B,TY69327,MAJOR,,17.9170,10.4060,0.8718,,12,,3,1,2,,,1,,"[37.37, 13.10]"
e685cdbb-1691-4f4a-accd-3b49d3a0611c,BAPS USPSA February,2019-02-16,6,Cm 18-06,BB032D6B-BB4B-4843-AF20-F4964745E2D9,Jean Richardson,54,9.65,7,26.31,Limited,U,A103935,MINOR,,23.6799,8.6836,0.7275,,12,,3,,3,,1,,,"[22.39, 17.47]"
e685cdbb-1691-4f4a-accd-3b49d3a0611c,BAPS USPSA February,2019-02-16,6,Cm 18-06,BB032D6B-BB4B-4843-AF20-F4964745E2D9,Angela Rabuck,55,7.95,8,21.68,Limited,C,A91275,MINOR,Lady,19.5136,7.1557,0.5995,,8,,5,1,4,,,,,"[14.85, 11.84]"
e685cdbb-1691-4f4a-accd-3b49d3a0611c,BAPS USPSA February,2019-02-16,6,Cm 18-06,BB032D6B-BB4B-4843-AF20-F4964745E2D9,Emanuel Alcoseba,56,0.00,9,0.00,Limited,C,TY67519,MINOR,,0.0000,0.0000,,,,,,,,,,,,
e685cdbb-1691-4f4a-accd-3b49d3a0611c,BAPS USPSA February,2019-02-16,6,Cm 18-06,BB032D6B-BB4B-4843-AF20-F4964745E2D9,Raimon Alfonso,57,0.00,10,0.00,Limited,B,A37103,MAJOR,,0.0000,0.0000,,,,,,,,,,,,
e685cdbb-1691-4f4a-accd-3b49d3a0611c,BAPS USPSA February,2019-02-16,6,Cm 18-06,BB032D6B-BB4B-4843-AF20-F4964745E2D9,Albert Calderon,58,0.00,11,0.00,Open,B,A74722,MAJOR,,0.0000,0.0000,,,,,,,,,,,,
e685cdbb-1691-4f4a-accd-3b49d3a0611c,BAPS USPSA February,2019-02-16,6,Cm 18-06,BB032D6B-BB4B-4843-AF20-F4964745E2D9,Eddie Jimenea,59,0.00,12,0.00,Open,M,A14869,MAJOR,,0.0000,0.0000,,,,,,,,,,,,
e685cdbb-1691-4f4a-accd-3b49d3a0611c,BAPS USPSA February,2019-02-16,6,Cm 18-06,BB032D6B-BB4B-4843-AF20-F4964745E2D9,August Balagtas,60,0.00,13,0.00,Open,,L3674,MAJOR,,0.0000,0.0000,0.0000,,5,,6,,6,,,,,"[8.12, 9.01]"
e685cdbb-1691-4f4a-accd-3b49d3a0611c,BAPS USPSA February,2019-02-16,6,Cm 18-06,BB032D6B-BB4B-4843-AF20-F4964745E2D9,Randy Goodney,61,0.00,14,0.00,Open,A,A94852,MAJOR,,0.0000,0.0000,0.0000,,6,,3,2,6,,,,,"[9.94, 7.55]"
e685cdbb-1691-4f4a-accd-3b49d3a0611c,BAPS USPSA February,2019-02-16,6,Cm 18-06,BB032D6B-BB4B-4843-AF20-F4964745E2D9,Nathan Peterson,62,0.00,14,0.00,Production,U,A111101,MINOR,,0.0000,0.0000,0.0000,,9,,2,,5,,1,1,,"[11.28, 6.23]"
e685cdbb-1691-4f4a-accd-3b49d3a0611c,BAPS USPSA February,2019-02-16,6,Cm 18-06,BB032D6B-BB4B-4843-AF20-F4964745E2D9,Kyle Post,63,0.00,15,0.00,Production,A,A74846,MINOR,,0.0000,0.0000,0.0000,,10,,1,1,6,,,,,"[11.53, 7.52]"
e685cdbb-1691-4f4a-accd-3b49d3a0611c,BAPS USPSA February,2019-02-16,6,Cm 18-06,BB032D6B-BB4B-4843-AF20-F4964745E2D9,Stefan Liming,64,0.00,8,0.00,Carry Optics,none,A71566,MINOR,,0.0000,0.0000,0.0000,,3,,5,4,6,,,1,,"[12.25, 9.14]"
e685cdbb-1691-4f4a-accd-3b49d3a0611c,BAPS USPSA February,2019-02-16,6,Cm 18-06,BB032D6B-BB4B-4843-AF20-F4964745E2D9,Gary Wu,65,0.00,11,0.00,Limited,B,L2998,MAJOR,,0.0000,0.0000,0.0000,,7,,3,2,5,,1,,,"[13.30, 8.18]"
e685cdbb-1691-4f4a-accd-3b49d3a0611c,BAPS USPSA February,2019-02-16,6,Cm 18-06,BB032D6B-BB4B-4843-AF20-F4964745E2D9,Michael Pontious,66,0.00,15,0.00,Open,U,TY94575,MAJOR,,0.0000,0.0000,0.0000,,3,,3,3,5,,,,,"[10.35, 12.09]"
e685cdbb-1691-4f4a-accd-3b49d3a0611c,BAPS USPSA February,2019-02-16,6,Cm 18-06,BB032D6B-BB4B-4843-AF20-F4964745E2D9,Quang Vu,67,0.00,12,0.00,Limited,,,MINOR,,0.0000,0.0000,0.0000,,5,,8,3,2,,,6,,"[13.98, 8.76]"
e685cdbb-1691-4f4a-accd-3b49d3a0611c,BAPS USPSA February,2019-02-16,6,Cm 18-06,BB032D6B-BB4B-4843-AF20-F4964745E2D9,Anthony Smallwood,68,0.00,16,0.00,Open,C,A94508,MAJOR,,0.0000,0.0000,0.0000,,8,,3,,7,,2,1,,"[12.33, 10.47]"
e685cdbb-1691-4f4a-accd-3b49d3a0611c,BAPS USPSA February,2019-02-16,6,Cm 18-06,BB032D6B-BB4B-4843-AF20-F4964745E2D9,Ryan Alicaya,69,0.00,9,0.00,Carry Optics,U,,MINOR,,0.0000,0.0000,0.0000,,3,,,,15,,,,,"[23.82, 0.01]"
e685cdbb-1691-4f4a-accd-3b49d3a0611c,BAPS USPSA February,2019-02-16,6,Cm 18-06,BB032D6B-BB4B-4843-AF20-F4964745E2D9,Chris Nagala,70,0.00,16,0.00,Production,U,TY97712,MINOR,,0.0000,0.0000,0.0000,,3,,7,3,5,,,,,"[13.22, 10.92]"
e685cdbb-1691-4f4a-accd-3b49d3a0611c,BAPS USPSA February,2019-02-16,6,Cm 18-06,BB032D6B-BB4B-4843-AF20-F4964745E2D9,Duane Mendoza,71,0.00,17,0.00,Production,U,TY98162,MINOR,,0.0000,0.0000,0.0000,,6,,3,2,5,,,,,"[15.42, 8.82]"
e685cdbb-1691-4f4a-accd-3b49d3a0611c,BAPS USPSA February,2019-02-16,6,Cm 18-06,BB032D6B-BB4B-4843-AF20-F4964745E2D9,Paul Torre,72,0.00,18,0.00,Production,U,TY88028,MINOR,,0.0000,0.0000,0.0000,,6,,2,2,8,,1,,,"[13.54, 10.77]"
e685cdbb-1691-4f4a-accd-3b49d3a0611c,BAPS USPSA February,2019-02-16,6,Cm 18-06,BB032D6B-BB4B-4843-AF20-F4964745E2D9,Bill Kinstley,73,0.00,13,0.00,Limited,C,A104836,MAJOR,,0.0000,0.0000,0.0000,,6,,3,3,6,,,,,"[15.96, 9.96]"
e685cdbb-1691-4f4a-accd-3b49d3a0611c,BAPS USPSA February,2019-02-16,6,Cm 18-06,BB032D6B-BB4B-4843-AF20-F4964745E2D9,Travis Edwards,74,0.00,14,0.00,Limited,D,A107004,MAJOR,,0.0000,0.0000,0.0000,,3,,8,3,4,,5,1,,"[13.49, 13.25]"
e685cdbb-1691-4f4a-accd-3b49d3a0611c,BAPS USPSA February,2019-02-16,6,Cm 18-06,BB032D6B-BB4B-4843-AF20-F4964745E2D9,William Clark,75,0.00,15,0.00,Limited,,,MINOR,,0.0000,0.0000,0.0000,,3,,1,1,12,,,,,"[14.78, 12.48]"
e685cdbb-1691-4f4a-accd-3b49d3a0611c,BAPS USPSA February,2019-02-16,6,Cm 18-06,BB032D6B-BB4B-4843-AF20-F4964745E2D9,Robert Acaron,76,0.00,16,0.00,Limited,,,MINOR,,0.0000,0.0000,0.0000,,3,,5,5,4,,,3,,"[18.40, 8.92]"
e685cdbb-1691-4f4a-accd-3b49d3a0611c,BAPS USPSA February,2019-02-16,6,Cm 18-06,BB032D6B-BB4B-4843-AF20-F4964745E2D9,Dave Eickhoff,77,0.00,10,0.00,Carry Optics,C,TY5063,MINOR,,0.0000,0.0000,0.0000,,13,,4,,1,,,12,,"[12.69, 15.34]"
e685cdbb-1691-4f4a-accd-3b49d3a0611c,BAPS USPSA February,2019-02-16,6,Cm 18-06,BB032D6B-BB4B-4843-AF20-F4964745E2D9,Ronald Potier,78,0.00,11,0.00,Carry Optics,U,TY113089,MINOR,,0.0000,0.0000,0.0000,,2,,6,5,5,,,,,"[21.64, 13.80]"
e685cdbb-1691-4f4a-accd-3b49d3a0611c,BAPS USPSA February,2019-02-16,6,Cm 18-06,BB032D6B-BB4B-4843-AF20-F4964745E2D9,James Richardson,79,0.00,17,0.00,Limited,U,A103934,MAJOR,,0.0000,0.0000,0.0000,,7,,4,1,6,,,,,"[24.52, 12.03]"
e685cdbb-1691-4f4a-accd-3b49d3a0611c,BAPS USPSA February,2019-02-16,6,Cm 18-06,BB032D6B-BB4B-4843-AF20-F4964745E2D9,Albert Molina,80,0.00,17,0.00,Open,U,A107586,MAJOR,,0.0000,0.0000,0.0000,,5,,3,4,5,,,,,"[20.30, 20.70]"
e685cdbb-1691-4f4a-accd-3b49d3a0611c,BAPS USPSA February,2019-02-16,6,Cm 18-06,BB032D6B-BB4B-4843-AF20-F4964745E2D9,Bill Hunter,81,0.00,18,0.00,Limited,C,A13721,MAJOR,Super Senior,0.0000,0.0000,0.0000,,3,,4,2,9,,,2,,"[37.67, 9.65]"
e685cdbb-1691-4f4a-accd-3b49d3a0611c,BAPS USPSA February,2019-02-16,6,Cm 18-06,BB032D6B-BB4B-4843-AF20-F4964745E2D9,Beth Riedel,82,0.00,19,0.00,Production,,,MINOR,,0.0000,0.0000,0.0000,,7,,2,3,5,,,,,"[26.71, 24.33]"
