match_id,match_name,match_date,stage_number,stage_name,stage_uuid,shooter_name,shooter_rank_combined,shooter_percent_combined,shooter_rank_division,shooter_percent_division,division,class,member_number,power_factor,categories,stage_points,stage_points_combined,hit_factor,time,A,B,C,D,M,NPM,NS,Proc,Apen,detail_Times
e9d6ffd7-89e7-4142-9f35-c15178d01663,Wallis Orchard Practical Shooters OCT 16 815 AM Shooters Meeting,2022-10-16,1,JC 130,25f0901d-aa4c-bcf5-98fc-462a5e81e46f,Paul Felker,1,100.00,1,100.00,Carry Optics,M,TY107123,MINOR,,150.0000,150.0000,5.9312,25.29,30,,,,,,,,,
e9d6ffd7-89e7-4142-9f35-c15178d01663,Wallis Orchard Practical Shooters OCT 16 815 AM Shooters Meeting,2022-10-16,1,JC 130,25f0901d-aa4c-bcf5-98fc-462a5e81e46f,Jim Havens,2,98.69,2,98.69,Carry Optics,G,TY114636,MINOR,Senior,148.0400,148.0400,5.8537,24.60,27,,3,,,,,,,
e9d6ffd7-89e7-4142-9f35-c15178d01663,Wallis Orchard Practical Shooters OCT 16 815 AM Shooters Meeting,2022-10-16,1,JC 130,25f0901d-aa4c-bcf5-98fc-462a5e81e46f,Brandon Foss,3,93.63,3,93.63,Carry Optics,M,L5142,MINOR,,140.4480,140.4480,5.5535,26.65,29,,1,,,,,,,
e9d6ffd7-89e7-4142-9f35-c15178d01663,Wallis Orchard Practical Shooters OCT 16 815 AM Shooters Meeting,2022-10-16,1,JC 130,25f0901d-aa4c-bcf5-98fc-462a5e81e46f,Travis McKenzie,4,92.51,4,92.51,Carry Optics,U,TY139201,MINOR,,138.7637,138.7637,5.4869,25.88,26,,4,,,,,,,
e9d6ffd7-89e7-4142-9f35-c15178d01663,Wallis Orchard Practical Shooters OCT 16 815 AM Shooters Meeting,2022-10-16,1,JC 130,25f0901d-aa4c-bcf5-98fc-462a5e81e46f,Sheng Onia,5,89.95,1,100.00,Production,U,0,MINOR,Senior,150.0000,134.9221,5.3350,23.43,24,,5,,1,,,,,
e9d6ffd7-89e7-4142-9f35-c15178d01663,Wallis Orchard Practical Shooters OCT 16 815 AM Shooters Meeting,2022-10-16,1,JC 130,25f0901d-aa4c-bcf5-98fc-462a5e81e46f,August Balagtas,6,89.67,1,100.00,Open,M,L3674,MAJOR,,150.0000,134.5099,5.3187,26.51,23,,6,1,,,,,,
e9d6ffd7-89e7-4142-9f35-c15178d01663,Wallis Orchard Practical Shooters OCT 16 815 AM Shooters Meeting,2022-10-16,1,JC 130,25f0901d-aa4c-bcf5-98fc-462a5e81e46f,Pete Kirchner,7,89.54,5,89.54,Carry Optics,A,TY105743,MINOR,,134.3151,134.3151,5.3110,27.49,28,,2,,,,,,,
e9d6ffd7-89e7-4142-9f35-c15178d01663,Wallis Orchard Practical Shooters OCT 16 815 AM Shooters Meeting,2022-10-16,1,JC 130,25f0901d-aa4c-bcf5-98fc-462a5e81e46f,Edwin Garcia,8,89.28,6,89.28,Carry Optics,U,Ty38396,MINOR,,133.9181,133.9181,5.2953,24.55,21,,8,1,,,,,,
e9d6ffd7-89e7-4142-9f35-c15178d01663,Wallis Orchard Practical Shooters OCT 16 815 AM Shooters Meeting,2022-10-16,1,JC 130,25f0901d-aa4c-bcf5-98fc-462a5e81e46f,Matthew Michna,9,88.77,7,88.77,Carry Optics,A,A128405,MINOR,,133.1543,133.1543,5.2651,27.35,27,,3,,,,,,,
e9d6ffd7-89e7-4142-9f35-c15178d01663,Wallis Orchard Practical Shooters OCT 16 815 AM Shooters Meeting,2022-10-16,1,JC 130,25f0901d-aa4c-bcf5-98fc-462a5e81e46f,Craig Bellamy,10,85.23,2,94.75,Production,U,Ty54824,MINOR,Law Enforcement,142.1246,127.8384,5.0549,27.30,24,,6,,,,,,,
e9d6ffd7-89e7-4142-9f35-c15178d01663,Wallis Orchard Practical Shooters OCT 16 815 AM Shooters Meeting,2022-10-16,1,JC 130,25f0901d-aa4c-bcf5-98fc-462a5e81e46f,Chez Chike-Udenze,11,83.35,8,83.35,Carry Optics,B,A138598,MINOR,,125.0236,125.0236,4.9436,25.69,25,,4,,1,,,,,
e9d6ffd7-89e7-4142-9f35-c15178d01663,Wallis Orchard Practical Shooters OCT 16 815 AM Shooters Meeting,2022-10-16,1,JC 130,25f0901d-aa4c-bcf5-98fc-462a5e81e46f,Arnold Gee,12,81.00,2,90.32,Open,B,Ty103519,MAJOR,Senior,135.4842,121.4931,4.8040,28.31,20,,8,2,,,,,,
e9d6ffd7-89e7-4142-9f35-c15178d01663,Wallis Orchard Practical Shooters OCT 16 815 AM Shooters Meeting,2022-10-16,1,JC 130,25f0901d-aa4c-bcf5-98fc-462a5e81e46f,Zvi Davidoff,13,80.99,3,90.32,Open,X,,MAJOR,,135.4758,121.4855,4.8037,23.94,13,,14,2,1,,,,,
e9d6ffd7-89e7-4142-9f35-c15178d01663,Wallis Orchard Practical Shooters OCT 16 815 AM Shooters Meeting,2022-10-16,1,JC 130,25f0901d-aa4c-bcf5-98fc-462a5e81e46f,Luke Rogers,14,78.90,9,78.90,Carry Optics,B,A133534,MINOR,,118.3572,118.3572,4.6800,29.06,23,,7,,,,,,,
e9d6ffd7-89e7-4142-9f35-c15178d01663,Wallis Orchard Practical Shooters OCT 16 815 AM Shooters Meeting,2022-10-16,1,JC 130,25f0901d-aa4c-bcf5-98fc-462a5e81e46f,Damon Killian,15,78.50,1,100.00,Limited 10,B,TY123776,MAJOR,,150.0000,117.7426,4.6557,30.93,24,,6,,,,,,,
e9d6ffd7-89e7-4142-9f35-c15178d01663,Wallis Orchard Practical Shooters OCT 16 815 AM Shooters Meeting,2022-10-16,1,JC 130,25f0901d-aa4c-bcf5-98fc-462a5e81e46f,Matthew Gonzalez,16,76.39,10,76.39,Carry Optics,B,A119810,MINOR,,114.5788,114.5788,4.5306,27.59,24,,5,,1,,,,,
e9d6ffd7-89e7-4142-9f35-c15178d01663,Wallis Orchard Practical Shooters OCT 16 815 AM Shooters Meeting,2022-10-16,1,JC 130,25f0901d-aa4c-bcf5-98fc-462a5e81e46f,NeaL NaNDiN,17,76.11,11,76.11,Carry Optics,U,fy71894,MINOR,NEW SHOOTER,114.1717,114.1717,4.5145,32.34,28,,2,,,,,,,
e9d6ffd7-89e7-4142-9f35-c15178d01663,Wallis Orchard Practical Shooters OCT 16 815 AM Shooters Meeting,2022-10-16,1,JC 130,25f0901d-aa4c-bcf5-98fc-462a5e81e46f,Mike Junco,18,75.91,12,75.91,Carry Optics,M,TY34819,MINOR,Senior; Law Enforcement,113.8682,113.8682,4.5025,26.43,23,,4,2,1,,,,,
e9d6ffd7-89e7-4142-9f35-c15178d01663,Wallis Orchard Practical Shooters OCT 16 815 AM Shooters Meeting,2022-10-16,1,JC 130,25f0901d-aa4c-bcf5-98fc-462a5e81e46f,Dylan Lorence,19,75.46,4,84.15,Open,B,A123359,MAJOR,Military,126.2282,113.1929,4.4758,24.13,18,,9,1,2,,,,,
e9d6ffd7-89e7-4142-9f35-c15178d01663,Wallis Orchard Practical Shooters OCT 16 815 AM Shooters Meeting,2022-10-16,1,JC 130,25f0901d-aa4c-bcf5-98fc-462a5e81e46f,Matt Lem,20,74.01,3,82.28,Production,A,FY34763,MINOR,,123.4161,111.0104,4.3895,27.11,22,,6,1,1,,,,,
e9d6ffd7-89e7-4142-9f35-c15178d01663,Wallis Orchard Practical Shooters OCT 16 815 AM Shooters Meeting,2022-10-16,1,JC 130,25f0901d-aa4c-bcf5-98fc-462a5e81e46f,Jing Bedro,21,72.82,13,72.82,Carry Optics,C,,MINOR,,109.2249,109.2249,4.3189,27.09,20,,9,,1,,,,,
e9d6ffd7-89e7-4142-9f35-c15178d01663,Wallis Orchard Practical Shooters OCT 16 815 AM Shooters Meeting,2022-10-16,1,JC 130,25f0901d-aa4c-bcf5-98fc-462a5e81e46f,Gary Wu,22,71.81,4,79.84,Production,B,L2998,MINOR,Senior,119.7554,107.7177,4.2593,31.93,24,,5,1,,,,,,
e9d6ffd7-89e7-4142-9f35-c15178d01663,Wallis Orchard Practical Shooters OCT 16 815 AM Shooters Meeting,2022-10-16,1,JC 130,25f0901d-aa4c-bcf5-98fc-462a5e81e46f,Antonio Tormis,23,71.17,14,71.17,Carry Optics,B,,MINOR,,106.7592,106.7592,4.2214,28.19,21,,8,,1,,,,,
e9d6ffd7-89e7-4142-9f35-c15178d01663,Wallis Orchard Practical Shooters OCT 16 815 AM Shooters Meeting,2022-10-16,1,JC 130,25f0901d-aa4c-bcf5-98fc-462a5e81e46f,Anthony Smallwood,24,71.09,5,79.28,Open,C,TY94508,MAJOR,Senior,118.9210,106.6403,4.2167,32.49,21,,7,2,,,,,,
e9d6ffd7-89e7-4142-9f35-c15178d01663,Wallis Orchard Practical Shooters OCT 16 815 AM Shooters Meeting,2022-10-16,1,JC 130,25f0901d-aa4c-bcf5-98fc-462a5e81e46f,Alberto Ramirez,25,70.36,15,70.36,Carry Optics,U,,MINOR,,105.5326,105.5326,4.1729,33.55,25,,5,,,,,,,
e9d6ffd7-89e7-4142-9f35-c15178d01663,Wallis Orchard Practical Shooters OCT 16 815 AM Shooters Meeting,2022-10-16,1,JC 130,25f0901d-aa4c-bcf5-98fc-462a5e81e46f,Detlef Hohl,26,69.94,1,100.00,Single Stack,A,L3462,MAJOR,Senior,150.0000,104.9155,4.1485,34.47,23,,7,,,,,,,
e9d6ffd7-89e7-4142-9f35-c15178d01663,Wallis Orchard Practical Shooters OCT 16 815 AM Shooters Meeting,2022-10-16,1,JC 130,25f0901d-aa4c-bcf5-98fc-462a5e81e46f,Janice Pacleb,27,68.74,6,76.65,Open,B,,MAJOR,Lady,114.9811,103.1073,4.0770,35.32,24,,6,,,,,,,
e9d6ffd7-89e7-4142-9f35-c15178d01663,Wallis Orchard Practical Shooters OCT 16 815 AM Shooters Meeting,2022-10-16,1,JC 130,25f0901d-aa4c-bcf5-98fc-462a5e81e46f,Hugh Fullerton,28,68.60,16,68.60,Carry Optics,U,A140572,MINOR,,102.8949,102.8949,4.0686,34.41,25,,5,,,,,,,
e9d6ffd7-89e7-4142-9f35-c15178d01663,Wallis Orchard Practical Shooters OCT 16 815 AM Shooters Meeting,2022-10-16,1,JC 130,25f0901d-aa4c-bcf5-98fc-462a5e81e46f,Boyd Nabas,29,66.57,17,66.57,Carry Optics,D,0,MINOR,Junior,99.8499,99.8499,3.9482,31.66,24,,5,,1,,,,,
e9d6ffd7-89e7-4142-9f35-c15178d01663,Wallis Orchard Practical Shooters OCT 16 815 AM Shooters Meeting,2022-10-16,1,JC 130,25f0901d-aa4c-bcf5-98fc-462a5e81e46f,lin shi,30,65.53,18,65.53,Carry Optics,C,TY138430,MINOR,,98.2997,98.2997,3.8869,33.96,21,,9,,,,,,,
e9d6ffd7-89e7-4142-9f35-c15178d01663,Wallis Orchard Practical Shooters OCT 16 815 AM Shooters Meeting,2022-10-16,1,JC 130,25f0901d-aa4c-bcf5-98fc-462a5e81e46f,Michael Kiesewetter,31,64.36,5,71.56,Production,,TY118153,MINOR,,107.3365,96.5471,3.8176,28.29,23,,4,1,2,,,,,
e9d6ffd7-89e7-4142-9f35-c15178d01663,Wallis Orchard Practical Shooters OCT 16 815 AM Shooters Meeting,2022-10-16,1,JC 130,25f0901d-aa4c-bcf5-98fc-462a5e81e46f,Brett Dempsey,32,63.79,19,63.79,Carry Optics,C,L5408,MINOR,,95.6923,95.6923,3.7838,37.00,26,,3,1,,,,,,
e9d6ffd7-89e7-4142-9f35-c15178d01663,Wallis Orchard Practical Shooters OCT 16 815 AM Shooters Meeting,2022-10-16,1,JC 130,25f0901d-aa4c-bcf5-98fc-462a5e81e46f,Haydn Brown,33,63.62,6,70.73,Production,C,A62956,MINOR,,106.0993,95.4343,3.7736,36.57,25,,4,1,,,,,,
e9d6ffd7-89e7-4142-9f35-c15178d01663,Wallis Orchard Practical Shooters OCT 16 815 AM Shooters Meeting,2022-10-16,1,JC 130,25f0901d-aa4c-bcf5-98fc-462a5e81e46f,Duane Bellamy,34,63.41,20,63.41,Carry Optics,C,A133284,MINOR,,95.1207,95.1207,3.7612,36.69,25,,4,1,,,,,,
e9d6ffd7-89e7-4142-9f35-c15178d01663,Wallis Orchard Practical Shooters OCT 16 815 AM Shooters Meeting,2022-10-16,1,JC 130,25f0901d-aa4c-bcf5-98fc-462a5e81e46f,Marlon Poralan,35,62.86,7,70.10,Open,D,Ty1234,MAJOR,Law Enforcement,105.1441,94.2861,3.7282,33.26,18,,11,,1,,,,,
e9d6ffd7-89e7-4142-9f35-c15178d01663,Wallis Orchard Practical Shooters OCT 16 815 AM Shooters Meeting,2022-10-16,1,JC 130,25f0901d-aa4c-bcf5-98fc-462a5e81e46f,Ian Prete,36,61.81,21,61.81,Carry Optics,C,0,MINOR,,92.7156,92.7156,3.6661,32.46,21,,8,,1,,,,,
e9d6ffd7-89e7-4142-9f35-c15178d01663,Wallis Orchard Practical Shooters OCT 16 815 AM Shooters Meeting,2022-10-16,1,JC 130,25f0901d-aa4c-bcf5-98fc-462a5e81e46f,Doug Joder,37,61.67,1,100.00,PCC,B,A115020,MINOR,,150.0000,92.5057,3.6578,33.08,22,,7,,1,,,,,
e9d6ffd7-89e7-4142-9f35-c15178d01663,Wallis Orchard Practical Shooters OCT 16 815 AM Shooters Meeting,2022-10-16,1,JC 130,25f0901d-aa4c-bcf5-98fc-462a5e81e46f,Edsel Esquivel,38,61.53,22,61.53,Carry Optics,D,,MINOR,,92.2882,92.2882,3.6492,31.24,16,,10,4,,,,,,
e9d6ffd7-89e7-4142-9f35-c15178d01663,Wallis Orchard Practical Shooters OCT 16 815 AM Shooters Meeting,2022-10-16,1,JC 130,25f0901d-aa4c-bcf5-98fc-462a5e81e46f,Mark Hopmann,39,61.25,23,61.25,Carry Optics,B,TY134553,MINOR,Super Senior,91.8710,91.8710,3.6327,39.64,28,,1,1,,,,,,
e9d6ffd7-89e7-4142-9f35-c15178d01663,Wallis Orchard Practical Shooters OCT 16 815 AM Shooters Meeting,2022-10-16,1,JC 130,25f0901d-aa4c-bcf5-98fc-462a5e81e46f,Garrick Gonzalez,40,60.85,24,60.85,Carry Optics,,A119804,MINOR,,91.2741,91.2741,3.6091,29.37,21,,7,,2,,,,,
e9d6ffd7-89e7-4142-9f35-c15178d01663,Wallis Orchard Practical Shooters OCT 16 815 AM Shooters Meeting,2022-10-16,1,JC 130,25f0901d-aa4c-bcf5-98fc-462a5e81e46f,Joseph White,41,58.65,7,65.20,Production,B,A135489,MINOR,Law Enforcement,97.8022,87.9712,3.4785,34.21,21,,8,,1,,,,,
e9d6ffd7-89e7-4142-9f35-c15178d01663,Wallis Orchard Practical Shooters OCT 16 815 AM Shooters Meeting,2022-10-16,1,JC 130,25f0901d-aa4c-bcf5-98fc-462a5e81e46f,Andrew Whitley,42,57.97,8,64.65,Open,A,TY106649,MAJOR,,96.9739,86.9596,3.4385,28.21,21,,5,1,3,,,,,
e9d6ffd7-89e7-4142-9f35-c15178d01663,Wallis Orchard Practical Shooters OCT 16 815 AM Shooters Meeting,2022-10-16,1,JC 130,25f0901d-aa4c-bcf5-98fc-462a5e81e46f,Scott Reeh,43,56.91,2,92.28,PCC,M,A91497,MINOR,,138.4193,85.3638,3.3754,26.96,25,,2,,3,,,1,,
e9d6ffd7-89e7-4142-9f35-c15178d01663,Wallis Orchard Practical Shooters OCT 16 815 AM Shooters Meeting,2022-10-16,1,JC 130,25f0901d-aa4c-bcf5-98fc-462a5e81e46f,Jeannie Marrone,44,56.54,9,63.05,Open,C,Ty133357,MAJOR,Lady; Super Senior,94.5710,84.8049,3.3533,41.75,22,,7,1,,,,,,
e9d6ffd7-89e7-4142-9f35-c15178d01663,Wallis Orchard Practical Shooters OCT 16 815 AM Shooters Meeting,2022-10-16,1,JC 130,25f0901d-aa4c-bcf5-98fc-462a5e81e46f,Hopper Po,45,55.53,1,100.00,Limited,U,A132909,MAJOR,,150.0000,83.2875,3.2933,32.49,19,,7,2,2,,,,,
e9d6ffd7-89e7-4142-9f35-c15178d01663,Wallis Orchard Practical Shooters OCT 16 815 AM Shooters Meeting,2022-10-16,1,JC 130,25f0901d-aa4c-bcf5-98fc-462a5e81e46f,Ramil Villanueva,46,53.86,25,53.86,Carry Optics,D,A110261,MINOR,Junior,80.7965,80.7965,3.1948,32.24,15,,12,2,1,,,,,
e9d6ffd7-89e7-4142-9f35-c15178d01663,Wallis Orchard Practical Shooters OCT 16 815 AM Shooters Meeting,2022-10-16,1,JC 130,25f0901d-aa4c-bcf5-98fc-462a5e81e46f,TRAIN YU,47,53.08,26,53.08,Carry Optics,U,A142824,MINOR,Foreign,79.6255,79.6255,3.1485,42.56,23,,6,1,,,,,,
e9d6ffd7-89e7-4142-9f35-c15178d01663,Wallis Orchard Practical Shooters OCT 16 815 AM Shooters Meeting,2022-10-16,1,JC 130,25f0901d-aa4c-bcf5-98fc-462a5e81e46f,Jack Liu,48,53.05,3,86.02,PCC,B,Ty130790,MINOR,Law Enforcement,129.0243,79.5699,3.1463,33.69,21,,7,,2,,,,,
e9d6ffd7-89e7-4142-9f35-c15178d01663,Wallis Orchard Practical Shooters OCT 16 815 AM Shooters Meeting,2022-10-16,1,JC 130,25f0901d-aa4c-bcf5-98fc-462a5e81e46f,Norman Oducado,49,52.40,8,58.26,Production,C,A103491,MINOR,,87.3908,78.6064,3.1082,31.53,17,,11,,2,,,,,
e9d6ffd7-89e7-4142-9f35-c15178d01663,Wallis Orchard Practical Shooters OCT 16 815 AM Shooters Meeting,2022-10-16,1,JC 130,25f0901d-aa4c-bcf5-98fc-462a5e81e46f,Jun Wu,50,50.67,2,91.25,Limited,U,ty104927,MINOR,,136.8733,75.9990,3.0051,39.60,21,,8,,1,,,,,
e9d6ffd7-89e7-4142-9f35-c15178d01663,Wallis Orchard Practical Shooters OCT 16 815 AM Shooters Meeting,2022-10-16,1,JC 130,25f0901d-aa4c-bcf5-98fc-462a5e81e46f,Allan Santiago,51,49.34,27,49.34,Carry Optics,U,,MINOR,,74.0137,74.0137,2.9266,46.47,23,,7,,,,,,,
e9d6ffd7-89e7-4142-9f35-c15178d01663,Wallis Orchard Practical Shooters OCT 16 815 AM Shooters Meeting,2022-10-16,1,JC 130,25f0901d-aa4c-bcf5-98fc-462a5e81e46f,Edwin Buchwalter,52,48.19,10,53.74,Open,C,TY102903,MINOR,,80.6052,72.2813,2.8581,31.49,19,,8,1,2,,,1,,
e9d6ffd7-89e7-4142-9f35-c15178d01663,Wallis Orchard Practical Shooters OCT 16 815 AM Shooters Meeting,2022-10-16,1,JC 130,25f0901d-aa4c-bcf5-98fc-462a5e81e46f,Osting Ali,53,47.29,9,52.58,Production,D,,MINOR,,78.8660,70.9384,2.8050,29.59,17,,9,1,3,,,,,
e9d6ffd7-89e7-4142-9f35-c15178d01663,Wallis Orchard Practical Shooters OCT 16 815 AM Shooters Meeting,2022-10-16,1,JC 130,25f0901d-aa4c-bcf5-98fc-462a5e81e46f,Mark Petrie,54,47.17,11,52.60,Open,,,MINOR,,78.9074,70.7589,2.7979,31.81,20,,6,1,3,,,,,
e9d6ffd7-89e7-4142-9f35-c15178d01663,Wallis Orchard Practical Shooters OCT 16 815 AM Shooters Meeting,2022-10-16,1,JC 130,25f0901d-aa4c-bcf5-98fc-462a5e81e46f,Robbie Boettcher,55,45.57,28,45.57,Carry Optics,C,A139912,MINOR,,68.3513,68.3513,2.7027,39.22,26,,2,,2,,,1,,
e9d6ffd7-89e7-4142-9f35-c15178d01663,Wallis Orchard Practical Shooters OCT 16 815 AM Shooters Meeting,2022-10-16,1,JC 130,25f0901d-aa4c-bcf5-98fc-462a5e81e46f,Yetta Jones,56,44.84,29,44.84,Carry Optics,D,A139120,MINOR,Lady,67.2613,67.2613,2.6596,48.88,21,,8,1,,,,,,
e9d6ffd7-89e7-4142-9f35-c15178d01663,Wallis Orchard Practical Shooters OCT 16 815 AM Shooters Meeting,2022-10-16,1,JC 130,25f0901d-aa4c-bcf5-98fc-462a5e81e46f,Steve Thai,57,42.00,12,46.83,Open,U,,MINOR,,70.2521,62.9974,2.4910,46.97,22,,5,2,1,,,,,
e9d6ffd7-89e7-4142-9f35-c15178d01663,Wallis Orchard Practical Shooters OCT 16 815 AM Shooters Meeting,2022-10-16,1,JC 130,25f0901d-aa4c-bcf5-98fc-462a5e81e46f,peter nguyen,58,41.86,30,41.86,Carry Optics,U,A143545,MINOR,NEW SHOOTER,62.7925,62.7925,2.4829,43.90,22,,6,1,1,,1,,,
e9d6ffd7-89e7-4142-9f35-c15178d01663,Wallis Orchard Practical Shooters OCT 16 815 AM Shooters Meeting,2022-10-16,1,JC 130,25f0901d-aa4c-bcf5-98fc-462a5e81e46f,Jason Essazay,59,40.37,31,40.37,Carry Optics,U,A145552,MINOR,NEW SHOOTER,60.5619,60.5619,2.3947,43.43,25,,3,,2,,,1,,
e9d6ffd7-89e7-4142-9f35-c15178d01663,Wallis Orchard Practical Shooters OCT 16 815 AM Shooters Meeting,2022-10-16,1,JC 130,25f0901d-aa4c-bcf5-98fc-462a5e81e46f,Phil Truong,60,39.65,32,39.65,Carry Optics,B,FY128600,MINOR,,59.4821,59.4821,2.3520,47.62,24,,4,,2,,,,,
e9d6ffd7-89e7-4142-9f35-c15178d01663,Wallis Orchard Practical Shooters OCT 16 815 AM Shooters Meeting,2022-10-16,1,JC 130,25f0901d-aa4c-bcf5-98fc-462a5e81e46f,Byron J Frank,61,34.83,33,34.83,Carry Optics,D,A139338,MINOR,Super Senior,52.2441,52.2441,2.0658,57.12,21,,7,2,,,1,,,
e9d6ffd7-89e7-4142-9f35-c15178d01663,Wallis Orchard Practical Shooters OCT 16 815 AM Shooters Meeting,2022-10-16,1,JC 130,25f0901d-aa4c-bcf5-98fc-462a5e81e46f,Waltz Noguerra,62,34.21,34,34.21,Carry Optics,D,A137731,MINOR,Junior,51.3109,51.3109,2.0289,35.98,15,,8,4,3,,,,,
e9d6ffd7-89e7-4142-9f35-c15178d01663,Wallis Orchard Practical Shooters OCT 16 815 AM Shooters Meeting,2022-10-16,1,JC 130,25f0901d-aa4c-bcf5-98fc-462a5e81e46f,Nathan Bridges,63,32.84,35,32.84,Carry Optics,D,A139264,MINOR,,49.2548,49.2548,1.9476,44.67,23,,4,,3,,,1,,
e9d6ffd7-89e7-4142-9f35-c15178d01663,Wallis Orchard Practical Shooters OCT 16 815 AM Shooters Meeting,2022-10-16,1,JC 130,25f0901d-aa4c-bcf5-98fc-462a5e81e46f,Shannon Romary,64,25.80,36,25.80,Carry Optics,U,,MINOR,Military; NEW SHOOTER,38.6987,38.6987,1.5302,57.51,18,,9,1,2,,1,,,
e9d6ffd7-89e7-4142-9f35-c15178d01663,Wallis Orchard Practical Shooters OCT 16 815 AM Shooters Meeting,2022-10-16,1,JC 130,25f0901d-aa4c-bcf5-98fc-462a5e81e46f,Noel Espanola,65,25.61,13,28.56,Open,C,TY89884,MAJOR,Senior,42.8338,38.4104,1.5188,28.97,12,,10,2,6,,,,,
e9d6ffd7-89e7-4142-9f35-c15178d01663,Wallis Orchard Practical Shooters OCT 16 815 AM Shooters Meeting,2022-10-16,1,JC 130,25f0901d-aa4c-bcf5-98fc-462a5e81e46f,Rudy Widiaman,66,22.03,37,22.03,Carry Optics,U,NA,MINOR,,33.0439,33.0439,1.3066,31.38,19,,5,1,5,,,2,,
e9d6ffd7-89e7-4142-9f35-c15178d01663,Wallis Orchard Practical Shooters OCT 16 815 AM Shooters Meeting,2022-10-16,1,JC 130,25f0901d-aa4c-bcf5-98fc-462a5e81e46f,Tyler Kenny,67,21.71,38,21.71,Carry Optics,U,,MINOR,,32.5634,32.5634,1.2876,34.95,20,,5,,5,,,2,,
e9d6ffd7-89e7-4142-9f35-c15178d01663,Wallis Orchard Practical Shooters OCT 16 815 AM Shooters Meeting,2022-10-16,1,JC 130,25f0901d-aa4c-bcf5-98fc-462a5e81e46f,LEO BALTAZAR,68,15.59,39,15.59,Carry Optics,U,A102787,MINOR,Senior,23.3882,23.3882,0.9248,50.82,17,,7,1,5,,1,,,
e9d6ffd7-89e7-4142-9f35-c15178d01663,Wallis Orchard Practical Shooters OCT 16 815 AM Shooters Meeting,2022-10-16,1,JC 130,25f0901d-aa4c-bcf5-98fc-462a5e81e46f,Virak Meas,69,11.52,14,12.84,Open,U,0,MINOR,,19.2650,17.2756,0.6831,30.74,13,,8,2,7,,,,,
e9d6ffd7-89e7-4142-9f35-c15178d01663,Wallis Orchard Practical Shooters OCT 16 815 AM Shooters Meeting,2022-10-16,1,JC 130,25f0901d-aa4c-bcf5-98fc-462a5e81e46f,George Zhou,70,6.31,40,6.31,Carry Optics,U,0,MINOR,Senior,9.4610,9.4610,0.3741,34.75,15,,5,3,7,,1,,,
e9d6ffd7-89e7-4142-9f35-c15178d01663,Wallis Orchard Practical Shooters OCT 16 815 AM Shooters Meeting,2022-10-16,1,JC 130,25f0901d-aa4c-bcf5-98fc-462a5e81e46f,Max Li,71,0.00,41,0.00,Carry Optics,U,,MINOR,,0.0000,0.0000,,,,,,,,,,,,
e9d6ffd7-89e7-4142-9f35-c15178d01663,Wallis Orchard Practical Shooters OCT 16 815 AM Shooters Meeting,2022-10-16,2,JC 129,1e7c0f89-fd4f-7ea8-956b-9c92838c8b93,Zvi Davidoff,1,100.00,1,100.00,Open,X,,MAJOR,,125.0000,125.0000,5.3596,21.83,17,,8,,,,,,,
e9d6ffd7-89e7-4142-9f35-c15178d01663,Wallis Orchard Practical Shooters OCT 16 815 AM Shooters Meeting,2022-10-16,2,JC 129,1e7c0f89-fd4f-7ea8-956b-9c92838c8b93,Andrew Whitley,2,99.77,2,99.77,Open,A,TY106649,MAJOR,,124.7131,124.7131,5.3473,21.88,19,,5,1,,,,,,
e9d6ffd7-89e7-4142-9f35-c15178d01663,Wallis Orchard Practical Shooters OCT 16 815 AM Shooters Meeting,2022-10-16,2,JC 129,1e7c0f89-fd4f-7ea8-956b-9c92838c8b93,Travis McKenzie,3,99.32,1,100.00,Carry Optics,U,TY139201,MINOR,,125.0000,124.1557,5.3234,22.73,23,,2,,,,,,,
e9d6ffd7-89e7-4142-9f35-c15178d01663,Wallis Orchard Practical Shooters OCT 16 815 AM Shooters Meeting,2022-10-16,2,JC 129,1e7c0f89-fd4f-7ea8-956b-9c92838c8b93,Brandon Foss,4,97.14,2,97.80,Carry Optics,M,L5142,MINOR,,122.2550,121.4293,5.2065,23.24,23,,2,,,,,,,
e9d6ffd7-89e7-4142-9f35-c15178d01663,Wallis Orchard Practical Shooters OCT 16 815 AM Shooters Meeting,2022-10-16,2,JC 129,1e7c0f89-fd4f-7ea8-956b-9c92838c8b93,Mike Junco,5,96.48,3,97.14,Carry Optics,M,TY34819,MINOR,Senior; Law Enforcement,121.4191,120.5990,5.1709,23.40,23,,2,,,,,,,
e9d6ffd7-89e7-4142-9f35-c15178d01663,Wallis Orchard Practical Shooters OCT 16 815 AM Shooters Meeting,2022-10-16,2,JC 129,1e7c0f89-fd4f-7ea8-956b-9c92838c8b93,August Balagtas,6,94.68,3,94.68,Open,M,L3674,MAJOR,,118.3461,118.3461,5.0743,24.24,23,,2,,,,,,,
e9d6ffd7-89e7-4142-9f35-c15178d01663,Wallis Orchard Practical Shooters OCT 16 815 AM Shooters Meeting,2022-10-16,2,JC 129,1e7c0f89-fd4f-7ea8-956b-9c92838c8b93,Janice Pacleb,7,94.26,4,94.26,Open,B,,MAJOR,Lady,117.8213,117.8213,5.0518,23.16,17,,8,,,,,,,
e9d6ffd7-89e7-4142-9f35-c15178d01663,Wallis Orchard Practical Shooters OCT 16 815 AM Shooters Meeting,2022-10-16,2,JC 129,1e7c0f89-fd4f-7ea8-956b-9c92838c8b93,Matthew Michna,8,93.68,4,94.31,Carry Optics,A,A128405,MINOR,,117.8922,117.0960,5.0207,24.10,23,,2,,,,,,,
e9d6ffd7-89e7-4142-9f35-c15178d01663,Wallis Orchard Practical Shooters OCT 16 815 AM Shooters Meeting,2022-10-16,2,JC 129,1e7c0f89-fd4f-7ea8-956b-9c92838c8b93,Jim Havens,9,91.11,5,91.73,Carry Optics,G,TY114636,MINOR,Senior,114.6612,113.8868,4.8831,23.96,21,,4,,,,,,,
e9d6ffd7-89e7-4142-9f35-c15178d01663,Wallis Orchard Practical Shooters OCT 16 815 AM Shooters Meeting,2022-10-16,2,JC 129,1e7c0f89-fd4f-7ea8-956b-9c92838c8b93,Craig Bellamy,10,91.00,1,100.00,Production,U,Ty54824,MINOR,Law Enforcement,125.0000,113.7445,4.8770,24.40,22,,3,,,,,,,
e9d6ffd7-89e7-4142-9f35-c15178d01663,Wallis Orchard Practical Shooters OCT 16 815 AM Shooters Meeting,2022-10-16,2,JC 129,1e7c0f89-fd4f-7ea8-956b-9c92838c8b93,Chez Chike-Udenze,11,89.29,6,89.90,Carry Optics,B,A138598,MINOR,,112.3741,111.6151,4.7857,24.03,20,,5,,,,,,,
e9d6ffd7-89e7-4142-9f35-c15178d01663,Wallis Orchard Practical Shooters OCT 16 815 AM Shooters Meeting,2022-10-16,2,JC 129,1e7c0f89-fd4f-7ea8-956b-9c92838c8b93,Pete Kirchner,12,87.26,7,87.85,Carry Optics,A,TY105743,MINOR,,109.8147,109.0730,4.6767,24.59,20,,5,,,,,,,
e9d6ffd7-89e7-4142-9f35-c15178d01663,Wallis Orchard Practical Shooters OCT 16 815 AM Shooters Meeting,2022-10-16,2,JC 129,1e7c0f89-fd4f-7ea8-956b-9c92838c8b93,Edwin Garcia,13,86.69,8,87.28,Carry Optics,U,Ty38396,MINOR,,109.1032,108.3663,4.6464,24.32,19,,6,,,,,,,
e9d6ffd7-89e7-4142-9f35-c15178d01663,Wallis Orchard Practical Shooters OCT 16 815 AM Shooters Meeting,2022-10-16,2,JC 129,1e7c0f89-fd4f-7ea8-956b-9c92838c8b93,Michael Kiesewetter,14,86.09,2,94.61,Production,,TY118153,MINOR,,118.2643,107.6153,4.6142,25.79,22,,3,,,,,,,
e9d6ffd7-89e7-4142-9f35-c15178d01663,Wallis Orchard Practical Shooters OCT 16 815 AM Shooters Meeting,2022-10-16,2,JC 129,1e7c0f89-fd4f-7ea8-956b-9c92838c8b93,Jing Bedro,15,83.85,9,84.42,Carry Optics,C,,MINOR,,105.5223,104.8096,4.4939,25.59,20,,5,,,,,,,
e9d6ffd7-89e7-4142-9f35-c15178d01663,Wallis Orchard Practical Shooters OCT 16 815 AM Shooters Meeting,2022-10-16,2,JC 129,1e7c0f89-fd4f-7ea8-956b-9c92838c8b93,Sheng Onia,16,83.76,3,92.05,Production,U,0,MINOR,Senior,115.0656,104.7046,4.4894,22.72,21,,2,1,1,,,,,
e9d6ffd7-89e7-4142-9f35-c15178d01663,Wallis Orchard Practical Shooters OCT 16 815 AM Shooters Meeting,2022-10-16,2,JC 129,1e7c0f89-fd4f-7ea8-956b-9c92838c8b93,Alberto Ramirez,17,81.77,10,82.33,Carry Optics,U,,MINOR,,102.9065,102.2115,4.3825,27.61,23,,2,,,,,,,
e9d6ffd7-89e7-4142-9f35-c15178d01663,Wallis Orchard Practical Shooters OCT 16 815 AM Shooters Meeting,2022-10-16,2,JC 129,1e7c0f89-fd4f-7ea8-956b-9c92838c8b93,Damon Killian,18,80.77,1,100.00,Limited 10,B,TY123776,MAJOR,,125.0000,100.9567,4.3287,27.26,20,,4,1,,,,,,
e9d6ffd7-89e7-4142-9f35-c15178d01663,Wallis Orchard Practical Shooters OCT 16 815 AM Shooters Meeting,2022-10-16,2,JC 129,1e7c0f89-fd4f-7ea8-956b-9c92838c8b93,Phil Truong,19,79.04,11,79.58,Carry Optics,B,FY128600,MINOR,,99.4736,98.8017,4.2363,24.55,21,,3,,1,,,,,
e9d6ffd7-89e7-4142-9f35-c15178d01663,Wallis Orchard Practical Shooters OCT 16 815 AM Shooters Meeting,2022-10-16,2,JC 129,1e7c0f89-fd4f-7ea8-956b-9c92838c8b93,Antonio Tormis,20,77.63,12,78.16,Carry Optics,B,,MINOR,,97.6960,97.0362,4.1606,27.64,20,,5,,,,,,,
e9d6ffd7-89e7-4142-9f35-c15178d01663,Wallis Orchard Practical Shooters OCT 16 815 AM Shooters Meeting,2022-10-16,2,JC 129,1e7c0f89-fd4f-7ea8-956b-9c92838c8b93,Paul Felker,21,77.63,13,78.15,Carry Optics,M,TY107123,MINOR,,97.6937,97.0338,4.1605,20.43,19,,3,1,2,,,,,
e9d6ffd7-89e7-4142-9f35-c15178d01663,Wallis Orchard Practical Shooters OCT 16 815 AM Shooters Meeting,2022-10-16,2,JC 129,1e7c0f89-fd4f-7ea8-956b-9c92838c8b93,Garrick Gonzalez,22,77.20,14,77.72,Carry Optics,,A119804,MINOR,,97.1513,96.4951,4.1374,24.17,20,,3,1,1,,,,,
e9d6ffd7-89e7-4142-9f35-c15178d01663,Wallis Orchard Practical Shooters OCT 16 815 AM Shooters Meeting,2022-10-16,2,JC 129,1e7c0f89-fd4f-7ea8-956b-9c92838c8b93,NeaL NaNDiN,23,76.94,15,77.46,Carry Optics,U,fy71894,MINOR,NEW SHOOTER,96.8296,96.1756,4.1237,26.19,23,,1,,1,,,,,
e9d6ffd7-89e7-4142-9f35-c15178d01663,Wallis Orchard Practical Shooters OCT 16 815 AM Shooters Meeting,2022-10-16,2,JC 129,1e7c0f89-fd4f-7ea8-956b-9c92838c8b93,Hugh Fullerton,24,76.09,16,76.61,Carry Optics,U,A140572,MINOR,,95.7612,95.1144,4.0782,29.67,23,,2,,,,,,,
e9d6ffd7-89e7-4142-9f35-c15178d01663,Wallis Orchard Practical Shooters OCT 16 815 AM Shooters Meeting,2022-10-16,2,JC 129,1e7c0f89-fd4f-7ea8-956b-9c92838c8b93,Matthew Gonzalez,25,74.15,17,74.65,Carry Optics,B,A119810,MINOR,,93.3144,92.6842,3.9740,24.66,18,,6,,1,,,,,
e9d6ffd7-89e7-4142-9f35-c15178d01663,Wallis Orchard Practical Shooters OCT 16 815 AM Shooters Meeting,2022-10-16,2,JC 129,1e7c0f89-fd4f-7ea8-956b-9c92838c8b93,Jack Liu,26,73.59,1,100.00,PCC,B,Ty130790,MINOR,Law Enforcement,125.0000,91.9845,3.9440,27.13,16,,9,,,,,,,
e9d6ffd7-89e7-4142-9f35-c15178d01663,Wallis Orchard Practical Shooters OCT 16 815 AM Shooters Meeting,2022-10-16,2,JC 129,1e7c0f89-fd4f-7ea8-956b-9c92838c8b93,Ian Prete,27,70.99,18,71.48,Carry Optics,C,0,MINOR,,89.3461,88.7426,3.8050,31.80,23,,2,,,,,,,
e9d6ffd7-89e7-4142-9f35-c15178d01663,Wallis Orchard Practical Shooters OCT 16 815 AM Shooters Meeting,2022-10-16,2,JC 129,1e7c0f89-fd4f-7ea8-956b-9c92838c8b93,Arnold Gee,28,70.42,5,70.42,Open,B,Ty103519,MAJOR,Senior,88.0266,88.0266,3.7743,27.29,19,,4,1,1,,,,,
e9d6ffd7-89e7-4142-9f35-c15178d01663,Wallis Orchard Practical Shooters OCT 16 815 AM Shooters Meeting,2022-10-16,2,JC 129,1e7c0f89-fd4f-7ea8-956b-9c92838c8b93,Mark Hopmann,29,69.95,19,70.43,Carry Optics,B,TY134553,MINOR,Super Senior,88.0382,87.4436,3.7493,33.34,25,,,,,,,,,
e9d6ffd7-89e7-4142-9f35-c15178d01663,Wallis Orchard Practical Shooters OCT 16 815 AM Shooters Meeting,2022-10-16,2,JC 129,1e7c0f89-fd4f-7ea8-956b-9c92838c8b93,Mark Petrie,30,68.59,6,68.59,Open,,,MINOR,,85.7340,85.7340,3.6760,30.74,19,,6,,,,,,,
e9d6ffd7-89e7-4142-9f35-c15178d01663,Wallis Orchard Practical Shooters OCT 16 815 AM Shooters Meeting,2022-10-16,2,JC 129,1e7c0f89-fd4f-7ea8-956b-9c92838c8b93,Jun Wu,31,67.01,1,100.00,Limited,U,ty104927,MINOR,,125.0000,83.7563,3.5912,32.58,21,,4,,,,,,,
e9d6ffd7-89e7-4142-9f35-c15178d01663,Wallis Orchard Practical Shooters OCT 16 815 AM Shooters Meeting,2022-10-16,2,JC 129,1e7c0f89-fd4f-7ea8-956b-9c92838c8b93,Brett Dempsey,32,65.36,20,65.81,Carry Optics,C,L5408,MINOR,,82.2571,81.7015,3.5031,33.97,22,,3,,,,,,,
e9d6ffd7-89e7-4142-9f35-c15178d01663,Wallis Orchard Practical Shooters OCT 16 815 AM Shooters Meeting,2022-10-16,2,JC 129,1e7c0f89-fd4f-7ea8-956b-9c92838c8b93,Haydn Brown,33,64.28,4,70.64,Production,C,A62956,MINOR,,88.2945,80.3441,3.4449,30.77,22,,2,,1,,,,,
e9d6ffd7-89e7-4142-9f35-c15178d01663,Wallis Orchard Practical Shooters OCT 16 815 AM Shooters Meeting,2022-10-16,2,JC 129,1e7c0f89-fd4f-7ea8-956b-9c92838c8b93,Detlef Hohl,34,62.47,1,100.00,Single Stack,A,L3462,MAJOR,Senior,125.0000,78.0819,3.3479,31.96,21,,3,,1,,,,,
e9d6ffd7-89e7-4142-9f35-c15178d01663,Wallis Orchard Practical Shooters OCT 16 815 AM Shooters Meeting,2022-10-16,2,JC 129,1e7c0f89-fd4f-7ea8-956b-9c92838c8b93,Duane Bellamy,35,62.34,21,62.76,Carry Optics,C,A133284,MINOR,,78.4508,77.9209,3.3410,30.53,21,,2,1,1,,,,,
e9d6ffd7-89e7-4142-9f35-c15178d01663,Wallis Orchard Practical Shooters OCT 16 815 AM Shooters Meeting,2022-10-16,2,JC 129,1e7c0f89-fd4f-7ea8-956b-9c92838c8b93,Norman Oducado,36,62.23,5,68.39,Production,C,A103491,MINOR,,85.4906,77.7927,3.3355,30.58,20,,4,,1,,,,,
e9d6ffd7-89e7-4142-9f35-c15178d01663,Wallis Orchard Practical Shooters OCT 16 815 AM Shooters Meeting,2022-10-16,2,JC 129,1e7c0f89-fd4f-7ea8-956b-9c92838c8b93,Marlon Poralan,37,62.08,7,62.08,Open,D,Ty1234,MAJOR,Law Enforcement,77.5991,77.5991,3.3272,27.35,19,,4,,2,,,,,
e9d6ffd7-89e7-4142-9f35-c15178d01663,Wallis Orchard Practical Shooters OCT 16 815 AM Shooters Meeting,2022-10-16,2,JC 129,1e7c0f89-fd4f-7ea8-956b-9c92838c8b93,Dylan Lorence,38,60.33,8,60.33,Open,B,A123359,MAJOR,Military,75.4091,75.4091,3.2333,21.65,12,,10,,3,,,,,
e9d6ffd7-89e7-4142-9f35-c15178d01663,Wallis Orchard Practical Shooters OCT 16 815 AM Shooters Meeting,2022-10-16,2,JC 129,1e7c0f89-fd4f-7ea8-956b-9c92838c8b93,Doug Joder,39,58.91,2,80.06,PCC,B,A115020,MINOR,,100.0761,73.6436,3.1576,33.57,22,,2,,1,,,,,
e9d6ffd7-89e7-4142-9f35-c15178d01663,Wallis Orchard Practical Shooters OCT 16 815 AM Shooters Meeting,2022-10-16,2,JC 129,1e7c0f89-fd4f-7ea8-956b-9c92838c8b93,Gary Wu,40,58.70,6,64.50,Production,B,L2998,MINOR,Senior,80.6310,73.3707,3.1459,29.88,17,,6,1,1,,,,,
e9d6ffd7-89e7-4142-9f35-c15178d01663,Wallis Orchard Practical Shooters OCT 16 815 AM Shooters Meeting,2022-10-16,2,JC 129,1e7c0f89-fd4f-7ea8-956b-9c92838c8b93,Matt Lem,41,57.33,7,63.00,Production,A,FY34763,MINOR,,78.7549,71.6635,3.0727,29.29,16,,6,2,1,,,,,
e9d6ffd7-89e7-4142-9f35-c15178d01663,Wallis Orchard Practical Shooters OCT 16 815 AM Shooters Meeting,2022-10-16,2,JC 129,1e7c0f89-fd4f-7ea8-956b-9c92838c8b93,Osting Ali,42,57.27,8,62.93,Production,D,,MINOR,,78.6677,71.5842,3.0693,24.11,19,,3,,3,,,,,
e9d6ffd7-89e7-4142-9f35-c15178d01663,Wallis Orchard Practical Shooters OCT 16 815 AM Shooters Meeting,2022-10-16,2,JC 129,1e7c0f89-fd4f-7ea8-956b-9c92838c8b93,Robbie Boettcher,43,53.18,22,53.54,Carry Optics,C,A139912,MINOR,,66.9309,66.4788,2.8504,42.45,23,,2,,,,,,,
e9d6ffd7-89e7-4142-9f35-c15178d01663,Wallis Orchard Practical Shooters OCT 16 815 AM Shooters Meeting,2022-10-16,2,JC 129,1e7c0f89-fd4f-7ea8-956b-9c92838c8b93,Edwin Buchwalter,44,49.67,9,49.67,Open,C,TY102903,MINOR,,62.0919,62.0919,2.6623,27.42,17,,6,,2,,,1,,
e9d6ffd7-89e7-4142-9f35-c15178d01663,Wallis Orchard Practical Shooters OCT 16 815 AM Shooters Meeting,2022-10-16,2,JC 129,1e7c0f89-fd4f-7ea8-956b-9c92838c8b93,Scott Reeh,45,49.41,3,67.14,PCC,M,A91497,MINOR,,83.9281,61.7607,2.6481,20.77,21,,,,4,,,1,,
e9d6ffd7-89e7-4142-9f35-c15178d01663,Wallis Orchard Practical Shooters OCT 16 815 AM Shooters Meeting,2022-10-16,2,JC 129,1e7c0f89-fd4f-7ea8-956b-9c92838c8b93,Yetta Jones,46,48.67,23,49.00,Carry Optics,D,A139120,MINOR,Lady,61.2461,60.8324,2.6083,41.79,18,,6,1,,,,,,
e9d6ffd7-89e7-4142-9f35-c15178d01663,Wallis Orchard Practical Shooters OCT 16 815 AM Shooters Meeting,2022-10-16,2,JC 129,1e7c0f89-fd4f-7ea8-956b-9c92838c8b93,Jeannie Marrone,47,48.54,10,48.54,Open,C,Ty133357,MAJOR,Lady; Super Senior,60.6738,60.6738,2.6015,37.67,16,,6,2,1,,,,,
e9d6ffd7-89e7-4142-9f35-c15178d01663,Wallis Orchard Practical Shooters OCT 16 815 AM Shooters Meeting,2022-10-16,2,JC 129,1e7c0f89-fd4f-7ea8-956b-9c92838c8b93,Joseph White,48,47.00,9,51.65,Production,B,A135489,MINOR,Law Enforcement,64.5633,58.7497,2.5190,32.95,17,,6,,2,,,,,
e9d6ffd7-89e7-4142-9f35-c15178d01663,Wallis Orchard Practical Shooters OCT 16 815 AM Shooters Meeting,2022-10-16,2,JC 129,1e7c0f89-fd4f-7ea8-956b-9c92838c8b93,Waltz Noguerra,49,46.89,24,47.21,Carry Optics,D,A137731,MINOR,Junior,59.0083,58.6098,2.5130,42.18,22,,2,,1,,,,,
e9d6ffd7-89e7-4142-9f35-c15178d01663,Wallis Orchard Practical Shooters OCT 16 815 AM Shooters Meeting,2022-10-16,2,JC 129,1e7c0f89-fd4f-7ea8-956b-9c92838c8b93,TRAIN YU,50,42.98,25,43.27,Carry Optics,U,A142824,MINOR,Foreign,54.0843,53.7190,2.3033,41.68,19,,3,2,1,,,,,
e9d6ffd7-89e7-4142-9f35-c15178d01663,Wallis Orchard Practical Shooters OCT 16 815 AM Shooters Meeting,2022-10-16,2,JC 129,1e7c0f89-fd4f-7ea8-956b-9c92838c8b93,Rudy Widiaman,51,42.53,26,42.82,Carry Optics,U,NA,MINOR,,53.5278,53.1663,2.2796,26.32,18,,3,1,3,,,1,,
e9d6ffd7-89e7-4142-9f35-c15178d01663,Wallis Orchard Practical Shooters OCT 16 815 AM Shooters Meeting,2022-10-16,2,JC 129,1e7c0f89-fd4f-7ea8-956b-9c92838c8b93,Anthony Smallwood,52,42.45,11,42.45,Open,C,TY94508,MAJOR,Senior,53.0637,53.0637,2.2752,27.25,16,,5,1,3,,,1,,
e9d6ffd7-89e7-4142-9f35-c15178d01663,Wallis Orchard Practical Shooters OCT 16 815 AM Shooters Meeting,2022-10-16,2,JC 129,1e7c0f89-fd4f-7ea8-956b-9c92838c8b93,Edsel Esquivel,53,41.52,27,41.80,Carry Optics,D,,MINOR,,52.2481,51.8952,2.2251,45.84,20,,4,,1,,,,,
e9d6ffd7-89e7-4142-9f35-c15178d01663,Wallis Orchard Practical Shooters OCT 16 815 AM Shooters Meeting,2022-10-16,2,JC 129,1e7c0f89-fd4f-7ea8-956b-9c92838c8b93,Boyd Nabas,54,40.59,28,40.87,Carry Optics,D,0,MINOR,Junior,51.0834,50.7384,2.1755,26.66,16,,6,,3,,1,,,
e9d6ffd7-89e7-4142-9f35-c15178d01663,Wallis Orchard Practical Shooters OCT 16 815 AM Shooters Meeting,2022-10-16,2,JC 129,1e7c0f89-fd4f-7ea8-956b-9c92838c8b93,Jason Essazay,55,40.53,29,40.80,Carry Optics,U,A145552,MINOR,NEW SHOOTER,51.0059,50.6614,2.1722,39.13,23,,,,2,,,1,,
e9d6ffd7-89e7-4142-9f35-c15178d01663,Wallis Orchard Practical Shooters OCT 16 815 AM Shooters Meeting,2022-10-16,2,JC 129,1e7c0f89-fd4f-7ea8-956b-9c92838c8b93,Steve Thai,56,34.86,12,34.86,Open,U,,MINOR,,43.5737,43.5737,1.8683,42.82,22,,,,3,,,,,
e9d6ffd7-89e7-4142-9f35-c15178d01663,Wallis Orchard Practical Shooters OCT 16 815 AM Shooters Meeting,2022-10-16,2,JC 129,1e7c0f89-fd4f-7ea8-956b-9c92838c8b93,Max Li,57,31.06,30,31.28,Carry Optics,U,,MINOR,,39.0939,38.8299,1.6649,57.06,23,,,,2,,,,,
e9d6ffd7-89e7-4142-9f35-c15178d01663,Wallis Orchard Practical Shooters OCT 16 815 AM Shooters Meeting,2022-10-16,2,JC 129,1e7c0f89-fd4f-7ea8-956b-9c92838c8b93,Ramil Villanueva,58,30.30,31,30.50,Carry Optics,D,A110261,MINOR,Junior,38.1288,37.8713,1.6238,32.64,15,,6,,4,,,,,
e9d6ffd7-89e7-4142-9f35-c15178d01663,Wallis Orchard Practical Shooters OCT 16 815 AM Shooters Meeting,2022-10-16,2,JC 129,1e7c0f89-fd4f-7ea8-956b-9c92838c8b93,peter nguyen,59,26.37,32,26.55,Carry Optics,U,A143545,MINOR,NEW SHOOTER,33.1813,32.9572,1.4131,54.49,19,,4,,2,,1,,,
e9d6ffd7-89e7-4142-9f35-c15178d01663,Wallis Orchard Practical Shooters OCT 16 815 AM Shooters Meeting,2022-10-16,2,JC 129,1e7c0f89-fd4f-7ea8-956b-9c92838c8b93,Tyler Kenny,60,25.21,33,25.38,Carry Optics,U,,MINOR,,31.7208,31.5065,1.3509,33.31,17,,3,1,4,,,1,,
e9d6ffd7-89e7-4142-9f35-c15178d01663,Wallis Orchard Practical Shooters OCT 16 815 AM Shooters Meeting,2022-10-16,2,JC 129,1e7c0f89-fd4f-7ea8-956b-9c92838c8b93,Luke Rogers,61,24.78,34,24.94,Carry Optics,B,A133534,MINOR,,31.1807,30.9701,1.3279,56.48,18,,5,,2,,,1,,
e9d6ffd7-89e7-4142-9f35-c15178d01663,Wallis Orchard Practical Shooters OCT 16 815 AM Shooters Meeting,2022-10-16,2,JC 129,1e7c0f89-fd4f-7ea8-956b-9c92838c8b93,Nathan Bridges,62,23.94,35,24.10,Carry Optics,D,A139264,MINOR,,30.1311,29.9276,1.2832,44.42,17,,4,,4,,,,,
e9d6ffd7-89e7-4142-9f35-c15178d01663,Wallis Orchard Practical Shooters OCT 16 815 AM Shooters Meeting,2022-10-16,2,JC 129,1e7c0f89-fd4f-7ea8-956b-9c92838c8b93,lin shi,63,23.94,36,24.10,Carry Optics,C,TY138430,MINOR,,30.1241,29.9206,1.2829,30.40,14,,6,1,4,,1,,,
e9d6ffd7-89e7-4142-9f35-c15178d01663,Wallis Orchard Practical Shooters OCT 16 815 AM Shooters Meeting,2022-10-16,2,JC 129,1e7c0f89-fd4f-7ea8-956b-9c92838c8b93,Hopper Po,64,20.93,2,31.24,Limited,U,A132909,MAJOR,,39.0538,26.1680,1.1220,34.76,11,,8,1,5,,,,,
e9d6ffd7-89e7-4142-9f35-c15178d01663,Wallis Orchard Practical Shooters OCT 16 815 AM Shooters Meeting,2022-10-16,2,JC 129,1e7c0f89-fd4f-7ea8-956b-9c92838c8b93,Byron J Frank,65,20.60,37,20.74,Carry Optics,D,A139338,MINOR,Super Senior,25.9303,25.7552,1.1043,48.90,14,,8,,3,,1,,,
e9d6ffd7-89e7-4142-9f35-c15178d01663,Wallis Orchard Practical Shooters OCT 16 815 AM Shooters Meeting,2022-10-16,2,JC 129,1e7c0f89-fd4f-7ea8-956b-9c92838c8b93,Noel Espanola,66,17.24,13,17.24,Open,C,TY89884,MAJOR,Senior,21.5478,21.5478,0.9239,27.06,13,,4,2,6,,,,,
e9d6ffd7-89e7-4142-9f35-c15178d01663,Wallis Orchard Practical Shooters OCT 16 815 AM Shooters Meeting,2022-10-16,2,JC 129,1e7c0f89-fd4f-7ea8-956b-9c92838c8b93,Allan Santiago,67,16.62,38,16.74,Carry Optics,U,,MINOR,,20.9218,20.7805,0.8910,52.75,18,,2,1,4,,,1,,
e9d6ffd7-89e7-4142-9f35-c15178d01663,Wallis Orchard Practical Shooters OCT 16 815 AM Shooters Meeting,2022-10-16,2,JC 129,1e7c0f89-fd4f-7ea8-956b-9c92838c8b93,Shannon Romary,68,2.81,39,2.83,Carry Optics,U,,MINOR,Military; NEW SHOOTER,3.5339,3.5101,0.1505,59.79,16,,3,,6,,2,,,
e9d6ffd7-89e7-4142-9f35-c15178d01663,Wallis Orchard Practical Shooters OCT 16 815 AM Shooters Meeting,2022-10-16,2,JC 129,1e7c0f89-fd4f-7ea8-956b-9c92838c8b93,Virak Meas,69,0.00,14,0.00,Open,U,0,MINOR,,0.0000,0.0000,0.0000,27.52,11,,2,4,8,,,,,
e9d6ffd7-89e7-4142-9f35-c15178d01663,Wallis Orchard Practical Shooters OCT 16 815 AM Shooters Meeting,2022-10-16,2,JC 129,1e7c0f89-fd4f-7ea8-956b-9c92838c8b93,LEO BALTAZAR,70,0.00,40,0.00,Carry Optics,U,A102787,MINOR,Senior,0.0000,0.0000,0.0000,41.61,14,,1,2,8,,1,,,
e9d6ffd7-89e7-4142-9f35-c15178d01663,Wallis Orchard Practical Shooters OCT 16 815 AM Shooters Meeting,2022-10-16,2,JC 129,1e7c0f89-fd4f-7ea8-956b-9c92838c8b93,George Zhou,71,0.00,41,0.00,Carry Optics,U,0,MINOR,Senior,0.0000,0.0000,0.0000,44.55,13,,4,1,7,,1,1,,
e9d6ffd7-89e7-4142-9f35-c15178d01663,Wallis Orchard Practical Shooters OCT 16 815 AM Shooters Meeting,2022-10-16,3,JC 131,748e5253-7b9c-5462-87ff-5be985e13818,Norman Oducado,1,100.00,1,100.00,Production,C,A103491,MINOR,,65.0000,65.0000,4.8182,11.00,8,,4,1,,,,,,
e9d6ffd7-89e7-4142-9f35-c15178d01663,Wallis Orchard Practical Shooters OCT 16 815 AM Shooters Meeting,2022-10-16,3,JC 131,748e5253-7b9c-5462-87ff-5be985e13818,Scott Reeh,2,92.93,1,100.00,PCC,M,A91497,MINOR,,65.0000,60.4051,4.4776,12.73,9,,4,,,,,,,
e9d6ffd7-89e7-4142-9f35-c15178d01663,Wallis Orchard Practical Shooters OCT 16 815 AM Shooters Meeting,2022-10-16,3,JC 131,748e5253-7b9c-5462-87ff-5be985e13818,Brandon Foss,3,87.37,1,100.00,Carry Optics,M,L5142,MINOR,,65.0000,56.7924,4.2098,14.49,11,,2,,,,,,,
e9d6ffd7-89e7-4142-9f35-c15178d01663,Wallis Orchard Practical Shooters OCT 16 815 AM Shooters Meeting,2022-10-16,3,JC 131,748e5253-7b9c-5462-87ff-5be985e13818,Mike Junco,4,86.54,2,99.05,Carry Optics,M,TY34819,MINOR,Senior; Law Enforcement,64.3839,56.2541,4.1699,12.71,8,,4,1,,,,,,
e9d6ffd7-89e7-4142-9f35-c15178d01663,Wallis Orchard Practical Shooters OCT 16 815 AM Shooters Meeting,2022-10-16,3,JC 131,748e5253-7b9c-5462-87ff-5be985e13818,Zvi Davidoff,5,86.30,1,100.00,Open,X,,MAJOR,,65.0000,56.0936,4.1580,14.43,10,,2,1,,,,,,
e9d6ffd7-89e7-4142-9f35-c15178d01663,Wallis Orchard Practical Shooters OCT 16 815 AM Shooters Meeting,2022-10-16,3,JC 131,748e5253-7b9c-5462-87ff-5be985e13818,Paul Felker,6,85.99,3,98.42,Carry Optics,M,TY107123,MINOR,,63.9732,55.8953,4.1433,14.24,11,,1,1,,,,,,
e9d6ffd7-89e7-4142-9f35-c15178d01663,Wallis Orchard Practical Shooters OCT 16 815 AM Shooters Meeting,2022-10-16,3,JC 131,748e5253-7b9c-5462-87ff-5be985e13818,Jim Havens,7,83.90,4,96.03,Carry Optics,G,TY114636,MINOR,Senior,62.4184,54.5368,4.0426,14.10,9,,4,,,,,,,
e9d6ffd7-89e7-4142-9f35-c15178d01663,Wallis Orchard Practical Shooters OCT 16 815 AM Shooters Meeting,2022-10-16,3,JC 131,748e5253-7b9c-5462-87ff-5be985e13818,Janice Pacleb,8,82.09,2,95.12,Open,B,,MAJOR,Lady,61.8297,53.3577,3.9552,15.17,8,,5,,,,,,,
e9d6ffd7-89e7-4142-9f35-c15178d01663,Wallis Orchard Practical Shooters OCT 16 815 AM Shooters Meeting,2022-10-16,3,JC 131,748e5253-7b9c-5462-87ff-5be985e13818,Matthew Michna,9,79.46,5,90.95,Carry Optics,A,A128405,MINOR,,59.1158,51.6511,3.8287,15.41,11,,1,1,,,,,,
e9d6ffd7-89e7-4142-9f35-c15178d01663,Wallis Orchard Practical Shooters OCT 16 815 AM Shooters Meeting,2022-10-16,3,JC 131,748e5253-7b9c-5462-87ff-5be985e13818,Dylan Lorence,10,72.06,3,83.51,Open,B,A123359,MAJOR,Military,54.2792,46.8418,3.4722,12.96,9,,2,1,1,,,,,
e9d6ffd7-89e7-4142-9f35-c15178d01663,Wallis Orchard Practical Shooters OCT 16 815 AM Shooters Meeting,2022-10-16,3,JC 131,748e5253-7b9c-5462-87ff-5be985e13818,Hugh Fullerton,11,71.18,6,81.47,Carry Optics,U,A140572,MINOR,,52.9536,46.2671,3.4296,16.62,9,,4,,,,,,,
e9d6ffd7-89e7-4142-9f35-c15178d01663,Wallis Orchard Practical Shooters OCT 16 815 AM Shooters Meeting,2022-10-16,3,JC 131,748e5253-7b9c-5462-87ff-5be985e13818,Osting Ali,12,69.75,2,69.75,Production,D,,MINOR,,45.3389,45.3389,3.3608,15.77,9,,2,2,,,,,,
e9d6ffd7-89e7-4142-9f35-c15178d01663,Wallis Orchard Practical Shooters OCT 16 815 AM Shooters Meeting,2022-10-16,3,JC 131,748e5253-7b9c-5462-87ff-5be985e13818,Damon Killian,13,69.57,1,100.00,Limited 10,B,TY123776,MAJOR,,65.0000,45.2202,3.3520,16.11,8,,2,3,,,,,,
e9d6ffd7-89e7-4142-9f35-c15178d01663,Wallis Orchard Practical Shooters OCT 16 815 AM Shooters Meeting,2022-10-16,3,JC 131,748e5253-7b9c-5462-87ff-5be985e13818,Andrew Whitley,14,68.46,4,79.33,Open,A,TY106649,MAJOR,,51.5639,44.4985,3.2985,12.43,7,,3,2,1,,,,,
e9d6ffd7-89e7-4142-9f35-c15178d01663,Wallis Orchard Practical Shooters OCT 16 815 AM Shooters Meeting,2022-10-16,3,JC 131,748e5253-7b9c-5462-87ff-5be985e13818,Craig Bellamy,15,68.07,3,68.07,Production,U,Ty54824,MINOR,Law Enforcement,44.2435,44.2435,3.2796,17.38,9,,4,,,,,,,
e9d6ffd7-89e7-4142-9f35-c15178d01663,Wallis Orchard Practical Shooters OCT 16 815 AM Shooters Meeting,2022-10-16,3,JC 131,748e5253-7b9c-5462-87ff-5be985e13818,Alberto Ramirez,16,67.61,7,77.38,Carry Optics,U,,MINOR,,50.2963,43.9454,3.2575,19.34,12,,1,,,,,,,
e9d6ffd7-89e7-4142-9f35-c15178d01663,Wallis Orchard Practical Shooters OCT 16 815 AM Shooters Meeting,2022-10-16,3,JC 131,748e5253-7b9c-5462-87ff-5be985e13818,Edwin Garcia,17,67.57,8,77.34,Carry Optics,U,Ty38396,MINOR,,50.2701,43.9224,3.2558,12.90,9,,2,1,1,,,,,
e9d6ffd7-89e7-4142-9f35-c15178d01663,Wallis Orchard Practical Shooters OCT 16 815 AM Shooters Meeting,2022-10-16,3,JC 131,748e5253-7b9c-5462-87ff-5be985e13818,Garrick Gonzalez,18,63.07,9,72.19,Carry Optics,,A119804,MINOR,,46.9227,40.9977,3.0390,17.44,8,,4,1,,,,,,
e9d6ffd7-89e7-4142-9f35-c15178d01663,Wallis Orchard Practical Shooters OCT 16 815 AM Shooters Meeting,2022-10-16,3,JC 131,748e5253-7b9c-5462-87ff-5be985e13818,NeaL NaNDiN,19,63.02,10,72.13,Carry Optics,U,fy71894,MINOR,NEW SHOOTER,46.8841,40.9639,3.0365,19.43,10,,3,,,,,,,
e9d6ffd7-89e7-4142-9f35-c15178d01663,Wallis Orchard Practical Shooters OCT 16 815 AM Shooters Meeting,2022-10-16,3,JC 131,748e5253-7b9c-5462-87ff-5be985e13818,Edwin Buchwalter,20,60.75,5,70.40,Open,C,TY102903,MINOR,,45.7579,39.4881,2.9271,20.84,11,,2,,,,,,,
e9d6ffd7-89e7-4142-9f35-c15178d01663,Wallis Orchard Practical Shooters OCT 16 815 AM Shooters Meeting,2022-10-16,3,JC 131,748e5253-7b9c-5462-87ff-5be985e13818,Anthony Smallwood,21,59.70,6,69.18,Open,C,TY94508,MAJOR,Senior,44.9654,38.8041,2.8764,16.34,9,,3,,1,,,,,
e9d6ffd7-89e7-4142-9f35-c15178d01663,Wallis Orchard Practical Shooters OCT 16 815 AM Shooters Meeting,2022-10-16,3,JC 131,748e5253-7b9c-5462-87ff-5be985e13818,Marlon Poralan,22,59.08,7,68.47,Open,D,Ty1234,MAJOR,Law Enforcement,44.5026,38.4048,2.8468,16.51,9,,3,,1,,,,,
e9d6ffd7-89e7-4142-9f35-c15178d01663,Wallis Orchard Practical Shooters OCT 16 815 AM Shooters Meeting,2022-10-16,3,JC 131,748e5253-7b9c-5462-87ff-5be985e13818,Gary Wu,23,58.42,4,58.42,Production,B,L2998,MINOR,Senior,37.9704,37.9704,2.8146,18.12,8,,3,2,,,,,,
e9d6ffd7-89e7-4142-9f35-c15178d01663,Wallis Orchard Practical Shooters OCT 16 815 AM Shooters Meeting,2022-10-16,3,JC 131,748e5253-7b9c-5462-87ff-5be985e13818,Michael Kiesewetter,24,57.81,5,57.81,Production,,TY118153,MINOR,,37.5778,37.5778,2.7855,14.36,8,,3,1,1,,,,,
e9d6ffd7-89e7-4142-9f35-c15178d01663,Wallis Orchard Practical Shooters OCT 16 815 AM Shooters Meeting,2022-10-16,3,JC 131,748e5253-7b9c-5462-87ff-5be985e13818,Pete Kirchner,25,57.16,11,65.42,Carry Optics,A,TY105743,MINOR,,42.5238,37.1542,2.7541,15.25,9,,2,1,1,,,,,
e9d6ffd7-89e7-4142-9f35-c15178d01663,Wallis Orchard Practical Shooters OCT 16 815 AM Shooters Meeting,2022-10-16,3,JC 131,748e5253-7b9c-5462-87ff-5be985e13818,Boyd Nabas,26,56.64,12,64.83,Carry Optics,D,0,MINOR,Junior,42.1378,36.8170,2.7291,19.42,8,,4,1,,,,,,
e9d6ffd7-89e7-4142-9f35-c15178d01663,Wallis Orchard Practical Shooters OCT 16 815 AM Shooters Meeting,2022-10-16,3,JC 131,748e5253-7b9c-5462-87ff-5be985e13818,Phil Truong,27,56.47,13,64.63,Carry Optics,B,FY128600,MINOR,,42.0081,36.7036,2.7207,19.48,7,,6,,,,,,,
e9d6ffd7-89e7-4142-9f35-c15178d01663,Wallis Orchard Practical Shooters OCT 16 815 AM Shooters Meeting,2022-10-16,3,JC 131,748e5253-7b9c-5462-87ff-5be985e13818,Travis McKenzie,28,54.62,14,62.51,Carry Optics,U,TY139201,MINOR,,40.6323,35.5016,2.6316,15.20,7,,5,,1,,,,,
e9d6ffd7-89e7-4142-9f35-c15178d01663,Wallis Orchard Practical Shooters OCT 16 815 AM Shooters Meeting,2022-10-16,3,JC 131,748e5253-7b9c-5462-87ff-5be985e13818,Matt Lem,29,50.99,6,50.99,Production,A,FY34763,MINOR,,33.1421,33.1421,2.4567,17.91,10,,1,1,1,,,,,
e9d6ffd7-89e7-4142-9f35-c15178d01663,Wallis Orchard Practical Shooters OCT 16 815 AM Shooters Meeting,2022-10-16,3,JC 131,748e5253-7b9c-5462-87ff-5be985e13818,Antonio Tormis,30,50.93,15,58.29,Carry Optics,B,,MINOR,,37.8902,33.1057,2.4540,13.04,9,,2,1,1,,,1,,
e9d6ffd7-89e7-4142-9f35-c15178d01663,Wallis Orchard Practical Shooters OCT 16 815 AM Shooters Meeting,2022-10-16,3,JC 131,748e5253-7b9c-5462-87ff-5be985e13818,Robbie Boettcher,31,50.47,16,57.76,Carry Optics,C,A139912,MINOR,,37.5443,32.8035,2.4316,19.74,11,,1,,1,,,,,
e9d6ffd7-89e7-4142-9f35-c15178d01663,Wallis Orchard Practical Shooters OCT 16 815 AM Shooters Meeting,2022-10-16,3,JC 131,748e5253-7b9c-5462-87ff-5be985e13818,Ian Prete,32,49.98,17,57.20,Carry Optics,C,0,MINOR,,37.1830,32.4879,2.4082,16.61,9,,1,2,1,,,,,
e9d6ffd7-89e7-4142-9f35-c15178d01663,Wallis Orchard Practical Shooters OCT 16 815 AM Shooters Meeting,2022-10-16,3,JC 131,748e5253-7b9c-5462-87ff-5be985e13818,Luke Rogers,33,49.63,18,56.80,Carry Optics,B,A133534,MINOR,,36.9221,32.2599,2.3913,18.40,9,,3,,1,,,,,
e9d6ffd7-89e7-4142-9f35-c15178d01663,Wallis Orchard Practical Shooters OCT 16 815 AM Shooters Meeting,2022-10-16,3,JC 131,748e5253-7b9c-5462-87ff-5be985e13818,Tyler Kenny,34,48.14,19,55.10,Carry Optics,U,,MINOR,,35.8165,31.2939,2.3197,19.83,10,,2,,1,,,,,
e9d6ffd7-89e7-4142-9f35-c15178d01663,Wallis Orchard Practical Shooters OCT 16 815 AM Shooters Meeting,2022-10-16,3,JC 131,748e5253-7b9c-5462-87ff-5be985e13818,Mark Hopmann,35,44.93,20,51.43,Carry Optics,B,TY134553,MINOR,Super Senior,33.4264,29.2056,2.1649,19.40,8,,4,,1,,,,,
e9d6ffd7-89e7-4142-9f35-c15178d01663,Wallis Orchard Practical Shooters OCT 16 815 AM Shooters Meeting,2022-10-16,3,JC 131,748e5253-7b9c-5462-87ff-5be985e13818,Matthew Gonzalez,36,44.90,21,51.39,Carry Optics,B,A119810,MINOR,,33.4017,29.1840,2.1633,14.33,9,,2,,2,,,,,
e9d6ffd7-89e7-4142-9f35-c15178d01663,Wallis Orchard Practical Shooters OCT 16 815 AM Shooters Meeting,2022-10-16,3,JC 131,748e5253-7b9c-5462-87ff-5be985e13818,Jason Essazay,37,43.63,22,49.93,Carry Optics,U,A145552,MINOR,NEW SHOOTER,32.4568,28.3584,2.1021,23.31,10,,3,,,,,1,,
e9d6ffd7-89e7-4142-9f35-c15178d01663,Wallis Orchard Practical Shooters OCT 16 815 AM Shooters Meeting,2022-10-16,3,JC 131,748e5253-7b9c-5462-87ff-5be985e13818,August Balagtas,38,43.51,8,50.42,Open,M,L3674,MAJOR,,32.7720,28.2815,2.0964,14.31,8,,2,1,2,,,,,
e9d6ffd7-89e7-4142-9f35-c15178d01663,Wallis Orchard Practical Shooters OCT 16 815 AM Shooters Meeting,2022-10-16,3,JC 131,748e5253-7b9c-5462-87ff-5be985e13818,Joseph White,39,40.88,7,40.88,Production,B,A135489,MINOR,Law Enforcement,26.5696,26.5696,1.9695,20.31,7,,5,,1,,,,,
e9d6ffd7-89e7-4142-9f35-c15178d01663,Wallis Orchard Practical Shooters OCT 16 815 AM Shooters Meeting,2022-10-16,3,JC 131,748e5253-7b9c-5462-87ff-5be985e13818,Steve Thai,40,40.38,9,46.79,Open,U,,MINOR,,30.4162,26.2485,1.9457,19.53,8,,2,2,1,,,,,
e9d6ffd7-89e7-4142-9f35-c15178d01663,Wallis Orchard Practical Shooters OCT 16 815 AM Shooters Meeting,2022-10-16,3,JC 131,748e5253-7b9c-5462-87ff-5be985e13818,Mark Petrie,41,39.64,10,45.93,Open,,,MINOR,,29.8534,25.7628,1.9097,23.04,9,,3,,1,,,,,
e9d6ffd7-89e7-4142-9f35-c15178d01663,Wallis Orchard Practical Shooters OCT 16 815 AM Shooters Meeting,2022-10-16,3,JC 131,748e5253-7b9c-5462-87ff-5be985e13818,Duane Bellamy,42,38.55,23,44.12,Carry Optics,C,A133284,MINOR,,28.6770,25.0559,1.8573,20.46,6,,6,,1,,,,,
e9d6ffd7-89e7-4142-9f35-c15178d01663,Wallis Orchard Practical Shooters OCT 16 815 AM Shooters Meeting,2022-10-16,3,JC 131,748e5253-7b9c-5462-87ff-5be985e13818,Jun Wu,43,38.29,1,100.00,Limited,U,ty104927,MINOR,,65.0000,24.8900,1.8450,21.68,7,,5,,1,,,,,
e9d6ffd7-89e7-4142-9f35-c15178d01663,Wallis Orchard Practical Shooters OCT 16 815 AM Shooters Meeting,2022-10-16,3,JC 131,748e5253-7b9c-5462-87ff-5be985e13818,Jack Liu,44,38.07,2,40.96,PCC,B,Ty130790,MINOR,Law Enforcement,26.6251,24.7430,1.8341,11.45,6,,3,2,2,,,,,
e9d6ffd7-89e7-4142-9f35-c15178d01663,Wallis Orchard Practical Shooters OCT 16 815 AM Shooters Meeting,2022-10-16,3,JC 131,748e5253-7b9c-5462-87ff-5be985e13818,Chez Chike-Udenze,45,37.06,24,42.42,Carry Optics,B,A138598,MINOR,,27.5715,24.0900,1.7857,11.76,6,,3,2,2,,,,,
e9d6ffd7-89e7-4142-9f35-c15178d01663,Wallis Orchard Practical Shooters OCT 16 815 AM Shooters Meeting,2022-10-16,3,JC 131,748e5253-7b9c-5462-87ff-5be985e13818,Detlef Hohl,46,36.98,1,100.00,Single Stack,A,L3462,MAJOR,Senior,65.0000,24.0387,1.7819,23.57,8,,2,2,1,,,,,
e9d6ffd7-89e7-4142-9f35-c15178d01663,Wallis Orchard Practical Shooters OCT 16 815 AM Shooters Meeting,2022-10-16,3,JC 131,748e5253-7b9c-5462-87ff-5be985e13818,Brett Dempsey,47,35.13,25,40.21,Carry Optics,C,L5408,MINOR,,26.1371,22.8367,1.6928,15.95,7,,4,,2,,,,,
e9d6ffd7-89e7-4142-9f35-c15178d01663,Wallis Orchard Practical Shooters OCT 16 815 AM Shooters Meeting,2022-10-16,3,JC 131,748e5253-7b9c-5462-87ff-5be985e13818,Nathan Bridges,48,34.88,26,39.92,Carry Optics,D,A139264,MINOR,,25.9503,22.6735,1.6807,17.85,7,,5,,1,,,1,,
e9d6ffd7-89e7-4142-9f35-c15178d01663,Wallis Orchard Practical Shooters OCT 16 815 AM Shooters Meeting,2022-10-16,3,JC 131,748e5253-7b9c-5462-87ff-5be985e13818,Waltz Noguerra,49,34.68,27,39.70,Carry Optics,D,A137731,MINOR,Junior,25.8021,22.5440,1.6711,22.74,8,,2,2,1,,,,,
e9d6ffd7-89e7-4142-9f35-c15178d01663,Wallis Orchard Practical Shooters OCT 16 815 AM Shooters Meeting,2022-10-16,3,JC 131,748e5253-7b9c-5462-87ff-5be985e13818,Haydn Brown,50,31.89,8,31.89,Production,C,A62956,MINOR,,20.7268,20.7268,1.5364,14.97,6,,4,1,2,,,,,
e9d6ffd7-89e7-4142-9f35-c15178d01663,Wallis Orchard Practical Shooters OCT 16 815 AM Shooters Meeting,2022-10-16,3,JC 131,748e5253-7b9c-5462-87ff-5be985e13818,TRAIN YU,51,29.42,28,33.67,Carry Optics,U,A142824,MINOR,Foreign,21.8849,19.1215,1.4174,26.81,6,,6,,1,,,,,
e9d6ffd7-89e7-4142-9f35-c15178d01663,Wallis Orchard Practical Shooters OCT 16 815 AM Shooters Meeting,2022-10-16,3,JC 131,748e5253-7b9c-5462-87ff-5be985e13818,Allan Santiago,52,22.96,29,26.28,Carry Optics,U,,MINOR,,17.0799,14.9232,1.1062,36.16,8,,3,1,1,,,,,
e9d6ffd7-89e7-4142-9f35-c15178d01663,Wallis Orchard Practical Shooters OCT 16 815 AM Shooters Meeting,2022-10-16,3,JC 131,748e5253-7b9c-5462-87ff-5be985e13818,Edsel Esquivel,53,22.56,30,25.82,Carry Optics,D,,MINOR,,16.7835,14.6642,1.0870,23.00,8,,1,2,2,,,,,
e9d6ffd7-89e7-4142-9f35-c15178d01663,Wallis Orchard Practical Shooters OCT 16 815 AM Shooters Meeting,2022-10-16,3,JC 131,748e5253-7b9c-5462-87ff-5be985e13818,Virak Meas,54,18.14,11,21.02,Open,U,0,MINOR,,13.6628,11.7907,0.8740,21.74,5,,4,2,2,,,,,
e9d6ffd7-89e7-4142-9f35-c15178d01663,Wallis Orchard Practical Shooters OCT 16 815 AM Shooters Meeting,2022-10-16,3,JC 131,748e5253-7b9c-5462-87ff-5be985e13818,George Zhou,55,17.75,31,20.31,Carry Optics,U,0,MINOR,Senior,13.2044,11.5371,0.8552,18.71,8,,2,,3,,,,,
e9d6ffd7-89e7-4142-9f35-c15178d01663,Wallis Orchard Practical Shooters OCT 16 815 AM Shooters Meeting,2022-10-16,3,JC 131,748e5253-7b9c-5462-87ff-5be985e13818,Yetta Jones,56,16.75,32,19.17,Carry Optics,D,A139120,MINOR,Lady,12.4633,10.8895,0.8072,21.06,8,,2,1,2,,,1,,
e9d6ffd7-89e7-4142-9f35-c15178d01663,Wallis Orchard Practical Shooters OCT 16 815 AM Shooters Meeting,2022-10-16,3,JC 131,748e5253-7b9c-5462-87ff-5be985e13818,Doug Joder,57,14.39,3,15.49,PCC,B,A115020,MINOR,,10.0659,9.3543,0.6934,12.98,8,,2,3,,,,4,,
e9d6ffd7-89e7-4142-9f35-c15178d01663,Wallis Orchard Practical Shooters OCT 16 815 AM Shooters Meeting,2022-10-16,3,JC 131,748e5253-7b9c-5462-87ff-5be985e13818,peter nguyen,58,13.89,33,15.90,Carry Optics,U,A143545,MINOR,NEW SHOOTER,10.3341,9.0292,0.6693,25.40,5,,3,3,2,,,,,
e9d6ffd7-89e7-4142-9f35-c15178d01663,Wallis Orchard Practical Shooters OCT 16 815 AM Shooters Meeting,2022-10-16,3,JC 131,748e5253-7b9c-5462-87ff-5be985e13818,Shannon Romary,59,13.11,34,15.01,Carry Optics,U,,MINOR,Military; NEW SHOOTER,9.7551,8.5233,0.6318,28.49,9,,1,,3,,,,,
e9d6ffd7-89e7-4142-9f35-c15178d01663,Wallis Orchard Practical Shooters OCT 16 815 AM Shooters Meeting,2022-10-16,3,JC 131,748e5253-7b9c-5462-87ff-5be985e13818,Rudy Widiaman,60,11.40,35,13.05,Carry Optics,U,NA,MINOR,,8.4797,7.4090,0.5492,27.31,7,,3,1,2,,,1,,
e9d6ffd7-89e7-4142-9f35-c15178d01663,Wallis Orchard Practical Shooters OCT 16 815 AM Shooters Meeting,2022-10-16,3,JC 131,748e5253-7b9c-5462-87ff-5be985e13818,Max Li,61,10.18,36,11.65,Carry Optics,U,,MINOR,,7.5719,6.6157,0.4904,42.82,5,,5,1,2,,,,,
e9d6ffd7-89e7-4142-9f35-c15178d01663,Wallis Orchard Practical Shooters OCT 16 815 AM Shooters Meeting,2022-10-16,3,JC 131,748e5253-7b9c-5462-87ff-5be985e13818,Sheng Onia,62,9.88,9,9.88,Production,U,0,MINOR,Senior,6.4188,6.4188,0.4758,12.61,6,,1,3,3,,,,,
e9d6ffd7-89e7-4142-9f35-c15178d01663,Wallis Orchard Practical Shooters OCT 16 815 AM Shooters Meeting,2022-10-16,3,JC 131,748e5253-7b9c-5462-87ff-5be985e13818,Jeannie Marrone,63,9.10,12,10.55,Open,C,Ty133357,MAJOR,Lady; Super Senior,6.8564,5.9169,0.4386,27.36,6,,2,2,3,,,,,
e9d6ffd7-89e7-4142-9f35-c15178d01663,Wallis Orchard Practical Shooters OCT 16 815 AM Shooters Meeting,2022-10-16,3,JC 131,748e5253-7b9c-5462-87ff-5be985e13818,Ramil Villanueva,64,8.62,37,9.86,Carry Optics,D,A110261,MINOR,Junior,6.4108,5.6013,0.4152,14.45,6,,1,3,3,,,,,
e9d6ffd7-89e7-4142-9f35-c15178d01663,Wallis Orchard Practical Shooters OCT 16 815 AM Shooters Meeting,2022-10-16,3,JC 131,748e5253-7b9c-5462-87ff-5be985e13818,Hopper Po,65,5.90,2,15.41,Limited,U,A132909,MAJOR,,10.0195,3.8367,0.2844,24.61,5,,1,4,3,,,,,
e9d6ffd7-89e7-4142-9f35-c15178d01663,Wallis Orchard Practical Shooters OCT 16 815 AM Shooters Meeting,2022-10-16,3,JC 131,748e5253-7b9c-5462-87ff-5be985e13818,lin shi,66,3.85,38,4.40,Carry Optics,C,TY138430,MINOR,,2.8611,2.4998,0.1853,21.59,7,,3,,3,,,1,,
e9d6ffd7-89e7-4142-9f35-c15178d01663,Wallis Orchard Practical Shooters OCT 16 815 AM Shooters Meeting,2022-10-16,3,JC 131,748e5253-7b9c-5462-87ff-5be985e13818,Arnold Gee,67,3.81,13,4.42,Open,B,Ty103519,MAJOR,Senior,2.8733,2.4796,0.1838,16.32,7,,2,,4,,,,,
e9d6ffd7-89e7-4142-9f35-c15178d01663,Wallis Orchard Practical Shooters OCT 16 815 AM Shooters Meeting,2022-10-16,3,JC 131,748e5253-7b9c-5462-87ff-5be985e13818,Jing Bedro,68,0.00,39,0.00,Carry Optics,C,,MINOR,,0.0000,0.0000,,,,,,,,,,,,
e9d6ffd7-89e7-4142-9f35-c15178d01663,Wallis Orchard Practical Shooters OCT 16 815 AM Shooters Meeting,2022-10-16,3,JC 131,748e5253-7b9c-5462-87ff-5be985e13818,Noel Espanola,69,0.00,14,0.00,Open,C,TY89884,MAJOR,Senior,0.0000,0.0000,0.0000,21.16,8,,,,5,,,,,
e9d6ffd7-89e7-4142-9f35-c15178d01663,Wallis Orchard Practical Shooters OCT 16 815 AM Shooters Meeting,2022-10-16,3,JC 131,748e5253-7b9c-5462-87ff-5be985e13818,LEO BALTAZAR,70,0.00,40,0.00,Carry Optics,U,A102787,MINOR,Senior,0.0000,0.0000,0.0000,33.33,7,,,1,5,,,,,
e9d6ffd7-89e7-4142-9f35-c15178d01663,Wallis Orchard Practical Shooters OCT 16 815 AM Shooters Meeting,2022-10-16,3,JC 131,748e5253-7b9c-5462-87ff-5be985e13818,Byron J Frank,71,0.00,41,0.00,Carry Optics,D,A139338,MINOR,Super Senior,0.0000,0.0000,0.0000,35.55,5,,,3,5,,,,,
e9d6ffd7-89e7-4142-9f35-c15178d01663,Wallis Orchard Practical Shooters OCT 16 815 AM Shooters Meeting,2022-10-16,4,JC 128,153d0a46-690a-86b9-9ba9-be1b613ca46a,August Balagtas,1,100.00,1,100.00,Open,M,L3674,MAJOR,,160.0000,160.0000,6.3740,23.69,25,,6,1,,,,,,
e9d6ffd7-89e7-4142-9f35-c15178d01663,Wallis Orchard Practical Shooters OCT 16 815 AM Shooters Meeting,2022-10-16,4,JC 128,153d0a46-690a-86b9-9ba9-be1b613ca46a,Paul Felker,2,97.45,1,100.00,Carry Optics,M,TY107123,MINOR,,160.0000,155.9259,6.2117,22.86,24,,7,1,,,,,,
e9d6ffd7-89e7-4142-9f35-c15178d01663,Wallis Orchard Practical Shooters OCT 16 815 AM Shooters Meeting,2022-10-16,4,JC 128,153d0a46-690a-86b9-9ba9-be1b613ca46a,Jing Bedro,3,97.41,2,99.95,Carry Optics,C,,MINOR,,159.9202,155.8481,6.2086,24.16,27,,5,,,,,,,
e9d6ffd7-89e7-4142-9f35-c15178d01663,Wallis Orchard Practical Shooters OCT 16 815 AM Shooters Meeting,2022-10-16,4,JC 128,153d0a46-690a-86b9-9ba9-be1b613ca46a,Marlon Poralan,4,96.05,2,96.05,Open,D,Ty1234,MAJOR,Law Enforcement,153.6843,153.6843,6.1224,24.50,24,,7,1,,,,,,
e9d6ffd7-89e7-4142-9f35-c15178d01663,Wallis Orchard Practical Shooters OCT 16 815 AM Shooters Meeting,2022-10-16,4,JC 128,153d0a46-690a-86b9-9ba9-be1b613ca46a,Andrew Whitley,5,95.36,3,95.36,Open,A,TY106649,MAJOR,,152.5773,152.5773,6.0783,24.02,20,,11,1,,,,,,
e9d6ffd7-89e7-4142-9f35-c15178d01663,Wallis Orchard Practical Shooters OCT 16 815 AM Shooters Meeting,2022-10-16,4,JC 128,153d0a46-690a-86b9-9ba9-be1b613ca46a,Dylan Lorence,6,90.83,4,90.83,Open,B,A123359,MAJOR,Military,145.3329,145.3329,5.7897,25.39,21,,10,1,,,,,,
e9d6ffd7-89e7-4142-9f35-c15178d01663,Wallis Orchard Practical Shooters OCT 16 815 AM Shooters Meeting,2022-10-16,4,JC 128,153d0a46-690a-86b9-9ba9-be1b613ca46a,Chez Chike-Udenze,7,90.79,3,93.16,Carry Optics,B,A138598,MINOR,,149.0555,145.2601,5.7868,25.23,25,,7,,,,,,,
e9d6ffd7-89e7-4142-9f35-c15178d01663,Wallis Orchard Practical Shooters OCT 16 815 AM Shooters Meeting,2022-10-16,4,JC 128,153d0a46-690a-86b9-9ba9-be1b613ca46a,Michael Kiesewetter,8,90.42,1,100.00,Production,,TY118153,MINOR,,160.0000,144.6677,5.7632,25.68,27,,4,1,,,,,,
e9d6ffd7-89e7-4142-9f35-c15178d01663,Wallis Orchard Practical Shooters OCT 16 815 AM Shooters Meeting,2022-10-16,4,JC 128,153d0a46-690a-86b9-9ba9-be1b613ca46a,Osting Ali,9,89.10,2,98.55,Production,D,,MINOR,,157.6763,142.5667,5.6795,24.65,22,,10,,,,,,,
e9d6ffd7-89e7-4142-9f35-c15178d01663,Wallis Orchard Practical Shooters OCT 16 815 AM Shooters Meeting,2022-10-16,4,JC 128,153d0a46-690a-86b9-9ba9-be1b613ca46a,Jim Havens,10,88.60,4,90.91,Carry Optics,G,TY114636,MINOR,Senior,145.4571,141.7534,5.6471,25.50,24,,8,,,,,,,
e9d6ffd7-89e7-4142-9f35-c15178d01663,Wallis Orchard Practical Shooters OCT 16 815 AM Shooters Meeting,2022-10-16,4,JC 128,153d0a46-690a-86b9-9ba9-be1b613ca46a,Janice Pacleb,11,87.16,5,87.16,Open,B,,MAJOR,Lady,139.4565,139.4565,5.5556,27.00,22,,10,,,,,,,
e9d6ffd7-89e7-4142-9f35-c15178d01663,Wallis Orchard Practical Shooters OCT 16 815 AM Shooters Meeting,2022-10-16,4,JC 128,153d0a46-690a-86b9-9ba9-be1b613ca46a,Scott Reeh,12,86.66,1,100.00,PCC,M,A91497,MINOR,,160.0000,138.6533,5.5236,26.07,25,,6,1,,,,,,
e9d6ffd7-89e7-4142-9f35-c15178d01663,Wallis Orchard Practical Shooters OCT 16 815 AM Shooters Meeting,2022-10-16,4,JC 128,153d0a46-690a-86b9-9ba9-be1b613ca46a,Jack Liu,13,86.57,2,99.89,PCC,B,Ty130790,MINOR,Law Enforcement,159.8320,138.5077,5.5178,25.01,22,,9,1,,,,,,
e9d6ffd7-89e7-4142-9f35-c15178d01663,Wallis Orchard Practical Shooters OCT 16 815 AM Shooters Meeting,2022-10-16,4,JC 128,153d0a46-690a-86b9-9ba9-be1b613ca46a,Brandon Foss,14,85.96,5,88.20,Carry Optics,M,L5142,MINOR,,141.1247,137.5312,5.4789,24.64,26,,5,,1,,,,,
e9d6ffd7-89e7-4142-9f35-c15178d01663,Wallis Orchard Practical Shooters OCT 16 815 AM Shooters Meeting,2022-10-16,4,JC 128,153d0a46-690a-86b9-9ba9-be1b613ca46a,Phil Truong,15,84.84,6,87.05,Carry Optics,B,FY128600,MINOR,,139.2830,135.7364,5.4074,27.00,25,,7,,,,,,,
e9d6ffd7-89e7-4142-9f35-c15178d01663,Wallis Orchard Practical Shooters OCT 16 815 AM Shooters Meeting,2022-10-16,4,JC 128,153d0a46-690a-86b9-9ba9-be1b613ca46a,Zvi Davidoff,16,84.12,6,84.12,Open,X,,MAJOR,,134.5918,134.5918,5.3618,26.67,25,,7,,,,1,,,
e9d6ffd7-89e7-4142-9f35-c15178d01663,Wallis Orchard Practical Shooters OCT 16 815 AM Shooters Meeting,2022-10-16,4,JC 128,153d0a46-690a-86b9-9ba9-be1b613ca46a,Matt Lem,17,81.97,3,90.66,Production,A,FY34763,MINOR,,145.0500,131.1503,5.2247,28.71,27,,5,,,,,,,
e9d6ffd7-89e7-4142-9f35-c15178d01663,Wallis Orchard Practical Shooters OCT 16 815 AM Shooters Meeting,2022-10-16,4,JC 128,153d0a46-690a-86b9-9ba9-be1b613ca46a,Pete Kirchner,18,80.48,7,82.59,Carry Optics,A,TY105743,MINOR,,132.1403,128.7757,5.1301,26.90,23,,7,2,,,,,,
e9d6ffd7-89e7-4142-9f35-c15178d01663,Wallis Orchard Practical Shooters OCT 16 815 AM Shooters Meeting,2022-10-16,4,JC 128,153d0a46-690a-86b9-9ba9-be1b613ca46a,Mike Junco,19,80.10,8,82.19,Carry Optics,M,TY34819,MINOR,Senior; Law Enforcement,131.5067,128.1581,5.1055,23.70,20,,10,1,1,,,,,
e9d6ffd7-89e7-4142-9f35-c15178d01663,Wallis Orchard Practical Shooters OCT 16 815 AM Shooters Meeting,2022-10-16,4,JC 128,153d0a46-690a-86b9-9ba9-be1b613ca46a,Boyd Nabas,20,79.25,9,81.32,Carry Optics,D,0,MINOR,Junior,130.1080,126.7951,5.0512,29.30,27,,4,1,,,,,,
e9d6ffd7-89e7-4142-9f35-c15178d01663,Wallis Orchard Practical Shooters OCT 16 815 AM Shooters Meeting,2022-10-16,4,JC 128,153d0a46-690a-86b9-9ba9-be1b613ca46a,Sheng Onia,21,78.72,4,87.07,Production,U,0,MINOR,Senior,139.3059,125.9567,5.0178,25.31,24,,5,2,1,,,,,
e9d6ffd7-89e7-4142-9f35-c15178d01663,Wallis Orchard Practical Shooters OCT 16 815 AM Shooters Meeting,2022-10-16,4,JC 128,153d0a46-690a-86b9-9ba9-be1b613ca46a,Matthew Michna,22,78.57,10,80.62,Carry Optics,A,A128405,MINOR,,128.9979,125.7132,5.0081,30.75,29,,3,,,,,,,
e9d6ffd7-89e7-4142-9f35-c15178d01663,Wallis Orchard Practical Shooters OCT 16 815 AM Shooters Meeting,2022-10-16,4,JC 128,153d0a46-690a-86b9-9ba9-be1b613ca46a,Antonio Tormis,23,78.04,11,80.08,Carry Optics,B,,MINOR,,128.1298,124.8673,4.9744,27.34,23,,6,3,,,,,,
e9d6ffd7-89e7-4142-9f35-c15178d01663,Wallis Orchard Practical Shooters OCT 16 815 AM Shooters Meeting,2022-10-16,4,JC 128,153d0a46-690a-86b9-9ba9-be1b613ca46a,Craig Bellamy,24,77.67,5,85.90,Production,U,Ty54824,MINOR,Law Enforcement,137.4375,124.2673,4.9505,28.28,23,,8,1,,,,,,
e9d6ffd7-89e7-4142-9f35-c15178d01663,Wallis Orchard Practical Shooters OCT 16 815 AM Shooters Meeting,2022-10-16,4,JC 128,153d0a46-690a-86b9-9ba9-be1b613ca46a,Travis McKenzie,25,77.59,12,79.61,Carry Optics,U,TY139201,MINOR,,127.3803,124.1368,4.9453,24.67,19,,12,1,,,1,,,
e9d6ffd7-89e7-4142-9f35-c15178d01663,Wallis Orchard Practical Shooters OCT 16 815 AM Shooters Meeting,2022-10-16,4,JC 128,153d0a46-690a-86b9-9ba9-be1b613ca46a,Hopper Po,26,74.87,1,100.00,Limited,U,A132909,MAJOR,,160.0000,119.7841,4.7719,28.71,23,,7,2,,,1,,,
e9d6ffd7-89e7-4142-9f35-c15178d01663,Wallis Orchard Practical Shooters OCT 16 815 AM Shooters Meeting,2022-10-16,4,JC 128,153d0a46-690a-86b9-9ba9-be1b613ca46a,Norman Oducado,27,74.24,6,82.11,Production,C,A103491,MINOR,,131.3770,118.7876,4.7322,30.43,25,,6,1,,,,,,
e9d6ffd7-89e7-4142-9f35-c15178d01663,Wallis Orchard Practical Shooters OCT 16 815 AM Shooters Meeting,2022-10-16,4,JC 128,153d0a46-690a-86b9-9ba9-be1b613ca46a,NeaL NaNDiN,28,73.76,13,75.68,Carry Optics,U,fy71894,MINOR,NEW SHOOTER,121.0954,118.0119,4.7013,28.29,30,,1,,1,,1,,,
e9d6ffd7-89e7-4142-9f35-c15178d01663,Wallis Orchard Practical Shooters OCT 16 815 AM Shooters Meeting,2022-10-16,4,JC 128,153d0a46-690a-86b9-9ba9-be1b613ca46a,Garrick Gonzalez,29,73.40,14,75.32,Carry Optics,,A119804,MINOR,,120.5055,117.4371,4.6784,30.78,24,,8,,,,,,,
e9d6ffd7-89e7-4142-9f35-c15178d01663,Wallis Orchard Practical Shooters OCT 16 815 AM Shooters Meeting,2022-10-16,4,JC 128,153d0a46-690a-86b9-9ba9-be1b613ca46a,Damon Killian,30,73.24,1,100.00,Limited 10,B,TY123776,MAJOR,,160.0000,117.1886,4.6685,32.13,24,,7,1,,,,,,
e9d6ffd7-89e7-4142-9f35-c15178d01663,Wallis Orchard Practical Shooters OCT 16 815 AM Shooters Meeting,2022-10-16,4,JC 128,153d0a46-690a-86b9-9ba9-be1b613ca46a,Ian Prete,31,73.13,15,75.04,Carry Optics,C,0,MINOR,,120.0650,117.0078,4.6613,32.18,27,,5,,,,,,,
e9d6ffd7-89e7-4142-9f35-c15178d01663,Wallis Orchard Practical Shooters OCT 16 815 AM Shooters Meeting,2022-10-16,4,JC 128,153d0a46-690a-86b9-9ba9-be1b613ca46a,Gary Wu,32,72.04,7,79.67,Production,B,L2998,MINOR,Senior,127.4792,115.2633,4.5918,31.36,24,,8,,,,,,,
e9d6ffd7-89e7-4142-9f35-c15178d01663,Wallis Orchard Practical Shooters OCT 16 815 AM Shooters Meeting,2022-10-16,4,JC 128,153d0a46-690a-86b9-9ba9-be1b613ca46a,Edwin Garcia,33,71.92,16,73.80,Carry Optics,U,Ty38396,MINOR,,118.0843,115.0775,4.5844,19.85,17,,12,,3,,,,,
e9d6ffd7-89e7-4142-9f35-c15178d01663,Wallis Orchard Practical Shooters OCT 16 815 AM Shooters Meeting,2022-10-16,4,JC 128,153d0a46-690a-86b9-9ba9-be1b613ca46a,Luke Rogers,34,67.95,17,69.72,Carry Optics,B,A133534,MINOR,,111.5598,108.7192,4.3311,33.71,25,,7,,,,,,,
e9d6ffd7-89e7-4142-9f35-c15178d01663,Wallis Orchard Practical Shooters OCT 16 815 AM Shooters Meeting,2022-10-16,4,JC 128,153d0a46-690a-86b9-9ba9-be1b613ca46a,Haydn Brown,35,67.26,8,74.39,Production,C,A62956,MINOR,,119.0172,107.6122,4.2870,33.59,26,,4,2,,,,,,
e9d6ffd7-89e7-4142-9f35-c15178d01663,Wallis Orchard Practical Shooters OCT 16 815 AM Shooters Meeting,2022-10-16,4,JC 128,153d0a46-690a-86b9-9ba9-be1b613ca46a,Arnold Gee,36,66.27,7,66.27,Open,B,Ty103519,MAJOR,Senior,106.0358,106.0358,4.2242,35.51,24,,7,1,,,,,,
e9d6ffd7-89e7-4142-9f35-c15178d01663,Wallis Orchard Practical Shooters OCT 16 815 AM Shooters Meeting,2022-10-16,4,JC 128,153d0a46-690a-86b9-9ba9-be1b613ca46a,Waltz Noguerra,37,64.23,18,65.91,Carry Optics,D,A137731,MINOR,Junior,105.4578,102.7725,4.0942,35.66,25,,7,,,,,,,
e9d6ffd7-89e7-4142-9f35-c15178d01663,Wallis Orchard Practical Shooters OCT 16 815 AM Shooters Meeting,2022-10-16,4,JC 128,153d0a46-690a-86b9-9ba9-be1b613ca46a,Edwin Buchwalter,38,63.82,8,63.82,Open,C,TY102903,MINOR,,102.1199,102.1199,4.0682,33.43,21,,10,1,,,,,,
e9d6ffd7-89e7-4142-9f35-c15178d01663,Wallis Orchard Practical Shooters OCT 16 815 AM Shooters Meeting,2022-10-16,4,JC 128,153d0a46-690a-86b9-9ba9-be1b613ca46a,Hugh Fullerton,39,63.67,19,65.33,Carry Optics,U,A140572,MINOR,,104.5305,101.8688,4.0582,32.28,25,,5,1,1,,,,,
e9d6ffd7-89e7-4142-9f35-c15178d01663,Wallis Orchard Practical Shooters OCT 16 815 AM Shooters Meeting,2022-10-16,4,JC 128,153d0a46-690a-86b9-9ba9-be1b613ca46a,Alberto Ramirez,40,63.58,20,65.25,Carry Optics,U,,MINOR,,104.3940,101.7358,4.0529,34.79,29,,2,,1,,,,,
e9d6ffd7-89e7-4142-9f35-c15178d01663,Wallis Orchard Practical Shooters OCT 16 815 AM Shooters Meeting,2022-10-16,4,JC 128,153d0a46-690a-86b9-9ba9-be1b613ca46a,Rudy Widiaman,41,63.58,21,65.24,Carry Optics,U,NA,MINOR,,104.3862,101.7283,4.0526,36.52,26,,6,,,,,,,
e9d6ffd7-89e7-4142-9f35-c15178d01663,Wallis Orchard Practical Shooters OCT 16 815 AM Shooters Meeting,2022-10-16,4,JC 128,153d0a46-690a-86b9-9ba9-be1b613ca46a,Anthony Smallwood,42,61.64,9,61.64,Open,C,TY94508,MAJOR,Senior,98.6232,98.6232,3.9289,34.87,23,,8,,1,,,,,
e9d6ffd7-89e7-4142-9f35-c15178d01663,Wallis Orchard Practical Shooters OCT 16 815 AM Shooters Meeting,2022-10-16,4,JC 128,153d0a46-690a-86b9-9ba9-be1b613ca46a,Mark Petrie,43,61.52,10,61.52,Open,,,MINOR,,98.4399,98.4399,3.9216,39.78,30,,2,,,,,,,
e9d6ffd7-89e7-4142-9f35-c15178d01663,Wallis Orchard Practical Shooters OCT 16 815 AM Shooters Meeting,2022-10-16,4,JC 128,153d0a46-690a-86b9-9ba9-be1b613ca46a,Doug Joder,44,58.71,3,67.75,PCC,B,A115020,MINOR,,108.4018,93.9391,3.7423,37.41,27,,5,,,,1,,,
e9d6ffd7-89e7-4142-9f35-c15178d01663,Wallis Orchard Practical Shooters OCT 16 815 AM Shooters Meeting,2022-10-16,4,JC 128,153d0a46-690a-86b9-9ba9-be1b613ca46a,Jeannie Marrone,45,57.47,11,57.47,Open,C,Ty133357,MAJOR,Lady; Super Senior,91.9536,91.9536,3.6632,39.31,20,,10,2,,,,,,
e9d6ffd7-89e7-4142-9f35-c15178d01663,Wallis Orchard Practical Shooters OCT 16 815 AM Shooters Meeting,2022-10-16,4,JC 128,153d0a46-690a-86b9-9ba9-be1b613ca46a,Joseph White,46,56.81,9,62.83,Production,B,A135489,MINOR,Law Enforcement,100.5247,90.8917,3.6209,37.56,26,,5,1,,,1,,,
e9d6ffd7-89e7-4142-9f35-c15178d01663,Wallis Orchard Practical Shooters OCT 16 815 AM Shooters Meeting,2022-10-16,4,JC 128,153d0a46-690a-86b9-9ba9-be1b613ca46a,Duane Bellamy,47,56.52,22,57.99,Carry Optics,C,A133284,MINOR,,92.7875,90.4249,3.6023,34.70,21,,10,,1,,,,,
e9d6ffd7-89e7-4142-9f35-c15178d01663,Wallis Orchard Practical Shooters OCT 16 815 AM Shooters Meeting,2022-10-16,4,JC 128,153d0a46-690a-86b9-9ba9-be1b613ca46a,Brett Dempsey,48,55.80,23,57.25,Carry Optics,C,L5408,MINOR,,91.6052,89.2727,3.5564,35.71,23,,7,1,1,,,,,
e9d6ffd7-89e7-4142-9f35-c15178d01663,Wallis Orchard Practical Shooters OCT 16 815 AM Shooters Meeting,2022-10-16,4,JC 128,153d0a46-690a-86b9-9ba9-be1b613ca46a,Ramil Villanueva,49,55.57,24,57.02,Carry Optics,D,A110261,MINOR,Junior,91.2291,88.9062,3.5418,26.54,15,,12,3,2,,,,,
e9d6ffd7-89e7-4142-9f35-c15178d01663,Wallis Orchard Practical Shooters OCT 16 815 AM Shooters Meeting,2022-10-16,4,JC 128,153d0a46-690a-86b9-9ba9-be1b613ca46a,Matthew Gonzalez,50,54.23,25,55.64,Carry Optics,B,A119810,MINOR,,89.0294,86.7625,3.4564,29.80,23,,6,,3,,,,,
e9d6ffd7-89e7-4142-9f35-c15178d01663,Wallis Orchard Practical Shooters OCT 16 815 AM Shooters Meeting,2022-10-16,4,JC 128,153d0a46-690a-86b9-9ba9-be1b613ca46a,Mark Hopmann,51,53.53,26,54.93,Carry Optics,B,TY134553,MINOR,Super Senior,87.8806,85.6429,3.4118,37.81,23,,8,,1,,,,,
e9d6ffd7-89e7-4142-9f35-c15178d01663,Wallis Orchard Practical Shooters OCT 16 815 AM Shooters Meeting,2022-10-16,4,JC 128,153d0a46-690a-86b9-9ba9-be1b613ca46a,Allan Santiago,52,52.62,27,54.00,Carry Optics,U,,MINOR,,86.3944,84.1945,3.3541,41.74,22,,10,,,,,,,
e9d6ffd7-89e7-4142-9f35-c15178d01663,Wallis Orchard Practical Shooters OCT 16 815 AM Shooters Meeting,2022-10-16,4,JC 128,153d0a46-690a-86b9-9ba9-be1b613ca46a,Jun Wu,53,51.38,2,68.63,Limited,U,ty104927,MINOR,,109.8062,82.2065,3.2749,39.39,24,,6,1,1,,,,,
e9d6ffd7-89e7-4142-9f35-c15178d01663,Wallis Orchard Practical Shooters OCT 16 815 AM Shooters Meeting,2022-10-16,4,JC 128,153d0a46-690a-86b9-9ba9-be1b613ca46a,Robbie Boettcher,54,50.91,28,52.24,Carry Optics,C,A139912,MINOR,,83.5842,81.4559,3.2450,40.37,25,,5,1,1,,,,,
e9d6ffd7-89e7-4142-9f35-c15178d01663,Wallis Orchard Practical Shooters OCT 16 815 AM Shooters Meeting,2022-10-16,4,JC 128,153d0a46-690a-86b9-9ba9-be1b613ca46a,Nathan Bridges,55,50.73,29,52.06,Carry Optics,D,A139264,MINOR,,83.2931,81.1723,3.2337,40.82,22,,6,4,,,,,,
e9d6ffd7-89e7-4142-9f35-c15178d01663,Wallis Orchard Practical Shooters OCT 16 815 AM Shooters Meeting,2022-10-16,4,JC 128,153d0a46-690a-86b9-9ba9-be1b613ca46a,Detlef Hohl,56,50.04,1,100.00,Single Stack,A,L3462,MAJOR,Senior,160.0000,80.0628,3.1895,37.31,21,,7,3,1,,1,,,
e9d6ffd7-89e7-4142-9f35-c15178d01663,Wallis Orchard Practical Shooters OCT 16 815 AM Shooters Meeting,2022-10-16,4,JC 128,153d0a46-690a-86b9-9ba9-be1b613ca46a,Yetta Jones,57,41.81,30,42.90,Carry Optics,D,A139120,MINOR,Lady,68.6447,66.8968,2.6650,48.78,20,,9,3,,,,,,
e9d6ffd7-89e7-4142-9f35-c15178d01663,Wallis Orchard Practical Shooters OCT 16 815 AM Shooters Meeting,2022-10-16,4,JC 128,153d0a46-690a-86b9-9ba9-be1b613ca46a,Jason Essazay,58,41.67,31,42.76,Carry Optics,U,A145552,MINOR,NEW SHOOTER,68.4128,66.6709,2.6560,45.18,25,,5,,2,,,,,
e9d6ffd7-89e7-4142-9f35-c15178d01663,Wallis Orchard Practical Shooters OCT 16 815 AM Shooters Meeting,2022-10-16,4,JC 128,153d0a46-690a-86b9-9ba9-be1b613ca46a,Edsel Esquivel,59,40.16,32,41.21,Carry Optics,D,,MINOR,,65.9375,64.2586,2.5599,30.47,17,,11,,4,,,,,
e9d6ffd7-89e7-4142-9f35-c15178d01663,Wallis Orchard Practical Shooters OCT 16 815 AM Shooters Meeting,2022-10-16,4,JC 128,153d0a46-690a-86b9-9ba9-be1b613ca46a,Tyler Kenny,60,38.88,33,39.89,Carry Optics,U,,MINOR,,63.8305,62.2052,2.4781,52.46,18,,13,1,,,,,,
e9d6ffd7-89e7-4142-9f35-c15178d01663,Wallis Orchard Practical Shooters OCT 16 815 AM Shooters Meeting,2022-10-16,4,JC 128,153d0a46-690a-86b9-9ba9-be1b613ca46a,lin shi,61,36.19,34,37.14,Carry Optics,C,TY138430,MINOR,,59.4233,57.9103,2.3070,31.21,20,,7,1,4,,1,,,
e9d6ffd7-89e7-4142-9f35-c15178d01663,Wallis Orchard Practical Shooters OCT 16 815 AM Shooters Meeting,2022-10-16,4,JC 128,153d0a46-690a-86b9-9ba9-be1b613ca46a,Steve Thai,62,35.22,12,35.22,Open,U,,MINOR,,56.3514,56.3514,2.2449,57.91,21,,7,4,,,,,,
e9d6ffd7-89e7-4142-9f35-c15178d01663,Wallis Orchard Practical Shooters OCT 16 815 AM Shooters Meeting,2022-10-16,4,JC 128,153d0a46-690a-86b9-9ba9-be1b613ca46a,George Zhou,63,34.32,35,35.22,Carry Optics,U,0,MINOR,Senior,56.3530,54.9181,2.1878,48.45,21,,6,3,2,,,,,
e9d6ffd7-89e7-4142-9f35-c15178d01663,Wallis Orchard Practical Shooters OCT 16 815 AM Shooters Meeting,2022-10-16,4,JC 128,153d0a46-690a-86b9-9ba9-be1b613ca46a,Byron J Frank,64,32.74,36,33.59,Carry Optics,D,A139338,MINOR,Super Senior,53.7463,52.3778,2.0866,63.26,19,,12,1,,,,,,
e9d6ffd7-89e7-4142-9f35-c15178d01663,Wallis Orchard Practical Shooters OCT 16 815 AM Shooters Meeting,2022-10-16,4,JC 128,153d0a46-690a-86b9-9ba9-be1b613ca46a,TRAIN YU,65,27.87,37,28.60,Carry Optics,U,A142824,MINOR,Foreign,45.7537,44.5886,1.7763,47.29,22,,4,2,4,,,,,
e9d6ffd7-89e7-4142-9f35-c15178d01663,Wallis Orchard Practical Shooters OCT 16 815 AM Shooters Meeting,2022-10-16,4,JC 128,153d0a46-690a-86b9-9ba9-be1b613ca46a,Virak Meas,66,19.77,13,19.77,Open,U,0,MINOR,,31.6385,31.6385,1.2604,51.57,19,,6,2,5,,,,,
e9d6ffd7-89e7-4142-9f35-c15178d01663,Wallis Orchard Practical Shooters OCT 16 815 AM Shooters Meeting,2022-10-16,4,JC 128,153d0a46-690a-86b9-9ba9-be1b613ca46a,peter nguyen,67,18.77,38,19.26,Carry Optics,U,A143545,MINOR,NEW SHOOTER,30.8167,30.0320,1.1964,40.12,20,,5,3,4,,3,,,
e9d6ffd7-89e7-4142-9f35-c15178d01663,Wallis Orchard Practical Shooters OCT 16 815 AM Shooters Meeting,2022-10-16,4,JC 128,153d0a46-690a-86b9-9ba9-be1b613ca46a,LEO BALTAZAR,68,12.83,39,13.17,Carry Optics,U,A102787,MINOR,Senior,21.0673,20.5309,0.8179,51.35,14,,10,2,6,,,,,
e9d6ffd7-89e7-4142-9f35-c15178d01663,Wallis Orchard Practical Shooters OCT 16 815 AM Shooters Meeting,2022-10-16,4,JC 128,153d0a46-690a-86b9-9ba9-be1b613ca46a,Noel Espanola,69,3.49,14,3.49,Open,C,TY89884,MAJOR,Senior,5.5852,5.5852,0.2225,22.47,17,,5,,10,,,,,
e9d6ffd7-89e7-4142-9f35-c15178d01663,Wallis Orchard Practical Shooters OCT 16 815 AM Shooters Meeting,2022-10-16,4,JC 128,153d0a46-690a-86b9-9ba9-be1b613ca46a,Shannon Romary,70,2.44,40,2.50,Carry Optics,U,,MINOR,Military; NEW SHOOTER,4.0028,3.9008,0.1554,585.55,19,,8,2,3,,,,,
e9d6ffd7-89e7-4142-9f35-c15178d01663,Wallis Orchard Practical Shooters OCT 16 815 AM Shooters Meeting,2022-10-16,4,JC 128,153d0a46-690a-86b9-9ba9-be1b613ca46a,Max Li,71,0.00,41,0.00,Carry Optics,U,,MINOR,,0.0000,0.0000,,,,,,,,,,,,
e9d6ffd7-89e7-4142-9f35-c15178d01663,Wallis Orchard Practical Shooters OCT 16 815 AM Shooters Meeting,2022-10-16,5,JC 98,2013aca7-d4e4-d337-8d7e-3d3006531cea,Travis McKenzie,1,100.00,1,100.00,Carry Optics,U,TY139201,MINOR,,140.0000,140.0000,6.4828,20.67,25,,3,,,,,,,
e9d6ffd7-89e7-4142-9f35-c15178d01663,Wallis Orchard Practical Shooters OCT 16 815 AM Shooters Meeting,2022-10-16,5,JC 98,2013aca7-d4e4-d337-8d7e-3d3006531cea,Zvi Davidoff,2,97.99,1,100.00,Open,X,,MAJOR,,140.0000,137.1818,6.3523,20.78,22,,5,1,,,,,,
e9d6ffd7-89e7-4142-9f35-c15178d01663,Wallis Orchard Practical Shooters OCT 16 815 AM Shooters Meeting,2022-10-16,5,JC 98,2013aca7-d4e4-d337-8d7e-3d3006531cea,Edwin Garcia,3,91.37,2,91.37,Carry Optics,U,Ty38396,MINOR,,127.9151,127.9151,5.9232,21.61,23,,4,1,,,,,,
e9d6ffd7-89e7-4142-9f35-c15178d01663,Wallis Orchard Practical Shooters OCT 16 815 AM Shooters Meeting,2022-10-16,5,JC 98,2013aca7-d4e4-d337-8d7e-3d3006531cea,Matthew Gonzalez,4,90.03,3,90.03,Carry Optics,B,A119810,MINOR,,126.0363,126.0363,5.8362,22.96,25,,3,,,,,,,
e9d6ffd7-89e7-4142-9f35-c15178d01663,Wallis Orchard Practical Shooters OCT 16 815 AM Shooters Meeting,2022-10-16,5,JC 98,2013aca7-d4e4-d337-8d7e-3d3006531cea,Michael Kiesewetter,5,89.38,1,100.00,Production,,TY118153,MINOR,,140.0000,125.1357,5.7945,22.09,22,,6,,,,,,,
e9d6ffd7-89e7-4142-9f35-c15178d01663,Wallis Orchard Practical Shooters OCT 16 815 AM Shooters Meeting,2022-10-16,5,JC 98,2013aca7-d4e4-d337-8d7e-3d3006531cea,Mike Junco,6,87.66,4,87.66,Carry Optics,M,TY34819,MINOR,Senior; Law Enforcement,122.7257,122.7257,5.6829,21.82,21,,6,1,,,,,,
e9d6ffd7-89e7-4142-9f35-c15178d01663,Wallis Orchard Practical Shooters OCT 16 815 AM Shooters Meeting,2022-10-16,5,JC 98,2013aca7-d4e4-d337-8d7e-3d3006531cea,Matthew Michna,7,84.14,5,84.14,Carry Optics,A,A128405,MINOR,,117.7932,117.7932,5.4545,25.30,27,,1,,,,,,,
e9d6ffd7-89e7-4142-9f35-c15178d01663,Wallis Orchard Practical Shooters OCT 16 815 AM Shooters Meeting,2022-10-16,5,JC 98,2013aca7-d4e4-d337-8d7e-3d3006531cea,Andrew Whitley,8,83.74,2,85.46,Open,A,TY106649,MAJOR,,119.6379,117.2296,5.4284,22.29,21,,6,1,,,1,,,
e9d6ffd7-89e7-4142-9f35-c15178d01663,Wallis Orchard Practical Shooters OCT 16 815 AM Shooters Meeting,2022-10-16,5,JC 98,2013aca7-d4e4-d337-8d7e-3d3006531cea,Dylan Lorence,9,81.66,3,83.33,Open,B,A123359,MAJOR,Military,116.6670,114.3185,5.2936,22.48,19,,8,1,,,,1,,
e9d6ffd7-89e7-4142-9f35-c15178d01663,Wallis Orchard Practical Shooters OCT 16 815 AM Shooters Meeting,2022-10-16,5,JC 98,2013aca7-d4e4-d337-8d7e-3d3006531cea,Brandon Foss,10,80.84,6,80.84,Carry Optics,M,L5142,MINOR,,113.1783,113.1783,5.2408,21.18,20,,7,,1,,,,,
e9d6ffd7-89e7-4142-9f35-c15178d01663,Wallis Orchard Practical Shooters OCT 16 815 AM Shooters Meeting,2022-10-16,5,JC 98,2013aca7-d4e4-d337-8d7e-3d3006531cea,Arnold Gee,11,80.84,4,82.50,Open,B,Ty103519,MAJOR,Senior,115.4967,113.1718,5.2405,25.57,22,,6,,,,,,,
e9d6ffd7-89e7-4142-9f35-c15178d01663,Wallis Orchard Practical Shooters OCT 16 815 AM Shooters Meeting,2022-10-16,5,JC 98,2013aca7-d4e4-d337-8d7e-3d3006531cea,Craig Bellamy,12,80.35,2,89.89,Production,U,Ty54824,MINOR,Law Enforcement,125.8466,112.4850,5.2087,26.11,26,,2,,,,,,,
e9d6ffd7-89e7-4142-9f35-c15178d01663,Wallis Orchard Practical Shooters OCT 16 815 AM Shooters Meeting,2022-10-16,5,JC 98,2013aca7-d4e4-d337-8d7e-3d3006531cea,Pete Kirchner,13,79.41,7,79.41,Carry Optics,A,TY105743,MINOR,,111.1720,111.1720,5.1479,26.03,25,,3,,,,,,,
e9d6ffd7-89e7-4142-9f35-c15178d01663,Wallis Orchard Practical Shooters OCT 16 815 AM Shooters Meeting,2022-10-16,5,JC 98,2013aca7-d4e4-d337-8d7e-3d3006531cea,Paul Felker,14,77.01,8,77.01,Carry Optics,M,TY107123,MINOR,,107.8204,107.8204,4.9927,27.24,26,,2,,,,,,,
e9d6ffd7-89e7-4142-9f35-c15178d01663,Wallis Orchard Practical Shooters OCT 16 815 AM Shooters Meeting,2022-10-16,5,JC 98,2013aca7-d4e4-d337-8d7e-3d3006531cea,August Balagtas,15,76.66,5,78.24,Open,M,L3674,MAJOR,,109.5329,107.3280,4.9699,24.95,18,,7,3,,,,,,
e9d6ffd7-89e7-4142-9f35-c15178d01663,Wallis Orchard Practical Shooters OCT 16 815 AM Shooters Meeting,2022-10-16,5,JC 98,2013aca7-d4e4-d337-8d7e-3d3006531cea,Ian Prete,16,74.67,9,74.67,Carry Optics,C,0,MINOR,,104.5357,104.5357,4.8406,26.03,21,,7,,,,,,,
e9d6ffd7-89e7-4142-9f35-c15178d01663,Wallis Orchard Practical Shooters OCT 16 815 AM Shooters Meeting,2022-10-16,5,JC 98,2013aca7-d4e4-d337-8d7e-3d3006531cea,Luke Rogers,17,73.38,10,73.38,Carry Optics,B,A133534,MINOR,,102.7260,102.7260,4.7568,27.75,24,,4,,,,,,,
e9d6ffd7-89e7-4142-9f35-c15178d01663,Wallis Orchard Practical Shooters OCT 16 815 AM Shooters Meeting,2022-10-16,5,JC 98,2013aca7-d4e4-d337-8d7e-3d3006531cea,Brett Dempsey,18,68.90,11,68.90,Carry Optics,C,L5408,MINOR,,96.4611,96.4611,4.4667,30.00,25,,3,,,,,,,
e9d6ffd7-89e7-4142-9f35-c15178d01663,Wallis Orchard Practical Shooters OCT 16 815 AM Shooters Meeting,2022-10-16,5,JC 98,2013aca7-d4e4-d337-8d7e-3d3006531cea,Jim Havens,19,68.16,12,68.16,Carry Optics,G,TY114636,MINOR,Senior,95.4310,95.4310,4.4190,24.44,22,,6,,,,2,,,
e9d6ffd7-89e7-4142-9f35-c15178d01663,Wallis Orchard Practical Shooters OCT 16 815 AM Shooters Meeting,2022-10-16,5,JC 98,2013aca7-d4e4-d337-8d7e-3d3006531cea,Joseph White,20,67.76,3,75.81,Production,B,A135489,MINOR,Law Enforcement,106.1313,94.8630,4.3927,30.05,24,,4,,,,,,,
e9d6ffd7-89e7-4142-9f35-c15178d01663,Wallis Orchard Practical Shooters OCT 16 815 AM Shooters Meeting,2022-10-16,5,JC 98,2013aca7-d4e4-d337-8d7e-3d3006531cea,Matt Lem,21,67.31,4,75.31,Production,A,FY34763,MINOR,,105.4331,94.2389,4.3638,27.27,24,,3,,1,,,,,
e9d6ffd7-89e7-4142-9f35-c15178d01663,Wallis Orchard Practical Shooters OCT 16 815 AM Shooters Meeting,2022-10-16,5,JC 98,2013aca7-d4e4-d337-8d7e-3d3006531cea,Sheng Onia,22,67.04,5,75.01,Production,U,0,MINOR,Senior,105.0079,93.8588,4.3462,26.69,22,,5,1,,,1,,,
e9d6ffd7-89e7-4142-9f35-c15178d01663,Wallis Orchard Practical Shooters OCT 16 815 AM Shooters Meeting,2022-10-16,5,JC 98,2013aca7-d4e4-d337-8d7e-3d3006531cea,Gary Wu,23,66.62,6,74.53,Production,B,L2998,MINOR,Senior,104.3410,93.2628,4.3186,28.25,24,,4,,,,1,,,
e9d6ffd7-89e7-4142-9f35-c15178d01663,Wallis Orchard Practical Shooters OCT 16 815 AM Shooters Meeting,2022-10-16,5,JC 98,2013aca7-d4e4-d337-8d7e-3d3006531cea,Detlef Hohl,24,66.58,1,100.00,Single Stack,A,L3462,MAJOR,Senior,140.0000,93.2174,4.3165,26.41,18,,8,1,1,,,,,
e9d6ffd7-89e7-4142-9f35-c15178d01663,Wallis Orchard Practical Shooters OCT 16 815 AM Shooters Meeting,2022-10-16,5,JC 98,2013aca7-d4e4-d337-8d7e-3d3006531cea,Scott Reeh,25,66.39,1,100.00,PCC,M,A91497,MINOR,,140.0000,92.9432,4.3038,23.70,22,,4,,2,,,,,
e9d6ffd7-89e7-4142-9f35-c15178d01663,Wallis Orchard Practical Shooters OCT 16 815 AM Shooters Meeting,2022-10-16,5,JC 98,2013aca7-d4e4-d337-8d7e-3d3006531cea,Alberto Ramirez,26,66.37,13,66.37,Carry Optics,U,,MINOR,,92.9129,92.9129,4.3024,32.54,28,,,,,,,,,
e9d6ffd7-89e7-4142-9f35-c15178d01663,Wallis Orchard Practical Shooters OCT 16 815 AM Shooters Meeting,2022-10-16,5,JC 98,2013aca7-d4e4-d337-8d7e-3d3006531cea,Norman Oducado,27,66.09,7,73.94,Production,C,A103491,MINOR,,103.5195,92.5285,4.2846,26.84,22,,5,,1,,,,,
e9d6ffd7-89e7-4142-9f35-c15178d01663,Wallis Orchard Practical Shooters OCT 16 815 AM Shooters Meeting,2022-10-16,5,JC 98,2013aca7-d4e4-d337-8d7e-3d3006531cea,Janice Pacleb,28,64.48,6,65.80,Open,B,,MAJOR,Lady,92.1263,90.2718,4.1801,27.99,21,,5,1,1,,,,,
e9d6ffd7-89e7-4142-9f35-c15178d01663,Wallis Orchard Practical Shooters OCT 16 815 AM Shooters Meeting,2022-10-16,5,JC 98,2013aca7-d4e4-d337-8d7e-3d3006531cea,Jing Bedro,29,63.91,14,63.91,Carry Optics,C,,MINOR,,89.4684,89.4684,4.1429,26.31,20,,6,1,1,,,,,
e9d6ffd7-89e7-4142-9f35-c15178d01663,Wallis Orchard Practical Shooters OCT 16 815 AM Shooters Meeting,2022-10-16,5,JC 98,2013aca7-d4e4-d337-8d7e-3d3006531cea,Edwin Buchwalter,30,62.57,7,63.86,Open,C,TY102903,MINOR,,89.4023,87.6026,4.0565,32.54,24,,4,,,,,,,
e9d6ffd7-89e7-4142-9f35-c15178d01663,Wallis Orchard Practical Shooters OCT 16 815 AM Shooters Meeting,2022-10-16,5,JC 98,2013aca7-d4e4-d337-8d7e-3d3006531cea,lin shi,31,62.21,15,62.21,Carry Optics,C,TY138430,MINOR,,87.0908,87.0908,4.0328,31.74,23,,4,1,,,,,,
e9d6ffd7-89e7-4142-9f35-c15178d01663,Wallis Orchard Practical Shooters OCT 16 815 AM Shooters Meeting,2022-10-16,5,JC 98,2013aca7-d4e4-d337-8d7e-3d3006531cea,Duane Bellamy,32,61.83,16,61.83,Carry Optics,C,A133284,MINOR,,86.5681,86.5681,4.0086,32.43,23,,5,,,,,,,
e9d6ffd7-89e7-4142-9f35-c15178d01663,Wallis Orchard Practical Shooters OCT 16 815 AM Shooters Meeting,2022-10-16,5,JC 98,2013aca7-d4e4-d337-8d7e-3d3006531cea,NeaL NaNDiN,33,60.59,17,60.59,Carry Optics,U,fy71894,MINOR,NEW SHOOTER,84.8254,84.8254,3.9279,31.06,19,,9,,,,,,,
e9d6ffd7-89e7-4142-9f35-c15178d01663,Wallis Orchard Practical Shooters OCT 16 815 AM Shooters Meeting,2022-10-16,5,JC 98,2013aca7-d4e4-d337-8d7e-3d3006531cea,Anthony Smallwood,34,59.95,8,61.18,Open,C,TY94508,MAJOR,Senior,85.6578,83.9335,3.8866,31.39,24,,3,,1,,,,,
e9d6ffd7-89e7-4142-9f35-c15178d01663,Wallis Orchard Practical Shooters OCT 16 815 AM Shooters Meeting,2022-10-16,5,JC 98,2013aca7-d4e4-d337-8d7e-3d3006531cea,Haydn Brown,35,58.89,8,65.88,Production,C,A62956,MINOR,,92.2340,82.4412,3.8175,33.53,22,,6,,,,,,,
e9d6ffd7-89e7-4142-9f35-c15178d01663,Wallis Orchard Practical Shooters OCT 16 815 AM Shooters Meeting,2022-10-16,5,JC 98,2013aca7-d4e4-d337-8d7e-3d3006531cea,Phil Truong,36,58.82,18,58.82,Carry Optics,B,FY128600,MINOR,,82.3462,82.3462,3.8131,29.11,21,,5,1,1,,,,,
e9d6ffd7-89e7-4142-9f35-c15178d01663,Wallis Orchard Practical Shooters OCT 16 815 AM Shooters Meeting,2022-10-16,5,JC 98,2013aca7-d4e4-d337-8d7e-3d3006531cea,Hugh Fullerton,37,56.06,19,56.06,Carry Optics,U,A140572,MINOR,,78.4784,78.4784,3.6340,31.37,17,,9,2,,,,,,
e9d6ffd7-89e7-4142-9f35-c15178d01663,Wallis Orchard Practical Shooters OCT 16 815 AM Shooters Meeting,2022-10-16,5,JC 98,2013aca7-d4e4-d337-8d7e-3d3006531cea,Jun Wu,38,55.64,1,100.00,Limited,U,ty104927,MINOR,,140.0000,77.8997,3.6072,34.93,22,,5,1,,,,,,
e9d6ffd7-89e7-4142-9f35-c15178d01663,Wallis Orchard Practical Shooters OCT 16 815 AM Shooters Meeting,2022-10-16,5,JC 98,2013aca7-d4e4-d337-8d7e-3d3006531cea,Robbie Boettcher,39,55.26,20,55.26,Carry Optics,C,A139912,MINOR,,77.3684,77.3684,3.5826,38.52,27,,1,,,,,,,
e9d6ffd7-89e7-4142-9f35-c15178d01663,Wallis Orchard Practical Shooters OCT 16 815 AM Shooters Meeting,2022-10-16,5,JC 98,2013aca7-d4e4-d337-8d7e-3d3006531cea,Tyler Kenny,40,55.15,21,55.15,Carry Optics,U,,MINOR,,77.2108,77.2108,3.5753,36.92,24,,4,,,,,,,
e9d6ffd7-89e7-4142-9f35-c15178d01663,Wallis Orchard Practical Shooters OCT 16 815 AM Shooters Meeting,2022-10-16,5,JC 98,2013aca7-d4e4-d337-8d7e-3d3006531cea,Antonio Tormis,41,54.92,22,54.92,Carry Optics,B,,MINOR,,76.8825,76.8825,3.5601,28.37,16,,10,1,1,,,,,
e9d6ffd7-89e7-4142-9f35-c15178d01663,Wallis Orchard Practical Shooters OCT 16 815 AM Shooters Meeting,2022-10-16,5,JC 98,2013aca7-d4e4-d337-8d7e-3d3006531cea,Doug Joder,42,54.07,2,81.44,PCC,B,A115020,MINOR,,114.0188,75.6948,3.5051,38.23,25,,3,,,,,,,
e9d6ffd7-89e7-4142-9f35-c15178d01663,Wallis Orchard Practical Shooters OCT 16 815 AM Shooters Meeting,2022-10-16,5,JC 98,2013aca7-d4e4-d337-8d7e-3d3006531cea,TRAIN YU,43,52.73,23,52.73,Carry Optics,U,A142824,MINOR,Foreign,73.8203,73.8203,3.4183,36.86,21,,7,,,,,,,
e9d6ffd7-89e7-4142-9f35-c15178d01663,Wallis Orchard Practical Shooters OCT 16 815 AM Shooters Meeting,2022-10-16,5,JC 98,2013aca7-d4e4-d337-8d7e-3d3006531cea,Osting Ali,44,52.51,9,58.74,Production,D,,MINOR,,82.2387,73.5071,3.4038,30.26,17,,9,1,1,,,,,
e9d6ffd7-89e7-4142-9f35-c15178d01663,Wallis Orchard Practical Shooters OCT 16 815 AM Shooters Meeting,2022-10-16,5,JC 98,2013aca7-d4e4-d337-8d7e-3d3006531cea,Waltz Noguerra,45,50.66,24,50.66,Carry Optics,D,A137731,MINOR,Junior,70.9286,70.9286,3.2844,34.71,16,,11,1,,,,,,
e9d6ffd7-89e7-4142-9f35-c15178d01663,Wallis Orchard Practical Shooters OCT 16 815 AM Shooters Meeting,2022-10-16,5,JC 98,2013aca7-d4e4-d337-8d7e-3d3006531cea,Jeannie Marrone,46,50.48,9,51.51,Open,C,Ty133357,MAJOR,Lady; Super Senior,72.1191,70.6673,3.2723,40.95,24,,3,1,,,,,,
e9d6ffd7-89e7-4142-9f35-c15178d01663,Wallis Orchard Practical Shooters OCT 16 815 AM Shooters Meeting,2022-10-16,5,JC 98,2013aca7-d4e4-d337-8d7e-3d3006531cea,Mark Hopmann,47,50.32,25,50.32,Carry Optics,B,TY134553,MINOR,Super Senior,70.4427,70.4427,3.2619,41.08,25,,3,,,,,,,
e9d6ffd7-89e7-4142-9f35-c15178d01663,Wallis Orchard Practical Shooters OCT 16 815 AM Shooters Meeting,2022-10-16,5,JC 98,2013aca7-d4e4-d337-8d7e-3d3006531cea,Marlon Poralan,48,47.60,10,48.58,Open,D,Ty1234,MAJOR,Law Enforcement,68.0110,66.6419,3.0859,39.21,23,,4,,1,,,,,
e9d6ffd7-89e7-4142-9f35-c15178d01663,Wallis Orchard Practical Shooters OCT 16 815 AM Shooters Meeting,2022-10-16,5,JC 98,2013aca7-d4e4-d337-8d7e-3d3006531cea,Jack Liu,49,47.48,3,71.52,PCC,B,Ty130790,MINOR,Law Enforcement,100.1222,66.4691,3.0779,31.19,19,,7,,2,,,,,
e9d6ffd7-89e7-4142-9f35-c15178d01663,Wallis Orchard Practical Shooters OCT 16 815 AM Shooters Meeting,2022-10-16,5,JC 98,2013aca7-d4e4-d337-8d7e-3d3006531cea,Ramil Villanueva,50,47.44,26,47.44,Carry Optics,D,A110261,MINOR,Junior,66.4173,66.4173,3.0755,31.54,16,,8,3,1,,,,,
e9d6ffd7-89e7-4142-9f35-c15178d01663,Wallis Orchard Practical Shooters OCT 16 815 AM Shooters Meeting,2022-10-16,5,JC 98,2013aca7-d4e4-d337-8d7e-3d3006531cea,Damon Killian,51,46.89,1,100.00,Limited 10,B,TY123776,MAJOR,,140.0000,65.6463,3.0398,31.91,19,,8,,1,,1,1,,
e9d6ffd7-89e7-4142-9f35-c15178d01663,Wallis Orchard Practical Shooters OCT 16 815 AM Shooters Meeting,2022-10-16,5,JC 98,2013aca7-d4e4-d337-8d7e-3d3006531cea,Edsel Esquivel,52,46.41,27,46.41,Carry Optics,D,,MINOR,,64.9769,64.9769,3.0088,28.25,20,,5,,3,,,,,
e9d6ffd7-89e7-4142-9f35-c15178d01663,Wallis Orchard Practical Shooters OCT 16 815 AM Shooters Meeting,2022-10-16,5,JC 98,2013aca7-d4e4-d337-8d7e-3d3006531cea,Jason Essazay,53,45.11,28,45.11,Carry Optics,U,A145552,MINOR,NEW SHOOTER,63.1585,63.1585,2.9246,44.45,28,,,,,,1,,,
e9d6ffd7-89e7-4142-9f35-c15178d01663,Wallis Orchard Practical Shooters OCT 16 815 AM Shooters Meeting,2022-10-16,5,JC 98,2013aca7-d4e4-d337-8d7e-3d3006531cea,Boyd Nabas,54,44.27,29,44.27,Carry Optics,D,0,MINOR,Junior,61.9772,61.9772,2.8699,31.36,17,,8,1,2,,,,,
e9d6ffd7-89e7-4142-9f35-c15178d01663,Wallis Orchard Practical Shooters OCT 16 815 AM Shooters Meeting,2022-10-16,5,JC 98,2013aca7-d4e4-d337-8d7e-3d3006531cea,Chez Chike-Udenze,55,44.11,30,44.11,Carry Optics,B,A138598,MINOR,,61.7570,61.7570,2.8597,22.73,21,,3,1,3,,1,1,,
e9d6ffd7-89e7-4142-9f35-c15178d01663,Wallis Orchard Practical Shooters OCT 16 815 AM Shooters Meeting,2022-10-16,5,JC 98,2013aca7-d4e4-d337-8d7e-3d3006531cea,Steve Thai,56,43.61,11,44.50,Open,U,,MINOR,,62.3050,61.0508,2.8270,44.57,21,,7,,,,,,,
e9d6ffd7-89e7-4142-9f35-c15178d01663,Wallis Orchard Practical Shooters OCT 16 815 AM Shooters Meeting,2022-10-16,5,JC 98,2013aca7-d4e4-d337-8d7e-3d3006531cea,Rudy Widiaman,57,43.41,31,43.41,Carry Optics,U,NA,MINOR,,60.7808,60.7808,2.8145,29.49,19,,6,,3,,,,,
e9d6ffd7-89e7-4142-9f35-c15178d01663,Wallis Orchard Practical Shooters OCT 16 815 AM Shooters Meeting,2022-10-16,5,JC 98,2013aca7-d4e4-d337-8d7e-3d3006531cea,Nathan Bridges,58,41.38,32,41.38,Carry Optics,D,A139264,MINOR,,57.9367,57.9367,2.6828,33.92,14,,9,4,1,,,,,
e9d6ffd7-89e7-4142-9f35-c15178d01663,Wallis Orchard Practical Shooters OCT 16 815 AM Shooters Meeting,2022-10-16,5,JC 98,2013aca7-d4e4-d337-8d7e-3d3006531cea,Noel Espanola,59,41.06,12,41.90,Open,C,TY89884,MAJOR,Senior,58.6663,57.4853,2.6619,36.44,17,,7,2,2,,,,,
e9d6ffd7-89e7-4142-9f35-c15178d01663,Wallis Orchard Practical Shooters OCT 16 815 AM Shooters Meeting,2022-10-16,5,JC 98,2013aca7-d4e4-d337-8d7e-3d3006531cea,Hopper Po,60,39.54,2,71.07,Limited,U,A132909,MAJOR,,99.4927,55.3603,2.5635,45.25,20,,6,1,1,,,,,
e9d6ffd7-89e7-4142-9f35-c15178d01663,Wallis Orchard Practical Shooters OCT 16 815 AM Shooters Meeting,2022-10-16,5,JC 98,2013aca7-d4e4-d337-8d7e-3d3006531cea,Virak Meas,61,39.16,13,39.97,Open,U,0,MINOR,,55.9555,54.8291,2.5389,34.66,17,,7,2,2,,,,,
e9d6ffd7-89e7-4142-9f35-c15178d01663,Wallis Orchard Practical Shooters OCT 16 815 AM Shooters Meeting,2022-10-16,5,JC 98,2013aca7-d4e4-d337-8d7e-3d3006531cea,Allan Santiago,62,38.48,33,38.48,Carry Optics,U,,MINOR,,53.8746,53.8746,2.4947,47.30,18,,9,1,,,,,,
e9d6ffd7-89e7-4142-9f35-c15178d01663,Wallis Orchard Practical Shooters OCT 16 815 AM Shooters Meeting,2022-10-16,5,JC 98,2013aca7-d4e4-d337-8d7e-3d3006531cea,Mark Petrie,63,34.06,14,34.76,Open,,,MINOR,,48.6627,47.6831,2.2080,37.59,19,,6,,3,,,,,
e9d6ffd7-89e7-4142-9f35-c15178d01663,Wallis Orchard Practical Shooters OCT 16 815 AM Shooters Meeting,2022-10-16,5,JC 98,2013aca7-d4e4-d337-8d7e-3d3006531cea,Garrick Gonzalez,64,33.25,34,33.25,Carry Optics,,A119804,MINOR,,46.5472,46.5472,2.1554,22.27,14,,9,1,4,,1,,,
e9d6ffd7-89e7-4142-9f35-c15178d01663,Wallis Orchard Practical Shooters OCT 16 815 AM Shooters Meeting,2022-10-16,5,JC 98,2013aca7-d4e4-d337-8d7e-3d3006531cea,Shannon Romary,65,29.67,35,29.67,Carry Optics,U,,MINOR,Military; NEW SHOOTER,41.5435,41.5435,1.9237,57.70,20,,7,,1,,,,,
e9d6ffd7-89e7-4142-9f35-c15178d01663,Wallis Orchard Practical Shooters OCT 16 815 AM Shooters Meeting,2022-10-16,5,JC 98,2013aca7-d4e4-d337-8d7e-3d3006531cea,Byron J Frank,66,26.35,36,26.35,Carry Optics,D,A139338,MINOR,Super Senior,36.8853,36.8853,1.7080,53.28,20,,7,,1,,2,,,
e9d6ffd7-89e7-4142-9f35-c15178d01663,Wallis Orchard Practical Shooters OCT 16 815 AM Shooters Meeting,2022-10-16,5,JC 98,2013aca7-d4e4-d337-8d7e-3d3006531cea,peter nguyen,67,23.13,37,23.13,Carry Optics,U,A143545,MINOR,NEW SHOOTER,32.3783,32.3783,1.4993,50.69,19,,7,,2,,2,,,
e9d6ffd7-89e7-4142-9f35-c15178d01663,Wallis Orchard Practical Shooters OCT 16 815 AM Shooters Meeting,2022-10-16,5,JC 98,2013aca7-d4e4-d337-8d7e-3d3006531cea,Yetta Jones,68,20.75,38,20.75,Carry Optics,D,A139120,MINOR,Lady,29.0439,29.0439,1.3449,48.33,17,,6,2,3,,,1,,
e9d6ffd7-89e7-4142-9f35-c15178d01663,Wallis Orchard Practical Shooters OCT 16 815 AM Shooters Meeting,2022-10-16,5,JC 98,2013aca7-d4e4-d337-8d7e-3d3006531cea,LEO BALTAZAR,69,15.36,39,15.36,Carry Optics,U,A102787,MINOR,Senior,21.4984,21.4984,0.9955,53.24,10,,9,6,3,,,,,
e9d6ffd7-89e7-4142-9f35-c15178d01663,Wallis Orchard Practical Shooters OCT 16 815 AM Shooters Meeting,2022-10-16,5,JC 98,2013aca7-d4e4-d337-8d7e-3d3006531cea,Max Li,70,0.00,40,0.00,Carry Optics,U,,MINOR,,0.0000,0.0000,,,,,,,,,,,,
e9d6ffd7-89e7-4142-9f35-c15178d01663,Wallis Orchard Practical Shooters OCT 16 815 AM Shooters Meeting,2022-10-16,5,JC 98,2013aca7-d4e4-d337-8d7e-3d3006531cea,George Zhou,71,0.00,41,0.00,Carry Optics,U,0,MINOR,Senior,0.0000,0.0000,0.0000,38.64,9,,8,4,7,,1,,,
e9d6ffd7-89e7-4142-9f35-c15178d01663,Wallis Orchard Practical Shooters OCT 16 815 AM Shooters Meeting,2022-10-16,25,Short Sprint Standards,3384ea02-1f80-f75a-ae81-32e5a7eb2a8f,Paul Felker,1,100.00,1,100.00,Carry Optics,M,TY107123,MINOR,,120.0000,120.0000,4.5589,,18,,6,,,,,,,"[11.59, 12.10]"
e9d6ffd7-89e7-4142-9f35-c15178d01663,Wallis Orchard Practical Shooters OCT 16 815 AM Shooters Meeting,2022-10-16,25,Short Sprint Standards,3384ea02-1f80-f75a-ae81-32e5a7eb2a8f,Matthew Michna,2,88.54,2,88.54,Carry Optics,A,A128405,MINOR,,106.2519,106.2519,4.0366,,17,,7,,,,,,,"[11.38, 14.88]"
e9d6ffd7-89e7-4142-9f35-c15178d01663,Wallis Orchard Practical Shooters OCT 16 815 AM Shooters Meeting,2022-10-16,25,Short Sprint Standards,3384ea02-1f80-f75a-ae81-32e5a7eb2a8f,Dylan Lorence,3,86.60,1,100.00,Open,B,A123359,MAJOR,Military,120.0000,103.9172,3.9479,,11,,8,5,,,,,,"[12.33, 12.24]"
e9d6ffd7-89e7-4142-9f35-c15178d01663,Wallis Orchard Practical Shooters OCT 16 815 AM Shooters Meeting,2022-10-16,25,Short Sprint Standards,3384ea02-1f80-f75a-ae81-32e5a7eb2a8f,Scott Reeh,4,82.30,1,100.00,PCC,M,A91497,MINOR,,120.0000,98.7580,3.7519,,13,,10,,1,,1,,,"[9.04, 10.95]"
e9d6ffd7-89e7-4142-9f35-c15178d01663,Wallis Orchard Practical Shooters OCT 16 815 AM Shooters Meeting,2022-10-16,25,Short Sprint Standards,3384ea02-1f80-f75a-ae81-32e5a7eb2a8f,Jing Bedro,5,80.01,3,80.01,Carry Optics,C,,MINOR,,96.0100,96.0100,3.6475,,15,,8,,1,,,,,"[10.80, 13.60]"
e9d6ffd7-89e7-4142-9f35-c15178d01663,Wallis Orchard Practical Shooters OCT 16 815 AM Shooters Meeting,2022-10-16,25,Short Sprint Standards,3384ea02-1f80-f75a-ae81-32e5a7eb2a8f,Zvi Davidoff,6,79.65,2,91.98,Open,X,,MAJOR,,110.3736,95.5810,3.6312,,15,,4,4,1,,,,,"[9.79, 14.72]"
e9d6ffd7-89e7-4142-9f35-c15178d01663,Wallis Orchard Practical Shooters OCT 16 815 AM Shooters Meeting,2022-10-16,25,Short Sprint Standards,3384ea02-1f80-f75a-ae81-32e5a7eb2a8f,Pete Kirchner,7,79.18,4,79.18,Carry Optics,A,TY105743,MINOR,,95.0203,95.0203,3.6099,,16,,8,,,,,,,"[12.90, 15.91]"
e9d6ffd7-89e7-4142-9f35-c15178d01663,Wallis Orchard Practical Shooters OCT 16 815 AM Shooters Meeting,2022-10-16,25,Short Sprint Standards,3384ea02-1f80-f75a-ae81-32e5a7eb2a8f,Andrew Whitley,8,77.45,3,89.44,Open,A,TY106649,MAJOR,,107.3279,92.9435,3.5310,,11,,11,2,,,,,,"[11.88, 17.29]"
e9d6ffd7-89e7-4142-9f35-c15178d01663,Wallis Orchard Practical Shooters OCT 16 815 AM Shooters Meeting,2022-10-16,25,Short Sprint Standards,3384ea02-1f80-f75a-ae81-32e5a7eb2a8f,Michael Kiesewetter,9,75.69,1,100.00,Production,,TY118153,MINOR,,120.0000,90.8245,3.4505,,17,,7,,,,,,,"[13.74, 16.98]"
e9d6ffd7-89e7-4142-9f35-c15178d01663,Wallis Orchard Practical Shooters OCT 16 815 AM Shooters Meeting,2022-10-16,25,Short Sprint Standards,3384ea02-1f80-f75a-ae81-32e5a7eb2a8f,Edwin Buchwalter,10,74.33,4,85.84,Open,C,TY102903,MINOR,,103.0026,89.1978,3.3887,,17,,6,1,,,,,,"[14.93, 15.76]"
e9d6ffd7-89e7-4142-9f35-c15178d01663,Wallis Orchard Practical Shooters OCT 16 815 AM Shooters Meeting,2022-10-16,25,Short Sprint Standards,3384ea02-1f80-f75a-ae81-32e5a7eb2a8f,Chez Chike-Udenze,11,72.04,5,72.04,Carry Optics,B,A138598,MINOR,,86.4524,86.4524,3.2844,,15,,6,2,1,,,,,"[11.03, 14.85]"
e9d6ffd7-89e7-4142-9f35-c15178d01663,Wallis Orchard Practical Shooters OCT 16 815 AM Shooters Meeting,2022-10-16,25,Short Sprint Standards,3384ea02-1f80-f75a-ae81-32e5a7eb2a8f,Brandon Foss,12,70.97,6,70.97,Carry Optics,M,L5142,MINOR,,85.1679,85.1679,3.2356,,14,,8,2,,,,,,"[12.02, 17.65]"
e9d6ffd7-89e7-4142-9f35-c15178d01663,Wallis Orchard Practical Shooters OCT 16 815 AM Shooters Meeting,2022-10-16,25,Short Sprint Standards,3384ea02-1f80-f75a-ae81-32e5a7eb2a8f,Marlon Poralan,13,70.62,5,81.55,Open,D,Ty1234,MAJOR,Law Enforcement,97.8596,84.7441,3.2195,,7,,15,2,,,,,,"[13.71, 17.04]"
e9d6ffd7-89e7-4142-9f35-c15178d01663,Wallis Orchard Practical Shooters OCT 16 815 AM Shooters Meeting,2022-10-16,25,Short Sprint Standards,3384ea02-1f80-f75a-ae81-32e5a7eb2a8f,Doug Joder,14,68.22,2,82.89,PCC,B,A115020,MINOR,,99.4696,81.8619,3.1100,,17,,6,1,,,,,,"[15.38, 18.06]"
e9d6ffd7-89e7-4142-9f35-c15178d01663,Wallis Orchard Practical Shooters OCT 16 815 AM Shooters Meeting,2022-10-16,25,Short Sprint Standards,3384ea02-1f80-f75a-ae81-32e5a7eb2a8f,Matt Lem,15,68.02,2,89.87,Production,A,FY34763,MINOR,,107.8383,81.6197,3.1008,,9,,12,3,,,,,,"[13.52, 13.57]"
e9d6ffd7-89e7-4142-9f35-c15178d01663,Wallis Orchard Practical Shooters OCT 16 815 AM Shooters Meeting,2022-10-16,25,Short Sprint Standards,3384ea02-1f80-f75a-ae81-32e5a7eb2a8f,Edwin Garcia,16,67.88,7,67.88,Carry Optics,U,Ty38396,MINOR,,81.4512,81.4512,3.0944,,13,,7,3,1,,,,,"[12.19, 13.34]"
e9d6ffd7-89e7-4142-9f35-c15178d01663,Wallis Orchard Practical Shooters OCT 16 815 AM Shooters Meeting,2022-10-16,25,Short Sprint Standards,3384ea02-1f80-f75a-ae81-32e5a7eb2a8f,Mike Junco,17,65.73,8,65.73,Carry Optics,M,TY34819,MINOR,Senior; Law Enforcement,78.8796,78.8796,2.9967,,13,,8,2,1,,,,,"[13.06, 13.97]"
e9d6ffd7-89e7-4142-9f35-c15178d01663,Wallis Orchard Practical Shooters OCT 16 815 AM Shooters Meeting,2022-10-16,25,Short Sprint Standards,3384ea02-1f80-f75a-ae81-32e5a7eb2a8f,August Balagtas,18,65.36,6,75.48,Open,M,L3674,MAJOR,,90.5768,78.4373,2.9799,,13,,7,2,2,,,,,"[12.67, 13.17]"
e9d6ffd7-89e7-4142-9f35-c15178d01663,Wallis Orchard Practical Shooters OCT 16 815 AM Shooters Meeting,2022-10-16,25,Short Sprint Standards,3384ea02-1f80-f75a-ae81-32e5a7eb2a8f,Travis McKenzie,19,63.27,9,63.27,Carry Optics,U,TY139201,MINOR,,75.9209,75.9209,2.8843,,14,,9,1,,,1,,,"[13.99, 16.52]"
e9d6ffd7-89e7-4142-9f35-c15178d01663,Wallis Orchard Practical Shooters OCT 16 815 AM Shooters Meeting,2022-10-16,25,Short Sprint Standards,3384ea02-1f80-f75a-ae81-32e5a7eb2a8f,Alberto Ramirez,20,62.30,10,62.30,Carry Optics,U,,MINOR,,74.7549,74.7549,2.8400,,17,,6,1,,,,,,"[17.64, 18.98]"
e9d6ffd7-89e7-4142-9f35-c15178d01663,Wallis Orchard Practical Shooters OCT 16 815 AM Shooters Meeting,2022-10-16,25,Short Sprint Standards,3384ea02-1f80-f75a-ae81-32e5a7eb2a8f,Robbie Boettcher,21,61.82,11,61.82,Carry Optics,C,A139912,MINOR,,74.1889,74.1889,2.8185,,14,,9,1,,,,,,"[16.88, 17.89]"
e9d6ffd7-89e7-4142-9f35-c15178d01663,Wallis Orchard Practical Shooters OCT 16 815 AM Shooters Meeting,2022-10-16,25,Short Sprint Standards,3384ea02-1f80-f75a-ae81-32e5a7eb2a8f,Brett Dempsey,22,60.90,12,60.90,Carry Optics,C,L5408,MINOR,,73.0755,73.0755,2.7762,,15,,8,1,,,,,,"[15.61, 20.41]"
e9d6ffd7-89e7-4142-9f35-c15178d01663,Wallis Orchard Practical Shooters OCT 16 815 AM Shooters Meeting,2022-10-16,25,Short Sprint Standards,3384ea02-1f80-f75a-ae81-32e5a7eb2a8f,Gary Wu,23,59.65,3,78.81,Production,B,L2998,MINOR,Senior,94.5741,71.5804,2.7194,,14,,9,1,,,1,,,"[14.77, 17.59]"
e9d6ffd7-89e7-4142-9f35-c15178d01663,Wallis Orchard Practical Shooters OCT 16 815 AM Shooters Meeting,2022-10-16,25,Short Sprint Standards,3384ea02-1f80-f75a-ae81-32e5a7eb2a8f,Jim Havens,24,59.55,13,59.55,Carry Optics,G,TY114636,MINOR,Senior,71.4541,71.4541,2.7146,,16,,6,,2,,1,,,"[11.03, 14.02]"
e9d6ffd7-89e7-4142-9f35-c15178d01663,Wallis Orchard Practical Shooters OCT 16 815 AM Shooters Meeting,2022-10-16,25,Short Sprint Standards,3384ea02-1f80-f75a-ae81-32e5a7eb2a8f,Joseph White,25,58.71,4,77.57,Production,B,A135489,MINOR,Law Enforcement,93.0891,70.4565,2.6767,,11,,9,3,1,,,,,"[13.66, 14.36]"
e9d6ffd7-89e7-4142-9f35-c15178d01663,Wallis Orchard Practical Shooters OCT 16 815 AM Shooters Meeting,2022-10-16,25,Short Sprint Standards,3384ea02-1f80-f75a-ae81-32e5a7eb2a8f,Jack Liu,26,58.40,3,70.96,PCC,B,Ty130790,MINOR,Law Enforcement,85.1473,70.0748,2.6622,,11,,9,2,2,,,,,"[10.47, 13.57]"
e9d6ffd7-89e7-4142-9f35-c15178d01663,Wallis Orchard Practical Shooters OCT 16 815 AM Shooters Meeting,2022-10-16,25,Short Sprint Standards,3384ea02-1f80-f75a-ae81-32e5a7eb2a8f,Luke Rogers,27,57.06,14,57.06,Carry Optics,B,A133534,MINOR,,68.4744,68.4744,2.6014,,16,,5,2,1,,1,,,"[14.02, 15.58]"
e9d6ffd7-89e7-4142-9f35-c15178d01663,Wallis Orchard Practical Shooters OCT 16 815 AM Shooters Meeting,2022-10-16,25,Short Sprint Standards,3384ea02-1f80-f75a-ae81-32e5a7eb2a8f,Anthony Smallwood,28,55.90,7,64.56,Open,C,TY94508,MAJOR,Senior,77.4670,67.0846,2.5486,,15,,6,2,1,,,,,"[12.22, 24.27]"
e9d6ffd7-89e7-4142-9f35-c15178d01663,Wallis Orchard Practical Shooters OCT 16 815 AM Shooters Meeting,2022-10-16,25,Short Sprint Standards,3384ea02-1f80-f75a-ae81-32e5a7eb2a8f,Detlef Hohl,29,55.25,1,100.00,Single Stack,A,L3462,MAJOR,Senior,120.0000,66.3002,2.5188,,11,,9,3,1,,,,,"[14.93, 19.61]"
e9d6ffd7-89e7-4142-9f35-c15178d01663,Wallis Orchard Practical Shooters OCT 16 815 AM Shooters Meeting,2022-10-16,25,Short Sprint Standards,3384ea02-1f80-f75a-ae81-32e5a7eb2a8f,Ian Prete,30,54.02,15,54.02,Carry Optics,C,0,MINOR,,64.8288,64.8288,2.4629,,18,,4,1,1,,,,,"[21.56, 16.20]"
e9d6ffd7-89e7-4142-9f35-c15178d01663,Wallis Orchard Practical Shooters OCT 16 815 AM Shooters Meeting,2022-10-16,25,Short Sprint Standards,3384ea02-1f80-f75a-ae81-32e5a7eb2a8f,Janice Pacleb,31,53.89,8,62.23,Open,B,,MAJOR,Lady,74.6797,64.6709,2.4569,,15,,8,,1,,,,,"[19.16, 20.32]"
e9d6ffd7-89e7-4142-9f35-c15178d01663,Wallis Orchard Practical Shooters OCT 16 815 AM Shooters Meeting,2022-10-16,25,Short Sprint Standards,3384ea02-1f80-f75a-ae81-32e5a7eb2a8f,Osting Ali,32,50.23,5,66.36,Production,D,,MINOR,,79.6337,60.2724,2.2898,,13,,7,2,2,,1,,,"[11.86, 13.47]"
e9d6ffd7-89e7-4142-9f35-c15178d01663,Wallis Orchard Practical Shooters OCT 16 815 AM Shooters Meeting,2022-10-16,25,Short Sprint Standards,3384ea02-1f80-f75a-ae81-32e5a7eb2a8f,Rudy Widiaman,33,47.42,16,47.42,Carry Optics,U,NA,MINOR,,56.9085,56.9085,2.1620,,16,,5,2,1,,,,,"[18.63, 21.61]"
e9d6ffd7-89e7-4142-9f35-c15178d01663,Wallis Orchard Practical Shooters OCT 16 815 AM Shooters Meeting,2022-10-16,25,Short Sprint Standards,3384ea02-1f80-f75a-ae81-32e5a7eb2a8f,Duane Bellamy,34,46.70,17,46.70,Carry Optics,C,A133284,MINOR,,56.0398,56.0398,2.1290,,14,,10,,,,,,,"[16.54, 30.43]"
e9d6ffd7-89e7-4142-9f35-c15178d01663,Wallis Orchard Practical Shooters OCT 16 815 AM Shooters Meeting,2022-10-16,25,Short Sprint Standards,3384ea02-1f80-f75a-ae81-32e5a7eb2a8f,Norman Oducado,35,46.03,6,60.81,Production,C,A103491,MINOR,,72.9772,55.2344,2.0984,,10,,11,1,2,,,,,"[14.32, 16.18]"
e9d6ffd7-89e7-4142-9f35-c15178d01663,Wallis Orchard Practical Shooters OCT 16 815 AM Shooters Meeting,2022-10-16,25,Short Sprint Standards,3384ea02-1f80-f75a-ae81-32e5a7eb2a8f,lin shi,36,44.84,18,44.84,Carry Optics,C,TY138430,MINOR,,53.8025,53.8025,2.0440,,12,,7,4,1,,1,,,"[14.24, 17.56]"
e9d6ffd7-89e7-4142-9f35-c15178d01663,Wallis Orchard Practical Shooters OCT 16 815 AM Shooters Meeting,2022-10-16,25,Short Sprint Standards,3384ea02-1f80-f75a-ae81-32e5a7eb2a8f,Jun Wu,37,44.67,1,100.00,Limited,U,ty104927,MINOR,,120.0000,53.6024,2.0364,,13,,6,3,2,,,,,"[16.19, 16.22]"
e9d6ffd7-89e7-4142-9f35-c15178d01663,Wallis Orchard Practical Shooters OCT 16 815 AM Shooters Meeting,2022-10-16,25,Short Sprint Standards,3384ea02-1f80-f75a-ae81-32e5a7eb2a8f,Yetta Jones,38,44.32,19,44.32,Carry Optics,D,A139120,MINOR,Lady,53.1865,53.1865,2.0206,,11,,13,,,,,,,"[18.33, 28.19]"
e9d6ffd7-89e7-4142-9f35-c15178d01663,Wallis Orchard Practical Shooters OCT 16 815 AM Shooters Meeting,2022-10-16,25,Short Sprint Standards,3384ea02-1f80-f75a-ae81-32e5a7eb2a8f,Sheng Onia,39,43.97,7,58.10,Production,U,0,MINOR,Senior,69.7151,52.7654,2.0046,,15,,5,2,2,,2,,,"[11.85, 14.09]"
e9d6ffd7-89e7-4142-9f35-c15178d01663,Wallis Orchard Practical Shooters OCT 16 815 AM Shooters Meeting,2022-10-16,25,Short Sprint Standards,3384ea02-1f80-f75a-ae81-32e5a7eb2a8f,Craig Bellamy,40,43.84,8,57.92,Production,U,Ty54824,MINOR,Law Enforcement,69.5064,52.6074,1.9986,,13,,6,3,2,,1,,,"[13.22, 14.80]"
e9d6ffd7-89e7-4142-9f35-c15178d01663,Wallis Orchard Practical Shooters OCT 16 815 AM Shooters Meeting,2022-10-16,25,Short Sprint Standards,3384ea02-1f80-f75a-ae81-32e5a7eb2a8f,Garrick Gonzalez,41,43.80,20,43.80,Carry Optics,,A119804,MINOR,,52.5574,52.5574,1.9967,,10,,9,3,2,,,,,"[12.75, 17.30]"
e9d6ffd7-89e7-4142-9f35-c15178d01663,Wallis Orchard Practical Shooters OCT 16 815 AM Shooters Meeting,2022-10-16,25,Short Sprint Standards,3384ea02-1f80-f75a-ae81-32e5a7eb2a8f,Damon Killian,42,43.29,1,100.00,Limited 10,B,TY123776,MAJOR,,120.0000,51.9467,1.9735,,10,,10,2,2,,1,,,"[15.78, 16.65]"
e9d6ffd7-89e7-4142-9f35-c15178d01663,Wallis Orchard Practical Shooters OCT 16 815 AM Shooters Meeting,2022-10-16,25,Short Sprint Standards,3384ea02-1f80-f75a-ae81-32e5a7eb2a8f,Matthew Gonzalez,43,42.99,21,42.99,Carry Optics,B,A119810,MINOR,,51.5835,51.5835,1.9597,,19,,4,1,,,,,,"[15.20, 39.91]"
e9d6ffd7-89e7-4142-9f35-c15178d01663,Wallis Orchard Practical Shooters OCT 16 815 AM Shooters Meeting,2022-10-16,25,Short Sprint Standards,3384ea02-1f80-f75a-ae81-32e5a7eb2a8f,Edsel Esquivel,44,42.82,22,42.82,Carry Optics,D,,MINOR,,51.3834,51.3834,1.9521,,13,,6,3,2,,,,,"[17.27, 16.54]"
e9d6ffd7-89e7-4142-9f35-c15178d01663,Wallis Orchard Practical Shooters OCT 16 815 AM Shooters Meeting,2022-10-16,25,Short Sprint Standards,3384ea02-1f80-f75a-ae81-32e5a7eb2a8f,Hugh Fullerton,45,40.24,23,40.24,Carry Optics,U,A140572,MINOR,,48.2906,48.2906,1.8346,,11,,7,5,1,,,1,,"[15.28, 17.97]"
e9d6ffd7-89e7-4142-9f35-c15178d01663,Wallis Orchard Practical Shooters OCT 16 815 AM Shooters Meeting,2022-10-16,25,Short Sprint Standards,3384ea02-1f80-f75a-ae81-32e5a7eb2a8f,Haydn Brown,46,39.68,9,52.43,Production,C,A62956,MINOR,,62.9161,47.6194,1.8091,,13,,7,2,2,,1,,,"[15.50, 16.56]"
e9d6ffd7-89e7-4142-9f35-c15178d01663,Wallis Orchard Practical Shooters OCT 16 815 AM Shooters Meeting,2022-10-16,25,Short Sprint Standards,3384ea02-1f80-f75a-ae81-32e5a7eb2a8f,Tyler Kenny,47,39.45,24,39.45,Carry Optics,U,,MINOR,,47.3351,47.3351,1.7983,,12,,9,2,1,,1,,,"[19.49, 18.88]"
e9d6ffd7-89e7-4142-9f35-c15178d01663,Wallis Orchard Practical Shooters OCT 16 815 AM Shooters Meeting,2022-10-16,25,Short Sprint Standards,3384ea02-1f80-f75a-ae81-32e5a7eb2a8f,Ramil Villanueva,48,38.68,25,38.68,Carry Optics,D,A110261,MINOR,Junior,46.4112,46.4112,1.7632,,12,,8,2,2,,1,,,"[14.23, 17.53]"
e9d6ffd7-89e7-4142-9f35-c15178d01663,Wallis Orchard Practical Shooters OCT 16 815 AM Shooters Meeting,2022-10-16,25,Short Sprint Standards,3384ea02-1f80-f75a-ae81-32e5a7eb2a8f,Waltz Noguerra,49,37.65,26,37.65,Carry Optics,D,A137731,MINOR,Junior,45.1793,45.1793,1.7164,,12,,10,2,,,,,,"[29.33, 24.27]"
e9d6ffd7-89e7-4142-9f35-c15178d01663,Wallis Orchard Practical Shooters OCT 16 815 AM Shooters Meeting,2022-10-16,25,Short Sprint Standards,3384ea02-1f80-f75a-ae81-32e5a7eb2a8f,Jeannie Marrone,50,36.65,9,42.33,Open,C,Ty133357,MAJOR,Lady; Super Senior,50.7916,43.9843,1.6710,,11,,7,4,2,,,,,"[17.06, 25.43]"
e9d6ffd7-89e7-4142-9f35-c15178d01663,Wallis Orchard Practical Shooters OCT 16 815 AM Shooters Meeting,2022-10-16,25,Short Sprint Standards,3384ea02-1f80-f75a-ae81-32e5a7eb2a8f,Allan Santiago,51,35.69,27,35.69,Carry Optics,U,,MINOR,,42.8288,42.8288,1.6271,,12,,11,1,,,,,,"[22.16, 35.61]"
e9d6ffd7-89e7-4142-9f35-c15178d01663,Wallis Orchard Practical Shooters OCT 16 815 AM Shooters Meeting,2022-10-16,25,Short Sprint Standards,3384ea02-1f80-f75a-ae81-32e5a7eb2a8f,Phil Truong,52,32.87,28,32.87,Carry Optics,B,FY128600,MINOR,,39.4411,39.4411,1.4984,,14,,5,2,3,,,,,"[18.35, 19.69]"
e9d6ffd7-89e7-4142-9f35-c15178d01663,Wallis Orchard Practical Shooters OCT 16 815 AM Shooters Meeting,2022-10-16,25,Short Sprint Standards,3384ea02-1f80-f75a-ae81-32e5a7eb2a8f,Mark Petrie,53,32.76,10,37.83,Open,,,MINOR,,45.3932,39.3095,1.4934,,9,,11,1,3,,,,,"[15.31, 17.50]"
e9d6ffd7-89e7-4142-9f35-c15178d01663,Wallis Orchard Practical Shooters OCT 16 815 AM Shooters Meeting,2022-10-16,25,Short Sprint Standards,3384ea02-1f80-f75a-ae81-32e5a7eb2a8f,TRAIN YU,54,31.25,29,31.25,Carry Optics,U,A142824,MINOR,Foreign,37.5012,37.5012,1.4247,,13,,7,2,2,,1,,,"[20.41, 20.30]"
e9d6ffd7-89e7-4142-9f35-c15178d01663,Wallis Orchard Practical Shooters OCT 16 815 AM Shooters Meeting,2022-10-16,25,Short Sprint Standards,3384ea02-1f80-f75a-ae81-32e5a7eb2a8f,Antonio Tormis,55,24.19,30,24.19,Carry Optics,B,,MINOR,,29.0254,29.0254,1.1027,,9,,9,3,3,,1,,,"[14.58, 17.16]"
e9d6ffd7-89e7-4142-9f35-c15178d01663,Wallis Orchard Practical Shooters OCT 16 815 AM Shooters Meeting,2022-10-16,25,Short Sprint Standards,3384ea02-1f80-f75a-ae81-32e5a7eb2a8f,Boyd Nabas,56,23.46,31,23.46,Carry Optics,D,0,MINOR,Junior,28.1515,28.1515,1.0695,,6,,12,4,2,,1,,,"[21.33, 16.07]"
e9d6ffd7-89e7-4142-9f35-c15178d01663,Wallis Orchard Practical Shooters OCT 16 815 AM Shooters Meeting,2022-10-16,25,Short Sprint Standards,3384ea02-1f80-f75a-ae81-32e5a7eb2a8f,Arnold Gee,57,22.42,11,25.89,Open,B,Ty103519,MAJOR,Senior,31.0737,26.9091,1.0223,,12,,6,2,4,,1,,,"[13.02, 24.15]"
e9d6ffd7-89e7-4142-9f35-c15178d01663,Wallis Orchard Practical Shooters OCT 16 815 AM Shooters Meeting,2022-10-16,25,Short Sprint Standards,3384ea02-1f80-f75a-ae81-32e5a7eb2a8f,Hopper Po,58,17.28,2,38.68,Limited,U,A132909,MAJOR,,46.4113,20.7313,0.7876,,9,,8,5,2,,1,,,"[41.36, 31.01]"
e9d6ffd7-89e7-4142-9f35-c15178d01663,Wallis Orchard Practical Shooters OCT 16 815 AM Shooters Meeting,2022-10-16,25,Short Sprint Standards,3384ea02-1f80-f75a-ae81-32e5a7eb2a8f,Mark Hopmann,59,17.02,32,17.02,Carry Optics,B,TY134553,MINOR,Super Senior,20.4181,20.4181,0.7757,,19,,3,1,1,,1,6,,"[13.60, 18.63]"
e9d6ffd7-89e7-4142-9f35-c15178d01663,Wallis Orchard Practical Shooters OCT 16 815 AM Shooters Meeting,2022-10-16,25,Short Sprint Standards,3384ea02-1f80-f75a-ae81-32e5a7eb2a8f,Steve Thai,60,5.37,12,6.20,Open,U,,MINOR,,7.4348,6.4384,0.2446,,17,,5,2,,,2,7,,"[23.34, 25.72]"
e9d6ffd7-89e7-4142-9f35-c15178d01663,Wallis Orchard Practical Shooters OCT 16 815 AM Shooters Meeting,2022-10-16,25,Short Sprint Standards,3384ea02-1f80-f75a-ae81-32e5a7eb2a8f,Jason Essazay,61,2.07,33,2.07,Carry Optics,U,A145552,MINOR,NEW SHOOTER,2.4822,2.4822,0.0943,,11,,6,2,5,,2,,,"[23.64, 29.37]"
e9d6ffd7-89e7-4142-9f35-c15178d01663,Wallis Orchard Practical Shooters OCT 16 815 AM Shooters Meeting,2022-10-16,25,Short Sprint Standards,3384ea02-1f80-f75a-ae81-32e5a7eb2a8f,Byron J Frank,62,1.47,34,1.47,Carry Optics,D,A139338,MINOR,Super Senior,1.7662,1.7662,0.0671,,10,,6,5,3,,4,,,"[18.78, 25.95]"
e9d6ffd7-89e7-4142-9f35-c15178d01663,Wallis Orchard Practical Shooters OCT 16 815 AM Shooters Meeting,2022-10-16,25,Short Sprint Standards,3384ea02-1f80-f75a-ae81-32e5a7eb2a8f,Max Li,63,0.00,35,0.00,Carry Optics,U,,MINOR,,0.0000,0.0000,,,,,,,,,,,,
e9d6ffd7-89e7-4142-9f35-c15178d01663,Wallis Orchard Practical Shooters OCT 16 815 AM Shooters Meeting,2022-10-16,25,Short Sprint Standards,3384ea02-1f80-f75a-ae81-32e5a7eb2a8f,Noel Espanola,64,0.00,13,0.00,Open,C,TY89884,MAJOR,Senior,0.0000,0.0000,0.0000,,,,,,24,,,,,"[8.73, 1.00]"
e9d6ffd7-89e7-4142-9f35-c15178d01663,Wallis Orchard Practical Shooters OCT 16 815 AM Shooters Meeting,2022-10-16,25,Short Sprint Standards,3384ea02-1f80-f75a-ae81-32e5a7eb2a8f,NeaL NaNDiN,65,0.00,36,0.00,Carry Optics,U,fy71894,MINOR,NEW SHOOTER,0.0000,0.0000,0.0000,,12,,4,3,5,,3,,,"[13.93, 18.34]"
e9d6ffd7-89e7-4142-9f35-c15178d01663,Wallis Orchard Practical Shooters OCT 16 815 AM Shooters Meeting,2022-10-16,25,Short Sprint Standards,3384ea02-1f80-f75a-ae81-32e5a7eb2a8f,Nathan Bridges,66,0.00,37,0.00,Carry Optics,D,A139264,MINOR,,0.0000,0.0000,0.0000,,9,,5,2,8,,1,1,,"[17.19, 19.27]"
e9d6ffd7-89e7-4142-9f35-c15178d01663,Wallis Orchard Practical Shooters OCT 16 815 AM Shooters Meeting,2022-10-16,25,Short Sprint Standards,3384ea02-1f80-f75a-ae81-32e5a7eb2a8f,Virak Meas,67,0.00,14,0.00,Open,U,0,MINOR,,0.0000,0.0000,0.0000,,,,1,3,20,,,,,"[19.21, 17.46]"
e9d6ffd7-89e7-4142-9f35-c15178d01663,Wallis Orchard Practical Shooters OCT 16 815 AM Shooters Meeting,2022-10-16,25,Short Sprint Standards,3384ea02-1f80-f75a-ae81-32e5a7eb2a8f,LEO BALTAZAR,68,0.00,38,0.00,Carry Optics,U,A102787,MINOR,Senior,0.0000,0.0000,0.0000,,4,,6,4,10,,4,,,"[19.77, 24.00]"
e9d6ffd7-89e7-4142-9f35-c15178d01663,Wallis Orchard Practical Shooters OCT 16 815 AM Shooters Meeting,2022-10-16,25,Short Sprint Standards,3384ea02-1f80-f75a-ae81-32e5a7eb2a8f,George Zhou,69,0.00,39,0.00,Carry Optics,U,0,MINOR,Senior,0.0000,0.0000,0.0000,,11,,3,,10,,1,,,"[23.57, 21.53]"
e9d6ffd7-89e7-4142-9f35-c15178d01663,Wallis Orchard Practical Shooters OCT 16 815 AM Shooters Meeting,2022-10-16,25,Short Sprint Standards,3384ea02-1f80-f75a-ae81-32e5a7eb2a8f,Shannon Romary,70,0.00,40,0.00,Carry Optics,U,,MINOR,Military; NEW SHOOTER,0.0000,0.0000,0.0000,,10,,5,4,5,,4,,,"[23.97, 25.58]"
e9d6ffd7-89e7-4142-9f35-c15178d01663,Wallis Orchard Practical Shooters OCT 16 815 AM Shooters Meeting,2022-10-16,25,Short Sprint Standards,3384ea02-1f80-f75a-ae81-32e5a7eb2a8f,peter nguyen,71,0.00,41,0.00,Carry Optics,U,A143545,MINOR,NEW SHOOTER,0.0000,0.0000,0.0000,,12,,1,3,8,,4,,,"[23.46, 29.80]"
