match_id,match_name,match_date,stage_number,stage_name,stage_uuid,shooter_name,shooter_rank_combined,shooter_percent_combined,shooter_rank_division,shooter_percent_division,division,class,member_number,power_factor,categories,stage_points,stage_points_combined,hit_factor,time,A,B,C,D,M,NPM,NS,Proc,Apen,detail_Times
eda81d6d-40cc-414c-9948-bb349af0898c,GPS USPSA July 2022,2022-07-24,1,Bay 4,1f5b7dbd-74f8-414d-bf86-c2fb955bcec5,Bobby Ivester,1,100.00,1,100.00,Open,M,A101336,MAJOR,,110.0000,110.0000,7.8300,13.41,17,,5,,,,,,,
eda81d6d-40cc-414c-9948-bb349af0898c,GPS USPSA July 2022,2022-07-24,1,Bay 4,1f5b7dbd-74f8-414d-bf86-c2fb955bcec5,Kevin Bunurai,2,90.73,1,100.00,Carry Optics,M,TY105111,MINOR,,110.0000,99.7980,7.1038,14.64,19,,3,,,,,,,
eda81d6d-40cc-414c-9948-bb349af0898c,GPS USPSA July 2022,2022-07-24,1,Bay 4,1f5b7dbd-74f8-414d-bf86-c2fb955bcec5,Paul Felker,3,86.51,2,95.35,Carry Optics,M,TY107123,MINOR,,104.8839,95.1563,6.7734,16.24,22,,,,,,,,,
eda81d6d-40cc-414c-9948-bb349af0898c,GPS USPSA July 2022,2022-07-24,1,Bay 4,1f5b7dbd-74f8-414d-bf86-c2fb955bcec5,Mike Whitesides,4,85.25,2,85.25,Open,A,TY81358,MAJOR,,93.7768,93.7768,6.6752,15.58,16,,6,,,,,,,
eda81d6d-40cc-414c-9948-bb349af0898c,GPS USPSA July 2022,2022-07-24,1,Bay 4,1f5b7dbd-74f8-414d-bf86-c2fb955bcec5,JOSE ONIA,5,85.20,3,93.91,Carry Optics,B,A134359,MINOR,Senior,103.2967,93.7163,6.6709,15.89,20,,2,,,,,,,
eda81d6d-40cc-414c-9948-bb349af0898c,GPS USPSA July 2022,2022-07-24,1,Bay 4,1f5b7dbd-74f8-414d-bf86-c2fb955bcec5,Wade Pruetz,6,84.57,3,84.57,Open,A,TY79055,MAJOR,Senior,93.0308,93.0308,6.6221,16.46,21,,1,,,,,,,
eda81d6d-40cc-414c-9948-bb349af0898c,GPS USPSA July 2022,2022-07-24,1,Bay 4,1f5b7dbd-74f8-414d-bf86-c2fb955bcec5,August Balagtas,7,83.89,4,83.89,Open,M,L3674,MAJOR,,92.2764,92.2764,6.5684,16.29,19,,3,,,,,,,
eda81d6d-40cc-414c-9948-bb349af0898c,GPS USPSA July 2022,2022-07-24,1,Bay 4,1f5b7dbd-74f8-414d-bf86-c2fb955bcec5,Gil Yolo,8,82.67,4,91.12,Carry Optics,M,L5228,MINOR,,100.2276,90.9319,6.4727,13.75,18,,3,,1,,,,,
eda81d6d-40cc-414c-9948-bb349af0898c,GPS USPSA July 2022,2022-07-24,1,Bay 4,1f5b7dbd-74f8-414d-bf86-c2fb955bcec5,Chez Chike-Udenze,9,80.99,5,89.27,Carry Optics,B,A138598,MINOR,,98.1991,89.0916,6.3417,17.03,21,,1,,,,,,,
eda81d6d-40cc-414c-9948-bb349af0898c,GPS USPSA July 2022,2022-07-24,1,Bay 4,1f5b7dbd-74f8-414d-bf86-c2fb955bcec5,Ralph Migrino,10,79.25,6,87.35,Carry Optics,U,A132627,MINOR,Military,96.0870,87.1754,6.2053,16.76,19,,3,,,,,,,
eda81d6d-40cc-414c-9948-bb349af0898c,GPS USPSA July 2022,2022-07-24,1,Bay 4,1f5b7dbd-74f8-414d-bf86-c2fb955bcec5,Travis McKenzie,11,77.58,7,85.51,Carry Optics,B,TY139201,MINOR,,94.0616,85.3378,6.0745,17.45,20,,2,,,,,,,
eda81d6d-40cc-414c-9948-bb349af0898c,GPS USPSA July 2022,2022-07-24,1,Bay 4,1f5b7dbd-74f8-414d-bf86-c2fb955bcec5,Mike Junco,12,76.64,8,84.48,Carry Optics,M,TY34819,MINOR,Law Enforcement,92.9251,84.3066,6.0011,18.33,22,,,,,,,,,
eda81d6d-40cc-414c-9948-bb349af0898c,GPS USPSA July 2022,2022-07-24,1,Bay 4,1f5b7dbd-74f8-414d-bf86-c2fb955bcec5,Marc Demeza,13,75.66,9,83.40,Carry Optics,U,TY142892,MINOR,,91.7358,83.2277,5.9243,18.23,21,,1,,,,,,,
eda81d6d-40cc-414c-9948-bb349af0898c,GPS USPSA July 2022,2022-07-24,1,Bay 4,1f5b7dbd-74f8-414d-bf86-c2fb955bcec5,Matt Lem,14,75.00,10,82.67,Carry Optics,M,FY34763,MINOR,Law Enforcement,90.9322,82.4986,5.8724,17.71,19,,3,,,,,,,
eda81d6d-40cc-414c-9948-bb349af0898c,GPS USPSA July 2022,2022-07-24,1,Bay 4,1f5b7dbd-74f8-414d-bf86-c2fb955bcec5,Craig Bellamy,15,73.97,1,100.00,Single Stack,M,Ty54824,MAJOR,Law Enforcement,110.0000,81.3649,5.7917,18.82,21,,1,,,,,,,
eda81d6d-40cc-414c-9948-bb349af0898c,GPS USPSA July 2022,2022-07-24,1,Bay 4,1f5b7dbd-74f8-414d-bf86-c2fb955bcec5,David Young,16,73.42,11,80.92,Carry Optics,C,Ty130791,MINOR,,89.0121,80.7566,5.7484,18.44,20,,2,,,,,,,
eda81d6d-40cc-414c-9948-bb349af0898c,GPS USPSA July 2022,2022-07-24,1,Bay 4,1f5b7dbd-74f8-414d-bf86-c2fb955bcec5,Henry Wong,17,71.52,12,78.84,Carry Optics,U,0,MINOR,,86.7203,78.6774,5.6004,18.57,19,,3,,,,,,,
eda81d6d-40cc-414c-9948-bb349af0898c,GPS USPSA July 2022,2022-07-24,1,Bay 4,1f5b7dbd-74f8-414d-bf86-c2fb955bcec5,Antonio Tormis,18,71.41,13,78.71,Carry Optics,B,A124958,MINOR,,86.5810,78.5510,5.5914,18.60,19,,3,,,,,,,
eda81d6d-40cc-414c-9948-bb349af0898c,GPS USPSA July 2022,2022-07-24,1,Bay 4,1f5b7dbd-74f8-414d-bf86-c2fb955bcec5,Marco Yue,19,70.91,1,100.00,PCC,A,TY109190,MINOR,,110.0000,77.9960,5.5519,15.31,21,,,,1,,,1,,
eda81d6d-40cc-414c-9948-bb349af0898c,GPS USPSA July 2022,2022-07-24,1,Bay 4,1f5b7dbd-74f8-414d-bf86-c2fb955bcec5,Lan Nguyen,20,70.65,5,70.65,Open,A,Ty81359,MAJOR,,77.7123,77.7123,5.5317,16.27,16,,5,,1,,,,,
eda81d6d-40cc-414c-9948-bb349af0898c,GPS USPSA July 2022,2022-07-24,1,Bay 4,1f5b7dbd-74f8-414d-bf86-c2fb955bcec5,Jorge Cahas,21,70.45,6,70.45,Open,B,F-44522,MAJOR,Senior,77.4945,77.4945,5.5162,19.76,21,,1,,,,,,,
eda81d6d-40cc-414c-9948-bb349af0898c,GPS USPSA July 2022,2022-07-24,1,Bay 4,1f5b7dbd-74f8-414d-bf86-c2fb955bcec5,Mike Kahl,22,70.35,14,77.54,Carry Optics,B,TY70984,MINOR,Super Senior,85.2942,77.3835,5.5083,19.97,22,,,,,,,,,
eda81d6d-40cc-414c-9948-bb349af0898c,GPS USPSA July 2022,2022-07-24,1,Bay 4,1f5b7dbd-74f8-414d-bf86-c2fb955bcec5,Jun Wu,23,70.17,15,77.35,Carry Optics,B,TY104927,MINOR,,85.0805,77.1897,5.4945,20.02,22,,,,,,,,,
eda81d6d-40cc-414c-9948-bb349af0898c,GPS USPSA July 2022,2022-07-24,1,Bay 4,1f5b7dbd-74f8-414d-bf86-c2fb955bcec5,Brian Kolenda,24,69.38,7,69.38,Open,C,A119637,MINOR,,76.3201,76.3201,5.4326,19.88,21,,1,,,,,,,
eda81d6d-40cc-414c-9948-bb349af0898c,GPS USPSA July 2022,2022-07-24,1,Bay 4,1f5b7dbd-74f8-414d-bf86-c2fb955bcec5,Roman Gwiscz,25,69.14,16,76.21,Carry Optics,A,l4670,MINOR,,83.8309,76.0559,5.4138,19.21,19,,3,,,,,,,
eda81d6d-40cc-414c-9948-bb349af0898c,GPS USPSA July 2022,2022-07-24,1,Bay 4,1f5b7dbd-74f8-414d-bf86-c2fb955bcec5,Dale Fike,26,68.96,8,68.96,Open,C,TY113427,MINOR,Senior,75.8593,75.8593,5.3998,19.26,19,,3,,,,,,,
eda81d6d-40cc-414c-9948-bb349af0898c,GPS USPSA July 2022,2022-07-24,1,Bay 4,1f5b7dbd-74f8-414d-bf86-c2fb955bcec5,Jack Liu,27,67.67,2,95.44,PCC,B,Ty130790,MINOR,Law Enforcement,104.9833,74.4390,5.2987,20.76,22,,,,,,,,,
eda81d6d-40cc-414c-9948-bb349af0898c,GPS USPSA July 2022,2022-07-24,1,Bay 4,1f5b7dbd-74f8-414d-bf86-c2fb955bcec5,Pocholo Dimayuga,28,65.92,1,100.00,Limited,C,A106236,MAJOR,,110.0000,72.5129,5.1616,20.73,19,,3,,,,,,,
eda81d6d-40cc-414c-9948-bb349af0898c,GPS USPSA July 2022,2022-07-24,1,Bay 4,1f5b7dbd-74f8-414d-bf86-c2fb955bcec5,Doug Dillon,29,65.40,17,72.09,Carry Optics,B,A71359,MINOR,Law Enforcement,79.2970,71.9425,5.1210,17.77,19,,2,,1,,,,,
eda81d6d-40cc-414c-9948-bb349af0898c,GPS USPSA July 2022,2022-07-24,1,Bay 4,1f5b7dbd-74f8-414d-bf86-c2fb955bcec5,Pete Kirchner,30,64.79,18,71.41,Carry Optics,A,TY105743,MINOR,,78.5506,71.2654,5.0728,21.29,21,,1,,,,,,,
eda81d6d-40cc-414c-9948-bb349af0898c,GPS USPSA July 2022,2022-07-24,1,Bay 4,1f5b7dbd-74f8-414d-bf86-c2fb955bcec5,Jim Havens,31,64.74,19,71.36,Carry Optics,G,Ty114636,MINOR,Senior,78.4980,71.2176,5.0694,18.74,21,,,,1,,,,,
eda81d6d-40cc-414c-9948-bb349af0898c,GPS USPSA July 2022,2022-07-24,1,Bay 4,1f5b7dbd-74f8-414d-bf86-c2fb955bcec5,Doug Joder,32,64.56,3,91.05,PCC,B,A115020,MINOR,,100.1509,71.0125,5.0548,20.97,20,,2,,,,,,,
eda81d6d-40cc-414c-9948-bb349af0898c,GPS USPSA July 2022,2022-07-24,1,Bay 4,1f5b7dbd-74f8-414d-bf86-c2fb955bcec5,Joseph Reyes,33,63.94,4,90.18,PCC,B,A127665,MINOR,Super Senior,99.1999,70.3382,5.0068,21.97,22,,,,,,,,,
eda81d6d-40cc-414c-9948-bb349af0898c,GPS USPSA July 2022,2022-07-24,1,Bay 4,1f5b7dbd-74f8-414d-bf86-c2fb955bcec5,John Brunkhorst,34,63.22,20,69.69,Carry Optics,B,A116144,MINOR,,76.6569,69.5473,4.9505,19.19,21,,,,1,,,,,
eda81d6d-40cc-414c-9948-bb349af0898c,GPS USPSA July 2022,2022-07-24,1,Bay 4,1f5b7dbd-74f8-414d-bf86-c2fb955bcec5,Chev Jacot,35,62.85,21,69.27,Carry Optics,B,TY72378,MINOR,,76.2016,69.1342,4.9211,21.54,20,,2,,,,,,,
eda81d6d-40cc-414c-9948-bb349af0898c,GPS USPSA July 2022,2022-07-24,1,Bay 4,1f5b7dbd-74f8-414d-bf86-c2fb955bcec5,Steven McNamara,36,62.27,9,62.27,Open,B,A75212,MAJOR,Senior,68.4992,68.4992,4.8759,22.56,22,,,,,,,,,
eda81d6d-40cc-414c-9948-bb349af0898c,GPS USPSA July 2022,2022-07-24,1,Bay 4,1f5b7dbd-74f8-414d-bf86-c2fb955bcec5,Khoa Nguyen,37,61.59,1,100.00,Production,A,A117224,MINOR,Law Enforcement,110.0000,67.7490,4.8225,18.87,19,,2,,1,,,,,
eda81d6d-40cc-414c-9948-bb349af0898c,GPS USPSA July 2022,2022-07-24,1,Bay 4,1f5b7dbd-74f8-414d-bf86-c2fb955bcec5,Boyd Nabas,38,60.67,22,66.88,Carry Optics,U,0,MINOR,Junior,73.5646,66.7418,4.7508,21.47,18,,4,,,,,,,
eda81d6d-40cc-414c-9948-bb349af0898c,GPS USPSA July 2022,2022-07-24,1,Bay 4,1f5b7dbd-74f8-414d-bf86-c2fb955bcec5,James Tonkinson,39,60.48,23,66.67,Carry Optics,A,A123944,MINOR,,73.3338,66.5324,4.7359,21.96,19,,3,,,,,,,
eda81d6d-40cc-414c-9948-bb349af0898c,GPS USPSA July 2022,2022-07-24,1,Bay 4,1f5b7dbd-74f8-414d-bf86-c2fb955bcec5,Arnold Gee,40,58.52,10,58.52,Open,B,TY103519,MAJOR,Senior,64.3676,64.3676,4.5818,23.79,21,,1,,,,,,,
eda81d6d-40cc-414c-9948-bb349af0898c,GPS USPSA July 2022,2022-07-24,1,Bay 4,1f5b7dbd-74f8-414d-bf86-c2fb955bcec5,Robbie Boettcher,41,57.74,11,57.74,Open,U,A139912,MINOR,,63.5162,63.5162,4.5212,24.33,22,,,,,,,,,
eda81d6d-40cc-414c-9948-bb349af0898c,GPS USPSA July 2022,2022-07-24,1,Bay 4,1f5b7dbd-74f8-414d-bf86-c2fb955bcec5,Jimmy Durham,42,57.63,5,81.28,PCC,U,TY135611,MINOR,,89.4083,63.3954,4.5126,22.16,17,,5,,,,,,,
eda81d6d-40cc-414c-9948-bb349af0898c,GPS USPSA July 2022,2022-07-24,1,Bay 4,1f5b7dbd-74f8-414d-bf86-c2fb955bcec5,Robert Bui,43,57.56,24,63.45,Carry Optics,B,A103016,MINOR,,69.7925,63.3195,4.5072,20.19,19,,2,,1,,,,,
eda81d6d-40cc-414c-9948-bb349af0898c,GPS USPSA July 2022,2022-07-24,1,Bay 4,1f5b7dbd-74f8-414d-bf86-c2fb955bcec5,Garrick Gonzalez,44,57.55,25,63.43,Carry Optics,B,A119804,MINOR,,69.7755,63.3041,4.5061,23.08,19,,3,,,,,,,
eda81d6d-40cc-414c-9948-bb349af0898c,GPS USPSA July 2022,2022-07-24,1,Bay 4,1f5b7dbd-74f8-414d-bf86-c2fb955bcec5,Joseph White,45,57.30,2,93.04,Production,C,A135489,MINOR,Law Enforcement,102.3450,63.0344,4.4869,24.07,21,,1,,,,,,,
eda81d6d-40cc-414c-9948-bb349af0898c,GPS USPSA July 2022,2022-07-24,1,Bay 4,1f5b7dbd-74f8-414d-bf86-c2fb955bcec5,Virak Meas,46,55.18,26,60.82,Carry Optics,U,0,MINOR,,66.9000,60.6953,4.3204,20.60,18,,3,,1,,,,,
eda81d6d-40cc-414c-9948-bb349af0898c,GPS USPSA July 2022,2022-07-24,1,Bay 4,1f5b7dbd-74f8-414d-bf86-c2fb955bcec5,Wei Zhang,47,55.10,27,60.74,Carry Optics,U,FY140383,MINOR,Senior,66.8117,60.6152,4.3147,23.64,18,,4,,,,,,,
eda81d6d-40cc-414c-9948-bb349af0898c,GPS USPSA July 2022,2022-07-24,1,Bay 4,1f5b7dbd-74f8-414d-bf86-c2fb955bcec5,Drew Yang,48,52.68,3,85.54,Production,C,A138478,MINOR,,94.0948,57.9530,4.1252,21.09,17,,4,,1,,,,,
eda81d6d-40cc-414c-9948-bb349af0898c,GPS USPSA July 2022,2022-07-24,1,Bay 4,1f5b7dbd-74f8-414d-bf86-c2fb955bcec5,Hugh Fullerton,49,52.03,2,78.93,Limited,C,A140572,MAJOR,,86.8262,57.2365,4.0742,22.09,18,,2,1,1,,,,,
eda81d6d-40cc-414c-9948-bb349af0898c,GPS USPSA July 2022,2022-07-24,1,Bay 4,1f5b7dbd-74f8-414d-bf86-c2fb955bcec5,Page Brunkhorst,50,50.71,2,68.56,Single Stack,C,L4903,MAJOR,Senior,75.4124,55.7811,3.9706,27.20,20,,2,,,,,,,
eda81d6d-40cc-414c-9948-bb349af0898c,GPS USPSA July 2022,2022-07-24,1,Bay 4,1f5b7dbd-74f8-414d-bf86-c2fb955bcec5,Matthew Gonzalez,51,50.42,28,55.58,Carry Optics,B,A119810,MINOR,,61.1350,55.4650,3.9481,19.25,18,,2,,2,,,,,
eda81d6d-40cc-414c-9948-bb349af0898c,GPS USPSA July 2022,2022-07-24,1,Bay 4,1f5b7dbd-74f8-414d-bf86-c2fb955bcec5,Matthew Michna,52,50.33,29,55.48,Carry Optics,B,A128405,MINOR,,61.0235,55.3639,3.9409,20.30,20,,,,2,,,,,
eda81d6d-40cc-414c-9948-bb349af0898c,GPS USPSA July 2022,2022-07-24,1,Bay 4,1f5b7dbd-74f8-414d-bf86-c2fb955bcec5,Michael Pontious,53,50.23,12,50.23,Open,B,fy94575,MAJOR,Senior,55.2543,55.2543,3.9331,20.34,20,,,,2,,,,,
eda81d6d-40cc-414c-9948-bb349af0898c,GPS USPSA July 2022,2022-07-24,1,Bay 4,1f5b7dbd-74f8-414d-bf86-c2fb955bcec5,Anthony Fong,54,49.53,30,54.59,Carry Optics,U,A142224,MINOR,,60.0526,54.4830,3.8782,23.98,20,,1,,1,,,,,
eda81d6d-40cc-414c-9948-bb349af0898c,GPS USPSA July 2022,2022-07-24,1,Bay 4,1f5b7dbd-74f8-414d-bf86-c2fb955bcec5,Jonathan Backof,55,49.43,3,66.83,Single Stack,B,L5308,MAJOR,,73.5150,54.3777,3.8707,28.16,21,,1,,,,,,,
eda81d6d-40cc-414c-9948-bb349af0898c,GPS USPSA July 2022,2022-07-24,1,Bay 4,1f5b7dbd-74f8-414d-bf86-c2fb955bcec5,matthew okun,56,49.18,31,54.21,Carry Optics,B,A135265,MINOR,,59.6330,54.1023,3.8511,23.11,18,,3,,1,,,,,
eda81d6d-40cc-414c-9948-bb349af0898c,GPS USPSA July 2022,2022-07-24,1,Bay 4,1f5b7dbd-74f8-414d-bf86-c2fb955bcec5,George Byrd,57,46.23,32,50.95,Carry Optics,U,A84906,MINOR,Super Senior,56.0483,50.8501,3.6196,30.39,22,,,,,,,,,
eda81d6d-40cc-414c-9948-bb349af0898c,GPS USPSA July 2022,2022-07-24,1,Bay 4,1f5b7dbd-74f8-414d-bf86-c2fb955bcec5,Jason Wells,58,46.18,33,50.90,Carry Optics,A,L5218,MINOR,,55.9879,50.7953,3.6157,19.36,15,,5,,2,,,,,
eda81d6d-40cc-414c-9948-bb349af0898c,GPS USPSA July 2022,2022-07-24,1,Bay 4,1f5b7dbd-74f8-414d-bf86-c2fb955bcec5,Pat Byrne,59,44.00,4,59.48,Single Stack,B,Fy93921,MINOR,Super Senior,65.4298,48.3972,3.4450,20.90,16,,4,,2,,,,,
eda81d6d-40cc-414c-9948-bb349af0898c,GPS USPSA July 2022,2022-07-24,1,Bay 4,1f5b7dbd-74f8-414d-bf86-c2fb955bcec5,Karys Bellamy,60,43.47,34,47.92,Carry Optics,D,Ty130774,MINOR,Lady; Junior,52.7098,47.8212,3.4040,28.79,17,,4,1,,,,,,
eda81d6d-40cc-414c-9948-bb349af0898c,GPS USPSA July 2022,2022-07-24,1,Bay 4,1f5b7dbd-74f8-414d-bf86-c2fb955bcec5,Gary Wu,61,43.45,35,47.89,Carry Optics,B,L2998,MINOR,Senior,52.6804,47.7945,3.4021,17.93,17,,2,,3,,,,,
eda81d6d-40cc-414c-9948-bb349af0898c,GPS USPSA July 2022,2022-07-24,1,Bay 4,1f5b7dbd-74f8-414d-bf86-c2fb955bcec5,Todd Ellison,62,41.92,36,46.21,Carry Optics,U,A137376,MINOR,,50.8315,46.1171,3.2827,28.94,21,,,,1,,,,,
eda81d6d-40cc-414c-9948-bb349af0898c,GPS USPSA July 2022,2022-07-24,1,Bay 4,1f5b7dbd-74f8-414d-bf86-c2fb955bcec5,Rodwick Gates,63,39.90,3,60.52,Limited,C,A135944,MINOR,,66.5763,43.8876,3.1240,30.09,15,,6,1,,,,,,
eda81d6d-40cc-414c-9948-bb349af0898c,GPS USPSA July 2022,2022-07-24,1,Bay 4,1f5b7dbd-74f8-414d-bf86-c2fb955bcec5,Amber Chike-Udenze,64,39.37,37,43.40,Carry Optics,C,A138974,MINOR,Lady,47.7346,43.3074,3.0827,29.52,19,,2,,1,,,,,
eda81d6d-40cc-414c-9948-bb349af0898c,GPS USPSA July 2022,2022-07-24,1,Bay 4,1f5b7dbd-74f8-414d-bf86-c2fb955bcec5,Toan Tieu,65,39.01,4,59.18,Limited,U,A140227,MINOR,,65.1015,42.9155,3.0548,34.70,20,,2,,,,,,,
eda81d6d-40cc-414c-9948-bb349af0898c,GPS USPSA July 2022,2022-07-24,1,Bay 4,1f5b7dbd-74f8-414d-bf86-c2fb955bcec5,Miguel Gonzalez,66,34.53,4,56.07,Production,U,A142148,MINOR,,61.6730,37.9844,2.7038,25.15,14,,6,,2,,,,,
eda81d6d-40cc-414c-9948-bb349af0898c,GPS USPSA July 2022,2022-07-24,1,Bay 4,1f5b7dbd-74f8-414d-bf86-c2fb955bcec5,Marc Jardell,67,34.04,38,37.52,Carry Optics,C,A136504,MINOR,,41.2728,37.4450,2.6654,40.52,21,,1,,,,,,,
eda81d6d-40cc-414c-9948-bb349af0898c,GPS USPSA July 2022,2022-07-24,1,Bay 4,1f5b7dbd-74f8-414d-bf86-c2fb955bcec5,JR Roberts,68,33.35,5,45.09,Single Stack,D,TY102739,MINOR,,49.5994,36.6877,2.6115,40.59,20,,2,,,,,,,
eda81d6d-40cc-414c-9948-bb349af0898c,GPS USPSA July 2022,2022-07-24,1,Bay 4,1f5b7dbd-74f8-414d-bf86-c2fb955bcec5,Alex Steier,69,32.98,5,50.02,Limited,C,0,MINOR,,55.0256,36.2733,2.5820,32.92,16,,5,,1,,,,,
eda81d6d-40cc-414c-9948-bb349af0898c,GPS USPSA July 2022,2022-07-24,1,Bay 4,1f5b7dbd-74f8-414d-bf86-c2fb955bcec5,Nathan Bridges,70,31.29,39,34.49,Carry Optics,U,A139264,MINOR,,37.9343,34.4161,2.4498,36.33,18,,3,,1,,,,,
eda81d6d-40cc-414c-9948-bb349af0898c,GPS USPSA July 2022,2022-07-24,1,Bay 4,1f5b7dbd-74f8-414d-bf86-c2fb955bcec5,Justin Cordova,71,31.18,40,34.37,Carry Optics,U,A137724,MINOR,,37.8043,34.2981,2.4414,20.89,17,,2,,3,,,1,,
eda81d6d-40cc-414c-9948-bb349af0898c,GPS USPSA July 2022,2022-07-24,1,Bay 4,1f5b7dbd-74f8-414d-bf86-c2fb955bcec5,bing liu,72,28.05,5,45.54,Production,X,0,MINOR,Foreign,50.0993,30.8562,2.1964,45.53,17,,5,,,,,,,
eda81d6d-40cc-414c-9948-bb349af0898c,GPS USPSA July 2022,2022-07-24,1,Bay 4,1f5b7dbd-74f8-414d-bf86-c2fb955bcec5,Jonathan Gutierrez,73,26.74,13,26.74,Open,C,A108668,MINOR,,29.4134,29.4134,2.0937,18.15,14,,2,2,4,,,,,
eda81d6d-40cc-414c-9948-bb349af0898c,GPS USPSA July 2022,2022-07-24,1,Bay 4,1f5b7dbd-74f8-414d-bf86-c2fb955bcec5,Amun Imhotep,74,10.61,41,11.69,Carry Optics,U,A141156,MINOR,Military,12.8616,11.6687,0.8306,77.05,17,,3,,2,,,1,,
eda81d6d-40cc-414c-9948-bb349af0898c,GPS USPSA July 2022,2022-07-24,1,Bay 4,1f5b7dbd-74f8-414d-bf86-c2fb955bcec5,Qi Zhou,75,1.17,6,1.78,Limited,U,0,MAJOR,Senior,1.9585,1.2911,0.0919,43.51,12,,3,1,6,,1,,,
eda81d6d-40cc-414c-9948-bb349af0898c,GPS USPSA July 2022,2022-07-24,1,Bay 4,1f5b7dbd-74f8-414d-bf86-c2fb955bcec5,Danielle Dysart,76,0.00,42,0.00,Carry Optics,U,A137402,MINOR,Lady,0.0000,0.0000,0.0000,47.04,12,,1,3,6,,1,1,,
eda81d6d-40cc-414c-9948-bb349af0898c,GPS USPSA July 2022,2022-07-24,2,Bay 5,a1c2aa22-7487-4bd1-bdf4-ec03bad1acce,Bobby Ivester,1,100.00,1,100.00,Open,M,A101336,MAJOR,,120.0000,120.0000,7.5647,15.07,18,,6,,,,,,,
eda81d6d-40cc-414c-9948-bb349af0898c,GPS USPSA July 2022,2022-07-24,2,Bay 5,a1c2aa22-7487-4bd1-bdf4-ec03bad1acce,Kevin Bunurai,2,96.43,1,100.00,Carry Optics,M,TY105111,MINOR,,120.0000,115.7185,7.2948,16.45,24,,,,,,,,,
eda81d6d-40cc-414c-9948-bb349af0898c,GPS USPSA July 2022,2022-07-24,2,Bay 5,a1c2aa22-7487-4bd1-bdf4-ec03bad1acce,Jim Havens,3,95.62,2,99.16,Carry Optics,G,Ty114636,MINOR,Senior,118.9883,114.7430,7.2333,16.59,24,,,,,,,,,
eda81d6d-40cc-414c-9948-bb349af0898c,GPS USPSA July 2022,2022-07-24,2,Bay 5,a1c2aa22-7487-4bd1-bdf4-ec03bad1acce,Lan Nguyen,4,95.01,2,95.01,Open,A,Ty81359,MAJOR,,114.0101,114.0101,7.1871,16.14,20,,4,,,,,,,
eda81d6d-40cc-414c-9948-bb349af0898c,GPS USPSA July 2022,2022-07-24,2,Bay 5,a1c2aa22-7487-4bd1-bdf4-ec03bad1acce,Marco Yue,5,90.65,1,100.00,PCC,A,TY109190,MINOR,,120.0000,108.7752,6.8571,15.75,18,,6,,,,,,,
eda81d6d-40cc-414c-9948-bb349af0898c,GPS USPSA July 2022,2022-07-24,2,Bay 5,a1c2aa22-7487-4bd1-bdf4-ec03bad1acce,Ralph Migrino,6,90.20,3,93.54,Carry Optics,U,A132627,MINOR,Military,112.2471,108.2422,6.8235,17.00,22,,2,,,,,,,
eda81d6d-40cc-414c-9948-bb349af0898c,GPS USPSA July 2022,2022-07-24,2,Bay 5,a1c2aa22-7487-4bd1-bdf4-ec03bad1acce,Mike Junco,7,89.80,4,93.13,Carry Optics,M,TY34819,MINOR,Law Enforcement,111.7503,107.7632,6.7933,17.37,23,,1,,,,,,,
eda81d6d-40cc-414c-9948-bb349af0898c,GPS USPSA July 2022,2022-07-24,2,Bay 5,a1c2aa22-7487-4bd1-bdf4-ec03bad1acce,Paul Felker,8,85.61,5,88.78,Carry Optics,M,TY107123,MINOR,,106.5373,102.7361,6.4764,18.22,23,,1,,,,,,,
eda81d6d-40cc-414c-9948-bb349af0898c,GPS USPSA July 2022,2022-07-24,2,Bay 5,a1c2aa22-7487-4bd1-bdf4-ec03bad1acce,August Balagtas,9,83.08,3,83.08,Open,M,L3674,MAJOR,,99.7015,99.7015,6.2851,17.82,18,,5,1,,,,,,
eda81d6d-40cc-414c-9948-bb349af0898c,GPS USPSA July 2022,2022-07-24,2,Bay 5,a1c2aa22-7487-4bd1-bdf4-ec03bad1acce,Wade Pruetz,10,81.96,4,81.96,Open,A,TY79055,MAJOR,Senior,98.3563,98.3563,6.2003,18.87,21,,3,,,,,,,
eda81d6d-40cc-414c-9948-bb349af0898c,GPS USPSA July 2022,2022-07-24,2,Bay 5,a1c2aa22-7487-4bd1-bdf4-ec03bad1acce,Travis McKenzie,11,81.50,6,84.51,Carry Optics,B,TY139201,MINOR,,101.4164,97.7979,6.1651,19.14,23,,1,,,,,,,
eda81d6d-40cc-414c-9948-bb349af0898c,GPS USPSA July 2022,2022-07-24,2,Bay 5,a1c2aa22-7487-4bd1-bdf4-ec03bad1acce,Roman Gwiscz,12,78.65,7,81.56,Carry Optics,A,l4670,MINOR,,97.8763,94.3842,5.9499,19.16,21,,3,,,,,,,
eda81d6d-40cc-414c-9948-bb349af0898c,GPS USPSA July 2022,2022-07-24,2,Bay 5,a1c2aa22-7487-4bd1-bdf4-ec03bad1acce,Matt Lem,13,78.34,8,81.23,Carry Optics,M,FY34763,MINOR,Law Enforcement,97.4815,94.0035,5.9259,20.25,24,,,,,,,,,
eda81d6d-40cc-414c-9948-bb349af0898c,GPS USPSA July 2022,2022-07-24,2,Bay 5,a1c2aa22-7487-4bd1-bdf4-ec03bad1acce,Robert Bui,14,78.27,9,81.16,Carry Optics,B,A103016,MINOR,,97.3960,93.9210,5.9207,19.93,23,,1,,,,,,,
eda81d6d-40cc-414c-9948-bb349af0898c,GPS USPSA July 2022,2022-07-24,2,Bay 5,a1c2aa22-7487-4bd1-bdf4-ec03bad1acce,Gary Wu,15,77.92,10,80.81,Carry Optics,B,L2998,MINOR,Senior,96.9683,93.5085,5.8947,19.00,20,,4,,,,,,,
eda81d6d-40cc-414c-9948-bb349af0898c,GPS USPSA July 2022,2022-07-24,2,Bay 5,a1c2aa22-7487-4bd1-bdf4-ec03bad1acce,Pete Kirchner,16,77.88,11,80.76,Carry Optics,A,TY105743,MINOR,,96.9123,93.4546,5.8913,19.69,22,,2,,,,,,,
eda81d6d-40cc-414c-9948-bb349af0898c,GPS USPSA July 2022,2022-07-24,2,Bay 5,a1c2aa22-7487-4bd1-bdf4-ec03bad1acce,Matthew Gonzalez,17,77.60,12,80.47,Carry Optics,B,A119810,MINOR,,96.5685,93.1231,5.8704,19.76,22,,2,,,,,,,
eda81d6d-40cc-414c-9948-bb349af0898c,GPS USPSA July 2022,2022-07-24,2,Bay 5,a1c2aa22-7487-4bd1-bdf4-ec03bad1acce,Steven McNamara,18,76.28,5,76.28,Open,B,A75212,MAJOR,Senior,91.5336,91.5336,5.7702,19.41,18,,5,1,,,,,,
eda81d6d-40cc-414c-9948-bb349af0898c,GPS USPSA July 2022,2022-07-24,2,Bay 5,a1c2aa22-7487-4bd1-bdf4-ec03bad1acce,Mike Kahl,19,76.28,13,79.10,Carry Optics,B,TY70984,MINOR,Super Senior,94.9202,91.5336,5.7702,20.45,23,,1,,,,,,,
eda81d6d-40cc-414c-9948-bb349af0898c,GPS USPSA July 2022,2022-07-24,2,Bay 5,a1c2aa22-7487-4bd1-bdf4-ec03bad1acce,Khoa Nguyen,20,75.68,1,100.00,Production,A,A117224,MINOR,Law Enforcement,120.0000,90.8197,5.7252,20.96,24,,,,,,,,,
eda81d6d-40cc-414c-9948-bb349af0898c,GPS USPSA July 2022,2022-07-24,2,Bay 5,a1c2aa22-7487-4bd1-bdf4-ec03bad1acce,Jorge Cahas,21,75.41,6,75.41,Open,B,F-44522,MAJOR,Senior,90.4898,90.4898,5.7044,20.16,21,,2,1,,,,,,
eda81d6d-40cc-414c-9948-bb349af0898c,GPS USPSA July 2022,2022-07-24,2,Bay 5,a1c2aa22-7487-4bd1-bdf4-ec03bad1acce,Gil Yolo,22,73.90,14,76.63,Carry Optics,M,L5228,MINOR,,91.9576,88.6766,5.5901,17.71,20,,3,,1,,,,,
eda81d6d-40cc-414c-9948-bb349af0898c,GPS USPSA July 2022,2022-07-24,2,Bay 5,a1c2aa22-7487-4bd1-bdf4-ec03bad1acce,Mike Whitesides,23,73.73,7,73.73,Open,A,TY81358,MAJOR,,88.4720,88.4720,5.5772,17.93,18,,5,,1,,,,,
eda81d6d-40cc-414c-9948-bb349af0898c,GPS USPSA July 2022,2022-07-24,2,Bay 5,a1c2aa22-7487-4bd1-bdf4-ec03bad1acce,Arnold Gee,24,73.41,8,73.41,Open,B,TY103519,MAJOR,Senior,88.0865,88.0865,5.5529,21.07,21,,3,,,,,,,
eda81d6d-40cc-414c-9948-bb349af0898c,GPS USPSA July 2022,2022-07-24,2,Bay 5,a1c2aa22-7487-4bd1-bdf4-ec03bad1acce,Michael Pontious,25,72.19,9,72.19,Open,B,fy94575,MAJOR,Senior,86.6223,86.6223,5.4606,21.06,19,,5,,,,,,,
eda81d6d-40cc-414c-9948-bb349af0898c,GPS USPSA July 2022,2022-07-24,2,Bay 5,a1c2aa22-7487-4bd1-bdf4-ec03bad1acce,Antonio Tormis,26,70.75,15,73.37,Carry Optics,B,A124958,MINOR,,88.0424,84.9012,5.3521,21.30,22,,1,1,,,,,,
eda81d6d-40cc-414c-9948-bb349af0898c,GPS USPSA July 2022,2022-07-24,2,Bay 5,a1c2aa22-7487-4bd1-bdf4-ec03bad1acce,Henry Wong,27,70.32,16,72.92,Carry Optics,U,0,MINOR,,87.5078,84.3856,5.3196,21.43,21,,3,,,,,,,
eda81d6d-40cc-414c-9948-bb349af0898c,GPS USPSA July 2022,2022-07-24,2,Bay 5,a1c2aa22-7487-4bd1-bdf4-ec03bad1acce,Chev Jacot,28,70.04,17,72.64,Carry Optics,B,TY72378,MINOR,,87.1624,84.0525,5.2986,22.27,23,,1,,,,,,,
eda81d6d-40cc-414c-9948-bb349af0898c,GPS USPSA July 2022,2022-07-24,2,Bay 5,a1c2aa22-7487-4bd1-bdf4-ec03bad1acce,Doug Dillon,29,69.79,18,72.37,Carry Optics,B,A71359,MINOR,Law Enforcement,86.8498,83.7511,5.2796,22.35,23,,1,,,,,,,
eda81d6d-40cc-414c-9948-bb349af0898c,GPS USPSA July 2022,2022-07-24,2,Bay 5,a1c2aa22-7487-4bd1-bdf4-ec03bad1acce,Marc Demeza,30,69.61,19,72.18,Carry Optics,U,TY142892,MINOR,,86.6212,83.5306,5.2657,20.89,19,,5,,,,,,,
eda81d6d-40cc-414c-9948-bb349af0898c,GPS USPSA July 2022,2022-07-24,2,Bay 5,a1c2aa22-7487-4bd1-bdf4-ec03bad1acce,Doug Joder,31,69.30,2,76.45,PCC,B,A115020,MINOR,,91.7373,83.1562,5.2421,22.51,23,,1,,,,,,,
eda81d6d-40cc-414c-9948-bb349af0898c,GPS USPSA July 2022,2022-07-24,2,Bay 5,a1c2aa22-7487-4bd1-bdf4-ec03bad1acce,Garrick Gonzalez,32,67.59,20,70.10,Carry Optics,B,A119804,MINOR,,84.1142,81.1131,5.1133,18.97,20,,2,1,1,,,,,
eda81d6d-40cc-414c-9948-bb349af0898c,GPS USPSA July 2022,2022-07-24,2,Bay 5,a1c2aa22-7487-4bd1-bdf4-ec03bad1acce,Hugh Fullerton,33,67.16,1,100.00,Limited,C,A140572,MAJOR,,120.0000,80.5896,5.0803,23.03,21,,3,,,,,,,
eda81d6d-40cc-414c-9948-bb349af0898c,GPS USPSA July 2022,2022-07-24,2,Bay 5,a1c2aa22-7487-4bd1-bdf4-ec03bad1acce,Jack Liu,34,65.28,3,72.02,PCC,B,Ty130790,MINOR,Law Enforcement,86.4208,78.3370,4.9383,21.87,18,,6,,,,,,,
eda81d6d-40cc-414c-9948-bb349af0898c,GPS USPSA July 2022,2022-07-24,2,Bay 5,a1c2aa22-7487-4bd1-bdf4-ec03bad1acce,Brian Kolenda,35,64.82,10,64.82,Open,C,A119637,MINOR,,77.7802,77.7802,4.9032,23.25,21,,3,,,,,,,
eda81d6d-40cc-414c-9948-bb349af0898c,GPS USPSA July 2022,2022-07-24,2,Bay 5,a1c2aa22-7487-4bd1-bdf4-ec03bad1acce,Chez Chike-Udenze,36,64.65,21,67.04,Carry Optics,B,A138598,MINOR,,80.4491,77.5788,4.8905,21.47,23,,,,1,,,,,
eda81d6d-40cc-414c-9948-bb349af0898c,GPS USPSA July 2022,2022-07-24,2,Bay 5,a1c2aa22-7487-4bd1-bdf4-ec03bad1acce,Jason Wells,37,64.32,22,66.70,Carry Optics,A,L5218,MINOR,,80.0362,77.1806,4.8654,21.17,22,,1,,1,,,,,
eda81d6d-40cc-414c-9948-bb349af0898c,GPS USPSA July 2022,2022-07-24,2,Bay 5,a1c2aa22-7487-4bd1-bdf4-ec03bad1acce,John Brunkhorst,38,63.28,23,65.62,Carry Optics,B,A116144,MINOR,,78.7399,75.9306,4.7866,25.07,24,,,,,,,,,
eda81d6d-40cc-414c-9948-bb349af0898c,GPS USPSA July 2022,2022-07-24,2,Bay 5,a1c2aa22-7487-4bd1-bdf4-ec03bad1acce,Dale Fike,39,63.09,11,63.09,Open,C,TY113427,MINOR,Senior,75.7085,75.7085,4.7726,22.21,18,,5,1,,,,,,
eda81d6d-40cc-414c-9948-bb349af0898c,GPS USPSA July 2022,2022-07-24,2,Bay 5,a1c2aa22-7487-4bd1-bdf4-ec03bad1acce,Jonathan Backof,40,62.77,1,100.00,Single Stack,B,L5308,MAJOR,,120.0000,75.3294,4.7487,25.27,24,,,,,,,,,
eda81d6d-40cc-414c-9948-bb349af0898c,GPS USPSA July 2022,2022-07-24,2,Bay 5,a1c2aa22-7487-4bd1-bdf4-ec03bad1acce,Jun Wu,41,62.57,24,64.89,Carry Optics,B,TY104927,MINOR,,77.8631,75.0851,4.7333,24.93,23,,1,,,,,,,
eda81d6d-40cc-414c-9948-bb349af0898c,GPS USPSA July 2022,2022-07-24,2,Bay 5,a1c2aa22-7487-4bd1-bdf4-ec03bad1acce,David Young,42,61.10,25,63.37,Carry Optics,C,Ty130791,MINOR,,76.0388,73.3258,4.6224,24.23,20,,4,,,,,,,
eda81d6d-40cc-414c-9948-bb349af0898c,GPS USPSA July 2022,2022-07-24,2,Bay 5,a1c2aa22-7487-4bd1-bdf4-ec03bad1acce,Craig Bellamy,43,56.90,2,90.64,Single Stack,M,Ty54824,MAJOR,Law Enforcement,108.7649,68.2766,4.3041,17.89,19,,3,,2,,,1,,
eda81d6d-40cc-414c-9948-bb349af0898c,GPS USPSA July 2022,2022-07-24,2,Bay 5,a1c2aa22-7487-4bd1-bdf4-ec03bad1acce,Joseph Reyes,44,56.40,4,62.22,PCC,B,A127665,MINOR,Super Senior,74.6607,67.6770,4.2663,27.19,23,,,1,,,,,,
eda81d6d-40cc-414c-9948-bb349af0898c,GPS USPSA July 2022,2022-07-24,2,Bay 5,a1c2aa22-7487-4bd1-bdf4-ec03bad1acce,Robbie Boettcher,45,54.92,12,54.92,Open,U,A139912,MINOR,,65.9098,65.9098,4.1549,28.40,23,,1,,,,,,,
eda81d6d-40cc-414c-9948-bb349af0898c,GPS USPSA July 2022,2022-07-24,2,Bay 5,a1c2aa22-7487-4bd1-bdf4-ec03bad1acce,Anthony Fong,46,54.86,26,56.89,Carry Optics,U,A142224,MINOR,,68.2678,65.8321,4.1500,27.47,21,,3,,,,,,,
eda81d6d-40cc-414c-9948-bb349af0898c,GPS USPSA July 2022,2022-07-24,2,Bay 5,a1c2aa22-7487-4bd1-bdf4-ec03bad1acce,JOSE ONIA,47,53.62,27,55.61,Carry Optics,B,A134359,MINOR,Senior,66.7264,64.3457,4.0563,17.75,19,,2,1,2,,,1,,
eda81d6d-40cc-414c-9948-bb349af0898c,GPS USPSA July 2022,2022-07-24,2,Bay 5,a1c2aa22-7487-4bd1-bdf4-ec03bad1acce,Jimmy Durham,48,53.60,5,59.13,PCC,U,TY135611,MINOR,,70.9559,64.3187,4.0546,27.13,20,,3,1,,,,,,
eda81d6d-40cc-414c-9948-bb349af0898c,GPS USPSA July 2022,2022-07-24,2,Bay 5,a1c2aa22-7487-4bd1-bdf4-ec03bad1acce,Joseph White,49,53.14,2,70.22,Production,C,A135489,MINOR,Law Enforcement,84.2612,63.7715,4.0201,29.85,24,,,,,,,,,
eda81d6d-40cc-414c-9948-bb349af0898c,GPS USPSA July 2022,2022-07-24,2,Bay 5,a1c2aa22-7487-4bd1-bdf4-ec03bad1acce,James Tonkinson,50,53.01,28,54.97,Carry Optics,A,A123944,MINOR,,65.9632,63.6097,4.0099,24.19,20,,2,1,1,,,,,
eda81d6d-40cc-414c-9948-bb349af0898c,GPS USPSA July 2022,2022-07-24,2,Bay 5,a1c2aa22-7487-4bd1-bdf4-ec03bad1acce,Todd Ellison,51,52.80,29,54.76,Carry Optics,U,A137376,MINOR,,65.7065,63.3622,3.9943,28.04,20,,4,,,,,,,
eda81d6d-40cc-414c-9948-bb349af0898c,GPS USPSA July 2022,2022-07-24,2,Bay 5,a1c2aa22-7487-4bd1-bdf4-ec03bad1acce,matthew okun,52,52.25,30,54.18,Carry Optics,B,A135265,MINOR,,65.0140,62.6944,3.9522,24.29,14,,8,2,,,,,,
eda81d6d-40cc-414c-9948-bb349af0898c,GPS USPSA July 2022,2022-07-24,2,Bay 5,a1c2aa22-7487-4bd1-bdf4-ec03bad1acce,Pocholo Dimayuga,53,51.48,2,76.66,Limited,C,A106236,MAJOR,,91.9930,61.7806,3.8946,25.42,19,,3,1,1,,,,,
eda81d6d-40cc-414c-9948-bb349af0898c,GPS USPSA July 2022,2022-07-24,2,Bay 5,a1c2aa22-7487-4bd1-bdf4-ec03bad1acce,Matthew Michna,54,50.47,31,52.34,Carry Optics,B,A128405,MINOR,,62.8047,60.5639,3.8179,20.43,21,,1,,2,,,1,,
eda81d6d-40cc-414c-9948-bb349af0898c,GPS USPSA July 2022,2022-07-24,2,Bay 5,a1c2aa22-7487-4bd1-bdf4-ec03bad1acce,Miguel Gonzalez,55,49.17,3,64.96,Production,U,A142148,MINOR,,77.9564,58.9998,3.7193,28.50,18,,5,1,,,,,,
eda81d6d-40cc-414c-9948-bb349af0898c,GPS USPSA July 2022,2022-07-24,2,Bay 5,a1c2aa22-7487-4bd1-bdf4-ec03bad1acce,Boyd Nabas,56,48.92,32,50.73,Carry Optics,U,0,MINOR,Junior,60.8768,58.7048,3.7007,24.59,16,,7,,1,,,,,
eda81d6d-40cc-414c-9948-bb349af0898c,GPS USPSA July 2022,2022-07-24,2,Bay 5,a1c2aa22-7487-4bd1-bdf4-ec03bad1acce,Karys Bellamy,57,48.23,33,50.01,Carry Optics,D,Ty130774,MINOR,Lady; Junior,60.0165,57.8751,3.6484,30.15,19,,5,,,,,,,
eda81d6d-40cc-414c-9948-bb349af0898c,GPS USPSA July 2022,2022-07-24,2,Bay 5,a1c2aa22-7487-4bd1-bdf4-ec03bad1acce,Alex Steier,58,48.15,3,71.69,Limited,C,0,MINOR,,86.0288,57.7752,3.6421,28.28,22,,1,,1,,,,,
eda81d6d-40cc-414c-9948-bb349af0898c,GPS USPSA July 2022,2022-07-24,2,Bay 5,a1c2aa22-7487-4bd1-bdf4-ec03bad1acce,Marc Jardell,59,46.89,34,48.63,Carry Optics,C,A136504,MINOR,,58.3501,56.2682,3.5471,33.83,24,,,,,,,,,
eda81d6d-40cc-414c-9948-bb349af0898c,GPS USPSA July 2022,2022-07-24,2,Bay 5,a1c2aa22-7487-4bd1-bdf4-ec03bad1acce,Drew Yang,60,45.76,4,60.46,Production,C,A138478,MINOR,,72.5529,54.9103,3.4615,28.60,20,,3,,1,,,,,
eda81d6d-40cc-414c-9948-bb349af0898c,GPS USPSA July 2022,2022-07-24,2,Bay 5,a1c2aa22-7487-4bd1-bdf4-ec03bad1acce,Jonathan Gutierrez,61,44.13,13,44.13,Open,C,A108668,MINOR,,52.9544,52.9544,3.3382,34.15,21,,3,,,,,,,
eda81d6d-40cc-414c-9948-bb349af0898c,GPS USPSA July 2022,2022-07-24,2,Bay 5,a1c2aa22-7487-4bd1-bdf4-ec03bad1acce,Pat Byrne,62,41.61,3,66.28,Single Stack,B,Fy93921,MINOR,Super Senior,79.5401,49.9309,3.1476,23.51,20,,1,1,2,,,1,,
eda81d6d-40cc-414c-9948-bb349af0898c,GPS USPSA July 2022,2022-07-24,2,Bay 5,a1c2aa22-7487-4bd1-bdf4-ec03bad1acce,Nathan Bridges,63,40.85,35,42.36,Carry Optics,U,A139264,MINOR,,50.8291,49.0156,3.0899,35.60,19,,5,,,,,,,
eda81d6d-40cc-414c-9948-bb349af0898c,GPS USPSA July 2022,2022-07-24,2,Bay 5,a1c2aa22-7487-4bd1-bdf4-ec03bad1acce,Justin Cordova,64,39.88,36,41.36,Carry Optics,U,A137724,MINOR,,49.6315,47.8607,3.0171,32.15,19,,4,,1,,,,,
eda81d6d-40cc-414c-9948-bb349af0898c,GPS USPSA July 2022,2022-07-24,2,Bay 5,a1c2aa22-7487-4bd1-bdf4-ec03bad1acce,Virak Meas,65,37.20,37,38.57,Carry Optics,U,0,MINOR,,46.2872,44.6357,2.8138,22.39,16,,4,1,3,,,,,
eda81d6d-40cc-414c-9948-bb349af0898c,GPS USPSA July 2022,2022-07-24,2,Bay 5,a1c2aa22-7487-4bd1-bdf4-ec03bad1acce,Page Brunkhorst,66,35.65,4,56.78,Single Stack,C,L4903,MAJOR,Senior,68.1408,42.7750,2.6965,38.94,23,,,,1,,,,,
eda81d6d-40cc-414c-9948-bb349af0898c,GPS USPSA July 2022,2022-07-24,2,Bay 5,a1c2aa22-7487-4bd1-bdf4-ec03bad1acce,Amber Chike-Udenze,67,35.43,38,36.74,Carry Optics,C,A138974,MINOR,Lady,44.0895,42.5164,2.6802,39.55,17,,7,,,,,,,
eda81d6d-40cc-414c-9948-bb349af0898c,GPS USPSA July 2022,2022-07-24,2,Bay 5,a1c2aa22-7487-4bd1-bdf4-ec03bad1acce,JR Roberts,68,34.76,5,55.37,Single Stack,D,TY102739,MINOR,,66.4401,41.7074,2.6292,33.47,21,,1,,2,,,,,
eda81d6d-40cc-414c-9948-bb349af0898c,GPS USPSA July 2022,2022-07-24,2,Bay 5,a1c2aa22-7487-4bd1-bdf4-ec03bad1acce,bing liu,69,33.70,5,44.53,Production,X,0,MINOR,Foreign,53.4395,40.4447,2.5496,38.83,21,,1,1,1,,,,,
eda81d6d-40cc-414c-9948-bb349af0898c,GPS USPSA July 2022,2022-07-24,2,Bay 5,a1c2aa22-7487-4bd1-bdf4-ec03bad1acce,Rodwick Gates,70,31.84,4,47.41,Limited,C,A135944,MINOR,,56.8951,38.2096,2.4087,39.44,19,,3,1,1,,,,,
eda81d6d-40cc-414c-9948-bb349af0898c,GPS USPSA July 2022,2022-07-24,2,Bay 5,a1c2aa22-7487-4bd1-bdf4-ec03bad1acce,Toan Tieu,71,30.12,5,44.85,Limited,U,A140227,MINOR,,53.8244,36.1474,2.2787,37.74,21,,,1,2,,,,,
eda81d6d-40cc-414c-9948-bb349af0898c,GPS USPSA July 2022,2022-07-24,2,Bay 5,a1c2aa22-7487-4bd1-bdf4-ec03bad1acce,George Byrd,72,24.07,39,24.96,Carry Optics,U,A84906,MINOR,Super Senior,29.9539,28.8852,1.8209,40.64,19,,3,,2,,,1,,
eda81d6d-40cc-414c-9948-bb349af0898c,GPS USPSA July 2022,2022-07-24,2,Bay 5,a1c2aa22-7487-4bd1-bdf4-ec03bad1acce,Danielle Dysart,73,23.93,40,24.81,Carry Optics,U,A137402,MINOR,Lady,29.7779,28.7155,1.8102,48.06,18,,1,4,1,,,,,
eda81d6d-40cc-414c-9948-bb349af0898c,GPS USPSA July 2022,2022-07-24,2,Bay 5,a1c2aa22-7487-4bd1-bdf4-ec03bad1acce,Qi Zhou,74,17.76,6,26.45,Limited,U,0,MAJOR,Senior,31.7391,21.3153,1.3437,28.28,14,,3,3,4,,,1,,
eda81d6d-40cc-414c-9948-bb349af0898c,GPS USPSA July 2022,2022-07-24,2,Bay 5,a1c2aa22-7487-4bd1-bdf4-ec03bad1acce,Wei Zhang,75,15.29,41,15.85,Carry Optics,U,FY140383,MINOR,Senior,19.0212,18.3426,1.1563,32.00,15,,4,,5,,,,,
eda81d6d-40cc-414c-9948-bb349af0898c,GPS USPSA July 2022,2022-07-24,2,Bay 5,a1c2aa22-7487-4bd1-bdf4-ec03bad1acce,Amun Imhotep,76,8.22,42,8.52,Carry Optics,U,A141156,MINOR,Military,10.2237,9.8590,0.6215,61.14,19,,1,,4,,,2,,
eda81d6d-40cc-414c-9948-bb349af0898c,GPS USPSA July 2022,2022-07-24,3,Bay 6: Deja Vu,2a28f3d8-4561-436b-8a06-e71072efff98,Kevin Bunurai,1,100.00,1,100.00,Carry Optics,M,TY105111,MINOR,,60.0000,60.0000,10.7720,5.57,12,,,,,,,,,
eda81d6d-40cc-414c-9948-bb349af0898c,GPS USPSA July 2022,2022-07-24,3,Bay 6: Deja Vu,2a28f3d8-4561-436b-8a06-e71072efff98,Marco Yue,2,96.16,1,100.00,PCC,A,TY109190,MINOR,,60.0000,57.6974,10.3586,5.02,8,,4,,,,,,,
eda81d6d-40cc-414c-9948-bb349af0898c,GPS USPSA July 2022,2022-07-24,3,Bay 6: Deja Vu,2a28f3d8-4561-436b-8a06-e71072efff98,Matt Lem,3,95.21,2,95.21,Carry Optics,M,FY34763,MINOR,Law Enforcement,57.1281,57.1281,10.2564,5.85,12,,,,,,,,,
eda81d6d-40cc-414c-9948-bb349af0898c,GPS USPSA July 2022,2022-07-24,3,Bay 6: Deja Vu,2a28f3d8-4561-436b-8a06-e71072efff98,August Balagtas,4,91.98,1,100.00,Open,M,L3674,MAJOR,,60.0000,55.1892,9.9083,5.45,6,,6,,,,,,,
eda81d6d-40cc-414c-9948-bb349af0898c,GPS USPSA July 2022,2022-07-24,3,Bay 6: Deja Vu,2a28f3d8-4561-436b-8a06-e71072efff98,Michael Pontious,5,88.78,2,96.52,Open,B,fy94575,MAJOR,Senior,57.9139,53.2703,9.5638,5.96,9,,3,,,,,,,
eda81d6d-40cc-414c-9948-bb349af0898c,GPS USPSA July 2022,2022-07-24,3,Bay 6: Deja Vu,2a28f3d8-4561-436b-8a06-e71072efff98,Bobby Ivester,6,88.49,3,96.20,Open,M,A101336,MAJOR,,57.7201,53.0921,9.5318,5.98,9,,3,,,,,,,
eda81d6d-40cc-414c-9948-bb349af0898c,GPS USPSA July 2022,2022-07-24,3,Bay 6: Deja Vu,2a28f3d8-4561-436b-8a06-e71072efff98,Ralph Migrino,7,87.96,3,87.96,Carry Optics,U,A132627,MINOR,Military,52.7785,52.7785,9.4755,5.91,10,,2,,,,,,,
eda81d6d-40cc-414c-9948-bb349af0898c,GPS USPSA July 2022,2022-07-24,3,Bay 6: Deja Vu,2a28f3d8-4561-436b-8a06-e71072efff98,Mike Whitesides,8,82.92,4,90.14,Open,A,TY81358,MAJOR,,54.0862,49.7495,8.9317,5.71,5,,6,1,,,,,,
eda81d6d-40cc-414c-9948-bb349af0898c,GPS USPSA July 2022,2022-07-24,3,Bay 6: Deja Vu,2a28f3d8-4561-436b-8a06-e71072efff98,Jorge Cahas,9,82.13,5,89.29,Open,B,F-44522,MAJOR,Senior,53.5721,49.2766,8.8468,6.33,8,,4,,,,,,,
eda81d6d-40cc-414c-9948-bb349af0898c,GPS USPSA July 2022,2022-07-24,3,Bay 6: Deja Vu,2a28f3d8-4561-436b-8a06-e71072efff98,Matthew Michna,10,81.46,4,81.46,Carry Optics,B,A128405,MINOR,,48.8745,48.8745,8.7746,6.61,11,,1,,,,,,,
eda81d6d-40cc-414c-9948-bb349af0898c,GPS USPSA July 2022,2022-07-24,3,Bay 6: Deja Vu,2a28f3d8-4561-436b-8a06-e71072efff98,Wade Pruetz,11,80.66,6,87.69,Open,A,TY79055,MAJOR,Senior,52.6153,48.3966,8.6888,6.33,7,,5,,,,,,,
eda81d6d-40cc-414c-9948-bb349af0898c,GPS USPSA July 2022,2022-07-24,3,Bay 6: Deja Vu,2a28f3d8-4561-436b-8a06-e71072efff98,Pete Kirchner,12,80.00,5,80.00,Carry Optics,A,TY105743,MINOR,,48.0000,48.0000,8.6176,5.57,6,,6,,,,,,,
eda81d6d-40cc-414c-9948-bb349af0898c,GPS USPSA July 2022,2022-07-24,3,Bay 6: Deja Vu,2a28f3d8-4561-436b-8a06-e71072efff98,Henry Wong,13,79.01,6,79.01,Carry Optics,U,0,MINOR,,47.4040,47.4040,8.5106,7.05,12,,,,,,,,,
eda81d6d-40cc-414c-9948-bb349af0898c,GPS USPSA July 2022,2022-07-24,3,Bay 6: Deja Vu,2a28f3d8-4561-436b-8a06-e71072efff98,Mike Junco,14,78.50,7,78.50,Carry Optics,M,TY34819,MINOR,Law Enforcement,47.0993,47.0993,8.4559,5.44,5,,7,,,,,,,
eda81d6d-40cc-414c-9948-bb349af0898c,GPS USPSA July 2022,2022-07-24,3,Bay 6: Deja Vu,2a28f3d8-4561-436b-8a06-e71072efff98,Mike Kahl,15,78.18,8,78.18,Carry Optics,B,TY70984,MINOR,Super Senior,46.9055,46.9055,8.4211,6.65,10,,2,,,,,,,
eda81d6d-40cc-414c-9948-bb349af0898c,GPS USPSA July 2022,2022-07-24,3,Bay 6: Deja Vu,2a28f3d8-4561-436b-8a06-e71072efff98,Steven McNamara,16,78.07,7,84.88,Open,B,A75212,MAJOR,Senior,50.9258,46.8426,8.4098,6.54,7,,5,,,,,,,
eda81d6d-40cc-414c-9948-bb349af0898c,GPS USPSA July 2022,2022-07-24,3,Bay 6: Deja Vu,2a28f3d8-4561-436b-8a06-e71072efff98,Arnold Gee,17,78.06,8,84.86,Open,B,TY103519,MAJOR,Senior,50.9173,46.8348,8.4084,6.66,8,,4,,,,,,,
eda81d6d-40cc-414c-9948-bb349af0898c,GPS USPSA July 2022,2022-07-24,3,Bay 6: Deja Vu,2a28f3d8-4561-436b-8a06-e71072efff98,Jim Havens,18,77.82,9,77.82,Carry Optics,G,Ty114636,MINOR,Senior,46.6944,46.6944,8.3832,6.68,11,,,1,,,,,,
eda81d6d-40cc-414c-9948-bb349af0898c,GPS USPSA July 2022,2022-07-24,3,Bay 6: Deja Vu,2a28f3d8-4561-436b-8a06-e71072efff98,JOSE ONIA,19,77.62,10,77.62,Carry Optics,B,A134359,MINOR,Senior,46.5719,46.5719,8.3612,5.98,8,,3,1,,,,,,
eda81d6d-40cc-414c-9948-bb349af0898c,GPS USPSA July 2022,2022-07-24,3,Bay 6: Deja Vu,2a28f3d8-4561-436b-8a06-e71072efff98,Travis McKenzie,20,77.36,11,77.36,Carry Optics,B,TY139201,MINOR,,46.4165,46.4165,8.3333,6.96,11,,1,,,,,,,
eda81d6d-40cc-414c-9948-bb349af0898c,GPS USPSA July 2022,2022-07-24,3,Bay 6: Deja Vu,2a28f3d8-4561-436b-8a06-e71072efff98,Lan Nguyen,21,73.57,9,79.98,Open,A,Ty81359,MAJOR,,47.9907,44.1428,7.9251,6.94,7,,5,,,,,,,
eda81d6d-40cc-414c-9948-bb349af0898c,GPS USPSA July 2022,2022-07-24,3,Bay 6: Deja Vu,2a28f3d8-4561-436b-8a06-e71072efff98,Doug Dillon,22,72.86,12,72.86,Carry Optics,B,A71359,MINOR,Law Enforcement,43.7178,43.7178,7.8488,6.88,9,,3,,,,,,,
eda81d6d-40cc-414c-9948-bb349af0898c,GPS USPSA July 2022,2022-07-24,3,Bay 6: Deja Vu,2a28f3d8-4561-436b-8a06-e71072efff98,Jason Wells,23,72.70,13,72.70,Carry Optics,A,L5218,MINOR,,43.6203,43.6203,7.8313,6.64,8,,4,,,,,,,
eda81d6d-40cc-414c-9948-bb349af0898c,GPS USPSA July 2022,2022-07-24,3,Bay 6: Deja Vu,2a28f3d8-4561-436b-8a06-e71072efff98,Justin Cordova,24,71.52,14,71.52,Carry Optics,U,A137724,MINOR,,42.9124,42.9124,7.7042,6.49,7,,5,,,,,,,
eda81d6d-40cc-414c-9948-bb349af0898c,GPS USPSA July 2022,2022-07-24,3,Bay 6: Deja Vu,2a28f3d8-4561-436b-8a06-e71072efff98,Doug Joder,25,71.02,2,73.85,PCC,B,A115020,MINOR,,44.3127,42.6121,7.6503,7.32,10,,2,,,,,,,
eda81d6d-40cc-414c-9948-bb349af0898c,GPS USPSA July 2022,2022-07-24,3,Bay 6: Deja Vu,2a28f3d8-4561-436b-8a06-e71072efff98,Antonio Tormis,26,70.96,15,70.96,Carry Optics,B,A124958,MINOR,,42.5732,42.5732,7.6433,6.28,6,,6,,,,,,,
eda81d6d-40cc-414c-9948-bb349af0898c,GPS USPSA July 2022,2022-07-24,3,Bay 6: Deja Vu,2a28f3d8-4561-436b-8a06-e71072efff98,Jonathan Backof,27,70.37,1,100.00,Single Stack,B,L5308,MAJOR,,60.0000,42.2195,7.5798,7.52,9,,3,,,,,,,
eda81d6d-40cc-414c-9948-bb349af0898c,GPS USPSA July 2022,2022-07-24,3,Bay 6: Deja Vu,2a28f3d8-4561-436b-8a06-e71072efff98,Gil Yolo,28,68.97,16,68.97,Carry Optics,M,L5228,MINOR,,41.3834,41.3834,7.4297,4.98,7,,4,,1,,,,,
eda81d6d-40cc-414c-9948-bb349af0898c,GPS USPSA July 2022,2022-07-24,3,Bay 6: Deja Vu,2a28f3d8-4561-436b-8a06-e71072efff98,Hugh Fullerton,29,68.54,1,100.00,Limited,C,A140572,MAJOR,,60.0000,41.1211,7.3826,7.45,7,,5,,,,,,,
eda81d6d-40cc-414c-9948-bb349af0898c,GPS USPSA July 2022,2022-07-24,3,Bay 6: Deja Vu,2a28f3d8-4561-436b-8a06-e71072efff98,Joseph Reyes,30,67.73,3,70.43,PCC,B,A127665,MINOR,Super Senior,42.2582,40.6365,7.2956,7.95,11,,1,,,,,,,
eda81d6d-40cc-414c-9948-bb349af0898c,GPS USPSA July 2022,2022-07-24,3,Bay 6: Deja Vu,2a28f3d8-4561-436b-8a06-e71072efff98,Khoa Nguyen,31,67.61,1,100.00,Production,A,A117224,MINOR,Law Enforcement,60.0000,40.5657,7.2829,7.14,8,,4,,,,,,,
eda81d6d-40cc-414c-9948-bb349af0898c,GPS USPSA July 2022,2022-07-24,3,Bay 6: Deja Vu,2a28f3d8-4561-436b-8a06-e71072efff98,Matthew Gonzalez,32,66.88,17,66.88,Carry Optics,B,A119810,MINOR,,40.1296,40.1296,7.2046,6.94,12,,,,,,1,,,
eda81d6d-40cc-414c-9948-bb349af0898c,GPS USPSA July 2022,2022-07-24,3,Bay 6: Deja Vu,2a28f3d8-4561-436b-8a06-e71072efff98,Jonathan Gutierrez,33,66.31,10,72.09,Open,C,A108668,MINOR,,43.2540,39.7859,7.1429,8.12,11,,1,,,,,,,
eda81d6d-40cc-414c-9948-bb349af0898c,GPS USPSA July 2022,2022-07-24,3,Bay 6: Deja Vu,2a28f3d8-4561-436b-8a06-e71072efff98,Pocholo Dimayuga,34,66.23,2,96.63,Limited,C,A106236,MAJOR,,57.9788,39.7358,7.1339,7.99,9,,3,,,,,,,
eda81d6d-40cc-414c-9948-bb349af0898c,GPS USPSA July 2022,2022-07-24,3,Bay 6: Deja Vu,2a28f3d8-4561-436b-8a06-e71072efff98,Roman Gwiscz,35,66.22,18,66.22,Carry Optics,A,l4670,MINOR,,39.7330,39.7330,7.1334,7.57,9,,3,,,,,,,
eda81d6d-40cc-414c-9948-bb349af0898c,GPS USPSA July 2022,2022-07-24,3,Bay 6: Deja Vu,2a28f3d8-4561-436b-8a06-e71072efff98,Brian Kolenda,36,64.69,11,70.33,Open,C,A119637,MINOR,,42.1986,38.8151,6.9686,8.61,12,,,,,,,,,
eda81d6d-40cc-414c-9948-bb349af0898c,GPS USPSA July 2022,2022-07-24,3,Bay 6: Deja Vu,2a28f3d8-4561-436b-8a06-e71072efff98,Anthony Fong,37,64.18,19,64.18,Carry Optics,U,A142224,MINOR,,38.5054,38.5054,6.9130,8.39,11,,1,,,,,,,
eda81d6d-40cc-414c-9948-bb349af0898c,GPS USPSA July 2022,2022-07-24,3,Bay 6: Deja Vu,2a28f3d8-4561-436b-8a06-e71072efff98,Page Brunkhorst,38,63.34,2,90.02,Single Stack,C,L4903,MAJOR,Senior,54.0133,38.0069,6.8235,8.50,10,,2,,,,,,,
eda81d6d-40cc-414c-9948-bb349af0898c,GPS USPSA July 2022,2022-07-24,3,Bay 6: Deja Vu,2a28f3d8-4561-436b-8a06-e71072efff98,Dale Fike,39,62.58,12,68.04,Open,C,TY113427,MINOR,Senior,40.8240,37.5507,6.7416,8.01,9,,3,,,,,,,
eda81d6d-40cc-414c-9948-bb349af0898c,GPS USPSA July 2022,2022-07-24,3,Bay 6: Deja Vu,2a28f3d8-4561-436b-8a06-e71072efff98,Jun Wu,40,61.73,20,61.73,Carry Optics,B,TY104927,MINOR,,37.0382,37.0382,6.6496,7.82,8,,4,,,,,,,
eda81d6d-40cc-414c-9948-bb349af0898c,GPS USPSA July 2022,2022-07-24,3,Bay 6: Deja Vu,2a28f3d8-4561-436b-8a06-e71072efff98,Craig Bellamy,41,60.73,3,86.31,Single Stack,M,Ty54824,MAJOR,Law Enforcement,51.7858,36.4395,6.5421,6.42,8,,3,,1,,,,,
eda81d6d-40cc-414c-9948-bb349af0898c,GPS USPSA July 2022,2022-07-24,3,Bay 6: Deja Vu,2a28f3d8-4561-436b-8a06-e71072efff98,John Brunkhorst,42,60.71,21,60.71,Carry Optics,B,A116144,MINOR,,36.4250,36.4250,6.5395,7.34,11,,1,,,,1,,,
eda81d6d-40cc-414c-9948-bb349af0898c,GPS USPSA July 2022,2022-07-24,3,Bay 6: Deja Vu,2a28f3d8-4561-436b-8a06-e71072efff98,Jack Liu,43,60.07,4,62.47,PCC,B,Ty130790,MINOR,Law Enforcement,37.4796,36.0412,6.4706,6.80,9,,3,,,,,1,,
eda81d6d-40cc-414c-9948-bb349af0898c,GPS USPSA July 2022,2022-07-24,3,Bay 6: Deja Vu,2a28f3d8-4561-436b-8a06-e71072efff98,Jimmy Durham,44,59.43,5,61.80,PCC,U,TY135611,MINOR,,37.0811,35.6580,6.4018,9.06,11,,1,,,,,,,
eda81d6d-40cc-414c-9948-bb349af0898c,GPS USPSA July 2022,2022-07-24,3,Bay 6: Deja Vu,2a28f3d8-4561-436b-8a06-e71072efff98,Joseph White,45,59.28,2,87.68,Production,C,A135489,MINOR,Law Enforcement,52.6060,35.5667,6.3854,8.77,10,,2,,,,,,,
eda81d6d-40cc-414c-9948-bb349af0898c,GPS USPSA July 2022,2022-07-24,3,Bay 6: Deja Vu,2a28f3d8-4561-436b-8a06-e71072efff98,James Tonkinson,46,58.57,22,58.57,Carry Optics,A,A123944,MINOR,,35.1417,35.1417,6.3091,6.34,4,,6,2,,,,,,
eda81d6d-40cc-414c-9948-bb349af0898c,GPS USPSA July 2022,2022-07-24,3,Bay 6: Deja Vu,2a28f3d8-4561-436b-8a06-e71072efff98,Boyd Nabas,47,55.52,23,55.52,Carry Optics,U,0,MINOR,Junior,33.3091,33.3091,5.9801,9.03,9,,3,,,,,,,
eda81d6d-40cc-414c-9948-bb349af0898c,GPS USPSA July 2022,2022-07-24,3,Bay 6: Deja Vu,2a28f3d8-4561-436b-8a06-e71072efff98,Rodwick Gates,48,55.48,3,80.95,Limited,C,A135944,MINOR,,48.5723,33.2891,5.9765,9.37,10,,2,,,,,,,
eda81d6d-40cc-414c-9948-bb349af0898c,GPS USPSA July 2022,2022-07-24,3,Bay 6: Deja Vu,2a28f3d8-4561-436b-8a06-e71072efff98,matthew okun,49,54.86,24,54.86,Carry Optics,B,A135265,MINOR,,32.9137,32.9137,5.9091,8.80,8,,4,,,,,,,
eda81d6d-40cc-414c-9948-bb349af0898c,GPS USPSA July 2022,2022-07-24,3,Bay 6: Deja Vu,2a28f3d8-4561-436b-8a06-e71072efff98,Robert Bui,50,54.79,25,54.79,Carry Optics,B,A103016,MINOR,,32.8752,32.8752,5.9022,5.93,11,,,,1,,1,,,
eda81d6d-40cc-414c-9948-bb349af0898c,GPS USPSA July 2022,2022-07-24,3,Bay 6: Deja Vu,2a28f3d8-4561-436b-8a06-e71072efff98,Chez Chike-Udenze,51,54.16,26,54.16,Carry Optics,B,A138598,MINOR,,32.4970,32.4970,5.8343,8.57,12,,,,,,1,,,
eda81d6d-40cc-414c-9948-bb349af0898c,GPS USPSA July 2022,2022-07-24,3,Bay 6: Deja Vu,2a28f3d8-4561-436b-8a06-e71072efff98,Todd Ellison,52,53.76,27,53.76,Carry Optics,U,A137376,MINOR,,32.2564,32.2564,5.7911,9.67,10,,2,,,,,,,
eda81d6d-40cc-414c-9948-bb349af0898c,GPS USPSA July 2022,2022-07-24,3,Bay 6: Deja Vu,2a28f3d8-4561-436b-8a06-e71072efff98,Garrick Gonzalez,53,50.89,28,50.89,Carry Optics,B,A119804,MINOR,,30.5319,30.5319,5.4815,6.75,7,,4,,1,,,,,
eda81d6d-40cc-414c-9948-bb349af0898c,GPS USPSA July 2022,2022-07-24,3,Bay 6: Deja Vu,2a28f3d8-4561-436b-8a06-e71072efff98,Robbie Boettcher,54,49.24,13,53.53,Open,U,A139912,MINOR,,32.1179,29.5427,5.3039,9.05,11,,1,,,,1,,,
eda81d6d-40cc-414c-9948-bb349af0898c,GPS USPSA July 2022,2022-07-24,3,Bay 6: Deja Vu,2a28f3d8-4561-436b-8a06-e71072efff98,Pat Byrne,55,48.60,4,69.07,Single Stack,B,Fy93921,MINOR,Super Senior,41.4438,29.1623,5.2356,7.64,4,,6,2,,,,,,
eda81d6d-40cc-414c-9948-bb349af0898c,GPS USPSA July 2022,2022-07-24,3,Bay 6: Deja Vu,2a28f3d8-4561-436b-8a06-e71072efff98,Toan Tieu,56,46.37,4,67.66,Limited,U,A140227,MINOR,,40.5987,27.8244,4.9954,10.81,10,,1,1,,,,,,
eda81d6d-40cc-414c-9948-bb349af0898c,GPS USPSA July 2022,2022-07-24,3,Bay 6: Deja Vu,2a28f3d8-4561-436b-8a06-e71072efff98,Amber Chike-Udenze,57,42.20,29,42.20,Carry Optics,C,A138974,MINOR,Lady,25.3184,25.3184,4.5455,10.12,6,,5,1,,,,,,
eda81d6d-40cc-414c-9948-bb349af0898c,GPS USPSA July 2022,2022-07-24,3,Bay 6: Deja Vu,2a28f3d8-4561-436b-8a06-e71072efff98,Karys Bellamy,58,41.07,30,41.07,Carry Optics,D,Ty130774,MINOR,Lady; Junior,24.6422,24.6422,4.4241,13.11,11,,1,,,,,,,
eda81d6d-40cc-414c-9948-bb349af0898c,GPS USPSA July 2022,2022-07-24,3,Bay 6: Deja Vu,2a28f3d8-4561-436b-8a06-e71072efff98,Marc Jardell,59,40.24,31,40.24,Carry Optics,C,A136504,MINOR,,24.1448,24.1448,4.3348,13.38,11,,1,,,,,,,
eda81d6d-40cc-414c-9948-bb349af0898c,GPS USPSA July 2022,2022-07-24,3,Bay 6: Deja Vu,2a28f3d8-4561-436b-8a06-e71072efff98,Gary Wu,60,37.51,32,37.51,Carry Optics,B,L2998,MINOR,Senior,22.5050,22.5050,4.0404,13.86,10,,2,,,,,,,
eda81d6d-40cc-414c-9948-bb349af0898c,GPS USPSA July 2022,2022-07-24,3,Bay 6: Deja Vu,2a28f3d8-4561-436b-8a06-e71072efff98,Miguel Gonzalez,61,36.21,3,53.56,Production,U,A142148,MINOR,,32.1358,21.7269,3.9007,8.46,5,,6,,1,,,,,
eda81d6d-40cc-414c-9948-bb349af0898c,GPS USPSA July 2022,2022-07-24,3,Bay 6: Deja Vu,2a28f3d8-4561-436b-8a06-e71072efff98,Drew Yang,62,33.78,4,49.96,Production,C,A138478,MINOR,,29.9749,20.2659,3.6384,9.07,5,,6,,1,,,,,
eda81d6d-40cc-414c-9948-bb349af0898c,GPS USPSA July 2022,2022-07-24,3,Bay 6: Deja Vu,2a28f3d8-4561-436b-8a06-e71072efff98,JR Roberts,63,33.59,5,47.74,Single Stack,D,TY102739,MINOR,,28.6424,20.1545,3.6184,12.16,10,,1,1,,,1,,,
eda81d6d-40cc-414c-9948-bb349af0898c,GPS USPSA July 2022,2022-07-24,3,Bay 6: Deja Vu,2a28f3d8-4561-436b-8a06-e71072efff98,Chev Jacot,64,33.20,33,33.20,Carry Optics,B,TY72378,MINOR,,19.9172,19.9172,3.5758,8.11,9,,1,1,1,,1,,,
eda81d6d-40cc-414c-9948-bb349af0898c,GPS USPSA July 2022,2022-07-24,3,Bay 6: Deja Vu,2a28f3d8-4561-436b-8a06-e71072efff98,David Young,65,32.55,34,32.55,Carry Optics,C,Ty130791,MINOR,,19.5329,19.5329,3.5068,8.84,9,,2,,1,,1,,,
eda81d6d-40cc-414c-9948-bb349af0898c,GPS USPSA July 2022,2022-07-24,3,Bay 6: Deja Vu,2a28f3d8-4561-436b-8a06-e71072efff98,bing liu,66,31.90,5,47.18,Production,X,0,MINOR,Foreign,28.3107,19.1407,3.4364,14.55,7,,5,,,,,,,
eda81d6d-40cc-414c-9948-bb349af0898c,GPS USPSA July 2022,2022-07-24,3,Bay 6: Deja Vu,2a28f3d8-4561-436b-8a06-e71072efff98,George Byrd,67,31.52,35,31.52,Carry Optics,U,A84906,MINOR,Super Senior,18.9135,18.9135,3.3956,17.67,12,,,,,,,,,
eda81d6d-40cc-414c-9948-bb349af0898c,GPS USPSA July 2022,2022-07-24,3,Bay 6: Deja Vu,2a28f3d8-4561-436b-8a06-e71072efff98,Danielle Dysart,68,27.51,36,27.51,Carry Optics,U,A137402,MINOR,Lady,16.5078,16.5078,2.9637,10.46,4,,7,,1,,,,,
eda81d6d-40cc-414c-9948-bb349af0898c,GPS USPSA July 2022,2022-07-24,3,Bay 6: Deja Vu,2a28f3d8-4561-436b-8a06-e71072efff98,Paul Felker,69,22.97,37,22.97,Carry Optics,M,TY107123,MINOR,,13.7813,13.7813,2.4742,4.85,6,,4,,2,,1,,,
eda81d6d-40cc-414c-9948-bb349af0898c,GPS USPSA July 2022,2022-07-24,3,Bay 6: Deja Vu,2a28f3d8-4561-436b-8a06-e71072efff98,Nathan Bridges,70,20.16,38,20.16,Carry Optics,U,A139264,MINOR,,12.0964,12.0964,2.1717,9.67,9,,2,,1,,2,,,
eda81d6d-40cc-414c-9948-bb349af0898c,GPS USPSA July 2022,2022-07-24,3,Bay 6: Deja Vu,2a28f3d8-4561-436b-8a06-e71072efff98,Amun Imhotep,71,14.22,39,14.22,Carry Optics,U,A141156,MINOR,Military,8.5349,8.5349,1.5323,17.62,8,,2,1,1,,1,,,
eda81d6d-40cc-414c-9948-bb349af0898c,GPS USPSA July 2022,2022-07-24,3,Bay 6: Deja Vu,2a28f3d8-4561-436b-8a06-e71072efff98,Virak Meas,72,9.36,40,9.36,Carry Optics,U,0,MINOR,,5.6179,5.6179,1.0086,6.94,6,,2,1,3,,,,,
eda81d6d-40cc-414c-9948-bb349af0898c,GPS USPSA July 2022,2022-07-24,3,Bay 6: Deja Vu,2a28f3d8-4561-436b-8a06-e71072efff98,Marc Demeza,73,7.63,41,7.63,Carry Optics,U,TY142892,MINOR,,4.5780,4.5780,0.8219,7.30,8,,2,,2,,2,,,
eda81d6d-40cc-414c-9948-bb349af0898c,GPS USPSA July 2022,2022-07-24,3,Bay 6: Deja Vu,2a28f3d8-4561-436b-8a06-e71072efff98,Qi Zhou,74,0.96,5,1.40,Limited,U,0,MAJOR,Senior,0.8371,0.5737,0.1030,9.71,5,,3,2,2,,2,,,
eda81d6d-40cc-414c-9948-bb349af0898c,GPS USPSA July 2022,2022-07-24,3,Bay 6: Deja Vu,2a28f3d8-4561-436b-8a06-e71072efff98,Alex Steier,75,0.00,6,0.00,Limited,C,0,MINOR,,0.0000,0.0000,0.0000,5.77,2,,4,,6,,,,,
eda81d6d-40cc-414c-9948-bb349af0898c,GPS USPSA July 2022,2022-07-24,3,Bay 6: Deja Vu,2a28f3d8-4561-436b-8a06-e71072efff98,Wei Zhang,76,0.00,42,0.00,Carry Optics,U,FY140383,MINOR,Senior,0.0000,0.0000,0.0000,7.92,7,,3,,2,,3,,,
eda81d6d-40cc-414c-9948-bb349af0898c,GPS USPSA July 2022,2022-07-24,4,Bay 7,cf5e287f-1443-4479-8cd3-f86193f86489,Bobby Ivester,1,100.00,1,100.00,Open,M,A101336,MAJOR,,110.0000,110.0000,6.8091,14.98,16,,5,1,,,,,,
eda81d6d-40cc-414c-9948-bb349af0898c,GPS USPSA July 2022,2022-07-24,4,Bay 7,cf5e287f-1443-4479-8cd3-f86193f86489,August Balagtas,2,93.41,2,93.41,Open,M,L3674,MAJOR,,102.7562,102.7562,6.3607,15.25,11,,10,1,,,,,,
eda81d6d-40cc-414c-9948-bb349af0898c,GPS USPSA July 2022,2022-07-24,4,Bay 7,cf5e287f-1443-4479-8cd3-f86193f86489,Marco Yue,3,92.62,1,100.00,PCC,A,TY109190,MINOR,,110.0000,101.8773,6.3063,15.54,18,,2,2,,,,,,
eda81d6d-40cc-414c-9948-bb349af0898c,GPS USPSA July 2022,2022-07-24,4,Bay 7,cf5e287f-1443-4479-8cd3-f86193f86489,Wade Pruetz,4,89.81,3,89.81,Open,A,TY79055,MAJOR,Senior,98.7918,98.7918,6.1153,17.17,17,,5,,,,,,,
eda81d6d-40cc-414c-9948-bb349af0898c,GPS USPSA July 2022,2022-07-24,4,Bay 7,cf5e287f-1443-4479-8cd3-f86193f86489,Mike Junco,5,88.22,1,100.00,Carry Optics,M,TY34819,MINOR,Law Enforcement,110.0000,97.0438,6.0071,16.98,18,,4,,,,,,,
eda81d6d-40cc-414c-9948-bb349af0898c,GPS USPSA July 2022,2022-07-24,4,Bay 7,cf5e287f-1443-4479-8cd3-f86193f86489,Steven McNamara,6,86.90,4,86.90,Open,B,A75212,MAJOR,Senior,95.5850,95.5850,5.9168,17.07,15,,6,1,,,,,,
eda81d6d-40cc-414c-9948-bb349af0898c,GPS USPSA July 2022,2022-07-24,4,Bay 7,cf5e287f-1443-4479-8cd3-f86193f86489,Jorge Cahas,7,86.55,5,86.55,Open,B,F-44522,MAJOR,Senior,95.2022,95.2022,5.8931,16.46,13,,7,2,,,,,,
eda81d6d-40cc-414c-9948-bb349af0898c,GPS USPSA July 2022,2022-07-24,4,Bay 7,cf5e287f-1443-4479-8cd3-f86193f86489,Lan Nguyen,8,86.44,6,86.44,Open,A,Ty81359,MAJOR,,95.0875,95.0875,5.8860,16.31,12,,8,2,,,,,,
eda81d6d-40cc-414c-9948-bb349af0898c,GPS USPSA July 2022,2022-07-24,4,Bay 7,cf5e287f-1443-4479-8cd3-f86193f86489,Gil Yolo,9,85.97,2,97.45,Carry Optics,M,L5228,MINOR,,107.1965,94.5705,5.8540,14.52,16,,5,,1,,,,,
eda81d6d-40cc-414c-9948-bb349af0898c,GPS USPSA July 2022,2022-07-24,4,Bay 7,cf5e287f-1443-4479-8cd3-f86193f86489,Jim Havens,10,85.53,3,96.95,Carry Optics,G,Ty114636,MINOR,Senior,106.6490,94.0875,5.8241,17.17,17,,5,,,,,,,
eda81d6d-40cc-414c-9948-bb349af0898c,GPS USPSA July 2022,2022-07-24,4,Bay 7,cf5e287f-1443-4479-8cd3-f86193f86489,Jason Wells,11,85.38,4,96.77,Carry Optics,A,L5218,MINOR,,106.4512,93.9130,5.8133,17.89,19,,3,,,,,,,
eda81d6d-40cc-414c-9948-bb349af0898c,GPS USPSA July 2022,2022-07-24,4,Bay 7,cf5e287f-1443-4479-8cd3-f86193f86489,Paul Felker,12,85.30,5,96.69,Carry Optics,M,TY107123,MINOR,,106.3560,93.8290,5.8081,15.84,14,,7,1,,,,,,
eda81d6d-40cc-414c-9948-bb349af0898c,GPS USPSA July 2022,2022-07-24,4,Bay 7,cf5e287f-1443-4479-8cd3-f86193f86489,Kevin Bunurai,13,84.39,6,95.66,Carry Optics,M,TY105111,MINOR,,105.2280,92.8339,5.7465,17.75,18,,4,,,,,,,
eda81d6d-40cc-414c-9948-bb349af0898c,GPS USPSA July 2022,2022-07-24,4,Bay 7,cf5e287f-1443-4479-8cd3-f86193f86489,Chev Jacot,14,83.46,7,94.61,Carry Optics,B,TY72378,MINOR,,104.0670,91.8096,5.6831,18.30,19,,3,,,,,,,
eda81d6d-40cc-414c-9948-bb349af0898c,GPS USPSA July 2022,2022-07-24,4,Bay 7,cf5e287f-1443-4479-8cd3-f86193f86489,Pete Kirchner,15,81.12,8,91.95,Carry Optics,A,TY105743,MINOR,,101.1481,89.2346,5.5237,19.19,20,,2,,,,,,,
eda81d6d-40cc-414c-9948-bb349af0898c,GPS USPSA July 2022,2022-07-24,4,Bay 7,cf5e287f-1443-4479-8cd3-f86193f86489,JOSE ONIA,16,79.72,9,90.37,Carry Optics,B,A134359,MINOR,Senior,99.4030,87.6950,5.4284,18.79,18,,4,,,,,,,
eda81d6d-40cc-414c-9948-bb349af0898c,GPS USPSA July 2022,2022-07-24,4,Bay 7,cf5e287f-1443-4479-8cd3-f86193f86489,Dale Fike,17,79.38,7,79.38,Open,C,TY113427,MINOR,Senior,87.3234,87.3234,5.4054,17.76,16,,5,1,,,,,,
eda81d6d-40cc-414c-9948-bb349af0898c,GPS USPSA July 2022,2022-07-24,4,Bay 7,cf5e287f-1443-4479-8cd3-f86193f86489,Henry Wong,18,76.46,10,86.67,Carry Optics,U,0,MINOR,,95.3397,84.1102,5.2065,16.71,17,,4,,1,,,,,
eda81d6d-40cc-414c-9948-bb349af0898c,GPS USPSA July 2022,2022-07-24,4,Bay 7,cf5e287f-1443-4479-8cd3-f86193f86489,James Tonkinson,19,75.84,11,85.97,Carry Optics,A,A123944,MINOR,,94.5633,83.4253,5.1641,18.59,16,,5,1,,,,,,
eda81d6d-40cc-414c-9948-bb349af0898c,GPS USPSA July 2022,2022-07-24,4,Bay 7,cf5e287f-1443-4479-8cd3-f86193f86489,Mike Whitesides,20,74.90,8,74.90,Open,A,TY81358,MAJOR,,82.3881,82.3881,5.0999,14.51,14,,5,2,1,,1,,,
eda81d6d-40cc-414c-9948-bb349af0898c,GPS USPSA July 2022,2022-07-24,4,Bay 7,cf5e287f-1443-4479-8cd3-f86193f86489,Mike Kahl,21,74.81,12,84.80,Carry Optics,B,TY70984,MINOR,Super Senior,93.2833,82.2960,5.0942,19.63,17,,5,,,,,,,
eda81d6d-40cc-414c-9948-bb349af0898c,GPS USPSA July 2022,2022-07-24,4,Bay 7,cf5e287f-1443-4479-8cd3-f86193f86489,Matthew Gonzalez,22,72.74,13,82.45,Carry Optics,B,A119810,MINOR,,90.6958,80.0134,4.9529,20.19,17,,5,,,,,,,
eda81d6d-40cc-414c-9948-bb349af0898c,GPS USPSA July 2022,2022-07-24,4,Bay 7,cf5e287f-1443-4479-8cd3-f86193f86489,Chez Chike-Udenze,23,72.66,14,82.36,Carry Optics,B,A138598,MINOR,,90.5951,79.9245,4.9474,19.00,15,,6,1,,,,,,
eda81d6d-40cc-414c-9948-bb349af0898c,GPS USPSA July 2022,2022-07-24,4,Bay 7,cf5e287f-1443-4479-8cd3-f86193f86489,Garrick Gonzalez,24,69.86,15,79.19,Carry Optics,B,A119804,MINOR,,87.1068,76.8470,4.7569,18.92,13,,8,1,,,,,,
eda81d6d-40cc-414c-9948-bb349af0898c,GPS USPSA July 2022,2022-07-24,4,Bay 7,cf5e287f-1443-4479-8cd3-f86193f86489,Justin Cordova,25,69.84,16,79.16,Carry Optics,U,A137724,MINOR,,87.0756,76.8196,4.7552,21.45,18,,4,,,,,,,
eda81d6d-40cc-414c-9948-bb349af0898c,GPS USPSA July 2022,2022-07-24,4,Bay 7,cf5e287f-1443-4479-8cd3-f86193f86489,Brian Kolenda,26,69.43,9,69.43,Open,C,A119637,MINOR,,76.3704,76.3704,4.7274,20.73,16,,6,,,,,,,
eda81d6d-40cc-414c-9948-bb349af0898c,GPS USPSA July 2022,2022-07-24,4,Bay 7,cf5e287f-1443-4479-8cd3-f86193f86489,Khoa Nguyen,27,68.93,1,100.00,Production,A,A117224,MINOR,Law Enforcement,110.0000,75.8196,4.6933,18.75,15,,3,4,,,,,,
eda81d6d-40cc-414c-9948-bb349af0898c,GPS USPSA July 2022,2022-07-24,4,Bay 7,cf5e287f-1443-4479-8cd3-f86193f86489,Doug Dillon,28,67.64,17,76.67,Carry Optics,B,A71359,MINOR,Law Enforcement,84.3417,74.4076,4.6059,19.54,13,,8,1,,,,,,
eda81d6d-40cc-414c-9948-bb349af0898c,GPS USPSA July 2022,2022-07-24,4,Bay 7,cf5e287f-1443-4479-8cd3-f86193f86489,John Brunkhorst,29,67.51,18,76.52,Carry Optics,B,A116144,MINOR,,84.1714,74.2574,4.5966,21.32,16,,6,,,,,,,
eda81d6d-40cc-414c-9948-bb349af0898c,GPS USPSA July 2022,2022-07-24,4,Bay 7,cf5e287f-1443-4479-8cd3-f86193f86489,Pat Byrne,30,65.67,1,100.00,Single Stack,B,Fy93921,MINOR,Super Senior,110.0000,72.2316,4.4712,23.26,19,,3,,,,,,,
eda81d6d-40cc-414c-9948-bb349af0898c,GPS USPSA July 2022,2022-07-24,4,Bay 7,cf5e287f-1443-4479-8cd3-f86193f86489,Matt Lem,31,64.99,19,73.67,Carry Optics,M,FY34763,MINOR,Law Enforcement,81.0328,71.4884,4.4252,20.79,15,,5,2,,,,,,
eda81d6d-40cc-414c-9948-bb349af0898c,GPS USPSA July 2022,2022-07-24,4,Bay 7,cf5e287f-1443-4479-8cd3-f86193f86489,Jimmy Durham,32,63.60,2,68.68,PCC,U,TY135611,MINOR,,75.5433,69.9650,4.3309,23.09,17,,5,,,,,,,
eda81d6d-40cc-414c-9948-bb349af0898c,GPS USPSA July 2022,2022-07-24,4,Bay 7,cf5e287f-1443-4479-8cd3-f86193f86489,Robbie Boettcher,33,63.35,10,63.35,Open,U,A139912,MINOR,,69.6856,69.6856,4.3136,24.11,19,,3,,,,,,,
eda81d6d-40cc-414c-9948-bb349af0898c,GPS USPSA July 2022,2022-07-24,4,Bay 7,cf5e287f-1443-4479-8cd3-f86193f86489,Jun Wu,34,62.79,20,71.17,Carry Optics,B,TY104927,MINOR,,78.2915,69.0701,4.2755,21.05,12,,10,,,,,,,
eda81d6d-40cc-414c-9948-bb349af0898c,GPS USPSA July 2022,2022-07-24,4,Bay 7,cf5e287f-1443-4479-8cd3-f86193f86489,Jack Liu,35,59.99,3,64.77,PCC,B,Ty130790,MINOR,Law Enforcement,71.2524,65.9910,4.0849,18.85,12,,9,,1,,,,,
eda81d6d-40cc-414c-9948-bb349af0898c,GPS USPSA July 2022,2022-07-24,4,Bay 7,cf5e287f-1443-4479-8cd3-f86193f86489,Boyd Nabas,36,59.67,21,67.64,Carry Optics,U,0,MINOR,Junior,74.4040,65.6404,4.0632,22.15,16,,2,4,,,,,,
eda81d6d-40cc-414c-9948-bb349af0898c,GPS USPSA July 2022,2022-07-24,4,Bay 7,cf5e287f-1443-4479-8cd3-f86193f86489,Gary Wu,37,59.31,22,67.23,Carry Optics,B,L2998,MINOR,Senior,73.9517,65.2414,4.0385,21.79,12,,9,1,,,,,,
eda81d6d-40cc-414c-9948-bb349af0898c,GPS USPSA July 2022,2022-07-24,4,Bay 7,cf5e287f-1443-4479-8cd3-f86193f86489,Craig Bellamy,38,58.30,2,88.78,Single Stack,M,Ty54824,MAJOR,Law Enforcement,97.6572,64.1267,3.9695,18.39,15,,4,1,2,,,,,
eda81d6d-40cc-414c-9948-bb349af0898c,GPS USPSA July 2022,2022-07-24,4,Bay 7,cf5e287f-1443-4479-8cd3-f86193f86489,Ralph Migrino,39,58.01,23,65.75,Carry Optics,U,A132627,MINOR,Military,72.3292,63.8100,3.9499,26.33,19,,3,,,,,,,
eda81d6d-40cc-414c-9948-bb349af0898c,GPS USPSA July 2022,2022-07-24,4,Bay 7,cf5e287f-1443-4479-8cd3-f86193f86489,Drew Yang,40,56.00,2,81.25,Production,C,A138478,MINOR,,89.3772,61.6049,3.8134,24.65,14,,8,,,,,,,
eda81d6d-40cc-414c-9948-bb349af0898c,GPS USPSA July 2022,2022-07-24,4,Bay 7,cf5e287f-1443-4479-8cd3-f86193f86489,David Young,41,55.25,24,62.62,Carry Optics,C,Ty130791,MINOR,,68.8867,60.7729,3.7619,21.00,14,,6,1,1,,,,,
eda81d6d-40cc-414c-9948-bb349af0898c,GPS USPSA July 2022,2022-07-24,4,Bay 7,cf5e287f-1443-4479-8cd3-f86193f86489,Travis McKenzie,42,54.79,25,62.11,Carry Optics,B,TY139201,MINOR,,68.3208,60.2738,3.7310,23.05,15,,7,,,,1,,,
eda81d6d-40cc-414c-9948-bb349af0898c,GPS USPSA July 2022,2022-07-24,4,Bay 7,cf5e287f-1443-4479-8cd3-f86193f86489,Doug Joder,43,54.64,4,58.99,PCC,B,A115020,MINOR,,64.8927,60.1009,3.7203,22.31,15,,6,,1,,,,,
eda81d6d-40cc-414c-9948-bb349af0898c,GPS USPSA July 2022,2022-07-24,4,Bay 7,cf5e287f-1443-4479-8cd3-f86193f86489,Arnold Gee,44,54.56,11,54.56,Open,B,TY103519,MAJOR,Senior,60.0153,60.0153,3.7150,22.88,17,,1,3,1,,,,,
eda81d6d-40cc-414c-9948-bb349af0898c,GPS USPSA July 2022,2022-07-24,4,Bay 7,cf5e287f-1443-4479-8cd3-f86193f86489,Jonathan Backof,45,54.55,3,83.08,Single Stack,B,L5308,MAJOR,,91.3837,60.0072,3.7145,23.96,15,,6,,1,,,,,
eda81d6d-40cc-414c-9948-bb349af0898c,GPS USPSA July 2022,2022-07-24,4,Bay 7,cf5e287f-1443-4479-8cd3-f86193f86489,Roman Gwiscz,46,54.28,26,61.53,Carry Optics,A,l4670,MINOR,,67.6799,59.7083,3.6960,19.21,15,,5,1,1,,1,,,
eda81d6d-40cc-414c-9948-bb349af0898c,GPS USPSA July 2022,2022-07-24,4,Bay 7,cf5e287f-1443-4479-8cd3-f86193f86489,Marc Demeza,47,53.94,27,61.14,Carry Optics,U,TY142892,MINOR,,67.2533,59.3319,3.6727,21.51,18,,3,,1,,1,,,
eda81d6d-40cc-414c-9948-bb349af0898c,GPS USPSA July 2022,2022-07-24,4,Bay 7,cf5e287f-1443-4479-8cd3-f86193f86489,Todd Ellison,48,52.05,28,58.99,Carry Optics,U,A137376,MINOR,,64.8929,57.2496,3.5438,24.55,19,,,2,1,,,,,
eda81d6d-40cc-414c-9948-bb349af0898c,GPS USPSA July 2022,2022-07-24,4,Bay 7,cf5e287f-1443-4479-8cd3-f86193f86489,Antonio Tormis,49,52.02,29,58.96,Carry Optics,B,A124958,MINOR,,64.8599,57.2205,3.5420,20.61,11,,9,1,1,,,,,
eda81d6d-40cc-414c-9948-bb349af0898c,GPS USPSA July 2022,2022-07-24,4,Bay 7,cf5e287f-1443-4479-8cd3-f86193f86489,Robert Bui,50,49.16,30,55.73,Carry Optics,B,A103016,MINOR,,61.2983,54.0784,3.3475,21.21,15,,5,1,1,,1,,,
eda81d6d-40cc-414c-9948-bb349af0898c,GPS USPSA July 2022,2022-07-24,4,Bay 7,cf5e287f-1443-4479-8cd3-f86193f86489,Joseph Reyes,51,46.54,5,50.25,PCC,B,A127665,MINOR,Super Senior,55.2782,51.1963,3.1691,26.19,16,,4,1,1,,,,,
eda81d6d-40cc-414c-9948-bb349af0898c,GPS USPSA July 2022,2022-07-24,4,Bay 7,cf5e287f-1443-4479-8cd3-f86193f86489,Alex Steier,52,45.91,1,100.00,Limited,C,0,MINOR,,110.0000,50.5017,3.1261,27.19,16,,5,,1,,,,,
eda81d6d-40cc-414c-9948-bb349af0898c,GPS USPSA July 2022,2022-07-24,4,Bay 7,cf5e287f-1443-4479-8cd3-f86193f86489,Michael Pontious,53,45.81,12,45.81,Open,B,fy94575,MAJOR,Senior,50.3918,50.3918,3.1193,33.02,17,,4,1,,,,,,
eda81d6d-40cc-414c-9948-bb349af0898c,GPS USPSA July 2022,2022-07-24,4,Bay 7,cf5e287f-1443-4479-8cd3-f86193f86489,Hugh Fullerton,54,45.17,2,98.38,Limited,C,A140572,MAJOR,,108.2230,49.6859,3.0756,23.41,14,,5,1,2,,,,,
eda81d6d-40cc-414c-9948-bb349af0898c,GPS USPSA July 2022,2022-07-24,4,Bay 7,cf5e287f-1443-4479-8cd3-f86193f86489,Jonathan Gutierrez,55,44.97,13,44.97,Open,C,A108668,MINOR,,49.4662,49.4662,3.0620,25.80,14,,6,1,1,,,,,
eda81d6d-40cc-414c-9948-bb349af0898c,GPS USPSA July 2022,2022-07-24,4,Bay 7,cf5e287f-1443-4479-8cd3-f86193f86489,Marc Jardell,56,44.90,31,50.90,Carry Optics,C,A136504,MINOR,,55.9897,49.3951,3.0576,33.36,19,,2,1,,,,,,
eda81d6d-40cc-414c-9948-bb349af0898c,GPS USPSA July 2022,2022-07-24,4,Bay 7,cf5e287f-1443-4479-8cd3-f86193f86489,Matthew Michna,57,43.66,32,49.49,Carry Optics,B,A128405,MINOR,,54.4351,48.0235,2.9727,24.22,17,,2,1,2,,,,,
eda81d6d-40cc-414c-9948-bb349af0898c,GPS USPSA July 2022,2022-07-24,4,Bay 7,cf5e287f-1443-4479-8cd3-f86193f86489,George Byrd,58,42.77,33,48.48,Carry Optics,U,A84906,MINOR,Super Senior,53.3236,47.0429,2.9120,32.28,14,,8,,,,,,,
eda81d6d-40cc-414c-9948-bb349af0898c,GPS USPSA July 2022,2022-07-24,4,Bay 7,cf5e287f-1443-4479-8cd3-f86193f86489,Anthony Fong,59,41.94,34,47.54,Carry Optics,U,A142224,MINOR,,52.2963,46.1366,2.8559,22.76,13,,6,2,1,,1,,,
eda81d6d-40cc-414c-9948-bb349af0898c,GPS USPSA July 2022,2022-07-24,4,Bay 7,cf5e287f-1443-4479-8cd3-f86193f86489,Toan Tieu,60,40.44,3,88.08,Limited,U,A140227,MINOR,,96.8926,44.4840,2.7536,28.69,15,,4,2,1,,,,,
eda81d6d-40cc-414c-9948-bb349af0898c,GPS USPSA July 2022,2022-07-24,4,Bay 7,cf5e287f-1443-4479-8cd3-f86193f86489,Rodwick Gates,61,37.08,4,80.77,Limited,C,A135944,MINOR,,88.8522,40.7926,2.5251,28.91,12,,7,2,1,,,,,
eda81d6d-40cc-414c-9948-bb349af0898c,GPS USPSA July 2022,2022-07-24,4,Bay 7,cf5e287f-1443-4479-8cd3-f86193f86489,Virak Meas,62,35.57,35,40.32,Carry Optics,U,0,MINOR,,44.3509,39.1271,2.4220,27.25,13,,7,,2,,,,,
eda81d6d-40cc-414c-9948-bb349af0898c,GPS USPSA July 2022,2022-07-24,4,Bay 7,cf5e287f-1443-4479-8cd3-f86193f86489,JR Roberts,63,33.34,4,50.77,Single Stack,D,TY102739,MINOR,,55.8512,36.6747,2.2702,35.68,15,,5,1,1,,,,,
eda81d6d-40cc-414c-9948-bb349af0898c,GPS USPSA July 2022,2022-07-24,4,Bay 7,cf5e287f-1443-4479-8cd3-f86193f86489,Joseph White,64,33.01,3,47.90,Production,C,A135489,MINOR,Law Enforcement,52.6855,36.3145,2.2479,31.14,15,,5,,2,,,,,
eda81d6d-40cc-414c-9948-bb349af0898c,GPS USPSA July 2022,2022-07-24,4,Bay 7,cf5e287f-1443-4479-8cd3-f86193f86489,Karys Bellamy,65,32.81,36,37.20,Carry Optics,D,Ty130774,MINOR,Lady; Junior,40.9156,36.0964,2.2344,29.09,13,,6,2,1,,1,,,
eda81d6d-40cc-414c-9948-bb349af0898c,GPS USPSA July 2022,2022-07-24,4,Bay 7,cf5e287f-1443-4479-8cd3-f86193f86489,Miguel Gonzalez,66,31.50,4,45.71,Production,U,A142148,MINOR,,50.2785,34.6554,2.1452,27.97,13,,4,3,2,,,,,
eda81d6d-40cc-414c-9948-bb349af0898c,GPS USPSA July 2022,2022-07-24,4,Bay 7,cf5e287f-1443-4479-8cd3-f86193f86489,Amber Chike-Udenze,67,27.65,37,31.34,Carry Optics,C,A138974,MINOR,Lady,34.4699,30.4099,1.8824,34.00,13,,6,1,2,,,,,
eda81d6d-40cc-414c-9948-bb349af0898c,GPS USPSA July 2022,2022-07-24,4,Bay 7,cf5e287f-1443-4479-8cd3-f86193f86489,Pocholo Dimayuga,68,21.14,5,46.04,Limited,C,A106236,MAJOR,,50.6420,23.2501,1.4392,22.93,11,,5,4,2,,3,,,
eda81d6d-40cc-414c-9948-bb349af0898c,GPS USPSA July 2022,2022-07-24,4,Bay 7,cf5e287f-1443-4479-8cd3-f86193f86489,Wei Zhang,69,20.84,38,23.62,Carry Optics,U,FY140383,MINOR,Senior,25.9788,22.9189,1.4187,28.90,11,,4,4,3,,,,,
eda81d6d-40cc-414c-9948-bb349af0898c,GPS USPSA July 2022,2022-07-24,4,Bay 7,cf5e287f-1443-4479-8cd3-f86193f86489,Page Brunkhorst,70,12.38,5,18.85,Single Stack,C,L4903,MAJOR,Senior,20.7369,13.6169,0.8429,33.22,12,,4,1,5,,,,,
eda81d6d-40cc-414c-9948-bb349af0898c,GPS USPSA July 2022,2022-07-24,4,Bay 7,cf5e287f-1443-4479-8cd3-f86193f86489,matthew okun,71,10.72,39,12.15,Carry Optics,B,A135265,MINOR,,13.3620,11.7882,0.7297,28.78,12,,3,2,5,,,,,
eda81d6d-40cc-414c-9948-bb349af0898c,GPS USPSA July 2022,2022-07-24,4,Bay 7,cf5e287f-1443-4479-8cd3-f86193f86489,Nathan Bridges,72,0.00,40,0.00,Carry Optics,U,A139264,MINOR,,0.0000,0.0000,0.0000,30.56,8,,5,2,7,,3,,,
eda81d6d-40cc-414c-9948-bb349af0898c,GPS USPSA July 2022,2022-07-24,4,Bay 7,cf5e287f-1443-4479-8cd3-f86193f86489,Qi Zhou,73,0.00,6,0.00,Limited,U,0,MAJOR,Senior,0.0000,0.0000,0.0000,39.51,4,,6,,12,,2,,,
eda81d6d-40cc-414c-9948-bb349af0898c,GPS USPSA July 2022,2022-07-24,4,Bay 7,cf5e287f-1443-4479-8cd3-f86193f86489,bing liu,74,0.00,5,0.00,Production,X,0,MINOR,Foreign,0.0000,0.0000,0.0000,39.72,9,,4,3,6,,1,,,
eda81d6d-40cc-414c-9948-bb349af0898c,GPS USPSA July 2022,2022-07-24,4,Bay 7,cf5e287f-1443-4479-8cd3-f86193f86489,Danielle Dysart,75,0.00,41,0.00,Carry Optics,U,A137402,MINOR,Lady,0.0000,0.0000,0.0000,40.58,7,,4,2,9,,1,,,
eda81d6d-40cc-414c-9948-bb349af0898c,GPS USPSA July 2022,2022-07-24,4,Bay 7,cf5e287f-1443-4479-8cd3-f86193f86489,Amun Imhotep,76,0.00,42,0.00,Carry Optics,U,A141156,MINOR,Military,0.0000,0.0000,0.0000,49.21,10,,4,1,7,,1,2,,
eda81d6d-40cc-414c-9948-bb349af0898c,GPS USPSA July 2022,2022-07-24,5,Bay 8,8011de20-405b-46fe-8cb5-1e9c46232611,Lan Nguyen,1,100.00,1,100.00,Open,A,Ty81359,MAJOR,,80.0000,80.0000,6.5543,,10,,4,2,,,,,,"[5.52, 5.16]"
eda81d6d-40cc-414c-9948-bb349af0898c,GPS USPSA July 2022,2022-07-24,5,Bay 8,8011de20-405b-46fe-8cb5-1e9c46232611,Jack Liu,2,97.28,1,100.00,PCC,B,Ty130790,MINOR,Law Enforcement,80.0000,77.8262,6.3762,,8,,6,2,,,,,,"[4.54, 4.87]"
eda81d6d-40cc-414c-9948-bb349af0898c,GPS USPSA July 2022,2022-07-24,5,Bay 8,8011de20-405b-46fe-8cb5-1e9c46232611,Bobby Ivester,3,95.15,2,95.15,Open,M,A101336,MAJOR,,76.1161,76.1161,6.2361,,10,,3,2,1,,,,,"[4.55, 4.43]"
eda81d6d-40cc-414c-9948-bb349af0898c,GPS USPSA July 2022,2022-07-24,5,Bay 8,8011de20-405b-46fe-8cb5-1e9c46232611,Pete Kirchner,4,89.19,1,100.00,Carry Optics,A,TY105743,MINOR,,80.0000,71.3535,5.8459,,10,,5,1,,,,,,"[6.04, 5.25]"
eda81d6d-40cc-414c-9948-bb349af0898c,GPS USPSA July 2022,2022-07-24,5,Bay 8,8011de20-405b-46fe-8cb5-1e9c46232611,Gil Yolo,5,86.07,2,96.50,Carry Optics,M,L5228,MINOR,,77.2028,68.8586,5.6415,,8,,7,1,,,,,,"[5.55, 5.44]"
eda81d6d-40cc-414c-9948-bb349af0898c,GPS USPSA July 2022,2022-07-24,5,Bay 8,8011de20-405b-46fe-8cb5-1e9c46232611,Doug Joder,6,85.09,2,87.47,PCC,B,A115020,MINOR,,69.9740,68.0726,5.5771,,13,,2,1,,,,,,"[6.34, 6.57]"
eda81d6d-40cc-414c-9948-bb349af0898c,GPS USPSA July 2022,2022-07-24,5,Bay 8,8011de20-405b-46fe-8cb5-1e9c46232611,Khoa Nguyen,7,80.59,1,100.00,Production,A,A117224,MINOR,Law Enforcement,80.0000,64.4743,5.2823,,6,,9,1,,,,,,"[5.85, 5.13]"
eda81d6d-40cc-414c-9948-bb349af0898c,GPS USPSA July 2022,2022-07-24,5,Bay 8,8011de20-405b-46fe-8cb5-1e9c46232611,Paul Felker,8,79.12,3,88.71,Carry Optics,M,TY107123,MINOR,,70.9667,63.2965,5.1858,,8,,6,2,,,,,,"[5.72, 5.85]"
eda81d6d-40cc-414c-9948-bb349af0898c,GPS USPSA July 2022,2022-07-24,5,Bay 8,8011de20-405b-46fe-8cb5-1e9c46232611,Wade Pruetz,9,78.53,3,78.53,Open,A,TY79055,MAJOR,Senior,62.8241,62.8241,5.1471,,9,,2,5,,,,,,"[6.60, 5.64]"
eda81d6d-40cc-414c-9948-bb349af0898c,GPS USPSA July 2022,2022-07-24,5,Bay 8,8011de20-405b-46fe-8cb5-1e9c46232611,Ralph Migrino,10,76.40,4,85.66,Carry Optics,U,A132627,MINOR,Military,68.5308,61.1238,5.0078,,9,,6,1,,,,,,"[6.30, 6.48]"
eda81d6d-40cc-414c-9948-bb349af0898c,GPS USPSA July 2022,2022-07-24,5,Bay 8,8011de20-405b-46fe-8cb5-1e9c46232611,Joseph Reyes,11,73.58,3,75.63,PCC,B,A127665,MINOR,Super Senior,60.5075,58.8633,4.8226,,10,,4,1,1,,,,,"[5.45, 5.54]"
eda81d6d-40cc-414c-9948-bb349af0898c,GPS USPSA July 2022,2022-07-24,5,Bay 8,8011de20-405b-46fe-8cb5-1e9c46232611,Mike Whitesides,12,68.88,4,68.88,Open,A,TY81358,MAJOR,,55.1052,55.1052,4.5147,,6,,7,1,2,,,,,"[4.40, 4.46]"
eda81d6d-40cc-414c-9948-bb349af0898c,GPS USPSA July 2022,2022-07-24,5,Bay 8,8011de20-405b-46fe-8cb5-1e9c46232611,Mike Kahl,13,68.49,5,76.79,Carry Optics,B,TY70984,MINOR,Super Senior,61.4284,54.7891,4.4888,,5,,9,2,,,,,,"[6.24, 5.79]"
eda81d6d-40cc-414c-9948-bb349af0898c,GPS USPSA July 2022,2022-07-24,5,Bay 8,8011de20-405b-46fe-8cb5-1e9c46232611,Roman Gwiscz,14,67.75,6,75.96,Carry Optics,A,l4670,MINOR,,60.7674,54.1995,4.4405,,5,,7,4,,,,,,"[5.75, 5.51]"
eda81d6d-40cc-414c-9948-bb349af0898c,GPS USPSA July 2022,2022-07-24,5,Bay 8,8011de20-405b-46fe-8cb5-1e9c46232611,James Tonkinson,15,64.78,7,72.63,Carry Optics,A,A123944,MINOR,,58.1002,51.8206,4.2456,,7,,6,3,,,,,,"[6.57, 6.62]"
eda81d6d-40cc-414c-9948-bb349af0898c,GPS USPSA July 2022,2022-07-24,5,Bay 8,8011de20-405b-46fe-8cb5-1e9c46232611,Kevin Bunurai,16,61.42,8,68.86,Carry Optics,M,TY105111,MINOR,,55.0895,49.1354,4.0256,,3,,8,5,,,,,,"[5.58, 5.35]"
eda81d6d-40cc-414c-9948-bb349af0898c,GPS USPSA July 2022,2022-07-24,5,Bay 8,8011de20-405b-46fe-8cb5-1e9c46232611,Chez Chike-Udenze,17,60.51,9,67.85,Carry Optics,B,A138598,MINOR,,54.2780,48.4116,3.9663,,9,,7,,,,,,,"[9.16, 7.48]"
eda81d6d-40cc-414c-9948-bb349af0898c,GPS USPSA July 2022,2022-07-24,5,Bay 8,8011de20-405b-46fe-8cb5-1e9c46232611,Steven McNamara,18,58.86,5,58.86,Open,B,A75212,MAJOR,Senior,47.0897,47.0897,3.8580,,2,,6,8,,,,,,"[4.99, 7.97]"
eda81d6d-40cc-414c-9948-bb349af0898c,GPS USPSA July 2022,2022-07-24,5,Bay 8,8011de20-405b-46fe-8cb5-1e9c46232611,Travis McKenzie,19,58.24,10,65.30,Carry Optics,B,TY139201,MINOR,,52.2417,46.5954,3.8175,,5,,8,2,1,,,,,"[5.33, 5.41]"
eda81d6d-40cc-414c-9948-bb349af0898c,GPS USPSA July 2022,2022-07-24,5,Bay 8,8011de20-405b-46fe-8cb5-1e9c46232611,Jim Havens,20,56.33,11,63.15,Carry Optics,G,Ty114636,MINOR,Senior,50.5216,45.0611,3.6918,,4,,7,5,,,,,,"[6.58, 5.88]"
eda81d6d-40cc-414c-9948-bb349af0898c,GPS USPSA July 2022,2022-07-24,5,Bay 8,8011de20-405b-46fe-8cb5-1e9c46232611,Marc Demeza,21,55.24,12,61.94,Carry Optics,U,TY142892,MINOR,,49.5499,44.1945,3.6208,,10,,5,,1,,,,,"[7.45, 7.74]"
eda81d6d-40cc-414c-9948-bb349af0898c,GPS USPSA July 2022,2022-07-24,5,Bay 8,8011de20-405b-46fe-8cb5-1e9c46232611,Craig Bellamy,22,55.08,1,100.00,Single Stack,M,Ty54824,MAJOR,Law Enforcement,80.0000,44.0639,3.6101,,10,,5,,1,,,,,"[8.80, 7.82]"
eda81d6d-40cc-414c-9948-bb349af0898c,GPS USPSA July 2022,2022-07-24,5,Bay 8,8011de20-405b-46fe-8cb5-1e9c46232611,Doug Dillon,23,52.43,13,58.79,Carry Optics,B,A71359,MINOR,Law Enforcement,47.0306,41.9474,3.4367,,9,,5,1,1,,,,,"[7.55, 7.29]"
eda81d6d-40cc-414c-9948-bb349af0898c,GPS USPSA July 2022,2022-07-24,5,Bay 8,8011de20-405b-46fe-8cb5-1e9c46232611,Joseph White,24,51.65,2,64.08,Production,C,A135489,MINOR,Law Enforcement,51.2655,41.3164,3.3850,,12,,4,,,,,,,"[10.05, 11.22]"
eda81d6d-40cc-414c-9948-bb349af0898c,GPS USPSA July 2022,2022-07-24,5,Bay 8,8011de20-405b-46fe-8cb5-1e9c46232611,Mike Junco,25,51.06,14,57.25,Carry Optics,M,TY34819,MINOR,Law Enforcement,45.8017,40.8513,3.3469,,4,,10,1,1,,,,,"[6.03, 6.22]"
eda81d6d-40cc-414c-9948-bb349af0898c,GPS USPSA July 2022,2022-07-24,5,Bay 8,8011de20-405b-46fe-8cb5-1e9c46232611,David Young,26,47.47,15,53.22,Carry Optics,C,Ty130791,MINOR,,42.5789,37.9769,3.1114,,4,,9,3,,,,,,"[7.78, 8.29]"
eda81d6d-40cc-414c-9948-bb349af0898c,GPS USPSA July 2022,2022-07-24,5,Bay 8,8011de20-405b-46fe-8cb5-1e9c46232611,Matthew Gonzalez,27,47.39,16,53.13,Carry Optics,B,A119810,MINOR,,42.5064,37.9122,3.1061,,6,,6,3,1,,,,,"[6.72, 6.48]"
eda81d6d-40cc-414c-9948-bb349af0898c,GPS USPSA July 2022,2022-07-24,5,Bay 8,8011de20-405b-46fe-8cb5-1e9c46232611,Pat Byrne,28,46.56,2,84.54,Single Stack,B,Fy93921,MINOR,Super Senior,67.6280,37.2494,3.0518,,6,,7,2,1,,,,,"[7.36, 6.73]"
eda81d6d-40cc-414c-9948-bb349af0898c,GPS USPSA July 2022,2022-07-24,5,Bay 8,8011de20-405b-46fe-8cb5-1e9c46232611,August Balagtas,29,45.15,6,45.15,Open,M,L3674,MAJOR,,36.1192,36.1192,2.9592,,3,,6,5,2,,,,,"[5.01, 4.79]"
eda81d6d-40cc-414c-9948-bb349af0898c,GPS USPSA July 2022,2022-07-24,5,Bay 8,8011de20-405b-46fe-8cb5-1e9c46232611,Amber Chike-Udenze,30,42.05,17,47.14,Carry Optics,C,A138974,MINOR,Lady,37.7140,33.6378,2.7559,,8,,6,1,1,,,,,"[9.70, 8.08]"
eda81d6d-40cc-414c-9948-bb349af0898c,GPS USPSA July 2022,2022-07-24,5,Bay 8,8011de20-405b-46fe-8cb5-1e9c46232611,JOSE ONIA,31,37.33,18,41.86,Carry Optics,B,A134359,MINOR,Senior,33.4867,29.8674,2.4470,,7,,6,2,1,,,,,"[11.57, 6.82]"
eda81d6d-40cc-414c-9948-bb349af0898c,GPS USPSA July 2022,2022-07-24,5,Bay 8,8011de20-405b-46fe-8cb5-1e9c46232611,Chev Jacot,32,36.81,19,41.27,Carry Optics,B,TY72378,MINOR,,33.0160,29.4475,2.4126,,3,,6,6,1,,,,,"[6.19, 5.83]"
eda81d6d-40cc-414c-9948-bb349af0898c,GPS USPSA July 2022,2022-07-24,5,Bay 8,8011de20-405b-46fe-8cb5-1e9c46232611,Drew Yang,33,36.16,3,44.87,Production,C,A138478,MINOR,,35.8980,28.9312,2.3703,,4,,8,3,1,,,,,"[8.24, 7.37]"
eda81d6d-40cc-414c-9948-bb349af0898c,GPS USPSA July 2022,2022-07-24,5,Bay 8,8011de20-405b-46fe-8cb5-1e9c46232611,Gary Wu,34,34.89,20,39.12,Carry Optics,B,L2998,MINOR,Senior,31.2944,27.9121,2.2868,,4,,8,3,1,,,,,"[8.56, 7.62]"
eda81d6d-40cc-414c-9948-bb349af0898c,GPS USPSA July 2022,2022-07-24,5,Bay 8,8011de20-405b-46fe-8cb5-1e9c46232611,Michael Pontious,35,33.72,7,33.72,Open,B,fy94575,MAJOR,Senior,26.9734,26.9734,2.2099,,4,,4,6,2,,,,,"[6.77, 5.90]"
eda81d6d-40cc-414c-9948-bb349af0898c,GPS USPSA July 2022,2022-07-24,5,Bay 8,8011de20-405b-46fe-8cb5-1e9c46232611,Robbie Boettcher,36,33.52,8,33.52,Open,U,A139912,MINOR,,26.8172,26.8172,2.1971,,4,,7,4,1,,,,,"[8.02, 7.91]"
eda81d6d-40cc-414c-9948-bb349af0898c,GPS USPSA July 2022,2022-07-24,5,Bay 8,8011de20-405b-46fe-8cb5-1e9c46232611,Henry Wong,37,31.76,21,35.61,Carry Optics,U,0,MINOR,,28.4863,25.4074,2.0816,,1,,8,6,1,,,,,"[6.36, 5.65]"
eda81d6d-40cc-414c-9948-bb349af0898c,GPS USPSA July 2022,2022-07-24,5,Bay 8,8011de20-405b-46fe-8cb5-1e9c46232611,Alex Steier,38,31.62,1,100.00,Limited,C,0,MINOR,,80.0000,25.2964,2.0725,,6,,7,1,2,,,,,"[8.06, 7.38]"
eda81d6d-40cc-414c-9948-bb349af0898c,GPS USPSA July 2022,2022-07-24,5,Bay 8,8011de20-405b-46fe-8cb5-1e9c46232611,Marco Yue,39,29.96,4,30.80,PCC,A,TY109190,MINOR,,24.6379,23.9684,1.9637,,5,,5,3,3,,,,,"[3.46, 3.16]"
eda81d6d-40cc-414c-9948-bb349af0898c,GPS USPSA July 2022,2022-07-24,5,Bay 8,8011de20-405b-46fe-8cb5-1e9c46232611,Jorge Cahas,40,28.73,9,28.73,Open,B,F-44522,MAJOR,Senior,22.9846,22.9846,1.8831,,1,,10,2,3,,,,,"[5.24, 4.85]"
eda81d6d-40cc-414c-9948-bb349af0898c,GPS USPSA July 2022,2022-07-24,5,Bay 8,8011de20-405b-46fe-8cb5-1e9c46232611,Marc Jardell,41,28.27,22,31.70,Carry Optics,C,A136504,MINOR,,25.3579,22.6172,1.8530,,3,,6,6,1,,,,,"[7.87, 7.78]"
eda81d6d-40cc-414c-9948-bb349af0898c,GPS USPSA July 2022,2022-07-24,5,Bay 8,8011de20-405b-46fe-8cb5-1e9c46232611,Garrick Gonzalez,42,26.98,23,30.25,Carry Optics,B,A119804,MINOR,,24.2016,21.5858,1.7685,,4,,6,4,2,,,,,"[6.04, 6.40]"
eda81d6d-40cc-414c-9948-bb349af0898c,GPS USPSA July 2022,2022-07-24,5,Bay 8,8011de20-405b-46fe-8cb5-1e9c46232611,Pocholo Dimayuga,43,25.69,2,81.23,Limited,C,A106236,MAJOR,,64.9843,20.5483,1.6835,,3,,4,7,2,,,,,"[6.67, 8.18]"
eda81d6d-40cc-414c-9948-bb349af0898c,GPS USPSA July 2022,2022-07-24,5,Bay 8,8011de20-405b-46fe-8cb5-1e9c46232611,Miguel Gonzalez,44,25.55,4,31.70,Production,U,A142148,MINOR,,25.3632,20.4409,1.6747,,8,,4,3,1,,,,,"[13.07, 13.80]"
eda81d6d-40cc-414c-9948-bb349af0898c,GPS USPSA July 2022,2022-07-24,5,Bay 8,8011de20-405b-46fe-8cb5-1e9c46232611,George Byrd,45,21.22,24,23.79,Carry Optics,U,A84906,MINOR,Super Senior,19.0328,16.9757,1.3908,,4,,5,6,1,,,,,"[11.70, 10.59]"
eda81d6d-40cc-414c-9948-bb349af0898c,GPS USPSA July 2022,2022-07-24,5,Bay 8,8011de20-405b-46fe-8cb5-1e9c46232611,Jun Wu,46,19.12,25,21.44,Carry Optics,B,TY104927,MINOR,,17.1512,15.2974,1.2533,,7,,4,2,3,,,,,"[7.55, 7.61]"
eda81d6d-40cc-414c-9948-bb349af0898c,GPS USPSA July 2022,2022-07-24,5,Bay 8,8011de20-405b-46fe-8cb5-1e9c46232611,Jason Wells,47,15.87,26,17.79,Carry Optics,A,L5218,MINOR,,14.2349,12.6964,1.0402,,5,,6,2,3,,,,,"[8.55, 5.87]"
eda81d6d-40cc-414c-9948-bb349af0898c,GPS USPSA July 2022,2022-07-24,5,Bay 8,8011de20-405b-46fe-8cb5-1e9c46232611,Todd Ellison,48,14.35,27,16.09,Carry Optics,U,A137376,MINOR,,12.8692,11.4783,0.9404,,5,,6,2,3,,,,,"[8.03, 7.92]"
eda81d6d-40cc-414c-9948-bb349af0898c,GPS USPSA July 2022,2022-07-24,5,Bay 8,8011de20-405b-46fe-8cb5-1e9c46232611,Jimmy Durham,49,12.88,5,13.24,PCC,U,TY135611,MINOR,,10.5906,10.3029,0.8441,,3,,10,,3,,,,,"[8.52, 9.25]"
eda81d6d-40cc-414c-9948-bb349af0898c,GPS USPSA July 2022,2022-07-24,5,Bay 8,8011de20-405b-46fe-8cb5-1e9c46232611,Toan Tieu,50,11.24,3,35.55,Limited,U,A140227,MINOR,,28.4410,8.9932,0.7368,,4,,6,3,3,,,,,"[7.58, 7.35]"
eda81d6d-40cc-414c-9948-bb349af0898c,GPS USPSA July 2022,2022-07-24,5,Bay 8,8011de20-405b-46fe-8cb5-1e9c46232611,Antonio Tormis,51,9.99,28,11.20,Carry Optics,B,A124958,MINOR,,8.9635,7.9948,0.6550,,3,,7,3,3,,,,,"[7.48, 6.26]"
eda81d6d-40cc-414c-9948-bb349af0898c,GPS USPSA July 2022,2022-07-24,5,Bay 8,8011de20-405b-46fe-8cb5-1e9c46232611,Matt Lem,52,9.21,29,10.33,Carry Optics,M,FY34763,MINOR,Law Enforcement,8.2601,7.3674,0.6036,,3,,7,3,3,,,,,"[7.24, 7.67]"
eda81d6d-40cc-414c-9948-bb349af0898c,GPS USPSA July 2022,2022-07-24,5,Bay 8,8011de20-405b-46fe-8cb5-1e9c46232611,Robert Bui,53,9.11,30,10.21,Carry Optics,B,A103016,MINOR,,8.1671,7.2844,0.5968,,3,,6,4,3,,,,,"[6.17, 5.56]"
eda81d6d-40cc-414c-9948-bb349af0898c,GPS USPSA July 2022,2022-07-24,5,Bay 8,8011de20-405b-46fe-8cb5-1e9c46232611,Dale Fike,54,0.00,10,0.00,Open,C,TY113427,MINOR,Senior,0.0000,0.0000,0.0000,,2,,5,4,5,,,,,"[6.34, 5.80]"
eda81d6d-40cc-414c-9948-bb349af0898c,GPS USPSA July 2022,2022-07-24,5,Bay 8,8011de20-405b-46fe-8cb5-1e9c46232611,Brian Kolenda,55,0.00,11,0.00,Open,C,A119637,MINOR,,0.0000,0.0000,0.0000,,,,5,4,7,,,,,"[6.35, 5.79]"
eda81d6d-40cc-414c-9948-bb349af0898c,GPS USPSA July 2022,2022-07-24,5,Bay 8,8011de20-405b-46fe-8cb5-1e9c46232611,Matthew Michna,56,0.00,31,0.00,Carry Optics,B,A128405,MINOR,,0.0000,0.0000,0.0000,,2,,3,7,4,,,,,"[6.04, 6.48]"
eda81d6d-40cc-414c-9948-bb349af0898c,GPS USPSA July 2022,2022-07-24,5,Bay 8,8011de20-405b-46fe-8cb5-1e9c46232611,John Brunkhorst,57,0.00,32,0.00,Carry Optics,B,A116144,MINOR,,0.0000,0.0000,0.0000,,3,,2,4,7,,,,,"[6.59, 6.07]"
eda81d6d-40cc-414c-9948-bb349af0898c,GPS USPSA July 2022,2022-07-24,5,Bay 8,8011de20-405b-46fe-8cb5-1e9c46232611,Wei Zhang,58,0.00,33,0.00,Carry Optics,U,FY140383,MINOR,Senior,0.0000,0.0000,0.0000,,,,,3,13,,,,,"[6.47, 6.40]"
eda81d6d-40cc-414c-9948-bb349af0898c,GPS USPSA July 2022,2022-07-24,5,Bay 8,8011de20-405b-46fe-8cb5-1e9c46232611,Arnold Gee,59,0.00,12,0.00,Open,B,TY103519,MAJOR,Senior,0.0000,0.0000,0.0000,,2,,3,3,8,,,,,"[6.88, 6.24]"
eda81d6d-40cc-414c-9948-bb349af0898c,GPS USPSA July 2022,2022-07-24,5,Bay 8,8011de20-405b-46fe-8cb5-1e9c46232611,Anthony Fong,60,0.00,34,0.00,Carry Optics,U,A142224,MINOR,,0.0000,0.0000,0.0000,,1,,1,12,2,,,,,"[6.59, 6.85]"
eda81d6d-40cc-414c-9948-bb349af0898c,GPS USPSA July 2022,2022-07-24,5,Bay 8,8011de20-405b-46fe-8cb5-1e9c46232611,matthew okun,61,0.00,35,0.00,Carry Optics,B,A135265,MINOR,,0.0000,0.0000,0.0000,,2,,6,4,4,,,,,"[6.27, 8.93]"
eda81d6d-40cc-414c-9948-bb349af0898c,GPS USPSA July 2022,2022-07-24,5,Bay 8,8011de20-405b-46fe-8cb5-1e9c46232611,Danielle Dysart,62,0.00,36,0.00,Carry Optics,U,A137402,MINOR,Lady,0.0000,0.0000,0.0000,,1,,4,5,6,,,,,"[8.67, 6.62]"
eda81d6d-40cc-414c-9948-bb349af0898c,GPS USPSA July 2022,2022-07-24,5,Bay 8,8011de20-405b-46fe-8cb5-1e9c46232611,Virak Meas,63,0.00,37,0.00,Carry Optics,U,0,MINOR,,0.0000,0.0000,0.0000,,2,,3,5,6,,,,,"[8.71, 7.16]"
eda81d6d-40cc-414c-9948-bb349af0898c,GPS USPSA July 2022,2022-07-24,5,Bay 8,8011de20-405b-46fe-8cb5-1e9c46232611,Jonathan Gutierrez,64,0.00,13,0.00,Open,C,A108668,MINOR,,0.0000,0.0000,0.0000,,4,,3,1,8,,,,,"[8.25, 7.97]"
eda81d6d-40cc-414c-9948-bb349af0898c,GPS USPSA July 2022,2022-07-24,5,Bay 8,8011de20-405b-46fe-8cb5-1e9c46232611,Boyd Nabas,65,0.00,38,0.00,Carry Optics,U,0,MINOR,Junior,0.0000,0.0000,0.0000,,6,,3,1,6,,,,,"[8.35, 8.21]"
eda81d6d-40cc-414c-9948-bb349af0898c,GPS USPSA July 2022,2022-07-24,5,Bay 8,8011de20-405b-46fe-8cb5-1e9c46232611,Karys Bellamy,66,0.00,39,0.00,Carry Optics,D,Ty130774,MINOR,Lady; Junior,0.0000,0.0000,0.0000,,,,4,6,6,,,1,,"[9.34, 8.05]"
eda81d6d-40cc-414c-9948-bb349af0898c,GPS USPSA July 2022,2022-07-24,5,Bay 8,8011de20-405b-46fe-8cb5-1e9c46232611,bing liu,67,0.00,5,0.00,Production,X,0,MINOR,Foreign,0.0000,0.0000,0.0000,,,,4,4,8,,,,,"[8.89, 8.72]"
eda81d6d-40cc-414c-9948-bb349af0898c,GPS USPSA July 2022,2022-07-24,5,Bay 8,8011de20-405b-46fe-8cb5-1e9c46232611,Justin Cordova,68,0.00,40,0.00,Carry Optics,U,A137724,MINOR,,0.0000,0.0000,0.0000,,2,,4,5,5,,,,,"[7.72, 9.96]"
eda81d6d-40cc-414c-9948-bb349af0898c,GPS USPSA July 2022,2022-07-24,5,Bay 8,8011de20-405b-46fe-8cb5-1e9c46232611,Qi Zhou,69,0.00,4,0.00,Limited,U,0,MAJOR,Senior,0.0000,0.0000,0.0000,,2,,2,1,11,,,,,"[8.83, 8.89]"
eda81d6d-40cc-414c-9948-bb349af0898c,GPS USPSA July 2022,2022-07-24,5,Bay 8,8011de20-405b-46fe-8cb5-1e9c46232611,Jonathan Backof,70,0.00,3,0.00,Single Stack,B,L5308,MAJOR,,0.0000,0.0000,0.0000,,4,,3,4,5,,,,,"[8.81, 9.46]"
eda81d6d-40cc-414c-9948-bb349af0898c,GPS USPSA July 2022,2022-07-24,5,Bay 8,8011de20-405b-46fe-8cb5-1e9c46232611,Hugh Fullerton,71,0.00,5,0.00,Limited,C,A140572,MAJOR,,0.0000,0.0000,0.0000,,,,2,10,4,,,,,"[11.38, 8.14]"
eda81d6d-40cc-414c-9948-bb349af0898c,GPS USPSA July 2022,2022-07-24,5,Bay 8,8011de20-405b-46fe-8cb5-1e9c46232611,Nathan Bridges,72,0.00,41,0.00,Carry Optics,U,A139264,MINOR,,0.0000,0.0000,0.0000,,2,,1,7,6,,,,,"[10.02, 10.39]"
eda81d6d-40cc-414c-9948-bb349af0898c,GPS USPSA July 2022,2022-07-24,5,Bay 8,8011de20-405b-46fe-8cb5-1e9c46232611,Page Brunkhorst,73,0.00,4,0.00,Single Stack,C,L4903,MAJOR,Senior,0.0000,0.0000,0.0000,,7,,1,3,5,,,,,"[10.68, 9.77]"
eda81d6d-40cc-414c-9948-bb349af0898c,GPS USPSA July 2022,2022-07-24,5,Bay 8,8011de20-405b-46fe-8cb5-1e9c46232611,Rodwick Gates,74,0.00,6,0.00,Limited,C,A135944,MINOR,,0.0000,0.0000,0.0000,,,,1,4,11,,,,,"[11.47, 10.01]"
eda81d6d-40cc-414c-9948-bb349af0898c,GPS USPSA July 2022,2022-07-24,5,Bay 8,8011de20-405b-46fe-8cb5-1e9c46232611,Amun Imhotep,75,0.00,42,0.00,Carry Optics,U,A141156,MINOR,Military,0.0000,0.0000,0.0000,,4,,6,2,4,,,,,"[11.76, 13.12]"
eda81d6d-40cc-414c-9948-bb349af0898c,GPS USPSA July 2022,2022-07-24,5,Bay 8,8011de20-405b-46fe-8cb5-1e9c46232611,JR Roberts,76,0.00,5,0.00,Single Stack,D,TY102739,MINOR,,0.0000,0.0000,0.0000,,4,,3,3,6,,,,,"[13.91, 11.38]"
eda81d6d-40cc-414c-9948-bb349af0898c,GPS USPSA July 2022,2022-07-24,6,Bay 9,c38ae1be-a2b1-4912-8843-150f140af49c,Mike Whitesides,1,100.00,1,100.00,Open,A,TY81358,MAJOR,,110.0000,110.0000,6.2001,16.29,13,,9,,,,,,,
eda81d6d-40cc-414c-9948-bb349af0898c,GPS USPSA July 2022,2022-07-24,6,Bay 9,c38ae1be-a2b1-4912-8843-150f140af49c,Mike Junco,2,98.99,1,100.00,Carry Optics,M,TY34819,MINOR,Law Enforcement,110.0000,108.8841,6.1372,16.62,18,,4,,,,,,,
eda81d6d-40cc-414c-9948-bb349af0898c,GPS USPSA July 2022,2022-07-24,6,Bay 9,c38ae1be-a2b1-4912-8843-150f140af49c,August Balagtas,3,95.36,2,95.36,Open,M,L3674,MAJOR,,104.8975,104.8975,5.9125,17.59,16,,6,,,,,,,
eda81d6d-40cc-414c-9948-bb349af0898c,GPS USPSA July 2022,2022-07-24,6,Bay 9,c38ae1be-a2b1-4912-8843-150f140af49c,Bobby Ivester,4,90.47,3,90.47,Open,M,A101336,MAJOR,,99.5147,99.5147,5.6091,17.65,15,,5,2,,,,,,
eda81d6d-40cc-414c-9948-bb349af0898c,GPS USPSA July 2022,2022-07-24,6,Bay 9,c38ae1be-a2b1-4912-8843-150f140af49c,Kevin Bunurai,5,85.14,2,86.01,Carry Optics,M,TY105111,MINOR,,94.6145,93.6546,5.2788,16.86,18,,3,,1,,,,,
eda81d6d-40cc-414c-9948-bb349af0898c,GPS USPSA July 2022,2022-07-24,6,Bay 9,c38ae1be-a2b1-4912-8843-150f140af49c,Lan Nguyen,6,83.22,4,83.22,Open,A,Ty81359,MAJOR,,91.5434,91.5434,5.1598,17.83,18,,3,,1,,,,,
eda81d6d-40cc-414c-9948-bb349af0898c,GPS USPSA July 2022,2022-07-24,6,Bay 9,c38ae1be-a2b1-4912-8843-150f140af49c,JOSE ONIA,7,82.75,3,83.60,Carry Optics,B,A134359,MINOR,Senior,91.9618,91.0289,5.1308,19.49,18,,3,1,,,,,,
eda81d6d-40cc-414c-9948-bb349af0898c,GPS USPSA July 2022,2022-07-24,6,Bay 9,c38ae1be-a2b1-4912-8843-150f140af49c,Wade Pruetz,8,82.33,5,82.33,Open,A,TY79055,MAJOR,Senior,90.5622,90.5622,5.1045,20.57,17,,5,,,,,,,
eda81d6d-40cc-414c-9948-bb349af0898c,GPS USPSA July 2022,2022-07-24,6,Bay 9,c38ae1be-a2b1-4912-8843-150f140af49c,Matt Lem,9,79.92,4,80.74,Carry Optics,M,FY34763,MINOR,Law Enforcement,88.8180,87.9170,4.9554,20.18,17,,5,,,,,,,
eda81d6d-40cc-414c-9948-bb349af0898c,GPS USPSA July 2022,2022-07-24,6,Bay 9,c38ae1be-a2b1-4912-8843-150f140af49c,Matthew Michna,10,78.71,5,79.52,Carry Optics,B,A128405,MINOR,,87.4738,86.5863,4.8804,20.90,18,,4,,,,,,,
eda81d6d-40cc-414c-9948-bb349af0898c,GPS USPSA July 2022,2022-07-24,6,Bay 9,c38ae1be-a2b1-4912-8843-150f140af49c,Travis McKenzie,11,78.25,6,79.05,Carry Optics,B,TY139201,MINOR,,86.9558,86.0736,4.8515,20.20,17,,4,1,,,,,,
eda81d6d-40cc-414c-9948-bb349af0898c,GPS USPSA July 2022,2022-07-24,6,Bay 9,c38ae1be-a2b1-4912-8843-150f140af49c,Paul Felker,12,77.85,7,78.65,Carry Optics,M,TY107123,MINOR,,86.5167,85.6389,4.8270,21.96,20,,2,,,,,,,
eda81d6d-40cc-414c-9948-bb349af0898c,GPS USPSA July 2022,2022-07-24,6,Bay 9,c38ae1be-a2b1-4912-8843-150f140af49c,Pete Kirchner,13,77.49,8,78.28,Carry Optics,A,TY105743,MINOR,,86.1134,85.2398,4.8045,21.23,19,,2,1,,,,,,
eda81d6d-40cc-414c-9948-bb349af0898c,GPS USPSA July 2022,2022-07-24,6,Bay 9,c38ae1be-a2b1-4912-8843-150f140af49c,Jason Wells,14,77.44,9,78.24,Carry Optics,A,L5218,MINOR,,86.0614,85.1883,4.8016,20.41,17,,4,1,,,,,,
eda81d6d-40cc-414c-9948-bb349af0898c,GPS USPSA July 2022,2022-07-24,6,Bay 9,c38ae1be-a2b1-4912-8843-150f140af49c,Jim Havens,15,77.27,10,78.06,Carry Optics,G,Ty114636,MINOR,Senior,85.8714,85.0002,4.7910,19.62,16,,4,2,,,,,,
eda81d6d-40cc-414c-9948-bb349af0898c,GPS USPSA July 2022,2022-07-24,6,Bay 9,c38ae1be-a2b1-4912-8843-150f140af49c,Ralph Migrino,16,77.21,11,78.00,Carry Optics,U,A132627,MINOR,Military,85.7997,84.9293,4.7870,20.89,18,,3,1,,,,,,
eda81d6d-40cc-414c-9948-bb349af0898c,GPS USPSA July 2022,2022-07-24,6,Bay 9,c38ae1be-a2b1-4912-8843-150f140af49c,Robert Bui,17,76.80,12,77.59,Carry Optics,B,A103016,MINOR,,85.3498,84.4840,4.7619,21.42,18,,4,,,,,,,
eda81d6d-40cc-414c-9948-bb349af0898c,GPS USPSA July 2022,2022-07-24,6,Bay 9,c38ae1be-a2b1-4912-8843-150f140af49c,Marco Yue,18,76.02,1,100.00,PCC,A,TY109190,MINOR,,110.0000,83.6199,4.7132,17.61,17,,2,2,1,,,,,
eda81d6d-40cc-414c-9948-bb349af0898c,GPS USPSA July 2022,2022-07-24,6,Bay 9,c38ae1be-a2b1-4912-8843-150f140af49c,Steven McNamara,19,75.87,6,75.87,Open,B,A75212,MAJOR,Senior,83.4620,83.4620,4.7043,22.32,17,,5,,,,,,,
eda81d6d-40cc-414c-9948-bb349af0898c,GPS USPSA July 2022,2022-07-24,6,Bay 9,c38ae1be-a2b1-4912-8843-150f140af49c,Michael Pontious,20,73.47,7,73.47,Open,B,fy94575,MAJOR,Senior,80.8203,80.8203,4.5554,22.83,16,,6,,,,,,,
eda81d6d-40cc-414c-9948-bb349af0898c,GPS USPSA July 2022,2022-07-24,6,Bay 9,c38ae1be-a2b1-4912-8843-150f140af49c,Roman Gwiscz,21,72.66,13,73.40,Carry Optics,A,l4670,MINOR,,80.7435,79.9244,4.5049,23.53,20,,2,,,,,,,
eda81d6d-40cc-414c-9948-bb349af0898c,GPS USPSA July 2022,2022-07-24,6,Bay 9,c38ae1be-a2b1-4912-8843-150f140af49c,Arnold Gee,22,70.77,8,70.77,Open,B,TY103519,MAJOR,Senior,77.8486,77.8486,4.3879,22.79,12,,10,,,,,,,
eda81d6d-40cc-414c-9948-bb349af0898c,GPS USPSA July 2022,2022-07-24,6,Bay 9,c38ae1be-a2b1-4912-8843-150f140af49c,Craig Bellamy,23,70.01,1,100.00,Single Stack,M,Ty54824,MAJOR,Law Enforcement,110.0000,77.0147,4.3409,25.11,21,,1,,,,,,,
eda81d6d-40cc-414c-9948-bb349af0898c,GPS USPSA July 2022,2022-07-24,6,Bay 9,c38ae1be-a2b1-4912-8843-150f140af49c,Gil Yolo,24,67.52,14,68.21,Carry Optics,M,L5228,MINOR,,75.0331,74.2719,4.1863,21.26,19,,1,1,1,,,,,
eda81d6d-40cc-414c-9948-bb349af0898c,GPS USPSA July 2022,2022-07-24,6,Bay 9,c38ae1be-a2b1-4912-8843-150f140af49c,Brian Kolenda,25,64.49,9,64.49,Open,C,A119637,MINOR,,70.9364,70.9364,3.9983,23.51,15,,6,1,,,,,,
eda81d6d-40cc-414c-9948-bb349af0898c,GPS USPSA July 2022,2022-07-24,6,Bay 9,c38ae1be-a2b1-4912-8843-150f140af49c,Jorge Cahas,26,63.18,10,63.18,Open,B,F-44522,MAJOR,Senior,69.4958,69.4958,3.9171,21.70,15,,4,2,1,,,,,
eda81d6d-40cc-414c-9948-bb349af0898c,GPS USPSA July 2022,2022-07-24,6,Bay 9,c38ae1be-a2b1-4912-8843-150f140af49c,Pat Byrne,27,62.24,2,88.89,Single Stack,B,Fy93921,MINOR,Super Senior,97.7834,68.4615,3.8588,24.36,14,,8,,,,,,,
eda81d6d-40cc-414c-9948-bb349af0898c,GPS USPSA July 2022,2022-07-24,6,Bay 9,c38ae1be-a2b1-4912-8843-150f140af49c,Antonio Tormis,28,61.86,15,62.49,Carry Optics,B,A124958,MINOR,,68.7401,68.0428,3.8352,21.12,15,,5,1,1,,,,,
eda81d6d-40cc-414c-9948-bb349af0898c,GPS USPSA July 2022,2022-07-24,6,Bay 9,c38ae1be-a2b1-4912-8843-150f140af49c,Jun Wu,29,60.35,16,60.97,Carry Optics,B,TY104927,MINOR,,67.0697,66.3893,3.7420,25.12,15,,6,1,,,,,,
eda81d6d-40cc-414c-9948-bb349af0898c,GPS USPSA July 2022,2022-07-24,6,Bay 9,c38ae1be-a2b1-4912-8843-150f140af49c,Doug Dillon,30,59.89,17,60.51,Carry Optics,B,A71359,MINOR,Law Enforcement,66.5589,65.8836,3.7135,26.39,16,,6,,,,,,,
eda81d6d-40cc-414c-9948-bb349af0898c,GPS USPSA July 2022,2022-07-24,6,Bay 9,c38ae1be-a2b1-4912-8843-150f140af49c,Dale Fike,31,59.19,11,59.19,Open,C,TY113427,MINOR,Senior,65.1065,65.1065,3.6697,20.71,18,,2,,2,,,,,
eda81d6d-40cc-414c-9948-bb349af0898c,GPS USPSA July 2022,2022-07-24,6,Bay 9,c38ae1be-a2b1-4912-8843-150f140af49c,Boyd Nabas,32,59.03,18,59.64,Carry Optics,U,0,MINOR,Junior,65.5999,64.9344,3.6600,24.59,15,,4,3,,,,,,
eda81d6d-40cc-414c-9948-bb349af0898c,GPS USPSA July 2022,2022-07-24,6,Bay 9,c38ae1be-a2b1-4912-8843-150f140af49c,Khoa Nguyen,33,58.31,1,100.00,Production,A,A117224,MINOR,Law Enforcement,110.0000,64.1432,3.6154,26.00,16,,4,2,,,,,,
eda81d6d-40cc-414c-9948-bb349af0898c,GPS USPSA July 2022,2022-07-24,6,Bay 9,c38ae1be-a2b1-4912-8843-150f140af49c,Marc Demeza,34,56.03,19,56.60,Carry Optics,U,TY142892,MINOR,,62.2644,61.6327,3.4739,28.21,17,,4,1,,,,,,
eda81d6d-40cc-414c-9948-bb349af0898c,GPS USPSA July 2022,2022-07-24,6,Bay 9,c38ae1be-a2b1-4912-8843-150f140af49c,David Young,35,55.78,20,56.35,Carry Optics,C,Ty130791,MINOR,,61.9866,61.3577,3.4584,27.18,15,,6,1,,,,,,
eda81d6d-40cc-414c-9948-bb349af0898c,GPS USPSA July 2022,2022-07-24,6,Bay 9,c38ae1be-a2b1-4912-8843-150f140af49c,Jonathan Gutierrez,36,55.43,12,55.43,Open,C,A108668,MINOR,,60.9727,60.9727,3.4367,26.77,14,,7,1,,,,,,
eda81d6d-40cc-414c-9948-bb349af0898c,GPS USPSA July 2022,2022-07-24,6,Bay 9,c38ae1be-a2b1-4912-8843-150f140af49c,Chez Chike-Udenze,37,55.17,21,55.74,Carry Optics,B,A138598,MINOR,,61.3091,60.6871,3.4206,28.65,16,,6,,,,,,,
eda81d6d-40cc-414c-9948-bb349af0898c,GPS USPSA July 2022,2022-07-24,6,Bay 9,c38ae1be-a2b1-4912-8843-150f140af49c,Garrick Gonzalez,38,53.08,22,53.62,Carry Optics,B,A119804,MINOR,,58.9844,58.3860,3.2909,22.79,12,,8,1,1,,,,,
eda81d6d-40cc-414c-9948-bb349af0898c,GPS USPSA July 2022,2022-07-24,6,Bay 9,c38ae1be-a2b1-4912-8843-150f140af49c,Henry Wong,39,52.97,23,53.52,Carry Optics,U,0,MINOR,,58.8679,58.2707,3.2844,28.62,15,,6,1,,,,,,
eda81d6d-40cc-414c-9948-bb349af0898c,GPS USPSA July 2022,2022-07-24,6,Bay 9,c38ae1be-a2b1-4912-8843-150f140af49c,Chev Jacot,40,52.26,24,52.79,Carry Optics,B,TY72378,MINOR,,58.0739,57.4847,3.2401,20.37,13,,7,,2,,,,,
eda81d6d-40cc-414c-9948-bb349af0898c,GPS USPSA July 2022,2022-07-24,6,Bay 9,c38ae1be-a2b1-4912-8843-150f140af49c,Pocholo Dimayuga,41,52.22,1,100.00,Limited,C,A106236,MAJOR,,110.0000,57.4368,3.2374,27.80,16,,5,,1,,,,,
eda81d6d-40cc-414c-9948-bb349af0898c,GPS USPSA July 2022,2022-07-24,6,Bay 9,c38ae1be-a2b1-4912-8843-150f140af49c,Doug Joder,42,52.10,2,68.54,PCC,B,A115020,MINOR,,75.3934,57.3126,3.2304,27.86,12,,10,,,,,,,
eda81d6d-40cc-414c-9948-bb349af0898c,GPS USPSA July 2022,2022-07-24,6,Bay 9,c38ae1be-a2b1-4912-8843-150f140af49c,Anthony Fong,43,51.52,25,52.05,Carry Optics,U,A142224,MINOR,,57.2512,56.6704,3.1942,23.48,16,,5,,1,,,1,,
eda81d6d-40cc-414c-9948-bb349af0898c,GPS USPSA July 2022,2022-07-24,6,Bay 9,c38ae1be-a2b1-4912-8843-150f140af49c,Gary Wu,44,51.41,26,51.94,Carry Optics,B,L2998,MINOR,Senior,57.1329,56.5533,3.1876,21.96,16,,3,1,2,,,,,
eda81d6d-40cc-414c-9948-bb349af0898c,GPS USPSA July 2022,2022-07-24,6,Bay 9,c38ae1be-a2b1-4912-8843-150f140af49c,Joseph White,45,50.90,2,87.29,Production,C,A135489,MINOR,Law Enforcement,96.0165,55.9891,3.1558,30.42,15,,7,,,,,,,
eda81d6d-40cc-414c-9948-bb349af0898c,GPS USPSA July 2022,2022-07-24,6,Bay 9,c38ae1be-a2b1-4912-8843-150f140af49c,James Tonkinson,46,49.33,27,49.84,Carry Optics,A,A123944,MINOR,,54.8208,54.2646,3.0586,23.54,16,,4,,2,,,,,
eda81d6d-40cc-414c-9948-bb349af0898c,GPS USPSA July 2022,2022-07-24,6,Bay 9,c38ae1be-a2b1-4912-8843-150f140af49c,Matthew Gonzalez,47,48.97,28,49.47,Carry Optics,B,A119810,MINOR,,54.4175,53.8654,3.0361,26.02,16,,2,3,1,,,,,
eda81d6d-40cc-414c-9948-bb349af0898c,GPS USPSA July 2022,2022-07-24,6,Bay 9,c38ae1be-a2b1-4912-8843-150f140af49c,Jack Liu,48,48.77,3,64.15,PCC,B,Ty130790,MINOR,Law Enforcement,70.5669,53.6437,3.0236,22.49,15,,4,1,2,,,,,
eda81d6d-40cc-414c-9948-bb349af0898c,GPS USPSA July 2022,2022-07-24,6,Bay 9,c38ae1be-a2b1-4912-8843-150f140af49c,Drew Yang,49,48.73,3,83.57,Production,C,A138478,MINOR,,91.9304,53.6064,3.0215,27.47,16,,4,1,1,,,,,
eda81d6d-40cc-414c-9948-bb349af0898c,GPS USPSA July 2022,2022-07-24,6,Bay 9,c38ae1be-a2b1-4912-8843-150f140af49c,Robbie Boettcher,50,48.40,13,48.40,Open,U,A139912,MINOR,,53.2391,53.2391,3.0008,24.66,17,,3,,2,,,,,
eda81d6d-40cc-414c-9948-bb349af0898c,GPS USPSA July 2022,2022-07-24,6,Bay 9,c38ae1be-a2b1-4912-8843-150f140af49c,Hugh Fullerton,51,48.06,2,92.04,Limited,C,A140572,MAJOR,,101.2473,52.8666,2.9798,34.23,16,,5,1,,,,,,
eda81d6d-40cc-414c-9948-bb349af0898c,GPS USPSA July 2022,2022-07-24,6,Bay 9,c38ae1be-a2b1-4912-8843-150f140af49c,Jonathan Backof,52,47.26,3,67.51,Single Stack,B,L5308,MAJOR,,74.2574,51.9901,2.9304,35.49,16,,6,,,,,,,
eda81d6d-40cc-414c-9948-bb349af0898c,GPS USPSA July 2022,2022-07-24,6,Bay 9,c38ae1be-a2b1-4912-8843-150f140af49c,matthew okun,53,47.12,29,47.60,Carry Optics,B,A135265,MINOR,,52.3599,51.8287,2.9213,23.62,11,,7,3,1,,,,,
eda81d6d-40cc-414c-9948-bb349af0898c,GPS USPSA July 2022,2022-07-24,6,Bay 9,c38ae1be-a2b1-4912-8843-150f140af49c,Mike Kahl,54,44.94,30,45.40,Carry Optics,B,TY70984,MINOR,Super Senior,49.9438,49.4371,2.7865,31.94,18,,3,,1,,,,,
eda81d6d-40cc-414c-9948-bb349af0898c,GPS USPSA July 2022,2022-07-24,6,Bay 9,c38ae1be-a2b1-4912-8843-150f140af49c,Amber Chike-Udenze,55,43.85,31,44.30,Carry Optics,C,A138974,MINOR,Lady,48.7250,48.2307,2.7185,29.06,14,,6,1,1,,,,,
eda81d6d-40cc-414c-9948-bb349af0898c,GPS USPSA July 2022,2022-07-24,6,Bay 9,c38ae1be-a2b1-4912-8843-150f140af49c,Joseph Reyes,56,43.76,4,57.57,PCC,B,A127665,MINOR,Super Senior,63.3226,48.1366,2.7132,33.54,19,,2,,1,,,,,
eda81d6d-40cc-414c-9948-bb349af0898c,GPS USPSA July 2022,2022-07-24,6,Bay 9,c38ae1be-a2b1-4912-8843-150f140af49c,Jimmy Durham,57,43.47,5,57.19,PCC,U,TY135611,MINOR,,62.9048,47.8191,2.6953,36.36,16,,6,,,,,,,
eda81d6d-40cc-414c-9948-bb349af0898c,GPS USPSA July 2022,2022-07-24,6,Bay 9,c38ae1be-a2b1-4912-8843-150f140af49c,Todd Ellison,58,39.61,32,40.02,Carry Optics,U,A137376,MINOR,,44.0201,43.5735,2.4560,37.46,14,,7,1,,,,,,
eda81d6d-40cc-414c-9948-bb349af0898c,GPS USPSA July 2022,2022-07-24,6,Bay 9,c38ae1be-a2b1-4912-8843-150f140af49c,Page Brunkhorst,59,37.72,4,53.88,Single Stack,C,L4903,MAJOR,Senior,59.2686,41.4959,2.3389,36.77,14,,6,1,1,,,,,
eda81d6d-40cc-414c-9948-bb349af0898c,GPS USPSA July 2022,2022-07-24,6,Bay 9,c38ae1be-a2b1-4912-8843-150f140af49c,JR Roberts,60,35.33,5,50.46,Single Stack,D,TY102739,MINOR,,55.5106,38.8649,2.1906,37.89,16,,4,1,1,,,,,
eda81d6d-40cc-414c-9948-bb349af0898c,GPS USPSA July 2022,2022-07-24,6,Bay 9,c38ae1be-a2b1-4912-8843-150f140af49c,John Brunkhorst,61,32.90,33,33.24,Carry Optics,B,A116144,MINOR,,36.5657,36.1947,2.0401,28.43,14,,6,,2,,,1,,
eda81d6d-40cc-414c-9948-bb349af0898c,GPS USPSA July 2022,2022-07-24,6,Bay 9,c38ae1be-a2b1-4912-8843-150f140af49c,George Byrd,62,29.82,34,30.12,Carry Optics,U,A84906,MINOR,Super Senior,33.1334,32.7972,1.8486,40.03,17,,3,,2,,,,,
eda81d6d-40cc-414c-9948-bb349af0898c,GPS USPSA July 2022,2022-07-24,6,Bay 9,c38ae1be-a2b1-4912-8843-150f140af49c,Alex Steier,63,28.97,3,55.48,Limited,C,0,MINOR,,61.0311,31.8676,1.7962,37.30,11,,6,4,1,,,,,
eda81d6d-40cc-414c-9948-bb349af0898c,GPS USPSA July 2022,2022-07-24,6,Bay 9,c38ae1be-a2b1-4912-8843-150f140af49c,Toan Tieu,64,28.00,4,53.62,Limited,U,A140227,MINOR,,58.9788,30.7960,1.7358,39.75,14,,6,1,1,,,1,,
eda81d6d-40cc-414c-9948-bb349af0898c,GPS USPSA July 2022,2022-07-24,6,Bay 9,c38ae1be-a2b1-4912-8843-150f140af49c,Marc Jardell,65,27.83,35,28.12,Carry Optics,C,A136504,MINOR,,30.9306,30.6168,1.7257,42.88,17,,3,,2,,,,,
eda81d6d-40cc-414c-9948-bb349af0898c,GPS USPSA July 2022,2022-07-24,6,Bay 9,c38ae1be-a2b1-4912-8843-150f140af49c,Karys Bellamy,66,26.50,36,26.77,Carry Optics,D,Ty130774,MINOR,Lady; Junior,29.4447,29.1460,1.6428,37.74,13,,5,2,2,,,,,
eda81d6d-40cc-414c-9948-bb349af0898c,GPS USPSA July 2022,2022-07-24,6,Bay 9,c38ae1be-a2b1-4912-8843-150f140af49c,Miguel Gonzalez,67,25.49,4,43.72,Production,U,A142148,MINOR,,48.0904,28.0425,1.5806,31.00,12,,6,1,3,,,,,
eda81d6d-40cc-414c-9948-bb349af0898c,GPS USPSA July 2022,2022-07-24,6,Bay 9,c38ae1be-a2b1-4912-8843-150f140af49c,Wei Zhang,68,23.26,37,23.50,Carry Optics,U,FY140383,MINOR,Senior,25.8510,25.5888,1.4423,31.20,12,,4,3,3,,,,,
eda81d6d-40cc-414c-9948-bb349af0898c,GPS USPSA July 2022,2022-07-24,6,Bay 9,c38ae1be-a2b1-4912-8843-150f140af49c,Rodwick Gates,69,22.80,5,43.66,Limited,C,A135944,MINOR,,48.0277,25.0778,1.4135,38.91,15,,3,1,3,,,,,
eda81d6d-40cc-414c-9948-bb349af0898c,GPS USPSA July 2022,2022-07-24,6,Bay 9,c38ae1be-a2b1-4912-8843-150f140af49c,Nathan Bridges,70,20.17,38,20.37,Carry Optics,U,A139264,MINOR,,22.4115,22.1842,1.2504,32.79,12,,7,,3,,,1,,
eda81d6d-40cc-414c-9948-bb349af0898c,GPS USPSA July 2022,2022-07-24,6,Bay 9,c38ae1be-a2b1-4912-8843-150f140af49c,Justin Cordova,71,15.98,39,16.14,Carry Optics,U,A137724,MINOR,,17.7532,17.5731,0.9905,24.23,11,,6,1,4,,,1,,
eda81d6d-40cc-414c-9948-bb349af0898c,GPS USPSA July 2022,2022-07-24,6,Bay 9,c38ae1be-a2b1-4912-8843-150f140af49c,Virak Meas,72,14.97,40,15.12,Carry Optics,U,0,MINOR,,16.6366,16.4678,0.9282,32.32,11,,4,3,4,,,,,
eda81d6d-40cc-414c-9948-bb349af0898c,GPS USPSA July 2022,2022-07-24,6,Bay 9,c38ae1be-a2b1-4912-8843-150f140af49c,Amun Imhotep,73,7.59,41,7.67,Carry Optics,U,A141156,MINOR,Military,8.4366,8.3510,0.4707,63.73,11,,4,3,4,,,,,
eda81d6d-40cc-414c-9948-bb349af0898c,GPS USPSA July 2022,2022-07-24,6,Bay 9,c38ae1be-a2b1-4912-8843-150f140af49c,bing liu,74,2.89,5,4.96,Production,X,0,MINOR,Foreign,5.4553,3.1811,0.1793,44.61,10,,6,,6,,,,,
eda81d6d-40cc-414c-9948-bb349af0898c,GPS USPSA July 2022,2022-07-24,6,Bay 9,c38ae1be-a2b1-4912-8843-150f140af49c,Danielle Dysart,75,2.65,42,2.68,Carry Optics,U,A137402,MINOR,Lady,2.9484,2.9185,0.1645,36.48,10,,5,1,6,,,,,
eda81d6d-40cc-414c-9948-bb349af0898c,GPS USPSA July 2022,2022-07-24,6,Bay 9,c38ae1be-a2b1-4912-8843-150f140af49c,Qi Zhou,76,0.00,6,0.00,Limited,U,0,MAJOR,Senior,0.0000,0.0000,0.0000,33.34,9,,1,3,9,,,1,,
eda81d6d-40cc-414c-9948-bb349af0898c,GPS USPSA July 2022,2022-07-24,7,Bay 10,0799aec4-ca41-41b2-b23c-223ee873bcb6,Mike Whitesides,1,100.00,1,100.00,Open,A,TY81358,MAJOR,,120.0000,120.0000,9.4737,12.35,21,,3,,,,,,,
eda81d6d-40cc-414c-9948-bb349af0898c,GPS USPSA July 2022,2022-07-24,7,Bay 10,0799aec4-ca41-41b2-b23c-223ee873bcb6,Ralph Migrino,2,97.16,1,100.00,Carry Optics,U,A132627,MINOR,Military,120.0000,116.5889,9.2044,12.82,23,,1,,,,,,,
eda81d6d-40cc-414c-9948-bb349af0898c,GPS USPSA July 2022,2022-07-24,7,Bay 10,0799aec4-ca41-41b2-b23c-223ee873bcb6,August Balagtas,3,96.25,2,96.25,Open,M,L3674,MAJOR,,115.5008,115.5008,9.1185,13.16,24,,,,,,,,,
eda81d6d-40cc-414c-9948-bb349af0898c,GPS USPSA July 2022,2022-07-24,7,Bay 10,0799aec4-ca41-41b2-b23c-223ee873bcb6,Lan Nguyen,4,92.02,3,92.02,Open,A,Ty81359,MAJOR,,110.4265,110.4265,8.7179,11.70,20,,3,,1,,,,,
eda81d6d-40cc-414c-9948-bb349af0898c,GPS USPSA July 2022,2022-07-24,7,Bay 10,0799aec4-ca41-41b2-b23c-223ee873bcb6,Wade Pruetz,5,89.45,4,89.45,Open,A,TY79055,MAJOR,Senior,107.3448,107.3448,8.4746,13.57,19,,5,,,,,,,
eda81d6d-40cc-414c-9948-bb349af0898c,GPS USPSA July 2022,2022-07-24,7,Bay 10,0799aec4-ca41-41b2-b23c-223ee873bcb6,Jim Havens,6,88.75,2,91.35,Carry Optics,G,Ty114636,MINOR,Senior,109.6197,106.5037,8.4082,12.25,22,,1,,1,,,,,
eda81d6d-40cc-414c-9948-bb349af0898c,GPS USPSA July 2022,2022-07-24,7,Bay 10,0799aec4-ca41-41b2-b23c-223ee873bcb6,Marco Yue,7,86.94,1,100.00,PCC,A,TY109190,MINOR,,120.0000,104.3263,8.2363,12.02,20,,3,,1,,,,,
eda81d6d-40cc-414c-9948-bb349af0898c,GPS USPSA July 2022,2022-07-24,7,Bay 10,0799aec4-ca41-41b2-b23c-223ee873bcb6,Matt Lem,8,84.10,3,86.56,Carry Optics,M,FY34763,MINOR,Law Enforcement,103.8755,100.9228,7.9676,14.81,23,,1,,,,,,,
eda81d6d-40cc-414c-9948-bb349af0898c,GPS USPSA July 2022,2022-07-24,7,Bay 10,0799aec4-ca41-41b2-b23c-223ee873bcb6,JOSE ONIA,9,84.08,4,86.54,Carry Optics,B,A134359,MINOR,Senior,103.8442,100.8924,7.9652,13.81,19,,5,,,,,,,
eda81d6d-40cc-414c-9948-bb349af0898c,GPS USPSA July 2022,2022-07-24,7,Bay 10,0799aec4-ca41-41b2-b23c-223ee873bcb6,Joseph Reyes,10,81.58,2,93.83,PCC,B,A127665,MINOR,Super Senior,112.5972,97.8904,7.7282,15.01,22,,2,,,,,,,
eda81d6d-40cc-414c-9948-bb349af0898c,GPS USPSA July 2022,2022-07-24,7,Bay 10,0799aec4-ca41-41b2-b23c-223ee873bcb6,Henry Wong,11,81.47,5,83.85,Carry Optics,U,0,MINOR,,100.6201,97.7599,7.7179,15.03,22,,2,,,,,,,
eda81d6d-40cc-414c-9948-bb349af0898c,GPS USPSA July 2022,2022-07-24,7,Bay 10,0799aec4-ca41-41b2-b23c-223ee873bcb6,Roman Gwiscz,12,81.46,6,83.84,Carry Optics,A,l4670,MINOR,,100.6084,97.7485,7.7170,15.55,24,,,,,,,,,
eda81d6d-40cc-414c-9948-bb349af0898c,GPS USPSA July 2022,2022-07-24,7,Bay 10,0799aec4-ca41-41b2-b23c-223ee873bcb6,Bobby Ivester,13,80.48,5,80.48,Open,M,A101336,MAJOR,,96.5705,96.5705,7.6240,13.51,7,,17,,,,,,,
eda81d6d-40cc-414c-9948-bb349af0898c,GPS USPSA July 2022,2022-07-24,7,Bay 10,0799aec4-ca41-41b2-b23c-223ee873bcb6,Mike Junco,14,79.56,7,81.88,Carry Optics,M,TY34819,MINOR,Law Enforcement,98.2617,95.4685,7.5370,14.86,20,,4,,,,,,,
eda81d6d-40cc-414c-9948-bb349af0898c,GPS USPSA July 2022,2022-07-24,7,Bay 10,0799aec4-ca41-41b2-b23c-223ee873bcb6,Arnold Gee,15,79.51,6,79.51,Open,B,TY103519,MAJOR,Senior,95.4115,95.4115,7.5325,15.40,20,,4,,,,,,,
eda81d6d-40cc-414c-9948-bb349af0898c,GPS USPSA July 2022,2022-07-24,7,Bay 10,0799aec4-ca41-41b2-b23c-223ee873bcb6,Matthew Michna,16,79.36,8,81.69,Carry Optics,B,A128405,MINOR,,98.0244,95.2380,7.5188,14.63,19,,5,,,,,,,
eda81d6d-40cc-414c-9948-bb349af0898c,GPS USPSA July 2022,2022-07-24,7,Bay 10,0799aec4-ca41-41b2-b23c-223ee873bcb6,John Brunkhorst,17,79.21,9,81.52,Carry Optics,B,A116144,MINOR,,97.8276,95.0467,7.5037,13.46,21,,2,,1,,,,,
eda81d6d-40cc-414c-9948-bb349af0898c,GPS USPSA July 2022,2022-07-24,7,Bay 10,0799aec4-ca41-41b2-b23c-223ee873bcb6,Jason Wells,18,78.54,10,80.84,Carry Optics,A,L5218,MINOR,,97.0062,94.2487,7.4407,15.59,22,,2,,,,,,,
eda81d6d-40cc-414c-9948-bb349af0898c,GPS USPSA July 2022,2022-07-24,7,Bay 10,0799aec4-ca41-41b2-b23c-223ee873bcb6,Travis McKenzie,19,77.45,11,79.72,Carry Optics,B,TY139201,MINOR,,95.6595,92.9402,7.3374,13.22,19,,4,,1,,,,,
eda81d6d-40cc-414c-9948-bb349af0898c,GPS USPSA July 2022,2022-07-24,7,Bay 10,0799aec4-ca41-41b2-b23c-223ee873bcb6,Anthony Fong,20,76.89,12,79.14,Carry Optics,U,A142224,MINOR,,94.9633,92.2638,7.2840,16.20,23,,1,,,,,,,
eda81d6d-40cc-414c-9948-bb349af0898c,GPS USPSA July 2022,2022-07-24,7,Bay 10,0799aec4-ca41-41b2-b23c-223ee873bcb6,Doug Joder,21,75.94,3,87.35,PCC,B,A115020,MINOR,,104.8170,91.1264,7.1942,16.68,24,,,,,,,,,
eda81d6d-40cc-414c-9948-bb349af0898c,GPS USPSA July 2022,2022-07-24,7,Bay 10,0799aec4-ca41-41b2-b23c-223ee873bcb6,Chez Chike-Udenze,22,75.76,13,77.98,Carry Optics,B,A138598,MINOR,,93.5761,90.9161,7.1776,16.44,23,,1,,,,,,,
eda81d6d-40cc-414c-9948-bb349af0898c,GPS USPSA July 2022,2022-07-24,7,Bay 10,0799aec4-ca41-41b2-b23c-223ee873bcb6,Gary Wu,23,75.58,14,77.79,Carry Optics,B,L2998,MINOR,Senior,93.3532,90.6995,7.1605,16.20,22,,2,,,,,,,
eda81d6d-40cc-414c-9948-bb349af0898c,GPS USPSA July 2022,2022-07-24,7,Bay 10,0799aec4-ca41-41b2-b23c-223ee873bcb6,Paul Felker,24,75.26,15,77.46,Carry Optics,M,TY107123,MINOR,,92.9490,90.3068,7.1295,15.99,21,,3,,,,,,,
eda81d6d-40cc-414c-9948-bb349af0898c,GPS USPSA July 2022,2022-07-24,7,Bay 10,0799aec4-ca41-41b2-b23c-223ee873bcb6,Steven McNamara,25,74.89,7,74.89,Open,B,A75212,MAJOR,Senior,89.8724,89.8724,7.0952,16.49,21,,3,,,,,,,
eda81d6d-40cc-414c-9948-bb349af0898c,GPS USPSA July 2022,2022-07-24,7,Bay 10,0799aec4-ca41-41b2-b23c-223ee873bcb6,Matthew Gonzalez,26,74.30,16,76.47,Carry Optics,B,A119810,MINOR,,91.7665,89.1580,7.0388,16.48,22,,2,,,,,,,
eda81d6d-40cc-414c-9948-bb349af0898c,GPS USPSA July 2022,2022-07-24,7,Bay 10,0799aec4-ca41-41b2-b23c-223ee873bcb6,Kevin Bunurai,27,72.22,17,74.33,Carry Optics,M,TY105111,MINOR,,89.1969,86.6614,6.8417,12.57,20,,2,,2,,,,,
eda81d6d-40cc-414c-9948-bb349af0898c,GPS USPSA July 2022,2022-07-24,7,Bay 10,0799aec4-ca41-41b2-b23c-223ee873bcb6,Jorge Cahas,28,70.74,8,70.74,Open,B,F-44522,MAJOR,Senior,84.8830,84.8830,6.7013,17.31,20,,4,,,,,,,
eda81d6d-40cc-414c-9948-bb349af0898c,GPS USPSA July 2022,2022-07-24,7,Bay 10,0799aec4-ca41-41b2-b23c-223ee873bcb6,Brian Kolenda,29,70.62,9,70.62,Open,C,A119637,MINOR,,84.7411,84.7411,6.6901,17.04,21,,3,,,,,,,
eda81d6d-40cc-414c-9948-bb349af0898c,GPS USPSA July 2022,2022-07-24,7,Bay 10,0799aec4-ca41-41b2-b23c-223ee873bcb6,Robert Bui,30,70.51,18,72.58,Carry Optics,B,A103016,MINOR,,87.0914,84.6157,6.6802,14.82,20,,3,,1,,,,,
eda81d6d-40cc-414c-9948-bb349af0898c,GPS USPSA July 2022,2022-07-24,7,Bay 10,0799aec4-ca41-41b2-b23c-223ee873bcb6,Mike Kahl,31,70.37,19,72.43,Carry Optics,B,TY70984,MINOR,Super Senior,86.9154,84.4447,6.6667,15.75,23,,,,1,,,,,
eda81d6d-40cc-414c-9948-bb349af0898c,GPS USPSA July 2022,2022-07-24,7,Bay 10,0799aec4-ca41-41b2-b23c-223ee873bcb6,Jack Liu,32,70.05,4,80.57,PCC,B,Ty130790,MINOR,Law Enforcement,96.6871,84.0584,6.6362,17.48,22,,2,,,,,,,
eda81d6d-40cc-414c-9948-bb349af0898c,GPS USPSA July 2022,2022-07-24,7,Bay 10,0799aec4-ca41-41b2-b23c-223ee873bcb6,Pete Kirchner,33,70.05,20,72.10,Carry Optics,A,TY105743,MINOR,,86.5151,84.0559,6.6360,15.22,21,,2,,1,,,,,
eda81d6d-40cc-414c-9948-bb349af0898c,GPS USPSA July 2022,2022-07-24,7,Bay 10,0799aec4-ca41-41b2-b23c-223ee873bcb6,Jimmy Durham,34,69.26,5,79.66,PCC,U,TY135611,MINOR,,95.5929,83.1071,6.5611,17.68,22,,2,,,,,,,
eda81d6d-40cc-414c-9948-bb349af0898c,GPS USPSA July 2022,2022-07-24,7,Bay 10,0799aec4-ca41-41b2-b23c-223ee873bcb6,Garrick Gonzalez,35,68.79,21,70.80,Carry Optics,B,A119804,MINOR,,84.9624,82.5473,6.5169,17.80,22,,2,,,,,,,
eda81d6d-40cc-414c-9948-bb349af0898c,GPS USPSA July 2022,2022-07-24,7,Bay 10,0799aec4-ca41-41b2-b23c-223ee873bcb6,Craig Bellamy,36,66.86,1,100.00,Single Stack,M,Ty54824,MAJOR,Law Enforcement,120.0000,80.2267,6.3337,16.42,22,,1,,1,,,,,
eda81d6d-40cc-414c-9948-bb349af0898c,GPS USPSA July 2022,2022-07-24,7,Bay 10,0799aec4-ca41-41b2-b23c-223ee873bcb6,Doug Dillon,37,64.78,22,66.67,Carry Optics,B,A71359,MINOR,Law Enforcement,80.0096,77.7352,6.1370,18.25,20,,4,,,,,,,
eda81d6d-40cc-414c-9948-bb349af0898c,GPS USPSA July 2022,2022-07-24,7,Bay 10,0799aec4-ca41-41b2-b23c-223ee873bcb6,Marc Demeza,38,64.30,23,66.18,Carry Optics,U,TY142892,MINOR,,79.4190,77.1614,6.0917,16.58,21,,2,,1,,,,,
eda81d6d-40cc-414c-9948-bb349af0898c,GPS USPSA July 2022,2022-07-24,7,Bay 10,0799aec4-ca41-41b2-b23c-223ee873bcb6,Khoa Nguyen,39,63.20,1,100.00,Production,A,A117224,MINOR,Law Enforcement,120.0000,75.8352,5.9870,16.87,21,,2,,1,,,,,
eda81d6d-40cc-414c-9948-bb349af0898c,GPS USPSA July 2022,2022-07-24,7,Bay 10,0799aec4-ca41-41b2-b23c-223ee873bcb6,Robbie Boettcher,40,62.79,10,62.79,Open,U,A139912,MINOR,,75.3501,75.3501,5.9487,19.50,22,,2,,,,,,,
eda81d6d-40cc-414c-9948-bb349af0898c,GPS USPSA July 2022,2022-07-24,7,Bay 10,0799aec4-ca41-41b2-b23c-223ee873bcb6,Chev Jacot,41,62.06,24,63.87,Carry Optics,B,TY72378,MINOR,,76.6460,74.4672,5.8790,17.52,22,,1,,1,,,,,
eda81d6d-40cc-414c-9948-bb349af0898c,GPS USPSA July 2022,2022-07-24,7,Bay 10,0799aec4-ca41-41b2-b23c-223ee873bcb6,matthew okun,42,59.92,25,61.67,Carry Optics,B,A135265,MINOR,,74.0072,71.9035,5.6766,19.73,20,,4,,,,,,,
eda81d6d-40cc-414c-9948-bb349af0898c,GPS USPSA July 2022,2022-07-24,7,Bay 10,0799aec4-ca41-41b2-b23c-223ee873bcb6,Joseph White,43,59.82,2,94.65,Production,C,A135489,MINOR,Law Enforcement,113.5821,71.7793,5.6668,20.47,22,,2,,,,,,,
eda81d6d-40cc-414c-9948-bb349af0898c,GPS USPSA July 2022,2022-07-24,7,Bay 10,0799aec4-ca41-41b2-b23c-223ee873bcb6,Jun Wu,44,58.58,26,60.29,Carry Optics,B,TY104927,MINOR,,72.3502,70.2935,5.5495,18.20,21,,2,,1,,,,,
eda81d6d-40cc-414c-9948-bb349af0898c,GPS USPSA July 2022,2022-07-24,7,Bay 10,0799aec4-ca41-41b2-b23c-223ee873bcb6,Dale Fike,45,58.37,11,58.37,Open,C,TY113427,MINOR,Senior,70.0491,70.0491,5.5302,17.54,19,,4,,1,,,,,
eda81d6d-40cc-414c-9948-bb349af0898c,GPS USPSA July 2022,2022-07-24,7,Bay 10,0799aec4-ca41-41b2-b23c-223ee873bcb6,Pat Byrne,46,57.29,2,85.69,Single Stack,B,Fy93921,MINOR,Super Senior,102.8309,68.7482,5.4275,19.53,17,,7,,,,,,,
eda81d6d-40cc-414c-9948-bb349af0898c,GPS USPSA July 2022,2022-07-24,7,Bay 10,0799aec4-ca41-41b2-b23c-223ee873bcb6,Jonathan Backof,47,55.36,3,82.80,Single Stack,B,L5308,MAJOR,,99.3599,66.4277,5.2443,22.31,21,,3,,,,,,,
eda81d6d-40cc-414c-9948-bb349af0898c,GPS USPSA July 2022,2022-07-24,7,Bay 10,0799aec4-ca41-41b2-b23c-223ee873bcb6,Gil Yolo,48,55.14,27,56.75,Carry Optics,M,L5228,MINOR,,68.0987,66.1630,5.2234,17.23,22,,,,2,,,,,
eda81d6d-40cc-414c-9948-bb349af0898c,GPS USPSA July 2022,2022-07-24,7,Bay 10,0799aec4-ca41-41b2-b23c-223ee873bcb6,Amber Chike-Udenze,49,53.81,28,55.39,Carry Optics,C,A138974,MINOR,Lady,66.4626,64.5733,5.0979,21.97,20,,4,,,,,,,
eda81d6d-40cc-414c-9948-bb349af0898c,GPS USPSA July 2022,2022-07-24,7,Bay 10,0799aec4-ca41-41b2-b23c-223ee873bcb6,Jonathan Gutierrez,50,53.14,12,53.14,Open,C,A108668,MINOR,,63.7677,63.7677,5.0343,21.85,19,,5,,,,,,,
eda81d6d-40cc-414c-9948-bb349af0898c,GPS USPSA July 2022,2022-07-24,7,Bay 10,0799aec4-ca41-41b2-b23c-223ee873bcb6,David Young,51,52.59,29,54.13,Carry Optics,C,Ty130791,MINOR,,64.9502,63.1040,4.9819,22.08,19,,5,,,,,,,
eda81d6d-40cc-414c-9948-bb349af0898c,GPS USPSA July 2022,2022-07-24,7,Bay 10,0799aec4-ca41-41b2-b23c-223ee873bcb6,Virak Meas,52,49.63,30,51.08,Carry Optics,U,0,MINOR,,61.2985,59.5560,4.7018,17.44,18,,4,,2,,,,,
eda81d6d-40cc-414c-9948-bb349af0898c,GPS USPSA July 2022,2022-07-24,7,Bay 10,0799aec4-ca41-41b2-b23c-223ee873bcb6,Pocholo Dimayuga,53,48.94,1,100.00,Limited,C,A106236,MAJOR,,120.0000,58.7340,4.6369,17.90,17,,4,1,2,,,,,
eda81d6d-40cc-414c-9948-bb349af0898c,GPS USPSA July 2022,2022-07-24,7,Bay 10,0799aec4-ca41-41b2-b23c-223ee873bcb6,Michael Pontious,54,47.28,13,47.28,Open,B,fy94575,MAJOR,Senior,56.7364,56.7364,4.4792,19.20,18,,4,,2,,,,,
eda81d6d-40cc-414c-9948-bb349af0898c,GPS USPSA July 2022,2022-07-24,7,Bay 10,0799aec4-ca41-41b2-b23c-223ee873bcb6,Justin Cordova,55,46.99,31,48.36,Carry Optics,U,A137724,MINOR,,58.0366,56.3868,4.4516,15.50,18,,3,,3,,,,,
eda81d6d-40cc-414c-9948-bb349af0898c,GPS USPSA July 2022,2022-07-24,7,Bay 10,0799aec4-ca41-41b2-b23c-223ee873bcb6,Drew Yang,56,45.80,3,72.48,Production,C,A138478,MINOR,,86.9744,54.9644,4.3393,20.28,21,,1,,2,,,,,
eda81d6d-40cc-414c-9948-bb349af0898c,GPS USPSA July 2022,2022-07-24,7,Bay 10,0799aec4-ca41-41b2-b23c-223ee873bcb6,James Tonkinson,57,44.85,32,46.16,Carry Optics,A,A123944,MINOR,,55.3965,53.8218,4.2491,17.18,20,,1,,3,,,,,
eda81d6d-40cc-414c-9948-bb349af0898c,GPS USPSA July 2022,2022-07-24,7,Bay 10,0799aec4-ca41-41b2-b23c-223ee873bcb6,Toan Tieu,58,44.11,2,90.13,Limited,U,A140227,MINOR,,108.1576,52.9377,4.1793,26.32,19,,5,,,,,,,
eda81d6d-40cc-414c-9948-bb349af0898c,GPS USPSA July 2022,2022-07-24,7,Bay 10,0799aec4-ca41-41b2-b23c-223ee873bcb6,Page Brunkhorst,59,43.00,4,64.31,Single Stack,C,L4903,MAJOR,Senior,77.1776,51.5976,4.0735,25.04,20,,3,,1,,,,,
eda81d6d-40cc-414c-9948-bb349af0898c,GPS USPSA July 2022,2022-07-24,7,Bay 10,0799aec4-ca41-41b2-b23c-223ee873bcb6,Miguel Gonzalez,60,42.18,4,66.75,Production,U,A142148,MINOR,,80.0995,50.6197,3.9963,21.77,14,,9,,1,,,,,
eda81d6d-40cc-414c-9948-bb349af0898c,GPS USPSA July 2022,2022-07-24,7,Bay 10,0799aec4-ca41-41b2-b23c-223ee873bcb6,Marc Jardell,61,41.98,33,43.21,Carry Optics,C,A136504,MINOR,,51.8556,50.3816,3.9775,30.17,24,,,,,,,,,
eda81d6d-40cc-414c-9948-bb349af0898c,GPS USPSA July 2022,2022-07-24,7,Bay 10,0799aec4-ca41-41b2-b23c-223ee873bcb6,Antonio Tormis,62,41.05,34,42.25,Carry Optics,B,A124958,MINOR,,50.7031,49.2619,3.8891,22.37,14,,9,,1,,,,,
eda81d6d-40cc-414c-9948-bb349af0898c,GPS USPSA July 2022,2022-07-24,7,Bay 10,0799aec4-ca41-41b2-b23c-223ee873bcb6,George Byrd,63,39.84,35,41.01,Carry Optics,U,A84906,MINOR,Super Senior,49.2065,47.8077,3.7743,25.70,19,,4,,1,,,,,
eda81d6d-40cc-414c-9948-bb349af0898c,GPS USPSA July 2022,2022-07-24,7,Bay 10,0799aec4-ca41-41b2-b23c-223ee873bcb6,Rodwick Gates,64,37.79,3,77.21,Limited,C,A135944,MINOR,,92.6559,45.3504,3.5803,24.02,20,,2,,2,,,,,
eda81d6d-40cc-414c-9948-bb349af0898c,GPS USPSA July 2022,2022-07-24,7,Bay 10,0799aec4-ca41-41b2-b23c-223ee873bcb6,JR Roberts,65,36.90,5,55.20,Single Stack,D,TY102739,MINOR,,66.2400,44.2851,3.4962,26.60,18,,4,1,1,,,,,
eda81d6d-40cc-414c-9948-bb349af0898c,GPS USPSA July 2022,2022-07-24,7,Bay 10,0799aec4-ca41-41b2-b23c-223ee873bcb6,Boyd Nabas,66,36.53,36,37.60,Carry Optics,U,0,MINOR,Junior,45.1141,43.8317,3.4604,19.94,18,,3,,3,,,,,
eda81d6d-40cc-414c-9948-bb349af0898c,GPS USPSA July 2022,2022-07-24,7,Bay 10,0799aec4-ca41-41b2-b23c-223ee873bcb6,Danielle Dysart,67,33.92,37,34.91,Carry Optics,U,A137402,MINOR,Lady,41.8939,40.7030,3.2134,20.85,17,,4,,3,,,,,
eda81d6d-40cc-414c-9948-bb349af0898c,GPS USPSA July 2022,2022-07-24,7,Bay 10,0799aec4-ca41-41b2-b23c-223ee873bcb6,Hugh Fullerton,68,33.00,4,67.43,Limited,C,A140572,MAJOR,,80.9170,39.6048,3.1267,18.23,17,,3,,4,,,,,
eda81d6d-40cc-414c-9948-bb349af0898c,GPS USPSA July 2022,2022-07-24,7,Bay 10,0799aec4-ca41-41b2-b23c-223ee873bcb6,bing liu,69,32.40,5,51.27,Production,X,0,MINOR,Foreign,61.5293,38.8841,3.0698,26.06,18,,3,1,2,,,,,
eda81d6d-40cc-414c-9948-bb349af0898c,GPS USPSA July 2022,2022-07-24,7,Bay 10,0799aec4-ca41-41b2-b23c-223ee873bcb6,Todd Ellison,70,31.45,38,32.37,Carry Optics,U,A137376,MINOR,,38.8484,37.7441,2.9798,28.19,19,,3,,2,,,,,
eda81d6d-40cc-414c-9948-bb349af0898c,GPS USPSA July 2022,2022-07-24,7,Bay 10,0799aec4-ca41-41b2-b23c-223ee873bcb6,Alex Steier,71,28.67,5,58.57,Limited,C,0,MINOR,,70.2832,34.4001,2.7158,20.62,18,,2,,4,,,,,
eda81d6d-40cc-414c-9948-bb349af0898c,GPS USPSA July 2022,2022-07-24,7,Bay 10,0799aec4-ca41-41b2-b23c-223ee873bcb6,Nathan Bridges,72,27.92,39,28.74,Carry Optics,U,A139264,MINOR,,34.4848,33.5045,2.6451,25.33,17,,4,,3,,,,,
eda81d6d-40cc-414c-9948-bb349af0898c,GPS USPSA July 2022,2022-07-24,7,Bay 10,0799aec4-ca41-41b2-b23c-223ee873bcb6,Karys Bellamy,73,18.55,40,19.09,Carry Optics,D,Ty130774,MINOR,Lady; Junior,22.9077,22.2566,1.7571,31.87,18,,2,,4,,,,,
eda81d6d-40cc-414c-9948-bb349af0898c,GPS USPSA July 2022,2022-07-24,7,Bay 10,0799aec4-ca41-41b2-b23c-223ee873bcb6,Amun Imhotep,74,15.87,41,16.33,Carry Optics,U,A141156,MINOR,Military,19.5989,19.0418,1.5033,47.23,19,,2,,3,,,,,
eda81d6d-40cc-414c-9948-bb349af0898c,GPS USPSA July 2022,2022-07-24,7,Bay 10,0799aec4-ca41-41b2-b23c-223ee873bcb6,Wei Zhang,75,0.00,42,0.00,Carry Optics,U,FY140383,MINOR,Senior,0.0000,0.0000,0.0000,17.18,12,,2,1,9,,,,,
eda81d6d-40cc-414c-9948-bb349af0898c,GPS USPSA July 2022,2022-07-24,7,Bay 10,0799aec4-ca41-41b2-b23c-223ee873bcb6,Qi Zhou,76,0.00,6,0.00,Limited,U,0,MAJOR,Senior,0.0000,0.0000,0.0000,23.19,8,,5,2,9,,,,,
