match_id,match_name,match_date,stage_number,stage_name,stage_uuid,shooter_name,shooter_rank_combined,shooter_percent_combined,shooter_rank_division,shooter_percent_division,division,class,member_number,power_factor,categories,stage_points,stage_points_combined,hit_factor,time,A,B,C,D,M,NPM,NS,Proc,Apen
fbadc5a1-4590-4352-89a0-bc6545d9ab2d,GPS USPSA October 2022,2022-10-23,1,[22-01] Righty Tighty (Bay 4),f3ad0646-250d-4182-92d6-0edf4253d2cf,Bobby Ivester,1,100.00,1,100.00,Open,M,A101336,MAJOR,,90.0000,90.0000,8.2552,10.66,16,,2,,,,,,
fbadc5a1-4590-4352-89a0-bc6545d9ab2d,GPS USPSA October 2022,2022-10-23,1,[22-01] Righty Tighty (Bay 4),f3ad0646-250d-4182-92d6-0edf4253d2cf,Gil Yolo,2,93.43,2,93.43,Open,M,L5228,MAJOR,,84.0866,84.0866,7.7128,11.28,15,,3,,,,,,
fbadc5a1-4590-4352-89a0-bc6545d9ab2d,GPS USPSA October 2022,2022-10-23,1,[22-01] Righty Tighty (Bay 4),f3ad0646-250d-4182-92d6-0edf4253d2cf,Wade Pruetz,3,88.69,3,88.69,Open,A,TY79055,MAJOR,Senior,79.8195,79.8195,7.3214,11.20,14,,2,2,,,,,
fbadc5a1-4590-4352-89a0-bc6545d9ab2d,GPS USPSA October 2022,2022-10-23,1,[22-01] Righty Tighty (Bay 4),f3ad0646-250d-4182-92d6-0edf4253d2cf,Brandon Foss,4,88.61,1,100.00,Carry Optics,M,L5142,MINOR,Military,90.0000,79.7497,7.3150,12.03,17,,1,,,,,,
fbadc5a1-4590-4352-89a0-bc6545d9ab2d,GPS USPSA October 2022,2022-10-23,1,[22-01] Righty Tighty (Bay 4),f3ad0646-250d-4182-92d6-0edf4253d2cf,Edwin Garcia,5,86.20,2,97.28,Carry Optics,U,Ty38396,MINOR,,87.5528,77.5813,7.1161,10.68,12,,5,1,,,,,
fbadc5a1-4590-4352-89a0-bc6545d9ab2d,GPS USPSA October 2022,2022-10-23,1,[22-01] Righty Tighty (Bay 4),f3ad0646-250d-4182-92d6-0edf4253d2cf,Paul Felker,6,82.20,3,92.76,Carry Optics,M,TY107123,MINOR,,83.4841,73.9759,6.7854,11.79,13,,5,,,,,,
fbadc5a1-4590-4352-89a0-bc6545d9ab2d,GPS USPSA October 2022,2022-10-23,1,[22-01] Righty Tighty (Bay 4),f3ad0646-250d-4182-92d6-0edf4253d2cf,Jim Havens,7,81.84,4,92.35,Carry Optics,G,TY114636,MINOR,Senior,83.1187,73.6521,6.7557,12.73,16,,2,,,,,,
fbadc5a1-4590-4352-89a0-bc6545d9ab2d,GPS USPSA October 2022,2022-10-23,1,[22-01] Righty Tighty (Bay 4),f3ad0646-250d-4182-92d6-0edf4253d2cf,Zachary Ralston,8,81.71,5,92.21,Carry Optics,B,A123081,MINOR,,82.9882,73.5366,6.7451,12.75,16,,2,,,,,,
fbadc5a1-4590-4352-89a0-bc6545d9ab2d,GPS USPSA October 2022,2022-10-23,1,[22-01] Righty Tighty (Bay 4),f3ad0646-250d-4182-92d6-0edf4253d2cf,Andrew Whitley,9,80.50,4,80.50,Open,A,TY106649,MAJOR,,72.4485,72.4485,6.6453,12.49,11,,7,,,,,,
fbadc5a1-4590-4352-89a0-bc6545d9ab2d,GPS USPSA October 2022,2022-10-23,1,[22-01] Righty Tighty (Bay 4),f3ad0646-250d-4182-92d6-0edf4253d2cf,Khoa Nguyen,10,80.24,6,90.55,Carry Optics,M,A117224,MINOR,Law Enforcement,81.4934,72.2119,6.6236,12.38,14,,4,,,,,,
fbadc5a1-4590-4352-89a0-bc6545d9ab2d,GPS USPSA October 2022,2022-10-23,1,[22-01] Righty Tighty (Bay 4),f3ad0646-250d-4182-92d6-0edf4253d2cf,Devin Yolo,11,80.17,7,90.47,Carry Optics,B,A112987,MINOR,,81.4269,72.1531,6.6182,12.39,14,,4,,,,,,
fbadc5a1-4590-4352-89a0-bc6545d9ab2d,GPS USPSA October 2022,2022-10-23,1,[22-01] Righty Tighty (Bay 4),f3ad0646-250d-4182-92d6-0edf4253d2cf,Roman Gwiscz,12,80.16,8,90.46,Carry Optics,A,l4670,MINOR,,81.4122,72.1400,6.6170,12.09,13,,5,,,,,,
fbadc5a1-4590-4352-89a0-bc6545d9ab2d,GPS USPSA October 2022,2022-10-23,1,[22-01] Righty Tighty (Bay 4),f3ad0646-250d-4182-92d6-0edf4253d2cf,Henry Wong,13,77.69,1,100.00,PCC,U,0,MINOR,,90.0000,69.9170,6.4131,13.41,16,,2,,,,,,
fbadc5a1-4590-4352-89a0-bc6545d9ab2d,GPS USPSA October 2022,2022-10-23,1,[22-01] Righty Tighty (Bay 4),f3ad0646-250d-4182-92d6-0edf4253d2cf,Matthew Gonzalez,14,77.40,9,87.35,Carry Optics,B,A119810,MINOR,,78.6168,69.6630,6.3898,12.52,14,,3,1,,,,,
fbadc5a1-4590-4352-89a0-bc6545d9ab2d,GPS USPSA October 2022,2022-10-23,1,[22-01] Righty Tighty (Bay 4),f3ad0646-250d-4182-92d6-0edf4253d2cf,Travis McKenzie,15,76.98,10,86.87,Carry Optics,A,TY139201,MINOR,,78.1825,69.2782,6.3545,11.96,13,,3,2,,,,,
fbadc5a1-4590-4352-89a0-bc6545d9ab2d,GPS USPSA October 2022,2022-10-23,1,[22-01] Righty Tighty (Bay 4),f3ad0646-250d-4182-92d6-0edf4253d2cf,Chev Jacot,16,76.38,5,76.38,Open,B,TY72378,MAJOR,,68.7385,68.7385,6.3050,13.64,14,,4,,,,,,
fbadc5a1-4590-4352-89a0-bc6545d9ab2d,GPS USPSA October 2022,2022-10-23,1,[22-01] Righty Tighty (Bay 4),f3ad0646-250d-4182-92d6-0edf4253d2cf,Mike Junco,17,75.54,11,85.25,Carry Optics,M,TY34819,MINOR,Senior; Law Enforcement,76.7258,67.9873,6.2361,13.47,15,,3,,,,,,
fbadc5a1-4590-4352-89a0-bc6545d9ab2d,GPS USPSA October 2022,2022-10-23,1,[22-01] Righty Tighty (Bay 4),f3ad0646-250d-4182-92d6-0edf4253d2cf,Duane Mendoza,18,75.47,6,75.47,Open,B,X,MAJOR,,67.9241,67.9241,6.2303,12.68,11,,5,2,,,,,
fbadc5a1-4590-4352-89a0-bc6545d9ab2d,GPS USPSA October 2022,2022-10-23,1,[22-01] Righty Tighty (Bay 4),f3ad0646-250d-4182-92d6-0edf4253d2cf,Mike Kahl,19,75.30,12,84.98,Carry Optics,B,TY70984,MINOR,Super Senior,76.4785,67.7682,6.2160,12.87,13,,5,,,,,,
fbadc5a1-4590-4352-89a0-bc6545d9ab2d,GPS USPSA October 2022,2022-10-23,1,[22-01] Righty Tighty (Bay 4),f3ad0646-250d-4182-92d6-0edf4253d2cf,Matt Lem,20,74.89,1,100.00,Production,M,FY34763,MINOR,,90.0000,67.4041,6.1826,13.91,16,,2,,,,,,
fbadc5a1-4590-4352-89a0-bc6545d9ab2d,GPS USPSA October 2022,2022-10-23,1,[22-01] Righty Tighty (Bay 4),f3ad0646-250d-4182-92d6-0edf4253d2cf,Mike Benitez,21,72.72,13,82.07,Carry Optics,U,A98298,MINOR,,73.8603,65.4482,6.0032,12.66,12,,5,1,,,,,
fbadc5a1-4590-4352-89a0-bc6545d9ab2d,GPS USPSA October 2022,2022-10-23,1,[22-01] Righty Tighty (Bay 4),f3ad0646-250d-4182-92d6-0edf4253d2cf,Matthew Michna,22,72.51,14,81.83,Carry Optics,A,A128405,MINOR,,73.6511,65.2629,5.9862,13.03,12,,6,,,,,,
fbadc5a1-4590-4352-89a0-bc6545d9ab2d,GPS USPSA October 2022,2022-10-23,1,[22-01] Righty Tighty (Bay 4),f3ad0646-250d-4182-92d6-0edf4253d2cf,Eric Mccampbell,23,71.84,1,100.00,Limited,B,A14332,MAJOR,Senior,90.0000,64.6556,5.9305,14.67,15,,3,,,,,,
fbadc5a1-4590-4352-89a0-bc6545d9ab2d,GPS USPSA October 2022,2022-10-23,1,[22-01] Righty Tighty (Bay 4),f3ad0646-250d-4182-92d6-0edf4253d2cf,Jorge Cahas,24,71.00,7,71.00,Open,B,F-44522,MAJOR,Senior,63.8990,63.8990,5.8611,13.82,9,,9,,,,,,
fbadc5a1-4590-4352-89a0-bc6545d9ab2d,GPS USPSA October 2022,2022-10-23,1,[22-01] Righty Tighty (Bay 4),f3ad0646-250d-4182-92d6-0edf4253d2cf,Michael Pontious,25,70.72,15,79.81,Carry Optics,B,fy94575,MINOR,Senior,71.8314,63.6504,5.8383,13.36,12,,6,,,,,,
fbadc5a1-4590-4352-89a0-bc6545d9ab2d,GPS USPSA October 2022,2022-10-23,1,[22-01] Righty Tighty (Bay 4),f3ad0646-250d-4182-92d6-0edf4253d2cf,Sobe Mehkri,26,69.27,8,69.27,Open,U,A135105,MINOR,,62.3400,62.3400,5.7181,15.04,16,,2,,,,,,
fbadc5a1-4590-4352-89a0-bc6545d9ab2d,GPS USPSA October 2022,2022-10-23,1,[22-01] Righty Tighty (Bay 4),f3ad0646-250d-4182-92d6-0edf4253d2cf,Luke Rogers,27,68.77,16,77.61,Carry Optics,B,A133534,MINOR,,69.8457,61.8908,5.6769,13.74,12,,6,,,,,,
fbadc5a1-4590-4352-89a0-bc6545d9ab2d,GPS USPSA October 2022,2022-10-23,1,[22-01] Righty Tighty (Bay 4),f3ad0646-250d-4182-92d6-0edf4253d2cf,Gary Wu,28,68.42,2,91.36,Production,B,L2998,MINOR,Senior,82.2222,61.5790,5.6483,15.58,17,,1,,,,,,
fbadc5a1-4590-4352-89a0-bc6545d9ab2d,GPS USPSA October 2022,2022-10-23,1,[22-01] Righty Tighty (Bay 4),f3ad0646-250d-4182-92d6-0edf4253d2cf,Ridong Wen,29,67.58,17,76.27,Carry Optics,B,A99651,MINOR,,68.6387,60.8213,5.5788,14.34,13,,5,,,,,,
fbadc5a1-4590-4352-89a0-bc6545d9ab2d,GPS USPSA October 2022,2022-10-23,1,[22-01] Righty Tighty (Bay 4),f3ad0646-250d-4182-92d6-0edf4253d2cf,John Brunkhorst,30,67.35,18,76.00,Carry Optics,B,A116144,MINOR,,68.4012,60.6109,5.5595,14.03,12,,6,,,,,,
fbadc5a1-4590-4352-89a0-bc6545d9ab2d,GPS USPSA October 2022,2022-10-23,1,[22-01] Righty Tighty (Bay 4),f3ad0646-250d-4182-92d6-0edf4253d2cf,CHAN WILLIAM,31,66.45,9,66.45,Open,U,0,MINOR,,59.8052,59.8052,5.4856,11.12,11,,5,1,1,,,,
fbadc5a1-4590-4352-89a0-bc6545d9ab2d,GPS USPSA October 2022,2022-10-23,1,[22-01] Righty Tighty (Bay 4),f3ad0646-250d-4182-92d6-0edf4253d2cf,Hugh Fullerton,32,65.99,19,74.47,Carry Optics,U,A140572,MINOR,,67.0232,59.3898,5.4475,15.42,15,,3,,,,,,
fbadc5a1-4590-4352-89a0-bc6545d9ab2d,GPS USPSA October 2022,2022-10-23,1,[22-01] Righty Tighty (Bay 4),f3ad0646-250d-4182-92d6-0edf4253d2cf,Doug Dillon,33,65.56,20,73.98,Carry Optics,B,A71359,MINOR,Law Enforcement,66.5852,59.0017,5.4119,16.63,18,,,,,,,,
fbadc5a1-4590-4352-89a0-bc6545d9ab2d,GPS USPSA October 2022,2022-10-23,1,[22-01] Righty Tighty (Bay 4),f3ad0646-250d-4182-92d6-0edf4253d2cf,Rommel Mercado,34,65.51,2,91.18,Limited,B,Ty70687,MAJOR,Foreign,82.0646,58.9548,5.4076,12.39,9,,8,,1,,,,
fbadc5a1-4590-4352-89a0-bc6545d9ab2d,GPS USPSA October 2022,2022-10-23,1,[22-01] Righty Tighty (Bay 4),f3ad0646-250d-4182-92d6-0edf4253d2cf,Justin Corona,35,64.72,10,64.72,Open,B,L4452,MAJOR,,58.2440,58.2440,5.3424,13.29,13,,4,,1,,,,
fbadc5a1-4590-4352-89a0-bc6545d9ab2d,GPS USPSA October 2022,2022-10-23,1,[22-01] Righty Tighty (Bay 4),f3ad0646-250d-4182-92d6-0edf4253d2cf,Norman Oducado,36,64.35,3,85.92,Production,C,A103491,MINOR,,77.3311,57.9159,5.3123,13.93,11,,6,1,,,,,
fbadc5a1-4590-4352-89a0-bc6545d9ab2d,GPS USPSA October 2022,2022-10-23,1,[22-01] Righty Tighty (Bay 4),f3ad0646-250d-4182-92d6-0edf4253d2cf,Santiago Labos,37,64.06,11,64.06,Open,A,A100335,MAJOR,,57.6509,57.6509,5.2880,10.59,12,,4,,2,,,,
fbadc5a1-4590-4352-89a0-bc6545d9ab2d,GPS USPSA October 2022,2022-10-23,1,[22-01] Righty Tighty (Bay 4),f3ad0646-250d-4182-92d6-0edf4253d2cf,Mark Hopmann,38,63.88,2,82.23,PCC,C,TY134553,MINOR,Super Senior,74.0113,57.4961,5.2738,14.79,12,,6,,,,,,
fbadc5a1-4590-4352-89a0-bc6545d9ab2d,GPS USPSA October 2022,2022-10-23,1,[22-01] Righty Tighty (Bay 4),f3ad0646-250d-4182-92d6-0edf4253d2cf,Doug Joder,39,62.14,3,79.99,PCC,B,A115020,MINOR,,71.9933,55.9284,5.1300,14.23,16,,1,,1,,,,
fbadc5a1-4590-4352-89a0-bc6545d9ab2d,GPS USPSA October 2022,2022-10-23,1,[22-01] Righty Tighty (Bay 4),f3ad0646-250d-4182-92d6-0edf4253d2cf,Marc Demeza,40,61.45,21,69.35,Carry Optics,U,TY142892,MINOR,,62.4144,55.3059,5.0729,15.77,13,,5,,,,,,
fbadc5a1-4590-4352-89a0-bc6545d9ab2d,GPS USPSA October 2022,2022-10-23,1,[22-01] Righty Tighty (Bay 4),f3ad0646-250d-4182-92d6-0edf4253d2cf,John Week,41,61.31,12,61.31,Open,X,x,MAJOR,,55.1827,55.1827,5.0616,14.62,12,,6,,,,1,,
fbadc5a1-4590-4352-89a0-bc6545d9ab2d,GPS USPSA October 2022,2022-10-23,1,[22-01] Righty Tighty (Bay 4),f3ad0646-250d-4182-92d6-0edf4253d2cf,Antonio Tormis,42,61.23,22,69.10,Carry Optics,B,A124958,MINOR,,62.1929,55.1096,5.0549,13.65,14,,3,,1,,,,
fbadc5a1-4590-4352-89a0-bc6545d9ab2d,GPS USPSA October 2022,2022-10-23,1,[22-01] Righty Tighty (Bay 4),f3ad0646-250d-4182-92d6-0edf4253d2cf,Zvi Davidoff,43,61.23,13,61.23,Open,X,0,MAJOR,,55.1053,55.1053,5.0545,10.09,7,,9,,2,,,,
fbadc5a1-4590-4352-89a0-bc6545d9ab2d,GPS USPSA October 2022,2022-10-23,1,[22-01] Righty Tighty (Bay 4),f3ad0646-250d-4182-92d6-0edf4253d2cf,Kim Ivester,44,60.87,14,60.87,Open,B,L4935,MAJOR,Lady,54.7815,54.7815,5.0248,16.12,11,,6,1,,,,,
fbadc5a1-4590-4352-89a0-bc6545d9ab2d,GPS USPSA October 2022,2022-10-23,1,[22-01] Righty Tighty (Bay 4),f3ad0646-250d-4182-92d6-0edf4253d2cf,Marlon Poralan,45,60.65,15,60.65,Open,D,Ty76330,MAJOR,Law Enforcement,54.5809,54.5809,5.0064,15.58,16,,2,,,,1,,
fbadc5a1-4590-4352-89a0-bc6545d9ab2d,GPS USPSA October 2022,2022-10-23,1,[22-01] Righty Tighty (Bay 4),f3ad0646-250d-4182-92d6-0edf4253d2cf,Manny Nerona,46,60.30,4,80.51,Production,B,A69445,MINOR,,72.4603,54.2680,4.9777,15.67,12,,6,,,,,,
fbadc5a1-4590-4352-89a0-bc6545d9ab2d,GPS USPSA October 2022,2022-10-23,1,[22-01] Righty Tighty (Bay 4),f3ad0646-250d-4182-92d6-0edf4253d2cf,Yves Perret,47,58.89,5,78.63,Production,A,TY123776,MINOR,,70.7629,52.9968,4.8611,14.40,9,,8,1,,,,,
fbadc5a1-4590-4352-89a0-bc6545d9ab2d,GPS USPSA October 2022,2022-10-23,1,[22-01] Righty Tighty (Bay 4),f3ad0646-250d-4182-92d6-0edf4253d2cf,Hunter Tisher,48,58.84,16,58.84,Open,U,A142529,MINOR,,52.9553,52.9553,4.8573,16.47,14,,3,1,,,,,
fbadc5a1-4590-4352-89a0-bc6545d9ab2d,GPS USPSA October 2022,2022-10-23,1,[22-01] Righty Tighty (Bay 4),f3ad0646-250d-4182-92d6-0edf4253d2cf,Gennady Khokhorin,49,58.72,6,78.40,Production,C,A123884,MINOR,Super Senior,70.5591,52.8441,4.8471,17.33,15,,3,,,,,,
fbadc5a1-4590-4352-89a0-bc6545d9ab2d,GPS USPSA October 2022,2022-10-23,1,[22-01] Righty Tighty (Bay 4),f3ad0646-250d-4182-92d6-0edf4253d2cf,Jonathan Backof,50,58.16,23,65.63,Carry Optics,U,L5308,MINOR,,59.0678,52.3405,4.8009,17.08,14,,4,,,,,,
fbadc5a1-4590-4352-89a0-bc6545d9ab2d,GPS USPSA October 2022,2022-10-23,1,[22-01] Righty Tighty (Bay 4),f3ad0646-250d-4182-92d6-0edf4253d2cf,Janice Pacleb,51,57.82,17,57.82,Open,B,Ty75597,MAJOR,Lady,52.0396,52.0396,4.7733,16.76,8,,10,,,,,,
fbadc5a1-4590-4352-89a0-bc6545d9ab2d,GPS USPSA October 2022,2022-10-23,1,[22-01] Righty Tighty (Bay 4),f3ad0646-250d-4182-92d6-0edf4253d2cf,Taylor Latham,52,56.21,1,100.00,Single Stack,B,TY39841,MAJOR,Senior,90.0000,50.5874,4.6401,16.81,10,,6,2,,,,,
fbadc5a1-4590-4352-89a0-bc6545d9ab2d,GPS USPSA October 2022,2022-10-23,1,[22-01] Righty Tighty (Bay 4),f3ad0646-250d-4182-92d6-0edf4253d2cf,John Hanna,53,55.44,24,62.57,Carry Optics,D,A138989,MINOR,Senior,56.3118,49.8984,4.5769,18.79,16,,2,,,,,,
fbadc5a1-4590-4352-89a0-bc6545d9ab2d,GPS USPSA October 2022,2022-10-23,1,[22-01] Righty Tighty (Bay 4),f3ad0646-250d-4182-92d6-0edf4253d2cf,Jun Wu,54,51.80,3,72.11,Limited,U,TY104927,MINOR,,64.8992,46.6233,4.2765,20.11,16,,2,,,,,,
fbadc5a1-4590-4352-89a0-bc6545d9ab2d,GPS USPSA October 2022,2022-10-23,1,[22-01] Righty Tighty (Bay 4),f3ad0646-250d-4182-92d6-0edf4253d2cf,Ryan Schaer,55,49.04,7,65.48,Production,U,A115105,MINOR,,58.9296,44.1344,4.0482,20.75,15,,3,,,,,,
fbadc5a1-4590-4352-89a0-bc6545d9ab2d,GPS USPSA October 2022,2022-10-23,1,[22-01] Righty Tighty (Bay 4),f3ad0646-250d-4182-92d6-0edf4253d2cf,Jason Essazay,56,46.66,25,52.65,Carry Optics,U,A145552,MINOR,,47.3893,41.9921,3.8517,20.77,14,,3,1,,,,,
fbadc5a1-4590-4352-89a0-bc6545d9ab2d,GPS USPSA October 2022,2022-10-23,1,[22-01] Righty Tighty (Bay 4),f3ad0646-250d-4182-92d6-0edf4253d2cf,"Jeff Maxwell, Jr.",57,46.57,2,82.85,Single Stack,C,L4489,MAJOR,Senior,74.5665,41.9125,3.8444,21.85,12,,6,,,,,,
fbadc5a1-4590-4352-89a0-bc6545d9ab2d,GPS USPSA October 2022,2022-10-23,1,[22-01] Righty Tighty (Bay 4),f3ad0646-250d-4182-92d6-0edf4253d2cf,Kevin Bunurai,58,42.84,26,48.35,Carry Optics,M,TY105111,MINOR,,43.5137,38.5579,3.5367,11.31,11,,5,,2,,1,,
fbadc5a1-4590-4352-89a0-bc6545d9ab2d,GPS USPSA October 2022,2022-10-23,1,[22-01] Righty Tighty (Bay 4),f3ad0646-250d-4182-92d6-0edf4253d2cf,Edsel Esquivel,59,41.40,27,46.72,Carry Optics,D,0,MINOR,,42.0447,37.2562,3.4173,23.41,13,,5,,,,,,
fbadc5a1-4590-4352-89a0-bc6545d9ab2d,GPS USPSA October 2022,2022-10-23,1,[22-01] Righty Tighty (Bay 4),f3ad0646-250d-4182-92d6-0edf4253d2cf,Kai Li,60,40.43,28,45.62,Carry Optics,U,A142725,MINOR,,41.0617,36.3851,3.3374,24.57,14,,4,,,,,,
fbadc5a1-4590-4352-89a0-bc6545d9ab2d,GPS USPSA October 2022,2022-10-23,1,[22-01] Righty Tighty (Bay 4),f3ad0646-250d-4182-92d6-0edf4253d2cf,Drew Yang,61,40.17,8,53.63,Production,C,FY138478,MINOR,,48.2710,36.1518,3.3160,21.11,13,,5,,,,1,,
fbadc5a1-4590-4352-89a0-bc6545d9ab2d,GPS USPSA October 2022,2022-10-23,1,[22-01] Righty Tighty (Bay 4),f3ad0646-250d-4182-92d6-0edf4253d2cf,Virak Meas,62,39.82,4,55.43,Limited,U,0,MINOR,,49.8858,35.8378,3.2872,17.34,10,,5,2,1,,,,
fbadc5a1-4590-4352-89a0-bc6545d9ab2d,GPS USPSA October 2022,2022-10-23,1,[22-01] Righty Tighty (Bay 4),f3ad0646-250d-4182-92d6-0edf4253d2cf,Jing Bedro,63,39.14,4,50.38,PCC,B,A98263,MINOR,,45.3459,35.2273,3.2312,12.07,11,,4,2,1,,2,,
fbadc5a1-4590-4352-89a0-bc6545d9ab2d,GPS USPSA October 2022,2022-10-23,1,[22-01] Righty Tighty (Bay 4),f3ad0646-250d-4182-92d6-0edf4253d2cf,Robbie Boettcher,64,37.98,29,42.87,Carry Optics,C,A139912,MINOR,,38.5788,34.1850,3.1356,20.73,17,,,,1,,1,,
fbadc5a1-4590-4352-89a0-bc6545d9ab2d,GPS USPSA October 2022,2022-10-23,1,[22-01] Righty Tighty (Bay 4),f3ad0646-250d-4182-92d6-0edf4253d2cf,Weldon Nanson,65,37.91,9,50.61,Production,U,0,MINOR,,45.5517,34.1152,3.1292,22.37,8,,10,,,,,,
fbadc5a1-4590-4352-89a0-bc6545d9ab2d,GPS USPSA October 2022,2022-10-23,1,[22-01] Righty Tighty (Bay 4),f3ad0646-250d-4182-92d6-0edf4253d2cf,NeaL NaNDiN,66,37.65,30,42.49,Carry Optics,U,fy71894,MINOR,,38.2442,33.8885,3.1084,13.19,6,,10,1,1,,1,,
fbadc5a1-4590-4352-89a0-bc6545d9ab2d,GPS USPSA October 2022,2022-10-23,1,[22-01] Righty Tighty (Bay 4),f3ad0646-250d-4182-92d6-0edf4253d2cf,George Byrd,67,37.50,18,37.50,Open,C,A84906,MAJOR,Super Senior,33.7533,33.7533,3.0960,29.07,18,,,,,,,,
fbadc5a1-4590-4352-89a0-bc6545d9ab2d,GPS USPSA October 2022,2022-10-23,1,[22-01] Righty Tighty (Bay 4),f3ad0646-250d-4182-92d6-0edf4253d2cf,Monie Perry,68,36.77,19,36.77,Open,U,0,MINOR,,33.0970,33.0970,3.0358,22.07,13,,4,,1,,,,
fbadc5a1-4590-4352-89a0-bc6545d9ab2d,GPS USPSA October 2022,2022-10-23,1,[22-01] Righty Tighty (Bay 4),f3ad0646-250d-4182-92d6-0edf4253d2cf,Woodward Crowe,69,33.76,31,38.10,Carry Optics,U,0,MINOR,,34.2898,30.3845,2.7870,21.17,14,,3,,1,,1,,
fbadc5a1-4590-4352-89a0-bc6545d9ab2d,GPS USPSA October 2022,2022-10-23,1,[22-01] Righty Tighty (Bay 4),f3ad0646-250d-4182-92d6-0edf4253d2cf,Dale Hamm,70,32.44,5,45.15,Limited,C,TY97196,MAJOR,Senior,40.6362,29.1929,2.6777,19.42,8,,8,,2,,,,
fbadc5a1-4590-4352-89a0-bc6545d9ab2d,GPS USPSA October 2022,2022-10-23,1,[22-01] Righty Tighty (Bay 4),f3ad0646-250d-4182-92d6-0edf4253d2cf,JR Roberts,71,29.29,3,52.10,Single Stack,D,TY102739,MAJOR,,46.8940,26.3583,2.4177,23.99,10,,7,,1,,1,,
fbadc5a1-4590-4352-89a0-bc6545d9ab2d,GPS USPSA October 2022,2022-10-23,1,[22-01] Righty Tighty (Bay 4),f3ad0646-250d-4182-92d6-0edf4253d2cf,Kelly Kennedy,72,24.63,32,27.80,Carry Optics,U,A138768,MINOR,Senior,25.0191,22.1697,2.0335,36.39,16,,1,1,,,1,,
fbadc5a1-4590-4352-89a0-bc6545d9ab2d,GPS USPSA October 2022,2022-10-23,1,[22-01] Righty Tighty (Bay 4),f3ad0646-250d-4182-92d6-0edf4253d2cf,George Zhou,73,19.75,33,22.29,Carry Optics,U,0,MINOR,Senior,20.0621,17.7772,1.6306,26.37,16,,1,,1,,3,,
fbadc5a1-4590-4352-89a0-bc6545d9ab2d,GPS USPSA October 2022,2022-10-23,1,[22-01] Righty Tighty (Bay 4),f3ad0646-250d-4182-92d6-0edf4253d2cf,Sheng Onia,74,13.84,34,15.62,Carry Optics,U,0,MINOR,Senior,14.0617,12.4601,1.1429,10.50,12,,4,,2,,,4,
fbadc5a1-4590-4352-89a0-bc6545d9ab2d,GPS USPSA October 2022,2022-10-23,1,[22-01] Righty Tighty (Bay 4),f3ad0646-250d-4182-92d6-0edf4253d2cf,Jimmy Roller,75,7.65,35,8.63,Carry Optics,U,A115113,MINOR,Senior,7.7660,6.8815,0.6312,47.53,9,,4,3,2,,1,,
fbadc5a1-4590-4352-89a0-bc6545d9ab2d,GPS USPSA October 2022,2022-10-23,1,[22-01] Righty Tighty (Bay 4),f3ad0646-250d-4182-92d6-0edf4253d2cf,Page Brunkhorst,76,0.00,36,0.00,Carry Optics,D,L4903,MINOR,Senior,0.0000,0.0000,0.0000,17.57,12,,5,,1,,1,6,
fbadc5a1-4590-4352-89a0-bc6545d9ab2d,GPS USPSA October 2022,2022-10-23,2,Bay 5,1dd63994-b21a-4589-b3a5-ff660a49060f,Zvi Davidoff,1,100.00,1,100.00,Open,X,0,MAJOR,,70.0000,70.0000,6.7901,9.72,12,,1,1,,,,,
fbadc5a1-4590-4352-89a0-bc6545d9ab2d,GPS USPSA October 2022,2022-10-23,2,Bay 5,1dd63994-b21a-4589-b3a5-ff660a49060f,Brandon Foss,2,98.28,1,100.00,Carry Optics,M,L5142,MINOR,Military,70.0000,68.7928,6.6730,10.49,14,,,,,,,,
fbadc5a1-4590-4352-89a0-bc6545d9ab2d,GPS USPSA October 2022,2022-10-23,2,Bay 5,1dd63994-b21a-4589-b3a5-ff660a49060f,Matthew Michna,3,94.75,2,96.42,Carry Optics,A,A128405,MINOR,,67.4908,66.3269,6.4338,10.88,14,,,,,,,,
fbadc5a1-4590-4352-89a0-bc6545d9ab2d,GPS USPSA October 2022,2022-10-23,2,Bay 5,1dd63994-b21a-4589-b3a5-ff660a49060f,Bobby Ivester,4,93.66,2,93.66,Open,M,A101336,MAJOR,,65.5599,65.5599,6.3594,10.85,13,,1,,,,,,
fbadc5a1-4590-4352-89a0-bc6545d9ab2d,GPS USPSA October 2022,2022-10-23,2,Bay 5,1dd63994-b21a-4589-b3a5-ff660a49060f,Travis McKenzie,5,91.46,3,93.06,Carry Optics,A,TY139201,MINOR,,65.1431,64.0197,6.2100,10.95,13,,1,,,,,,
fbadc5a1-4590-4352-89a0-bc6545d9ab2d,GPS USPSA October 2022,2022-10-23,2,Bay 5,1dd63994-b21a-4589-b3a5-ff660a49060f,John Brunkhorst,6,90.88,4,92.47,Carry Optics,B,A116144,MINOR,,64.7298,63.6135,6.1706,11.02,13,,1,,,,,,
fbadc5a1-4590-4352-89a0-bc6545d9ab2d,GPS USPSA October 2022,2022-10-23,2,Bay 5,1dd63994-b21a-4589-b3a5-ff660a49060f,Santiago Labos,7,90.49,3,90.49,Open,A,A100335,MAJOR,,63.3424,63.3424,6.1443,11.23,13,,1,,,,,,
fbadc5a1-4590-4352-89a0-bc6545d9ab2d,GPS USPSA October 2022,2022-10-23,2,Bay 5,1dd63994-b21a-4589-b3a5-ff660a49060f,Jorge Cahas,8,90.12,4,90.12,Open,B,F-44522,MAJOR,Senior,63.0805,63.0805,6.1189,11.44,14,,,,,,,,
fbadc5a1-4590-4352-89a0-bc6545d9ab2d,GPS USPSA October 2022,2022-10-23,2,Bay 5,1dd63994-b21a-4589-b3a5-ff660a49060f,Mike Junco,9,88.94,5,90.50,Carry Optics,M,TY34819,MINOR,Senior; Law Enforcement,63.3504,62.2578,6.0391,11.26,13,,1,,,,,,
fbadc5a1-4590-4352-89a0-bc6545d9ab2d,GPS USPSA October 2022,2022-10-23,2,Bay 5,1dd63994-b21a-4589-b3a5-ff660a49060f,Chev Jacot,10,88.26,5,88.26,Open,B,TY72378,MAJOR,,61.7847,61.7847,5.9932,11.68,14,,,,,,,,
fbadc5a1-4590-4352-89a0-bc6545d9ab2d,GPS USPSA October 2022,2022-10-23,2,Bay 5,1dd63994-b21a-4589-b3a5-ff660a49060f,Khoa Nguyen,11,87.18,6,88.71,Carry Optics,M,A117224,MINOR,Law Enforcement,62.0937,61.0228,5.9193,11.15,12,,2,,,,,,
fbadc5a1-4590-4352-89a0-bc6545d9ab2d,GPS USPSA October 2022,2022-10-23,2,Bay 5,1dd63994-b21a-4589-b3a5-ff660a49060f,Roman Gwiscz,12,86.48,7,88.00,Carry Optics,A,l4670,MINOR,,61.5996,60.5373,5.8722,11.58,13,,1,,,,,,
fbadc5a1-4590-4352-89a0-bc6545d9ab2d,GPS USPSA October 2022,2022-10-23,2,Bay 5,1dd63994-b21a-4589-b3a5-ff660a49060f,Sheng Onia,13,85.87,8,87.37,Carry Optics,U,0,MINOR,Senior,61.1611,60.1063,5.8304,11.32,12,,2,,,,,,
fbadc5a1-4590-4352-89a0-bc6545d9ab2d,GPS USPSA October 2022,2022-10-23,2,Bay 5,1dd63994-b21a-4589-b3a5-ff660a49060f,Duane Mendoza,14,85.61,6,85.61,Open,B,X,MAJOR,,59.9270,59.9270,5.8130,11.87,13,,1,,,,,,
fbadc5a1-4590-4352-89a0-bc6545d9ab2d,GPS USPSA October 2022,2022-10-23,2,Bay 5,1dd63994-b21a-4589-b3a5-ff660a49060f,Jonathan Backof,15,80.86,9,82.27,Carry Optics,U,L5308,MINOR,,57.5924,56.5992,5.4902,12.75,14,,,,,,,,
fbadc5a1-4590-4352-89a0-bc6545d9ab2d,GPS USPSA October 2022,2022-10-23,2,Bay 5,1dd63994-b21a-4589-b3a5-ff660a49060f,Marc Demeza,16,80.79,10,82.21,Carry Optics,U,TY142892,MINOR,,57.5473,56.5548,5.4859,12.76,14,,,,,,,,
fbadc5a1-4590-4352-89a0-bc6545d9ab2d,GPS USPSA October 2022,2022-10-23,2,Bay 5,1dd63994-b21a-4589-b3a5-ff660a49060f,Janice Pacleb,17,80.70,7,80.70,Open,B,Ty75597,MAJOR,Lady,56.4889,56.4889,5.4795,11.68,8,,6,,,,,,
fbadc5a1-4590-4352-89a0-bc6545d9ab2d,GPS USPSA October 2022,2022-10-23,2,Bay 5,1dd63994-b21a-4589-b3a5-ff660a49060f,Devin Yolo,18,79.48,11,80.88,Carry Optics,B,A112987,MINOR,,56.6158,55.6394,5.3971,12.97,14,,,,,,,,
fbadc5a1-4590-4352-89a0-bc6545d9ab2d,GPS USPSA October 2022,2022-10-23,2,Bay 5,1dd63994-b21a-4589-b3a5-ff660a49060f,Manny Nerona,19,77.16,1,100.00,Production,B,A69445,MINOR,,70.0000,54.0147,5.2395,13.36,14,,,,,,,,
fbadc5a1-4590-4352-89a0-bc6545d9ab2d,GPS USPSA October 2022,2022-10-23,2,Bay 5,1dd63994-b21a-4589-b3a5-ff660a49060f,Yves Perret,20,76.93,2,99.70,Production,A,TY123776,MINOR,,69.7916,53.8538,5.2239,13.40,14,,,,,,,,
fbadc5a1-4590-4352-89a0-bc6545d9ab2d,GPS USPSA October 2022,2022-10-23,2,Bay 5,1dd63994-b21a-4589-b3a5-ff660a49060f,Henry Wong,21,76.08,1,100.00,PCC,U,0,MINOR,,70.0000,53.2580,5.1661,13.55,14,,,,,,,,
fbadc5a1-4590-4352-89a0-bc6545d9ab2d,GPS USPSA October 2022,2022-10-23,2,Bay 5,1dd63994-b21a-4589-b3a5-ff660a49060f,Ridong Wen,22,75.47,12,76.79,Carry Optics,B,A99651,MINOR,,53.7541,52.8271,5.1243,13.27,13,,1,,,,,,
fbadc5a1-4590-4352-89a0-bc6545d9ab2d,GPS USPSA October 2022,2022-10-23,2,Bay 5,1dd63994-b21a-4589-b3a5-ff660a49060f,Doug Joder,23,74.29,2,97.65,PCC,B,A115020,MINOR,,68.3523,52.0044,5.0445,13.48,13,,1,,,,,,
fbadc5a1-4590-4352-89a0-bc6545d9ab2d,GPS USPSA October 2022,2022-10-23,2,Bay 5,1dd63994-b21a-4589-b3a5-ff660a49060f,CHAN WILLIAM,24,73.64,8,73.64,Open,U,0,MINOR,,51.5456,51.5456,5.0000,10.20,11,,2,,1,,,,
fbadc5a1-4590-4352-89a0-bc6545d9ab2d,GPS USPSA October 2022,2022-10-23,2,Bay 5,1dd63994-b21a-4589-b3a5-ff660a49060f,Paul Felker,25,73.43,13,74.72,Carry Optics,M,TY107123,MINOR,,52.3023,51.4003,4.9859,10.63,12,,1,,1,,,,
fbadc5a1-4590-4352-89a0-bc6545d9ab2d,GPS USPSA October 2022,2022-10-23,2,Bay 5,1dd63994-b21a-4589-b3a5-ff660a49060f,Hunter Tisher,26,72.91,9,72.91,Open,U,A142529,MINOR,,51.0353,51.0353,4.9505,11.11,13,,,,1,,,,
fbadc5a1-4590-4352-89a0-bc6545d9ab2d,GPS USPSA October 2022,2022-10-23,2,Bay 5,1dd63994-b21a-4589-b3a5-ff660a49060f,NeaL NaNDiN,27,72.56,14,73.83,Carry Optics,U,fy71894,MINOR,,51.6834,50.7920,4.9269,12.99,11,,3,,,,,,
fbadc5a1-4590-4352-89a0-bc6545d9ab2d,GPS USPSA October 2022,2022-10-23,2,Bay 5,1dd63994-b21a-4589-b3a5-ff660a49060f,Mike Benitez,28,72.35,15,73.61,Carry Optics,U,A98298,MINOR,,51.5302,50.6415,4.9123,14.25,14,,,,,,,,
fbadc5a1-4590-4352-89a0-bc6545d9ab2d,GPS USPSA October 2022,2022-10-23,2,Bay 5,1dd63994-b21a-4589-b3a5-ff660a49060f,Gary Wu,29,72.04,3,93.36,Production,B,L2998,MINOR,Senior,65.3534,50.4292,4.8917,14.31,14,,,,,,,,
fbadc5a1-4590-4352-89a0-bc6545d9ab2d,GPS USPSA October 2022,2022-10-23,2,Bay 5,1dd63994-b21a-4589-b3a5-ff660a49060f,Kim Ivester,30,71.84,10,71.84,Open,B,L4935,MAJOR,Lady,50.2879,50.2879,4.8780,13.94,12,,2,,,,,,
fbadc5a1-4590-4352-89a0-bc6545d9ab2d,GPS USPSA October 2022,2022-10-23,2,Bay 5,1dd63994-b21a-4589-b3a5-ff660a49060f,Justin Corona,31,71.81,11,71.81,Open,B,L4452,MAJOR,,50.2663,50.2663,4.8759,11.28,13,,,,1,,,,
fbadc5a1-4590-4352-89a0-bc6545d9ab2d,GPS USPSA October 2022,2022-10-23,2,Bay 5,1dd63994-b21a-4589-b3a5-ff660a49060f,Robbie Boettcher,32,71.20,16,72.45,Carry Optics,C,A139912,MINOR,,50.7120,49.8374,4.8343,14.48,14,,,,,,,,
fbadc5a1-4590-4352-89a0-bc6545d9ab2d,GPS USPSA October 2022,2022-10-23,2,Bay 5,1dd63994-b21a-4589-b3a5-ff660a49060f,Matthew Gonzalez,33,71.12,17,72.36,Carry Optics,B,A119810,MINOR,,50.6543,49.7807,4.8288,11.39,13,,,,1,,,,
fbadc5a1-4590-4352-89a0-bc6545d9ab2d,GPS USPSA October 2022,2022-10-23,2,Bay 5,1dd63994-b21a-4589-b3a5-ff660a49060f,Gil Yolo,34,70.85,12,70.85,Open,M,L5228,MAJOR,,49.5972,49.5972,4.8110,14.55,14,,,,,,,,
fbadc5a1-4590-4352-89a0-bc6545d9ab2d,GPS USPSA October 2022,2022-10-23,2,Bay 5,1dd63994-b21a-4589-b3a5-ff660a49060f,Rommel Mercado,35,70.78,1,100.00,Limited,B,Ty70687,MAJOR,Foreign,70.0000,49.5426,4.8057,14.15,12,,2,,,,,,
fbadc5a1-4590-4352-89a0-bc6545d9ab2d,GPS USPSA October 2022,2022-10-23,2,Bay 5,1dd63994-b21a-4589-b3a5-ff660a49060f,Norman Oducado,36,70.43,4,91.27,Production,C,A103491,MINOR,,63.8878,49.2982,4.7820,14.22,13,,1,,,,,,
fbadc5a1-4590-4352-89a0-bc6545d9ab2d,GPS USPSA October 2022,2022-10-23,2,Bay 5,1dd63994-b21a-4589-b3a5-ff660a49060f,Monie Perry,37,70.33,13,70.33,Open,U,0,MINOR,,49.2292,49.2292,4.7753,14.24,13,,1,,,,,,
fbadc5a1-4590-4352-89a0-bc6545d9ab2d,GPS USPSA October 2022,2022-10-23,2,Bay 5,1dd63994-b21a-4589-b3a5-ff660a49060f,Jim Havens,38,68.23,18,69.43,Carry Optics,G,TY114636,MINOR,Senior,48.5993,47.7612,4.6329,11.44,12,,1,,1,,,,
fbadc5a1-4590-4352-89a0-bc6545d9ab2d,GPS USPSA October 2022,2022-10-23,2,Bay 5,1dd63994-b21a-4589-b3a5-ff660a49060f,Matt Lem,39,67.90,5,87.99,Production,M,FY34763,MINOR,,61.5925,47.5271,4.6102,11.93,13,,,,1,,,,
fbadc5a1-4590-4352-89a0-bc6545d9ab2d,GPS USPSA October 2022,2022-10-23,2,Bay 5,1dd63994-b21a-4589-b3a5-ff660a49060f,Gennady Khokhorin,40,67.42,6,87.38,Production,C,A123884,MINOR,Super Senior,61.1650,47.1972,4.5782,15.29,14,,,,,,,,
fbadc5a1-4590-4352-89a0-bc6545d9ab2d,GPS USPSA October 2022,2022-10-23,2,Bay 5,1dd63994-b21a-4589-b3a5-ff660a49060f,Drew Yang,41,67.39,7,87.34,Production,C,FY138478,MINOR,,61.1356,47.1746,4.5760,14.86,13,,1,,,,,,
fbadc5a1-4590-4352-89a0-bc6545d9ab2d,GPS USPSA October 2022,2022-10-23,2,Bay 5,1dd63994-b21a-4589-b3a5-ff660a49060f,Andrew Whitley,42,66.39,14,66.39,Open,A,TY106649,MAJOR,,46.4756,46.4756,4.5082,12.20,13,,,,1,,,,
fbadc5a1-4590-4352-89a0-bc6545d9ab2d,GPS USPSA October 2022,2022-10-23,2,Bay 5,1dd63994-b21a-4589-b3a5-ff660a49060f,Mark Hopmann,43,66.02,3,86.77,PCC,C,TY134553,MINOR,Super Senior,60.7373,46.2107,4.4825,15.17,13,,1,,,,,,
fbadc5a1-4590-4352-89a0-bc6545d9ab2d,GPS USPSA October 2022,2022-10-23,2,Bay 5,1dd63994-b21a-4589-b3a5-ff660a49060f,Hugh Fullerton,44,65.38,19,66.52,Carry Optics,U,A140572,MINOR,,46.5663,45.7632,4.4391,12.39,13,,,,1,,,,
fbadc5a1-4590-4352-89a0-bc6545d9ab2d,GPS USPSA October 2022,2022-10-23,2,Bay 5,1dd63994-b21a-4589-b3a5-ff660a49060f,John Hanna,45,60.66,20,61.72,Carry Optics,D,A138989,MINOR,Senior,43.2053,42.4602,4.1187,16.51,13,,1,,,,,,
fbadc5a1-4590-4352-89a0-bc6545d9ab2d,GPS USPSA October 2022,2022-10-23,2,Bay 5,1dd63994-b21a-4589-b3a5-ff660a49060f,Wade Pruetz,46,60.63,15,60.63,Open,A,TY79055,MAJOR,Senior,42.4427,42.4427,4.1170,9.23,10,,2,,2,,,,
fbadc5a1-4590-4352-89a0-bc6545d9ab2d,GPS USPSA October 2022,2022-10-23,2,Bay 5,1dd63994-b21a-4589-b3a5-ff660a49060f,Mike Kahl,47,60.39,21,61.45,Carry Optics,B,TY70984,MINOR,Super Senior,43.0133,42.2715,4.1004,11.95,10,,3,,1,,,,
fbadc5a1-4590-4352-89a0-bc6545d9ab2d,GPS USPSA October 2022,2022-10-23,2,Bay 5,1dd63994-b21a-4589-b3a5-ff660a49060f,Jason Essazay,48,59.18,22,60.22,Carry Optics,U,A145552,MINOR,,42.1532,41.4262,4.0184,17.42,14,,,,,,,,
fbadc5a1-4590-4352-89a0-bc6545d9ab2d,GPS USPSA October 2022,2022-10-23,2,Bay 5,1dd63994-b21a-4589-b3a5-ff660a49060f,Sobe Mehkri,49,58.68,16,58.68,Open,U,A135105,MINOR,,41.0757,41.0757,3.9844,12.80,11,,2,,1,,,,
fbadc5a1-4590-4352-89a0-bc6545d9ab2d,GPS USPSA October 2022,2022-10-23,2,Bay 5,1dd63994-b21a-4589-b3a5-ff660a49060f,Zachary Ralston,50,56.43,23,57.42,Carry Optics,B,A123081,MINOR,,40.1915,39.4984,3.8314,10.44,12,,,,2,,,,
fbadc5a1-4590-4352-89a0-bc6545d9ab2d,GPS USPSA October 2022,2022-10-23,2,Bay 5,1dd63994-b21a-4589-b3a5-ff660a49060f,Page Brunkhorst,51,55.10,24,56.07,Carry Optics,D,L4903,MINOR,Senior,39.2485,38.5716,3.7415,17.64,12,,2,,,,,,
fbadc5a1-4590-4352-89a0-bc6545d9ab2d,GPS USPSA October 2022,2022-10-23,2,Bay 5,1dd63994-b21a-4589-b3a5-ff660a49060f,Doug Dillon,52,53.03,25,53.96,Carry Optics,B,A71359,MINOR,Law Enforcement,37.7725,37.1211,3.6008,19.44,14,,,,,,,,
fbadc5a1-4590-4352-89a0-bc6545d9ab2d,GPS USPSA October 2022,2022-10-23,2,Bay 5,1dd63994-b21a-4589-b3a5-ff660a49060f,Kai Li,53,52.83,26,53.76,Carry Optics,U,A142725,MINOR,,37.6319,36.9830,3.5874,17.84,11,,3,,,,,,
fbadc5a1-4590-4352-89a0-bc6545d9ab2d,GPS USPSA October 2022,2022-10-23,2,Bay 5,1dd63994-b21a-4589-b3a5-ff660a49060f,Jun Wu,54,51.30,2,72.48,Limited,U,TY104927,MINOR,,50.7364,35.9087,3.4832,15.79,13,,,,1,,,,
fbadc5a1-4590-4352-89a0-bc6545d9ab2d,GPS USPSA October 2022,2022-10-23,2,Bay 5,1dd63994-b21a-4589-b3a5-ff660a49060f,John Week,55,50.24,17,50.24,Open,X,x,MAJOR,,35.1655,35.1655,3.4111,11.14,10,,2,,2,,,,
fbadc5a1-4590-4352-89a0-bc6545d9ab2d,GPS USPSA October 2022,2022-10-23,2,Bay 5,1dd63994-b21a-4589-b3a5-ff660a49060f,Marlon Poralan,56,46.68,18,46.68,Open,D,Ty76330,MAJOR,Law Enforcement,32.6768,32.6768,3.1697,16.09,9,,4,,1,,,,
fbadc5a1-4590-4352-89a0-bc6545d9ab2d,GPS USPSA October 2022,2022-10-23,2,Bay 5,1dd63994-b21a-4589-b3a5-ff660a49060f,George Byrd,57,45.88,19,45.88,Open,C,A84906,MAJOR,Super Senior,32.1160,32.1160,3.1153,22.47,14,,,,,,,,
fbadc5a1-4590-4352-89a0-bc6545d9ab2d,GPS USPSA October 2022,2022-10-23,2,Bay 5,1dd63994-b21a-4589-b3a5-ff660a49060f,Taylor Latham,58,45.05,1,100.00,Single Stack,B,TY39841,MAJOR,Senior,70.0000,31.5336,3.0588,17.00,10,,3,,1,,,,
fbadc5a1-4590-4352-89a0-bc6545d9ab2d,GPS USPSA October 2022,2022-10-23,2,Bay 5,1dd63994-b21a-4589-b3a5-ff660a49060f,George Zhou,59,42.05,27,42.79,Carry Optics,U,0,MINOR,Senior,29.9532,29.4367,2.8554,16.46,9,,4,,1,,,,
fbadc5a1-4590-4352-89a0-bc6545d9ab2d,GPS USPSA October 2022,2022-10-23,2,Bay 5,1dd63994-b21a-4589-b3a5-ff660a49060f,Kevin Bunurai,60,40.11,28,40.81,Carry Optics,M,TY105111,MINOR,,28.5675,28.0748,2.7233,9.18,11,,,,3,,,,
fbadc5a1-4590-4352-89a0-bc6545d9ab2d,GPS USPSA October 2022,2022-10-23,2,Bay 5,1dd63994-b21a-4589-b3a5-ff660a49060f,Michael Pontious,61,38.85,29,39.53,Carry Optics,B,fy94575,MINOR,Senior,27.6738,27.1965,2.6381,12.13,8,,4,,2,,,,
fbadc5a1-4590-4352-89a0-bc6545d9ab2d,GPS USPSA October 2022,2022-10-23,2,Bay 5,1dd63994-b21a-4589-b3a5-ff660a49060f,Weldon Nanson,62,36.87,8,47.79,Production,U,0,MINOR,,33.4496,25.8110,2.5037,20.37,11,,2,,1,,,,
fbadc5a1-4590-4352-89a0-bc6545d9ab2d,GPS USPSA October 2022,2022-10-23,2,Bay 5,1dd63994-b21a-4589-b3a5-ff660a49060f,Eric Mccampbell,63,36.34,3,51.35,Limited,B,A14332,MAJOR,Senior,35.9432,25.4388,2.4676,16.21,12,,,,2,,,,
fbadc5a1-4590-4352-89a0-bc6545d9ab2d,GPS USPSA October 2022,2022-10-23,2,Bay 5,1dd63994-b21a-4589-b3a5-ff660a49060f,Kelly Kennedy,64,34.39,30,34.99,Carry Optics,U,A138768,MINOR,Senior,24.4963,24.0739,2.3352,29.12,13,,1,,,,,,
fbadc5a1-4590-4352-89a0-bc6545d9ab2d,GPS USPSA October 2022,2022-10-23,2,Bay 5,1dd63994-b21a-4589-b3a5-ff660a49060f,Luke Rogers,65,33.35,31,33.94,Carry Optics,B,A133534,MINOR,,23.7547,23.3450,2.2645,11.04,11,,,,3,,,,
fbadc5a1-4590-4352-89a0-bc6545d9ab2d,GPS USPSA October 2022,2022-10-23,2,Bay 5,1dd63994-b21a-4589-b3a5-ff660a49060f,Dale Hamm,66,31.67,4,44.75,Limited,C,TY97196,MAJOR,Senior,31.3243,22.1698,2.1505,17.67,10,,2,,2,,,,
fbadc5a1-4590-4352-89a0-bc6545d9ab2d,GPS USPSA October 2022,2022-10-23,2,Bay 5,1dd63994-b21a-4589-b3a5-ff660a49060f,JR Roberts,67,29.43,2,65.32,Single Stack,D,TY102739,MAJOR,,45.7238,20.5976,1.9980,20.02,12,,,,2,,,,
fbadc5a1-4590-4352-89a0-bc6545d9ab2d,GPS USPSA October 2022,2022-10-23,2,Bay 5,1dd63994-b21a-4589-b3a5-ff660a49060f,Jing Bedro,68,26.75,4,35.16,PCC,B,A98263,MINOR,,24.6120,18.7255,1.8164,10.46,8,,3,,3,,,,
fbadc5a1-4590-4352-89a0-bc6545d9ab2d,GPS USPSA October 2022,2022-10-23,2,Bay 5,1dd63994-b21a-4589-b3a5-ff660a49060f,Antonio Tormis,69,20.62,32,20.98,Carry Optics,B,A124958,MINOR,,14.6871,14.4338,1.4001,13.57,8,,3,,3,,,,
fbadc5a1-4590-4352-89a0-bc6545d9ab2d,GPS USPSA October 2022,2022-10-23,2,Bay 5,1dd63994-b21a-4589-b3a5-ff660a49060f,Edwin Garcia,70,19.29,33,19.63,Carry Optics,U,Ty38396,MINOR,,13.7388,13.5019,1.3097,12.98,8,,2,1,3,,,,
fbadc5a1-4590-4352-89a0-bc6545d9ab2d,GPS USPSA October 2022,2022-10-23,2,Bay 5,1dd63994-b21a-4589-b3a5-ff660a49060f,Edsel Esquivel,71,19.03,34,19.36,Carry Optics,D,0,MINOR,,13.5531,13.3194,1.2920,11.61,7,,3,1,3,,,,
fbadc5a1-4590-4352-89a0-bc6545d9ab2d,GPS USPSA October 2022,2022-10-23,2,Bay 5,1dd63994-b21a-4589-b3a5-ff660a49060f,"Jeff Maxwell, Jr.",72,18.22,3,40.44,Single Stack,C,L4489,MAJOR,Senior,28.3108,12.7534,1.2371,19.40,10,,1,,3,,,,
fbadc5a1-4590-4352-89a0-bc6545d9ab2d,GPS USPSA October 2022,2022-10-23,2,Bay 5,1dd63994-b21a-4589-b3a5-ff660a49060f,Virak Meas,73,17.26,5,24.39,Limited,U,0,MINOR,,17.0699,12.0813,1.1719,17.92,9,,2,,3,,,,
fbadc5a1-4590-4352-89a0-bc6545d9ab2d,GPS USPSA October 2022,2022-10-23,2,Bay 5,1dd63994-b21a-4589-b3a5-ff660a49060f,Woodward Crowe,74,17.10,35,17.40,Carry Optics,U,0,MINOR,,12.1821,11.9720,1.1613,24.11,11,,1,,2,,,1,
fbadc5a1-4590-4352-89a0-bc6545d9ab2d,GPS USPSA October 2022,2022-10-23,2,Bay 5,1dd63994-b21a-4589-b3a5-ff660a49060f,Jimmy Roller,75,11.90,36,12.11,Carry Optics,U,A115113,MINOR,Senior,8.4791,8.3329,0.8083,30.93,11,,,,3,,,,
fbadc5a1-4590-4352-89a0-bc6545d9ab2d,GPS USPSA October 2022,2022-10-23,2,Bay 5,1dd63994-b21a-4589-b3a5-ff660a49060f,Ryan Schaer,76,0.00,9,0.00,Production,U,A115105,MINOR,,0.0000,0.0000,0.0000,14.01,9,,,,5,,,,
fbadc5a1-4590-4352-89a0-bc6545d9ab2d,GPS USPSA October 2022,2022-10-23,3,Bay 6,98a145fb-ffc1-4402-8af8-2fbf371f6dab,Bobby Ivester,1,100.00,1,100.00,Open,M,A101336,MAJOR,,100.0000,100.0000,7.0463,14.05,19,,1,,,,,,
fbadc5a1-4590-4352-89a0-bc6545d9ab2d,GPS USPSA October 2022,2022-10-23,3,Bay 6,98a145fb-ffc1-4402-8af8-2fbf371f6dab,Zachary Ralston,2,98.65,1,100.00,Carry Optics,B,A123081,MINOR,,100.0000,98.6546,6.9515,13.81,18,,2,,,,,,
fbadc5a1-4590-4352-89a0-bc6545d9ab2d,GPS USPSA October 2022,2022-10-23,3,Bay 6,98a145fb-ffc1-4402-8af8-2fbf371f6dab,Paul Felker,3,96.81,2,98.13,Carry Optics,M,TY107123,MINOR,,98.1270,96.8068,6.8213,14.66,20,,,,,,,,
fbadc5a1-4590-4352-89a0-bc6545d9ab2d,GPS USPSA October 2022,2022-10-23,3,Bay 6,98a145fb-ffc1-4402-8af8-2fbf371f6dab,Gil Yolo,4,93.85,2,93.85,Open,M,L5228,MAJOR,,93.8464,93.8464,6.6127,14.82,18,,2,,,,,,
fbadc5a1-4590-4352-89a0-bc6545d9ab2d,GPS USPSA October 2022,2022-10-23,3,Bay 6,98a145fb-ffc1-4402-8af8-2fbf371f6dab,Justin Corona,5,91.25,3,91.25,Open,B,L4452,MAJOR,,91.2536,91.2536,6.4300,14.93,18,,1,1,,,,,
fbadc5a1-4590-4352-89a0-bc6545d9ab2d,GPS USPSA October 2022,2022-10-23,3,Bay 6,98a145fb-ffc1-4402-8af8-2fbf371f6dab,Kevin Bunurai,6,89.76,3,90.99,Carry Optics,M,TY105111,MINOR,,90.9890,89.7648,6.3251,15.81,20,,,,,,,,
fbadc5a1-4590-4352-89a0-bc6545d9ab2d,GPS USPSA October 2022,2022-10-23,3,Bay 6,98a145fb-ffc1-4402-8af8-2fbf371f6dab,John Week,7,87.86,4,87.86,Open,X,x,MAJOR,,87.8589,87.8589,6.1908,15.83,18,,2,,,,,,
fbadc5a1-4590-4352-89a0-bc6545d9ab2d,GPS USPSA October 2022,2022-10-23,3,Bay 6,98a145fb-ffc1-4402-8af8-2fbf371f6dab,Janice Pacleb,8,84.91,5,84.91,Open,B,Ty75597,MAJOR,Lady,84.9084,84.9084,5.9829,16.38,18,,2,,,,,,
fbadc5a1-4590-4352-89a0-bc6545d9ab2d,GPS USPSA October 2022,2022-10-23,3,Bay 6,98a145fb-ffc1-4402-8af8-2fbf371f6dab,Khoa Nguyen,9,84.45,4,85.60,Carry Optics,M,A117224,MINOR,Law Enforcement,85.6045,84.4528,5.9508,15.46,17,,2,1,,,,,
fbadc5a1-4590-4352-89a0-bc6545d9ab2d,GPS USPSA October 2022,2022-10-23,3,Bay 6,98a145fb-ffc1-4402-8af8-2fbf371f6dab,Zvi Davidoff,10,83.30,6,83.30,Open,X,0,MAJOR,,83.3019,83.3019,5.8697,13.97,16,,3,,1,,,,
fbadc5a1-4590-4352-89a0-bc6545d9ab2d,GPS USPSA October 2022,2022-10-23,3,Bay 6,98a145fb-ffc1-4402-8af8-2fbf371f6dab,Matt Lem,11,82.35,1,100.00,Production,M,FY34763,MINOR,,100.0000,82.3482,5.8025,16.20,17,,3,,,,,,
fbadc5a1-4590-4352-89a0-bc6545d9ab2d,GPS USPSA October 2022,2022-10-23,3,Bay 6,98a145fb-ffc1-4402-8af8-2fbf371f6dab,Travis McKenzie,12,81.61,5,82.73,Carry Optics,A,TY139201,MINOR,,82.7275,81.6145,5.7508,15.65,16,,3,1,,,,,
fbadc5a1-4590-4352-89a0-bc6545d9ab2d,GPS USPSA October 2022,2022-10-23,3,Bay 6,98a145fb-ffc1-4402-8af8-2fbf371f6dab,Matthew Gonzalez,13,81.49,6,82.60,Carry Optics,B,A119810,MINOR,,82.6038,81.4924,5.7422,16.37,17,,3,,,,,,
fbadc5a1-4590-4352-89a0-bc6545d9ab2d,GPS USPSA October 2022,2022-10-23,3,Bay 6,98a145fb-ffc1-4402-8af8-2fbf371f6dab,Duane Mendoza,14,81.12,7,81.12,Open,B,X,MAJOR,,81.1248,81.1248,5.7163,14.52,17,,2,,1,,,,
fbadc5a1-4590-4352-89a0-bc6545d9ab2d,GPS USPSA October 2022,2022-10-23,3,Bay 6,98a145fb-ffc1-4402-8af8-2fbf371f6dab,Santiago Labos,15,80.87,8,80.87,Open,A,A100335,MAJOR,,80.8651,80.8651,5.6980,17.55,20,,,,,,,,
fbadc5a1-4590-4352-89a0-bc6545d9ab2d,GPS USPSA October 2022,2022-10-23,3,Bay 6,98a145fb-ffc1-4402-8af8-2fbf371f6dab,Henry Wong,16,78.80,1,100.00,PCC,U,0,MINOR,,100.0000,78.7988,5.5524,17.65,19,,1,,,,,,
fbadc5a1-4590-4352-89a0-bc6545d9ab2d,GPS USPSA October 2022,2022-10-23,3,Bay 6,98a145fb-ffc1-4402-8af8-2fbf371f6dab,Chev Jacot,17,78.36,9,78.36,Open,B,TY72378,MAJOR,,78.3603,78.3603,5.5215,17.93,19,,1,,,,,,
fbadc5a1-4590-4352-89a0-bc6545d9ab2d,GPS USPSA October 2022,2022-10-23,3,Bay 6,98a145fb-ffc1-4402-8af8-2fbf371f6dab,Wade Pruetz,18,78.36,10,78.36,Open,A,TY79055,MAJOR,Senior,78.3603,78.3603,5.5215,17.93,19,,1,,,,,,
fbadc5a1-4590-4352-89a0-bc6545d9ab2d,GPS USPSA October 2022,2022-10-23,3,Bay 6,98a145fb-ffc1-4402-8af8-2fbf371f6dab,Ridong Wen,19,78.13,7,79.20,Carry Optics,B,A99651,MINOR,,79.2002,78.1346,5.5056,17.80,19,,1,,,,,,
fbadc5a1-4590-4352-89a0-bc6545d9ab2d,GPS USPSA October 2022,2022-10-23,3,Bay 6,98a145fb-ffc1-4402-8af8-2fbf371f6dab,Mike Junco,20,76.89,8,77.94,Carry Optics,M,TY34819,MINOR,Senior; Law Enforcement,77.9386,76.8900,5.4179,17.35,18,,1,1,,,,,
fbadc5a1-4590-4352-89a0-bc6545d9ab2d,GPS USPSA October 2022,2022-10-23,3,Bay 6,98a145fb-ffc1-4402-8af8-2fbf371f6dab,Roman Gwiscz,21,76.71,9,77.76,Carry Optics,A,l4670,MINOR,,77.7588,76.7126,5.4054,18.13,19,,1,,,,,,
fbadc5a1-4590-4352-89a0-bc6545d9ab2d,GPS USPSA October 2022,2022-10-23,3,Bay 6,98a145fb-ffc1-4402-8af8-2fbf371f6dab,John Brunkhorst,22,75.17,10,76.19,Carry Optics,B,A116144,MINOR,,76.1936,75.1685,5.2966,18.88,20,,,,,,,,
fbadc5a1-4590-4352-89a0-bc6545d9ab2d,GPS USPSA October 2022,2022-10-23,3,Bay 6,98a145fb-ffc1-4402-8af8-2fbf371f6dab,Andrew Whitley,23,74.53,11,74.53,Open,A,TY106649,MAJOR,,74.5342,74.5342,5.2519,18.66,18,,2,,,,,,
fbadc5a1-4590-4352-89a0-bc6545d9ab2d,GPS USPSA October 2022,2022-10-23,3,Bay 6,98a145fb-ffc1-4402-8af8-2fbf371f6dab,Mark Hopmann,24,72.31,2,91.77,PCC,C,TY134553,MINOR,Super Senior,91.7711,72.3145,5.0955,18.84,18,,2,,,,,,
fbadc5a1-4590-4352-89a0-bc6545d9ab2d,GPS USPSA October 2022,2022-10-23,3,Bay 6,98a145fb-ffc1-4402-8af8-2fbf371f6dab,Jing Bedro,25,71.72,3,91.02,PCC,B,A98263,MINOR,,91.0201,71.7227,5.0538,18.60,18,,1,1,,,,,
fbadc5a1-4590-4352-89a0-bc6545d9ab2d,GPS USPSA October 2022,2022-10-23,3,Bay 6,98a145fb-ffc1-4402-8af8-2fbf371f6dab,Doug Dillon,26,70.71,11,71.67,Carry Optics,B,A71359,MINOR,Law Enforcement,71.6709,70.7066,4.9822,19.67,19,,1,,,,,,
fbadc5a1-4590-4352-89a0-bc6545d9ab2d,GPS USPSA October 2022,2022-10-23,3,Bay 6,98a145fb-ffc1-4402-8af8-2fbf371f6dab,Luke Rogers,27,69.51,12,70.46,Carry Optics,B,A133534,MINOR,,70.4596,69.5117,4.8980,19.60,18,,2,,,,,,
fbadc5a1-4590-4352-89a0-bc6545d9ab2d,GPS USPSA October 2022,2022-10-23,3,Bay 6,98a145fb-ffc1-4402-8af8-2fbf371f6dab,Rommel Mercado,28,67.35,1,100.00,Limited,B,Ty70687,MAJOR,Foreign,100.0000,67.3460,4.7454,20.23,16,,4,,,,,,
fbadc5a1-4590-4352-89a0-bc6545d9ab2d,GPS USPSA October 2022,2022-10-23,3,Bay 6,98a145fb-ffc1-4402-8af8-2fbf371f6dab,Jim Havens,29,67.13,13,68.05,Carry Optics,G,TY114636,MINOR,Senior,68.0501,67.1345,4.7305,16.70,17,,1,1,1,,,,
fbadc5a1-4590-4352-89a0-bc6545d9ab2d,GPS USPSA October 2022,2022-10-23,3,Bay 6,98a145fb-ffc1-4402-8af8-2fbf371f6dab,Kim Ivester,30,65.28,12,65.28,Open,B,L4935,MAJOR,Lady,65.2782,65.2782,4.5997,17.61,15,,4,,1,,,,
fbadc5a1-4590-4352-89a0-bc6545d9ab2d,GPS USPSA October 2022,2022-10-23,3,Bay 6,98a145fb-ffc1-4402-8af8-2fbf371f6dab,Edsel Esquivel,31,64.94,14,65.83,Carry Optics,D,0,MINOR,,65.8304,64.9447,4.5762,19.23,16,,2,2,,,,,
fbadc5a1-4590-4352-89a0-bc6545d9ab2d,GPS USPSA October 2022,2022-10-23,3,Bay 6,98a145fb-ffc1-4402-8af8-2fbf371f6dab,Manny Nerona,32,63.05,2,76.56,Production,B,A69445,MINOR,,76.5601,63.0459,4.4424,22.06,19,,1,,,,,,
fbadc5a1-4590-4352-89a0-bc6545d9ab2d,GPS USPSA October 2022,2022-10-23,3,Bay 6,98a145fb-ffc1-4402-8af8-2fbf371f6dab,Jun Wu,33,62.90,2,93.40,Limited,U,TY104927,MINOR,,93.3978,62.8997,4.4321,21.66,18,,2,,,,,,
fbadc5a1-4590-4352-89a0-bc6545d9ab2d,GPS USPSA October 2022,2022-10-23,3,Bay 6,98a145fb-ffc1-4402-8af8-2fbf371f6dab,CHAN WILLIAM,34,62.61,13,62.61,Open,U,0,MINOR,,62.6116,62.6116,4.4118,17.00,15,,3,1,1,,,,
fbadc5a1-4590-4352-89a0-bc6545d9ab2d,GPS USPSA October 2022,2022-10-23,3,Bay 6,98a145fb-ffc1-4402-8af8-2fbf371f6dab,Marc Demeza,35,62.02,15,62.86,Carry Optics,U,TY142892,MINOR,,62.8641,62.0184,4.3700,17.62,15,,4,,1,,,,
fbadc5a1-4590-4352-89a0-bc6545d9ab2d,GPS USPSA October 2022,2022-10-23,3,Bay 6,98a145fb-ffc1-4402-8af8-2fbf371f6dab,Doug Joder,36,61.20,4,77.66,PCC,B,A115020,MINOR,,77.6637,61.1981,4.3122,18.32,17,,1,1,1,,,,
fbadc5a1-4590-4352-89a0-bc6545d9ab2d,GPS USPSA October 2022,2022-10-23,3,Bay 6,98a145fb-ffc1-4402-8af8-2fbf371f6dab,Jorge Cahas,37,61.08,14,61.08,Open,B,F-44522,MAJOR,Senior,61.0789,61.0789,4.3038,15.80,16,,2,,2,,,,
fbadc5a1-4590-4352-89a0-bc6545d9ab2d,GPS USPSA October 2022,2022-10-23,3,Bay 6,98a145fb-ffc1-4402-8af8-2fbf371f6dab,Yves Perret,38,60.94,3,74.00,Production,A,TY123776,MINOR,,73.9974,60.9355,4.2937,23.29,20,,,,,,,,
fbadc5a1-4590-4352-89a0-bc6545d9ab2d,GPS USPSA October 2022,2022-10-23,3,Bay 6,98a145fb-ffc1-4402-8af8-2fbf371f6dab,Taylor Latham,39,57.63,1,100.00,Single Stack,B,TY39841,MAJOR,Senior,100.0000,57.6260,4.0605,23.15,16,,3,1,,,,,
fbadc5a1-4590-4352-89a0-bc6545d9ab2d,GPS USPSA October 2022,2022-10-23,3,Bay 6,98a145fb-ffc1-4402-8af8-2fbf371f6dab,NeaL NaNDiN,40,56.44,16,57.21,Carry Optics,U,fy71894,MINOR,,57.2064,56.4367,3.9767,18.86,14,,5,,1,,,,
fbadc5a1-4590-4352-89a0-bc6545d9ab2d,GPS USPSA October 2022,2022-10-23,3,Bay 6,98a145fb-ffc1-4402-8af8-2fbf371f6dab,Hugh Fullerton,41,56.34,17,57.11,Carry Optics,U,A140572,MINOR,,57.1129,56.3445,3.9702,24.18,19,,,1,,,,,
fbadc5a1-4590-4352-89a0-bc6545d9ab2d,GPS USPSA October 2022,2022-10-23,3,Bay 6,98a145fb-ffc1-4402-8af8-2fbf371f6dab,Eric Mccampbell,42,55.56,3,82.50,Limited,B,A14332,MAJOR,Senior,82.5031,55.5625,3.9151,21.20,17,,2,,1,,,,
fbadc5a1-4590-4352-89a0-bc6545d9ab2d,GPS USPSA October 2022,2022-10-23,3,Bay 6,98a145fb-ffc1-4402-8af8-2fbf371f6dab,Sobe Mehkri,43,54.50,15,54.50,Open,U,A135105,MINOR,,54.5038,54.5038,3.8405,20.57,16,,3,,1,,,,
fbadc5a1-4590-4352-89a0-bc6545d9ab2d,GPS USPSA October 2022,2022-10-23,3,Bay 6,98a145fb-ffc1-4402-8af8-2fbf371f6dab,Marlon Poralan,44,53.78,16,53.78,Open,D,Ty76330,MAJOR,Law Enforcement,53.7772,53.7772,3.7893,21.64,18,,,1,1,,,,
fbadc5a1-4590-4352-89a0-bc6545d9ab2d,GPS USPSA October 2022,2022-10-23,3,Bay 6,98a145fb-ffc1-4402-8af8-2fbf371f6dab,Jonathan Backof,45,53.57,18,54.30,Carry Optics,U,L5308,MINOR,,54.2976,53.5671,3.7745,19.87,14,,5,,1,,,,
fbadc5a1-4590-4352-89a0-bc6545d9ab2d,GPS USPSA October 2022,2022-10-23,3,Bay 6,98a145fb-ffc1-4402-8af8-2fbf371f6dab,Sheng Onia,46,53.27,19,53.99,Carry Optics,U,0,MINOR,Senior,53.9941,53.2677,3.7534,14.92,16,,2,,2,,,1,
fbadc5a1-4590-4352-89a0-bc6545d9ab2d,GPS USPSA October 2022,2022-10-23,3,Bay 6,98a145fb-ffc1-4402-8af8-2fbf371f6dab,Jason Essazay,47,53.24,20,53.97,Carry Optics,U,A145552,MINOR,,53.9668,53.2407,3.7515,25.59,18,,2,,,,,,
fbadc5a1-4590-4352-89a0-bc6545d9ab2d,GPS USPSA October 2022,2022-10-23,3,Bay 6,98a145fb-ffc1-4402-8af8-2fbf371f6dab,Antonio Tormis,48,53.05,21,53.77,Carry Optics,B,A124958,MINOR,,53.7697,53.0463,3.7378,19.53,15,,2,2,1,,,,
fbadc5a1-4590-4352-89a0-bc6545d9ab2d,GPS USPSA October 2022,2022-10-23,3,Bay 6,98a145fb-ffc1-4402-8af8-2fbf371f6dab,Matthew Michna,49,52.70,22,53.42,Carry Optics,A,A128405,MINOR,,53.4216,52.7028,3.7136,22.35,18,,1,,1,,,,
fbadc5a1-4590-4352-89a0-bc6545d9ab2d,GPS USPSA October 2022,2022-10-23,3,Bay 6,98a145fb-ffc1-4402-8af8-2fbf371f6dab,Edwin Garcia,50,52.48,23,53.20,Carry Optics,U,Ty38396,MINOR,,53.1957,52.4800,3.6979,12.71,13,,4,,3,,,,
fbadc5a1-4590-4352-89a0-bc6545d9ab2d,GPS USPSA October 2022,2022-10-23,3,Bay 6,98a145fb-ffc1-4402-8af8-2fbf371f6dab,"Jeff Maxwell, Jr.",51,51.08,2,88.63,Single Stack,C,L4489,MAJOR,Senior,88.6344,51.0765,3.5990,27.23,18,,2,,,,,,
fbadc5a1-4590-4352-89a0-bc6545d9ab2d,GPS USPSA October 2022,2022-10-23,3,Bay 6,98a145fb-ffc1-4402-8af8-2fbf371f6dab,Devin Yolo,52,50.78,24,51.47,Carry Optics,B,A112987,MINOR,,51.4680,50.7756,3.5778,16.77,18,,,,2,,,1,
fbadc5a1-4590-4352-89a0-bc6545d9ab2d,GPS USPSA October 2022,2022-10-23,3,Bay 6,98a145fb-ffc1-4402-8af8-2fbf371f6dab,Mike Kahl,53,50.19,25,50.88,Carry Optics,B,TY70984,MINOR,Super Senior,50.8782,50.1937,3.5368,17.53,15,,2,1,2,,,,
fbadc5a1-4590-4352-89a0-bc6545d9ab2d,GPS USPSA October 2022,2022-10-23,3,Bay 6,98a145fb-ffc1-4402-8af8-2fbf371f6dab,George Byrd,54,48.99,17,48.99,Open,C,A84906,MAJOR,Super Senior,48.9888,48.9888,3.4519,28.39,18,,2,,,,,,
fbadc5a1-4590-4352-89a0-bc6545d9ab2d,GPS USPSA October 2022,2022-10-23,3,Bay 6,98a145fb-ffc1-4402-8af8-2fbf371f6dab,Gary Wu,55,47.92,4,58.19,Production,B,L2998,MINOR,Senior,58.1939,47.9216,3.3767,24.58,18,,1,,1,,,,
fbadc5a1-4590-4352-89a0-bc6545d9ab2d,GPS USPSA October 2022,2022-10-23,3,Bay 6,98a145fb-ffc1-4402-8af8-2fbf371f6dab,Brandon Foss,56,47.13,26,47.77,Carry Optics,M,L5142,MINOR,Military,47.7681,47.1254,3.3206,15.66,14,,4,,2,,,1,
fbadc5a1-4590-4352-89a0-bc6545d9ab2d,GPS USPSA October 2022,2022-10-23,3,Bay 6,98a145fb-ffc1-4402-8af8-2fbf371f6dab,Ryan Schaer,57,45.46,5,55.20,Production,U,A115105,MINOR,,55.2003,45.4565,3.2030,21.23,17,,1,,2,,,,
fbadc5a1-4590-4352-89a0-bc6545d9ab2d,GPS USPSA October 2022,2022-10-23,3,Bay 6,98a145fb-ffc1-4402-8af8-2fbf371f6dab,Monie Perry,58,45.29,18,45.29,Open,U,0,MINOR,,45.2862,45.2862,3.1910,24.13,16,,2,1,1,,,,
fbadc5a1-4590-4352-89a0-bc6545d9ab2d,GPS USPSA October 2022,2022-10-23,3,Bay 6,98a145fb-ffc1-4402-8af8-2fbf371f6dab,Robbie Boettcher,59,44.91,27,45.53,Carry Optics,C,A139912,MINOR,,45.5269,44.9144,3.1648,24.33,15,,4,,1,,,,
fbadc5a1-4590-4352-89a0-bc6545d9ab2d,GPS USPSA October 2022,2022-10-23,3,Bay 6,98a145fb-ffc1-4402-8af8-2fbf371f6dab,Michael Pontious,60,42.87,28,43.46,Carry Optics,B,fy94575,MINOR,Senior,43.4554,42.8707,3.0208,19.20,13,,4,1,2,,,,
fbadc5a1-4590-4352-89a0-bc6545d9ab2d,GPS USPSA October 2022,2022-10-23,3,Bay 6,98a145fb-ffc1-4402-8af8-2fbf371f6dab,Page Brunkhorst,61,40.90,29,41.45,Carry Optics,D,L4903,MINOR,Senior,41.4529,40.8952,2.8816,22.21,15,,3,,2,,,,
fbadc5a1-4590-4352-89a0-bc6545d9ab2d,GPS USPSA October 2022,2022-10-23,3,Bay 6,98a145fb-ffc1-4402-8af8-2fbf371f6dab,JR Roberts,62,40.27,3,69.89,Single Stack,D,TY102739,MAJOR,,69.8879,40.2736,2.8378,29.60,18,,1,,1,,,,
fbadc5a1-4590-4352-89a0-bc6545d9ab2d,GPS USPSA October 2022,2022-10-23,3,Bay 6,98a145fb-ffc1-4402-8af8-2fbf371f6dab,Dale Hamm,63,40.18,4,59.67,Limited,C,TY97196,MAJOR,Senior,59.6683,40.1842,2.8315,28.96,16,,3,,1,,,,
fbadc5a1-4590-4352-89a0-bc6545d9ab2d,GPS USPSA October 2022,2022-10-23,3,Bay 6,98a145fb-ffc1-4402-8af8-2fbf371f6dab,Drew Yang,64,35.03,6,42.53,Production,C,FY138478,MINOR,,42.5334,35.0255,2.4680,33.63,18,,1,,1,,,,
fbadc5a1-4590-4352-89a0-bc6545d9ab2d,GPS USPSA October 2022,2022-10-23,3,Bay 6,98a145fb-ffc1-4402-8af8-2fbf371f6dab,Kai Li,65,34.06,30,34.52,Carry Optics,U,A142725,MINOR,,34.5249,34.0604,2.4000,40.00,18,,2,,,,,,
fbadc5a1-4590-4352-89a0-bc6545d9ab2d,GPS USPSA October 2022,2022-10-23,3,Bay 6,98a145fb-ffc1-4402-8af8-2fbf371f6dab,John Hanna,66,33.90,31,34.36,Carry Optics,D,A138989,MINOR,Senior,34.3624,33.9001,2.3887,33.91,18,,,1,1,,,,
fbadc5a1-4590-4352-89a0-bc6545d9ab2d,GPS USPSA October 2022,2022-10-23,3,Bay 6,98a145fb-ffc1-4402-8af8-2fbf371f6dab,Norman Oducado,67,33.71,7,40.94,Production,C,A103491,MINOR,,40.9375,33.7113,2.3754,21.47,16,,,1,3,,,,
fbadc5a1-4590-4352-89a0-bc6545d9ab2d,GPS USPSA October 2022,2022-10-23,3,Bay 6,98a145fb-ffc1-4402-8af8-2fbf371f6dab,Mike Benitez,68,31.86,32,32.30,Carry Optics,U,A98298,MINOR,,32.2995,31.8650,2.2453,17.37,14,,3,,3,,,1,
fbadc5a1-4590-4352-89a0-bc6545d9ab2d,GPS USPSA October 2022,2022-10-23,3,Bay 6,98a145fb-ffc1-4402-8af8-2fbf371f6dab,Woodward Crowe,69,30.80,33,31.22,Carry Optics,U,0,MINOR,,31.2192,30.7991,2.1702,29.49,16,,1,1,2,,,,
fbadc5a1-4590-4352-89a0-bc6545d9ab2d,GPS USPSA October 2022,2022-10-23,3,Bay 6,98a145fb-ffc1-4402-8af8-2fbf371f6dab,Gennady Khokhorin,70,30.06,8,36.50,Production,C,A123884,MINOR,Super Senior,36.5032,30.0597,2.1181,31.16,17,,,1,2,,,,
fbadc5a1-4590-4352-89a0-bc6545d9ab2d,GPS USPSA October 2022,2022-10-23,3,Bay 6,98a145fb-ffc1-4402-8af8-2fbf371f6dab,Hunter Tisher,71,22.68,19,22.68,Open,U,A142529,MINOR,,22.6771,22.6771,1.5979,22.53,15,,,1,4,,,,
fbadc5a1-4590-4352-89a0-bc6545d9ab2d,GPS USPSA October 2022,2022-10-23,3,Bay 6,98a145fb-ffc1-4402-8af8-2fbf371f6dab,Jimmy Roller,72,17.02,34,17.25,Carry Optics,U,A115113,MINOR,Senior,17.2481,17.0160,1.1990,39.20,13,,4,,3,,,,
fbadc5a1-4590-4352-89a0-bc6545d9ab2d,GPS USPSA October 2022,2022-10-23,3,Bay 6,98a145fb-ffc1-4402-8af8-2fbf371f6dab,Kelly Kennedy,73,16.86,35,17.09,Carry Optics,U,A138768,MINOR,Senior,17.0913,16.8613,1.1881,34.51,15,,2,,3,,,1,
fbadc5a1-4590-4352-89a0-bc6545d9ab2d,GPS USPSA October 2022,2022-10-23,3,Bay 6,98a145fb-ffc1-4402-8af8-2fbf371f6dab,Weldon Nanson,74,9.80,9,11.90,Production,U,0,MINOR,,11.9018,9.8009,0.6906,28.96,12,,3,1,4,,,1,
fbadc5a1-4590-4352-89a0-bc6545d9ab2d,GPS USPSA October 2022,2022-10-23,3,Bay 6,98a145fb-ffc1-4402-8af8-2fbf371f6dab,George Zhou,75,7.77,36,7.87,Carry Optics,U,0,MINOR,Senior,7.8731,7.7672,0.5473,38.37,13,,2,,5,,,,
fbadc5a1-4590-4352-89a0-bc6545d9ab2d,GPS USPSA October 2022,2022-10-23,3,Bay 6,98a145fb-ffc1-4402-8af8-2fbf371f6dab,Virak Meas,76,0.00,5,0.00,Limited,U,0,MINOR,,0.0000,0.0000,0.0000,35.94,12,,1,,7,,,,
fbadc5a1-4590-4352-89a0-bc6545d9ab2d,GPS USPSA October 2022,2022-10-23,4,Bay 7,070942c3-c51b-4eed-9f2c-76786b2c82a8,Zvi Davidoff,1,100.00,1,100.00,Open,X,0,MAJOR,,130.0000,130.0000,7.6875,15.87,20,,5,1,,,,,
fbadc5a1-4590-4352-89a0-bc6545d9ab2d,GPS USPSA October 2022,2022-10-23,4,Bay 7,070942c3-c51b-4eed-9f2c-76786b2c82a8,Bobby Ivester,2,98.99,2,98.99,Open,M,A101336,MAJOR,,128.6911,128.6911,7.6101,15.90,17,,9,,,,,,
fbadc5a1-4590-4352-89a0-bc6545d9ab2d,GPS USPSA October 2022,2022-10-23,4,Bay 7,070942c3-c51b-4eed-9f2c-76786b2c82a8,Jim Havens,3,97.01,1,100.00,Carry Optics,G,TY114636,MINOR,Senior,130.0000,126.1190,7.4580,16.09,21,,5,,,,,,
fbadc5a1-4590-4352-89a0-bc6545d9ab2d,GPS USPSA October 2022,2022-10-23,4,Bay 7,070942c3-c51b-4eed-9f2c-76786b2c82a8,Santiago Labos,4,96.02,3,96.02,Open,A,A100335,MAJOR,,124.8237,124.8237,7.3814,17.07,22,,4,,,,,,
fbadc5a1-4590-4352-89a0-bc6545d9ab2d,GPS USPSA October 2022,2022-10-23,4,Bay 7,070942c3-c51b-4eed-9f2c-76786b2c82a8,Paul Felker,5,95.85,2,98.80,Carry Optics,M,TY107123,MINOR,,128.4382,124.6038,7.3684,17.10,25,,,1,,,,,
fbadc5a1-4590-4352-89a0-bc6545d9ab2d,GPS USPSA October 2022,2022-10-23,4,Bay 7,070942c3-c51b-4eed-9f2c-76786b2c82a8,Edwin Garcia,6,95.57,3,98.51,Carry Optics,U,Ty38396,MINOR,,128.0634,124.2403,7.3469,17.15,25,,,1,,,,,
fbadc5a1-4590-4352-89a0-bc6545d9ab2d,GPS USPSA October 2022,2022-10-23,4,Bay 7,070942c3-c51b-4eed-9f2c-76786b2c82a8,Duane Mendoza,7,93.39,4,93.39,Open,B,X,MAJOR,,121.4044,121.4044,7.1792,17.69,23,,3,,,,,,
fbadc5a1-4590-4352-89a0-bc6545d9ab2d,GPS USPSA October 2022,2022-10-23,4,Bay 7,070942c3-c51b-4eed-9f2c-76786b2c82a8,John Week,8,91.56,5,91.56,Open,X,x,MAJOR,,119.0217,119.0217,7.0383,17.76,23,,2,1,,,,,
fbadc5a1-4590-4352-89a0-bc6545d9ab2d,GPS USPSA October 2022,2022-10-23,4,Bay 7,070942c3-c51b-4eed-9f2c-76786b2c82a8,Justin Corona,9,90.65,6,90.65,Open,B,L4452,MAJOR,,117.8498,117.8498,6.9690,18.08,22,,4,,,,,,
fbadc5a1-4590-4352-89a0-bc6545d9ab2d,GPS USPSA October 2022,2022-10-23,4,Bay 7,070942c3-c51b-4eed-9f2c-76786b2c82a8,Andrew Whitley,10,88.49,7,88.49,Open,A,TY106649,MAJOR,,115.0325,115.0325,6.8024,18.67,23,,3,,,,,,
fbadc5a1-4590-4352-89a0-bc6545d9ab2d,GPS USPSA October 2022,2022-10-23,4,Bay 7,070942c3-c51b-4eed-9f2c-76786b2c82a8,Khoa Nguyen,11,86.95,4,89.63,Carry Optics,M,A117224,MINOR,Law Enforcement,116.5189,113.0404,6.6846,18.55,23,,3,,,,,,
fbadc5a1-4590-4352-89a0-bc6545d9ab2d,GPS USPSA October 2022,2022-10-23,4,Bay 7,070942c3-c51b-4eed-9f2c-76786b2c82a8,Gil Yolo,12,86.86,8,86.86,Open,M,L5228,MAJOR,,112.9220,112.9220,6.6776,18.27,22,,2,2,,,,,
fbadc5a1-4590-4352-89a0-bc6545d9ab2d,GPS USPSA October 2022,2022-10-23,4,Bay 7,070942c3-c51b-4eed-9f2c-76786b2c82a8,Jing Bedro,13,82.55,1,100.00,PCC,B,A98263,MINOR,,130.0000,107.3212,6.3464,16.86,21,,4,,1,,,,
fbadc5a1-4590-4352-89a0-bc6545d9ab2d,GPS USPSA October 2022,2022-10-23,4,Bay 7,070942c3-c51b-4eed-9f2c-76786b2c82a8,Jorge Cahas,14,79.76,9,79.76,Open,B,F-44522,MAJOR,Senior,103.6855,103.6855,6.1314,20.55,22,,4,,,,,,
fbadc5a1-4590-4352-89a0-bc6545d9ab2d,GPS USPSA October 2022,2022-10-23,4,Bay 7,070942c3-c51b-4eed-9f2c-76786b2c82a8,Brandon Foss,15,79.70,5,82.15,Carry Optics,M,L5142,MINOR,Military,106.7994,103.6111,6.1270,17.79,22,,3,,1,,,,
fbadc5a1-4590-4352-89a0-bc6545d9ab2d,GPS USPSA October 2022,2022-10-23,4,Bay 7,070942c3-c51b-4eed-9f2c-76786b2c82a8,Devin Yolo,16,79.00,6,81.43,Carry Optics,B,A112987,MINOR,,105.8564,102.6962,6.0729,17.29,20,,5,,1,,,,
fbadc5a1-4590-4352-89a0-bc6545d9ab2d,GPS USPSA October 2022,2022-10-23,4,Bay 7,070942c3-c51b-4eed-9f2c-76786b2c82a8,Mike Benitez,17,78.68,7,81.10,Carry Optics,U,A98298,MINOR,,105.4328,102.2853,6.0486,20.17,22,,4,,,,,,
fbadc5a1-4590-4352-89a0-bc6545d9ab2d,GPS USPSA October 2022,2022-10-23,4,Bay 7,070942c3-c51b-4eed-9f2c-76786b2c82a8,Travis McKenzie,18,78.19,8,80.60,Carry Optics,A,TY139201,MINOR,,104.7809,101.6528,6.0112,19.63,21,,4,1,,,,,
fbadc5a1-4590-4352-89a0-bc6545d9ab2d,GPS USPSA October 2022,2022-10-23,4,Bay 7,070942c3-c51b-4eed-9f2c-76786b2c82a8,Chev Jacot,19,77.34,10,77.34,Open,B,TY72378,MAJOR,,100.5401,100.5401,5.9454,20.52,20,,5,1,,,,,
fbadc5a1-4590-4352-89a0-bc6545d9ab2d,GPS USPSA October 2022,2022-10-23,4,Bay 7,070942c3-c51b-4eed-9f2c-76786b2c82a8,Zachary Ralston,20,76.18,9,78.53,Carry Optics,B,A123081,MINOR,,102.0843,99.0367,5.8565,20.49,22,,3,1,,,,,
fbadc5a1-4590-4352-89a0-bc6545d9ab2d,GPS USPSA October 2022,2022-10-23,4,Bay 7,070942c3-c51b-4eed-9f2c-76786b2c82a8,Roman Gwiscz,21,75.64,10,77.97,Carry Optics,A,l4670,MINOR,,101.3627,98.3367,5.8151,20.98,22,,4,,,,,,
fbadc5a1-4590-4352-89a0-bc6545d9ab2d,GPS USPSA October 2022,2022-10-23,4,Bay 7,070942c3-c51b-4eed-9f2c-76786b2c82a8,Matthew Gonzalez,22,75.05,11,77.36,Carry Optics,B,A119810,MINOR,,100.5626,97.5605,5.7692,19.76,20,,4,2,,,,,
fbadc5a1-4590-4352-89a0-bc6545d9ab2d,GPS USPSA October 2022,2022-10-23,4,Bay 7,070942c3-c51b-4eed-9f2c-76786b2c82a8,Mike Junco,23,73.95,12,76.23,Carry Optics,M,TY34819,MINOR,Senior; Law Enforcement,99.0932,96.1349,5.6849,18.47,21,,3,1,1,,,,
fbadc5a1-4590-4352-89a0-bc6545d9ab2d,GPS USPSA October 2022,2022-10-23,4,Bay 7,070942c3-c51b-4eed-9f2c-76786b2c82a8,Henry Wong,24,72.21,2,87.46,PCC,U,0,MINOR,,113.7029,93.8672,5.5508,23.42,26,,,,,,,,
fbadc5a1-4590-4352-89a0-bc6545d9ab2d,GPS USPSA October 2022,2022-10-23,4,Bay 7,070942c3-c51b-4eed-9f2c-76786b2c82a8,Kim Ivester,25,71.53,11,71.53,Open,B,L4935,MAJOR,Lady,92.9912,92.9912,5.4990,19.64,18,,7,,1,,,,
fbadc5a1-4590-4352-89a0-bc6545d9ab2d,GPS USPSA October 2022,2022-10-23,4,Bay 7,070942c3-c51b-4eed-9f2c-76786b2c82a8,Hunter Tisher,26,70.84,12,70.84,Open,U,A142529,MINOR,,92.0950,92.0950,5.4460,21.30,20,,5,1,,,,,
fbadc5a1-4590-4352-89a0-bc6545d9ab2d,GPS USPSA October 2022,2022-10-23,4,Bay 7,070942c3-c51b-4eed-9f2c-76786b2c82a8,Marc Demeza,27,70.74,13,72.92,Carry Optics,U,TY142892,MINOR,,94.7912,91.9614,5.4381,23.17,24,,2,,,,,,
fbadc5a1-4590-4352-89a0-bc6545d9ab2d,GPS USPSA October 2022,2022-10-23,4,Bay 7,070942c3-c51b-4eed-9f2c-76786b2c82a8,Kevin Bunurai,28,68.66,14,70.77,Carry Optics,M,TY105111,MINOR,,92.0058,89.2591,5.2783,17.43,20,,4,,2,,,,
fbadc5a1-4590-4352-89a0-bc6545d9ab2d,GPS USPSA October 2022,2022-10-23,4,Bay 7,070942c3-c51b-4eed-9f2c-76786b2c82a8,CHAN WILLIAM,29,68.07,13,68.07,Open,U,0,MINOR,,88.4862,88.4862,5.2326,17.20,19,,5,,2,,,,
fbadc5a1-4590-4352-89a0-bc6545d9ab2d,GPS USPSA October 2022,2022-10-23,4,Bay 7,070942c3-c51b-4eed-9f2c-76786b2c82a8,Hugh Fullerton,30,68.02,15,70.11,Carry Optics,U,A140572,MINOR,,91.1429,88.4220,5.2288,24.48,25,,1,,,,,,
fbadc5a1-4590-4352-89a0-bc6545d9ab2d,GPS USPSA October 2022,2022-10-23,4,Bay 7,070942c3-c51b-4eed-9f2c-76786b2c82a8,Doug Joder,31,67.53,3,81.80,PCC,B,A115020,MINOR,,106.3450,87.7929,5.1916,24.27,24,,2,,,,,,
fbadc5a1-4590-4352-89a0-bc6545d9ab2d,GPS USPSA October 2022,2022-10-23,4,Bay 7,070942c3-c51b-4eed-9f2c-76786b2c82a8,Ridong Wen,32,66.60,16,68.65,Carry Optics,B,A99651,MINOR,,89.2447,86.5804,5.1199,24.61,24,,2,,,,,,
fbadc5a1-4590-4352-89a0-bc6545d9ab2d,GPS USPSA October 2022,2022-10-23,4,Bay 7,070942c3-c51b-4eed-9f2c-76786b2c82a8,Yves Perret,33,65.92,1,100.00,Production,A,TY123776,MINOR,,130.0000,85.6909,5.0673,25.26,25,,1,,,,,,
fbadc5a1-4590-4352-89a0-bc6545d9ab2d,GPS USPSA October 2022,2022-10-23,4,Bay 7,070942c3-c51b-4eed-9f2c-76786b2c82a8,Rommel Mercado,34,63.97,1,100.00,Limited,B,Ty70687,MAJOR,Foreign,130.0000,83.1560,4.9174,25.42,21,,5,,,,,,
fbadc5a1-4590-4352-89a0-bc6545d9ab2d,GPS USPSA October 2022,2022-10-23,4,Bay 7,070942c3-c51b-4eed-9f2c-76786b2c82a8,Jonathan Backof,35,63.53,17,65.48,Carry Optics,U,L5308,MINOR,,85.1275,82.5861,4.8837,25.80,25,,,1,,,,,
fbadc5a1-4590-4352-89a0-bc6545d9ab2d,GPS USPSA October 2022,2022-10-23,4,Bay 7,070942c3-c51b-4eed-9f2c-76786b2c82a8,Sobe Mehkri,36,63.33,14,63.33,Open,U,A135105,MINOR,,82.3257,82.3257,4.8683,25.06,23,,2,1,,,,,
fbadc5a1-4590-4352-89a0-bc6545d9ab2d,GPS USPSA October 2022,2022-10-23,4,Bay 7,070942c3-c51b-4eed-9f2c-76786b2c82a8,Marlon Poralan,37,63.24,15,63.24,Open,D,Ty76330,MAJOR,Law Enforcement,82.2090,82.2090,4.8614,22.01,19,,5,1,1,,,,
fbadc5a1-4590-4352-89a0-bc6545d9ab2d,GPS USPSA October 2022,2022-10-23,4,Bay 7,070942c3-c51b-4eed-9f2c-76786b2c82a8,Mike Kahl,38,61.06,18,62.94,Carry Optics,B,TY70984,MINOR,Super Senior,81.8174,79.3748,4.6938,22.37,20,,5,,1,,,,
fbadc5a1-4590-4352-89a0-bc6545d9ab2d,GPS USPSA October 2022,2022-10-23,4,Bay 7,070942c3-c51b-4eed-9f2c-76786b2c82a8,Wade Pruetz,39,60.49,16,60.49,Open,A,TY79055,MAJOR,Senior,78.6308,78.6308,4.6498,17.42,19,,4,,3,,,,
fbadc5a1-4590-4352-89a0-bc6545d9ab2d,GPS USPSA October 2022,2022-10-23,4,Bay 7,070942c3-c51b-4eed-9f2c-76786b2c82a8,Matthew Michna,40,59.00,19,60.82,Carry Optics,A,A128405,MINOR,,79.0598,76.6996,4.5356,18.52,21,,3,,2,,,1,
fbadc5a1-4590-4352-89a0-bc6545d9ab2d,GPS USPSA October 2022,2022-10-23,4,Bay 7,070942c3-c51b-4eed-9f2c-76786b2c82a8,Matt Lem,41,58.61,2,88.92,Production,M,FY34763,MINOR,,115.6000,76.1990,4.5060,24.19,22,,3,,1,,,,
fbadc5a1-4590-4352-89a0-bc6545d9ab2d,GPS USPSA October 2022,2022-10-23,4,Bay 7,070942c3-c51b-4eed-9f2c-76786b2c82a8,Antonio Tormis,42,57.90,20,59.68,Carry Optics,B,A124958,MINOR,,77.5904,75.2740,4.4513,22.69,19,,5,1,1,,,,
fbadc5a1-4590-4352-89a0-bc6545d9ab2d,GPS USPSA October 2022,2022-10-23,4,Bay 7,070942c3-c51b-4eed-9f2c-76786b2c82a8,Eric Mccampbell,43,57.67,2,90.15,Limited,B,A14332,MAJOR,Senior,117.1967,74.9662,4.4331,25.49,17,,5,4,,,,,
fbadc5a1-4590-4352-89a0-bc6545d9ab2d,GPS USPSA October 2022,2022-10-23,4,Bay 7,070942c3-c51b-4eed-9f2c-76786b2c82a8,Norman Oducado,44,57.19,3,86.75,Production,C,A103491,MINOR,,112.7806,74.3406,4.3961,23.43,19,,6,,1,,,,
fbadc5a1-4590-4352-89a0-bc6545d9ab2d,GPS USPSA October 2022,2022-10-23,4,Bay 7,070942c3-c51b-4eed-9f2c-76786b2c82a8,NeaL NaNDiN,45,56.58,21,58.33,Carry Optics,U,fy71894,MINOR,,75.8229,73.5593,4.3499,21.38,16,,7,2,1,,,,
fbadc5a1-4590-4352-89a0-bc6545d9ab2d,GPS USPSA October 2022,2022-10-23,4,Bay 7,070942c3-c51b-4eed-9f2c-76786b2c82a8,Doug Dillon,46,55.65,22,57.37,Carry Optics,B,A71359,MINOR,Law Enforcement,74.5748,72.3485,4.2783,25.01,21,,4,,1,,,,
fbadc5a1-4590-4352-89a0-bc6545d9ab2d,GPS USPSA October 2022,2022-10-23,4,Bay 7,070942c3-c51b-4eed-9f2c-76786b2c82a8,Sheng Onia,47,55.39,23,57.09,Carry Optics,U,0,MINOR,Senior,74.2175,72.0018,4.2578,17.38,21,,3,,2,,,2,
fbadc5a1-4590-4352-89a0-bc6545d9ab2d,GPS USPSA October 2022,2022-10-23,4,Bay 7,070942c3-c51b-4eed-9f2c-76786b2c82a8,Gary Wu,48,54.85,4,83.21,Production,B,L2998,MINOR,Senior,108.1756,71.3051,4.2166,25.85,22,,3,,1,,,,
fbadc5a1-4590-4352-89a0-bc6545d9ab2d,GPS USPSA October 2022,2022-10-23,4,Bay 7,070942c3-c51b-4eed-9f2c-76786b2c82a8,Michael Pontious,49,54.82,24,56.51,Carry Optics,B,fy94575,MINOR,Senior,73.4645,71.2713,4.2146,20.88,19,,4,1,2,,,,
fbadc5a1-4590-4352-89a0-bc6545d9ab2d,GPS USPSA October 2022,2022-10-23,4,Bay 7,070942c3-c51b-4eed-9f2c-76786b2c82a8,Luke Rogers,50,53.14,25,54.78,Carry Optics,B,A133534,MINOR,,71.2124,69.0864,4.0854,21.54,18,,6,,2,,,,
fbadc5a1-4590-4352-89a0-bc6545d9ab2d,GPS USPSA October 2022,2022-10-23,4,Bay 7,070942c3-c51b-4eed-9f2c-76786b2c82a8,John Brunkhorst,51,52.90,26,54.53,Carry Optics,B,A116144,MINOR,,70.8829,68.7668,4.0665,21.64,19,,4,1,2,,,,
fbadc5a1-4590-4352-89a0-bc6545d9ab2d,GPS USPSA October 2022,2022-10-23,4,Bay 7,070942c3-c51b-4eed-9f2c-76786b2c82a8,Drew Yang,52,51.54,5,78.20,Production,C,FY138478,MINOR,,101.6541,67.0064,3.9624,29.78,20,,6,,,,,,
fbadc5a1-4590-4352-89a0-bc6545d9ab2d,GPS USPSA October 2022,2022-10-23,4,Bay 7,070942c3-c51b-4eed-9f2c-76786b2c82a8,Mark Hopmann,53,50.98,4,61.76,PCC,C,TY134553,MINOR,Super Senior,80.2832,66.2776,3.9193,26.28,21,,2,2,1,,,,
fbadc5a1-4590-4352-89a0-bc6545d9ab2d,GPS USPSA October 2022,2022-10-23,4,Bay 7,070942c3-c51b-4eed-9f2c-76786b2c82a8,Monie Perry,54,50.97,17,50.97,Open,U,0,MINOR,,66.2556,66.2556,3.9180,27.31,21,,4,,1,,,,
fbadc5a1-4590-4352-89a0-bc6545d9ab2d,GPS USPSA October 2022,2022-10-23,4,Bay 7,070942c3-c51b-4eed-9f2c-76786b2c82a8,Robbie Boettcher,55,50.35,27,51.90,Carry Optics,C,A139912,MINOR,,67.4752,65.4608,3.8710,31.00,22,,3,1,,,,,
fbadc5a1-4590-4352-89a0-bc6545d9ab2d,GPS USPSA October 2022,2022-10-23,4,Bay 7,070942c3-c51b-4eed-9f2c-76786b2c82a8,Jun Wu,56,46.02,3,71.95,Limited,U,TY104927,MINOR,,93.5305,59.8279,3.5379,27.70,23,,1,,2,,,,
fbadc5a1-4590-4352-89a0-bc6545d9ab2d,GPS USPSA October 2022,2022-10-23,4,Bay 7,070942c3-c51b-4eed-9f2c-76786b2c82a8,Janice Pacleb,57,45.73,18,45.73,Open,B,Ty75597,MAJOR,Lady,59.4457,59.4457,3.5153,21.62,16,,6,1,3,,,,
fbadc5a1-4590-4352-89a0-bc6545d9ab2d,GPS USPSA October 2022,2022-10-23,4,Bay 7,070942c3-c51b-4eed-9f2c-76786b2c82a8,Ryan Schaer,58,45.09,6,68.40,Production,U,A115105,MINOR,,88.9217,58.6137,3.4661,30.87,21,,4,,1,,,,
fbadc5a1-4590-4352-89a0-bc6545d9ab2d,GPS USPSA October 2022,2022-10-23,4,Bay 7,070942c3-c51b-4eed-9f2c-76786b2c82a8,John Hanna,59,42.90,28,44.22,Carry Optics,D,A138989,MINOR,Senior,57.4907,55.7744,3.2982,30.32,24,,,,2,,,,
fbadc5a1-4590-4352-89a0-bc6545d9ab2d,GPS USPSA October 2022,2022-10-23,4,Bay 7,070942c3-c51b-4eed-9f2c-76786b2c82a8,Dale Hamm,60,42.49,4,66.43,Limited,C,TY97196,MAJOR,Senior,86.3556,55.2384,3.2665,34.90,18,,4,4,,,,,
fbadc5a1-4590-4352-89a0-bc6545d9ab2d,GPS USPSA October 2022,2022-10-23,4,Bay 7,070942c3-c51b-4eed-9f2c-76786b2c82a8,Page Brunkhorst,61,42.30,29,43.60,Carry Optics,D,L4903,MINOR,Senior,56.6854,54.9932,3.2520,25.83,18,,4,2,2,,,,
fbadc5a1-4590-4352-89a0-bc6545d9ab2d,GPS USPSA October 2022,2022-10-23,4,Bay 7,070942c3-c51b-4eed-9f2c-76786b2c82a8,George Byrd,62,42.10,19,42.10,Open,C,A84906,MAJOR,Super Senior,54.7277,54.7277,3.2363,39.86,25,,1,,,,,,
fbadc5a1-4590-4352-89a0-bc6545d9ab2d,GPS USPSA October 2022,2022-10-23,4,Bay 7,070942c3-c51b-4eed-9f2c-76786b2c82a8,Gennady Khokhorin,63,41.69,7,63.24,Production,C,A123884,MINOR,Super Senior,82.2156,54.1933,3.2047,27.46,20,,2,2,2,,,,
fbadc5a1-4590-4352-89a0-bc6545d9ab2d,GPS USPSA October 2022,2022-10-23,4,Bay 7,070942c3-c51b-4eed-9f2c-76786b2c82a8,Jason Essazay,64,41.59,30,42.87,Carry Optics,U,A145552,MINOR,,55.7302,54.0665,3.1972,31.59,19,,5,1,1,,,,
fbadc5a1-4590-4352-89a0-bc6545d9ab2d,GPS USPSA October 2022,2022-10-23,4,Bay 7,070942c3-c51b-4eed-9f2c-76786b2c82a8,Manny Nerona,65,40.04,8,60.74,Production,B,A69445,MINOR,,78.9651,52.0507,3.0780,29.24,20,,3,1,2,,,,
fbadc5a1-4590-4352-89a0-bc6545d9ab2d,GPS USPSA October 2022,2022-10-23,4,Bay 7,070942c3-c51b-4eed-9f2c-76786b2c82a8,Edsel Esquivel,66,39.19,31,40.39,Carry Optics,D,0,MINOR,,52.5107,50.9431,3.0125,25.56,19,,4,,3,,,,
fbadc5a1-4590-4352-89a0-bc6545d9ab2d,GPS USPSA October 2022,2022-10-23,4,Bay 7,070942c3-c51b-4eed-9f2c-76786b2c82a8,Taylor Latham,67,38.97,1,100.00,Single Stack,B,TY39841,MAJOR,Senior,130.0000,50.6641,2.9960,27.37,20,,3,,3,,,,
fbadc5a1-4590-4352-89a0-bc6545d9ab2d,GPS USPSA October 2022,2022-10-23,4,Bay 7,070942c3-c51b-4eed-9f2c-76786b2c82a8,Woodward Crowe,68,37.72,32,38.88,Carry Optics,U,0,MINOR,,50.5410,49.0322,2.8995,31.73,20,,4,,2,,,,
fbadc5a1-4590-4352-89a0-bc6545d9ab2d,GPS USPSA October 2022,2022-10-23,4,Bay 7,070942c3-c51b-4eed-9f2c-76786b2c82a8,JR Roberts,69,33.06,2,84.82,Single Stack,D,TY102739,MAJOR,,110.2700,42.9748,2.5413,38.17,21,,3,,2,,,,
fbadc5a1-4590-4352-89a0-bc6545d9ab2d,GPS USPSA October 2022,2022-10-23,4,Bay 7,070942c3-c51b-4eed-9f2c-76786b2c82a8,"Jeff Maxwell, Jr.",70,31.37,3,80.48,Single Stack,C,L4489,MAJOR,Senior,104.6248,40.7748,2.4112,37.74,19,,3,2,2,,,,
fbadc5a1-4590-4352-89a0-bc6545d9ab2d,GPS USPSA October 2022,2022-10-23,4,Bay 7,070942c3-c51b-4eed-9f2c-76786b2c82a8,Kelly Kennedy,71,28.83,33,29.72,Carry Optics,U,A138768,MINOR,Senior,38.6374,37.4840,2.2166,47.37,20,,5,,1,,,,
fbadc5a1-4590-4352-89a0-bc6545d9ab2d,GPS USPSA October 2022,2022-10-23,4,Bay 7,070942c3-c51b-4eed-9f2c-76786b2c82a8,George Zhou,72,23.52,34,24.25,Carry Optics,U,0,MINOR,Senior,31.5221,30.5811,1.8084,31.52,15,,7,1,3,,,1,
fbadc5a1-4590-4352-89a0-bc6545d9ab2d,GPS USPSA October 2022,2022-10-23,4,Bay 7,070942c3-c51b-4eed-9f2c-76786b2c82a8,Kai Li,73,15.21,35,15.67,Carry Optics,U,A142725,MINOR,,20.3768,19.7685,1.1690,29.94,16,,5,,5,,,1,
fbadc5a1-4590-4352-89a0-bc6545d9ab2d,GPS USPSA October 2022,2022-10-23,4,Bay 7,070942c3-c51b-4eed-9f2c-76786b2c82a8,Jimmy Roller,74,10.82,36,11.15,Carry Optics,U,A115113,MINOR,Senior,14.4973,14.0645,0.8317,46.89,14,,6,1,5,,,,
fbadc5a1-4590-4352-89a0-bc6545d9ab2d,GPS USPSA October 2022,2022-10-23,4,Bay 7,070942c3-c51b-4eed-9f2c-76786b2c82a8,Virak Meas,75,2.65,5,4.14,Limited,U,0,MINOR,,5.3852,3.4447,0.2037,24.55,11,,6,2,7,,,,
fbadc5a1-4590-4352-89a0-bc6545d9ab2d,GPS USPSA October 2022,2022-10-23,4,Bay 7,070942c3-c51b-4eed-9f2c-76786b2c82a8,Weldon Nanson,76,0.00,9,0.00,Production,U,0,MINOR,,0.0000,0.0000,0.0000,41.02,11,,4,1,10,,,,
fbadc5a1-4590-4352-89a0-bc6545d9ab2d,GPS USPSA October 2022,2022-10-23,5,Bay 8,2b52b7f7-5c14-4346-b13a-b4e90b6006b2,Bobby Ivester,1,100.00,1,100.00,Open,M,A101336,MAJOR,,130.0000,130.0000,7.7452,16.01,20,,6,,,,,,
fbadc5a1-4590-4352-89a0-bc6545d9ab2d,GPS USPSA October 2022,2022-10-23,5,Bay 8,2b52b7f7-5c14-4346-b13a-b4e90b6006b2,Gil Yolo,2,98.45,2,98.45,Open,M,L5228,MAJOR,,127.9909,127.9909,7.6255,16.13,21,,4,1,,,,,
fbadc5a1-4590-4352-89a0-bc6545d9ab2d,GPS USPSA October 2022,2022-10-23,5,Bay 8,2b52b7f7-5c14-4346-b13a-b4e90b6006b2,Duane Mendoza,3,92.76,3,92.76,Open,B,X,MAJOR,,120.5838,120.5838,7.1842,17.26,22,,3,1,,,,,
fbadc5a1-4590-4352-89a0-bc6545d9ab2d,GPS USPSA October 2022,2022-10-23,5,Bay 8,2b52b7f7-5c14-4346-b13a-b4e90b6006b2,Brandon Foss,4,87.75,1,100.00,Carry Optics,M,L5142,MINOR,Military,130.0000,114.0697,6.7961,18.54,24,,2,,,,,,
fbadc5a1-4590-4352-89a0-bc6545d9ab2d,GPS USPSA October 2022,2022-10-23,5,Bay 8,2b52b7f7-5c14-4346-b13a-b4e90b6006b2,Edwin Garcia,5,83.98,2,95.70,Carry Optics,U,Ty38396,MINOR,,124.4144,109.1686,6.5041,18.45,22,,3,1,,,,,
fbadc5a1-4590-4352-89a0-bc6545d9ab2d,GPS USPSA October 2022,2022-10-23,5,Bay 8,2b52b7f7-5c14-4346-b13a-b4e90b6006b2,Wade Pruetz,6,82.62,4,82.62,Open,A,TY79055,MAJOR,Senior,107.4063,107.4063,6.3991,17.19,22,,2,1,1,,,,
fbadc5a1-4590-4352-89a0-bc6545d9ab2d,GPS USPSA October 2022,2022-10-23,5,Bay 8,2b52b7f7-5c14-4346-b13a-b4e90b6006b2,Mike Junco,7,82.31,3,93.81,Carry Optics,M,TY34819,MINOR,Senior; Law Enforcement,121.9507,107.0068,6.3753,19.45,23,,3,,,,,,
fbadc5a1-4590-4352-89a0-bc6545d9ab2d,GPS USPSA October 2022,2022-10-23,5,Bay 8,2b52b7f7-5c14-4346-b13a-b4e90b6006b2,Jorge Cahas,8,80.61,5,80.61,Open,B,F-44522,MAJOR,Senior,104.7963,104.7963,6.2436,19.54,22,,2,2,,,,,
fbadc5a1-4590-4352-89a0-bc6545d9ab2d,GPS USPSA October 2022,2022-10-23,5,Bay 8,2b52b7f7-5c14-4346-b13a-b4e90b6006b2,Jing Bedro,9,79.34,1,100.00,PCC,B,A98263,MINOR,,130.0000,103.1363,6.1447,20.18,23,,3,,,,,,
fbadc5a1-4590-4352-89a0-bc6545d9ab2d,GPS USPSA October 2022,2022-10-23,5,Bay 8,2b52b7f7-5c14-4346-b13a-b4e90b6006b2,Khoa Nguyen,10,78.77,4,89.77,Carry Optics,M,A117224,MINOR,Law Enforcement,116.7018,102.4011,6.1009,18.03,16,,10,,,,,,
fbadc5a1-4590-4352-89a0-bc6545d9ab2d,GPS USPSA October 2022,2022-10-23,5,Bay 8,2b52b7f7-5c14-4346-b13a-b4e90b6006b2,Sheng Onia,11,78.54,5,89.51,Carry Optics,U,0,MINOR,Senior,116.3575,102.0990,6.0829,19.07,21,,3,2,,,,,
fbadc5a1-4590-4352-89a0-bc6545d9ab2d,GPS USPSA October 2022,2022-10-23,5,Bay 8,2b52b7f7-5c14-4346-b13a-b4e90b6006b2,Matthew Gonzalez,12,78.36,6,89.31,Carry Optics,B,A119810,MINOR,,116.1011,101.8741,6.0695,20.43,23,,3,,,,,,
fbadc5a1-4590-4352-89a0-bc6545d9ab2d,GPS USPSA October 2022,2022-10-23,5,Bay 8,2b52b7f7-5c14-4346-b13a-b4e90b6006b2,John Brunkhorst,13,78.10,7,89.01,Carry Optics,B,A116144,MINOR,,115.7090,101.5300,6.0490,20.83,24,,2,,,,,,
fbadc5a1-4590-4352-89a0-bc6545d9ab2d,GPS USPSA October 2022,2022-10-23,5,Bay 8,2b52b7f7-5c14-4346-b13a-b4e90b6006b2,Andrew Whitley,14,77.44,6,77.44,Open,A,TY106649,MAJOR,,100.6756,100.6756,5.9981,20.84,21,,5,,,,,,
fbadc5a1-4590-4352-89a0-bc6545d9ab2d,GPS USPSA October 2022,2022-10-23,5,Bay 8,2b52b7f7-5c14-4346-b13a-b4e90b6006b2,Matthew Michna,15,77.40,8,88.21,Carry Optics,A,A128405,MINOR,,114.6722,100.6203,5.9948,19.35,19,,7,,,,,,
fbadc5a1-4590-4352-89a0-bc6545d9ab2d,GPS USPSA October 2022,2022-10-23,5,Bay 8,2b52b7f7-5c14-4346-b13a-b4e90b6006b2,Justin Corona,16,76.22,7,76.22,Open,B,L4452,MAJOR,,99.0845,99.0845,5.9033,19.65,18,,5,3,,,,,
fbadc5a1-4590-4352-89a0-bc6545d9ab2d,GPS USPSA October 2022,2022-10-23,5,Bay 8,2b52b7f7-5c14-4346-b13a-b4e90b6006b2,Zvi Davidoff,17,75.61,8,75.61,Open,X,0,MAJOR,,98.2973,98.2973,5.8564,18.10,18,,6,1,1,,,,
fbadc5a1-4590-4352-89a0-bc6545d9ab2d,GPS USPSA October 2022,2022-10-23,5,Bay 8,2b52b7f7-5c14-4346-b13a-b4e90b6006b2,Paul Felker,18,74.79,9,85.24,Carry Optics,M,TY107123,MINOR,,110.8083,97.2298,5.7928,20.37,21,,4,1,,,,,
fbadc5a1-4590-4352-89a0-bc6545d9ab2d,GPS USPSA October 2022,2022-10-23,5,Bay 8,2b52b7f7-5c14-4346-b13a-b4e90b6006b2,Kim Ivester,19,73.74,9,73.74,Open,B,L4935,MAJOR,Lady,95.8669,95.8669,5.7116,21.01,18,,7,1,,,,,
fbadc5a1-4590-4352-89a0-bc6545d9ab2d,GPS USPSA October 2022,2022-10-23,5,Bay 8,2b52b7f7-5c14-4346-b13a-b4e90b6006b2,Zachary Ralston,20,73.21,10,83.44,Carry Optics,B,A123081,MINOR,,108.4669,95.1753,5.6704,18.87,21,,4,,1,,,,
fbadc5a1-4590-4352-89a0-bc6545d9ab2d,GPS USPSA October 2022,2022-10-23,5,Bay 8,2b52b7f7-5c14-4346-b13a-b4e90b6006b2,Jim Havens,21,72.15,11,82.23,Carry Optics,G,TY114636,MINOR,Senior,106.8945,93.7956,5.5882,20.40,19,,6,1,,,,,
fbadc5a1-4590-4352-89a0-bc6545d9ab2d,GPS USPSA October 2022,2022-10-23,5,Bay 8,2b52b7f7-5c14-4346-b13a-b4e90b6006b2,Mike Benitez,22,71.70,12,81.71,Carry Optics,U,A98298,MINOR,,106.2231,93.2065,5.5531,22.69,24,,2,,,,,,
fbadc5a1-4590-4352-89a0-bc6545d9ab2d,GPS USPSA October 2022,2022-10-23,5,Bay 8,2b52b7f7-5c14-4346-b13a-b4e90b6006b2,Kevin Bunurai,23,71.53,13,81.52,Carry Optics,M,TY105111,MINOR,,105.9706,92.9849,5.5399,21.30,21,,4,1,,,,,
fbadc5a1-4590-4352-89a0-bc6545d9ab2d,GPS USPSA October 2022,2022-10-23,5,Bay 8,2b52b7f7-5c14-4346-b13a-b4e90b6006b2,Henry Wong,24,71.10,2,89.62,PCC,U,0,MINOR,,116.5107,92.4344,5.5071,21.79,21,,5,,,,,,
fbadc5a1-4590-4352-89a0-bc6545d9ab2d,GPS USPSA October 2022,2022-10-23,5,Bay 8,2b52b7f7-5c14-4346-b13a-b4e90b6006b2,Edsel Esquivel,25,70.75,14,80.63,Carry Optics,D,0,MINOR,,104.8153,91.9712,5.4795,22.63,23,,3,,,,,,
fbadc5a1-4590-4352-89a0-bc6545d9ab2d,GPS USPSA October 2022,2022-10-23,5,Bay 8,2b52b7f7-5c14-4346-b13a-b4e90b6006b2,Doug Dillon,26,70.67,15,80.54,Carry Optics,B,A71359,MINOR,Law Enforcement,104.7043,91.8738,5.4737,23.75,26,,,,,,,,
fbadc5a1-4590-4352-89a0-bc6545d9ab2d,GPS USPSA October 2022,2022-10-23,5,Bay 8,2b52b7f7-5c14-4346-b13a-b4e90b6006b2,Santiago Labos,27,70.37,10,70.37,Open,A,A100335,MAJOR,,91.4810,91.4810,5.4503,21.65,18,,6,2,,,,,
fbadc5a1-4590-4352-89a0-bc6545d9ab2d,GPS USPSA October 2022,2022-10-23,5,Bay 8,2b52b7f7-5c14-4346-b13a-b4e90b6006b2,John Week,28,69.76,11,69.76,Open,X,x,MAJOR,,90.6821,90.6821,5.4027,19.62,18,,6,1,1,,,,
fbadc5a1-4590-4352-89a0-bc6545d9ab2d,GPS USPSA October 2022,2022-10-23,5,Bay 8,2b52b7f7-5c14-4346-b13a-b4e90b6006b2,Janice Pacleb,29,68.15,12,68.15,Open,B,Ty75597,MAJOR,Lady,88.5941,88.5941,5.2783,20.84,20,,5,,1,,,,
fbadc5a1-4590-4352-89a0-bc6545d9ab2d,GPS USPSA October 2022,2022-10-23,5,Bay 8,2b52b7f7-5c14-4346-b13a-b4e90b6006b2,Ridong Wen,30,67.76,16,77.22,Carry Optics,B,A99651,MINOR,,100.3832,88.0822,5.2478,24.01,24,,2,,,,,,
fbadc5a1-4590-4352-89a0-bc6545d9ab2d,GPS USPSA October 2022,2022-10-23,5,Bay 8,2b52b7f7-5c14-4346-b13a-b4e90b6006b2,Chev Jacot,31,67.69,13,67.69,Open,B,TY72378,MAJOR,,87.9932,87.9932,5.2425,22.89,16,,10,,,,,,
fbadc5a1-4590-4352-89a0-bc6545d9ab2d,GPS USPSA October 2022,2022-10-23,5,Bay 8,2b52b7f7-5c14-4346-b13a-b4e90b6006b2,Marc Demeza,32,67.55,17,76.98,Carry Optics,U,TY142892,MINOR,,100.0733,87.8103,5.2316,23.32,22,,4,,,,,,
fbadc5a1-4590-4352-89a0-bc6545d9ab2d,GPS USPSA October 2022,2022-10-23,5,Bay 8,2b52b7f7-5c14-4346-b13a-b4e90b6006b2,Sobe Mehkri,33,66.78,14,66.78,Open,U,A135105,MINOR,,86.8166,86.8166,5.1724,24.36,24,,2,,,,,,
fbadc5a1-4590-4352-89a0-bc6545d9ab2d,GPS USPSA October 2022,2022-10-23,5,Bay 8,2b52b7f7-5c14-4346-b13a-b4e90b6006b2,Michael Pontious,34,66.66,18,75.97,Carry Optics,B,fy94575,MINOR,Senior,98.7591,86.6572,5.1629,23.63,22,,4,,,,,,
fbadc5a1-4590-4352-89a0-bc6545d9ab2d,GPS USPSA October 2022,2022-10-23,5,Bay 8,2b52b7f7-5c14-4346-b13a-b4e90b6006b2,NeaL NaNDiN,35,66.65,19,75.96,Carry Optics,U,fy71894,MINOR,,98.7496,86.6488,5.1624,22.47,19,,7,,,,,,
fbadc5a1-4590-4352-89a0-bc6545d9ab2d,GPS USPSA October 2022,2022-10-23,5,Bay 8,2b52b7f7-5c14-4346-b13a-b4e90b6006b2,Roman Gwiscz,36,66.47,20,75.75,Carry Optics,A,l4670,MINOR,,98.4741,86.4071,5.1480,23.31,22,,3,1,,,,,
fbadc5a1-4590-4352-89a0-bc6545d9ab2d,GPS USPSA October 2022,2022-10-23,5,Bay 8,2b52b7f7-5c14-4346-b13a-b4e90b6006b2,Devin Yolo,37,65.40,21,74.54,Carry Optics,B,A112987,MINOR,,96.8979,85.0240,5.0656,22.11,20,,3,3,,,,,
fbadc5a1-4590-4352-89a0-bc6545d9ab2d,GPS USPSA October 2022,2022-10-23,5,Bay 8,2b52b7f7-5c14-4346-b13a-b4e90b6006b2,Hugh Fullerton,38,65.11,22,74.20,Carry Optics,U,A140572,MINOR,,96.4599,84.6396,5.0427,24.59,23,,3,,,,,,
fbadc5a1-4590-4352-89a0-bc6545d9ab2d,GPS USPSA October 2022,2022-10-23,5,Bay 8,2b52b7f7-5c14-4346-b13a-b4e90b6006b2,Mark Hopmann,39,62.71,3,79.04,PCC,C,TY134553,MINOR,Super Senior,102.7505,81.5177,4.8567,25.12,23,,2,1,,,,,
fbadc5a1-4590-4352-89a0-bc6545d9ab2d,GPS USPSA October 2022,2022-10-23,5,Bay 8,2b52b7f7-5c14-4346-b13a-b4e90b6006b2,Travis McKenzie,40,62.10,23,70.78,Carry Optics,A,TY139201,MINOR,,92.0106,80.7356,4.8101,23.70,20,,4,2,,,,,
fbadc5a1-4590-4352-89a0-bc6545d9ab2d,GPS USPSA October 2022,2022-10-23,5,Bay 8,2b52b7f7-5c14-4346-b13a-b4e90b6006b2,Rommel Mercado,41,60.67,1,100.00,Limited,B,Ty70687,MAJOR,Foreign,130.0000,78.8775,4.6994,23.62,11,,13,2,,,,,
fbadc5a1-4590-4352-89a0-bc6545d9ab2d,GPS USPSA October 2022,2022-10-23,5,Bay 8,2b52b7f7-5c14-4346-b13a-b4e90b6006b2,Antonio Tormis,42,59.37,24,67.67,Carry Optics,B,A124958,MINOR,,87.9668,77.1873,4.5987,22.18,14,,10,2,,,,,
fbadc5a1-4590-4352-89a0-bc6545d9ab2d,GPS USPSA October 2022,2022-10-23,5,Bay 8,2b52b7f7-5c14-4346-b13a-b4e90b6006b2,Jun Wu,43,59.32,2,97.76,Limited,U,TY104927,MINOR,,127.0898,77.1118,4.5942,26.12,21,,5,,,,,,
fbadc5a1-4590-4352-89a0-bc6545d9ab2d,GPS USPSA October 2022,2022-10-23,5,Bay 8,2b52b7f7-5c14-4346-b13a-b4e90b6006b2,Luke Rogers,44,59.15,25,67.41,Carry Optics,B,A133534,MINOR,,87.6320,76.8936,4.5812,22.92,21,,3,1,1,,,,
fbadc5a1-4590-4352-89a0-bc6545d9ab2d,GPS USPSA October 2022,2022-10-23,5,Bay 8,2b52b7f7-5c14-4346-b13a-b4e90b6006b2,Robbie Boettcher,45,56.58,26,64.48,Carry Optics,C,A139912,MINOR,,83.8235,73.5517,4.3821,29.21,25,,1,,,,,,
fbadc5a1-4590-4352-89a0-bc6545d9ab2d,GPS USPSA October 2022,2022-10-23,5,Bay 8,2b52b7f7-5c14-4346-b13a-b4e90b6006b2,Yves Perret,46,56.12,1,100.00,Production,A,TY123776,MINOR,,130.0000,72.9509,4.3463,27.61,21,,5,,,,,,
fbadc5a1-4590-4352-89a0-bc6545d9ab2d,GPS USPSA October 2022,2022-10-23,5,Bay 8,2b52b7f7-5c14-4346-b13a-b4e90b6006b2,Hunter Tisher,47,55.72,15,55.72,Open,U,A142529,MINOR,,72.4339,72.4339,4.3155,28.27,22,,4,,,,,,
fbadc5a1-4590-4352-89a0-bc6545d9ab2d,GPS USPSA October 2022,2022-10-23,5,Bay 8,2b52b7f7-5c14-4346-b13a-b4e90b6006b2,Doug Joder,48,54.57,4,68.78,PCC,B,A115020,MINOR,,89.4156,70.9384,4.2264,26.50,18,,7,1,,,,,
fbadc5a1-4590-4352-89a0-bc6545d9ab2d,GPS USPSA October 2022,2022-10-23,5,Bay 8,2b52b7f7-5c14-4346-b13a-b4e90b6006b2,Norman Oducado,49,54.28,2,96.73,Production,C,A103491,MINOR,,125.7467,70.5641,4.2041,24.50,20,,4,1,1,,,,
fbadc5a1-4590-4352-89a0-bc6545d9ab2d,GPS USPSA October 2022,2022-10-23,5,Bay 8,2b52b7f7-5c14-4346-b13a-b4e90b6006b2,Marlon Poralan,50,52.54,16,52.54,Open,D,Ty76330,MAJOR,Law Enforcement,68.3015,68.3015,4.0693,26.54,20,,4,1,1,,,,
fbadc5a1-4590-4352-89a0-bc6545d9ab2d,GPS USPSA October 2022,2022-10-23,5,Bay 8,2b52b7f7-5c14-4346-b13a-b4e90b6006b2,Woodward Crowe,51,51.95,27,59.21,Carry Optics,U,0,MINOR,,76.9678,67.5362,4.0237,30.32,22,,4,,,,,,
fbadc5a1-4590-4352-89a0-bc6545d9ab2d,GPS USPSA October 2022,2022-10-23,5,Bay 8,2b52b7f7-5c14-4346-b13a-b4e90b6006b2,Matt Lem,52,51.28,3,91.38,Production,M,FY34763,MINOR,,118.7925,66.6617,3.9716,28.20,18,,7,1,,,,,
fbadc5a1-4590-4352-89a0-bc6545d9ab2d,GPS USPSA October 2022,2022-10-23,5,Bay 8,2b52b7f7-5c14-4346-b13a-b4e90b6006b2,Gary Wu,53,49.66,4,88.49,Production,B,L2998,MINOR,Senior,115.0418,64.5569,3.8462,27.82,21,,4,,1,,,,
fbadc5a1-4590-4352-89a0-bc6545d9ab2d,GPS USPSA October 2022,2022-10-23,5,Bay 8,2b52b7f7-5c14-4346-b13a-b4e90b6006b2,Taylor Latham,54,49.35,1,100.00,Single Stack,B,TY39841,MAJOR,Senior,130.0000,64.1524,3.8221,28.78,20,,5,,1,,,,
fbadc5a1-4590-4352-89a0-bc6545d9ab2d,GPS USPSA October 2022,2022-10-23,5,Bay 8,2b52b7f7-5c14-4346-b13a-b4e90b6006b2,Mike Kahl,55,48.87,28,55.69,Carry Optics,B,TY70984,MINOR,Super Senior,72.4018,63.5297,3.7850,26.42,24,,,,2,,,,
fbadc5a1-4590-4352-89a0-bc6545d9ab2d,GPS USPSA October 2022,2022-10-23,5,Bay 8,2b52b7f7-5c14-4346-b13a-b4e90b6006b2,Manny Nerona,56,48.74,5,86.85,Production,B,A69445,MINOR,,112.9062,63.3585,3.7748,30.73,19,,7,,,,,,
fbadc5a1-4590-4352-89a0-bc6545d9ab2d,GPS USPSA October 2022,2022-10-23,5,Bay 8,2b52b7f7-5c14-4346-b13a-b4e90b6006b2,CHAN WILLIAM,57,46.89,17,46.89,Open,U,0,MINOR,,60.9566,60.9566,3.6317,19.55,17,,5,1,3,,,,
fbadc5a1-4590-4352-89a0-bc6545d9ab2d,GPS USPSA October 2022,2022-10-23,5,Bay 8,2b52b7f7-5c14-4346-b13a-b4e90b6006b2,Ryan Schaer,58,46.85,6,83.49,Production,U,A115105,MINOR,,108.5362,60.9062,3.6287,33.07,21,,5,,,,,,
fbadc5a1-4590-4352-89a0-bc6545d9ab2d,GPS USPSA October 2022,2022-10-23,5,Bay 8,2b52b7f7-5c14-4346-b13a-b4e90b6006b2,Eric Mccampbell,59,46.47,3,76.59,Limited,B,A14332,MAJOR,Senior,99.5651,60.4111,3.5992,24.45,18,,3,3,2,,,,
fbadc5a1-4590-4352-89a0-bc6545d9ab2d,GPS USPSA October 2022,2022-10-23,5,Bay 8,2b52b7f7-5c14-4346-b13a-b4e90b6006b2,Drew Yang,60,45.81,7,81.63,Production,C,FY138478,MINOR,,106.1165,59.5484,3.5478,28.75,15,,8,3,,,,,
fbadc5a1-4590-4352-89a0-bc6545d9ab2d,GPS USPSA October 2022,2022-10-23,5,Bay 8,2b52b7f7-5c14-4346-b13a-b4e90b6006b2,John Hanna,61,43.77,29,49.88,Carry Optics,D,A138989,MINOR,Senior,64.8422,56.8964,3.3898,34.81,21,,4,1,,,,,
fbadc5a1-4590-4352-89a0-bc6545d9ab2d,GPS USPSA October 2022,2022-10-23,5,Bay 8,2b52b7f7-5c14-4346-b13a-b4e90b6006b2,Monie Perry,62,41.45,18,41.45,Open,U,0,MINOR,,53.8785,53.8785,3.2100,28.66,20,,4,,2,,,,
fbadc5a1-4590-4352-89a0-bc6545d9ab2d,GPS USPSA October 2022,2022-10-23,5,Bay 8,2b52b7f7-5c14-4346-b13a-b4e90b6006b2,George Byrd,63,41.38,19,41.38,Open,C,A84906,MAJOR,Super Senior,53.7963,53.7963,3.2051,39.00,21,,5,,,,,,
fbadc5a1-4590-4352-89a0-bc6545d9ab2d,GPS USPSA October 2022,2022-10-23,5,Bay 8,2b52b7f7-5c14-4346-b13a-b4e90b6006b2,Jonathan Backof,64,41.10,30,46.83,Carry Optics,U,L5308,MINOR,,60.8845,53.4237,3.1829,32.36,20,,4,1,1,,,,
fbadc5a1-4590-4352-89a0-bc6545d9ab2d,GPS USPSA October 2022,2022-10-23,5,Bay 8,2b52b7f7-5c14-4346-b13a-b4e90b6006b2,JR Roberts,65,39.32,2,79.68,Single Stack,D,TY102739,MAJOR,,103.5789,51.1141,3.0453,40.39,21,,4,1,,,,,
fbadc5a1-4590-4352-89a0-bc6545d9ab2d,GPS USPSA October 2022,2022-10-23,5,Bay 8,2b52b7f7-5c14-4346-b13a-b4e90b6006b2,Jason Essazay,66,38.80,31,44.21,Carry Optics,U,A145552,MINOR,,57.4777,50.4343,3.0048,35.61,21,,4,,1,,,,
fbadc5a1-4590-4352-89a0-bc6545d9ab2d,GPS USPSA October 2022,2022-10-23,5,Bay 8,2b52b7f7-5c14-4346-b13a-b4e90b6006b2,"Jeff Maxwell, Jr.",67,37.41,3,75.81,Single Stack,C,L4489,MAJOR,Senior,98.5484,48.6317,2.8974,36.24,19,,4,2,1,,,,
fbadc5a1-4590-4352-89a0-bc6545d9ab2d,GPS USPSA October 2022,2022-10-23,5,Bay 8,2b52b7f7-5c14-4346-b13a-b4e90b6006b2,Gennady Khokhorin,68,37.20,8,66.30,Production,C,A123884,MINOR,Super Senior,86.1871,48.3648,2.8815,30.54,19,,4,1,2,,,,
fbadc5a1-4590-4352-89a0-bc6545d9ab2d,GPS USPSA October 2022,2022-10-23,5,Bay 8,2b52b7f7-5c14-4346-b13a-b4e90b6006b2,Dale Hamm,69,35.86,4,59.11,Limited,C,TY97196,MAJOR,Senior,76.8426,46.6242,2.7778,38.88,20,,4,1,1,,,,
fbadc5a1-4590-4352-89a0-bc6545d9ab2d,GPS USPSA October 2022,2022-10-23,5,Bay 8,2b52b7f7-5c14-4346-b13a-b4e90b6006b2,Virak Meas,70,35.68,5,58.81,Limited,U,0,MINOR,,76.4498,46.3859,2.7636,27.50,14,,8,2,2,,,,
fbadc5a1-4590-4352-89a0-bc6545d9ab2d,GPS USPSA October 2022,2022-10-23,5,Bay 8,2b52b7f7-5c14-4346-b13a-b4e90b6006b2,Weldon Nanson,71,35.60,9,63.44,Production,U,0,MINOR,,82.4782,46.2835,2.7575,38.44,16,,8,2,,,,,
fbadc5a1-4590-4352-89a0-bc6545d9ab2d,GPS USPSA October 2022,2022-10-23,5,Bay 8,2b52b7f7-5c14-4346-b13a-b4e90b6006b2,Page Brunkhorst,72,31.58,32,35.99,Carry Optics,D,L4903,MINOR,Senior,46.7829,41.0501,2.4457,29.44,13,,8,3,2,,,,
fbadc5a1-4590-4352-89a0-bc6545d9ab2d,GPS USPSA October 2022,2022-10-23,5,Bay 8,2b52b7f7-5c14-4346-b13a-b4e90b6006b2,George Zhou,73,27.66,33,31.53,Carry Optics,U,0,MINOR,Senior,40.9831,35.9610,2.1425,37.34,16,,6,2,2,,,,
fbadc5a1-4590-4352-89a0-bc6545d9ab2d,GPS USPSA October 2022,2022-10-23,5,Bay 8,2b52b7f7-5c14-4346-b13a-b4e90b6006b2,Kai Li,74,21.59,34,24.61,Carry Optics,U,A142725,MINOR,,31.9888,28.0689,1.6723,35.28,17,,4,2,3,,,1,
fbadc5a1-4590-4352-89a0-bc6545d9ab2d,GPS USPSA October 2022,2022-10-23,5,Bay 8,2b52b7f7-5c14-4346-b13a-b4e90b6006b2,Jimmy Roller,75,16.36,35,18.64,Carry Optics,U,A115113,MINOR,Senior,24.2340,21.2644,1.2669,46.57,12,,9,2,3,,,,
fbadc5a1-4590-4352-89a0-bc6545d9ab2d,GPS USPSA October 2022,2022-10-23,5,Bay 8,2b52b7f7-5c14-4346-b13a-b4e90b6006b2,Kelly Kennedy,76,13.92,36,15.86,Carry Optics,U,A138768,MINOR,Senior,20.6168,18.0904,1.0778,46.39,13,,8,1,4,,,,
fbadc5a1-4590-4352-89a0-bc6545d9ab2d,GPS USPSA October 2022,2022-10-23,6,Bay 9,6c2d1dd2-2a9d-4c4b-a747-25e7699204d7,Zvi Davidoff,1,100.00,1,100.00,Open,X,0,MAJOR,,130.0000,130.0000,6.9503,16.69,14,,11,1,,,,,
fbadc5a1-4590-4352-89a0-bc6545d9ab2d,GPS USPSA October 2022,2022-10-23,6,Bay 9,6c2d1dd2-2a9d-4c4b-a747-25e7699204d7,Bobby Ivester,2,97.90,2,97.90,Open,M,A101336,MAJOR,,127.2711,127.2711,6.8044,16.46,18,,3,5,,,,,
fbadc5a1-4590-4352-89a0-bc6545d9ab2d,GPS USPSA October 2022,2022-10-23,6,Bay 9,6c2d1dd2-2a9d-4c4b-a747-25e7699204d7,Edwin Garcia,3,97.77,1,100.00,Carry Optics,U,Ty38396,MINOR,,130.0000,127.0952,6.7950,17.66,22,,3,1,,,,,
fbadc5a1-4590-4352-89a0-bc6545d9ab2d,GPS USPSA October 2022,2022-10-23,6,Bay 9,6c2d1dd2-2a9d-4c4b-a747-25e7699204d7,Wade Pruetz,4,94.56,3,94.56,Open,A,TY79055,MAJOR,Senior,122.9335,122.9335,6.5725,18.41,17,,9,,,,,,
fbadc5a1-4590-4352-89a0-bc6545d9ab2d,GPS USPSA October 2022,2022-10-23,6,Bay 9,6c2d1dd2-2a9d-4c4b-a747-25e7699204d7,Santiago Labos,5,92.48,4,92.48,Open,A,A100335,MAJOR,,120.2270,120.2270,6.4278,18.98,20,,5,1,,,,,
fbadc5a1-4590-4352-89a0-bc6545d9ab2d,GPS USPSA October 2022,2022-10-23,6,Bay 9,6c2d1dd2-2a9d-4c4b-a747-25e7699204d7,Duane Mendoza,6,90.49,5,90.49,Open,B,X,MAJOR,,117.6365,117.6365,6.2893,19.08,20,,4,2,,,,,
fbadc5a1-4590-4352-89a0-bc6545d9ab2d,GPS USPSA October 2022,2022-10-23,6,Bay 9,6c2d1dd2-2a9d-4c4b-a747-25e7699204d7,Justin Corona,7,85.66,6,85.66,Open,B,L4452,MAJOR,,111.3575,111.3575,5.9536,19.82,18,,6,2,,,,,
fbadc5a1-4590-4352-89a0-bc6545d9ab2d,GPS USPSA October 2022,2022-10-23,6,Bay 9,6c2d1dd2-2a9d-4c4b-a747-25e7699204d7,Brandon Foss,8,84.51,2,86.44,Carry Optics,M,L5142,MINOR,Military,112.3682,109.8574,5.8734,19.75,20,,5,1,,,,,
fbadc5a1-4590-4352-89a0-bc6545d9ab2d,GPS USPSA October 2022,2022-10-23,6,Bay 9,6c2d1dd2-2a9d-4c4b-a747-25e7699204d7,Kevin Bunurai,9,83.51,3,85.42,Carry Optics,M,TY105111,MINOR,,111.0462,108.5650,5.8043,18.09,20,,5,,1,,,,
fbadc5a1-4590-4352-89a0-bc6545d9ab2d,GPS USPSA October 2022,2022-10-23,6,Bay 9,6c2d1dd2-2a9d-4c4b-a747-25e7699204d7,Gil Yolo,10,81.07,7,81.07,Open,M,L5228,MAJOR,,105.3908,105.3908,5.6346,18.28,19,,3,3,1,,,,
fbadc5a1-4590-4352-89a0-bc6545d9ab2d,GPS USPSA October 2022,2022-10-23,6,Bay 9,6c2d1dd2-2a9d-4c4b-a747-25e7699204d7,Jorge Cahas,11,78.69,8,78.69,Open,B,F-44522,MAJOR,Senior,102.2953,102.2953,5.4691,21.21,16,,8,2,,,,,
fbadc5a1-4590-4352-89a0-bc6545d9ab2d,GPS USPSA October 2022,2022-10-23,6,Bay 9,6c2d1dd2-2a9d-4c4b-a747-25e7699204d7,Paul Felker,12,78.33,4,80.12,Carry Optics,M,TY107123,MINOR,,104.1550,101.8277,5.4441,20.94,19,,6,1,,,,,
fbadc5a1-4590-4352-89a0-bc6545d9ab2d,GPS USPSA October 2022,2022-10-23,6,Bay 9,6c2d1dd2-2a9d-4c4b-a747-25e7699204d7,Khoa Nguyen,13,77.85,5,79.63,Carry Optics,M,A117224,MINOR,Law Enforcement,103.5160,101.2030,5.4107,20.33,18,,6,2,,,,,
fbadc5a1-4590-4352-89a0-bc6545d9ab2d,GPS USPSA October 2022,2022-10-23,6,Bay 9,6c2d1dd2-2a9d-4c4b-a747-25e7699204d7,Mike Benitez,14,76.88,6,78.64,Carry Optics,U,A98298,MINOR,,102.2303,99.9460,5.3435,20.96,17,,9,,,,,,
fbadc5a1-4590-4352-89a0-bc6545d9ab2d,GPS USPSA October 2022,2022-10-23,6,Bay 9,6c2d1dd2-2a9d-4c4b-a747-25e7699204d7,Marc Demeza,15,76.82,7,78.58,Carry Optics,U,TY142892,MINOR,,102.1519,99.8694,5.3394,22.10,20,,6,,,,,,
fbadc5a1-4590-4352-89a0-bc6545d9ab2d,GPS USPSA October 2022,2022-10-23,6,Bay 9,6c2d1dd2-2a9d-4c4b-a747-25e7699204d7,Zachary Ralston,16,76.20,8,77.94,Carry Optics,B,A123081,MINOR,,101.3235,99.0595,5.2961,20.77,17,,8,1,,,,,
fbadc5a1-4590-4352-89a0-bc6545d9ab2d,GPS USPSA October 2022,2022-10-23,6,Bay 9,6c2d1dd2-2a9d-4c4b-a747-25e7699204d7,Kim Ivester,17,74.65,9,74.65,Open,B,L4935,MAJOR,Lady,97.0450,97.0450,5.1884,20.43,18,,6,1,1,,,,
fbadc5a1-4590-4352-89a0-bc6545d9ab2d,GPS USPSA October 2022,2022-10-23,6,Bay 9,6c2d1dd2-2a9d-4c4b-a747-25e7699204d7,Devin Yolo,18,74.32,9,76.02,Carry Optics,B,A112987,MINOR,,98.8287,96.6204,5.1657,23.23,21,,5,,,,,,
fbadc5a1-4590-4352-89a0-bc6545d9ab2d,GPS USPSA October 2022,2022-10-23,6,Bay 9,6c2d1dd2-2a9d-4c4b-a747-25e7699204d7,Luke Rogers,19,72.41,10,74.06,Carry Optics,B,A133534,MINOR,,96.2804,94.1290,5.0325,23.05,21,,3,2,,,,,
fbadc5a1-4590-4352-89a0-bc6545d9ab2d,GPS USPSA October 2022,2022-10-23,6,Bay 9,6c2d1dd2-2a9d-4c4b-a747-25e7699204d7,Henry Wong,20,71.20,1,100.00,PCC,U,0,MINOR,,130.0000,92.5541,4.9483,22.23,18,,6,2,,,,,
fbadc5a1-4590-4352-89a0-bc6545d9ab2d,GPS USPSA October 2022,2022-10-23,6,Bay 9,6c2d1dd2-2a9d-4c4b-a747-25e7699204d7,John Week,21,69.39,10,69.39,Open,X,x,MAJOR,,90.2049,90.2049,4.8227,21.15,14,,10,1,1,,,,
fbadc5a1-4590-4352-89a0-bc6545d9ab2d,GPS USPSA October 2022,2022-10-23,6,Bay 9,6c2d1dd2-2a9d-4c4b-a747-25e7699204d7,Norman Oducado,22,68.51,1,100.00,Production,C,A103491,MINOR,,130.0000,89.0677,4.7619,24.78,21,,4,1,,,,,
fbadc5a1-4590-4352-89a0-bc6545d9ab2d,GPS USPSA October 2022,2022-10-23,6,Bay 9,6c2d1dd2-2a9d-4c4b-a747-25e7699204d7,Travis McKenzie,23,68.18,11,69.74,Carry Optics,A,TY139201,MINOR,,90.6575,88.6319,4.7386,20.47,17,,7,1,1,,,,
fbadc5a1-4590-4352-89a0-bc6545d9ab2d,GPS USPSA October 2022,2022-10-23,6,Bay 9,6c2d1dd2-2a9d-4c4b-a747-25e7699204d7,Chev Jacot,24,67.30,11,67.30,Open,B,TY72378,MAJOR,,87.4909,87.4909,4.6776,22.02,17,,6,2,1,,,,
fbadc5a1-4590-4352-89a0-bc6545d9ab2d,GPS USPSA October 2022,2022-10-23,6,Bay 9,6c2d1dd2-2a9d-4c4b-a747-25e7699204d7,Sheng Onia,25,66.75,12,68.28,Carry Optics,U,0,MINOR,Senior,88.7635,86.7801,4.6396,22.20,19,,6,,1,,,,
fbadc5a1-4590-4352-89a0-bc6545d9ab2d,GPS USPSA October 2022,2022-10-23,6,Bay 9,6c2d1dd2-2a9d-4c4b-a747-25e7699204d7,Mike Junco,26,66.62,13,68.14,Carry Optics,M,TY34819,MINOR,Senior; Law Enforcement,88.5798,86.6006,4.6300,22.03,15,,8,3,,,,,
fbadc5a1-4590-4352-89a0-bc6545d9ab2d,GPS USPSA October 2022,2022-10-23,6,Bay 9,6c2d1dd2-2a9d-4c4b-a747-25e7699204d7,Sobe Mehkri,27,66.22,12,66.22,Open,U,A135105,MINOR,,86.0825,86.0825,4.6023,24.77,19,,6,1,,,,,
fbadc5a1-4590-4352-89a0-bc6545d9ab2d,GPS USPSA October 2022,2022-10-23,6,Bay 9,6c2d1dd2-2a9d-4c4b-a747-25e7699204d7,Mike Kahl,28,66.06,14,67.57,Carry Optics,B,TY70984,MINOR,Super Senior,87.8375,85.8749,4.5912,24.83,20,,4,2,,,,,
fbadc5a1-4590-4352-89a0-bc6545d9ab2d,GPS USPSA October 2022,2022-10-23,6,Bay 9,6c2d1dd2-2a9d-4c4b-a747-25e7699204d7,Matthew Gonzalez,29,65.68,15,67.18,Carry Optics,B,A119810,MINOR,,87.3382,85.3867,4.5651,20.81,16,,8,1,1,,,,
fbadc5a1-4590-4352-89a0-bc6545d9ab2d,GPS USPSA October 2022,2022-10-23,6,Bay 9,6c2d1dd2-2a9d-4c4b-a747-25e7699204d7,Hunter Tisher,30,64.86,13,64.86,Open,U,A142529,MINOR,,84.3224,84.3224,4.5082,24.40,18,,6,2,,,,,
fbadc5a1-4590-4352-89a0-bc6545d9ab2d,GPS USPSA October 2022,2022-10-23,6,Bay 9,6c2d1dd2-2a9d-4c4b-a747-25e7699204d7,Rommel Mercado,31,62.42,1,100.00,Limited,B,Ty70687,MAJOR,Foreign,130.0000,81.1446,4.3383,27.43,17,,8,1,,,,,
fbadc5a1-4590-4352-89a0-bc6545d9ab2d,GPS USPSA October 2022,2022-10-23,6,Bay 9,6c2d1dd2-2a9d-4c4b-a747-25e7699204d7,Andrew Whitley,32,62.34,14,62.34,Open,A,TY106649,MAJOR,,81.0361,81.0361,4.3325,19.85,16,,5,3,2,,,,
fbadc5a1-4590-4352-89a0-bc6545d9ab2d,GPS USPSA October 2022,2022-10-23,6,Bay 9,6c2d1dd2-2a9d-4c4b-a747-25e7699204d7,Manny Nerona,33,61.88,2,90.32,Production,B,A69445,MINOR,,117.4201,80.4488,4.3011,26.04,19,,5,2,,,,,
fbadc5a1-4590-4352-89a0-bc6545d9ab2d,GPS USPSA October 2022,2022-10-23,6,Bay 9,6c2d1dd2-2a9d-4c4b-a747-25e7699204d7,Janice Pacleb,34,61.67,15,61.67,Open,B,Ty75597,MAJOR,Lady,80.1719,80.1719,4.2863,24.73,20,,3,2,1,,,,
fbadc5a1-4590-4352-89a0-bc6545d9ab2d,GPS USPSA October 2022,2022-10-23,6,Bay 9,6c2d1dd2-2a9d-4c4b-a747-25e7699204d7,John Brunkhorst,35,60.22,16,61.60,Carry Optics,B,A116144,MINOR,,80.0796,78.2903,4.1857,26.28,16,,10,,,,,,
fbadc5a1-4590-4352-89a0-bc6545d9ab2d,GPS USPSA October 2022,2022-10-23,6,Bay 9,6c2d1dd2-2a9d-4c4b-a747-25e7699204d7,Mark Hopmann,36,59.34,2,83.35,PCC,C,TY134553,MINOR,Super Senior,108.3574,77.1456,4.1245,25.70,16,,8,2,,,,,
fbadc5a1-4590-4352-89a0-bc6545d9ab2d,GPS USPSA October 2022,2022-10-23,6,Bay 9,6c2d1dd2-2a9d-4c4b-a747-25e7699204d7,Taylor Latham,37,58.64,1,100.00,Single Stack,B,TY39841,MAJOR,Senior,130.0000,76.2366,4.0759,28.46,16,,8,2,,,,,
fbadc5a1-4590-4352-89a0-bc6545d9ab2d,GPS USPSA October 2022,2022-10-23,6,Bay 9,6c2d1dd2-2a9d-4c4b-a747-25e7699204d7,Doug Dillon,38,57.07,17,58.38,Carry Optics,B,A71359,MINOR,Law Enforcement,75.8879,74.1922,3.9666,28.74,18,,8,,,,,,
fbadc5a1-4590-4352-89a0-bc6545d9ab2d,GPS USPSA October 2022,2022-10-23,6,Bay 9,6c2d1dd2-2a9d-4c4b-a747-25e7699204d7,Eric Mccampbell,39,57.02,2,91.36,Limited,B,A14332,MAJOR,Senior,118.7629,74.1305,3.9633,30.53,17,,9,,,,,,
fbadc5a1-4590-4352-89a0-bc6545d9ab2d,GPS USPSA October 2022,2022-10-23,6,Bay 9,6c2d1dd2-2a9d-4c4b-a747-25e7699204d7,NeaL NaNDiN,40,56.89,18,58.19,Carry Optics,U,fy71894,MINOR,,75.6487,73.9584,3.9541,23.52,16,,7,2,1,,,,
fbadc5a1-4590-4352-89a0-bc6545d9ab2d,GPS USPSA October 2022,2022-10-23,6,Bay 9,6c2d1dd2-2a9d-4c4b-a747-25e7699204d7,Jing Bedro,41,56.76,3,79.73,PCC,B,A98263,MINOR,,103.6469,73.7919,3.9452,18.25,16,,7,1,2,,,1,
fbadc5a1-4590-4352-89a0-bc6545d9ab2d,GPS USPSA October 2022,2022-10-23,6,Bay 9,6c2d1dd2-2a9d-4c4b-a747-25e7699204d7,Gary Wu,42,56.14,3,81.94,Production,B,L2998,MINOR,Senior,106.5220,72.9820,3.9019,26.91,20,,5,,1,,,,
fbadc5a1-4590-4352-89a0-bc6545d9ab2d,GPS USPSA October 2022,2022-10-23,6,Bay 9,6c2d1dd2-2a9d-4c4b-a747-25e7699204d7,Michael Pontious,43,55.28,19,56.54,Carry Optics,B,fy94575,MINOR,Senior,73.5002,71.8579,3.8418,26.55,16,,6,4,,,,,
fbadc5a1-4590-4352-89a0-bc6545d9ab2d,GPS USPSA October 2022,2022-10-23,6,Bay 9,6c2d1dd2-2a9d-4c4b-a747-25e7699204d7,Yves Perret,44,54.72,4,79.87,Production,A,TY123776,MINOR,,103.8329,71.1397,3.8034,27.87,16,,8,2,,,,,
fbadc5a1-4590-4352-89a0-bc6545d9ab2d,GPS USPSA October 2022,2022-10-23,6,Bay 9,6c2d1dd2-2a9d-4c4b-a747-25e7699204d7,Jim Havens,45,53.51,20,54.73,Carry Optics,G,TY114636,MINOR,Senior,71.1508,69.5610,3.7190,24.20,20,,3,1,2,,,,
fbadc5a1-4590-4352-89a0-bc6545d9ab2d,GPS USPSA October 2022,2022-10-23,6,Bay 9,6c2d1dd2-2a9d-4c4b-a747-25e7699204d7,Roman Gwiscz,46,53.29,21,54.51,Carry Optics,A,l4670,MINOR,,70.8581,69.2749,3.7037,25.11,16,,7,2,1,,,,
fbadc5a1-4590-4352-89a0-bc6545d9ab2d,GPS USPSA October 2022,2022-10-23,6,Bay 9,6c2d1dd2-2a9d-4c4b-a747-25e7699204d7,Doug Joder,47,53.10,4,74.58,PCC,B,A115020,MINOR,,96.9555,69.0280,3.6905,30.89,19,,6,1,,,,,
fbadc5a1-4590-4352-89a0-bc6545d9ab2d,GPS USPSA October 2022,2022-10-23,6,Bay 9,6c2d1dd2-2a9d-4c4b-a747-25e7699204d7,George Byrd,48,49.24,16,49.24,Open,C,A84906,MAJOR,Super Senior,64.0171,64.0171,3.4226,36.23,20,,6,,,,,,
fbadc5a1-4590-4352-89a0-bc6545d9ab2d,GPS USPSA October 2022,2022-10-23,6,Bay 9,6c2d1dd2-2a9d-4c4b-a747-25e7699204d7,Matt Lem,49,49.19,5,71.80,Production,M,FY34763,MINOR,,93.3443,63.9535,3.4192,23.69,12,,9,4,1,,,,
fbadc5a1-4590-4352-89a0-bc6545d9ab2d,GPS USPSA October 2022,2022-10-23,6,Bay 9,6c2d1dd2-2a9d-4c4b-a747-25e7699204d7,Jonathan Backof,50,48.70,22,49.81,Carry Optics,U,L5308,MINOR,,64.7589,63.3119,3.3849,34.27,19,,7,,,,,,
fbadc5a1-4590-4352-89a0-bc6545d9ab2d,GPS USPSA October 2022,2022-10-23,6,Bay 9,6c2d1dd2-2a9d-4c4b-a747-25e7699204d7,Edsel Esquivel,51,48.46,23,49.57,Carry Optics,D,0,MINOR,,64.4433,63.0033,3.3684,23.75,15,,8,1,2,,,,
fbadc5a1-4590-4352-89a0-bc6545d9ab2d,GPS USPSA October 2022,2022-10-23,6,Bay 9,6c2d1dd2-2a9d-4c4b-a747-25e7699204d7,CHAN WILLIAM,52,48.09,17,48.09,Open,U,0,MINOR,,62.5226,62.5226,3.3427,21.24,17,,5,1,3,,,,
fbadc5a1-4590-4352-89a0-bc6545d9ab2d,GPS USPSA October 2022,2022-10-23,6,Bay 9,6c2d1dd2-2a9d-4c4b-a747-25e7699204d7,Jason Essazay,53,47.05,24,48.12,Carry Optics,U,A145552,MINOR,,62.5588,61.1610,3.2699,37.31,22,,4,,,,,,
fbadc5a1-4590-4352-89a0-bc6545d9ab2d,GPS USPSA October 2022,2022-10-23,6,Bay 9,6c2d1dd2-2a9d-4c4b-a747-25e7699204d7,Hugh Fullerton,54,44.77,25,45.79,Carry Optics,U,A140572,MINOR,,59.5264,58.1963,3.1114,27.64,19,,3,2,2,,,,
fbadc5a1-4590-4352-89a0-bc6545d9ab2d,GPS USPSA October 2022,2022-10-23,6,Bay 9,6c2d1dd2-2a9d-4c4b-a747-25e7699204d7,Ridong Wen,55,44.75,26,45.77,Carry Optics,B,A99651,MINOR,,59.5073,58.1776,3.1104,25.72,15,,8,1,2,,,,
fbadc5a1-4590-4352-89a0-bc6545d9ab2d,GPS USPSA October 2022,2022-10-23,6,Bay 9,6c2d1dd2-2a9d-4c4b-a747-25e7699204d7,Monie Perry,56,44.35,18,44.35,Open,U,0,MINOR,,57.6595,57.6595,3.0827,34.71,21,,4,,1,,,,
fbadc5a1-4590-4352-89a0-bc6545d9ab2d,GPS USPSA October 2022,2022-10-23,6,Bay 9,6c2d1dd2-2a9d-4c4b-a747-25e7699204d7,Matthew Michna,57,43.96,27,44.96,Carry Optics,A,A128405,MINOR,,58.4512,57.1452,3.0552,21.93,15,,7,1,3,,,,
fbadc5a1-4590-4352-89a0-bc6545d9ab2d,GPS USPSA October 2022,2022-10-23,6,Bay 9,6c2d1dd2-2a9d-4c4b-a747-25e7699204d7,Marlon Poralan,58,42.81,19,42.81,Open,D,Ty76330,MAJOR,Law Enforcement,55.6488,55.6488,2.9752,30.25,16,,7,1,2,,,,
fbadc5a1-4590-4352-89a0-bc6545d9ab2d,GPS USPSA October 2022,2022-10-23,6,Bay 9,6c2d1dd2-2a9d-4c4b-a747-25e7699204d7,Page Brunkhorst,59,42.06,28,43.02,Carry Optics,D,L4903,MINOR,Senior,55.9258,54.6762,2.9232,31.13,14,,10,1,1,,,,
fbadc5a1-4590-4352-89a0-bc6545d9ab2d,GPS USPSA October 2022,2022-10-23,6,Bay 9,6c2d1dd2-2a9d-4c4b-a747-25e7699204d7,Ryan Schaer,60,40.25,6,58.74,Production,U,A115105,MINOR,,76.3636,52.3195,2.7972,37.18,17,,5,4,,,,,
fbadc5a1-4590-4352-89a0-bc6545d9ab2d,GPS USPSA October 2022,2022-10-23,6,Bay 9,6c2d1dd2-2a9d-4c4b-a747-25e7699204d7,JR Roberts,61,38.50,2,65.65,Single Stack,D,TY102739,MAJOR,,85.3409,50.0469,2.6757,41.11,20,,5,,1,,,,
fbadc5a1-4590-4352-89a0-bc6545d9ab2d,GPS USPSA October 2022,2022-10-23,6,Bay 9,6c2d1dd2-2a9d-4c4b-a747-25e7699204d7,Robbie Boettcher,62,35.58,29,36.40,Carry Optics,C,A139912,MINOR,,47.3146,46.2574,2.4731,49.33,22,,4,,,,,,
fbadc5a1-4590-4352-89a0-bc6545d9ab2d,GPS USPSA October 2022,2022-10-23,6,Bay 9,6c2d1dd2-2a9d-4c4b-a747-25e7699204d7,John Hanna,63,34.96,30,35.76,Carry Optics,D,A138989,MINOR,Senior,46.4882,45.4494,2.4299,37.45,13,,12,,1,,,,
fbadc5a1-4590-4352-89a0-bc6545d9ab2d,GPS USPSA October 2022,2022-10-23,6,Bay 9,6c2d1dd2-2a9d-4c4b-a747-25e7699204d7,Drew Yang,64,34.22,7,49.95,Production,C,FY138478,MINOR,,64.9304,44.4861,2.3784,28.17,17,,3,3,3,,,,
fbadc5a1-4590-4352-89a0-bc6545d9ab2d,GPS USPSA October 2022,2022-10-23,6,Bay 9,6c2d1dd2-2a9d-4c4b-a747-25e7699204d7,Gennady Khokhorin,65,34.09,8,49.76,Production,C,A123884,MINOR,Super Senior,64.6929,44.3234,2.3697,27.43,14,,8,1,3,,,,
fbadc5a1-4590-4352-89a0-bc6545d9ab2d,GPS USPSA October 2022,2022-10-23,6,Bay 9,6c2d1dd2-2a9d-4c4b-a747-25e7699204d7,Kai Li,66,34.00,31,34.78,Carry Optics,U,A142725,MINOR,,45.2102,44.2000,2.3631,45.28,21,,4,,1,,,,
fbadc5a1-4590-4352-89a0-bc6545d9ab2d,GPS USPSA October 2022,2022-10-23,6,Bay 9,6c2d1dd2-2a9d-4c4b-a747-25e7699204d7,Kelly Kennedy,67,32.61,32,33.36,Carry Optics,U,A138768,MINOR,Senior,43.3620,42.3931,2.2665,43.68,17,,8,,1,,,,
fbadc5a1-4590-4352-89a0-bc6545d9ab2d,GPS USPSA October 2022,2022-10-23,6,Bay 9,6c2d1dd2-2a9d-4c4b-a747-25e7699204d7,Jun Wu,68,31.88,3,51.08,Limited,U,TY104927,MINOR,,66.4039,41.4486,2.2160,32.04,18,,3,2,3,,,,
fbadc5a1-4590-4352-89a0-bc6545d9ab2d,GPS USPSA October 2022,2022-10-23,6,Bay 9,6c2d1dd2-2a9d-4c4b-a747-25e7699204d7,"Jeff Maxwell, Jr.",69,31.54,3,53.78,Single Stack,C,L4489,MAJOR,Senior,69.9134,40.9997,2.1920,45.62,14,,9,2,1,,,,
fbadc5a1-4590-4352-89a0-bc6545d9ab2d,GPS USPSA October 2022,2022-10-23,6,Bay 9,6c2d1dd2-2a9d-4c4b-a747-25e7699204d7,Woodward Crowe,70,30.81,33,31.51,Carry Optics,U,0,MINOR,,40.9629,40.0476,2.1411,36.43,16,,5,3,2,,,,
fbadc5a1-4590-4352-89a0-bc6545d9ab2d,GPS USPSA October 2022,2022-10-23,6,Bay 9,6c2d1dd2-2a9d-4c4b-a747-25e7699204d7,Antonio Tormis,71,25.69,34,26.28,Carry Optics,B,A124958,MINOR,,34.1635,33.4001,1.7857,20.16,17,,3,2,4,,,2,
fbadc5a1-4590-4352-89a0-bc6545d9ab2d,GPS USPSA October 2022,2022-10-23,6,Bay 9,6c2d1dd2-2a9d-4c4b-a747-25e7699204d7,George Zhou,72,15.52,35,15.87,Carry Optics,U,0,MINOR,Senior,20.6336,20.1725,1.0785,39.87,16,,4,1,5,,,,
fbadc5a1-4590-4352-89a0-bc6545d9ab2d,GPS USPSA October 2022,2022-10-23,6,Bay 9,6c2d1dd2-2a9d-4c4b-a747-25e7699204d7,Dale Hamm,73,13.54,4,21.69,Limited,C,TY97196,MAJOR,Senior,28.1947,17.5988,0.9409,41.45,17,,3,1,5,,,1,
fbadc5a1-4590-4352-89a0-bc6545d9ab2d,GPS USPSA October 2022,2022-10-23,6,Bay 9,6c2d1dd2-2a9d-4c4b-a747-25e7699204d7,Weldon Nanson,74,0.00,9,0.00,Production,U,0,MINOR,,0.0000,0.0000,0.0000,17.43,1,,,,25,,,14,
fbadc5a1-4590-4352-89a0-bc6545d9ab2d,GPS USPSA October 2022,2022-10-23,6,Bay 9,6c2d1dd2-2a9d-4c4b-a747-25e7699204d7,Virak Meas,75,0.00,5,0.00,Limited,U,0,MINOR,,0.0000,0.0000,0.0000,35.40,10,,3,6,7,,,,
fbadc5a1-4590-4352-89a0-bc6545d9ab2d,GPS USPSA October 2022,2022-10-23,6,Bay 9,6c2d1dd2-2a9d-4c4b-a747-25e7699204d7,Jimmy Roller,76,0.00,36,0.00,Carry Optics,U,A115113,MINOR,Senior,0.0000,0.0000,0.0000,42.65,9,,9,2,6,,,2,
fbadc5a1-4590-4352-89a0-bc6545d9ab2d,GPS USPSA October 2022,2022-10-23,7,Bay 10,8d0e3ea6-e558-4fbf-8ef3-a7b33d913c6a,Bobby Ivester,1,100.00,1,100.00,Open,M,A101336,MAJOR,,120.0000,120.0000,7.6066,15.25,20,,4,,,,,,
fbadc5a1-4590-4352-89a0-bc6545d9ab2d,GPS USPSA October 2022,2022-10-23,7,Bay 10,8d0e3ea6-e558-4fbf-8ef3-a7b33d913c6a,Gil Yolo,2,99.58,2,99.58,Open,M,L5228,MAJOR,,119.4983,119.4983,7.5748,15.05,18,,6,,,,,,
fbadc5a1-4590-4352-89a0-bc6545d9ab2d,GPS USPSA October 2022,2022-10-23,7,Bay 10,8d0e3ea6-e558-4fbf-8ef3-a7b33d913c6a,Zvi Davidoff,3,97.18,3,97.18,Open,X,0,MAJOR,,116.6177,116.6177,7.3922,14.61,16,,6,2,,,,,
fbadc5a1-4590-4352-89a0-bc6545d9ab2d,GPS USPSA October 2022,2022-10-23,7,Bay 10,8d0e3ea6-e558-4fbf-8ef3-a7b33d913c6a,Paul Felker,4,93.01,1,100.00,Carry Optics,M,TY107123,MINOR,,120.0000,111.6168,7.0752,15.83,20,,4,,,,,,
fbadc5a1-4590-4352-89a0-bc6545d9ab2d,GPS USPSA October 2022,2022-10-23,7,Bay 10,8d0e3ea6-e558-4fbf-8ef3-a7b33d913c6a,Duane Mendoza,5,89.78,4,89.78,Open,B,X,MAJOR,,107.7328,107.7328,6.8290,16.84,19,,5,,,,,,
fbadc5a1-4590-4352-89a0-bc6545d9ab2d,GPS USPSA October 2022,2022-10-23,7,Bay 10,8d0e3ea6-e558-4fbf-8ef3-a7b33d913c6a,Santiago Labos,6,87.70,5,87.70,Open,A,A100335,MAJOR,,105.2386,105.2386,6.6709,15.74,13,,9,2,,,,,
fbadc5a1-4590-4352-89a0-bc6545d9ab2d,GPS USPSA October 2022,2022-10-23,7,Bay 10,8d0e3ea6-e558-4fbf-8ef3-a7b33d913c6a,Jim Havens,7,87.43,2,94.00,Carry Optics,G,TY114636,MINOR,Senior,112.7968,104.9168,6.6505,16.54,19,,5,,,,,,
fbadc5a1-4590-4352-89a0-bc6545d9ab2d,GPS USPSA October 2022,2022-10-23,7,Bay 10,8d0e3ea6-e558-4fbf-8ef3-a7b33d913c6a,Mike Junco,8,86.31,3,92.79,Carry Optics,M,TY34819,MINOR,Senior; Law Enforcement,111.3484,103.5695,6.5651,17.06,21,,2,1,,,,,
fbadc5a1-4590-4352-89a0-bc6545d9ab2d,GPS USPSA October 2022,2022-10-23,7,Bay 10,8d0e3ea6-e558-4fbf-8ef3-a7b33d913c6a,Justin Corona,9,86.03,6,86.03,Open,B,L4452,MAJOR,,103.2319,103.2319,6.5437,16.81,16,,7,1,,,,,
fbadc5a1-4590-4352-89a0-bc6545d9ab2d,GPS USPSA October 2022,2022-10-23,7,Bay 10,8d0e3ea6-e558-4fbf-8ef3-a7b33d913c6a,Wade Pruetz,10,84.87,7,84.87,Open,A,TY79055,MAJOR,Senior,101.8389,101.8389,6.4554,17.04,16,,7,1,,,,,
fbadc5a1-4590-4352-89a0-bc6545d9ab2d,GPS USPSA October 2022,2022-10-23,7,Bay 10,8d0e3ea6-e558-4fbf-8ef3-a7b33d913c6a,Jorge Cahas,11,83.12,8,83.12,Open,B,F-44522,MAJOR,Senior,99.7471,99.7471,6.3228,18.03,18,,6,,,,,,
fbadc5a1-4590-4352-89a0-bc6545d9ab2d,GPS USPSA October 2022,2022-10-23,7,Bay 10,8d0e3ea6-e558-4fbf-8ef3-a7b33d913c6a,Roman Gwiscz,12,82.52,4,88.71,Carry Optics,A,l4670,MINOR,,106.4552,99.0182,6.2766,18.80,23,,1,,,,,,
fbadc5a1-4590-4352-89a0-bc6545d9ab2d,GPS USPSA October 2022,2022-10-23,7,Bay 10,8d0e3ea6-e558-4fbf-8ef3-a7b33d913c6a,Jing Bedro,13,82.17,1,100.00,PCC,B,A98263,MINOR,,120.0000,98.5986,6.2500,16.64,16,,8,,,,,,
fbadc5a1-4590-4352-89a0-bc6545d9ab2d,GPS USPSA October 2022,2022-10-23,7,Bay 10,8d0e3ea6-e558-4fbf-8ef3-a7b33d913c6a,Andrew Whitley,14,82.03,9,82.03,Open,A,TY106649,MAJOR,,98.4345,98.4345,6.2396,17.95,16,,8,,,,,,
fbadc5a1-4590-4352-89a0-bc6545d9ab2d,GPS USPSA October 2022,2022-10-23,7,Bay 10,8d0e3ea6-e558-4fbf-8ef3-a7b33d913c6a,Brandon Foss,15,80.43,5,86.47,Carry Optics,M,L5142,MINOR,Military,103.7636,96.5146,6.1179,17.98,19,,5,,,,,,
fbadc5a1-4590-4352-89a0-bc6545d9ab2d,GPS USPSA October 2022,2022-10-23,7,Bay 10,8d0e3ea6-e558-4fbf-8ef3-a7b33d913c6a,Chev Jacot,16,80.42,10,80.42,Open,B,TY72378,MAJOR,,96.4988,96.4988,6.1169,18.31,16,,8,,,,,,
fbadc5a1-4590-4352-89a0-bc6545d9ab2d,GPS USPSA October 2022,2022-10-23,7,Bay 10,8d0e3ea6-e558-4fbf-8ef3-a7b33d913c6a,CHAN WILLIAM,17,80.09,11,80.09,Open,U,0,MINOR,,96.1123,96.1123,6.0924,19.04,22,,2,,,,,,
fbadc5a1-4590-4352-89a0-bc6545d9ab2d,GPS USPSA October 2022,2022-10-23,7,Bay 10,8d0e3ea6-e558-4fbf-8ef3-a7b33d913c6a,Mike Kahl,18,79.77,6,85.76,Carry Optics,B,TY70984,MINOR,Super Senior,102.9088,95.7195,6.0675,17.47,18,,5,1,,,,,
fbadc5a1-4590-4352-89a0-bc6545d9ab2d,GPS USPSA October 2022,2022-10-23,7,Bay 10,8d0e3ea6-e558-4fbf-8ef3-a7b33d913c6a,Edwin Garcia,19,79.37,7,85.33,Carry Optics,U,Ty38396,MINOR,,102.3999,95.2462,6.0375,14.41,16,,5,2,1,,,,
fbadc5a1-4590-4352-89a0-bc6545d9ab2d,GPS USPSA October 2022,2022-10-23,7,Bay 10,8d0e3ea6-e558-4fbf-8ef3-a7b33d913c6a,Kim Ivester,20,77.29,12,77.29,Open,B,L4935,MAJOR,Lady,92.7505,92.7505,5.8793,19.22,19,,4,1,,,,,
fbadc5a1-4590-4352-89a0-bc6545d9ab2d,GPS USPSA October 2022,2022-10-23,7,Bay 10,8d0e3ea6-e558-4fbf-8ef3-a7b33d913c6a,Zachary Ralston,21,76.33,8,82.06,Carry Optics,B,A123081,MINOR,,98.4701,91.5910,5.8058,19.98,22,,2,,,,,,
fbadc5a1-4590-4352-89a0-bc6545d9ab2d,GPS USPSA October 2022,2022-10-23,7,Bay 10,8d0e3ea6-e558-4fbf-8ef3-a7b33d913c6a,Rommel Mercado,22,75.92,1,100.00,Limited,B,Ty70687,MAJOR,Foreign,120.0000,91.1067,5.7751,19.74,18,,6,,,,,,
fbadc5a1-4590-4352-89a0-bc6545d9ab2d,GPS USPSA October 2022,2022-10-23,7,Bay 10,8d0e3ea6-e558-4fbf-8ef3-a7b33d913c6a,Kevin Bunurai,23,75.57,9,81.25,Carry Optics,M,TY105111,MINOR,,97.5000,90.6886,5.7486,15.83,16,,7,,1,,,,
fbadc5a1-4590-4352-89a0-bc6545d9ab2d,GPS USPSA October 2022,2022-10-23,7,Bay 10,8d0e3ea6-e558-4fbf-8ef3-a7b33d913c6a,Matthew Gonzalez,24,73.16,10,78.66,Carry Optics,B,A119810,MINOR,,94.3860,87.7922,5.5650,17.61,13,,11,,,,,,
fbadc5a1-4590-4352-89a0-bc6545d9ab2d,GPS USPSA October 2022,2022-10-23,7,Bay 10,8d0e3ea6-e558-4fbf-8ef3-a7b33d913c6a,Marc Demeza,25,72.77,11,78.23,Carry Optics,U,TY142892,MINOR,,93.8806,87.3221,5.5352,19.15,17,,7,,,,,,
fbadc5a1-4590-4352-89a0-bc6545d9ab2d,GPS USPSA October 2022,2022-10-23,7,Bay 10,8d0e3ea6-e558-4fbf-8ef3-a7b33d913c6a,Ridong Wen,26,72.23,12,77.66,Carry Optics,B,A99651,MINOR,,93.1903,86.6800,5.4945,20.02,19,,5,,,,,,
fbadc5a1-4590-4352-89a0-bc6545d9ab2d,GPS USPSA October 2022,2022-10-23,7,Bay 10,8d0e3ea6-e558-4fbf-8ef3-a7b33d913c6a,Devin Yolo,27,72.15,13,77.57,Carry Optics,B,A112987,MINOR,,93.0818,86.5790,5.4881,18.95,17,,6,1,,,,,
fbadc5a1-4590-4352-89a0-bc6545d9ab2d,GPS USPSA October 2022,2022-10-23,7,Bay 10,8d0e3ea6-e558-4fbf-8ef3-a7b33d913c6a,Doug Dillon,28,71.50,14,76.87,Carry Optics,B,A71359,MINOR,Law Enforcement,92.2473,85.8029,5.4389,20.96,21,,3,,,,,,
fbadc5a1-4590-4352-89a0-bc6545d9ab2d,GPS USPSA October 2022,2022-10-23,7,Bay 10,8d0e3ea6-e558-4fbf-8ef3-a7b33d913c6a,Janice Pacleb,29,70.32,13,70.32,Open,B,Ty75597,MAJOR,Lady,84.3783,84.3783,5.3486,20.94,18,,5,1,,,,,
fbadc5a1-4590-4352-89a0-bc6545d9ab2d,GPS USPSA October 2022,2022-10-23,7,Bay 10,8d0e3ea6-e558-4fbf-8ef3-a7b33d913c6a,John Brunkhorst,30,70.17,15,75.44,Carry Optics,B,A116144,MINOR,,90.5258,84.2016,5.3374,19.86,17,,7,,,,,,
fbadc5a1-4590-4352-89a0-bc6545d9ab2d,GPS USPSA October 2022,2022-10-23,7,Bay 10,8d0e3ea6-e558-4fbf-8ef3-a7b33d913c6a,Mike Benitez,31,70.15,16,75.42,Carry Optics,U,A98298,MINOR,,90.5020,84.1795,5.3360,20.24,18,,6,,,,,,
fbadc5a1-4590-4352-89a0-bc6545d9ab2d,GPS USPSA October 2022,2022-10-23,7,Bay 10,8d0e3ea6-e558-4fbf-8ef3-a7b33d913c6a,Khoa Nguyen,32,68.51,17,73.66,Carry Optics,M,A117224,MINOR,Law Enforcement,88.3870,82.2123,5.2113,17.27,11,,11,2,,,,,
fbadc5a1-4590-4352-89a0-bc6545d9ab2d,GPS USPSA October 2022,2022-10-23,7,Bay 10,8d0e3ea6-e558-4fbf-8ef3-a7b33d913c6a,Matt Lem,33,67.76,1,100.00,Production,M,FY34763,MINOR,,120.0000,81.3178,5.1546,21.34,19,,5,,,,,,
fbadc5a1-4590-4352-89a0-bc6545d9ab2d,GPS USPSA October 2022,2022-10-23,7,Bay 10,8d0e3ea6-e558-4fbf-8ef3-a7b33d913c6a,John Week,34,67.07,14,67.07,Open,X,x,MAJOR,,80.4801,80.4801,5.1015,19.21,16,,7,,1,,,,
fbadc5a1-4590-4352-89a0-bc6545d9ab2d,GPS USPSA October 2022,2022-10-23,7,Bay 10,8d0e3ea6-e558-4fbf-8ef3-a7b33d913c6a,NeaL NaNDiN,35,66.62,18,71.62,Carry Optics,U,fy71894,MINOR,,85.9498,79.9453,5.0676,23.68,24,,,,,,,,
fbadc5a1-4590-4352-89a0-bc6545d9ab2d,GPS USPSA October 2022,2022-10-23,7,Bay 10,8d0e3ea6-e558-4fbf-8ef3-a7b33d913c6a,Gary Wu,36,66.52,2,98.16,Production,B,L2998,MINOR,Senior,117.7930,79.8223,5.0598,21.74,19,,5,,,,,,
fbadc5a1-4590-4352-89a0-bc6545d9ab2d,GPS USPSA October 2022,2022-10-23,7,Bay 10,8d0e3ea6-e558-4fbf-8ef3-a7b33d913c6a,Matthew Michna,37,66.06,19,71.02,Carry Optics,A,A128405,MINOR,,85.2290,79.2748,5.0251,19.90,19,,5,,,,1,,
fbadc5a1-4590-4352-89a0-bc6545d9ab2d,GPS USPSA October 2022,2022-10-23,7,Bay 10,8d0e3ea6-e558-4fbf-8ef3-a7b33d913c6a,Travis McKenzie,38,65.67,20,70.60,Carry Optics,A,TY139201,MINOR,,84.7218,78.8031,4.9952,20.82,17,,6,1,,,,,
fbadc5a1-4590-4352-89a0-bc6545d9ab2d,GPS USPSA October 2022,2022-10-23,7,Bay 10,8d0e3ea6-e558-4fbf-8ef3-a7b33d913c6a,Yves Perret,39,65.61,3,96.82,Production,A,TY123776,MINOR,,116.1821,78.7306,4.9906,21.24,17,,7,,,,,,
fbadc5a1-4590-4352-89a0-bc6545d9ab2d,GPS USPSA October 2022,2022-10-23,7,Bay 10,8d0e3ea6-e558-4fbf-8ef3-a7b33d913c6a,Henry Wong,40,64.04,2,77.93,PCC,U,0,MINOR,,93.5213,76.8422,4.8709,20.53,16,,6,2,,,,,
fbadc5a1-4590-4352-89a0-bc6545d9ab2d,GPS USPSA October 2022,2022-10-23,7,Bay 10,8d0e3ea6-e558-4fbf-8ef3-a7b33d913c6a,Marlon Poralan,41,63.76,15,63.76,Open,D,Ty76330,MAJOR,Law Enforcement,76.5078,76.5078,4.8497,20.62,20,,2,1,1,,,,
fbadc5a1-4590-4352-89a0-bc6545d9ab2d,GPS USPSA October 2022,2022-10-23,7,Bay 10,8d0e3ea6-e558-4fbf-8ef3-a7b33d913c6a,Hunter Tisher,42,63.50,16,63.50,Open,U,A142529,MINOR,,76.1986,76.1986,4.8301,22.36,18,,6,,,,,,
fbadc5a1-4590-4352-89a0-bc6545d9ab2d,GPS USPSA October 2022,2022-10-23,7,Bay 10,8d0e3ea6-e558-4fbf-8ef3-a7b33d913c6a,Sobe Mehkri,43,62.71,17,62.71,Open,U,A135105,MINOR,,75.2504,75.2504,4.7700,23.48,20,,4,,,,,,
fbadc5a1-4590-4352-89a0-bc6545d9ab2d,GPS USPSA October 2022,2022-10-23,7,Bay 10,8d0e3ea6-e558-4fbf-8ef3-a7b33d913c6a,Hugh Fullerton,44,62.36,21,67.04,Carry Optics,U,A140572,MINOR,,80.4461,74.8261,4.7431,22.77,18,,6,,,,,,
fbadc5a1-4590-4352-89a0-bc6545d9ab2d,GPS USPSA October 2022,2022-10-23,7,Bay 10,8d0e3ea6-e558-4fbf-8ef3-a7b33d913c6a,Edsel Esquivel,45,61.15,22,65.74,Carry Optics,D,0,MINOR,,78.8874,73.3763,4.6512,21.07,16,,5,3,,,,,
fbadc5a1-4590-4352-89a0-bc6545d9ab2d,GPS USPSA October 2022,2022-10-23,7,Bay 10,8d0e3ea6-e558-4fbf-8ef3-a7b33d913c6a,Eric Mccampbell,46,59.44,2,78.29,Limited,B,A14332,MAJOR,Senior,93.9537,71.3317,4.5216,24.77,16,,8,,,,,,
fbadc5a1-4590-4352-89a0-bc6545d9ab2d,GPS USPSA October 2022,2022-10-23,7,Bay 10,8d0e3ea6-e558-4fbf-8ef3-a7b33d913c6a,Norman Oducado,47,59.26,4,87.44,Production,C,A103491,MINOR,,104.9307,71.1061,4.5073,22.63,17,,5,2,,,,,
fbadc5a1-4590-4352-89a0-bc6545d9ab2d,GPS USPSA October 2022,2022-10-23,7,Bay 10,8d0e3ea6-e558-4fbf-8ef3-a7b33d913c6a,Manny Nerona,48,59.16,5,87.30,Production,B,A69445,MINOR,,104.7608,70.9910,4.5000,24.00,19,,4,1,,,,,
fbadc5a1-4590-4352-89a0-bc6545d9ab2d,GPS USPSA October 2022,2022-10-23,7,Bay 10,8d0e3ea6-e558-4fbf-8ef3-a7b33d913c6a,Antonio Tormis,49,58.96,23,63.39,Carry Optics,B,A124958,MINOR,,76.0685,70.7543,4.4850,20.29,17,,5,1,1,,,,
fbadc5a1-4590-4352-89a0-bc6545d9ab2d,GPS USPSA October 2022,2022-10-23,7,Bay 10,8d0e3ea6-e558-4fbf-8ef3-a7b33d913c6a,Gennady Khokhorin,50,58.52,6,86.36,Production,C,A123884,MINOR,Super Senior,103.6317,70.2259,4.4515,25.16,20,,4,,,,,,
fbadc5a1-4590-4352-89a0-bc6545d9ab2d,GPS USPSA October 2022,2022-10-23,7,Bay 10,8d0e3ea6-e558-4fbf-8ef3-a7b33d913c6a,Jonathan Backof,51,56.86,24,61.13,Carry Optics,U,L5308,MINOR,,73.3582,68.2334,4.3252,24.97,18,,6,,,,,,
fbadc5a1-4590-4352-89a0-bc6545d9ab2d,GPS USPSA October 2022,2022-10-23,7,Bay 10,8d0e3ea6-e558-4fbf-8ef3-a7b33d913c6a,Ryan Schaer,52,55.96,7,82.58,Production,U,A115105,MINOR,,99.1014,67.1559,4.2569,26.31,20,,4,,,,,,
fbadc5a1-4590-4352-89a0-bc6545d9ab2d,GPS USPSA October 2022,2022-10-23,7,Bay 10,8d0e3ea6-e558-4fbf-8ef3-a7b33d913c6a,Doug Joder,53,55.75,3,67.84,PCC,B,A115020,MINOR,,81.4138,66.8940,4.2403,25.47,19,,4,1,,,,,
fbadc5a1-4590-4352-89a0-bc6545d9ab2d,GPS USPSA October 2022,2022-10-23,7,Bay 10,8d0e3ea6-e558-4fbf-8ef3-a7b33d913c6a,Robbie Boettcher,54,55.69,25,59.87,Carry Optics,C,A139912,MINOR,,71.8419,66.8230,4.2358,28.33,24,,,,,,,,
fbadc5a1-4590-4352-89a0-bc6545d9ab2d,GPS USPSA October 2022,2022-10-23,7,Bay 10,8d0e3ea6-e558-4fbf-8ef3-a7b33d913c6a,Jun Wu,55,52.93,3,69.71,Limited,U,TY104927,MINOR,,83.6515,63.5101,4.0258,24.84,17,,4,3,,,,,
fbadc5a1-4590-4352-89a0-bc6545d9ab2d,GPS USPSA October 2022,2022-10-23,7,Bay 10,8d0e3ea6-e558-4fbf-8ef3-a7b33d913c6a,Mark Hopmann,56,52.82,4,64.29,PCC,C,TY134553,MINOR,Super Senior,77.1437,63.3855,4.0179,24.64,20,,3,,1,,,,
fbadc5a1-4590-4352-89a0-bc6545d9ab2d,GPS USPSA October 2022,2022-10-23,7,Bay 10,8d0e3ea6-e558-4fbf-8ef3-a7b33d913c6a,Sheng Onia,57,52.07,26,55.98,Carry Optics,U,0,MINOR,Senior,67.1710,62.4784,3.9604,17.17,12,,9,1,2,,,,
fbadc5a1-4590-4352-89a0-bc6545d9ab2d,GPS USPSA October 2022,2022-10-23,7,Bay 10,8d0e3ea6-e558-4fbf-8ef3-a7b33d913c6a,Monie Perry,58,51.09,18,51.09,Open,U,0,MINOR,,61.3094,61.3094,3.8863,27.79,18,,6,,,,,,
fbadc5a1-4590-4352-89a0-bc6545d9ab2d,GPS USPSA October 2022,2022-10-23,7,Bay 10,8d0e3ea6-e558-4fbf-8ef3-a7b33d913c6a,Michael Pontious,59,49.16,27,52.85,Carry Optics,B,fy94575,MINOR,Senior,63.4244,58.9935,3.7395,23.80,16,,6,1,1,,,,
fbadc5a1-4590-4352-89a0-bc6545d9ab2d,GPS USPSA October 2022,2022-10-23,7,Bay 10,8d0e3ea6-e558-4fbf-8ef3-a7b33d913c6a,Taylor Latham,60,47.39,1,100.00,Single Stack,B,TY39841,MAJOR,Senior,120.0000,56.8732,3.6051,29.68,17,,4,3,,,,,
fbadc5a1-4590-4352-89a0-bc6545d9ab2d,GPS USPSA October 2022,2022-10-23,7,Bay 10,8d0e3ea6-e558-4fbf-8ef3-a7b33d913c6a,George Byrd,61,46.97,19,46.97,Open,C,A84906,MAJOR,Super Senior,56.3590,56.3590,3.5725,32.75,21,,3,,,,,,
fbadc5a1-4590-4352-89a0-bc6545d9ab2d,GPS USPSA October 2022,2022-10-23,7,Bay 10,8d0e3ea6-e558-4fbf-8ef3-a7b33d913c6a,John Hanna,62,46.75,28,50.26,Carry Optics,D,A138989,MINOR,Senior,60.3104,56.0971,3.5559,29.81,17,,7,,,,,,
fbadc5a1-4590-4352-89a0-bc6545d9ab2d,GPS USPSA October 2022,2022-10-23,7,Bay 10,8d0e3ea6-e558-4fbf-8ef3-a7b33d913c6a,Jason Essazay,63,45.82,29,49.26,Carry Optics,U,A145552,MINOR,,59.1113,54.9817,3.4852,32.71,21,,3,,,,,,
fbadc5a1-4590-4352-89a0-bc6545d9ab2d,GPS USPSA October 2022,2022-10-23,7,Bay 10,8d0e3ea6-e558-4fbf-8ef3-a7b33d913c6a,Woodward Crowe,64,44.01,30,47.32,Carry Optics,U,0,MINOR,,56.7843,52.8173,3.3480,34.05,21,,3,,,,,,
fbadc5a1-4590-4352-89a0-bc6545d9ab2d,GPS USPSA October 2022,2022-10-23,7,Bay 10,8d0e3ea6-e558-4fbf-8ef3-a7b33d913c6a,Page Brunkhorst,65,43.20,31,46.44,Carry Optics,D,L4903,MINOR,Senior,55.7310,51.8376,3.2859,27.39,19,,5,,,,2,,
fbadc5a1-4590-4352-89a0-bc6545d9ab2d,GPS USPSA October 2022,2022-10-23,7,Bay 10,8d0e3ea6-e558-4fbf-8ef3-a7b33d913c6a,JR Roberts,66,43.10,2,90.95,Single Stack,D,TY102739,MAJOR,,109.1354,51.7240,3.2787,35.99,22,,2,,,,,,
fbadc5a1-4590-4352-89a0-bc6545d9ab2d,GPS USPSA October 2022,2022-10-23,7,Bay 10,8d0e3ea6-e558-4fbf-8ef3-a7b33d913c6a,Dale Hamm,67,41.77,4,55.02,Limited,C,TY97196,MAJOR,Senior,66.0207,50.1244,3.1773,35.25,16,,8,,,,,,
fbadc5a1-4590-4352-89a0-bc6545d9ab2d,GPS USPSA October 2022,2022-10-23,7,Bay 10,8d0e3ea6-e558-4fbf-8ef3-a7b33d913c6a,Drew Yang,68,40.71,8,60.08,Production,C,FY138478,MINOR,,72.0987,48.8576,3.0970,26.80,17,,6,,1,,1,,
fbadc5a1-4590-4352-89a0-bc6545d9ab2d,GPS USPSA October 2022,2022-10-23,7,Bay 10,8d0e3ea6-e558-4fbf-8ef3-a7b33d913c6a,Kai Li,69,38.30,32,41.18,Carry Optics,U,A142725,MINOR,,49.4132,45.9611,2.9134,37.07,19,,4,1,,,,,
fbadc5a1-4590-4352-89a0-bc6545d9ab2d,GPS USPSA October 2022,2022-10-23,7,Bay 10,8d0e3ea6-e558-4fbf-8ef3-a7b33d913c6a,Kelly Kennedy,70,35.88,33,38.58,Carry Optics,U,A138768,MINOR,Senior,46.2924,43.0584,2.7294,42.50,22,,2,,,,,,
fbadc5a1-4590-4352-89a0-bc6545d9ab2d,GPS USPSA October 2022,2022-10-23,7,Bay 10,8d0e3ea6-e558-4fbf-8ef3-a7b33d913c6a,"Jeff Maxwell, Jr.",71,33.74,3,71.19,Single Stack,C,L4489,MAJOR,Senior,85.4290,40.4885,2.5665,31.56,15,,6,1,2,,,,
fbadc5a1-4590-4352-89a0-bc6545d9ab2d,GPS USPSA October 2022,2022-10-23,7,Bay 10,8d0e3ea6-e558-4fbf-8ef3-a7b33d913c6a,George Zhou,72,32.22,34,34.64,Carry Optics,U,0,MINOR,Senior,41.5621,38.6585,2.4505,29.79,14,,7,2,1,,1,,
fbadc5a1-4590-4352-89a0-bc6545d9ab2d,GPS USPSA October 2022,2022-10-23,7,Bay 10,8d0e3ea6-e558-4fbf-8ef3-a7b33d913c6a,Weldon Nanson,73,28.80,9,42.50,Production,U,0,MINOR,,50.9952,34.5568,2.1905,30.13,12,,8,2,2,,,,
fbadc5a1-4590-4352-89a0-bc6545d9ab2d,GPS USPSA October 2022,2022-10-23,7,Bay 10,8d0e3ea6-e558-4fbf-8ef3-a7b33d913c6a,Luke Rogers,74,28.61,35,30.76,Carry Optics,B,A133534,MINOR,,36.9149,34.3360,2.1765,42.73,17,,6,,1,,,,
fbadc5a1-4590-4352-89a0-bc6545d9ab2d,GPS USPSA October 2022,2022-10-23,7,Bay 10,8d0e3ea6-e558-4fbf-8ef3-a7b33d913c6a,Virak Meas,75,25.09,5,33.05,Limited,U,0,MINOR,,39.6606,30.1112,1.9087,36.15,11,,6,6,1,,,,
fbadc5a1-4590-4352-89a0-bc6545d9ab2d,GPS USPSA October 2022,2022-10-23,7,Bay 10,8d0e3ea6-e558-4fbf-8ef3-a7b33d913c6a,Jimmy Roller,76,0.00,36,0.00,Carry Optics,U,A115113,MINOR,Senior,0.0000,0.0000,0.0000,58.30,7,,9,3,5,,3,,
